card_id	deck	kind	source_chapter	prompt_language	answer_language	prompt	accepted_answers	distractors	explanation	lexical_ids	grammar_ids	geographic_ids	provenance_path	provenance_locator	provenance_evidence	examples	tags
zh-traditional-radicals-frequency-xvi/3001/character-to-radical	XVI	vocabulary	3001	zh-Hant	zh-Hant	氾	"[""水""]"	[]		"[""zh-Hant.frequency.3042"",""zh.radical.kangxi.085""]"	[]	[]	sources/characters.tsv	frequency-order position 3001; corpus frequency rank 3042; Ministry common-character number 2128	氾: frequency-order position 3001; corpus frequency rank 3042; 13 appearances (0.00107%); Unihan kRSUnicode 85.2; Kangxi radical 85 水; Unihan kRSUnicode single radical assignment.	[]	"[""chinese"",""traditional"",""radicals"",""frequency"",""character-to-radical"",""one-way"",""part-16""]"
zh-traditional-radicals-frequency-xvi/3002/character-to-radical	XVI	vocabulary	3002	zh-Hant	zh-Hant	茁	"[""艸""]"	[]		"[""zh-Hant.frequency.3043"",""zh.radical.kangxi.140""]"	[]	[]	sources/characters.tsv	frequency-order position 3002; corpus frequency rank 3043; Ministry common-character number 3456	茁: frequency-order position 3002; corpus frequency rank 3043; 13 appearances (0.00107%); Unihan kRSUnicode 140.5; Kangxi radical 140 艸; Unihan kRSUnicode single radical assignment.	[]	"[""chinese"",""traditional"",""radicals"",""frequency"",""character-to-radical"",""one-way"",""part-16""]"
zh-traditional-radicals-frequency-xvi/3003/character-to-radical	XVI	vocabulary	3003	zh-Hant	zh-Hant	苑	"[""艸""]"	[]		"[""zh-Hant.frequency.3044"",""zh.radical.kangxi.140""]"	[]	[]	sources/characters.tsv	frequency-order position 3003; corpus frequency rank 3044; Ministry common-character number 3459	苑: frequency-order position 3003; corpus frequency rank 3044; 13 appearances (0.00107%); Unihan kRSUnicode 140.5; Kangxi radical 140 艸; Unihan kRSUnicode single radical assignment.	[]	"[""chinese"",""traditional"",""radicals"",""frequency"",""character-to-radical"",""one-way"",""part-16""]"
zh-traditional-radicals-frequency-xvi/3004/character-to-radical	XVI	vocabulary	3004	zh-Hant	zh-Hant	冥	"[""冖""]"	[]		"[""zh-Hant.frequency.3045"",""zh.radical.kangxi.014""]"	[]	[]	sources/characters.tsv	frequency-order position 3004; corpus frequency rank 3045; Ministry common-character number 306	冥: frequency-order position 3004; corpus frequency rank 3045; 13 appearances (0.00107%); Unihan kRSUnicode 14.8; Kangxi radical 14 冖; Unihan kRSUnicode single radical assignment.	[]	"[""chinese"",""traditional"",""radicals"",""frequency"",""character-to-radical"",""one-way"",""part-16""]"
zh-traditional-radicals-frequency-xvi/3005/character-to-radical	XVI	vocabulary	3005	zh-Hant	zh-Hant	眩	"[""目""]"	[]		"[""zh-Hant.frequency.3046"",""zh.radical.kangxi.109""]"	[]	[]	sources/characters.tsv	frequency-order position 3005; corpus frequency rank 3046; Ministry common-character number 2767	眩: frequency-order position 3005; corpus frequency rank 3046; 13 appearances (0.00107%); Unihan kRSUnicode 109.5; Kangxi radical 109 目; Unihan kRSUnicode single radical assignment.	[]	"[""chinese"",""traditional"",""radicals"",""frequency"",""character-to-radical"",""one-way"",""part-16""]"
zh-traditional-radicals-frequency-xvi/3006/character-to-radical	XVI	vocabulary	3006	zh-Hant	zh-Hant	畚	"[""田""]"	[]		"[""zh-Hant.frequency.3047"",""zh.radical.kangxi.102""]"	[]	[]	sources/characters.tsv	frequency-order position 3006; corpus frequency rank 3047; Ministry common-character number 2644	畚: frequency-order position 3006; corpus frequency rank 3047; 13 appearances (0.00107%); Unihan kRSUnicode 102.5; Kangxi radical 102 田; Unihan kRSUnicode single radical assignment.	[]	"[""chinese"",""traditional"",""radicals"",""frequency"",""character-to-radical"",""one-way"",""part-16""]"
zh-traditional-radicals-frequency-xvi/3007/character-to-radical	XVI	vocabulary	3007	zh-Hant	zh-Hant	捏	"[""手""]"	[]		"[""zh-Hant.frequency.3048"",""zh.radical.kangxi.064""]"	[]	[]	sources/characters.tsv	frequency-order position 3007; corpus frequency rank 3048; Ministry common-character number 1578	捏: frequency-order position 3007; corpus frequency rank 3048; 13 appearances (0.00107%); Unihan kRSUnicode 64.7; Kangxi radical 64 手; Unihan kRSUnicode single radical assignment.	[]	"[""chinese"",""traditional"",""radicals"",""frequency"",""character-to-radical"",""one-way"",""part-16""]"
zh-traditional-radicals-frequency-xvi/3008/character-to-radical	XVI	vocabulary	3008	zh-Hant	zh-Hant	隧	"[""阜""]"	[]		"[""zh-Hant.frequency.3049"",""zh.radical.kangxi.170""]"	[]	[]	sources/characters.tsv	frequency-order position 3008; corpus frequency rank 3049; Ministry common-character number 4443	隧: frequency-order position 3008; corpus frequency rank 3049; 13 appearances (0.00107%); Unihan kRSUnicode 170.13; Kangxi radical 170 阜; Unihan kRSUnicode single radical assignment.	[]	"[""chinese"",""traditional"",""radicals"",""frequency"",""character-to-radical"",""one-way"",""part-16""]"
zh-traditional-radicals-frequency-xvi/3009/character-to-radical	XVI	vocabulary	3009	zh-Hant	zh-Hant	糜	"[""米""]"	[]		"[""zh-Hant.frequency.3050"",""zh.radical.kangxi.119""]"	[]	[]	sources/characters.tsv	frequency-order position 3009; corpus frequency rank 3050; Ministry common-character number 3072	糜: frequency-order position 3009; corpus frequency rank 3050; 13 appearances (0.00107%); Unihan kRSUnicode 119.11; Kangxi radical 119 米; Unihan kRSUnicode single radical assignment.	[]	"[""chinese"",""traditional"",""radicals"",""frequency"",""character-to-radical"",""one-way"",""part-16""]"
zh-traditional-radicals-frequency-xvi/3010/character-to-radical	XVI	vocabulary	3010	zh-Hant	zh-Hant	彬	"[""彡""]"	[]		"[""zh-Hant.frequency.3051"",""zh.radical.kangxi.059""]"	[]	[]	sources/characters.tsv	frequency-order position 3010; corpus frequency rank 3051; Ministry common-character number 1270	彬: frequency-order position 3010; corpus frequency rank 3051; 13 appearances (0.00107%); Unihan kRSUnicode 59.8; Kangxi radical 59 彡; Unihan kRSUnicode single radical assignment.	[]	"[""chinese"",""traditional"",""radicals"",""frequency"",""character-to-radical"",""one-way"",""part-16""]"
zh-traditional-radicals-frequency-xvi/3011/character-to-radical	XVI	vocabulary	3011	zh-Hant	zh-Hant	錘	"[""金""]"	[]		"[""zh-Hant.frequency.3052"",""zh.radical.kangxi.167""]"	[]	[]	sources/characters.tsv	frequency-order position 3011; corpus frequency rank 3052; Ministry common-character number 4325	錘: frequency-order position 3011; corpus frequency rank 3052; 13 appearances (0.00107%); Unihan kRSUnicode 167.8; Kangxi radical 167 金; Unihan kRSUnicode single radical assignment.	[]	"[""chinese"",""traditional"",""radicals"",""frequency"",""character-to-radical"",""one-way"",""part-16""]"
zh-traditional-radicals-frequency-xvi/3012/character-to-radical	XVI	vocabulary	3012	zh-Hant	zh-Hant	徙	"[""彳""]"	[]		"[""zh-Hant.frequency.3053"",""zh.radical.kangxi.060""]"	[]	[]	sources/characters.tsv	frequency-order position 3012; corpus frequency rank 3053; Ministry common-character number 1292	徙: frequency-order position 3012; corpus frequency rank 3053; 13 appearances (0.00107%); Unihan kRSUnicode 60.8; Kangxi radical 60 彳; Unihan kRSUnicode single radical assignment.	[]	"[""chinese"",""traditional"",""radicals"",""frequency"",""character-to-radical"",""one-way"",""part-16""]"
zh-traditional-radicals-frequency-xvi/3013/character-to-radical	XVI	vocabulary	3013	zh-Hant	zh-Hant	癌	"[""疒""]"	[]		"[""zh-Hant.frequency.3054"",""zh.radical.kangxi.104""]"	[]	[]	sources/characters.tsv	frequency-order position 3013; corpus frequency rank 3054; Ministry common-character number 2707	癌: frequency-order position 3013; corpus frequency rank 3054; 13 appearances (0.00107%); Unihan kRSUnicode 104.12; Kangxi radical 104 疒; Unihan kRSUnicode single radical assignment.	[]	"[""chinese"",""traditional"",""radicals"",""frequency"",""character-to-radical"",""one-way"",""part-16""]"
zh-traditional-radicals-frequency-xvi/3014/character-to-radical	XVI	vocabulary	3014	zh-Hant	zh-Hant	琵	"[""玉""]"	[]		"[""zh-Hant.frequency.3055"",""zh.radical.kangxi.096""]"	[]	[]	sources/characters.tsv	frequency-order position 3014; corpus frequency rank 3055; Ministry common-character number 2581	琵: frequency-order position 3014; corpus frequency rank 3055; 13 appearances (0.00107%); Unihan kRSUnicode 96.8; Kangxi radical 96 玉; Unihan kRSUnicode single radical assignment.	[]	"[""chinese"",""traditional"",""radicals"",""frequency"",""character-to-radical"",""one-way"",""part-16""]"
zh-traditional-radicals-frequency-xvi/3015/character-to-radical	XVI	vocabulary	3015	zh-Hant	zh-Hant	檬	"[""木""]"	[]		"[""zh-Hant.frequency.3056"",""zh.radical.kangxi.075""]"	[]	[]	sources/characters.tsv	frequency-order position 3015; corpus frequency rank 3056; Ministry common-character number 2039	檬: frequency-order position 3015; corpus frequency rank 3056; 13 appearances (0.00107%); Unihan kRSUnicode 75.14; Kangxi radical 75 木; Unihan kRSUnicode single radical assignment.	[]	"[""chinese"",""traditional"",""radicals"",""frequency"",""character-to-radical"",""one-way"",""part-16""]"
zh-traditional-radicals-frequency-xvi/3016/character-to-radical	XVI	vocabulary	3016	zh-Hant	zh-Hant	鈣	"[""金""]"	[]		"[""zh-Hant.frequency.3057"",""zh.radical.kangxi.167""]"	[]	[]	sources/characters.tsv	frequency-order position 3016; corpus frequency rank 3057; Ministry common-character number 4271	鈣: frequency-order position 3016; corpus frequency rank 3057; 13 appearances (0.00107%); Unihan kRSUnicode 167.4; Kangxi radical 167 金; Unihan kRSUnicode single radical assignment.	[]	"[""chinese"",""traditional"",""radicals"",""frequency"",""character-to-radical"",""one-way"",""part-16""]"
zh-traditional-radicals-frequency-xvi/3017/character-to-radical	XVI	vocabulary	3017	zh-Hant	zh-Hant	橇	"[""木""]"	[]		"[""zh-Hant.frequency.3058"",""zh.radical.kangxi.075""]"	[]	[]	sources/characters.tsv	frequency-order position 3017; corpus frequency rank 3058; Ministry common-character number 2029	橇: frequency-order position 3017; corpus frequency rank 3058; 13 appearances (0.00107%); Unihan kRSUnicode 75.12; Kangxi radical 75 木; Unihan kRSUnicode single radical assignment.	[]	"[""chinese"",""traditional"",""radicals"",""frequency"",""character-to-radical"",""one-way"",""part-16""]"
zh-traditional-radicals-frequency-xvi/3018/character-to-radical	XVI	vocabulary	3018	zh-Hant	zh-Hant	蜀	"[""虫""]"	[]		"[""zh-Hant.frequency.3059"",""zh.radical.kangxi.142""]"	[]	[]	sources/characters.tsv	frequency-order position 3018; corpus frequency rank 3059; Ministry common-character number 3643	蜀: frequency-order position 3018; corpus frequency rank 3059; 13 appearances (0.00107%); Unihan kRSUnicode 142.7; Kangxi radical 142 虫; Unihan kRSUnicode single radical assignment.	[]	"[""chinese"",""traditional"",""radicals"",""frequency"",""character-to-radical"",""one-way"",""part-16""]"
zh-traditional-radicals-frequency-xvi/3019/character-to-radical	XVI	vocabulary	3019	zh-Hant	zh-Hant	錶	"[""金""]"	[]		"[""zh-Hant.frequency.3060"",""zh.radical.kangxi.167""]"	[]	[]	sources/characters.tsv	frequency-order position 3019; corpus frequency rank 3060; Ministry common-character number 4307	錶: frequency-order position 3019; corpus frequency rank 3060; 13 appearances (0.00107%); Unihan kRSUnicode 167.8; Kangxi radical 167 金; Unihan kRSUnicode single radical assignment.	[]	"[""chinese"",""traditional"",""radicals"",""frequency"",""character-to-radical"",""one-way"",""part-16""]"
zh-traditional-radicals-frequency-xvi/3020/character-to-radical	XVI	vocabulary	3020	zh-Hant	zh-Hant	雍	"[""隹""]"	[]		"[""zh-Hant.frequency.3061"",""zh.radical.kangxi.172""]"	[]	[]	sources/characters.tsv	frequency-order position 3020; corpus frequency rank 3061; Ministry common-character number 4457	雍: frequency-order position 3020; corpus frequency rank 3061; 13 appearances (0.00107%); Unihan kRSUnicode 172.5; Kangxi radical 172 隹; Unihan kRSUnicode single radical assignment.	[]	"[""chinese"",""traditional"",""radicals"",""frequency"",""character-to-radical"",""one-way"",""part-16""]"
zh-traditional-radicals-frequency-xvi/3021/character-to-radical	XVI	vocabulary	3021	zh-Hant	zh-Hant	囑	"[""口""]"	[]		"[""zh-Hant.frequency.3062"",""zh.radical.kangxi.030""]"	[]	[]	sources/characters.tsv	frequency-order position 3021; corpus frequency rank 3062; Ministry common-character number 723	囑: frequency-order position 3021; corpus frequency rank 3062; 13 appearances (0.00107%); Unihan kRSUnicode 30.21; Kangxi radical 30 口; Unihan kRSUnicode single radical assignment.	[]	"[""chinese"",""traditional"",""radicals"",""frequency"",""character-to-radical"",""one-way"",""part-16""]"
zh-traditional-radicals-frequency-xvi/3022/character-to-radical	XVI	vocabulary	3022	zh-Hant	zh-Hant	瞄	"[""目""]"	[]		"[""zh-Hant.frequency.3063"",""zh.radical.kangxi.109""]"	[]	[]	sources/characters.tsv	frequency-order position 3022; corpus frequency rank 3063; Ministry common-character number 2789	瞄: frequency-order position 3022; corpus frequency rank 3063; 13 appearances (0.00107%); Unihan kRSUnicode 109.9; Kangxi radical 109 目; Unihan kRSUnicode single radical assignment.	[]	"[""chinese"",""traditional"",""radicals"",""frequency"",""character-to-radical"",""one-way"",""part-16""]"
zh-traditional-radicals-frequency-xvi/3023/character-to-radical	XVI	vocabulary	3023	zh-Hant	zh-Hant	懲	"[""心""]"	[]		"[""zh-Hant.frequency.3064"",""zh.radical.kangxi.061""]"	[]	[]	sources/characters.tsv	frequency-order position 3023; corpus frequency rank 3064; Ministry common-character number 1456	懲: frequency-order position 3023; corpus frequency rank 3064; 13 appearances (0.00107%); Unihan kRSUnicode 61.15; Kangxi radical 61 心; Unihan kRSUnicode single radical assignment.	[]	"[""chinese"",""traditional"",""radicals"",""frequency"",""character-to-radical"",""one-way"",""part-16""]"
zh-traditional-radicals-frequency-xvi/3024/character-to-radical	XVI	vocabulary	3024	zh-Hant	zh-Hant	絹	"[""糸""]"	[]		"[""zh-Hant.frequency.3065"",""zh.radical.kangxi.120""]"	[]	[]	sources/characters.tsv	frequency-order position 3024; corpus frequency rank 3065; Ministry common-character number 3125	絹: frequency-order position 3024; corpus frequency rank 3065; 13 appearances (0.00107%); Unihan kRSUnicode 120.7; Kangxi radical 120 糸; Unihan kRSUnicode single radical assignment.	[]	"[""chinese"",""traditional"",""radicals"",""frequency"",""character-to-radical"",""one-way"",""part-16""]"
zh-traditional-radicals-frequency-xvi/3025/character-to-radical	XVI	vocabulary	3025	zh-Hant	zh-Hant	譏	"[""言""]"	[]		"[""zh-Hant.frequency.3066"",""zh.radical.kangxi.149""]"	[]	[]	sources/characters.tsv	frequency-order position 3025; corpus frequency rank 3066; Ministry common-character number 3888	譏: frequency-order position 3025; corpus frequency rank 3066; 13 appearances (0.00107%); Unihan kRSUnicode 149.12; Kangxi radical 149 言; Unihan kRSUnicode single radical assignment.	[]	"[""chinese"",""traditional"",""radicals"",""frequency"",""character-to-radical"",""one-way"",""part-16""]"
zh-traditional-radicals-frequency-xvi/3026/character-to-radical	XVI	vocabulary	3026	zh-Hant	zh-Hant	懊	"[""心""]"	[]		"[""zh-Hant.frequency.3067"",""zh.radical.kangxi.061""]"	[]	[]	sources/characters.tsv	frequency-order position 3026; corpus frequency rank 3067; Ministry common-character number 1450	懊: frequency-order position 3026; corpus frequency rank 3067; 13 appearances (0.00107%); Unihan kRSUnicode 61.13; Kangxi radical 61 心; Unihan kRSUnicode single radical assignment.	[]	"[""chinese"",""traditional"",""radicals"",""frequency"",""character-to-radical"",""one-way"",""part-16""]"
zh-traditional-radicals-frequency-xvi/3027/character-to-radical	XVI	vocabulary	3027	zh-Hant	zh-Hant	糯	"[""米""]"	[]		"[""zh-Hant.frequency.3068"",""zh.radical.kangxi.119""]"	[]	[]	sources/characters.tsv	frequency-order position 3027; corpus frequency rank 3068; Ministry common-character number 3078	糯: frequency-order position 3027; corpus frequency rank 3068; 13 appearances (0.00107%); Unihan kRSUnicode 119.14; Kangxi radical 119 米; Unihan kRSUnicode single radical assignment.	[]	"[""chinese"",""traditional"",""radicals"",""frequency"",""character-to-radical"",""one-way"",""part-16""]"
zh-traditional-radicals-frequency-xvi/3028/character-to-radical	XVI	vocabulary	3028	zh-Hant	zh-Hant	幢	"[""巾""]"	[]		"[""zh-Hant.frequency.3069"",""zh.radical.kangxi.050""]"	[]	[]	sources/characters.tsv	frequency-order position 3028; corpus frequency rank 3069; Ministry common-character number 1188	幢: frequency-order position 3028; corpus frequency rank 3069; 13 appearances (0.00107%); Unihan kRSUnicode 50.12; Kangxi radical 50 巾; Unihan kRSUnicode single radical assignment.	[]	"[""chinese"",""traditional"",""radicals"",""frequency"",""character-to-radical"",""one-way"",""part-16""]"
zh-traditional-radicals-frequency-xvi/3029/character-to-radical	XVI	vocabulary	3029	zh-Hant	zh-Hant	癢	"[""疒""]"	[]		"[""zh-Hant.frequency.3070"",""zh.radical.kangxi.104""]"	[]	[]	sources/characters.tsv	frequency-order position 3029; corpus frequency rank 3070; Ministry common-character number 2711	癢: frequency-order position 3029; corpus frequency rank 3070; 13 appearances (0.00107%); Unihan kRSUnicode 104.15; Kangxi radical 104 疒; Unihan kRSUnicode single radical assignment.	[]	"[""chinese"",""traditional"",""radicals"",""frequency"",""character-to-radical"",""one-way"",""part-16""]"
zh-traditional-radicals-frequency-xvi/3030/character-to-radical	XVI	vocabulary	3030	zh-Hant	zh-Hant	濛	"[""水""]"	[]		"[""zh-Hant.frequency.3071"",""zh.radical.kangxi.085""]"	[]	[]	sources/characters.tsv	frequency-order position 3030; corpus frequency rank 3071; Ministry common-character number 2356	濛: frequency-order position 3030; corpus frequency rank 3071; 13 appearances (0.00107%); Unihan kRSUnicode 85.14; Kangxi radical 85 水; Unihan kRSUnicode single radical assignment.	[]	"[""chinese"",""traditional"",""radicals"",""frequency"",""character-to-radical"",""one-way"",""part-16""]"
zh-traditional-radicals-frequency-xvi/3031/character-to-radical	XVI	vocabulary	3031	zh-Hant	zh-Hant	靡	"[""非""]"	[]		"[""zh-Hant.frequency.3072"",""zh.radical.kangxi.175""]"	[]	[]	sources/characters.tsv	frequency-order position 3031; corpus frequency rank 3072; Ministry common-character number 4505	靡: frequency-order position 3031; corpus frequency rank 3072; 13 appearances (0.00107%); Unihan kRSUnicode 175.11; Kangxi radical 175 非; Unihan kRSUnicode single radical assignment.	[]	"[""chinese"",""traditional"",""radicals"",""frequency"",""character-to-radical"",""one-way"",""part-16""]"
zh-traditional-radicals-frequency-xvi/3032/character-to-radical	XVI	vocabulary	3032	zh-Hant	zh-Hant	圃	"[""囗""]"	[]		"[""zh-Hant.frequency.3073"",""zh.radical.kangxi.031""]"	[]	[]	sources/characters.tsv	frequency-order position 3032; corpus frequency rank 3073; Ministry common-character number 732	圃: frequency-order position 3032; corpus frequency rank 3073; 13 appearances (0.00107%); Unihan kRSUnicode 31.7; Kangxi radical 31 囗; Unihan kRSUnicode single radical assignment.	[]	"[""chinese"",""traditional"",""radicals"",""frequency"",""character-to-radical"",""one-way"",""part-16""]"
zh-traditional-radicals-frequency-xvi/3033/character-to-radical	XVI	vocabulary	3033	zh-Hant	zh-Hant	菱	"[""艸""]"	[]		"[""zh-Hant.frequency.3075"",""zh.radical.kangxi.140""]"	[]	[]	sources/characters.tsv	frequency-order position 3033; corpus frequency rank 3075; Ministry common-character number 3504	菱: frequency-order position 3033; corpus frequency rank 3075; 13 appearances (0.00107%); Unihan kRSUnicode 140.8; Kangxi radical 140 艸; Unihan kRSUnicode single radical assignment.	[]	"[""chinese"",""traditional"",""radicals"",""frequency"",""character-to-radical"",""one-way"",""part-16""]"
zh-traditional-radicals-frequency-xvi/3034/character-to-radical	XVI	vocabulary	3034	zh-Hant	zh-Hant	竇	"[""穴""]"	[]		"[""zh-Hant.frequency.3076"",""zh.radical.kangxi.116""]"	[]	[]	sources/characters.tsv	frequency-order position 3034; corpus frequency rank 3076; Ministry common-character number 2975	竇: frequency-order position 3034; corpus frequency rank 3076; 13 appearances (0.00107%); Unihan kRSUnicode 116.15; Kangxi radical 116 穴; Unihan kRSUnicode single radical assignment.	[]	"[""chinese"",""traditional"",""radicals"",""frequency"",""character-to-radical"",""one-way"",""part-16""]"
zh-traditional-radicals-frequency-xvi/3035/character-to-radical	XVI	vocabulary	3035	zh-Hant	zh-Hant	鬱	"[""鬯""]"	[]		"[""zh-Hant.frequency.3078"",""zh.radical.kangxi.192""]"	[]	[]	sources/characters.tsv	frequency-order position 3035; corpus frequency rank 3078; Ministry common-character number 4681	鬱: frequency-order position 3035; corpus frequency rank 3078; 13 appearances (0.00107%); Unihan kRSUnicode 192.19; Kangxi radical 192 鬯; Unihan kRSUnicode single radical assignment.	[]	"[""chinese"",""traditional"",""radicals"",""frequency"",""character-to-radical"",""one-way"",""part-16""]"
zh-traditional-radicals-frequency-xvi/3036/character-to-radical	XVI	vocabulary	3036	zh-Hant	zh-Hant	裔	"[""衣""]"	[]		"[""zh-Hant.frequency.3079"",""zh.radical.kangxi.145""]"	[]	[]	sources/characters.tsv	frequency-order position 3036; corpus frequency rank 3079; Ministry common-character number 3727	裔: frequency-order position 3036; corpus frequency rank 3079; 13 appearances (0.00107%); Unihan kRSUnicode 145.7; Kangxi radical 145 衣; Unihan kRSUnicode single radical assignment.	[]	"[""chinese"",""traditional"",""radicals"",""frequency"",""character-to-radical"",""one-way"",""part-16""]"
zh-traditional-radicals-frequency-xvi/3037/character-to-radical	XVI	vocabulary	3037	zh-Hant	zh-Hant	骰	"[""骨""]"	[]		"[""zh-Hant.frequency.3081"",""zh.radical.kangxi.188""]"	[]	[]	sources/characters.tsv	frequency-order position 3037; corpus frequency rank 3081; Ministry common-character number 4659	骰: frequency-order position 3037; corpus frequency rank 3081; 13 appearances (0.00107%); Unihan kRSUnicode 188.4; Kangxi radical 188 骨; Unihan kRSUnicode single radical assignment.	[]	"[""chinese"",""traditional"",""radicals"",""frequency"",""character-to-radical"",""one-way"",""part-16""]"
zh-traditional-radicals-frequency-xvi/3038/character-to-radical	XVI	vocabulary	3038	zh-Hant	zh-Hant	縷	"[""糸""]"	[]		"[""zh-Hant.frequency.3083"",""zh.radical.kangxi.120""]"	[]	[]	sources/characters.tsv	frequency-order position 3038; corpus frequency rank 3083; Ministry common-character number 3168	縷: frequency-order position 3038; corpus frequency rank 3083; 13 appearances (0.00107%); Unihan kRSUnicode 120.11; Kangxi radical 120 糸; Unihan kRSUnicode single radical assignment.	[]	"[""chinese"",""traditional"",""radicals"",""frequency"",""character-to-radical"",""one-way"",""part-16""]"
zh-traditional-radicals-frequency-xvi/3039/character-to-radical	XVI	vocabulary	3039	zh-Hant	zh-Hant	莽	"[""艸""]"	[]		"[""zh-Hant.frequency.3084"",""zh.radical.kangxi.140""]"	[]	[]	sources/characters.tsv	frequency-order position 3039; corpus frequency rank 3084; Ministry common-character number 3485	莽: frequency-order position 3039; corpus frequency rank 3084; 13 appearances (0.00107%); Unihan kRSUnicode 140.7; Kangxi radical 140 艸; Unihan kRSUnicode single radical assignment.	[]	"[""chinese"",""traditional"",""radicals"",""frequency"",""character-to-radical"",""one-way"",""part-16""]"
zh-traditional-radicals-frequency-xvi/3040/character-to-radical	XVI	vocabulary	3040	zh-Hant	zh-Hant	黍	"[""黍""]"	[]		"[""zh-Hant.frequency.3085"",""zh.radical.kangxi.202""]"	[]	[]	sources/characters.tsv	frequency-order position 3040; corpus frequency rank 3085; Ministry common-character number 4768	黍: frequency-order position 3040; corpus frequency rank 3085; 13 appearances (0.00107%); Unihan kRSUnicode 202.0; Kangxi radical 202 黍; Unihan kRSUnicode single radical assignment.	[]	"[""chinese"",""traditional"",""radicals"",""frequency"",""character-to-radical"",""one-way"",""part-16""]"
zh-traditional-radicals-frequency-xvi/3041/character-to-radical	XVI	vocabulary	3041	zh-Hant	zh-Hant	塾	"[""土""]"	[]		"[""zh-Hant.frequency.3086"",""zh.radical.kangxi.032""]"	[]	[]	sources/characters.tsv	frequency-order position 3041; corpus frequency rank 3086; Ministry common-character number 805	塾: frequency-order position 3041; corpus frequency rank 3086; 13 appearances (0.00107%); Unihan kRSUnicode 32.11; Kangxi radical 32 土; Unihan kRSUnicode single radical assignment.	[]	"[""chinese"",""traditional"",""radicals"",""frequency"",""character-to-radical"",""one-way"",""part-16""]"
zh-traditional-radicals-frequency-xvi/3042/character-to-radical	XVI	vocabulary	3042	zh-Hant	zh-Hant	綴	"[""糸""]"	[]		"[""zh-Hant.frequency.3087"",""zh.radical.kangxi.120""]"	[]	[]	sources/characters.tsv	frequency-order position 3042; corpus frequency rank 3087; Ministry common-character number 3136	綴: frequency-order position 3042; corpus frequency rank 3087; 13 appearances (0.00107%); Unihan kRSUnicode 120.8; Kangxi radical 120 糸; Unihan kRSUnicode single radical assignment.	[]	"[""chinese"",""traditional"",""radicals"",""frequency"",""character-to-radical"",""one-way"",""part-16""]"
zh-traditional-radicals-frequency-xvi/3043/character-to-radical	XVI	vocabulary	3043	zh-Hant	zh-Hant	敷	"[""攴""]"	[]		"[""zh-Hant.frequency.3088"",""zh.radical.kangxi.066""]"	[]	[]	sources/characters.tsv	frequency-order position 3043; corpus frequency rank 3088; Ministry common-character number 1738	敷: frequency-order position 3043; corpus frequency rank 3088; 13 appearances (0.00107%); Unihan kRSUnicode 66.11; Kangxi radical 66 攴; Unihan kRSUnicode single radical assignment.	[]	"[""chinese"",""traditional"",""radicals"",""frequency"",""character-to-radical"",""one-way"",""part-16""]"
zh-traditional-radicals-frequency-xvi/3044/character-to-radical	XVI	vocabulary	3044	zh-Hant	zh-Hant	蕙	"[""艸""]"	[]		"[""zh-Hant.frequency.3089"",""zh.radical.kangxi.140""]"	[]	[]	sources/characters.tsv	frequency-order position 3044; corpus frequency rank 3089; Ministry common-character number 3562	蕙: frequency-order position 3044; corpus frequency rank 3089; 13 appearances (0.00107%); Unihan kRSUnicode 140.12; Kangxi radical 140 艸; Unihan kRSUnicode single radical assignment.	[]	"[""chinese"",""traditional"",""radicals"",""frequency"",""character-to-radical"",""one-way"",""part-16""]"
zh-traditional-radicals-frequency-xvi/3045/character-to-radical	XVI	vocabulary	3045	zh-Hant	zh-Hant	勻	"[""勹""]"	[]		"[""zh-Hant.frequency.3090"",""zh.radical.kangxi.020""]"	[]	[]	sources/characters.tsv	frequency-order position 3045; corpus frequency rank 3090; Ministry common-character number 405	勻: frequency-order position 3045; corpus frequency rank 3090; 12 appearances (0.00099%); Unihan kRSUnicode 20.2; Kangxi radical 20 勹; Unihan kRSUnicode single radical assignment.	[]	"[""chinese"",""traditional"",""radicals"",""frequency"",""character-to-radical"",""one-way"",""part-16""]"
zh-traditional-radicals-frequency-xvi/3046/character-to-radical	XVI	vocabulary	3046	zh-Hant	zh-Hant	亙	"[""二""]"	[]		"[""zh-Hant.frequency.3091"",""zh.radical.kangxi.007""]"	[]	[]	sources/characters.tsv	frequency-order position 3046; corpus frequency rank 3091; Ministry common-character number 55	亙: frequency-order position 3046; corpus frequency rank 3091; 12 appearances (0.00099%); Unihan kRSUnicode 7.4; Kangxi radical 7 二; Unihan kRSUnicode single radical assignment.	[]	"[""chinese"",""traditional"",""radicals"",""frequency"",""character-to-radical"",""one-way"",""part-16""]"
zh-traditional-radicals-frequency-xvi/3047/character-to-radical	XVI	vocabulary	3047	zh-Hant	zh-Hant	枉	"[""木""]"	[]		"[""zh-Hant.frequency.3092"",""zh.radical.kangxi.075""]"	[]	[]	sources/characters.tsv	frequency-order position 3047; corpus frequency rank 3092; Ministry common-character number 1885	枉: frequency-order position 3047; corpus frequency rank 3092; 12 appearances (0.00099%); Unihan kRSUnicode 75.4; Kangxi radical 75 木; Unihan kRSUnicode single radical assignment.	[]	"[""chinese"",""traditional"",""radicals"",""frequency"",""character-to-radical"",""one-way"",""part-16""]"
zh-traditional-radicals-frequency-xvi/3048/character-to-radical	XVI	vocabulary	3048	zh-Hant	zh-Hant	沐	"[""水""]"	[]		"[""zh-Hant.frequency.3093"",""zh.radical.kangxi.085""]"	[]	[]	sources/characters.tsv	frequency-order position 3048; corpus frequency rank 3093; Ministry common-character number 2146	沐: frequency-order position 3048; corpus frequency rank 3093; 12 appearances (0.00099%); Unihan kRSUnicode 85.4; Kangxi radical 85 水; Unihan kRSUnicode single radical assignment.	[]	"[""chinese"",""traditional"",""radicals"",""frequency"",""character-to-radical"",""one-way"",""part-16""]"
zh-traditional-radicals-frequency-xvi/3049/character-to-radical	XVI	vocabulary	3049	zh-Hant	zh-Hant	洶	"[""水""]"	[]		"[""zh-Hant.frequency.3094"",""zh.radical.kangxi.085""]"	[]	[]	sources/characters.tsv	frequency-order position 3049; corpus frequency rank 3094; Ministry common-character number 2197	洶: frequency-order position 3049; corpus frequency rank 3094; 12 appearances (0.00099%); Unihan kRSUnicode 85.6; Kangxi radical 85 水; Unihan kRSUnicode single radical assignment.	[]	"[""chinese"",""traditional"",""radicals"",""frequency"",""character-to-radical"",""one-way"",""part-16""]"
zh-traditional-radicals-frequency-xvi/3050/character-to-radical	XVI	vocabulary	3050	zh-Hant	zh-Hant	茉	"[""艸""]"	[]		"[""zh-Hant.frequency.3095"",""zh.radical.kangxi.140""]"	[]	[]	sources/characters.tsv	frequency-order position 3050; corpus frequency rank 3095; Ministry common-character number 3452	茉: frequency-order position 3050; corpus frequency rank 3095; 12 appearances (0.00099%); Unihan kRSUnicode 140.5; Kangxi radical 140 艸; Unihan kRSUnicode single radical assignment.	[]	"[""chinese"",""traditional"",""radicals"",""frequency"",""character-to-radical"",""one-way"",""part-16""]"
zh-traditional-radicals-frequency-xvi/3051/character-to-radical	XVI	vocabulary	3051	zh-Hant	zh-Hant	苔	"[""艸""]"	[]		"[""zh-Hant.frequency.3096"",""zh.radical.kangxi.140""]"	[]	[]	sources/characters.tsv	frequency-order position 3051; corpus frequency rank 3096; Ministry common-character number 3458	苔: frequency-order position 3051; corpus frequency rank 3096; 12 appearances (0.00099%); Unihan kRSUnicode 140.5; Kangxi radical 140 艸; Unihan kRSUnicode single radical assignment.	[]	"[""chinese"",""traditional"",""radicals"",""frequency"",""character-to-radical"",""one-way"",""part-16""]"
zh-traditional-radicals-frequency-xvi/3052/character-to-radical	XVI	vocabulary	3052	zh-Hant	zh-Hant	稽	"[""禾""]"	[]		"[""zh-Hant.frequency.3097"",""zh.radical.kangxi.115""]"	[]	[]	sources/characters.tsv	frequency-order position 3052; corpus frequency rank 3097; Ministry common-character number 2941	稽: frequency-order position 3052; corpus frequency rank 3097; 12 appearances (0.00099%); Unihan kRSUnicode 115.10; Kangxi radical 115 禾; Unihan kRSUnicode single radical assignment.	[]	"[""chinese"",""traditional"",""radicals"",""frequency"",""character-to-radical"",""one-way"",""part-16""]"
zh-traditional-radicals-frequency-xvi/3053/character-to-radical	XVI	vocabulary	3053	zh-Hant	zh-Hant	竺	"[""竹""]"	[]		"[""zh-Hant.frequency.3098"",""zh.radical.kangxi.118""]"	[]	[]	sources/characters.tsv	frequency-order position 3053; corpus frequency rank 3098; Ministry common-character number 2985	竺: frequency-order position 3053; corpus frequency rank 3098; 12 appearances (0.00099%); Unihan kRSUnicode 118.2; Kangxi radical 118 竹; Unihan kRSUnicode single radical assignment.	[]	"[""chinese"",""traditional"",""radicals"",""frequency"",""character-to-radical"",""one-way"",""part-16""]"
zh-traditional-radicals-frequency-xvi/3054/character-to-radical	XVI	vocabulary	3054	zh-Hant	zh-Hant	潦	"[""水""]"	[]		"[""zh-Hant.frequency.3099"",""zh.radical.kangxi.085""]"	[]	[]	sources/characters.tsv	frequency-order position 3054; corpus frequency rank 3099; Ministry common-character number 2329	潦: frequency-order position 3054; corpus frequency rank 3099; 12 appearances (0.00099%); Unihan kRSUnicode 85.12; Kangxi radical 85 水; Unihan kRSUnicode single radical assignment.	[]	"[""chinese"",""traditional"",""radicals"",""frequency"",""character-to-radical"",""one-way"",""part-16""]"
zh-traditional-radicals-frequency-xvi/3055/character-to-radical	XVI	vocabulary	3055	zh-Hant	zh-Hant	炙	"[""火""]"	[]		"[""zh-Hant.frequency.3100"",""zh.radical.kangxi.086""]"	[]	[]	sources/characters.tsv	frequency-order position 3055; corpus frequency rank 3100; Ministry common-character number 2393	炙: frequency-order position 3055; corpus frequency rank 3100; 12 appearances (0.00099%); Unihan kRSUnicode 86.4; Kangxi radical 86 火; Unihan kRSUnicode single radical assignment.	[]	"[""chinese"",""traditional"",""radicals"",""frequency"",""character-to-radical"",""one-way"",""part-16""]"
zh-traditional-radicals-frequency-xvi/3056/character-to-radical	XVI	vocabulary	3056	zh-Hant	zh-Hant	樺	"[""木""]"	[]		"[""zh-Hant.frequency.3101"",""zh.radical.kangxi.075""]"	[]	[]	sources/characters.tsv	frequency-order position 3056; corpus frequency rank 3101; Ministry common-character number 2020	樺: frequency-order position 3056; corpus frequency rank 3101; 12 appearances (0.00099%); Unihan kRSUnicode 75.12; Kangxi radical 75 木; Unihan kRSUnicode single radical assignment.	[]	"[""chinese"",""traditional"",""radicals"",""frequency"",""character-to-radical"",""one-way"",""part-16""]"
zh-traditional-radicals-frequency-xvi/3057/character-to-radical	XVI	vocabulary	3057	zh-Hant	zh-Hant	奢	"[""大""]"	[]		"[""zh-Hant.frequency.3102"",""zh.radical.kangxi.037""]"	[]	[]	sources/characters.tsv	frequency-order position 3057; corpus frequency rank 3102; Ministry common-character number 871	奢: frequency-order position 3057; corpus frequency rank 3102; 12 appearances (0.00099%); Unihan kRSUnicode 37.9; Kangxi radical 37 大; Unihan kRSUnicode single radical assignment.	[]	"[""chinese"",""traditional"",""radicals"",""frequency"",""character-to-radical"",""one-way"",""part-16""]"
zh-traditional-radicals-frequency-xvi/3058/character-to-radical	XVI	vocabulary	3058	zh-Hant	zh-Hant	擱	"[""手""]"	[]		"[""zh-Hant.frequency.3103"",""zh.radical.kangxi.064""]"	[]	[]	sources/characters.tsv	frequency-order position 3058; corpus frequency rank 3103; Ministry common-character number 1696	擱: frequency-order position 3058; corpus frequency rank 3103; 12 appearances (0.00099%); Unihan kRSUnicode 64.14; Kangxi radical 64 手; Unihan kRSUnicode single radical assignment.	[]	"[""chinese"",""traditional"",""radicals"",""frequency"",""character-to-radical"",""one-way"",""part-16""]"
zh-traditional-radicals-frequency-xvi/3059/character-to-radical	XVI	vocabulary	3059	zh-Hant	zh-Hant	脣	"[""肉""]"	[]		"[""zh-Hant.frequency.3104"",""zh.radical.kangxi.130""]"	[]	[]	sources/characters.tsv	frequency-order position 3059; corpus frequency rank 3104; Ministry common-character number 3333	脣: frequency-order position 3059; corpus frequency rank 3104; 12 appearances (0.00099%); Unihan kRSUnicode 130.7; Kangxi radical 130 肉; Unihan kRSUnicode single radical assignment.	[]	"[""chinese"",""traditional"",""radicals"",""frequency"",""character-to-radical"",""one-way"",""part-16""]"
zh-traditional-radicals-frequency-xvi/3060/character-to-radical	XVI	vocabulary	3060	zh-Hant	zh-Hant	襄	"[""衣""]"	[]		"[""zh-Hant.frequency.3105"",""zh.radical.kangxi.145""]"	[]	[]	sources/characters.tsv	frequency-order position 3060; corpus frequency rank 3105; Ministry common-character number 3753	襄: frequency-order position 3060; corpus frequency rank 3105; 12 appearances (0.00099%); Unihan kRSUnicode 145.11; Kangxi radical 145 衣; Unihan kRSUnicode single radical assignment.	[]	"[""chinese"",""traditional"",""radicals"",""frequency"",""character-to-radical"",""one-way"",""part-16""]"
zh-traditional-radicals-frequency-xvi/3061/character-to-radical	XVI	vocabulary	3061	zh-Hant	zh-Hant	稈	"[""禾""]"	[]		"[""zh-Hant.frequency.3106"",""zh.radical.kangxi.115""]"	[]	[]	sources/characters.tsv	frequency-order position 3061; corpus frequency rank 3106; Ministry common-character number 2927	稈: frequency-order position 3061; corpus frequency rank 3106; 12 appearances (0.00099%); Unihan kRSUnicode 115.7; Kangxi radical 115 禾; Unihan kRSUnicode single radical assignment.	[]	"[""chinese"",""traditional"",""radicals"",""frequency"",""character-to-radical"",""one-way"",""part-16""]"
zh-traditional-radicals-frequency-xvi/3062/character-to-radical	XVI	vocabulary	3062	zh-Hant	zh-Hant	閻	"[""門""]"	[]		"[""zh-Hant.frequency.3107"",""zh.radical.kangxi.169""]"	[]	[]	sources/characters.tsv	frequency-order position 3062; corpus frequency rank 3107; Ministry common-character number 4389	閻: frequency-order position 3062; corpus frequency rank 3107; 12 appearances (0.00099%); Unihan kRSUnicode 169.8; Kangxi radical 169 門; Unihan kRSUnicode single radical assignment.	[]	"[""chinese"",""traditional"",""radicals"",""frequency"",""character-to-radical"",""one-way"",""part-16""]"
zh-traditional-radicals-frequency-xvi/3063/character-to-radical	XVI	vocabulary	3063	zh-Hant	zh-Hant	欽	"[""欠""]"	[]		"[""zh-Hant.frequency.3108"",""zh.radical.kangxi.076""]"	[]	[]	sources/characters.tsv	frequency-order position 3063; corpus frequency rank 3108; Ministry common-character number 2058	欽: frequency-order position 3063; corpus frequency rank 3108; 12 appearances (0.00099%); Unihan kRSUnicode 76.8 167.4; Kangxi radical 76 欠; Reviewed primary Unihan kRSUnicode assignment 76.8 from alternatives 76.8 167.4.	[]	"[""chinese"",""traditional"",""radicals"",""frequency"",""character-to-radical"",""one-way"",""part-16""]"
zh-traditional-radicals-frequency-xvi/3064/character-to-radical	XVI	vocabulary	3064	zh-Hant	zh-Hant	諦	"[""言""]"	[]		"[""zh-Hant.frequency.3109"",""zh.radical.kangxi.149""]"	[]	[]	sources/characters.tsv	frequency-order position 3064; corpus frequency rank 3109; Ministry common-character number 3858	諦: frequency-order position 3064; corpus frequency rank 3109; 12 appearances (0.00099%); Unihan kRSUnicode 149.9; Kangxi radical 149 言; Unihan kRSUnicode single radical assignment.	[]	"[""chinese"",""traditional"",""radicals"",""frequency"",""character-to-radical"",""one-way"",""part-16""]"
zh-traditional-radicals-frequency-xvi/3065/character-to-radical	XVI	vocabulary	3065	zh-Hant	zh-Hant	漩	"[""水""]"	[]		"[""zh-Hant.frequency.3110"",""zh.radical.kangxi.085""]"	[]	[]	sources/characters.tsv	frequency-order position 3065; corpus frequency rank 3110; Ministry common-character number 2302	漩: frequency-order position 3065; corpus frequency rank 3110; 12 appearances (0.00099%); Unihan kRSUnicode 85.11; Kangxi radical 85 水; Unihan kRSUnicode single radical assignment.	[]	"[""chinese"",""traditional"",""radicals"",""frequency"",""character-to-radical"",""one-way"",""part-16""]"
zh-traditional-radicals-frequency-xvi/3066/character-to-radical	XVI	vocabulary	3066	zh-Hant	zh-Hant	滯	"[""水""]"	[]		"[""zh-Hant.frequency.3112"",""zh.radical.kangxi.085""]"	[]	[]	sources/characters.tsv	frequency-order position 3066; corpus frequency rank 3112; Ministry common-character number 2310	滯: frequency-order position 3066; corpus frequency rank 3112; 12 appearances (0.00099%); Unihan kRSUnicode 85.11; Kangxi radical 85 水; Unihan kRSUnicode single radical assignment.	[]	"[""chinese"",""traditional"",""radicals"",""frequency"",""character-to-radical"",""one-way"",""part-16""]"
zh-traditional-radicals-frequency-xvi/3067/character-to-radical	XVI	vocabulary	3067	zh-Hant	zh-Hant	墅	"[""土""]"	[]		"[""zh-Hant.frequency.3114"",""zh.radical.kangxi.032""]"	[]	[]	sources/characters.tsv	frequency-order position 3067; corpus frequency rank 3114; Ministry common-character number 810	墅: frequency-order position 3067; corpus frequency rank 3114; 12 appearances (0.00099%); Unihan kRSUnicode 32.11; Kangxi radical 32 土; Unihan kRSUnicode single radical assignment.	[]	"[""chinese"",""traditional"",""radicals"",""frequency"",""character-to-radical"",""one-way"",""part-16""]"
zh-traditional-radicals-frequency-xvi/3068/character-to-radical	XVI	vocabulary	3068	zh-Hant	zh-Hant	瓊	"[""玉""]"	[]		"[""zh-Hant.frequency.3115"",""zh.radical.kangxi.096""]"	[]	[]	sources/characters.tsv	frequency-order position 3068; corpus frequency rank 3115; Ministry common-character number 2608	瓊: frequency-order position 3068; corpus frequency rank 3115; 12 appearances (0.00099%); Unihan kRSUnicode 96.15; Kangxi radical 96 玉; Unihan kRSUnicode single radical assignment.	[]	"[""chinese"",""traditional"",""radicals"",""frequency"",""character-to-radical"",""one-way"",""part-16""]"
zh-traditional-radicals-frequency-xvi/3069/character-to-radical	XVI	vocabulary	3069	zh-Hant	zh-Hant	綢	"[""糸""]"	[]		"[""zh-Hant.frequency.3116"",""zh.radical.kangxi.120""]"	[]	[]	sources/characters.tsv	frequency-order position 3069; corpus frequency rank 3116; Ministry common-character number 3140	綢: frequency-order position 3069; corpus frequency rank 3116; 12 appearances (0.00099%); Unihan kRSUnicode 120.8; Kangxi radical 120 糸; Unihan kRSUnicode single radical assignment.	[]	"[""chinese"",""traditional"",""radicals"",""frequency"",""character-to-radical"",""one-way"",""part-16""]"
zh-traditional-radicals-frequency-xvi/3070/character-to-radical	XVI	vocabulary	3070	zh-Hant	zh-Hant	騷	"[""馬""]"	[]		"[""zh-Hant.frequency.3117"",""zh.radical.kangxi.187""]"	[]	[]	sources/characters.tsv	frequency-order position 3070; corpus frequency rank 3117; Ministry common-character number 4644	騷: frequency-order position 3070; corpus frequency rank 3117; 12 appearances (0.00099%); Unihan kRSUnicode 187.10; Kangxi radical 187 馬; Unihan kRSUnicode single radical assignment.	[]	"[""chinese"",""traditional"",""radicals"",""frequency"",""character-to-radical"",""one-way"",""part-16""]"
zh-traditional-radicals-frequency-xvi/3071/character-to-radical	XVI	vocabulary	3071	zh-Hant	zh-Hant	腥	"[""肉""]"	[]		"[""zh-Hant.frequency.3118"",""zh.radical.kangxi.130""]"	[]	[]	sources/characters.tsv	frequency-order position 3071; corpus frequency rank 3118; Ministry common-character number 3348	腥: frequency-order position 3071; corpus frequency rank 3118; 12 appearances (0.00099%); Unihan kRSUnicode 130.9; Kangxi radical 130 肉; Unihan kRSUnicode single radical assignment.	[]	"[""chinese"",""traditional"",""radicals"",""frequency"",""character-to-radical"",""one-way"",""part-16""]"
zh-traditional-radicals-frequency-xvi/3072/character-to-radical	XVI	vocabulary	3072	zh-Hant	zh-Hant	魅	"[""鬼""]"	[]		"[""zh-Hant.frequency.3120"",""zh.radical.kangxi.194""]"	[]	[]	sources/characters.tsv	frequency-order position 3072; corpus frequency rank 3120; Ministry common-character number 4686	魅: frequency-order position 3072; corpus frequency rank 3120; 12 appearances (0.00099%); Unihan kRSUnicode 194.5; Kangxi radical 194 鬼; Unihan kRSUnicode single radical assignment.	[]	"[""chinese"",""traditional"",""radicals"",""frequency"",""character-to-radical"",""one-way"",""part-16""]"
zh-traditional-radicals-frequency-xvi/3073/character-to-radical	XVI	vocabulary	3073	zh-Hant	zh-Hant	荀	"[""艸""]"	[]		"[""zh-Hant.frequency.3122"",""zh.radical.kangxi.140""]"	[]	[]	sources/characters.tsv	frequency-order position 3073; corpus frequency rank 3122; Ministry common-character number 3477	荀: frequency-order position 3073; corpus frequency rank 3122; 12 appearances (0.00099%); Unihan kRSUnicode 140.6; Kangxi radical 140 艸; Unihan kRSUnicode single radical assignment.	[]	"[""chinese"",""traditional"",""radicals"",""frequency"",""character-to-radical"",""one-way"",""part-16""]"
zh-traditional-radicals-frequency-xvi/3074/character-to-radical	XVI	vocabulary	3074	zh-Hant	zh-Hant	掏	"[""手""]"	[]		"[""zh-Hant.frequency.3124"",""zh.radical.kangxi.064""]"	[]	[]	sources/characters.tsv	frequency-order position 3074; corpus frequency rank 3124; Ministry common-character number 1609	掏: frequency-order position 3074; corpus frequency rank 3124; 12 appearances (0.00099%); Unihan kRSUnicode 64.8; Kangxi radical 64 手; Unihan kRSUnicode single radical assignment.	[]	"[""chinese"",""traditional"",""radicals"",""frequency"",""character-to-radical"",""one-way"",""part-16""]"
zh-traditional-radicals-frequency-xvi/3075/character-to-radical	XVI	vocabulary	3075	zh-Hant	zh-Hant	暇	"[""日""]"	[]		"[""zh-Hant.frequency.3126"",""zh.radical.kangxi.072""]"	[]	[]	sources/characters.tsv	frequency-order position 3075; corpus frequency rank 3126; Ministry common-character number 1814	暇: frequency-order position 3075; corpus frequency rank 3126; 12 appearances (0.00099%); Unihan kRSUnicode 72.9; Kangxi radical 72 日; Unihan kRSUnicode single radical assignment.	[]	"[""chinese"",""traditional"",""radicals"",""frequency"",""character-to-radical"",""one-way"",""part-16""]"
zh-traditional-radicals-frequency-xvi/3076/character-to-radical	XVI	vocabulary	3076	zh-Hant	zh-Hant	腫	"[""肉""]"	[]		"[""zh-Hant.frequency.3127"",""zh.radical.kangxi.130""]"	[]	[]	sources/characters.tsv	frequency-order position 3076; corpus frequency rank 3127; Ministry common-character number 3351	腫: frequency-order position 3076; corpus frequency rank 3127; 12 appearances (0.00099%); Unihan kRSUnicode 130.9; Kangxi radical 130 肉; Unihan kRSUnicode single radical assignment.	[]	"[""chinese"",""traditional"",""radicals"",""frequency"",""character-to-radical"",""one-way"",""part-16""]"
zh-traditional-radicals-frequency-xvi/3077/character-to-radical	XVI	vocabulary	3077	zh-Hant	zh-Hant	寡	"[""宀""]"	[]		"[""zh-Hant.frequency.3128"",""zh.radical.kangxi.040""]"	[]	[]	sources/characters.tsv	frequency-order position 3077; corpus frequency rank 3128; Ministry common-character number 1044	寡: frequency-order position 3077; corpus frequency rank 3128; 12 appearances (0.00099%); Unihan kRSUnicode 40.11; Kangxi radical 40 宀; Unihan kRSUnicode single radical assignment.	[]	"[""chinese"",""traditional"",""radicals"",""frequency"",""character-to-radical"",""one-way"",""part-16""]"
zh-traditional-radicals-frequency-xvi/3078/character-to-radical	XVI	vocabulary	3078	zh-Hant	zh-Hant	嘟	"[""口""]"	[]		"[""zh-Hant.frequency.3129"",""zh.radical.kangxi.030""]"	[]	[]	sources/characters.tsv	frequency-order position 3078; corpus frequency rank 3129; Ministry common-character number 673	嘟: frequency-order position 3078; corpus frequency rank 3129; 12 appearances (0.00099%); Unihan kRSUnicode 30.12; Kangxi radical 30 口; Unihan kRSUnicode single radical assignment.	[]	"[""chinese"",""traditional"",""radicals"",""frequency"",""character-to-radical"",""one-way"",""part-16""]"
zh-traditional-radicals-frequency-xvi/3079/character-to-radical	XVI	vocabulary	3079	zh-Hant	zh-Hant	嘹	"[""口""]"	[]		"[""zh-Hant.frequency.3130"",""zh.radical.kangxi.030""]"	[]	[]	sources/characters.tsv	frequency-order position 3079; corpus frequency rank 3130; Ministry common-character number 677	嘹: frequency-order position 3079; corpus frequency rank 3130; 12 appearances (0.00099%); Unihan kRSUnicode 30.12; Kangxi radical 30 口; Unihan kRSUnicode single radical assignment.	[]	"[""chinese"",""traditional"",""radicals"",""frequency"",""character-to-radical"",""one-way"",""part-16""]"
zh-traditional-radicals-frequency-xvi/3080/character-to-radical	XVI	vocabulary	3080	zh-Hant	zh-Hant	狩	"[""犬""]"	[]		"[""zh-Hant.frequency.3131"",""zh.radical.kangxi.094""]"	[]	[]	sources/characters.tsv	frequency-order position 3080; corpus frequency rank 3131; Ministry common-character number 2516	狩: frequency-order position 3080; corpus frequency rank 3131; 12 appearances (0.00099%); Unihan kRSUnicode 94.6; Kangxi radical 94 犬; Unihan kRSUnicode single radical assignment.	[]	"[""chinese"",""traditional"",""radicals"",""frequency"",""character-to-radical"",""one-way"",""part-16""]"
zh-traditional-radicals-frequency-xvi/3081/character-to-radical	XVI	vocabulary	3081	zh-Hant	zh-Hant	偎	"[""人""]"	[]		"[""zh-Hant.frequency.3132"",""zh.radical.kangxi.009""]"	[]	[]	sources/characters.tsv	frequency-order position 3081; corpus frequency rank 3132; Ministry common-character number 210	偎: frequency-order position 3081; corpus frequency rank 3132; 12 appearances (0.00099%); Unihan kRSUnicode 9.9; Kangxi radical 9 人; Unihan kRSUnicode single radical assignment.	[]	"[""chinese"",""traditional"",""radicals"",""frequency"",""character-to-radical"",""one-way"",""part-16""]"
zh-traditional-radicals-frequency-xvi/3082/character-to-radical	XVI	vocabulary	3082	zh-Hant	zh-Hant	慷	"[""心""]"	[]		"[""zh-Hant.frequency.3134"",""zh.radical.kangxi.061""]"	[]	[]	sources/characters.tsv	frequency-order position 3082; corpus frequency rank 3134; Ministry common-character number 1418	慷: frequency-order position 3082; corpus frequency rank 3134; 12 appearances (0.00099%); Unihan kRSUnicode 61.11; Kangxi radical 61 心; Unihan kRSUnicode single radical assignment.	[]	"[""chinese"",""traditional"",""radicals"",""frequency"",""character-to-radical"",""one-way"",""part-16""]"
zh-traditional-radicals-frequency-xvi/3083/character-to-radical	XVI	vocabulary	3083	zh-Hant	zh-Hant	丑	"[""一""]"	[]		"[""zh-Hant.frequency.3135"",""zh.radical.kangxi.001""]"	[]	[]	sources/characters.tsv	frequency-order position 3083; corpus frequency rank 3135; Ministry common-character number 8	丑: frequency-order position 3083; corpus frequency rank 3135; 11 appearances (0.00091%); Unihan kRSUnicode 1.3; Kangxi radical 1 一; Unihan kRSUnicode single radical assignment.	[]	"[""chinese"",""traditional"",""radicals"",""frequency"",""character-to-radical"",""one-way"",""part-16""]"
zh-traditional-radicals-frequency-xvi/3084/character-to-radical	XVI	vocabulary	3084	zh-Hant	zh-Hant	卜	"[""卜""]"	[]		"[""zh-Hant.frequency.3136"",""zh.radical.kangxi.025""]"	[]	[]	sources/characters.tsv	frequency-order position 3084; corpus frequency rank 3136; Ministry common-character number 443	卜: frequency-order position 3084; corpus frequency rank 3136; 11 appearances (0.00091%); Unihan kRSUnicode 25.0; Kangxi radical 25 卜; Unihan kRSUnicode single radical assignment.	[]	"[""chinese"",""traditional"",""radicals"",""frequency"",""character-to-radical"",""one-way"",""part-16""]"
zh-traditional-radicals-frequency-xvi/3085/character-to-radical	XVI	vocabulary	3085	zh-Hant	zh-Hant	仕	"[""人""]"	[]		"[""zh-Hant.frequency.3137"",""zh.radical.kangxi.009""]"	[]	[]	sources/characters.tsv	frequency-order position 3085; corpus frequency rank 3137; Ministry common-character number 81	仕: frequency-order position 3085; corpus frequency rank 3137; 11 appearances (0.00091%); Unihan kRSUnicode 9.3; Kangxi radical 9 人; Unihan kRSUnicode single radical assignment.	[]	"[""chinese"",""traditional"",""radicals"",""frequency"",""character-to-radical"",""one-way"",""part-16""]"
zh-traditional-radicals-frequency-xvi/3086/character-to-radical	XVI	vocabulary	3086	zh-Hant	zh-Hant	坎	"[""土""]"	[]		"[""zh-Hant.frequency.3138"",""zh.radical.kangxi.032""]"	[]	[]	sources/characters.tsv	frequency-order position 3086; corpus frequency rank 3138; Ministry common-character number 752	坎: frequency-order position 3086; corpus frequency rank 3138; 11 appearances (0.00091%); Unihan kRSUnicode 32.4; Kangxi radical 32 土; Unihan kRSUnicode single radical assignment.	[]	"[""chinese"",""traditional"",""radicals"",""frequency"",""character-to-radical"",""one-way"",""part-16""]"
zh-traditional-radicals-frequency-xvi/3087/character-to-radical	XVI	vocabulary	3087	zh-Hant	zh-Hant	拙	"[""手""]"	[]		"[""zh-Hant.frequency.3139"",""zh.radical.kangxi.064""]"	[]	[]	sources/characters.tsv	frequency-order position 3087; corpus frequency rank 3139; Ministry common-character number 1541	拙: frequency-order position 3087; corpus frequency rank 3139; 11 appearances (0.00091%); Unihan kRSUnicode 64.5; Kangxi radical 64 手; Unihan kRSUnicode single radical assignment.	[]	"[""chinese"",""traditional"",""radicals"",""frequency"",""character-to-radical"",""one-way"",""part-16""]"
zh-traditional-radicals-frequency-xvi/3088/character-to-radical	XVI	vocabulary	3088	zh-Hant	zh-Hant	灸	"[""火""]"	[]		"[""zh-Hant.frequency.3140"",""zh.radical.kangxi.086""]"	[]	[]	sources/characters.tsv	frequency-order position 3088; corpus frequency rank 3140; Ministry common-character number 2388	灸: frequency-order position 3088; corpus frequency rank 3140; 11 appearances (0.00091%); Unihan kRSUnicode 86.3; Kangxi radical 86 火; Unihan kRSUnicode single radical assignment.	[]	"[""chinese"",""traditional"",""radicals"",""frequency"",""character-to-radical"",""one-way"",""part-16""]"
zh-traditional-radicals-frequency-xvi/3089/character-to-radical	XVI	vocabulary	3089	zh-Hant	zh-Hant	迄	"[""辵""]"	[]		"[""zh-Hant.frequency.3141"",""zh.radical.kangxi.162""]"	[]	[]	sources/characters.tsv	frequency-order position 3089; corpus frequency rank 3141; Ministry common-character number 4115	迄: frequency-order position 3089; corpus frequency rank 3141; 11 appearances (0.00091%); Unihan kRSUnicode 162.3; Kangxi radical 162 辵; Unihan kRSUnicode single radical assignment.	[]	"[""chinese"",""traditional"",""radicals"",""frequency"",""character-to-radical"",""one-way"",""part-16""]"
zh-traditional-radicals-frequency-xvi/3090/character-to-radical	XVI	vocabulary	3090	zh-Hant	zh-Hant	忱	"[""心""]"	[]		"[""zh-Hant.frequency.3142"",""zh.radical.kangxi.061""]"	[]	[]	sources/characters.tsv	frequency-order position 3090; corpus frequency rank 3142; Ministry common-character number 1313	忱: frequency-order position 3090; corpus frequency rank 3142; 11 appearances (0.00091%); Unihan kRSUnicode 61.4; Kangxi radical 61 心; Unihan kRSUnicode single radical assignment.	[]	"[""chinese"",""traditional"",""radicals"",""frequency"",""character-to-radical"",""one-way"",""part-16""]"
zh-traditional-radicals-frequency-xvi/3091/character-to-radical	XVI	vocabulary	3091	zh-Hant	zh-Hant	迢	"[""辵""]"	[]		"[""zh-Hant.frequency.3143"",""zh.radical.kangxi.162""]"	[]	[]	sources/characters.tsv	frequency-order position 3091; corpus frequency rank 3143; Ministry common-character number 4122	迢: frequency-order position 3091; corpus frequency rank 3143; 11 appearances (0.00091%); Unihan kRSUnicode 162.5; Kangxi radical 162 辵; Unihan kRSUnicode single radical assignment.	[]	"[""chinese"",""traditional"",""radicals"",""frequency"",""character-to-radical"",""one-way"",""part-16""]"
zh-traditional-radicals-frequency-xvi/3092/character-to-radical	XVI	vocabulary	3092	zh-Hant	zh-Hant	昧	"[""日""]"	[]		"[""zh-Hant.frequency.3144"",""zh.radical.kangxi.072""]"	[]	[]	sources/characters.tsv	frequency-order position 3092; corpus frequency rank 3144; Ministry common-character number 1790	昧: frequency-order position 3092; corpus frequency rank 3144; 11 appearances (0.00091%); Unihan kRSUnicode 72.5; Kangxi radical 72 日; Unihan kRSUnicode single radical assignment.	[]	"[""chinese"",""traditional"",""radicals"",""frequency"",""character-to-radical"",""one-way"",""part-16""]"
zh-traditional-radicals-frequency-xvi/3093/character-to-radical	XVI	vocabulary	3093	zh-Hant	zh-Hant	祿	"[""示""]"	[]		"[""zh-Hant.frequency.3145"",""zh.radical.kangxi.113""]"	[]	[]	sources/characters.tsv	frequency-order position 3093; corpus frequency rank 3145; Ministry common-character number 2898	祿: frequency-order position 3093; corpus frequency rank 3145; 11 appearances (0.00091%); Unihan kRSUnicode 113.8; Kangxi radical 113 示; Unihan kRSUnicode single radical assignment.	[]	"[""chinese"",""traditional"",""radicals"",""frequency"",""character-to-radical"",""one-way"",""part-16""]"
zh-traditional-radicals-frequency-xvi/3094/character-to-radical	XVI	vocabulary	3094	zh-Hant	zh-Hant	摧	"[""手""]"	[]		"[""zh-Hant.frequency.3146"",""zh.radical.kangxi.064""]"	[]	[]	sources/characters.tsv	frequency-order position 3094; corpus frequency rank 3146; Ministry common-character number 1657	摧: frequency-order position 3094; corpus frequency rank 3146; 11 appearances (0.00091%); Unihan kRSUnicode 64.11; Kangxi radical 64 手; Unihan kRSUnicode single radical assignment.	[]	"[""chinese"",""traditional"",""radicals"",""frequency"",""character-to-radical"",""one-way"",""part-16""]"
zh-traditional-radicals-frequency-xvi/3095/character-to-radical	XVI	vocabulary	3095	zh-Hant	zh-Hant	俏	"[""人""]"	[]		"[""zh-Hant.frequency.3147"",""zh.radical.kangxi.009""]"	[]	[]	sources/characters.tsv	frequency-order position 3095; corpus frequency rank 3147; Ministry common-character number 154	俏: frequency-order position 3095; corpus frequency rank 3147; 11 appearances (0.00091%); Unihan kRSUnicode 9.7; Kangxi radical 9 人; Unihan kRSUnicode single radical assignment.	[]	"[""chinese"",""traditional"",""radicals"",""frequency"",""character-to-radical"",""one-way"",""part-16""]"
zh-traditional-radicals-frequency-xvi/3096/character-to-radical	XVI	vocabulary	3096	zh-Hant	zh-Hant	翡	"[""羽""]"	[]		"[""zh-Hant.frequency.3148"",""zh.radical.kangxi.124""]"	[]	[]	sources/characters.tsv	frequency-order position 3096; corpus frequency rank 3148; Ministry common-character number 3241	翡: frequency-order position 3096; corpus frequency rank 3148; 11 appearances (0.00091%); Unihan kRSUnicode 124.8; Kangxi radical 124 羽; Unihan kRSUnicode single radical assignment.	[]	"[""chinese"",""traditional"",""radicals"",""frequency"",""character-to-radical"",""one-way"",""part-16""]"
zh-traditional-radicals-frequency-xvi/3097/character-to-radical	XVI	vocabulary	3097	zh-Hant	zh-Hant	耿	"[""耳""]"	[]		"[""zh-Hant.frequency.3149"",""zh.radical.kangxi.128""]"	[]	[]	sources/characters.tsv	frequency-order position 3097; corpus frequency rank 3149; Ministry common-character number 3267	耿: frequency-order position 3097; corpus frequency rank 3149; 11 appearances (0.00091%); Unihan kRSUnicode 128.4; Kangxi radical 128 耳; Unihan kRSUnicode single radical assignment.	[]	"[""chinese"",""traditional"",""radicals"",""frequency"",""character-to-radical"",""one-way"",""part-16""]"
zh-traditional-radicals-frequency-xvi/3098/character-to-radical	XVI	vocabulary	3098	zh-Hant	zh-Hant	筠	"[""竹""]"	[]		"[""zh-Hant.frequency.3150"",""zh.radical.kangxi.118""]"	[]	[]	sources/characters.tsv	frequency-order position 3098; corpus frequency rank 3150; Ministry common-character number 3008	筠: frequency-order position 3098; corpus frequency rank 3150; 11 appearances (0.00091%); Unihan kRSUnicode 118.7; Kangxi radical 118 竹; Unihan kRSUnicode single radical assignment.	[]	"[""chinese"",""traditional"",""radicals"",""frequency"",""character-to-radical"",""one-way"",""part-16""]"
zh-traditional-radicals-frequency-xvi/3099/character-to-radical	XVI	vocabulary	3099	zh-Hant	zh-Hant	虔	"[""虍""]"	[]		"[""zh-Hant.frequency.3151"",""zh.radical.kangxi.141""]"	[]	[]	sources/characters.tsv	frequency-order position 3099; corpus frequency rank 3151; Ministry common-character number 3606	虔: frequency-order position 3099; corpus frequency rank 3151; 11 appearances (0.00091%); Unihan kRSUnicode 141.4; Kangxi radical 141 虍; Unihan kRSUnicode single radical assignment.	[]	"[""chinese"",""traditional"",""radicals"",""frequency"",""character-to-radical"",""one-way"",""part-16""]"
zh-traditional-radicals-frequency-xvi/3100/character-to-radical	XVI	vocabulary	3100	zh-Hant	zh-Hant	瑤	"[""玉""]"	[]		"[""zh-Hant.frequency.3152"",""zh.radical.kangxi.096""]"	[]	[]	sources/characters.tsv	frequency-order position 3100; corpus frequency rank 3152; Ministry common-character number 2594	瑤: frequency-order position 3100; corpus frequency rank 3152; 11 appearances (0.00091%); Unihan kRSUnicode 96.10; Kangxi radical 96 玉; Unihan kRSUnicode single radical assignment.	[]	"[""chinese"",""traditional"",""radicals"",""frequency"",""character-to-radical"",""one-way"",""part-16""]"
zh-traditional-radicals-frequency-xvi/3101/character-to-radical	XVI	vocabulary	3101	zh-Hant	zh-Hant	匪	"[""匚""]"	[]		"[""zh-Hant.frequency.3153"",""zh.radical.kangxi.022""]"	[]	[]	sources/characters.tsv	frequency-order position 3101; corpus frequency rank 3153; Ministry common-character number 422	匪: frequency-order position 3101; corpus frequency rank 3153; 11 appearances (0.00091%); Unihan kRSUnicode 22.8; Kangxi radical 22 匚; Unihan kRSUnicode single radical assignment.	[]	"[""chinese"",""traditional"",""radicals"",""frequency"",""character-to-radical"",""one-way"",""part-16""]"
zh-traditional-radicals-frequency-xvi/3102/character-to-radical	XVI	vocabulary	3102	zh-Hant	zh-Hant	酵	"[""酉""]"	[]		"[""zh-Hant.frequency.3154"",""zh.radical.kangxi.164""]"	[]	[]	sources/characters.tsv	frequency-order position 3102; corpus frequency rank 3154; Ministry common-character number 4237	酵: frequency-order position 3102; corpus frequency rank 3154; 11 appearances (0.00091%); Unihan kRSUnicode 164.7; Kangxi radical 164 酉; Unihan kRSUnicode single radical assignment.	[]	"[""chinese"",""traditional"",""radicals"",""frequency"",""character-to-radical"",""one-way"",""part-16""]"
zh-traditional-radicals-frequency-xvi/3103/character-to-radical	XVI	vocabulary	3103	zh-Hant	zh-Hant	焉	"[""火""]"	[]		"[""zh-Hant.frequency.3155"",""zh.radical.kangxi.086""]"	[]	[]	sources/characters.tsv	frequency-order position 3103; corpus frequency rank 3155; Ministry common-character number 2409	焉: frequency-order position 3103; corpus frequency rank 3155; 11 appearances (0.00091%); Unihan kRSUnicode 86.7; Kangxi radical 86 火; Unihan kRSUnicode single radical assignment.	[]	"[""chinese"",""traditional"",""radicals"",""frequency"",""character-to-radical"",""one-way"",""part-16""]"
zh-traditional-radicals-frequency-xvi/3104/character-to-radical	XVI	vocabulary	3104	zh-Hant	zh-Hant	鄙	"[""邑""]"	[]		"[""zh-Hant.frequency.3156"",""zh.radical.kangxi.163""]"	[]	[]	sources/characters.tsv	frequency-order position 3104; corpus frequency rank 3156; Ministry common-character number 4219	鄙: frequency-order position 3104; corpus frequency rank 3156; 11 appearances (0.00091%); Unihan kRSUnicode 163.11; Kangxi radical 163 邑; Unihan kRSUnicode single radical assignment.	[]	"[""chinese"",""traditional"",""radicals"",""frequency"",""character-to-radical"",""one-way"",""part-16""]"
zh-traditional-radicals-frequency-xvi/3105/character-to-radical	XVI	vocabulary	3105	zh-Hant	zh-Hant	淮	"[""水""]"	[]		"[""zh-Hant.frequency.3157"",""zh.radical.kangxi.085""]"	[]	[]	sources/characters.tsv	frequency-order position 3105; corpus frequency rank 3157; Ministry common-character number 2244	淮: frequency-order position 3105; corpus frequency rank 3157; 11 appearances (0.00091%); Unihan kRSUnicode 85.8; Kangxi radical 85 水; Unihan kRSUnicode single radical assignment.	[]	"[""chinese"",""traditional"",""radicals"",""frequency"",""character-to-radical"",""one-way"",""part-16""]"
zh-traditional-radicals-frequency-xvi/3106/character-to-radical	XVI	vocabulary	3106	zh-Hant	zh-Hant	瓢	"[""瓜""]"	[]		"[""zh-Hant.frequency.3158"",""zh.radical.kangxi.097""]"	[]	[]	sources/characters.tsv	frequency-order position 3106; corpus frequency rank 3158; Ministry common-character number 2612	瓢: frequency-order position 3106; corpus frequency rank 3158; 11 appearances (0.00091%); Unihan kRSUnicode 97.11; Kangxi radical 97 瓜; Unihan kRSUnicode single radical assignment.	[]	"[""chinese"",""traditional"",""radicals"",""frequency"",""character-to-radical"",""one-way"",""part-16""]"
zh-traditional-radicals-frequency-xvi/3107/character-to-radical	XVI	vocabulary	3107	zh-Hant	zh-Hant	皎	"[""白""]"	[]		"[""zh-Hant.frequency.3159"",""zh.radical.kangxi.106""]"	[]	[]	sources/characters.tsv	frequency-order position 3107; corpus frequency rank 3159; Ministry common-character number 2728	皎: frequency-order position 3107; corpus frequency rank 3159; 11 appearances (0.00091%); Unihan kRSUnicode 106.6; Kangxi radical 106 白; Unihan kRSUnicode single radical assignment.	[]	"[""chinese"",""traditional"",""radicals"",""frequency"",""character-to-radical"",""one-way"",""part-16""]"
zh-traditional-radicals-frequency-xvi/3108/character-to-radical	XVI	vocabulary	3108	zh-Hant	zh-Hant	頹	"[""頁""]"	[]		"[""zh-Hant.frequency.3160"",""zh.radical.kangxi.181""]"	[]	[]	sources/characters.tsv	frequency-order position 3108; corpus frequency rank 3160; Ministry common-character number 4556	頹: frequency-order position 3108; corpus frequency rank 3160; 11 appearances (0.00091%); Unihan kRSUnicode 181.7; Kangxi radical 181 頁; Unihan kRSUnicode single radical assignment.	[]	"[""chinese"",""traditional"",""radicals"",""frequency"",""character-to-radical"",""one-way"",""part-16""]"
zh-traditional-radicals-frequency-xvi/3109/character-to-radical	XVI	vocabulary	3109	zh-Hant	zh-Hant	廂	"[""广""]"	[]		"[""zh-Hant.frequency.3161"",""zh.radical.kangxi.053""]"	[]	[]	sources/characters.tsv	frequency-order position 3109; corpus frequency rank 3161; Ministry common-character number 1221	廂: frequency-order position 3109; corpus frequency rank 3161; 11 appearances (0.00091%); Unihan kRSUnicode 53.9; Kangxi radical 53 广; Unihan kRSUnicode single radical assignment.	[]	"[""chinese"",""traditional"",""radicals"",""frequency"",""character-to-radical"",""one-way"",""part-16""]"
zh-traditional-radicals-frequency-xvi/3110/character-to-radical	XVI	vocabulary	3110	zh-Hant	zh-Hant	瞰	"[""目""]"	[]		"[""zh-Hant.frequency.3162"",""zh.radical.kangxi.109""]"	[]	[]	sources/characters.tsv	frequency-order position 3110; corpus frequency rank 3162; Ministry common-character number 2803	瞰: frequency-order position 3110; corpus frequency rank 3162; 11 appearances (0.00091%); Unihan kRSUnicode 109.12; Kangxi radical 109 目; Unihan kRSUnicode single radical assignment.	[]	"[""chinese"",""traditional"",""radicals"",""frequency"",""character-to-radical"",""one-way"",""part-16""]"
zh-traditional-radicals-frequency-xvi/3111/character-to-radical	XVI	vocabulary	3111	zh-Hant	zh-Hant	袱	"[""衣""]"	[]		"[""zh-Hant.frequency.3163"",""zh.radical.kangxi.145""]"	[]	[]	sources/characters.tsv	frequency-order position 3111; corpus frequency rank 3163; Ministry common-character number 3725	袱: frequency-order position 3111; corpus frequency rank 3163; 11 appearances (0.00091%); Unihan kRSUnicode 145.6; Kangxi radical 145 衣; Unihan kRSUnicode single radical assignment.	[]	"[""chinese"",""traditional"",""radicals"",""frequency"",""character-to-radical"",""one-way"",""part-16""]"
zh-traditional-radicals-frequency-xvi/3112/character-to-radical	XVI	vocabulary	3112	zh-Hant	zh-Hant	蕪	"[""艸""]"	[]		"[""zh-Hant.frequency.3164"",""zh.radical.kangxi.140""]"	[]	[]	sources/characters.tsv	frequency-order position 3112; corpus frequency rank 3164; Ministry common-character number 3569	蕪: frequency-order position 3112; corpus frequency rank 3164; 11 appearances (0.00091%); Unihan kRSUnicode 140.12; Kangxi radical 140 艸; Unihan kRSUnicode single radical assignment.	[]	"[""chinese"",""traditional"",""radicals"",""frequency"",""character-to-radical"",""one-way"",""part-16""]"
zh-traditional-radicals-frequency-xvi/3113/character-to-radical	XVI	vocabulary	3113	zh-Hant	zh-Hant	嗇	"[""口""]"	[]		"[""zh-Hant.frequency.3165"",""zh.radical.kangxi.030""]"	[]	[]	sources/characters.tsv	frequency-order position 3113; corpus frequency rank 3165; Ministry common-character number 651	嗇: frequency-order position 3113; corpus frequency rank 3165; 11 appearances (0.00091%); Unihan kRSUnicode 30.10; Kangxi radical 30 口; Unihan kRSUnicode single radical assignment.	[]	"[""chinese"",""traditional"",""radicals"",""frequency"",""character-to-radical"",""one-way"",""part-16""]"
zh-traditional-radicals-frequency-xvi/3114/character-to-radical	XVI	vocabulary	3114	zh-Hant	zh-Hant	罹	"[""网""]"	[]		"[""zh-Hant.frequency.3166"",""zh.radical.kangxi.122""]"	[]	[]	sources/characters.tsv	frequency-order position 3114; corpus frequency rank 3166; Ministry common-character number 3212	罹: frequency-order position 3114; corpus frequency rank 3166; 11 appearances (0.00091%); Unihan kRSUnicode 122.11; Kangxi radical 122 网; Unihan kRSUnicode single radical assignment.	[]	"[""chinese"",""traditional"",""radicals"",""frequency"",""character-to-radical"",""one-way"",""part-16""]"
zh-traditional-radicals-frequency-xvi/3115/character-to-radical	XVI	vocabulary	3115	zh-Hant	zh-Hant	凳	"[""几""]"	[]		"[""zh-Hant.frequency.3167"",""zh.radical.kangxi.016""]"	[]	[]	sources/characters.tsv	frequency-order position 3115; corpus frequency rank 3167; Ministry common-character number 322	凳: frequency-order position 3115; corpus frequency rank 3167; 11 appearances (0.00091%); Unihan kRSUnicode 16.12; Kangxi radical 16 几; Unihan kRSUnicode single radical assignment.	[]	"[""chinese"",""traditional"",""radicals"",""frequency"",""character-to-radical"",""one-way"",""part-16""]"
zh-traditional-radicals-frequency-xvi/3116/character-to-radical	XVI	vocabulary	3116	zh-Hant	zh-Hant	簇	"[""竹""]"	[]		"[""zh-Hant.frequency.3168"",""zh.radical.kangxi.118""]"	[]	[]	sources/characters.tsv	frequency-order position 3116; corpus frequency rank 3168; Ministry common-character number 3031	簇: frequency-order position 3116; corpus frequency rank 3168; 11 appearances (0.00091%); Unihan kRSUnicode 118.11; Kangxi radical 118 竹; Unihan kRSUnicode single radical assignment.	[]	"[""chinese"",""traditional"",""radicals"",""frequency"",""character-to-radical"",""one-way"",""part-16""]"
zh-traditional-radicals-frequency-xvi/3117/character-to-radical	XVI	vocabulary	3117	zh-Hant	zh-Hant	檸	"[""木""]"	[]		"[""zh-Hant.frequency.3170"",""zh.radical.kangxi.075""]"	[]	[]	sources/characters.tsv	frequency-order position 3117; corpus frequency rank 3170; Ministry common-character number 2042	檸: frequency-order position 3117; corpus frequency rank 3170; 11 appearances (0.00091%); Unihan kRSUnicode 75.14; Kangxi radical 75 木; Unihan kRSUnicode single radical assignment.	[]	"[""chinese"",""traditional"",""radicals"",""frequency"",""character-to-radical"",""one-way"",""part-16""]"
zh-traditional-radicals-frequency-xvi/3118/character-to-radical	XVI	vocabulary	3118	zh-Hant	zh-Hant	盎	"[""皿""]"	[]		"[""zh-Hant.frequency.3171"",""zh.radical.kangxi.108""]"	[]	[]	sources/characters.tsv	frequency-order position 3118; corpus frequency rank 3171; Ministry common-character number 2743	盎: frequency-order position 3118; corpus frequency rank 3171; 11 appearances (0.00091%); Unihan kRSUnicode 108.5; Kangxi radical 108 皿; Unihan kRSUnicode single radical assignment.	[]	"[""chinese"",""traditional"",""radicals"",""frequency"",""character-to-radical"",""one-way"",""part-16""]"
zh-traditional-radicals-frequency-xvi/3119/character-to-radical	XVI	vocabulary	3119	zh-Hant	zh-Hant	諷	"[""言""]"	[]		"[""zh-Hant.frequency.3172"",""zh.radical.kangxi.149""]"	[]	[]	sources/characters.tsv	frequency-order position 3119; corpus frequency rank 3172; Ministry common-character number 3869	諷: frequency-order position 3119; corpus frequency rank 3172; 11 appearances (0.00091%); Unihan kRSUnicode 149.9; Kangxi radical 149 言; Unihan kRSUnicode single radical assignment.	[]	"[""chinese"",""traditional"",""radicals"",""frequency"",""character-to-radical"",""one-way"",""part-16""]"
zh-traditional-radicals-frequency-xvi/3120/character-to-radical	XVI	vocabulary	3120	zh-Hant	zh-Hant	崁	"[""山""]"	[]		"[""zh-Hant.frequency.3173"",""zh.radical.kangxi.046""]"	[]	[]	sources/characters.tsv	frequency-order position 3120; corpus frequency rank 3173; Ministry common-character number 1121	崁: frequency-order position 3120; corpus frequency rank 3173; 11 appearances (0.00091%); Unihan kRSUnicode 46.7; Kangxi radical 46 山; Unihan kRSUnicode single radical assignment.	[]	"[""chinese"",""traditional"",""radicals"",""frequency"",""character-to-radical"",""one-way"",""part-16""]"
zh-traditional-radicals-frequency-xvi/3121/character-to-radical	XVI	vocabulary	3121	zh-Hant	zh-Hant	磯	"[""石""]"	[]		"[""zh-Hant.frequency.3174"",""zh.radical.kangxi.112""]"	[]	[]	sources/characters.tsv	frequency-order position 3121; corpus frequency rank 3174; Ministry common-character number 2869	磯: frequency-order position 3121; corpus frequency rank 3174; 11 appearances (0.00091%); Unihan kRSUnicode 112.12; Kangxi radical 112 石; Unihan kRSUnicode single radical assignment.	[]	"[""chinese"",""traditional"",""radicals"",""frequency"",""character-to-radical"",""one-way"",""part-16""]"
zh-traditional-radicals-frequency-xvi/3122/character-to-radical	XVI	vocabulary	3122	zh-Hant	zh-Hant	竄	"[""穴""]"	[]		"[""zh-Hant.frequency.3176"",""zh.radical.kangxi.116""]"	[]	[]	sources/characters.tsv	frequency-order position 3122; corpus frequency rank 3176; Ministry common-character number 2973	竄: frequency-order position 3122; corpus frequency rank 3176; 11 appearances (0.00091%); Unihan kRSUnicode 116.13; Kangxi radical 116 穴; Unihan kRSUnicode single radical assignment.	[]	"[""chinese"",""traditional"",""radicals"",""frequency"",""character-to-radical"",""one-way"",""part-16""]"
zh-traditional-radicals-frequency-xvi/3123/character-to-radical	XVI	vocabulary	3123	zh-Hant	zh-Hant	羚	"[""羊""]"	[]		"[""zh-Hant.frequency.3177"",""zh.radical.kangxi.123""]"	[]	[]	sources/characters.tsv	frequency-order position 3123; corpus frequency rank 3177; Ministry common-character number 3221	羚: frequency-order position 3123; corpus frequency rank 3177; 11 appearances (0.00091%); Unihan kRSUnicode 123.5; Kangxi radical 123 羊; Unihan kRSUnicode single radical assignment.	[]	"[""chinese"",""traditional"",""radicals"",""frequency"",""character-to-radical"",""one-way"",""part-16""]"
zh-traditional-radicals-frequency-xvi/3124/character-to-radical	XVI	vocabulary	3124	zh-Hant	zh-Hant	甥	"[""生""]"	[]		"[""zh-Hant.frequency.3179"",""zh.radical.kangxi.100""]"	[]	[]	sources/characters.tsv	frequency-order position 3124; corpus frequency rank 3179; Ministry common-character number 2625	甥: frequency-order position 3124; corpus frequency rank 3179; 11 appearances (0.00091%); Unihan kRSUnicode 100.7; Kangxi radical 100 生; Unihan kRSUnicode single radical assignment.	[]	"[""chinese"",""traditional"",""radicals"",""frequency"",""character-to-radical"",""one-way"",""part-16""]"
zh-traditional-radicals-frequency-xvi/3125/character-to-radical	XVI	vocabulary	3125	zh-Hant	zh-Hant	闡	"[""門""]"	[]		"[""zh-Hant.frequency.3180"",""zh.radical.kangxi.169""]"	[]	[]	sources/characters.tsv	frequency-order position 3125; corpus frequency rank 3180; Ministry common-character number 4399	闡: frequency-order position 3125; corpus frequency rank 3180; 11 appearances (0.00091%); Unihan kRSUnicode 169.12; Kangxi radical 169 門; Unihan kRSUnicode single radical assignment.	[]	"[""chinese"",""traditional"",""radicals"",""frequency"",""character-to-radical"",""one-way"",""part-16""]"
zh-traditional-radicals-frequency-xvi/3126/character-to-radical	XVI	vocabulary	3126	zh-Hant	zh-Hant	祇	"[""示""]"	[]		"[""zh-Hant.frequency.3181"",""zh.radical.kangxi.113""]"	[]	[]	sources/characters.tsv	frequency-order position 3126; corpus frequency rank 3181; Ministry common-character number 2884	祇: frequency-order position 3126; corpus frequency rank 3181; 11 appearances (0.00091%); Unihan kRSUnicode 113.4; Kangxi radical 113 示; Unihan kRSUnicode single radical assignment.	[]	"[""chinese"",""traditional"",""radicals"",""frequency"",""character-to-radical"",""one-way"",""part-16""]"
zh-traditional-radicals-frequency-xvi/3127/character-to-radical	XVI	vocabulary	3127	zh-Hant	zh-Hant	籟	"[""竹""]"	[]		"[""zh-Hant.frequency.3182"",""zh.radical.kangxi.118""]"	[]	[]	sources/characters.tsv	frequency-order position 3127; corpus frequency rank 3182; Ministry common-character number 3051	籟: frequency-order position 3127; corpus frequency rank 3182; 11 appearances (0.00091%); Unihan kRSUnicode 118.16; Kangxi radical 118 竹; Unihan kRSUnicode single radical assignment.	[]	"[""chinese"",""traditional"",""radicals"",""frequency"",""character-to-radical"",""one-way"",""part-16""]"
zh-traditional-radicals-frequency-xvi/3128/character-to-radical	XVI	vocabulary	3128	zh-Hant	zh-Hant	逍	"[""辵""]"	[]		"[""zh-Hant.frequency.3183"",""zh.radical.kangxi.162""]"	[]	[]	sources/characters.tsv	frequency-order position 3128; corpus frequency rank 3183; Ministry common-character number 4137	逍: frequency-order position 3128; corpus frequency rank 3183; 11 appearances (0.00091%); Unihan kRSUnicode 162.7; Kangxi radical 162 辵; Unihan kRSUnicode single radical assignment.	[]	"[""chinese"",""traditional"",""radicals"",""frequency"",""character-to-radical"",""one-way"",""part-16""]"
zh-traditional-radicals-frequency-xvi/3129/character-to-radical	XVI	vocabulary	3129	zh-Hant	zh-Hant	敞	"[""攴""]"	[]		"[""zh-Hant.frequency.3184"",""zh.radical.kangxi.066""]"	[]	[]	sources/characters.tsv	frequency-order position 3129; corpus frequency rank 3184; Ministry common-character number 1731	敞: frequency-order position 3129; corpus frequency rank 3184; 11 appearances (0.00091%); Unihan kRSUnicode 66.8; Kangxi radical 66 攴; Unihan kRSUnicode single radical assignment.	[]	"[""chinese"",""traditional"",""radicals"",""frequency"",""character-to-radical"",""one-way"",""part-16""]"
zh-traditional-radicals-frequency-xvi/3130/character-to-radical	XVI	vocabulary	3130	zh-Hant	zh-Hant	艇	"[""舟""]"	[]		"[""zh-Hant.frequency.3185"",""zh.radical.kangxi.137""]"	[]	[]	sources/characters.tsv	frequency-order position 3130; corpus frequency rank 3185; Ministry common-character number 3420	艇: frequency-order position 3130; corpus frequency rank 3185; 11 appearances (0.00091%); Unihan kRSUnicode 137.7; Kangxi radical 137 舟; Unihan kRSUnicode single radical assignment.	[]	"[""chinese"",""traditional"",""radicals"",""frequency"",""character-to-radical"",""one-way"",""part-16""]"
zh-traditional-radicals-frequency-xvi/3131/character-to-radical	XVI	vocabulary	3131	zh-Hant	zh-Hant	剔	"[""刀""]"	[]		"[""zh-Hant.frequency.3186"",""zh.radical.kangxi.018""]"	[]	[]	sources/characters.tsv	frequency-order position 3131; corpus frequency rank 3186; Ministry common-character number 361	剔: frequency-order position 3131; corpus frequency rank 3186; 11 appearances (0.00091%); Unihan kRSUnicode 18.8; Kangxi radical 18 刀; Unihan kRSUnicode single radical assignment.	[]	"[""chinese"",""traditional"",""radicals"",""frequency"",""character-to-radical"",""one-way"",""part-16""]"
zh-traditional-radicals-frequency-xvi/3132/character-to-radical	XVI	vocabulary	3132	zh-Hant	zh-Hant	淇	"[""水""]"	[]		"[""zh-Hant.frequency.3187"",""zh.radical.kangxi.085""]"	[]	[]	sources/characters.tsv	frequency-order position 3132; corpus frequency rank 3187; Ministry common-character number 2225	淇: frequency-order position 3132; corpus frequency rank 3187; 11 appearances (0.00091%); Unihan kRSUnicode 85.8; Kangxi radical 85 水; Unihan kRSUnicode single radical assignment.	[]	"[""chinese"",""traditional"",""radicals"",""frequency"",""character-to-radical"",""one-way"",""part-16""]"
zh-traditional-radicals-frequency-xvi/3133/character-to-radical	XVI	vocabulary	3133	zh-Hant	zh-Hant	簷	"[""竹""]"	[]		"[""zh-Hant.frequency.3188"",""zh.radical.kangxi.118""]"	[]	[]	sources/characters.tsv	frequency-order position 3133; corpus frequency rank 3188; Ministry common-character number 3045	簷: frequency-order position 3133; corpus frequency rank 3188; 11 appearances (0.00091%); Unihan kRSUnicode 118.13; Kangxi radical 118 竹; Unihan kRSUnicode single radical assignment.	[]	"[""chinese"",""traditional"",""radicals"",""frequency"",""character-to-radical"",""one-way"",""part-16""]"
zh-traditional-radicals-frequency-xvi/3134/character-to-radical	XVI	vocabulary	3134	zh-Hant	zh-Hant	襪	"[""衣""]"	[]		"[""zh-Hant.frequency.3189"",""zh.radical.kangxi.145""]"	[]	[]	sources/characters.tsv	frequency-order position 3134; corpus frequency rank 3189; Ministry common-character number 3759	襪: frequency-order position 3134; corpus frequency rank 3189; 11 appearances (0.00091%); Unihan kRSUnicode 145.15; Kangxi radical 145 衣; Unihan kRSUnicode single radical assignment.	[]	"[""chinese"",""traditional"",""radicals"",""frequency"",""character-to-radical"",""one-way"",""part-16""]"
zh-traditional-radicals-frequency-xvi/3135/character-to-radical	XVI	vocabulary	3135	zh-Hant	zh-Hant	蠍	"[""虫""]"	[]		"[""zh-Hant.frequency.3190"",""zh.radical.kangxi.142""]"	[]	[]	sources/characters.tsv	frequency-order position 3135; corpus frequency rank 3190; Ministry common-character number 3686	蠍: frequency-order position 3135; corpus frequency rank 3190; 11 appearances (0.00091%); Unihan kRSUnicode 142.13; Kangxi radical 142 虫; Unihan kRSUnicode single radical assignment.	[]	"[""chinese"",""traditional"",""radicals"",""frequency"",""character-to-radical"",""one-way"",""part-16""]"
zh-traditional-radicals-frequency-xvi/3136/character-to-radical	XVI	vocabulary	3136	zh-Hant	zh-Hant	嚨	"[""口""]"	[]		"[""zh-Hant.frequency.3191"",""zh.radical.kangxi.030""]"	[]	[]	sources/characters.tsv	frequency-order position 3136; corpus frequency rank 3191; Ministry common-character number 711	嚨: frequency-order position 3136; corpus frequency rank 3191; 11 appearances (0.00091%); Unihan kRSUnicode 30.16; Kangxi radical 30 口; Unihan kRSUnicode single radical assignment.	[]	"[""chinese"",""traditional"",""radicals"",""frequency"",""character-to-radical"",""one-way"",""part-16""]"
zh-traditional-radicals-frequency-xvi/3137/character-to-radical	XVI	vocabulary	3137	zh-Hant	zh-Hant	聶	"[""耳""]"	[]		"[""zh-Hant.frequency.3192"",""zh.radical.kangxi.128""]"	[]	[]	sources/characters.tsv	frequency-order position 3137; corpus frequency rank 3192; Ministry common-character number 3280	聶: frequency-order position 3137; corpus frequency rank 3192; 11 appearances (0.00091%); Unihan kRSUnicode 128.12; Kangxi radical 128 耳; Unihan kRSUnicode single radical assignment.	[]	"[""chinese"",""traditional"",""radicals"",""frequency"",""character-to-radical"",""one-way"",""part-16""]"
zh-traditional-radicals-frequency-xvi/3138/character-to-radical	XVI	vocabulary	3138	zh-Hant	zh-Hant	簸	"[""竹""]"	[]		"[""zh-Hant.frequency.3193"",""zh.radical.kangxi.118""]"	[]	[]	sources/characters.tsv	frequency-order position 3138; corpus frequency rank 3193; Ministry common-character number 3043	簸: frequency-order position 3138; corpus frequency rank 3193; 11 appearances (0.00091%); Unihan kRSUnicode 118.13; Kangxi radical 118 竹; Unihan kRSUnicode single radical assignment.	[]	"[""chinese"",""traditional"",""radicals"",""frequency"",""character-to-radical"",""one-way"",""part-16""]"
zh-traditional-radicals-frequency-xvi/3139/character-to-radical	XVI	vocabulary	3139	zh-Hant	zh-Hant	瀕	"[""水""]"	[]		"[""zh-Hant.frequency.3194"",""zh.radical.kangxi.085""]"	[]	[]	sources/characters.tsv	frequency-order position 3139; corpus frequency rank 3194; Ministry common-character number 2375	瀕: frequency-order position 3139; corpus frequency rank 3194; 11 appearances (0.00091%); Unihan kRSUnicode 85.16; Kangxi radical 85 水; Unihan kRSUnicode single radical assignment.	[]	"[""chinese"",""traditional"",""radicals"",""frequency"",""character-to-radical"",""one-way"",""part-16""]"
zh-traditional-radicals-frequency-xvi/3140/character-to-radical	XVI	vocabulary	3140	zh-Hant	zh-Hant	嚥	"[""口""]"	[]		"[""zh-Hant.frequency.3195"",""zh.radical.kangxi.030""]"	[]	[]	sources/characters.tsv	frequency-order position 3140; corpus frequency rank 3195; Ministry common-character number 710	嚥: frequency-order position 3140; corpus frequency rank 3195; 11 appearances (0.00091%); Unihan kRSUnicode 30.16; Kangxi radical 30 口; Unihan kRSUnicode single radical assignment.	[]	"[""chinese"",""traditional"",""radicals"",""frequency"",""character-to-radical"",""one-way"",""part-16""]"
zh-traditional-radicals-frequency-xvi/3141/character-to-radical	XVI	vocabulary	3141	zh-Hant	zh-Hant	驪	"[""馬""]"	[]		"[""zh-Hant.frequency.3196"",""zh.radical.kangxi.187""]"	[]	[]	sources/characters.tsv	frequency-order position 3141; corpus frequency rank 3196; Ministry common-character number 4656	驪: frequency-order position 3141; corpus frequency rank 3196; 11 appearances (0.00091%); Unihan kRSUnicode 187.19; Kangxi radical 187 馬; Unihan kRSUnicode single radical assignment.	[]	"[""chinese"",""traditional"",""radicals"",""frequency"",""character-to-radical"",""one-way"",""part-16""]"
zh-traditional-radicals-frequency-xvi/3142/character-to-radical	XVI	vocabulary	3142	zh-Hant	zh-Hant	亥	"[""亠""]"	[]		"[""zh-Hant.frequency.3199"",""zh.radical.kangxi.008""]"	[]	[]	sources/characters.tsv	frequency-order position 3142; corpus frequency rank 3199; Ministry common-character number 62	亥: frequency-order position 3142; corpus frequency rank 3199; 10 appearances (0.00082%); Unihan kRSUnicode 8.4; Kangxi radical 8 亠; Unihan kRSUnicode single radical assignment.	[]	"[""chinese"",""traditional"",""radicals"",""frequency"",""character-to-radical"",""one-way"",""part-16""]"
zh-traditional-radicals-frequency-xvi/3143/character-to-radical	XVI	vocabulary	3143	zh-Hant	zh-Hant	曳	"[""曰""]"	[]		"[""zh-Hant.frequency.3200"",""zh.radical.kangxi.073""]"	[]	[]	sources/characters.tsv	frequency-order position 3143; corpus frequency rank 3200; Ministry common-character number 1832	曳: frequency-order position 3143; corpus frequency rank 3200; 10 appearances (0.00082%); Unihan kRSUnicode 73.2; Kangxi radical 73 曰; Unihan kRSUnicode single radical assignment.	[]	"[""chinese"",""traditional"",""radicals"",""frequency"",""character-to-radical"",""one-way"",""part-16""]"
zh-traditional-radicals-frequency-xvi/3144/character-to-radical	XVI	vocabulary	3144	zh-Hant	zh-Hant	叨	"[""口""]"	[]		"[""zh-Hant.frequency.3201"",""zh.radical.kangxi.030""]"	[]	[]	sources/characters.tsv	frequency-order position 3144; corpus frequency rank 3201; Ministry common-character number 487	叨: frequency-order position 3144; corpus frequency rank 3201; 10 appearances (0.00082%); Unihan kRSUnicode 30.2; Kangxi radical 30 口; Unihan kRSUnicode single radical assignment.	[]	"[""chinese"",""traditional"",""radicals"",""frequency"",""character-to-radical"",""one-way"",""part-16""]"
zh-traditional-radicals-frequency-xvi/3145/character-to-radical	XVI	vocabulary	3145	zh-Hant	zh-Hant	屹	"[""山""]"	[]		"[""zh-Hant.frequency.3202"",""zh.radical.kangxi.046""]"	[]	[]	sources/characters.tsv	frequency-order position 3145; corpus frequency rank 3202; Ministry common-character number 1101	屹: frequency-order position 3145; corpus frequency rank 3202; 10 appearances (0.00082%); Unihan kRSUnicode 46.3; Kangxi radical 46 山; Unihan kRSUnicode single radical assignment.	[]	"[""chinese"",""traditional"",""radicals"",""frequency"",""character-to-radical"",""one-way"",""part-16""]"
zh-traditional-radicals-frequency-xvi/3146/character-to-radical	XVI	vocabulary	3146	zh-Hant	zh-Hant	伕	"[""人""]"	[]		"[""zh-Hant.frequency.3203"",""zh.radical.kangxi.009""]"	[]	[]	sources/characters.tsv	frequency-order position 3146; corpus frequency rank 3203; Ministry common-character number 92	伕: frequency-order position 3146; corpus frequency rank 3203; 10 appearances (0.00082%); Unihan kRSUnicode 9.4; Kangxi radical 9 人; Unihan kRSUnicode single radical assignment.	[]	"[""chinese"",""traditional"",""radicals"",""frequency"",""character-to-radical"",""one-way"",""part-16""]"
zh-traditional-radicals-frequency-xvi/3147/character-to-radical	XVI	vocabulary	3147	zh-Hant	zh-Hant	芋	"[""艸""]"	[]		"[""zh-Hant.frequency.3204"",""zh.radical.kangxi.140""]"	[]	[]	sources/characters.tsv	frequency-order position 3147; corpus frequency rank 3204; Ministry common-character number 3430	芋: frequency-order position 3147; corpus frequency rank 3204; 10 appearances (0.00082%); Unihan kRSUnicode 140.3; Kangxi radical 140 艸; Unihan kRSUnicode single radical assignment.	[]	"[""chinese"",""traditional"",""radicals"",""frequency"",""character-to-radical"",""one-way"",""part-16""]"
zh-traditional-radicals-frequency-xvi/3148/character-to-radical	XVI	vocabulary	3148	zh-Hant	zh-Hant	冽	"[""冫""]"	[]		"[""zh-Hant.frequency.3205"",""zh.radical.kangxi.015""]"	[]	[]	sources/characters.tsv	frequency-order position 3148; corpus frequency rank 3205; Ministry common-character number 312	冽: frequency-order position 3148; corpus frequency rank 3205; 10 appearances (0.00082%); Unihan kRSUnicode 15.6; Kangxi radical 15 冫; Unihan kRSUnicode single radical assignment.	[]	"[""chinese"",""traditional"",""radicals"",""frequency"",""character-to-radical"",""one-way"",""part-16""]"
zh-traditional-radicals-frequency-xvi/3149/character-to-radical	XVI	vocabulary	3149	zh-Hant	zh-Hant	宦	"[""宀""]"	[]		"[""zh-Hant.frequency.3206"",""zh.radical.kangxi.040""]"	[]	[]	sources/characters.tsv	frequency-order position 3149; corpus frequency rank 3206; Ministry common-character number 1020	宦: frequency-order position 3149; corpus frequency rank 3206; 10 appearances (0.00082%); Unihan kRSUnicode 40.6; Kangxi radical 40 宀; Unihan kRSUnicode single radical assignment.	[]	"[""chinese"",""traditional"",""radicals"",""frequency"",""character-to-radical"",""one-way"",""part-16""]"
zh-traditional-radicals-frequency-xvi/3150/character-to-radical	XVI	vocabulary	3150	zh-Hant	zh-Hant	妾	"[""女""]"	[]		"[""zh-Hant.frequency.3207"",""zh.radical.kangxi.038""]"	[]	[]	sources/characters.tsv	frequency-order position 3150; corpus frequency rank 3207; Ministry common-character number 899	妾: frequency-order position 3150; corpus frequency rank 3207; 10 appearances (0.00082%); Unihan kRSUnicode 38.5; Kangxi radical 38 女; Unihan kRSUnicode single radical assignment.	[]	"[""chinese"",""traditional"",""radicals"",""frequency"",""character-to-radical"",""one-way"",""part-16""]"
zh-traditional-radicals-frequency-xvi/3151/character-to-radical	XVI	vocabulary	3151	zh-Hant	zh-Hant	吠	"[""口""]"	[]		"[""zh-Hant.frequency.3208"",""zh.radical.kangxi.030""]"	[]	[]	sources/characters.tsv	frequency-order position 3151; corpus frequency rank 3208; Ministry common-character number 535	吠: frequency-order position 3151; corpus frequency rank 3208; 10 appearances (0.00082%); Unihan kRSUnicode 30.4; Kangxi radical 30 口; Unihan kRSUnicode single radical assignment.	[]	"[""chinese"",""traditional"",""radicals"",""frequency"",""character-to-radical"",""one-way"",""part-16""]"
zh-traditional-radicals-frequency-xvi/3152/character-to-radical	XVI	vocabulary	3152	zh-Hant	zh-Hant	拚	"[""手""]"	[]		"[""zh-Hant.frequency.3209"",""zh.radical.kangxi.064""]"	[]	[]	sources/characters.tsv	frequency-order position 3152; corpus frequency rank 3209; Ministry common-character number 1545	拚: frequency-order position 3152; corpus frequency rank 3209; 10 appearances (0.00082%); Unihan kRSUnicode 64.5; Kangxi radical 64 手; Unihan kRSUnicode single radical assignment.	[]	"[""chinese"",""traditional"",""radicals"",""frequency"",""character-to-radical"",""one-way"",""part-16""]"
zh-traditional-radicals-frequency-xvi/3153/character-to-radical	XVI	vocabulary	3153	zh-Hant	zh-Hant	扳	"[""手""]"	[]		"[""zh-Hant.frequency.3210"",""zh.radical.kangxi.064""]"	[]	[]	sources/characters.tsv	frequency-order position 3153; corpus frequency rank 3210; Ministry common-character number 1515	扳: frequency-order position 3153; corpus frequency rank 3210; 10 appearances (0.00082%); Unihan kRSUnicode 64.4; Kangxi radical 64 手; Unihan kRSUnicode single radical assignment.	[]	"[""chinese"",""traditional"",""radicals"",""frequency"",""character-to-radical"",""one-way"",""part-16""]"
zh-traditional-radicals-frequency-xvi/3154/character-to-radical	XVI	vocabulary	3154	zh-Hant	zh-Hant	吶	"[""口""]"	[]		"[""zh-Hant.frequency.3211"",""zh.radical.kangxi.030""]"	[]	[]	sources/characters.tsv	frequency-order position 3154; corpus frequency rank 3211; Ministry common-character number 534	吶: frequency-order position 3154; corpus frequency rank 3211; 10 appearances (0.00082%); Unihan kRSUnicode 30.4; Kangxi radical 30 口; Unihan kRSUnicode single radical assignment.	[]	"[""chinese"",""traditional"",""radicals"",""frequency"",""character-to-radical"",""one-way"",""part-16""]"
zh-traditional-radicals-frequency-xvi/3155/character-to-radical	XVI	vocabulary	3155	zh-Hant	zh-Hant	垣	"[""土""]"	[]		"[""zh-Hant.frequency.3212"",""zh.radical.kangxi.032""]"	[]	[]	sources/characters.tsv	frequency-order position 3155; corpus frequency rank 3212; Ministry common-character number 767	垣: frequency-order position 3155; corpus frequency rank 3212; 10 appearances (0.00082%); Unihan kRSUnicode 32.6; Kangxi radical 32 土; Unihan kRSUnicode single radical assignment.	[]	"[""chinese"",""traditional"",""radicals"",""frequency"",""character-to-radical"",""one-way"",""part-16""]"
zh-traditional-radicals-frequency-xvi/3156/character-to-radical	XVI	vocabulary	3156	zh-Hant	zh-Hant	侶	"[""人""]"	[]		"[""zh-Hant.frequency.3213"",""zh.radical.kangxi.009""]"	[]	[]	sources/characters.tsv	frequency-order position 3156; corpus frequency rank 3213; Ministry common-character number 157	侶: frequency-order position 3156; corpus frequency rank 3213; 10 appearances (0.00082%); Unihan kRSUnicode 9.7; Kangxi radical 9 人; Unihan kRSUnicode single radical assignment.	[]	"[""chinese"",""traditional"",""radicals"",""frequency"",""character-to-radical"",""one-way"",""part-16""]"
zh-traditional-radicals-frequency-xvi/3157/character-to-radical	XVI	vocabulary	3157	zh-Hant	zh-Hant	迦	"[""辵""]"	[]		"[""zh-Hant.frequency.3214"",""zh.radical.kangxi.162""]"	[]	[]	sources/characters.tsv	frequency-order position 3157; corpus frequency rank 3214; Ministry common-character number 4121	迦: frequency-order position 3157; corpus frequency rank 3214; 10 appearances (0.00082%); Unihan kRSUnicode 162.5; Kangxi radical 162 辵; Unihan kRSUnicode single radical assignment.	[]	"[""chinese"",""traditional"",""radicals"",""frequency"",""character-to-radical"",""one-way"",""part-16""]"
zh-traditional-radicals-frequency-xvi/3158/character-to-radical	XVI	vocabulary	3158	zh-Hant	zh-Hant	罔	"[""网""]"	[]		"[""zh-Hant.frequency.3215"",""zh.radical.kangxi.122""]"	[]	[]	sources/characters.tsv	frequency-order position 3158; corpus frequency rank 3215; Ministry common-character number 3203	罔: frequency-order position 3158; corpus frequency rank 3215; 10 appearances (0.00082%); Unihan kRSUnicode 122.3; Kangxi radical 122 网; Unihan kRSUnicode single radical assignment.	[]	"[""chinese"",""traditional"",""radicals"",""frequency"",""character-to-radical"",""one-way"",""part-16""]"
zh-traditional-radicals-frequency-xvi/3159/character-to-radical	XVI	vocabulary	3159	zh-Hant	zh-Hant	啃	"[""口""]"	[]		"[""zh-Hant.frequency.3216"",""zh.radical.kangxi.030""]"	[]	[]	sources/characters.tsv	frequency-order position 3159; corpus frequency rank 3216; Ministry common-character number 606	啃: frequency-order position 3159; corpus frequency rank 3216; 10 appearances (0.00082%); Unihan kRSUnicode 30.8; Kangxi radical 30 口; Unihan kRSUnicode single radical assignment.	[]	"[""chinese"",""traditional"",""radicals"",""frequency"",""character-to-radical"",""one-way"",""part-16""]"
zh-traditional-radicals-frequency-xvi/3160/character-to-radical	XVI	vocabulary	3160	zh-Hant	zh-Hant	氦	"[""气""]"	[]		"[""zh-Hant.frequency.3217"",""zh.radical.kangxi.084""]"	[]	[]	sources/characters.tsv	frequency-order position 3160; corpus frequency rank 3217; Ministry common-character number 2118	氦: frequency-order position 3160; corpus frequency rank 3217; 10 appearances (0.00082%); Unihan kRSUnicode 84.6; Kangxi radical 84 气; Unihan kRSUnicode single radical assignment.	[]	"[""chinese"",""traditional"",""radicals"",""frequency"",""character-to-radical"",""one-way"",""part-16""]"
zh-traditional-radicals-frequency-xvi/3161/character-to-radical	XVI	vocabulary	3161	zh-Hant	zh-Hant	袍	"[""衣""]"	[]		"[""zh-Hant.frequency.3218"",""zh.radical.kangxi.145""]"	[]	[]	sources/characters.tsv	frequency-order position 3161; corpus frequency rank 3218; Ministry common-character number 3721	袍: frequency-order position 3161; corpus frequency rank 3218; 10 appearances (0.00082%); Unihan kRSUnicode 145.5; Kangxi radical 145 衣; Unihan kRSUnicode single radical assignment.	[]	"[""chinese"",""traditional"",""radicals"",""frequency"",""character-to-radical"",""one-way"",""part-16""]"
zh-traditional-radicals-frequency-xvi/3162/character-to-radical	XVI	vocabulary	3162	zh-Hant	zh-Hant	兜	"[""儿""]"	[]		"[""zh-Hant.frequency.3219"",""zh.radical.kangxi.010""]"	[]	[]	sources/characters.tsv	frequency-order position 3162; corpus frequency rank 3219; Ministry common-character number 279	兜: frequency-order position 3162; corpus frequency rank 3219; 10 appearances (0.00082%); Unihan kRSUnicode 10.9; Kangxi radical 10 儿; Unihan kRSUnicode single radical assignment.	[]	"[""chinese"",""traditional"",""radicals"",""frequency"",""character-to-radical"",""one-way"",""part-16""]"
zh-traditional-radicals-frequency-xvi/3163/character-to-radical	XVI	vocabulary	3163	zh-Hant	zh-Hant	庶	"[""广""]"	[]		"[""zh-Hant.frequency.3220"",""zh.radical.kangxi.053""]"	[]	[]	sources/characters.tsv	frequency-order position 3163; corpus frequency rank 3220; Ministry common-character number 1216	庶: frequency-order position 3163; corpus frequency rank 3220; 10 appearances (0.00082%); Unihan kRSUnicode 53.8; Kangxi radical 53 广; Unihan kRSUnicode single radical assignment.	[]	"[""chinese"",""traditional"",""radicals"",""frequency"",""character-to-radical"",""one-way"",""part-16""]"
zh-traditional-radicals-frequency-xvi/3164/character-to-radical	XVI	vocabulary	3164	zh-Hant	zh-Hant	倚	"[""人""]"	[]		"[""zh-Hant.frequency.3221"",""zh.radical.kangxi.009""]"	[]	[]	sources/characters.tsv	frequency-order position 3164; corpus frequency rank 3221; Ministry common-character number 181	倚: frequency-order position 3164; corpus frequency rank 3221; 10 appearances (0.00082%); Unihan kRSUnicode 9.8; Kangxi radical 9 人; Unihan kRSUnicode single radical assignment.	[]	"[""chinese"",""traditional"",""radicals"",""frequency"",""character-to-radical"",""one-way"",""part-16""]"
zh-traditional-radicals-frequency-xvi/3165/character-to-radical	XVI	vocabulary	3165	zh-Hant	zh-Hant	睏	"[""目""]"	[]		"[""zh-Hant.frequency.3222"",""zh.radical.kangxi.109""]"	[]	[]	sources/characters.tsv	frequency-order position 3165; corpus frequency rank 3222; Ministry common-character number 2777	睏: frequency-order position 3165; corpus frequency rank 3222; 10 appearances (0.00082%); Unihan kRSUnicode 109.7; Kangxi radical 109 目; Unihan kRSUnicode single radical assignment.	[]	"[""chinese"",""traditional"",""radicals"",""frequency"",""character-to-radical"",""one-way"",""part-16""]"
zh-traditional-radicals-frequency-xvi/3166/character-to-radical	XVI	vocabulary	3166	zh-Hant	zh-Hant	荐	"[""艸""]"	[]		"[""zh-Hant.frequency.3223"",""zh.radical.kangxi.140""]"	[]	[]	sources/characters.tsv	frequency-order position 3166; corpus frequency rank 3223; Ministry common-character number 3468	荐: frequency-order position 3166; corpus frequency rank 3223; 10 appearances (0.00082%); Unihan kRSUnicode 140.6; Kangxi radical 140 艸; Unihan kRSUnicode single radical assignment.	[]	"[""chinese"",""traditional"",""radicals"",""frequency"",""character-to-radical"",""one-way"",""part-16""]"
zh-traditional-radicals-frequency-xvi/3167/character-to-radical	XVI	vocabulary	3167	zh-Hant	zh-Hant	渝	"[""水""]"	[]		"[""zh-Hant.frequency.3224"",""zh.radical.kangxi.085""]"	[]	[]	sources/characters.tsv	frequency-order position 3167; corpus frequency rank 3224; Ministry common-character number 2272	渝: frequency-order position 3167; corpus frequency rank 3224; 10 appearances (0.00082%); Unihan kRSUnicode 85.9; Kangxi radical 85 水; Unihan kRSUnicode single radical assignment.	[]	"[""chinese"",""traditional"",""radicals"",""frequency"",""character-to-radical"",""one-way"",""part-16""]"
zh-traditional-radicals-frequency-xvi/3168/character-to-radical	XVI	vocabulary	3168	zh-Hant	zh-Hant	珮	"[""玉""]"	[]		"[""zh-Hant.frequency.3225"",""zh.radical.kangxi.096""]"	[]	[]	sources/characters.tsv	frequency-order position 3168; corpus frequency rank 3225; Ministry common-character number 2568	珮: frequency-order position 3168; corpus frequency rank 3225; 10 appearances (0.00082%); Unihan kRSUnicode 96.6; Kangxi radical 96 玉; Unihan kRSUnicode single radical assignment.	[]	"[""chinese"",""traditional"",""radicals"",""frequency"",""character-to-radical"",""one-way"",""part-16""]"
zh-traditional-radicals-frequency-xvi/3169/character-to-radical	XVI	vocabulary	3169	zh-Hant	zh-Hant	愴	"[""心""]"	[]		"[""zh-Hant.frequency.3226"",""zh.radical.kangxi.061""]"	[]	[]	sources/characters.tsv	frequency-order position 3169; corpus frequency rank 3226; Ministry common-character number 1413	愴: frequency-order position 3169; corpus frequency rank 3226; 10 appearances (0.00082%); Unihan kRSUnicode 61.10; Kangxi radical 61 心; Unihan kRSUnicode single radical assignment.	[]	"[""chinese"",""traditional"",""radicals"",""frequency"",""character-to-radical"",""one-way"",""part-16""]"
zh-traditional-radicals-frequency-xvi/3170/character-to-radical	XVI	vocabulary	3170	zh-Hant	zh-Hant	屠	"[""尸""]"	[]		"[""zh-Hant.frequency.3227"",""zh.radical.kangxi.044""]"	[]	[]	sources/characters.tsv	frequency-order position 3170; corpus frequency rank 3227; Ministry common-character number 1093	屠: frequency-order position 3170; corpus frequency rank 3227; 10 appearances (0.00082%); Unihan kRSUnicode 44.9; Kangxi radical 44 尸; Unihan kRSUnicode single radical assignment.	[]	"[""chinese"",""traditional"",""radicals"",""frequency"",""character-to-radical"",""one-way"",""part-16""]"
zh-traditional-radicals-frequency-xvi/3171/character-to-radical	XVI	vocabulary	3171	zh-Hant	zh-Hant	貯	"[""貝""]"	[]		"[""zh-Hant.frequency.3228"",""zh.radical.kangxi.154""]"	[]	[]	sources/characters.tsv	frequency-order position 3171; corpus frequency rank 3228; Ministry common-character number 3938	貯: frequency-order position 3171; corpus frequency rank 3228; 10 appearances (0.00082%); Unihan kRSUnicode 154.5; Kangxi radical 154 貝; Unihan kRSUnicode single radical assignment.	[]	"[""chinese"",""traditional"",""radicals"",""frequency"",""character-to-radical"",""one-way"",""part-16""]"
zh-traditional-radicals-frequency-xvi/3172/character-to-radical	XVI	vocabulary	3172	zh-Hant	zh-Hant	梗	"[""木""]"	[]		"[""zh-Hant.frequency.3229"",""zh.radical.kangxi.075""]"	[]	[]	sources/characters.tsv	frequency-order position 3172; corpus frequency rank 3229; Ministry common-character number 1941	梗: frequency-order position 3172; corpus frequency rank 3229; 10 appearances (0.00082%); Unihan kRSUnicode 75.7; Kangxi radical 75 木; Unihan kRSUnicode single radical assignment.	[]	"[""chinese"",""traditional"",""radicals"",""frequency"",""character-to-radical"",""one-way"",""part-16""]"
zh-traditional-radicals-frequency-xvi/3173/character-to-radical	XVI	vocabulary	3173	zh-Hant	zh-Hant	棗	"[""木""]"	[]		"[""zh-Hant.frequency.3230"",""zh.radical.kangxi.075""]"	[]	[]	sources/characters.tsv	frequency-order position 3173; corpus frequency rank 3230; Ministry common-character number 1956	棗: frequency-order position 3173; corpus frequency rank 3230; 10 appearances (0.00082%); Unihan kRSUnicode 75.8; Kangxi radical 75 木; Unihan kRSUnicode single radical assignment.	[]	"[""chinese"",""traditional"",""radicals"",""frequency"",""character-to-radical"",""one-way"",""part-16""]"
zh-traditional-radicals-frequency-xvi/3174/character-to-radical	XVI	vocabulary	3174	zh-Hant	zh-Hant	祟	"[""示""]"	[]		"[""zh-Hant.frequency.3231"",""zh.radical.kangxi.113""]"	[]	[]	sources/characters.tsv	frequency-order position 3174; corpus frequency rank 3231; Ministry common-character number 2888	祟: frequency-order position 3174; corpus frequency rank 3231; 10 appearances (0.00082%); Unihan kRSUnicode 113.5; Kangxi radical 113 示; Unihan kRSUnicode single radical assignment.	[]	"[""chinese"",""traditional"",""radicals"",""frequency"",""character-to-radical"",""one-way"",""part-16""]"
zh-traditional-radicals-frequency-xvi/3175/character-to-radical	XVI	vocabulary	3175	zh-Hant	zh-Hant	冕	"[""冂""]"	[]		"[""zh-Hant.frequency.3232"",""zh.radical.kangxi.013""]"	[]	[]	sources/characters.tsv	frequency-order position 3175; corpus frequency rank 3232; Ministry common-character number 301	冕: frequency-order position 3175; corpus frequency rank 3232; 10 appearances (0.00082%); Unihan kRSUnicode 13.9; Kangxi radical 13 冂; Unihan kRSUnicode single radical assignment.	[]	"[""chinese"",""traditional"",""radicals"",""frequency"",""character-to-radical"",""one-way"",""part-16""]"
zh-traditional-radicals-frequency-xvi/3176/character-to-radical	XVI	vocabulary	3176	zh-Hant	zh-Hant	烹	"[""火""]"	[]		"[""zh-Hant.frequency.3233"",""zh.radical.kangxi.086""]"	[]	[]	sources/characters.tsv	frequency-order position 3176; corpus frequency rank 3233; Ministry common-character number 2408	烹: frequency-order position 3176; corpus frequency rank 3233; 10 appearances (0.00082%); Unihan kRSUnicode 86.7; Kangxi radical 86 火; Unihan kRSUnicode single radical assignment.	[]	"[""chinese"",""traditional"",""radicals"",""frequency"",""character-to-radical"",""one-way"",""part-16""]"
zh-traditional-radicals-frequency-xvi/3177/character-to-radical	XVI	vocabulary	3177	zh-Hant	zh-Hant	峨	"[""山""]"	[]		"[""zh-Hant.frequency.3234"",""zh.radical.kangxi.046""]"	[]	[]	sources/characters.tsv	frequency-order position 3177; corpus frequency rank 3234; Ministry common-character number 1118	峨: frequency-order position 3177; corpus frequency rank 3234; 10 appearances (0.00082%); Unihan kRSUnicode 46.7; Kangxi radical 46 山; Unihan kRSUnicode single radical assignment.	[]	"[""chinese"",""traditional"",""radicals"",""frequency"",""character-to-radical"",""one-way"",""part-16""]"
zh-traditional-radicals-frequency-xvi/3178/character-to-radical	XVI	vocabulary	3178	zh-Hant	zh-Hant	萌	"[""艸""]"	[]		"[""zh-Hant.frequency.3236"",""zh.radical.kangxi.140""]"	[]	[]	sources/characters.tsv	frequency-order position 3178; corpus frequency rank 3236; Ministry common-character number 3509	萌: frequency-order position 3178; corpus frequency rank 3236; 10 appearances (0.00082%); Unihan kRSUnicode 140.8; Kangxi radical 140 艸; Unihan kRSUnicode single radical assignment.	[]	"[""chinese"",""traditional"",""radicals"",""frequency"",""character-to-radical"",""one-way"",""part-16""]"
zh-traditional-radicals-frequency-xvi/3179/character-to-radical	XVI	vocabulary	3179	zh-Hant	zh-Hant	貿	"[""貝""]"	[]		"[""zh-Hant.frequency.3237"",""zh.radical.kangxi.154""]"	[]	[]	sources/characters.tsv	frequency-order position 3179; corpus frequency rank 3237; Ministry common-character number 3948	貿: frequency-order position 3179; corpus frequency rank 3237; 10 appearances (0.00082%); Unihan kRSUnicode 154.5; Kangxi radical 154 貝; Unihan kRSUnicode single radical assignment.	[]	"[""chinese"",""traditional"",""radicals"",""frequency"",""character-to-radical"",""one-way"",""part-16""]"
zh-traditional-radicals-frequency-xvi/3180/character-to-radical	XVI	vocabulary	3180	zh-Hant	zh-Hant	渣	"[""水""]"	[]		"[""zh-Hant.frequency.3238"",""zh.radical.kangxi.085""]"	[]	[]	sources/characters.tsv	frequency-order position 3180; corpus frequency rank 3238; Ministry common-character number 2257	渣: frequency-order position 3180; corpus frequency rank 3238; 10 appearances (0.00082%); Unihan kRSUnicode 85.9; Kangxi radical 85 水; Unihan kRSUnicode single radical assignment.	[]	"[""chinese"",""traditional"",""radicals"",""frequency"",""character-to-radical"",""one-way"",""part-16""]"
zh-traditional-radicals-frequency-xvi/3181/character-to-radical	XVI	vocabulary	3181	zh-Hant	zh-Hant	僑	"[""人""]"	[]		"[""zh-Hant.frequency.3239"",""zh.radical.kangxi.009""]"	[]	[]	sources/characters.tsv	frequency-order position 3181; corpus frequency rank 3239; Ministry common-character number 243	僑: frequency-order position 3181; corpus frequency rank 3239; 10 appearances (0.00082%); Unihan kRSUnicode 9.12; Kangxi radical 9 人; Unihan kRSUnicode single radical assignment.	[]	"[""chinese"",""traditional"",""radicals"",""frequency"",""character-to-radical"",""one-way"",""part-16""]"
zh-traditional-radicals-frequency-xvi/3182/character-to-radical	XVI	vocabulary	3182	zh-Hant	zh-Hant	撤	"[""手""]"	[]		"[""zh-Hant.frequency.3241"",""zh.radical.kangxi.064""]"	[]	[]	sources/characters.tsv	frequency-order position 3182; corpus frequency rank 3241; Ministry common-character number 1652	撤: frequency-order position 3182; corpus frequency rank 3241; 10 appearances (0.00082%); Unihan kRSUnicode 64.12; Kangxi radical 64 手; Unihan kRSUnicode single radical assignment.	[]	"[""chinese"",""traditional"",""radicals"",""frequency"",""character-to-radical"",""one-way"",""part-16""]"
zh-traditional-radicals-frequency-xvi/3183/character-to-radical	XVI	vocabulary	3183	zh-Hant	zh-Hant	錳	"[""金""]"	[]		"[""zh-Hant.frequency.3243"",""zh.radical.kangxi.167""]"	[]	[]	sources/characters.tsv	frequency-order position 3183; corpus frequency rank 3243; Ministry common-character number 4309	錳: frequency-order position 3183; corpus frequency rank 3243; 10 appearances (0.00082%); Unihan kRSUnicode 167.8; Kangxi radical 167 金; Unihan kRSUnicode single radical assignment.	[]	"[""chinese"",""traditional"",""radicals"",""frequency"",""character-to-radical"",""one-way"",""part-16""]"
zh-traditional-radicals-frequency-xvi/3184/character-to-radical	XVI	vocabulary	3184	zh-Hant	zh-Hant	葵	"[""艸""]"	[]		"[""zh-Hant.frequency.3244"",""zh.radical.kangxi.140""]"	[]	[]	sources/characters.tsv	frequency-order position 3184; corpus frequency rank 3244; Ministry common-character number 3522	葵: frequency-order position 3184; corpus frequency rank 3244; 10 appearances (0.00082%); Unihan kRSUnicode 140.9; Kangxi radical 140 艸; Unihan kRSUnicode single radical assignment.	[]	"[""chinese"",""traditional"",""radicals"",""frequency"",""character-to-radical"",""one-way"",""part-16""]"
zh-traditional-radicals-frequency-xvi/3185/character-to-radical	XVI	vocabulary	3185	zh-Hant	zh-Hant	窺	"[""穴""]"	[]		"[""zh-Hant.frequency.3245"",""zh.radical.kangxi.116""]"	[]	[]	sources/characters.tsv	frequency-order position 3185; corpus frequency rank 3245; Ministry common-character number 2972	窺: frequency-order position 3185; corpus frequency rank 3245; 10 appearances (0.00082%); Unihan kRSUnicode 116.11; Kangxi radical 116 穴; Unihan kRSUnicode single radical assignment.	[]	"[""chinese"",""traditional"",""radicals"",""frequency"",""character-to-radical"",""one-way"",""part-16""]"
zh-traditional-radicals-frequency-xvi/3186/character-to-radical	XVI	vocabulary	3186	zh-Hant	zh-Hant	綽	"[""糸""]"	[]		"[""zh-Hant.frequency.3246"",""zh.radical.kangxi.120""]"	[]	[]	sources/characters.tsv	frequency-order position 3186; corpus frequency rank 3246; Ministry common-character number 3132	綽: frequency-order position 3186; corpus frequency rank 3246; 10 appearances (0.00082%); Unihan kRSUnicode 120.8; Kangxi radical 120 糸; Unihan kRSUnicode single radical assignment.	[]	"[""chinese"",""traditional"",""radicals"",""frequency"",""character-to-radical"",""one-way"",""part-16""]"
zh-traditional-radicals-frequency-xvi/3187/character-to-radical	XVI	vocabulary	3187	zh-Hant	zh-Hant	犢	"[""牛""]"	[]		"[""zh-Hant.frequency.3247"",""zh.radical.kangxi.093""]"	[]	[]	sources/characters.tsv	frequency-order position 3187; corpus frequency rank 3247; Ministry common-character number 2505	犢: frequency-order position 3187; corpus frequency rank 3247; 10 appearances (0.00082%); Unihan kRSUnicode 93.15; Kangxi radical 93 牛; Unihan kRSUnicode single radical assignment.	[]	"[""chinese"",""traditional"",""radicals"",""frequency"",""character-to-radical"",""one-way"",""part-16""]"
zh-traditional-radicals-frequency-xvi/3188/character-to-radical	XVI	vocabulary	3188	zh-Hant	zh-Hant	鵲	"[""鳥""]"	[]		"[""zh-Hant.frequency.3249"",""zh.radical.kangxi.196""]"	[]	[]	sources/characters.tsv	frequency-order position 3188; corpus frequency rank 3249; Ministry common-character number 4736	鵲: frequency-order position 3188; corpus frequency rank 3249; 10 appearances (0.00082%); Unihan kRSUnicode 196.8; Kangxi radical 196 鳥; Unihan kRSUnicode single radical assignment.	[]	"[""chinese"",""traditional"",""radicals"",""frequency"",""character-to-radical"",""one-way"",""part-16""]"
zh-traditional-radicals-frequency-xvi/3189/character-to-radical	XVI	vocabulary	3189	zh-Hant	zh-Hant	稟	"[""禾""]"	[]		"[""zh-Hant.frequency.3250"",""zh.radical.kangxi.115""]"	[]	[]	sources/characters.tsv	frequency-order position 3189; corpus frequency rank 3250; Ministry common-character number 2935	稟: frequency-order position 3189; corpus frequency rank 3250; 10 appearances (0.00082%); Unihan kRSUnicode 115.8; Kangxi radical 115 禾; Unihan kRSUnicode single radical assignment.	[]	"[""chinese"",""traditional"",""radicals"",""frequency"",""character-to-radical"",""one-way"",""part-16""]"
zh-traditional-radicals-frequency-xvi/3190/character-to-radical	XVI	vocabulary	3190	zh-Hant	zh-Hant	漳	"[""水""]"	[]		"[""zh-Hant.frequency.3252"",""zh.radical.kangxi.085""]"	[]	[]	sources/characters.tsv	frequency-order position 3190; corpus frequency rank 3252; Ministry common-character number 2297	漳: frequency-order position 3190; corpus frequency rank 3252; 10 appearances (0.00082%); Unihan kRSUnicode 85.11; Kangxi radical 85 水; Unihan kRSUnicode single radical assignment.	[]	"[""chinese"",""traditional"",""radicals"",""frequency"",""character-to-radical"",""one-way"",""part-16""]"
zh-traditional-radicals-frequency-xvi/3191/character-to-radical	XVI	vocabulary	3191	zh-Hant	zh-Hant	聾	"[""耳""]"	[]		"[""zh-Hant.frequency.3253"",""zh.radical.kangxi.128""]"	[]	[]	sources/characters.tsv	frequency-order position 3191; corpus frequency rank 3253; Ministry common-character number 3281	聾: frequency-order position 3191; corpus frequency rank 3253; 10 appearances (0.00082%); Unihan kRSUnicode 128.16; Kangxi radical 128 耳; Unihan kRSUnicode single radical assignment.	[]	"[""chinese"",""traditional"",""radicals"",""frequency"",""character-to-radical"",""one-way"",""part-16""]"
zh-traditional-radicals-frequency-xvi/3192/character-to-radical	XVI	vocabulary	3192	zh-Hant	zh-Hant	摹	"[""手""]"	[]		"[""zh-Hant.frequency.3254"",""zh.radical.kangxi.064""]"	[]	[]	sources/characters.tsv	frequency-order position 3192; corpus frequency rank 3254; Ministry common-character number 1660	摹: frequency-order position 3192; corpus frequency rank 3254; 10 appearances (0.00082%); Unihan kRSUnicode 64.11; Kangxi radical 64 手; Unihan kRSUnicode single radical assignment.	[]	"[""chinese"",""traditional"",""radicals"",""frequency"",""character-to-radical"",""one-way"",""part-16""]"
zh-traditional-radicals-frequency-xvi/3193/character-to-radical	XVI	vocabulary	3193	zh-Hant	zh-Hant	攘	"[""手""]"	[]		"[""zh-Hant.frequency.3255"",""zh.radical.kangxi.064""]"	[]	[]	sources/characters.tsv	frequency-order position 3193; corpus frequency rank 3255; Ministry common-character number 1705	攘: frequency-order position 3193; corpus frequency rank 3255; 10 appearances (0.00082%); Unihan kRSUnicode 64.17; Kangxi radical 64 手; Unihan kRSUnicode single radical assignment.	[]	"[""chinese"",""traditional"",""radicals"",""frequency"",""character-to-radical"",""one-way"",""part-16""]"
zh-traditional-radicals-frequency-xvi/3194/character-to-radical	XVI	vocabulary	3194	zh-Hant	zh-Hant	銜	"[""金""]"	[]		"[""zh-Hant.frequency.3256"",""zh.radical.kangxi.167""]"	[]	[]	sources/characters.tsv	frequency-order position 3194; corpus frequency rank 3256; Ministry common-character number 4296	銜: frequency-order position 3194; corpus frequency rank 3256; 10 appearances (0.00082%); Unihan kRSUnicode 167.6; Kangxi radical 167 金; Unihan kRSUnicode single radical assignment.	[]	"[""chinese"",""traditional"",""radicals"",""frequency"",""character-to-radical"",""one-way"",""part-16""]"
zh-traditional-radicals-frequency-xvi/3195/character-to-radical	XVI	vocabulary	3195	zh-Hant	zh-Hant	瘡	"[""疒""]"	[]		"[""zh-Hant.frequency.3258"",""zh.radical.kangxi.104""]"	[]	[]	sources/characters.tsv	frequency-order position 3195; corpus frequency rank 3258; Ministry common-character number 2702	瘡: frequency-order position 3195; corpus frequency rank 3258; 10 appearances (0.00082%); Unihan kRSUnicode 104.10; Kangxi radical 104 疒; Unihan kRSUnicode single radical assignment.	[]	"[""chinese"",""traditional"",""radicals"",""frequency"",""character-to-radical"",""one-way"",""part-16""]"
zh-traditional-radicals-frequency-xvi/3196/character-to-radical	XVI	vocabulary	3196	zh-Hant	zh-Hant	磊	"[""石""]"	[]		"[""zh-Hant.frequency.3260"",""zh.radical.kangxi.112""]"	[]	[]	sources/characters.tsv	frequency-order position 3196; corpus frequency rank 3260; Ministry common-character number 2858	磊: frequency-order position 3196; corpus frequency rank 3260; 10 appearances (0.00082%); Unihan kRSUnicode 112.10; Kangxi radical 112 石; Unihan kRSUnicode single radical assignment.	[]	"[""chinese"",""traditional"",""radicals"",""frequency"",""character-to-radical"",""one-way"",""part-16""]"
zh-traditional-radicals-frequency-xvi/3197/character-to-radical	XVI	vocabulary	3197	zh-Hant	zh-Hant	薛	"[""艸""]"	[]		"[""zh-Hant.frequency.3262"",""zh.radical.kangxi.140""]"	[]	[]	sources/characters.tsv	frequency-order position 3197; corpus frequency rank 3262; Ministry common-character number 3577	薛: frequency-order position 3197; corpus frequency rank 3262; 10 appearances (0.00082%); Unihan kRSUnicode 140.13; Kangxi radical 140 艸; Unihan kRSUnicode single radical assignment.	[]	"[""chinese"",""traditional"",""radicals"",""frequency"",""character-to-radical"",""one-way"",""part-16""]"
zh-traditional-radicals-frequency-xvi/3198/character-to-radical	XVI	vocabulary	3198	zh-Hant	zh-Hant	嚐	"[""口""]"	[]		"[""zh-Hant.frequency.3264"",""zh.radical.kangxi.030""]"	[]	[]	sources/characters.tsv	frequency-order position 3198; corpus frequency rank 3264; Ministry common-character number 704	嚐: frequency-order position 3198; corpus frequency rank 3264; 10 appearances (0.00082%); Unihan kRSUnicode 30.14; Kangxi radical 30 口; Unihan kRSUnicode single radical assignment.	[]	"[""chinese"",""traditional"",""radicals"",""frequency"",""character-to-radical"",""one-way"",""part-16""]"
zh-traditional-radicals-frequency-xvi/3199/character-to-radical	XVI	vocabulary	3199	zh-Hant	zh-Hant	漱	"[""水""]"	[]		"[""zh-Hant.frequency.3266"",""zh.radical.kangxi.085""]"	[]	[]	sources/characters.tsv	frequency-order position 3199; corpus frequency rank 3266; Ministry common-character number 2312	漱: frequency-order position 3199; corpus frequency rank 3266; 10 appearances (0.00082%); Unihan kRSUnicode 85.11; Kangxi radical 85 水; Unihan kRSUnicode single radical assignment.	[]	"[""chinese"",""traditional"",""radicals"",""frequency"",""character-to-radical"",""one-way"",""part-16""]"
zh-traditional-radicals-frequency-xvi/3200/character-to-radical	XVI	vocabulary	3200	zh-Hant	zh-Hant	嘈	"[""口""]"	[]		"[""zh-Hant.frequency.3268"",""zh.radical.kangxi.030""]"	[]	[]	sources/characters.tsv	frequency-order position 3200; corpus frequency rank 3268; Ministry common-character number 674	嘈: frequency-order position 3200; corpus frequency rank 3268; 10 appearances (0.00082%); Unihan kRSUnicode 30.11; Kangxi radical 30 口; Unihan kRSUnicode single radical assignment.	[]	"[""chinese"",""traditional"",""radicals"",""frequency"",""character-to-radical"",""one-way"",""part-16""]"
