card_id	deck	kind	source_chapter	prompt_language	answer_language	prompt	accepted_answers	distractors	explanation	lexical_ids	grammar_ids	geographic_ids	provenance_path	provenance_locator	provenance_evidence	examples	tags
zh-traditional-radicals-frequency-xxi/4001/character-to-radical	XXI	vocabulary	4001	zh-Hant	zh-Hant	遨	"[""辵""]"	[]		"[""zh-Hant.frequency.4353"",""zh.radical.kangxi.162""]"	[]	[]	sources/characters.tsv	frequency-order position 4001; corpus frequency rank 4353; Ministry common-character number 4180	遨: frequency-order position 4001; corpus frequency rank 4353; 2 appearances (0.00016%); Unihan kRSUnicode 162.11; Kangxi radical 162 辵; Unihan kRSUnicode single radical assignment.	[]	"[""chinese"",""traditional"",""radicals"",""frequency"",""character-to-radical"",""one-way"",""part-21""]"
zh-traditional-radicals-frequency-xxi/4002/character-to-radical	XXI	vocabulary	4002	zh-Hant	zh-Hant	誡	"[""言""]"	[]		"[""zh-Hant.frequency.4355"",""zh.radical.kangxi.149""]"	[]	[]	sources/characters.tsv	frequency-order position 4002; corpus frequency rank 4355; Ministry common-character number 3836	誡: frequency-order position 4002; corpus frequency rank 4355; 2 appearances (0.00016%); Unihan kRSUnicode 149.7; Kangxi radical 149 言; Unihan kRSUnicode single radical assignment.	[]	"[""chinese"",""traditional"",""radicals"",""frequency"",""character-to-radical"",""one-way"",""part-21""]"
zh-traditional-radicals-frequency-xxi/4003/character-to-radical	XXI	vocabulary	4003	zh-Hant	zh-Hant	諉	"[""言""]"	[]		"[""zh-Hant.frequency.4357"",""zh.radical.kangxi.149""]"	[]	[]	sources/characters.tsv	frequency-order position 4003; corpus frequency rank 4357; Ministry common-character number 3852	諉: frequency-order position 4003; corpus frequency rank 4357; 2 appearances (0.00016%); Unihan kRSUnicode 149.8; Kangxi radical 149 言; Unihan kRSUnicode single radical assignment.	[]	"[""chinese"",""traditional"",""radicals"",""frequency"",""character-to-radical"",""one-way"",""part-21""]"
zh-traditional-radicals-frequency-xxi/4004/character-to-radical	XXI	vocabulary	4004	zh-Hant	zh-Hant	稼	"[""禾""]"	[]		"[""zh-Hant.frequency.4359"",""zh.radical.kangxi.115""]"	[]	[]	sources/characters.tsv	frequency-order position 4004; corpus frequency rank 4359; Ministry common-character number 2939	稼: frequency-order position 4004; corpus frequency rank 4359; 2 appearances (0.00016%); Unihan kRSUnicode 115.10; Kangxi radical 115 禾; Unihan kRSUnicode single radical assignment.	[]	"[""chinese"",""traditional"",""radicals"",""frequency"",""character-to-radical"",""one-way"",""part-21""]"
zh-traditional-radicals-frequency-xxi/4005/character-to-radical	XXI	vocabulary	4005	zh-Hant	zh-Hant	諂	"[""言""]"	[]		"[""zh-Hant.frequency.4361"",""zh.radical.kangxi.149""]"	[]	[]	sources/characters.tsv	frequency-order position 4005; corpus frequency rank 4361; Ministry common-character number 3853	諂: frequency-order position 4005; corpus frequency rank 4361; 2 appearances (0.00016%); Unihan kRSUnicode 149.8; Kangxi radical 149 言; Unihan kRSUnicode single radical assignment.	[]	"[""chinese"",""traditional"",""radicals"",""frequency"",""character-to-radical"",""one-way"",""part-21""]"
zh-traditional-radicals-frequency-xxi/4006/character-to-radical	XXI	vocabulary	4006	zh-Hant	zh-Hant	餌	"[""食""]"	[]		"[""zh-Hant.frequency.4365"",""zh.radical.kangxi.184""]"	[]	[]	sources/characters.tsv	frequency-order position 4006; corpus frequency rank 4365; Ministry common-character number 4595	餌: frequency-order position 4006; corpus frequency rank 4365; 2 appearances (0.00016%); Unihan kRSUnicode 184.6; Kangxi radical 184 食; Unihan kRSUnicode single radical assignment.	[]	"[""chinese"",""traditional"",""radicals"",""frequency"",""character-to-radical"",""one-way"",""part-21""]"
zh-traditional-radicals-frequency-xxi/4007/character-to-radical	XXI	vocabulary	4007	zh-Hant	zh-Hant	獗	"[""犬""]"	[]		"[""zh-Hant.frequency.4367"",""zh.radical.kangxi.094""]"	[]	[]	sources/characters.tsv	frequency-order position 4007; corpus frequency rank 4367; Ministry common-character number 2540	獗: frequency-order position 4007; corpus frequency rank 4367; 2 appearances (0.00016%); Unihan kRSUnicode 94.12; Kangxi radical 94 犬; Unihan kRSUnicode single radical assignment.	[]	"[""chinese"",""traditional"",""radicals"",""frequency"",""character-to-radical"",""one-way"",""part-21""]"
zh-traditional-radicals-frequency-xxi/4008/character-to-radical	XXI	vocabulary	4008	zh-Hant	zh-Hant	嚅	"[""口""]"	[]		"[""zh-Hant.frequency.4369"",""zh.radical.kangxi.030""]"	[]	[]	sources/characters.tsv	frequency-order position 4008; corpus frequency rank 4369; Ministry common-character number 705	嚅: frequency-order position 4008; corpus frequency rank 4369; 2 appearances (0.00016%); Unihan kRSUnicode 30.14; Kangxi radical 30 口; Unihan kRSUnicode single radical assignment.	[]	"[""chinese"",""traditional"",""radicals"",""frequency"",""character-to-radical"",""one-way"",""part-21""]"
zh-traditional-radicals-frequency-xxi/4009/character-to-radical	XXI	vocabulary	4009	zh-Hant	zh-Hant	輿	"[""車""]"	[]		"[""zh-Hant.frequency.4371"",""zh.radical.kangxi.159""]"	[]	[]	sources/characters.tsv	frequency-order position 4009; corpus frequency rank 4371; Ministry common-character number 4094	輿: frequency-order position 4009; corpus frequency rank 4371; 2 appearances (0.00016%); Unihan kRSUnicode 159.10; Kangxi radical 159 車; Unihan kRSUnicode single radical assignment.	[]	"[""chinese"",""traditional"",""radicals"",""frequency"",""character-to-radical"",""one-way"",""part-21""]"
zh-traditional-radicals-frequency-xxi/4010/character-to-radical	XXI	vocabulary	4010	zh-Hant	zh-Hant	燬	"[""火""]"	[]		"[""zh-Hant.frequency.4373"",""zh.radical.kangxi.086""]"	[]	[]	sources/characters.tsv	frequency-order position 4010; corpus frequency rank 4373; Ministry common-character number 2458	燬: frequency-order position 4010; corpus frequency rank 4373; 2 appearances (0.00016%); Unihan kRSUnicode 86.13; Kangxi radical 86 火; Unihan kRSUnicode single radical assignment.	[]	"[""chinese"",""traditional"",""radicals"",""frequency"",""character-to-radical"",""one-way"",""part-21""]"
zh-traditional-radicals-frequency-xxi/4011/character-to-radical	XXI	vocabulary	4011	zh-Hant	zh-Hant	褸	"[""衣""]"	[]		"[""zh-Hant.frequency.4375"",""zh.radical.kangxi.145""]"	[]	[]	sources/characters.tsv	frequency-order position 4011; corpus frequency rank 4375; Ministry common-character number 3754	褸: frequency-order position 4011; corpus frequency rank 4375; 2 appearances (0.00016%); Unihan kRSUnicode 145.11; Kangxi radical 145 衣; Unihan kRSUnicode single radical assignment.	[]	"[""chinese"",""traditional"",""radicals"",""frequency"",""character-to-radical"",""one-way"",""part-21""]"
zh-traditional-radicals-frequency-xxi/4012/character-to-radical	XXI	vocabulary	4012	zh-Hant	zh-Hant	鮪	"[""魚""]"	[]		"[""zh-Hant.frequency.4377"",""zh.radical.kangxi.195""]"	[]	[]	sources/characters.tsv	frequency-order position 4012; corpus frequency rank 4377; Ministry common-character number 4697	鮪: frequency-order position 4012; corpus frequency rank 4377; 2 appearances (0.00016%); Unihan kRSUnicode 195.6; Kangxi radical 195 魚; Unihan kRSUnicode single radical assignment.	[]	"[""chinese"",""traditional"",""radicals"",""frequency"",""character-to-radical"",""one-way"",""part-21""]"
zh-traditional-radicals-frequency-xxi/4013/character-to-radical	XXI	vocabulary	4013	zh-Hant	zh-Hant	穆	"[""禾""]"	[]		"[""zh-Hant.frequency.4379"",""zh.radical.kangxi.115""]"	[]	[]	sources/characters.tsv	frequency-order position 4013; corpus frequency rank 4379; Ministry common-character number 2946	穆: frequency-order position 4013; corpus frequency rank 4379; 2 appearances (0.00016%); Unihan kRSUnicode 115.11; Kangxi radical 115 禾; Unihan kRSUnicode single radical assignment.	[]	"[""chinese"",""traditional"",""radicals"",""frequency"",""character-to-radical"",""one-way"",""part-21""]"
zh-traditional-radicals-frequency-xxi/4014/character-to-radical	XXI	vocabulary	4014	zh-Hant	zh-Hant	靛	"[""靑""]"	[]		"[""zh-Hant.frequency.4381"",""zh.radical.kangxi.174""]"	[]	[]	sources/characters.tsv	frequency-order position 4014; corpus frequency rank 4381; Ministry common-character number 4501	靛: frequency-order position 4014; corpus frequency rank 4381; 2 appearances (0.00016%); Unihan kRSUnicode 174.8; Kangxi radical 174 靑; Unihan kRSUnicode single radical assignment.	[]	"[""chinese"",""traditional"",""radicals"",""frequency"",""character-to-radical"",""one-way"",""part-21""]"
zh-traditional-radicals-frequency-xxi/4015/character-to-radical	XXI	vocabulary	4015	zh-Hant	zh-Hant	瞻	"[""目""]"	[]		"[""zh-Hant.frequency.4385"",""zh.radical.kangxi.109""]"	[]	[]	sources/characters.tsv	frequency-order position 4015; corpus frequency rank 4385; Ministry common-character number 2809	瞻: frequency-order position 4015; corpus frequency rank 4385; 2 appearances (0.00016%); Unihan kRSUnicode 109.13; Kangxi radical 109 目; Unihan kRSUnicode single radical assignment.	[]	"[""chinese"",""traditional"",""radicals"",""frequency"",""character-to-radical"",""one-way"",""part-21""]"
zh-traditional-radicals-frequency-xxi/4016/character-to-radical	XXI	vocabulary	4016	zh-Hant	zh-Hant	褥	"[""衣""]"	[]		"[""zh-Hant.frequency.4387"",""zh.radical.kangxi.145""]"	[]	[]	sources/characters.tsv	frequency-order position 4016; corpus frequency rank 4387; Ministry common-character number 3749	褥: frequency-order position 4016; corpus frequency rank 4387; 2 appearances (0.00016%); Unihan kRSUnicode 145.10; Kangxi radical 145 衣; Unihan kRSUnicode single radical assignment.	[]	"[""chinese"",""traditional"",""radicals"",""frequency"",""character-to-radical"",""one-way"",""part-21""]"
zh-traditional-radicals-frequency-xxi/4017/character-to-radical	XXI	vocabulary	4017	zh-Hant	zh-Hant	諜	"[""言""]"	[]		"[""zh-Hant.frequency.4389"",""zh.radical.kangxi.149""]"	[]	[]	sources/characters.tsv	frequency-order position 4017; corpus frequency rank 4389; Ministry common-character number 3863	諜: frequency-order position 4017; corpus frequency rank 4389; 2 appearances (0.00016%); Unihan kRSUnicode 149.9; Kangxi radical 149 言; Unihan kRSUnicode single radical assignment.	[]	"[""chinese"",""traditional"",""radicals"",""frequency"",""character-to-radical"",""one-way"",""part-21""]"
zh-traditional-radicals-frequency-xxi/4018/character-to-radical	XXI	vocabulary	4018	zh-Hant	zh-Hant	轡	"[""車""]"	[]		"[""zh-Hant.frequency.4391"",""zh.radical.kangxi.159""]"	[]	[]	sources/characters.tsv	frequency-order position 4018; corpus frequency rank 4391; Ministry common-character number 4100	轡: frequency-order position 4018; corpus frequency rank 4391; 2 appearances (0.00016%); Unihan kRSUnicode 159.15; Kangxi radical 159 車; Unihan kRSUnicode single radical assignment.	[]	"[""chinese"",""traditional"",""radicals"",""frequency"",""character-to-radical"",""one-way"",""part-21""]"
zh-traditional-radicals-frequency-xxi/4019/character-to-radical	XXI	vocabulary	4019	zh-Hant	zh-Hant	躊	"[""足""]"	[]		"[""zh-Hant.frequency.4393"",""zh.radical.kangxi.157""]"	[]	[]	sources/characters.tsv	frequency-order position 4019; corpus frequency rank 4393; Ministry common-character number 4051	躊: frequency-order position 4019; corpus frequency rank 4393; 2 appearances (0.00016%); Unihan kRSUnicode 157.14; Kangxi radical 157 足; Unihan kRSUnicode single radical assignment.	[]	"[""chinese"",""traditional"",""radicals"",""frequency"",""character-to-radical"",""one-way"",""part-21""]"
zh-traditional-radicals-frequency-xxi/4020/character-to-radical	XXI	vocabulary	4020	zh-Hant	zh-Hant	殲	"[""歹""]"	[]		"[""zh-Hant.frequency.4395"",""zh.radical.kangxi.078""]"	[]	[]	sources/characters.tsv	frequency-order position 4020; corpus frequency rank 4395; Ministry common-character number 2088	殲: frequency-order position 4020; corpus frequency rank 4395; 2 appearances (0.00016%); Unihan kRSUnicode 78.17; Kangxi radical 78 歹; Unihan kRSUnicode single radical assignment.	[]	"[""chinese"",""traditional"",""radicals"",""frequency"",""character-to-radical"",""one-way"",""part-21""]"
zh-traditional-radicals-frequency-xxi/4021/character-to-radical	XXI	vocabulary	4021	zh-Hant	zh-Hant	蹙	"[""足""]"	[]		"[""zh-Hant.frequency.4397"",""zh.radical.kangxi.157""]"	[]	[]	sources/characters.tsv	frequency-order position 4021; corpus frequency rank 4397; Ministry common-character number 4037	蹙: frequency-order position 4021; corpus frequency rank 4397; 2 appearances (0.00016%); Unihan kRSUnicode 157.11; Kangxi radical 157 足; Unihan kRSUnicode single radical assignment.	[]	"[""chinese"",""traditional"",""radicals"",""frequency"",""character-to-radical"",""one-way"",""part-21""]"
zh-traditional-radicals-frequency-xxi/4022/character-to-radical	XXI	vocabulary	4022	zh-Hant	zh-Hant	酌	"[""酉""]"	[]		"[""zh-Hant.frequency.4398"",""zh.radical.kangxi.164""]"	[]	[]	sources/characters.tsv	frequency-order position 4022; corpus frequency rank 4398; Ministry common-character number 4230	酌: frequency-order position 4022; corpus frequency rank 4398; 2 appearances (0.00016%); Unihan kRSUnicode 164.3; Kangxi radical 164 酉; Unihan kRSUnicode single radical assignment.	[]	"[""chinese"",""traditional"",""radicals"",""frequency"",""character-to-radical"",""one-way"",""part-21""]"
zh-traditional-radicals-frequency-xxi/4023/character-to-radical	XXI	vocabulary	4023	zh-Hant	zh-Hant	懾	"[""心""]"	[]		"[""zh-Hant.frequency.4399"",""zh.radical.kangxi.061""]"	[]	[]	sources/characters.tsv	frequency-order position 4023; corpus frequency rank 4399; Ministry common-character number 1463	懾: frequency-order position 4023; corpus frequency rank 4399; 2 appearances (0.00016%); Unihan kRSUnicode 61.18; Kangxi radical 61 心; Unihan kRSUnicode single radical assignment.	[]	"[""chinese"",""traditional"",""radicals"",""frequency"",""character-to-radical"",""one-way"",""part-21""]"
zh-traditional-radicals-frequency-xxi/4024/character-to-radical	XXI	vocabulary	4024	zh-Hant	zh-Hant	耆	"[""老""]"	[]		"[""zh-Hant.frequency.4400"",""zh.radical.kangxi.125""]"	[]	[]	sources/characters.tsv	frequency-order position 4024; corpus frequency rank 4400; Ministry common-character number 3254	耆: frequency-order position 4024; corpus frequency rank 4400; 2 appearances (0.00016%); Unihan kRSUnicode 125.4 72.6; Kangxi radical 125 老; Reviewed primary Unihan kRSUnicode assignment 125.4 from alternatives 125.4 72.6.	[]	"[""chinese"",""traditional"",""radicals"",""frequency"",""character-to-radical"",""one-way"",""part-21""]"
zh-traditional-radicals-frequency-xxi/4025/character-to-radical	XXI	vocabulary	4025	zh-Hant	zh-Hant	贅	"[""貝""]"	[]		"[""zh-Hant.frequency.4401"",""zh.radical.kangxi.154""]"	[]	[]	sources/characters.tsv	frequency-order position 4025; corpus frequency rank 4401; Ministry common-character number 3975	贅: frequency-order position 4025; corpus frequency rank 4401; 2 appearances (0.00016%); Unihan kRSUnicode 154.11; Kangxi radical 154 貝; Unihan kRSUnicode single radical assignment.	[]	"[""chinese"",""traditional"",""radicals"",""frequency"",""character-to-radical"",""one-way"",""part-21""]"
zh-traditional-radicals-frequency-xxi/4026/character-to-radical	XXI	vocabulary	4026	zh-Hant	zh-Hant	偌	"[""人""]"	[]		"[""zh-Hant.frequency.4402"",""zh.radical.kangxi.009""]"	[]	[]	sources/characters.tsv	frequency-order position 4026; corpus frequency rank 4402; Ministry common-character number 205	偌: frequency-order position 4026; corpus frequency rank 4402; 2 appearances (0.00016%); Unihan kRSUnicode 9.9; Kangxi radical 9 人; Unihan kRSUnicode single radical assignment.	[]	"[""chinese"",""traditional"",""radicals"",""frequency"",""character-to-radical"",""one-way"",""part-21""]"
zh-traditional-radicals-frequency-xxi/4027/character-to-radical	XXI	vocabulary	4027	zh-Hant	zh-Hant	蹣	"[""足""]"	[]		"[""zh-Hant.frequency.4403"",""zh.radical.kangxi.157""]"	[]	[]	sources/characters.tsv	frequency-order position 4027; corpus frequency rank 4403; Ministry common-character number 4038	蹣: frequency-order position 4027; corpus frequency rank 4403; 2 appearances (0.00016%); Unihan kRSUnicode 157.11; Kangxi radical 157 足; Unihan kRSUnicode single radical assignment.	[]	"[""chinese"",""traditional"",""radicals"",""frequency"",""character-to-radical"",""one-way"",""part-21""]"
zh-traditional-radicals-frequency-xxi/4028/character-to-radical	XXI	vocabulary	4028	zh-Hant	zh-Hant	舨	"[""舟""]"	[]		"[""zh-Hant.frequency.4404"",""zh.radical.kangxi.137""]"	[]	[]	sources/characters.tsv	frequency-order position 4028; corpus frequency rank 4404; Ministry common-character number 3414	舨: frequency-order position 4028; corpus frequency rank 4404; 2 appearances (0.00016%); Unihan kRSUnicode 137.4; Kangxi radical 137 舟; Unihan kRSUnicode single radical assignment.	[]	"[""chinese"",""traditional"",""radicals"",""frequency"",""character-to-radical"",""one-way"",""part-21""]"
zh-traditional-radicals-frequency-xxi/4029/character-to-radical	XXI	vocabulary	4029	zh-Hant	zh-Hant	夔	"[""夊""]"	[]		"[""zh-Hant.frequency.4405"",""zh.radical.kangxi.035""]"	[]	[]	sources/characters.tsv	frequency-order position 4029; corpus frequency rank 4405; Ministry common-character number 838	夔: frequency-order position 4029; corpus frequency rank 4405; 2 appearances (0.00016%); Unihan kRSUnicode 35.19; Kangxi radical 35 夊; Unihan kRSUnicode single radical assignment.	[]	"[""chinese"",""traditional"",""radicals"",""frequency"",""character-to-radical"",""one-way"",""part-21""]"
zh-traditional-radicals-frequency-xxi/4030/character-to-radical	XXI	vocabulary	4030	zh-Hant	zh-Hant	鷥	"[""鳥""]"	[]		"[""zh-Hant.frequency.4407"",""zh.radical.kangxi.196""]"	[]	[]	sources/characters.tsv	frequency-order position 4030; corpus frequency rank 4407; Ministry common-character number 4744	鷥: frequency-order position 4030; corpus frequency rank 4407; 2 appearances (0.00016%); Unihan kRSUnicode 196.12; Kangxi radical 196 鳥; Unihan kRSUnicode single radical assignment.	[]	"[""chinese"",""traditional"",""radicals"",""frequency"",""character-to-radical"",""one-way"",""part-21""]"
zh-traditional-radicals-frequency-xxi/4031/character-to-radical	XXI	vocabulary	4031	zh-Hant	zh-Hant	娩	"[""女""]"	[]		"[""zh-Hant.frequency.4410"",""zh.radical.kangxi.038""]"	[]	[]	sources/characters.tsv	frequency-order position 4031; corpus frequency rank 4410; Ministry common-character number 935	娩: frequency-order position 4031; corpus frequency rank 4410; 2 appearances (0.00016%); Unihan kRSUnicode 38.7; Kangxi radical 38 女; Unihan kRSUnicode single radical assignment.	[]	"[""chinese"",""traditional"",""radicals"",""frequency"",""character-to-radical"",""one-way"",""part-21""]"
zh-traditional-radicals-frequency-xxi/4032/character-to-radical	XXI	vocabulary	4032	zh-Hant	zh-Hant	蹶	"[""足""]"	[]		"[""zh-Hant.frequency.4411"",""zh.radical.kangxi.157""]"	[]	[]	sources/characters.tsv	frequency-order position 4032; corpus frequency rank 4411; Ministry common-character number 4044	蹶: frequency-order position 4032; corpus frequency rank 4411; 2 appearances (0.00016%); Unihan kRSUnicode 157.12; Kangxi radical 157 足; Unihan kRSUnicode single radical assignment.	[]	"[""chinese"",""traditional"",""radicals"",""frequency"",""character-to-radical"",""one-way"",""part-21""]"
zh-traditional-radicals-frequency-xxi/4033/character-to-radical	XXI	vocabulary	4033	zh-Hant	zh-Hant	唆	"[""口""]"	[]		"[""zh-Hant.frequency.4412"",""zh.radical.kangxi.030""]"	[]	[]	sources/characters.tsv	frequency-order position 4033; corpus frequency rank 4412; Ministry common-character number 589	唆: frequency-order position 4033; corpus frequency rank 4412; 2 appearances (0.00016%); Unihan kRSUnicode 30.7; Kangxi radical 30 口; Unihan kRSUnicode single radical assignment.	[]	"[""chinese"",""traditional"",""radicals"",""frequency"",""character-to-radical"",""one-way"",""part-21""]"
zh-traditional-radicals-frequency-xxi/4034/character-to-radical	XXI	vocabulary	4034	zh-Hant	zh-Hant	矇	"[""目""]"	[]		"[""zh-Hant.frequency.4413"",""zh.radical.kangxi.109""]"	[]	[]	sources/characters.tsv	frequency-order position 4034; corpus frequency rank 4413; Ministry common-character number 2810	矇: frequency-order position 4034; corpus frequency rank 4413; 2 appearances (0.00016%); Unihan kRSUnicode 109.14; Kangxi radical 109 目; Unihan kRSUnicode single radical assignment.	[]	"[""chinese"",""traditional"",""radicals"",""frequency"",""character-to-radical"",""one-way"",""part-21""]"
zh-traditional-radicals-frequency-xxi/4035/character-to-radical	XXI	vocabulary	4035	zh-Hant	zh-Hant	奚	"[""大""]"	[]		"[""zh-Hant.frequency.4414"",""zh.radical.kangxi.037""]"	[]	[]	sources/characters.tsv	frequency-order position 4035; corpus frequency rank 4414; Ministry common-character number 870	奚: frequency-order position 4035; corpus frequency rank 4414; 2 appearances (0.00016%); Unihan kRSUnicode 37.7; Kangxi radical 37 大; Unihan kRSUnicode single radical assignment.	[]	"[""chinese"",""traditional"",""radicals"",""frequency"",""character-to-radical"",""one-way"",""part-21""]"
zh-traditional-radicals-frequency-xxi/4036/character-to-radical	XXI	vocabulary	4036	zh-Hant	zh-Hant	秣	"[""禾""]"	[]		"[""zh-Hant.frequency.4416"",""zh.radical.kangxi.115""]"	[]	[]	sources/characters.tsv	frequency-order position 4036; corpus frequency rank 4416; Ministry common-character number 2920	秣: frequency-order position 4036; corpus frequency rank 4416; 2 appearances (0.00016%); Unihan kRSUnicode 115.5; Kangxi radical 115 禾; Unihan kRSUnicode single radical assignment.	[]	"[""chinese"",""traditional"",""radicals"",""frequency"",""character-to-radical"",""one-way"",""part-21""]"
zh-traditional-radicals-frequency-xxi/4037/character-to-radical	XXI	vocabulary	4037	zh-Hant	zh-Hant	簣	"[""竹""]"	[]		"[""zh-Hant.frequency.4417"",""zh.radical.kangxi.118""]"	[]	[]	sources/characters.tsv	frequency-order position 4037; corpus frequency rank 4417; Ministry common-character number 3039	簣: frequency-order position 4037; corpus frequency rank 4417; 2 appearances (0.00016%); Unihan kRSUnicode 118.12; Kangxi radical 118 竹; Unihan kRSUnicode single radical assignment.	[]	"[""chinese"",""traditional"",""radicals"",""frequency"",""character-to-radical"",""one-way"",""part-21""]"
zh-traditional-radicals-frequency-xxi/4038/character-to-radical	XXI	vocabulary	4038	zh-Hant	zh-Hant	啜	"[""口""]"	[]		"[""zh-Hant.frequency.4418"",""zh.radical.kangxi.030""]"	[]	[]	sources/characters.tsv	frequency-order position 4038; corpus frequency rank 4418; Ministry common-character number 616	啜: frequency-order position 4038; corpus frequency rank 4418; 2 appearances (0.00016%); Unihan kRSUnicode 30.8; Kangxi radical 30 口; Unihan kRSUnicode single radical assignment.	[]	"[""chinese"",""traditional"",""radicals"",""frequency"",""character-to-radical"",""one-way"",""part-21""]"
zh-traditional-radicals-frequency-xxi/4039/character-to-radical	XXI	vocabulary	4039	zh-Hant	zh-Hant	鎔	"[""金""]"	[]		"[""zh-Hant.frequency.4419"",""zh.radical.kangxi.167""]"	[]	[]	sources/characters.tsv	frequency-order position 4039; corpus frequency rank 4419; Ministry common-character number 4330	鎔: frequency-order position 4039; corpus frequency rank 4419; 2 appearances (0.00016%); Unihan kRSUnicode 167.10; Kangxi radical 167 金; Unihan kRSUnicode single radical assignment.	[]	"[""chinese"",""traditional"",""radicals"",""frequency"",""character-to-radical"",""one-way"",""part-21""]"
zh-traditional-radicals-frequency-xxi/4040/character-to-radical	XXI	vocabulary	4040	zh-Hant	zh-Hant	涇	"[""水""]"	[]		"[""zh-Hant.frequency.4420"",""zh.radical.kangxi.085""]"	[]	[]	sources/characters.tsv	frequency-order position 4040; corpus frequency rank 4420; Ministry common-character number 2202	涇: frequency-order position 4040; corpus frequency rank 4420; 2 appearances (0.00016%); Unihan kRSUnicode 85.7; Kangxi radical 85 水; Unihan kRSUnicode single radical assignment.	[]	"[""chinese"",""traditional"",""radicals"",""frequency"",""character-to-radical"",""one-way"",""part-21""]"
zh-traditional-radicals-frequency-xxi/4041/character-to-radical	XXI	vocabulary	4041	zh-Hant	zh-Hant	臚	"[""肉""]"	[]		"[""zh-Hant.frequency.4421"",""zh.radical.kangxi.130""]"	[]	[]	sources/characters.tsv	frequency-order position 4041; corpus frequency rank 4421; Ministry common-character number 3380	臚: frequency-order position 4041; corpus frequency rank 4421; 2 appearances (0.00016%); Unihan kRSUnicode 130.16; Kangxi radical 130 肉; Unihan kRSUnicode single radical assignment.	[]	"[""chinese"",""traditional"",""radicals"",""frequency"",""character-to-radical"",""one-way"",""part-21""]"
zh-traditional-radicals-frequency-xxi/4042/character-to-radical	XXI	vocabulary	4042	zh-Hant	zh-Hant	朕	"[""月""]"	[]		"[""zh-Hant.frequency.4422"",""zh.radical.kangxi.074""]"	[]	[]	sources/characters.tsv	frequency-order position 4042; corpus frequency rank 4422; Ministry common-character number 1846	朕: frequency-order position 4042; corpus frequency rank 4422; 2 appearances (0.00016%); Unihan kRSUnicode 74.6; Kangxi radical 74 月; Unihan kRSUnicode single radical assignment.	[]	"[""chinese"",""traditional"",""radicals"",""frequency"",""character-to-radical"",""one-way"",""part-21""]"
zh-traditional-radicals-frequency-xxi/4043/character-to-radical	XXI	vocabulary	4043	zh-Hant	zh-Hant	繹	"[""糸""]"	[]		"[""zh-Hant.frequency.4423"",""zh.radical.kangxi.120""]"	[]	[]	sources/characters.tsv	frequency-order position 4043; corpus frequency rank 4423; Ministry common-character number 3183	繹: frequency-order position 4043; corpus frequency rank 4423; 2 appearances (0.00016%); Unihan kRSUnicode 120.13; Kangxi radical 120 糸; Unihan kRSUnicode single radical assignment.	[]	"[""chinese"",""traditional"",""radicals"",""frequency"",""character-to-radical"",""one-way"",""part-21""]"
zh-traditional-radicals-frequency-xxi/4044/character-to-radical	XXI	vocabulary	4044	zh-Hant	zh-Hant	惘	"[""心""]"	[]		"[""zh-Hant.frequency.4424"",""zh.radical.kangxi.061""]"	[]	[]	sources/characters.tsv	frequency-order position 4044; corpus frequency rank 4424; Ministry common-character number 1375	惘: frequency-order position 4044; corpus frequency rank 4424; 2 appearances (0.00016%); Unihan kRSUnicode 61.8; Kangxi radical 61 心; Unihan kRSUnicode single radical assignment.	[]	"[""chinese"",""traditional"",""radicals"",""frequency"",""character-to-radical"",""one-way"",""part-21""]"
zh-traditional-radicals-frequency-xxi/4045/character-to-radical	XXI	vocabulary	4045	zh-Hant	zh-Hant	鏤	"[""金""]"	[]		"[""zh-Hant.frequency.4425"",""zh.radical.kangxi.167""]"	[]	[]	sources/characters.tsv	frequency-order position 4045; corpus frequency rank 4425; Ministry common-character number 4347	鏤: frequency-order position 4045; corpus frequency rank 4425; 2 appearances (0.00016%); Unihan kRSUnicode 167.11; Kangxi radical 167 金; Unihan kRSUnicode single radical assignment.	[]	"[""chinese"",""traditional"",""radicals"",""frequency"",""character-to-radical"",""one-way"",""part-21""]"
zh-traditional-radicals-frequency-xxi/4046/character-to-radical	XXI	vocabulary	4046	zh-Hant	zh-Hant	瓠	"[""瓜""]"	[]		"[""zh-Hant.frequency.4426"",""zh.radical.kangxi.097""]"	[]	[]	sources/characters.tsv	frequency-order position 4046; corpus frequency rank 4426; Ministry common-character number 2611	瓠: frequency-order position 4046; corpus frequency rank 4426; 2 appearances (0.00016%); Unihan kRSUnicode 97.6; Kangxi radical 97 瓜; Unihan kRSUnicode single radical assignment.	[]	"[""chinese"",""traditional"",""radicals"",""frequency"",""character-to-radical"",""one-way"",""part-21""]"
zh-traditional-radicals-frequency-xxi/4047/character-to-radical	XXI	vocabulary	4047	zh-Hant	zh-Hant	疵	"[""疒""]"	[]		"[""zh-Hant.frequency.4428"",""zh.radical.kangxi.104""]"	[]	[]	sources/characters.tsv	frequency-order position 4047; corpus frequency rank 4428; Ministry common-character number 2677	疵: frequency-order position 4047; corpus frequency rank 4428; 2 appearances (0.00016%); Unihan kRSUnicode 104.5; Kangxi radical 104 疒; Unihan kRSUnicode single radical assignment.	[]	"[""chinese"",""traditional"",""radicals"",""frequency"",""character-to-radical"",""one-way"",""part-21""]"
zh-traditional-radicals-frequency-xxi/4048/character-to-radical	XXI	vocabulary	4048	zh-Hant	zh-Hant	梱	"[""木""]"	[]		"[""zh-Hant.frequency.4432"",""zh.radical.kangxi.075""]"	[]	[]	sources/characters.tsv	frequency-order position 4048; corpus frequency rank 4432; Ministry common-character number 1939	梱: frequency-order position 4048; corpus frequency rank 4432; 2 appearances (0.00016%); Unihan kRSUnicode 75.7; Kangxi radical 75 木; Unihan kRSUnicode single radical assignment.	[]	"[""chinese"",""traditional"",""radicals"",""frequency"",""character-to-radical"",""one-way"",""part-21""]"
zh-traditional-radicals-frequency-xxi/4049/character-to-radical	XXI	vocabulary	4049	zh-Hant	zh-Hant	耜	"[""耒""]"	[]		"[""zh-Hant.frequency.4434"",""zh.radical.kangxi.127""]"	[]	[]	sources/characters.tsv	frequency-order position 4049; corpus frequency rank 4434; Ministry common-character number 3263	耜: frequency-order position 4049; corpus frequency rank 4434; 2 appearances (0.00016%); Unihan kRSUnicode 127.5; Kangxi radical 127 耒; Unihan kRSUnicode single radical assignment.	[]	"[""chinese"",""traditional"",""radicals"",""frequency"",""character-to-radical"",""one-way"",""part-21""]"
zh-traditional-radicals-frequency-xxi/4050/character-to-radical	XXI	vocabulary	4050	zh-Hant	zh-Hant	猖	"[""犬""]"	[]		"[""zh-Hant.frequency.4436"",""zh.radical.kangxi.094""]"	[]	[]	sources/characters.tsv	frequency-order position 4050; corpus frequency rank 4436; Ministry common-character number 2526	猖: frequency-order position 4050; corpus frequency rank 4436; 2 appearances (0.00016%); Unihan kRSUnicode 94.8; Kangxi radical 94 犬; Unihan kRSUnicode single radical assignment.	[]	"[""chinese"",""traditional"",""radicals"",""frequency"",""character-to-radical"",""one-way"",""part-21""]"
zh-traditional-radicals-frequency-xxi/4051/character-to-radical	XXI	vocabulary	4051	zh-Hant	zh-Hant	膾	"[""肉""]"	[]		"[""zh-Hant.frequency.4437"",""zh.radical.kangxi.130""]"	[]	[]	sources/characters.tsv	frequency-order position 4051; corpus frequency rank 4437; Ministry common-character number 3376	膾: frequency-order position 4051; corpus frequency rank 4437; 2 appearances (0.00016%); Unihan kRSUnicode 130.13; Kangxi radical 130 肉; Unihan kRSUnicode single radical assignment.	[]	"[""chinese"",""traditional"",""radicals"",""frequency"",""character-to-radical"",""one-way"",""part-21""]"
zh-traditional-radicals-frequency-xxi/4052/character-to-radical	XXI	vocabulary	4052	zh-Hant	zh-Hant	翎	"[""羽""]"	[]		"[""zh-Hant.frequency.4438"",""zh.radical.kangxi.124""]"	[]	[]	sources/characters.tsv	frequency-order position 4052; corpus frequency rank 4438; Ministry common-character number 3236	翎: frequency-order position 4052; corpus frequency rank 4438; 2 appearances (0.00016%); Unihan kRSUnicode 124.5; Kangxi radical 124 羽; Unihan kRSUnicode single radical assignment.	[]	"[""chinese"",""traditional"",""radicals"",""frequency"",""character-to-radical"",""one-way"",""part-21""]"
zh-traditional-radicals-frequency-xxi/4053/character-to-radical	XXI	vocabulary	4053	zh-Hant	zh-Hant	幀	"[""巾""]"	[]		"[""zh-Hant.frequency.4440"",""zh.radical.kangxi.050""]"	[]	[]	sources/characters.tsv	frequency-order position 4053; corpus frequency rank 4440; Ministry common-character number 1181	幀: frequency-order position 4053; corpus frequency rank 4440; 2 appearances (0.00016%); Unihan kRSUnicode 50.9; Kangxi radical 50 巾; Unihan kRSUnicode single radical assignment.	[]	"[""chinese"",""traditional"",""radicals"",""frequency"",""character-to-radical"",""one-way"",""part-21""]"
zh-traditional-radicals-frequency-xxi/4054/character-to-radical	XXI	vocabulary	4054	zh-Hant	zh-Hant	螟	"[""虫""]"	[]		"[""zh-Hant.frequency.4441"",""zh.radical.kangxi.142""]"	[]	[]	sources/characters.tsv	frequency-order position 4054; corpus frequency rank 4441; Ministry common-character number 3667	螟: frequency-order position 4054; corpus frequency rank 4441; 2 appearances (0.00016%); Unihan kRSUnicode 142.10; Kangxi radical 142 虫; Unihan kRSUnicode single radical assignment.	[]	"[""chinese"",""traditional"",""radicals"",""frequency"",""character-to-radical"",""one-way"",""part-21""]"
zh-traditional-radicals-frequency-xxi/4055/character-to-radical	XXI	vocabulary	4055	zh-Hant	zh-Hant	晤	"[""日""]"	[]		"[""zh-Hant.frequency.4442"",""zh.radical.kangxi.072""]"	[]	[]	sources/characters.tsv	frequency-order position 4055; corpus frequency rank 4442; Ministry common-character number 1802	晤: frequency-order position 4055; corpus frequency rank 4442; 2 appearances (0.00016%); Unihan kRSUnicode 72.7; Kangxi radical 72 日; Unihan kRSUnicode single radical assignment.	[]	"[""chinese"",""traditional"",""radicals"",""frequency"",""character-to-radical"",""one-way"",""part-21""]"
zh-traditional-radicals-frequency-xxi/4056/character-to-radical	XXI	vocabulary	4056	zh-Hant	zh-Hant	霏	"[""雨""]"	[]		"[""zh-Hant.frequency.4443"",""zh.radical.kangxi.173""]"	[]	[]	sources/characters.tsv	frequency-order position 4056; corpus frequency rank 4443; Ministry common-character number 4486	霏: frequency-order position 4056; corpus frequency rank 4443; 2 appearances (0.00016%); Unihan kRSUnicode 173.8; Kangxi radical 173 雨; Unihan kRSUnicode single radical assignment.	[]	"[""chinese"",""traditional"",""radicals"",""frequency"",""character-to-radical"",""one-way"",""part-21""]"
zh-traditional-radicals-frequency-xxi/4057/character-to-radical	XXI	vocabulary	4057	zh-Hant	zh-Hant	翱	"[""羽""]"	[]		"[""zh-Hant.frequency.4445"",""zh.radical.kangxi.124""]"	[]	[]	sources/characters.tsv	frequency-order position 4057; corpus frequency rank 4445; Ministry common-character number 3245	翱: frequency-order position 4057; corpus frequency rank 4445; 2 appearances (0.00016%); Unihan kRSUnicode 124.10; Kangxi radical 124 羽; Unihan kRSUnicode single radical assignment.	[]	"[""chinese"",""traditional"",""radicals"",""frequency"",""character-to-radical"",""one-way"",""part-21""]"
zh-traditional-radicals-frequency-xxi/4058/character-to-radical	XXI	vocabulary	4058	zh-Hant	zh-Hant	楔	"[""木""]"	[]		"[""zh-Hant.frequency.4446"",""zh.radical.kangxi.075""]"	[]	[]	sources/characters.tsv	frequency-order position 4058; corpus frequency rank 4446; Ministry common-character number 1978	楔: frequency-order position 4058; corpus frequency rank 4446; 2 appearances (0.00016%); Unihan kRSUnicode 75.9; Kangxi radical 75 木; Unihan kRSUnicode single radical assignment.	[]	"[""chinese"",""traditional"",""radicals"",""frequency"",""character-to-radical"",""one-way"",""part-21""]"
zh-traditional-radicals-frequency-xxi/4059/character-to-radical	XXI	vocabulary	4059	zh-Hant	zh-Hant	臻	"[""至""]"	[]		"[""zh-Hant.frequency.4447"",""zh.radical.kangxi.133""]"	[]	[]	sources/characters.tsv	frequency-order position 4059; corpus frequency rank 4447; Ministry common-character number 3392	臻: frequency-order position 4059; corpus frequency rank 4447; 2 appearances (0.00016%); Unihan kRSUnicode 133.10; Kangxi radical 133 至; Unihan kRSUnicode single radical assignment.	[]	"[""chinese"",""traditional"",""radicals"",""frequency"",""character-to-radical"",""one-way"",""part-21""]"
zh-traditional-radicals-frequency-xxi/4060/character-to-radical	XXI	vocabulary	4060	zh-Hant	zh-Hant	彙	"[""彐""]"	[]		"[""zh-Hant.frequency.4448"",""zh.radical.kangxi.058""]"	[]	[]	sources/characters.tsv	frequency-order position 4060; corpus frequency rank 4448; Ministry common-character number 1265	彙: frequency-order position 4060; corpus frequency rank 4448; 2 appearances (0.00016%); Unihan kRSUnicode 58.10; Kangxi radical 58 彐; Unihan kRSUnicode single radical assignment.	[]	"[""chinese"",""traditional"",""radicals"",""frequency"",""character-to-radical"",""one-way"",""part-21""]"
zh-traditional-radicals-frequency-xxi/4061/character-to-radical	XXI	vocabulary	4061	zh-Hant	zh-Hant	瀛	"[""水""]"	[]		"[""zh-Hant.frequency.4449"",""zh.radical.kangxi.085""]"	[]	[]	sources/characters.tsv	frequency-order position 4061; corpus frequency rank 4449; Ministry common-character number 2370	瀛: frequency-order position 4061; corpus frequency rank 4449; 2 appearances (0.00016%); Unihan kRSUnicode 85.16; Kangxi radical 85 水; Unihan kRSUnicode single radical assignment.	[]	"[""chinese"",""traditional"",""radicals"",""frequency"",""character-to-radical"",""one-way"",""part-21""]"
zh-traditional-radicals-frequency-xxi/4062/character-to-radical	XXI	vocabulary	4062	zh-Hant	zh-Hant	楹	"[""木""]"	[]		"[""zh-Hant.frequency.4450"",""zh.radical.kangxi.075""]"	[]	[]	sources/characters.tsv	frequency-order position 4062; corpus frequency rank 4450; Ministry common-character number 1987	楹: frequency-order position 4062; corpus frequency rank 4450; 2 appearances (0.00016%); Unihan kRSUnicode 75.9; Kangxi radical 75 木; Unihan kRSUnicode single radical assignment.	[]	"[""chinese"",""traditional"",""radicals"",""frequency"",""character-to-radical"",""one-way"",""part-21""]"
zh-traditional-radicals-frequency-xxi/4063/character-to-radical	XXI	vocabulary	4063	zh-Hant	zh-Hant	媲	"[""女""]"	[]		"[""zh-Hant.frequency.4452"",""zh.radical.kangxi.038""]"	[]	[]	sources/characters.tsv	frequency-order position 4063; corpus frequency rank 4452; Ministry common-character number 962	媲: frequency-order position 4063; corpus frequency rank 4452; 2 appearances (0.00016%); Unihan kRSUnicode 38.10; Kangxi radical 38 女; Unihan kRSUnicode single radical assignment.	[]	"[""chinese"",""traditional"",""radicals"",""frequency"",""character-to-radical"",""one-way"",""part-21""]"
zh-traditional-radicals-frequency-xxi/4064/character-to-radical	XXI	vocabulary	4064	zh-Hant	zh-Hant	棠	"[""木""]"	[]		"[""zh-Hant.frequency.4454"",""zh.radical.kangxi.075""]"	[]	[]	sources/characters.tsv	frequency-order position 4064; corpus frequency rank 4454; Ministry common-character number 1954	棠: frequency-order position 4064; corpus frequency rank 4454; 2 appearances (0.00016%); Unihan kRSUnicode 75.8; Kangxi radical 75 木; Unihan kRSUnicode single radical assignment.	[]	"[""chinese"",""traditional"",""radicals"",""frequency"",""character-to-radical"",""one-way"",""part-21""]"
zh-traditional-radicals-frequency-xxi/4065/character-to-radical	XXI	vocabulary	4065	zh-Hant	zh-Hant	譁	"[""言""]"	[]		"[""zh-Hant.frequency.4455"",""zh.radical.kangxi.149""]"	[]	[]	sources/characters.tsv	frequency-order position 4065; corpus frequency rank 4455; Ministry common-character number 3882	譁: frequency-order position 4065; corpus frequency rank 4455; 2 appearances (0.00016%); Unihan kRSUnicode 149.12; Kangxi radical 149 言; Unihan kRSUnicode single radical assignment.	[]	"[""chinese"",""traditional"",""radicals"",""frequency"",""character-to-radical"",""one-way"",""part-21""]"
zh-traditional-radicals-frequency-xxi/4066/character-to-radical	XXI	vocabulary	4066	zh-Hant	zh-Hant	塢	"[""土""]"	[]		"[""zh-Hant.frequency.4456"",""zh.radical.kangxi.032""]"	[]	[]	sources/characters.tsv	frequency-order position 4066; corpus frequency rank 4456; Ministry common-character number 803	塢: frequency-order position 4066; corpus frequency rank 4456; 2 appearances (0.00016%); Unihan kRSUnicode 32.10; Kangxi radical 32 土; Unihan kRSUnicode single radical assignment.	[]	"[""chinese"",""traditional"",""radicals"",""frequency"",""character-to-radical"",""one-way"",""part-21""]"
zh-traditional-radicals-frequency-xxi/4067/character-to-radical	XXI	vocabulary	4067	zh-Hant	zh-Hant	囁	"[""口""]"	[]		"[""zh-Hant.frequency.4457"",""zh.radical.kangxi.030""]"	[]	[]	sources/characters.tsv	frequency-order position 4067; corpus frequency rank 4457; Ministry common-character number 716	囁: frequency-order position 4067; corpus frequency rank 4457; 2 appearances (0.00016%); Unihan kRSUnicode 30.18; Kangxi radical 30 口; Unihan kRSUnicode single radical assignment.	[]	"[""chinese"",""traditional"",""radicals"",""frequency"",""character-to-radical"",""one-way"",""part-21""]"
zh-traditional-radicals-frequency-xxi/4068/character-to-radical	XXI	vocabulary	4068	zh-Hant	zh-Hant	痙	"[""疒""]"	[]		"[""zh-Hant.frequency.4460"",""zh.radical.kangxi.104""]"	[]	[]	sources/characters.tsv	frequency-order position 4068; corpus frequency rank 4460; Ministry common-character number 2681	痙: frequency-order position 4068; corpus frequency rank 4460; 2 appearances (0.00016%); Unihan kRSUnicode 104.7; Kangxi radical 104 疒; Unihan kRSUnicode single radical assignment.	[]	"[""chinese"",""traditional"",""radicals"",""frequency"",""character-to-radical"",""one-way"",""part-21""]"
zh-traditional-radicals-frequency-xxi/4069/character-to-radical	XXI	vocabulary	4069	zh-Hant	zh-Hant	譎	"[""言""]"	[]		"[""zh-Hant.frequency.4461"",""zh.radical.kangxi.149""]"	[]	[]	sources/characters.tsv	frequency-order position 4069; corpus frequency rank 4461; Ministry common-character number 3887	譎: frequency-order position 4069; corpus frequency rank 4461; 2 appearances (0.00016%); Unihan kRSUnicode 149.12; Kangxi radical 149 言; Unihan kRSUnicode single radical assignment.	[]	"[""chinese"",""traditional"",""radicals"",""frequency"",""character-to-radical"",""one-way"",""part-21""]"
zh-traditional-radicals-frequency-xxi/4070/character-to-radical	XXI	vocabulary	4070	zh-Hant	zh-Hant	腋	"[""肉""]"	[]		"[""zh-Hant.frequency.4462"",""zh.radical.kangxi.130""]"	[]	[]	sources/characters.tsv	frequency-order position 4070; corpus frequency rank 4462; Ministry common-character number 3338	腋: frequency-order position 4070; corpus frequency rank 4462; 2 appearances (0.00016%); Unihan kRSUnicode 130.8; Kangxi radical 130 肉; Unihan kRSUnicode single radical assignment.	[]	"[""chinese"",""traditional"",""radicals"",""frequency"",""character-to-radical"",""one-way"",""part-21""]"
zh-traditional-radicals-frequency-xxi/4071/character-to-radical	XXI	vocabulary	4071	zh-Hant	zh-Hant	餽	"[""食""]"	[]		"[""zh-Hant.frequency.4463"",""zh.radical.kangxi.184""]"	[]	[]	sources/characters.tsv	frequency-order position 4071; corpus frequency rank 4463; Ministry common-character number 4609	餽: frequency-order position 4071; corpus frequency rank 4463; 2 appearances (0.00016%); Unihan kRSUnicode 184.10; Kangxi radical 184 食; Unihan kRSUnicode single radical assignment.	[]	"[""chinese"",""traditional"",""radicals"",""frequency"",""character-to-radical"",""one-way"",""part-21""]"
zh-traditional-radicals-frequency-xxi/4072/character-to-radical	XXI	vocabulary	4072	zh-Hant	zh-Hant	雹	"[""雨""]"	[]		"[""zh-Hant.frequency.4468"",""zh.radical.kangxi.173""]"	[]	[]	sources/characters.tsv	frequency-order position 4072; corpus frequency rank 4468; Ministry common-character number 4474	雹: frequency-order position 4072; corpus frequency rank 4468; 2 appearances (0.00016%); Unihan kRSUnicode 173.5; Kangxi radical 173 雨; Unihan kRSUnicode single radical assignment.	[]	"[""chinese"",""traditional"",""radicals"",""frequency"",""character-to-radical"",""one-way"",""part-21""]"
zh-traditional-radicals-frequency-xxi/4073/character-to-radical	XXI	vocabulary	4073	zh-Hant	zh-Hant	軾	"[""車""]"	[]		"[""zh-Hant.frequency.4470"",""zh.radical.kangxi.159""]"	[]	[]	sources/characters.tsv	frequency-order position 4073; corpus frequency rank 4470; Ministry common-character number 4074	軾: frequency-order position 4073; corpus frequency rank 4470; 2 appearances (0.00016%); Unihan kRSUnicode 159.6; Kangxi radical 159 車; Unihan kRSUnicode single radical assignment.	[]	"[""chinese"",""traditional"",""radicals"",""frequency"",""character-to-radical"",""one-way"",""part-21""]"
zh-traditional-radicals-frequency-xxi/4074/character-to-radical	XXI	vocabulary	4074	zh-Hant	zh-Hant	擘	"[""手""]"	[]		"[""zh-Hant.frequency.4471"",""zh.radical.kangxi.064""]"	[]	[]	sources/characters.tsv	frequency-order position 4074; corpus frequency rank 4471; Ministry common-character number 1691	擘: frequency-order position 4074; corpus frequency rank 4471; 2 appearances (0.00016%); Unihan kRSUnicode 64.13; Kangxi radical 64 手; Unihan kRSUnicode single radical assignment.	[]	"[""chinese"",""traditional"",""radicals"",""frequency"",""character-to-radical"",""one-way"",""part-21""]"
zh-traditional-radicals-frequency-xxi/4075/character-to-radical	XXI	vocabulary	4075	zh-Hant	zh-Hant	簑	"[""竹""]"	[]		"[""zh-Hant.frequency.4473"",""zh.radical.kangxi.118""]"	[]	[]	sources/characters.tsv	frequency-order position 4075; corpus frequency rank 4473; Ministry common-character number 3025	簑: frequency-order position 4075; corpus frequency rank 4473; 2 appearances (0.00016%); Unihan kRSUnicode 118.10; Kangxi radical 118 竹; Unihan kRSUnicode single radical assignment.	[]	"[""chinese"",""traditional"",""radicals"",""frequency"",""character-to-radical"",""one-way"",""part-21""]"
zh-traditional-radicals-frequency-xxi/4076/character-to-radical	XXI	vocabulary	4076	zh-Hant	zh-Hant	雋	"[""隹""]"	[]		"[""zh-Hant.frequency.4474"",""zh.radical.kangxi.172""]"	[]	[]	sources/characters.tsv	frequency-order position 4076; corpus frequency rank 4474; Ministry common-character number 4454	雋: frequency-order position 4076; corpus frequency rank 4474; 2 appearances (0.00016%); Unihan kRSUnicode 172.5; Kangxi radical 172 隹; Unihan kRSUnicode single radical assignment.	[]	"[""chinese"",""traditional"",""radicals"",""frequency"",""character-to-radical"",""one-way"",""part-21""]"
zh-traditional-radicals-frequency-xxi/4077/character-to-radical	XXI	vocabulary	4077	zh-Hant	zh-Hant	豁	"[""谷""]"	[]		"[""zh-Hant.frequency.4475"",""zh.radical.kangxi.150""]"	[]	[]	sources/characters.tsv	frequency-order position 4077; corpus frequency rank 4475; Ministry common-character number 3903	豁: frequency-order position 4077; corpus frequency rank 4475; 2 appearances (0.00016%); Unihan kRSUnicode 150.10; Kangxi radical 150 谷; Unihan kRSUnicode single radical assignment.	[]	"[""chinese"",""traditional"",""radicals"",""frequency"",""character-to-radical"",""one-way"",""part-21""]"
zh-traditional-radicals-frequency-xxi/4078/character-to-radical	XXI	vocabulary	4078	zh-Hant	zh-Hant	詰	"[""言""]"	[]		"[""zh-Hant.frequency.4476"",""zh.radical.kangxi.149""]"	[]	[]	sources/characters.tsv	frequency-order position 4078; corpus frequency rank 4476; Ministry common-character number 3819	詰: frequency-order position 4078; corpus frequency rank 4476; 2 appearances (0.00016%); Unihan kRSUnicode 149.6; Kangxi radical 149 言; Unihan kRSUnicode single radical assignment.	[]	"[""chinese"",""traditional"",""radicals"",""frequency"",""character-to-radical"",""one-way"",""part-21""]"
zh-traditional-radicals-frequency-xxi/4079/character-to-radical	XXI	vocabulary	4079	zh-Hant	zh-Hant	榨	"[""木""]"	[]		"[""zh-Hant.frequency.4478"",""zh.radical.kangxi.075""]"	[]	[]	sources/characters.tsv	frequency-order position 4079; corpus frequency rank 4478; Ministry common-character number 1990	榨: frequency-order position 4079; corpus frequency rank 4478; 2 appearances (0.00016%); Unihan kRSUnicode 75.10; Kangxi radical 75 木; Unihan kRSUnicode single radical assignment.	[]	"[""chinese"",""traditional"",""radicals"",""frequency"",""character-to-radical"",""one-way"",""part-21""]"
zh-traditional-radicals-frequency-xxi/4080/character-to-radical	XXI	vocabulary	4080	zh-Hant	zh-Hant	贗	"[""貝""]"	[]		"[""zh-Hant.frequency.4479"",""zh.radical.kangxi.154""]"	[]	[]	sources/characters.tsv	frequency-order position 4080; corpus frequency rank 4479; Ministry common-character number 3982	贗: frequency-order position 4080; corpus frequency rank 4479; 2 appearances (0.00016%); Unihan kRSUnicode 154.15; Kangxi radical 154 貝; Unihan kRSUnicode single radical assignment.	[]	"[""chinese"",""traditional"",""radicals"",""frequency"",""character-to-radical"",""one-way"",""part-21""]"
zh-traditional-radicals-frequency-xxi/4081/character-to-radical	XXI	vocabulary	4081	zh-Hant	zh-Hant	榛	"[""木""]"	[]		"[""zh-Hant.frequency.4480"",""zh.radical.kangxi.075""]"	[]	[]	sources/characters.tsv	frequency-order position 4081; corpus frequency rank 4480; Ministry common-character number 1996	榛: frequency-order position 4081; corpus frequency rank 4480; 2 appearances (0.00016%); Unihan kRSUnicode 75.10; Kangxi radical 75 木; Unihan kRSUnicode single radical assignment.	[]	"[""chinese"",""traditional"",""radicals"",""frequency"",""character-to-radical"",""one-way"",""part-21""]"
zh-traditional-radicals-frequency-xxi/4082/character-to-radical	XXI	vocabulary	4082	zh-Hant	zh-Hant	鱔	"[""魚""]"	[]		"[""zh-Hant.frequency.4481"",""zh.radical.kangxi.195""]"	[]	[]	sources/characters.tsv	frequency-order position 4082; corpus frequency rank 4481; Ministry common-character number 4711	鱔: frequency-order position 4082; corpus frequency rank 4481; 2 appearances (0.00016%); Unihan kRSUnicode 195.12; Kangxi radical 195 魚; Unihan kRSUnicode single radical assignment.	[]	"[""chinese"",""traditional"",""radicals"",""frequency"",""character-to-radical"",""one-way"",""part-21""]"
zh-traditional-radicals-frequency-xxi/4083/character-to-radical	XXI	vocabulary	4083	zh-Hant	zh-Hant	瘁	"[""疒""]"	[]		"[""zh-Hant.frequency.4482"",""zh.radical.kangxi.104""]"	[]	[]	sources/characters.tsv	frequency-order position 4083; corpus frequency rank 4482; Ministry common-character number 2686	瘁: frequency-order position 4083; corpus frequency rank 4482; 2 appearances (0.00016%); Unihan kRSUnicode 104.8; Kangxi radical 104 疒; Unihan kRSUnicode single radical assignment.	[]	"[""chinese"",""traditional"",""radicals"",""frequency"",""character-to-radical"",""one-way"",""part-21""]"
zh-traditional-radicals-frequency-xxi/4084/character-to-radical	XXI	vocabulary	4084	zh-Hant	zh-Hant	襤	"[""衣""]"	[]		"[""zh-Hant.frequency.4483"",""zh.radical.kangxi.145""]"	[]	[]	sources/characters.tsv	frequency-order position 4084; corpus frequency rank 4483; Ministry common-character number 3758	襤: frequency-order position 4084; corpus frequency rank 4483; 2 appearances (0.00016%); Unihan kRSUnicode 145.14; Kangxi radical 145 衣; Unihan kRSUnicode single radical assignment.	[]	"[""chinese"",""traditional"",""radicals"",""frequency"",""character-to-radical"",""one-way"",""part-21""]"
zh-traditional-radicals-frequency-xxi/4085/character-to-radical	XXI	vocabulary	4085	zh-Hant	zh-Hant	銬	"[""金""]"	[]		"[""zh-Hant.frequency.4484"",""zh.radical.kangxi.167""]"	[]	[]	sources/characters.tsv	frequency-order position 4085; corpus frequency rank 4484; Ministry common-character number 4289	銬: frequency-order position 4085; corpus frequency rank 4484; 2 appearances (0.00016%); Unihan kRSUnicode 167.6; Kangxi radical 167 金; Unihan kRSUnicode single radical assignment.	[]	"[""chinese"",""traditional"",""radicals"",""frequency"",""character-to-radical"",""one-way"",""part-21""]"
zh-traditional-radicals-frequency-xxi/4086/character-to-radical	XXI	vocabulary	4086	zh-Hant	zh-Hant	嬋	"[""女""]"	[]		"[""zh-Hant.frequency.4486"",""zh.radical.kangxi.038""]"	[]	[]	sources/characters.tsv	frequency-order position 4086; corpus frequency rank 4486; Ministry common-character number 972	嬋: frequency-order position 4086; corpus frequency rank 4486; 2 appearances (0.00016%); Unihan kRSUnicode 38.12; Kangxi radical 38 女; Unihan kRSUnicode single radical assignment.	[]	"[""chinese"",""traditional"",""radicals"",""frequency"",""character-to-radical"",""one-way"",""part-21""]"
zh-traditional-radicals-frequency-xxi/4087/character-to-radical	XXI	vocabulary	4087	zh-Hant	zh-Hant	尷	"[""尢""]"	[]		"[""zh-Hant.frequency.4487"",""zh.radical.kangxi.043""]"	[]	[]	sources/characters.tsv	frequency-order position 4087; corpus frequency rank 4487; Ministry common-character number 1075	尷: frequency-order position 4087; corpus frequency rank 4487; 2 appearances (0.00016%); Unihan kRSUnicode 43.14; Kangxi radical 43 尢; Unihan kRSUnicode single radical assignment.	[]	"[""chinese"",""traditional"",""radicals"",""frequency"",""character-to-radical"",""one-way"",""part-21""]"
zh-traditional-radicals-frequency-xxi/4088/character-to-radical	XXI	vocabulary	4088	zh-Hant	zh-Hant	蝨	"[""虫""]"	[]		"[""zh-Hant.frequency.4488"",""zh.radical.kangxi.142""]"	[]	[]	sources/characters.tsv	frequency-order position 4088; corpus frequency rank 4488; Ministry common-character number 3662	蝨: frequency-order position 4088; corpus frequency rank 4488; 2 appearances (0.00016%); Unihan kRSUnicode 142.9; Kangxi radical 142 虫; Unihan kRSUnicode single radical assignment.	[]	"[""chinese"",""traditional"",""radicals"",""frequency"",""character-to-radical"",""one-way"",""part-21""]"
zh-traditional-radicals-frequency-xxi/4089/character-to-radical	XXI	vocabulary	4089	zh-Hant	zh-Hant	閨	"[""門""]"	[]		"[""zh-Hant.frequency.4490"",""zh.radical.kangxi.169""]"	[]	[]	sources/characters.tsv	frequency-order position 4089; corpus frequency rank 4490; Ministry common-character number 4382	閨: frequency-order position 4089; corpus frequency rank 4490; 2 appearances (0.00016%); Unihan kRSUnicode 169.6; Kangxi radical 169 門; Unihan kRSUnicode single radical assignment.	[]	"[""chinese"",""traditional"",""radicals"",""frequency"",""character-to-radical"",""one-way"",""part-21""]"
zh-traditional-radicals-frequency-xxi/4090/character-to-radical	XXI	vocabulary	4090	zh-Hant	zh-Hant	巍	"[""山""]"	[]		"[""zh-Hant.frequency.4491"",""zh.radical.kangxi.046""]"	[]	[]	sources/characters.tsv	frequency-order position 4090; corpus frequency rank 4491; Ministry common-character number 1141	巍: frequency-order position 4090; corpus frequency rank 4491; 2 appearances (0.00016%); Unihan kRSUnicode 46.18; Kangxi radical 46 山; Unihan kRSUnicode single radical assignment.	[]	"[""chinese"",""traditional"",""radicals"",""frequency"",""character-to-radical"",""one-way"",""part-21""]"
zh-traditional-radicals-frequency-xxi/4091/character-to-radical	XXI	vocabulary	4091	zh-Hant	zh-Hant	碾	"[""石""]"	[]		"[""zh-Hant.frequency.4494"",""zh.radical.kangxi.112""]"	[]	[]	sources/characters.tsv	frequency-order position 4091; corpus frequency rank 4494; Ministry common-character number 2859	碾: frequency-order position 4091; corpus frequency rank 4494; 2 appearances (0.00016%); Unihan kRSUnicode 112.10; Kangxi radical 112 石; Unihan kRSUnicode single radical assignment.	[]	"[""chinese"",""traditional"",""radicals"",""frequency"",""character-to-radical"",""one-way"",""part-21""]"
zh-traditional-radicals-frequency-xxi/4092/character-to-radical	XXI	vocabulary	4092	zh-Hant	zh-Hant	蠡	"[""虫""]"	[]		"[""zh-Hant.frequency.4496"",""zh.radical.kangxi.142""]"	[]	[]	sources/characters.tsv	frequency-order position 4092; corpus frequency rank 4496; Ministry common-character number 3692	蠡: frequency-order position 4092; corpus frequency rank 4496; 2 appearances (0.00016%); Unihan kRSUnicode 142.15; Kangxi radical 142 虫; Unihan kRSUnicode single radical assignment.	[]	"[""chinese"",""traditional"",""radicals"",""frequency"",""character-to-radical"",""one-way"",""part-21""]"
zh-traditional-radicals-frequency-xxi/4093/character-to-radical	XXI	vocabulary	4093	zh-Hant	zh-Hant	躇	"[""足""]"	[]		"[""zh-Hant.frequency.4497"",""zh.radical.kangxi.157""]"	[]	[]	sources/characters.tsv	frequency-order position 4093; corpus frequency rank 4497; Ministry common-character number 4043	躇: frequency-order position 4093; corpus frequency rank 4497; 2 appearances (0.00016%); Unihan kRSUnicode 157.13; Kangxi radical 157 足; Unihan kRSUnicode single radical assignment.	[]	"[""chinese"",""traditional"",""radicals"",""frequency"",""character-to-radical"",""one-way"",""part-21""]"
zh-traditional-radicals-frequency-xxi/4094/character-to-radical	XXI	vocabulary	4094	zh-Hant	zh-Hant	瀾	"[""水""]"	[]		"[""zh-Hant.frequency.4498"",""zh.radical.kangxi.085""]"	[]	[]	sources/characters.tsv	frequency-order position 4094; corpus frequency rank 4498; Ministry common-character number 2376	瀾: frequency-order position 4094; corpus frequency rank 4498; 2 appearances (0.00016%); Unihan kRSUnicode 85.17; Kangxi radical 85 水; Unihan kRSUnicode single radical assignment.	[]	"[""chinese"",""traditional"",""radicals"",""frequency"",""character-to-radical"",""one-way"",""part-21""]"
zh-traditional-radicals-frequency-xxi/4095/character-to-radical	XXI	vocabulary	4095	zh-Hant	zh-Hant	璜	"[""玉""]"	[]		"[""zh-Hant.frequency.4499"",""zh.radical.kangxi.096""]"	[]	[]	sources/characters.tsv	frequency-order position 4095; corpus frequency rank 4499; Ministry common-character number 2601	璜: frequency-order position 4095; corpus frequency rank 4499; 2 appearances (0.00016%); Unihan kRSUnicode 96.12; Kangxi radical 96 玉; Unihan kRSUnicode single radical assignment.	[]	"[""chinese"",""traditional"",""radicals"",""frequency"",""character-to-radical"",""one-way"",""part-21""]"
zh-traditional-radicals-frequency-xxi/4096/character-to-radical	XXI	vocabulary	4096	zh-Hant	zh-Hant	銖	"[""金""]"	[]		"[""zh-Hant.frequency.4500"",""zh.radical.kangxi.167""]"	[]	[]	sources/characters.tsv	frequency-order position 4096; corpus frequency rank 4500; Ministry common-character number 4293	銖: frequency-order position 4096; corpus frequency rank 4500; 2 appearances (0.00016%); Unihan kRSUnicode 167.6; Kangxi radical 167 金; Unihan kRSUnicode single radical assignment.	[]	"[""chinese"",""traditional"",""radicals"",""frequency"",""character-to-radical"",""one-way"",""part-21""]"
zh-traditional-radicals-frequency-xxi/4097/character-to-radical	XXI	vocabulary	4097	zh-Hant	zh-Hant	羯	"[""羊""]"	[]		"[""zh-Hant.frequency.4501"",""zh.radical.kangxi.123""]"	[]	[]	sources/characters.tsv	frequency-order position 4097; corpus frequency rank 4501; Ministry common-character number 3226	羯: frequency-order position 4097; corpus frequency rank 4501; 2 appearances (0.00016%); Unihan kRSUnicode 123.9; Kangxi radical 123 羊; Unihan kRSUnicode single radical assignment.	[]	"[""chinese"",""traditional"",""radicals"",""frequency"",""character-to-radical"",""one-way"",""part-21""]"
zh-traditional-radicals-frequency-xxi/4098/character-to-radical	XXI	vocabulary	4098	zh-Hant	zh-Hant	閡	"[""門""]"	[]		"[""zh-Hant.frequency.4502"",""zh.radical.kangxi.169""]"	[]	[]	sources/characters.tsv	frequency-order position 4098; corpus frequency rank 4502; Ministry common-character number 4381	閡: frequency-order position 4098; corpus frequency rank 4502; 2 appearances (0.00016%); Unihan kRSUnicode 169.6; Kangxi radical 169 門; Unihan kRSUnicode single radical assignment.	[]	"[""chinese"",""traditional"",""radicals"",""frequency"",""character-to-radical"",""one-way"",""part-21""]"
zh-traditional-radicals-frequency-xxi/4099/character-to-radical	XXI	vocabulary	4099	zh-Hant	zh-Hant	稷	"[""禾""]"	[]		"[""zh-Hant.frequency.4503"",""zh.radical.kangxi.115""]"	[]	[]	sources/characters.tsv	frequency-order position 4099; corpus frequency rank 4503; Ministry common-character number 2942	稷: frequency-order position 4099; corpus frequency rank 4503; 2 appearances (0.00016%); Unihan kRSUnicode 115.10; Kangxi radical 115 禾; Unihan kRSUnicode single radical assignment.	[]	"[""chinese"",""traditional"",""radicals"",""frequency"",""character-to-radical"",""one-way"",""part-21""]"
zh-traditional-radicals-frequency-xxi/4100/character-to-radical	XXI	vocabulary	4100	zh-Hant	zh-Hant	兗	"[""儿""]"	[]		"[""zh-Hant.frequency.4506"",""zh.radical.kangxi.010""]"	[]	[]	sources/characters.tsv	frequency-order position 4100; corpus frequency rank 4506; Ministry common-character number 278	兗: frequency-order position 4100; corpus frequency rank 4506; 1 appearances (0.00008%); Unihan kRSUnicode 10.7; Kangxi radical 10 儿; Unihan kRSUnicode single radical assignment.	[]	"[""chinese"",""traditional"",""radicals"",""frequency"",""character-to-radical"",""one-way"",""part-21""]"
zh-traditional-radicals-frequency-xxi/4101/character-to-radical	XXI	vocabulary	4101	zh-Hant	zh-Hant	恪	"[""心""]"	[]		"[""zh-Hant.frequency.4508"",""zh.radical.kangxi.061""]"	[]	[]	sources/characters.tsv	frequency-order position 4101; corpus frequency rank 4508; Ministry common-character number 1343	恪: frequency-order position 4101; corpus frequency rank 4508; 1 appearances (0.00008%); Unihan kRSUnicode 61.6; Kangxi radical 61 心; Unihan kRSUnicode single radical assignment.	[]	"[""chinese"",""traditional"",""radicals"",""frequency"",""character-to-radical"",""one-way"",""part-21""]"
zh-traditional-radicals-frequency-xxi/4102/character-to-radical	XXI	vocabulary	4102	zh-Hant	zh-Hant	氐	"[""氏""]"	[]		"[""zh-Hant.frequency.4509"",""zh.radical.kangxi.083""]"	[]	[]	sources/characters.tsv	frequency-order position 4102; corpus frequency rank 4509; Ministry common-character number 2110	氐: frequency-order position 4102; corpus frequency rank 4509; 1 appearances (0.00008%); Unihan kRSUnicode 83.1; Kangxi radical 83 氏; Unihan kRSUnicode single radical assignment.	[]	"[""chinese"",""traditional"",""radicals"",""frequency"",""character-to-radical"",""one-way"",""part-21""]"
zh-traditional-radicals-frequency-xxi/4103/character-to-radical	XXI	vocabulary	4103	zh-Hant	zh-Hant	沱	"[""水""]"	[]		"[""zh-Hant.frequency.4510"",""zh.radical.kangxi.085""]"	[]	[]	sources/characters.tsv	frequency-order position 4103; corpus frequency rank 4510; Ministry common-character number 2159	沱: frequency-order position 4103; corpus frequency rank 4510; 1 appearances (0.00008%); Unihan kRSUnicode 85.5; Kangxi radical 85 水; Unihan kRSUnicode single radical assignment.	[]	"[""chinese"",""traditional"",""radicals"",""frequency"",""character-to-radical"",""one-way"",""part-21""]"
zh-traditional-radicals-frequency-xxi/4104/character-to-radical	XXI	vocabulary	4104	zh-Hant	zh-Hant	泗	"[""水""]"	[]		"[""zh-Hant.frequency.4512"",""zh.radical.kangxi.085""]"	[]	[]	sources/characters.tsv	frequency-order position 4104; corpus frequency rank 4512; Ministry common-character number 2175	泗: frequency-order position 4104; corpus frequency rank 4512; 1 appearances (0.00008%); Unihan kRSUnicode 85.5; Kangxi radical 85 水; Unihan kRSUnicode single radical assignment.	[]	"[""chinese"",""traditional"",""radicals"",""frequency"",""character-to-radical"",""one-way"",""part-21""]"
zh-traditional-radicals-frequency-xxi/4105/character-to-radical	XXI	vocabulary	4105	zh-Hant	zh-Hant	刎	"[""刀""]"	[]		"[""zh-Hant.frequency.4513"",""zh.radical.kangxi.018""]"	[]	[]	sources/characters.tsv	frequency-order position 4105; corpus frequency rank 4513; Ministry common-character number 338	刎: frequency-order position 4105; corpus frequency rank 4513; 1 appearances (0.00008%); Unihan kRSUnicode 18.4; Kangxi radical 18 刀; Unihan kRSUnicode single radical assignment.	[]	"[""chinese"",""traditional"",""radicals"",""frequency"",""character-to-radical"",""one-way"",""part-21""]"
zh-traditional-radicals-frequency-xxi/4106/character-to-radical	XXI	vocabulary	4106	zh-Hant	zh-Hant	咫	"[""口""]"	[]		"[""zh-Hant.frequency.4514"",""zh.radical.kangxi.030""]"	[]	[]	sources/characters.tsv	frequency-order position 4106; corpus frequency rank 4514; Ministry common-character number 579	咫: frequency-order position 4106; corpus frequency rank 4514; 1 appearances (0.00008%); Unihan kRSUnicode 30.6; Kangxi radical 30 口; Unihan kRSUnicode single radical assignment.	[]	"[""chinese"",""traditional"",""radicals"",""frequency"",""character-to-radical"",""one-way"",""part-21""]"
zh-traditional-radicals-frequency-xxi/4107/character-to-radical	XXI	vocabulary	4107	zh-Hant	zh-Hant	倣	"[""人""]"	[]		"[""zh-Hant.frequency.4516"",""zh.radical.kangxi.009""]"	[]	[]	sources/characters.tsv	frequency-order position 4107; corpus frequency rank 4516; Ministry common-character number 171	倣: frequency-order position 4107; corpus frequency rank 4516; 1 appearances (0.00008%); Unihan kRSUnicode 9.8; Kangxi radical 9 人; Unihan kRSUnicode single radical assignment.	[]	"[""chinese"",""traditional"",""radicals"",""frequency"",""character-to-radical"",""one-way"",""part-21""]"
zh-traditional-radicals-frequency-xxi/4108/character-to-radical	XXI	vocabulary	4108	zh-Hant	zh-Hant	叱	"[""口""]"	[]		"[""zh-Hant.frequency.4517"",""zh.radical.kangxi.030""]"	[]	[]	sources/characters.tsv	frequency-order position 4108; corpus frequency rank 4517; Ministry common-character number 495	叱: frequency-order position 4108; corpus frequency rank 4517; 1 appearances (0.00008%); Unihan kRSUnicode 30.2; Kangxi radical 30 口; Unihan kRSUnicode single radical assignment.	[]	"[""chinese"",""traditional"",""radicals"",""frequency"",""character-to-radical"",""one-way"",""part-21""]"
zh-traditional-radicals-frequency-xxi/4109/character-to-radical	XXI	vocabulary	4109	zh-Hant	zh-Hant	姣	"[""女""]"	[]		"[""zh-Hant.frequency.4518"",""zh.radical.kangxi.038""]"	[]	[]	sources/characters.tsv	frequency-order position 4109; corpus frequency rank 4518; Ministry common-character number 917	姣: frequency-order position 4109; corpus frequency rank 4518; 1 appearances (0.00008%); Unihan kRSUnicode 38.6; Kangxi radical 38 女; Unihan kRSUnicode single radical assignment.	[]	"[""chinese"",""traditional"",""radicals"",""frequency"",""character-to-radical"",""one-way"",""part-21""]"
zh-traditional-radicals-frequency-xxi/4110/character-to-radical	XXI	vocabulary	4110	zh-Hant	zh-Hant	浬	"[""水""]"	[]		"[""zh-Hant.frequency.4520"",""zh.radical.kangxi.085""]"	[]	[]	sources/characters.tsv	frequency-order position 4110; corpus frequency rank 4520; Ministry common-character number 2208	浬: frequency-order position 4110; corpus frequency rank 4520; 1 appearances (0.00008%); Unihan kRSUnicode 85.7; Kangxi radical 85 水; Unihan kRSUnicode single radical assignment.	[]	"[""chinese"",""traditional"",""radicals"",""frequency"",""character-to-radical"",""one-way"",""part-21""]"
zh-traditional-radicals-frequency-xxi/4111/character-to-radical	XXI	vocabulary	4111	zh-Hant	zh-Hant	阡	"[""阜""]"	[]		"[""zh-Hant.frequency.4521"",""zh.radical.kangxi.170""]"	[]	[]	sources/characters.tsv	frequency-order position 4111; corpus frequency rank 4521; Ministry common-character number 4402	阡: frequency-order position 4111; corpus frequency rank 4521; 1 appearances (0.00008%); Unihan kRSUnicode 170.3; Kangxi radical 170 阜; Unihan kRSUnicode single radical assignment.	[]	"[""chinese"",""traditional"",""radicals"",""frequency"",""character-to-radical"",""one-way"",""part-21""]"
zh-traditional-radicals-frequency-xxi/4112/character-to-radical	XXI	vocabulary	4112	zh-Hant	zh-Hant	啣	"[""口""]"	[]		"[""zh-Hant.frequency.4522"",""zh.radical.kangxi.030""]"	[]	[]	sources/characters.tsv	frequency-order position 4112; corpus frequency rank 4522; Ministry common-character number 618	啣: frequency-order position 4112; corpus frequency rank 4522; 1 appearances (0.00008%); Unihan kRSUnicode 30.8; Kangxi radical 30 口; Unihan kRSUnicode single radical assignment.	[]	"[""chinese"",""traditional"",""radicals"",""frequency"",""character-to-radical"",""one-way"",""part-21""]"
zh-traditional-radicals-frequency-xxi/4113/character-to-radical	XXI	vocabulary	4113	zh-Hant	zh-Hant	朴	"[""木""]"	[]		"[""zh-Hant.frequency.4523"",""zh.radical.kangxi.075""]"	[]	[]	sources/characters.tsv	frequency-order position 4113; corpus frequency rank 4523; Ministry common-character number 1860	朴: frequency-order position 4113; corpus frequency rank 4523; 1 appearances (0.00008%); Unihan kRSUnicode 75.2; Kangxi radical 75 木; Unihan kRSUnicode single radical assignment.	[]	"[""chinese"",""traditional"",""radicals"",""frequency"",""character-to-radical"",""one-way"",""part-21""]"
zh-traditional-radicals-frequency-xxi/4114/character-to-radical	XXI	vocabulary	4114	zh-Hant	zh-Hant	悖	"[""心""]"	[]		"[""zh-Hant.frequency.4524"",""zh.radical.kangxi.061""]"	[]	[]	sources/characters.tsv	frequency-order position 4114; corpus frequency rank 4524; Ministry common-character number 1360	悖: frequency-order position 4114; corpus frequency rank 4524; 1 appearances (0.00008%); Unihan kRSUnicode 61.7; Kangxi radical 61 心; Unihan kRSUnicode single radical assignment.	[]	"[""chinese"",""traditional"",""radicals"",""frequency"",""character-to-radical"",""one-way"",""part-21""]"
zh-traditional-radicals-frequency-xxi/4115/character-to-radical	XXI	vocabulary	4115	zh-Hant	zh-Hant	挈	"[""手""]"	[]		"[""zh-Hant.frequency.4526"",""zh.radical.kangxi.064""]"	[]	[]	sources/characters.tsv	frequency-order position 4115; corpus frequency rank 4526; Ministry common-character number 1570	挈: frequency-order position 4115; corpus frequency rank 4526; 1 appearances (0.00008%); Unihan kRSUnicode 64.6; Kangxi radical 64 手; Unihan kRSUnicode single radical assignment.	[]	"[""chinese"",""traditional"",""radicals"",""frequency"",""character-to-radical"",""one-way"",""part-21""]"
zh-traditional-radicals-frequency-xxi/4116/character-to-radical	XXI	vocabulary	4116	zh-Hant	zh-Hant	弁	"[""廾""]"	[]		"[""zh-Hant.frequency.4527"",""zh.radical.kangxi.055""]"	[]	[]	sources/characters.tsv	frequency-order position 4116; corpus frequency rank 4527; Ministry common-character number 1239	弁: frequency-order position 4116; corpus frequency rank 4527; 1 appearances (0.00008%); Unihan kRSUnicode 55.2; Kangxi radical 55 廾; Unihan kRSUnicode single radical assignment.	[]	"[""chinese"",""traditional"",""radicals"",""frequency"",""character-to-radical"",""one-way"",""part-21""]"
zh-traditional-radicals-frequency-xxi/4117/character-to-radical	XXI	vocabulary	4117	zh-Hant	zh-Hant	奘	"[""大""]"	[]		"[""zh-Hant.frequency.4532"",""zh.radical.kangxi.037""]"	[]	[]	sources/characters.tsv	frequency-order position 4117; corpus frequency rank 4532; Ministry common-character number 869	奘: frequency-order position 4117; corpus frequency rank 4532; 1 appearances (0.00008%); Unihan kRSUnicode 37.7; Kangxi radical 37 大; Unihan kRSUnicode single radical assignment.	[]	"[""chinese"",""traditional"",""radicals"",""frequency"",""character-to-radical"",""one-way"",""part-21""]"
zh-traditional-radicals-frequency-xxi/4118/character-to-radical	XXI	vocabulary	4118	zh-Hant	zh-Hant	佯	"[""人""]"	[]		"[""zh-Hant.frequency.4533"",""zh.radical.kangxi.009""]"	[]	[]	sources/characters.tsv	frequency-order position 4118; corpus frequency rank 4533; Ministry common-character number 130	佯: frequency-order position 4118; corpus frequency rank 4533; 1 appearances (0.00008%); Unihan kRSUnicode 9.6; Kangxi radical 9 人; Unihan kRSUnicode single radical assignment.	[]	"[""chinese"",""traditional"",""radicals"",""frequency"",""character-to-radical"",""one-way"",""part-21""]"
zh-traditional-radicals-frequency-xxi/4119/character-to-radical	XXI	vocabulary	4119	zh-Hant	zh-Hant	倨	"[""人""]"	[]		"[""zh-Hant.frequency.4534"",""zh.radical.kangxi.009""]"	[]	[]	sources/characters.tsv	frequency-order position 4119; corpus frequency rank 4534; Ministry common-character number 187	倨: frequency-order position 4119; corpus frequency rank 4534; 1 appearances (0.00008%); Unihan kRSUnicode 9.8; Kangxi radical 9 人; Unihan kRSUnicode single radical assignment.	[]	"[""chinese"",""traditional"",""radicals"",""frequency"",""character-to-radical"",""one-way"",""part-21""]"
zh-traditional-radicals-frequency-xxi/4120/character-to-radical	XXI	vocabulary	4120	zh-Hant	zh-Hant	抿	"[""手""]"	[]		"[""zh-Hant.frequency.4535"",""zh.radical.kangxi.064""]"	[]	[]	sources/characters.tsv	frequency-order position 4120; corpus frequency rank 4535; Ministry common-character number 1527	抿: frequency-order position 4120; corpus frequency rank 4535; 1 appearances (0.00008%); Unihan kRSUnicode 64.5; Kangxi radical 64 手; Unihan kRSUnicode single radical assignment.	[]	"[""chinese"",""traditional"",""radicals"",""frequency"",""character-to-radical"",""one-way"",""part-21""]"
zh-traditional-radicals-frequency-xxi/4121/character-to-radical	XXI	vocabulary	4121	zh-Hant	zh-Hant	倏	"[""人""]"	[]		"[""zh-Hant.frequency.4536"",""zh.radical.kangxi.009""]"	[]	[]	sources/characters.tsv	frequency-order position 4121; corpus frequency rank 4536; Ministry common-character number 216	倏: frequency-order position 4121; corpus frequency rank 4536; 1 appearances (0.00008%); Unihan kRSUnicode 9.8; Kangxi radical 9 人; Unihan kRSUnicode single radical assignment.	[]	"[""chinese"",""traditional"",""radicals"",""frequency"",""character-to-radical"",""one-way"",""part-21""]"
zh-traditional-radicals-frequency-xxi/4122/character-to-radical	XXI	vocabulary	4122	zh-Hant	zh-Hant	枋	"[""木""]"	[]		"[""zh-Hant.frequency.4537"",""zh.radical.kangxi.075""]"	[]	[]	sources/characters.tsv	frequency-order position 4122; corpus frequency rank 4537; Ministry common-character number 1873	枋: frequency-order position 4122; corpus frequency rank 4537; 1 appearances (0.00008%); Unihan kRSUnicode 75.4; Kangxi radical 75 木; Unihan kRSUnicode single radical assignment.	[]	"[""chinese"",""traditional"",""radicals"",""frequency"",""character-to-radical"",""one-way"",""part-21""]"
zh-traditional-radicals-frequency-xxi/4123/character-to-radical	XXI	vocabulary	4123	zh-Hant	zh-Hant	冢	"[""冖""]"	[]		"[""zh-Hant.frequency.4538"",""zh.radical.kangxi.014""]"	[]	[]	sources/characters.tsv	frequency-order position 4123; corpus frequency rank 4538; Ministry common-character number 307	冢: frequency-order position 4123; corpus frequency rank 4538; 1 appearances (0.00008%); Unihan kRSUnicode 14.8; Kangxi radical 14 冖; Unihan kRSUnicode single radical assignment.	[]	"[""chinese"",""traditional"",""radicals"",""frequency"",""character-to-radical"",""one-way"",""part-21""]"
zh-traditional-radicals-frequency-xxi/4124/character-to-radical	XXI	vocabulary	4124	zh-Hant	zh-Hant	咋	"[""口""]"	[]		"[""zh-Hant.frequency.4541"",""zh.radical.kangxi.030""]"	[]	[]	sources/characters.tsv	frequency-order position 4124; corpus frequency rank 4541; Ministry common-character number 560	咋: frequency-order position 4124; corpus frequency rank 4541; 1 appearances (0.00008%); Unihan kRSUnicode 30.5; Kangxi radical 30 口; Unihan kRSUnicode single radical assignment.	[]	"[""chinese"",""traditional"",""radicals"",""frequency"",""character-to-radical"",""one-way"",""part-21""]"
zh-traditional-radicals-frequency-xxi/4125/character-to-radical	XXI	vocabulary	4125	zh-Hant	zh-Hant	偃	"[""人""]"	[]		"[""zh-Hant.frequency.4542"",""zh.radical.kangxi.009""]"	[]	[]	sources/characters.tsv	frequency-order position 4125; corpus frequency rank 4542; Ministry common-character number 204	偃: frequency-order position 4125; corpus frequency rank 4542; 1 appearances (0.00008%); Unihan kRSUnicode 9.9; Kangxi radical 9 人; Unihan kRSUnicode single radical assignment.	[]	"[""chinese"",""traditional"",""radicals"",""frequency"",""character-to-radical"",""one-way"",""part-21""]"
zh-traditional-radicals-frequency-xxi/4126/character-to-radical	XXI	vocabulary	4126	zh-Hant	zh-Hant	邢	"[""邑""]"	[]		"[""zh-Hant.frequency.4543"",""zh.radical.kangxi.163""]"	[]	[]	sources/characters.tsv	frequency-order position 4126; corpus frequency rank 4543; Ministry common-character number 4201	邢: frequency-order position 4126; corpus frequency rank 4543; 1 appearances (0.00008%); Unihan kRSUnicode 163.4; Kangxi radical 163 邑; Unihan kRSUnicode single radical assignment.	[]	"[""chinese"",""traditional"",""radicals"",""frequency"",""character-to-radical"",""one-way"",""part-21""]"
zh-traditional-radicals-frequency-xxi/4127/character-to-radical	XXI	vocabulary	4127	zh-Hant	zh-Hant	窈	"[""穴""]"	[]		"[""zh-Hant.frequency.4544"",""zh.radical.kangxi.116""]"	[]	[]	sources/characters.tsv	frequency-order position 4127; corpus frequency rank 4544; Ministry common-character number 2960	窈: frequency-order position 4127; corpus frequency rank 4544; 1 appearances (0.00008%); Unihan kRSUnicode 116.5; Kangxi radical 116 穴; Unihan kRSUnicode single radical assignment.	[]	"[""chinese"",""traditional"",""radicals"",""frequency"",""character-to-radical"",""one-way"",""part-21""]"
zh-traditional-radicals-frequency-xxi/4128/character-to-radical	XXI	vocabulary	4128	zh-Hant	zh-Hant	孚	"[""子""]"	[]		"[""zh-Hant.frequency.4545"",""zh.radical.kangxi.039""]"	[]	[]	sources/characters.tsv	frequency-order position 4128; corpus frequency rank 4545; Ministry common-character number 991	孚: frequency-order position 4128; corpus frequency rank 4545; 1 appearances (0.00008%); Unihan kRSUnicode 39.4; Kangxi radical 39 子; Unihan kRSUnicode single radical assignment.	[]	"[""chinese"",""traditional"",""radicals"",""frequency"",""character-to-radical"",""one-way"",""part-21""]"
zh-traditional-radicals-frequency-xxi/4129/character-to-radical	XXI	vocabulary	4129	zh-Hant	zh-Hant	鬲	"[""鬲""]"	[]		"[""zh-Hant.frequency.4546"",""zh.radical.kangxi.193""]"	[]	[]	sources/characters.tsv	frequency-order position 4129; corpus frequency rank 4546; Ministry common-character number 4682	鬲: frequency-order position 4129; corpus frequency rank 4546; 1 appearances (0.00008%); Unihan kRSUnicode 193.0; Kangxi radical 193 鬲; Unihan kRSUnicode single radical assignment.	[]	"[""chinese"",""traditional"",""radicals"",""frequency"",""character-to-radical"",""one-way"",""part-21""]"
zh-traditional-radicals-frequency-xxi/4130/character-to-radical	XXI	vocabulary	4130	zh-Hant	zh-Hant	芍	"[""艸""]"	[]		"[""zh-Hant.frequency.4547"",""zh.radical.kangxi.140""]"	[]	[]	sources/characters.tsv	frequency-order position 4130; corpus frequency rank 4547; Ministry common-character number 3431	芍: frequency-order position 4130; corpus frequency rank 4547; 1 appearances (0.00008%); Unihan kRSUnicode 140.3; Kangxi radical 140 艸; Unihan kRSUnicode single radical assignment.	[]	"[""chinese"",""traditional"",""radicals"",""frequency"",""character-to-radical"",""one-way"",""part-21""]"
zh-traditional-radicals-frequency-xxi/4131/character-to-radical	XXI	vocabulary	4131	zh-Hant	zh-Hant	茴	"[""艸""]"	[]		"[""zh-Hant.frequency.4548"",""zh.radical.kangxi.140""]"	[]	[]	sources/characters.tsv	frequency-order position 4131; corpus frequency rank 4548; Ministry common-character number 3471	茴: frequency-order position 4131; corpus frequency rank 4548; 1 appearances (0.00008%); Unihan kRSUnicode 140.6; Kangxi radical 140 艸; Unihan kRSUnicode single radical assignment.	[]	"[""chinese"",""traditional"",""radicals"",""frequency"",""character-to-radical"",""one-way"",""part-21""]"
zh-traditional-radicals-frequency-xxi/4132/character-to-radical	XXI	vocabulary	4132	zh-Hant	zh-Hant	茗	"[""艸""]"	[]		"[""zh-Hant.frequency.4550"",""zh.radical.kangxi.140""]"	[]	[]	sources/characters.tsv	frequency-order position 4132; corpus frequency rank 4550; Ministry common-character number 3476	茗: frequency-order position 4132; corpus frequency rank 4550; 1 appearances (0.00008%); Unihan kRSUnicode 140.6; Kangxi radical 140 艸; Unihan kRSUnicode single radical assignment.	[]	"[""chinese"",""traditional"",""radicals"",""frequency"",""character-to-radical"",""one-way"",""part-21""]"
zh-traditional-radicals-frequency-xxi/4133/character-to-radical	XXI	vocabulary	4133	zh-Hant	zh-Hant	吮	"[""口""]"	[]		"[""zh-Hant.frequency.4551"",""zh.radical.kangxi.030""]"	[]	[]	sources/characters.tsv	frequency-order position 4133; corpus frequency rank 4551; Ministry common-character number 532	吮: frequency-order position 4133; corpus frequency rank 4551; 1 appearances (0.00008%); Unihan kRSUnicode 30.4; Kangxi radical 30 口; Unihan kRSUnicode single radical assignment.	[]	"[""chinese"",""traditional"",""radicals"",""frequency"",""character-to-radical"",""one-way"",""part-21""]"
zh-traditional-radicals-frequency-xxi/4134/character-to-radical	XXI	vocabulary	4134	zh-Hant	zh-Hant	刨	"[""刀""]"	[]		"[""zh-Hant.frequency.4553"",""zh.radical.kangxi.018""]"	[]	[]	sources/characters.tsv	frequency-order position 4134; corpus frequency rank 4553; Ministry common-character number 343	刨: frequency-order position 4134; corpus frequency rank 4553; 1 appearances (0.00008%); Unihan kRSUnicode 18.5; Kangxi radical 18 刀; Unihan kRSUnicode single radical assignment.	[]	"[""chinese"",""traditional"",""radicals"",""frequency"",""character-to-radical"",""one-way"",""part-21""]"
zh-traditional-radicals-frequency-xxi/4135/character-to-radical	XXI	vocabulary	4135	zh-Hant	zh-Hant	婪	"[""女""]"	[]		"[""zh-Hant.frequency.4554"",""zh.radical.kangxi.038""]"	[]	[]	sources/characters.tsv	frequency-order position 4135; corpus frequency rank 4554; Ministry common-character number 942	婪: frequency-order position 4135; corpus frequency rank 4554; 1 appearances (0.00008%); Unihan kRSUnicode 38.8; Kangxi radical 38 女; Unihan kRSUnicode single radical assignment.	[]	"[""chinese"",""traditional"",""radicals"",""frequency"",""character-to-radical"",""one-way"",""part-21""]"
zh-traditional-radicals-frequency-xxi/4136/character-to-radical	XXI	vocabulary	4136	zh-Hant	zh-Hant	苛	"[""艸""]"	[]		"[""zh-Hant.frequency.4557"",""zh.radical.kangxi.140""]"	[]	[]	sources/characters.tsv	frequency-order position 4136; corpus frequency rank 4557; Ministry common-character number 3447	苛: frequency-order position 4136; corpus frequency rank 4557; 1 appearances (0.00008%); Unihan kRSUnicode 140.5; Kangxi radical 140 艸; Unihan kRSUnicode single radical assignment.	[]	"[""chinese"",""traditional"",""radicals"",""frequency"",""character-to-radical"",""one-way"",""part-21""]"
zh-traditional-radicals-frequency-xxi/4137/character-to-radical	XXI	vocabulary	4137	zh-Hant	zh-Hant	逅	"[""辵""]"	[]		"[""zh-Hant.frequency.4558"",""zh.radical.kangxi.162""]"	[]	[]	sources/characters.tsv	frequency-order position 4137; corpus frequency rank 4558; Ministry common-character number 4135	逅: frequency-order position 4137; corpus frequency rank 4558; 1 appearances (0.00008%); Unihan kRSUnicode 162.6; Kangxi radical 162 辵; Unihan kRSUnicode single radical assignment.	[]	"[""chinese"",""traditional"",""radicals"",""frequency"",""character-to-radical"",""one-way"",""part-21""]"
zh-traditional-radicals-frequency-xxi/4138/character-to-radical	XXI	vocabulary	4138	zh-Hant	zh-Hant	俸	"[""人""]"	[]		"[""zh-Hant.frequency.4560"",""zh.radical.kangxi.009""]"	[]	[]	sources/characters.tsv	frequency-order position 4138; corpus frequency rank 4560; Ministry common-character number 175	俸: frequency-order position 4138; corpus frequency rank 4560; 1 appearances (0.00008%); Unihan kRSUnicode 9.8; Kangxi radical 9 人; Unihan kRSUnicode single radical assignment.	[]	"[""chinese"",""traditional"",""radicals"",""frequency"",""character-to-radical"",""one-way"",""part-21""]"
zh-traditional-radicals-frequency-xxi/4139/character-to-radical	XXI	vocabulary	4139	zh-Hant	zh-Hant	祉	"[""示""]"	[]		"[""zh-Hant.frequency.4561"",""zh.radical.kangxi.113""]"	[]	[]	sources/characters.tsv	frequency-order position 4139; corpus frequency rank 4561; Ministry common-character number 2882	祉: frequency-order position 4139; corpus frequency rank 4561; 1 appearances (0.00008%); Unihan kRSUnicode 113.4; Kangxi radical 113 示; Unihan kRSUnicode single radical assignment.	[]	"[""chinese"",""traditional"",""radicals"",""frequency"",""character-to-radical"",""one-way"",""part-21""]"
zh-traditional-radicals-frequency-xxi/4140/character-to-radical	XXI	vocabulary	4140	zh-Hant	zh-Hant	孰	"[""子""]"	[]		"[""zh-Hant.frequency.4562"",""zh.radical.kangxi.039""]"	[]	[]	sources/characters.tsv	frequency-order position 4140; corpus frequency rank 4562; Ministry common-character number 997	孰: frequency-order position 4140; corpus frequency rank 4562; 1 appearances (0.00008%); Unihan kRSUnicode 39.8; Kangxi radical 39 子; Unihan kRSUnicode single radical assignment.	[]	"[""chinese"",""traditional"",""radicals"",""frequency"",""character-to-radical"",""one-way"",""part-21""]"
zh-traditional-radicals-frequency-xxi/4141/character-to-radical	XXI	vocabulary	4141	zh-Hant	zh-Hant	泅	"[""水""]"	[]		"[""zh-Hant.frequency.4563"",""zh.radical.kangxi.085""]"	[]	[]	sources/characters.tsv	frequency-order position 4141; corpus frequency rank 4563; Ministry common-character number 2176	泅: frequency-order position 4141; corpus frequency rank 4563; 1 appearances (0.00008%); Unihan kRSUnicode 85.5; Kangxi radical 85 水; Unihan kRSUnicode single radical assignment.	[]	"[""chinese"",""traditional"",""radicals"",""frequency"",""character-to-radical"",""one-way"",""part-21""]"
zh-traditional-radicals-frequency-xxi/4142/character-to-radical	XXI	vocabulary	4142	zh-Hant	zh-Hant	窕	"[""穴""]"	[]		"[""zh-Hant.frequency.4564"",""zh.radical.kangxi.116""]"	[]	[]	sources/characters.tsv	frequency-order position 4142; corpus frequency rank 4564; Ministry common-character number 2962	窕: frequency-order position 4142; corpus frequency rank 4564; 1 appearances (0.00008%); Unihan kRSUnicode 116.6; Kangxi radical 116 穴; Unihan kRSUnicode single radical assignment.	[]	"[""chinese"",""traditional"",""radicals"",""frequency"",""character-to-radical"",""one-way"",""part-21""]"
zh-traditional-radicals-frequency-xxi/4143/character-to-radical	XXI	vocabulary	4143	zh-Hant	zh-Hant	洌	"[""水""]"	[]		"[""zh-Hant.frequency.4565"",""zh.radical.kangxi.085""]"	[]	[]	sources/characters.tsv	frequency-order position 4143; corpus frequency rank 4565; Ministry common-character number 2190	洌: frequency-order position 4143; corpus frequency rank 4565; 1 appearances (0.00008%); Unihan kRSUnicode 85.6; Kangxi radical 85 水; Unihan kRSUnicode single radical assignment.	[]	"[""chinese"",""traditional"",""radicals"",""frequency"",""character-to-radical"",""one-way"",""part-21""]"
zh-traditional-radicals-frequency-xxi/4144/character-to-radical	XXI	vocabulary	4144	zh-Hant	zh-Hant	旎	"[""方""]"	[]		"[""zh-Hant.frequency.4566"",""zh.radical.kangxi.070""]"	[]	[]	sources/characters.tsv	frequency-order position 4144; corpus frequency rank 4566; Ministry common-character number 1767	旎: frequency-order position 4144; corpus frequency rank 4566; 1 appearances (0.00008%); Unihan kRSUnicode 70.7; Kangxi radical 70 方; Unihan kRSUnicode single radical assignment.	[]	"[""chinese"",""traditional"",""radicals"",""frequency"",""character-to-radical"",""one-way"",""part-21""]"
zh-traditional-radicals-frequency-xxi/4145/character-to-radical	XXI	vocabulary	4145	zh-Hant	zh-Hant	捩	"[""手""]"	[]		"[""zh-Hant.frequency.4568"",""zh.radical.kangxi.064""]"	[]	[]	sources/characters.tsv	frequency-order position 4145; corpus frequency rank 4568; Ministry common-character number 1612	捩: frequency-order position 4145; corpus frequency rank 4568; 1 appearances (0.00008%); Unihan kRSUnicode 64.8; Kangxi radical 64 手; Unihan kRSUnicode single radical assignment.	[]	"[""chinese"",""traditional"",""radicals"",""frequency"",""character-to-radical"",""one-way"",""part-21""]"
zh-traditional-radicals-frequency-xxi/4146/character-to-radical	XXI	vocabulary	4146	zh-Hant	zh-Hant	牴	"[""牛""]"	[]		"[""zh-Hant.frequency.4569"",""zh.radical.kangxi.093""]"	[]	[]	sources/characters.tsv	frequency-order position 4146; corpus frequency rank 4569; Ministry common-character number 2496	牴: frequency-order position 4146; corpus frequency rank 4569; 1 appearances (0.00008%); Unihan kRSUnicode 93.5; Kangxi radical 93 牛; Unihan kRSUnicode single radical assignment.	[]	"[""chinese"",""traditional"",""radicals"",""frequency"",""character-to-radical"",""one-way"",""part-21""]"
zh-traditional-radicals-frequency-xxi/4147/character-to-radical	XXI	vocabulary	4147	zh-Hant	zh-Hant	晦	"[""日""]"	[]		"[""zh-Hant.frequency.4570"",""zh.radical.kangxi.072""]"	[]	[]	sources/characters.tsv	frequency-order position 4147; corpus frequency rank 4570; Ministry common-character number 1804	晦: frequency-order position 4147; corpus frequency rank 4570; 1 appearances (0.00008%); Unihan kRSUnicode 72.7; Kangxi radical 72 日; Unihan kRSUnicode single radical assignment.	[]	"[""chinese"",""traditional"",""radicals"",""frequency"",""character-to-radical"",""one-way"",""part-21""]"
zh-traditional-radicals-frequency-xxi/4148/character-to-radical	XXI	vocabulary	4148	zh-Hant	zh-Hant	嵐	"[""山""]"	[]		"[""zh-Hant.frequency.4572"",""zh.radical.kangxi.046""]"	[]	[]	sources/characters.tsv	frequency-order position 4148; corpus frequency rank 4572; Ministry common-character number 1133	嵐: frequency-order position 4148; corpus frequency rank 4572; 1 appearances (0.00008%); Unihan kRSUnicode 46.9; Kangxi radical 46 山; Unihan kRSUnicode single radical assignment.	[]	"[""chinese"",""traditional"",""radicals"",""frequency"",""character-to-radical"",""one-way"",""part-21""]"
zh-traditional-radicals-frequency-xxi/4149/character-to-radical	XXI	vocabulary	4149	zh-Hant	zh-Hant	蛆	"[""虫""]"	[]		"[""zh-Hant.frequency.4574"",""zh.radical.kangxi.142""]"	[]	[]	sources/characters.tsv	frequency-order position 4149; corpus frequency rank 4574; Ministry common-character number 3629	蛆: frequency-order position 4149; corpus frequency rank 4574; 1 appearances (0.00008%); Unihan kRSUnicode 142.5; Kangxi radical 142 虫; Unihan kRSUnicode single radical assignment.	[]	"[""chinese"",""traditional"",""radicals"",""frequency"",""character-to-radical"",""one-way"",""part-21""]"
zh-traditional-radicals-frequency-xxi/4150/character-to-radical	XXI	vocabulary	4150	zh-Hant	zh-Hant	柚	"[""木""]"	[]		"[""zh-Hant.frequency.4575"",""zh.radical.kangxi.075""]"	[]	[]	sources/characters.tsv	frequency-order position 4150; corpus frequency rank 4575; Ministry common-character number 1904	柚: frequency-order position 4150; corpus frequency rank 4575; 1 appearances (0.00008%); Unihan kRSUnicode 75.5; Kangxi radical 75 木; Unihan kRSUnicode single radical assignment.	[]	"[""chinese"",""traditional"",""radicals"",""frequency"",""character-to-radical"",""one-way"",""part-21""]"
zh-traditional-radicals-frequency-xxi/4151/character-to-radical	XXI	vocabulary	4151	zh-Hant	zh-Hant	蚶	"[""虫""]"	[]		"[""zh-Hant.frequency.4576"",""zh.radical.kangxi.142""]"	[]	[]	sources/characters.tsv	frequency-order position 4151; corpus frequency rank 4576; Ministry common-character number 3626	蚶: frequency-order position 4151; corpus frequency rank 4576; 1 appearances (0.00008%); Unihan kRSUnicode 142.5; Kangxi radical 142 虫; Unihan kRSUnicode single radical assignment.	[]	"[""chinese"",""traditional"",""radicals"",""frequency"",""character-to-radical"",""one-way"",""part-21""]"
zh-traditional-radicals-frequency-xxi/4152/character-to-radical	XXI	vocabulary	4152	zh-Hant	zh-Hant	釧	"[""金""]"	[]		"[""zh-Hant.frequency.4578"",""zh.radical.kangxi.167""]"	[]	[]	sources/characters.tsv	frequency-order position 4152; corpus frequency rank 4578; Ministry common-character number 4269	釧: frequency-order position 4152; corpus frequency rank 4578; 1 appearances (0.00008%); Unihan kRSUnicode 167.3; Kangxi radical 167 金; Unihan kRSUnicode single radical assignment.	[]	"[""chinese"",""traditional"",""radicals"",""frequency"",""character-to-radical"",""one-way"",""part-21""]"
zh-traditional-radicals-frequency-xxi/4153/character-to-radical	XXI	vocabulary	4153	zh-Hant	zh-Hant	捫	"[""手""]"	[]		"[""zh-Hant.frequency.4580"",""zh.radical.kangxi.064""]"	[]	[]	sources/characters.tsv	frequency-order position 4153; corpus frequency rank 4580; Ministry common-character number 1601	捫: frequency-order position 4153; corpus frequency rank 4580; 1 appearances (0.00008%); Unihan kRSUnicode 64.8; Kangxi radical 64 手; Unihan kRSUnicode single radical assignment.	[]	"[""chinese"",""traditional"",""radicals"",""frequency"",""character-to-radical"",""one-way"",""part-21""]"
zh-traditional-radicals-frequency-xxi/4154/character-to-radical	XXI	vocabulary	4154	zh-Hant	zh-Hant	愜	"[""心""]"	[]		"[""zh-Hant.frequency.4582"",""zh.radical.kangxi.061""]"	[]	[]	sources/characters.tsv	frequency-order position 4154; corpus frequency rank 4582; Ministry common-character number 1386	愜: frequency-order position 4154; corpus frequency rank 4582; 1 appearances (0.00008%); Unihan kRSUnicode 61.9; Kangxi radical 61 心; Unihan kRSUnicode single radical assignment.	[]	"[""chinese"",""traditional"",""radicals"",""frequency"",""character-to-radical"",""one-way"",""part-21""]"
zh-traditional-radicals-frequency-xxi/4155/character-to-radical	XXI	vocabulary	4155	zh-Hant	zh-Hant	仃	"[""人""]"	[]		"[""zh-Hant.frequency.4583"",""zh.radical.kangxi.009""]"	[]	[]	sources/characters.tsv	frequency-order position 4155; corpus frequency rank 4583; Ministry common-character number 71	仃: frequency-order position 4155; corpus frequency rank 4583; 1 appearances (0.00008%); Unihan kRSUnicode 9.2; Kangxi radical 9 人; Unihan kRSUnicode single radical assignment.	[]	"[""chinese"",""traditional"",""radicals"",""frequency"",""character-to-radical"",""one-way"",""part-21""]"
zh-traditional-radicals-frequency-xxi/4156/character-to-radical	XXI	vocabulary	4156	zh-Hant	zh-Hant	硃	"[""石""]"	[]		"[""zh-Hant.frequency.4584"",""zh.radical.kangxi.112""]"	[]	[]	sources/characters.tsv	frequency-order position 4156; corpus frequency rank 4584; Ministry common-character number 2838	硃: frequency-order position 4156; corpus frequency rank 4584; 1 appearances (0.00008%); Unihan kRSUnicode 112.6; Kangxi radical 112 石; Unihan kRSUnicode single radical assignment.	[]	"[""chinese"",""traditional"",""radicals"",""frequency"",""character-to-radical"",""one-way"",""part-21""]"
zh-traditional-radicals-frequency-xxi/4157/character-to-radical	XXI	vocabulary	4157	zh-Hant	zh-Hant	乩	"[""乙""]"	[]		"[""zh-Hant.frequency.4585"",""zh.radical.kangxi.005""]"	[]	[]	sources/characters.tsv	frequency-order position 4157; corpus frequency rank 4585; Ministry common-character number 42	乩: frequency-order position 4157; corpus frequency rank 4585; 1 appearances (0.00008%); Unihan kRSUnicode 5.5; Kangxi radical 5 乙; Unihan kRSUnicode single radical assignment.	[]	"[""chinese"",""traditional"",""radicals"",""frequency"",""character-to-radical"",""one-way"",""part-21""]"
zh-traditional-radicals-frequency-xxi/4158/character-to-radical	XXI	vocabulary	4158	zh-Hant	zh-Hant	啻	"[""口""]"	[]		"[""zh-Hant.frequency.4586"",""zh.radical.kangxi.030""]"	[]	[]	sources/characters.tsv	frequency-order position 4158; corpus frequency rank 4586; Ministry common-character number 620	啻: frequency-order position 4158; corpus frequency rank 4586; 1 appearances (0.00008%); Unihan kRSUnicode 30.9; Kangxi radical 30 口; Unihan kRSUnicode single radical assignment.	[]	"[""chinese"",""traditional"",""radicals"",""frequency"",""character-to-radical"",""one-way"",""part-21""]"
zh-traditional-radicals-frequency-xxi/4159/character-to-radical	XXI	vocabulary	4159	zh-Hant	zh-Hant	淌	"[""水""]"	[]		"[""zh-Hant.frequency.4588"",""zh.radical.kangxi.085""]"	[]	[]	sources/characters.tsv	frequency-order position 4159; corpus frequency rank 4588; Ministry common-character number 2220	淌: frequency-order position 4159; corpus frequency rank 4588; 1 appearances (0.00008%); Unihan kRSUnicode 85.8; Kangxi radical 85 水; Unihan kRSUnicode single radical assignment.	[]	"[""chinese"",""traditional"",""radicals"",""frequency"",""character-to-radical"",""one-way"",""part-21""]"
zh-traditional-radicals-frequency-xxi/4160/character-to-radical	XXI	vocabulary	4160	zh-Hant	zh-Hant	甬	"[""用""]"	[]		"[""zh-Hant.frequency.4589"",""zh.radical.kangxi.101""]"	[]	[]	sources/characters.tsv	frequency-order position 4160; corpus frequency rank 4589; Ministry common-character number 2629	甬: frequency-order position 4160; corpus frequency rank 4589; 1 appearances (0.00008%); Unihan kRSUnicode 101.2; Kangxi radical 101 用; Unihan kRSUnicode single radical assignment.	[]	"[""chinese"",""traditional"",""radicals"",""frequency"",""character-to-radical"",""one-way"",""part-21""]"
zh-traditional-radicals-frequency-xxi/4161/character-to-radical	XXI	vocabulary	4161	zh-Hant	zh-Hant	捱	"[""手""]"	[]		"[""zh-Hant.frequency.4590"",""zh.radical.kangxi.064""]"	[]	[]	sources/characters.tsv	frequency-order position 4161; corpus frequency rank 4590; Ministry common-character number 1596	捱: frequency-order position 4161; corpus frequency rank 4590; 1 appearances (0.00008%); Unihan kRSUnicode 64.8; Kangxi radical 64 手; Unihan kRSUnicode single radical assignment.	[]	"[""chinese"",""traditional"",""radicals"",""frequency"",""character-to-radical"",""one-way"",""part-21""]"
zh-traditional-radicals-frequency-xxi/4162/character-to-radical	XXI	vocabulary	4162	zh-Hant	zh-Hant	侃	"[""人""]"	[]		"[""zh-Hant.frequency.4591"",""zh.radical.kangxi.009""]"	[]	[]	sources/characters.tsv	frequency-order position 4162; corpus frequency rank 4591; Ministry common-character number 139	侃: frequency-order position 4162; corpus frequency rank 4591; 1 appearances (0.00008%); Unihan kRSUnicode 9.6; Kangxi radical 9 人; Unihan kRSUnicode single radical assignment.	[]	"[""chinese"",""traditional"",""radicals"",""frequency"",""character-to-radical"",""one-way"",""part-21""]"
zh-traditional-radicals-frequency-xxi/4163/character-to-radical	XXI	vocabulary	4163	zh-Hant	zh-Hant	惻	"[""心""]"	[]		"[""zh-Hant.frequency.4592"",""zh.radical.kangxi.061""]"	[]	[]	sources/characters.tsv	frequency-order position 4163; corpus frequency rank 4592; Ministry common-character number 1391	惻: frequency-order position 4163; corpus frequency rank 4592; 1 appearances (0.00008%); Unihan kRSUnicode 61.9; Kangxi radical 61 心; Unihan kRSUnicode single radical assignment.	[]	"[""chinese"",""traditional"",""radicals"",""frequency"",""character-to-radical"",""one-way"",""part-21""]"
zh-traditional-radicals-frequency-xxi/4164/character-to-radical	XXI	vocabulary	4164	zh-Hant	zh-Hant	戕	"[""戈""]"	[]		"[""zh-Hant.frequency.4593"",""zh.radical.kangxi.062""]"	[]	[]	sources/characters.tsv	frequency-order position 4164; corpus frequency rank 4593; Ministry common-character number 1475	戕: frequency-order position 4164; corpus frequency rank 4593; 1 appearances (0.00008%); Unihan kRSUnicode 62.4; Kangxi radical 62 戈; Unihan kRSUnicode single radical assignment.	[]	"[""chinese"",""traditional"",""radicals"",""frequency"",""character-to-radical"",""one-way"",""part-21""]"
zh-traditional-radicals-frequency-xxi/4165/character-to-radical	XXI	vocabulary	4165	zh-Hant	zh-Hant	絀	"[""糸""]"	[]		"[""zh-Hant.frequency.4594"",""zh.radical.kangxi.120""]"	[]	[]	sources/characters.tsv	frequency-order position 4165; corpus frequency rank 4594; Ministry common-character number 3108	絀: frequency-order position 4165; corpus frequency rank 4594; 1 appearances (0.00008%); Unihan kRSUnicode 120.5; Kangxi radical 120 糸; Unihan kRSUnicode single radical assignment.	[]	"[""chinese"",""traditional"",""radicals"",""frequency"",""character-to-radical"",""one-way"",""part-21""]"
zh-traditional-radicals-frequency-xxi/4166/character-to-radical	XXI	vocabulary	4166	zh-Hant	zh-Hant	妓	"[""女""]"	[]		"[""zh-Hant.frequency.4595"",""zh.radical.kangxi.038""]"	[]	[]	sources/characters.tsv	frequency-order position 4166; corpus frequency rank 4595; Ministry common-character number 896	妓: frequency-order position 4166; corpus frequency rank 4595; 1 appearances (0.00008%); Unihan kRSUnicode 38.4; Kangxi radical 38 女; Unihan kRSUnicode single radical assignment.	[]	"[""chinese"",""traditional"",""radicals"",""frequency"",""character-to-radical"",""one-way"",""part-21""]"
zh-traditional-radicals-frequency-xxi/4167/character-to-radical	XXI	vocabulary	4167	zh-Hant	zh-Hant	崛	"[""山""]"	[]		"[""zh-Hant.frequency.4596"",""zh.radical.kangxi.046""]"	[]	[]	sources/characters.tsv	frequency-order position 4167; corpus frequency rank 4596; Ministry common-character number 1125	崛: frequency-order position 4167; corpus frequency rank 4596; 1 appearances (0.00008%); Unihan kRSUnicode 46.8; Kangxi radical 46 山; Unihan kRSUnicode single radical assignment.	[]	"[""chinese"",""traditional"",""radicals"",""frequency"",""character-to-radical"",""one-way"",""part-21""]"
zh-traditional-radicals-frequency-xxi/4168/character-to-radical	XXI	vocabulary	4168	zh-Hant	zh-Hant	杳	"[""木""]"	[]		"[""zh-Hant.frequency.4597"",""zh.radical.kangxi.075""]"	[]	[]	sources/characters.tsv	frequency-order position 4168; corpus frequency rank 4597; Ministry common-character number 1877	杳: frequency-order position 4168; corpus frequency rank 4597; 1 appearances (0.00008%); Unihan kRSUnicode 75.4; Kangxi radical 75 木; Unihan kRSUnicode single radical assignment.	[]	"[""chinese"",""traditional"",""radicals"",""frequency"",""character-to-radical"",""one-way"",""part-21""]"
zh-traditional-radicals-frequency-xxi/4169/character-to-radical	XXI	vocabulary	4169	zh-Hant	zh-Hant	愎	"[""心""]"	[]		"[""zh-Hant.frequency.4598"",""zh.radical.kangxi.061""]"	[]	[]	sources/characters.tsv	frequency-order position 4169; corpus frequency rank 4598; Ministry common-character number 1395	愎: frequency-order position 4169; corpus frequency rank 4598; 1 appearances (0.00008%); Unihan kRSUnicode 61.9; Kangxi radical 61 心; Unihan kRSUnicode single radical assignment.	[]	"[""chinese"",""traditional"",""radicals"",""frequency"",""character-to-radical"",""one-way"",""part-21""]"
zh-traditional-radicals-frequency-xxi/4170/character-to-radical	XXI	vocabulary	4170	zh-Hant	zh-Hant	佃	"[""人""]"	[]		"[""zh-Hant.frequency.4599"",""zh.radical.kangxi.009""]"	[]	[]	sources/characters.tsv	frequency-order position 4170; corpus frequency rank 4599; Ministry common-character number 118	佃: frequency-order position 4170; corpus frequency rank 4599; 1 appearances (0.00008%); Unihan kRSUnicode 9.5; Kangxi radical 9 人; Unihan kRSUnicode single radical assignment.	[]	"[""chinese"",""traditional"",""radicals"",""frequency"",""character-to-radical"",""one-way"",""part-21""]"
zh-traditional-radicals-frequency-xxi/4171/character-to-radical	XXI	vocabulary	4171	zh-Hant	zh-Hant	脯	"[""肉""]"	[]		"[""zh-Hant.frequency.4600"",""zh.radical.kangxi.130""]"	[]	[]	sources/characters.tsv	frequency-order position 4171; corpus frequency rank 4600; Ministry common-character number 3331	脯: frequency-order position 4171; corpus frequency rank 4600; 1 appearances (0.00008%); Unihan kRSUnicode 130.7; Kangxi radical 130 肉; Unihan kRSUnicode single radical assignment.	[]	"[""chinese"",""traditional"",""radicals"",""frequency"",""character-to-radical"",""one-way"",""part-21""]"
zh-traditional-radicals-frequency-xxi/4172/character-to-radical	XXI	vocabulary	4172	zh-Hant	zh-Hant	羌	"[""羊""]"	[]		"[""zh-Hant.frequency.4601"",""zh.radical.kangxi.123""]"	[]	[]	sources/characters.tsv	frequency-order position 4172; corpus frequency rank 4601; Ministry common-character number 3216	羌: frequency-order position 4172; corpus frequency rank 4601; 1 appearances (0.00008%); Unihan kRSUnicode 123.2; Kangxi radical 123 羊; Unihan kRSUnicode single radical assignment.	[]	"[""chinese"",""traditional"",""radicals"",""frequency"",""character-to-radical"",""one-way"",""part-21""]"
zh-traditional-radicals-frequency-xxi/4173/character-to-radical	XXI	vocabulary	4173	zh-Hant	zh-Hant	苧	"[""艸""]"	[]		"[""zh-Hant.frequency.4603"",""zh.radical.kangxi.140""]"	[]	[]	sources/characters.tsv	frequency-order position 4173; corpus frequency rank 4603; Ministry common-character number 3443	苧: frequency-order position 4173; corpus frequency rank 4603; 1 appearances (0.00008%); Unihan kRSUnicode 140.5; Kangxi radical 140 艸; Unihan kRSUnicode single radical assignment.	[]	"[""chinese"",""traditional"",""radicals"",""frequency"",""character-to-radical"",""one-way"",""part-21""]"
zh-traditional-radicals-frequency-xxi/4174/character-to-radical	XXI	vocabulary	4174	zh-Hant	zh-Hant	泓	"[""水""]"	[]		"[""zh-Hant.frequency.4605"",""zh.radical.kangxi.085""]"	[]	[]	sources/characters.tsv	frequency-order position 4174; corpus frequency rank 4605; Ministry common-character number 2169	泓: frequency-order position 4174; corpus frequency rank 4605; 1 appearances (0.00008%); Unihan kRSUnicode 85.5; Kangxi radical 85 水; Unihan kRSUnicode single radical assignment.	[]	"[""chinese"",""traditional"",""radicals"",""frequency"",""character-to-radical"",""one-way"",""part-21""]"
zh-traditional-radicals-frequency-xxi/4175/character-to-radical	XXI	vocabulary	4175	zh-Hant	zh-Hant	笞	"[""竹""]"	[]		"[""zh-Hant.frequency.4606"",""zh.radical.kangxi.118""]"	[]	[]	sources/characters.tsv	frequency-order position 4175; corpus frequency rank 4606; Ministry common-character number 2996	笞: frequency-order position 4175; corpus frequency rank 4606; 1 appearances (0.00008%); Unihan kRSUnicode 118.5; Kangxi radical 118 竹; Unihan kRSUnicode single radical assignment.	[]	"[""chinese"",""traditional"",""radicals"",""frequency"",""character-to-radical"",""one-way"",""part-21""]"
zh-traditional-radicals-frequency-xxi/4176/character-to-radical	XXI	vocabulary	4176	zh-Hant	zh-Hant	洱	"[""水""]"	[]		"[""zh-Hant.frequency.4607"",""zh.radical.kangxi.085""]"	[]	[]	sources/characters.tsv	frequency-order position 4176; corpus frequency rank 4607; Ministry common-character number 2191	洱: frequency-order position 4176; corpus frequency rank 4607; 1 appearances (0.00008%); Unihan kRSUnicode 85.6; Kangxi radical 85 水; Unihan kRSUnicode single radical assignment.	[]	"[""chinese"",""traditional"",""radicals"",""frequency"",""character-to-radical"",""one-way"",""part-21""]"
zh-traditional-radicals-frequency-xxi/4177/character-to-radical	XXI	vocabulary	4177	zh-Hant	zh-Hant	猙	"[""犬""]"	[]		"[""zh-Hant.frequency.4608"",""zh.radical.kangxi.094""]"	[]	[]	sources/characters.tsv	frequency-order position 4177; corpus frequency rank 4608; Ministry common-character number 2528	猙: frequency-order position 4177; corpus frequency rank 4608; 1 appearances (0.00008%); Unihan kRSUnicode 94.8; Kangxi radical 94 犬; Unihan kRSUnicode single radical assignment.	[]	"[""chinese"",""traditional"",""radicals"",""frequency"",""character-to-radical"",""one-way"",""part-21""]"
zh-traditional-radicals-frequency-xxi/4178/character-to-radical	XXI	vocabulary	4178	zh-Hant	zh-Hant	氖	"[""气""]"	[]		"[""zh-Hant.frequency.4611"",""zh.radical.kangxi.084""]"	[]	[]	sources/characters.tsv	frequency-order position 4178; corpus frequency rank 4611; Ministry common-character number 2112	氖: frequency-order position 4178; corpus frequency rank 4611; 1 appearances (0.00008%); Unihan kRSUnicode 84.2; Kangxi radical 84 气; Unihan kRSUnicode single radical assignment.	[]	"[""chinese"",""traditional"",""radicals"",""frequency"",""character-to-radical"",""one-way"",""part-21""]"
zh-traditional-radicals-frequency-xxi/4179/character-to-radical	XXI	vocabulary	4179	zh-Hant	zh-Hant	焊	"[""火""]"	[]		"[""zh-Hant.frequency.4612"",""zh.radical.kangxi.086""]"	[]	[]	sources/characters.tsv	frequency-order position 4179; corpus frequency rank 4612; Ministry common-character number 2410	焊: frequency-order position 4179; corpus frequency rank 4612; 1 appearances (0.00008%); Unihan kRSUnicode 86.7; Kangxi radical 86 火; Unihan kRSUnicode single radical assignment.	[]	"[""chinese"",""traditional"",""radicals"",""frequency"",""character-to-radical"",""one-way"",""part-21""]"
zh-traditional-radicals-frequency-xxi/4180/character-to-radical	XXI	vocabulary	4180	zh-Hant	zh-Hant	揩	"[""手""]"	[]		"[""zh-Hant.frequency.4614"",""zh.radical.kangxi.064""]"	[]	[]	sources/characters.tsv	frequency-order position 4180; corpus frequency rank 4614; Ministry common-character number 1618	揩: frequency-order position 4180; corpus frequency rank 4614; 1 appearances (0.00008%); Unihan kRSUnicode 64.9; Kangxi radical 64 手; Unihan kRSUnicode single radical assignment.	[]	"[""chinese"",""traditional"",""radicals"",""frequency"",""character-to-radical"",""one-way"",""part-21""]"
zh-traditional-radicals-frequency-xxi/4181/character-to-radical	XXI	vocabulary	4181	zh-Hant	zh-Hant	淄	"[""水""]"	[]		"[""zh-Hant.frequency.4616"",""zh.radical.kangxi.085""]"	[]	[]	sources/characters.tsv	frequency-order position 4181; corpus frequency rank 4616; Ministry common-character number 2247	淄: frequency-order position 4181; corpus frequency rank 4616; 1 appearances (0.00008%); Unihan kRSUnicode 85.8; Kangxi radical 85 水; Unihan kRSUnicode single radical assignment.	[]	"[""chinese"",""traditional"",""radicals"",""frequency"",""character-to-radical"",""one-way"",""part-21""]"
zh-traditional-radicals-frequency-xxi/4182/character-to-radical	XXI	vocabulary	4182	zh-Hant	zh-Hant	酉	"[""酉""]"	[]		"[""zh-Hant.frequency.4617"",""zh.radical.kangxi.164""]"	[]	[]	sources/characters.tsv	frequency-order position 4182; corpus frequency rank 4617; Ministry common-character number 4225	酉: frequency-order position 4182; corpus frequency rank 4617; 1 appearances (0.00008%); Unihan kRSUnicode 164.0; Kangxi radical 164 酉; Unihan kRSUnicode single radical assignment.	[]	"[""chinese"",""traditional"",""radicals"",""frequency"",""character-to-radical"",""one-way"",""part-21""]"
zh-traditional-radicals-frequency-xxi/4183/character-to-radical	XXI	vocabulary	4183	zh-Hant	zh-Hant	恿	"[""心""]"	[]		"[""zh-Hant.frequency.4618"",""zh.radical.kangxi.061""]"	[]	[]	sources/characters.tsv	frequency-order position 4183; corpus frequency rank 4618; Ministry common-character number 1361	恿: frequency-order position 4183; corpus frequency rank 4618; 1 appearances (0.00008%); Unihan kRSUnicode 61.7; Kangxi radical 61 心; Unihan kRSUnicode single radical assignment.	[]	"[""chinese"",""traditional"",""radicals"",""frequency"",""character-to-radical"",""one-way"",""part-21""]"
zh-traditional-radicals-frequency-xxi/4184/character-to-radical	XXI	vocabulary	4184	zh-Hant	zh-Hant	沅	"[""水""]"	[]		"[""zh-Hant.frequency.4619"",""zh.radical.kangxi.085""]"	[]	[]	sources/characters.tsv	frequency-order position 4184; corpus frequency rank 4619; Ministry common-character number 2142	沅: frequency-order position 4184; corpus frequency rank 4619; 1 appearances (0.00008%); Unihan kRSUnicode 85.4; Kangxi radical 85 水; Unihan kRSUnicode single radical assignment.	[]	"[""chinese"",""traditional"",""radicals"",""frequency"",""character-to-radical"",""one-way"",""part-21""]"
zh-traditional-radicals-frequency-xxi/4185/character-to-radical	XXI	vocabulary	4185	zh-Hant	zh-Hant	崢	"[""山""]"	[]		"[""zh-Hant.frequency.4620"",""zh.radical.kangxi.046""]"	[]	[]	sources/characters.tsv	frequency-order position 4185; corpus frequency rank 4620; Ministry common-character number 1127	崢: frequency-order position 4185; corpus frequency rank 4620; 1 appearances (0.00008%); Unihan kRSUnicode 46.8; Kangxi radical 46 山; Unihan kRSUnicode single radical assignment.	[]	"[""chinese"",""traditional"",""radicals"",""frequency"",""character-to-radical"",""one-way"",""part-21""]"
zh-traditional-radicals-frequency-xxi/4186/character-to-radical	XXI	vocabulary	4186	zh-Hant	zh-Hant	訟	"[""言""]"	[]		"[""zh-Hant.frequency.4622"",""zh.radical.kangxi.149""]"	[]	[]	sources/characters.tsv	frequency-order position 4186; corpus frequency rank 4622; Ministry common-character number 3800	訟: frequency-order position 4186; corpus frequency rank 4622; 1 appearances (0.00008%); Unihan kRSUnicode 149.4; Kangxi radical 149 言; Unihan kRSUnicode single radical assignment.	[]	"[""chinese"",""traditional"",""radicals"",""frequency"",""character-to-radical"",""one-way"",""part-21""]"
zh-traditional-radicals-frequency-xxi/4187/character-to-radical	XXI	vocabulary	4187	zh-Hant	zh-Hant	酊	"[""酉""]"	[]		"[""zh-Hant.frequency.4623"",""zh.radical.kangxi.164""]"	[]	[]	sources/characters.tsv	frequency-order position 4187; corpus frequency rank 4623; Ministry common-character number 4227	酊: frequency-order position 4187; corpus frequency rank 4623; 1 appearances (0.00008%); Unihan kRSUnicode 164.2; Kangxi radical 164 酉; Unihan kRSUnicode single radical assignment.	[]	"[""chinese"",""traditional"",""radicals"",""frequency"",""character-to-radical"",""one-way"",""part-21""]"
zh-traditional-radicals-frequency-xxi/4188/character-to-radical	XXI	vocabulary	4188	zh-Hant	zh-Hant	豉	"[""豆""]"	[]		"[""zh-Hant.frequency.4624"",""zh.radical.kangxi.151""]"	[]	[]	sources/characters.tsv	frequency-order position 4188; corpus frequency rank 4624; Ministry common-character number 3907	豉: frequency-order position 4188; corpus frequency rank 4624; 1 appearances (0.00008%); Unihan kRSUnicode 151.4; Kangxi radical 151 豆; Unihan kRSUnicode single radical assignment.	[]	"[""chinese"",""traditional"",""radicals"",""frequency"",""character-to-radical"",""one-way"",""part-21""]"
zh-traditional-radicals-frequency-xxi/4189/character-to-radical	XXI	vocabulary	4189	zh-Hant	zh-Hant	亟	"[""二""]"	[]		"[""zh-Hant.frequency.4625"",""zh.radical.kangxi.007""]"	[]	[]	sources/characters.tsv	frequency-order position 4189; corpus frequency rank 4625; Ministry common-character number 58	亟: frequency-order position 4189; corpus frequency rank 4625; 1 appearances (0.00008%); Unihan kRSUnicode 7.6; Kangxi radical 7 二; Unihan kRSUnicode single radical assignment.	[]	"[""chinese"",""traditional"",""radicals"",""frequency"",""character-to-radical"",""one-way"",""part-21""]"
zh-traditional-radicals-frequency-xxi/4190/character-to-radical	XXI	vocabulary	4190	zh-Hant	zh-Hant	堰	"[""土""]"	[]		"[""zh-Hant.frequency.4626"",""zh.radical.kangxi.032""]"	[]	[]	sources/characters.tsv	frequency-order position 4190; corpus frequency rank 4626; Ministry common-character number 790	堰: frequency-order position 4190; corpus frequency rank 4626; 1 appearances (0.00008%); Unihan kRSUnicode 32.9; Kangxi radical 32 土; Unihan kRSUnicode single radical assignment.	[]	"[""chinese"",""traditional"",""radicals"",""frequency"",""character-to-radical"",""one-way"",""part-21""]"
zh-traditional-radicals-frequency-xxi/4191/character-to-radical	XXI	vocabulary	4191	zh-Hant	zh-Hant	棹	"[""木""]"	[]		"[""zh-Hant.frequency.4630"",""zh.radical.kangxi.075""]"	[]	[]	sources/characters.tsv	frequency-order position 4191; corpus frequency rank 4630; Ministry common-character number 1962	棹: frequency-order position 4191; corpus frequency rank 4630; 1 appearances (0.00008%); Unihan kRSUnicode 75.8; Kangxi radical 75 木; Unihan kRSUnicode single radical assignment.	[]	"[""chinese"",""traditional"",""radicals"",""frequency"",""character-to-radical"",""one-way"",""part-21""]"
zh-traditional-radicals-frequency-xxi/4192/character-to-radical	XXI	vocabulary	4192	zh-Hant	zh-Hant	嵩	"[""山""]"	[]		"[""zh-Hant.frequency.4632"",""zh.radical.kangxi.046""]"	[]	[]	sources/characters.tsv	frequency-order position 4192; corpus frequency rank 4632; Ministry common-character number 1134	嵩: frequency-order position 4192; corpus frequency rank 4632; 1 appearances (0.00008%); Unihan kRSUnicode 46.10; Kangxi radical 46 山; Unihan kRSUnicode single radical assignment.	[]	"[""chinese"",""traditional"",""radicals"",""frequency"",""character-to-radical"",""one-way"",""part-21""]"
zh-traditional-radicals-frequency-xxi/4193/character-to-radical	XXI	vocabulary	4193	zh-Hant	zh-Hant	苓	"[""艸""]"	[]		"[""zh-Hant.frequency.4633"",""zh.radical.kangxi.140""]"	[]	[]	sources/characters.tsv	frequency-order position 4193; corpus frequency rank 4633; Ministry common-character number 3461	苓: frequency-order position 4193; corpus frequency rank 4633; 1 appearances (0.00008%); Unihan kRSUnicode 140.5; Kangxi radical 140 艸; Unihan kRSUnicode single radical assignment.	[]	"[""chinese"",""traditional"",""radicals"",""frequency"",""character-to-radical"",""one-way"",""part-21""]"
zh-traditional-radicals-frequency-xxi/4194/character-to-radical	XXI	vocabulary	4194	zh-Hant	zh-Hant	幌	"[""巾""]"	[]		"[""zh-Hant.frequency.4634"",""zh.radical.kangxi.050""]"	[]	[]	sources/characters.tsv	frequency-order position 4194; corpus frequency rank 4634; Ministry common-character number 1182	幌: frequency-order position 4194; corpus frequency rank 4634; 1 appearances (0.00008%); Unihan kRSUnicode 50.10; Kangxi radical 50 巾; Unihan kRSUnicode single radical assignment.	[]	"[""chinese"",""traditional"",""radicals"",""frequency"",""character-to-radical"",""one-way"",""part-21""]"
zh-traditional-radicals-frequency-xxi/4195/character-to-radical	XXI	vocabulary	4195	zh-Hant	zh-Hant	甭	"[""用""]"	[]		"[""zh-Hant.frequency.4635"",""zh.radical.kangxi.101""]"	[]	[]	sources/characters.tsv	frequency-order position 4195; corpus frequency rank 4635; Ministry common-character number 2631	甭: frequency-order position 4195; corpus frequency rank 4635; 1 appearances (0.00008%); Unihan kRSUnicode 101.4; Kangxi radical 101 用; Unihan kRSUnicode single radical assignment.	[]	"[""chinese"",""traditional"",""radicals"",""frequency"",""character-to-radical"",""one-way"",""part-21""]"
zh-traditional-radicals-frequency-xxi/4196/character-to-radical	XXI	vocabulary	4196	zh-Hant	zh-Hant	昀	"[""日""]"	[]		"[""zh-Hant.frequency.4636"",""zh.radical.kangxi.072""]"	[]	[]	sources/characters.tsv	frequency-order position 4196; corpus frequency rank 4636; Ministry common-character number 1785	昀: frequency-order position 4196; corpus frequency rank 4636; 1 appearances (0.00008%); Unihan kRSUnicode 72.4; Kangxi radical 72 日; Unihan kRSUnicode single radical assignment.	[]	"[""chinese"",""traditional"",""radicals"",""frequency"",""character-to-radical"",""one-way"",""part-21""]"
zh-traditional-radicals-frequency-xxi/4197/character-to-radical	XXI	vocabulary	4197	zh-Hant	zh-Hant	痢	"[""疒""]"	[]		"[""zh-Hant.frequency.4640"",""zh.radical.kangxi.104""]"	[]	[]	sources/characters.tsv	frequency-order position 4197; corpus frequency rank 4640; Ministry common-character number 2678	痢: frequency-order position 4197; corpus frequency rank 4640; 1 appearances (0.00008%); Unihan kRSUnicode 104.7; Kangxi radical 104 疒; Unihan kRSUnicode single radical assignment.	[]	"[""chinese"",""traditional"",""radicals"",""frequency"",""character-to-radical"",""one-way"",""part-21""]"
zh-traditional-radicals-frequency-xxi/4198/character-to-radical	XXI	vocabulary	4198	zh-Hant	zh-Hant	塭	"[""土""]"	[]		"[""zh-Hant.frequency.4641"",""zh.radical.kangxi.032""]"	[]	[]	sources/characters.tsv	frequency-order position 4198; corpus frequency rank 4641; Ministry common-character number 801	塭: frequency-order position 4198; corpus frequency rank 4641; 1 appearances (0.00008%); Unihan kRSUnicode 32.10; Kangxi radical 32 土; Unihan kRSUnicode single radical assignment.	[]	"[""chinese"",""traditional"",""radicals"",""frequency"",""character-to-radical"",""one-way"",""part-21""]"
zh-traditional-radicals-frequency-xxi/4199/character-to-radical	XXI	vocabulary	4199	zh-Hant	zh-Hant	賁	"[""貝""]"	[]		"[""zh-Hant.frequency.4642"",""zh.radical.kangxi.154""]"	[]	[]	sources/characters.tsv	frequency-order position 4199; corpus frequency rank 4642; Ministry common-character number 3942	賁: frequency-order position 4199; corpus frequency rank 4642; 1 appearances (0.00008%); Unihan kRSUnicode 154.5; Kangxi radical 154 貝; Unihan kRSUnicode single radical assignment.	[]	"[""chinese"",""traditional"",""radicals"",""frequency"",""character-to-radical"",""one-way"",""part-21""]"
zh-traditional-radicals-frequency-xxi/4200/character-to-radical	XXI	vocabulary	4200	zh-Hant	zh-Hant	軼	"[""車""]"	[]		"[""zh-Hant.frequency.4643"",""zh.radical.kangxi.159""]"	[]	[]	sources/characters.tsv	frequency-order position 4200; corpus frequency rank 4643; Ministry common-character number 4071	軼: frequency-order position 4200; corpus frequency rank 4643; 1 appearances (0.00008%); Unihan kRSUnicode 159.5; Kangxi radical 159 車; Unihan kRSUnicode single radical assignment.	[]	"[""chinese"",""traditional"",""radicals"",""frequency"",""character-to-radical"",""one-way"",""part-21""]"
