order	source_mapping	simplified	traditional	pinyin	taiwan_pinyin	meaning	simplified_sentence	traditional_sentence	example_source	example_source_id	source_sentence	pinyin_source	taiwan_pinyin_source
1	3509_1	津巴布韦	津巴布韋	jīn bā bù wéi		Zimbabwe	津巴布韦曾经是英国的殖民地。	津巴布韋曾經是英國的殖民地。	tatoeba	801434	津巴布韋曾經是英國的殖民地。	CC-CEDICT	
2	3509_1	曾经	曾經	céng jīng		once	津巴布韦曾经是英国的殖民地。	津巴布韋曾經是英國的殖民地。	tatoeba	801434	津巴布韋曾經是英國的殖民地。	CC-CEDICT	
3	3509_1	英国	英國	yīng guó		United Kingdom	津巴布韦曾经是英国的殖民地。	津巴布韋曾經是英國的殖民地。	tatoeba	801434	津巴布韋曾經是英國的殖民地。	CC-CEDICT	
4	3509_1	殖民地	殖民地	zhí mín dì		colony	津巴布韦曾经是英国的殖民地。	津巴布韋曾經是英國的殖民地。	tatoeba	801434	津巴布韋曾經是英國的殖民地。	CC-CEDICT	
5	3522_1	门闩	門閂	mén shuān		horizontal bar to hold a door closed	他把门闩上。	他把門閂上。	tatoeba	350674	他把门闩上。	CC-CEDICT	
6	3523_1	讣告	訃告	fù gào		obituary	报纸讣告版面不断记录着新增的死亡。	報紙訃告版面不斷記錄著新增的死亡。	leipzig	zho_news_2020_300K:158271	报纸讣告版面不断记录着新增的死亡。	CC-CEDICT	
7	3523_1	版面	版面	bǎn miàn		page of a publication	报纸讣告版面不断记录着新增的死亡。	報紙訃告版面不斷記錄著新增的死亡。	leipzig	zho_news_2020_300K:158271	报纸讣告版面不断记录着新增的死亡。	CC-CEDICT	
8	3523_1	新增	新增	xīn zēng		to add	报纸讣告版面不断记录着新增的死亡。	報紙訃告版面不斷記錄著新增的死亡。	leipzig	zho_news_2020_300K:158271	报纸讣告版面不断记录着新增的死亡。	CC-CEDICT	
9	3537_1	政协	政協	zhèng xié		CPPCC	政协会议闭幕后，经王世杰和周恩来推荐，民社党的张君劢先生主持起草了《中华民国宪法草案》。	政協會議閉幕後，經王世傑和周恩來推薦，民社黨的張君勱先生主持起草了《中華民國憲法草案》。	leipzig	zho_news_2020_300K:165137	政协会议闭幕后，经王世杰和周恩来推荐，民社党的张君劢先生主持起草了《中华民国宪法草案》。	CC-CEDICT	
10	3537_1	闭幕	閉幕	bì mù		the curtain falls	政协会议闭幕后，经王世杰和周恩来推荐，民社党的张君劢先生主持起草了《中华民国宪法草案》。	政協會議閉幕後，經王世傑和周恩來推薦，民社黨的張君勱先生主持起草了《中華民國憲法草案》。	leipzig	zho_news_2020_300K:165137	政协会议闭幕后，经王世杰和周恩来推荐，民社党的张君劢先生主持起草了《中华民国宪法草案》。	CC-CEDICT	
11	3537_1	周恩来	周恩來	zhōu ēn lái		Zhou Enlai	政协会议闭幕后，经王世杰和周恩来推荐，民社党的张君劢先生主持起草了《中华民国宪法草案》。	政協會議閉幕後，經王世傑和周恩來推薦，民社黨的張君勱先生主持起草了《中華民國憲法草案》。	leipzig	zho_news_2020_300K:165137	政协会议闭幕后，经王世杰和周恩来推荐，民社党的张君劢先生主持起草了《中华民国宪法草案》。	CC-CEDICT	
12	3537_1	先生	先生	xiān sheng	xiān shēng	teacher	政协会议闭幕后，经王世杰和周恩来推荐，民社党的张君劢先生主持起草了《中华民国宪法草案》。	政協會議閉幕後，經王世傑和周恩來推薦，民社黨的張君勱先生主持起草了《中華民國憲法草案》。	leipzig	zho_news_2020_300K:165137	政协会议闭幕后，经王世杰和周恩来推荐，民社党的张君劢先生主持起草了《中华民国宪法草案》。	CC-CEDICT	Taiwan MOE Concise Dictionary
13	3537_1	主持	主持	zhǔ chí		to take charge of	政协会议闭幕后，经王世杰和周恩来推荐，民社党的张君劢先生主持起草了《中华民国宪法草案》。	政協會議閉幕後，經王世傑和周恩來推薦，民社黨的張君勱先生主持起草了《中華民國憲法草案》。	leipzig	zho_news_2020_300K:165137	政协会议闭幕后，经王世杰和周恩来推荐，民社党的张君劢先生主持起草了《中华民国宪法草案》。	CC-CEDICT	
14	3537_1	起草	起草	qǐ cǎo		to make a draft	政协会议闭幕后，经王世杰和周恩来推荐，民社党的张君劢先生主持起草了《中华民国宪法草案》。	政協會議閉幕後，經王世傑和周恩來推薦，民社黨的張君勱先生主持起草了《中華民國憲法草案》。	leipzig	zho_news_2020_300K:165137	政协会议闭幕后，经王世杰和周恩来推荐，民社党的张君劢先生主持起草了《中华民国宪法草案》。	CC-CEDICT	
15	3537_1	草案	草案	cǎo àn		draft	政协会议闭幕后，经王世杰和周恩来推荐，民社党的张君劢先生主持起草了《中华民国宪法草案》。	政協會議閉幕後，經王世傑和周恩來推薦，民社黨的張君勱先生主持起草了《中華民國憲法草案》。	leipzig	zho_news_2020_300K:165137	政协会议闭幕后，经王世杰和周恩来推荐，民社党的张君劢先生主持起草了《中华民国宪法草案》。	CC-CEDICT	
16	3550_1	反刍	反芻	fǎn chú		to ruminate	牛是一种反刍类的哺乳动物。	牛是一種反芻類的哺乳動物。	tatoeba	1551891	牛是一种反刍类的哺乳动物。	CC-CEDICT	
17	3550_1	哺乳	哺乳	bǔ rǔ		breastfeeding	牛是一种反刍类的哺乳动物。	牛是一種反芻類的哺乳動物。	tatoeba	1551891	牛是一种反刍类的哺乳动物。	CC-CEDICT	
18	3551_1	人名	人名	rén míng		personal name	邝天雄是一个人名。	鄺天雄是一個人名。	authored	level-2/3551_1	邝天雄是一个人名。	CC-CEDICT	
19	3554_1	辱骂	辱罵	rǔ mà	rù mà	to insult	无论是出于哪一种心理，辱骂、攻讦、造谣明星都是不可取的。	無論是出於哪一種心理，辱罵、攻訐、造謠明星都是不可取的。	leipzig	zho_news_2020_300K:170953	无论是出于哪一种心理，辱骂、攻讦、造谣明星都是不可取的。	CC-CEDICT	Taiwan MOE Concise Dictionary
20	3554_1	造谣	造謠	zào yáo		to start a rumor	无论是出于哪一种心理，辱骂、攻讦、造谣明星都是不可取的。	無論是出於哪一種心理，辱罵、攻訐、造謠明星都是不可取的。	leipzig	zho_news_2020_300K:170953	无论是出于哪一种心理，辱骂、攻讦、造谣明星都是不可取的。	CC-CEDICT	
21	3555_1	内讧	內訌	nèi hòng	nèi hóng	internal strife	他们开始内讧了。	他們開始內訌了。	tatoeba	1409086	他们开始内讧了。	CC-CEDICT	Taiwan MOE Concise Dictionary
22	3556_1	酒吧	酒吧	jiǔ bā		bar	在酒吧有没有美女找你搭讪？	在酒吧有沒有美女找你搭訕？	tatoeba	1806670	在酒吧有没有美女找你搭讪？	CC-CEDICT	
23	3556_1	美女	美女	měi nǚ		beautiful woman	在酒吧有没有美女找你搭讪？	在酒吧有沒有美女找你搭訕？	tatoeba	1806670	在酒吧有没有美女找你搭讪？	CC-CEDICT	
24	3557_1	流行	流行	liú xíng		to spread	其流行期的起讫，集中出现在狂热个人崇拜、	其流行期的起訖，集中出現在狂熱個人崇拜、	leipzig	zho_wikipedia_2018_1M:228035	其流行期的起讫，集中出现在狂热个人崇拜、	CC-CEDICT	
25	3557_1	起讫	起訖	qǐ qì		beginning and end	其流行期的起讫，集中出现在狂热个人崇拜、	其流行期的起訖，集中出現在狂熱個人崇拜、	leipzig	zho_wikipedia_2018_1M:228035	其流行期的起讫，集中出现在狂热个人崇拜、	CC-CEDICT	
26	3557_1	集中	集中	jí zhōng		to concentrate	其流行期的起讫，集中出现在狂热个人崇拜、	其流行期的起訖，集中出現在狂熱個人崇拜、	leipzig	zho_wikipedia_2018_1M:228035	其流行期的起讫，集中出现在狂热个人崇拜、	CC-CEDICT	
27	3557_1	狂热	狂熱	kuáng rè		zealotry	其流行期的起讫，集中出现在狂热个人崇拜、	其流行期的起訖，集中出現在狂熱個人崇拜、	leipzig	zho_wikipedia_2018_1M:228035	其流行期的起讫，集中出现在狂热个人崇拜、	CC-CEDICT	
28	3557_1	个人	個人	gè rén		an individual	其流行期的起讫，集中出现在狂热个人崇拜、	其流行期的起訖，集中出現在狂熱個人崇拜、	leipzig	zho_wikipedia_2018_1M:228035	其流行期的起讫，集中出现在狂热个人崇拜、	CC-CEDICT	
29	3562_1	适当	適當	shì dàng		suitable	若没有适当训练，狼狗的力量与反应速度足以让一般饲主无法驾驭。	若沒有適當訓練，狼狗的力量與反應速度足以讓一般飼主無法駕馭。	tatoeba	13610551	若沒有適當訓練，狼狗的力量與反應速度足以讓一般飼主無法駕馭。	CC-CEDICT	
30	3562_1	狼狗	狼狗	láng gǒu		wolfdog	若没有适当训练，狼狗的力量与反应速度足以让一般饲主无法驾驭。	若沒有適當訓練，狼狗的力量與反應速度足以讓一般飼主無法駕馭。	tatoeba	13610551	若沒有適當訓練，狼狗的力量與反應速度足以讓一般飼主無法駕馭。	CC-CEDICT	
31	3562_1	足以	足以	zú yǐ		sufficient to...	若没有适当训练，狼狗的力量与反应速度足以让一般饲主无法驾驭。	若沒有適當訓練，狼狗的力量與反應速度足以讓一般飼主無法駕馭。	tatoeba	13610551	若沒有適當訓練，狼狗的力量與反應速度足以讓一般飼主無法駕馭。	CC-CEDICT	
32	3562_1	一般	一般	yī bān		same	若没有适当训练，狼狗的力量与反应速度足以让一般饲主无法驾驭。	若沒有適當訓練，狼狗的力量與反應速度足以讓一般飼主無法駕馭。	tatoeba	13610551	若沒有適當訓練，狼狗的力量與反應速度足以讓一般飼主無法駕馭。	CC-CEDICT	
33	3562_1	饲主	飼主	sì zhǔ		pet owner	若没有适当训练，狼狗的力量与反应速度足以让一般饲主无法驾驭。	若沒有適當訓練，狼狗的力量與反應速度足以讓一般飼主無法駕馭。	tatoeba	13610551	若沒有適當訓練，狼狗的力量與反應速度足以讓一般飼主無法駕馭。	CC-CEDICT	
34	3562_1	驾驭	駕馭	jià yù		to urge on	若没有适当训练，狼狗的力量与反应速度足以让一般饲主无法驾驭。	若沒有適當訓練，狼狗的力量與反應速度足以讓一般飼主無法駕馭。	tatoeba	13610551	若沒有適當訓練，狼狗的力量與反應速度足以讓一般飼主無法駕馭。	CC-CEDICT	
35	3566_1	天玑	天璣	tiān jī		Phecda	天玑是一颗恒星。	天璣是一顆恆星。	authored	level-2/3566_1	天玑是一颗恒星。	CC-CEDICT	
36	3566_1	恒星	恆星	héng xīng		star	天玑是一颗恒星。	天璣是一顆恆星。	authored	level-2/3566_1	天玑是一颗恒星。	CC-CEDICT	
37	3574_1	词语	詞語	cí yǔ		word	川圹是一个较少见的词语。	川壙是一個較少見的詞語。	authored	level-2/3574_1	川圹是一个较少见的词语。	CC-CEDICT	
38	3584_1	市区	市區	shì qū		urban district	芗城区还有市区环城河以及大小河塘。	薌城區還有市區環城河以及大小河塘。	leipzig	zho_wikipedia_2018_1M:833326	芗城区还有市区环城河以及大小河塘。	CC-CEDICT	
39	3584_1	以及	以及	yǐ jí		and	芗城区还有市区环城河以及大小河塘。	薌城區還有市區環城河以及大小河塘。	leipzig	zho_wikipedia_2018_1M:833326	芗城区还有市区环城河以及大小河塘。	CC-CEDICT	
40	3584_1	大小	大小	dà xiǎo		large and small	芗城区还有市区环城河以及大小河塘。	薌城區還有市區環城河以及大小河塘。	leipzig	zho_wikipedia_2018_1M:833326	芗城区还有市区环城河以及大小河塘。	CC-CEDICT	
41	3607_1	后台	後臺	hòu tái		backstage area	他仗着后台硬，为虎作伥，鱼肉乡里。	他仗著後臺硬，為虎作倀，魚肉鄉里。	leipzig	zho_news_2020_300K:37620	他仗着后台硬，为虎作伥，鱼肉乡里。	CC-CEDICT	
42	3607_1	鱼肉	魚肉	yú ròu		flesh of fish	他仗着后台硬，为虎作伥，鱼肉乡里。	他仗著後臺硬，為虎作倀，魚肉鄉里。	leipzig	zho_news_2020_300K:37620	他仗着后台硬，为虎作伥，鱼肉乡里。	CC-CEDICT	
43	3607_1	乡里	鄉里	xiāng lǐ		one's home town or village	他仗着后台硬，为虎作伥，鱼肉乡里。	他仗著後臺硬，為虎作倀，魚肉鄉里。	leipzig	zho_news_2020_300K:37620	他仗着后台硬，为虎作伥，鱼肉乡里。	CC-CEDICT	
44	3608_1	寒伧	寒傖	hán chen	hán cāng	shabby; unsightly	寒伧是一个描写性质或状态的词。	寒傖是一個描寫性質或狀態的詞。	authored	level-2/3608_1	寒伧是一个描写性质或状态的词。	CC-CEDICT	Taiwan MOE Concise Dictionary
45	3608_1	性质	性質	xìng zhì	xìng zhí	nature	寒伧是一个描写性质或状态的词。	寒傖是一個描寫性質或狀態的詞。	authored	level-2/3608_1	寒伧是一个描写性质或状态的词。	CC-CEDICT	Taiwan MOE Concise Dictionary
46	3617_1	石阶	石階	shí jiē		stone step	石阶数百，錾凿粗犷，仅可容足，陡峭若泰山十八盘。	石階數百，鏨鑿粗獷，僅可容足，陡峭若泰山十八盤。	leipzig	zho_news_2020_300K:224690	石阶数百，錾凿粗犷，仅可容足，陡峭若泰山十八盘。	CC-CEDICT	
47	3617_1	数百	數百	shù bǎi		several hundred	石阶数百，錾凿粗犷，仅可容足，陡峭若泰山十八盘。	石階數百，鏨鑿粗獷，僅可容足，陡峭若泰山十八盤。	leipzig	zho_news_2020_300K:224690	石阶数百，錾凿粗犷，仅可容足，陡峭若泰山十八盘。	CC-CEDICT	
48	3617_1	陡峭	陡峭	dǒu qiào		precipitous	石阶数百，錾凿粗犷，仅可容足，陡峭若泰山十八盘。	石階數百，鏨鑿粗獷，僅可容足，陡峭若泰山十八盤。	leipzig	zho_news_2020_300K:224690	石阶数百，錾凿粗犷，仅可容足，陡峭若泰山十八盘。	CC-CEDICT	
49	3617_1	泰山	泰山	tài shān		Mt Tai in Shandong	石阶数百，錾凿粗犷，仅可容足，陡峭若泰山十八盘。	石階數百，鏨鑿粗獷，僅可容足，陡峭若泰山十八盤。	leipzig	zho_news_2020_300K:224690	石阶数百，錾凿粗犷，仅可容足，陡峭若泰山十八盘。	CC-CEDICT	
50	3617_1	十八	十八	shí bā		eighteen	石阶数百，錾凿粗犷，仅可容足，陡峭若泰山十八盘。	石階數百，鏨鑿粗獷，僅可容足，陡峭若泰山十八盤。	leipzig	zho_news_2020_300K:224690	石阶数百，錾凿粗犷，仅可容足，陡峭若泰山十八盘。	CC-CEDICT	
51	3618_1	近似	近似	jìn sì		to approximate	，結果產生的樣本近似于真正的猛犸象細胞。	，結果產生的樣本近似於真正的猛獁象細胞。	leipzig	zho_wikipedia_2018_1M:780163	，結果產生的樣本近似于真正的猛犸象細胞。	CC-CEDICT	
52	3620_1	凫水	鳬水	fú shuǐ		to swim	凫水表示游水。	鳬水表示游水。	authored	level-2/3620_1	凫水表示游水。	CC-CEDICT	
53	3622_1	动作	動作	dòng zuò		movement	饧面表示一种动作。	餳麵表示一種動作。	authored	level-2/3622_1	饧面表示一种动作。	CC-CEDICT	
54	3630_1	犯错	犯錯	fàn cuò		to err	犯错出忏悔心，才能清净无烦恼。	犯錯出懺悔心，才能清淨無煩惱。	tatoeba	838375	犯錯出懺悔心，才能清淨無煩惱。	CC-CEDICT	
55	3630_1	忏悔	懺悔	chàn huǐ		to repent	犯错出忏悔心，才能清净无烦恼。	犯錯出懺悔心，才能清淨無煩惱。	tatoeba	838375	犯錯出懺悔心，才能清淨無煩惱。	CC-CEDICT	
56	3631_1	一向	一向	yī xiàng		a period of time in the recent past	容若一向讴歌爱情，字字句句都是爱情的悲唱。	容若一向謳歌愛情，字字句句都是愛情的悲唱。	leipzig	zho_news_2020_300K:124834	容若一向讴歌爱情，字字句句都是爱情的悲唱。	CC-CEDICT	
57	3631_1	讴歌	謳歌	ōu gē		to celebrate in song	容若一向讴歌爱情，字字句句都是爱情的悲唱。	容若一向謳歌愛情，字字句句都是愛情的悲唱。	leipzig	zho_news_2020_300K:124834	容若一向讴歌爱情，字字句句都是爱情的悲唱。	CC-CEDICT	
58	3631_1	字句	字句	zì jù		words	容若一向讴歌爱情，字字句句都是爱情的悲唱。	容若一向謳歌愛情，字字句句都是愛情的悲唱。	leipzig	zho_news_2020_300K:124834	容若一向讴歌爱情，字字句句都是爱情的悲唱。	CC-CEDICT	
59	3632_1	成语	成語	chéng yǔ		idiom	讵非所料是一个成语或固定说法。	詎非所料是一個成語或固定說法。	authored	level-2/3632_1	讵非所料是一个成语或固定说法。	CC-CEDICT	
60	3632_1	固定	固定	gù dìng		to fix	讵非所料是一个成语或固定说法。	詎非所料是一個成語或固定說法。	authored	level-2/3632_1	讵非所料是一个成语或固定说法。	CC-CEDICT	
61	3644_1	纡尊降贵	紆尊降貴	yū zūn jiàng guì		to condescend	纡尊降贵是一个成语或固定说法。	紆尊降貴是一個成語或固定說法。	authored	level-2/3644_1	纡尊降贵是一个成语或固定说法。	CC-CEDICT	
62	3645_1	现实	現實	xiàn shí		reality	然而，现实情况却是网络霸凌“助纣为虐”。	然而，現實情況卻是網路霸凌“助紂為虐”。	leipzig	zho_news_2020_300K:207647	然而，现实情况却是网络霸凌“助纣为虐”。	CC-CEDICT	
63	3646_1	清楚	清楚	qīng chu	qīng chǔ	clear	要说清楚这个问题，首先我们就要说下维吾尔族的先祖回纥。	要說清楚這個問題，首先我們就要說下維吾爾族的先祖回紇。	leipzig	zho_news_2020_300K:256849	要说清楚这个问题，首先我们就要说下维吾尔族的先祖回纥。	CC-CEDICT	Taiwan MOE Concise Dictionary
64	3646_1	维吾尔	維吾爾	wéi wú ěr		Uyghur ethnic group	要说清楚这个问题，首先我们就要说下维吾尔族的先祖回纥。	要說清楚這個問題，首先我們就要說下維吾爾族的先祖回紇。	leipzig	zho_news_2020_300K:256849	要说清楚这个问题，首先我们就要说下维吾尔族的先祖回纥。	CC-CEDICT	
65	3646_1	先祖	先祖	xiān zǔ		my deceased grandfather	要说清楚这个问题，首先我们就要说下维吾尔族的先祖回纥。	要說清楚這個問題，首先我們就要說下維吾爾族的先祖回紇。	leipzig	zho_news_2020_300K:256849	要说清楚这个问题，首先我们就要说下维吾尔族的先祖回纥。	CC-CEDICT	
66	3646_1	回纥	回紇	huí hé		Huihe	要说清楚这个问题，首先我们就要说下维吾尔族的先祖回纥。	要說清楚這個問題，首先我們就要說下維吾爾族的先祖回紇。	leipzig	zho_news_2020_300K:256849	要说清楚这个问题，首先我们就要说下维吾尔族的先祖回纥。	CC-CEDICT	
67	3647_1	形似	形似	xíng sì		similar in shape and appearance	扇面多是桃形，形似纨扇，是用细如绢丝的竹丝精心编织而成的。	扇面多是桃形，形似紈扇，是用細如絹絲的竹絲精心編織而成的。	leipzig	zho_wikipedia_2018_1M:529101	扇面多是桃形，形似纨扇，是用细如绢丝的竹丝精心编织而成的。	CC-CEDICT	
68	3647_1	精心	精心	jīng xīn		with utmost care	扇面多是桃形，形似纨扇，是用细如绢丝的竹丝精心编织而成的。	扇面多是桃形，形似紈扇，是用細如絹絲的竹絲精心編織而成的。	leipzig	zho_wikipedia_2018_1M:529101	扇面多是桃形，形似纨扇，是用细如绢丝的竹丝精心编织而成的。	CC-CEDICT	
69	3647_1	编织	編織	biān zhī		to weave	扇面多是桃形，形似纨扇，是用细如绢丝的竹丝精心编织而成的。	扇面多是桃形，形似紈扇，是用細如絹絲的竹絲精心編織而成的。	leipzig	zho_wikipedia_2018_1M:529101	扇面多是桃形，形似纨扇，是用细如绢丝的竹丝精心编织而成的。	CC-CEDICT	
70	3649_1	玉器	玉器	yù qì		jade artifact	古代玉器记载中提到了玙。	古代玉器記載中提到了璵。	preexisting			CC-CEDICT	
71	3649_1	提到	提到	tí dào		to mention	古代玉器记载中提到了玙。	古代玉器記載中提到了璵。	preexisting			CC-CEDICT	
72	3655_1	好莱坞	好萊塢	hǎo lái wù		Hollywood	好莱坞不是以前的样子了。	好萊塢不是以前的樣子了。	tatoeba	883466	好萊塢不是以前的樣子了。	CC-CEDICT	
73	3658_1	他用	他用	tā yòng		other use	他用手㧐住了木架。	他用手㩳住了木架。	preexisting			CC-CEDICT	
74	3661_0	作物	作物	zuò wù		crop	经济作物有亚麻、大麻、芸豆、向日葵、白瓜子等。	經濟作物有亞麻、大麻、芸豆、向日葵、白瓜子等。	leipzig	zho_wikipedia_2018_1M:787543	经济作物有亚麻、大麻、芸豆、向日葵、白瓜子等。	CC-CEDICT	
75	3661_0	亚麻	亞麻	yà má		flax	经济作物有亚麻、大麻、芸豆、向日葵、白瓜子等。	經濟作物有亞麻、大麻、芸豆、向日葵、白瓜子等。	leipzig	zho_wikipedia_2018_1M:787543	经济作物有亚麻、大麻、芸豆、向日葵、白瓜子等。	CC-CEDICT	
76	3661_0	大麻	大麻	dà má		hemp	经济作物有亚麻、大麻、芸豆、向日葵、白瓜子等。	經濟作物有亞麻、大麻、芸豆、向日葵、白瓜子等。	leipzig	zho_wikipedia_2018_1M:787543	经济作物有亚麻、大麻、芸豆、向日葵、白瓜子等。	CC-CEDICT	
77	3661_0	瓜子	瓜子	guā zǐ		melon seed	经济作物有亚麻、大麻、芸豆、向日葵、白瓜子等。	經濟作物有亞麻、大麻、芸豆、向日葵、白瓜子等。	leipzig	zho_wikipedia_2018_1M:787543	经济作物有亚麻、大麻、芸豆、向日葵、白瓜子等。	CC-CEDICT	
78	3676_1	苎麻	苧麻	zhù má		ramie	；苎麻种植面积51万亩，占全国的30%。	；苧麻種植面積51萬畝，佔全國的30%。	leipzig	zho_wikipedia_2018_1M:834033	；苎麻种植面积51万亩，占全国的30%。	CC-CEDICT	
79	3676_1	种植	種植	zhòng zhí		to plant	；苎麻种植面积51万亩，占全国的30%。	；苧麻種植面積51萬畝，佔全國的30%。	leipzig	zho_wikipedia_2018_1M:834033	；苎麻种植面积51万亩，占全国的30%。	CC-CEDICT	
80	3686_1	洛杉矶	洛杉磯	luò shān jī		Los Angeles	我应该取消我到洛杉矶的旅行。	我應該取消我到洛杉磯的旅行。	tatoeba	4267353	我应该取消我到洛杉矶的旅行。	CC-CEDICT	
81	3687_1	匿名	匿名	nì míng		anonymous	阮大铖匿名托人赠送丰厚妆奁以拉拢侯方域，被李香君知晓坚决退回。	阮大鋮匿名託人贈送豐厚妝奩以拉攏侯方域，被李香君知曉堅決退回。	leipzig	zho_wikipedia_2018_1M:953815	阮大铖匿名托人赠送丰厚妆奁以拉拢侯方域，被李香君知晓坚决退回。	CC-CEDICT	
82	3687_1	丰厚	豐厚	fēng hòu		generous	阮大铖匿名托人赠送丰厚妆奁以拉拢侯方域，被李香君知晓坚决退回。	阮大鋮匿名託人贈送豐厚妝奩以拉攏侯方域，被李香君知曉堅決退回。	leipzig	zho_wikipedia_2018_1M:953815	阮大铖匿名托人赠送丰厚妆奁以拉拢侯方域，被李香君知晓坚决退回。	CC-CEDICT	
83	3687_1	妆奁	妝奩	zhuāng lián		trousseau	阮大铖匿名托人赠送丰厚妆奁以拉拢侯方域，被李香君知晓坚决退回。	阮大鋮匿名託人贈送豐厚妝奩以拉攏侯方域，被李香君知曉堅決退回。	leipzig	zho_wikipedia_2018_1M:953815	阮大铖匿名托人赠送丰厚妆奁以拉拢侯方域，被李香君知晓坚决退回。	CC-CEDICT	
84	3687_1	坚决	堅決	jiān jué		firm	阮大铖匿名托人赠送丰厚妆奁以拉拢侯方域，被李香君知晓坚决退回。	阮大鋮匿名託人贈送豐厚妝奩以拉攏侯方域，被李香君知曉堅決退回。	leipzig	zho_wikipedia_2018_1M:953815	阮大铖匿名托人赠送丰厚妆奁以拉拢侯方域，被李香君知晓坚决退回。	CC-CEDICT	
85	3687_1	退回	退回	tuì huí		to return	阮大铖匿名托人赠送丰厚妆奁以拉拢侯方域，被李香君知晓坚决退回。	阮大鋮匿名託人贈送豐厚妝奩以拉攏侯方域，被李香君知曉堅決退回。	leipzig	zho_wikipedia_2018_1M:953815	阮大铖匿名托人赠送丰厚妆奁以拉拢侯方域，被李香君知晓坚决退回。	CC-CEDICT	
86	3690_1	此事	此事	cǐ shì		this matter	此事可行欤？	此事可行歟？	preexisting			CC-CEDICT	
87	3690_1	可行	可行	kě xíng		feasible	此事可行欤？	此事可行歟？	preexisting			CC-CEDICT	
88	3691_1	武装	武裝	wǔ zhuāng		arms	工农武装割据、农村包围城市、武装夺取政权的伟大历程由此发轫。	工農武裝割據、農村包圍城市、武裝奪取政權的偉大曆程由此發軔。	leipzig	zho_news_2020_300K:132577	工农武装割据、农村包围城市、武装夺取政权的伟大历程由此发轫。	CC-CEDICT	
89	3691_1	农村	農村	nóng cūn		rural area	工农武装割据、农村包围城市、武装夺取政权的伟大历程由此发轫。	工農武裝割據、農村包圍城市、武裝奪取政權的偉大曆程由此發軔。	leipzig	zho_news_2020_300K:132577	工农武装割据、农村包围城市、武装夺取政权的伟大历程由此发轫。	CC-CEDICT	
90	3691_1	包围	包圍	bāo wéi		to surround	工农武装割据、农村包围城市、武装夺取政权的伟大历程由此发轫。	工農武裝割據、農村包圍城市、武裝奪取政權的偉大曆程由此發軔。	leipzig	zho_news_2020_300K:132577	工农武装割据、农村包围城市、武装夺取政权的伟大历程由此发轫。	CC-CEDICT	
91	3691_1	历程	曆程	lì chéng		course	工农武装割据、农村包围城市、武装夺取政权的伟大历程由此发轫。	工農武裝割據、農村包圍城市、武裝奪取政權的偉大曆程由此發軔。	leipzig	zho_news_2020_300K:132577	工农武装割据、农村包围城市、武装夺取政权的伟大历程由此发轫。	CC-CEDICT	
92	3691_1	由此	由此	yóu cǐ		hereby	工农武装割据、农村包围城市、武装夺取政权的伟大历程由此发轫。	工農武裝割據、農村包圍城市、武裝奪取政權的偉大曆程由此發軔。	leipzig	zho_news_2020_300K:132577	工农武装割据、农村包围城市、武装夺取政权的伟大历程由此发轫。	CC-CEDICT	
93	3691_1	发轫	發軔	fā rèn		to set afoot	工农武装割据、农村包围城市、武装夺取政权的伟大历程由此发轫。	工農武裝割據、農村包圍城市、武裝奪取政權的偉大曆程由此發軔。	leipzig	zho_news_2020_300K:132577	工农武装割据、农村包围城市、武装夺取政权的伟大历程由此发轫。	CC-CEDICT	
94	3696_1	其中	其中	qí zhōng		among	，其中玄武、鼓楼、秦淮、建邺、栖霞和雨花台等六区被称为主城区。	，其中玄武、鼓樓、秦淮、建鄴、棲霞和雨花臺等六區被稱為主城區。	leipzig	zho_wikipedia_2018_1M:219741	，其中玄武、鼓楼、秦淮、建邺、栖霞和雨花台等六区被称为主城区。	CC-CEDICT	
95	3696_1	玄武	玄武	xuán wǔ		Black Tortoise	，其中玄武、鼓楼、秦淮、建邺、栖霞和雨花台等六区被称为主城区。	，其中玄武、鼓樓、秦淮、建鄴、棲霞和雨花臺等六區被稱為主城區。	leipzig	zho_wikipedia_2018_1M:219741	，其中玄武、鼓楼、秦淮、建邺、栖霞和雨花台等六区被称为主城区。	CC-CEDICT	
96	3696_1	花台	花臺	huā tái		flower bed	，其中玄武、鼓楼、秦淮、建邺、栖霞和雨花台等六区被称为主城区。	，其中玄武、鼓樓、秦淮、建鄴、棲霞和雨花臺等六區被稱為主城區。	leipzig	zho_wikipedia_2018_1M:219741	，其中玄武、鼓楼、秦淮、建邺、栖霞和雨花台等六区被称为主城区。	CC-CEDICT	
97	3700_1	微醺	微醺	wēi xūn	wéi xūn	tipsy	说是微醺里的呓语吧，人家也一本正经的文字。	說是微醺裡的囈語吧，人家也一本正經的文字。	leipzig	zho_news_2020_300K:264628	说是微醺里的呓语吧，人家也一本正经的文字。	CC-CEDICT	Taiwan MOE Concise Dictionary
98	3700_1	人家	人家	rén jiā		household	说是微醺里的呓语吧，人家也一本正经的文字。	說是微醺裡的囈語吧，人家也一本正經的文字。	leipzig	zho_news_2020_300K:264628	说是微醺里的呓语吧，人家也一本正经的文字。	CC-CEDICT	
99	3700_1	正经	正經	zhèng jīng		decent	说是微醺里的呓语吧，人家也一本正经的文字。	說是微醺裡的囈語吧，人家也一本正經的文字。	leipzig	zho_news_2020_300K:264628	说是微醺里的呓语吧，人家也一本正经的文字。	CC-CEDICT	
100	3702_1	叫声	叫聲	jiào shēng		yelling	林中传来黄莺呖呖的叫声。	林中傳來黃鶯嚦嚦的叫聲。	preexisting			CC-CEDICT	
101	3704_1	地名	地名	dì míng		place name	旸谷是一个地名。	暘谷是一個地名。	authored	level-2/3704_1	旸谷是一个地名。	CC-CEDICT	
102	3708_1	佛教	佛教	fó jiào		Buddhism	受其影响，歌赞梵呗也随着佛教传入中国。	受其影響，歌贊梵唄也隨著佛教傳入中國。	leipzig	zho_wikipedia_2018_1M:281457	受其影响，歌赞梵呗也随着佛教传入中国。	CC-CEDICT	
103	3712_1	器物	器物	qì wù		implement	帏幕是一种器物。	幃幕是一種器物。	authored	level-2/3712_1	帏幕是一种器物。	CC-CEDICT	
104	3715_1	越南	越南	yuè nán		Vietnam	最大的可能，航母是在越南岘港停泊时感染上的。	最大的可能，航母是在越南峴港停泊時感染上的。	leipzig	zho_news_2020_300K:177508	最大的可能，航母是在越南岘港停泊时感染上的。	CC-CEDICT	
105	3715_1	岘港	峴港	xiàn gǎng		Da Nang or Danang	最大的可能，航母是在越南岘港停泊时感染上的。	最大的可能，航母是在越南峴港停泊時感染上的。	leipzig	zho_news_2020_300K:177508	最大的可能，航母是在越南岘港停泊时感染上的。	CC-CEDICT	
106	3715_1	停泊	停泊	tíng bó		to anchor	最大的可能，航母是在越南岘港停泊时感染上的。	最大的可能，航母是在越南峴港停泊時感染上的。	leipzig	zho_news_2020_300K:177508	最大的可能，航母是在越南岘港停泊时感染上的。	CC-CEDICT	
107	3715_1	感染	感染	gǎn rǎn		to infect	最大的可能，航母是在越南岘港停泊时感染上的。	最大的可能，航母是在越南峴港停泊時感染上的。	leipzig	zho_news_2020_300K:177508	最大的可能，航母是在越南岘港停泊时感染上的。	CC-CEDICT	
108	3717_1	李岚清	李嵐清	lǐ lán qīng		Li Lanqing	李岚清副总理任内曾主持多个高校合并的案例。	李嵐清副總理任內曾主持多個高校合併的案例。	leipzig	zho_wikipedia_2018_1M:608307	李岚清副总理任内曾主持多个高校合并的案例。	CC-CEDICT	
109	3717_1	副总理	副總理	fù zǒng lǐ		vice-premier	李岚清副总理任内曾主持多个高校合并的案例。	李嵐清副總理任內曾主持多個高校合併的案例。	leipzig	zho_wikipedia_2018_1M:608307	李岚清副总理任内曾主持多个高校合并的案例。	CC-CEDICT	
110	3717_1	任内	任內	rèn nèi		period in office	李岚清副总理任内曾主持多个高校合并的案例。	李嵐清副總理任內曾主持多個高校合併的案例。	leipzig	zho_wikipedia_2018_1M:608307	李岚清副总理任内曾主持多个高校合并的案例。	CC-CEDICT	
111	3717_1	高校	高校	gāo xiào		universities and colleges	李岚清副总理任内曾主持多个高校合并的案例。	李嵐清副總理任內曾主持多個高校合併的案例。	leipzig	zho_wikipedia_2018_1M:608307	李岚清副总理任内曾主持多个高校合并的案例。	CC-CEDICT	
112	3717_1	合并	合併	hé bìng		to merge	李岚清副总理任内曾主持多个高校合并的案例。	李嵐清副總理任內曾主持多個高校合併的案例。	leipzig	zho_wikipedia_2018_1M:608307	李岚清副总理任内曾主持多个高校合并的案例。	CC-CEDICT	
113	3717_1	案例	案例	àn lì		case	李岚清副总理任内曾主持多个高校合并的案例。	李嵐清副總理任內曾主持多個高校合併的案例。	leipzig	zho_wikipedia_2018_1M:608307	李岚清副总理任内曾主持多个高校合并的案例。	CC-CEDICT	
114	3719_1	猛禽	猛禽	měng qín		bird of prey	与猛兽不同，猛禽在进食时并不咀嚼猎物，大多是将猎物连皮毛带骨骼囫囵吞下。	與猛獸不同，猛禽在進食時並不咀嚼獵物，大多是將獵物連皮毛帶骨骼囫圇吞下。	leipzig	zho_wikipedia_2018_1M:68407	与猛兽不同，猛禽在进食时并不咀嚼猎物，大多是将猎物连皮毛带骨骼囫囵吞下。	CC-CEDICT	
115	3719_1	咀嚼	咀嚼	jǔ jué		to chew	与猛兽不同，猛禽在进食时并不咀嚼猎物，大多是将猎物连皮毛带骨骼囫囵吞下。	與猛獸不同，猛禽在進食時並不咀嚼獵物，大多是將獵物連皮毛帶骨骼囫圇吞下。	leipzig	zho_wikipedia_2018_1M:68407	与猛兽不同，猛禽在进食时并不咀嚼猎物，大多是将猎物连皮毛带骨骼囫囵吞下。	CC-CEDICT	
116	3719_1	大多	大多	dà duō		for the most part	与猛兽不同，猛禽在进食时并不咀嚼猎物，大多是将猎物连皮毛带骨骼囫囵吞下。	與猛獸不同，猛禽在進食時並不咀嚼獵物，大多是將獵物連皮毛帶骨骼囫圇吞下。	leipzig	zho_wikipedia_2018_1M:68407	与猛兽不同，猛禽在进食时并不咀嚼猎物，大多是将猎物连皮毛带骨骼囫囵吞下。	CC-CEDICT	
117	3719_1	皮毛	皮毛	pí máo		fur	与猛兽不同，猛禽在进食时并不咀嚼猎物，大多是将猎物连皮毛带骨骼囫囵吞下。	與猛獸不同，猛禽在進食時並不咀嚼獵物，大多是將獵物連皮毛帶骨骼囫圇吞下。	leipzig	zho_wikipedia_2018_1M:68407	与猛兽不同，猛禽在进食时并不咀嚼猎物，大多是将猎物连皮毛带骨骼囫囵吞下。	CC-CEDICT	
118	3719_1	骨骼	骨骼	gǔ gé		bones	与猛兽不同，猛禽在进食时并不咀嚼猎物，大多是将猎物连皮毛带骨骼囫囵吞下。	與猛獸不同，猛禽在進食時並不咀嚼獵物，大多是將獵物連皮毛帶骨骼囫圇吞下。	leipzig	zho_wikipedia_2018_1M:68407	与猛兽不同，猛禽在进食时并不咀嚼猎物，大多是将猎物连皮毛带骨骼囫囵吞下。	CC-CEDICT	
119	3721_1	收入	收入	shōu rù		to take in	当时，李大钊每月的收入完全可以过上富裕的生活。	當時，李大釗每月的收入完全可以過上富裕的生活。	leipzig	zho_news_2020_300K:140768	当时，李大钊每月的收入完全可以过上富裕的生活。	CC-CEDICT	
120	3721_1	富裕	富裕	fù yù		prosperous	当时，李大钊每月的收入完全可以过上富裕的生活。	當時，李大釗每月的收入完全可以過上富裕的生活。	leipzig	zho_news_2020_300K:140768	当时，李大钊每月的收入完全可以过上富裕的生活。	CC-CEDICT	
121	3722_1	样品	樣品	yàng pǐn		sample	实验室严格管理钋样品。	實驗室嚴格管理釙樣品。	preexisting			CC-CEDICT	
122	3748_1	羊羔	羊羔	yáng gāo		lamb	祭牲通常是母羊、羊羔或山羊，若力量不够，可用斑鸠或雏鸽等。	祭牲通常是母羊、羊羔或山羊，若力量不夠，可用斑鳩或雛鴿等。	leipzig	zho_wikipedia_2018_1M:759102	祭牲通常是母羊、羊羔或山羊，若力量不够，可用斑鸠或雏鸽等。	CC-CEDICT	
123	3748_1	山羊	山羊	shān yáng		goat	祭牲通常是母羊、羊羔或山羊，若力量不够，可用斑鸠或雏鸽等。	祭牲通常是母羊、羊羔或山羊，若力量不夠，可用斑鳩或雛鴿等。	leipzig	zho_wikipedia_2018_1M:759102	祭牲通常是母羊、羊羔或山羊，若力量不够，可用斑鸠或雏鸽等。	CC-CEDICT	
124	3749_1	当天	當天	dāng tiān		on that day	当天，炮台街更名为沧白路，新生路更名为邹容路。	當天，炮臺街更名為滄白路，新生路更名為鄒容路。	leipzig	zho_wikipedia_2018_1M:492391	当天，炮台街更名为沧白路，新生路更名为邹容路。	CC-CEDICT	
125	3749_1	炮台	炮臺	pào tái		fort	当天，炮台街更名为沧白路，新生路更名为邹容路。	當天，炮臺街更名為滄白路，新生路更名為鄒容路。	leipzig	zho_wikipedia_2018_1M:492391	当天，炮台街更名为沧白路，新生路更名为邹容路。	CC-CEDICT	
126	3749_1	更名	更名	gēng míng		to rename	当天，炮台街更名为沧白路，新生路更名为邹容路。	當天，炮臺街更名為滄白路，新生路更名為鄒容路。	leipzig	zho_wikipedia_2018_1M:492391	当天，炮台街更名为沧白路，新生路更名为邹容路。	CC-CEDICT	
127	3749_1	新生	新生	xīn shēng		new	当天，炮台街更名为沧白路，新生路更名为邹容路。	當天，炮臺街更名為滄白路，新生路更名為鄒容路。	leipzig	zho_wikipedia_2018_1M:492391	当天，炮台街更名为沧白路，新生路更名为邹容路。	CC-CEDICT	
128	3749_1	邹容	鄒容	zōu róng		Zou Rong	当天，炮台街更名为沧白路，新生路更名为邹容路。	當天，炮臺街更名為滄白路，新生路更名為鄒容路。	leipzig	zho_wikipedia_2018_1M:492391	当天，炮台街更名为沧白路，新生路更名为邹容路。	CC-CEDICT	
129	3750_1	馄饨	餛飩	hún tun	hún dùn	wonton	一碗绉纱馄饨，皮儿薄得连肉也看得见！	一碗縐紗餛飩，皮兒薄得連肉也看得見！	tatoeba	420336	一碗绉纱馄饨，皮儿薄得连肉也看得见！	CC-CEDICT	Taiwan MOE Concise Dictionary
130	3750_1	看得见	看得見	kàn de jiàn		to be able to see	一碗绉纱馄饨，皮儿薄得连肉也看得见！	一碗縐紗餛飩，皮兒薄得連肉也看得見！	tatoeba	420336	一碗绉纱馄饨，皮儿薄得连肉也看得见！	CC-CEDICT	
131	3754_1	申饬	申飭	shēn chì		to warn	拜辞礼毕，上将起，复立而申饬者再四。	拜辭禮畢，上將起，復立而申飭者再四。	leipzig	zho_wikipedia_2018_1M:534398	拜辞礼毕，上将起，复立而申饬者再四。	CC-CEDICT	
132	3756_1	底层	底層	dǐ céng		ground floor	建筑底层中央是土台，四周有单坡的廊庑。	建築底層中央是土臺，四周有單坡的廊廡。	leipzig	zho_wikipedia_2018_1M:485942	建筑底层中央是土台，四周有单坡的廊庑。	CC-CEDICT	
133	3759_1	同志	同志	tóng zhì		comrade	不少同志长疖子，生痱子，患阴囊炎。	不少同志長癤子，生痱子，患陰囊炎。	leipzig	zho_news_2020_300K:14986	不少同志长疖子，生痱子，患阴囊炎。	CC-CEDICT	
134	3759_1	痱子	痱子	fèi zi		miliaria	不少同志长疖子，生痱子，患阴囊炎。	不少同志長癤子，生痱子，患陰囊炎。	leipzig	zho_news_2020_300K:14986	不少同志长疖子，生痱子，患阴囊炎。	CC-CEDICT	
135	3759_1	阴囊	陰囊	yīn náng		scrotum	不少同志长疖子，生痱子，患阴囊炎。	不少同志長癤子，生痱子，患陰囊炎。	leipzig	zho_news_2020_300K:14986	不少同志长疖子，生痱子，患阴囊炎。	CC-CEDICT	
136	3761_1	光绪	光緒	guāng xù		reign name of penultimate Qing emperor…	光绪二十三年（1897年），15岁的蔡艮寅跟随樊锥赴秋闱（	光緒二十三年（1897年），15歲的蔡艮寅跟隨樊錐赴秋闈（	leipzig	zho_wikipedia_2018_1M:203446	光绪二十三年（1897年），15岁的蔡艮寅跟随樊锥赴秋闱（	CC-CEDICT	
137	3761_1	跟随	跟隨	gēn suí		to follow	光绪二十三年（1897年），15岁的蔡艮寅跟随樊锥赴秋闱（	光緒二十三年（1897年），15歲的蔡艮寅跟隨樊錐赴秋闈（	leipzig	zho_wikipedia_2018_1M:203446	光绪二十三年（1897年），15岁的蔡艮寅跟随樊锥赴秋闱（	CC-CEDICT	
138	3763_1	浦东	浦東	pǔ dōng		Pudong	吴淞地区-浦东新区-闵行区-吴淞地区。	吳淞地區-浦東新區-閔行區-吳淞地區。	leipzig	zho_wikipedia_2018_1M:315215	吴淞地区-浦东新区-闵行区-吴淞地区。	CC-CEDICT	
139	3765_1	隋炀帝	隋煬帝	suí yáng dì		Emperor Yang of Sui	隋炀帝的荒淫无度，史上人尽皆知。	隋煬帝的荒淫無度，史上人盡皆知。	leipzig	zho_news_2020_300K:290465	隋炀帝的荒淫无度，史上人尽皆知。	CC-CEDICT	
140	3765_1	荒淫	荒淫	huāng yín		licentious	隋炀帝的荒淫无度，史上人尽皆知。	隋煬帝的荒淫無度，史上人盡皆知。	leipzig	zho_news_2020_300K:290465	隋炀帝的荒淫无度，史上人尽皆知。	CC-CEDICT	
141	3765_1	无度	無度	wú dù		immoderate	隋炀帝的荒淫无度，史上人尽皆知。	隋煬帝的荒淫無度，史上人盡皆知。	leipzig	zho_news_2020_300K:290465	隋炀帝的荒淫无度，史上人尽皆知。	CC-CEDICT	
142	3765_1	史上	史上	shǐ shàng		in history	隋炀帝的荒淫无度，史上人尽皆知。	隋煬帝的荒淫無度，史上人盡皆知。	leipzig	zho_news_2020_300K:290465	隋炀帝的荒淫无度，史上人尽皆知。	CC-CEDICT	
143	3781_1	品质	品質	pǐn zhì	pǐn zhí	character	生于斯、长于斯的陈林经常思考，为什么沩山毛尖品质拔尖，但种植茶叶的茶农却不能脱贫致富？	生於斯、長於斯的陳林經常思考，為什麼潙山毛尖品質拔尖，但種植茶葉的茶農卻不能脫貧致富？	leipzig	zho_news_2020_300K:213441	生于斯、长于斯的陈林经常思考，为什么沩山毛尖品质拔尖，但种植茶叶的茶农却不能脱贫致富？	CC-CEDICT	Taiwan MOE Concise Dictionary
144	3781_1	致富	致富	zhì fù		to become rich	生于斯、长于斯的陈林经常思考，为什么沩山毛尖品质拔尖，但种植茶叶的茶农却不能脱贫致富？	生於斯、長於斯的陳林經常思考，為什麼潙山毛尖品質拔尖，但種植茶葉的茶農卻不能脫貧致富？	leipzig	zho_news_2020_300K:213441	生于斯、长于斯的陈林经常思考，为什么沩山毛尖品质拔尖，但种植茶叶的茶农却不能脱贫致富？	CC-CEDICT	
145	3783_1	得知	得知	dé zhī		to find out	宪宗得知万贞儿死后，怃然曰："万妃长去，吾亦安能久矣"。	憲宗得知萬貞兒死後，憮然曰："萬妃長去，吾亦安能久矣"。	leipzig	zho_wikipedia_2018_1M:444062	宪宗得知万贞儿死后，怃然曰："万妃长去，吾亦安能久矣"。	CC-CEDICT	
146	3784_1	实在	實在	shí zài		really	他们总说我们‘过火’，实在怄气要命。”	他們總說我們‘過火’，實在慪氣要命。”	leipzig	zho_news_2020_300K:38138	他们总说我们‘过火’，实在怄气要命。”	CC-CEDICT	
147	3784_1	要命	要命	yào mìng		to cause sb's death	他们总说我们‘过火’，实在怄气要命。”	他們總說我們‘過火’，實在慪氣要命。”	leipzig	zho_news_2020_300K:38138	他们总说我们‘过火’，实在怄气要命。”	CC-CEDICT	
148	3787_1	一言	一言	yī yán		one sentence	一言以蔽之，赢取这场硬仗，靠的是同仇敌忾，众志成城。	一言以蔽之，贏取這場硬仗，靠的是同仇敵愾，眾志成城。	leipzig	zho_news_2020_300K:11489	一言以蔽之，赢取这场硬仗，靠的是同仇敌忾，众志成城。	CC-CEDICT	
149	3787_1	硬仗	硬仗	yìng zhàng		tough battle	一言以蔽之，赢取这场硬仗，靠的是同仇敌忾，众志成城。	一言以蔽之，贏取這場硬仗，靠的是同仇敵愾，眾志成城。	leipzig	zho_news_2020_300K:11489	一言以蔽之，赢取这场硬仗，靠的是同仇敌忾，众志成城。	CC-CEDICT	
150	3787_1	敌忾	敵愾	dí kài		hatred felt toward one's enemies	一言以蔽之，赢取这场硬仗，靠的是同仇敌忾，众志成城。	一言以蔽之，贏取這場硬仗，靠的是同仇敵愾，眾志成城。	leipzig	zho_news_2020_300K:11489	一言以蔽之，赢取这场硬仗，靠的是同仇敌忾，众志成城。	CC-CEDICT	
151	3787_1	众志成城	眾志成城	zhòng zhì chéng chéng		unity of will is an impregnable stronghold	一言以蔽之，赢取这场硬仗，靠的是同仇敌忾，众志成城。	一言以蔽之，贏取這場硬仗，靠的是同仇敵愾，眾志成城。	leipzig	zho_news_2020_300K:11489	一言以蔽之，赢取这场硬仗，靠的是同仇敌忾，众志成城。	CC-CEDICT	
152	3788_1	每每	每每	měi měi		often	每每这个时候，我总倍感孤独与惆怅。	每每這個時候，我總倍感孤獨與惆悵。	leipzig	zho_news_2020_300K:195479	每每这个时候，我总倍感孤独与惆怅。	CC-CEDICT	
153	3788_1	倍感	倍感	bèi gǎn		to feel even more	每每这个时候，我总倍感孤独与惆怅。	每每這個時候，我總倍感孤獨與惆悵。	leipzig	zho_news_2020_300K:195479	每每这个时候，我总倍感孤独与惆怅。	CC-CEDICT	
154	3788_1	孤独	孤獨	gū dú		lonely	每每这个时候，我总倍感孤独与惆怅。	每每這個時候，我總倍感孤獨與惆悵。	leipzig	zho_news_2020_300K:195479	每每这个时候，我总倍感孤独与惆怅。	CC-CEDICT	
155	3788_1	惆怅	惆悵	chóu chàng		melancholy	每每这个时候，我总倍感孤独与惆怅。	每每這個時候，我總倍感孤獨與惆悵。	leipzig	zho_news_2020_300K:195479	每每这个时候，我总倍感孤独与惆怅。	CC-CEDICT	
156	3791_1	笔调	筆調	bǐ diào		tone	这种笔调优雅悲怆，又具有沉郁凝重。	這種筆調優雅悲愴，又具有沉鬱凝重。	leipzig	zho_news_2020_300K:277575	这种笔调优雅悲怆，又具有沉郁凝重。	CC-CEDICT	
157	3791_1	优雅	優雅	yōu yǎ		grace	这种笔调优雅悲怆，又具有沉郁凝重。	這種筆調優雅悲愴，又具有沉鬱凝重。	leipzig	zho_news_2020_300K:277575	这种笔调优雅悲怆，又具有沉郁凝重。	CC-CEDICT	
158	3791_1	悲怆	悲愴	bēi chuàng		sorrow	这种笔调优雅悲怆，又具有沉郁凝重。	這種筆調優雅悲愴，又具有沉鬱凝重。	leipzig	zho_news_2020_300K:277575	这种笔调优雅悲怆，又具有沉郁凝重。	CC-CEDICT	
159	3791_1	凝重	凝重	níng zhòng		dignified	这种笔调优雅悲怆，又具有沉郁凝重。	這種筆調優雅悲愴，又具有沉鬱凝重。	leipzig	zho_news_2020_300K:277575	这种笔调优雅悲怆，又具有沉郁凝重。	CC-CEDICT	
160	3794_1	训诂学	訓詁學	xùn gǔ xué		study of classic texts	新训诂学是相对旧有的训诂学而言的。	新訓詁學是相對舊有的訓詁學而言的。	leipzig	zho_wikipedia_2018_1M:559363	新训诂学是相对旧有的训诂学而言的。	CC-CEDICT	
161	3794_1	相对	相對	xiāng duì		relatively	新训诂学是相对旧有的训诂学而言的。	新訓詁學是相對舊有的訓詁學而言的。	leipzig	zho_wikipedia_2018_1M:559363	新训诂学是相对旧有的训诂学而言的。	CC-CEDICT	
162	3794_1	而言	而言	ér yán		as far as ... is concerned	新训诂学是相对旧有的训诂学而言的。	新訓詁學是相對舊有的訓詁學而言的。	leipzig	zho_wikipedia_2018_1M:559363	新训诂学是相对旧有的训诂学而言的。	CC-CEDICT	
163	3795_1	如此	如此	rú cǐ		like this	尽管如此，契诃夫对父母始终非常孝顺。	儘管如此，契訶夫對父母始終非常孝順。	leipzig	zho_wikipedia_2018_1M:461413	尽管如此，契诃夫对父母始终非常孝顺。	CC-CEDICT	
164	3795_1	孝顺	孝順	xiào shùn		filial	尽管如此，契诃夫对父母始终非常孝顺。	儘管如此，契訶夫對父母始終非常孝順。	leipzig	zho_wikipedia_2018_1M:461413	尽管如此，契诃夫对父母始终非常孝顺。	CC-CEDICT	
165	3796_1	大声	大聲	dà shēng		loud voice	她大声诅咒。	她大聲詛咒。	tatoeba	5611463	她大声诅咒。	CC-CEDICT	
166	3796_1	诅咒	詛咒	zǔ zhòu		to curse	她大声诅咒。	她大聲詛咒。	tatoeba	5611463	她大声诅咒。	CC-CEDICT	
167	3798_1	五笔	五筆	wǔ bǐ		five brushstrokes	率汰三笔五笔，覆酱嫌粗；胡诌五言七言，打油自喜。	率汰三筆五筆，覆醬嫌粗；胡謅五言七言，打油自喜。	leipzig	zho_wikipedia_2018_1M:699627	率汰三笔五笔，覆酱嫌粗；胡诌五言七言，打油自喜。	CC-CEDICT	
168	3799_1	事后	事後	shì hòu		after the event	事后司马伦伪造诏书自封相国，司马伦一党掌握了朝政大权。	事後司馬倫偽造詔書自封相國，司馬倫一黨掌握了朝政大權。	leipzig	zho_news_2020_300K:28758	事后司马伦伪造诏书自封相国，司马伦一党掌握了朝政大权。	CC-CEDICT	
169	3799_1	司马	司馬	sī mǎ		Minister of War	事后司马伦伪造诏书自封相国，司马伦一党掌握了朝政大权。	事後司馬倫偽造詔書自封相國，司馬倫一黨掌握了朝政大權。	leipzig	zho_news_2020_300K:28758	事后司马伦伪造诏书自封相国，司马伦一党掌握了朝政大权。	CC-CEDICT	
170	3799_1	伪造	偽造	wěi zào	wèi zào	to forge	事后司马伦伪造诏书自封相国，司马伦一党掌握了朝政大权。	事後司馬倫偽造詔書自封相國，司馬倫一黨掌握了朝政大權。	leipzig	zho_news_2020_300K:28758	事后司马伦伪造诏书自封相国，司马伦一党掌握了朝政大权。	CC-CEDICT	Taiwan MOE Concise Dictionary
171	3799_1	自封	自封	zì fēng		to proclaim oneself	事后司马伦伪造诏书自封相国，司马伦一党掌握了朝政大权。	事後司馬倫偽造詔書自封相國，司馬倫一黨掌握了朝政大權。	leipzig	zho_news_2020_300K:28758	事后司马伦伪造诏书自封相国，司马伦一党掌握了朝政大权。	CC-CEDICT	
172	3799_1	相国	相國	xiàng guó		prime minister	事后司马伦伪造诏书自封相国，司马伦一党掌握了朝政大权。	事後司馬倫偽造詔書自封相國，司馬倫一黨掌握了朝政大權。	leipzig	zho_news_2020_300K:28758	事后司马伦伪造诏书自封相国，司马伦一党掌握了朝政大权。	CC-CEDICT	
173	3799_1	一党	一黨	yī dǎng		one-party	事后司马伦伪造诏书自封相国，司马伦一党掌握了朝政大权。	事後司馬倫偽造詔書自封相國，司馬倫一黨掌握了朝政大權。	leipzig	zho_news_2020_300K:28758	事后司马伦伪造诏书自封相国，司马伦一党掌握了朝政大权。	CC-CEDICT	
174	3799_1	掌握	掌握	zhǎng wò		to grasp	事后司马伦伪造诏书自封相国，司马伦一党掌握了朝政大权。	事後司馬倫偽造詔書自封相國，司馬倫一黨掌握了朝政大權。	leipzig	zho_news_2020_300K:28758	事后司马伦伪造诏书自封相国，司马伦一党掌握了朝政大权。	CC-CEDICT	
175	3799_1	朝政	朝政	cháo zhèng		affairs of state at the imperial court	事后司马伦伪造诏书自封相国，司马伦一党掌握了朝政大权。	事後司馬倫偽造詔書自封相國，司馬倫一黨掌握了朝政大權。	leipzig	zho_news_2020_300K:28758	事后司马伦伪造诏书自封相国，司马伦一党掌握了朝政大权。	CC-CEDICT	
176	3799_1	大权	大權	dà quán		power	事后司马伦伪造诏书自封相国，司马伦一党掌握了朝政大权。	事後司馬倫偽造詔書自封相國，司馬倫一黨掌握了朝政大權。	leipzig	zho_news_2020_300K:28758	事后司马伦伪造诏书自封相国，司马伦一党掌握了朝政大权。	CC-CEDICT	
177	3802_1	传遍	傳遍	chuán biàn		to spread widely	皇帝指婚的消息传遍陇西，威远郡更是一片沸腾。	皇帝指婚的訊息傳遍隴西，威遠郡更是一片沸騰。	leipzig	zho_news_2020_300K:220188	皇帝指婚的消息传遍陇西，威远郡更是一片沸腾。	CC-CEDICT	
178	3802_1	陇西	隴西	lǒng xī		Longxi	皇帝指婚的消息传遍陇西，威远郡更是一片沸腾。	皇帝指婚的訊息傳遍隴西，威遠郡更是一片沸騰。	leipzig	zho_news_2020_300K:220188	皇帝指婚的消息传遍陇西，威远郡更是一片沸腾。	CC-CEDICT	
179	3802_1	更是	更是	gèng shì		even more	皇帝指婚的消息传遍陇西，威远郡更是一片沸腾。	皇帝指婚的訊息傳遍隴西，威遠郡更是一片沸騰。	leipzig	zho_news_2020_300K:220188	皇帝指婚的消息传遍陇西，威远郡更是一片沸腾。	CC-CEDICT	
180	3802_1	沸腾	沸騰	fèi téng		to boil	皇帝指婚的消息传遍陇西，威远郡更是一片沸腾。	皇帝指婚的訊息傳遍隴西，威遠郡更是一片沸騰。	leipzig	zho_news_2020_300K:220188	皇帝指婚的消息传遍陇西，威远郡更是一片沸腾。	CC-CEDICT	
181	3805_1	李斯	李斯	lǐ sī		Li Si	这些事都记载在《李斯列传》中，继续往前走，从井陉到达九原。	這些事都記載在《李斯列傳》中，繼續往前走，從井陘到達九原。	leipzig	zho_news_2020_300K:272889	这些事都记载在《李斯列传》中，继续往前走，从井陉到达九原。	CC-CEDICT	
182	3805_1	列传	列傳	liè zhuàn		historical biography	这些事都记载在《李斯列传》中，继续往前走，从井陉到达九原。	這些事都記載在《李斯列傳》中，繼續往前走，從井陘到達九原。	leipzig	zho_news_2020_300K:272889	这些事都记载在《李斯列传》中，继续往前走，从井陉到达九原。	CC-CEDICT	
183	3805_1	往前	往前	wǎng qián		the past	这些事都记载在《李斯列传》中，继续往前走，从井陉到达九原。	這些事都記載在《李斯列傳》中，繼續往前走，從井陘到達九原。	leipzig	zho_news_2020_300K:272889	这些事都记载在《李斯列传》中，继续往前走，从井陉到达九原。	CC-CEDICT	
184	3805_1	井陉	井陘	jǐng xíng		Jingxing	这些事都记载在《李斯列传》中，继续往前走，从井陉到达九原。	這些事都記載在《李斯列傳》中，繼續往前走，從井陘到達九原。	leipzig	zho_news_2020_300K:272889	这些事都记载在《李斯列传》中，继续往前走，从井陉到达九原。	CC-CEDICT	
185	3807_1	杰作	傑作	jié zuò		masterpiece	我喜欢这幅画不是因为它是个杰作而是因为它妩媚。	我喜歡這幅畫不是因為它是個傑作而是因為它嫵媚。	tatoeba	817297	我喜欢这幅画不是因为它是个杰作而是因为它妩媚。	CC-CEDICT	
186	3807_1	妩媚	嫵媚	wǔ mèi		lovely	我喜欢这幅画不是因为它是个杰作而是因为它妩媚。	我喜歡這幅畫不是因為它是個傑作而是因為它嫵媚。	tatoeba	817297	我喜欢这幅画不是因为它是个杰作而是因为它妩媚。	CC-CEDICT	
187	3808_1	白居易	白居易	bái jū yì		Bai Juyi	就像白居易的诗之所以为人喜爱，是因为连老妪也能朗朗上口。	就像白居易的詩之所以為人喜愛，是因為連老嫗也能朗朗上口。	leipzig	zho_news_2020_300K:129547	就像白居易的诗之所以为人喜爱，是因为连老妪也能朗朗上口。	CC-CEDICT	
188	3808_1	之所以	之所以	zhī suǒ yǐ		the reason why N P	就像白居易的诗之所以为人喜爱，是因为连老妪也能朗朗上口。	就像白居易的詩之所以為人喜愛，是因為連老嫗也能朗朗上口。	leipzig	zho_news_2020_300K:129547	就像白居易的诗之所以为人喜爱，是因为连老妪也能朗朗上口。	CC-CEDICT	
189	3808_1	老妪	老嫗	lǎo yù		old woman	就像白居易的诗之所以为人喜爱，是因为连老妪也能朗朗上口。	就像白居易的詩之所以為人喜愛，是因為連老嫗也能朗朗上口。	leipzig	zho_news_2020_300K:129547	就像白居易的诗之所以为人喜爱，是因为连老妪也能朗朗上口。	CC-CEDICT	
190	3808_1	朗朗上口	朗朗上口	lǎng lǎng shàng kǒu		to flow right off the tongue	就像白居易的诗之所以为人喜爱，是因为连老妪也能朗朗上口。	就像白居易的詩之所以為人喜愛，是因為連老嫗也能朗朗上口。	leipzig	zho_news_2020_300K:129547	就像白居易的诗之所以为人喜爱，是因为连老妪也能朗朗上口。	CC-CEDICT	
191	3812_1	姓氏	姓氏	xìng shì		family name	妫是一个古老的姓氏。	嬀是一個古老的姓氏。	preexisting			CC-CEDICT	
192	3822_1	隔离	隔離	gé lí		to separate	在隔离病区，纰漏所带来的影响是无法预计的。	在隔離病區，紕漏所帶來的影響是無法預計的。	leipzig	zho_news_2020_300K:107844	在隔离病区，纰漏所带来的影响是无法预计的。	CC-CEDICT	
193	3822_1	预计	預計	yù jì		to forecast	在隔离病区，纰漏所带来的影响是无法预计的。	在隔離病區，紕漏所帶來的影響是無法預計的。	leipzig	zho_news_2020_300K:107844	在隔离病区，纰漏所带来的影响是无法预计的。	CC-CEDICT	
194	3824_1	衣物	衣物	yī wù		clothing	衣物材質一般包括棉，涤纶，锦纶等各种纤维制品的编制物，由编织产生布料最后加工成服装。	衣物材質一般包括棉，滌綸，錦綸等各種纖維製品的編制物，由編織產生布料最後加工成服裝。	leipzig	zho_wikipedia_2018_1M:854303	衣物材質一般包括棉，涤纶，锦纶等各种纤维制品的编制物，由编织产生布料最后加工成服装。	CC-CEDICT	
195	3824_1	包括	包括	bāo kuò	bāo guā	to comprise	衣物材質一般包括棉，涤纶，锦纶等各种纤维制品的编制物，由编织产生布料最后加工成服装。	衣物材質一般包括棉，滌綸，錦綸等各種纖維製品的編制物，由編織產生布料最後加工成服裝。	leipzig	zho_wikipedia_2018_1M:854303	衣物材質一般包括棉，涤纶，锦纶等各种纤维制品的编制物，由编织产生布料最后加工成服装。	CC-CEDICT	Taiwan MOE Concise Dictionary
196	3824_1	涤纶	滌綸	dí lún		polyester fiber	衣物材質一般包括棉，涤纶，锦纶等各种纤维制品的编制物，由编织产生布料最后加工成服装。	衣物材質一般包括棉，滌綸，錦綸等各種纖維製品的編制物，由編織產生布料最後加工成服裝。	leipzig	zho_wikipedia_2018_1M:854303	衣物材質一般包括棉，涤纶，锦纶等各种纤维制品的编制物，由编织产生布料最后加工成服装。	CC-CEDICT	
197	3824_1	各种	各種	gè zhǒng		every kind of	衣物材質一般包括棉，涤纶，锦纶等各种纤维制品的编制物，由编织产生布料最后加工成服装。	衣物材質一般包括棉，滌綸，錦綸等各種纖維製品的編制物，由編織產生布料最後加工成服裝。	leipzig	zho_wikipedia_2018_1M:854303	衣物材質一般包括棉，涤纶，锦纶等各种纤维制品的编制物，由编织产生布料最后加工成服装。	CC-CEDICT	
198	3824_1	制品	製品	zhì pǐn		products	衣物材質一般包括棉，涤纶，锦纶等各种纤维制品的编制物，由编织产生布料最后加工成服装。	衣物材質一般包括棉，滌綸，錦綸等各種纖維製品的編制物，由編織產生布料最後加工成服裝。	leipzig	zho_wikipedia_2018_1M:854303	衣物材質一般包括棉，涤纶，锦纶等各种纤维制品的编制物，由编织产生布料最后加工成服装。	CC-CEDICT	
199	3824_1	编制	編制	biān zhì		to establish	衣物材質一般包括棉，涤纶，锦纶等各种纤维制品的编制物，由编织产生布料最后加工成服装。	衣物材質一般包括棉，滌綸，錦綸等各種纖維製品的編制物，由編織產生布料最後加工成服裝。	leipzig	zho_wikipedia_2018_1M:854303	衣物材質一般包括棉，涤纶，锦纶等各种纤维制品的编制物，由编织产生布料最后加工成服装。	CC-CEDICT	
200	3824_1	服装	服裝	fú zhuāng		dress	衣物材質一般包括棉，涤纶，锦纶等各种纤维制品的编制物，由编织产生布料最后加工成服装。	衣物材質一般包括棉，滌綸，錦綸等各種纖維製品的編制物，由編織產生布料最後加工成服裝。	leipzig	zho_wikipedia_2018_1M:854303	衣物材質一般包括棉，涤纶，锦纶等各种纤维制品的编制物，由编织产生布料最后加工成服装。	CC-CEDICT	
201	3825_1	书局	書局	shū jú		bookstore	林纾分任大学堂译书局总办、副总办。	林紓分任大學堂譯書局總辦、副總辦。	leipzig	zho_wikipedia_2018_1M:614295	林纾分任大学堂译书局总办、副总办。	CC-CEDICT	
202	3835_1	投票	投票	tóu piào		to vote	投票匦是一种器物。	投票匭是一種器物。	authored	level-2/3835_1	投票匦是一种器物。	CC-CEDICT	
203	3841_1	千古	千古	qiān gǔ		for all eternity	，当垆卖酒，演绎了一段千古佳话。	，當壚賣酒，演繹了一段千古佳話。	leipzig	zho_wikipedia_2018_1M:492266	，当垆卖酒，演绎了一段千古佳话。	CC-CEDICT	
204	3848_1	篮子	籃子	lán zi		basket	他把篮子㧟在胳膊上。	他把籃子擓在胳膊上。	preexisting			CC-CEDICT	
205	3848_1	胳膊	胳膊	gē bo	gē bó	arm	他把篮子㧟在胳膊上。	他把籃子擓在胳膊上。	preexisting			CC-CEDICT	Taiwan MOE Concise Dictionary
206	3857_1	梅花	梅花	méi huā		plum blossom	重庆梅花山麓的墓碑前满眼草木葱茏。	重慶梅花山麓的墓碑前滿眼草木蔥蘢。	leipzig	zho_news_2020_300K:285389	重庆梅花山麓的墓碑前满眼草木葱茏。	CC-CEDICT	
207	3857_1	山麓	山麓	shān lù		foothills	重庆梅花山麓的墓碑前满眼草木葱茏。	重慶梅花山麓的墓碑前滿眼草木蔥蘢。	leipzig	zho_news_2020_300K:285389	重庆梅花山麓的墓碑前满眼草木葱茏。	CC-CEDICT	
208	3857_1	墓碑	墓碑	mù bēi		gravestone	重庆梅花山麓的墓碑前满眼草木葱茏。	重慶梅花山麓的墓碑前滿眼草木蔥蘢。	leipzig	zho_news_2020_300K:285389	重庆梅花山麓的墓碑前满眼草木葱茏。	CC-CEDICT	
209	3857_1	草木	草木	cǎo mù		vegetation	重庆梅花山麓的墓碑前满眼草木葱茏。	重慶梅花山麓的墓碑前滿眼草木蔥蘢。	leipzig	zho_news_2020_300K:285389	重庆梅花山麓的墓碑前满眼草木葱茏。	CC-CEDICT	
210	3870_1	春节	春節	chūn jié		Spring Festival	北方是到了春节将近，年三十还是二十九，要到故人坟茔上迎先人回去过年节的。	北方是到了春節將近，年三十還是二十九，要到故人墳塋上迎先人回去過年節的。	leipzig	zho_news_2020_300K:74357	北方是到了春节将近，年三十还是二十九，要到故人坟茔上迎先人回去过年节的。	CC-CEDICT	
211	3870_1	将近	將近	jiāng jìn		almost	北方是到了春节将近，年三十还是二十九，要到故人坟茔上迎先人回去过年节的。	北方是到了春節將近，年三十還是二十九，要到故人墳塋上迎先人回去過年節的。	leipzig	zho_news_2020_300K:74357	北方是到了春节将近，年三十还是二十九，要到故人坟茔上迎先人回去过年节的。	CC-CEDICT	
212	3870_1	十九	十九	shí jiǔ		nineteen	北方是到了春节将近，年三十还是二十九，要到故人坟茔上迎先人回去过年节的。	北方是到了春節將近，年三十還是二十九，要到故人墳塋上迎先人回去過年節的。	leipzig	zho_news_2020_300K:74357	北方是到了春节将近，年三十还是二十九，要到故人坟茔上迎先人回去过年节的。	CC-CEDICT	
213	3870_1	故人	故人	gù rén		old friend	北方是到了春节将近，年三十还是二十九，要到故人坟茔上迎先人回去过年节的。	北方是到了春節將近，年三十還是二十九，要到故人墳塋上迎先人回去過年節的。	leipzig	zho_news_2020_300K:74357	北方是到了春节将近，年三十还是二十九，要到故人坟茔上迎先人回去过年节的。	CC-CEDICT	
214	3870_1	先人	先人	xiān rén		ancestor	北方是到了春节将近，年三十还是二十九，要到故人坟茔上迎先人回去过年节的。	北方是到了春節將近，年三十還是二十九，要到故人墳塋上迎先人回去過年節的。	leipzig	zho_news_2020_300K:74357	北方是到了春节将近，年三十还是二十九，要到故人坟茔上迎先人回去过年节的。	CC-CEDICT	
215	3870_1	回去	回去	huí qu	huí qù	to return	北方是到了春节将近，年三十还是二十九，要到故人坟茔上迎先人回去过年节的。	北方是到了春節將近，年三十還是二十九，要到故人墳塋上迎先人回去過年節的。	leipzig	zho_news_2020_300K:74357	北方是到了春节将近，年三十还是二十九，要到故人坟茔上迎先人回去过年节的。	CC-CEDICT	Taiwan MOE Concise Dictionary
216	3870_1	过年	過年	guò nián		to celebrate the Chinese New Year	北方是到了春节将近，年三十还是二十九，要到故人坟茔上迎先人回去过年节的。	北方是到了春節將近，年三十還是二十九，要到故人墳塋上迎先人回去過年節的。	leipzig	zho_news_2020_300K:74357	北方是到了春节将近，年三十还是二十九，要到故人坟茔上迎先人回去过年节的。	CC-CEDICT	
217	3874_1	千里	千里	qiān lǐ		a thousand miles	老骥伏枥，志在千里；烈士暮年，壮心不已。	老驥伏櫪，志在千里；烈士暮年，壯心不已。	leipzig	zho_news_2020_300K:238779	老骥伏枥，志在千里；烈士暮年，壮心不已。	CC-CEDICT	
218	3874_1	烈士	烈士	liè shì		martyr	老骥伏枥，志在千里；烈士暮年，壮心不已。	老驥伏櫪，志在千里；烈士暮年，壯心不已。	leipzig	zho_news_2020_300K:238779	老骥伏枥，志在千里；烈士暮年，壮心不已。	CC-CEDICT	
219	3878_1	清水	清水	qīng shuǐ		fresh water	清水从枧里流出来。	清水從梘裡流出來。	preexisting			CC-CEDICT	
220	3881_1	枞树	樅樹	cōng shù		fir	那山，已经长满枞树、藤蔓，石头都见不着了。	那山，已經長滿樅樹、藤蔓，石頭都見不著了。	leipzig	zho_news_2020_300K:283380	那山，已经长满枞树、藤蔓，石头都见不着了。	CC-CEDICT	
221	3881_1	藤蔓	藤蔓	téng màn		vine	那山，已经长满枞树、藤蔓，石头都见不着了。	那山，已經長滿樅樹、藤蔓，石頭都見不著了。	leipzig	zho_news_2020_300K:283380	那山，已经长满枞树、藤蔓，石头都见不着了。	CC-CEDICT	
222	3881_1	不着	不著	bù zháo		no need	那山，已经长满枞树、藤蔓，石头都见不着了。	那山，已經長滿樅樹、藤蔓，石頭都見不著了。	leipzig	zho_news_2020_300K:283380	那山，已经长满枞树、藤蔓，石头都见不着了。	CC-CEDICT	
223	3887_1	蚌埠	蚌埠	bèng bù		Bengbu	，砀山县，组建萧砀县，属蚌埠专区。	，碭山縣，組建蕭碭縣，屬蚌埠專區。	leipzig	zho_wikipedia_2018_1M:755408	，砀山县，组建萧砀县，属蚌埠专区。	CC-CEDICT	
224	3887_1	专区	專區	zhuān qū		prefecture	，砀山县，组建萧砀县，属蚌埠专区。	，碭山縣，組建蕭碭縣，屬蚌埠專區。	leipzig	zho_wikipedia_2018_1M:755408	，砀山县，组建萧砀县，属蚌埠专区。	CC-CEDICT	
225	3890_1	此后	此後	cǐ hòu		after this	此后，建瓯成为闽北的政治文化中心。	此後，建甌成為閩北的政治文化中心。	leipzig	zho_wikipedia_2018_1M:633793	此后，建瓯成为闽北的政治文化中心。	CC-CEDICT	
226	3890_1	建瓯	建甌	jiàn ōu		Jian'ou	此后，建瓯成为闽北的政治文化中心。	此後，建甌成為閩北的政治文化中心。	leipzig	zho_wikipedia_2018_1M:633793	此后，建瓯成为闽北的政治文化中心。	CC-CEDICT	
227	3892_1	宝丰	寶豐	bǎo fēng		Baofeng	，流经汝州市、郏县、宝丰县、叶县，	，流經汝州市、郟縣、寶豐縣、葉縣，	leipzig	zho_wikipedia_2018_1M:668111	，流经汝州市、郏县、宝丰县、叶县，	CC-CEDICT	
228	3893_1	与其	與其	yǔ qí		rather than...	与其共轭 在复平面中的几何表示。	與其共軛 在複平面中的幾何表示。	leipzig	zho_wikipedia_2018_1M:67331	与其共轭 在复平面中的几何表示。	CC-CEDICT	
229	3893_1	平面	平面	píng miàn		plane	与其共轭 在复平面中的几何表示。	與其共軛 在複平面中的幾何表示。	leipzig	zho_wikipedia_2018_1M:67331	与其共轭 在复平面中的几何表示。	CC-CEDICT	
230	3893_1	几何	幾何	jǐ hé		geometry	与其共轭 在复平面中的几何表示。	與其共軛 在複平面中的幾何表示。	leipzig	zho_wikipedia_2018_1M:67331	与其共轭 在复平面中的几何表示。	CC-CEDICT	
231	3895_1	西班牙	西班牙	xī bān yá		Spain	德国鸢尾、西班牙鸢尾、黄鸢尾是最常见的品种。	德國鳶尾、西班牙鳶尾、黃鳶尾是最常見的品種。	leipzig	zho_wikipedia_2018_1M:506867	德国鸢尾、西班牙鸢尾、黄鸢尾是最常见的品种。	CC-CEDICT	
232	3895_1	品种	品種	pǐn zhǒng		breed	德国鸢尾、西班牙鸢尾、黄鸢尾是最常见的品种。	德國鳶尾、西班牙鳶尾、黃鳶尾是最常見的品種。	leipzig	zho_wikipedia_2018_1M:506867	德国鸢尾、西班牙鸢尾、黄鸢尾是最常见的品种。	CC-CEDICT	
233	3898_1	岁月	歲月	suì yuè		years	曾经的那段岁月，犹如昙花一现，那么美好，却又如此短暂。	曾經的那段歲月，猶如曇花一現，那麼美好，卻又如此短暫。	leipzig	zho_news_2020_300K:177029	曾经的那段岁月，犹如昙花一现，那么美好，却又如此短暂。	CC-CEDICT	
234	3898_1	昙花	曇花	tán huā		Dutchman's pipe cactus	曾经的那段岁月，犹如昙花一现，那么美好，却又如此短暂。	曾經的那段歲月，猶如曇花一現，那麼美好，卻又如此短暫。	leipzig	zho_news_2020_300K:177029	曾经的那段岁月，犹如昙花一现，那么美好，却又如此短暂。	CC-CEDICT	
235	3898_1	美好	美好	měi hǎo		beautiful	曾经的那段岁月，犹如昙花一现，那么美好，却又如此短暂。	曾經的那段歲月，猶如曇花一現，那麼美好，卻又如此短暫。	leipzig	zho_news_2020_300K:177029	曾经的那段岁月，犹如昙花一现，那么美好，却又如此短暂。	CC-CEDICT	
236	3898_1	短暂	短暫	duǎn zàn	duǎn zhàn	of short duration	曾经的那段岁月，犹如昙花一现，那么美好，却又如此短暂。	曾經的那段歲月，猶如曇花一現，那麼美好，卻又如此短暫。	leipzig	zho_news_2020_300K:177029	曾经的那段岁月，犹如昙花一现，那么美好，却又如此短暂。	CC-CEDICT	Taiwan MOE Concise Dictionary
237	3913_1	差池	差池	chā chí		mistake	差池不相见，黾勉空仰止。	差池不相見，黽勉空仰止。	tatoeba	2941315	差池不相见，黾勉空仰止。	CC-CEDICT	
238	3918_1	叮咛	叮嚀	dīng níng		to warn	老师叮咛学生不要因为会考而过度紧张。	老師叮嚀學生不要因為會考而過度緊張。	tatoeba	13860167	老師叮嚀學生不要因為會考而過度緊張。	CC-CEDICT	
239	3918_1	过度	過度	guò dù		excessive	老师叮咛学生不要因为会考而过度紧张。	老師叮嚀學生不要因為會考而過度緊張。	tatoeba	13860167	老師叮嚀學生不要因為會考而過度緊張。	CC-CEDICT	
240	3924_1	围困	圍困	wéi kùn		to besiege	敌军围困万千重，我自岿然不动”。	敵軍圍困萬千重，我自巋然不動”。	leipzig	zho_news_2020_300K:166184	敌军围困万千重，我自岿然不动”。	CC-CEDICT	
241	3933_1	剀切	剴切	kǎi qiè		cogent	至其持议守正，虽严谕屡下，陈辞益剀切不挠。	至其持議守正，雖嚴諭屢下，陳辭益剴切不撓。	leipzig	zho_wikipedia_2018_1M:825798	至其持议守正，虽严谕屡下，陈辞益剀切不挠。	CC-CEDICT	
242	3935_1	此外	此外	cǐ wài		besides	此外，在市中区有枣庄东湖公园和光明广场，在峄城区有枣庄冠世榴园生态文化旅游区。	此外，在市中區有棗莊東湖公園和光明廣場，在嶧城區有棗莊冠世榴園生態文化旅遊區。	leipzig	zho_wikipedia_2018_1M:636086	此外，在市中区有枣庄东湖公园和光明广场，在峄城区有枣庄冠世榴园生态文化旅游区。	CC-CEDICT	
243	3935_1	中区	中區	zhōng qū		central district	此外，在市中区有枣庄东湖公园和光明广场，在峄城区有枣庄冠世榴园生态文化旅游区。	此外，在市中區有棗莊東湖公園和光明廣場，在嶧城區有棗莊冠世榴園生態文化旅遊區。	leipzig	zho_wikipedia_2018_1M:636086	此外，在市中区有枣庄东湖公园和光明广场，在峄城区有枣庄冠世榴园生态文化旅游区。	CC-CEDICT	
244	3935_1	枣庄	棗莊	zǎo zhuāng		Zaozhuang	此外，在市中区有枣庄东湖公园和光明广场，在峄城区有枣庄冠世榴园生态文化旅游区。	此外，在市中區有棗莊東湖公園和光明廣場，在嶧城區有棗莊冠世榴園生態文化旅遊區。	leipzig	zho_wikipedia_2018_1M:636086	此外，在市中区有枣庄东湖公园和光明广场，在峄城区有枣庄冠世榴园生态文化旅游区。	CC-CEDICT	
245	3935_1	光明	光明	guāng míng		light	此外，在市中区有枣庄东湖公园和光明广场，在峄城区有枣庄冠世榴园生态文化旅游区。	此外，在市中區有棗莊東湖公園和光明廣場，在嶧城區有棗莊冠世榴園生態文化旅遊區。	leipzig	zho_wikipedia_2018_1M:636086	此外，在市中区有枣庄东湖公园和光明广场，在峄城区有枣庄冠世榴园生态文化旅游区。	CC-CEDICT	
246	3935_1	生态	生態	shēng tài		ecology	此外，在市中区有枣庄东湖公园和光明广场，在峄城区有枣庄冠世榴园生态文化旅游区。	此外，在市中區有棗莊東湖公園和光明廣場，在嶧城區有棗莊冠世榴園生態文化旅遊區。	leipzig	zho_wikipedia_2018_1M:636086	此外，在市中区有枣庄东湖公园和光明广场，在峄城区有枣庄冠世榴园生态文化旅游区。	CC-CEDICT	
247	3935_1	旅游	旅遊	lǚ yóu		trip	此外，在市中区有枣庄东湖公园和光明广场，在峄城区有枣庄冠世榴园生态文化旅游区。	此外，在市中區有棗莊東湖公園和光明廣場，在嶧城區有棗莊冠世榴園生態文化旅遊區。	leipzig	zho_wikipedia_2018_1M:636086	此外，在市中区有枣庄东湖公园和光明广场，在峄城区有枣庄冠世榴园生态文化旅游区。	CC-CEDICT	
248	3939_1	矿石	礦石	kuàng shí		ore	这种矿石含有少量钍。	這種礦石含有少量釷。	preexisting			CC-CEDICT	
249	3939_1	少量	少量	shǎo liàng		a smidgen	这种矿石含有少量钍。	這種礦石含有少量釷。	preexisting			CC-CEDICT	
250	3942_1	放出	放出	fàng chū		to let off	五氧化二钒加熱可放出氧氣，且這個反應是可逆的。	五氧化二釩加熱可放出氧氣，且這個反應是可逆的。	leipzig	zho_wikipedia_2018_1M:113026	五氧化二钒加熱可放出氧氣，且這個反應是可逆的。	CC-CEDICT	
251	3942_1	可逆	可逆	kě nì		reversible	五氧化二钒加熱可放出氧氣，且這個反應是可逆的。	五氧化二釩加熱可放出氧氣，且這個反應是可逆的。	leipzig	zho_wikipedia_2018_1M:113026	五氧化二钒加熱可放出氧氣，且這個反應是可逆的。	CC-CEDICT	
252	3944_1	美玉	美玉	měi yù		fine jade	那么我为什么说美玉无瑕说的是神瑛侍者薛宝钗呢？	那麼我為什麼說美玉無瑕說的是神瑛侍者薛寶釵呢？	leipzig	zho_news_2020_300K:282928	那么我为什么说美玉无瑕说的是神瑛侍者薛宝钗呢？	CC-CEDICT	
253	3944_1	无瑕	無瑕	wú xiá		faultless	那么我为什么说美玉无瑕说的是神瑛侍者薛宝钗呢？	那麼我為什麼說美玉無瑕說的是神瑛侍者薛寶釵呢？	leipzig	zho_news_2020_300K:282928	那么我为什么说美玉无瑕说的是神瑛侍者薛宝钗呢？	CC-CEDICT	
254	3944_1	侍者	侍者	shì zhě		attendant	那么我为什么说美玉无瑕说的是神瑛侍者薛宝钗呢？	那麼我為什麼說美玉無瑕說的是神瑛侍者薛寶釵呢？	leipzig	zho_news_2020_300K:282928	那么我为什么说美玉无瑕说的是神瑛侍者薛宝钗呢？	CC-CEDICT	
255	3960_1	原因	原因	yuán yīn		cause	重要的原因，袁溥之反感杨子烈在婚姻问题上的市侩气味。	重要的原因，袁溥之反感楊子烈在婚姻問題上的市儈氣味。	leipzig	zho_news_2020_300K:285510	重要的原因，袁溥之反感杨子烈在婚姻问题上的市侩气味。	CC-CEDICT	
256	3960_1	反感	反感	fǎn gǎn		to be disgusted with	重要的原因，袁溥之反感杨子烈在婚姻问题上的市侩气味。	重要的原因，袁溥之反感楊子烈在婚姻問題上的市儈氣味。	leipzig	zho_news_2020_300K:285510	重要的原因，袁溥之反感杨子烈在婚姻问题上的市侩气味。	CC-CEDICT	
257	3960_1	婚姻	婚姻	hūn yīn		marriage	重要的原因，袁溥之反感杨子烈在婚姻问题上的市侩气味。	重要的原因，袁溥之反感楊子烈在婚姻問題上的市儈氣味。	leipzig	zho_news_2020_300K:285510	重要的原因，袁溥之反感杨子烈在婚姻问题上的市侩气味。	CC-CEDICT	
258	3960_1	市侩	市儈	shì kuài		unscrupulous businessperson	重要的原因，袁溥之反感杨子烈在婚姻问题上的市侩气味。	重要的原因，袁溥之反感楊子烈在婚姻問題上的市儈氣味。	leipzig	zho_news_2020_300K:285510	重要的原因，袁溥之反感杨子烈在婚姻问题上的市侩气味。	CC-CEDICT	
259	3963_1	同侪	同儕	tóng chái		peer	自己好好实践，吾不告过你去爱你的同侪么？	自己好好實踐，吾不告過你去愛你的同儕麼？	leipzig	zho_wikipedia_2018_1M:821532	自己好好实践，吾不告过你去爱你的同侪么？	CC-CEDICT	
260	3971_1	罗兰	羅蘭	luó lán		Roland	罗兰夫人歉意地对刽子手说了一声“对不起！”	羅蘭夫人歉意地對劊子手說了一聲“對不起！”	leipzig	zho_news_2020_300K:235173	罗兰夫人歉意地对刽子手说了一声“对不起！”	CC-CEDICT	
261	3971_1	夫人	夫人	fū ren	fū rén	lady	罗兰夫人歉意地对刽子手说了一声“对不起！”	羅蘭夫人歉意地對劊子手說了一聲“對不起！”	leipzig	zho_news_2020_300K:235173	罗兰夫人歉意地对刽子手说了一声“对不起！”	CC-CEDICT	Taiwan MOE Concise Dictionary
262	3971_1	歉意	歉意	qiàn yì		apology	罗兰夫人歉意地对刽子手说了一声“对不起！”	羅蘭夫人歉意地對劊子手說了一聲“對不起！”	leipzig	zho_news_2020_300K:235173	罗兰夫人歉意地对刽子手说了一声“对不起！”	CC-CEDICT	
263	3971_1	刽子手	劊子手	guì zi shǒu	kuài zi shǒu	executioner	罗兰夫人歉意地对刽子手说了一声“对不起！”	羅蘭夫人歉意地對劊子手說了一聲“對不起！”	leipzig	zho_news_2020_300K:235173	罗兰夫人歉意地对刽子手说了一声“对不起！”	CC-CEDICT	Taiwan MOE Concise Dictionary
264	3971_1	对不起	對不起	duì bu qǐ	duì bù qǐ	I'm sorry	罗兰夫人歉意地对刽子手说了一声“对不起！”	羅蘭夫人歉意地對劊子手說了一聲“對不起！”	leipzig	zho_news_2020_300K:235173	罗兰夫人歉意地对刽子手说了一声“对不起！”	CC-CEDICT	Taiwan MOE Concise Dictionary
265	3973_1	广告	廣告	guǎng gào		to advertise	广告怂恿我们买奢侈品。	廣告慫恿我們買奢侈品。	tatoeba	919907	廣告慫恿我們買奢侈品。	CC-CEDICT	
266	3973_1	奢侈品	奢侈品	shē chǐ pǐn		luxury item	广告怂恿我们买奢侈品。	廣告慫恿我們買奢侈品。	tatoeba	919907	廣告慫恿我們買奢侈品。	CC-CEDICT	
267	3978_1	厨师	廚師	chú shī		cook	厨师把䏝清洗干净。	廚師把膞清洗乾淨。	preexisting			CC-CEDICT	
268	3978_1	干净	乾淨	gān jìng		clean	厨师把䏝清洗干净。	廚師把膞清洗乾淨。	preexisting			CC-CEDICT	
269	3983_1	寒假	寒假	hán jià		winter vacation	我去年寒假去哈尔滨旅游，参观了闻名遐迩的冰雕展。	我去年寒假去哈爾濱旅遊，參觀了聞名遐邇的冰雕展。	tatoeba	13920751	我去年寒假去哈爾濱旅遊，參觀了聞名遐邇的冰雕展。	CC-CEDICT	
270	3983_1	参观	參觀	cān guān		to visit	我去年寒假去哈尔滨旅游，参观了闻名遐迩的冰雕展。	我去年寒假去哈爾濱旅遊，參觀了聞名遐邇的冰雕展。	tatoeba	13920751	我去年寒假去哈爾濱旅遊，參觀了聞名遐邇的冰雕展。	CC-CEDICT	
271	3983_1	冰雕	冰雕	bīng diāo		ice sculpture	我去年寒假去哈尔滨旅游，参观了闻名遐迩的冰雕展。	我去年寒假去哈爾濱旅遊，參觀了聞名遐邇的冰雕展。	tatoeba	13920751	我去年寒假去哈爾濱旅遊，參觀了聞名遐邇的冰雕展。	CC-CEDICT	
272	3991_1	国内	國內	guó nèi		domestic	国内用户如何才能够免费领取到《刺客信条：枭雄》呢？	國內使用者如何才能夠免費領取到《刺客信條：梟雄》呢？	leipzig	zho_news_2020_300K:96304	国内用户如何才能够免费领取到《刺客信条：枭雄》呢？	CC-CEDICT	
273	3991_1	领取	領取	lǐng qǔ		to receive	国内用户如何才能够免费领取到《刺客信条：枭雄》呢？	國內使用者如何才能夠免費領取到《刺客信條：梟雄》呢？	leipzig	zho_news_2020_300K:96304	国内用户如何才能够免费领取到《刺客信条：枭雄》呢？	CC-CEDICT	
274	3991_1	刺客	刺客	cì kè		assassin	国内用户如何才能够免费领取到《刺客信条：枭雄》呢？	國內使用者如何才能夠免費領取到《刺客信條：梟雄》呢？	leipzig	zho_news_2020_300K:96304	国内用户如何才能够免费领取到《刺客信条：枭雄》呢？	CC-CEDICT	
275	3991_1	信条	信條	xìn tiáo		creed	国内用户如何才能够免费领取到《刺客信条：枭雄》呢？	國內使用者如何才能夠免費領取到《刺客信條：梟雄》呢？	leipzig	zho_news_2020_300K:96304	国内用户如何才能够免费领取到《刺客信条：枭雄》呢？	CC-CEDICT	
276	3991_1	枭雄	梟雄	xiāo xióng		ambitious and ruthless character	国内用户如何才能够免费领取到《刺客信条：枭雄》呢？	國內使用者如何才能夠免費領取到《刺客信條：梟雄》呢？	leipzig	zho_news_2020_300K:96304	国内用户如何才能够免费领取到《刺客信条：枭雄》呢？	CC-CEDICT	
277	3992_1	食用	食用	shí yòng		to eat	一些食用花卉还可加工为蜜饯，例如菊花、	一些食用花卉還可加工為蜜餞，例如菊花、	leipzig	zho_wikipedia_2018_1M:42705	一些食用花卉还可加工为蜜饯，例如菊花、	CC-CEDICT	
278	3992_1	花卉	花卉	huā huì		flowers and plants	一些食用花卉还可加工为蜜饯，例如菊花、	一些食用花卉還可加工為蜜餞，例如菊花、	leipzig	zho_wikipedia_2018_1M:42705	一些食用花卉还可加工为蜜饯，例如菊花、	CC-CEDICT	
279	3992_1	蜜饯	蜜餞	mì jiàn		food preserved in sugar or honey	一些食用花卉还可加工为蜜饯，例如菊花、	一些食用花卉還可加工為蜜餞，例如菊花、	leipzig	zho_wikipedia_2018_1M:42705	一些食用花卉还可加工为蜜饯，例如菊花、	CC-CEDICT	
280	3992_1	例如	例如	lì rú		for example	一些食用花卉还可加工为蜜饯，例如菊花、	一些食用花卉還可加工為蜜餞，例如菊花、	leipzig	zho_wikipedia_2018_1M:42705	一些食用花卉还可加工为蜜饯，例如菊花、	CC-CEDICT	
281	3992_1	菊花	菊花	jú huā		chrysanthemum	一些食用花卉还可加工为蜜饯，例如菊花、	一些食用花卉還可加工為蜜餞，例如菊花、	leipzig	zho_wikipedia_2018_1M:42705	一些食用花卉还可加工为蜜饯，例如菊花、	CC-CEDICT	
282	3993_1	白糖	白糖	bái táng		white sugar	料中有麻屑、白糖、香条、桂花等，食时甜酥，骨子虽用饴糖熬制而成，但松脆，落口消深，不沾牙齿。	料中有麻屑、白糖、香條、桂花等，食時甜酥，骨子雖用飴糖熬製而成，但鬆脆，落口消深，不沾牙齒。	leipzig	zho_wikipedia_2018_1M:555514	料中有麻屑、白糖、香条、桂花等，食时甜酥，骨子虽用饴糖熬制而成，但松脆，落口消深，不沾牙齿。	CC-CEDICT	
283	3993_1	桂花	桂花	guì huā		osmanthus flowers	料中有麻屑、白糖、香条、桂花等，食时甜酥，骨子虽用饴糖熬制而成，但松脆，落口消深，不沾牙齿。	料中有麻屑、白糖、香條、桂花等，食時甜酥，骨子雖用飴糖熬製而成，但鬆脆，落口消深，不沾牙齒。	leipzig	zho_wikipedia_2018_1M:555514	料中有麻屑、白糖、香条、桂花等，食时甜酥，骨子虽用饴糖熬制而成，但松脆，落口消深，不沾牙齿。	CC-CEDICT	
284	3993_1	骨子	骨子	gǔ zi		ribs	料中有麻屑、白糖、香条、桂花等，食时甜酥，骨子虽用饴糖熬制而成，但松脆，落口消深，不沾牙齿。	料中有麻屑、白糖、香條、桂花等，食時甜酥，骨子雖用飴糖熬製而成，但鬆脆，落口消深，不沾牙齒。	leipzig	zho_wikipedia_2018_1M:555514	料中有麻屑、白糖、香条、桂花等，食时甜酥，骨子虽用饴糖熬制而成，但松脆，落口消深，不沾牙齿。	CC-CEDICT	
285	3997_1	南边	南邊	nán bian	nán biān	south	宁远在永州的南边，在九疑山、阳明山两山的围合之中，古称瘴疠之地。	寧遠在永州的南邊，在九疑山、陽明山兩山的圍合之中，古稱瘴癘之地。	leipzig	zho_news_2020_300K:122319	宁远在永州的南边，在九疑山、阳明山两山的围合之中，古称瘴疠之地。	CC-CEDICT	Taiwan MOE Concise Dictionary
286	3997_1	阳明山	陽明山	yáng míng shān		Mt Yangming in Hunan	宁远在永州的南边，在九疑山、阳明山两山的围合之中，古称瘴疠之地。	寧遠在永州的南邊，在九疑山、陽明山兩山的圍合之中，古稱瘴癘之地。	leipzig	zho_news_2020_300K:122319	宁远在永州的南边，在九疑山、阳明山两山的围合之中，古称瘴疠之地。	CC-CEDICT	
287	3999_1	溃疡	潰瘍	kuì yáng		ulcer	胃肠炎和溃疡的人群要远离这种腌制食物，否则会加重病情。	胃腸炎和潰瘍的人群要遠離這種醃製食物，否則會加重病情。	leipzig	zho_news_2020_300K:243753	胃肠炎和溃疡的人群要远离这种腌制食物，否则会加重病情。	CC-CEDICT	
288	3999_1	人群	人群	rén qún		crowd	胃肠炎和溃疡的人群要远离这种腌制食物，否则会加重病情。	胃腸炎和潰瘍的人群要遠離這種醃製食物，否則會加重病情。	leipzig	zho_news_2020_300K:243753	胃肠炎和溃疡的人群要远离这种腌制食物，否则会加重病情。	CC-CEDICT	
289	3999_1	远离	遠離	yuǎn lí		to be far from	胃肠炎和溃疡的人群要远离这种腌制食物，否则会加重病情。	胃腸炎和潰瘍的人群要遠離這種醃製食物，否則會加重病情。	leipzig	zho_news_2020_300K:243753	胃肠炎和溃疡的人群要远离这种腌制食物，否则会加重病情。	CC-CEDICT	
290	3999_1	加重	加重	jiā zhòng		to make heavier	胃肠炎和溃疡的人群要远离这种腌制食物，否则会加重病情。	胃腸炎和潰瘍的人群要遠離這種醃製食物，否則會加重病情。	leipzig	zho_news_2020_300K:243753	胃肠炎和溃疡的人群要远离这种腌制食物，否则会加重病情。	CC-CEDICT	
291	3999_1	病情	病情	bìng qíng		state of an illness	胃肠炎和溃疡的人群要远离这种腌制食物，否则会加重病情。	胃腸炎和潰瘍的人群要遠離這種醃製食物，否則會加重病情。	leipzig	zho_news_2020_300K:243753	胃肠炎和溃疡的人群要远离这种腌制食物，否则会加重病情。	CC-CEDICT	
292	4011_1	较大	較大	jiào dà		comparatively large	、泷水等较大支流汇入，水量大增；吉水到新干段，切穿武功山余脉，形成一较长的峡谷带。	、瀧水等較大支流匯入，水量大增；吉水到新幹段，切穿武功山餘脈，形成一較長的峽谷帶。	leipzig	zho_wikipedia_2018_1M:666436	、泷水等较大支流汇入，水量大增；吉水到新干段，切穿武功山余脉，形成一较长的峡谷带。	CC-CEDICT	
293	4011_1	支流	支流	zhī liú		tributary	、泷水等较大支流汇入，水量大增；吉水到新干段，切穿武功山余脉，形成一较长的峡谷带。	、瀧水等較大支流匯入，水量大增；吉水到新幹段，切穿武功山餘脈，形成一較長的峽谷帶。	leipzig	zho_wikipedia_2018_1M:666436	、泷水等较大支流汇入，水量大增；吉水到新干段，切穿武功山余脉，形成一较长的峡谷带。	CC-CEDICT	
294	4011_1	水量	水量	shuǐ liàng		volume of water	、泷水等较大支流汇入，水量大增；吉水到新干段，切穿武功山余脉，形成一较长的峡谷带。	、瀧水等較大支流匯入，水量大增；吉水到新幹段，切穿武功山餘脈，形成一較長的峽谷帶。	leipzig	zho_wikipedia_2018_1M:666436	、泷水等较大支流汇入，水量大增；吉水到新干段，切穿武功山余脉，形成一较长的峡谷带。	CC-CEDICT	
295	4011_1	吉水	吉水	jí shuǐ		Jishui	、泷水等较大支流汇入，水量大增；吉水到新干段，切穿武功山余脉，形成一较长的峡谷带。	、瀧水等較大支流匯入，水量大增；吉水到新幹段，切穿武功山餘脈，形成一較長的峽谷帶。	leipzig	zho_wikipedia_2018_1M:666436	、泷水等较大支流汇入，水量大增；吉水到新干段，切穿武功山余脉，形成一较长的峡谷带。	CC-CEDICT	
296	4011_1	武功	武功	wǔ gōng		martial art	、泷水等较大支流汇入，水量大增；吉水到新干段，切穿武功山余脉，形成一较长的峡谷带。	、瀧水等較大支流匯入，水量大增；吉水到新幹段，切穿武功山餘脈，形成一較長的峽谷帶。	leipzig	zho_wikipedia_2018_1M:666436	、泷水等较大支流汇入，水量大增；吉水到新干段，切穿武功山余脉，形成一较长的峡谷带。	CC-CEDICT	
297	4011_1	峡谷	峽谷	xiá gǔ		canyon	、泷水等较大支流汇入，水量大增；吉水到新干段，切穿武功山余脉，形成一较长的峡谷带。	、瀧水等較大支流匯入，水量大增；吉水到新幹段，切穿武功山餘脈，形成一較長的峽谷帶。	leipzig	zho_wikipedia_2018_1M:666436	、泷水等较大支流汇入，水量大增；吉水到新干段，切穿武功山余脉，形成一较长的峡谷带。	CC-CEDICT	
298	4012_1	这时	這時	zhè shí		at this time	这时泸州刚遭受过敌机洗劫，火光未息，一片废墟，惨不忍睹。	這時瀘州剛遭受過敵機洗劫，火光未息，一片廢墟，慘不忍睹。	leipzig	zho_news_2020_300K:275372	这时泸州刚遭受过敌机洗劫，火光未息，一片废墟，惨不忍睹。	CC-CEDICT	
299	4012_1	泸州	瀘州	lú zhōu		Luzhou	这时泸州刚遭受过敌机洗劫，火光未息，一片废墟，惨不忍睹。	這時瀘州剛遭受過敵機洗劫，火光未息，一片廢墟，慘不忍睹。	leipzig	zho_news_2020_300K:275372	这时泸州刚遭受过敌机洗劫，火光未息，一片废墟，惨不忍睹。	CC-CEDICT	
300	4012_1	洗劫	洗劫	xǐ jié		to loot	这时泸州刚遭受过敌机洗劫，火光未息，一片废墟，惨不忍睹。	這時瀘州剛遭受過敵機洗劫，火光未息，一片廢墟，慘不忍睹。	leipzig	zho_news_2020_300K:275372	这时泸州刚遭受过敌机洗劫，火光未息，一片废墟，惨不忍睹。	CC-CEDICT	
301	4012_1	火光	火光	huǒ guāng		flame	这时泸州刚遭受过敌机洗劫，火光未息，一片废墟，惨不忍睹。	這時瀘州剛遭受過敵機洗劫，火光未息，一片廢墟，慘不忍睹。	leipzig	zho_news_2020_300K:275372	这时泸州刚遭受过敌机洗劫，火光未息，一片废墟，惨不忍睹。	CC-CEDICT	
302	4017_1	水流	水流	shuǐ liú		river	泺水流经山东。	濼水流經山東。	preexisting			CC-CEDICT	
303	4017_1	山东	山東	shān dōng		Shandong	泺水流经山东。	濼水流經山東。	preexisting			CC-CEDICT	
304	4031_1	性情	性情	xìng qíng		nature	他的性情十分㤘。	他的性情十分㥮。	preexisting			CC-CEDICT	
305	4034_1	喜讯	喜訊	xǐ xùn		good news	闻此喜讯，众人皆怿。	聞此喜訊，眾人皆懌。	preexisting			CC-CEDICT	
306	4038_1	诓骗	誆騙	kuāng piàn		to defraud	诓骗表示一种动作。	誆騙表示一種動作。	authored	level-2/4038_1	诓骗表示一种动作。	CC-CEDICT	
307	4041_1	结党	結黨	jié dǎng		to form a clique	取中之，结党欺君，故上召对诘问。	取中之，結黨欺君，故上召對詰問。	leipzig	zho_wikipedia_2018_1M:280965	取中之，结党欺君，故上召对诘问。	CC-CEDICT	
308	4043_1	诙谐	詼諧	huī xié		humorous	汤姆具有诙谐的性格。	湯姆具有詼諧的性格。	tatoeba	13149133	湯姆具有詼諧的性格。	CC-CEDICT	
309	4043_1	性格	性格	xìng gé		nature	汤姆具有诙谐的性格。	湯姆具有詼諧的性格。	tatoeba	13149133	湯姆具有詼諧的性格。	CC-CEDICT	
310	4045_1	新任	新任	xīn rèn		newly-appointed	新任郓城县知县的姘头白秀英到郓城卖艺。	新任鄆城縣知縣的姘頭白秀英到鄆城賣藝。	leipzig	zho_wikipedia_2018_1M:556715	新任郓城县知县的姘头白秀英到郓城卖艺。	CC-CEDICT	
311	4045_1	姘头	姘頭	pīn tou	pīn tóu	lover	新任郓城县知县的姘头白秀英到郓城卖艺。	新任鄆城縣知縣的姘頭白秀英到鄆城賣藝。	leipzig	zho_wikipedia_2018_1M:556715	新任郓城县知县的姘头白秀英到郓城卖艺。	CC-CEDICT	Taiwan MOE Concise Dictionary
312	4051_1	诛杀	誅殺	zhū shā		to kill	继诛杀蒙氏兄弟之后，他们又将杀戮的矛头转向了秦国王室。	繼誅殺蒙氏兄弟之後，他們又將殺戮的矛頭轉向了秦國王室。	leipzig	zho_news_2020_300K:234738	继诛杀蒙氏兄弟之后，他们又将杀戮的矛头转向了秦国王室。	CC-CEDICT	
313	4051_1	兄弟	兄弟	xiōng dì		brothers	继诛杀蒙氏兄弟之后，他们又将杀戮的矛头转向了秦国王室。	繼誅殺蒙氏兄弟之後，他們又將殺戮的矛頭轉向了秦國王室。	leipzig	zho_news_2020_300K:234738	继诛杀蒙氏兄弟之后，他们又将杀戮的矛头转向了秦国王室。	CC-CEDICT	
314	4051_1	杀戮	殺戮	shā lù		to massacre	继诛杀蒙氏兄弟之后，他们又将杀戮的矛头转向了秦国王室。	繼誅殺蒙氏兄弟之後，他們又將殺戮的矛頭轉向了秦國王室。	leipzig	zho_news_2020_300K:234738	继诛杀蒙氏兄弟之后，他们又将杀戮的矛头转向了秦国王室。	CC-CEDICT	
315	4051_1	矛头	矛頭	máo tóu		spearhead	继诛杀蒙氏兄弟之后，他们又将杀戮的矛头转向了秦国王室。	繼誅殺蒙氏兄弟之後，他們又將殺戮的矛頭轉向了秦國王室。	leipzig	zho_news_2020_300K:234738	继诛杀蒙氏兄弟之后，他们又将杀戮的矛头转向了秦国王室。	CC-CEDICT	
316	4051_1	转向	轉向	zhuǎn xiàng		to change direction	继诛杀蒙氏兄弟之后，他们又将杀戮的矛头转向了秦国王室。	繼誅殺蒙氏兄弟之後，他們又將殺戮的矛頭轉向了秦國王室。	leipzig	zho_news_2020_300K:234738	继诛杀蒙氏兄弟之后，他们又将杀戮的矛头转向了秦国王室。	CC-CEDICT	
317	4051_1	秦国	秦國	qín guó		the state of Qin	继诛杀蒙氏兄弟之后，他们又将杀戮的矛头转向了秦国王室。	繼誅殺蒙氏兄弟之後，他們又將殺戮的矛頭轉向了秦國王室。	leipzig	zho_news_2020_300K:234738	继诛杀蒙氏兄弟之后，他们又将杀戮的矛头转向了秦国王室。	CC-CEDICT	
318	4051_1	王室	王室	wáng shì		royal family	继诛杀蒙氏兄弟之后，他们又将杀戮的矛头转向了秦国王室。	繼誅殺蒙氏兄弟之後，他們又將殺戮的矛頭轉向了秦國王室。	leipzig	zho_news_2020_300K:234738	继诛杀蒙氏兄弟之后，他们又将杀戮的矛头转向了秦国王室。	CC-CEDICT	
319	4052_1	丹桂	丹桂	dān guì		orange osmanthus	郤诜丹桂是一个较少见的词语。	郤詵丹桂是一個較少見的詞語。	authored	level-2/4052_1	郤诜丹桂是一个较少见的词语。	CC-CEDICT	
320	4053_1	出手	出手	chū shǒu		to dispose of	毕竟他们出手的话，实在是落人诟病。	畢竟他們出手的話，實在是落人詬病。	leipzig	zho_news_2020_300K:196195	毕竟他们出手的话，实在是落人诟病。	CC-CEDICT	
321	4054_1	电影	電影	diàn yǐng		movie	这部电影试图打破刻板印象，重新诠释何谓真正的男性特质。	這部電影試圖打破刻板印象，重新詮釋何謂真正的男性特質。	tatoeba	13233305	這部電影試圖打破刻板印象，重新詮釋何謂真正的男性特質。	CC-CEDICT	
322	4054_1	打破	打破	dǎ pò		to break	这部电影试图打破刻板印象，重新诠释何谓真正的男性特质。	這部電影試圖打破刻板印象，重新詮釋何謂真正的男性特質。	tatoeba	13233305	這部電影試圖打破刻板印象，重新詮釋何謂真正的男性特質。	CC-CEDICT	
323	4054_1	刻板	刻板	kè bǎn		stiff	这部电影试图打破刻板印象，重新诠释何谓真正的男性特质。	這部電影試圖打破刻板印象，重新詮釋何謂真正的男性特質。	tatoeba	13233305	這部電影試圖打破刻板印象，重新詮釋何謂真正的男性特質。	CC-CEDICT	
324	4054_1	诠释	詮釋	quán shì		to interpret	这部电影试图打破刻板印象，重新诠释何谓真正的男性特质。	這部電影試圖打破刻板印象，重新詮釋何謂真正的男性特質。	tatoeba	13233305	這部電影試圖打破刻板印象，重新詮釋何謂真正的男性特質。	CC-CEDICT	
325	4054_1	男性	男性	nán xìng		the male sex	这部电影试图打破刻板印象，重新诠释何谓真正的男性特质。	這部電影試圖打破刻板印象，重新詮釋何謂真正的男性特質。	tatoeba	13233305	這部電影試圖打破刻板印象，重新詮釋何謂真正的男性特質。	CC-CEDICT	
326	4055_1	钢琴	鋼琴	gāng qín		piano	虽然在钢琴上她的造诣不是很深，但是她勤而好学。	雖然在鋼琴上她的造詣不是很深，但是她勤而好學。	tatoeba	2432799	虽然在钢琴上她的造诣不是很深，但是她勤而好学。	CC-CEDICT	
327	4055_1	好学	好學	hǎo xué		easy to learn	虽然在钢琴上她的造诣不是很深，但是她勤而好学。	雖然在鋼琴上她的造詣不是很深，但是她勤而好學。	tatoeba	2432799	虽然在钢琴上她的造诣不是很深，但是她勤而好学。	CC-CEDICT	
328	4057_1	诧异	詫異	chà yì		flabbergasted	魏小明很诧异：“你怎么变得这么厉害！	魏小明很詫異：“你怎麼變得這麼厲害！	leipzig	zho_news_2020_300K:298601	魏小明很诧异：“你怎么变得这么厉害！	CC-CEDICT	
329	4058_1	扮演	扮演	bàn yǎn		to play the role of	，一般扮演插科打诨比较滑稽或貌不驚人的角色，	，一般扮演插科打諢比較滑稽或貌不驚人的角色，	leipzig	zho_wikipedia_2018_1M:48566	，一般扮演插科打诨比较滑稽或貌不驚人的角色，	CC-CEDICT	
330	4058_1	滑稽	滑稽	huá jī		comical	，一般扮演插科打诨比较滑稽或貌不驚人的角色，	，一般扮演插科打諢比較滑稽或貌不驚人的角色，	leipzig	zho_wikipedia_2018_1M:48566	，一般扮演插科打诨比较滑稽或貌不驚人的角色，	CC-CEDICT	
331	4059_1	似乎	似乎	sì hū		it seems	看来，我似乎也可自诩为“有足够多的人生历练积累”者了。	看來，我似乎也可自詡為“有足夠多的人生歷練積累”者了。	leipzig	zho_news_2020_300K:223548	看来，我似乎也可自诩为“有足够多的人生历练积累”者了。	CC-CEDICT	
332	4059_1	历练	歷練	lì liàn		to learn through experience	看来，我似乎也可自诩为“有足够多的人生历练积累”者了。	看來，我似乎也可自詡為“有足夠多的人生歷練積累”者了。	leipzig	zho_news_2020_300K:223548	看来，我似乎也可自诩为“有足够多的人生历练积累”者了。	CC-CEDICT	
333	4059_1	积累	積累	jī lěi		to accumulate	看来，我似乎也可自诩为“有足够多的人生历练积累”者了。	看來，我似乎也可自詡為“有足夠多的人生歷練積累”者了。	leipzig	zho_news_2020_300K:223548	看来，我似乎也可自诩为“有足够多的人生历练积累”者了。	CC-CEDICT	
334	4070_1	不如	不如	bù rú		not equal to	千里马用来拉磨或不如普通驽马，才尽其用、用当其时方可得“求才”始终，让人才发挥出其最大效能。	千里馬用來拉磨或不如普通駑馬，才盡其用、用當其時方可得“求才”始終，讓人才發揮出其最大效能。	leipzig	zho_news_2020_300K:75249	千里马用来拉磨或不如普通驽马，才尽其用、用当其时方可得“求才”始终，让人才发挥出其最大效能。	CC-CEDICT	
335	4070_1	普通	普通	pǔ tōng		common	千里马用来拉磨或不如普通驽马，才尽其用、用当其时方可得“求才”始终，让人才发挥出其最大效能。	千里馬用來拉磨或不如普通駑馬，才盡其用、用當其時方可得“求才”始終，讓人才發揮出其最大效能。	leipzig	zho_news_2020_300K:75249	千里马用来拉磨或不如普通驽马，才尽其用、用当其时方可得“求才”始终，让人才发挥出其最大效能。	CC-CEDICT	
336	4070_1	驽马	駑馬	nú mǎ		inferior horse	千里马用来拉磨或不如普通驽马，才尽其用、用当其时方可得“求才”始终，让人才发挥出其最大效能。	千里馬用來拉磨或不如普通駑馬，才盡其用、用當其時方可得“求才”始終，讓人才發揮出其最大效能。	leipzig	zho_news_2020_300K:75249	千里马用来拉磨或不如普通驽马，才尽其用、用当其时方可得“求才”始终，让人才发挥出其最大效能。	CC-CEDICT	
337	4070_1	求才	求才	qiú cái		to seek talented individuals	千里马用来拉磨或不如普通驽马，才尽其用、用当其时方可得“求才”始终，让人才发挥出其最大效能。	千里馬用來拉磨或不如普通駑馬，才盡其用、用當其時方可得“求才”始終，讓人才發揮出其最大效能。	leipzig	zho_news_2020_300K:75249	千里马用来拉磨或不如普通驽马，才尽其用、用当其时方可得“求才”始终，让人才发挥出其最大效能。	CC-CEDICT	
338	4070_1	发挥	發揮	fā huī		to display	千里马用来拉磨或不如普通驽马，才尽其用、用当其时方可得“求才”始终，让人才发挥出其最大效能。	千里馬用來拉磨或不如普通駑馬，才盡其用、用當其時方可得“求才”始終，讓人才發揮出其最大效能。	leipzig	zho_news_2020_300K:75249	千里马用来拉磨或不如普通驽马，才尽其用、用当其时方可得“求才”始终，让人才发挥出其最大效能。	CC-CEDICT	
339	4070_1	效能	效能	xiào néng		efficacy	千里马用来拉磨或不如普通驽马，才尽其用、用当其时方可得“求才”始终，让人才发挥出其最大效能。	千里馬用來拉磨或不如普通駑馬，才盡其用、用當其時方可得“求才”始終，讓人才發揮出其最大效能。	leipzig	zho_news_2020_300K:75249	千里马用来拉磨或不如普通驽马，才尽其用、用当其时方可得“求才”始终，让人才发挥出其最大效能。	CC-CEDICT	
340	4074_1	血压	血壓	xuè yā	xiě yā	blood pressure	将血压带 (或止血带) 套在手臂上，逐渐增加压力，直到前臂发绀，桡动脉搏动几乎消失。	將血壓帶 (或止血帶) 套在手臂上，逐漸增加壓力，直到前臂發紺，橈動脈搏動幾乎消失。	tatoeba	13573939	将血压带 (或止血带) 套在手臂上，逐渐增加压力，直到前臂发绀，桡动脉搏动几乎消失。	CC-CEDICT	Taiwan MOE Concise Dictionary
341	4074_1	止血	止血	zhǐ xuè	zhǐ xiě	to staunch	将血压带 (或止血带) 套在手臂上，逐渐增加压力，直到前臂发绀，桡动脉搏动几乎消失。	將血壓帶 (或止血帶) 套在手臂上，逐漸增加壓力，直到前臂發紺，橈動脈搏動幾乎消失。	tatoeba	13573939	将血压带 (或止血带) 套在手臂上，逐渐增加压力，直到前臂发绀，桡动脉搏动几乎消失。	CC-CEDICT	Taiwan MOE Concise Dictionary
342	4074_1	前臂	前臂	qián bì		forearm	将血压带 (或止血带) 套在手臂上，逐渐增加压力，直到前臂发绀，桡动脉搏动几乎消失。	將血壓帶 (或止血帶) 套在手臂上，逐漸增加壓力，直到前臂發紺，橈動脈搏動幾乎消失。	tatoeba	13573939	将血压带 (或止血带) 套在手臂上，逐渐增加压力，直到前臂发绀，桡动脉搏动几乎消失。	CC-CEDICT	
343	4074_1	动脉	動脈	dòng mài		artery	将血压带 (或止血带) 套在手臂上，逐渐增加压力，直到前臂发绀，桡动脉搏动几乎消失。	將血壓帶 (或止血帶) 套在手臂上，逐漸增加壓力，直到前臂發紺，橈動脈搏動幾乎消失。	tatoeba	13573939	将血压带 (或止血带) 套在手臂上，逐渐增加压力，直到前臂发绀，桡动脉搏动几乎消失。	CC-CEDICT	
344	4074_1	搏动	搏動	bó dòng		to beat rhythmically	将血压带 (或止血带) 套在手臂上，逐渐增加压力，直到前臂发绀，桡动脉搏动几乎消失。	將血壓帶 (或止血帶) 套在手臂上，逐漸增加壓力，直到前臂發紺，橈動脈搏動幾乎消失。	tatoeba	13573939	将血压带 (或止血带) 套在手臂上，逐渐增加压力，直到前臂发绀，桡动脉搏动几乎消失。	CC-CEDICT	
345	4074_1	几乎	幾乎	jī hū		almost	将血压带 (或止血带) 套在手臂上，逐渐增加压力，直到前臂发绀，桡动脉搏动几乎消失。	將血壓帶 (或止血帶) 套在手臂上，逐漸增加壓力，直到前臂發紺，橈動脈搏動幾乎消失。	tatoeba	13573939	将血压带 (或止血带) 套在手臂上，逐渐增加压力，直到前臂发绀，桡动脉搏动几乎消失。	CC-CEDICT	
346	4078_1	公主	公主	gōng zhǔ		princess	杨师道尚桂阳公主，拜驸马都尉。	楊師道尚桂陽公主，拜駙馬都尉。	leipzig	zho_news_2020_300K:185040	杨师道尚桂阳公主，拜驸马都尉。	CC-CEDICT	
347	4078_1	都尉	都尉	dū wèi		military rank	杨师道尚桂阳公主，拜驸马都尉。	楊師道尚桂陽公主，拜駙馬都尉。	leipzig	zho_news_2020_300K:185040	杨师道尚桂阳公主，拜驸马都尉。	CC-CEDICT	
348	4079_1	文绉绉	文縐縐	wén zhōu zhōu		bookish	文绉绉是一个较少见的词语。	文縐縐是一個較少見的詞語。	authored	level-2/4079_1	文绉绉是一个较少见的词语。	CC-CEDICT	
349	4080_1	庞然大物	龐然大物	páng rán dà wù		huge object	这些庞然大物的到来使机场上的其他飞机顿时相形见绌：	這些龐然大物的到來使機場上的其他飛機頓時相形見絀：	leipzig	zho_news_2020_300K:273137	这些庞然大物的到来使机场上的其他飞机顿时相形见绌：	CC-CEDICT	
350	4080_1	到来	到來	dào lái		to arrive	这些庞然大物的到来使机场上的其他飞机顿时相形见绌：	這些龐然大物的到來使機場上的其他飛機頓時相形見絀：	leipzig	zho_news_2020_300K:273137	这些庞然大物的到来使机场上的其他飞机顿时相形见绌：	CC-CEDICT	
351	4081_1	驿站	驛站	yì zhàn		relay station for post horses	这是中国的春节，也是中国的逐梦驿站。	這是中國的春節，也是中國的逐夢驛站。	leipzig	zho_news_2020_300K:275665	这是中国的春节，也是中国的逐梦驿站。	CC-CEDICT	
352	4087_1	花石	花石	huā shí		marble	这些雨花石晶莹圆润，玲珑剔透。	這些雨花石晶瑩圓潤，玲瓏剔透。	leipzig	zho_news_2020_300K:273535	这些雨花石晶莹圆润，玲珑剔透。	CC-CEDICT	
353	4087_1	玲珑	玲瓏	líng lóng		clink of jewels	这些雨花石晶莹圆润，玲珑剔透。	這些雨花石晶瑩圓潤，玲瓏剔透。	leipzig	zho_news_2020_300K:273535	这些雨花石晶莹圆润，玲珑剔透。	CC-CEDICT	
354	4094_1	松山	鬆山	sōng shān		Matsuyama	参加过松山、阴登山、大垭口战役及滇西收复战役。	參加過鬆山、陰登山、大埡口戰役及滇西收復戰役。	leipzig	zho_news_2020_300K:79241	参加过松山、阴登山、大垭口战役及滇西收复战役。	CC-CEDICT	
355	4094_1	登山	登山	dēng shān		to climb a mountain	参加过松山、阴登山、大垭口战役及滇西收复战役。	參加過鬆山、陰登山、大埡口戰役及滇西收復戰役。	leipzig	zho_news_2020_300K:79241	参加过松山、阴登山、大垭口战役及滇西收复战役。	CC-CEDICT	
356	4094_1	收复	收復	shōu fù		to recover	参加过松山、阴登山、大垭口战役及滇西收复战役。	參加過鬆山、陰登山、大埡口戰役及滇西收復戰役。	leipzig	zho_news_2020_300K:79241	参加过松山、阴登山、大垭口战役及滇西收复战役。	CC-CEDICT	
357	4097_1	鞭挞	鞭撻	biān tà		to lash	它会鞭挞着我，成为一个优秀的人民教师。	它會鞭撻著我，成為一個優秀的人民教師。	leipzig	zho_news_2020_300K:122466	它会鞭挞着我，成为一个优秀的人民教师。	CC-CEDICT	
358	4097_1	教师	教師	jiào shī		teacher	它会鞭挞着我，成为一个优秀的人民教师。	它會鞭撻著我，成為一個優秀的人民教師。	leipzig	zho_news_2020_300K:122466	它会鞭挞着我，成为一个优秀的人民教师。	CC-CEDICT	
359	4100_1	医学	醫學	yī xué		medicine	贲门是一个医学词语。	賁門是一個醫學詞語。	authored	level-2/4100_1	贲门是一个医学词语。	CC-CEDICT	
360	4101_1	修好	修好	xiū hǎo		to repair	农民修好垱来引水。	農民修好壋來引水。	preexisting			CC-CEDICT	
361	4101_1	引水	引水	yǐn shuǐ		to pilot a ship	农民修好垱来引水。	農民修好壋來引水。	preexisting			CC-CEDICT	
362	4109_1	荚果	莢果	jiá guǒ		seed pod	荚果的形状、大小及荚瓣质地变化很大。	莢果的形狀、大小及莢瓣質地變化很大。	leipzig	zho_wikipedia_2018_1M:840575	荚果的形状、大小及荚瓣质地变化很大。	CC-CEDICT	
363	4109_1	形状	形狀	xíng zhuàng		form	荚果的形状、大小及荚瓣质地变化很大。	莢果的形狀、大小及莢瓣質地變化很大。	leipzig	zho_wikipedia_2018_1M:840575	荚果的形状、大小及荚瓣质地变化很大。	CC-CEDICT	
364	4109_1	质地	質地	zhì dì	zhí dì	texture	荚果的形状、大小及荚瓣质地变化很大。	莢果的形狀、大小及莢瓣質地變化很大。	leipzig	zho_wikipedia_2018_1M:840575	荚果的形状、大小及荚瓣质地变化很大。	CC-CEDICT	Taiwan MOE Concise Dictionary
365	4112_1	蓬荜	蓬蓽	péng bì		poor person's house	蓬荜是一个较少见的词语。	蓬蓽是一個較少見的詞語。	authored	level-2/4112_1	蓬荜是一个较少见的词语。	CC-CEDICT	
366	4118_1	山区	山區	shān qū		mountain area	，山区白族多食粗粮，比如玉米、荞麦。	，山區白族多食粗糧，比如玉米、蕎麥。	leipzig	zho_wikipedia_2018_1M:463930	，山区白族多食粗粮，比如玉米、荞麦。	CC-CEDICT	
367	4118_1	白族	白族	bái zú		Bai ethnic group	，山区白族多食粗粮，比如玉米、荞麦。	，山區白族多食粗糧，比如玉米、蕎麥。	leipzig	zho_wikipedia_2018_1M:463930	，山区白族多食粗粮，比如玉米、荞麦。	CC-CEDICT	
368	4118_1	粗粮	粗糧	cū liáng		coarse grains	，山区白族多食粗粮，比如玉米、荞麦。	，山區白族多食粗糧，比如玉米、蕎麥。	leipzig	zho_wikipedia_2018_1M:463930	，山区白族多食粗粮，比如玉米、荞麦。	CC-CEDICT	
369	4118_1	比如	比如	bǐ rú		for example	，山区白族多食粗粮，比如玉米、荞麦。	，山區白族多食粗糧，比如玉米、蕎麥。	leipzig	zho_wikipedia_2018_1M:463930	，山区白族多食粗粮，比如玉米、荞麦。	CC-CEDICT	
370	4118_1	玉米	玉米	yù mǐ		corn	，山区白族多食粗粮，比如玉米、荞麦。	，山區白族多食粗糧，比如玉米、蕎麥。	leipzig	zho_wikipedia_2018_1M:463930	，山区白族多食粗粮，比如玉米、荞麦。	CC-CEDICT	
371	4118_1	荞麦	蕎麥	qiáo mài		buckwheat	，山区白族多食粗粮，比如玉米、荞麦。	，山區白族多食粗糧，比如玉米、蕎麥。	leipzig	zho_wikipedia_2018_1M:463930	，山区白族多食粗粮，比如玉米、荞麦。	CC-CEDICT	
372	4123_1	通江	通江	tōng jiāng		to connect to a river	承东启西、接南济北、通江达海、人文荟萃。	承東啟西、接南濟北、通江達海、人文薈萃。	leipzig	zho_news_2020_300K:157252	承东启西、接南济北、通江达海、人文荟萃。	CC-CEDICT	
373	4123_1	人文	人文	rén wén		humanities	承东启西、接南济北、通江达海、人文荟萃。	承東啟西、接南濟北、通江達海、人文薈萃。	leipzig	zho_news_2020_300K:157252	承东启西、接南济北、通江达海、人文荟萃。	CC-CEDICT	
374	4123_1	荟萃	薈萃	huì cuì		to gather	承东启西、接南济北、通江达海、人文荟萃。	承東啟西、接南濟北、通江達海、人文薈萃。	leipzig	zho_news_2020_300K:157252	承东启西、接南济北、通江达海、人文荟萃。	CC-CEDICT	
375	4126_1	荸荠	荸薺	bí qí		Chinese water chestnut	荸荠又甜又脆，可以生吃也可以煮吃。	荸薺又甜又脆，可以生吃也可以煮吃。	leipzig	zho_news_2020_300K:248944	荸荠又甜又脆，可以生吃也可以煮吃。	CC-CEDICT	
376	4126_1	生吃	生吃	shēng chī		to eat raw	荸荠又甜又脆，可以生吃也可以煮吃。	荸薺又甜又脆，可以生吃也可以煮吃。	leipzig	zho_news_2020_300K:248944	荸荠又甜又脆，可以生吃也可以煮吃。	CC-CEDICT	
377	4129_1	中生代	中生代	zhōng shēng dài		the middle generation	食虫性动物在中生代上白垩纪地层中就已出现。	食蟲性動物在中生代上白堊紀地層中就已出現。	leipzig	zho_wikipedia_2018_1M:984753	食虫性动物在中生代上白垩纪地层中就已出现。	CC-CEDICT	
378	4129_1	白垩纪	白堊紀	bái è jì		Cretaceous	食虫性动物在中生代上白垩纪地层中就已出现。	食蟲性動物在中生代上白堊紀地層中就已出現。	leipzig	zho_wikipedia_2018_1M:984753	食虫性动物在中生代上白垩纪地层中就已出现。	CC-CEDICT	
379	4129_1	地层	地層	dì céng		stratum	食虫性动物在中生代上白垩纪地层中就已出现。	食蟲性動物在中生代上白堊紀地層中就已出現。	leipzig	zho_wikipedia_2018_1M:984753	食虫性动物在中生代上白垩纪地层中就已出现。	CC-CEDICT	
380	4130_1	荥阳	滎陽	xíng yáng		Xingyang	山径绕秋江，胜览幽芳，扶贫政策进荥阳。	山徑繞秋江，勝覽幽芳，扶貧政策進滎陽。	leipzig	zho_news_2020_300K:131604	山径绕秋江，胜览幽芳，扶贫政策进荥阳。	CC-CEDICT	
381	4131_1	确是	确是	què shì		certainly	荦确是一个较少见的词语。	犖确是一個較少見的詞語。	authored	level-2/4131_1	荦确是一个较少见的词语。	CC-CEDICT	
382	4132_1	睡醒	睡醒	shuì xǐng		to wake up	睡醒后在镜子前坐定，她才发现，原来红肿的地方，长出了像荨麻疹似的水肿性团块，还溃烂了。	睡醒後在鏡子前坐定，她才發現，原來紅腫的地方，長出了像蕁麻疹似的水腫性團塊，還潰爛了。	leipzig	zho_news_2020_300K:224315	睡醒后在镜子前坐定，她才发现，原来红肿的地方，长出了像荨麻疹似的水肿性团块，还溃烂了。	CC-CEDICT	
383	4132_1	镜子	鏡子	jìng zi		mirror	睡醒后在镜子前坐定，她才发现，原来红肿的地方，长出了像荨麻疹似的水肿性团块，还溃烂了。	睡醒後在鏡子前坐定，她才發現，原來紅腫的地方，長出了像蕁麻疹似的水腫性團塊，還潰爛了。	leipzig	zho_news_2020_300K:224315	睡醒后在镜子前坐定，她才发现，原来红肿的地方，长出了像荨麻疹似的水肿性团块，还溃烂了。	CC-CEDICT	
384	4132_1	坐定	坐定	zuò dìng		to be seated	睡醒后在镜子前坐定，她才发现，原来红肿的地方，长出了像荨麻疹似的水肿性团块，还溃烂了。	睡醒後在鏡子前坐定，她才發現，原來紅腫的地方，長出了像蕁麻疹似的水腫性團塊，還潰爛了。	leipzig	zho_news_2020_300K:224315	睡醒后在镜子前坐定，她才发现，原来红肿的地方，长出了像荨麻疹似的水肿性团块，还溃烂了。	CC-CEDICT	
385	4132_1	原来	原來	yuán lái		original	睡醒后在镜子前坐定，她才发现，原来红肿的地方，长出了像荨麻疹似的水肿性团块，还溃烂了。	睡醒後在鏡子前坐定，她才發現，原來紅腫的地方，長出了像蕁麻疹似的水腫性團塊，還潰爛了。	leipzig	zho_news_2020_300K:224315	睡醒后在镜子前坐定，她才发现，原来红肿的地方，长出了像荨麻疹似的水肿性团块，还溃烂了。	CC-CEDICT	
386	4132_1	红肿	紅腫	hóng zhǒng		inflamed	睡醒后在镜子前坐定，她才发现，原来红肿的地方，长出了像荨麻疹似的水肿性团块，还溃烂了。	睡醒後在鏡子前坐定，她才發現，原來紅腫的地方，長出了像蕁麻疹似的水腫性團塊，還潰爛了。	leipzig	zho_news_2020_300K:224315	睡醒后在镜子前坐定，她才发现，原来红肿的地方，长出了像荨麻疹似的水肿性团块，还溃烂了。	CC-CEDICT	
387	4132_1	荨麻疹	蕁麻疹	xún má zhěn		urticaria	睡醒后在镜子前坐定，她才发现，原来红肿的地方，长出了像荨麻疹似的水肿性团块，还溃烂了。	睡醒後在鏡子前坐定，她才發現，原來紅腫的地方，長出了像蕁麻疹似的水腫性團塊，還潰爛了。	leipzig	zho_news_2020_300K:224315	睡醒后在镜子前坐定，她才发现，原来红肿的地方，长出了像荨麻疹似的水肿性团块，还溃烂了。	CC-CEDICT	
388	4132_1	似的	似的	shì de	sì de	seems as if	睡醒后在镜子前坐定，她才发现，原来红肿的地方，长出了像荨麻疹似的水肿性团块，还溃烂了。	睡醒後在鏡子前坐定，她才發現，原來紅腫的地方，長出了像蕁麻疹似的水腫性團塊，還潰爛了。	leipzig	zho_news_2020_300K:224315	睡醒后在镜子前坐定，她才发现，原来红肿的地方，长出了像荨麻疹似的水肿性团块，还溃烂了。	CC-CEDICT	CC-CEDICT Taiwan pronunciation
389	4132_1	水肿	水腫	shuǐ zhǒng		to suffer from edema	睡醒后在镜子前坐定，她才发现，原来红肿的地方，长出了像荨麻疹似的水肿性团块，还溃烂了。	睡醒後在鏡子前坐定，她才發現，原來紅腫的地方，長出了像蕁麻疹似的水腫性團塊，還潰爛了。	leipzig	zho_news_2020_300K:224315	睡醒后在镜子前坐定，她才发现，原来红肿的地方，长出了像荨麻疹似的水肿性团块，还溃烂了。	CC-CEDICT	
390	4132_1	溃烂	潰爛	kuì làn		to fester	睡醒后在镜子前坐定，她才发现，原来红肿的地方，长出了像荨麻疹似的水肿性团块，还溃烂了。	睡醒後在鏡子前坐定，她才發現，原來紅腫的地方，長出了像蕁麻疹似的水腫性團塊，還潰爛了。	leipzig	zho_news_2020_300K:224315	睡醒后在镜子前坐定，她才发现，原来红肿的地方，长出了像荨麻疹似的水肿性团块，还溃烂了。	CC-CEDICT	
391	4133_1	草书	草書	cǎo shū		grass script	本草书中记载了荩。	本草書中記載了藎。	preexisting			CC-CEDICT	
392	4140_1	屋宇	屋宇	wū yǔ		house	镇内屋宇鳞次栉比，人口在5万以上。	鎮內屋宇鱗次櫛比，人口在5萬以上。	leipzig	zho_news_2020_300K:286819	镇内屋宇鳞次栉比，人口在5万以上。	CC-CEDICT	
393	4140_1	栉比	櫛比	zhì bǐ		lined up close	镇内屋宇鳞次栉比，人口在5万以上。	鎮內屋宇鱗次櫛比，人口在5萬以上。	leipzig	zho_news_2020_300K:286819	镇内屋宇鳞次栉比，人口在5万以上。	CC-CEDICT	
394	4140_1	以上	以上	yǐ shàng		that level or higher	镇内屋宇鳞次栉比，人口在5万以上。	鎮內屋宇鱗次櫛比，人口在5萬以上。	leipzig	zho_news_2020_300K:286819	镇内屋宇鳞次栉比，人口在5万以上。	CC-CEDICT	
395	4143_1	黄昏	黃昏	huáng hūn		dusk	梯横画阁黄昏后，又还是、斜月帘栊。	梯橫畫閣黃昏後，又還是、斜月簾櫳。	leipzig	zho_wikipedia_2018_1M:624252	梯横画阁黄昏后，又还是、斜月帘栊。	CC-CEDICT	
396	4146_1	罕见	罕見	hǎn jiàn		rare	黄栌数株，高逾五米，径粗数寸，冠盖亭亭，处草滩中，殊为罕见。	黃櫨數株，高逾五米，徑粗數寸，冠蓋亭亭，處草灘中，殊為罕見。	leipzig	zho_news_2020_300K:299477	黄栌数株，高逾五米，径粗数寸，冠盖亭亭，处草滩中，殊为罕见。	CC-CEDICT	
397	4155_1	盛产	盛產	shèng chǎn		to produce in abundance	全洲盛产红木、黑檀木、花梨木、柯巴树、乌木、樟树、栲树、胡桃木、黄漆木、栓皮栎等经济林木。	全洲盛產紅木、黑檀木、花梨木、柯巴樹、烏木、樟樹、栲樹、胡桃木、黃漆木、栓皮櫟等經濟林木。	leipzig	zho_wikipedia_2018_1M:207885	全洲盛产红木、黑檀木、花梨木、柯巴树、乌木、樟树、栲树、胡桃木、黄漆木、栓皮栎等经济林木。	CC-CEDICT	
398	4155_1	乌木	烏木	wū mù		ebony	全洲盛产红木、黑檀木、花梨木、柯巴树、乌木、樟树、栲树、胡桃木、黄漆木、栓皮栎等经济林木。	全洲盛產紅木、黑檀木、花梨木、柯巴樹、烏木、樟樹、栲樹、胡桃木、黃漆木、栓皮櫟等經濟林木。	leipzig	zho_wikipedia_2018_1M:207885	全洲盛产红木、黑檀木、花梨木、柯巴树、乌木、樟树、栲树、胡桃木、黄漆木、栓皮栎等经济林木。	CC-CEDICT	
399	4155_1	樟树	樟樹	zhāng shù		camphor	全洲盛产红木、黑檀木、花梨木、柯巴树、乌木、樟树、栲树、胡桃木、黄漆木、栓皮栎等经济林木。	全洲盛產紅木、黑檀木、花梨木、柯巴樹、烏木、樟樹、栲樹、胡桃木、黃漆木、栓皮櫟等經濟林木。	leipzig	zho_wikipedia_2018_1M:207885	全洲盛产红木、黑檀木、花梨木、柯巴树、乌木、樟树、栲树、胡桃木、黄漆木、栓皮栎等经济林木。	CC-CEDICT	
400	4155_1	胡桃	胡桃	hú táo		walnut	全洲盛产红木、黑檀木、花梨木、柯巴树、乌木、樟树、栲树、胡桃木、黄漆木、栓皮栎等经济林木。	全洲盛產紅木、黑檀木、花梨木、柯巴樹、烏木、樟樹、栲樹、胡桃木、黃漆木、栓皮櫟等經濟林木。	leipzig	zho_wikipedia_2018_1M:207885	全洲盛产红木、黑檀木、花梨木、柯巴树、乌木、樟树、栲树、胡桃木、黄漆木、栓皮栎等经济林木。	CC-CEDICT	
401	4155_1	林木	林木	lín mù		forest	全洲盛产红木、黑檀木、花梨木、柯巴树、乌木、樟树、栲树、胡桃木、黄漆木、栓皮栎等经济林木。	全洲盛產紅木、黑檀木、花梨木、柯巴樹、烏木、樟樹、栲樹、胡桃木、黃漆木、栓皮櫟等經濟林木。	leipzig	zho_wikipedia_2018_1M:207885	全洲盛产红木、黑檀木、花梨木、柯巴树、乌木、樟树、栲树、胡桃木、黄漆木、栓皮栎等经济林木。	CC-CEDICT	
402	4163_1	北魏	北魏	běi wèi		Wei of the Northern Dynasties	北魏郦道元作《水经注，大辽水》引《博物志》也记载说：”魏武于马上逢狮子、使格之，杀伤甚众。	北魏酈道元作《水經注，大遼水》引《博物志》也記載說：”魏武於馬上逢獅子、使格之，殺傷甚眾。	leipzig	zho_news_2020_300K:74488	北魏郦道元作《水经注，大辽水》引《博物志》也记载说：”魏武于马上逢狮子、使格之，杀伤甚众。	CC-CEDICT	
403	4175_1	主流	主流	zhǔ liú		main stream	，中国大陆主流媒体在批判赵紫阳的同时，对《河殇》也进行了抨击。	，中國大陸主流媒體在批判趙紫陽的同時，對《河殤》也進行了抨擊。	leipzig	zho_wikipedia_2018_1M:82109	，中国大陆主流媒体在批判赵紫阳的同时，对《河殇》也进行了抨击。	CC-CEDICT	
404	4175_1	媒体	媒體	méi tǐ		media	，中国大陆主流媒体在批判赵紫阳的同时，对《河殇》也进行了抨击。	，中國大陸主流媒體在批判趙紫陽的同時，對《河殤》也進行了抨擊。	leipzig	zho_wikipedia_2018_1M:82109	，中国大陆主流媒体在批判赵紫阳的同时，对《河殇》也进行了抨击。	CC-CEDICT	
405	4175_1	批判	批判	pī pàn		to criticize	，中国大陆主流媒体在批判赵紫阳的同时，对《河殇》也进行了抨击。	，中國大陸主流媒體在批判趙紫陽的同時，對《河殤》也進行了抨擊。	leipzig	zho_wikipedia_2018_1M:82109	，中国大陆主流媒体在批判赵紫阳的同时，对《河殇》也进行了抨击。	CC-CEDICT	
406	4175_1	紫阳	紫陽	zǐ yáng		Ziyang (given name)	，中国大陆主流媒体在批判赵紫阳的同时，对《河殇》也进行了抨击。	，中國大陸主流媒體在批判趙紫陽的同時，對《河殤》也進行了抨擊。	leipzig	zho_wikipedia_2018_1M:82109	，中国大陆主流媒体在批判赵紫阳的同时，对《河殇》也进行了抨击。	CC-CEDICT	
407	4175_1	同时	同時	tóng shí		at the same time	，中国大陆主流媒体在批判赵紫阳的同时，对《河殇》也进行了抨击。	，中國大陸主流媒體在批判趙紫陽的同時，對《河殤》也進行了抨擊。	leipzig	zho_wikipedia_2018_1M:82109	，中国大陆主流媒体在批判赵紫阳的同时，对《河殇》也进行了抨击。	CC-CEDICT	
408	4175_1	抨击	抨擊	pēng jī	pēng jí	to attack	，中国大陆主流媒体在批判赵紫阳的同时，对《河殇》也进行了抨击。	，中國大陸主流媒體在批判趙紫陽的同時，對《河殤》也進行了抨擊。	leipzig	zho_wikipedia_2018_1M:82109	，中国大陆主流媒体在批判赵紫阳的同时，对《河殇》也进行了抨击。	CC-CEDICT	Taiwan MOE Concise Dictionary
409	4179_1	司马迁	司馬遷	sī mǎ qiān		Sima Qian	其中，司马迁细致描写了荆轲刺杀秦王的故事。	其中，司馬遷細緻描寫了荊軻刺殺秦王的故事。	leipzig	zho_news_2020_300K:64229	其中，司马迁细致描写了荆轲刺杀秦王的故事。	CC-CEDICT	
410	4179_1	荆轲	荊軻	jīng kē		Jing Ke	其中，司马迁细致描写了荆轲刺杀秦王的故事。	其中，司馬遷細緻描寫了荊軻刺殺秦王的故事。	leipzig	zho_news_2020_300K:64229	其中，司马迁细致描写了荆轲刺杀秦王的故事。	CC-CEDICT	
411	4179_1	刺杀	刺殺	cì shā		to assassinate	其中，司马迁细致描写了荆轲刺杀秦王的故事。	其中，司馬遷細緻描寫了荊軻刺殺秦王的故事。	leipzig	zho_news_2020_300K:64229	其中，司马迁细致描写了荆轲刺杀秦王的故事。	CC-CEDICT	
412	4183_1	蜻蜓	蜻蜓	qīng tíng		dragonfly	水虿是蜻蜓的幼虫。	水蠆是蜻蜓的幼蟲。	authored	level-2/4183_1	水虿是蜻蜓的幼虫。	CC-CEDICT	
413	4183_1	幼虫	幼蟲	yòu chóng		larva	水虿是蜻蜓的幼虫。	水蠆是蜻蜓的幼蟲。	authored	level-2/4183_1	水虿是蜻蜓的幼虫。	CC-CEDICT	
414	4216_1	俗称	俗稱	sú chēng		commonly referred to as	凌遲或磔刑，俗称千刀万剐，碎尸万段，	凌遲或磔刑，俗稱千刀萬剮，碎屍萬段，	leipzig	zho_wikipedia_2018_1M:234991	凌遲或磔刑，俗称千刀万剐，碎尸万段，	CC-CEDICT	
415	4216_1	千刀万剐	千刀萬剮	qiān dāo wàn guǎ		to hack to pieces	凌遲或磔刑，俗称千刀万剐，碎尸万段，	凌遲或磔刑，俗稱千刀萬剮，碎屍萬段，	leipzig	zho_wikipedia_2018_1M:234991	凌遲或磔刑，俗称千刀万剐，碎尸万段，	CC-CEDICT	
416	4216_1	碎尸万段	碎屍萬段	suì shī wàn duàn		to cut up sb's body into thousands of pieces	凌遲或磔刑，俗称千刀万剐，碎尸万段，	凌遲或磔刑，俗稱千刀萬剮，碎屍萬段，	leipzig	zho_wikipedia_2018_1M:234991	凌遲或磔刑，俗称千刀万剐，碎尸万段，	CC-CEDICT	
417	4217_1	改称	改稱	gǎi chēng		to change a name	，改称郧阳专区，郧阳县改为郧县，郧阳专署驻郧县；	，改稱鄖陽專區，鄖陽縣改為鄖縣，鄖陽專署駐鄖縣；	leipzig	zho_wikipedia_2018_1M:547086	，改称郧阳专区，郧阳县改为郧县，郧阳专署驻郧县；	CC-CEDICT	
418	4227_1	来着	來著	lái zhe		auxiliary showing sth happened in the past	你咕咕哝哝的来着。	你咕咕噥噥的來著。	tatoeba	7781719	你咕咕哝哝的来着。	CC-CEDICT	
419	4233_1	仅仅	僅僅	jǐn jǐn		barely	初识《鲤鱼》，仅仅是觉得装帧还算不错。	初識《鯉魚》，僅僅是覺得裝幀還算不錯。	leipzig	zho_news_2020_300K:69417	初识《鲤鱼》，仅仅是觉得装帧还算不错。	CC-CEDICT	
420	4233_1	不错	不錯	bù cuò		correct	初识《鲤鱼》，仅仅是觉得装帧还算不错。	初識《鯉魚》，僅僅是覺得裝幀還算不錯。	leipzig	zho_news_2020_300K:69417	初识《鲤鱼》，仅仅是觉得装帧还算不错。	CC-CEDICT	
421	4239_1	元素	元素	yuán sù		element	钚后元素是一种材料或化学物质。	鈈後元素是一種材料或化學物質。	authored	level-2/4239_1	钚后元素是一种材料或化学物质。	CC-CEDICT	
422	4241_1	硫酸	硫酸	liú suān		sulfuric acid	硫酸钡作为一种不溶的重添加剂被加进钻井液中，	硫酸鋇作為一種不溶的重新增劑被加進鑽井液中，	leipzig	zho_wikipedia_2018_1M:756361	硫酸钡作为一种不溶的重添加剂被加进钻井液中，	CC-CEDICT	
423	4241_1	不溶	不溶	bù róng		insoluble	硫酸钡作为一种不溶的重添加剂被加进钻井液中，	硫酸鋇作為一種不溶的重新增劑被加進鑽井液中，	leipzig	zho_wikipedia_2018_1M:756361	硫酸钡作为一种不溶的重添加剂被加进钻井液中，	CC-CEDICT	
424	4241_1	添加	新增	tiān jiā		to add	硫酸钡作为一种不溶的重添加剂被加进钻井液中，	硫酸鋇作為一種不溶的重新增劑被加進鑽井液中，	leipzig	zho_wikipedia_2018_1M:756361	硫酸钡作为一种不溶的重添加剂被加进钻井液中，	CC-CEDICT	
425	4241_1	钻井	鑽井	zuān jǐng		to drill	硫酸钡作为一种不溶的重添加剂被加进钻井液中，	硫酸鋇作為一種不溶的重新增劑被加進鑽井液中，	leipzig	zho_wikipedia_2018_1M:756361	硫酸钡作为一种不溶的重添加剂被加进钻井液中，	CC-CEDICT	
426	4242_1	得益	得益	dé yì		to derive benefit	此外，得益于钣金上的处理，车尾层次感十足。	此外，得益於鈑金上的處理，車尾層次感十足。	leipzig	zho_news_2020_300K:192314	此外，得益于钣金上的处理，车尾层次感十足。	CC-CEDICT	
427	4242_1	层次	層次	céng cì		layer	此外，得益于钣金上的处理，车尾层次感十足。	此外，得益於鈑金上的處理，車尾層次感十足。	leipzig	zho_news_2020_300K:192314	此外，得益于钣金上的处理，车尾层次感十足。	CC-CEDICT	
428	4243_1	代理	代理	dài lǐ		to act as an agent or proxy	朱启钤曾官至代理中华民国国务总理，	朱啓鈐曾官至代理中華民國國務總理，	leipzig	zho_wikipedia_2018_1M:606119	朱启钤曾官至代理中华民国国务总理，	CC-CEDICT	
429	4244_1	全世界	全世界	quán shì jiè		worldwide	全世界钨的贮藏总量估计为700万吨，其中约30%是黑钨矿，70%是白钨矿。	全世界鎢的貯藏總量估計為700萬噸，其中約30%是黑鎢礦，70%是白鎢礦。	leipzig	zho_wikipedia_2018_1M:205897	全世界钨的贮藏总量估计为700万吨，其中约30%是黑钨矿，70%是白钨矿。	CC-CEDICT	
430	4244_1	总量	總量	zǒng liàng		total	全世界钨的贮藏总量估计为700万吨，其中约30%是黑钨矿，70%是白钨矿。	全世界鎢的貯藏總量估計為700萬噸，其中約30%是黑鎢礦，70%是白鎢礦。	leipzig	zho_wikipedia_2018_1M:205897	全世界钨的贮藏总量估计为700万吨，其中约30%是黑钨矿，70%是白钨矿。	CC-CEDICT	
431	4255_1	事物	事物	shì wù		thing	事物皆有两面。笃信者只见其一。	事物皆有兩面。篤信者只見其一。	tatoeba	7681046	事物皆有兩面。篤信者只見其一。	CC-CEDICT	
432	4255_1	其一	其一	qí yī		one of the given	事物皆有两面。笃信者只见其一。	事物皆有兩面。篤信者只見其一。	tatoeba	7681046	事物皆有兩面。篤信者只見其一。	CC-CEDICT	
433	4257_1	背后	背後	bèi hòu		behind	可在逆袭背后，俨然存在许多问题。	可在逆襲背後，儼然存在許多問題。	leipzig	zho_news_2020_300K:84892	可在逆袭背后，俨然存在许多问题。	CC-CEDICT	
434	4257_1	俨然	儼然	yǎn rán		just like	可在逆袭背后，俨然存在许多问题。	可在逆襲背後，儼然存在許多問題。	leipzig	zho_news_2020_300K:84892	可在逆袭背后，俨然存在许多问题。	CC-CEDICT	
435	4259_1	鲁山	魯山	lǔ shān		Lushan	这对革命伉俪都曾在鲁山战斗、生活过，与这里结下了不解之缘。	這對革命伉儷都曾在魯山戰鬥、生活過，與這裡結下了不解之緣。	leipzig	zho_news_2020_300K:274544	这对革命伉俪都曾在鲁山战斗、生活过，与这里结下了不解之缘。	CC-CEDICT	
436	4259_1	战斗	戰鬥	zhàn dòu		to fight	这对革命伉俪都曾在鲁山战斗、生活过，与这里结下了不解之缘。	這對革命伉儷都曾在魯山戰鬥、生活過，與這裡結下了不解之緣。	leipzig	zho_news_2020_300K:274544	这对革命伉俪都曾在鲁山战斗、生活过，与这里结下了不解之缘。	CC-CEDICT	
437	4259_1	不解	不解	bù jiě		to not understand	这对革命伉俪都曾在鲁山战斗、生活过，与这里结下了不解之缘。	這對革命伉儷都曾在魯山戰鬥、生活過，與這裡結下了不解之緣。	leipzig	zho_news_2020_300K:274544	这对革命伉俪都曾在鲁山战斗、生活过，与这里结下了不解之缘。	CC-CEDICT	
438	4279_1	蛋白	蛋白	dàn bái		egg white	蛋白胨是一种材料或化学物质。	蛋白腖是一種材料或化學物質。	authored	level-2/4279_1	蛋白胨是一种材料或化学物质。	CC-CEDICT	
439	4280_1	以来	以來	yǐ lái		since	秦汉以来中央政府就设有掌管对外的机构和官员，如秦汉的典客、大鸿胪，魏晋隋唐以后的鸿胪寺、礼宾院。	秦漢以來中央政府就設有掌管對外的機構和官員，如秦漢的典客、大鴻臚，魏晉隋唐以後的鴻臚寺、禮賓院。	leipzig	zho_news_2020_300K:226607	秦汉以来中央政府就设有掌管对外的机构和官员，如秦汉的典客、大鸿胪，魏晋隋唐以后的鸿胪寺、礼宾院。	CC-CEDICT	
440	4280_1	对外	對外	duì wài		external	秦汉以来中央政府就设有掌管对外的机构和官员，如秦汉的典客、大鸿胪，魏晋隋唐以后的鸿胪寺、礼宾院。	秦漢以來中央政府就設有掌管對外的機構和官員，如秦漢的典客、大鴻臚，魏晉隋唐以後的鴻臚寺、禮賓院。	leipzig	zho_news_2020_300K:226607	秦汉以来中央政府就设有掌管对外的机构和官员，如秦汉的典客、大鸿胪，魏晋隋唐以后的鸿胪寺、礼宾院。	CC-CEDICT	
441	4280_1	官员	官員	guān yuán		official	秦汉以来中央政府就设有掌管对外的机构和官员，如秦汉的典客、大鸿胪，魏晋隋唐以后的鸿胪寺、礼宾院。	秦漢以來中央政府就設有掌管對外的機構和官員，如秦漢的典客、大鴻臚，魏晉隋唐以後的鴻臚寺、禮賓院。	leipzig	zho_news_2020_300K:226607	秦汉以来中央政府就设有掌管对外的机构和官员，如秦汉的典客、大鸿胪，魏晋隋唐以后的鸿胪寺、礼宾院。	CC-CEDICT	
442	4288_1	自此	自此	zì cǐ		since then	自此，蒯大富当上三司「司令」或「副司令」的谣传便不胫而走，蒯大富也得到了「蒯司令」的绰号。	自此，蒯大富當上三司「司令」或「副司令」的謠傳便不脛而走，蒯大富也得到了「蒯司令」的綽號。	leipzig	zho_wikipedia_2018_1M:822593	自此，蒯大富当上三司「司令」或「副司令」的谣传便不胫而走，蒯大富也得到了「蒯司令」的绰号。	CC-CEDICT	
443	4288_1	司令	司令	sī lìng		commanding officer	自此，蒯大富当上三司「司令」或「副司令」的谣传便不胫而走，蒯大富也得到了「蒯司令」的绰号。	自此，蒯大富當上三司「司令」或「副司令」的謠傳便不脛而走，蒯大富也得到了「蒯司令」的綽號。	leipzig	zho_wikipedia_2018_1M:822593	自此，蒯大富当上三司「司令」或「副司令」的谣传便不胫而走，蒯大富也得到了「蒯司令」的绰号。	CC-CEDICT	
444	4288_1	副司令	副司令	fù sī lìng		second in command	自此，蒯大富当上三司「司令」或「副司令」的谣传便不胫而走，蒯大富也得到了「蒯司令」的绰号。	自此，蒯大富當上三司「司令」或「副司令」的謠傳便不脛而走，蒯大富也得到了「蒯司令」的綽號。	leipzig	zho_wikipedia_2018_1M:822593	自此，蒯大富当上三司「司令」或「副司令」的谣传便不胫而走，蒯大富也得到了「蒯司令」的绰号。	CC-CEDICT	
445	4288_1	谣传	謠傳	yáo chuán		rumor	自此，蒯大富当上三司「司令」或「副司令」的谣传便不胫而走，蒯大富也得到了「蒯司令」的绰号。	自此，蒯大富當上三司「司令」或「副司令」的謠傳便不脛而走，蒯大富也得到了「蒯司令」的綽號。	leipzig	zho_wikipedia_2018_1M:822593	自此，蒯大富当上三司「司令」或「副司令」的谣传便不胫而走，蒯大富也得到了「蒯司令」的绰号。	CC-CEDICT	
446	4288_1	不胫而走	不脛而走	bù jìng ér zǒu		to get round fast	自此，蒯大富当上三司「司令」或「副司令」的谣传便不胫而走，蒯大富也得到了「蒯司令」的绰号。	自此，蒯大富當上三司「司令」或「副司令」的謠傳便不脛而走，蒯大富也得到了「蒯司令」的綽號。	leipzig	zho_wikipedia_2018_1M:822593	自此，蒯大富当上三司「司令」或「副司令」的谣传便不胫而走，蒯大富也得到了「蒯司令」的绰号。	CC-CEDICT	
447	4289_1	旧时	舊時	jiù shí		in former times	老鸨指旧时妓院的女老板。	老鴇指舊時妓院的女老闆。	authored	level-2/4289_1	老鸨指旧时妓院的女老板。	CC-CEDICT	
448	4289_1	妓院	妓院	jì yuàn		brothel	老鸨指旧时妓院的女老板。	老鴇指舊時妓院的女老闆。	authored	level-2/4289_1	老鸨指旧时妓院的女老板。	CC-CEDICT	
449	4292_1	狡狯	狡獪	jiǎo kuài		crafty	始见之如和柔，一与之接近，则狡狯之色，轻侮之行，立现无余。	始見之如和柔，一與之接近，則狡獪之色，輕侮之行，立現無餘。	leipzig	zho_wikipedia_2018_1M:425844	始见之如和柔，一与之接近，则狡狯之色，轻侮之行，立现无余。	CC-CEDICT	
450	4293_1	雷达	雷達	léi dá		radar	雷达显示飑线正在东移。	雷達顯示颮線正在東移。	preexisting			CC-CEDICT	
451	4293_1	显示	顯示	xiǎn shì		to show	雷达显示飑线正在东移。	雷達顯示颮線正在東移。	preexisting			CC-CEDICT	
452	4295_1	猢狲	猢猻	hú sūn		macaque	猢狲是一种猕猴。	猢猻是一種獼猴。	authored	level-2/4295_1	猢狲是一种猕猴。	CC-CEDICT	
453	4299_1	事变	事變	shì biàn		incident	但皖南事变后，国民政府污蔑新四军为“叛军”，完全停拨了军饷。	但皖南事變後，國民政府汙衊新四軍為“叛軍”，完全停撥了軍餉。	leipzig	zho_news_2020_300K:51579	但皖南事变后，国民政府污蔑新四军为“叛军”，完全停拨了军饷。	CC-CEDICT	
454	4299_1	污蔑	汙衊	wū miè		to slander	但皖南事变后，国民政府污蔑新四军为“叛军”，完全停拨了军饷。	但皖南事變後，國民政府汙衊新四軍為“叛軍”，完全停撥了軍餉。	leipzig	zho_news_2020_300K:51579	但皖南事变后，国民政府污蔑新四军为“叛军”，完全停拨了军饷。	CC-CEDICT	
455	4299_1	新四军	新四軍	xīn sì jūn		New Fourth army of Republic of China	但皖南事变后，国民政府污蔑新四军为“叛军”，完全停拨了军饷。	但皖南事變後，國民政府汙衊新四軍為“叛軍”，完全停撥了軍餉。	leipzig	zho_news_2020_300K:51579	但皖南事变后，国民政府污蔑新四军为“叛军”，完全停拨了军饷。	CC-CEDICT	
456	4299_1	叛军	叛軍	pàn jūn		rebel army	但皖南事变后，国民政府污蔑新四军为“叛军”，完全停拨了军饷。	但皖南事變後，國民政府汙衊新四軍為“叛軍”，完全停撥了軍餉。	leipzig	zho_news_2020_300K:51579	但皖南事变后，国民政府污蔑新四军为“叛军”，完全停拨了军饷。	CC-CEDICT	
457	4300_1	后代	後代	hòu dài		descendant	周人后代——庆阳人爱咥饸饹面，万事皆可“饸饹面”：	周人後代——慶陽人愛咥餄餎面，萬事皆可“餄餎面”：	leipzig	zho_news_2020_300K:90740	周人后代——庆阳人爱咥饸饹面，万事皆可“饸饹面”：	CC-CEDICT	
458	4300_1	万事	萬事	wàn shì		all things	周人后代——庆阳人爱咥饸饹面，万事皆可“饸饹面”：	周人後代——慶陽人愛咥餄餎面，萬事皆可“餄餎面”：	leipzig	zho_news_2020_300K:90740	周人后代——庆阳人爱咥饸饹面，万事皆可“饸饹面”：	CC-CEDICT	
459	4300_1	皆可	皆可	jiē kě		both OK	周人后代——庆阳人爱咥饸饹面，万事皆可“饸饹面”：	周人後代——慶陽人愛咥餄餎面，萬事皆可“餄餎面”：	leipzig	zho_news_2020_300K:90740	周人后代——庆阳人爱咥饸饹面，万事皆可“饸饹面”：	CC-CEDICT	
460	4303_1	缺陷	缺陷	quē xiàn		defect	幸福和缺陷总是伴随着出现，犹如孪生兄弟，我们没有必要为此感叹。	幸福和缺陷總是伴隨著出現，猶如孿生兄弟，我們沒有必要為此感嘆。	leipzig	zho_news_2020_300K:135907	幸福和缺陷总是伴随着出现，犹如孪生兄弟，我们没有必要为此感叹。	CC-CEDICT	
461	4303_1	为此	為此	wèi cǐ		for this reason	幸福和缺陷总是伴随着出现，犹如孪生兄弟，我们没有必要为此感叹。	幸福和缺陷總是伴隨著出現，猶如孿生兄弟，我們沒有必要為此感嘆。	leipzig	zho_news_2020_300K:135907	幸福和缺陷总是伴随着出现，犹如孪生兄弟，我们没有必要为此感叹。	CC-CEDICT	
462	4303_1	感叹	感嘆	gǎn tàn		to sigh	幸福和缺陷总是伴随着出现，犹如孪生兄弟，我们没有必要为此感叹。	幸福和缺陷總是伴隨著出現，猶如孿生兄弟，我們沒有必要為此感嘆。	leipzig	zho_news_2020_300K:135907	幸福和缺陷总是伴随着出现，犹如孪生兄弟，我们没有必要为此感叹。	CC-CEDICT	
463	4304_1	男妓	男妓	nán jì		male prostitute	，提供性服務的男妓稱為娈童、龙阳等。	，提供性服務的男妓稱為孌童、龍陽等。	leipzig	zho_wikipedia_2018_1M:541692	，提供性服務的男妓稱為娈童、龙阳等。	CC-CEDICT	
464	4304_1	娈童	孌童	luán tóng		catamite	，提供性服務的男妓稱為娈童、龙阳等。	，提供性服務的男妓稱為孌童、龍陽等。	leipzig	zho_wikipedia_2018_1M:541692	，提供性服務的男妓稱為娈童、龙阳等。	CC-CEDICT	
465	4308_1	解毒	解毒	jiě dú		to detoxify	既善清热解毒，消痈散结，治疮痈、瘰疬。	既善清熱解毒，消癰散結，治瘡癰、瘰癧。	leipzig	zho_wikipedia_2018_1M:564835	既善清热解毒，消痈散结，治疮痈、瘰疬。	CC-CEDICT	
466	4308_1	瘰疬	瘰癧	luǒ lì		scrofula	既善清热解毒，消痈散结，治疮痈、瘰疬。	既善清熱解毒，消癰散結，治瘡癰、瘰癧。	leipzig	zho_wikipedia_2018_1M:564835	既善清热解毒，消痈散结，治疮痈、瘰疬。	CC-CEDICT	
467	4318_1	大门	大門	dà mén		entrance	大门已闿。	大門已闓。	preexisting			CC-CEDICT	
468	4319_1	欢笑	歡笑	huān xiào		to laugh happily	欢笑是人之本能，有了欢笑， 就没了文化隔阂。	歡笑是人之本能，有了歡笑， 就沒了文化隔閡。	tatoeba	1401810	欢笑是人之本能，有了欢笑， 就没了文化隔阂。	CC-CEDICT	
469	4319_1	本能	本能	běn néng		instinct	欢笑是人之本能，有了欢笑， 就没了文化隔阂。	歡笑是人之本能，有了歡笑， 就沒了文化隔閡。	tatoeba	1401810	欢笑是人之本能，有了欢笑， 就没了文化隔阂。	CC-CEDICT	
470	4319_1	没了	沒了	méi le		to be dead	欢笑是人之本能，有了欢笑， 就没了文化隔阂。	歡笑是人之本能，有了歡笑， 就沒了文化隔閡。	tatoeba	1401810	欢笑是人之本能，有了欢笑， 就没了文化隔阂。	CC-CEDICT	
471	4319_1	隔阂	隔閡	gé hé		misunderstanding	欢笑是人之本能，有了欢笑， 就没了文化隔阂。	歡笑是人之本能，有了歡笑， 就沒了文化隔閡。	tatoeba	1401810	欢笑是人之本能，有了欢笑， 就没了文化隔阂。	CC-CEDICT	
472	4326_1	木星	木星	mù xīng		Jupiter	木星中心炽热的岩浆就好象被敌人包围着。	木星中心熾熱的岩漿就好象被敵人包圍著。	leipzig	zho_news_2020_300K:181826	木星中心炽热的岩浆就好象被敌人包围着。	CC-CEDICT	
473	4326_1	好象	好象	hǎo xiàng		to seem	木星中心炽热的岩浆就好象被敌人包围着。	木星中心熾熱的岩漿就好象被敵人包圍著。	leipzig	zho_news_2020_300K:181826	木星中心炽热的岩浆就好象被敌人包围着。	CC-CEDICT	
474	4330_1	涉足	涉足	shè zú		to set foot in	，开始涉足对烯烃复分解反应的研究。	，開始涉足對烯烴複分解反應的研究。	leipzig	zho_wikipedia_2018_1M:486877	，开始涉足对烯烃复分解反应的研究。	CC-CEDICT	
475	4330_1	烯烃	烯烴	xī tīng		alkene	，开始涉足对烯烃复分解反应的研究。	，開始涉足對烯烴複分解反應的研究。	leipzig	zho_wikipedia_2018_1M:486877	，开始涉足对烯烃复分解反应的研究。	CC-CEDICT	
476	4330_1	复分解反应	複分解反應	fù fēn jiě fǎn yìng		metathesis	，开始涉足对烯烃复分解反应的研究。	，開始涉足對烯烴複分解反應的研究。	leipzig	zho_wikipedia_2018_1M:486877	，开始涉足对烯烃复分解反应的研究。	CC-CEDICT	
477	4330_1	研究	研究	yán jiū	yán jiù	research	，开始涉足对烯烃复分解反应的研究。	，開始涉足對烯烴複分解反應的研究。	leipzig	zho_wikipedia_2018_1M:486877	，开始涉足对烯烃复分解反应的研究。	CC-CEDICT	Taiwan MOE Concise Dictionary
478	4335_1	酷暑	酷暑	kù shǔ		intense heat	即使在酷暑天气中，外送员仍汗流浃背地工作著。	即使在酷暑天氣中，外送員仍汗流浹背地工作著。	tatoeba	13516944	即使在酷暑天氣中，外送員仍汗流浹背地工作著。	CC-CEDICT	
479	4345_1	掀起	掀起	xiān qǐ		to lift	后来中国又掀起了评《水浒传》，屡屡提起了他的名字。	後來中國又掀起了評《水滸傳》，屢屢提起了他的名字。	leipzig	zho_news_2020_300K:89255	后来中国又掀起了评《水浒传》，屡屡提起了他的名字。	CC-CEDICT	
480	4345_1	水浒传	水滸傳	shuǐ hǔ zhuàn		Water Margin or Outlaws of the Marsh by Shi…	后来中国又掀起了评《水浒传》，屡屡提起了他的名字。	後來中國又掀起了評《水滸傳》，屢屢提起了他的名字。	leipzig	zho_news_2020_300K:89255	后来中国又掀起了评《水浒传》，屡屡提起了他的名字。	CC-CEDICT	
481	4346_1	山脉	山脈	shān mài		mountain range	罗霄山脉北段靠大江，又有武汉三镇和南浔铁路，南段敌人调动比较方便，都不好。	羅霄山脈北段靠大江，又有武漢三鎮和南潯鐵路，南段敵人調動比較方便，都不好。	leipzig	zho_news_2020_300K:235296	罗霄山脉北段靠大江，又有武汉三镇和南浔铁路，南段敌人调动比较方便，都不好。	CC-CEDICT	
482	4346_1	调动	調動	diào dòng		to transfer	罗霄山脉北段靠大江，又有武汉三镇和南浔铁路，南段敌人调动比较方便，都不好。	羅霄山脈北段靠大江，又有武漢三鎮和南潯鐵路，南段敵人調動比較方便，都不好。	leipzig	zho_news_2020_300K:235296	罗霄山脉北段靠大江，又有武汉三镇和南浔铁路，南段敌人调动比较方便，都不好。	CC-CEDICT	
483	4346_1	方便	方便	fāng biàn		convenient	罗霄山脉北段靠大江，又有武汉三镇和南浔铁路，南段敌人调动比较方便，都不好。	羅霄山脈北段靠大江，又有武漢三鎮和南潯鐵路，南段敵人調動比較方便，都不好。	leipzig	zho_news_2020_300K:235296	罗霄山脉北段靠大江，又有武汉三镇和南浔铁路，南段敌人调动比较方便，都不好。	CC-CEDICT	
484	4349_1	战士	戰士	zhàn shì		fighter	战士们闻讯潸然泪下、悲恸不已！	戰士們聞訊潸然淚下、悲慟不已！	leipzig	zho_news_2020_300K:153973	战士们闻讯潸然泪下、悲恸不已！	CC-CEDICT	
485	4349_1	闻讯	聞訊	wén xùn		to receive news	战士们闻讯潸然泪下、悲恸不已！	戰士們聞訊潸然淚下、悲慟不已！	leipzig	zho_news_2020_300K:153973	战士们闻讯潸然泪下、悲恸不已！	CC-CEDICT	
486	4349_1	悲恸	悲慟	bēi tòng		mournful	战士们闻讯潸然泪下、悲恸不已！	戰士們聞訊潸然淚下、悲慟不已！	leipzig	zho_news_2020_300K:153973	战士们闻讯潸然泪下、悲恸不已！	CC-CEDICT	
487	4351_1	浮想	浮想	fú xiǎng		passing thought	有时候浮想联翩、心潮起伏；有时候又恹恹欲睡、昏昏沉沉。	有時候浮想聯翩、心潮起伏；有時候又懨懨欲睡、昏昏沉沉。	leipzig	zho_news_2020_300K:180256	有时候浮想联翩、心潮起伏；有时候又恹恹欲睡、昏昏沉沉。	CC-CEDICT	
488	4351_1	起伏	起伏	qǐ fú		to move up and down	有时候浮想联翩、心潮起伏；有时候又恹恹欲睡、昏昏沉沉。	有時候浮想聯翩、心潮起伏；有時候又懨懨欲睡、昏昏沉沉。	leipzig	zho_news_2020_300K:180256	有时候浮想联翩、心潮起伏；有时候又恹恹欲睡、昏昏沉沉。	CC-CEDICT	
489	4351_1	昏昏沉沉	昏昏沉沉	hūn hūn chén chén		dizzy	有时候浮想联翩、心潮起伏；有时候又恹恹欲睡、昏昏沉沉。	有時候浮想聯翩、心潮起伏；有時候又懨懨欲睡、昏昏沉沉。	leipzig	zho_news_2020_300K:180256	有时候浮想联翩、心潮起伏；有时候又恹恹欲睡、昏昏沉沉。	CC-CEDICT	
490	4353_1	算是	算是	suàn shì		considered to be	就算是顾恺之也画不出来的狼狈，就算是神笔马良也难描绘，我如此落魄不仅仅是憔悴！	就算是顧愷之也畫不出來的狼狽，就算是神筆馬良也難描繪，我如此落魄不僅僅是憔悴！	leipzig	zho_news_2020_300K:130179	就算是顾恺之也画不出来的狼狈，就算是神笔马良也难描绘，我如此落魄不仅仅是憔悴！	CC-CEDICT	
491	4353_1	顾恺之	顧愷之	gù kǎi zhī		Gu Kaizhi or Ku K'aichih	就算是顾恺之也画不出来的狼狈，就算是神笔马良也难描绘，我如此落魄不仅仅是憔悴！	就算是顧愷之也畫不出來的狼狽，就算是神筆馬良也難描繪，我如此落魄不僅僅是憔悴！	leipzig	zho_news_2020_300K:130179	就算是顾恺之也画不出来的狼狈，就算是神笔马良也难描绘，我如此落魄不仅仅是憔悴！	CC-CEDICT	
492	4353_1	马良	馬良	mǎ liáng		Ma Liang	就算是顾恺之也画不出来的狼狈，就算是神笔马良也难描绘，我如此落魄不仅仅是憔悴！	就算是顧愷之也畫不出來的狼狽，就算是神筆馬良也難描繪，我如此落魄不僅僅是憔悴！	leipzig	zho_news_2020_300K:130179	就算是顾恺之也画不出来的狼狈，就算是神笔马良也难描绘，我如此落魄不仅仅是憔悴！	CC-CEDICT	
493	4353_1	落魄	落魄	luò pò	luò tuò	down and out	就算是顾恺之也画不出来的狼狈，就算是神笔马良也难描绘，我如此落魄不仅仅是憔悴！	就算是顧愷之也畫不出來的狼狽，就算是神筆馬良也難描繪，我如此落魄不僅僅是憔悴！	leipzig	zho_news_2020_300K:130179	就算是顾恺之也画不出来的狼狈，就算是神笔马良也难描绘，我如此落魄不仅仅是憔悴！	CC-CEDICT	Taiwan MOE Concise Dictionary
494	4353_1	不仅仅	不僅僅	bù jǐn jǐn		not only	就算是顾恺之也画不出来的狼狈，就算是神笔马良也难描绘，我如此落魄不仅仅是憔悴！	就算是顧愷之也畫不出來的狼狽，就算是神筆馬良也難描繪，我如此落魄不僅僅是憔悴！	leipzig	zho_news_2020_300K:130179	就算是顾恺之也画不出来的狼狈，就算是神笔马良也难描绘，我如此落魄不仅仅是憔悴！	CC-CEDICT	
495	4353_1	憔悴	憔悴	qiáo cuì		wan and sallow	就算是顾恺之也画不出来的狼狈，就算是神笔马良也难描绘，我如此落魄不仅仅是憔悴！	就算是顧愷之也畫不出來的狼狽，就算是神筆馬良也難描繪，我如此落魄不僅僅是憔悴！	leipzig	zho_news_2020_300K:130179	就算是顾恺之也画不出来的狼狈，就算是神笔马良也难描绘，我如此落魄不仅仅是憔悴！	CC-CEDICT	
496	4354_1	恻隐	惻隱	cè yǐn		compassion	恻隐之心，人皆有之，就像马云在微博里说的那样：“善良是真正的自信。	惻隱之心，人皆有之，就像馬雲在微博裡說的那樣：“善良是真正的自信。	leipzig	zho_news_2020_300K:145547	恻隐之心，人皆有之，就像马云在微博里说的那样：“善良是真正的自信。	CC-CEDICT	
497	4354_1	善良	善良	shàn liáng		good and honest	恻隐之心，人皆有之，就像马云在微博里说的那样：“善良是真正的自信。	惻隱之心，人皆有之，就像馬雲在微博裡說的那樣：“善良是真正的自信。	leipzig	zho_news_2020_300K:145547	恻隐之心，人皆有之，就像马云在微博里说的那样：“善良是真正的自信。	CC-CEDICT	
498	4354_1	自信	自信	zì xìn		to have confidence in oneself	恻隐之心，人皆有之，就像马云在微博里说的那样：“善良是真正的自信。	惻隱之心，人皆有之，就像馬雲在微博裡說的那樣：“善良是真正的自信。	leipzig	zho_news_2020_300K:145547	恻隐之心，人皆有之，就像马云在微博里说的那样：“善良是真正的自信。	CC-CEDICT	
499	4357_1	以外	以外	yǐ wài		apart from	除了上政治课以外，还经常请负责同志如周恩来、恽代英、叶挺等同志来作报告。	除了上政治課以外，還經常請負責同志如周恩來、惲代英、葉挺等同志來作報告。	leipzig	zho_news_2020_300K:289100	除了上政治课以外，还经常请负责同志如周恩来、恽代英、叶挺等同志来作报告。	CC-CEDICT	
500	4357_1	叶挺	葉挺	yè tǐng		Ye Ting	除了上政治课以外，还经常请负责同志如周恩来、恽代英、叶挺等同志来作报告。	除了上政治課以外，還經常請負責同志如周恩來、惲代英、葉挺等同志來作報告。	leipzig	zho_news_2020_300K:289100	除了上政治课以外，还经常请负责同志如周恩来、恽代英、叶挺等同志来作报告。	CC-CEDICT	
501	4368_1	讥诮	譏誚	jī qiào		to deride	揄扬贬损、称许讥诮，随它去罢。	揄揚貶損、稱許譏誚，隨它去罷。	leipzig	zho_news_2020_300K:161998	揄扬贬损、称许讥诮，随它去罢。	CC-CEDICT	
502	4370_1	狂妄	狂妄	kuáng wàng		egotistical	然而，狂妄的结局就像祢衡那样，是自毁，是失败。	然而，狂妄的結局就像禰衡那樣，是自毀，是失敗。	leipzig	zho_news_2020_300K:207637	然而，狂妄的结局就像祢衡那样，是自毁，是失败。	CC-CEDICT	
503	4371_1	多年	多年	duō nián		many years	，掌管宫中制诰多年，有“巾帼宰相”之名。	，掌管宮中制誥多年，有“巾幗宰相”之名。	leipzig	zho_wikipedia_2018_1M:539400	，掌管宫中制诰多年，有“巾帼宰相”之名。	CC-CEDICT	
504	4371_1	宰相	宰相	zǎi xiàng		prime minister	，掌管宫中制诰多年，有“巾帼宰相”之名。	，掌管宮中制誥多年，有“巾幗宰相”之名。	leipzig	zho_wikipedia_2018_1M:539400	，掌管宫中制诰多年，有“巾帼宰相”之名。	CC-CEDICT	
505	4372_1	诳语	誑語	kuáng yǔ		a lie	黛玉道：“禅门第一戒是不打诳语的。”	黛玉道：“禪門第一戒是不打誑語的。”	leipzig	zho_wikipedia_2018_1M:998708	黛玉道：“禅门第一戒是不打诳语的。”	CC-CEDICT	
506	4373_1	幻想	幻想	huàn xiǎng		to fantasize	有幻想干脆不要阴阳五行者，那是饮鸩止渴，是医药学术领域的大倒退！	有幻想幹脆不要陰陽五行者，那是飲鴆止渴，是醫藥學術領域的大倒退！	leipzig	zho_news_2020_300K:180013	有幻想干脆不要阴阳五行者，那是饮鸩止渴，是医药学术领域的大倒退！	CC-CEDICT	
507	4373_1	干脆	幹脆	gān cuì		candid	有幻想干脆不要阴阳五行者，那是饮鸩止渴，是医药学术领域的大倒退！	有幻想幹脆不要陰陽五行者，那是飲鴆止渴，是醫藥學術領域的大倒退！	leipzig	zho_news_2020_300K:180013	有幻想干脆不要阴阳五行者，那是饮鸩止渴，是医药学术领域的大倒退！	CC-CEDICT	
508	4373_1	阴阳	陰陽	yīn yáng		yin and yang	有幻想干脆不要阴阳五行者，那是饮鸩止渴，是医药学术领域的大倒退！	有幻想幹脆不要陰陽五行者，那是飲鴆止渴，是醫藥學術領域的大倒退！	leipzig	zho_news_2020_300K:180013	有幻想干脆不要阴阳五行者，那是饮鸩止渴，是医药学术领域的大倒退！	CC-CEDICT	
509	4373_1	五行	五行	wǔ xíng		five phases of Chinese philosophy: wood 木	有幻想干脆不要阴阳五行者，那是饮鸩止渴，是医药学术领域的大倒退！	有幻想幹脆不要陰陽五行者，那是飲鴆止渴，是醫藥學術領域的大倒退！	leipzig	zho_news_2020_300K:180013	有幻想干脆不要阴阳五行者，那是饮鸩止渴，是医药学术领域的大倒退！	CC-CEDICT	
510	4373_1	医药	醫藥	yī yào		medical care and medicines	有幻想干脆不要阴阳五行者，那是饮鸩止渴，是医药学术领域的大倒退！	有幻想幹脆不要陰陽五行者，那是飲鴆止渴，是醫藥學術領域的大倒退！	leipzig	zho_news_2020_300K:180013	有幻想干脆不要阴阳五行者，那是饮鸩止渴，是医药学术领域的大倒退！	CC-CEDICT	
511	4373_1	学术	學術	xué shù		learning	有幻想干脆不要阴阳五行者，那是饮鸩止渴，是医药学术领域的大倒退！	有幻想幹脆不要陰陽五行者，那是飲鴆止渴，是醫藥學術領域的大倒退！	leipzig	zho_news_2020_300K:180013	有幻想干脆不要阴阳五行者，那是饮鸩止渴，是医药学术领域的大倒退！	CC-CEDICT	
512	4373_1	领域	領域	lǐng yù		domain	有幻想干脆不要阴阳五行者，那是饮鸩止渴，是医药学术领域的大倒退！	有幻想幹脆不要陰陽五行者，那是飲鴆止渴，是醫藥學術領域的大倒退！	leipzig	zho_news_2020_300K:180013	有幻想干脆不要阴阳五行者，那是饮鸩止渴，是医药学术领域的大倒退！	CC-CEDICT	
513	4373_1	倒退	倒退	dào tuì		to fall back	有幻想干脆不要阴阳五行者，那是饮鸩止渴，是医药学术领域的大倒退！	有幻想幹脆不要陰陽五行者，那是飲鴆止渴，是醫藥學術領域的大倒退！	leipzig	zho_news_2020_300K:180013	有幻想干脆不要阴阳五行者，那是饮鸩止渴，是医药学术领域的大倒退！	CC-CEDICT	
514	4384_1	艳丽	豔麗	yàn lì		gorgeous	红色的艳丽，黄色的高雅，粉色的妖娆！	紅色的豔麗，黃色的高雅，粉色的妖嬈！	leipzig	zho_news_2020_300K:232851	红色的艳丽，黄色的高雅，粉色的妖娆！	CC-CEDICT	
515	4384_1	黄色	黃色	huáng sè		yellow	红色的艳丽，黄色的高雅，粉色的妖娆！	紅色的豔麗，黃色的高雅，粉色的妖嬈！	leipzig	zho_news_2020_300K:232851	红色的艳丽，黄色的高雅，粉色的妖娆！	CC-CEDICT	
516	4384_1	高雅	高雅	gāo yǎ		dainty	红色的艳丽，黄色的高雅，粉色的妖娆！	紅色的豔麗，黃色的高雅，粉色的妖嬈！	leipzig	zho_news_2020_300K:232851	红色的艳丽，黄色的高雅，粉色的妖娆！	CC-CEDICT	
517	4384_1	粉色	粉色	fěn sè		pink	红色的艳丽，黄色的高雅，粉色的妖娆！	紅色的豔麗，黃色的高雅，粉色的妖嬈！	leipzig	zho_news_2020_300K:232851	红色的艳丽，黄色的高雅，粉色的妖娆！	CC-CEDICT	
518	4384_1	妖娆	妖嬈	yāo ráo		enchanting	红色的艳丽，黄色的高雅，粉色的妖娆！	紅色的豔麗，黃色的高雅，粉色的妖嬈！	leipzig	zho_news_2020_300K:232851	红色的艳丽，黄色的高雅，粉色的妖娆！	CC-CEDICT	
519	4389_1	怨怼	怨懟	yuàn duì		resentment	有一天给予你的好少了，你便觉得怨怼。	有一天給予你的好少了，你便覺得怨懟。	leipzig	zho_news_2020_300K:178680	有一天给予你的好少了，你便觉得怨怼。	CC-CEDICT	
520	4393_1	子弟	子弟	zǐ dì		child	纨绔子弟是一个成语或固定说法。	紈絝子弟是一個成語或固定說法。	authored	level-2/4393_1	纨绔子弟是一个成语或固定说法。	CC-CEDICT	
521	4394_1	太祖	太祖	tài zǔ		Great Ancestor	友谅骁将张定边直犯太祖舟，舟胶于浅，几殆。	友諒驍將張定邊直犯太祖舟，舟膠於淺，幾殆。	leipzig	zho_wikipedia_2018_1M:278825	友谅骁将张定边直犯太祖舟，舟胶于浅，几殆。	CC-CEDICT	
522	4397_1	部分	部分	bù fen	bù fèn	part	，只是部分地区与现在新绛东部接壤。	，只是部分地區與現在新絳東部接壤。	leipzig	zho_wikipedia_2018_1M:291087	，只是部分地区与现在新绛东部接壤。	CC-CEDICT	Taiwan MOE Concise Dictionary
523	4398_1	初期	初期	chū qī	chū qí	initial stage	初期骈体文分韵骈文和无韵骈文，	初期駢體文分韻駢文和無韻駢文，	leipzig	zho_wikipedia_2018_1M:241686	初期骈体文分韵骈文和无韵骈文，	CC-CEDICT	Taiwan MOE Concise Dictionary
524	4398_1	骈体	駢體	pián tǐ		parallel prose	初期骈体文分韵骈文和无韵骈文，	初期駢體文分韻駢文和無韻駢文，	leipzig	zho_wikipedia_2018_1M:241686	初期骈体文分韵骈文和无韵骈文，	CC-CEDICT	
525	4403_1	周武王	周武王	zhōu wǔ wáng		King Wu of Zhou	其先颛顼后，周武王封其苗裔于邾。	其先顓頊後，周武王封其苗裔於邾。	leipzig	zho_wikipedia_2018_1M:223306	其先颛顼后，周武王封其苗裔于邾。	CC-CEDICT	
526	4403_1	苗裔	苗裔	miáo yì		offspring	其先颛顼后，周武王封其苗裔于邾。	其先顓頊後，周武王封其苗裔於邾。	leipzig	zho_wikipedia_2018_1M:223306	其先颛顼后，周武王封其苗裔于邾。	CC-CEDICT	
527	4410_1	吉林	吉林	jí lín		Jilin	位于吉林珲春市的五家山要塞是该防线最南端的起点。	位於吉林琿春市的五家山要塞是該防線最南端的起點。	leipzig	zho_news_2020_300K:52448	位于吉林珲春市的五家山要塞是该防线最南端的起点。	CC-CEDICT	
528	4410_1	要塞	要塞	yào sài		stronghold	位于吉林珲春市的五家山要塞是该防线最南端的起点。	位於吉林琿春市的五家山要塞是該防線最南端的起點。	leipzig	zho_news_2020_300K:52448	位于吉林珲春市的五家山要塞是该防线最南端的起点。	CC-CEDICT	
529	4410_1	防线	防線	fáng xiàn		defensive line or perimeter	位于吉林珲春市的五家山要塞是该防线最南端的起点。	位於吉林琿春市的五家山要塞是該防線最南端的起點。	leipzig	zho_news_2020_300K:52448	位于吉林珲春市的五家山要塞是该防线最南端的起点。	CC-CEDICT	
530	4410_1	南端	南端	nán duān		southern end or extremity	位于吉林珲春市的五家山要塞是该防线最南端的起点。	位於吉林琿春市的五家山要塞是該防線最南端的起點。	leipzig	zho_news_2020_300K:52448	位于吉林珲春市的五家山要塞是该防线最南端的起点。	CC-CEDICT	
531	4410_1	起点	起點	qǐ diǎn		starting point	位于吉林珲春市的五家山要塞是该防线最南端的起点。	位於吉林琿春市的五家山要塞是該防線最南端的起點。	leipzig	zho_news_2020_300K:52448	位于吉林珲春市的五家山要塞是该防线最南端的起点。	CC-CEDICT	
532	4415_1	母鸡	母雞	mǔ jī		hen	母鸡黄昏时回到埘里。	母雞黃昏時回到塒裡。	preexisting			CC-CEDICT	
533	4417_1	坩埚	坩堝	gān guō		crucible	坩埚炼钢工艺是转炉炼钢技术发明前最重要的炼钢方法，是欧洲历史上钢首次被熔化冶炼。	坩堝鍊鋼工藝是轉爐鍊鋼技術發明前最重要的鍊鋼方法，是歐洲歷史上鋼首次被熔化冶煉。	leipzig	zho_wikipedia_2018_1M:393000	坩埚炼钢工艺是转炉炼钢技术发明前最重要的炼钢方法，是欧洲历史上钢首次被熔化冶炼。	CC-CEDICT	
534	4417_1	炼钢	鍊鋼	liàn gāng		to make steel	坩埚炼钢工艺是转炉炼钢技术发明前最重要的炼钢方法，是欧洲历史上钢首次被熔化冶炼。	坩堝鍊鋼工藝是轉爐鍊鋼技術發明前最重要的鍊鋼方法，是歐洲歷史上鋼首次被熔化冶煉。	leipzig	zho_wikipedia_2018_1M:393000	坩埚炼钢工艺是转炉炼钢技术发明前最重要的炼钢方法，是欧洲历史上钢首次被熔化冶炼。	CC-CEDICT	
535	4417_1	工艺	工藝	gōng yì		arts and crafts	坩埚炼钢工艺是转炉炼钢技术发明前最重要的炼钢方法，是欧洲历史上钢首次被熔化冶炼。	坩堝鍊鋼工藝是轉爐鍊鋼技術發明前最重要的鍊鋼方法，是歐洲歷史上鋼首次被熔化冶煉。	leipzig	zho_wikipedia_2018_1M:393000	坩埚炼钢工艺是转炉炼钢技术发明前最重要的炼钢方法，是欧洲历史上钢首次被熔化冶炼。	CC-CEDICT	
536	4417_1	发明	發明	fā míng		to invent	坩埚炼钢工艺是转炉炼钢技术发明前最重要的炼钢方法，是欧洲历史上钢首次被熔化冶炼。	坩堝鍊鋼工藝是轉爐鍊鋼技術發明前最重要的鍊鋼方法，是歐洲歷史上鋼首次被熔化冶煉。	leipzig	zho_wikipedia_2018_1M:393000	坩埚炼钢工艺是转炉炼钢技术发明前最重要的炼钢方法，是欧洲历史上钢首次被熔化冶炼。	CC-CEDICT	
537	4417_1	首次	首次	shǒu cì		first	坩埚炼钢工艺是转炉炼钢技术发明前最重要的炼钢方法，是欧洲历史上钢首次被熔化冶炼。	坩堝鍊鋼工藝是轉爐鍊鋼技術發明前最重要的鍊鋼方法，是歐洲歷史上鋼首次被熔化冶煉。	leipzig	zho_wikipedia_2018_1M:393000	坩埚炼钢工艺是转炉炼钢技术发明前最重要的炼钢方法，是欧洲历史上钢首次被熔化冶炼。	CC-CEDICT	
538	4417_1	熔化	熔化	róng huà		to melt	坩埚炼钢工艺是转炉炼钢技术发明前最重要的炼钢方法，是欧洲历史上钢首次被熔化冶炼。	坩堝鍊鋼工藝是轉爐鍊鋼技術發明前最重要的鍊鋼方法，是歐洲歷史上鋼首次被熔化冶煉。	leipzig	zho_wikipedia_2018_1M:393000	坩埚炼钢工艺是转炉炼钢技术发明前最重要的炼钢方法，是欧洲历史上钢首次被熔化冶炼。	CC-CEDICT	
539	4417_1	冶炼	冶煉	yě liàn		to smelt metal	坩埚炼钢工艺是转炉炼钢技术发明前最重要的炼钢方法，是欧洲历史上钢首次被熔化冶炼。	坩堝鍊鋼工藝是轉爐鍊鋼技術發明前最重要的鍊鋼方法，是歐洲歷史上鋼首次被熔化冶煉。	leipzig	zho_wikipedia_2018_1M:393000	坩埚炼钢工艺是转炉炼钢技术发明前最重要的炼钢方法，是欧洲历史上钢首次被熔化冶炼。	CC-CEDICT	
540	4423_1	念佛	唸佛	niàn fó		to pray to Buddha	李贽又把念佛之修持分为两类，即念真佛与假佛。	李贄又把唸佛之修持分為兩類，即念真佛與假佛。	leipzig	zho_wikipedia_2018_1M:609694	李贽又把念佛之修持分为两类，即念真佛与假佛。	CC-CEDICT	
541	4423_1	分为	分為	fēn wéi		to divide sth into	李贽又把念佛之修持分为两类，即念真佛与假佛。	李贄又把唸佛之修持分為兩類，即念真佛與假佛。	leipzig	zho_wikipedia_2018_1M:609694	李贽又把念佛之修持分为两类，即念真佛与假佛。	CC-CEDICT	
542	4429_1	莳萝	蒔蘿	shí luó		dill	莳萝是一种植物。	蒔蘿是一種植物。	authored	level-2/4429_1	莳萝是一种植物。	CC-CEDICT	
543	4445_1	因而	因而	yīn ér		therefore	因而笔者赏析《鹧鸪天·桂花》，也就别有一番心得与网友分享。	因而筆者賞析《鷓鴣天·桂花》，也就別有一番心得與網友分享。	leipzig	zho_news_2020_300K:96043	因而笔者赏析《鹧鸪天·桂花》，也就别有一番心得与网友分享。	CC-CEDICT	
544	4445_1	笔者	筆者	bǐ zhě		the author	因而笔者赏析《鹧鸪天·桂花》，也就别有一番心得与网友分享。	因而筆者賞析《鷓鴣天·桂花》，也就別有一番心得與網友分享。	leipzig	zho_news_2020_300K:96043	因而笔者赏析《鹧鸪天·桂花》，也就别有一番心得与网友分享。	CC-CEDICT	
545	4445_1	鹧鸪	鷓鴣	zhè gū		partridge	因而笔者赏析《鹧鸪天·桂花》，也就别有一番心得与网友分享。	因而筆者賞析《鷓鴣天·桂花》，也就別有一番心得與網友分享。	leipzig	zho_news_2020_300K:96043	因而笔者赏析《鹧鸪天·桂花》，也就别有一番心得与网友分享。	CC-CEDICT	
546	4445_1	心得	心得	xīn dé		what one has learned	因而笔者赏析《鹧鸪天·桂花》，也就别有一番心得与网友分享。	因而筆者賞析《鷓鴣天·桂花》，也就別有一番心得與網友分享。	leipzig	zho_news_2020_300K:96043	因而笔者赏析《鹧鸪天·桂花》，也就别有一番心得与网友分享。	CC-CEDICT	
547	4445_1	网友	網友	wǎng yǒu		online friend	因而笔者赏析《鹧鸪天·桂花》，也就别有一番心得与网友分享。	因而筆者賞析《鷓鴣天·桂花》，也就別有一番心得與網友分享。	leipzig	zho_news_2020_300K:96043	因而笔者赏析《鹧鸪天·桂花》，也就别有一番心得与网友分享。	CC-CEDICT	
548	4445_1	分享	分享	fēn xiǎng		to share	因而笔者赏析《鹧鸪天·桂花》，也就别有一番心得与网友分享。	因而筆者賞析《鷓鴣天·桂花》，也就別有一番心得與網友分享。	leipzig	zho_news_2020_300K:96043	因而笔者赏析《鹧鸪天·桂花》，也就别有一番心得与网友分享。	CC-CEDICT	
549	4446_1	肉丝	肉絲	ròu sī		shredded meat	、宋嫂鱼羹、干炸响铃、钱江肉丝、杭州酱鸭、杭州卷鸡、西湖莼菜羹。	、宋嫂魚羹、幹炸響鈴、錢江肉絲、杭州醬鴨、杭州卷雞、西湖蒓菜羹。	leipzig	zho_wikipedia_2018_1M:439965	、宋嫂鱼羹、干炸响铃、钱江肉丝、杭州酱鸭、杭州卷鸡、西湖莼菜羹。	CC-CEDICT	
550	4446_1	杭州	杭州	háng zhōu		Hangzhou	、宋嫂鱼羹、干炸响铃、钱江肉丝、杭州酱鸭、杭州卷鸡、西湖莼菜羹。	、宋嫂魚羹、幹炸響鈴、錢江肉絲、杭州醬鴨、杭州卷雞、西湖蒓菜羹。	leipzig	zho_wikipedia_2018_1M:439965	、宋嫂鱼羹、干炸响铃、钱江肉丝、杭州酱鸭、杭州卷鸡、西湖莼菜羹。	CC-CEDICT	
551	4446_1	西湖	西湖	xī hú		West Lake in Hangzhou	、宋嫂鱼羹、干炸响铃、钱江肉丝、杭州酱鸭、杭州卷鸡、西湖莼菜羹。	、宋嫂魚羹、幹炸響鈴、錢江肉絲、杭州醬鴨、杭州卷雞、西湖蒓菜羹。	leipzig	zho_wikipedia_2018_1M:439965	、宋嫂鱼羹、干炸响铃、钱江肉丝、杭州酱鸭、杭州卷鸡、西湖莼菜羹。	CC-CEDICT	
552	4453_1	校长	校長	xiào zhǎng		president	这两个字是竺可桢校长多次强调过的。	這兩個字是竺可楨校長多次強調過的。	leipzig	zho_news_2020_300K:271901	这两个字是竺可桢校长多次强调过的。	CC-CEDICT	
553	4453_1	多次	多次	duō cì		many times	这两个字是竺可桢校长多次强调过的。	這兩個字是竺可楨校長多次強調過的。	leipzig	zho_news_2020_300K:271901	这两个字是竺可桢校长多次强调过的。	CC-CEDICT	
554	4453_1	强调	強調	qiáng diào		to emphasize	这两个字是竺可桢校长多次强调过的。	這兩個字是竺可楨校長多次強調過的。	leipzig	zho_news_2020_300K:271901	这两个字是竺可桢校长多次强调过的。	CC-CEDICT	
555	4454_1	所在地	所在地	suǒ zài dì		location	元谋人所在地层的孢粉组合，松属占33.3%，桤木属占13%，草本植物占40%。	元謀人所在地層的孢粉組合，松屬佔33.3%，榿木屬佔13%，草本植物佔40%。	leipzig	zho_wikipedia_2018_1M:201892	元谋人所在地层的孢粉组合，松属占33.3%，桤木属占13%，草本植物占40%。	CC-CEDICT	
556	4454_1	组合	組合	zǔ hé		to assemble	元谋人所在地层的孢粉组合，松属占33.3%，桤木属占13%，草本植物占40%。	元謀人所在地層的孢粉組合，松屬佔33.3%，榿木屬佔13%，草本植物佔40%。	leipzig	zho_wikipedia_2018_1M:201892	元谋人所在地层的孢粉组合，松属占33.3%，桤木属占13%，草本植物占40%。	CC-CEDICT	
557	4454_1	草本植物	草本植物	cǎo běn zhí wù		herbaceous plant	元谋人所在地层的孢粉组合，松属占33.3%，桤木属占13%，草本植物占40%。	元謀人所在地層的孢粉組合，松屬佔33.3%，榿木屬佔13%，草本植物佔40%。	leipzig	zho_wikipedia_2018_1M:201892	元谋人所在地层的孢粉组合，松属占33.3%，桤木属占13%，草本植物占40%。	CC-CEDICT	
558	4459_1	秦桧	秦檜	qín huì		Qin Hui	无赖秦桧被当众吃瘪，这件事情一下哄动了临安城。	無賴秦檜被當眾吃癟，這件事情一下鬨動了臨安城。	leipzig	zho_news_2020_300K:171139	无赖秦桧被当众吃瘪，这件事情一下哄动了临安城。	CC-CEDICT	
559	4459_1	当众	當眾	dāng zhòng		in public	无赖秦桧被当众吃瘪，这件事情一下哄动了临安城。	無賴秦檜被當眾吃癟，這件事情一下鬨動了臨安城。	leipzig	zho_news_2020_300K:171139	无赖秦桧被当众吃瘪，这件事情一下哄动了临安城。	CC-CEDICT	
560	4459_1	吃瘪	吃癟	chī biě		to suffer a humiliation	无赖秦桧被当众吃瘪，这件事情一下哄动了临安城。	無賴秦檜被當眾吃癟，這件事情一下鬨動了臨安城。	leipzig	zho_news_2020_300K:171139	无赖秦桧被当众吃瘪，这件事情一下哄动了临安城。	CC-CEDICT	
561	4459_1	临安	臨安	lín ān		Lin'an	无赖秦桧被当众吃瘪，这件事情一下哄动了临安城。	無賴秦檜被當眾吃癟，這件事情一下鬨動了臨安城。	leipzig	zho_news_2020_300K:171139	无赖秦桧被当众吃瘪，这件事情一下哄动了临安城。	CC-CEDICT	
562	4470_1	附带	附帶	fù dài		supplementary	……谐丽附带蜂蝶大军迤逦前行。	……諧麗附帶蜂蝶大軍迤邐前行。	leipzig	zho_news_2020_300K:265337	……谐丽附带蜂蝶大军迤逦前行。	CC-CEDICT	
563	4470_1	迤逦	迤邐	yǐ lǐ	yí lǐ	meandering	……谐丽附带蜂蝶大军迤逦前行。	……諧麗附帶蜂蝶大軍迤邐前行。	leipzig	zho_news_2020_300K:265337	……谐丽附带蜂蝶大军迤逦前行。	CC-CEDICT	Taiwan MOE Concise Dictionary
564	4475_1	苦寒	苦寒	kǔ hán		bitter cold	保剑锋从磨砺出，梅花香自苦寒来。	保劍鋒從磨礪出，梅花香自苦寒來。	leipzig	zho_news_2020_300K:56249	保剑锋从磨砺出，梅花香自苦寒来。	CC-CEDICT	
565	4483_1	卡拉	卡拉	kǎ lā		karaoke	，系雅砻江卡拉至江口河段规划的5个梯级电站之一，	，系雅礱江卡拉至江口河段規劃的5個梯級電站之一，	leipzig	zho_wikipedia_2018_1M:777095	，系雅砻江卡拉至江口河段规划的5个梯级电站之一，	CC-CEDICT	
566	4483_1	江口	江口	jiāng kǒu		Jiangkou	，系雅砻江卡拉至江口河段规划的5个梯级电站之一，	，系雅礱江卡拉至江口河段規劃的5個梯級電站之一，	leipzig	zho_wikipedia_2018_1M:777095	，系雅砻江卡拉至江口河段规划的5个梯级电站之一，	CC-CEDICT	
567	4483_1	规划	規劃	guī huà		to draw up a plan	，系雅砻江卡拉至江口河段规划的5个梯级电站之一，	，系雅礱江卡拉至江口河段規劃的5個梯級電站之一，	leipzig	zho_wikipedia_2018_1M:777095	，系雅砻江卡拉至江口河段规划的5个梯级电站之一，	CC-CEDICT	
568	4483_1	电站	電站	diàn zhàn		power station	，系雅砻江卡拉至江口河段规划的5个梯级电站之一，	，系雅礱江卡拉至江口河段規劃的5個梯級電站之一，	leipzig	zho_wikipedia_2018_1M:777095	，系雅砻江卡拉至江口河段规划的5个梯级电站之一，	CC-CEDICT	
569	4484_1	苏轼	蘇軾	sū shì		Su Shi	苏轼觉得白杨梅稀有，所以特意赋诗。	蘇軾覺得白楊梅稀有，所以特意賦詩。	leipzig	zho_news_2020_300K:247606	苏轼觉得白杨梅稀有，所以特意赋诗。	CC-CEDICT	
570	4484_1	杨梅	楊梅	yáng méi		red bayberry	苏轼觉得白杨梅稀有，所以特意赋诗。	蘇軾覺得白楊梅稀有，所以特意賦詩。	leipzig	zho_news_2020_300K:247606	苏轼觉得白杨梅稀有，所以特意赋诗。	CC-CEDICT	
571	4484_1	稀有	稀有	xī yǒu		uncommon	苏轼觉得白杨梅稀有，所以特意赋诗。	蘇軾覺得白楊梅稀有，所以特意賦詩。	leipzig	zho_news_2020_300K:247606	苏轼觉得白杨梅稀有，所以特意赋诗。	CC-CEDICT	
572	4484_1	特意	特意	tè yì		specially	苏轼觉得白杨梅稀有，所以特意赋诗。	蘇軾覺得白楊梅稀有，所以特意賦詩。	leipzig	zho_news_2020_300K:247606	苏轼觉得白杨梅稀有，所以特意赋诗。	CC-CEDICT	
573	4485_1	不分轩轾	不分軒輊	bù fēn xuān zhì		well-matched	不分轩轾是一个成语或固定说法。	不分軒輊是一個成語或固定說法。	authored	level-2/4485_1	不分轩轾是一个成语或固定说法。	CC-CEDICT	
574	4488_1	趸批	躉批	dǔn pī		wholesale	趸批是一个较少见的词语。	躉批是一個較少見的詞語。	authored	level-2/4488_1	趸批是一个较少见的词语。	CC-CEDICT	
575	4490_1	设计	設計	shè jì		to design	设计师反向利用了鸬鹚捕鱼的捕食链制作包装。	設計師反向利用了鸕鶿捕魚的捕食鏈製作包裝。	leipzig	zho_news_2020_300K:263244	设计师反向利用了鸬鹚捕鱼的捕食链制作包装。	CC-CEDICT	
576	4490_1	反向	反向	fǎn xiàng		opposite direction	设计师反向利用了鸬鹚捕鱼的捕食链制作包装。	設計師反向利用了鸕鶿捕魚的捕食鏈製作包裝。	leipzig	zho_news_2020_300K:263244	设计师反向利用了鸬鹚捕鱼的捕食链制作包装。	CC-CEDICT	
577	4490_1	利用	利用	lì yòng		to exploit	设计师反向利用了鸬鹚捕鱼的捕食链制作包装。	設計師反向利用了鸕鶿捕魚的捕食鏈製作包裝。	leipzig	zho_news_2020_300K:263244	设计师反向利用了鸬鹚捕鱼的捕食链制作包装。	CC-CEDICT	
578	4490_1	捕鱼	捕魚	bǔ yú		to catch fish	设计师反向利用了鸬鹚捕鱼的捕食链制作包装。	設計師反向利用了鸕鶿捕魚的捕食鏈製作包裝。	leipzig	zho_news_2020_300K:263244	设计师反向利用了鸬鹚捕鱼的捕食链制作包装。	CC-CEDICT	
579	4490_1	捕食	捕食	bǔ shí		to prey on	设计师反向利用了鸬鹚捕鱼的捕食链制作包装。	設計師反向利用了鸕鶿捕魚的捕食鏈製作包裝。	leipzig	zho_news_2020_300K:263244	设计师反向利用了鸬鹚捕鱼的捕食链制作包装。	CC-CEDICT	
580	4490_1	制作	製作	zhì zuò		to make	设计师反向利用了鸬鹚捕鱼的捕食链制作包装。	設計師反向利用了鸕鶿捕魚的捕食鏈製作包裝。	leipzig	zho_news_2020_300K:263244	设计师反向利用了鸬鹚捕鱼的捕食链制作包装。	CC-CEDICT	
581	4490_1	包装	包裝	bāo zhuāng		to wrap	设计师反向利用了鸬鹚捕鱼的捕食链制作包装。	設計師反向利用了鸕鶿捕魚的捕食鏈製作包裝。	leipzig	zho_news_2020_300K:263244	设计师反向利用了鸬鹚捕鱼的捕食链制作包装。	CC-CEDICT	
582	4494_1	唛头	嘜頭	mài tóu		trademark	唛头是一种器物。	嘜頭是一種器物。	authored	level-2/4494_1	唛头是一种器物。	CC-CEDICT	
583	4514_1	原稿	原稿	yuán gǎo		manuscript	，而不是用原稿上的中音唢呐独奏。	，而不是用原稿上的中音嗩吶獨奏。	leipzig	zho_wikipedia_2018_1M:798911	，而不是用原稿上的中音唢呐独奏。	CC-CEDICT	
584	4514_1	唢呐	嗩吶	suǒ nà		also written 鎖吶|锁呐	，而不是用原稿上的中音唢呐独奏。	，而不是用原稿上的中音嗩吶獨奏。	leipzig	zho_wikipedia_2018_1M:798911	，而不是用原稿上的中音唢呐独奏。	CC-CEDICT	
585	4514_1	独奏	獨奏	dú zòu		solo	，而不是用原稿上的中音唢呐独奏。	，而不是用原稿上的中音嗩吶獨奏。	leipzig	zho_wikipedia_2018_1M:798911	，而不是用原稿上的中音唢呐独奏。	CC-CEDICT	
586	4520_1	啤酒	啤酒	pí jiǔ		beer	都给五百罐 崂山啤酒就倒闭了估计。	都給五百罐 嶗山啤酒就倒閉了估計。	leipzig	zho_news_2020_300K:284400	都给五百罐 崂山啤酒就倒闭了估计。	CC-CEDICT	
587	4520_1	倒闭	倒閉	dǎo bì		to go bankrupt	都给五百罐 崂山啤酒就倒闭了估计。	都給五百罐 嶗山啤酒就倒閉了估計。	leipzig	zho_news_2020_300K:284400	都给五百罐 崂山啤酒就倒闭了估计。	CC-CEDICT	
588	4521_1	岷江	岷江	mín jiāng		Min River	北有邛崃山，南临岷江河网，周围是起伏的的丘陵和稻田。	北有邛崍山，南臨岷江河網，周圍是起伏的的丘陵和稻田。	leipzig	zho_news_2020_300K:74364	北有邛崃山，南临岷江河网，周围是起伏的的丘陵和稻田。	CC-CEDICT	
589	4521_1	稻田	稻田	dào tián		paddy field	北有邛崃山，南临岷江河网，周围是起伏的的丘陵和稻田。	北有邛崍山，南臨岷江河網，周圍是起伏的的丘陵和稻田。	leipzig	zho_news_2020_300K:74364	北有邛崃山，南临岷江河网，周围是起伏的的丘陵和稻田。	CC-CEDICT	
590	4526_1	甘肃	甘肅	gān sù		Gansu	你问甘肃人，甘肃有什么，他们言简意赅：	你問甘肅人，甘肅有什麼，他們言簡意賅：	leipzig	zho_news_2020_300K:55273	你问甘肃人，甘肃有什么，他们言简意赅：	CC-CEDICT	
591	4527_1	景泰	景泰	jǐng tài		Jingtai Emperor	到景泰三年（1452年），朱祁钰将见深廢為沂王，	到景泰三年（1452年），朱祁鈺將見深廢為沂王，	leipzig	zho_wikipedia_2018_1M:245087	到景泰三年（1452年），朱祁钰将见深廢為沂王，	CC-CEDICT	
592	4528_1	军士	軍士	jūn shì		soldier	军士鸣钲，队伍停止前进。	軍士鳴鉦，隊伍停止前進。	preexisting			CC-CEDICT	
593	4530_1	乞食	乞食	qǐ shí		to beg for food	，他们托钵乞食或受人供养，也不排除肉食。	，他們托鉢乞食或受人供養，也不排除肉食。	leipzig	zho_wikipedia_2018_1M:128409	，他们托钵乞食或受人供养，也不排除肉食。	CC-CEDICT	
594	4530_1	排除	排除	pái chú		to eliminate	，他们托钵乞食或受人供养，也不排除肉食。	，他們托鉢乞食或受人供養，也不排除肉食。	leipzig	zho_wikipedia_2018_1M:128409	，他们托钵乞食或受人供养，也不排除肉食。	CC-CEDICT	
595	4530_1	肉食	肉食	ròu shí		carnivorous	，他们托钵乞食或受人供养，也不排除肉食。	，他們托鉢乞食或受人供養，也不排除肉食。	leipzig	zho_wikipedia_2018_1M:128409	，他们托钵乞食或受人供养，也不排除肉食。	CC-CEDICT	
596	4532_1	不用	不用	bù yòng		need not	白旄黄钺，时则亲巡；犀甲雕弧，止于不用。	白旄黃鉞，時則親巡；犀甲雕弧，止於不用。	leipzig	zho_wikipedia_2018_1M:737315	白旄黄钺，时则亲巡；犀甲雕弧，止于不用。	CC-CEDICT	
597	4536_1	从未	從未	cóng wèi		never	与此同时，朝鲜从未放慢过浓缩铀或洲际弹道导弹的研制。	與此同時，朝鮮從未放慢過濃縮鈾或洲際彈道導彈的研製。	leipzig	zho_news_2020_300K:18284	与此同时，朝鲜从未放慢过浓缩铀或洲际弹道导弹的研制。	CC-CEDICT	
598	4536_1	放慢	放慢	fàng màn		to reduce the pace	与此同时，朝鲜从未放慢过浓缩铀或洲际弹道导弹的研制。	與此同時，朝鮮從未放慢過濃縮鈾或洲際彈道導彈的研製。	leipzig	zho_news_2020_300K:18284	与此同时，朝鲜从未放慢过浓缩铀或洲际弹道导弹的研制。	CC-CEDICT	
599	4536_1	浓缩	濃縮	nóng suō		to concentrate	与此同时，朝鲜从未放慢过浓缩铀或洲际弹道导弹的研制。	與此同時，朝鮮從未放慢過濃縮鈾或洲際彈道導彈的研製。	leipzig	zho_news_2020_300K:18284	与此同时，朝鲜从未放慢过浓缩铀或洲际弹道导弹的研制。	CC-CEDICT	
600	4536_1	弹道	彈道	dàn dào		trajectory	与此同时，朝鲜从未放慢过浓缩铀或洲际弹道导弹的研制。	與此同時，朝鮮從未放慢過濃縮鈾或洲際彈道導彈的研製。	leipzig	zho_news_2020_300K:18284	与此同时，朝鲜从未放慢过浓缩铀或洲际弹道导弹的研制。	CC-CEDICT	
601	4536_1	研制	研製	yán zhì		to research and manufacture	与此同时，朝鲜从未放慢过浓缩铀或洲际弹道导弹的研制。	與此同時，朝鮮從未放慢過濃縮鈾或洲際彈道導彈的研製。	leipzig	zho_news_2020_300K:18284	与此同时，朝鲜从未放慢过浓缩铀或洲际弹道导弹的研制。	CC-CEDICT	
602	4537_1	首饰	首飾	shǒu shì		jewelry	现在铂金首饰非常热。	現在鉑金首飾非常熱。	tatoeba	420196	现在铂金首饰非常热。	CC-CEDICT	
603	4538_1	身材	身材	shēn cái		stature	、身材高瘦、留着山羊鬍、帥氣、精神矍铄的老人形象。	、身材高瘦、留著山羊鬍、帥氣、精神矍鑠的老人形象。	leipzig	zho_wikipedia_2018_1M:890452	、身材高瘦、留着山羊鬍、帥氣、精神矍铄的老人形象。	CC-CEDICT	
604	4538_1	形象	形象	xíng xiàng		image	、身材高瘦、留着山羊鬍、帥氣、精神矍铄的老人形象。	、身材高瘦、留著山羊鬍、帥氣、精神矍鑠的老人形象。	leipzig	zho_wikipedia_2018_1M:890452	、身材高瘦、留着山羊鬍、帥氣、精神矍铄的老人形象。	CC-CEDICT	
605	4539_1	过程	過程	guò chéng		course of events	这一过程中的工作量很大，每一处铆接部分都需要单独打造。	這一過程中的工作量很大，每一處鉚接部分都需要單獨打造。	leipzig	zho_wikipedia_2018_1M:899119	这一过程中的工作量很大，每一处铆接部分都需要单独打造。	CC-CEDICT	
606	4539_1	单独	單獨	dān dú		alone	这一过程中的工作量很大，每一处铆接部分都需要单独打造。	這一過程中的工作量很大，每一處鉚接部分都需要單獨打造。	leipzig	zho_wikipedia_2018_1M:899119	这一过程中的工作量很大，每一处铆接部分都需要单独打造。	CC-CEDICT	
607	4539_1	打造	打造	dǎ zào		to forge	这一过程中的工作量很大，每一处铆接部分都需要单独打造。	這一過程中的工作量很大，每一處鉚接部分都需要單獨打造。	leipzig	zho_wikipedia_2018_1M:899119	这一过程中的工作量很大，每一处铆接部分都需要单独打造。	CC-CEDICT	
608	4541_1	共同	共同	gòng tóng		common	而卢武铉派和文在寅派正是共同民主党的主要力量。	而盧武鉉派和文在寅派正是共同民主黨的主要力量。	leipzig	zho_news_2020_300K:240044	而卢武铉派和文在寅派正是共同民主党的主要力量。	CC-CEDICT	
609	4543_1	盐酸	鹽酸	yán suān		hydrochloric acid	矿中如果有氧化铋则直接被盐酸溶解：	礦中如果有氧化鉍則直接被鹽酸溶解：	leipzig	zho_wikipedia_2018_1M:755353	矿中如果有氧化铋则直接被盐酸溶解：	CC-CEDICT	
610	4543_1	溶解	溶解	róng jiě		to dissolve	矿中如果有氧化铋则直接被盐酸溶解：	礦中如果有氧化鉍則直接被鹽酸溶解：	leipzig	zho_wikipedia_2018_1M:755353	矿中如果有氧化铋则直接被盐酸溶解：	CC-CEDICT	
611	4547_1	修士	修士	xiū shì		member of religious order	，还有一些不是修士的独身者是司铎。	，還有一些不是修士的獨身者是司鐸。	leipzig	zho_wikipedia_2018_1M:897314	，还有一些不是修士的独身者是司铎。	CC-CEDICT	
612	4547_1	独身	獨身	dú shēn		unmarried	，还有一些不是修士的独身者是司铎。	，還有一些不是修士的獨身者是司鐸。	leipzig	zho_wikipedia_2018_1M:897314	，还有一些不是修士的独身者是司铎。	CC-CEDICT	
613	4547_1	司铎	司鐸	sī duó		priest	，还有一些不是修士的独身者是司铎。	，還有一些不是修士的獨身者是司鐸。	leipzig	zho_wikipedia_2018_1M:897314	，还有一些不是修士的独身者是司铎。	CC-CEDICT	
614	4548_1	因此	因此	yīn cǐ		thus	因此，铷一般保存在真空安瓿或充有稀有气体（如氩气）的安瓿中。	因此，銣一般儲存在真空安瓿或充有稀有氣體（如氬氣）的安瓿中。	leipzig	zho_wikipedia_2018_1M:336100	因此，铷一般保存在真空安瓿或充有稀有气体（如氩气）的安瓿中。	CC-CEDICT	
615	4548_1	保存	儲存	bǎo cún	chú cún	to conserve	因此，铷一般保存在真空安瓿或充有稀有气体（如氩气）的安瓿中。	因此，銣一般儲存在真空安瓿或充有稀有氣體（如氬氣）的安瓿中。	leipzig	zho_wikipedia_2018_1M:336100	因此，铷一般保存在真空安瓿或充有稀有气体（如氩气）的安瓿中。	CC-CEDICT	Taiwan MOE Concise Dictionary
616	4548_1	真空	真空	zhēn kōng		vacuum	因此，铷一般保存在真空安瓿或充有稀有气体（如氩气）的安瓿中。	因此，銣一般儲存在真空安瓿或充有稀有氣體（如氬氣）的安瓿中。	leipzig	zho_wikipedia_2018_1M:336100	因此，铷一般保存在真空安瓿或充有稀有气体（如氩气）的安瓿中。	CC-CEDICT	
617	4583_1	学堂	學堂	xué táng		college	身材颀长，配着瓜子脸的林志卿，在学生们，包括学堂以外的人来看，不仅人品是好，而且相貌也够美。	身材頎長，配著瓜子臉的林志卿，在學生們，包括學堂以外的人來看，不僅人品是好，而且相貌也夠美。	leipzig	zho_news_2020_300K:268230	身材颀长，配着瓜子脸的林志卿，在学生们，包括学堂以外的人来看，不仅人品是好，而且相貌也够美。	CC-CEDICT	
618	4583_1	人品	人品	rén pǐn		character	身材颀长，配着瓜子脸的林志卿，在学生们，包括学堂以外的人来看，不仅人品是好，而且相貌也够美。	身材頎長，配著瓜子臉的林志卿，在學生們，包括學堂以外的人來看，不僅人品是好，而且相貌也夠美。	leipzig	zho_news_2020_300K:268230	身材颀长，配着瓜子脸的林志卿，在学生们，包括学堂以外的人来看，不仅人品是好，而且相貌也够美。	CC-CEDICT	
619	4583_1	而且	而且	ér qiě		but also	身材颀长，配着瓜子脸的林志卿，在学生们，包括学堂以外的人来看，不仅人品是好，而且相貌也够美。	身材頎長，配著瓜子臉的林志卿，在學生們，包括學堂以外的人來看，不僅人品是好，而且相貌也夠美。	leipzig	zho_news_2020_300K:268230	身材颀长，配着瓜子脸的林志卿，在学生们，包括学堂以外的人来看，不仅人品是好，而且相貌也够美。	CC-CEDICT	
620	4583_1	相貌	相貌	xiàng mào		facial features	身材颀长，配着瓜子脸的林志卿，在学生们，包括学堂以外的人来看，不仅人品是好，而且相貌也够美。	身材頎長，配著瓜子臉的林志卿，在學生們，包括學堂以外的人來看，不僅人品是好，而且相貌也夠美。	leipzig	zho_news_2020_300K:268230	身材颀长，配着瓜子脸的林志卿，在学生们，包括学堂以外的人来看，不仅人品是好，而且相貌也够美。	CC-CEDICT	
621	4584_1	防晒	防曬	fáng shài		sunburn protection	騎樓既可防雨防晒，又便于展示橱窗，招徕生意。	騎樓既可防雨防曬，又便於展示櫥窗，招徠生意。	leipzig	zho_wikipedia_2018_1M:989853	騎樓既可防雨防晒，又便于展示橱窗，招徕生意。	CC-CEDICT	
622	4584_1	便于	便於	biàn yú		easy to	騎樓既可防雨防晒，又便于展示橱窗，招徕生意。	騎樓既可防雨防曬，又便於展示櫥窗，招徠生意。	leipzig	zho_wikipedia_2018_1M:989853	騎樓既可防雨防晒，又便于展示橱窗，招徕生意。	CC-CEDICT	
623	4584_1	展示	展示	zhǎn shì		to reveal	騎樓既可防雨防晒，又便于展示橱窗，招徕生意。	騎樓既可防雨防曬，又便於展示櫥窗，招徠生意。	leipzig	zho_wikipedia_2018_1M:989853	騎樓既可防雨防晒，又便于展示橱窗，招徕生意。	CC-CEDICT	
624	4584_1	橱窗	櫥窗	chú chuāng		display window	騎樓既可防雨防晒，又便于展示橱窗，招徕生意。	騎樓既可防雨防曬，又便於展示櫥窗，招徠生意。	leipzig	zho_wikipedia_2018_1M:989853	騎樓既可防雨防晒，又便于展示橱窗，招徕生意。	CC-CEDICT	
625	4593_1	影业	影業	yǐng yè		film industry	这家影业公司生产了许多脍炙人口的作品。	這家影業公司生產了許多膾炙人口的作品。	tatoeba	6319202	這家影業公司生產了許多膾炙人口的作品。	CC-CEDICT	
626	4593_1	生产	生產	shēng chǎn		to produce	这家影业公司生产了许多脍炙人口的作品。	這家影業公司生產了許多膾炙人口的作品。	tatoeba	6319202	這家影業公司生產了許多膾炙人口的作品。	CC-CEDICT	
627	4598_1	宗室	宗室	zōng shì		imperial clan	将军既毁宗室，今又欲破我父子，感鸱鸮之章， 能不惨然心恻耶？	將軍既毀宗室，今又欲破我父子，感鴟鴞之章， 能不慘然心惻耶？	leipzig	zho_wikipedia_2018_1M:450773	将军既毁宗室，今又欲破我父子，感鸱鸮之章， 能不惨然心恻耶？	CC-CEDICT	
628	4598_1	父子	父子	fù zǐ		father and son	将军既毁宗室，今又欲破我父子，感鸱鸮之章， 能不惨然心恻耶？	將軍既毀宗室，今又欲破我父子，感鴟鴞之章， 能不慘然心惻耶？	leipzig	zho_wikipedia_2018_1M:450773	将军既毁宗室，今又欲破我父子，感鸱鸮之章， 能不惨然心恻耶？	CC-CEDICT	
629	4598_1	鸱鸮	鴟鴞	chī xiāo		owl	将军既毁宗室，今又欲破我父子，感鸱鸮之章， 能不惨然心恻耶？	將軍既毀宗室，今又欲破我父子，感鴟鴞之章， 能不慘然心惻耶？	leipzig	zho_wikipedia_2018_1M:450773	将军既毁宗室，今又欲破我父子，感鸱鸮之章， 能不惨然心恻耶？	CC-CEDICT	
630	4598_1	惨然	慘然	cǎn rán		grieved	将军既毁宗室，今又欲破我父子，感鸱鸮之章， 能不惨然心恻耶？	將軍既毀宗室，今又欲破我父子，感鴟鴞之章， 能不慘然心惻耶？	leipzig	zho_wikipedia_2018_1M:450773	将军既毁宗室，今又欲破我父子，感鸱鸮之章， 能不惨然心恻耶？	CC-CEDICT	
631	4600_1	王导	王導	wáng dǎo		Wang Dao	王导曾当众要求谢尚为此舞：“闻君能为鸲鹆舞，一座倾想，宁有此理乎？”	王導曾當眾要求謝尚為此舞：“聞君能為鴝鵒舞，一座傾想，寧有此理乎？”	leipzig	zho_wikipedia_2018_1M:700563	王导曾当众要求谢尚为此舞：“闻君能为鸲鹆舞，一座倾想，宁有此理乎？”	CC-CEDICT	
632	4600_1	要求	要求	yāo qiú		to request	王导曾当众要求谢尚为此舞：“闻君能为鸲鹆舞，一座倾想，宁有此理乎？”	王導曾當眾要求謝尚為此舞：“聞君能為鴝鵒舞，一座傾想，寧有此理乎？”	leipzig	zho_wikipedia_2018_1M:700563	王导曾当众要求谢尚为此舞：“闻君能为鸲鹆舞，一座倾想，宁有此理乎？”	CC-CEDICT	
633	4604_1	季子	季子	jì zǐ		youngest brother	虢季子白在班师回朝举行献俘礼时，又命属下不其 率兵追击败退至洛水的猃狁，取得胜利。	虢季子白在班師回朝舉行獻俘禮時，又命屬下不其 率兵追擊敗退至洛水的獫狁，取得勝利。	leipzig	zho_wikipedia_2018_1M:849967	虢季子白在班师回朝举行献俘礼时，又命属下不其 率兵追击败退至洛水的猃狁，取得胜利。	CC-CEDICT	
634	4604_1	班师	班師	bān shī		to withdraw troops from the front	虢季子白在班师回朝举行献俘礼时，又命属下不其 率兵追击败退至洛水的猃狁，取得胜利。	虢季子白在班師回朝舉行獻俘禮時，又命屬下不其 率兵追擊敗退至洛水的獫狁，取得勝利。	leipzig	zho_wikipedia_2018_1M:849967	虢季子白在班师回朝举行献俘礼时，又命属下不其 率兵追击败退至洛水的猃狁，取得胜利。	CC-CEDICT	
635	4604_1	属下	屬下	shǔ xià		subordinate	虢季子白在班师回朝举行献俘礼时，又命属下不其 率兵追击败退至洛水的猃狁，取得胜利。	虢季子白在班師回朝舉行獻俘禮時，又命屬下不其 率兵追擊敗退至洛水的獫狁，取得勝利。	leipzig	zho_wikipedia_2018_1M:849967	虢季子白在班师回朝举行献俘礼时，又命属下不其 率兵追击败退至洛水的猃狁，取得胜利。	CC-CEDICT	
636	4604_1	追击	追擊	zhuī jī		to pursue and attack	虢季子白在班师回朝举行献俘礼时，又命属下不其 率兵追击败退至洛水的猃狁，取得胜利。	虢季子白在班師回朝舉行獻俘禮時，又命屬下不其 率兵追擊敗退至洛水的獫狁，取得勝利。	leipzig	zho_wikipedia_2018_1M:849967	虢季子白在班师回朝举行献俘礼时，又命属下不其 率兵追击败退至洛水的猃狁，取得胜利。	CC-CEDICT	
637	4604_1	败退	敗退	bài tuì		to retreat in defeat	虢季子白在班师回朝举行献俘礼时，又命属下不其 率兵追击败退至洛水的猃狁，取得胜利。	虢季子白在班師回朝舉行獻俘禮時，又命屬下不其 率兵追擊敗退至洛水的獫狁，取得勝利。	leipzig	zho_wikipedia_2018_1M:849967	虢季子白在班师回朝举行献俘礼时，又命属下不其 率兵追击败退至洛水的猃狁，取得胜利。	CC-CEDICT	
638	4608_1	袅娜	裊娜	niǎo nuó		slim and graceful	袅娜是一个描写性质或状态的词。	裊娜是一個描寫性質或狀態的詞。	authored	level-2/4608_1	袅娜是一个描写性质或状态的词。	CC-CEDICT	
639	4609_1	加持	加持	jiā chí		blessings	大咖加持，‘土味’农产品成了新潮‘香饽饽’。”	大咖加持，‘土味’農產品成了新潮‘香餑餑’。”	leipzig	zho_news_2020_300K:112111	大咖加持，‘土味’农产品成了新潮‘香饽饽’。”	CC-CEDICT	
640	4609_1	新潮	新潮	xīn cháo		modern	大咖加持，‘土味’农产品成了新潮‘香饽饽’。”	大咖加持，‘土味’農產品成了新潮‘香餑餑’。”	leipzig	zho_news_2020_300K:112111	大咖加持，‘土味’农产品成了新潮‘香饽饽’。”	CC-CEDICT	
641	4609_1	饽饽	餑餑	bō bo	bō bō	pastry	大咖加持，‘土味’农产品成了新潮‘香饽饽’。”	大咖加持，‘土味’農產品成了新潮‘香餑餑’。”	leipzig	zho_news_2020_300K:112111	大咖加持，‘土味’农产品成了新潮‘香饽饽’。”	CC-CEDICT	Taiwan MOE Concise Dictionary
642	4611_1	十五	十五	shí wǔ		fifteen	元太祖十五年，割栾城县、元氏县隶真定路。	元太祖十五年，割欒城縣、元氏縣隸真定路。	leipzig	zho_wikipedia_2018_1M:201330	元太祖十五年，割栾城县、元氏县隶真定路。	CC-CEDICT	
643	4612_1	随后	隨後	suí hòu		afterward	随后，一个痉挛，这孕妇仅剩一缝的黑眼珠也翻过去了。	隨後，一個痙攣，這孕婦僅剩一縫的黑眼珠也翻過去了。	leipzig	zho_news_2020_300K:290522	随后，一个痉挛，这孕妇仅剩一缝的黑眼珠也翻过去了。	CC-CEDICT	
644	4612_1	痉挛	痙攣	jìng luán		to jerk	随后，一个痉挛，这孕妇仅剩一缝的黑眼珠也翻过去了。	隨後，一個痙攣，這孕婦僅剩一縫的黑眼珠也翻過去了。	leipzig	zho_news_2020_300K:290522	随后，一个痉挛，这孕妇仅剩一缝的黑眼珠也翻过去了。	CC-CEDICT	
645	4612_1	孕妇	孕婦	yùn fù		pregnant woman	随后，一个痉挛，这孕妇仅剩一缝的黑眼珠也翻过去了。	隨後，一個痙攣，這孕婦僅剩一縫的黑眼珠也翻過去了。	leipzig	zho_news_2020_300K:290522	随后，一个痉挛，这孕妇仅剩一缝的黑眼珠也翻过去了。	CC-CEDICT	
646	4612_1	黑眼珠	黑眼珠	hēi yǎn zhū		pupil of the eye	随后，一个痉挛，这孕妇仅剩一缝的黑眼珠也翻过去了。	隨後，一個痙攣，這孕婦僅剩一縫的黑眼珠也翻過去了。	leipzig	zho_news_2020_300K:290522	随后，一个痉挛，这孕妇仅剩一缝的黑眼珠也翻过去了。	CC-CEDICT	
647	4612_1	翻过	翻過	fān guò		to turn over	随后，一个痉挛，这孕妇仅剩一缝的黑眼珠也翻过去了。	隨後，一個痙攣，這孕婦僅剩一縫的黑眼珠也翻過去了。	leipzig	zho_news_2020_300K:290522	随后，一个痉挛，这孕妇仅剩一缝的黑眼珠也翻过去了。	CC-CEDICT	
648	4618_1	养痈遗患	養癰遺患	yǎng yōng yí huàn		to cherish a viper in one's bosom	养痈遗患表示一种动作。	養癰遺患表示一種動作。	authored	level-2/4618_1	养痈遗患表示一种动作。	CC-CEDICT	
649	4624_1	大公报	大公報	dà gōng bào		Dagong Bao	“《大公报》自创办以来之奋斗史，已在中国新闻史上放一异彩，迄无可以颉颃者。”	“《大公報》自創辦以來之奮鬥史，已在中國新聞史上放一異彩，迄無可以頡頏者。”	leipzig	zho_wikipedia_2018_1M:403241	“《大公报》自创办以来之奋斗史，已在中国新闻史上放一异彩，迄无可以颉颃者。”	CC-CEDICT	
650	4624_1	创办	創辦	chuàng bàn		to establish	“《大公报》自创办以来之奋斗史，已在中国新闻史上放一异彩，迄无可以颉颃者。”	“《大公報》自創辦以來之奮鬥史，已在中國新聞史上放一異彩，迄無可以頡頏者。”	leipzig	zho_wikipedia_2018_1M:403241	“《大公报》自创办以来之奋斗史，已在中国新闻史上放一异彩，迄无可以颉颃者。”	CC-CEDICT	
651	4624_1	异彩	異彩	yì cǎi		extraordinary splendor	“《大公报》自创办以来之奋斗史，已在中国新闻史上放一异彩，迄无可以颉颃者。”	“《大公報》自創辦以來之奮鬥史，已在中國新聞史上放一異彩，迄無可以頡頏者。”	leipzig	zho_wikipedia_2018_1M:403241	“《大公报》自创办以来之奋斗史，已在中国新闻史上放一异彩，迄无可以颉颃者。”	CC-CEDICT	
652	4630_1	民间	民間	mín jiān		among the people	，广东一带民间从放鸽会中演生出白鸽票，由众人先行醵资，抓阄猜射。	，廣東一帶民間從放鴿會中演生出白鴿票，由眾人先行醵資，抓鬮猜射。	leipzig	zho_wikipedia_2018_1M:481241	，广东一带民间从放鸽会中演生出白鸽票，由众人先行醵资，抓阄猜射。	CC-CEDICT	
653	4630_1	生出	生出	shēng chū		to give birth	，广东一带民间从放鸽会中演生出白鸽票，由众人先行醵资，抓阄猜射。	，廣東一帶民間從放鴿會中演生出白鴿票，由眾人先行醵資，抓鬮猜射。	leipzig	zho_wikipedia_2018_1M:481241	，广东一带民间从放鸽会中演生出白鸽票，由众人先行醵资，抓阄猜射。	CC-CEDICT	
654	4630_1	先行	先行	xiān xíng		to start off before the others	，广东一带民间从放鸽会中演生出白鸽票，由众人先行醵资，抓阄猜射。	，廣東一帶民間從放鴿會中演生出白鴿票，由眾人先行醵資，抓鬮猜射。	leipzig	zho_wikipedia_2018_1M:481241	，广东一带民间从放鸽会中演生出白鸽票，由众人先行醵资，抓阄猜射。	CC-CEDICT	
655	4631_1	直率	直率	zhí shuài		candid	他以訚訚之言直率劝告。	他以誾誾之言直率勸告。	preexisting			CC-CEDICT	
656	4631_1	劝告	勸告	quàn gào		to advise	他以訚訚之言直率劝告。	他以誾誾之言直率勸告。	preexisting			CC-CEDICT	
657	4632_1	四川	四川	sì chuān		Sichuan	在四川阆中市王家嘴社区残疾人编织基地，双下肢瘫痪的李荣华是业务骨干。	在四川閬中市王家嘴社群殘疾人編織基地，雙下肢癱瘓的李榮華是業務骨幹。	leipzig	zho_news_2020_300K:100686	在四川阆中市王家嘴社区残疾人编织基地，双下肢瘫痪的李荣华是业务骨干。	CC-CEDICT	
658	4632_1	王家	王家	wáng jiā		princely	在四川阆中市王家嘴社区残疾人编织基地，双下肢瘫痪的李荣华是业务骨干。	在四川閬中市王家嘴社群殘疾人編織基地，雙下肢癱瘓的李榮華是業務骨幹。	leipzig	zho_news_2020_300K:100686	在四川阆中市王家嘴社区残疾人编织基地，双下肢瘫痪的李荣华是业务骨干。	CC-CEDICT	
659	4632_1	社区	社群	shè qū	shè qún	community	在四川阆中市王家嘴社区残疾人编织基地，双下肢瘫痪的李荣华是业务骨干。	在四川閬中市王家嘴社群殘疾人編織基地，雙下肢癱瘓的李榮華是業務骨幹。	leipzig	zho_news_2020_300K:100686	在四川阆中市王家嘴社区残疾人编织基地，双下肢瘫痪的李荣华是业务骨干。	CC-CEDICT	Taiwan MOE Concise Dictionary
660	4632_1	基地	基地	jī dì		base	在四川阆中市王家嘴社区残疾人编织基地，双下肢瘫痪的李荣华是业务骨干。	在四川閬中市王家嘴社群殘疾人編織基地，雙下肢癱瘓的李榮華是業務骨幹。	leipzig	zho_news_2020_300K:100686	在四川阆中市王家嘴社区残疾人编织基地，双下肢瘫痪的李荣华是业务骨干。	CC-CEDICT	
661	4632_1	下肢	下肢	xià zhī		lower limb	在四川阆中市王家嘴社区残疾人编织基地，双下肢瘫痪的李荣华是业务骨干。	在四川閬中市王家嘴社群殘疾人編織基地，雙下肢癱瘓的李榮華是業務骨幹。	leipzig	zho_news_2020_300K:100686	在四川阆中市王家嘴社区残疾人编织基地，双下肢瘫痪的李荣华是业务骨干。	CC-CEDICT	
662	4632_1	荣华	榮華	róng huá		glory and splendor	在四川阆中市王家嘴社区残疾人编织基地，双下肢瘫痪的李荣华是业务骨干。	在四川閬中市王家嘴社群殘疾人編織基地，雙下肢癱瘓的李榮華是業務骨幹。	leipzig	zho_news_2020_300K:100686	在四川阆中市王家嘴社区残疾人编织基地，双下肢瘫痪的李荣华是业务骨干。	CC-CEDICT	
663	4632_1	骨干	骨幹	gǔ gàn		diaphysis	在四川阆中市王家嘴社区残疾人编织基地，双下肢瘫痪的李荣华是业务骨干。	在四川閬中市王家嘴社群殘疾人編織基地，雙下肢癱瘓的李榮華是業務骨幹。	leipzig	zho_news_2020_300K:100686	在四川阆中市王家嘴社区残疾人编织基地，双下肢瘫痪的李荣华是业务骨干。	CC-CEDICT	
664	4636_1	此时	此時	cǐ shí		now	白居易此时走到邯郸驿，他想家了。	白居易此時走到邯鄲驛，他想家了。	leipzig	zho_news_2020_300K:219624	白居易此时走到邯郸驿，他想家了。	CC-CEDICT	
665	4636_1	邯郸	邯鄲	hán dān		Handan	白居易此时走到邯郸驿，他想家了。	白居易此時走到邯鄲驛，他想家了。	leipzig	zho_news_2020_300K:219624	白居易此时走到邯郸驿，他想家了。	CC-CEDICT	
666	4639_1	类型	型別	lèi xíng		type	，有羊肉烩面、三鲜烩麵、什锦烩麵等多种类型。	，有羊肉燴麵、三鮮燴麵、什錦燴麵等多種型別。	leipzig	zho_wikipedia_2018_1M:599436	，有羊肉烩面、三鲜烩麵、什锦烩麵等多种类型。	CC-CEDICT	
667	4643_1	火把	火把	huǒ bǎ		torch	那场大火把整个小镇烧成了灰烬。	那場大火把整個小鎮燒成了灰燼。	tatoeba	1470516	那場大火把整個小鎮燒成了灰燼。	CC-CEDICT	
668	4643_1	灰烬	灰燼	huī jìn		ashes	那场大火把整个小镇烧成了灰烬。	那場大火把整個小鎮燒成了灰燼。	tatoeba	1470516	那場大火把整個小鎮燒成了灰燼。	CC-CEDICT	
669	4647_1	涟漪	漣漪	lián yī		ripple	微风在湖面上掀起了一丝丝涟漪。	微風在湖面上掀起了一絲絲漣漪。	tatoeba	532197	微風在湖面上掀起了一絲絲漣漪。	CC-CEDICT	
670	4660_1	外国	外國	wài guó		foreign country	》等，及外国剧目《悭吝人》、《	》等，及外國劇目《慳吝人》、《	leipzig	zho_wikipedia_2018_1M:772945	》等，及外国剧目《悭吝人》、《	CC-CEDICT	
671	4660_1	悭吝	慳吝	qiān lìn		miserly	》等，及外国剧目《悭吝人》、《	》等，及外國劇目《慳吝人》、《	leipzig	zho_wikipedia_2018_1M:772945	》等，及外国剧目《悭吝人》、《	CC-CEDICT	
672	4673_1	崇祯	崇禎	chóng zhēn		Chongzhen	崇祯帝阅疏，非常生气，将黄道周贬斥为民。	崇禎帝閱疏，非常生氣，將黃道周貶斥為民。	leipzig	zho_news_2020_300K:131948	崇祯帝阅疏，非常生气，将黄道周贬斥为民。	CC-CEDICT	
673	4673_1	黄道	黃道	huáng dào		the ecliptic	崇祯帝阅疏，非常生气，将黄道周贬斥为民。	崇禎帝閱疏，非常生氣，將黃道周貶斥為民。	leipzig	zho_news_2020_300K:131948	崇祯帝阅疏，非常生气，将黄道周贬斥为民。	CC-CEDICT	
674	4673_1	贬斥	貶斥	biǎn chì		to demote	崇祯帝阅疏，非常生气，将黄道周贬斥为民。	崇禎帝閱疏，非常生氣，將黃道周貶斥為民。	leipzig	zho_news_2020_300K:131948	崇祯帝阅疏，非常生气，将黄道周贬斥为民。	CC-CEDICT	
675	4674_1	不畏	不畏	bù wèi		unafraid	“不畏难，不推诿”的投入工作。	“不畏難，不推諉”的投入工作。	leipzig	zho_news_2020_300K:15675	“不畏难，不推诿”的投入工作。	CC-CEDICT	
676	4674_1	投入	投入	tóu rù		to throw into	“不畏难，不推诿”的投入工作。	“不畏難，不推諉”的投入工作。	leipzig	zho_news_2020_300K:15675	“不畏难，不推诿”的投入工作。	CC-CEDICT	
677	4675_1	受够	受夠	shòu gòu		to have had enough of	国王受够了他的大臣们总是对他阿谀奉承，于是把他们遣散了。	國王受夠了他的大臣們總是對他阿諛奉承，於是把他們遣散了。	tatoeba	502938	国王受够了他的大臣们总是对他阿谀奉承，于是把他们遣散了。	CC-CEDICT	
678	4675_1	奉承	奉承	fèng cheng	fèng chéng	to fawn on	国王受够了他的大臣们总是对他阿谀奉承，于是把他们遣散了。	國王受夠了他的大臣們總是對他阿諛奉承，於是把他們遣散了。	tatoeba	502938	国王受够了他的大臣们总是对他阿谀奉承，于是把他们遣散了。	CC-CEDICT	Taiwan MOE Concise Dictionary
679	4675_1	于是	於是	yú shì		thereupon	国王受够了他的大臣们总是对他阿谀奉承，于是把他们遣散了。	國王受夠了他的大臣們總是對他阿諛奉承，於是把他們遣散了。	tatoeba	502938	国王受够了他的大臣们总是对他阿谀奉承，于是把他们遣散了。	CC-CEDICT	
680	4675_1	遣散	遣散	qiǎn sàn		to disband	国王受够了他的大臣们总是对他阿谀奉承，于是把他们遣散了。	國王受夠了他的大臣們總是對他阿諛奉承，於是把他們遣散了。	tatoeba	502938	国王受够了他的大臣们总是对他阿谀奉承，于是把他们遣散了。	CC-CEDICT	
681	4677_1	居心不良	居心不良	jū xīn bù liáng		to harbor evil intentions	是居心不良的看笑话，再就是谄媚了。	是居心不良的看笑話，再就是諂媚了。	leipzig	zho_news_2020_300K:175169	是居心不良的看笑话，再就是谄媚了。	CC-CEDICT	
682	4677_1	笑话	笑話	xiào hua	xiào huà	joke	是居心不良的看笑话，再就是谄媚了。	是居心不良的看笑話，再就是諂媚了。	leipzig	zho_news_2020_300K:175169	是居心不良的看笑话，再就是谄媚了。	CC-CEDICT	Taiwan MOE Concise Dictionary
683	4677_1	谄媚	諂媚	chǎn mèi		to flatter	是居心不良的看笑话，再就是谄媚了。	是居心不良的看笑話，再就是諂媚了。	leipzig	zho_news_2020_300K:175169	是居心不良的看笑话，再就是谄媚了。	CC-CEDICT	
684	4691_1	李白	李白	lǐ bái		Li Bai	李白有诗云“女娲戏黄土，团作愚下人。	李白有詩云“女媧戲黃土，團作愚下人。	leipzig	zho_news_2020_300K:184150	李白有诗云“女娲戏黄土，团作愚下人。	CC-CEDICT	
685	4691_1	女娲	女媧	nǚ wā		Nüwa	李白有诗云“女娲戏黄土，团作愚下人。	李白有詩云“女媧戲黃土，團作愚下人。	leipzig	zho_news_2020_300K:184150	李白有诗云“女娲戏黄土，团作愚下人。	CC-CEDICT	
686	4691_1	黄土	黃土	huáng tǔ		loess	李白有诗云“女娲戏黄土，团作愚下人。	李白有詩云“女媧戲黃土，團作愚下人。	leipzig	zho_news_2020_300K:184150	李白有诗云“女娲戏黄土，团作愚下人。	CC-CEDICT	
687	4693_1	娴熟	嫻熟	xián shú	xián shóu	adept	汤姆车开得不是很娴熟。	湯姆車開得不是很嫻熟。	tatoeba	13046546	汤姆车开得不是很娴熟。	CC-CEDICT	Taiwan MOE Concise Dictionary
688	4700_1	秦始皇	秦始皇	qín shǐ huáng		Qin Shihuang	秦始皇为何要将陵址选在骊山北麓呢？	秦始皇為何要將陵址選在驪山北麓呢？	leipzig	zho_news_2020_300K:226577	秦始皇为何要将陵址选在骊山北麓呢？	CC-CEDICT	
689	4700_1	为何	為何	wèi hé		why	秦始皇为何要将陵址选在骊山北麓呢？	秦始皇為何要將陵址選在驪山北麓呢？	leipzig	zho_news_2020_300K:226577	秦始皇为何要将陵址选在骊山北麓呢？	CC-CEDICT	
690	4702_1	天子	天子	tiān zǐ		the emperor	地方空起来，供给我们天子驰骋打猎？	地方空起來，供給我們天子馳騁打獵？	leipzig	zho_news_2020_300K:108270	地方空起来，供给我们天子驰骋打猎？	CC-CEDICT	
691	4702_1	打猎	打獵	dǎ liè		to go hunting	地方空起来，供给我们天子驰骋打猎？	地方空起來，供給我們天子馳騁打獵？	leipzig	zho_news_2020_300K:108270	地方空起来，供给我们天子驰骋打猎？	CC-CEDICT	
692	4703_1	成立	成立	chéng lì		to establish	中华人民共和国成立后，姚喆任绥远军区副司令员。	中華人民共和國成立後，姚喆任綏遠軍區副司令員。	leipzig	zho_news_2020_300K:20409	中华人民共和国成立后，姚喆任绥远军区副司令员。	CC-CEDICT	
693	4703_1	军区	軍區	jūn qū		geographical area of command	中华人民共和国成立后，姚喆任绥远军区副司令员。	中華人民共和國成立後，姚喆任綏遠軍區副司令員。	leipzig	zho_news_2020_300K:20409	中华人民共和国成立后，姚喆任绥远军区副司令员。	CC-CEDICT	
694	4708_1	曲阜	曲阜	qū fù		Qufu	各种鸟类二十九种，其中鹭鸶为曲阜的“	各種鳥類二十九種，其中鷺鷥為曲阜的“	leipzig	zho_wikipedia_2018_1M:299964	各种鸟类二十九种，其中鹭鸶为曲阜的“	CC-CEDICT	
695	4711_1	第二	第二	dì èr		second	张国焘，中国共产党第二届中央委员会委员；	張國燾，中國共產黨第二屆中央委員會委員；	leipzig	zho_news_2020_300K:137900	张国焘，中国共产党第二届中央委员会委员；	CC-CEDICT	
696	4715_1	方形	方形	fāng xíng		square	方形截面，外观洁白，偶有麸皮夹入其中。	方形截面，外觀潔白，偶有麩皮夾入其中。	leipzig	zho_wikipedia_2018_1M:559902	方形截面，外观洁白，偶有麸皮夹入其中。	CC-CEDICT	
697	4715_1	截面	截面	jié miàn		section	方形截面，外观洁白，偶有麸皮夹入其中。	方形截面，外觀潔白，偶有麩皮夾入其中。	leipzig	zho_wikipedia_2018_1M:559902	方形截面，外观洁白，偶有麸皮夹入其中。	CC-CEDICT	
698	4715_1	外观	外觀	wài guān		outward appearance	方形截面，外观洁白，偶有麸皮夹入其中。	方形截面，外觀潔白，偶有麩皮夾入其中。	leipzig	zho_wikipedia_2018_1M:559902	方形截面，外观洁白，偶有麸皮夹入其中。	CC-CEDICT	
699	4715_1	洁白	潔白	jié bái		spotlessly white	方形截面，外观洁白，偶有麸皮夹入其中。	方形截面，外觀潔白，偶有麩皮夾入其中。	leipzig	zho_wikipedia_2018_1M:559902	方形截面，外观洁白，偶有麸皮夹入其中。	CC-CEDICT	
700	4720_1	沿海	沿海	yán hǎi		coastal	远离东南沿海的中原人，只能通过诸侯的朝贡、征战中的掳掠以及交易获得。	遠離東南沿海的中原人，只能透過諸侯的朝貢、征戰中的擄掠以及交易獲得。	leipzig	zho_news_2020_300K:278738	远离东南沿海的中原人，只能通过诸侯的朝贡、征战中的掳掠以及交易获得。	CC-CEDICT	
701	4720_1	中原	中原	zhōng yuán		Central Plain	远离东南沿海的中原人，只能通过诸侯的朝贡、征战中的掳掠以及交易获得。	遠離東南沿海的中原人，只能透過諸侯的朝貢、征戰中的擄掠以及交易獲得。	leipzig	zho_news_2020_300K:278738	远离东南沿海的中原人，只能通过诸侯的朝贡、征战中的掳掠以及交易获得。	CC-CEDICT	
702	4720_1	只能	只能	zhǐ néng		can only	远离东南沿海的中原人，只能通过诸侯的朝贡、征战中的掳掠以及交易获得。	遠離東南沿海的中原人，只能透過諸侯的朝貢、征戰中的擄掠以及交易獲得。	leipzig	zho_news_2020_300K:278738	远离东南沿海的中原人，只能通过诸侯的朝贡、征战中的掳掠以及交易获得。	CC-CEDICT	
703	4720_1	诸侯	諸侯	zhū hóu		local rulers	远离东南沿海的中原人，只能通过诸侯的朝贡、征战中的掳掠以及交易获得。	遠離東南沿海的中原人，只能透過諸侯的朝貢、征戰中的擄掠以及交易獲得。	leipzig	zho_news_2020_300K:278738	远离东南沿海的中原人，只能通过诸侯的朝贡、征战中的掳掠以及交易获得。	CC-CEDICT	
704	4720_1	征战	征戰	zhēng zhàn		campaign	远离东南沿海的中原人，只能通过诸侯的朝贡、征战中的掳掠以及交易获得。	遠離東南沿海的中原人，只能透過諸侯的朝貢、征戰中的擄掠以及交易獲得。	leipzig	zho_news_2020_300K:278738	远离东南沿海的中原人，只能通过诸侯的朝贡、征战中的掳掠以及交易获得。	CC-CEDICT	
705	4721_1	多大	多大	duō dà		how old?	袁某之前对缪可馨的掌掴，造成了多大心理阴影？	袁某之前對繆可馨的掌摑，造成了多大心理陰影？	leipzig	zho_news_2020_300K:252956	袁某之前对缪可馨的掌掴，造成了多大心理阴影？	CC-CEDICT	
706	4721_1	阴影	陰影	yīn yǐng		shadow	袁某之前对缪可馨的掌掴，造成了多大心理阴影？	袁某之前對繆可馨的掌摑，造成了多大心理陰影？	leipzig	zho_news_2020_300K:252956	袁某之前对缪可馨的掌掴，造成了多大心理阴影？	CC-CEDICT	
707	4740_1	提及	提及	tí jí		to mention	罗振玉在《海宁王忠悫公遗书序》提及王国维有预言“中国近状，恐以共和始，而以共产终。”	羅振玉在《海寧王忠慤公遺書序》提及王國維有預言“中國近狀，恐以共和始，而以共產終。”	leipzig	zho_wikipedia_2018_1M:791196	罗振玉在《海宁王忠悫公遗书序》提及王国维有预言“中国近状，恐以共和始，而以共产终。”	CC-CEDICT	
708	4740_1	王国	王國	wáng guó		kingdom	罗振玉在《海宁王忠悫公遗书序》提及王国维有预言“中国近状，恐以共和始，而以共产终。”	羅振玉在《海寧王忠慤公遺書序》提及王國維有預言“中國近狀，恐以共和始，而以共產終。”	leipzig	zho_wikipedia_2018_1M:791196	罗振玉在《海宁王忠悫公遗书序》提及王国维有预言“中国近状，恐以共和始，而以共产终。”	CC-CEDICT	
709	4740_1	共和	共和	gòng hé		republic	罗振玉在《海宁王忠悫公遗书序》提及王国维有预言“中国近状，恐以共和始，而以共产终。”	羅振玉在《海寧王忠慤公遺書序》提及王國維有預言“中國近狀，恐以共和始，而以共產終。”	leipzig	zho_wikipedia_2018_1M:791196	罗振玉在《海宁王忠悫公遗书序》提及王国维有预言“中国近状，恐以共和始，而以共产终。”	CC-CEDICT	
710	4767_1	整夜	整夜	zhěng yè		the whole night	我昨晚一整夜没睡好，因为有许多事情萦绕在我的心头。	我昨晚一整夜沒睡好，因為有許多事情縈繞在我的心頭。	tatoeba	532195	我昨晚一整夜沒睡好，因為有許多事情縈繞在我的心頭。	CC-CEDICT	
711	4767_1	萦绕	縈繞	yíng rào		to linger on	我昨晚一整夜没睡好，因为有许多事情萦绕在我的心头。	我昨晚一整夜沒睡好，因為有許多事情縈繞在我的心頭。	tatoeba	532195	我昨晚一整夜沒睡好，因為有許多事情縈繞在我的心頭。	CC-CEDICT	
712	4771_1	另外	另外	lìng wài		additional	除了本种，还有另外9种可食用的榴梿属物种，多只在原生地的市场上出现。	除了本種，還有另外9種可食用的榴槤屬物種，多隻在原生地的市場上出現。	leipzig	zho_wikipedia_2018_1M:959944	除了本种，还有另外9种可食用的榴梿属物种，多只在原生地的市场上出现。	CC-CEDICT	
713	4771_1	榴梿	榴槤	liú lián		durian	除了本种，还有另外9种可食用的榴梿属物种，多只在原生地的市场上出现。	除了本種，還有另外9種可食用的榴槤屬物種，多隻在原生地的市場上出現。	leipzig	zho_wikipedia_2018_1M:959944	除了本种，还有另外9种可食用的榴梿属物种，多只在原生地的市场上出现。	CC-CEDICT	
714	4773_1	田猎	田獵	tián liè		to hunt	惟遵其国俗，喜田猎，信巫觋卜筮，是其小蔽。	惟遵其國俗，喜田獵，信巫覡卜筮，是其小蔽。	leipzig	zho_wikipedia_2018_1M:511869	惟遵其国俗，喜田猎，信巫觋卜筮，是其小蔽。	CC-CEDICT	
715	4773_1	卜筮	卜筮	bǔ shì		divination	惟遵其国俗，喜田猎，信巫觋卜筮，是其小蔽。	惟遵其國俗，喜田獵，信巫覡卜筮，是其小蔽。	leipzig	zho_wikipedia_2018_1M:511869	惟遵其国俗，喜田猎，信巫觋卜筮，是其小蔽。	CC-CEDICT	
716	4779_1	图形	圖形	tú xíng		picture	庙门两侧是漏明窗，窗棂以木条构成几何图形。	廟門兩側是漏明窗，窗欞以木條構成幾何圖形。	leipzig	zho_news_2020_300K:136636	庙门两侧是漏明窗，窗棂以木条构成几何图形。	CC-CEDICT	
717	4780_1	吝啬	吝嗇	lìn sè		stingy	玛莉不喜欢跟汤姆一样吝啬的男人。	瑪莉不喜歡跟湯姆一樣吝嗇的男人。	tatoeba	4805724	瑪莉不喜歡跟湯姆一樣吝嗇的男人。	CC-CEDICT	
718	4782_1	乐观	樂觀	lè guān		optimistic	乐观主义仅仅是一种信息的匮乏的产物。	樂觀主義僅僅是一種資訊的匱乏的產物。	tatoeba	2065020	乐观主义仅仅是一种信息的匮乏的产物。	CC-CEDICT	
719	4782_1	信息	資訊	xìn xī	zī xùn	information	乐观主义仅仅是一种信息的匮乏的产物。	樂觀主義僅僅是一種資訊的匱乏的產物。	tatoeba	2065020	乐观主义仅仅是一种信息的匮乏的产物。	CC-CEDICT	Taiwan MOE Concise Dictionary
720	4782_1	产物	產物	chǎn wù		product	乐观主义仅仅是一种信息的匮乏的产物。	樂觀主義僅僅是一種資訊的匱乏的產物。	tatoeba	2065020	乐观主义仅仅是一种信息的匮乏的产物。	CC-CEDICT	
721	4801_1	化作	化作	huà zuò		to change into	这与龚自珍“落红不是无情物，化作春泥更护花”佳句之意，已然相通。	這與龔自珍“落紅不是無情物，化作春泥更護花”佳句之意，已然相通。	leipzig	zho_news_2020_300K:271858	这与龚自珍“落红不是无情物，化作春泥更护花”佳句之意，已然相通。	CC-CEDICT	
722	4801_1	已然	已然	yǐ rán		already	这与龚自珍“落红不是无情物，化作春泥更护花”佳句之意，已然相通。	這與龔自珍“落紅不是無情物，化作春泥更護花”佳句之意，已然相通。	leipzig	zho_news_2020_300K:271858	这与龚自珍“落红不是无情物，化作春泥更护花”佳句之意，已然相通。	CC-CEDICT	
723	4801_1	相通	相通	xiāng tōng		interlinked	这与龚自珍“落红不是无情物，化作春泥更护花”佳句之意，已然相通。	這與龔自珍“落紅不是無情物，化作春泥更護花”佳句之意，已然相通。	leipzig	zho_news_2020_300K:271858	这与龚自珍“落红不是无情物，化作春泥更护花”佳句之意，已然相通。	CC-CEDICT	
724	4802_1	殒命	殞命	yǔn mìng		to die	及以忧殒命，则操之猜忍实甚，非所及料也。	及以憂殞命，則操之猜忍實甚，非所及料也。	leipzig	zho_wikipedia_2018_1M:277870	及以忧殒命，则操之猜忍实甚，非所及料也。	CC-CEDICT	
725	4803_1	水族	水族	shuǐ zú		collective term for aquatic animals	水族实行土葬，若死者是妇女要等娘家人验看后才能入殓。	水族實行土葬，若死者是婦女要等孃家人驗看後才能入殮。	leipzig	zho_wikipedia_2018_1M:655961	水族实行土葬，若死者是妇女要等娘家人验看后才能入殓。	CC-CEDICT	
726	4803_1	土葬	土葬	tǔ zàng		burial	水族实行土葬，若死者是妇女要等娘家人验看后才能入殓。	水族實行土葬，若死者是婦女要等孃家人驗看後才能入殮。	leipzig	zho_wikipedia_2018_1M:655961	水族实行土葬，若死者是妇女要等娘家人验看后才能入殓。	CC-CEDICT	
727	4803_1	死者	死者	sǐ zhě		the dead	水族实行土葬，若死者是妇女要等娘家人验看后才能入殓。	水族實行土葬，若死者是婦女要等孃家人驗看後才能入殮。	leipzig	zho_wikipedia_2018_1M:655961	水族实行土葬，若死者是妇女要等娘家人验看后才能入殓。	CC-CEDICT	
728	4803_1	娘家	孃家	niáng jiā		wife's family	水族实行土葬，若死者是妇女要等娘家人验看后才能入殓。	水族實行土葬，若死者是婦女要等孃家人驗看後才能入殮。	leipzig	zho_wikipedia_2018_1M:655961	水族实行土葬，若死者是妇女要等娘家人验看后才能入殓。	CC-CEDICT	
729	4805_1	代管	代管	dài guǎn		to administer	白城市辖镇赉县、通榆县、洮北区，代管大安、洮南市。	白城市轄鎮賚縣、通榆縣、洮北區，代管大安、洮南市。	leipzig	zho_wikipedia_2018_1M:737128	白城市辖镇赉县、通榆县、洮北区，代管大安、洮南市。	CC-CEDICT	
730	4805_1	大安	大安	dà ān		Da'an	白城市辖镇赉县、通榆县、洮北区，代管大安、洮南市。	白城市轄鎮賚縣、通榆縣、洮北區，代管大安、洮南市。	leipzig	zho_wikipedia_2018_1M:737128	白城市辖镇赉县、通榆县、洮北区，代管大安、洮南市。	CC-CEDICT	
731	4807_1	发脾气	發脾氣	fā pí qì		to lose one's temper	他动辄就发脾气，所以我不怎么喜欢他。	他動輒就發脾氣，所以我不怎麼喜歡他。	tatoeba	501219	他動輒就發脾氣，所以我不怎麼喜歡他。	CC-CEDICT	
732	4808_1	山地	山地	shān dì		mountainous region	山地丘陵间有桃村地堑盆地、莱阳断陷盆地和胶莱凹陷平原等。	山地丘陵間有桃村地塹盆地、萊陽斷陷盆地和膠萊凹陷平原等。	leipzig	zho_wikipedia_2018_1M:463982	山地丘陵间有桃村地堑盆地、莱阳断陷盆地和胶莱凹陷平原等。	CC-CEDICT	
733	4808_1	盆地	盆地	pén dì		basin	山地丘陵间有桃村地堑盆地、莱阳断陷盆地和胶莱凹陷平原等。	山地丘陵間有桃村地塹盆地、萊陽斷陷盆地和膠萊凹陷平原等。	leipzig	zho_wikipedia_2018_1M:463982	山地丘陵间有桃村地堑盆地、莱阳断陷盆地和胶莱凹陷平原等。	CC-CEDICT	
734	4808_1	莱阳	萊陽	lái yáng		Laiyang	山地丘陵间有桃村地堑盆地、莱阳断陷盆地和胶莱凹陷平原等。	山地丘陵間有桃村地塹盆地、萊陽斷陷盆地和膠萊凹陷平原等。	leipzig	zho_wikipedia_2018_1M:463982	山地丘陵间有桃村地堑盆地、莱阳断陷盆地和胶莱凹陷平原等。	CC-CEDICT	
735	4808_1	凹陷	凹陷	āo xiàn		to cave in	山地丘陵间有桃村地堑盆地、莱阳断陷盆地和胶莱凹陷平原等。	山地丘陵間有桃村地塹盆地、萊陽斷陷盆地和膠萊凹陷平原等。	leipzig	zho_wikipedia_2018_1M:463982	山地丘陵间有桃村地堑盆地、莱阳断陷盆地和胶莱凹陷平原等。	CC-CEDICT	
736	4808_1	平原	平原	píng yuán		field	山地丘陵间有桃村地堑盆地、莱阳断陷盆地和胶莱凹陷平原等。	山地丘陵間有桃村地塹盆地、萊陽斷陷盆地和膠萊凹陷平原等。	leipzig	zho_wikipedia_2018_1M:463982	山地丘陵间有桃村地堑盆地、莱阳断陷盆地和胶莱凹陷平原等。	CC-CEDICT	
737	4811_1	口罩	口罩	kǒu zhào		mask	口罩坐地起价，啧啧，我真的不晓得他们怎么想的。	口罩坐地起價，嘖嘖，我真的不曉得他們怎麼想的。	leipzig	zho_news_2020_300K:80812	口罩坐地起价，啧啧，我真的不晓得他们怎么想的。	CC-CEDICT	
738	4811_1	起价	起價	qǐ jià		initial price	口罩坐地起价，啧啧，我真的不晓得他们怎么想的。	口罩坐地起價，嘖嘖，我真的不曉得他們怎麼想的。	leipzig	zho_news_2020_300K:80812	口罩坐地起价，啧啧，我真的不晓得他们怎么想的。	CC-CEDICT	
739	4811_1	啧啧	嘖嘖	zé zé		to click one's tongue	口罩坐地起价，啧啧，我真的不晓得他们怎么想的。	口罩坐地起價，嘖嘖，我真的不曉得他們怎麼想的。	leipzig	zho_news_2020_300K:80812	口罩坐地起价，啧啧，我真的不晓得他们怎么想的。	CC-CEDICT	
740	4829_1	值得一提	值得一提	zhí de yī tí		to be worth mentioning	值得一提的是，与杂食的啮齿目不同，	值得一提的是，與雜食的嚙齒目不同，	leipzig	zho_wikipedia_2018_1M:195867	值得一提的是，与杂食的啮齿目不同，	CC-CEDICT	
741	4829_1	杂食	雜食	zá shí		omnivorous	值得一提的是，与杂食的啮齿目不同，	值得一提的是，與雜食的嚙齒目不同，	leipzig	zho_wikipedia_2018_1M:195867	值得一提的是，与杂食的啮齿目不同，	CC-CEDICT	
742	4830_1	踉跄	踉蹌	liàng qiàng		to stagger	一干人踉踉跄跄地回到宿舍，老二立刻不省人事，倒在床上就睡了，没脱鞋，两只脚耷拉在地上。	一干人踉踉蹌蹌地回到宿舍，老二立刻不省人事，倒在床上就睡了，沒脫鞋，兩隻腳耷拉在地上。	leipzig	zho_news_2020_300K:9975	一干人踉踉跄跄地回到宿舍，老二立刻不省人事，倒在床上就睡了，没脱鞋，两只脚耷拉在地上。	CC-CEDICT	
743	4830_1	立刻	立刻	lì kè		immediately	一干人踉踉跄跄地回到宿舍，老二立刻不省人事，倒在床上就睡了，没脱鞋，两只脚耷拉在地上。	一干人踉踉蹌蹌地回到宿舍，老二立刻不省人事，倒在床上就睡了，沒脫鞋，兩隻腳耷拉在地上。	leipzig	zho_news_2020_300K:9975	一干人踉踉跄跄地回到宿舍，老二立刻不省人事，倒在床上就睡了，没脱鞋，两只脚耷拉在地上。	CC-CEDICT	
744	4830_1	不省人事	不省人事	bù xǐng rén shì		to lose consciousness	一干人踉踉跄跄地回到宿舍，老二立刻不省人事，倒在床上就睡了，没脱鞋，两只脚耷拉在地上。	一干人踉踉蹌蹌地回到宿舍，老二立刻不省人事，倒在床上就睡了，沒脫鞋，兩隻腳耷拉在地上。	leipzig	zho_news_2020_300K:9975	一干人踉踉跄跄地回到宿舍，老二立刻不省人事，倒在床上就睡了，没脱鞋，两只脚耷拉在地上。	CC-CEDICT	
745	4830_1	耷拉	耷拉	dā la		to droop	一干人踉踉跄跄地回到宿舍，老二立刻不省人事，倒在床上就睡了，没脱鞋，两只脚耷拉在地上。	一干人踉踉蹌蹌地回到宿舍，老二立刻不省人事，倒在床上就睡了，沒脫鞋，兩隻腳耷拉在地上。	leipzig	zho_news_2020_300K:9975	一干人踉踉跄跄地回到宿舍，老二立刻不省人事，倒在床上就睡了，没脱鞋，两只脚耷拉在地上。	CC-CEDICT	
746	4833_1	牡蛎	牡蠣	mǔ lì		oyster	我后悔吃了那些牡蛎。	我後悔吃了那些牡蠣。	tatoeba	834889	我後悔吃了那些牡蠣。	CC-CEDICT	
747	4836_1	难道	難道	nán dào		don't tell me ...	难道这些游行活动是受中国媒体蛊惑的吗？	難道這些遊行活動是受中國媒體蠱惑的嗎？	leipzig	zho_news_2020_300K:291933	难道这些游行活动是受中国媒体蛊惑的吗？	CC-CEDICT	
748	4836_1	蛊惑	蠱惑	gǔ huò		to entice	难道这些游行活动是受中国媒体蛊惑的吗？	難道這些遊行活動是受中國媒體蠱惑的嗎？	leipzig	zho_news_2020_300K:291933	难道这些游行活动是受中国媒体蛊惑的吗？	CC-CEDICT	
749	4858_1	积分	積分	jī fēn		integral	村民可在巾帼家美积分超市兑换各类用品。	村民可在巾幗家美積分超市兌換各類用品。	leipzig	zho_news_2020_300K:184446	村民可在巾帼家美积分超市兑换各类用品。	CC-CEDICT	
750	4858_1	兑换	兌換	duì huàn		to convert	村民可在巾帼家美积分超市兑换各类用品。	村民可在巾幗家美積分超市兌換各類用品。	leipzig	zho_news_2020_300K:184446	村民可在巾帼家美积分超市兑换各类用品。	CC-CEDICT	
751	4858_1	各类	各類	gè lèi		all categories	村民可在巾帼家美积分超市兑换各类用品。	村民可在巾幗家美積分超市兌換各類用品。	leipzig	zho_news_2020_300K:184446	村民可在巾帼家美积分超市兑换各类用品。	CC-CEDICT	
752	4858_1	用品	用品	yòng pǐn		articles for use	村民可在巾帼家美积分超市兑换各类用品。	村民可在巾幗家美積分超市兌換各類用品。	leipzig	zho_news_2020_300K:184446	村民可在巾帼家美积分超市兑换各类用品。	CC-CEDICT	
753	4863_1	常州	常州	cháng zhōu		Changzhou	后知常州，赈济饥荒有功，进一官 《	後知常州，賑濟饑荒有功，進一官 《	leipzig	zho_wikipedia_2018_1M:312294	后知常州，赈济饥荒有功，进一官 《	CC-CEDICT	
754	4863_1	赈济	賑濟	zhèn jì		to give relief aid	后知常州，赈济饥荒有功，进一官 《	後知常州，賑濟饑荒有功，進一官 《	leipzig	zho_wikipedia_2018_1M:312294	后知常州，赈济饥荒有功，进一官 《	CC-CEDICT	
755	4863_1	饥荒	饑荒	jī huāng		crop failure	后知常州，赈济饥荒有功，进一官 《	後知常州，賑濟饑荒有功，進一官 《	leipzig	zho_wikipedia_2018_1M:312294	后知常州，赈济饥荒有功，进一官 《	CC-CEDICT	
756	4866_1	玻璃	玻璃	bō li	bō lí	glass	这种玻璃含有铒。	這種玻璃含有鉺。	preexisting			CC-CEDICT	Taiwan MOE Concise Dictionary
757	4867_1	铗子	鋏子	jiá zi		tongs	铗子是一个较少见的词语。	鋏子是一個較少見的詞語。	authored	level-2/4867_1	铗子是一个较少见的词语。	CC-CEDICT	
758	4870_1	伪装	偽裝	wěi zhuāng	wèi zhuāng	to pretend to be	这颗老人的心还能撑多久，这副伪装的铠甲还能装多久。	這顆老人的心還能撐多久，這副偽裝的鎧甲還能裝多久。	leipzig	zho_news_2020_300K:278410	这颗老人的心还能撑多久，这副伪装的铠甲还能装多久。	CC-CEDICT	Taiwan MOE Concise Dictionary
759	4871_1	事迹	事蹟	shì jì	shì jī	notable deeds	小时候就知道刘胡兰的英雄事迹，她视死如归，面对敌人的铡刀，毫无惧色。	小時候就知道劉胡蘭的英雄事蹟，她視死如歸，面對敵人的鍘刀，毫無懼色。	leipzig	zho_news_2020_300K:128672	小时候就知道刘胡兰的英雄事迹，她视死如归，面对敌人的铡刀，毫无惧色。	CC-CEDICT	Taiwan MOE Concise Dictionary
760	4871_1	毫无	毫無	háo wú		not in the least	小时候就知道刘胡兰的英雄事迹，她视死如归，面对敌人的铡刀，毫无惧色。	小時候就知道劉胡蘭的英雄事蹟，她視死如歸，面對敵人的鍘刀，毫無懼色。	leipzig	zho_news_2020_300K:128672	小时候就知道刘胡兰的英雄事迹，她视死如归，面对敌人的铡刀，毫无惧色。	CC-CEDICT	
761	4872_1	金额	金額	jīn é		sum of money	预计投资金额245亿4900万泰铢。	預計投資金額245億4900萬泰銖。	leipzig	zho_wikipedia_2018_1M:983478	预计投资金额245亿4900万泰铢。	CC-CEDICT	
762	4873_1	攻关	攻關	gōng guān		to storm a strategic pass	在一次技术攻关会战中，以父亲为主力的几个人新上了一台双面铣床。	在一次技術攻關會戰中，以父親為主力的幾個人新上了一臺雙面銑床。	leipzig	zho_news_2020_300K:98147	在一次技术攻关会战中，以父亲为主力的几个人新上了一台双面铣床。	CC-CEDICT	
763	4875_1	改进	改進	gǎi jìn		to improve	这种短辕一牛挽犁的出现，是跟犁铧的改进结合在一起的。	這種短轅一牛挽犁的出現，是跟犁鏵的改進結合在一起的。	leipzig	zho_wikipedia_2018_1M:911229	这种短辕一牛挽犁的出现，是跟犁铧的改进结合在一起的。	CC-CEDICT	
764	4875_1	结合	結合	jié hé		to combine	这种短辕一牛挽犁的出现，是跟犁铧的改进结合在一起的。	這種短轅一牛挽犁的出現，是跟犁鏵的改進結合在一起的。	leipzig	zho_wikipedia_2018_1M:911229	这种短辕一牛挽犁的出现，是跟犁铧的改进结合在一起的。	CC-CEDICT	
765	4877_1	正值	正值	zhèng zhí		just at the time of	然而，当时正值气候湿热，蒙古大军受不了这样的气候，最终铩羽而归，只能作罢。	然而，當時正值氣候溼熱，蒙古大軍受不了這樣的氣候，最終鎩羽而歸，只能作罷。	leipzig	zho_news_2020_300K:207439	然而，当时正值气候湿热，蒙古大军受不了这样的气候，最终铩羽而归，只能作罢。	CC-CEDICT	
766	4877_1	受不了	受不了	shòu bù liǎo		unbearable	然而，当时正值气候湿热，蒙古大军受不了这样的气候，最终铩羽而归，只能作罢。	然而，當時正值氣候溼熱，蒙古大軍受不了這樣的氣候，最終鎩羽而歸，只能作罷。	leipzig	zho_news_2020_300K:207439	然而，当时正值气候湿热，蒙古大军受不了这样的气候，最终铩羽而归，只能作罢。	CC-CEDICT	
767	4877_1	铩羽而归	鎩羽而歸	shā yǔ ér guī		to return in low spirits following a defeat…	然而，当时正值气候湿热，蒙古大军受不了这样的气候，最终铩羽而归，只能作罢。	然而，當時正值氣候溼熱，蒙古大軍受不了這樣的氣候，最終鎩羽而歸，只能作罷。	leipzig	zho_news_2020_300K:207439	然而，当时正值气候湿热，蒙古大军受不了这样的气候，最终铩羽而归，只能作罢。	CC-CEDICT	
768	4879_1	资料	資料	zī liào		material	金属器物或技术资料中可见铫。	金屬器物或技術資料中可見銚。	preexisting			CC-CEDICT	
769	4879_1	可见	可見	kě jiàn		it can clearly be seen	金属器物或技术资料中可见铫。	金屬器物或技術資料中可見銚。	preexisting			CC-CEDICT	
770	4883_1	手机	手機	shǒu jī		cell phone	这款手机的最大特点在于形状，使用可以360度旋转的铰链将两个5.	這款手機的最大特點在於形狀，使用可以360度旋轉的鉸鏈將兩個5.	leipzig	zho_news_2020_300K:277077	这款手机的最大特点在于形状，使用可以360度旋转的铰链将两个5.	CC-CEDICT	
771	4883_1	特点	特點	tè diǎn		characteristic	这款手机的最大特点在于形状，使用可以360度旋转的铰链将两个5.	這款手機的最大特點在於形狀，使用可以360度旋轉的鉸鏈將兩個5.	leipzig	zho_news_2020_300K:277077	这款手机的最大特点在于形状，使用可以360度旋转的铰链将两个5.	CC-CEDICT	
772	4883_1	在于	在於	zài yú		to rest with	这款手机的最大特点在于形状，使用可以360度旋转的铰链将两个5.	這款手機的最大特點在於形狀，使用可以360度旋轉的鉸鏈將兩個5.	leipzig	zho_news_2020_300K:277077	这款手机的最大特点在于形状，使用可以360度旋转的铰链将两个5.	CC-CEDICT	
773	4883_1	铰链	鉸鏈	jiǎo liàn		hinge	这款手机的最大特点在于形状，使用可以360度旋转的铰链将两个5.	這款手機的最大特點在於形狀，使用可以360度旋轉的鉸鏈將兩個5.	leipzig	zho_news_2020_300K:277077	这款手机的最大特点在于形状，使用可以360度旋转的铰链将两个5.	CC-CEDICT	
774	4885_1	自卫	自衛	zì wèi		to defend oneself	当晚10点,农民自卫军向黄安县城进发,成千上万的群众手持鸟铳、鱼叉等原始武器纷纷加入起义行列。	當晚10點,農民自衛軍向黃安縣城進發,成千上萬的群眾手持鳥銃、魚叉等原始武器紛紛加入起義行列。	leipzig	zho_news_2020_300K:140954	当晚10点,农民自卫军向黄安县城进发,成千上万的群众手持鸟铳、鱼叉等原始武器纷纷加入起义行列。	CC-CEDICT	
775	4885_1	县城	縣城	xiàn chéng		county seat	当晚10点,农民自卫军向黄安县城进发,成千上万的群众手持鸟铳、鱼叉等原始武器纷纷加入起义行列。	當晚10點,農民自衛軍向黃安縣城進發,成千上萬的群眾手持鳥銃、魚叉等原始武器紛紛加入起義行列。	leipzig	zho_news_2020_300K:140954	当晚10点,农民自卫军向黄安县城进发,成千上万的群众手持鸟铳、鱼叉等原始武器纷纷加入起义行列。	CC-CEDICT	
776	4885_1	进发	進發	jìn fā		to set off	当晚10点,农民自卫军向黄安县城进发,成千上万的群众手持鸟铳、鱼叉等原始武器纷纷加入起义行列。	當晚10點,農民自衛軍向黃安縣城進發,成千上萬的群眾手持鳥銃、魚叉等原始武器紛紛加入起義行列。	leipzig	zho_news_2020_300K:140954	当晚10点,农民自卫军向黄安县城进发,成千上万的群众手持鸟铳、鱼叉等原始武器纷纷加入起义行列。	CC-CEDICT	
777	4885_1	成千上万	成千上萬	chéng qiān shàng wàn		untold numbers	当晚10点,农民自卫军向黄安县城进发,成千上万的群众手持鸟铳、鱼叉等原始武器纷纷加入起义行列。	當晚10點,農民自衛軍向黃安縣城進發,成千上萬的群眾手持鳥銃、魚叉等原始武器紛紛加入起義行列。	leipzig	zho_news_2020_300K:140954	当晚10点,农民自卫军向黄安县城进发,成千上万的群众手持鸟铳、鱼叉等原始武器纷纷加入起义行列。	CC-CEDICT	
778	4885_1	群众	群眾	qún zhòng		mass	当晚10点,农民自卫军向黄安县城进发,成千上万的群众手持鸟铳、鱼叉等原始武器纷纷加入起义行列。	當晚10點,農民自衛軍向黃安縣城進發,成千上萬的群眾手持鳥銃、魚叉等原始武器紛紛加入起義行列。	leipzig	zho_news_2020_300K:140954	当晚10点,农民自卫军向黄安县城进发,成千上万的群众手持鸟铳、鱼叉等原始武器纷纷加入起义行列。	CC-CEDICT	
779	4885_1	鸟铳	鳥銃	niǎo chòng		bird gun	当晚10点,农民自卫军向黄安县城进发,成千上万的群众手持鸟铳、鱼叉等原始武器纷纷加入起义行列。	當晚10點,農民自衛軍向黃安縣城進發,成千上萬的群眾手持鳥銃、魚叉等原始武器紛紛加入起義行列。	leipzig	zho_news_2020_300K:140954	当晚10点,农民自卫军向黄安县城进发,成千上万的群众手持鸟铳、鱼叉等原始武器纷纷加入起义行列。	CC-CEDICT	
780	4885_1	原始	原始	yuán shǐ		first	当晚10点,农民自卫军向黄安县城进发,成千上万的群众手持鸟铳、鱼叉等原始武器纷纷加入起义行列。	當晚10點,農民自衛軍向黃安縣城進發,成千上萬的群眾手持鳥銃、魚叉等原始武器紛紛加入起義行列。	leipzig	zho_news_2020_300K:140954	当晚10点,农民自卫军向黄安县城进发,成千上万的群众手持鸟铳、鱼叉等原始武器纷纷加入起义行列。	CC-CEDICT	
781	4885_1	武器	武器	wǔ qì		weapon	当晚10点,农民自卫军向黄安县城进发,成千上万的群众手持鸟铳、鱼叉等原始武器纷纷加入起义行列。	當晚10點,農民自衛軍向黃安縣城進發,成千上萬的群眾手持鳥銃、魚叉等原始武器紛紛加入起義行列。	leipzig	zho_news_2020_300K:140954	当晚10点,农民自卫军向黄安县城进发,成千上万的群众手持鸟铳、鱼叉等原始武器纷纷加入起义行列。	CC-CEDICT	
782	4885_1	纷纷	紛紛	fēn fēn		one after another	当晚10点,农民自卫军向黄安县城进发,成千上万的群众手持鸟铳、鱼叉等原始武器纷纷加入起义行列。	當晚10點,農民自衛軍向黃安縣城進發,成千上萬的群眾手持鳥銃、魚叉等原始武器紛紛加入起義行列。	leipzig	zho_news_2020_300K:140954	当晚10点,农民自卫军向黄安县城进发,成千上万的群众手持鸟铳、鱼叉等原始武器纷纷加入起义行列。	CC-CEDICT	
783	4885_1	加入	加入	jiā rù		to become a member	当晚10点,农民自卫军向黄安县城进发,成千上万的群众手持鸟铳、鱼叉等原始武器纷纷加入起义行列。	當晚10點,農民自衛軍向黃安縣城進發,成千上萬的群眾手持鳥銃、魚叉等原始武器紛紛加入起義行列。	leipzig	zho_news_2020_300K:140954	当晚10点,农民自卫军向黄安县城进发,成千上万的群众手持鸟铳、鱼叉等原始武器纷纷加入起义行列。	CC-CEDICT	
784	4885_1	起义	起義	qǐ yì		uprising	当晚10点,农民自卫军向黄安县城进发,成千上万的群众手持鸟铳、鱼叉等原始武器纷纷加入起义行列。	當晚10點,農民自衛軍向黃安縣城進發,成千上萬的群眾手持鳥銃、魚叉等原始武器紛紛加入起義行列。	leipzig	zho_news_2020_300K:140954	当晚10点,农民自卫军向黄安县城进发,成千上万的群众手持鸟铳、鱼叉等原始武器纷纷加入起义行列。	CC-CEDICT	
785	4885_1	行列	行列	háng liè		formation	当晚10点,农民自卫军向黄安县城进发,成千上万的群众手持鸟铳、鱼叉等原始武器纷纷加入起义行列。	當晚10點,農民自衛軍向黃安縣城進發,成千上萬的群眾手持鳥銃、魚叉等原始武器紛紛加入起義行列。	leipzig	zho_news_2020_300K:140954	当晚10点,农民自卫军向黄安县城进发,成千上万的群众手持鸟铳、鱼叉等原始武器纷纷加入起义行列。	CC-CEDICT	
786	4886_1	生石灰	生石灰	shēng shí huī		calcium oxide CaO	索氏是加入生石灰发使氨逸出，而侯氏是加入食盐使氯化铵结晶而出。	索氏是加入生石灰髮使氨逸出，而侯氏是加入食鹽使氯化銨結晶而出。	leipzig	zho_wikipedia_2018_1M:778779	索氏是加入生石灰发使氨逸出，而侯氏是加入食盐使氯化铵结晶而出。	CC-CEDICT	
787	4886_1	氯化铵	氯化銨	lǜ huà ǎn		ammonium chloride	索氏是加入生石灰发使氨逸出，而侯氏是加入食盐使氯化铵结晶而出。	索氏是加入生石灰髮使氨逸出，而侯氏是加入食鹽使氯化銨結晶而出。	leipzig	zho_wikipedia_2018_1M:778779	索氏是加入生石灰发使氨逸出，而侯氏是加入食盐使氯化铵结晶而出。	CC-CEDICT	
788	4886_1	结晶	結晶	jié jīng		to crystallize	索氏是加入生石灰发使氨逸出，而侯氏是加入食盐使氯化铵结晶而出。	索氏是加入生石灰髮使氨逸出，而侯氏是加入食鹽使氯化銨結晶而出。	leipzig	zho_wikipedia_2018_1M:778779	索氏是加入生石灰发使氨逸出，而侯氏是加入食盐使氯化铵结晶而出。	CC-CEDICT	
789	4890_1	从此	從此	cóng cǐ		from now on	从此之后，狗剩子外出总爱戴个草帽，“吃一亏，长一智”，防止老鸹子来个突然袭击。	從此之後，狗剩子外出總愛戴個草帽，“吃一虧，長一智”，防止老鴰子來個突然襲擊。	leipzig	zho_news_2020_300K:36453	从此之后，狗剩子外出总爱戴个草帽，“吃一亏，长一智”，防止老鸹子来个突然袭击。	CC-CEDICT	
790	4890_1	外出	外出	wài chū		to go out	从此之后，狗剩子外出总爱戴个草帽，“吃一亏，长一智”，防止老鸹子来个突然袭击。	從此之後，狗剩子外出總愛戴個草帽，“吃一虧，長一智”，防止老鴰子來個突然襲擊。	leipzig	zho_news_2020_300K:36453	从此之后，狗剩子外出总爱戴个草帽，“吃一亏，长一智”，防止老鸹子来个突然袭击。	CC-CEDICT	
791	4890_1	爱戴	愛戴	ài dài		to love and respect	从此之后，狗剩子外出总爱戴个草帽，“吃一亏，长一智”，防止老鸹子来个突然袭击。	從此之後，狗剩子外出總愛戴個草帽，“吃一虧，長一智”，防止老鴰子來個突然襲擊。	leipzig	zho_news_2020_300K:36453	从此之后，狗剩子外出总爱戴个草帽，“吃一亏，长一智”，防止老鸹子来个突然袭击。	CC-CEDICT	
792	4890_1	草帽	草帽	cǎo mào		straw hat	从此之后，狗剩子外出总爱戴个草帽，“吃一亏，长一智”，防止老鸹子来个突然袭击。	從此之後，狗剩子外出總愛戴個草帽，“吃一虧，長一智”，防止老鴰子來個突然襲擊。	leipzig	zho_news_2020_300K:36453	从此之后，狗剩子外出总爱戴个草帽，“吃一亏，长一智”，防止老鸹子来个突然袭击。	CC-CEDICT	
793	4890_1	防止	防止	fáng zhǐ		to prevent	从此之后，狗剩子外出总爱戴个草帽，“吃一亏，长一智”，防止老鸹子来个突然袭击。	從此之後，狗剩子外出總愛戴個草帽，“吃一虧，長一智”，防止老鴰子來個突然襲擊。	leipzig	zho_news_2020_300K:36453	从此之后，狗剩子外出总爱戴个草帽，“吃一亏，长一智”，防止老鸹子来个突然袭击。	CC-CEDICT	
794	4890_1	老鸹	老鴰	lǎo gua		crow	从此之后，狗剩子外出总爱戴个草帽，“吃一亏，长一智”，防止老鸹子来个突然袭击。	從此之後，狗剩子外出總愛戴個草帽，“吃一虧，長一智”，防止老鴰子來個突然襲擊。	leipzig	zho_news_2020_300K:36453	从此之后，狗剩子外出总爱戴个草帽，“吃一亏，长一智”，防止老鸹子来个突然袭击。	CC-CEDICT	
795	4891_1	绵密	綿密	mián mì		detailed	其秾纤绵密者亦不在小晏秦郎之下。”	其穠纖綿密者亦不在小晏秦郎之下。”	leipzig	zho_wikipedia_2018_1M:228702	其秾纤绵密者亦不在小晏秦郎之下。”	CC-CEDICT	
796	4891_1	之下	之下	zhī xià		under	其秾纤绵密者亦不在小晏秦郎之下。”	其穠纖綿密者亦不在小晏秦郎之下。”	leipzig	zho_wikipedia_2018_1M:228702	其秾纤绵密者亦不在小晏秦郎之下。”	CC-CEDICT	
797	4893_1	无数	無數	wú shù		countless	无数句写在信笺上的勿念，此刻通通化作一句 ：“见到了你，我怎么会不开心呢？”	無數句寫在信箋上的勿念，此刻通通化作一句 ：“見到了你，我怎麼會不開心呢？”	leipzig	zho_news_2020_300K:170676	无数句写在信笺上的勿念，此刻通通化作一句 ：“见到了你，我怎么会不开心呢？”	CC-CEDICT	
798	4893_1	此刻	此刻	cǐ kè		this moment	无数句写在信笺上的勿念，此刻通通化作一句 ：“见到了你，我怎么会不开心呢？”	無數句寫在信箋上的勿念，此刻通通化作一句 ：“見到了你，我怎麼會不開心呢？”	leipzig	zho_news_2020_300K:170676	无数句写在信笺上的勿念，此刻通通化作一句 ：“见到了你，我怎么会不开心呢？”	CC-CEDICT	
799	4893_1	通通	通通	tōng tōng		all	无数句写在信笺上的勿念，此刻通通化作一句 ：“见到了你，我怎么会不开心呢？”	無數句寫在信箋上的勿念，此刻通通化作一句 ：“見到了你，我怎麼會不開心呢？”	leipzig	zho_news_2020_300K:170676	无数句写在信笺上的勿念，此刻通通化作一句 ：“见到了你，我怎么会不开心呢？”	CC-CEDICT	
800	4893_1	开心	開心	kāi xīn		to feel happy	无数句写在信笺上的勿念，此刻通通化作一句 ：“见到了你，我怎么会不开心呢？”	無數句寫在信箋上的勿念，此刻通通化作一句 ：“見到了你，我怎麼會不開心呢？”	leipzig	zho_news_2020_300K:170676	无数句写在信笺上的勿念，此刻通通化作一句 ：“见到了你，我怎么会不开心呢？”	CC-CEDICT	
801	4910_1	生涯	生涯	shēng yá		career	长年累月的篾匠生涯，使他的背有些佝偻，人们爱喊他“醴陵驼子”。	長年累月的篾匠生涯，使他的背有些佝僂，人們愛喊他“醴陵駝子”。	leipzig	zho_news_2020_300K:287035	长年累月的篾匠生涯，使他的背有些佝偻，人们爱喊他“醴陵驼子”。	CC-CEDICT	
802	4910_1	有些	有些	yǒu xiē		some	长年累月的篾匠生涯，使他的背有些佝偻，人们爱喊他“醴陵驼子”。	長年累月的篾匠生涯，使他的背有些佝僂，人們愛喊他“醴陵駝子”。	leipzig	zho_news_2020_300K:287035	长年累月的篾匠生涯，使他的背有些佝偻，人们爱喊他“醴陵驼子”。	CC-CEDICT	
803	4910_1	驼子	駝子	tuó zi		hunchback	长年累月的篾匠生涯，使他的背有些佝偻，人们爱喊他“醴陵驼子”。	長年累月的篾匠生涯，使他的背有些佝僂，人們愛喊他“醴陵駝子”。	leipzig	zho_news_2020_300K:287035	长年累月的篾匠生涯，使他的背有些佝偻，人们爱喊他“醴陵驼子”。	CC-CEDICT	
804	4911_1	南亚	南亞	nán yà		southern Asia	这座位于南亚中心的雄伟山脉，山峰白雪皑皑，覆盖著广阔的冰川。	這座位於南亞中心的雄偉山脈，山峰白雪皚皚，覆蓋著廣闊的冰川。	tatoeba	13573235	這座位於南亞中心的雄偉山脈，山峰白雪皚皚，覆蓋著廣闊的冰川。	CC-CEDICT	
805	4911_1	雄伟	雄偉	xióng wěi		grand	这座位于南亚中心的雄伟山脉，山峰白雪皑皑，覆盖著广阔的冰川。	這座位於南亞中心的雄偉山脈，山峰白雪皚皚，覆蓋著廣闊的冰川。	tatoeba	13573235	這座位於南亞中心的雄偉山脈，山峰白雪皚皚，覆蓋著廣闊的冰川。	CC-CEDICT	
806	4911_1	山峰	山峰	shān fēng		peak	这座位于南亚中心的雄伟山脉，山峰白雪皑皑，覆盖著广阔的冰川。	這座位於南亞中心的雄偉山脈，山峰白雪皚皚，覆蓋著廣闊的冰川。	tatoeba	13573235	這座位於南亞中心的雄偉山脈，山峰白雪皚皚，覆蓋著廣闊的冰川。	CC-CEDICT	
807	4911_1	白雪	白雪	bái xuě		snow	这座位于南亚中心的雄伟山脉，山峰白雪皑皑，覆盖著广阔的冰川。	這座位於南亞中心的雄偉山脈，山峰白雪皚皚，覆蓋著廣闊的冰川。	tatoeba	13573235	這座位於南亞中心的雄偉山脈，山峰白雪皚皚，覆蓋著廣闊的冰川。	CC-CEDICT	
808	4911_1	冰川	冰川	bīng chuān		glacier	这座位于南亚中心的雄伟山脉，山峰白雪皑皑，覆盖著广阔的冰川。	這座位於南亞中心的雄偉山脈，山峰白雪皚皚，覆蓋著廣闊的冰川。	tatoeba	13573235	這座位於南亞中心的雄偉山脈，山峰白雪皚皚，覆蓋著廣闊的冰川。	CC-CEDICT	
809	4919_1	默默	默默	mò mò		in silence	曾经我也向着上天祈祷，神龛前默默地把愿望相告……	曾經我也向著上天祈禱，神龕前默默地把願望相告……	leipzig	zho_news_2020_300K:176994	曾经我也向着上天祈祷，神龛前默默地把愿望相告……	CC-CEDICT	
810	4919_1	愿望	願望	yuàn wàng		desire	曾经我也向着上天祈祷，神龛前默默地把愿望相告……	曾經我也向著上天祈禱，神龕前默默地把願望相告……	leipzig	zho_news_2020_300K:176994	曾经我也向着上天祈祷，神龛前默默地把愿望相告……	CC-CEDICT	
811	4934_1	今日	今日	jīn rì		today	今日幸为秦晋会，早教鸾凤下妆楼”，请新娘抓紧时间化妆下楼。	今日幸為秦晉會，早教鸞鳳下妝樓”，請新娘抓緊時間化妝下樓。	leipzig	zho_news_2020_300K:34997	今日幸为秦晋会，早教鸾凤下妆楼”，请新娘抓紧时间化妆下楼。	CC-CEDICT	
812	4934_1	鸾凤	鸞鳳	luán fèng		luan and phoenix	今日幸为秦晋会，早教鸾凤下妆楼”，请新娘抓紧时间化妆下楼。	今日幸為秦晉會，早教鸞鳳下妝樓”，請新娘抓緊時間化妝下樓。	leipzig	zho_news_2020_300K:34997	今日幸为秦晋会，早教鸾凤下妆楼”，请新娘抓紧时间化妆下楼。	CC-CEDICT	
813	4945_1	修行	修行	xiū xíng		to devote oneself to spiritual development	，受法修行直至最終成为有傳法資格的阿阇梨。	，受法修行直至最終成為有傳法資格的阿闍梨。	leipzig	zho_wikipedia_2018_1M:281922	，受法修行直至最終成为有傳法資格的阿阇梨。	CC-CEDICT	
814	4945_1	直至	直至	zhí zhì		lasting until	，受法修行直至最終成为有傳法資格的阿阇梨。	，受法修行直至最終成為有傳法資格的阿闍梨。	leipzig	zho_wikipedia_2018_1M:281922	，受法修行直至最終成为有傳法資格的阿阇梨。	CC-CEDICT	
815	4947_1	金陵	金陵	jīn líng		pre-Han name for Nanjing	阉党阮大铖时亦屏居金陵，谋复用。	閹黨阮大鋮時亦屏居金陵，謀複用。	leipzig	zho_wikipedia_2018_1M:953668	阉党阮大铖时亦屏居金陵，谋复用。	CC-CEDICT	
816	4949_1	兄弟阋墙	兄弟鬩牆	xiōng dì xì qiáng		internecine strife	兄弟阋墙事堪叹，术也仇绍翻结瓒，谬算适足羞先公，强云图谶天所赞。	兄弟鬩牆事堪嘆，術也仇紹翻結瓚，謬算適足羞先公，強雲圖讖天所贊。	leipzig	zho_wikipedia_2018_1M:202031	兄弟阋墙事堪叹，术也仇绍翻结瓒，谬算适足羞先公，强云图谶天所赞。	CC-CEDICT	
817	4951_1	单于	單于	chán yú		king of the Xiongnu	高帝用陈平奇计，使单于阏氏，围以得开。	高帝用陳平奇計，使單于閼氏，圍以得開。	leipzig	zho_wikipedia_2018_1M:992326	高帝用陈平奇计，使单于阏氏，围以得开。	CC-CEDICT	
818	4952_1	苯环	苯環	běn huán		benzene ring	苯环上直接连有两个羟基时叫苯二酚。	苯環上直接連有兩個羥基時叫苯二酚。	leipzig	zho_wikipedia_2018_1M:837217	苯环上直接连有两个羟基时叫苯二酚。	CC-CEDICT	
819	4952_1	羟基	羥基	qiǎng jī		hydroxyl group -OH	苯环上直接连有两个羟基时叫苯二酚。	苯環上直接連有兩個羥基時叫苯二酚。	leipzig	zho_wikipedia_2018_1M:837217	苯环上直接连有两个羟基时叫苯二酚。	CC-CEDICT	
820	4953_1	粗粝	粗糲	cū lì		coarse rice	粗粝是一个描写性质或状态的词。	粗糲是一個描寫性質或狀態的詞。	authored	level-2/4953_1	粗粝是一个描写性质或状态的词。	CC-CEDICT	
821	4960_1	焖烧锅	燜燒鍋	mèn shāo guō		thermal cooker	焖烧锅是一种器物。	燜燒鍋是一種器物。	authored	level-2/4960_1	焖烧锅是一种器物。	CC-CEDICT	
822	4963_1	特殊	特殊	tè shū		special	这是一张特殊的党证，上面沾满血渍，它的主人就是开国将帅中13位独臂将军之一的陈波。	這是一張特殊的黨證，上面沾滿血漬，它的主人就是開國將帥中13位獨臂將軍之一的陳波。	leipzig	zho_news_2020_300K:275546	这是一张特殊的党证，上面沾满血渍，它的主人就是开国将帅中13位独臂将军之一的陈波。	CC-CEDICT	
823	4963_1	开国	開國	kāi guó		to found a state	这是一张特殊的党证，上面沾满血渍，它的主人就是开国将帅中13位独臂将军之一的陈波。	這是一張特殊的黨證，上面沾滿血漬，它的主人就是開國將帥中13位獨臂將軍之一的陳波。	leipzig	zho_news_2020_300K:275546	这是一张特殊的党证，上面沾满血渍，它的主人就是开国将帅中13位独臂将军之一的陈波。	CC-CEDICT	
824	4963_1	独臂	獨臂	dú bì		one-armed	这是一张特殊的党证，上面沾满血渍，它的主人就是开国将帅中13位独臂将军之一的陈波。	這是一張特殊的黨證，上面沾滿血漬，它的主人就是開國將帥中13位獨臂將軍之一的陳波。	leipzig	zho_news_2020_300K:275546	这是一张特殊的党证，上面沾满血渍，它的主人就是开国将帅中13位独臂将军之一的陈波。	CC-CEDICT	
825	4968_1	亵渎	褻瀆	xiè dú		to blaspheme	亵渎是没有受害者的犯罪。	褻瀆是沒有受害者的犯罪。	tatoeba	9094081	亵渎是没有受害者的犯罪。	CC-CEDICT	
826	4974_1	理学	理學	lǐ xué		science	，世称月川先生，明代著名理学家，渑池人。	，世稱月川先生，明代著名理學家，澠池人。	leipzig	zho_wikipedia_2018_1M:70892	，世称月川先生，明代著名理学家，渑池人。	CC-CEDICT	
827	4974_1	渑池	澠池	miǎn chí	mǐn chí	Mianchi	，世称月川先生，明代著名理学家，渑池人。	，世稱月川先生，明代著名理學家，澠池人。	leipzig	zho_wikipedia_2018_1M:70892	，世称月川先生，明代著名理学家，渑池人。	CC-CEDICT	Taiwan MOE Concise Dictionary
828	4983_1	热水	熱水	rè shuǐ		hot water	没有比泡热水澡更惬意的事了。	沒有比泡熱水澡更愜意的事了。	tatoeba	1941668	没有比泡热水澡更惬意的事了。	CC-CEDICT	
829	4983_1	惬意	愜意	qiè yì		satisfied	没有比泡热水澡更惬意的事了。	沒有比泡熱水澡更愜意的事了。	tatoeba	1941668	没有比泡热水澡更惬意的事了。	CC-CEDICT	
830	4992_1	屋子	屋子	wū zi		house	在屋子里吃烧烤，能吃出自由惬意肆无忌惮不？	在屋子裡吃燒烤，能吃出自由愜意肆無忌憚不？	leipzig	zho_news_2020_300K:101542	在屋子里吃烧烤，能吃出自由惬意肆无忌惮不？	CC-CEDICT	
831	4992_1	烧烤	燒烤	shāo kǎo		barbecue	在屋子里吃烧烤，能吃出自由惬意肆无忌惮不？	在屋子裡吃燒烤，能吃出自由愜意肆無忌憚不？	leipzig	zho_news_2020_300K:101542	在屋子里吃烧烤，能吃出自由惬意肆无忌惮不？	CC-CEDICT	
832	4992_1	肆无忌惮	肆無忌憚	sì wú jì dàn		absolutely unrestrained	在屋子里吃烧烤，能吃出自由惬意肆无忌惮不？	在屋子裡吃燒烤，能吃出自由愜意肆無忌憚不？	leipzig	zho_news_2020_300K:101542	在屋子里吃烧烤，能吃出自由惬意肆无忌惮不？	CC-CEDICT	
833	4994_1	街道	街道	jiē dào		street	听转图的四唯街道干部说，那小伙子是球场街的；球场街那边说，人是谌家矶那边的。	聽轉圖的四唯街道幹部說，那小夥子是球場街的；球場街那邊說，人是諶家磯那邊的。	leipzig	zho_news_2020_300K:90138	听转图的四唯街道干部说，那小伙子是球场街的；球场街那边说，人是谌家矶那边的。	CC-CEDICT	
834	4994_1	干部	幹部	gàn bù		cadre	听转图的四唯街道干部说，那小伙子是球场街的；球场街那边说，人是谌家矶那边的。	聽轉圖的四唯街道幹部說，那小夥子是球場街的；球場街那邊說，人是諶家磯那邊的。	leipzig	zho_news_2020_300K:90138	听转图的四唯街道干部说，那小伙子是球场街的；球场街那边说，人是谌家矶那边的。	CC-CEDICT	
835	4994_1	小伙子	小夥子	xiǎo huǒ zi		young man	听转图的四唯街道干部说，那小伙子是球场街的；球场街那边说，人是谌家矶那边的。	聽轉圖的四唯街道幹部說，那小夥子是球場街的；球場街那邊說，人是諶家磯那邊的。	leipzig	zho_news_2020_300K:90138	听转图的四唯街道干部说，那小伙子是球场街的；球场街那边说，人是谌家矶那边的。	CC-CEDICT	
836	4994_1	球场	球場	qiú chǎng		stadium	听转图的四唯街道干部说，那小伙子是球场街的；球场街那边说，人是谌家矶那边的。	聽轉圖的四唯街道幹部說，那小夥子是球場街的；球場街那邊說，人是諶家磯那邊的。	leipzig	zho_news_2020_300K:90138	听转图的四唯街道干部说，那小伙子是球场街的；球场街那边说，人是谌家矶那边的。	CC-CEDICT	
837	4995_1	二世	二世	èr shì		the Second	但秦二世不听子婴的劝谏，派人杀死蒙恬和蒙毅。	但秦二世不聽子嬰的勸諫，派人殺死蒙恬和蒙毅。	leipzig	zho_news_2020_300K:51659	但秦二世不听子婴的劝谏，派人杀死蒙恬和蒙毅。	CC-CEDICT	
838	4995_1	劝谏	勸諫	quàn jiàn		to admonish	但秦二世不听子婴的劝谏，派人杀死蒙恬和蒙毅。	但秦二世不聽子嬰的勸諫，派人殺死蒙恬和蒙毅。	leipzig	zho_news_2020_300K:51659	但秦二世不听子婴的劝谏，派人杀死蒙恬和蒙毅。	CC-CEDICT	
839	4995_1	蒙恬	蒙恬	méng tián		Qin general Meng Tian	但秦二世不听子婴的劝谏，派人杀死蒙恬和蒙毅。	但秦二世不聽子嬰的勸諫，派人殺死蒙恬和蒙毅。	leipzig	zho_news_2020_300K:51659	但秦二世不听子婴的劝谏，派人杀死蒙恬和蒙毅。	CC-CEDICT	
840	4997_1	鼻毛	鼻毛	bí máo		nose hair	周围皮肤潮红或皲裂，鼻毛脱落。	周圍皮膚潮紅或皸裂，鼻毛脫落。	leipzig	zho_wikipedia_2018_1M:316406	周围皮肤潮红或皲裂，鼻毛脱落。	CC-CEDICT	
841	4997_1	脱落	脫落	tuō luò		to drop off	周围皮肤潮红或皲裂，鼻毛脱落。	周圍皮膚潮紅或皸裂，鼻毛脫落。	leipzig	zho_wikipedia_2018_1M:316406	周围皮肤潮红或皲裂，鼻毛脱落。	CC-CEDICT	
842	4998_1	得意	得意	dé yì		proud of oneself	得意的刻薄，依旧在粗暴的戏谑着正义、、、	得意的刻薄，依舊在粗暴的戲謔著正義、、、	leipzig	zho_news_2020_300K:143120	得意的刻薄，依旧在粗暴的戏谑着正义、、、	CC-CEDICT	
843	4998_1	刻薄	刻薄	kè bó		unkind	得意的刻薄，依旧在粗暴的戏谑着正义、、、	得意的刻薄，依舊在粗暴的戲謔著正義、、、	leipzig	zho_news_2020_300K:143120	得意的刻薄，依旧在粗暴的戏谑着正义、、、	CC-CEDICT	
844	4998_1	依旧	依舊	yī jiù		as before	得意的刻薄，依旧在粗暴的戏谑着正义、、、	得意的刻薄，依舊在粗暴的戲謔著正義、、、	leipzig	zho_news_2020_300K:143120	得意的刻薄，依旧在粗暴的戏谑着正义、、、	CC-CEDICT	
845	4998_1	粗暴	粗暴	cū bào		crude	得意的刻薄，依旧在粗暴的戏谑着正义、、、	得意的刻薄，依舊在粗暴的戲謔著正義、、、	leipzig	zho_news_2020_300K:143120	得意的刻薄，依旧在粗暴的戏谑着正义、、、	CC-CEDICT	
846	4998_1	戏谑	戲謔	xì xuè	xì nüè	to banter	得意的刻薄，依旧在粗暴的戏谑着正义、、、	得意的刻薄，依舊在粗暴的戲謔著正義、、、	leipzig	zho_news_2020_300K:143120	得意的刻薄，依旧在粗暴的戏谑着正义、、、	CC-CEDICT	Taiwan MOE Concise Dictionary
847	4998_1	正义	正義	zhèng yì		justice	得意的刻薄，依旧在粗暴的戏谑着正义、、、	得意的刻薄，依舊在粗暴的戲謔著正義、、、	leipzig	zho_news_2020_300K:143120	得意的刻薄，依旧在粗暴的戏谑着正义、、、	CC-CEDICT	
848	5002_1	诞辰	誕辰	dàn chén		birthday	每年的东坡诞辰日，他不仅拜谒苏轼墓，还会召集幕僚举行祭祀和诗文唱和活动以表纪念。	每年的東坡誕辰日，他不僅拜謁蘇軾墓，還會召集幕僚舉行祭祀和詩文唱和活動以表紀念。	leipzig	zho_news_2020_300K:195284	每年的东坡诞辰日，他不仅拜谒苏轼墓，还会召集幕僚举行祭祀和诗文唱和活动以表纪念。	CC-CEDICT	
849	5002_1	拜谒	拜謁	bài yè		to pay a formal visit	每年的东坡诞辰日，他不仅拜谒苏轼墓，还会召集幕僚举行祭祀和诗文唱和活动以表纪念。	每年的東坡誕辰日，他不僅拜謁蘇軾墓，還會召集幕僚舉行祭祀和詩文唱和活動以表紀念。	leipzig	zho_news_2020_300K:195284	每年的东坡诞辰日，他不仅拜谒苏轼墓，还会召集幕僚举行祭祀和诗文唱和活动以表纪念。	CC-CEDICT	
850	5002_1	召集	召集	zhào jí		to convene	每年的东坡诞辰日，他不仅拜谒苏轼墓，还会召集幕僚举行祭祀和诗文唱和活动以表纪念。	每年的東坡誕辰日，他不僅拜謁蘇軾墓，還會召集幕僚舉行祭祀和詩文唱和活動以表紀念。	leipzig	zho_news_2020_300K:195284	每年的东坡诞辰日，他不仅拜谒苏轼墓，还会召集幕僚举行祭祀和诗文唱和活动以表纪念。	CC-CEDICT	
851	5002_1	幕僚	幕僚	mù liáo		aides and advisors of top officials	每年的东坡诞辰日，他不仅拜谒苏轼墓，还会召集幕僚举行祭祀和诗文唱和活动以表纪念。	每年的東坡誕辰日，他不僅拜謁蘇軾墓，還會召集幕僚舉行祭祀和詩文唱和活動以表紀念。	leipzig	zho_news_2020_300K:195284	每年的东坡诞辰日，他不仅拜谒苏轼墓，还会召集幕僚举行祭祀和诗文唱和活动以表纪念。	CC-CEDICT	
852	5002_1	祭祀	祭祀	jì sì		to offer sacrifices to the gods or ancestors	每年的东坡诞辰日，他不仅拜谒苏轼墓，还会召集幕僚举行祭祀和诗文唱和活动以表纪念。	每年的東坡誕辰日，他不僅拜謁蘇軾墓，還會召集幕僚舉行祭祀和詩文唱和活動以表紀念。	leipzig	zho_news_2020_300K:195284	每年的东坡诞辰日，他不仅拜谒苏轼墓，还会召集幕僚举行祭祀和诗文唱和活动以表纪念。	CC-CEDICT	
853	5002_1	唱和	唱和	chàng hè		antiphon	每年的东坡诞辰日，他不仅拜谒苏轼墓，还会召集幕僚举行祭祀和诗文唱和活动以表纪念。	每年的東坡誕辰日，他不僅拜謁蘇軾墓，還會召集幕僚舉行祭祀和詩文唱和活動以表紀念。	leipzig	zho_news_2020_300K:195284	每年的东坡诞辰日，他不仅拜谒苏轼墓，还会召集幕僚举行祭祀和诗文唱和活动以表纪念。	CC-CEDICT	
854	5004_1	冒死	冒死	mào sǐ		to brave death	……冒死陈言：恳请焕汗大号，明降谕旨，宣示中外，立定共和政体。”	……冒死陳言：懇請煥汗大號，明降諭旨，宣示中外，立定共和政體。”	leipzig	zho_news_2020_300K:66958	……冒死陈言：恳请焕汗大号，明降谕旨，宣示中外，立定共和政体。”	CC-CEDICT	
855	5004_1	宣示	宣示	xuān shì		to vow	……冒死陈言：恳请焕汗大号，明降谕旨，宣示中外，立定共和政体。”	……冒死陳言：懇請煥汗大號，明降諭旨，宣示中外，立定共和政體。”	leipzig	zho_news_2020_300K:66958	……冒死陈言：恳请焕汗大号，明降谕旨，宣示中外，立定共和政体。”	CC-CEDICT	
856	5004_1	中外	中外	zhōng wài		Sino-foreign	……冒死陈言：恳请焕汗大号，明降谕旨，宣示中外，立定共和政体。”	……冒死陳言：懇請煥汗大號，明降諭旨，宣示中外，立定共和政體。”	leipzig	zho_news_2020_300K:66958	……冒死陈言：恳请焕汗大号，明降谕旨，宣示中外，立定共和政体。”	CC-CEDICT	
857	5005_1	古文	古文	gǔ wén		old language	古文中可见谖。	古文中可見諼。	preexisting			CC-CEDICT	
858	5006_1	屈原	屈原	qū yuán		Qu Yuan	屈原虽忠事楚怀王，但却屡遭排挤，怀王死后又因顷襄工听信谗言而被流放，最终投泪罗江而死。	屈原雖忠事楚懷王，但卻屢遭排擠，懷王死後又因頃襄工聽信讒言而被流放，最終投淚羅江而死。	leipzig	zho_news_2020_300K:131232	屈原虽忠事楚怀王，但却屡遭排挤，怀王死后又因顷襄工听信谗言而被流放，最终投泪罗江而死。	CC-CEDICT	
859	5006_1	排挤	排擠	pái jǐ		to crowd out	屈原虽忠事楚怀王，但却屡遭排挤，怀王死后又因顷襄工听信谗言而被流放，最终投泪罗江而死。	屈原雖忠事楚懷王，但卻屢遭排擠，懷王死後又因頃襄工聽信讒言而被流放，最終投淚羅江而死。	leipzig	zho_news_2020_300K:131232	屈原虽忠事楚怀王，但却屡遭排挤，怀王死后又因顷襄工听信谗言而被流放，最终投泪罗江而死。	CC-CEDICT	
860	5006_1	谗言	讒言	chán yán		slander	屈原虽忠事楚怀王，但却屡遭排挤，怀王死后又因顷襄工听信谗言而被流放，最终投泪罗江而死。	屈原雖忠事楚懷王，但卻屢遭排擠，懷王死後又因頃襄工聽信讒言而被流放，最終投淚羅江而死。	leipzig	zho_news_2020_300K:131232	屈原虽忠事楚怀王，但却屡遭排挤，怀王死后又因顷襄工听信谗言而被流放，最终投泪罗江而死。	CC-CEDICT	
861	5006_1	流放	流放	liú fàng		to exile	屈原虽忠事楚怀王，但却屡遭排挤，怀王死后又因顷襄工听信谗言而被流放，最终投泪罗江而死。	屈原雖忠事楚懷王，但卻屢遭排擠，懷王死後又因頃襄工聽信讒言而被流放，最終投淚羅江而死。	leipzig	zho_news_2020_300K:131232	屈原虽忠事楚怀王，但却屡遭排挤，怀王死后又因顷襄工听信谗言而被流放，最终投泪罗江而死。	CC-CEDICT	
862	5007_1	职务	職務	zhí wù		post	在高等学校担任领导职务20多年，勤奋学习，刻苦钻研，熟谙学校教育工作规律，精通教育管理业务。	在高等學校擔任領導職務20多年，勤奮學習，刻苦鑽研，熟諳學校教育工作規律，精通教育管理業務。	leipzig	zho_news_2020_300K:108063	在高等学校担任领导职务20多年，勤奋学习，刻苦钻研，熟谙学校教育工作规律，精通教育管理业务。	CC-CEDICT	
863	5007_1	刻苦	刻苦	kè kǔ		hardworking	在高等学校担任领导职务20多年，勤奋学习，刻苦钻研，熟谙学校教育工作规律，精通教育管理业务。	在高等學校擔任領導職務20多年，勤奮學習，刻苦鑽研，熟諳學校教育工作規律，精通教育管理業務。	leipzig	zho_news_2020_300K:108063	在高等学校担任领导职务20多年，勤奋学习，刻苦钻研，熟谙学校教育工作规律，精通教育管理业务。	CC-CEDICT	
864	5007_1	钻研	鑽研	zuān yán		to study meticulously	在高等学校担任领导职务20多年，勤奋学习，刻苦钻研，熟谙学校教育工作规律，精通教育管理业务。	在高等學校擔任領導職務20多年，勤奮學習，刻苦鑽研，熟諳學校教育工作規律，精通教育管理業務。	leipzig	zho_news_2020_300K:108063	在高等学校担任领导职务20多年，勤奋学习，刻苦钻研，熟谙学校教育工作规律，精通教育管理业务。	CC-CEDICT	
865	5007_1	熟谙	熟諳	shú ān	shóu ān	to know sth fluently	在高等学校担任领导职务20多年，勤奋学习，刻苦钻研，熟谙学校教育工作规律，精通教育管理业务。	在高等學校擔任領導職務20多年，勤奮學習，刻苦鑽研，熟諳學校教育工作規律，精通教育管理業務。	leipzig	zho_news_2020_300K:108063	在高等学校担任领导职务20多年，勤奋学习，刻苦钻研，熟谙学校教育工作规律，精通教育管理业务。	CC-CEDICT	Taiwan MOE Concise Dictionary
866	5007_1	教育	教育	jiào yù		to educate	在高等学校担任领导职务20多年，勤奋学习，刻苦钻研，熟谙学校教育工作规律，精通教育管理业务。	在高等學校擔任領導職務20多年，勤奮學習，刻苦鑽研，熟諳學校教育工作規律，精通教育管理業務。	leipzig	zho_news_2020_300K:108063	在高等学校担任领导职务20多年，勤奋学习，刻苦钻研，熟谙学校教育工作规律，精通教育管理业务。	CC-CEDICT	
867	5007_1	规律	規律	guī lǜ		rule	在高等学校担任领导职务20多年，勤奋学习，刻苦钻研，熟谙学校教育工作规律，精通教育管理业务。	在高等學校擔任領導職務20多年，勤奮學習，刻苦鑽研，熟諳學校教育工作規律，精通教育管理業務。	leipzig	zho_news_2020_300K:108063	在高等学校担任领导职务20多年，勤奋学习，刻苦钻研，熟谙学校教育工作规律，精通教育管理业务。	CC-CEDICT	
868	5008_1	平平	平平	píng píng		average	这样虽然平平淡淡，但却是生活的真谛。	這樣雖然平平淡淡，但卻是生活的真諦。	leipzig	zho_news_2020_300K:276750	这样虽然平平淡淡，但却是生活的真谛。	CC-CEDICT	
869	5008_1	淡淡	淡淡	dàn dàn		faint	这样虽然平平淡淡，但却是生活的真谛。	這樣雖然平平淡淡，但卻是生活的真諦。	leipzig	zho_news_2020_300K:276750	这样虽然平平淡淡，但却是生活的真谛。	CC-CEDICT	
870	5008_1	真谛	真諦	zhēn dì		the real meaning	这样虽然平平淡淡，但却是生活的真谛。	這樣雖然平平淡淡，但卻是生活的真諦。	leipzig	zho_news_2020_300K:276750	这样虽然平平淡淡，但却是生活的真谛。	CC-CEDICT	
871	5027_1	皇上	皇上	huáng shang	huáng shàng	the emperor	皇上这天要向后妃、内侍、诸阁臣僚行赏，赏赐的物品有珍珠玉翠、绫罗绸缎等。	皇上這天要向後妃、內侍、諸閣臣僚行賞，賞賜的物品有珍珠玉翠、綾羅綢緞等。	leipzig	zho_news_2020_300K:220106	皇上这天要向后妃、内侍、诸阁臣僚行赏，赏赐的物品有珍珠玉翠、绫罗绸缎等。	CC-CEDICT	Taiwan MOE Concise Dictionary
872	5027_1	后妃	後妃	hòu fēi		imperial wives and concubines	皇上这天要向后妃、内侍、诸阁臣僚行赏，赏赐的物品有珍珠玉翠、绫罗绸缎等。	皇上這天要向後妃、內侍、諸閣臣僚行賞，賞賜的物品有珍珠玉翠、綾羅綢緞等。	leipzig	zho_news_2020_300K:220106	皇上这天要向后妃、内侍、诸阁臣僚行赏，赏赐的物品有珍珠玉翠、绫罗绸缎等。	CC-CEDICT	
873	5027_1	物品	物品	wù pǐn		articles	皇上这天要向后妃、内侍、诸阁臣僚行赏，赏赐的物品有珍珠玉翠、绫罗绸缎等。	皇上這天要向後妃、內侍、諸閣臣僚行賞，賞賜的物品有珍珠玉翠、綾羅綢緞等。	leipzig	zho_news_2020_300K:220106	皇上这天要向后妃、内侍、诸阁臣僚行赏，赏赐的物品有珍珠玉翠、绫罗绸缎等。	CC-CEDICT	
874	5027_1	珍珠	珍珠	zhēn zhū		pearl	皇上这天要向后妃、内侍、诸阁臣僚行赏，赏赐的物品有珍珠玉翠、绫罗绸缎等。	皇上這天要向後妃、內侍、諸閣臣僚行賞，賞賜的物品有珍珠玉翠、綾羅綢緞等。	leipzig	zho_news_2020_300K:220106	皇上这天要向后妃、内侍、诸阁臣僚行赏，赏赐的物品有珍珠玉翠、绫罗绸缎等。	CC-CEDICT	
875	5029_1	古今中外	古今中外	gǔ jīn zhōng wài		at all times and in all places	古今中外，不知多少骚人墨客为漓江的绮丽风光写下了脍炙人口的优美诗文。	古今中外，不知多少騷人墨客為灕江的綺麗風光寫下了膾炙人口的優美詩文。	leipzig	zho_news_2020_300K:80926	古今中外，不知多少骚人墨客为漓江的绮丽风光写下了脍炙人口的优美诗文。	CC-CEDICT	
876	5029_1	墨客	墨客	mò kè		literary person	古今中外，不知多少骚人墨客为漓江的绮丽风光写下了脍炙人口的优美诗文。	古今中外，不知多少騷人墨客為灕江的綺麗風光寫下了膾炙人口的優美詩文。	leipzig	zho_news_2020_300K:80926	古今中外，不知多少骚人墨客为漓江的绮丽风光写下了脍炙人口的优美诗文。	CC-CEDICT	
877	5029_1	写下	寫下	xiě xià		to write down	古今中外，不知多少骚人墨客为漓江的绮丽风光写下了脍炙人口的优美诗文。	古今中外，不知多少騷人墨客為灕江的綺麗風光寫下了膾炙人口的優美詩文。	leipzig	zho_news_2020_300K:80926	古今中外，不知多少骚人墨客为漓江的绮丽风光写下了脍炙人口的优美诗文。	CC-CEDICT	
878	5030_1	山歌	山歌	shān gē		folk song	听到阿龙的山歌，早已满面绯红的阿美，又深情地回唱道：“泉水流出哗哗响，妹想那个真心郎。	聽到阿龍的山歌，早已滿面緋紅的阿美，又深情地回唱道：“泉水流出嘩嘩響，妹想那個真心郎。	leipzig	zho_news_2020_300K:90045	听到阿龙的山歌，早已满面绯红的阿美，又深情地回唱道：“泉水流出哗哗响，妹想那个真心郎。	CC-CEDICT	
879	5030_1	早已	早已	zǎo yǐ		for a long time	听到阿龙的山歌，早已满面绯红的阿美，又深情地回唱道：“泉水流出哗哗响，妹想那个真心郎。	聽到阿龍的山歌，早已滿面緋紅的阿美，又深情地回唱道：“泉水流出嘩嘩響，妹想那個真心郎。	leipzig	zho_news_2020_300K:90045	听到阿龙的山歌，早已满面绯红的阿美，又深情地回唱道：“泉水流出哗哗响，妹想那个真心郎。	CC-CEDICT	
880	5030_1	深情	深情	shēn qíng		deep emotion	听到阿龙的山歌，早已满面绯红的阿美，又深情地回唱道：“泉水流出哗哗响，妹想那个真心郎。	聽到阿龍的山歌，早已滿面緋紅的阿美，又深情地回唱道：“泉水流出嘩嘩響，妹想那個真心郎。	leipzig	zho_news_2020_300K:90045	听到阿龙的山歌，早已满面绯红的阿美，又深情地回唱道：“泉水流出哗哗响，妹想那个真心郎。	CC-CEDICT	
881	5030_1	泉水	泉水	quán shuǐ		spring water	听到阿龙的山歌，早已满面绯红的阿美，又深情地回唱道：“泉水流出哗哗响，妹想那个真心郎。	聽到阿龍的山歌，早已滿面緋紅的阿美，又深情地回唱道：“泉水流出嘩嘩響，妹想那個真心郎。	leipzig	zho_news_2020_300K:90045	听到阿龙的山歌，早已满面绯红的阿美，又深情地回唱道：“泉水流出哗哗响，妹想那个真心郎。	CC-CEDICT	
882	5030_1	流出	流出	liú chū		to flow out	听到阿龙的山歌，早已满面绯红的阿美，又深情地回唱道：“泉水流出哗哗响，妹想那个真心郎。	聽到阿龍的山歌，早已滿面緋紅的阿美，又深情地回唱道：“泉水流出嘩嘩響，妹想那個真心郎。	leipzig	zho_news_2020_300K:90045	听到阿龙的山歌，早已满面绯红的阿美，又深情地回唱道：“泉水流出哗哗响，妹想那个真心郎。	CC-CEDICT	
883	5030_1	哗哗	嘩嘩	huā huā		sound of gurgling water	听到阿龙的山歌，早已满面绯红的阿美，又深情地回唱道：“泉水流出哗哗响，妹想那个真心郎。	聽到阿龍的山歌，早已滿面緋紅的阿美，又深情地回唱道：“泉水流出嘩嘩響，妹想那個真心郎。	leipzig	zho_news_2020_300K:90045	听到阿龙的山歌，早已满面绯红的阿美，又深情地回唱道：“泉水流出哗哗响，妹想那个真心郎。	CC-CEDICT	
884	5030_1	真心	真心	zhēn xīn		wholeheartedness	听到阿龙的山歌，早已满面绯红的阿美，又深情地回唱道：“泉水流出哗哗响，妹想那个真心郎。	聽到阿龍的山歌，早已滿面緋紅的阿美，又深情地回唱道：“泉水流出嘩嘩響，妹想那個真心郎。	leipzig	zho_news_2020_300K:90045	听到阿龙的山歌，早已满面绯红的阿美，又深情地回唱道：“泉水流出哗哗响，妹想那个真心郎。	CC-CEDICT	
885	5032_1	骒马	騍馬	kè mǎ		mare	骒马是一个较少见的词语。	騍馬是一個較少見的詞語。	authored	level-2/5032_1	骒马是一个较少见的词语。	CC-CEDICT	
886	5033_1	绲边	緄邊	gǔn biān		border	绲边表示一种动作。	緄邊表示一種動作。	authored	level-2/5033_1	绲边表示一种动作。	CC-CEDICT	
887	5035_1	即日	即日	jí rì		this or that very day	即日解印绶去职，赋《归去来》。	即日解印綬去職，賦《歸去來》。	leipzig	zho_news_2020_300K:77621	即日解印绶去职，赋《归去来》。	CC-CEDICT	
888	5035_1	去职	去職	qù zhí		to leave office	即日解印绶去职，赋《归去来》。	即日解印綬去職，賦《歸去來》。	leipzig	zho_news_2020_300K:77621	即日解印绶去职，赋《归去来》。	CC-CEDICT	
889	5037_1	转身	轉身	zhuǎn shēn		to turn round	一转身，天涯海角；一回眸，婆娑缱绻。	一轉身，天涯海角；一回眸，婆娑繾綣。	leipzig	zho_news_2020_300K:11598	一转身，天涯海角；一回眸，婆娑缱绻。	CC-CEDICT	
890	5037_1	天涯海角	天涯海角	tiān yá hǎi jiǎo		the ends of the earth	一转身，天涯海角；一回眸，婆娑缱绻。	一轉身，天涯海角；一回眸，婆娑繾綣。	leipzig	zho_news_2020_300K:11598	一转身，天涯海角；一回眸，婆娑缱绻。	CC-CEDICT	
891	5037_1	婆娑	婆娑	pó suō		to swirl about	一转身，天涯海角；一回眸，婆娑缱绻。	一轉身，天涯海角；一回眸，婆娑繾綣。	leipzig	zho_news_2020_300K:11598	一转身，天涯海角；一回眸，婆娑缱绻。	CC-CEDICT	
892	5050_1	令人	令人	lìng rén		to cause one	好一派靓丽的田野风光，令人心旷神怡。	好一派靚麗的田野風光，令人心曠神怡。	leipzig	zho_news_2020_300K:117345	好一派靓丽的田野风光，令人心旷神怡。	CC-CEDICT	
893	5067_1	鬼神	鬼神	guǐ shén		supernatural beings	注：“鬼神”句，相传仓颉造字时：“天雨粟、鬼夜哭”	注：“鬼神”句，相傳倉頡造字時：“天雨粟、鬼夜哭”	leipzig	zho_news_2020_300K:199980	注：“鬼神”句，相传仓颉造字时：“天雨粟、鬼夜哭”	CC-CEDICT	
894	5067_1	相传	相傳	xiāng chuán		to pass on	注：“鬼神”句，相传仓颉造字时：“天雨粟、鬼夜哭”	注：“鬼神”句，相傳倉頡造字時：“天雨粟、鬼夜哭”	leipzig	zho_news_2020_300K:199980	注：“鬼神”句，相传仓颉造字时：“天雨粟、鬼夜哭”	CC-CEDICT	
895	5067_1	仓颉	倉頡	cāng jié		Cangjie input method	注：“鬼神”句，相传仓颉造字时：“天雨粟、鬼夜哭”	注：“鬼神”句，相傳倉頡造字時：“天雨粟、鬼夜哭”	leipzig	zho_news_2020_300K:199980	注：“鬼神”句，相传仓颉造字时：“天雨粟、鬼夜哭”	CC-CEDICT	
896	5067_1	造字	造字	zào zì		to create Chinese characters	注：“鬼神”句，相传仓颉造字时：“天雨粟、鬼夜哭”	注：“鬼神”句，相傳倉頡造字時：“天雨粟、鬼夜哭”	leipzig	zho_news_2020_300K:199980	注：“鬼神”句，相传仓颉造字时：“天雨粟、鬼夜哭”	CC-CEDICT	
897	5073_1	接受	接受	jiē shòu		to accept	袁不再蛰伏，接受任命，独揽大权，其与那桐的来往便愈加密切，这在《那桐日记》中颇有体现：	袁不再蟄伏，接受任命，獨攬大權，其與那桐的來往便愈加密切，這在《那桐日記》中頗有體現：	leipzig	zho_news_2020_300K:252853	袁不再蛰伏，接受任命，独揽大权，其与那桐的来往便愈加密切，这在《那桐日记》中颇有体现：	CC-CEDICT	
898	5073_1	任命	任命	rèn mìng		to appoint	袁不再蛰伏，接受任命，独揽大权，其与那桐的来往便愈加密切，这在《那桐日记》中颇有体现：	袁不再蟄伏，接受任命，獨攬大權，其與那桐的來往便愈加密切，這在《那桐日記》中頗有體現：	leipzig	zho_news_2020_300K:252853	袁不再蛰伏，接受任命，独揽大权，其与那桐的来往便愈加密切，这在《那桐日记》中颇有体现：	CC-CEDICT	
899	5073_1	独揽	獨攬	dú lǎn		to monopolize	袁不再蛰伏，接受任命，独揽大权，其与那桐的来往便愈加密切，这在《那桐日记》中颇有体现：	袁不再蟄伏，接受任命，獨攬大權，其與那桐的來往便愈加密切，這在《那桐日記》中頗有體現：	leipzig	zho_news_2020_300K:252853	袁不再蛰伏，接受任命，独揽大权，其与那桐的来往便愈加密切，这在《那桐日记》中颇有体现：	CC-CEDICT	
900	5073_1	来往	來往	lái wǎng		to come and go	袁不再蛰伏，接受任命，独揽大权，其与那桐的来往便愈加密切，这在《那桐日记》中颇有体现：	袁不再蟄伏，接受任命，獨攬大權，其與那桐的來往便愈加密切，這在《那桐日記》中頗有體現：	leipzig	zho_news_2020_300K:252853	袁不再蛰伏，接受任命，独揽大权，其与那桐的来往便愈加密切，这在《那桐日记》中颇有体现：	CC-CEDICT	
901	5073_1	愈加	愈加	yù jiā		all the more	袁不再蛰伏，接受任命，独揽大权，其与那桐的来往便愈加密切，这在《那桐日记》中颇有体现：	袁不再蟄伏，接受任命，獨攬大權，其與那桐的來往便愈加密切，這在《那桐日記》中頗有體現：	leipzig	zho_news_2020_300K:252853	袁不再蛰伏，接受任命，独揽大权，其与那桐的来往便愈加密切，这在《那桐日记》中颇有体现：	CC-CEDICT	
902	5073_1	日记	日記	rì jì		diary	袁不再蛰伏，接受任命，独揽大权，其与那桐的来往便愈加密切，这在《那桐日记》中颇有体现：	袁不再蟄伏，接受任命，獨攬大權，其與那桐的來往便愈加密切，這在《那桐日記》中頗有體現：	leipzig	zho_news_2020_300K:252853	袁不再蛰伏，接受任命，独揽大权，其与那桐的来往便愈加密切，这在《那桐日记》中颇有体现：	CC-CEDICT	
903	5073_1	体现	體現	tǐ xiàn		to embody	袁不再蛰伏，接受任命，独揽大权，其与那桐的来往便愈加密切，这在《那桐日记》中颇有体现：	袁不再蟄伏，接受任命，獨攬大權，其與那桐的來往便愈加密切，這在《那桐日記》中頗有體現：	leipzig	zho_news_2020_300K:252853	袁不再蛰伏，接受任命，独揽大权，其与那桐的来往便愈加密切，这在《那桐日记》中颇有体现：	CC-CEDICT	
904	5106_1	鹁鸽	鵓鴿	bó gē		pigeon	鹁鸽是一种鸟。	鵓鴿是一種鳥。	authored	level-2/5106_1	鹁鸽是一种鸟。	CC-CEDICT	
905	5113_1	一生	一生	yī shēng		all one's life	他一生为国为民，殚精竭虑，从不谋求私利。	他一生為國為民，殫精竭慮，從不謀求私利。	leipzig	zho_news_2020_300K:37215	他一生为国为民，殚精竭虑，从不谋求私利。	CC-CEDICT	
906	5113_1	谋求	謀求	móu qiú		to seek	他一生为国为民，殚精竭虑，从不谋求私利。	他一生為國為民，殫精竭慮，從不謀求私利。	leipzig	zho_news_2020_300K:37215	他一生为国为民，殚精竭虑，从不谋求私利。	CC-CEDICT	
907	5113_1	私利	私利	sī lì		personal gain	他一生为国为民，殚精竭虑，从不谋求私利。	他一生為國為民，殫精竭慮，從不謀求私利。	leipzig	zho_news_2020_300K:37215	他一生为国为民，殚精竭虑，从不谋求私利。	CC-CEDICT	
908	5121_1	攻入	攻入	gōng rù		to force entrance into	内打出而外攻入，枪械辎重，损失甚钜。	內打出而外攻入，槍械輜重，損失甚鉅。	leipzig	zho_news_2020_300K:66473	内打出而外攻入，枪械辎重，损失甚钜。	CC-CEDICT	
909	5121_1	枪械	槍械	qiāng xiè		firearm	内打出而外攻入，枪械辎重，损失甚钜。	內打出而外攻入，槍械輜重，損失甚鉅。	leipzig	zho_news_2020_300K:66473	内打出而外攻入，枪械辎重，损失甚钜。	CC-CEDICT	
910	5124_1	桃花	桃花	táo huā		peach blossom	你依然像从前面若桃花，频频低垂的眼睑，弯弯的柳叶眉。	你依然像從前面若桃花，頻頻低垂的眼瞼，彎彎的柳葉眉。	leipzig	zho_news_2020_300K:54715	你依然像从前面若桃花，频频低垂的眼睑，弯弯的柳叶眉。	CC-CEDICT	
911	5124_1	频频	頻頻	pín pín		repeatedly	你依然像从前面若桃花，频频低垂的眼睑，弯弯的柳叶眉。	你依然像從前面若桃花，頻頻低垂的眼瞼，彎彎的柳葉眉。	leipzig	zho_news_2020_300K:54715	你依然像从前面若桃花，频频低垂的眼睑，弯弯的柳叶眉。	CC-CEDICT	
912	5124_1	低垂	低垂	dī chuí		to droop	你依然像从前面若桃花，频频低垂的眼睑，弯弯的柳叶眉。	你依然像從前面若桃花，頻頻低垂的眼瞼，彎彎的柳葉眉。	leipzig	zho_news_2020_300K:54715	你依然像从前面若桃花，频频低垂的眼睑，弯弯的柳叶眉。	CC-CEDICT	
913	5142_1	蛱蝶	蛺蝶	jiá dié		nymphalid	“翻阶蛱蝶恋花情”中的三个字。	“翻階蛺蝶戀花情”中的三個字。	leipzig	zho_wikipedia_2018_1M:797008	“翻阶蛱蝶恋花情”中的三个字。	CC-CEDICT	
914	5143_1	蛲虫	蟯蟲	náo chóng	ráo chóng	parasitic worm	蛲虫是一种动物。	蟯蟲是一種動物。	authored	level-2/5143_1	蛲虫是一种动物。	CC-CEDICT	Taiwan MOE Concise Dictionary
915	5163_1	往昔	往昔	wǎng xī	wǎng xí	the past	忆往昔，岁月峥嵘；看今朝，风华正茂。	憶往昔，歲月崢嶸；看今朝，風華正茂。	leipzig	zho_news_2020_300K:144241	忆往昔，岁月峥嵘；看今朝，风华正茂。	CC-CEDICT	Taiwan MOE Concise Dictionary
916	5163_1	峥嵘	崢嶸	zhēng róng		towering	忆往昔，岁月峥嵘；看今朝，风华正茂。	憶往昔，歲月崢嶸；看今朝，風華正茂。	leipzig	zho_news_2020_300K:144241	忆往昔，岁月峥嵘；看今朝，风华正茂。	CC-CEDICT	
917	5163_1	今朝	今朝	jīn zhāo		today	忆往昔，岁月峥嵘；看今朝，风华正茂。	憶往昔，歲月崢嶸；看今朝，風華正茂。	leipzig	zho_news_2020_300K:144241	忆往昔，岁月峥嵘；看今朝，风华正茂。	CC-CEDICT	
918	5177_1	参拜	參拜	cān bài		to formally call on	孕妇忌参加赕佛或参拜佛爷，忌参加婚礼、丧葬仪式以及各种节庆祭典等。	孕婦忌參加賧佛或參拜佛爺，忌參加婚禮、喪葬儀式以及各種節慶祭典等。	leipzig	zho_wikipedia_2018_1M:428645	孕妇忌参加赕佛或参拜佛爷，忌参加婚礼、丧葬仪式以及各种节庆祭典等。	CC-CEDICT	
919	5177_1	婚礼	婚禮	hūn lǐ		wedding ceremony	孕妇忌参加赕佛或参拜佛爷，忌参加婚礼、丧葬仪式以及各种节庆祭典等。	孕婦忌參加賧佛或參拜佛爺，忌參加婚禮、喪葬儀式以及各種節慶祭典等。	leipzig	zho_wikipedia_2018_1M:428645	孕妇忌参加赕佛或参拜佛爷，忌参加婚礼、丧葬仪式以及各种节庆祭典等。	CC-CEDICT	
920	5177_1	节庆	節慶	jié qìng		festival	孕妇忌参加赕佛或参拜佛爷，忌参加婚礼、丧葬仪式以及各种节庆祭典等。	孕婦忌參加賧佛或參拜佛爺，忌參加婚禮、喪葬儀式以及各種節慶祭典等。	leipzig	zho_wikipedia_2018_1M:428645	孕妇忌参加赕佛或参拜佛爷，忌参加婚礼、丧葬仪式以及各种节庆祭典等。	CC-CEDICT	
921	5177_1	祭典	祭典	jì diǎn		sacrificial ceremony	孕妇忌参加赕佛或参拜佛爷，忌参加婚礼、丧葬仪式以及各种节庆祭典等。	孕婦忌參加賧佛或參拜佛爺，忌參加婚禮、喪葬儀式以及各種節慶祭典等。	leipzig	zho_wikipedia_2018_1M:428645	孕妇忌参加赕佛或参拜佛爷，忌参加婚礼、丧葬仪式以及各种节庆祭典等。	CC-CEDICT	
922	5182_1	研发	研發	yán fā		research and development	中伟新能源是一家研发、生产锂电池正极前驱体材料的企业。	中偉新能源是一家研發、生產鋰電池正極前驅體材料的企業。	leipzig	zho_news_2020_300K:20115	中伟新能源是一家研发、生产锂电池正极前驱体材料的企业。	CC-CEDICT	
923	5182_1	电池	電池	diàn chí		battery	中伟新能源是一家研发、生产锂电池正极前驱体材料的企业。	中偉新能源是一家研發、生產鋰電池正極前驅體材料的企業。	leipzig	zho_news_2020_300K:20115	中伟新能源是一家研发、生产锂电池正极前驱体材料的企业。	CC-CEDICT	
924	5182_1	正极	正極	zhèng jí		positive electrode	中伟新能源是一家研发、生产锂电池正极前驱体材料的企业。	中偉新能源是一家研發、生產鋰電池正極前驅體材料的企業。	leipzig	zho_news_2020_300K:20115	中伟新能源是一家研发、生产锂电池正极前驱体材料的企业。	CC-CEDICT	
925	5184_1	密度	密度	mì dù		density	锇是一种密度很高的金属。	鋨是一種密度很高的金屬。	preexisting			CC-CEDICT	
926	5185_1	钳子	鉗子	qián zi		pliers	他领着六七个工人，带着几把锉刀、钳子，修械厂就算办起来了。	他領著六七個工人，帶著幾把銼刀、鉗子，修械廠就算辦起來了。	leipzig	zho_news_2020_300K:45111	他领着六七个工人，带着几把锉刀、钳子，修械厂就算办起来了。	CC-CEDICT	
927	5186_1	撒手	撒手	sā shǒu		to let go of sth	蛇有个“撒手锏”，就是绞杀，将猎物缠住、收紧，使其窒息而死。	蛇有個“撒手鐧”，就是絞殺，將獵物纏住、收緊，使其窒息而死。	leipzig	zho_news_2020_300K:251701	蛇有个“撒手锏”，就是绞杀，将猎物缠住、收紧，使其窒息而死。	CC-CEDICT	
928	5186_1	收紧	收緊	shōu jǐn		to tighten up	蛇有个“撒手锏”，就是绞杀，将猎物缠住、收紧，使其窒息而死。	蛇有個“撒手鐧”，就是絞殺，將獵物纏住、收緊，使其窒息而死。	leipzig	zho_news_2020_300K:251701	蛇有个“撒手锏”，就是绞杀，将猎物缠住、收紧，使其窒息而死。	CC-CEDICT	
929	5186_1	窒息	窒息	zhì xī	zhì xí	to choke	蛇有个“撒手锏”，就是绞杀，将猎物缠住、收紧，使其窒息而死。	蛇有個“撒手鐧”，就是絞殺，將獵物纏住、收緊，使其窒息而死。	leipzig	zho_news_2020_300K:251701	蛇有个“撒手锏”，就是绞杀，将猎物缠住、收紧，使其窒息而死。	CC-CEDICT	Taiwan MOE Concise Dictionary
930	5187_1	工业	工業	gōng yè		industry	锑的工业制法是先焙烧，再用碳在高温下还原，或者是直接用金属铁还原辉锑矿。	銻的工業製法是先焙燒，再用碳在高溫下還原，或者是直接用金屬鐵還原輝銻礦。	leipzig	zho_wikipedia_2018_1M:949272	锑的工业制法是先焙烧，再用碳在高温下还原，或者是直接用金属铁还原辉锑矿。	CC-CEDICT	
931	5187_1	焙烧	焙燒	bèi shāo		to roast	锑的工业制法是先焙烧，再用碳在高温下还原，或者是直接用金属铁还原辉锑矿。	銻的工業製法是先焙燒，再用碳在高溫下還原，或者是直接用金屬鐵還原輝銻礦。	leipzig	zho_wikipedia_2018_1M:949272	锑的工业制法是先焙烧，再用碳在高温下还原，或者是直接用金属铁还原辉锑矿。	CC-CEDICT	
932	5187_1	高温	高溫	gāo wēn		high temperature	锑的工业制法是先焙烧，再用碳在高温下还原，或者是直接用金属铁还原辉锑矿。	銻的工業製法是先焙燒，再用碳在高溫下還原，或者是直接用金屬鐵還原輝銻礦。	leipzig	zho_wikipedia_2018_1M:949272	锑的工业制法是先焙烧，再用碳在高温下还原，或者是直接用金属铁还原辉锑矿。	CC-CEDICT	
933	5187_1	还原	還原	huán yuán		to restore to the original state	锑的工业制法是先焙烧，再用碳在高温下还原，或者是直接用金属铁还原辉锑矿。	銻的工業製法是先焙燒，再用碳在高溫下還原，或者是直接用金屬鐵還原輝銻礦。	leipzig	zho_wikipedia_2018_1M:949272	锑的工业制法是先焙烧，再用碳在高温下还原，或者是直接用金属铁还原辉锑矿。	CC-CEDICT	
934	5187_1	或者	或者	huò zhě		or	锑的工业制法是先焙烧，再用碳在高温下还原，或者是直接用金属铁还原辉锑矿。	銻的工業製法是先焙燒，再用碳在高溫下還原，或者是直接用金屬鐵還原輝銻礦。	leipzig	zho_wikipedia_2018_1M:949272	锑的工业制法是先焙烧，再用碳在高温下还原，或者是直接用金属铁还原辉锑矿。	CC-CEDICT	
935	5188_1	手下	手下	shǒu xià		subordinates	他纵容手下横行不法，如今公司倾覆、自身锒铛入狱，恶有恶报。	他縱容手下橫行不法，如今公司傾覆、自身鋃鐺入獄，惡有惡報。	tatoeba	13917209	他縱容手下橫行不法，如今公司傾覆、自身鋃鐺入獄，惡有惡報。	CC-CEDICT	
936	5188_1	横行	橫行	héng xíng		to go on the rampage	他纵容手下横行不法，如今公司倾覆、自身锒铛入狱，恶有恶报。	他縱容手下橫行不法，如今公司傾覆、自身鋃鐺入獄，惡有惡報。	tatoeba	13917209	他縱容手下橫行不法，如今公司傾覆、自身鋃鐺入獄，惡有惡報。	CC-CEDICT	
937	5188_1	不法	不法	bù fǎ		lawless	他纵容手下横行不法，如今公司倾覆、自身锒铛入狱，恶有恶报。	他縱容手下橫行不法，如今公司傾覆、自身鋃鐺入獄，惡有惡報。	tatoeba	13917209	他縱容手下橫行不法，如今公司傾覆、自身鋃鐺入獄，惡有惡報。	CC-CEDICT	
938	5188_1	自身	自身	zì shēn		itself	他纵容手下横行不法，如今公司倾覆、自身锒铛入狱，恶有恶报。	他縱容手下橫行不法，如今公司傾覆、自身鋃鐺入獄，惡有惡報。	tatoeba	13917209	他縱容手下橫行不法，如今公司傾覆、自身鋃鐺入獄，惡有惡報。	CC-CEDICT	
939	5188_1	入狱	入獄	rù yù		to go to jail	他纵容手下横行不法，如今公司倾覆、自身锒铛入狱，恶有恶报。	他縱容手下橫行不法，如今公司傾覆、自身鋃鐺入獄，惡有惡報。	tatoeba	13917209	他縱容手下橫行不法，如今公司傾覆、自身鋃鐺入獄，惡有惡報。	CC-CEDICT	
940	5196_1	初生	初生	chū shēng		newborn	而青年干部有“初生牛犊不怕虎”的闯劲、稚气，就不应放弃这个优势，在体制内“老成”得太快。	而青年幹部有“初生牛犢不怕虎”的闖勁、稚氣，就不應放棄這個優勢，在體制內“老成”得太快。	leipzig	zho_news_2020_300K:242404	而青年干部有“初生牛犊不怕虎”的闯劲、稚气，就不应放弃这个优势，在体制内“老成”得太快。	CC-CEDICT	
941	5196_1	不怕	不怕	bù pà		fearless	而青年干部有“初生牛犊不怕虎”的闯劲、稚气，就不应放弃这个优势，在体制内“老成”得太快。	而青年幹部有“初生牛犢不怕虎”的闖勁、稚氣，就不應放棄這個優勢，在體制內“老成”得太快。	leipzig	zho_news_2020_300K:242404	而青年干部有“初生牛犊不怕虎”的闯劲、稚气，就不应放弃这个优势，在体制内“老成”得太快。	CC-CEDICT	
942	5196_1	稚气	稚氣	zhì qì		childish nature	而青年干部有“初生牛犊不怕虎”的闯劲、稚气，就不应放弃这个优势，在体制内“老成”得太快。	而青年幹部有“初生牛犢不怕虎”的闖勁、稚氣，就不應放棄這個優勢，在體制內“老成”得太快。	leipzig	zho_news_2020_300K:242404	而青年干部有“初生牛犊不怕虎”的闯劲、稚气，就不应放弃这个优势，在体制内“老成”得太快。	CC-CEDICT	
943	5196_1	放弃	放棄	fàng qì		to renounce	而青年干部有“初生牛犊不怕虎”的闯劲、稚气，就不应放弃这个优势，在体制内“老成”得太快。	而青年幹部有“初生牛犢不怕虎”的闖勁、稚氣，就不應放棄這個優勢，在體制內“老成”得太快。	leipzig	zho_news_2020_300K:242404	而青年干部有“初生牛犊不怕虎”的闯劲、稚气，就不应放弃这个优势，在体制内“老成”得太快。	CC-CEDICT	
944	5196_1	体制	體制	tǐ zhì		system	而青年干部有“初生牛犊不怕虎”的闯劲、稚气，就不应放弃这个优势，在体制内“老成”得太快。	而青年幹部有“初生牛犢不怕虎”的闖勁、稚氣，就不應放棄這個優勢，在體制內“老成”得太快。	leipzig	zho_news_2020_300K:242404	而青年干部有“初生牛犊不怕虎”的闯劲、稚气，就不应放弃这个优势，在体制内“老成”得太快。	CC-CEDICT	
945	5196_1	老成	老成	lǎo chéng		mature	而青年干部有“初生牛犊不怕虎”的闯劲、稚气，就不应放弃这个优势，在体制内“老成”得太快。	而青年幹部有“初生牛犢不怕虎”的闖勁、稚氣，就不應放棄這個優勢，在體制內“老成”得太快。	leipzig	zho_news_2020_300K:242404	而青年干部有“初生牛犊不怕虎”的闯劲、稚气，就不应放弃这个优势，在体制内“老成”得太快。	CC-CEDICT	
946	5199_1	鸿鹄	鴻鵠	hóng hú		swan	意思是：鸿鹄高飞啊，振翅千里。	意思是：鴻鵠高飛啊，振翅千里。	leipzig	zho_news_2020_300K:146508	意思是：鸿鹄高飞啊，振翅千里。	CC-CEDICT	
947	5199_1	高飞	高飛	gāo fēi		to soar	意思是：鸿鹄高飞啊，振翅千里。	意思是：鴻鵠高飛啊，振翅千里。	leipzig	zho_news_2020_300K:146508	意思是：鸿鹄高飞啊，振翅千里。	CC-CEDICT	
948	5205_1	四十	四十	sì shí		forty	四十余年，筚路蓝缕，家道复兴矣。	四十餘年，篳路藍縷，家道復興矣。	leipzig	zho_news_2020_300K:93085	四十余年，筚路蓝缕，家道复兴矣。	CC-CEDICT	
949	5205_1	复兴	復興	fù xīng		to revive	四十余年，筚路蓝缕，家道复兴矣。	四十餘年，篳路藍縷，家道復興矣。	leipzig	zho_news_2020_300K:93085	四十余年，筚路蓝缕，家道复兴矣。	CC-CEDICT	
950	5211_1	识字	識字	shí zì		to learn to read	杨一生识字不多，文牍皆由身边人代劳。	楊一生識字不多，文牘皆由身邊人代勞。	leipzig	zho_wikipedia_2018_1M:611061	杨一生识字不多，文牍皆由身边人代劳。	CC-CEDICT	
951	5211_1	身边	身邊	shēn biān		at one's side	杨一生识字不多，文牍皆由身边人代劳。	楊一生識字不多，文牘皆由身邊人代勞。	leipzig	zho_wikipedia_2018_1M:611061	杨一生识字不多，文牍皆由身边人代劳。	CC-CEDICT	
952	5212_1	才子	才子	cái zǐ		gifted scholar	才子是否也倜傥风流，俊美潇洒，气度轩昂呢？	才子是否也倜儻風流，俊美瀟灑，氣度軒昂呢？	leipzig	zho_news_2020_300K:156641	才子是否也倜傥风流，俊美潇洒，气度轩昂呢？	CC-CEDICT	
953	5212_1	风流	風流	fēng liú		distinguished and accomplished	才子是否也倜傥风流，俊美潇洒，气度轩昂呢？	才子是否也倜儻風流，俊美瀟灑，氣度軒昂呢？	leipzig	zho_news_2020_300K:156641	才子是否也倜傥风流，俊美潇洒，气度轩昂呢？	CC-CEDICT	
954	5212_1	俊美	俊美	jùn měi		pretty	才子是否也倜傥风流，俊美潇洒，气度轩昂呢？	才子是否也倜儻風流，俊美瀟灑，氣度軒昂呢？	leipzig	zho_news_2020_300K:156641	才子是否也倜傥风流，俊美潇洒，气度轩昂呢？	CC-CEDICT	
955	5213_1	傧相	儐相	bīn xiàng		attendant of the bride or bridegroom at a…	傧相是一个较少见的词语。	儐相是一個較少見的詞語。	authored	level-2/5213_1	傧相是一个较少见的词语。	CC-CEDICT	
956	5215_1	化石	化石	huà shí		fossil	“活化石”，桃源傩戏在民间仍广为流传并保留着原始的特色。	“活化石”，桃源儺戲在民間仍廣為流傳並保留著原始的特色。	leipzig	zho_wikipedia_2018_1M:667600	“活化石”，桃源傩戏在民间仍广为流传并保留着原始的特色。	CC-CEDICT	
957	5215_1	桃源	桃源	táo yuán		Taoyuan	“活化石”，桃源傩戏在民间仍广为流传并保留着原始的特色。	“活化石”，桃源儺戲在民間仍廣為流傳並保留著原始的特色。	leipzig	zho_wikipedia_2018_1M:667600	“活化石”，桃源傩戏在民间仍广为流传并保留着原始的特色。	CC-CEDICT	
958	5215_1	流传	流傳	liú chuán		to spread	“活化石”，桃源傩戏在民间仍广为流传并保留着原始的特色。	“活化石”，桃源儺戲在民間仍廣為流傳並保留著原始的特色。	leipzig	zho_wikipedia_2018_1M:667600	“活化石”，桃源傩戏在民间仍广为流传并保留着原始的特色。	CC-CEDICT	
959	5215_1	保留	保留	bǎo liú		to keep	“活化石”，桃源傩戏在民间仍广为流传并保留着原始的特色。	“活化石”，桃源儺戲在民間仍廣為流傳並保留著原始的特色。	leipzig	zho_wikipedia_2018_1M:667600	“活化石”，桃源傩戏在民间仍广为流传并保留着原始的特色。	CC-CEDICT	
960	5215_1	特色	特色	tè sè		a characteristic	“活化石”，桃源傩戏在民间仍广为流传并保留着原始的特色。	“活化石”，桃源儺戲在民間仍廣為流傳並保留著原始的特色。	leipzig	zho_wikipedia_2018_1M:667600	“活化石”，桃源傩戏在民间仍广为流传并保留着原始的特色。	CC-CEDICT	
961	5218_1	姐姐	姐姐	jiě jie		older sister	古文中以媭称姐姐。	古文中以嬃稱姐姐。	preexisting			CC-CEDICT	
962	5221_1	关节	關節	guān jié		joint	曾经被判“无 期徒 刑”的颞下颌关节紊乱，就这样治疗结束了！	曾經被判“無 期徒 刑”的顳下頜關節紊亂，就這樣治療結束了！	leipzig	zho_news_2020_300K:177037	曾经被判“无 期徒 刑”的颞下颌关节紊乱，就这样治疗结束了！	CC-CEDICT	
963	5221_1	紊乱	紊亂	wěn luàn	wèn luàn	disorder	曾经被判“无 期徒 刑”的颞下颌关节紊乱，就这样治疗结束了！	曾經被判“無 期徒 刑”的顳下頜關節紊亂，就這樣治療結束了！	leipzig	zho_news_2020_300K:177037	曾经被判“无 期徒 刑”的颞下颌关节紊乱，就这样治疗结束了！	CC-CEDICT	Taiwan MOE Concise Dictionary
964	5221_1	结束	結束	jié shù		to end	曾经被判“无 期徒 刑”的颞下颌关节紊乱，就这样治疗结束了！	曾經被判“無 期徒 刑”的顳下頜關節紊亂，就這樣治療結束了！	leipzig	zho_news_2020_300K:177037	曾经被判“无 期徒 刑”的颞下颌关节紊乱，就这样治疗结束了！	CC-CEDICT	
965	5235_1	餐馆	餐館	cān guǎn		restaurant	当在餐馆里时，不能点炒鱿鱼。	當在餐館裡時，不能點炒魷魚。	tatoeba	899095	当在餐馆里时，不能点炒鱿鱼。	CC-CEDICT	
966	5235_1	炒鱿鱼	炒魷魚	chǎo yóu yú		to fire sb	当在餐馆里时，不能点炒鱿鱼。	當在餐館裡時，不能點炒魷魚。	tatoeba	899095	当在餐馆里时，不能点炒鱿鱼。	CC-CEDICT	
967	5237_1	产量	產量	chǎn liàng		output	、彭泽鲫、团头鲂、美国叉尾鲴等品种，年水产品产量达5000吨左右。	、彭澤鯽、團頭魴、美國叉尾鯝等品種，年水產品產量達5000噸左右。	leipzig	zho_wikipedia_2018_1M:496464	、彭泽鲫、团头鲂、美国叉尾鲴等品种，年水产品产量达5000吨左右。	CC-CEDICT	
968	5238_1	曲阳	曲陽	qū yáng		Quyang	，领召陵、曲阳、临颍三县，称南颍川郡。	，領召陵、曲陽、臨潁三縣，稱南潁川郡。	leipzig	zho_wikipedia_2018_1M:983548	，领召陵、曲阳、临颍三县，称南颍川郡。	CC-CEDICT	
969	5242_1	居民	居民	jū mín		resident	居民在飓风来临前，纷纷撤离低洼地区。	居民在颶風來臨前，紛紛撤離低窪地區。	tatoeba	13559101	居民在颶風來臨前，紛紛撤離低窪地區。	CC-CEDICT	
970	5242_1	来临	來臨	lái lín		to approach	居民在飓风来临前，纷纷撤离低洼地区。	居民在颶風來臨前，紛紛撤離低窪地區。	tatoeba	13559101	居民在颶風來臨前，紛紛撤離低窪地區。	CC-CEDICT	
971	5242_1	撤离	撤離	chè lí		to withdraw from	居民在飓风来临前，纷纷撤离低洼地区。	居民在颶風來臨前，紛紛撤離低窪地區。	tatoeba	13559101	居民在颶風來臨前，紛紛撤離低窪地區。	CC-CEDICT	
972	5243_1	滥觞	濫觴	làn shāng		the origin	滥觞于家庭与社会传统的期望正失去它们的借鉴意义。	濫觴於家庭與社會傳統的期望正失去它們的借鑑意義。	leipzig	zho_news_2020_300K:205026	滥觞于家庭与社会传统的期望正失去它们的借鉴意义。	CC-CEDICT	
973	5243_1	家庭	家庭	jiā tíng		family	滥觞于家庭与社会传统的期望正失去它们的借鉴意义。	濫觴於家庭與社會傳統的期望正失去它們的借鑑意義。	leipzig	zho_news_2020_300K:205026	滥觞于家庭与社会传统的期望正失去它们的借鉴意义。	CC-CEDICT	
974	5243_1	期望	期望	qī wàng	qí wàng	to have expectations	滥觞于家庭与社会传统的期望正失去它们的借鉴意义。	濫觴於家庭與社會傳統的期望正失去它們的借鑑意義。	leipzig	zho_news_2020_300K:205026	滥觞于家庭与社会传统的期望正失去它们的借鉴意义。	CC-CEDICT	Taiwan MOE Concise Dictionary
975	5243_1	失去	失去	shī qù		to lose	滥觞于家庭与社会传统的期望正失去它们的借鉴意义。	濫觴於家庭與社會傳統的期望正失去它們的借鑑意義。	leipzig	zho_news_2020_300K:205026	滥觞于家庭与社会传统的期望正失去它们的借鉴意义。	CC-CEDICT	
976	5243_1	借鉴	借鑑	jiè jiàn		to draw on	滥觞于家庭与社会传统的期望正失去它们的借鉴意义。	濫觴於家庭與社會傳統的期望正失去它們的借鑑意義。	leipzig	zho_news_2020_300K:205026	滥觞于家庭与社会传统的期望正失去它们的借鉴意义。	CC-CEDICT	
977	5248_1	食谱	食譜	shí pǔ		cookbook	地方食谱中提到了馇。	地方食譜中提到了餷。	preexisting			CC-CEDICT	
978	5249_1	主意	主意	zhǔ yi	zhǔ yì	plan	亏你想到这种馊主意！	虧你想到這種餿主意！	tatoeba	602908	亏你想到这种馊主意！	CC-CEDICT	Taiwan MOE Concise Dictionary
979	5251_1	禁脔	禁臠	jìn luán		exclusive property	禁脔是一个较少见的词语。	禁臠是一個較少見的詞語。	authored	level-2/5251_1	禁脔是一个较少见的词语。	CC-CEDICT	
980	5258_1	病痛	病痛	bìng tòng		slight illness	这两年，姚德芬还要面对的病痛就是，因过去脑瘤手术遗留下的癫痫病。“	這兩年，姚德芬還要面對的病痛就是，因過去腦瘤手術遺留下的癲癇病。“	leipzig	zho_news_2020_300K:271982	这两年，姚德芬还要面对的病痛就是，因过去脑瘤手术遗留下的癫痫病。“	CC-CEDICT	
981	5258_1	脑瘤	腦瘤	nǎo liú		brain tumor	这两年，姚德芬还要面对的病痛就是，因过去脑瘤手术遗留下的癫痫病。“	這兩年，姚德芬還要面對的病痛就是，因過去腦瘤手術遺留下的癲癇病。“	leipzig	zho_news_2020_300K:271982	这两年，姚德芬还要面对的病痛就是，因过去脑瘤手术遗留下的癫痫病。“	CC-CEDICT	
982	5258_1	遗留	遺留	yí liú		to leave behind	这两年，姚德芬还要面对的病痛就是，因过去脑瘤手术遗留下的癫痫病。“	這兩年，姚德芬還要面對的病痛就是，因過去腦瘤手術遺留下的癲癇病。“	leipzig	zho_news_2020_300K:271982	这两年，姚德芬还要面对的病痛就是，因过去脑瘤手术遗留下的癫痫病。“	CC-CEDICT	
983	5258_1	癫痫	癲癇	diān xián		epilepsy	这两年，姚德芬还要面对的病痛就是，因过去脑瘤手术遗留下的癫痫病。“	這兩年，姚德芬還要面對的病痛就是，因過去腦瘤手術遺留下的癲癇病。“	leipzig	zho_news_2020_300K:271982	这两年，姚德芬还要面对的病痛就是，因过去脑瘤手术遗留下的癫痫病。“	CC-CEDICT	
984	5264_1	下垂	下垂	xià chuí		to droop	双耳长且略向下垂，下颏圆而略向前突。	雙耳長且略向下垂，下頦圓而略向前突。	leipzig	zho_news_2020_300K:79850	双耳长且略向下垂，下颏圆而略向前突。	CC-CEDICT	
985	5265_1	长尾	長尾	cháng wěi		long tail	自然保护区内栖息着蜂猴、长尾花叶 猴、水鹿、豹子、绿孔雀、金丝猴、白鹇、蟒蛇、麂子等珍贵动物。	自然保護區內棲息著蜂猴、長尾花葉 猴、水鹿、豹子、綠孔雀、金絲猴、白鷳、蟒蛇、麂子等珍貴動物。	leipzig	zho_wikipedia_2018_1M:822873	自然保护区内栖息着蜂猴、长尾花叶 猴、水鹿、豹子、绿孔雀、金丝猴、白鹇、蟒蛇、麂子等珍贵动物。	CC-CEDICT	
986	5265_1	豹子	豹子	bào zi		leopard	自然保护区内栖息着蜂猴、长尾花叶 猴、水鹿、豹子、绿孔雀、金丝猴、白鹇、蟒蛇、麂子等珍贵动物。	自然保護區內棲息著蜂猴、長尾花葉 猴、水鹿、豹子、綠孔雀、金絲猴、白鷳、蟒蛇、麂子等珍貴動物。	leipzig	zho_wikipedia_2018_1M:822873	自然保护区内栖息着蜂猴、长尾花叶 猴、水鹿、豹子、绿孔雀、金丝猴、白鹇、蟒蛇、麂子等珍贵动物。	CC-CEDICT	
987	5265_1	孔雀	孔雀	kǒng què		peafowl	自然保护区内栖息着蜂猴、长尾花叶 猴、水鹿、豹子、绿孔雀、金丝猴、白鹇、蟒蛇、麂子等珍贵动物。	自然保護區內棲息著蜂猴、長尾花葉 猴、水鹿、豹子、綠孔雀、金絲猴、白鷳、蟒蛇、麂子等珍貴動物。	leipzig	zho_wikipedia_2018_1M:822873	自然保护区内栖息着蜂猴、长尾花叶 猴、水鹿、豹子、绿孔雀、金丝猴、白鹇、蟒蛇、麂子等珍贵动物。	CC-CEDICT	
988	5265_1	蟒蛇	蟒蛇	mǎng shé		python	自然保护区内栖息着蜂猴、长尾花叶 猴、水鹿、豹子、绿孔雀、金丝猴、白鹇、蟒蛇、麂子等珍贵动物。	自然保護區內棲息著蜂猴、長尾花葉 猴、水鹿、豹子、綠孔雀、金絲猴、白鷳、蟒蛇、麂子等珍貴動物。	leipzig	zho_wikipedia_2018_1M:822873	自然保护区内栖息着蜂猴、长尾花叶 猴、水鹿、豹子、绿孔雀、金丝猴、白鹇、蟒蛇、麂子等珍贵动物。	CC-CEDICT	
989	5265_1	珍贵	珍貴	zhēn guì		precious	自然保护区内栖息着蜂猴、长尾花叶 猴、水鹿、豹子、绿孔雀、金丝猴、白鹇、蟒蛇、麂子等珍贵动物。	自然保護區內棲息著蜂猴、長尾花葉 猴、水鹿、豹子、綠孔雀、金絲猴、白鷳、蟒蛇、麂子等珍貴動物。	leipzig	zho_wikipedia_2018_1M:822873	自然保护区内栖息着蜂猴、长尾花叶 猴、水鹿、豹子、绿孔雀、金丝猴、白鹇、蟒蛇、麂子等珍贵动物。	CC-CEDICT	
990	5266_1	弟弟	弟弟	dì di		younger brother	我弟弟可能得了急性阑尾炎，要是这样他必须做个手术。	我弟弟可能得了急性闌尾炎，要是這樣他必須做個手術。	tatoeba	1616581	我弟弟可能得了急性闌尾炎，要是這樣他必須做個手術。	CC-CEDICT	
991	5266_1	急性	急性	jí xìng		acute	我弟弟可能得了急性阑尾炎，要是这样他必须做个手术。	我弟弟可能得了急性闌尾炎，要是這樣他必須做個手術。	tatoeba	1616581	我弟弟可能得了急性闌尾炎，要是這樣他必須做個手術。	CC-CEDICT	
992	5266_1	阑尾	闌尾	lán wěi		appendix	我弟弟可能得了急性阑尾炎，要是这样他必须做个手术。	我弟弟可能得了急性闌尾炎，要是這樣他必須做個手術。	tatoeba	1616581	我弟弟可能得了急性闌尾炎，要是這樣他必須做個手術。	CC-CEDICT	
993	5276_1	鹈鹕	鵜鶘	tí hú		pelican	美國馬里蘭州切薩皮克灣鹈鹕與其幼鳥。	美國馬裡蘭州切薩皮克灣鵜鶘與其幼鳥。	leipzig	zho_wikipedia_2018_1M:795222	美國馬里蘭州切薩皮克灣鹈鹕與其幼鳥。	CC-CEDICT	
994	5296_1	功罪	功罪	gōng zuì		achievements and crimes	功罪不分昏愦甚，从知灵帝本无灵！	功罪不分昏憒甚，從知靈帝本無靈！	leipzig	zho_wikipedia_2018_1M:250703	功罪不分昏愦甚，从知灵帝本无灵！	CC-CEDICT	
995	5296_1	不分	不分	bù fēn		not to distinguish	功罪不分昏愦甚，从知灵帝本无灵！	功罪不分昏憒甚，從知靈帝本無靈！	leipzig	zho_wikipedia_2018_1M:250703	功罪不分昏愦甚，从知灵帝本无灵！	CC-CEDICT	
996	5301_1	更正	更正	gēng zhèng		to correct	更正：因笔误，五帝中“帝善”应为“帝喾”。	更正：因筆誤，五帝中“帝善”應為“帝嚳”。	leipzig	zho_news_2020_300K:176424	更正：因笔误，五帝中“帝善”应为“帝喾”。	CC-CEDICT	
997	5301_1	笔误	筆誤	bǐ wù		a slip of a pen	更正：因笔误，五帝中“帝善”应为“帝喾”。	更正：因筆誤，五帝中“帝善”應為“帝嚳”。	leipzig	zho_news_2020_300K:176424	更正：因笔误，五帝中“帝善”应为“帝喾”。	CC-CEDICT	
998	5301_1	五帝	五帝	wǔ dì		the Five Legendary Emperors	更正：因笔误，五帝中“帝善”应为“帝喾”。	更正：因筆誤，五帝中“帝善”應為“帝嚳”。	leipzig	zho_news_2020_300K:176424	更正：因笔误，五帝中“帝善”应为“帝喾”。	CC-CEDICT	
999	5313_1	幽州	幽州	yōu zhōu		Youzhou	朝廷赠其为幽州都督，谥号“懿”。	朝廷贈其為幽州都督，謚號“懿”。	leipzig	zho_news_2020_300K:181632	朝廷赠其为幽州都督，谥号“懿”。	CC-CEDICT	
1000	5313_1	都督	都督	dū dū		commander-in-chief	朝廷赠其为幽州都督，谥号“懿”。	朝廷贈其為幽州都督，謚號“懿”。	leipzig	zho_news_2020_300K:181632	朝廷赠其为幽州都督，谥号“懿”。	CC-CEDICT	
1001	5313_1	谥号	謚號	shì hào		honorary posthumous name	朝廷赠其为幽州都督，谥号“懿”。	朝廷贈其為幽州都督，謚號“懿”。	leipzig	zho_news_2020_300K:181632	朝廷赠其为幽州都督，谥号“懿”。	CC-CEDICT	
1002	5323_1	尿酸	尿酸	niào suān		uric acid	，并最终以巯基尿酸的形式排出。	，並最終以巰基尿酸的形式排出。	leipzig	zho_wikipedia_2018_1M:479633	，并最终以巯基尿酸的形式排出。	CC-CEDICT	
1003	5323_1	排出	排出	pái chū		to discharge	，并最终以巯基尿酸的形式排出。	，並最終以巰基尿酸的形式排出。	leipzig	zho_wikipedia_2018_1M:479633	，并最终以巯基尿酸的形式排出。	CC-CEDICT	
1004	5328_1	靠北	靠北	kào běi		to rattle on	靠北摆放的屏风上，原来有一幅高10米（三丈）、宽3米（一丈）的巨幅缂丝缎绣佛挂像，	靠北擺放的屏風上，原來有一幅高10米（三丈）、寬3米（一丈）的巨幅緙絲緞繡佛掛像，	leipzig	zho_wikipedia_2018_1M:978802	靠北摆放的屏风上，原来有一幅高10米（三丈）、宽3米（一丈）的巨幅缂丝缎绣佛挂像，	CC-CEDICT	
1005	5328_1	屏风	屏風	píng fēng		screen	靠北摆放的屏风上，原来有一幅高10米（三丈）、宽3米（一丈）的巨幅缂丝缎绣佛挂像，	靠北擺放的屏風上，原來有一幅高10米（三丈）、寬3米（一丈）的巨幅緙絲緞繡佛掛像，	leipzig	zho_wikipedia_2018_1M:978802	靠北摆放的屏风上，原来有一幅高10米（三丈）、宽3米（一丈）的巨幅缂丝缎绣佛挂像，	CC-CEDICT	
1006	5328_1	巨幅	巨幅	jù fú		extremely large	靠北摆放的屏风上，原来有一幅高10米（三丈）、宽3米（一丈）的巨幅缂丝缎绣佛挂像，	靠北擺放的屏風上，原來有一幅高10米（三丈）、寬3米（一丈）的巨幅緙絲緞繡佛掛像，	leipzig	zho_wikipedia_2018_1M:978802	靠北摆放的屏风上，原来有一幅高10米（三丈）、宽3米（一丈）的巨幅缂丝缎绣佛挂像，	CC-CEDICT	
1007	5328_1	缂丝	緙絲	kè sī		kesi or k’o-ssu	靠北摆放的屏风上，原来有一幅高10米（三丈）、宽3米（一丈）的巨幅缂丝缎绣佛挂像，	靠北擺放的屏風上，原來有一幅高10米（三丈）、寬3米（一丈）的巨幅緙絲緞繡佛掛像，	leipzig	zho_wikipedia_2018_1M:978802	靠北摆放的屏风上，原来有一幅高10米（三丈）、宽3米（一丈）的巨幅缂丝缎绣佛挂像，	CC-CEDICT	
1008	5330_1	丧气	喪氣	sàng qì		to feel disheartened	他们一个个垂头丧气，缄默不语。	他們一個個垂頭喪氣，緘默不語。	leipzig	zho_news_2020_300K:37668	他们一个个垂头丧气，缄默不语。	CC-CEDICT	
1009	5330_1	缄默	緘默	jiān mò		to keep silent	他们一个个垂头丧气，缄默不语。	他們一個個垂頭喪氣，緘默不語。	leipzig	zho_news_2020_300K:37668	他们一个个垂头丧气，缄默不语。	CC-CEDICT	
1010	5335_1	织物	織物	zhī wù		fabric	古代织物记录中出现了缑。	古代織物記錄中出現了緱。	preexisting			CC-CEDICT	
1011	5336_1	军用	軍用	jūn yòng		military use	守军用绳索把使者缒下城墙。	守軍用繩索把使者縋下城牆。	preexisting			CC-CEDICT	
1012	5336_1	绳索	繩索	shéng suǒ		rope	守军用绳索把使者缒下城墙。	守軍用繩索把使者縋下城牆。	preexisting			CC-CEDICT	
1013	5336_1	使者	使者	shǐ zhě		emissary	守军用绳索把使者缒下城墙。	守軍用繩索把使者縋下城牆。	preexisting			CC-CEDICT	
1014	5347_1	塑像	塑像	sù xiàng		to sculpt or mold a statue	塑像主体是一头桀骜不驯的狮子，长22米，高11米，	塑像主體是一頭桀驁不馴的獅子，長22米，高11米，	leipzig	zho_wikipedia_2018_1M:396586	塑像主体是一头桀骜不驯的狮子，长22米，高11米，	CC-CEDICT	
1015	5347_1	主体	主體	zhǔ tǐ		main part	塑像主体是一头桀骜不驯的狮子，长22米，高11米，	塑像主體是一頭桀驁不馴的獅子，長22米，高11米，	leipzig	zho_wikipedia_2018_1M:396586	塑像主体是一头桀骜不驯的狮子，长22米，高11米，	CC-CEDICT	
1016	5347_1	一头	一頭	yī tóu		one head	塑像主体是一头桀骜不驯的狮子，长22米，高11米，	塑像主體是一頭桀驁不馴的獅子，長22米，高11米，	leipzig	zho_wikipedia_2018_1M:396586	塑像主体是一头桀骜不驯的狮子，长22米，高11米，	CC-CEDICT	
1017	5362_1	明确	明確	míng què		clear-cut	他在信中明确表示：“虽万受摈弃，不更乎其内。”	他在信中明確表示：“雖萬受擯棄，不更乎其內。”	leipzig	zho_news_2020_300K:40131	他在信中明确表示：“虽万受摈弃，不更乎其内。”	CC-CEDICT	
1018	5362_1	摈弃	擯棄	bìn qì		to abandon	他在信中明确表示：“虽万受摈弃，不更乎其内。”	他在信中明確表示：“雖萬受擯棄，不更乎其內。”	leipzig	zho_news_2020_300K:40131	他在信中明确表示：“虽万受摈弃，不更乎其内。”	CC-CEDICT	
1019	5364_1	花式	花式	huā shì		fancy	箭形轮毂，花式不错，尺寸再大一点就更好了。	箭形輪轂，花式不錯，尺寸再大一點就更好了。	leipzig	zho_news_2020_300K:229732	箭形轮毂，花式不错，尺寸再大一点就更好了。	CC-CEDICT	
1020	5364_1	尺寸	尺寸	chǐ cun	chǐ cùn	size	箭形轮毂，花式不错，尺寸再大一点就更好了。	箭形輪轂，花式不錯，尺寸再大一點就更好了。	leipzig	zho_news_2020_300K:229732	箭形轮毂，花式不错，尺寸再大一点就更好了。	CC-CEDICT	Taiwan MOE Concise Dictionary
1021	5373_1	过于	過於	guò yú		excessively	由于过于紧张，上岸的同志蓦地站了起来，但谁也没有行动。	由於過於緊張，上岸的同志驀地站了起來，但誰也沒有行動。	leipzig	zho_news_2020_300K:214830	由于过于紧张，上岸的同志蓦地站了起来，但谁也没有行动。	CC-CEDICT	
1022	5373_1	上岸	上岸	shàng àn		to go ashore	由于过于紧张，上岸的同志蓦地站了起来，但谁也没有行动。	由於過於緊張，上岸的同志驀地站了起來，但誰也沒有行動。	leipzig	zho_news_2020_300K:214830	由于过于紧张，上岸的同志蓦地站了起来，但谁也没有行动。	CC-CEDICT	
1023	5380_1	天津	天津	tiān jīn		Tianjin municipality	1940年夏，天津蓟县盘山根据地莲花峰，7名八路军战士纵身跳崖，只有马占东一人幸存；	1940年夏，天津薊縣盤山根據地蓮花峰，7名八路軍戰士縱身跳崖，只有馬佔東一人倖存；	leipzig	zho_news_2020_300K:814	1940年夏，天津蓟县盘山根据地莲花峰，7名八路军战士纵身跳崖，只有马占东一人幸存；	CC-CEDICT	
1024	5380_1	盘山	盤山	pán shān		going around a mountain	1940年夏，天津蓟县盘山根据地莲花峰，7名八路军战士纵身跳崖，只有马占东一人幸存；	1940年夏，天津薊縣盤山根據地蓮花峰，7名八路軍戰士縱身跳崖，只有馬佔東一人倖存；	leipzig	zho_news_2020_300K:814	1940年夏，天津蓟县盘山根据地莲花峰，7名八路军战士纵身跳崖，只有马占东一人幸存；	CC-CEDICT	
1025	5380_1	莲花	蓮花	lián huā		lotus flower	1940年夏，天津蓟县盘山根据地莲花峰，7名八路军战士纵身跳崖，只有马占东一人幸存；	1940年夏，天津薊縣盤山根據地蓮花峰，7名八路軍戰士縱身跳崖，只有馬佔東一人倖存；	leipzig	zho_news_2020_300K:814	1940年夏，天津蓟县盘山根据地莲花峰，7名八路军战士纵身跳崖，只有马占东一人幸存；	CC-CEDICT	
1026	5380_1	八路军	八路軍	bā lù jūn		Eighth Route Army	1940年夏，天津蓟县盘山根据地莲花峰，7名八路军战士纵身跳崖，只有马占东一人幸存；	1940年夏，天津薊縣盤山根據地蓮花峰，7名八路軍戰士縱身跳崖，只有馬佔東一人倖存；	leipzig	zho_news_2020_300K:814	1940年夏，天津蓟县盘山根据地莲花峰，7名八路军战士纵身跳崖，只有马占东一人幸存；	CC-CEDICT	
1027	5380_1	只有	只有	zhǐ yǒu		only have ...	1940年夏，天津蓟县盘山根据地莲花峰，7名八路军战士纵身跳崖，只有马占东一人幸存；	1940年夏，天津薊縣盤山根據地蓮花峰，7名八路軍戰士縱身跳崖，只有馬佔東一人倖存；	leipzig	zho_news_2020_300K:814	1940年夏，天津蓟县盘山根据地莲花峰，7名八路军战士纵身跳崖，只有马占东一人幸存；	CC-CEDICT	
1028	5384_1	苜蓿	苜蓿	mù xu	mù sù	lucerne	不学汉臣栽苜蓿，空教楚客咏江蓠。	不學漢臣栽苜蓿，空教楚客詠江蘺。	leipzig	zho_wikipedia_2018_1M:60431	不学汉臣栽苜蓿，空教楚客咏江蓠。	CC-CEDICT	Taiwan MOE Concise Dictionary
1029	5391_1	颐和园	頤和園	yí hé yuán		Summer Palace in Beijing	【北京颐和园的灭麻雀人——图片来自网络】	【北京頤和園的滅麻雀人——圖片來自網路】	leipzig	zho_news_2020_300K:74238	【北京颐和园的灭麻雀人——图片来自网络】	CC-CEDICT	
1030	5391_1	麻雀	麻雀	má què		sparrow	【北京颐和园的灭麻雀人——图片来自网络】	【北京頤和園的滅麻雀人——圖片來自網路】	leipzig	zho_news_2020_300K:74238	【北京颐和园的灭麻雀人——图片来自网络】	CC-CEDICT	
1031	5402_1	棕榈树	棕櫚樹	zōng lǘ shù		palm tree	王强被棕榈树的叶子砸伤了。	王強被棕櫚樹的葉子砸傷了。	tatoeba	13894761	王强被棕榈树的叶子砸伤了。	CC-CEDICT	
1032	5402_1	叶子	葉子	yè zi		leaf	王强被棕榈树的叶子砸伤了。	王強被棕櫚樹的葉子砸傷了。	tatoeba	13894761	王强被棕榈树的叶子砸伤了。	CC-CEDICT	
1033	5423_1	不必	不必	bù bì		need not	维权，是不必寒碜里的一跪，去博同情，示无奈，卖惨相！	維權，是不必寒磣裡的一跪，去博同情，示無奈，賣慘相！	leipzig	zho_news_2020_300K:234794	维权，是不必寒碜里的一跪，去博同情，示无奈，卖惨相！	CC-CEDICT	
1034	5423_1	同情	同情	tóng qíng		to sympathize with	维权，是不必寒碜里的一跪，去博同情，示无奈，卖惨相！	維權，是不必寒磣裡的一跪，去博同情，示無奈，賣慘相！	leipzig	zho_news_2020_300K:234794	维权，是不必寒碜里的一跪，去博同情，示无奈，卖惨相！	CC-CEDICT	
1035	5423_1	无奈	無奈	wú nài		to have no alternative	维权，是不必寒碜里的一跪，去博同情，示无奈，卖惨相！	維權，是不必寒磣裡的一跪，去博同情，示無奈，賣慘相！	leipzig	zho_news_2020_300K:234794	维权，是不必寒碜里的一跪，去博同情，示无奈，卖惨相！	CC-CEDICT	
1036	5424_1	特区	特區	tè qū		special administrative region	其中，特区可食用的人工饲养的陆地动物只有10种：猪、牛、羊、驴、兔、鸡、鸭、鹅、鸽、鹌鹑。	其中，特區可食用的人工飼養的陸地動物只有10種：豬、牛、羊、驢、兔、雞、鴨、鵝、鴿、鵪鶉。	leipzig	zho_news_2020_300K:64491	其中，特区可食用的人工饲养的陆地动物只有10种：猪、牛、羊、驴、兔、鸡、鸭、鹅、鸽、鹌鹑。	CC-CEDICT	
1037	5424_1	人工	人工	rén gōng		artificial	其中，特区可食用的人工饲养的陆地动物只有10种：猪、牛、羊、驴、兔、鸡、鸭、鹅、鸽、鹌鹑。	其中，特區可食用的人工飼養的陸地動物只有10種：豬、牛、羊、驢、兔、雞、鴨、鵝、鴿、鵪鶉。	leipzig	zho_news_2020_300K:64491	其中，特区可食用的人工饲养的陆地动物只有10种：猪、牛、羊、驴、兔、鸡、鸭、鹅、鸽、鹌鹑。	CC-CEDICT	
1038	5424_1	陆地	陸地	lù dì		dry land	其中，特区可食用的人工饲养的陆地动物只有10种：猪、牛、羊、驴、兔、鸡、鸭、鹅、鸽、鹌鹑。	其中，特區可食用的人工飼養的陸地動物只有10種：豬、牛、羊、驢、兔、雞、鴨、鵝、鴿、鵪鶉。	leipzig	zho_news_2020_300K:64491	其中，特区可食用的人工饲养的陆地动物只有10种：猪、牛、羊、驴、兔、鸡、鸭、鹅、鸽、鹌鹑。	CC-CEDICT	
1039	5424_1	鹌鹑	鵪鶉	ān chún		quail	其中，特区可食用的人工饲养的陆地动物只有10种：猪、牛、羊、驴、兔、鸡、鸭、鹅、鸽、鹌鹑。	其中，特區可食用的人工飼養的陸地動物只有10種：豬、牛、羊、驢、兔、雞、鴨、鵝、鴿、鵪鶉。	leipzig	zho_news_2020_300K:64491	其中，特区可食用的人工饲养的陆地动物只有10种：猪、牛、羊、驴、兔、鸡、鸭、鹅、鸽、鹌鹑。	CC-CEDICT	
1040	5425_1	促进	促進	cù jìn		to promote	，促进了南北经济文化交流，当时杭州“川泽沃衍，有海陆之饶，珍异所聚，故商贾并辏” 《	，促進了南北經濟文化交流，當時杭州“川澤沃衍，有海陸之饒，珍異所聚，故商賈並輳” 《	leipzig	zho_wikipedia_2018_1M:192363	，促进了南北经济文化交流，当时杭州“川泽沃衍，有海陆之饶，珍异所聚，故商贾并辏” 《	CC-CEDICT	
1041	5425_1	南北	南北	nán běi		north and south	，促进了南北经济文化交流，当时杭州“川泽沃衍，有海陆之饶，珍异所聚，故商贾并辏” 《	，促進了南北經濟文化交流，當時杭州“川澤沃衍，有海陸之饒，珍異所聚，故商賈並輳” 《	leipzig	zho_wikipedia_2018_1M:192363	，促进了南北经济文化交流，当时杭州“川泽沃衍，有海陆之饶，珍异所聚，故商贾并辏” 《	CC-CEDICT	
1042	5425_1	交流	交流	jiāo liú		to exchange	，促进了南北经济文化交流，当时杭州“川泽沃衍，有海陆之饶，珍异所聚，故商贾并辏” 《	，促進了南北經濟文化交流，當時杭州“川澤沃衍，有海陸之饒，珍異所聚，故商賈並輳” 《	leipzig	zho_wikipedia_2018_1M:192363	，促进了南北经济文化交流，当时杭州“川泽沃衍，有海陆之饶，珍异所聚，故商贾并辏” 《	CC-CEDICT	
1043	5426_1	委曲	委曲	wěi qū		to feel wronged	有以事力相龃龉者，委曲为调护。	有以事力相齟齬者，委曲為調護。	leipzig	zho_wikipedia_2018_1M:596019	有以事力相龃龉者，委曲为调护。	CC-CEDICT	
1044	5427_1	女孩	女孩	nǚ hái		girl	这个女孩龅牙，又全身都是赘肉，真是个猪血肠。	這個女孩齙牙，又全身都是贅肉，真是個豬血腸。	tatoeba	717448	这个女孩龅牙，又全身都是赘肉，真是个猪血肠。	CC-CEDICT	
1045	5427_1	全身	全身	quán shēn		the whole body	这个女孩龅牙，又全身都是赘肉，真是个猪血肠。	這個女孩齙牙，又全身都是贅肉，真是個豬血腸。	tatoeba	717448	这个女孩龅牙，又全身都是赘肉，真是个猪血肠。	CC-CEDICT	
1046	5427_1	血肠	血腸	xiě cháng		blood sausage	这个女孩龅牙，又全身都是赘肉，真是个猪血肠。	這個女孩齙牙，又全身都是贅肉，真是個豬血腸。	tatoeba	717448	这个女孩龅牙，又全身都是赘肉，真是个猪血肠。	CC-CEDICT	
1047	5454_1	平江	平江	píng jiāng		Pingjiang	皇帝驻跸平江，召秦桧赴行在，是张浚推荐的。	皇帝駐蹕平江，召秦檜赴行在，是張浚推薦的。	leipzig	zho_wikipedia_2018_1M:743916	皇帝驻跸平江，召秦桧赴行在，是张浚推荐的。	CC-CEDICT	
1048	5457_1	酷似	酷似	kù sì		to strikingly resemble	因山上有一峰酷似翩跹起舞的仙女而得名。	因山上有一峰酷似翩躚起舞的仙女而得名。	leipzig	zho_news_2020_300K:94571	因山上有一峰酷似翩跹起舞的仙女而得名。	CC-CEDICT	
1049	5457_1	仙女	仙女	xiān nǚ		fairy	因山上有一峰酷似翩跹起舞的仙女而得名。	因山上有一峰酷似翩躚起舞的仙女而得名。	leipzig	zho_news_2020_300K:94571	因山上有一峰酷似翩跹起舞的仙女而得名。	CC-CEDICT	
1050	5487_1	释放	釋放	shì fàng		to release	，同时鹿钟麟还释放了被软禁的曹锟。	，同時鹿鍾麟還釋放了被軟禁的曹錕。	leipzig	zho_wikipedia_2018_1M:306713	，同时鹿钟麟还释放了被软禁的曹锟。	CC-CEDICT	
1051	5487_1	软禁	軟禁	ruǎn jìn		to place under house arrest	，同时鹿钟麟还释放了被软禁的曹锟。	，同時鹿鍾麟還釋放了被軟禁的曹錕。	leipzig	zho_wikipedia_2018_1M:306713	，同时鹿钟麟还释放了被软禁的曹锟。	CC-CEDICT	
1052	5487_1	曹锟	曹錕	cáo kūn		Cao Kun	，同时鹿钟麟还释放了被软禁的曹锟。	，同時鹿鍾麟還釋放了被軟禁的曹錕。	leipzig	zho_wikipedia_2018_1M:306713	，同时鹿钟麟还释放了被软禁的曹锟。	CC-CEDICT	
1053	5491_1	银锭	銀錠	yín dìng		silver ingot	银锭观山”是什刹海的著名景观之一。	銀錠觀山”是什剎海的著名景觀之一。	leipzig	zho_wikipedia_2018_1M:949109	银锭观山”是什刹海的著名景观之一。	CC-CEDICT	
1054	5492_1	动力	動力	dòng lì		motive power	农村的资源比城市更紧张，为了争夺赖以生存的资源，农民没有动力讲文明，他们必须锱铢必较。	農村的資源比城市更緊張，為了爭奪賴以生存的資源，農民沒有動力講文明，他們必須錙銖必較。	leipzig	zho_news_2020_300K:67220	农村的资源比城市更紧张，为了争夺赖以生存的资源，农民没有动力讲文明，他们必须锱铢必较。	CC-CEDICT	
1055	5492_1	文明	文明	wén míng		civilized	农村的资源比城市更紧张，为了争夺赖以生存的资源，农民没有动力讲文明，他们必须锱铢必较。	農村的資源比城市更緊張，為了爭奪賴以生存的資源，農民沒有動力講文明，他們必須錙銖必較。	leipzig	zho_news_2020_300K:67220	农村的资源比城市更紧张，为了争夺赖以生存的资源，农民没有动力讲文明，他们必须锱铢必较。	CC-CEDICT	
1056	5516_1	抬起	抬起	tái qǐ		to lift up	抬起头，稍稍颔首，露出微笑就很好！	抬起頭，稍稍頷首，露出微笑就很好！	leipzig	zho_news_2020_300K:158343	抬起头，稍稍颔首，露出微笑就很好！	CC-CEDICT	
1057	5516_1	稍稍	稍稍	shāo shāo		somewhat	抬起头，稍稍颔首，露出微笑就很好！	抬起頭，稍稍頷首，露出微笑就很好！	leipzig	zho_news_2020_300K:158343	抬起头，稍稍颔首，露出微笑就很好！	CC-CEDICT	
1058	5525_1	红烧	紅燒	hóng shāo		to braise in soy sauce until reddish-brown	另外，红烧鲅鱼则是青岛人节庆活动中必不可少的传统菜肴。	另外，紅燒鮁魚則是青島人節慶活動中必不可少的傳統菜餚。	leipzig	zho_wikipedia_2018_1M:289170	另外，红烧鲅鱼则是青岛人节庆活动中必不可少的传统菜肴。	CC-CEDICT	
1059	5525_1	菜肴	菜餚	cài yáo		vegetable and meat dishes	另外，红烧鲅鱼则是青岛人节庆活动中必不可少的传统菜肴。	另外，紅燒鮁魚則是青島人節慶活動中必不可少的傳統菜餚。	leipzig	zho_wikipedia_2018_1M:289170	另外，红烧鲅鱼则是青岛人节庆活动中必不可少的传统菜肴。	CC-CEDICT	
1060	5526_1	出产	出產	chū chǎn		to produce	，此外，还出产海肠、爬虾、扇贝、海参、大菱鲆养殖鱼。	，此外，還出產海腸、爬蝦、扇貝、海參、大菱鮃養殖魚。	leipzig	zho_wikipedia_2018_1M:638398	，此外，还出产海肠、爬虾、扇贝、海参、大菱鲆养殖鱼。	CC-CEDICT	
1061	5526_1	海参	海參	hǎi shēn		sea cucumber	，此外，还出产海肠、爬虾、扇贝、海参、大菱鲆养殖鱼。	，此外，還出產海腸、爬蝦、扇貝、海參、大菱鮃養殖魚。	leipzig	zho_wikipedia_2018_1M:638398	，此外，还出产海肠、爬虾、扇贝、海参、大菱鲆养殖鱼。	CC-CEDICT	
1062	5526_1	养殖	養殖	yǎng zhí		to raise	，此外，还出产海肠、爬虾、扇贝、海参、大菱鲆养殖鱼。	，此外，還出產海腸、爬蝦、扇貝、海參、大菱鮃養殖魚。	leipzig	zho_wikipedia_2018_1M:638398	，此外，还出产海肠、爬虾、扇贝、海参、大菱鲆养殖鱼。	CC-CEDICT	
1063	5528_1	清蒸	清蒸	qīng zhēng		steamed in broth	叫个清蒸鲈鱼好呢，还是蚝油牛肉好？	叫個清蒸鱸魚好呢，還是蠔油牛肉好？	tatoeba	420300	叫个清蒸鲈鱼好呢，还是蚝油牛肉好？	CC-CEDICT	
1064	5528_1	蚝油	蠔油	háo yóu		oyster sauce	叫个清蒸鲈鱼好呢，还是蚝油牛肉好？	叫個清蒸鱸魚好呢，還是蠔油牛肉好？	tatoeba	420300	叫个清蒸鲈鱼好呢，还是蚝油牛肉好？	CC-CEDICT	
1065	5528_1	牛肉	牛肉	niú ròu		beef	叫个清蒸鲈鱼好呢，还是蚝油牛肉好？	叫個清蒸鱸魚好呢，還是蠔油牛肉好？	tatoeba	420300	叫个清蒸鲈鱼好呢，还是蚝油牛肉好？	CC-CEDICT	
1066	5529_1	基督徒	基督徒	jī dū tú		Christian	基督徒认为耶稣是上帝的儿子。	基督徒認為耶穌是上帝的兒子。	tatoeba	1214441	基督徒认为耶稣是上帝的儿子。	CC-CEDICT	
1067	5529_1	耶稣	耶穌	yē sū		Jesus	基督徒认为耶稣是上帝的儿子。	基督徒認為耶穌是上帝的兒子。	tatoeba	1214441	基督徒认为耶稣是上帝的儿子。	CC-CEDICT	
1068	5534_1	走出	走出	zǒu chū		to leave	走出宾馆，感到凉飕飕的，好在穿了夹克衫，还能够对付，这里毕竟是高原。	走出賓館，感到涼颼颼的，好在穿了夾克衫，還能夠對付，這裡畢竟是高原。	leipzig	zho_news_2020_300K:266896	走出宾馆，感到凉飕飕的，好在穿了夹克衫，还能够对付，这里毕竟是高原。	CC-CEDICT	
1069	5534_1	宾馆	賓館	bīn guǎn		guesthouse	走出宾馆，感到凉飕飕的，好在穿了夹克衫，还能够对付，这里毕竟是高原。	走出賓館，感到涼颼颼的，好在穿了夾克衫，還能夠對付，這裡畢竟是高原。	leipzig	zho_news_2020_300K:266896	走出宾馆，感到凉飕飕的，好在穿了夹克衫，还能够对付，这里毕竟是高原。	CC-CEDICT	
1070	5534_1	飕飕	颼颼	sōu sōu		sound of the wind blowing or rain falling	走出宾馆，感到凉飕飕的，好在穿了夹克衫，还能够对付，这里毕竟是高原。	走出賓館，感到涼颼颼的，好在穿了夾克衫，還能夠對付，這裡畢竟是高原。	leipzig	zho_news_2020_300K:266896	走出宾馆，感到凉飕飕的，好在穿了夹克衫，还能够对付，这里毕竟是高原。	CC-CEDICT	
1071	5534_1	对付	對付	duì fu	duì fù	to handle	走出宾馆，感到凉飕飕的，好在穿了夹克衫，还能够对付，这里毕竟是高原。	走出賓館，感到涼颼颼的，好在穿了夾克衫，還能夠對付，這裡畢竟是高原。	leipzig	zho_news_2020_300K:266896	走出宾馆，感到凉飕飕的，好在穿了夹克衫，还能够对付，这里毕竟是高原。	CC-CEDICT	Taiwan MOE Concise Dictionary
1072	5534_1	高原	高原	gāo yuán		plateau	走出宾馆，感到凉飕飕的，好在穿了夹克衫，还能够对付，这里毕竟是高原。	走出賓館，感到涼颼颼的，好在穿了夾克衫，還能夠對付，這裡畢竟是高原。	leipzig	zho_news_2020_300K:266896	走出宾馆，感到凉飕飕的，好在穿了夹克衫，还能够对付，这里毕竟是高原。	CC-CEDICT	
1073	5537_1	满汉	滿漢	mǎn hàn		Manchurian-Chinese	每年农博会就像是湖南特色的满汉全席，好多珍馐美味！	每年農博會就像是湖南特色的滿漢全席，好多珍饈美味！	leipzig	zho_news_2020_300K:195247	每年农博会就像是湖南特色的满汉全席，好多珍馐美味！	CC-CEDICT	
1074	5537_1	好多	好多	hǎo duō		many	每年农博会就像是湖南特色的满汉全席，好多珍馐美味！	每年農博會就像是湖南特色的滿漢全席，好多珍饈美味！	leipzig	zho_news_2020_300K:195247	每年农博会就像是湖南特色的满汉全席，好多珍馐美味！	CC-CEDICT	
1075	5537_1	美味	美味	měi wèi		delicious	每年农博会就像是湖南特色的满汉全席，好多珍馐美味！	每年農博會就像是湖南特色的滿漢全席，好多珍饈美味！	leipzig	zho_news_2020_300K:195247	每年农博会就像是湖南特色的满汉全席，好多珍馐美味！	CC-CEDICT	
1076	5546_1	平时	平時	píng shí		ordinarily	平时热闹朝气的城市突然慢了下来，甚至到了一种瘆人的地步。	平時熱鬧朝氣的城市突然慢了下來，甚至到了一種瘮人的地步。	leipzig	zho_news_2020_300K:135143	平时热闹朝气的城市突然慢了下来，甚至到了一种瘆人的地步。	CC-CEDICT	
1077	5546_1	朝气	朝氣	zhāo qì		vitality	平时热闹朝气的城市突然慢了下来，甚至到了一种瘆人的地步。	平時熱鬧朝氣的城市突然慢了下來，甚至到了一種瘮人的地步。	leipzig	zho_news_2020_300K:135143	平时热闹朝气的城市突然慢了下来，甚至到了一种瘆人的地步。	CC-CEDICT	
1078	5546_1	甚至	甚至	shèn zhì		even	平时热闹朝气的城市突然慢了下来，甚至到了一种瘆人的地步。	平時熱鬧朝氣的城市突然慢了下來，甚至到了一種瘮人的地步。	leipzig	zho_news_2020_300K:135143	平时热闹朝气的城市突然慢了下来，甚至到了一种瘆人的地步。	CC-CEDICT	
1079	5552_1	阖家	闔家	hé jiā		the whole family	阖家团圆是东亚影视作品常用的主题，我们虽然用得多，却非常克制。	闔家團圓是東亞影視作品常用的主題，我們雖然用得多，卻非常剋制。	leipzig	zho_news_2020_300K:287819	阖家团圆是东亚影视作品常用的主题，我们虽然用得多，却非常克制。	CC-CEDICT	
1080	5552_1	团圆	團圓	tuán yuán		to have a reunion	阖家团圆是东亚影视作品常用的主题，我们虽然用得多，却非常克制。	闔家團圓是東亞影視作品常用的主題，我們雖然用得多，卻非常剋制。	leipzig	zho_news_2020_300K:287819	阖家团圆是东亚影视作品常用的主题，我们虽然用得多，却非常克制。	CC-CEDICT	
1081	5552_1	东亚	東亞	dōng yà		East Asia	阖家团圆是东亚影视作品常用的主题，我们虽然用得多，却非常克制。	闔家團圓是東亞影視作品常用的主題，我們雖然用得多，卻非常剋制。	leipzig	zho_news_2020_300K:287819	阖家团圆是东亚影视作品常用的主题，我们虽然用得多，却非常克制。	CC-CEDICT	
1082	5552_1	影视	影視	yǐng shì		movies and television	阖家团圆是东亚影视作品常用的主题，我们虽然用得多，却非常克制。	闔家團圓是東亞影視作品常用的主題，我們雖然用得多，卻非常剋制。	leipzig	zho_news_2020_300K:287819	阖家团圆是东亚影视作品常用的主题，我们虽然用得多，却非常克制。	CC-CEDICT	
1083	5552_1	常用	常用	cháng yòng		in common usage	阖家团圆是东亚影视作品常用的主题，我们虽然用得多，却非常克制。	闔家團圓是東亞影視作品常用的主題，我們雖然用得多，卻非常剋制。	leipzig	zho_news_2020_300K:287819	阖家团圆是东亚影视作品常用的主题，我们虽然用得多，却非常克制。	CC-CEDICT	
1084	5552_1	主题	主題	zhǔ tí		theme	阖家团圆是东亚影视作品常用的主题，我们虽然用得多，却非常克制。	闔家團圓是東亞影視作品常用的主題，我們雖然用得多，卻非常剋制。	leipzig	zho_news_2020_300K:287819	阖家团圆是东亚影视作品常用的主题，我们虽然用得多，却非常克制。	CC-CEDICT	
1085	5553_1	龟兹	龜茲	qiū cí		Kucha	、齐卢文、粟特文、和阗文、回鹘文、龟兹文等。	、齊盧文、粟特文、和闐文、回鶻文、龜茲文等。	leipzig	zho_wikipedia_2018_1M:999226	、齐卢文、粟特文、和阗文、回鹘文、龟兹文等。	CC-CEDICT	
1086	5554_1	焚毁	焚燬	fén huǐ		to burn down	，焚毁宫阙，留七日后方才离去。	，焚燬宮闕，留七日後方才離去。	leipzig	zho_wikipedia_2018_1M:685095	，焚毁宫阙，留七日后方才离去。	CC-CEDICT	
1087	5554_1	宫阙	宮闕	gōng què		palace	，焚毁宫阙，留七日后方才离去。	，焚燬宮闕，留七日後方才離去。	leipzig	zho_wikipedia_2018_1M:685095	，焚毁宫阙，留七日后方才离去。	CC-CEDICT	
1088	5554_1	方才	方才	fāng cái		just now	，焚毁宫阙，留七日后方才离去。	，焚燬宮闕，留七日後方才離去。	leipzig	zho_wikipedia_2018_1M:685095	，焚毁宫阙，留七日后方才离去。	CC-CEDICT	
1089	5554_1	离去	離去	lí qù		to leave	，焚毁宫阙，留七日后方才离去。	，焚燬宮闕，留七日後方才離去。	leipzig	zho_wikipedia_2018_1M:685095	，焚毁宫阙，留七日后方才离去。	CC-CEDICT	
1090	5566_1	江南	江南	jiāng nán		region of China immediately south of the…	空濛远黛，潋滟春池，江南形胜之时。	空濛遠黛，瀲灧春池，江南形勝之時。	leipzig	zho_news_2020_300K:227018	空濛远黛，潋滟春池，江南形胜之时。	CC-CEDICT	
1091	5566_1	形胜	形勝	xíng shèng		strategic	空濛远黛，潋滟春池，江南形胜之时。	空濛遠黛，瀲灧春池，江南形勝之時。	leipzig	zho_news_2020_300K:227018	空濛远黛，潋滟春池，江南形胜之时。	CC-CEDICT	
1092	5582_1	巍巍	巍巍	wēi wēi		towering	地处巍巍燕山山脉，滦河潮河纵贯南北，河北省承德市滦平县是沟通京冀蒙的交通要冲。	地處巍巍燕山山脈，灤河潮河縱貫南北，河北省承德市灤平縣是溝通京冀蒙的交通要衝。	leipzig	zho_news_2020_300K:108194	地处巍巍燕山山脉，滦河潮河纵贯南北，河北省承德市滦平县是沟通京冀蒙的交通要冲。	CC-CEDICT	
1093	5582_1	燕山	燕山	yān shān		Yan mountain range across north Hebei	地处巍巍燕山山脉，滦河潮河纵贯南北，河北省承德市滦平县是沟通京冀蒙的交通要冲。	地處巍巍燕山山脈，灤河潮河縱貫南北，河北省承德市灤平縣是溝通京冀蒙的交通要衝。	leipzig	zho_news_2020_300K:108194	地处巍巍燕山山脉，滦河潮河纵贯南北，河北省承德市滦平县是沟通京冀蒙的交通要冲。	CC-CEDICT	
1094	5582_1	河北省	河北省	hé běi shěng		Hebei Province	地处巍巍燕山山脉，滦河潮河纵贯南北，河北省承德市滦平县是沟通京冀蒙的交通要冲。	地處巍巍燕山山脈，灤河潮河縱貫南北，河北省承德市灤平縣是溝通京冀蒙的交通要衝。	leipzig	zho_news_2020_300K:108194	地处巍巍燕山山脉，滦河潮河纵贯南北，河北省承德市滦平县是沟通京冀蒙的交通要冲。	CC-CEDICT	
1095	5582_1	承德	承德	chéng dé		Chengde	地处巍巍燕山山脉，滦河潮河纵贯南北，河北省承德市滦平县是沟通京冀蒙的交通要冲。	地處巍巍燕山山脈，灤河潮河縱貫南北，河北省承德市灤平縣是溝通京冀蒙的交通要衝。	leipzig	zho_news_2020_300K:108194	地处巍巍燕山山脉，滦河潮河纵贯南北，河北省承德市滦平县是沟通京冀蒙的交通要冲。	CC-CEDICT	
1096	5589_1	威慑	威懾	wēi shè		to deter	军事打击和政治威慑使傅作义完全明白了自己的处境，遂下令退兵。	軍事打擊和政治威懾使傅作義完全明白了自己的處境，遂下令退兵。	leipzig	zho_news_2020_300K:67009	军事打击和政治威慑使傅作义完全明白了自己的处境，遂下令退兵。	CC-CEDICT	
1097	5589_1	处境	處境	chǔ jìng		situation	军事打击和政治威慑使傅作义完全明白了自己的处境，遂下令退兵。	軍事打擊和政治威懾使傅作義完全明白了自己的處境，遂下令退兵。	leipzig	zho_news_2020_300K:67009	军事打击和政治威慑使傅作义完全明白了自己的处境，遂下令退兵。	CC-CEDICT	
1098	5592_1	张骞	張騫	zhāng qiān		Zhang Qian	张骞出使西域后被发现，之后被带回汉朝。	張騫出使西域後被發現，之後被帶回漢朝。	leipzig	zho_news_2020_300K:138154	张骞出使西域后被发现，之后被带回汉朝。	CC-CEDICT	
1099	5592_1	西域	西域	xī yù		Western Regions	张骞出使西域后被发现，之后被带回汉朝。	張騫出使西域後被發現，之後被帶回漢朝。	leipzig	zho_news_2020_300K:138154	张骞出使西域后被发现，之后被带回汉朝。	CC-CEDICT	
1100	5592_1	汉朝	漢朝	hàn cháo		Han Dynasty	张骞出使西域后被发现，之后被带回汉朝。	張騫出使西域後被發現，之後被帶回漢朝。	leipzig	zho_news_2020_300K:138154	张骞出使西域后被发现，之后被带回汉朝。	CC-CEDICT	
1101	5593_1	太后	太后	tài hòu		Empress Dowager	窦太后忧死后，曹节、王甫因深恨窦氏，	竇太后憂死後，曹節、王甫因深恨竇氏，	leipzig	zho_wikipedia_2018_1M:765328	窦太后忧死后，曹节、王甫因深恨窦氏，	CC-CEDICT	
1102	5602_1	一连	一連	yī lián		in a row	一连三年的谩骂之后他们终于离婚了。	一連三年的謾罵之後他們終於離婚了。	tatoeba	1316151	一连三年的谩骂之后他们终于离婚了。	CC-CEDICT	
1103	5602_1	谩骂	謾罵	màn mà		to hurl abuse	一连三年的谩骂之后他们终于离婚了。	一連三年的謾罵之後他們終於離婚了。	tatoeba	1316151	一连三年的谩骂之后他们终于离婚了。	CC-CEDICT	
1104	5602_1	离婚	離婚	lí hūn		to divorce	一连三年的谩骂之后他们终于离婚了。	一連三年的謾罵之後他們終於離婚了。	tatoeba	1316151	一连三年的谩骂之后他们终于离婚了。	CC-CEDICT	
1105	5603_1	贬谪	貶謫	biǎn zhé		to banish from the court	二十三年的贬谪生活，并没有使他消沉颓唐。	二十三年的貶謫生活，並沒有使他消沉頹唐。	leipzig	zho_news_2020_300K:29609	二十三年的贬谪生活，并没有使他消沉颓唐。	CC-CEDICT	
1106	5603_1	消沉	消沉	xiāo chén		to sink into despondency	二十三年的贬谪生活，并没有使他消沉颓唐。	二十三年的貶謫生活，並沒有使他消沉頹唐。	leipzig	zho_news_2020_300K:29609	二十三年的贬谪生活，并没有使他消沉颓唐。	CC-CEDICT	
1107	5603_1	颓唐	頹唐	tuí táng		dispirited	二十三年的贬谪生活，并没有使他消沉颓唐。	二十三年的貶謫生活，並沒有使他消沉頹唐。	leipzig	zho_news_2020_300K:29609	二十三年的贬谪生活，并没有使他消沉颓唐。	CC-CEDICT	
1108	5607_1	令嫒	令嬡	lìng ài		your daughter (polite)	令嫒是一个较少见的词语。	令嬡是一個較少見的詞語。	authored	level-2/5607_1	令嫒是一个较少见的词语。	CC-CEDICT	
1109	5608_1	因子	因子	yīn zǐ		factor	母因子贵，司马适立为太子后，他的母亲也由才人升为淑媛（嫔妃的称号）。	母因子貴，司馬適立為太子後，他的母親也由才人升為淑媛（嬪妃的稱號）。	leipzig	zho_news_2020_300K:194593	母因子贵，司马适立为太子后，他的母亲也由才人升为淑媛（嫔妃的称号）。	CC-CEDICT	
1110	5608_1	太子	太子	tài zǐ		crown prince	母因子贵，司马适立为太子后，他的母亲也由才人升为淑媛（嫔妃的称号）。	母因子貴，司馬適立為太子後，他的母親也由才人升為淑媛（嬪妃的稱號）。	leipzig	zho_news_2020_300K:194593	母因子贵，司马适立为太子后，他的母亲也由才人升为淑媛（嫔妃的称号）。	CC-CEDICT	
1111	5608_1	嫔妃	嬪妃	pín fēi		imperial concubine	母因子贵，司马适立为太子后，他的母亲也由才人升为淑媛（嫔妃的称号）。	母因子貴，司馬適立為太子後，他的母親也由才人升為淑媛（嬪妃的稱號）。	leipzig	zho_news_2020_300K:194593	母因子贵，司马适立为太子后，他的母亲也由才人升为淑媛（嫔妃的称号）。	CC-CEDICT	
1112	5610_1	近日	近日	jìn rì		the past few days	近日，浙江丽水缙云县召开了一次别具一格的“颁奖仪式”。	近日，浙江麗水縉雲縣召開了一次別具一格的“頒獎儀式”。	leipzig	zho_news_2020_300K:270351	近日，浙江丽水缙云县召开了一次别具一格的“颁奖仪式”。	CC-CEDICT	
1113	5610_1	浙江	浙江	zhè jiāng		Zhejiang	近日，浙江丽水缙云县召开了一次别具一格的“颁奖仪式”。	近日，浙江麗水縉雲縣召開了一次別具一格的“頒獎儀式”。	leipzig	zho_news_2020_300K:270351	近日，浙江丽水缙云县召开了一次别具一格的“颁奖仪式”。	CC-CEDICT	
1114	5610_1	丽水	麗水	lì shuǐ		Lishui	近日，浙江丽水缙云县召开了一次别具一格的“颁奖仪式”。	近日，浙江麗水縉雲縣召開了一次別具一格的“頒獎儀式”。	leipzig	zho_news_2020_300K:270351	近日，浙江丽水缙云县召开了一次别具一格的“颁奖仪式”。	CC-CEDICT	
1115	5610_1	召开	召開	zhào kāi		to convene	近日，浙江丽水缙云县召开了一次别具一格的“颁奖仪式”。	近日，浙江麗水縉雲縣召開了一次別具一格的“頒獎儀式”。	leipzig	zho_news_2020_300K:270351	近日，浙江丽水缙云县召开了一次别具一格的“颁奖仪式”。	CC-CEDICT	
1116	5610_1	颁奖	頒獎	bān jiǎng		to confer an award	近日，浙江丽水缙云县召开了一次别具一格的“颁奖仪式”。	近日，浙江麗水縉雲縣召開了一次別具一格的“頒獎儀式”。	leipzig	zho_news_2020_300K:270351	近日，浙江丽水缙云县召开了一次别具一格的“颁奖仪式”。	CC-CEDICT	
1117	5611_1	换句话说	換句話說	huàn jù huà shuō		in other words	换句话说，腾讯方面在客户资质核验方面是否做到了细致缜密？	換句話說，騰訊方面在客戶資質核驗方面是否做到了細緻縝密？	leipzig	zho_news_2020_300K:159761	换句话说，腾讯方面在客户资质核验方面是否做到了细致缜密？	CC-CEDICT	
1118	5611_1	核验	核驗	hé yàn		to verify	换句话说，腾讯方面在客户资质核验方面是否做到了细致缜密？	換句話說，騰訊方面在客戶資質核驗方面是否做到了細緻縝密？	leipzig	zho_news_2020_300K:159761	换句话说，腾讯方面在客户资质核验方面是否做到了细致缜密？	CC-CEDICT	
1119	5611_1	做到	做到	zuò dào		to accomplish	换句话说，腾讯方面在客户资质核验方面是否做到了细致缜密？	換句話說，騰訊方面在客戶資質核驗方面是否做到了細緻縝密？	leipzig	zho_news_2020_300K:159761	换句话说，腾讯方面在客户资质核验方面是否做到了细致缜密？	CC-CEDICT	
1120	5611_1	缜密	縝密	zhěn mì		meticulous	换句话说，腾讯方面在客户资质核验方面是否做到了细致缜密？	換句話說，騰訊方面在客戶資質核驗方面是否做到了細緻縝密？	leipzig	zho_news_2020_300K:159761	换句话说，腾讯方面在客户资质核验方面是否做到了细致缜密？	CC-CEDICT	
1121	5612_1	考核	考核	kǎo hé		to examine	改进督查检查考核方式方法，切实减少“繁文缛节”。	改進督查檢查考核方式方法，切實減少“繁文縟節”。	leipzig	zho_news_2020_300K:164821	改进督查检查考核方式方法，切实减少“繁文缛节”。	CC-CEDICT	
1122	5612_1	切实	切實	qiè shí		feasible	改进督查检查考核方式方法，切实减少“繁文缛节”。	改進督查檢查考核方式方法，切實減少“繁文縟節”。	leipzig	zho_news_2020_300K:164821	改进督查检查考核方式方法，切实减少“繁文缛节”。	CC-CEDICT	
1123	5612_1	繁文	繁文	fán wén		convoluted	改进督查检查考核方式方法，切实减少“繁文缛节”。	改進督查檢查考核方式方法，切實減少“繁文縟節”。	leipzig	zho_news_2020_300K:164821	改进督查检查考核方式方法，切实减少“繁文缛节”。	CC-CEDICT	
1124	5614_1	海岛	海島	hǎi dǎo		island	、马骝洲等岛屿；三、领水则为以上陆地及海岛附近之水路；四、关闸至北山岭为“局外地”。	、馬騮洲等島嶼；三、領水則為以上陸地及海島附近之水路；四、關閘至北山嶺為“局外地”。	leipzig	zho_wikipedia_2018_1M:991028	、马骝洲等岛屿；三、领水则为以上陆地及海岛附近之水路；四、关闸至北山岭为“局外地”。	CC-CEDICT	
1125	5614_1	水路	水路	shuǐ lù		waterway	、马骝洲等岛屿；三、领水则为以上陆地及海岛附近之水路；四、关闸至北山岭为“局外地”。	、馬騮洲等島嶼；三、領水則為以上陸地及海島附近之水路；四、關閘至北山嶺為“局外地”。	leipzig	zho_wikipedia_2018_1M:991028	、马骝洲等岛屿；三、领水则为以上陆地及海岛附近之水路；四、关闸至北山岭为“局外地”。	CC-CEDICT	
1126	5614_1	山岭	山嶺	shān lǐng		mountain ridge	、马骝洲等岛屿；三、领水则为以上陆地及海岛附近之水路；四、关闸至北山岭为“局外地”。	、馬騮洲等島嶼；三、領水則為以上陸地及海島附近之水路；四、關閘至北山嶺為“局外地”。	leipzig	zho_wikipedia_2018_1M:991028	、马骝洲等岛屿；三、领水则为以上陆地及海岛附近之水路；四、关闸至北山岭为“局外地”。	CC-CEDICT	
1127	5614_1	外地	外地	wài dì		parts of the country other than where one is	、马骝洲等岛屿；三、领水则为以上陆地及海岛附近之水路；四、关闸至北山岭为“局外地”。	、馬騮洲等島嶼；三、領水則為以上陸地及海島附近之水路；四、關閘至北山嶺為“局外地”。	leipzig	zho_wikipedia_2018_1M:991028	、马骝洲等岛屿；三、领水则为以上陆地及海岛附近之水路；四、关闸至北山岭为“局外地”。	CC-CEDICT	
1128	5615_1	内外	內外	nèi wài		inside and outside	诏内外官缟素哭临，禁剃发百日。	詔內外官縞素哭臨，禁剃髮百日。	leipzig	zho_wikipedia_2018_1M:876352	诏内外官缟素哭临，禁剃发百日。	CC-CEDICT	
1129	5615_1	缟素	縞素	gǎo sù		white silk mourning dress	诏内外官缟素哭临，禁剃发百日。	詔內外官縞素哭臨，禁剃髮百日。	leipzig	zho_wikipedia_2018_1M:876352	诏内外官缟素哭临，禁剃发百日。	CC-CEDICT	
1130	5616_1	结缡	結縭	jié lí		to marry	自此与沈祖棻在战乱中结缡逆旅，辗转于长沙、武汉、	自此與沈祖棻在戰亂中結縭逆旅，輾轉於長沙、武漢、	leipzig	zho_wikipedia_2018_1M:822224	自此与沈祖棻在战乱中结缡逆旅，辗转于长沙、武汉、	CC-CEDICT	
1131	5616_1	逆旅	逆旅	nì lǚ		guest-house	自此与沈祖棻在战乱中结缡逆旅，辗转于长沙、武汉、	自此與沈祖棻在戰亂中結縭逆旅，輾轉於長沙、武漢、	leipzig	zho_wikipedia_2018_1M:822224	自此与沈祖棻在战乱中结缡逆旅，辗转于长沙、武汉、	CC-CEDICT	
1132	5616_1	长沙	長沙	cháng shā		Changsha	自此与沈祖棻在战乱中结缡逆旅，辗转于长沙、武汉、	自此與沈祖棻在戰亂中結縭逆旅，輾轉於長沙、武漢、	leipzig	zho_wikipedia_2018_1M:822224	自此与沈祖棻在战乱中结缡逆旅，辗转于长沙、武汉、	CC-CEDICT	
1133	5617_1	亲戚	親戚	qīn qi	qīn qī	a relative	我在武汉的一个好朋友的亲戚，他有其他的疾病，昨天自缢身亡。	我在武漢的一個好朋友的親戚，他有其他的疾病，昨天自縊身亡。	leipzig	zho_news_2020_300K:151330	我在武汉的一个好朋友的亲戚，他有其他的疾病，昨天自缢身亡。	CC-CEDICT	Taiwan MOE Concise Dictionary
1134	5617_1	自缢	自縊	zì yì		to hang oneself	我在武汉的一个好朋友的亲戚，他有其他的疾病，昨天自缢身亡。	我在武漢的一個好朋友的親戚，他有其他的疾病，昨天自縊身亡。	leipzig	zho_news_2020_300K:151330	我在武汉的一个好朋友的亲戚，他有其他的疾病，昨天自缢身亡。	CC-CEDICT	
1135	5617_1	身亡	身亡	shēn wáng		to die	我在武汉的一个好朋友的亲戚，他有其他的疾病，昨天自缢身亡。	我在武漢的一個好朋友的親戚，他有其他的疾病，昨天自縊身亡。	leipzig	zho_news_2020_300K:151330	我在武汉的一个好朋友的亲戚，他有其他的疾病，昨天自缢身亡。	CC-CEDICT	
1136	5619_1	古籍	古籍	gǔ jí		ancient text	古籍中用骟描述马匹。	古籍中用騸描述馬匹。	preexisting			CC-CEDICT	
1137	5619_1	描述	描述	miáo shù		to describe	古籍中用骟描述马匹。	古籍中用騸描述馬匹。	preexisting			CC-CEDICT	
1138	5625_1	故友	故友	gù yǒu		old friend	两位故友终于相觏。	兩位故友終於相覯。	preexisting			CC-CEDICT	
1139	5628_1	世代	世代	shì dài		for many generations	在上一个世代，邓小平的格言是“韬光养晦”。	在上一個世代，鄧小平的格言是“韜光養晦”。	leipzig	zho_news_2020_300K:98225	在上一个世代，邓小平的格言是“韬光养晦”。	CC-CEDICT	
1140	5628_1	格言	格言	gé yán		maxim	在上一个世代，邓小平的格言是“韬光养晦”。	在上一個世代，鄧小平的格言是“韜光養晦”。	leipzig	zho_news_2020_300K:98225	在上一个世代，邓小平的格言是“韬光养晦”。	CC-CEDICT	
1141	5628_1	韬光养晦	韜光養晦	tāo guāng yǎng huì		to hide one's light under a bushel	在上一个世代，邓小平的格言是“韬光养晦”。	在上一個世代，鄧小平的格言是“韜光養晦”。	leipzig	zho_news_2020_300K:98225	在上一个世代，邓小平的格言是“韬光养晦”。	CC-CEDICT	
1142	5629_1	云彩	雲彩	yún cai	yún cǎi	cloud	叆叇，原指云彩厚重，后来成了老花镜的别名。	靉靆，原指雲彩厚重，後來成了老花鏡的別名。	leipzig	zho_news_2020_300K:79437	叆叇，原指云彩厚重，后来成了老花镜的别名。	CC-CEDICT	Taiwan MOE Concise Dictionary
1143	5629_1	厚重	厚重	hòu zhòng		thick	叆叇，原指云彩厚重，后来成了老花镜的别名。	靉靆，原指雲彩厚重，後來成了老花鏡的別名。	leipzig	zho_news_2020_300K:79437	叆叇，原指云彩厚重，后来成了老花镜的别名。	CC-CEDICT	
1144	5629_1	别名	別名	bié míng		alias	叆叇，原指云彩厚重，后来成了老花镜的别名。	靉靆，原指雲彩厚重，後來成了老花鏡的別名。	leipzig	zho_news_2020_300K:79437	叆叇，原指云彩厚重，后来成了老花镜的别名。	CC-CEDICT	
1145	5644_1	猛虎	猛虎	měng hǔ		fierce tiger	心有猛虎，细嗅蔷薇。	心有猛虎，細嗅薔薇。	tatoeba	8496115	心有猛虎，细嗅蔷薇。	CC-CEDICT	
1146	5644_1	蔷薇	薔薇	qiáng wēi	qiáng wéi	Japanese rose	心有猛虎，细嗅蔷薇。	心有猛虎，細嗅薔薇。	tatoeba	8496115	心有猛虎，细嗅蔷薇。	CC-CEDICT	Taiwan MOE Concise Dictionary
1147	5652_1	正如	正如	zhèng rú		just as	正如“将相和”中的廉颇与蔺相如，只能相互配合，而不能相互较劲、盲目攀比。	正如“將相和”中的廉頗與藺相如，只能相互配合，而不能相互較勁、盲目攀比。	leipzig	zho_news_2020_300K:190668	正如“将相和”中的廉颇与蔺相如，只能相互配合，而不能相互较劲、盲目攀比。	CC-CEDICT	
1148	5652_1	蔺相如	藺相如	lìn xiāng rú		Ling Xiangru	正如“将相和”中的廉颇与蔺相如，只能相互配合，而不能相互较劲、盲目攀比。	正如“將相和”中的廉頗與藺相如，只能相互配合，而不能相互較勁、盲目攀比。	leipzig	zho_news_2020_300K:190668	正如“将相和”中的廉颇与蔺相如，只能相互配合，而不能相互较劲、盲目攀比。	CC-CEDICT	
1149	5652_1	配合	配合	pèi hé		matching	正如“将相和”中的廉颇与蔺相如，只能相互配合，而不能相互较劲、盲目攀比。	正如“將相和”中的廉頗與藺相如，只能相互配合，而不能相互較勁、盲目攀比。	leipzig	zho_news_2020_300K:190668	正如“将相和”中的廉颇与蔺相如，只能相互配合，而不能相互较劲、盲目攀比。	CC-CEDICT	
1150	5652_1	盲目	盲目	máng mù		blind	正如“将相和”中的廉颇与蔺相如，只能相互配合，而不能相互较劲、盲目攀比。	正如“將相和”中的廉頗與藺相如，只能相互配合，而不能相互較勁、盲目攀比。	leipzig	zho_news_2020_300K:190668	正如“将相和”中的廉颇与蔺相如，只能相互配合，而不能相互较劲、盲目攀比。	CC-CEDICT	
1151	5668_1	槟榔	檳榔	bīng lang	bīn láng	betel palm	这段描述的话犹如一颗槟榔，越咀嚼越有味。	這段描述的話猶如一顆檳榔，越咀嚼越有味。	leipzig	zho_news_2020_300K:277120	这段描述的话犹如一颗槟榔，越咀嚼越有味。	CC-CEDICT	Taiwan MOE Concise Dictionary
1152	5672_1	得很	得很	de hěn		very	这杯茶泡得很酽。	這杯茶泡得很釅。	preexisting			CC-CEDICT	
1153	5683_1	全市	全市	quán shì		whole city	全市各殡葬服务单位实行按日分时段预约祭扫。	全市各殯葬服務單位實行按日分時段預約祭掃。	leipzig	zho_news_2020_300K:61431	全市各殡葬服务单位实行按日分时段预约祭扫。	CC-CEDICT	
1154	5683_1	殡葬	殯葬	bìn zàng		funeral and interment	全市各殡葬服务单位实行按日分时段预约祭扫。	全市各殯葬服務單位實行按日分時段預約祭掃。	leipzig	zho_news_2020_300K:61431	全市各殡葬服务单位实行按日分时段预约祭扫。	CC-CEDICT	
1155	5683_1	服务	服務	fú wù		to serve	全市各殡葬服务单位实行按日分时段预约祭扫。	全市各殯葬服務單位實行按日分時段預約祭掃。	leipzig	zho_news_2020_300K:61431	全市各殡葬服务单位实行按日分时段预约祭扫。	CC-CEDICT	
1156	5683_1	预约	預約	yù yuē		booking	全市各殡葬服务单位实行按日分时段预约祭扫。	全市各殯葬服務單位實行按日分時段預約祭掃。	leipzig	zho_news_2020_300K:61431	全市各殡葬服务单位实行按日分时段预约祭扫。	CC-CEDICT	
1157	5685_1	胸无城府	胸無城府	xiōng wú chéng fǔ		open and candid	胸无城府，光风霁月，令我忆君之天真有如提孩。	胸無城府，光風霽月，令我憶君之天真有如提孩。	leipzig	zho_wikipedia_2018_1M:817681	胸无城府，光风霁月，令我忆君之天真有如提孩。	CC-CEDICT	
1158	5685_1	光风霁月	光風霽月	guāng fēng jì yuè		period of peace and prosperity	胸无城府，光风霁月，令我忆君之天真有如提孩。	胸無城府，光風霽月，令我憶君之天真有如提孩。	leipzig	zho_wikipedia_2018_1M:817681	胸无城府，光风霁月，令我忆君之天真有如提孩。	CC-CEDICT	
1159	5685_1	天真	天真	tiān zhēn		naive	胸无城府，光风霁月，令我忆君之天真有如提孩。	胸無城府，光風霽月，令我憶君之天真有如提孩。	leipzig	zho_wikipedia_2018_1M:817681	胸无城府，光风霁月，令我忆君之天真有如提孩。	CC-CEDICT	
1160	5685_1	有如	有如	yǒu rú		to be like sth	胸无城府，光风霁月，令我忆君之天真有如提孩。	胸無城府，光風霽月，令我憶君之天真有如提孩。	leipzig	zho_wikipedia_2018_1M:817681	胸无城府，光风霁月，令我忆君之天真有如提孩。	CC-CEDICT	
1161	5686_1	轩辕	軒轅	xuān yuán		Xuan Yuan	最近电视剧《轩辕剑之天之痕》热播。	最近電視劇《軒轅劍之天之痕》熱播。	leipzig	zho_news_2020_300K:178263	最近电视剧《轩辕剑之天之痕》热播。	CC-CEDICT	
1162	5690_1	龇牙	齜牙	zī yá		to bare one's teeth	人鬼妖各路货色都龇牙咧嘴做直播，弄虚作假，吹嘘显摆，各种假货。	人鬼妖各路貨色都齜牙咧嘴做直播，弄虛作假，吹噓顯擺，各種假貨。	leipzig	zho_news_2020_300K:33046	人鬼妖各路货色都龇牙咧嘴做直播，弄虚作假，吹嘘显摆，各种假货。	CC-CEDICT	
1163	5690_1	咧嘴	咧嘴	liě zuǐ		to draw back the corners of one's mouth	人鬼妖各路货色都龇牙咧嘴做直播，弄虚作假，吹嘘显摆，各种假货。	人鬼妖各路貨色都齜牙咧嘴做直播，弄虛作假，吹噓顯擺，各種假貨。	leipzig	zho_news_2020_300K:33046	人鬼妖各路货色都龇牙咧嘴做直播，弄虚作假，吹嘘显摆，各种假货。	CC-CEDICT	
1164	5690_1	弄虚作假	弄虛作假	nòng xū zuò jiǎ		to practice fraud	人鬼妖各路货色都龇牙咧嘴做直播，弄虚作假，吹嘘显摆，各种假货。	人鬼妖各路貨色都齜牙咧嘴做直播，弄虛作假，吹噓顯擺，各種假貨。	leipzig	zho_news_2020_300K:33046	人鬼妖各路货色都龇牙咧嘴做直播，弄虚作假，吹嘘显摆，各种假货。	CC-CEDICT	
1165	5690_1	吹嘘	吹噓	chuī xū		to brag	人鬼妖各路货色都龇牙咧嘴做直播，弄虚作假，吹嘘显摆，各种假货。	人鬼妖各路貨色都齜牙咧嘴做直播，弄虛作假，吹噓顯擺，各種假貨。	leipzig	zho_news_2020_300K:33046	人鬼妖各路货色都龇牙咧嘴做直播，弄虚作假，吹嘘显摆，各种假货。	CC-CEDICT	
1166	5691_1	牙龈炎	牙齦炎	yá yín yán		gingivitis	一个简单的牙齿检查显示他有牙龈炎。	一個簡單的牙齒檢查顯示他有牙齦炎。	tatoeba	503031	一个简单的牙齿检查显示他有牙龈炎。	CC-CEDICT	
1167	5700_1	暧昧	曖昧	ài mèi		vague	他们的关系有些暧昧。	他們的關係有些曖昧。	tatoeba	3054543	他们的关系有些暧昧。	CC-CEDICT	
1168	5702_1	踌躇	躊躇	chóu chú		to hesitate	每天，他依然踌躇满志、斗志昂扬。	每天，他依然躊躇滿志、鬥志昂揚。	leipzig	zho_news_2020_300K:195114	每天，他依然踌躇满志、斗志昂扬。	CC-CEDICT	
1169	5702_1	斗志	鬥志	dòu zhì		will to fight	每天，他依然踌躇满志、斗志昂扬。	每天，他依然躊躇滿志、鬥志昂揚。	leipzig	zho_news_2020_300K:195114	每天，他依然踌躇满志、斗志昂扬。	CC-CEDICT	
1170	5702_1	昂扬	昂揚	áng yáng		elated	每天，他依然踌躇满志、斗志昂扬。	每天，他依然躊躇滿志、鬥志昂揚。	leipzig	zho_news_2020_300K:195114	每天，他依然踌躇满志、斗志昂扬。	CC-CEDICT	
1171	5707_1	蝈蝈	蟈蟈	guō guo		katydid	、牙雕、漆雕、蝈蝈笼和吹糖人等传统艺术。	、牙雕、漆雕、蟈蟈籠和吹糖人等傳統藝術。	leipzig	zho_wikipedia_2018_1M:695292	、牙雕、漆雕、蝈蝈笼和吹糖人等传统艺术。	CC-CEDICT	
1172	5723_1	万民	萬民	wàn mín		all the people	轩辕乃脩德振兵，治五气，蓻五种，抚万民，度四方，教熊罴貔貅䝙虎，以与炎帝战于阪泉之野。	軒轅乃脩德振兵，治五氣，蓻五種，撫萬民，度四方，教熊羆貔貅貙虎，以與炎帝戰於阪泉之野。	leipzig	zho_wikipedia_2018_1M:892420	轩辕乃脩德振兵，治五气，蓻五种，抚万民，度四方，教熊罴貔貅䝙虎，以与炎帝战于阪泉之野。	CC-CEDICT	
1173	5723_1	四方	四方	sì fāng		four-way	轩辕乃脩德振兵，治五气，蓻五种，抚万民，度四方，教熊罴貔貅䝙虎，以与炎帝战于阪泉之野。	軒轅乃脩德振兵，治五氣，蓻五種，撫萬民，度四方，教熊羆貔貅貙虎，以與炎帝戰於阪泉之野。	leipzig	zho_wikipedia_2018_1M:892420	轩辕乃脩德振兵，治五气，蓻五种，抚万民，度四方，教熊罴貔貅䝙虎，以与炎帝战于阪泉之野。	CC-CEDICT	
1174	5723_1	貔貅	貔貅	pí xiū		also written 辟邪	轩辕乃脩德振兵，治五气，蓻五种，抚万民，度四方，教熊罴貔貅䝙虎，以与炎帝战于阪泉之野。	軒轅乃脩德振兵，治五氣，蓻五種，撫萬民，度四方，教熊羆貔貅貙虎，以與炎帝戰於阪泉之野。	leipzig	zho_wikipedia_2018_1M:892420	轩辕乃脩德振兵，治五气，蓻五种，抚万民，度四方，教熊罴貔貅䝙虎，以与炎帝战于阪泉之野。	CC-CEDICT	
1175	5723_1	炎帝	炎帝	yán dì		Flame Emperors	轩辕乃脩德振兵，治五气，蓻五种，抚万民，度四方，教熊罴貔貅䝙虎，以与炎帝战于阪泉之野。	軒轅乃脩德振兵，治五氣，蓻五種，撫萬民，度四方，教熊羆貔貅貙虎，以與炎帝戰於阪泉之野。	leipzig	zho_wikipedia_2018_1M:892420	轩辕乃脩德振兵，治五气，蓻五种，抚万民，度四方，教熊罴貔貅䝙虎，以与炎帝战于阪泉之野。	CC-CEDICT	
1176	5728_1	赙仪	賻儀	fù yí		money gift at a funeral	赙仪是一个较少见的词语。	賻儀是一個較少見的詞語。	authored	level-2/5728_1	赙仪是一个较少见的词语。	CC-CEDICT	
1177	5729_1	罂粟	罌粟	yīng sù		poppy	张爱玲像是一朵艳丽的罂粟花，她蛊惑着世间，纵然也被这凡俗所蛊惑。	張愛玲像是一朵豔麗的罌粟花，她蠱惑著世間，縱然也被這凡俗所蠱惑。	leipzig	zho_news_2020_300K:138059	张爱玲像是一朵艳丽的罂粟花，她蛊惑着世间，纵然也被这凡俗所蛊惑。	CC-CEDICT	
1178	5729_1	世间	世間	shì jiān		world	张爱玲像是一朵艳丽的罂粟花，她蛊惑着世间，纵然也被这凡俗所蛊惑。	張愛玲像是一朵豔麗的罌粟花，她蠱惑著世間，縱然也被這凡俗所蠱惑。	leipzig	zho_news_2020_300K:138059	张爱玲像是一朵艳丽的罂粟花，她蛊惑着世间，纵然也被这凡俗所蛊惑。	CC-CEDICT	
1179	5729_1	纵然	縱然	zòng rán		even if	张爱玲像是一朵艳丽的罂粟花，她蛊惑着世间，纵然也被这凡俗所蛊惑。	張愛玲像是一朵豔麗的罌粟花，她蠱惑著世間，縱然也被這凡俗所蠱惑。	leipzig	zho_news_2020_300K:138059	张爱玲像是一朵艳丽的罂粟花，她蛊惑着世间，纵然也被这凡俗所蛊惑。	CC-CEDICT	
1180	5729_1	凡俗	凡俗	fán sú		lay	张爱玲像是一朵艳丽的罂粟花，她蛊惑着世间，纵然也被这凡俗所蛊惑。	張愛玲像是一朵豔麗的罌粟花，她蠱惑著世間，縱然也被這凡俗所蠱惑。	leipzig	zho_news_2020_300K:138059	张爱玲像是一朵艳丽的罂粟花，她蛊惑着世间，纵然也被这凡俗所蛊惑。	CC-CEDICT	
1181	5733_1	锲而不舍	鍥而不捨	qiè ér bù shě		to chisel away at sth	锲而不舍能够把缺点转换为能量。	鍥而不捨能夠把缺點轉換為能量。	leipzig	zho_news_2020_300K:286802	锲而不舍能够把缺点转换为能量。	CC-CEDICT	
1182	5733_1	缺点	缺點	quē diǎn		weak point	锲而不舍能够把缺点转换为能量。	鍥而不捨能夠把缺點轉換為能量。	leipzig	zho_news_2020_300K:286802	锲而不舍能够把缺点转换为能量。	CC-CEDICT	
1183	5733_1	转换	轉換	zhuǎn huàn		to change	锲而不舍能够把缺点转换为能量。	鍥而不捨能夠把缺點轉換為能量。	leipzig	zho_news_2020_300K:286802	锲而不舍能够把缺点转换为能量。	CC-CEDICT	
1184	5733_1	能量	能量	néng liàng		energy	锲而不舍能够把缺点转换为能量。	鍥而不捨能夠把缺點轉換為能量。	leipzig	zho_news_2020_300K:286802	锲而不舍能够把缺点转换为能量。	CC-CEDICT	
1185	5734_1	立即	立即	lì jí		immediately	蒋氏随后让何应钦立即飞往上海，阻止蔡廷锴的行动。	蔣氏隨後讓何應欽立即飛往上海，阻止蔡廷鍇的行動。	leipzig	zho_news_2020_300K:250163	蒋氏随后让何应钦立即飞往上海，阻止蔡廷锴的行动。	CC-CEDICT	
1186	5734_1	阻止	阻止	zǔ zhǐ		to prevent	蒋氏随后让何应钦立即飞往上海，阻止蔡廷锴的行动。	蔣氏隨後讓何應欽立即飛往上海，阻止蔡廷鍇的行動。	leipzig	zho_news_2020_300K:250163	蒋氏随后让何应钦立即飞往上海，阻止蔡廷锴的行动。	CC-CEDICT	
1187	5735_1	适用	適用	shì yòng		to be applicable	氧化锶有时也用于生产适用于敏感性牙齿的牙膏。	氧化鍶有時也用於生產適用於敏感性牙齒的牙膏。	leipzig	zho_wikipedia_2018_1M:655410	氧化锶有时也用于生产适用于敏感性牙齿的牙膏。	CC-CEDICT	
1188	5735_1	敏感性	敏感性	mǐn gǎn xìng		sensitive	氧化锶有时也用于生产适用于敏感性牙齿的牙膏。	氧化鍶有時也用於生產適用於敏感性牙齒的牙膏。	leipzig	zho_wikipedia_2018_1M:655410	氧化锶有时也用于生产适用于敏感性牙齿的牙膏。	CC-CEDICT	
1189	5735_1	牙膏	牙膏	yá gāo		toothpaste	氧化锶有时也用于生产适用于敏感性牙齿的牙膏。	氧化鍶有時也用於生產適用於敏感性牙齒的牙膏。	leipzig	zho_wikipedia_2018_1M:655410	氧化锶有时也用于生产适用于敏感性牙齿的牙膏。	CC-CEDICT	
1190	5736_1	君子	君子	jūn zǐ		nobleman	戊戌六君子最有刚骨的谭嗣同，孙中山发起革命的左辅右弼黄兴、宋教仁，讨袁护国的蔡锷将军。	戊戌六君子最有剛骨的譚嗣同，孫中山發起革命的左輔右弼黃興、宋教仁，討袁護國的蔡鍔將軍。	leipzig	zho_news_2020_300K:147113	戊戌六君子最有刚骨的谭嗣同，孙中山发起革命的左辅右弼黄兴、宋教仁，讨袁护国的蔡锷将军。	CC-CEDICT	
1191	5736_1	发起	發起	fā qǐ		to originate	戊戌六君子最有刚骨的谭嗣同，孙中山发起革命的左辅右弼黄兴、宋教仁，讨袁护国的蔡锷将军。	戊戌六君子最有剛骨的譚嗣同，孫中山發起革命的左輔右弼黃興、宋教仁，討袁護國的蔡鍔將軍。	leipzig	zho_news_2020_300K:147113	戊戌六君子最有刚骨的谭嗣同，孙中山发起革命的左辅右弼黄兴、宋教仁，讨袁护国的蔡锷将军。	CC-CEDICT	
1192	5736_1	黄兴	黃興	huáng xīng		Huang Xing	戊戌六君子最有刚骨的谭嗣同，孙中山发起革命的左辅右弼黄兴、宋教仁，讨袁护国的蔡锷将军。	戊戌六君子最有剛骨的譚嗣同，孫中山發起革命的左輔右弼黃興、宋教仁，討袁護國的蔡鍔將軍。	leipzig	zho_news_2020_300K:147113	戊戌六君子最有刚骨的谭嗣同，孙中山发起革命的左辅右弼黄兴、宋教仁，讨袁护国的蔡锷将军。	CC-CEDICT	
1193	5736_1	宋教仁	宋教仁	sòng jiào rén		Song Jiaoren	戊戌六君子最有刚骨的谭嗣同，孙中山发起革命的左辅右弼黄兴、宋教仁，讨袁护国的蔡锷将军。	戊戌六君子最有剛骨的譚嗣同，孫中山發起革命的左輔右弼黃興、宋教仁，討袁護國的蔡鍔將軍。	leipzig	zho_news_2020_300K:147113	戊戌六君子最有刚骨的谭嗣同，孙中山发起革命的左辅右弼黄兴、宋教仁，讨袁护国的蔡锷将军。	CC-CEDICT	
1194	5736_1	蔡锷	蔡鍔	cài è		Cai E	戊戌六君子最有刚骨的谭嗣同，孙中山发起革命的左辅右弼黄兴、宋教仁，讨袁护国的蔡锷将军。	戊戌六君子最有剛骨的譚嗣同，孫中山發起革命的左輔右弼黃興、宋教仁，討袁護國的蔡鍔將軍。	leipzig	zho_news_2020_300K:147113	戊戌六君子最有刚骨的谭嗣同，孙中山发起革命的左辅右弼黄兴、宋教仁，讨袁护国的蔡锷将军。	CC-CEDICT	
1195	5739_1	固体	固體	gù tǐ		solid	，占中国固体硼储量94%，菱镁矿远景储量6亿吨，高岭土远景储量2000多万吨。	，佔中國固體硼儲量94%，菱鎂礦遠景儲量6億噸，高嶺土遠景儲量2000多萬噸。	leipzig	zho_wikipedia_2018_1M:264679	，占中国固体硼储量94%，菱镁矿远景储量6亿吨，高岭土远景储量2000多万吨。	CC-CEDICT	
1196	5739_1	远景	遠景	yuǎn jǐng		scenery in the distance	，占中国固体硼储量94%，菱镁矿远景储量6亿吨，高岭土远景储量2000多万吨。	，佔中國固體硼儲量94%，菱鎂礦遠景儲量6億噸，高嶺土遠景儲量2000多萬噸。	leipzig	zho_wikipedia_2018_1M:264679	，占中国固体硼储量94%，菱镁矿远景储量6亿吨，高岭土远景储量2000多万吨。	CC-CEDICT	
1197	5739_1	高岭土	高嶺土	gāo lǐng tǔ		kaolin	，占中国固体硼储量94%，菱镁矿远景储量6亿吨，高岭土远景储量2000多万吨。	，佔中國固體硼儲量94%，菱鎂礦遠景儲量6億噸，高嶺土遠景儲量2000多萬噸。	leipzig	zho_wikipedia_2018_1M:264679	，占中国固体硼储量94%，菱镁矿远景储量6亿吨，高岭土远景储量2000多万吨。	CC-CEDICT	
1198	5744_1	书箧	書篋	shū qiè		bookcase	书箧是一种器物。	書篋是一種器物。	authored	level-2/5744_1	书箧是一种器物。	CC-CEDICT	
1199	5749_1	入境	入境	rù jìng		to enter a country	师道裨将杨可世闻燕人久欲内附，若王师入境必箪食壶浆以迎，乃将轻骑数千直欲取之。	師道裨將楊可世聞燕人久欲內附，若王師入境必簞食壺漿以迎，乃將輕騎數千直欲取之。	leipzig	zho_wikipedia_2018_1M:471863	师道裨将杨可世闻燕人久欲内附，若王师入境必箪食壶浆以迎，乃将轻骑数千直欲取之。	CC-CEDICT	
1200	5749_1	箪食壶浆	簞食壺漿	dān shí hú jiāng		to give troops a hearty welcome	师道裨将杨可世闻燕人久欲内附，若王师入境必箪食壶浆以迎，乃将轻骑数千直欲取之。	師道裨將楊可世聞燕人久欲內附，若王師入境必簞食壺漿以迎，乃將輕騎數千直欲取之。	leipzig	zho_wikipedia_2018_1M:471863	师道裨将杨可世闻燕人久欲内附，若王师入境必箪食壶浆以迎，乃将轻骑数千直欲取之。	CC-CEDICT	
1201	5753_1	符箓	符籙	fú lù		talisman in the form of a painting of…	，内丹与符箓的结合产生了新的符箓道派。	，內丹與符籙的結合產生了新的符籙道派。	leipzig	zho_wikipedia_2018_1M:231289	，内丹与符箓的结合产生了新的符箓道派。	CC-CEDICT	
1202	5767_1	采取	採取	cǎi qǔ		to adopt or carry out	田忌采取孙膑的计策，不去赵国，直逼魏国。	田忌採取孫臏的計策，不去趙國，直逼魏國。	leipzig	zho_news_2020_300K:214238	田忌采取孙膑的计策，不去赵国，直逼魏国。	CC-CEDICT	
1203	5767_1	孙膑	孫臏	sūn bìn		Sun Bin	田忌采取孙膑的计策，不去赵国，直逼魏国。	田忌採取孫臏的計策，不去趙國，直逼魏國。	leipzig	zho_news_2020_300K:214238	田忌采取孙膑的计策，不去赵国，直逼魏国。	CC-CEDICT	
1204	5767_1	计策	計策	jì cè		stratagem	田忌采取孙膑的计策，不去赵国，直逼魏国。	田忌採取孫臏的計策，不去趙國，直逼魏國。	leipzig	zho_news_2020_300K:214238	田忌采取孙膑的计策，不去赵国，直逼魏国。	CC-CEDICT	
1205	5767_1	赵国	趙國	zhào guó		Zhao	田忌采取孙膑的计策，不去赵国，直逼魏国。	田忌採取孫臏的計策，不去趙國，直逼魏國。	leipzig	zho_news_2020_300K:214238	田忌采取孙膑的计策，不去赵国，直逼魏国。	CC-CEDICT	
1206	5767_1	魏国	魏國	wèi guó		Wei State	田忌采取孙膑的计策，不去赵国，直逼魏国。	田忌採取孫臏的計策，不去趙國，直逼魏國。	leipzig	zho_news_2020_300K:214238	田忌采取孙膑的计策，不去赵国，直逼魏国。	CC-CEDICT	
1207	5768_1	鲑鱼	鮭魚	guī yú		salmon	这里卖的鲑鱼是品质最好的。	這裡賣的鮭魚是品質最好的。	tatoeba	5248195	這裡賣的鮭魚是品質最好的。	CC-CEDICT	
1208	5769_1	鲔鱼	鮪魚	wěi yú		tuna	鲨鱼的皮比鲔鱼的皮粗糙多了。	鯊魚的皮比鮪魚的皮粗糙多了。	tatoeba	1567823	鯊魚的皮比鮪魚的皮粗糙多了。	CC-CEDICT	
1209	5769_1	粗糙	粗糙	cū cāo		crude	鲨鱼的皮比鲔鱼的皮粗糙多了。	鯊魚的皮比鮪魚的皮粗糙多了。	tatoeba	1567823	鯊魚的皮比鮪魚的皮粗糙多了。	CC-CEDICT	
1210	5771_1	鳗鱼	鰻魚	mán yú		eel	主要有鳗鱼、对虾、大黄鱼、马鲛鱼、	主要有鰻魚、對蝦、大黃魚、馬鮫魚、	leipzig	zho_wikipedia_2018_1M:95651	主要有鳗鱼、对虾、大黄鱼、马鲛鱼、	CC-CEDICT	
1211	5771_1	黄鱼	黃魚	huáng yú		yellow croaker	主要有鳗鱼、对虾、大黄鱼、马鲛鱼、	主要有鰻魚、對蝦、大黃魚、馬鮫魚、	leipzig	zho_wikipedia_2018_1M:95651	主要有鳗鱼、对虾、大黄鱼、马鲛鱼、	CC-CEDICT	
1212	5772_1	数量	數量	shù liàng		amount	鱼卵的数量可以相差很大，鲟鱼每次产子可达上百万，而育子之的刺鱼每次产子不超过一百。	魚卵的數量可以相差很大，鱘魚每次產子可達上百萬，而育子之的刺魚每次產子不超過一百。	leipzig	zho_wikipedia_2018_1M:994561	鱼卵的数量可以相差很大，鲟鱼每次产子可达上百万，而育子之的刺鱼每次产子不超过一百。	CC-CEDICT	
1213	5772_1	相差	相差	xiāng chà		to differ	鱼卵的数量可以相差很大，鲟鱼每次产子可达上百万，而育子之的刺鱼每次产子不超过一百。	魚卵的數量可以相差很大，鱘魚每次產子可達上百萬，而育子之的刺魚每次產子不超過一百。	leipzig	zho_wikipedia_2018_1M:994561	鱼卵的数量可以相差很大，鲟鱼每次产子可达上百万，而育子之的刺鱼每次产子不超过一百。	CC-CEDICT	
1214	5772_1	鲟鱼	鱘魚	xún yú		sturgeon	鱼卵的数量可以相差很大，鲟鱼每次产子可达上百万，而育子之的刺鱼每次产子不超过一百。	魚卵的數量可以相差很大，鱘魚每次產子可達上百萬，而育子之的刺魚每次產子不超過一百。	leipzig	zho_wikipedia_2018_1M:994561	鱼卵的数量可以相差很大，鲟鱼每次产子可达上百万，而育子之的刺鱼每次产子不超过一百。	CC-CEDICT	
1215	5772_1	每次	每次	měi cì		every time	鱼卵的数量可以相差很大，鲟鱼每次产子可达上百万，而育子之的刺鱼每次产子不超过一百。	魚卵的數量可以相差很大，鱘魚每次產子可達上百萬，而育子之的刺魚每次產子不超過一百。	leipzig	zho_wikipedia_2018_1M:994561	鱼卵的数量可以相差很大，鲟鱼每次产子可达上百万，而育子之的刺鱼每次产子不超过一百。	CC-CEDICT	
1216	5777_1	定居	定居	dìng jū		to settle	随着冬天来临，许多殖民地定居者死于饥馑和疾病。	隨著冬天來臨，許多殖民地定居者死於饑饉和疾病。	leipzig	zho_wikipedia_2018_1M:965981	随着冬天来临，许多殖民地定居者死于饥馑和疾病。	CC-CEDICT	
1217	5778_1	金銮殿	金鑾殿	jīn luán diàn		throne room	“金銮殿”，明初称“奉天殿”，后称“皇极殿”，清朝时称“太和殿”。	“金鑾殿”，明初稱“奉天殿”，後稱“皇極殿”，清朝時稱“太和殿”。	leipzig	zho_wikipedia_2018_1M:945825	“金銮殿”，明初称“奉天殿”，后称“皇极殿”，清朝时称“太和殿”。	CC-CEDICT	
1218	5778_1	奉天	奉天	fèng tiān		old name for Shenyang 瀋陽|沈阳 in modern…	“金銮殿”，明初称“奉天殿”，后称“皇极殿”，清朝时称“太和殿”。	“金鑾殿”，明初稱“奉天殿”，後稱“皇極殿”，清朝時稱“太和殿”。	leipzig	zho_wikipedia_2018_1M:945825	“金銮殿”，明初称“奉天殿”，后称“皇极殿”，清朝时称“太和殿”。	CC-CEDICT	
1219	5778_1	清朝	清朝	qīng cháo		Qing dynasty	“金銮殿”，明初称“奉天殿”，后称“皇极殿”，清朝时称“太和殿”。	“金鑾殿”，明初稱“奉天殿”，後稱“皇極殿”，清朝時稱“太和殿”。	leipzig	zho_wikipedia_2018_1M:945825	“金銮殿”，明初称“奉天殿”，后称“皇极殿”，清朝时称“太和殿”。	CC-CEDICT	
1220	5822_1	荒村	荒村	huāng cūn		an abandoned village	昔荒村旧院，衣衫褴褛，粗食又寒贫。	昔荒村舊院，衣衫襤褸，粗食又寒貧。	leipzig	zho_news_2020_300K:173478	昔荒村旧院，衣衫褴褛，粗食又寒贫。	CC-CEDICT	
1221	5822_1	衣衫	衣衫	yī shān		clothing	昔荒村旧院，衣衫褴褛，粗食又寒贫。	昔荒村舊院，衣衫襤褸，粗食又寒貧。	leipzig	zho_news_2020_300K:173478	昔荒村旧院，衣衫褴褛，粗食又寒贫。	CC-CEDICT	
1222	5824_1	开发	開發	kāi fā		to exploit	）、滁州经济技术开发区（国家级）、滁州高教科创城、琅琊新区、南谯新区。	）、滁州經濟技術開發區（國家級）、滁州高教科創城、琅琊新區、南譙新區。	leipzig	zho_wikipedia_2018_1M:676759	）、滁州经济技术开发区（国家级）、滁州高教科创城、琅琊新区、南谯新区。	CC-CEDICT	
1223	5824_1	琅琊	琅琊	láng yá		Langya	）、滁州经济技术开发区（国家级）、滁州高教科创城、琅琊新区、南谯新区。	）、滁州經濟技術開發區（國家級）、滁州高教科創城、琅琊新區、南譙新區。	leipzig	zho_wikipedia_2018_1M:676759	）、滁州经济技术开发区（国家级）、滁州高教科创城、琅琊新区、南谯新区。	CC-CEDICT	
1224	5826_1	种种	種種	zhǒng zhǒng		all kinds of	正是这些在现实中有迹可循的种种文化符号，赋予了《明日方舟》的剧情一种诡谲莫测又无比真实的观感。	正是這些在現實中有跡可循的種種文化符號，賦予了《明日方舟》的劇情一種詭譎莫測又無比真實的觀感。	leipzig	zho_news_2020_300K:191027	正是这些在现实中有迹可循的种种文化符号，赋予了《明日方舟》的剧情一种诡谲莫测又无比真实的观感。	CC-CEDICT	
1225	5826_1	符号	符號	fú hào		symbol	正是这些在现实中有迹可循的种种文化符号，赋予了《明日方舟》的剧情一种诡谲莫测又无比真实的观感。	正是這些在現實中有跡可循的種種文化符號，賦予了《明日方舟》的劇情一種詭譎莫測又無比真實的觀感。	leipzig	zho_news_2020_300K:191027	正是这些在现实中有迹可循的种种文化符号，赋予了《明日方舟》的剧情一种诡谲莫测又无比真实的观感。	CC-CEDICT	
1226	5826_1	明日	明日	míng rì		tomorrow	正是这些在现实中有迹可循的种种文化符号，赋予了《明日方舟》的剧情一种诡谲莫测又无比真实的观感。	正是這些在現實中有跡可循的種種文化符號，賦予了《明日方舟》的劇情一種詭譎莫測又無比真實的觀感。	leipzig	zho_news_2020_300K:191027	正是这些在现实中有迹可循的种种文化符号，赋予了《明日方舟》的剧情一种诡谲莫测又无比真实的观感。	CC-CEDICT	
1227	5826_1	方舟	方舟	fāng zhōu		ark	正是这些在现实中有迹可循的种种文化符号，赋予了《明日方舟》的剧情一种诡谲莫测又无比真实的观感。	正是這些在現實中有跡可循的種種文化符號，賦予了《明日方舟》的劇情一種詭譎莫測又無比真實的觀感。	leipzig	zho_news_2020_300K:191027	正是这些在现实中有迹可循的种种文化符号，赋予了《明日方舟》的剧情一种诡谲莫测又无比真实的观感。	CC-CEDICT	
1228	5826_1	剧情	劇情	jù qíng		story line	正是这些在现实中有迹可循的种种文化符号，赋予了《明日方舟》的剧情一种诡谲莫测又无比真实的观感。	正是這些在現實中有跡可循的種種文化符號，賦予了《明日方舟》的劇情一種詭譎莫測又無比真實的觀感。	leipzig	zho_news_2020_300K:191027	正是这些在现实中有迹可循的种种文化符号，赋予了《明日方舟》的剧情一种诡谲莫测又无比真实的观感。	CC-CEDICT	
1229	5826_1	诡谲	詭譎	guǐ jué		strange	正是这些在现实中有迹可循的种种文化符号，赋予了《明日方舟》的剧情一种诡谲莫测又无比真实的观感。	正是這些在現實中有跡可循的種種文化符號，賦予了《明日方舟》的劇情一種詭譎莫測又無比真實的觀感。	leipzig	zho_news_2020_300K:191027	正是这些在现实中有迹可循的种种文化符号，赋予了《明日方舟》的剧情一种诡谲莫测又无比真实的观感。	CC-CEDICT	
1230	5826_1	无比	無比	wú bǐ		incomparable	正是这些在现实中有迹可循的种种文化符号，赋予了《明日方舟》的剧情一种诡谲莫测又无比真实的观感。	正是這些在現實中有跡可循的種種文化符號，賦予了《明日方舟》的劇情一種詭譎莫測又無比真實的觀感。	leipzig	zho_news_2020_300K:191027	正是这些在现实中有迹可循的种种文化符号，赋予了《明日方舟》的剧情一种诡谲莫测又无比真实的观感。	CC-CEDICT	
1231	5826_1	真实	真實	zhēn shí		true	正是这些在现实中有迹可循的种种文化符号，赋予了《明日方舟》的剧情一种诡谲莫测又无比真实的观感。	正是這些在現實中有跡可循的種種文化符號，賦予了《明日方舟》的劇情一種詭譎莫測又無比真實的觀感。	leipzig	zho_news_2020_300K:191027	正是这些在现实中有迹可循的种种文化符号，赋予了《明日方舟》的剧情一种诡谲莫测又无比真实的观感。	CC-CEDICT	
1232	5829_1	褐色	褐色	hè sè	hé sè	brown	山鹛 虹膜褐色，嘴角质色，脚黄褐色。	山鶥 虹膜褐色，嘴角質色，腳黃褐色。	leipzig	zho_wikipedia_2018_1M:464585	山鹛 虹膜褐色，嘴角质色，脚黄褐色。	CC-CEDICT	Taiwan MOE Concise Dictionary
1233	5829_1	嘴角	嘴角	zuǐ jiǎo		corner of the mouth	山鹛 虹膜褐色，嘴角质色，脚黄褐色。	山鶥 虹膜褐色，嘴角質色，腳黃褐色。	leipzig	zho_wikipedia_2018_1M:464585	山鹛 虹膜褐色，嘴角质色，脚黄褐色。	CC-CEDICT	
1234	5829_1	黄褐色	黃褐色	huáng hè sè		tan	山鹛 虹膜褐色，嘴角质色，脚黄褐色。	山鶥 虹膜褐色，嘴角質色，腳黃褐色。	leipzig	zho_wikipedia_2018_1M:464585	山鹛 虹膜褐色，嘴角质色，脚黄褐色。	CC-CEDICT	
1235	5831_1	妃嫔	妃嬪	fēi pín		imperial concubine	妃嫔媵嫱是一个较少见的词语。	妃嬪媵嬙是一個較少見的詞語。	authored	level-2/5831_1	妃嫔媵嫱是一个较少见的词语。	CC-CEDICT	
1236	5840_1	禁忌	禁忌	jìn jì		taboo	越是禁忌的事情越是让人趋之若鹜。	越是禁忌的事情越是讓人趨之若鶩。	tatoeba	2218592	越是禁忌的事情越是让人趋之若鹜。	CC-CEDICT	
1237	5841_1	重用	重用	zhòng yòng		to put in an important position	李密得到秦琼非常高兴，加以重用让他作骠骑将军。	李密得到秦瓊非常高興，加以重用讓他作驃騎將軍。	leipzig	zho_news_2020_300K:183835	李密得到秦琼非常高兴，加以重用让他作骠骑将军。	CC-CEDICT	
1238	5845_1	斩钉截铁	斬釘截鐵	zhǎn dīng jié tiě		to chop the nail and slice the iron	请缨来黄冈，段阳说得斩钉截铁。	請纓來黃岡，段陽說得斬釘截鐵。	leipzig	zho_news_2020_300K:264880	请缨来黄冈，段阳说得斩钉截铁。	CC-CEDICT	
1239	5847_1	未雨绸缪	未雨綢繆	wèi yǔ chóu móu		to prepare for a rainy day	你应该未雨绸缪，经常攒钱。	你應該未雨綢繆，經常攢錢。	tatoeba	736535	你应该未雨绸缪，经常攒钱。	CC-CEDICT	
1240	5848_1	黄帝	黃帝	huáng dì		the Yellow Emperor	比如，仅黄帝就发明了养蚕、缫丝、舟车、文字、音律、算术、历法、棺椁、器皿等。	比如，僅黃帝就發明了養蠶、繅絲、舟車、文字、音律、算術、曆法、棺槨、器皿等。	leipzig	zho_news_2020_300K:195656	比如，仅黄帝就发明了养蚕、缫丝、舟车、文字、音律、算术、历法、棺椁、器皿等。	CC-CEDICT	
1241	5848_1	音律	音律	yīn lǜ		tuning	比如，仅黄帝就发明了养蚕、缫丝、舟车、文字、音律、算术、历法、棺椁、器皿等。	比如，僅黃帝就發明了養蠶、繅絲、舟車、文字、音律、算術、曆法、棺槨、器皿等。	leipzig	zho_news_2020_300K:195656	比如，仅黄帝就发明了养蚕、缫丝、舟车、文字、音律、算术、历法、棺椁、器皿等。	CC-CEDICT	
1242	5848_1	算术	算術	suàn shù		arithmetic	比如，仅黄帝就发明了养蚕、缫丝、舟车、文字、音律、算术、历法、棺椁、器皿等。	比如，僅黃帝就發明了養蠶、繅絲、舟車、文字、音律、算術、曆法、棺槨、器皿等。	leipzig	zho_news_2020_300K:195656	比如，仅黄帝就发明了养蚕、缫丝、舟车、文字、音律、算术、历法、棺椁、器皿等。	CC-CEDICT	
1243	5848_1	历法	曆法	lì fǎ		calendar science	比如，仅黄帝就发明了养蚕、缫丝、舟车、文字、音律、算术、历法、棺椁、器皿等。	比如，僅黃帝就發明了養蠶、繅絲、舟車、文字、音律、算術、曆法、棺槨、器皿等。	leipzig	zho_news_2020_300K:195656	比如，仅黄帝就发明了养蚕、缫丝、舟车、文字、音律、算术、历法、棺椁、器皿等。	CC-CEDICT	
1244	5848_1	器皿	器皿	qì mǐn		household utensils	比如，仅黄帝就发明了养蚕、缫丝、舟车、文字、音律、算术、历法、棺椁、器皿等。	比如，僅黃帝就發明了養蠶、繅絲、舟車、文字、音律、算術、曆法、棺槨、器皿等。	leipzig	zho_news_2020_300K:195656	比如，仅黄帝就发明了养蚕、缫丝、舟车、文字、音律、算术、历法、棺椁、器皿等。	CC-CEDICT	
1245	5854_1	金宝	金寶	jīn bǎo		Campbell	王着朝霞古贝，瞒络腰腹，下垂至胫，头戴金宝花冠，被真珠璎珞，足履革屣，耳悬金珰。	王著朝霞古貝，瞞絡腰腹，下垂至脛，頭戴金寶花冠，被真珠瓔珞，足履革屣，耳懸金璫。	leipzig	zho_wikipedia_2018_1M:701217	王着朝霞古贝，瞒络腰腹，下垂至胫，头戴金宝花冠，被真珠璎珞，足履革屣，耳悬金珰。	CC-CEDICT	
1246	5854_1	花冠	花冠	huā guān		corolla	王着朝霞古贝，瞒络腰腹，下垂至胫，头戴金宝花冠，被真珠璎珞，足履革屣，耳悬金珰。	王著朝霞古貝，瞞絡腰腹，下垂至脛，頭戴金寶花冠，被真珠瓔珞，足履革屣，耳懸金璫。	leipzig	zho_wikipedia_2018_1M:701217	王着朝霞古贝，瞒络腰腹，下垂至胫，头戴金宝花冠，被真珠璎珞，足履革屣，耳悬金珰。	CC-CEDICT	
1247	5854_1	真珠	真珠	zhēn zhū		pearl	王着朝霞古贝，瞒络腰腹，下垂至胫，头戴金宝花冠，被真珠璎珞，足履革屣，耳悬金珰。	王著朝霞古貝，瞞絡腰腹，下垂至脛，頭戴金寶花冠，被真珠瓔珞，足履革屣，耳懸金璫。	leipzig	zho_wikipedia_2018_1M:701217	王着朝霞古贝，瞒络腰腹，下垂至胫，头戴金宝花冠，被真珠璎珞，足履革屣，耳悬金珰。	CC-CEDICT	
1248	5861_1	日报	日報	rì bào		daily newspaper	湖南日报记者采撷他们的精彩观点，以飨读者。	湖南日報記者採擷他們的精彩觀點，以饗讀者。	leipzig	zho_news_2020_300K:204315	湖南日报记者采撷他们的精彩观点，以飨读者。	CC-CEDICT	
1249	5861_1	精彩	精彩	jīng cǎi		wonderful	湖南日报记者采撷他们的精彩观点，以飨读者。	湖南日報記者採擷他們的精彩觀點，以饗讀者。	leipzig	zho_news_2020_300K:204315	湖南日报记者采撷他们的精彩观点，以飨读者。	CC-CEDICT	
1250	5861_1	读者	讀者	dú zhě		reader	湖南日报记者采撷他们的精彩观点，以飨读者。	湖南日報記者採擷他們的精彩觀點，以饗讀者。	leipzig	zho_news_2020_300K:204315	湖南日报记者采撷他们的精彩观点，以飨读者。	CC-CEDICT	
1251	5867_1	撺掇	攛掇	cuān duo		to urge sb on	后来开科，有人撺掇肉贩去应试，说功名全靠祖上积德。	後來開科，有人攛掇肉販去應試，說功名全靠祖上積德。	leipzig	zho_wikipedia_2018_1M:311495	后来开科，有人撺掇肉贩去应试，说功名全靠祖上积德。	CC-CEDICT	
1252	5867_1	肉贩	肉販	ròu fàn		butcher	后来开科，有人撺掇肉贩去应试，说功名全靠祖上积德。	後來開科，有人攛掇肉販去應試，說功名全靠祖上積德。	leipzig	zho_wikipedia_2018_1M:311495	后来开科，有人撺掇肉贩去应试，说功名全靠祖上积德。	CC-CEDICT	
1253	5867_1	功名	功名	gōng míng		scholarly honor	后来开科，有人撺掇肉贩去应试，说功名全靠祖上积德。	後來開科，有人攛掇肉販去應試，說功名全靠祖上積德。	leipzig	zho_wikipedia_2018_1M:311495	后来开科，有人撺掇肉贩去应试，说功名全靠祖上积德。	CC-CEDICT	
1254	5867_1	祖上	祖上	zǔ shàng		ancestors	后来开科，有人撺掇肉贩去应试，说功名全靠祖上积德。	後來開科，有人攛掇肉販去應試，說功名全靠祖上積德。	leipzig	zho_wikipedia_2018_1M:311495	后来开科，有人撺掇肉贩去应试，说功名全靠祖上积德。	CC-CEDICT	
1255	5869_1	总之	總之	zǒng zhī		in a word	总之，我将被指责为昏聩无知的老糊涂。”	總之，我將被指責為昏聵無知的老糊塗。”	leipzig	zho_wikipedia_2018_1M:509626	总之，我将被指责为昏聩无知的老糊涂。”	CC-CEDICT	
1256	5869_1	指责	指責	zhǐ zé		to criticize	总之，我将被指责为昏聩无知的老糊涂。”	總之，我將被指責為昏聵無知的老糊塗。”	leipzig	zho_wikipedia_2018_1M:509626	总之，我将被指责为昏聩无知的老糊涂。”	CC-CEDICT	
1257	5870_1	洪武	洪武	hóng wǔ		Hongwu Emperor	洪武二十年（公元1387年），程本立被升任为长史，随周王入朝觐见。	洪武二十年（公元1387年），程本立被升任為長史，隨周王入朝覲見。	leipzig	zho_news_2020_300K:201094	洪武二十年（公元1387年），程本立被升任为长史，随周王入朝觐见。	CC-CEDICT	
1258	5870_1	公元	公元	gōng yuán		CE	洪武二十年（公元1387年），程本立被升任为长史，随周王入朝觐见。	洪武二十年（公元1387年），程本立被升任為長史，隨周王入朝覲見。	leipzig	zho_news_2020_300K:201094	洪武二十年（公元1387年），程本立被升任为长史，随周王入朝觐见。	CC-CEDICT	
1259	5870_1	升任	升任	shēng rèn		to be promoted to	洪武二十年（公元1387年），程本立被升任为长史，随周王入朝觐见。	洪武二十年（公元1387年），程本立被升任為長史，隨周王入朝覲見。	leipzig	zho_news_2020_300K:201094	洪武二十年（公元1387年），程本立被升任为长史，随周王入朝觐见。	CC-CEDICT	
1260	5870_1	觐见	覲見	jìn jiàn		to have an audience	洪武二十年（公元1387年），程本立被升任为长史，随周王入朝觐见。	洪武二十年（公元1387年），程本立被升任為長史，隨周王入朝覲見。	leipzig	zho_news_2020_300K:201094	洪武二十年（公元1387年），程本立被升任为长史，随周王入朝觐见。	CC-CEDICT	
1261	5871_1	鞑靼人	韃靼人	dá dá rén		Tatar	此外，我认为影响俄罗斯现如今政策最重要的因素在于其反鞑靼人情结。	此外，我認為影響俄羅斯現如今政策最重要的因素在於其反韃靼人情結。	leipzig	zho_news_2020_300K:192340	此外，我认为影响俄罗斯现如今政策最重要的因素在于其反鞑靼人情结。	CC-CEDICT	
1262	5871_1	情结	情結	qíng jié		complex	此外，我认为影响俄罗斯现如今政策最重要的因素在于其反鞑靼人情结。	此外，我認為影響俄羅斯現如今政策最重要的因素在於其反韃靼人情結。	leipzig	zho_news_2020_300K:192340	此外，我认为影响俄罗斯现如今政策最重要的因素在于其反鞑靼人情结。	CC-CEDICT	
1263	5881_1	地域	地域	dì yù		area	，本地域分属魏弋阳郡和吴蕲春郡。	，本地域分屬魏弋陽郡和吳蘄春郡。	leipzig	zho_wikipedia_2018_1M:604023	，本地域分属魏弋阳郡和吴蕲春郡。	CC-CEDICT	
1264	5884_1	模式	模式	mó shì		mode	，“凡枪炮刀锚之模式，帆樯桨橹之位置，无不躬自演试，殚竭思力”	，“凡槍炮刀錨之模式，帆檣槳櫓之位置，無不躬自演試，殫竭思力”	leipzig	zho_wikipedia_2018_1M:235747	，“凡枪炮刀锚之模式，帆樯桨橹之位置，无不躬自演试，殚竭思力”	CC-CEDICT	
1265	5892_1	认真	認真	rèn zhēn		conscientious	认真地平视和描画自己，不为仕途，只为事业，无论笑靥，还是泪滴！	認真地平視和描畫自己，不為仕途，只為事業，無論笑靨，還是淚滴！	leipzig	zho_news_2020_300K:262178	认真地平视和描画自己，不为仕途，只为事业，无论笑靥，还是泪滴！	CC-CEDICT	
1266	5892_1	描画	描畫	miáo huà		to draw	认真地平视和描画自己，不为仕途，只为事业，无论笑靥，还是泪滴！	認真地平視和描畫自己，不為仕途，只為事業，無論笑靨，還是淚滴！	leipzig	zho_news_2020_300K:262178	认真地平视和描画自己，不为仕途，只为事业，无论笑靥，还是泪滴！	CC-CEDICT	
1267	5892_1	仕途	仕途	shì tú		official career	认真地平视和描画自己，不为仕途，只为事业，无论笑靥，还是泪滴！	認真地平視和描畫自己，不為仕途，只為事業，無論笑靨，還是淚滴！	leipzig	zho_news_2020_300K:262178	认真地平视和描画自己，不为仕途，只为事业，无论笑靥，还是泪滴！	CC-CEDICT	
1268	5892_1	事业	事業	shì yè		undertaking	认真地平视和描画自己，不为仕途，只为事业，无论笑靥，还是泪滴！	認真地平視和描畫自己，不為仕途，只為事業，無論笑靨，還是淚滴！	leipzig	zho_news_2020_300K:262178	认真地平视和描画自己，不为仕途，只为事业，无论笑靥，还是泪滴！	CC-CEDICT	
1269	5893_1	穿过	穿過	chuān guò		to pass through	“我们约在春天相见，穿过这个冬天的梦魇 。	“我們約在春天相見，穿過這個冬天的夢魘 。	leipzig	zho_news_2020_300K:149654	“我们约在春天相见，穿过这个冬天的梦魇 。	CC-CEDICT	
1270	5893_1	梦魇	夢魘	mèng yǎn		nightmare	“我们约在春天相见，穿过这个冬天的梦魇 。	“我們約在春天相見，穿過這個冬天的夢魘 。	leipzig	zho_news_2020_300K:149654	“我们约在春天相见，穿过这个冬天的梦魇 。	CC-CEDICT	
1271	5900_1	懈怠	懈怠	xiè dài		slack	懈怠懒惰与脱离群众都是我们工作上的弊端与恶劣表现，都是有损党和国家及个人形象的卑鄙龌龊的表现。	懈怠懶惰與脫離群眾都是我們工作上的弊端與惡劣表現，都是有損黨和國家及個人形象的卑鄙齷齪的表現。	leipzig	zho_news_2020_300K:147016	懈怠懒惰与脱离群众都是我们工作上的弊端与恶劣表现，都是有损党和国家及个人形象的卑鄙龌龊的表现。	CC-CEDICT	
1272	5900_1	懒惰	懶惰	lǎn duò		idle	懈怠懒惰与脱离群众都是我们工作上的弊端与恶劣表现，都是有损党和国家及个人形象的卑鄙龌龊的表现。	懈怠懶惰與脫離群眾都是我們工作上的弊端與惡劣表現，都是有損黨和國家及個人形象的卑鄙齷齪的表現。	leipzig	zho_news_2020_300K:147016	懈怠懒惰与脱离群众都是我们工作上的弊端与恶劣表现，都是有损党和国家及个人形象的卑鄙龌龊的表现。	CC-CEDICT	
1273	5900_1	脱离	脫離	tuō lí		to separate oneself from	懈怠懒惰与脱离群众都是我们工作上的弊端与恶劣表现，都是有损党和国家及个人形象的卑鄙龌龊的表现。	懈怠懶惰與脫離群眾都是我們工作上的弊端與惡劣表現，都是有損黨和國家及個人形象的卑鄙齷齪的表現。	leipzig	zho_news_2020_300K:147016	懈怠懒惰与脱离群众都是我们工作上的弊端与恶劣表现，都是有损党和国家及个人形象的卑鄙龌龊的表现。	CC-CEDICT	
1274	5900_1	弊端	弊端	bì duān		systemic problem	懈怠懒惰与脱离群众都是我们工作上的弊端与恶劣表现，都是有损党和国家及个人形象的卑鄙龌龊的表现。	懈怠懶惰與脫離群眾都是我們工作上的弊端與惡劣表現，都是有損黨和國家及個人形象的卑鄙齷齪的表現。	leipzig	zho_news_2020_300K:147016	懈怠懒惰与脱离群众都是我们工作上的弊端与恶劣表现，都是有损党和国家及个人形象的卑鄙龌龊的表现。	CC-CEDICT	
1275	5900_1	卑鄙	卑鄙	bēi bǐ		base	懈怠懒惰与脱离群众都是我们工作上的弊端与恶劣表现，都是有损党和国家及个人形象的卑鄙龌龊的表现。	懈怠懶惰與脫離群眾都是我們工作上的弊端與惡劣表現，都是有損黨和國家及個人形象的卑鄙齷齪的表現。	leipzig	zho_news_2020_300K:147016	懈怠懒惰与脱离群众都是我们工作上的弊端与恶劣表现，都是有损党和国家及个人形象的卑鄙龌龊的表现。	CC-CEDICT	
1276	5900_1	龌龊	齷齪	wò chuò		dirty	懈怠懒惰与脱离群众都是我们工作上的弊端与恶劣表现，都是有损党和国家及个人形象的卑鄙龌龊的表现。	懈怠懶惰與脫離群眾都是我們工作上的弊端與惡劣表現，都是有損黨和國家及個人形象的卑鄙齷齪的表現。	leipzig	zho_news_2020_300K:147016	懈怠懒惰与脱离群众都是我们工作上的弊端与恶劣表现，都是有损党和国家及个人形象的卑鄙龌龊的表现。	CC-CEDICT	
1277	5901_1	一刻	一刻	yī kè		a quarter of an hour	系统在比赛前一刻全面崩溃，技术团队面面相觑，不知所措。	系統在比賽前一刻全面崩潰，技術團隊面面相覷，不知所措。	tatoeba	13921881	系統在比賽前一刻全面崩潰，技術團隊面面相覷，不知所措。	CC-CEDICT	
1278	5901_1	团队	團隊	tuán duì		team	系统在比赛前一刻全面崩溃，技术团队面面相觑，不知所措。	系統在比賽前一刻全面崩潰，技術團隊面面相覷，不知所措。	tatoeba	13921881	系統在比賽前一刻全面崩潰，技術團隊面面相覷，不知所措。	CC-CEDICT	
1279	5901_1	面相	面相	miàn xiàng		facial features	系统在比赛前一刻全面崩溃，技术团队面面相觑，不知所措。	系統在比賽前一刻全面崩潰，技術團隊面面相覷，不知所措。	tatoeba	13921881	系統在比賽前一刻全面崩潰，技術團隊面面相覷，不知所措。	CC-CEDICT	
1280	5901_1	不知所措	不知所措	bù zhī suǒ cuò		not knowing what to do	系统在比赛前一刻全面崩溃，技术团队面面相觑，不知所措。	系統在比賽前一刻全面崩潰，技術團隊面面相覷，不知所措。	tatoeba	13921881	系統在比賽前一刻全面崩潰，技術團隊面面相覷，不知所措。	CC-CEDICT	
1281	5908_1	共识	共識	gòng shí	gòng shì	common understanding	和周颙有共识的是唐朝食疗家孟诜，他在《食疗本草》中记述：“菘菜，治消渴，和羊肉甚美。	和周顒有共識的是唐朝食療家孟詵，他在《食療本草》中記述：“菘菜，治消渴，和羊肉甚美。	leipzig	zho_news_2020_300K:91355	和周颙有共识的是唐朝食疗家孟诜，他在《食疗本草》中记述：“菘菜，治消渴，和羊肉甚美。	CC-CEDICT	Taiwan MOE Concise Dictionary
1282	5908_1	本草	本草	běn cǎo		a book on Chinese medicine	和周颙有共识的是唐朝食疗家孟诜，他在《食疗本草》中记述：“菘菜，治消渴，和羊肉甚美。	和周顒有共識的是唐朝食療家孟詵，他在《食療本草》中記述：“菘菜，治消渴，和羊肉甚美。	leipzig	zho_news_2020_300K:91355	和周颙有共识的是唐朝食疗家孟诜，他在《食疗本草》中记述：“菘菜，治消渴，和羊肉甚美。	CC-CEDICT	
1283	5908_1	记述	記述	jì shù		to write an account	和周颙有共识的是唐朝食疗家孟诜，他在《食疗本草》中记述：“菘菜，治消渴，和羊肉甚美。	和周顒有共識的是唐朝食療家孟詵，他在《食療本草》中記述：“菘菜，治消渴，和羊肉甚美。	leipzig	zho_news_2020_300K:91355	和周颙有共识的是唐朝食疗家孟诜，他在《食疗本草》中记述：“菘菜，治消渴，和羊肉甚美。	CC-CEDICT	
1284	5917_1	石榴	石榴	shí liu	shí liú	pomegranate	别名 映山红、山石榴、山踯躅等，在我国南方分布广泛，	別名 映山紅、山石榴、山躑躅等，在我國南方分佈廣泛，	leipzig	zho_news_2020_300K:69609	别名 映山红、山石榴、山踯躅等，在我国南方分布广泛，	CC-CEDICT	Taiwan MOE Concise Dictionary
1285	5917_1	南方	南方	nán fāng		south	别名 映山红、山石榴、山踯躅等，在我国南方分布广泛，	別名 映山紅、山石榴、山躑躅等，在我國南方分佈廣泛，	leipzig	zho_news_2020_300K:69609	别名 映山红、山石榴、山踯躅等，在我国南方分布广泛，	CC-CEDICT	
1286	5917_1	分布	分佈	fēn bù		to scatter	别名 映山红、山石榴、山踯躅等，在我国南方分布广泛，	別名 映山紅、山石榴、山躑躅等，在我國南方分佈廣泛，	leipzig	zho_news_2020_300K:69609	别名 映山红、山石榴、山踯躅等，在我国南方分布广泛，	CC-CEDICT	
1287	5921_1	蝾螈	蠑螈	róng yuán		salamander	蝾螈是两栖类。	蠑螈是兩棲類。	tatoeba	13572151	蠑螈是兩棲類。	CC-CEDICT	
1288	5921_1	两栖	兩棲	liǎng qī		amphibious	蝾螈是两栖类。	蠑螈是兩棲類。	tatoeba	13572151	蠑螈是兩棲類。	CC-CEDICT	
1289	5928_1	蝼蚁	螻蟻	lóu yǐ		an insignificant person	他总是说：自身为蝼蚁，不过平常人。	他總是說：自身為螻蟻，不過平常人。	leipzig	zho_news_2020_300K:40999	他总是说：自身为蝼蚁，不过平常人。	CC-CEDICT	
1290	5928_1	不过	不過	bù guò		only	他总是说：自身为蝼蚁，不过平常人。	他總是說：自身為螻蟻，不過平常人。	leipzig	zho_news_2020_300K:40999	他总是说：自身为蝼蚁，不过平常人。	CC-CEDICT	
1291	5928_1	平常	平常	píng cháng		ordinary	他总是说：自身为蝼蚁，不过平常人。	他總是說：自身為螻蟻，不過平常人。	leipzig	zho_news_2020_300K:40999	他总是说：自身为蝼蚁，不过平常人。	CC-CEDICT	
1292	5931_1	抬高	抬高	tái gāo		to raise	他们必须把下颚抬高，以便保持呼吸。	他們必須把下顎抬高，以便保持呼吸。	leipzig	zho_news_2020_300K:38130	他们必须把下颚抬高，以便保持呼吸。	CC-CEDICT	
1293	5931_1	以便	以便	yǐ biàn		so that	他们必须把下颚抬高，以便保持呼吸。	他們必須把下顎抬高，以便保持呼吸。	leipzig	zho_news_2020_300K:38130	他们必须把下颚抬高，以便保持呼吸。	CC-CEDICT	
1294	5931_1	呼吸	呼吸	hū xī		to breathe	他们必须把下颚抬高，以便保持呼吸。	他們必須把下顎抬高，以便保持呼吸。	leipzig	zho_news_2020_300K:38130	他们必须把下颚抬高，以便保持呼吸。	CC-CEDICT	
1295	5935_1	英文	英文	yīng wén		English	英文老师叽哩咕噜说啥呢？	英文老師嘰哩咕嚕說啥呢？	tatoeba	13556406	英文老師嘰哩咕嚕說啥呢？	CC-CEDICT	
1296	5947_1	硫化	硫化	liú huà		vulcanization	硫化镉是一种材料或化学物质。	硫化鎘是一種材料或化學物質。	authored	level-2/5947_1	硫化镉是一种材料或化学物质。	CC-CEDICT	
1297	5948_1	雕塑	雕塑	diāo sù		a statue	半个世纪后，一位雕塑家把这一幕镌刻成了永恒。	半個世紀後，一位雕塑家把這一幕鎸刻成了永恆。	leipzig	zho_news_2020_300K:75291	半个世纪后，一位雕塑家把这一幕镌刻成了永恒。	CC-CEDICT	
1298	5948_1	镌刻	鎸刻	juān kè		to engrave	半个世纪后，一位雕塑家把这一幕镌刻成了永恒。	半個世紀後，一位雕塑家把這一幕鎸刻成了永恆。	leipzig	zho_news_2020_300K:75291	半个世纪后，一位雕塑家把这一幕镌刻成了永恒。	CC-CEDICT	
1299	5950_1	台下	臺下	tái xià		off the stage	厅外有月台，台下有一对镏金铜狮。	廳外有月臺，臺下有一對鎦金銅獅。	leipzig	zho_wikipedia_2018_1M:270653	厅外有月台，台下有一对镏金铜狮。	CC-CEDICT	
1300	5950_1	镏金	鎦金	liú jīn		gold-plating	厅外有月台，台下有一对镏金铜狮。	廳外有月臺，臺下有一對鎦金銅獅。	leipzig	zho_wikipedia_2018_1M:270653	厅外有月台，台下有一对镏金铜狮。	CC-CEDICT	
1301	5952_1	有利	有利	yǒu lì		advantageous	此外，砷化镓热导率较低，有利于高温下进行的加工。	此外，砷化鎵熱導率較低，有利於高溫下進行的加工。	leipzig	zho_wikipedia_2018_1M:637804	此外，砷化镓热导率较低，有利于高温下进行的加工。	CC-CEDICT	
1302	5953_1	南阳	南陽	nán yáng		Nanyang	、邓州南阳等，云内州盛产一种叫做青镔铁的铁器。	、鄧州南陽等，雲內州盛產一種叫做青鑌鐵的鐵器。	leipzig	zho_wikipedia_2018_1M:936996	、邓州南阳等，云内州盛产一种叫做青镔铁的铁器。	CC-CEDICT	
1303	5953_1	叫做	叫做	jiào zuò		to be called	、邓州南阳等，云内州盛产一种叫做青镔铁的铁器。	、鄧州南陽等，雲內州盛產一種叫做青鑌鐵的鐵器。	leipzig	zho_wikipedia_2018_1M:936996	、邓州南阳等，云内州盛产一种叫做青镔铁的铁器。	CC-CEDICT	
1304	5953_1	铁器	鐵器	tiě qì		hardware	、邓州南阳等，云内州盛产一种叫做青镔铁的铁器。	、鄧州南陽等，雲內州盛產一種叫做青鑌鐵的鐵器。	leipzig	zho_wikipedia_2018_1M:936996	、邓州南阳等，云内州盛产一种叫做青镔铁的铁器。	CC-CEDICT	
1305	5956_1	松懈	鬆懈	sōng xiè		to relax	否则，稍一松懈，就可能前功尽弃、功亏一篑。	否則，稍一鬆懈，就可能前功盡棄、功虧一簣。	leipzig	zho_news_2020_300K:89936	否则，稍一松懈，就可能前功尽弃、功亏一篑。	CC-CEDICT	
1306	5968_1	骨鲠	骨鯁	gǔ gěng		fish bone	“千古骨鲠之士”，“其才其学，皆足以辅之”。	“千古骨鯁之士”，“其才其學，皆足以輔之”。	leipzig	zho_wikipedia_2018_1M:259766	“千古骨鲠之士”，“其才其学，皆足以辅之”。	CC-CEDICT	
1307	5970_1	晾干	晾乾	liàng gān		to dry by airing	，晾干去鳞，用木棒槌捶打得像棉布一样柔软，再用鲢鱼皮线缝制而成。	，晾乾去鱗，用木棒槌捶打得像棉布一樣柔軟，再用鰱魚皮線縫製而成。	leipzig	zho_wikipedia_2018_1M:581435	，晾干去鳞，用木棒槌捶打得像棉布一样柔软，再用鲢鱼皮线缝制而成。	CC-CEDICT	
1308	5970_1	棒槌	棒槌	bàng chuí		wooden club	，晾干去鳞，用木棒槌捶打得像棉布一样柔软，再用鲢鱼皮线缝制而成。	，晾乾去鱗，用木棒槌捶打得像棉布一樣柔軟，再用鰱魚皮線縫製而成。	leipzig	zho_wikipedia_2018_1M:581435	，晾干去鳞，用木棒槌捶打得像棉布一样柔软，再用鲢鱼皮线缝制而成。	CC-CEDICT	
1309	5970_1	捶打	捶打	chuí dǎ		to beat	，晾干去鳞，用木棒槌捶打得像棉布一样柔软，再用鲢鱼皮线缝制而成。	，晾乾去鱗，用木棒槌捶打得像棉布一樣柔軟，再用鰱魚皮線縫製而成。	leipzig	zho_wikipedia_2018_1M:581435	，晾干去鳞，用木棒槌捶打得像棉布一样柔软，再用鲢鱼皮线缝制而成。	CC-CEDICT	
1310	5970_1	棉布	棉布	mián bù		cotton cloth	，晾干去鳞，用木棒槌捶打得像棉布一样柔软，再用鲢鱼皮线缝制而成。	，晾乾去鱗，用木棒槌捶打得像棉布一樣柔軟，再用鰱魚皮線縫製而成。	leipzig	zho_wikipedia_2018_1M:581435	，晾干去鳞，用木棒槌捶打得像棉布一样柔软，再用鲢鱼皮线缝制而成。	CC-CEDICT	
1311	5970_1	鲢鱼	鰱魚	lián yú		silver carp	，晾干去鳞，用木棒槌捶打得像棉布一样柔软，再用鲢鱼皮线缝制而成。	，晾乾去鱗，用木棒槌捶打得像棉布一樣柔軟，再用鰱魚皮線縫製而成。	leipzig	zho_wikipedia_2018_1M:581435	，晾干去鳞，用木棒槌捶打得像棉布一样柔软，再用鲢鱼皮线缝制而成。	CC-CEDICT	
1312	5970_1	缝制	縫製	féng zhì		to sew	，晾干去鳞，用木棒槌捶打得像棉布一样柔软，再用鲢鱼皮线缝制而成。	，晾乾去鱗，用木棒槌捶打得像棉布一樣柔軟，再用鰱魚皮線縫製而成。	leipzig	zho_wikipedia_2018_1M:581435	，晾干去鳞，用木棒槌捶打得像棉布一样柔软，再用鲢鱼皮线缝制而成。	CC-CEDICT	
1313	5972_1	河豚	河豚	hé tún		blowfish	“长江三鲜”河豚、鲥鱼和刀鱼自从被端上饭桌后，就离灭绝更近一步了。	“長江三鮮”河豚、鰣魚和刀魚自從被端上飯桌後，就離滅絕更近一步了。	leipzig	zho_news_2020_300K:287164	“长江三鲜”河豚、鲥鱼和刀鱼自从被端上饭桌后，就离灭绝更近一步了。	CC-CEDICT	
1314	5972_1	自从	自從	zì cóng		since	“长江三鲜”河豚、鲥鱼和刀鱼自从被端上饭桌后，就离灭绝更近一步了。	“長江三鮮”河豚、鰣魚和刀魚自從被端上飯桌後，就離滅絕更近一步了。	leipzig	zho_news_2020_300K:287164	“长江三鲜”河豚、鲥鱼和刀鱼自从被端上饭桌后，就离灭绝更近一步了。	CC-CEDICT	
1315	5972_1	饭桌	飯桌	fàn zhuō		dining table	“长江三鲜”河豚、鲥鱼和刀鱼自从被端上饭桌后，就离灭绝更近一步了。	“長江三鮮”河豚、鰣魚和刀魚自從被端上飯桌後，就離滅絕更近一步了。	leipzig	zho_news_2020_300K:287164	“长江三鲜”河豚、鲥鱼和刀鱼自从被端上饭桌后，就离灭绝更近一步了。	CC-CEDICT	
1316	5977_1	礼制	禮制	lǐ zhì		etiquette	古代礼制记载中出现了觯。	古代禮制記載中出現了觶。	preexisting			CC-CEDICT	
1317	5979_1	美馔	美饌	měi zhuàn		delicacy	美馔是一种食物。	美饌是一種食物。	authored	level-2/5979_1	美馔是一种食物。	CC-CEDICT	
1318	5986_1	雷电	雷電	léi diàn		thunder and lightning	，神王吞入腹中，吐生了新的戴歐尼修斯，并用雷电将泰坦神炸成齑粉，从中糅造出人类。	，神王吞入腹中，吐生了新的戴歐尼修斯，並用雷電將泰坦神炸成齏粉，從中糅造出人類。	leipzig	zho_wikipedia_2018_1M:758714	，神王吞入腹中，吐生了新的戴歐尼修斯，并用雷电将泰坦神炸成齑粉，从中糅造出人类。	CC-CEDICT	
1319	5986_1	泰坦	泰坦	tài tǎn		Titan	，神王吞入腹中，吐生了新的戴歐尼修斯，并用雷电将泰坦神炸成齑粉，从中糅造出人类。	，神王吞入腹中，吐生了新的戴歐尼修斯，並用雷電將泰坦神炸成齏粉，從中糅造出人類。	leipzig	zho_wikipedia_2018_1M:758714	，神王吞入腹中，吐生了新的戴歐尼修斯，并用雷电将泰坦神炸成齑粉，从中糅造出人类。	CC-CEDICT	
1320	5986_1	齑粉	齏粉	jī fěn		fine powder	，神王吞入腹中，吐生了新的戴歐尼修斯，并用雷电将泰坦神炸成齑粉，从中糅造出人类。	，神王吞入腹中，吐生了新的戴歐尼修斯，並用雷電將泰坦神炸成齏粉，從中糅造出人類。	leipzig	zho_wikipedia_2018_1M:758714	，神王吞入腹中，吐生了新的戴歐尼修斯，并用雷电将泰坦神炸成齑粉，从中糅造出人类。	CC-CEDICT	
1321	5986_1	从中	從中	cóng zhōng		from among them	，神王吞入腹中，吐生了新的戴歐尼修斯，并用雷电将泰坦神炸成齑粉，从中糅造出人类。	，神王吞入腹中，吐生了新的戴歐尼修斯，並用雷電將泰坦神炸成齏粉，從中糅造出人類。	leipzig	zho_wikipedia_2018_1M:758714	，神王吞入腹中，吐生了新的戴歐尼修斯，并用雷电将泰坦神炸成齑粉，从中糅造出人类。	CC-CEDICT	
1322	6010_1	法官	法官	fǎ guān		judge	法官判决定谳。	法官判決定讞。	tatoeba	759655	法官判決定讞。	CC-CEDICT	
1323	6010_1	判决	判決	pàn jué		judgment	法官判决定谳。	法官判決定讞。	tatoeba	759655	法官判決定讞。	CC-CEDICT	
1324	6010_1	定谳	定讞	dìng yàn		to judge a case	法官判决定谳。	法官判決定讞。	tatoeba	759655	法官判決定讞。	CC-CEDICT	
1325	6021_1	必需	必需	bì xū		to need	缬氨酸是一种必需氨基酸，因此它必须被摄入，通常是以一种蛋白质组分的形式。	纈氨酸是一種必需氨基酸，因此它必須被攝入，通常是以一種蛋白質組分的形式。	leipzig	zho_wikipedia_2018_1M:790675	缬氨酸是一种必需氨基酸，因此它必须被摄入，通常是以一种蛋白质组分的形式。	CC-CEDICT	
1326	6021_1	氨基酸	氨基酸	ān jī suān		amino acid	缬氨酸是一种必需氨基酸，因此它必须被摄入，通常是以一种蛋白质组分的形式。	纈氨酸是一種必需氨基酸，因此它必須被攝入，通常是以一種蛋白質組分的形式。	leipzig	zho_wikipedia_2018_1M:790675	缬氨酸是一种必需氨基酸，因此它必须被摄入，通常是以一种蛋白质组分的形式。	CC-CEDICT	
1327	6021_1	是以	是以	shì yǐ		therefore	缬氨酸是一种必需氨基酸，因此它必须被摄入，通常是以一种蛋白质组分的形式。	纈氨酸是一種必需氨基酸，因此它必須被攝入，通常是以一種蛋白質組分的形式。	leipzig	zho_wikipedia_2018_1M:790675	缬氨酸是一种必需氨基酸，因此它必须被摄入，通常是以一种蛋白质组分的形式。	CC-CEDICT	
1328	6022_1	中标	中標	zhòng biāo		to win a tender	比如，鸟某中标循化县某文物修缮项目，真的合规吗？	比如，鳥某中標循化縣某文物修繕專案，真的合規嗎？	leipzig	zho_news_2020_300K:196024	比如，鸟某中标循化县某文物修缮项目，真的合规吗？	CC-CEDICT	
1329	6022_1	文物	文物	wén wù		cultural relic	比如，鸟某中标循化县某文物修缮项目，真的合规吗？	比如，鳥某中標循化縣某文物修繕專案，真的合規嗎？	leipzig	zho_news_2020_300K:196024	比如，鸟某中标循化县某文物修缮项目，真的合规吗？	CC-CEDICT	
1330	6022_1	修缮	修繕	xiū shàn		to renovate	比如，鸟某中标循化县某文物修缮项目，真的合规吗？	比如，鳥某中標循化縣某文物修繕專案，真的合規嗎？	leipzig	zho_news_2020_300K:196024	比如，鸟某中标循化县某文物修缮项目，真的合规吗？	CC-CEDICT	
1331	6042_1	着陆	著陸	zhuó lù		landing	莫耶着陆后精神抖擞地走出机舱向人群挥手致意。	莫耶著陸後精神抖擻地走出機艙向人群揮手致意。	leipzig	zho_news_2020_300K:249060	莫耶着陆后精神抖擞地走出机舱向人群挥手致意。	CC-CEDICT	
1332	6042_1	挥手	揮手	huī shǒu		to wave	莫耶着陆后精神抖擞地走出机舱向人群挥手致意。	莫耶著陸後精神抖擻地走出機艙向人群揮手致意。	leipzig	zho_news_2020_300K:249060	莫耶着陆后精神抖擞地走出机舱向人群挥手致意。	CC-CEDICT	
1333	6042_1	致意	致意	zhì yì		to send one's greetings	莫耶着陆后精神抖擞地走出机舱向人群挥手致意。	莫耶著陸後精神抖擻地走出機艙向人群揮手致意。	leipzig	zho_news_2020_300K:249060	莫耶着陆后精神抖擞地走出机舱向人群挥手致意。	CC-CEDICT	
1334	6045_1	演化	演化	yǎn huà		to evolve	，在演化過程中失去兩個颞颥孔，但這理論還沒被普遍的接受。	，在演化過程中失去兩個顳顬孔，但這理論還沒被普遍的接受。	leipzig	zho_wikipedia_2018_1M:376162	，在演化過程中失去兩個颞颥孔，但這理論還沒被普遍的接受。	CC-CEDICT	
1335	6045_1	普遍	普遍	pǔ biàn		universal	，在演化過程中失去兩個颞颥孔，但這理論還沒被普遍的接受。	，在演化過程中失去兩個顳顬孔，但這理論還沒被普遍的接受。	leipzig	zho_wikipedia_2018_1M:376162	，在演化過程中失去兩個颞颥孔，但這理論還沒被普遍的接受。	CC-CEDICT	
1336	6074_1	各地	各地	gè dì		in all parts of	世界各地的自行车销量都在飙升。	世界各地的腳踏車銷量都在飆升。	leipzig	zho_news_2020_300K:18906	世界各地的自行车销量都在飙升。	CC-CEDICT	
1337	6074_1	自行	腳踏	zì xíng		voluntary	世界各地的自行车销量都在飙升。	世界各地的腳踏車銷量都在飆升。	leipzig	zho_news_2020_300K:18906	世界各地的自行车销量都在飙升。	CC-CEDICT	
1338	6074_1	销量	銷量	xiāo liàng		sales volume	世界各地的自行车销量都在飙升。	世界各地的腳踏車銷量都在飆升。	leipzig	zho_news_2020_300K:18906	世界各地的自行车销量都在飙升。	CC-CEDICT	
1339	6097_1	刺激	刺激	cì jī		to provoke	但螨虫进入耳道后，并不安分，它会不停的爬动，刺激我们的耳膜，让我们的耳朵突发奇痒。	但蟎蟲進入耳道後，並不安分，它會不停的爬動，刺激我們的耳膜，讓我們的耳朵突發奇癢。	leipzig	zho_news_2020_300K:51865	但螨虫进入耳道后，并不安分，它会不停的爬动，刺激我们的耳膜，让我们的耳朵突发奇痒。	CC-CEDICT	
1340	6097_1	耳膜	耳膜	ěr mó		eardrum	但螨虫进入耳道后，并不安分，它会不停的爬动，刺激我们的耳膜，让我们的耳朵突发奇痒。	但蟎蟲進入耳道後，並不安分，它會不停的爬動，刺激我們的耳膜，讓我們的耳朵突發奇癢。	leipzig	zho_news_2020_300K:51865	但螨虫进入耳道后，并不安分，它会不停的爬动，刺激我们的耳膜，让我们的耳朵突发奇痒。	CC-CEDICT	
1341	6097_1	突发	突發	tū fā	tú fā	to occur suddenly	但螨虫进入耳道后，并不安分，它会不停的爬动，刺激我们的耳膜，让我们的耳朵突发奇痒。	但蟎蟲進入耳道後，並不安分，它會不停的爬動，刺激我們的耳膜，讓我們的耳朵突發奇癢。	leipzig	zho_news_2020_300K:51865	但螨虫进入耳道后，并不安分，它会不停的爬动，刺激我们的耳膜，让我们的耳朵突发奇痒。	CC-CEDICT	Taiwan MOE Concise Dictionary
1342	6112_1	保镖	保鏢	bǎo biāo		bodyguard	保镖要求看她的身份证。	保鏢要求看她的身份證。	tatoeba	6559052	保镖要求看她的身份证。	CC-CEDICT	
1343	6112_1	身份	身份	shēn fèn		identity	保镖要求看她的身份证。	保鏢要求看她的身份證。	tatoeba	6559052	保镖要求看她的身份证。	CC-CEDICT	
1344	6118_1	箭镞	箭鏃	jiàn zú		arrowhead	骨蚌多用于箭镞制作，以及用于增强木殳、木棒杀伤力的辅助物。	骨蚌多用於箭鏃製作，以及用於增強木殳、木棒殺傷力的輔助物。	leipzig	zho_wikipedia_2018_1M:991361	骨蚌多用于箭镞制作，以及用于增强木殳、木棒杀伤力的辅助物。	CC-CEDICT	
1345	6118_1	增强	增強	zēng qiáng		to increase	骨蚌多用于箭镞制作，以及用于增强木殳、木棒杀伤力的辅助物。	骨蚌多用於箭鏃製作，以及用於增強木殳、木棒殺傷力的輔助物。	leipzig	zho_wikipedia_2018_1M:991361	骨蚌多用于箭镞制作，以及用于增强木殳、木棒杀伤力的辅助物。	CC-CEDICT	
1346	6119_1	饰物	飾物	shì wù		decorations	工匠用镠制作饰物。	工匠用鏐製作飾物。	preexisting			CC-CEDICT	
1347	6120_1	男女	男女	nán nǚ		male-female	，男女都穿氆氇袍，腰间都系红氆氇腰带，很像藏装，但衣着比藏装短小。	，男女都穿氆氌袍，腰間都系紅氆氌腰帶，很像藏裝，但衣著比藏裝短小。	leipzig	zho_wikipedia_2018_1M:728411	，男女都穿氆氇袍，腰间都系红氆氇腰带，很像藏装，但衣着比藏装短小。	CC-CEDICT	
1348	6120_1	腰带	腰帶	yāo dài		belt	，男女都穿氆氇袍，腰间都系红氆氇腰带，很像藏装，但衣着比藏装短小。	，男女都穿氆氌袍，腰間都系紅氆氌腰帶，很像藏裝，但衣著比藏裝短小。	leipzig	zho_wikipedia_2018_1M:728411	，男女都穿氆氇袍，腰间都系红氆氇腰带，很像藏装，但衣着比藏装短小。	CC-CEDICT	
1349	6120_1	衣着	衣著	yī zhuó		clothes	，男女都穿氆氇袍，腰间都系红氆氇腰带，很像藏装，但衣着比藏装短小。	，男女都穿氆氌袍，腰間都系紅氆氌腰帶，很像藏裝，但衣著比藏裝短小。	leipzig	zho_wikipedia_2018_1M:728411	，男女都穿氆氇袍，腰间都系红氆氇腰带，很像藏装，但衣着比藏装短小。	CC-CEDICT	
1350	6123_1	财主	財主	cái zhǔ		rich man	一个财主的儿子不知道稼穑之艰难，常到一个饭馆里吃饺子，但把饺子皮全吐掉，只吃肉馅。	一個財主的兒子不知道稼穡之艱難，常到一個飯館裡吃餃子，但把餃子皮全吐掉，只吃肉餡。	leipzig	zho_news_2020_300K:8313	一个财主的儿子不知道稼穑之艰难，常到一个饭馆里吃饺子，但把饺子皮全吐掉，只吃肉馅。	CC-CEDICT	
1351	6123_1	稼穑	稼穡	jià sè		sowing and reaping	一个财主的儿子不知道稼穑之艰难，常到一个饭馆里吃饺子，但把饺子皮全吐掉，只吃肉馅。	一個財主的兒子不知道稼穡之艱難，常到一個飯館裡吃餃子，但把餃子皮全吐掉，只吃肉餡。	leipzig	zho_news_2020_300K:8313	一个财主的儿子不知道稼穑之艰难，常到一个饭馆里吃饺子，但把饺子皮全吐掉，只吃肉馅。	CC-CEDICT	
1352	6123_1	饭馆	飯館	fàn guǎn		restaurant	一个财主的儿子不知道稼穑之艰难，常到一个饭馆里吃饺子，但把饺子皮全吐掉，只吃肉馅。	一個財主的兒子不知道稼穡之艱難，常到一個飯館裡吃餃子，但把餃子皮全吐掉，只吃肉餡。	leipzig	zho_news_2020_300K:8313	一个财主的儿子不知道稼穑之艰难，常到一个饭馆里吃饺子，但把饺子皮全吐掉，只吃肉馅。	CC-CEDICT	
1353	6123_1	肉馅	肉餡	ròu xiàn		ground meat	一个财主的儿子不知道稼穑之艰难，常到一个饭馆里吃饺子，但把饺子皮全吐掉，只吃肉馅。	一個財主的兒子不知道稼穡之艱難，常到一個飯館裡吃餃子，但把餃子皮全吐掉，只吃肉餡。	leipzig	zho_news_2020_300K:8313	一个财主的儿子不知道稼穑之艰难，常到一个饭馆里吃饺子，但把饺子皮全吐掉，只吃肉馅。	CC-CEDICT	
1354	6132_1	鬼蜮	鬼蜮	guǐ yù		treacherous person	第一辑定名“鬼蜮魍魉”，集中表现日寇残忍暴行。	第一輯定名“鬼蜮魍魎”，集中表現日寇殘忍暴行。	leipzig	zho_news_2020_300K:228466	第一辑定名“鬼蜮魍魉”，集中表现日寇残忍暴行。	CC-CEDICT	
1355	6132_1	魍魉	魍魎	wǎng liǎng		sprites and goblins	第一辑定名“鬼蜮魍魉”，集中表现日寇残忍暴行。	第一輯定名“鬼蜮魍魎”，集中表現日寇殘忍暴行。	leipzig	zho_news_2020_300K:228466	第一辑定名“鬼蜮魍魉”，集中表现日寇残忍暴行。	CC-CEDICT	
1356	6132_1	日寇	日寇	rì kòu		Japanese invaders	第一辑定名“鬼蜮魍魉”，集中表现日寇残忍暴行。	第一輯定名“鬼蜮魍魎”，集中表現日寇殘忍暴行。	leipzig	zho_news_2020_300K:228466	第一辑定名“鬼蜮魍魉”，集中表现日寇残忍暴行。	CC-CEDICT	
1357	6132_1	残忍	殘忍	cán rěn		cruel	第一辑定名“鬼蜮魍魉”，集中表现日寇残忍暴行。	第一輯定名“鬼蜮魍魎”，集中表現日寇殘忍暴行。	leipzig	zho_news_2020_300K:228466	第一辑定名“鬼蜮魍魉”，集中表现日寇残忍暴行。	CC-CEDICT	
1358	6132_1	暴行	暴行	bào xíng		savage act	第一辑定名“鬼蜮魍魉”，集中表现日寇残忍暴行。	第一輯定名“鬼蜮魍魎”，集中表現日寇殘忍暴行。	leipzig	zho_news_2020_300K:228466	第一辑定名“鬼蜮魍魉”，集中表现日寇残忍暴行。	CC-CEDICT	
1359	6139_1	鲮鲤	鯪鯉	líng lǐ		pangolin	祐曰：‘此是三吴所出，厥名鲮鲤，馀域率无。’	祐曰：‘此是三吳所出，厥名鯪鯉，餘域率無。’	leipzig	zho_wikipedia_2018_1M:758080	祐曰：‘此是三吴所出，厥名鲮鲤，馀域率无。’	CC-CEDICT	
1360	6140_1	早饭	早飯	zǎo fàn		breakfast	今天早饭我吃了些腌鲱鱼。	今天早飯我吃了些醃鯡魚。	tatoeba	5899458	今天早饭我吃了些腌鲱鱼。	CC-CEDICT	
1361	6141_1	硬件	硬體	yìng jiàn		hardware	通过软硬件产业结合，共筑鲲鹏生态体系，预计可带动产业链产值约800亿元。	透過軟硬體產業結合，共築鯤鵬生態體系，預計可帶動產業鏈產值約800億元。	leipzig	zho_news_2020_300K:281369	通过软硬件产业结合，共筑鲲鹏生态体系，预计可带动产业链产值约800亿元。	CC-CEDICT	
1362	6141_1	产业	產業	chǎn yè		industry	通过软硬件产业结合，共筑鲲鹏生态体系，预计可带动产业链产值约800亿元。	透過軟硬體產業結合，共築鯤鵬生態體系，預計可帶動產業鏈產值約800億元。	leipzig	zho_news_2020_300K:281369	通过软硬件产业结合，共筑鲲鹏生态体系，预计可带动产业链产值约800亿元。	CC-CEDICT	
1363	6141_1	鲲鹏	鯤鵬	kūn péng		kun and peng	通过软硬件产业结合，共筑鲲鹏生态体系，预计可带动产业链产值约800亿元。	透過軟硬體產業結合，共築鯤鵬生態體系，預計可帶動產業鏈產值約800億元。	leipzig	zho_news_2020_300K:281369	通过软硬件产业结合，共筑鲲鹏生态体系，预计可带动产业链产值约800亿元。	CC-CEDICT	
1364	6141_1	带动	帶動	dài dòng		to spur	通过软硬件产业结合，共筑鲲鹏生态体系，预计可带动产业链产值约800亿元。	透過軟硬體產業結合，共築鯤鵬生態體系，預計可帶動產業鏈產值約800億元。	leipzig	zho_news_2020_300K:281369	通过软硬件产业结合，共筑鲲鹏生态体系，预计可带动产业链产值约800亿元。	CC-CEDICT	
1365	6141_1	产值	產值	chǎn zhí		value of output	通过软硬件产业结合，共筑鲲鹏生态体系，预计可带动产业链产值约800亿元。	透過軟硬體產業結合，共築鯤鵬生態體系，預計可帶動產業鏈產值約800億元。	leipzig	zho_news_2020_300K:281369	通过软硬件产业结合，共筑鲲鹏生态体系，预计可带动产业链产值约800亿元。	CC-CEDICT	
1366	6142_1	渔场	漁場	yú chǎng		fishing ground	著名的东矶渔场盛产大黄鱼、小黄鱼、带鱼、鲳鱼、鱼时鱼、	著名的東磯漁場盛產大黃魚、小黃魚、帶魚、鯧魚、魚時魚、	leipzig	zho_wikipedia_2018_1M:844169	著名的东矶渔场盛产大黄鱼、小黄鱼、带鱼、鲳鱼、鱼时鱼、	CC-CEDICT	
1367	6142_1	带鱼	帶魚	dài yú		ribbonfish	著名的东矶渔场盛产大黄鱼、小黄鱼、带鱼、鲳鱼、鱼时鱼、	著名的東磯漁場盛產大黃魚、小黃魚、帶魚、鯧魚、魚時魚、	leipzig	zho_wikipedia_2018_1M:844169	著名的东矶渔场盛产大黄鱼、小黄鱼、带鱼、鲳鱼、鱼时鱼、	CC-CEDICT	
1368	6142_1	鲳鱼	鯧魚	chāng yú		silvery pomfret	著名的东矶渔场盛产大黄鱼、小黄鱼、带鱼、鲳鱼、鱼时鱼、	著名的東磯漁場盛產大黃魚、小黃魚、帶魚、鯧魚、魚時魚、	leipzig	zho_wikipedia_2018_1M:844169	著名的东矶渔场盛产大黄鱼、小黄鱼、带鱼、鲳鱼、鱼时鱼、	CC-CEDICT	
1369	6148_1	反对	反對	fǎn duì		to oppose	后因家人反对其饲养水獭，谢某将其中1只水獭出售给重庆买家岳某(在逃)。	後因家人反對其飼養水獺，謝某將其中1只水獺出售給重慶買家嶽某(在逃)。	leipzig	zho_news_2020_300K:89132	后因家人反对其饲养水獭，谢某将其中1只水獭出售给重庆买家岳某(在逃)。	CC-CEDICT	
1370	6148_1	水獭	水獺	shuǐ tǎ	shuǐ tà	otter	后因家人反对其饲养水獭，谢某将其中1只水獭出售给重庆买家岳某(在逃)。	後因家人反對其飼養水獺，謝某將其中1只水獺出售給重慶買家嶽某(在逃)。	leipzig	zho_news_2020_300K:89132	后因家人反对其饲养水獭，谢某将其中1只水獭出售给重庆买家岳某(在逃)。	CC-CEDICT	Taiwan MOE Concise Dictionary
1371	6148_1	在逃	在逃	zài táo		to be at large	后因家人反对其饲养水獭，谢某将其中1只水獭出售给重庆买家岳某(在逃)。	後因家人反對其飼養水獺，謝某將其中1只水獺出售給重慶買家嶽某(在逃)。	leipzig	zho_news_2020_300K:89132	后因家人反对其饲养水獭，谢某将其中1只水獭出售给重庆买家岳某(在逃)。	CC-CEDICT	
1372	6161_1	秋天	秋天	qiū tiān		autumn	秋天的森林五彩斑斓，景色十分迷人。	秋天的森林五彩斑斕，景色十分迷人。	tatoeba	14028311	秋天的森林五彩斑斓，景色十分迷人。	CC-CEDICT	
1373	6161_1	迷人	迷人	mí rén		fascinating	秋天的森林五彩斑斓，景色十分迷人。	秋天的森林五彩斑斕，景色十分迷人。	tatoeba	14028311	秋天的森林五彩斑斓，景色十分迷人。	CC-CEDICT	
1374	6191_1	稽颡	稽顙	qǐ sǎng		to kowtow	或以事被让，必稽颡请罪，畏惕，视若无所容”。	或以事被讓，必稽顙請罪，畏惕，視若無所容”。	leipzig	zho_wikipedia_2018_1M:520345	或以事被让，必稽颡请罪，畏惕，视若无所容”。	CC-CEDICT	
1375	6191_1	请罪	請罪	qǐng zuì		to apologize humbly	或以事被让，必稽颡请罪，畏惕，视若无所容”。	或以事被讓，必稽顙請罪，畏惕，視若無所容”。	leipzig	zho_wikipedia_2018_1M:520345	或以事被让，必稽颡请罪，畏惕，视若无所容”。	CC-CEDICT	
1376	6210_1	苔藓	苔蘚	tái xiǎn		moss	让苔藓盖上我的坟墓吧。	讓苔蘚蓋上我的墳墓吧。	tatoeba	4439896	让苔藓盖上我的坟墓吧。	CC-CEDICT	
1377	6220_1	填充	填充	tián chōng		to fill up	他首次使用牙齿填充物来治疗龋齿。	他首次使用牙齒填充物來治療齲齒。	leipzig	zho_wikipedia_2018_1M:144564	他首次使用牙齿填充物来治疗龋齿。	CC-CEDICT	
1378	6220_1	龋齿	齲齒	qǔ chǐ		tooth decay	他首次使用牙齿填充物来治疗龋齿。	他首次使用牙齒填充物來治療齲齒。	leipzig	zho_wikipedia_2018_1M:144564	他首次使用牙齿填充物来治疗龋齿。	CC-CEDICT	
1379	6227_1	蹑足	躡足	niè zú		to walk on tiptoe	当良、平蹑足时，而汉王杀信之心已断断乎不可解，虽无赦官徒、袭吕后之谋，信其不死乎？”	當良、平躡足時，而漢王殺信之心已斷斷乎不可解，雖無赦官徒、襲呂后之謀，信其不死乎？”	leipzig	zho_wikipedia_2018_1M:495257	当良、平蹑足时，而汉王杀信之心已断断乎不可解，虽无赦官徒、袭吕后之谋，信其不死乎？”	CC-CEDICT	
1380	6227_1	断乎	斷乎	duàn hū		certainly	当良、平蹑足时，而汉王杀信之心已断断乎不可解，虽无赦官徒、袭吕后之谋，信其不死乎？”	當良、平躡足時，而漢王殺信之心已斷斷乎不可解，雖無赦官徒、襲呂后之謀，信其不死乎？”	leipzig	zho_wikipedia_2018_1M:495257	当良、平蹑足时，而汉王杀信之心已断断乎不可解，虽无赦官徒、袭吕后之谋，信其不死乎？”	CC-CEDICT	
1381	6227_1	不可解	不可解	bù kě jiě		insoluble	当良、平蹑足时，而汉王杀信之心已断断乎不可解，虽无赦官徒、袭吕后之谋，信其不死乎？”	當良、平躡足時，而漢王殺信之心已斷斷乎不可解，雖無赦官徒、襲呂后之謀，信其不死乎？”	leipzig	zho_wikipedia_2018_1M:495257	当良、平蹑足时，而汉王杀信之心已断断乎不可解，虽无赦官徒、袭吕后之谋，信其不死乎？”	CC-CEDICT	
1382	6228_1	步履	步履	bù lǚ		gait	步履蹒跚新韵童，跋涉中，道不同。	步履蹣跚新韻童，跋涉中，道不同。	leipzig	zho_news_2020_300K:193917	步履蹒跚新韵童，跋涉中，道不同。	CC-CEDICT	
1383	6228_1	蹒跚	蹣跚	pán shān	mán shān	to walk unsteadily	步履蹒跚新韵童，跋涉中，道不同。	步履蹣跚新韻童，跋涉中，道不同。	leipzig	zho_news_2020_300K:193917	步履蹒跚新韵童，跋涉中，道不同。	CC-CEDICT	Taiwan MOE Concise Dictionary
1384	6228_1	跋涉	跋涉	bá shè		to trudge	步履蹒跚新韵童，跋涉中，道不同。	步履蹣跚新韻童，跋涉中，道不同。	leipzig	zho_news_2020_300K:193917	步履蹒跚新韵童，跋涉中，道不同。	CC-CEDICT	
1385	6237_1	羁押	羈押	jī yā		to detain	在被羁押之前，周广华就患病在身。	在被羈押之前，周廣華就患病在身。	leipzig	zho_news_2020_300K:106055	在被羁押之前，周广华就患病在身。	CC-CEDICT	
1386	6237_1	患病	患病	huàn bìng		to fall ill	在被羁押之前，周广华就患病在身。	在被羈押之前，周廣華就患病在身。	leipzig	zho_news_2020_300K:106055	在被羁押之前，周广华就患病在身。	CC-CEDICT	
1387	6247_1	摩尼	摩尼	mó ní		Mani	摩尼教领袖带着镣铐参加了辩论。	摩尼教領袖帶著鐐銬參加了辯論。	leipzig	zho_wikipedia_2018_1M:543247	摩尼教领袖带着镣铐参加了辩论。	CC-CEDICT	
1388	6252_1	三角形	三角形	sān jiǎo xíng		triangle	陶马一侧有三角形马镫，虽然仅供上马时使用，仍是世界上有关马镫的最早实物证据。	陶馬一側有三角形馬鐙，雖然僅供上馬時使用，仍是世界上有關馬鐙的最早實物證據。	leipzig	zho_wikipedia_2018_1M:964047	陶马一侧有三角形马镫，虽然仅供上马时使用，仍是世界上有关马镫的最早实物证据。	CC-CEDICT	
1389	6252_1	上马	上馬	shàng mǎ		to get on a horse	陶马一侧有三角形马镫，虽然仅供上马时使用，仍是世界上有关马镫的最早实物证据。	陶馬一側有三角形馬鐙，雖然僅供上馬時使用，仍是世界上有關馬鐙的最早實物證據。	leipzig	zho_wikipedia_2018_1M:964047	陶马一侧有三角形马镫，虽然仅供上马时使用，仍是世界上有关马镫的最早实物证据。	CC-CEDICT	
1390	6252_1	实物	實物	shí wù		material object	陶马一侧有三角形马镫，虽然仅供上马时使用，仍是世界上有关马镫的最早实物证据。	陶馬一側有三角形馬鐙，雖然僅供上馬時使用，仍是世界上有關馬鐙的最早實物證據。	leipzig	zho_wikipedia_2018_1M:964047	陶马一侧有三角形马镫，虽然仅供上马时使用，仍是世界上有关马镫的最早实物证据。	CC-CEDICT	
1391	6252_1	证据	證據	zhèng jù		evidence	陶马一侧有三角形马镫，虽然仅供上马时使用，仍是世界上有关马镫的最早实物证据。	陶馬一側有三角形馬鐙，雖然僅供上馬時使用，仍是世界上有關馬鐙的最早實物證據。	leipzig	zho_wikipedia_2018_1M:964047	陶马一侧有三角形马镫，虽然仅供上马时使用，仍是世界上有关马镫的最早实物证据。	CC-CEDICT	
1392	6263_1	猫头鹰	貓頭鷹	māo tóu yīng		owl	枯枝为啄木鸟、尖嘴猫头鹰和卡罗莱纳鹪鹩等洞穴筑巢鸟类提供家园。	枯枝為啄木鳥、尖嘴貓頭鷹和卡羅萊納鷦鷯等洞穴築巢鳥類提供家園。	leipzig	zho_news_2020_300K:185929	枯枝为啄木鸟、尖嘴猫头鹰和卡罗莱纳鹪鹩等洞穴筑巢鸟类提供家园。	CC-CEDICT	
1393	6263_1	洞穴	洞穴	dòng xué	dòng xuè	cave	枯枝为啄木鸟、尖嘴猫头鹰和卡罗莱纳鹪鹩等洞穴筑巢鸟类提供家园。	枯枝為啄木鳥、尖嘴貓頭鷹和卡羅萊納鷦鷯等洞穴築巢鳥類提供家園。	leipzig	zho_news_2020_300K:185929	枯枝为啄木鸟、尖嘴猫头鹰和卡罗莱纳鹪鹩等洞穴筑巢鸟类提供家园。	CC-CEDICT	Taiwan MOE Concise Dictionary
1394	6263_1	家园	家園	jiā yuán		home	枯枝为啄木鸟、尖嘴猫头鹰和卡罗莱纳鹪鹩等洞穴筑巢鸟类提供家园。	枯枝為啄木鳥、尖嘴貓頭鷹和卡羅萊納鷦鷯等洞穴築巢鳥類提供家園。	leipzig	zho_news_2020_300K:185929	枯枝为啄木鸟、尖嘴猫头鹰和卡罗莱纳鹪鹩等洞穴筑巢鸟类提供家园。	CC-CEDICT	
1395	6279_1	中空	中空	zhōng kōng		hollow	、中空的背神经管、咽鳃裂以及肛后尾。	、中空的背神經管、咽鰓裂以及肛後尾。	leipzig	zho_wikipedia_2018_1M:88009	、中空的背神经管、咽鳃裂以及肛后尾。	CC-CEDICT	
1396	6279_1	神经	神經	shén jīng		nerve	、中空的背神经管、咽鳃裂以及肛后尾。	、中空的背神經管、咽鰓裂以及肛後尾。	leipzig	zho_wikipedia_2018_1M:88009	、中空的背神经管、咽鳃裂以及肛后尾。	CC-CEDICT	
1397	6280_1	一二	一二	yī èr		one or two	有经验的“老麻拐”，一夜能捕一二斤黄鳝泥鳅。	有經驗的“老麻拐”，一夜能捕一二斤黃鱔泥鰍。	leipzig	zho_news_2020_300K:180936	有经验的“老麻拐”，一夜能捕一二斤黄鳝泥鳅。	CC-CEDICT	
1398	6282_1	几天	幾天	jǐ tiān		several days	高子回到家中才几天，湖北佬提着两条鳊鱼来了。	高子回到家中才幾天，湖北佬提著兩條鯿魚來了。	leipzig	zho_news_2020_300K:298161	高子回到家中才几天，湖北佬提着两条鳊鱼来了。	CC-CEDICT	
1399	6282_1	湖北	湖北	hú běi		Hubei	高子回到家中才几天，湖北佬提着两条鳊鱼来了。	高子回到家中才幾天，湖北佬提著兩條鯿魚來了。	leipzig	zho_news_2020_300K:298161	高子回到家中才几天，湖北佬提着两条鳊鱼来了。	CC-CEDICT	
1400	6285_1	食肉	食肉	shí ròu		carnivorous	似鹰嘴、食肉的则不能吃，如老鹰、枭、骛、秃鹫、乌鸦、喜鹊、啄木鸟等。	似鷹嘴、食肉的則不能吃，如老鷹、梟、騖、禿鷲、烏鴉、喜鵲、啄木鳥等。	leipzig	zho_wikipedia_2018_1M:158328	似鹰嘴、食肉的则不能吃，如老鹰、枭、骛、秃鹫、乌鸦、喜鹊、啄木鸟等。	CC-CEDICT	
1401	6285_1	乌鸦	烏鴉	wū yā		crow	似鹰嘴、食肉的则不能吃，如老鹰、枭、骛、秃鹫、乌鸦、喜鹊、啄木鸟等。	似鷹嘴、食肉的則不能吃，如老鷹、梟、騖、禿鷲、烏鴉、喜鵲、啄木鳥等。	leipzig	zho_wikipedia_2018_1M:158328	似鹰嘴、食肉的则不能吃，如老鹰、枭、骛、秃鹫、乌鸦、喜鹊、啄木鸟等。	CC-CEDICT	
1402	6292_1	对比	對比	duì bǐ		to contrast	而颔联则通过对比方式，抒发自己对不平境遇的愤懑。	而頷聯則透過對比方式，抒發自己對不平境遇的憤懣。	leipzig	zho_news_2020_300K:242430	而颔联则通过对比方式，抒发自己对不平境遇的愤懑。	CC-CEDICT	
1403	6292_1	抒发	抒發	shū fā		to express	而颔联则通过对比方式，抒发自己对不平境遇的愤懑。	而頷聯則透過對比方式，抒發自己對不平境遇的憤懣。	leipzig	zho_news_2020_300K:242430	而颔联则通过对比方式，抒发自己对不平境遇的愤懑。	CC-CEDICT	
1404	6292_1	不平	不平	bù píng		uneven	而颔联则通过对比方式，抒发自己对不平境遇的愤懑。	而頷聯則透過對比方式，抒發自己對不平境遇的憤懣。	leipzig	zho_news_2020_300K:242430	而颔联则通过对比方式，抒发自己对不平境遇的愤懑。	CC-CEDICT	
1405	6292_1	境遇	境遇	jìng yù		circumstance	而颔联则通过对比方式，抒发自己对不平境遇的愤懑。	而頷聯則透過對比方式，抒發自己對不平境遇的憤懣。	leipzig	zho_news_2020_300K:242430	而颔联则通过对比方式，抒发自己对不平境遇的愤懑。	CC-CEDICT	
1406	6308_1	海边	海邊	hǎi biān		coast	一天，和藤内和妻子小睦在海边抬贝，看到鹬蚌相争，从而解悟了兵法的真谛。	一天，和藤內和妻子小睦在海邊抬貝，看到鷸蚌相爭，從而解悟了兵法的真諦。	leipzig	zho_wikipedia_2018_1M:44411	一天，和藤内和妻子小睦在海边抬贝，看到鹬蚌相争，从而解悟了兵法的真谛。	CC-CEDICT	
1407	6308_1	鹬蚌相争	鷸蚌相爭	yù bàng xiāng zhēng		a snipe and clam quarrel	一天，和藤内和妻子小睦在海边抬贝，看到鹬蚌相争，从而解悟了兵法的真谛。	一天，和藤內和妻子小睦在海邊抬貝，看到鷸蚌相爭，從而解悟了兵法的真諦。	leipzig	zho_wikipedia_2018_1M:44411	一天，和藤内和妻子小睦在海边抬贝，看到鹬蚌相争，从而解悟了兵法的真谛。	CC-CEDICT	
1408	6308_1	解悟	解悟	jiě wù		to understand	一天，和藤内和妻子小睦在海边抬贝，看到鹬蚌相争，从而解悟了兵法的真谛。	一天，和藤內和妻子小睦在海邊抬貝，看到鷸蚌相爭，從而解悟了兵法的真諦。	leipzig	zho_wikipedia_2018_1M:44411	一天，和藤内和妻子小睦在海边抬贝，看到鹬蚌相争，从而解悟了兵法的真谛。	CC-CEDICT	
1409	6308_1	兵法	兵法	bīng fǎ		art of war	一天，和藤内和妻子小睦在海边抬贝，看到鹬蚌相争，从而解悟了兵法的真谛。	一天，和藤內和妻子小睦在海邊抬貝，看到鷸蚌相爭，從而解悟了兵法的真諦。	leipzig	zho_wikipedia_2018_1M:44411	一天，和藤内和妻子小睦在海边抬贝，看到鹬蚌相争，从而解悟了兵法的真谛。	CC-CEDICT	
1410	6311_1	永久性	永久性	yǒng jiǔ xìng		permanent	是国际会议组织——博鳌亚洲論壇永久性会址所在地。	是國際會議組織——博鰲亞洲論壇永久性會址所在地。	leipzig	zho_wikipedia_2018_1M:575437	是国际会议组织——博鳌亚洲論壇永久性会址所在地。	CC-CEDICT	
1411	6334_1	天空	天空	tiān kōng		sky	蓝蓝的天空中，一群白鹭飞过。	藍藍的天空中，一群白鷺飛過。	tatoeba	13900316	藍藍的天空中，一群白鷺飛過。	CC-CEDICT	
1412	6334_1	白鹭	白鷺	bái lù		little egret	蓝蓝的天空中，一群白鹭飞过。	藍藍的天空中，一群白鷺飛過。	tatoeba	13900316	藍藍的天空中，一群白鷺飛過。	CC-CEDICT	
1413	6339_1	野外	野外	yě wài		countryside	朱鹮终于摆脱了“野外灭绝”的危险。	朱䴉終於擺脫了“野外滅絕”的危險。	leipzig	zho_wikipedia_2018_1M:606652	朱鹮终于摆脱了“野外灭绝”的危险。	CC-CEDICT	
1414	6342_1	搜查	搜查	sōu chá		to search	经搜查，他们的武器、手表、金属纽扣、眼镜等完好无损，共计骷髅1764具。	經搜查，他們的武器、手錶、金屬紐扣、眼鏡等完好無損，共計骷髏1764具。	leipzig	zho_news_2020_300K:233866	经搜查，他们的武器、手表、金属纽扣、眼镜等完好无损，共计骷髅1764具。	CC-CEDICT	
1415	6342_1	纽扣	紐扣	niǔ kòu		button	经搜查，他们的武器、手表、金属纽扣、眼镜等完好无损，共计骷髅1764具。	經搜查，他們的武器、手錶、金屬紐扣、眼鏡等完好無損，共計骷髏1764具。	leipzig	zho_news_2020_300K:233866	经搜查，他们的武器、手表、金属纽扣、眼镜等完好无损，共计骷髅1764具。	CC-CEDICT	
1416	6342_1	眼镜	眼鏡	yǎn jìng		spectacles	经搜查，他们的武器、手表、金属纽扣、眼镜等完好无损，共计骷髅1764具。	經搜查，他們的武器、手錶、金屬紐扣、眼鏡等完好無損，共計骷髏1764具。	leipzig	zho_news_2020_300K:233866	经搜查，他们的武器、手表、金属纽扣、眼镜等完好无损，共计骷髅1764具。	CC-CEDICT	
1417	6342_1	完好	完好	wán hǎo		intact	经搜查，他们的武器、手表、金属纽扣、眼镜等完好无损，共计骷髅1764具。	經搜查，他們的武器、手錶、金屬紐扣、眼鏡等完好無損，共計骷髏1764具。	leipzig	zho_news_2020_300K:233866	经搜查，他们的武器、手表、金属纽扣、眼镜等完好无损，共计骷髅1764具。	CC-CEDICT	
1418	6342_1	共计	共計	gòng jì		to sum up to	经搜查，他们的武器、手表、金属纽扣、眼镜等完好无损，共计骷髅1764具。	經搜查，他們的武器、手錶、金屬紐扣、眼鏡等完好無損，共計骷髏1764具。	leipzig	zho_news_2020_300K:233866	经搜查，他们的武器、手表、金属纽扣、眼镜等完好无损，共计骷髅1764具。	CC-CEDICT	
1419	6344_1	天下	天下	tiān xià		land under heaven	当韩之亡，秦之方盛也，以刀锯鼎镬待天下之士。	當韓之亡，秦之方盛也，以刀鋸鼎鑊待天下之士。	leipzig	zho_wikipedia_2018_1M:495612	当韩之亡，秦之方盛也，以刀锯鼎镬待天下之士。	CC-CEDICT	
1420	6345_1	用作	用作	yòng zuò		to use for the purpose of	它还可以用作人造大气层和镭射媒体的组成部分。	它還可以用作人造大氣層和鐳射媒體的組成部分。	leipzig	zho_wikipedia_2018_1M:437633	它还可以用作人造大气层和镭射媒体的组成部分。	CC-CEDICT	
1421	6345_1	人造	人造	rén zào		man-made	它还可以用作人造大气层和镭射媒体的组成部分。	它還可以用作人造大氣層和鐳射媒體的組成部分。	leipzig	zho_wikipedia_2018_1M:437633	它还可以用作人造大气层和镭射媒体的组成部分。	CC-CEDICT	
1422	6345_1	大气	大氣	dà qì		atmosphere	它还可以用作人造大气层和镭射媒体的组成部分。	它還可以用作人造大氣層和鐳射媒體的組成部分。	leipzig	zho_wikipedia_2018_1M:437633	它还可以用作人造大气层和镭射媒体的组成部分。	CC-CEDICT	
1423	6345_1	镭射	鐳射	léi shè		laser	它还可以用作人造大气层和镭射媒体的组成部分。	它還可以用作人造大氣層和鐳射媒體的組成部分。	leipzig	zho_wikipedia_2018_1M:437633	它还可以用作人造大气层和镭射媒体的组成部分。	CC-CEDICT	
1424	6346_1	手腕	手腕	shǒu wàn		wrist	剩下的几个镯子戴在左右的手腕上。	剩下的幾個鐲子戴在左右的手腕上。	leipzig	zho_news_2020_300K:70941	剩下的几个镯子戴在左右的手腕上。	CC-CEDICT	
1425	6351_1	大王	大王	dà wáng		king	且夫商君，固大王仇雠也，愿大王图之。”	且夫商君，固大王仇讎也，願大王圖之。”	leipzig	zho_wikipedia_2018_1M:69318	且夫商君，固大王仇雠也，愿大王图之。”	CC-CEDICT	
1426	6354_1	鳏夫	鰥夫	guān fū		old wifeless man	死了妻子的人叫做鳏夫。	死了妻子的人叫做鰥夫。	tatoeba	400174	死了妻子的人叫做鰥夫。	CC-CEDICT	
1427	6356_1	癞蛤蟆	癩蛤蟆	lài há ma		toad	癞蛤蟆想吃天鹅肉。	癩蛤蟆想吃天鵝肉。	tatoeba	13888914	癩蛤蟆想吃天鵝肉。	CC-CEDICT	
1428	6368_1	仇恨	仇恨	chóu hèn		to hate	我很难想象，这些仇恨是怎么积攒起来的。	我很難想象，這些仇恨是怎麼積攢起來的。	leipzig	zho_news_2020_300K:151739	我很难想象，这些仇恨是怎么积攒起来的。	CC-CEDICT	
1429	6379_1	暮霭	暮靄	mù ǎi		evening mist	念去去，千里烟波，暮霭沉沉楚天阔。	念去去，千里煙波，暮靄沉沉楚天闊。	leipzig	zho_news_2020_300K:144543	念去去，千里烟波，暮霭沉沉楚天阔。	CC-CEDICT	
1430	6379_1	沉沉	沉沉	chén chén		deeply	念去去，千里烟波，暮霭沉沉楚天阔。	念去去，千里煙波，暮靄沉沉楚天闊。	leipzig	zho_news_2020_300K:144543	念去去，千里烟波，暮霭沉沉楚天阔。	CC-CEDICT	
1431	6389_1	知名度	知名度	zhī míng dù		reputation	，知名度蹿升，并吸引众多的追随者。	，知名度躥升，並吸引眾多的追隨者。	leipzig	zho_wikipedia_2018_1M:754162	，知名度蹿升，并吸引众多的追随者。	CC-CEDICT	
1432	6389_1	吸引	吸引	xī yǐn		to attract	，知名度蹿升，并吸引众多的追随者。	，知名度躥升，並吸引眾多的追隨者。	leipzig	zho_wikipedia_2018_1M:754162	，知名度蹿升，并吸引众多的追随者。	CC-CEDICT	
1433	6389_1	追随	追隨	zhuī suí		to follow	，知名度蹿升，并吸引众多的追随者。	，知名度躥升，並吸引眾多的追隨者。	leipzig	zho_wikipedia_2018_1M:754162	，知名度蹿升，并吸引众多的追随者。	CC-CEDICT	
1434	6395_1	发育	發育	fā yù		to develop	由于出生时髋关节发育不良，年幼时她腿是瘸的，后来恢复正常。	由於出生時髖關節發育不良，年幼時她腿是瘸的，後來恢復正常。	leipzig	zho_wikipedia_2018_1M:715430	由于出生时髋关节发育不良，年幼时她腿是瘸的，后来恢复正常。	CC-CEDICT	
1435	6395_1	不良	不良	bù liáng		bad	由于出生时髋关节发育不良，年幼时她腿是瘸的，后来恢复正常。	由於出生時髖關節發育不良，年幼時她腿是瘸的，後來恢復正常。	leipzig	zho_wikipedia_2018_1M:715430	由于出生时髋关节发育不良，年幼时她腿是瘸的，后来恢复正常。	CC-CEDICT	
1436	6395_1	幼时	幼時	yòu shí		childhood	由于出生时髋关节发育不良，年幼时她腿是瘸的，后来恢复正常。	由於出生時髖關節發育不良，年幼時她腿是瘸的，後來恢復正常。	leipzig	zho_wikipedia_2018_1M:715430	由于出生时髋关节发育不良，年幼时她腿是瘸的，后来恢复正常。	CC-CEDICT	
1437	6399_1	解读	解讀	jiě dú		to decipher	并解读“绝唱天籁，奇词妙哉”的隐语诗为：	並解讀“絕唱天籟，奇詞妙哉”的隱語詩為：	leipzig	zho_news_2020_300K:135834	并解读“绝唱天籁，奇词妙哉”的隐语诗为：	CC-CEDICT	
1438	6399_1	天籁	天籟	tiān lài		sounds of nature	并解读“绝唱天籁，奇词妙哉”的隐语诗为：	並解讀“絕唱天籟，奇詞妙哉”的隱語詩為：	leipzig	zho_news_2020_300K:135834	并解读“绝唱天籁，奇词妙哉”的隐语诗为：	CC-CEDICT	
1439	6399_1	隐语	隱語	yǐn yǔ		secret language	并解读“绝唱天籁，奇词妙哉”的隐语诗为：	並解讀“絕唱天籟，奇詞妙哉”的隱語詩為：	leipzig	zho_news_2020_300K:135834	并解读“绝唱天籁，奇词妙哉”的隐语诗为：	CC-CEDICT	
1440	6404_1	鱼鳔	魚鰾	yú biào		swim bladder	鱼鳔豆的膜质荚瓣，充气呈泡状，借风力传播；	魚鰾豆的膜質莢瓣，充氣呈泡狀，借風力傳播；	leipzig	zho_wikipedia_2018_1M:994608	鱼鳔豆的膜质荚瓣，充气呈泡状，借风力传播；	CC-CEDICT	
1441	6404_1	充气	充氣	chōng qì		to pump air	鱼鳔豆的膜质荚瓣，充气呈泡状，借风力传播；	魚鰾豆的膜質莢瓣，充氣呈泡狀，借風力傳播；	leipzig	zho_wikipedia_2018_1M:994608	鱼鳔豆的膜质荚瓣，充气呈泡状，借风力传播；	CC-CEDICT	
1442	6404_1	风力	風力	fēng lì		wind force	鱼鳔豆的膜质荚瓣，充气呈泡状，借风力传播；	魚鰾豆的膜質莢瓣，充氣呈泡狀，借風力傳播；	leipzig	zho_wikipedia_2018_1M:994608	鱼鳔豆的膜质荚瓣，充气呈泡状，借风力传播；	CC-CEDICT	
1443	6404_1	传播	傳播	chuán bō	chuán bò	to disseminate	鱼鳔豆的膜质荚瓣，充气呈泡状，借风力传播；	魚鰾豆的膜質莢瓣，充氣呈泡狀，借風力傳播；	leipzig	zho_wikipedia_2018_1M:994608	鱼鳔豆的膜质荚瓣，充气呈泡状，借风力传播；	CC-CEDICT	Taiwan MOE Concise Dictionary
1444	6405_1	鳕鱼	鱈魚	xuě yú		cod	她要鳕鱼吗？	她要鱈魚嗎？	tatoeba	10366873	她要鳕鱼吗？	CC-CEDICT	
1445	6416_1	庞杂	龐雜	páng zá		complex	谶纬之学的内容很庞杂，其内容比如：	讖緯之學的內容很龐雜，其內容比如：	leipzig	zho_wikipedia_2018_1M:881158	谶纬之学的内容很庞杂，其内容比如：	CC-CEDICT	
1446	6418_1	夫妻	夫妻	fū qī		husband and wife	1991年，冯骥才先生夫妻俩陪母亲一起登泰山。	1991年，馮驥才先生夫妻倆陪母親一起登泰山。	leipzig	zho_news_2020_300K:1333	1991年，冯骥才先生夫妻俩陪母亲一起登泰山。	CC-CEDICT	
1447	6420_1	公孙	公孫	gōng sūn		two-character surname Gongsun	公孙瓒是一个人名。	公孫瓚是一個人名。	authored	level-2/6420_1	公孙瓒是一个人名。	CC-CEDICT	
1448	6432_1	频繁	頻繁	pín fán		frequently	频繁发动战争、穷兵黩武的人，没有不后悔的。	頻繁發動戰爭、窮兵黷武的人，沒有不後悔的。	tatoeba	13987334	頻繁發動戰爭、窮兵黷武的人，沒有不後悔的。	CC-CEDICT	
1449	6432_1	黩武	黷武	dú wǔ		militaristic	频繁发动战争、穷兵黩武的人，没有不后悔的。	頻繁發動戰爭、窮兵黷武的人，沒有不後悔的。	tatoeba	13987334	頻繁發動戰爭、窮兵黷武的人，沒有不後悔的。	CC-CEDICT	
1450	6434_1	呈现	呈現	chéng xiàn		to appear	远山呈现出黪色。	遠山呈現出黲色。	preexisting			CC-CEDICT	
1451	6435_1	毁灭	毀滅	huǐ miè		to perish	专家说，与美国分道扬镳将给双方的经济带来毁灭性的打击。	專家說，與美國分道揚鑣將給雙方的經濟帶來毀滅性的打擊。	leipzig	zho_news_2020_300K:18583	专家说，与美国分道扬镳将给双方的经济带来毁灭性的打击。	CC-CEDICT	
1452	6441_1	腌臜	腌臢	ā zā	āng zāng	dirty	腌臜是一个描写性质或状态的词。	腌臢是一個描寫性質或狀態的詞。	authored	level-2/6441_1	腌臜是一个描写性质或状态的词。	CC-CEDICT	Taiwan MOE Concise Dictionary
1453	6442_1	岳阳	岳陽	yuè yáng		Yueyang	岳阳的洞庭鱼粉是用鲜活鲫鱼熬汤，洞庭湖鳜鱼作码，其汤香味浓，汤之鲜美，回味无穷。	岳陽的洞庭魚粉是用鮮活鯽魚熬湯，洞庭湖鱖魚作碼，其湯香味濃，湯之鮮美，回味無窮。	leipzig	zho_news_2020_300K:131873	岳阳的洞庭鱼粉是用鲜活鲫鱼熬汤，洞庭湖鳜鱼作码，其汤香味浓，汤之鲜美，回味无穷。	CC-CEDICT	
1454	6442_1	鱼粉	魚粉	yú fěn		fish meal	岳阳的洞庭鱼粉是用鲜活鲫鱼熬汤，洞庭湖鳜鱼作码，其汤香味浓，汤之鲜美，回味无穷。	岳陽的洞庭魚粉是用鮮活鯽魚熬湯，洞庭湖鱖魚作碼，其湯香味濃，湯之鮮美，回味無窮。	leipzig	zho_news_2020_300K:131873	岳阳的洞庭鱼粉是用鲜活鲫鱼熬汤，洞庭湖鳜鱼作码，其汤香味浓，汤之鲜美，回味无穷。	CC-CEDICT	
1455	6442_1	洞庭湖	洞庭湖	dòng tíng hú		Dongting Lake in northeast Hunan province	岳阳的洞庭鱼粉是用鲜活鲫鱼熬汤，洞庭湖鳜鱼作码，其汤香味浓，汤之鲜美，回味无穷。	岳陽的洞庭魚粉是用鮮活鯽魚熬湯，洞庭湖鱖魚作碼，其湯香味濃，湯之鮮美，回味無窮。	leipzig	zho_news_2020_300K:131873	岳阳的洞庭鱼粉是用鲜活鲫鱼熬汤，洞庭湖鳜鱼作码，其汤香味浓，汤之鲜美，回味无穷。	CC-CEDICT	
1456	6442_1	鳜鱼	鱖魚	guì yú		mandarin fish	岳阳的洞庭鱼粉是用鲜活鲫鱼熬汤，洞庭湖鳜鱼作码，其汤香味浓，汤之鲜美，回味无穷。	岳陽的洞庭魚粉是用鮮活鯽魚熬湯，洞庭湖鱖魚作碼，其湯香味濃，湯之鮮美，回味無窮。	leipzig	zho_news_2020_300K:131873	岳阳的洞庭鱼粉是用鲜活鲫鱼熬汤，洞庭湖鳜鱼作码，其汤香味浓，汤之鲜美，回味无穷。	CC-CEDICT	
1457	6442_1	香味	香味	xiāng wèi		fragrance	岳阳的洞庭鱼粉是用鲜活鲫鱼熬汤，洞庭湖鳜鱼作码，其汤香味浓，汤之鲜美，回味无穷。	岳陽的洞庭魚粉是用鮮活鯽魚熬湯，洞庭湖鱖魚作碼，其湯香味濃，湯之鮮美，回味無窮。	leipzig	zho_news_2020_300K:131873	岳阳的洞庭鱼粉是用鲜活鲫鱼熬汤，洞庭湖鳜鱼作码，其汤香味浓，汤之鲜美，回味无穷。	CC-CEDICT	
1458	6442_1	鲜美	鮮美	xiān měi		fresh and delicious	岳阳的洞庭鱼粉是用鲜活鲫鱼熬汤，洞庭湖鳜鱼作码，其汤香味浓，汤之鲜美，回味无穷。	岳陽的洞庭魚粉是用鮮活鯽魚熬湯，洞庭湖鱖魚作碼，其湯香味濃，湯之鮮美，回味無窮。	leipzig	zho_news_2020_300K:131873	岳阳的洞庭鱼粉是用鲜活鲫鱼熬汤，洞庭湖鳜鱼作码，其汤香味浓，汤之鲜美，回味无穷。	CC-CEDICT	
1459	6442_1	回味	回味	huí wèi		to call to mind and ponder over	岳阳的洞庭鱼粉是用鲜活鲫鱼熬汤，洞庭湖鳜鱼作码，其汤香味浓，汤之鲜美，回味无穷。	岳陽的洞庭魚粉是用鮮活鯽魚熬湯，洞庭湖鱖魚作碼，其湯香味濃，湯之鮮美，回味無窮。	leipzig	zho_news_2020_300K:131873	岳阳的洞庭鱼粉是用鲜活鲫鱼熬汤，洞庭湖鳜鱼作码，其汤香味浓，汤之鲜美，回味无穷。	CC-CEDICT	
1460	6442_1	无穷	無窮	wú qióng		endless	岳阳的洞庭鱼粉是用鲜活鲫鱼熬汤，洞庭湖鳜鱼作码，其汤香味浓，汤之鲜美，回味无穷。	岳陽的洞庭魚粉是用鮮活鯽魚熬湯，洞庭湖鱖魚作碼，其湯香味濃，湯之鮮美，回味無窮。	leipzig	zho_news_2020_300K:131873	岳阳的洞庭鱼粉是用鲜活鲫鱼熬汤，洞庭湖鳜鱼作码，其汤香味浓，汤之鲜美，回味无穷。	CC-CEDICT	
1461	6447_1	神明	神明	shén míng		deities	这是神明和龙族的故事，云起龙骧，化为侯王!	這是神明和龍族的故事，雲起龍驤，化為侯王!	leipzig	zho_news_2020_300K:276130	这是神明和龙族的故事，云起龙骧，化为侯王!	CC-CEDICT	
1462	6452_1	不得不	不得不	bù dé bù		have no choice or option but to	不得不说，李沁饰演的薛宝钗一颦一笑都令人印象深刻，李沁也因此而被观众记住。	不得不說，李沁飾演的薛寶釵一顰一笑都令人印象深刻，李沁也因此而被觀眾記住。	leipzig	zho_news_2020_300K:15220	不得不说，李沁饰演的薛宝钗一颦一笑都令人印象深刻，李沁也因此而被观众记住。	CC-CEDICT	
1463	6452_1	一颦一笑	一顰一笑	yī pín yī xiào		every frown and every smile	不得不说，李沁饰演的薛宝钗一颦一笑都令人印象深刻，李沁也因此而被观众记住。	不得不說，李沁飾演的薛寶釵一顰一笑都令人印象深刻，李沁也因此而被觀眾記住。	leipzig	zho_news_2020_300K:15220	不得不说，李沁饰演的薛宝钗一颦一笑都令人印象深刻，李沁也因此而被观众记住。	CC-CEDICT	
1464	6452_1	观众	觀眾	guān zhòng		spectators	不得不说，李沁饰演的薛宝钗一颦一笑都令人印象深刻，李沁也因此而被观众记住。	不得不說，李沁飾演的薛寶釵一顰一笑都令人印象深刻，李沁也因此而被觀眾記住。	leipzig	zho_news_2020_300K:15220	不得不说，李沁饰演的薛宝钗一颦一笑都令人印象深刻，李沁也因此而被观众记住。	CC-CEDICT	
1465	6452_1	记住	記住	jì zhu	jì zhù	to remember	不得不说，李沁饰演的薛宝钗一颦一笑都令人印象深刻，李沁也因此而被观众记住。	不得不說，李沁飾演的薛寶釵一顰一笑都令人印象深刻，李沁也因此而被觀眾記住。	leipzig	zho_news_2020_300K:15220	不得不说，李沁饰演的薛宝钗一颦一笑都令人印象深刻，李沁也因此而被观众记住。	CC-CEDICT	Taiwan MOE Concise Dictionary
1466	6459_1	改革	改革	gǎi gé		reform	，另外由翁文灏在改革实施前几天，	，另外由翁文灝在改革實施前幾天，	leipzig	zho_wikipedia_2018_1M:288993	，另外由翁文灏在改革实施前几天，	CC-CEDICT	
1467	6459_1	实施	實施	shí shī		to implement	，另外由翁文灏在改革实施前几天，	，另外由翁文灝在改革實施前幾天，	leipzig	zho_wikipedia_2018_1M:288993	，另外由翁文灏在改革实施前几天，	CC-CEDICT	
1468	6481_1	中等	中等	zhōng děng		medium	中等身材，眉棱、颧骨很高，显得有些瘦，但身体结实，脸上稍带赭黑色，眼睛大而有神。	中等身材，眉稜、顴骨很高，顯得有些瘦，但身體結實，臉上稍帶赭黑色，眼睛大而有神。	leipzig	zho_news_2020_300K:23391	中等身材，眉棱、颧骨很高，显得有些瘦，但身体结实，脸上稍带赭黑色，眼睛大而有神。	CC-CEDICT	
1469	6481_1	颧骨	顴骨	quán gǔ		cheekbone	中等身材，眉棱、颧骨很高，显得有些瘦，但身体结实，脸上稍带赭黑色，眼睛大而有神。	中等身材，眉稜、顴骨很高，顯得有些瘦，但身體結實，臉上稍帶赭黑色，眼睛大而有神。	leipzig	zho_news_2020_300K:23391	中等身材，眉棱、颧骨很高，显得有些瘦，但身体结实，脸上稍带赭黑色，眼睛大而有神。	CC-CEDICT	
1470	6481_1	身体	身體	shēn tǐ		the body	中等身材，眉棱、颧骨很高，显得有些瘦，但身体结实，脸上稍带赭黑色，眼睛大而有神。	中等身材，眉稜、顴骨很高，顯得有些瘦，但身體結實，臉上稍帶赭黑色，眼睛大而有神。	leipzig	zho_news_2020_300K:23391	中等身材，眉棱、颧骨很高，显得有些瘦，但身体结实，脸上稍带赭黑色，眼睛大而有神。	CC-CEDICT	
1471	6481_1	结实	結實	jiē shí		to bear fruit	中等身材，眉棱、颧骨很高，显得有些瘦，但身体结实，脸上稍带赭黑色，眼睛大而有神。	中等身材，眉稜、顴骨很高，顯得有些瘦，但身體結實，臉上稍帶赭黑色，眼睛大而有神。	leipzig	zho_news_2020_300K:23391	中等身材，眉棱、颧骨很高，显得有些瘦，但身体结实，脸上稍带赭黑色，眼睛大而有神。	CC-CEDICT	
1472	6497_1	讲究	講究	jiǎng jiu	jiǎng jiù	to pay particular attention to	制作讲究的馕饼中间会拓上花纹，	製作講究的饢餅中間會拓上花紋，	leipzig	zho_wikipedia_2018_1M:245544	制作讲究的馕饼中间会拓上花纹，	CC-CEDICT	Taiwan MOE Concise Dictionary
1473	6497_1	中间	中間	zhōng jiān		the middle	制作讲究的馕饼中间会拓上花纹，	製作講究的饢餅中間會拓上花紋，	leipzig	zho_wikipedia_2018_1M:245544	制作讲究的馕饼中间会拓上花纹，	CC-CEDICT	
1474	6497_1	花纹	花紋	huā wén		decorative design	制作讲究的馕饼中间会拓上花纹，	製作講究的饢餅中間會拓上花紋，	leipzig	zho_wikipedia_2018_1M:245544	制作讲究的馕饼中间会拓上花纹，	CC-CEDICT	
