card_id	deck	kind	source_chapter	prompt_language	answer_language	prompt	accepted_answers	distractors	explanation	lexical_ids	grammar_ids	geographic_ids	provenance_path	provenance_locator	provenance_evidence	examples	tags
zh-traditional-radicals-frequency-xii/2201/character-to-radical	XII	vocabulary	2201	zh-Hant	zh-Hant	趴	"[""足""]"	[]		"[""zh-Hant.frequency.2207"",""zh.radical.kangxi.157""]"	[]	[]	sources/characters.tsv	frequency-order position 2201; corpus frequency rank 2207; Ministry common-character number 4002	趴: frequency-order position 2201; corpus frequency rank 2207; 38 appearances (0.00314%); Unihan kRSUnicode 157.2; Kangxi radical 157 足; Unihan kRSUnicode single radical assignment.	[]	"[""chinese"",""traditional"",""radicals"",""frequency"",""character-to-radical"",""one-way"",""part-12""]"
zh-traditional-radicals-frequency-xii/2202/character-to-radical	XII	vocabulary	2202	zh-Hant	zh-Hant	豹	"[""豸""]"	[]		"[""zh-Hant.frequency.2208"",""zh.radical.kangxi.153""]"	[]	[]	sources/characters.tsv	frequency-order position 2202; corpus frequency rank 2208; Ministry common-character number 3920	豹: frequency-order position 2202; corpus frequency rank 2208; 38 appearances (0.00314%); Unihan kRSUnicode 153.3; Kangxi radical 153 豸; Unihan kRSUnicode single radical assignment.	[]	"[""chinese"",""traditional"",""radicals"",""frequency"",""character-to-radical"",""one-way"",""part-12""]"
zh-traditional-radicals-frequency-xii/2203/character-to-radical	XII	vocabulary	2203	zh-Hant	zh-Hant	娶	"[""女""]"	[]		"[""zh-Hant.frequency.2209"",""zh.radical.kangxi.038""]"	[]	[]	sources/characters.tsv	frequency-order position 2203; corpus frequency rank 2209; Ministry common-character number 938	娶: frequency-order position 2203; corpus frequency rank 2209; 38 appearances (0.00314%); Unihan kRSUnicode 38.8; Kangxi radical 38 女; Unihan kRSUnicode single radical assignment.	[]	"[""chinese"",""traditional"",""radicals"",""frequency"",""character-to-radical"",""one-way"",""part-12""]"
zh-traditional-radicals-frequency-xii/2204/character-to-radical	XII	vocabulary	2204	zh-Hant	zh-Hant	飢	"[""食""]"	[]		"[""zh-Hant.frequency.2210"",""zh.radical.kangxi.184""]"	[]	[]	sources/characters.tsv	frequency-order position 2204; corpus frequency rank 2210; Ministry common-character number 4582	飢: frequency-order position 2204; corpus frequency rank 2210; 38 appearances (0.00314%); Unihan kRSUnicode 184.2; Kangxi radical 184 食; Unihan kRSUnicode single radical assignment.	[]	"[""chinese"",""traditional"",""radicals"",""frequency"",""character-to-radical"",""one-way"",""part-12""]"
zh-traditional-radicals-frequency-xii/2205/character-to-radical	XII	vocabulary	2205	zh-Hant	zh-Hant	陵	"[""阜""]"	[]		"[""zh-Hant.frequency.2211"",""zh.radical.kangxi.170""]"	[]	[]	sources/characters.tsv	frequency-order position 2205; corpus frequency rank 2211; Ministry common-character number 4422	陵: frequency-order position 2205; corpus frequency rank 2211; 38 appearances (0.00314%); Unihan kRSUnicode 170.8; Kangxi radical 170 阜; Unihan kRSUnicode single radical assignment.	[]	"[""chinese"",""traditional"",""radicals"",""frequency"",""character-to-radical"",""one-way"",""part-12""]"
zh-traditional-radicals-frequency-xii/2206/character-to-radical	XII	vocabulary	2206	zh-Hant	zh-Hant	掘	"[""手""]"	[]		"[""zh-Hant.frequency.2212"",""zh.radical.kangxi.064""]"	[]	[]	sources/characters.tsv	frequency-order position 2206; corpus frequency rank 2212; Ministry common-character number 1594	掘: frequency-order position 2206; corpus frequency rank 2212; 38 appearances (0.00314%); Unihan kRSUnicode 64.8; Kangxi radical 64 手; Unihan kRSUnicode single radical assignment.	[]	"[""chinese"",""traditional"",""radicals"",""frequency"",""character-to-radical"",""one-way"",""part-12""]"
zh-traditional-radicals-frequency-xii/2207/character-to-radical	XII	vocabulary	2207	zh-Hant	zh-Hant	瘋	"[""疒""]"	[]		"[""zh-Hant.frequency.2213"",""zh.radical.kangxi.104""]"	[]	[]	sources/characters.tsv	frequency-order position 2207; corpus frequency rank 2213; Ministry common-character number 2694	瘋: frequency-order position 2207; corpus frequency rank 2213; 38 appearances (0.00314%); Unihan kRSUnicode 104.9; Kangxi radical 104 疒; Unihan kRSUnicode single radical assignment.	[]	"[""chinese"",""traditional"",""radicals"",""frequency"",""character-to-radical"",""one-way"",""part-12""]"
zh-traditional-radicals-frequency-xii/2208/character-to-radical	XII	vocabulary	2208	zh-Hant	zh-Hant	禍	"[""示""]"	[]		"[""zh-Hant.frequency.2214"",""zh.radical.kangxi.113""]"	[]	[]	sources/characters.tsv	frequency-order position 2208; corpus frequency rank 2214; Ministry common-character number 2902	禍: frequency-order position 2208; corpus frequency rank 2214; 38 appearances (0.00314%); Unihan kRSUnicode 113.9; Kangxi radical 113 示; Unihan kRSUnicode single radical assignment.	[]	"[""chinese"",""traditional"",""radicals"",""frequency"",""character-to-radical"",""one-way"",""part-12""]"
zh-traditional-radicals-frequency-xii/2209/character-to-radical	XII	vocabulary	2209	zh-Hant	zh-Hant	皺	"[""皮""]"	[]		"[""zh-Hant.frequency.2215"",""zh.radical.kangxi.107""]"	[]	[]	sources/characters.tsv	frequency-order position 2209; corpus frequency rank 2215; Ministry common-character number 2735	皺: frequency-order position 2209; corpus frequency rank 2215; 38 appearances (0.00314%); Unihan kRSUnicode 107.10; Kangxi radical 107 皮; Unihan kRSUnicode single radical assignment.	[]	"[""chinese"",""traditional"",""radicals"",""frequency"",""character-to-radical"",""one-way"",""part-12""]"
zh-traditional-radicals-frequency-xii/2210/character-to-radical	XII	vocabulary	2210	zh-Hant	zh-Hant	燥	"[""火""]"	[]		"[""zh-Hant.frequency.2216"",""zh.radical.kangxi.086""]"	[]	[]	sources/characters.tsv	frequency-order position 2210; corpus frequency rank 2216; Ministry common-character number 2456	燥: frequency-order position 2210; corpus frequency rank 2216; 38 appearances (0.00314%); Unihan kRSUnicode 86.13; Kangxi radical 86 火; Unihan kRSUnicode single radical assignment.	[]	"[""chinese"",""traditional"",""radicals"",""frequency"",""character-to-radical"",""one-way"",""part-12""]"
zh-traditional-radicals-frequency-xii/2211/character-to-radical	XII	vocabulary	2211	zh-Hant	zh-Hant	燦	"[""火""]"	[]		"[""zh-Hant.frequency.2217"",""zh.radical.kangxi.086""]"	[]	[]	sources/characters.tsv	frequency-order position 2211; corpus frequency rank 2217; Ministry common-character number 2455	燦: frequency-order position 2211; corpus frequency rank 2217; 38 appearances (0.00314%); Unihan kRSUnicode 86.13; Kangxi radical 86 火; Unihan kRSUnicode single radical assignment.	[]	"[""chinese"",""traditional"",""radicals"",""frequency"",""character-to-radical"",""one-way"",""part-12""]"
zh-traditional-radicals-frequency-xii/2212/character-to-radical	XII	vocabulary	2212	zh-Hant	zh-Hant	贏	"[""貝""]"	[]		"[""zh-Hant.frequency.2218"",""zh.radical.kangxi.154""]"	[]	[]	sources/characters.tsv	frequency-order position 2212; corpus frequency rank 2218; Ministry common-character number 3978	贏: frequency-order position 2212; corpus frequency rank 2218; 38 appearances (0.00314%); Unihan kRSUnicode 154.13; Kangxi radical 154 貝; Unihan kRSUnicode single radical assignment.	[]	"[""chinese"",""traditional"",""radicals"",""frequency"",""character-to-radical"",""one-way"",""part-12""]"
zh-traditional-radicals-frequency-xii/2213/character-to-radical	XII	vocabulary	2213	zh-Hant	zh-Hant	扔	"[""手""]"	[]		"[""zh-Hant.frequency.2219"",""zh.radical.kangxi.064""]"	[]	[]	sources/characters.tsv	frequency-order position 2213; corpus frequency rank 2219; Ministry common-character number 1499	扔: frequency-order position 2213; corpus frequency rank 2219; 37 appearances (0.00306%); Unihan kRSUnicode 64.2; Kangxi radical 64 手; Unihan kRSUnicode single radical assignment.	[]	"[""chinese"",""traditional"",""radicals"",""frequency"",""character-to-radical"",""one-way"",""part-12""]"
zh-traditional-radicals-frequency-xii/2214/character-to-radical	XII	vocabulary	2214	zh-Hant	zh-Hant	怖	"[""心""]"	[]		"[""zh-Hant.frequency.2220"",""zh.radical.kangxi.061""]"	[]	[]	sources/characters.tsv	frequency-order position 2214; corpus frequency rank 2220; Ministry common-character number 1324	怖: frequency-order position 2214; corpus frequency rank 2220; 37 appearances (0.00306%); Unihan kRSUnicode 61.5; Kangxi radical 61 心; Unihan kRSUnicode single radical assignment.	[]	"[""chinese"",""traditional"",""radicals"",""frequency"",""character-to-radical"",""one-way"",""part-12""]"
zh-traditional-radicals-frequency-xii/2215/character-to-radical	XII	vocabulary	2215	zh-Hant	zh-Hant	胚	"[""肉""]"	[]		"[""zh-Hant.frequency.2221"",""zh.radical.kangxi.130""]"	[]	[]	sources/characters.tsv	frequency-order position 2215; corpus frequency rank 2221; Ministry common-character number 3310	胚: frequency-order position 2215; corpus frequency rank 2221; 37 appearances (0.00306%); Unihan kRSUnicode 130.5; Kangxi radical 130 肉; Unihan kRSUnicode single radical assignment.	[]	"[""chinese"",""traditional"",""radicals"",""frequency"",""character-to-radical"",""one-way"",""part-12""]"
zh-traditional-radicals-frequency-xii/2216/character-to-radical	XII	vocabulary	2216	zh-Hant	zh-Hant	涉	"[""水""]"	[]		"[""zh-Hant.frequency.2222"",""zh.radical.kangxi.085""]"	[]	[]	sources/characters.tsv	frequency-order position 2216; corpus frequency rank 2222; Ministry common-character number 2209	涉: frequency-order position 2216; corpus frequency rank 2222; 37 appearances (0.00306%); Unihan kRSUnicode 85.7; Kangxi radical 85 水; Unihan kRSUnicode single radical assignment.	[]	"[""chinese"",""traditional"",""radicals"",""frequency"",""character-to-radical"",""one-way"",""part-12""]"
zh-traditional-radicals-frequency-xii/2217/character-to-radical	XII	vocabulary	2217	zh-Hant	zh-Hant	紐	"[""糸""]"	[]		"[""zh-Hant.frequency.2223"",""zh.radical.kangxi.120""]"	[]	[]	sources/characters.tsv	frequency-order position 2217; corpus frequency rank 2223; Ministry common-character number 3095	紐: frequency-order position 2217; corpus frequency rank 2223; 37 appearances (0.00306%); Unihan kRSUnicode 120.4; Kangxi radical 120 糸; Unihan kRSUnicode single radical assignment.	[]	"[""chinese"",""traditional"",""radicals"",""frequency"",""character-to-radical"",""one-way"",""part-12""]"
zh-traditional-radicals-frequency-xii/2218/character-to-radical	XII	vocabulary	2218	zh-Hant	zh-Hant	晏	"[""日""]"	[]		"[""zh-Hant.frequency.2224"",""zh.radical.kangxi.072""]"	[]	[]	sources/characters.tsv	frequency-order position 2218; corpus frequency rank 2224; Ministry common-character number 1796	晏: frequency-order position 2218; corpus frequency rank 2224; 37 appearances (0.00306%); Unihan kRSUnicode 72.6; Kangxi radical 72 日; Unihan kRSUnicode single radical assignment.	[]	"[""chinese"",""traditional"",""radicals"",""frequency"",""character-to-radical"",""one-way"",""part-12""]"
zh-traditional-radicals-frequency-xii/2219/character-to-radical	XII	vocabulary	2219	zh-Hant	zh-Hant	崖	"[""山""]"	[]		"[""zh-Hant.frequency.2225"",""zh.radical.kangxi.046""]"	[]	[]	sources/characters.tsv	frequency-order position 2219; corpus frequency rank 2225; Ministry common-character number 1126	崖: frequency-order position 2219; corpus frequency rank 2225; 37 appearances (0.00306%); Unihan kRSUnicode 46.8; Kangxi radical 46 山; Unihan kRSUnicode single radical assignment.	[]	"[""chinese"",""traditional"",""radicals"",""frequency"",""character-to-radical"",""one-way"",""part-12""]"
zh-traditional-radicals-frequency-xii/2220/character-to-radical	XII	vocabulary	2220	zh-Hant	zh-Hant	捷	"[""手""]"	[]		"[""zh-Hant.frequency.2226"",""zh.radical.kangxi.064""]"	[]	[]	sources/characters.tsv	frequency-order position 2220; corpus frequency rank 2226; Ministry common-character number 1592	捷: frequency-order position 2220; corpus frequency rank 2226; 37 appearances (0.00306%); Unihan kRSUnicode 64.8; Kangxi radical 64 手; Unihan kRSUnicode single radical assignment.	[]	"[""chinese"",""traditional"",""radicals"",""frequency"",""character-to-radical"",""one-way"",""part-12""]"
zh-traditional-radicals-frequency-xii/2221/character-to-radical	XII	vocabulary	2221	zh-Hant	zh-Hant	禱	"[""示""]"	[]		"[""zh-Hant.frequency.2227"",""zh.radical.kangxi.113""]"	[]	[]	sources/characters.tsv	frequency-order position 2221; corpus frequency rank 2227; Ministry common-character number 2907	禱: frequency-order position 2221; corpus frequency rank 2227; 37 appearances (0.00306%); Unihan kRSUnicode 113.14; Kangxi radical 113 示; Unihan kRSUnicode single radical assignment.	[]	"[""chinese"",""traditional"",""radicals"",""frequency"",""character-to-radical"",""one-way"",""part-12""]"
zh-traditional-radicals-frequency-xii/2222/character-to-radical	XII	vocabulary	2222	zh-Hant	zh-Hant	壹	"[""士""]"	[]		"[""zh-Hant.frequency.2228"",""zh.radical.kangxi.033""]"	[]	[]	sources/characters.tsv	frequency-order position 2222; corpus frequency rank 2228; Ministry common-character number 834	壹: frequency-order position 2222; corpus frequency rank 2228; 37 appearances (0.00306%); Unihan kRSUnicode 33.9; Kangxi radical 33 士; Unihan kRSUnicode single radical assignment.	[]	"[""chinese"",""traditional"",""radicals"",""frequency"",""character-to-radical"",""one-way"",""part-12""]"
zh-traditional-radicals-frequency-xii/2223/character-to-radical	XII	vocabulary	2223	zh-Hant	zh-Hant	豔	"[""豆""]"	[]		"[""zh-Hant.frequency.2229"",""zh.radical.kangxi.151""]"	[]	[]	sources/characters.tsv	frequency-order position 2223; corpus frequency rank 2229; Ministry common-character number 3911	豔: frequency-order position 2223; corpus frequency rank 2229; 37 appearances (0.00306%); Unihan kRSUnicode 151.21; Kangxi radical 151 豆; Unihan kRSUnicode single radical assignment.	[]	"[""chinese"",""traditional"",""radicals"",""frequency"",""character-to-radical"",""one-way"",""part-12""]"
zh-traditional-radicals-frequency-xii/2224/character-to-radical	XII	vocabulary	2224	zh-Hant	zh-Hant	瑚	"[""玉""]"	[]		"[""zh-Hant.frequency.2230"",""zh.radical.kangxi.096""]"	[]	[]	sources/characters.tsv	frequency-order position 2224; corpus frequency rank 2230; Ministry common-character number 2585	瑚: frequency-order position 2224; corpus frequency rank 2230; 37 appearances (0.00306%); Unihan kRSUnicode 96.9; Kangxi radical 96 玉; Unihan kRSUnicode single radical assignment.	[]	"[""chinese"",""traditional"",""radicals"",""frequency"",""character-to-radical"",""one-way"",""part-12""]"
zh-traditional-radicals-frequency-xii/2225/character-to-radical	XII	vocabulary	2225	zh-Hant	zh-Hant	潭	"[""水""]"	[]		"[""zh-Hant.frequency.2231"",""zh.radical.kangxi.085""]"	[]	[]	sources/characters.tsv	frequency-order position 2225; corpus frequency rank 2231; Ministry common-character number 2332	潭: frequency-order position 2225; corpus frequency rank 2231; 37 appearances (0.00306%); Unihan kRSUnicode 85.12; Kangxi radical 85 水; Unihan kRSUnicode single radical assignment.	[]	"[""chinese"",""traditional"",""radicals"",""frequency"",""character-to-radical"",""one-way"",""part-12""]"
zh-traditional-radicals-frequency-xii/2226/character-to-radical	XII	vocabulary	2226	zh-Hant	zh-Hant	頗	"[""頁""]"	[]		"[""zh-Hant.frequency.2232"",""zh.radical.kangxi.181""]"	[]	[]	sources/characters.tsv	frequency-order position 2226; corpus frequency rank 2232; Ministry common-character number 4548	頗: frequency-order position 2226; corpus frequency rank 2232; 37 appearances (0.00306%); Unihan kRSUnicode 181.5; Kangxi radical 181 頁; Unihan kRSUnicode single radical assignment.	[]	"[""chinese"",""traditional"",""radicals"",""frequency"",""character-to-radical"",""one-way"",""part-12""]"
zh-traditional-radicals-frequency-xii/2227/character-to-radical	XII	vocabulary	2227	zh-Hant	zh-Hant	稿	"[""禾""]"	[]		"[""zh-Hant.frequency.2233"",""zh.radical.kangxi.115""]"	[]	[]	sources/characters.tsv	frequency-order position 2227; corpus frequency rank 2233; Ministry common-character number 2938	稿: frequency-order position 2227; corpus frequency rank 2233; 37 appearances (0.00306%); Unihan kRSUnicode 115.10; Kangxi radical 115 禾; Unihan kRSUnicode single radical assignment.	[]	"[""chinese"",""traditional"",""radicals"",""frequency"",""character-to-radical"",""one-way"",""part-12""]"
zh-traditional-radicals-frequency-xii/2228/character-to-radical	XII	vocabulary	2228	zh-Hant	zh-Hant	嬸	"[""女""]"	[]		"[""zh-Hant.frequency.2234"",""zh.radical.kangxi.038""]"	[]	[]	sources/characters.tsv	frequency-order position 2228; corpus frequency rank 2234; Ministry common-character number 980	嬸: frequency-order position 2228; corpus frequency rank 2234; 37 appearances (0.00306%); Unihan kRSUnicode 38.15; Kangxi radical 38 女; Unihan kRSUnicode single radical assignment.	[]	"[""chinese"",""traditional"",""radicals"",""frequency"",""character-to-radical"",""one-way"",""part-12""]"
zh-traditional-radicals-frequency-xii/2229/character-to-radical	XII	vocabulary	2229	zh-Hant	zh-Hant	艘	"[""舟""]"	[]		"[""zh-Hant.frequency.2235"",""zh.radical.kangxi.137""]"	[]	[]	sources/characters.tsv	frequency-order position 2229; corpus frequency rank 2235; Ministry common-character number 3421	艘: frequency-order position 2229; corpus frequency rank 2235; 37 appearances (0.00306%); Unihan kRSUnicode 137.10; Kangxi radical 137 舟; Unihan kRSUnicode single radical assignment.	[]	"[""chinese"",""traditional"",""radicals"",""frequency"",""character-to-radical"",""one-way"",""part-12""]"
zh-traditional-radicals-frequency-xii/2230/character-to-radical	XII	vocabulary	2230	zh-Hant	zh-Hant	鑑	"[""金""]"	[]		"[""zh-Hant.frequency.2236"",""zh.radical.kangxi.167""]"	[]	[]	sources/characters.tsv	frequency-order position 2230; corpus frequency rank 2236; Ministry common-character number 4359	鑑: frequency-order position 2230; corpus frequency rank 2236; 37 appearances (0.00306%); Unihan kRSUnicode 167.14; Kangxi radical 167 金; Unihan kRSUnicode single radical assignment.	[]	"[""chinese"",""traditional"",""radicals"",""frequency"",""character-to-radical"",""one-way"",""part-12""]"
zh-traditional-radicals-frequency-xii/2231/character-to-radical	XII	vocabulary	2231	zh-Hant	zh-Hant	鱗	"[""魚""]"	[]		"[""zh-Hant.frequency.2237"",""zh.radical.kangxi.195""]"	[]	[]	sources/characters.tsv	frequency-order position 2231; corpus frequency rank 2237; Ministry common-character number 4712	鱗: frequency-order position 2231; corpus frequency rank 2237; 37 appearances (0.00306%); Unihan kRSUnicode 195.12; Kangxi radical 195 魚; Unihan kRSUnicode single radical assignment.	[]	"[""chinese"",""traditional"",""radicals"",""frequency"",""character-to-radical"",""one-way"",""part-12""]"
zh-traditional-radicals-frequency-xii/2232/character-to-radical	XII	vocabulary	2232	zh-Hant	zh-Hant	寓	"[""宀""]"	[]		"[""zh-Hant.frequency.2238"",""zh.radical.kangxi.040""]"	[]	[]	sources/characters.tsv	frequency-order position 2232; corpus frequency rank 2238; Ministry common-character number 1040	寓: frequency-order position 2232; corpus frequency rank 2238; 37 appearances (0.00306%); Unihan kRSUnicode 40.9; Kangxi radical 40 宀; Unihan kRSUnicode single radical assignment.	[]	"[""chinese"",""traditional"",""radicals"",""frequency"",""character-to-radical"",""one-way"",""part-12""]"
zh-traditional-radicals-frequency-xii/2233/character-to-radical	XII	vocabulary	2233	zh-Hant	zh-Hant	綺	"[""糸""]"	[]		"[""zh-Hant.frequency.2239"",""zh.radical.kangxi.120""]"	[]	[]	sources/characters.tsv	frequency-order position 2233; corpus frequency rank 2239; Ministry common-character number 3139	綺: frequency-order position 2233; corpus frequency rank 2239; 37 appearances (0.00306%); Unihan kRSUnicode 120.8; Kangxi radical 120 糸; Unihan kRSUnicode single radical assignment.	[]	"[""chinese"",""traditional"",""radicals"",""frequency"",""character-to-radical"",""one-way"",""part-12""]"
zh-traditional-radicals-frequency-xii/2234/character-to-radical	XII	vocabulary	2234	zh-Hant	zh-Hant	匈	"[""勹""]"	[]		"[""zh-Hant.frequency.2240"",""zh.radical.kangxi.020""]"	[]	[]	sources/characters.tsv	frequency-order position 2234; corpus frequency rank 2240; Ministry common-character number 410	匈: frequency-order position 2234; corpus frequency rank 2240; 36 appearances (0.00298%); Unihan kRSUnicode 20.4; Kangxi radical 20 勹; Unihan kRSUnicode single radical assignment.	[]	"[""chinese"",""traditional"",""radicals"",""frequency"",""character-to-radical"",""one-way"",""part-12""]"
zh-traditional-radicals-frequency-xii/2235/character-to-radical	XII	vocabulary	2235	zh-Hant	zh-Hant	岡	"[""山""]"	[]		"[""zh-Hant.frequency.2241"",""zh.radical.kangxi.046""]"	[]	[]	sources/characters.tsv	frequency-order position 2235; corpus frequency rank 2241; Ministry common-character number 1107	岡: frequency-order position 2235; corpus frequency rank 2241; 36 appearances (0.00298%); Unihan kRSUnicode 46.5; Kangxi radical 46 山; Unihan kRSUnicode single radical assignment.	[]	"[""chinese"",""traditional"",""radicals"",""frequency"",""character-to-radical"",""one-way"",""part-12""]"
zh-traditional-radicals-frequency-xii/2236/character-to-radical	XII	vocabulary	2236	zh-Hant	zh-Hant	吱	"[""口""]"	[]		"[""zh-Hant.frequency.2242"",""zh.radical.kangxi.030""]"	[]	[]	sources/characters.tsv	frequency-order position 2236; corpus frequency rank 2242; Ministry common-character number 538	吱: frequency-order position 2236; corpus frequency rank 2242; 36 appearances (0.00298%); Unihan kRSUnicode 30.4; Kangxi radical 30 口; Unihan kRSUnicode single radical assignment.	[]	"[""chinese"",""traditional"",""radicals"",""frequency"",""character-to-radical"",""one-way"",""part-12""]"
zh-traditional-radicals-frequency-xii/2237/character-to-radical	XII	vocabulary	2237	zh-Hant	zh-Hant	弧	"[""弓""]"	[]		"[""zh-Hant.frequency.2243"",""zh.radical.kangxi.057""]"	[]	[]	sources/characters.tsv	frequency-order position 2237; corpus frequency rank 2243; Ministry common-character number 1253	弧: frequency-order position 2237; corpus frequency rank 2243; 36 appearances (0.00298%); Unihan kRSUnicode 57.5; Kangxi radical 57 弓; Unihan kRSUnicode single radical assignment.	[]	"[""chinese"",""traditional"",""radicals"",""frequency"",""character-to-radical"",""one-way"",""part-12""]"
zh-traditional-radicals-frequency-xii/2238/character-to-radical	XII	vocabulary	2238	zh-Hant	zh-Hant	辰	"[""辰""]"	[]		"[""zh-Hant.frequency.2244"",""zh.radical.kangxi.161""]"	[]	[]	sources/characters.tsv	frequency-order position 2238; corpus frequency rank 2244; Ministry common-character number 4109	辰: frequency-order position 2238; corpus frequency rank 2244; 36 appearances (0.00298%); Unihan kRSUnicode 161.0; Kangxi radical 161 辰; Unihan kRSUnicode single radical assignment.	[]	"[""chinese"",""traditional"",""radicals"",""frequency"",""character-to-radical"",""one-way"",""part-12""]"
zh-traditional-radicals-frequency-xii/2239/character-to-radical	XII	vocabulary	2239	zh-Hant	zh-Hant	彷	"[""彳""]"	[]		"[""zh-Hant.frequency.2245"",""zh.radical.kangxi.060""]"	[]	[]	sources/characters.tsv	frequency-order position 2239; corpus frequency rank 2245; Ministry common-character number 1276	彷: frequency-order position 2239; corpus frequency rank 2245; 36 appearances (0.00298%); Unihan kRSUnicode 60.4; Kangxi radical 60 彳; Unihan kRSUnicode single radical assignment.	[]	"[""chinese"",""traditional"",""radicals"",""frequency"",""character-to-radical"",""one-way"",""part-12""]"
zh-traditional-radicals-frequency-xii/2240/character-to-radical	XII	vocabulary	2240	zh-Hant	zh-Hant	氛	"[""气""]"	[]		"[""zh-Hant.frequency.2246"",""zh.radical.kangxi.084""]"	[]	[]	sources/characters.tsv	frequency-order position 2240; corpus frequency rank 2246; Ministry common-character number 2113	氛: frequency-order position 2240; corpus frequency rank 2246; 36 appearances (0.00298%); Unihan kRSUnicode 84.4; Kangxi radical 84 气; Unihan kRSUnicode single radical assignment.	[]	"[""chinese"",""traditional"",""radicals"",""frequency"",""character-to-radical"",""one-way"",""part-12""]"
zh-traditional-radicals-frequency-xii/2241/character-to-radical	XII	vocabulary	2241	zh-Hant	zh-Hant	沸	"[""水""]"	[]		"[""zh-Hant.frequency.2247"",""zh.radical.kangxi.085""]"	[]	[]	sources/characters.tsv	frequency-order position 2241; corpus frequency rank 2247; Ministry common-character number 2170	沸: frequency-order position 2241; corpus frequency rank 2247; 36 appearances (0.00298%); Unihan kRSUnicode 85.5; Kangxi radical 85 水; Unihan kRSUnicode single radical assignment.	[]	"[""chinese"",""traditional"",""radicals"",""frequency"",""character-to-radical"",""one-way"",""part-12""]"
zh-traditional-radicals-frequency-xii/2242/character-to-radical	XII	vocabulary	2242	zh-Hant	zh-Hant	歪	"[""止""]"	[]		"[""zh-Hant.frequency.2248"",""zh.radical.kangxi.077""]"	[]	[]	sources/characters.tsv	frequency-order position 2242; corpus frequency rank 2248; Ministry common-character number 2072	歪: frequency-order position 2242; corpus frequency rank 2248; 36 appearances (0.00298%); Unihan kRSUnicode 77.5; Kangxi radical 77 止; Unihan kRSUnicode single radical assignment.	[]	"[""chinese"",""traditional"",""radicals"",""frequency"",""character-to-radical"",""one-way"",""part-12""]"
zh-traditional-radicals-frequency-xii/2243/character-to-radical	XII	vocabulary	2243	zh-Hant	zh-Hant	巷	"[""己""]"	[]		"[""zh-Hant.frequency.2249"",""zh.radical.kangxi.049""]"	[]	[]	sources/characters.tsv	frequency-order position 2243; corpus frequency rank 2249; Ministry common-character number 1158	巷: frequency-order position 2243; corpus frequency rank 2249; 36 appearances (0.00298%); Unihan kRSUnicode 49.6; Kangxi radical 49 己; Unihan kRSUnicode single radical assignment.	[]	"[""chinese"",""traditional"",""radicals"",""frequency"",""character-to-radical"",""one-way"",""part-12""]"
zh-traditional-radicals-frequency-xii/2244/character-to-radical	XII	vocabulary	2244	zh-Hant	zh-Hant	姪	"[""女""]"	[]		"[""zh-Hant.frequency.2250"",""zh.radical.kangxi.038""]"	[]	[]	sources/characters.tsv	frequency-order position 2244; corpus frequency rank 2250; Ministry common-character number 921	姪: frequency-order position 2244; corpus frequency rank 2250; 36 appearances (0.00298%); Unihan kRSUnicode 38.6; Kangxi radical 38 女; Unihan kRSUnicode single radical assignment.	[]	"[""chinese"",""traditional"",""radicals"",""frequency"",""character-to-radical"",""one-way"",""part-12""]"
zh-traditional-radicals-frequency-xii/2245/character-to-radical	XII	vocabulary	2245	zh-Hant	zh-Hant	樸	"[""木""]"	[]		"[""zh-Hant.frequency.2251"",""zh.radical.kangxi.075""]"	[]	[]	sources/characters.tsv	frequency-order position 2245; corpus frequency rank 2251; Ministry common-character number 2019	樸: frequency-order position 2245; corpus frequency rank 2251; 36 appearances (0.00298%); Unihan kRSUnicode 75.12; Kangxi radical 75 木; Unihan kRSUnicode single radical assignment.	[]	"[""chinese"",""traditional"",""radicals"",""frequency"",""character-to-radical"",""one-way"",""part-12""]"
zh-traditional-radicals-frequency-xii/2246/character-to-radical	XII	vocabulary	2246	zh-Hant	zh-Hant	袁	"[""衣""]"	[]		"[""zh-Hant.frequency.2252"",""zh.radical.kangxi.145""]"	[]	[]	sources/characters.tsv	frequency-order position 2246; corpus frequency rank 2252; Ministry common-character number 3714	袁: frequency-order position 2246; corpus frequency rank 2252; 36 appearances (0.00298%); Unihan kRSUnicode 145.4; Kangxi radical 145 衣; Unihan kRSUnicode single radical assignment.	[]	"[""chinese"",""traditional"",""radicals"",""frequency"",""character-to-radical"",""one-way"",""part-12""]"
zh-traditional-radicals-frequency-xii/2247/character-to-radical	XII	vocabulary	2247	zh-Hant	zh-Hant	螃	"[""虫""]"	[]		"[""zh-Hant.frequency.2253"",""zh.radical.kangxi.142""]"	[]	[]	sources/characters.tsv	frequency-order position 2247; corpus frequency rank 2253; Ministry common-character number 3666	螃: frequency-order position 2247; corpus frequency rank 2253; 36 appearances (0.00298%); Unihan kRSUnicode 142.10; Kangxi radical 142 虫; Unihan kRSUnicode single radical assignment.	[]	"[""chinese"",""traditional"",""radicals"",""frequency"",""character-to-radical"",""one-way"",""part-12""]"
zh-traditional-radicals-frequency-xii/2248/character-to-radical	XII	vocabulary	2248	zh-Hant	zh-Hant	晒	"[""日""]"	[]		"[""zh-Hant.frequency.2254"",""zh.radical.kangxi.072""]"	[]	[]	sources/characters.tsv	frequency-order position 2248; corpus frequency rank 2254; Ministry common-character number 1798	晒: frequency-order position 2248; corpus frequency rank 2254; 36 appearances (0.00298%); Unihan kRSUnicode 72.6; Kangxi radical 72 日; Unihan kRSUnicode single radical assignment.	[]	"[""chinese"",""traditional"",""radicals"",""frequency"",""character-to-radical"",""one-way"",""part-12""]"
zh-traditional-radicals-frequency-xii/2249/character-to-radical	XII	vocabulary	2249	zh-Hant	zh-Hant	犧	"[""牛""]"	[]		"[""zh-Hant.frequency.2255"",""zh.radical.kangxi.093""]"	[]	[]	sources/characters.tsv	frequency-order position 2249; corpus frequency rank 2255; Ministry common-character number 2506	犧: frequency-order position 2249; corpus frequency rank 2255; 36 appearances (0.00298%); Unihan kRSUnicode 93.16; Kangxi radical 93 牛; Unihan kRSUnicode single radical assignment.	[]	"[""chinese"",""traditional"",""radicals"",""frequency"",""character-to-radical"",""one-way"",""part-12""]"
zh-traditional-radicals-frequency-xii/2250/character-to-radical	XII	vocabulary	2250	zh-Hant	zh-Hant	喇	"[""口""]"	[]		"[""zh-Hant.frequency.2256"",""zh.radical.kangxi.030""]"	[]	[]	sources/characters.tsv	frequency-order position 2250; corpus frequency rank 2256; Ministry common-character number 631	喇: frequency-order position 2250; corpus frequency rank 2256; 36 appearances (0.00298%); Unihan kRSUnicode 30.9; Kangxi radical 30 口; Unihan kRSUnicode single radical assignment.	[]	"[""chinese"",""traditional"",""radicals"",""frequency"",""character-to-radical"",""one-way"",""part-12""]"
zh-traditional-radicals-frequency-xii/2251/character-to-radical	XII	vocabulary	2251	zh-Hant	zh-Hant	綻	"[""糸""]"	[]		"[""zh-Hant.frequency.2257"",""zh.radical.kangxi.120""]"	[]	[]	sources/characters.tsv	frequency-order position 2251; corpus frequency rank 2257; Ministry common-character number 3129	綻: frequency-order position 2251; corpus frequency rank 2257; 36 appearances (0.00298%); Unihan kRSUnicode 120.8; Kangxi radical 120 糸; Unihan kRSUnicode single radical assignment.	[]	"[""chinese"",""traditional"",""radicals"",""frequency"",""character-to-radical"",""one-way"",""part-12""]"
zh-traditional-radicals-frequency-xii/2252/character-to-radical	XII	vocabulary	2252	zh-Hant	zh-Hant	廖	"[""广""]"	[]		"[""zh-Hant.frequency.2258"",""zh.radical.kangxi.053""]"	[]	[]	sources/characters.tsv	frequency-order position 2252; corpus frequency rank 2258; Ministry common-character number 1225	廖: frequency-order position 2252; corpus frequency rank 2258; 36 appearances (0.00298%); Unihan kRSUnicode 53.11; Kangxi radical 53 广; Unihan kRSUnicode single radical assignment.	[]	"[""chinese"",""traditional"",""radicals"",""frequency"",""character-to-radical"",""one-way"",""part-12""]"
zh-traditional-radicals-frequency-xii/2253/character-to-radical	XII	vocabulary	2253	zh-Hant	zh-Hant	墊	"[""土""]"	[]		"[""zh-Hant.frequency.2259"",""zh.radical.kangxi.032""]"	[]	[]	sources/characters.tsv	frequency-order position 2253; corpus frequency rank 2259; Ministry common-character number 808	墊: frequency-order position 2253; corpus frequency rank 2259; 36 appearances (0.00298%); Unihan kRSUnicode 32.11; Kangxi radical 32 土; Unihan kRSUnicode single radical assignment.	[]	"[""chinese"",""traditional"",""radicals"",""frequency"",""character-to-radical"",""one-way"",""part-12""]"
zh-traditional-radicals-frequency-xii/2254/character-to-radical	XII	vocabulary	2254	zh-Hant	zh-Hant	銷	"[""金""]"	[]		"[""zh-Hant.frequency.2260"",""zh.radical.kangxi.167""]"	[]	[]	sources/characters.tsv	frequency-order position 2254; corpus frequency rank 2260; Ministry common-character number 4299	銷: frequency-order position 2254; corpus frequency rank 2260; 36 appearances (0.00298%); Unihan kRSUnicode 167.7; Kangxi radical 167 金; Unihan kRSUnicode single radical assignment.	[]	"[""chinese"",""traditional"",""radicals"",""frequency"",""character-to-radical"",""one-way"",""part-12""]"
zh-traditional-radicals-frequency-xii/2255/character-to-radical	XII	vocabulary	2255	zh-Hant	zh-Hant	鄧	"[""邑""]"	[]		"[""zh-Hant.frequency.2261"",""zh.radical.kangxi.163""]"	[]	[]	sources/characters.tsv	frequency-order position 2255; corpus frequency rank 2261; Ministry common-character number 4222	鄧: frequency-order position 2255; corpus frequency rank 2261; 36 appearances (0.00298%); Unihan kRSUnicode 163.12; Kangxi radical 163 邑; Unihan kRSUnicode single radical assignment.	[]	"[""chinese"",""traditional"",""radicals"",""frequency"",""character-to-radical"",""one-way"",""part-12""]"
zh-traditional-radicals-frequency-xii/2256/character-to-radical	XII	vocabulary	2256	zh-Hant	zh-Hant	准	"[""冫""]"	[]		"[""zh-Hant.frequency.2262"",""zh.radical.kangxi.015""]"	[]	[]	sources/characters.tsv	frequency-order position 2256; corpus frequency rank 2262; Ministry common-character number 315	准: frequency-order position 2256; corpus frequency rank 2262; 36 appearances (0.00298%); Unihan kRSUnicode 15.8; Kangxi radical 15 冫; Unihan kRSUnicode single radical assignment.	[]	"[""chinese"",""traditional"",""radicals"",""frequency"",""character-to-radical"",""one-way"",""part-12""]"
zh-traditional-radicals-frequency-xii/2257/character-to-radical	XII	vocabulary	2257	zh-Hant	zh-Hant	啼	"[""口""]"	[]		"[""zh-Hant.frequency.2263"",""zh.radical.kangxi.030""]"	[]	[]	sources/characters.tsv	frequency-order position 2257; corpus frequency rank 2263; Ministry common-character number 623	啼: frequency-order position 2257; corpus frequency rank 2263; 36 appearances (0.00298%); Unihan kRSUnicode 30.9; Kangxi radical 30 口; Unihan kRSUnicode single radical assignment.	[]	"[""chinese"",""traditional"",""radicals"",""frequency"",""character-to-radical"",""one-way"",""part-12""]"
zh-traditional-radicals-frequency-xii/2258/character-to-radical	XII	vocabulary	2258	zh-Hant	zh-Hant	揭	"[""手""]"	[]		"[""zh-Hant.frequency.2264"",""zh.radical.kangxi.064""]"	[]	[]	sources/characters.tsv	frequency-order position 2258; corpus frequency rank 2264; Ministry common-character number 1627	揭: frequency-order position 2258; corpus frequency rank 2264; 36 appearances (0.00298%); Unihan kRSUnicode 64.9; Kangxi radical 64 手; Unihan kRSUnicode single radical assignment.	[]	"[""chinese"",""traditional"",""radicals"",""frequency"",""character-to-radical"",""one-way"",""part-12""]"
zh-traditional-radicals-frequency-xii/2259/character-to-radical	XII	vocabulary	2259	zh-Hant	zh-Hant	乞	"[""乙""]"	[]		"[""zh-Hant.frequency.2265"",""zh.radical.kangxi.005""]"	[]	[]	sources/characters.tsv	frequency-order position 2259; corpus frequency rank 2265; Ministry common-character number 41	乞: frequency-order position 2259; corpus frequency rank 2265; 35 appearances (0.00289%); Unihan kRSUnicode 5.2; Kangxi radical 5 乙; Unihan kRSUnicode single radical assignment.	[]	"[""chinese"",""traditional"",""radicals"",""frequency"",""character-to-radical"",""one-way"",""part-12""]"
zh-traditional-radicals-frequency-xii/2260/character-to-radical	XII	vocabulary	2260	zh-Hant	zh-Hant	亨	"[""亠""]"	[]		"[""zh-Hant.frequency.2266"",""zh.radical.kangxi.008""]"	[]	[]	sources/characters.tsv	frequency-order position 2260; corpus frequency rank 2266; Ministry common-character number 63	亨: frequency-order position 2260; corpus frequency rank 2266; 35 appearances (0.00289%); Unihan kRSUnicode 8.5; Kangxi radical 8 亠; Unihan kRSUnicode single radical assignment.	[]	"[""chinese"",""traditional"",""radicals"",""frequency"",""character-to-radical"",""one-way"",""part-12""]"
zh-traditional-radicals-frequency-xii/2261/character-to-radical	XII	vocabulary	2261	zh-Hant	zh-Hant	拋	"[""手""]"	[]		"[""zh-Hant.frequency.2267"",""zh.radical.kangxi.064""]"	[]	[]	sources/characters.tsv	frequency-order position 2261; corpus frequency rank 2267; Ministry common-character number 1535	拋: frequency-order position 2261; corpus frequency rank 2267; 35 appearances (0.00289%); Unihan kRSUnicode 64.5; Kangxi radical 64 手; Unihan kRSUnicode single radical assignment.	[]	"[""chinese"",""traditional"",""radicals"",""frequency"",""character-to-radical"",""one-way"",""part-12""]"
zh-traditional-radicals-frequency-xii/2262/character-to-radical	XII	vocabulary	2262	zh-Hant	zh-Hant	芝	"[""艸""]"	[]		"[""zh-Hant.frequency.2268"",""zh.radical.kangxi.140""]"	[]	[]	sources/characters.tsv	frequency-order position 2262; corpus frequency rank 2268; Ministry common-character number 3433	芝: frequency-order position 2262; corpus frequency rank 2268; 35 appearances (0.00289%); Unihan kRSUnicode 140.4; Kangxi radical 140 艸; Unihan kRSUnicode single radical assignment.	[]	"[""chinese"",""traditional"",""radicals"",""frequency"",""character-to-radical"",""one-way"",""part-12""]"
zh-traditional-radicals-frequency-xii/2263/character-to-radical	XII	vocabulary	2263	zh-Hant	zh-Hant	陌	"[""阜""]"	[]		"[""zh-Hant.frequency.2269"",""zh.radical.kangxi.170""]"	[]	[]	sources/characters.tsv	frequency-order position 2263; corpus frequency rank 2269; Ministry common-character number 4413	陌: frequency-order position 2263; corpus frequency rank 2269; 35 appearances (0.00289%); Unihan kRSUnicode 170.6; Kangxi radical 170 阜; Unihan kRSUnicode single radical assignment.	[]	"[""chinese"",""traditional"",""radicals"",""frequency"",""character-to-radical"",""one-way"",""part-12""]"
zh-traditional-radicals-frequency-xii/2264/character-to-radical	XII	vocabulary	2264	zh-Hant	zh-Hant	偕	"[""人""]"	[]		"[""zh-Hant.frequency.2270"",""zh.radical.kangxi.009""]"	[]	[]	sources/characters.tsv	frequency-order position 2264; corpus frequency rank 2270; Ministry common-character number 211	偕: frequency-order position 2264; corpus frequency rank 2270; 35 appearances (0.00289%); Unihan kRSUnicode 9.9; Kangxi radical 9 人; Unihan kRSUnicode single radical assignment.	[]	"[""chinese"",""traditional"",""radicals"",""frequency"",""character-to-radical"",""one-way"",""part-12""]"
zh-traditional-radicals-frequency-xii/2265/character-to-radical	XII	vocabulary	2265	zh-Hant	zh-Hant	脆	"[""肉""]"	[]		"[""zh-Hant.frequency.2271"",""zh.radical.kangxi.130""]"	[]	[]	sources/characters.tsv	frequency-order position 2265; corpus frequency rank 2271; Ministry common-character number 3325	脆: frequency-order position 2265; corpus frequency rank 2271; 35 appearances (0.00289%); Unihan kRSUnicode 130.6; Kangxi radical 130 肉; Unihan kRSUnicode single radical assignment.	[]	"[""chinese"",""traditional"",""radicals"",""frequency"",""character-to-radical"",""one-way"",""part-12""]"
zh-traditional-radicals-frequency-xii/2266/character-to-radical	XII	vocabulary	2266	zh-Hant	zh-Hant	梳	"[""木""]"	[]		"[""zh-Hant.frequency.2272"",""zh.radical.kangxi.075""]"	[]	[]	sources/characters.tsv	frequency-order position 2266; corpus frequency rank 2272; Ministry common-character number 1919	梳: frequency-order position 2266; corpus frequency rank 2272; 35 appearances (0.00289%); Unihan kRSUnicode 75.7; Kangxi radical 75 木; Unihan kRSUnicode single radical assignment.	[]	"[""chinese"",""traditional"",""radicals"",""frequency"",""character-to-radical"",""one-way"",""part-12""]"
zh-traditional-radicals-frequency-xii/2267/character-to-radical	XII	vocabulary	2267	zh-Hant	zh-Hant	宰	"[""宀""]"	[]		"[""zh-Hant.frequency.2273"",""zh.radical.kangxi.040""]"	[]	[]	sources/characters.tsv	frequency-order position 2267; corpus frequency rank 2273; Ministry common-character number 1024	宰: frequency-order position 2267; corpus frequency rank 2273; 35 appearances (0.00289%); Unihan kRSUnicode 40.7; Kangxi radical 40 宀; Unihan kRSUnicode single radical assignment.	[]	"[""chinese"",""traditional"",""radicals"",""frequency"",""character-to-radical"",""one-way"",""part-12""]"
zh-traditional-radicals-frequency-xii/2268/character-to-radical	XII	vocabulary	2268	zh-Hant	zh-Hant	症	"[""疒""]"	[]		"[""zh-Hant.frequency.2274"",""zh.radical.kangxi.104""]"	[]	[]	sources/characters.tsv	frequency-order position 2268; corpus frequency rank 2274; Ministry common-character number 2668	症: frequency-order position 2268; corpus frequency rank 2274; 35 appearances (0.00289%); Unihan kRSUnicode 104.5; Kangxi radical 104 疒; Unihan kRSUnicode single radical assignment.	[]	"[""chinese"",""traditional"",""radicals"",""frequency"",""character-to-radical"",""one-way"",""part-12""]"
zh-traditional-radicals-frequency-xii/2269/character-to-radical	XII	vocabulary	2269	zh-Hant	zh-Hant	騫	"[""馬""]"	[]		"[""zh-Hant.frequency.2275"",""zh.radical.kangxi.187""]"	[]	[]	sources/characters.tsv	frequency-order position 2269; corpus frequency rank 2275; Ministry common-character number 4642	騫: frequency-order position 2269; corpus frequency rank 2275; 35 appearances (0.00289%); Unihan kRSUnicode 187.10; Kangxi radical 187 馬; Unihan kRSUnicode single radical assignment.	[]	"[""chinese"",""traditional"",""radicals"",""frequency"",""character-to-radical"",""one-way"",""part-12""]"
zh-traditional-radicals-frequency-xii/2270/character-to-radical	XII	vocabulary	2270	zh-Hant	zh-Hant	淘	"[""水""]"	[]		"[""zh-Hant.frequency.2276"",""zh.radical.kangxi.085""]"	[]	[]	sources/characters.tsv	frequency-order position 2270; corpus frequency rank 2276; Ministry common-character number 2241	淘: frequency-order position 2270; corpus frequency rank 2276; 35 appearances (0.00289%); Unihan kRSUnicode 85.8; Kangxi radical 85 水; Unihan kRSUnicode single radical assignment.	[]	"[""chinese"",""traditional"",""radicals"",""frequency"",""character-to-radical"",""one-way"",""part-12""]"
zh-traditional-radicals-frequency-xii/2271/character-to-radical	XII	vocabulary	2271	zh-Hant	zh-Hant	蘊	"[""艸""]"	[]		"[""zh-Hant.frequency.2277"",""zh.radical.kangxi.140""]"	[]	[]	sources/characters.tsv	frequency-order position 2271; corpus frequency rank 2277; Ministry common-character number 3598	蘊: frequency-order position 2271; corpus frequency rank 2277; 35 appearances (0.00289%); Unihan kRSUnicode 140.16; Kangxi radical 140 艸; Unihan kRSUnicode single radical assignment.	[]	"[""chinese"",""traditional"",""radicals"",""frequency"",""character-to-radical"",""one-way"",""part-12""]"
zh-traditional-radicals-frequency-xii/2272/character-to-radical	XII	vocabulary	2272	zh-Hant	zh-Hant	捧	"[""手""]"	[]		"[""zh-Hant.frequency.2278"",""zh.radical.kangxi.064""]"	[]	[]	sources/characters.tsv	frequency-order position 2272; corpus frequency rank 2278; Ministry common-character number 1593	捧: frequency-order position 2272; corpus frequency rank 2278; 35 appearances (0.00289%); Unihan kRSUnicode 64.8; Kangxi radical 64 手; Unihan kRSUnicode single radical assignment.	[]	"[""chinese"",""traditional"",""radicals"",""frequency"",""character-to-radical"",""one-way"",""part-12""]"
zh-traditional-radicals-frequency-xii/2273/character-to-radical	XII	vocabulary	2273	zh-Hant	zh-Hant	嫌	"[""女""]"	[]		"[""zh-Hant.frequency.2279"",""zh.radical.kangxi.038""]"	[]	[]	sources/characters.tsv	frequency-order position 2273; corpus frequency rank 2279; Ministry common-character number 956	嫌: frequency-order position 2273; corpus frequency rank 2279; 35 appearances (0.00289%); Unihan kRSUnicode 38.10; Kangxi radical 38 女; Unihan kRSUnicode single radical assignment.	[]	"[""chinese"",""traditional"",""radicals"",""frequency"",""character-to-radical"",""one-way"",""part-12""]"
zh-traditional-radicals-frequency-xii/2274/character-to-radical	XII	vocabulary	2274	zh-Hant	zh-Hant	飼	"[""食""]"	[]		"[""zh-Hant.frequency.2280"",""zh.radical.kangxi.184""]"	[]	[]	sources/characters.tsv	frequency-order position 2274; corpus frequency rank 2280; Ministry common-character number 4589	飼: frequency-order position 2274; corpus frequency rank 2280; 35 appearances (0.00289%); Unihan kRSUnicode 184.5; Kangxi radical 184 食; Unihan kRSUnicode single radical assignment.	[]	"[""chinese"",""traditional"",""radicals"",""frequency"",""character-to-radical"",""one-way"",""part-12""]"
zh-traditional-radicals-frequency-xii/2275/character-to-radical	XII	vocabulary	2275	zh-Hant	zh-Hant	裕	"[""衣""]"	[]		"[""zh-Hant.frequency.2281"",""zh.radical.kangxi.145""]"	[]	[]	sources/characters.tsv	frequency-order position 2275; corpus frequency rank 2281; Ministry common-character number 3734	裕: frequency-order position 2275; corpus frequency rank 2281; 35 appearances (0.00289%); Unihan kRSUnicode 145.7; Kangxi radical 145 衣; Unihan kRSUnicode single radical assignment.	[]	"[""chinese"",""traditional"",""radicals"",""frequency"",""character-to-radical"",""one-way"",""part-12""]"
zh-traditional-radicals-frequency-xii/2276/character-to-radical	XII	vocabulary	2276	zh-Hant	zh-Hant	踩	"[""足""]"	[]		"[""zh-Hant.frequency.2282"",""zh.radical.kangxi.157""]"	[]	[]	sources/characters.tsv	frequency-order position 2276; corpus frequency rank 2282; Ministry common-character number 4025	踩: frequency-order position 2276; corpus frequency rank 2282; 35 appearances (0.00289%); Unihan kRSUnicode 157.8; Kangxi radical 157 足; Unihan kRSUnicode single radical assignment.	[]	"[""chinese"",""traditional"",""radicals"",""frequency"",""character-to-radical"",""one-way"",""part-12""]"
zh-traditional-radicals-frequency-xii/2277/character-to-radical	XII	vocabulary	2277	zh-Hant	zh-Hant	墾	"[""土""]"	[]		"[""zh-Hant.frequency.2283"",""zh.radical.kangxi.032""]"	[]	[]	sources/characters.tsv	frequency-order position 2277; corpus frequency rank 2283; Ministry common-character number 818	墾: frequency-order position 2277; corpus frequency rank 2283; 35 appearances (0.00289%); Unihan kRSUnicode 32.13; Kangxi radical 32 土; Unihan kRSUnicode single radical assignment.	[]	"[""chinese"",""traditional"",""radicals"",""frequency"",""character-to-radical"",""one-way"",""part-12""]"
zh-traditional-radicals-frequency-xii/2278/character-to-radical	XII	vocabulary	2278	zh-Hant	zh-Hant	鍾	"[""金""]"	[]		"[""zh-Hant.frequency.2284"",""zh.radical.kangxi.167""]"	[]	[]	sources/characters.tsv	frequency-order position 2278; corpus frequency rank 2284; Ministry common-character number 4326	鍾: frequency-order position 2278; corpus frequency rank 2284; 35 appearances (0.00289%); Unihan kRSUnicode 167.9; Kangxi radical 167 金; Unihan kRSUnicode single radical assignment.	[]	"[""chinese"",""traditional"",""radicals"",""frequency"",""character-to-radical"",""one-way"",""part-12""]"
zh-traditional-radicals-frequency-xii/2279/character-to-radical	XII	vocabulary	2279	zh-Hant	zh-Hant	謹	"[""言""]"	[]		"[""zh-Hant.frequency.2285"",""zh.radical.kangxi.149""]"	[]	[]	sources/characters.tsv	frequency-order position 2279; corpus frequency rank 2285; Ministry common-character number 3880	謹: frequency-order position 2279; corpus frequency rank 2285; 35 appearances (0.00289%); Unihan kRSUnicode 149.11; Kangxi radical 149 言; Unihan kRSUnicode single radical assignment.	[]	"[""chinese"",""traditional"",""radicals"",""frequency"",""character-to-radical"",""one-way"",""part-12""]"
zh-traditional-radicals-frequency-xii/2280/character-to-radical	XII	vocabulary	2280	zh-Hant	zh-Hant	涵	"[""水""]"	[]		"[""zh-Hant.frequency.2286"",""zh.radical.kangxi.085""]"	[]	[]	sources/characters.tsv	frequency-order position 2280; corpus frequency rank 2286; Ministry common-character number 2238	涵: frequency-order position 2280; corpus frequency rank 2286; 35 appearances (0.00289%); Unihan kRSUnicode 85.8; Kangxi radical 85 水; Unihan kRSUnicode single radical assignment.	[]	"[""chinese"",""traditional"",""radicals"",""frequency"",""character-to-radical"",""one-way"",""part-12""]"
zh-traditional-radicals-frequency-xii/2281/character-to-radical	XII	vocabulary	2281	zh-Hant	zh-Hant	搞	"[""手""]"	[]		"[""zh-Hant.frequency.2287"",""zh.radical.kangxi.064""]"	[]	[]	sources/characters.tsv	frequency-order position 2281; corpus frequency rank 2287; Ministry common-character number 1637	搞: frequency-order position 2281; corpus frequency rank 2287; 35 appearances (0.00289%); Unihan kRSUnicode 64.10; Kangxi radical 64 手; Unihan kRSUnicode single radical assignment.	[]	"[""chinese"",""traditional"",""radicals"",""frequency"",""character-to-radical"",""one-way"",""part-12""]"
zh-traditional-radicals-frequency-xii/2282/character-to-radical	XII	vocabulary	2282	zh-Hant	zh-Hant	妥	"[""女""]"	[]		"[""zh-Hant.frequency.2288"",""zh.radical.kangxi.038""]"	[]	[]	sources/characters.tsv	frequency-order position 2282; corpus frequency rank 2288; Ministry common-character number 898	妥: frequency-order position 2282; corpus frequency rank 2288; 34 appearances (0.00281%); Unihan kRSUnicode 38.4; Kangxi radical 38 女; Unihan kRSUnicode single radical assignment.	[]	"[""chinese"",""traditional"",""radicals"",""frequency"",""character-to-radical"",""one-way"",""part-12""]"
zh-traditional-radicals-frequency-xii/2283/character-to-radical	XII	vocabulary	2283	zh-Hant	zh-Hant	沼	"[""水""]"	[]		"[""zh-Hant.frequency.2290"",""zh.radical.kangxi.085""]"	[]	[]	sources/characters.tsv	frequency-order position 2283; corpus frequency rank 2290; Ministry common-character number 2165	沼: frequency-order position 2283; corpus frequency rank 2290; 34 appearances (0.00281%); Unihan kRSUnicode 85.5; Kangxi radical 85 水; Unihan kRSUnicode single radical assignment.	[]	"[""chinese"",""traditional"",""radicals"",""frequency"",""character-to-radical"",""one-way"",""part-12""]"
zh-traditional-radicals-frequency-xii/2284/character-to-radical	XII	vocabulary	2284	zh-Hant	zh-Hant	俠	"[""人""]"	[]		"[""zh-Hant.frequency.2291"",""zh.radical.kangxi.009""]"	[]	[]	sources/characters.tsv	frequency-order position 2284; corpus frequency rank 2291; Ministry common-character number 152	俠: frequency-order position 2284; corpus frequency rank 2291; 34 appearances (0.00281%); Unihan kRSUnicode 9.7; Kangxi radical 9 人; Unihan kRSUnicode single radical assignment.	[]	"[""chinese"",""traditional"",""radicals"",""frequency"",""character-to-radical"",""one-way"",""part-12""]"
zh-traditional-radicals-frequency-xii/2285/character-to-radical	XII	vocabulary	2285	zh-Hant	zh-Hant	彥	"[""彡""]"	[]		"[""zh-Hant.frequency.2292"",""zh.radical.kangxi.059""]"	[]	[]	sources/characters.tsv	frequency-order position 2285; corpus frequency rank 2292; Ministry common-character number 1269	彥: frequency-order position 2285; corpus frequency rank 2292; 34 appearances (0.00281%); Unihan kRSUnicode 59.6; Kangxi radical 59 彡; Unihan kRSUnicode single radical assignment.	[]	"[""chinese"",""traditional"",""radicals"",""frequency"",""character-to-radical"",""one-way"",""part-12""]"
zh-traditional-radicals-frequency-xii/2286/character-to-radical	XII	vocabulary	2286	zh-Hant	zh-Hant	耘	"[""耒""]"	[]		"[""zh-Hant.frequency.2293"",""zh.radical.kangxi.127""]"	[]	[]	sources/characters.tsv	frequency-order position 2286; corpus frequency rank 2293; Ministry common-character number 3259	耘: frequency-order position 2286; corpus frequency rank 2293; 34 appearances (0.00281%); Unihan kRSUnicode 127.4; Kangxi radical 127 耒; Unihan kRSUnicode single radical assignment.	[]	"[""chinese"",""traditional"",""radicals"",""frequency"",""character-to-radical"",""one-way"",""part-12""]"
zh-traditional-radicals-frequency-xii/2287/character-to-radical	XII	vocabulary	2287	zh-Hant	zh-Hant	唸	"[""口""]"	[]		"[""zh-Hant.frequency.2294"",""zh.radical.kangxi.030""]"	[]	[]	sources/characters.tsv	frequency-order position 2287; corpus frequency rank 2294; Ministry common-character number 614	唸: frequency-order position 2287; corpus frequency rank 2294; 34 appearances (0.00281%); Unihan kRSUnicode 30.8; Kangxi radical 30 口; Unihan kRSUnicode single radical assignment.	[]	"[""chinese"",""traditional"",""radicals"",""frequency"",""character-to-radical"",""one-way"",""part-12""]"
zh-traditional-radicals-frequency-xii/2288/character-to-radical	XII	vocabulary	2288	zh-Hant	zh-Hant	秤	"[""禾""]"	[]		"[""zh-Hant.frequency.2295"",""zh.radical.kangxi.115""]"	[]	[]	sources/characters.tsv	frequency-order position 2288; corpus frequency rank 2295; Ministry common-character number 2919	秤: frequency-order position 2288; corpus frequency rank 2295; 34 appearances (0.00281%); Unihan kRSUnicode 115.5; Kangxi radical 115 禾; Unihan kRSUnicode single radical assignment.	[]	"[""chinese"",""traditional"",""radicals"",""frequency"",""character-to-radical"",""one-way"",""part-12""]"
zh-traditional-radicals-frequency-xii/2289/character-to-radical	XII	vocabulary	2289	zh-Hant	zh-Hant	廊	"[""广""]"	[]		"[""zh-Hant.frequency.2296"",""zh.radical.kangxi.053""]"	[]	[]	sources/characters.tsv	frequency-order position 2289; corpus frequency rank 2296; Ministry common-character number 1219	廊: frequency-order position 2289; corpus frequency rank 2296; 34 appearances (0.00281%); Unihan kRSUnicode 53.9; Kangxi radical 53 广; Unihan kRSUnicode single radical assignment.	[]	"[""chinese"",""traditional"",""radicals"",""frequency"",""character-to-radical"",""one-way"",""part-12""]"
zh-traditional-radicals-frequency-xii/2290/character-to-radical	XII	vocabulary	2290	zh-Hant	zh-Hant	喉	"[""口""]"	[]		"[""zh-Hant.frequency.2297"",""zh.radical.kangxi.030""]"	[]	[]	sources/characters.tsv	frequency-order position 2290; corpus frequency rank 2297; Ministry common-character number 644	喉: frequency-order position 2290; corpus frequency rank 2297; 34 appearances (0.00281%); Unihan kRSUnicode 30.9; Kangxi radical 30 口; Unihan kRSUnicode single radical assignment.	[]	"[""chinese"",""traditional"",""radicals"",""frequency"",""character-to-radical"",""one-way"",""part-12""]"
zh-traditional-radicals-frequency-xii/2291/character-to-radical	XII	vocabulary	2291	zh-Hant	zh-Hant	愧	"[""心""]"	[]		"[""zh-Hant.frequency.2298"",""zh.radical.kangxi.061""]"	[]	[]	sources/characters.tsv	frequency-order position 2291; corpus frequency rank 2298; Ministry common-character number 1414	愧: frequency-order position 2291; corpus frequency rank 2298; 34 appearances (0.00281%); Unihan kRSUnicode 61.10; Kangxi radical 61 心; Unihan kRSUnicode single radical assignment.	[]	"[""chinese"",""traditional"",""radicals"",""frequency"",""character-to-radical"",""one-way"",""part-12""]"
zh-traditional-radicals-frequency-xii/2292/character-to-radical	XII	vocabulary	2292	zh-Hant	zh-Hant	閣	"[""門""]"	[]		"[""zh-Hant.frequency.2299"",""zh.radical.kangxi.169""]"	[]	[]	sources/characters.tsv	frequency-order position 2292; corpus frequency rank 2299; Ministry common-character number 4384	閣: frequency-order position 2292; corpus frequency rank 2299; 34 appearances (0.00281%); Unihan kRSUnicode 169.6; Kangxi radical 169 門; Unihan kRSUnicode single radical assignment.	[]	"[""chinese"",""traditional"",""radicals"",""frequency"",""character-to-radical"",""one-way"",""part-12""]"
zh-traditional-radicals-frequency-xii/2293/character-to-radical	XII	vocabulary	2293	zh-Hant	zh-Hant	蔗	"[""艸""]"	[]		"[""zh-Hant.frequency.2300"",""zh.radical.kangxi.140""]"	[]	[]	sources/characters.tsv	frequency-order position 2293; corpus frequency rank 2300; Ministry common-character number 3547	蔗: frequency-order position 2293; corpus frequency rank 2300; 34 appearances (0.00281%); Unihan kRSUnicode 140.11; Kangxi radical 140 艸; Unihan kRSUnicode single radical assignment.	[]	"[""chinese"",""traditional"",""radicals"",""frequency"",""character-to-radical"",""one-way"",""part-12""]"
zh-traditional-radicals-frequency-xii/2294/character-to-radical	XII	vocabulary	2294	zh-Hant	zh-Hant	貳	"[""貝""]"	[]		"[""zh-Hant.frequency.2301"",""zh.radical.kangxi.154""]"	[]	[]	sources/characters.tsv	frequency-order position 2294; corpus frequency rank 2301; Ministry common-character number 3940	貳: frequency-order position 2294; corpus frequency rank 2301; 34 appearances (0.00281%); Unihan kRSUnicode 154.5; Kangxi radical 154 貝; Unihan kRSUnicode single radical assignment.	[]	"[""chinese"",""traditional"",""radicals"",""frequency"",""character-to-radical"",""one-way"",""part-12""]"
zh-traditional-radicals-frequency-xii/2295/character-to-radical	XII	vocabulary	2295	zh-Hant	zh-Hant	賭	"[""貝""]"	[]		"[""zh-Hant.frequency.2302"",""zh.radical.kangxi.154""]"	[]	[]	sources/characters.tsv	frequency-order position 2295; corpus frequency rank 2302; Ministry common-character number 3966	賭: frequency-order position 2295; corpus frequency rank 2302; 34 appearances (0.00281%); Unihan kRSUnicode 154.9; Kangxi radical 154 貝; Unihan kRSUnicode single radical assignment.	[]	"[""chinese"",""traditional"",""radicals"",""frequency"",""character-to-radical"",""one-way"",""part-12""]"
zh-traditional-radicals-frequency-xii/2296/character-to-radical	XII	vocabulary	2296	zh-Hant	zh-Hant	僕	"[""人""]"	[]		"[""zh-Hant.frequency.2303"",""zh.radical.kangxi.009""]"	[]	[]	sources/characters.tsv	frequency-order position 2296; corpus frequency rank 2303; Ministry common-character number 241	僕: frequency-order position 2296; corpus frequency rank 2303; 34 appearances (0.00281%); Unihan kRSUnicode 9.12; Kangxi radical 9 人; Unihan kRSUnicode single radical assignment.	[]	"[""chinese"",""traditional"",""radicals"",""frequency"",""character-to-radical"",""one-way"",""part-12""]"
zh-traditional-radicals-frequency-xii/2297/character-to-radical	XII	vocabulary	2297	zh-Hant	zh-Hant	蔬	"[""艸""]"	[]		"[""zh-Hant.frequency.2304"",""zh.radical.kangxi.140""]"	[]	[]	sources/characters.tsv	frequency-order position 2297; corpus frequency rank 2304; Ministry common-character number 3551	蔬: frequency-order position 2297; corpus frequency rank 2304; 34 appearances (0.00281%); Unihan kRSUnicode 140.11; Kangxi radical 140 艸; Unihan kRSUnicode single radical assignment.	[]	"[""chinese"",""traditional"",""radicals"",""frequency"",""character-to-radical"",""one-way"",""part-12""]"
zh-traditional-radicals-frequency-xii/2298/character-to-radical	XII	vocabulary	2298	zh-Hant	zh-Hant	禽	"[""禸""]"	[]		"[""zh-Hant.frequency.2305"",""zh.radical.kangxi.114""]"	[]	[]	sources/characters.tsv	frequency-order position 2298; corpus frequency rank 2305; Ministry common-character number 2910	禽: frequency-order position 2298; corpus frequency rank 2305; 34 appearances (0.00281%); Unihan kRSUnicode 114.8; Kangxi radical 114 禸; Unihan kRSUnicode single radical assignment.	[]	"[""chinese"",""traditional"",""radicals"",""frequency"",""character-to-radical"",""one-way"",""part-12""]"
zh-traditional-radicals-frequency-xii/2299/character-to-radical	XII	vocabulary	2299	zh-Hant	zh-Hant	熄	"[""火""]"	[]		"[""zh-Hant.frequency.2307"",""zh.radical.kangxi.086""]"	[]	[]	sources/characters.tsv	frequency-order position 2299; corpus frequency rank 2307; Ministry common-character number 2435	熄: frequency-order position 2299; corpus frequency rank 2307; 34 appearances (0.00281%); Unihan kRSUnicode 86.10; Kangxi radical 86 火; Unihan kRSUnicode single radical assignment.	[]	"[""chinese"",""traditional"",""radicals"",""frequency"",""character-to-radical"",""one-way"",""part-12""]"
zh-traditional-radicals-frequency-xii/2300/character-to-radical	XII	vocabulary	2300	zh-Hant	zh-Hant	薪	"[""艸""]"	[]		"[""zh-Hant.frequency.2308"",""zh.radical.kangxi.140""]"	[]	[]	sources/characters.tsv	frequency-order position 2300; corpus frequency rank 2308; Ministry common-character number 3570	薪: frequency-order position 2300; corpus frequency rank 2308; 34 appearances (0.00281%); Unihan kRSUnicode 140.13; Kangxi radical 140 艸; Unihan kRSUnicode single radical assignment.	[]	"[""chinese"",""traditional"",""radicals"",""frequency"",""character-to-radical"",""one-way"",""part-12""]"
zh-traditional-radicals-frequency-xii/2301/character-to-radical	XII	vocabulary	2301	zh-Hant	zh-Hant	誼	"[""言""]"	[]		"[""zh-Hant.frequency.2309"",""zh.radical.kangxi.149""]"	[]	[]	sources/characters.tsv	frequency-order position 2301; corpus frequency rank 2309; Ministry common-character number 3844	誼: frequency-order position 2301; corpus frequency rank 2309; 34 appearances (0.00281%); Unihan kRSUnicode 149.8; Kangxi radical 149 言; Unihan kRSUnicode single radical assignment.	[]	"[""chinese"",""traditional"",""radicals"",""frequency"",""character-to-radical"",""one-way"",""part-12""]"
zh-traditional-radicals-frequency-xii/2302/character-to-radical	XII	vocabulary	2302	zh-Hant	zh-Hant	鑄	"[""金""]"	[]		"[""zh-Hant.frequency.2310"",""zh.radical.kangxi.167""]"	[]	[]	sources/characters.tsv	frequency-order position 2302; corpus frequency rank 2310; Ministry common-character number 4358	鑄: frequency-order position 2302; corpus frequency rank 2310; 34 appearances (0.00281%); Unihan kRSUnicode 167.14; Kangxi radical 167 金; Unihan kRSUnicode single radical assignment.	[]	"[""chinese"",""traditional"",""radicals"",""frequency"",""character-to-radical"",""one-way"",""part-12""]"
zh-traditional-radicals-frequency-xii/2303/character-to-radical	XII	vocabulary	2303	zh-Hant	zh-Hant	溉	"[""水""]"	[]		"[""zh-Hant.frequency.2311"",""zh.radical.kangxi.085""]"	[]	[]	sources/characters.tsv	frequency-order position 2303; corpus frequency rank 2311; Ministry common-character number 2275	溉: frequency-order position 2303; corpus frequency rank 2311; 34 appearances (0.00281%); Unihan kRSUnicode 85.9; Kangxi radical 85 水; Unihan kRSUnicode single radical assignment.	[]	"[""chinese"",""traditional"",""radicals"",""frequency"",""character-to-radical"",""one-way"",""part-12""]"
zh-traditional-radicals-frequency-xii/2304/character-to-radical	XII	vocabulary	2304	zh-Hant	zh-Hant	熔	"[""火""]"	[]		"[""zh-Hant.frequency.2312"",""zh.radical.kangxi.086""]"	[]	[]	sources/characters.tsv	frequency-order position 2304; corpus frequency rank 2312; Ministry common-character number 2431	熔: frequency-order position 2304; corpus frequency rank 2312; 34 appearances (0.00281%); Unihan kRSUnicode 86.10; Kangxi radical 86 火; Unihan kRSUnicode single radical assignment.	[]	"[""chinese"",""traditional"",""radicals"",""frequency"",""character-to-radical"",""one-way"",""part-12""]"
zh-traditional-radicals-frequency-xii/2305/character-to-radical	XII	vocabulary	2305	zh-Hant	zh-Hant	馳	"[""馬""]"	[]		"[""zh-Hant.frequency.2313"",""zh.radical.kangxi.187""]"	[]	[]	sources/characters.tsv	frequency-order position 2305; corpus frequency rank 2313; Ministry common-character number 4622	馳: frequency-order position 2305; corpus frequency rank 2313; 34 appearances (0.00281%); Unihan kRSUnicode 187.3; Kangxi radical 187 馬; Unihan kRSUnicode single radical assignment.	[]	"[""chinese"",""traditional"",""radicals"",""frequency"",""character-to-radical"",""one-way"",""part-12""]"
zh-traditional-radicals-frequency-xii/2306/character-to-radical	XII	vocabulary	2306	zh-Hant	zh-Hant	撫	"[""手""]"	[]		"[""zh-Hant.frequency.2314"",""zh.radical.kangxi.064""]"	[]	[]	sources/characters.tsv	frequency-order position 2306; corpus frequency rank 2314; Ministry common-character number 1673	撫: frequency-order position 2306; corpus frequency rank 2314; 34 appearances (0.00281%); Unihan kRSUnicode 64.12; Kangxi radical 64 手; Unihan kRSUnicode single radical assignment.	[]	"[""chinese"",""traditional"",""radicals"",""frequency"",""character-to-radical"",""one-way"",""part-12""]"
zh-traditional-radicals-frequency-xii/2307/character-to-radical	XII	vocabulary	2307	zh-Hant	zh-Hant	蔣	"[""艸""]"	[]		"[""zh-Hant.frequency.2315"",""zh.radical.kangxi.140""]"	[]	[]	sources/characters.tsv	frequency-order position 2307; corpus frequency rank 2315; Ministry common-character number 3555	蔣: frequency-order position 2307; corpus frequency rank 2315; 34 appearances (0.00281%); Unihan kRSUnicode 140.11; Kangxi radical 140 艸; Unihan kRSUnicode single radical assignment.	[]	"[""chinese"",""traditional"",""radicals"",""frequency"",""character-to-radical"",""one-way"",""part-12""]"
zh-traditional-radicals-frequency-xii/2308/character-to-radical	XII	vocabulary	2308	zh-Hant	zh-Hant	嫂	"[""女""]"	[]		"[""zh-Hant.frequency.2316"",""zh.radical.kangxi.038""]"	[]	[]	sources/characters.tsv	frequency-order position 2308; corpus frequency rank 2316; Ministry common-character number 961	嫂: frequency-order position 2308; corpus frequency rank 2316; 34 appearances (0.00281%); Unihan kRSUnicode 38.10; Kangxi radical 38 女; Unihan kRSUnicode single radical assignment.	[]	"[""chinese"",""traditional"",""radicals"",""frequency"",""character-to-radical"",""one-way"",""part-12""]"
zh-traditional-radicals-frequency-xii/2309/character-to-radical	XII	vocabulary	2309	zh-Hant	zh-Hant	仲	"[""人""]"	[]		"[""zh-Hant.frequency.2317"",""zh.radical.kangxi.009""]"	[]	[]	sources/characters.tsv	frequency-order position 2309; corpus frequency rank 2317; Ministry common-character number 97	仲: frequency-order position 2309; corpus frequency rank 2317; 33 appearances (0.00273%); Unihan kRSUnicode 9.4; Kangxi radical 9 人; Unihan kRSUnicode single radical assignment.	[]	"[""chinese"",""traditional"",""radicals"",""frequency"",""character-to-radical"",""one-way"",""part-12""]"
zh-traditional-radicals-frequency-xii/2310/character-to-radical	XII	vocabulary	2310	zh-Hant	zh-Hant	彿	"[""彳""]"	[]		"[""zh-Hant.frequency.2318"",""zh.radical.kangxi.060""]"	[]	[]	sources/characters.tsv	frequency-order position 2310; corpus frequency rank 2318; Ministry common-character number 1280	彿: frequency-order position 2310; corpus frequency rank 2318; 33 appearances (0.00273%); Unihan kRSUnicode 60.5; Kangxi radical 60 彳; Unihan kRSUnicode single radical assignment.	[]	"[""chinese"",""traditional"",""radicals"",""frequency"",""character-to-radical"",""one-way"",""part-12""]"
zh-traditional-radicals-frequency-xii/2311/character-to-radical	XII	vocabulary	2311	zh-Hant	zh-Hant	奈	"[""大""]"	[]		"[""zh-Hant.frequency.2319"",""zh.radical.kangxi.037""]"	[]	[]	sources/characters.tsv	frequency-order position 2311; corpus frequency rank 2319; Ministry common-character number 860	奈: frequency-order position 2311; corpus frequency rank 2319; 33 appearances (0.00273%); Unihan kRSUnicode 37.5; Kangxi radical 37 大; Unihan kRSUnicode single radical assignment.	[]	"[""chinese"",""traditional"",""radicals"",""frequency"",""character-to-radical"",""one-way"",""part-12""]"
zh-traditional-radicals-frequency-xii/2312/character-to-radical	XII	vocabulary	2312	zh-Hant	zh-Hant	併	"[""人""]"	[]		"[""zh-Hant.frequency.2320"",""zh.radical.kangxi.009""]"	[]	[]	sources/characters.tsv	frequency-order position 2312; corpus frequency rank 2320; Ministry common-character number 141	併: frequency-order position 2312; corpus frequency rank 2320; 33 appearances (0.00273%); Unihan kRSUnicode 9.6; Kangxi radical 9 人; Unihan kRSUnicode single radical assignment.	[]	"[""chinese"",""traditional"",""radicals"",""frequency"",""character-to-radical"",""one-way"",""part-12""]"
zh-traditional-radicals-frequency-xii/2313/character-to-radical	XII	vocabulary	2313	zh-Hant	zh-Hant	披	"[""手""]"	[]		"[""zh-Hant.frequency.2321"",""zh.radical.kangxi.064""]"	[]	[]	sources/characters.tsv	frequency-order position 2313; corpus frequency rank 2321; Ministry common-character number 1532	披: frequency-order position 2313; corpus frequency rank 2321; 33 appearances (0.00273%); Unihan kRSUnicode 64.5; Kangxi radical 64 手; Unihan kRSUnicode single radical assignment.	[]	"[""chinese"",""traditional"",""radicals"",""frequency"",""character-to-radical"",""one-way"",""part-12""]"
zh-traditional-radicals-frequency-xii/2314/character-to-radical	XII	vocabulary	2314	zh-Hant	zh-Hant	吼	"[""口""]"	[]		"[""zh-Hant.frequency.2322"",""zh.radical.kangxi.030""]"	[]	[]	sources/characters.tsv	frequency-order position 2314; corpus frequency rank 2322; Ministry common-character number 536	吼: frequency-order position 2314; corpus frequency rank 2322; 33 appearances (0.00273%); Unihan kRSUnicode 30.4; Kangxi radical 30 口; Unihan kRSUnicode single radical assignment.	[]	"[""chinese"",""traditional"",""radicals"",""frequency"",""character-to-radical"",""one-way"",""part-12""]"
zh-traditional-radicals-frequency-xii/2315/character-to-radical	XII	vocabulary	2315	zh-Hant	zh-Hant	蜴	"[""虫""]"	[]		"[""zh-Hant.frequency.2323"",""zh.radical.kangxi.142""]"	[]	[]	sources/characters.tsv	frequency-order position 2315; corpus frequency rank 2323; Ministry common-character number 3653	蜴: frequency-order position 2315; corpus frequency rank 2323; 33 appearances (0.00273%); Unihan kRSUnicode 142.8; Kangxi radical 142 虫; Unihan kRSUnicode single radical assignment.	[]	"[""chinese"",""traditional"",""radicals"",""frequency"",""character-to-radical"",""one-way"",""part-12""]"
zh-traditional-radicals-frequency-xii/2316/character-to-radical	XII	vocabulary	2316	zh-Hant	zh-Hant	亭	"[""亠""]"	[]		"[""zh-Hant.frequency.2324"",""zh.radical.kangxi.008""]"	[]	[]	sources/characters.tsv	frequency-order position 2316; corpus frequency rank 2324; Ministry common-character number 66	亭: frequency-order position 2316; corpus frequency rank 2324; 33 appearances (0.00273%); Unihan kRSUnicode 8.7; Kangxi radical 8 亠; Unihan kRSUnicode single radical assignment.	[]	"[""chinese"",""traditional"",""radicals"",""frequency"",""character-to-radical"",""one-way"",""part-12""]"
zh-traditional-radicals-frequency-xii/2317/character-to-radical	XII	vocabulary	2317	zh-Hant	zh-Hant	擋	"[""手""]"	[]		"[""zh-Hant.frequency.2325"",""zh.radical.kangxi.064""]"	[]	[]	sources/characters.tsv	frequency-order position 2317; corpus frequency rank 2325; Ministry common-character number 1678	擋: frequency-order position 2317; corpus frequency rank 2325; 33 appearances (0.00273%); Unihan kRSUnicode 64.13; Kangxi radical 64 手; Unihan kRSUnicode single radical assignment.	[]	"[""chinese"",""traditional"",""radicals"",""frequency"",""character-to-radical"",""one-way"",""part-12""]"
zh-traditional-radicals-frequency-xii/2318/character-to-radical	XII	vocabulary	2318	zh-Hant	zh-Hant	衰	"[""衣""]"	[]		"[""zh-Hant.frequency.2326"",""zh.radical.kangxi.145""]"	[]	[]	sources/characters.tsv	frequency-order position 2318; corpus frequency rank 2326; Ministry common-character number 3712	衰: frequency-order position 2318; corpus frequency rank 2326; 33 appearances (0.00273%); Unihan kRSUnicode 145.4; Kangxi radical 145 衣; Unihan kRSUnicode single radical assignment.	[]	"[""chinese"",""traditional"",""radicals"",""frequency"",""character-to-radical"",""one-way"",""part-12""]"
zh-traditional-radicals-frequency-xii/2319/character-to-radical	XII	vocabulary	2319	zh-Hant	zh-Hant	螂	"[""虫""]"	[]		"[""zh-Hant.frequency.2327"",""zh.radical.kangxi.142""]"	[]	[]	sources/characters.tsv	frequency-order position 2319; corpus frequency rank 2327; Ministry common-character number 3656	螂: frequency-order position 2319; corpus frequency rank 2327; 33 appearances (0.00273%); Unihan kRSUnicode 142.10; Kangxi radical 142 虫; Unihan kRSUnicode single radical assignment.	[]	"[""chinese"",""traditional"",""radicals"",""frequency"",""character-to-radical"",""one-way"",""part-12""]"
zh-traditional-radicals-frequency-xii/2320/character-to-radical	XII	vocabulary	2320	zh-Hant	zh-Hant	慨	"[""心""]"	[]		"[""zh-Hant.frequency.2328"",""zh.radical.kangxi.061""]"	[]	[]	sources/characters.tsv	frequency-order position 2320; corpus frequency rank 2328; Ministry common-character number 1393	慨: frequency-order position 2320; corpus frequency rank 2328; 33 appearances (0.00273%); Unihan kRSUnicode 61.9; Kangxi radical 61 心; Unihan kRSUnicode single radical assignment.	[]	"[""chinese"",""traditional"",""radicals"",""frequency"",""character-to-radical"",""one-way"",""part-12""]"
zh-traditional-radicals-frequency-xii/2321/character-to-radical	XII	vocabulary	2321	zh-Hant	zh-Hant	窯	"[""穴""]"	[]		"[""zh-Hant.frequency.2329"",""zh.radical.kangxi.116""]"	[]	[]	sources/characters.tsv	frequency-order position 2321; corpus frequency rank 2329; Ministry common-character number 2970	窯: frequency-order position 2321; corpus frequency rank 2329; 33 appearances (0.00273%); Unihan kRSUnicode 116.10; Kangxi radical 116 穴; Unihan kRSUnicode single radical assignment.	[]	"[""chinese"",""traditional"",""radicals"",""frequency"",""character-to-radical"",""one-way"",""part-12""]"
zh-traditional-radicals-frequency-xii/2322/character-to-radical	XII	vocabulary	2322	zh-Hant	zh-Hant	覓	"[""見""]"	[]		"[""zh-Hant.frequency.2330"",""zh.radical.kangxi.147""]"	[]	[]	sources/characters.tsv	frequency-order position 2322; corpus frequency rank 2330; Ministry common-character number 3767	覓: frequency-order position 2322; corpus frequency rank 2330; 33 appearances (0.00273%); Unihan kRSUnicode 147.4; Kangxi radical 147 見; Unihan kRSUnicode single radical assignment.	[]	"[""chinese"",""traditional"",""radicals"",""frequency"",""character-to-radical"",""one-way"",""part-12""]"
zh-traditional-radicals-frequency-xii/2323/character-to-radical	XII	vocabulary	2323	zh-Hant	zh-Hant	噢	"[""口""]"	[]		"[""zh-Hant.frequency.2331"",""zh.radical.kangxi.030""]"	[]	[]	sources/characters.tsv	frequency-order position 2323; corpus frequency rank 2331; Ministry common-character number 701	噢: frequency-order position 2323; corpus frequency rank 2331; 33 appearances (0.00273%); Unihan kRSUnicode 30.13; Kangxi radical 30 口; Unihan kRSUnicode single radical assignment.	[]	"[""chinese"",""traditional"",""radicals"",""frequency"",""character-to-radical"",""one-way"",""part-12""]"
zh-traditional-radicals-frequency-xii/2324/character-to-radical	XII	vocabulary	2324	zh-Hant	zh-Hant	葬	"[""艸""]"	[]		"[""zh-Hant.frequency.2332"",""zh.radical.kangxi.140""]"	[]	[]	sources/characters.tsv	frequency-order position 2324; corpus frequency rank 2332; Ministry common-character number 3526	葬: frequency-order position 2324; corpus frequency rank 2332; 33 appearances (0.00273%); Unihan kRSUnicode 140.9; Kangxi radical 140 艸; Unihan kRSUnicode single radical assignment.	[]	"[""chinese"",""traditional"",""radicals"",""frequency"",""character-to-radical"",""one-way"",""part-12""]"
zh-traditional-radicals-frequency-xii/2325/character-to-radical	XII	vocabulary	2325	zh-Hant	zh-Hant	禧	"[""示""]"	[]		"[""zh-Hant.frequency.2333"",""zh.radical.kangxi.113""]"	[]	[]	sources/characters.tsv	frequency-order position 2325; corpus frequency rank 2333; Ministry common-character number 2904	禧: frequency-order position 2325; corpus frequency rank 2333; 33 appearances (0.00273%); Unihan kRSUnicode 113.12; Kangxi radical 113 示; Unihan kRSUnicode single radical assignment.	[]	"[""chinese"",""traditional"",""radicals"",""frequency"",""character-to-radical"",""one-way"",""part-12""]"
zh-traditional-radicals-frequency-xii/2326/character-to-radical	XII	vocabulary	2326	zh-Hant	zh-Hant	兢	"[""儿""]"	[]		"[""zh-Hant.frequency.2334"",""zh.radical.kangxi.010""]"	[]	[]	sources/characters.tsv	frequency-order position 2326; corpus frequency rank 2334; Ministry common-character number 280	兢: frequency-order position 2326; corpus frequency rank 2334; 33 appearances (0.00273%); Unihan kRSUnicode 10.12; Kangxi radical 10 儿; Unihan kRSUnicode single radical assignment.	[]	"[""chinese"",""traditional"",""radicals"",""frequency"",""character-to-radical"",""one-way"",""part-12""]"
zh-traditional-radicals-frequency-xii/2327/character-to-radical	XII	vocabulary	2327	zh-Hant	zh-Hant	虧	"[""虍""]"	[]		"[""zh-Hant.frequency.2335"",""zh.radical.kangxi.141""]"	[]	[]	sources/characters.tsv	frequency-order position 2327; corpus frequency rank 2335; Ministry common-character number 3613	虧: frequency-order position 2327; corpus frequency rank 2335; 33 appearances (0.00273%); Unihan kRSUnicode 141.11; Kangxi radical 141 虍; Unihan kRSUnicode single radical assignment.	[]	"[""chinese"",""traditional"",""radicals"",""frequency"",""character-to-radical"",""one-way"",""part-12""]"
zh-traditional-radicals-frequency-xii/2328/character-to-radical	XII	vocabulary	2328	zh-Hant	zh-Hant	浸	"[""水""]"	[]		"[""zh-Hant.frequency.2336"",""zh.radical.kangxi.085""]"	[]	[]	sources/characters.tsv	frequency-order position 2328; corpus frequency rank 2336; Ministry common-character number 2204	浸: frequency-order position 2328; corpus frequency rank 2336; 33 appearances (0.00273%); Unihan kRSUnicode 85.7; Kangxi radical 85 水; Unihan kRSUnicode single radical assignment.	[]	"[""chinese"",""traditional"",""radicals"",""frequency"",""character-to-radical"",""one-way"",""part-12""]"
zh-traditional-radicals-frequency-xii/2329/character-to-radical	XII	vocabulary	2329	zh-Hant	zh-Hant	署	"[""网""]"	[]		"[""zh-Hant.frequency.2337"",""zh.radical.kangxi.122""]"	[]	[]	sources/characters.tsv	frequency-order position 2329; corpus frequency rank 2337; Ministry common-character number 3208	署: frequency-order position 2329; corpus frequency rank 2337; 33 appearances (0.00273%); Unihan kRSUnicode 122.8; Kangxi radical 122 网; Unihan kRSUnicode single radical assignment.	[]	"[""chinese"",""traditional"",""radicals"",""frequency"",""character-to-radical"",""one-way"",""part-12""]"
zh-traditional-radicals-frequency-xii/2330/character-to-radical	XII	vocabulary	2330	zh-Hant	zh-Hant	嘍	"[""口""]"	[]		"[""zh-Hant.frequency.2338"",""zh.radical.kangxi.030""]"	[]	[]	sources/characters.tsv	frequency-order position 2330; corpus frequency rank 2338; Ministry common-character number 669	嘍: frequency-order position 2330; corpus frequency rank 2338; 33 appearances (0.00273%); Unihan kRSUnicode 30.11; Kangxi radical 30 口; Unihan kRSUnicode single radical assignment.	[]	"[""chinese"",""traditional"",""radicals"",""frequency"",""character-to-radical"",""one-way"",""part-12""]"
zh-traditional-radicals-frequency-xii/2331/character-to-radical	XII	vocabulary	2331	zh-Hant	zh-Hant	紡	"[""糸""]"	[]		"[""zh-Hant.frequency.2339"",""zh.radical.kangxi.120""]"	[]	[]	sources/characters.tsv	frequency-order position 2331; corpus frequency rank 2339; Ministry common-character number 3088	紡: frequency-order position 2331; corpus frequency rank 2339; 33 appearances (0.00273%); Unihan kRSUnicode 120.4; Kangxi radical 120 糸; Unihan kRSUnicode single radical assignment.	[]	"[""chinese"",""traditional"",""radicals"",""frequency"",""character-to-radical"",""one-way"",""part-12""]"
zh-traditional-radicals-frequency-xii/2332/character-to-radical	XII	vocabulary	2332	zh-Hant	zh-Hant	梭	"[""木""]"	[]		"[""zh-Hant.frequency.2340"",""zh.radical.kangxi.075""]"	[]	[]	sources/characters.tsv	frequency-order position 2332; corpus frequency rank 2340; Ministry common-character number 1945	梭: frequency-order position 2332; corpus frequency rank 2340; 33 appearances (0.00273%); Unihan kRSUnicode 75.7; Kangxi radical 75 木; Unihan kRSUnicode single radical assignment.	[]	"[""chinese"",""traditional"",""radicals"",""frequency"",""character-to-radical"",""one-way"",""part-12""]"
zh-traditional-radicals-frequency-xii/2333/character-to-radical	XII	vocabulary	2333	zh-Hant	zh-Hant	譬	"[""言""]"	[]		"[""zh-Hant.frequency.2341"",""zh.radical.kangxi.149""]"	[]	[]	sources/characters.tsv	frequency-order position 2333; corpus frequency rank 2341; Ministry common-character number 3890	譬: frequency-order position 2333; corpus frequency rank 2341; 33 appearances (0.00273%); Unihan kRSUnicode 149.13; Kangxi radical 149 言; Unihan kRSUnicode single radical assignment.	[]	"[""chinese"",""traditional"",""radicals"",""frequency"",""character-to-radical"",""one-way"",""part-12""]"
zh-traditional-radicals-frequency-xii/2334/character-to-radical	XII	vocabulary	2334	zh-Hant	zh-Hant	軀	"[""身""]"	[]		"[""zh-Hant.frequency.2342"",""zh.radical.kangxi.158""]"	[]	[]	sources/characters.tsv	frequency-order position 2334; corpus frequency rank 2342; Ministry common-character number 4060	軀: frequency-order position 2334; corpus frequency rank 2342; 33 appearances (0.00273%); Unihan kRSUnicode 158.11; Kangxi radical 158 身; Unihan kRSUnicode single radical assignment.	[]	"[""chinese"",""traditional"",""radicals"",""frequency"",""character-to-radical"",""one-way"",""part-12""]"
zh-traditional-radicals-frequency-xii/2335/character-to-radical	XII	vocabulary	2335	zh-Hant	zh-Hant	拆	"[""手""]"	[]		"[""zh-Hant.frequency.2343"",""zh.radical.kangxi.064""]"	[]	[]	sources/characters.tsv	frequency-order position 2335; corpus frequency rank 2343; Ministry common-character number 1550	拆: frequency-order position 2335; corpus frequency rank 2343; 32 appearances (0.00265%); Unihan kRSUnicode 64.5; Kangxi radical 64 手; Unihan kRSUnicode single radical assignment.	[]	"[""chinese"",""traditional"",""radicals"",""frequency"",""character-to-radical"",""one-way"",""part-12""]"
zh-traditional-radicals-frequency-xii/2336/character-to-radical	XII	vocabulary	2336	zh-Hant	zh-Hant	吻	"[""口""]"	[]		"[""zh-Hant.frequency.2344"",""zh.radical.kangxi.030""]"	[]	[]	sources/characters.tsv	frequency-order position 2336; corpus frequency rank 2344; Ministry common-character number 530	吻: frequency-order position 2336; corpus frequency rank 2344; 32 appearances (0.00265%); Unihan kRSUnicode 30.4; Kangxi radical 30 口; Unihan kRSUnicode single radical assignment.	[]	"[""chinese"",""traditional"",""radicals"",""frequency"",""character-to-radical"",""one-way"",""part-12""]"
zh-traditional-radicals-frequency-xii/2337/character-to-radical	XII	vocabulary	2337	zh-Hant	zh-Hant	畏	"[""田""]"	[]		"[""zh-Hant.frequency.2345"",""zh.radical.kangxi.102""]"	[]	[]	sources/characters.tsv	frequency-order position 2337; corpus frequency rank 2345; Ministry common-character number 2639	畏: frequency-order position 2337; corpus frequency rank 2345; 32 appearances (0.00265%); Unihan kRSUnicode 102.4; Kangxi radical 102 田; Unihan kRSUnicode single radical assignment.	[]	"[""chinese"",""traditional"",""radicals"",""frequency"",""character-to-radical"",""one-way"",""part-12""]"
zh-traditional-radicals-frequency-xii/2338/character-to-radical	XII	vocabulary	2338	zh-Hant	zh-Hant	炒	"[""火""]"	[]		"[""zh-Hant.frequency.2346"",""zh.radical.kangxi.086""]"	[]	[]	sources/characters.tsv	frequency-order position 2338; corpus frequency rank 2346; Ministry common-character number 2391	炒: frequency-order position 2338; corpus frequency rank 2346; 32 appearances (0.00265%); Unihan kRSUnicode 86.4; Kangxi radical 86 火; Unihan kRSUnicode single radical assignment.	[]	"[""chinese"",""traditional"",""radicals"",""frequency"",""character-to-radical"",""one-way"",""part-12""]"
zh-traditional-radicals-frequency-xii/2339/character-to-radical	XII	vocabulary	2339	zh-Hant	zh-Hant	趟	"[""走""]"	[]		"[""zh-Hant.frequency.2347"",""zh.radical.kangxi.156""]"	[]	[]	sources/characters.tsv	frequency-order position 2339; corpus frequency rank 2347; Ministry common-character number 3998	趟: frequency-order position 2339; corpus frequency rank 2347; 32 appearances (0.00265%); Unihan kRSUnicode 156.8; Kangxi radical 156 走; Unihan kRSUnicode single radical assignment.	[]	"[""chinese"",""traditional"",""radicals"",""frequency"",""character-to-radical"",""one-way"",""part-12""]"
zh-traditional-radicals-frequency-xii/2340/character-to-radical	XII	vocabulary	2340	zh-Hant	zh-Hant	挫	"[""手""]"	[]		"[""zh-Hant.frequency.2348"",""zh.radical.kangxi.064""]"	[]	[]	sources/characters.tsv	frequency-order position 2340; corpus frequency rank 2348; Ministry common-character number 1584	挫: frequency-order position 2340; corpus frequency rank 2348; 32 appearances (0.00265%); Unihan kRSUnicode 64.7; Kangxi radical 64 手; Unihan kRSUnicode single radical assignment.	[]	"[""chinese"",""traditional"",""radicals"",""frequency"",""character-to-radical"",""one-way"",""part-12""]"
zh-traditional-radicals-frequency-xii/2341/character-to-radical	XII	vocabulary	2341	zh-Hant	zh-Hant	劈	"[""刀""]"	[]		"[""zh-Hant.frequency.2349"",""zh.radical.kangxi.018""]"	[]	[]	sources/characters.tsv	frequency-order position 2341; corpus frequency rank 2349; Ministry common-character number 375	劈: frequency-order position 2341; corpus frequency rank 2349; 32 appearances (0.00265%); Unihan kRSUnicode 18.13; Kangxi radical 18 刀; Unihan kRSUnicode single radical assignment.	[]	"[""chinese"",""traditional"",""radicals"",""frequency"",""character-to-radical"",""one-way"",""part-12""]"
zh-traditional-radicals-frequency-xii/2342/character-to-radical	XII	vocabulary	2342	zh-Hant	zh-Hant	卿	"[""卩""]"	[]		"[""zh-Hant.frequency.2350"",""zh.radical.kangxi.026""]"	[]	[]	sources/characters.tsv	frequency-order position 2342; corpus frequency rank 2350; Ministry common-character number 458	卿: frequency-order position 2342; corpus frequency rank 2350; 32 appearances (0.00265%); Unihan kRSUnicode 26.8 26.10; Kangxi radical 26 卩; Reviewed primary Unihan kRSUnicode assignment 26.8 from alternatives 26.8 26.10.	[]	"[""chinese"",""traditional"",""radicals"",""frequency"",""character-to-radical"",""one-way"",""part-12""]"
zh-traditional-radicals-frequency-xii/2343/character-to-radical	XII	vocabulary	2343	zh-Hant	zh-Hant	緻	"[""糸""]"	[]		"[""zh-Hant.frequency.2351"",""zh.radical.kangxi.120""]"	[]	[]	sources/characters.tsv	frequency-order position 2343; corpus frequency rank 2351; Ministry common-character number 3150	緻: frequency-order position 2343; corpus frequency rank 2351; 32 appearances (0.00265%); Unihan kRSUnicode 120.9; Kangxi radical 120 糸; Unihan kRSUnicode single radical assignment.	[]	"[""chinese"",""traditional"",""radicals"",""frequency"",""character-to-radical"",""one-way"",""part-12""]"
zh-traditional-radicals-frequency-xii/2344/character-to-radical	XII	vocabulary	2344	zh-Hant	zh-Hant	逝	"[""辵""]"	[]		"[""zh-Hant.frequency.2352"",""zh.radical.kangxi.162""]"	[]	[]	sources/characters.tsv	frequency-order position 2344; corpus frequency rank 2352; Ministry common-character number 4142	逝: frequency-order position 2344; corpus frequency rank 2352; 32 appearances (0.00265%); Unihan kRSUnicode 162.7; Kangxi radical 162 辵; Unihan kRSUnicode single radical assignment.	[]	"[""chinese"",""traditional"",""radicals"",""frequency"",""character-to-radical"",""one-way"",""part-12""]"
zh-traditional-radicals-frequency-xii/2345/character-to-radical	XII	vocabulary	2345	zh-Hant	zh-Hant	聳	"[""耳""]"	[]		"[""zh-Hant.frequency.2353"",""zh.radical.kangxi.128""]"	[]	[]	sources/characters.tsv	frequency-order position 2345; corpus frequency rank 2353; Ministry common-character number 3278	聳: frequency-order position 2345; corpus frequency rank 2353; 32 appearances (0.00265%); Unihan kRSUnicode 128.11; Kangxi radical 128 耳; Unihan kRSUnicode single radical assignment.	[]	"[""chinese"",""traditional"",""radicals"",""frequency"",""character-to-radical"",""one-way"",""part-12""]"
zh-traditional-radicals-frequency-xii/2346/character-to-radical	XII	vocabulary	2346	zh-Hant	zh-Hant	掩	"[""手""]"	[]		"[""zh-Hant.frequency.2354"",""zh.radical.kangxi.064""]"	[]	[]	sources/characters.tsv	frequency-order position 2346; corpus frequency rank 2354; Ministry common-character number 1597	掩: frequency-order position 2346; corpus frequency rank 2354; 32 appearances (0.00265%); Unihan kRSUnicode 64.8; Kangxi radical 64 手; Unihan kRSUnicode single radical assignment.	[]	"[""chinese"",""traditional"",""radicals"",""frequency"",""character-to-radical"",""one-way"",""part-12""]"
zh-traditional-radicals-frequency-xii/2347/character-to-radical	XII	vocabulary	2347	zh-Hant	zh-Hant	鋸	"[""金""]"	[]		"[""zh-Hant.frequency.2355"",""zh.radical.kangxi.167""]"	[]	[]	sources/characters.tsv	frequency-order position 2347; corpus frequency rank 2355; Ministry common-character number 4308	鋸: frequency-order position 2347; corpus frequency rank 2355; 32 appearances (0.00265%); Unihan kRSUnicode 167.8; Kangxi radical 167 金; Unihan kRSUnicode single radical assignment.	[]	"[""chinese"",""traditional"",""radicals"",""frequency"",""character-to-radical"",""one-way"",""part-12""]"
zh-traditional-radicals-frequency-xii/2348/character-to-radical	XII	vocabulary	2348	zh-Hant	zh-Hant	援	"[""手""]"	[]		"[""zh-Hant.frequency.2356"",""zh.radical.kangxi.064""]"	[]	[]	sources/characters.tsv	frequency-order position 2348; corpus frequency rank 2356; Ministry common-character number 1630	援: frequency-order position 2348; corpus frequency rank 2356; 32 appearances (0.00265%); Unihan kRSUnicode 64.9; Kangxi radical 64 手; Unihan kRSUnicode single radical assignment.	[]	"[""chinese"",""traditional"",""radicals"",""frequency"",""character-to-radical"",""one-way"",""part-12""]"
zh-traditional-radicals-frequency-xii/2349/character-to-radical	XII	vocabulary	2349	zh-Hant	zh-Hant	儡	"[""人""]"	[]		"[""zh-Hant.frequency.2357"",""zh.radical.kangxi.009""]"	[]	[]	sources/characters.tsv	frequency-order position 2349; corpus frequency rank 2357; Ministry common-character number 259	儡: frequency-order position 2349; corpus frequency rank 2357; 32 appearances (0.00265%); Unihan kRSUnicode 9.15; Kangxi radical 9 人; Unihan kRSUnicode single radical assignment.	[]	"[""chinese"",""traditional"",""radicals"",""frequency"",""character-to-radical"",""one-way"",""part-12""]"
zh-traditional-radicals-frequency-xii/2350/character-to-radical	XII	vocabulary	2350	zh-Hant	zh-Hant	罩	"[""网""]"	[]		"[""zh-Hant.frequency.2358"",""zh.radical.kangxi.122""]"	[]	[]	sources/characters.tsv	frequency-order position 2350; corpus frequency rank 2358; Ministry common-character number 3206	罩: frequency-order position 2350; corpus frequency rank 2358; 32 appearances (0.00265%); Unihan kRSUnicode 122.8; Kangxi radical 122 网; Unihan kRSUnicode single radical assignment.	[]	"[""chinese"",""traditional"",""radicals"",""frequency"",""character-to-radical"",""one-way"",""part-12""]"
zh-traditional-radicals-frequency-xii/2351/character-to-radical	XII	vocabulary	2351	zh-Hant	zh-Hant	礫	"[""石""]"	[]		"[""zh-Hant.frequency.2359"",""zh.radical.kangxi.112""]"	[]	[]	sources/characters.tsv	frequency-order position 2351; corpus frequency rank 2359; Ministry common-character number 2876	礫: frequency-order position 2351; corpus frequency rank 2359; 32 appearances (0.00265%); Unihan kRSUnicode 112.15; Kangxi radical 112 石; Unihan kRSUnicode single radical assignment.	[]	"[""chinese"",""traditional"",""radicals"",""frequency"",""character-to-radical"",""one-way"",""part-12""]"
zh-traditional-radicals-frequency-xii/2352/character-to-radical	XII	vocabulary	2352	zh-Hant	zh-Hant	媚	"[""女""]"	[]		"[""zh-Hant.frequency.2360"",""zh.radical.kangxi.038""]"	[]	[]	sources/characters.tsv	frequency-order position 2352; corpus frequency rank 2360; Ministry common-character number 950	媚: frequency-order position 2352; corpus frequency rank 2360; 32 appearances (0.00265%); Unihan kRSUnicode 38.9; Kangxi radical 38 女; Unihan kRSUnicode single radical assignment.	[]	"[""chinese"",""traditional"",""radicals"",""frequency"",""character-to-radical"",""one-way"",""part-12""]"
zh-traditional-radicals-frequency-xii/2353/character-to-radical	XII	vocabulary	2353	zh-Hant	zh-Hant	葫	"[""艸""]"	[]		"[""zh-Hant.frequency.2362"",""zh.radical.kangxi.140""]"	[]	[]	sources/characters.tsv	frequency-order position 2353; corpus frequency rank 2362; Ministry common-character number 3524	葫: frequency-order position 2353; corpus frequency rank 2362; 32 appearances (0.00265%); Unihan kRSUnicode 140.9; Kangxi radical 140 艸; Unihan kRSUnicode single radical assignment.	[]	"[""chinese"",""traditional"",""radicals"",""frequency"",""character-to-radical"",""one-way"",""part-12""]"
zh-traditional-radicals-frequency-xii/2354/character-to-radical	XII	vocabulary	2354	zh-Hant	zh-Hant	栽	"[""木""]"	[]		"[""zh-Hant.frequency.2363"",""zh.radical.kangxi.075""]"	[]	[]	sources/characters.tsv	frequency-order position 2354; corpus frequency rank 2363; Ministry common-character number 1923	栽: frequency-order position 2354; corpus frequency rank 2363; 32 appearances (0.00265%); Unihan kRSUnicode 75.6; Kangxi radical 75 木; Unihan kRSUnicode single radical assignment.	[]	"[""chinese"",""traditional"",""radicals"",""frequency"",""character-to-radical"",""one-way"",""part-12""]"
zh-traditional-radicals-frequency-xii/2355/character-to-radical	XII	vocabulary	2355	zh-Hant	zh-Hant	傀	"[""人""]"	[]		"[""zh-Hant.frequency.2364"",""zh.radical.kangxi.009""]"	[]	[]	sources/characters.tsv	frequency-order position 2355; corpus frequency rank 2364; Ministry common-character number 222	傀: frequency-order position 2355; corpus frequency rank 2364; 32 appearances (0.00265%); Unihan kRSUnicode 9.10; Kangxi radical 9 人; Unihan kRSUnicode single radical assignment.	[]	"[""chinese"",""traditional"",""radicals"",""frequency"",""character-to-radical"",""one-way"",""part-12""]"
zh-traditional-radicals-frequency-xii/2356/character-to-radical	XII	vocabulary	2356	zh-Hant	zh-Hant	攜	"[""手""]"	[]		"[""zh-Hant.frequency.2365"",""zh.radical.kangxi.064""]"	[]	[]	sources/characters.tsv	frequency-order position 2356; corpus frequency rank 2365; Ministry common-character number 1709	攜: frequency-order position 2356; corpus frequency rank 2365; 32 appearances (0.00265%); Unihan kRSUnicode 64.18; Kangxi radical 64 手; Unihan kRSUnicode single radical assignment.	[]	"[""chinese"",""traditional"",""radicals"",""frequency"",""character-to-radical"",""one-way"",""part-12""]"
zh-traditional-radicals-frequency-xii/2357/character-to-radical	XII	vocabulary	2357	zh-Hant	zh-Hant	轎	"[""車""]"	[]		"[""zh-Hant.frequency.2366"",""zh.radical.kangxi.159""]"	[]	[]	sources/characters.tsv	frequency-order position 2357; corpus frequency rank 2366; Ministry common-character number 4098	轎: frequency-order position 2357; corpus frequency rank 2366; 32 appearances (0.00265%); Unihan kRSUnicode 159.12; Kangxi radical 159 車; Unihan kRSUnicode single radical assignment.	[]	"[""chinese"",""traditional"",""radicals"",""frequency"",""character-to-radical"",""one-way"",""part-12""]"
zh-traditional-radicals-frequency-xii/2358/character-to-radical	XII	vocabulary	2358	zh-Hant	zh-Hant	刑	"[""刀""]"	[]		"[""zh-Hant.frequency.2367"",""zh.radical.kangxi.018""]"	[]	[]	sources/characters.tsv	frequency-order position 2358; corpus frequency rank 2367; Ministry common-character number 336	刑: frequency-order position 2358; corpus frequency rank 2367; 31 appearances (0.00256%); Unihan kRSUnicode 18.4; Kangxi radical 18 刀; Unihan kRSUnicode single radical assignment.	[]	"[""chinese"",""traditional"",""radicals"",""frequency"",""character-to-radical"",""one-way"",""part-12""]"
zh-traditional-radicals-frequency-xii/2359/character-to-radical	XII	vocabulary	2359	zh-Hant	zh-Hant	叩	"[""口""]"	[]		"[""zh-Hant.frequency.2368"",""zh.radical.kangxi.030""]"	[]	[]	sources/characters.tsv	frequency-order position 2359; corpus frequency rank 2368; Ministry common-character number 486	叩: frequency-order position 2359; corpus frequency rank 2368; 31 appearances (0.00256%); Unihan kRSUnicode 30.2; Kangxi radical 30 口; Unihan kRSUnicode single radical assignment.	[]	"[""chinese"",""traditional"",""radicals"",""frequency"",""character-to-radical"",""one-way"",""part-12""]"
zh-traditional-radicals-frequency-xii/2360/character-to-radical	XII	vocabulary	2360	zh-Hant	zh-Hant	昂	"[""日""]"	[]		"[""zh-Hant.frequency.2369"",""zh.radical.kangxi.072""]"	[]	[]	sources/characters.tsv	frequency-order position 2360; corpus frequency rank 2369; Ministry common-character number 1783	昂: frequency-order position 2360; corpus frequency rank 2369; 31 appearances (0.00256%); Unihan kRSUnicode 72.4; Kangxi radical 72 日; Unihan kRSUnicode single radical assignment.	[]	"[""chinese"",""traditional"",""radicals"",""frequency"",""character-to-radical"",""one-way"",""part-12""]"
zh-traditional-radicals-frequency-xii/2361/character-to-radical	XII	vocabulary	2361	zh-Hant	zh-Hant	咒	"[""口""]"	[]		"[""zh-Hant.frequency.2370"",""zh.radical.kangxi.030""]"	[]	[]	sources/characters.tsv	frequency-order position 2361; corpus frequency rank 2370; Ministry common-character number 550	咒: frequency-order position 2361; corpus frequency rank 2370; 31 appearances (0.00256%); Unihan kRSUnicode 30.5; Kangxi radical 30 口; Unihan kRSUnicode single radical assignment.	[]	"[""chinese"",""traditional"",""radicals"",""frequency"",""character-to-radical"",""one-way"",""part-12""]"
zh-traditional-radicals-frequency-xii/2362/character-to-radical	XII	vocabulary	2362	zh-Hant	zh-Hant	嘲	"[""口""]"	[]		"[""zh-Hant.frequency.2371"",""zh.radical.kangxi.030""]"	[]	[]	sources/characters.tsv	frequency-order position 2362; corpus frequency rank 2371; Ministry common-character number 678	嘲: frequency-order position 2362; corpus frequency rank 2371; 31 appearances (0.00256%); Unihan kRSUnicode 30.12; Kangxi radical 30 口; Unihan kRSUnicode single radical assignment.	[]	"[""chinese"",""traditional"",""radicals"",""frequency"",""character-to-radical"",""one-way"",""part-12""]"
zh-traditional-radicals-frequency-xii/2363/character-to-radical	XII	vocabulary	2363	zh-Hant	zh-Hant	拒	"[""手""]"	[]		"[""zh-Hant.frequency.2372"",""zh.radical.kangxi.064""]"	[]	[]	sources/characters.tsv	frequency-order position 2363; corpus frequency rank 2372; Ministry common-character number 1530	拒: frequency-order position 2363; corpus frequency rank 2372; 31 appearances (0.00256%); Unihan kRSUnicode 64.5; Kangxi radical 64 手; Unihan kRSUnicode single radical assignment.	[]	"[""chinese"",""traditional"",""radicals"",""frequency"",""character-to-radical"",""one-way"",""part-12""]"
zh-traditional-radicals-frequency-xii/2364/character-to-radical	XII	vocabulary	2364	zh-Hant	zh-Hant	蝸	"[""虫""]"	[]		"[""zh-Hant.frequency.2373"",""zh.radical.kangxi.142""]"	[]	[]	sources/characters.tsv	frequency-order position 2364; corpus frequency rank 2373; Ministry common-character number 3661	蝸: frequency-order position 2364; corpus frequency rank 2373; 31 appearances (0.00256%); Unihan kRSUnicode 142.9; Kangxi radical 142 虫; Unihan kRSUnicode single radical assignment.	[]	"[""chinese"",""traditional"",""radicals"",""frequency"",""character-to-radical"",""one-way"",""part-12""]"
zh-traditional-radicals-frequency-xii/2365/character-to-radical	XII	vocabulary	2365	zh-Hant	zh-Hant	眨	"[""目""]"	[]		"[""zh-Hant.frequency.2374"",""zh.radical.kangxi.109""]"	[]	[]	sources/characters.tsv	frequency-order position 2365; corpus frequency rank 2374; Ministry common-character number 2770	眨: frequency-order position 2365; corpus frequency rank 2374; 31 appearances (0.00256%); Unihan kRSUnicode 109.5; Kangxi radical 109 目; Unihan kRSUnicode single radical assignment.	[]	"[""chinese"",""traditional"",""radicals"",""frequency"",""character-to-radical"",""one-way"",""part-12""]"
zh-traditional-radicals-frequency-xii/2366/character-to-radical	XII	vocabulary	2366	zh-Hant	zh-Hant	磚	"[""石""]"	[]		"[""zh-Hant.frequency.2375"",""zh.radical.kangxi.112""]"	[]	[]	sources/characters.tsv	frequency-order position 2366; corpus frequency rank 2375; Ministry common-character number 2864	磚: frequency-order position 2366; corpus frequency rank 2375; 31 appearances (0.00256%); Unihan kRSUnicode 112.11; Kangxi radical 112 石; Unihan kRSUnicode single radical assignment.	[]	"[""chinese"",""traditional"",""radicals"",""frequency"",""character-to-radical"",""one-way"",""part-12""]"
zh-traditional-radicals-frequency-xii/2367/character-to-radical	XII	vocabulary	2367	zh-Hant	zh-Hant	惑	"[""心""]"	[]		"[""zh-Hant.frequency.2376"",""zh.radical.kangxi.061""]"	[]	[]	sources/characters.tsv	frequency-order position 2367; corpus frequency rank 2376; Ministry common-character number 1381	惑: frequency-order position 2367; corpus frequency rank 2376; 31 appearances (0.00256%); Unihan kRSUnicode 61.8; Kangxi radical 61 心; Unihan kRSUnicode single radical assignment.	[]	"[""chinese"",""traditional"",""radicals"",""frequency"",""character-to-radical"",""one-way"",""part-12""]"
zh-traditional-radicals-frequency-xii/2368/character-to-radical	XII	vocabulary	2368	zh-Hant	zh-Hant	瀑	"[""水""]"	[]		"[""zh-Hant.frequency.2377"",""zh.radical.kangxi.085""]"	[]	[]	sources/characters.tsv	frequency-order position 2368; corpus frequency rank 2377; Ministry common-character number 2368	瀑: frequency-order position 2368; corpus frequency rank 2377; 31 appearances (0.00256%); Unihan kRSUnicode 85.15; Kangxi radical 85 水; Unihan kRSUnicode single radical assignment.	[]	"[""chinese"",""traditional"",""radicals"",""frequency"",""character-to-radical"",""one-way"",""part-12""]"
zh-traditional-radicals-frequency-xii/2369/character-to-radical	XII	vocabulary	2369	zh-Hant	zh-Hant	毯	"[""毛""]"	[]		"[""zh-Hant.frequency.2378"",""zh.radical.kangxi.082""]"	[]	[]	sources/characters.tsv	frequency-order position 2369; corpus frequency rank 2378; Ministry common-character number 2106	毯: frequency-order position 2369; corpus frequency rank 2378; 31 appearances (0.00256%); Unihan kRSUnicode 82.8; Kangxi radical 82 毛; Unihan kRSUnicode single radical assignment.	[]	"[""chinese"",""traditional"",""radicals"",""frequency"",""character-to-radical"",""one-way"",""part-12""]"
zh-traditional-radicals-frequency-xii/2370/character-to-radical	XII	vocabulary	2370	zh-Hant	zh-Hant	薇	"[""艸""]"	[]		"[""zh-Hant.frequency.2379"",""zh.radical.kangxi.140""]"	[]	[]	sources/characters.tsv	frequency-order position 2370; corpus frequency rank 2379; Ministry common-character number 3578	薇: frequency-order position 2370; corpus frequency rank 2379; 31 appearances (0.00256%); Unihan kRSUnicode 140.13; Kangxi radical 140 艸; Unihan kRSUnicode single radical assignment.	[]	"[""chinese"",""traditional"",""radicals"",""frequency"",""character-to-radical"",""one-way"",""part-12""]"
zh-traditional-radicals-frequency-xii/2371/character-to-radical	XII	vocabulary	2371	zh-Hant	zh-Hant	緒	"[""糸""]"	[]		"[""zh-Hant.frequency.2380"",""zh.radical.kangxi.120""]"	[]	[]	sources/characters.tsv	frequency-order position 2371; corpus frequency rank 2380; Ministry common-character number 3145	緒: frequency-order position 2371; corpus frequency rank 2380; 31 appearances (0.00256%); Unihan kRSUnicode 120.8; Kangxi radical 120 糸; Unihan kRSUnicode single radical assignment.	[]	"[""chinese"",""traditional"",""radicals"",""frequency"",""character-to-radical"",""one-way"",""part-12""]"
zh-traditional-radicals-frequency-xii/2372/character-to-radical	XII	vocabulary	2372	zh-Hant	zh-Hant	餵	"[""食""]"	[]		"[""zh-Hant.frequency.2381"",""zh.radical.kangxi.184""]"	[]	[]	sources/characters.tsv	frequency-order position 2372; corpus frequency rank 2381; Ministry common-character number 4606	餵: frequency-order position 2372; corpus frequency rank 2381; 31 appearances (0.00256%); Unihan kRSUnicode 184.9; Kangxi radical 184 食; Unihan kRSUnicode single radical assignment.	[]	"[""chinese"",""traditional"",""radicals"",""frequency"",""character-to-radical"",""one-way"",""part-12""]"
zh-traditional-radicals-frequency-xii/2373/character-to-radical	XII	vocabulary	2373	zh-Hant	zh-Hant	撈	"[""手""]"	[]		"[""zh-Hant.frequency.2382"",""zh.radical.kangxi.064""]"	[]	[]	sources/characters.tsv	frequency-order position 2373; corpus frequency rank 2382; Ministry common-character number 1663	撈: frequency-order position 2373; corpus frequency rank 2382; 31 appearances (0.00256%); Unihan kRSUnicode 64.12; Kangxi radical 64 手; Unihan kRSUnicode single radical assignment.	[]	"[""chinese"",""traditional"",""radicals"",""frequency"",""character-to-radical"",""one-way"",""part-12""]"
zh-traditional-radicals-frequency-xii/2374/character-to-radical	XII	vocabulary	2374	zh-Hant	zh-Hant	鹼	"[""鹵""]"	[]		"[""zh-Hant.frequency.2383"",""zh.radical.kangxi.197""]"	[]	[]	sources/characters.tsv	frequency-order position 2374; corpus frequency rank 2383; Ministry common-character number 4750	鹼: frequency-order position 2374; corpus frequency rank 2383; 31 appearances (0.00256%); Unihan kRSUnicode 197.13; Kangxi radical 197 鹵; Unihan kRSUnicode single radical assignment.	[]	"[""chinese"",""traditional"",""radicals"",""frequency"",""character-to-radical"",""one-way"",""part-12""]"
zh-traditional-radicals-frequency-xii/2375/character-to-radical	XII	vocabulary	2375	zh-Hant	zh-Hant	晉	"[""日""]"	[]		"[""zh-Hant.frequency.2384"",""zh.radical.kangxi.072""]"	[]	[]	sources/characters.tsv	frequency-order position 2375; corpus frequency rank 2384; Ministry common-character number 1795	晉: frequency-order position 2375; corpus frequency rank 2384; 31 appearances (0.00256%); Unihan kRSUnicode 72.6; Kangxi radical 72 日; Unihan kRSUnicode single radical assignment.	[]	"[""chinese"",""traditional"",""radicals"",""frequency"",""character-to-radical"",""one-way"",""part-12""]"
zh-traditional-radicals-frequency-xii/2376/character-to-radical	XII	vocabulary	2376	zh-Hant	zh-Hant	滲	"[""水""]"	[]		"[""zh-Hant.frequency.2385"",""zh.radical.kangxi.085""]"	[]	[]	sources/characters.tsv	frequency-order position 2376; corpus frequency rank 2385; Ministry common-character number 2323	滲: frequency-order position 2376; corpus frequency rank 2385; 31 appearances (0.00256%); Unihan kRSUnicode 85.11; Kangxi radical 85 水; Unihan kRSUnicode single radical assignment.	[]	"[""chinese"",""traditional"",""radicals"",""frequency"",""character-to-radical"",""one-way"",""part-12""]"
zh-traditional-radicals-frequency-xii/2377/character-to-radical	XII	vocabulary	2377	zh-Hant	zh-Hant	撕	"[""手""]"	[]		"[""zh-Hant.frequency.2386"",""zh.radical.kangxi.064""]"	[]	[]	sources/characters.tsv	frequency-order position 2377; corpus frequency rank 2386; Ministry common-character number 1668	撕: frequency-order position 2377; corpus frequency rank 2386; 31 appearances (0.00256%); Unihan kRSUnicode 64.12; Kangxi radical 64 手; Unihan kRSUnicode single radical assignment.	[]	"[""chinese"",""traditional"",""radicals"",""frequency"",""character-to-radical"",""one-way"",""part-12""]"
zh-traditional-radicals-frequency-xii/2378/character-to-radical	XII	vocabulary	2378	zh-Hant	zh-Hant	盾	"[""目""]"	[]		"[""zh-Hant.frequency.2387"",""zh.radical.kangxi.109""]"	[]	[]	sources/characters.tsv	frequency-order position 2378; corpus frequency rank 2387; Ministry common-character number 2765	盾: frequency-order position 2378; corpus frequency rank 2387; 31 appearances (0.00256%); Unihan kRSUnicode 109.4; Kangxi radical 109 目; Unihan kRSUnicode single radical assignment.	[]	"[""chinese"",""traditional"",""radicals"",""frequency"",""character-to-radical"",""one-way"",""part-12""]"
zh-traditional-radicals-frequency-xii/2379/character-to-radical	XII	vocabulary	2379	zh-Hant	zh-Hant	絮	"[""糸""]"	[]		"[""zh-Hant.frequency.2388"",""zh.radical.kangxi.120""]"	[]	[]	sources/characters.tsv	frequency-order position 2379; corpus frequency rank 2388; Ministry common-character number 3119	絮: frequency-order position 2379; corpus frequency rank 2388; 31 appearances (0.00256%); Unihan kRSUnicode 120.6; Kangxi radical 120 糸; Unihan kRSUnicode single radical assignment.	[]	"[""chinese"",""traditional"",""radicals"",""frequency"",""character-to-radical"",""one-way"",""part-12""]"
zh-traditional-radicals-frequency-xii/2380/character-to-radical	XII	vocabulary	2380	zh-Hant	zh-Hant	懼	"[""心""]"	[]		"[""zh-Hant.frequency.2389"",""zh.radical.kangxi.061""]"	[]	[]	sources/characters.tsv	frequency-order position 2380; corpus frequency rank 2389; Ministry common-character number 1462	懼: frequency-order position 2380; corpus frequency rank 2389; 31 appearances (0.00256%); Unihan kRSUnicode 61.18; Kangxi radical 61 心; Unihan kRSUnicode single radical assignment.	[]	"[""chinese"",""traditional"",""radicals"",""frequency"",""character-to-radical"",""one-way"",""part-12""]"
zh-traditional-radicals-frequency-xii/2381/character-to-radical	XII	vocabulary	2381	zh-Hant	zh-Hant	霸	"[""雨""]"	[]		"[""zh-Hant.frequency.2390"",""zh.radical.kangxi.173""]"	[]	[]	sources/characters.tsv	frequency-order position 2381; corpus frequency rank 2390; Ministry common-character number 4491	霸: frequency-order position 2381; corpus frequency rank 2390; 31 appearances (0.00256%); Unihan kRSUnicode 173.13; Kangxi radical 173 雨; Unihan kRSUnicode single radical assignment.	[]	"[""chinese"",""traditional"",""radicals"",""frequency"",""character-to-radical"",""one-way"",""part-12""]"
zh-traditional-radicals-frequency-xii/2382/character-to-radical	XII	vocabulary	2382	zh-Hant	zh-Hant	瓣	"[""瓜""]"	[]		"[""zh-Hant.frequency.2391"",""zh.radical.kangxi.097""]"	[]	[]	sources/characters.tsv	frequency-order position 2382; corpus frequency rank 2391; Ministry common-character number 2613	瓣: frequency-order position 2382; corpus frequency rank 2391; 31 appearances (0.00256%); Unihan kRSUnicode 97.14; Kangxi radical 97 瓜; Unihan kRSUnicode single radical assignment.	[]	"[""chinese"",""traditional"",""radicals"",""frequency"",""character-to-radical"",""one-way"",""part-12""]"
zh-traditional-radicals-frequency-xii/2383/character-to-radical	XII	vocabulary	2383	zh-Hant	zh-Hant	鑼	"[""金""]"	[]		"[""zh-Hant.frequency.2392"",""zh.radical.kangxi.167""]"	[]	[]	sources/characters.tsv	frequency-order position 2383; corpus frequency rank 2392; Ministry common-character number 4367	鑼: frequency-order position 2383; corpus frequency rank 2392; 31 appearances (0.00256%); Unihan kRSUnicode 167.19; Kangxi radical 167 金; Unihan kRSUnicode single radical assignment.	[]	"[""chinese"",""traditional"",""radicals"",""frequency"",""character-to-radical"",""one-way"",""part-12""]"
zh-traditional-radicals-frequency-xii/2384/character-to-radical	XII	vocabulary	2384	zh-Hant	zh-Hant	迅	"[""辵""]"	[]		"[""zh-Hant.frequency.2394"",""zh.radical.kangxi.162""]"	[]	[]	sources/characters.tsv	frequency-order position 2384; corpus frequency rank 2394; Ministry common-character number 4114	迅: frequency-order position 2384; corpus frequency rank 2394; 30 appearances (0.00248%); Unihan kRSUnicode 162.3; Kangxi radical 162 辵; Unihan kRSUnicode single radical assignment.	[]	"[""chinese"",""traditional"",""radicals"",""frequency"",""character-to-radical"",""one-way"",""part-12""]"
zh-traditional-radicals-frequency-xii/2385/character-to-radical	XII	vocabulary	2385	zh-Hant	zh-Hant	脾	"[""肉""]"	[]		"[""zh-Hant.frequency.2395"",""zh.radical.kangxi.130""]"	[]	[]	sources/characters.tsv	frequency-order position 2385; corpus frequency rank 2395; Ministry common-character number 3343	脾: frequency-order position 2385; corpus frequency rank 2395; 30 appearances (0.00248%); Unihan kRSUnicode 130.8; Kangxi radical 130 肉; Unihan kRSUnicode single radical assignment.	[]	"[""chinese"",""traditional"",""radicals"",""frequency"",""character-to-radical"",""one-way"",""part-12""]"
zh-traditional-radicals-frequency-xii/2386/character-to-radical	XII	vocabulary	2386	zh-Hant	zh-Hant	診	"[""言""]"	[]		"[""zh-Hant.frequency.2396"",""zh.radical.kangxi.149""]"	[]	[]	sources/characters.tsv	frequency-order position 2386; corpus frequency rank 2396; Ministry common-character number 3813	診: frequency-order position 2386; corpus frequency rank 2396; 30 appearances (0.00248%); Unihan kRSUnicode 149.5; Kangxi radical 149 言; Unihan kRSUnicode single radical assignment.	[]	"[""chinese"",""traditional"",""radicals"",""frequency"",""character-to-radical"",""one-way"",""part-12""]"
zh-traditional-radicals-frequency-xii/2387/character-to-radical	XII	vocabulary	2387	zh-Hant	zh-Hant	皂	"[""白""]"	[]		"[""zh-Hant.frequency.2397"",""zh.radical.kangxi.106""]"	[]	[]	sources/characters.tsv	frequency-order position 2387; corpus frequency rank 2397; Ministry common-character number 2723	皂: frequency-order position 2387; corpus frequency rank 2397; 30 appearances (0.00248%); Unihan kRSUnicode 106.2; Kangxi radical 106 白; Unihan kRSUnicode single radical assignment.	[]	"[""chinese"",""traditional"",""radicals"",""frequency"",""character-to-radical"",""one-way"",""part-12""]"
zh-traditional-radicals-frequency-xii/2388/character-to-radical	XII	vocabulary	2388	zh-Hant	zh-Hant	煉	"[""火""]"	[]		"[""zh-Hant.frequency.2398"",""zh.radical.kangxi.086""]"	[]	[]	sources/characters.tsv	frequency-order position 2388; corpus frequency rank 2398; Ministry common-character number 2423	煉: frequency-order position 2388; corpus frequency rank 2398; 30 appearances (0.00248%); Unihan kRSUnicode 86.9; Kangxi radical 86 火; Unihan kRSUnicode single radical assignment.	[]	"[""chinese"",""traditional"",""radicals"",""frequency"",""character-to-radical"",""one-way"",""part-12""]"
zh-traditional-radicals-frequency-xii/2389/character-to-radical	XII	vocabulary	2389	zh-Hant	zh-Hant	郁	"[""邑""]"	[]		"[""zh-Hant.frequency.2399"",""zh.radical.kangxi.163""]"	[]	[]	sources/characters.tsv	frequency-order position 2389; corpus frequency rank 2399; Ministry common-character number 4210	郁: frequency-order position 2389; corpus frequency rank 2399; 30 appearances (0.00248%); Unihan kRSUnicode 163.6; Kangxi radical 163 邑; Unihan kRSUnicode single radical assignment.	[]	"[""chinese"",""traditional"",""radicals"",""frequency"",""character-to-radical"",""one-way"",""part-12""]"
zh-traditional-radicals-frequency-xii/2390/character-to-radical	XII	vocabulary	2390	zh-Hant	zh-Hant	舜	"[""舛""]"	[]		"[""zh-Hant.frequency.2400"",""zh.radical.kangxi.136""]"	[]	[]	sources/characters.tsv	frequency-order position 2390; corpus frequency rank 2400; Ministry common-character number 3408	舜: frequency-order position 2390; corpus frequency rank 2400; 30 appearances (0.00248%); Unihan kRSUnicode 136.6; Kangxi radical 136 舛; Unihan kRSUnicode single radical assignment.	[]	"[""chinese"",""traditional"",""radicals"",""frequency"",""character-to-radical"",""one-way"",""part-12""]"
zh-traditional-radicals-frequency-xii/2391/character-to-radical	XII	vocabulary	2391	zh-Hant	zh-Hant	柄	"[""木""]"	[]		"[""zh-Hant.frequency.2401"",""zh.radical.kangxi.075""]"	[]	[]	sources/characters.tsv	frequency-order position 2391; corpus frequency rank 2401; Ministry common-character number 1901	柄: frequency-order position 2391; corpus frequency rank 2401; 30 appearances (0.00248%); Unihan kRSUnicode 75.5; Kangxi radical 75 木; Unihan kRSUnicode single radical assignment.	[]	"[""chinese"",""traditional"",""radicals"",""frequency"",""character-to-radical"",""one-way"",""part-12""]"
zh-traditional-radicals-frequency-xii/2392/character-to-radical	XII	vocabulary	2392	zh-Hant	zh-Hant	棟	"[""木""]"	[]		"[""zh-Hant.frequency.2402"",""zh.radical.kangxi.075""]"	[]	[]	sources/characters.tsv	frequency-order position 2392; corpus frequency rank 2402; Ministry common-character number 1958	棟: frequency-order position 2392; corpus frequency rank 2402; 30 appearances (0.00248%); Unihan kRSUnicode 75.8; Kangxi radical 75 木; Unihan kRSUnicode single radical assignment.	[]	"[""chinese"",""traditional"",""radicals"",""frequency"",""character-to-radical"",""one-way"",""part-12""]"
zh-traditional-radicals-frequency-xii/2393/character-to-radical	XII	vocabulary	2393	zh-Hant	zh-Hant	凌	"[""冫""]"	[]		"[""zh-Hant.frequency.2403"",""zh.radical.kangxi.015""]"	[]	[]	sources/characters.tsv	frequency-order position 2393; corpus frequency rank 2403; Ministry common-character number 314	凌: frequency-order position 2393; corpus frequency rank 2403; 30 appearances (0.00248%); Unihan kRSUnicode 15.8; Kangxi radical 15 冫; Unihan kRSUnicode single radical assignment.	[]	"[""chinese"",""traditional"",""radicals"",""frequency"",""character-to-radical"",""one-way"",""part-12""]"
zh-traditional-radicals-frequency-xii/2394/character-to-radical	XII	vocabulary	2394	zh-Hant	zh-Hant	雯	"[""雨""]"	[]		"[""zh-Hant.frequency.2404"",""zh.radical.kangxi.173""]"	[]	[]	sources/characters.tsv	frequency-order position 2394; corpus frequency rank 2404; Ministry common-character number 4470	雯: frequency-order position 2394; corpus frequency rank 2404; 30 appearances (0.00248%); Unihan kRSUnicode 173.4; Kangxi radical 173 雨; Unihan kRSUnicode single radical assignment.	[]	"[""chinese"",""traditional"",""radicals"",""frequency"",""character-to-radical"",""one-way"",""part-12""]"
zh-traditional-radicals-frequency-xii/2395/character-to-radical	XII	vocabulary	2395	zh-Hant	zh-Hant	彗	"[""彐""]"	[]		"[""zh-Hant.frequency.2405"",""zh.radical.kangxi.058""]"	[]	[]	sources/characters.tsv	frequency-order position 2395; corpus frequency rank 2405; Ministry common-character number 1264	彗: frequency-order position 2395; corpus frequency rank 2405; 30 appearances (0.00248%); Unihan kRSUnicode 58.8; Kangxi radical 58 彐; Unihan kRSUnicode single radical assignment.	[]	"[""chinese"",""traditional"",""radicals"",""frequency"",""character-to-radical"",""one-way"",""part-12""]"
zh-traditional-radicals-frequency-xii/2396/character-to-radical	XII	vocabulary	2396	zh-Hant	zh-Hant	鈔	"[""金""]"	[]		"[""zh-Hant.frequency.2406"",""zh.radical.kangxi.167""]"	[]	[]	sources/characters.tsv	frequency-order position 2396; corpus frequency rank 2406; Ministry common-character number 4270	鈔: frequency-order position 2396; corpus frequency rank 2406; 30 appearances (0.00248%); Unihan kRSUnicode 167.4; Kangxi radical 167 金; Unihan kRSUnicode single radical assignment.	[]	"[""chinese"",""traditional"",""radicals"",""frequency"",""character-to-radical"",""one-way"",""part-12""]"
zh-traditional-radicals-frequency-xii/2397/character-to-radical	XII	vocabulary	2397	zh-Hant	zh-Hant	吟	"[""口""]"	[]		"[""zh-Hant.frequency.2407"",""zh.radical.kangxi.030""]"	[]	[]	sources/characters.tsv	frequency-order position 2397; corpus frequency rank 2407; Ministry common-character number 540	吟: frequency-order position 2397; corpus frequency rank 2407; 30 appearances (0.00248%); Unihan kRSUnicode 30.4; Kangxi radical 30 口; Unihan kRSUnicode single radical assignment.	[]	"[""chinese"",""traditional"",""radicals"",""frequency"",""character-to-radical"",""one-way"",""part-12""]"
zh-traditional-radicals-frequency-xii/2398/character-to-radical	XII	vocabulary	2398	zh-Hant	zh-Hant	鼎	"[""鼎""]"	[]		"[""zh-Hant.frequency.2408"",""zh.radical.kangxi.206""]"	[]	[]	sources/characters.tsv	frequency-order position 2398; corpus frequency rank 2408; Ministry common-character number 4785	鼎: frequency-order position 2398; corpus frequency rank 2408; 30 appearances (0.00248%); Unihan kRSUnicode 206.0; Kangxi radical 206 鼎; Unihan kRSUnicode single radical assignment.	[]	"[""chinese"",""traditional"",""radicals"",""frequency"",""character-to-radical"",""one-way"",""part-12""]"
zh-traditional-radicals-frequency-xii/2399/character-to-radical	XII	vocabulary	2399	zh-Hant	zh-Hant	津	"[""水""]"	[]		"[""zh-Hant.frequency.2409"",""zh.radical.kangxi.085""]"	[]	[]	sources/characters.tsv	frequency-order position 2399; corpus frequency rank 2409; Ministry common-character number 2189	津: frequency-order position 2399; corpus frequency rank 2409; 30 appearances (0.00248%); Unihan kRSUnicode 85.6; Kangxi radical 85 水; Unihan kRSUnicode single radical assignment.	[]	"[""chinese"",""traditional"",""radicals"",""frequency"",""character-to-radical"",""one-way"",""part-12""]"
zh-traditional-radicals-frequency-xii/2400/character-to-radical	XII	vocabulary	2400	zh-Hant	zh-Hant	喘	"[""口""]"	[]		"[""zh-Hant.frequency.2410"",""zh.radical.kangxi.030""]"	[]	[]	sources/characters.tsv	frequency-order position 2400; corpus frequency rank 2410; Ministry common-character number 626	喘: frequency-order position 2400; corpus frequency rank 2410; 30 appearances (0.00248%); Unihan kRSUnicode 30.9; Kangxi radical 30 口; Unihan kRSUnicode single radical assignment.	[]	"[""chinese"",""traditional"",""radicals"",""frequency"",""character-to-radical"",""one-way"",""part-12""]"
