card_id	deck	kind	source_chapter	prompt_language	answer_language	prompt	accepted_answers	distractors	explanation	lexical_ids	grammar_ids	geographic_ids	provenance_path	provenance_locator	provenance_evidence	examples	tags
zh-traditional-radicals-frequency-vi/1001/character-to-radical	VI	vocabulary	1001	zh-Hant	zh-Hant	堆	"[""土""]"	[]		"[""zh-Hant.frequency.1002"",""zh.radical.kangxi.032""]"	[]	[]	sources/characters.tsv	frequency-order position 1001; corpus frequency rank 1002; Ministry common-character number 778	堆: frequency-order position 1001; corpus frequency rank 1002; 191 appearances (0.01582%); Unihan kRSUnicode 32.8; Kangxi radical 32 土; Unihan kRSUnicode single radical assignment.	[]	"[""chinese"",""traditional"",""radicals"",""frequency"",""character-to-radical"",""one-way"",""part-6""]"
zh-traditional-radicals-frequency-vi/1002/character-to-radical	VI	vocabulary	1002	zh-Hant	zh-Hant	熟	"[""火""]"	[]		"[""zh-Hant.frequency.1003"",""zh.radical.kangxi.086""]"	[]	[]	sources/characters.tsv	frequency-order position 1002; corpus frequency rank 1003; Ministry common-character number 2436	熟: frequency-order position 1002; corpus frequency rank 1003; 191 appearances (0.01582%); Unihan kRSUnicode 86.11; Kangxi radical 86 火; Unihan kRSUnicode single radical assignment.	[]	"[""chinese"",""traditional"",""radicals"",""frequency"",""character-to-radical"",""one-way"",""part-6""]"
zh-traditional-radicals-frequency-vi/1003/character-to-radical	VI	vocabulary	1003	zh-Hant	zh-Hant	沉	"[""水""]"	[]		"[""zh-Hant.frequency.1004"",""zh.radical.kangxi.085""]"	[]	[]	sources/characters.tsv	frequency-order position 1003; corpus frequency rank 1004; Ministry common-character number 2141	沉: frequency-order position 1003; corpus frequency rank 1004; 190 appearances (0.01574%); Unihan kRSUnicode 85.4; Kangxi radical 85 水; Unihan kRSUnicode single radical assignment.	[]	"[""chinese"",""traditional"",""radicals"",""frequency"",""character-to-radical"",""one-way"",""part-6""]"
zh-traditional-radicals-frequency-vi/1004/character-to-radical	VI	vocabulary	1004	zh-Hant	zh-Hant	價	"[""人""]"	[]		"[""zh-Hant.frequency.1005"",""zh.radical.kangxi.009""]"	[]	[]	sources/characters.tsv	frequency-order position 1004; corpus frequency rank 1005; Ministry common-character number 249	價: frequency-order position 1004; corpus frequency rank 1005; 190 appearances (0.01574%); Unihan kRSUnicode 9.13; Kangxi radical 9 人; Unihan kRSUnicode single radical assignment.	[]	"[""chinese"",""traditional"",""radicals"",""frequency"",""character-to-radical"",""one-way"",""part-6""]"
zh-traditional-radicals-frequency-vi/1005/character-to-radical	VI	vocabulary	1005	zh-Hant	zh-Hant	操	"[""手""]"	[]		"[""zh-Hant.frequency.1006"",""zh.radical.kangxi.064""]"	[]	[]	sources/characters.tsv	frequency-order position 1005; corpus frequency rank 1006; Ministry common-character number 1685	操: frequency-order position 1005; corpus frequency rank 1006; 190 appearances (0.01574%); Unihan kRSUnicode 64.13; Kangxi radical 64 手; Unihan kRSUnicode single radical assignment.	[]	"[""chinese"",""traditional"",""radicals"",""frequency"",""character-to-radical"",""one-way"",""part-6""]"
zh-traditional-radicals-frequency-vi/1006/character-to-radical	VI	vocabulary	1006	zh-Hant	zh-Hant	姐	"[""女""]"	[]		"[""zh-Hant.frequency.1007"",""zh.radical.kangxi.038""]"	[]	[]	sources/characters.tsv	frequency-order position 1006; corpus frequency rank 1007; Ministry common-character number 906	姐: frequency-order position 1006; corpus frequency rank 1007; 189 appearances (0.01565%); Unihan kRSUnicode 38.5; Kangxi radical 38 女; Unihan kRSUnicode single radical assignment.	[]	"[""chinese"",""traditional"",""radicals"",""frequency"",""character-to-radical"",""one-way"",""part-6""]"
zh-traditional-radicals-frequency-vi/1007/character-to-radical	VI	vocabulary	1007	zh-Hant	zh-Hant	典	"[""八""]"	[]		"[""zh-Hant.frequency.1008"",""zh.radical.kangxi.012""]"	[]	[]	sources/characters.tsv	frequency-order position 1007; corpus frequency rank 1008; Ministry common-character number 293	典: frequency-order position 1007; corpus frequency rank 1008; 189 appearances (0.01565%); Unihan kRSUnicode 12.6; Kangxi radical 12 八; Unihan kRSUnicode single radical assignment.	[]	"[""chinese"",""traditional"",""radicals"",""frequency"",""character-to-radical"",""one-way"",""part-6""]"
zh-traditional-radicals-frequency-vi/1008/character-to-radical	VI	vocabulary	1008	zh-Hant	zh-Hant	序	"[""广""]"	[]		"[""zh-Hant.frequency.1009"",""zh.radical.kangxi.053""]"	[]	[]	sources/characters.tsv	frequency-order position 1008; corpus frequency rank 1009; Ministry common-character number 1201	序: frequency-order position 1008; corpus frequency rank 1009; 189 appearances (0.01565%); Unihan kRSUnicode 53.4; Kangxi radical 53 广; Unihan kRSUnicode single radical assignment.	[]	"[""chinese"",""traditional"",""radicals"",""frequency"",""character-to-radical"",""one-way"",""part-6""]"
zh-traditional-radicals-frequency-vi/1009/character-to-radical	VI	vocabulary	1009	zh-Hant	zh-Hant	肯	"[""肉""]"	[]		"[""zh-Hant.frequency.1010"",""zh.radical.kangxi.130""]"	[]	[]	sources/characters.tsv	frequency-order position 1009; corpus frequency rank 1010; Ministry common-character number 3307	肯: frequency-order position 1009; corpus frequency rank 1010; 189 appearances (0.01565%); Unihan kRSUnicode 130.4; Kangxi radical 130 肉; Unihan kRSUnicode single radical assignment.	[]	"[""chinese"",""traditional"",""radicals"",""frequency"",""character-to-radical"",""one-way"",""part-6""]"
zh-traditional-radicals-frequency-vi/1010/character-to-radical	VI	vocabulary	1010	zh-Hant	zh-Hant	俗	"[""人""]"	[]		"[""zh-Hant.frequency.1011"",""zh.radical.kangxi.009""]"	[]	[]	sources/characters.tsv	frequency-order position 1010; corpus frequency rank 1011; Ministry common-character number 161	俗: frequency-order position 1010; corpus frequency rank 1011; 189 appearances (0.01565%); Unihan kRSUnicode 9.7; Kangxi radical 9 人; Unihan kRSUnicode single radical assignment.	[]	"[""chinese"",""traditional"",""radicals"",""frequency"",""character-to-radical"",""one-way"",""part-6""]"
zh-traditional-radicals-frequency-vi/1011/character-to-radical	VI	vocabulary	1011	zh-Hant	zh-Hant	閃	"[""門""]"	[]		"[""zh-Hant.frequency.1012"",""zh.radical.kangxi.169""]"	[]	[]	sources/characters.tsv	frequency-order position 1011; corpus frequency rank 1012; Ministry common-character number 4372	閃: frequency-order position 1011; corpus frequency rank 1012; 189 appearances (0.01565%); Unihan kRSUnicode 169.2; Kangxi radical 169 門; Unihan kRSUnicode single radical assignment.	[]	"[""chinese"",""traditional"",""radicals"",""frequency"",""character-to-radical"",""one-way"",""part-6""]"
zh-traditional-radicals-frequency-vi/1012/character-to-radical	VI	vocabulary	1012	zh-Hant	zh-Hant	票	"[""示""]"	[]		"[""zh-Hant.frequency.1013"",""zh.radical.kangxi.113""]"	[]	[]	sources/characters.tsv	frequency-order position 1012; corpus frequency rank 1013; Ministry common-character number 2895	票: frequency-order position 1012; corpus frequency rank 1013; 189 appearances (0.01565%); Unihan kRSUnicode 113.6; Kangxi radical 113 示; Unihan kRSUnicode single radical assignment.	[]	"[""chinese"",""traditional"",""radicals"",""frequency"",""character-to-radical"",""one-way"",""part-6""]"
zh-traditional-radicals-frequency-vi/1013/character-to-radical	VI	vocabulary	1013	zh-Hant	zh-Hant	頓	"[""頁""]"	[]		"[""zh-Hant.frequency.1014"",""zh.radical.kangxi.181""]"	[]	[]	sources/characters.tsv	frequency-order position 1013; corpus frequency rank 1014; Ministry common-character number 4544	頓: frequency-order position 1013; corpus frequency rank 1014; 189 appearances (0.01565%); Unihan kRSUnicode 181.4; Kangxi radical 181 頁; Unihan kRSUnicode single radical assignment.	[]	"[""chinese"",""traditional"",""radicals"",""frequency"",""character-to-radical"",""one-way"",""part-6""]"
zh-traditional-radicals-frequency-vi/1014/character-to-radical	VI	vocabulary	1014	zh-Hant	zh-Hant	奮	"[""大""]"	[]		"[""zh-Hant.frequency.1015"",""zh.radical.kangxi.037""]"	[]	[]	sources/characters.tsv	frequency-order position 1014; corpus frequency rank 1015; Ministry common-character number 876	奮: frequency-order position 1014; corpus frequency rank 1015; 188 appearances (0.01557%); Unihan kRSUnicode 37.13; Kangxi radical 37 大; Unihan kRSUnicode single radical assignment.	[]	"[""chinese"",""traditional"",""radicals"",""frequency"",""character-to-radical"",""one-way"",""part-6""]"
zh-traditional-radicals-frequency-vi/1015/character-to-radical	VI	vocabulary	1015	zh-Hant	zh-Hant	壯	"[""士""]"	[]		"[""zh-Hant.frequency.1016"",""zh.radical.kangxi.033""]"	[]	[]	sources/characters.tsv	frequency-order position 1015; corpus frequency rank 1016; Ministry common-character number 833	壯: frequency-order position 1015; corpus frequency rank 1016; 187 appearances (0.01549%); Unihan kRSUnicode 33.4; Kangxi radical 33 士; Unihan kRSUnicode single radical assignment.	[]	"[""chinese"",""traditional"",""radicals"",""frequency"",""character-to-radical"",""one-way"",""part-6""]"
zh-traditional-radicals-frequency-vi/1016/character-to-radical	VI	vocabulary	1016	zh-Hant	zh-Hant	唐	"[""口""]"	[]		"[""zh-Hant.frequency.1017"",""zh.radical.kangxi.030""]"	[]	[]	sources/characters.tsv	frequency-order position 1016; corpus frequency rank 1017; Ministry common-character number 583	唐: frequency-order position 1016; corpus frequency rank 1017; 187 appearances (0.01549%); Unihan kRSUnicode 30.7; Kangxi radical 30 口; Unihan kRSUnicode single radical assignment.	[]	"[""chinese"",""traditional"",""radicals"",""frequency"",""character-to-radical"",""one-way"",""part-6""]"
zh-traditional-radicals-frequency-vi/1017/character-to-radical	VI	vocabulary	1017	zh-Hant	zh-Hant	醒	"[""酉""]"	[]		"[""zh-Hant.frequency.1018"",""zh.radical.kangxi.164""]"	[]	[]	sources/characters.tsv	frequency-order position 1017; corpus frequency rank 1018; Ministry common-character number 4244	醒: frequency-order position 1017; corpus frequency rank 1018; 187 appearances (0.01549%); Unihan kRSUnicode 164.9; Kangxi radical 164 酉; Unihan kRSUnicode single radical assignment.	[]	"[""chinese"",""traditional"",""radicals"",""frequency"",""character-to-radical"",""one-way"",""part-6""]"
zh-traditional-radicals-frequency-vi/1018/character-to-radical	VI	vocabulary	1018	zh-Hant	zh-Hant	佛	"[""人""]"	[]		"[""zh-Hant.frequency.1019"",""zh.radical.kangxi.009""]"	[]	[]	sources/characters.tsv	frequency-order position 1018; corpus frequency rank 1019; Ministry common-character number 110	佛: frequency-order position 1018; corpus frequency rank 1019; 186 appearances (0.01541%); Unihan kRSUnicode 9.5; Kangxi radical 9 人; Unihan kRSUnicode single radical assignment.	[]	"[""chinese"",""traditional"",""radicals"",""frequency"",""character-to-radical"",""one-way"",""part-6""]"
zh-traditional-radicals-frequency-vi/1019/character-to-radical	VI	vocabulary	1019	zh-Hant	zh-Hant	豆	"[""豆""]"	[]		"[""zh-Hant.frequency.1020"",""zh.radical.kangxi.151""]"	[]	[]	sources/characters.tsv	frequency-order position 1019; corpus frequency rank 1020; Ministry common-character number 3905	豆: frequency-order position 1019; corpus frequency rank 1020; 186 appearances (0.01541%); Unihan kRSUnicode 151.0; Kangxi radical 151 豆; Unihan kRSUnicode single radical assignment.	[]	"[""chinese"",""traditional"",""radicals"",""frequency"",""character-to-radical"",""one-way"",""part-6""]"
zh-traditional-radicals-frequency-vi/1020/character-to-radical	VI	vocabulary	1020	zh-Hant	zh-Hant	幹	"[""干""]"	[]		"[""zh-Hant.frequency.1021"",""zh.radical.kangxi.051""]"	[]	[]	sources/characters.tsv	frequency-order position 1020; corpus frequency rank 1021; Ministry common-character number 1196	幹: frequency-order position 1020; corpus frequency rank 1021; 186 appearances (0.01541%); Unihan kRSUnicode 51.10; Kangxi radical 51 干; Unihan kRSUnicode single radical assignment.	[]	"[""chinese"",""traditional"",""radicals"",""frequency"",""character-to-radical"",""one-way"",""part-6""]"
zh-traditional-radicals-frequency-vi/1021/character-to-radical	VI	vocabulary	1021	zh-Hant	zh-Hant	豬	"[""豕""]"	[]		"[""zh-Hant.frequency.1022"",""zh.radical.kangxi.152""]"	[]	[]	sources/characters.tsv	frequency-order position 1021; corpus frequency rank 1022; Ministry common-character number 3917	豬: frequency-order position 1021; corpus frequency rank 1022; 186 appearances (0.01541%); Unihan kRSUnicode 152.9; Kangxi radical 152 豕; Unihan kRSUnicode single radical assignment.	[]	"[""chinese"",""traditional"",""radicals"",""frequency"",""character-to-radical"",""one-way"",""part-6""]"
zh-traditional-radicals-frequency-vi/1022/character-to-radical	VI	vocabulary	1022	zh-Hant	zh-Hant	偶	"[""人""]"	[]		"[""zh-Hant.frequency.1023"",""zh.radical.kangxi.009""]"	[]	[]	sources/characters.tsv	frequency-order position 1022; corpus frequency rank 1023; Ministry common-character number 209	偶: frequency-order position 1022; corpus frequency rank 1023; 185 appearances (0.01532%); Unihan kRSUnicode 9.9; Kangxi radical 9 人; Unihan kRSUnicode single radical assignment.	[]	"[""chinese"",""traditional"",""radicals"",""frequency"",""character-to-radical"",""one-way"",""part-6""]"
zh-traditional-radicals-frequency-vi/1023/character-to-radical	VI	vocabulary	1023	zh-Hant	zh-Hant	蛇	"[""虫""]"	[]		"[""zh-Hant.frequency.1024"",""zh.radical.kangxi.142""]"	[]	[]	sources/characters.tsv	frequency-order position 1023; corpus frequency rank 1024; Ministry common-character number 3624	蛇: frequency-order position 1023; corpus frequency rank 1024; 185 appearances (0.01532%); Unihan kRSUnicode 142.5; Kangxi radical 142 虫; Unihan kRSUnicode single radical assignment.	[]	"[""chinese"",""traditional"",""radicals"",""frequency"",""character-to-radical"",""one-way"",""part-6""]"
zh-traditional-radicals-frequency-vi/1024/character-to-radical	VI	vocabulary	1024	zh-Hant	zh-Hant	勢	"[""力""]"	[]		"[""zh-Hant.frequency.1025"",""zh.radical.kangxi.019""]"	[]	[]	sources/characters.tsv	frequency-order position 1024; corpus frequency rank 1025; Ministry common-character number 402	勢: frequency-order position 1024; corpus frequency rank 1025; 185 appearances (0.01532%); Unihan kRSUnicode 19.11; Kangxi radical 19 力; Unihan kRSUnicode single radical assignment.	[]	"[""chinese"",""traditional"",""radicals"",""frequency"",""character-to-radical"",""one-way"",""part-6""]"
zh-traditional-radicals-frequency-vi/1025/character-to-radical	VI	vocabulary	1025	zh-Hant	zh-Hant	括	"[""手""]"	[]		"[""zh-Hant.frequency.1026"",""zh.radical.kangxi.064""]"	[]	[]	sources/characters.tsv	frequency-order position 1025; corpus frequency rank 1026; Ministry common-character number 1565	括: frequency-order position 1025; corpus frequency rank 1026; 184 appearances (0.01524%); Unihan kRSUnicode 64.6; Kangxi radical 64 手; Unihan kRSUnicode single radical assignment.	[]	"[""chinese"",""traditional"",""radicals"",""frequency"",""character-to-radical"",""one-way"",""part-6""]"
zh-traditional-radicals-frequency-vi/1026/character-to-radical	VI	vocabulary	1026	zh-Hant	zh-Hant	紹	"[""糸""]"	[]		"[""zh-Hant.frequency.1027"",""zh.radical.kangxi.120""]"	[]	[]	sources/characters.tsv	frequency-order position 1026; corpus frequency rank 1027; Ministry common-character number 3106	紹: frequency-order position 1026; corpus frequency rank 1027; 184 appearances (0.01524%); Unihan kRSUnicode 120.5; Kangxi radical 120 糸; Unihan kRSUnicode single radical assignment.	[]	"[""chinese"",""traditional"",""radicals"",""frequency"",""character-to-radical"",""one-way"",""part-6""]"
zh-traditional-radicals-frequency-vi/1027/character-to-radical	VI	vocabulary	1027	zh-Hant	zh-Hant	餘	"[""食""]"	[]		"[""zh-Hant.frequency.1028"",""zh.radical.kangxi.184""]"	[]	[]	sources/characters.tsv	frequency-order position 1027; corpus frequency rank 1028; Ministry common-character number 4600	餘: frequency-order position 1027; corpus frequency rank 1028; 184 appearances (0.01524%); Unihan kRSUnicode 184.7; Kangxi radical 184 食; Unihan kRSUnicode single radical assignment.	[]	"[""chinese"",""traditional"",""radicals"",""frequency"",""character-to-radical"",""one-way"",""part-6""]"
zh-traditional-radicals-frequency-vi/1028/character-to-radical	VI	vocabulary	1028	zh-Hant	zh-Hant	徵	"[""彳""]"	[]		"[""zh-Hant.frequency.1029"",""zh.radical.kangxi.060""]"	[]	[]	sources/characters.tsv	frequency-order position 1028; corpus frequency rank 1029; Ministry common-character number 1303	徵: frequency-order position 1028; corpus frequency rank 1029; 184 appearances (0.01524%); Unihan kRSUnicode 60.12; Kangxi radical 60 彳; Unihan kRSUnicode single radical assignment.	[]	"[""chinese"",""traditional"",""radicals"",""frequency"",""character-to-radical"",""one-way"",""part-6""]"
zh-traditional-radicals-frequency-vi/1029/character-to-radical	VI	vocabulary	1029	zh-Hant	zh-Hant	巧	"[""工""]"	[]		"[""zh-Hant.frequency.1030"",""zh.radical.kangxi.048""]"	[]	[]	sources/characters.tsv	frequency-order position 1029; corpus frequency rank 1030; Ministry common-character number 1150	巧: frequency-order position 1029; corpus frequency rank 1030; 183 appearances (0.01516%); Unihan kRSUnicode 48.2; Kangxi radical 48 工; Unihan kRSUnicode single radical assignment.	[]	"[""chinese"",""traditional"",""radicals"",""frequency"",""character-to-radical"",""one-way"",""part-6""]"
zh-traditional-radicals-frequency-vi/1030/character-to-radical	VI	vocabulary	1030	zh-Hant	zh-Hant	某	"[""木""]"	[]		"[""zh-Hant.frequency.1031"",""zh.radical.kangxi.075""]"	[]	[]	sources/characters.tsv	frequency-order position 1030; corpus frequency rank 1031; Ministry common-character number 1894	某: frequency-order position 1030; corpus frequency rank 1031; 183 appearances (0.01516%); Unihan kRSUnicode 75.5; Kangxi radical 75 木; Unihan kRSUnicode single radical assignment.	[]	"[""chinese"",""traditional"",""radicals"",""frequency"",""character-to-radical"",""one-way"",""part-6""]"
zh-traditional-radicals-frequency-vi/1031/character-to-radical	VI	vocabulary	1031	zh-Hant	zh-Hant	釋	"[""釆""]"	[]		"[""zh-Hant.frequency.1032"",""zh.radical.kangxi.165""]"	[]	[]	sources/characters.tsv	frequency-order position 1031; corpus frequency rank 1032; Ministry common-character number 4255	釋: frequency-order position 1031; corpus frequency rank 1032; 183 appearances (0.01516%); Unihan kRSUnicode 165.13; Kangxi radical 165 釆; Unihan kRSUnicode single radical assignment.	[]	"[""chinese"",""traditional"",""radicals"",""frequency"",""character-to-radical"",""one-way"",""part-6""]"
zh-traditional-radicals-frequency-vi/1032/character-to-radical	VI	vocabulary	1032	zh-Hant	zh-Hant	欣	"[""欠""]"	[]		"[""zh-Hant.frequency.1033"",""zh.radical.kangxi.076""]"	[]	[]	sources/characters.tsv	frequency-order position 1032; corpus frequency rank 1033; Ministry common-character number 2054	欣: frequency-order position 1032; corpus frequency rank 1033; 182 appearances (0.01507%); Unihan kRSUnicode 76.4; Kangxi radical 76 欠; Unihan kRSUnicode single radical assignment.	[]	"[""chinese"",""traditional"",""radicals"",""frequency"",""character-to-radical"",""one-way"",""part-6""]"
zh-traditional-radicals-frequency-vi/1033/character-to-radical	VI	vocabulary	1033	zh-Hant	zh-Hant	勇	"[""力""]"	[]		"[""zh-Hant.frequency.1034"",""zh.radical.kangxi.019""]"	[]	[]	sources/characters.tsv	frequency-order position 1033; corpus frequency rank 1034; Ministry common-character number 388	勇: frequency-order position 1033; corpus frequency rank 1034; 182 appearances (0.01507%); Unihan kRSUnicode 19.7; Kangxi radical 19 力; Unihan kRSUnicode single radical assignment.	[]	"[""chinese"",""traditional"",""radicals"",""frequency"",""character-to-radical"",""one-way"",""part-6""]"
zh-traditional-radicals-frequency-vi/1034/character-to-radical	VI	vocabulary	1034	zh-Hant	zh-Hant	率	"[""玄""]"	[]		"[""zh-Hant.frequency.1035"",""zh.radical.kangxi.095""]"	[]	[]	sources/characters.tsv	frequency-order position 1034; corpus frequency rank 1035; Ministry common-character number 2551	率: frequency-order position 1034; corpus frequency rank 1035; 182 appearances (0.01507%); Unihan kRSUnicode 95.6; Kangxi radical 95 玄; Unihan kRSUnicode single radical assignment.	[]	"[""chinese"",""traditional"",""radicals"",""frequency"",""character-to-radical"",""one-way"",""part-6""]"
zh-traditional-radicals-frequency-vi/1035/character-to-radical	VI	vocabulary	1035	zh-Hant	zh-Hant	寬	"[""宀""]"	[]		"[""zh-Hant.frequency.1036"",""zh.radical.kangxi.040""]"	[]	[]	sources/characters.tsv	frequency-order position 1035; corpus frequency rank 1036; Ministry common-character number 1052	寬: frequency-order position 1035; corpus frequency rank 1036; 182 appearances (0.01507%); Unihan kRSUnicode 40.12; Kangxi radical 40 宀; Unihan kRSUnicode single radical assignment.	[]	"[""chinese"",""traditional"",""radicals"",""frequency"",""character-to-radical"",""one-way"",""part-6""]"
zh-traditional-radicals-frequency-vi/1036/character-to-radical	VI	vocabulary	1036	zh-Hant	zh-Hant	暴	"[""日""]"	[]		"[""zh-Hant.frequency.1037"",""zh.radical.kangxi.072""]"	[]	[]	sources/characters.tsv	frequency-order position 1036; corpus frequency rank 1037; Ministry common-character number 1821	暴: frequency-order position 1036; corpus frequency rank 1037; 182 appearances (0.01507%); Unihan kRSUnicode 72.11; Kangxi radical 72 日; Unihan kRSUnicode single radical assignment.	[]	"[""chinese"",""traditional"",""radicals"",""frequency"",""character-to-radical"",""one-way"",""part-6""]"
zh-traditional-radicals-frequency-vi/1037/character-to-radical	VI	vocabulary	1037	zh-Hant	zh-Hant	妙	"[""女""]"	[]		"[""zh-Hant.frequency.1038"",""zh.radical.kangxi.038""]"	[]	[]	sources/characters.tsv	frequency-order position 1037; corpus frequency rank 1038; Ministry common-character number 892	妙: frequency-order position 1037; corpus frequency rank 1038; 181 appearances (0.01499%); Unihan kRSUnicode 38.4; Kangxi radical 38 女; Unihan kRSUnicode single radical assignment.	[]	"[""chinese"",""traditional"",""radicals"",""frequency"",""character-to-radical"",""one-way"",""part-6""]"
zh-traditional-radicals-frequency-vi/1038/character-to-radical	VI	vocabulary	1038	zh-Hant	zh-Hant	災	"[""火""]"	[]		"[""zh-Hant.frequency.1039"",""zh.radical.kangxi.086""]"	[]	[]	sources/characters.tsv	frequency-order position 1038; corpus frequency rank 1039; Ministry common-character number 2387	災: frequency-order position 1038; corpus frequency rank 1039; 181 appearances (0.01499%); Unihan kRSUnicode 86.3; Kangxi radical 86 火; Unihan kRSUnicode single radical assignment.	[]	"[""chinese"",""traditional"",""radicals"",""frequency"",""character-to-radical"",""one-way"",""part-6""]"
zh-traditional-radicals-frequency-vi/1039/character-to-radical	VI	vocabulary	1039	zh-Hant	zh-Hant	索	"[""糸""]"	[]		"[""zh-Hant.frequency.1040"",""zh.radical.kangxi.120""]"	[]	[]	sources/characters.tsv	frequency-order position 1039; corpus frequency rank 1040; Ministry common-character number 3093	索: frequency-order position 1039; corpus frequency rank 1040; 181 appearances (0.01499%); Unihan kRSUnicode 120.4; Kangxi radical 120 糸; Unihan kRSUnicode single radical assignment.	[]	"[""chinese"",""traditional"",""radicals"",""frequency"",""character-to-radical"",""one-way"",""part-6""]"
zh-traditional-radicals-frequency-vi/1040/character-to-radical	VI	vocabulary	1040	zh-Hant	zh-Hant	責	"[""貝""]"	[]		"[""zh-Hant.frequency.1041"",""zh.radical.kangxi.154""]"	[]	[]	sources/characters.tsv	frequency-order position 1040; corpus frequency rank 1041; Ministry common-character number 3933	責: frequency-order position 1040; corpus frequency rank 1041; 181 appearances (0.01499%); Unihan kRSUnicode 154.4; Kangxi radical 154 貝; Unihan kRSUnicode single radical assignment.	[]	"[""chinese"",""traditional"",""radicals"",""frequency"",""character-to-radical"",""one-way"",""part-6""]"
zh-traditional-radicals-frequency-vi/1041/character-to-radical	VI	vocabulary	1041	zh-Hant	zh-Hant	納	"[""糸""]"	[]		"[""zh-Hant.frequency.1042"",""zh.radical.kangxi.120""]"	[]	[]	sources/characters.tsv	frequency-order position 1041; corpus frequency rank 1042; Ministry common-character number 3099	納: frequency-order position 1041; corpus frequency rank 1042; 179 appearances (0.01483%); Unihan kRSUnicode 120.4; Kangxi radical 120 糸; Unihan kRSUnicode single radical assignment.	[]	"[""chinese"",""traditional"",""radicals"",""frequency"",""character-to-radical"",""one-way"",""part-6""]"
zh-traditional-radicals-frequency-vi/1042/character-to-radical	VI	vocabulary	1042	zh-Hant	zh-Hant	瓶	"[""瓦""]"	[]		"[""zh-Hant.frequency.1043"",""zh.radical.kangxi.098""]"	[]	[]	sources/characters.tsv	frequency-order position 1042; corpus frequency rank 1043; Ministry common-character number 2615	瓶: frequency-order position 1042; corpus frequency rank 1043; 179 appearances (0.01483%); Unihan kRSUnicode 98.6; Kangxi radical 98 瓦; Unihan kRSUnicode single radical assignment.	[]	"[""chinese"",""traditional"",""radicals"",""frequency"",""character-to-radical"",""one-way"",""part-6""]"
zh-traditional-radicals-frequency-vi/1043/character-to-radical	VI	vocabulary	1043	zh-Hant	zh-Hant	預	"[""頁""]"	[]		"[""zh-Hant.frequency.1044"",""zh.radical.kangxi.181""]"	[]	[]	sources/characters.tsv	frequency-order position 1043; corpus frequency rank 1044; Ministry common-character number 4542	預: frequency-order position 1043; corpus frequency rank 1044; 179 appearances (0.01483%); Unihan kRSUnicode 181.4; Kangxi radical 181 頁; Unihan kRSUnicode single radical assignment.	[]	"[""chinese"",""traditional"",""radicals"",""frequency"",""character-to-radical"",""one-way"",""part-6""]"
zh-traditional-radicals-frequency-vi/1044/character-to-radical	VI	vocabulary	1044	zh-Hant	zh-Hant	儀	"[""人""]"	[]		"[""zh-Hant.frequency.1045"",""zh.radical.kangxi.009""]"	[]	[]	sources/characters.tsv	frequency-order position 1044; corpus frequency rank 1045; Ministry common-character number 246	儀: frequency-order position 1044; corpus frequency rank 1045; 179 appearances (0.01483%); Unihan kRSUnicode 9.13; Kangxi radical 9 人; Unihan kRSUnicode single radical assignment.	[]	"[""chinese"",""traditional"",""radicals"",""frequency"",""character-to-radical"",""one-way"",""part-6""]"
zh-traditional-radicals-frequency-vi/1045/character-to-radical	VI	vocabulary	1045	zh-Hant	zh-Hant	懂	"[""心""]"	[]		"[""zh-Hant.frequency.1046"",""zh.radical.kangxi.061""]"	[]	[]	sources/characters.tsv	frequency-order position 1045; corpus frequency rank 1046; Ministry common-character number 1449	懂: frequency-order position 1045; corpus frequency rank 1046; 179 appearances (0.01483%); Unihan kRSUnicode 61.13; Kangxi radical 61 心; Unihan kRSUnicode single radical assignment.	[]	"[""chinese"",""traditional"",""radicals"",""frequency"",""character-to-radical"",""one-way"",""part-6""]"
zh-traditional-radicals-frequency-vi/1046/character-to-radical	VI	vocabulary	1046	zh-Hant	zh-Hant	臨	"[""臣""]"	[]		"[""zh-Hant.frequency.1047"",""zh.radical.kangxi.131""]"	[]	[]	sources/characters.tsv	frequency-order position 1046; corpus frequency rank 1047; Ministry common-character number 3385	臨: frequency-order position 1046; corpus frequency rank 1047; 179 appearances (0.01483%); Unihan kRSUnicode 131.11; Kangxi radical 131 臣; Unihan kRSUnicode single radical assignment.	[]	"[""chinese"",""traditional"",""radicals"",""frequency"",""character-to-radical"",""one-way"",""part-6""]"
zh-traditional-radicals-frequency-vi/1047/character-to-radical	VI	vocabulary	1047	zh-Hant	zh-Hant	橫	"[""木""]"	[]		"[""zh-Hant.frequency.1048"",""zh.radical.kangxi.075""]"	[]	[]	sources/characters.tsv	frequency-order position 1047; corpus frequency rank 1048; Ministry common-character number 2022	橫: frequency-order position 1047; corpus frequency rank 1048; 179 appearances (0.01483%); Unihan kRSUnicode 75.12; Kangxi radical 75 木; Unihan kRSUnicode single radical assignment.	[]	"[""chinese"",""traditional"",""radicals"",""frequency"",""character-to-radical"",""one-way"",""part-6""]"
zh-traditional-radicals-frequency-vi/1048/character-to-radical	VI	vocabulary	1048	zh-Hant	zh-Hant	伴	"[""人""]"	[]		"[""zh-Hant.frequency.1049"",""zh.radical.kangxi.009""]"	[]	[]	sources/characters.tsv	frequency-order position 1048; corpus frequency rank 1049; Ministry common-character number 109	伴: frequency-order position 1048; corpus frequency rank 1049; 178 appearances (0.01474%); Unihan kRSUnicode 9.5; Kangxi radical 9 人; Unihan kRSUnicode single radical assignment.	[]	"[""chinese"",""traditional"",""radicals"",""frequency"",""character-to-radical"",""one-way"",""part-6""]"
zh-traditional-radicals-frequency-vi/1049/character-to-radical	VI	vocabulary	1049	zh-Hant	zh-Hant	珠	"[""玉""]"	[]		"[""zh-Hant.frequency.1050"",""zh.radical.kangxi.096""]"	[]	[]	sources/characters.tsv	frequency-order position 1049; corpus frequency rank 1050; Ministry common-character number 2569	珠: frequency-order position 1049; corpus frequency rank 1050; 178 appearances (0.01474%); Unihan kRSUnicode 96.6; Kangxi radical 96 玉; Unihan kRSUnicode single radical assignment.	[]	"[""chinese"",""traditional"",""radicals"",""frequency"",""character-to-radical"",""one-way"",""part-6""]"
zh-traditional-radicals-frequency-vi/1050/character-to-radical	VI	vocabulary	1050	zh-Hant	zh-Hant	冰	"[""冫""]"	[]		"[""zh-Hant.frequency.1051"",""zh.radical.kangxi.015""]"	[]	[]	sources/characters.tsv	frequency-order position 1050; corpus frequency rank 1051; Ministry common-character number 309	冰: frequency-order position 1050; corpus frequency rank 1051; 177 appearances (0.01466%); Unihan kRSUnicode 15.4; Kangxi radical 15 冫; Unihan kRSUnicode single radical assignment.	[]	"[""chinese"",""traditional"",""radicals"",""frequency"",""character-to-radical"",""one-way"",""part-6""]"
zh-traditional-radicals-frequency-vi/1051/character-to-radical	VI	vocabulary	1051	zh-Hant	zh-Hant	降	"[""阜""]"	[]		"[""zh-Hant.frequency.1052"",""zh.radical.kangxi.170""]"	[]	[]	sources/characters.tsv	frequency-order position 1051; corpus frequency rank 1052; Ministry common-character number 4414	降: frequency-order position 1051; corpus frequency rank 1052; 177 appearances (0.01466%); Unihan kRSUnicode 170.6; Kangxi radical 170 阜; Unihan kRSUnicode single radical assignment.	[]	"[""chinese"",""traditional"",""radicals"",""frequency"",""character-to-radical"",""one-way"",""part-6""]"
zh-traditional-radicals-frequency-vi/1052/character-to-radical	VI	vocabulary	1052	zh-Hant	zh-Hant	鮮	"[""魚""]"	[]		"[""zh-Hant.frequency.1053"",""zh.radical.kangxi.195""]"	[]	[]	sources/characters.tsv	frequency-order position 1052; corpus frequency rank 1053; Ministry common-character number 4695	鮮: frequency-order position 1052; corpus frequency rank 1053; 177 appearances (0.01466%); Unihan kRSUnicode 195.6; Kangxi radical 195 魚; Unihan kRSUnicode single radical assignment.	[]	"[""chinese"",""traditional"",""radicals"",""frequency"",""character-to-radical"",""one-way"",""part-6""]"
zh-traditional-radicals-frequency-vi/1053/character-to-radical	VI	vocabulary	1053	zh-Hant	zh-Hant	雜	"[""隹""]"	[]		"[""zh-Hant.frequency.1054"",""zh.radical.kangxi.172""]"	[]	[]	sources/characters.tsv	frequency-order position 1053; corpus frequency rank 1054; Ministry common-character number 4462	雜: frequency-order position 1053; corpus frequency rank 1054; 177 appearances (0.01466%); Unihan kRSUnicode 172.10; Kangxi radical 172 隹; Unihan kRSUnicode single radical assignment.	[]	"[""chinese"",""traditional"",""radicals"",""frequency"",""character-to-radical"",""one-way"",""part-6""]"
zh-traditional-radicals-frequency-vi/1054/character-to-radical	VI	vocabulary	1054	zh-Hant	zh-Hant	智	"[""日""]"	[]		"[""zh-Hant.frequency.1055"",""zh.radical.kangxi.072""]"	[]	[]	sources/characters.tsv	frequency-order position 1054; corpus frequency rank 1055; Ministry common-character number 1811	智: frequency-order position 1054; corpus frequency rank 1055; 177 appearances (0.01466%); Unihan kRSUnicode 72.8; Kangxi radical 72 日; Unihan kRSUnicode single radical assignment.	[]	"[""chinese"",""traditional"",""radicals"",""frequency"",""character-to-radical"",""one-way"",""part-6""]"
zh-traditional-radicals-frequency-vi/1055/character-to-radical	VI	vocabulary	1055	zh-Hant	zh-Hant	雕	"[""隹""]"	[]		"[""zh-Hant.frequency.1056"",""zh.radical.kangxi.172""]"	[]	[]	sources/characters.tsv	frequency-order position 1055; corpus frequency rank 1056; Ministry common-character number 4460	雕: frequency-order position 1055; corpus frequency rank 1056; 177 appearances (0.01466%); Unihan kRSUnicode 172.8; Kangxi radical 172 隹; Unihan kRSUnicode single radical assignment.	[]	"[""chinese"",""traditional"",""radicals"",""frequency"",""character-to-radical"",""one-way"",""part-6""]"
zh-traditional-radicals-frequency-vi/1056/character-to-radical	VI	vocabulary	1056	zh-Hant	zh-Hant	濟	"[""水""]"	[]		"[""zh-Hant.frequency.1057"",""zh.radical.kangxi.085""]"	[]	[]	sources/characters.tsv	frequency-order position 1056; corpus frequency rank 1057; Ministry common-character number 2354	濟: frequency-order position 1056; corpus frequency rank 1057; 177 appearances (0.01466%); Unihan kRSUnicode 85.14; Kangxi radical 85 水; Unihan kRSUnicode single radical assignment.	[]	"[""chinese"",""traditional"",""radicals"",""frequency"",""character-to-radical"",""one-way"",""part-6""]"
zh-traditional-radicals-frequency-vi/1057/character-to-radical	VI	vocabulary	1057	zh-Hant	zh-Hant	泥	"[""水""]"	[]		"[""zh-Hant.frequency.1058"",""zh.radical.kangxi.085""]"	[]	[]	sources/characters.tsv	frequency-order position 1057; corpus frequency rank 1058; Ministry common-character number 2161	泥: frequency-order position 1057; corpus frequency rank 1058; 177 appearances (0.01466%); Unihan kRSUnicode 85.5; Kangxi radical 85 水; Unihan kRSUnicode single radical assignment.	[]	"[""chinese"",""traditional"",""radicals"",""frequency"",""character-to-radical"",""one-way"",""part-6""]"
zh-traditional-radicals-frequency-vi/1058/character-to-radical	VI	vocabulary	1058	zh-Hant	zh-Hant	嚇	"[""口""]"	[]		"[""zh-Hant.frequency.1059"",""zh.radical.kangxi.030""]"	[]	[]	sources/characters.tsv	frequency-order position 1058; corpus frequency rank 1059; Ministry common-character number 706	嚇: frequency-order position 1058; corpus frequency rank 1059; 177 appearances (0.01466%); Unihan kRSUnicode 30.14; Kangxi radical 30 口; Unihan kRSUnicode single radical assignment.	[]	"[""chinese"",""traditional"",""radicals"",""frequency"",""character-to-radical"",""one-way"",""part-6""]"
zh-traditional-radicals-frequency-vi/1059/character-to-radical	VI	vocabulary	1059	zh-Hant	zh-Hant	彎	"[""弓""]"	[]		"[""zh-Hant.frequency.1060"",""zh.radical.kangxi.057""]"	[]	[]	sources/characters.tsv	frequency-order position 1059; corpus frequency rank 1060; Ministry common-character number 1263	彎: frequency-order position 1059; corpus frequency rank 1060; 177 appearances (0.01466%); Unihan kRSUnicode 57.19; Kangxi radical 57 弓; Unihan kRSUnicode single radical assignment.	[]	"[""chinese"",""traditional"",""radicals"",""frequency"",""character-to-radical"",""one-way"",""part-6""]"
zh-traditional-radicals-frequency-vi/1060/character-to-radical	VI	vocabulary	1060	zh-Hant	zh-Hant	泡	"[""水""]"	[]		"[""zh-Hant.frequency.1061"",""zh.radical.kangxi.085""]"	[]	[]	sources/characters.tsv	frequency-order position 1060; corpus frequency rank 1061; Ministry common-character number 2180	泡: frequency-order position 1060; corpus frequency rank 1061; 176 appearances (0.01458%); Unihan kRSUnicode 85.5; Kangxi radical 85 水; Unihan kRSUnicode single radical assignment.	[]	"[""chinese"",""traditional"",""radicals"",""frequency"",""character-to-radical"",""one-way"",""part-6""]"
zh-traditional-radicals-frequency-vi/1061/character-to-radical	VI	vocabulary	1061	zh-Hant	zh-Hant	軟	"[""車""]"	[]		"[""zh-Hant.frequency.1062"",""zh.radical.kangxi.159""]"	[]	[]	sources/characters.tsv	frequency-order position 1061; corpus frequency rank 1062; Ministry common-character number 4068	軟: frequency-order position 1061; corpus frequency rank 1062; 176 appearances (0.01458%); Unihan kRSUnicode 159.4; Kangxi radical 159 車; Unihan kRSUnicode single radical assignment.	[]	"[""chinese"",""traditional"",""radicals"",""frequency"",""character-to-radical"",""one-way"",""part-6""]"
zh-traditional-radicals-frequency-vi/1062/character-to-radical	VI	vocabulary	1062	zh-Hant	zh-Hant	勝	"[""力""]"	[]		"[""zh-Hant.frequency.1063"",""zh.radical.kangxi.019""]"	[]	[]	sources/characters.tsv	frequency-order position 1062; corpus frequency rank 1063; Ministry common-character number 397	勝: frequency-order position 1062; corpus frequency rank 1063; 176 appearances (0.01458%); Unihan kRSUnicode 19.10; Kangxi radical 19 力; Unihan kRSUnicode single radical assignment.	[]	"[""chinese"",""traditional"",""radicals"",""frequency"",""character-to-radical"",""one-way"",""part-6""]"
zh-traditional-radicals-frequency-vi/1063/character-to-radical	VI	vocabulary	1063	zh-Hant	zh-Hant	距	"[""足""]"	[]		"[""zh-Hant.frequency.1064"",""zh.radical.kangxi.157""]"	[]	[]	sources/characters.tsv	frequency-order position 1063; corpus frequency rank 1064; Ministry common-character number 4005	距: frequency-order position 1063; corpus frequency rank 1064; 176 appearances (0.01458%); Unihan kRSUnicode 157.5; Kangxi radical 157 足; Unihan kRSUnicode single radical assignment.	[]	"[""chinese"",""traditional"",""radicals"",""frequency"",""character-to-radical"",""one-way"",""part-6""]"
zh-traditional-radicals-frequency-vi/1064/character-to-radical	VI	vocabulary	1064	zh-Hant	zh-Hant	架	"[""木""]"	[]		"[""zh-Hant.frequency.1065"",""zh.radical.kangxi.075""]"	[]	[]	sources/characters.tsv	frequency-order position 1064; corpus frequency rank 1065; Ministry common-character number 1896	架: frequency-order position 1064; corpus frequency rank 1065; 175 appearances (0.01449%); Unihan kRSUnicode 75.5; Kangxi radical 75 木; Unihan kRSUnicode single radical assignment.	[]	"[""chinese"",""traditional"",""radicals"",""frequency"",""character-to-radical"",""one-way"",""part-6""]"
zh-traditional-radicals-frequency-vi/1065/character-to-radical	VI	vocabulary	1065	zh-Hant	zh-Hant	激	"[""水""]"	[]		"[""zh-Hant.frequency.1066"",""zh.radical.kangxi.085""]"	[]	[]	sources/characters.tsv	frequency-order position 1065; corpus frequency rank 1066; Ministry common-character number 2350	激: frequency-order position 1065; corpus frequency rank 1066; 175 appearances (0.01449%); Unihan kRSUnicode 85.13; Kangxi radical 85 水; Unihan kRSUnicode single radical assignment.	[]	"[""chinese"",""traditional"",""radicals"",""frequency"",""character-to-radical"",""one-way"",""part-6""]"
zh-traditional-radicals-frequency-vi/1066/character-to-radical	VI	vocabulary	1066	zh-Hant	zh-Hant	抱	"[""手""]"	[]		"[""zh-Hant.frequency.1067"",""zh.radical.kangxi.064""]"	[]	[]	sources/characters.tsv	frequency-order position 1066; corpus frequency rank 1067; Ministry common-character number 1546	抱: frequency-order position 1066; corpus frequency rank 1067; 174 appearances (0.01441%); Unihan kRSUnicode 64.5; Kangxi radical 64 手; Unihan kRSUnicode single radical assignment.	[]	"[""chinese"",""traditional"",""radicals"",""frequency"",""character-to-radical"",""one-way"",""part-6""]"
zh-traditional-radicals-frequency-vi/1067/character-to-radical	VI	vocabulary	1067	zh-Hant	zh-Hant	秀	"[""禾""]"	[]		"[""zh-Hant.frequency.1068"",""zh.radical.kangxi.115""]"	[]	[]	sources/characters.tsv	frequency-order position 1067; corpus frequency rank 1068; Ministry common-character number 2913	秀: frequency-order position 1067; corpus frequency rank 1068; 174 appearances (0.01441%); Unihan kRSUnicode 115.2; Kangxi radical 115 禾; Unihan kRSUnicode single radical assignment.	[]	"[""chinese"",""traditional"",""radicals"",""frequency"",""character-to-radical"",""one-way"",""part-6""]"
zh-traditional-radicals-frequency-vi/1068/character-to-radical	VI	vocabulary	1068	zh-Hant	zh-Hant	況	"[""水""]"	[]		"[""zh-Hant.frequency.1069"",""zh.radical.kangxi.085""]"	[]	[]	sources/characters.tsv	frequency-order position 1068; corpus frequency rank 1069; Ministry common-character number 2173	況: frequency-order position 1068; corpus frequency rank 1069; 174 appearances (0.01441%); Unihan kRSUnicode 85.5; Kangxi radical 85 水; Unihan kRSUnicode single radical assignment.	[]	"[""chinese"",""traditional"",""radicals"",""frequency"",""character-to-radical"",""one-way"",""part-6""]"
zh-traditional-radicals-frequency-vi/1069/character-to-radical	VI	vocabulary	1069	zh-Hant	zh-Hant	抓	"[""手""]"	[]		"[""zh-Hant.frequency.1070"",""zh.radical.kangxi.064""]"	[]	[]	sources/characters.tsv	frequency-order position 1069; corpus frequency rank 1070; Ministry common-character number 1521	抓: frequency-order position 1069; corpus frequency rank 1070; 173 appearances (0.01433%); Unihan kRSUnicode 64.4; Kangxi radical 64 手; Unihan kRSUnicode single radical assignment.	[]	"[""chinese"",""traditional"",""radicals"",""frequency"",""character-to-radical"",""one-way"",""part-6""]"
zh-traditional-radicals-frequency-vi/1070/character-to-radical	VI	vocabulary	1070	zh-Hant	zh-Hant	婚	"[""女""]"	[]		"[""zh-Hant.frequency.1071"",""zh.radical.kangxi.038""]"	[]	[]	sources/characters.tsv	frequency-order position 1070; corpus frequency rank 1071; Ministry common-character number 946	婚: frequency-order position 1070; corpus frequency rank 1071; 173 appearances (0.01433%); Unihan kRSUnicode 38.8; Kangxi radical 38 女; Unihan kRSUnicode single radical assignment.	[]	"[""chinese"",""traditional"",""radicals"",""frequency"",""character-to-radical"",""one-way"",""part-6""]"
zh-traditional-radicals-frequency-vi/1071/character-to-radical	VI	vocabulary	1071	zh-Hant	zh-Hant	超	"[""走""]"	[]		"[""zh-Hant.frequency.1072"",""zh.radical.kangxi.156""]"	[]	[]	sources/characters.tsv	frequency-order position 1071; corpus frequency rank 1072; Ministry common-character number 3994	超: frequency-order position 1071; corpus frequency rank 1072; 173 appearances (0.01433%); Unihan kRSUnicode 156.5; Kangxi radical 156 走; Unihan kRSUnicode single radical assignment.	[]	"[""chinese"",""traditional"",""radicals"",""frequency"",""character-to-radical"",""one-way"",""part-6""]"
zh-traditional-radicals-frequency-vi/1072/character-to-radical	VI	vocabulary	1072	zh-Hant	zh-Hant	刺	"[""刀""]"	[]		"[""zh-Hant.frequency.1073"",""zh.radical.kangxi.018""]"	[]	[]	sources/characters.tsv	frequency-order position 1072; corpus frequency rank 1073; Ministry common-character number 347	刺: frequency-order position 1072; corpus frequency rank 1073; 172 appearances (0.01425%); Unihan kRSUnicode 18.6; Kangxi radical 18 刀; Unihan kRSUnicode single radical assignment.	[]	"[""chinese"",""traditional"",""radicals"",""frequency"",""character-to-radical"",""one-way"",""part-6""]"
zh-traditional-radicals-frequency-vi/1073/character-to-radical	VI	vocabulary	1073	zh-Hant	zh-Hant	描	"[""手""]"	[]		"[""zh-Hant.frequency.1074"",""zh.radical.kangxi.064""]"	[]	[]	sources/characters.tsv	frequency-order position 1073; corpus frequency rank 1074; Ministry common-character number 1616	描: frequency-order position 1073; corpus frequency rank 1074; 172 appearances (0.01425%); Unihan kRSUnicode 64.9; Kangxi radical 64 手; Unihan kRSUnicode single radical assignment.	[]	"[""chinese"",""traditional"",""radicals"",""frequency"",""character-to-radical"",""one-way"",""part-6""]"
zh-traditional-radicals-frequency-vi/1074/character-to-radical	VI	vocabulary	1074	zh-Hant	zh-Hant	惡	"[""心""]"	[]		"[""zh-Hant.frequency.1075"",""zh.radical.kangxi.061""]"	[]	[]	sources/characters.tsv	frequency-order position 1074; corpus frequency rank 1075; Ministry common-character number 1382	惡: frequency-order position 1074; corpus frequency rank 1075; 172 appearances (0.01425%); Unihan kRSUnicode 61.8; Kangxi radical 61 心; Unihan kRSUnicode single radical assignment.	[]	"[""chinese"",""traditional"",""radicals"",""frequency"",""character-to-radical"",""one-way"",""part-6""]"
zh-traditional-radicals-frequency-vi/1075/character-to-radical	VI	vocabulary	1075	zh-Hant	zh-Hant	尤	"[""尢""]"	[]		"[""zh-Hant.frequency.1076"",""zh.radical.kangxi.043""]"	[]	[]	sources/characters.tsv	frequency-order position 1075; corpus frequency rank 1076; Ministry common-character number 1072	尤: frequency-order position 1075; corpus frequency rank 1076; 171 appearances (0.01416%); Unihan kRSUnicode 43.1; Kangxi radical 43 尢; Unihan kRSUnicode single radical assignment.	[]	"[""chinese"",""traditional"",""radicals"",""frequency"",""character-to-radical"",""one-way"",""part-6""]"
zh-traditional-radicals-frequency-vi/1076/character-to-radical	VI	vocabulary	1076	zh-Hant	zh-Hant	戶	"[""戶""]"	[]		"[""zh-Hant.frequency.1077"",""zh.radical.kangxi.063""]"	[]	[]	sources/characters.tsv	frequency-order position 1076; corpus frequency rank 1077; Ministry common-character number 1487	戶: frequency-order position 1076; corpus frequency rank 1077; 171 appearances (0.01416%); Unihan kRSUnicode 63.0; Kangxi radical 63 戶; Unihan kRSUnicode single radical assignment.	[]	"[""chinese"",""traditional"",""radicals"",""frequency"",""character-to-radical"",""one-way"",""part-6""]"
zh-traditional-radicals-frequency-vi/1077/character-to-radical	VI	vocabulary	1077	zh-Hant	zh-Hant	吳	"[""口""]"	[]		"[""zh-Hant.frequency.1078"",""zh.radical.kangxi.030""]"	[]	[]	sources/characters.tsv	frequency-order position 1077; corpus frequency rank 1078; Ministry common-character number 523	吳: frequency-order position 1077; corpus frequency rank 1078; 171 appearances (0.01416%); Unihan kRSUnicode 30.4; Kangxi radical 30 口; Unihan kRSUnicode single radical assignment.	[]	"[""chinese"",""traditional"",""radicals"",""frequency"",""character-to-radical"",""one-way"",""part-6""]"
zh-traditional-radicals-frequency-vi/1078/character-to-radical	VI	vocabulary	1078	zh-Hant	zh-Hant	逃	"[""辵""]"	[]		"[""zh-Hant.frequency.1079"",""zh.radical.kangxi.162""]"	[]	[]	sources/characters.tsv	frequency-order position 1078; corpus frequency rank 1079; Ministry common-character number 4133	逃: frequency-order position 1078; corpus frequency rank 1079; 171 appearances (0.01416%); Unihan kRSUnicode 162.6; Kangxi radical 162 辵; Unihan kRSUnicode single radical assignment.	[]	"[""chinese"",""traditional"",""radicals"",""frequency"",""character-to-radical"",""one-way"",""part-6""]"
zh-traditional-radicals-frequency-vi/1079/character-to-radical	VI	vocabulary	1079	zh-Hant	zh-Hant	氧	"[""气""]"	[]		"[""zh-Hant.frequency.1080"",""zh.radical.kangxi.084""]"	[]	[]	sources/characters.tsv	frequency-order position 1079; corpus frequency rank 1080; Ministry common-character number 2116	氧: frequency-order position 1079; corpus frequency rank 1080; 171 appearances (0.01416%); Unihan kRSUnicode 84.6; Kangxi radical 84 气; Unihan kRSUnicode single radical assignment.	[]	"[""chinese"",""traditional"",""radicals"",""frequency"",""character-to-radical"",""one-way"",""part-6""]"
zh-traditional-radicals-frequency-vi/1080/character-to-radical	VI	vocabulary	1080	zh-Hant	zh-Hant	困	"[""囗""]"	[]		"[""zh-Hant.frequency.1081"",""zh.radical.kangxi.031""]"	[]	[]	sources/characters.tsv	frequency-order position 1080; corpus frequency rank 1081; Ministry common-character number 729	困: frequency-order position 1080; corpus frequency rank 1081; 170 appearances (0.01408%); Unihan kRSUnicode 31.4; Kangxi radical 31 囗; Unihan kRSUnicode single radical assignment.	[]	"[""chinese"",""traditional"",""radicals"",""frequency"",""character-to-radical"",""one-way"",""part-6""]"
zh-traditional-radicals-frequency-vi/1081/character-to-radical	VI	vocabulary	1081	zh-Hant	zh-Hant	述	"[""辵""]"	[]		"[""zh-Hant.frequency.1082"",""zh.radical.kangxi.162""]"	[]	[]	sources/characters.tsv	frequency-order position 1081; corpus frequency rank 1082; Ministry common-character number 4120	述: frequency-order position 1081; corpus frequency rank 1082; 170 appearances (0.01408%); Unihan kRSUnicode 162.5; Kangxi radical 162 辵; Unihan kRSUnicode single radical assignment.	[]	"[""chinese"",""traditional"",""radicals"",""frequency"",""character-to-radical"",""one-way"",""part-6""]"
zh-traditional-radicals-frequency-vi/1082/character-to-radical	VI	vocabulary	1082	zh-Hant	zh-Hant	浪	"[""水""]"	[]		"[""zh-Hant.frequency.1083"",""zh.radical.kangxi.085""]"	[]	[]	sources/characters.tsv	frequency-order position 1082; corpus frequency rank 1083; Ministry common-character number 2199	浪: frequency-order position 1082; corpus frequency rank 1083; 170 appearances (0.01408%); Unihan kRSUnicode 85.7; Kangxi radical 85 水; Unihan kRSUnicode single radical assignment.	[]	"[""chinese"",""traditional"",""radicals"",""frequency"",""character-to-radical"",""one-way"",""part-6""]"
zh-traditional-radicals-frequency-vi/1083/character-to-radical	VI	vocabulary	1083	zh-Hant	zh-Hant	威	"[""女""]"	[]		"[""zh-Hant.frequency.1084"",""zh.radical.kangxi.038""]"	[]	[]	sources/characters.tsv	frequency-order position 1083; corpus frequency rank 1084; Ministry common-character number 924	威: frequency-order position 1083; corpus frequency rank 1084; 169 appearances (0.01400%); Unihan kRSUnicode 38.6; Kangxi radical 38 女; Unihan kRSUnicode single radical assignment.	[]	"[""chinese"",""traditional"",""radicals"",""frequency"",""character-to-radical"",""one-way"",""part-6""]"
zh-traditional-radicals-frequency-vi/1084/character-to-radical	VI	vocabulary	1084	zh-Hant	zh-Hant	染	"[""木""]"	[]		"[""zh-Hant.frequency.1085"",""zh.radical.kangxi.075""]"	[]	[]	sources/characters.tsv	frequency-order position 1084; corpus frequency rank 1085; Ministry common-character number 1891	染: frequency-order position 1084; corpus frequency rank 1085; 169 appearances (0.01400%); Unihan kRSUnicode 75.5; Kangxi radical 75 木; Unihan kRSUnicode single radical assignment.	[]	"[""chinese"",""traditional"",""radicals"",""frequency"",""character-to-radical"",""one-way"",""part-6""]"
zh-traditional-radicals-frequency-vi/1085/character-to-radical	VI	vocabulary	1085	zh-Hant	zh-Hant	街	"[""行""]"	[]		"[""zh-Hant.frequency.1086"",""zh.radical.kangxi.144""]"	[]	[]	sources/characters.tsv	frequency-order position 1085; corpus frequency rank 1086; Ministry common-character number 3702	街: frequency-order position 1085; corpus frequency rank 1086; 169 appearances (0.01400%); Unihan kRSUnicode 144.6; Kangxi radical 144 行; Unihan kRSUnicode single radical assignment.	[]	"[""chinese"",""traditional"",""radicals"",""frequency"",""character-to-radical"",""one-way"",""part-6""]"
zh-traditional-radicals-frequency-vi/1086/character-to-radical	VI	vocabulary	1086	zh-Hant	zh-Hant	篇	"[""竹""]"	[]		"[""zh-Hant.frequency.1087"",""zh.radical.kangxi.118""]"	[]	[]	sources/characters.tsv	frequency-order position 1086; corpus frequency rank 1087; Ministry common-character number 3022	篇: frequency-order position 1086; corpus frequency rank 1087; 169 appearances (0.01400%); Unihan kRSUnicode 118.9; Kangxi radical 118 竹; Unihan kRSUnicode single radical assignment.	[]	"[""chinese"",""traditional"",""radicals"",""frequency"",""character-to-radical"",""one-way"",""part-6""]"
zh-traditional-radicals-frequency-vi/1087/character-to-radical	VI	vocabulary	1087	zh-Hant	zh-Hant	縮	"[""糸""]"	[]		"[""zh-Hant.frequency.1088"",""zh.radical.kangxi.120""]"	[]	[]	sources/characters.tsv	frequency-order position 1087; corpus frequency rank 1088; Ministry common-character number 3165	縮: frequency-order position 1087; corpus frequency rank 1088; 169 appearances (0.01400%); Unihan kRSUnicode 120.11; Kangxi radical 120 糸; Unihan kRSUnicode single radical assignment.	[]	"[""chinese"",""traditional"",""radicals"",""frequency"",""character-to-radical"",""one-way"",""part-6""]"
zh-traditional-radicals-frequency-vi/1088/character-to-radical	VI	vocabulary	1088	zh-Hant	zh-Hant	聰	"[""耳""]"	[]		"[""zh-Hant.frequency.1089"",""zh.radical.kangxi.128""]"	[]	[]	sources/characters.tsv	frequency-order position 1088; corpus frequency rank 1089; Ministry common-character number 3276	聰: frequency-order position 1088; corpus frequency rank 1089; 169 appearances (0.01400%); Unihan kRSUnicode 128.11; Kangxi radical 128 耳; Unihan kRSUnicode single radical assignment.	[]	"[""chinese"",""traditional"",""radicals"",""frequency"",""character-to-radical"",""one-way"",""part-6""]"
zh-traditional-radicals-frequency-vi/1089/character-to-radical	VI	vocabulary	1089	zh-Hant	zh-Hant	隔	"[""阜""]"	[]		"[""zh-Hant.frequency.1090"",""zh.radical.kangxi.170""]"	[]	[]	sources/characters.tsv	frequency-order position 1089; corpus frequency rank 1090; Ministry common-character number 4438	隔: frequency-order position 1089; corpus frequency rank 1090; 168 appearances (0.01391%); Unihan kRSUnicode 170.10; Kangxi radical 170 阜; Unihan kRSUnicode single radical assignment.	[]	"[""chinese"",""traditional"",""radicals"",""frequency"",""character-to-radical"",""one-way"",""part-6""]"
zh-traditional-radicals-frequency-vi/1090/character-to-radical	VI	vocabulary	1090	zh-Hant	zh-Hant	銅	"[""金""]"	[]		"[""zh-Hant.frequency.1091"",""zh.radical.kangxi.167""]"	[]	[]	sources/characters.tsv	frequency-order position 1090; corpus frequency rank 1091; Ministry common-character number 4291	銅: frequency-order position 1090; corpus frequency rank 1091; 168 appearances (0.01391%); Unihan kRSUnicode 167.6; Kangxi radical 167 金; Unihan kRSUnicode single radical assignment.	[]	"[""chinese"",""traditional"",""radicals"",""frequency"",""character-to-radical"",""one-way"",""part-6""]"
zh-traditional-radicals-frequency-vi/1091/character-to-radical	VI	vocabulary	1091	zh-Hant	zh-Hant	州	"[""巛""]"	[]		"[""zh-Hant.frequency.1092"",""zh.radical.kangxi.047""]"	[]	[]	sources/characters.tsv	frequency-order position 1091; corpus frequency rank 1092; Ministry common-character number 1146	州: frequency-order position 1091; corpus frequency rank 1092; 167 appearances (0.01383%); Unihan kRSUnicode 47.3; Kangxi radical 47 巛; Unihan kRSUnicode single radical assignment.	[]	"[""chinese"",""traditional"",""radicals"",""frequency"",""character-to-radical"",""one-way"",""part-6""]"
zh-traditional-radicals-frequency-vi/1092/character-to-radical	VI	vocabulary	1092	zh-Hant	zh-Hant	封	"[""寸""]"	[]		"[""zh-Hant.frequency.1093"",""zh.radical.kangxi.041""]"	[]	[]	sources/characters.tsv	frequency-order position 1092; corpus frequency rank 1093; Ministry common-character number 1059	封: frequency-order position 1092; corpus frequency rank 1093; 167 appearances (0.01383%); Unihan kRSUnicode 41.6; Kangxi radical 41 寸; Unihan kRSUnicode single radical assignment.	[]	"[""chinese"",""traditional"",""radicals"",""frequency"",""character-to-radical"",""one-way"",""part-6""]"
zh-traditional-radicals-frequency-vi/1093/character-to-radical	VI	vocabulary	1093	zh-Hant	zh-Hant	致	"[""至""]"	[]		"[""zh-Hant.frequency.1094"",""zh.radical.kangxi.133""]"	[]	[]	sources/characters.tsv	frequency-order position 1093; corpus frequency rank 1094; Ministry common-character number 3390	致: frequency-order position 1093; corpus frequency rank 1094; 167 appearances (0.01383%); Unihan kRSUnicode 133.3; Kangxi radical 133 至; Unihan kRSUnicode single radical assignment.	[]	"[""chinese"",""traditional"",""radicals"",""frequency"",""character-to-radical"",""one-way"",""part-6""]"
zh-traditional-radicals-frequency-vi/1094/character-to-radical	VI	vocabulary	1094	zh-Hant	zh-Hant	貼	"[""貝""]"	[]		"[""zh-Hant.frequency.1095"",""zh.radical.kangxi.154""]"	[]	[]	sources/characters.tsv	frequency-order position 1094; corpus frequency rank 1095; Ministry common-character number 3939	貼: frequency-order position 1094; corpus frequency rank 1095; 167 appearances (0.01383%); Unihan kRSUnicode 154.5; Kangxi radical 154 貝; Unihan kRSUnicode single radical assignment.	[]	"[""chinese"",""traditional"",""radicals"",""frequency"",""character-to-radical"",""one-way"",""part-6""]"
zh-traditional-radicals-frequency-vi/1095/character-to-radical	VI	vocabulary	1095	zh-Hant	zh-Hant	箭	"[""竹""]"	[]		"[""zh-Hant.frequency.1096"",""zh.radical.kangxi.118""]"	[]	[]	sources/characters.tsv	frequency-order position 1095; corpus frequency rank 1096; Ministry common-character number 3017	箭: frequency-order position 1095; corpus frequency rank 1096; 167 appearances (0.01383%); Unihan kRSUnicode 118.9; Kangxi radical 118 竹; Unihan kRSUnicode single radical assignment.	[]	"[""chinese"",""traditional"",""radicals"",""frequency"",""character-to-radical"",""one-way"",""part-6""]"
zh-traditional-radicals-frequency-vi/1096/character-to-radical	VI	vocabulary	1096	zh-Hant	zh-Hant	橋	"[""木""]"	[]		"[""zh-Hant.frequency.1097"",""zh.radical.kangxi.075""]"	[]	[]	sources/characters.tsv	frequency-order position 1096; corpus frequency rank 1097; Ministry common-character number 2028	橋: frequency-order position 1096; corpus frequency rank 1097; 167 appearances (0.01383%); Unihan kRSUnicode 75.12; Kangxi radical 75 木; Unihan kRSUnicode single radical assignment.	[]	"[""chinese"",""traditional"",""radicals"",""frequency"",""character-to-radical"",""one-way"",""part-6""]"
zh-traditional-radicals-frequency-vi/1097/character-to-radical	VI	vocabulary	1097	zh-Hant	zh-Hant	危	"[""卩""]"	[]		"[""zh-Hant.frequency.1098"",""zh.radical.kangxi.026""]"	[]	[]	sources/characters.tsv	frequency-order position 1097; corpus frequency rank 1098; Ministry common-character number 451	危: frequency-order position 1097; corpus frequency rank 1098; 166 appearances (0.01375%); Unihan kRSUnicode 26.4; Kangxi radical 26 卩; Unihan kRSUnicode single radical assignment.	[]	"[""chinese"",""traditional"",""radicals"",""frequency"",""character-to-radical"",""one-way"",""part-6""]"
zh-traditional-radicals-frequency-vi/1098/character-to-radical	VI	vocabulary	1098	zh-Hant	zh-Hant	孝	"[""子""]"	[]		"[""zh-Hant.frequency.1099"",""zh.radical.kangxi.039""]"	[]	[]	sources/characters.tsv	frequency-order position 1098; corpus frequency rank 1099; Ministry common-character number 989	孝: frequency-order position 1098; corpus frequency rank 1099; 166 appearances (0.01375%); Unihan kRSUnicode 39.4; Kangxi radical 39 子; Unihan kRSUnicode single radical assignment.	[]	"[""chinese"",""traditional"",""radicals"",""frequency"",""character-to-radical"",""one-way"",""part-6""]"
zh-traditional-radicals-frequency-vi/1099/character-to-radical	VI	vocabulary	1099	zh-Hant	zh-Hant	限	"[""阜""]"	[]		"[""zh-Hant.frequency.1100"",""zh.radical.kangxi.170""]"	[]	[]	sources/characters.tsv	frequency-order position 1099; corpus frequency rank 1100; Ministry common-character number 4411	限: frequency-order position 1099; corpus frequency rank 1100; 166 appearances (0.01375%); Unihan kRSUnicode 170.6; Kangxi radical 170 阜; Unihan kRSUnicode single radical assignment.	[]	"[""chinese"",""traditional"",""radicals"",""frequency"",""character-to-radical"",""one-way"",""part-6""]"
zh-traditional-radicals-frequency-vi/1100/character-to-radical	VI	vocabulary	1100	zh-Hant	zh-Hant	溪	"[""水""]"	[]		"[""zh-Hant.frequency.1101"",""zh.radical.kangxi.085""]"	[]	[]	sources/characters.tsv	frequency-order position 1100; corpus frequency rank 1101; Ministry common-character number 2296	溪: frequency-order position 1100; corpus frequency rank 1101; 166 appearances (0.01375%); Unihan kRSUnicode 85.10; Kangxi radical 85 水; Unihan kRSUnicode single radical assignment.	[]	"[""chinese"",""traditional"",""radicals"",""frequency"",""character-to-radical"",""one-way"",""part-6""]"
zh-traditional-radicals-frequency-vi/1101/character-to-radical	VI	vocabulary	1101	zh-Hant	zh-Hant	鞋	"[""革""]"	[]		"[""zh-Hant.frequency.1102"",""zh.radical.kangxi.177""]"	[]	[]	sources/characters.tsv	frequency-order position 1101; corpus frequency rank 1102; Ministry common-character number 4515	鞋: frequency-order position 1101; corpus frequency rank 1102; 166 appearances (0.01375%); Unihan kRSUnicode 177.6; Kangxi radical 177 革; Unihan kRSUnicode single radical assignment.	[]	"[""chinese"",""traditional"",""radicals"",""frequency"",""character-to-radical"",""one-way"",""part-6""]"
zh-traditional-radicals-frequency-vi/1102/character-to-radical	VI	vocabulary	1102	zh-Hant	zh-Hant	姓	"[""女""]"	[]		"[""zh-Hant.frequency.1103"",""zh.radical.kangxi.038""]"	[]	[]	sources/characters.tsv	frequency-order position 1102; corpus frequency rank 1103; Ministry common-character number 909	姓: frequency-order position 1102; corpus frequency rank 1103; 165 appearances (0.01367%); Unihan kRSUnicode 38.5; Kangxi radical 38 女; Unihan kRSUnicode single radical assignment.	[]	"[""chinese"",""traditional"",""radicals"",""frequency"",""character-to-radical"",""one-way"",""part-6""]"
zh-traditional-radicals-frequency-vi/1103/character-to-radical	VI	vocabulary	1103	zh-Hant	zh-Hant	烏	"[""火""]"	[]		"[""zh-Hant.frequency.1104"",""zh.radical.kangxi.086""]"	[]	[]	sources/characters.tsv	frequency-order position 1103; corpus frequency rank 1104; Ministry common-character number 2407	烏: frequency-order position 1103; corpus frequency rank 1104; 165 appearances (0.01367%); Unihan kRSUnicode 86.6; Kangxi radical 86 火; Unihan kRSUnicode single radical assignment.	[]	"[""chinese"",""traditional"",""radicals"",""frequency"",""character-to-radical"",""one-way"",""part-6""]"
zh-traditional-radicals-frequency-vi/1104/character-to-radical	VI	vocabulary	1104	zh-Hant	zh-Hant	牆	"[""爿""]"	[]		"[""zh-Hant.frequency.1105"",""zh.radical.kangxi.090""]"	[]	[]	sources/characters.tsv	frequency-order position 1104; corpus frequency rank 1105; Ministry common-character number 2478	牆: frequency-order position 1104; corpus frequency rank 1105; 165 appearances (0.01367%); Unihan kRSUnicode 90.13; Kangxi radical 90 爿; Unihan kRSUnicode single radical assignment.	[]	"[""chinese"",""traditional"",""radicals"",""frequency"",""character-to-radical"",""one-way"",""part-6""]"
zh-traditional-radicals-frequency-vi/1105/character-to-radical	VI	vocabulary	1105	zh-Hant	zh-Hant	猜	"[""犬""]"	[]		"[""zh-Hant.frequency.1106"",""zh.radical.kangxi.094""]"	[]	[]	sources/characters.tsv	frequency-order position 1105; corpus frequency rank 1106; Ministry common-character number 2524	猜: frequency-order position 1105; corpus frequency rank 1106; 164 appearances (0.01358%); Unihan kRSUnicode 94.8; Kangxi radical 94 犬; Unihan kRSUnicode single radical assignment.	[]	"[""chinese"",""traditional"",""radicals"",""frequency"",""character-to-radical"",""one-way"",""part-6""]"
zh-traditional-radicals-frequency-vi/1106/character-to-radical	VI	vocabulary	1106	zh-Hant	zh-Hant	淡	"[""水""]"	[]		"[""zh-Hant.frequency.1107"",""zh.radical.kangxi.085""]"	[]	[]	sources/characters.tsv	frequency-order position 1106; corpus frequency rank 1107; Ministry common-character number 2219	淡: frequency-order position 1106; corpus frequency rank 1107; 164 appearances (0.01358%); Unihan kRSUnicode 85.8; Kangxi radical 85 水; Unihan kRSUnicode single radical assignment.	[]	"[""chinese"",""traditional"",""radicals"",""frequency"",""character-to-radical"",""one-way"",""part-6""]"
zh-traditional-radicals-frequency-vi/1107/character-to-radical	VI	vocabulary	1107	zh-Hant	zh-Hant	敵	"[""攴""]"	[]		"[""zh-Hant.frequency.1108"",""zh.radical.kangxi.066""]"	[]	[]	sources/characters.tsv	frequency-order position 1107; corpus frequency rank 1108; Ministry common-character number 1737	敵: frequency-order position 1107; corpus frequency rank 1108; 164 appearances (0.01358%); Unihan kRSUnicode 66.11; Kangxi radical 66 攴; Unihan kRSUnicode single radical assignment.	[]	"[""chinese"",""traditional"",""radicals"",""frequency"",""character-to-radical"",""one-way"",""part-6""]"
zh-traditional-radicals-frequency-vi/1108/character-to-radical	VI	vocabulary	1108	zh-Hant	zh-Hant	固	"[""囗""]"	[]		"[""zh-Hant.frequency.1109"",""zh.radical.kangxi.031""]"	[]	[]	sources/characters.tsv	frequency-order position 1108; corpus frequency rank 1109; Ministry common-character number 731	固: frequency-order position 1108; corpus frequency rank 1109; 163 appearances (0.01350%); Unihan kRSUnicode 31.5; Kangxi radical 31 囗; Unihan kRSUnicode single radical assignment.	[]	"[""chinese"",""traditional"",""radicals"",""frequency"",""character-to-radical"",""one-way"",""part-6""]"
zh-traditional-radicals-frequency-vi/1109/character-to-radical	VI	vocabulary	1109	zh-Hant	zh-Hant	掃	"[""手""]"	[]		"[""zh-Hant.frequency.1110"",""zh.radical.kangxi.064""]"	[]	[]	sources/characters.tsv	frequency-order position 1109; corpus frequency rank 1110; Ministry common-character number 1599	掃: frequency-order position 1109; corpus frequency rank 1110; 163 appearances (0.01350%); Unihan kRSUnicode 64.8; Kangxi radical 64 手; Unihan kRSUnicode single radical assignment.	[]	"[""chinese"",""traditional"",""radicals"",""frequency"",""character-to-radical"",""one-way"",""part-6""]"
zh-traditional-radicals-frequency-vi/1110/character-to-radical	VI	vocabulary	1110	zh-Hant	zh-Hant	逐	"[""辵""]"	[]		"[""zh-Hant.frequency.1111"",""zh.radical.kangxi.162""]"	[]	[]	sources/characters.tsv	frequency-order position 1110; corpus frequency rank 1111; Ministry common-character number 4143	逐: frequency-order position 1110; corpus frequency rank 1111; 163 appearances (0.01350%); Unihan kRSUnicode 162.7; Kangxi radical 162 辵; Unihan kRSUnicode single radical assignment.	[]	"[""chinese"",""traditional"",""radicals"",""frequency"",""character-to-radical"",""one-way"",""part-6""]"
zh-traditional-radicals-frequency-vi/1111/character-to-radical	VI	vocabulary	1111	zh-Hant	zh-Hant	勤	"[""力""]"	[]		"[""zh-Hant.frequency.1112"",""zh.radical.kangxi.019""]"	[]	[]	sources/characters.tsv	frequency-order position 1111; corpus frequency rank 1112; Ministry common-character number 401	勤: frequency-order position 1111; corpus frequency rank 1112; 163 appearances (0.01350%); Unihan kRSUnicode 19.11; Kangxi radical 19 力; Unihan kRSUnicode single radical assignment.	[]	"[""chinese"",""traditional"",""radicals"",""frequency"",""character-to-radical"",""one-way"",""part-6""]"
zh-traditional-radicals-frequency-vi/1112/character-to-radical	VI	vocabulary	1112	zh-Hant	zh-Hant	棒	"[""木""]"	[]		"[""zh-Hant.frequency.1113"",""zh.radical.kangxi.075""]"	[]	[]	sources/characters.tsv	frequency-order position 1112; corpus frequency rank 1113; Ministry common-character number 1963	棒: frequency-order position 1112; corpus frequency rank 1113; 163 appearances (0.01350%); Unihan kRSUnicode 75.8; Kangxi radical 75 木; Unihan kRSUnicode single radical assignment.	[]	"[""chinese"",""traditional"",""radicals"",""frequency"",""character-to-radical"",""one-way"",""part-6""]"
zh-traditional-radicals-frequency-vi/1113/character-to-radical	VI	vocabulary	1113	zh-Hant	zh-Hant	載	"[""車""]"	[]		"[""zh-Hant.frequency.1114"",""zh.radical.kangxi.159""]"	[]	[]	sources/characters.tsv	frequency-order position 1113; corpus frequency rank 1114; Ministry common-character number 4073	載: frequency-order position 1113; corpus frequency rank 1114; 163 appearances (0.01350%); Unihan kRSUnicode 159.6; Kangxi radical 159 車; Unihan kRSUnicode single radical assignment.	[]	"[""chinese"",""traditional"",""radicals"",""frequency"",""character-to-radical"",""one-way"",""part-6""]"
zh-traditional-radicals-frequency-vi/1114/character-to-radical	VI	vocabulary	1114	zh-Hant	zh-Hant	悟	"[""心""]"	[]		"[""zh-Hant.frequency.1115"",""zh.radical.kangxi.061""]"	[]	[]	sources/characters.tsv	frequency-order position 1114; corpus frequency rank 1115; Ministry common-character number 1354	悟: frequency-order position 1114; corpus frequency rank 1115; 162 appearances (0.01342%); Unihan kRSUnicode 61.7; Kangxi radical 61 心; Unihan kRSUnicode single radical assignment.	[]	"[""chinese"",""traditional"",""radicals"",""frequency"",""character-to-radical"",""one-way"",""part-6""]"
zh-traditional-radicals-frequency-vi/1115/character-to-radical	VI	vocabulary	1115	zh-Hant	zh-Hant	效	"[""攴""]"	[]		"[""zh-Hant.frequency.1116"",""zh.radical.kangxi.066""]"	[]	[]	sources/characters.tsv	frequency-order position 1115; corpus frequency rank 1116; Ministry common-character number 1722	效: frequency-order position 1115; corpus frequency rank 1116; 162 appearances (0.01342%); Unihan kRSUnicode 66.6; Kangxi radical 66 攴; Unihan kRSUnicode single radical assignment.	[]	"[""chinese"",""traditional"",""radicals"",""frequency"",""character-to-radical"",""one-way"",""part-6""]"
zh-traditional-radicals-frequency-vi/1116/character-to-radical	VI	vocabulary	1116	zh-Hant	zh-Hant	普	"[""日""]"	[]		"[""zh-Hant.frequency.1117"",""zh.radical.kangxi.072""]"	[]	[]	sources/characters.tsv	frequency-order position 1116; corpus frequency rank 1117; Ministry common-character number 1805	普: frequency-order position 1116; corpus frequency rank 1117; 162 appearances (0.01342%); Unihan kRSUnicode 72.8; Kangxi radical 72 日; Unihan kRSUnicode single radical assignment.	[]	"[""chinese"",""traditional"",""radicals"",""frequency"",""character-to-radical"",""one-way"",""part-6""]"
zh-traditional-radicals-frequency-vi/1117/character-to-radical	VI	vocabulary	1117	zh-Hant	zh-Hant	姆	"[""女""]"	[]		"[""zh-Hant.frequency.1118"",""zh.radical.kangxi.038""]"	[]	[]	sources/characters.tsv	frequency-order position 1117; corpus frequency rank 1118; Ministry common-character number 905	姆: frequency-order position 1117; corpus frequency rank 1118; 161 appearances (0.01333%); Unihan kRSUnicode 38.5; Kangxi radical 38 女; Unihan kRSUnicode single radical assignment.	[]	"[""chinese"",""traditional"",""radicals"",""frequency"",""character-to-radical"",""one-way"",""part-6""]"
zh-traditional-radicals-frequency-vi/1118/character-to-radical	VI	vocabulary	1118	zh-Hant	zh-Hant	既	"[""无""]"	[]		"[""zh-Hant.frequency.1119"",""zh.radical.kangxi.071""]"	[]	[]	sources/characters.tsv	frequency-order position 1118; corpus frequency rank 1119; Ministry common-character number 1770	既: frequency-order position 1118; corpus frequency rank 1119; 161 appearances (0.01333%); Unihan kRSUnicode 71.5; Kangxi radical 71 无; Unihan kRSUnicode single radical assignment.	[]	"[""chinese"",""traditional"",""radicals"",""frequency"",""character-to-radical"",""one-way"",""part-6""]"
zh-traditional-radicals-frequency-vi/1119/character-to-radical	VI	vocabulary	1119	zh-Hant	zh-Hant	掛	"[""手""]"	[]		"[""zh-Hant.frequency.1120"",""zh.radical.kangxi.064""]"	[]	[]	sources/characters.tsv	frequency-order position 1119; corpus frequency rank 1120; Ministry common-character number 1600	掛: frequency-order position 1119; corpus frequency rank 1120; 161 appearances (0.01333%); Unihan kRSUnicode 64.8; Kangxi radical 64 手; Unihan kRSUnicode single radical assignment.	[]	"[""chinese"",""traditional"",""radicals"",""frequency"",""character-to-radical"",""one-way"",""part-6""]"
zh-traditional-radicals-frequency-vi/1120/character-to-radical	VI	vocabulary	1120	zh-Hant	zh-Hant	盒	"[""皿""]"	[]		"[""zh-Hant.frequency.1121"",""zh.radical.kangxi.108""]"	[]	[]	sources/characters.tsv	frequency-order position 1120; corpus frequency rank 1121; Ministry common-character number 2745	盒: frequency-order position 1120; corpus frequency rank 1121; 161 appearances (0.01333%); Unihan kRSUnicode 108.6; Kangxi radical 108 皿; Unihan kRSUnicode single radical assignment.	[]	"[""chinese"",""traditional"",""radicals"",""frequency"",""character-to-radical"",""one-way"",""part-6""]"
zh-traditional-radicals-frequency-vi/1121/character-to-radical	VI	vocabulary	1121	zh-Hant	zh-Hant	惜	"[""心""]"	[]		"[""zh-Hant.frequency.1122"",""zh.radical.kangxi.061""]"	[]	[]	sources/characters.tsv	frequency-order position 1121; corpus frequency rank 1122; Ministry common-character number 1373	惜: frequency-order position 1121; corpus frequency rank 1122; 161 appearances (0.01333%); Unihan kRSUnicode 61.8; Kangxi radical 61 心; Unihan kRSUnicode single radical assignment.	[]	"[""chinese"",""traditional"",""radicals"",""frequency"",""character-to-radical"",""one-way"",""part-6""]"
zh-traditional-radicals-frequency-vi/1122/character-to-radical	VI	vocabulary	1122	zh-Hant	zh-Hant	硬	"[""石""]"	[]		"[""zh-Hant.frequency.1123"",""zh.radical.kangxi.112""]"	[]	[]	sources/characters.tsv	frequency-order position 1122; corpus frequency rank 1123; Ministry common-character number 2840	硬: frequency-order position 1122; corpus frequency rank 1123; 161 appearances (0.01333%); Unihan kRSUnicode 112.7; Kangxi radical 112 石; Unihan kRSUnicode single radical assignment.	[]	"[""chinese"",""traditional"",""radicals"",""frequency"",""character-to-radical"",""one-way"",""part-6""]"
zh-traditional-radicals-frequency-vi/1123/character-to-radical	VI	vocabulary	1123	zh-Hant	zh-Hant	播	"[""手""]"	[]		"[""zh-Hant.frequency.1124"",""zh.radical.kangxi.064""]"	[]	[]	sources/characters.tsv	frequency-order position 1123; corpus frequency rank 1124; Ministry common-character number 1672	播: frequency-order position 1123; corpus frequency rank 1124; 161 appearances (0.01333%); Unihan kRSUnicode 64.12; Kangxi radical 64 手; Unihan kRSUnicode single radical assignment.	[]	"[""chinese"",""traditional"",""radicals"",""frequency"",""character-to-radical"",""one-way"",""part-6""]"
zh-traditional-radicals-frequency-vi/1124/character-to-radical	VI	vocabulary	1124	zh-Hant	zh-Hant	慶	"[""心""]"	[]		"[""zh-Hant.frequency.1125"",""zh.radical.kangxi.061""]"	[]	[]	sources/characters.tsv	frequency-order position 1124; corpus frequency rank 1125; Ministry common-character number 1424	慶: frequency-order position 1124; corpus frequency rank 1125; 161 appearances (0.01333%); Unihan kRSUnicode 61.11; Kangxi radical 61 心; Unihan kRSUnicode single radical assignment.	[]	"[""chinese"",""traditional"",""radicals"",""frequency"",""character-to-radical"",""one-way"",""part-6""]"
zh-traditional-radicals-frequency-vi/1125/character-to-radical	VI	vocabulary	1125	zh-Hant	zh-Hant	宜	"[""宀""]"	[]		"[""zh-Hant.frequency.1126"",""zh.radical.kangxi.040""]"	[]	[]	sources/characters.tsv	frequency-order position 1125; corpus frequency rank 1126; Ministry common-character number 1016	宜: frequency-order position 1125; corpus frequency rank 1126; 160 appearances (0.01325%); Unihan kRSUnicode 40.5; Kangxi radical 40 宀; Unihan kRSUnicode single radical assignment.	[]	"[""chinese"",""traditional"",""radicals"",""frequency"",""character-to-radical"",""one-way"",""part-6""]"
zh-traditional-radicals-frequency-vi/1126/character-to-radical	VI	vocabulary	1126	zh-Hant	zh-Hant	妻	"[""女""]"	[]		"[""zh-Hant.frequency.1127"",""zh.radical.kangxi.038""]"	[]	[]	sources/characters.tsv	frequency-order position 1126; corpus frequency rank 1127; Ministry common-character number 900	妻: frequency-order position 1126; corpus frequency rank 1127; 160 appearances (0.01325%); Unihan kRSUnicode 38.5; Kangxi radical 38 女; Unihan kRSUnicode single radical assignment.	[]	"[""chinese"",""traditional"",""radicals"",""frequency"",""character-to-radical"",""one-way"",""part-6""]"
zh-traditional-radicals-frequency-vi/1127/character-to-radical	VI	vocabulary	1127	zh-Hant	zh-Hant	獵	"[""犬""]"	[]		"[""zh-Hant.frequency.1128"",""zh.radical.kangxi.094""]"	[]	[]	sources/characters.tsv	frequency-order position 1127; corpus frequency rank 1128; Ministry common-character number 2545	獵: frequency-order position 1127; corpus frequency rank 1128; 160 appearances (0.01325%); Unihan kRSUnicode 94.15; Kangxi radical 94 犬; Unihan kRSUnicode single radical assignment.	[]	"[""chinese"",""traditional"",""radicals"",""frequency"",""character-to-radical"",""one-way"",""part-6""]"
zh-traditional-radicals-frequency-vi/1128/character-to-radical	VI	vocabulary	1128	zh-Hant	zh-Hant	舊	"[""臼""]"	[]		"[""zh-Hant.frequency.1129"",""zh.radical.kangxi.134""]"	[]	[]	sources/characters.tsv	frequency-order position 1128; corpus frequency rank 1129; Ministry common-character number 3401	舊: frequency-order position 1128; corpus frequency rank 1129; 160 appearances (0.01325%); Unihan kRSUnicode 134.12; Kangxi radical 134 臼; Unihan kRSUnicode single radical assignment.	[]	"[""chinese"",""traditional"",""radicals"",""frequency"",""character-to-radical"",""one-way"",""part-6""]"
zh-traditional-radicals-frequency-vi/1129/character-to-radical	VI	vocabulary	1129	zh-Hant	zh-Hant	后	"[""口""]"	[]		"[""zh-Hant.frequency.1130"",""zh.radical.kangxi.030""]"	[]	[]	sources/characters.tsv	frequency-order position 1129; corpus frequency rank 1130; Ministry common-character number 511	后: frequency-order position 1129; corpus frequency rank 1130; 159 appearances (0.01317%); Unihan kRSUnicode 30.3; Kangxi radical 30 口; Unihan kRSUnicode single radical assignment.	[]	"[""chinese"",""traditional"",""radicals"",""frequency"",""character-to-radical"",""one-way"",""part-6""]"
zh-traditional-radicals-frequency-vi/1130/character-to-radical	VI	vocabulary	1130	zh-Hant	zh-Hant	司	"[""口""]"	[]		"[""zh-Hant.frequency.1131"",""zh.radical.kangxi.030""]"	[]	[]	sources/characters.tsv	frequency-order position 1130; corpus frequency rank 1131; Ministry common-character number 489	司: frequency-order position 1130; corpus frequency rank 1131; 159 appearances (0.01317%); Unihan kRSUnicode 30.2; Kangxi radical 30 口; Unihan kRSUnicode single radical assignment.	[]	"[""chinese"",""traditional"",""radicals"",""frequency"",""character-to-radical"",""one-way"",""part-6""]"
zh-traditional-radicals-frequency-vi/1131/character-to-radical	VI	vocabulary	1131	zh-Hant	zh-Hant	缺	"[""缶""]"	[]		"[""zh-Hant.frequency.1132"",""zh.radical.kangxi.121""]"	[]	[]	sources/characters.tsv	frequency-order position 1131; corpus frequency rank 1132; Ministry common-character number 3197	缺: frequency-order position 1131; corpus frequency rank 1132; 159 appearances (0.01317%); Unihan kRSUnicode 121.4; Kangxi radical 121 缶; Unihan kRSUnicode single radical assignment.	[]	"[""chinese"",""traditional"",""radicals"",""frequency"",""character-to-radical"",""one-way"",""part-6""]"
zh-traditional-radicals-frequency-vi/1132/character-to-radical	VI	vocabulary	1132	zh-Hant	zh-Hant	淚	"[""水""]"	[]		"[""zh-Hant.frequency.1133"",""zh.radical.kangxi.085""]"	[]	[]	sources/characters.tsv	frequency-order position 1132; corpus frequency rank 1133; Ministry common-character number 2239	淚: frequency-order position 1132; corpus frequency rank 1133; 159 appearances (0.01317%); Unihan kRSUnicode 85.8; Kangxi radical 85 水; Unihan kRSUnicode single radical assignment.	[]	"[""chinese"",""traditional"",""radicals"",""frequency"",""character-to-radical"",""one-way"",""part-6""]"
zh-traditional-radicals-frequency-vi/1133/character-to-radical	VI	vocabulary	1133	zh-Hant	zh-Hant	證	"[""言""]"	[]		"[""zh-Hant.frequency.1134"",""zh.radical.kangxi.149""]"	[]	[]	sources/characters.tsv	frequency-order position 1133; corpus frequency rank 1134; Ministry common-character number 3885	證: frequency-order position 1133; corpus frequency rank 1134; 159 appearances (0.01317%); Unihan kRSUnicode 149.12; Kangxi radical 149 言; Unihan kRSUnicode single radical assignment.	[]	"[""chinese"",""traditional"",""radicals"",""frequency"",""character-to-radical"",""one-way"",""part-6""]"
zh-traditional-radicals-frequency-vi/1134/character-to-radical	VI	vocabulary	1134	zh-Hant	zh-Hant	蓮	"[""艸""]"	[]		"[""zh-Hant.frequency.1135"",""zh.radical.kangxi.140""]"	[]	[]	sources/characters.tsv	frequency-order position 1134; corpus frequency rank 1135; Ministry common-character number 3550	蓮: frequency-order position 1134; corpus frequency rank 1135; 158 appearances (0.01309%); Unihan kRSUnicode 140.11; Kangxi radical 140 艸; Unihan kRSUnicode single radical assignment.	[]	"[""chinese"",""traditional"",""radicals"",""frequency"",""character-to-radical"",""one-way"",""part-6""]"
zh-traditional-radicals-frequency-vi/1135/character-to-radical	VI	vocabulary	1135	zh-Hant	zh-Hant	蘇	"[""艸""]"	[]		"[""zh-Hant.frequency.1136"",""zh.radical.kangxi.140""]"	[]	[]	sources/characters.tsv	frequency-order position 1135; corpus frequency rank 1136; Ministry common-character number 3597	蘇: frequency-order position 1135; corpus frequency rank 1136; 158 appearances (0.01309%); Unihan kRSUnicode 140.16; Kangxi radical 140 艸; Unihan kRSUnicode single radical assignment.	[]	"[""chinese"",""traditional"",""radicals"",""frequency"",""character-to-radical"",""one-way"",""part-6""]"
zh-traditional-radicals-frequency-vi/1136/character-to-radical	VI	vocabulary	1136	zh-Hant	zh-Hant	享	"[""亠""]"	[]		"[""zh-Hant.frequency.1137"",""zh.radical.kangxi.008""]"	[]	[]	sources/characters.tsv	frequency-order position 1136; corpus frequency rank 1137; Ministry common-character number 64	享: frequency-order position 1136; corpus frequency rank 1137; 157 appearances (0.01300%); Unihan kRSUnicode 8.6; Kangxi radical 8 亠; Unihan kRSUnicode single radical assignment.	[]	"[""chinese"",""traditional"",""radicals"",""frequency"",""character-to-radical"",""one-way"",""part-6""]"
zh-traditional-radicals-frequency-vi/1137/character-to-radical	VI	vocabulary	1137	zh-Hant	zh-Hant	財	"[""貝""]"	[]		"[""zh-Hant.frequency.1138"",""zh.radical.kangxi.154""]"	[]	[]	sources/characters.tsv	frequency-order position 1137; corpus frequency rank 1138; Ministry common-character number 3930	財: frequency-order position 1137; corpus frequency rank 1138; 157 appearances (0.01300%); Unihan kRSUnicode 154.3; Kangxi radical 154 貝; Unihan kRSUnicode single radical assignment.	[]	"[""chinese"",""traditional"",""radicals"",""frequency"",""character-to-radical"",""one-way"",""part-6""]"
zh-traditional-radicals-frequency-vi/1138/character-to-radical	VI	vocabulary	1138	zh-Hant	zh-Hant	尊	"[""寸""]"	[]		"[""zh-Hant.frequency.1139"",""zh.radical.kangxi.041""]"	[]	[]	sources/characters.tsv	frequency-order position 1138; corpus frequency rank 1139; Ministry common-character number 1064	尊: frequency-order position 1138; corpus frequency rank 1139; 157 appearances (0.01300%); Unihan kRSUnicode 41.9; Kangxi radical 41 寸; Unihan kRSUnicode single radical assignment.	[]	"[""chinese"",""traditional"",""radicals"",""frequency"",""character-to-radical"",""one-way"",""part-6""]"
zh-traditional-radicals-frequency-vi/1139/character-to-radical	VI	vocabulary	1139	zh-Hant	zh-Hant	躲	"[""身""]"	[]		"[""zh-Hant.frequency.1140"",""zh.radical.kangxi.158""]"	[]	[]	sources/characters.tsv	frequency-order position 1139; corpus frequency rank 1140; Ministry common-character number 4058	躲: frequency-order position 1139; corpus frequency rank 1140; 157 appearances (0.01300%); Unihan kRSUnicode 158.6; Kangxi radical 158 身; Unihan kRSUnicode single radical assignment.	[]	"[""chinese"",""traditional"",""radicals"",""frequency"",""character-to-radical"",""one-way"",""part-6""]"
zh-traditional-radicals-frequency-vi/1140/character-to-radical	VI	vocabulary	1140	zh-Hant	zh-Hant	滴	"[""水""]"	[]		"[""zh-Hant.frequency.1141"",""zh.radical.kangxi.085""]"	[]	[]	sources/characters.tsv	frequency-order position 1140; corpus frequency rank 1141; Ministry common-character number 2301	滴: frequency-order position 1140; corpus frequency rank 1141; 157 appearances (0.01300%); Unihan kRSUnicode 85.11; Kangxi radical 85 水; Unihan kRSUnicode single radical assignment.	[]	"[""chinese"",""traditional"",""radicals"",""frequency"",""character-to-radical"",""one-way"",""part-6""]"
zh-traditional-radicals-frequency-vi/1141/character-to-radical	VI	vocabulary	1141	zh-Hant	zh-Hant	翻	"[""羽""]"	[]		"[""zh-Hant.frequency.1142"",""zh.radical.kangxi.124""]"	[]	[]	sources/characters.tsv	frequency-order position 1141; corpus frequency rank 1142; Ministry common-character number 3249	翻: frequency-order position 1141; corpus frequency rank 1142; 157 appearances (0.01300%); Unihan kRSUnicode 124.12; Kangxi radical 124 羽; Unihan kRSUnicode single radical assignment.	[]	"[""chinese"",""traditional"",""radicals"",""frequency"",""character-to-radical"",""one-way"",""part-6""]"
zh-traditional-radicals-frequency-vi/1142/character-to-radical	VI	vocabulary	1142	zh-Hant	zh-Hant	寄	"[""宀""]"	[]		"[""zh-Hant.frequency.1143"",""zh.radical.kangxi.040""]"	[]	[]	sources/characters.tsv	frequency-order position 1142; corpus frequency rank 1143; Ministry common-character number 1034	寄: frequency-order position 1142; corpus frequency rank 1143; 156 appearances (0.01292%); Unihan kRSUnicode 40.8; Kangxi radical 40 宀; Unihan kRSUnicode single radical assignment.	[]	"[""chinese"",""traditional"",""radicals"",""frequency"",""character-to-radical"",""one-way"",""part-6""]"
zh-traditional-radicals-frequency-vi/1143/character-to-radical	VI	vocabulary	1143	zh-Hant	zh-Hant	遍	"[""辵""]"	[]		"[""zh-Hant.frequency.1144"",""zh.radical.kangxi.162""]"	[]	[]	sources/characters.tsv	frequency-order position 1143; corpus frequency rank 1144; Ministry common-character number 4168	遍: frequency-order position 1143; corpus frequency rank 1144; 156 appearances (0.01292%); Unihan kRSUnicode 162.9; Kangxi radical 162 辵; Unihan kRSUnicode single radical assignment.	[]	"[""chinese"",""traditional"",""radicals"",""frequency"",""character-to-radical"",""one-way"",""part-6""]"
zh-traditional-radicals-frequency-vi/1144/character-to-radical	VI	vocabulary	1144	zh-Hant	zh-Hant	繁	"[""糸""]"	[]		"[""zh-Hant.frequency.1145"",""zh.radical.kangxi.120""]"	[]	[]	sources/characters.tsv	frequency-order position 1144; corpus frequency rank 1145; Ministry common-character number 3175	繁: frequency-order position 1144; corpus frequency rank 1145; 156 appearances (0.01292%); Unihan kRSUnicode 120.11; Kangxi radical 120 糸; Unihan kRSUnicode single radical assignment.	[]	"[""chinese"",""traditional"",""radicals"",""frequency"",""character-to-radical"",""one-way"",""part-6""]"
zh-traditional-radicals-frequency-vi/1145/character-to-radical	VI	vocabulary	1145	zh-Hant	zh-Hant	捕	"[""手""]"	[]		"[""zh-Hant.frequency.1146"",""zh.radical.kangxi.064""]"	[]	[]	sources/characters.tsv	frequency-order position 1145; corpus frequency rank 1146; Ministry common-character number 1575	捕: frequency-order position 1145; corpus frequency rank 1146; 155 appearances (0.01284%); Unihan kRSUnicode 64.7; Kangxi radical 64 手; Unihan kRSUnicode single radical assignment.	[]	"[""chinese"",""traditional"",""radicals"",""frequency"",""character-to-radical"",""one-way"",""part-6""]"
zh-traditional-radicals-frequency-vi/1146/character-to-radical	VI	vocabulary	1146	zh-Hant	zh-Hant	登	"[""癶""]"	[]		"[""zh-Hant.frequency.1147"",""zh.radical.kangxi.105""]"	[]	[]	sources/characters.tsv	frequency-order position 1146; corpus frequency rank 1147; Ministry common-character number 2719	登: frequency-order position 1146; corpus frequency rank 1147; 155 appearances (0.01284%); Unihan kRSUnicode 105.7; Kangxi radical 105 癶; Unihan kRSUnicode single radical assignment.	[]	"[""chinese"",""traditional"",""radicals"",""frequency"",""character-to-radical"",""one-way"",""part-6""]"
zh-traditional-radicals-frequency-vi/1147/character-to-radical	VI	vocabulary	1147	zh-Hant	zh-Hant	煩	"[""火""]"	[]		"[""zh-Hant.frequency.1148"",""zh.radical.kangxi.086""]"	[]	[]	sources/characters.tsv	frequency-order position 1147; corpus frequency rank 1148; Ministry common-character number 2421	煩: frequency-order position 1147; corpus frequency rank 1148; 155 appearances (0.01284%); Unihan kRSUnicode 86.9; Kangxi radical 86 火; Unihan kRSUnicode single radical assignment.	[]	"[""chinese"",""traditional"",""radicals"",""frequency"",""character-to-radical"",""one-way"",""part-6""]"
zh-traditional-radicals-frequency-vi/1148/character-to-radical	VI	vocabulary	1148	zh-Hant	zh-Hant	瓜	"[""瓜""]"	[]		"[""zh-Hant.frequency.1149"",""zh.radical.kangxi.097""]"	[]	[]	sources/characters.tsv	frequency-order position 1148; corpus frequency rank 1149; Ministry common-character number 2610	瓜: frequency-order position 1148; corpus frequency rank 1149; 154 appearances (0.01275%); Unihan kRSUnicode 97.0; Kangxi radical 97 瓜; Unihan kRSUnicode single radical assignment.	[]	"[""chinese"",""traditional"",""radicals"",""frequency"",""character-to-radical"",""one-way"",""part-6""]"
zh-traditional-radicals-frequency-vi/1149/character-to-radical	VI	vocabulary	1149	zh-Hant	zh-Hant	弄	"[""廾""]"	[]		"[""zh-Hant.frequency.1150"",""zh.radical.kangxi.055""]"	[]	[]	sources/characters.tsv	frequency-order position 1149; corpus frequency rank 1150; Ministry common-character number 1240	弄: frequency-order position 1149; corpus frequency rank 1150; 154 appearances (0.01275%); Unihan kRSUnicode 55.4; Kangxi radical 55 廾; Unihan kRSUnicode single radical assignment.	[]	"[""chinese"",""traditional"",""radicals"",""frequency"",""character-to-radical"",""one-way"",""part-6""]"
zh-traditional-radicals-frequency-vi/1150/character-to-radical	VI	vocabulary	1150	zh-Hant	zh-Hant	抽	"[""手""]"	[]		"[""zh-Hant.frequency.1151"",""zh.radical.kangxi.064""]"	[]	[]	sources/characters.tsv	frequency-order position 1150; corpus frequency rank 1151; Ministry common-character number 1538	抽: frequency-order position 1150; corpus frequency rank 1151; 154 appearances (0.01275%); Unihan kRSUnicode 64.5; Kangxi radical 64 手; Unihan kRSUnicode single radical assignment.	[]	"[""chinese"",""traditional"",""radicals"",""frequency"",""character-to-radical"",""one-way"",""part-6""]"
zh-traditional-radicals-frequency-vi/1151/character-to-radical	VI	vocabulary	1151	zh-Hant	zh-Hant	淨	"[""水""]"	[]		"[""zh-Hant.frequency.1152"",""zh.radical.kangxi.085""]"	[]	[]	sources/characters.tsv	frequency-order position 1151; corpus frequency rank 1152; Ministry common-character number 2245	淨: frequency-order position 1151; corpus frequency rank 1152; 154 appearances (0.01275%); Unihan kRSUnicode 85.8; Kangxi radical 85 水; Unihan kRSUnicode single radical assignment.	[]	"[""chinese"",""traditional"",""radicals"",""frequency"",""character-to-radical"",""one-way"",""part-6""]"
zh-traditional-radicals-frequency-vi/1152/character-to-radical	VI	vocabulary	1152	zh-Hant	zh-Hant	窮	"[""穴""]"	[]		"[""zh-Hant.frequency.1153"",""zh.radical.kangxi.116""]"	[]	[]	sources/characters.tsv	frequency-order position 1152; corpus frequency rank 1153; Ministry common-character number 2971	窮: frequency-order position 1152; corpus frequency rank 1153; 154 appearances (0.01275%); Unihan kRSUnicode 116.10; Kangxi radical 116 穴; Unihan kRSUnicode single radical assignment.	[]	"[""chinese"",""traditional"",""radicals"",""frequency"",""character-to-radical"",""one-way"",""part-6""]"
zh-traditional-radicals-frequency-vi/1153/character-to-radical	VI	vocabulary	1153	zh-Hant	zh-Hant	鋼	"[""金""]"	[]		"[""zh-Hant.frequency.1154"",""zh.radical.kangxi.167""]"	[]	[]	sources/characters.tsv	frequency-order position 1153; corpus frequency rank 1154; Ministry common-character number 4312	鋼: frequency-order position 1153; corpus frequency rank 1154; 154 appearances (0.01275%); Unihan kRSUnicode 167.8; Kangxi radical 167 金; Unihan kRSUnicode single radical assignment.	[]	"[""chinese"",""traditional"",""radicals"",""frequency"",""character-to-radical"",""one-way"",""part-6""]"
zh-traditional-radicals-frequency-vi/1154/character-to-radical	VI	vocabulary	1154	zh-Hant	zh-Hant	乳	"[""乙""]"	[]		"[""zh-Hant.frequency.1155"",""zh.radical.kangxi.005""]"	[]	[]	sources/characters.tsv	frequency-order position 1154; corpus frequency rank 1155; Ministry common-character number 43	乳: frequency-order position 1154; corpus frequency rank 1155; 153 appearances (0.01267%); Unihan kRSUnicode 5.7; Kangxi radical 5 乙; Unihan kRSUnicode single radical assignment.	[]	"[""chinese"",""traditional"",""radicals"",""frequency"",""character-to-radical"",""one-way"",""part-6""]"
zh-traditional-radicals-frequency-vi/1155/character-to-radical	VI	vocabulary	1155	zh-Hant	zh-Hant	厚	"[""厂""]"	[]		"[""zh-Hant.frequency.1156"",""zh.radical.kangxi.027""]"	[]	[]	sources/characters.tsv	frequency-order position 1155; corpus frequency rank 1156; Ministry common-character number 460	厚: frequency-order position 1155; corpus frequency rank 1156; 153 appearances (0.01267%); Unihan kRSUnicode 27.7; Kangxi radical 27 厂; Unihan kRSUnicode single radical assignment.	[]	"[""chinese"",""traditional"",""radicals"",""frequency"",""character-to-radical"",""one-way"",""part-6""]"
zh-traditional-radicals-frequency-vi/1156/character-to-radical	VI	vocabulary	1156	zh-Hant	zh-Hant	膠	"[""肉""]"	[]		"[""zh-Hant.frequency.1157"",""zh.radical.kangxi.130""]"	[]	[]	sources/characters.tsv	frequency-order position 1156; corpus frequency rank 1157; Ministry common-character number 3363	膠: frequency-order position 1156; corpus frequency rank 1157; 153 appearances (0.01267%); Unihan kRSUnicode 130.11; Kangxi radical 130 肉; Unihan kRSUnicode single radical assignment.	[]	"[""chinese"",""traditional"",""radicals"",""frequency"",""character-to-radical"",""one-way"",""part-6""]"
zh-traditional-radicals-frequency-vi/1157/character-to-radical	VI	vocabulary	1157	zh-Hant	zh-Hant	權	"[""木""]"	[]		"[""zh-Hant.frequency.1158"",""zh.radical.kangxi.075""]"	[]	[]	sources/characters.tsv	frequency-order position 1157; corpus frequency rank 1158; Ministry common-character number 2050	權: frequency-order position 1157; corpus frequency rank 1158; 153 appearances (0.01267%); Unihan kRSUnicode 75.18; Kangxi radical 75 木; Unihan kRSUnicode single radical assignment.	[]	"[""chinese"",""traditional"",""radicals"",""frequency"",""character-to-radical"",""one-way"",""part-6""]"
zh-traditional-radicals-frequency-vi/1158/character-to-radical	VI	vocabulary	1158	zh-Hant	zh-Hant	讚	"[""言""]"	[]		"[""zh-Hant.frequency.1159"",""zh.radical.kangxi.149""]"	[]	[]	sources/characters.tsv	frequency-order position 1158; corpus frequency rank 1159; Ministry common-character number 3901	讚: frequency-order position 1158; corpus frequency rank 1159; 153 appearances (0.01267%); Unihan kRSUnicode 149.19; Kangxi radical 149 言; Unihan kRSUnicode single radical assignment.	[]	"[""chinese"",""traditional"",""radicals"",""frequency"",""character-to-radical"",""one-way"",""part-6""]"
zh-traditional-radicals-frequency-vi/1159/character-to-radical	VI	vocabulary	1159	zh-Hant	zh-Hant	傑	"[""人""]"	[]		"[""zh-Hant.frequency.1160"",""zh.radical.kangxi.009""]"	[]	[]	sources/characters.tsv	frequency-order position 1159; corpus frequency rank 1160; Ministry common-character number 221	傑: frequency-order position 1159; corpus frequency rank 1160; 152 appearances (0.01259%); Unihan kRSUnicode 9.10; Kangxi radical 9 人; Unihan kRSUnicode single radical assignment.	[]	"[""chinese"",""traditional"",""radicals"",""frequency"",""character-to-radical"",""one-way"",""part-6""]"
zh-traditional-radicals-frequency-vi/1160/character-to-radical	VI	vocabulary	1160	zh-Hant	zh-Hant	髮	"[""髟""]"	[]		"[""zh-Hant.frequency.1161"",""zh.radical.kangxi.190""]"	[]	[]	sources/characters.tsv	frequency-order position 1160; corpus frequency rank 1161; Ministry common-character number 4669	髮: frequency-order position 1160; corpus frequency rank 1161; 152 appearances (0.01259%); Unihan kRSUnicode 190.5; Kangxi radical 190 髟; Unihan kRSUnicode single radical assignment.	[]	"[""chinese"",""traditional"",""radicals"",""frequency"",""character-to-radical"",""one-way"",""part-6""]"
zh-traditional-radicals-frequency-vi/1161/character-to-radical	VI	vocabulary	1161	zh-Hant	zh-Hant	覽	"[""見""]"	[]		"[""zh-Hant.frequency.1162"",""zh.radical.kangxi.147""]"	[]	[]	sources/characters.tsv	frequency-order position 1161; corpus frequency rank 1162; Ministry common-character number 3775	覽: frequency-order position 1161; corpus frequency rank 1162; 152 appearances (0.01259%); Unihan kRSUnicode 147.14; Kangxi radical 147 見; Unihan kRSUnicode single radical assignment.	[]	"[""chinese"",""traditional"",""radicals"",""frequency"",""character-to-radical"",""one-way"",""part-6""]"
zh-traditional-radicals-frequency-vi/1162/character-to-radical	VI	vocabulary	1162	zh-Hant	zh-Hant	均	"[""土""]"	[]		"[""zh-Hant.frequency.1163"",""zh.radical.kangxi.032""]"	[]	[]	sources/characters.tsv	frequency-order position 1162; corpus frequency rank 1163; Ministry common-character number 751	均: frequency-order position 1162; corpus frequency rank 1163; 151 appearances (0.01251%); Unihan kRSUnicode 32.4; Kangxi radical 32 土; Unihan kRSUnicode single radical assignment.	[]	"[""chinese"",""traditional"",""radicals"",""frequency"",""character-to-radical"",""one-way"",""part-6""]"
zh-traditional-radicals-frequency-vi/1163/character-to-radical	VI	vocabulary	1163	zh-Hant	zh-Hant	剪	"[""刀""]"	[]		"[""zh-Hant.frequency.1164"",""zh.radical.kangxi.018""]"	[]	[]	sources/characters.tsv	frequency-order position 1163; corpus frequency rank 1164; Ministry common-character number 364	剪: frequency-order position 1163; corpus frequency rank 1164; 151 appearances (0.01251%); Unihan kRSUnicode 18.9; Kangxi radical 18 刀; Unihan kRSUnicode single radical assignment.	[]	"[""chinese"",""traditional"",""radicals"",""frequency"",""character-to-radical"",""one-way"",""part-6""]"
zh-traditional-radicals-frequency-vi/1164/character-to-radical	VI	vocabulary	1164	zh-Hant	zh-Hant	禁	"[""示""]"	[]		"[""zh-Hant.frequency.1165"",""zh.radical.kangxi.113""]"	[]	[]	sources/characters.tsv	frequency-order position 1164; corpus frequency rank 1165; Ministry common-character number 2899	禁: frequency-order position 1164; corpus frequency rank 1165; 151 appearances (0.01251%); Unihan kRSUnicode 113.8; Kangxi radical 113 示; Unihan kRSUnicode single radical assignment.	[]	"[""chinese"",""traditional"",""radicals"",""frequency"",""character-to-radical"",""one-way"",""part-6""]"
zh-traditional-radicals-frequency-vi/1165/character-to-radical	VI	vocabulary	1165	zh-Hant	zh-Hant	汽	"[""水""]"	[]		"[""zh-Hant.frequency.1166"",""zh.radical.kangxi.085""]"	[]	[]	sources/characters.tsv	frequency-order position 1165; corpus frequency rank 1166; Ministry common-character number 2152	汽: frequency-order position 1165; corpus frequency rank 1166; 150 appearances (0.01242%); Unihan kRSUnicode 85.4; Kangxi radical 85 水; Unihan kRSUnicode single radical assignment.	[]	"[""chinese"",""traditional"",""radicals"",""frequency"",""character-to-radical"",""one-way"",""part-6""]"
zh-traditional-radicals-frequency-vi/1166/character-to-radical	VI	vocabulary	1166	zh-Hant	zh-Hant	肥	"[""肉""]"	[]		"[""zh-Hant.frequency.1167"",""zh.radical.kangxi.130""]"	[]	[]	sources/characters.tsv	frequency-order position 1166; corpus frequency rank 1167; Ministry common-character number 3299	肥: frequency-order position 1166; corpus frequency rank 1167; 150 appearances (0.01242%); Unihan kRSUnicode 130.4; Kangxi radical 130 肉; Unihan kRSUnicode single radical assignment.	[]	"[""chinese"",""traditional"",""radicals"",""frequency"",""character-to-radical"",""one-way"",""part-6""]"
zh-traditional-radicals-frequency-vi/1167/character-to-radical	VI	vocabulary	1167	zh-Hant	zh-Hant	雷	"[""雨""]"	[]		"[""zh-Hant.frequency.1168"",""zh.radical.kangxi.173""]"	[]	[]	sources/characters.tsv	frequency-order position 1167; corpus frequency rank 1168; Ministry common-character number 4472	雷: frequency-order position 1167; corpus frequency rank 1168; 150 appearances (0.01242%); Unihan kRSUnicode 173.5; Kangxi radical 173 雨; Unihan kRSUnicode single radical assignment.	[]	"[""chinese"",""traditional"",""radicals"",""frequency"",""character-to-radical"",""one-way"",""part-6""]"
zh-traditional-radicals-frequency-vi/1168/character-to-radical	VI	vocabulary	1168	zh-Hant	zh-Hant	狼	"[""犬""]"	[]		"[""zh-Hant.frequency.1169"",""zh.radical.kangxi.094""]"	[]	[]	sources/characters.tsv	frequency-order position 1168; corpus frequency rank 1169; Ministry common-character number 2519	狼: frequency-order position 1168; corpus frequency rank 1169; 149 appearances (0.01234%); Unihan kRSUnicode 94.7; Kangxi radical 94 犬; Unihan kRSUnicode single radical assignment.	[]	"[""chinese"",""traditional"",""radicals"",""frequency"",""character-to-radical"",""one-way"",""part-6""]"
zh-traditional-radicals-frequency-vi/1169/character-to-radical	VI	vocabulary	1169	zh-Hant	zh-Hant	僅	"[""人""]"	[]		"[""zh-Hant.frequency.1170"",""zh.radical.kangxi.009""]"	[]	[]	sources/characters.tsv	frequency-order position 1169; corpus frequency rank 1170; Ministry common-character number 229	僅: frequency-order position 1169; corpus frequency rank 1170; 149 appearances (0.01234%); Unihan kRSUnicode 9.11; Kangxi radical 9 人; Unihan kRSUnicode single radical assignment.	[]	"[""chinese"",""traditional"",""radicals"",""frequency"",""character-to-radical"",""one-way"",""part-6""]"
zh-traditional-radicals-frequency-vi/1170/character-to-radical	VI	vocabulary	1170	zh-Hant	zh-Hant	摸	"[""手""]"	[]		"[""zh-Hant.frequency.1171"",""zh.radical.kangxi.064""]"	[]	[]	sources/characters.tsv	frequency-order position 1170; corpus frequency rank 1171; Ministry common-character number 1653	摸: frequency-order position 1170; corpus frequency rank 1171; 149 appearances (0.01234%); Unihan kRSUnicode 64.11; Kangxi radical 64 手; Unihan kRSUnicode single radical assignment.	[]	"[""chinese"",""traditional"",""radicals"",""frequency"",""character-to-radical"",""one-way"",""part-6""]"
zh-traditional-radicals-frequency-vi/1171/character-to-radical	VI	vocabulary	1171	zh-Hant	zh-Hant	鼻	"[""鼻""]"	[]		"[""zh-Hant.frequency.1172"",""zh.radical.kangxi.209""]"	[]	[]	sources/characters.tsv	frequency-order position 1171; corpus frequency rank 1172; Ministry common-character number 4792	鼻: frequency-order position 1171; corpus frequency rank 1172; 149 appearances (0.01234%); Unihan kRSUnicode 209.0; Kangxi radical 209 鼻; Unihan kRSUnicode single radical assignment.	[]	"[""chinese"",""traditional"",""radicals"",""frequency"",""character-to-radical"",""one-way"",""part-6""]"
zh-traditional-radicals-frequency-vi/1172/character-to-radical	VI	vocabulary	1172	zh-Hant	zh-Hant	糖	"[""米""]"	[]		"[""zh-Hant.frequency.1173"",""zh.radical.kangxi.119""]"	[]	[]	sources/characters.tsv	frequency-order position 1172; corpus frequency rank 1173; Ministry common-character number 3070	糖: frequency-order position 1172; corpus frequency rank 1173; 149 appearances (0.01234%); Unihan kRSUnicode 119.10; Kangxi radical 119 米; Unihan kRSUnicode single radical assignment.	[]	"[""chinese"",""traditional"",""radicals"",""frequency"",""character-to-radical"",""one-way"",""part-6""]"
zh-traditional-radicals-frequency-vi/1173/character-to-radical	VI	vocabulary	1173	zh-Hant	zh-Hant	默	"[""黑""]"	[]		"[""zh-Hant.frequency.1174"",""zh.radical.kangxi.203""]"	[]	[]	sources/characters.tsv	frequency-order position 1173; corpus frequency rank 1174; Ministry common-character number 4773	默: frequency-order position 1173; corpus frequency rank 1174; 149 appearances (0.01234%); Unihan kRSUnicode 203.4; Kangxi radical 203 黑; Unihan kRSUnicode single radical assignment.	[]	"[""chinese"",""traditional"",""radicals"",""frequency"",""character-to-radical"",""one-way"",""part-6""]"
zh-traditional-radicals-frequency-vi/1174/character-to-radical	VI	vocabulary	1174	zh-Hant	zh-Hant	婦	"[""女""]"	[]		"[""zh-Hant.frequency.1175"",""zh.radical.kangxi.038""]"	[]	[]	sources/characters.tsv	frequency-order position 1174; corpus frequency rank 1175; Ministry common-character number 941	婦: frequency-order position 1174; corpus frequency rank 1175; 148 appearances (0.01226%); Unihan kRSUnicode 38.8; Kangxi radical 38 女; Unihan kRSUnicode single radical assignment.	[]	"[""chinese"",""traditional"",""radicals"",""frequency"",""character-to-radical"",""one-way"",""part-6""]"
zh-traditional-radicals-frequency-vi/1175/character-to-radical	VI	vocabulary	1175	zh-Hant	zh-Hant	鹿	"[""鹿""]"	[]		"[""zh-Hant.frequency.1176"",""zh.radical.kangxi.198""]"	[]	[]	sources/characters.tsv	frequency-order position 1175; corpus frequency rank 1176; Ministry common-character number 4752	鹿: frequency-order position 1175; corpus frequency rank 1176; 148 appearances (0.01226%); Unihan kRSUnicode 198.0; Kangxi radical 198 鹿; Unihan kRSUnicode single radical assignment.	[]	"[""chinese"",""traditional"",""radicals"",""frequency"",""character-to-radical"",""one-way"",""part-6""]"
zh-traditional-radicals-frequency-vi/1176/character-to-radical	VI	vocabulary	1176	zh-Hant	zh-Hant	池	"[""水""]"	[]		"[""zh-Hant.frequency.1177"",""zh.radical.kangxi.085""]"	[]	[]	sources/characters.tsv	frequency-order position 1176; corpus frequency rank 1177; Ministry common-character number 2134	池: frequency-order position 1176; corpus frequency rank 1177; 147 appearances (0.01217%); Unihan kRSUnicode 85.3; Kangxi radical 85 水; Unihan kRSUnicode single radical assignment.	[]	"[""chinese"",""traditional"",""radicals"",""frequency"",""character-to-radical"",""one-way"",""part-6""]"
zh-traditional-radicals-frequency-vi/1177/character-to-radical	VI	vocabulary	1177	zh-Hant	zh-Hant	胡	"[""肉""]"	[]		"[""zh-Hant.frequency.1178"",""zh.radical.kangxi.130""]"	[]	[]	sources/characters.tsv	frequency-order position 1177; corpus frequency rank 1178; Ministry common-character number 3314	胡: frequency-order position 1177; corpus frequency rank 1178; 147 appearances (0.01217%); Unihan kRSUnicode 130.5; Kangxi radical 130 肉; Unihan kRSUnicode single radical assignment.	[]	"[""chinese"",""traditional"",""radicals"",""frequency"",""character-to-radical"",""one-way"",""part-6""]"
zh-traditional-radicals-frequency-vi/1178/character-to-radical	VI	vocabulary	1178	zh-Hant	zh-Hant	剩	"[""刀""]"	[]		"[""zh-Hant.frequency.1179"",""zh.radical.kangxi.018""]"	[]	[]	sources/characters.tsv	frequency-order position 1178; corpus frequency rank 1179; Ministry common-character number 369	剩: frequency-order position 1178; corpus frequency rank 1179; 147 appearances (0.01217%); Unihan kRSUnicode 18.10; Kangxi radical 18 刀; Unihan kRSUnicode single radical assignment.	[]	"[""chinese"",""traditional"",""radicals"",""frequency"",""character-to-radical"",""one-way"",""part-6""]"
zh-traditional-radicals-frequency-vi/1179/character-to-radical	VI	vocabulary	1179	zh-Hant	zh-Hant	聊	"[""耳""]"	[]		"[""zh-Hant.frequency.1180"",""zh.radical.kangxi.128""]"	[]	[]	sources/characters.tsv	frequency-order position 1179; corpus frequency rank 1180; Ministry common-character number 3268	聊: frequency-order position 1179; corpus frequency rank 1180; 147 appearances (0.01217%); Unihan kRSUnicode 128.5; Kangxi radical 128 耳; Unihan kRSUnicode single radical assignment.	[]	"[""chinese"",""traditional"",""radicals"",""frequency"",""character-to-radical"",""one-way"",""part-6""]"
zh-traditional-radicals-frequency-vi/1180/character-to-radical	VI	vocabulary	1180	zh-Hant	zh-Hant	避	"[""辵""]"	[]		"[""zh-Hant.frequency.1181"",""zh.radical.kangxi.162""]"	[]	[]	sources/characters.tsv	frequency-order position 1180; corpus frequency rank 1181; Ministry common-character number 4189	避: frequency-order position 1180; corpus frequency rank 1181; 147 appearances (0.01217%); Unihan kRSUnicode 162.13; Kangxi radical 162 辵; Unihan kRSUnicode single radical assignment.	[]	"[""chinese"",""traditional"",""radicals"",""frequency"",""character-to-radical"",""one-way"",""part-6""]"
zh-traditional-radicals-frequency-vi/1181/character-to-radical	VI	vocabulary	1181	zh-Hant	zh-Hant	折	"[""手""]"	[]		"[""zh-Hant.frequency.1182"",""zh.radical.kangxi.064""]"	[]	[]	sources/characters.tsv	frequency-order position 1181; corpus frequency rank 1182; Ministry common-character number 1518	折: frequency-order position 1181; corpus frequency rank 1182; 146 appearances (0.01209%); Unihan kRSUnicode 64.4; Kangxi radical 64 手; Unihan kRSUnicode single radical assignment.	[]	"[""chinese"",""traditional"",""radicals"",""frequency"",""character-to-radical"",""one-way"",""part-6""]"
zh-traditional-radicals-frequency-vi/1182/character-to-radical	VI	vocabulary	1182	zh-Hant	zh-Hant	冒	"[""冂""]"	[]		"[""zh-Hant.frequency.1183"",""zh.radical.kangxi.013""]"	[]	[]	sources/characters.tsv	frequency-order position 1182; corpus frequency rank 1183; Ministry common-character number 299	冒: frequency-order position 1182; corpus frequency rank 1183; 146 appearances (0.01209%); Unihan kRSUnicode 13.7; Kangxi radical 13 冂; Unihan kRSUnicode single radical assignment.	[]	"[""chinese"",""traditional"",""radicals"",""frequency"",""character-to-radical"",""one-way"",""part-6""]"
zh-traditional-radicals-frequency-vi/1183/character-to-radical	VI	vocabulary	1183	zh-Hant	zh-Hant	套	"[""大""]"	[]		"[""zh-Hant.frequency.1184"",""zh.radical.kangxi.037""]"	[]	[]	sources/characters.tsv	frequency-order position 1183; corpus frequency rank 1184; Ministry common-character number 868	套: frequency-order position 1183; corpus frequency rank 1184; 146 appearances (0.01209%); Unihan kRSUnicode 37.7; Kangxi radical 37 大; Unihan kRSUnicode single radical assignment.	[]	"[""chinese"",""traditional"",""radicals"",""frequency"",""character-to-radical"",""one-way"",""part-6""]"
zh-traditional-radicals-frequency-vi/1184/character-to-radical	VI	vocabulary	1184	zh-Hant	zh-Hant	付	"[""人""]"	[]		"[""zh-Hant.frequency.1185"",""zh.radical.kangxi.009""]"	[]	[]	sources/characters.tsv	frequency-order position 1184; corpus frequency rank 1185; Ministry common-character number 79	付: frequency-order position 1184; corpus frequency rank 1185; 145 appearances (0.01201%); Unihan kRSUnicode 9.3; Kangxi radical 9 人; Unihan kRSUnicode single radical assignment.	[]	"[""chinese"",""traditional"",""radicals"",""frequency"",""character-to-radical"",""one-way"",""part-6""]"
zh-traditional-radicals-frequency-vi/1185/character-to-radical	VI	vocabulary	1185	zh-Hant	zh-Hant	繩	"[""糸""]"	[]		"[""zh-Hant.frequency.1186"",""zh.radical.kangxi.120""]"	[]	[]	sources/characters.tsv	frequency-order position 1185; corpus frequency rank 1186; Ministry common-character number 3184	繩: frequency-order position 1185; corpus frequency rank 1186; 145 appearances (0.01201%); Unihan kRSUnicode 120.13; Kangxi radical 120 糸; Unihan kRSUnicode single radical assignment.	[]	"[""chinese"",""traditional"",""radicals"",""frequency"",""character-to-radical"",""one-way"",""part-6""]"
zh-traditional-radicals-frequency-vi/1186/character-to-radical	VI	vocabulary	1186	zh-Hant	zh-Hant	宇	"[""宀""]"	[]		"[""zh-Hant.frequency.1187"",""zh.radical.kangxi.040""]"	[]	[]	sources/characters.tsv	frequency-order position 1186; corpus frequency rank 1187; Ministry common-character number 1006	宇: frequency-order position 1186; corpus frequency rank 1187; 145 appearances (0.01201%); Unihan kRSUnicode 40.3; Kangxi radical 40 宀; Unihan kRSUnicode single radical assignment.	[]	"[""chinese"",""traditional"",""radicals"",""frequency"",""character-to-radical"",""one-way"",""part-6""]"
zh-traditional-radicals-frequency-vi/1187/character-to-radical	VI	vocabulary	1187	zh-Hant	zh-Hant	革	"[""革""]"	[]		"[""zh-Hant.frequency.1188"",""zh.radical.kangxi.177""]"	[]	[]	sources/characters.tsv	frequency-order position 1187; corpus frequency rank 1188; Ministry common-character number 4509	革: frequency-order position 1187; corpus frequency rank 1188; 145 appearances (0.01201%); Unihan kRSUnicode 177.0; Kangxi radical 177 革; Unihan kRSUnicode single radical assignment.	[]	"[""chinese"",""traditional"",""radicals"",""frequency"",""character-to-radical"",""one-way"",""part-6""]"
zh-traditional-radicals-frequency-vi/1188/character-to-radical	VI	vocabulary	1188	zh-Hant	zh-Hant	楊	"[""木""]"	[]		"[""zh-Hant.frequency.1189"",""zh.radical.kangxi.075""]"	[]	[]	sources/characters.tsv	frequency-order position 1188; corpus frequency rank 1189; Ministry common-character number 1982	楊: frequency-order position 1188; corpus frequency rank 1189; 145 appearances (0.01201%); Unihan kRSUnicode 75.9; Kangxi radical 75 木; Unihan kRSUnicode single radical assignment.	[]	"[""chinese"",""traditional"",""radicals"",""frequency"",""character-to-radical"",""one-way"",""part-6""]"
zh-traditional-radicals-frequency-vi/1189/character-to-radical	VI	vocabulary	1189	zh-Hant	zh-Hant	舒	"[""舌""]"	[]		"[""zh-Hant.frequency.1190"",""zh.radical.kangxi.135""]"	[]	[]	sources/characters.tsv	frequency-order position 1189; corpus frequency rank 1190; Ministry common-character number 3405	舒: frequency-order position 1189; corpus frequency rank 1190; 145 appearances (0.01201%); Unihan kRSUnicode 135.6; Kangxi radical 135 舌; Unihan kRSUnicode single radical assignment.	[]	"[""chinese"",""traditional"",""radicals"",""frequency"",""character-to-radical"",""one-way"",""part-6""]"
zh-traditional-radicals-frequency-vi/1190/character-to-radical	VI	vocabulary	1190	zh-Hant	zh-Hant	協	"[""十""]"	[]		"[""zh-Hant.frequency.1191"",""zh.radical.kangxi.024""]"	[]	[]	sources/characters.tsv	frequency-order position 1190; corpus frequency rank 1191; Ministry common-character number 438	協: frequency-order position 1190; corpus frequency rank 1191; 145 appearances (0.01201%); Unihan kRSUnicode 24.6; Kangxi radical 24 十; Unihan kRSUnicode single radical assignment.	[]	"[""chinese"",""traditional"",""radicals"",""frequency"",""character-to-radical"",""one-way"",""part-6""]"
zh-traditional-radicals-frequency-vi/1191/character-to-radical	VI	vocabulary	1191	zh-Hant	zh-Hant	招	"[""手""]"	[]		"[""zh-Hant.frequency.1192"",""zh.radical.kangxi.064""]"	[]	[]	sources/characters.tsv	frequency-order position 1191; corpus frequency rank 1192; Ministry common-character number 1531	招: frequency-order position 1191; corpus frequency rank 1192; 144 appearances (0.01193%); Unihan kRSUnicode 64.5; Kangxi radical 64 手; Unihan kRSUnicode single radical assignment.	[]	"[""chinese"",""traditional"",""radicals"",""frequency"",""character-to-radical"",""one-way"",""part-6""]"
zh-traditional-radicals-frequency-vi/1192/character-to-radical	VI	vocabulary	1192	zh-Hant	zh-Hant	敗	"[""攴""]"	[]		"[""zh-Hant.frequency.1193"",""zh.radical.kangxi.066""]"	[]	[]	sources/characters.tsv	frequency-order position 1192; corpus frequency rank 1193; Ministry common-character number 1727	敗: frequency-order position 1192; corpus frequency rank 1193; 144 appearances (0.01193%); Unihan kRSUnicode 66.7; Kangxi radical 66 攴; Unihan kRSUnicode single radical assignment.	[]	"[""chinese"",""traditional"",""radicals"",""frequency"",""character-to-radical"",""one-way"",""part-6""]"
zh-traditional-radicals-frequency-vi/1193/character-to-radical	VI	vocabulary	1193	zh-Hant	zh-Hant	蒙	"[""艸""]"	[]		"[""zh-Hant.frequency.1194"",""zh.radical.kangxi.140""]"	[]	[]	sources/characters.tsv	frequency-order position 1193; corpus frequency rank 1194; Ministry common-character number 3537	蒙: frequency-order position 1193; corpus frequency rank 1194; 144 appearances (0.01193%); Unihan kRSUnicode 140.10; Kangxi radical 140 艸; Unihan kRSUnicode single radical assignment.	[]	"[""chinese"",""traditional"",""radicals"",""frequency"",""character-to-radical"",""one-way"",""part-6""]"
zh-traditional-radicals-frequency-vi/1194/character-to-radical	VI	vocabulary	1194	zh-Hant	zh-Hant	億	"[""人""]"	[]		"[""zh-Hant.frequency.1195"",""zh.radical.kangxi.009""]"	[]	[]	sources/characters.tsv	frequency-order position 1194; corpus frequency rank 1195; Ministry common-character number 245	億: frequency-order position 1194; corpus frequency rank 1195; 144 appearances (0.01193%); Unihan kRSUnicode 9.13; Kangxi radical 9 人; Unihan kRSUnicode single radical assignment.	[]	"[""chinese"",""traditional"",""radicals"",""frequency"",""character-to-radical"",""one-way"",""part-6""]"
zh-traditional-radicals-frequency-vi/1195/character-to-radical	VI	vocabulary	1195	zh-Hant	zh-Hant	廳	"[""广""]"	[]		"[""zh-Hant.frequency.1196"",""zh.radical.kangxi.053""]"	[]	[]	sources/characters.tsv	frequency-order position 1195; corpus frequency rank 1196; Ministry common-character number 1234	廳: frequency-order position 1195; corpus frequency rank 1196; 144 appearances (0.01193%); Unihan kRSUnicode 53.22; Kangxi radical 53 广; Unihan kRSUnicode single radical assignment.	[]	"[""chinese"",""traditional"",""radicals"",""frequency"",""character-to-radical"",""one-way"",""part-6""]"
zh-traditional-radicals-frequency-vi/1196/character-to-radical	VI	vocabulary	1196	zh-Hant	zh-Hant	獅	"[""犬""]"	[]		"[""zh-Hant.frequency.1197"",""zh.radical.kangxi.094""]"	[]	[]	sources/characters.tsv	frequency-order position 1196; corpus frequency rank 1197; Ministry common-character number 2534	獅: frequency-order position 1196; corpus frequency rank 1197; 143 appearances (0.01184%); Unihan kRSUnicode 94.10; Kangxi radical 94 犬; Unihan kRSUnicode single radical assignment.	[]	"[""chinese"",""traditional"",""radicals"",""frequency"",""character-to-radical"",""one-way"",""part-6""]"
zh-traditional-radicals-frequency-vi/1197/character-to-radical	VI	vocabulary	1197	zh-Hant	zh-Hant	肌	"[""肉""]"	[]		"[""zh-Hant.frequency.1198"",""zh.radical.kangxi.130""]"	[]	[]	sources/characters.tsv	frequency-order position 1197; corpus frequency rank 1198; Ministry common-character number 3290	肌: frequency-order position 1197; corpus frequency rank 1198; 142 appearances (0.01176%); Unihan kRSUnicode 130.2; Kangxi radical 130 肉; Unihan kRSUnicode single radical assignment.	[]	"[""chinese"",""traditional"",""radicals"",""frequency"",""character-to-radical"",""one-way"",""part-6""]"
zh-traditional-radicals-frequency-vi/1198/character-to-radical	VI	vocabulary	1198	zh-Hant	zh-Hant	攻	"[""攴""]"	[]		"[""zh-Hant.frequency.1199"",""zh.radical.kangxi.066""]"	[]	[]	sources/characters.tsv	frequency-order position 1198; corpus frequency rank 1199; Ministry common-character number 1718	攻: frequency-order position 1198; corpus frequency rank 1199; 142 appearances (0.01176%); Unihan kRSUnicode 66.3; Kangxi radical 66 攴; Unihan kRSUnicode single radical assignment.	[]	"[""chinese"",""traditional"",""radicals"",""frequency"",""character-to-radical"",""one-way"",""part-6""]"
zh-traditional-radicals-frequency-vi/1199/character-to-radical	VI	vocabulary	1199	zh-Hant	zh-Hant	訊	"[""言""]"	[]		"[""zh-Hant.frequency.1200"",""zh.radical.kangxi.149""]"	[]	[]	sources/characters.tsv	frequency-order position 1199; corpus frequency rank 1200; Ministry common-character number 3790	訊: frequency-order position 1199; corpus frequency rank 1200; 141 appearances (0.01168%); Unihan kRSUnicode 149.3; Kangxi radical 149 言; Unihan kRSUnicode single radical assignment.	[]	"[""chinese"",""traditional"",""radicals"",""frequency"",""character-to-radical"",""one-way"",""part-6""]"
zh-traditional-radicals-frequency-vi/1200/character-to-radical	VI	vocabulary	1200	zh-Hant	zh-Hant	退	"[""辵""]"	[]		"[""zh-Hant.frequency.1201"",""zh.radical.kangxi.162""]"	[]	[]	sources/characters.tsv	frequency-order position 1200; corpus frequency rank 1201; Ministry common-character number 4130	退: frequency-order position 1200; corpus frequency rank 1201; 141 appearances (0.01168%); Unihan kRSUnicode 162.6; Kangxi radical 162 辵; Unihan kRSUnicode single radical assignment.	[]	"[""chinese"",""traditional"",""radicals"",""frequency"",""character-to-radical"",""one-way"",""part-6""]"
