card_id	deck	kind	source_chapter	prompt_language	answer_language	prompt	accepted_answers	distractors	explanation	lexical_ids	grammar_ids	geographic_ids	provenance_path	provenance_locator	provenance_evidence	examples	tags
zh-traditional-radicals-frequency-xv/2801/character-to-radical	XV	vocabulary	2801	zh-Hant	zh-Hant	砌	"[""石""]"	[]		"[""zh-Hant.frequency.2826"",""zh.radical.kangxi.112""]"	[]	[]	sources/characters.tsv	frequency-order position 2801; corpus frequency rank 2826; Ministry common-character number 2827	砌: frequency-order position 2801; corpus frequency rank 2826; 17 appearances (0.00140%); Unihan kRSUnicode 112.4; Kangxi radical 112 石; Unihan kRSUnicode single radical assignment.	[]	"[""chinese"",""traditional"",""radicals"",""frequency"",""character-to-radical"",""one-way"",""part-15""]"
zh-traditional-radicals-frequency-xv/2802/character-to-radical	XV	vocabulary	2802	zh-Hant	zh-Hant	秉	"[""禾""]"	[]		"[""zh-Hant.frequency.2827"",""zh.radical.kangxi.115""]"	[]	[]	sources/characters.tsv	frequency-order position 2802; corpus frequency rank 2827; Ministry common-character number 2915	秉: frequency-order position 2802; corpus frequency rank 2827; 17 appearances (0.00140%); Unihan kRSUnicode 115.3; Kangxi radical 115 禾; Unihan kRSUnicode single radical assignment.	[]	"[""chinese"",""traditional"",""radicals"",""frequency"",""character-to-radical"",""one-way"",""part-15""]"
zh-traditional-radicals-frequency-xv/2803/character-to-radical	XV	vocabulary	2803	zh-Hant	zh-Hant	咸	"[""口""]"	[]		"[""zh-Hant.frequency.2828"",""zh.radical.kangxi.030""]"	[]	[]	sources/characters.tsv	frequency-order position 2803; corpus frequency rank 2828; Ministry common-character number 568	咸: frequency-order position 2803; corpus frequency rank 2828; 17 appearances (0.00140%); Unihan kRSUnicode 30.6; Kangxi radical 30 口; Unihan kRSUnicode single radical assignment.	[]	"[""chinese"",""traditional"",""radicals"",""frequency"",""character-to-radical"",""one-way"",""part-15""]"
zh-traditional-radicals-frequency-xv/2804/character-to-radical	XV	vocabulary	2804	zh-Hant	zh-Hant	徊	"[""彳""]"	[]		"[""zh-Hant.frequency.2829"",""zh.radical.kangxi.060""]"	[]	[]	sources/characters.tsv	frequency-order position 2804; corpus frequency rank 2829; Ministry common-character number 1284	徊: frequency-order position 2804; corpus frequency rank 2829; 17 appearances (0.00140%); Unihan kRSUnicode 60.6; Kangxi radical 60 彳; Unihan kRSUnicode single radical assignment.	[]	"[""chinese"",""traditional"",""radicals"",""frequency"",""character-to-radical"",""one-way"",""part-15""]"
zh-traditional-radicals-frequency-xv/2805/character-to-radical	XV	vocabulary	2805	zh-Hant	zh-Hant	倘	"[""人""]"	[]		"[""zh-Hant.frequency.2830"",""zh.radical.kangxi.009""]"	[]	[]	sources/characters.tsv	frequency-order position 2805; corpus frequency rank 2830; Ministry common-character number 192	倘: frequency-order position 2805; corpus frequency rank 2830; 17 appearances (0.00140%); Unihan kRSUnicode 9.8; Kangxi radical 9 人; Unihan kRSUnicode single radical assignment.	[]	"[""chinese"",""traditional"",""radicals"",""frequency"",""character-to-radical"",""one-way"",""part-15""]"
zh-traditional-radicals-frequency-xv/2806/character-to-radical	XV	vocabulary	2806	zh-Hant	zh-Hant	萍	"[""艸""]"	[]		"[""zh-Hant.frequency.2831"",""zh.radical.kangxi.140""]"	[]	[]	sources/characters.tsv	frequency-order position 2806; corpus frequency rank 2831; Ministry common-character number 3498	萍: frequency-order position 2806; corpus frequency rank 2831; 17 appearances (0.00140%); Unihan kRSUnicode 140.8; Kangxi radical 140 艸; Unihan kRSUnicode single radical assignment.	[]	"[""chinese"",""traditional"",""radicals"",""frequency"",""character-to-radical"",""one-way"",""part-15""]"
zh-traditional-radicals-frequency-xv/2807/character-to-radical	XV	vocabulary	2807	zh-Hant	zh-Hant	凰	"[""几""]"	[]		"[""zh-Hant.frequency.2832"",""zh.radical.kangxi.016""]"	[]	[]	sources/characters.tsv	frequency-order position 2807; corpus frequency rank 2832; Ministry common-character number 320	凰: frequency-order position 2807; corpus frequency rank 2832; 17 appearances (0.00140%); Unihan kRSUnicode 16.9; Kangxi radical 16 几; Unihan kRSUnicode single radical assignment.	[]	"[""chinese"",""traditional"",""radicals"",""frequency"",""character-to-radical"",""one-way"",""part-15""]"
zh-traditional-radicals-frequency-xv/2808/character-to-radical	XV	vocabulary	2808	zh-Hant	zh-Hant	菸	"[""艸""]"	[]		"[""zh-Hant.frequency.2833"",""zh.radical.kangxi.140""]"	[]	[]	sources/characters.tsv	frequency-order position 2808; corpus frequency rank 2833; Ministry common-character number 3497	菸: frequency-order position 2808; corpus frequency rank 2833; 17 appearances (0.00140%); Unihan kRSUnicode 140.8; Kangxi radical 140 艸; Unihan kRSUnicode single radical assignment.	[]	"[""chinese"",""traditional"",""radicals"",""frequency"",""character-to-radical"",""one-way"",""part-15""]"
zh-traditional-radicals-frequency-xv/2809/character-to-radical	XV	vocabulary	2809	zh-Hant	zh-Hant	捆	"[""手""]"	[]		"[""zh-Hant.frequency.2834"",""zh.radical.kangxi.064""]"	[]	[]	sources/characters.tsv	frequency-order position 2809; corpus frequency rank 2834; Ministry common-character number 1577	捆: frequency-order position 2809; corpus frequency rank 2834; 17 appearances (0.00140%); Unihan kRSUnicode 64.7; Kangxi radical 64 手; Unihan kRSUnicode single radical assignment.	[]	"[""chinese"",""traditional"",""radicals"",""frequency"",""character-to-radical"",""one-way"",""part-15""]"
zh-traditional-radicals-frequency-xv/2810/character-to-radical	XV	vocabulary	2810	zh-Hant	zh-Hant	棕	"[""木""]"	[]		"[""zh-Hant.frequency.2835"",""zh.radical.kangxi.075""]"	[]	[]	sources/characters.tsv	frequency-order position 2810; corpus frequency rank 2835; Ministry common-character number 1953	棕: frequency-order position 2810; corpus frequency rank 2835; 17 appearances (0.00140%); Unihan kRSUnicode 75.8; Kangxi radical 75 木; Unihan kRSUnicode single radical assignment.	[]	"[""chinese"",""traditional"",""radicals"",""frequency"",""character-to-radical"",""one-way"",""part-15""]"
zh-traditional-radicals-frequency-xv/2811/character-to-radical	XV	vocabulary	2811	zh-Hant	zh-Hant	笙	"[""竹""]"	[]		"[""zh-Hant.frequency.2836"",""zh.radical.kangxi.118""]"	[]	[]	sources/characters.tsv	frequency-order position 2811; corpus frequency rank 2836; Ministry common-character number 2995	笙: frequency-order position 2811; corpus frequency rank 2836; 17 appearances (0.00140%); Unihan kRSUnicode 118.5; Kangxi radical 118 竹; Unihan kRSUnicode single radical assignment.	[]	"[""chinese"",""traditional"",""radicals"",""frequency"",""character-to-radical"",""one-way"",""part-15""]"
zh-traditional-radicals-frequency-xv/2812/character-to-radical	XV	vocabulary	2812	zh-Hant	zh-Hant	裘	"[""衣""]"	[]		"[""zh-Hant.frequency.2837"",""zh.radical.kangxi.145""]"	[]	[]	sources/characters.tsv	frequency-order position 2812; corpus frequency rank 2837; Ministry common-character number 3730	裘: frequency-order position 2812; corpus frequency rank 2837; 17 appearances (0.00140%); Unihan kRSUnicode 145.7; Kangxi radical 145 衣; Unihan kRSUnicode single radical assignment.	[]	"[""chinese"",""traditional"",""radicals"",""frequency"",""character-to-radical"",""one-way"",""part-15""]"
zh-traditional-radicals-frequency-xv/2813/character-to-radical	XV	vocabulary	2813	zh-Hant	zh-Hant	箕	"[""竹""]"	[]		"[""zh-Hant.frequency.2839"",""zh.radical.kangxi.118""]"	[]	[]	sources/characters.tsv	frequency-order position 2813; corpus frequency rank 2839; Ministry common-character number 3010	箕: frequency-order position 2813; corpus frequency rank 2839; 17 appearances (0.00140%); Unihan kRSUnicode 118.8; Kangxi radical 118 竹; Unihan kRSUnicode single radical assignment.	[]	"[""chinese"",""traditional"",""radicals"",""frequency"",""character-to-radical"",""one-way"",""part-15""]"
zh-traditional-radicals-frequency-xv/2814/character-to-radical	XV	vocabulary	2814	zh-Hant	zh-Hant	慚	"[""心""]"	[]		"[""zh-Hant.frequency.2841"",""zh.radical.kangxi.061""]"	[]	[]	sources/characters.tsv	frequency-order position 2814; corpus frequency rank 2841; Ministry common-character number 1422	慚: frequency-order position 2814; corpus frequency rank 2841; 17 appearances (0.00140%); Unihan kRSUnicode 61.11; Kangxi radical 61 心; Unihan kRSUnicode single radical assignment.	[]	"[""chinese"",""traditional"",""radicals"",""frequency"",""character-to-radical"",""one-way"",""part-15""]"
zh-traditional-radicals-frequency-xv/2815/character-to-radical	XV	vocabulary	2815	zh-Hant	zh-Hant	雁	"[""隹""]"	[]		"[""zh-Hant.frequency.2842"",""zh.radical.kangxi.172""]"	[]	[]	sources/characters.tsv	frequency-order position 2815; corpus frequency rank 2842; Ministry common-character number 4451	雁: frequency-order position 2815; corpus frequency rank 2842; 17 appearances (0.00140%); Unihan kRSUnicode 172.4; Kangxi radical 172 隹; Unihan kRSUnicode single radical assignment.	[]	"[""chinese"",""traditional"",""radicals"",""frequency"",""character-to-radical"",""one-way"",""part-15""]"
zh-traditional-radicals-frequency-xv/2816/character-to-radical	XV	vocabulary	2816	zh-Hant	zh-Hant	蒲	"[""艸""]"	[]		"[""zh-Hant.frequency.2843"",""zh.radical.kangxi.140""]"	[]	[]	sources/characters.tsv	frequency-order position 2816; corpus frequency rank 2843; Ministry common-character number 3539	蒲: frequency-order position 2816; corpus frequency rank 2843; 17 appearances (0.00140%); Unihan kRSUnicode 140.10; Kangxi radical 140 艸; Unihan kRSUnicode single radical assignment.	[]	"[""chinese"",""traditional"",""radicals"",""frequency"",""character-to-radical"",""one-way"",""part-15""]"
zh-traditional-radicals-frequency-xv/2817/character-to-radical	XV	vocabulary	2817	zh-Hant	zh-Hant	聆	"[""耳""]"	[]		"[""zh-Hant.frequency.2844"",""zh.radical.kangxi.128""]"	[]	[]	sources/characters.tsv	frequency-order position 2817; corpus frequency rank 2844; Ministry common-character number 3269	聆: frequency-order position 2817; corpus frequency rank 2844; 17 appearances (0.00140%); Unihan kRSUnicode 128.5; Kangxi radical 128 耳; Unihan kRSUnicode single radical assignment.	[]	"[""chinese"",""traditional"",""radicals"",""frequency"",""character-to-radical"",""one-way"",""part-15""]"
zh-traditional-radicals-frequency-xv/2818/character-to-radical	XV	vocabulary	2818	zh-Hant	zh-Hant	徘	"[""彳""]"	[]		"[""zh-Hant.frequency.2845"",""zh.radical.kangxi.060""]"	[]	[]	sources/characters.tsv	frequency-order position 2818; corpus frequency rank 2845; Ministry common-character number 1294	徘: frequency-order position 2818; corpus frequency rank 2845; 17 appearances (0.00140%); Unihan kRSUnicode 60.8; Kangxi radical 60 彳; Unihan kRSUnicode single radical assignment.	[]	"[""chinese"",""traditional"",""radicals"",""frequency"",""character-to-radical"",""one-way"",""part-15""]"
zh-traditional-radicals-frequency-xv/2819/character-to-radical	XV	vocabulary	2819	zh-Hant	zh-Hant	絨	"[""糸""]"	[]		"[""zh-Hant.frequency.2846"",""zh.radical.kangxi.120""]"	[]	[]	sources/characters.tsv	frequency-order position 2819; corpus frequency rank 2846; Ministry common-character number 3116	絨: frequency-order position 2819; corpus frequency rank 2846; 17 appearances (0.00140%); Unihan kRSUnicode 120.6; Kangxi radical 120 糸; Unihan kRSUnicode single radical assignment.	[]	"[""chinese"",""traditional"",""radicals"",""frequency"",""character-to-radical"",""one-way"",""part-15""]"
zh-traditional-radicals-frequency-xv/2820/character-to-radical	XV	vocabulary	2820	zh-Hant	zh-Hant	脂	"[""肉""]"	[]		"[""zh-Hant.frequency.2847"",""zh.radical.kangxi.130""]"	[]	[]	sources/characters.tsv	frequency-order position 2820; corpus frequency rank 2847; Ministry common-character number 3320	脂: frequency-order position 2820; corpus frequency rank 2847; 17 appearances (0.00140%); Unihan kRSUnicode 130.6; Kangxi radical 130 肉; Unihan kRSUnicode single radical assignment.	[]	"[""chinese"",""traditional"",""radicals"",""frequency"",""character-to-radical"",""one-way"",""part-15""]"
zh-traditional-radicals-frequency-xv/2821/character-to-radical	XV	vocabulary	2821	zh-Hant	zh-Hant	晝	"[""日""]"	[]		"[""zh-Hant.frequency.2848"",""zh.radical.kangxi.072""]"	[]	[]	sources/characters.tsv	frequency-order position 2821; corpus frequency rank 2848; Ministry common-character number 1800	晝: frequency-order position 2821; corpus frequency rank 2848; 17 appearances (0.00140%); Unihan kRSUnicode 72.7; Kangxi radical 72 日; Unihan kRSUnicode single radical assignment.	[]	"[""chinese"",""traditional"",""radicals"",""frequency"",""character-to-radical"",""one-way"",""part-15""]"
zh-traditional-radicals-frequency-xv/2822/character-to-radical	XV	vocabulary	2822	zh-Hant	zh-Hant	寢	"[""宀""]"	[]		"[""zh-Hant.frequency.2849"",""zh.radical.kangxi.040""]"	[]	[]	sources/characters.tsv	frequency-order position 2822; corpus frequency rank 2849; Ministry common-character number 1048	寢: frequency-order position 2822; corpus frequency rank 2849; 17 appearances (0.00140%); Unihan kRSUnicode 40.11; Kangxi radical 40 宀; Unihan kRSUnicode single radical assignment.	[]	"[""chinese"",""traditional"",""radicals"",""frequency"",""character-to-radical"",""one-way"",""part-15""]"
zh-traditional-radicals-frequency-xv/2823/character-to-radical	XV	vocabulary	2823	zh-Hant	zh-Hant	蛻	"[""虫""]"	[]		"[""zh-Hant.frequency.2850"",""zh.radical.kangxi.142""]"	[]	[]	sources/characters.tsv	frequency-order position 2823; corpus frequency rank 2850; Ministry common-character number 3645	蛻: frequency-order position 2823; corpus frequency rank 2850; 17 appearances (0.00140%); Unihan kRSUnicode 142.7; Kangxi radical 142 虫; Unihan kRSUnicode single radical assignment.	[]	"[""chinese"",""traditional"",""radicals"",""frequency"",""character-to-radical"",""one-way"",""part-15""]"
zh-traditional-radicals-frequency-xv/2824/character-to-radical	XV	vocabulary	2824	zh-Hant	zh-Hant	壇	"[""土""]"	[]		"[""zh-Hant.frequency.2851"",""zh.radical.kangxi.032""]"	[]	[]	sources/characters.tsv	frequency-order position 2824; corpus frequency rank 2851; Ministry common-character number 819	壇: frequency-order position 2824; corpus frequency rank 2851; 17 appearances (0.00140%); Unihan kRSUnicode 32.13; Kangxi radical 32 土; Unihan kRSUnicode single radical assignment.	[]	"[""chinese"",""traditional"",""radicals"",""frequency"",""character-to-radical"",""one-way"",""part-15""]"
zh-traditional-radicals-frequency-xv/2825/character-to-radical	XV	vocabulary	2825	zh-Hant	zh-Hant	賦	"[""貝""]"	[]		"[""zh-Hant.frequency.2852"",""zh.radical.kangxi.154""]"	[]	[]	sources/characters.tsv	frequency-order position 2825; corpus frequency rank 2852; Ministry common-character number 3963	賦: frequency-order position 2825; corpus frequency rank 2852; 17 appearances (0.00140%); Unihan kRSUnicode 154.8; Kangxi radical 154 貝; Unihan kRSUnicode single radical assignment.	[]	"[""chinese"",""traditional"",""radicals"",""frequency"",""character-to-radical"",""one-way"",""part-15""]"
zh-traditional-radicals-frequency-xv/2826/character-to-radical	XV	vocabulary	2826	zh-Hant	zh-Hant	蝙	"[""虫""]"	[]		"[""zh-Hant.frequency.2853"",""zh.radical.kangxi.142""]"	[]	[]	sources/characters.tsv	frequency-order position 2826; corpus frequency rank 2853; Ministry common-character number 3663	蝙: frequency-order position 2826; corpus frequency rank 2853; 17 appearances (0.00140%); Unihan kRSUnicode 142.9; Kangxi radical 142 虫; Unihan kRSUnicode single radical assignment.	[]	"[""chinese"",""traditional"",""radicals"",""frequency"",""character-to-radical"",""one-way"",""part-15""]"
zh-traditional-radicals-frequency-xv/2827/character-to-radical	XV	vocabulary	2827	zh-Hant	zh-Hant	誦	"[""言""]"	[]		"[""zh-Hant.frequency.2854"",""zh.radical.kangxi.149""]"	[]	[]	sources/characters.tsv	frequency-order position 2827; corpus frequency rank 2854; Ministry common-character number 3831	誦: frequency-order position 2827; corpus frequency rank 2854; 17 appearances (0.00140%); Unihan kRSUnicode 149.7; Kangxi radical 149 言; Unihan kRSUnicode single radical assignment.	[]	"[""chinese"",""traditional"",""radicals"",""frequency"",""character-to-radical"",""one-way"",""part-15""]"
zh-traditional-radicals-frequency-xv/2828/character-to-radical	XV	vocabulary	2828	zh-Hant	zh-Hant	攤	"[""手""]"	[]		"[""zh-Hant.frequency.2855"",""zh.radical.kangxi.064""]"	[]	[]	sources/characters.tsv	frequency-order position 2828; corpus frequency rank 2855; Ministry common-character number 1710	攤: frequency-order position 2828; corpus frequency rank 2855; 17 appearances (0.00140%); Unihan kRSUnicode 64.19; Kangxi radical 64 手; Unihan kRSUnicode single radical assignment.	[]	"[""chinese"",""traditional"",""radicals"",""frequency"",""character-to-radical"",""one-way"",""part-15""]"
zh-traditional-radicals-frequency-xv/2829/character-to-radical	XV	vocabulary	2829	zh-Hant	zh-Hant	儉	"[""人""]"	[]		"[""zh-Hant.frequency.2856"",""zh.radical.kangxi.009""]"	[]	[]	sources/characters.tsv	frequency-order position 2829; corpus frequency rank 2856; Ministry common-character number 252	儉: frequency-order position 2829; corpus frequency rank 2856; 17 appearances (0.00140%); Unihan kRSUnicode 9.13; Kangxi radical 9 人; Unihan kRSUnicode single radical assignment.	[]	"[""chinese"",""traditional"",""radicals"",""frequency"",""character-to-radical"",""one-way"",""part-15""]"
zh-traditional-radicals-frequency-xv/2830/character-to-radical	XV	vocabulary	2830	zh-Hant	zh-Hant	鰻	"[""魚""]"	[]		"[""zh-Hant.frequency.2857"",""zh.radical.kangxi.195""]"	[]	[]	sources/characters.tsv	frequency-order position 2830; corpus frequency rank 2857; Ministry common-character number 4710	鰻: frequency-order position 2830; corpus frequency rank 2857; 17 appearances (0.00140%); Unihan kRSUnicode 195.11; Kangxi radical 195 魚; Unihan kRSUnicode single radical assignment.	[]	"[""chinese"",""traditional"",""radicals"",""frequency"",""character-to-radical"",""one-way"",""part-15""]"
zh-traditional-radicals-frequency-xv/2831/character-to-radical	XV	vocabulary	2831	zh-Hant	zh-Hant	凜	"[""冫""]"	[]		"[""zh-Hant.frequency.2858"",""zh.radical.kangxi.015""]"	[]	[]	sources/characters.tsv	frequency-order position 2831; corpus frequency rank 2858; Ministry common-character number 317	凜: frequency-order position 2831; corpus frequency rank 2858; 17 appearances (0.00140%); Unihan kRSUnicode 15.13; Kangxi radical 15 冫; Unihan kRSUnicode single radical assignment.	[]	"[""chinese"",""traditional"",""radicals"",""frequency"",""character-to-radical"",""one-way"",""part-15""]"
zh-traditional-radicals-frequency-xv/2832/character-to-radical	XV	vocabulary	2832	zh-Hant	zh-Hant	壩	"[""土""]"	[]		"[""zh-Hant.frequency.2859"",""zh.radical.kangxi.032""]"	[]	[]	sources/characters.tsv	frequency-order position 2832; corpus frequency rank 2859; Ministry common-character number 830	壩: frequency-order position 2832; corpus frequency rank 2859; 17 appearances (0.00140%); Unihan kRSUnicode 32.21; Kangxi radical 32 土; Unihan kRSUnicode single radical assignment.	[]	"[""chinese"",""traditional"",""radicals"",""frequency"",""character-to-radical"",""one-way"",""part-15""]"
zh-traditional-radicals-frequency-xv/2833/character-to-radical	XV	vocabulary	2833	zh-Hant	zh-Hant	瞎	"[""目""]"	[]		"[""zh-Hant.frequency.2860"",""zh.radical.kangxi.109""]"	[]	[]	sources/characters.tsv	frequency-order position 2833; corpus frequency rank 2860; Ministry common-character number 2793	瞎: frequency-order position 2833; corpus frequency rank 2860; 17 appearances (0.00140%); Unihan kRSUnicode 109.10; Kangxi radical 109 目; Unihan kRSUnicode single radical assignment.	[]	"[""chinese"",""traditional"",""radicals"",""frequency"",""character-to-radical"",""one-way"",""part-15""]"
zh-traditional-radicals-frequency-xv/2834/character-to-radical	XV	vocabulary	2834	zh-Hant	zh-Hant	鵡	"[""鳥""]"	[]		"[""zh-Hant.frequency.2861"",""zh.radical.kangxi.196""]"	[]	[]	sources/characters.tsv	frequency-order position 2834; corpus frequency rank 2861; Ministry common-character number 4735	鵡: frequency-order position 2834; corpus frequency rank 2861; 17 appearances (0.00140%); Unihan kRSUnicode 196.7; Kangxi radical 196 鳥; Unihan kRSUnicode single radical assignment.	[]	"[""chinese"",""traditional"",""radicals"",""frequency"",""character-to-radical"",""one-way"",""part-15""]"
zh-traditional-radicals-frequency-xv/2835/character-to-radical	XV	vocabulary	2835	zh-Hant	zh-Hant	壘	"[""土""]"	[]		"[""zh-Hant.frequency.2862"",""zh.radical.kangxi.032""]"	[]	[]	sources/characters.tsv	frequency-order position 2835; corpus frequency rank 2862; Ministry common-character number 825	壘: frequency-order position 2835; corpus frequency rank 2862; 17 appearances (0.00140%); Unihan kRSUnicode 32.15; Kangxi radical 32 土; Unihan kRSUnicode single radical assignment.	[]	"[""chinese"",""traditional"",""radicals"",""frequency"",""character-to-radical"",""one-way"",""part-15""]"
zh-traditional-radicals-frequency-xv/2836/character-to-radical	XV	vocabulary	2836	zh-Hant	zh-Hant	巒	"[""山""]"	[]		"[""zh-Hant.frequency.2863"",""zh.radical.kangxi.046""]"	[]	[]	sources/characters.tsv	frequency-order position 2836; corpus frequency rank 2863; Ministry common-character number 1143	巒: frequency-order position 2836; corpus frequency rank 2863; 17 appearances (0.00140%); Unihan kRSUnicode 46.19; Kangxi radical 46 山; Unihan kRSUnicode single radical assignment.	[]	"[""chinese"",""traditional"",""radicals"",""frequency"",""character-to-radical"",""one-way"",""part-15""]"
zh-traditional-radicals-frequency-xv/2837/character-to-radical	XV	vocabulary	2837	zh-Hant	zh-Hant	橢	"[""木""]"	[]		"[""zh-Hant.frequency.2864"",""zh.radical.kangxi.075""]"	[]	[]	sources/characters.tsv	frequency-order position 2837; corpus frequency rank 2864; Ministry common-character number 2026	橢: frequency-order position 2837; corpus frequency rank 2864; 17 appearances (0.00140%); Unihan kRSUnicode 75.12; Kangxi radical 75 木; Unihan kRSUnicode single radical assignment.	[]	"[""chinese"",""traditional"",""radicals"",""frequency"",""character-to-radical"",""one-way"",""part-15""]"
zh-traditional-radicals-frequency-xv/2838/character-to-radical	XV	vocabulary	2838	zh-Hant	zh-Hant	鸚	"[""鳥""]"	[]		"[""zh-Hant.frequency.2865"",""zh.radical.kangxi.196""]"	[]	[]	sources/characters.tsv	frequency-order position 2838; corpus frequency rank 2865; Ministry common-character number 4747	鸚: frequency-order position 2838; corpus frequency rank 2865; 17 appearances (0.00140%); Unihan kRSUnicode 196.17; Kangxi radical 196 鳥; Unihan kRSUnicode single radical assignment.	[]	"[""chinese"",""traditional"",""radicals"",""frequency"",""character-to-radical"",""one-way"",""part-15""]"
zh-traditional-radicals-frequency-xv/2839/character-to-radical	XV	vocabulary	2839	zh-Hant	zh-Hant	罈	"[""缶""]"	[]		"[""zh-Hant.frequency.2866"",""zh.radical.kangxi.121""]"	[]	[]	sources/characters.tsv	frequency-order position 2839; corpus frequency rank 2866; Ministry common-character number 3200	罈: frequency-order position 2839; corpus frequency rank 2866; 17 appearances (0.00140%); Unihan kRSUnicode 121.12; Kangxi radical 121 缶; Unihan kRSUnicode single radical assignment.	[]	"[""chinese"",""traditional"",""radicals"",""frequency"",""character-to-radical"",""one-way"",""part-15""]"
zh-traditional-radicals-frequency-xv/2840/character-to-radical	XV	vocabulary	2840	zh-Hant	zh-Hant	賠	"[""貝""]"	[]		"[""zh-Hant.frequency.2867"",""zh.radical.kangxi.154""]"	[]	[]	sources/characters.tsv	frequency-order position 2840; corpus frequency rank 2867; Ministry common-character number 3961	賠: frequency-order position 2840; corpus frequency rank 2867; 17 appearances (0.00140%); Unihan kRSUnicode 154.8; Kangxi radical 154 貝; Unihan kRSUnicode single radical assignment.	[]	"[""chinese"",""traditional"",""radicals"",""frequency"",""character-to-radical"",""one-way"",""part-15""]"
zh-traditional-radicals-frequency-xv/2841/character-to-radical	XV	vocabulary	2841	zh-Hant	zh-Hant	鍛	"[""金""]"	[]		"[""zh-Hant.frequency.2868"",""zh.radical.kangxi.167""]"	[]	[]	sources/characters.tsv	frequency-order position 2841; corpus frequency rank 2868; Ministry common-character number 4328	鍛: frequency-order position 2841; corpus frequency rank 2868; 17 appearances (0.00140%); Unihan kRSUnicode 167.9; Kangxi radical 167 金; Unihan kRSUnicode single radical assignment.	[]	"[""chinese"",""traditional"",""radicals"",""frequency"",""character-to-radical"",""one-way"",""part-15""]"
zh-traditional-radicals-frequency-xv/2842/character-to-radical	XV	vocabulary	2842	zh-Hant	zh-Hant	鴕	"[""鳥""]"	[]		"[""zh-Hant.frequency.2869"",""zh.radical.kangxi.196""]"	[]	[]	sources/characters.tsv	frequency-order position 2842; corpus frequency rank 2869; Ministry common-character number 4723	鴕: frequency-order position 2842; corpus frequency rank 2869; 17 appearances (0.00140%); Unihan kRSUnicode 196.5; Kangxi radical 196 鳥; Unihan kRSUnicode single radical assignment.	[]	"[""chinese"",""traditional"",""radicals"",""frequency"",""character-to-radical"",""one-way"",""part-15""]"
zh-traditional-radicals-frequency-xv/2843/character-to-radical	XV	vocabulary	2843	zh-Hant	zh-Hant	擎	"[""手""]"	[]		"[""zh-Hant.frequency.2870"",""zh.radical.kangxi.064""]"	[]	[]	sources/characters.tsv	frequency-order position 2843; corpus frequency rank 2870; Ministry common-character number 1689	擎: frequency-order position 2843; corpus frequency rank 2870; 17 appearances (0.00140%); Unihan kRSUnicode 64.13; Kangxi radical 64 手; Unihan kRSUnicode single radical assignment.	[]	"[""chinese"",""traditional"",""radicals"",""frequency"",""character-to-radical"",""one-way"",""part-15""]"
zh-traditional-radicals-frequency-xv/2844/character-to-radical	XV	vocabulary	2844	zh-Hant	zh-Hant	諄	"[""言""]"	[]		"[""zh-Hant.frequency.2871"",""zh.radical.kangxi.149""]"	[]	[]	sources/characters.tsv	frequency-order position 2844; corpus frequency rank 2871; Ministry common-character number 3847	諄: frequency-order position 2844; corpus frequency rank 2871; 17 appearances (0.00140%); Unihan kRSUnicode 149.8; Kangxi radical 149 言; Unihan kRSUnicode single radical assignment.	[]	"[""chinese"",""traditional"",""radicals"",""frequency"",""character-to-radical"",""one-way"",""part-15""]"
zh-traditional-radicals-frequency-xv/2845/character-to-radical	XV	vocabulary	2845	zh-Hant	zh-Hant	汀	"[""水""]"	[]		"[""zh-Hant.frequency.2872"",""zh.radical.kangxi.085""]"	[]	[]	sources/characters.tsv	frequency-order position 2845; corpus frequency rank 2872; Ministry common-character number 2127	汀: frequency-order position 2845; corpus frequency rank 2872; 16 appearances (0.00132%); Unihan kRSUnicode 85.2; Kangxi radical 85 水; Unihan kRSUnicode single radical assignment.	[]	"[""chinese"",""traditional"",""radicals"",""frequency"",""character-to-radical"",""one-way"",""part-15""]"
zh-traditional-radicals-frequency-xv/2846/character-to-radical	XV	vocabulary	2846	zh-Hant	zh-Hant	勿	"[""勹""]"	[]		"[""zh-Hant.frequency.2873"",""zh.radical.kangxi.020""]"	[]	[]	sources/characters.tsv	frequency-order position 2846; corpus frequency rank 2873; Ministry common-character number 407	勿: frequency-order position 2846; corpus frequency rank 2873; 16 appearances (0.00132%); Unihan kRSUnicode 20.2; Kangxi radical 20 勹; Unihan kRSUnicode single radical assignment.	[]	"[""chinese"",""traditional"",""radicals"",""frequency"",""character-to-radical"",""one-way"",""part-15""]"
zh-traditional-radicals-frequency-xv/2847/character-to-radical	XV	vocabulary	2847	zh-Hant	zh-Hant	勾	"[""勹""]"	[]		"[""zh-Hant.frequency.2874"",""zh.radical.kangxi.020""]"	[]	[]	sources/characters.tsv	frequency-order position 2847; corpus frequency rank 2874; Ministry common-character number 406	勾: frequency-order position 2847; corpus frequency rank 2874; 16 appearances (0.00132%); Unihan kRSUnicode 20.2; Kangxi radical 20 勹; Unihan kRSUnicode single radical assignment.	[]	"[""chinese"",""traditional"",""radicals"",""frequency"",""character-to-radical"",""one-way"",""part-15""]"
zh-traditional-radicals-frequency-xv/2848/character-to-radical	XV	vocabulary	2848	zh-Hant	zh-Hant	沛	"[""水""]"	[]		"[""zh-Hant.frequency.2875"",""zh.radical.kangxi.085""]"	[]	[]	sources/characters.tsv	frequency-order position 2848; corpus frequency rank 2875; Ministry common-character number 2143	沛: frequency-order position 2848; corpus frequency rank 2875; 16 appearances (0.00132%); Unihan kRSUnicode 85.4; Kangxi radical 85 水; Unihan kRSUnicode single radical assignment.	[]	"[""chinese"",""traditional"",""radicals"",""frequency"",""character-to-radical"",""one-way"",""part-15""]"
zh-traditional-radicals-frequency-xv/2849/character-to-radical	XV	vocabulary	2849	zh-Hant	zh-Hant	罕	"[""网""]"	[]		"[""zh-Hant.frequency.2876"",""zh.radical.kangxi.122""]"	[]	[]	sources/characters.tsv	frequency-order position 2849; corpus frequency rank 2876; Ministry common-character number 3202	罕: frequency-order position 2849; corpus frequency rank 2876; 16 appearances (0.00132%); Unihan kRSUnicode 122.3; Kangxi radical 122 网; Unihan kRSUnicode single radical assignment.	[]	"[""chinese"",""traditional"",""radicals"",""frequency"",""character-to-radical"",""one-way"",""part-15""]"
zh-traditional-radicals-frequency-xv/2850/character-to-radical	XV	vocabulary	2850	zh-Hant	zh-Hant	拂	"[""手""]"	[]		"[""zh-Hant.frequency.2877"",""zh.radical.kangxi.064""]"	[]	[]	sources/characters.tsv	frequency-order position 2850; corpus frequency rank 2877; Ministry common-character number 1528	拂: frequency-order position 2850; corpus frequency rank 2877; 16 appearances (0.00132%); Unihan kRSUnicode 64.5; Kangxi radical 64 手; Unihan kRSUnicode single radical assignment.	[]	"[""chinese"",""traditional"",""radicals"",""frequency"",""character-to-radical"",""one-way"",""part-15""]"
zh-traditional-radicals-frequency-xv/2851/character-to-radical	XV	vocabulary	2851	zh-Hant	zh-Hant	茅	"[""艸""]"	[]		"[""zh-Hant.frequency.2878"",""zh.radical.kangxi.140""]"	[]	[]	sources/characters.tsv	frequency-order position 2851; corpus frequency rank 2878; Ministry common-character number 3445	茅: frequency-order position 2851; corpus frequency rank 2878; 16 appearances (0.00132%); Unihan kRSUnicode 140.5; Kangxi radical 140 艸; Unihan kRSUnicode single radical assignment.	[]	"[""chinese"",""traditional"",""radicals"",""frequency"",""character-to-radical"",""one-way"",""part-15""]"
zh-traditional-radicals-frequency-xv/2852/character-to-radical	XV	vocabulary	2852	zh-Hant	zh-Hant	悽	"[""心""]"	[]		"[""zh-Hant.frequency.2879"",""zh.radical.kangxi.061""]"	[]	[]	sources/characters.tsv	frequency-order position 2852; corpus frequency rank 2879; Ministry common-character number 1369	悽: frequency-order position 2852; corpus frequency rank 2879; 16 appearances (0.00132%); Unihan kRSUnicode 61.8; Kangxi radical 61 心; Unihan kRSUnicode single radical assignment.	[]	"[""chinese"",""traditional"",""radicals"",""frequency"",""character-to-radical"",""one-way"",""part-15""]"
zh-traditional-radicals-frequency-xv/2853/character-to-radical	XV	vocabulary	2853	zh-Hant	zh-Hant	斬	"[""斤""]"	[]		"[""zh-Hant.frequency.2880"",""zh.radical.kangxi.069""]"	[]	[]	sources/characters.tsv	frequency-order position 2853; corpus frequency rank 2880; Ministry common-character number 1755	斬: frequency-order position 2853; corpus frequency rank 2880; 16 appearances (0.00132%); Unihan kRSUnicode 69.7; Kangxi radical 69 斤; Unihan kRSUnicode single radical assignment.	[]	"[""chinese"",""traditional"",""radicals"",""frequency"",""character-to-radical"",""one-way"",""part-15""]"
zh-traditional-radicals-frequency-xv/2854/character-to-radical	XV	vocabulary	2854	zh-Hant	zh-Hant	頃	"[""頁""]"	[]		"[""zh-Hant.frequency.2882"",""zh.radical.kangxi.181""]"	[]	[]	sources/characters.tsv	frequency-order position 2854; corpus frequency rank 2882; Ministry common-character number 4538	頃: frequency-order position 2854; corpus frequency rank 2882; 16 appearances (0.00132%); Unihan kRSUnicode 181.2; Kangxi radical 181 頁; Unihan kRSUnicode single radical assignment.	[]	"[""chinese"",""traditional"",""radicals"",""frequency"",""character-to-radical"",""one-way"",""part-15""]"
zh-traditional-radicals-frequency-xv/2855/character-to-radical	XV	vocabulary	2855	zh-Hant	zh-Hant	栩	"[""木""]"	[]		"[""zh-Hant.frequency.2883"",""zh.radical.kangxi.075""]"	[]	[]	sources/characters.tsv	frequency-order position 2855; corpus frequency rank 2883; Ministry common-character number 1918	栩: frequency-order position 2855; corpus frequency rank 2883; 16 appearances (0.00132%); Unihan kRSUnicode 75.6; Kangxi radical 75 木; Unihan kRSUnicode single radical assignment.	[]	"[""chinese"",""traditional"",""radicals"",""frequency"",""character-to-radical"",""one-way"",""part-15""]"
zh-traditional-radicals-frequency-xv/2856/character-to-radical	XV	vocabulary	2856	zh-Hant	zh-Hant	愣	"[""心""]"	[]		"[""zh-Hant.frequency.2884"",""zh.radical.kangxi.061""]"	[]	[]	sources/characters.tsv	frequency-order position 2856; corpus frequency rank 2884; Ministry common-character number 1387	愣: frequency-order position 2856; corpus frequency rank 2884; 16 appearances (0.00132%); Unihan kRSUnicode 61.9; Kangxi radical 61 心; Unihan kRSUnicode single radical assignment.	[]	"[""chinese"",""traditional"",""radicals"",""frequency"",""character-to-radical"",""one-way"",""part-15""]"
zh-traditional-radicals-frequency-xv/2857/character-to-radical	XV	vocabulary	2857	zh-Hant	zh-Hant	耽	"[""耳""]"	[]		"[""zh-Hant.frequency.2885"",""zh.radical.kangxi.128""]"	[]	[]	sources/characters.tsv	frequency-order position 2857; corpus frequency rank 2885; Ministry common-character number 3266	耽: frequency-order position 2857; corpus frequency rank 2885; 16 appearances (0.00132%); Unihan kRSUnicode 128.4; Kangxi radical 128 耳; Unihan kRSUnicode single radical assignment.	[]	"[""chinese"",""traditional"",""radicals"",""frequency"",""character-to-radical"",""one-way"",""part-15""]"
zh-traditional-radicals-frequency-xv/2858/character-to-radical	XV	vocabulary	2858	zh-Hant	zh-Hant	琅	"[""玉""]"	[]		"[""zh-Hant.frequency.2886"",""zh.radical.kangxi.096""]"	[]	[]	sources/characters.tsv	frequency-order position 2858; corpus frequency rank 2886; Ministry common-character number 2570	琅: frequency-order position 2858; corpus frequency rank 2886; 16 appearances (0.00132%); Unihan kRSUnicode 96.7; Kangxi radical 96 玉; Unihan kRSUnicode single radical assignment.	[]	"[""chinese"",""traditional"",""radicals"",""frequency"",""character-to-radical"",""one-way"",""part-15""]"
zh-traditional-radicals-frequency-xv/2859/character-to-radical	XV	vocabulary	2859	zh-Hant	zh-Hant	盔	"[""皿""]"	[]		"[""zh-Hant.frequency.2887"",""zh.radical.kangxi.108""]"	[]	[]	sources/characters.tsv	frequency-order position 2859; corpus frequency rank 2887; Ministry common-character number 2744	盔: frequency-order position 2859; corpus frequency rank 2887; 16 appearances (0.00132%); Unihan kRSUnicode 108.6; Kangxi radical 108 皿; Unihan kRSUnicode single radical assignment.	[]	"[""chinese"",""traditional"",""radicals"",""frequency"",""character-to-radical"",""one-way"",""part-15""]"
zh-traditional-radicals-frequency-xv/2860/character-to-radical	XV	vocabulary	2860	zh-Hant	zh-Hant	搓	"[""手""]"	[]		"[""zh-Hant.frequency.2888"",""zh.radical.kangxi.064""]"	[]	[]	sources/characters.tsv	frequency-order position 2860; corpus frequency rank 2888; Ministry common-character number 1635	搓: frequency-order position 2860; corpus frequency rank 2888; 16 appearances (0.00132%); Unihan kRSUnicode 64.10; Kangxi radical 64 手; Unihan kRSUnicode single radical assignment.	[]	"[""chinese"",""traditional"",""radicals"",""frequency"",""character-to-radical"",""one-way"",""part-15""]"
zh-traditional-radicals-frequency-xv/2861/character-to-radical	XV	vocabulary	2861	zh-Hant	zh-Hant	喧	"[""口""]"	[]		"[""zh-Hant.frequency.2889"",""zh.radical.kangxi.030""]"	[]	[]	sources/characters.tsv	frequency-order position 2861; corpus frequency rank 2889; Ministry common-character number 622	喧: frequency-order position 2861; corpus frequency rank 2889; 16 appearances (0.00132%); Unihan kRSUnicode 30.9; Kangxi radical 30 口; Unihan kRSUnicode single radical assignment.	[]	"[""chinese"",""traditional"",""radicals"",""frequency"",""character-to-radical"",""one-way"",""part-15""]"
zh-traditional-radicals-frequency-xv/2862/character-to-radical	XV	vocabulary	2862	zh-Hant	zh-Hant	筍	"[""竹""]"	[]		"[""zh-Hant.frequency.2890"",""zh.radical.kangxi.118""]"	[]	[]	sources/characters.tsv	frequency-order position 2862; corpus frequency rank 2890; Ministry common-character number 3003	筍: frequency-order position 2862; corpus frequency rank 2890; 16 appearances (0.00132%); Unihan kRSUnicode 118.6; Kangxi radical 118 竹; Unihan kRSUnicode single radical assignment.	[]	"[""chinese"",""traditional"",""radicals"",""frequency"",""character-to-radical"",""one-way"",""part-15""]"
zh-traditional-radicals-frequency-xv/2863/character-to-radical	XV	vocabulary	2863	zh-Hant	zh-Hant	沫	"[""水""]"	[]		"[""zh-Hant.frequency.2891"",""zh.radical.kangxi.085""]"	[]	[]	sources/characters.tsv	frequency-order position 2863; corpus frequency rank 2891; Ministry common-character number 2167	沫: frequency-order position 2863; corpus frequency rank 2891; 16 appearances (0.00132%); Unihan kRSUnicode 85.5; Kangxi radical 85 水; Unihan kRSUnicode single radical assignment.	[]	"[""chinese"",""traditional"",""radicals"",""frequency"",""character-to-radical"",""one-way"",""part-15""]"
zh-traditional-radicals-frequency-xv/2864/character-to-radical	XV	vocabulary	2864	zh-Hant	zh-Hant	楓	"[""木""]"	[]		"[""zh-Hant.frequency.2892"",""zh.radical.kangxi.075""]"	[]	[]	sources/characters.tsv	frequency-order position 2864; corpus frequency rank 2892; Ministry common-character number 1986	楓: frequency-order position 2864; corpus frequency rank 2892; 16 appearances (0.00132%); Unihan kRSUnicode 75.9; Kangxi radical 75 木; Unihan kRSUnicode single radical assignment.	[]	"[""chinese"",""traditional"",""radicals"",""frequency"",""character-to-radical"",""one-way"",""part-15""]"
zh-traditional-radicals-frequency-xv/2865/character-to-radical	XV	vocabulary	2865	zh-Hant	zh-Hant	啞	"[""口""]"	[]		"[""zh-Hant.frequency.2893"",""zh.radical.kangxi.030""]"	[]	[]	sources/characters.tsv	frequency-order position 2865; corpus frequency rank 2893; Ministry common-character number 604	啞: frequency-order position 2865; corpus frequency rank 2893; 16 appearances (0.00132%); Unihan kRSUnicode 30.8; Kangxi radical 30 口; Unihan kRSUnicode single radical assignment.	[]	"[""chinese"",""traditional"",""radicals"",""frequency"",""character-to-radical"",""one-way"",""part-15""]"
zh-traditional-radicals-frequency-xv/2866/character-to-radical	XV	vocabulary	2866	zh-Hant	zh-Hant	揍	"[""手""]"	[]		"[""zh-Hant.frequency.2894"",""zh.radical.kangxi.064""]"	[]	[]	sources/characters.tsv	frequency-order position 2866; corpus frequency rank 2894; Ministry common-character number 1621	揍: frequency-order position 2866; corpus frequency rank 2894; 16 appearances (0.00132%); Unihan kRSUnicode 64.9; Kangxi radical 64 手; Unihan kRSUnicode single radical assignment.	[]	"[""chinese"",""traditional"",""radicals"",""frequency"",""character-to-radical"",""one-way"",""part-15""]"
zh-traditional-radicals-frequency-xv/2867/character-to-radical	XV	vocabulary	2867	zh-Hant	zh-Hant	惶	"[""心""]"	[]		"[""zh-Hant.frequency.2895"",""zh.radical.kangxi.061""]"	[]	[]	sources/characters.tsv	frequency-order position 2867; corpus frequency rank 2895; Ministry common-character number 1396	惶: frequency-order position 2867; corpus frequency rank 2895; 16 appearances (0.00132%); Unihan kRSUnicode 61.9; Kangxi radical 61 心; Unihan kRSUnicode single radical assignment.	[]	"[""chinese"",""traditional"",""radicals"",""frequency"",""character-to-radical"",""one-way"",""part-15""]"
zh-traditional-radicals-frequency-xv/2868/character-to-radical	XV	vocabulary	2868	zh-Hant	zh-Hant	脅	"[""肉""]"	[]		"[""zh-Hant.frequency.2896"",""zh.radical.kangxi.130""]"	[]	[]	sources/characters.tsv	frequency-order position 2868; corpus frequency rank 2896; Ministry common-character number 3322	脅: frequency-order position 2868; corpus frequency rank 2896; 16 appearances (0.00132%); Unihan kRSUnicode 130.6; Kangxi radical 130 肉; Unihan kRSUnicode single radical assignment.	[]	"[""chinese"",""traditional"",""radicals"",""frequency"",""character-to-radical"",""one-way"",""part-15""]"
zh-traditional-radicals-frequency-xv/2869/character-to-radical	XV	vocabulary	2869	zh-Hant	zh-Hant	堤	"[""土""]"	[]		"[""zh-Hant.frequency.2897"",""zh.radical.kangxi.032""]"	[]	[]	sources/characters.tsv	frequency-order position 2869; corpus frequency rank 2897; Ministry common-character number 789	堤: frequency-order position 2869; corpus frequency rank 2897; 16 appearances (0.00132%); Unihan kRSUnicode 32.9; Kangxi radical 32 土; Unihan kRSUnicode single radical assignment.	[]	"[""chinese"",""traditional"",""radicals"",""frequency"",""character-to-radical"",""one-way"",""part-15""]"
zh-traditional-radicals-frequency-xv/2870/character-to-radical	XV	vocabulary	2870	zh-Hant	zh-Hant	稜	"[""禾""]"	[]		"[""zh-Hant.frequency.2898"",""zh.radical.kangxi.115""]"	[]	[]	sources/characters.tsv	frequency-order position 2870; corpus frequency rank 2898; Ministry common-character number 2931	稜: frequency-order position 2870; corpus frequency rank 2898; 16 appearances (0.00132%); Unihan kRSUnicode 115.8; Kangxi radical 115 禾; Unihan kRSUnicode single radical assignment.	[]	"[""chinese"",""traditional"",""radicals"",""frequency"",""character-to-radical"",""one-way"",""part-15""]"
zh-traditional-radicals-frequency-xv/2871/character-to-radical	XV	vocabulary	2871	zh-Hant	zh-Hant	窪	"[""穴""]"	[]		"[""zh-Hant.frequency.2899"",""zh.radical.kangxi.116""]"	[]	[]	sources/characters.tsv	frequency-order position 2871; corpus frequency rank 2899; Ministry common-character number 2968	窪: frequency-order position 2871; corpus frequency rank 2899; 16 appearances (0.00132%); Unihan kRSUnicode 116.9; Kangxi radical 116 穴; Unihan kRSUnicode single radical assignment.	[]	"[""chinese"",""traditional"",""radicals"",""frequency"",""character-to-radical"",""one-way"",""part-15""]"
zh-traditional-radicals-frequency-xv/2872/character-to-radical	XV	vocabulary	2872	zh-Hant	zh-Hant	蓉	"[""艸""]"	[]		"[""zh-Hant.frequency.2900"",""zh.radical.kangxi.140""]"	[]	[]	sources/characters.tsv	frequency-order position 2872; corpus frequency rank 2900; Ministry common-character number 3533	蓉: frequency-order position 2872; corpus frequency rank 2900; 16 appearances (0.00132%); Unihan kRSUnicode 140.10; Kangxi radical 140 艸; Unihan kRSUnicode single radical assignment.	[]	"[""chinese"",""traditional"",""radicals"",""frequency"",""character-to-radical"",""one-way"",""part-15""]"
zh-traditional-radicals-frequency-xv/2873/character-to-radical	XV	vocabulary	2873	zh-Hant	zh-Hant	蜿	"[""虫""]"	[]		"[""zh-Hant.frequency.2901"",""zh.radical.kangxi.142""]"	[]	[]	sources/characters.tsv	frequency-order position 2873; corpus frequency rank 2901; Ministry common-character number 3648	蜿: frequency-order position 2873; corpus frequency rank 2901; 16 appearances (0.00132%); Unihan kRSUnicode 142.8; Kangxi radical 142 虫; Unihan kRSUnicode single radical assignment.	[]	"[""chinese"",""traditional"",""radicals"",""frequency"",""character-to-radical"",""one-way"",""part-15""]"
zh-traditional-radicals-frequency-xv/2874/character-to-radical	XV	vocabulary	2874	zh-Hant	zh-Hant	嘎	"[""口""]"	[]		"[""zh-Hant.frequency.2902"",""zh.radical.kangxi.030""]"	[]	[]	sources/characters.tsv	frequency-order position 2874; corpus frequency rank 2902; Ministry common-character number 670	嘎: frequency-order position 2874; corpus frequency rank 2902; 16 appearances (0.00132%); Unihan kRSUnicode 30.11; Kangxi radical 30 口; Unihan kRSUnicode single radical assignment.	[]	"[""chinese"",""traditional"",""radicals"",""frequency"",""character-to-radical"",""one-way"",""part-15""]"
zh-traditional-radicals-frequency-xv/2875/character-to-radical	XV	vocabulary	2875	zh-Hant	zh-Hant	寮	"[""宀""]"	[]		"[""zh-Hant.frequency.2903"",""zh.radical.kangxi.040""]"	[]	[]	sources/characters.tsv	frequency-order position 2875; corpus frequency rank 2903; Ministry common-character number 1051	寮: frequency-order position 2875; corpus frequency rank 2903; 16 appearances (0.00132%); Unihan kRSUnicode 40.12; Kangxi radical 40 宀; Unihan kRSUnicode single radical assignment.	[]	"[""chinese"",""traditional"",""radicals"",""frequency"",""character-to-radical"",""one-way"",""part-15""]"
zh-traditional-radicals-frequency-xv/2876/character-to-radical	XV	vocabulary	2876	zh-Hant	zh-Hant	襟	"[""衣""]"	[]		"[""zh-Hant.frequency.2904"",""zh.radical.kangxi.145""]"	[]	[]	sources/characters.tsv	frequency-order position 2876; corpus frequency rank 2904; Ministry common-character number 3756	襟: frequency-order position 2876; corpus frequency rank 2904; 16 appearances (0.00132%); Unihan kRSUnicode 145.13; Kangxi radical 145 衣; Unihan kRSUnicode single radical assignment.	[]	"[""chinese"",""traditional"",""radicals"",""frequency"",""character-to-radical"",""one-way"",""part-15""]"
zh-traditional-radicals-frequency-xv/2877/character-to-radical	XV	vocabulary	2877	zh-Hant	zh-Hant	蔚	"[""艸""]"	[]		"[""zh-Hant.frequency.2905"",""zh.radical.kangxi.140""]"	[]	[]	sources/characters.tsv	frequency-order position 2877; corpus frequency rank 2905; Ministry common-character number 3549	蔚: frequency-order position 2877; corpus frequency rank 2905; 16 appearances (0.00132%); Unihan kRSUnicode 140.11; Kangxi radical 140 艸; Unihan kRSUnicode single radical assignment.	[]	"[""chinese"",""traditional"",""radicals"",""frequency"",""character-to-radical"",""one-way"",""part-15""]"
zh-traditional-radicals-frequency-xv/2878/character-to-radical	XV	vocabulary	2878	zh-Hant	zh-Hant	閩	"[""門""]"	[]		"[""zh-Hant.frequency.2907"",""zh.radical.kangxi.169""]"	[]	[]	sources/characters.tsv	frequency-order position 2878; corpus frequency rank 2907; Ministry common-character number 4383	閩: frequency-order position 2878; corpus frequency rank 2907; 16 appearances (0.00132%); Unihan kRSUnicode 169.6; Kangxi radical 169 門; Unihan kRSUnicode single radical assignment.	[]	"[""chinese"",""traditional"",""radicals"",""frequency"",""character-to-radical"",""one-way"",""part-15""]"
zh-traditional-radicals-frequency-xv/2879/character-to-radical	XV	vocabulary	2879	zh-Hant	zh-Hant	欖	"[""木""]"	[]		"[""zh-Hant.frequency.2908"",""zh.radical.kangxi.075""]"	[]	[]	sources/characters.tsv	frequency-order position 2879; corpus frequency rank 2908; Ministry common-character number 2051	欖: frequency-order position 2879; corpus frequency rank 2908; 16 appearances (0.00132%); Unihan kRSUnicode 75.21; Kangxi radical 75 木; Unihan kRSUnicode single radical assignment.	[]	"[""chinese"",""traditional"",""radicals"",""frequency"",""character-to-radical"",""one-way"",""part-15""]"
zh-traditional-radicals-frequency-xv/2880/character-to-radical	XV	vocabulary	2880	zh-Hant	zh-Hant	濾	"[""水""]"	[]		"[""zh-Hant.frequency.2909"",""zh.radical.kangxi.085""]"	[]	[]	sources/characters.tsv	frequency-order position 2880; corpus frequency rank 2909; Ministry common-character number 2365	濾: frequency-order position 2880; corpus frequency rank 2909; 16 appearances (0.00132%); Unihan kRSUnicode 85.15; Kangxi radical 85 水; Unihan kRSUnicode single radical assignment.	[]	"[""chinese"",""traditional"",""radicals"",""frequency"",""character-to-radical"",""one-way"",""part-15""]"
zh-traditional-radicals-frequency-xv/2881/character-to-radical	XV	vocabulary	2881	zh-Hant	zh-Hant	蟬	"[""虫""]"	[]		"[""zh-Hant.frequency.2910"",""zh.radical.kangxi.142""]"	[]	[]	sources/characters.tsv	frequency-order position 2881; corpus frequency rank 2910; Ministry common-character number 3682	蟬: frequency-order position 2881; corpus frequency rank 2910; 16 appearances (0.00132%); Unihan kRSUnicode 142.12; Kangxi radical 142 虫; Unihan kRSUnicode single radical assignment.	[]	"[""chinese"",""traditional"",""radicals"",""frequency"",""character-to-radical"",""one-way"",""part-15""]"
zh-traditional-radicals-frequency-xv/2882/character-to-radical	XV	vocabulary	2882	zh-Hant	zh-Hant	踴	"[""足""]"	[]		"[""zh-Hant.frequency.2911"",""zh.radical.kangxi.157""]"	[]	[]	sources/characters.tsv	frequency-order position 2882; corpus frequency rank 2911; Ministry common-character number 4029	踴: frequency-order position 2882; corpus frequency rank 2911; 16 appearances (0.00132%); Unihan kRSUnicode 157.9; Kangxi radical 157 足; Unihan kRSUnicode single radical assignment.	[]	"[""chinese"",""traditional"",""radicals"",""frequency"",""character-to-radical"",""one-way"",""part-15""]"
zh-traditional-radicals-frequency-xv/2883/character-to-radical	XV	vocabulary	2883	zh-Hant	zh-Hant	薔	"[""艸""]"	[]		"[""zh-Hant.frequency.2913"",""zh.radical.kangxi.140""]"	[]	[]	sources/characters.tsv	frequency-order position 2883; corpus frequency rank 2913; Ministry common-character number 3575	薔: frequency-order position 2883; corpus frequency rank 2913; 16 appearances (0.00132%); Unihan kRSUnicode 140.13; Kangxi radical 140 艸; Unihan kRSUnicode single radical assignment.	[]	"[""chinese"",""traditional"",""radicals"",""frequency"",""character-to-radical"",""one-way"",""part-15""]"
zh-traditional-radicals-frequency-xv/2884/character-to-radical	XV	vocabulary	2884	zh-Hant	zh-Hant	懿	"[""心""]"	[]		"[""zh-Hant.frequency.2915"",""zh.radical.kangxi.061""]"	[]	[]	sources/characters.tsv	frequency-order position 2884; corpus frequency rank 2915; Ministry common-character number 1464	懿: frequency-order position 2884; corpus frequency rank 2915; 16 appearances (0.00132%); Unihan kRSUnicode 61.18; Kangxi radical 61 心; Unihan kRSUnicode single radical assignment.	[]	"[""chinese"",""traditional"",""radicals"",""frequency"",""character-to-radical"",""one-way"",""part-15""]"
zh-traditional-radicals-frequency-xv/2885/character-to-radical	XV	vocabulary	2885	zh-Hant	zh-Hant	樟	"[""木""]"	[]		"[""zh-Hant.frequency.2917"",""zh.radical.kangxi.075""]"	[]	[]	sources/characters.tsv	frequency-order position 2885; corpus frequency rank 2917; Ministry common-character number 2006	樟: frequency-order position 2885; corpus frequency rank 2917; 16 appearances (0.00132%); Unihan kRSUnicode 75.11; Kangxi radical 75 木; Unihan kRSUnicode single radical assignment.	[]	"[""chinese"",""traditional"",""radicals"",""frequency"",""character-to-radical"",""one-way"",""part-15""]"
zh-traditional-radicals-frequency-xv/2886/character-to-radical	XV	vocabulary	2886	zh-Hant	zh-Hant	徽	"[""彳""]"	[]		"[""zh-Hant.frequency.2918"",""zh.radical.kangxi.060""]"	[]	[]	sources/characters.tsv	frequency-order position 2886; corpus frequency rank 2918; Ministry common-character number 1304	徽: frequency-order position 2886; corpus frequency rank 2918; 16 appearances (0.00132%); Unihan kRSUnicode 60.14; Kangxi radical 60 彳; Unihan kRSUnicode single radical assignment.	[]	"[""chinese"",""traditional"",""radicals"",""frequency"",""character-to-radical"",""one-way"",""part-15""]"
zh-traditional-radicals-frequency-xv/2887/character-to-radical	XV	vocabulary	2887	zh-Hant	zh-Hant	慾	"[""心""]"	[]		"[""zh-Hant.frequency.2920"",""zh.radical.kangxi.061""]"	[]	[]	sources/characters.tsv	frequency-order position 2887; corpus frequency rank 2920; Ministry common-character number 1433	慾: frequency-order position 2887; corpus frequency rank 2920; 16 appearances (0.00132%); Unihan kRSUnicode 61.11; Kangxi radical 61 心; Unihan kRSUnicode single radical assignment.	[]	"[""chinese"",""traditional"",""radicals"",""frequency"",""character-to-radical"",""one-way"",""part-15""]"
zh-traditional-radicals-frequency-xv/2888/character-to-radical	XV	vocabulary	2888	zh-Hant	zh-Hant	諫	"[""言""]"	[]		"[""zh-Hant.frequency.2921"",""zh.radical.kangxi.149""]"	[]	[]	sources/characters.tsv	frequency-order position 2888; corpus frequency rank 2921; Ministry common-character number 3860	諫: frequency-order position 2888; corpus frequency rank 2921; 16 appearances (0.00132%); Unihan kRSUnicode 149.9; Kangxi radical 149 言; Unihan kRSUnicode single radical assignment.	[]	"[""chinese"",""traditional"",""radicals"",""frequency"",""character-to-radical"",""one-way"",""part-15""]"
zh-traditional-radicals-frequency-xv/2889/character-to-radical	XV	vocabulary	2889	zh-Hant	zh-Hant	廿	"[""廾""]"	[]		"[""zh-Hant.frequency.2923"",""zh.radical.kangxi.055""]"	[]	[]	sources/characters.tsv	frequency-order position 2889; corpus frequency rank 2923; Ministry common-character number 1238	廿: frequency-order position 2889; corpus frequency rank 2923; 15 appearances (0.00124%); Unihan kRSUnicode 55.1; Kangxi radical 55 廾; Unihan kRSUnicode single radical assignment.	[]	"[""chinese"",""traditional"",""radicals"",""frequency"",""character-to-radical"",""one-way"",""part-15""]"
zh-traditional-radicals-frequency-xv/2890/character-to-radical	XV	vocabulary	2890	zh-Hant	zh-Hant	吁	"[""口""]"	[]		"[""zh-Hant.frequency.2924"",""zh.radical.kangxi.030""]"	[]	[]	sources/characters.tsv	frequency-order position 2890; corpus frequency rank 2924; Ministry common-character number 504	吁: frequency-order position 2890; corpus frequency rank 2924; 15 appearances (0.00124%); Unihan kRSUnicode 30.3; Kangxi radical 30 口; Unihan kRSUnicode single radical assignment.	[]	"[""chinese"",""traditional"",""radicals"",""frequency"",""character-to-radical"",""one-way"",""part-15""]"
zh-traditional-radicals-frequency-xv/2891/character-to-radical	XV	vocabulary	2891	zh-Hant	zh-Hant	怯	"[""心""]"	[]		"[""zh-Hant.frequency.2925"",""zh.radical.kangxi.061""]"	[]	[]	sources/characters.tsv	frequency-order position 2891; corpus frequency rank 2925; Ministry common-character number 1322	怯: frequency-order position 2891; corpus frequency rank 2925; 15 appearances (0.00124%); Unihan kRSUnicode 61.5; Kangxi radical 61 心; Unihan kRSUnicode single radical assignment.	[]	"[""chinese"",""traditional"",""radicals"",""frequency"",""character-to-radical"",""one-way"",""part-15""]"
zh-traditional-radicals-frequency-xv/2892/character-to-radical	XV	vocabulary	2892	zh-Hant	zh-Hant	盯	"[""目""]"	[]		"[""zh-Hant.frequency.2926"",""zh.radical.kangxi.109""]"	[]	[]	sources/characters.tsv	frequency-order position 2892; corpus frequency rank 2926; Ministry common-character number 2757	盯: frequency-order position 2892; corpus frequency rank 2926; 15 appearances (0.00124%); Unihan kRSUnicode 109.2; Kangxi radical 109 目; Unihan kRSUnicode single radical assignment.	[]	"[""chinese"",""traditional"",""radicals"",""frequency"",""character-to-radical"",""one-way"",""part-15""]"
zh-traditional-radicals-frequency-xv/2893/character-to-radical	XV	vocabulary	2893	zh-Hant	zh-Hant	杰	"[""木""]"	[]		"[""zh-Hant.frequency.2927"",""zh.radical.kangxi.075""]"	[]	[]	sources/characters.tsv	frequency-order position 2893; corpus frequency rank 2927; Ministry common-character number 1883	杰: frequency-order position 2893; corpus frequency rank 2927; 15 appearances (0.00124%); Unihan kRSUnicode 75.4; Kangxi radical 75 木; Unihan kRSUnicode single radical assignment.	[]	"[""chinese"",""traditional"",""radicals"",""frequency"",""character-to-radical"",""one-way"",""part-15""]"
zh-traditional-radicals-frequency-xv/2894/character-to-radical	XV	vocabulary	2894	zh-Hant	zh-Hant	桐	"[""木""]"	[]		"[""zh-Hant.frequency.2928"",""zh.radical.kangxi.075""]"	[]	[]	sources/characters.tsv	frequency-order position 2894; corpus frequency rank 2928; Ministry common-character number 1925	桐: frequency-order position 2894; corpus frequency rank 2928; 15 appearances (0.00124%); Unihan kRSUnicode 75.6; Kangxi radical 75 木; Unihan kRSUnicode single radical assignment.	[]	"[""chinese"",""traditional"",""radicals"",""frequency"",""character-to-radical"",""one-way"",""part-15""]"
zh-traditional-radicals-frequency-xv/2895/character-to-radical	XV	vocabulary	2895	zh-Hant	zh-Hant	抑	"[""手""]"	[]		"[""zh-Hant.frequency.2929"",""zh.radical.kangxi.064""]"	[]	[]	sources/characters.tsv	frequency-order position 2895; corpus frequency rank 2929; Ministry common-character number 1522	抑: frequency-order position 2895; corpus frequency rank 2929; 15 appearances (0.00124%); Unihan kRSUnicode 64.4; Kangxi radical 64 手; Unihan kRSUnicode single radical assignment.	[]	"[""chinese"",""traditional"",""radicals"",""frequency"",""character-to-radical"",""one-way"",""part-15""]"
zh-traditional-radicals-frequency-xv/2896/character-to-radical	XV	vocabulary	2896	zh-Hant	zh-Hant	媛	"[""女""]"	[]		"[""zh-Hant.frequency.2930"",""zh.radical.kangxi.038""]"	[]	[]	sources/characters.tsv	frequency-order position 2896; corpus frequency rank 2930; Ministry common-character number 953	媛: frequency-order position 2896; corpus frequency rank 2930; 15 appearances (0.00124%); Unihan kRSUnicode 38.9; Kangxi radical 38 女; Unihan kRSUnicode single radical assignment.	[]	"[""chinese"",""traditional"",""radicals"",""frequency"",""character-to-radical"",""one-way"",""part-15""]"
zh-traditional-radicals-frequency-xv/2897/character-to-radical	XV	vocabulary	2897	zh-Hant	zh-Hant	垢	"[""土""]"	[]		"[""zh-Hant.frequency.2931"",""zh.radical.kangxi.032""]"	[]	[]	sources/characters.tsv	frequency-order position 2897; corpus frequency rank 2931; Ministry common-character number 768	垢: frequency-order position 2897; corpus frequency rank 2931; 15 appearances (0.00124%); Unihan kRSUnicode 32.6; Kangxi radical 32 土; Unihan kRSUnicode single radical assignment.	[]	"[""chinese"",""traditional"",""radicals"",""frequency"",""character-to-radical"",""one-way"",""part-15""]"
zh-traditional-radicals-frequency-xv/2898/character-to-radical	XV	vocabulary	2898	zh-Hant	zh-Hant	揀	"[""手""]"	[]		"[""zh-Hant.frequency.2932"",""zh.radical.kangxi.064""]"	[]	[]	sources/characters.tsv	frequency-order position 2898; corpus frequency rank 2932; Ministry common-character number 1617	揀: frequency-order position 2898; corpus frequency rank 2932; 15 appearances (0.00124%); Unihan kRSUnicode 64.9; Kangxi radical 64 手; Unihan kRSUnicode single radical assignment.	[]	"[""chinese"",""traditional"",""radicals"",""frequency"",""character-to-radical"",""one-way"",""part-15""]"
zh-traditional-radicals-frequency-xv/2899/character-to-radical	XV	vocabulary	2899	zh-Hant	zh-Hant	拱	"[""手""]"	[]		"[""zh-Hant.frequency.2933"",""zh.radical.kangxi.064""]"	[]	[]	sources/characters.tsv	frequency-order position 2899; corpus frequency rank 2933; Ministry common-character number 1562	拱: frequency-order position 2899; corpus frequency rank 2933; 15 appearances (0.00124%); Unihan kRSUnicode 64.6; Kangxi radical 64 手; Unihan kRSUnicode single radical assignment.	[]	"[""chinese"",""traditional"",""radicals"",""frequency"",""character-to-radical"",""one-way"",""part-15""]"
zh-traditional-radicals-frequency-xv/2900/character-to-radical	XV	vocabulary	2900	zh-Hant	zh-Hant	奠	"[""大""]"	[]		"[""zh-Hant.frequency.2934"",""zh.radical.kangxi.037""]"	[]	[]	sources/characters.tsv	frequency-order position 2900; corpus frequency rank 2934; Ministry common-character number 872	奠: frequency-order position 2900; corpus frequency rank 2934; 15 appearances (0.00124%); Unihan kRSUnicode 37.9; Kangxi radical 37 大; Unihan kRSUnicode single radical assignment.	[]	"[""chinese"",""traditional"",""radicals"",""frequency"",""character-to-radical"",""one-way"",""part-15""]"
zh-traditional-radicals-frequency-xv/2901/character-to-radical	XV	vocabulary	2901	zh-Hant	zh-Hant	倩	"[""人""]"	[]		"[""zh-Hant.frequency.2935"",""zh.radical.kangxi.009""]"	[]	[]	sources/characters.tsv	frequency-order position 2901; corpus frequency rank 2935; Ministry common-character number 176	倩: frequency-order position 2901; corpus frequency rank 2935; 15 appearances (0.00124%); Unihan kRSUnicode 9.8; Kangxi radical 9 人; Unihan kRSUnicode single radical assignment.	[]	"[""chinese"",""traditional"",""radicals"",""frequency"",""character-to-radical"",""one-way"",""part-15""]"
zh-traditional-radicals-frequency-xv/2902/character-to-radical	XV	vocabulary	2902	zh-Hant	zh-Hant	辜	"[""辛""]"	[]		"[""zh-Hant.frequency.2936"",""zh.radical.kangxi.160""]"	[]	[]	sources/characters.tsv	frequency-order position 2902; corpus frequency rank 2936; Ministry common-character number 4102	辜: frequency-order position 2902; corpus frequency rank 2936; 15 appearances (0.00124%); Unihan kRSUnicode 160.5; Kangxi radical 160 辛; Unihan kRSUnicode single radical assignment.	[]	"[""chinese"",""traditional"",""radicals"",""frequency"",""character-to-radical"",""one-way"",""part-15""]"
zh-traditional-radicals-frequency-xv/2903/character-to-radical	XV	vocabulary	2903	zh-Hant	zh-Hant	琉	"[""玉""]"	[]		"[""zh-Hant.frequency.2937"",""zh.radical.kangxi.096""]"	[]	[]	sources/characters.tsv	frequency-order position 2903; corpus frequency rank 2937; Ministry common-character number 2567	琉: frequency-order position 2903; corpus frequency rank 2937; 15 appearances (0.00124%); Unihan kRSUnicode 96.6 96.7; Kangxi radical 96 玉; Reviewed primary Unihan kRSUnicode assignment 96.6 from alternatives 96.6 96.7.	[]	"[""chinese"",""traditional"",""radicals"",""frequency"",""character-to-radical"",""one-way"",""part-15""]"
zh-traditional-radicals-frequency-xv/2904/character-to-radical	XV	vocabulary	2904	zh-Hant	zh-Hant	腎	"[""肉""]"	[]		"[""zh-Hant.frequency.2938"",""zh.radical.kangxi.130""]"	[]	[]	sources/characters.tsv	frequency-order position 2904; corpus frequency rank 2938; Ministry common-character number 3340	腎: frequency-order position 2904; corpus frequency rank 2938; 15 appearances (0.00124%); Unihan kRSUnicode 130.8; Kangxi radical 130 肉; Unihan kRSUnicode single radical assignment.	[]	"[""chinese"",""traditional"",""radicals"",""frequency"",""character-to-radical"",""one-way"",""part-15""]"
zh-traditional-radicals-frequency-xv/2905/character-to-radical	XV	vocabulary	2905	zh-Hant	zh-Hant	冤	"[""冖""]"	[]		"[""zh-Hant.frequency.2939"",""zh.radical.kangxi.014""]"	[]	[]	sources/characters.tsv	frequency-order position 2905; corpus frequency rank 2939; Ministry common-character number 305	冤: frequency-order position 2905; corpus frequency rank 2939; 15 appearances (0.00124%); Unihan kRSUnicode 14.8; Kangxi radical 14 冖; Unihan kRSUnicode single radical assignment.	[]	"[""chinese"",""traditional"",""radicals"",""frequency"",""character-to-radical"",""one-way"",""part-15""]"
zh-traditional-radicals-frequency-xv/2906/character-to-radical	XV	vocabulary	2906	zh-Hant	zh-Hant	溺	"[""水""]"	[]		"[""zh-Hant.frequency.2940"",""zh.radical.kangxi.085""]"	[]	[]	sources/characters.tsv	frequency-order position 2906; corpus frequency rank 2940; Ministry common-character number 2289	溺: frequency-order position 2906; corpus frequency rank 2940; 15 appearances (0.00124%); Unihan kRSUnicode 85.10; Kangxi radical 85 水; Unihan kRSUnicode single radical assignment.	[]	"[""chinese"",""traditional"",""radicals"",""frequency"",""character-to-radical"",""one-way"",""part-15""]"
zh-traditional-radicals-frequency-xv/2907/character-to-radical	XV	vocabulary	2907	zh-Hant	zh-Hant	禹	"[""禸""]"	[]		"[""zh-Hant.frequency.2941"",""zh.radical.kangxi.114""]"	[]	[]	sources/characters.tsv	frequency-order position 2907; corpus frequency rank 2941; Ministry common-character number 2908	禹: frequency-order position 2907; corpus frequency rank 2941; 15 appearances (0.00124%); Unihan kRSUnicode 114.4; Kangxi radical 114 禸; Unihan kRSUnicode single radical assignment.	[]	"[""chinese"",""traditional"",""radicals"",""frequency"",""character-to-radical"",""one-way"",""part-15""]"
zh-traditional-radicals-frequency-xv/2908/character-to-radical	XV	vocabulary	2908	zh-Hant	zh-Hant	俱	"[""人""]"	[]		"[""zh-Hant.frequency.2942"",""zh.radical.kangxi.009""]"	[]	[]	sources/characters.tsv	frequency-order position 2908; corpus frequency rank 2942; Ministry common-character number 188	俱: frequency-order position 2908; corpus frequency rank 2942; 15 appearances (0.00124%); Unihan kRSUnicode 9.8; Kangxi radical 9 人; Unihan kRSUnicode single radical assignment.	[]	"[""chinese"",""traditional"",""radicals"",""frequency"",""character-to-radical"",""one-way"",""part-15""]"
zh-traditional-radicals-frequency-xv/2909/character-to-radical	XV	vocabulary	2909	zh-Hant	zh-Hant	畔	"[""田""]"	[]		"[""zh-Hant.frequency.2943"",""zh.radical.kangxi.102""]"	[]	[]	sources/characters.tsv	frequency-order position 2909; corpus frequency rank 2943; Ministry common-character number 2641	畔: frequency-order position 2909; corpus frequency rank 2943; 15 appearances (0.00124%); Unihan kRSUnicode 102.5; Kangxi radical 102 田; Unihan kRSUnicode single radical assignment.	[]	"[""chinese"",""traditional"",""radicals"",""frequency"",""character-to-radical"",""one-way"",""part-15""]"
zh-traditional-radicals-frequency-xv/2910/character-to-radical	XV	vocabulary	2910	zh-Hant	zh-Hant	泄	"[""水""]"	[]		"[""zh-Hant.frequency.2945"",""zh.radical.kangxi.085""]"	[]	[]	sources/characters.tsv	frequency-order position 2910; corpus frequency rank 2945; Ministry common-character number 2171	泄: frequency-order position 2910; corpus frequency rank 2945; 15 appearances (0.00124%); Unihan kRSUnicode 85.5; Kangxi radical 85 水; Unihan kRSUnicode single radical assignment.	[]	"[""chinese"",""traditional"",""radicals"",""frequency"",""character-to-radical"",""one-way"",""part-15""]"
zh-traditional-radicals-frequency-xv/2911/character-to-radical	XV	vocabulary	2911	zh-Hant	zh-Hant	腕	"[""肉""]"	[]		"[""zh-Hant.frequency.2946"",""zh.radical.kangxi.130""]"	[]	[]	sources/characters.tsv	frequency-order position 2911; corpus frequency rank 2946; Ministry common-character number 3336	腕: frequency-order position 2911; corpus frequency rank 2946; 15 appearances (0.00124%); Unihan kRSUnicode 130.8; Kangxi radical 130 肉; Unihan kRSUnicode single radical assignment.	[]	"[""chinese"",""traditional"",""radicals"",""frequency"",""character-to-radical"",""one-way"",""part-15""]"
zh-traditional-radicals-frequency-xv/2912/character-to-radical	XV	vocabulary	2912	zh-Hant	zh-Hant	湘	"[""水""]"	[]		"[""zh-Hant.frequency.2947"",""zh.radical.kangxi.085""]"	[]	[]	sources/characters.tsv	frequency-order position 2912; corpus frequency rank 2947; Ministry common-character number 2260	湘: frequency-order position 2912; corpus frequency rank 2947; 15 appearances (0.00124%); Unihan kRSUnicode 85.9; Kangxi radical 85 水; Unihan kRSUnicode single radical assignment.	[]	"[""chinese"",""traditional"",""radicals"",""frequency"",""character-to-radical"",""one-way"",""part-15""]"
zh-traditional-radicals-frequency-xv/2913/character-to-radical	XV	vocabulary	2913	zh-Hant	zh-Hant	氮	"[""气""]"	[]		"[""zh-Hant.frequency.2948"",""zh.radical.kangxi.084""]"	[]	[]	sources/characters.tsv	frequency-order position 2913; corpus frequency rank 2948; Ministry common-character number 2121	氮: frequency-order position 2913; corpus frequency rank 2948; 15 appearances (0.00124%); Unihan kRSUnicode 84.8; Kangxi radical 84 气; Unihan kRSUnicode single radical assignment.	[]	"[""chinese"",""traditional"",""radicals"",""frequency"",""character-to-radical"",""one-way"",""part-15""]"
zh-traditional-radicals-frequency-xv/2914/character-to-radical	XV	vocabulary	2914	zh-Hant	zh-Hant	菁	"[""艸""]"	[]		"[""zh-Hant.frequency.2949"",""zh.radical.kangxi.140""]"	[]	[]	sources/characters.tsv	frequency-order position 2914; corpus frequency rank 2949; Ministry common-character number 3502	菁: frequency-order position 2914; corpus frequency rank 2949; 15 appearances (0.00124%); Unihan kRSUnicode 140.8; Kangxi radical 140 艸; Unihan kRSUnicode single radical assignment.	[]	"[""chinese"",""traditional"",""radicals"",""frequency"",""character-to-radical"",""one-way"",""part-15""]"
zh-traditional-radicals-frequency-xv/2915/character-to-radical	XV	vocabulary	2915	zh-Hant	zh-Hant	稠	"[""禾""]"	[]		"[""zh-Hant.frequency.2950"",""zh.radical.kangxi.115""]"	[]	[]	sources/characters.tsv	frequency-order position 2915; corpus frequency rank 2950; Ministry common-character number 2933	稠: frequency-order position 2915; corpus frequency rank 2950; 15 appearances (0.00124%); Unihan kRSUnicode 115.8; Kangxi radical 115 禾; Unihan kRSUnicode single radical assignment.	[]	"[""chinese"",""traditional"",""radicals"",""frequency"",""character-to-radical"",""one-way"",""part-15""]"
zh-traditional-radicals-frequency-xv/2916/character-to-radical	XV	vocabulary	2916	zh-Hant	zh-Hant	睹	"[""目""]"	[]		"[""zh-Hant.frequency.2951"",""zh.radical.kangxi.109""]"	[]	[]	sources/characters.tsv	frequency-order position 2916; corpus frequency rank 2951; Ministry common-character number 2783	睹: frequency-order position 2916; corpus frequency rank 2951; 15 appearances (0.00124%); Unihan kRSUnicode 109.9; Kangxi radical 109 目; Unihan kRSUnicode single radical assignment.	[]	"[""chinese"",""traditional"",""radicals"",""frequency"",""character-to-radical"",""one-way"",""part-15""]"
zh-traditional-radicals-frequency-xv/2917/character-to-radical	XV	vocabulary	2917	zh-Hant	zh-Hant	償	"[""人""]"	[]		"[""zh-Hant.frequency.2952"",""zh.radical.kangxi.009""]"	[]	[]	sources/characters.tsv	frequency-order position 2917; corpus frequency rank 2952; Ministry common-character number 258	償: frequency-order position 2917; corpus frequency rank 2952; 15 appearances (0.00124%); Unihan kRSUnicode 9.15; Kangxi radical 9 人; Unihan kRSUnicode single radical assignment.	[]	"[""chinese"",""traditional"",""radicals"",""frequency"",""character-to-radical"",""one-way"",""part-15""]"
zh-traditional-radicals-frequency-xv/2918/character-to-radical	XV	vocabulary	2918	zh-Hant	zh-Hant	痴	"[""疒""]"	[]		"[""zh-Hant.frequency.2953"",""zh.radical.kangxi.104""]"	[]	[]	sources/characters.tsv	frequency-order position 2918; corpus frequency rank 2953; Ministry common-character number 2691	痴: frequency-order position 2918; corpus frequency rank 2953; 15 appearances (0.00124%); Unihan kRSUnicode 104.8; Kangxi radical 104 疒; Unihan kRSUnicode single radical assignment.	[]	"[""chinese"",""traditional"",""radicals"",""frequency"",""character-to-radical"",""one-way"",""part-15""]"
zh-traditional-radicals-frequency-xv/2919/character-to-radical	XV	vocabulary	2919	zh-Hant	zh-Hant	骸	"[""骨""]"	[]		"[""zh-Hant.frequency.2954"",""zh.radical.kangxi.188""]"	[]	[]	sources/characters.tsv	frequency-order position 2919; corpus frequency rank 2954; Ministry common-character number 4661	骸: frequency-order position 2919; corpus frequency rank 2954; 15 appearances (0.00124%); Unihan kRSUnicode 188.6; Kangxi radical 188 骨; Unihan kRSUnicode single radical assignment.	[]	"[""chinese"",""traditional"",""radicals"",""frequency"",""character-to-radical"",""one-way"",""part-15""]"
zh-traditional-radicals-frequency-xv/2920/character-to-radical	XV	vocabulary	2920	zh-Hant	zh-Hant	樁	"[""木""]"	[]		"[""zh-Hant.frequency.2955"",""zh.radical.kangxi.075""]"	[]	[]	sources/characters.tsv	frequency-order position 2920; corpus frequency rank 2955; Ministry common-character number 2008	樁: frequency-order position 2920; corpus frequency rank 2955; 15 appearances (0.00124%); Unihan kRSUnicode 75.11; Kangxi radical 75 木; Unihan kRSUnicode single radical assignment.	[]	"[""chinese"",""traditional"",""radicals"",""frequency"",""character-to-radical"",""one-way"",""part-15""]"
zh-traditional-radicals-frequency-xv/2921/character-to-radical	XV	vocabulary	2921	zh-Hant	zh-Hant	幟	"[""巾""]"	[]		"[""zh-Hant.frequency.2957"",""zh.radical.kangxi.050""]"	[]	[]	sources/characters.tsv	frequency-order position 2921; corpus frequency rank 2957; Ministry common-character number 1189	幟: frequency-order position 2921; corpus frequency rank 2957; 15 appearances (0.00124%); Unihan kRSUnicode 50.12; Kangxi radical 50 巾; Unihan kRSUnicode single radical assignment.	[]	"[""chinese"",""traditional"",""radicals"",""frequency"",""character-to-radical"",""one-way"",""part-15""]"
zh-traditional-radicals-frequency-xv/2922/character-to-radical	XV	vocabulary	2922	zh-Hant	zh-Hant	瞿	"[""目""]"	[]		"[""zh-Hant.frequency.2958"",""zh.radical.kangxi.109""]"	[]	[]	sources/characters.tsv	frequency-order position 2922; corpus frequency rank 2958; Ministry common-character number 2808	瞿: frequency-order position 2922; corpus frequency rank 2958; 15 appearances (0.00124%); Unihan kRSUnicode 109.13; Kangxi radical 109 目; Unihan kRSUnicode single radical assignment.	[]	"[""chinese"",""traditional"",""radicals"",""frequency"",""character-to-radical"",""one-way"",""part-15""]"
zh-traditional-radicals-frequency-xv/2923/character-to-radical	XV	vocabulary	2923	zh-Hant	zh-Hant	撮	"[""手""]"	[]		"[""zh-Hant.frequency.2959"",""zh.radical.kangxi.064""]"	[]	[]	sources/characters.tsv	frequency-order position 2923; corpus frequency rank 2959; Ministry common-character number 1671	撮: frequency-order position 2923; corpus frequency rank 2959; 15 appearances (0.00124%); Unihan kRSUnicode 64.12; Kangxi radical 64 手; Unihan kRSUnicode single radical assignment.	[]	"[""chinese"",""traditional"",""radicals"",""frequency"",""character-to-radical"",""one-way"",""part-15""]"
zh-traditional-radicals-frequency-xv/2924/character-to-radical	XV	vocabulary	2924	zh-Hant	zh-Hant	霖	"[""雨""]"	[]		"[""zh-Hant.frequency.2960"",""zh.radical.kangxi.173""]"	[]	[]	sources/characters.tsv	frequency-order position 2924; corpus frequency rank 2960; Ministry common-character number 4483	霖: frequency-order position 2924; corpus frequency rank 2960; 15 appearances (0.00124%); Unihan kRSUnicode 173.8; Kangxi radical 173 雨; Unihan kRSUnicode single radical assignment.	[]	"[""chinese"",""traditional"",""radicals"",""frequency"",""character-to-radical"",""one-way"",""part-15""]"
zh-traditional-radicals-frequency-xv/2925/character-to-radical	XV	vocabulary	2925	zh-Hant	zh-Hant	魄	"[""鬼""]"	[]		"[""zh-Hant.frequency.2961"",""zh.radical.kangxi.194""]"	[]	[]	sources/characters.tsv	frequency-order position 2925; corpus frequency rank 2961; Ministry common-character number 4687	魄: frequency-order position 2925; corpus frequency rank 2961; 15 appearances (0.00124%); Unihan kRSUnicode 194.5; Kangxi radical 194 鬼; Unihan kRSUnicode single radical assignment.	[]	"[""chinese"",""traditional"",""radicals"",""frequency"",""character-to-radical"",""one-way"",""part-15""]"
zh-traditional-radicals-frequency-xv/2926/character-to-radical	XV	vocabulary	2926	zh-Hant	zh-Hant	濤	"[""水""]"	[]		"[""zh-Hant.frequency.2962"",""zh.radical.kangxi.085""]"	[]	[]	sources/characters.tsv	frequency-order position 2926; corpus frequency rank 2962; Ministry common-character number 2357	濤: frequency-order position 2926; corpus frequency rank 2962; 15 appearances (0.00124%); Unihan kRSUnicode 85.14; Kangxi radical 85 水; Unihan kRSUnicode single radical assignment.	[]	"[""chinese"",""traditional"",""radicals"",""frequency"",""character-to-radical"",""one-way"",""part-15""]"
zh-traditional-radicals-frequency-xv/2927/character-to-radical	XV	vocabulary	2927	zh-Hant	zh-Hant	蕨	"[""艸""]"	[]		"[""zh-Hant.frequency.2963"",""zh.radical.kangxi.140""]"	[]	[]	sources/characters.tsv	frequency-order position 2927; corpus frequency rank 2963; Ministry common-character number 3564	蕨: frequency-order position 2927; corpus frequency rank 2963; 15 appearances (0.00124%); Unihan kRSUnicode 140.12; Kangxi radical 140 艸; Unihan kRSUnicode single radical assignment.	[]	"[""chinese"",""traditional"",""radicals"",""frequency"",""character-to-radical"",""one-way"",""part-15""]"
zh-traditional-radicals-frequency-xv/2928/character-to-radical	XV	vocabulary	2928	zh-Hant	zh-Hant	瞞	"[""目""]"	[]		"[""zh-Hant.frequency.2964"",""zh.radical.kangxi.109""]"	[]	[]	sources/characters.tsv	frequency-order position 2928; corpus frequency rank 2964; Ministry common-character number 2798	瞞: frequency-order position 2928; corpus frequency rank 2964; 15 appearances (0.00124%); Unihan kRSUnicode 109.11; Kangxi radical 109 目; Unihan kRSUnicode single radical assignment.	[]	"[""chinese"",""traditional"",""radicals"",""frequency"",""character-to-radical"",""one-way"",""part-15""]"
zh-traditional-radicals-frequency-xv/2929/character-to-radical	XV	vocabulary	2929	zh-Hant	zh-Hant	蔓	"[""艸""]"	[]		"[""zh-Hant.frequency.2965"",""zh.radical.kangxi.140""]"	[]	[]	sources/characters.tsv	frequency-order position 2929; corpus frequency rank 2965; Ministry common-character number 3553	蔓: frequency-order position 2929; corpus frequency rank 2965; 15 appearances (0.00124%); Unihan kRSUnicode 140.11; Kangxi radical 140 艸; Unihan kRSUnicode single radical assignment.	[]	"[""chinese"",""traditional"",""radicals"",""frequency"",""character-to-radical"",""one-way"",""part-15""]"
zh-traditional-radicals-frequency-xv/2930/character-to-radical	XV	vocabulary	2930	zh-Hant	zh-Hant	瞇	"[""目""]"	[]		"[""zh-Hant.frequency.2966"",""zh.radical.kangxi.109""]"	[]	[]	sources/characters.tsv	frequency-order position 2930; corpus frequency rank 2966; Ministry common-character number 2794	瞇: frequency-order position 2930; corpus frequency rank 2966; 15 appearances (0.00124%); Unihan kRSUnicode 109.10; Kangxi radical 109 目; Unihan kRSUnicode single radical assignment.	[]	"[""chinese"",""traditional"",""radicals"",""frequency"",""character-to-radical"",""one-way"",""part-15""]"
zh-traditional-radicals-frequency-xv/2931/character-to-radical	XV	vocabulary	2931	zh-Hant	zh-Hant	賤	"[""貝""]"	[]		"[""zh-Hant.frequency.2967"",""zh.radical.kangxi.154""]"	[]	[]	sources/characters.tsv	frequency-order position 2931; corpus frequency rank 2967; Ministry common-character number 3964	賤: frequency-order position 2931; corpus frequency rank 2967; 15 appearances (0.00124%); Unihan kRSUnicode 154.8; Kangxi radical 154 貝; Unihan kRSUnicode single radical assignment.	[]	"[""chinese"",""traditional"",""radicals"",""frequency"",""character-to-radical"",""one-way"",""part-15""]"
zh-traditional-radicals-frequency-xv/2932/character-to-radical	XV	vocabulary	2932	zh-Hant	zh-Hant	萱	"[""艸""]"	[]		"[""zh-Hant.frequency.2968"",""zh.radical.kangxi.140""]"	[]	[]	sources/characters.tsv	frequency-order position 2932; corpus frequency rank 2968; Ministry common-character number 3521	萱: frequency-order position 2932; corpus frequency rank 2968; 15 appearances (0.00124%); Unihan kRSUnicode 140.9; Kangxi radical 140 艸; Unihan kRSUnicode single radical assignment.	[]	"[""chinese"",""traditional"",""radicals"",""frequency"",""character-to-radical"",""one-way"",""part-15""]"
zh-traditional-radicals-frequency-xv/2933/character-to-radical	XV	vocabulary	2933	zh-Hant	zh-Hant	瘤	"[""疒""]"	[]		"[""zh-Hant.frequency.2969"",""zh.radical.kangxi.104""]"	[]	[]	sources/characters.tsv	frequency-order position 2933; corpus frequency rank 2969; Ministry common-character number 2700	瘤: frequency-order position 2933; corpus frequency rank 2969; 15 appearances (0.00124%); Unihan kRSUnicode 104.10; Kangxi radical 104 疒; Unihan kRSUnicode single radical assignment.	[]	"[""chinese"",""traditional"",""radicals"",""frequency"",""character-to-radical"",""one-way"",""part-15""]"
zh-traditional-radicals-frequency-xv/2934/character-to-radical	XV	vocabulary	2934	zh-Hant	zh-Hant	繽	"[""糸""]"	[]		"[""zh-Hant.frequency.2971"",""zh.radical.kangxi.120""]"	[]	[]	sources/characters.tsv	frequency-order position 2934; corpus frequency rank 2971; Ministry common-character number 3187	繽: frequency-order position 2934; corpus frequency rank 2971; 15 appearances (0.00124%); Unihan kRSUnicode 120.14; Kangxi radical 120 糸; Unihan kRSUnicode single radical assignment.	[]	"[""chinese"",""traditional"",""radicals"",""frequency"",""character-to-radical"",""one-way"",""part-15""]"
zh-traditional-radicals-frequency-xv/2935/character-to-radical	XV	vocabulary	2935	zh-Hant	zh-Hant	齦	"[""齒""]"	[]		"[""zh-Hant.frequency.2972"",""zh.radical.kangxi.211""]"	[]	[]	sources/characters.tsv	frequency-order position 2935; corpus frequency rank 2972; Ministry common-character number 4801	齦: frequency-order position 2935; corpus frequency rank 2972; 15 appearances (0.00124%); Unihan kRSUnicode 211.6; Kangxi radical 211 齒; Unihan kRSUnicode single radical assignment.	[]	"[""chinese"",""traditional"",""radicals"",""frequency"",""character-to-radical"",""one-way"",""part-15""]"
zh-traditional-radicals-frequency-xv/2936/character-to-radical	XV	vocabulary	2936	zh-Hant	zh-Hant	鑰	"[""金""]"	[]		"[""zh-Hant.frequency.2973"",""zh.radical.kangxi.167""]"	[]	[]	sources/characters.tsv	frequency-order position 2936; corpus frequency rank 2973; Ministry common-character number 4364	鑰: frequency-order position 2936; corpus frequency rank 2973; 15 appearances (0.00124%); Unihan kRSUnicode 167.17; Kangxi radical 167 金; Unihan kRSUnicode single radical assignment.	[]	"[""chinese"",""traditional"",""radicals"",""frequency"",""character-to-radical"",""one-way"",""part-15""]"
zh-traditional-radicals-frequency-xv/2937/character-to-radical	XV	vocabulary	2937	zh-Hant	zh-Hant	鑲	"[""金""]"	[]		"[""zh-Hant.frequency.2974"",""zh.radical.kangxi.167""]"	[]	[]	sources/characters.tsv	frequency-order position 2937; corpus frequency rank 2974; Ministry common-character number 4363	鑲: frequency-order position 2937; corpus frequency rank 2974; 15 appearances (0.00124%); Unihan kRSUnicode 167.17; Kangxi radical 167 金; Unihan kRSUnicode single radical assignment.	[]	"[""chinese"",""traditional"",""radicals"",""frequency"",""character-to-radical"",""one-way"",""part-15""]"
zh-traditional-radicals-frequency-xv/2938/character-to-radical	XV	vocabulary	2938	zh-Hant	zh-Hant	戊	"[""戈""]"	[]		"[""zh-Hant.frequency.2975"",""zh.radical.kangxi.062""]"	[]	[]	sources/characters.tsv	frequency-order position 2938; corpus frequency rank 2975; Ministry common-character number 1467	戊: frequency-order position 2938; corpus frequency rank 2975; 14 appearances (0.00115%); Unihan kRSUnicode 62.1; Kangxi radical 62 戈; Unihan kRSUnicode single radical assignment.	[]	"[""chinese"",""traditional"",""radicals"",""frequency"",""character-to-radical"",""one-way"",""part-15""]"
zh-traditional-radicals-frequency-xv/2939/character-to-radical	XV	vocabulary	2939	zh-Hant	zh-Hant	倡	"[""人""]"	[]		"[""zh-Hant.frequency.2976"",""zh.radical.kangxi.009""]"	[]	[]	sources/characters.tsv	frequency-order position 2939; corpus frequency rank 2976; Ministry common-character number 189	倡: frequency-order position 2939; corpus frequency rank 2976; 14 appearances (0.00115%); Unihan kRSUnicode 9.8; Kangxi radical 9 人; Unihan kRSUnicode single radical assignment.	[]	"[""chinese"",""traditional"",""radicals"",""frequency"",""character-to-radical"",""one-way"",""part-15""]"
zh-traditional-radicals-frequency-xv/2940/character-to-radical	XV	vocabulary	2940	zh-Hant	zh-Hant	庸	"[""广""]"	[]		"[""zh-Hant.frequency.2977"",""zh.radical.kangxi.053""]"	[]	[]	sources/characters.tsv	frequency-order position 2940; corpus frequency rank 2977; Ministry common-character number 1215	庸: frequency-order position 2940; corpus frequency rank 2977; 14 appearances (0.00115%); Unihan kRSUnicode 53.8; Kangxi radical 53 广; Unihan kRSUnicode single radical assignment.	[]	"[""chinese"",""traditional"",""radicals"",""frequency"",""character-to-radical"",""one-way"",""part-15""]"
zh-traditional-radicals-frequency-xv/2941/character-to-radical	XV	vocabulary	2941	zh-Hant	zh-Hant	坤	"[""土""]"	[]		"[""zh-Hant.frequency.2978"",""zh.radical.kangxi.032""]"	[]	[]	sources/characters.tsv	frequency-order position 2941; corpus frequency rank 2978; Ministry common-character number 762	坤: frequency-order position 2941; corpus frequency rank 2978; 14 appearances (0.00115%); Unihan kRSUnicode 32.5; Kangxi radical 32 土; Unihan kRSUnicode single radical assignment.	[]	"[""chinese"",""traditional"",""radicals"",""frequency"",""character-to-radical"",""one-way"",""part-15""]"
zh-traditional-radicals-frequency-xv/2942/character-to-radical	XV	vocabulary	2942	zh-Hant	zh-Hant	淳	"[""水""]"	[]		"[""zh-Hant.frequency.2979"",""zh.radical.kangxi.085""]"	[]	[]	sources/characters.tsv	frequency-order position 2942; corpus frequency rank 2979; Ministry common-character number 2216	淳: frequency-order position 2942; corpus frequency rank 2979; 14 appearances (0.00115%); Unihan kRSUnicode 85.8; Kangxi radical 85 水; Unihan kRSUnicode single radical assignment.	[]	"[""chinese"",""traditional"",""radicals"",""frequency"",""character-to-radical"",""one-way"",""part-15""]"
zh-traditional-radicals-frequency-xv/2943/character-to-radical	XV	vocabulary	2943	zh-Hant	zh-Hant	抒	"[""手""]"	[]		"[""zh-Hant.frequency.2980"",""zh.radical.kangxi.064""]"	[]	[]	sources/characters.tsv	frequency-order position 2943; corpus frequency rank 2980; Ministry common-character number 1516	抒: frequency-order position 2943; corpus frequency rank 2980; 14 appearances (0.00115%); Unihan kRSUnicode 64.4; Kangxi radical 64 手; Unihan kRSUnicode single radical assignment.	[]	"[""chinese"",""traditional"",""radicals"",""frequency"",""character-to-radical"",""one-way"",""part-15""]"
zh-traditional-radicals-frequency-xv/2944/character-to-radical	XV	vocabulary	2944	zh-Hant	zh-Hant	紳	"[""糸""]"	[]		"[""zh-Hant.frequency.2981"",""zh.radical.kangxi.120""]"	[]	[]	sources/characters.tsv	frequency-order position 2944; corpus frequency rank 2981; Ministry common-character number 3110	紳: frequency-order position 2944; corpus frequency rank 2981; 14 appearances (0.00115%); Unihan kRSUnicode 120.5; Kangxi radical 120 糸; Unihan kRSUnicode single radical assignment.	[]	"[""chinese"",""traditional"",""radicals"",""frequency"",""character-to-radical"",""one-way"",""part-15""]"
zh-traditional-radicals-frequency-xv/2945/character-to-radical	XV	vocabulary	2945	zh-Hant	zh-Hant	伺	"[""人""]"	[]		"[""zh-Hant.frequency.2982"",""zh.radical.kangxi.009""]"	[]	[]	sources/characters.tsv	frequency-order position 2945; corpus frequency rank 2982; Ministry common-character number 116	伺: frequency-order position 2945; corpus frequency rank 2982; 14 appearances (0.00115%); Unihan kRSUnicode 9.5; Kangxi radical 9 人; Unihan kRSUnicode single radical assignment.	[]	"[""chinese"",""traditional"",""radicals"",""frequency"",""character-to-radical"",""one-way"",""part-15""]"
zh-traditional-radicals-frequency-xv/2946/character-to-radical	XV	vocabulary	2946	zh-Hant	zh-Hant	梧	"[""木""]"	[]		"[""zh-Hant.frequency.2983"",""zh.radical.kangxi.075""]"	[]	[]	sources/characters.tsv	frequency-order position 2946; corpus frequency rank 2983; Ministry common-character number 1940	梧: frequency-order position 2946; corpus frequency rank 2983; 14 appearances (0.00115%); Unihan kRSUnicode 75.7; Kangxi radical 75 木; Unihan kRSUnicode single radical assignment.	[]	"[""chinese"",""traditional"",""radicals"",""frequency"",""character-to-radical"",""one-way"",""part-15""]"
zh-traditional-radicals-frequency-xv/2947/character-to-radical	XV	vocabulary	2947	zh-Hant	zh-Hant	恍	"[""心""]"	[]		"[""zh-Hant.frequency.2984"",""zh.radical.kangxi.061""]"	[]	[]	sources/characters.tsv	frequency-order position 2947; corpus frequency rank 2984; Ministry common-character number 1335	恍: frequency-order position 2947; corpus frequency rank 2984; 14 appearances (0.00115%); Unihan kRSUnicode 61.6; Kangxi radical 61 心; Unihan kRSUnicode single radical assignment.	[]	"[""chinese"",""traditional"",""radicals"",""frequency"",""character-to-radical"",""one-way"",""part-15""]"
zh-traditional-radicals-frequency-xv/2948/character-to-radical	XV	vocabulary	2948	zh-Hant	zh-Hant	唾	"[""口""]"	[]		"[""zh-Hant.frequency.2985"",""zh.radical.kangxi.030""]"	[]	[]	sources/characters.tsv	frequency-order position 2948; corpus frequency rank 2985; Ministry common-character number 637	唾: frequency-order position 2948; corpus frequency rank 2985; 14 appearances (0.00115%); Unihan kRSUnicode 30.8 30.9; Kangxi radical 30 口; Reviewed primary Unihan kRSUnicode assignment 30.8 from alternatives 30.8 30.9.	[]	"[""chinese"",""traditional"",""radicals"",""frequency"",""character-to-radical"",""one-way"",""part-15""]"
zh-traditional-radicals-frequency-xv/2949/character-to-radical	XV	vocabulary	2949	zh-Hant	zh-Hant	砸	"[""石""]"	[]		"[""zh-Hant.frequency.2986"",""zh.radical.kangxi.112""]"	[]	[]	sources/characters.tsv	frequency-order position 2949; corpus frequency rank 2986; Ministry common-character number 2831	砸: frequency-order position 2949; corpus frequency rank 2986; 14 appearances (0.00115%); Unihan kRSUnicode 112.5; Kangxi radical 112 石; Unihan kRSUnicode single radical assignment.	[]	"[""chinese"",""traditional"",""radicals"",""frequency"",""character-to-radical"",""one-way"",""part-15""]"
zh-traditional-radicals-frequency-xv/2950/character-to-radical	XV	vocabulary	2950	zh-Hant	zh-Hant	崎	"[""山""]"	[]		"[""zh-Hant.frequency.2987"",""zh.radical.kangxi.046""]"	[]	[]	sources/characters.tsv	frequency-order position 2950; corpus frequency rank 2987; Ministry common-character number 1124	崎: frequency-order position 2950; corpus frequency rank 2987; 14 appearances (0.00115%); Unihan kRSUnicode 46.8; Kangxi radical 46 山; Unihan kRSUnicode single radical assignment.	[]	"[""chinese"",""traditional"",""radicals"",""frequency"",""character-to-radical"",""one-way"",""part-15""]"
zh-traditional-radicals-frequency-xv/2951/character-to-radical	XV	vocabulary	2951	zh-Hant	zh-Hant	卉	"[""十""]"	[]		"[""zh-Hant.frequency.2988"",""zh.radical.kangxi.024""]"	[]	[]	sources/characters.tsv	frequency-order position 2951; corpus frequency rank 2988; Ministry common-character number 436	卉: frequency-order position 2951; corpus frequency rank 2988; 14 appearances (0.00115%); Unihan kRSUnicode 24.3; Kangxi radical 24 十; Unihan kRSUnicode single radical assignment.	[]	"[""chinese"",""traditional"",""radicals"",""frequency"",""character-to-radical"",""one-way"",""part-15""]"
zh-traditional-radicals-frequency-xv/2952/character-to-radical	XV	vocabulary	2952	zh-Hant	zh-Hant	舵	"[""舟""]"	[]		"[""zh-Hant.frequency.2989"",""zh.radical.kangxi.137""]"	[]	[]	sources/characters.tsv	frequency-order position 2952; corpus frequency rank 2989; Ministry common-character number 3416	舵: frequency-order position 2952; corpus frequency rank 2989; 14 appearances (0.00115%); Unihan kRSUnicode 137.5; Kangxi radical 137 舟; Unihan kRSUnicode single radical assignment.	[]	"[""chinese"",""traditional"",""radicals"",""frequency"",""character-to-radical"",""one-way"",""part-15""]"
zh-traditional-radicals-frequency-xv/2953/character-to-radical	XV	vocabulary	2953	zh-Hant	zh-Hant	咖	"[""口""]"	[]		"[""zh-Hant.frequency.2990"",""zh.radical.kangxi.030""]"	[]	[]	sources/characters.tsv	frequency-order position 2953; corpus frequency rank 2990; Ministry common-character number 543	咖: frequency-order position 2953; corpus frequency rank 2990; 14 appearances (0.00115%); Unihan kRSUnicode 30.5; Kangxi radical 30 口; Unihan kRSUnicode single radical assignment.	[]	"[""chinese"",""traditional"",""radicals"",""frequency"",""character-to-radical"",""one-way"",""part-15""]"
zh-traditional-radicals-frequency-xv/2954/character-to-radical	XV	vocabulary	2954	zh-Hant	zh-Hant	陋	"[""阜""]"	[]		"[""zh-Hant.frequency.2991"",""zh.radical.kangxi.170""]"	[]	[]	sources/characters.tsv	frequency-order position 2954; corpus frequency rank 2991; Ministry common-character number 4412	陋: frequency-order position 2954; corpus frequency rank 2991; 14 appearances (0.00115%); Unihan kRSUnicode 170.6; Kangxi radical 170 阜; Unihan kRSUnicode single radical assignment.	[]	"[""chinese"",""traditional"",""radicals"",""frequency"",""character-to-radical"",""one-way"",""part-15""]"
zh-traditional-radicals-frequency-xv/2955/character-to-radical	XV	vocabulary	2955	zh-Hant	zh-Hant	啡	"[""口""]"	[]		"[""zh-Hant.frequency.2992"",""zh.radical.kangxi.030""]"	[]	[]	sources/characters.tsv	frequency-order position 2955; corpus frequency rank 2992; Ministry common-character number 605	啡: frequency-order position 2955; corpus frequency rank 2992; 14 appearances (0.00115%); Unihan kRSUnicode 30.8; Kangxi radical 30 口; Unihan kRSUnicode single radical assignment.	[]	"[""chinese"",""traditional"",""radicals"",""frequency"",""character-to-radical"",""one-way"",""part-15""]"
zh-traditional-radicals-frequency-xv/2956/character-to-radical	XV	vocabulary	2956	zh-Hant	zh-Hant	杏	"[""木""]"	[]		"[""zh-Hant.frequency.2993"",""zh.radical.kangxi.075""]"	[]	[]	sources/characters.tsv	frequency-order position 2956; corpus frequency rank 2993; Ministry common-character number 1865	杏: frequency-order position 2956; corpus frequency rank 2993; 14 appearances (0.00115%); Unihan kRSUnicode 75.3; Kangxi radical 75 木; Unihan kRSUnicode single radical assignment.	[]	"[""chinese"",""traditional"",""radicals"",""frequency"",""character-to-radical"",""one-way"",""part-15""]"
zh-traditional-radicals-frequency-xv/2957/character-to-radical	XV	vocabulary	2957	zh-Hant	zh-Hant	疫	"[""疒""]"	[]		"[""zh-Hant.frequency.2994"",""zh.radical.kangxi.104""]"	[]	[]	sources/characters.tsv	frequency-order position 2957; corpus frequency rank 2994; Ministry common-character number 2663	疫: frequency-order position 2957; corpus frequency rank 2994; 14 appearances (0.00115%); Unihan kRSUnicode 104.4; Kangxi radical 104 疒; Unihan kRSUnicode single radical assignment.	[]	"[""chinese"",""traditional"",""radicals"",""frequency"",""character-to-radical"",""one-way"",""part-15""]"
zh-traditional-radicals-frequency-xv/2958/character-to-radical	XV	vocabulary	2958	zh-Hant	zh-Hant	嵌	"[""山""]"	[]		"[""zh-Hant.frequency.2995"",""zh.radical.kangxi.046""]"	[]	[]	sources/characters.tsv	frequency-order position 2958; corpus frequency rank 2995; Ministry common-character number 1132	嵌: frequency-order position 2958; corpus frequency rank 2995; 14 appearances (0.00115%); Unihan kRSUnicode 46.9; Kangxi radical 46 山; Unihan kRSUnicode single radical assignment.	[]	"[""chinese"",""traditional"",""radicals"",""frequency"",""character-to-radical"",""one-way"",""part-15""]"
zh-traditional-radicals-frequency-xv/2959/character-to-radical	XV	vocabulary	2959	zh-Hant	zh-Hant	債	"[""人""]"	[]		"[""zh-Hant.frequency.2996"",""zh.radical.kangxi.009""]"	[]	[]	sources/characters.tsv	frequency-order position 2959; corpus frequency rank 2996; Ministry common-character number 226	債: frequency-order position 2959; corpus frequency rank 2996; 14 appearances (0.00115%); Unihan kRSUnicode 9.11; Kangxi radical 9 人; Unihan kRSUnicode single radical assignment.	[]	"[""chinese"",""traditional"",""radicals"",""frequency"",""character-to-radical"",""one-way"",""part-15""]"
zh-traditional-radicals-frequency-xv/2960/character-to-radical	XV	vocabulary	2960	zh-Hant	zh-Hant	鈞	"[""金""]"	[]		"[""zh-Hant.frequency.2997"",""zh.radical.kangxi.167""]"	[]	[]	sources/characters.tsv	frequency-order position 2960; corpus frequency rank 2997; Ministry common-character number 4274	鈞: frequency-order position 2960; corpus frequency rank 2997; 14 appearances (0.00115%); Unihan kRSUnicode 167.4; Kangxi radical 167 金; Unihan kRSUnicode single radical assignment.	[]	"[""chinese"",""traditional"",""radicals"",""frequency"",""character-to-radical"",""one-way"",""part-15""]"
zh-traditional-radicals-frequency-xv/2961/character-to-radical	XV	vocabulary	2961	zh-Hant	zh-Hant	搗	"[""手""]"	[]		"[""zh-Hant.frequency.2998"",""zh.radical.kangxi.064""]"	[]	[]	sources/characters.tsv	frequency-order position 2961; corpus frequency rank 2998; Ministry common-character number 1648	搗: frequency-order position 2961; corpus frequency rank 2998; 14 appearances (0.00115%); Unihan kRSUnicode 64.10; Kangxi radical 64 手; Unihan kRSUnicode single radical assignment.	[]	"[""chinese"",""traditional"",""radicals"",""frequency"",""character-to-radical"",""one-way"",""part-15""]"
zh-traditional-radicals-frequency-xv/2962/character-to-radical	XV	vocabulary	2962	zh-Hant	zh-Hant	煞	"[""火""]"	[]		"[""zh-Hant.frequency.2999"",""zh.radical.kangxi.086""]"	[]	[]	sources/characters.tsv	frequency-order position 2962; corpus frequency rank 2999; Ministry common-character number 2430	煞: frequency-order position 2962; corpus frequency rank 2999; 14 appearances (0.00115%); Unihan kRSUnicode 86.9; Kangxi radical 86 火; Unihan kRSUnicode single radical assignment.	[]	"[""chinese"",""traditional"",""radicals"",""frequency"",""character-to-radical"",""one-way"",""part-15""]"
zh-traditional-radicals-frequency-xv/2963/character-to-radical	XV	vocabulary	2963	zh-Hant	zh-Hant	詠	"[""言""]"	[]		"[""zh-Hant.frequency.3000"",""zh.radical.kangxi.149""]"	[]	[]	sources/characters.tsv	frequency-order position 2963; corpus frequency rank 3000; Ministry common-character number 3803	詠: frequency-order position 2963; corpus frequency rank 3000; 14 appearances (0.00115%); Unihan kRSUnicode 149.5; Kangxi radical 149 言; Unihan kRSUnicode single radical assignment.	[]	"[""chinese"",""traditional"",""radicals"",""frequency"",""character-to-radical"",""one-way"",""part-15""]"
zh-traditional-radicals-frequency-xv/2964/character-to-radical	XV	vocabulary	2964	zh-Hant	zh-Hant	癮	"[""疒""]"	[]		"[""zh-Hant.frequency.3001"",""zh.radical.kangxi.104""]"	[]	[]	sources/characters.tsv	frequency-order position 2964; corpus frequency rank 3001; Ministry common-character number 2714	癮: frequency-order position 2964; corpus frequency rank 3001; 14 appearances (0.00115%); Unihan kRSUnicode 104.17; Kangxi radical 104 疒; Unihan kRSUnicode single radical assignment.	[]	"[""chinese"",""traditional"",""radicals"",""frequency"",""character-to-radical"",""one-way"",""part-15""]"
zh-traditional-radicals-frequency-xv/2965/character-to-radical	XV	vocabulary	2965	zh-Hant	zh-Hant	晰	"[""日""]"	[]		"[""zh-Hant.frequency.3002"",""zh.radical.kangxi.072""]"	[]	[]	sources/characters.tsv	frequency-order position 2965; corpus frequency rank 3002; Ministry common-character number 1806	晰: frequency-order position 2965; corpus frequency rank 3002; 14 appearances (0.00115%); Unihan kRSUnicode 72.8; Kangxi radical 72 日; Unihan kRSUnicode single radical assignment.	[]	"[""chinese"",""traditional"",""radicals"",""frequency"",""character-to-radical"",""one-way"",""part-15""]"
zh-traditional-radicals-frequency-xv/2966/character-to-radical	XV	vocabulary	2966	zh-Hant	zh-Hant	鏟	"[""金""]"	[]		"[""zh-Hant.frequency.3003"",""zh.radical.kangxi.167""]"	[]	[]	sources/characters.tsv	frequency-order position 2966; corpus frequency rank 3003; Ministry common-character number 4338	鏟: frequency-order position 2966; corpus frequency rank 3003; 14 appearances (0.00115%); Unihan kRSUnicode 167.11; Kangxi radical 167 金; Unihan kRSUnicode single radical assignment.	[]	"[""chinese"",""traditional"",""radicals"",""frequency"",""character-to-radical"",""one-way"",""part-15""]"
zh-traditional-radicals-frequency-xv/2967/character-to-radical	XV	vocabulary	2967	zh-Hant	zh-Hant	筏	"[""竹""]"	[]		"[""zh-Hant.frequency.3004"",""zh.radical.kangxi.118""]"	[]	[]	sources/characters.tsv	frequency-order position 2967; corpus frequency rank 3004; Ministry common-character number 3005	筏: frequency-order position 2967; corpus frequency rank 3004; 14 appearances (0.00115%); Unihan kRSUnicode 118.6; Kangxi radical 118 竹; Unihan kRSUnicode single radical assignment.	[]	"[""chinese"",""traditional"",""radicals"",""frequency"",""character-to-radical"",""one-way"",""part-15""]"
zh-traditional-radicals-frequency-xv/2968/character-to-radical	XV	vocabulary	2968	zh-Hant	zh-Hant	繭	"[""糸""]"	[]		"[""zh-Hant.frequency.3005"",""zh.radical.kangxi.120""]"	[]	[]	sources/characters.tsv	frequency-order position 2968; corpus frequency rank 3005; Ministry common-character number 3182	繭: frequency-order position 2968; corpus frequency rank 3005; 14 appearances (0.00115%); Unihan kRSUnicode 120.13; Kangxi radical 120 糸; Unihan kRSUnicode single radical assignment.	[]	"[""chinese"",""traditional"",""radicals"",""frequency"",""character-to-radical"",""one-way"",""part-15""]"
zh-traditional-radicals-frequency-xv/2969/character-to-radical	XV	vocabulary	2969	zh-Hant	zh-Hant	溯	"[""水""]"	[]		"[""zh-Hant.frequency.3006"",""zh.radical.kangxi.085""]"	[]	[]	sources/characters.tsv	frequency-order position 2969; corpus frequency rank 3006; Ministry common-character number 2278	溯: frequency-order position 2969; corpus frequency rank 3006; 14 appearances (0.00115%); Unihan kRSUnicode 85.10; Kangxi radical 85 水; Unihan kRSUnicode single radical assignment.	[]	"[""chinese"",""traditional"",""radicals"",""frequency"",""character-to-radical"",""one-way"",""part-15""]"
zh-traditional-radicals-frequency-xv/2970/character-to-radical	XV	vocabulary	2970	zh-Hant	zh-Hant	鶴	"[""鳥""]"	[]		"[""zh-Hant.frequency.3007"",""zh.radical.kangxi.196""]"	[]	[]	sources/characters.tsv	frequency-order position 2970; corpus frequency rank 3007; Ministry common-character number 4740	鶴: frequency-order position 2970; corpus frequency rank 3007; 14 appearances (0.00115%); Unihan kRSUnicode 196.10; Kangxi radical 196 鳥; Unihan kRSUnicode single radical assignment.	[]	"[""chinese"",""traditional"",""radicals"",""frequency"",""character-to-radical"",""one-way"",""part-15""]"
zh-traditional-radicals-frequency-xv/2971/character-to-radical	XV	vocabulary	2971	zh-Hant	zh-Hant	靴	"[""革""]"	[]		"[""zh-Hant.frequency.3008"",""zh.radical.kangxi.177""]"	[]	[]	sources/characters.tsv	frequency-order position 2971; corpus frequency rank 3008; Ministry common-character number 4510	靴: frequency-order position 2971; corpus frequency rank 3008; 14 appearances (0.00115%); Unihan kRSUnicode 177.4; Kangxi radical 177 革; Unihan kRSUnicode single radical assignment.	[]	"[""chinese"",""traditional"",""radicals"",""frequency"",""character-to-radical"",""one-way"",""part-15""]"
zh-traditional-radicals-frequency-xv/2972/character-to-radical	XV	vocabulary	2972	zh-Hant	zh-Hant	鉀	"[""金""]"	[]		"[""zh-Hant.frequency.3010"",""zh.radical.kangxi.167""]"	[]	[]	sources/characters.tsv	frequency-order position 2972; corpus frequency rank 3010; Ministry common-character number 4281	鉀: frequency-order position 2972; corpus frequency rank 3010; 14 appearances (0.00115%); Unihan kRSUnicode 167.5; Kangxi radical 167 金; Unihan kRSUnicode single radical assignment.	[]	"[""chinese"",""traditional"",""radicals"",""frequency"",""character-to-radical"",""one-way"",""part-15""]"
zh-traditional-radicals-frequency-xv/2973/character-to-radical	XV	vocabulary	2973	zh-Hant	zh-Hant	輻	"[""車""]"	[]		"[""zh-Hant.frequency.3011"",""zh.radical.kangxi.159""]"	[]	[]	sources/characters.tsv	frequency-order position 2973; corpus frequency rank 3011; Ministry common-character number 4087	輻: frequency-order position 2973; corpus frequency rank 3011; 14 appearances (0.00115%); Unihan kRSUnicode 159.9; Kangxi radical 159 車; Unihan kRSUnicode single radical assignment.	[]	"[""chinese"",""traditional"",""radicals"",""frequency"",""character-to-radical"",""one-way"",""part-15""]"
zh-traditional-radicals-frequency-xv/2974/character-to-radical	XV	vocabulary	2974	zh-Hant	zh-Hant	輾	"[""車""]"	[]		"[""zh-Hant.frequency.3012"",""zh.radical.kangxi.159""]"	[]	[]	sources/characters.tsv	frequency-order position 2974; corpus frequency rank 3012; Ministry common-character number 4091	輾: frequency-order position 2974; corpus frequency rank 3012; 14 appearances (0.00115%); Unihan kRSUnicode 159.10; Kangxi radical 159 車; Unihan kRSUnicode single radical assignment.	[]	"[""chinese"",""traditional"",""radicals"",""frequency"",""character-to-radical"",""one-way"",""part-15""]"
zh-traditional-radicals-frequency-xv/2975/character-to-radical	XV	vocabulary	2975	zh-Hant	zh-Hant	骯	"[""骨""]"	[]		"[""zh-Hant.frequency.3013"",""zh.radical.kangxi.188""]"	[]	[]	sources/characters.tsv	frequency-order position 2975; corpus frequency rank 3013; Ministry common-character number 4658	骯: frequency-order position 2975; corpus frequency rank 3013; 14 appearances (0.00115%); Unihan kRSUnicode 188.4; Kangxi radical 188 骨; Unihan kRSUnicode single radical assignment.	[]	"[""chinese"",""traditional"",""radicals"",""frequency"",""character-to-radical"",""one-way"",""part-15""]"
zh-traditional-radicals-frequency-xv/2976/character-to-radical	XV	vocabulary	2976	zh-Hant	zh-Hant	瀉	"[""水""]"	[]		"[""zh-Hant.frequency.3014"",""zh.radical.kangxi.085""]"	[]	[]	sources/characters.tsv	frequency-order position 2976; corpus frequency rank 3014; Ministry common-character number 2363	瀉: frequency-order position 2976; corpus frequency rank 3014; 14 appearances (0.00115%); Unihan kRSUnicode 85.15; Kangxi radical 85 水; Unihan kRSUnicode single radical assignment.	[]	"[""chinese"",""traditional"",""radicals"",""frequency"",""character-to-radical"",""one-way"",""part-15""]"
zh-traditional-radicals-frequency-xv/2977/character-to-radical	XV	vocabulary	2977	zh-Hant	zh-Hant	槽	"[""木""]"	[]		"[""zh-Hant.frequency.3015"",""zh.radical.kangxi.075""]"	[]	[]	sources/characters.tsv	frequency-order position 2977; corpus frequency rank 3015; Ministry common-character number 2011	槽: frequency-order position 2977; corpus frequency rank 3015; 14 appearances (0.00115%); Unihan kRSUnicode 75.11; Kangxi radical 75 木; Unihan kRSUnicode single radical assignment.	[]	"[""chinese"",""traditional"",""radicals"",""frequency"",""character-to-radical"",""one-way"",""part-15""]"
zh-traditional-radicals-frequency-xv/2978/character-to-radical	XV	vocabulary	2978	zh-Hant	zh-Hant	瀰	"[""水""]"	[]		"[""zh-Hant.frequency.3016"",""zh.radical.kangxi.085""]"	[]	[]	sources/characters.tsv	frequency-order position 2978; corpus frequency rank 3016; Ministry common-character number 2377	瀰: frequency-order position 2978; corpus frequency rank 3016; 14 appearances (0.00115%); Unihan kRSUnicode 85.17; Kangxi radical 85 水; Unihan kRSUnicode single radical assignment.	[]	"[""chinese"",""traditional"",""radicals"",""frequency"",""character-to-radical"",""one-way"",""part-15""]"
zh-traditional-radicals-frequency-xv/2979/character-to-radical	XV	vocabulary	2979	zh-Hant	zh-Hant	嘶	"[""口""]"	[]		"[""zh-Hant.frequency.3017"",""zh.radical.kangxi.030""]"	[]	[]	sources/characters.tsv	frequency-order position 2979; corpus frequency rank 3017; Ministry common-character number 685	嘶: frequency-order position 2979; corpus frequency rank 3017; 14 appearances (0.00115%); Unihan kRSUnicode 30.12; Kangxi radical 30 口; Unihan kRSUnicode single radical assignment.	[]	"[""chinese"",""traditional"",""radicals"",""frequency"",""character-to-radical"",""one-way"",""part-15""]"
zh-traditional-radicals-frequency-xv/2980/character-to-radical	XV	vocabulary	2980	zh-Hant	zh-Hant	鐺	"[""金""]"	[]		"[""zh-Hant.frequency.3018"",""zh.radical.kangxi.167""]"	[]	[]	sources/characters.tsv	frequency-order position 2980; corpus frequency rank 3018; Ministry common-character number 4355	鐺: frequency-order position 2980; corpus frequency rank 3018; 14 appearances (0.00115%); Unihan kRSUnicode 167.13; Kangxi radical 167 金; Unihan kRSUnicode single radical assignment.	[]	"[""chinese"",""traditional"",""radicals"",""frequency"",""character-to-radical"",""one-way"",""part-15""]"
zh-traditional-radicals-frequency-xv/2981/character-to-radical	XV	vocabulary	2981	zh-Hant	zh-Hant	簫	"[""竹""]"	[]		"[""zh-Hant.frequency.3019"",""zh.radical.kangxi.118""]"	[]	[]	sources/characters.tsv	frequency-order position 2981; corpus frequency rank 3019; Ministry common-character number 3035	簫: frequency-order position 2981; corpus frequency rank 3019; 14 appearances (0.00115%); Unihan kRSUnicode 118.12; Kangxi radical 118 竹; Unihan kRSUnicode single radical assignment.	[]	"[""chinese"",""traditional"",""radicals"",""frequency"",""character-to-radical"",""one-way"",""part-15""]"
zh-traditional-radicals-frequency-xv/2982/character-to-radical	XV	vocabulary	2982	zh-Hant	zh-Hant	魁	"[""鬼""]"	[]		"[""zh-Hant.frequency.3020"",""zh.radical.kangxi.194""]"	[]	[]	sources/characters.tsv	frequency-order position 2982; corpus frequency rank 3020; Ministry common-character number 4684	魁: frequency-order position 2982; corpus frequency rank 3020; 14 appearances (0.00115%); Unihan kRSUnicode 194.4; Kangxi radical 194 鬼; Unihan kRSUnicode single radical assignment.	[]	"[""chinese"",""traditional"",""radicals"",""frequency"",""character-to-radical"",""one-way"",""part-15""]"
zh-traditional-radicals-frequency-xv/2983/character-to-radical	XV	vocabulary	2983	zh-Hant	zh-Hant	僻	"[""人""]"	[]		"[""zh-Hant.frequency.3021"",""zh.radical.kangxi.009""]"	[]	[]	sources/characters.tsv	frequency-order position 2983; corpus frequency rank 3021; Ministry common-character number 247	僻: frequency-order position 2983; corpus frequency rank 3021; 14 appearances (0.00115%); Unihan kRSUnicode 9.13; Kangxi radical 9 人; Unihan kRSUnicode single radical assignment.	[]	"[""chinese"",""traditional"",""radicals"",""frequency"",""character-to-radical"",""one-way"",""part-15""]"
zh-traditional-radicals-frequency-xv/2984/character-to-radical	XV	vocabulary	2984	zh-Hant	zh-Hant	橄	"[""木""]"	[]		"[""zh-Hant.frequency.3022"",""zh.radical.kangxi.075""]"	[]	[]	sources/characters.tsv	frequency-order position 2984; corpus frequency rank 3022; Ministry common-character number 2025	橄: frequency-order position 2984; corpus frequency rank 3022; 14 appearances (0.00115%); Unihan kRSUnicode 75.12; Kangxi radical 75 木; Unihan kRSUnicode single radical assignment.	[]	"[""chinese"",""traditional"",""radicals"",""frequency"",""character-to-radical"",""one-way"",""part-15""]"
zh-traditional-radicals-frequency-xv/2985/character-to-radical	XV	vocabulary	2985	zh-Hant	zh-Hant	潰	"[""水""]"	[]		"[""zh-Hant.frequency.3023"",""zh.radical.kangxi.085""]"	[]	[]	sources/characters.tsv	frequency-order position 2985; corpus frequency rank 3023; Ministry common-character number 2338	潰: frequency-order position 2985; corpus frequency rank 3023; 14 appearances (0.00115%); Unihan kRSUnicode 85.12; Kangxi radical 85 水; Unihan kRSUnicode single radical assignment.	[]	"[""chinese"",""traditional"",""radicals"",""frequency"",""character-to-radical"",""one-way"",""part-15""]"
zh-traditional-radicals-frequency-xv/2986/character-to-radical	XV	vocabulary	2986	zh-Hant	zh-Hant	詛	"[""言""]"	[]		"[""zh-Hant.frequency.3024"",""zh.radical.kangxi.149""]"	[]	[]	sources/characters.tsv	frequency-order position 2986; corpus frequency rank 3024; Ministry common-character number 3809	詛: frequency-order position 2986; corpus frequency rank 3024; 14 appearances (0.00115%); Unihan kRSUnicode 149.5; Kangxi radical 149 言; Unihan kRSUnicode single radical assignment.	[]	"[""chinese"",""traditional"",""radicals"",""frequency"",""character-to-radical"",""one-way"",""part-15""]"
zh-traditional-radicals-frequency-xv/2987/character-to-radical	XV	vocabulary	2987	zh-Hant	zh-Hant	竣	"[""立""]"	[]		"[""zh-Hant.frequency.3025"",""zh.radical.kangxi.117""]"	[]	[]	sources/characters.tsv	frequency-order position 2987; corpus frequency rank 3025; Ministry common-character number 2980	竣: frequency-order position 2987; corpus frequency rank 3025; 14 appearances (0.00115%); Unihan kRSUnicode 117.7; Kangxi radical 117 立; Unihan kRSUnicode single radical assignment.	[]	"[""chinese"",""traditional"",""radicals"",""frequency"",""character-to-radical"",""one-way"",""part-15""]"
zh-traditional-radicals-frequency-xv/2988/character-to-radical	XV	vocabulary	2988	zh-Hant	zh-Hant	鄒	"[""邑""]"	[]		"[""zh-Hant.frequency.3026"",""zh.radical.kangxi.163""]"	[]	[]	sources/characters.tsv	frequency-order position 2988; corpus frequency rank 3026; Ministry common-character number 4218	鄒: frequency-order position 2988; corpus frequency rank 3026; 14 appearances (0.00115%); Unihan kRSUnicode 163.10; Kangxi radical 163 邑; Unihan kRSUnicode single radical assignment.	[]	"[""chinese"",""traditional"",""radicals"",""frequency"",""character-to-radical"",""one-way"",""part-15""]"
zh-traditional-radicals-frequency-xv/2989/character-to-radical	XV	vocabulary	2989	zh-Hant	zh-Hant	摟	"[""手""]"	[]		"[""zh-Hant.frequency.3027"",""zh.radical.kangxi.064""]"	[]	[]	sources/characters.tsv	frequency-order position 2989; corpus frequency rank 3027; Ministry common-character number 1654	摟: frequency-order position 2989; corpus frequency rank 3027; 14 appearances (0.00115%); Unihan kRSUnicode 64.11; Kangxi radical 64 手; Unihan kRSUnicode single radical assignment.	[]	"[""chinese"",""traditional"",""radicals"",""frequency"",""character-to-radical"",""one-way"",""part-15""]"
zh-traditional-radicals-frequency-xv/2990/character-to-radical	XV	vocabulary	2990	zh-Hant	zh-Hant	熬	"[""火""]"	[]		"[""zh-Hant.frequency.3028"",""zh.radical.kangxi.086""]"	[]	[]	sources/characters.tsv	frequency-order position 2990; corpus frequency rank 3028; Ministry common-character number 2437	熬: frequency-order position 2990; corpus frequency rank 3028; 14 appearances (0.00115%); Unihan kRSUnicode 86.11; Kangxi radical 86 火; Unihan kRSUnicode single radical assignment.	[]	"[""chinese"",""traditional"",""radicals"",""frequency"",""character-to-radical"",""one-way"",""part-15""]"
zh-traditional-radicals-frequency-xv/2991/character-to-radical	XV	vocabulary	2991	zh-Hant	zh-Hant	囚	"[""囗""]"	[]		"[""zh-Hant.frequency.3029"",""zh.radical.kangxi.031""]"	[]	[]	sources/characters.tsv	frequency-order position 2991; corpus frequency rank 3029; Ministry common-character number 725	囚: frequency-order position 2991; corpus frequency rank 3029; 13 appearances (0.00107%); Unihan kRSUnicode 31.2; Kangxi radical 31 囗; Unihan kRSUnicode single radical assignment.	[]	"[""chinese"",""traditional"",""radicals"",""frequency"",""character-to-radical"",""one-way"",""part-15""]"
zh-traditional-radicals-frequency-xv/2992/character-to-radical	XV	vocabulary	2992	zh-Hant	zh-Hant	昔	"[""日""]"	[]		"[""zh-Hant.frequency.3030"",""zh.radical.kangxi.072""]"	[]	[]	sources/characters.tsv	frequency-order position 2992; corpus frequency rank 3030; Ministry common-character number 1779	昔: frequency-order position 2992; corpus frequency rank 3030; 13 appearances (0.00107%); Unihan kRSUnicode 72.4; Kangxi radical 72 日; Unihan kRSUnicode single radical assignment.	[]	"[""chinese"",""traditional"",""radicals"",""frequency"",""character-to-radical"",""one-way"",""part-15""]"
zh-traditional-radicals-frequency-xv/2993/character-to-radical	XV	vocabulary	2993	zh-Hant	zh-Hant	皿	"[""皿""]"	[]		"[""zh-Hant.frequency.3032"",""zh.radical.kangxi.108""]"	[]	[]	sources/characters.tsv	frequency-order position 2993; corpus frequency rank 3032; Ministry common-character number 2736	皿: frequency-order position 2993; corpus frequency rank 3032; 13 appearances (0.00107%); Unihan kRSUnicode 108.0; Kangxi radical 108 皿; Unihan kRSUnicode single radical assignment.	[]	"[""chinese"",""traditional"",""radicals"",""frequency"",""character-to-radical"",""one-way"",""part-15""]"
zh-traditional-radicals-frequency-xv/2994/character-to-radical	XV	vocabulary	2994	zh-Hant	zh-Hant	咻	"[""口""]"	[]		"[""zh-Hant.frequency.3033"",""zh.radical.kangxi.030""]"	[]	[]	sources/characters.tsv	frequency-order position 2994; corpus frequency rank 3033; Ministry common-character number 581	咻: frequency-order position 2994; corpus frequency rank 3033; 13 appearances (0.00107%); Unihan kRSUnicode 30.6; Kangxi radical 30 口; Unihan kRSUnicode single radical assignment.	[]	"[""chinese"",""traditional"",""radicals"",""frequency"",""character-to-radical"",""one-way"",""part-15""]"
zh-traditional-radicals-frequency-xv/2995/character-to-radical	XV	vocabulary	2995	zh-Hant	zh-Hant	卸	"[""卩""]"	[]		"[""zh-Hant.frequency.3034"",""zh.radical.kangxi.026""]"	[]	[]	sources/characters.tsv	frequency-order position 2995; corpus frequency rank 3034; Ministry common-character number 455	卸: frequency-order position 2995; corpus frequency rank 3034; 13 appearances (0.00107%); Unihan kRSUnicode 26.6; Kangxi radical 26 卩; Unihan kRSUnicode single radical assignment.	[]	"[""chinese"",""traditional"",""radicals"",""frequency"",""character-to-radical"",""one-way"",""part-15""]"
zh-traditional-radicals-frequency-xv/2996/character-to-radical	XV	vocabulary	2996	zh-Hant	zh-Hant	伶	"[""人""]"	[]		"[""zh-Hant.frequency.3036"",""zh.radical.kangxi.009""]"	[]	[]	sources/characters.tsv	frequency-order position 2996; corpus frequency rank 3036; Ministry common-character number 127	伶: frequency-order position 2996; corpus frequency rank 3036; 13 appearances (0.00107%); Unihan kRSUnicode 9.5; Kangxi radical 9 人; Unihan kRSUnicode single radical assignment.	[]	"[""chinese"",""traditional"",""radicals"",""frequency"",""character-to-radical"",""one-way"",""part-15""]"
zh-traditional-radicals-frequency-xv/2997/character-to-radical	XV	vocabulary	2997	zh-Hant	zh-Hant	侮	"[""人""]"	[]		"[""zh-Hant.frequency.3037"",""zh.radical.kangxi.009""]"	[]	[]	sources/characters.tsv	frequency-order position 2997; corpus frequency rank 3037; Ministry common-character number 162	侮: frequency-order position 2997; corpus frequency rank 3037; 13 appearances (0.00107%); Unihan kRSUnicode 9.7; Kangxi radical 9 人; Unihan kRSUnicode single radical assignment.	[]	"[""chinese"",""traditional"",""radicals"",""frequency"",""character-to-radical"",""one-way"",""part-15""]"
zh-traditional-radicals-frequency-xv/2998/character-to-radical	XV	vocabulary	2998	zh-Hant	zh-Hant	狄	"[""犬""]"	[]		"[""zh-Hant.frequency.3038"",""zh.radical.kangxi.094""]"	[]	[]	sources/characters.tsv	frequency-order position 2998; corpus frequency rank 3038; Ministry common-character number 2509	狄: frequency-order position 2998; corpus frequency rank 3038; 13 appearances (0.00107%); Unihan kRSUnicode 94.4; Kangxi radical 94 犬; Unihan kRSUnicode single radical assignment.	[]	"[""chinese"",""traditional"",""radicals"",""frequency"",""character-to-radical"",""one-way"",""part-15""]"
zh-traditional-radicals-frequency-xv/2999/character-to-radical	XV	vocabulary	2999	zh-Hant	zh-Hant	呎	"[""口""]"	[]		"[""zh-Hant.frequency.3040"",""zh.radical.kangxi.030""]"	[]	[]	sources/characters.tsv	frequency-order position 2999; corpus frequency rank 3040; Ministry common-character number 519	呎: frequency-order position 2999; corpus frequency rank 3040; 13 appearances (0.00107%); Unihan kRSUnicode 30.4; Kangxi radical 30 口; Unihan kRSUnicode single radical assignment.	[]	"[""chinese"",""traditional"",""radicals"",""frequency"",""character-to-radical"",""one-way"",""part-15""]"
zh-traditional-radicals-frequency-xv/3000/character-to-radical	XV	vocabulary	3000	zh-Hant	zh-Hant	姒	"[""女""]"	[]		"[""zh-Hant.frequency.3041"",""zh.radical.kangxi.038""]"	[]	[]	sources/characters.tsv	frequency-order position 3000; corpus frequency rank 3041; Ministry common-character number 913	姒: frequency-order position 3000; corpus frequency rank 3041; 13 appearances (0.00107%); Unihan kRSUnicode 38.5; Kangxi radical 38 女; Unihan kRSUnicode single radical assignment.	[]	"[""chinese"",""traditional"",""radicals"",""frequency"",""character-to-radical"",""one-way"",""part-15""]"
