card_id	deck	kind	source_chapter	prompt_language	answer_language	prompt	accepted_answers	distractors	explanation	lexical_ids	grammar_ids	geographic_ids	provenance_path	provenance_locator	provenance_evidence	examples	tags
zh-traditional-radicals-frequency-x/1801/character-to-radical	X	vocabulary	1801	zh-Hant	zh-Hant	呂	"[""口""]"	[]		"[""zh-Hant.frequency.1805"",""zh.radical.kangxi.030""]"	[]	[]	sources/characters.tsv	frequency-order position 1801; corpus frequency rank 1805; Ministry common-character number 525	呂: frequency-order position 1801; corpus frequency rank 1805; 64 appearances (0.00530%); Unihan kRSUnicode 30.4; Kangxi radical 30 口; Unihan kRSUnicode single radical assignment.	[]	"[""chinese"",""traditional"",""radicals"",""frequency"",""character-to-radical"",""one-way"",""part-10""]"
zh-traditional-radicals-frequency-x/1802/character-to-radical	X	vocabulary	1802	zh-Hant	zh-Hant	眉	"[""目""]"	[]		"[""zh-Hant.frequency.1806"",""zh.radical.kangxi.109""]"	[]	[]	sources/characters.tsv	frequency-order position 1802; corpus frequency rank 1806; Ministry common-character number 2763	眉: frequency-order position 1802; corpus frequency rank 1806; 64 appearances (0.00530%); Unihan kRSUnicode 109.4; Kangxi radical 109 目; Unihan kRSUnicode single radical assignment.	[]	"[""chinese"",""traditional"",""radicals"",""frequency"",""character-to-radical"",""one-way"",""part-10""]"
zh-traditional-radicals-frequency-x/1803/character-to-radical	X	vocabulary	1803	zh-Hant	zh-Hant	茂	"[""艸""]"	[]		"[""zh-Hant.frequency.1807"",""zh.radical.kangxi.140""]"	[]	[]	sources/characters.tsv	frequency-order position 1803; corpus frequency rank 1807; Ministry common-character number 3451	茂: frequency-order position 1803; corpus frequency rank 1807; 64 appearances (0.00530%); Unihan kRSUnicode 140.5; Kangxi radical 140 艸; Unihan kRSUnicode single radical assignment.	[]	"[""chinese"",""traditional"",""radicals"",""frequency"",""character-to-radical"",""one-way"",""part-10""]"
zh-traditional-radicals-frequency-x/1804/character-to-radical	X	vocabulary	1804	zh-Hant	zh-Hant	恢	"[""心""]"	[]		"[""zh-Hant.frequency.1808"",""zh.radical.kangxi.061""]"	[]	[]	sources/characters.tsv	frequency-order position 1804; corpus frequency rank 1808; Ministry common-character number 1338	恢: frequency-order position 1804; corpus frequency rank 1808; 64 appearances (0.00530%); Unihan kRSUnicode 61.6; Kangxi radical 61 心; Unihan kRSUnicode single radical assignment.	[]	"[""chinese"",""traditional"",""radicals"",""frequency"",""character-to-radical"",""one-way"",""part-10""]"
zh-traditional-radicals-frequency-x/1805/character-to-radical	X	vocabulary	1805	zh-Hant	zh-Hant	狸	"[""犬""]"	[]		"[""zh-Hant.frequency.1809"",""zh.radical.kangxi.094""]"	[]	[]	sources/characters.tsv	frequency-order position 1805; corpus frequency rank 1809; Ministry common-character number 2522	狸: frequency-order position 1805; corpus frequency rank 1809; 64 appearances (0.00530%); Unihan kRSUnicode 94.7; Kangxi radical 94 犬; Unihan kRSUnicode single radical assignment.	[]	"[""chinese"",""traditional"",""radicals"",""frequency"",""character-to-radical"",""one-way"",""part-10""]"
zh-traditional-radicals-frequency-x/1806/character-to-radical	X	vocabulary	1806	zh-Hant	zh-Hant	凍	"[""冫""]"	[]		"[""zh-Hant.frequency.1810"",""zh.radical.kangxi.015""]"	[]	[]	sources/characters.tsv	frequency-order position 1806; corpus frequency rank 1810; Ministry common-character number 313	凍: frequency-order position 1806; corpus frequency rank 1810; 64 appearances (0.00530%); Unihan kRSUnicode 15.8; Kangxi radical 15 冫; Unihan kRSUnicode single radical assignment.	[]	"[""chinese"",""traditional"",""radicals"",""frequency"",""character-to-radical"",""one-way"",""part-10""]"
zh-traditional-radicals-frequency-x/1807/character-to-radical	X	vocabulary	1807	zh-Hant	zh-Hant	純	"[""糸""]"	[]		"[""zh-Hant.frequency.1811"",""zh.radical.kangxi.120""]"	[]	[]	sources/characters.tsv	frequency-order position 1807; corpus frequency rank 1811; Ministry common-character number 3094	純: frequency-order position 1807; corpus frequency rank 1811; 64 appearances (0.00530%); Unihan kRSUnicode 120.4; Kangxi radical 120 糸; Unihan kRSUnicode single radical assignment.	[]	"[""chinese"",""traditional"",""radicals"",""frequency"",""character-to-radical"",""one-way"",""part-10""]"
zh-traditional-radicals-frequency-x/1808/character-to-radical	X	vocabulary	1808	zh-Hant	zh-Hant	疾	"[""疒""]"	[]		"[""zh-Hant.frequency.1812"",""zh.radical.kangxi.104""]"	[]	[]	sources/characters.tsv	frequency-order position 1808; corpus frequency rank 1812; Ministry common-character number 2666	疾: frequency-order position 1808; corpus frequency rank 1812; 64 appearances (0.00530%); Unihan kRSUnicode 104.5; Kangxi radical 104 疒; Unihan kRSUnicode single radical assignment.	[]	"[""chinese"",""traditional"",""radicals"",""frequency"",""character-to-radical"",""one-way"",""part-10""]"
zh-traditional-radicals-frequency-x/1809/character-to-radical	X	vocabulary	1809	zh-Hant	zh-Hant	瓷	"[""瓦""]"	[]		"[""zh-Hant.frequency.1813"",""zh.radical.kangxi.098""]"	[]	[]	sources/characters.tsv	frequency-order position 1809; corpus frequency rank 1813; Ministry common-character number 2616	瓷: frequency-order position 1809; corpus frequency rank 1813; 64 appearances (0.00530%); Unihan kRSUnicode 98.6; Kangxi radical 98 瓦; Unihan kRSUnicode single radical assignment.	[]	"[""chinese"",""traditional"",""radicals"",""frequency"",""character-to-radical"",""one-way"",""part-10""]"
zh-traditional-radicals-frequency-x/1810/character-to-radical	X	vocabulary	1810	zh-Hant	zh-Hant	稚	"[""禾""]"	[]		"[""zh-Hant.frequency.1814"",""zh.radical.kangxi.115""]"	[]	[]	sources/characters.tsv	frequency-order position 1810; corpus frequency rank 1814; Ministry common-character number 2932	稚: frequency-order position 1810; corpus frequency rank 1814; 64 appearances (0.00530%); Unihan kRSUnicode 115.8; Kangxi radical 115 禾; Unihan kRSUnicode single radical assignment.	[]	"[""chinese"",""traditional"",""radicals"",""frequency"",""character-to-radical"",""one-way"",""part-10""]"
zh-traditional-radicals-frequency-x/1811/character-to-radical	X	vocabulary	1811	zh-Hant	zh-Hant	蒼	"[""艸""]"	[]		"[""zh-Hant.frequency.1815"",""zh.radical.kangxi.140""]"	[]	[]	sources/characters.tsv	frequency-order position 1811; corpus frequency rank 1815; Ministry common-character number 3546	蒼: frequency-order position 1811; corpus frequency rank 1815; 64 appearances (0.00530%); Unihan kRSUnicode 140.10; Kangxi radical 140 艸; Unihan kRSUnicode single radical assignment.	[]	"[""chinese"",""traditional"",""radicals"",""frequency"",""character-to-radical"",""one-way"",""part-10""]"
zh-traditional-radicals-frequency-x/1812/character-to-radical	X	vocabulary	1812	zh-Hant	zh-Hant	韓	"[""韋""]"	[]		"[""zh-Hant.frequency.1816"",""zh.radical.kangxi.178""]"	[]	[]	sources/characters.tsv	frequency-order position 1812; corpus frequency rank 1816; Ministry common-character number 4527	韓: frequency-order position 1812; corpus frequency rank 1816; 64 appearances (0.00530%); Unihan kRSUnicode 178.8; Kangxi radical 178 韋; Unihan kRSUnicode single radical assignment.	[]	"[""chinese"",""traditional"",""radicals"",""frequency"",""character-to-radical"",""one-way"",""part-10""]"
zh-traditional-radicals-frequency-x/1813/character-to-radical	X	vocabulary	1813	zh-Hant	zh-Hant	頻	"[""頁""]"	[]		"[""zh-Hant.frequency.1817"",""zh.radical.kangxi.181""]"	[]	[]	sources/characters.tsv	frequency-order position 1813; corpus frequency rank 1817; Ministry common-character number 4553	頻: frequency-order position 1813; corpus frequency rank 1817; 64 appearances (0.00530%); Unihan kRSUnicode 181.7; Kangxi radical 181 頁; Unihan kRSUnicode single radical assignment.	[]	"[""chinese"",""traditional"",""radicals"",""frequency"",""character-to-radical"",""one-way"",""part-10""]"
zh-traditional-radicals-frequency-x/1814/character-to-radical	X	vocabulary	1814	zh-Hant	zh-Hant	屁	"[""尸""]"	[]		"[""zh-Hant.frequency.1818"",""zh.radical.kangxi.044""]"	[]	[]	sources/characters.tsv	frequency-order position 1814; corpus frequency rank 1818; Ministry common-character number 1080	屁: frequency-order position 1814; corpus frequency rank 1818; 63 appearances (0.00521%); Unihan kRSUnicode 44.4; Kangxi radical 44 尸; Unihan kRSUnicode single radical assignment.	[]	"[""chinese"",""traditional"",""radicals"",""frequency"",""character-to-radical"",""one-way"",""part-10""]"
zh-traditional-radicals-frequency-x/1815/character-to-radical	X	vocabulary	1815	zh-Hant	zh-Hant	坦	"[""土""]"	[]		"[""zh-Hant.frequency.1819"",""zh.radical.kangxi.032""]"	[]	[]	sources/characters.tsv	frequency-order position 1815; corpus frequency rank 1819; Ministry common-character number 761	坦: frequency-order position 1815; corpus frequency rank 1819; 63 appearances (0.00521%); Unihan kRSUnicode 32.5; Kangxi radical 32 土; Unihan kRSUnicode single radical assignment.	[]	"[""chinese"",""traditional"",""radicals"",""frequency"",""character-to-radical"",""one-way"",""part-10""]"
zh-traditional-radicals-frequency-x/1816/character-to-radical	X	vocabulary	1816	zh-Hant	zh-Hant	疼	"[""疒""]"	[]		"[""zh-Hant.frequency.1820"",""zh.radical.kangxi.104""]"	[]	[]	sources/characters.tsv	frequency-order position 1816; corpus frequency rank 1820; Ministry common-character number 2672	疼: frequency-order position 1816; corpus frequency rank 1820; 63 appearances (0.00521%); Unihan kRSUnicode 104.5; Kangxi radical 104 疒; Unihan kRSUnicode single radical assignment.	[]	"[""chinese"",""traditional"",""radicals"",""frequency"",""character-to-radical"",""one-way"",""part-10""]"
zh-traditional-radicals-frequency-x/1817/character-to-radical	X	vocabulary	1817	zh-Hant	zh-Hant	脖	"[""肉""]"	[]		"[""zh-Hant.frequency.1821"",""zh.radical.kangxi.130""]"	[]	[]	sources/characters.tsv	frequency-order position 1817; corpus frequency rank 1821; Ministry common-character number 3332	脖: frequency-order position 1817; corpus frequency rank 1821; 63 appearances (0.00521%); Unihan kRSUnicode 130.7; Kangxi radical 130 肉; Unihan kRSUnicode single radical assignment.	[]	"[""chinese"",""traditional"",""radicals"",""frequency"",""character-to-radical"",""one-way"",""part-10""]"
zh-traditional-radicals-frequency-x/1818/character-to-radical	X	vocabulary	1818	zh-Hant	zh-Hant	笛	"[""竹""]"	[]		"[""zh-Hant.frequency.1822"",""zh.radical.kangxi.118""]"	[]	[]	sources/characters.tsv	frequency-order position 1818; corpus frequency rank 1822; Ministry common-character number 2992	笛: frequency-order position 1818; corpus frequency rank 1822; 63 appearances (0.00521%); Unihan kRSUnicode 118.5; Kangxi radical 118 竹; Unihan kRSUnicode single radical assignment.	[]	"[""chinese"",""traditional"",""radicals"",""frequency"",""character-to-radical"",""one-way"",""part-10""]"
zh-traditional-radicals-frequency-x/1819/character-to-radical	X	vocabulary	1819	zh-Hant	zh-Hant	蝕	"[""虫""]"	[]		"[""zh-Hant.frequency.1823"",""zh.radical.kangxi.142""]"	[]	[]	sources/characters.tsv	frequency-order position 1819; corpus frequency rank 1823; Ministry common-character number 3655	蝕: frequency-order position 1819; corpus frequency rank 1823; 63 appearances (0.00521%); Unihan kRSUnicode 142.9; Kangxi radical 142 虫; Unihan kRSUnicode single radical assignment.	[]	"[""chinese"",""traditional"",""radicals"",""frequency"",""character-to-radical"",""one-way"",""part-10""]"
zh-traditional-radicals-frequency-x/1820/character-to-radical	X	vocabulary	1820	zh-Hant	zh-Hant	穀	"[""禾""]"	[]		"[""zh-Hant.frequency.1824"",""zh.radical.kangxi.115""]"	[]	[]	sources/characters.tsv	frequency-order position 1820; corpus frequency rank 1824; Ministry common-character number 2940	穀: frequency-order position 1820; corpus frequency rank 1824; 63 appearances (0.00521%); Unihan kRSUnicode 115.10; Kangxi radical 115 禾; Unihan kRSUnicode single radical assignment.	[]	"[""chinese"",""traditional"",""radicals"",""frequency"",""character-to-radical"",""one-way"",""part-10""]"
zh-traditional-radicals-frequency-x/1821/character-to-radical	X	vocabulary	1821	zh-Hant	zh-Hant	凝	"[""冫""]"	[]		"[""zh-Hant.frequency.1825"",""zh.radical.kangxi.015""]"	[]	[]	sources/characters.tsv	frequency-order position 1821; corpus frequency rank 1825; Ministry common-character number 318	凝: frequency-order position 1821; corpus frequency rank 1825; 63 appearances (0.00521%); Unihan kRSUnicode 15.14; Kangxi radical 15 冫; Unihan kRSUnicode single radical assignment.	[]	"[""chinese"",""traditional"",""radicals"",""frequency"",""character-to-radical"",""one-way"",""part-10""]"
zh-traditional-radicals-frequency-x/1822/character-to-radical	X	vocabulary	1822	zh-Hant	zh-Hant	澆	"[""水""]"	[]		"[""zh-Hant.frequency.1826"",""zh.radical.kangxi.085""]"	[]	[]	sources/characters.tsv	frequency-order position 1822; corpus frequency rank 1826; Ministry common-character number 2331	澆: frequency-order position 1822; corpus frequency rank 1826; 63 appearances (0.00521%); Unihan kRSUnicode 85.12; Kangxi radical 85 水; Unihan kRSUnicode single radical assignment.	[]	"[""chinese"",""traditional"",""radicals"",""frequency"",""character-to-radical"",""one-way"",""part-10""]"
zh-traditional-radicals-frequency-x/1823/character-to-radical	X	vocabulary	1823	zh-Hant	zh-Hant	蝴	"[""虫""]"	[]		"[""zh-Hant.frequency.1827"",""zh.radical.kangxi.142""]"	[]	[]	sources/characters.tsv	frequency-order position 1823; corpus frequency rank 1827; Ministry common-character number 3657	蝴: frequency-order position 1823; corpus frequency rank 1827; 63 appearances (0.00521%); Unihan kRSUnicode 142.9; Kangxi radical 142 虫; Unihan kRSUnicode single radical assignment.	[]	"[""chinese"",""traditional"",""radicals"",""frequency"",""character-to-radical"",""one-way"",""part-10""]"
zh-traditional-radicals-frequency-x/1824/character-to-radical	X	vocabulary	1824	zh-Hant	zh-Hant	錦	"[""金""]"	[]		"[""zh-Hant.frequency.1828"",""zh.radical.kangxi.167""]"	[]	[]	sources/characters.tsv	frequency-order position 1824; corpus frequency rank 1828; Ministry common-character number 4317	錦: frequency-order position 1824; corpus frequency rank 1828; 63 appearances (0.00521%); Unihan kRSUnicode 167.8; Kangxi radical 167 金; Unihan kRSUnicode single radical assignment.	[]	"[""chinese"",""traditional"",""radicals"",""frequency"",""character-to-radical"",""one-way"",""part-10""]"
zh-traditional-radicals-frequency-x/1825/character-to-radical	X	vocabulary	1825	zh-Hant	zh-Hant	藤	"[""艸""]"	[]		"[""zh-Hant.frequency.1829"",""zh.radical.kangxi.140""]"	[]	[]	sources/characters.tsv	frequency-order position 1825; corpus frequency rank 1829; Ministry common-character number 3589	藤: frequency-order position 1825; corpus frequency rank 1829; 63 appearances (0.00521%); Unihan kRSUnicode 140.15; Kangxi radical 140 艸; Unihan kRSUnicode single radical assignment.	[]	"[""chinese"",""traditional"",""radicals"",""frequency"",""character-to-radical"",""one-way"",""part-10""]"
zh-traditional-radicals-frequency-x/1826/character-to-radical	X	vocabulary	1826	zh-Hant	zh-Hant	旦	"[""日""]"	[]		"[""zh-Hant.frequency.1830"",""zh.radical.kangxi.072""]"	[]	[]	sources/characters.tsv	frequency-order position 1826; corpus frequency rank 1830; Ministry common-character number 1772	旦: frequency-order position 1826; corpus frequency rank 1830; 62 appearances (0.00513%); Unihan kRSUnicode 72.1; Kangxi radical 72 日; Unihan kRSUnicode single radical assignment.	[]	"[""chinese"",""traditional"",""radicals"",""frequency"",""character-to-radical"",""one-way"",""part-10""]"
zh-traditional-radicals-frequency-x/1827/character-to-radical	X	vocabulary	1827	zh-Hant	zh-Hant	峰	"[""山""]"	[]		"[""zh-Hant.frequency.1831"",""zh.radical.kangxi.046""]"	[]	[]	sources/characters.tsv	frequency-order position 1827; corpus frequency rank 1831; Ministry common-character number 1119	峰: frequency-order position 1827; corpus frequency rank 1831; 62 appearances (0.00513%); Unihan kRSUnicode 46.7; Kangxi radical 46 山; Unihan kRSUnicode single radical assignment.	[]	"[""chinese"",""traditional"",""radicals"",""frequency"",""character-to-radical"",""one-way"",""part-10""]"
zh-traditional-radicals-frequency-x/1828/character-to-radical	X	vocabulary	1828	zh-Hant	zh-Hant	悅	"[""心""]"	[]		"[""zh-Hant.frequency.1832"",""zh.radical.kangxi.061""]"	[]	[]	sources/characters.tsv	frequency-order position 1828; corpus frequency rank 1832; Ministry common-character number 1359	悅: frequency-order position 1828; corpus frequency rank 1832; 62 appearances (0.00513%); Unihan kRSUnicode 61.7; Kangxi radical 61 心; Unihan kRSUnicode single radical assignment.	[]	"[""chinese"",""traditional"",""radicals"",""frequency"",""character-to-radical"",""one-way"",""part-10""]"
zh-traditional-radicals-frequency-x/1829/character-to-radical	X	vocabulary	1829	zh-Hant	zh-Hant	陷	"[""阜""]"	[]		"[""zh-Hant.frequency.1833"",""zh.radical.kangxi.170""]"	[]	[]	sources/characters.tsv	frequency-order position 1829; corpus frequency rank 1833; Ministry common-character number 4428	陷: frequency-order position 1829; corpus frequency rank 1833; 62 appearances (0.00513%); Unihan kRSUnicode 170.8; Kangxi radical 170 阜; Unihan kRSUnicode single radical assignment.	[]	"[""chinese"",""traditional"",""radicals"",""frequency"",""character-to-radical"",""one-way"",""part-10""]"
zh-traditional-radicals-frequency-x/1830/character-to-radical	X	vocabulary	1830	zh-Hant	zh-Hant	梨	"[""木""]"	[]		"[""zh-Hant.frequency.1834"",""zh.radical.kangxi.075""]"	[]	[]	sources/characters.tsv	frequency-order position 1830; corpus frequency rank 1834; Ministry common-character number 1950	梨: frequency-order position 1830; corpus frequency rank 1834; 62 appearances (0.00513%); Unihan kRSUnicode 75.7; Kangxi radical 75 木; Unihan kRSUnicode single radical assignment.	[]	"[""chinese"",""traditional"",""radicals"",""frequency"",""character-to-radical"",""one-way"",""part-10""]"
zh-traditional-radicals-frequency-x/1831/character-to-radical	X	vocabulary	1831	zh-Hant	zh-Hant	瑟	"[""玉""]"	[]		"[""zh-Hant.frequency.1835"",""zh.radical.kangxi.096""]"	[]	[]	sources/characters.tsv	frequency-order position 1831; corpus frequency rank 1835; Ministry common-character number 2587	瑟: frequency-order position 1831; corpus frequency rank 1835; 62 appearances (0.00513%); Unihan kRSUnicode 96.9; Kangxi radical 96 玉; Unihan kRSUnicode single radical assignment.	[]	"[""chinese"",""traditional"",""radicals"",""frequency"",""character-to-radical"",""one-way"",""part-10""]"
zh-traditional-radicals-frequency-x/1832/character-to-radical	X	vocabulary	1832	zh-Hant	zh-Hant	厭	"[""厂""]"	[]		"[""zh-Hant.frequency.1836"",""zh.radical.kangxi.027""]"	[]	[]	sources/characters.tsv	frequency-order position 1832; corpus frequency rank 1836; Ministry common-character number 464	厭: frequency-order position 1832; corpus frequency rank 1836; 62 appearances (0.00513%); Unihan kRSUnicode 27.12; Kangxi radical 27 厂; Unihan kRSUnicode single radical assignment.	[]	"[""chinese"",""traditional"",""radicals"",""frequency"",""character-to-radical"",""one-way"",""part-10""]"
zh-traditional-radicals-frequency-x/1833/character-to-radical	X	vocabulary	1833	zh-Hant	zh-Hant	腐	"[""肉""]"	[]		"[""zh-Hant.frequency.1837"",""zh.radical.kangxi.130""]"	[]	[]	sources/characters.tsv	frequency-order position 1833; corpus frequency rank 1837; Ministry common-character number 3344	腐: frequency-order position 1833; corpus frequency rank 1837; 62 appearances (0.00513%); Unihan kRSUnicode 130.8; Kangxi radical 130 肉; Unihan kRSUnicode single radical assignment.	[]	"[""chinese"",""traditional"",""radicals"",""frequency"",""character-to-radical"",""one-way"",""part-10""]"
zh-traditional-radicals-frequency-x/1834/character-to-radical	X	vocabulary	1834	zh-Hant	zh-Hant	撥	"[""手""]"	[]		"[""zh-Hant.frequency.1838"",""zh.radical.kangxi.064""]"	[]	[]	sources/characters.tsv	frequency-order position 1834; corpus frequency rank 1838; Ministry common-character number 1666	撥: frequency-order position 1834; corpus frequency rank 1838; 62 appearances (0.00513%); Unihan kRSUnicode 64.12; Kangxi radical 64 手; Unihan kRSUnicode single radical assignment.	[]	"[""chinese"",""traditional"",""radicals"",""frequency"",""character-to-radical"",""one-way"",""part-10""]"
zh-traditional-radicals-frequency-x/1835/character-to-radical	X	vocabulary	1835	zh-Hant	zh-Hant	慕	"[""心""]"	[]		"[""zh-Hant.frequency.1839"",""zh.radical.kangxi.061""]"	[]	[]	sources/characters.tsv	frequency-order position 1835; corpus frequency rank 1839; Ministry common-character number 1428	慕: frequency-order position 1835; corpus frequency rank 1839; 62 appearances (0.00513%); Unihan kRSUnicode 61.11; Kangxi radical 61 心; Unihan kRSUnicode single radical assignment.	[]	"[""chinese"",""traditional"",""radicals"",""frequency"",""character-to-radical"",""one-way"",""part-10""]"
zh-traditional-radicals-frequency-x/1836/character-to-radical	X	vocabulary	1836	zh-Hant	zh-Hant	療	"[""疒""]"	[]		"[""zh-Hant.frequency.1840"",""zh.radical.kangxi.104""]"	[]	[]	sources/characters.tsv	frequency-order position 1836; corpus frequency rank 1840; Ministry common-character number 2706	療: frequency-order position 1836; corpus frequency rank 1840; 62 appearances (0.00513%); Unihan kRSUnicode 104.12; Kangxi radical 104 疒; Unihan kRSUnicode single radical assignment.	[]	"[""chinese"",""traditional"",""radicals"",""frequency"",""character-to-radical"",""one-way"",""part-10""]"
zh-traditional-radicals-frequency-x/1837/character-to-radical	X	vocabulary	1837	zh-Hant	zh-Hant	遵	"[""辵""]"	[]		"[""zh-Hant.frequency.1841"",""zh.radical.kangxi.162""]"	[]	[]	sources/characters.tsv	frequency-order position 1837; corpus frequency rank 1841; Ministry common-character number 4183	遵: frequency-order position 1837; corpus frequency rank 1841; 62 appearances (0.00513%); Unihan kRSUnicode 162.12; Kangxi radical 162 辵; Unihan kRSUnicode single radical assignment.	[]	"[""chinese"",""traditional"",""radicals"",""frequency"",""character-to-radical"",""one-way"",""part-10""]"
zh-traditional-radicals-frequency-x/1838/character-to-radical	X	vocabulary	1838	zh-Hant	zh-Hant	膽	"[""肉""]"	[]		"[""zh-Hant.frequency.1842"",""zh.radical.kangxi.130""]"	[]	[]	sources/characters.tsv	frequency-order position 1838; corpus frequency rank 1842; Ministry common-character number 3374	膽: frequency-order position 1838; corpus frequency rank 1842; 62 appearances (0.00513%); Unihan kRSUnicode 130.13; Kangxi radical 130 肉; Unihan kRSUnicode single radical assignment.	[]	"[""chinese"",""traditional"",""radicals"",""frequency"",""character-to-radical"",""one-way"",""part-10""]"
zh-traditional-radicals-frequency-x/1839/character-to-radical	X	vocabulary	1839	zh-Hant	zh-Hant	串	"[""丨""]"	[]		"[""zh-Hant.frequency.1843"",""zh.radical.kangxi.002""]"	[]	[]	sources/characters.tsv	frequency-order position 1839; corpus frequency rank 1843; Ministry common-character number 21	串: frequency-order position 1839; corpus frequency rank 1843; 61 appearances (0.00505%); Unihan kRSUnicode 2.6; Kangxi radical 2 丨; Unihan kRSUnicode single radical assignment.	[]	"[""chinese"",""traditional"",""radicals"",""frequency"",""character-to-radical"",""one-way"",""part-10""]"
zh-traditional-radicals-frequency-x/1840/character-to-radical	X	vocabulary	1840	zh-Hant	zh-Hant	拇	"[""手""]"	[]		"[""zh-Hant.frequency.1844"",""zh.radical.kangxi.064""]"	[]	[]	sources/characters.tsv	frequency-order position 1840; corpus frequency rank 1844; Ministry common-character number 1542	拇: frequency-order position 1840; corpus frequency rank 1844; 61 appearances (0.00505%); Unihan kRSUnicode 64.5; Kangxi radical 64 手; Unihan kRSUnicode single radical assignment.	[]	"[""chinese"",""traditional"",""radicals"",""frequency"",""character-to-radical"",""one-way"",""part-10""]"
zh-traditional-radicals-frequency-x/1841/character-to-radical	X	vocabulary	1841	zh-Hant	zh-Hant	泊	"[""水""]"	[]		"[""zh-Hant.frequency.1845"",""zh.radical.kangxi.085""]"	[]	[]	sources/characters.tsv	frequency-order position 1841; corpus frequency rank 1845; Ministry common-character number 2182	泊: frequency-order position 1841; corpus frequency rank 1845; 61 appearances (0.00505%); Unihan kRSUnicode 85.5; Kangxi radical 85 水; Unihan kRSUnicode single radical assignment.	[]	"[""chinese"",""traditional"",""radicals"",""frequency"",""character-to-radical"",""one-way"",""part-10""]"
zh-traditional-radicals-frequency-x/1842/character-to-radical	X	vocabulary	1842	zh-Hant	zh-Hant	捐	"[""手""]"	[]		"[""zh-Hant.frequency.1846"",""zh.radical.kangxi.064""]"	[]	[]	sources/characters.tsv	frequency-order position 1842; corpus frequency rank 1846; Ministry common-character number 1581	捐: frequency-order position 1842; corpus frequency rank 1846; 61 appearances (0.00505%); Unihan kRSUnicode 64.7; Kangxi radical 64 手; Unihan kRSUnicode single radical assignment.	[]	"[""chinese"",""traditional"",""radicals"",""frequency"",""character-to-radical"",""one-way"",""part-10""]"
zh-traditional-radicals-frequency-x/1843/character-to-radical	X	vocabulary	1843	zh-Hant	zh-Hant	娜	"[""女""]"	[]		"[""zh-Hant.frequency.1847"",""zh.radical.kangxi.038""]"	[]	[]	sources/characters.tsv	frequency-order position 1843; corpus frequency rank 1847; Ministry common-character number 928	娜: frequency-order position 1843; corpus frequency rank 1847; 61 appearances (0.00505%); Unihan kRSUnicode 38.7; Kangxi radical 38 女; Unihan kRSUnicode single radical assignment.	[]	"[""chinese"",""traditional"",""radicals"",""frequency"",""character-to-radical"",""one-way"",""part-10""]"
zh-traditional-radicals-frequency-x/1844/character-to-radical	X	vocabulary	1844	zh-Hant	zh-Hant	械	"[""木""]"	[]		"[""zh-Hant.frequency.1848"",""zh.radical.kangxi.075""]"	[]	[]	sources/characters.tsv	frequency-order position 1844; corpus frequency rank 1848; Ministry common-character number 1942	械: frequency-order position 1844; corpus frequency rank 1848; 61 appearances (0.00505%); Unihan kRSUnicode 75.7; Kangxi radical 75 木; Unihan kRSUnicode single radical assignment.	[]	"[""chinese"",""traditional"",""radicals"",""frequency"",""character-to-radical"",""one-way"",""part-10""]"
zh-traditional-radicals-frequency-x/1845/character-to-radical	X	vocabulary	1845	zh-Hant	zh-Hant	棚	"[""木""]"	[]		"[""zh-Hant.frequency.1849"",""zh.radical.kangxi.075""]"	[]	[]	sources/characters.tsv	frequency-order position 1845; corpus frequency rank 1849; Ministry common-character number 1972	棚: frequency-order position 1845; corpus frequency rank 1849; 61 appearances (0.00505%); Unihan kRSUnicode 75.8; Kangxi radical 75 木; Unihan kRSUnicode single radical assignment.	[]	"[""chinese"",""traditional"",""radicals"",""frequency"",""character-to-radical"",""one-way"",""part-10""]"
zh-traditional-radicals-frequency-x/1846/character-to-radical	X	vocabulary	1846	zh-Hant	zh-Hant	碗	"[""石""]"	[]		"[""zh-Hant.frequency.1850"",""zh.radical.kangxi.112""]"	[]	[]	sources/characters.tsv	frequency-order position 1846; corpus frequency rank 1850; Ministry common-character number 2844	碗: frequency-order position 1846; corpus frequency rank 1850; 61 appearances (0.00505%); Unihan kRSUnicode 112.8; Kangxi radical 112 石; Unihan kRSUnicode single radical assignment.	[]	"[""chinese"",""traditional"",""radicals"",""frequency"",""character-to-radical"",""one-way"",""part-10""]"
zh-traditional-radicals-frequency-x/1847/character-to-radical	X	vocabulary	1847	zh-Hant	zh-Hant	駛	"[""馬""]"	[]		"[""zh-Hant.frequency.1851"",""zh.radical.kangxi.187""]"	[]	[]	sources/characters.tsv	frequency-order position 1847; corpus frequency rank 1851; Ministry common-character number 4629	駛: frequency-order position 1847; corpus frequency rank 1851; 61 appearances (0.00505%); Unihan kRSUnicode 187.5; Kangxi radical 187 馬; Unihan kRSUnicode single radical assignment.	[]	"[""chinese"",""traditional"",""radicals"",""frequency"",""character-to-radical"",""one-way"",""part-10""]"
zh-traditional-radicals-frequency-x/1848/character-to-radical	X	vocabulary	1848	zh-Hant	zh-Hant	螞	"[""虫""]"	[]		"[""zh-Hant.frequency.1852"",""zh.radical.kangxi.142""]"	[]	[]	sources/characters.tsv	frequency-order position 1848; corpus frequency rank 1852; Ministry common-character number 3668	螞: frequency-order position 1848; corpus frequency rank 1852; 61 appearances (0.00505%); Unihan kRSUnicode 142.10; Kangxi radical 142 虫; Unihan kRSUnicode single radical assignment.	[]	"[""chinese"",""traditional"",""radicals"",""frequency"",""character-to-radical"",""one-way"",""part-10""]"
zh-traditional-radicals-frequency-x/1849/character-to-radical	X	vocabulary	1849	zh-Hant	zh-Hant	礎	"[""石""]"	[]		"[""zh-Hant.frequency.1853"",""zh.radical.kangxi.112""]"	[]	[]	sources/characters.tsv	frequency-order position 1849; corpus frequency rank 1853; Ministry common-character number 2871	礎: frequency-order position 1849; corpus frequency rank 1853; 61 appearances (0.00505%); Unihan kRSUnicode 112.13; Kangxi radical 112 石; Unihan kRSUnicode single radical assignment.	[]	"[""chinese"",""traditional"",""radicals"",""frequency"",""character-to-radical"",""one-way"",""part-10""]"
zh-traditional-radicals-frequency-x/1850/character-to-radical	X	vocabulary	1850	zh-Hant	zh-Hant	籍	"[""竹""]"	[]		"[""zh-Hant.frequency.1854"",""zh.radical.kangxi.118""]"	[]	[]	sources/characters.tsv	frequency-order position 1850; corpus frequency rank 1854; Ministry common-character number 3048	籍: frequency-order position 1850; corpus frequency rank 1854; 61 appearances (0.00505%); Unihan kRSUnicode 118.14; Kangxi radical 118 竹; Unihan kRSUnicode single radical assignment.	[]	"[""chinese"",""traditional"",""radicals"",""frequency"",""character-to-radical"",""one-way"",""part-10""]"
zh-traditional-radicals-frequency-x/1851/character-to-radical	X	vocabulary	1851	zh-Hant	zh-Hant	鬍	"[""髟""]"	[]		"[""zh-Hant.frequency.1855"",""zh.radical.kangxi.190""]"	[]	[]	sources/characters.tsv	frequency-order position 1851; corpus frequency rank 1855; Ministry common-character number 4675	鬍: frequency-order position 1851; corpus frequency rank 1855; 61 appearances (0.00505%); Unihan kRSUnicode 190.9; Kangxi radical 190 髟; Unihan kRSUnicode single radical assignment.	[]	"[""chinese"",""traditional"",""radicals"",""frequency"",""character-to-radical"",""one-way"",""part-10""]"
zh-traditional-radicals-frequency-x/1852/character-to-radical	X	vocabulary	1852	zh-Hant	zh-Hant	申	"[""田""]"	[]		"[""zh-Hant.frequency.1856"",""zh.radical.kangxi.102""]"	[]	[]	sources/characters.tsv	frequency-order position 1852; corpus frequency rank 1856; Ministry common-character number 2635	申: frequency-order position 1852; corpus frequency rank 1856; 60 appearances (0.00497%); Unihan kRSUnicode 102.0; Kangxi radical 102 田; Unihan kRSUnicode single radical assignment.	[]	"[""chinese"",""traditional"",""radicals"",""frequency"",""character-to-radical"",""one-way"",""part-10""]"
zh-traditional-radicals-frequency-x/1853/character-to-radical	X	vocabulary	1853	zh-Hant	zh-Hant	屈	"[""尸""]"	[]		"[""zh-Hant.frequency.1857"",""zh.radical.kangxi.044""]"	[]	[]	sources/characters.tsv	frequency-order position 1853; corpus frequency rank 1857; Ministry common-character number 1083	屈: frequency-order position 1853; corpus frequency rank 1857; 60 appearances (0.00497%); Unihan kRSUnicode 44.5; Kangxi radical 44 尸; Unihan kRSUnicode single radical assignment.	[]	"[""chinese"",""traditional"",""radicals"",""frequency"",""character-to-radical"",""one-way"",""part-10""]"
zh-traditional-radicals-frequency-x/1854/character-to-radical	X	vocabulary	1854	zh-Hant	zh-Hant	廷	"[""廴""]"	[]		"[""zh-Hant.frequency.1858"",""zh.radical.kangxi.054""]"	[]	[]	sources/characters.tsv	frequency-order position 1854; corpus frequency rank 1858; Ministry common-character number 1235	廷: frequency-order position 1854; corpus frequency rank 1858; 60 appearances (0.00497%); Unihan kRSUnicode 54.4; Kangxi radical 54 廴; Unihan kRSUnicode single radical assignment.	[]	"[""chinese"",""traditional"",""radicals"",""frequency"",""character-to-radical"",""one-way"",""part-10""]"
zh-traditional-radicals-frequency-x/1855/character-to-radical	X	vocabulary	1855	zh-Hant	zh-Hant	岳	"[""山""]"	[]		"[""zh-Hant.frequency.1859"",""zh.radical.kangxi.046""]"	[]	[]	sources/characters.tsv	frequency-order position 1855; corpus frequency rank 1859; Ministry common-character number 1112	岳: frequency-order position 1855; corpus frequency rank 1859; 60 appearances (0.00497%); Unihan kRSUnicode 46.5; Kangxi radical 46 山; Unihan kRSUnicode single radical assignment.	[]	"[""chinese"",""traditional"",""radicals"",""frequency"",""character-to-radical"",""one-way"",""part-10""]"
zh-traditional-radicals-frequency-x/1856/character-to-radical	X	vocabulary	1856	zh-Hant	zh-Hant	盆	"[""皿""]"	[]		"[""zh-Hant.frequency.1860"",""zh.radical.kangxi.108""]"	[]	[]	sources/characters.tsv	frequency-order position 1856; corpus frequency rank 1860; Ministry common-character number 2739	盆: frequency-order position 1856; corpus frequency rank 1860; 60 appearances (0.00497%); Unihan kRSUnicode 108.4; Kangxi radical 108 皿; Unihan kRSUnicode single radical assignment.	[]	"[""chinese"",""traditional"",""radicals"",""frequency"",""character-to-radical"",""one-way"",""part-10""]"
zh-traditional-radicals-frequency-x/1857/character-to-radical	X	vocabulary	1857	zh-Hant	zh-Hant	羿	"[""羽""]"	[]		"[""zh-Hant.frequency.1861"",""zh.radical.kangxi.124""]"	[]	[]	sources/characters.tsv	frequency-order position 1857; corpus frequency rank 1861; Ministry common-character number 3232	羿: frequency-order position 1857; corpus frequency rank 1861; 60 appearances (0.00497%); Unihan kRSUnicode 124.3; Kangxi radical 124 羽; Unihan kRSUnicode single radical assignment.	[]	"[""chinese"",""traditional"",""radicals"",""frequency"",""character-to-radical"",""one-way"",""part-10""]"
zh-traditional-radicals-frequency-x/1858/character-to-radical	X	vocabulary	1858	zh-Hant	zh-Hant	桂	"[""木""]"	[]		"[""zh-Hant.frequency.1862"",""zh.radical.kangxi.075""]"	[]	[]	sources/characters.tsv	frequency-order position 1858; corpus frequency rank 1862; Ministry common-character number 1916	桂: frequency-order position 1858; corpus frequency rank 1862; 60 appearances (0.00497%); Unihan kRSUnicode 75.6; Kangxi radical 75 木; Unihan kRSUnicode single radical assignment.	[]	"[""chinese"",""traditional"",""radicals"",""frequency"",""character-to-radical"",""one-way"",""part-10""]"
zh-traditional-radicals-frequency-x/1859/character-to-radical	X	vocabulary	1859	zh-Hant	zh-Hant	割	"[""刀""]"	[]		"[""zh-Hant.frequency.1863"",""zh.radical.kangxi.018""]"	[]	[]	sources/characters.tsv	frequency-order position 1859; corpus frequency rank 1863; Ministry common-character number 366	割: frequency-order position 1859; corpus frequency rank 1863; 60 appearances (0.00497%); Unihan kRSUnicode 18.10; Kangxi radical 18 刀; Unihan kRSUnicode single radical assignment.	[]	"[""chinese"",""traditional"",""radicals"",""frequency"",""character-to-radical"",""one-way"",""part-10""]"
zh-traditional-radicals-frequency-x/1860/character-to-radical	X	vocabulary	1860	zh-Hant	zh-Hant	韻	"[""音""]"	[]		"[""zh-Hant.frequency.1864"",""zh.radical.kangxi.180""]"	[]	[]	sources/characters.tsv	frequency-order position 1860; corpus frequency rank 1864; Ministry common-character number 4534	韻: frequency-order position 1860; corpus frequency rank 1864; 60 appearances (0.00497%); Unihan kRSUnicode 180.10; Kangxi radical 180 音; Unihan kRSUnicode single radical assignment.	[]	"[""chinese"",""traditional"",""radicals"",""frequency"",""character-to-radical"",""one-way"",""part-10""]"
zh-traditional-radicals-frequency-x/1861/character-to-radical	X	vocabulary	1861	zh-Hant	zh-Hant	欲	"[""欠""]"	[]		"[""zh-Hant.frequency.1865"",""zh.radical.kangxi.076""]"	[]	[]	sources/characters.tsv	frequency-order position 1861; corpus frequency rank 1865; Ministry common-character number 2055	欲: frequency-order position 1861; corpus frequency rank 1865; 60 appearances (0.00497%); Unihan kRSUnicode 76.7; Kangxi radical 76 欠; Unihan kRSUnicode single radical assignment.	[]	"[""chinese"",""traditional"",""radicals"",""frequency"",""character-to-radical"",""one-way"",""part-10""]"
zh-traditional-radicals-frequency-x/1862/character-to-radical	X	vocabulary	1862	zh-Hant	zh-Hant	愚	"[""心""]"	[]		"[""zh-Hant.frequency.1866"",""zh.radical.kangxi.061""]"	[]	[]	sources/characters.tsv	frequency-order position 1862; corpus frequency rank 1866; Ministry common-character number 1399	愚: frequency-order position 1862; corpus frequency rank 1866; 60 appearances (0.00497%); Unihan kRSUnicode 61.9; Kangxi radical 61 心; Unihan kRSUnicode single radical assignment.	[]	"[""chinese"",""traditional"",""radicals"",""frequency"",""character-to-radical"",""one-way"",""part-10""]"
zh-traditional-radicals-frequency-x/1863/character-to-radical	X	vocabulary	1863	zh-Hant	zh-Hant	軻	"[""車""]"	[]		"[""zh-Hant.frequency.1867"",""zh.radical.kangxi.159""]"	[]	[]	sources/characters.tsv	frequency-order position 1863; corpus frequency rank 1867; Ministry common-character number 4069	軻: frequency-order position 1863; corpus frequency rank 1867; 60 appearances (0.00497%); Unihan kRSUnicode 159.5; Kangxi radical 159 車; Unihan kRSUnicode single radical assignment.	[]	"[""chinese"",""traditional"",""radicals"",""frequency"",""character-to-radical"",""one-way"",""part-10""]"
zh-traditional-radicals-frequency-x/1864/character-to-radical	X	vocabulary	1864	zh-Hant	zh-Hant	溜	"[""水""]"	[]		"[""zh-Hant.frequency.1868"",""zh.radical.kangxi.085""]"	[]	[]	sources/characters.tsv	frequency-order position 1864; corpus frequency rank 1868; Ministry common-character number 2293	溜: frequency-order position 1864; corpus frequency rank 1868; 60 appearances (0.00497%); Unihan kRSUnicode 85.10; Kangxi radical 85 水; Unihan kRSUnicode single radical assignment.	[]	"[""chinese"",""traditional"",""radicals"",""frequency"",""character-to-radical"",""one-way"",""part-10""]"
zh-traditional-radicals-frequency-x/1865/character-to-radical	X	vocabulary	1865	zh-Hant	zh-Hant	傾	"[""人""]"	[]		"[""zh-Hant.frequency.1869"",""zh.radical.kangxi.009""]"	[]	[]	sources/characters.tsv	frequency-order position 1865; corpus frequency rank 1869; Ministry common-character number 230	傾: frequency-order position 1865; corpus frequency rank 1869; 60 appearances (0.00497%); Unihan kRSUnicode 9.11; Kangxi radical 9 人; Unihan kRSUnicode single radical assignment.	[]	"[""chinese"",""traditional"",""radicals"",""frequency"",""character-to-radical"",""one-way"",""part-10""]"
zh-traditional-radicals-frequency-x/1866/character-to-radical	X	vocabulary	1866	zh-Hant	zh-Hant	琳	"[""玉""]"	[]		"[""zh-Hant.frequency.1870"",""zh.radical.kangxi.096""]"	[]	[]	sources/characters.tsv	frequency-order position 1866; corpus frequency rank 1870; Ministry common-character number 2578	琳: frequency-order position 1866; corpus frequency rank 1870; 60 appearances (0.00497%); Unihan kRSUnicode 96.8; Kangxi radical 96 玉; Unihan kRSUnicode single radical assignment.	[]	"[""chinese"",""traditional"",""radicals"",""frequency"",""character-to-radical"",""one-way"",""part-10""]"
zh-traditional-radicals-frequency-x/1867/character-to-radical	X	vocabulary	1867	zh-Hant	zh-Hant	徹	"[""彳""]"	[]		"[""zh-Hant.frequency.1871"",""zh.radical.kangxi.060""]"	[]	[]	sources/characters.tsv	frequency-order position 1867; corpus frequency rank 1871; Ministry common-character number 1301	徹: frequency-order position 1867; corpus frequency rank 1871; 60 appearances (0.00497%); Unihan kRSUnicode 60.12; Kangxi radical 60 彳; Unihan kRSUnicode single radical assignment.	[]	"[""chinese"",""traditional"",""radicals"",""frequency"",""character-to-radical"",""one-way"",""part-10""]"
zh-traditional-radicals-frequency-x/1868/character-to-radical	X	vocabulary	1868	zh-Hant	zh-Hant	董	"[""艸""]"	[]		"[""zh-Hant.frequency.1872"",""zh.radical.kangxi.140""]"	[]	[]	sources/characters.tsv	frequency-order position 1868; corpus frequency rank 1872; Ministry common-character number 3531	董: frequency-order position 1868; corpus frequency rank 1872; 60 appearances (0.00497%); Unihan kRSUnicode 140.9; Kangxi radical 140 艸; Unihan kRSUnicode single radical assignment.	[]	"[""chinese"",""traditional"",""radicals"",""frequency"",""character-to-radical"",""one-way"",""part-10""]"
zh-traditional-radicals-frequency-x/1869/character-to-radical	X	vocabulary	1869	zh-Hant	zh-Hant	輛	"[""車""]"	[]		"[""zh-Hant.frequency.1873"",""zh.radical.kangxi.159""]"	[]	[]	sources/characters.tsv	frequency-order position 1869; corpus frequency rank 1873; Ministry common-character number 4081	輛: frequency-order position 1869; corpus frequency rank 1873; 60 appearances (0.00497%); Unihan kRSUnicode 159.8; Kangxi radical 159 車; Unihan kRSUnicode single radical assignment.	[]	"[""chinese"",""traditional"",""radicals"",""frequency"",""character-to-radical"",""one-way"",""part-10""]"
zh-traditional-radicals-frequency-x/1870/character-to-radical	X	vocabulary	1870	zh-Hant	zh-Hant	糟	"[""米""]"	[]		"[""zh-Hant.frequency.1874"",""zh.radical.kangxi.119""]"	[]	[]	sources/characters.tsv	frequency-order position 1870; corpus frequency rank 1874; Ministry common-character number 3075	糟: frequency-order position 1870; corpus frequency rank 1874; 60 appearances (0.00497%); Unihan kRSUnicode 119.11; Kangxi radical 119 米; Unihan kRSUnicode single radical assignment.	[]	"[""chinese"",""traditional"",""radicals"",""frequency"",""character-to-radical"",""one-way"",""part-10""]"
zh-traditional-radicals-frequency-x/1871/character-to-radical	X	vocabulary	1871	zh-Hant	zh-Hant	喂	"[""口""]"	[]		"[""zh-Hant.frequency.1875"",""zh.radical.kangxi.030""]"	[]	[]	sources/characters.tsv	frequency-order position 1871; corpus frequency rank 1875; Ministry common-character number 627	喂: frequency-order position 1871; corpus frequency rank 1875; 60 appearances (0.00497%); Unihan kRSUnicode 30.9; Kangxi radical 30 口; Unihan kRSUnicode single radical assignment.	[]	"[""chinese"",""traditional"",""radicals"",""frequency"",""character-to-radical"",""one-way"",""part-10""]"
zh-traditional-radicals-frequency-x/1872/character-to-radical	X	vocabulary	1872	zh-Hant	zh-Hant	予	"[""亅""]"	[]		"[""zh-Hant.frequency.1876"",""zh.radical.kangxi.006""]"	[]	[]	sources/characters.tsv	frequency-order position 1872; corpus frequency rank 1876; Ministry common-character number 47	予: frequency-order position 1872; corpus frequency rank 1876; 59 appearances (0.00488%); Unihan kRSUnicode 6.3; Kangxi radical 6 亅; Unihan kRSUnicode single radical assignment.	[]	"[""chinese"",""traditional"",""radicals"",""frequency"",""character-to-radical"",""one-way"",""part-10""]"
zh-traditional-radicals-frequency-x/1873/character-to-radical	X	vocabulary	1873	zh-Hant	zh-Hant	摘	"[""手""]"	[]		"[""zh-Hant.frequency.1877"",""zh.radical.kangxi.064""]"	[]	[]	sources/characters.tsv	frequency-order position 1873; corpus frequency rank 1877; Ministry common-character number 1650	摘: frequency-order position 1873; corpus frequency rank 1877; 59 appearances (0.00488%); Unihan kRSUnicode 64.11; Kangxi radical 64 手; Unihan kRSUnicode single radical assignment.	[]	"[""chinese"",""traditional"",""radicals"",""frequency"",""character-to-radical"",""one-way"",""part-10""]"
zh-traditional-radicals-frequency-x/1874/character-to-radical	X	vocabulary	1874	zh-Hant	zh-Hant	狂	"[""犬""]"	[]		"[""zh-Hant.frequency.1878"",""zh.radical.kangxi.094""]"	[]	[]	sources/characters.tsv	frequency-order position 1874; corpus frequency rank 1878; Ministry common-character number 2510	狂: frequency-order position 1874; corpus frequency rank 1878; 59 appearances (0.00488%); Unihan kRSUnicode 94.4; Kangxi radical 94 犬; Unihan kRSUnicode single radical assignment.	[]	"[""chinese"",""traditional"",""radicals"",""frequency"",""character-to-radical"",""one-way"",""part-10""]"
zh-traditional-radicals-frequency-x/1875/character-to-radical	X	vocabulary	1875	zh-Hant	zh-Hant	范	"[""艸""]"	[]		"[""zh-Hant.frequency.1879"",""zh.radical.kangxi.140""]"	[]	[]	sources/characters.tsv	frequency-order position 1875; corpus frequency rank 1879; Ministry common-character number 3444	范: frequency-order position 1875; corpus frequency rank 1879; 59 appearances (0.00488%); Unihan kRSUnicode 140.5; Kangxi radical 140 艸; Unihan kRSUnicode single radical assignment.	[]	"[""chinese"",""traditional"",""radicals"",""frequency"",""character-to-radical"",""one-way"",""part-10""]"
zh-traditional-radicals-frequency-x/1876/character-to-radical	X	vocabulary	1876	zh-Hant	zh-Hant	盼	"[""目""]"	[]		"[""zh-Hant.frequency.1880"",""zh.radical.kangxi.109""]"	[]	[]	sources/characters.tsv	frequency-order position 1876; corpus frequency rank 1880; Ministry common-character number 2766	盼: frequency-order position 1876; corpus frequency rank 1880; 59 appearances (0.00488%); Unihan kRSUnicode 109.4; Kangxi radical 109 目; Unihan kRSUnicode single radical assignment.	[]	"[""chinese"",""traditional"",""radicals"",""frequency"",""character-to-radical"",""one-way"",""part-10""]"
zh-traditional-radicals-frequency-x/1877/character-to-radical	X	vocabulary	1877	zh-Hant	zh-Hant	役	"[""彳""]"	[]		"[""zh-Hant.frequency.1881"",""zh.radical.kangxi.060""]"	[]	[]	sources/characters.tsv	frequency-order position 1877; corpus frequency rank 1881; Ministry common-character number 1277	役: frequency-order position 1877; corpus frequency rank 1881; 59 appearances (0.00488%); Unihan kRSUnicode 60.4; Kangxi radical 60 彳; Unihan kRSUnicode single radical assignment.	[]	"[""chinese"",""traditional"",""radicals"",""frequency"",""character-to-radical"",""one-way"",""part-10""]"
zh-traditional-radicals-frequency-x/1878/character-to-radical	X	vocabulary	1878	zh-Hant	zh-Hant	翰	"[""羽""]"	[]		"[""zh-Hant.frequency.1882"",""zh.radical.kangxi.124""]"	[]	[]	sources/characters.tsv	frequency-order position 1878; corpus frequency rank 1882; Ministry common-character number 3244	翰: frequency-order position 1878; corpus frequency rank 1882; 59 appearances (0.00488%); Unihan kRSUnicode 124.10; Kangxi radical 124 羽; Unihan kRSUnicode single radical assignment.	[]	"[""chinese"",""traditional"",""radicals"",""frequency"",""character-to-radical"",""one-way"",""part-10""]"
zh-traditional-radicals-frequency-x/1879/character-to-radical	X	vocabulary	1879	zh-Hant	zh-Hant	蕉	"[""艸""]"	[]		"[""zh-Hant.frequency.1883"",""zh.radical.kangxi.140""]"	[]	[]	sources/characters.tsv	frequency-order position 1879; corpus frequency rank 1883; Ministry common-character number 3567	蕉: frequency-order position 1879; corpus frequency rank 1883; 59 appearances (0.00488%); Unihan kRSUnicode 140.12; Kangxi radical 140 艸; Unihan kRSUnicode single radical assignment.	[]	"[""chinese"",""traditional"",""radicals"",""frequency"",""character-to-radical"",""one-way"",""part-10""]"
zh-traditional-radicals-frequency-x/1880/character-to-radical	X	vocabulary	1880	zh-Hant	zh-Hant	鍵	"[""金""]"	[]		"[""zh-Hant.frequency.1884"",""zh.radical.kangxi.167""]"	[]	[]	sources/characters.tsv	frequency-order position 1880; corpus frequency rank 1884; Ministry common-character number 4321	鍵: frequency-order position 1880; corpus frequency rank 1884; 59 appearances (0.00488%); Unihan kRSUnicode 167.9; Kangxi radical 167 金; Unihan kRSUnicode single radical assignment.	[]	"[""chinese"",""traditional"",""radicals"",""frequency"",""character-to-radical"",""one-way"",""part-10""]"
zh-traditional-radicals-frequency-x/1881/character-to-radical	X	vocabulary	1881	zh-Hant	zh-Hant	襲	"[""衣""]"	[]		"[""zh-Hant.frequency.1885"",""zh.radical.kangxi.145""]"	[]	[]	sources/characters.tsv	frequency-order position 1881; corpus frequency rank 1885; Ministry common-character number 3760	襲: frequency-order position 1881; corpus frequency rank 1885; 59 appearances (0.00488%); Unihan kRSUnicode 145.16; Kangxi radical 145 衣; Unihan kRSUnicode single radical assignment.	[]	"[""chinese"",""traditional"",""radicals"",""frequency"",""character-to-radical"",""one-way"",""part-10""]"
zh-traditional-radicals-frequency-x/1882/character-to-radical	X	vocabulary	1882	zh-Hant	zh-Hant	礙	"[""石""]"	[]		"[""zh-Hant.frequency.1886"",""zh.radical.kangxi.112""]"	[]	[]	sources/characters.tsv	frequency-order position 1882; corpus frequency rank 1886; Ministry common-character number 2872	礙: frequency-order position 1882; corpus frequency rank 1886; 59 appearances (0.00488%); Unihan kRSUnicode 112.14; Kangxi radical 112 石; Unihan kRSUnicode single radical assignment.	[]	"[""chinese"",""traditional"",""radicals"",""frequency"",""character-to-radical"",""one-way"",""part-10""]"
zh-traditional-radicals-frequency-x/1883/character-to-radical	X	vocabulary	1883	zh-Hant	zh-Hant	宏	"[""宀""]"	[]		"[""zh-Hant.frequency.1887"",""zh.radical.kangxi.040""]"	[]	[]	sources/characters.tsv	frequency-order position 1883; corpus frequency rank 1887; Ministry common-character number 1012	宏: frequency-order position 1883; corpus frequency rank 1887; 58 appearances (0.00480%); Unihan kRSUnicode 40.4; Kangxi radical 40 宀; Unihan kRSUnicode single radical assignment.	[]	"[""chinese"",""traditional"",""radicals"",""frequency"",""character-to-radical"",""one-way"",""part-10""]"
zh-traditional-radicals-frequency-x/1884/character-to-radical	X	vocabulary	1884	zh-Hant	zh-Hant	箏	"[""竹""]"	[]		"[""zh-Hant.frequency.1888"",""zh.radical.kangxi.118""]"	[]	[]	sources/characters.tsv	frequency-order position 1884; corpus frequency rank 1888; Ministry common-character number 3016	箏: frequency-order position 1884; corpus frequency rank 1888; 58 appearances (0.00480%); Unihan kRSUnicode 118.8; Kangxi radical 118 竹; Unihan kRSUnicode single radical assignment.	[]	"[""chinese"",""traditional"",""radicals"",""frequency"",""character-to-radical"",""one-way"",""part-10""]"
zh-traditional-radicals-frequency-x/1885/character-to-radical	X	vocabulary	1885	zh-Hant	zh-Hant	狠	"[""犬""]"	[]		"[""zh-Hant.frequency.1889"",""zh.radical.kangxi.094""]"	[]	[]	sources/characters.tsv	frequency-order position 1885; corpus frequency rank 1889; Ministry common-character number 2517	狠: frequency-order position 1885; corpus frequency rank 1889; 58 appearances (0.00480%); Unihan kRSUnicode 94.6; Kangxi radical 94 犬; Unihan kRSUnicode single radical assignment.	[]	"[""chinese"",""traditional"",""radicals"",""frequency"",""character-to-radical"",""one-way"",""part-10""]"
zh-traditional-radicals-frequency-x/1886/character-to-radical	X	vocabulary	1886	zh-Hant	zh-Hant	添	"[""水""]"	[]		"[""zh-Hant.frequency.1890"",""zh.radical.kangxi.085""]"	[]	[]	sources/characters.tsv	frequency-order position 1886; corpus frequency rank 1890; Ministry common-character number 2222	添: frequency-order position 1886; corpus frequency rank 1890; 58 appearances (0.00480%); Unihan kRSUnicode 85.8; Kangxi radical 85 水; Unihan kRSUnicode single radical assignment.	[]	"[""chinese"",""traditional"",""radicals"",""frequency"",""character-to-radical"",""one-way"",""part-10""]"
zh-traditional-radicals-frequency-x/1887/character-to-radical	X	vocabulary	1887	zh-Hant	zh-Hant	喬	"[""口""]"	[]		"[""zh-Hant.frequency.1891"",""zh.radical.kangxi.030""]"	[]	[]	sources/characters.tsv	frequency-order position 1887; corpus frequency rank 1891; Ministry common-character number 641	喬: frequency-order position 1887; corpus frequency rank 1891; 58 appearances (0.00480%); Unihan kRSUnicode 30.9; Kangxi radical 30 口; Unihan kRSUnicode single radical assignment.	[]	"[""chinese"",""traditional"",""radicals"",""frequency"",""character-to-radical"",""one-way"",""part-10""]"
zh-traditional-radicals-frequency-x/1888/character-to-radical	X	vocabulary	1888	zh-Hant	zh-Hant	蜥	"[""虫""]"	[]		"[""zh-Hant.frequency.1892"",""zh.radical.kangxi.142""]"	[]	[]	sources/characters.tsv	frequency-order position 1888; corpus frequency rank 1892; Ministry common-character number 3652	蜥: frequency-order position 1888; corpus frequency rank 1892; 58 appearances (0.00480%); Unihan kRSUnicode 142.8; Kangxi radical 142 虫; Unihan kRSUnicode single radical assignment.	[]	"[""chinese"",""traditional"",""radicals"",""frequency"",""character-to-radical"",""one-way"",""part-10""]"
zh-traditional-radicals-frequency-x/1889/character-to-radical	X	vocabulary	1889	zh-Hant	zh-Hant	苗	"[""艸""]"	[]		"[""zh-Hant.frequency.1893"",""zh.radical.kangxi.140""]"	[]	[]	sources/characters.tsv	frequency-order position 1889; corpus frequency rank 1893; Ministry common-character number 3454	苗: frequency-order position 1889; corpus frequency rank 1893; 58 appearances (0.00480%); Unihan kRSUnicode 140.5; Kangxi radical 140 艸; Unihan kRSUnicode single radical assignment.	[]	"[""chinese"",""traditional"",""radicals"",""frequency"",""character-to-radical"",""one-way"",""part-10""]"
zh-traditional-radicals-frequency-x/1890/character-to-radical	X	vocabulary	1890	zh-Hant	zh-Hant	瘦	"[""疒""]"	[]		"[""zh-Hant.frequency.1894"",""zh.radical.kangxi.104""]"	[]	[]	sources/characters.tsv	frequency-order position 1890; corpus frequency rank 1894; Ministry common-character number 2701	瘦: frequency-order position 1890; corpus frequency rank 1894; 58 appearances (0.00480%); Unihan kRSUnicode 104.10; Kangxi radical 104 疒; Unihan kRSUnicode single radical assignment.	[]	"[""chinese"",""traditional"",""radicals"",""frequency"",""character-to-radical"",""one-way"",""part-10""]"
zh-traditional-radicals-frequency-x/1891/character-to-radical	X	vocabulary	1891	zh-Hant	zh-Hant	踢	"[""足""]"	[]		"[""zh-Hant.frequency.1895"",""zh.radical.kangxi.157""]"	[]	[]	sources/characters.tsv	frequency-order position 1891; corpus frequency rank 1895; Ministry common-character number 4023	踢: frequency-order position 1891; corpus frequency rank 1895; 58 appearances (0.00480%); Unihan kRSUnicode 157.8; Kangxi radical 157 足; Unihan kRSUnicode single radical assignment.	[]	"[""chinese"",""traditional"",""radicals"",""frequency"",""character-to-radical"",""one-way"",""part-10""]"
zh-traditional-radicals-frequency-x/1892/character-to-radical	X	vocabulary	1892	zh-Hant	zh-Hant	懸	"[""心""]"	[]		"[""zh-Hant.frequency.1896"",""zh.radical.kangxi.061""]"	[]	[]	sources/characters.tsv	frequency-order position 1892; corpus frequency rank 1896; Ministry common-character number 1460	懸: frequency-order position 1892; corpus frequency rank 1896; 58 appearances (0.00480%); Unihan kRSUnicode 61.16; Kangxi radical 61 心; Unihan kRSUnicode single radical assignment.	[]	"[""chinese"",""traditional"",""radicals"",""frequency"",""character-to-radical"",""one-way"",""part-10""]"
zh-traditional-radicals-frequency-x/1893/character-to-radical	X	vocabulary	1893	zh-Hant	zh-Hant	匆	"[""勹""]"	[]		"[""zh-Hant.frequency.1897"",""zh.radical.kangxi.020""]"	[]	[]	sources/characters.tsv	frequency-order position 1893; corpus frequency rank 1897; Ministry common-character number 409	匆: frequency-order position 1893; corpus frequency rank 1897; 57 appearances (0.00472%); Unihan kRSUnicode 20.3; Kangxi radical 20 勹; Unihan kRSUnicode single radical assignment.	[]	"[""chinese"",""traditional"",""radicals"",""frequency"",""character-to-radical"",""one-way"",""part-10""]"
zh-traditional-radicals-frequency-x/1894/character-to-radical	X	vocabulary	1894	zh-Hant	zh-Hant	伐	"[""人""]"	[]		"[""zh-Hant.frequency.1898"",""zh.radical.kangxi.009""]"	[]	[]	sources/characters.tsv	frequency-order position 1894; corpus frequency rank 1898; Ministry common-character number 94	伐: frequency-order position 1894; corpus frequency rank 1898; 57 appearances (0.00472%); Unihan kRSUnicode 9.4; Kangxi radical 9 人; Unihan kRSUnicode single radical assignment.	[]	"[""chinese"",""traditional"",""radicals"",""frequency"",""character-to-radical"",""one-way"",""part-10""]"
zh-traditional-radicals-frequency-x/1895/character-to-radical	X	vocabulary	1895	zh-Hant	zh-Hant	批	"[""手""]"	[]		"[""zh-Hant.frequency.1899"",""zh.radical.kangxi.064""]"	[]	[]	sources/characters.tsv	frequency-order position 1895; corpus frequency rank 1899; Ministry common-character number 1514	批: frequency-order position 1895; corpus frequency rank 1899; 57 appearances (0.00472%); Unihan kRSUnicode 64.4; Kangxi radical 64 手; Unihan kRSUnicode single radical assignment.	[]	"[""chinese"",""traditional"",""radicals"",""frequency"",""character-to-radical"",""one-way"",""part-10""]"
zh-traditional-radicals-frequency-x/1896/character-to-radical	X	vocabulary	1896	zh-Hant	zh-Hant	夥	"[""夕""]"	[]		"[""zh-Hant.frequency.1900"",""zh.radical.kangxi.036""]"	[]	[]	sources/characters.tsv	frequency-order position 1896; corpus frequency rank 1900; Ministry common-character number 845	夥: frequency-order position 1896; corpus frequency rank 1900; 57 appearances (0.00472%); Unihan kRSUnicode 36.11; Kangxi radical 36 夕; Unihan kRSUnicode single radical assignment.	[]	"[""chinese"",""traditional"",""radicals"",""frequency"",""character-to-radical"",""one-way"",""part-10""]"
zh-traditional-radicals-frequency-x/1897/character-to-radical	X	vocabulary	1897	zh-Hant	zh-Hant	祈	"[""示""]"	[]		"[""zh-Hant.frequency.1901"",""zh.radical.kangxi.113""]"	[]	[]	sources/characters.tsv	frequency-order position 1897; corpus frequency rank 1901; Ministry common-character number 2883	祈: frequency-order position 1897; corpus frequency rank 1901; 57 appearances (0.00472%); Unihan kRSUnicode 113.4; Kangxi radical 113 示; Unihan kRSUnicode single radical assignment.	[]	"[""chinese"",""traditional"",""radicals"",""frequency"",""character-to-radical"",""one-way"",""part-10""]"
zh-traditional-radicals-frequency-x/1898/character-to-radical	X	vocabulary	1898	zh-Hant	zh-Hant	茄	"[""艸""]"	[]		"[""zh-Hant.frequency.1902"",""zh.radical.kangxi.140""]"	[]	[]	sources/characters.tsv	frequency-order position 1898; corpus frequency rank 1902; Ministry common-character number 3449	茄: frequency-order position 1898; corpus frequency rank 1902; 57 appearances (0.00472%); Unihan kRSUnicode 140.5; Kangxi radical 140 艸; Unihan kRSUnicode single radical assignment.	[]	"[""chinese"",""traditional"",""radicals"",""frequency"",""character-to-radical"",""one-way"",""part-10""]"
zh-traditional-radicals-frequency-x/1899/character-to-radical	X	vocabulary	1899	zh-Hant	zh-Hant	帳	"[""巾""]"	[]		"[""zh-Hant.frequency.1904"",""zh.radical.kangxi.050""]"	[]	[]	sources/characters.tsv	frequency-order position 1899; corpus frequency rank 1904; Ministry common-character number 1177	帳: frequency-order position 1899; corpus frequency rank 1904; 57 appearances (0.00472%); Unihan kRSUnicode 50.8; Kangxi radical 50 巾; Unihan kRSUnicode single radical assignment.	[]	"[""chinese"",""traditional"",""radicals"",""frequency"",""character-to-radical"",""one-way"",""part-10""]"
zh-traditional-radicals-frequency-x/1900/character-to-radical	X	vocabulary	1900	zh-Hant	zh-Hant	采	"[""釆""]"	[]		"[""zh-Hant.frequency.1905"",""zh.radical.kangxi.165""]"	[]	[]	sources/characters.tsv	frequency-order position 1900; corpus frequency rank 1905; Ministry common-character number 4253	采: frequency-order position 1900; corpus frequency rank 1905; 57 appearances (0.00472%); Unihan kRSUnicode 165.1; Kangxi radical 165 釆; Unihan kRSUnicode single radical assignment.	[]	"[""chinese"",""traditional"",""radicals"",""frequency"",""character-to-radical"",""one-way"",""part-10""]"
zh-traditional-radicals-frequency-x/1901/character-to-radical	X	vocabulary	1901	zh-Hant	zh-Hant	潛	"[""水""]"	[]		"[""zh-Hant.frequency.1906"",""zh.radical.kangxi.085""]"	[]	[]	sources/characters.tsv	frequency-order position 1901; corpus frequency rank 1906; Ministry common-character number 2333	潛: frequency-order position 1901; corpus frequency rank 1906; 57 appearances (0.00472%); Unihan kRSUnicode 85.12; Kangxi radical 85 水; Unihan kRSUnicode single radical assignment.	[]	"[""chinese"",""traditional"",""radicals"",""frequency"",""character-to-radical"",""one-way"",""part-10""]"
zh-traditional-radicals-frequency-x/1902/character-to-radical	X	vocabulary	1902	zh-Hant	zh-Hant	嶼	"[""山""]"	[]		"[""zh-Hant.frequency.1907"",""zh.radical.kangxi.046""]"	[]	[]	sources/characters.tsv	frequency-order position 1902; corpus frequency rank 1907; Ministry common-character number 1138	嶼: frequency-order position 1902; corpus frequency rank 1907; 57 appearances (0.00472%); Unihan kRSUnicode 46.14; Kangxi radical 46 山; Unihan kRSUnicode single radical assignment.	[]	"[""chinese"",""traditional"",""radicals"",""frequency"",""character-to-radical"",""one-way"",""part-10""]"
zh-traditional-radicals-frequency-x/1903/character-to-radical	X	vocabulary	1903	zh-Hant	zh-Hant	簧	"[""竹""]"	[]		"[""zh-Hant.frequency.1908"",""zh.radical.kangxi.118""]"	[]	[]	sources/characters.tsv	frequency-order position 1903; corpus frequency rank 1908; Ministry common-character number 3036	簧: frequency-order position 1903; corpus frequency rank 1908; 57 appearances (0.00472%); Unihan kRSUnicode 118.12; Kangxi radical 118 竹; Unihan kRSUnicode single radical assignment.	[]	"[""chinese"",""traditional"",""radicals"",""frequency"",""character-to-radical"",""one-way"",""part-10""]"
zh-traditional-radicals-frequency-x/1904/character-to-radical	X	vocabulary	1904	zh-Hant	zh-Hant	鍋	"[""金""]"	[]		"[""zh-Hant.frequency.1909"",""zh.radical.kangxi.167""]"	[]	[]	sources/characters.tsv	frequency-order position 1904; corpus frequency rank 1909; Ministry common-character number 4324	鍋: frequency-order position 1904; corpus frequency rank 1909; 57 appearances (0.00472%); Unihan kRSUnicode 167.9; Kangxi radical 167 金; Unihan kRSUnicode single radical assignment.	[]	"[""chinese"",""traditional"",""radicals"",""frequency"",""character-to-radical"",""one-way"",""part-10""]"
zh-traditional-radicals-frequency-x/1905/character-to-radical	X	vocabulary	1905	zh-Hant	zh-Hant	繡	"[""糸""]"	[]		"[""zh-Hant.frequency.1910"",""zh.radical.kangxi.120""]"	[]	[]	sources/characters.tsv	frequency-order position 1905; corpus frequency rank 1910; Ministry common-character number 3180	繡: frequency-order position 1905; corpus frequency rank 1910; 57 appearances (0.00472%); Unihan kRSUnicode 120.12; Kangxi radical 120 糸; Unihan kRSUnicode single radical assignment.	[]	"[""chinese"",""traditional"",""radicals"",""frequency"",""character-to-radical"",""one-way"",""part-10""]"
zh-traditional-radicals-frequency-x/1906/character-to-radical	X	vocabulary	1906	zh-Hant	zh-Hant	贊	"[""貝""]"	[]		"[""zh-Hant.frequency.1911"",""zh.radical.kangxi.154""]"	[]	[]	sources/characters.tsv	frequency-order position 1906; corpus frequency rank 1911; Ministry common-character number 3977	贊: frequency-order position 1906; corpus frequency rank 1911; 57 appearances (0.00472%); Unihan kRSUnicode 154.12; Kangxi radical 154 貝; Unihan kRSUnicode single radical assignment.	[]	"[""chinese"",""traditional"",""radicals"",""frequency"",""character-to-radical"",""one-way"",""part-10""]"
zh-traditional-radicals-frequency-x/1907/character-to-radical	X	vocabulary	1907	zh-Hant	zh-Hant	慰	"[""心""]"	[]		"[""zh-Hant.frequency.1912"",""zh.radical.kangxi.061""]"	[]	[]	sources/characters.tsv	frequency-order position 1907; corpus frequency rank 1912; Ministry common-character number 1431	慰: frequency-order position 1907; corpus frequency rank 1912; 56 appearances (0.00463%); Unihan kRSUnicode 61.11; Kangxi radical 61 心; Unihan kRSUnicode single radical assignment.	[]	"[""chinese"",""traditional"",""radicals"",""frequency"",""character-to-radical"",""one-way"",""part-10""]"
zh-traditional-radicals-frequency-x/1908/character-to-radical	X	vocabulary	1908	zh-Hant	zh-Hant	憲	"[""心""]"	[]		"[""zh-Hant.frequency.1913"",""zh.radical.kangxi.061""]"	[]	[]	sources/characters.tsv	frequency-order position 1908; corpus frequency rank 1913; Ministry common-character number 1442	憲: frequency-order position 1908; corpus frequency rank 1913; 56 appearances (0.00463%); Unihan kRSUnicode 61.12; Kangxi radical 61 心; Unihan kRSUnicode single radical assignment.	[]	"[""chinese"",""traditional"",""radicals"",""frequency"",""character-to-radical"",""one-way"",""part-10""]"
zh-traditional-radicals-frequency-x/1909/character-to-radical	X	vocabulary	1909	zh-Hant	zh-Hant	邦	"[""邑""]"	[]		"[""zh-Hant.frequency.1914"",""zh.radical.kangxi.163""]"	[]	[]	sources/characters.tsv	frequency-order position 1909; corpus frequency rank 1914; Ministry common-character number 4203	邦: frequency-order position 1909; corpus frequency rank 1914; 56 appearances (0.00463%); Unihan kRSUnicode 163.4; Kangxi radical 163 邑; Unihan kRSUnicode single radical assignment.	[]	"[""chinese"",""traditional"",""radicals"",""frequency"",""character-to-radical"",""one-way"",""part-10""]"
zh-traditional-radicals-frequency-x/1910/character-to-radical	X	vocabulary	1910	zh-Hant	zh-Hant	駕	"[""馬""]"	[]		"[""zh-Hant.frequency.1915"",""zh.radical.kangxi.187""]"	[]	[]	sources/characters.tsv	frequency-order position 1910; corpus frequency rank 1915; Ministry common-character number 4631	駕: frequency-order position 1910; corpus frequency rank 1915; 56 appearances (0.00463%); Unihan kRSUnicode 187.5; Kangxi radical 187 馬; Unihan kRSUnicode single radical assignment.	[]	"[""chinese"",""traditional"",""radicals"",""frequency"",""character-to-radical"",""one-way"",""part-10""]"
zh-traditional-radicals-frequency-x/1911/character-to-radical	X	vocabulary	1911	zh-Hant	zh-Hant	哀	"[""口""]"	[]		"[""zh-Hant.frequency.1916"",""zh.radical.kangxi.030""]"	[]	[]	sources/characters.tsv	frequency-order position 1911; corpus frequency rank 1916; Ministry common-character number 564	哀: frequency-order position 1911; corpus frequency rank 1916; 56 appearances (0.00463%); Unihan kRSUnicode 30.6; Kangxi radical 30 口; Unihan kRSUnicode single radical assignment.	[]	"[""chinese"",""traditional"",""radicals"",""frequency"",""character-to-radical"",""one-way"",""part-10""]"
zh-traditional-radicals-frequency-x/1912/character-to-radical	X	vocabulary	1912	zh-Hant	zh-Hant	謂	"[""言""]"	[]		"[""zh-Hant.frequency.1917"",""zh.radical.kangxi.149""]"	[]	[]	sources/characters.tsv	frequency-order position 1912; corpus frequency rank 1917; Ministry common-character number 3868	謂: frequency-order position 1912; corpus frequency rank 1917; 56 appearances (0.00463%); Unihan kRSUnicode 149.9; Kangxi radical 149 言; Unihan kRSUnicode single radical assignment.	[]	"[""chinese"",""traditional"",""radicals"",""frequency"",""character-to-radical"",""one-way"",""part-10""]"
zh-traditional-radicals-frequency-x/1913/character-to-radical	X	vocabulary	1913	zh-Hant	zh-Hant	梁	"[""木""]"	[]		"[""zh-Hant.frequency.1918"",""zh.radical.kangxi.075""]"	[]	[]	sources/characters.tsv	frequency-order position 1913; corpus frequency rank 1918; Ministry common-character number 1932	梁: frequency-order position 1913; corpus frequency rank 1918; 56 appearances (0.00463%); Unihan kRSUnicode 75.7; Kangxi radical 75 木; Unihan kRSUnicode single radical assignment.	[]	"[""chinese"",""traditional"",""radicals"",""frequency"",""character-to-radical"",""one-way"",""part-10""]"
zh-traditional-radicals-frequency-x/1914/character-to-radical	X	vocabulary	1914	zh-Hant	zh-Hant	窩	"[""穴""]"	[]		"[""zh-Hant.frequency.1919"",""zh.radical.kangxi.116""]"	[]	[]	sources/characters.tsv	frequency-order position 1914; corpus frequency rank 1919; Ministry common-character number 2969	窩: frequency-order position 1914; corpus frequency rank 1919; 56 appearances (0.00463%); Unihan kRSUnicode 116.9; Kangxi radical 116 穴; Unihan kRSUnicode single radical assignment.	[]	"[""chinese"",""traditional"",""radicals"",""frequency"",""character-to-radical"",""one-way"",""part-10""]"
zh-traditional-radicals-frequency-x/1915/character-to-radical	X	vocabulary	1915	zh-Hant	zh-Hant	漠	"[""水""]"	[]		"[""zh-Hant.frequency.1920"",""zh.radical.kangxi.085""]"	[]	[]	sources/characters.tsv	frequency-order position 1915; corpus frequency rank 1920; Ministry common-character number 2304	漠: frequency-order position 1915; corpus frequency rank 1920; 56 appearances (0.00463%); Unihan kRSUnicode 85.11; Kangxi radical 85 水; Unihan kRSUnicode single radical assignment.	[]	"[""chinese"",""traditional"",""radicals"",""frequency"",""character-to-radical"",""one-way"",""part-10""]"
zh-traditional-radicals-frequency-x/1916/character-to-radical	X	vocabulary	1916	zh-Hant	zh-Hant	醉	"[""酉""]"	[]		"[""zh-Hant.frequency.1921"",""zh.radical.kangxi.164""]"	[]	[]	sources/characters.tsv	frequency-order position 1916; corpus frequency rank 1921; Ministry common-character number 4241	醉: frequency-order position 1916; corpus frequency rank 1921; 56 appearances (0.00463%); Unihan kRSUnicode 164.8; Kangxi radical 164 酉; Unihan kRSUnicode single radical assignment.	[]	"[""chinese"",""traditional"",""radicals"",""frequency"",""character-to-radical"",""one-way"",""part-10""]"
zh-traditional-radicals-frequency-x/1917/character-to-radical	X	vocabulary	1917	zh-Hant	zh-Hant	膜	"[""肉""]"	[]		"[""zh-Hant.frequency.1922"",""zh.radical.kangxi.130""]"	[]	[]	sources/characters.tsv	frequency-order position 1917; corpus frequency rank 1922; Ministry common-character number 3361	膜: frequency-order position 1917; corpus frequency rank 1922; 56 appearances (0.00463%); Unihan kRSUnicode 130.11; Kangxi radical 130 肉; Unihan kRSUnicode single radical assignment.	[]	"[""chinese"",""traditional"",""radicals"",""frequency"",""character-to-radical"",""one-way"",""part-10""]"
zh-traditional-radicals-frequency-x/1918/character-to-radical	X	vocabulary	1918	zh-Hant	zh-Hant	犬	"[""犬""]"	[]		"[""zh-Hant.frequency.1923"",""zh.radical.kangxi.094""]"	[]	[]	sources/characters.tsv	frequency-order position 1918; corpus frequency rank 1923; Ministry common-character number 2507	犬: frequency-order position 1918; corpus frequency rank 1923; 56 appearances (0.00463%); Unihan kRSUnicode 94.0; Kangxi radical 94 犬; Unihan kRSUnicode single radical assignment.	[]	"[""chinese"",""traditional"",""radicals"",""frequency"",""character-to-radical"",""one-way"",""part-10""]"
zh-traditional-radicals-frequency-x/1919/character-to-radical	X	vocabulary	1919	zh-Hant	zh-Hant	抹	"[""手""]"	[]		"[""zh-Hant.frequency.1924"",""zh.radical.kangxi.064""]"	[]	[]	sources/characters.tsv	frequency-order position 1919; corpus frequency rank 1924; Ministry common-character number 1529	抹: frequency-order position 1919; corpus frequency rank 1924; 56 appearances (0.00463%); Unihan kRSUnicode 64.5; Kangxi radical 64 手; Unihan kRSUnicode single radical assignment.	[]	"[""chinese"",""traditional"",""radicals"",""frequency"",""character-to-radical"",""one-way"",""part-10""]"
zh-traditional-radicals-frequency-x/1920/character-to-radical	X	vocabulary	1920	zh-Hant	zh-Hant	桿	"[""木""]"	[]		"[""zh-Hant.frequency.1925"",""zh.radical.kangxi.075""]"	[]	[]	sources/characters.tsv	frequency-order position 1920; corpus frequency rank 1925; Ministry common-character number 1937	桿: frequency-order position 1920; corpus frequency rank 1925; 56 appearances (0.00463%); Unihan kRSUnicode 75.7; Kangxi radical 75 木; Unihan kRSUnicode single radical assignment.	[]	"[""chinese"",""traditional"",""radicals"",""frequency"",""character-to-radical"",""one-way"",""part-10""]"
zh-traditional-radicals-frequency-x/1921/character-to-radical	X	vocabulary	1921	zh-Hant	zh-Hant	趁	"[""走""]"	[]		"[""zh-Hant.frequency.1926"",""zh.radical.kangxi.156""]"	[]	[]	sources/characters.tsv	frequency-order position 1921; corpus frequency rank 1926; Ministry common-character number 3995	趁: frequency-order position 1921; corpus frequency rank 1926; 56 appearances (0.00463%); Unihan kRSUnicode 156.5; Kangxi radical 156 走; Unihan kRSUnicode single radical assignment.	[]	"[""chinese"",""traditional"",""radicals"",""frequency"",""character-to-radical"",""one-way"",""part-10""]"
zh-traditional-radicals-frequency-x/1922/character-to-radical	X	vocabulary	1922	zh-Hant	zh-Hant	帆	"[""巾""]"	[]		"[""zh-Hant.frequency.1927"",""zh.radical.kangxi.050""]"	[]	[]	sources/characters.tsv	frequency-order position 1922; corpus frequency rank 1927; Ministry common-character number 1163	帆: frequency-order position 1922; corpus frequency rank 1927; 55 appearances (0.00455%); Unihan kRSUnicode 50.3; Kangxi radical 50 巾; Unihan kRSUnicode single radical assignment.	[]	"[""chinese"",""traditional"",""radicals"",""frequency"",""character-to-radical"",""one-way"",""part-10""]"
zh-traditional-radicals-frequency-x/1923/character-to-radical	X	vocabulary	1923	zh-Hant	zh-Hant	弗	"[""弓""]"	[]		"[""zh-Hant.frequency.1928"",""zh.radical.kangxi.057""]"	[]	[]	sources/characters.tsv	frequency-order position 1923; corpus frequency rank 1928; Ministry common-character number 1249	弗: frequency-order position 1923; corpus frequency rank 1928; 55 appearances (0.00455%); Unihan kRSUnicode 57.2; Kangxi radical 57 弓; Unihan kRSUnicode single radical assignment.	[]	"[""chinese"",""traditional"",""radicals"",""frequency"",""character-to-radical"",""one-way"",""part-10""]"
zh-traditional-radicals-frequency-x/1924/character-to-radical	X	vocabulary	1924	zh-Hant	zh-Hant	圾	"[""土""]"	[]		"[""zh-Hant.frequency.1929"",""zh.radical.kangxi.032""]"	[]	[]	sources/characters.tsv	frequency-order position 1924; corpus frequency rank 1929; Ministry common-character number 753	圾: frequency-order position 1924; corpus frequency rank 1929; 55 appearances (0.00455%); Unihan kRSUnicode 32.4; Kangxi radical 32 土; Unihan kRSUnicode single radical assignment.	[]	"[""chinese"",""traditional"",""radicals"",""frequency"",""character-to-radical"",""one-way"",""part-10""]"
zh-traditional-radicals-frequency-x/1925/character-to-radical	X	vocabulary	1925	zh-Hant	zh-Hant	垃	"[""土""]"	[]		"[""zh-Hant.frequency.1930"",""zh.radical.kangxi.032""]"	[]	[]	sources/characters.tsv	frequency-order position 1925; corpus frequency rank 1930; Ministry common-character number 756	垃: frequency-order position 1925; corpus frequency rank 1930; 55 appearances (0.00455%); Unihan kRSUnicode 32.5; Kangxi radical 32 土; Unihan kRSUnicode single radical assignment.	[]	"[""chinese"",""traditional"",""radicals"",""frequency"",""character-to-radical"",""one-way"",""part-10""]"
zh-traditional-radicals-frequency-x/1926/character-to-radical	X	vocabulary	1926	zh-Hant	zh-Hant	炸	"[""火""]"	[]		"[""zh-Hant.frequency.1931"",""zh.radical.kangxi.086""]"	[]	[]	sources/characters.tsv	frequency-order position 1926; corpus frequency rank 1931; Ministry common-character number 2400	炸: frequency-order position 1926; corpus frequency rank 1931; 55 appearances (0.00455%); Unihan kRSUnicode 86.5; Kangxi radical 86 火; Unihan kRSUnicode single radical assignment.	[]	"[""chinese"",""traditional"",""radicals"",""frequency"",""character-to-radical"",""one-way"",""part-10""]"
zh-traditional-radicals-frequency-x/1927/character-to-radical	X	vocabulary	1927	zh-Hant	zh-Hant	泌	"[""水""]"	[]		"[""zh-Hant.frequency.1932"",""zh.radical.kangxi.085""]"	[]	[]	sources/characters.tsv	frequency-order position 1927; corpus frequency rank 1932; Ministry common-character number 2160	泌: frequency-order position 1927; corpus frequency rank 1932; 55 appearances (0.00455%); Unihan kRSUnicode 85.5; Kangxi radical 85 水; Unihan kRSUnicode single radical assignment.	[]	"[""chinese"",""traditional"",""radicals"",""frequency"",""character-to-radical"",""one-way"",""part-10""]"
zh-traditional-radicals-frequency-x/1928/character-to-radical	X	vocabulary	1928	zh-Hant	zh-Hant	祕	"[""示""]"	[]		"[""zh-Hant.frequency.1933"",""zh.radical.kangxi.113""]"	[]	[]	sources/characters.tsv	frequency-order position 1928; corpus frequency rank 1933; Ministry common-character number 2885	祕: frequency-order position 1928; corpus frequency rank 1933; 55 appearances (0.00455%); Unihan kRSUnicode 113.5; Kangxi radical 113 示; Unihan kRSUnicode single radical assignment.	[]	"[""chinese"",""traditional"",""radicals"",""frequency"",""character-to-radical"",""one-way"",""part-10""]"
zh-traditional-radicals-frequency-x/1929/character-to-radical	X	vocabulary	1929	zh-Hant	zh-Hant	啄	"[""口""]"	[]		"[""zh-Hant.frequency.1934"",""zh.radical.kangxi.030""]"	[]	[]	sources/characters.tsv	frequency-order position 1929; corpus frequency rank 1934; Ministry common-character number 603	啄: frequency-order position 1929; corpus frequency rank 1934; 55 appearances (0.00455%); Unihan kRSUnicode 30.8; Kangxi radical 30 口; Unihan kRSUnicode single radical assignment.	[]	"[""chinese"",""traditional"",""radicals"",""frequency"",""character-to-radical"",""one-way"",""part-10""]"
zh-traditional-radicals-frequency-x/1930/character-to-radical	X	vocabulary	1930	zh-Hant	zh-Hant	惱	"[""心""]"	[]		"[""zh-Hant.frequency.1935"",""zh.radical.kangxi.061""]"	[]	[]	sources/characters.tsv	frequency-order position 1930; corpus frequency rank 1935; Ministry common-character number 1394	惱: frequency-order position 1930; corpus frequency rank 1935; 55 appearances (0.00455%); Unihan kRSUnicode 61.9; Kangxi radical 61 心; Unihan kRSUnicode single radical assignment.	[]	"[""chinese"",""traditional"",""radicals"",""frequency"",""character-to-radical"",""one-way"",""part-10""]"
zh-traditional-radicals-frequency-x/1931/character-to-radical	X	vocabulary	1931	zh-Hant	zh-Hant	瞪	"[""目""]"	[]		"[""zh-Hant.frequency.1936"",""zh.radical.kangxi.109""]"	[]	[]	sources/characters.tsv	frequency-order position 1931; corpus frequency rank 1936; Ministry common-character number 2802	瞪: frequency-order position 1931; corpus frequency rank 1936; 55 appearances (0.00455%); Unihan kRSUnicode 109.12; Kangxi radical 109 目; Unihan kRSUnicode single radical assignment.	[]	"[""chinese"",""traditional"",""radicals"",""frequency"",""character-to-radical"",""one-way"",""part-10""]"
zh-traditional-radicals-frequency-x/1932/character-to-radical	X	vocabulary	1932	zh-Hant	zh-Hant	滔	"[""水""]"	[]		"[""zh-Hant.frequency.1937"",""zh.radical.kangxi.085""]"	[]	[]	sources/characters.tsv	frequency-order position 1932; corpus frequency rank 1937; Ministry common-character number 2295	滔: frequency-order position 1932; corpus frequency rank 1937; 55 appearances (0.00455%); Unihan kRSUnicode 85.10; Kangxi radical 85 水; Unihan kRSUnicode single radical assignment.	[]	"[""chinese"",""traditional"",""radicals"",""frequency"",""character-to-radical"",""one-way"",""part-10""]"
zh-traditional-radicals-frequency-x/1933/character-to-radical	X	vocabulary	1933	zh-Hant	zh-Hant	碧	"[""石""]"	[]		"[""zh-Hant.frequency.1938"",""zh.radical.kangxi.112""]"	[]	[]	sources/characters.tsv	frequency-order position 1933; corpus frequency rank 1938; Ministry common-character number 2852	碧: frequency-order position 1933; corpus frequency rank 1938; 55 appearances (0.00455%); Unihan kRSUnicode 112.9; Kangxi radical 112 石; Unihan kRSUnicode single radical assignment.	[]	"[""chinese"",""traditional"",""radicals"",""frequency"",""character-to-radical"",""one-way"",""part-10""]"
zh-traditional-radicals-frequency-x/1934/character-to-radical	X	vocabulary	1934	zh-Hant	zh-Hant	誌	"[""言""]"	[]		"[""zh-Hant.frequency.1939"",""zh.radical.kangxi.149""]"	[]	[]	sources/characters.tsv	frequency-order position 1934; corpus frequency rank 1939; Ministry common-character number 3832	誌: frequency-order position 1934; corpus frequency rank 1939; 55 appearances (0.00455%); Unihan kRSUnicode 149.7; Kangxi radical 149 言; Unihan kRSUnicode single radical assignment.	[]	"[""chinese"",""traditional"",""radicals"",""frequency"",""character-to-radical"",""one-way"",""part-10""]"
zh-traditional-radicals-frequency-x/1935/character-to-radical	X	vocabulary	1935	zh-Hant	zh-Hant	闆	"[""門""]"	[]		"[""zh-Hant.frequency.1940"",""zh.radical.kangxi.169""]"	[]	[]	sources/characters.tsv	frequency-order position 1935; corpus frequency rank 1940; Ministry common-character number 4394	闆: frequency-order position 1935; corpus frequency rank 1940; 55 appearances (0.00455%); Unihan kRSUnicode 169.9; Kangxi radical 169 門; Unihan kRSUnicode single radical assignment.	[]	"[""chinese"",""traditional"",""radicals"",""frequency"",""character-to-radical"",""one-way"",""part-10""]"
zh-traditional-radicals-frequency-x/1936/character-to-radical	X	vocabulary	1936	zh-Hant	zh-Hant	猶	"[""犬""]"	[]		"[""zh-Hant.frequency.1941"",""zh.radical.kangxi.094""]"	[]	[]	sources/characters.tsv	frequency-order position 1936; corpus frequency rank 1941; Ministry common-character number 2529	猶: frequency-order position 1936; corpus frequency rank 1941; 55 appearances (0.00455%); Unihan kRSUnicode 94.9; Kangxi radical 94 犬; Unihan kRSUnicode single radical assignment.	[]	"[""chinese"",""traditional"",""radicals"",""frequency"",""character-to-radical"",""one-way"",""part-10""]"
zh-traditional-radicals-frequency-x/1937/character-to-radical	X	vocabulary	1937	zh-Hant	zh-Hant	糧	"[""米""]"	[]		"[""zh-Hant.frequency.1942"",""zh.radical.kangxi.119""]"	[]	[]	sources/characters.tsv	frequency-order position 1937; corpus frequency rank 1942; Ministry common-character number 3077	糧: frequency-order position 1937; corpus frequency rank 1942; 55 appearances (0.00455%); Unihan kRSUnicode 119.12; Kangxi radical 119 米; Unihan kRSUnicode single radical assignment.	[]	"[""chinese"",""traditional"",""radicals"",""frequency"",""character-to-radical"",""one-way"",""part-10""]"
zh-traditional-radicals-frequency-x/1938/character-to-radical	X	vocabulary	1938	zh-Hant	zh-Hant	脊	"[""肉""]"	[]		"[""zh-Hant.frequency.1943"",""zh.radical.kangxi.130""]"	[]	[]	sources/characters.tsv	frequency-order position 1938; corpus frequency rank 1943; Ministry common-character number 3330	脊: frequency-order position 1938; corpus frequency rank 1943; 54 appearances (0.00447%); Unihan kRSUnicode 130.6; Kangxi radical 130 肉; Unihan kRSUnicode single radical assignment.	[]	"[""chinese"",""traditional"",""radicals"",""frequency"",""character-to-radical"",""one-way"",""part-10""]"
zh-traditional-radicals-frequency-x/1939/character-to-radical	X	vocabulary	1939	zh-Hant	zh-Hant	唯	"[""口""]"	[]		"[""zh-Hant.frequency.1944"",""zh.radical.kangxi.030""]"	[]	[]	sources/characters.tsv	frequency-order position 1939; corpus frequency rank 1944; Ministry common-character number 612	唯: frequency-order position 1939; corpus frequency rank 1944; 54 appearances (0.00447%); Unihan kRSUnicode 30.8; Kangxi radical 30 口; Unihan kRSUnicode single radical assignment.	[]	"[""chinese"",""traditional"",""radicals"",""frequency"",""character-to-radical"",""one-way"",""part-10""]"
zh-traditional-radicals-frequency-x/1940/character-to-radical	X	vocabulary	1940	zh-Hant	zh-Hant	爽	"[""爻""]"	[]		"[""zh-Hant.frequency.1945"",""zh.radical.kangxi.089""]"	[]	[]	sources/characters.tsv	frequency-order position 1940; corpus frequency rank 1945; Ministry common-character number 2476	爽: frequency-order position 1940; corpus frequency rank 1945; 54 appearances (0.00447%); Unihan kRSUnicode 89.7; Kangxi radical 89 爻; Unihan kRSUnicode single radical assignment.	[]	"[""chinese"",""traditional"",""radicals"",""frequency"",""character-to-radical"",""one-way"",""part-10""]"
zh-traditional-radicals-frequency-x/1941/character-to-radical	X	vocabulary	1941	zh-Hant	zh-Hant	控	"[""手""]"	[]		"[""zh-Hant.frequency.1946"",""zh.radical.kangxi.064""]"	[]	[]	sources/characters.tsv	frequency-order position 1941; corpus frequency rank 1946; Ministry common-character number 1587	控: frequency-order position 1941; corpus frequency rank 1946; 54 appearances (0.00447%); Unihan kRSUnicode 64.8; Kangxi radical 64 手; Unihan kRSUnicode single radical assignment.	[]	"[""chinese"",""traditional"",""radicals"",""frequency"",""character-to-radical"",""one-way"",""part-10""]"
zh-traditional-radicals-frequency-x/1942/character-to-radical	X	vocabulary	1942	zh-Hant	zh-Hant	訝	"[""言""]"	[]		"[""zh-Hant.frequency.1947"",""zh.radical.kangxi.149""]"	[]	[]	sources/characters.tsv	frequency-order position 1942; corpus frequency rank 1947; Ministry common-character number 3795	訝: frequency-order position 1942; corpus frequency rank 1947; 54 appearances (0.00447%); Unihan kRSUnicode 149.4; Kangxi radical 149 言; Unihan kRSUnicode single radical assignment.	[]	"[""chinese"",""traditional"",""radicals"",""frequency"",""character-to-radical"",""one-way"",""part-10""]"
zh-traditional-radicals-frequency-x/1943/character-to-radical	X	vocabulary	1943	zh-Hant	zh-Hant	辯	"[""辛""]"	[]		"[""zh-Hant.frequency.1948"",""zh.radical.kangxi.160""]"	[]	[]	sources/characters.tsv	frequency-order position 1943; corpus frequency rank 1948; Ministry common-character number 4108	辯: frequency-order position 1943; corpus frequency rank 1948; 54 appearances (0.00447%); Unihan kRSUnicode 160.14; Kangxi radical 160 辛; Unihan kRSUnicode single radical assignment.	[]	"[""chinese"",""traditional"",""radicals"",""frequency"",""character-to-radical"",""one-way"",""part-10""]"
zh-traditional-radicals-frequency-x/1944/character-to-radical	X	vocabulary	1944	zh-Hant	zh-Hant	慘	"[""心""]"	[]		"[""zh-Hant.frequency.1949"",""zh.radical.kangxi.061""]"	[]	[]	sources/characters.tsv	frequency-order position 1944; corpus frequency rank 1949; Ministry common-character number 1423	慘: frequency-order position 1944; corpus frequency rank 1949; 54 appearances (0.00447%); Unihan kRSUnicode 61.11; Kangxi radical 61 心; Unihan kRSUnicode single radical assignment.	[]	"[""chinese"",""traditional"",""radicals"",""frequency"",""character-to-radical"",""one-way"",""part-10""]"
zh-traditional-radicals-frequency-x/1945/character-to-radical	X	vocabulary	1945	zh-Hant	zh-Hant	銳	"[""金""]"	[]		"[""zh-Hant.frequency.1950"",""zh.radical.kangxi.167""]"	[]	[]	sources/characters.tsv	frequency-order position 1945; corpus frequency rank 1950; Ministry common-character number 4303	銳: frequency-order position 1945; corpus frequency rank 1950; 54 appearances (0.00447%); Unihan kRSUnicode 167.7; Kangxi radical 167 金; Unihan kRSUnicode single radical assignment.	[]	"[""chinese"",""traditional"",""radicals"",""frequency"",""character-to-radical"",""one-way"",""part-10""]"
zh-traditional-radicals-frequency-x/1946/character-to-radical	X	vocabulary	1946	zh-Hant	zh-Hant	劑	"[""刀""]"	[]		"[""zh-Hant.frequency.1951"",""zh.radical.kangxi.018""]"	[]	[]	sources/characters.tsv	frequency-order position 1946; corpus frequency rank 1951; Ministry common-character number 378	劑: frequency-order position 1946; corpus frequency rank 1951; 54 appearances (0.00447%); Unihan kRSUnicode 18.14; Kangxi radical 18 刀; Unihan kRSUnicode single radical assignment.	[]	"[""chinese"",""traditional"",""radicals"",""frequency"",""character-to-radical"",""one-way"",""part-10""]"
zh-traditional-radicals-frequency-x/1947/character-to-radical	X	vocabulary	1947	zh-Hant	zh-Hant	謙	"[""言""]"	[]		"[""zh-Hant.frequency.1952"",""zh.radical.kangxi.149""]"	[]	[]	sources/characters.tsv	frequency-order position 1947; corpus frequency rank 1952; Ministry common-character number 3873	謙: frequency-order position 1947; corpus frequency rank 1952; 54 appearances (0.00447%); Unihan kRSUnicode 149.10; Kangxi radical 149 言; Unihan kRSUnicode single radical assignment.	[]	"[""chinese"",""traditional"",""radicals"",""frequency"",""character-to-radical"",""one-way"",""part-10""]"
zh-traditional-radicals-frequency-x/1948/character-to-radical	X	vocabulary	1948	zh-Hant	zh-Hant	鴉	"[""鳥""]"	[]		"[""zh-Hant.frequency.1953"",""zh.radical.kangxi.196""]"	[]	[]	sources/characters.tsv	frequency-order position 1948; corpus frequency rank 1953; Ministry common-character number 4722	鴉: frequency-order position 1948; corpus frequency rank 1953; 54 appearances (0.00447%); Unihan kRSUnicode 196.4; Kangxi radical 196 鳥; Unihan kRSUnicode single radical assignment.	[]	"[""chinese"",""traditional"",""radicals"",""frequency"",""character-to-radical"",""one-way"",""part-10""]"
zh-traditional-radicals-frequency-x/1949/character-to-radical	X	vocabulary	1949	zh-Hant	zh-Hant	鱷	"[""魚""]"	[]		"[""zh-Hant.frequency.1954"",""zh.radical.kangxi.195""]"	[]	[]	sources/characters.tsv	frequency-order position 1949; corpus frequency rank 1954; Ministry common-character number 4714	鱷: frequency-order position 1949; corpus frequency rank 1954; 54 appearances (0.00447%); Unihan kRSUnicode 195.16; Kangxi radical 195 魚; Unihan kRSUnicode single radical assignment.	[]	"[""chinese"",""traditional"",""radicals"",""frequency"",""character-to-radical"",""one-way"",""part-10""]"
zh-traditional-radicals-frequency-x/1950/character-to-radical	X	vocabulary	1950	zh-Hant	zh-Hant	召	"[""口""]"	[]		"[""zh-Hant.frequency.1955"",""zh.radical.kangxi.030""]"	[]	[]	sources/characters.tsv	frequency-order position 1950; corpus frequency rank 1955; Ministry common-character number 484	召: frequency-order position 1950; corpus frequency rank 1955; 53 appearances (0.00439%); Unihan kRSUnicode 30.2; Kangxi radical 30 口; Unihan kRSUnicode single radical assignment.	[]	"[""chinese"",""traditional"",""radicals"",""frequency"",""character-to-radical"",""one-way"",""part-10""]"
zh-traditional-radicals-frequency-x/1951/character-to-radical	X	vocabulary	1951	zh-Hant	zh-Hant	干	"[""干""]"	[]		"[""zh-Hant.frequency.1956"",""zh.radical.kangxi.051""]"	[]	[]	sources/characters.tsv	frequency-order position 1951; corpus frequency rank 1956; Ministry common-character number 1191	干: frequency-order position 1951; corpus frequency rank 1956; 53 appearances (0.00439%); Unihan kRSUnicode 51.0; Kangxi radical 51 干; Unihan kRSUnicode single radical assignment.	[]	"[""chinese"",""traditional"",""radicals"",""frequency"",""character-to-radical"",""one-way"",""part-10""]"
zh-traditional-radicals-frequency-x/1952/character-to-radical	X	vocabulary	1952	zh-Hant	zh-Hant	弓	"[""弓""]"	[]		"[""zh-Hant.frequency.1957"",""zh.radical.kangxi.057""]"	[]	[]	sources/characters.tsv	frequency-order position 1952; corpus frequency rank 1957; Ministry common-character number 1245	弓: frequency-order position 1952; corpus frequency rank 1957; 53 appearances (0.00439%); Unihan kRSUnicode 57.0; Kangxi radical 57 弓; Unihan kRSUnicode single radical assignment.	[]	"[""chinese"",""traditional"",""radicals"",""frequency"",""character-to-radical"",""one-way"",""part-10""]"
zh-traditional-radicals-frequency-x/1953/character-to-radical	X	vocabulary	1953	zh-Hant	zh-Hant	盈	"[""皿""]"	[]		"[""zh-Hant.frequency.1958"",""zh.radical.kangxi.108""]"	[]	[]	sources/characters.tsv	frequency-order position 1953; corpus frequency rank 1958; Ministry common-character number 2738	盈: frequency-order position 1953; corpus frequency rank 1958; 53 appearances (0.00439%); Unihan kRSUnicode 108.4; Kangxi radical 108 皿; Unihan kRSUnicode single radical assignment.	[]	"[""chinese"",""traditional"",""radicals"",""frequency"",""character-to-radical"",""one-way"",""part-10""]"
zh-traditional-radicals-frequency-x/1954/character-to-radical	X	vocabulary	1954	zh-Hant	zh-Hant	疲	"[""疒""]"	[]		"[""zh-Hant.frequency.1959"",""zh.radical.kangxi.104""]"	[]	[]	sources/characters.tsv	frequency-order position 1954; corpus frequency rank 1959; Ministry common-character number 2669	疲: frequency-order position 1954; corpus frequency rank 1959; 53 appearances (0.00439%); Unihan kRSUnicode 104.5; Kangxi radical 104 疒; Unihan kRSUnicode single radical assignment.	[]	"[""chinese"",""traditional"",""radicals"",""frequency"",""character-to-radical"",""one-way"",""part-10""]"
zh-traditional-radicals-frequency-x/1955/character-to-radical	X	vocabulary	1955	zh-Hant	zh-Hant	執	"[""土""]"	[]		"[""zh-Hant.frequency.1960"",""zh.radical.kangxi.032""]"	[]	[]	sources/characters.tsv	frequency-order position 1955; corpus frequency rank 1960; Ministry common-character number 784	執: frequency-order position 1955; corpus frequency rank 1960; 53 appearances (0.00439%); Unihan kRSUnicode 32.8; Kangxi radical 32 土; Unihan kRSUnicode single radical assignment.	[]	"[""chinese"",""traditional"",""radicals"",""frequency"",""character-to-radical"",""one-way"",""part-10""]"
zh-traditional-radicals-frequency-x/1956/character-to-radical	X	vocabulary	1956	zh-Hant	zh-Hant	蛛	"[""虫""]"	[]		"[""zh-Hant.frequency.1961"",""zh.radical.kangxi.142""]"	[]	[]	sources/characters.tsv	frequency-order position 1956; corpus frequency rank 1961; Ministry common-character number 3637	蛛: frequency-order position 1956; corpus frequency rank 1961; 53 appearances (0.00439%); Unihan kRSUnicode 142.6; Kangxi radical 142 虫; Unihan kRSUnicode single radical assignment.	[]	"[""chinese"",""traditional"",""radicals"",""frequency"",""character-to-radical"",""one-way"",""part-10""]"
zh-traditional-radicals-frequency-x/1957/character-to-radical	X	vocabulary	1957	zh-Hant	zh-Hant	筷	"[""竹""]"	[]		"[""zh-Hant.frequency.1962"",""zh.radical.kangxi.118""]"	[]	[]	sources/characters.tsv	frequency-order position 1957; corpus frequency rank 1962; Ministry common-character number 3006	筷: frequency-order position 1957; corpus frequency rank 1962; 53 appearances (0.00439%); Unihan kRSUnicode 118.7; Kangxi radical 118 竹; Unihan kRSUnicode single radical assignment.	[]	"[""chinese"",""traditional"",""radicals"",""frequency"",""character-to-radical"",""one-way"",""part-10""]"
zh-traditional-radicals-frequency-x/1958/character-to-radical	X	vocabulary	1958	zh-Hant	zh-Hant	諒	"[""言""]"	[]		"[""zh-Hant.frequency.1963"",""zh.radical.kangxi.149""]"	[]	[]	sources/characters.tsv	frequency-order position 1958; corpus frequency rank 1963; Ministry common-character number 3845	諒: frequency-order position 1958; corpus frequency rank 1963; 53 appearances (0.00439%); Unihan kRSUnicode 149.8; Kangxi radical 149 言; Unihan kRSUnicode single radical assignment.	[]	"[""chinese"",""traditional"",""radicals"",""frequency"",""character-to-radical"",""one-way"",""part-10""]"
zh-traditional-radicals-frequency-x/1959/character-to-radical	X	vocabulary	1959	zh-Hant	zh-Hant	芒	"[""艸""]"	[]		"[""zh-Hant.frequency.1964"",""zh.radical.kangxi.140""]"	[]	[]	sources/characters.tsv	frequency-order position 1959; corpus frequency rank 1964; Ministry common-character number 3429	芒: frequency-order position 1959; corpus frequency rank 1964; 52 appearances (0.00430%); Unihan kRSUnicode 140.3; Kangxi radical 140 艸; Unihan kRSUnicode single radical assignment.	[]	"[""chinese"",""traditional"",""radicals"",""frequency"",""character-to-radical"",""one-way"",""part-10""]"
zh-traditional-radicals-frequency-x/1960/character-to-radical	X	vocabulary	1960	zh-Hant	zh-Hant	尿	"[""尸""]"	[]		"[""zh-Hant.frequency.1965"",""zh.radical.kangxi.044""]"	[]	[]	sources/characters.tsv	frequency-order position 1960; corpus frequency rank 1965; Ministry common-character number 1081	尿: frequency-order position 1960; corpus frequency rank 1965; 52 appearances (0.00430%); Unihan kRSUnicode 44.4; Kangxi radical 44 尸; Unihan kRSUnicode single radical assignment.	[]	"[""chinese"",""traditional"",""radicals"",""frequency"",""character-to-radical"",""one-way"",""part-10""]"
zh-traditional-radicals-frequency-x/1961/character-to-radical	X	vocabulary	1961	zh-Hant	zh-Hant	牲	"[""牛""]"	[]		"[""zh-Hant.frequency.1966"",""zh.radical.kangxi.093""]"	[]	[]	sources/characters.tsv	frequency-order position 1961; corpus frequency rank 1966; Ministry common-character number 2494	牲: frequency-order position 1961; corpus frequency rank 1966; 52 appearances (0.00430%); Unihan kRSUnicode 93.5; Kangxi radical 93 牛; Unihan kRSUnicode single radical assignment.	[]	"[""chinese"",""traditional"",""radicals"",""frequency"",""character-to-radical"",""one-way"",""part-10""]"
zh-traditional-radicals-frequency-x/1962/character-to-radical	X	vocabulary	1962	zh-Hant	zh-Hant	茲	"[""艸""]"	[]		"[""zh-Hant.frequency.1967"",""zh.radical.kangxi.140""]"	[]	[]	sources/characters.tsv	frequency-order position 1962; corpus frequency rank 1967; Ministry common-character number 3473	茲: frequency-order position 1962; corpus frequency rank 1967; 52 appearances (0.00430%); Unihan kRSUnicode 140.6; Kangxi radical 140 艸; Unihan kRSUnicode single radical assignment.	[]	"[""chinese"",""traditional"",""radicals"",""frequency"",""character-to-radical"",""one-way"",""part-10""]"
zh-traditional-radicals-frequency-x/1963/character-to-radical	X	vocabulary	1963	zh-Hant	zh-Hant	莎	"[""艸""]"	[]		"[""zh-Hant.frequency.1968"",""zh.radical.kangxi.140""]"	[]	[]	sources/characters.tsv	frequency-order position 1963; corpus frequency rank 1968; Ministry common-character number 3479	莎: frequency-order position 1963; corpus frequency rank 1968; 52 appearances (0.00430%); Unihan kRSUnicode 140.7; Kangxi radical 140 艸; Unihan kRSUnicode single radical assignment.	[]	"[""chinese"",""traditional"",""radicals"",""frequency"",""character-to-radical"",""one-way"",""part-10""]"
zh-traditional-radicals-frequency-x/1964/character-to-radical	X	vocabulary	1964	zh-Hant	zh-Hant	愁	"[""心""]"	[]		"[""zh-Hant.frequency.1969"",""zh.radical.kangxi.061""]"	[]	[]	sources/characters.tsv	frequency-order position 1964; corpus frequency rank 1969; Ministry common-character number 1406	愁: frequency-order position 1964; corpus frequency rank 1969; 52 appearances (0.00430%); Unihan kRSUnicode 61.9; Kangxi radical 61 心; Unihan kRSUnicode single radical assignment.	[]	"[""chinese"",""traditional"",""radicals"",""frequency"",""character-to-radical"",""one-way"",""part-10""]"
zh-traditional-radicals-frequency-x/1965/character-to-radical	X	vocabulary	1965	zh-Hant	zh-Hant	跨	"[""足""]"	[]		"[""zh-Hant.frequency.1970"",""zh.radical.kangxi.157""]"	[]	[]	sources/characters.tsv	frequency-order position 1965; corpus frequency rank 1970; Ministry common-character number 4014	跨: frequency-order position 1965; corpus frequency rank 1970; 52 appearances (0.00430%); Unihan kRSUnicode 157.6; Kangxi radical 157 足; Unihan kRSUnicode single radical assignment.	[]	"[""chinese"",""traditional"",""radicals"",""frequency"",""character-to-radical"",""one-way"",""part-10""]"
zh-traditional-radicals-frequency-x/1966/character-to-radical	X	vocabulary	1966	zh-Hant	zh-Hant	歉	"[""欠""]"	[]		"[""zh-Hant.frequency.1971"",""zh.radical.kangxi.076""]"	[]	[]	sources/characters.tsv	frequency-order position 1966; corpus frequency rank 1971; Ministry common-character number 2060	歉: frequency-order position 1966; corpus frequency rank 1971; 52 appearances (0.00430%); Unihan kRSUnicode 76.10; Kangxi radical 76 欠; Unihan kRSUnicode single radical assignment.	[]	"[""chinese"",""traditional"",""radicals"",""frequency"",""character-to-radical"",""one-way"",""part-10""]"
zh-traditional-radicals-frequency-x/1967/character-to-radical	X	vocabulary	1967	zh-Hant	zh-Hant	睜	"[""目""]"	[]		"[""zh-Hant.frequency.1972"",""zh.radical.kangxi.109""]"	[]	[]	sources/characters.tsv	frequency-order position 1967; corpus frequency rank 1972; Ministry common-character number 2786	睜: frequency-order position 1967; corpus frequency rank 1972; 52 appearances (0.00430%); Unihan kRSUnicode 109.8; Kangxi radical 109 目; Unihan kRSUnicode single radical assignment.	[]	"[""chinese"",""traditional"",""radicals"",""frequency"",""character-to-radical"",""one-way"",""part-10""]"
zh-traditional-radicals-frequency-x/1968/character-to-radical	X	vocabulary	1968	zh-Hant	zh-Hant	賺	"[""貝""]"	[]		"[""zh-Hant.frequency.1973"",""zh.radical.kangxi.154""]"	[]	[]	sources/characters.tsv	frequency-order position 1968; corpus frequency rank 1973; Ministry common-character number 3972	賺: frequency-order position 1968; corpus frequency rank 1973; 52 appearances (0.00430%); Unihan kRSUnicode 154.10; Kangxi radical 154 貝; Unihan kRSUnicode single radical assignment.	[]	"[""chinese"",""traditional"",""radicals"",""frequency"",""character-to-radical"",""one-way"",""part-10""]"
zh-traditional-radicals-frequency-x/1969/character-to-radical	X	vocabulary	1969	zh-Hant	zh-Hant	龐	"[""广""]"	[]		"[""zh-Hant.frequency.1974"",""zh.radical.kangxi.053""]"	[]	[]	sources/characters.tsv	frequency-order position 1969; corpus frequency rank 1974; Ministry common-character number 1232	龐: frequency-order position 1969; corpus frequency rank 1974; 52 appearances (0.00430%); Unihan kRSUnicode 53.16 212.3; Kangxi radical 53 广; Multiple Unihan possibilities; conventional Traditional dictionary radical 广 selected.	[]	"[""chinese"",""traditional"",""radicals"",""frequency"",""character-to-radical"",""one-way"",""part-10""]"
zh-traditional-radicals-frequency-x/1970/character-to-radical	X	vocabulary	1970	zh-Hant	zh-Hant	罐	"[""缶""]"	[]		"[""zh-Hant.frequency.1975"",""zh.radical.kangxi.121""]"	[]	[]	sources/characters.tsv	frequency-order position 1970; corpus frequency rank 1975; Ministry common-character number 3201	罐: frequency-order position 1970; corpus frequency rank 1975; 52 appearances (0.00430%); Unihan kRSUnicode 121.18; Kangxi radical 121 缶; Unihan kRSUnicode single radical assignment.	[]	"[""chinese"",""traditional"",""radicals"",""frequency"",""character-to-radical"",""one-way"",""part-10""]"
zh-traditional-radicals-frequency-x/1971/character-to-radical	X	vocabulary	1971	zh-Hant	zh-Hant	仇	"[""人""]"	[]		"[""zh-Hant.frequency.1976"",""zh.radical.kangxi.009""]"	[]	[]	sources/characters.tsv	frequency-order position 1971; corpus frequency rank 1976; Ministry common-character number 73	仇: frequency-order position 1971; corpus frequency rank 1976; 51 appearances (0.00422%); Unihan kRSUnicode 9.2; Kangxi radical 9 人; Unihan kRSUnicode single radical assignment.	[]	"[""chinese"",""traditional"",""radicals"",""frequency"",""character-to-radical"",""one-way"",""part-10""]"
zh-traditional-radicals-frequency-x/1972/character-to-radical	X	vocabulary	1972	zh-Hant	zh-Hant	巫	"[""工""]"	[]		"[""zh-Hant.frequency.1977"",""zh.radical.kangxi.048""]"	[]	[]	sources/characters.tsv	frequency-order position 1972; corpus frequency rank 1977; Ministry common-character number 1152	巫: frequency-order position 1972; corpus frequency rank 1977; 51 appearances (0.00422%); Unihan kRSUnicode 48.4; Kangxi radical 48 工; Unihan kRSUnicode single radical assignment.	[]	"[""chinese"",""traditional"",""radicals"",""frequency"",""character-to-radical"",""one-way"",""part-10""]"
zh-traditional-radicals-frequency-x/1973/character-to-radical	X	vocabulary	1973	zh-Hant	zh-Hant	戒	"[""戈""]"	[]		"[""zh-Hant.frequency.1978"",""zh.radical.kangxi.062""]"	[]	[]	sources/characters.tsv	frequency-order position 1973; corpus frequency rank 1978; Ministry common-character number 1472	戒: frequency-order position 1973; corpus frequency rank 1978; 51 appearances (0.00422%); Unihan kRSUnicode 62.3; Kangxi radical 62 戈; Unihan kRSUnicode single radical assignment.	[]	"[""chinese"",""traditional"",""radicals"",""frequency"",""character-to-radical"",""one-way"",""part-10""]"
zh-traditional-radicals-frequency-x/1974/character-to-radical	X	vocabulary	1974	zh-Hant	zh-Hant	返	"[""辵""]"	[]		"[""zh-Hant.frequency.1979"",""zh.radical.kangxi.162""]"	[]	[]	sources/characters.tsv	frequency-order position 1974; corpus frequency rank 1979; Ministry common-character number 4118	返: frequency-order position 1974; corpus frequency rank 1979; 51 appearances (0.00422%); Unihan kRSUnicode 162.4; Kangxi radical 162 辵; Unihan kRSUnicode single radical assignment.	[]	"[""chinese"",""traditional"",""radicals"",""frequency"",""character-to-radical"",""one-way"",""part-10""]"
zh-traditional-radicals-frequency-x/1975/character-to-radical	X	vocabulary	1975	zh-Hant	zh-Hant	姨	"[""女""]"	[]		"[""zh-Hant.frequency.1980"",""zh.radical.kangxi.038""]"	[]	[]	sources/characters.tsv	frequency-order position 1975; corpus frequency rank 1980; Ministry common-character number 918	姨: frequency-order position 1975; corpus frequency rank 1980; 51 appearances (0.00422%); Unihan kRSUnicode 38.6; Kangxi radical 38 女; Unihan kRSUnicode single radical assignment.	[]	"[""chinese"",""traditional"",""radicals"",""frequency"",""character-to-radical"",""one-way"",""part-10""]"
zh-traditional-radicals-frequency-x/1976/character-to-radical	X	vocabulary	1976	zh-Hant	zh-Hant	臥	"[""臣""]"	[]		"[""zh-Hant.frequency.1981"",""zh.radical.kangxi.131""]"	[]	[]	sources/characters.tsv	frequency-order position 1976; corpus frequency rank 1981; Ministry common-character number 3383	臥: frequency-order position 1976; corpus frequency rank 1981; 51 appearances (0.00422%); Unihan kRSUnicode 131.2; Kangxi radical 131 臣; Unihan kRSUnicode single radical assignment.	[]	"[""chinese"",""traditional"",""radicals"",""frequency"",""character-to-radical"",""one-way"",""part-10""]"
zh-traditional-radicals-frequency-x/1977/character-to-radical	X	vocabulary	1977	zh-Hant	zh-Hant	眠	"[""目""]"	[]		"[""zh-Hant.frequency.1982"",""zh.radical.kangxi.109""]"	[]	[]	sources/characters.tsv	frequency-order position 1977; corpus frequency rank 1982; Ministry common-character number 2769	眠: frequency-order position 1977; corpus frequency rank 1982; 51 appearances (0.00422%); Unihan kRSUnicode 109.5; Kangxi radical 109 目; Unihan kRSUnicode single radical assignment.	[]	"[""chinese"",""traditional"",""radicals"",""frequency"",""character-to-radical"",""one-way"",""part-10""]"
zh-traditional-radicals-frequency-x/1978/character-to-radical	X	vocabulary	1978	zh-Hant	zh-Hant	曼	"[""曰""]"	[]		"[""zh-Hant.frequency.1983"",""zh.radical.kangxi.073""]"	[]	[]	sources/characters.tsv	frequency-order position 1978; corpus frequency rank 1983; Ministry common-character number 478	曼: frequency-order position 1978; corpus frequency rank 1983; 51 appearances (0.00422%); Unihan kRSUnicode 73.7; Kangxi radical 73 曰; Unihan kRSUnicode single radical assignment.	[]	"[""chinese"",""traditional"",""radicals"",""frequency"",""character-to-radical"",""one-way"",""part-10""]"
zh-traditional-radicals-frequency-x/1979/character-to-radical	X	vocabulary	1979	zh-Hant	zh-Hant	購	"[""貝""]"	[]		"[""zh-Hant.frequency.1984"",""zh.radical.kangxi.154""]"	[]	[]	sources/characters.tsv	frequency-order position 1979; corpus frequency rank 1984; Ministry common-character number 3974	購: frequency-order position 1979; corpus frequency rank 1984; 51 appearances (0.00422%); Unihan kRSUnicode 154.10; Kangxi radical 154 貝; Unihan kRSUnicode single radical assignment.	[]	"[""chinese"",""traditional"",""radicals"",""frequency"",""character-to-radical"",""one-way"",""part-10""]"
zh-traditional-radicals-frequency-x/1980/character-to-radical	X	vocabulary	1980	zh-Hant	zh-Hant	悉	"[""心""]"	[]		"[""zh-Hant.frequency.1985"",""zh.radical.kangxi.061""]"	[]	[]	sources/characters.tsv	frequency-order position 1980; corpus frequency rank 1985; Ministry common-character number 1363	悉: frequency-order position 1980; corpus frequency rank 1985; 51 appearances (0.00422%); Unihan kRSUnicode 61.7; Kangxi radical 61 心; Unihan kRSUnicode single radical assignment.	[]	"[""chinese"",""traditional"",""radicals"",""frequency"",""character-to-radical"",""one-way"",""part-10""]"
zh-traditional-radicals-frequency-x/1981/character-to-radical	X	vocabulary	1981	zh-Hant	zh-Hant	欺	"[""欠""]"	[]		"[""zh-Hant.frequency.1986"",""zh.radical.kangxi.076""]"	[]	[]	sources/characters.tsv	frequency-order position 1981; corpus frequency rank 1986; Ministry common-character number 2057	欺: frequency-order position 1981; corpus frequency rank 1986; 51 appearances (0.00422%); Unihan kRSUnicode 76.8; Kangxi radical 76 欠; Unihan kRSUnicode single radical assignment.	[]	"[""chinese"",""traditional"",""radicals"",""frequency"",""character-to-radical"",""one-way"",""part-10""]"
zh-traditional-radicals-frequency-x/1982/character-to-radical	X	vocabulary	1982	zh-Hant	zh-Hant	鉤	"[""金""]"	[]		"[""zh-Hant.frequency.1987"",""zh.radical.kangxi.167""]"	[]	[]	sources/characters.tsv	frequency-order position 1982; corpus frequency rank 1987; Ministry common-character number 4285	鉤: frequency-order position 1982; corpus frequency rank 1987; 51 appearances (0.00422%); Unihan kRSUnicode 167.5; Kangxi radical 167 金; Unihan kRSUnicode single radical assignment.	[]	"[""chinese"",""traditional"",""radicals"",""frequency"",""character-to-radical"",""one-way"",""part-10""]"
zh-traditional-radicals-frequency-x/1983/character-to-radical	X	vocabulary	1983	zh-Hant	zh-Hant	澎	"[""水""]"	[]		"[""zh-Hant.frequency.1988"",""zh.radical.kangxi.085""]"	[]	[]	sources/characters.tsv	frequency-order position 1983; corpus frequency rank 1988; Ministry common-character number 2336	澎: frequency-order position 1983; corpus frequency rank 1988; 51 appearances (0.00422%); Unihan kRSUnicode 85.12; Kangxi radical 85 水; Unihan kRSUnicode single radical assignment.	[]	"[""chinese"",""traditional"",""radicals"",""frequency"",""character-to-radical"",""one-way"",""part-10""]"
zh-traditional-radicals-frequency-x/1984/character-to-radical	X	vocabulary	1984	zh-Hant	zh-Hant	痕	"[""疒""]"	[]		"[""zh-Hant.frequency.1989"",""zh.radical.kangxi.104""]"	[]	[]	sources/characters.tsv	frequency-order position 1984; corpus frequency rank 1989; Ministry common-character number 2676	痕: frequency-order position 1984; corpus frequency rank 1989; 51 appearances (0.00422%); Unihan kRSUnicode 104.6; Kangxi radical 104 疒; Unihan kRSUnicode single radical assignment.	[]	"[""chinese"",""traditional"",""radicals"",""frequency"",""character-to-radical"",""one-way"",""part-10""]"
zh-traditional-radicals-frequency-x/1985/character-to-radical	X	vocabulary	1985	zh-Hant	zh-Hant	蹈	"[""足""]"	[]		"[""zh-Hant.frequency.1990"",""zh.radical.kangxi.157""]"	[]	[]	sources/characters.tsv	frequency-order position 1985; corpus frequency rank 1990; Ministry common-character number 4035	蹈: frequency-order position 1985; corpus frequency rank 1990; 51 appearances (0.00422%); Unihan kRSUnicode 157.10; Kangxi radical 157 足; Unihan kRSUnicode single radical assignment.	[]	"[""chinese"",""traditional"",""radicals"",""frequency"",""character-to-radical"",""one-way"",""part-10""]"
zh-traditional-radicals-frequency-x/1986/character-to-radical	X	vocabulary	1986	zh-Hant	zh-Hant	薩	"[""艸""]"	[]		"[""zh-Hant.frequency.1991"",""zh.radical.kangxi.140""]"	[]	[]	sources/characters.tsv	frequency-order position 1986; corpus frequency rank 1991; Ministry common-character number 3580	薩: frequency-order position 1986; corpus frequency rank 1991; 51 appearances (0.00422%); Unihan kRSUnicode 140.14; Kangxi radical 140 艸; Unihan kRSUnicode single radical assignment.	[]	"[""chinese"",""traditional"",""radicals"",""frequency"",""character-to-radical"",""one-way"",""part-10""]"
zh-traditional-radicals-frequency-x/1987/character-to-radical	X	vocabulary	1987	zh-Hant	zh-Hant	撐	"[""手""]"	[]		"[""zh-Hant.frequency.1992"",""zh.radical.kangxi.064""]"	[]	[]	sources/characters.tsv	frequency-order position 1987; corpus frequency rank 1992; Ministry common-character number 1664	撐: frequency-order position 1987; corpus frequency rank 1992; 51 appearances (0.00422%); Unihan kRSUnicode 64.12; Kangxi radical 64 手; Unihan kRSUnicode single radical assignment.	[]	"[""chinese"",""traditional"",""radicals"",""frequency"",""character-to-radical"",""one-way"",""part-10""]"
zh-traditional-radicals-frequency-x/1988/character-to-radical	X	vocabulary	1988	zh-Hant	zh-Hant	巾	"[""巾""]"	[]		"[""zh-Hant.frequency.1993"",""zh.radical.kangxi.050""]"	[]	[]	sources/characters.tsv	frequency-order position 1988; corpus frequency rank 1993; Ministry common-character number 1160	巾: frequency-order position 1988; corpus frequency rank 1993; 50 appearances (0.00414%); Unihan kRSUnicode 50.0; Kangxi radical 50 巾; Unihan kRSUnicode single radical assignment.	[]	"[""chinese"",""traditional"",""radicals"",""frequency"",""character-to-radical"",""one-way"",""part-10""]"
zh-traditional-radicals-frequency-x/1989/character-to-radical	X	vocabulary	1989	zh-Hant	zh-Hant	划	"[""刀""]"	[]		"[""zh-Hant.frequency.1994"",""zh.radical.kangxi.018""]"	[]	[]	sources/characters.tsv	frequency-order position 1989; corpus frequency rank 1994; Ministry common-character number 337	划: frequency-order position 1989; corpus frequency rank 1994; 50 appearances (0.00414%); Unihan kRSUnicode 18.4; Kangxi radical 18 刀; Unihan kRSUnicode single radical assignment.	[]	"[""chinese"",""traditional"",""radicals"",""frequency"",""character-to-radical"",""one-way"",""part-10""]"
zh-traditional-radicals-frequency-x/1990/character-to-radical	X	vocabulary	1990	zh-Hant	zh-Hant	奴	"[""女""]"	[]		"[""zh-Hant.frequency.1995"",""zh.radical.kangxi.038""]"	[]	[]	sources/characters.tsv	frequency-order position 1990; corpus frequency rank 1995; Ministry common-character number 878	奴: frequency-order position 1990; corpus frequency rank 1995; 50 appearances (0.00414%); Unihan kRSUnicode 38.2; Kangxi radical 38 女; Unihan kRSUnicode single radical assignment.	[]	"[""chinese"",""traditional"",""radicals"",""frequency"",""character-to-radical"",""one-way"",""part-10""]"
zh-traditional-radicals-frequency-x/1991/character-to-radical	X	vocabulary	1991	zh-Hant	zh-Hant	玲	"[""玉""]"	[]		"[""zh-Hant.frequency.1996"",""zh.radical.kangxi.096""]"	[]	[]	sources/characters.tsv	frequency-order position 1991; corpus frequency rank 1996; Ministry common-character number 2562	玲: frequency-order position 1991; corpus frequency rank 1996; 50 appearances (0.00414%); Unihan kRSUnicode 96.5; Kangxi radical 96 玉; Unihan kRSUnicode single radical assignment.	[]	"[""chinese"",""traditional"",""radicals"",""frequency"",""character-to-radical"",""one-way"",""part-10""]"
zh-traditional-radicals-frequency-x/1992/character-to-radical	X	vocabulary	1992	zh-Hant	zh-Hant	迫	"[""辵""]"	[]		"[""zh-Hant.frequency.1997"",""zh.radical.kangxi.162""]"	[]	[]	sources/characters.tsv	frequency-order position 1992; corpus frequency rank 1997; Ministry common-character number 4126	迫: frequency-order position 1992; corpus frequency rank 1997; 50 appearances (0.00414%); Unihan kRSUnicode 162.5; Kangxi radical 162 辵; Unihan kRSUnicode single radical assignment.	[]	"[""chinese"",""traditional"",""radicals"",""frequency"",""character-to-radical"",""one-way"",""part-10""]"
zh-traditional-radicals-frequency-x/1993/character-to-radical	X	vocabulary	1993	zh-Hant	zh-Hant	茫	"[""艸""]"	[]		"[""zh-Hant.frequency.1998"",""zh.radical.kangxi.140""]"	[]	[]	sources/characters.tsv	frequency-order position 1993; corpus frequency rank 1998; Ministry common-character number 3463	茫: frequency-order position 1993; corpus frequency rank 1998; 50 appearances (0.00414%); Unihan kRSUnicode 140.6; Kangxi radical 140 艸; Unihan kRSUnicode single radical assignment.	[]	"[""chinese"",""traditional"",""radicals"",""frequency"",""character-to-radical"",""one-way"",""part-10""]"
zh-traditional-radicals-frequency-x/1994/character-to-radical	X	vocabulary	1994	zh-Hant	zh-Hant	堪	"[""土""]"	[]		"[""zh-Hant.frequency.1999"",""zh.radical.kangxi.032""]"	[]	[]	sources/characters.tsv	frequency-order position 1994; corpus frequency rank 1999; Ministry common-character number 787	堪: frequency-order position 1994; corpus frequency rank 1999; 50 appearances (0.00414%); Unihan kRSUnicode 32.9; Kangxi radical 32 土; Unihan kRSUnicode single radical assignment.	[]	"[""chinese"",""traditional"",""radicals"",""frequency"",""character-to-radical"",""one-way"",""part-10""]"
zh-traditional-radicals-frequency-x/1995/character-to-radical	X	vocabulary	1995	zh-Hant	zh-Hant	塘	"[""土""]"	[]		"[""zh-Hant.frequency.2000"",""zh.radical.kangxi.032""]"	[]	[]	sources/characters.tsv	frequency-order position 1995; corpus frequency rank 2000; Ministry common-character number 795	塘: frequency-order position 1995; corpus frequency rank 2000; 50 appearances (0.00414%); Unihan kRSUnicode 32.10; Kangxi radical 32 土; Unihan kRSUnicode single radical assignment.	[]	"[""chinese"",""traditional"",""radicals"",""frequency"",""character-to-radical"",""one-way"",""part-10""]"
zh-traditional-radicals-frequency-x/1996/character-to-radical	X	vocabulary	1996	zh-Hant	zh-Hant	溝	"[""水""]"	[]		"[""zh-Hant.frequency.2001"",""zh.radical.kangxi.085""]"	[]	[]	sources/characters.tsv	frequency-order position 1996; corpus frequency rank 2001; Ministry common-character number 2283	溝: frequency-order position 1996; corpus frequency rank 2001; 50 appearances (0.00414%); Unihan kRSUnicode 85.10; Kangxi radical 85 水; Unihan kRSUnicode single radical assignment.	[]	"[""chinese"",""traditional"",""radicals"",""frequency"",""character-to-radical"",""one-way"",""part-10""]"
zh-traditional-radicals-frequency-x/1997/character-to-radical	X	vocabulary	1997	zh-Hant	zh-Hant	裁	"[""衣""]"	[]		"[""zh-Hant.frequency.2002"",""zh.radical.kangxi.145""]"	[]	[]	sources/characters.tsv	frequency-order position 1997; corpus frequency rank 2002; Ministry common-character number 3723	裁: frequency-order position 1997; corpus frequency rank 2002; 50 appearances (0.00414%); Unihan kRSUnicode 145.6; Kangxi radical 145 衣; Unihan kRSUnicode single radical assignment.	[]	"[""chinese"",""traditional"",""radicals"",""frequency"",""character-to-radical"",""one-way"",""part-10""]"
zh-traditional-radicals-frequency-x/1998/character-to-radical	X	vocabulary	1998	zh-Hant	zh-Hant	頑	"[""頁""]"	[]		"[""zh-Hant.frequency.2003"",""zh.radical.kangxi.181""]"	[]	[]	sources/characters.tsv	frequency-order position 1998; corpus frequency rank 2003; Ministry common-character number 4543	頑: frequency-order position 1998; corpus frequency rank 2003; 50 appearances (0.00414%); Unihan kRSUnicode 181.4; Kangxi radical 181 頁; Unihan kRSUnicode single radical assignment.	[]	"[""chinese"",""traditional"",""radicals"",""frequency"",""character-to-radical"",""one-way"",""part-10""]"
zh-traditional-radicals-frequency-x/1999/character-to-radical	X	vocabulary	1999	zh-Hant	zh-Hant	暢	"[""日""]"	[]		"[""zh-Hant.frequency.2004"",""zh.radical.kangxi.072""]"	[]	[]	sources/characters.tsv	frequency-order position 1999; corpus frequency rank 2004; Ministry common-character number 1817	暢: frequency-order position 1999; corpus frequency rank 2004; 50 appearances (0.00414%); Unihan kRSUnicode 72.10; Kangxi radical 72 日; Unihan kRSUnicode single radical assignment.	[]	"[""chinese"",""traditional"",""radicals"",""frequency"",""character-to-radical"",""one-way"",""part-10""]"
zh-traditional-radicals-frequency-x/2000/character-to-radical	X	vocabulary	2000	zh-Hant	zh-Hant	哎	"[""口""]"	[]		"[""zh-Hant.frequency.2005"",""zh.radical.kangxi.030""]"	[]	[]	sources/characters.tsv	frequency-order position 2000; corpus frequency rank 2005; Ministry common-character number 566	哎: frequency-order position 2000; corpus frequency rank 2005; 50 appearances (0.00414%); Unihan kRSUnicode 30.6; Kangxi radical 30 口; Unihan kRSUnicode single radical assignment.	[]	"[""chinese"",""traditional"",""radicals"",""frequency"",""character-to-radical"",""one-way"",""part-10""]"
