official_no	level	simplified	mapping_code	traditional	inherited	simplified_example	traditional_example	example_source	original_example_source	simplified_sentence	traditional_sentence	field_usage	context_kind
6	1	厂	6_1	廠	false	工厂	工廠	lexical-context	manual	这家工厂很大。	這家工廠很大。		lexical-context
8	1	卜	8_0	卜	true	占卜	占卜	lexical-context	manual	古人有时会占卜。	古人有時會占卜。		lexical-context
8	1	卜	8_1	蔔	false	萝卜	蘿蔔	lexical-context	manual	我买了一个萝卜。	我買了一個蘿蔔。		lexical-context
12	1	儿	12_1	兒	false	儿童	兒童	lexical-context	manual	儿童需要保护。	兒童需要保護。		lexical-context
14	1	几	14_0	几	true	茶几	茶几	lexical-context	manual	杯子放在茶几上。	杯子放在茶几上。		lexical-context
14	1	几	14_1	幾	false	几个	幾個	lexical-context	manual	这里有几个苹果。	這裡有幾個蘋果。		lexical-context
17	1	了	17_0	了	true	吃了	吃了	lexical-context	manual	他已经吃了。	他已經吃了。		lexical-context
17	1	了	17_1	瞭	false	了解	瞭解	authored-natural-example	manual	我已经了解事情的经过。	我已經瞭解事情的經過。		lexical-context
23	1	干	23_0	干	true	干涉	干涉	lexical-context	manual	请不要干涉。	請不要干涉。		lexical-context
23	1	干	23_1	乾	false	干燥	乾燥	lexical-context	manual	今天天气很干燥。	今天天氣很乾燥。		lexical-context
23	1	干	23_2	幹	false	干活	幹活	lexical-context	manual	他正在干活。	他正在幹活。		lexical-context
25	1	亏	25_1	虧	false	吃亏	吃虧	corpus-example	tatoeba:420746	我天天在这里做买卖，不会让你吃亏的！	我天天在這裡做買賣，不會讓你吃虧的！		lexical-context
29	1	才	29_0	才	true	人才	人才	lexical-context	manual	公司需要人才。	公司需要人才。		lexical-context
29	1	才	29_1	纔	false	刚才	剛纔	lexical-context	manual	他刚才来了。	他剛纔來了。		lexical-context
34	1	与	34_1	與	false	与你一起	與你一起	authored-example	project-authored	我想与你一起去看海。	我想與你一起去看海。		lexical-context
35	1	万	35_0	万	true	万俟	万俟	lexical-context	manual	万俟是一个复姓。	万俟是一個複姓。		lexical-context
35	1	万	35_1	萬	false	一万	一萬	lexical-context	manual	这里有一万人。	這裡有一萬人。		lexical-context
41	1	千	41_0	千	true	一千	一千	lexical-context	manual	一千米并不远。	一千米並不遠。		lexical-context
41	1	千	41_1	韆	false	秋千	鞦韆	lexical-context	manual	孩子在荡秋千。	孩子在盪鞦韆。		lexical-context
44	1	亿	44_1	億	false	一亿元	一億元	authored-example	project-authored	这项工程耗资一亿元。	這項工程耗資一億元。		lexical-context
45	1	个	45_1	個	false	一个人	一個人	authored-example	project-authored	她一个人完成了任务。	她一個人完成了任務。		lexical-context
48	1	么	48_1	麼	false	什么	什麼	lexical-context	manual	你在看什么？	你在看什麼？		lexical-context
53	1	广	53_1	廣	false	广场	廣場	lexical-context	manual	我们在广场见面。	我們在廣場見面。		lexical-context
55	1	门	55_1	門	false	天安门	天安門	corpus-example	tatoeba:1216101	前边儿是天安门。	前邊兒是天安門。		lexical-context
57	1	义	57_1	義	false	社会主义	社會主義	authored-example	project-authored	这本书讨论社会主义的发展。	這本書討論社會主義的發展。		lexical-context
65	1	卫	65_1	衛	false	卫生	衛生	corpus-example	tatoeba:3479866	你家好脏啊！你多久没打扫卫生？	你家好髒啊！你多久沒打掃衛生？		lexical-context
69	1	飞	69_1	飛	false	飞机	飛機	corpus-example	tatoeba:408272	如今很多的货物都由飞机运送。	如今很多的貨物都由飛機運送。		lexical-context
70	1	习	70_1	習	false	学习	學習	corpus-example	tatoeba:717323	你开着电视怎么能安心学习呢？	你開著電視怎麼能安心學習呢？		lexical-context
72	1	马	72_1	馬	false	人马	人馬	authored-example	project-authored	将军清点了所有人马。	將軍清點了所有人馬。		lexical-context
73	1	乡	73_1	鄉	false	城乡	城鄉	authored-example	project-authored	城乡之间的交通越来越便利。	城鄉之間的交通越來越便利。		lexical-context
74	1	丰	74_0	丰	true	张三丰	張三丰	authored-example	project-authored	传说张三丰精通武术。	傳說張三丰精通武術。		lexical-context
74	1	丰	74_1	豐	false	丰富	豐富	corpus-example	tatoeba:487621	印度是一个烹饪文化丰富的地区。	印度是一個烹飪文化豐富的地區。		lexical-context
76	1	开	76_1	開	false	开始	開始	corpus-example	tatoeba:332616	我们的计划从一开始就出错了。	我們的計劃從一開始就出錯了。		lexical-context
81	1	无	81_1	無	false	无法	無法	corpus-example	tatoeba:432907	他因为太疲劳而无法继续前进。	他因為太疲勞而無法繼續前進。		lexical-context
82	1	云	82_0	云	true	不知所云	不知所云	authored-example	project-authored	他讲了半天，我还是不知所云。	他講了半天，我還是不知所云。		lexical-context
82	1	云	82_1	雲	false	云南	雲南	authored-example	project-authored	我们明年想去云南旅行。	我們明年想去雲南旅行。		lexical-context
83	1	专	83_1	專	false	专业	專業	corpus-example	tatoeba:9989907	这个学校开设了亚非文学专业。	這個學校開設了亞非文學專業。		lexical-context
86	1	艺	86_1	藝	false	艺术	藝術	corpus-example	tatoeba:332835	他是日本最伟大的艺术家之一。	他是日本最偉大的藝術家之一。		lexical-context
90	1	厅	90_1	廳	false	大厅	大廳	corpus-example	tatoeba:5624956	汤姆把夹克挂在大厅衣柜里。	湯姆把夾克掛在大廳衣櫃裡。		lexical-context
94	1	区	94_1	區	false	地区	地區	corpus-example	tatoeba:1325276	他的名字在这个地区人尽皆知。	他的名字在這個地區人盡皆知。		lexical-context
95	1	历	95_1	歷	false	历史	歷史	corpus-example	tatoeba:606893	这是一个具有历史价值的城市。	這是一個具有歷史價值的城市。		lexical-context
95	1	历	95_2	曆	false	万历	萬曆	authored-example	project-authored	这件瓷器制于万历年间。	這件瓷器制於萬曆年間。		lexical-context
100	1	车	100_1	車	false	汽车	汽車	corpus-example	tatoeba:420478	别等啦，我来招一辆出租汽车。	別等啦，我來招一輛出租汽車。		lexical-context
114	1	贝	114_1	貝	false	宝贝	寶貝	corpus-example	tatoeba:392260	这个球是那个男孩的宝贝。	這個球是那個男孩的寶貝。		lexical-context
115	1	冈	115_1	岡	false	黄冈	黃岡	authored-example	project-authored	黄冈位于湖北省东部。	黃岡位於湖北省東部。		lexical-context
118	1	见	118_1	見	false	意见	意見	corpus-example	tatoeba:333944	是在这点上我们的意见有分歧。	是在這點上我們的意見有分歧。		lexical-context
122	1	气	122_1	氣	false	气候	氣候	corpus-example	tatoeba:426884	总体上说，日本的气候温和。	總體上說，日本的氣候溫和。		lexical-context
127	1	长	127_1	長	false	增长	增長	corpus-example	tatoeba:4440148	跟着岁数增长他变得比以前倔。	跟著歲數增長他變得比以前倔。		lexical-context
131	1	仆	131_0	仆	true	前仆后继	前仆後繼	authored-example	project-authored	救援人员前仆后继地冲进火场。	救援人員前仆後繼地衝進火場。		lexical-context
131	1	仆	131_1	僕	false	仆人	僕人	corpus-example	tatoeba:828800	心灵应该当一个好仆人，但心应该是主人。	心靈應該當一個好僕人，但心應該是主人。		lexical-context
134	1	币	134_1	幣	false	货币	貨幣	corpus-example	tatoeba:6039669	在商朝，贝朋为通用货币。	在商朝，貝朋為通用貨幣。		lexical-context
136	1	仅	136_1	僅	false	不仅	不僅	corpus-example	tatoeba:334733	不仅他们，连我也被老师罚了。	不僅他們，連我也被老師罰了。		lexical-context
142	1	从	142_1	從	false	从而	從而	corpus-example	tatoeba:13958137	丹尼尔开始花更多时间陪伴阿曼达，从而帮助她康复。	丹尼爾開始花更多時間陪伴阿曼達，從而幫助她康復。		lexical-context
143	1	仑	143_1	侖	false	拿破仑	拿破侖	corpus-example	tatoeba:425949	这场战役让拿破仑称霸了整个欧洲。	這場戰役讓拿破侖稱霸了整個歐洲。		lexical-context
149	1	仓	149_1	倉	false	仓库	倉庫	corpus-example	tatoeba:9810323	仓库物料搬运设备有哪些？	倉庫物料搬運裝置有哪些？		lexical-context
154	1	风	154_1	風	false	风险	風險	corpus-example	tatoeba:375373	信用卡很有用，但也有风险。	信用卡很有用，但也有風險。		lexical-context
157	1	乌	157_1	烏	false	乌克兰	烏克蘭	corpus-example	tatoeba:10767106	你会说乌克兰语还是俄罗斯语？	你會說烏克蘭語還是俄羅斯語？		lexical-context
159	1	凤	159_1	鳳	false	凤凰	鳳凰	authored-natural-example	manual	传说中的凤凰从烈火中重生。	傳說中的鳳凰從烈火中重生。		lexical-context
165	1	为	165_1	爲	false	为了	爲了	corpus-example	tatoeba:437940	为了看野生动物，他去了非洲。	爲了看野生動物，他去了非洲。		lexical-context
166	1	斗	166_0	斗	true	筋斗	筋斗	corpus-example	tatoeba:537359	如果你在洋娃娃腹部的侧面上链的话，它就会扭动手臂，翻著筋斗向前前进。	如果你在洋娃娃腹部的側面上鍊的話，它就會扭動手臂，翻著筋斗向前前進。		lexical-context
166	1	斗	166_1	鬥	false	斗争	鬥爭	corpus-example	tatoeba:2567618	在权利斗争中，非友即敌。	在權利鬥爭中，非友即敵。		lexical-context
167	1	忆	167_1	憶	false	记忆	記憶	corpus-example	tatoeba:1737884	我想找一种提升记忆力的方法。	我想找一種提升記憶力的方法。		lexical-context
168	1	计	168_1	計	false	计划	計劃	corpus-example	tatoeba:332616	我们的计划从一开始就出错了。	我們的計劃從一開始就出錯了。		lexical-context
169	1	订	169_1	訂	false	签订	簽訂	corpus-example	tatoeba:13857147	我国与多个邻国签订了自由贸易协定。	我國與多個鄰國簽訂了自由貿易協定。		lexical-context
171	1	认	171_1	認	false	认为	認為	corpus-example	tatoeba:346765	我不认为他会把你的话听进去。	我不認為他會把你的話聽進去。		lexical-context
173	1	讥	173_1	譏	false	讥讽	譏諷	authored-example	project-authored	他的发言充满讥讽。	他的發言充滿譏諷。		lexical-context
177	1	丑	177_0	丑	true	辛丑	辛丑	authored-example	project-authored	辛丑是干支纪年中的一年。	辛丑是干支紀年中的一年。		lexical-context
177	1	丑	177_1	醜	false	丑陋	醜陋	corpus-example	tatoeba:13880624	杰西卡穿着一条丑陋的连衣裙。	傑西卡穿著一條醜陋的連衣裙。		lexical-context
180	1	队	180_1	隊	false	部队	部隊	corpus-example	tatoeba:13786754	军队派遣了后勤部队来支援前线作战。	軍隊派遣了後勤部隊來支援前線作戰。		lexical-context
181	1	办	181_1	辦	false	办法	辦法	corpus-example	tatoeba:345760	他绞尽脑汁想办法搞定这件事。	他絞盡腦汁想辦法搞定這件事。		lexical-context
185	1	邓	185_1	鄧	false	邓小平	鄧小平	authored-example	project-authored	历史课上介绍了邓小平。	歷史課上介紹了鄧小平。		lexical-context
186	1	劝	186_1	勸	false	劝说	勸說	corpus-example	tatoeba:3205560	在我的劝说下，她终于决定留下来了。	在我的勸說下，她終於決定留下來了。		lexical-context
187	1	双	187_1	雙	false	双方	雙方	corpus-example	tatoeba:333844	首先，我要听听双方的意见。	首先，我要聽聽雙方的意見。		lexical-context
188	1	书	188_1	書	false	书记	書記	corpus-example	tatoeba:2367446	直到党委书记出面加以解释，才算打消了这种想法。	直到黨委書記出面加以解釋，才算打消了這種想法。		lexical-context
195	1	击	195_1	擊	false	攻击	攻擊	corpus-example	tatoeba:13903429	自尊心是不向外攻击的优越感。	自尊心是不向外攻擊的優越感。		lexical-context
199	1	扑	199_1	撲	false	扑通	撲通	authored-example	project-authored	石头扑通一声掉进水里。	石頭撲通一聲掉進水裡。		lexical-context
209	1	节	209_1	節	false	季节	季節	corpus-example	tatoeba:2027913	一年之中，你最喜欢哪个季节？	一年之中，你最喜歡哪個季節？		lexical-context
211	1	术	211_0	术	true	白术	白术	authored-example	project-authored	白术是一种常见的中药材。	白术是一種常見的中藥材。		lexical-context
211	1	术	211_1	術	false	技术	技術	corpus-example	tatoeba:899118	除了语言，我也对技术感兴趣。	除了語言，我也對技術感興趣。		lexical-context
215	1	厉	215_1	厲	false	厉害	厲害	corpus-example	tatoeba:420946	痛过，但是没现在这么厉害。	痛過，但是沒現在這麼厲害。		lexical-context
221	1	龙	221_1	龍	false	小龙	小龍	authored-example	project-authored	那条小龙在云间穿梭。	那條小龍在雲間穿梭。		lexical-context
223	1	灭	223_1	滅	false	消灭	消滅	corpus-example	tatoeba:3576063	他们奋斗的目标是消灭天花。	他們奮鬥的目標是消滅天花。		lexical-context
224	1	轧	224_1	軋	false	倾轧	傾軋	authored-example	project-authored	派系之间的倾轧损害了组织。	派系之間的傾軋損害了組織。		lexical-context
225	1	东	225_1	東	false	东西	東西	corpus-example	tatoeba:343976	她感觉有东西碰到了她的脖子。	她感覺有東西碰到了她的脖子。		lexical-context
230	1	卢	230_1	盧	false	卢布	盧布	corpus-example	tatoeba:1977243	昨天我在口袋里发现了两万卢布，感到很愉快。	昨天我在口袋裡發現了兩萬盧布，感到很愉快。		lexical-context
231	1	业	231_1	業	false	企业	企業	corpus-example	tatoeba:407264	我哥哥在一家大企业有个职位。	我哥哥在一家大企業有個職位。		lexical-context
232	1	旧	232_1	舊	false	仍旧	仍舊	corpus-example	tatoeba:4866939	我仍旧无法相信我居然做了这种事。	我仍舊無法相信我居然做了這種事。		lexical-context
233	1	帅	233_1	帥	false	统帅	統帥	authored-example	project-authored	统帅下令全军撤退。	統帥下令全軍撤退。		lexical-context
234	1	归	234_1	歸	false	回归	回歸	corpus-example	tatoeba:10058500	有一首关于澳门回归的歌很好听。	有一首關於澳門回歸的歌很好聽。		lexical-context
238	1	叶	238_0	叶	true	叶韵	叶韻	authored-example	project-authored	这两句诗并不叶韵。	這兩句詩並不叶韻。		lexical-context
238	1	叶	238_1	葉	false	茶叶	茶葉	corpus-example	tatoeba:842076	茶叶是从中国传入的。	茶葉是從中國傳入的。		lexical-context
242	1	电	242_1	電	false	电话	電話	corpus-example	tatoeba:333978	我出去的时候有人打我电话吗？	我出去的時候有人打我電話嗎？		lexical-context
243	1	号	243_1	號	false	称号	稱號	authored-example	project-authored	她获得了全国冠军的称号。	她獲得了全國冠軍的稱號。		lexical-context
246	1	只	246_1	衹	false	只因	衹因	corpus-example	tatoeba:1789997	其实我的薪水是足够用的，只因我枵腹买书，所以就显得清苦。	其實我的薪水是足夠用的，衹因我枵腹買書，所以就顯得清苦。		lexical-context
246	1	只	246_2	隻	false	一只	一隻	corpus-example	tatoeba:382421	她有一只猫。那只猫是白色的。	她有一隻貓。那隻貓是白色的。		lexical-context
251	1	叽	251_1	嘰	false	叽哩咕噜	嘰哩咕嚕	authored-example	project-authored	他在角落里叽哩咕噜地说个不停。	他在角落裡嘰哩咕嚕地說個不停。		lexical-context
257	1	叹	257_1	嘆	false	叹息	嘆息	corpus-example	tatoeba:5550005	“我丢了钱包。”约翰叹息道。	“我丟了錢包。”約翰嘆息道。		lexical-context
273	1	们	273_1	們	false	我们	我們	corpus-example	tatoeba:136402	你记不记得我们认识的那一天？	你記不記得我們認識的那一天？		lexical-context
274	1	仪	274_1	儀	false	仪式	儀式	corpus-example	tatoeba:512436	我上个月组织了一个结婚仪式。	我上個月組織了一個結婚儀式。		lexical-context
281	1	丛	281_1	叢	false	草丛	草叢	corpus-example	tatoeba:798289	花园里杂草丛生。	花園裡雜草叢生。		lexical-context
286	1	尔	286_1	爾	false	偶尔	偶爾	corpus-example	tatoeba:2567453	即使现在，偶尔还是会有余震。	即使現在，偶爾還是會有餘震。		lexical-context
287	1	乐	287_1	樂	false	音乐	音樂	corpus-example	tatoeba:353511	每个人对音乐的审美都不一样。	每個人對音樂的審美都不一樣。		lexical-context
294	1	处	294_1	處	false	处理	處理	corpus-example	tatoeba:334705	你从来没时间处理重要的事情！	你從來沒時間處理重要的事情！		lexical-context
295	1	冬	295_0	冬	true	冬季	冬季	corpus-example	tatoeba:1737844	什么是你最喜爱的冬季运动？	什麼是你最喜愛的冬季運動？		lexical-context
295	1	冬	295_1	鼕	false	扑冬	撲鼕	authored-example	project-authored	苹果扑冬一声落在地上。	蘋果撲鼕一聲落在地上。		lexical-context
296	1	鸟	296_1	鳥	false	鸟类	鳥類	corpus-example	tatoeba:333590	观察鸟类是个很好的业余爱好。	觀察鳥類是個很好的業餘愛好。		lexical-context
297	1	务	297_1	務	false	国务院	國務院	corpus-example	tatoeba:9804867	国务院次卿出访拉丁美洲展开游说。	國務院次卿出訪拉丁美洲展開遊說。		lexical-context
299	1	饥	299_1	飢	false	饥饿	飢餓	corpus-example	tatoeba:334868	在非洲有许多孩子死于饥饿。	在非洲有許多孩子死於飢餓。		lexical-context
299	1	饥	299_2	饑	false	饥民	饑民	authored-example	project-authored	官府开仓救济饥民。	官府開倉救濟饑民。		lexical-context
303	1	冯	303_1	馮	false	冯玉祥	馮玉祥	authored-example	project-authored	冯玉祥是民国时期的军事人物。	馮玉祥是民國時期的軍事人物。		lexical-context
305	1	闪	305_1	閃	false	闪电	閃電	corpus-example	tatoeba:778516	汤姆被闪电击中过三次。	湯姆被閃電擊中過三次。		lexical-context
306	1	兰	306_1	蘭	false	荷兰	荷蘭	corpus-example	tatoeba:335000	在我去荷兰之前，我从没见过风车。	在我去荷蘭之前，我從沒見過風車。		lexical-context
309	1	汇	309_1	匯	false	汇报	匯報	corpus-example	tatoeba:13897445	你汇报一下。	你匯報一下。		lexical-context
309	1	汇	309_2	彙	false	汇报	彙報	corpus-example	tatoeba:13897445	你汇报一下。	你彙報一下。		lexical-context
310	1	头	310_1	頭	false	寡头	寡頭	authored-example	project-authored	几名寡头控制了当地市场。	幾名寡頭控制了當地市場。		lexical-context
311	1	汉	311_1	漢	false	武汉	武漢	authored-example	project-authored	武汉坐落在长江沿岸。	武漢坐落在長江沿岸。		lexical-context
312	1	宁	312_1	寧	false	咸宁	咸寧	authored-example	project-authored	咸宁以温泉闻名。	咸寧以溫泉聞名。		lexical-context
315	1	讨	315_1	討	false	讨论	討論	corpus-example	tatoeba:335621	让我们和他们讨论这个问题吧。	讓我們和他們討論這個問題吧。		lexical-context
316	1	写	316_1	寫	false	描写	描寫	corpus-example	tatoeba:349556	我打算描写我们的公园和山。	我打算描寫我們的公園和山。		lexical-context
317	1	让	317_1	讓	false	转让	轉讓	authored-example	project-authored	双方签署了股权转让协议。	雙方簽署了股權轉讓協議。		lexical-context
318	1	礼	318_1	禮	false	礼部	禮部	authored-example	project-authored	礼部负责古代的礼仪事务。	禮部負責古代的禮儀事務。		lexical-context
319	1	训	319_1	訓	false	训练	訓練	corpus-example	tatoeba:2027995	未来飞行员将在模拟操作室中训练。	未來飛行員將在模擬操作室中訓練。		lexical-context
320	1	议	320_1	議	false	会议	會議	corpus-example	tatoeba:332802	仅三分之一的成员出席了会议。	僅三分之一的成員出席了會議。		lexical-context
322	1	讯	322_1	訊	false	通讯	通訊	corpus-example	tatoeba:13894758	我的通讯录里全是些没什么印象的人。	我的通訊錄裡全是些沒什麼印象的人。		lexical-context
323	1	记	323_1	記	false	记者	記者	corpus-example	tatoeba:3659903	我认识肩上背着照相机的记者。	我認識肩上揹著照相機的記者。		lexical-context
330	1	出	330_0	出	true	出来	出來	corpus-example	tatoeba:501347	人类生出来不是为了永久生存。	人類生出來不是為了永久生存。		lexical-context
330	1	出	330_1	齣	false	一出	一齣	authored-example	project-authored	昨晚我看了一出好戏。	昨晚我看了一齣好戲。		lexical-context
331	1	辽	331_1	遼	false	辽东	遼東	authored-example	project-authored	明军曾在辽东修筑城堡。	明軍曾在遼東修築城堡。		lexical-context
337	1	边	337_1	邊	false	一边	一邊	corpus-example	tatoeba:2200413	他们在一边吃喝，一边聊天儿。	他們在一邊吃喝，一邊聊天兒。		lexical-context
339	1	发	339_1	發	false	发展	發展	lexical-context	cc-cedict	公司发展得很快。	公司發展得很快。		lexical-context
339	1	发	339_2	髮	false	头发	頭髮	lexical-context	cc-cedict	他的头发很短。	他的頭髮很短。		lexical-context
340	1	圣	340_1	聖	false	神圣	神聖	corpus-example	tatoeba:10355206	在印度，牛是一种神圣的动物。	在印度，牛是一種神聖的動物。		lexical-context
341	1	对	341_1	對	false	对于	對於	corpus-example	tatoeba:770833	这个是我对于你的问题的答案。	這個是我對於你的問題的答案。		lexical-context
342	1	台	342_0	台	true	台湾	台灣	corpus-example	tatoeba:3701786	我在台湾时，我们成为好朋友。	我在台灣時，我們成為好朋友。		lexical-context
342	1	台	342_1	臺	false	台湾	臺灣	corpus-example	tatoeba:3701786	我在台湾时，我们成为好朋友。	我在臺灣時，我們成為好朋友。		lexical-context
342	1	台	342_2	颱	false	台风	颱風	corpus-example	tatoeba:1944810	我做梦也没想到那儿会有台风。	我做夢也沒想到那兒會有颱風。		lexical-context
342	1	台	342_3	檯	false	柜台	櫃檯	corpus-example	tatoeba:420204	还有那边柜台里也有很多呢。	還有那邊櫃檯裡也有很多呢。		lexical-context
344	1	纠	344_1	糾	false	纠正	糾正	corpus-example	tatoeba:867616	你确认那是可纠正的错误吗？	你確認那是可糾正的錯誤嗎？		lexical-context
347	1	丝	347_1	絲	false	丝毫	絲毫	corpus-example	tatoeba:13750247	雨丝毫没有停的意思。	雨絲毫沒有停的意思。		lexical-context
353	1	动	353_1	動	false	活动	活動	corpus-example	tatoeba:13942910	这是商场促销活动送的保温杯。	這是商場促銷活動送的保溫杯。		lexical-context
361	1	巩	361_1	鞏	false	巩固	鞏固	corpus-example	tatoeba:13054926	真正的王在巩固他的权利，然而虚假的王却在打高尔夫。	真正的王在鞏固他的權利，然而虛假的王卻在打高爾夫。		lexical-context
363	1	执	363_1	執	false	执行	執行	corpus-example	tatoeba:334978	我们在任何公司都应该是执行者。	我們在任何公司都應該是執行者。		lexical-context
364	1	扩	364_1	擴	false	扩大	擴大	corpus-example	tatoeba:1883635	他试图扩大自己的势力范围。	他試圖擴大自己的勢力範圍。		lexical-context
365	1	扫	365_1	掃	false	扫描	掃描	corpus-example	tatoeba:10534902	汤姆，你能教玛丽用扫描仪吗？	湯姆，你能教瑪麗用掃描儀嗎？		lexical-context
367	1	场	367_1	場	false	市场	市場	corpus-example	tatoeba:609957	我们在市场上买了些蔬菜和鱼。	我們在市場上買了些蔬菜和魚。		lexical-context
368	1	扬	368_1	揚	false	扬州	揚州	corpus-example	tatoeba:6284488	我们去北京、西安、上海和扬州。	我們去北京、西安、上海和揚州。		lexical-context
373	1	亚	373_1	亞	false	亚洲	亞洲	corpus-example	tatoeba:8743781	请问乔治亚洲的最低工资是多少？	請問喬治亞洲的最低工資是多少？		lexical-context
376	1	朴	376_0	朴	true	俭朴	儉朴	authored-example	project-authored	他们一家生活俭朴。	他們一家生活儉朴。		lexical-context
376	1	朴	376_1	樸	false	朴实	樸實	authored-example	project-authored	他的语言朴实而有力。	他的語言樸實而有力。		lexical-context
377	1	机	377_1	機	false	机关	機關	corpus-example	tatoeba:9007589	请把电视机关掉好吗？	請把電視機關掉好嗎？		lexical-context
378	1	权	378_1	權	false	权力	權力	corpus-example	tatoeba:1970428	汉宣帝时，匈奴贵族争夺权力。	漢宣帝時，匈奴貴族爭奪權力。		lexical-context
379	1	过	379_1	過	false	通过	通過	corpus-example	tatoeba:1358598	通过诋毁别人，你得不到什么。	通過詆譭別人，你得不到什麼。		lexical-context
383	1	协	383_1	協	false	协议	協議	corpus-example	tatoeba:13531846	欧洲各国之间需要达成协议。	歐洲各國之間需要達成協議。		lexical-context
385	1	压	385_1	壓	false	压力	壓力	corpus-example	tatoeba:1565680	橡皮不硬：它在压力下会变形。	橡皮不硬：它在壓力下會變形。		lexical-context
386	1	厌	386_1	厭	false	讨厌	討厭	corpus-example	tatoeba:335359	无论怎样，都很讨厌，不是吗？	無論怎樣，都很討厭，不是嗎？		lexical-context
393	1	页	393_1	頁	false	网页	網頁	corpus-example	tatoeba:389821	一个网页超过百分之九十的访问量是来自于搜索引擎的。	一個網頁超過百分之九十的訪問量是來自於搜尋引擎的。		lexical-context
395	1	夸	395_0	夸	true	夸特	夸特	authored-example	project-authored	这枚硬币值一夸特。	這枚硬幣值一夸特。		lexical-context
395	1	夸	395_1	誇	false	夸张	誇張	corpus-example	tatoeba:919618	在我看来，她有一种夸张的倾向。	在我看來，她有一種誇張的傾向。		lexical-context
396	1	夺	396_1	奪	false	夺取	奪取	authored-example	project-authored	队员奋力夺取冠军。	隊員奮力奪取冠軍。		lexical-context
398	1	达	398_1	達	false	达到	達到	corpus-example	tatoeba:808213	我们终于达到了我们的目标。	我們終於達到了我們的目標。		lexical-context
402	1	夹	402_1	夾	false	夹击	夾擊	corpus-example	tatoeba:5951355	我们被两面夹击了。	我們被兩面夾擊了。		lexical-context
404	1	轨	404_1	軌	false	轨道	軌道	corpus-example	tatoeba:918510	很多月亮在土星四周绕轨道运行。	很多月亮在土星四周繞軌道執行。		lexical-context
406	1	尧	406_1	堯	false	唐尧	唐堯	authored-example	project-authored	唐尧是传说中的古代君主。	唐堯是傳說中的古代君主。		lexical-context
407	1	划	407_0	划	true	划船	划船	corpus-example	tatoeba:336671	为了参加划船比赛，一支新的队伍组成了。	為了參加划船比賽，一支新的隊伍組成了。		lexical-context
407	1	划	407_1	劃	false	计划	計劃	authored-natural-example	manual	我们计划明年去日本旅行。	我們計劃明年去日本旅行。		lexical-context
408	1	迈	408_1	邁	false	迈进	邁進	authored-example	project-authored	我们正向新的目标迈进。	我們正向新的目標邁進。		lexical-context
409	1	毕	409_1	畢	false	毕业	畢業	corpus-example	tatoeba:633979	我父亲在我毕业之前就过世了。	我父親在我畢業之前就過世了。		lexical-context
412	1	贞	412_1	貞	false	坚贞不屈	堅貞不屈	authored-example	project-authored	她面对威胁仍然坚贞不屈。	她面對威脅仍然堅貞不屈。		lexical-context
413	1	师	413_1	師	false	师父	師父	corpus-example	tatoeba:862457	“拜个不够行的师父，很伤脑筋吧？”　“我也很笨，所以没关系。”	“拜個不夠行的師父，很傷腦筋吧？”　“我也很笨，所以沒關係。”		lexical-context
414	1	尘	414_1	塵	false	拂尘	拂塵	authored-example	project-authored	道士轻轻挥动手中的拂尘。	道士輕輕揮動手中的拂塵。		lexical-context
418	1	当	418_1	當	false	当时	當時	corpus-example	tatoeba:429478	我当时每个月都会购买五本书。	我當時每個月都會購買五本書。		lexical-context
418	1	当	418_2	噹	false	叮当	叮噹	authored-example	project-authored	门外传来叮当的铃声。	門外傳來叮噹的鈴聲。		lexical-context
420	1	吁	420_0	吁	true	长吁短叹	長吁短嘆	authored-example	project-authored	他整天长吁短叹，却不肯行动。	他整天長吁短嘆，卻不肯行動。		lexical-context
420	1	吁	420_1	籲	false	呼吁	呼籲	corpus-example	tatoeba:908527	我们提出了请求支持的呼吁。	我們提出了請求支援的呼籲。		lexical-context
422	1	吓	422_1	嚇	false	吓坏	嚇壞	corpus-example	tatoeba:12568856	一开头她吓坏了, 后来才定下神来。	一開頭她嚇壞了, 後來才定下神來。		lexical-context
423	1	虫	423_1	蟲	false	昆虫	昆蟲	corpus-example	tatoeba:1790171	这种昆虫在英语中叫什么？	這種昆蟲在英語中叫什麼？		lexical-context
424	1	曲	424_0	曲	true	曲折	曲折	corpus-example	tatoeba:13537184	智慧线清晰且曲折，预示思维敏捷但易犹豫不决。	智慧線清晰且曲折，預示思維敏捷但易猶豫不決。		lexical-context
424	1	曲	424_1	麯	false	酒曲	酒麯	authored-example	project-authored	酿酒时需要使用酒曲。	釀酒時需要使用酒麯。		lexical-context
425	1	团	425_1	團	false	集团	集團	corpus-example	tatoeba:13882118	国际刑警组织正在追查跨国绑架集团的下落。	國際刑警組織正在追查跨國綁架集團的下落。		lexical-context
425	1	团	425_2	糰	false	团子	糰子	authored-example	project-authored	孩子吃了一个糯米团子。	孩子吃了一個糯米糰子。		lexical-context
432	1	吗	432_1	嗎	false	干吗	幹嗎	authored-example	project-authored	你站在门口干吗？	你站在門口幹嗎？		lexical-context
434	1	屿	434_1	嶼	false	岛屿	島嶼	corpus-example	tatoeba:1394838	这个岛屿位于日本的西边。	這個島嶼位於日本的西邊。		lexical-context
436	1	岁	436_1	歲	false	万岁	萬歲	corpus-example	tatoeba:11758750	自由魁北克万岁！	自由魁北克萬歲！		lexical-context
438	1	回	438_0	回	true	回来	回來	corpus-example	tatoeba:344983	我明天回来后会打电话给他们。	我明天回來後會打電話給他們。		lexical-context
438	1	回	438_1	迴	false	回归	迴歸	corpus-example	tatoeba:10058500	有一首关于澳门回归的歌很好听。	有一首關於澳門迴歸的歌很好聽。		lexical-context
439	1	岂	439_1	豈	false	岂非	豈非	authored-natural-example	manual	这样做岂非浪费时间？	這樣做豈非浪費時間？		lexical-context
440	1	则	440_1	則	false	原则	原則	corpus-example	tatoeba:1471139	在办公室吸烟违背我们的原则。	在辦公室吸菸違揹我們的原則。		lexical-context
441	1	刚	441_1	剛	false	刚才	剛才	corpus-example	tatoeba:1260507	我刚才瞧了一眼，一点没意思。	我剛才瞧了一眼，一點沒意思。		lexical-context
442	1	网	442_1	網	false	网络	網絡	corpus-example	tatoeba:13976082	他通过开直播来结交网络朋友。	他透過開直播來結交網絡朋友。		lexical-context
445	1	朱	445_0	朱	true	朱元璋	朱元璋	authored-example	project-authored	朱元璋建立了明朝。	朱元璋建立了明朝。		lexical-context
445	1	朱	445_1	硃	false	朱红	硃紅	authored-natural-example	manual	她用朱红色颜料画了一朵花。	她用硃紅色顏料畫了一朵花。		lexical-context
451	1	迁	451_1	遷	false	变迁	變遷	corpus-example	tatoeba:13605144	气候变迁正在对地球范围内造成严重影响。	氣候變遷正在對地球範圍內造成嚴重影響。		lexical-context
452	1	乔	452_1	喬	false	乔木	喬木	authored-example	project-authored	院子里种着几棵高大的乔木。	院子裡種著幾棵高大的喬木。		lexical-context
454	1	伟	454_1	偉	false	伟大	偉大	corpus-example	tatoeba:332835	他是日本最伟大的艺术家之一。	他是日本最偉大的藝術家之一。		lexical-context
455	1	传	455_1	傳	false	传统	傳統	corpus-example	tatoeba:1426458	他们传统的生活方式不再存在。	他們傳統的生活方式不再存在。		lexical-context
461	1	优	461_1	優	false	优势	優勢	corpus-example	tatoeba:755897	主场队总是比对手有优势。	主場隊總是比對手有優勢。		lexical-context
468	1	伤	468_1	傷	false	受伤	受傷	corpus-example	tatoeba:1516240	他在一场交通事故中严重受伤。	他在一場交通事故中嚴重受傷。		lexical-context
469	1	价	469_1	價	false	价值	價值	corpus-example	tatoeba:606893	这是一个具有历史价值的城市。	這是一個具有歷史價值的城市。		lexical-context
470	1	伦	470_1	倫	false	伦敦	倫敦	corpus-example	tatoeba:335017	他一到伦敦就给我发了个电报。	他一到倫敦就給我發了個電報。		lexical-context
472	1	华	472_1	華	false	新华社	新華社	authored-example	project-authored	新华社发布了这条消息。	新華社釋出了這條訊息。		lexical-context
475	1	伙	475_0	伙	true	伙伴	伙伴	corpus-example	tatoeba:1438474	他和他的伙伴让我跟他们一起去。	他和他的伙伴讓我跟他們一起去。		lexical-context
475	1	伙	475_1	夥	false	伙伴	夥伴	corpus-example	tatoeba:1438474	他和他的伙伴让我跟他们一起去。	他和他的夥伴讓我跟他們一起去。		lexical-context
476	1	伪	476_1	僞	false	伪托	僞託	authored-example	project-authored	这部作品被后人伪托给名家。	這部作品被後人僞託給名家。		lexical-context
480	1	向	480_0	向	true	方向	方向	corpus-example	tatoeba:343410	我肯定事情会往好的方向发展。	我肯定事情會往好的方向發展。		lexical-context
480	1	向	480_1	嚮	false	面向	面嚮	corpus-example	tatoeba:13882008	向日葵总是面向太阳。	向日葵總是面嚮太陽。		lexical-context
482	1	后	482_0	后	true	先后	先后	corpus-example	tatoeba:683070	他主张的是出生的先后次序和个性有很密切的关系。	他主張的是出生的先后次序和個性有很密切的關係。		lexical-context
482	1	后	482_1	後	false	以后	以後	lexical-context	cc-cedict	我们以后再谈。	我們以後再談。		lexical-context
486	1	会	486_1	會	false	社会	社會	corpus-example	tatoeba:5550294	他不仅社会学毕业，还有哲学。	他不僅社會學畢業，還有哲學。		lexical-context
487	1	杀	487_1	殺	false	杀人	殺人	corpus-example	tatoeba:12686377	那个杀人犯依然逍遥法外。	那個殺人犯依然逍遙法外。		lexical-context
488	1	合	488_0	合	true	合作	合作	corpus-example	tatoeba:2915096	没人能够预言这次合作的结果。	沒人能夠預言這次合作的結果。		lexical-context
488	1	合	488_1	閤	false	合眼	閤眼	authored-example	project-authored	外面太吵，我一夜没有合眼。	外面太吵，我一夜沒有閤眼。		lexical-context
491	1	众	491_1	衆	false	与众不同	與衆不同	corpus-example	tatoeba:5095102	汤姆有什么很与众不同的地方吗？	湯姆有什麼很與衆不同的地方嗎？		lexical-context
492	1	爷	492_1	爺	false	老爷	老爺	corpus-example	tatoeba:14010759	老爷子毕生的心血全泡汤了。	老爺子畢生的心血全泡湯了。		lexical-context
493	1	伞	493_1	傘	false	伞兵	傘兵	authored-example	project-authored	伞兵从运输机上依次跳下。	傘兵從運輸機上依次跳下。		lexical-context
494	1	创	494_1	創	false	创造	創造	corpus-example	tatoeba:400819	咖啡师们该创造一个情景喜剧。	咖啡師們該創造一個情景喜劇。		lexical-context
498	1	杂	498_1	雜	false	复杂	複雜	corpus-example	tatoeba:2367543	事情总比我们想的要复杂得多。	事情總比我們想的要複雜得多。		lexical-context
503	1	负	503_1	負	false	负责	負責	corpus-example	tatoeba:334340	父母要对他们子女的安全负责。	父母要對他們子女的安全負責。		lexical-context
510	1	壮	510_1	壯	false	壮丽	壯麗	corpus-example	tatoeba:346126	我从没见过那么壮丽的日落景色。	我從沒見過那麼壯麗的日落景色。		lexical-context
511	1	冲	511_0	冲	true	冲龄	冲齡	authored-example	project-authored	皇帝冲龄即位，由大臣辅政。	皇帝冲齡即位，由大臣輔政。		lexical-context
511	1	冲	511_1	衝	false	冲突	衝突	corpus-example	tatoeba:5360059	这两个国家经常发生边境冲突。	這兩個國家經常發生邊境衝突。		lexical-context
512	1	妆	512_1	妝	false	化妆品	化妝品	authored-example	project-authored	她对这种化妆品过敏。	她對這種化妝品過敏。		lexical-context
514	1	庄	514_1	莊	false	庄严	莊嚴	authored-natural-example	manual	大厅里的气氛十分庄严。	大廳裡的氣氛十分莊嚴。		lexical-context
515	1	庆	515_1	慶	false	重庆	重慶	corpus-example	tatoeba:2228186	重庆是一座丘陵的城市，道路弯弯曲曲的。	重慶是一座丘陵的城市，道路彎彎曲曲的。		lexical-context
517	1	刘	517_1	劉	false	刘备	劉備	corpus-example	tatoeba:421511	刘备和诸葛亮是一支无法战胜的队伍。	劉備和諸葛亮是一支無法戰勝的隊伍。		lexical-context
518	1	齐	518_1	齊	false	一齐	一齊	authored-example	project-authored	大家一齐举起了杯子。	大家一齊舉起了杯子。		lexical-context
522	1	产	522_1	産	false	黑产	黑産	authored-example	project-authored	警方正在调查网络黑产。	警方正在調查網路黑産。		lexical-context
527	1	闭	527_1	閉	false	闭会	閉會	authored-example	project-authored	主席宣布大会正式闭会。	主席宣佈大會正式閉會。		lexical-context
528	1	问	528_1	問	false	问题	問題	corpus-example	tatoeba:332526	如何克服日元升高是个大问题。	如何克服日元升高是個大問題。		lexical-context
529	1	闯	529_1	闖	false	闯王	闖王	authored-example	project-authored	李自成被称为闯王。	李自成被稱為闖王。		lexical-context
532	1	关	532_1	關	false	关系	關係	corpus-example	tatoeba:334900	这个犯罪和我一点关系都没有。	這個犯罪和我一點關係都沒有。		lexical-context
534	1	灯	534_1	燈	false	灯光	燈光	corpus-example	tatoeba:4948530	灯光太暗了，我没法阅读。	燈光太暗了，我沒法閱讀。		lexical-context
542	1	汤	542_1	湯	false	鸡汤	雞湯	authored-example	project-authored	锅里的鸡汤还在冒热气。	鍋裡的雞湯還在冒熱氣。		lexical-context
544	1	兴	544_1	興	false	高兴	高興	corpus-example	tatoeba:332579	听到她成功的消息，他很高兴。	聽到她成功的訊息，他很高興。		lexical-context
550	1	讲	550_1	講	false	讲话	講話	corpus-example	tatoeba:3077990	这里有点吵，请你讲话大点声。	這裡有點吵，請你講話大點聲。		lexical-context
551	1	讳	551_1	諱	false	忌讳	忌諱	corpus-example	tatoeba:4813413	艺术不同于哲学，它最忌讳抽象。	藝術不同於哲學，它最忌諱抽象。		lexical-context
552	1	军	552_1	軍	false	军事	軍事	corpus-example	tatoeba:3544974	这个国家的军事力量很先进。	這個國家的軍事力量很先進。		lexical-context
553	1	讶	553_1	訝	false	惊讶	驚訝	corpus-example	tatoeba:346477	听说他失败了，我感到很惊讶。	聽說他失敗了，我感到很驚訝。		lexical-context
554	1	许	554_1	許	false	许多	許多	corpus-example	tatoeba:1870806	这本书包含了许多美丽的插图。	這本書包含了許多美麗的插圖。		lexical-context
555	1	讹	555_1	訛	false	讹诈	訛詐	authored-example	project-authored	罪犯用照片对受害者进行讹诈。	罪犯用照片對受害者進行訛詐。		lexical-context
556	1	论	556_1	論	false	理论	理論	corpus-example	tatoeba:335109	最后，他终于明白了那个理论。	最後，他終於明白了那個理論。		lexical-context
557	1	讼	557_1	訟	false	诉讼	訴訟	corpus-example	tatoeba:10153683	汤姆将对他们提起民事诉讼。	湯姆將對他們提起民事訴訟。		lexical-context
558	1	农	558_1	農	false	农业	農業	corpus-example	tatoeba:2515316	政府应该加大对农业的投资。	政府應該加大對農業的投資。		lexical-context
559	1	讽	559_1	諷	false	讽刺	諷刺	corpus-example	tatoeba:4746474	你不觉得这个名字很讽刺吗，「神圣的战争」？	你不覺得這個名字很諷刺嗎，「神聖的戰爭」？		lexical-context
560	1	设	560_1	設	false	建设	建設	corpus-example	tatoeba:9846223	建设美丽新疆，共圆祖国梦想。	建設美麗新疆，共圓祖國夢想。		lexical-context
561	1	访	561_1	訪	false	采访	採訪	corpus-example	tatoeba:810068	这名采访者确认了他的采访对象。	這名採訪者確認了他的採訪物件。		lexical-context
562	1	诀	562_1	訣	false	秘诀	秘訣	corpus-example	tatoeba:13275185	秘诀是什么？	秘訣是什麼？		lexical-context
563	1	寻	563_1	尋	false	寻找	尋找	corpus-example	tatoeba:662309	我在寻找一个礼物送给我母亲。	我在尋找一個禮物送給我母親。		lexical-context
566	1	尽	566_1	盡	false	尽量	盡量	corpus-example	tatoeba:10926508	游戏目标是尽量长时间保持不动。	遊戲目標是盡量長時間保持不動。		lexical-context
566	1	尽	566_2	儘	false	尽管	儘管	corpus-example	tatoeba:786018	尽管他很富有，他还是不满足。	儘管他很富有，他還是不滿足。		lexical-context
567	1	导	567_1	導	false	领导	領導	corpus-example	tatoeba:13828932	许多人说他不适合当领导。	許多人說他不適合當領導。		lexical-context
570	1	孙	570_1	孫	false	孙中山	孫中山	authored-example	project-authored	孙中山出生于广东香山。	孫中山出生於廣東香山。		lexical-context
571	1	阵	571_1	陣	false	一阵	一陣	corpus-example	tatoeba:13753072	一阵寒意像砖头一样击中了我。	一陣寒意像磚頭一樣擊中了我。		lexical-context
572	1	阳	572_1	陽	false	襄阳	襄陽	corpus-example	tatoeba:421086	我不好去新天地，坐星巴克，也要走走襄阳路市场，做做月工资全化光的人。	我不好去新天地，坐星巴克，也要走走襄陽路市場，做做月工資全化光的人。		lexical-context
574	1	阶	574_1	階	false	阶段	階段	corpus-example	tatoeba:688273	工程的第一阶段已经完成了。	工程的第一階段已經完成了。		lexical-context
575	1	阴	575_1	陰	false	阴谋	陰謀	corpus-example	tatoeba:13117586	人们指控他参与了这场阴谋。	人們指控他參與了這場陰謀。		lexical-context
579	1	妇	579_1	婦	false	妇女	婦女	corpus-example	tatoeba:10260763	在沙特阿拉伯妇女不允许开车。	在沙烏地阿拉伯婦女不允許開車。		lexical-context
583	1	妈	583_1	媽	false	他妈的	他媽的	corpus-example	tatoeba:12314099	我他妈的才不管你们说什么！	我他媽的才不管你們說什麼！		lexical-context
584	1	戏	584_1	戲	false	游戏	遊戲	corpus-example	tatoeba:471032	父母在和他们的孩子玩游戏。	父母在和他們的孩子玩遊戲。		lexical-context
586	1	观	586_1	觀	false	观点	觀點	corpus-example	tatoeba:10696012	他的观点为问题带来了新想法。	他的觀點為問題帶來了新想法。		lexical-context
587	1	欢	587_1	歡	false	喜欢	喜歡	corpus-example	tatoeba:332849	你更喜欢哪个，这个还是那个？	你更喜歡哪個，這個還是那個？		lexical-context
588	1	买	588_1	買	false	购买	購買	corpus-example	tatoeba:429478	我当时每个月都会购买五本书。	我當時每個月都會購買五本書。		lexical-context
589	1	红	589_1	紅	false	红色	紅色	corpus-example	tatoeba:1517746	那个有红色房顶的是汤姆的家。	那個有紅色房頂的是湯姆的家。		lexical-context
590	1	驮	590_1	馱	false	驮运	馱運	authored-example	project-authored	骡子负责驮运山里的物资。	騾子負責馱運山裡的物資。		lexical-context
591	1	纤	591_1	纖	false	纤维	纖維	corpus-example	tatoeba:373196	你要吃多点含膳食纤维的食物。	你要吃多點含膳食纖維的食物。		lexical-context
591	1	纤	591_2	縴	false	纤夫	縴夫	authored-example	project-authored	纤夫拉着船逆流而上。	縴夫拉著船逆流而上。		lexical-context
592	1	驯	592_1	馴	false	驯鹿	馴鹿	authored-example	project-authored	驯鹿在雪地里寻找食物。	馴鹿在雪地裡尋找食物。		lexical-context
593	1	约	593_1	約	false	条约	條約	corpus-example	tatoeba:847743	新条约可能在接下来的两三周内谈妥。	新條約可能在接下來的兩三週內談妥。		lexical-context
594	1	级	594_1	級	false	各级	各級	authored-example	project-authored	各级部门都要落实新规定。	各級部門都要落實新規定。		lexical-context
595	1	纪	595_1	紀	false	世纪	世紀	corpus-example	tatoeba:1133348	算盘在中世纪一直被广泛使用。	算盤在中世紀一直被廣泛使用。		lexical-context
596	1	驰	596_1	馳	false	奔驰	奔馳	authored-example	project-authored	骏马在草原上奔驰。	駿馬在草原上奔馳。		lexical-context
597	1	纫	597_1	紉	false	缝纫机	縫紉機	authored-example	project-authored	这台旧缝纫机仍然可以使用。	這臺舊縫紉機仍然可以使用。		lexical-context
599	1	寿	599_1	壽	false	寿命	壽命	corpus-example	tatoeba:8969818	合理地喂狗可以延长宠物寿命。	合理地餵狗可以延長寵物壽命。		lexical-context
601	1	麦	601_1	麥	false	小麦	小麥	corpus-example	tatoeba:1785939	你能辨别小麦和大麦吗？	你能辨別小麥和大麥嗎？		lexical-context
603	1	玛	603_1	瑪	false	玛瑙	瑪瑙	authored-example	project-authored	这条项链上镶着红玛瑙。	這條項鍊上鑲著紅瑪瑙。		lexical-context
605	1	进	605_1	進	false	进行	進行	corpus-example	tatoeba:1923687	就算下雨，比赛也将照常进行。	就算下雨，比賽也將照常進行。		lexical-context
608	1	远	608_1	遠	false	永远	永遠	corpus-example	tatoeba:4760051	她会永远活在我们的记忆里面。	她會永遠活在我們的記憶裡面。		lexical-context
609	1	违	609_1	違	false	违反	違反	corpus-example	tatoeba:8688126	汤姆不知道他的所作所为违反了规则。	湯姆不知道他的所作所為違反了規則。		lexical-context
610	1	韧	610_1	韌	false	坚韧	堅韌	corpus-example	tatoeba:1736070	学好一门外语需要坚韧不拔的毅力。	學好一門外語需要堅韌不拔的毅力。		lexical-context
611	1	运	611_1	運	false	运动	運動	corpus-example	tatoeba:444638	视力不好对运动员来说是残疾。	視力不好對運動員來說是殘疾。		lexical-context
613	1	抚	613_1	撫	false	巡抚	巡撫	authored-example	project-authored	巡抚在明清时期掌管一省军政。	巡撫在明清時期掌管一省軍政。		lexical-context
614	1	坛	614_1	壇	false	论坛	論壇	corpus-example	tatoeba:501352	我在这些论坛上没有帐号。	我在這些論壇上沒有帳號。		lexical-context
614	1	坛	614_2	罎	false	酒坛	酒罎	authored-example	project-authored	酒坛被埋在老树下面。	酒罎被埋在老樹下面。		lexical-context
616	1	坏	616_1	壞	false	破坏	破壞	corpus-example	tatoeba:2518639	汤姆因为破坏了校规而退学了。	湯姆因為破壞了校規而退學了。		lexical-context
617	1	抠	617_1	摳	false	抠字眼	摳字眼	authored-example	project-authored	别总抠字眼，先理解整句话。	別總摳字眼，先理解整句話。		lexical-context
618	1	扰	618_1	擾	false	干扰	干擾	corpus-example	tatoeba:889319	苍蝇和蚊子干扰了他的冥想。	蒼蠅和蚊子干擾了他的冥想。		lexical-context
627	1	贡	627_1	貢	false	贡献	貢獻	corpus-example	tatoeba:427606	他为经济发展作了很多贡献。	他為經濟發展作了很多貢獻。		lexical-context
629	1	坝	629_1	垻	false	堤坝	堤垻	corpus-example	tatoeba:336074	堤坝保护了城市免受洪灾。	堤垻保護了城市免受洪災。		lexical-context
629	1	坝	629_2	壩	false	葛洲坝	葛洲壩	authored-example	project-authored	葛洲坝位于长江干流上。	葛洲壩位於長江干流上。		lexical-context
632	1	折	632_0	折	true	曲折	曲折	corpus-example	tatoeba:13537184	智慧线清晰且曲折，预示思维敏捷但易犹豫不决。	智慧線清晰且曲折，預示思維敏捷但易猶豫不決。		lexical-context
632	1	折	632_1	摺	false	折子	摺子	authored-example	project-authored	她把衣服叠成整齐的折子。	她把衣服疊成整齊的摺子。		lexical-context
635	1	抡	635_1	掄	false	抡元	掄元	authored-example	project-authored	他在科举考试中抡元。	他在科舉考試中掄元。		lexical-context
637	1	抢	637_1	搶	false	抢救	搶救	corpus-example	tatoeba:6822753	为抢救病人医生已尽力了。	為搶救病人醫生已盡力了。		lexical-context
644	1	坟	644_1	墳	false	坟墓	墳墓	corpus-example	tatoeba:8748608	他们被埋在一座大坟墓里。	他們被埋在一座大墳墓裡。		lexical-context
649	1	护	649_1	護	false	保护	保護	corpus-example	tatoeba:333347	我们应该告诉孩子怎么保护自己。	我們應該告訴孩子怎麼保護自己。		lexical-context
650	1	壳	650_1	殻	false	地壳	地殻	authored-example	project-authored	地壳由岩石构成。	地殻由岩石構成。		lexical-context
652	1	块	652_1	塊	false	一块	一塊	corpus-example	tatoeba:333700	我叔叔给了我一块漂亮的手表。	我叔叔給了我一塊漂亮的手錶。		lexical-context
654	1	声	654_1	聲	false	一声	一聲	corpus-example	tatoeba:9400765	他连一声道歉也没有对她说。	他連一聲道歉也沒有對她說。		lexical-context
656	1	报	656_1	報	false	报告	報告	corpus-example	tatoeba:332952	这个月底前，我们必须交报告。	這個月底前，我們必須交報告。		lexical-context
657	1	拟	657_1	擬	false	模拟	模擬	corpus-example	tatoeba:2027995	未来飞行员将在模拟操作室中训练。	未來飛行員將在模擬操作室中訓練。		lexical-context
662	1	芜	662_1	蕪	false	芜湖	蕪湖	authored-example	project-authored	芜湖是一座沿江城市。	蕪湖是一座沿江城市。		lexical-context
663	1	苇	663_1	葦	false	芦苇	蘆葦	authored-example	project-authored	湖边长满了芦苇。	湖邊長滿了蘆葦。		lexical-context
669	1	苍	669_1	蒼	false	苍白	蒼白	corpus-example	tatoeba:2092374	发生什么了？你脸色这样苍白。	發生什麼了？你臉色這樣蒼白。		lexical-context
671	1	严	671_1	嚴	false	严重	嚴重	corpus-example	tatoeba:405750	俄罗斯面临着严重的财政困难。	俄羅斯面臨著嚴重的財政困難。		lexical-context
672	1	芦	672_1	蘆	false	葫芦	葫蘆	corpus-example	tatoeba:803569	他葫芦里不知卖的是什么药？	他葫蘆裡不知賣的是什麼藥？		lexical-context
674	1	劳	674_1	勞	false	劳动	勞動	corpus-example	tatoeba:1753231	他对自己的劳动成果很满意。	他對自己的勞動成果很滿意。		lexical-context
675	1	克	675_0	克	true	坦克	坦克	corpus-example	tatoeba:13539024	坦克是没有后照镜的。	坦克是沒有後照鏡的。		lexical-context
675	1	克	675_1	剋	false	克制	剋制	corpus-example	tatoeba:13894744	我看的出来，她正在克制自己的怒火。	我看的出來，她正在剋制自己的怒火。		lexical-context
677	1	苏	677_1	蘇	false	苏联	蘇聯	corpus-example	tatoeba:737320	苏联军队开始从阿富汗撤军了。	蘇聯軍隊開始從阿富汗撤軍了。		lexical-context
677	1	苏	677_2	囌	false	噜苏	嚕囌	authored-example	project-authored	这份说明太噜苏了。	這份說明太嚕囌了。		lexical-context
687	1	极	687_1	極	false	积极	積極	corpus-example	tatoeba:2286071	网络积极分子想跟最高领袖见面。	網路積極分子想跟最高領袖見面。		lexical-context
689	1	杨	689_1	楊	false	杨柳	楊柳	corpus-example	tatoeba:12705180	昔我往矣，杨柳依依。今我来思，雨雪霏霏。	昔我往矣，楊柳依依。今我來思，雨雪霏霏。		lexical-context
697	1	两	697_1	兩	false	两个	兩個	authored-example	project-authored	桌上放着两个杯子。	桌上放著兩個杯子。		lexical-context
699	1	丽	699_1	麗	false	美丽	美麗	corpus-example	tatoeba:1409456	变美丽的最简单方法就是微笑。	變美麗的最簡單方法就是微笑。		lexical-context
700	1	医	700_1	醫	false	医院	醫院	corpus-example	tatoeba:756862	我想去医院做一个全面的检查。	我想去醫院做一個全面的檢查。		lexical-context
702	1	励	702_1	勵	false	鼓励	鼓勵	corpus-example	tatoeba:2254413	我鼓励学生们更努力地学习。	我鼓勵學生們更努力地學習。		lexical-context
704	1	还	704_1	還	false	还有	還有	corpus-example	tatoeba:1176034	我要麻婆豆腐，还有两碗米饭。	我要麻婆豆腐，還有兩碗米飯。		lexical-context
706	1	歼	706_1	殲	false	歼灭	殲滅	authored-example	project-authored	部队奉命歼灭敌军主力。	部隊奉命殲滅敵軍主力。		lexical-context
707	1	来	707_1	來	false	起来	起來	corpus-example	tatoeba:335314	我们常把黑色跟死亡联系起来。	我們常把黑色跟死亡聯絡起來。		lexical-context
708	1	连	708_1	連	false	连续	連續	corpus-example	tatoeba:8143516	小脑需要连续不断的血液供给。	小腦需要連續不斷的血液供給。		lexical-context
709	1	轩	709_1	軒	false	轩然大波	軒然大波	authored-example	project-authored	这项决定引起了轩然大波。	這項決定引起了軒然大波。		lexical-context
711	1	卤	711_1	鹵	false	卤素	鹵素	authored-example	project-authored	氟和氯都属于卤素。	氟和氯都屬於鹵素。		lexical-context
711	1	卤	711_2	滷	false	卤鸡	滷雞	authored-example	project-authored	这家店的卤鸡很入味。	這家店的滷雞很入味。		lexical-context
712	1	坚	712_1	堅	false	坚持	堅持	corpus-example	tatoeba:333192	我爸爸坚持要我去那地方看看。	我爸爸堅持要我去那地方看看。		lexical-context
717	1	时	717_1	時	false	时间	時間	corpus-example	tatoeba:334705	你从来没时间处理重要的事情！	你從來沒時間處理重要的事情！		lexical-context
720	1	县	720_1	縣	false	自治县	自治縣	authored-example	project-authored	这个自治县拥有丰富的森林资源。	這個自治縣擁有豐富的森林資源。		lexical-context
721	1	里	721_0	里	true	公里	公里	corpus-example	tatoeba:2113788	从这里到银行足有三公里路。	從這裡到銀行足有三公里路。		lexical-context
721	1	里	721_1	裏	false	这里	這裏	corpus-example	tatoeba:347309	你愿意在这里呆多久就呆多久。	你願意在這裏呆多久就呆多久。		lexical-context
725	1	呕	725_1	嘔	false	呕吐	嘔吐	corpus-example	tatoeba:6014700	你是否有恶心呕吐的感觉。	你是否有噁心嘔吐的感覺。		lexical-context
726	1	园	726_1	園	false	公园	公園	corpus-example	tatoeba:345943	走了几分钟后，我们到了公园。	走了幾分鐘後，我們到了公園。		lexical-context
727	1	旷	727_1	曠	false	旷野	曠野	corpus-example	tatoeba:3130793	父亲这趟列车正在徐徐减速，等待惯性用尽，静静地停在空无一物的旷野之中。	父親這趟列車正在徐徐減速，等待慣性用盡，靜靜地停在空無一物的曠野之中。		lexical-context
728	1	围	728_1	圍	false	范围	範圍	corpus-example	tatoeba:1883635	他试图扩大自己的势力范围。	他試圖擴大自己的勢力範圍。		lexical-context
730	1	吨	730_1	噸	false	吨位	噸位	authored-example	project-authored	港口限制船只的吨位。	港口限制船隻的噸位。		lexical-context
732	1	邮	732_1	郵	false	邮政	郵政	corpus-example	tatoeba:337277	距离村内的邮政局不到一公里。	距離村內的郵政局不到一公里。		lexical-context
734	1	困	734_0	困	true	困难	困難	corpus-example	tatoeba:405750	俄罗斯面临着严重的财政困难。	俄羅斯面臨著嚴重的財政困難。		lexical-context
734	1	困	734_1	睏	false	困倦	睏倦	corpus-example	tatoeba:2456059	困倦的时候学习是在浪费时间。	睏倦的時候學習是在浪費時間。		lexical-context
737	1	员	737_1	員	false	委员会	委員會	authored-example	project-authored	委员会将在下周表决提案。	委員會將在下週表決提案。		lexical-context
739	1	听	739_1	聽	false	听说	聽說	corpus-example	tatoeba:336242	我们经常听说日本人工作勤奋。	我們經常聽說日本人工作勤奮。		lexical-context
742	1	呛	742_1	嗆	false	够呛	夠嗆	authored-example	project-authored	今天的风大得够呛。	今天的風大得夠嗆。		lexical-context
745	1	呜	745_1	嗚	false	呜咽	嗚咽	authored-example	project-authored	她听到消息后低声呜咽。	她聽到訊息後低聲嗚咽。		lexical-context
751	1	别	751_0	别	true	别姓	别姓	authored-example	project-authored	复姓和别姓都能反映家族历史。	複姓和别姓都能反映家族歷史。		lexical-context
751	1	别	751_1	彆	false	别扭	彆扭	authored-example	project-authored	这双新鞋穿起来有点别扭。	這雙新鞋穿起來有點彆扭。		lexical-context
753	1	岖	753_1	嶇	false	崎岖	崎嶇	corpus-example	tatoeba:13573155	巴苏陀兰的景色崎岖壮丽，别具一格，与我见过的南非其他地方都截然不同。	巴蘇陀蘭的景色崎嶇壯麗，別具一格，與我見過的南非其他地方都截然不同。		lexical-context
754	1	岗	754_1	崗	false	岗位	崗位	corpus-example	tatoeba:2383499	这个岗位不合适小姑娘。	這個崗位不合適小姑娘。		lexical-context
755	1	帐	755_1	帳	false	帐篷	帳篷	authored-natural-example	manual	我们在湖边搭起了帐篷。	我們在湖邊搭起了帳篷。		lexical-context
756	1	财	756_1	財	false	财产	財產	corpus-example	tatoeba:817294	他最近几年获得了很多财产。	他最近幾年獲得了很多財產。		lexical-context
757	1	针	757_1	針	false	方针	方針	authored-example	project-authored	会议确定了今后的工作方针。	會議確定了今後的工作方針。		lexical-context
758	1	钉	758_1	釘	false	钉子	釘子	corpus-example	tatoeba:840799	这个钉子撕破了他的夹克。	這個釘子撕破了他的夾克。		lexical-context
762	1	乱	762_1	亂	false	混乱	混亂	corpus-example	tatoeba:407337	吉尔吉斯斯坦的情况十分混乱。	吉爾吉斯斯坦的情況十分混亂。		lexical-context
770	1	体	770_1	體	false	政体	政體	authored-example	project-authored	不同国家采用不同的政体。	不同國家採用不同的政體。		lexical-context
780	1	佣	780_1	傭	false	雇佣	雇傭	corpus-example	tatoeba:1575957	因为他为人正直，所以我雇佣了他。	因為他為人正直，所以我雇傭了他。		lexical-context
792	1	彻	792_1	徹	false	彻底	徹底	authored-natural-example	manual	我们必须彻底解决这个问题。	我們必須徹底解決這個問題。		lexical-context
795	1	余	795_0	余	true	新余市	新余市	authored-example	project-authored	新余市位于江西省中部偏西。	新余市位於江西省中部偏西。		lexical-context
795	1	余	795_1	餘	false	其余	其餘	corpus-example	tatoeba:1541790	你留在这儿，其余的人去外面	你留在這兒，其餘的人去外面		lexical-context
798	1	谷	798_0	谷	true	河谷	河谷	corpus-example	tatoeba:13573400	他们向西北方向进军，进入了谢南多厄河谷。	他們向西北方向進軍，進入了謝南多厄河谷。		lexical-context
798	1	谷	798_1	穀	false	谷物	穀物	corpus-example	tatoeba:334454	黑麦被称为贫穷的谷物。	黑麥被稱為貧窮的穀物。		lexical-context
801	1	邻	801_1	鄰	false	邻近	鄰近	corpus-example	tatoeba:2615139	在我的邻近区域有一个大超市。	在我的鄰近區域有一個大超市。		lexical-context
807	1	肠	807_1	腸	false	肠子	腸子	authored-example	project-authored	他饿得肠子咕咕叫。	他餓得腸子咕咕叫。		lexical-context
808	1	龟	808_1	龜	false	乌龟	烏龜	corpus-example	tatoeba:339505	野兔被乌龟抛了在后头。	野兔被烏龜拋了在後頭。		lexical-context
812	1	犹	812_1	猶	false	犹如	猶如	corpus-example	tatoeba:7033616	靠武力取胜，犹如落败，因为这样的胜利不会长久。	靠武力取勝，猶如落敗，因為這樣的勝利不會長久。		lexical-context
813	1	狈	813_1	狽	false	狼狈	狼狽	corpus-example	tatoeba:13840626	你看看你们的样子，勾肩搭背，狼狈为奸。	你看看你們的樣子，勾肩搭背，狼狽為奸。		lexical-context
816	1	条	816_1	條	false	条件	條件	corpus-example	tatoeba:751241	不少人以高薪为成功的条件。	不少人以高薪為成功的條件。		lexical-context
820	1	岛	820_1	島	false	青岛	青島	authored-example	project-authored	青岛是一座美丽的海滨城市。	青島是一座美麗的海濱城市。		lexical-context
823	1	饭	823_1	飯	false	吃饭	吃飯	corpus-example	tatoeba:389397	我们找一天定个时间一起吃饭。	我們找一天定個時間一起吃飯。		lexical-context
824	1	饮	824_1	飲	false	饮食	飲食	corpus-example	tatoeba:389929	蔬果对平衡饮食必不可少。	蔬果對平衡飲食必不可少。		lexical-context
825	1	系	825_0	系	true	关系	關系	corpus-example	tatoeba:334900	这个犯罪和我一点关系都没有。	這個犯罪和我一點關系都沒有。		lexical-context
825	1	系	825_1	係	false	关系	關係	corpus-example	tatoeba:334900	这个犯罪和我一点关系都没有。	這個犯罪和我一點關係都沒有。		lexical-context
825	1	系	825_2	繫	false	联系	聯繫	corpus-example	tatoeba:334721	我们联系上他们已经为时已晚。	我們聯繫上他們已經為時已晚。		lexical-context
827	1	冻	827_1	凍	false	冻结	凍結	corpus-example	tatoeba:1239327	我将建筑称作被冻结的音乐。	我將建築稱作被凍結的音樂。		lexical-context
828	1	状	828_1	狀	false	状态	狀態	corpus-example	tatoeba:1888733	我不在讨论这个问题的状态。	我不在討論這個問題的狀態。		lexical-context
829	1	亩	829_1	畝	false	千亩	千畝	authored-example	project-authored	村里新开垦了千亩农田。	村裡新開墾了千畝農田。		lexical-context
832	1	库	832_1	庫	false	文库	文庫	authored-example	project-authored	这本文库收录了许多古典作品。	這本文庫收錄了許多古典作品。		lexical-context
834	1	疗	834_1	療	false	治疗	治療	corpus-example	tatoeba:334881	预防措施比真正的治疗更有效。	預防措施比真正的治療更有效。		lexical-context
836	1	应	836_1	應	false	应该	應該	corpus-example	tatoeba:336011	你们应该实行你们最初的计划。	你們應該實行你們最初的計劃。		lexical-context
837	1	这	837_1	這	false	这个	這個	corpus-example	tatoeba:332464	如果没有你，这个世界很孤单。	如果沒有你，這個世界很孤單。		lexical-context
839	1	庐	839_1	廬	false	庐山	廬山	authored-example	project-authored	夏天我们去庐山避暑。	夏天我們去廬山避暑。		lexical-context
845	1	闰	845_1	閏	false	闰年	閏年	authored-example	project-authored	闰年通常有三百六十六天。	閏年通常有三百六十六天。		lexical-context
846	1	闲	846_1	閑	false	闲暇	閑暇	corpus-example	tatoeba:357935	我常常在我的闲暇时候听广播。	我常常在我的閑暇時候聽廣播。		lexical-context
847	1	间	847_1	間	false	时间	時間	corpus-example	tatoeba:334705	你从来没时间处理重要的事情！	你從來沒時間處理重要的事情！		lexical-context
848	1	闷	848_1	悶	false	郁闷	鬱悶	corpus-example	tatoeba:2757133	汤姆失业后，为了排遣郁闷的心情而开始了赌博。	湯姆失業後，為了排遣鬱悶的心情而開始了賭博。		lexical-context
851	1	灶	851_1	竈	false	重起炉灶	重起爐竈	authored-example	project-authored	旧计划失败后，他们决定重起炉灶。	舊計劃失敗後，他們決定重起爐竈。		lexical-context
852	1	灿	852_1	燦	false	灿烂	燦爛	corpus-example	tatoeba:1112842	这个世界是灿烂的吗？	這個世界是燦爛的嗎？		lexical-context
859	1	沥	859_1	瀝	false	沥青	瀝青	corpus-example	tatoeba:13892103	小时候，我过马路时会踩着斑马线的白漆走，想象沥青路面是不能走的。	小時候，我過馬路時會踩著斑馬線的白漆走，想象瀝青路面是不能走的。		lexical-context
863	1	沦	863_1	淪	false	沦为	淪為	authored-example	project-authored	那座工厂已经沦为废墟。	那座工廠已經淪為廢墟。		lexical-context
866	1	沧	866_1	滄	false	沧州	滄州	authored-example	project-authored	沧州以武术传统闻名。	滄州以武術傳統聞名。		lexical-context
868	1	沟	868_1	溝	false	沟通	溝通	corpus-example	tatoeba:798201	飞行员用无线电与机场沟通。	飛行員用無線電與機場溝通。		lexical-context
869	1	沪	869_1	滬	false	京沪	京滬	authored-example	project-authored	京沪铁路连接北京和上海。	京滬鐵路連線北京和上海。		lexical-context
870	1	沈	870_0	沈	true	沈国放	沈國放	authored-example	project-authored	沈国放曾担任中国外交官。	沈國放曾擔任中國外交官。		lexical-context
870	1	沈	870_1	瀋	false	沈阳	瀋陽	authored-example	project-authored	沈阳是辽宁省的省会。	瀋陽是遼寧省的省會。		lexical-context
873	1	怀	873_1	懷	false	怀疑	懷疑	corpus-example	tatoeba:6315385	你是谁？我怀疑你不是这里的。	你是誰？我懷疑你不是這裡的。		lexical-context
874	1	忧	874_1	憂	false	担忧	擔憂	corpus-example	tatoeba:2338569	我们对女儿的健康问题很担忧。	我們對女兒的健康問題很擔憂。		lexical-context
882	1	穷	882_1	窮	false	穷人	窮人	corpus-example	tatoeba:512198	我不喜欢穷人，他们只想着钱。	我不喜歡窮人，他們只想著錢。		lexical-context
885	1	证	885_1	證	false	保证	保證	corpus-example	tatoeba:785816	团结、公正和自由是幸福的保证。	團結、公正和自由是幸福的保證。		lexical-context
886	1	启	886_1	啓	false	启发	啓發	corpus-example	tatoeba:13455222	他们的评论很有启发性。	他們的評論很有啓發性。		lexical-context
887	1	评	887_1	評	false	评价	評價	corpus-example	tatoeba:346460	老板对你的工作有很高的评价。	老闆對你的工作有很高的評價。		lexical-context
888	1	补	888_1	補	false	补充	補充	corpus-example	tatoeba:5267737	我刚才说的内容，你想补充么？	我剛才說的內容，你想補充麼？		lexical-context
892	1	识	892_1	識	false	认识	認識	corpus-example	tatoeba:136402	你记不记得我们认识的那一天？	你記不記得我們認識的那一天？		lexical-context
893	1	诈	893_1	詐	false	欺诈	欺詐	authored-example	project-authored	消费者应当警惕网络欺诈。	消費者應當警惕網路欺詐。		lexical-context
894	1	诉	894_1	訴	false	告诉	告訴	corpus-example	tatoeba:332602	请写信告诉我你们学校的情况。	請寫信告訴我你們學校的情況。		lexical-context
896	1	诊	896_1	診	false	诊断	診斷	corpus-example	tatoeba:1210437	诊断患有“网络成瘾症”的人差不多总是也有其他的困难。	診斷患有“網路成癮症”的人差不多總是也有其他的困難。		lexical-context
897	1	词	897_1	詞	false	词条	詞條	authored-example	project-authored	编辑补充了缺失的词条。	編輯補充了缺失的詞條。		lexical-context
898	1	译	898_1	譯	false	翻译	翻譯	authored-example	project-authored	这篇文章的翻译很流畅。	這篇文章的翻譯很流暢。		lexical-context
900	1	灵	900_1	靈	false	灵魂	靈魂	corpus-example	tatoeba:1014146	你的灵魂已经坠进地狱了。	你的靈魂已經墜進地獄了。		lexical-context
902	1	层	902_1	層	false	一层	一層	corpus-example	tatoeba:13878375	这场雨使她心头蒙上了一层阴云。	這場雨使她心頭蒙上了一層陰雲。		lexical-context
906	1	迟	906_1	遲	false	迟疑	遲疑	corpus-example	tatoeba:1584519	在他答复之前，他犹豫迟疑了一下。	在他答覆之前，他猶豫遲疑了一下。		lexical-context
909	1	张	909_1	張	false	主张	主張	corpus-example	tatoeba:1861026	中国主张钓鱼岛的所有权。	中國主張釣魚島的所有權。		lexical-context
911	1	际	911_1	際	false	国际	國際	corpus-example	tatoeba:2486507	不好意思，我找国际航班登机楼。	不好意思，我找國際航班登機樓。		lexical-context
912	1	陆	912_1	陸	false	大陆	大陸	corpus-example	tatoeba:2882569	非洲是一块非常大的大陆。	非洲是一塊非常大的大陸。		lexical-context
914	1	陈	914_1	陳	false	陈水扁	陳水扁	authored-example	project-authored	陈水扁曾任台湾地区领导人。	陳水扁曾任臺灣地區領導人。		lexical-context
917	1	坠	917_1	墜	false	坠落	墜落	corpus-example	tatoeba:13511909	眼泪不要坠落。	眼淚不要墜落。		lexical-context
926	1	劲	926_1	勁	false	使劲	使勁	corpus-example	tatoeba:8744807	啄木鸟正在使劲地啄树干。	啄木鳥正在使勁地啄樹幹。		lexical-context
928	1	鸡	928_1	鷄	false	鸡蛋	鷄蛋	corpus-example	tatoeba:1866580	这些鸡蛋坏掉了，不能拿来煎。	這些鷄蛋壞掉了，不能拿來煎。		lexical-context
929	1	纬	929_1	緯	false	北纬	北緯	authored-example	project-authored	台北位于北纬二十五度附近。	臺北位於北緯二十五度附近。		lexical-context
930	1	驱	930_1	驅	false	驱逐	驅逐	corpus-example	tatoeba:3947643	许多犹太人被德国人驱逐。	許多猶太人被德國人驅逐。		lexical-context
931	1	纯	931_1	純	false	单纯	單純	corpus-example	tatoeba:6037679	留西雅是一个很单纯的姑娘。	留西雅是一個很單純的姑娘。		lexical-context
932	1	纱	932_1	紗	false	棉纱	棉紗	authored-example	project-authored	工厂把棉纱织成布料。	工廠把棉紗織成布料。		lexical-context
933	1	纲	933_1	綱	false	纲领	綱領	authored-example	project-authored	大会通过了新的行动纲领。	大會通過了新的行動綱領。		lexical-context
934	1	纳	934_1	納	false	纳入	納入	corpus-example	tatoeba:13556515	中国正将阿尔及利亚纳入「一带一路」战略。	中國正將阿爾及利亞納入「一帶一路」戰略。		lexical-context
935	1	驳	935_1	駁	false	反驳	反駁	corpus-example	tatoeba:13876595	汤姆用一个反例反驳了那个说法。	湯姆用一個反例反駁了那個說法。		lexical-context
936	1	纵	936_1	縱	false	操纵	操縱	corpus-example	tatoeba:10215680	幕后操纵者是谁？	幕後操縱者是誰？		lexical-context
937	1	纷	937_1	紛	false	纠纷	糾紛	authored-example	project-authored	双方通过调解解决了纠纷。	雙方透過調解解決了糾紛。		lexical-context
938	1	纸	938_1	紙	false	报纸	報紙	corpus-example	tatoeba:336724	在那儿看报纸的男人是我叔叔。	在那兒看報紙的男人是我叔叔。		lexical-context
939	1	纹	939_1	紋	false	纹饰	紋飾	authored-example	project-authored	陶器表面刻有精美纹饰。	陶器表面刻有精美紋飾。		lexical-context
940	1	纺	940_1	紡	false	纺织	紡織	corpus-example	tatoeba:797115	苏格兰以其羊毛纺织品而著名。	蘇格蘭以其羊毛紡織品而著名。		lexical-context
941	1	驴	941_1	驢	false	驴子	驢子	corpus-example	tatoeba:765247	驴子对驴子抱怨他很笨。	驢子對驢子抱怨他很笨。		lexical-context
942	1	纽	942_1	紐	false	纽约	紐約	corpus-example	tatoeba:406326	这列火车从纽约开往波士顿。	這列火車從紐約開往波士頓。		lexical-context
945	1	环	945_1	環	false	环境	環境	corpus-example	tatoeba:1413679	在这么嘈杂的环境中无法学习。	在這麼嘈雜的環境中無法學習。		lexical-context
948	1	责	948_1	責	false	负责	負責	corpus-example	tatoeba:334340	父母要对他们子女的安全负责。	父母要對他們子女的安全負責。		lexical-context
949	1	现	949_1	現	false	现在	現在	corpus-example	tatoeba:420778	王兄，你现在在做什么生意了？	王兄，你現在在做什麼生意了？		lexical-context
951	1	表	951_0	表	true	代表	代表	corpus-example	tatoeba:765320	那么，这代表更健康的城市吗？	那麼，這代表更健康的城市嗎？		lexical-context
951	1	表	951_1	錶	false	仪表	儀錶	corpus-example	tatoeba:8744628	汤姆把他的太阳镜留在我的车的仪表板上了。	湯姆把他的太陽鏡留在我的車的儀錶板上了。		lexical-context
952	1	规	952_1	規	false	规定	規定	corpus-example	tatoeba:3042328	一些海滩没能遵守环保规定。	一些海灘沒能遵守環保規定。		lexical-context
958	1	拢	958_1	攏	false	拉拢	拉攏	authored-example	project-authored	他试图拉拢几名中立代表。	他試圖拉攏幾名中立代表。		lexical-context
961	1	拣	961_1	揀	false	拣选	揀選	authored-example	project-authored	工人仔细拣选成熟的果实。	工人仔細揀選成熟的果實。		lexical-context
963	1	担	963_1	擔	false	担任	擔任	corpus-example	tatoeba:454257	他在担任总统期间访问了日本。	他在擔任總統期間訪問了日本。		lexical-context
971	1	顶	971_1	頂	false	头顶	頭頂	corpus-example	tatoeba:1766192	刚好有一架飞机从我头顶飞过。	剛好有一架飛機從我頭頂飛過。		lexical-context
974	1	拥	974_1	擁	false	拥有	擁有	corpus-example	tatoeba:472818	企业管理不同于拥有一家企业。	企業管理不同於擁有一家企業。		lexical-context
977	1	势	977_1	勢	false	优势	優勢	corpus-example	tatoeba:755897	主场队总是比对手有优势。	主場隊總是比對手有優勢。		lexical-context
982	1	拦	982_1	攔	false	拦截	攔截	authored-example	project-authored	守门员成功拦截了传球。	守門員成功攔截了傳球。		lexical-context
985	1	拧	985_1	擰	false	拧开	擰開	authored-example	project-authored	她拧开瓶盖喝了一口水。	她擰開瓶蓋喝了一口水。		lexical-context
991	1	拨	991_1	撥	false	拨乱反正	撥亂反正	authored-example	project-authored	新政府承诺尽快拨乱反正。	新政府承諾儘快撥亂反正。		lexical-context
992	1	择	992_1	擇	false	选择	選擇	corpus-example	tatoeba:335006	你可以选择红茶，咖啡或牛奶。	你可以選擇紅茶，咖啡或牛奶。		lexical-context
1004	1	苹	1004_1	蘋	false	苹果	蘋果	corpus-example	tatoeba:476614	不是所有的小孩子都喜欢苹果。	不是所有的小孩子都喜歡蘋果。		lexical-context
1010	1	范	1010_0	范	true	范蠡	范蠡	authored-example	project-authored	范蠡是春秋末期的政治家。	范蠡是春秋末期的政治家。		lexical-context
1010	1	范	1010_1	範	false	范围	範圍	corpus-example	tatoeba:1883635	他试图扩大自己的势力范围。	他試圖擴大自己的勢力範圍。		lexical-context
1014	1	茎	1014_1	莖	false	阴茎	陰莖	corpus-example	tatoeba:8932461	别吸烟。吸烟可能缩短你的阴茎。	別吸菸。吸菸可能縮短你的陰莖。		lexical-context
1021	1	枢	1021_1	樞	false	枢纽	樞紐	authored-example	project-authored	这座城市是重要的交通枢纽。	這座城市是重要的交通樞紐。		lexical-context
1022	1	柜	1022_1	櫃	false	掌柜	掌櫃	authored-example	project-authored	客栈掌柜热情地招呼客人。	客棧掌櫃熱情地招呼客人。		lexical-context
1025	1	板	1025_0	板	true	老板	老板	corpus-example	tatoeba:346460	老板对你的工作有很高的评价。	老板對你的工作有很高的評價。		lexical-context
1025	1	板	1025_1	闆	false	老板	老闆	corpus-example	tatoeba:346460	老板对你的工作有很高的评价。	老闆對你的工作有很高的評價。		lexical-context
1026	1	松	1026_0	松	true	武松	武松	authored-example	project-authored	武松是古典小说中的人物。	武松是古典小說中的人物。		lexical-context
1026	1	松	1026_1	鬆	false	轻松	輕鬆	corpus-example	tatoeba:522166	放轻松，这只是个稻草人而已。	放輕鬆，這只是個稻草人而已。		lexical-context
1027	1	枪	1027_1	槍	false	步枪	步槍	corpus-example	tatoeba:869916	班杰明用步枪射了一只熊。	班傑明用步槍射了一隻熊。		lexical-context
1028	1	枫	1028_1	楓	false	枫叶	楓葉	corpus-example	tatoeba:13573786	桌上摆放著一瓶被霜冻漂白的蕨类植物和红宝石色的枫叶。	桌上擺放著一瓶被霜凍漂白的蕨類植物和紅寶石色的楓葉。		lexical-context
1029	1	构	1029_1	構	false	机构	機構	corpus-example	tatoeba:2367587	我一得到一大笔钱就捐一部分给慈善机构。	我一得到一大筆錢就捐一部分給慈善機構。		lexical-context
1034	1	丧	1034_1	喪	false	丧失	喪失	corpus-example	tatoeba:2054131	他完全丧失了能成功的信心。	他完全喪失了能成功的信心。		lexical-context
1036	1	画	1036_1	畫	false	画家	畫家	corpus-example	tatoeba:1490534	他是个画家，但他不会画国画。	他是個畫家，但他不會畫國畫。		lexical-context
1040	1	枣	1040_1	棗	false	蜜枣	蜜棗	authored-example	project-authored	这袋蜜枣又甜又软。	這袋蜜棗又甜又軟。		lexical-context
1042	1	卖	1042_1	賣	false	买卖	買賣	corpus-example	tatoeba:420746	我天天在这里做买卖，不会让你吃亏的！	我天天在這裡做買賣，不會讓你吃虧的！		lexical-context
1043	1	郁	1043_0	郁	true	浓郁	濃郁	corpus-example	tatoeba:13549587	充分氧化反应赋予红茶浓郁醇厚的风味和深琥珀色。	充分氧化反應賦予紅茶濃郁醇厚的風味和深琥珀色。		lexical-context
1043	1	郁	1043_1	鬱	false	郁闷	鬱悶	corpus-example	tatoeba:2757133	汤姆失业后，为了排遣郁闷的心情而开始了赌博。	湯姆失業後，為了排遣鬱悶的心情而開始了賭博。		lexical-context
1044	1	矾	1044_1	礬	false	明矾	明礬	authored-example	project-authored	明矾过去常被用于净水。	明礬過去常被用於淨水。		lexical-context
1045	1	矿	1045_1	礦	false	矿产	礦產	authored-example	project-authored	这一地区拥有丰富的矿产。	這一地區擁有豐富的礦產。		lexical-context
1046	1	码	1046_1	碼	false	码头	碼頭	corpus-example	tatoeba:13886138	末班渡轮在晚上十点整发船，请提早抵达码头。	末班渡輪在晚上十點整發船，請提早抵達碼頭。		lexical-context
1047	1	厕	1047_1	厠	false	厕所	厠所	corpus-example	tatoeba:10301340	稍等一下，我想去上一下厕所。	稍等一下，我想去上一下厠所。		lexical-context
1051	1	奋	1051_1	奮	false	兴奋	興奮	corpus-example	tatoeba:529645	你半透明的裙子让我高度兴奋。	你半透明的裙子讓我高度興奮。		lexical-context
1052	1	态	1052_1	態	false	状态	狀態	corpus-example	tatoeba:1888733	我不在讨论这个问题的状态。	我不在討論這個問題的狀態。		lexical-context
1053	1	欧	1053_1	歐	false	欧洲	歐洲	corpus-example	tatoeba:7795217	那离欧洲有点远，你不觉得吗？	那離歐洲有點遠，你不覺得嗎？		lexical-context
1054	1	殴	1054_1	毆	false	殴打	毆打	corpus-example	tatoeba:13317051	我看见汤姆殴打玛丽。	我看見湯姆毆打瑪麗。		lexical-context
1055	1	垄	1055_1	壟	false	垄断	壟斷	corpus-example	tatoeba:2047863	他们垄断了原物料供应，并开天价。	他們壟斷了原物料供應，並開天價。		lexical-context
1057	1	轰	1057_1	轟	false	轰炸机	轟炸機	authored-example	project-authored	轰炸机从机场起飞。	轟炸機從機場起飛。		lexical-context
1058	1	顷	1058_1	頃	false	公顷	公頃	authored-example	project-authored	这片森林占地数千公顷。	這片森林佔地數千公頃。		lexical-context
1059	1	转	1059_1	轉	false	转移	轉移	corpus-example	tatoeba:13920591	他试图转移大家的注意力。	他試圖轉移大家的注意力。		lexical-context
1060	1	斩	1060_1	斬	false	斩首	斬首	authored-example	project-authored	将军下令对俘虏执行斩首。	將軍下令對俘虜執行斬首。		lexical-context
1061	1	轮	1061_1	輪	false	一轮	一輪	corpus-example	tatoeba:871218	再来一轮怎么样？	再來一輪怎麼樣？		lexical-context
1062	1	软	1062_1	軟	false	软件	軟件	corpus-example	tatoeba:9772966	为什么我的翻墙软件速度很慢？	為什麼我的翻牆軟件速度很慢？		lexical-context
1068	1	齿	1068_1	齒	false	牙齿	牙齒	corpus-example	tatoeba:5685903	我的牙齿没有我希望的那样白。	我的牙齒沒有我希望的那樣白。		lexical-context
1072	1	虏	1072_1	虜	false	俘虏	俘虜	authored-example	project-authored	士兵押送俘虏回到营地。	士兵押送俘虜回到營地。		lexical-context
1073	1	肾	1073_1	腎	false	肾脏	腎臟	corpus-example	tatoeba:3763535	肾脏病患者请勿在无医生同意下服用。	腎臟病患者請勿在無醫生同意下服用。		lexical-context
1074	1	贤	1074_1	賢	false	魏忠贤	魏忠賢	authored-example	project-authored	魏忠贤是明代宦官。	魏忠賢是明代宦官。		lexical-context
1081	1	国	1081_1	國	false	中国	中國	corpus-example	tatoeba:613113	在中国十一月十一号是光棍节。	在中國十一月十一號是光棍節。		lexical-context
1086	1	畅	1086_1	暢	false	畅销	暢銷	corpus-example	tatoeba:785084	她抓紧时间地阅读一本畅销小说。	她抓緊時間地閱讀一本暢銷小說。		lexical-context
1089	1	咙	1089_1	嚨	false	喉咙	喉嚨	corpus-example	tatoeba:1270579	我的喉咙又干又红、又痛又痒。	我的喉嚨又幹又紅、又痛又癢。		lexical-context
1100	1	鸣	1100_1	鳴	false	鸣叫	鳴叫	authored-example	project-authored	清晨传来鸟儿的鸣叫。	清晨傳來鳥兒的鳴叫。		lexical-context
1108	1	罗	1108_1	羅	false	俄罗斯	俄羅斯	corpus-example	tatoeba:405750	俄罗斯面临着严重的财政困难。	俄羅斯面臨著嚴重的財政困難。		lexical-context
1109	1	帜	1109_1	幟	false	旗帜	旗幟	corpus-example	tatoeba:13153676	反叛者践踏敌人的旗帜，以示挑衅。	反叛者踐踏敵人的旗幟，以示挑釁。		lexical-context
1111	1	岭	1111_1	嶺	false	秦岭	秦嶺	authored-example	project-authored	秦岭横贯中国中部。	秦嶺橫貫中國中部。		lexical-context
1112	1	凯	1112_1	凱	false	袁世凯	袁世凱	authored-example	project-authored	袁世凯曾任中华民国大总统。	袁世凱曾任中華民國大總統。		lexical-context
1113	1	败	1113_1	敗	false	失败	失敗	corpus-example	tatoeba:346477	听说他失败了，我感到很惊讶。	聽說他失敗了，我感到很驚訝。		lexical-context
1114	1	账	1114_1	賬	false	账户	賬戶	corpus-example	tatoeba:5551197	我认为你应该在这里开个账户。	我認為你應該在這裡開個賬戶。		lexical-context
1115	1	贩	1115_1	販	false	贩卖	販賣	corpus-example	tatoeba:811269	她在演唱会的场地贩卖毒品。	她在演唱會的場地販賣毒品。		lexical-context
1116	1	贬	1116_1	貶	false	贬值	貶值	corpus-example	tatoeba:1408044	随着通货膨胀的发展美元贬值了。	隨著通貨膨脹的發展美元貶值了。		lexical-context
1117	1	购	1117_1	購	false	购买	購買	corpus-example	tatoeba:429478	我当时每个月都会购买五本书。	我當時每個月都會購買五本書。		lexical-context
1118	1	贮	1118_1	貯	false	贮藏	貯藏	authored-example	project-authored	地窖适合贮藏冬季蔬菜。	地窖適合貯藏冬季蔬菜。		lexical-context
1119	1	图	1119_1	圖	false	图片	圖片	corpus-example	tatoeba:1408095	这张图片让我想起了我的家人。	這張圖片讓我想起了我的家人。		lexical-context
1120	1	钓	1120_1	釣	false	钓鱼岛	釣魚島	authored-example	project-authored	钓鱼岛位于东海。	釣魚島位於東海。		lexical-context
1121	1	制	1121_0	制	true	制度	制度	corpus-example	tatoeba:1737909	我们想修改学校的规章制度。	我們想修改學校的規章制度。		lexical-context
1121	1	制	1121_1	製	false	制造	製造	corpus-example	tatoeba:437302	他为他的迟到制造了一个借口。	他為他的遲到製造了一個藉口。		lexical-context
1129	1	刮	1129_0	刮	true	搜刮	搜刮	authored-example	project-authored	官吏借机搜刮百姓的钱财。	官吏藉機搜刮百姓的錢財。		lexical-context
1129	1	刮	1129_1	颳	false	刮风	颳風	corpus-example	tatoeba:1313753	今天有一点刮风。	今天有一點颳風。		lexical-context
1141	1	侠	1141_1	俠	false	大侠	大俠	corpus-example	tatoeba:8637410	与此同时江琴分散了江枫的哥哥燕大侠的注意力。	與此同時江琴分散了江楓的哥哥燕大俠的注意力。		lexical-context
1142	1	侥	1142_1	僥	false	侥幸	僥倖	corpus-example	tatoeba:10042018	好险啊，还好侥幸逃过一劫。	好險啊，還好僥倖逃過一劫。		lexical-context
1145	1	侦	1145_1	偵	false	侦察	偵察	corpus-example	tatoeba:1223757	那嫌疑犯对侦察官撒了个谎。	那嫌疑犯對偵察官撒了個謊。		lexical-context
1147	1	侧	1147_1	側	false	两侧	兩側	authored-example	project-authored	道路两侧种满了梧桐树。	道路兩側種滿了梧桐樹。		lexical-context
1148	1	凭	1148_1	憑	false	凭借	憑借	corpus-example	tatoeba:2085116	那只鸟凭借自己巨大的翅膀能飞得很快。	那隻鳥憑借自己巨大的翅膀能飛得很快。		lexical-context
1149	1	侨	1149_1	僑	false	华侨	華僑	authored-example	project-authored	许多华侨仍与故乡保持联系。	許多華僑仍與故鄉保持聯絡。		lexical-context
1151	1	货	1151_1	貨	false	货币	貨幣	corpus-example	tatoeba:6039669	在商朝，贝朋为通用货币。	在商朝，貝朋為通用貨幣。		lexical-context
1157	1	质	1157_1	質	false	物质	物質	corpus-example	tatoeba:13952572	这种剧毒物质能直接穿透皮肤。	這種劇毒物質能直接穿透皮膚。		lexical-context
1159	1	征	1159_0	征	true	征服	征服	corpus-example	tatoeba:464955	魅力冲击视觉，美德征服心灵。	魅力衝擊視覺，美德征服心靈。		lexical-context
1159	1	征	1159_1	徵	false	特征	特徵	corpus-example	tatoeba:13519149	俄语动词的一个特征是存在体的范畴。	俄語動詞的一個特徵是存在體的範疇。		lexical-context
1163	1	径	1163_1	徑	false	途径	途徑	corpus-example	tatoeba:333396	去那个村庄的唯一途径是过河。	去那個村莊的唯一途徑是過河。		lexical-context
1165	1	舍	1165_0	舍	true	宿舍	宿舍	corpus-example	tatoeba:1567770	这间宿舍住着两个美国留学生。	這間宿舍住著兩個美國留學生。		lexical-context
1165	1	舍	1165_1	捨	false	舍不得	捨不得	corpus-example	tatoeba:13939326	他是个念旧的人，很多东西都舍不得扔掉。	他是個念舊的人，很多東西都捨不得扔掉。		lexical-context
1173	1	觅	1173_1	覓	false	寻觅	尋覓	authored-example	project-authored	警方正在寻觅失踪儿童。	警方正在尋覓失蹤兒童。		lexical-context
1176	1	贪	1176_1	貪	false	贪污	貪污	corpus-example	tatoeba:13917199	他仗著权势贪污舞弊，没想到东窗事发后妻离子散，真是恶有恶报。	他仗著權勢貪污舞弊，沒想到東窗事發後妻離子散，真是惡有惡報。		lexical-context
1178	1	贫	1178_1	貧	false	贫困	貧困	corpus-example	tatoeba:343698	贫困让他学会了自己解决问题。	貧困讓他學會了自己解決問題。		lexical-context
1180	1	肤	1180_1	膚	false	皮肤	皮膚	corpus-example	tatoeba:13952572	这种剧毒物质能直接穿透皮肤。	這種劇毒物質能直接穿透皮膚。		lexical-context
1183	1	肿	1183_1	腫	false	肿瘤	腫瘤	corpus-example	tatoeba:339440	我得了胃肿瘤，必须动手术切除。	我得了胃腫瘤，必須動手術切除。		lexical-context
1184	1	胀	1184_1	脹	false	膨胀	膨脹	corpus-example	tatoeba:1408044	随着通货膨胀的发展美元贬值了。	隨著通貨膨脹的發展美元貶值了。		lexical-context
1187	1	肮	1187_1	骯	false	肮脏	骯髒	corpus-example	tatoeba:772001	没有肮脏的爱情, 也没有美丽的监狱。	沒有骯髒的愛情, 也沒有美麗的監獄。		lexical-context
1191	1	胁	1191_1	脅	false	威胁	威脅	corpus-example	tatoeba:604468	空气污染将会威胁我们的生存。	空氣汙染將會威脅我們的生存。		lexical-context
1194	1	鱼	1194_1	魚	false	鱼类	魚類	authored-example	project-authored	这片海域生活着多种鱼类。	這片海域生活著多種魚類。		lexical-context
1199	1	狞	1199_1	獰	false	狰狞	猙獰	corpus-example	tatoeba:1085704	恶魔一把抓住了我的妹妹，一边狰狞地狂笑着，一边把她丢进了一个无底洞里。	惡魔一把抓住了我的妹妹，一邊猙獰地狂笑著，一邊把她丟進了一個無底洞裡。		lexical-context
1200	1	备	1200_1	備	false	准备	準備	corpus-example	tatoeba:334798	门铃响的时候，我正准备出门。	門鈴響的時候，我正準備出門。		lexical-context
1201	1	饰	1201_1	飾	false	装饰	裝飾	corpus-example	tatoeba:784578	她用玫瑰花装饰了她的房间。	她用玫瑰花裝飾了她的房間。		lexical-context
1202	1	饱	1202_1	飽	false	饱和	飽和	authored-example	project-authored	空气中的水汽已经接近饱和。	空氣中的水汽已經接近飽和。		lexical-context
1203	1	饲	1203_1	飼	false	饲养	飼養	authored-example	project-authored	农场饲养了几百只鸡。	農場飼養了幾百只雞。		lexical-context
1204	1	变	1204_1	變	false	变化	變化	corpus-example	tatoeba:754042	我们最近十年经历了很多变化。	我們最近十年經歷了很多變化。		lexical-context
1207	1	庞	1207_1	龐	false	庞大	龐大	authored-natural-example	manual	这项工程需要一笔庞大的预算。	這項工程需要一筆龐大的預算。		lexical-context
1210	1	庙	1210_1	廟	false	神庙	神廟	authored-example	project-authored	山顶上有一座古老神庙。	山頂上有一座古老神廟。		lexical-context
1213	1	疟	1213_1	瘧	false	疟疾	瘧疾	corpus-example	tatoeba:335901	疟疾是蚊子携带的一种疾病。	瘧疾是蚊子攜帶的一種疾病。		lexical-context
1216	1	剂	1216_1	劑	false	溶剂	溶劑	corpus-example	tatoeba:13915683	将液体中的溶剂挥发掉。留下来的，是香气成分与植物蜡组成的块。	將液體中的溶劑揮發掉。留下來的，是香氣成分與植物蠟組成的塊。		lexical-context
1220	1	废	1220_1	廢	false	废除	廢除	corpus-example	tatoeba:333229	死刑在美国的很多州都被废除了。	死刑在美國的很多州都被廢除了。		lexical-context
1227	1	闸	1227_1	閘	false	闸门	閘門	authored-example	project-authored	工作人员缓缓升起闸门。	工作人員緩緩升起閘門。		lexical-context
1228	1	闹	1228_1	鬧	false	热闹	熱鬧	corpus-example	tatoeba:420242	你们这儿生意最好，这么热闹！	你們這兒生意最好，這麼熱鬧！		lexical-context
1229	1	郑	1229_1	鄭	false	郑州	鄭州	corpus-example	tatoeba:420508	从上海坐火车到郑州需几个小时？	從上海坐火車到鄭州需幾個小時？		lexical-context
1231	1	卷	1231_0	卷	true	试卷	試卷	corpus-example	tatoeba:1977194	他仔细地查了一遍自己的试卷。	他仔細地查了一遍自己的試卷。		lexical-context
1231	1	卷	1231_1	捲	false	卷起	捲起	corpus-example	tatoeba:13539426	汤姆卷起裤管，露出鲜红的袜子。	湯姆捲起褲管，露出鮮紅的襪子。		lexical-context
1232	1	单	1232_1	單	false	单位	單位	corpus-example	tatoeba:6082450	你为什么会出现在我工作单位？	你為什麼會出現在我工作單位？		lexical-context
1238	1	炉	1238_1	爐	false	炉子	爐子	corpus-example	tatoeba:13556470	不要把脏锅碗瓢盆放在炉子上，去洗。	不要把髒鍋碗瓢盆放在爐子上，去洗。		lexical-context
1240	1	浅	1240_1	淺	false	浅水	淺水	authored-example	project-authored	孩子们在浅水区玩耍。	孩子們在淺水區玩耍。		lexical-context
1254	1	泞	1254_1	濘	false	泥泞	泥濘	corpus-example	tatoeba:13589999	下雨天足球场变得超泥泞，鞋子一踩下去就陷进去了。	下雨天足球場變得超泥濘，鞋子一踩下去就陷進去了。		lexical-context
1255	1	泻	1255_1	瀉	false	腹泻	腹瀉	authored-example	project-authored	这种药可能引起腹泻。	這種藥可能引起腹瀉。		lexical-context
1262	1	泼	1262_1	潑	false	活泼	活潑	corpus-example	tatoeba:13896457	活泼金属着火了要用沙土盖灭。	活潑金屬著火了要用沙土蓋滅。		lexical-context
1263	1	泽	1263_1	澤	false	毛泽东	毛澤東	authored-example	project-authored	毛泽东出生于湖南韶山。	毛澤東出生於湖南韶山。		lexical-context
1270	1	怜	1270_1	憐	false	可怜	可憐	corpus-example	tatoeba:466311	这里附近的电话亭少得可怜。	這裡附近的電話亭少得可憐。		lexical-context
1273	1	学	1273_1	學	false	学生	學生	corpus-example	tatoeba:347097	他和班上的任何学生一样聪明。	他和班上的任何學生一樣聰明。		lexical-context
1274	1	宝	1274_1	寶	false	宝玉	寶玉	corpus-example	tatoeba:13541557	众人见宝玉牛心，都怪他呆痴不改。	眾人見寶玉牛心，都怪他呆痴不改。		lexical-context
1277	1	宠	1277_1	寵	false	宠爱	寵愛	authored-example	project-authored	祖母特别宠爱最小的孙女。	祖母特別寵愛最小的孫女。		lexical-context
1279	1	审	1279_1	審	false	审议	審議	authored-natural-example	manual	委员会明天将审议这项提案。	委員會明天將審議這項提案。		lexical-context
1283	1	帘	1283_0	帘	true	卷帘门	捲帘門	authored-example	project-authored	商店拉下卷帘门后关门了。	商店拉下捲帘門後關門了。		lexical-context
1283	1	帘	1283_1	簾	false	帘子	簾子	corpus-example	tatoeba:444598	绿色的毯子和这条蓝色的帘子不配。	綠色的毯子和這條藍色的簾子不配。		lexical-context
1285	1	实	1285_1	實	false	实行	實行	corpus-example	tatoeba:336011	你们应该实行你们最初的计划。	你們應該實行你們最初的計劃。		lexical-context
1286	1	试	1286_1	試	false	考试	考試	corpus-example	tatoeba:1300706	考试不及格意味着再等待一年。	考試不及格意味著再等待一年。		lexical-context
1288	1	诗	1288_1	詩	false	诗人	詩人	corpus-example	tatoeba:799240	他不是诗人；他是个散文作家。	他不是詩人；他是個散文作家。		lexical-context
1291	1	诚	1291_1	誠	false	真诚	真誠	corpus-example	tatoeba:13531847	人们说，真正的朋友是真诚的。	人們說，真正的朋友是真誠的。		lexical-context
1292	1	衬	1292_1	襯	false	衬衫	襯衫	corpus-example	tatoeba:4621013	我要一件新衬衫。你想要什么？	我要一件新襯衫。你想要什麼？		lexical-context
1294	1	视	1294_1	視	false	重视	重視	corpus-example	tatoeba:1394974	所有成员都极为重视她的意见。	所有成員都極為重視她的意見。		lexical-context
1296	1	话	1296_1	話	false	说话	說話	corpus-example	tatoeba:334075	坐在我旁边的男人跟我说话了。	坐在我旁邊的男人跟我說話了。		lexical-context
1297	1	诞	1297_1	誕	false	诞生	誕生	corpus-example	tatoeba:8686666	我们是为了死亡而诞生的。	我們是為了死亡而誕生的。		lexical-context
1298	1	诡	1298_1	詭	false	诡异	詭異	corpus-example	tatoeba:13573156	天黑之后，景色变得诡异阴森。	天黑之後，景色變得詭異陰森。		lexical-context
1299	1	询	1299_1	詢	false	咨询	咨詢	corpus-example	tatoeba:747573	好的，您想咨询什么事情？	好的，您想咨詢什麼事情？		lexical-context
1300	1	该	1300_1	該	false	应该	應該	corpus-example	tatoeba:336011	你们应该实行你们最初的计划。	你們應該實行你們最初的計劃。		lexical-context
1301	1	详	1301_1	詳	false	详细	詳細	corpus-example	tatoeba:5576759	航空专家详细分析了统计数据。	航空專家詳細分析了統計資料。		lexical-context
1303	1	肃	1303_1	肅	false	严肃	嚴肅	corpus-example	tatoeba:7771999	现在让我们谈谈严肃的事情吧！	現在讓我們談談嚴肅的事情吧！		lexical-context
1304	1	录	1304_1	錄	false	录取	錄取	authored-natural-example	manual	他收到大学的录取通知。	他收到大學的錄取通知。		lexical-context
1305	1	隶	1305_1	隸	false	奴隶	奴隸	corpus-example	tatoeba:796773	我拒绝被你像奴隶一样对待。	我拒絕被你像奴隸一樣對待。		lexical-context
1313	1	弥	1313_1	彌	false	须弥座	須彌座	authored-example	project-authored	佛像安放在雕刻精美的须弥座上。	佛像安放在雕刻精美的須彌座上。		lexical-context
1313	1	弥	1313_2	瀰	false	弥漫	瀰漫	corpus-example	tatoeba:13556502	她缓缓消失在雾气弥漫的森林中。	她緩緩消失在霧氣瀰漫的森林中。		lexical-context
1320	1	陕	1320_1	陝	false	陕西	陝西	corpus-example	tatoeba:2030735	山西在陕西的东边。	山西在陝西的東邊。		lexical-context
1332	1	驾	1332_1	駕	false	驾驶	駕駛	corpus-example	tatoeba:358181	小心点驾驶，不然你就麻烦了。	小心點駕駛，不然你就麻煩了。		lexical-context
1334	1	参	1334_1	參	false	参加	參加	corpus-example	tatoeba:335242	几十个年轻人参加了示威游行。	幾十個年輕人參加了示威遊行。		lexical-context
1335	1	艰	1335_1	艱	false	艰难	艱難	corpus-example	tatoeba:437299	我想把这项艰难的工作留给她。	我想把這項艱難的工作留給她。		lexical-context
1336	1	线	1336_1	綫	false	路线	路綫	corpus-example	tatoeba:13610510	在陌生地形中，它们会以气味标记路线，以免迷失。	在陌生地形中，它們會以氣味標記路綫，以免迷失。		lexical-context
1337	1	练	1337_1	練	false	训练	訓練	corpus-example	tatoeba:2027995	未来飞行员将在模拟操作室中训练。	未來飛行員將在模擬操作室中訓練。		lexical-context
1338	1	组	1338_1	組	false	组织	組織	corpus-example	tatoeba:501420	可以用另一种方法组织一下吗？	可以用另一種方法組織一下嗎？		lexical-context
1339	1	绅	1339_1	紳	false	绅士	紳士	corpus-example	tatoeba:332590	他看上去是一个十足的绅士。	他看上去是一個十足的紳士。		lexical-context
1340	1	细	1340_1	細	false	细胞	細胞	corpus-example	tatoeba:3567594	人体的组织是由细胞构成的。	人體的組織是由細胞構成的。		lexical-context
1341	1	驶	1341_1	駛	false	驾驶	駕駛	corpus-example	tatoeba:358181	小心点驾驶，不然你就麻烦了。	小心點駕駛，不然你就麻煩了。		lexical-context
1342	1	织	1342_1	織	false	组织	組織	corpus-example	tatoeba:501420	可以用另一种方法组织一下吗？	可以用另一種方法組織一下嗎？		lexical-context
1343	1	驹	1343_1	駒	false	马驹	馬駒	authored-example	project-authored	小马驹紧跟着母马奔跑。	小馬駒緊跟著母馬奔跑。		lexical-context
1344	1	终	1344_1	終	false	终于	終於	corpus-example	tatoeba:335109	最后，他终于明白了那个理论。	最後，他終於明白了那個理論。		lexical-context
1345	1	驻	1345_1	駐	false	驻地	駐地	authored-example	project-authored	记者抵达了部队驻地。	記者抵達了部隊駐地。		lexical-context
1346	1	绊	1346_1	絆	false	绊倒	絆倒	corpus-example	tatoeba:336692	进家门后，我被垫子绊倒了。	進家門後，我被墊子絆倒了。		lexical-context
1347	1	驼	1347_1	駝	false	骆驼	駱駝	corpus-example	tatoeba:512804	骆驼，这么说吧，也就是沙漠中的船。	駱駝，這麼說吧，也就是沙漠中的船。		lexical-context
1348	1	绍	1348_1	紹	false	介绍	介紹	corpus-example	tatoeba:465029	现在我将把我的父母介绍给你。	現在我將把我的父母介紹給你。		lexical-context
1349	1	绎	1349_1	繹	false	演绎	演繹	corpus-example	tatoeba:13971865	这段旋律的演绎真是完美无瑕。	這段旋律的演繹真是完美無瑕。		lexical-context
1350	1	经	1350_1	經	false	已经	已經	corpus-example	tatoeba:334721	我们联系上他们已经为时已晚。	我們聯絡上他們已經為時已晚。		lexical-context
1351	1	贯	1351_1	貫	false	贯彻	貫徹	authored-example	project-authored	各部门必须贯彻这项政策。	各部門必須貫徹這項政策。		lexical-context
1353	1	贰	1353_1	貳	false	贰心	貳心	authored-example	project-authored	臣子若怀贰心，君主必会猜忌。	臣子若懷貳心，君主必會猜忌。		lexical-context
1356	1	帮	1356_1	幫	false	帮助	幫助	corpus-example	tatoeba:346480	地图帮助我们知道所在的位置。	地圖幫助我們知道所在的位置。		lexical-context
1370	1	项	1370_1	項	false	项目	項目	corpus-example	tatoeba:1839148	他从大一就开始参与开源项目。	他從大一就開始參與開源項目。		lexical-context
1374	1	挟	1374_1	挾	false	要挟	要挾	authored-example	project-authored	绑匪企图用人质要挟警方。	綁匪企圖用人質要挾警方。		lexical-context
1375	1	挠	1375_1	撓	false	阻挠	阻撓	corpus-example	tatoeba:3031982	如果上天不赐福于我，我相信它会阻挠我。	如果上天不賜福於我，我相信它會阻撓我。		lexical-context
1378	1	赵	1378_1	趙	false	赵云	趙雲	authored-example	project-authored	赵云是三国时期的名将。	趙雲是三國時期的名將。		lexical-context
1379	1	挡	1379_1	擋	false	抵挡	抵擋	corpus-example	tatoeba:1561580	没有男人能够抵挡女人的诱惑。	沒有男人能夠抵擋女人的誘惑。		lexical-context
1390	1	垫	1390_1	墊	false	铺垫	鋪墊	authored-example	project-authored	前面的情节为结局作了铺垫。	前面的情節為結局作了鋪墊。		lexical-context
1392	1	挤	1392_1	擠	false	拥挤	擁擠	corpus-example	tatoeba:5147509	上下班时间，公共汽车特别拥挤。	上下班時間，公共汽車特別擁擠。		lexical-context
1396	1	挥	1396_1	揮	false	指挥	指揮	corpus-example	tatoeba:2626332	狮子听从驯兽师的指挥。	獅子聽從馴獸師的指揮。		lexical-context
1405	1	荐	1405_1	薦	false	推荐	推薦	corpus-example	tatoeba:2023775	汤姆向他们推荐了那本小说。	湯姆向他們推薦了那本小說。		lexical-context
1407	1	带	1407_1	帶	false	带来	帶來	corpus-example	tatoeba:478782	这场革命已经带来了很多改变。	這場革命已經帶來了很多改變。		lexical-context
1409	1	茧	1409_1	繭	false	蚕茧	蠶繭	authored-example	project-authored	工人把蚕茧送进缫丝厂。	工人把蠶繭送進繅絲廠。		lexical-context
1414	1	荡	1414_1	蕩	false	动荡	動蕩	corpus-example	tatoeba:4913702	正是在危机时期能够看出中小型企业比大型企业更能稳定直面动荡。	正是在危機時期能夠看出中小型企業比大型企業更能穩定直面動蕩。		lexical-context
1415	1	荣	1415_1	榮	false	荣誉	榮譽	corpus-example	tatoeba:343960	他把这个奖视为最高荣誉。	他把這個獎視為最高榮譽。		lexical-context
1416	1	荤	1416_1	葷	false	荤腥	葷腥	authored-example	project-authored	她吃素，从来不碰荤腥。	她吃素，從來不碰葷腥。		lexical-context
1417	1	荧	1417_1	熒	false	荧光	熒光	authored-example	project-authored	这种材料在紫外线下会发出荧光。	這種材料在紫外線下會發出熒光。		lexical-context
1419	1	胡	1419_0	胡	true	胡同	胡同	corpus-example	tatoeba:747604	胡同是一种跟中国北京有关的窄街路。	胡同是一種跟中國北京有關的窄街路。		lexical-context
1419	1	胡	1419_1	鬍	false	胡子	鬍子	corpus-example	tatoeba:796118	光有胡子是不能成为哲学家的。	光有鬍子是不能成為哲學家的。		lexical-context
1420	1	荫	1420_1	蔭	false	树荫	樹蔭	authored-example	project-authored	老人坐在树荫下乘凉。	老人坐在樹蔭下乘涼。		lexical-context
1423	1	药	1423_1	藥	false	药物	藥物	corpus-example	tatoeba:10699373	将你需要的药物写在这张纸上。	將你需要的藥物寫在這張紙上。		lexical-context
1424	1	标	1424_1	標	false	目标	目標	corpus-example	tatoeba:669025	他解释了这个计划的主要目标。	他解釋了這個計劃的主要目標。		lexical-context
1425	1	栈	1425_1	棧	false	客栈	客棧	authored-example	project-authored	旅人在山脚的客栈住了一晚。	旅人在山腳的客棧住了一晚。		lexical-context
1429	1	栋	1429_1	棟	false	栋梁	棟梁	authored-example	project-authored	青年将成为国家的栋梁。	青年將成為國家的棟梁。		lexical-context
1437	1	栏	1437_1	欄	false	栏杆	欄杆	corpus-example	tatoeba:13914277	栏杆上晾著几件刚洗好的衣服。	欄杆上晾著幾件剛洗好的衣服。		lexical-context
1438	1	柠	1438_1	檸	false	柠檬	檸檬	corpus-example	tatoeba:420774	你要喝什么茶？泡壶柠檬红茶好吧？	你要喝什麼茶？泡壺檸檬紅茶好吧？		lexical-context
1439	1	树	1439_1	樹	false	树立	樹立	corpus-example	tatoeba:5900381	你应该给你的孩子们树立好榜样。	你應該給你的孩子們樹立好榜樣。		lexical-context
1443	1	咸	1443_0	咸	true	咸宁	咸寧	authored-example	project-authored	我们周末去咸宁泡温泉。	我們週末去咸寧泡溫泉。		lexical-context
1443	1	咸	1443_1	鹹	false	咸蛋	鹹蛋	authored-example	project-authored	早餐配白粥和咸蛋。	早餐配白粥和鹹蛋。		lexical-context
1447	1	砖	1447_1	磚	false	砖头	磚頭	corpus-example	tatoeba:13753072	一阵寒意像砖头一样击中了我。	一陣寒意像磚頭一樣擊中了我。		lexical-context
1453	1	砚	1453_1	硯	false	笔砚	筆硯	authored-example	project-authored	书桌上摆着笔砚。	書桌上擺著筆硯。		lexical-context
1455	1	面	1455_0	面	true	方面	方面	corpus-example	tatoeba:335402	我发现了他在化学方面的天赋。	我發現了他在化學方面的天賦。		lexical-context
1455	1	面	1455_1	麵	false	面条	麵條	corpus-example	tatoeba:13983727	这些长得像面条一样的文字是什么？	這些長得像麵條一樣的文字是什麼？		lexical-context
1458	1	牵	1458_1	牽	false	牵引	牽引	authored-example	project-authored	机车负责牵引后面的车厢。	機車負責牽引後面的車廂。		lexical-context
1459	1	鸥	1459_1	鷗	false	海鸥	海鷗	corpus-example	tatoeba:13155919	海鸦与海鸥栖息在同一地区。	海鴉與海鷗棲息在同一地區。		lexical-context
1460	1	残	1460_1	殘	false	残酷	殘酷	corpus-example	tatoeba:2054116	我不忍目睹这种残酷的行径。	我不忍目睹這種殘酷的行徑。		lexical-context
1462	1	轴	1462_1	軸	false	中轴线	中軸線	authored-example	project-authored	宫殿沿着中轴线排列。	宮殿沿著中軸線排列。		lexical-context
1463	1	轻	1463_1	輕	false	年轻	年輕	corpus-example	tatoeba:334228	我爸爸年轻的时候一定很英俊。	我爸爸年輕的時候一定很英俊。		lexical-context
1464	1	鸦	1464_1	鴉	false	鸦片	鴉片	corpus-example	tatoeba:704189	宗教是人民的鸦片。	宗教是人民的鴉片。		lexical-context
1468	1	战	1468_1	戰	false	战争	戰爭	corpus-example	tatoeba:462003	我从来没有相信过战争是好的。	我從來沒有相信過戰爭是好的。		lexical-context
1469	1	点	1469_1	點	false	一点	一點	corpus-example	tatoeba:334900	这个犯罪和我一点关系都没有。	這個犯罪和我一點關係都沒有。		lexical-context
1471	1	临	1471_1	臨	false	临时	臨時	corpus-example	tatoeba:3709297	事先打个招呼，别叫我临时抓瞎。	事先打個招呼，別叫我臨時抓瞎。		lexical-context
1472	1	览	1472_1	覽	false	概览	概覽	authored-example	project-authored	报告开头提供了项目概览。	報告開頭提供了專案概覽。		lexical-context
1473	1	竖	1473_1	竪	false	竖起	竪起	corpus-example	tatoeba:881759	我竖起了耳朵听。	我竪起了耳朵聽。		lexical-context
1476	1	尝	1476_1	嘗	false	尝试	嘗試	corpus-example	tatoeba:782245	如果你尝试的话，你会成功的。	如果你嘗試的話，你會成功的。		lexical-context
1484	1	哑	1484_1	啞	false	哑巴	啞巴	corpus-example	tatoeba:13950557	王强像个哑巴一样坐在那，一句话也不说。	王強像個啞巴一樣坐在那，一句話也不說。		lexical-context
1485	1	显	1485_1	顯	false	明显	明顯	corpus-example	tatoeba:791512	我妹妹的英语有了明显的进步。	我妹妹的英語有了明顯的進步。		lexical-context
1495	1	贵	1495_1	貴	false	贵族	貴族	corpus-example	tatoeba:1970428	汉宣帝时，匈奴贵族争夺权力。	漢宣帝時，匈奴貴族爭奪權力。		lexical-context
1498	1	虾	1498_1	蝦	false	虾子	蝦子	authored-example	project-authored	市场上出售新鲜虾子。	市場上出售新鮮蝦子。		lexical-context
1499	1	蚁	1499_1	蟻	false	蚂蚁	螞蟻	corpus-example	tatoeba:1167166	有一排蚂蚁在厨房里进进出出。	有一排螞蟻在廚房裡進進出出。		lexical-context
1501	1	蚂	1501_1	螞	false	蚂蚁	螞蟻	corpus-example	tatoeba:1167166	有一排蚂蚁在厨房里进进出出。	有一排螞蟻在廚房裡進進出出。		lexical-context
1502	1	虽	1502_1	雖	false	虽然	雖然	corpus-example	tatoeba:420712	虽然时髦一点，但是价钱太大！	雖然時髦一點，但是價錢太大！		lexical-context
1505	1	骂	1505_1	駡	false	骂人	駡人	corpus-example	tatoeba:419956	你为什么要骂人家？	你為什麼要駡人家？		lexical-context
1506	1	勋	1506_1	勛	false	勋章	勛章	corpus-example	tatoeba:13539910	这名士兵被授予紫心勋章。	這名士兵被授予紫心勛章。		lexical-context
1507	1	哗	1507_1	嘩	false	喧哗	喧嘩	corpus-example	tatoeba:353608	请安静，在剧院中禁止喧哗。	請安靜，在劇院中禁止喧嘩。		lexical-context
1509	1	响	1509_1	響	false	影响	影響	corpus-example	tatoeba:1577372	车辆增多会影响到城市的环境。	車輛增多會影響到城市的環境。		lexical-context
1516	1	哟	1516_1	喲	false	啊哟	啊喲	authored-example	project-authored	啊哟，我把钥匙忘在家里了！	啊喲，我把鑰匙忘在家裡了！		lexical-context
1518	1	峡	1518_1	峽	false	三峡	三峽	authored-example	project-authored	长江三峡景色壮丽。	長江三峽景色壯麗。		lexical-context
1519	1	罚	1519_1	罰	false	处罚	處罰	corpus-example	tatoeba:351043	你一错再错，当然会被处罚。	你一錯再錯，當然會被處罰。		lexical-context
1520	1	贱	1520_1	賤	false	贱人	賤人	authored-example	project-authored	他愤怒地骂对方是贱人。	他憤怒地罵對方是賤人。		lexical-context
1521	1	贴	1521_1	貼	false	津贴	津貼	authored-example	project-authored	公司每月发放交通津贴。	公司每月發放交通津貼。		lexical-context
1522	1	贻	1522_1	貽	false	贻误	貽誤	authored-example	project-authored	拖延可能贻误最佳治疗时机。	拖延可能貽誤最佳治療時機。		lexical-context
1525	1	钙	1525_1	鈣	false	钙质	鈣質	authored-example	project-authored	牛奶含有丰富的钙质。	牛奶含有豐富的鈣質。		lexical-context
1526	1	钝	1526_1	鈍	false	迟钝	遲鈍	corpus-example	tatoeba:1661530	大雄是只迟钝龟。	大雄是隻遲鈍龜。		lexical-context
1527	1	钞	1527_1	鈔	false	钞票	鈔票	corpus-example	tatoeba:8935386	我经常用信用卡，而不是钞票。	我經常用信用卡，而不是鈔票。		lexical-context
1528	1	钟	1528_1	鍾	false	钟祥市	鍾祥市	authored-example	project-authored	钟祥市位于湖北省中部。	鍾祥市位於湖北省中部。		lexical-context
1528	1	钟	1528_2	鐘	false	分钟	分鐘	corpus-example	tatoeba:345943	走了几分钟后，我们到了公园。	走了幾分鐘後，我們到了公園。		lexical-context
1529	1	钢	1529_1	鋼	false	钢铁	鋼鐵	corpus-example	tatoeba:4844805	那里有许多雏菊围绕着钢铁大厦。	那裡有許多雛菊圍繞著鋼鐵大廈。		lexical-context
1530	1	钠	1530_1	鈉	false	氢氧化钠	氫氧化鈉	authored-example	project-authored	氢氧化钠具有强腐蚀性。	氫氧化鈉具有強腐蝕性。		lexical-context
1531	1	钥	1531_1	鑰	false	钥匙	鑰匙	corpus-example	tatoeba:678960	我不记得我把钥匙放在哪儿了。	我不記得我把鑰匙放在哪兒了。		lexical-context
1532	1	钦	1532_1	欽	false	钦差	欽差	authored-example	project-authored	朝廷派钦差前往当地调查。	朝廷派欽差前往當地調查。		lexical-context
1533	1	钧	1533_1	鈞	false	千钧一发	千鈞一髮	authored-example	project-authored	消防员在千钧一发之际救出了孩子。	消防員在千鈞一髮之際救出了孩子。		lexical-context
1534	1	钩	1534_1	鈎	false	铁钩	鐵鈎	authored-example	project-authored	渔夫用铁钩拉起渔网。	漁夫用鐵鈎拉起漁網。		lexical-context
1535	1	钮	1535_1	鈕	false	按钮	按鈕	corpus-example	tatoeba:1335406	你要做的就是按这个按钮拍照。	你要做的就是按這個按鈕拍照。		lexical-context
1541	1	毡	1541_1	氈	false	毛毡	毛氈	authored-example	project-authored	工匠把羊毛压成毛毡。	工匠把羊毛壓成毛氈。		lexical-context
1542	1	氢	1542_1	氫	false	氢气	氫氣	authored-example	project-authored	氢气是一种很轻的气体。	氫氣是一種很輕的氣體。		lexical-context
1545	1	选	1545_1	選	false	选举	選舉	corpus-example	tatoeba:774709	民主主义是多数选举的独裁。	民主主義是多數選舉的獨裁。		lexical-context
1546	1	适	1546_1	適	false	适应	適應	corpus-example	tatoeba:334396	我们的眼睛需要时间来适应黑暗。	我們的眼睛需要時間來適應黑暗。		lexical-context
1549	1	种	1549_0	种	true	种师道	种師道	authored-example	project-authored	种师道是北宋末年的将领。	种師道是北宋末年的將領。		lexical-context
1549	1	种	1549_1	種	false	这种	這種	corpus-example	tatoeba:332596	这种秘密总有一天会被揭露的。	這種秘密總有一天會被揭露的。		lexical-context
1550	1	秋	1550_0	秋	true	春秋	春秋	authored-example	project-authored	春秋时期出现了许多思想家。	春秋時期出現了許多思想家。		lexical-context
1550	1	秋	1550_1	鞦	false	秋千	鞦韆	authored-example	project-authored	孩子们在院子里荡秋千。	孩子們在院子裡蕩鞦韆。		lexical-context
1553	1	复	1553_1	復	false	恢复	恢復	corpus-example	tatoeba:375389	暴风雨后，大海恢复了平静。	暴風雨後，大海恢復了平靜。		lexical-context
1553	1	复	1553_2	複	false	复杂	複雜	corpus-example	tatoeba:2367543	事情总比我们想的要复杂得多。	事情總比我們想的要複雜得多。		lexical-context
1557	1	俩	1557_1	倆	false	咱俩	咱倆	authored-example	project-authored	咱俩坐下来慢慢谈。	咱倆坐下來慢慢談。		lexical-context
1558	1	贷	1558_1	貸	false	贷款	貸款	corpus-example	tatoeba:332651	银行对风险客户收取较高的贷款利息。	銀行對風險客戶收取較高的貸款利息。		lexical-context
1559	1	顺	1559_1	順	false	顺利	順利	corpus-example	tatoeba:362628	他好像做甚么事也顺顺利利的。	他好像做甚麼事也順順利利的。		lexical-context
1567	1	俭	1567_1	儉	false	俭朴	儉朴	authored-example	project-authored	他始终保持俭朴的生活作风。	他始終保持儉朴的生活作風。		lexical-context
1585	1	须	1585_1	須	false	必须	必須	corpus-example	tatoeba:332952	这个月底前，我们必须交报告。	這個月底前，我們必須交報告。		lexical-context
1585	1	须	1585_2	鬚	false	胡须	鬍鬚	corpus-example	tatoeba:828676	光有胡须不能造就一位哲学家。	光有鬍鬚不能造就一位哲學家。		lexical-context
1587	1	剑	1587_1	劍	false	剑法	劍法	corpus-example	tatoeba:11545754	三千六百个剑法，你却学贱。	三千六百個劍法，你卻學賤。		lexical-context
1592	1	胧	1592_1	朧	false	朦胧	朦朧	authored-example	project-authored	远处的山影显得十分朦胧。	遠處的山影顯得十分朦朧。		lexical-context
1593	1	胆	1593_1	膽	false	大胆	大膽	corpus-example	tatoeba:335317	我对你的大胆感到很惊讶。	我對你的大膽感到很驚訝。		lexical-context
1594	1	胜	1594_1	勝	false	胜利	勝利	corpus-example	tatoeba:9842643	脱贫攻坚工作取得决定性胜利。	脫貧攻堅工作取得決定性勝利。		lexical-context
1600	1	狭	1600_1	狹	false	狭窄	狹窄	corpus-example	tatoeba:3625821	他在一条狭窄的道路上走。	他在一條狹窄的道路上走。		lexical-context
1601	1	狮	1601_1	獅	false	狮子	獅子	corpus-example	tatoeba:335493	狮子为了得到食物相互争斗。	獅子為了得到食物相互爭鬥。		lexical-context
1602	1	独	1602_1	獨	false	独立	獨立	corpus-example	tatoeba:2448765	他生活独立，不依靠他的父母。	他生活獨立，不依靠他的父母。		lexical-context
1605	1	狱	1605_1	獄	false	监狱	監獄	corpus-example	tatoeba:842236	酒醉者醒来时处于监狱里了。	酒醉者醒來時處於監獄裡了。		lexical-context
1607	1	贸	1607_1	貿	false	贸易	貿易	corpus-example	tatoeba:512435	日本和好几个海外国家做贸易。	日本和好幾個海外國家做貿易。		lexical-context
1610	1	饵	1610_1	餌	false	诱饵	誘餌	corpus-example	tatoeba:13511765	用这个当诱饵啊？	用這個當誘餌啊？		lexical-context
1611	1	饶	1611_1	饒	false	富饶	富饒	authored-example	project-authored	这片土地富饶而美丽。	這片土地富饒而美麗。		lexical-context
1612	1	蚀	1612_1	蝕	false	侵蚀	侵蝕	authored-example	project-authored	海浪不断侵蚀岸边的岩石。	海浪不斷侵蝕岸邊的岩石。		lexical-context
1613	1	饺	1613_1	餃	false	饺子	餃子	corpus-example	tatoeba:756987	饺子是年夜饭桌上必不可少的。	餃子是年夜飯桌上必不可少的。		lexical-context
1614	1	饼	1614_1	餅	false	烧饼	燒餅	authored-example	project-authored	我在路边买了两个烧饼。	我在路邊買了兩個燒餅。		lexical-context
1615	1	峦	1615_1	巒	false	山峦	山巒	authored-example	project-authored	层层山峦消失在云雾中。	層層山巒消失在雲霧中。		lexical-context
1616	1	弯	1616_1	彎	false	弯曲	彎曲	corpus-example	tatoeba:5685867	爱因斯坦预测太阳的引力会弯曲光线。	愛因斯坦預測太陽的引力會彎曲光線。		lexical-context
1617	1	将	1617_1	將	false	将军	將軍	corpus-example	tatoeba:711089	将军下令杀死了所有的战俘。	將軍下令殺死了所有的戰俘。		lexical-context
1618	1	奖	1618_1	奬	false	奖励	奬勵	corpus-example	tatoeba:1883541	他被奖励了一块金表。	他被奬勵了一塊金錶。		lexical-context
1625	1	疮	1625_1	瘡	false	痔疮	痔瘡	authored-example	project-authored	久坐可能增加患痔疮的风险。	久坐可能增加患痔瘡的風險。		lexical-context
1626	1	疯	1626_1	瘋	false	疯狂	瘋狂	corpus-example	tatoeba:719067	无色的绿色的观念疯狂地睡觉。	無色的綠色的觀念瘋狂地睡覺。		lexical-context
1631	1	亲	1631_1	親	false	父亲	父親	corpus-example	tatoeba:346834	在他父亲死后，他接管了公司。	在他父親死後，他接管了公司。		lexical-context
1635	1	闺	1635_1	閨	false	闺女	閨女	corpus-example	tatoeba:11241247	好久没见到我家闺女了。	好久沒見到我家閨女了。		lexical-context
1636	1	闻	1636_1	聞	false	新闻	新聞	corpus-example	tatoeba:11837197	报纸上有很多有趣的新闻和故事。	報紙上有很多有趣的新聞和故事。		lexical-context
1637	1	闽	1637_1	閩	false	闽江	閩江	authored-example	project-authored	闽江流经福建省。	閩江流經福建省。		lexical-context
1638	1	阀	1638_1	閥	false	军阀	軍閥	authored-example	project-authored	军阀混战给百姓带来灾难。	軍閥混戰給百姓帶來災難。		lexical-context
1639	1	阁	1639_1	閣	false	内阁	內閣	corpus-example	tatoeba:6142255	行政权与立法权融合于内阁，施政有效率。	行政權與立法權融合於內閣，施政有效率。		lexical-context
1641	1	养	1641_1	養	false	培养	培養	corpus-example	tatoeba:13893752	平静的海面培养不出优秀的水手。	平靜的海面培養不出優秀的水手。		lexical-context
1643	1	姜	1643_0	姜	true	姜太公	姜太公	authored-example	project-authored	姜太公是中国传说中的人物。	姜太公是中國傳說中的人物。		lexical-context
1643	1	姜	1643_1	薑	false	生姜	生薑	authored-example	project-authored	汤里放了一片生姜。	湯裡放了一片生薑。		lexical-context
1646	1	类	1646_1	類	false	人类	人類	corpus-example	tatoeba:333857	那是人类第一次在月球上行走。	那是人類第一次在月球上行走。		lexical-context
1649	1	娄	1649_1	婁	false	娄底	婁底	authored-example	project-authored	娄底位于湖南省中部。	婁底位於湖南省中部。		lexical-context
1654	1	总	1654_1	總	false	总理	總理	corpus-example	tatoeba:830358	总理的发言估计激怒了在野党。	總理的發言估計激怒了在野黨。		lexical-context
1655	1	炼	1655_1	煉	false	修炼	修煉	authored-example	project-authored	他每天清晨在山中修炼。	他每天清晨在山中修煉。		lexical-context
1657	1	烁	1657_1	爍	false	闪烁	閃爍	corpus-example	tatoeba:343925	她的眼睛闪烁着喜悦的光芒。	她的眼睛閃爍著喜悅的光芒。		lexical-context
1660	1	烂	1660_1	爛	false	灿烂	燦爛	corpus-example	tatoeba:1112842	这个世界是灿烂的吗？	這個世界是燦爛的嗎？		lexical-context
1662	1	洼	1662_1	窪	false	洼地	窪地	authored-example	project-authored	雨水汇集在低洼地带。	雨水彙集在低窪地帶。		lexical-context
1663	1	洁	1663_1	潔	false	清洁	清潔	corpus-example	tatoeba:420688	一个长长个湖泊里，水多么清洁！	一個長長個湖泊裡，水多麼清潔！		lexical-context
1665	1	洒	1665_1	灑	false	潇洒	瀟灑	corpus-example	tatoeba:501317	我不想变得悲惨，我想要潇洒!!	我不想變得悲慘，我想要瀟灑!!		lexical-context
1667	1	浇	1667_1	澆	false	浇注	澆注	authored-example	project-authored	工人把混凝土浇注进模具。	工人把混凝土澆注進模具。		lexical-context
1668	1	浊	1668_1	濁	false	浑浊	渾濁	authored-example	project-authored	大雨过后，河水变得浑浊。	大雨過後，河水變得渾濁。		lexical-context
1670	1	测	1670_1	測	false	测量	測量	corpus-example	tatoeba:10160409	我们测量了这条河的深度。	我們測量了這條河的深度。		lexical-context
1677	1	浏	1677_1	瀏	false	浏览	瀏覽	corpus-example	tatoeba:948006	你最喜欢哪一个网络浏览器？	你最喜歡哪一個網路瀏覽器？		lexical-context
1678	1	济	1678_1	濟	false	经济	經濟	corpus-example	tatoeba:805170	金融危机打击了所有经济行业。	金融危機打擊了所有經濟行業。		lexical-context
1681	1	浑	1681_1	渾	false	浑身	渾身	corpus-example	tatoeba:410562	那个学生被老师盯著看，觉得浑身不自在。	那個學生被老師盯著看，覺得渾身不自在。		lexical-context
1682	1	浓	1682_1	濃	false	浓厚	濃厚	corpus-example	tatoeba:421242	“卖相”、“讲斤头”、“勿是生意经”、“耳朵打八折”等，都有浓厚的商业气息。	“賣相”、“講斤頭”、“勿是生意經”、“耳朵打八折”等，都有濃厚的商業氣息。		lexical-context
1691	1	恼	1691_1	惱	false	烦恼	煩惱	corpus-example	tatoeba:848252	慈悲没有敌人，智慧不起烦恼。	慈悲沒有敵人，智慧不起煩惱。		lexical-context
1693	1	举	1693_1	舉	false	举行	舉行	corpus-example	tatoeba:334993	每隔四年，奥运会举行一次。	每隔四年，奧運會舉行一次。		lexical-context
1694	1	觉	1694_1	覺	false	觉得	覺得	corpus-example	tatoeba:332465	我觉得这个网站的构思非常好。	我覺得這個網站的構思非常好。		lexical-context
1699	1	宪	1699_1	憲	false	宪法	憲法	corpus-example	tatoeba:397099	平等是由宪法保障的。	平等是由憲法保障的。		lexical-context
1702	1	窃	1702_1	竊	false	盗窃	盜竊	corpus-example	tatoeba:333311	我们走开的时候，房子被盗窃了。	我們走開的時候，房子被盜竊了。		lexical-context
1704	1	诫	1704_1	誡	false	告诫	告誡	corpus-example	tatoeba:10481692	汤姆不懂告诫和威胁的区别。	湯姆不懂告誡和威脅的區別。		lexical-context
1706	1	诬	1706_1	誣	false	诬陷	誣陷	corpus-example	tatoeba:4759986	他被妻子诬陷了。	他被妻子誣陷了。		lexical-context
1707	1	语	1707_1	語	false	语言	語言	corpus-example	tatoeba:333343	人们相信鲸有他们自己的语言。	人們相信鯨有他們自己的語言。		lexical-context
1709	1	袄	1709_1	襖	false	棉袄	棉襖	authored-natural-example	manual	天冷了，他穿上厚厚的棉袄。	天冷了，他穿上厚厚的棉襖。		lexical-context
1714	1	误	1714_1	誤	false	错误	錯誤	corpus-example	tatoeba:502845	所有意见是真相和错误的综合。	所有意見是真相和錯誤的綜合。		lexical-context
1715	1	诱	1715_1	誘	false	诱惑	誘惑	corpus-example	tatoeba:1561580	没有男人能够抵挡女人的诱惑。	沒有男人能夠抵擋女人的誘惑。		lexical-context
1716	1	诲	1716_1	誨	false	教诲	教誨	corpus-example	tatoeba:10023044	这个男孩不听取父亲的教诲。	這個男孩不聽取父親的教誨。		lexical-context
1717	1	说	1717_1	説	false	那还用说	那還用説	authored-example	project-authored	那还用说，我当然愿意帮忙。	那還用説，我當然願意幫忙。		lexical-context
1718	1	诵	1718_1	誦	false	背诵	背誦	corpus-example	tatoeba:867947	他的女儿能背诵很多诗。	他的女兒能背誦很多詩。		lexical-context
1719	1	垦	1719_1	墾	false	开垦	開墾	authored-example	project-authored	农民开始开垦山下的荒地。	農民開始開墾山下的荒地。		lexical-context
1723	1	昼	1723_1	晝	false	昼夜	晝夜	corpus-example	tatoeba:9989857	这段时间昼夜温差很大。	這段時間晝夜溫差很大。		lexical-context
1726	1	费	1726_1	費	false	消费	消費	corpus-example	tatoeba:13942504	今天你们的消费都算我头上。	今天你們的消費都算我頭上。		lexical-context
1728	1	逊	1728_1	遜	false	约翰逊	約翰遜	authored-example	project-authored	约翰逊在记者会上回答了问题。	約翰遜在記者會上回答了問題。		lexical-context
1731	1	陨	1731_1	隕	false	陨石	隕石	authored-example	project-authored	科学家在沙漠中发现了一块陨石。	科學家在沙漠中發現了一塊隕石。		lexical-context
1733	1	险	1733_1	險	false	风险	風險	corpus-example	tatoeba:375373	信用卡很有用，但也有风险。	信用卡很有用，但也有風險。		lexical-context
1739	1	娇	1739_1	嬌	false	娇嫩	嬌嫩	authored-example	project-authored	幼苗十分娇嫩，需要小心照料。	幼苗十分嬌嫩，需要小心照料。		lexical-context
1744	1	贺	1744_1	賀	false	祝贺	祝賀	corpus-example	tatoeba:809728	衷心祝贺你的生日，穆里尔！	衷心祝賀你的生日，穆里爾！		lexical-context
1751	1	垒	1751_1	壘	false	堡垒	堡壘	authored-example	project-authored	士兵坚守山顶的堡垒。	士兵堅守山頂的堡壘。		lexical-context
1752	1	绑	1752_1	綁	false	捆绑	捆綁	corpus-example	tatoeba:6159421	他的双脚被交叉捆绑著。	他的雙腳被交叉捆綁著。		lexical-context
1753	1	绒	1753_1	絨	false	绒毛	絨毛	corpus-example	tatoeba:11841639	那个玩具绒毛摸起来很柔软，让人感到舒适。	那個玩具絨毛摸起來很柔軟，讓人感到舒適。		lexical-context
1754	1	结	1754_1	結	false	结构	結構	corpus-example	tatoeba:10367894	该小句认知结构中有几个认知核？	該小句認知結構中有幾個認知核？		lexical-context
1755	1	绕	1755_1	繞	false	围绕	圍繞	corpus-example	tatoeba:816820	我被各国语言及文字的爱好者所围绕。	我被各國語言及文字的愛好者所圍繞。		lexical-context
1756	1	骄	1756_1	驕	false	骄傲	驕傲	corpus-example	tatoeba:463878	他很难掩饰对自己成功的骄傲。	他很難掩飾對自己成功的驕傲。		lexical-context
1757	1	绘	1757_1	繪	false	绘画	繪畫	corpus-example	tatoeba:3035555	汤姆从他的绘画本上撕下了一页。	湯姆從他的繪畫本上撕下了一頁。		lexical-context
1758	1	给	1758_1	給	false	给予	給予	corpus-example	tatoeba:1185701	上帝有所给予，上帝有所索取。	上帝有所給予，上帝有所索取。		lexical-context
1759	1	绚	1759_1	絢	false	绚丽	絢麗	corpus-example	tatoeba:6017329	新剧院看上去很绚丽。	新劇院看上去很絢麗。		lexical-context
1760	1	骆	1760_1	駱	false	骆驼	駱駝	corpus-example	tatoeba:512804	骆驼，这么说吧，也就是沙漠中的船。	駱駝，這麼說吧，也就是沙漠中的船。		lexical-context
1761	1	络	1761_1	絡	false	网络	網絡	corpus-example	tatoeba:13976082	他通过开直播来结交网络朋友。	他透過開直播來結交網絡朋友。		lexical-context
1762	1	绝	1762_1	絶	false	绝对	絶對	corpus-example	tatoeba:799269	生活中绝对没有什么是持久的。	生活中絶對沒有什麼是持久的。		lexical-context
1763	1	绞	1763_1	絞	false	绞盘	絞盤	authored-example	project-authored	水手转动绞盘收起缆绳。	水手轉動絞盤收起纜繩。		lexical-context
1764	1	骇	1764_1	駭	false	骇然	駭然	authored-example	project-authored	众人听到这个消息都骇然失色。	眾人聽到這個訊息都駭然失色。		lexical-context
1765	1	统	1765_1	統	false	系统	系統	corpus-example	tatoeba:2482668	这个系统究竟发生了什么故障？	這個系統究竟發生了什麼故障？		lexical-context
1770	1	艳	1770_1	艷	false	鲜艳	鮮艷	corpus-example	tatoeba:10265813	那些快乐的日子里充满了鲜艳的色彩。	那些快樂的日子裡充滿了鮮艷的色彩。		lexical-context
1777	1	蚕	1777_1	蠶	false	蚕豆	蠶豆	authored-example	project-authored	晚餐有一盘炒蚕豆。	晚餐有一盤炒蠶豆。		lexical-context
1778	1	顽	1778_1	頑	false	顽强	頑強	corpus-example	tatoeba:1565683	尽管受到暴君的迫害，英雄还顽强地斗争。	儘管受到暴君的迫害，英雄還頑強地鬥爭。		lexical-context
1779	1	盏	1779_1	盞	false	灯盏	燈盞	authored-example	project-authored	桌上点着一盏小灯盏。	桌上點著一盞小燈盞。		lexical-context
1781	1	捞	1781_1	撈	false	捕捞	捕撈	authored-natural-example	manual	当地渔民靠捕捞海鱼为生。	當地漁民靠捕撈海魚為生。		lexical-context
1787	1	载	1787_1	載	false	记载	記載	authored-example	project-authored	史书详细记载了这场战役。	史書詳細記載了這場戰役。		lexical-context
1788	1	赶	1788_1	趕	false	赶快	趕快	corpus-example	tatoeba:1779299	赶快点，否则要错过公共汽车了。	趕快點，否則要錯過公共汽車了。		lexical-context
1790	1	盐	1790_1	鹽	false	食盐	食鹽	corpus-example	tatoeba:6106192	我爱你如同新鲜的肉爱食盐。	我愛你如同新鮮的肉愛食鹽。		lexical-context
1798	1	损	1798_1	損	false	损失	損失	corpus-example	tatoeba:794022	他们的损失到达了一百万日圆。	他們的損失到達了一百萬日圓。		lexical-context
1804	1	捡	1804_1	撿	false	捡拾	撿拾	authored-example	project-authored	志愿者在海滩捡拾垃圾。	志願者在海灘撿拾垃圾。		lexical-context
1808	1	挚	1808_1	摯	false	真挚	真摯	corpus-example	tatoeba:13832482	他的一句问候让我感受到了真挚的关怀。	他的一句問候讓我感受到了真摯的關懷。		lexical-context
1809	1	热	1809_1	熱	false	热情	熱情	corpus-example	tatoeba:784989	乔治对自己的新工作充满热情。	喬治對自己的新工作充滿熱情。		lexical-context
1811	1	捣	1811_1	搗	false	捣乱	搗亂	authored-example	project-authored	别在别人工作时故意捣乱。	別在別人工作時故意搗亂。		lexical-context
1812	1	壶	1812_1	壺	false	酒壶	酒壺	authored-example	project-authored	他提着酒壶走进亭子。	他提著酒壺走進亭子。		lexical-context
1819	1	聂	1819_1	聶	false	聂卫平	聶衛平	authored-example	project-authored	聂卫平是著名的围棋棋手。	聶衛平是著名的圍棋棋手。		lexical-context
1822	1	莱	1822_1	萊	false	莱比锡	萊比錫	authored-example	project-authored	莱比锡位于德国东部。	萊比錫位於德國東部。		lexical-context
1823	1	莲	1823_1	蓮	false	莲子	蓮子	authored-example	project-authored	母亲用莲子煮了一锅甜汤。	母親用蓮子煮了一鍋甜湯。		lexical-context
1827	1	获	1827_1	獲	false	获得	獲得	corpus-example	tatoeba:788563	我们从这座水库获得水和电力。	我們從這座水庫獲得水和電力。		lexical-context
1827	1	获	1827_2	穫	false	收获	收穫	corpus-example	tatoeba:13922057	丰收节：收获团结，欢庆和谐。	豐收節：收穫團結，歡慶和諧。		lexical-context
1829	1	恶	1829_1	惡	false	恶劣	惡劣	corpus-example	tatoeba:381119	由于天气恶劣，飞机延误了。	由於天氣惡劣，飛機延誤了。		lexical-context
1829	1	恶	1829_2	噁	false	恶心	噁心	corpus-example	tatoeba:420950	有点恶心，但是吐不出来。	有點噁心，但是吐不出來。		lexical-context
1830	1	莹	1830_1	瑩	false	晶莹	晶瑩	corpus-example	tatoeba:13532734	皮蛋切开后晶莹剔透，散发著独特的香气。	皮蛋切開後晶瑩剔透，散發著獨特的香氣。		lexical-context
1831	1	莺	1831_1	鶯	false	黄莺	黃鶯	authored-example	project-authored	黄莺在枝头婉转歌唱。	黃鶯在枝頭婉轉歌唱。		lexical-context
1838	1	档	1838_1	檔	false	档案	檔案	corpus-example	tatoeba:10752790	我给自己的邮件做了一份档案。	我給自己的郵件做了一份檔案。		lexical-context
1841	1	桥	1841_1	橋	false	大桥	大橋	authored-example	project-authored	一座大桥横跨江面。	一座大橋橫跨江面。		lexical-context
1842	1	桦	1842_1	樺	false	桦树	樺樹	corpus-example	tatoeba:10752795	桦树有白树皮。	樺樹有白樹皮。		lexical-context
1846	1	桩	1846_1	樁	false	木桩	木樁	authored-example	project-authored	工人把木桩打入河床。	工人把木樁打入河床。		lexical-context
1849	1	样	1849_1	樣	false	这样	這樣	corpus-example	tatoeba:1064561	这样之后我就有空和你聊天了。	這樣之後我就有空和你聊天了。		lexical-context
1856	1	贾	1856_1	賈	false	商贾	商賈	authored-example	project-authored	古代商贾沿着丝绸之路往来。	古代商賈沿著絲綢之路往來。		lexical-context
1865	1	砾	1865_1	礫	false	砾石	礫石	authored-example	project-authored	小路上铺满了砾石。	小路上鋪滿了礫石。		lexical-context
1866	1	础	1866_1	礎	false	基础	基礎	corpus-example	tatoeba:4266656	这位研究生有坚实的数学基础。	這位研究生有堅實的數學基礎。		lexical-context
1874	1	顾	1874_1	顧	false	照顾	照顧	corpus-example	tatoeba:452634	爸爸死后，他就开始照顾妈妈。	爸爸死後，他就開始照顧媽媽。		lexical-context
1875	1	轿	1875_1	轎	false	轿子	轎子	authored-example	project-authored	古时候，人们常乘轿子出行。	古時候，人們常乘轎子出行。		lexical-context
1876	1	较	1876_1	較	false	比较	比較	corpus-example	tatoeba:343736	所有学科中，我比较喜欢英语。	所有學科中，我比較喜歡英語。		lexical-context
1877	1	顿	1877_1	頓	false	顿时	頓時	corpus-example	tatoeba:13915698	我看到成绩后，顿时大吃一惊。	我看到成績後，頓時大吃一驚。		lexical-context
1878	1	毙	1878_1	斃	false	毙命	斃命	authored-example	project-authored	那名伤者最终因伤毙命。	那名傷者最終因傷斃命。		lexical-context
1879	1	致	1879_0	致	true	导致	導致	corpus-example	tatoeba:816518	在光滑的路上开车会导致车祸。	在光滑的路上開車會導致車禍。		lexical-context
1879	1	致	1879_1	緻	false	细致	細緻	corpus-example	tatoeba:1426551	这两张图片之间有细致的差异。	這兩張圖片之間有細緻的差異。		lexical-context
1882	1	虑	1882_1	慮	false	考虑	考慮	corpus-example	tatoeba:334709	你不能指望我一切都考虑周到！	你不能指望我一切都考慮周到！		lexical-context
1883	1	监	1883_1	監	false	监督	監督	authored-example	project-authored	监理负责监督工程质量。	監理負責監督工程質量。		lexical-context
1884	1	紧	1884_1	緊	false	紧张	緊張	corpus-example	tatoeba:409455	飞机起飞的时候紧张很正常。	飛機起飛的時候緊張很正常。		lexical-context
1885	1	党	1885_0	党	true	党项	党項	authored-example	project-authored	党项人曾建立西夏政权。	党項人曾建立西夏政權。		lexical-context
1885	1	党	1885_1	黨	false	国民党	國民黨	authored-example	project-authored	国民党在台湾拥有多个地方组织。	國民黨在臺灣擁有多個地方組織。		lexical-context
1887	1	晒	1887_1	曬	false	晒太阳	曬太陽	authored-example	project-authored	小猫趴在窗边晒太阳。	小貓趴在窗邊曬太陽。		lexical-context
1889	1	晓	1889_1	曉	false	晓得	曉得	corpus-example	tatoeba:10324243	他晓得你做了什么吗？	他曉得你做了什麼嗎？		lexical-context
1891	1	唠	1891_1	嘮	false	唠叨	嘮叨	corpus-example	tatoeba:13528150	俺家那口子又在屋里唠叨呢。	俺家那口子又在屋裡嘮叨呢。		lexical-context
1892	1	鸭	1892_1	鴨	false	鸭子	鴨子	corpus-example	tatoeba:11509590	我是一只鸭子。我说英语。	我是一隻鴨子。我說英語。		lexical-context
1897	1	晕	1897_1	暈	false	头晕	頭暈	corpus-example	tatoeba:784821	我一站起来就觉得头晕。	我一站起來就覺得頭暈。		lexical-context
1910	1	鸯	1910_1	鴦	false	鸳鸯	鴛鴦	authored-example	project-authored	池塘里游着一对鸳鸯。	池塘裡遊著一對鴛鴦。		lexical-context
1918	1	罢	1918_1	罷	false	罢了	罷了	corpus-example	tatoeba:7012165	你还以为我作罢了，不是吗？	你還以為我作罷了，不是嗎？		lexical-context
1922	1	圆	1922_1	圓	false	圆形	圓形	corpus-example	tatoeba:13970682	画一个圆形。	畫一個圓形。		lexical-context
1924	1	贼	1924_1	賊	false	卖国贼	賣國賊	authored-example	project-authored	小说中的卖国贼最终受到了惩罚。	小說中的賣國賊最終受到了懲罰。		lexical-context
1925	1	贿	1925_1	賄	false	贿赂	賄賂	corpus-example	tatoeba:431520	市长否认收受了贿赂。	市長否認收受了賄賂。		lexical-context
1926	1	赂	1926_1	賂	false	贿赂	賄賂	corpus-example	tatoeba:431520	市长否认收受了贿赂。	市長否認收受了賄賂。		lexical-context
1927	1	赃	1927_1	贜	false	分赃	分贜	authored-example	project-authored	几名罪犯因分赃不均而争吵。	幾名罪犯因分贜不均而爭吵。		lexical-context
1928	1	钱	1928_1	錢	false	金钱	金錢	corpus-example	tatoeba:353873	金钱可以买一切的想法是错误的。	金錢可以買一切的想法是錯誤的。		lexical-context
1929	1	钳	1929_1	鉗	false	钳制	鉗制	authored-example	project-authored	严格的规定钳制了市场活力。	嚴格的規定鉗制了市場活力。		lexical-context
1930	1	钻	1930_1	鑽	false	钻进	鑽進	authored-example	project-authored	小狗钻进桌子下面躲雨。	小狗鑽進桌子下面躲雨。		lexical-context
1931	1	钾	1931_1	鉀	false	钾盐	鉀鹽	authored-natural-example	manual	这种肥料含有丰富的钾盐。	這種肥料含有豐富的鉀鹽。		lexical-context
1932	1	铁	1932_1	鐵	false	铁路	鐵路	corpus-example	tatoeba:1314226	他在一次铁路事故中受了伤。	他在一次鐵路事故中受了傷。		lexical-context
1933	1	铃	1933_1	鈴	false	马铃薯	馬鈴薯	corpus-example	tatoeba:8588265	马铃薯是土豆，西红柿是番茄。	馬鈴薯是土豆，西紅柿是番茄。		lexical-context
1934	1	铅	1934_1	鉛	false	铅笔	鉛筆	corpus-example	tatoeba:808253	如果你需要铅笔，我借你一支。	如果你需要鉛筆，我借你一支。		lexical-context
1939	1	牺	1939_1	犧	false	牺牲	犧牲	corpus-example	tatoeba:812366	为了救许多人牺牲一个人是否道德？	為了救許多人犧牲一個人是否道德？		lexical-context
1942	1	敌	1942_1	敵	false	敌人	敵人	corpus-example	tatoeba:1781986	在我们的周围没有敌人的迹象。	在我們的周圍沒有敵人的跡象。		lexical-context
1945	1	积	1945_1	積	false	面积	面積	corpus-example	tatoeba:420368	这片小区的绿地面积有多少？	這片小區的綠地面積有多少？		lexical-context
1948	1	称	1948_1	稱	false	称为	稱為	corpus-example	tatoeba:1567745	幼儿园老师有时被称为孩子王。	幼兒園老師有時被稱為孩子王。		lexical-context
1951	1	笔	1951_1	筆	false	笔架	筆架	authored-example	project-authored	毛笔搁在木制笔架上。	毛筆擱在木製筆架上。		lexical-context
1954	1	债	1954_1	債	false	债务	債務	corpus-example	tatoeba:3659905	那家工厂的境况不太好，背了很多债务。	那家工廠的境況不太好，背了很多債務。		lexical-context
1955	1	借	1955_0	借	true	凭借	憑借	corpus-example	tatoeba:2085116	那只鸟凭借自己巨大的翅膀能飞得很快。	那隻鳥憑借自己巨大的翅膀能飛得很快。		lexical-context
1955	1	借	1955_1	藉	false	凭借	憑藉	corpus-example	tatoeba:2085116	那只鸟凭借自己巨大的翅膀能飞得很快。	那隻鳥憑藉自己巨大的翅膀能飛得很快。		lexical-context
1959	1	倾	1959_1	傾	false	倾向	傾向	corpus-example	tatoeba:9495360	汤姆公开自己的同性恋倾向。	湯姆公開自己的同性戀傾向。		lexical-context
1965	1	赁	1965_1	賃	false	租赁	租賃	corpus-example	tatoeba:13527727	这家汽车租赁公司提供了优质的客服业务。	這家汽車租賃公司提供了優質的客服業務。		lexical-context
1978	1	舰	1978_1	艦	false	舰队	艦隊	authored-example	project-authored	舰队驶离港口前往远海。	艦隊駛離港口前往遠海。		lexical-context
1979	1	舱	1979_1	艙	false	船舱	船艙	authored-example	project-authored	乘客回到船舱休息。	乘客回到船艙休息。		lexical-context
1984	1	耸	1984_1	聳	false	高耸	高聳	authored-example	project-authored	雪山高耸入云。	雪山高聳入雲。		lexical-context
1987	1	爱	1987_1	愛	false	爱国	愛國	corpus-example	tatoeba:9961482	总统作为一位真正的爱国者发言。	總統作為一位真正的愛國者發言。		lexical-context
1990	1	颁	1990_1	頒	false	颁布	頒布	authored-example	project-authored	政府颁布了新的交通法规。	政府頒布了新的交通法規。		lexical-context
1991	1	颂	1991_1	頌	false	歌颂	歌頌	authored-example	project-authored	诗人用作品歌颂故乡。	詩人用作品歌頌故鄉。		lexical-context
1998	1	脏	1998_1	臟	false	心脏	心臟	corpus-example	tatoeba:333261	遭受心脏病困扰的人数增加了。	遭受心臟病困擾的人數增加了。		lexical-context
1998	1	脏	1998_2	髒	false	肮脏	骯髒	corpus-example	tatoeba:772001	没有肮脏的爱情, 也没有美丽的监狱。	沒有骯髒的愛情, 也沒有美麗的監獄。		lexical-context
1999	1	脐	1999_1	臍	false	肚脐	肚臍	corpus-example	tatoeba:1750080	无尾熊没有肚脐。	無尾熊沒有肚臍。		lexical-context
2000	1	胶	2000_1	膠	false	橡胶	橡膠	authored-example	project-authored	雨鞋是用橡胶制成的。	雨鞋是用橡膠製成的。		lexical-context
2001	1	脑	2001_1	腦	false	电脑	電腦	corpus-example	tatoeba:683602	我有钱的话，我就买这台电脑。	我有錢的話，我就買這臺電腦。		lexical-context
2002	1	脓	2002_1	膿	false	脓包	膿包	authored-example	project-authored	医生处理了伤口上的脓包。	醫生處理了傷口上的膿包。		lexical-context
2008	1	鸵	2008_1	鴕	false	鸵鸟	鴕鳥	corpus-example	tatoeba:13924819	鸸鹋和鸵鸟有什么区别？	鴯鶓和鴕鳥有什麼區別？		lexical-context
2010	1	鸳	2010_1	鴛	false	鸳鸯	鴛鴦	authored-example	project-authored	这幅画描绘了一对鸳鸯。	這幅畫描繪了一對鴛鴦。		lexical-context
2011	1	皱	2011_1	皺	false	褶皱	褶皺	authored-example	project-authored	这件裙子的褶皱很自然。	這件裙子的褶皺很自然。		lexical-context
2012	1	饿	2012_1	餓	false	饿死	餓死	corpus-example	tatoeba:482354	我宁愿饿死，也不会去偷东西。	我寧願餓死，也不會去偷東西。		lexical-context
2013	1	馁	2013_1	餒	false	气馁	氣餒	corpus-example	tatoeba:9408586	玛丽告诉我她不气馁。	瑪麗告訴我她不氣餒。		lexical-context
2016	1	恋	2016_1	戀	false	恋爱	戀愛	corpus-example	tatoeba:1743568	不，直到现在她都没有恋爱过。	不，直到現在她都沒有戀愛過。		lexical-context
2017	1	桨	2017_1	槳	false	螺旋桨	螺旋槳	authored-example	project-authored	船的螺旋桨被渔网缠住了。	船的螺旋槳被漁網纏住了。		lexical-context
2018	1	浆	2018_1	漿	false	岩浆	岩漿	authored-example	project-authored	火山喷出了炽热的岩浆。	火山噴出了熾熱的岩漿。		lexical-context
2024	1	准	2024_0	准	true	批准	批准	corpus-example	tatoeba:4831157	那个四年计划必须获得批准。	那個四年計劃必須獲得批准。		lexical-context
2024	1	准	2024_1	準	false	准备	準備	corpus-example	tatoeba:334798	门铃响的时候，我正准备出门。	門鈴響的時候，我正準備出門。		lexical-context
2026	1	症	2026_0	症	true	症状	症狀	corpus-example	tatoeba:1616576	她吃了中药，减轻了她的症状。	她吃了中藥，減輕了她的症狀。		lexical-context
2026	1	症	2026_1	癥	false	症结	癥結	authored-example	project-authored	我们终于找到了问题的症结。	我們終於找到了問題的癥結。		lexical-context
2029	1	斋	2029_1	齋	false	斋戒	齋戒	authored-example	project-authored	信徒在节日期间进行斋戒。	信徒在節日期間進行齋戒。		lexical-context
2035	1	离	2035_1	離	false	离开	離開	corpus-example	tatoeba:336929	我正要离开家的时候电话响了。	我正要離開家的時候電話響了。		lexical-context
2039	1	资	2039_1	資	false	资源	資源	corpus-example	tatoeba:813474	我们消耗了所有的自然资源。	我們消耗了所有的自然資源。		lexical-context
2043	1	竞	2043_1	競	false	竞争	競爭	corpus-example	tatoeba:715573	新的竞争机制使大家干劲儿大增。	新的競爭機制使大家幹勁兒大增。		lexical-context
2048	1	阅	2048_1	閲	false	阅读	閲讀	corpus-example	tatoeba:623220	有些人认为阅读简直浪费时间。	有些人認為閲讀簡直浪費時間。		lexical-context
2059	1	烦	2059_1	煩	false	麻烦	麻煩	corpus-example	tatoeba:358181	小心点驾驶，不然你就麻烦了。	小心點駕駛，不然你就麻煩了。		lexical-context
2060	1	烧	2060_1	燒	false	燃烧	燃燒	corpus-example	tatoeba:13537163	做有氧运动可以有效燃烧脂肪。	做有氧運動可以有效燃燒脂肪。		lexical-context
2061	1	烛	2061_1	燭	false	蜡烛	蠟燭	corpus-example	tatoeba:5581762	汤姆吹灭了蛋糕上的所有蜡烛。	湯姆吹滅了蛋糕上的所有蠟燭。		lexical-context
2064	1	递	2064_1	遞	false	递增	遞增	authored-example	project-authored	报名人数正在逐年递增。	報名人數正在逐年遞增。		lexical-context
2065	1	涛	2065_1	濤	false	胡锦涛	胡錦濤	corpus-example	tatoeba:774527	谁知道胡锦涛的生日？	誰知道胡錦濤的生日？		lexical-context
2067	1	涝	2067_1	澇	false	洪涝	洪澇	authored-example	project-authored	连续暴雨造成了严重洪涝。	連續暴雨造成了嚴重洪澇。		lexical-context
2072	1	涡	2072_1	渦	false	涡轮	渦輪	authored-example	project-authored	发动机使用涡轮提高效率。	發動機使用渦輪提高效率。		lexical-context
2075	1	涂	2075_0	涂	true	涂长望	涂長望	authored-example	project-authored	涂长望是中国近代气象学家。	涂長望是中國近代氣象學家。		lexical-context
2075	1	涂	2075_1	塗	false	糊涂	糊塗	corpus-example	tatoeba:6014656	这个路口正在翻修，被挖得一塌糊涂。	這個路口正在翻修，被挖得一塌糊塗。		lexical-context
2079	1	涤	2079_1	滌	false	洗涤	洗滌	authored-natural-example	manual	这件衣服需要用冷水洗涤。	這件衣服需要用冷水洗滌。		lexical-context
2081	1	润	2081_1	潤	false	利润	利潤	corpus-example	tatoeba:8588166	经济利润和正常利润有什么区别？	經濟利潤和正常利潤有什麼區別？		lexical-context
2082	1	涧	2082_1	澗	false	山涧	山澗	corpus-example	tatoeba:912701	翡翠般的青山，山涧中的流水声潺潺。	翡翠般的青山，山澗中的流水聲潺潺。		lexical-context
2086	1	涨	2086_1	漲	false	上涨	上漲	corpus-example	tatoeba:345810	物价上涨是多方因素造成的。	物價上漲是多方因素造成的。		lexical-context
2087	1	烫	2087_1	燙	false	滚烫	滾燙	authored-example	project-authored	锅里的水滚烫，小心别碰。	鍋裡的水滾燙，小心別碰。		lexical-context
2088	1	涩	2088_1	澀	false	苦涩	苦澀	authored-example	project-authored	这种药入口十分苦涩。	這種藥入口十分苦澀。		lexical-context
2095	1	悯	2095_1	憫	false	怜悯	憐憫	corpus-example	tatoeba:13138799	怜悯一点。	憐憫一點。		lexical-context
2098	1	宽	2098_1	寬	false	宽阔	寬闊	authored-example	project-authored	广场中央有一条宽阔的大道。	廣場中央有一條寬闊的大道。		lexical-context
2099	1	家	2099_0	家	true	国家	國家	corpus-example	tatoeba:512435	日本和好几个海外国家做贸易。	日本和好幾個海外國家做貿易。		lexical-context
2099	1	家	2099_1	傢	false	家伙	傢伙	corpus-example	tatoeba:5581669	毕竟，这家伙有一次想杀我爸。	畢竟，這傢伙有一次想殺我爸。		lexical-context
2102	1	宾	2102_1	賓	false	菲律宾	菲律賓	corpus-example	tatoeba:10335091	我最好的朋友是菲律宾人。	我最好的朋友是菲律賓人。		lexical-context
2103	1	窍	2103_1	竅	false	窍门	竅門	authored-example	project-authored	师傅教了我一个修锁的窍门。	師傅教了我一個修鎖的竅門。		lexical-context
2108	1	请	2108_1	請	false	邀请	邀請	corpus-example	tatoeba:390477	除了我，每个人都受到了邀请。	除了我，每個人都受到了邀請。		lexical-context
2110	1	诸	2110_1	諸	false	诸葛亮	諸葛亮	authored-example	project-authored	诸葛亮是三国时期的政治家和军事家。	諸葛亮是三國時期的政治家和軍事家。		lexical-context
2111	1	诺	2111_1	諾	false	承诺	承諾	corpus-example	tatoeba:472839	就我所知，他是个遵守承诺的人。	就我所知，他是個遵守承諾的人。		lexical-context
2112	1	读	2112_1	讀	false	阅读	閱讀	corpus-example	tatoeba:623220	有些人认为阅读简直浪费时间。	有些人認為閱讀簡直浪費時間。		lexical-context
2114	1	诽	2114_1	誹	false	诽谤	誹謗	corpus-example	tatoeba:13897311	别诽谤我。	別誹謗我。		lexical-context
2115	1	袜	2115_1	襪	false	袜子	襪子	corpus-example	tatoeba:1654917	她很生气地把鞋子，袜子脱掉。	她很生氣地把鞋子，襪子脫掉。		lexical-context
2120	1	课	2120_1	課	false	课程	課程	corpus-example	tatoeba:8741556	你应该去上婴儿心肺复苏课程。	你應該去上嬰兒心肺復甦課程。		lexical-context
2122	1	谁	2122_1	誰	false	谁知	誰知	authored-example	project-authored	谁知刚出门就下起了大雨。	誰知剛出門就下起了大雨。		lexical-context
2123	1	调	2123_1	調	false	调整	調整	corpus-example	tatoeba:9974954	系统会调整成允许你看到的内容。	系統會調整成允許你看到的內容。		lexical-context
2125	1	谅	2125_1	諒	false	原谅	原諒	corpus-example	tatoeba:346813	请你原谅我很久没给你写信了。	請你原諒我很久沒給你寫信了。		lexical-context
2126	1	谆	2126_1	諄	false	谆谆	諄諄	authored-example	project-authored	老师谆谆告诫我们要诚实。	老師諄諄告誡我們要誠實。		lexical-context
2127	1	谈	2127_1	談	false	谈判	談判	corpus-example	tatoeba:510682	人质的命运取决于谈判的结果。	人質的命運取決於談判的結果。		lexical-context
2128	1	谊	2128_1	誼	false	友谊	友誼	corpus-example	tatoeba:482695	真正的友谊比金钱更有价值。	真正的友誼比金錢更有價值。		lexical-context
2130	1	恳	2130_1	懇	false	诚恳	誠懇	corpus-example	tatoeba:503007	根据医生诚恳的表示，很显然他已经有对病人不太好的消息了。	根據醫生誠懇的表示，很顯然他已經有對病人不太好的訊息了。		lexical-context
2132	1	剧	2132_1	劇	false	戏剧	戲劇	corpus-example	tatoeba:9974983	汤姆和玛丽的故事富有戏剧性。	湯姆和瑪麗的故事富有戲劇性。		lexical-context
2147	1	难	2147_1	難	false	困难	困難	corpus-example	tatoeba:405750	俄罗斯面临着严重的财政困难。	俄羅斯面臨著嚴重的財政困難。		lexical-context
2148	1	预	2148_1	預	false	预算	預算	corpus-example	tatoeba:879229	其实，我们什么都不能预算。	其實，我們什麼都不能預算。		lexical-context
2150	1	绢	2150_1	絹	false	手绢	手絹	corpus-example	tatoeba:343786	我在烫我的手绢。	我在燙我的手絹。		lexical-context
2151	1	绣	2151_1	綉	false	刺绣	刺綉	authored-example	project-authored	她在衣领上绣了一朵精美的刺绣。	她在衣領上繡了一朵精美的刺綉。		lexical-context
2152	1	验	2152_1	驗	false	经验	經驗	corpus-example	tatoeba:13046545	汤姆不是一个经验老道的司机。	湯姆不是一個經驗老道的司機。		lexical-context
2153	1	继	2153_1	繼	false	继续	繼續	corpus-example	tatoeba:432907	他因为太疲劳而无法继续前进。	他因為太疲勞而無法繼續前進。		lexical-context
2154	1	骏	2154_1	駿	false	骏马	駿馬	corpus-example	tatoeba:13756641	骏马迎春，福运绵延！	駿馬迎春，福運綿延！		lexical-context
2156	1	琐	2156_1	瑣	false	繁琐	繁瑣	authored-natural-example	manual	申请手续比预想的更加繁琐。	申請手續比預想的更加繁瑣。		lexical-context
2186	1	掷	2186_1	擲	false	投掷	投擲	corpus-example	tatoeba:10460780	警方将催泪弹投掷到了建筑中。	警方將催淚彈投擲到了建築中。		lexical-context
2189	1	据	2189_0	据	true	拮据	拮据	corpus-example	tatoeba:540637	他的书销路不好，所以现在手头十分拮据。	他的書銷路不好，所以現在手頭十分拮据。		lexical-context
2189	1	据	2189_1	據	false	根据	根據	corpus-example	tatoeba:805577	根据习俗，新娘应该循规蹈矩。	根據習俗，新娘應該循規蹈矩。		lexical-context
2191	1	掺	2191_1	摻	false	掺假	摻假	authored-example	project-authored	检测发现这批蜂蜜存在掺假问题。	檢測發現這批蜂蜜存在摻假問題。		lexical-context
2192	1	职	2192_1	職	false	职业	職業	corpus-example	tatoeba:353499	他选择了律师作为他的终生职业。	他選擇了律師作為他的終生職業。		lexical-context
2204	1	萝	2204_1	蘿	false	胡萝卜	胡蘿蔔	corpus-example	tatoeba:9409425	汤姆午餐只吃了三个胡萝卜。	湯姆午餐只吃了三個胡蘿蔔。		lexical-context
2213	1	萤	2213_1	螢	false	萤石	螢石	authored-example	project-authored	萤石在紫外线下会发出荧光。	螢石在紫外線下會發出熒光。		lexical-context
2214	1	营	2214_1	營	false	经营	經營	corpus-example	tatoeba:14023308	那家公司由我的哥哥经营。	那家公司由我的哥哥經營。		lexical-context
2216	1	萧	2216_1	蕭	false	萧条	蕭條	corpus-example	tatoeba:767042	有谁知道如何在经济萧条的时候挣得金钱？	有誰知道如何在經濟蕭條的時候掙得金錢？		lexical-context
2217	1	萨	2217_1	薩	false	菩萨	菩薩	corpus-example	tatoeba:512438	他在木头上刻了一个菩萨像。	他在木頭上刻了一個菩薩像。		lexical-context
2221	1	梦	2221_1	夢	false	梦想	夢想	corpus-example	tatoeba:348914	我从小就梦想着做一名糕点师。	我從小就夢想著做一名糕點師。		lexical-context
2227	1	检	2227_1	檢	false	检察院	檢察院	authored-example	project-authored	检察院依法审查了这起案件。	檢察院依法審查了這起案件。		lexical-context
2236	1	酝	2236_1	醖	false	酝酿	醖釀	corpus-example	tatoeba:604494	他们的友情酝酿成了爱情。	他們的友情醖釀成了愛情。		lexical-context
2241	1	硕	2241_1	碩	false	硕士	碩士	corpus-example	tatoeba:3380545	下个月就要进行硕士论文答辩了。	下個月就要進行碩士論文答辯了。		lexical-context
2245	1	聋	2245_1	聾	false	耳聋	耳聾	authored-example	project-authored	长期处在噪声中可能导致耳聋。	長期處在噪聲中可能導致耳聾。		lexical-context
2246	1	袭	2246_1	襲	false	袭击	襲擊	corpus-example	tatoeba:797066	一连串的灾难袭击这个地区。	一連串的災難襲擊這個地區。		lexical-context
2250	1	辅	2250_1	輔	false	辅助	輔助	corpus-example	tatoeba:8588209	虚拟经济的适度发展对实体经济具有辅助和推动作用。	虛擬經濟的適度發展對實體經濟具有輔助和推動作用。		lexical-context
2251	1	辆	2251_1	輛	false	车辆	車輛	corpus-example	tatoeba:1577372	车辆增多会影响到城市的环境。	車輛增多會影響到城市的環境。		lexical-context
2252	1	颅	2252_1	顱	false	头颅	頭顱	authored-example	project-authored	医生检查了患者的头颅。	醫生檢查了患者的頭顱。		lexical-context
2264	1	悬	2264_1	懸	false	悬挂	懸掛	authored-natural-example	manual	墙上悬挂着一幅山水画。	牆上懸掛著一幅山水畫。		lexical-context
2276	1	跃	2276_1	躍	false	活跃	活躍	corpus-example	tatoeba:13507746	玛丽她很活跃，不是吗？	瑪麗她很活躍，不是嗎？		lexical-context
2282	1	累	2282_0	累	true	累计	累計	authored-example	project-authored	今年的累计降雨量已经超过去年。	今年的累計降雨量已經超過去年。		lexical-context
2282	1	累	2282_1	纍	false	累累	纍纍	corpus-example	tatoeba:818140	有些人负债累累。	有些人負債纍纍。		lexical-context
2286	1	啰	2286_1	囉	false	哈啰	哈囉	authored-example	project-authored	哈啰，好久不见！	哈囉，好久不見！		lexical-context
2291	1	啸	2291_1	嘯	false	呼啸	呼嘯	authored-example	project-authored	寒风从山谷中呼啸而过。	寒風從山谷中呼嘯而過。		lexical-context
2294	1	崭	2294_1	嶄	false	崭新	嶄新	corpus-example	tatoeba:11044298	您新买的是辆崭新的车吗？	您新買的是輛嶄新的車嗎？		lexical-context
2295	1	逻	2295_1	邏	false	逻辑	邏輯	corpus-example	tatoeba:8868746	知识分子只需要世界语和逻辑语。	知識分子只需要世界語和邏輯語。		lexical-context
2301	1	婴	2301_1	嬰	false	婴儿	嬰兒	corpus-example	tatoeba:8741556	你应该去上婴儿心肺复苏课程。	你應該去上嬰兒心肺復甦課程。		lexical-context
2303	1	铐	2303_1	銬	false	手铐	手銬	corpus-example	tatoeba:13656782	他们给汤姆戴上了手铐。	他們給湯姆戴上了手銬。		lexical-context
2304	1	铛	2304_1	鐺	false	铃铛	鈴鐺	authored-example	project-authored	小猫脖子上挂着一只铃铛。	小貓脖子上掛著一隻鈴鐺。		lexical-context
2305	1	铝	2305_1	鋁	false	铝合金	鋁合金	authored-example	project-authored	窗框采用轻便的铝合金制成。	窗框採用輕便的鋁合金製成。		lexical-context
2306	1	铜	2306_1	銅	false	青铜	青銅	corpus-example	tatoeba:13634204	青铜器主要是由铜和锡的合金制成的。	青銅器主要是由銅和錫的合金製成的。		lexical-context
2307	1	铭	2307_1	銘	false	铭文	銘文	authored-example	project-authored	石碑上的铭文已经模糊不清。	石碑上的銘文已經模糊不清。		lexical-context
2308	1	铲	2308_1	鏟	false	扁铲	扁鏟	authored-example	project-authored	工人用扁铲清理墙面。	工人用扁鏟清理牆面。		lexical-context
2309	1	银	2309_1	銀	false	银行	銀行	corpus-example	tatoeba:334859	他把他女儿嫁给了一个银行家。	他把他女兒嫁給了一個銀行家。		lexical-context
2310	1	矫	2310_1	矯	false	矫正	矯正	corpus-example	tatoeba:13249547	我是一名牙齿矫正医师。	我是一名牙齒矯正醫師。		lexical-context
2315	1	秽	2315_1	穢	false	污秽	污穢	corpus-example	tatoeba:347707	污秽导致疾病。	污穢導致疾病。		lexical-context
2318	1	笼	2318_1	籠	false	笼罩	籠罩	corpus-example	tatoeba:10706234	田野和小径被雾气笼罩著。	田野和小徑被霧氣籠罩著。		lexical-context
2327	1	偿	2327_1	償	false	补偿	補償	corpus-example	tatoeba:382442	她会好好的补偿你的。	她會好好的補償你的。		lexical-context
2335	1	躯	2335_1	軀	false	躯体	軀體	corpus-example	tatoeba:9953235	没有了你，我就像没有灵魂的躯体。	沒有了你，我就像沒有靈魂的軀體。		lexical-context
2338	1	衅	2338_1	釁	false	挑衅	挑釁	corpus-example	tatoeba:8589277	萨米对顾客变得更加挑衅了。	薩米對顧客變得更加挑釁了。		lexical-context
2342	1	衔	2342_1	銜	false	衔接	銜接	authored-example	project-authored	编辑调整了两段之间的衔接。	編輯調整了兩段之間的銜接。		lexical-context
2343	1	盘	2343_1	盤	false	棋盘	棋盤	corpus-example	tatoeba:793548	我在棋盘上把一个棋子向前移动一步。	我在棋盤上把一個棋子向前移動一步。		lexical-context
2349	1	鸽	2349_1	鴿	false	鸽子	鴿子	corpus-example	tatoeba:827487	他放我鸽子；我等了他一整晚！	他放我鴿子；我等了他一整晚！		lexical-context
2350	1	敛	2350_1	斂	false	收敛	收斂	authored-example	project-authored	听到批评后，他收敛了许多。	聽到批評後，他收斂了許多。		lexical-context
2354	1	领	2354_1	領	false	领导	領導	corpus-example	tatoeba:13828932	许多人说他不适合当领导。	許多人說他不適合當領導。		lexical-context
2359	1	脸	2359_1	臉	false	脸色	臉色	corpus-example	tatoeba:2092374	发生什么了？你脸色这样苍白。	發生什麼了？你臉色這樣蒼白。		lexical-context
2366	1	猎	2366_1	獵	false	狩猎	狩獵	corpus-example	tatoeba:334871	我等不及想要和我爸爸去狩猎。	我等不及想要和我爸爸去狩獵。		lexical-context
2372	1	馅	2372_1	餡	false	馅饼	餡餅	corpus-example	tatoeba:4182627	你已经吃了很多馅饼。	你已經吃了很多餡餅。		lexical-context
2373	1	馆	2373_1	館	false	博物馆	博物館	authored-example	project-authored	博物馆正在展出古代陶器。	博物館正在展出古代陶器。		lexical-context
2382	1	痒	2382_1	癢	false	瘙痒	瘙癢	authored-example	project-authored	皮肤瘙痒时不要用力抓挠。	皮膚瘙癢時不要用力抓撓。		lexical-context
2393	1	旋	2393_0	旋	true	旋转	旋轉	corpus-example	tatoeba:633872	地球大约每三百六十五天就会围绕太阳旋转一周。	地球大約每三百六十五天就會圍繞太陽旋轉一週。		lexical-context
2393	1	旋	2393_1	鏇	false	旋床	鏇床	authored-example	project-authored	工人用旋床加工金属零件。	工人用鏇床加工金屬零件。		lexical-context
2396	1	阎	2396_1	閻	false	阎王	閻王	authored-example	project-authored	传说阎王掌管阴间。	傳說閻王掌管陰間。		lexical-context
2397	1	阐	2397_1	闡	false	阐述	闡述	corpus-example	tatoeba:332765	他简单地阐述了他的理由。	他簡單地闡述了他的理由。		lexical-context
2400	1	盖	2400_1	蓋	false	覆盖	覆蓋	corpus-example	tatoeba:8839832	山林小道被雪完全覆盖住了。	山林小道被雪完全覆蓋住了。		lexical-context
2405	1	断	2405_1	斷	false	不断	不斷	corpus-example	tatoeba:8143516	小脑需要连续不断的血液供给。	小腦需要連續不斷的血液供給。		lexical-context
2407	1	兽	2407_1	獸	false	野兽	野獸	corpus-example	tatoeba:13109809	你认为你是什么野兽？猎犬还是老鼠？	你認為你是什麼野獸？獵犬還是老鼠？		lexical-context
2412	1	鸿	2412_1	鴻	false	李鸿章	李鴻章	authored-example	project-authored	李鸿章是晚清的重要大臣。	李鴻章是晚清的重要大臣。		lexical-context
2417	1	渐	2417_1	漸	false	逐渐	逐漸	corpus-example	tatoeba:9972834	这个国家的人口正在逐渐减少。	這個國家的人口正在逐漸減少。		lexical-context
2423	1	渊	2423_1	淵	false	渊源	淵源	corpus-example	tatoeba:13873663	广东与香港、澳门地理相邻，三地在文化与语言上有著深厚的渊源。	廣東與香港、澳門地理相鄰，三地在文化與語言上有著深厚的淵源。		lexical-context
2425	1	渔	2425_1	漁	false	渔业	漁業	corpus-example	tatoeba:415637	这个岛的经济依靠的是渔业。	這個島的經濟依靠的是漁業。		lexical-context
2431	1	淀	2431_0	淀	true	海淀区	海淀區	authored-example	project-authored	海淀区有许多高等院校。	海淀區有許多高等院校。		lexical-context
2431	1	淀	2431_1	澱	false	沉淀	沉澱	authored-example	project-authored	杯底出现了一层白色沉淀。	杯底出現了一層白色沉澱。		lexical-context
2437	1	渗	2437_1	滲	false	渗透	滲透	corpus-example	tatoeba:869891	骇客们找到渗透私人或公共网络的新方法。	駭客們找到滲透私人或公共網路的新方法。		lexical-context
2440	1	惭	2440_1	慚	false	惭愧	慚愧	corpus-example	tatoeba:1948458	我很惭愧，这是我第一次对我爸说谎。	我很慚愧，這是我第一次對我爸說謊。		lexical-context
2442	1	惧	2442_1	懼	false	恐惧	恐懼	corpus-example	tatoeba:1565730	无知是恐惧之母，也是崇拜之母。	無知是恐懼之母，也是崇拜之母。		lexical-context
2445	1	惊	2445_1	驚	false	惊人	驚人	corpus-example	tatoeba:829678	他以惊人的速度游自由泳，你该看看。	他以驚人的速度遊自由泳，你該看看。		lexical-context
2449	1	惨	2449_1	慘	false	惨案	慘案	authored-example	project-authored	纪念馆记录了那场惨案。	紀念館記錄了那場慘案。		lexical-context
2450	1	惯	2450_1	慣	false	习惯	習慣	corpus-example	tatoeba:333351	你很快就会习惯吃日本料理了。	你很快就會習慣吃日本料理了。		lexical-context
2459	1	谋	2459_1	謀	false	阴谋	陰謀	corpus-example	tatoeba:13117586	人们指控他参与了这场阴谋。	人們指控他參與了這場陰謀。		lexical-context
2460	1	谍	2460_1	諜	false	间谍	間諜	corpus-example	tatoeba:380162	我突然想到他可能是个商业间谍。	我突然想到他可能是個商業間諜。		lexical-context
2461	1	谎	2461_1	謊	false	撒谎	撒謊	corpus-example	tatoeba:2026506	汤姆太老实了，连撒谎都不会。	湯姆太老實了，連撒謊都不會。		lexical-context
2462	1	谐	2462_1	諧	false	和谐	和諧	corpus-example	tatoeba:5613678	我们必须学会与自然和谐共处。	我們必須學會與自然和諧共處。		lexical-context
2464	1	祷	2464_1	禱	false	祈祷	祈禱	corpus-example	tatoeba:12047759	让我们祈祷他学得很快吧。	讓我們祈禱他學得很快吧。		lexical-context
2465	1	祸	2465_1	禍	false	大祸	大禍	authored-example	project-authored	粗心大意差点酿成大祸。	粗心大意差點釀成大禍。		lexical-context
2466	1	谓	2466_1	謂	false	所谓	所謂	corpus-example	tatoeba:829311	她就是所谓有教养的女性。	她就是所謂有教養的女性。		lexical-context
2467	1	谚	2467_1	諺	false	谚语	諺語	corpus-example	tatoeba:875076	在威尔斯，我们有一个句谚语。	在威爾斯，我們有一個句諺語。		lexical-context
2468	1	谜	2468_1	謎	false	谜底	謎底	authored-example	project-authored	故事最后才揭开谜底。	故事最後才揭開謎底。		lexical-context
2473	1	弹	2473_1	彈	false	导弹	導彈	corpus-example	tatoeba:5246142	飞机即将撞上成塔，但是防空导弹将它制止了。	飛機即將撞上成塔，但是防空導彈將它制止了。		lexical-context
2475	1	堕	2475_1	墮	false	堕落	墮落	corpus-example	tatoeba:503065	我不会堕落到他那个地步。	我不會墮落到他那個地步。		lexical-context
2476	1	随	2476_1	隨	false	随着	隨著	corpus-example	tatoeba:5650516	随着故事的进行，谜题揭开了。	隨著故事的進行，謎題揭開了。		lexical-context
2480	1	隐	2480_1	隱	false	隐藏	隱藏	corpus-example	tatoeba:2052524	汤姆隐藏着一个可怕的秘密。	湯姆隱藏著一個可怕的秘密。		lexical-context
2482	1	婶	2482_1	嬸	false	婶子	嬸子	authored-example	project-authored	邻居婶子送来一篮蔬菜。	鄰居嬸子送來一籃蔬菜。		lexical-context
2484	1	颇	2484_1	頗	false	颇具	頗具	authored-example	project-authored	这座古城颇具历史价值。	這座古城頗具歷史價值。		lexical-context
2485	1	颈	2485_1	頸	false	瓶颈	瓶頸	authored-example	project-authored	资金不足成为项目的瓶颈。	資金不足成為專案的瓶頸。		lexical-context
2486	1	绩	2486_1	績	false	成绩	成績	corpus-example	tatoeba:2103703	不要躺在过去的成绩上睡大觉。	不要躺在過去的成績上睡大覺。		lexical-context
2487	1	绪	2487_1	緒	false	情绪	情緒	corpus-example	tatoeba:2609577	攀比心理会让人产生负面情绪。	攀比心理會讓人產生負面情緒。		lexical-context
2488	1	续	2488_1	續	false	继续	繼續	corpus-example	tatoeba:432907	他因为太疲劳而无法继续前进。	他因為太疲勞而無法繼續前進。		lexical-context
2489	1	骑	2489_1	騎	false	骑兵	騎兵	corpus-example	tatoeba:5957612	他是这个国家的骑兵总司令。	他是這個國家的騎兵總司令。		lexical-context
2490	1	绰	2490_1	綽	false	绰号	綽號	corpus-example	tatoeba:13878993	村里人都叫他「老酒鬼」，这绰号跟了他三十年。	村裡人都叫他「老酒鬼」，這綽號跟了他三十年。		lexical-context
2491	1	绳	2491_1	繩	false	绳子	繩子	corpus-example	tatoeba:336862	那个溺水的男人抓紧了绳子。	那個溺水的男人抓緊了繩子。		lexical-context
2492	1	维	2492_1	維	false	维护	維護	corpus-example	tatoeba:2442120	维护客户利益就是维护公司利益。	維護客戶利益就是維護公司利益。		lexical-context
2493	1	绵	2493_1	綿	false	绵延	綿延	authored-natural-example	manual	群山绵延到视线尽头。	群山綿延到視線盡頭。		lexical-context
2494	1	绷	2494_1	綳	false	绷带	綳帶	corpus-example	tatoeba:1750361	他先清洗了伤口，再绑上绷带。	他先清洗了傷口，再綁上綳帶。		lexical-context
2495	1	绸	2495_1	綢	false	丝绸	絲綢	corpus-example	tatoeba:6100214	丝绸之路形成的初衷并非是贸易。	絲綢之路形成的初衷並非是貿易。		lexical-context
2496	1	综	2496_1	綜	false	综合	綜合	corpus-example	tatoeba:502845	所有意见是真相和错误的综合。	所有意見是真相和錯誤的綜合。		lexical-context
2497	1	绽	2497_1	綻	false	破绽	破綻	authored-example	project-authored	他的谎言很快露出了破绽。	他的謊言很快露出了破綻。		lexical-context
2498	1	绿	2498_1	緑	false	绿教	緑教	authored-example	project-authored	“绿教”是带有贬义的网络用语。	“緑教”是帶有貶義的網路用語。		lexical-context
2499	1	缀	2499_1	綴	false	点缀	點綴	corpus-example	tatoeba:13884559	众多村庄点缀著福斯湾的岸边，优美如画。初次于此航行的陌生人，必定会留下深刻印象。	眾多村莊點綴著福斯灣的岸邊，優美如畫。初次於此航行的陌生人，必定會留下深刻印象。		lexical-context
2504	1	琼	2504_1	瓊	false	琼斯	瓊斯	authored-example	project-authored	琼斯教授今天没有来上课。	瓊斯教授今天沒有來上課。		lexical-context
2516	1	趋	2516_1	趨	false	趋势	趨勢	corpus-example	tatoeba:5372278	她很了解最新的时尚趋势。	她很瞭解最新的時尚趨勢。		lexical-context
2518	1	揽	2518_1	攬	false	包揽	包攬	authored-example	project-authored	她一人包揽了全部金牌。	她一人包攬了全部金牌。		lexical-context
2531	1	搀	2531_1	攙	false	搀扶	攙扶	authored-example	project-authored	护士搀扶老人慢慢起身。	護士攙扶老人慢慢起身。		lexical-context
2533	1	搁	2533_1	擱	false	耽搁	耽擱	corpus-example	tatoeba:333030	火车因大雪被耽搁了。	火車因大雪被耽擱了。		lexical-context
2535	1	搂	2535_1	摟	false	搂抱	摟抱	authored-example	project-authored	久别重逢的家人紧紧搂抱在一起。	久別重逢的家人緊緊摟抱在一起。		lexical-context
2536	1	搅	2536_1	攪	false	搅拌	攪拌	corpus-example	tatoeba:824453	食物调理机往往比搅拌机短和宽。	食物調理機往往比攪拌機短和寬。		lexical-context
2544	1	联	2544_1	聯	false	联系	聯係	corpus-example	tatoeba:334721	我们联系上他们已经为时已晚。	我們聯係上他們已經為時已晚。		lexical-context
2555	1	蒋	2555_1	蔣	false	蒋介石	蔣介石	authored-example	project-authored	蒋介石是中国近代史上的政治人物。	蔣介石是中國近代史上的政治人物。		lexical-context
2558	1	韩	2558_1	韓	false	韩国	韓國	corpus-example	tatoeba:10278312	我和我的朋友们想在韩国工作。	我和我的朋友們想在韓國工作。		lexical-context
2579	1	椭	2579_1	橢	false	椭圆形	橢圓形	authored-example	project-authored	这张桌子的桌面呈椭圆形。	這張桌子的桌面呈橢圓形。		lexical-context
2591	1	确	2591_1	確	false	确定	確定	corpus-example	tatoeba:466264	会议重新开始的时间还不确定。	會議重新開始的時間還不確定。		lexical-context
2597	1	颊	2597_1	頰	false	脸颊	臉頰	corpus-example	tatoeba:8727847	两滴眼泪从她的脸颊滑落下来。	兩滴眼淚從她的臉頰滑落下來。		lexical-context
2598	1	雳	2598_1	靂	false	霹雳	霹靂	authored-example	project-authored	一道霹雳划破夜空。	一道霹靂劃破夜空。		lexical-context
2599	1	暂	2599_1	暫	false	暂时	暫時	corpus-example	tatoeba:2431737	形式是暂时的，等级才是永恒的。	形式是暫時的，等級才是永恆的。		lexical-context
2601	1	翘	2601_1	翹	false	翘首	翹首	authored-example	project-authored	村民翘首等待远方的亲人归来。	村民翹首等待遠方的親人歸來。		lexical-context
2602	1	辈	2602_1	輩	false	前辈	前輩	authored-example	project-authored	我向经验丰富的前辈请教。	我向經驗豐富的前輩請教。		lexical-context
2605	1	凿	2605_1	鑿	false	开凿	開鑿	authored-example	project-authored	工人正在山中开凿隧道。	工人正在山中開鑿隧道。		lexical-context
2606	1	辉	2606_1	輝	false	辉煌	輝煌	corpus-example	tatoeba:2152762	这样辉煌的成绩，是如何取得的？	這樣輝煌的成績，是如何取得的？		lexical-context
2609	1	赏	2609_1	賞	false	欣赏	欣賞	corpus-example	tatoeba:346900	你觉得有多少人懂得欣赏音乐？	你覺得有多少人懂得欣賞音樂？		lexical-context
2612	1	睐	2612_1	睞	false	青睐	青睞	corpus-example	tatoeba:13593663	她的国语声调精准，自然比同龄人更受评审青睐。	她的國語聲調精準，自然比同齡人更受評審青睞。		lexical-context
2618	1	喷	2618_1	噴	false	喷出	噴出	corpus-example	tatoeba:13847495	章鱼会喷出墨汁来逃避天敌。	章魚會噴出墨汁來逃避天敵。		lexical-context
2627	1	畴	2627_1	疇	false	范畴	範疇	corpus-example	tatoeba:13519149	俄语动词的一个特征是存在体的范畴。	俄語動詞的一個特徵是存在體的範疇。		lexical-context
2628	1	践	2628_1	踐	false	实践	實踐	corpus-example	tatoeba:10007005	我们怎样才能将其付出实践？	我們怎樣才能將其付出實踐？		lexical-context
2633	1	遗	2633_1	遺	false	遗址	遺址	corpus-example	tatoeba:5968312	这座体育馆下藏著一个重要的遗址。	這座體育館下藏著一個重要的遺址。		lexical-context
2640	1	鹃	2640_1	鵑	false	杜鹃花	杜鵑花	authored-example	project-authored	春天山坡上开满了杜鹃花。	春天山坡上開滿了杜鵑花。		lexical-context
2650	1	赋	2650_1	賦	false	赋予	賦予	corpus-example	tatoeba:10367177	什么赋予了人生意义？	什麼賦予了人生意義？		lexical-context
2651	1	赌	2651_1	賭	false	赌博	賭博	corpus-example	tatoeba:810592	你不喜欢赌博，是吗？	你不喜歡賭博，是嗎？		lexical-context
2652	1	赎	2652_1	贖	false	赎回	贖回	authored-example	project-authored	基金到期后可以按约定赎回。	基金到期後可以按約定贖回。		lexical-context
2653	1	赐	2653_1	賜	false	赏赐	賞賜	authored-example	project-authored	国王赏赐了勇敢的士兵。	國王賞賜了勇敢計程車兵。		lexical-context
2654	1	赔	2654_1	賠	false	赔偿	賠償	corpus-example	tatoeba:10342272	你需要赔偿他损失的钱。	你需要賠償他損失的錢。		lexical-context
2656	1	铸	2656_1	鑄	false	铸造	鑄造	authored-example	project-authored	工匠用青铜铸造钟鼎。	工匠用青銅鑄造鐘鼎。		lexical-context
2657	1	铺	2657_1	鋪	false	店铺	店鋪	corpus-example	tatoeba:13603157	因为是星期日，所以店铺没开。	因為是星期日，所以店鋪沒開。		lexical-context
2658	1	链	2658_1	鏈	false	链接	鏈接	authored-example	project-authored	请把链接发给所有参加者。	請把鏈接發給所有參加者。		lexical-context
2659	1	销	2659_1	銷	false	销售	銷售	corpus-example	tatoeba:1423374	邮购是直接销售的主要形式。	郵購是直接銷售的主要形式。		lexical-context
2660	1	锁	2660_1	鎖	false	封锁	封鎖	corpus-example	tatoeba:13924822	这个港口可能会遭到封锁。	這個港口可能會遭到封鎖。		lexical-context
2661	1	锄	2661_1	鋤	false	锄头	鋤頭	corpus-example	tatoeba:3966152	用锄头的时候小心一些	用鋤頭的時候小心一些		lexical-context
2662	1	锅	2662_1	鍋	false	锅巴	鍋巴	authored-example	project-authored	锅底剩下的锅巴又香又脆。	鍋底剩下的鍋巴又香又脆。		lexical-context
2663	1	锈	2663_1	銹	false	不锈钢	不銹鋼	authored-example	project-authored	这个水壶由不锈钢制成。	這個水壺由不銹鋼製成。		lexical-context
2664	1	锋	2664_1	鋒	false	先锋	先鋒	corpus-example	tatoeba:470977	他是这个方面的先锋。	他是這個方面的先鋒。		lexical-context
2665	1	锌	2665_1	鋅	false	氧化锌	氧化鋅	authored-example	project-authored	药膏中含有氧化锌。	藥膏中含有氧化鋅。		lexical-context
2666	1	锐	2666_1	鋭	false	尖锐	尖鋭	corpus-example	tatoeba:830481	突然间她开始用尖锐的声音大喊。	突然間她開始用尖鋭的聲音大喊。		lexical-context
2674	1	鹅	2674_1	鵝	false	天鹅	天鵝	corpus-example	tatoeba:7774830	这只天鹅是黑色的。	這隻天鵝是黑色的。		lexical-context
2682	1	筑	2682_0	筑	true	筑波	筑波	authored-example	project-authored	筑波位于日本茨城县。	筑波位於日本茨城縣。		lexical-context
2682	1	筑	2682_1	築	false	建筑	建築	corpus-example	tatoeba:1759600	学校最高的建筑就是那个水塔。	學校最高的建築就是那個水塔。		lexical-context
2684	1	筛	2684_1	篩	false	筛选	篩選	corpus-example	tatoeba:13610489	这个公会历史悠久，拥有完整的行政体系与严格的成员筛选标准。	這個公會歷史悠久，擁有完整的行政體系與嚴格的成員篩選標準。		lexical-context
2697	1	储	2697_1	儲	false	储量	儲量	authored-example	project-authored	这座矿山的煤炭储量很大。	這座礦山的煤炭儲量很大。		lexical-context
2703	1	惩	2703_1	懲	false	惩罚	懲罰	corpus-example	tatoeba:429174	如果他犯了罪，他应该受到惩罚。	如果他犯了罪，他應該受到懲罰。		lexical-context
2704	1	御	2704_0	御	true	御道	御道	authored-example	project-authored	古代皇帝沿着御道进入宫城。	古代皇帝沿著御道進入宮城。		lexical-context
2704	1	御	2704_1	禦	false	防御	防禦	corpus-example	tatoeba:797083	进攻是最好的防御。	進攻是最好的防禦。		lexical-context
2710	1	释	2710_1	釋	false	解释	解釋	corpus-example	tatoeba:373623	­我回来就解释给你听怎么用。	­我回來就解釋給你聽怎麼用。		lexical-context
2712	1	腊	2712_1	臘	false	希腊	希臘	corpus-example	tatoeba:801357	我既不是雅典人也不是希腊人。	我既不是雅典人也不是希臘人。		lexical-context
2717	1	鲁	2717_1	魯	false	鲁迅	魯迅	authored-example	project-authored	鲁迅写过许多小说和杂文。	魯迅寫過許多小說和雜文。		lexical-context
2722	1	惫	2722_1	憊	false	疲惫	疲憊	corpus-example	tatoeba:336686	这个女士看起来很悲伤，也很疲惫。	這個女士看起來很悲傷，也很疲憊。		lexical-context
2724	1	馈	2724_1	饋	false	反馈	反饋	corpus-example	tatoeba:3856444	公司欢迎消费者对他们产品的反馈	公司歡迎消費者對他們產品的反饋		lexical-context
2725	1	馋	2725_1	饞	false	眼馋	眼饞	authored-example	project-authored	孩子看着蛋糕直眼馋。	孩子看著蛋糕直眼饞。		lexical-context
2726	1	装	2726_1	裝	false	装备	裝備	corpus-example	tatoeba:9969184	你需要好装备才能爬上这座山。	你需要好裝備才能爬上這座山。		lexical-context
2727	1	蛮	2727_1	蠻	false	野蛮	野蠻	corpus-example	tatoeba:360131	在教养上，他们可以说是和野蛮人差不多。	在教養上，他們可以說是和野蠻人差不多。		lexical-context
2737	1	阔	2737_1	闊	false	广阔	廣闊	corpus-example	tatoeba:1691771	撒哈拉沙漠广阔无垠。	撒哈拉沙漠廣闊無垠。		lexical-context
2742	1	粪	2742_1	糞	false	粪便	糞便	authored-example	project-authored	实验人员采集了动物粪便样本。	實驗人員採集了動物糞便樣本。		lexical-context
2750	1	滞	2750_1	滯	false	停滞	停滯	corpus-example	tatoeba:8580989	阿尔及尔从不停滞不前。	阿爾及爾從不停滯不前。		lexical-context
2756	1	湿	2756_1	濕	false	湿润	濕潤	corpus-example	tatoeba:766041	因为气候又暖和又湿润，所以广州一年到头都有花。	因為氣候又暖和又濕潤，所以廣州一年到頭都有花。		lexical-context
2759	1	溃	2759_1	潰	false	崩溃	崩潰	corpus-example	tatoeba:9850367	如何判断自己已经或濒临精神崩溃？	如何判斷自己已經或瀕臨精神崩潰？		lexical-context
2760	1	溅	2760_1	濺	false	飞溅	飛濺	authored-example	project-authored	车轮驶过水坑，泥水四处飞溅。	車輪駛過水坑，泥水四處飛濺。		lexical-context
2764	1	湾	2764_1	灣	false	台湾	台灣	corpus-example	tatoeba:3701786	我在台湾时，我们成为好朋友。	我在台灣時，我們成為好朋友。		lexical-context
2770	1	愤	2770_1	憤	false	愤怒	憤怒	corpus-example	tatoeba:429383	当我忘记约定时，他十分愤怒。	當我忘記約定時，他十分憤怒。		lexical-context
2783	1	窜	2783_1	竄	false	逃窜	逃竄	authored-example	project-authored	盗贼见到警察后仓皇逃窜。	盜賊見到警察後倉皇逃竄。		lexical-context
2784	1	窝	2784_1	窩	false	被窝	被窩	authored-example	project-authored	冬天早晨，我不愿离开温暖的被窝。	冬天早晨，我不願離開溫暖的被窩。		lexical-context
2791	1	裤	2791_1	褲	false	裤子	褲子	corpus-example	tatoeba:334437	哦，我的白裤子！它是新的。	哦，我的白褲子！它是新的。		lexical-context
2793	1	禅	2793_1	禪	false	禅杖	禪杖	authored-example	project-authored	老僧拄着禅杖缓步前行。	老僧拄著禪杖緩步前行。		lexical-context
2795	1	谢	2795_1	謝	false	感谢	感謝	corpus-example	tatoeba:6093372	我想为你今天所做的事感谢你。	我想為你今天所做的事感謝你。		lexical-context
2796	1	谣	2796_1	謡	false	谣言	謡言	corpus-example	tatoeba:867740	据我所知，这个谣言不是真的。	據我所知，這個謡言不是真的。		lexical-context
2797	1	谤	2797_1	謗	false	诽谤	誹謗	corpus-example	tatoeba:13897311	别诽谤我。	別誹謗我。		lexical-context
2798	1	谦	2798_1	謙	false	谦虚	謙虛	corpus-example	tatoeba:830473	获得诺贝尔奖后，她仍谦虚如昔。	獲得諾貝爾獎後，她仍謙虛如昔。		lexical-context
2800	1	属	2800_1	屬	false	属于	屬於	corpus-example	tatoeba:9954787	你去寻找属于自己的灵感了吗？	你去尋找屬於自己的靈感了嗎？		lexical-context
2801	1	屡	2801_1	屢	false	屡次	屢次	authored-example	project-authored	他屡次迟到，受到了批评。	他屢次遲到，受到了批評。		lexical-context
2814	1	缅	2814_1	緬	false	缅甸	緬甸	corpus-example	tatoeba:10529598	泰国在北边接壤缅甸和老挝。	泰國在北邊接壤緬甸和寮國。		lexical-context
2815	1	缆	2815_1	纜	false	光缆	光纜	authored-example	project-authored	施工队正在铺设地下光缆。	施工隊正在鋪設地下光纜。		lexical-context
2816	1	缉	2816_1	緝	false	通缉	通緝	corpus-example	tatoeba:5663466	汤姆已经上通缉令三年了。	湯姆已經上通緝令三年了。		lexical-context
2817	1	缎	2817_1	緞	false	绸缎	綢緞	authored-example	project-authored	店里陈列着各色绸缎。	店裡陳列著各色綢緞。		lexical-context
2818	1	缓	2818_1	緩	false	缓慢	緩慢	corpus-example	tatoeba:13118956	由硬体到软体的转变是缓慢的。	由硬體到軟體的轉變是緩慢的。		lexical-context
2819	1	缔	2819_1	締	false	缔结	締結	authored-example	project-authored	两国正式缔结了友好条约。	兩國正式締結了友好條約。		lexical-context
2820	1	缕	2820_1	縷	false	千丝万缕	千絲萬縷	authored-example	project-authored	这两件事之间有着千丝万缕的联系。	這兩件事之間有著千絲萬縷的聯絡。		lexical-context
2821	1	骗	2821_1	騙	false	欺骗	欺騙	corpus-example	tatoeba:333147	这将是你最后一次被欺骗了。	這將是你最後一次被欺騙了。		lexical-context
2822	1	编	2822_1	編	false	编辑	編輯	corpus-example	tatoeba:9970747	我们应该对人使用基因编辑吗？	我們應該對人使用基因編輯嗎？		lexical-context
2823	1	骚	2823_1	騷	false	骚扰	騷擾	corpus-example	tatoeba:13890572	让你的儿子别来骚扰我的女儿。	讓你的兒子別來騷擾我的女兒。		lexical-context
2824	1	缘	2824_1	緣	false	边缘	邊緣	corpus-example	tatoeba:11545847	你是在死亡边缘反复磨擦。	你是在死亡邊緣反覆磨擦。		lexical-context
2826	1	鹉	2826_1	鵡	false	鹦鹉	鸚鵡	corpus-example	tatoeba:435238	鹦鹉懂得模仿人类说话。	鸚鵡懂得模仿人類說話。		lexical-context
2832	1	摄	2832_1	攝	false	拍摄	拍攝	corpus-example	tatoeba:836338	拍摄是在中午十二时左右开始。	拍攝是在中午十二時左右開始。		lexical-context
2838	1	摆	2838_1	擺	false	摆脱	擺脫	corpus-example	tatoeba:8558441	阿尔及利亚需要摆脱官僚主义。	阿爾及利亞需要擺脫官僚主義。		lexical-context
2838	1	摆	2838_2	襬	false	下摆	下襬	authored-example	project-authored	裙子的下摆沾上了泥水。	裙子的下襬沾上了泥水。		lexical-context
2844	1	摊	2844_1	攤	false	摊开	攤開	authored-example	project-authored	她把地图摊开在桌上。	她把地圖攤開在桌上。		lexical-context
2851	1	鹊	2851_1	鵲	false	喜鹊	喜鵲	authored-example	project-authored	喜鹊落在院里的树枝上。	喜鵲落在院裡的樹枝上。		lexical-context
2852	1	蓝	2852_1	藍	false	蓝色	藍色	corpus-example	tatoeba:811085	我想试一下那条蓝色条纹裙。	我想試一下那條藍色條紋裙。		lexical-context
2859	1	蒙	2859_0	蒙	true	蒙古	蒙古	corpus-example	tatoeba:13517633	蒙古国夹在俄罗斯和中国之间。	蒙古國夾在俄羅斯和中國之間。		lexical-context
2859	1	蒙	2859_1	濛	false	迷蒙	迷濛	authored-example	project-authored	清晨的湖面烟雨迷蒙。	清晨的湖面煙雨迷濛。		lexical-context
2859	1	蒙	2859_2	懞	false	克莱蒙特	克萊懞特	authored-example	project-authored	克莱蒙特是一座安静的小城。	克萊懞特是一座安靜的小城。		lexical-context
2859	1	蒙	2859_3	矇	false	启蒙	啟矇	authored-example	project-authored	这本读物适合儿童启蒙。	這本讀物適合兒童啟矇。		lexical-context
2861	1	献	2861_1	獻	false	贡献	貢獻	corpus-example	tatoeba:427606	他为经济发展作了很多贡献。	他為經濟發展作了很多貢獻。		lexical-context
2866	1	榄	2866_1	欖	false	橄榄	橄欖	corpus-example	tatoeba:7781726	他曾是个英式橄榄球运动员。	他曾是個英式橄欖球運動員。		lexical-context
2870	1	楼	2870_1	樓	false	城楼	城樓	authored-example	project-authored	游客登上城楼眺望远方。	遊客登上城樓眺望遠方。		lexical-context
2872	1	赖	2872_1	賴	false	依赖	依賴	corpus-example	tatoeba:8751463	阿尔及利亚能依赖可再生能源吗？	阿爾及利亞能依賴可再生能源嗎？		lexical-context
2876	1	碍	2876_1	礙	false	障碍	障礙	corpus-example	tatoeba:10086141	汤姆认为玛丽可能有进食障碍。	湯姆認為瑪麗可能有進食障礙。		lexical-context
2883	1	尴	2883_1	尷	false	尴尬	尷尬	corpus-example	tatoeba:11319300	这么尴尬的事情真亏你想的出来。	這麼尷尬的事情真虧你想的出來。		lexical-context
2886	1	雾	2886_1	霧	false	云雾	雲霧	authored-example	project-authored	山顶终年笼罩在云雾之中。	山頂終年籠罩在雲霧之中。		lexical-context
2888	1	辐	2888_1	輻	false	辐射	輻射	authored-example	project-authored	医生建议减少不必要的辐射暴露。	醫生建議減少不必要的輻射暴露。		lexical-context
2889	1	辑	2889_1	輯	false	编辑	編輯	corpus-example	tatoeba:9970747	我们应该对人使用基因编辑吗？	我們應該對人使用基因編輯嗎？		lexical-context
2890	1	输	2890_1	輸	false	运输	運輸	corpus-example	tatoeba:765374	以前很多货物是通过船运输的。	以前很多貨物是透過船運輸的。		lexical-context
2892	1	频	2892_1	頻	false	频率	頻率	corpus-example	tatoeba:13559104	气候变化可能增加飓风的强度和发生频率。	氣候變化可能增加颶風的強度和發生頻率。		lexical-context
2893	1	龄	2893_1	齡	false	年龄	年齡	corpus-example	tatoeba:336589	你年龄足够大了，该了解更多。	你年齡足夠大了，該瞭解更多。		lexical-context
2894	1	鉴	2894_1	鑒	false	鉴于	鑒於	corpus-example	tatoeba:13880776	鉴于这片区域的危险，出于安全考虑，他建议我们一起走。	鑒於這片區域的危險，出於安全考慮，他建議我們一起走。		lexical-context
2914	1	跷	2914_1	蹺	false	蹊跷	蹊蹺	authored-example	project-authored	这件事越想越觉得蹊跷。	這件事越想越覺得蹊蹺。		lexical-context
2923	1	蜗	2923_1	蝸	false	蜗牛	蝸牛	corpus-example	tatoeba:1593707	蜗牛一直在吃我们的莴苣。	蝸牛一直在吃我們的萵苣。		lexical-context
2936	1	错	2936_1	錯	false	错误	錯誤	corpus-example	tatoeba:502845	所有意见是真相和错误的综合。	所有意見是真相和錯誤的綜合。		lexical-context
2937	1	锚	2937_1	錨	false	抛锚	拋錨	corpus-example	tatoeba:13837435	总重量过大，导致卡车抛锚。	總重量過大，導致卡車拋錨。		lexical-context
2938	1	锡	2938_1	錫	false	无锡	無錫	authored-example	project-authored	无锡位于江苏省南部。	無錫位於江蘇省南部。		lexical-context
2939	1	锣	2939_1	鑼	false	锣鼓	鑼鼓	authored-example	project-authored	节日的锣鼓声响彻全村。	節日的鑼鼓聲響徹全村。		lexical-context
2940	1	锤	2940_1	錘	false	铁锤	鐵錘	authored-example	project-authored	工人举起铁锤敲打钢板。	工人舉起鐵錘敲打鋼板。		lexical-context
2941	1	锥	2941_1	錐	false	圆锥形	圓錐形	authored-example	project-authored	这座屋顶呈圆锥形。	這座屋頂呈圓錐形。		lexical-context
2942	1	锦	2942_1	錦	false	锦标赛	錦標賽	authored-example	project-authored	她在锦标赛中获得冠军。	她在錦標賽中獲得冠軍。		lexical-context
2943	1	键	2943_1	鍵	false	关键	關鍵	corpus-example	tatoeba:347586	关键不在穿什么，而是怎么穿。	關鍵不在穿什麼，而是怎麼穿。		lexical-context
2944	1	锯	2944_1	鋸	false	锯齿	鋸齒	authored-example	project-authored	刀背上排列着细密的锯齿。	刀背上排列著細密的鋸齒。		lexical-context
2945	1	锰	2945_1	錳	false	锰矿	錳礦	authored-example	project-authored	这里发现了一处大型锰矿。	這裡發現了一處大型錳礦。		lexical-context
2947	1	辞	2947_1	辭	false	辞职	辭職	corpus-example	tatoeba:461610	我一点也没有要辞职的意思。	我一點也沒有要辭職的意思。		lexical-context
2950	1	颓	2950_1	頽	false	颓然	頽然	authored-example	project-authored	比赛失利后，他颓然坐在地上。	比賽失利後，他頽然坐在地上。		lexical-context
2952	1	筹	2952_1	籌	false	筹备	籌備	corpus-example	tatoeba:13561217	汤姆正在为玛莉筹备生日派对。	湯姆正在為瑪莉籌備生日派對。		lexical-context
2953	1	签	2953_1	簽	false	签订	簽訂	corpus-example	tatoeba:13857147	我国与多个邻国签订了自由贸易协定。	我國與多個鄰國簽訂了自由貿易協定。		lexical-context
2953	1	签	2953_2	籤	false	标签	標籤	corpus-example	tatoeba:455323	箱子的内容在标签上面写着。	箱子的內容在標籤上面寫著。		lexical-context
2954	1	简	2954_1	簡	false	简单	簡單	corpus-example	tatoeba:1409456	变美丽的最简单方法就是微笑。	變美麗的最簡單方法就是微笑。		lexical-context
2968	1	腻	2968_1	膩	false	细腻	細膩	corpus-example	tatoeba:13516617	调整显色，则可以让画作氛围表现得更细腻。	調整顯色，則可以讓畫作氛圍表現得更細膩。		lexical-context
2974	1	鹏	2974_1	鵬	false	李鹏	李鵬	authored-example	project-authored	李鹏曾任中华人民共和国国务院总理。	李鵬曾任中華人民共和國國務院總理。		lexical-context
2975	1	腾	2975_1	騰	false	折腾	折騰	authored-example	project-authored	别再折腾那台已经坏掉的机器了。	別再折騰那臺已經壞掉的機器了。		lexical-context
2977	1	鲍	2977_1	鮑	false	鲍罗廷	鮑羅廷	authored-example	project-authored	鲍罗廷曾在中国从事政治活动。	鮑羅廷曾在中國從事政治活動。		lexical-context
2979	1	颖	2979_1	穎	false	新颖	新穎	corpus-example	tatoeba:13512210	真是新颖的意见啊。	真是新穎的意見啊。		lexical-context
2980	1	触	2980_1	觸	false	接触	接觸	corpus-example	tatoeba:8834568	日本有必要和西方各国接触。	日本有必要和西方各國接觸。		lexical-context
2983	1	雏	2983_1	雛	false	雏形	雛形	authored-example	project-authored	新制度已经具备了初步雏形。	新制度已經具備了初步雛形。		lexical-context
2984	1	馍	2984_1	饃	false	泡馍	泡饃	authored-example	project-authored	这家店的羊肉泡馍很有名。	這家店的羊肉泡饃很有名。		lexical-context
2985	1	馏	2985_1	餾	false	蒸馏	蒸餾	authored-example	project-authored	实验室用蒸馏方法净化液体。	實驗室用蒸餾方法淨化液體。		lexical-context
2986	1	酱	2986_1	醬	false	辣椒酱	辣椒醬	authored-example	project-authored	面条里加了一勺辣椒酱。	麵條里加了一勺辣椒醬。		lexical-context
2997	1	誊	2997_1	謄	false	誊写	謄寫	authored-example	project-authored	学生把老师的批注誊写到本子上。	學生把老師的批註謄寫到本子上。		lexical-context
2998	1	粮	2998_1	糧	false	粮食	糧食	corpus-example	tatoeba:9839016	粮食安全是国家安全的重要基础。	糧食安全是國家安全的重要基礎。		lexical-context
2999	1	数	2999_1	數	false	人数	人數	corpus-example	tatoeba:333261	遭受心脏病困扰的人数增加了。	遭受心臟病困擾的人數增加了。		lexical-context
3005	1	满	3005_1	滿	false	满足	滿足	corpus-example	tatoeba:786018	尽管他很富有，他还是不满足。	儘管他很富有，他還是不滿足。		lexical-context
3009	1	滤	3009_1	濾	false	过滤	過濾	corpus-example	tatoeba:4262161	我从不过滤咖啡。	我從不過濾咖啡。		lexical-context
3010	1	滥	3010_1	濫	false	滥用	濫用	corpus-example	tatoeba:2033413	他因滥用公共基金而被捕。	他因濫用公共基金而被捕。		lexical-context
3014	1	漓	3014_0	漓	true	淋漓	淋漓	authored-example	project-authored	这篇文章写得酣畅淋漓。	這篇文章寫得酣暢淋漓。		lexical-context
3014	1	漓	3014_1	灕	false	漓江	灕江	authored-example	project-authored	游客乘船欣赏漓江风光。	遊客乘船欣賞灕江風光。		lexical-context
3018	1	滨	3018_1	濱	false	哈尔滨	哈爾濱	corpus-example	tatoeba:13920750	每年一月，哈尔滨都会举办冰雪节。	每年一月，哈爾濱都會舉辦冰雪節。		lexical-context
3022	1	滩	3022_1	灘	false	沙滩	沙灘	corpus-example	tatoeba:13887447	在我出差时你可以去享受沙滩。	在我出差時你可以去享受沙灘。		lexical-context
3024	1	誉	3024_1	譽	false	荣誉	榮譽	corpus-example	tatoeba:343960	他把这个奖视为最高荣誉。	他把這個獎視為最高榮譽。		lexical-context
3027	1	窥	3027_1	窺	false	窥探	窺探	authored-example	project-authored	记者试图窥探明星的私人生活。	記者試圖窺探明星的私人生活。		lexical-context
3029	1	寝	3029_1	寢	false	寝室	寢室	authored-example	project-authored	学生们按时回到寝室。	學生們按時回到寢室。		lexical-context
3030	1	谨	3030_1	謹	false	谨慎	謹慎	corpus-example	tatoeba:1636241	按照我的指示小心谨慎地前进。	按照我的指示小心謹慎地前進。		lexical-context
3034	1	谬	3034_1	謬	false	荒谬	荒謬	corpus-example	tatoeba:349714	这种荒谬的迷信已不复存在了。	這種荒謬的迷信已不復存在了。		lexical-context
3037	1	辟	3037_0	辟	true	复辟	復辟	authored-example	project-authored	旧王朝企图复辟，但最终失败。	舊王朝企圖復辟，但最終失敗。		lexical-context
3037	1	辟	3037_1	闢	false	开辟	開闢	corpus-example	tatoeba:13206628	开辟新天地。	開闢新天地。		lexical-context
3044	1	缚	3044_1	縛	false	束缚	束縛	corpus-example	tatoeba:5948457	我想她想要的是束缚与支配。	我想她想要的是束縛與支配。		lexical-context
3045	1	缝	3045_1	縫	false	缝隙	縫隙	authored-natural-example	manual	阳光从窗帘的缝隙照进来。	陽光從窗簾的縫隙照進來。		lexical-context
3046	1	缠	3046_1	纏	false	纠缠	糾纏	corpus-example	tatoeba:5574683	为什么我们纠缠细枝末节而不进入正题呢？	為什麼我們糾纏細枝末節而不進入正題呢？		lexical-context
3047	1	缤	3047_1	繽	false	五彩缤纷	五彩繽紛	authored-example	project-authored	花园里开满了五彩缤纷的鲜花。	花園裡開滿了五彩繽紛的鮮花。		lexical-context
3052	1	赘	3052_1	贅	false	累赘	累贅	corpus-example	tatoeba:4757235	我知道自己是个累赘，你没必要反复提。	我知道自己是個累贅，你沒必要反覆提。		lexical-context
3054	1	墙	3054_1	墻	false	城墙	城墻	authored-example	project-authored	古老的城墙环绕着城区。	古老的城墻環繞著城區。		lexical-context
3070	1	蔑	3070_0	蔑	true	轻蔑	輕蔑	corpus-example	tatoeba:2393877	虽然说是穷人，但也不可轻蔑对方。	雖然說是窮人，但也不可輕蔑對方。		lexical-context
3070	1	蔑	3070_1	衊	false	诬蔑	誣衊	authored-example	project-authored	他公开否认了那些诬蔑之词。	他公開否認了那些誣衊之詞。		lexical-context
3074	1	蔼	3074_1	藹	false	和蔼	和藹	corpus-example	tatoeba:8889570	汤姆和玛丽都很和蔼，对吗？	湯姆和瑪麗都很和藹，對嗎？		lexical-context
3079	1	槛	3079_1	檻	false	门槛	門檻	corpus-example	tatoeba:6488759	参赛门槛非常高。	參賽門檻非常高。		lexical-context
3088	1	酿	3088_1	釀	false	酿成	釀成	authored-example	project-authored	一次疏忽酿成了严重事故。	一次疏忽釀成了嚴重事故。		lexical-context
3094	1	愿	3094_1	願	false	愿意	願意	corpus-example	tatoeba:330584	人人都愿意相信美梦可以成真。	人人都願意相信美夢可以成真。		lexical-context
3096	1	辖	3096_1	轄	false	直辖市	直轄市	authored-example	project-authored	北京是中国的直辖市之一。	北京是中國的直轄市之一。		lexical-context
3097	1	辗	3097_1	輾	false	辗转	輾轉	corpus-example	tatoeba:10041953	我辗转反侧，反复思考着白天发生的事，后悔不已。	我輾轉反側，反覆思考著白天發生的事，後悔不已。		lexical-context
3100	1	颗	3100_1	顆	false	颗粒	顆粒	authored-example	project-authored	药物被制成细小颗粒。	藥物被製成細小顆粒。		lexical-context
3104	1	踊	3104_1	踴	false	踊跃	踴躍	authored-natural-example	manual	同学们踊跃报名参加比赛。	同學們踴躍報名參加比賽。		lexical-context
3106	1	蜡	3106_1	蠟	false	蜡烛	蠟燭	corpus-example	tatoeba:5581762	汤姆吹灭了蛋糕上的所有蜡烛。	湯姆吹滅了蛋糕上的所有蠟燭。		lexical-context
3107	1	蝇	3107_1	蠅	false	苍蝇	蒼蠅	corpus-example	tatoeba:889319	苍蝇和蚊子干扰了他的冥想。	蒼蠅和蚊子干擾了他的冥想。		lexical-context
3109	1	蝉	3109_1	蟬	false	蝉联	蟬聯	authored-example	project-authored	她连续三年蝉联冠军。	她連續三年蟬聯冠軍。		lexical-context
3112	1	赚	3112_1	賺	false	赚钱	賺錢	corpus-example	tatoeba:3682924	经纪人觉得赚钱是无止境的。	經紀人覺得賺錢是無止境的。		lexical-context
3113	1	锹	3113_1	鍬	false	铁锹	鐵鍬	authored-example	project-authored	工人用铁锹铲走积雪。	工人用鐵鍬鏟走積雪。		lexical-context
3114	1	锻	3114_1	鍛	false	锻炼	鍛鍊	corpus-example	tatoeba:420114	我已经好久没有去锻炼了。	我已經好久沒有去鍛鍊了。		lexical-context
3115	1	镀	3115_1	鍍	false	镀金	鍍金	corpus-example	tatoeba:13543299	当我们其他人辛苦工作时，强盗贵族却用镀金餐具吃饭。	當我們其他人辛苦工作時，強盜貴族卻用鍍金餐具吃飯。		lexical-context
3118	1	稳	3118_1	穩	false	稳定	穩定	corpus-example	tatoeba:5418242	人们的感情生活越来越不稳定。	人們的感情生活越來越不穩定。		lexical-context
3122	1	箩	3122_1	籮	false	箩筐	籮筐	authored-example	project-authored	老人背着箩筐走进山里。	老人揹著籮筐走進山裡。		lexical-context
3124	1	箫	3124_1	簫	false	吹箫	吹簫	corpus-example	tatoeba:1609911	我想让我女朋友给我吹箫但是她不愿意。	我想讓我女朋友給我吹簫但是她不願意。		lexical-context
3125	1	舆	3125_1	輿	false	舆论	輿論	corpus-example	tatoeba:454802	计划受到舆论的压力而被取消了。	計劃受到輿論的壓力而被取消了。		lexical-context
3135	1	鲜	3135_1	鮮	false	朝鲜	朝鮮	corpus-example	tatoeba:6299635	熊女是朝鲜神话中的一个重要角色。	熊女是朝鮮神話中的一個重要角色。		lexical-context
3138	1	馒	3138_1	饅	false	馒头	饅頭	corpus-example	tatoeba:13844502	馒头是北方人常吃的主食。	饅頭是北方人常吃的主食。		lexical-context
3160	1	潇	3160_1	瀟	false	潇湘	瀟湘	authored-example	project-authored	潇湘常被用来指湖南地区。	瀟湘常被用來指湖南地區。		lexical-context
3172	1	赛	3172_1	賽	false	比赛	比賽	corpus-example	tatoeba:1923687	就算下雨，比赛也将照常进行。	就算下雨，比賽也將照常進行。		lexical-context
3177	1	谭	3177_1	譚	false	谭嗣同	譚嗣同	authored-example	project-authored	谭嗣同是戊戌变法的重要人物。	譚嗣同是戊戌變法的重要人物。		lexical-context
3181	1	谱	3181_1	譜	false	光谱	光譜	corpus-example	tatoeba:13511187	在这堂课上，老师介绍了性别光谱，鼓励学生尊重多元性别认同。	在這堂課上，老師介紹了性別光譜，鼓勵學生尊重多元性別認同。		lexical-context
3187	1	骡	3187_1	騾	false	骡子	騾子	corpus-example	tatoeba:8916882	老人在骡子的背上放上了一个个装满了沙的袋子。	老人在騾子的背上放上了一個個裝滿了沙的袋子。		lexical-context
3188	1	缩	3188_1	縮	false	缩小	縮小	corpus-example	tatoeba:6140948	亚马逊雨林的面积逐年缩小。	亞馬遜雨林的面積逐年縮小。		lexical-context
3190	1	撵	3190_1	攆	false	撵走	攆走	authored-example	project-authored	店主把闹事的人撵走了。	店主把鬧事的人攆走了。		lexical-context
3206	1	聪	3206_1	聰	false	聪明	聰明	corpus-example	tatoeba:347097	他和班上的任何学生一样聪明。	他和班上的任何學生一樣聰明。		lexical-context
3212	1	蕴	3212_1	藴	false	蕴藏	藴藏	authored-example	project-authored	这片山区蕴藏着丰富的矿产。	這片山區藴藏著豐富的礦產。		lexical-context
3215	1	樱	3215_1	櫻	false	樱桃	櫻桃	corpus-example	tatoeba:13541286	小军，来尝尝李阿姨新摘的樱桃。	小軍，來嚐嚐李阿姨新摘的櫻桃。		lexical-context
3221	1	飘	3221_1	飄	false	飘荡	飄盪	authored-example	project-authored	歌声在夜空中轻轻飘荡。	歌聲在夜空中輕輕飄盪。		lexical-context
3231	1	霉	3231_1	黴	false	青霉素	青黴素	authored-example	project-authored	医生给病人注射了青霉素。	醫生給病人注射了青黴素。		lexical-context
3232	1	瞒	3232_1	瞞	false	隐瞒	隱瞞	corpus-example	tatoeba:2090262	真相就是，你们一再隐瞒了真相。	真相就是，你們一再隱瞞了真相。		lexical-context
3233	1	题	3233_1	題	false	问题	問題	corpus-example	tatoeba:332526	如何克服日元升高是个大问题。	如何克服日元升高是個大問題。		lexical-context
3253	1	嘱	3253_1	囑	false	嘱咐	囑咐	authored-example	project-authored	母亲嘱咐孩子路上小心。	母親囑咐孩子路上小心。		lexical-context
3256	1	镇	3256_1	鎮	false	镇压	鎮壓	corpus-example	tatoeba:13562299	把镇压身障人权的首尔市长拖出来！	把鎮壓身障人權的首爾市長拖出來！		lexical-context
3257	1	镐	3257_1	鎬	false	李昌镐	李昌鎬	authored-example	project-authored	李昌镐是韩国著名围棋棋手。	李昌鎬是韓國著名圍棋棋手。		lexical-context
3258	1	镑	3258_1	鎊	false	英镑	英鎊	corpus-example	tatoeba:926578	我在这匹马上押五英镑的赌注。	我在這匹馬上押五英鎊的賭注。		lexical-context
3266	1	篓	3266_1	簍	false	篓子	簍子	authored-example	project-authored	他这次可捅了大篓子。	他這次可捅了大簍子。		lexical-context
3276	1	鲤	3276_1	鯉	false	鲤鱼	鯉魚	corpus-example	tatoeba:462140	鲤鱼和鳟鱼等鱼类生活在淡水中。	鯉魚和鱒魚等魚類生活在淡水中。		lexical-context
3277	1	鲫	3277_1	鯽	false	鲫鱼	鯽魚	authored-example	project-authored	池塘里养着许多鲫鱼。	池塘裡養著許多鯽魚。		lexical-context
3281	1	瘪	3281_1	癟	false	干瘪	乾癟	authored-example	project-authored	久旱使田里的庄稼变得干瘪。	久旱使田裡的莊稼變得乾癟。		lexical-context
3283	1	瘫	3283_1	癱	false	瘫痪	癱瘓	corpus-example	tatoeba:6075201	病毒让我的电脑瘫痪了。	病毒讓我的電腦癱瘓了。		lexical-context
3285	1	颜	3285_1	顔	false	颜色	顔色	corpus-example	tatoeba:344418	你可以选择任何你喜欢的颜色。	你可以選擇任何你喜歡的顔色。		lexical-context
3294	1	鲨	3294_1	鯊	false	鲨鱼	鯊魚	corpus-example	tatoeba:765689	鲨鱼对电子信号和噪音很敏感。	鯊魚對電子訊號和噪音很敏感。		lexical-context
3298	1	澜	3298_1	瀾	false	澜沧江	瀾滄江	authored-example	project-authored	澜沧江流经中国和东南亚。	瀾滄江流經中國和東南亞。		lexical-context
3304	1	额	3304_1	額	false	总额	總額	authored-example	project-authored	本次交易的总额超过亿元。	本次交易的總額超過億元。		lexical-context
3307	1	谴	3307_1	譴	false	谴责	譴責	corpus-example	tatoeba:812281	议员受到了议会道德委员会的谴责。	議員受到了議會道德委員會的譴責。		lexical-context
3308	1	鹤	3308_1	鶴	false	黄鹤楼	黃鶴樓	authored-example	project-authored	黄鹤楼位于武汉长江边。	黃鶴樓位於武漢長江邊。		lexical-context
3314	1	缭	3314_1	繚	false	缭绕	繚繞	authored-example	project-authored	山间云雾缭绕，宛如仙境。	山間雲霧繚繞，宛如仙境。		lexical-context
3327	1	颠	3327_1	顛	false	颠倒	顛倒	corpus-example	tatoeba:1516218	她被他迷得神魂颠倒。	她被他迷得神魂顛倒。		lexical-context
3339	1	辙	3339_1	轍	false	车辙	車轍	authored-example	project-authored	雨后泥路上留下深深的车辙。	雨後泥路上留下深深的車轍。		lexical-context
3350	1	鹦	3350_1	鸚	false	鹦鹉	鸚鵡	corpus-example	tatoeba:435238	鹦鹉懂得模仿人类说话。	鸚鵡懂得模仿人類說話。		lexical-context
3351	1	赠	3351_1	贈	false	赠送	贈送	corpus-example	tatoeba:1788010	如果你买了一磅茶的话，这个卖家会免费赠送你一磅糖。	如果你買了一磅茶的話，這個賣家會免費贈送你一磅糖。		lexical-context
3354	1	镜	3354_1	鏡	false	墨镜	墨鏡	corpus-example	tatoeba:9400770	莫纳迪偷了巴亚的墨镜。	莫納迪偷了巴亞的墨鏡。		lexical-context
3355	1	赞	3355_1	贊	false	赞成	贊成	corpus-example	tatoeba:1438513	很抱歉那个问题我不赞成你。	很抱歉那個問題我不贊成你。		lexical-context
3357	1	篮	3357_1	籃	false	篮球	籃球	corpus-example	tatoeba:5780548	汤姆和朋友们打了整个下午篮球。	湯姆和朋友們打了整個下午籃球。		lexical-context
3360	1	篱	3360_0	篱	true	笊篱	笊篱	authored-example	project-authored	奶奶用笊篱捞起锅里的饺子。	奶奶用笊篱撈起鍋裡的餃子。		lexical-context
3360	1	篱	3360_1	籬	false	篱笆	籬笆	corpus-example	tatoeba:5845595	我父亲在花园边上装了篱笆。	我父親在花園邊上裝了籬笆。		lexical-context
3366	1	鲸	3366_1	鯨	false	捕鲸	捕鯨	authored-example	project-authored	国际社会呼吁停止商业捕鲸。	國際社會呼籲停止商業捕鯨。		lexical-context
3368	1	瘾	3368_1	癮	false	过瘾	過癮	authored-example	project-authored	这场比赛看得真过瘾。	這場比賽看得真過癮。		lexical-context
3372	1	辩	3372_1	辯	false	辩论	辯論	corpus-example	tatoeba:9970749	汤姆和玛丽无时无刻不在辩论。	湯姆和瑪麗無時無刻不在辯論。		lexical-context
3377	1	濒	3377_1	瀕	false	濒临	瀕臨	corpus-example	tatoeba:797541	这是一个濒临灭绝的物种。	這是一個瀕臨滅絕的物種。		lexical-context
3380	1	懒	3380_1	懶	false	懒得	懶得	corpus-example	tatoeba:13826017	退货手续很繁琐，我懒得去办。	退貨手續很繁瑣，我懶得去辦。		lexical-context
3386	1	缰	3386_1	繮	false	信马游缰	信馬游繮	authored-example	project-authored	他骑着马信马游缰地走在草原上。	他騎著馬信馬游繮地走在草原上。		lexical-context
3387	1	缴	3387_1	繳	false	缴纳	繳納	authored-example	project-authored	企业必须按时缴纳税款。	企業必須按時繳納稅款。		lexical-context
3405	1	瞩	3405_1	矚	false	瞩目	矚目	authored-example	project-authored	这项新技术受到全球瞩目。	這項新技術受到全球矚目。		lexical-context
3414	1	赡	3414_1	贍	false	赡养	贍養	corpus-example	tatoeba:8143518	等父母老了，我会赡养他们。	等父母老了，我會贍養他們。		lexical-context
3424	1	鳄	3424_1	鰐	false	鳄鱼	鰐魚	corpus-example	tatoeba:7781739	鳄鱼有尖利的牙齿。	鰐魚有尖利的牙齒。		lexical-context
3426	1	辫	3426_1	辮	false	辫子	辮子	corpus-example	tatoeba:13545610	汤姆有时会把胡子编成辫子。	湯姆有時會把鬍子編成辮子。		lexical-context
3427	1	赢	3427_1	贏	false	赢得	贏得	corpus-example	tatoeba:759039	他的英勇行为使他赢得了尊重。	他的英勇行為使他贏得了尊重。		lexical-context
3436	1	骤	3436_1	驟	false	步骤	步驟	authored-example	project-authored	请按照说明中的步骤操作。	請按照說明中的步驟操作。		lexical-context
3443	1	嚣	3443_1	囂	false	喧嚣	喧囂	authored-example	project-authored	我想暂时离开城市的喧嚣。	我想暫時離開城市的喧囂。		lexical-context
3444	1	镰	3444_1	鐮	false	镰刀	鐮刀	corpus-example	tatoeba:8930184	锤子与镰刀代表共产主义。	錘子與鐮刀代表共產主義。		lexical-context
3446	1	鳍	3446_1	鰭	false	白鳍豚	白鰭豚	authored-example	project-authored	白鳍豚曾生活在长江中下游。	白鰭豚曾生活在長江中下游。		lexical-context
3447	1	鹰	3447_1	鷹	false	猎鹰	獵鷹	authored-example	project-authored	猎鹰从高空俯冲下来捕捉猎物。	獵鷹從高空俯衝下來捕捉獵物。		lexical-context
3461	1	巅	3461_1	巔	false	巅峰	巔峰	corpus-example	tatoeba:13867630	即便身处如日中天的巅峰，她依然保持低调，从不以此自矜。	即便身處如日中天的巔峰，她依然保持低調，從不以此自矜。		lexical-context
3465	1	颤	3465_1	顫	false	颤抖	顫抖	corpus-example	tatoeba:791353	即使您的声音颤抖，也要说出事实。	即使您的聲音顫抖，也要說出事實。		lexical-context
3467	1	癣	3467_1	癬	false	牛皮癣	牛皮癬	authored-example	project-authored	牛皮癣是一种慢性皮肤病。	牛皮癬是一種慢性皮膚病。		lexical-context
3470	1	鳖	3470_1	鱉	false	瓮中之鳖	甕中之鱉	authored-example	project-authored	敌军已经成为瓮中之鳖。	敵軍已經成為甕中之鱉。		lexical-context
3473	1	鬓	3473_1	鬢	false	鬓发	鬢髮	authored-example	project-authored	老人的鬓发已经花白。	老人的鬢髮已經花白。		lexical-context
3483	1	鳞	3483_1	鱗	false	鳞片	鱗片	corpus-example	tatoeba:13577834	蛇属于爬行类，它们用腹部鳞片爬行。	蛇屬於爬行類，它們用腹部鱗片爬行。		lexical-context
3492	1	躏	3492_1	躪	false	蹂躏	蹂躪	authored-example	project-authored	战争无情地蹂躏了这片土地。	戰爭無情地蹂躪了這片土地。		lexical-context
3495	1	赣	3495_1	贛	false	赣州	贛州	authored-example	project-authored	赣州位于江西省南部。	贛州位於江西省南部。		lexical-context
3497	1	镶	3497_1	鑲	false	镶嵌	鑲嵌	corpus-example	tatoeba:1330046	埃菲尔铁塔镶嵌在巴黎的中心。	埃菲爾鐵塔鑲嵌在巴黎的中心。		lexical-context
