card_id	deck	kind	source_chapter	prompt_language	answer_language	prompt	accepted_answers	distractors	explanation	lexical_ids	grammar_ids	geographic_ids	provenance_path	provenance_locator	provenance_evidence	examples	tags
zh-traditional-radicals-frequency-ii/0201/character-to-radical	II	vocabulary	201	zh-Hant	zh-Hant	記	"[""言""]"	[]		"[""zh-Hant.frequency.0201"",""zh.radical.kangxi.149""]"	[]	[]	sources/characters.tsv	frequency rank 201; Ministry common-character number 3785	記: frequency rank 201; 1336 appearances (0.11068%); Unihan kRSUnicode 149.3; Kangxi radical 149 言; Unihan kRSUnicode single radical assignment.	[]	"[""chinese"",""traditional"",""radicals"",""frequency"",""character-to-radical"",""one-way"",""part-2""]"
zh-traditional-radicals-frequency-ii/0202/character-to-radical	II	vocabulary	202	zh-Hant	zh-Hant	謝	"[""言""]"	[]		"[""zh-Hant.frequency.0202"",""zh.radical.kangxi.149""]"	[]	[]	sources/characters.tsv	frequency rank 202; Ministry common-character number 3877	謝: frequency rank 202; 1330 appearances (0.11019%); Unihan kRSUnicode 149.10; Kangxi radical 149 言; Unihan kRSUnicode single radical assignment.	[]	"[""chinese"",""traditional"",""radicals"",""frequency"",""character-to-radical"",""one-way"",""part-2""]"
zh-traditional-radicals-frequency-ii/0203/character-to-radical	II	vocabulary	203	zh-Hant	zh-Hant	爸	"[""父""]"	[]		"[""zh-Hant.frequency.0203"",""zh.radical.kangxi.088""]"	[]	[]	sources/characters.tsv	frequency rank 203; Ministry common-character number 2472	爸: frequency rank 203; 1326 appearances (0.10986%); Unihan kRSUnicode 88.4; Kangxi radical 88 父; Unihan kRSUnicode single radical assignment.	[]	"[""chinese"",""traditional"",""radicals"",""frequency"",""character-to-radical"",""one-way"",""part-2""]"
zh-traditional-radicals-frequency-ii/0204/character-to-radical	II	vocabulary	204	zh-Hant	zh-Hant	民	"[""氏""]"	[]		"[""zh-Hant.frequency.0204"",""zh.radical.kangxi.083""]"	[]	[]	sources/characters.tsv	frequency rank 204; Ministry common-character number 2109	民: frequency rank 204; 1320 appearances (0.10936%); Unihan kRSUnicode 83.1; Kangxi radical 83 氏; Unihan kRSUnicode single radical assignment.	[]	"[""chinese"",""traditional"",""radicals"",""frequency"",""character-to-radical"",""one-way"",""part-2""]"
zh-traditional-radicals-frequency-ii/0205/character-to-radical	II	vocabulary	205	zh-Hant	zh-Hant	親	"[""見""]"	[]		"[""zh-Hant.frequency.0205"",""zh.radical.kangxi.147""]"	[]	[]	sources/characters.tsv	frequency rank 205; Ministry common-character number 3770	親: frequency rank 205; 1320 appearances (0.10936%); Unihan kRSUnicode 147.9; Kangxi radical 147 見; Unihan kRSUnicode single radical assignment.	[]	"[""chinese"",""traditional"",""radicals"",""frequency"",""character-to-radical"",""one-way"",""part-2""]"
zh-traditional-radicals-frequency-ii/0206/character-to-radical	II	vocabulary	206	zh-Hant	zh-Hant	聽	"[""耳""]"	[]		"[""zh-Hant.frequency.0206"",""zh.radical.kangxi.128""]"	[]	[]	sources/characters.tsv	frequency rank 206; Ministry common-character number 3282	聽: frequency rank 206; 1320 appearances (0.10936%); Unihan kRSUnicode 128.16; Kangxi radical 128 耳; Unihan kRSUnicode single radical assignment.	[]	"[""chinese"",""traditional"",""radicals"",""frequency"",""character-to-radical"",""one-way"",""part-2""]"
zh-traditional-radicals-frequency-ii/0207/character-to-radical	II	vocabulary	207	zh-Hant	zh-Hant	全	"[""入""]"	[]		"[""zh-Hant.frequency.0207"",""zh.radical.kangxi.011""]"	[]	[]	sources/characters.tsv	frequency rank 207; Ministry common-character number 283	全: frequency rank 207; 1318 appearances (0.10919%); Unihan kRSUnicode 11.4; Kangxi radical 11 入; Unihan kRSUnicode single radical assignment.	[]	"[""chinese"",""traditional"",""radicals"",""frequency"",""character-to-radical"",""one-way"",""part-2""]"
zh-traditional-radicals-frequency-ii/0208/character-to-radical	II	vocabulary	208	zh-Hant	zh-Hant	化	"[""匕""]"	[]		"[""zh-Hant.frequency.0208"",""zh.radical.kangxi.021""]"	[]	[]	sources/characters.tsv	frequency rank 208; Ministry common-character number 415	化: frequency rank 208; 1308 appearances (0.10836%); Unihan kRSUnicode 21.2; Kangxi radical 21 匕; Unihan kRSUnicode single radical assignment.	[]	"[""chinese"",""traditional"",""radicals"",""frequency"",""character-to-radical"",""one-way"",""part-2""]"
zh-traditional-radicals-frequency-ii/0209/character-to-radical	II	vocabulary	209	zh-Hant	zh-Hant	空	"[""穴""]"	[]		"[""zh-Hant.frequency.0209"",""zh.radical.kangxi.116""]"	[]	[]	sources/characters.tsv	frequency rank 209; Ministry common-character number 2955	空: frequency rank 209; 1308 appearances (0.10836%); Unihan kRSUnicode 116.3; Kangxi radical 116 穴; Unihan kRSUnicode single radical assignment.	[]	"[""chinese"",""traditional"",""radicals"",""frequency"",""character-to-radical"",""one-way"",""part-2""]"
zh-traditional-radicals-frequency-ii/0210/character-to-radical	II	vocabulary	210	zh-Hant	zh-Hant	向	"[""口""]"	[]		"[""zh-Hant.frequency.0210"",""zh.radical.kangxi.030""]"	[]	[]	sources/characters.tsv	frequency rank 210; Ministry common-character number 507	向: frequency rank 210; 1296 appearances (0.10737%); Unihan kRSUnicode 30.3; Kangxi radical 30 口; Unihan kRSUnicode single radical assignment.	[]	"[""chinese"",""traditional"",""radicals"",""frequency"",""character-to-radical"",""one-way"",""part-2""]"
zh-traditional-radicals-frequency-ii/0211/character-to-radical	II	vocabulary	211	zh-Hant	zh-Hant	其	"[""八""]"	[]		"[""zh-Hant.frequency.0211"",""zh.radical.kangxi.012""]"	[]	[]	sources/characters.tsv	frequency rank 211; Ministry common-character number 292	其: frequency rank 211; 1288 appearances (0.10671%); Unihan kRSUnicode 12.6; Kangxi radical 12 八; Unihan kRSUnicode single radical assignment.	[]	"[""chinese"",""traditional"",""radicals"",""frequency"",""character-to-radical"",""one-way"",""part-2""]"
zh-traditional-radicals-frequency-ii/0212/character-to-radical	II	vocabulary	212	zh-Hant	zh-Hant	嗎	"[""口""]"	[]		"[""zh-Hant.frequency.0212"",""zh.radical.kangxi.030""]"	[]	[]	sources/characters.tsv	frequency rank 212; Ministry common-character number 649	嗎: frequency rank 212; 1287 appearances (0.10663%); Unihan kRSUnicode 30.10; Kangxi radical 30 口; Unihan kRSUnicode single radical assignment.	[]	"[""chinese"",""traditional"",""radicals"",""frequency"",""character-to-radical"",""one-way"",""part-2""]"
zh-traditional-radicals-frequency-ii/0213/character-to-radical	II	vocabulary	213	zh-Hant	zh-Hant	實	"[""宀""]"	[]		"[""zh-Hant.frequency.0213"",""zh.radical.kangxi.040""]"	[]	[]	sources/characters.tsv	frequency rank 213; Ministry common-character number 1046	實: frequency rank 213; 1287 appearances (0.10663%); Unihan kRSUnicode 40.11; Kangxi radical 40 宀; Unihan kRSUnicode single radical assignment.	[]	"[""chinese"",""traditional"",""radicals"",""frequency"",""character-to-radical"",""one-way"",""part-2""]"
zh-traditional-radicals-frequency-ii/0214/character-to-radical	II	vocabulary	214	zh-Hant	zh-Hant	每	"[""毋""]"	[]		"[""zh-Hant.frequency.0214"",""zh.radical.kangxi.080""]"	[]	[]	sources/characters.tsv	frequency rank 214; Ministry common-character number 2099	每: frequency rank 214; 1281 appearances (0.10613%); Unihan kRSUnicode 80.3; Kangxi radical 80 毋; Unihan kRSUnicode single radical assignment.	[]	"[""chinese"",""traditional"",""radicals"",""frequency"",""character-to-radical"",""one-way"",""part-2""]"
zh-traditional-radicals-frequency-ii/0215/character-to-radical	II	vocabulary	215	zh-Hant	zh-Hant	風	"[""風""]"	[]		"[""zh-Hant.frequency.0215"",""zh.radical.kangxi.182""]"	[]	[]	sources/characters.tsv	frequency rank 215; Ministry common-character number 4572	風: frequency rank 215; 1261 appearances (0.10447%); Unihan kRSUnicode 182.0; Kangxi radical 182 風; Unihan kRSUnicode single radical assignment.	[]	"[""chinese"",""traditional"",""radicals"",""frequency"",""character-to-radical"",""one-way"",""part-2""]"
zh-traditional-radicals-frequency-ii/0216/character-to-radical	II	vocabulary	216	zh-Hant	zh-Hant	望	"[""月""]"	[]		"[""zh-Hant.frequency.0216"",""zh.radical.kangxi.074""]"	[]	[]	sources/characters.tsv	frequency rank 216; Ministry common-character number 1848	望: frequency rank 216; 1260 appearances (0.10439%); Unihan kRSUnicode 74.7; Kangxi radical 74 月; Unihan kRSUnicode single radical assignment.	[]	"[""chinese"",""traditional"",""radicals"",""frequency"",""character-to-radical"",""one-way"",""part-2""]"
zh-traditional-radicals-frequency-ii/0217/character-to-radical	II	vocabulary	217	zh-Hant	zh-Hant	別	"[""刀""]"	[]		"[""zh-Hant.frequency.0217"",""zh.radical.kangxi.018""]"	[]	[]	sources/characters.tsv	frequency rank 217; Ministry common-character number 339	別: frequency rank 217; 1253 appearances (0.10381%); Unihan kRSUnicode 18.5; Kangxi radical 18 刀; Unihan kRSUnicode single radical assignment.	[]	"[""chinese"",""traditional"",""radicals"",""frequency"",""character-to-radical"",""one-way"",""part-2""]"
zh-traditional-radicals-frequency-ii/0218/character-to-radical	II	vocabulary	218	zh-Hant	zh-Hant	原	"[""厂""]"	[]		"[""zh-Hant.frequency.0218"",""zh.radical.kangxi.027""]"	[]	[]	sources/characters.tsv	frequency rank 218; Ministry common-character number 461	原: frequency rank 218; 1241 appearances (0.10281%); Unihan kRSUnicode 27.8; Kangxi radical 27 厂; Unihan kRSUnicode single radical assignment.	[]	"[""chinese"",""traditional"",""radicals"",""frequency"",""character-to-radical"",""one-way"",""part-2""]"
zh-traditional-radicals-frequency-ii/0219/character-to-radical	II	vocabulary	219	zh-Hant	zh-Hant	畫	"[""田""]"	[]		"[""zh-Hant.frequency.0219"",""zh.radical.kangxi.102""]"	[]	[]	sources/characters.tsv	frequency rank 219; Ministry common-character number 2650	畫: frequency rank 219; 1236 appearances (0.10240%); Unihan kRSUnicode 102.7; Kangxi radical 102 田; Unihan kRSUnicode single radical assignment.	[]	"[""chinese"",""traditional"",""radicals"",""frequency"",""character-to-radical"",""one-way"",""part-2""]"
zh-traditional-radicals-frequency-ii/0220/character-to-radical	II	vocabulary	220	zh-Hant	zh-Hant	星	"[""日""]"	[]		"[""zh-Hant.frequency.0220"",""zh.radical.kangxi.072""]"	[]	[]	sources/characters.tsv	frequency rank 220; Ministry common-character number 1792	星: frequency rank 220; 1232 appearances (0.10207%); Unihan kRSUnicode 72.5; Kangxi radical 72 日; Unihan kRSUnicode single radical assignment.	[]	"[""chinese"",""traditional"",""radicals"",""frequency"",""character-to-radical"",""one-way"",""part-2""]"
zh-traditional-radicals-frequency-ii/0221/character-to-radical	II	vocabulary	221	zh-Hant	zh-Hant	候	"[""人""]"	[]		"[""zh-Hant.frequency.0221"",""zh.radical.kangxi.009""]"	[]	[]	sources/characters.tsv	frequency rank 221; Ministry common-character number 191	候: frequency rank 221; 1221 appearances (0.10116%); Unihan kRSUnicode 9.8; Kangxi radical 9 人; Unihan kRSUnicode single radical assignment.	[]	"[""chinese"",""traditional"",""radicals"",""frequency"",""character-to-radical"",""one-way"",""part-2""]"
zh-traditional-radicals-frequency-ii/0222/character-to-radical	II	vocabulary	222	zh-Hant	zh-Hant	次	"[""欠""]"	[]		"[""zh-Hant.frequency.0222"",""zh.radical.kangxi.076""]"	[]	[]	sources/characters.tsv	frequency rank 222; Ministry common-character number 2053	次: frequency rank 222; 1216 appearances (0.10074%); Unihan kRSUnicode 76.2; Kangxi radical 76 欠; Unihan kRSUnicode single radical assignment.	[]	"[""chinese"",""traditional"",""radicals"",""frequency"",""character-to-radical"",""one-way"",""part-2""]"
zh-traditional-radicals-frequency-ii/0223/character-to-radical	II	vocabulary	223	zh-Hant	zh-Hant	口	"[""口""]"	[]		"[""zh-Hant.frequency.0223"",""zh.radical.kangxi.030""]"	[]	[]	sources/characters.tsv	frequency rank 223; Ministry common-character number 480	口: frequency rank 223; 1213 appearances (0.10049%); Unihan kRSUnicode 30.0; Kangxi radical 30 口; Unihan kRSUnicode single radical assignment.	[]	"[""chinese"",""traditional"",""radicals"",""frequency"",""character-to-radical"",""one-way"",""part-2""]"
zh-traditional-radicals-frequency-ii/0224/character-to-radical	II	vocabulary	224	zh-Hant	zh-Hant	先	"[""儿""]"	[]		"[""zh-Hant.frequency.0224"",""zh.radical.kangxi.010""]"	[]	[]	sources/characters.tsv	frequency rank 224; Ministry common-character number 271	先: frequency rank 224; 1211 appearances (0.10033%); Unihan kRSUnicode 10.4; Kangxi radical 10 儿; Unihan kRSUnicode single radical assignment.	[]	"[""chinese"",""traditional"",""radicals"",""frequency"",""character-to-radical"",""one-way"",""part-2""]"
zh-traditional-radicals-frequency-ii/0225/character-to-radical	II	vocabulary	225	zh-Hant	zh-Hant	答	"[""竹""]"	[]		"[""zh-Hant.frequency.0225"",""zh.radical.kangxi.118""]"	[]	[]	sources/characters.tsv	frequency rank 225; Ministry common-character number 3002	答: frequency rank 225; 1204 appearances (0.09975%); Unihan kRSUnicode 118.6; Kangxi radical 118 竹; Unihan kRSUnicode single radical assignment.	[]	"[""chinese"",""traditional"",""radicals"",""frequency"",""character-to-radical"",""one-way"",""part-2""]"
zh-traditional-radicals-frequency-ii/0226/character-to-radical	II	vocabulary	226	zh-Hant	zh-Hant	度	"[""广""]"	[]		"[""zh-Hant.frequency.0226"",""zh.radical.kangxi.053""]"	[]	[]	sources/characters.tsv	frequency rank 226; Ministry common-character number 1210	度: frequency rank 226; 1202 appearances (0.09958%); Unihan kRSUnicode 53.6; Kangxi radical 53 广; Unihan kRSUnicode single radical assignment.	[]	"[""chinese"",""traditional"",""radicals"",""frequency"",""character-to-radical"",""one-way"",""part-2""]"
zh-traditional-radicals-frequency-ii/0227/character-to-radical	II	vocabulary	227	zh-Hant	zh-Hant	哪	"[""口""]"	[]		"[""zh-Hant.frequency.0227"",""zh.radical.kangxi.030""]"	[]	[]	sources/characters.tsv	frequency rank 227; Ministry common-character number 597	哪: frequency rank 227; 1201 appearances (0.09950%); Unihan kRSUnicode 30.7; Kangxi radical 30 口; Unihan kRSUnicode single radical assignment.	[]	"[""chinese"",""traditional"",""radicals"",""frequency"",""character-to-radical"",""one-way"",""part-2""]"
zh-traditional-radicals-frequency-ii/0228/character-to-radical	II	vocabulary	228	zh-Hant	zh-Hant	東	"[""木""]"	[]		"[""zh-Hant.frequency.0228"",""zh.radical.kangxi.075""]"	[]	[]	sources/characters.tsv	frequency rank 228; Ministry common-character number 1875	東: frequency rank 228; 1200 appearances (0.09942%); Unihan kRSUnicode 75.4; Kangxi radical 75 木; Unihan kRSUnicode single radical assignment.	[]	"[""chinese"",""traditional"",""radicals"",""frequency"",""character-to-radical"",""one-way"",""part-2""]"
zh-traditional-radicals-frequency-ii/0229/character-to-radical	II	vocabulary	229	zh-Hant	zh-Hant	平	"[""干""]"	[]		"[""zh-Hant.frequency.0229"",""zh.radical.kangxi.051""]"	[]	[]	sources/characters.tsv	frequency rank 229; Ministry common-character number 1192	平: frequency rank 229; 1197 appearances (0.09917%); Unihan kRSUnicode 51.2; Kangxi radical 51 干; Unihan kRSUnicode single radical assignment.	[]	"[""chinese"",""traditional"",""radicals"",""frequency"",""character-to-radical"",""one-way"",""part-2""]"
zh-traditional-radicals-frequency-ii/0230/character-to-radical	II	vocabulary	230	zh-Hant	zh-Hant	它	"[""宀""]"	[]		"[""zh-Hant.frequency.0230"",""zh.radical.kangxi.040""]"	[]	[]	sources/characters.tsv	frequency rank 230; Ministry common-character number 1005	它: frequency rank 230; 1194 appearances (0.09892%); Unihan kRSUnicode 40.2; Kangxi radical 40 宀; Unihan kRSUnicode single radical assignment.	[]	"[""chinese"",""traditional"",""radicals"",""frequency"",""character-to-radical"",""one-way"",""part-2""]"
zh-traditional-radicals-frequency-ii/0231/character-to-radical	II	vocabulary	231	zh-Hant	zh-Hant	無	"[""火""]"	[]		"[""zh-Hant.frequency.0231"",""zh.radical.kangxi.086""]"	[]	[]	sources/characters.tsv	frequency rank 231; Ministry common-character number 2416	無: frequency rank 231; 1191 appearances (0.09867%); Unihan kRSUnicode 86.8; Kangxi radical 86 火; Unihan kRSUnicode single radical assignment.	[]	"[""chinese"",""traditional"",""radicals"",""frequency"",""character-to-radical"",""one-way"",""part-2""]"
zh-traditional-radicals-frequency-ii/0232/character-to-radical	II	vocabulary	232	zh-Hant	zh-Hant	工	"[""工""]"	[]		"[""zh-Hant.frequency.0232"",""zh.radical.kangxi.048""]"	[]	[]	sources/characters.tsv	frequency rank 232; Ministry common-character number 1148	工: frequency rank 232; 1189 appearances (0.09851%); Unihan kRSUnicode 48.0; Kangxi radical 48 工; Unihan kRSUnicode single radical assignment.	[]	"[""chinese"",""traditional"",""radicals"",""frequency"",""character-to-radical"",""one-way"",""part-2""]"
zh-traditional-radicals-frequency-ii/0233/character-to-radical	II	vocabulary	233	zh-Hant	zh-Hant	石	"[""石""]"	[]		"[""zh-Hant.frequency.0233"",""zh.radical.kangxi.112""]"	[]	[]	sources/characters.tsv	frequency rank 233; Ministry common-character number 2823	石: frequency rank 233; 1188 appearances (0.09842%); Unihan kRSUnicode 112.0; Kangxi radical 112 石; Unihan kRSUnicode single radical assignment.	[]	"[""chinese"",""traditional"",""radicals"",""frequency"",""character-to-radical"",""one-way"",""part-2""]"
zh-traditional-radicals-frequency-ii/0234/character-to-radical	II	vocabulary	234	zh-Hant	zh-Hant	合	"[""口""]"	[]		"[""zh-Hant.frequency.0234"",""zh.radical.kangxi.030""]"	[]	[]	sources/characters.tsv	frequency rank 234; Ministry common-character number 509	合: frequency rank 234; 1181 appearances (0.09784%); Unihan kRSUnicode 30.3; Kangxi radical 30 口; Unihan kRSUnicode single radical assignment.	[]	"[""chinese"",""traditional"",""radicals"",""frequency"",""character-to-radical"",""one-way"",""part-2""]"
zh-traditional-radicals-frequency-ii/0235/character-to-radical	II	vocabulary	235	zh-Hant	zh-Hant	此	"[""止""]"	[]		"[""zh-Hant.frequency.0235"",""zh.radical.kangxi.077""]"	[]	[]	sources/characters.tsv	frequency rank 235; Ministry common-character number 2068	此: frequency rank 235; 1179 appearances (0.09768%); Unihan kRSUnicode 77.2; Kangxi radical 77 止; Unihan kRSUnicode single radical assignment.	[]	"[""chinese"",""traditional"",""radicals"",""frequency"",""character-to-radical"",""one-way"",""part-2""]"
zh-traditional-radicals-frequency-ii/0236/character-to-radical	II	vocabulary	236	zh-Hant	zh-Hant	及	"[""又""]"	[]		"[""zh-Hant.frequency.0236"",""zh.radical.kangxi.029""]"	[]	[]	sources/characters.tsv	frequency rank 236; Ministry common-character number 471	及: frequency rank 236; 1176 appearances (0.09743%); Unihan kRSUnicode 29.2; Kangxi radical 29 又; Unihan kRSUnicode single radical assignment.	[]	"[""chinese"",""traditional"",""radicals"",""frequency"",""character-to-radical"",""one-way"",""part-2""]"
zh-traditional-radicals-frequency-ii/0237/character-to-radical	II	vocabulary	237	zh-Hant	zh-Hant	元	"[""儿""]"	[]		"[""zh-Hant.frequency.0237"",""zh.radical.kangxi.010""]"	[]	[]	sources/characters.tsv	frequency rank 237; Ministry common-character number 264	元: frequency rank 237; 1167 appearances (0.09668%); Unihan kRSUnicode 10.2; Kangxi radical 10 儿; Unihan kRSUnicode single radical assignment.	[]	"[""chinese"",""traditional"",""radicals"",""frequency"",""character-to-radical"",""one-way"",""part-2""]"
zh-traditional-radicals-frequency-ii/0238/character-to-radical	II	vocabulary	238	zh-Hant	zh-Hant	已	"[""己""]"	[]		"[""zh-Hant.frequency.0238"",""zh.radical.kangxi.049""]"	[]	[]	sources/characters.tsv	frequency rank 238; Ministry common-character number 1155	已: frequency rank 238; 1164 appearances (0.09643%); Unihan kRSUnicode 49.0; Kangxi radical 49 己; Unihan kRSUnicode single radical assignment.	[]	"[""chinese"",""traditional"",""radicals"",""frequency"",""character-to-radical"",""one-way"",""part-2""]"
zh-traditional-radicals-frequency-ii/0239/character-to-radical	II	vocabulary	239	zh-Hant	zh-Hant	母	"[""毋""]"	[]		"[""zh-Hant.frequency.0239"",""zh.radical.kangxi.080""]"	[]	[]	sources/characters.tsv	frequency rank 239; Ministry common-character number 2098	母: frequency rank 239; 1159 appearances (0.09602%); Unihan kRSUnicode 80.1; Kangxi radical 80 毋; Unihan kRSUnicode single radical assignment.	[]	"[""chinese"",""traditional"",""radicals"",""frequency"",""character-to-radical"",""one-way"",""part-2""]"
zh-traditional-radicals-frequency-ii/0240/character-to-radical	II	vocabulary	240	zh-Hant	zh-Hant	特	"[""牛""]"	[]		"[""zh-Hant.frequency.0240"",""zh.radical.kangxi.093""]"	[]	[]	sources/characters.tsv	frequency rank 240; Ministry common-character number 2497	特: frequency rank 240; 1155 appearances (0.09569%); Unihan kRSUnicode 93.6; Kangxi radical 93 牛; Unihan kRSUnicode single radical assignment.	[]	"[""chinese"",""traditional"",""radicals"",""frequency"",""character-to-radical"",""one-way"",""part-2""]"
zh-traditional-radicals-frequency-ii/0241/character-to-radical	II	vocabulary	241	zh-Hant	zh-Hant	六	"[""八""]"	[]		"[""zh-Hant.frequency.0241"",""zh.radical.kangxi.012""]"	[]	[]	sources/characters.tsv	frequency rank 241; Ministry common-character number 286	六: frequency rank 241; 1150 appearances (0.09527%); Unihan kRSUnicode 12.2; Kangxi radical 12 八; Unihan kRSUnicode single radical assignment.	[]	"[""chinese"",""traditional"",""radicals"",""frequency"",""character-to-radical"",""one-way"",""part-2""]"
zh-traditional-radicals-frequency-ii/0242/character-to-radical	II	vocabulary	242	zh-Hant	zh-Hant	己	"[""己""]"	[]		"[""zh-Hant.frequency.0242"",""zh.radical.kangxi.049""]"	[]	[]	sources/characters.tsv	frequency rank 242; Ministry common-character number 1154	己: frequency rank 242; 1142 appearances (0.09461%); Unihan kRSUnicode 49.0; Kangxi radical 49 己; Unihan kRSUnicode single radical assignment.	[]	"[""chinese"",""traditional"",""radicals"",""frequency"",""character-to-radical"",""one-way"",""part-2""]"
zh-traditional-radicals-frequency-ii/0243/character-to-radical	II	vocabulary	243	zh-Hant	zh-Hant	女	"[""女""]"	[]		"[""zh-Hant.frequency.0243"",""zh.radical.kangxi.038""]"	[]	[]	sources/characters.tsv	frequency rank 243; Ministry common-character number 877	女: frequency rank 243; 1141 appearances (0.09453%); Unihan kRSUnicode 38.0; Kangxi radical 38 女; Unihan kRSUnicode single radical assignment.	[]	"[""chinese"",""traditional"",""radicals"",""frequency"",""character-to-radical"",""one-way"",""part-2""]"
zh-traditional-radicals-frequency-ii/0244/character-to-radical	II	vocabulary	244	zh-Hant	zh-Hant	球	"[""玉""]"	[]		"[""zh-Hant.frequency.0244"",""zh.radical.kangxi.096""]"	[]	[]	sources/characters.tsv	frequency rank 244; Ministry common-character number 2572	球: frequency rank 244; 1141 appearances (0.09453%); Unihan kRSUnicode 96.7; Kangxi radical 96 玉; Unihan kRSUnicode single radical assignment.	[]	"[""chinese"",""traditional"",""radicals"",""frequency"",""character-to-radical"",""one-way"",""part-2""]"
zh-traditional-radicals-frequency-ii/0245/character-to-radical	II	vocabulary	245	zh-Hant	zh-Hant	馬	"[""馬""]"	[]		"[""zh-Hant.frequency.0245"",""zh.radical.kangxi.187""]"	[]	[]	sources/characters.tsv	frequency rank 245; Ministry common-character number 4619	馬: frequency rank 245; 1127 appearances (0.09337%); Unihan kRSUnicode 187.0; Kangxi radical 187 馬; Unihan kRSUnicode single radical assignment.	[]	"[""chinese"",""traditional"",""radicals"",""frequency"",""character-to-radical"",""one-way"",""part-2""]"
zh-traditional-radicals-frequency-ii/0246/character-to-radical	II	vocabulary	246	zh-Hant	zh-Hant	讓	"[""言""]"	[]		"[""zh-Hant.frequency.0246"",""zh.radical.kangxi.149""]"	[]	[]	sources/characters.tsv	frequency rank 246; Ministry common-character number 3898	讓: frequency rank 246; 1126 appearances (0.09329%); Unihan kRSUnicode 149.17; Kangxi radical 149 言; Unihan kRSUnicode single radical assignment.	[]	"[""chinese"",""traditional"",""radicals"",""frequency"",""character-to-radical"",""one-way"",""part-2""]"
zh-traditional-radicals-frequency-ii/0247/character-to-radical	II	vocabulary	247	zh-Hant	zh-Hant	安	"[""宀""]"	[]		"[""zh-Hant.frequency.0247"",""zh.radical.kangxi.040""]"	[]	[]	sources/characters.tsv	frequency rank 247; Ministry common-character number 1009	安: frequency rank 247; 1121 appearances (0.09287%); Unihan kRSUnicode 40.3; Kangxi radical 40 宀; Unihan kRSUnicode single radical assignment.	[]	"[""chinese"",""traditional"",""radicals"",""frequency"",""character-to-radical"",""one-way"",""part-2""]"
zh-traditional-radicals-frequency-ii/0248/character-to-radical	II	vocabulary	248	zh-Hant	zh-Hant	帶	"[""巾""]"	[]		"[""zh-Hant.frequency.0248"",""zh.radical.kangxi.050""]"	[]	[]	sources/characters.tsv	frequency rank 248; Ministry common-character number 1176	帶: frequency rank 248; 1119 appearances (0.09271%); Unihan kRSUnicode 50.8; Kangxi radical 50 巾; Unihan kRSUnicode single radical assignment.	[]	"[""chinese"",""traditional"",""radicals"",""frequency"",""character-to-radical"",""one-way"",""part-2""]"
zh-traditional-radicals-frequency-ii/0249/character-to-radical	II	vocabulary	249	zh-Hant	zh-Hant	感	"[""心""]"	[]		"[""zh-Hant.frequency.0249"",""zh.radical.kangxi.061""]"	[]	[]	sources/characters.tsv	frequency rank 249; Ministry common-character number 1402	感: frequency rank 249; 1116 appearances (0.09246%); Unihan kRSUnicode 61.9; Kangxi radical 61 心; Unihan kRSUnicode single radical assignment.	[]	"[""chinese"",""traditional"",""radicals"",""frequency"",""character-to-radical"",""one-way"",""part-2""]"
zh-traditional-radicals-frequency-ii/0250/character-to-radical	II	vocabulary	250	zh-Hant	zh-Hant	圖	"[""囗""]"	[]		"[""zh-Hant.frequency.0250"",""zh.radical.kangxi.031""]"	[]	[]	sources/characters.tsv	frequency rank 250; Ministry common-character number 739	圖: frequency rank 250; 1110 appearances (0.09196%); Unihan kRSUnicode 31.11; Kangxi radical 31 囗; Unihan kRSUnicode single radical assignment.	[]	"[""chinese"",""traditional"",""radicals"",""frequency"",""character-to-radical"",""one-way"",""part-2""]"
zh-traditional-radicals-frequency-ii/0251/character-to-radical	II	vocabulary	251	zh-Hant	zh-Hant	龍	"[""龍""]"	[]		"[""zh-Hant.frequency.0251"",""zh.radical.kangxi.212""]"	[]	[]	sources/characters.tsv	frequency rank 251; Ministry common-character number 4806	龍: frequency rank 251; 1103 appearances (0.09138%); Unihan kRSUnicode 212.0; Kangxi radical 212 龍; Unihan kRSUnicode single radical assignment.	[]	"[""chinese"",""traditional"",""radicals"",""frequency"",""character-to-radical"",""one-way"",""part-2""]"
zh-traditional-radicals-frequency-ii/0252/character-to-radical	II	vocabulary	252	zh-Hant	zh-Hant	書	"[""曰""]"	[]		"[""zh-Hant.frequency.0252"",""zh.radical.kangxi.073""]"	[]	[]	sources/characters.tsv	frequency rank 252; Ministry common-character number 1835	書: frequency rank 252; 1099 appearances (0.09105%); Unihan kRSUnicode 73.6; Kangxi radical 73 曰; Unihan kRSUnicode single radical assignment.	[]	"[""chinese"",""traditional"",""radicals"",""frequency"",""character-to-radical"",""one-way"",""part-2""]"
zh-traditional-radicals-frequency-ii/0253/character-to-radical	II	vocabulary	253	zh-Hant	zh-Hant	叫	"[""口""]"	[]		"[""zh-Hant.frequency.0253"",""zh.radical.kangxi.030""]"	[]	[]	sources/characters.tsv	frequency rank 253; Ministry common-character number 491	叫: frequency rank 253; 1098 appearances (0.09097%); Unihan kRSUnicode 30.2; Kangxi radical 30 口; Unihan kRSUnicode single radical assignment.	[]	"[""chinese"",""traditional"",""radicals"",""frequency"",""character-to-radical"",""one-way"",""part-2""]"
zh-traditional-radicals-frequency-ii/0254/character-to-radical	II	vocabulary	254	zh-Hant	zh-Hant	樹	"[""木""]"	[]		"[""zh-Hant.frequency.0254"",""zh.radical.kangxi.075""]"	[]	[]	sources/characters.tsv	frequency rank 254; Ministry common-character number 2024	樹: frequency rank 254; 1097 appearances (0.09088%); Unihan kRSUnicode 75.12; Kangxi radical 75 木; Unihan kRSUnicode single radical assignment.	[]	"[""chinese"",""traditional"",""radicals"",""frequency"",""character-to-radical"",""one-way"",""part-2""]"
zh-traditional-radicals-frequency-ii/0255/character-to-radical	II	vocabulary	255	zh-Hant	zh-Hant	友	"[""又""]"	[]		"[""zh-Hant.frequency.0255"",""zh.radical.kangxi.029""]"	[]	[]	sources/characters.tsv	frequency rank 255; Ministry common-character number 470	友: frequency rank 255; 1095 appearances (0.09072%); Unihan kRSUnicode 29.2; Kangxi radical 29 又; Unihan kRSUnicode single radical assignment.	[]	"[""chinese"",""traditional"",""radicals"",""frequency"",""character-to-radical"",""one-way"",""part-2""]"
zh-traditional-radicals-frequency-ii/0256/character-to-radical	II	vocabulary	256	zh-Hant	zh-Hant	類	"[""頁""]"	[]		"[""zh-Hant.frequency.0256"",""zh.radical.kangxi.181""]"	[]	[]	sources/characters.tsv	frequency rank 256; Ministry common-character number 4564	類: frequency rank 256; 1083 appearances (0.08972%); Unihan kRSUnicode 181.10; Kangxi radical 181 頁; Unihan kRSUnicode single radical assignment.	[]	"[""chinese"",""traditional"",""radicals"",""frequency"",""character-to-radical"",""one-way"",""part-2""]"
zh-traditional-radicals-frequency-ii/0257/character-to-radical	II	vocabulary	257	zh-Hant	zh-Hant	理	"[""玉""]"	[]		"[""zh-Hant.frequency.0257"",""zh.radical.kangxi.096""]"	[]	[]	sources/characters.tsv	frequency rank 257; Ministry common-character number 2573	理: frequency rank 257; 1078 appearances (0.08931%); Unihan kRSUnicode 96.7; Kangxi radical 96 玉; Unihan kRSUnicode single radical assignment.	[]	"[""chinese"",""traditional"",""radicals"",""frequency"",""character-to-radical"",""one-way"",""part-2""]"
zh-traditional-radicals-frequency-ii/0258/character-to-radical	II	vocabulary	258	zh-Hant	zh-Hant	您	"[""心""]"	[]		"[""zh-Hant.frequency.0258"",""zh.radical.kangxi.061""]"	[]	[]	sources/characters.tsv	frequency rank 258; Ministry common-character number 1365	您: frequency rank 258; 1074 appearances (0.08898%); Unihan kRSUnicode 61.7; Kangxi radical 61 心; Unihan kRSUnicode single radical assignment.	[]	"[""chinese"",""traditional"",""radicals"",""frequency"",""character-to-radical"",""one-way"",""part-2""]"
zh-traditional-radicals-frequency-ii/0259/character-to-radical	II	vocabulary	259	zh-Hant	zh-Hant	路	"[""足""]"	[]		"[""zh-Hant.frequency.0259"",""zh.radical.kangxi.157""]"	[]	[]	sources/characters.tsv	frequency rank 259; Ministry common-character number 4015	路: frequency rank 259; 1056 appearances (0.08749%); Unihan kRSUnicode 157.6; Kangxi radical 157 足; Unihan kRSUnicode single radical assignment.	[]	"[""chinese"",""traditional"",""radicals"",""frequency"",""character-to-radical"",""one-way"",""part-2""]"
zh-traditional-radicals-frequency-ii/0260/character-to-radical	II	vocabulary	260	zh-Hant	zh-Hant	放	"[""攴""]"	[]		"[""zh-Hant.frequency.0260"",""zh.radical.kangxi.066""]"	[]	[]	sources/characters.tsv	frequency rank 260; Ministry common-character number 1719	放: frequency rank 260; 1055 appearances (0.08740%); Unihan kRSUnicode 66.4; Kangxi radical 66 攴; Unihan kRSUnicode single radical assignment.	[]	"[""chinese"",""traditional"",""radicals"",""frequency"",""character-to-radical"",""one-way"",""part-2""]"
zh-traditional-radicals-frequency-ii/0261/character-to-radical	II	vocabulary	261	zh-Hant	zh-Hant	覺	"[""見""]"	[]		"[""zh-Hant.frequency.0261"",""zh.radical.kangxi.147""]"	[]	[]	sources/characters.tsv	frequency rank 261; Ministry common-character number 3774	覺: frequency rank 261; 1041 appearances (0.08624%); Unihan kRSUnicode 147.13; Kangxi radical 147 見; Unihan kRSUnicode single radical assignment.	[]	"[""chinese"",""traditional"",""radicals"",""frequency"",""character-to-radical"",""one-way"",""part-2""]"
zh-traditional-radicals-frequency-ii/0262/character-to-radical	II	vocabulary	262	zh-Hant	zh-Hant	代	"[""人""]"	[]		"[""zh-Hant.frequency.0262"",""zh.radical.kangxi.009""]"	[]	[]	sources/characters.tsv	frequency rank 262; Ministry common-character number 84	代: frequency rank 262; 1040 appearances (0.08616%); Unihan kRSUnicode 9.3; Kangxi radical 9 人; Unihan kRSUnicode single radical assignment.	[]	"[""chinese"",""traditional"",""radicals"",""frequency"",""character-to-radical"",""one-way"",""part-2""]"
zh-traditional-radicals-frequency-ii/0263/character-to-radical	II	vocabulary	263	zh-Hant	zh-Hant	內	"[""入""]"	[]		"[""zh-Hant.frequency.0263"",""zh.radical.kangxi.011""]"	[]	[]	sources/characters.tsv	frequency rank 263; Ministry common-character number 282	內: frequency rank 263; 1037 appearances (0.08591%); Unihan kRSUnicode 11.2; Kangxi radical 11 入; Unihan kRSUnicode single radical assignment.	[]	"[""chinese"",""traditional"",""radicals"",""frequency"",""character-to-radical"",""one-way"",""part-2""]"
zh-traditional-radicals-frequency-ii/0264/character-to-radical	II	vocabulary	264	zh-Hant	zh-Hant	應	"[""心""]"	[]		"[""zh-Hant.frequency.0264"",""zh.radical.kangxi.061""]"	[]	[]	sources/characters.tsv	frequency rank 264; Ministry common-character number 1452	應: frequency rank 264; 1027 appearances (0.08508%); Unihan kRSUnicode 61.13; Kangxi radical 61 心; Unihan kRSUnicode single radical assignment.	[]	"[""chinese"",""traditional"",""radicals"",""frequency"",""character-to-radical"",""one-way"",""part-2""]"
zh-traditional-radicals-frequency-ii/0265/character-to-radical	II	vocabulary	265	zh-Hant	zh-Hant	張	"[""弓""]"	[]		"[""zh-Hant.frequency.0265"",""zh.radical.kangxi.057""]"	[]	[]	sources/characters.tsv	frequency rank 265; Ministry common-character number 1257	張: frequency rank 265; 1026 appearances (0.08500%); Unihan kRSUnicode 57.8; Kangxi radical 57 弓; Unihan kRSUnicode single radical assignment.	[]	"[""chinese"",""traditional"",""radicals"",""frequency"",""character-to-radical"",""one-way"",""part-2""]"
zh-traditional-radicals-frequency-ii/0266/character-to-radical	II	vocabulary	266	zh-Hant	zh-Hant	住	"[""人""]"	[]		"[""zh-Hant.frequency.0266"",""zh.radical.kangxi.009""]"	[]	[]	sources/characters.tsv	frequency rank 266; Ministry common-character number 105	住: frequency rank 266; 1025 appearances (0.08492%); Unihan kRSUnicode 9.5; Kangxi radical 9 人; Unihan kRSUnicode single radical assignment.	[]	"[""chinese"",""traditional"",""radicals"",""frequency"",""character-to-radical"",""one-way"",""part-2""]"
zh-traditional-radicals-frequency-ii/0267/character-to-radical	II	vocabulary	267	zh-Hant	zh-Hant	量	"[""里""]"	[]		"[""zh-Hant.frequency.0267"",""zh.radical.kangxi.166""]"	[]	[]	sources/characters.tsv	frequency rank 267; Ministry common-character number 4259	量: frequency rank 267; 1022 appearances (0.08467%); Unihan kRSUnicode 166.5; Kangxi radical 166 里; Unihan kRSUnicode single radical assignment.	[]	"[""chinese"",""traditional"",""radicals"",""frequency"",""character-to-radical"",""one-way"",""part-2""]"
zh-traditional-radicals-frequency-ii/0268/character-to-radical	II	vocabulary	268	zh-Hant	zh-Hant	立	"[""立""]"	[]		"[""zh-Hant.frequency.0268"",""zh.radical.kangxi.117""]"	[]	[]	sources/characters.tsv	frequency rank 268; Ministry common-character number 2977	立: frequency rank 268; 1015 appearances (0.08409%); Unihan kRSUnicode 117.0; Kangxi radical 117 立; Unihan kRSUnicode single radical assignment.	[]	"[""chinese"",""traditional"",""radicals"",""frequency"",""character-to-radical"",""one-way"",""part-2""]"
zh-traditional-radicals-frequency-ii/0269/character-to-radical	II	vocabulary	269	zh-Hant	zh-Hant	更	"[""曰""]"	[]		"[""zh-Hant.frequency.0269"",""zh.radical.kangxi.073""]"	[]	[]	sources/characters.tsv	frequency rank 269; Ministry common-character number 1833	更: frequency rank 269; 1011 appearances (0.08376%); Unihan kRSUnicode 73.3; Kangxi radical 73 曰; Unihan kRSUnicode single radical assignment.	[]	"[""chinese"",""traditional"",""radicals"",""frequency"",""character-to-radical"",""one-way"",""part-2""]"
zh-traditional-radicals-frequency-ii/0270/character-to-radical	II	vocabulary	270	zh-Hant	zh-Hant	許	"[""言""]"	[]		"[""zh-Hant.frequency.0270"",""zh.radical.kangxi.149""]"	[]	[]	sources/characters.tsv	frequency rank 270; Ministry common-character number 3798	許: frequency rank 270; 1011 appearances (0.08376%); Unihan kRSUnicode 149.4; Kangxi radical 149 言; Unihan kRSUnicode single radical assignment.	[]	"[""chinese"",""traditional"",""radicals"",""frequency"",""character-to-radical"",""one-way"",""part-2""]"
zh-traditional-radicals-frequency-ii/0271/character-to-radical	II	vocabulary	271	zh-Hant	zh-Hant	喜	"[""口""]"	[]		"[""zh-Hant.frequency.0271"",""zh.radical.kangxi.030""]"	[]	[]	sources/characters.tsv	frequency rank 271; Ministry common-character number 628	喜: frequency rank 271; 1009 appearances (0.08359%); Unihan kRSUnicode 30.9; Kangxi radical 30 口; Unihan kRSUnicode single radical assignment.	[]	"[""chinese"",""traditional"",""radicals"",""frequency"",""character-to-radical"",""one-way"",""part-2""]"
zh-traditional-radicals-frequency-ii/0272/character-to-radical	II	vocabulary	272	zh-Hant	zh-Hant	關	"[""門""]"	[]		"[""zh-Hant.frequency.0272"",""zh.radical.kangxi.169""]"	[]	[]	sources/characters.tsv	frequency rank 272; Ministry common-character number 4398	關: frequency rank 272; 1008 appearances (0.08351%); Unihan kRSUnicode 169.11; Kangxi radical 169 門; Unihan kRSUnicode single radical assignment.	[]	"[""chinese"",""traditional"",""radicals"",""frequency"",""character-to-radical"",""one-way"",""part-2""]"
zh-traditional-radicals-frequency-ii/0273/character-to-radical	II	vocabulary	273	zh-Hant	zh-Hant	機	"[""木""]"	[]		"[""zh-Hant.frequency.0273"",""zh.radical.kangxi.075""]"	[]	[]	sources/characters.tsv	frequency rank 273; Ministry common-character number 2031	機: frequency rank 273; 995 appearances (0.08243%); Unihan kRSUnicode 75.12; Kangxi radical 75 木; Unihan kRSUnicode single radical assignment.	[]	"[""chinese"",""traditional"",""radicals"",""frequency"",""character-to-radical"",""one-way"",""part-2""]"
zh-traditional-radicals-frequency-ii/0274/character-to-radical	II	vocabulary	274	zh-Hant	zh-Hant	歡	"[""欠""]"	[]		"[""zh-Hant.frequency.0274"",""zh.radical.kangxi.076""]"	[]	[]	sources/characters.tsv	frequency rank 274; Ministry common-character number 2065	歡: frequency rank 274; 984 appearances (0.08152%); Unihan kRSUnicode 76.18; Kangxi radical 76 欠; Unihan kRSUnicode single radical assignment.	[]	"[""chinese"",""traditional"",""radicals"",""frequency"",""character-to-radical"",""one-way"",""part-2""]"
zh-traditional-radicals-frequency-ii/0275/character-to-radical	II	vocabulary	275	zh-Hant	zh-Hant	便	"[""人""]"	[]		"[""zh-Hant.frequency.0275"",""zh.radical.kangxi.009""]"	[]	[]	sources/characters.tsv	frequency rank 275; Ministry common-character number 151	便: frequency rank 275; 969 appearances (0.08028%); Unihan kRSUnicode 9.7; Kangxi radical 9 人; Unihan kRSUnicode single radical assignment.	[]	"[""chinese"",""traditional"",""radicals"",""frequency"",""character-to-radical"",""one-way"",""part-2""]"
zh-traditional-radicals-frequency-ii/0276/character-to-radical	II	vocabulary	276	zh-Hant	zh-Hant	完	"[""宀""]"	[]		"[""zh-Hant.frequency.0276"",""zh.radical.kangxi.040""]"	[]	[]	sources/characters.tsv	frequency rank 276; Ministry common-character number 1010	完: frequency rank 276; 966 appearances (0.08003%); Unihan kRSUnicode 40.4; Kangxi radical 40 宀; Unihan kRSUnicode single radical assignment.	[]	"[""chinese"",""traditional"",""radicals"",""frequency"",""character-to-radical"",""one-way"",""part-2""]"
zh-traditional-radicals-frequency-ii/0277/character-to-radical	II	vocabulary	277	zh-Hant	zh-Hant	世	"[""一""]"	[]		"[""zh-Hant.frequency.0277"",""zh.radical.kangxi.001""]"	[]	[]	sources/characters.tsv	frequency rank 277; Ministry common-character number 12	世: frequency rank 277; 957 appearances (0.07928%); Unihan kRSUnicode 1.4; Kangxi radical 1 一; Unihan kRSUnicode single radical assignment.	[]	"[""chinese"",""traditional"",""radicals"",""frequency"",""character-to-radical"",""one-way"",""part-2""]"
zh-traditional-radicals-frequency-ii/0278/character-to-radical	II	vocabulary	278	zh-Hant	zh-Hant	解	"[""角""]"	[]		"[""zh-Hant.frequency.0278"",""zh.radical.kangxi.148""]"	[]	[]	sources/characters.tsv	frequency rank 278; Ministry common-character number 3778	解: frequency rank 278; 957 appearances (0.07928%); Unihan kRSUnicode 148.6; Kangxi radical 148 角; Unihan kRSUnicode single radical assignment.	[]	"[""chinese"",""traditional"",""radicals"",""frequency"",""character-to-radical"",""one-way"",""part-2""]"
zh-traditional-radicals-frequency-ii/0279/character-to-radical	II	vocabulary	279	zh-Hant	zh-Hant	造	"[""辵""]"	[]		"[""zh-Hant.frequency.0279"",""zh.radical.kangxi.162""]"	[]	[]	sources/characters.tsv	frequency rank 279; Ministry common-character number 4146	造: frequency rank 279; 955 appearances (0.07912%); Unihan kRSUnicode 162.7; Kangxi radical 162 辵; Unihan kRSUnicode single radical assignment.	[]	"[""chinese"",""traditional"",""radicals"",""frequency"",""character-to-radical"",""one-way"",""part-2""]"
zh-traditional-radicals-frequency-ii/0280/character-to-radical	II	vocabulary	280	zh-Hant	zh-Hant	利	"[""刀""]"	[]		"[""zh-Hant.frequency.0280"",""zh.radical.kangxi.018""]"	[]	[]	sources/characters.tsv	frequency rank 280; Ministry common-character number 341	利: frequency rank 280; 953 appearances (0.07895%); Unihan kRSUnicode 18.5; Kangxi radical 18 刀; Unihan kRSUnicode single radical assignment.	[]	"[""chinese"",""traditional"",""radicals"",""frequency"",""character-to-radical"",""one-way"",""part-2""]"
zh-traditional-radicals-frequency-ii/0281/character-to-radical	II	vocabulary	281	zh-Hant	zh-Hant	流	"[""水""]"	[]		"[""zh-Hant.frequency.0281"",""zh.radical.kangxi.085""]"	[]	[]	sources/characters.tsv	frequency rank 281; Ministry common-character number 2188	流: frequency rank 281; 942 appearances (0.07804%); Unihan kRSUnicode 85.6; Kangxi radical 85 水; Unihan kRSUnicode single radical assignment.	[]	"[""chinese"",""traditional"",""radicals"",""frequency"",""character-to-radical"",""one-way"",""part-2""]"
zh-traditional-radicals-frequency-ii/0282/character-to-radical	II	vocabulary	282	zh-Hant	zh-Hant	處	"[""虍""]"	[]		"[""zh-Hant.frequency.0282"",""zh.radical.kangxi.141""]"	[]	[]	sources/characters.tsv	frequency rank 282; Ministry common-character number 3607	處: frequency rank 282; 942 appearances (0.07804%); Unihan kRSUnicode 141.5; Kangxi radical 141 虍; Unihan kRSUnicode single radical assignment.	[]	"[""chinese"",""traditional"",""radicals"",""frequency"",""character-to-radical"",""one-way"",""part-2""]"
zh-traditional-radicals-frequency-ii/0283/character-to-radical	II	vocabulary	283	zh-Hant	zh-Hant	算	"[""竹""]"	[]		"[""zh-Hant.frequency.0283"",""zh.radical.kangxi.118""]"	[]	[]	sources/characters.tsv	frequency rank 283; Ministry common-character number 3013	算: frequency rank 283; 941 appearances (0.07796%); Unihan kRSUnicode 118.8; Kangxi radical 118 竹; Unihan kRSUnicode single radical assignment.	[]	"[""chinese"",""traditional"",""radicals"",""frequency"",""character-to-radical"",""one-way"",""part-2""]"
zh-traditional-radicals-frequency-ii/0284/character-to-radical	II	vocabulary	284	zh-Hant	zh-Hant	期	"[""月""]"	[]		"[""zh-Hant.frequency.0284"",""zh.radical.kangxi.074""]"	[]	[]	sources/characters.tsv	frequency rank 284; Ministry common-character number 1849	期: frequency rank 284; 939 appearances (0.07779%); Unihan kRSUnicode 74.8; Kangxi radical 74 月; Unihan kRSUnicode single radical assignment.	[]	"[""chinese"",""traditional"",""radicals"",""frequency"",""character-to-radical"",""one-way"",""part-2""]"
zh-traditional-radicals-frequency-ii/0285/character-to-radical	II	vocabulary	285	zh-Hant	zh-Hant	臺	"[""至""]"	[]		"[""zh-Hant.frequency.0285"",""zh.radical.kangxi.133""]"	[]	[]	sources/characters.tsv	frequency rank 285; Ministry common-character number 3391	臺: frequency rank 285; 937 appearances (0.07763%); Unihan kRSUnicode 133.8; Kangxi radical 133 至; Unihan kRSUnicode single radical assignment.	[]	"[""chinese"",""traditional"",""radicals"",""frequency"",""character-to-radical"",""one-way"",""part-2""]"
zh-traditional-radicals-frequency-ii/0286/character-to-radical	II	vocabulary	286	zh-Hant	zh-Hant	弟	"[""弓""]"	[]		"[""zh-Hant.frequency.0286"",""zh.radical.kangxi.057""]"	[]	[]	sources/characters.tsv	frequency rank 286; Ministry common-character number 1251	弟: frequency rank 286; 935 appearances (0.07746%); Unihan kRSUnicode 57.4; Kangxi radical 57 弓; Unihan kRSUnicode single radical assignment.	[]	"[""chinese"",""traditional"",""radicals"",""frequency"",""character-to-radical"",""one-way"",""part-2""]"
zh-traditional-radicals-frequency-ii/0287/character-to-radical	II	vocabulary	287	zh-Hant	zh-Hant	車	"[""車""]"	[]		"[""zh-Hant.frequency.0287"",""zh.radical.kangxi.159""]"	[]	[]	sources/characters.tsv	frequency rank 287; Ministry common-character number 4061	車: frequency rank 287; 929 appearances (0.07696%); Unihan kRSUnicode 159.0; Kangxi radical 159 車; Unihan kRSUnicode single radical assignment.	[]	"[""chinese"",""traditional"",""radicals"",""frequency"",""character-to-radical"",""one-way"",""part-2""]"
zh-traditional-radicals-frequency-ii/0288/character-to-radical	II	vocabulary	288	zh-Hant	zh-Hant	入	"[""入""]"	[]		"[""zh-Hant.frequency.0288"",""zh.radical.kangxi.011""]"	[]	[]	sources/characters.tsv	frequency rank 288; Ministry common-character number 281	入: frequency rank 288; 926 appearances (0.07672%); Unihan kRSUnicode 11.0; Kangxi radical 11 入; Unihan kRSUnicode single radical assignment.	[]	"[""chinese"",""traditional"",""radicals"",""frequency"",""character-to-radical"",""one-way"",""part-2""]"
zh-traditional-radicals-frequency-ii/0289/character-to-radical	II	vocabulary	289	zh-Hant	zh-Hant	北	"[""匕""]"	[]		"[""zh-Hant.frequency.0289"",""zh.radical.kangxi.021""]"	[]	[]	sources/characters.tsv	frequency rank 289; Ministry common-character number 416	北: frequency rank 289; 925 appearances (0.07663%); Unihan kRSUnicode 21.3; Kangxi radical 21 匕; Unihan kRSUnicode single radical assignment.	[]	"[""chinese"",""traditional"",""radicals"",""frequency"",""character-to-radical"",""one-way"",""part-2""]"
zh-traditional-radicals-frequency-ii/0290/character-to-radical	II	vocabulary	290	zh-Hant	zh-Hant	業	"[""木""]"	[]		"[""zh-Hant.frequency.0290"",""zh.radical.kangxi.075""]"	[]	[]	sources/characters.tsv	frequency rank 290; Ministry common-character number 1974	業: frequency rank 290; 924 appearances (0.07655%); Unihan kRSUnicode 75.9; Kangxi radical 75 木; Unihan kRSUnicode single radical assignment.	[]	"[""chinese"",""traditional"",""radicals"",""frequency"",""character-to-radical"",""one-way"",""part-2""]"
zh-traditional-radicals-frequency-ii/0291/character-to-radical	II	vocabulary	291	zh-Hant	zh-Hant	眼	"[""目""]"	[]		"[""zh-Hant.frequency.0291"",""zh.radical.kangxi.109""]"	[]	[]	sources/characters.tsv	frequency rank 291; Ministry common-character number 2773	眼: frequency rank 291; 922 appearances (0.07638%); Unihan kRSUnicode 109.6; Kangxi radical 109 目; Unihan kRSUnicode single radical assignment.	[]	"[""chinese"",""traditional"",""radicals"",""frequency"",""character-to-radical"",""one-way"",""part-2""]"
zh-traditional-radicals-frequency-ii/0292/character-to-radical	II	vocabulary	292	zh-Hant	zh-Hant	例	"[""人""]"	[]		"[""zh-Hant.frequency.0292"",""zh.radical.kangxi.009""]"	[]	[]	sources/characters.tsv	frequency rank 292; Ministry common-character number 137	例: frequency rank 292; 921 appearances (0.07630%); Unihan kRSUnicode 9.6; Kangxi radical 9 人; Unihan kRSUnicode single radical assignment.	[]	"[""chinese"",""traditional"",""radicals"",""frequency"",""character-to-radical"",""one-way"",""part-2""]"
zh-traditional-radicals-frequency-ii/0293/character-to-radical	II	vocabulary	293	zh-Hant	zh-Hant	找	"[""手""]"	[]		"[""zh-Hant.frequency.0293"",""zh.radical.kangxi.064""]"	[]	[]	sources/characters.tsv	frequency rank 293; Ministry common-character number 1513	找: frequency rank 293; 921 appearances (0.07630%); Unihan kRSUnicode 64.4; Kangxi radical 64 手; Unihan kRSUnicode single radical assignment.	[]	"[""chinese"",""traditional"",""radicals"",""frequency"",""character-to-radical"",""one-way"",""part-2""]"
zh-traditional-radicals-frequency-ii/0294/character-to-radical	II	vocabulary	294	zh-Hant	zh-Hant	百	"[""白""]"	[]		"[""zh-Hant.frequency.0294"",""zh.radical.kangxi.106""]"	[]	[]	sources/characters.tsv	frequency rank 294; Ministry common-character number 2722	百: frequency rank 294; 917 appearances (0.07597%); Unihan kRSUnicode 106.1; Kangxi radical 106 白; Unihan kRSUnicode single radical assignment.	[]	"[""chinese"",""traditional"",""radicals"",""frequency"",""character-to-radical"",""one-way"",""part-2""]"
zh-traditional-radicals-frequency-ii/0295/character-to-radical	II	vocabulary	295	zh-Hant	zh-Hant	直	"[""目""]"	[]		"[""zh-Hant.frequency.0295"",""zh.radical.kangxi.109""]"	[]	[]	sources/characters.tsv	frequency rank 295; Ministry common-character number 2759	直: frequency rank 295; 908 appearances (0.07522%); Unihan kRSUnicode 109.3 24.6; Kangxi radical 109 目; Traditional dictionary radical 目 selected from Unihan alternatives 109.3 and 24.6.	[]	"[""chinese"",""traditional"",""radicals"",""frequency"",""character-to-radical"",""one-way"",""part-2""]"
zh-traditional-radicals-frequency-ii/0296/character-to-radical	II	vocabulary	296	zh-Hant	zh-Hant	照	"[""火""]"	[]		"[""zh-Hant.frequency.0296"",""zh.radical.kangxi.086""]"	[]	[]	sources/characters.tsv	frequency rank 296; Ministry common-character number 2424	照: frequency rank 296; 907 appearances (0.07514%); Unihan kRSUnicode 86.9; Kangxi radical 86 火; Unihan kRSUnicode single radical assignment.	[]	"[""chinese"",""traditional"",""radicals"",""frequency"",""character-to-radical"",""one-way"",""part-2""]"
zh-traditional-radicals-frequency-ii/0297/character-to-radical	II	vocabulary	297	zh-Hant	zh-Hant	朋	"[""月""]"	[]		"[""zh-Hant.frequency.0297"",""zh.radical.kangxi.074""]"	[]	[]	sources/characters.tsv	frequency rank 297; Ministry common-character number 1844	朋: frequency rank 297; 904 appearances (0.07489%); Unihan kRSUnicode 74.4; Kangxi radical 74 月; Unihan kRSUnicode single radical assignment.	[]	"[""chinese"",""traditional"",""radicals"",""frequency"",""character-to-radical"",""one-way"",""part-2""]"
zh-traditional-radicals-frequency-ii/0298/character-to-radical	II	vocabulary	298	zh-Hant	zh-Hant	式	"[""弋""]"	[]		"[""zh-Hant.frequency.0298"",""zh.radical.kangxi.056""]"	[]	[]	sources/characters.tsv	frequency rank 298; Ministry common-character number 1243	式: frequency rank 298; 900 appearances (0.07456%); Unihan kRSUnicode 56.3; Kangxi radical 56 弋; Unihan kRSUnicode single radical assignment.	[]	"[""chinese"",""traditional"",""radicals"",""frequency"",""character-to-radical"",""one-way"",""part-2""]"
zh-traditional-radicals-frequency-ii/0299/character-to-radical	II	vocabulary	299	zh-Hant	zh-Hant	節	"[""竹""]"	[]		"[""zh-Hant.frequency.0299"",""zh.radical.kangxi.118""]"	[]	[]	sources/characters.tsv	frequency rank 299; Ministry common-character number 3007	節: frequency rank 299; 899 appearances (0.07448%); Unihan kRSUnicode 118.7; Kangxi radical 118 竹; Unihan kRSUnicode single radical assignment.	[]	"[""chinese"",""traditional"",""radicals"",""frequency"",""character-to-radical"",""one-way"",""part-2""]"
zh-traditional-radicals-frequency-ii/0300/character-to-radical	II	vocabulary	300	zh-Hant	zh-Hant	接	"[""手""]"	[]		"[""zh-Hant.frequency.0300"",""zh.radical.kangxi.064""]"	[]	[]	sources/characters.tsv	frequency rank 300; Ministry common-character number 1591	接: frequency rank 300; 893 appearances (0.07398%); Unihan kRSUnicode 64.8; Kangxi radical 64 手; Unihan kRSUnicode single radical assignment.	[]	"[""chinese"",""traditional"",""radicals"",""frequency"",""character-to-radical"",""one-way"",""part-2""]"
zh-traditional-radicals-frequency-ii/0301/character-to-radical	II	vocabulary	301	zh-Hant	zh-Hant	目	"[""目""]"	[]		"[""zh-Hant.frequency.0301"",""zh.radical.kangxi.109""]"	[]	[]	sources/characters.tsv	frequency rank 301; Ministry common-character number 2756	目: frequency rank 301; 892 appearances (0.07390%); Unihan kRSUnicode 109.0; Kangxi radical 109 目; Unihan kRSUnicode single radical assignment.	[]	"[""chinese"",""traditional"",""radicals"",""frequency"",""character-to-radical"",""one-way"",""part-2""]"
zh-traditional-radicals-frequency-ii/0302/character-to-radical	II	vocabulary	302	zh-Hant	zh-Hant	讀	"[""言""]"	[]		"[""zh-Hant.frequency.0302"",""zh.radical.kangxi.149""]"	[]	[]	sources/characters.tsv	frequency rank 302; Ministry common-character number 3896	讀: frequency rank 302; 891 appearances (0.07382%); Unihan kRSUnicode 149.15; Kangxi radical 149 言; Unihan kRSUnicode single radical assignment.	[]	"[""chinese"",""traditional"",""radicals"",""frequency"",""character-to-radical"",""one-way"",""part-2""]"
zh-traditional-radicals-frequency-ii/0303/character-to-radical	II	vocabulary	303	zh-Hant	zh-Hant	指	"[""手""]"	[]		"[""zh-Hant.frequency.0303"",""zh.radical.kangxi.064""]"	[]	[]	sources/characters.tsv	frequency rank 303; Ministry common-character number 1561	指: frequency rank 303; 885 appearances (0.07332%); Unihan kRSUnicode 64.6; Kangxi radical 64 手; Unihan kRSUnicode single radical assignment.	[]	"[""chinese"",""traditional"",""radicals"",""frequency"",""character-to-radical"",""one-way"",""part-2""]"
zh-traditional-radicals-frequency-ii/0304/character-to-radical	II	vocabulary	304	zh-Hant	zh-Hant	神	"[""示""]"	[]		"[""zh-Hant.frequency.0304"",""zh.radical.kangxi.113""]"	[]	[]	sources/characters.tsv	frequency rank 304; Ministry common-character number 2890	神: frequency rank 304; 880 appearances (0.07290%); Unihan kRSUnicode 113.5; Kangxi radical 113 示; Unihan kRSUnicode single radical assignment.	[]	"[""chinese"",""traditional"",""radicals"",""frequency"",""character-to-radical"",""one-way"",""part-2""]"
zh-traditional-radicals-frequency-ii/0305/character-to-radical	II	vocabulary	305	zh-Hant	zh-Hant	飛	"[""飛""]"	[]		"[""zh-Hant.frequency.0305"",""zh.radical.kangxi.183""]"	[]	[]	sources/characters.tsv	frequency rank 305; Ministry common-character number 4580	飛: frequency rank 305; 868 appearances (0.07191%); Unihan kRSUnicode 183.0; Kangxi radical 183 飛; Unihan kRSUnicode single radical assignment.	[]	"[""chinese"",""traditional"",""radicals"",""frequency"",""character-to-radical"",""one-way"",""part-2""]"
zh-traditional-radicals-frequency-ii/0306/character-to-radical	II	vocabulary	306	zh-Hant	zh-Hant	非	"[""非""]"	[]		"[""zh-Hant.frequency.0306"",""zh.radical.kangxi.175""]"	[]	[]	sources/characters.tsv	frequency rank 306; Ministry common-character number 4503	非: frequency rank 306; 867 appearances (0.07183%); Unihan kRSUnicode 175.0; Kangxi radical 175 非; Unihan kRSUnicode single radical assignment.	[]	"[""chinese"",""traditional"",""radicals"",""frequency"",""character-to-radical"",""one-way"",""part-2""]"
zh-traditional-radicals-frequency-ii/0307/character-to-radical	II	vocabulary	307	zh-Hant	zh-Hant	希	"[""巾""]"	[]		"[""zh-Hant.frequency.0307"",""zh.radical.kangxi.050""]"	[]	[]	sources/characters.tsv	frequency rank 307; Ministry common-character number 1164	希: frequency rank 307; 866 appearances (0.07174%); Unihan kRSUnicode 50.4; Kangxi radical 50 巾; Unihan kRSUnicode single radical assignment.	[]	"[""chinese"",""traditional"",""radicals"",""frequency"",""character-to-radical"",""one-way"",""part-2""]"
zh-traditional-radicals-frequency-ii/0308/character-to-radical	II	vocabulary	308	zh-Hant	zh-Hant	七	"[""一""]"	[]		"[""zh-Hant.frequency.0308"",""zh.radical.kangxi.001""]"	[]	[]	sources/characters.tsv	frequency rank 308; Ministry common-character number 3	七: frequency rank 308; 858 appearances (0.07108%); Unihan kRSUnicode 1.1; Kangxi radical 1 一; Unihan kRSUnicode single radical assignment.	[]	"[""chinese"",""traditional"",""radicals"",""frequency"",""character-to-radical"",""one-way"",""part-2""]"
zh-traditional-radicals-frequency-ii/0309/character-to-radical	II	vocabulary	309	zh-Hant	zh-Hant	條	"[""木""]"	[]		"[""zh-Hant.frequency.0309"",""zh.radical.kangxi.075""]"	[]	[]	sources/characters.tsv	frequency rank 309; Ministry common-character number 1949	條: frequency rank 309; 858 appearances (0.07108%); Unihan kRSUnicode 75.7; Kangxi radical 75 木; Unihan kRSUnicode single radical assignment.	[]	"[""chinese"",""traditional"",""radicals"",""frequency"",""character-to-radical"",""one-way"",""part-2""]"
zh-traditional-radicals-frequency-ii/0310/character-to-radical	II	vocabulary	310	zh-Hant	zh-Hant	吧	"[""口""]"	[]		"[""zh-Hant.frequency.0310"",""zh.radical.kangxi.030""]"	[]	[]	sources/characters.tsv	frequency rank 310; Ministry common-character number 520	吧: frequency rank 310; 856 appearances (0.07092%); Unihan kRSUnicode 30.4; Kangxi radical 30 口; Unihan kRSUnicode single radical assignment.	[]	"[""chinese"",""traditional"",""radicals"",""frequency"",""character-to-radical"",""one-way"",""part-2""]"
zh-traditional-radicals-frequency-ii/0311/character-to-radical	II	vocabulary	311	zh-Hant	zh-Hant	陽	"[""阜""]"	[]		"[""zh-Hant.frequency.0311"",""zh.radical.kangxi.170""]"	[]	[]	sources/characters.tsv	frequency rank 311; Ministry common-character number 4432	陽: frequency rank 311; 852 appearances (0.07058%); Unihan kRSUnicode 170.9; Kangxi radical 170 阜; Unihan kRSUnicode single radical assignment.	[]	"[""chinese"",""traditional"",""radicals"",""frequency"",""character-to-radical"",""one-way"",""part-2""]"
zh-traditional-radicals-frequency-ii/0312/character-to-radical	II	vocabulary	312	zh-Hant	zh-Hant	食	"[""食""]"	[]		"[""zh-Hant.frequency.0312"",""zh.radical.kangxi.184""]"	[]	[]	sources/characters.tsv	frequency rank 312; Ministry common-character number 4581	食: frequency rank 312; 851 appearances (0.07050%); Unihan kRSUnicode 184.0; Kangxi radical 184 食; Unihan kRSUnicode single radical assignment.	[]	"[""chinese"",""traditional"",""radicals"",""frequency"",""character-to-radical"",""one-way"",""part-2""]"
zh-traditional-radicals-frequency-ii/0313/character-to-radical	II	vocabulary	313	zh-Hant	zh-Hant	南	"[""十""]"	[]		"[""zh-Hant.frequency.0313"",""zh.radical.kangxi.024""]"	[]	[]	sources/characters.tsv	frequency rank 313; Ministry common-character number 441	南: frequency rank 313; 844 appearances (0.06992%); Unihan kRSUnicode 24.7; Kangxi radical 24 十; Unihan kRSUnicode single radical assignment.	[]	"[""chinese"",""traditional"",""radicals"",""frequency"",""character-to-radical"",""one-way"",""part-2""]"
zh-traditional-radicals-frequency-ii/0314/character-to-radical	II	vocabulary	314	zh-Hant	zh-Hant	八	"[""八""]"	[]		"[""zh-Hant.frequency.0314"",""zh.radical.kangxi.012""]"	[]	[]	sources/characters.tsv	frequency rank 314; Ministry common-character number 285	八: frequency rank 314; 843 appearances (0.06984%); Unihan kRSUnicode 12.0; Kangxi radical 12 八; Unihan kRSUnicode single radical assignment.	[]	"[""chinese"",""traditional"",""radicals"",""frequency"",""character-to-radical"",""one-way"",""part-2""]"
zh-traditional-radicals-frequency-ii/0315/character-to-radical	II	vocabulary	315	zh-Hant	zh-Hant	結	"[""糸""]"	[]		"[""zh-Hant.frequency.0315"",""zh.radical.kangxi.120""]"	[]	[]	sources/characters.tsv	frequency rank 315; Ministry common-character number 3115	結: frequency rank 315; 839 appearances (0.06951%); Unihan kRSUnicode 120.6; Kangxi radical 120 糸; Unihan kRSUnicode single radical assignment.	[]	"[""chinese"",""traditional"",""radicals"",""frequency"",""character-to-radical"",""one-way"",""part-2""]"
zh-traditional-radicals-frequency-ii/0316/character-to-radical	II	vocabulary	316	zh-Hant	zh-Hant	門	"[""門""]"	[]		"[""zh-Hant.frequency.0316"",""zh.radical.kangxi.169""]"	[]	[]	sources/characters.tsv	frequency rank 316; Ministry common-character number 4370	門: frequency rank 316; 836 appearances (0.06926%); Unihan kRSUnicode 169.0; Kangxi radical 169 門; Unihan kRSUnicode single radical assignment.	[]	"[""chinese"",""traditional"",""radicals"",""frequency"",""character-to-radical"",""one-way"",""part-2""]"
zh-traditional-radicals-frequency-ii/0317/character-to-radical	II	vocabulary	317	zh-Hant	zh-Hant	展	"[""尸""]"	[]		"[""zh-Hant.frequency.0317"",""zh.radical.kangxi.044""]"	[]	[]	sources/characters.tsv	frequency rank 317; Ministry common-character number 1091	展: frequency rank 317; 836 appearances (0.06926%); Unihan kRSUnicode 44.7; Kangxi radical 44 尸; Unihan kRSUnicode single radical assignment.	[]	"[""chinese"",""traditional"",""radicals"",""frequency"",""character-to-radical"",""one-way"",""part-2""]"
zh-traditional-radicals-frequency-ii/0318/character-to-radical	II	vocabulary	318	zh-Hant	zh-Hant	連	"[""辵""]"	[]		"[""zh-Hant.frequency.0318"",""zh.radical.kangxi.162""]"	[]	[]	sources/characters.tsv	frequency rank 318; Ministry common-character number 4140	連: frequency rank 318; 834 appearances (0.06909%); Unihan kRSUnicode 162.7; Kangxi radical 162 辵; Unihan kRSUnicode single radical assignment.	[]	"[""chinese"",""traditional"",""radicals"",""frequency"",""character-to-radical"",""one-way"",""part-2""]"
zh-traditional-radicals-frequency-ii/0319/character-to-radical	II	vocabulary	319	zh-Hant	zh-Hant	今	"[""人""]"	[]		"[""zh-Hant.frequency.0319"",""zh.radical.kangxi.009""]"	[]	[]	sources/characters.tsv	frequency rank 319; Ministry common-character number 75	今: frequency rank 319; 826 appearances (0.06843%); Unihan kRSUnicode 9.2; Kangxi radical 9 人; Unihan kRSUnicode single radical assignment.	[]	"[""chinese"",""traditional"",""radicals"",""frequency"",""character-to-radical"",""one-way"",""part-2""]"
zh-traditional-radicals-frequency-ii/0320/character-to-radical	II	vocabulary	320	zh-Hant	zh-Hant	河	"[""水""]"	[]		"[""zh-Hant.frequency.0320"",""zh.radical.kangxi.085""]"	[]	[]	sources/characters.tsv	frequency rank 320; Ministry common-character number 2162	河: frequency rank 320; 826 appearances (0.06843%); Unihan kRSUnicode 85.5; Kangxi radical 85 水; Unihan kRSUnicode single radical assignment.	[]	"[""chinese"",""traditional"",""radicals"",""frequency"",""character-to-radical"",""one-way"",""part-2""]"
zh-traditional-radicals-frequency-ii/0321/character-to-radical	II	vocabulary	321	zh-Hant	zh-Hant	通	"[""辵""]"	[]		"[""zh-Hant.frequency.0321"",""zh.radical.kangxi.162""]"	[]	[]	sources/characters.tsv	frequency rank 321; Ministry common-character number 4138	通: frequency rank 321; 825 appearances (0.06835%); Unihan kRSUnicode 162.7; Kangxi radical 162 辵; Unihan kRSUnicode single radical assignment.	[]	"[""chinese"",""traditional"",""radicals"",""frequency"",""character-to-radical"",""one-way"",""part-2""]"
zh-traditional-radicals-frequency-ii/0322/character-to-radical	II	vocabulary	322	zh-Hant	zh-Hant	容	"[""宀""]"	[]		"[""zh-Hant.frequency.0322"",""zh.radical.kangxi.040""]"	[]	[]	sources/characters.tsv	frequency rank 322; Ministry common-character number 1030	容: frequency rank 322; 824 appearances (0.06826%); Unihan kRSUnicode 40.7; Kangxi radical 40 宀; Unihan kRSUnicode single radical assignment.	[]	"[""chinese"",""traditional"",""radicals"",""frequency"",""character-to-radical"",""one-way"",""part-2""]"
zh-traditional-radicals-frequency-ii/0323/character-to-radical	II	vocabulary	323	zh-Hant	zh-Hant	觀	"[""見""]"	[]		"[""zh-Hant.frequency.0323"",""zh.radical.kangxi.147""]"	[]	[]	sources/characters.tsv	frequency rank 323; Ministry common-character number 3776	觀: frequency rank 323; 824 appearances (0.06826%); Unihan kRSUnicode 147.18; Kangxi radical 147 見; Unihan kRSUnicode single radical assignment.	[]	"[""chinese"",""traditional"",""radicals"",""frequency"",""character-to-radical"",""one-way"",""part-2""]"
zh-traditional-radicals-frequency-ii/0324/character-to-radical	II	vocabulary	324	zh-Hant	zh-Hant	玩	"[""玉""]"	[]		"[""zh-Hant.frequency.0324"",""zh.radical.kangxi.096""]"	[]	[]	sources/characters.tsv	frequency rank 324; Ministry common-character number 2555	玩: frequency rank 324; 823 appearances (0.06818%); Unihan kRSUnicode 96.4; Kangxi radical 96 玉; Unihan kRSUnicode single radical assignment.	[]	"[""chinese"",""traditional"",""radicals"",""frequency"",""character-to-radical"",""one-way"",""part-2""]"
zh-traditional-radicals-frequency-ii/0325/character-to-radical	II	vocabulary	325	zh-Hant	zh-Hant	興	"[""臼""]"	[]		"[""zh-Hant.frequency.0325"",""zh.radical.kangxi.134""]"	[]	[]	sources/characters.tsv	frequency rank 325; Ministry common-character number 3399	興: frequency rank 325; 821 appearances (0.06802%); Unihan kRSUnicode 134.9; Kangxi radical 134 臼; Unihan kRSUnicode single radical assignment.	[]	"[""chinese"",""traditional"",""radicals"",""frequency"",""character-to-radical"",""one-way"",""part-2""]"
zh-traditional-radicals-frequency-ii/0326/character-to-radical	II	vocabulary	326	zh-Hant	zh-Hant	句	"[""口""]"	[]		"[""zh-Hant.frequency.0326"",""zh.radical.kangxi.030""]"	[]	[]	sources/characters.tsv	frequency rank 326; Ministry common-character number 497	句: frequency rank 326; 816 appearances (0.06760%); Unihan kRSUnicode 30.2; Kangxi radical 30 口; Unihan kRSUnicode single radical assignment.	[]	"[""chinese"",""traditional"",""radicals"",""frequency"",""character-to-radical"",""one-way"",""part-2""]"
zh-traditional-radicals-frequency-ii/0327/character-to-radical	II	vocabulary	327	zh-Hant	zh-Hant	傳	"[""人""]"	[]		"[""zh-Hant.frequency.0327"",""zh.radical.kangxi.009""]"	[]	[]	sources/characters.tsv	frequency rank 327; Ministry common-character number 228	傳: frequency rank 327; 813 appearances (0.06735%); Unihan kRSUnicode 9.11; Kangxi radical 9 人; Unihan kRSUnicode single radical assignment.	[]	"[""chinese"",""traditional"",""radicals"",""frequency"",""character-to-radical"",""one-way"",""part-2""]"
zh-traditional-radicals-frequency-ii/0328/character-to-radical	II	vocabulary	328	zh-Hant	zh-Hant	認	"[""言""]"	[]		"[""zh-Hant.frequency.0328"",""zh.radical.kangxi.149""]"	[]	[]	sources/characters.tsv	frequency rank 328; Ministry common-character number 3835	認: frequency rank 328; 813 appearances (0.06735%); Unihan kRSUnicode 149.7; Kangxi radical 149 言; Unihan kRSUnicode single radical assignment.	[]	"[""chinese"",""traditional"",""radicals"",""frequency"",""character-to-radical"",""one-way"",""part-2""]"
zh-traditional-radicals-frequency-ii/0329/character-to-radical	II	vocabulary	329	zh-Hant	zh-Hant	隻	"[""隹""]"	[]		"[""zh-Hant.frequency.0329"",""zh.radical.kangxi.172""]"	[]	[]	sources/characters.tsv	frequency rank 329; Ministry common-character number 4449	隻: frequency rank 329; 804 appearances (0.06661%); Unihan kRSUnicode 172.2; Kangxi radical 172 隹; Unihan kRSUnicode single radical assignment.	[]	"[""chinese"",""traditional"",""radicals"",""frequency"",""character-to-radical"",""one-way"",""part-2""]"
zh-traditional-radicals-frequency-ii/0330/character-to-radical	II	vocabulary	330	zh-Hant	zh-Hant	詞	"[""言""]"	[]		"[""zh-Hant.frequency.0330"",""zh.radical.kangxi.149""]"	[]	[]	sources/characters.tsv	frequency rank 330; Ministry common-character number 3805	詞: frequency rank 330; 803 appearances (0.06652%); Unihan kRSUnicode 149.5; Kangxi radical 149 言; Unihan kRSUnicode single radical assignment.	[]	"[""chinese"",""traditional"",""radicals"",""frequency"",""character-to-radical"",""one-way"",""part-2""]"
zh-traditional-radicals-frequency-ii/0331/character-to-radical	II	vocabulary	331	zh-Hant	zh-Hant	性	"[""心""]"	[]		"[""zh-Hant.frequency.0331"",""zh.radical.kangxi.061""]"	[]	[]	sources/characters.tsv	frequency rank 331; Ministry common-character number 1328	性: frequency rank 331; 801 appearances (0.06636%); Unihan kRSUnicode 61.5; Kangxi radical 61 心; Unihan kRSUnicode single radical assignment.	[]	"[""chinese"",""traditional"",""radicals"",""frequency"",""character-to-radical"",""one-way"",""part-2""]"
zh-traditional-radicals-frequency-ii/0332/character-to-radical	II	vocabulary	332	zh-Hant	zh-Hant	卻	"[""卩""]"	[]		"[""zh-Hant.frequency.0332"",""zh.radical.kangxi.026""]"	[]	[]	sources/characters.tsv	frequency rank 332; Ministry common-character number 457	卻: frequency rank 332; 801 appearances (0.06636%); Unihan kRSUnicode 26.7; Kangxi radical 26 卩; Unihan kRSUnicode single radical assignment.	[]	"[""chinese"",""traditional"",""radicals"",""frequency"",""character-to-radical"",""one-way"",""part-2""]"
zh-traditional-radicals-frequency-ii/0333/character-to-radical	II	vocabulary	333	zh-Hant	zh-Hant	木	"[""木""]"	[]		"[""zh-Hant.frequency.0333"",""zh.radical.kangxi.075""]"	[]	[]	sources/characters.tsv	frequency rank 333; Ministry common-character number 1853	木: frequency rank 333; 800 appearances (0.06628%); Unihan kRSUnicode 75.0; Kangxi radical 75 木; Unihan kRSUnicode single radical assignment.	[]	"[""chinese"",""traditional"",""radicals"",""frequency"",""character-to-radical"",""one-way"",""part-2""]"
zh-traditional-radicals-frequency-ii/0334/character-to-radical	II	vocabulary	334	zh-Hant	zh-Hant	近	"[""辵""]"	[]		"[""zh-Hant.frequency.0334"",""zh.radical.kangxi.162""]"	[]	[]	sources/characters.tsv	frequency rank 334; Ministry common-character number 4119	近: frequency rank 334; 794 appearances (0.06578%); Unihan kRSUnicode 162.4; Kangxi radical 162 辵; Unihan kRSUnicode single radical assignment.	[]	"[""chinese"",""traditional"",""radicals"",""frequency"",""character-to-radical"",""one-way"",""part-2""]"
zh-traditional-radicals-frequency-ii/0335/character-to-radical	II	vocabulary	335	zh-Hant	zh-Hant	萬	"[""艸""]"	[]		"[""zh-Hant.frequency.0335"",""zh.radical.kangxi.140""]"	[]	[]	sources/characters.tsv	frequency rank 335; Ministry common-character number 2909	萬: frequency rank 335; 793 appearances (0.06570%); Unihan kRSUnicode 114.8 140.9; Kangxi radical 140 艸; Traditional dictionary radical 艸 selected from Unihan alternatives 114.8 and 140.9.	[]	"[""chinese"",""traditional"",""radicals"",""frequency"",""character-to-radical"",""one-way"",""part-2""]"
zh-traditional-radicals-frequency-ii/0336/character-to-radical	II	vocabulary	336	zh-Hant	zh-Hant	金	"[""金""]"	[]		"[""zh-Hant.frequency.0336"",""zh.radical.kangxi.167""]"	[]	[]	sources/characters.tsv	frequency rank 336; Ministry common-character number 4261	金: frequency rank 336; 792 appearances (0.06561%); Unihan kRSUnicode 167.0; Kangxi radical 167 金; Unihan kRSUnicode single radical assignment.	[]	"[""chinese"",""traditional"",""radicals"",""frequency"",""character-to-radical"",""one-way"",""part-2""]"
zh-traditional-radicals-frequency-ii/0337/character-to-radical	II	vocabulary	337	zh-Hant	zh-Hant	選	"[""辵""]"	[]		"[""zh-Hant.frequency.0337"",""zh.radical.kangxi.162""]"	[]	[]	sources/characters.tsv	frequency rank 337; Ministry common-character number 4185	選: frequency rank 337; 791 appearances (0.06553%); Unihan kRSUnicode 162.12; Kangxi radical 162 辵; Unihan kRSUnicode single radical assignment.	[]	"[""chinese"",""traditional"",""radicals"",""frequency"",""character-to-radical"",""one-way"",""part-2""]"
zh-traditional-radicals-frequency-ii/0338/character-to-radical	II	vocabulary	338	zh-Hant	zh-Hant	清	"[""水""]"	[]		"[""zh-Hant.frequency.0338"",""zh.radical.kangxi.085""]"	[]	[]	sources/characters.tsv	frequency rank 338; Ministry common-character number 2224	清: frequency rank 338; 788 appearances (0.06528%); Unihan kRSUnicode 85.8; Kangxi radical 85 水; Unihan kRSUnicode single radical assignment.	[]	"[""chinese"",""traditional"",""radicals"",""frequency"",""character-to-radical"",""one-way"",""part-2""]"
zh-traditional-radicals-frequency-ii/0339/character-to-radical	II	vocabulary	339	zh-Hant	zh-Hant	火	"[""火""]"	[]		"[""zh-Hant.frequency.0339"",""zh.radical.kangxi.086""]"	[]	[]	sources/characters.tsv	frequency rank 339; Ministry common-character number 2383	火: frequency rank 339; 786 appearances (0.06512%); Unihan kRSUnicode 86.0; Kangxi radical 86 火; Unihan kRSUnicode single radical assignment.	[]	"[""chinese"",""traditional"",""radicals"",""frequency"",""character-to-radical"",""one-way"",""part-2""]"
zh-traditional-radicals-frequency-ii/0340/character-to-radical	II	vocabulary	340	zh-Hant	zh-Hant	信	"[""人""]"	[]		"[""zh-Hant.frequency.0340"",""zh.radical.kangxi.009""]"	[]	[]	sources/characters.tsv	frequency rank 340; Ministry common-character number 148	信: frequency rank 340; 785 appearances (0.06503%); Unihan kRSUnicode 9.7; Kangxi radical 9 人; Unihan kRSUnicode single radical assignment.	[]	"[""chinese"",""traditional"",""radicals"",""frequency"",""character-to-radical"",""one-way"",""part-2""]"
zh-traditional-radicals-frequency-ii/0341/character-to-radical	II	vocabulary	341	zh-Hant	zh-Hant	填	"[""土""]"	[]		"[""zh-Hant.frequency.0341"",""zh.radical.kangxi.032""]"	[]	[]	sources/characters.tsv	frequency rank 341; Ministry common-character number 799	填: frequency rank 341; 784 appearances (0.06495%); Unihan kRSUnicode 32.10; Kangxi radical 32 土; Unihan kRSUnicode single radical assignment.	[]	"[""chinese"",""traditional"",""radicals"",""frequency"",""character-to-radical"",""one-way"",""part-2""]"
zh-traditional-radicals-frequency-ii/0342/character-to-radical	II	vocabulary	342	zh-Hant	zh-Hant	孩	"[""子""]"	[]		"[""zh-Hant.frequency.0342"",""zh.radical.kangxi.039""]"	[]	[]	sources/characters.tsv	frequency rank 342; Ministry common-character number 995	孩: frequency rank 342; 772 appearances (0.06396%); Unihan kRSUnicode 39.6; Kangxi radical 39 子; Unihan kRSUnicode single radical assignment.	[]	"[""chinese"",""traditional"",""radicals"",""frequency"",""character-to-radical"",""one-way"",""part-2""]"
zh-traditional-radicals-frequency-ii/0343/character-to-radical	II	vocabulary	343	zh-Hant	zh-Hant	者	"[""老""]"	[]		"[""zh-Hant.frequency.0343"",""zh.radical.kangxi.125""]"	[]	[]	sources/characters.tsv	frequency rank 343; Ministry common-character number 3253	者: frequency rank 343; 766 appearances (0.06346%); Unihan kRSUnicode 125.4; Kangxi radical 125 老; Unihan kRSUnicode single radical assignment.	[]	"[""chinese"",""traditional"",""radicals"",""frequency"",""character-to-radical"",""one-way"",""part-2""]"
zh-traditional-radicals-frequency-ii/0344/character-to-radical	II	vocabulary	344	zh-Hant	zh-Hant	父	"[""父""]"	[]		"[""zh-Hant.frequency.0344"",""zh.radical.kangxi.088""]"	[]	[]	sources/characters.tsv	frequency rank 344; Ministry common-character number 2471	父: frequency rank 344; 764 appearances (0.06329%); Unihan kRSUnicode 88.0; Kangxi radical 88 父; Unihan kRSUnicode single radical assignment.	[]	"[""chinese"",""traditional"",""radicals"",""frequency"",""character-to-radical"",""one-way"",""part-2""]"
zh-traditional-radicals-frequency-ii/0345/character-to-radical	II	vocabulary	345	zh-Hant	zh-Hant	魚	"[""魚""]"	[]		"[""zh-Hant.frequency.0345"",""zh.radical.kangxi.195""]"	[]	[]	sources/characters.tsv	frequency rank 345; Ministry common-character number 4691	魚: frequency rank 345; 764 appearances (0.06329%); Unihan kRSUnicode 195.0; Kangxi radical 195 魚; Unihan kRSUnicode single radical assignment.	[]	"[""chinese"",""traditional"",""radicals"",""frequency"",""character-to-radical"",""one-way"",""part-2""]"
zh-traditional-radicals-frequency-ii/0346/character-to-radical	II	vocabulary	346	zh-Hant	zh-Hant	受	"[""又""]"	[]		"[""zh-Hant.frequency.0346"",""zh.radical.kangxi.029""]"	[]	[]	sources/characters.tsv	frequency rank 346; Ministry common-character number 475	受: frequency rank 346; 758 appearances (0.06280%); Unihan kRSUnicode 29.6; Kangxi radical 29 又; Unihan kRSUnicode single radical assignment.	[]	"[""chinese"",""traditional"",""radicals"",""frequency"",""character-to-radical"",""one-way"",""part-2""]"
zh-traditional-radicals-frequency-ii/0347/character-to-radical	II	vocabulary	347	zh-Hant	zh-Hant	號	"[""虍""]"	[]		"[""zh-Hant.frequency.0347"",""zh.radical.kangxi.141""]"	[]	[]	sources/characters.tsv	frequency rank 347; Ministry common-character number 3612	號: frequency rank 347; 756 appearances (0.06263%); Unihan kRSUnicode 141.7; Kangxi radical 141 虍; Unihan kRSUnicode single radical assignment.	[]	"[""chinese"",""traditional"",""radicals"",""frequency"",""character-to-radical"",""one-way"",""part-2""]"
zh-traditional-radicals-frequency-ii/0348/character-to-radical	II	vocabulary	348	zh-Hant	zh-Hant	亮	"[""亠""]"	[]		"[""zh-Hant.frequency.0348"",""zh.radical.kangxi.008""]"	[]	[]	sources/characters.tsv	frequency rank 348; Ministry common-character number 67	亮: frequency rank 348; 754 appearances (0.06247%); Unihan kRSUnicode 8.7; Kangxi radical 8 亠; Unihan kRSUnicode single radical assignment.	[]	"[""chinese"",""traditional"",""radicals"",""frequency"",""character-to-radical"",""one-way"",""part-2""]"
zh-traditional-radicals-frequency-ii/0349/character-to-radical	II	vocabulary	349	zh-Hant	zh-Hant	收	"[""攴""]"	[]		"[""zh-Hant.frequency.0349"",""zh.radical.kangxi.066""]"	[]	[]	sources/characters.tsv	frequency rank 349; Ministry common-character number 1716	收: frequency rank 349; 749 appearances (0.06205%); Unihan kRSUnicode 66.2; Kangxi radical 66 攴; Unihan kRSUnicode single radical assignment.	[]	"[""chinese"",""traditional"",""radicals"",""frequency"",""character-to-radical"",""one-way"",""part-2""]"
zh-traditional-radicals-frequency-ii/0350/character-to-radical	II	vocabulary	350	zh-Hant	zh-Hant	林	"[""木""]"	[]		"[""zh-Hant.frequency.0350"",""zh.radical.kangxi.075""]"	[]	[]	sources/characters.tsv	frequency rank 350; Ministry common-character number 1881	林: frequency rank 350; 749 appearances (0.06205%); Unihan kRSUnicode 75.4; Kangxi radical 75 木; Unihan kRSUnicode single radical assignment.	[]	"[""chinese"",""traditional"",""radicals"",""frequency"",""character-to-radical"",""one-way"",""part-2""]"
zh-traditional-radicals-frequency-ii/0351/character-to-radical	II	vocabulary	351	zh-Hant	zh-Hant	熱	"[""火""]"	[]		"[""zh-Hant.frequency.0351"",""zh.radical.kangxi.086""]"	[]	[]	sources/characters.tsv	frequency rank 351; Ministry common-character number 2438	熱: frequency rank 351; 749 appearances (0.06205%); Unihan kRSUnicode 86.11; Kangxi radical 86 火; Unihan kRSUnicode single radical assignment.	[]	"[""chinese"",""traditional"",""radicals"",""frequency"",""character-to-radical"",""one-way"",""part-2""]"
zh-traditional-radicals-frequency-ii/0352/character-to-radical	II	vocabulary	352	zh-Hant	zh-Hant	品	"[""口""]"	[]		"[""zh-Hant.frequency.0352"",""zh.radical.kangxi.030""]"	[]	[]	sources/characters.tsv	frequency rank 352; Ministry common-character number 575	品: frequency rank 352; 747 appearances (0.06189%); Unihan kRSUnicode 30.6; Kangxi radical 30 口; Unihan kRSUnicode single radical assignment.	[]	"[""chinese"",""traditional"",""radicals"",""frequency"",""character-to-radical"",""one-way"",""part-2""]"
zh-traditional-radicals-frequency-ii/0353/character-to-radical	II	vocabulary	353	zh-Hant	zh-Hant	班	"[""玉""]"	[]		"[""zh-Hant.frequency.0353"",""zh.radical.kangxi.096""]"	[]	[]	sources/characters.tsv	frequency rank 353; Ministry common-character number 2566	班: frequency rank 353; 744 appearances (0.06164%); Unihan kRSUnicode 96.6; Kangxi radical 96 玉; Unihan kRSUnicode single radical assignment.	[]	"[""chinese"",""traditional"",""radicals"",""frequency"",""character-to-radical"",""one-way"",""part-2""]"
zh-traditional-radicals-frequency-ii/0354/character-to-radical	II	vocabulary	354	zh-Hant	zh-Hant	斯	"[""斤""]"	[]		"[""zh-Hant.frequency.0354"",""zh.radical.kangxi.069""]"	[]	[]	sources/characters.tsv	frequency rank 354; Ministry common-character number 1756	斯: frequency rank 354; 739 appearances (0.06122%); Unihan kRSUnicode 69.8; Kangxi radical 69 斤; Unihan kRSUnicode single radical assignment.	[]	"[""chinese"",""traditional"",""radicals"",""frequency"",""character-to-radical"",""one-way"",""part-2""]"
zh-traditional-radicals-frequency-ii/0355/character-to-radical	II	vocabulary	355	zh-Hant	zh-Hant	牠	"[""牛""]"	[]		"[""zh-Hant.frequency.0355"",""zh.radical.kangxi.093""]"	[]	[]	sources/characters.tsv	frequency rank 355; Ministry common-character number 2491	牠: frequency rank 355; 738 appearances (0.06114%); Unihan kRSUnicode 93.3; Kangxi radical 93 牛; Unihan kRSUnicode single radical assignment.	[]	"[""chinese"",""traditional"",""radicals"",""frequency"",""character-to-radical"",""one-way"",""part-2""]"
zh-traditional-radicals-frequency-ii/0356/character-to-radical	II	vocabulary	356	zh-Hant	zh-Hant	稱	"[""禾""]"	[]		"[""zh-Hant.frequency.0356"",""zh.radical.kangxi.115""]"	[]	[]	sources/characters.tsv	frequency rank 356; Ministry common-character number 2937	稱: frequency rank 356; 738 appearances (0.06114%); Unihan kRSUnicode 115.9; Kangxi radical 115 禾; Unihan kRSUnicode single radical assignment.	[]	"[""chinese"",""traditional"",""radicals"",""frequency"",""character-to-radical"",""one-way"",""part-2""]"
zh-traditional-radicals-frequency-ii/0357/character-to-radical	II	vocabulary	357	zh-Hant	zh-Hant	肉	"[""肉""]"	[]		"[""zh-Hant.frequency.0357"",""zh.radical.kangxi.130""]"	[]	[]	sources/characters.tsv	frequency rank 357; Ministry common-character number 3288	肉: frequency rank 357; 736 appearances (0.06097%); Unihan kRSUnicode 130.0; Kangxi radical 130 肉; Unihan kRSUnicode single radical assignment.	[]	"[""chinese"",""traditional"",""radicals"",""frequency"",""character-to-radical"",""one-way"",""part-2""]"
zh-traditional-radicals-frequency-ii/0358/character-to-radical	II	vocabulary	358	zh-Hant	zh-Hant	腦	"[""肉""]"	[]		"[""zh-Hant.frequency.0358"",""zh.radical.kangxi.130""]"	[]	[]	sources/characters.tsv	frequency rank 358; Ministry common-character number 3354	腦: frequency rank 358; 731 appearances (0.06056%); Unihan kRSUnicode 130.9; Kangxi radical 130 肉; Unihan kRSUnicode single radical assignment.	[]	"[""chinese"",""traditional"",""radicals"",""frequency"",""character-to-radical"",""one-way"",""part-2""]"
zh-traditional-radicals-frequency-ii/0359/character-to-radical	II	vocabulary	359	zh-Hant	zh-Hant	難	"[""隹""]"	[]		"[""zh-Hant.frequency.0359"",""zh.radical.kangxi.172""]"	[]	[]	sources/characters.tsv	frequency rank 359; Ministry common-character number 4467	難: frequency rank 359; 729 appearances (0.06039%); Unihan kRSUnicode 172.11; Kangxi radical 172 隹; Unihan kRSUnicode single radical assignment.	[]	"[""chinese"",""traditional"",""radicals"",""frequency"",""character-to-radical"",""one-way"",""part-2""]"
zh-traditional-radicals-frequency-ii/0360/character-to-radical	II	vocabulary	360	zh-Hant	zh-Hant	念	"[""心""]"	[]		"[""zh-Hant.frequency.0360"",""zh.radical.kangxi.061""]"	[]	[]	sources/characters.tsv	frequency rank 360; Ministry common-character number 1318	念: frequency rank 360; 727 appearances (0.06023%); Unihan kRSUnicode 61.4; Kangxi radical 61 心; Unihan kRSUnicode single radical assignment.	[]	"[""chinese"",""traditional"",""radicals"",""frequency"",""character-to-radical"",""one-way"",""part-2""]"
zh-traditional-radicals-frequency-ii/0361/character-to-radical	II	vocabulary	361	zh-Hant	zh-Hant	線	"[""糸""]"	[]		"[""zh-Hant.frequency.0361"",""zh.radical.kangxi.120""]"	[]	[]	sources/characters.tsv	frequency rank 361; Ministry common-character number 3156	線: frequency rank 361; 727 appearances (0.06023%); Unihan kRSUnicode 120.9; Kangxi radical 120 糸; Unihan kRSUnicode single radical assignment.	[]	"[""chinese"",""traditional"",""radicals"",""frequency"",""character-to-radical"",""one-way"",""part-2""]"
zh-traditional-radicals-frequency-ii/0362/character-to-radical	II	vocabulary	362	zh-Hant	zh-Hant	思	"[""心""]"	[]		"[""zh-Hant.frequency.0362"",""zh.radical.kangxi.061""]"	[]	[]	sources/characters.tsv	frequency rank 362; Ministry common-character number 1330	思: frequency rank 362; 726 appearances (0.06015%); Unihan kRSUnicode 61.5; Kangxi radical 61 心; Unihan kRSUnicode single radical assignment.	[]	"[""chinese"",""traditional"",""radicals"",""frequency"",""character-to-radical"",""one-way"",""part-2""]"
zh-traditional-radicals-frequency-ii/0363/character-to-radical	II	vocabulary	363	zh-Hant	zh-Hant	片	"[""片""]"	[]		"[""zh-Hant.frequency.0363"",""zh.radical.kangxi.091""]"	[]	[]	sources/characters.tsv	frequency rank 363; Ministry common-character number 2479	片: frequency rank 363; 723 appearances (0.05990%); Unihan kRSUnicode 91.0; Kangxi radical 91 片; Unihan kRSUnicode single radical assignment.	[]	"[""chinese"",""traditional"",""radicals"",""frequency"",""character-to-radical"",""one-way"",""part-2""]"
zh-traditional-radicals-frequency-ii/0364/character-to-radical	II	vocabulary	364	zh-Hant	zh-Hant	語	"[""言""]"	[]		"[""zh-Hant.frequency.0364"",""zh.radical.kangxi.149""]"	[]	[]	sources/characters.tsv	frequency rank 364; Ministry common-character number 3833	語: frequency rank 364; 722 appearances (0.05981%); Unihan kRSUnicode 149.7; Kangxi radical 149 言; Unihan kRSUnicode single radical assignment.	[]	"[""chinese"",""traditional"",""radicals"",""frequency"",""character-to-radical"",""one-way"",""part-2""]"
zh-traditional-radicals-frequency-ii/0365/character-to-radical	II	vocabulary	365	zh-Hant	zh-Hant	故	"[""攴""]"	[]		"[""zh-Hant.frequency.0365"",""zh.radical.kangxi.066""]"	[]	[]	sources/characters.tsv	frequency rank 365; Ministry common-character number 1721	故: frequency rank 365; 721 appearances (0.05973%); Unihan kRSUnicode 66.5; Kangxi radical 66 攴; Unihan kRSUnicode single radical assignment.	[]	"[""chinese"",""traditional"",""radicals"",""frequency"",""character-to-radical"",""one-way"",""part-2""]"
zh-traditional-radicals-frequency-ii/0366/character-to-radical	II	vocabulary	366	zh-Hant	zh-Hant	市	"[""巾""]"	[]		"[""zh-Hant.frequency.0366"",""zh.radical.kangxi.050""]"	[]	[]	sources/characters.tsv	frequency rank 366; Ministry common-character number 1161	市: frequency rank 366; 715 appearances (0.05923%); Unihan kRSUnicode 50.2; Kangxi radical 50 巾; Unihan kRSUnicode single radical assignment.	[]	"[""chinese"",""traditional"",""radicals"",""frequency"",""character-to-radical"",""one-way"",""part-2""]"
zh-traditional-radicals-frequency-ii/0367/character-to-radical	II	vocabulary	367	zh-Hant	zh-Hant	角	"[""角""]"	[]		"[""zh-Hant.frequency.0367"",""zh.radical.kangxi.148""]"	[]	[]	sources/characters.tsv	frequency rank 367; Ministry common-character number 3777	角: frequency rank 367; 714 appearances (0.05915%); Unihan kRSUnicode 148.0; Kangxi radical 148 角; Unihan kRSUnicode single radical assignment.	[]	"[""chinese"",""traditional"",""radicals"",""frequency"",""character-to-radical"",""one-way"",""part-2""]"
zh-traditional-radicals-frequency-ii/0368/character-to-radical	II	vocabulary	368	zh-Hant	zh-Hant	網	"[""糸""]"	[]		"[""zh-Hant.frequency.0368"",""zh.radical.kangxi.120""]"	[]	[]	sources/characters.tsv	frequency rank 368; Ministry common-character number 3137	網: frequency rank 368; 712 appearances (0.05899%); Unihan kRSUnicode 120.8; Kangxi radical 120 糸; Unihan kRSUnicode single radical assignment.	[]	"[""chinese"",""traditional"",""radicals"",""frequency"",""character-to-radical"",""one-way"",""part-2""]"
zh-traditional-radicals-frequency-ii/0369/character-to-radical	II	vocabulary	369	zh-Hant	zh-Hant	場	"[""土""]"	[]		"[""zh-Hant.frequency.0369"",""zh.radical.kangxi.032""]"	[]	[]	sources/characters.tsv	frequency rank 369; Ministry common-character number 788	場: frequency rank 369; 710 appearances (0.05882%); Unihan kRSUnicode 32.9; Kangxi radical 32 土; Unihan kRSUnicode single radical assignment.	[]	"[""chinese"",""traditional"",""radicals"",""frequency"",""character-to-radical"",""one-way"",""part-2""]"
zh-traditional-radicals-frequency-ii/0370/character-to-radical	II	vocabulary	370	zh-Hant	zh-Hant	提	"[""手""]"	[]		"[""zh-Hant.frequency.0370"",""zh.radical.kangxi.064""]"	[]	[]	sources/characters.tsv	frequency rank 370; Ministry common-character number 1624	提: frequency rank 370; 707 appearances (0.05857%); Unihan kRSUnicode 64.9; Kangxi radical 64 手; Unihan kRSUnicode single radical assignment.	[]	"[""chinese"",""traditional"",""radicals"",""frequency"",""character-to-radical"",""one-way"",""part-2""]"
zh-traditional-radicals-frequency-ii/0371/character-to-radical	II	vocabulary	371	zh-Hant	zh-Hant	草	"[""艸""]"	[]		"[""zh-Hant.frequency.0371"",""zh.radical.kangxi.140""]"	[]	[]	sources/characters.tsv	frequency rank 371; Ministry common-character number 3469	草: frequency rank 371; 705 appearances (0.05841%); Unihan kRSUnicode 140.6; Kangxi radical 140 艸; Unihan kRSUnicode single radical assignment.	[]	"[""chinese"",""traditional"",""radicals"",""frequency"",""character-to-radical"",""one-way"",""part-2""]"
zh-traditional-radicals-frequency-ii/0372/character-to-radical	II	vocabulary	372	zh-Hant	zh-Hant	啊	"[""口""]"	[]		"[""zh-Hant.frequency.0372"",""zh.radical.kangxi.030""]"	[]	[]	sources/characters.tsv	frequency rank 372; Ministry common-character number 607	啊: frequency rank 372; 705 appearances (0.05841%); Unihan kRSUnicode 30.8; Kangxi radical 30 口; Unihan kRSUnicode single radical assignment.	[]	"[""chinese"",""traditional"",""radicals"",""frequency"",""character-to-radical"",""one-way"",""part-2""]"
zh-traditional-radicals-frequency-ii/0373/character-to-radical	II	vocabulary	373	zh-Hant	zh-Hant	遠	"[""辵""]"	[]		"[""zh-Hant.frequency.0373"",""zh.radical.kangxi.162""]"	[]	[]	sources/characters.tsv	frequency rank 373; Ministry common-character number 4172	遠: frequency rank 373; 703 appearances (0.05824%); Unihan kRSUnicode 162.10; Kangxi radical 162 辵; Unihan kRSUnicode single radical assignment.	[]	"[""chinese"",""traditional"",""radicals"",""frequency"",""character-to-radical"",""one-way"",""part-2""]"
zh-traditional-radicals-frequency-ii/0374/character-to-radical	II	vocabulary	374	zh-Hant	zh-Hant	九	"[""乙""]"	[]		"[""zh-Hant.frequency.0374"",""zh.radical.kangxi.005""]"	[]	[]	sources/characters.tsv	frequency rank 374; Ministry common-character number 39	九: frequency rank 374; 701 appearances (0.05807%); Unihan kRSUnicode 5.1; Kangxi radical 5 乙; Unihan kRSUnicode single radical assignment.	[]	"[""chinese"",""traditional"",""radicals"",""frequency"",""character-to-radical"",""one-way"",""part-2""]"
zh-traditional-radicals-frequency-ii/0375/character-to-radical	II	vocabulary	375	zh-Hant	zh-Hant	跟	"[""足""]"	[]		"[""zh-Hant.frequency.0375"",""zh.radical.kangxi.157""]"	[]	[]	sources/characters.tsv	frequency rank 375; Ministry common-character number 4013	跟: frequency rank 375; 701 appearances (0.05807%); Unihan kRSUnicode 157.6; Kangxi radical 157 足; Unihan kRSUnicode single radical assignment.	[]	"[""chinese"",""traditional"",""radicals"",""frequency"",""character-to-radical"",""one-way"",""part-2""]"
zh-traditional-radicals-frequency-ii/0376/character-to-radical	II	vocabulary	376	zh-Hant	zh-Hant	麗	"[""鹿""]"	[]		"[""zh-Hant.frequency.0376"",""zh.radical.kangxi.198""]"	[]	[]	sources/characters.tsv	frequency rank 376; Ministry common-character number 4756	麗: frequency rank 376; 698 appearances (0.05783%); Unihan kRSUnicode 198.8; Kangxi radical 198 鹿; Unihan kRSUnicode single radical assignment.	[]	"[""chinese"",""traditional"",""radicals"",""frequency"",""character-to-radical"",""one-way"",""part-2""]"
zh-traditional-radicals-frequency-ii/0377/character-to-radical	II	vocabulary	377	zh-Hant	zh-Hant	區	"[""匸""]"	[]		"[""zh-Hant.frequency.0377"",""zh.radical.kangxi.023""]"	[]	[]	sources/characters.tsv	frequency rank 377; Ministry common-character number 427	區: frequency rank 377; 694 appearances (0.05749%); Unihan kRSUnicode 23.9; Kangxi radical 23 匸; Unihan kRSUnicode single radical assignment.	[]	"[""chinese"",""traditional"",""radicals"",""frequency"",""character-to-radical"",""one-way"",""part-2""]"
zh-traditional-radicals-frequency-ii/0378/character-to-radical	II	vocabulary	378	zh-Hant	zh-Hant	笑	"[""竹""]"	[]		"[""zh-Hant.frequency.0378"",""zh.radical.kangxi.118""]"	[]	[]	sources/characters.tsv	frequency rank 378; Ministry common-character number 2989	笑: frequency rank 378; 694 appearances (0.05749%); Unihan kRSUnicode 118.4; Kangxi radical 118 竹; Unihan kRSUnicode single radical assignment.	[]	"[""chinese"",""traditional"",""radicals"",""frequency"",""character-to-radical"",""one-way"",""part-2""]"
zh-traditional-radicals-frequency-ii/0379/character-to-radical	II	vocabulary	379	zh-Hant	zh-Hant	術	"[""行""]"	[]		"[""zh-Hant.frequency.0379"",""zh.radical.kangxi.144""]"	[]	[]	sources/characters.tsv	frequency rank 379; Ministry common-character number 3701	術: frequency rank 379; 694 appearances (0.05749%); Unihan kRSUnicode 144.5; Kangxi radical 144 行; Unihan kRSUnicode single radical assignment.	[]	"[""chinese"",""traditional"",""radicals"",""frequency"",""character-to-radical"",""one-way"",""part-2""]"
zh-traditional-radicals-frequency-ii/0380/character-to-radical	II	vocabulary	380	zh-Hant	zh-Hant	影	"[""彡""]"	[]		"[""zh-Hant.frequency.0380"",""zh.radical.kangxi.059""]"	[]	[]	sources/characters.tsv	frequency rank 380; Ministry common-character number 1275	影: frequency rank 380; 693 appearances (0.05741%); Unihan kRSUnicode 59.12; Kangxi radical 59 彡; Unihan kRSUnicode single radical assignment.	[]	"[""chinese"",""traditional"",""radicals"",""frequency"",""character-to-radical"",""one-way"",""part-2""]"
zh-traditional-radicals-frequency-ii/0381/character-to-radical	II	vocabulary	381	zh-Hant	zh-Hant	滿	"[""水""]"	[]		"[""zh-Hant.frequency.0381"",""zh.radical.kangxi.085""]"	[]	[]	sources/characters.tsv	frequency rank 381; Ministry common-character number 2309	滿: frequency rank 381; 692 appearances (0.05733%); Unihan kRSUnicode 85.11; Kangxi radical 85 水; Unihan kRSUnicode single radical assignment.	[]	"[""chinese"",""traditional"",""radicals"",""frequency"",""character-to-radical"",""one-way"",""part-2""]"
zh-traditional-radicals-frequency-ii/0382/character-to-radical	II	vocabulary	382	zh-Hant	zh-Hant	達	"[""辵""]"	[]		"[""zh-Hant.frequency.0382"",""zh.radical.kangxi.162""]"	[]	[]	sources/characters.tsv	frequency rank 382; Ministry common-character number 4161	達: frequency rank 382; 692 appearances (0.05733%); Unihan kRSUnicode 162.9; Kangxi radical 162 辵; Unihan kRSUnicode single radical assignment.	[]	"[""chinese"",""traditional"",""radicals"",""frequency"",""character-to-radical"",""one-way"",""part-2""]"
zh-traditional-radicals-frequency-ii/0383/character-to-radical	II	vocabulary	383	zh-Hant	zh-Hant	且	"[""一""]"	[]		"[""zh-Hant.frequency.0383"",""zh.radical.kangxi.001""]"	[]	[]	sources/characters.tsv	frequency rank 383; Ministry common-character number 14	且: frequency rank 383; 691 appearances (0.05725%); Unihan kRSUnicode 1.4; Kangxi radical 1 一; Unihan kRSUnicode single radical assignment.	[]	"[""chinese"",""traditional"",""radicals"",""frequency"",""character-to-radical"",""one-way"",""part-2""]"
zh-traditional-radicals-frequency-ii/0384/character-to-radical	II	vocabulary	384	zh-Hant	zh-Hant	建	"[""廴""]"	[]		"[""zh-Hant.frequency.0384"",""zh.radical.kangxi.054""]"	[]	[]	sources/characters.tsv	frequency rank 384; Ministry common-character number 1237	建: frequency rank 384; 690 appearances (0.05716%); Unihan kRSUnicode 54.6; Kangxi radical 54 廴; Unihan kRSUnicode single radical assignment.	[]	"[""chinese"",""traditional"",""radicals"",""frequency"",""character-to-radical"",""one-way"",""part-2""]"
zh-traditional-radicals-frequency-ii/0385/character-to-radical	II	vocabulary	385	zh-Hant	zh-Hant	辦	"[""辛""]"	[]		"[""zh-Hant.frequency.0385"",""zh.radical.kangxi.160""]"	[]	[]	sources/characters.tsv	frequency rank 385; Ministry common-character number 4106	辦: frequency rank 385; 688 appearances (0.05700%); Unihan kRSUnicode 160.9; Kangxi radical 160 辛; Unihan kRSUnicode single radical assignment.	[]	"[""chinese"",""traditional"",""radicals"",""frequency"",""character-to-radical"",""one-way"",""part-2""]"
zh-traditional-radicals-frequency-ii/0386/character-to-radical	II	vocabulary	386	zh-Hant	zh-Hant	早	"[""日""]"	[]		"[""zh-Hant.frequency.0386"",""zh.radical.kangxi.072""]"	[]	[]	sources/characters.tsv	frequency rank 386; Ministry common-character number 1773	早: frequency rank 386; 685 appearances (0.05675%); Unihan kRSUnicode 72.2; Kangxi radical 72 日; Unihan kRSUnicode single radical assignment.	[]	"[""chinese"",""traditional"",""radicals"",""frequency"",""character-to-radical"",""one-way"",""part-2""]"
zh-traditional-radicals-frequency-ii/0387/character-to-radical	II	vocabulary	387	zh-Hant	zh-Hant	園	"[""囗""]"	[]		"[""zh-Hant.frequency.0387"",""zh.radical.kangxi.031""]"	[]	[]	sources/characters.tsv	frequency rank 387; Ministry common-character number 736	園: frequency rank 387; 683 appearances (0.05658%); Unihan kRSUnicode 31.10; Kangxi radical 31 囗; Unihan kRSUnicode single radical assignment.	[]	"[""chinese"",""traditional"",""radicals"",""frequency"",""character-to-radical"",""one-way"",""part-2""]"
zh-traditional-radicals-frequency-ii/0388/character-to-radical	II	vocabulary	388	zh-Hant	zh-Hant	管	"[""竹""]"	[]		"[""zh-Hant.frequency.0388"",""zh.radical.kangxi.118""]"	[]	[]	sources/characters.tsv	frequency rank 388; Ministry common-character number 3009	管: frequency rank 388; 682 appearances (0.05650%); Unihan kRSUnicode 118.8; Kangxi radical 118 竹; Unihan kRSUnicode single radical assignment.	[]	"[""chinese"",""traditional"",""radicals"",""frequency"",""character-to-radical"",""one-way"",""part-2""]"
zh-traditional-radicals-frequency-ii/0389/character-to-radical	II	vocabulary	389	zh-Hant	zh-Hant	往	"[""彳""]"	[]		"[""zh-Hant.frequency.0389"",""zh.radical.kangxi.060""]"	[]	[]	sources/characters.tsv	frequency rank 389; Ministry common-character number 1278	往: frequency rank 389; 675 appearances (0.05592%); Unihan kRSUnicode 60.5; Kangxi radical 60 彳; Unihan kRSUnicode single radical assignment.	[]	"[""chinese"",""traditional"",""radicals"",""frequency"",""character-to-radical"",""one-way"",""part-2""]"
zh-traditional-radicals-frequency-ii/0390/character-to-radical	II	vocabulary	390	zh-Hant	zh-Hant	注	"[""水""]"	[]		"[""zh-Hant.frequency.0390"",""zh.radical.kangxi.085""]"	[]	[]	sources/characters.tsv	frequency rank 390; Ministry common-character number 2157	注: frequency rank 390; 675 appearances (0.05592%); Unihan kRSUnicode 85.5; Kangxi radical 85 水; Unihan kRSUnicode single radical assignment.	[]	"[""chinese"",""traditional"",""radicals"",""frequency"",""character-to-radical"",""one-way"",""part-2""]"
zh-traditional-radicals-frequency-ii/0391/character-to-radical	II	vocabulary	391	zh-Hant	zh-Hant	除	"[""阜""]"	[]		"[""zh-Hant.frequency.0391"",""zh.radical.kangxi.170""]"	[]	[]	sources/characters.tsv	frequency rank 391; Ministry common-character number 4420	除: frequency rank 391; 670 appearances (0.05551%); Unihan kRSUnicode 170.7; Kangxi radical 170 阜; Unihan kRSUnicode single radical assignment.	[]	"[""chinese"",""traditional"",""radicals"",""frequency"",""character-to-radical"",""one-way"",""part-2""]"
zh-traditional-radicals-frequency-ii/0392/character-to-radical	II	vocabulary	392	zh-Hant	zh-Hant	黃	"[""黃""]"	[]		"[""zh-Hant.frequency.0392"",""zh.radical.kangxi.201""]"	[]	[]	sources/characters.tsv	frequency rank 392; Ministry common-character number 4767	黃: frequency rank 392; 670 appearances (0.05551%); Unihan kRSUnicode 201.0; Kangxi radical 201 黃; Unihan kRSUnicode single radical assignment.	[]	"[""chinese"",""traditional"",""radicals"",""frequency"",""character-to-radical"",""one-way"",""part-2""]"
zh-traditional-radicals-frequency-ii/0393/character-to-radical	II	vocabulary	393	zh-Hant	zh-Hant	死	"[""歹""]"	[]		"[""zh-Hant.frequency.0393"",""zh.radical.kangxi.078""]"	[]	[]	sources/characters.tsv	frequency rank 393; Ministry common-character number 2077	死: frequency rank 393; 668 appearances (0.05534%); Unihan kRSUnicode 78.2; Kangxi radical 78 歹; Unihan kRSUnicode single radical assignment.	[]	"[""chinese"",""traditional"",""radicals"",""frequency"",""character-to-radical"",""one-way"",""part-2""]"
zh-traditional-radicals-frequency-ii/0394/character-to-radical	II	vocabulary	394	zh-Hant	zh-Hant	示	"[""示""]"	[]		"[""zh-Hant.frequency.0394"",""zh.radical.kangxi.113""]"	[]	[]	sources/characters.tsv	frequency rank 394; Ministry common-character number 2877	示: frequency rank 394; 668 appearances (0.05534%); Unihan kRSUnicode 113.0; Kangxi radical 113 示; Unihan kRSUnicode single radical assignment.	[]	"[""chinese"",""traditional"",""radicals"",""frequency"",""character-to-radical"",""one-way"",""part-2""]"
zh-traditional-radicals-frequency-ii/0395/character-to-radical	II	vocabulary	395	zh-Hant	zh-Hant	段	"[""殳""]"	[]		"[""zh-Hant.frequency.0395"",""zh.radical.kangxi.079""]"	[]	[]	sources/characters.tsv	frequency rank 395; Ministry common-character number 2089	段: frequency rank 395; 668 appearances (0.05534%); Unihan kRSUnicode 79.5; Kangxi radical 79 殳; Unihan kRSUnicode single radical assignment.	[]	"[""chinese"",""traditional"",""radicals"",""frequency"",""character-to-radical"",""one-way"",""part-2""]"
zh-traditional-radicals-frequency-ii/0396/character-to-radical	II	vocabulary	396	zh-Hant	zh-Hant	科	"[""禾""]"	[]		"[""zh-Hant.frequency.0396"",""zh.radical.kangxi.115""]"	[]	[]	sources/characters.tsv	frequency rank 396; Ministry common-character number 2916	科: frequency rank 396; 668 appearances (0.05534%); Unihan kRSUnicode 115.4; Kangxi radical 115 禾; Unihan kRSUnicode single radical assignment.	[]	"[""chinese"",""traditional"",""radicals"",""frequency"",""character-to-radical"",""one-way"",""part-2""]"
zh-traditional-radicals-frequency-ii/0397/character-to-radical	II	vocabulary	397	zh-Hant	zh-Hant	保	"[""人""]"	[]		"[""zh-Hant.frequency.0397"",""zh.radical.kangxi.009""]"	[]	[]	sources/characters.tsv	frequency rank 397; Ministry common-character number 155	保: frequency rank 397; 666 appearances (0.05517%); Unihan kRSUnicode 9.7; Kangxi radical 9 人; Unihan kRSUnicode single radical assignment.	[]	"[""chinese"",""traditional"",""radicals"",""frequency"",""character-to-radical"",""one-way"",""part-2""]"
zh-traditional-radicals-frequency-ii/0398/character-to-radical	II	vocabulary	398	zh-Hant	zh-Hant	器	"[""口""]"	[]		"[""zh-Hant.frequency.0398"",""zh.radical.kangxi.030""]"	[]	[]	sources/characters.tsv	frequency rank 398; Ministry common-character number 696	器: frequency rank 398; 665 appearances (0.05509%); Unihan kRSUnicode 30.13; Kangxi radical 30 口; Unihan kRSUnicode single radical assignment.	[]	"[""chinese"",""traditional"",""radicals"",""frequency"",""character-to-radical"",""one-way"",""part-2""]"
zh-traditional-radicals-frequency-ii/0399/character-to-radical	II	vocabulary	399	zh-Hant	zh-Hant	服	"[""月""]"	[]		"[""zh-Hant.frequency.0399"",""zh.radical.kangxi.074""]"	[]	[]	sources/characters.tsv	frequency rank 399; Ministry common-character number 1843	服: frequency rank 399; 664 appearances (0.05501%); Unihan kRSUnicode 74.4; Kangxi radical 74 月; Unihan kRSUnicode single radical assignment.	[]	"[""chinese"",""traditional"",""radicals"",""frequency"",""character-to-radical"",""one-way"",""part-2""]"
zh-traditional-radicals-frequency-ii/0400/character-to-radical	II	vocabulary	400	zh-Hant	zh-Hant	紅	"[""糸""]"	[]		"[""zh-Hant.frequency.0400"",""zh.radical.kangxi.120""]"	[]	[]	sources/characters.tsv	frequency rank 400; Ministry common-character number 3083	紅: frequency rank 400; 664 appearances (0.05501%); Unihan kRSUnicode 120.3; Kangxi radical 120 糸; Unihan kRSUnicode single radical assignment.	[]	"[""chinese"",""traditional"",""radicals"",""frequency"",""character-to-radical"",""one-way"",""part-2""]"
