{"type":"FeatureCollection","features":[{"type":"Feature","properties":{"shapeName":"Slovenia","shapeISO":"SVN"},"geometry":{"type":"MultiPolygon","coordinates":[[[[16.597878433000062,46.475810393000074],[16.59294231100006,46.480922863000046],[16.573685960000034,46.48507639200005],[16.541437373000065,46.496257393000064],[16.529141149000054,46.50280519700004],[16.523341043000073,46.50807480800006],[16.526125094000065,46.51589844100005],[16.53169319500006,46.52324205000008],[16.531461191000062,46.52946737600007],[16.52357304700007,46.53808588000004],[16.527749123000035,46.54638388800004],[16.528909144000067,46.55611647300003],[16.52589308900002,46.562976099000025],[16.495268531000022,46.565209279000044],[16.492484481000076,46.57111081000005],[16.49513802900003,46.58291194700007],[16.484987844000045,46.586399967000034],[16.452724756000066,46.603836701000034],[16.44366209100002,46.61080982400006],[16.427349294000066,46.616288076000046],[16.413619356000027,46.625126815000044],[16.397193276000053,46.62823870300008],[16.386997778000023,46.63485087200007],[16.385864944000048,46.64535089200007],[16.394361193000066,46.65118335600005],[16.419849939000073,46.65934774800007],[16.42947902000003,46.665956116000075],[16.434576769000046,46.682667793000064],[16.42947902000003,46.68966184400006],[16.42324843800003,46.69238150900003],[16.41645143900007,46.69315853000006],[16.384732111000062,46.68927331000003],[16.37680227900006,46.69199299300004],[16.37648236700005,46.69648592200008],[16.38158646000005,46.705077886000026],[16.381122452000056,46.71191865800006],[16.37068226200006,46.72130342200006],[16.361866101000032,46.71891762000007],[16.357226016000027,46.71589545200004],[16.349801881000076,46.717486088000044],[16.341913737000027,46.722416760000044],[16.328225488000044,46.750878605000025],[16.32126536100003,46.75660096100006],[16.323149236000063,46.76480830100007],[16.32745523400007,46.76704587200004],[16.33042488800004,46.77213091400006],[16.330127923000077,46.77792727600007],[16.317061445000036,46.78260458800003],[16.31275544600004,46.78890814700003],[16.314091791000067,46.79399112500005],[16.328494613000032,46.797040681000055],[16.341115643000023,46.803749097000036],[16.347351917000026,46.83443451000005],[16.342897435000054,46.846724083000026],[16.334730887000035,46.850887681000074],[16.32300075300003,46.85322321700005],[16.318481311000028,46.85775437400008],[16.30664909500007,46.86251358100003],[16.290872808000074,46.87409255600005],[16.28182464300005,46.877740208000034],[16.249344051000037,46.88344908000005],[16.24307993700006,46.88233906900007],[16.231943734000026,46.87647148800005],[16.22428759400003,46.874726948000045],[16.19737510400006,46.87203072900007],[16.180902804000027,46.861879044000034],[16.16535852100003,46.86013403000004],[16.159326411000052,46.857278430000065],[16.140070060000028,46.85807166700005],[16.133805946000052,46.860609949000036],[16.12864385200004,46.865210277000074],[16.110518522000064,46.867193056000076],[16.06991778200006,46.85207251800006],[16.067017729000042,46.841907140000046],[16.05179245200003,46.83843559500008],[16.039829734000023,46.83818761900005],[16.023516937000068,46.84066732900004],[15.999228994000077,46.835707795000076],[15.993791395000073,46.83173983900008],[15.989078809000034,46.82305891300007],[15.997416461000057,46.80767783200008],[15.99415390200005,46.79899302100006],[15.99342888800004,46.787080143000026],[15.989078809000034,46.77888851000006],[15.988716302000057,46.76423975600005],[15.991616355000076,46.75529957600003],[15.990166329000033,46.744867491000036],[15.99234136900003,46.73493029500003],[16.012279232000026,46.71529895200007],[16.018079337000074,46.70560489500008],[16.04381730600005,46.68372473000005],[16.046354853000025,46.67601483300007],[16.044179813000028,46.66183569900005],[16.040192240000067,46.65685968300005],[16.035479654000028,46.65511796900006],[16.01010419200003,46.67128886800003],[15.997416461000057,46.68173518400005],[15.928540206000037,46.71032785800003],[15.881776854000066,46.72325174900004],[15.855676379000045,46.72399726400005],[15.841901128000075,46.72697921900004],[15.817975692000061,46.72449426800006],[15.808188013000063,46.721760689000064],[15.782812551000063,46.70610206900005],[15.763939551000021,46.70131658400004],[15.725423224000053,46.70287035900003],[15.710696393000035,46.69976276400007],[15.693703896000045,46.702481920000025],[15.66538306800004,46.712968809000074],[15.65462115300005,46.71102694600006],[15.652921903000049,46.704035661000034],[15.654054736000035,46.69510103600004],[15.633663740000031,46.68344495400004],[15.619503326000029,46.68189062000005],[15.598545913000066,46.68927331000003],[15.588350414000047,46.686942043000045],[15.57475641700006,46.68655348900006],[15.552666170000066,46.67761597000003],[15.550400504000038,46.66867697400005],[15.553799004000041,46.65818148200003],[15.553232587000025,46.650794544000064],[15.544736339000053,46.63757329500004],[15.533408007000048,46.632906200000036],[15.523212509000075,46.62590480400007],[15.51868117600003,46.61929154200004],[15.50791926100004,46.61734631100006],[15.473934267000061,46.61462287100005],[15.467137268000045,46.61851345800005],[15.460340270000074,46.631739364000055],[15.454109687000027,46.638740006000035],[15.443914189000054,46.641073352000035],[15.416159777000075,46.654293746000064],[15.380475533000038,46.650794544000064],[15.351021872000047,46.65507131500004],[15.338560707000056,46.65351616500004],[15.306841379000048,46.65468253200004],[15.275688468000055,46.64690627700003],[15.240570641000033,46.64418432400004],[15.18053048400003,46.65196097000006],[15.170901403000073,46.656626421000055],[15.152776072000051,46.658570240000074],[15.13408432500006,46.65623764900005],[15.124455244000046,46.64885044600004],[15.101798581000025,46.65312737000005],[15.088771,46.65157216400007],[15.081407585000022,46.64496203900006],[15.061583005000045,46.650405730000045],[15.037227092000023,46.65001691300006],[15.024765928000022,46.647295116000066],[15.012304763000031,46.64223998700004],[14.998144349000029,46.63212831200008],[14.980019019000054,46.61345564000004],[14.972089187000051,46.608786466000026],[14.964725771000076,46.60956468900008],[14.95339744000006,46.61734631100006],[14.942635525000071,46.630183543000044],[14.933006443000068,46.62629379400005],[14.921678112000052,46.62395981100008],[14.916013946000078,46.61968058000008],[14.908084114000076,46.61695725700008],[14.904119198000046,46.61306655700008],[14.901853532000075,46.606451727000035],[14.896189366000044,46.60450603600003],[14.868434954000065,46.61228838400007],[14.861071539000022,46.60800823100004],[14.853708123000047,46.602171113000054],[14.842946209000047,46.58660239000005],[14.834449960000029,46.580762966000066],[14.822555212000054,46.56635636400006],[14.82765296100007,46.55584102300003],[14.81292613000005,46.52701075200008],[14.816324630000054,46.521554654000056],[14.808394798000052,46.513759278000066],[14.789136635000034,46.50830184900008],[14.768179221000025,46.510250994000046],[14.759116556000038,46.51258987500006],[14.742690476000064,46.50557293000003],[14.713803231000043,46.50128435000005],[14.70587339900004,46.49153632100007],[14.680384653000033,46.47554577000005],[14.666790655000057,46.462671912000076],[14.652063825000027,46.45837995000005],[14.631106412000065,46.45877014200005],[14.612414665000074,46.44901449300005],[14.592023668000024,46.44081839800003],[14.584660253000038,46.427936328000044],[14.587492336000025,46.39630379100004],[14.581261753000035,46.388099768000075],[14.576730421000036,46.377549927000075],[14.565968506000047,46.37481445000003],[14.558038674000045,46.377159153000036],[14.55237450800007,46.39317859500005],[14.543311843000026,46.40685000900004],[14.526885763000053,46.41895611500007],[14.514991015000078,46.42520337600007],[14.48327168700007,46.41544171600003],[14.461181441000065,46.422470288000056],[14.441923277000058,46.42559380600005],[14.42663003000007,46.44628259900003],[14.390379369000073,46.444721454000046],[14.35979287500004,46.43847643000004],[14.347331710000049,46.44003775300007],[14.322409381000057,46.43223069000004],[14.295787802000063,46.442379654000035],[14.271998306000057,46.442379654000035],[14.243677478000052,46.434572926000044],[14.230083480000076,46.43418256000007],[14.218188732000044,46.442379654000035],[14.193832820000068,46.440428077000036],[14.167211241000075,46.43574400700004],[14.154750076000028,46.43769575200008],[14.146820245000072,46.444721454000046],[14.135491913000067,46.44979501000006],[14.124163582000051,46.47203502000008],[14.108303918000047,46.478666246000046],[14.08451442200004,46.48334662600007],[14.05506076000006,46.49426594500005],[14.039767513000072,46.495825669000055],[14.013145934000022,46.48607666100003],[13.995587020000073,46.48802660200005],[13.946308779000049,46.510640814000055],[13.905526786000053,46.522723864000056],[13.890799955000034,46.52389304900004],[13.844920213000023,46.51492865600005],[13.80527105300007,46.510250994000046],[13.780915141000037,46.51297967900007],[13.731070482000064,46.52311359500004],[13.716910068000061,46.52194439300007],[13.713511569000048,46.514149073000056],[13.714644402000033,46.50791201200008],[13.703316070000028,46.50050457200007],[13.703316070000028,46.48880655900007],[13.69425340500004,46.467353667000054],[13.684624324000026,46.463842389000035],[13.690288489000068,46.452916962000074],[13.68802282300004,46.44589231700007],[13.680659408000054,46.441989344000035],[13.669897493000065,46.441989344000035],[13.648940080000045,46.44745342700003],[13.610990170000036,46.43964742600008],[13.599095422000062,46.44003775300007],[13.589466340000058,46.43847643000004],[13.58097009100004,46.43027874900008],[13.577571592000027,46.41973706200008],[13.578704425000069,46.41348917400006],[13.571907426000053,46.40841223800004],[13.539621682000075,46.400600645000054],[13.514608726000063,46.38847483600006],[13.512433686000065,46.382973582000034],[13.505908568000052,46.37722167700008],[13.488508251000042,46.37121904300005],[13.470020414000032,46.36796734100005],[13.458057696000026,46.37046866800006],[13.440294872000038,46.35696014400003],[13.44790751100004,46.34670144200004],[13.443557432000034,46.334939097000074],[13.435944793000033,46.32893181800006],[13.417456956000024,46.323174222000034],[13.405856745000051,46.317666390000056],[13.398476110000047,46.30747043000008],[13.38084378900004,46.302181404000066],[13.377363726000056,46.29641097500007],[13.377595730000053,46.28967803900008],[13.388267924000047,46.27428536300005],[13.391979992000074,46.25375506700004],[13.404740224000022,46.24059880600004],[13.417732461000071,46.233056600000054],[13.417268453000077,46.22888387000006],[13.40914830500003,46.22438980600003],[13.408684296000047,46.22101901700006],[13.401492165000036,46.21251086600006],[13.403580203000047,46.20881824000003],[13.423068558000068,46.20384082900006],[13.440004867000027,46.214758431000064],[13.441628896000054,46.219413806000034],[13.453693116000068,46.22342674500004],[13.470165416000043,46.22085849800004],[13.478285564000032,46.22101901700006],[13.497773919000053,46.21411627900005],[13.50612607200003,46.21347411900007],[13.525150418000067,46.21684537200008],[13.530950524000048,46.212029234000056],[13.559487044000036,46.20753379000007],[13.567375187000039,46.18729974100006],[13.576191348000066,46.18553292300004],[13.58384748800006,46.188584664000075],[13.611223986000027,46.188102822000076],[13.610527974000036,46.18489043000005],[13.614240041000073,46.18215974900005],[13.63280037900006,46.18729974100006],[13.64300856500006,46.18826343600006],[13.65182472600003,46.18569354500005],[13.663888946000043,46.17621603400005],[13.665976984000054,46.16866498200005],[13.656000802000051,46.159988026000065],[13.65739282800007,46.155970454000055],[13.651520221000055,46.14399634700004],[13.643661077000047,46.137355221000064],[13.626260760000036,46.12730660900007],[13.61901062800007,46.12027148900006],[13.610310470000059,46.11499456000007],[13.595447699000033,46.10871184300004],[13.590372606000074,46.10066891900004],[13.578409889000056,46.09589287800003],[13.571884770000054,46.09011080100004],[13.564997144000074,46.08709382500007],[13.541434215000038,46.08181371900008],[13.536721629000056,46.07477279200003],[13.522583871000052,46.062952073000076],[13.504458541000076,46.06119132400005],[13.498658435000038,46.05842431900004],[13.498658435000038,46.051128823000056],[13.504821048000053,46.043329123000035],[13.509896140000023,46.04081285600006],[13.506633581000074,46.03049496300008],[13.50119598200007,46.02118204000004],[13.487420731000043,46.011867548000055],[13.474733,46.00733560600003],[13.477270546000057,46.00229968000008],[13.486333211000044,45.99650779800004],[13.495395876000032,45.98290708300004],[13.517508779000025,45.975853545000064],[13.53237155000005,45.96501957600003],[13.56354711800003,45.96753929300007],[13.57514732900006,45.97081475300007],[13.582759968000062,45.978876600000035],[13.585297514000047,45.98592975300005],[13.591097620000028,45.98844851800004],[13.608860443000026,45.98492221500004],[13.62299820100003,45.98441843900008],[13.634960919000036,45.985677870000075],[13.644975164000073,45.972389425000074],[13.63704533200007,45.94837081800006],[13.63704533200007,45.938918020000074],[13.633989401000065,45.93238267400005],[13.609831961000054,45.90792360000006],[13.606322897000041,45.89870988000007],[13.593272659000036,45.89442097400007],[13.589647593000052,45.88104755200004],[13.593997673000047,45.87423343900008],[13.586747540000033,45.868680581000035],[13.576234849000059,45.847726167000076],[13.577322369000058,45.84090796900006],[13.582397461000028,45.83762483500004],[13.59796258800003,45.80838377100008],[13.630248333000054,45.79890713000003],[13.647240830000044,45.80009179900003],[13.660268411000061,45.79851223500003],[13.69425340500004,45.785479130000056],[13.72144140100005,45.769677340000044],[13.742965230000038,45.760194117000026],[13.762789810000072,45.756242298000075],[13.782047974000022,45.74794256800004],[13.805837470000029,45.73133940400004],[13.833025465000048,45.70642540100005],[13.83472471500005,45.690601221000065],[13.842654547000052,45.68150029000003],[13.853416461000052,45.67318945000005],[13.860213460000068,45.66131468200007],[13.884569373000033,45.64626969200003],[13.899296204000052,45.64547773800007],[13.911190952000027,45.63716155000003],[13.919687200000055,45.63359709200006],[13.906659619000038,45.62725971700007],[13.866444043000058,45.599525276000065],[13.860779877000027,45.592391346000056],[13.841521713000077,45.582481605000055],[13.827927716000033,45.58049944700008],[13.806970303000071,45.58049944700008],[13.790544222000051,45.582481605000055],[13.74862939600007,45.59516576000004],[13.736734648000038,45.59516576000004],[13.71521081800006,45.59873266200003],[13.715777235000076,45.59318405000005],[13.696519072000058,45.591994990000046],[13.70501532000003,45.58684210700005],[13.728238400000066,45.57931011900007],[13.760402704000057,45.56365747800004],[13.762722747000055,45.56024634500005],[13.759938696000063,45.55553539300007],[13.746946459000071,45.544649958000036],[13.726298083000074,45.54221263100004],[13.693585487000064,45.54871193400004],[13.641384536000032,45.534574991000056],[13.633264388000043,45.53424996200005],[13.610527974000036,45.539937698000074],[13.596839724000063,45.531812185000035],[13.602407826000046,45.52856165000003],[13.597535737000044,45.525473469000076],[13.579439407000052,45.526286165000045],[13.56853520900006,45.52921177200005],[13.561111073000063,45.52839911900003],[13.564127128000052,45.51994682700007],[13.57015923800003,45.51620790800007],[13.578047382000022,45.51181842500006],[13.586631538000063,45.51149326400008],[13.595215695000036,45.50905450100004],[13.59707172900005,45.502388008000025],[13.591039619000071,45.49881054000008],[13.596839724000063,45.49588335200008],[13.580831433000071,45.48921529900008],[13.589053662000026,45.48341182400003],[13.588153486000067,45.47950129900005],[13.585991207000063,45.478277984000044],[13.58646449500003,45.474881193000044],[13.612152003000062,45.461656488000074],[13.643184889000054,45.45551167100007],[13.668297026000062,45.44658617500005],[13.677577195000026,45.44609786800004],[13.704489686000045,45.45537496800006],[13.710753800000077,45.456351416000075],[13.718177935000028,45.45358476900003],[13.730010151000045,45.45781605600007],[13.755530616000044,45.46204702500006],[13.765506797000057,45.46546411500003],[13.775946987000054,45.467253937000066],[13.785459161000063,45.46676580900004],[13.813995681000051,45.457327847000045],[13.81829863400003,45.444356335000066],[13.841521713000077,45.43799759600006],[13.876073124000072,45.43283059300006],[13.91855436700007,45.449919643000044],[13.939511780000032,45.454290429000025],[13.966699775000052,45.455482403000076],[13.99218852100006,45.46740075500003],[13.993887771000061,45.480508033000035],[13.988790022000046,45.49400931200006],[14.005782519000036,45.499964730000045],[14.036935430000028,45.506316482000045],[14.048263761000044,45.504331636000074],[14.072619674000066,45.49321520900003],[14.120765082000048,45.478919434000034],[14.143421745000069,45.47733079100004],[14.16267990800003,45.48169945200004],[14.205161151000027,45.47216739100003],[14.217055899000059,45.497979661000045],[14.24197822800005,45.498376680000035],[14.266334141000073,45.48447933300008],[14.284459471000048,45.486861979000025],[14.30938180000004,45.48249371800006],[14.324675047000028,45.478919434000034],[14.327507130000072,45.472564592000026],[14.349597376000077,45.483685096000045],[14.369421956000053,45.48725907700003],[14.386414453000043,45.48249371800006],[14.400574868000035,45.48408221600005],[14.415868115000023,45.48725907700003],[14.43965761100003,45.49956772200005],[14.467978440000024,45.51941470600008],[14.47930677100004,45.52933557400007],[14.48553735300004,45.54679205200006],[14.48553735300004,45.55432840100008],[14.490113999000073,45.572823871000026],[14.502801730000044,45.604534338000065],[14.515126955000028,45.61290291300003],[14.548477562000073,45.629636316000074],[14.565877879000027,45.65650072500006],[14.578928117000032,45.66283479300006],[14.597415954000041,45.66790153100004],[14.606841126000063,45.66663489000007],[14.612278725000067,45.66030125200007],[14.611191205000068,45.63546648000005],[14.605753606000064,45.62862231300005],[14.605028593000043,45.622791437000046],[14.632216588000063,45.61011352700007],[14.645991839000033,45.60047639800007],[14.652516958000035,45.59109128800003],[14.675286904000075,45.58961679500004],[14.695677901000067,45.57851721900005],[14.697943567000038,45.55948426900005],[14.68888090200005,45.54401524800005],[14.691146568000022,45.53131953800005],[14.70360773300007,45.53012916800003],[14.710971148000056,45.534096969000075],[14.721733063000045,45.53647751500006],[14.739858393000077,45.53012916800003],[14.746088975000077,45.52457377600007],[14.768179221000025,45.51107982500008],[14.772144137000055,45.50512558300005],[14.785738135000031,45.50552255200006],[14.794234384000049,45.50393465900004],[14.802730632000078,45.49480340400004],[14.802730632000078,45.483685096000045],[14.813492547000067,45.47494774200004],[14.820289546000026,45.46223644500003],[14.82765296100007,45.460647332000065],[14.864470038000036,45.46342825100004],[14.90826111900003,45.47777760100007],[14.912686249000046,45.48770580900003],[14.91445630100003,45.49763226600004],[14.922421534000023,45.50879744000008],[14.925961637000057,45.51996039900007],[14.93392687000005,45.52616108700005],[14.958707595000021,45.52058049900006],[14.966672828000071,45.516239659000064],[14.972868009000024,45.50755697500006],[14.980833242000074,45.50197454200003],[15.002958890000059,45.50011360700006],[15.019774382000037,45.49701191400004],[15.026854589000038,45.491428435000046],[15.041015003000041,45.48956715300005],[15.058715521000067,45.491428435000046],[15.073760961000062,45.48956715300005],[15.08438127100004,45.48212140700008],[15.102966815000059,45.46412346000005],[15.120667333000029,45.45046601000007],[15.142792980000024,45.434321123000075],[15.165716086000032,45.420881662000056],[15.176669482000023,45.419427134000045],[15.188510990000054,45.42482947600007],[15.193839669000056,45.43480167100006],[15.201832688000025,45.431685549000065],[15.202424763000067,45.42711492600006],[15.214858347000074,45.42566055900005],[15.224923629000045,45.427945976000046],[15.229660233000061,45.43293201900008],[15.233804761000044,45.44331819300004],[15.248310609000043,45.45266411500006],[15.261632306000024,45.45868622200004],[15.270513437000034,45.46533055900005],[15.285907399000052,45.463046656000074],[15.295380605000048,45.46325428800003],[15.329720980000047,45.451002731000074],[15.340674376000038,45.45411778600004],[15.346299092000038,45.457440321000036],[15.356364375000055,45.470313298000065],[15.380639467000037,45.482145538000054],[15.385080033000065,45.48816449600008],[15.359916827000063,45.49688046800003],[15.343338715000073,45.50725486500005],[15.332385320000071,45.510574269000074],[15.329720980000047,45.51285624500008],[15.32616852800004,45.519701619000045],[15.315326146000075,45.52933299800003],[15.312088234000043,45.53581348300003],[15.306074968000075,45.53937743100005],[15.29173564100006,45.58568820200003],[15.286647493000032,45.593456898000056],[15.268607695000071,45.603813486000035],[15.266757459000075,45.60996180600006],[15.289885405000064,45.616432994000036],[15.298674025000025,45.61708007200008],[15.303299614000025,45.620315349000066],[15.299599143000023,45.62290343500007],[15.302837055000055,45.632931144000054],[15.335678739000059,45.64004649300006],[15.343542241000023,45.648454378000054],[15.36574507000006,45.64877773300003],[15.38794789800005,45.64392721200005],[15.401362107000068,45.64651420900003],[15.399974431000032,45.66494310300004],[15.396273959000041,45.676256085000034],[15.388873016000048,45.688213036000036],[15.381009514000027,45.69629061100005],[15.352330861000041,45.715672031000054],[15.33937921100005,45.710504309000044],[15.331978268000057,45.70469005100006],[15.318564059000039,45.701136596000026],[15.290347964000034,45.70081354300004],[15.275083520000067,45.705982161000065],[15.265832341000078,45.71341121100005],[15.263519546000055,45.722131011000045],[15.263982105000025,45.73310956300003],[15.271383048000075,45.74473156100004],[15.311163116000046,45.76377349300003],[15.356956450000041,45.778292633000035],[15.387485339000023,45.79313051400004],[15.399974431000032,45.79571061200005],[15.419401906000076,45.796355617000074],[15.464732681000044,45.794098064000025],[15.475371536000068,45.796678117000056],[15.473058741000045,45.80893173800007],[15.486935509000034,45.82956332400005],[15.499424600000054,45.83181943900007],[15.504512749000071,45.82569548400005],[15.511451132000047,45.82311677400003],[15.526253018000034,45.82311677400003],[15.536429315000078,45.82956332400005],[15.542905140000073,45.83858723800006],[15.555394231000037,45.84245418200004],[15.564645409000036,45.83987624900004],[15.574821706000023,45.847931893000066],[15.607200831000057,45.84148747100005],[15.62709086500007,45.83085254400004],[15.639579956000034,45.82795175600006],[15.67565955200007,45.84052074400006],[15.684448172000032,45.84213194700004],[15.695549586000027,45.84116523100005],[15.708092704000023,45.846929190000026],[15.700135210000042,45.85537504400003],[15.67607326500007,45.86751371200006],[15.674747016000026,45.87199907100006],[15.692663219000053,45.885642560000065],[15.691183030000047,45.88976380100007],[15.677269257000034,45.894914923000044],[15.67430888000007,45.89944751400003],[15.67874944600004,45.905627725000045],[15.70420868900004,45.919427711000026],[15.717234349000023,45.939606585000035],[15.713018772000055,45.96676646000003],[15.70509159200003,45.98839131100004],[15.705576621000034,45.99209818300005],[15.708244276000073,45.99850037500005],[15.717096040000058,46.00574406900006],[15.719278667000026,46.011976255000036],[15.719278667000026,46.02132321800008],[15.726675347000025,46.032015553000065],[15.732980713000075,46.035046075000025],[15.732738199000039,46.04026491700006],[15.724041644000067,46.05218896400004],[15.71418587100004,46.05373062100006],[15.701696395000056,46.05785383600005],[15.680430940000065,46.06991667900007],[15.66641059400007,46.07280842500006],[15.65333756900003,46.08595081500005],[15.632875442000056,46.09383474700007],[15.626812589000053,46.09830180800003],[15.620211659000063,46.09906905500003],[15.616816461000042,46.10108696900005],[15.611359894000032,46.11344507900003],[15.611238637000042,46.119328920000044],[15.608055640000032,46.12404604500006],[15.614497420000077,46.13323750100005],[15.601424395000038,46.145709167000064],[15.604834749000076,46.14885945700007],[15.613550100000054,46.15200956600006],[15.606729391000044,46.160540207000054],[15.607487247000051,46.16605161000007],[15.612413315000026,46.170119197000076],[15.631003536000037,46.17670542400003],[15.637308903000076,46.182078782000076],[15.636702617000026,46.18451341100007],[15.646327395000071,46.18952400200004],[15.646516860000077,46.196092168000064],[15.657695244000024,46.204615973000045],[15.666789522000045,46.21615378700005],[15.669442020000076,46.22270828300003],[15.677967906000049,46.22559201400003],[15.686304328000062,46.225067710000076],[15.694072358000028,46.222315035000065],[15.72249197900004,46.22270828300003],[15.730070544000057,46.21812021800008],[15.749395886000059,46.22152853100005],[15.757542844000056,46.21903786100006],[15.752616777000071,46.209729621000065],[15.762528119000024,46.207410510000045],[15.780882458000065,46.21499028200003],[15.794204155000045,46.22502674900005],[15.801901135000037,46.24284207800008],[15.801309060000051,46.25921888500005],[15.817295096000066,46.262493660000075],[15.825288115000035,46.26187965500003],[15.84364245300003,46.266382201000056],[15.86673339500004,46.268019399000025],[15.876502639000023,46.276409271000034],[15.948569321000036,46.29367097200003],[15.967534237000052,46.301021526000056],[15.976785415000052,46.30869061800007],[15.989737065000043,46.31252476000003],[16.011014776000025,46.31028821000007],[16.019803396000043,46.314441731000045],[16.022578749000047,46.32019224100003],[16.027666897000074,46.32434501000006],[16.06883464200007,46.337759497000036],[16.07762326200003,46.34286891200003],[16.07808582100006,46.35404409300003],[16.06929720100004,46.35851352600008],[16.061896258000047,46.36553618200003],[16.05542043300005,46.377664097000036],[16.06004602300004,46.392022620000034],[16.109077269000068,46.39010836800003],[16.13821848200007,46.40095490500005],[16.160495320000052,46.39995966600003],[16.168099788000063,46.39863265200006],[16.173724505000052,46.39189500500004],[16.17934922200004,46.389036358000055],[16.192078843000047,46.38740277800008],[16.192966956000078,46.383318615000064],[16.19740752200005,46.38127641900007],[16.21043318200003,46.38107219500006],[16.219906388000027,46.37719179700008],[16.255726952000032,46.380867970000054],[16.292139591000023,46.378008746000035],[16.30338902400007,46.38617756100007],[16.30782959000004,46.40108249900004],[16.293915817000027,46.41782017700007],[16.28000204500006,46.42741140800007],[16.270528838000075,46.44067309700006],[16.255726952000032,46.474526765000064],[16.241532772000028,46.486824382000066],[16.240683973000046,46.48957941900005],[16.24310911400005,46.498511456000074],[16.246261797000045,46.50193362400006],[16.256932418000076,46.50694128500004],[16.26772429500005,46.514535359000035],[16.27512097500005,46.51545325200004],[16.303980152000065,46.51336710900006],[16.317197170000043,46.51445191300007],[16.331384245000038,46.52312956900005],[16.33659829800007,46.52454790000007],[16.36594250400003,46.51970873500005],[16.374551754000038,46.51979217300004],[16.38449483200003,46.52421417800008],[16.399636806000046,46.52728016900005],[16.41308876000005,46.523499798000046],[16.41896214800005,46.52024064700004],[16.443781950000073,46.51659016600007],[16.454013013000065,46.51554712700005],[16.467086039000037,46.51815468800004],[16.47272259700003,46.514064020000035],[16.48782052000007,46.50937811600005],[16.496109576000038,46.50428428300006],[16.499365991000047,46.49939375400004],[16.505878821000067,46.49694832500006],[16.512095613000042,46.49103808400008],[16.520680707000054,46.48043880100005],[16.53341032800006,46.48003109500007],[16.552652780000074,46.47656547100007],[16.56123787300004,46.47269186500006],[16.568342779000034,46.47146856400008],[16.589065419000065,46.47289574600006],[16.597878433000062,46.475810393000074]]]]}},{"type":"Feature","properties":{"shapeName":"Croatia","shapeISO":"HRV"},"geometry":{"type":"MultiPolygon","coordinates":[[[[18.0039168,42.683403099999985],[18.001684200000017,42.68306819999999],[18.00542940000001,42.68106350000003],[18.00483969999998,42.67732160000004],[17.9993804,42.67965009999997],[17.998570300000033,42.677418299999964],[17.990529900000013,42.67756950000004],[17.986297,42.67547239999998],[17.99493589999997,42.67273860000001],[17.995468900000017,42.6712699],[17.999665599999975,42.6726183],[18.014158900000027,42.66929039999999],[18.014857,42.6668441],[18.016363,42.667064],[18.015798299999958,42.66193260000004],[18.020397199999977,42.6611099],[18.0190911,42.66286430000004],[18.023937199999956,42.667100299999966],[18.0217297,42.668609799999984],[18.02255809999998,42.6702352],[18.021431,42.6708846],[18.01878489999998,42.669189],[18.01613859999996,42.670796099999954],[18.017589,42.67264990000004],[18.013749199999967,42.677183],[18.0151171,42.67885359999997],[18.0039168,42.683403099999985]]],[[[17.945856499999962,42.697759099999956],[17.943012500000016,42.6973376],[17.94129180000002,42.69500020000004],[17.940447,42.691701899999984],[17.9423123,42.690041199999975],[17.93916469999997,42.68619440000001],[17.934724799999962,42.6859032],[17.927523800000028,42.68942140000003],[17.923662700000037,42.6894134],[17.9339996,42.682960699999974],[17.939277100000034,42.67482059999997],[17.9478234,42.6738646],[17.948407800000027,42.6752258],[17.95556990000003,42.675086600000036],[17.951313099999982,42.67888149999997],[17.95345750000004,42.68122279999998],[17.961504399999978,42.679667],[17.9625738,42.68055030000002],[17.9707321,42.67761760000002],[17.97499759999997,42.6781035],[17.96531020000001,42.68458259999997],[17.9590153,42.6849835],[17.959826699999986,42.68834570000002],[17.9562887,42.691733],[17.9519725,42.693057599999975],[17.95032549999998,42.69654890000001],[17.945856499999962,42.697759099999956]]],[[[17.8053968,42.74816620000004],[17.79346560000002,42.75442779999997],[17.7900152,42.7549628],[17.788065499999966,42.7537519],[17.80508360000002,42.740579199999964],[17.813835600000033,42.740063],[17.8194912,42.738058600000045],[17.826636899999976,42.73344370000003],[17.828314599999967,42.7297947],[17.831203100000042,42.73095369999998],[17.836139900000042,42.72800269999997],[17.839902,42.72857530000001],[17.835283,42.7326038],[17.834778099999987,42.735646600000045],[17.839806,42.735940799999966],[17.840606799999975,42.738230499999965],[17.828297399999965,42.7431547],[17.8303793,42.73826279999997],[17.828439199999973,42.736931100000014],[17.8228823,42.739878199999964],[17.820672200000015,42.74364780000002],[17.815524499999974,42.74333990000004],[17.8159221,42.74557939999997],[17.8109454,42.74674859999999],[17.80820410000002,42.7497502],[17.8053968,42.74816620000004]]],[[[17.834894,42.75588090000002],[17.828818299999988,42.75599370000003],[17.842468199999978,42.74742850000002],[17.85187120000003,42.7357621],[17.86247370000003,42.727606499999965],[17.853355099999973,42.728996799999976],[17.841478299999963,42.73485540000004],[17.8433948,42.7318266],[17.85314110000003,42.72860230000002],[17.863775600000015,42.720388300000025],[17.875360799999967,42.71839329999998],[17.8970782,42.705190500000036],[17.8974486,42.7026341],[17.90953619999996,42.698832400000036],[17.90753349999999,42.70047580000003],[17.90856680000004,42.703535399999964],[17.91712549999996,42.706515299999964],[17.909977699999985,42.71095680000001],[17.917217799999957,42.71223760000003],[17.9196765,42.71427009999998],[17.916369899999967,42.720124100000014],[17.912874699999964,42.720692],[17.912205099999984,42.722853200000046],[17.907115200000018,42.72466940000004],[17.904742100000043,42.72806150000004],[17.89796630000003,42.731178900000046],[17.8973692,42.733103799999974],[17.892508099999965,42.733696499999986],[17.880723500000034,42.739872500000025],[17.87811820000003,42.738925600000016],[17.876040299999968,42.7411013],[17.865647099999965,42.74442879999998],[17.8660362,42.745901399999966],[17.863655500000025,42.7457666],[17.864343099999985,42.74883250000001],[17.85429659999998,42.75409240000001],[17.8503475,42.755323],[17.84863460000002,42.755049100000036],[17.849741500000032,42.753051599999964],[17.8444351,42.75516959999997],[17.839361,42.753891299999985],[17.834894,42.75588090000002]]],[[[16.5108401,42.773659700000046],[16.50609,42.7723936],[16.500446,42.76639440000003],[16.501640499999986,42.765175199999966],[16.4986768,42.76185030000002],[16.495893700000025,42.759921],[16.492421,42.75983890000004],[16.49247030000001,42.75568479999996],[16.48984690000002,42.754839800000035],[16.490284800000016,42.7526657],[16.48769949999998,42.751343400000025],[16.487478800000016,42.748944699999974],[16.49014029999996,42.74858839999998],[16.490608599999984,42.75105240000001],[16.494752600000023,42.74953580000003],[16.4924626,42.75402480000002],[16.498455100000037,42.7546504],[16.498003599999983,42.75664530000003],[16.500006699999986,42.7561199],[16.499365499999957,42.758384100000015],[16.50090509999998,42.75774159999997],[16.501279200000024,42.759765],[16.503997200000025,42.75742159999996],[16.50499,42.75994559999999],[16.507296900000018,42.75877160000002],[16.5088157,42.7638124],[16.512971699999973,42.76106160000004],[16.5164662,42.762414499999984],[16.51719889999997,42.7599298],[16.525573099999985,42.7585031],[16.53085309999996,42.759903399999956],[16.535283900000014,42.763192300000036],[16.534454499999956,42.76629990000003],[16.52873959999997,42.767967],[16.5299391,42.768516500000025],[16.52793630000003,42.7712214],[16.5108401,42.773659700000046]]],[[[16.82570970000002,42.7750953],[16.82790659999998,42.77650290000002],[16.817895599999982,42.772721500000046],[16.817724699999964,42.7765639],[16.812693699999986,42.77480749999998],[16.81214690000004,42.77295019999996],[16.80619330000002,42.773131300000024],[16.801334199999967,42.76910140000001],[16.8020281,42.76606580000002],[16.7987573,42.765869500000036],[16.79789809999997,42.764254100000045],[16.800073800000042,42.76096780000001],[16.8043156,42.76148039999997],[16.804293300000023,42.75819420000003],[16.80718860000004,42.758836499999965],[16.80693859999996,42.754035500000015],[16.81330739999996,42.75384819999997],[16.815233199999962,42.755328],[16.81483040000003,42.75659319999998],[16.81079349999997,42.75623630000003],[16.80983360000004,42.757527],[16.81518870000001,42.7608732],[16.81342129999997,42.76321350000001],[16.8088379,42.763301],[16.81128360000002,42.765748100000025],[16.8141431,42.763806200000026],[16.817534400000028,42.76408430000003],[16.8221425,42.76609409999997],[16.824557499999987,42.7693781],[16.83164089999996,42.7695767],[16.82959990000002,42.772841799999966],[16.822344,42.77012059999996],[16.82157610000004,42.7725974],[16.82570970000002,42.7750953]]],[[[16.855839400000022,42.777998],[16.853307499999964,42.77679329999997],[16.8544373,42.77384280000001],[16.8511223,42.77270229999997],[16.850137599999965,42.769784599999966],[16.84772119999996,42.7696252],[16.84640549999999,42.767703099999956],[16.844784,42.769874700000045],[16.8464014,42.77489639999997],[16.843354,42.775802],[16.840134700000014,42.77477910000003],[16.835617099999972,42.777182],[16.833030099999974,42.77632739999997],[16.83212250000002,42.774553600000026],[16.836620699999965,42.77513960000002],[16.839457600000035,42.77177440000002],[16.83366950000003,42.76765550000002],[16.823883800000022,42.76711939999998],[16.822205100000037,42.7658165],[16.824590200000028,42.760585700000014],[16.8230655,42.753998100000025],[16.827297300000016,42.749846399999974],[16.824813699999957,42.744512],[16.823568699999974,42.745966400000015],[16.815558399999958,42.74663769999996],[16.815591899999976,42.7479285],[16.813401899999963,42.7482858],[16.811829,42.744367499999974],[16.82028079999998,42.743022399999965],[16.819677,42.74136870000001],[16.822366299999963,42.740604099999985],[16.819730199999988,42.737921200000045],[16.8224741,42.734906600000016],[16.825028499999966,42.73479779999998],[16.8247531,42.7319232],[16.827774399999967,42.73230519999998],[16.8311743,42.73073750000003],[16.835194700000017,42.73357389999997],[16.836313899999983,42.73081690000003],[16.839044100000017,42.729782299999954],[16.838333899999963,42.72665139999999],[16.84316879999997,42.72598889999997],[16.84112819999997,42.7240957],[16.842115599999957,42.72287230000003],[16.846677500000023,42.72378260000003],[16.84365709999996,42.7312513],[16.849456,42.73200290000001],[16.850034200000024,42.73375529999997],[16.8522688,42.73177909999997],[16.857724300000015,42.7325556],[16.859620699999983,42.734987],[16.86345230000002,42.73459139999996],[16.866783200000018,42.737467],[16.87318359999997,42.737388400000015],[16.874817100000033,42.73553189999997],[16.8794583,42.73754],[16.877106199999986,42.7355934],[16.87730090000002,42.7332426],[16.88012540000004,42.734404599999955],[16.885644199999966,42.73014949999996],[16.8861889,42.73645810000004],[16.8885161,42.7369256],[16.8921593,42.73164660000002],[16.880518,42.72547779999996],[16.883472599999966,42.723454100000026],[16.88910030000002,42.72351779999997],[16.887021100000027,42.724948],[16.89404260000003,42.72573530000004],[16.8946894,42.72782110000004],[16.89816880000002,42.725793],[16.911113,42.72946640000002],[16.915265299999987,42.7334014],[16.920407700000034,42.7347464],[16.92501170000003,42.73828270000002],[16.928641599999988,42.74784070000002],[16.9367441,42.75273590000004],[16.934222299999973,42.75477659999996],[16.938682,42.75835549999996],[16.93663170000002,42.762227499999966],[16.9431859,42.766525699999974],[16.9327273,42.77049409999996],[16.928464,42.76900490000002],[16.924082399999968,42.77365410000003],[16.916589799999976,42.76955030000003],[16.913956,42.771325900000036],[16.90812759999996,42.770613299999965],[16.906008,42.77213129999998],[16.907194700000044,42.77433140000002],[16.897918800000028,42.7712362],[16.894855599999975,42.77246389999996],[16.8955773,42.7715755],[16.88689340000003,42.76976070000003],[16.88012720000001,42.770261800000014],[16.879794500000017,42.77651539999999],[16.875533200000042,42.771889300000026],[16.872823600000025,42.774106299999964],[16.868907899999957,42.771042799999975],[16.866442,42.7715766],[16.868933400000024,42.774338],[16.8660059,42.776055500000034],[16.855839400000022,42.777998]]],[[[16.792762200000016,42.77667939999996],[16.79217640000004,42.77828060000002],[16.79030430000004,42.7778264],[16.784463699999957,42.77601279999997],[16.782157,42.77343969999996],[16.782937,42.771618299999986],[16.7862106,42.772607],[16.783354800000044,42.76168549999997],[16.788596499999958,42.760562499999956],[16.787740900000042,42.75858370000001],[16.7896639,42.7589389],[16.7903039,42.76306970000002],[16.794097199999985,42.76212009999996],[16.793383700000014,42.76051109999997],[16.7966392,42.76225960000004],[16.79258009999996,42.766936500000035],[16.79511740000002,42.77418130000004],[16.792762200000016,42.77667939999996]]],[[[17.370055300000026,42.799458],[17.372103600000038,42.801359099999964],[17.36957039999996,42.80276060000001],[17.37026230000001,42.804508200000015],[17.36734509999996,42.805308499999974],[17.368446400000042,42.799800699999984],[17.3632419,42.799967500000015],[17.361516299999963,42.796627],[17.356690299999983,42.795988400000034],[17.355914099999975,42.79387729999998],[17.348989399999986,42.790211599999985],[17.34519549999996,42.79011],[17.343958800000042,42.7873509],[17.342499199999978,42.788953],[17.338104100000034,42.7860586],[17.33381369999996,42.78570380000004],[17.33369239999996,42.78124240000003],[17.3318153,42.77931049999997],[17.330042500000037,42.7866467],[17.33289150000004,42.78936439999997],[17.3286005,42.78780029999996],[17.3271084,42.79234720000003],[17.32401190000004,42.790349500000026],[17.32539459999996,42.7897705],[17.3243679,42.788286200000016],[17.317398,42.786158],[17.317588599999972,42.7844365],[17.32681680000004,42.786265],[17.3274078,42.78489190000001],[17.32364870000001,42.78357290000004],[17.32432520000003,42.781947799999955],[17.32713929999999,42.782398],[17.32923029999998,42.7807568],[17.32879969999997,42.774575300000045],[17.336222100000015,42.773927],[17.342286499999965,42.7696916],[17.348452,42.76937449999996],[17.36112769999996,42.76453710000001],[17.3669409,42.7643545],[17.3842493,42.75637490000004],[17.388271199999977,42.7559858],[17.384879900000044,42.758342],[17.379428900000043,42.75939010000003],[17.378449600000017,42.76102549999999],[17.3888725,42.758410100000035],[17.3894297,42.761208300000014],[17.384672400000017,42.76293890000003],[17.38711550000001,42.76311849999997],[17.388172900000015,42.76629430000001],[17.3827828,42.76660089999998],[17.38113159999997,42.765441100000025],[17.375762700000013,42.7665496],[17.3739764,42.768765],[17.371723899999974,42.7678915],[17.366869200000018,42.7689252],[17.3660874,42.76704910000002],[17.362363299999966,42.76849319999996],[17.36012719999996,42.76713859999997],[17.3575418,42.768690400000025],[17.3583113,42.77147690000001],[17.354948700000033,42.77173609999996],[17.3518676,42.77514239999998],[17.35237880000003,42.7773152],[17.356875699999957,42.77605650000003],[17.35778519999998,42.778905600000044],[17.3511365,42.78120270000004],[17.350900700000032,42.78309730000003],[17.34875,42.782209700000045],[17.3504559,42.77810189999998],[17.346647099999984,42.77826059999997],[17.3434485,42.781685500000016],[17.35053450000002,42.784967499999965],[17.3512491,42.78279790000004],[17.35477389999996,42.7831312],[17.36107070000004,42.7787955],[17.361657099999977,42.77468829999998],[17.366439299999975,42.773244599999984],[17.368683799999967,42.7761355],[17.376370400000024,42.772376500000014],[17.374864799999973,42.768387800000035],[17.388599400000043,42.7673493],[17.406106,42.763654],[17.408624,42.76139139999997],[17.4095172,42.756222599999965],[17.411672299999964,42.756645100000014],[17.41431580000002,42.75465889999999],[17.4184452,42.7585439],[17.41875370000004,42.75588530000003],[17.42107310000001,42.754617300000014],[17.4308273,42.755826],[17.437364900000013,42.75394440000002],[17.438830899999985,42.7515803],[17.437710199999984,42.74870529999997],[17.44456079999997,42.74496390000002],[17.447708700000014,42.749229700000015],[17.45526470000001,42.7510748],[17.455964,42.7526441],[17.4594726,42.75167659999997],[17.460766799999977,42.74970169999999],[17.469101800000036,42.748273200000014],[17.47073049999997,42.7461346],[17.476671,42.74804849999998],[17.49413450000002,42.741834],[17.49423909999997,42.7404036],[17.498959600000013,42.74191010000004],[17.498776,42.738834799999964],[17.5095985,42.73329709999998],[17.51426649999997,42.73426820000004],[17.5187346,42.73292229999997],[17.52023110000001,42.7349708],[17.5237959,42.7336977],[17.531439799999987,42.73466579999999],[17.53717160000004,42.73063350000004],[17.54699619999998,42.72875780000001],[17.54904539999998,42.7268372],[17.562314199999967,42.722864700000024],[17.571318399999974,42.72366670000003],[17.57521870000001,42.7219122],[17.578605600000024,42.723082199999986],[17.581673899999966,42.7218167],[17.586185400000037,42.72310610000001],[17.58587339999998,42.72011169999997],[17.58941640000003,42.71911620000002],[17.59290429999996,42.72014739999999],[17.592743100000035,42.72197060000003],[17.59704450000004,42.72027169999997],[17.600494,42.721985],[17.60720729999999,42.721979699999984],[17.608467399999977,42.72041820000001],[17.6217913,42.72013659999998],[17.62593740000003,42.71848190000003],[17.62592560000003,42.71671429999997],[17.63473970000003,42.71896089999996],[17.645461400000034,42.717380899999974],[17.650708200000015,42.71283420000001],[17.656006,42.71259639999996],[17.658858299999963,42.709887299999984],[17.668721,42.71048929999997],[17.67063619999996,42.708698300000016],[17.682730799999963,42.7071018],[17.6885096,42.7039502],[17.69139269999998,42.704600200000044],[17.69949250000003,42.7017261],[17.700139600000014,42.69741540000003],[17.696786500000044,42.697896599999964],[17.697952499999975,42.692196],[17.6986151,42.69582340000002],[17.7035144,42.697529100000025],[17.708420799999974,42.69527759999998],[17.705763,42.69379260000004],[17.70711280000002,42.69178830000003],[17.712882700000026,42.6993988],[17.717478499999967,42.69863060000004],[17.721215399999984,42.69983339999999],[17.722012,42.69793869999999],[17.726602500000027,42.6970598],[17.723873900000036,42.69562509999996],[17.72527169999996,42.69427719999999],[17.732019,42.694434799999975],[17.73249289999997,42.6975493],[17.735411100000015,42.69848809999997],[17.736624100000014,42.70076],[17.7407642,42.69924049999996],[17.741326900000015,42.696536499999965],[17.7367967,42.69525279999998],[17.738164,42.69316010000002],[17.735751600000032,42.68957549999999],[17.737537099999972,42.68832540000003],[17.74073179999998,42.6881575],[17.740035,42.690896],[17.743455199999985,42.691114399999954],[17.74214410000004,42.68981879999996],[17.746756799999957,42.68858359999999],[17.74816519999996,42.6866451],[17.7519894,42.688983500000035],[17.750015799999957,42.6911901],[17.754167,42.69260860000004],[17.75089939999997,42.6964265],[17.74413569999998,42.6970555],[17.74482579999997,42.70026010000004],[17.74127279999998,42.70361890000003],[17.74689270000001,42.7070086],[17.746132399999986,42.70859420000002],[17.73874330000003,42.70949529999997],[17.734730899999956,42.7128866],[17.7294951,42.71282460000001],[17.718997499999972,42.7155382],[17.719093199999985,42.717881],[17.7109769,42.71767980000001],[17.709636600000028,42.72093890000002],[17.70122,42.72217509999999],[17.6928925,42.72714629999999],[17.686393599999978,42.727651400000035],[17.682738200000042,42.7296379],[17.674099299999973,42.725080699999964],[17.669067899999963,42.7255192],[17.670022499999988,42.72855659999997],[17.67216360000004,42.72658980000004],[17.674058499999973,42.7273956],[17.67087339999996,42.733076500000024],[17.667723500000015,42.735138800000044],[17.668400100000042,42.736398800000025],[17.6613266,42.73387979999997],[17.655276199999964,42.73453569999997],[17.651594900000017,42.731217],[17.65020649999998,42.73244559999996],[17.6490044,42.7296314],[17.64719270000002,42.73035520000002],[17.647975200000015,42.73260220000004],[17.64538620000003,42.736079299999965],[17.6386273,42.73816709999996],[17.620064799999962,42.74013230000003],[17.6219632,42.7372026],[17.603357,42.738229],[17.5991458,42.73717490000002],[17.596509199999982,42.7403101],[17.59827059999997,42.7413869],[17.59662379999996,42.7413869],[17.595901200000036,42.74555349999996],[17.61087890000002,42.74480339999998],[17.609343199999966,42.7464235],[17.602617,42.74657149999999],[17.60053940000002,42.748107399999974],[17.59865980000002,42.7473242],[17.593479599999956,42.7507505],[17.5784079,42.75406839999998],[17.571796199999984,42.754014400000045],[17.56435819999998,42.756936200000034],[17.55566549999999,42.75670980000004],[17.546685,42.760507799999964],[17.537973200000017,42.7608464],[17.529400700000025,42.76381309999997],[17.51229659999996,42.76568040000002],[17.50050460000004,42.76990980000002],[17.4996807,42.771507],[17.49734950000002,42.770484],[17.49417220000003,42.772214700000035],[17.487218,42.77202819999997],[17.483026600000034,42.774186600000036],[17.467919800000026,42.775400099999985],[17.453986699999962,42.78078180000003],[17.4513025,42.7785198],[17.448362899999964,42.77840549999996],[17.44217439999996,42.782595100000044],[17.440191899999974,42.78175679999996],[17.441262900000037,42.784549700000035],[17.439816900000032,42.7863752],[17.4329013,42.78425770000003],[17.4209709,42.7853329],[17.413895300000043,42.78371870000002],[17.4072416,42.7865115],[17.40489029999997,42.78562070000001],[17.392103,42.787736700000025],[17.390307399999966,42.78685809999998],[17.3847002,42.78800840000004],[17.378034,42.785810199999965],[17.373319700000028,42.790476400000045],[17.37046789999997,42.790917699999966],[17.3781778,42.79212820000003],[17.380604,42.78970259999997],[17.384899200000042,42.79040269999999],[17.3907403,42.79494620000004],[17.39036410000004,42.797471800000025],[17.396217600000035,42.80058539999998],[17.391199300000043,42.80172189999996],[17.389108599999986,42.80078389999998],[17.386471700000033,42.803661],[17.38492780000001,42.8016784],[17.382207099999963,42.80160729999998],[17.382573,42.80269589999999],[17.380031800000012,42.8035182],[17.374007299999988,42.79712620000003],[17.370055300000026,42.799458]]],[[[16.694708900000027,42.992033],[16.6936265,42.99414110000002],[16.6902828,42.9911728],[16.688199600000036,42.992340399999975],[16.68302139999996,42.9899039],[16.68401830000002,42.9935989],[16.678379,42.992078599999985],[16.6764759,42.99352749999996],[16.6739888,42.991117799999984],[16.673395700000043,42.99315949999998],[16.66864660000003,42.987286699999984],[16.66657409999997,42.9884601],[16.667130800000024,42.992625300000014],[16.661460700000013,42.99256669999996],[16.660091599999976,42.99135589999997],[16.66162859999996,42.9892932],[16.6575039,42.99028410000001],[16.653459899999984,42.9861941],[16.6511769,42.9871646],[16.648794,42.98549780000003],[16.6474788,42.98658070000001],[16.648872799999964,42.98938309999998],[16.6407181,42.99092019999998],[16.64028869999999,42.98902510000003],[16.636196100000028,42.990166200000026],[16.63188439999997,42.98768689999997],[16.632549400000013,42.98619469999996],[16.6277584,42.985346799999974],[16.629953800000013,42.981592],[16.6364813,42.98078029999997],[16.639931900000043,42.98340829999999],[16.641413200000038,42.97987840000004],[16.64423879999997,42.97933520000004],[16.64501069999998,42.97400049999998],[16.648948900000043,42.977687500000044],[16.650440800000027,42.98190639999997],[16.653120499999968,42.98059789999998],[16.65401020000004,42.98480779999996],[16.657739400000043,42.98338090000003],[16.65867789999998,42.98136659999999],[16.66406209999996,42.98182369999997],[16.6646379,42.9760509],[16.668354099999988,42.9802815],[16.670762300000025,42.97936530000004],[16.66940860000002,42.97379170000002],[16.677256600000018,42.97347940000003],[16.67798980000002,42.96818950000004],[16.681341200000027,42.96815669999999],[16.682688799999973,42.96970720000002],[16.686971400000022,42.966900300000034],[16.6879576,42.9691165],[16.69448289999998,42.96595330000002],[16.701921400000025,42.96894969999996],[16.70462069999999,42.966977600000035],[16.703115399999962,42.96286659999998],[16.7053165,42.96324080000003],[16.70755,42.961622499999976],[16.714614,42.963448200000045],[16.71395690000002,42.96779479999997],[16.7174604,42.9623925],[16.716944699999964,42.961342],[16.714516,42.961856],[16.711056500000026,42.95860790000004],[16.709855200000018,42.9598119],[16.71054819999998,42.956340600000026],[16.706076700000022,42.95936870000001],[16.7003496,42.960237499999955],[16.6948856,42.95871830000002],[16.69509239999996,42.9567965],[16.687187100000017,42.9573205],[16.67464659999998,42.95513290000002],[16.67207960000004,42.95226619999997],[16.663053199999972,42.954090899999954],[16.660561200000018,42.95253730000002],[16.661030400000026,42.9500412],[16.670815499999986,42.94348610000003],[16.668188300000036,42.942348],[16.657283399999972,42.9433869],[16.650237900000025,42.93851170000003],[16.64849990000002,42.93993639999996],[16.646797700000043,42.93830289999998],[16.6429692,42.93809759999996],[16.644467100000032,42.935742599999976],[16.63979420000002,42.93739659999996],[16.637736799999963,42.93656990000004],[16.640969,42.93397449999996],[16.6395503,42.93410720000002],[16.640763700000033,42.93267010000004],[16.639061100000024,42.931554],[16.6457173,42.92929940000003],[16.64105919999997,42.928479499999966],[16.641841500000037,42.927197600000035],[16.638580200000025,42.9256493],[16.645745,42.92259159999996],[16.64766930000004,42.9237073],[16.656489199999985,42.91742050000003],[16.65854349999996,42.9196818],[16.66045219999997,42.9193718],[16.661986800000022,42.916839199999984],[16.660117499999988,42.915604300000034],[16.6645135,42.91499819999998],[16.666274699999978,42.9172989],[16.666548900000016,42.920557100000025],[16.664075,42.92293390000004],[16.665318199999973,42.92557010000002],[16.663174100000028,42.926851700000014],[16.66471069999998,42.928203500000045],[16.66296360000002,42.9294365],[16.6664393,42.927220100000035],[16.6678165,42.929802600000016],[16.6683865,42.926646],[16.671887300000026,42.924633599999986],[16.673974399999963,42.92793070000003],[16.676859,42.924104],[16.684180799999965,42.9242785],[16.689943,42.922614],[16.6938744,42.924062399999976],[16.6950058,42.92232989999998],[16.7051651,42.9188467],[16.709352,42.92114850000002],[16.71471930000004,42.916694],[16.716022899999988,42.917517399999966],[16.713998299999982,42.9205289],[16.721928899999977,42.9195842],[16.729335699999975,42.915649699999975],[16.7529047,42.90745880000002],[16.7617167,42.907945699999985],[16.763529200000043,42.90601520000004],[16.76814070000004,42.90662470000002],[16.76910619999999,42.90528510000003],[16.771375900000024,42.907845699999974],[16.776528700000043,42.90850919999998],[16.7731457,42.905007200000036],[16.7752573,42.903373400000035],[16.7779955,42.90506449999998],[16.78124410000002,42.904449299999975],[16.781458099999963,42.90577489999996],[16.7919945,42.906579500000014],[16.7951074,42.9059622],[16.79137020000004,42.903988200000015],[16.79390680000004,42.902852600000024],[16.796226799999975,42.9036273],[16.79604690000001,42.90560869999998],[16.800055799999974,42.906588499999955],[16.8068264,42.904313],[16.817055099999983,42.90496549999996],[16.8225717,42.90338510000003],[16.82275829999998,42.90213059999997],[16.826408700000034,42.90466670000002],[16.831737,42.90446529999996],[16.837093,42.902056499999965],[16.84277330000002,42.904555],[16.8462028,42.9039881],[16.84798969999997,42.906212899999964],[16.857497900000023,42.909817400000044],[16.8572755,42.9082142],[16.852825499999962,42.90618629999999],[16.856056500000044,42.90385589999999],[16.860862,42.90634260000004],[16.8600986,42.903273300000016],[16.857716299999975,42.900524],[16.8514326,42.89987830000004],[16.848705599999963,42.89737089999997],[16.858522599999986,42.89355980000003],[16.863349,42.89645849999997],[16.864302,42.8934231],[16.87198359999998,42.89459],[16.87288280000004,42.897130200000035],[16.876552199999978,42.895395500000035],[16.877700400000034,42.8980959],[16.88184830000004,42.89608479999996],[16.882190400000013,42.899272199999984],[16.8851894,42.8971705],[16.888553100000042,42.89818159999999],[16.889261,42.89690719999997],[16.892300300000024,42.89680219999999],[16.895364399999973,42.8976675],[16.895176100000025,42.89993390000002],[16.89877450000004,42.899308300000044],[16.900832100000024,42.901219199999964],[16.901890899999966,42.90008769999996],[16.9024828,42.90221759999997],[16.90620739999998,42.90060590000002],[16.91052,42.9027364],[16.910545900000034,42.906380200000044],[16.9139645,42.90399209999998],[16.9160845,42.906352],[16.920754,42.906579500000014],[16.922099500000037,42.908675299999956],[16.925638,42.908356],[16.929219099999987,42.91102610000004],[16.9299783,42.9099855],[16.930163499999967,42.911295899999985],[16.931789899999977,42.910785699999956],[16.9350362,42.91470419999999],[16.93648580000003,42.9105489],[16.939233800000025,42.90995919999996],[16.941004399999976,42.91155],[16.940038299999976,42.91578660000002],[16.9405441,42.9140399],[16.943397700000023,42.91308289999996],[16.9470784,42.915536],[16.952057599999964,42.91594360000004],[16.9533011,42.91741610000002],[16.9520462,42.91881859999998],[16.95843419999999,42.9211063],[16.9589121,42.9230085],[16.960697500000027,42.92208990000002],[16.961910600000035,42.9245286],[16.96495959999998,42.92385079999997],[16.976062399999986,42.92782359999996],[16.9781118,42.92574669999998],[16.983735099999958,42.92561689999999],[16.98942110000004,42.923566],[16.998311599999965,42.92393469999998],[17.0026444,42.92803070000004],[17.00201289999997,42.92413380000002],[17.0048621,42.92302590000001],[17.032457299999987,42.922355200000034],[17.03500930000002,42.92401810000004],[17.036225099999985,42.92190809999999],[17.04223150000002,42.9210355],[17.0463371,42.92401040000003],[17.045443400000032,42.920427400000044],[17.04935920000002,42.91923629999999],[17.059375899999957,42.91701350000002],[17.06184130000002,42.91773730000004],[17.0630058,42.91647959999998],[17.065007200000043,42.91739150000003],[17.06663760000003,42.9159249],[17.079155699999987,42.91351610000001],[17.080619400000035,42.9139626],[17.079422699999963,42.91625490000004],[17.083804300000033,42.9159582],[17.0833025,42.91264939999997],[17.102497,42.9087639],[17.105129300000016,42.9104663],[17.10358690000003,42.91244720000003],[17.10712429999997,42.91214709999998],[17.107464400000044,42.90813630000004],[17.114844399999956,42.910686800000036],[17.1139796,42.90774990000004],[17.1168824,42.908709],[17.120224400000033,42.9070614],[17.12222239999997,42.90873239999998],[17.123128599999987,42.90711239999996],[17.1248023,42.907365400000025],[17.126684799999975,42.91176660000003],[17.1291852,42.9130008],[17.1280676,42.9089882],[17.133043,42.907676099999975],[17.134379800000016,42.91035229999998],[17.138274899999978,42.908796899999984],[17.141628099999956,42.91070339999999],[17.1431282,42.9090591],[17.143156600000037,42.9118758],[17.144234,42.91025320000004],[17.152597700000044,42.91087589999996],[17.15671039999998,42.913232100000045],[17.157113700000043,42.912097699999975],[17.1634722,42.912696799999985],[17.166223399999986,42.911099100000044],[17.171472299999962,42.9140205],[17.17230239999999,42.91150619999998],[17.17790559999997,42.91241009999998],[17.179670399999974,42.913380900000014],[17.178850399999984,42.914388],[17.182128300000038,42.915099],[17.181946600000014,42.917279199999975],[17.1854619,42.918254500000025],[17.188195899999986,42.91659549999998],[17.187091199999976,42.912295700000016],[17.190350099999968,42.911723],[17.1966216,42.91361759999997],[17.198823700000037,42.9172494],[17.202257,42.91724340000003],[17.19669710000003,42.922158],[17.1848137,42.9218321],[17.181726,42.925284],[17.177563800000023,42.92523249999998],[17.176623,42.9240026],[17.172337799999987,42.925344700000025],[17.170734899999967,42.92277580000002],[17.167479199999974,42.9245972],[17.16911829999997,42.92816179999997],[17.16702690000003,42.93005],[17.16282740000002,42.9295716],[17.161739499999978,42.9273087],[17.16032349999997,42.9279335],[17.16449839999999,42.93505830000002],[17.15532349999998,42.942450499999964],[17.156328900000034,42.94440390000003],[17.15024120000002,42.9490214],[17.15019170000001,42.951095099999975],[17.14856489999997,42.9510589],[17.150732900000026,42.952735199999964],[17.1469423,42.954577],[17.14603980000003,42.9576638],[17.14404750000003,42.95729730000004],[17.144117100000017,42.9524779],[17.137686699999982,42.949488299999985],[17.1400271,42.951104400000034],[17.138554899999964,42.9534313],[17.141440599999985,42.95639349999996],[17.13717259999999,42.95664919999998],[17.13588150000001,42.95906019999998],[17.137736,42.9581147],[17.13597119999997,42.95968149999996],[17.13522619999997,42.959160700000034],[17.1371909,42.961554500000034],[17.135572400000015,42.963309700000046],[17.134344799999962,42.96082250000004],[17.1300933,42.96309810000003],[17.126656300000015,42.96026339999997],[17.120113,42.963723199999976],[17.116903499999975,42.96202709999997],[17.11503840000002,42.96329919999997],[17.11418439999997,42.9619717],[17.116418099999958,42.961365899999976],[17.117357599999977,42.95865339999998],[17.1124446,42.9596155],[17.11091430000003,42.95855879999997],[17.108973600000038,42.95979659999998],[17.111662699999957,42.961113400000045],[17.1117771,42.963018700000035],[17.1066964,42.964835100000045],[17.1029608,42.96390029999997],[17.10143560000002,42.96095750000002],[17.097262200000035,42.96382580000002],[17.100854199999965,42.96444940000002],[17.100471800000033,42.96559949999997],[17.091381099999975,42.96448390000003],[17.084252,42.96835360000002],[17.079886100000024,42.967699],[17.078828299999987,42.969487499999964],[17.075679400000038,42.967838699999966],[17.062031500000035,42.96891569999999],[17.061014700000015,42.9721028],[17.054453299999977,42.971303500000026],[17.0454109,42.973067499999964],[17.041258900000017,42.97653440000003],[17.047217099999973,42.978490599999965],[17.047679,42.98026460000002],[17.02100229999997,42.97773140000003],[17.0219409,42.97386580000003],[17.0205776,42.97315019999997],[17.016013700000038,42.975021800000015],[17.015495200000036,42.97736540000004],[17.010344800000038,42.977941700000024],[17.005241600000037,42.97701940000001],[17.003847,42.974860800000016],[16.996893799999985,42.97585759999998],[16.995065599999975,42.974119100000024],[16.99329590000001,42.9754885],[16.98507240000003,42.97428],[16.978375200000034,42.975346100000024],[16.972906099999957,42.97450509999999],[16.9707328,42.97563549999999],[16.965660499999974,42.9752932],[16.961350499999966,42.9731119],[16.957935700000043,42.974767600000035],[16.944383399999957,42.974342],[16.941886799999978,42.972607800000034],[16.9399344,42.973511400000014],[16.92832210000002,42.97180380000003],[16.92825770000002,42.96802850000004],[16.924216100000017,42.97100019999998],[16.910827,42.97147559999997],[16.90962409999997,42.97049149999999],[16.9136069,42.96856339999997],[16.909076200000023,42.9682514],[16.909713099999962,42.96674250000004],[16.899817600000016,42.963431099999966],[16.887679100000025,42.9647325],[16.880782499999963,42.9603035],[16.873075399999987,42.95875570000001],[16.865633600000024,42.958083100000046],[16.8625569,42.9597227],[16.862654199999977,42.958336499999966],[16.860070900000018,42.957736699999984],[16.851021199999977,42.957594400000026],[16.84680339999996,42.958411],[16.844406200000034,42.96053489999996],[16.8383999,42.95944119999997],[16.837552599999977,42.96147490000002],[16.83304890000002,42.9611247],[16.8232759,42.96449880000002],[16.8181544,42.96387390000001],[16.8175363,42.96565520000004],[16.8109806,42.96724849999998],[16.807831799999967,42.965553],[16.80863120000003,42.96825370000002],[16.805601399999986,42.9668064],[16.7923917,42.969412499999976],[16.783652299999968,42.96643980000004],[16.784886500000034,42.970347499999974],[16.7792935,42.97315610000001],[16.7748396,42.97036249999997],[16.7748097,42.97270359999997],[16.76729,42.97356420000003],[16.765329,42.97672210000001],[16.76278249999999,42.973815],[16.75678189999999,42.9765136],[16.754396599999982,42.97511559999996],[16.752221699999975,42.97666169999999],[16.750188100000024,42.975570300000015],[16.744930500000038,42.97921490000003],[16.740457500000044,42.97815660000004],[16.739558800000026,42.98068430000002],[16.73462,42.97983410000002],[16.733157800000026,42.98166110000002],[16.72999020000004,42.981999],[16.73088449999996,42.9861393],[16.7248684,42.98967780000003],[16.72075520000003,42.98687190000004],[16.716387799999982,42.9873405],[16.712427599999963,42.990863199999964],[16.7105485,42.9886502],[16.708128699999985,42.98915549999998],[16.7078681,42.9847386],[16.70328639999999,42.990614],[16.70110049999996,42.989846300000025],[16.7006116,42.9872642],[16.6983176,42.988132200000045],[16.696226099999972,42.986988],[16.6978313,42.99319389999999],[16.694708900000027,42.992033]]],[[[16.00561590000003,42.994202799999975],[16.000176899999957,42.990738799999974],[15.999783900000034,42.98684859999997],[16.003668099999985,42.986265500000044],[16.00007829999997,42.985229],[15.998637799999974,42.98223819999998],[16.004674500000032,42.982645099999985],[16.00227650000004,42.980493],[15.998296599999987,42.979821],[16.0006261,42.979176599999974],[16.002257599999986,42.97625760000004],[15.999111099999967,42.97623219999998],[15.99885779999997,42.974758299999976],[16.0030189,42.970673599999955],[16.001093,42.9693483],[16.001254,42.96057850000002],[15.9969185,42.958794500000025],[15.995709100000036,42.9534249],[16.002248300000016,42.95654470000004],[16.004321799999982,42.96058439999997],[16.009170399999967,42.962197],[16.015840899999972,42.9595048],[16.01911230000002,42.95963070000002],[16.02257010000004,42.966048100000044],[16.0214587,42.96734760000001],[16.0230762,42.967692],[16.021533900000012,42.96962709999997],[16.023532,42.9720814],[16.02210090000003,42.97478519999998],[16.02509309999998,42.9761595],[16.019249600000013,42.978142],[16.023430700000013,42.98093750000001],[16.0219364,42.9820301],[16.01931110000004,42.98114629999996],[16.021483,42.98779859999998],[16.017972,42.98545390000004],[16.016181700000015,42.98771],[16.01172170000003,42.98861449999998],[16.007806299999988,42.99376030000004],[16.00561590000003,42.994202799999975]]],[[[15.759736599999966,43.0348473],[15.751228299999957,43.034315699999986],[15.745155899999967,43.030070700000024],[15.737917699999974,43.029519],[15.736068600000012,43.0278012],[15.7295332,43.02668170000002],[15.725228,43.0231811],[15.728006399999964,43.02054360000001],[15.726916700000041,43.019078],[15.737342299999971,43.0190719],[15.7402947,43.01606059999999],[15.7436922,43.018143799999955],[15.746025399999967,43.01737510000004],[15.745556,43.01908090000004],[15.7510388,43.018819099999966],[15.761502100000028,43.0222622],[15.765922700000038,43.0251367],[15.769219699999985,43.03160910000004],[15.759736599999966,43.0348473]]],[[[17.00654919999996,43.04811069999999],[17.00071250000002,43.046536600000046],[17.0089746,43.04257430000003],[17.015632500000027,43.04154729999996],[17.0126007,43.03991349999996],[17.018202699999968,43.03717490000003],[17.0126823,43.035777499999966],[17.0142807,43.0307897],[17.0124194,43.02961110000001],[17.01514459999998,43.02970780000002],[17.015177300000023,43.027960300000025],[17.02212629999998,43.0251884],[17.023612600000032,43.0263778],[17.02172139999996,43.0311384],[17.024025199999976,43.029805799999956],[17.02937570000001,43.03116890000003],[17.03066720000002,43.03051410000003],[17.0284364,43.02883280000001],[17.0349102,43.024302900000016],[17.031086100000042,43.022690800000035],[17.025191,43.02305250000003],[17.023275300000012,43.018836499999985],[17.020466799999983,43.01838869999997],[17.023859899999977,43.016110300000015],[17.019567600000013,43.01280269999999],[17.020838800000032,43.00915939999999],[17.017984400000024,43.00512790000002],[17.00491530000004,43.01073350000002],[17.01088360000003,43.004960500000024],[17.015396300000024,43.00517210000004],[17.0175772,43.00353910000001],[17.02137980000003,43.00445590000002],[17.034136800000038,43.001753],[17.038337200000036,43.0028175],[17.03828069999998,43.000721799999965],[17.053496599999956,42.99384319999997],[17.05754,42.990322800000015],[17.063915599999962,42.98842639999996],[17.065906500000022,42.98459759999998],[17.068639099999988,42.98376979999996],[17.08100910000004,42.9831411],[17.094166799999982,42.98492709999997],[17.100441,42.9831422],[17.1033933,42.9788205],[17.10905219999997,42.9782667],[17.1140903,42.9806691],[17.12798039999997,42.97777860000003],[17.1294782,42.97534920000002],[17.135694800000017,42.97445449999997],[17.16522230000002,42.973722199999955],[17.173649900000015,42.974894399999954],[17.17620429999998,42.97366630000004],[17.173879099999972,42.97394220000004],[17.17489720000001,42.972635],[17.18715,42.97475690000004],[17.19194170000003,42.978399299999964],[17.201655899999984,42.98173019999996],[17.21011190000002,42.98242240000003],[17.218056099999984,42.98109320000001],[17.21948660000004,42.9786402],[17.22620630000003,42.97602360000004],[17.227660900000036,42.97269279999996],[17.23271809999996,42.96901920000003],[17.23726060000002,42.96683819999996],[17.2416711,42.967034599999955],[17.2450086,42.9623237],[17.248318400000034,42.961688400000014],[17.25208710000002,42.957848],[17.255531900000026,42.958601400000035],[17.25670569999998,42.95655850000002],[17.266008,42.9517514],[17.273126099999963,42.95060730000002],[17.288152199999956,42.944692600000025],[17.300119900000027,42.94324580000004],[17.3110957,42.9380133],[17.32106749999996,42.93634640000002],[17.334611299999963,42.93172010000004],[17.3432992,42.92699450000002],[17.348990299999972,42.919069599999965],[17.35850629999996,42.91675959999997],[17.362334299999965,42.91349060000003],[17.3670922,42.912295199999974],[17.3663859,42.913097],[17.370759700000043,42.91374610000003],[17.3734986,42.91175529999998],[17.379626400000042,42.91211540000002],[17.38064270000002,42.91334040000004],[17.398566499999962,42.9123149],[17.400030400000027,42.91568690000003],[17.398484500000016,42.916368500000026],[17.40139680000002,42.917658299999985],[17.405007,42.914424699999955],[17.40584510000001,42.91581480000004],[17.4077386,42.91537719999999],[17.411732699999988,42.9094025],[17.413414,42.90990860000004],[17.41318069999998,42.911841099999975],[17.419049800000025,42.911011],[17.4279678,42.902421],[17.43718939999997,42.8977073],[17.44322449999998,42.89718939999996],[17.45443559999998,42.8924506],[17.45004829999997,42.888437699999976],[17.447372199999972,42.8889618],[17.44698860000003,42.88758380000002],[17.450974400000035,42.88652159999997],[17.45053220000004,42.8845112],[17.444100499999987,42.88324129999999],[17.43747650000001,42.88397],[17.43871110000002,42.8822378],[17.43681240000004,42.87553139999996],[17.43064229999996,42.875257],[17.43514029999998,42.87301129999999],[17.438311199999973,42.873631],[17.442345299999978,42.87048089999997],[17.44586849999999,42.87244329999998],[17.448052799999974,42.870300100000016],[17.447066299999975,42.86789870000001],[17.454077500000015,42.86725309999997],[17.45340809999996,42.866039500000014],[17.45834059999996,42.865006499999986],[17.460560200000025,42.86629769999997],[17.46485850000004,42.8633021],[17.466620099999957,42.864206],[17.469403400000033,42.86163650000004],[17.4728209,42.861998],[17.481241300000022,42.85851160000003],[17.4959859,42.857104],[17.5090746,42.84953630000002],[17.5394372,42.844104700000024],[17.54031919999997,42.84622089999997],[17.549138699999972,42.84098889999997],[17.565334600000032,42.838696],[17.582091699999985,42.834992],[17.583935799999978,42.83334570000004],[17.58618080000001,42.83446290000002],[17.59223420000003,42.83328689999997],[17.609632700000027,42.8271718],[17.612438900000043,42.824702],[17.638519500000044,42.8164652],[17.668994,42.811780199999966],[17.674289099999957,42.81332509999998],[17.676417600000033,42.81711730000004],[17.67903809999996,42.8127681],[17.6779158,42.808004],[17.68276180000004,42.807737500000044],[17.68297049999999,42.805761399999966],[17.6882874,42.8038253],[17.6944114,42.80595970000003],[17.69790810000003,42.8019639],[17.69716679999998,42.8003408],[17.704958699999956,42.802704800000015],[17.704588,42.7978462],[17.709154500000018,42.79658039999999],[17.7160394,42.80097460000003],[17.718969300000037,42.79535080000004],[17.72661960000002,42.792145599999955],[17.7349418,42.7918401],[17.73571830000003,42.79652290000003],[17.7423121,42.7970517],[17.75087469999997,42.791131399999976],[17.7489761,42.78604080000004],[17.7550895,42.777756299999986],[17.75424119999998,42.7737364],[17.748281399999982,42.77449660000001],[17.747483400000036,42.77209850000001],[17.753318400000012,42.76470529999999],[17.7604117,42.76136610000001],[17.7619338,42.761058],[17.76346370000002,42.763994100000026],[17.76092769999998,42.766107800000036],[17.760984200000035,42.7699279],[17.763807599999964,42.77231570000004],[17.770608,42.77438310000004],[17.76885,42.77816069999996],[17.76082,42.782366799999984],[17.746325399999968,42.803908],[17.743531900000026,42.8028592],[17.74131669999997,42.806345200000045],[17.73253230000003,42.809042600000026],[17.71952430000004,42.8162847],[17.71690219999998,42.82218319999998],[17.71252530000003,42.822432099999965],[17.700501500000026,42.827805799999965],[17.697330500000025,42.83537789999996],[17.703367600000025,42.82990410000003],[17.71379359999999,42.8240106],[17.7306726,42.81976149999998],[17.7349289,42.81579609999997],[17.74952859999997,42.81161760000001],[17.749957,42.81022149999996],[17.7518938,42.81045860000004],[17.757098400000043,42.80625170000003],[17.76245380000004,42.8044156],[17.7642632,42.80118830000004],[17.76822729999999,42.800371],[17.77327960000004,42.79250090000004],[17.781417599999966,42.78719379999996],[17.784891,42.78823829999996],[17.784730499999984,42.791595600000015],[17.789086100000034,42.79223890000004],[17.789014,42.7958097],[17.79353169999998,42.79683330000004],[17.793666899999977,42.800400300000035],[17.797456299999986,42.7996066],[17.798109,42.800976],[17.793465099999977,42.806478],[17.796095,42.807207100000035],[17.8020616,42.80491329999996],[17.8036373,42.8068514],[17.806911,42.80703430000004],[17.807869499999956,42.803031500000046],[17.8103937,42.803511],[17.819654700000026,42.79940039999999],[17.822848,42.80090609999996],[17.822550900000028,42.8020778],[17.828231700000035,42.8000177],[17.839648700000016,42.80480780000003],[17.8435579,42.804154],[17.844651100000025,42.80223170000004],[17.842856899999987,42.799719500000016],[17.84526659999997,42.7965839],[17.847581,42.7956821],[17.849299699999982,42.79694609999996],[17.85131290000002,42.79552780000002],[17.849931899999977,42.79337],[17.844989,42.79326370000001],[17.846523799999986,42.7884448],[17.858761,42.784741900000036],[17.86065249999998,42.778838700000016],[17.8659696,42.77649929999998],[17.872453899999968,42.776064299999966],[17.8699112,42.77961759999998],[17.87438020000001,42.7800149],[17.8753247,42.7820332],[17.881777400000015,42.7841328],[17.8847078,42.7874348],[17.8879378,42.78747849999998],[17.888431399999988,42.784055299999984],[17.890289499999984,42.78302940000001],[17.884163199999975,42.7789104],[17.883816,42.773436],[17.878971,42.77457930000002],[17.877729899999967,42.773136],[17.877015700000026,42.774828500000034],[17.873569199999967,42.772973700000044],[17.87402019999998,42.76768580000004],[17.87740410000001,42.76302240000001],[17.9055627,42.74547790000001],[17.9136513,42.745205],[17.92827430000004,42.74019409999999],[17.9309306,42.73580769999997],[17.936623,42.734635400000045],[17.939820300000036,42.7313532],[17.94594950000002,42.72999629999999],[17.94911940000002,42.7265979],[17.9543845,42.7285698],[17.9542695,42.727018499999986],[17.95735720000003,42.725596199999984],[17.955865499999973,42.72155339999997],[17.9594286,42.7228225],[17.960808300000025,42.720690299999966],[17.963991100000026,42.720761],[17.962817800000025,42.7174253],[17.96734509999998,42.712731699999964],[17.971472100000035,42.711078200000024],[17.97412489999997,42.71179760000004],[17.984155299999976,42.7050356],[17.994095900000012,42.70184289999999],[18.006547399999967,42.69514710000002],[18.018616199999965,42.6943792],[18.02663460000003,42.68824529999998],[18.03448069999996,42.68781230000003],[18.045079900000044,42.68445929999998],[18.043931699999987,42.68854130000004],[18.0401458,42.69014619999996],[18.042794899999986,42.694687700000024],[18.039181299999957,42.69642790000004],[18.0421928,42.697958600000035],[18.040912,42.70010240000004],[18.044764100000027,42.7017422],[18.04683150000002,42.69065929999996],[18.049680600000034,42.688716300000046],[18.050583499999956,42.68419929999996],[18.056554399999985,42.6804899],[18.055522599999968,42.6782474],[18.07320439999996,42.6688601],[18.078540499999956,42.6691231],[18.089910300000028,42.67318660000004],[18.094437499999977,42.672486700000036],[18.096196,42.674070499999985],[18.10035810000002,42.67437519999997],[18.130461200000042,42.67162450000002],[18.13477549999996,42.6727868],[18.13685189999999,42.6754317],[18.134761100000013,42.67159],[18.13194350000003,42.670253900000034],[18.128744799999957,42.6714998],[18.12721839999996,42.6701729],[18.128449,42.671528],[18.123973200000037,42.670806099999986],[18.1269483,42.6703167],[18.12428069999999,42.6693699],[18.10457380000004,42.672133600000045],[18.0786097,42.66667969999998],[18.086767400000042,42.65789249999999],[18.08827020000004,42.65337079999996],[18.087033300000016,42.653121],[18.0850106,42.656163],[18.079601199999967,42.65871210000003],[18.07677640000001,42.66357260000002],[18.0709044,42.66462409999998],[18.0596353,42.6637173],[18.056921399999975,42.66186050000003],[18.057796399999987,42.65887410000003],[18.070099700000025,42.65559619999997],[18.06829290000001,42.6536869],[18.06177730000003,42.65291689999997],[18.0596848,42.64966620000004],[18.06968530000002,42.649515099999974],[18.076850500000013,42.644795900000034],[18.08161360000003,42.645444],[18.08790439999997,42.6434537],[18.091394099999963,42.64355940000004],[18.092301099999958,42.64629630000001],[18.093871400000033,42.64641020000002],[18.100991500000024,42.64198860000002],[18.099762300000016,42.64037879999996],[18.102488499999986,42.64028520000003],[18.1037939,42.64174769999998],[18.104424500000032,42.64034479999999],[18.105286400000026,42.6415537],[18.10732280000003,42.6389925],[18.11337610000004,42.639780500000015],[18.111302599999984,42.64009759999996],[18.112559599999983,42.64172629999999],[18.124407299999984,42.63965129999998],[18.130099,42.6362433],[18.1307355,42.63282790000003],[18.13675890000002,42.630483400000024],[18.1411244,42.63152829999997],[18.148752600000023,42.629972],[18.16480940000003,42.623365],[18.169529,42.618495100000025],[18.180291099999973,42.6144779],[18.181604400000012,42.6172465],[18.1867374,42.61642570000004],[18.19146440000004,42.620086],[18.19804550000002,42.62009919999996],[18.1967173,42.622348299999985],[18.1991047,42.6236689],[18.20395940000004,42.62158350000003],[18.207043200000022,42.62196150000004],[18.212930599999982,42.61620530000001],[18.2125337,42.61390380000001],[18.215024699999965,42.6145971],[18.217947500000037,42.6121925],[18.22375170000004,42.611491399999984],[18.223227700000027,42.60895420000002],[18.22915760000004,42.604061],[18.228493399999973,42.600961],[18.229968199999963,42.60203209999998],[18.2303829,42.6000443],[18.22417570000004,42.5939921],[18.2268654,42.58985139999996],[18.22480440000001,42.585205599999966],[18.2222216,42.58404920000003],[18.223203,42.58172979999997],[18.218774499999984,42.581320400000024],[18.21949210000003,42.5836634],[18.211364100000043,42.58771869999998],[18.211417099999988,42.5845479],[18.215918799999958,42.583206799999964],[18.2171775,42.5807285],[18.214147300000022,42.579422800000046],[18.20958070000001,42.582550899999966],[18.208002,42.58205480000004],[18.21183969999996,42.578535399999986],[18.221722,42.57578370000004],[18.224521200000027,42.57354090000001],[18.22627,42.566101299999964],[18.233549499999985,42.558500100000046],[18.2463034,42.55074740000003],[18.249119200000013,42.55051189999999],[18.25725,42.5445747],[18.2646776,42.5420039],[18.264846600000034,42.53995510000004],[18.2719203,42.53801740000003],[18.275497,42.53059420000001],[18.289585400000036,42.5231432],[18.291883799999958,42.5237574],[18.302115900000043,42.51876270000002],[18.3099012,42.51726630000002],[18.32838359999998,42.5103101],[18.332569500000023,42.5060433],[18.37272,42.48890350000001],[18.38382370000003,42.48016829999997],[18.38671579999996,42.4800924],[18.38844,42.478066],[18.39431470000004,42.4782514],[18.411356,42.4677509],[18.420299899999964,42.464545499999986],[18.424754600000043,42.46049160000003],[18.426572199999974,42.456682],[18.4254304,42.454399700000025],[18.4188071,42.456079500000016],[18.414507799999985,42.45933589999998],[18.409374100000036,42.458685],[18.4274935,42.4463668],[18.429056299999985,42.44757360000003],[18.4274623,42.44843660000002],[18.427507700000017,42.45262730000002],[18.43485919999997,42.453597900000034],[18.435456800000033,42.450130799999954],[18.441079300000013,42.446466299999976],[18.444103799999972,42.44736779999996],[18.444003500000022,42.4499822],[18.45040340000002,42.45089160000002],[18.463143400000043,42.44438860000002],[18.475578299999956,42.4340886],[18.47752259999998,42.42963610000002],[18.4863101,42.421192300000016],[18.508565,42.40751],[18.50818149999998,42.402224500000024],[18.5182259,42.395937600000046],[18.5338663,42.392411399999965],[18.510967600000022,42.40649719999996],[18.509760599999986,42.4146388],[18.513135299999966,42.41680950000002],[18.513885300000027,42.421315299999975],[18.52417950000001,42.420496099999966],[18.516376800000028,42.426598699999964],[18.505700699999977,42.43158350000003],[18.49353460000001,42.4416007],[18.472754399999985,42.46538249999996],[18.461523,42.4712901],[18.449890200000013,42.47465020000001],[18.4427012,42.481043700000015],[18.43376180000003,42.484149],[18.4381593,42.488109799999975],[18.437311600000022,42.49098090000003],[18.440573700000012,42.50193550000004],[18.4449811,42.509877],[18.433424899999956,42.52110989999998],[18.4370558,42.52758880000003],[18.436305199999975,42.53603130000001],[18.43902969999998,42.5434273],[18.4375367,42.55204740000003],[18.43592929999996,42.552367799999985],[18.43812620000001,42.55566],[18.438352900000027,42.561253],[18.434700399999976,42.56757309999997],[18.43178,42.566153],[18.42915509999999,42.566692],[18.421766,42.57036140000002],[18.419021399999963,42.576212199999965],[18.4155943,42.57661640000001],[18.40220489999998,42.5848378],[18.3938053,42.58705060000003],[18.38036979999998,42.5984362],[18.3642672,42.615620500000034],[18.34699509999998,42.61898870000001],[18.33727259999996,42.61917],[18.332478599999963,42.615473],[18.29210949999998,42.614668],[18.27997590000004,42.617282100000025],[18.27586340000003,42.609037200000046],[18.269468299999986,42.60986660000002],[18.2592127,42.60458850000002],[18.250053499999957,42.60351869999997],[18.247921799999972,42.6045765],[18.244613299999962,42.610211300000024],[18.23765290000004,42.6143405],[18.227738699999968,42.61716080000002],[18.2047157,42.6397019],[18.192901099999986,42.65620870000002],[18.1866934,42.65754459999998],[18.1830319,42.65606160000002],[18.1782336,42.66130030000004],[18.17534520000002,42.657597299999985],[18.162473600000034,42.65872439999998],[18.150792799999987,42.6645621],[18.1406294,42.68011909999996],[18.117101,42.6843973],[18.10713290000004,42.68857660000003],[18.104905200000015,42.69237670000004],[18.105514900000014,42.7031064],[18.1015869,42.710045800000046],[18.09225260000003,42.71432049999997],[18.0865146,42.715248600000024],[18.048126699999983,42.7426513],[18.0415392,42.74891760000004],[18.028678600000042,42.7519121],[18.01883739999997,42.75221740000004],[18.000036400000013,42.7613939],[17.99912439999996,42.7738104],[17.993125500000012,42.7759768],[17.984477099999957,42.77672610000001],[17.974577700000044,42.78046320000004],[17.963864300000015,42.7868303],[17.9501444,42.799032099999984],[17.919414,42.8068309],[17.909579,42.81074239999998],[17.8914212,42.80983930000004],[17.887464900000044,42.8146222],[17.89069880000001,42.822042399999965],[17.900225399999986,42.83251670000001],[17.8846928,42.83759049999998],[17.878857099999973,42.83749030000004],[17.869919699999986,42.846818799999966],[17.856589299999964,42.868560599999974],[17.854298200000024,42.878889100000045],[17.85880440000001,42.88457830000004],[17.857287900000035,42.88758879999999],[17.844248099999987,42.90246889999998],[17.82927910000001,42.90961569999996],[17.80904819999996,42.917179299999965],[17.791631599999974,42.8945437],[17.791337399999968,42.891688099999975],[17.785772799999982,42.89176730000004],[17.7648621,42.90801260000001],[17.75127509999997,42.91301019999998],[17.72458860000002,42.91907089999998],[17.696368600000017,42.92218609999998],[17.687524500000023,42.922573599999986],[17.67839749999998,42.920684800000025],[17.67566329999997,42.918693600000026],[17.648938844917833,42.8890633079766],[17.67082180000004,42.876367799999976],[17.695609,42.867244699999986],[17.700434800000014,42.87168769999999],[17.7008221,42.87969820000002],[17.7086123,42.883599],[17.711340699999983,42.879619800000015],[17.7185899,42.87627520000004],[17.708996299999985,42.87369330000002],[17.701986399999964,42.866586300000044],[17.703084699999977,42.861735499999966],[17.70807260000003,42.85698740000004],[17.695838300000016,42.861790199999966],[17.694929799999986,42.86089580000004],[17.7045684,42.85606889999998],[17.710686300000017,42.85070579999997],[17.721546899999968,42.84808329999996],[17.741135800000013,42.838085299999975],[17.745193099999984,42.83448870000002],[17.74244379999997,42.83278679999998],[17.732429799999988,42.833658399999976],[17.719616699999957,42.84044469999997],[17.72206410000004,42.837412800000024],[17.7192942,42.83789910000002],[17.71426190000001,42.8414218],[17.71350190000001,42.8428452],[17.7158774,42.84288440000004],[17.7135768,42.84485759999997],[17.712707700000024,42.843028399999966],[17.708015800000037,42.84547919999997],[17.71001589999997,42.845639],[17.709281599999965,42.84730519999998],[17.705789300000024,42.84762470000003],[17.7058771,42.84522259999997],[17.702909499999958,42.84852579999998],[17.70528949999997,42.84965550000002],[17.703700500000036,42.852810300000016],[17.695827800000036,42.856626099999986],[17.6931223,42.8563182],[17.69032329999996,42.858744700000045],[17.687310800000017,42.85834090000003],[17.685208599999985,42.860919],[17.680560900000014,42.8620954],[17.68024670000004,42.86389339999999],[17.6832498,42.86383319999998],[17.678063599999977,42.86807390000003],[17.680305099999988,42.869686],[17.649851600000016,42.880529599999974],[17.665370500000016,42.87230560000004],[17.6634746,42.87159790000002],[17.668155499999965,42.867744],[17.656806500000016,42.86843010000001],[17.648753,42.870799],[17.639596,42.877917300000014],[17.6354039,42.877285],[17.628113699999975,42.8809431],[17.609235700000042,42.89559830000003],[17.605397900000025,42.893884399999976],[17.598568500000017,42.89447789999996],[17.588652399999965,42.8998328],[17.5839028,42.8998649],[17.582010099999984,42.90277660000004],[17.573323699999982,42.9046676],[17.560388200000038,42.910773],[17.553969299999977,42.910709],[17.55155670000002,42.912816799999966],[17.5442785,42.913302700000024],[17.53886,42.91777419999998],[17.5288636,42.9212437],[17.52900680000003,42.92318580000001],[17.52608810000003,42.924359400000036],[17.522972900000028,42.92407639999998],[17.522653,42.9215689],[17.519102599999986,42.925065899999964],[17.516772500000016,42.92335970000001],[17.524309300000024,42.91906380000002],[17.5273105,42.91064390000004],[17.533191200000037,42.90633659999999],[17.531438599999976,42.90341820000001],[17.51942850000004,42.905602],[17.5191757,42.90803459999997],[17.515584899999986,42.90762979999996],[17.51333740000001,42.91203080000004],[17.5113257,42.90965549999997],[17.4980835,42.910298200000035],[17.495493,42.9117878],[17.491128299999975,42.90912040000001],[17.47940270000004,42.9198451],[17.476057899999958,42.91865959999997],[17.478966199999984,42.91595070000001],[17.478864800000032,42.91321030000002],[17.472667900000044,42.915293],[17.4693387,42.91460380000003],[17.467707400000037,42.916635],[17.4707769,42.918300099999975],[17.469115600000023,42.92041709999999],[17.46510110000004,42.91989160000003],[17.4496977,42.9276245],[17.448451800000036,42.930437599999976],[17.45064480000003,42.93055029999997],[17.448063200000036,42.93311560000004],[17.45133549999998,42.94022290000004],[17.446852100000015,42.945158899999974],[17.44378090000001,42.94619069999999],[17.442688,42.950252499999976],[17.44444750000001,42.9508689],[17.4401932,42.953354500000046],[17.423726099999964,42.9587267],[17.4179643,42.958611399999974],[17.3922765,42.96741020000004],[17.39000750000002,42.96638019999999],[17.38911760000002,42.969341],[17.3793521,42.9736799],[17.373877,42.974114099999966],[17.372012699999978,42.977185399999975],[17.361077299999966,42.9818875],[17.356657500000022,42.981675599999974],[17.354758,42.984068499999985],[17.34359639999999,42.98602429999998],[17.330898399999977,42.9924224],[17.326098,42.9908358],[17.325626300000035,42.99419529999997],[17.313333599999986,42.99842340000004],[17.309363699999963,42.9977413],[17.3082531,43.000213099999975],[17.302259400000036,43.00243680000003],[17.2872875,43.0057426],[17.28642150000002,43.003824],[17.28365029999997,43.003699],[17.280285600000017,43.006688],[17.282359099999983,43.00673739999996],[17.28089120000003,43.00789210000003],[17.27058949999996,43.01088329999998],[17.263953,43.0086217],[17.234119600000014,43.01554179999996],[17.205687100000016,43.018425],[17.2017077,43.0169],[17.199005199999956,43.018553099999984],[17.18244949999997,43.0203352],[17.18071479999997,43.0224382],[17.1747156,43.021578099999985],[17.170807400000015,43.025047],[17.16173690000003,43.0230274],[17.153803399999973,43.02509530000003],[17.146474500000025,43.02330890000002],[17.144361499999988,43.0248512],[17.139503,43.025061100000045],[17.1300687,43.023006799999976],[17.09010530000002,43.02154620000001],[17.088541599999957,43.02036169999997],[17.084905,43.02073290000004],[17.084445200000037,43.01939559999997],[17.07865180000004,43.0207775],[17.076576800000037,43.019382699999966],[17.074172499999968,43.02170520000002],[17.067344,43.020941200000046],[17.066418099999986,43.0221806],[17.0715398,43.023849900000016],[17.066739500000022,43.0236641],[17.06718280000002,43.0253397],[17.06014420000002,43.02606],[17.061126600000037,43.027843],[17.058592299999958,43.02903939999996],[17.054974400000017,43.02827460000001],[17.053198900000016,43.031686599999965],[17.0471326,43.0326391],[17.0472742,43.03545219999996],[17.033535400000016,43.03751190000003],[17.03651750000002,43.04007779999997],[17.0310319,43.04206010000003],[17.02946969999997,43.04423290000004],[17.020394,43.0466435],[17.01605819999999,43.04563030000002],[17.011068599999973,43.04720090000003],[17.010730399999968,43.0457031],[17.00654919999996,43.04811069999999]]],[[[16.18486239999997,43.08054960000001],[16.1856077,43.0816464],[16.179975700000032,43.080067199999974],[16.1756954,43.08118630000002],[16.172775,43.0787161],[16.158525399999984,43.08043519999996],[16.14657019999997,43.07983],[16.1398593,43.07788350000004],[16.136943,43.078704],[16.135407199999957,43.076945499999965],[16.137152500000035,43.07574190000003],[16.1327123,43.076257499999976],[16.131616899999962,43.073163],[16.130122500000038,43.07538110000002],[16.126640200000036,43.07486390000004],[16.129202400000025,43.07813030000003],[16.1237082,43.07859930000002],[16.12500310000003,43.07581409999997],[16.12226829999997,43.07350370000003],[16.1226421,43.07598780000004],[16.117039100000024,43.077384599999974],[16.1136993,43.07378649999998],[16.112616,43.07547340000002],[16.109831499999988,43.0741302],[16.103361799999988,43.07491850000003],[16.093586,43.07215020000004],[16.0913371,43.072868],[16.091257399999975,43.07081990000002],[16.086581900000013,43.071665],[16.0841612,43.068783099999976],[16.082660600000015,43.07046150000003],[16.080192099999962,43.07002389999997],[16.074057,43.064241],[16.0534142,43.05698789999997],[16.04878739999998,43.05360969999997],[16.0562364,43.05180820000003],[16.054936199999986,43.050818699999965],[16.0597013,43.048763800000025],[16.058292,43.044748499999976],[16.0639803,43.044205800000015],[16.061240299999962,43.0426341],[16.0632996,43.04088409999998],[16.066056799999956,43.041005800000015],[16.076200199999985,43.0464254],[16.08421180000002,43.04810189999997],[16.089277400000018,43.0452437],[16.085935,43.04446260000004],[16.08896359999999,43.04326770000002],[16.088489700000036,43.0409648],[16.090813099999984,43.04040309999997],[16.093246399999966,43.035789],[16.091929900000018,43.03058729999996],[16.093128199999956,43.0241148],[16.088450199999965,43.0201978],[16.070577499999988,43.01299989999996],[16.070947,43.010576199999974],[16.06664070000004,43.00595369999996],[16.0703693,43.007792],[16.0713162,43.00530410000003],[16.080796399999958,43.007683099999966],[16.08721589999998,43.0051191],[16.088561,43.00733170000002],[16.0900361,43.0061152],[16.093002500000036,43.00746859999998],[16.10254230000004,43.005617899999976],[16.103886300000042,43.00834830000002],[16.104400599999963,43.00703220000002],[16.109788299999966,43.00743639999998],[16.10968910000002,43.00895930000004],[16.112870199999968,43.00837860000004],[16.111622700000044,43.006686500000015],[16.113007200000023,43.006721399999975],[16.1222342,43.010318699999985],[16.1311902,43.01026330000002],[16.130424900000012,43.01143460000004],[16.13424159999997,43.01136670000001],[16.134686199999987,43.013529099999964],[16.13670480000003,43.011599900000036],[16.141423199999988,43.0116692],[16.15387,43.01480759999996],[16.156051700000035,43.016827600000035],[16.15545040000002,43.01411080000004],[16.161404199999968,43.0144249],[16.161529899999977,43.018383200000045],[16.164067,43.01825989999997],[16.165445400000028,43.01488269999996],[16.167414,43.01668490000004],[16.1714027,43.014870500000015],[16.171399800000025,43.021406700000014],[16.1749419,43.016626900000034],[16.177567099999962,43.017834899999976],[16.177470200000027,43.019631],[16.18003949999998,43.020442],[16.1805742,43.017559],[16.185769,43.0213025],[16.1850904,43.01778019999998],[16.19316210000004,43.01751179999998],[16.19768130000004,43.0188153],[16.196881300000015,43.0239184],[16.1987543,43.0235997],[16.200749499999972,43.02018730000002],[16.203920299999957,43.022539500000036],[16.205444899999982,43.02006950000004],[16.20414030000004,43.0184653],[16.206897800000025,43.01688980000003],[16.211632700000017,43.0179543],[16.215575099999985,43.0166243],[16.21590019999997,43.01852450000001],[16.2120404,43.019803200000034],[16.2124633,43.024729],[16.21473730000003,43.022815699999974],[16.222116100000022,43.022741599999975],[16.224550700000023,43.02631929999996],[16.223638599999962,43.02864090000003],[16.23063070000002,43.02969840000004],[16.230470700000016,43.03233990000002],[16.228433300000017,43.03298979999997],[16.23238030000001,43.03785330000003],[16.230662499999987,43.04032779999996],[16.234368899999968,43.03947449999997],[16.251927599999988,43.05018549999998],[16.25318879999998,43.0549744],[16.25815820000001,43.06029729999997],[16.252037899999966,43.0586178],[16.254270899999984,43.06336790000001],[16.2576021,43.06535290000002],[16.252958700000036,43.067091099999956],[16.248862599999963,43.06582650000004],[16.2540715,43.06958250000004],[16.255409400000037,43.0734904],[16.24910910000002,43.070949],[16.247211200000017,43.072652300000016],[16.2420927,43.06451059999996],[16.242013899999957,43.06917870000002],[16.2399802,43.070357799999975],[16.243035899999963,43.07241559999997],[16.2372687,43.0722689],[16.243272299999983,43.07678039999998],[16.233297799999985,43.075529699999976],[16.229141,43.071456],[16.22879640000004,43.075698399999986],[16.224829700000015,43.0748903],[16.222359800000024,43.0714456],[16.220569200000018,43.071347100000025],[16.220849699999956,43.07382],[16.2184801,43.0740024],[16.2173432,43.072549600000045],[16.208892400000035,43.07070210000004],[16.20648340000002,43.06838760000003],[16.204028699999956,43.0693116],[16.2054032,43.067240300000044],[16.203568199999957,43.064009900000016],[16.198288099999974,43.05840030000004],[16.195488100000027,43.05756319999996],[16.187403299999975,43.059279600000046],[16.1840555,43.06191240000002],[16.18760460000002,43.063587699999985],[16.189183,43.06169140000003],[16.18869,43.06863829999999],[16.194107700000032,43.06726609999996],[16.198697099999976,43.075347099999966],[16.19541249999999,43.07530839999996],[16.193346799999958,43.07295019999997],[16.1917383,43.07534419999999],[16.18951640000002,43.073351200000026],[16.18749449999997,43.07587409999996],[16.18196,43.07507249999998],[16.182095900000043,43.07672720000002],[16.17791809999996,43.078394],[16.18370949999997,43.07769440000003],[16.18793510000001,43.078743300000035],[16.18486239999997,43.08054960000001]]],[[[16.6892457,43.09840350000003],[16.68609030000004,43.098774],[16.683729600000024,43.09587049999997],[16.67924050000003,43.0972331],[16.68061,43.09539389999997],[16.67691970000003,43.0945313],[16.67213650000004,43.09666230000003],[16.67299170000001,43.0917027],[16.666895099999973,43.09306759999996],[16.666577399999976,43.09143870000001],[16.669351199999976,43.09011960000002],[16.661276100000016,43.0896544],[16.661087400000035,43.08684389999998],[16.66698250000001,43.0848261],[16.675457899999962,43.083983299999986],[16.677478399999984,43.084981200000044],[16.679041,43.083087899999974],[16.681648300000035,43.08485110000002],[16.683597899999963,43.082341400000026],[16.68729580000004,43.084406],[16.69084130000003,43.082319800000015],[16.694356700000018,43.083261300000025],[16.697380600000017,43.08185830000002],[16.700138,43.08346540000004],[16.701933799999985,43.081015899999954],[16.704258400000032,43.082464199999976],[16.706161799999958,43.0799837],[16.710403099999965,43.081114400000025],[16.7136034,43.07971819999997],[16.7171157,43.081380600000024],[16.7145664,43.084093500000044],[16.718637100000016,43.083229200000034],[16.720852299999983,43.0809852],[16.72056029999998,43.08490629999997],[16.723905600000016,43.08482889999996],[16.726198500000017,43.082449900000036],[16.72730230000004,43.08622750000004],[16.729338899999973,43.0844922],[16.730443499999975,43.0864105],[16.73203439999998,43.08434479999997],[16.73310610000001,43.0855645],[16.736824600000016,43.08379219999998],[16.740911899999983,43.086855599999964],[16.73844760000001,43.091843],[16.735098099999984,43.0918777],[16.731213,43.0949316],[16.7274328,43.09334889999997],[16.72681729999997,43.095395],[16.72392769999998,43.09395410000003],[16.721178399999964,43.09557629999996],[16.71676290000002,43.09391919999999],[16.716466199999985,43.09581840000001],[16.709660399999976,43.097256],[16.706843100000018,43.09307079999996],[16.7074559,43.09560749999997],[16.70407360000002,43.09782820000004],[16.701670200000024,43.0971042],[16.703374700000012,43.092400199999986],[16.7010837,43.0934737],[16.700376700000024,43.089881],[16.69844680000004,43.09006050000002],[16.698582,43.09138310000003],[16.696063700000035,43.0916962],[16.69866880000002,43.09311379999996],[16.6988789,43.095185200000024],[16.69685929999996,43.0952032],[16.69770839999996,43.09823],[16.695932500000016,43.0969388],[16.69488940000004,43.09863809999999],[16.6920315,43.09566759999997],[16.6917266,43.09865169999996],[16.6892457,43.09840350000003]]],[[[16.352117,43.174973],[16.3507272,43.17728669999999],[16.346918,43.17374719999996],[16.344882899999963,43.175559],[16.342757,43.1730672],[16.34082390000003,43.17614239999999],[16.338726,43.1763283],[16.339135300000024,43.1719916],[16.336176,43.172625],[16.33043410000004,43.16738790000004],[16.331180399999973,43.16359090000002],[16.3352513,43.165233799999974],[16.337812199999973,43.16873859999997],[16.34294339999998,43.16949720000003],[16.34177009999998,43.1673693],[16.343295299999966,43.1656904],[16.349755200000043,43.16718529999997],[16.346060499999965,43.16376270000002],[16.347039300000038,43.161532],[16.35061319999998,43.161481],[16.35706129999997,43.164656399999984],[16.358953300000017,43.16194249999997],[16.356683499999974,43.16036440000004],[16.357910200000042,43.1592861],[16.3642528,43.1635854],[16.36336139999997,43.16214649999997],[16.36956379999997,43.15907879999999],[16.366582,43.15312470000001],[16.372305200000042,43.15372910000002],[16.37262160000002,43.16197],[16.37659110000001,43.16014630000003],[16.376619,43.154468800000025],[16.379048400000023,43.1552445],[16.38092070000004,43.159198],[16.381640199999975,43.1566702],[16.383986300000025,43.15790470000001],[16.383581099999983,43.15405489999998],[16.385310100000044,43.152989600000026],[16.387606100000035,43.157529799999985],[16.3895614,43.15905780000003],[16.391583499999967,43.15864059999997],[16.38946119999996,43.15212679999996],[16.3975715,43.159664],[16.39990350000003,43.15636829999998],[16.40321019999998,43.15559810000003],[16.403718400000017,43.157720500000046],[16.400538299999972,43.1617443],[16.401611799999976,43.167257299999974],[16.39935759999998,43.16657080000002],[16.400411400000042,43.1629337],[16.39315340000001,43.16138420000004],[16.3925049,43.16301370000004],[16.3956588,43.16444870000003],[16.3920423,43.165101300000025],[16.388725600000026,43.1634694],[16.386813900000035,43.1665479],[16.38253160000001,43.1622607],[16.380956100000038,43.1634661],[16.3815354,43.16683290000003],[16.379619500000025,43.16765630000004],[16.37770509999999,43.166301300000015],[16.376591599999962,43.168786500000024],[16.37240060000003,43.168433699999966],[16.372054399999985,43.16690920000004],[16.36738479999998,43.164802900000026],[16.3640605,43.167219500000044],[16.36062280000004,43.1666693],[16.3607104,43.16858819999996],[16.358040499999987,43.1688688],[16.357400699999985,43.1725862],[16.354076700000025,43.169648700000046],[16.351316099999963,43.172801100000015],[16.352117,43.174973]]],[[[16.5614116,43.23471810000004],[16.558019900000037,43.235238],[16.559246700000024,43.2320833],[16.5577543,43.23187670000004],[16.55523540000004,43.234323],[16.5522615,43.234394800000025],[16.552084,43.23110150000003],[16.54939260000004,43.2335024],[16.545239,43.233189],[16.548096,43.2310712],[16.545890800000024,43.23089589999998],[16.54690229999996,43.22733990000001],[16.550716100000034,43.22560919999999],[16.5492643,43.22327150000001],[16.547633599999983,43.22487110000002],[16.54568060000004,43.22418410000002],[16.5425553,43.22820029999997],[16.5405543,43.2246251],[16.5373148,43.2279966],[16.53430749999996,43.22695050000003],[16.535607,43.223196],[16.533803600000013,43.2236943],[16.52931079999998,43.23013660000004],[16.52387450000004,43.227676100000025],[16.52333560000004,43.2251123],[16.521215799999972,43.2267773],[16.519131700000017,43.22483780000002],[16.533536899999973,43.21393260000002],[16.5359547,43.21494439999998],[16.538935299999974,43.21047730000003],[16.54019319999996,43.215883400000045],[16.54273969999998,43.21400079999998],[16.548224,43.213432300000015],[16.546692600000018,43.21628040000003],[16.55041240000004,43.21562890000004],[16.550128700000016,43.219508400000045],[16.55292219999996,43.21944390000004],[16.553361900000013,43.21681849999997],[16.5555998,43.219944499999976],[16.5577125,43.219690900000046],[16.55712929999998,43.217753],[16.558936700000043,43.2175038],[16.556986599999984,43.2159687],[16.5614974,43.2136544],[16.5580056,43.21308169999996],[16.555664700000033,43.21044070000002],[16.558792,43.20999950000002],[16.556899100000027,43.20892310000004],[16.5589759,43.20713],[16.56143039999996,43.2075624],[16.559671299999984,43.20558269999997],[16.561993900000044,43.2048724],[16.559981,43.203352],[16.564131,43.2043583],[16.5621973,43.2019976],[16.56350659999997,43.20107480000002],[16.5649389,43.20203159999996],[16.5690235,43.1998906],[16.57367659999998,43.202464],[16.5749006,43.20161820000004],[16.569437200000042,43.197630599999975],[16.57315430000002,43.1941122],[16.575583600000027,43.194291600000014],[16.575051399999957,43.189625799999966],[16.580563699999967,43.19042070000001],[16.587328,43.185203900000026],[16.589793100000044,43.18615070000003],[16.59888710000002,43.18435460000001],[16.5860474,43.1839756],[16.585763499999967,43.18260830000003],[16.5845465,43.1832187],[16.5795614,43.1804986],[16.575053799999978,43.182196499999975],[16.5757174,43.180383100000036],[16.570700699999957,43.18103130000002],[16.567804599999963,43.17719830000004],[16.557894300000036,43.18469889999999],[16.552940499999963,43.185434899999954],[16.550403500000016,43.184451600000045],[16.545740500000022,43.18904529999999],[16.539549199999964,43.18962359999996],[16.53905239999998,43.193613300000024],[16.535473399999972,43.1947519],[16.53098109999998,43.200714400000045],[16.530092099999965,43.19864929999997],[16.527235400000034,43.19931259999996],[16.5266939,43.20308350000004],[16.5232633,43.203787500000026],[16.521772700000042,43.201798],[16.52007340000004,43.2046031],[16.51546160000002,43.20561470000004],[16.514760099999975,43.203687],[16.511887300000044,43.20412489999997],[16.5110076,43.205829],[16.509046700000024,43.2049775],[16.508087499999974,43.2069582],[16.5045058,43.207493599999985],[16.49998609999997,43.2038634],[16.499037099999963,43.20789970000001],[16.493554899999957,43.2064879],[16.4917359,43.20836709999996],[16.488689299999987,43.206685700000016],[16.487370500000026,43.20857],[16.48399059999997,43.208487],[16.482442400000036,43.20675179999998],[16.47975819999999,43.2090566],[16.47551630000002,43.209855],[16.473545600000033,43.20970359999996],[16.4744684,43.207944199999964],[16.4725888,43.207502800000036],[16.469187300000026,43.20986589999998],[16.468150200000014,43.20334039999998],[16.46447920000003,43.2083085],[16.462803,43.205979],[16.45433959999996,43.207951899999976],[16.457364599999963,43.2015382],[16.4499721,43.20534720000003],[16.44851309999998,43.203137100000035],[16.4499163,43.20151610000003],[16.447780400000017,43.20121770000003],[16.4485639,43.19762309999997],[16.4443365,43.20126539999998],[16.4429442,43.198839],[16.441161600000026,43.20224769999999],[16.43908079999999,43.2024721],[16.437965800000015,43.20024420000004],[16.44061869999996,43.1975439],[16.439141799999973,43.19417450000001],[16.430640700000026,43.20033760000004],[16.430882,43.19656010000004],[16.43390380000001,43.19568639999996],[16.43500359999997,43.191304799999976],[16.43072350000004,43.19210610000002],[16.429594,43.1943784],[16.42838169999999,43.189876099999985],[16.427672,43.1970492],[16.425465800000044,43.1987248],[16.423883300000025,43.195732200000016],[16.42085979999997,43.196326499999984],[16.4213067,43.192455],[16.417423500000044,43.1927951],[16.4173071,43.19579],[16.413197399999962,43.198066100000034],[16.4143636,43.193487800000035],[16.418363099999983,43.1893074],[16.417249699999964,43.188334499999975],[16.4082858,43.19290160000003],[16.40603969999997,43.191548399999974],[16.400988,43.194471],[16.398703799999975,43.19365720000002],[16.398684499999977,43.190973],[16.3961504,43.1912073],[16.39662779999998,43.196215600000045],[16.394427900000036,43.19581810000002],[16.391813800000016,43.19798970000002],[16.3877034,43.197949199999954],[16.388080899999974,43.196487399999974],[16.3848404,43.19730859999998],[16.383415200000023,43.1951008],[16.381393900000024,43.1984263],[16.37876830000003,43.19858059999997],[16.373749099999962,43.19562309999996],[16.36708270000003,43.1963685],[16.366420300000023,43.19476920000001],[16.368968600000017,43.19243839999998],[16.37382959999996,43.193948100000014],[16.372473500000023,43.189747],[16.376196499999956,43.19001820000002],[16.3780294,43.188045799999976],[16.3982802,43.18527309999998],[16.4063932,43.18171349999998],[16.404556399999986,43.1843909],[16.41032169999997,43.184366],[16.40931460000004,43.18042849999997],[16.4153801,43.1785481],[16.416264499999983,43.17948560000003],[16.4184481,43.17771169999998],[16.424605099999972,43.17927889999998],[16.424141499999983,43.1773383],[16.421405299999986,43.17675790000002],[16.428105,43.174347900000015],[16.42714689999996,43.172431],[16.4299491,43.1733279],[16.43186269999997,43.17078659999996],[16.434333699999964,43.17181409999998],[16.43710950000004,43.1700389],[16.44147,43.17245],[16.441060900000043,43.17002410000002],[16.445120500000026,43.166841699999964],[16.44129619999997,43.16418010000001],[16.4482236,43.16171560000002],[16.45291759999999,43.161746700000016],[16.45507550000001,43.163723],[16.458494600000023,43.15977969999998],[16.465289899999963,43.16025130000001],[16.467389100000013,43.15695260000001],[16.473313500000014,43.15980759999998],[16.478227199999967,43.158487],[16.480388600000012,43.161665],[16.47891209999997,43.16255720000002],[16.481798200000025,43.1633137],[16.48245390000001,43.1615994],[16.486741600000038,43.162266],[16.488610799999975,43.159646299999956],[16.497705,43.158225399999985],[16.501106400000026,43.15491630000002],[16.5051079,43.155711],[16.505218299999985,43.154413900000016],[16.50962190000001,43.15301469999997],[16.508730299999957,43.15168330000004],[16.514738499999964,43.14854049999997],[16.51327,43.1504399],[16.520919100000025,43.14893249999999],[16.530749900000036,43.14427359999998],[16.534624199999964,43.14594020000003],[16.535402499999968,43.1426035],[16.54485190000004,43.13889779999998],[16.565531299999986,43.1421968],[16.584767399999972,43.137441700000025],[16.5853312,43.13407679999997],[16.598238700000017,43.13436970000004],[16.622435600000035,43.1278952],[16.626218300000023,43.1288001],[16.644078799999967,43.1261841],[16.65853990000002,43.12160610000002],[16.66069359999996,43.1225697],[16.672934399999978,43.1207942],[16.6797887,43.122202499999986],[16.68283240000004,43.1206697],[16.6875014,43.1222219],[16.69490989999996,43.12183],[16.697146800000034,43.12375740000003],[16.70930910000004,43.124981],[16.71314,43.12415379999997],[16.73189560000004,43.12711830000003],[16.784041,43.12730850000004],[16.795993600000042,43.1254853],[16.8118244,43.12536090000001],[16.830121800000036,43.121957100000024],[16.831191900000025,43.12302139999998],[16.832167099999978,43.121187600000034],[16.856563199999957,43.118238900000044],[16.859611700000038,43.119092100000024],[16.8646231,43.11707019999998],[16.8705755,43.116973100000024],[16.87061460000004,43.11825570000001],[16.8793091,43.11618779999998],[16.8814688,43.11807760000002],[16.883502899999986,43.115862300000046],[16.886685399999962,43.11683629999999],[16.89182710000004,43.115462600000015],[16.897167699999965,43.11851279999997],[16.8989608,43.11612249999999],[16.90180409999998,43.117183799999964],[16.9036442,43.114451],[16.90761469999998,43.11639],[16.91321,43.11377259999998],[16.91653250000003,43.1165734],[16.9269189,43.11358879999996],[16.93215909999997,43.115393399999974],[16.9348463,43.1121777],[16.937519400000017,43.114359200000024],[16.94092680000004,43.112347700000036],[16.9423712,43.11370330000002],[16.946988799999968,43.11245849999997],[16.9483867,43.11405919999998],[16.954339400000023,43.1125083],[16.957339,43.114075700000015],[16.96487049999998,43.112853],[16.965957899999978,43.11472579999998],[16.969611400000023,43.112743],[16.97185749999997,43.116307700000036],[16.97432319999997,43.1146842],[16.974709100000013,43.1159295],[16.980018400000013,43.11511],[16.98037329999998,43.11893210000002],[16.987928,43.11444310000004],[16.993799,43.11448629999997],[16.994471,43.116698300000024],[16.99705,43.11392059999997],[16.998751500000036,43.1137965],[17.000262800000026,43.11598389999998],[17.00246389999998,43.113401199999984],[17.005005,43.11468990000003],[17.0074825,43.1135033],[17.020377100000022,43.113428700000036],[17.022171100000044,43.11638360000001],[17.024360199999983,43.11349290000002],[17.0287949,43.1138168],[17.0297,43.115201199999966],[17.03522530000004,43.11452059999996],[17.037361200000017,43.116521],[17.040983499999967,43.11602549999996],[17.041034,43.1191121],[17.043039399999987,43.11423309999998],[17.04546390000004,43.114122],[17.048917499999977,43.11869580000001],[17.049143,43.11391930000004],[17.0550204,43.11319880000002],[17.06452229999998,43.11358440000004],[17.064531300000013,43.11573369999997],[17.071531,43.11380149999997],[17.081051299999977,43.11367479999997],[17.083567599999988,43.1168591],[17.088539200000024,43.113607199999976],[17.09009409999998,43.1152423],[17.096963199999987,43.11491620000001],[17.096622400000033,43.11864560000003],[17.101100299999988,43.11822350000001],[17.1015868,43.11471260000004],[17.107516800000028,43.114556],[17.109412600000034,43.11708509999997],[17.1115783,43.1141785],[17.114997,43.11374979999996],[17.1203464,43.1159981],[17.121374,43.11489080000004],[17.1321136,43.11655269999997],[17.1388506,43.115221799999986],[17.1399874,43.11897559999998],[17.1423682,43.11906339999996],[17.145650100000026,43.11648810000004],[17.15028330000004,43.120054],[17.151814299999973,43.117849],[17.158716599999973,43.11775629999999],[17.1628519,43.120922],[17.16550529999999,43.1199537],[17.1673454,43.12184440000002],[17.16857490000004,43.12064919999999],[17.174835599999977,43.12258],[17.179119499999956,43.1220675],[17.18201,43.1232976],[17.182121700000025,43.125434300000045],[17.189104500000024,43.12447670000004],[17.1867297,43.126283499999964],[17.196824800000027,43.1248078],[17.188163200000034,43.13083680000003],[17.181211,43.13306510000002],[17.14469939999997,43.1394787],[17.14126080000003,43.13937559999999],[17.14301160000003,43.1380683],[17.1419474,43.136982500000045],[17.131772500000025,43.135925499999985],[17.117670899999965,43.13517580000004],[17.1156222,43.13617879999998],[17.114173499999957,43.1348285],[17.112789099999986,43.13614290000003],[17.110811400000042,43.134567],[17.1089173,43.136067800000035],[17.105197299999958,43.133032],[17.1040074,43.1357892],[17.102271299999977,43.13480449999996],[17.101660499999976,43.13675270000004],[17.09774469999999,43.13714049999997],[17.0961303,43.13586460000001],[17.0943463,43.13754839999997],[17.0889641,43.13749359999997],[17.0877511,43.13589380000003],[17.085258,43.13786],[17.072584500000026,43.13684280000003],[17.067155900000014,43.137925],[17.06339580000003,43.13506810000001],[17.061992600000014,43.13796250000004],[17.059326400000035,43.13805609999997],[17.0580303,43.1364355],[17.056175199999984,43.13865140000002],[17.050214299999983,43.1400294],[17.04361779999997,43.140278],[17.041507399999972,43.13890180000004],[17.038560799999974,43.14097560000003],[17.033875,43.138035799999976],[17.032925900000034,43.1416644],[17.0294443,43.1417029],[17.02651339999997,43.13993760000004],[17.0259995,43.142855599999976],[17.02303830000003,43.14385179999998],[17.01437420000001,43.140136300000044],[17.0132277,43.142457100000044],[17.008474,43.1448503],[17.005699700000015,43.143884],[17.002713,43.1458402],[16.99248760000001,43.14558690000001],[16.989636900000043,43.147660499999986],[16.958574200000026,43.1519846],[16.92603839999998,43.1527337],[16.92375240000002,43.1514616],[16.920866,43.15323210000002],[16.918442,43.152673100000044],[16.917420799999988,43.1505224],[16.914849400000037,43.152604],[16.9101289,43.153245200000036],[16.90866659999997,43.1517161],[16.901552300000017,43.15216410000003],[16.898369700000032,43.15078590000004],[16.894857400000035,43.15220759999998],[16.898860400000043,43.15428110000004],[16.8942687,43.156355800000014],[16.888496,43.15173],[16.8888521,43.14950469999999],[16.8872536,43.15015880000002],[16.884801799999988,43.1479193],[16.885766599999968,43.152124500000035],[16.883724500000024,43.152604699999976],[16.88432870000001,43.15442040000002],[16.881916800000024,43.1539886],[16.882680599999983,43.15587810000002],[16.879876799999987,43.156000099999986],[16.88372040000004,43.15788660000002],[16.884278500000033,43.15996170000003],[16.880146700000026,43.15780530000004],[16.8734362,43.15686609999996],[16.8784321,43.160450200000035],[16.87691460000003,43.16152140000003],[16.871305,43.161073700000024],[16.87060969999999,43.15928730000001],[16.8678059,43.160860699999986],[16.86236319999997,43.16035660000002],[16.864834,43.15695209999997],[16.8636871,43.15612850000004],[16.852891,43.15824569999998],[16.842071300000022,43.1568087],[16.840012699999956,43.1550792],[16.841372400000015,43.15872559999998],[16.83798069999996,43.160135],[16.827196600000033,43.16116429999997],[16.826396700000018,43.15924169999997],[16.8233908,43.16159369999997],[16.8186473,43.16124250000004],[16.813709800000037,43.1586849],[16.813384500000033,43.155918],[16.810927400000036,43.15842479999996],[16.792416,43.159243500000024],[16.79093889999997,43.15804479999996],[16.78903520000002,43.15947210000002],[16.780934,43.16054719999998],[16.7783466,43.156768],[16.775839200000014,43.157490899999964],[16.77538950000002,43.16041350000002],[16.759846199999956,43.16126419999998],[16.75719719999998,43.1643432],[16.755385299999986,43.16122239999998],[16.75438310000002,43.16227969999998],[16.7510198,43.16174350000002],[16.747742700000018,43.158336300000016],[16.748049099999967,43.16431570000004],[16.742966399999975,43.1604756],[16.727414,43.15920370000002],[16.7246954,43.15600270000002],[16.7218389,43.15787170000003],[16.7194581,43.15660590000002],[16.719343,43.159026199999985],[16.7142412,43.16139160000004],[16.712656,43.1587388],[16.70921770000003,43.16248110000003],[16.703411699999965,43.16132190000004],[16.703416600000015,43.1634029],[16.70605080000001,43.16478770000001],[16.7027057,43.166606300000026],[16.70187029999997,43.16411290000004],[16.6981994,43.162035],[16.6926412,43.161643],[16.6929534,43.163016900000045],[16.696222300000013,43.16298069999998],[16.6978645,43.16610449999998],[16.694768900000017,43.16800080000003],[16.69593460000001,43.169774399999966],[16.688994,43.173033399999966],[16.6835993,43.1724199],[16.68455170000001,43.17451589999997],[16.6793614,43.17861219999997],[16.67482310000002,43.17887729999997],[16.672432,43.181481],[16.66963430000004,43.18222139999999],[16.6672809,43.181771399999974],[16.669484299999976,43.1823868],[16.672739099999983,43.181936300000025],[16.675173599999976,43.18009259999998],[16.6795611,43.18013969999997],[16.685841200000034,43.177371],[16.690307,43.180869699999974],[16.697549,43.17759080000001],[16.699719,43.17900480000004],[16.694107299999988,43.18362380000003],[16.6895614,43.182452],[16.684136699999957,43.18409],[16.6821289,43.18621720000002],[16.68300959999996,43.18815030000001],[16.681147800000012,43.1886237],[16.681684700000027,43.1909927],[16.67279679999996,43.18905],[16.6772477,43.19312],[16.67159550000004,43.19653259999998],[16.667534799999967,43.19645739999998],[16.668696,43.19879109999998],[16.66313,43.19650430000004],[16.663906599999972,43.1982899],[16.661191,43.19829629999999],[16.66003449999996,43.199614],[16.664974400000037,43.2008824],[16.661679700000015,43.20174389999996],[16.665695600000024,43.20241330000001],[16.666310700000025,43.2061068],[16.6690037,43.2072298],[16.667104900000012,43.2124187],[16.663226900000044,43.2106369],[16.6637352,43.2131627],[16.661611599999976,43.2143317],[16.656871800000022,43.2129996],[16.657971599999982,43.2157315],[16.6552829,43.21257460000001],[16.65365690000003,43.21282280000003],[16.654220500000033,43.2168199],[16.652677099999963,43.217829899999984],[16.650936099999974,43.2164937],[16.6503116,43.21855610000003],[16.644450900000024,43.211921499999974],[16.64269719999996,43.218955],[16.637920499999975,43.21707079999997],[16.640207799999956,43.212150700000024],[16.63391739999996,43.214377300000045],[16.631154299999956,43.211911799999974],[16.62517,43.212937099999984],[16.6224823,43.211337],[16.6192235,43.21413440000002],[16.618122500000037,43.211242700000035],[16.61592090000004,43.2110437],[16.615340199999956,43.21269520000004],[16.613241500000036,43.21160980000003],[16.613128500000013,43.21439430000003],[16.609197,43.21333639999998],[16.60942469999998,43.21709009999997],[16.606240799999977,43.22068360000002],[16.60471070000003,43.21731960000004],[16.59109180000003,43.21376979999996],[16.590393399999975,43.21117950000004],[16.587539199999984,43.212044600000034],[16.58596820000003,43.20813959999997],[16.58308539999998,43.208541299999986],[16.5838488,43.20619789999998],[16.58010549999998,43.205007],[16.580611,43.2068037],[16.57841970000003,43.208625899999966],[16.580413499999974,43.208578],[16.582469900000035,43.21368140000002],[16.575616099999962,43.2140224],[16.569959,43.212292699999956],[16.568287899999984,43.2140997],[16.571119599999978,43.214656799999986],[16.571398300000034,43.21737320000003],[16.566699099999976,43.21854669999996],[16.57126310000004,43.22540580000003],[16.573279800000012,43.224271399999964],[16.57405160000001,43.226931],[16.57007040000003,43.22800010000001],[16.574199900000025,43.229016199999975],[16.57148390000001,43.23059820000004],[16.57417970000004,43.2324516],[16.570909800000027,43.23159369999998],[16.57085270000001,43.2336839],[16.56860429999996,43.23277429999997],[16.568470900000026,43.234960800000046],[16.5659029,43.22907610000004],[16.5654005,43.23169659999997],[16.56430629999997,43.23259350000002],[16.5632417,43.23094680000002],[16.5614116,43.23471810000004]]],[[[16.441985299999967,43.391754699999964],[16.434744700000042,43.3922243],[16.431598699999977,43.39058340000004],[16.43125250000002,43.3886744],[16.4286395,43.38933429999999],[16.42911989999996,43.38594360000001],[16.43149750000004,43.38536119999996],[16.429568799999977,43.383409699999966],[16.43345689999998,43.3827767],[16.432037799999982,43.381113100000015],[16.434792199999976,43.375573599999974],[16.440744599999984,43.37366189999999],[16.44152890000004,43.37664140000004],[16.4438159,43.37106929999997],[16.44824750000003,43.368103900000015],[16.450467200000013,43.368273899999956],[16.4452437,43.365195599999986],[16.449153600000038,43.36358370000002],[16.446268,43.36263570000001],[16.44738030000004,43.36106880000004],[16.4445084,43.36038610000004],[16.4451664,43.35773279999997],[16.45011530000003,43.355247],[16.4581668,43.35445459999998],[16.45878579999996,43.353128],[16.46356030000003,43.35370079999996],[16.4599026,43.352103],[16.463991299999986,43.3496897],[16.454126299999988,43.35341749999997],[16.453784200000015,43.351125400000036],[16.445887900000017,43.35148830000004],[16.441287,43.347554],[16.439024899999982,43.34841849999998],[16.43367989999996,43.344765299999956],[16.432453299999988,43.34260640000003],[16.434914599999978,43.3356662],[16.4344414,43.33030870000001],[16.4384251,43.32909839999997],[16.440430600000028,43.3304921],[16.440496299999957,43.32871419999998],[16.4454026,43.32795140000001],[16.448154499999973,43.32859560000002],[16.44922909999998,43.3252471],[16.439608300000025,43.32737070000002],[16.436120199999987,43.325483900000044],[16.4327131,43.32654970000003],[16.431923899999973,43.3230799],[16.428212,43.32407559999996],[16.424379499999958,43.3227352],[16.4250112,43.32480960000003],[16.419866899999974,43.32643189999997],[16.421354499999957,43.32816119999996],[16.417812299999973,43.331704600000045],[16.408598400000024,43.3333109],[16.40871440000003,43.32558619999998],[16.412329600000014,43.32027960000003],[16.408172599999965,43.32001909999997],[16.40890059999998,43.31726750000003],[16.410696499999982,43.31525939999997],[16.414085900000025,43.31723440000004],[16.418416100000016,43.31470879999997],[16.421749400000035,43.315151600000014],[16.421212,43.31260269999997],[16.423470499999976,43.310586799999975],[16.42459090000004,43.311356900000014],[16.429378799999977,43.309020300000036],[16.433626100000037,43.311918500000026],[16.435249100000032,43.31587540000004],[16.437235,43.313896099999965],[16.4337213,43.3071489],[16.438150400000012,43.30507850000003],[16.44147959999996,43.30750269999997],[16.44321530000004,43.304419899999985],[16.446013,43.30371080000002],[16.44685940000002,43.3071165],[16.4429862,43.31052559999998],[16.447557200000023,43.31295369999997],[16.449580099999977,43.30889829999998],[16.45182080000001,43.311607300000034],[16.4520622,43.306743599999955],[16.453424800000032,43.30914819999996],[16.455881700000013,43.30967119999998],[16.45608179999996,43.30738769999996],[16.45889270000001,43.3072862],[16.453546,43.302709],[16.453978600000024,43.29865209999997],[16.459318199999956,43.2993426],[16.458778499999976,43.30127930000001],[16.46146539999998,43.30158750000002],[16.46264509999998,43.29763019999997],[16.464208,43.298231499999986],[16.46488910000002,43.30013650000004],[16.46134590000004,43.30460219999997],[16.4656274,43.3080247],[16.466329299999988,43.30241359999998],[16.47100409999998,43.30353490000003],[16.469114400000034,43.296799],[16.47185519999997,43.29791010000004],[16.471373800000016,43.29576070000001],[16.473644599999965,43.2967598],[16.47421359999997,43.29403790000002],[16.47579049999997,43.29334570000003],[16.478063199999987,43.29493469999997],[16.480561800000043,43.29288549999997],[16.48330660000004,43.29646779999999],[16.483419499999968,43.2917653],[16.48696670000001,43.29204760000001],[16.486253399999967,43.28954489999997],[16.4882462,43.28883439999998],[16.4887774,43.285062],[16.491607,43.285082200000026],[16.49297109999997,43.292111699999985],[16.497099300000034,43.29280169999996],[16.494317299999977,43.28815550000003],[16.496815299999984,43.28520409999999],[16.50119970000002,43.2861403],[16.50104430000004,43.283252399999974],[16.498489,43.28164649999997],[16.500250099999963,43.2777082],[16.503891499999984,43.281855500000034],[16.508763200000015,43.28317580000003],[16.50622809999996,43.27948139999998],[16.50915659999997,43.27655250000002],[16.515357799999958,43.27359210000004],[16.5162739,43.278015500000016],[16.51999490000003,43.27356229999997],[16.526312699999984,43.27459819999997],[16.525644400000022,43.2718043],[16.529400899999974,43.26993150000003],[16.5346913,43.27130570000004],[16.535455199999976,43.26920270000004],[16.547413900000013,43.26887],[16.550662899999985,43.26738979999996],[16.56030889999998,43.268047],[16.56445,43.26634630000004],[16.576796500000018,43.265066],[16.579169499999985,43.265941400000024],[16.58285210000004,43.26440950000001],[16.5866323,43.26579809999998],[16.587797,43.2638586],[16.593674700000044,43.26448409999997],[16.601776,43.261987800000014],[16.6075281,43.263280500000036],[16.6134793,43.26274350000001],[16.6190269,43.26029649999997],[16.62701490000003,43.260407700000016],[16.632693,43.2584055],[16.634032599999987,43.255338],[16.638104800000036,43.259274],[16.64627920000004,43.25802949999998],[16.65851569999997,43.2620038],[16.657456,43.260842],[16.666893099999985,43.260250599999985],[16.669361600000038,43.26149119999996],[16.672657199999957,43.25976030000001],[16.680635099999957,43.259966],[16.68639160000001,43.25779950000004],[16.69806809999997,43.258608],[16.7121897,43.262177299999976],[16.72180739999996,43.26149730000002],[16.733473400000026,43.263386600000025],[16.7492475,43.26241779999998],[16.752501400000025,43.26508280000004],[16.75651190000003,43.26235630000004],[16.76058550000002,43.26405560000004],[16.761712800000033,43.2626865],[16.782229600000026,43.26173629999999],[16.78476,43.26307310000002],[16.788984099999965,43.26240469999996],[16.798504200000025,43.26415210000003],[16.801375099999976,43.266325600000016],[16.811869900000037,43.266430900000024],[16.813283,43.269173],[16.816090099999986,43.26735689999999],[16.823582699999978,43.2681138],[16.82529059999998,43.26672879999998],[16.82932950000003,43.26807320000002],[16.8312077,43.26718780000003],[16.832702699999974,43.269015],[16.834954,43.267670900000034],[16.836628900000022,43.26897529999996],[16.8397031,43.268621],[16.84170630000002,43.26962179999998],[16.840760899999957,43.2735487],[16.846819599999968,43.26980680000001],[16.85081980000001,43.2703509],[16.851536100000036,43.27178230000004],[16.8550737,43.2712161],[16.856287100000028,43.27570230000002],[16.85964920000003,43.2755314],[16.85713669999998,43.27875610000001],[16.863216100000017,43.2781161],[16.8617688,43.2804231],[16.86662210000001,43.2810746],[16.8606021,43.28830270000004],[16.871133900000018,43.28482059999997],[16.871224300000037,43.2867597],[16.8736187,43.28059310000003],[16.87948059999998,43.28178460000003],[16.882940399999985,43.284094899999964],[16.878147399999982,43.28681560000001],[16.879524699999987,43.29185440000001],[16.882037,43.29311],[16.8804834,43.2956855],[16.8846484,43.296096],[16.8838991,43.29763320000004],[16.887513299999984,43.2993394],[16.894510099999987,43.29880820000001],[16.893871,43.30043389999996],[16.889275799999975,43.3017751],[16.88543970000001,43.30780019999998],[16.887156,43.30883570000004],[16.88870129999996,43.30594529999998],[16.8923472,43.30634429999996],[16.8980817,43.31042010000004],[16.89893559999996,43.31479740000002],[16.8863165,43.32151469999999],[16.8803674,43.3229028],[16.87814819999996,43.321911100000015],[16.8771934,43.32483950000002],[16.875537500000043,43.32403350000003],[16.871888099999982,43.3265151],[16.870781399999984,43.32516],[16.86368369999998,43.325243],[16.861984199999963,43.32690109999997],[16.86645820000004,43.32707059999996],[16.866250700000013,43.3298479],[16.859024600000044,43.333191300000045],[16.8563522,43.331459600000024],[16.856393,43.33510410000004],[16.85205320000001,43.338017300000026],[16.848057499999985,43.33446889999997],[16.84781469999997,43.33806829999998],[16.8427108,43.340535],[16.84318719999998,43.3418504],[16.840242499999963,43.3411504],[16.8405661,43.3427885],[16.839052800000026,43.342507],[16.838831199999987,43.338376],[16.836033300000036,43.34126350000003],[16.831491,43.34075189999998],[16.83698120000004,43.33266740000004],[16.833670500000025,43.334844400000044],[16.8297865,43.33047469999998],[16.83105120000002,43.335216099999975],[16.82684220000002,43.33796680000002],[16.82468040000003,43.334919200000016],[16.822597099999964,43.34032110000004],[16.819986699999983,43.3400308],[16.8160088,43.3351714],[16.810775900000024,43.33553809999997],[16.81520989999999,43.34001610000003],[16.8063004,43.340040299999984],[16.80496310000002,43.339000700000035],[16.8041654,43.34017190000004],[16.800316100000018,43.340241],[16.7994764,43.3352594],[16.7985103,43.338268],[16.791291700000027,43.339724200000035],[16.796495900000036,43.34039310000004],[16.7968164,43.34290270000003],[16.808330500000018,43.3424793],[16.819094399999962,43.34531939999997],[16.8149793,43.3495428],[16.8118136,43.34964989999999],[16.8130985,43.35092570000003],[16.811534199999972,43.35198490000001],[16.8064324,43.350058],[16.804304,43.3526814],[16.800400299999968,43.35222709999998],[16.798517,43.3545579],[16.79567189999998,43.351163],[16.794793599999963,43.352859],[16.7918185,43.35194320000002],[16.7898981,43.355064],[16.78691359999998,43.35360490000002],[16.785511699999983,43.35480840000004],[16.7820812,43.349059099999955],[16.78145150000004,43.357313900000044],[16.773111,43.35804920000004],[16.7708002,43.355520399999975],[16.76863770000004,43.35850549999996],[16.765354399999982,43.359043300000046],[16.763358300000025,43.35720980000004],[16.759355500000034,43.3594067],[16.755043599999958,43.36031649999997],[16.754282499999956,43.35873930000003],[16.750430700000024,43.36086849999999],[16.747311300000028,43.35857979999998],[16.74606739999996,43.36098280000003],[16.74320740000002,43.361919299999975],[16.740791100000024,43.36054849999998],[16.740285600000032,43.35464],[16.74362280000002,43.3466594],[16.739542900000043,43.3485604],[16.7348717,43.3469341],[16.732355,43.34817],[16.736996,43.34958360000001],[16.737927,43.35180690000003],[16.7358412,43.36199],[16.733089300000042,43.36117309999997],[16.726902700000018,43.3625594],[16.724627499999972,43.36141359999997],[16.723923499999987,43.363232800000034],[16.72019460000001,43.358946300000014],[16.7201687,43.3631293],[16.7169107,43.36299369999997],[16.716429599999977,43.36417349999997],[16.71401260000001,43.363269300000034],[16.713452300000014,43.365320700000034],[16.711095100000023,43.36512],[16.71049439999997,43.36635689999997],[16.705264,43.366212700000034],[16.70349490000001,43.36400379999996],[16.702373799999975,43.36711459999996],[16.697900599999965,43.36641770000003],[16.696088499999956,43.36760070000003],[16.69440290000002,43.3660814],[16.693659399999966,43.36833570000001],[16.690249900000037,43.36890119999999],[16.688306900000033,43.36705420000003],[16.686477500000013,43.369445],[16.6813709,43.3660211],[16.681227699999962,43.37040970000002],[16.679405099999972,43.371621],[16.6757332,43.37015049999997],[16.674272600000034,43.3716086],[16.66954849999996,43.3719456],[16.66605239999997,43.36911850000003],[16.66375949999997,43.37321360000002],[16.660487200000023,43.372262099999986],[16.6590496,43.37425080000004],[16.6532131,43.37538940000001],[16.650150199999963,43.372223800000015],[16.64909,43.37546619999997],[16.64545670000002,43.37510080000003],[16.64328510000002,43.37657729999998],[16.639133599999983,43.37520730000004],[16.6365265,43.377073],[16.63109090000004,43.37693029999996],[16.629602900000023,43.37861760000004],[16.6269704,43.3782059],[16.62873780000003,43.377911699999984],[16.627561,43.3763027],[16.6245757,43.37808349999999],[16.621081099999962,43.37493819999998],[16.61948880000002,43.37765790000004],[16.61632210000002,43.377544599999986],[16.61521430000002,43.379513800000026],[16.60759339999998,43.38112],[16.605828,43.38073259999997],[16.605751,43.3757853],[16.6031033,43.37916710000003],[16.59686959999998,43.377185799999964],[16.60038050000004,43.38109979999998],[16.59378329999997,43.38185690000001],[16.590703300000037,43.38039539999996],[16.587823399999962,43.38114919999998],[16.58707590000002,43.37974069999997],[16.5827669,43.38143029999997],[16.58037110000002,43.38001410000003],[16.57791410000003,43.38248249999999],[16.55953650000002,43.38433279999996],[16.556610799999977,43.3870319],[16.5544684,43.38673280000003],[16.556522,43.3856997],[16.553860499999967,43.38590649999996],[16.5538984,43.3839081],[16.5537944,43.3851018],[16.546496100000013,43.38631359999999],[16.54885289999997,43.388296900000036],[16.539852800000038,43.38732420000002],[16.537961,43.3834927],[16.534759,43.385282400000015],[16.529965200000035,43.38393980000004],[16.5234725,43.385765700000036],[16.52113739999997,43.384141],[16.51189560000002,43.38317550000004],[16.503777399999958,43.38523259999998],[16.482303099999967,43.3854056],[16.478564100000042,43.38652020000003],[16.47859,43.385505900000034],[16.476300200000043,43.38737],[16.472172899999965,43.38700860000002],[16.466927900000044,43.389029299999976],[16.46054769999999,43.387814],[16.45891310000001,43.3900849],[16.455285,43.38950440000003],[16.451238300000043,43.390806500000025],[16.447684100000043,43.3896017],[16.441985299999967,43.391754699999964]]],[[[16.2104829,43.413018500000035],[16.206917699999984,43.4145047],[16.2002389,43.40996430000002],[16.208294699999964,43.403891],[16.2036062,43.403607899999976],[16.204422899999976,43.40098910000001],[16.201844599999987,43.3993059],[16.20760979999996,43.39824],[16.204451899999977,43.397935899999986],[16.202674199999972,43.396019],[16.204852,43.39293960000004],[16.207739500000034,43.39187580000004],[16.2117183,43.394689],[16.216581500000032,43.393972699999985],[16.211724599999982,43.3937785],[16.2112193,43.39027759999996],[16.206126100000034,43.3886529],[16.206194,43.385992],[16.210397400000037,43.38564029999996],[16.20972510000001,43.38273410000002],[16.215508100000037,43.384602],[16.227294899999972,43.38183609999997],[16.231006699999956,43.385761400000035],[16.2341052,43.38042029999998],[16.23679220000001,43.38130420000002],[16.238695,43.38001170000001],[16.24155579999998,43.3819834],[16.2421626,43.378559699999954],[16.243786299999968,43.381048099999965],[16.2450073,43.37946120000003],[16.246946599999973,43.3803025],[16.24672630000004,43.37721159999997],[16.24958130000001,43.376581100000024],[16.252112600000018,43.379352],[16.2548272,43.37588770000003],[16.25726640000003,43.37758529999998],[16.2582525,43.374021],[16.2611219,43.37668369999999],[16.26296269999999,43.3726896],[16.267756699999985,43.374300599999984],[16.266975800000033,43.370588599999984],[16.270876600000022,43.3720851],[16.2732659,43.36859370000004],[16.27806069999998,43.367248400000015],[16.281387900000027,43.368556399999974],[16.2810957,43.37262430000002],[16.283759100000022,43.3716171],[16.285247900000016,43.372949700000035],[16.285338499999963,43.36996440000003],[16.28944869999996,43.3714915],[16.286634,43.366753899999956],[16.28750030000004,43.36428790000002],[16.291674199999978,43.36382870000004],[16.2934039,43.36774650000002],[16.296150499999978,43.364135400000016],[16.295423499999956,43.36234859999997],[16.297871199999975,43.36093379999997],[16.30039330000002,43.362967600000026],[16.302238500000016,43.35813119999999],[16.308986799999975,43.36196849999996],[16.3078867,43.35906540000001],[16.31097,43.35881430000002],[16.31092659999998,43.35743119999998],[16.30709529999997,43.35733510000002],[16.30603320000002,43.354820200000034],[16.30891970000002,43.355580499999974],[16.30976819999997,43.35327569999996],[16.3151649,43.3541339],[16.312754,43.35081429999997],[16.316995,43.3482953],[16.322157099999984,43.34801159999997],[16.323411699999962,43.3459003],[16.325048899999977,43.346841200000036],[16.3379338,43.34373570000003],[16.33915660000001,43.341848],[16.347092099999966,43.3404839],[16.348708500000036,43.3414681],[16.35168879999998,43.33600089999999],[16.35638470000003,43.33546709999996],[16.3576112,43.334068399999964],[16.362512199999962,43.3347054],[16.364185400000025,43.337812],[16.3627605,43.339299399999966],[16.36583129999996,43.33955350000003],[16.36623289999997,43.34090209999997],[16.367372600000035,43.3377829],[16.365067800000027,43.33412590000001],[16.36657080000004,43.3309666],[16.373740799999986,43.3293619],[16.3758223,43.334601700000036],[16.37698520000002,43.32836060000003],[16.381575300000023,43.32537879999996],[16.382844,43.32672160000004],[16.3861094,43.32467770000004],[16.387168399999968,43.327914],[16.3856659,43.32867879999998],[16.387317699999976,43.329490800000016],[16.3886072,43.33632279999998],[16.390857799999964,43.335033100000025],[16.3939669,43.32785529999997],[16.39882790000003,43.32948780000004],[16.39875720000004,43.33309990000003],[16.392284100000026,43.34122810000003],[16.385576300000043,43.34393339999996],[16.383807299999958,43.34151910000004],[16.378685600000026,43.34825319999998],[16.371700899999958,43.35039019999996],[16.3742197,43.3529262],[16.3710498,43.35270750000002],[16.3697241,43.35631630000001],[16.3635098,43.35652990000001],[16.3689073,43.35930959999997],[16.363838,43.362842],[16.36456139999996,43.36408639999996],[16.3617172,43.36450890000001],[16.360386300000012,43.37268579999996],[16.353637,43.373544799999976],[16.351981699999968,43.372777700000015],[16.3526692,43.36961259999997],[16.349148700000043,43.373699100000046],[16.35021210000001,43.37704189999996],[16.3432357,43.38144040000001],[16.33928460000003,43.38150769999998],[16.337450200000042,43.3864534],[16.333749900000033,43.38880780000003],[16.333834700000033,43.39176549999997],[16.330031600000044,43.39277860000004],[16.32877670000004,43.39527960000003],[16.32558039999999,43.39404559999998],[16.327808799999982,43.3915178],[16.326399,43.3900526],[16.32836459999996,43.38910520000004],[16.324425900000033,43.383744499999956],[16.320928600000034,43.386004100000044],[16.314254700000014,43.382643100000045],[16.3133883,43.37963820000002],[16.309871099999956,43.38360470000003],[16.312155599999972,43.382876],[16.313573799999986,43.38461749999998],[16.31021919999998,43.38648529999998],[16.316126199999964,43.38701920000001],[16.316255,43.38890420000001],[16.3122773,43.390722900000036],[16.315577,43.39135620000003],[16.318174599999985,43.395672300000015],[16.305557700000023,43.399685],[16.30432750000002,43.39385769999998],[16.300891899999975,43.39250389999996],[16.300618900000035,43.39479210000002],[16.297773,43.395461299999965],[16.301196400000034,43.39672860000002],[16.3004124,43.39830240000003],[16.296190700000018,43.397903],[16.295903699999986,43.39926310000002],[16.2931622,43.3995376],[16.29628840000002,43.40079840000004],[16.297002699999968,43.40283489999997],[16.288525599999964,43.403945800000045],[16.2862556,43.40745660000001],[16.2756102,43.4107231],[16.2689913,43.4103236],[16.2673383,43.4086715],[16.265159899999976,43.412451899999965],[16.25178510000001,43.41408029999996],[16.23444189999997,43.41418520000003],[16.233748,43.41307110000004],[16.2269679,43.413732799999984],[16.22360229999998,43.4126713],[16.220433100000037,43.4140078],[16.21502280000003,43.41295649999997],[16.214973400000027,43.4118866],[16.2104829,43.413018500000035]]],[[[16.075472,43.45578089999998],[16.072161300000026,43.45558830000003],[16.06875039999998,43.450582299999986],[16.063515199999983,43.4521614],[16.060684299999966,43.4505147],[16.0554034,43.45141739999998],[16.053192,43.44926379999996],[16.054321899999962,43.44555240000001],[16.06170390000004,43.44796560000002],[16.06596809999999,43.4447546],[16.076357300000016,43.446248400000044],[16.082390699999976,43.44490430000003],[16.079728299999957,43.439220100000014],[16.083843,43.435789],[16.0867921,43.435570600000034],[16.09253809999998,43.43879449999997],[16.090418099999987,43.4439507],[16.09809260000002,43.4466578],[16.092682700000044,43.447604399999975],[16.089070300000024,43.450134599999984],[16.088811099999983,43.45507950000003],[16.0819916,43.45484359999996],[16.0796504,43.453396],[16.075472,43.45578089999998]]],[[[16.1387849,43.458973100000044],[16.133819200000016,43.45904570000001],[16.133017899999974,43.4559336],[16.13735019999996,43.4528689],[16.14595690000003,43.45123760000003],[16.14546540000004,43.4485192],[16.143013,43.45037140000004],[16.1396544,43.45050240000004],[16.13995759999996,43.4477785],[16.135474099999985,43.45036360000001],[16.1246647,43.4516054],[16.12156820000004,43.44701819999997],[16.12725339999997,43.44176149999997],[16.123861,43.442274799999986],[16.1223449,43.439663899999964],[16.120566700000044,43.4433968],[16.1176539,43.4426197],[16.11542169999996,43.437200399999966],[16.109835,43.436188],[16.112329399999986,43.43396919999996],[16.1093303,43.43297639999997],[16.10821049999998,43.43011689999999],[16.115933799999965,43.4288054],[16.119150800000043,43.430179],[16.122925900000023,43.42793759999997],[16.127868599999978,43.4273732],[16.133095199999975,43.42891840000003],[16.134895399999976,43.431438700000015],[16.144331500000014,43.42937279999997],[16.148210599999985,43.4325174],[16.144799800000037,43.435845400000034],[16.151210899999985,43.435639300000034],[16.15335549999997,43.43882689999999],[16.16252609999998,43.4323424],[16.16879890000003,43.432192799999974],[16.16964309999998,43.43954640000001],[16.1764854,43.44217220000002],[16.172918900000038,43.450644],[16.1678797,43.45545080000002],[16.156101299999964,43.458933499999965],[16.1503812,43.458435],[16.1493464,43.45697569999998],[16.1387849,43.458973100000044]]],[[[16.2653202,43.51675020000001],[16.255737099999973,43.516281100000015],[16.247818900000027,43.513394],[16.237326199999963,43.51198310000002],[16.247876199999972,43.51028810000002],[16.25185639999996,43.510898],[16.2590178,43.50706370000004],[16.2553822,43.50535089999999],[16.259547799999968,43.50252390000003],[16.259259,43.496223199999974],[16.26089059999996,43.495847499999975],[16.2559221,43.4926082],[16.24746470000003,43.49442619999997],[16.245272199999988,43.4924236],[16.243152,43.494507200000015],[16.2382402,43.495604],[16.237326,43.4936868],[16.243072100000028,43.492030900000024],[16.237043799999956,43.492166599999976],[16.231149699999975,43.49714150000002],[16.2247458,43.49879409999998],[16.2054976,43.49831370000002],[16.203151600000037,43.496413299999986],[16.208451,43.49342840000001],[16.2076016,43.48953410000003],[16.21544719999997,43.4866462],[16.219503799999973,43.48678739999996],[16.22116439999997,43.488369],[16.229615400000036,43.48448650000001],[16.234752900000032,43.48530360000003],[16.23928759999998,43.481685],[16.242100099999984,43.483242400000016],[16.2426466,43.48040359999997],[16.24640530000004,43.4790139],[16.2451694,43.48055819999997],[16.246482,43.48341950000001],[16.248097,43.4822073],[16.252098700000023,43.48318560000002],[16.2550751,43.48589840000004],[16.25847879999998,43.4839603],[16.27139239999998,43.4862126],[16.272557,43.49362160000001],[16.280522099999978,43.48832889999996],[16.291666499999963,43.48641519999999],[16.297175499999966,43.48696730000002],[16.305175099999985,43.4837907],[16.31877090000003,43.48224550000004],[16.35069669999996,43.482286100000024],[16.378677100000033,43.484153199999966],[16.3873104,43.48543220000001],[16.392150499999985,43.48827580000001],[16.388394100000042,43.49003880000004],[16.375260100000016,43.48795229999998],[16.371470399999982,43.49002590000004],[16.368400700000013,43.489858799999986],[16.36533989999998,43.49276320000004],[16.3627466,43.491335],[16.352423,43.4926994],[16.341623899999963,43.496884199999954],[16.33860029999999,43.50096440000004],[16.32610890000002,43.503105800000036],[16.31910140000002,43.50811709999998],[16.30051,43.5141459],[16.282084099999988,43.513339],[16.2653202,43.51675020000001]]],[[[15.609992099999962,43.67459009999997],[15.6059371,43.677424099999975],[15.600596399999981,43.67836490000001],[15.606462300000027,43.67371519999997],[15.605561500000013,43.67159570000001],[15.602634500000038,43.67163159999996],[15.604338900000018,43.66931480000003],[15.607733799999982,43.668316699999956],[15.6054561,43.666140099999986],[15.607916299999983,43.66477070000001],[15.61005659999997,43.66584059999999],[15.612477399999984,43.66273489999997],[15.6201743,43.661293900000025],[15.62419289999997,43.6586121],[15.625174600000017,43.659661100000015],[15.6226658,43.66385510000002],[15.619446800000029,43.665686700000045],[15.626855700000023,43.663865],[15.626576,43.6624024],[15.630997100000025,43.6586304],[15.634770200000018,43.659459300000016],[15.641903699999963,43.64913319999997],[15.645929199999967,43.6492751],[15.646153399999955,43.6460345],[15.651246099999975,43.64543849999998],[15.651687800000017,43.64296189999997],[15.65442430000004,43.64352720000002],[15.658696,43.63907790000004],[15.6602334,43.6392246],[15.660142400000025,43.641101],[15.662278700000035,43.64071649999999],[15.666511200000025,43.63932939999997],[15.669710100000026,43.63591029999996],[15.679803900000037,43.63310950000004],[15.681374599999968,43.630799400000036],[15.683393400000027,43.63217310000001],[15.69240590000001,43.62841820000001],[15.69194049999996,43.630498],[15.680192799999974,43.63665730000004],[15.6862786,43.63668009999997],[15.687405099999955,43.637862],[15.690605,43.63608410000004],[15.692761400000025,43.63749689999997],[15.694471500000033,43.63383779999999],[15.699571,43.63173169999999],[15.7040571,43.634346200000046],[15.7016106,43.638284500000026],[15.709667100000017,43.63375110000001],[15.707451099999984,43.63154960000002],[15.711028899999983,43.628678399999956],[15.71301870000004,43.62983220000003],[15.710289299999983,43.633541499999986],[15.714085899999967,43.634091899999966],[15.716131,43.63189239999996],[15.72723249999997,43.6283397],[15.73076749999998,43.62963680000003],[15.72684629999999,43.63344669999996],[15.718698,43.63538009999997],[15.711723499999989,43.639518099999954],[15.704262200000011,43.64053159999997],[15.700005100000029,43.64356419999998],[15.690156599999975,43.64506489999998],[15.6847511,43.6435581],[15.6860348,43.64693340000004],[15.67559419999998,43.65200970000003],[15.6776543,43.653017],[15.6750245,43.65627560000003],[15.6722441,43.65690279999997],[15.6703689,43.65488660000003],[15.665782300000023,43.655989399999974],[15.6697398,43.6578929],[15.669699799999973,43.65996060000002],[15.66755990000002,43.663024],[15.660940299999963,43.66584650000003],[15.656291299999973,43.6650003],[15.658524600000016,43.66041629999997],[15.651546799999986,43.6652965],[15.6452167,43.66633529999997],[15.6377241,43.67162160000002],[15.6320928,43.6701851],[15.6306598,43.67216719999996],[15.622339199999983,43.6719788],[15.623886099999988,43.6688871],[15.6126568,43.67254189999996],[15.6127427,43.674961],[15.609992099999962,43.67459009999997]]],[[[15.7436126,43.708598299999984],[15.743798600000018,43.70558690000004],[15.7400488,43.70470980000003],[15.7382582,43.70063940000004],[15.7445476,43.68958350000001],[15.746074,43.69142089999998],[15.749228699999977,43.6911163],[15.75455509999997,43.68453320000003],[15.757227099999985,43.684385],[15.759031299999963,43.68708690000003],[15.763484,43.68734220000002],[15.773215099999986,43.68047860000002],[15.777268299999973,43.68583979999996],[15.772146,43.69162919999999],[15.7682784,43.692290100000044],[15.767559700000037,43.690156100000046],[15.761586,43.69394019999997],[15.762282699999956,43.69622520000003],[15.7590135,43.6947573],[15.7588644,43.69613339999999],[15.753702799999973,43.6984297],[15.751937,43.69648920000002],[15.750435199999972,43.69973310000002],[15.746376299999957,43.701536700000034],[15.744505599999984,43.7050948],[15.746044599999957,43.70723440000002],[15.7436126,43.708598299999984]]],[[[15.8458021,43.70423520000002],[15.837045100000017,43.709426600000036],[15.833424300000013,43.703949099999974],[15.835425200000012,43.702252],[15.835322400000033,43.69934140000003],[15.8334155,43.69963980000003],[15.83489749999996,43.69637],[15.833543500000017,43.69801010000001],[15.821885,43.7015417],[15.819618700000019,43.701249800000014],[15.81957160000003,43.69741230000002],[15.826689500000017,43.69188979999996],[15.8305601,43.69085],[15.8363428,43.68450659999996],[15.859831400000028,43.6718672],[15.861506299999965,43.66504919999996],[15.869525,43.66043430000004],[15.86985760000004,43.666767899999975],[15.862827699999963,43.673693699999966],[15.8688716,43.67343590000004],[15.869002299999972,43.674656],[15.866495699999964,43.67475910000001],[15.869642700000023,43.67813369999998],[15.866180399999989,43.6774812],[15.8673194,43.6799481],[15.863483499999957,43.6802991],[15.8671219,43.68194779999999],[15.86583,43.68267969999997],[15.867071800000025,43.683837],[15.861547800000023,43.6878379],[15.8603463,43.692355200000016],[15.856691600000032,43.6927081],[15.855468700000012,43.69740610000004],[15.851533700000035,43.700557600000025],[15.8463496,43.70176679999998],[15.8458021,43.70423520000002]]],[[[15.64169280000001,43.70993320000003],[15.637165,43.70943459999999],[15.6437559,43.70061650000002],[15.650787,43.698534599999974],[15.65233430000004,43.69449729999997],[15.657753900000019,43.6929594],[15.662811100000033,43.6891144],[15.665456900000011,43.689809599999975],[15.665903700000031,43.68726669999999],[15.670738600000037,43.68376230000002],[15.676748800000032,43.682322099999965],[15.677551800000037,43.67870660000004],[15.681368199999971,43.679620399999976],[15.692951899999978,43.67817510000003],[15.689916,43.685565900000036],[15.677653800000039,43.689319600000026],[15.678748899999965,43.691260400000026],[15.676281299999987,43.69398060000003],[15.670673199999955,43.691213799999986],[15.666439499999955,43.6914608],[15.6585588,43.69843440000003],[15.6500988,43.6998618],[15.647697399999986,43.70612829999998],[15.64169280000001,43.70993320000003]]],[[[15.477275899999968,43.70508650000003],[15.475901,43.708715],[15.470413,43.711675200000016],[15.46847230000004,43.711069100000046],[15.471970500000024,43.70837719999999],[15.4736318,43.70379779999998],[15.483896600000028,43.69989909999999],[15.484696500000043,43.6963654],[15.4867001,43.697638],[15.490909,43.6971567],[15.494355100000016,43.69374350000004],[15.499098,43.69427890000002],[15.5015728,43.69058889999997],[15.503373200000018,43.69123240000002],[15.510984200000037,43.68819150000003],[15.520279699999987,43.687035300000026],[15.519603299999977,43.6897305],[15.515129900000039,43.691767300000045],[15.508362700000026,43.694182599999955],[15.504164,43.69355220000002],[15.499598299999965,43.69497770000002],[15.4967283,43.6983695],[15.4846959,43.70129139999999],[15.477275899999968,43.70508650000003]]],[[[15.673714499999972,43.718953],[15.6713446,43.71947989999998],[15.6705214,43.718409],[15.676195900000026,43.713868400000024],[15.680888499999982,43.71548439999997],[15.680671699999985,43.7109085],[15.687495599999982,43.70451320000002],[15.68077530000003,43.704823],[15.680873299999968,43.70280459999996],[15.699358,43.69154510000004],[15.709093299999969,43.688376499999976],[15.7114885,43.685084],[15.709685799999965,43.684451],[15.700669,43.688211],[15.6966083,43.68839840000001],[15.69513079999996,43.687385499999955],[15.69700590000003,43.681472],[15.699577700000015,43.680516],[15.701960800000018,43.681981],[15.7096079,43.679515199999976],[15.722470499999956,43.67004460000002],[15.716668799999981,43.680474],[15.723365500000023,43.680262800000015],[15.722558599999962,43.68638849999998],[15.728941499999975,43.6875847],[15.728356599999985,43.6913889],[15.726903099999982,43.692728],[15.724247399999983,43.691077100000044],[15.719109799999979,43.6911979],[15.71717940000004,43.6893247],[15.715311300000016,43.6904238],[15.712801,43.6956247],[15.704083399999961,43.69885730000003],[15.708769199999976,43.69999730000003],[15.7074138,43.70246139999998],[15.698123,43.7073094],[15.696762300000037,43.70426129999996],[15.694285,43.70948039999996],[15.689407099999956,43.71354940000001],[15.692952,43.7145883],[15.691901400000011,43.71759679999996],[15.68881029999996,43.7180321],[15.6884663,43.71508480000004],[15.6832976,43.717731600000015],[15.673714499999972,43.718953]]],[[[15.75987060000004,43.729721400000045],[15.757208,43.73334029999998],[15.755086499999974,43.7334822],[15.7504333,43.729279199999965],[15.750214099999974,43.72594470000002],[15.7542258,43.72129929999998],[15.757408399999976,43.721149600000025],[15.761256200000021,43.717660100000046],[15.763382099999971,43.71790260000004],[15.763677100000043,43.71328149999996],[15.771057099999956,43.70701860000002],[15.774610200000042,43.7058482],[15.774206300000019,43.7107539],[15.768956200000032,43.71589630000004],[15.768847099999975,43.71815069999996],[15.775259899999975,43.71428529999997],[15.778865300000037,43.71458870000003],[15.78031950000001,43.71575660000003],[15.776734799999973,43.71784909999997],[15.777812399999961,43.719895800000025],[15.75987060000004,43.729721400000045]]],[[[15.479798100000023,43.73207220000004],[15.473129099999964,43.73453760000002],[15.4728484,43.73276789999996],[15.46803229999996,43.731685],[15.4728096,43.724798300000025],[15.4699306,43.72158460000004],[15.471595900000027,43.72051569999998],[15.475269499999959,43.72024309999998],[15.4734504,43.72193760000003],[15.47684630000004,43.72444710000001],[15.47617110000004,43.7271006],[15.483250599999957,43.7226532],[15.481802100000012,43.73033],[15.479798100000023,43.73207220000004]]],[[[15.78438180000004,43.743485100000036],[15.782386100000027,43.74328779999997],[15.780671099999969,43.737883199999985],[15.785164499999963,43.734294300000045],[15.787293299999975,43.7342947],[15.786189400000032,43.73212059999996],[15.78972149999998,43.7293203],[15.787519899999984,43.728159499999954],[15.7882372,43.725634],[15.7937171,43.72005020000001],[15.7976954,43.718376199999966],[15.79988770000003,43.72047780000004],[15.795181899999958,43.72519330000002],[15.8036712,43.721851899999955],[15.807433499999982,43.724263],[15.79783180000001,43.73413759999996],[15.7896412,43.73648060000002],[15.788591700000024,43.74132009999996],[15.78438180000004,43.743485100000036]]],[[[15.369228499999958,43.75746269999996],[15.368537399999974,43.7604195],[15.364328,43.760543400000046],[15.362458,43.7586419],[15.3628635,43.75394690000003],[15.3585352,43.75040039999996],[15.36291769999996,43.747462300000045],[15.36393639999996,43.7483045],[15.366396,43.74642679999999],[15.369987200000027,43.74690620000004],[15.370412300000028,43.74401330000004],[15.3729282,43.74308040000004],[15.373558799999957,43.7464677],[15.379162199999955,43.749893600000036],[15.378258599999976,43.75370750000003],[15.380730200000018,43.756296700000036],[15.383366800000035,43.75649239999997],[15.376345599999967,43.75791689999998],[15.367938499999982,43.754232500000036],[15.366173499999961,43.75042519999997],[15.364041899999984,43.75300240000004],[15.367020699999982,43.754629],[15.367053,43.7572099],[15.369228499999958,43.75746269999996]]],[[[15.323722699999957,43.7768798],[15.319170499999982,43.77774430000004],[15.3128201,43.7745256],[15.325276299999983,43.7694139],[15.327399,43.77022590000004],[15.3270326,43.77206819999997],[15.32973729999996,43.768409799999965],[15.350547,43.75831370000003],[15.356883400000013,43.7579828],[15.3632156,43.7615325],[15.362097500000042,43.764785300000014],[15.3459395,43.76750220000001],[15.343828,43.7667475],[15.343441800000027,43.76842379999997],[15.323722699999957,43.7768798]]],[[[15.251949,43.82193090000004],[15.249622299999958,43.826834799999986],[15.23053,43.83270549999998],[15.2371118,43.82505440000002],[15.241592,43.8233538],[15.241573899999986,43.818862800000026],[15.2506114,43.820708499999974],[15.24893080000003,43.8183654],[15.250956799999974,43.81542289999998],[15.255128399999988,43.815911099999965],[15.256106800000028,43.81947309999999],[15.265576,43.817154100000046],[15.26220879999998,43.8242898],[15.254880399999985,43.82651850000001],[15.256777800000036,43.8219884],[15.255241700000036,43.8206476],[15.251949,43.82193090000004]]],[[[15.5975898,43.82866689999996],[15.5973172,43.835097],[15.5917707,43.83092229999997],[15.59012010000003,43.8273793],[15.5915592,43.82810960000003],[15.591338400000025,43.825775],[15.592184400000034,43.82736260000004],[15.593454400000043,43.825788199999984],[15.591065900000038,43.825258400000024],[15.593729200000043,43.824322899999984],[15.5869391,43.8216459],[15.58432680000004,43.822300900000016],[15.583233199999972,43.8262575],[15.579543200000016,43.82999619999999],[15.57428689999996,43.830612800000026],[15.575309700000032,43.83444610000003],[15.565847599999975,43.83312719999997],[15.5644534,43.82807559999998],[15.573587099999967,43.82435260000004],[15.57361409999998,43.82301710000003],[15.5695051,43.82149290000004],[15.57381770000004,43.822657400000026],[15.5734092,43.81731749999998],[15.579514,43.81666670000004],[15.579234499999965,43.81206370000004],[15.585913300000035,43.8077791],[15.586332800000017,43.805675],[15.590230800000041,43.80712829999998],[15.588917299999986,43.80253870000002],[15.5931125,43.80284849999998],[15.594138599999988,43.79862859999997],[15.5975685,43.797904099999975],[15.598089300000021,43.79604760000002],[15.602846399999985,43.79609409999996],[15.6039147,43.792285],[15.606944699999973,43.7931479],[15.605624299999969,43.79416930000004],[15.607044100000026,43.79613980000001],[15.609502799999978,43.79708330000001],[15.611930300000013,43.7953711],[15.6148155,43.788053],[15.617832,43.787468899999965],[15.61726770000003,43.784609],[15.624537,43.7826357],[15.621101499999982,43.77551240000002],[15.6228675,43.77686109999997],[15.625651300000024,43.7737066],[15.6279234,43.7734801],[15.630352299999965,43.774486],[15.630422900000033,43.77662580000004],[15.63276119999997,43.772251899999986],[15.638320100000017,43.76924010000001],[15.640814900000025,43.770198399999984],[15.646660800000015,43.7665961],[15.649434600000015,43.76895360000002],[15.651476400000023,43.7653647],[15.65404620000002,43.76440609999999],[15.6589657,43.76434970000003],[15.6612371,43.766922099999974],[15.6672484,43.76444310000003],[15.667724,43.76707620000003],[15.664014200000013,43.77241169999997],[15.657444900000032,43.77508630000003],[15.659037800000023,43.77830269999996],[15.654583200000042,43.778196100000024],[15.6473465,43.784026],[15.644909399999966,43.78283360000004],[15.642055900000033,43.78474410000002],[15.648742500000038,43.78475720000004],[15.652655399999963,43.7869853],[15.649312200000013,43.789102],[15.648575499999987,43.793925600000044],[15.6396241,43.79935849999997],[15.6274513,43.7939089],[15.626840600000017,43.79675190000003],[15.629499500000014,43.80010530000003],[15.624098599999984,43.79924340000004],[15.623771099999976,43.80360849999998],[15.617420100000027,43.80689089999996],[15.612895,43.805523200000046],[15.613385,43.80675860000003],[15.609501,43.80898839999996],[15.6059359,43.81390829999999],[15.605662,43.81930280000002],[15.6033039,43.8219401],[15.6054443,43.82236489999998],[15.606794199999955,43.82624060000003],[15.600645799999983,43.8290483],[15.6028261,43.827743],[15.59742,43.8243242],[15.5975898,43.82866689999996]]],[[[15.498804899999955,43.8613465],[15.496196400000043,43.860436],[15.498923199999973,43.85747859999998],[15.497572699999965,43.85600430000003],[15.4918302,43.8598822],[15.485766899999968,43.86042680000002],[15.493179,43.850247],[15.502718799999963,43.84584879999998],[15.509396500000031,43.845968500000026],[15.5106736,43.84963139999996],[15.516757599999979,43.84823580000004],[15.517097,43.85101079999996],[15.514423400000025,43.85105130000002],[15.513625299999982,43.8532344],[15.507246599999961,43.85505249999997],[15.50357420000004,43.85781109999996],[15.501900700000041,43.85691360000004],[15.5023488,43.85991380000003],[15.501163,43.861482],[15.498804899999955,43.8613465]]],[[[15.541006799999971,43.86041209999996],[15.537687100000012,43.8648192],[15.53329389999996,43.864191799999965],[15.532539599999987,43.86116860000003],[15.536049,43.8581271],[15.5395784,43.85844779999997],[15.5413,43.85236290000001],[15.54663369999996,43.84911680000001],[15.551799,43.85178680000004],[15.551146599999969,43.85794849999996],[15.548861,43.860012400000016],[15.541006799999971,43.86041209999996]]],[[[15.239431800000029,43.87505319999998],[15.23545670000002,43.877193200000036],[15.224706699999983,43.8744362],[15.22222020000004,43.875669399999985],[15.221503100000037,43.87352420000004],[15.225238,43.871763],[15.220484799999982,43.86983340000002],[15.2238954,43.86629850000001],[15.227981100000013,43.865888899999966],[15.230294799999958,43.861443],[15.232892300000026,43.86201389999998],[15.247784300000026,43.849285700000046],[15.242063900000028,43.84980659999998],[15.241335100000034,43.84493260000002],[15.245911499999968,43.84552640000004],[15.2485666,43.83942240000001],[15.255493099999965,43.83934630000002],[15.257079799999977,43.83751920000001],[15.254146500000013,43.8366195],[15.25651450000001,43.83582540000002],[15.260763899999978,43.828467],[15.26430619999997,43.82794569999997],[15.268643600000024,43.82341139999997],[15.273171899999975,43.82264709999997],[15.274033899999976,43.827084],[15.284182900000024,43.82211540000003],[15.2861675,43.81963360000003],[15.2841397,43.817891500000044],[15.285019499999967,43.815857],[15.291479499999964,43.818178],[15.293855299999985,43.81643179999997],[15.2926639,43.81212829999997],[15.296662900000028,43.81081669999998],[15.2979421,43.81287920000001],[15.305312,43.81096330000003],[15.305558899999964,43.80944020000004],[15.300230199999957,43.80919449999996],[15.299300599999958,43.80638229999998],[15.303245300000027,43.80298679999997],[15.3036519,43.800515899999986],[15.307157299999966,43.80407959999997],[15.308953900000025,43.801099400000034],[15.314041200000043,43.80071280000002],[15.314988,43.7978979],[15.330703100000024,43.78681790000001],[15.335038900000034,43.78644450000002],[15.333755499999983,43.78967709999997],[15.337799099999975,43.789139199999966],[15.3512754,43.7806432],[15.3560867,43.77975160000003],[15.3569316,43.78134220000001],[15.359415900000032,43.78031960000004],[15.3587724,43.782026200000026],[15.376878900000039,43.771562599999974],[15.382325699999958,43.7705797],[15.384269,43.768103500000024],[15.395256100000013,43.765747],[15.40950960000003,43.75681339999998],[15.4368534,43.74617869999997],[15.440210400000035,43.74421590000002],[15.4388294,43.743427],[15.44039080000004,43.7413625],[15.4492785,43.73724180000003],[15.45129360000002,43.737480499999975],[15.450370700000041,43.7404124],[15.45282530000001,43.7396664],[15.459544599999967,43.7338536],[15.461912499999956,43.73826790000002],[15.4603489,43.73956380000004],[15.45435889999998,43.740641599999954],[15.446436300000025,43.7460619],[15.444051399999962,43.74531989999997],[15.4369993,43.74694910000004],[15.428073299999982,43.75360860000002],[15.405480099999961,43.761802899999985],[15.394524100000021,43.76965050000004],[15.385701799999966,43.77224749999998],[15.3843357,43.77620189999996],[15.3729087,43.78068359999996],[15.359162899999971,43.78959359999999],[15.352781399999985,43.7982102],[15.34181709999998,43.8083728],[15.339446600000043,43.8072079],[15.338963200000014,43.80985679999996],[15.333519,43.810564499999984],[15.328402099999975,43.817002],[15.32346380000003,43.81873820000002],[15.2996533,43.834208],[15.27756930000002,43.8442076],[15.263980700000038,43.85267220000002],[15.251130699999974,43.86246889999997],[15.25840339999998,43.860790099999974],[15.2602531,43.866150400000016],[15.267299199999988,43.8632218],[15.267488,43.8659162],[15.264838799999984,43.86823180000002],[15.253953799999968,43.87077869999998],[15.2531363,43.868771399999986],[15.2467364,43.8707069],[15.248541699999988,43.8714368],[15.24689540000002,43.87275269999998],[15.238865,43.869926800000016],[15.240957399999958,43.873351100000015],[15.239431800000029,43.87505319999998]]],[[[15.22294059999996,43.8805354],[15.2270674,43.88241469999996],[15.226699899999966,43.8850633],[15.222412599999972,43.888076],[15.216048,43.888715],[15.213574799999966,43.88681589999997],[15.2170746,43.88353180000002],[15.207361,43.8764907],[15.209523100000014,43.8758928],[15.21485740000004,43.879604],[15.218758399999958,43.87921120000003],[15.218559,43.875805],[15.222846399999982,43.8781718],[15.225795199999984,43.875868300000015],[15.225398400000016,43.88042149999998],[15.22294059999996,43.8805354]]],[[[15.270270800000011,43.892482599999965],[15.266273300000014,43.89357190000003],[15.262188499999988,43.88996339999998],[15.260776300000026,43.88321019999997],[15.258719099999988,43.884587399999965],[15.252438099999969,43.884544699999985],[15.259335199999983,43.8788106],[15.2656247,43.87566279999997],[15.265280799999962,43.88009240000002],[15.275241200000037,43.875953799999984],[15.278892,43.87679280000003],[15.289681699999983,43.8703335],[15.288429600000034,43.86868050000002],[15.289749,43.86676560000003],[15.299707200000027,43.86147],[15.301918799999962,43.8619508],[15.306301400000025,43.85488020000002],[15.308472299999968,43.855325800000024],[15.309376199999972,43.85289460000004],[15.31398510000002,43.85018940000003],[15.314164,43.85222990000002],[15.31639190000003,43.8524],[15.319086100000016,43.84911060000003],[15.321555,43.85047089999996],[15.326612499999962,43.84901080000004],[15.326832,43.8465714],[15.335171399999984,43.84284189999997],[15.335865500000038,43.83844920000004],[15.33715389999997,43.84024849999997],[15.340540799999983,43.84051950000001],[15.34280119999996,43.8395929],[15.3462324,43.83381],[15.348419599999955,43.8349772],[15.3497694,43.8313993],[15.355461,43.83207969999999],[15.360591599999966,43.82443070000002],[15.3649986,43.82197270000004],[15.3662039,43.8184191],[15.3689124,43.8203277],[15.373242,43.8199949],[15.365058,43.82477669999996],[15.358292299999968,43.83153759999998],[15.357449,43.835],[15.351532,43.8368031],[15.350764900000028,43.84686380000003],[15.348769300000024,43.84796710000001],[15.347964300000031,43.845944],[15.3462099,43.849443],[15.33837749999996,43.85205879999999],[15.339595700000034,43.85317709999997],[15.3344588,43.85811660000001],[15.3371393,43.8589345],[15.336284100000034,43.8603815],[15.329750199999962,43.865483],[15.3263275,43.864192],[15.3238917,43.8652818],[15.321798700000015,43.86821350000001],[15.32486550000001,43.8691431],[15.323048,43.872251900000016],[15.329078,43.8726885],[15.330823500000038,43.8745125],[15.325920299999977,43.874689],[15.323853300000016,43.877267300000035],[15.319019899999956,43.879218099999974],[15.319333699999985,43.8850172],[15.315798300000031,43.88643340000003],[15.313830600000026,43.882887900000036],[15.318888099999976,43.877314400000024],[15.318676699999981,43.87506960000001],[15.315830799999967,43.875011],[15.316676400000032,43.872021699999976],[15.3061067,43.874305600000035],[15.305168299999975,43.875811800000044],[15.302033200000013,43.874154599999976],[15.303328399999975,43.87733939999996],[15.301992,43.878398700000034],[15.2963491,43.87592530000002],[15.296932500000041,43.87399210000003],[15.290706899999988,43.8797551],[15.2858507,43.880134200000015],[15.284694800000013,43.88473510000002],[15.298073600000043,43.8848486],[15.283469100000028,43.89068750000003],[15.2787273,43.88954579999998],[15.279180700000031,43.88669909999999],[15.2756047,43.88716689999997],[15.272259599999986,43.889407800000015],[15.272153900000033,43.89319740000004],[15.270270800000011,43.892482599999965]]],[[[15.292524600000016,43.93234830000004],[15.289564599999975,43.93772129999998],[15.2853688,43.938926699999975],[15.28530150000003,43.931850399999966],[15.293325500000025,43.927785],[15.296407699999962,43.92793659999997],[15.3054606,43.92203350000004],[15.310439700000037,43.9175492],[15.3113399,43.913743100000026],[15.317393799999971,43.91596219999996],[15.317170599999978,43.91894529999996],[15.308679599999978,43.92377389999998],[15.306287300000013,43.927791699999965],[15.298042499999957,43.930270499999985],[15.294107399999971,43.934083],[15.292524600000016,43.93234830000004]]],[[[15.2094617,43.939791799999966],[15.20176880000004,43.945040900000045],[15.196042900000032,43.94677860000003],[15.1934694,43.94556619999999],[15.1972662,43.939782],[15.199520800000025,43.93948709999998],[15.20064939999997,43.93592109999998],[15.2041803,43.934683],[15.20142170000001,43.9336617],[15.206822500000031,43.92886280000004],[15.2099394,43.9285596],[15.2156834,43.922650600000026],[15.216388,43.9251149],[15.2181674,43.92518590000001],[15.226061,43.920711],[15.2094617,43.939791799999966]]],[[[15.269498100000026,44.0162424],[15.2685832,44.01961589999997],[15.263962300000026,44.0209463],[15.26102239999996,44.018387],[15.2630324,44.01530970000001],[15.2581579,44.01362870000001],[15.2519415,44.0149995],[15.252693200000026,44.01045619999997],[15.257622700000043,44.0058825],[15.266869,44.0059919],[15.267403900000035,44.0036905],[15.26560140000002,44.003661299999976],[15.264667500000021,44.0016477],[15.2662559,43.99798970000002],[15.289791700000025,43.97847550000003],[15.292348099999979,43.97437170000003],[15.297247099999959,43.973540700000015],[15.299900699999961,43.97112350000003],[15.300249400000036,43.96596789999996],[15.30793,43.95454549999998],[15.3134,43.95309920000004],[15.317706,43.950004599999964],[15.32234610000001,43.95189719999997],[15.32410550000001,43.9468513],[15.32594670000003,43.94797670000004],[15.328350100000025,43.947196400000045],[15.328795700000034,43.94367330000004],[15.330188900000023,43.945606],[15.334884699999977,43.9424886],[15.338027200000019,43.94358879999998],[15.335104400000036,43.9392952],[15.335495,43.9369111],[15.339779300000037,43.934445],[15.345711399999965,43.9341738],[15.345707,43.936421],[15.348694,43.93530020000003],[15.349294599999967,43.93331459999997],[15.346813500000026,43.93067629999999],[15.349258299999983,43.92799010000004],[15.351154,43.93253979999999],[15.359698100000022,43.92885510000002],[15.364614799999957,43.9237066],[15.36171459999998,43.9221823],[15.35606110000001,43.926119],[15.35398970000004,43.925484400000016],[15.354034099999984,43.92378119999996],[15.3570431,43.92262],[15.3565321,43.91544780000003],[15.362655500000026,43.910052800000045],[15.373623100000037,43.90721020000004],[15.37343109999996,43.911363],[15.37020490000001,43.91456090000001],[15.3732921,43.91366309999998],[15.375424300000033,43.914685],[15.378412800000033,43.90819330000002],[15.38442539999996,43.90663790000003],[15.384339699999975,43.90982170000002],[15.3787377,43.9132263],[15.38522060000003,43.91485889999998],[15.390181299999965,43.910176599999986],[15.39732089999997,43.90972530000004],[15.395452800000035,43.908471200000015],[15.395973400000033,43.90494190000003],[15.403305100000034,43.90434439999998],[15.411521499999962,43.89890309999998],[15.4125105,43.89665810000003],[15.41545579999997,43.89723020000003],[15.4165295,43.89486669999996],[15.427526500000036,43.88944960000001],[15.434038199999959,43.8893572],[15.4415883,43.89588180000002],[15.446193099999975,43.8905981],[15.4494824,43.8899432],[15.4501835,43.88701530000004],[15.455122700000027,43.8891597],[15.453635499999988,43.894399],[15.456156899999977,43.89657980000004],[15.45291,43.89841090000002],[15.45133870000002,43.896762],[15.449895399999972,43.8974917],[15.451469199999982,43.89929169999998],[15.44975870000003,43.90129110000003],[15.447421199999981,43.90172370000003],[15.440975800000038,43.9077657],[15.433540399999982,43.9103765],[15.425841200000038,43.919758099999974],[15.41936150000001,43.9219032],[15.419595600000017,43.92338419999997],[15.418259699999973,43.92209829999998],[15.41871540000002,43.92396040000004],[15.415266799999964,43.923195900000024],[15.4112374,43.927470400000026],[15.402097200000012,43.93039],[15.399195,43.93302340000003],[15.394642499999959,43.93322579999999],[15.393436,43.9368264],[15.38996860000004,43.93768090000001],[15.385948200000014,43.949536400000035],[15.386333700000025,43.952256699999964],[15.389696099999965,43.95376729999998],[15.38942349999997,43.956785899999986],[15.3850269,43.9590662],[15.380968800000042,43.9571446],[15.3795545,43.95800289999996],[15.3806398,43.961837199999955],[15.3755979,43.96748159999997],[15.3681094,43.96956280000004],[15.364527600000025,43.96865880000003],[15.362515199999963,43.96474070000003],[15.357625799999978,43.96580689999996],[15.35616880000004,43.96894039999997],[15.352444099999966,43.970577100000035],[15.353106499999972,43.973475],[15.347947299999957,43.97577409999998],[15.3485135,43.97824279999996],[15.34582739999997,43.98045229999999],[15.342586100000014,43.98009449999996],[15.3295693,43.987784],[15.324244699999982,43.9943365],[15.30431709999998,44.0008458],[15.296636599999983,44.0024003],[15.295952400000038,44.001436700000035],[15.28754,44.009413],[15.289346,44.012230499999966],[15.28196889999998,44.012505399999974],[15.27881440000001,44.01107310000003],[15.27996120000004,44.012982500000014],[15.278412200000039,44.01412839999997],[15.271451900000036,44.01357210000003],[15.267920300000041,44.01516659999998],[15.269498100000026,44.0162424]]],[[[15.055892299999977,44.04309759999996],[15.050387399999957,44.042544],[15.052312199999966,44.039912799999975],[15.05151669999996,44.037659],[15.05625289999997,44.03955409999996],[15.055651699999965,44.03606969999996],[15.059518199999959,44.03352770000004],[15.055618,44.0310474],[15.06267930000003,44.029025300000015],[15.059626,44.027019599999974],[15.055002299999968,44.02672930000003],[15.054247200000018,44.02289620000004],[15.06005270000004,44.02386379999999],[15.0593684,44.0201445],[15.063332299999969,44.017311199999966],[15.0668943,44.01712950000003],[15.071979,44.01200170000004],[15.07503079999997,44.01195220000003],[15.0767594,44.0085888],[15.0836682,44.0070107],[15.086905499999984,44.00805289999999],[15.086133200000033,44.01062789999997],[15.081009600000032,44.014605099999976],[15.0777793,44.0230599],[15.07205890000001,44.0236557],[15.073938800000034,44.027045],[15.0719042,44.0281544],[15.066807900000038,44.027094],[15.0616206,44.03343740000003],[15.0660088,44.04003370000003],[15.061029899999982,44.0411808],[15.056985199999987,44.0400238],[15.055892299999977,44.04309759999996]]],[[[15.0746275,44.083522700000046],[15.070354600000039,44.0824991],[15.072487699999963,44.08018840000003],[15.071237399999985,44.077109900000046],[15.075502199999983,44.071975400000035],[15.075671400000038,44.0645339],[15.07797910000002,44.06094],[15.077087200000031,44.05863120000002],[15.07531109999998,44.06119839999998],[15.072108300000012,44.06094379999997],[15.072461600000024,44.058890900000016],[15.074951900000015,44.05837609999997],[15.077078500000022,44.051959700000026],[15.083127799999966,44.052596400000034],[15.0849038,44.05067109999999],[15.08846289999997,44.05143820000004],[15.088104399999972,44.049642400000046],[15.094144400000035,44.044505500000014],[15.100900600000026,44.04283139999996],[15.10569040000003,44.03602770000004],[15.111781300000041,44.03251559999997],[15.12027730000001,44.021978],[15.127963500000034,44.0176638],[15.129998199999987,44.01885120000002],[15.129816300000035,44.017013799999965],[15.1341698,44.01461340000004],[15.135142199999988,44.011759900000015],[15.139240599999985,44.012414],[15.1414177,44.0117113],[15.141335300000017,44.0094733],[15.1470277,44.00863759999996],[15.149848299999972,44.00566290000003],[15.149462500000025,44.00354739999997],[15.1520309,44.00293149999999],[15.15328009999997,44.0042338],[15.156033100000025,44.00097270000001],[15.167749800000022,43.9958242],[15.160728799999971,44.00311770000003],[15.1549786,44.005593],[15.150480399999958,44.013357],[15.151337900000032,44.01482880000001],[15.148585500000026,44.016573500000035],[15.151928200000023,44.01636039999999],[15.15437,44.017841699999984],[15.155247500000039,44.02209290000001],[15.1514963,44.0245562],[15.145710700000018,44.02177],[15.147296899999988,44.02302490000003],[15.146443199999963,44.027335199999975],[15.138594299999978,44.0282811],[15.13989939999996,44.02921169999998],[15.138122099999988,44.03115459999998],[15.13024179999998,44.031853800000015],[15.129497699999964,44.0384597],[15.118558399999985,44.0426601],[15.116273400000017,44.0499306],[15.1126407,44.0518232],[15.108903100000019,44.04993940000002],[15.11265649999998,44.05358329999998],[15.107685900000027,44.0573235],[15.111420300000015,44.05790179999998],[15.1052092,44.065280200000025],[15.100943500000023,44.06810670000004],[15.098451199999955,44.067339],[15.09898809999997,44.069648],[15.096324500000028,44.07272949999999],[15.093474400000021,44.070935699999986],[15.080318699999976,44.08018310000004],[15.076758899999957,44.079929],[15.0746275,44.083522700000046]]],[[[15.084136700000043,44.14432510000004],[15.070441699999963,44.15588510000004],[15.063242199999975,44.158608699999974],[15.060836399999959,44.15190260000004],[15.072707400000022,44.13911750000002],[15.06956,44.1347388],[15.063897700000032,44.13497180000002],[15.065655,44.13101720000002],[15.068773400000039,44.1299929],[15.07007489999999,44.1329139],[15.0787002,44.12647689999996],[15.077122099999988,44.12454269999997],[15.0820334,44.12283149999996],[15.083415499999967,44.12052259999997],[15.0898523,44.119545899999984],[15.09240870000004,44.11541780000002],[15.096215,44.11335050000003],[15.0976391,44.1089372],[15.100561699999963,44.109541800000024],[15.100714399999985,44.1071263],[15.102796,44.10898560000001],[15.11088529999998,44.10438339999998],[15.112193300000024,44.10549219999998],[15.109158199999987,44.1087836],[15.117253600000028,44.106565400000044],[15.115738299999974,44.105513],[15.130436800000039,44.0860769],[15.14737,44.07224380000004],[15.151471,44.0712707],[15.152412699999966,44.06781130000002],[15.1563762,44.0660731],[15.162482300000017,44.05962449999996],[15.167363500000034,44.057430399999966],[15.170094599999965,44.0586428],[15.170447899999976,44.055583900000045],[15.181270599999989,44.0451719],[15.192659,44.03616390000003],[15.199183700000022,44.03407150000001],[15.1993057,44.03207779999998],[15.2052829,44.03617910000004],[15.198965099999965,44.04898720000001],[15.205968,44.04101920000004],[15.218270299999984,44.033711],[15.218946900000011,44.035398700000044],[15.215103299999958,44.037559899999984],[15.212113300000011,44.04929960000002],[15.2184133,44.04657730000002],[15.220159900000011,44.04288910000003],[15.22928220000002,44.037876],[15.225709,44.03567230000003],[15.2282901,44.03581590000001],[15.229249299999962,44.03222779999996],[15.23289709999998,44.03169009999997],[15.229726800000035,44.02864359999997],[15.23024149999999,44.02689179999997],[15.232975100000038,44.0259165],[15.235078800000016,44.02724169999997],[15.239842,44.02424420000002],[15.243506800000043,44.02420479999996],[15.2427086,44.020537700000034],[15.2447151,44.01791239999997],[15.237709900000022,44.016922599999965],[15.2424145,44.00967349999996],[15.248390299999985,44.0121677],[15.251006199999976,44.0146666],[15.250188199999974,44.019685500000044],[15.255528100000019,44.02123210000002],[15.258349300000033,44.01971159999998],[15.260280899999982,44.02138189999998],[15.253232299999956,44.03299869999997],[15.246657200000028,44.03377770000004],[15.248383699999971,44.03628659999997],[15.253100299999959,44.0348025],[15.252920299999987,44.037807799999975],[15.246985800000038,44.038974],[15.245694699999971,44.043415399999965],[15.242199100000024,44.04694],[15.236091799999988,44.04630519999997],[15.229558499999966,44.050749099999955],[15.225159300000039,44.05399989999999],[15.224997299999957,44.0574319],[15.222691300000028,44.05821050000003],[15.220650899999958,44.05701980000001],[15.211903299999955,44.061449],[15.209937899999963,44.0611695],[15.211702599999958,44.063585],[15.210460799999973,44.06460989999999],[15.2028354,44.06504549999997],[15.1947232,44.07374780000004],[15.195602199999984,44.07676649999997],[15.193452500000019,44.07671809999996],[15.1921276,44.079957],[15.188868,44.08024620000002],[15.1866294,44.084092300000016],[15.183323,44.08421170000003],[15.185383300000014,44.08937260000001],[15.182737699999963,44.09280379999996],[15.18671289999998,44.0918091],[15.185845399999968,44.093114199999974],[15.177190800000021,44.0986073],[15.17027379999996,44.1009],[15.1726123,44.09769119999996],[15.17264,44.0928956],[15.171202,44.0952722],[15.167995800000037,44.096298],[15.170846299999988,44.09680110000003],[15.165222299999973,44.0962382],[15.166157299999975,44.1023494],[15.154023,44.1078036],[15.152936,44.10251559999998],[15.1445929,44.112494800000015],[15.138181899999962,44.113326700000016],[15.1396466,44.1149786],[15.138358900000041,44.11608040000004],[15.135746199999959,44.1150215],[15.13449970000003,44.118580300000026],[15.126548800000043,44.1261478],[15.12447519999998,44.12659690000003],[15.120467400000019,44.123518400000044],[15.11982,44.12700109999999],[15.11705920000002,44.127124],[15.117366499999955,44.124883099999984],[15.1127887,44.12892840000003],[15.108931399999962,44.12881150000003],[15.106898599999989,44.13052460000002],[15.10513779999996,44.128844899999955],[15.1064961,44.13191160000003],[15.1044986,44.13422],[15.1071746,44.133765],[15.10504430000004,44.1357466],[15.100903,44.137397100000044],[15.0981511,44.13575330000002],[15.097279700000014,44.1400758],[15.087888699999978,44.14432629999996],[15.084136700000043,44.14432510000004]]],[[[15.027867799999987,44.1669594],[15.025036799999961,44.17059960000001],[15.01941189999996,44.16584269999997],[15.0306996,44.15256680000002],[15.042632899999967,44.143582399999964],[15.05759640000002,44.1407532],[15.053138799999969,44.14723090000004],[15.055549799999971,44.14984770000002],[15.054958299999969,44.152637],[15.0526862,44.1540961],[15.046606899999974,44.15370170000004],[15.034367199999958,44.164086599999976],[15.027683700000031,44.16575310000002],[15.027867799999987,44.1669594]]],[[[14.892930900000016,44.17517680000001],[14.8894569,44.17516110000004],[14.8895225,44.1726048],[14.901440699999972,44.164832699999984],[14.90090480000004,44.16241270000003],[14.905823399999955,44.1635136],[14.90765860000001,44.1609867],[14.914907299999983,44.161643399999974],[14.918294799999957,44.15403359999997],[14.920978300000035,44.1542187],[14.927315700000014,44.150627],[14.928832899999959,44.15204149999999],[14.9275722,44.1547692],[14.9308043,44.15395209999998],[14.9338519,44.148468700000045],[14.937487399999986,44.1491959],[14.943850499999959,44.14439849999999],[14.947927499999961,44.14526510000001],[14.9348855,44.157492],[14.923285,44.1642178],[14.905040700000031,44.17235170000003],[14.892930900000016,44.17517680000001]]],[[[14.860256,44.173272],[14.860862,44.174817],[14.856704,44.177257],[14.853920099999977,44.17314370000001],[14.855943,44.171764],[14.85635510000001,44.167802500000036],[14.857898199999967,44.16659409999997],[14.86121089999997,44.167112],[14.860789,44.163464],[14.865068,44.156369],[14.868289299999974,44.1541734],[14.866969,44.153024],[14.877543,44.145809],[14.880034600000029,44.13915190000002],[14.865783500000033,44.141008399999976],[14.8639723,44.14256579999996],[14.867355,44.142697],[14.867429,44.144729],[14.855734,44.151716],[14.856002,44.14752590000002],[14.845452,44.152246],[14.84532,44.148976],[14.852891100000013,44.1430108],[14.86267140000002,44.14105679999998],[14.860574299999966,44.135319700000025],[14.8562143,44.13553589999997],[14.854814,44.13997630000002],[14.8514247,44.14260789999998],[14.844455,44.143188599999974],[14.837795599999962,44.14699189999998],[14.835972099999987,44.1456245],[14.8338951,44.14612070000002],[14.8340723,44.15051670000003],[14.8300093,44.1541734],[14.8258614,44.1535639],[14.827050599999984,44.15526010000002],[14.824585,44.1566628],[14.82526,44.159441],[14.83027580000003,44.162169900000016],[14.833282,44.160552],[14.838073,44.160553],[14.832312,44.164883],[14.829075,44.16179059999999],[14.824816,44.162301],[14.823906,44.159008],[14.818499900000019,44.15539220000002],[14.821154600000023,44.1534736],[14.81867180000003,44.151884200000026],[14.821674599999971,44.15108079999999],[14.823584,44.146074],[14.826085,44.146524],[14.827779,44.143038],[14.831053,44.142634],[14.832808,44.140516],[14.857261,44.132461],[14.860346,44.129526],[14.865471,44.128929],[14.873817,44.123881],[14.875786,44.124894],[14.872708,44.125658],[14.873451,44.129204],[14.870906499999984,44.13280079999998],[14.873359800000022,44.13452550000004],[14.88802,44.128332],[14.92220469999999,44.103768199999976],[14.926331,44.096666],[14.931948,44.09358119999998],[14.938289299999989,44.08506830000003],[14.945088299999968,44.083115],[14.94870919999998,44.079226500000026],[14.95720329999997,44.076856200000016],[14.962156299999977,44.07214229999999],[14.970613,44.0694578],[14.9735351,44.064684500000034],[14.977427299999983,44.061443800000035],[14.9795004,44.0623579],[14.980136300000039,44.05885159999996],[14.9831758,44.0584527],[14.987184799999968,44.05446520000003],[14.992265,44.056428],[14.990738,44.052326],[14.992024,44.050516],[14.994624,44.04808],[14.996831,44.048461],[14.999431,44.042933],[15.002466,44.043763],[15.004261,44.041815],[15.002377,44.040291],[15.003562,44.0387],[15.005667,44.03985],[15.01052,44.034115],[15.012872,44.034305],[15.015961,44.027507],[15.020352,44.024509],[15.020782,44.021053],[15.024548,44.016902],[15.026968,44.016795],[15.025359,44.01363],[15.027064,44.010119],[15.036701,44.003031],[15.0497,43.983963],[15.054822,43.980004],[15.057454,43.980156],[15.056617,43.975817],[15.059224,43.973153],[15.063023,43.973404],[15.061343,43.970448],[15.065763,43.967905],[15.069041,43.960195],[15.072215800000025,43.9586667],[15.073003,43.955889],[15.0781774,43.95623990000002],[15.0810318,43.952302799999956],[15.080408,43.950208],[15.077761799999982,43.95048970000004],[15.085860400000021,43.946942],[15.091304,43.938791],[15.102666500000032,43.92719880000003],[15.12692090000001,43.91012159999997],[15.128702199999958,43.90718039999997],[15.157646700000042,43.890277300000015],[15.161223400000038,43.88569619999996],[15.178054,43.8782],[15.180221,43.87880240000004],[15.1793,43.875293],[15.185386,43.874947],[15.18491,43.871505],[15.199974,43.865004],[15.201123,43.867258],[15.196349,43.868276],[15.194916,43.871135],[15.19661,43.870675],[15.200639,43.873653],[15.199776,43.878101],[15.195511,43.880653],[15.190569,43.880027],[15.189311,43.878474],[15.184269300000034,43.883423899999976],[15.18091340000001,43.882855800000044],[15.17876,43.885977],[15.173503,43.886956],[15.17131,43.892689],[15.173328,43.893556],[15.1689,43.896815],[15.163659,43.896942],[15.15901,43.891124],[15.1489125,43.899644600000045],[15.152759,43.900436],[15.151675,43.903003],[15.148936,43.903965],[15.145636,43.915061],[15.1331,43.914292],[15.135886,43.91656],[15.129020700000021,43.92163239999998],[15.132352700000022,43.923084500000044],[15.134215,43.92629109999997],[15.138545,43.924852],[15.137812400000032,43.928687],[15.141791,43.925199],[15.146477,43.924072],[15.149619,43.918325],[15.146977,43.916064],[15.151904,43.91816],[15.165129,43.908937],[15.15653,43.908177],[15.159451,43.906157],[15.156905,43.901696],[15.161479,43.903065],[15.16149,43.904702],[15.169672,43.901415],[15.169628,43.904862],[15.175132,43.902884],[15.17738,43.904822],[15.179116,43.901667],[15.183359,43.901939],[15.188538,43.897287],[15.1887,43.905069],[15.193687,43.895101],[15.203058,43.889151],[15.206333,43.891613],[15.209995,43.887595],[15.210932,43.889608],[15.213801,43.890141],[15.213729,43.891725],[15.216982,43.889519],[15.219227,43.890726],[15.217141,43.895986],[15.213602699999965,43.899149],[15.219739699999971,43.899326500000015],[15.226261400000011,43.896458899999985],[15.222876499999986,43.905189800000024],[15.2099158,43.9135711],[15.2082938,43.91274780000001],[15.196077499999964,43.91721729999998],[15.194274199999972,43.91432170000003],[15.192575600000028,43.91507740000003],[15.193092199999962,43.917130299999975],[15.184333500000017,43.923242],[15.1800706,43.92506],[15.176213499999983,43.924049899999986],[15.173510599999988,43.925415199999975],[15.177094200000022,43.92666410000002],[15.171297800000042,43.930778299999986],[15.168381399999967,43.9358193],[15.164997400000017,43.937355299999986],[15.169722,43.936665],[15.168107,43.939369],[15.162510899999985,43.9412994],[15.159286600000014,43.938078],[15.158739300000027,43.941851],[15.150191400000027,43.948009700000014],[15.146163099999969,43.94683540000002],[15.1459187,43.94853890000002],[15.1441991,43.94834790000002],[15.144032,43.95029369999999],[15.147700800000012,43.95040130000001],[15.145102,43.955401],[15.128051300000015,43.95961290000004],[15.124978599999976,43.96600769999997],[15.119165400000027,43.97017289999999],[15.116634100000018,43.970924],[15.115385299999987,43.9697631],[15.114980900000011,43.971361],[15.121438,43.975403],[15.121335,43.97863630000001],[15.119309100000015,43.980204199999974],[15.102365199999971,43.9860257],[15.099649,43.989335],[15.096947,43.99004],[15.095643,43.989826],[15.09712830000001,43.985124400000025],[15.100106799999983,43.98355859999997],[15.09684549999997,43.97969480000002],[15.098104499999957,43.978513300000046],[15.0958133,43.97863789999997],[15.0858,43.98473739999998],[15.085794199999961,43.986613200000015],[15.08008760000004,43.990808600000044],[15.0769429,43.98995730000004],[15.076859,43.992844],[15.069377,43.999915],[15.065080600000028,44.00148830000004],[15.060756,43.999794],[15.059735,44.002171],[15.051551,44.00763],[15.045538,44.019488],[15.039256,44.022923],[15.029318,44.036054],[15.028137,44.043292],[15.024725,44.045809],[15.02792,44.04553],[15.028406,44.047275],[15.021833,44.057261],[15.02365,44.058139],[15.023949,44.063664],[15.0225705,44.0617257],[15.01934,44.062085],[15.018856,44.066869],[15.014452,44.071293],[15.009963,44.070345],[15.009502,44.069074],[15.007016,44.070206],[15.004069,44.068814],[15.005047,44.071777],[15.001278,44.074931],[15.009592,44.073682],[15.009601,44.082391],[15.000313,44.087745],[14.995418,44.087966],[14.999694,44.080197],[14.998178,44.078421],[14.989879,44.08223],[14.98678,44.084579],[14.987038,44.086299],[14.982852,44.08591],[14.970486,44.089293],[14.961616,44.097617],[14.95557,44.098007],[14.951419,44.10158],[14.946127,44.102943],[14.948422,44.10434],[14.946758,44.108266],[14.942860400000017,44.1103102],[14.939340199999988,44.110168099999974],[14.946466,44.116627],[14.94434,44.119224],[14.934926,44.123049],[14.932782199999965,44.121743199999976],[14.935548699999982,44.119143299999976],[14.931518,44.120207],[14.929272,44.118671],[14.929165600000042,44.12048670000002],[14.92106,44.122939],[14.922059,44.124544],[14.919474,44.127646],[14.916515,44.129412],[14.91355210000003,44.12882789999997],[14.914217,44.131537],[14.909774,44.1331339],[14.91053519999999,44.1344627],[14.9050821,44.1398987],[14.909564,44.139557],[14.911635,44.142265],[14.903431,44.146441],[14.897328,44.152381],[14.894182,44.152772],[14.892188100000018,44.15182720000002],[14.892967,44.15035],[14.8898981,44.1519203],[14.888893,44.157212],[14.885472,44.158747],[14.883633,44.157789],[14.880776,44.159752],[14.880333,44.161448],[14.884647,44.162488],[14.883119,44.16453],[14.879977,44.162729],[14.870125,44.164151],[14.869024,44.165442],[14.87267,44.165674],[14.872334,44.167677],[14.865407,44.171489],[14.862628,44.170705],[14.860256,44.173272]]],[[[14.915299099999983,44.190597300000036],[14.905980900000019,44.19093970000004],[14.903943400000012,44.18898570000001],[14.9152328,44.18315759999998],[14.926542100000043,44.17461230000002],[14.932275400000043,44.17376909999997],[14.9362509,44.16911220000004],[14.940209,44.16923420000001],[14.933412199999955,44.17900979999998],[14.915299099999983,44.190597300000036]]],[[[14.945895300000037,44.1994474],[14.9442084,44.20217459999996],[14.9420872,44.20201120000003],[14.944585799999958,44.19892410000004],[14.944159799999971,44.196415599999966],[14.9419854,44.19584530000003],[14.944294600000022,44.1889511],[14.966878900000017,44.16915869999998],[14.9702215,44.16796369999996],[14.968102099999973,44.166534800000036],[14.9714345,44.1652837],[14.9692618,44.16221290000002],[14.9723403,44.1579971],[14.976982200000014,44.1560167],[14.979985,44.15835940000004],[14.981696,44.1538526],[14.9845918,44.152654199999965],[14.984265,44.14911270000004],[14.994044399999988,44.14075670000002],[15.000634099999969,44.13790980000001],[15.002816599999983,44.138327400000016],[15.006819299999966,44.1345905],[15.007261300000033,44.13628289999996],[15.009960900000022,44.13573879999997],[15.007436200000027,44.139961],[15.015623,44.13630229999997],[15.017150900000024,44.1320422],[15.024273400000036,44.1253696],[15.031398099999963,44.12562430000003],[15.035290200000032,44.13758920000004],[15.025853500000034,44.14680580000004],[15.016621900000041,44.14923419999997],[15.005318200000021,44.1613721],[14.996767399999959,44.16130140000001],[14.9963771,44.1601881],[14.992801,44.1611466],[14.9767866,44.178726099999956],[14.968006499999968,44.18397380000001],[14.954755899999975,44.195302300000044],[14.950470100000016,44.1961959],[14.949478300000022,44.19816879999998],[14.951365300000012,44.19874729999998],[14.949804899999956,44.200607],[14.9475448,44.200915300000034],[14.945895300000037,44.1994474]]],[[[14.805760799999982,44.26138839999996],[14.8052844,44.26429319999996],[14.801946100000011,44.2660874],[14.798917499999979,44.260499500000044],[14.800664700000036,44.25916590000001],[14.798081399999989,44.25884019999997],[14.796156100000028,44.261285299999955],[14.790062100000027,44.2622057],[14.787014400000013,44.2567923],[14.78934520000004,44.25759240000003],[14.7940592,44.2534367],[14.795484,44.247830899999975],[14.810777400000012,44.22885520000004],[14.81202270000002,44.22434670000004],[14.816291299999977,44.22344219999999],[14.8147458,44.2200877],[14.819289299999964,44.2170264],[14.8288134,44.20095949999996],[14.83369819999996,44.19883859999998],[14.838862599999961,44.19866860000004],[14.841910800000017,44.200063900000025],[14.84058190000002,44.20373710000001],[14.832382299999972,44.20914020000004],[14.8206939,44.2226673],[14.817886100000036,44.2238235],[14.8193638,44.2277191],[14.813799599999959,44.236154600000035],[14.83928469999998,44.22600859999997],[14.841192,44.2209551],[14.847326699999956,44.21672759999998],[14.8522287,44.21647849999997],[14.852607,44.2151928],[14.857656799999978,44.2138886],[14.8602762,44.217699199999984],[14.8660129,44.214756],[14.863057099999958,44.213243],[14.863798600000026,44.212175700000024],[14.86794,44.211514700000045],[14.87423079999997,44.2132413],[14.867055699999957,44.208813900000045],[14.8673095,44.2069091],[14.877341499999956,44.202104700000035],[14.878820400000018,44.20582960000004],[14.880283099999984,44.20370549999997],[14.88330530000002,44.2033193],[14.8831859,44.2020109],[14.892131599999962,44.197817],[14.8965117,44.198693699999986],[14.893900599999958,44.20366760000003],[14.8962906,44.2030339],[14.901144100000034,44.20667550000004],[14.898214899999966,44.2091376],[14.911361699999985,44.2115518],[14.909879,44.2133228],[14.906784299999968,44.212827899999986],[14.9031661,44.2175406],[14.893055,44.21857770000002],[14.9015226,44.22181410000002],[14.894592700000024,44.22620660000001],[14.88792269999997,44.2241358],[14.8859469,44.22999720000003],[14.883450599999962,44.22531040000002],[14.881422400000014,44.22489749999996],[14.884458699999973,44.221552],[14.88370260000003,44.219634],[14.881282399999977,44.219600600000014],[14.87964219999998,44.217591],[14.871195600000013,44.22473989999998],[14.869283800000014,44.2240327],[14.865054700000039,44.22596339999996],[14.867693299999955,44.227289800000015],[14.865957699999969,44.23100869999997],[14.8642857,44.23054030000002],[14.860053,44.233119],[14.856781,44.23115770000004],[14.8552558,44.235422400000026],[14.8516843,44.237268600000014],[14.848249,44.23484],[14.84890149999996,44.23758029999996],[14.846299599999972,44.2392982],[14.836842399999965,44.238799700000044],[14.827410199999983,44.245084899999966],[14.83043670000002,44.246844],[14.830398599999976,44.24892410000001],[14.8288339,44.24763129999998],[14.826140199999974,44.248675100000014],[14.823344,44.24689990000004],[14.819990900000017,44.25292539999997],[14.811413299999957,44.2608039],[14.805760799999982,44.26138839999996]]],[[[14.695223199999988,44.29223590000002],[14.688542,44.29092259999999],[14.6858381,44.288621800000044],[14.696221499999988,44.281317199999975],[14.7008182,44.282600500000015],[14.69986650000004,44.277098100000025],[14.703194100000031,44.27513820000004],[14.708663699999972,44.272496],[14.7115517,44.27348820000004],[14.7128644,44.270543],[14.71487730000001,44.27067880000002],[14.717823599999983,44.27585879999998],[14.711882400000013,44.27987329999996],[14.718483100000016,44.279226700000024],[14.72165339999996,44.276139],[14.724818199999982,44.276254799999975],[14.726858500000043,44.27378450000004],[14.728293799999962,44.27420649999996],[14.722581600000021,44.28356150000004],[14.716127200000043,44.286260100000035],[14.711100100000033,44.2906254],[14.700513700000032,44.28902540000004],[14.697497300000032,44.292042099999975],[14.695223199999988,44.29223590000002]]],[[[14.7604507,44.29245710000003],[14.75773740000004,44.29422090000004],[14.7540753,44.294166900000015],[14.7517781,44.2933444],[14.75124170000002,44.29111540000004],[14.759858,44.28061380000004],[14.760947099999958,44.2762541],[14.756689899999968,44.27967870000003],[14.752872599999959,44.27746139999998],[14.752239299999962,44.279787699999986],[14.744628699999977,44.281858700000015],[14.741863,44.280459299999954],[14.74292470000003,44.27816080000002],[14.735764800000032,44.279787],[14.7384008,44.270126],[14.742216,44.270107900000035],[14.741314,44.2681741],[14.748505899999968,44.26249949999997],[14.762569199999968,44.2558069],[14.769242600000036,44.255487600000045],[14.7638202,44.27228250000002],[14.766865199999971,44.2718808],[14.773582799999966,44.2663086],[14.777493499999975,44.2667143],[14.785845400000012,44.2629163],[14.791212900000032,44.26416249999998],[14.790242400000023,44.26856239999997],[14.797599299999979,44.2676653],[14.799574900000016,44.26944609999999],[14.795673,44.27269539999999],[14.783954399999958,44.273821199999965],[14.7864453,44.27559420000003],[14.784505399999984,44.2790107],[14.77592250000002,44.28269920000001],[14.7676791,44.289867],[14.7604507,44.29245710000003]]],[[[15.032806599999974,44.32622660000001],[15.031165800000016,44.32869],[15.020917800000037,44.32633579999999],[15.0185246,44.323772],[15.018254300000015,44.31891369999997],[15.02154269999996,44.3149134],[15.020677,44.3123939],[15.024069400000032,44.30469550000003],[15.034427299999956,44.297765100000014],[15.037639399999984,44.29237570000004],[15.039783,44.2926316],[15.0397811,44.28980909999996],[15.045850700000022,44.28570160000001],[15.055767400000034,44.2841461],[15.0629569,44.28597880000003],[15.0781228,44.286095],[15.075564100000042,44.28912339999998],[15.07769690000003,44.2920102],[15.076168499999957,44.293754],[15.083558100000042,44.29757679999997],[15.09538430000004,44.298217499999964],[15.098225400000013,44.296686899999976],[15.103401700000022,44.2967741],[15.10592310000001,44.294888],[15.105159599999988,44.29387319999996],[15.119505199999987,44.29098750000003],[15.117164699999956,44.28503259999999],[15.120665499999978,44.2803825],[15.126924899999986,44.28153509999997],[15.131932199999957,44.284608399999975],[15.135694500000033,44.289992300000016],[15.1344489,44.291789799999975],[15.125159799999958,44.291287299999965],[15.120880800000029,44.29514060000002],[15.118683600000042,44.30051220000002],[15.113908199999985,44.301159],[15.113271,44.3032933],[15.102468199999967,44.3067069],[15.099984800000014,44.3104532],[15.097496600000019,44.3108043],[15.094017500000016,44.30813409999997],[15.090476599999961,44.30779489999997],[15.0823199,44.3110833],[15.0787463,44.31108580000003],[15.079463600000013,44.3128813],[15.0762517,44.316347],[15.0733921,44.31596440000001],[15.0730389,44.31930029999998],[15.0638425,44.3207197],[15.06167489999997,44.31796880000003],[15.059136,44.3187961],[15.056314299999988,44.31687720000004],[15.0563563,44.31841850000003],[15.052012500000037,44.31983269999998],[15.05381450000001,44.32239279999997],[15.050484299999981,44.32269779999998],[15.0484944,44.32594289999999],[15.044274299999975,44.32645259999997],[15.036825,44.3238638],[15.032806599999974,44.32622660000001]]],[[[14.59780350000002,44.35273829999998],[14.59035419999997,44.35731060000001],[14.589577900000043,44.352593900000016],[14.582293699999974,44.35162150000003],[14.593111600000034,44.33686839999998],[14.61193430000001,44.32902310000002],[14.614013900000037,44.3297023],[14.613932200000027,44.3313811],[14.616410199999978,44.329372200000044],[14.620775899999975,44.32912840000003],[14.62241990000002,44.32561419999997],[14.6179164,44.32597540000001],[14.618722399999976,44.323453200000046],[14.621450500000014,44.321775],[14.6240265,44.32398359999996],[14.6287787,44.31986760000002],[14.6262518,44.3185224],[14.63034640000003,44.31542040000003],[14.6317758,44.31542509999998],[14.631046599999967,44.317732099999986],[14.637216400000023,44.3156487],[14.64247339999996,44.30847170000001],[14.651643500000015,44.310463699999985],[14.651589299999971,44.308194100000044],[14.655625299999956,44.305250899999976],[14.659799099999974,44.30484670000001],[14.6598241,44.3074014],[14.669943800000022,44.301506],[14.668759199999974,44.3054583],[14.663629299999984,44.3073821],[14.645157700000015,44.3239368],[14.641833,44.323971899999975],[14.643844399999976,44.32665630000004],[14.637919700000039,44.33097279999996],[14.632747,44.331593100000035],[14.632404,44.3292826],[14.628665699999969,44.33253450000004],[14.624768099999978,44.332536899999965],[14.616645,44.33901749999998],[14.611884499999976,44.3403231],[14.609056,44.33898690000002],[14.606768199999957,44.340178],[14.6067483,44.34364240000002],[14.603333,44.346633200000035],[14.601593099999958,44.34642930000004],[14.59780350000002,44.35273829999998]]],[[[14.848766299999964,44.388764],[14.84691239999996,44.387700599999974],[14.8514664,44.38424580000002],[14.8527364,44.378678900000025],[14.865340399999964,44.370587],[14.8685956,44.37030580000001],[14.8680836,44.373603500000016],[14.863452900000022,44.378534],[14.848766299999964,44.388764]]],[[[14.678772900000018,44.4131965],[14.674478599999977,44.41292779999997],[14.671102699999986,44.40993680000003],[14.6671461,44.4099011],[14.664089200000022,44.407503100000014],[14.663787600000026,44.4045583],[14.6656872,44.40342139999998],[14.65950909999996,44.401723299999986],[14.66096279999998,44.397878800000036],[14.662750800000039,44.39814080000004],[14.660799599999978,44.395055899999974],[14.662242800000017,44.39300750000004],[14.665655300000017,44.390836099999966],[14.671027100000037,44.390082],[14.672091199999974,44.3917533],[14.677121399999974,44.38804690000003],[14.6806222,44.391117],[14.68104960000001,44.38946949999996],[14.685224400000022,44.38768219999996],[14.684474399999962,44.38460389999999],[14.691113699999962,44.37804079999999],[14.694051899999975,44.368611199999954],[14.691183200000028,44.36768780000003],[14.690479900000012,44.36537670000003],[14.697318100000038,44.35718430000004],[14.7023467,44.359478399999965],[14.702685,44.35668510000004],[14.706895200000018,44.3572483],[14.704134799999972,44.35284009999996],[14.711645699999968,44.352602700000034],[14.7144843,44.34920180000002],[14.718022199999984,44.348827],[14.72114469999997,44.346549],[14.727156199999984,44.348184500000045],[14.7288138,44.351875099999965],[14.721458299999982,44.35698909999997],[14.724064200000035,44.3595883],[14.7224771,44.3639046],[14.712493899999982,44.3704387],[14.7021996,44.37198610000004],[14.702875699999977,44.37488559999996],[14.700617,44.374487],[14.702292899999984,44.375455899999984],[14.702352699999958,44.381794],[14.6987894,44.388176800000025],[14.701090200000037,44.3890106],[14.701608099999989,44.392604],[14.706416400000014,44.397234899999965],[14.704969400000016,44.400310100000034],[14.6992274,44.40337419999998],[14.69418340000002,44.4097754],[14.6891668,44.41078810000003],[14.687367499999974,44.4125793],[14.678772900000018,44.4131965]]],[[[14.7849093,44.42199920000003],[14.774690599999966,44.41791660000001],[14.776137400000037,44.41407070000003],[14.766475100000024,44.413281600000026],[14.7600191,44.41634720000001],[14.767025700000017,44.4096906],[14.7697531,44.3989197],[14.766547499999975,44.39506439999997],[14.76709489999997,44.39224320000004],[14.7764311,44.3837946],[14.7767424,44.38102970000002],[14.7748328,44.380762699999956],[14.777102599999962,44.3803638],[14.776801600000015,44.37911179999996],[14.7659187,44.37325360000002],[14.743752200000019,44.37038369999998],[14.743762199999958,44.368074499999956],[14.750929699999963,44.3648825],[14.75414550000003,44.365659200000046],[14.755228700000037,44.36322450000004],[14.7591667,44.362334400000016],[14.75917140000003,44.3611801],[14.765245299999966,44.3627324],[14.7648979,44.3601658],[14.7677586,44.36029940000004],[14.770645799999963,44.35363410000002],[14.773414900000018,44.35571250000004],[14.775647900000036,44.354799100000044],[14.775305,44.35094979999997],[14.778877900000035,44.3517264],[14.778705299999965,44.34992990000004],[14.7962448,44.34079120000001],[14.8009584,44.34425789999997],[14.81509539999997,44.341118],[14.818026,44.342640099999954],[14.821141,44.3543273],[14.8140501,44.363720300000026],[14.801346799999985,44.3716862],[14.799150199999959,44.38033830000001],[14.797366800000015,44.3802125],[14.793402500000012,44.38477620000003],[14.79387,44.38589120000001],[14.799975500000032,44.38591319999996],[14.803675,44.387694299999986],[14.804441299999963,44.39205579999999],[14.800282,44.39592439999998],[14.8093753,44.3966417],[14.811083,44.39995050000003],[14.8070664,44.40224880000004],[14.8085005,44.40462809999999],[14.800389800000028,44.4141314],[14.791838,44.41989820000001],[14.7849093,44.42199920000003]]],[[[14.892395400000028,44.4557912],[14.8848273,44.45471],[14.885546700000022,44.449941],[14.892780600000014,44.445029399999974],[14.8952977,44.43951480000004],[14.904438300000015,44.43400670000002],[14.912141600000032,44.4317038],[14.911572500000018,44.429994499999964],[14.915195700000043,44.427521],[14.918234899999975,44.42734639999997],[14.916983,44.42606269999998],[14.924330600000028,44.4206796],[14.92863349999998,44.4151653],[14.931619,44.415195600000025],[14.93195569999997,44.41304740000001],[14.942991799999964,44.407719200000045],[14.954909499999983,44.408470600000044],[14.9578144,44.406841399999976],[14.9593312,44.40119580000004],[14.968913,44.40145679999996],[14.96801680000002,44.40556189999998],[14.963003700000014,44.40889579999996],[14.9543966,44.4131502],[14.9497571,44.411969700000014],[14.953021,44.414701800000024],[14.948739900000033,44.419118399999974],[14.940051200000019,44.420970299999986],[14.937578399999966,44.422314600000014],[14.9389141,44.42404779999998],[14.934349599999978,44.425432],[14.932937700000041,44.42773819999997],[14.923126399999957,44.43065780000004],[14.917327699999964,44.43407850000001],[14.915105,44.43660589999996],[14.91664340000001,44.43710639999998],[14.915528599999964,44.441456400000014],[14.9095317,44.446261200000016],[14.909609499999958,44.448123],[14.898224100000016,44.45537959999997],[14.892395400000028,44.4557912]]],[[[14.541786500000024,44.464426],[14.537756800000027,44.4613387],[14.53446,44.461848],[14.535694099999978,44.45996720000003],[14.532235900000016,44.4585326],[14.533962,44.45660730000003],[14.529123100000033,44.4553252],[14.5327467,44.45392829999997],[14.530560899999982,44.45128740000004],[14.532692499999959,44.45124559999996],[14.533090700000043,44.447766],[14.5361097,44.448173200000035],[14.535603899999975,44.44544379999998],[14.53726219999996,44.44597990000001],[14.541011,44.44319589999997],[14.5452761,44.44381759999998],[14.550351700000034,44.441101],[14.5521408,44.44293480000004],[14.554207600000039,44.44104520000001],[14.5591182,44.44766660000004],[14.566244,44.444164800000024],[14.568223500000025,44.44553120000001],[14.574099600000027,44.444665299999954],[14.579493700000027,44.4408324],[14.5749334,44.44544430000002],[14.574952199999961,44.4488663],[14.568926500000016,44.45504259999998],[14.5648322,44.4559831],[14.56402410000002,44.45465519999998],[14.551611900000031,44.46027730000002],[14.5494378,44.45948989999997],[14.548966700000014,44.461971499999954],[14.541786500000024,44.464426]]],[[[14.85286530000001,44.48767139999999],[14.846469399999988,44.48628590000001],[14.848823399999981,44.48019149999998],[14.864067499999981,44.47091330000004],[14.86424950000003,44.46937409999996],[14.8717515,44.466385400000036],[14.871556799999967,44.47131570000003],[14.8672762,44.47810139999997],[14.85901630000002,44.4852756],[14.85286530000001,44.48767139999999]]],[[[14.548061099999957,44.506976299999984],[14.545193,44.50876750000004],[14.54989520000001,44.50439349999998],[14.551343,44.49915189999998],[14.554126900000023,44.498317],[14.5535866,44.49374020000003],[14.562138599999978,44.49333049999998],[14.562185599999959,44.5022663],[14.5562552,44.5040858],[14.555323299999982,44.50590259999996],[14.5515815,44.504174599999985],[14.5500218,44.506979200000046],[14.548061099999957,44.506976299999984]]],[[[14.293504500000024,44.52054559999996],[14.287800300000034,44.521812299999965],[14.28503,44.5176435],[14.29010409999996,44.51669270000003],[14.287984299999982,44.51383109999996],[14.29021670000004,44.508705],[14.296608299999972,44.50492],[14.300370400000032,44.50012410000004],[14.304088600000012,44.500536100000026],[14.305086100000034,44.4974313],[14.308989499999972,44.49868359999996],[14.315504399999982,44.50604510000003],[14.3181957,44.50420950000003],[14.322150800000037,44.5044882],[14.326916700000018,44.508900699999955],[14.325797200000027,44.51148740000002],[14.32216980000001,44.50861309999996],[14.31641110000004,44.5080972],[14.3141681,44.51076490000001],[14.3113526,44.508737],[14.3096049,44.50913650000002],[14.310665199999976,44.51556130000003],[14.302900300000013,44.51837820000004],[14.29637949999996,44.5183283],[14.293504500000024,44.52054559999996]]],[[[14.439997,44.54755789999996],[14.4400443,44.5456004],[14.444504,44.54176049999999],[14.441922499999963,44.5417628],[14.4412971,44.537574],[14.447521,44.5340834],[14.444774599999958,44.53271659999998],[14.445110799999975,44.53001469999998],[14.4512277,44.52980150000001],[14.45043770000001,44.53132739999997],[14.452901799999966,44.53333059999998],[14.454691499999987,44.530914],[14.4597454,44.53043820000003],[14.45692480000003,44.52898629999998],[14.45738520000002,44.5273399],[14.448889100000043,44.526685500000035],[14.448803200000041,44.52448539999998],[14.451884299999977,44.5232199],[14.458103699999961,44.52436729999998],[14.4570995,44.521466500000045],[14.459953299999965,44.5185967],[14.4662721,44.515734399999964],[14.47137430000001,44.516601],[14.472011499999974,44.5142095],[14.4752633,44.51382640000001],[14.47363940000002,44.512652],[14.475177,44.51123640000004],[14.478013900000034,44.510826599999966],[14.480361799999967,44.51249970000002],[14.4828751,44.51101940000002],[14.481740700000016,44.5095239],[14.484791600000028,44.50559320000003],[14.49042879999998,44.506144299999974],[14.49118759999997,44.50435259999997],[14.4884249,44.5038011],[14.4876723,44.501950100000045],[14.4889166,44.49841989999999],[14.492549,44.497446],[14.495252799999973,44.50170649999996],[14.4959144,44.4970075],[14.493102100000014,44.494087],[14.49711079999996,44.49170690000002],[14.4993247,44.492855],[14.504476500000022,44.492042],[14.503509899999981,44.49072089999997],[14.50024410000004,44.490699599999985],[14.499344599999956,44.488876500000046],[14.505438,44.485878],[14.5062345,44.48840310000004],[14.507800399999974,44.4882919],[14.51079539999998,44.480816900000036],[14.51427840000004,44.47964470000004],[14.518111400000015,44.47480990000004],[14.521833300000035,44.47388770000003],[14.525177299999962,44.476324300000016],[14.530765300000018,44.47661120000004],[14.532950800000014,44.4793191],[14.535669499999985,44.47869130000002],[14.542076300000021,44.489472599999985],[14.540395899999984,44.4921381],[14.53841829999996,44.49148790000002],[14.53550709999996,44.498185599999964],[14.529352600000015,44.497992499999974],[14.528424799999987,44.503300699999976],[14.523342300000012,44.50176989999997],[14.521061699999963,44.50784359999998],[14.52386720000001,44.50812660000003],[14.524693499999989,44.510701],[14.521243700000012,44.51347870000002],[14.517062199999978,44.513264300000046],[14.51794710000001,44.515307],[14.5141276,44.5174588],[14.51358839999997,44.52059670000002],[14.508270699999985,44.523782900000036],[14.5096664,44.52169329999998],[14.506182200000021,44.5194769],[14.506361600000032,44.52154160000004],[14.5038181,44.52328260000003],[14.501535499999955,44.52405269999998],[14.5018087,44.5211653],[14.500540799999987,44.52170250000003],[14.499043,44.52518490000004],[14.49208370000004,44.52576230000003],[14.491408200000015,44.523555],[14.487524500000019,44.52804570000004],[14.484888100000019,44.528225],[14.4823513,44.52622280000003],[14.480295199999963,44.52708490000004],[14.481930800000024,44.52782],[14.481337400000042,44.5298249],[14.4854535,44.530131400000045],[14.486294899999978,44.53218089999998],[14.478335800000023,44.5334984],[14.478371499999957,44.53222340000003],[14.476136,44.53421370000004],[14.479386199999981,44.5371191],[14.4722436,44.5370686],[14.464247199999972,44.54347879999996],[14.4638236,44.5460352],[14.460232,44.544486799999966],[14.464386200000016,44.54028380000002],[14.463597,44.5380992],[14.468058600000026,44.53218690000003],[14.4565885,44.53715],[14.453551499999987,44.54069410000004],[14.439997,44.54755789999996]]],[[[14.298266599999957,44.5912253],[14.29573769999997,44.59249250000004],[14.297600900000033,44.58685939999998],[14.316781599999965,44.573890600000034],[14.319659100000019,44.57339440000001],[14.32149839999997,44.569556800000015],[14.324010800000012,44.5695717],[14.323786099999984,44.573419],[14.320365,44.57442510000003],[14.3181603,44.57877360000003],[14.298266599999957,44.5912253]]],[[[14.279164100000012,44.68418440000002],[14.281685900000033,44.6866036],[14.2793013,44.689528499999966],[14.2707975,44.68397420000004],[14.264965099999975,44.683210399999986],[14.2515064,44.665903],[14.246497599999989,44.661826700000034],[14.242616799999967,44.6620432],[14.2412411,44.6596149],[14.23891449999997,44.6602881],[14.239961199999977,44.643340700000024],[14.247693099999962,44.63567329999996],[14.2431035,44.63241810000001],[14.233955800000023,44.63141389999996],[14.23157839999996,44.62800029999996],[14.236089700000013,44.61860280000001],[14.2469068,44.62070470000002],[14.249095900000034,44.61925690000004],[14.253611900000033,44.61946930000003],[14.257731199999983,44.61633629999997],[14.2654763,44.614027],[14.266553,44.61154889999999],[14.2805917,44.6039146],[14.283096699999968,44.60662330000003],[14.2809544,44.6123615],[14.2599417,44.636039399999966],[14.250828899999982,44.64948779999998],[14.2570885,44.6453874],[14.2593694,44.641582],[14.261368700000036,44.642089200000036],[14.2658,44.639656],[14.267027299999983,44.64176],[14.265005500000031,44.64268820000004],[14.264639300000018,44.648557800000034],[14.257934899999961,44.65298780000003],[14.254533199999967,44.659381400000036],[14.262681400000025,44.654900199999986],[14.265359800000036,44.65546840000001],[14.266156799999989,44.65733860000003],[14.26031579999996,44.66594489999998],[14.261871,44.6651272],[14.263524499999972,44.66643419999996],[14.268493699999988,44.65951379999998],[14.271027600000034,44.660001099999974],[14.274629399999975,44.65606020000004],[14.280321,44.656651],[14.284286,44.6607562],[14.282534299999975,44.6642792],[14.28767619999998,44.66503779999998],[14.288743800000029,44.66830280000003],[14.286358799999958,44.670257600000035],[14.2818046,44.6700941],[14.2831734,44.67057139999997],[14.282501700000031,44.6741678],[14.285279199999982,44.674035299999964],[14.2862863,44.67667680000003],[14.280619900000028,44.68156440000004],[14.27671409999998,44.6800771],[14.279164100000012,44.68418440000002]]],[[[14.743036500000043,44.69674659999998],[14.7350924,44.70339920000002],[14.732212099999979,44.7039056],[14.734878299999957,44.69641430000002],[14.732863399999955,44.69390619999998],[14.736581600000024,44.692370099999984],[14.733535399999957,44.68979750000002],[14.743268399999957,44.682588799999984],[14.744553200000036,44.679046800000016],[14.746712,44.678795],[14.748896,44.672642099999976],[14.751955,44.6718791],[14.7528764,44.666749699999954],[14.756473600000012,44.666244299999974],[14.755048599999968,44.66316239999997],[14.761354900000038,44.6593273],[14.762263800000012,44.657019900000044],[14.767299400000015,44.6562605],[14.76730710000003,44.654336],[14.770540499999955,44.65472780000002],[14.770546600000015,44.6531883],[14.7730648,44.652680299999986],[14.771639,44.64959849999999],[14.774157,44.64909049999997],[14.776298599999963,44.64390479999998],[14.779992100000031,44.644378800000034],[14.7779522,44.6418537],[14.778865399999978,44.639606399999955],[14.782459,44.6396134],[14.782474399999982,44.635508299999984],[14.78633810000001,44.63298349999998],[14.7886405,44.633155299999984],[14.787118600000019,44.630673],[14.788616100000022,44.62906170000003],[14.791348699999988,44.629559],[14.793322300000037,44.6272601],[14.79819829999998,44.6265976],[14.802263199999958,44.619181099999984],[14.8061529,44.62003730000004],[14.805867,44.6176957],[14.8094611,44.61745670000004],[14.808465,44.61391119999996],[14.8145182,44.61322739999996],[14.81267069999999,44.60974859999998],[14.818775900000029,44.60652709999997],[14.817713,44.60437890000004],[14.82139559999998,44.60209220000002],[14.8240527,44.602241799999966],[14.823135,44.60079279999998],[14.826322300000031,44.599876],[14.8261437,44.598599200000024],[14.83418029999997,44.5967783],[14.834611799999967,44.587174300000015],[14.842001399999964,44.5852119],[14.8434553,44.581914],[14.8468239,44.582848],[14.8484006,44.581957699999954],[14.847235300000031,44.5781742],[14.85328679999998,44.57857090000004],[14.859602,44.57568950000002],[14.866494299999959,44.5676201],[14.861433299999986,44.56508119999998],[14.8731309,44.56040040000003],[14.875077799999973,44.5578399],[14.874858,44.559522799999975],[14.881871699999975,44.557201500000026],[14.8798658,44.55572790000004],[14.882096899999956,44.5567804],[14.883441099999976,44.55172839999997],[14.873694099999971,44.55350220000001],[14.870035500000037,44.54834389999998],[14.880515699999956,44.541585],[14.882268899999977,44.53849860000001],[14.8813738,44.5344838],[14.8908064,44.5325632],[14.893134199999961,44.52865559999997],[14.8996955,44.52644920000002],[14.901694099999977,44.52310249999996],[14.9061889,44.52231850000002],[14.908218,44.51797389999999],[14.914870699999975,44.5151326],[14.9156547,44.50899270000002],[14.92061540000003,44.49965729999997],[14.91828529999997,44.4972692],[14.9101424,44.49741340000002],[14.9072322,44.495435],[14.899674400000022,44.49730339999998],[14.9006584,44.49209560000003],[14.907929300000026,44.48308510000003],[14.917500300000034,44.47727220000002],[14.9189759,44.47860010000002],[14.918470800000042,44.4765344],[14.92976980000003,44.468665400000035],[14.9381821,44.46524479999999],[14.941054199999963,44.465096],[14.94306880000003,44.46665140000002],[14.943749400000032,44.46518510000002],[14.948282700000041,44.465699500000035],[14.951341099999963,44.46448760000004],[14.9559832,44.468094599999965],[14.952628900000024,44.47167080000001],[14.9538374,44.47206759999998],[14.95954940000002,44.467782],[14.953936699999963,44.46390140000003],[14.963818500000018,44.464842],[14.963830400000026,44.463656],[14.968725599999958,44.46258750000003],[14.968327599999979,44.45919980000004],[14.9721516,44.4608557],[14.984542199999987,44.45359989999998],[14.986424400000024,44.449622],[14.993538400000043,44.44728],[15.0087433,44.4327527],[15.0172912,44.42924439999998],[15.022444100000024,44.425165199999974],[15.024110599999977,44.42548480000004],[15.023265400000033,44.424413799999975],[15.028789300000026,44.4164276],[15.030659100000014,44.4165951],[15.033339500000013,44.40966679999998],[15.037098,44.40889579999996],[15.0394216,44.405046300000045],[15.039599,44.40196730000002],[15.034587299999961,44.40017289999996],[15.0347638,44.3970937],[15.038519100000029,44.39247419999997],[15.050325,44.3890053],[15.05533690000003,44.3915687],[15.06213219999997,44.388229600000045],[15.0660679,44.38797090000004],[15.067857700000035,44.38861179999996],[15.068220600000041,44.392973299999966],[15.064647199999962,44.397594],[15.071445599999981,44.39897939999997],[15.082240299999986,44.39771770000003],[15.116140300000017,44.3787001],[15.118209,44.37305720000003],[15.11372,44.3694693],[15.102903199999988,44.37106070000004],[15.095553600000015,44.370433],[15.0897191,44.36648330000002],[15.088200700000035,44.36032180000003],[15.098013200000041,44.351678200000016],[15.096141499999986,44.349375],[15.101755499999973,44.3486315],[15.1035249,44.346862199999975],[15.103936400000032,44.34824320000002],[15.10618310000003,44.347588],[15.10688730000003,44.3411657],[15.105177599999967,44.338930499999975],[15.100496499999986,44.33733680000001],[15.0937059,44.341339],[15.093567800000022,44.3374332],[15.101383500000013,44.3258755],[15.11075849999997,44.3186671],[15.122146400000029,44.314773],[15.14899560000003,44.29907539999998],[15.155818799999969,44.297506700000035],[15.157542599999955,44.29436709999997],[15.162295099999982,44.294148],[15.165885200000021,44.29181569999999],[15.1763737,44.28907729999998],[15.181132799999956,44.29159080000003],[15.1793793,44.29418740000002],[15.1751756,44.294681500000046],[15.174882199999965,44.29627220000003],[15.162644700000042,44.30461830000004],[15.158592699999977,44.304746],[15.141789799999964,44.3190751],[15.1314755,44.325580400000014],[15.132287499999956,44.32953149999999],[15.1356683,44.33205279999997],[15.1454667,44.331282700000024],[15.146653200000019,44.3289777],[15.151444200000034,44.328755700000016],[15.153213399999958,44.32611649999996],[15.1720669,44.321038800000025],[15.179593799999983,44.31711330000004],[15.184463,44.3161962],[15.18915990000003,44.31863650000003],[15.196872500000017,44.31406470000004],[15.214968900000029,44.3098618],[15.218277100000014,44.3040274],[15.223191400000017,44.30248630000003],[15.223315100000038,44.30468060000004],[15.2263644,44.30663290000001],[15.21994149999997,44.310946499999964],[15.216236099999984,44.311518300000024],[15.212654500000026,44.31672],[15.207413299999976,44.319900199999964],[15.211660899999972,44.3187392],[15.2139798,44.32130219999997],[15.2237237,44.317241],[15.22978,44.31673220000003],[15.235282700000012,44.3172643],[15.236159399999986,44.318832800000024],[15.229382599999978,44.324472],[15.2266177,44.3238875],[15.22438320000004,44.32898189999999],[15.220953899999982,44.3297861],[15.2168223,44.33466149999999],[15.2122677,44.336051499999975],[15.193602700000012,44.351609600000025],[15.182490600000035,44.355474299999955],[15.181179800000026,44.35706219999998],[15.182595900000043,44.35904689999997],[15.1862731,44.35915009999998],[15.22937560000002,44.335522],[15.2429706,44.331072300000024],[15.256024699999985,44.32163069999997],[15.254655600000037,44.3251605],[15.258885299999973,44.3265474],[15.259443599999981,44.332875],[15.2575611,44.33296219999998],[15.257311100000019,44.33570220000003],[15.250260099999972,44.33818139999999],[15.247001900000038,44.34958070000002],[15.2423555,44.350103700000034],[15.235947899999983,44.35730149999997],[15.228565699999978,44.35894340000002],[15.226668300000016,44.36219529999997],[15.2241637,44.36194380000003],[15.221670799999968,44.364771],[15.218930499999987,44.364607],[15.219171799999968,44.36605869999997],[15.213461199999982,44.3694051],[15.208808200000016,44.368644],[15.210249100000043,44.371463699999985],[15.2023856,44.37327410000003],[15.20417870000004,44.374553800000044],[15.202391799999985,44.375070200000046],[15.202401499999988,44.37789249999997],[15.193455900000034,44.37739490000001],[15.192018400000022,44.37534460000001],[15.186296199999964,44.3758672],[15.182109300000016,44.38113439999998],[15.181610699999974,44.384956],[15.178909699999958,44.385653],[15.177954299999955,44.387769800000015],[15.175936,44.38746449999998],[15.177202199999988,44.3884415],[15.174880199999977,44.3902515],[15.175823300000028,44.39143209999999],[15.1722302,44.3933333],[15.17362920000003,44.393844],[15.1724748,44.39458620000001],[15.176264899999973,44.39457690000004],[15.174911800000016,44.3971817],[15.170624700000038,44.399754],[15.166688,44.399759600000046],[15.162763500000013,44.404127200000026],[15.160257300000039,44.40387419999996],[15.157757399999964,44.4059303],[15.1498831,44.4059409],[15.142378099999968,44.41069690000004],[15.139514199999974,44.41057249999996],[15.14167619999998,44.41647119999997],[15.139527600000017,44.416217400000015],[15.133451800000012,44.42058650000003],[15.133102,44.424179],[15.130242200000014,44.42623490000002],[15.124515500000028,44.42726760000002],[15.126306900000012,44.427778899999964],[15.125597400000016,44.43085859999996],[15.120949899999973,44.43445570000004],[15.1213142,44.43753430000004],[15.117017899999977,44.438052],[15.11559249999999,44.44164560000004],[15.11201109999996,44.441649],[15.112008600000019,44.44036629999997],[15.108791099999989,44.44344829999998],[15.0962598,44.446025400000046],[15.087674899999962,44.453473199999976],[15.0780089,44.45784209999997],[15.07658170000004,44.46220479999999],[15.0679851,44.4637496],[15.0644062,44.467343900000024],[15.061540400000032,44.46785869999999],[15.061543,44.4704244],[15.054735800000033,44.47145420000003],[15.05638,44.47368050000003],[15.0530683,44.477239],[15.0429982,44.47974689999997],[15.044482200000035,44.470729099999986],[15.04698779999996,44.46739249999996],[15.04638550000004,44.46208649999997],[15.053191200000041,44.450751899999965],[15.051611499999987,44.4465379],[15.0526701,44.4436954],[15.0611685,44.43854860000003],[15.0596764,44.43520570000002],[15.061395699999961,44.43397159999996],[15.052998,44.438676300000026],[15.052883499999984,44.441421],[15.052577200000043,44.438715],[15.048118800000013,44.44013859999996],[15.0524553,44.4412479],[15.05299140000003,44.4429376],[15.0444217,44.44177750000003],[15.02674120000003,44.4602148],[15.0217053,44.4625325],[15.017786899999978,44.46791390000003],[15.011213,44.471735600000045],[15.011484200000028,44.47313090000003],[15.006322199999959,44.477152],[14.997627,44.482076399999976],[14.989117900000041,44.49331610000003],[14.984816,44.4948551],[14.981581100000033,44.4982451],[14.9785567,44.49851070000004],[14.976671599999984,44.503126500000036],[14.9711682,44.50754460000002],[14.966937299999964,44.508889700000026],[14.96222049999996,44.51332339999996],[14.947980299999978,44.51864540000004],[14.942300399999956,44.5281792],[14.932615799999963,44.536001800000015],[14.9275432,44.53707840000001],[14.92489610000001,44.53523860000002],[14.916398199999973,44.53733410000003],[14.9146927,44.54195940000001],[14.919338299999966,44.543650499999956],[14.915089699999976,44.5459975],[14.915555100000025,44.5476797],[14.917455300000041,44.549506200000046],[14.922210500000025,44.5495517],[14.92393010000002,44.547988],[14.931322199999956,44.54653370000004],[14.947643199999975,44.53792509999999],[14.9503152,44.5383438],[14.955887399999982,44.534588399999954],[14.955587699999965,44.5328617],[14.965669300000032,44.5236],[14.973749,44.521066800000014],[14.976450399999978,44.52251070000002],[14.980598199999976,44.5223516],[14.985292299999967,44.5192128],[14.989025899999978,44.520611199999976],[14.993999,44.51751089999996],[14.9970996,44.51749179999998],[15.000705600000023,44.512532],[15.004243800000031,44.512329299999955],[15.010509300000011,44.50809049999998],[15.009803399999958,44.50641660000004],[15.003647399999979,44.50522559999999],[15.015156300000013,44.4953415],[15.0208917,44.49464],[15.022194200000042,44.501253799999986],[15.031213399999958,44.4979659],[15.03783029999997,44.49722660000002],[15.044679700000033,44.493948899999985],[15.050059,44.496768899999985],[15.05238490000003,44.492791400000044],[15.0487961,44.48766139999996],[15.053632300000034,44.48406720000003],[15.058291900000013,44.48444930000002],[15.069751499999965,44.476617699999956],[15.080772799999979,44.4763338],[15.072266499999957,44.48200420000004],[15.07226879999997,44.48380029999997],[15.069042600000019,44.483289100000036],[15.070657,44.485084199999974],[15.0665423,44.490731300000036],[15.064391300000016,44.490476],[15.064752699999987,44.49304169999997],[15.0622441,44.4935561],[15.063679700000025,44.49535140000003],[15.060453299999969,44.4950967],[15.0617107,44.498431399999966],[15.0593835,44.5007419],[15.055797300000021,44.49946089999997],[15.055440800000012,44.50151359999999],[15.0507808,44.5022855],[15.055443100000025,44.5040794],[15.052933699999963,44.504337100000015],[15.0536565,44.51049470000004],[15.051147100000021,44.511265599999966],[15.05043230000003,44.51383170000001],[15.043618100000037,44.512551599999966],[15.043439900000037,44.51486079999998],[15.039318199999977,44.51691480000002],[15.0443391,44.517682699999966],[15.040754200000043,44.51935140000001],[15.0375259,44.5181983],[15.0386036,44.5210205],[15.034299799999976,44.520508600000014],[15.031074,44.52384510000003],[15.0289222,44.52435879999999],[15.027844500000013,44.520767],[15.0256932,44.52128050000002],[15.024259799999976,44.52410319999998],[15.010631399999989,44.52564469999998],[15.0099145,44.5276975],[15.003458299999965,44.526671600000036],[15.004340799999975,44.52977],[15.003474399999964,44.527995100000034],[15.000304599999973,44.52787939999996],[14.999038700000037,44.529729199999984],[15.00135869999997,44.5306633],[14.99851370000003,44.53233559999999],[14.996823499999982,44.53080689999998],[14.993590900000035,44.5328135],[14.990076400000033,44.531797400000045],[14.989226599999975,44.53313729999997],[14.991289599999961,44.53343459999997],[14.989140100000013,44.53457540000004],[14.989502100000033,44.53621110000002],[14.9840282,44.53461319999997],[14.984601600000017,44.540988699999986],[14.97213050000004,44.5498502],[14.96470520000002,44.55816789999996],[14.9649025,44.55998419999996],[14.96379490000002,44.55925979999998],[14.9641339,44.56421240000004],[14.960852800000039,44.56446809999997],[14.96331029999998,44.56725059999998],[14.95976410000002,44.5670157],[14.958997099999975,44.568460100000046],[14.963074199999985,44.571976],[14.957659100000024,44.57277889999998],[14.961089299999978,44.57436050000001],[14.95752759999998,44.5780476],[14.953428800000038,44.57874729999998],[14.954389699999963,44.5804778],[14.952256799999967,44.58111959999998],[14.949314200000034,44.57893949999998],[14.949818099999982,44.5807656],[14.946137299999988,44.5792047],[14.945049899999988,44.57997590000003],[14.9420723,44.58400360000004],[14.942891500000014,44.5868038],[14.9358763,44.58804080000003],[14.936641299999968,44.59073380000001],[14.930248400000016,44.597760800000025],[14.925673,44.59438309999997],[14.9223872,44.601176400000014],[14.916999,44.59939250000003],[14.9194352,44.603009499999985],[14.913121800000043,44.60046180000004],[14.911624499999968,44.6013801],[14.915886,44.603963100000016],[14.906990599999984,44.60239949999996],[14.911274799999989,44.605745400000046],[14.916603700000012,44.60556509999996],[14.909373100000026,44.612296700000044],[14.90514350000001,44.611129700000035],[14.9046517,44.60769069999997],[14.897964600000039,44.60971739999997],[14.896968499999955,44.6082976],[14.89069520000004,44.61007929999999],[14.883698699999973,44.610550299999964],[14.8815038,44.60940240000002],[14.882301600000018,44.61070179999998],[14.8772294,44.61078820000002],[14.8715863,44.608171],[14.87025569999996,44.60394239999999],[14.873659300000023,44.60332059999997],[14.87439169999996,44.59652249999997],[14.889232199999961,44.57718419999997],[14.88997240000001,44.5720653],[14.886737499999962,44.570996600000036],[14.883095599999988,44.57269880000001],[14.8789008,44.5753566],[14.87601929999998,44.579971800000045],[14.869549499999971,44.58355680000002],[14.868105899999987,44.5868906],[14.86487149999998,44.58816970000004],[14.852626,44.60329230000002],[14.848315,44.6037998],[14.847952500000043,44.60508219999997],[14.840014699999985,44.60483380000002],[14.845252799999956,44.60713110000003],[14.8421972,44.608409700000045],[14.8414726,44.610718],[14.83824070000002,44.610456800000044],[14.840029599999975,44.6130251],[14.833558200000011,44.61506839999996],[14.82959259999999,44.61993740000003],[14.823481700000011,44.6212111],[14.821308200000031,44.6271088],[14.816566800000034,44.630272],[14.81343560000004,44.6292933],[14.8127815,44.63460810000002],[14.807764600000043,44.6362782],[14.8061774,44.63939949999998],[14.802940300000026,44.64086989999996],[14.803970700000017,44.64344820000004],[14.779127299999976,44.66526409999996],[14.7679251,44.679609799999966],[14.743036500000043,44.69674659999998]]],[[[14.341075600000023,44.711042],[14.340248900000011,44.71254129999998],[14.338703599999961,44.706345900000024],[14.34044709999998,44.703726800000034],[14.339496099999986,44.70127649999998],[14.341398,44.70074140000003],[14.339337600000016,44.6992768],[14.340358099999987,44.694284600000024],[14.338632799999965,44.69450189999998],[14.338188399999966,44.6928265],[14.343894400000016,44.6713016],[14.343617,44.665891],[14.3449246,44.6631573],[14.348292699999957,44.66155080000003],[14.34753990000002,44.65957790000004],[14.352155700000017,44.653120900000026],[14.354853500000035,44.65287950000003],[14.3525494,44.6500441],[14.355082200000039,44.64851910000003],[14.351166399999963,44.64675550000004],[14.351495500000015,44.64519719999998],[14.354027900000025,44.64295420000002],[14.35518180000002,44.645696100000045],[14.35794019999999,44.64396980000003],[14.361596299999983,44.64445050000001],[14.360004,44.64213259999999],[14.362393699999968,44.6372711],[14.367789099999987,44.63678789999999],[14.366728,44.635242600000026],[14.368555100000039,44.63243049999997],[14.372142500000033,44.6329633],[14.376114,44.631189100000014],[14.378672200000024,44.62703190000004],[14.381805500000015,44.6266386],[14.383690600000024,44.61121770000003],[14.393074,44.6033929],[14.392672200000026,44.598209],[14.385281699999956,44.5983101],[14.384819299999977,44.589415],[14.381224900000026,44.5898663],[14.38228110000002,44.59235759999998],[14.3802832,44.594259699999974],[14.372609500000037,44.58960519999997],[14.371482400000039,44.58395510000002],[14.376449399999961,44.575741],[14.372843400000027,44.5743131],[14.369736,44.5704432],[14.36869,44.56218790000004],[14.372350899999956,44.563141499999986],[14.3740057,44.56089659999996],[14.380904900000017,44.560001],[14.386045900000036,44.56094050000004],[14.3868367,44.55569],[14.390567100000021,44.556405599999984],[14.3910648,44.5540033],[14.393397800000022,44.553909500000046],[14.396590599999962,44.556525],[14.394226899999966,44.559974],[14.398758899999956,44.5614906],[14.403157800000036,44.558274],[14.4081446,44.559855300000045],[14.407363600000037,44.56456479999998],[14.404436300000038,44.5666347],[14.4063863,44.569138899999984],[14.405586900000026,44.57075329999998],[14.403927599999959,44.570519],[14.405598700000025,44.572435],[14.403262299999978,44.5739684],[14.406051600000017,44.5750399],[14.407121900000023,44.573742],[14.408640700000012,44.575113100000024],[14.4129097,44.57391989999997],[14.41238129999998,44.568955900000034],[14.4190111,44.56406],[14.424418899999973,44.56095330000003],[14.426901599999956,44.56141690000002],[14.42698420000004,44.56441940000003],[14.42358110000002,44.56933939999997],[14.4292981,44.5661516],[14.431898300000027,44.56629089999998],[14.4421837,44.553655199999966],[14.44748509999996,44.552991],[14.455063699999963,44.5454007],[14.459929899999983,44.54488],[14.455574300000022,44.553451],[14.447654500000032,44.55690630000002],[14.443798600000028,44.55664750000002],[14.44539270000003,44.562785099999985],[14.441711299999985,44.5633327],[14.439134799999968,44.56759829999997],[14.432543,44.56835570000002],[14.433776900000032,44.5739181],[14.4276749,44.57537610000002],[14.422754,44.58561560000001],[14.415926,44.5883334],[14.413221699999971,44.598359199999976],[14.4093705,44.60256709999997],[14.40660350000003,44.603254],[14.408520099999981,44.606264199999984],[14.404617899999964,44.607780799999965],[14.40651440000003,44.61194740000001],[14.400411700000019,44.61327990000004],[14.403534400000021,44.614622],[14.403831,44.61675860000001],[14.399098199999964,44.61876930000002],[14.396554700000012,44.61820370000003],[14.395560800000021,44.6196095],[14.392685100000028,44.629801],[14.393814699999966,44.635668099999975],[14.399375299999976,44.63533319999998],[14.400600600000017,44.64075739999998],[14.3983677,44.6410571],[14.40062640000002,44.64522880000002],[14.396385400000037,44.645698],[14.397516,44.649747499999975],[14.400711499999955,44.648778800000024],[14.39936320000004,44.65424619999996],[14.401467299999963,44.65513260000003],[14.39980080000001,44.65691709999997],[14.397851099999984,44.656699299999985],[14.40010289999996,44.65752479999998],[14.3984566,44.657963500000044],[14.399176499999959,44.66047320000004],[14.3976719,44.65954980000002],[14.39951369999997,44.66395090000002],[14.396124400000025,44.67335640000001],[14.396092100000017,44.67570310000002],[14.3981733,44.67589029999997],[14.399051199999983,44.67788159999997],[14.39917390000001,44.68410019999998],[14.394337499999969,44.68556009999998],[14.391567099999984,44.690058899999975],[14.392225099999981,44.69278869999998],[14.3878864,44.6952021],[14.38532530000001,44.692984899999956],[14.383425699999956,44.69437070000004],[14.384967199999958,44.69711139999997],[14.381613500000027,44.697639100000025],[14.38037,44.70099160000003],[14.3720091,44.69888110000002],[14.369759599999957,44.69531349999998],[14.368890199999965,44.7009364],[14.3671741,44.69749459999997],[14.363483900000022,44.698225599999965],[14.361378399999984,44.6970462],[14.3608774,44.6989581],[14.353922900000041,44.70138010000002],[14.353548499999972,44.7026723],[14.355340700000022,44.70300630000002],[14.353019900000023,44.704696100000035],[14.3538784,44.70600470000004],[14.348237700000025,44.707122100000035],[14.350509599999976,44.708899899999956],[14.349655,44.710975],[14.34733759999998,44.7114618],[14.345889200000043,44.70986709999996],[14.341075600000023,44.711042]]],[[[14.7890763,44.733312300000044],[14.768879199999988,44.74302319999999],[14.7707601,44.74034640000002],[14.802470200000032,44.7196639],[14.811259899999966,44.708549800000036],[14.819648799999955,44.7020195],[14.82801879999998,44.690392699999975],[14.838309,44.6859887],[14.841329100000026,44.68541279999996],[14.843731500000027,44.68672809999999],[14.842835699999982,44.69119129999997],[14.83536410000004,44.69566869999997],[14.824922,44.709008200000035],[14.806436400000015,44.72203570000004],[14.79671110000003,44.726849100000045],[14.7890763,44.733312300000044]]],[[[14.32047160000001,44.78340470000002],[14.321371200000014,44.78889359999996],[14.316943799999974,44.79192419999998],[14.316115099999974,44.78846109999997],[14.308624200000034,44.7814294],[14.306770799999983,44.781651299999986],[14.305366699999981,44.778564],[14.308248400000027,44.7785813],[14.30947049999998,44.77564969999999],[14.3022271,44.770078],[14.30102779999998,44.76493949999996],[14.30368779999998,44.7590842],[14.306338900000041,44.75753150000004],[14.309812,44.75876519999998],[14.313113300000028,44.763216799999974],[14.3137334,44.771687200000045],[14.32047160000001,44.78340470000002]]],[[[14.800956500000021,44.851469100000024],[14.801076900000036,44.84621130000002],[14.802810699999961,44.845643400000014],[14.800682199999974,44.84512749999996],[14.804629900000025,44.83893770000003],[14.813758899999966,44.8349861],[14.8173264,44.838357],[14.816761599999987,44.834605400000044],[14.822895900000036,44.8270039],[14.8260299,44.82797570000004],[14.82386549999997,44.8296584],[14.8255416,44.830540300000045],[14.82434759999998,44.832767699999955],[14.8295004,44.83199880000002],[14.828010199999978,44.83786320000003],[14.832552899999966,44.837013399999975],[14.834011500000036,44.83813839999998],[14.836381799999957,44.83599550000004],[14.838763799999958,44.83687430000001],[14.838462,44.84010240000003],[14.840563800000032,44.841788],[14.83909,44.84689080000002],[14.82680019999996,44.850012],[14.812444600000022,44.848261899999954],[14.800956500000021,44.851469100000024]]],[[[14.725574400000022,44.85210680000003],[14.721349699999967,44.85179789999996],[14.7196604,44.84998570000003],[14.71936729999999,44.8477804],[14.722973500000029,44.84704919999998],[14.720932800000023,44.8459995],[14.722563300000017,44.845266],[14.722430899999987,44.8416423],[14.718044200000028,44.842288],[14.721779900000035,44.83874460000004],[14.7208306,44.83748320000003],[14.72565629999996,44.8348667],[14.724340199999956,44.83494159999997],[14.72582020000002,44.8331707],[14.722570800000016,44.831890899999976],[14.7157081,44.83672090000002],[14.712767200000036,44.83611790000004],[14.714663099999962,44.83774940000003],[14.711117200000027,44.83858110000001],[14.7113896,44.83983449999998],[14.706694,44.84136189999997],[14.705588,44.84047969999998],[14.70384890000003,44.84240480000002],[14.700224700000012,44.841238],[14.701445400000027,44.84349450000003],[14.696953599999988,44.8421061],[14.6940619,44.8433813],[14.6922671,44.841837],[14.69297470000002,44.84440460000001],[14.6902146,44.843971399999965],[14.691166,44.84542589999996],[14.689000199999972,44.84580450000002],[14.684330799999982,44.842328600000016],[14.6825094,44.845658800000045],[14.6783101,44.84468859999998],[14.679752299999963,44.84081090000003],[14.68217849999998,44.84027],[14.681833400000025,44.837446900000046],[14.684722200000037,44.8366852],[14.695243900000014,44.82439870000002],[14.700665299999963,44.82171869999996],[14.704995699999971,44.8208325],[14.704265599999959,44.82262650000002],[14.7096806,44.82110110000002],[14.7159763,44.81084320000002],[14.724390500000032,44.8047522],[14.723027699999983,44.80344639999996],[14.724402799999984,44.8045709],[14.728041,44.8012312],[14.725587,44.7997017],[14.726697,44.798250500000016],[14.724080100000018,44.7983544],[14.7179742,44.80013580000004],[14.715505699999957,44.802824800000046],[14.713412,44.80144449999997],[14.712103900000043,44.8030904],[14.7097021,44.80274720000002],[14.707975300000035,44.80431780000003],[14.710118700000011,44.8055679],[14.70916269999996,44.8072404],[14.706352699999984,44.80511420000002],[14.702870199999966,44.806913600000044],[14.702869800000022,44.80860510000002],[14.69902670000001,44.8090514],[14.69753150000002,44.8052686],[14.700320500000034,44.8017509],[14.698347400000026,44.800396899999974],[14.700660099999977,44.8001547],[14.703822599999986,44.794614],[14.699061400000039,44.79505510000004],[14.7086404,44.7901059],[14.708621,44.78653969999998],[14.70567280000004,44.78478129999997],[14.6936207,44.790528],[14.693252199999977,44.79206650000003],[14.690011,44.7918011],[14.689994399999987,44.79487980000001],[14.684944499999956,44.795892200000026],[14.68313159999997,44.79793989999999],[14.6795359,44.7966164],[14.6766011,44.797895],[14.675936399999982,44.79586709999999],[14.67471110000003,44.7981376],[14.673768700000037,44.7968871],[14.667981400000011,44.80071889999997],[14.664019,44.800450699999985],[14.6546501,44.79130469999997],[14.663689299999975,44.78146749999996],[14.665308800000036,44.783382],[14.666717599999982,44.781597599999984],[14.6692984,44.782034299999964],[14.6669185,44.77906040000002],[14.669665199999974,44.77530440000002],[14.671382,44.77583529999998],[14.670347500000029,44.772982800000044],[14.674303599999975,44.77041309999996],[14.678267699999962,44.7729146],[14.679485,44.77046430000003],[14.67795959999996,44.76738],[14.681500700000031,44.766890900000035],[14.6818706,44.765096],[14.68617829999999,44.76767359999996],[14.68583,44.76549139999997],[14.690146699999977,44.766401599999966],[14.68620609999998,44.76254220000003],[14.6923282,44.7625591],[14.694152899999983,44.75794580000004],[14.6966736,44.75795239999996],[14.699175599999984,44.76155089999998],[14.702414,44.76207259999998],[14.700287699999985,44.75539630000003],[14.706405099999968,44.7561818],[14.707815599999966,44.76208659999999],[14.712490699999984,44.7633812],[14.710517100000024,44.76183690000002],[14.711062,44.75710820000001],[14.715225599999963,44.76148759999999],[14.717640799999957,44.761760099999975],[14.714753199999956,44.756441800000026],[14.720333199999972,44.759623500000025],[14.72326679999996,44.75496060000004],[14.728699699999973,44.76133729999999],[14.7298089,44.7564963],[14.733675900000035,44.760227099999966],[14.738959899999985,44.75932759999997],[14.749015400000024,44.75292],[14.75494889999998,44.75127870000004],[14.749204799999974,44.75748569999998],[14.746602500000042,44.75666639999996],[14.7452152,44.75944190000001],[14.743068700000043,44.75836130000004],[14.743746,44.76032819999998],[14.733713500000038,44.76737529999997],[14.7351944,44.769234599999976],[14.739020600000034,44.767750800000044],[14.741104200000036,44.76841539999997],[14.7470089,44.7639845],[14.752403499999959,44.763499800000034],[14.7529311,44.760836],[14.762303800000035,44.753562800000026],[14.759461799999988,44.759119399999975],[14.761132099999989,44.76010750000002],[14.76300350000002,44.7556622],[14.766308,44.75660050000001],[14.766597400000018,44.753840299999986],[14.769399,44.75405980000003],[14.770750099999978,44.75184330000004],[14.77379109999997,44.751759400000026],[14.774360199999984,44.7489959],[14.778068899999978,44.7472601],[14.78174170000002,44.749307],[14.783868300000028,44.748624],[14.794374399999958,44.74053340000004],[14.7980365,44.73509569999999],[14.8083932,44.7325175],[14.808586500000013,44.72831769999997],[14.8156957,44.72360180000004],[14.838232200000027,44.701297],[14.845005,44.699413800000045],[14.850372,44.70040479999997],[14.85224950000004,44.69882239999996],[14.851654099999982,44.70085469999999],[14.855149099999968,44.70023739999998],[14.860564699999971,44.704015799999965],[14.862501,44.704252199999985],[14.863654299999988,44.7023952],[14.863544300000035,44.70528340000004],[14.860776800000023,44.70421349999998],[14.859257900000026,44.705269599999966],[14.8610331,44.705912],[14.860441099999958,44.7077957],[14.86445069999998,44.705980099999955],[14.864560900000038,44.70738840000004],[14.868239300000011,44.7040377],[14.869429099999957,44.70470010000001],[14.8665162,44.70901970000001],[14.867938900000025,44.711123099999966],[14.865183200000013,44.7230839],[14.86518589999997,44.71964959999997],[14.8616266,44.7157844],[14.8605027,44.72185080000002],[14.858796799999977,44.722136699999965],[14.859967300000013,44.72333259999997],[14.856061,44.7282463],[14.853661499999985,44.728003399999984],[14.854795,44.731083700000035],[14.846892900000034,44.73490510000003],[14.8429154,44.74157040000004],[14.834979500000015,44.74720380000004],[14.827387,44.75796820000002],[14.823787700000016,44.757449600000015],[14.810541400000025,44.76759329999998],[14.807601699999976,44.76800849999996],[14.80600849999996,44.77085339999998],[14.7962201,44.77698159999997],[14.797335299999984,44.777552],[14.794985199999958,44.779839800000026],[14.792923299999975,44.77969109999998],[14.791734,44.782132800000035],[14.779018500000033,44.78841609999998],[14.7631138,44.80121240000004],[14.761313199999963,44.8009521],[14.75479849999997,44.80760890000002],[14.746851799999975,44.81169660000002],[14.745399900000015,44.81400260000004],[14.742875599999964,44.8142534],[14.73722550000001,44.82005509999998],[14.7433334,44.82448729999997],[14.746076799999978,44.824417399999966],[14.746524,44.82295090000004],[14.748168300000012,44.82365529999997],[14.747552,44.82257170000002],[14.750299599999964,44.8245326],[14.7524715,44.82328],[14.755523099999971,44.82690489999999],[14.7574944,44.82611689999998],[14.754566599999967,44.83045010000004],[14.755613199999965,44.83579389999997],[14.7569222,44.837745599999984],[14.76284939999997,44.838386399999976],[14.763314700000011,44.8402105],[14.760431500000019,44.83981920000004],[14.760058599999985,44.84276929999998],[14.75536160000002,44.8399346],[14.750884899999987,44.84059449999998],[14.753227600000022,44.843991699999954],[14.745997199999964,44.846521500000016],[14.753448600000011,44.8503933],[14.74242650000002,44.84876669999998],[14.741295,44.845294],[14.738559499999985,44.8449337],[14.738038899999987,44.847595599999984],[14.7338729,44.845447],[14.73180419999998,44.8466125],[14.735607900000018,44.850638500000045],[14.7305356,44.848327400000045],[14.72878840000003,44.85028180000002],[14.725320100000031,44.8497255],[14.725574400000022,44.85210680000003]]],[[[14.750146700000014,44.88328469999998],[14.746531300000013,44.884816],[14.745652200000018,44.87942630000004],[14.7478397,44.87439619999996],[14.745021,44.873259400000045],[14.743374300000015,44.87493810000003],[14.735027799999981,44.8750407],[14.73503719999996,44.87298819999999],[14.738651100000014,44.871713699999965],[14.738118700000017,44.869660099999955],[14.744815299999962,44.86480050000004],[14.745920199999988,44.85967179999997],[14.759643500000012,44.855853],[14.7675815,44.855227599999964],[14.76901959999997,44.85638550000002],[14.775519900000015,44.85447370000002],[14.780202,44.8562789],[14.7820011,44.8574372],[14.7801742,44.8635913],[14.77837440000003,44.86256159999998],[14.7724228,44.87115110000004],[14.762983300000036,44.87752070000002],[14.750146700000014,44.88328469999998]]],[[[13.745948899999986,44.927459],[13.733877899999984,44.925477],[13.73640989999996,44.92442090000002],[13.736002800000028,44.922658699999964],[13.739141400000014,44.92140990000002],[13.741665799999984,44.92281710000002],[13.744313799999967,44.92014059999998],[13.7492134,44.92210149999996],[13.749521299999982,44.9184307],[13.754907300000022,44.91703909999996],[13.754826299999982,44.9091496],[13.745651299999965,44.906323],[13.7466662,44.902184699999964],[13.749442500000034,44.90164269999997],[13.748727500000028,44.89979309999997],[13.753446799999972,44.89856189999997],[13.75400389999997,44.896676600000035],[13.75289179999997,44.89480279999998],[13.74728849999998,44.895025],[13.7462979,44.891491700000024],[13.7482344,44.89054840000004],[13.751843700000025,44.891450900000024],[13.7505875,44.88862389999997],[13.753011,44.88778610000002],[13.754486400000014,44.888414400000045],[13.7545795,44.89346370000003],[13.75945689999996,44.892785],[13.75794180000001,44.90603060000003],[13.7619049,44.90549590000002],[13.761834200000015,44.907835],[13.765290099999964,44.90682419999997],[13.763780400000018,44.901652900000016],[13.7658091,44.90105969999996],[13.770345099999973,44.90229649999998],[13.768297899999963,44.904226100000024],[13.77258629999996,44.9045071],[13.772938,44.9074698],[13.778180199999971,44.90393439999996],[13.782745200000027,44.907470499999974],[13.780679099999963,44.910142499999985],[13.773435699999984,44.910183],[13.780079299999985,44.91375149999999],[13.777255099999989,44.9164181],[13.7771789,44.919054],[13.7680332,44.9165641],[13.76833080000002,44.91868020000003],[13.770321,44.9185294],[13.764581400000035,44.92291739999997],[13.758408299999973,44.92012849999996],[13.755594,44.92085629999996],[13.755445300000039,44.9222844],[13.761415899999955,44.92234089999996],[13.75997239999998,44.92410440000003],[13.745948899999986,44.927459]]],[[[14.7686903,44.93379679999996],[14.7669096,44.93232280000004],[14.768719700000025,44.9313003],[14.76896140000004,44.92696119999997],[14.7666348,44.922321500000045],[14.7686003,44.9216137],[14.76655279999997,44.9199219],[14.770224700000027,44.91616639999996],[14.770606099999965,44.9110359],[14.7800079,44.907206],[14.781164599999967,44.9045982],[14.791109,44.90427110000002],[14.801998299999978,44.89785620000002],[14.8385453,44.88396819999996],[14.835603200000017,44.886501],[14.83413070000004,44.8954374],[14.825963900000042,44.90159129999998],[14.83007339999998,44.90484340000003],[14.82755150000004,44.907044499999984],[14.823279900000012,44.9072099],[14.824071699999978,44.90850810000003],[14.819229800000015,44.91131139999998],[14.818820900000022,44.91485039999996],[14.815186699999975,44.91404019999999],[14.81433539999997,44.91751149999997],[14.800747300000031,44.92178519999999],[14.7939155,44.92742450000003],[14.790760299999976,44.92839290000004],[14.787361599999963,44.927009599999984],[14.787318,44.92985030000001],[14.7840172,44.92971840000002],[14.7831928,44.9317587],[14.7791876,44.930870100000014],[14.774851599999964,44.933365],[14.7686903,44.93379679999996]]],[[[13.7351533,44.94114359999997],[13.733151899999955,44.94005380000004],[13.734421899999964,44.936800499999976],[13.72914809999997,44.9359098],[13.73168660000004,44.93350079999998],[13.73016420000002,44.93077370000003],[13.735424,44.930798],[13.733666299999973,44.9339313],[13.7375064,44.933886899999955],[13.73941029999997,44.93695140000003],[13.743131400000012,44.9358455],[13.74015590000002,44.9302259],[13.74575180000002,44.92859939999998],[13.749259299999975,44.9294788],[13.749856099999972,44.931153500000015],[13.746323900000016,44.93351149999998],[13.746452099999965,44.93744889999998],[13.742047,44.940014],[13.737914099999985,44.9386901],[13.7351533,44.94114359999997]]],[[[14.524137800000018,44.98540869999999],[14.520974899999976,44.987892299999956],[14.51460330000001,44.981422799999976],[14.503310299999987,44.97917150000004],[14.496575299999973,44.9819254],[14.487576300000041,44.983140800000015],[14.485117199999967,44.981931300000035],[14.4933789,44.975196899999986],[14.4965896,44.97502240000002],[14.49756880000002,44.972996199999976],[14.513567600000025,44.96822310000002],[14.51927769999997,44.96419279999997],[14.5185298,44.96225820000004],[14.521446700000022,44.96027860000003],[14.526560800000036,44.96136720000004],[14.525824200000018,44.958621],[14.529595400000032,44.95838339999998],[14.530317099999971,44.95671140000002],[14.533838,44.957475299999984],[14.533854199999977,44.9548015],[14.541084899999971,44.9529594],[14.544422,44.95475690000004],[14.552158200000024,44.955574900000045],[14.554855900000033,44.9577224],[14.543532399999973,44.9719681],[14.531416499999986,44.978586300000025],[14.530504899999967,44.9812439],[14.53277470000001,44.98106319999997],[14.5327638,44.98224030000002],[14.529578300000038,44.98180670000003],[14.524137800000018,44.98540869999999]]],[[[14.3263185,45.17481169999998],[14.319473500000027,45.1744297],[14.314071700000012,45.1711901],[14.310437399999957,45.17181],[14.3097895,45.16698030000002],[14.301833699999959,45.1635482],[14.3002422,45.1602033],[14.30305710000002,45.1569562],[14.300593,45.15409839999998],[14.3001649,45.147794099999984],[14.297124400000042,45.1458921],[14.291915800000025,45.13629580000003],[14.28837430000001,45.13568969999997],[14.284955700000038,45.132625],[14.284530799999965,45.131339700000034],[14.286313,45.1311739],[14.284874399999973,45.1277829],[14.281865499999972,45.128143499999986],[14.2728285,45.12026690000002],[14.273576,45.11847579999997],[14.27794319999998,45.116964199999956],[14.27797229999999,45.114655499999984],[14.2801622,45.11338659999998],[14.276656099999977,45.10412860000002],[14.2801108,45.10312429999997],[14.283053600000043,45.099551],[14.290663100000026,45.099342],[14.292149900000032,45.09627259999998],[14.296160699999975,45.0941163],[14.29733379999996,45.087068899999984],[14.299147500000013,45.086823400000014],[14.3006555,45.08195819999999],[14.303580299999966,45.079667100000044],[14.303432900000027,45.076844099999974],[14.305793300000017,45.0763453],[14.305137500000024,45.07069720000003],[14.30733910000002,45.0682729],[14.3109638,45.067910400000024],[14.311902,45.065094],[14.326619,45.06043510000004],[14.340754700000028,45.05885030000001],[14.349324,45.0532554],[14.355006399999985,45.046873800000014],[14.361179599999966,45.02869329999997],[14.359839400000011,45.02076120000003],[14.355274200000027,45.019071500000024],[14.351963500000013,45.014388499999974],[14.351252900000015,45.002966800000046],[14.363564899999973,44.9930454],[14.3727862,44.992839899999964],[14.379149900000025,44.9895394],[14.381926800000015,44.9833971],[14.381804600000029,44.978008900000034],[14.3865554,44.97315990000002],[14.3895438,44.97399779999998],[14.393282,44.9671311],[14.39098,44.9598467],[14.398043099999972,44.959159100000036],[14.404130799999985,44.956302700000045],[14.4085278,44.958638300000025],[14.4076454,44.9601268],[14.4092137,44.9587302],[14.408750400000029,44.95715390000004],[14.4096078,44.9580454],[14.413479499999985,44.9554197],[14.417219,44.9464511],[14.4139424,44.94388209999998],[14.409556899999968,44.95016489999997],[14.4030522,44.95198950000004],[14.400359200000027,44.9542616],[14.391851100000034,44.9554756],[14.3918873,44.9523432],[14.389964,44.95128659999997],[14.391160800000028,44.948227],[14.384562100000013,44.945435099999955],[14.38475660000003,44.9415799],[14.387823899999978,44.93903810000002],[14.39242449999996,44.9389402],[14.39059810000001,44.93582330000004],[14.39355,44.93448150000004],[14.3949025,44.92815609999999],[14.401252,44.92061340000002],[14.402252700000021,44.912064700000045],[14.4011028,44.91062940000004],[14.398645,44.91074139999998],[14.398739200000014,44.90616859999999],[14.390754,44.90200669999998],[14.388084,44.90332220000002],[14.384538,44.90192169999996],[14.370029399999988,44.9085304],[14.363050400000036,44.903235899999984],[14.360743799999968,44.90710549999997],[14.355786599999968,44.9082104],[14.354666800000041,44.913952899999956],[14.345848,44.913854100000044],[14.340491500000011,44.921781899999985],[14.341126499999971,44.92482020000002],[14.337196499999964,44.92666430000001],[14.33678,44.930022100000016],[14.334439,44.93098449999997],[14.3345907,44.93378920000004],[14.331099,44.934391],[14.3321098,44.93571890000001],[14.32978139999999,44.93906349999999],[14.3252816,44.939729600000035],[14.3217381,44.947639099999975],[14.3146953,44.95111939999999],[14.315531600000012,44.94782589999998],[14.313491599999976,44.947345],[14.312815,44.94349229999997],[14.308709199999962,44.9439565],[14.309676399999963,44.94125649999999],[14.3059766,44.94139860000002],[14.3019105,44.93522620000002],[14.304524,44.927022499999985],[14.3034423,44.92205979999997],[14.304949500000012,44.918047],[14.30304840000001,44.915357800000024],[14.3046391,44.9119848],[14.301905300000021,44.911118],[14.2978464,44.912998500000036],[14.301296,44.91032640000002],[14.300978499999987,44.906732700000035],[14.298747300000029,44.9059906],[14.301353500000017,44.90558],[14.306912100000039,44.909131],[14.3098968,44.90868889999997],[14.31334090000003,44.898465100000045],[14.316251399999972,44.89667369999997],[14.31643470000004,44.891879799999984],[14.318068699999968,44.891445700000034],[14.31676149999999,44.88836849999998],[14.321873700000024,44.885466],[14.320511,44.882727299999964],[14.322149500000018,44.87947479999997],[14.319037899999957,44.876999],[14.319035400000017,44.87339489999998],[14.324104699999966,44.87240289999997],[14.323615199999965,44.869667699999965],[14.3280866,44.8666151],[14.327973299999956,44.86241080000002],[14.333701599999985,44.853282200000024],[14.330503300000034,44.84993439999996],[14.3293811,44.84505989999997],[14.332318600000042,44.8305365],[14.330506899999977,44.82604680000004],[14.338473700000035,44.824111100000025],[14.33668730000002,44.820533],[14.3421863,44.81637890000001],[14.338197,44.816232],[14.336901199999955,44.814231699999986],[14.346905099999988,44.81035490000003],[14.348745300000013,44.81883710000001],[14.356836100000029,44.81720670000003],[14.3601957,44.81486130000003],[14.36368890000002,44.80538040000002],[14.366075400000037,44.805316300000044],[14.369033900000042,44.80216340000003],[14.366280599999962,44.791915200000034],[14.367637100000023,44.790767],[14.3638562,44.78721120000002],[14.366311899999976,44.785873],[14.36604249999998,44.780456200000046],[14.3705653,44.77868529999998],[14.371307899999989,44.77663689999996],[14.368091499999961,44.77430989999998],[14.368136300000026,44.7702052],[14.372341100000034,44.76432730000002],[14.37131089999997,44.7597036],[14.372948600000027,44.758173100000015],[14.371167600000016,44.7563674],[14.3737103,44.7543289],[14.37320280000001,44.751247200000016],[14.38227739999998,44.7443695],[14.38479740000003,44.74438309999998],[14.3833082,44.74899320000004],[14.385401700000026,44.75082489999998],[14.3869288,44.74731029999997],[14.39118359999996,44.748300600000015],[14.398190199999975,44.743749300000026],[14.396931800000038,44.739511],[14.398688399999985,44.736339],[14.390461299999972,44.73645989999997],[14.393571099999972,44.73160159999998],[14.390233400000033,44.7238868],[14.395282099999966,44.7228874],[14.39348829999996,44.7223648],[14.395298199999965,44.7213482],[14.3960553,44.71776019999996],[14.394618799999973,44.717496],[14.3996987,44.713417700000015],[14.398328599999969,44.70673980000002],[14.393313299999958,44.70466080000004],[14.392898700000027,44.69856059999997],[14.395561199999966,44.69825620000001],[14.395071200000013,44.69663919999998],[14.391902400000015,44.69581530000002],[14.391344,44.693362],[14.3927847,44.69262019999998],[14.397023,44.6942595],[14.398005200000034,44.69286240000004],[14.395046800000037,44.69318320000002],[14.39586350000002,44.689689399999956],[14.398331300000015,44.69218260000001],[14.400291400000013,44.69119110000004],[14.400123599999985,44.68805450000004],[14.404976599999978,44.68596870000004],[14.4034686,44.682955699999965],[14.407777099999967,44.676112200000034],[14.412777800000013,44.6775588],[14.417089499999983,44.6749901],[14.4105299,44.67215090000001],[14.410618399999956,44.668385899999976],[14.417392600000015,44.670280499999976],[14.417718299999963,44.67221159999997],[14.419855599999968,44.67267639999997],[14.419714500000017,44.6699598],[14.429176,44.663590599999964],[14.432377299999958,44.658334199999985],[14.436856700000037,44.656455],[14.440399,44.65011540000004],[14.441773399999972,44.650353799999955],[14.440233899999958,44.648186400000036],[14.44148449999996,44.64677140000002],[14.445295299999964,44.64654439999998],[14.442588800000026,44.64368479999999],[14.443724799999961,44.640237699999965],[14.4540262,44.633923400000036],[14.457572200000039,44.635275800000024],[14.455521700000022,44.632358699999976],[14.451612799999983,44.631223899999966],[14.45628610000003,44.625889],[14.462408100000038,44.62179269999998],[14.45986009999998,44.62821079999997],[14.462060599999974,44.626748699999965],[14.466067300000022,44.629763199999985],[14.465606199999973,44.624216200000035],[14.467682199999969,44.622472299999984],[14.471433600000031,44.62428480000003],[14.469165400000032,44.6213313],[14.473644,44.615557600000024],[14.476667199999985,44.61675360000004],[14.477924800000034,44.612347],[14.48193850000004,44.61003739999998],[14.483877499999979,44.6107697],[14.484286900000013,44.607782],[14.486174100000019,44.60840620000002],[14.489768100000026,44.60545220000003],[14.49420270000004,44.60428569999997],[14.495202,44.60530720000003],[14.49446,44.60366729999996],[14.49833989999996,44.60243660000001],[14.49919210000004,44.60747650000001],[14.508380700000027,44.60851910000004],[14.501954900000017,44.61592150000003],[14.49700559999996,44.61898679999999],[14.49455179999997,44.6243778],[14.501672700000027,44.6174617],[14.503742200000017,44.61639659999999],[14.5047081,44.6182023],[14.5051685,44.615546],[14.5088603,44.61574489999998],[14.510293,44.61247169999996],[14.5168284,44.60880040000004],[14.516650799999956,44.611644099999964],[14.5196537,44.610291799999985],[14.522233500000018,44.612641],[14.51671490000002,44.62416489999997],[14.520287,44.62394689999996],[14.521387199999984,44.619631],[14.5245894,44.61747710000004],[14.525486300000038,44.621389500000014],[14.5277808,44.616966399999974],[14.529968299999977,44.62311690000003],[14.53233289999996,44.62442550000004],[14.527402300000029,44.628572],[14.528102699999982,44.629649399999984],[14.530374899999957,44.62862419999998],[14.53091370000004,44.629721900000035],[14.531870399999972,44.628074300000044],[14.532816700000021,44.62938629999998],[14.5339286,44.627948300000014],[14.534971399999955,44.629497],[14.536242399999958,44.628279699999986],[14.537432099999984,44.62898870000003],[14.538049299999981,44.62701],[14.5451494,44.63084050000004],[14.54035220000001,44.635993499999984],[14.537346199999982,44.6336],[14.536645,44.637975700000034],[14.535368799999974,44.63679219999999],[14.533371199999982,44.63880880000004],[14.536119299999987,44.639391699999955],[14.535483300000033,44.6418128],[14.532124699999963,44.63982840000003],[14.530205499999974,44.643549200000045],[14.526879400000018,44.64163730000004],[14.533611300000041,44.63535449999996],[14.533034199999987,44.63341650000002],[14.52629079999999,44.63747660000004],[14.525217700000018,44.63449369999997],[14.52411669999996,44.6376168],[14.522229200000018,44.63208430000001],[14.51854679999998,44.630840300000024],[14.520345699999963,44.6337513],[14.517901599999975,44.6352831],[14.5206048,44.6352712],[14.5205747,44.64104690000004],[14.5171773,44.638918200000035],[14.51647540000001,44.64463259999998],[14.513725300000017,44.6394523],[14.51330059999996,44.641311],[14.511421,44.6407372],[14.513385699999985,44.64203860000003],[14.511483299999965,44.6456676],[14.5033566,44.63858320000003],[14.502133400000043,44.642638],[14.50454530000003,44.6412998],[14.50915040000003,44.648472],[14.5044634,44.64983090000003],[14.505009399999972,44.6532354],[14.508230400000025,44.65114130000001],[14.509481599999988,44.65410769999996],[14.5113989,44.6515921],[14.513858899999969,44.65349010000002],[14.51329810000002,44.655864],[14.509864300000034,44.6574723],[14.512466100000013,44.658418],[14.511241699999958,44.659441600000044],[14.513459300000035,44.6634149],[14.510247899999976,44.6617147],[14.510367899999958,44.66497930000002],[14.5070482,44.66623579999998],[14.507627599999976,44.66806680000004],[14.503571099999983,44.6684142],[14.507256800000027,44.6698934],[14.5049325,44.67384879999999],[14.5007675,44.675361199999976],[14.500606600000014,44.67314549999997],[14.4990961,44.67328919999996],[14.497418600000026,44.67617049999997],[14.4936096,44.67188329999998],[14.496340700000014,44.6802134],[14.4891236,44.68219560000004],[14.4872934,44.68770860000002],[14.483934499999988,44.68866850000004],[14.478674399999973,44.69379329999997],[14.477240299999975,44.69327350000003],[14.477911199999975,44.698664599999965],[14.476117299999961,44.6981433],[14.477359599999987,44.69994490000003],[14.47608270000003,44.7019916],[14.4746483,44.70147179999997],[14.47076780000001,44.712743],[14.466959799999971,44.71606070000003],[14.463624399999956,44.72656420000001],[14.465066199999969,44.72631450000004],[14.466479799999957,44.729143299999976],[14.4653694,44.7324735],[14.468615700000024,44.731719],[14.470352,44.7386543],[14.4746599,44.73995709999996],[14.47612289999998,44.73739809999997],[14.4791749,44.73818179999998],[14.478562,44.74638919999996],[14.474213800000028,44.7494479],[14.476350900000016,44.75202340000002],[14.47595830000004,44.755613499999974],[14.473445,44.7548324],[14.4723531,44.75611],[14.4737958,44.755860100000035],[14.474295699999965,44.76022419999999],[14.4708472,44.7632869],[14.470459,44.766364],[14.466128,44.76737009999999],[14.4660972,44.770705099999965],[14.463448699999985,44.7710329],[14.460673200000022,44.77541180000002],[14.452825799999983,44.779992],[14.447526800000036,44.78603939999997],[14.449244799999986,44.7881492],[14.448656399999974,44.79326909999997],[14.452849199999966,44.79541990000003],[14.4676139,44.7899943],[14.470214200000035,44.7903077],[14.467847,44.79454009999997],[14.4697093,44.7949398],[14.46796610000001,44.802528],[14.46899780000002,44.80792059999997],[14.4653607,44.8114955],[14.464938699999989,44.81816420000003],[14.462771199999972,44.81866709999998],[14.463750199999973,44.829704],[14.462682900000038,44.82815939999996],[14.459786899999964,44.8294286],[14.462466399999977,44.83200689999998],[14.460820500000041,44.83456479999997],[14.458657200000017,44.83455460000001],[14.46063,44.8355902],[14.458578099999956,44.8430207],[14.452348099999982,44.85351],[14.4533766,44.85915940000003],[14.451933799999987,44.859152399999985],[14.446746400000036,44.86801049999998],[14.449449100000015,44.868734899999964],[14.4500179,44.870945099999965],[14.445543499999983,44.874991700000024],[14.448133200000028,44.87940240000002],[14.449451599999955,44.89249330000003],[14.453755900000024,44.895336099999966],[14.452458,44.8989218],[14.45838660000001,44.90190010000004],[14.459427399999973,44.9063952],[14.456888400000038,44.90766589999998],[14.461017900000032,44.9099946],[14.4595136,44.916401499999964],[14.455313500000026,44.9215126],[14.456896700000014,44.9258817],[14.459611700000034,44.9252527],[14.461040699999964,44.92692740000002],[14.457422099999965,44.92768],[14.457761599999989,44.9299908],[14.46028719999997,44.9302591],[14.461459599999985,44.940014],[14.465255199999975,44.9397753],[14.464653099999984,44.94618640000004],[14.4606376,44.95204359999998],[14.461552,44.95269470000003],[14.469515300000028,44.94787619999996],[14.472137700000024,44.95394549999996],[14.475840200000038,44.9564869],[14.480274500000027,44.95664859999997],[14.485360500000025,44.95359290000001],[14.4866462,44.95514809999999],[14.4827356,44.95658930000004],[14.4833839,44.9620805],[14.47944629999998,44.96831860000002],[14.47764169999997,44.96805380000004],[14.476137699999962,44.97446080000001],[14.46885,44.980841],[14.4688334,44.982636899999974],[14.4670332,44.9818588],[14.466295900000018,44.98339479999998],[14.458340899999959,44.98361379999998],[14.456140200000037,44.98124010000004],[14.44944,44.98182439999999],[14.443238699999975,44.977088900000034],[14.4352408,44.9777669],[14.4294322,44.98244679999997],[14.424771,44.983496],[14.415151200000013,44.99368269999997],[14.4134764,44.997676],[14.411198199999967,44.99800410000004],[14.4122452,44.99876740000004],[14.408239600000043,45.004402700000014],[14.404971800000025,45.00566860000004],[14.399092,45.014617199999975],[14.396549400000017,45.015629900000015],[14.3952181,45.021780299999975],[14.391390799999963,45.024582],[14.392459800000038,45.02612689999999],[14.382847499999988,45.04531689999998],[14.384548300000025,45.046470300000024],[14.380634799999962,45.049153199999964],[14.3809745,45.05120760000003],[14.375664899999977,45.056822800000035],[14.375072199999964,45.06143740000002],[14.372892099999971,45.0621951],[14.3727883,45.07168709999996],[14.36987510000001,45.07321020000004],[14.36871539999998,45.07987420000004],[14.3614109,45.085477799999964],[14.360111300000037,45.08829259999998],[14.3585564,45.097776299999964],[14.359965200000028,45.10137579999998],[14.356869599999959,45.102897799999965],[14.3589482,45.11137560000003],[14.355085799999982,45.1164848],[14.359016799999983,45.12138140000004],[14.358773,45.127024],[14.356207499999977,45.129575099999954],[14.359437499999975,45.13241540000004],[14.362605,45.14089929999999],[14.364396,45.1428329],[14.371992599999976,45.1442863],[14.3713971,45.146522500000025],[14.3649361,45.1599575],[14.3608998,45.16372250000003],[14.346690399999988,45.169542600000014],[14.339817799999958,45.167963899999954],[14.337621300000029,45.16974690000004],[14.33437520000003,45.1681888],[14.334726,45.16921689999998],[14.3318233,45.16932790000001],[14.327852199999972,45.167765200000034],[14.3254748,45.16941940000004],[14.3263185,45.17481169999998]]],[[[14.5548265,45.245436],[14.5527354,45.243645599999965],[14.555040400000022,45.24045119999998],[14.551746499999977,45.24275010000003],[14.551172800000026,45.241440300000015],[14.55307629999996,45.240628],[14.550362,45.23714320000001],[14.5514559,45.235240699999984],[14.54438540000003,45.23756259999998],[14.536657,45.236362399999976],[14.5430272,45.23246110000004],[14.543527500000012,45.22827010000002],[14.546576300000028,45.2293777],[14.548559399999975,45.2285716],[14.55167080000002,45.22336719999998],[14.5510233,45.211902599999966],[14.549284099999985,45.212197300000014],[14.552646500000014,45.20872739999997],[14.5502032,45.20885580000003],[14.550768399999962,45.20719210000004],[14.54915819999996,45.206761700000044],[14.54546960000003,45.2102188],[14.530621899999966,45.22887350000003],[14.527163,45.2251955],[14.529980900000043,45.2163964],[14.5363804,45.21297660000001],[14.5467478,45.201069],[14.544319,45.20025540000004],[14.5395105,45.20345090000002],[14.5333618,45.19888809999997],[14.537314500000024,45.1875958],[14.534694100000015,45.18604830000004],[14.535041,45.18150149999998],[14.537928600000031,45.17921069999998],[14.537568800000015,45.176268499999985],[14.5408436,45.17566],[14.546414499999964,45.16854279999998],[14.535046799999977,45.159087300000024],[14.53356749999997,45.151370599999964],[14.528574799999964,45.150626899999985],[14.527123200000029,45.15308120000002],[14.525802900000032,45.151308],[14.52201680000003,45.15083059999996],[14.529077800000016,45.1458083],[14.526738,45.1295208],[14.5236963,45.1262017],[14.526080099999964,45.12685170000004],[14.52821480000002,45.12416179999997],[14.525182699999965,45.124976],[14.522613800000043,45.119852],[14.520064100000022,45.12056029999996],[14.514401,45.1166041],[14.506750100000025,45.117758],[14.504717599999987,45.115744],[14.503797,45.11757480000003],[14.5006064,45.1171278],[14.497104299999956,45.119244199999955],[14.496246,45.122028600000036],[14.494555800000034,45.121116],[14.496508899999986,45.122394],[14.494062,45.123978499999986],[14.486036900000036,45.12593170000004],[14.485115099999971,45.125056600000015],[14.483451199999967,45.127480700000035],[14.47930390000001,45.12592219999996],[14.478084800000039,45.12858210000004],[14.475287799999984,45.12839850000004],[14.470360399999963,45.12187],[14.46466880000004,45.11798],[14.471466199999975,45.104357300000025],[14.469173299999975,45.098664],[14.453074,45.0978949],[14.4515292,45.09530060000002],[14.443572699999988,45.096457700000016],[14.435007100000034,45.09311940000003],[14.434397599999963,45.08988420000004],[14.4319173,45.088263],[14.430730200000012,45.08100650000002],[14.435592499999975,45.06782289999998],[14.444276400000037,45.06090840000004],[14.450319,45.061537300000026],[14.447008400000042,45.05878329999997],[14.44861830000002,45.05703730000002],[14.4529602,45.057221100000035],[14.4504396,45.055532400000025],[14.451838099999973,45.05347609999997],[14.454098500000038,45.053119899999984],[14.464968,45.04339180000004],[14.467860399999969,45.0436619],[14.4677997,45.046166700000036],[14.469494900000027,45.045939299999965],[14.47114710000004,45.04336189999996],[14.469537800000024,45.040648],[14.4735931,45.04094420000003],[14.473614800000027,45.038813300000015],[14.4763184,45.040511500000015],[14.478027700000021,45.03986029999996],[14.476290299999976,45.035673799999955],[14.48090370000004,45.03509759999998],[14.481332900000025,45.032656200000034],[14.488943700000027,45.02990820000004],[14.488662699999958,45.0263911],[14.49378930000003,45.02445150000001],[14.497519600000034,45.028798399999964],[14.498694099999957,45.021714600000045],[14.506453,45.020438499999976],[14.508476799999984,45.024573],[14.516910300000022,45.02198519999996],[14.51898989999996,45.0199569],[14.52190539999996,45.020045599999975],[14.5209849,45.0185206],[14.5257586,45.01546580000002],[14.5274289,45.01918650000003],[14.52886159999998,45.017808399999964],[14.5303637,45.01835450000003],[14.52971990000003,45.01589720000001],[14.532831299999986,45.01723209999997],[14.539879200000042,45.01383229999996],[14.5489246,45.01475960000003],[14.56084,45.01253830000001],[14.565698099999972,45.01458660000002],[14.566522100000027,45.017324199999955],[14.574218,45.0201404],[14.5728315,45.02238830000001],[14.576309700000015,45.023802699999976],[14.570683,45.0241444],[14.575843900000022,45.02483180000004],[14.578798100000027,45.0274528],[14.578446599999987,45.0250043],[14.583242,45.024205399999985],[14.5850356,45.0252178],[14.584869400000015,45.02353209999997],[14.5867692,45.023395500000035],[14.588395700000016,45.02469049999998],[14.5898523,45.021867299999975],[14.600889600000015,45.01883589999998],[14.605181300000018,45.01579630000001],[14.60958810000004,45.01630039999998],[14.6099043,45.0151188],[14.620027499999958,45.01360179999998],[14.623497900000041,45.0166687],[14.61917639999997,45.022343400000025],[14.6096617,45.02418530000001],[14.6069394,45.027317],[14.616049599999984,45.03752029999997],[14.620831200000021,45.0405263],[14.623958,45.0402772],[14.628976099999983,45.0343916],[14.628853,45.02691039999998],[14.62757260000003,45.017447],[14.6238559,45.01427569999996],[14.621543,45.00859150000003],[14.62438420000001,45.00710450000001],[14.626909100000022,45.0001806],[14.625641600000042,44.99476669999996],[14.628064,44.98981910000004],[14.616051,44.9850504],[14.615092,44.98224179999997],[14.6172833,44.97940159999998],[14.622899700000017,44.976639499999976],[14.6260437,44.9770521],[14.633731499999984,44.97304070000001],[14.635677200000034,44.97339749999996],[14.636841900000034,44.970608300000016],[14.6417279,44.97011140000003],[14.640340100000019,44.96837370000004],[14.6445682,44.966643499999975],[14.648472800000038,44.96735959999998],[14.651128699999964,44.9639796],[14.6582183,44.964424699999974],[14.662896500000015,44.967101799999966],[14.677871200000018,44.9647084],[14.68852129999996,44.956057600000015],[14.689570399999988,44.9534543],[14.687203800000018,44.95200860000002],[14.6874976,44.94980219999998],[14.6933608,44.948254],[14.69471810000003,44.94935640000004],[14.695386800000025,44.947352],[14.6996416,44.948742599999974],[14.703938900000017,44.94540040000002],[14.706301500000011,44.94562429999998],[14.705215,44.94394949999996],[14.7067737,44.94186570000003],[14.7152132,44.94195480000003],[14.719646299999981,44.938877400000045],[14.727877200000043,44.93762430000002],[14.734393099999957,44.934561],[14.736199,44.93456510000003],[14.73365770000004,44.9373814],[14.735832,44.93584709999996],[14.741679300000014,44.937840200000025],[14.7408911,44.935345500000025],[14.746309,44.93535759999996],[14.749188599999966,44.937673],[14.751000200000023,44.93639430000003],[14.7509956,44.93742050000003],[14.7603797,44.9392364],[14.7606728,44.9413533],[14.76271949999997,44.94103719999996],[14.762225,44.942372],[14.760087900000011,44.94194],[14.762041099999971,44.94274859999999],[14.760527699999985,44.946933500000036],[14.746691600000043,44.958706399999976],[14.7517063,44.96845070000002],[14.76026249999998,44.970343100000015],[14.762970400000034,44.968946],[14.760197600000028,44.96790919999998],[14.7634873,44.96888140000004],[14.768500800000032,44.96640140000002],[14.7745601,44.96868289999996],[14.775921600000034,44.96707760000001],[14.7926273,44.963274],[14.800329800000037,44.962213900000016],[14.801343200000042,44.96418720000004],[14.807462099999972,44.9628449],[14.80881689999998,44.966089599999975],[14.806441900000026,44.9670131],[14.80969570000004,44.96815750000001],[14.80942280000002,44.9700221],[14.812255199999983,44.9694585],[14.802127199999985,44.979122299999965],[14.799560499999979,44.98411719999998],[14.802215600000016,44.98466029999997],[14.81559979999996,44.97282490000001],[14.8201731,44.97066540000004],[14.818003100000036,44.982323],[14.814712800000022,44.9844222],[14.811684,44.990349499999965],[14.8067648,44.99251579999997],[14.804334700000025,44.99561890000004],[14.798374900000026,44.995197800000014],[14.801497,44.99104],[14.799316400000032,44.990192],[14.795175,44.995104899999966],[14.798643400000037,45.0001119],[14.783886400000016,45.008041700000014],[14.77957320000001,45.0069411],[14.770059599999955,45.01057750000004],[14.768833799999962,45.01537010000001],[14.759377699999957,45.01846209999996],[14.754561499999989,45.0239781],[14.755668199999986,45.024937499999986],[14.752009599999964,45.025784900000026],[14.750572900000018,45.02995210000003],[14.7447695,45.03327450000003],[14.74051910000003,45.04336720000004],[14.742548,45.044557799999964],[14.741449700000024,45.047377300000015],[14.7436211,45.04738229999999],[14.745417,45.050465],[14.7428868,45.04968960000002],[14.742153900000025,45.05174039999998],[14.743967,45.050974799999956],[14.7446816,45.0530288],[14.742497300000016,45.055846],[14.739967699999971,45.05494190000002],[14.738688,45.057633200000026],[14.7363323,45.05839750000003],[14.7367037,45.056346],[14.7334414,45.0573645],[14.7392047,45.06353510000003],[14.736298100000015,45.0658373],[14.738098899999978,45.067894],[14.7362828,45.0691726],[14.728684799999984,45.06812859999996],[14.729788,45.0645395],[14.726899100000027,45.06299329999997],[14.7261635,45.0654283],[14.723445900000035,45.06580689999998],[14.72325069999996,45.06888520000003],[14.714909199999985,45.07181450000002],[14.711837,45.07065290000001],[14.709512799999972,45.06500269999996],[14.703692499999969,45.0659435],[14.701429899999988,45.064844500000014],[14.695576,45.0679025],[14.6928466,45.0675247],[14.6866818,45.073112799999976],[14.684454199999978,45.073669],[14.683473600000022,45.072302499999985],[14.6824749,45.07475609999996],[14.680183700000041,45.07655290000004],[14.678809700000043,45.07573270000003],[14.675882200000027,45.078675],[14.6717694,45.0780895],[14.674470700000034,45.08133319999997],[14.6720315,45.083690300000036],[14.669095,45.083599399999976],[14.66988390000004,45.0867772],[14.663239499999973,45.0913371],[14.666576799999968,45.092251],[14.666636500000022,45.093584399999955],[14.662324799999963,45.093904399999964],[14.662504900000032,45.09556709999996],[14.6649551,45.0958949],[14.661058900000027,45.10039420000003],[14.664932499999987,45.100887],[14.664271099999974,45.10511759999996],[14.669237500000024,45.105231100000026],[14.6649691,45.106457599999985],[14.66642190000003,45.11063869999999],[14.66468849999996,45.11053380000001],[14.664991,45.11293159999999],[14.659221399999959,45.1170968],[14.660501099999971,45.1185405],[14.658236800000028,45.121539],[14.6598616,45.12343529999998],[14.662203100000019,45.1211051],[14.6668102,45.12131770000001],[14.667348,45.12319909999998],[14.6647308,45.126044599999965],[14.6682089,45.127779299999965],[14.672196399999974,45.12725080000002],[14.672511,45.13112380000002],[14.68051249999998,45.13463969999996],[14.6785656,45.13670089999997],[14.674627300000024,45.1371983],[14.676267700000038,45.1384949],[14.674783900000014,45.14148690000002],[14.67077819999996,45.14144249999999],[14.6766096,45.144073900000016],[14.672602099999969,45.145332],[14.675900799999967,45.14732789999996],[14.6730103,45.1485263],[14.672049199999963,45.15404449999996],[14.669334699999984,45.1571248],[14.670591399999958,45.153513099999955],[14.6676667,45.146976500000015],[14.6565007,45.148988],[14.654565,45.152252],[14.650496599999977,45.15160440000004],[14.6489555,45.1533237],[14.650005,45.15755540000002],[14.642828,45.16079860000004],[14.641974900000013,45.159365],[14.639151700000012,45.15950580000001],[14.638273299999986,45.1621624],[14.630050499999973,45.15938519999998],[14.6210424,45.15851080000002],[14.619629100000035,45.1542865],[14.6168516,45.155466],[14.615010299999968,45.1526796],[14.603486600000041,45.14893250000003],[14.596934,45.15124309999999],[14.597900799999989,45.15581750000002],[14.606828299999956,45.163377],[14.604952900000038,45.164862799999966],[14.60776740000003,45.166245100000026],[14.606400099999965,45.1700973],[14.6077896,45.1711376],[14.6169396,45.16822169999997],[14.62124589999996,45.1695799],[14.626966,45.16759760000002],[14.62642280000002,45.16497029999998],[14.629706899999965,45.1641526],[14.629965400000037,45.1625294],[14.632853099999958,45.165468],[14.630369900000021,45.16647690000002],[14.624097600000011,45.1790393],[14.6208942,45.1785573],[14.622258499999989,45.18184130000003],[14.612847499999985,45.18754550000002],[14.615342900000043,45.187647700000035],[14.616089199999974,45.18951709999999],[14.614684500000012,45.19375230000003],[14.611450899999982,45.19694250000002],[14.609606200000028,45.1963347],[14.606862899999976,45.20162959999996],[14.581534799999977,45.2299821],[14.583386599999985,45.2313948],[14.58619720000001,45.23101979999998],[14.603949200000036,45.2246771],[14.5906895,45.23696009999996],[14.5909996,45.23876809999999],[14.588885400000033,45.23771990000003],[14.58199749999998,45.24097040000004],[14.5770535,45.24141590000004],[14.579269799999976,45.23541329999996],[14.576856,45.23426860000002],[14.56753750000002,45.239106600000014],[14.5637307,45.24356480000003],[14.5548265,45.245436]]],[[[15.304251100000025,45.68974110000004],[15.306397199999958,45.69124959999998],[15.301456199999967,45.689662899999966],[15.304251100000025,45.68974110000004]]],[[[16.376006400000037,46.552575799999964],[16.3672112,46.55471619999996],[16.3655645,46.55280850000003],[16.3667131,46.5473344],[16.36096080000003,46.54665569999997],[16.35832990000004,46.54479820000002],[16.355525,46.545818200000035],[16.3552238,46.54849659999996],[16.352674199999978,46.5490101],[16.351593199999975,46.54577649999996],[16.358720799999965,46.54268460000002],[16.358826600000015,46.53847809999996],[16.3552486,46.538476700000025],[16.355759,46.54221870000002],[16.353389199999985,46.54377540000004],[16.345102,46.54214680000002],[16.337333100000034,46.54265890000003],[16.343624500000026,46.54138590000004],[16.345289400000024,46.53961289999997],[16.340692299999976,46.53461269999997],[16.341446300000012,46.529482],[16.336208599999985,46.52718190000003],[16.33303969999998,46.530029],[16.323930299999972,46.5291514],[16.317416499999965,46.52640179999997],[16.31308710000004,46.52362059999997],[16.314815300000035,46.52343960000001],[16.3145625,46.5200215],[16.310767699999978,46.520369099999975],[16.308232199999978,46.5179412],[16.30708090000002,46.513542],[16.299851100000012,46.5117636],[16.294990700000028,46.5130604],[16.29555870000004,46.514758099999966],[16.293858200000027,46.51286239999997],[16.2926791,46.51342369999996],[16.2920996,46.5159393],[16.288300900000024,46.51473879999997],[16.285857,46.5157031],[16.284884,46.514445799999976],[16.28373149999996,46.51635190000003],[16.27502079999999,46.5141671],[16.274631899999964,46.516635100000016],[16.27188550000001,46.516753],[16.272757200000015,46.5180197],[16.270744,46.515347599999984],[16.266009500000017,46.51535709999997],[16.26698770000004,46.504889],[16.263407,46.50488410000003],[16.260365500000034,46.500983799999986],[16.2550322,46.500916],[16.255761200000013,46.498652],[16.252270400000018,46.50045989999998],[16.246258100000027,46.497889],[16.24163240000001,46.49835589999998],[16.24081790000003,46.48469059999996],[16.25167309999998,46.48149560000002],[16.259850699999983,46.46897539999997],[16.259250100000028,46.46088660000003],[16.262158200000037,46.4589153],[16.26568750000002,46.4517909],[16.263667799999975,46.44683710000002],[16.2658483,46.43881569999997],[16.274215100000028,46.4293751],[16.27358749999997,46.42316679999996],[16.275616499999984,46.422137300000045],[16.27558390000004,46.41898990000004],[16.2725359,46.41723409999999],[16.272444499999988,46.4153493],[16.2823043,46.41492479999996],[16.29119820000003,46.4082269],[16.296642800000033,46.40776389999997],[16.30178770000002,46.40102320000002],[16.307562900000022,46.3975097],[16.307291200000012,46.39474350000002],[16.304116,46.39400520000004],[16.30302679999996,46.38867269999998],[16.305049900000018,46.3863081],[16.3015589,46.37829410000003],[16.2722031,46.378373],[16.2660813,46.37637910000004],[16.2479988,46.380109],[16.238789200000042,46.378752300000016],[16.23462420000004,46.38608820000001],[16.2300829,46.38775770000004],[16.22541050000002,46.3866665],[16.224124799999956,46.38154489999997],[16.21984380000004,46.37868160000003],[16.214498199999966,46.385319299999985],[16.209533699999984,46.384411],[16.20284,46.38045849999997],[16.189027100000036,46.37781330000004],[16.1878652,46.380508099999986],[16.190052699999985,46.38626929999999],[16.1865222,46.38708780000003],[16.180298,46.38499470000004],[16.1755677,46.38551019999997],[16.173962,46.390574400000034],[16.15587990000003,46.402181099999986],[16.146007400000034,46.405139399999975],[16.13602220000004,46.40437309999999],[16.088388,46.388548],[16.0581203,46.393569],[16.053783800000026,46.38833940000003],[16.055530300000026,46.3867107],[16.050368399999964,46.382101],[16.060862699999984,46.37613239999996],[16.061067499999965,46.3742587],[16.063877699999956,46.373383100000034],[16.07244140000002,46.3649787],[16.07752310000002,46.34595249999998],[16.068953199999974,46.3397847],[16.06673539999997,46.34187270000001],[16.0615209,46.3418832],[16.0531577,46.33512549999997],[16.048355699999966,46.33503820000003],[16.0426,46.3376304],[16.03627319999999,46.337051],[16.02759470000002,46.3315256],[16.02841590000002,46.326264],[16.022002699999987,46.32455639999998],[16.017983100000027,46.3211121],[16.0202938,46.32119559999999],[16.02268580000002,46.31727069999996],[16.021944499999968,46.31435050000002],[16.0141387,46.308779],[16.01010539999997,46.30989250000002],[16.00159450000001,46.30732969999998],[15.997961699999989,46.3092901],[15.998154599999962,46.310804900000015],[15.9900011,46.31474250000003],[15.9888653,46.31047460000004],[15.983807,46.3088714],[15.982656700000012,46.311357199999975],[15.977036599999964,46.31238219999996],[15.9760978,46.308973099999974],[15.97320720000002,46.30882059999997],[15.969813599999986,46.30585259999998],[15.9668971,46.2992104],[15.9642747,46.29739489999998],[15.957182,46.2966104],[15.954889099999962,46.29408940000004],[15.9483092,46.29405319999998],[15.942388899999974,46.29004],[15.9340485,46.29006490000003],[15.917136500000021,46.285371900000044],[15.91287009999998,46.28966140000004],[15.903669100000032,46.28698730000003],[15.901155900000012,46.28930759999999],[15.8988694,46.28835140000001],[15.89748360000001,46.28382109999998],[15.884048600000037,46.2798249],[15.873841200000042,46.27967839999996],[15.86669950000004,46.27594570000002],[15.86770950000003,46.270802299999986],[15.863318499999982,46.26763319999996],[15.848225200000025,46.265246600000026],[15.839752799999966,46.265804900000035],[15.829649599999977,46.26216990000001],[15.81103489999998,46.2619627],[15.8009952,46.2596718],[15.791478799999984,46.259329099999974],[15.792439,46.255265899999955],[15.797203399999974,46.25124860000001],[15.801579600000041,46.2426222],[15.7995621,46.2377348],[15.7938158,46.236411],[15.79432529999996,46.227939700000015],[15.78993990000002,46.2247064],[15.789003,46.21987180000003],[15.785714099999963,46.21640809999997],[15.767950200000017,46.20879810000003],[15.756554600000031,46.20710410000002],[15.750912699999956,46.20904170000002],[15.750426300000035,46.21217840000003],[15.754915400000028,46.2169614],[15.752967399999966,46.219956500000016],[15.7410847,46.221746],[15.7361328,46.22037420000003],[15.735780200000042,46.21828],[15.730031500000011,46.21619630000003],[15.726040400000011,46.219202199999955],[15.729134,46.22097379999999],[15.728309399999988,46.222852],[15.722114,46.2218102],[15.709694200000039,46.223367],[15.701764799999966,46.22232169999996],[15.6888291,46.224239199999985],[15.6814309,46.22737430000004],[15.673835500000036,46.22684739999996],[15.670164,46.22276350000001],[15.6630383,46.22130380000003],[15.66366660000003,46.219786499999984],[15.660848099999972,46.22049379999998],[15.659704,46.2186359],[15.653834900000033,46.21918390000004],[15.652811099999967,46.217250500000034],[15.646665,46.21666169999999],[15.6458406,46.2127018],[15.642667600000019,46.21211329999997],[15.6411527,46.207492600000016],[15.642978499999986,46.20612290000002],[15.6430409,46.2072853],[15.644964900000028,46.20702780000001],[15.648153399999968,46.204598],[15.6463096,46.1988468],[15.64889590000003,46.19549070000004],[15.6475794,46.194535399999964],[15.6489116,46.1912029],[15.64589,46.189664099999966],[15.64482249999997,46.18664540000004],[15.635971700000043,46.18578809999998],[15.637974400000013,46.1820848],[15.6342548,46.1779715],[15.631757200000033,46.178107100000034],[15.633227099999973,46.17670630000004],[15.620684699999957,46.171627],[15.6143014,46.171514399999985],[15.608080299999964,46.167537299999985],[15.609352,46.1654409],[15.603892899999975,46.1616164],[15.6108525,46.1581629],[15.6144206,46.1532305],[15.6001725,46.1494121],[15.596126,46.1463549],[15.597597600000016,46.143458],[15.60428,46.141058299999976],[15.603828,46.139517300000016],[15.608655300000022,46.139598399999976],[15.609293599999988,46.13826429999999],[15.606743899999968,46.1386508],[15.606804800000033,46.137492],[15.61034439999998,46.13770460000004],[15.611244,46.13362530000003],[15.613941399999968,46.1332245],[15.609392800000025,46.12700669999997],[15.611512,46.12676690000002],[15.610661099999982,46.12330979999997],[15.609257,46.1223269],[15.6071,46.123252700000045],[15.61021310000004,46.12162710000001],[15.609058199999962,46.11753259999998],[15.6051674,46.115969],[15.6065231,46.113078899999984],[15.6045491,46.11224840000001],[15.610803799999976,46.1077699],[15.61016240000002,46.10646470000002],[15.61440849999998,46.1070537],[15.612766800000037,46.102793899999966],[15.6138998,46.10044519999997],[15.616126,46.10105509999998],[15.615467600000036,46.09931269999996],[15.625333099999986,46.09985350000004],[15.622809199999969,46.093607200000044],[15.618853399999958,46.09173390000004],[15.62174520000004,46.0907974],[15.621148799999988,46.08943010000002],[15.625179200000042,46.0884949],[15.632695799999977,46.083541799999985],[15.634958499999966,46.0850964],[15.635693300000012,46.083268400000016],[15.641085600000041,46.084192299999984],[15.6425159,46.0879753],[15.648548399999965,46.08719019999997],[15.650293899999971,46.0844575],[15.648136800000016,46.084014],[15.6486186,46.08297179999999],[15.65266910000003,46.08252910000004],[15.654810400000011,46.08442849999999],[15.656348700000015,46.0808885],[15.658938200000042,46.080398599999974],[15.658372599999963,46.071248399999966],[15.6624092,46.070329],[15.66665449999998,46.073436800000025],[15.670576599999956,46.07397570000003],[15.67323569999997,46.073312400000034],[15.670282100000014,46.07215],[15.674152399999967,46.070548100000025],[15.68027160000001,46.07146610000004],[15.6813803,46.06823529999998],[15.682969699999964,46.07019859999997],[15.6846759,46.068996399999975],[15.682339599999965,46.067937],[15.6831,46.06686090000003],[15.686385100000026,46.06758880000004],[15.686923800000011,46.06993620000002],[15.687986600000018,46.0680444],[15.690713400000037,46.06808030000003],[15.686265900000022,46.06746610000001],[15.687149600000042,46.064308],[15.690684,46.06481529999998],[15.690484600000024,46.062648600000024],[15.698009700000041,46.062095],[15.710155099999982,46.05825710000003],[15.714378600000027,46.059703],[15.715654099999957,46.0572466],[15.72379150000001,46.05216469999998],[15.724807499999963,46.049954399999976],[15.72310709999996,46.048178600000035],[15.727184900000028,46.048412799999966],[15.732487199999982,46.04452330000002],[15.730443,46.039936],[15.724401,46.04225960000004],[15.72365779999996,46.03864229999997],[15.719547300000029,46.03708],[15.718563399999978,46.03793819999998],[15.71612420000004,46.0352484],[15.7180644,46.0327978],[15.716937600000017,46.02855480000004],[15.718655599999968,46.02932340000004],[15.720218599999972,46.02767489999997],[15.715214099999967,46.0274207],[15.712609799999958,46.02314049999996],[15.714952800000018,46.02142170000003],[15.7133424,46.019936],[15.71573,46.019878],[15.713872900000018,46.01843449999996],[15.711923,46.01942219999997],[15.711235899999968,46.017700399999974],[15.713261200000032,46.01722689999997],[15.707900599999961,46.01714810000002],[15.7059312,46.01435449999998],[15.709597,46.01317909999998],[15.711767800000013,46.01452810000004],[15.712340399999961,46.013032799999955],[15.710117599999988,46.011858799999985],[15.7154807,46.0094157],[15.711468,46.0093631],[15.713235899999981,46.00711829999997],[15.712002900000014,46.00397849999998],[15.707984,46.00364190000002],[15.705055199999988,45.99889420000003],[15.70206649999997,46.00091369999997],[15.700363099999985,45.99940530000004],[15.702345400000043,45.997946100000014],[15.69985409999997,45.99702569999997],[15.7061643,45.994191400000034],[15.702404300000032,45.99583280000004],[15.700652300000021,45.995199599999964],[15.706991200000035,45.98946639999997],[15.700588399999974,45.988996399999984],[15.701204300000041,45.987654200000044],[15.704272299999959,45.987457099999986],[15.70365209999998,45.98433690000002],[15.705409199999968,45.98518539999996],[15.7039743,45.98233109999997],[15.706042699999982,45.980235],[15.7041838,45.97911670000001],[15.710021899999974,45.96200849999997],[15.7104516,45.94968270000002],[15.70792720000003,45.94846809999998],[15.709420799999977,45.9478264],[15.708976499999986,45.941824],[15.711937600000029,45.9394427],[15.710358500000025,45.938048700000024],[15.7095102,45.9393097],[15.707767400000042,45.938826299999974],[15.709578499999969,45.935150699999966],[15.708003899999982,45.935360800000026],[15.707538400000013,45.933628100000014],[15.710126,45.93291560000004],[15.70903190000004,45.9309014],[15.707512900000035,45.93171190000001],[15.705052899999975,45.93044789999996],[15.707539,45.9291569],[15.70665859999996,45.9269876],[15.703351399999969,45.927035399999966],[15.707313200000032,45.925562300000024],[15.705988899999971,45.9239786],[15.707301699999968,45.92183339999996],[15.705606300000023,45.919725299999975],[15.703023,45.92112350000002],[15.700031900000026,45.919877200000016],[15.699051,45.917427800000034],[15.700610400000018,45.9157978],[15.694413,45.9146889],[15.692989399999972,45.9130455],[15.6902697,45.91339509999997],[15.692286299999973,45.91208080000003],[15.691178399999965,45.91089270000004],[15.679475,45.904497900000024],[15.68020979999996,45.90118440000004],[15.682195300000016,45.90138070000003],[15.680797299999986,45.8962996],[15.68308440000004,45.89649430000003],[15.682405900000033,45.89297330000002],[15.684125899999971,45.89209989999996],[15.683857100000024,45.89002760000001],[15.6807406,45.89142240000004],[15.6802597,45.890350199999965],[15.6860059,45.885627600000014],[15.6871051,45.88763249999999],[15.68813690000002,45.88492770000001],[15.6921117,45.885181599999974],[15.690313800000014,45.88306579999997],[15.688496,45.88366440000003],[15.689120799999982,45.88006820000002],[15.685984700000025,45.8799531],[15.686730600000013,45.881674400000044],[15.683755499999966,45.88109570000003],[15.68125439999997,45.882563100000034],[15.682127900000035,45.8792478],[15.684605799999977,45.878049],[15.68398790000001,45.876864200000036],[15.681542099999971,45.877824900000036],[15.681742799999968,45.8763065],[15.68039290000001,45.8778384],[15.67953579999997,45.87709109999998],[15.6829787,45.87371409999999],[15.68020359999998,45.8715286],[15.6828414,45.87011520000002],[15.6775246,45.8688847],[15.68498310000002,45.862599299999964],[15.6979652,45.85869810000003],[15.7093986,45.8464604],[15.703529100000017,45.8449565],[15.700178,45.8462479],[15.699150099999985,45.84894230000001],[15.696256799999956,45.8493738],[15.69418140000001,45.8477],[15.694951699999974,45.84430290000002],[15.690199,45.84224979999996],[15.684800700000027,45.84317610000004],[15.67383779999996,45.84068489999998],[15.665235,45.841368799999984],[15.650726300000043,45.8308996],[15.6479831,45.825097],[15.642272600000021,45.82041660000003],[15.634389300000032,45.825557],[15.6337739,45.83008210000004],[15.629091099999973,45.83292880000003],[15.6260697,45.8315802],[15.617669200000032,45.83411510000004],[15.616575100000011,45.835711599999975],[15.612843299999971,45.835136],[15.61401429999996,45.83734590000002],[15.60892150000002,45.840634199999954],[15.5938769,45.84486780000004],[15.5916053,45.846738],[15.582222800000038,45.84744940000003],[15.572550099999964,45.85357159999997],[15.570284099999968,45.849204],[15.562941599999961,45.8438958],[15.562168,45.8381829],[15.559382299999983,45.8342735],[15.552269200000039,45.8401442],[15.5510161,45.84545290000004],[15.538554,45.84759870000004],[15.5373799,45.84382039999997],[15.539271800000035,45.83615829999999],[15.5354208,45.83202820000003],[15.536126699999956,45.82927629999998],[15.528006,45.823789599999955],[15.522335199999974,45.8230375],[15.5201789,45.8211023],[15.51429629999999,45.82303849999998],[15.510652200000012,45.82082250000004],[15.501250900000011,45.822017100000025],[15.502912800000027,45.82854680000002],[15.4961391,45.82929190000003],[15.4927362,45.83202490000003],[15.478901900000034,45.82749270000002],[15.478385500000028,45.81944129999998],[15.471165,45.81728970000003],[15.46592060000003,45.81839449999996],[15.470755599999956,45.81125250000002],[15.471024700000017,45.8038293],[15.475921399999985,45.79805179999999],[15.47128260000004,45.79588769999999],[15.4626343,45.79353930000001],[15.4450373,45.795831599999964],[15.437212599999976,45.79389619999996],[15.433832800000017,45.795357399999986],[15.427152900000033,45.79479850000001],[15.422140399999988,45.7962754],[15.418241499999978,45.794588799999985],[15.412592600000034,45.79509180000004],[15.407956100000012,45.7911916],[15.404426900000038,45.792713499999984],[15.399452,45.7920643],[15.39038519999996,45.78707229999997],[15.381955200000034,45.7791475],[15.374453099999966,45.78077109999997],[15.369862800000037,45.776638299999966],[15.361648899999961,45.776789],[15.3597076,45.77370650000004],[15.351721400000033,45.77286289999996],[15.3319404,45.76302320000001],[15.323832499999982,45.760234],[15.3164172,45.7596868],[15.307291599999976,45.75478919999996],[15.2999635,45.754287099999985],[15.295269400000015,45.75090390000001],[15.294867399999971,45.7477199],[15.28010790000001,45.74328360000002],[15.278469900000017,45.739380899999965],[15.274784800000022,45.74005490000004],[15.275535,45.73703080000003],[15.257515599999975,45.72453419999998],[15.259293800000021,45.724193699999965],[15.2567517,45.71884450000004],[15.262016499999968,45.7194484],[15.267399799999962,45.71694530000001],[15.269544100000013,45.70721949999999],[15.274134799999976,45.7063405],[15.281053800000025,45.710789],[15.28412620000004,45.70956750000002],[15.287786600000034,45.7056567],[15.289206800000036,45.7007295],[15.28714509999998,45.69808160000002],[15.288105500000041,45.69245990000002],[15.292835,45.69142540000004],[15.299755799999962,45.68601370000001],[15.302751799999962,45.68796320000002],[15.30051279999998,45.68700069999996],[15.2963695,45.6897686],[15.296794399999984,45.693015199999955],[15.298835799999958,45.690290500000025],[15.3007631,45.69260839999996],[15.30545389999998,45.693339100000024],[15.305526,45.6950252],[15.303971399999975,45.6965109],[15.303088400000012,45.69371969999998],[15.303067300000043,45.69552560000001],[15.299094799999983,45.69193310000004],[15.297666099999988,45.69367439999996],[15.2997144,45.69254429999999],[15.29862649999996,45.69421840000003],[15.3003821,45.693459],[15.29902069999998,45.6972032],[15.30154380000002,45.697391300000014],[15.302259099999963,45.69900969999998],[15.30492789999998,45.6989046],[15.3058512,45.6971615],[15.3086068,45.698659399999954],[15.310910800000025,45.69760119999997],[15.30882,45.69013380000003],[15.305649900000033,45.6887809],[15.3084469,45.6858364],[15.310834700000035,45.68620050000001],[15.311028399999985,45.684124099999984],[15.317537,45.67833030000004],[15.31815819999998,45.67444410000002],[15.322786300000017,45.673850500000015],[15.326613499999956,45.6756581],[15.323777499999961,45.68319090000004],[15.3203043,45.686669299999984],[15.318729800000023,45.69522009999996],[15.332592400000026,45.701912800000024],[15.339764,45.71455529999997],[15.343301599999974,45.71458080000004],[15.345014600000043,45.71238450000004],[15.350212599999983,45.71445339999998],[15.3571075,45.713966],[15.35995140000002,45.70877909999998],[15.35732,45.69891150000003],[15.35935350000002,45.6974083],[15.3624254,45.69926870000001],[15.3637565,45.69857440000003],[15.364473199999965,45.692974],[15.3611191,45.689277400000044],[15.3602378,45.684875100000035],[15.355302699999966,45.6865279],[15.350085599999955,45.68332409999996],[15.35148459999998,45.682804500000046],[15.350107199999966,45.6786711],[15.348041400000016,45.67792780000004],[15.349571799999987,45.675903599999984],[15.3481399,45.67113580000002],[15.351354100000018,45.669230799999966],[15.351274600000012,45.671097300000035],[15.355447499999956,45.67343320000004],[15.353885,45.67653860000003],[15.358356200000015,45.6752715],[15.35736140000004,45.67691660000004],[15.3598578,45.6774636],[15.359881,45.67566619999997],[15.3629031,45.6780594],[15.362698300000014,45.68719690000003],[15.3687772,45.690164099999954],[15.369220600000014,45.693379100000044],[15.3719662,45.691461199999985],[15.3699472,45.690446],[15.368681,45.685453799999955],[15.375351699999976,45.68083240000003],[15.376989200000017,45.676706],[15.383501199999964,45.674826600000046],[15.384529200000022,45.67103749999997],[15.391642399999975,45.6672829],[15.391309599999973,45.6626852],[15.3946472,45.6610913],[15.395311599999987,45.653574],[15.399226,45.6508365],[15.406202499999958,45.65001389999997],[15.4064017,45.64785070000004],[15.402312299999958,45.64631359999996],[15.3984065,45.64132559999999],[15.389973,45.63746729999996],[15.385335699999962,45.6383684],[15.382750600000032,45.6407288],[15.372389899999964,45.64214960000004],[15.3710699,45.645974],[15.36477489999997,45.64404659999997],[15.3523254,45.646657800000014],[15.343339199999976,45.64585979999998],[15.3421941,45.64374619999998],[15.343904799999967,45.641624600000036],[15.350171100000013,45.64133529999999],[15.3521869,45.639923399999965],[15.3506003,45.6361786],[15.3399548,45.6327681],[15.325492899999963,45.634713099999985],[15.305419399999968,45.63206489999998],[15.3016627,45.62944290000002],[15.301639699999962,45.6234721],[15.3080799,45.614147600000045],[15.305130100000012,45.6125455],[15.292488200000024,45.6124081],[15.281488700000038,45.607881],[15.27705249999998,45.6044548],[15.284833300000015,45.59483160000002],[15.293135700000041,45.58976439999998],[15.2989469,45.583647300000024],[15.299072199999978,45.5470047],[15.302078899999975,45.5356164],[15.306116900000037,45.5322114],[15.313953399999972,45.53174859999998],[15.313342,45.525684],[15.314959,45.52289909999998],[15.325210499999956,45.52034409999997],[15.327885799999978,45.513898199999986],[15.33172759999997,45.510777599999976],[15.352613,45.50194849999998],[15.362232099999988,45.495001],[15.365520500000022,45.49502369999998],[15.370622199999987,45.4976926],[15.373339899999964,45.493677599999984],[15.385665100000038,45.488431499999976],[15.384880599999965,45.486111400000034],[15.376892199999984,45.484546200000025],[15.3598492,45.47713930000002],[15.355451600000029,45.46939110000002],[15.34904,45.46381020000001],[15.345809199999975,45.45634689999996],[15.3372338,45.45665130000001],[15.3272945,45.452584499999965],[15.319103,45.456088],[15.297440599999982,45.45919069999998],[15.273806800000015,45.46600169999997],[15.243095,45.4526806],[15.228582300000019,45.43655789999997],[15.2281816,45.4298427],[15.225596200000039,45.42641],[15.20917430000002,45.4252538],[15.202848,45.4263926],[15.193946699999964,45.43672419999996],[15.188600400000011,45.433562500000015],[15.188942199999959,45.42795629999996],[15.1813438,45.4230221],[15.177764499999972,45.421442499999955],[15.171861599999973,45.423252300000044],[15.1667212,45.42208449999996],[15.154074499999973,45.4261533],[15.146826100000025,45.431299299999985],[15.145190499999964,45.436309],[15.13860719999998,45.44425950000002],[15.1238336,45.4469085],[15.104536400000027,45.46217110000002],[15.0935879,45.4638176],[15.085687899999959,45.46725109999996],[15.0840321,45.47660969999998],[15.086202800000018,45.48283769999997],[15.077909500000034,45.482258],[15.071044,45.48767],[15.059916200000027,45.488241299999956],[15.057059600000015,45.492886],[15.0536899,45.494383],[15.0480672,45.4934673],[15.04278490000002,45.487861399999964],[15.027805399999975,45.485501099999986],[15.024838100000041,45.4866778],[15.0227079,45.49086770000002],[15.016507900000024,45.49313160000002],[15.0122493,45.49748489999997],[14.986916599999981,45.496667500000015],[14.977100400000024,45.5009096],[14.968495099999982,45.5095713],[14.962176400000041,45.511286299999966],[14.94406580000001,45.5233523],[14.931132100000037,45.52927710000004],[14.92125,45.52766050000004],[14.919413200000035,45.5225526],[14.9134293,45.518324],[14.913089699999963,45.51065170000004],[14.916635499999979,45.50409639999997],[14.911616,45.501043],[14.915795,45.494035899999965],[14.910314,45.48823670000002],[14.911748500000014,45.48158050000004],[14.907506899999982,45.47708030000002],[14.902391300000021,45.4754184],[14.891889900000036,45.4762975],[14.881198200000027,45.47253540000003],[14.875174100000036,45.4722742],[14.8687533,45.46601979999996],[14.860993199999987,45.46674459999998],[14.844675299999958,45.462207],[14.81762,45.4595023],[14.816009600000028,45.47166380000003],[14.80508759999997,45.47893049999998],[14.8054454,45.48637540000003],[14.7990112,45.4919635],[14.80359239999998,45.4958504],[14.795602799999989,45.50332860000004],[14.789644600000033,45.5000542],[14.786792200000013,45.50106179999998],[14.789143300000033,45.50362780000002],[14.786402800000035,45.50669719999996],[14.7725603,45.507637699999975],[14.768395400000015,45.505975],[14.766848199999986,45.50824260000002],[14.768846799999972,45.512200600000035],[14.759576599999983,45.510420099999976],[14.7554965,45.5150297],[14.738688,45.524009],[14.735063900000037,45.52986979999996],[14.73049950000003,45.52887680000004],[14.720627399999978,45.534143200000045],[14.7155685,45.53334340000004],[14.71340250000002,45.53470630000001],[14.711023199999977,45.533085],[14.70751,45.53482389999997],[14.703309,45.534525],[14.701393199999972,45.532516500000014],[14.702266700000036,45.5269784],[14.700353800000036,45.52544590000003],[14.6931409,45.527808700000044],[14.690577099999972,45.52661749999998],[14.68639489999997,45.530831300000024],[14.6850448,45.535056699999956],[14.6885498,45.53961249999996],[14.687369200000026,45.5456029],[14.690954400000015,45.54875040000002],[14.688875100000013,45.55298210000003],[14.690709,45.55558180000001],[14.6954338,45.55575289999996],[14.700267199999976,45.56287419999996],[14.696812699999965,45.569981100000014],[14.693793099999967,45.57109670000004],[14.693072,45.57695750000002],[14.6902587,45.5786339],[14.690323300000022,45.58067930000003],[14.6837341,45.582988200000024],[14.684035299999957,45.5851359],[14.67765140000004,45.589545499999986],[14.664539,45.589436500000026],[14.651339099999964,45.59182590000002],[14.643339400000025,45.600757399999964],[14.640459400000031,45.60102550000003],[14.6414306,45.602866],[14.637898100000028,45.60438269999998],[14.633666500000023,45.602908300000024],[14.630809200000042,45.604664600000035],[14.627322400000024,45.61422389999996],[14.622988399999985,45.61334130000004],[14.6189233,45.616455],[14.612957700000043,45.6167738],[14.6082974,45.621354],[14.595730199999982,45.62707629999996],[14.601941600000016,45.6340982],[14.601336899999987,45.6436714],[14.604848099999982,45.646496199999966],[14.60785349999996,45.6575767],[14.609714,45.65867540000004],[14.608075899999976,45.6601219],[14.60666270000002,45.659546700000014],[14.605872099999976,45.6626532],[14.6079249,45.664199699999976],[14.60601479999997,45.665865699999976],[14.604774099999988,45.66447280000001],[14.6042417,45.66623819999998],[14.600971300000024,45.667284400000035],[14.5989401,45.66634119999998],[14.597040899999984,45.66953950000001],[14.594439599999957,45.66753650000002],[14.586053799999958,45.666541],[14.5833609,45.664657],[14.5784521,45.66530590000002],[14.57985369999997,45.666118],[14.578696699999986,45.669784],[14.5768354,45.6682254],[14.57511009999997,45.67206269999998],[14.570010199999976,45.67294360000003],[14.5672302,45.662575],[14.56789270000001,45.6568758],[14.563334499999984,45.647142399999964],[14.549709700000028,45.63273459999997],[14.545471199999986,45.62425090000004],[14.5350234,45.61391359999996],[14.526336799999976,45.61019710000003],[14.517662,45.6096601],[14.51436259999999,45.607121700000036],[14.501340499999985,45.607826399999986],[14.507039800000014,45.59428740000003],[14.5072941,45.58919380000002],[14.5052728,45.58223279999996],[14.499066599999958,45.575674],[14.500681199999969,45.56713389999998],[14.4978691,45.56482139999996],[14.497405,45.55944559999996],[14.499376400000012,45.55270009999997],[14.497845900000032,45.55169529999996],[14.50048679999996,45.5491935],[14.4964016,45.546727499999974],[14.490486100000014,45.5377537],[14.475663299999967,45.533765],[14.457619499999955,45.52112759999996],[14.441691,45.51645819999997],[14.435145,45.5094757],[14.431726600000031,45.50947180000003],[14.427427699999965,45.50692870000002],[14.422479800000024,45.50980550000001],[14.415520500000016,45.509937899999954],[14.414649299999963,45.50798449999998],[14.407850900000033,45.5047107],[14.3984201,45.50286619999997],[14.40020550000001,45.500771600000036],[14.394341699999961,45.4940482],[14.387004799999973,45.49357410000004],[14.378962299999957,45.4880487],[14.360858400000035,45.48404390000003],[14.350341899999956,45.48555159999999],[14.342067,45.4802993],[14.338393200000036,45.47957769999998],[14.3282421,45.47222960000004],[14.322772200000026,45.4704149],[14.319993100000032,45.472910100000036],[14.316625899999961,45.48297360000002],[14.305979399999961,45.48019210000001],[14.2910182,45.4849119],[14.2864258,45.490354700000026],[14.276061299999968,45.48929139999998],[14.26792730000002,45.48226840000003],[14.264525800000042,45.48281280000004],[14.255044399999987,45.4948694],[14.2497417,45.497533800000014],[14.244983300000017,45.505377],[14.23483109999997,45.505569800000025],[14.223329600000016,45.501381499999965],[14.2199577,45.493360899999985],[14.2142845,45.49254929999998],[14.212187300000027,45.48851260000002],[14.210457800000013,45.48903010000003],[14.20628929999999,45.48206850000001],[14.20924629999996,45.479768599999964],[14.206538900000035,45.47847270000003],[14.207614400000027,45.469271599999985],[14.1729393,45.47958639999999],[14.15399240000004,45.481049],[14.143224500000033,45.47504429999996],[14.13654459999996,45.47503259999997],[14.1117858,45.4823089],[14.09150039999996,45.48192],[14.073109099999973,45.4845943],[14.0495,45.49854979999997],[14.042198099999984,45.49888259999997],[14.0302283,45.50688719999996],[14.0267147,45.511158300000034],[14.011100800000035,45.5197669],[14.001917799999978,45.519981499999986],[13.9974182,45.5155332],[14.001747700000026,45.508068299999984],[13.987464500000039,45.50964919999996],[13.9783086,45.51479930000002],[13.974580800000028,45.51506540000001],[13.968725,45.51225449999996],[13.962213400000016,45.505985699999975],[13.965629400000038,45.4961992],[13.9720354,45.4955272],[13.981627499999986,45.491365399999985],[13.9923107,45.48245779999998],[13.986207799999976,45.48243030000001],[13.996566699999983,45.47219850000004],[13.985176700000016,45.46861750000004],[13.9867953,45.464909],[13.98529219999998,45.461632799999975],[13.987119900000037,45.459006899999956],[13.9849254,45.45606540000003],[13.973308800000032,45.45073739999999],[13.970732699999958,45.44762],[13.956996799999958,45.45554719999996],[13.946591,45.45651730000002],[13.944213,45.454209400000025],[13.92574410000003,45.453919800000044],[13.925893799999981,45.45257939999998],[13.92385470000002,45.452196500000014],[13.914630099999984,45.45354910000002],[13.90916389999997,45.45119219999996],[13.9099833,45.44934919999997],[13.907441900000043,45.446787],[13.89733339999997,45.4418419],[13.897786200000043,45.4383176],[13.89271969999997,45.43789940000003],[13.887101299999975,45.429846200000014],[13.88709230000003,45.425875600000026],[13.877823100000034,45.42676020000003],[13.8775822,45.42512840000002],[13.876745400000038,45.42680510000002],[13.864369799999968,45.427492200000025],[13.863764900000012,45.42635230000003],[13.861724,45.42799670000002],[13.854348600000014,45.425687299999986],[13.855252500000018,45.428628299999964],[13.850866600000037,45.43257019999998],[13.826526499999984,45.435465099999966],[13.815053900000022,45.43440679999998],[13.814154400000026,45.44098909999997],[13.802892099999967,45.4444814],[13.80745309999996,45.45691609999998],[13.79773549999999,45.46270270000004],[13.786152300000024,45.466434],[13.780914499999989,45.46642349999997],[13.776376699999963,45.46386620000003],[13.7734982,45.465570700000015],[13.769538,45.4649199],[13.766043599999959,45.46716439999999],[13.7589667,45.46218310000003],[13.750841599999978,45.46048189999996],[13.739826699999961,45.46137279999996],[13.731231300000028,45.458783599999954],[13.726397500000024,45.45990530000004],[13.724331200000032,45.4590064],[13.7251725,45.45564059999996],[13.723029100000032,45.45616479999999],[13.7081506,45.45238049999996],[13.7071267,45.4574337],[13.702883500000022,45.45626510000003],[13.701272599999962,45.453882599999986],[13.69714539999998,45.45400389999999],[13.68195389999998,45.4442195],[13.676577,45.4448529],[13.677579399999965,45.44330830000001],[13.675315,45.44240389999997],[13.667491700000015,45.44706120000002],[13.664388699999956,45.447182700000035],[13.661567699999958,45.4517649],[13.6554346,45.452195600000024],[13.651552,45.454083900000036],[13.6500199,45.4570311],[13.6273842,45.46261479999996],[13.605828300000015,45.46570419999996],[13.59361639999999,45.47225190000002],[13.5880217,45.47307940000001],[13.578411500000035,45.4798784],[13.554185900000041,45.491260800000035],[13.528595700000027,45.50017809999996],[13.51759629999996,45.50196449999997],[13.508502900000034,45.505274800000045],[13.501235600000031,45.50121710000004],[13.505118499999961,45.4993294],[13.497167100000022,45.49768339999996],[13.499238399999983,45.49235980000002],[13.492099599999955,45.4911315],[13.489667900000017,45.48680920000004],[13.501310199999986,45.4776071],[13.503666800000017,45.477354699999985],[13.5033607,45.47594409999998],[13.508531199999977,45.47502040000003],[13.510785199999956,45.4731028],[13.508939900000042,45.46826889999998],[13.506251199999978,45.467251],[13.509247900000036,45.46816159999998],[13.508954700000023,45.4653214],[13.514064599999957,45.46340770000002],[13.5085379,45.458527],[13.514486,45.45833849999999],[13.5136926,45.45704870000003],[13.517613799999987,45.45381030000004],[13.515400099999967,45.45267259999997],[13.517011599999988,45.45132659999998],[13.515453300000017,45.45091559999999],[13.515199200000042,45.45245330000003],[13.5121094,45.451165200000034],[13.5161465,45.44852350000004],[13.5190545,45.44941840000001],[13.5181324,45.44819250000001],[13.5148133,45.448116600000034],[13.515821700000034,45.44600859999997],[13.510723199999978,45.44471790000002],[13.508596400000043,45.44155929999998],[13.510119,45.440164],[13.509825200000018,45.44142770000002],[13.5127962,45.440550800000025],[13.51228389999997,45.43861450000004],[13.5143635,45.43770219999997],[13.512956700000037,45.438411500000036],[13.514576500000034,45.44045530000003],[13.517876,45.43969720000001],[13.517673400000033,45.43848379999998],[13.51561650000002,45.43809859999999],[13.517747200000011,45.438446099999965],[13.517967500000031,45.43973190000004],[13.516053,45.44078619999996],[13.523060399999979,45.4393159],[13.524195899999961,45.4372121],[13.52275769999998,45.43408269999998],[13.520072699999956,45.433593],[13.5199327,45.43449249999996],[13.519547099999988,45.43402679999998],[13.516774,45.43474250000004],[13.516686099999967,45.43427530000002],[13.514998,45.43416380000003],[13.51279130000003,45.43627449999997],[13.5146738,45.434185],[13.516508,45.4330245],[13.519683800000019,45.43289590000002],[13.518037300000033,45.4279041],[13.5237015,45.42643720000004],[13.524046,45.4251636],[13.518210100000031,45.42194050000004],[13.5155593,45.42331990000004],[13.517365599999968,45.42126620000003],[13.51526250000004,45.41577640000001],[13.5237691,45.41060670000002],[13.524008700000016,45.40796859999996],[13.530502699999984,45.4025846],[13.536832400000035,45.402057099999965],[13.530840499999956,45.39578340000001],[13.540531400000026,45.39154010000002],[13.5349084,45.38986030000003],[13.532237900000025,45.3865901],[13.538576500000014,45.38064739999999],[13.5385891,45.38170220000004],[13.545331299999978,45.37808609999998],[13.535173800000026,45.375403399999975],[13.54512509999997,45.37277420000004],[13.540431600000028,45.36703450000004],[13.5426436,45.3608476],[13.552042599999984,45.360423900000015],[13.556217600000013,45.357890900000044],[13.552097800000022,45.35650180000004],[13.549882599999966,45.353698199999975],[13.542080899999979,45.3515505],[13.537970499999966,45.35206019999998],[13.544533100000015,45.34101810000002],[13.540385899999977,45.33781659999998],[13.544222,45.33306109999997],[13.538778400000021,45.33026029999996],[13.5419341,45.32761180000003],[13.55157310000004,45.3259239],[13.553077399999983,45.3213167],[13.5555852,45.3213909],[13.55783489999998,45.32421159999998],[13.5641717,45.3219684],[13.564545,45.318879],[13.561964,45.31888819999997],[13.562392400000038,45.316526699999976],[13.56083580000003,45.31655010000004],[13.56150110000001,45.318352799999985],[13.558997399999976,45.31861620000002],[13.559508800000012,45.317786500000025],[13.556644,45.31608109999996],[13.555450799999983,45.31764390000004],[13.556007699999965,45.316477900000024],[13.5573842,45.31524880000002],[13.559351499999964,45.31460749999999],[13.564634900000042,45.31429619999999],[13.568128900000035,45.3161759],[13.572278299999988,45.313567],[13.5765056,45.31439330000003],[13.581579599999975,45.313346199999984],[13.593413099999955,45.316097900000024],[13.605366,45.31535],[13.61037670000003,45.313457],[13.614490100000024,45.3139926],[13.613014599999977,45.311604699999954],[13.60575740000001,45.3119004],[13.60037510000001,45.30817580000002],[13.591275600000023,45.305894900000034],[13.5870181,45.30196529999997],[13.590190400000028,45.2975236],[13.575308399999967,45.300459],[13.56848139999998,45.298277],[13.581149,45.29004970000004],[13.587558400000036,45.28388619999997],[13.590942900000028,45.28405149999997],[13.592237400000021,45.2857512],[13.592213299999981,45.28322589999996],[13.596972799999966,45.28281790000004],[13.6016846,45.285698],[13.596092200000024,45.279388100000034],[13.6062232,45.27674229999997],[13.603005599999966,45.277106099999955],[13.598624700000043,45.27430569999998],[13.59676760000004,45.2770625],[13.5937474,45.27532529999996],[13.590990100000026,45.27657589999996],[13.5841884,45.27575760000003],[13.582124300000013,45.27782520000004],[13.5820683,45.271937200000025],[13.5729569,45.264368],[13.57549820000004,45.2636669],[13.577064200000025,45.265985100000044],[13.582284699999962,45.26492630000001],[13.58087370000001,45.259382100000025],[13.576816499999959,45.25776220000002],[13.575994299999964,45.255806899999975],[13.582221299999956,45.25525990000001],[13.583761,45.2534736],[13.5916885,45.255777700000046],[13.5940072,45.255019099999984],[13.595805500000017,45.2537666],[13.595193600000014,45.251472900000024],[13.58941669999996,45.24896620000001],[13.600815699999961,45.2436728],[13.596651400000018,45.23997960000004],[13.596891900000022,45.23824370000003],[13.5947136,45.23802580000003],[13.59896030000001,45.231752600000036],[13.5981831,45.22836580000003],[13.592152899999958,45.22938929999998],[13.588711499999965,45.22773809999996],[13.594517899999973,45.226077400000044],[13.59604910000001,45.22354720000004],[13.594076100000011,45.2235414],[13.594193,45.224843600000014],[13.5935284,45.22275629999997],[13.594463800000026,45.22026379999998],[13.592024,45.218289],[13.5947362,45.2140541],[13.588441099999974,45.21348589999997],[13.5920342,45.20940049999998],[13.58709340000002,45.20914169999997],[13.5910466,45.2068566],[13.595625799999981,45.2080524],[13.59892319999996,45.2036545],[13.5907,45.202561],[13.589119399999964,45.2057317],[13.587245800000018,45.205790599999986],[13.5860015,45.204198599999984],[13.589869600000041,45.20138460000003],[13.590599599999956,45.198746599999986],[13.586905700000033,45.19996420000001],[13.579820099999965,45.1979009],[13.5801113,45.1957646],[13.5862172,45.19419990000002],[13.584640600000023,45.194082900000026],[13.585366699999971,45.1906852],[13.59116009999997,45.18916159999998],[13.5892552,45.1858965],[13.59409049999996,45.1857215],[13.59464620000002,45.186933199999984],[13.6036114,45.18069079999996],[13.603420199999986,45.177974],[13.598748299999967,45.178421599999965],[13.60027,45.17685290000002],[13.595399700000014,45.177067],[13.597120099999985,45.178565],[13.595308099999984,45.1770534],[13.589607500000026,45.17653640000004],[13.588686799999964,45.17497210000001],[13.590922799999964,45.17309949999997],[13.598045900000026,45.172650200000014],[13.599579099999962,45.1701243],[13.596398,45.16765680000004],[13.6036737,45.1648558],[13.599850200000011,45.16344880000003],[13.6039431,45.16188389999996],[13.606658699999977,45.162809299999964],[13.6051455,45.160972400000034],[13.610959899999967,45.15881309999999],[13.604097199999957,45.15319679999999],[13.597344,45.15351869999998],[13.598576300000035,45.15211540000004],[13.5969808,45.15019570000001],[13.602189400000023,45.150683599999965],[13.603531799999983,45.1487904],[13.599644300000028,45.148851],[13.5977611,45.146998499999974],[13.597460700000012,45.14510350000003],[13.600889799999964,45.14274390000002],[13.596692899999988,45.14061559999996],[13.601960800000027,45.139433],[13.60327020000001,45.1319287],[13.608744900000017,45.13269420000002],[13.612406,45.130296599999966],[13.61268509999998,45.131845],[13.614749,45.13166380000003],[13.621156599999965,45.13639350000003],[13.626408899999957,45.1370942],[13.6368628,45.13708350000001],[13.641368899999987,45.13443069999999],[13.65854370000004,45.1355171],[13.6693539,45.13338460000003],[13.686370500000015,45.13266010000004],[13.690652700000031,45.135850499999954],[13.70824860000002,45.13811129999996],[13.711663500000041,45.13688930000002],[13.716869,45.13762240000001],[13.7207692,45.13507339999996],[13.726618199999988,45.13525],[13.739927,45.1290733],[13.734560299999957,45.12976839999996],[13.7257575,45.1335786],[13.722790099999974,45.13290920000004],[13.715670600000033,45.134404],[13.711246,45.132949900000035],[13.706564500000033,45.13470209999997],[13.693034,45.13252719999996],[13.685817900000034,45.12895159999997],[13.645490599999958,45.1302284],[13.637312199999977,45.1293427],[13.633102700000025,45.13154309999999],[13.626649200000033,45.130799199999984],[13.62345289999998,45.12854809999998],[13.623993300000018,45.12667289999999],[13.621238800000016,45.12769789999998],[13.622947099999964,45.12488920000002],[13.621019099999957,45.12500620000002],[13.620485,45.123392399999986],[13.6274775,45.122213100000025],[13.624386,45.121270899999956],[13.623349899999985,45.115905],[13.619888700000041,45.11936210000003],[13.6155129,45.12074140000002],[13.614340399999984,45.11967039999996],[13.6173033,45.11826840000004],[13.616213100000033,45.116828800000036],[13.609194299999986,45.11817790000001],[13.606904,45.1171214],[13.607380600000022,45.115324199999975],[13.6122044,45.11163129999996],[13.613334599999986,45.10645050000002],[13.6207867,45.10360920000003],[13.622155899999958,45.1002941],[13.631905900000033,45.0994096],[13.630133,45.09421420000002],[13.632336400000037,45.094007],[13.635835800000033,45.0980965],[13.6403118,45.097157099999976],[13.641293699999983,45.094301699999974],[13.6403192,45.086463100000046],[13.6329649,45.083618699999974],[13.629062200000023,45.08408940000002],[13.633497600000014,45.07989220000002],[13.632937899999979,45.0813305],[13.635614500000019,45.08201369999996],[13.63585390000002,45.07995169999997],[13.638794599999974,45.0791492],[13.635167199999957,45.07430180000003],[13.632989299999968,45.0761542],[13.6352567,45.072216499999975],[13.637437200000017,45.07172010000003],[13.636595099999974,45.069661],[13.631662699999984,45.0686144],[13.62654290000003,45.070243100000035],[13.629851100000016,45.06575539999998],[13.62887430000002,45.063308600000035],[13.635177199999985,45.0645792],[13.6373415,45.0631547],[13.6382678,45.065133],[13.64222150000001,45.064398399999966],[13.6454332,45.0669998],[13.651568499999959,45.066575599999986],[13.652811200000018,45.06572219999998],[13.651202599999971,45.0646598],[13.65842929999999,45.0648712],[13.662792799999982,45.06105049999998],[13.670991699999972,45.0605644],[13.67327970000001,45.059168],[13.669886600000018,45.05625480000002],[13.6749992,45.05540519999998],[13.67725790000001,45.05282579999999],[13.688971600000025,45.05058810000003],[13.6885269,45.04869580000004],[13.6822515,45.04743359999997],[13.6812359,45.0441471],[13.691418299999961,45.038762800000015],[13.689954199999969,45.03511579999997],[13.692531799999989,45.029567],[13.689610300000025,45.02728150000004],[13.690278499999978,45.0236623],[13.69683289999997,45.022215099999976],[13.7017862,45.024218],[13.706383499999978,45.0214328],[13.710965,45.0232438],[13.7143767,45.02161440000001],[13.715192900000032,45.02016130000004],[13.711635400000025,45.014016],[13.714378499999972,45.0115507],[13.711194300000033,45.0100048],[13.71156580000004,45.008176499999976],[13.7206445,45.0076261],[13.719057100000013,45.00579930000002],[13.724556099999988,45.00288869999998],[13.724240499999988,44.9975282],[13.731192899999959,44.99590369999998],[13.731542099999986,44.99299220000004],[13.7364554,44.991571],[13.7337675,44.98743609999996],[13.735058499999967,44.985812900000035],[13.741475,44.98759670000001],[13.7452374,44.9851737],[13.7542072,44.985478],[13.7566514,44.9871939],[13.7635462,44.98577789999998],[13.760789099999963,44.983071],[13.764940399999984,44.979465300000015],[13.764628899999968,44.975833100000045],[13.767300599999958,44.97075679999996],[13.770786800000016,44.96628780000003],[13.780788400000036,44.960084599999966],[13.781091599999987,44.95762840000004],[13.7839987,44.95557380000004],[13.7853459,44.956228],[13.781649599999971,44.951439],[13.788699099999983,44.94581119999999],[13.789836400000025,44.94063850000001],[13.801689699999956,44.93064839999997],[13.80147529999998,44.920093900000026],[13.8033411,44.91501049999998],[13.809245500000026,44.9119644],[13.81460039999998,44.9144267],[13.809392400000013,44.9118097],[13.809236399999984,44.909436],[13.813132799999964,44.90786620000003],[13.810837300000015,44.9061033],[13.809080399999955,44.898941700000044],[13.80471450000003,44.89841489999998],[13.8025972,44.895698500000016],[13.7977281,44.894604600000015],[13.794180700000028,44.8905424],[13.797981600000012,44.88996870000004],[13.806056400000037,44.89313779999998],[13.804802300000011,44.88386720000004],[13.807434899999963,44.882167199999984],[13.811341900000022,44.88294759999998],[13.8114501,44.87893870000002],[13.81727089999996,44.878144],[13.81764029999997,44.87568420000004],[13.822087,44.8790404],[13.8311757,44.877865699999965],[13.83306640000002,44.8792186],[13.8321291,44.8811348],[13.835929699999964,44.88277950000002],[13.8347344,44.8844357],[13.839574099999966,44.88569749999996],[13.844699500000027,44.88371729999999],[13.847755099999985,44.883922099999964],[13.848409200000015,44.88527359999997],[13.84607570000003,44.8783834],[13.847793300000037,44.87339069999999],[13.8413608,44.8712869],[13.838824600000036,44.8719652],[13.8387383,44.8756],[13.835167200000024,44.87487309999998],[13.833746,44.8723733],[13.840951900000013,44.87113490000004],[13.84210319999997,44.867827],[13.83678580000001,44.86454749999998],[13.831928099999983,44.86384730000004],[13.8315096,44.8652617],[13.828646100000034,44.86329279999999],[13.829984,44.866027500000044],[13.827793500000011,44.866544199999986],[13.825696300000038,44.863962],[13.816382900000027,44.864049],[13.8159102,44.8656416],[13.81777090000003,44.86533070000003],[13.81058,44.86917470000003],[13.807191100000042,44.86937589999998],[13.807036400000031,44.87262289999996],[13.804280299999986,44.8728197],[13.799928399999976,44.8768398],[13.80039290000004,44.875489199999976],[13.797645,44.874527],[13.794796299999982,44.87645180000004],[13.79285380000002,44.87367360000003],[13.797209199999964,44.8676126],[13.79658740000003,44.86363250000003],[13.800386899999987,44.86067019999998],[13.803446600000017,44.8619478],[13.806779600000011,44.86127539999996],[13.806836700000028,44.85910230000001],[13.812111500000016,44.8616966],[13.814024,44.8597366],[13.809210499999972,44.857002299999984],[13.813938099999982,44.85441560000001],[13.81748679999997,44.8552378],[13.814919800000029,44.86025970000003],[13.81850420000004,44.860795500000044],[13.822050800000033,44.85924210000003],[13.822443,44.8566041],[13.826701199999961,44.85784240000004],[13.824898400000011,44.85396959999997],[13.830055400000022,44.853843099999985],[13.83070729999996,44.85030970000002],[13.836497799999984,44.85030540000002],[13.830643199999985,44.84791859999997],[13.831550900000037,44.84357429999997],[13.835067,44.8430412],[13.82700880000001,44.8362162],[13.8336513,44.8327414],[13.8360471,44.83533229999997],[13.84130119999996,44.83564789999997],[13.836608399999987,44.83873590000003],[13.842737699999978,44.845782599999986],[13.84867,44.84671590000003],[13.84888790000001,44.84527220000003],[13.84263730000002,44.84301279999996],[13.842524500000012,44.83872779999998],[13.8472905,44.836950600000016],[13.8447583,44.83639729999998],[13.8436773,44.831538799999976],[13.8509659,44.830854],[13.852786,44.83239830000004],[13.859997200000022,44.8334025],[13.86248330000002,44.82933570000003],[13.8578082,44.827047],[13.854101700000014,44.8288373],[13.851812799999989,44.82618219999997],[13.8502188,44.82806060000004],[13.846758200000012,44.8281748],[13.846722800000014,44.82459750000003],[13.851389499999959,44.82104689999998],[13.856435600000031,44.82114830000002],[13.853410899999966,44.81802079999997],[13.8561615,44.81561289999996],[13.862104799999967,44.81605849999997],[13.8645902,44.820696],[13.867386800000018,44.82203109999996],[13.874856299999964,44.820933],[13.873412399999955,44.8192545],[13.8654833,44.81730540000002],[13.8619978,44.812907400000014],[13.86800869999996,44.808311900000014],[13.87053559999996,44.810282399999984],[13.8717286,44.8088174],[13.87554840000003,44.80874089999998],[13.878092500000031,44.81032539999999],[13.878337799999988,44.80819630000004],[13.872976500000037,44.8049035],[13.880297500000042,44.805643],[13.885822599999956,44.810358],[13.88836650000003,44.80862650000002],[13.892384200000011,44.80981060000003],[13.90258450000004,44.808329200000024],[13.904172299999965,44.8014427],[13.901910200000026,44.798780900000025],[13.904882600000027,44.797321900000014],[13.9010188,44.7918643],[13.903538500000016,44.78948270000003],[13.901701900000022,44.78660880000001],[13.9071312,44.785891199999966],[13.9037637,44.78322049999997],[13.903464,44.778511499999986],[13.906205100000028,44.776977],[13.905166900000014,44.77522080000003],[13.9077387,44.772307400000024],[13.90519930000003,44.769752899999965],[13.907622399999967,44.76836729999998],[13.916702,44.768132099999974],[13.91924589999998,44.766083],[13.921568400000032,44.76782990000002],[13.924485,44.766573],[13.926783699999982,44.769698199999965],[13.91701240000001,44.772059300000016],[13.922666899999973,44.77363589999999],[13.92189160000004,44.77693290000003],[13.91426279999997,44.77458149999998],[13.91245069999996,44.77566],[13.9166592,44.778974600000026],[13.919730099999986,44.779102500000036],[13.920531400000028,44.781305499999974],[13.91710089999996,44.783080899999966],[13.91741339999997,44.785166],[13.919563100000024,44.7858476],[13.915984100000015,44.785818900000024],[13.9138047,44.79287270000003],[13.916843399999971,44.7923507],[13.9188544,44.7963074],[13.921344399999972,44.795842099999966],[13.919410700000027,44.79729039999998],[13.92095459999996,44.7994632],[13.919846500000025,44.800807099999986],[13.924402499999958,44.8029317],[13.918696299999981,44.806051],[13.919546399999975,44.80889390000003],[13.915884,44.808736200000034],[13.918182800000038,44.81194250000003],[13.910474499999962,44.81513089999996],[13.902906799999974,44.814740100000044],[13.898335500000018,44.8168553],[13.888128599999975,44.816989700000015],[13.88307,44.82236550000001],[13.884887500000035,44.824262500000025],[13.889704100000037,44.8243224],[13.893926199999965,44.820416799999975],[13.9016416,44.81778750000003],[13.9029565,44.820746900000024],[13.8985898,44.82450029999998],[13.90705349999997,44.82370059999999],[13.908683500000011,44.82230260000004],[13.910462699999963,44.82472239999998],[13.909900399999978,44.83001720000002],[13.91473370000003,44.82910060000003],[13.919001600000017,44.825593],[13.923914900000026,44.825793500000046],[13.924918400000012,44.82253259999998],[13.928266199999987,44.82148030000004],[13.926852199999965,44.81975710000002],[13.923556500000037,44.82112180000004],[13.9222272,44.82014089999998],[13.922582099999973,44.81636830000002],[13.927592799999958,44.81643050000002],[13.929603599999977,44.819995500000026],[13.933302,44.8180898],[13.9336121,44.81636989999998],[13.928019900000036,44.81412160000003],[13.92649,44.80866520000002],[13.9297284,44.803172600000046],[13.931716600000014,44.804043200000045],[13.929771600000022,44.80545230000002],[13.932391800000014,44.809445099999984],[13.929823300000036,44.81185379999997],[13.93444489999998,44.81393270000003],[13.94112680000004,44.81080910000004],[13.943533,44.805765],[13.949198399999977,44.80332509999996],[13.958701799999988,44.80539970000002],[13.964027600000021,44.80329959999998],[13.972352,44.80521779999998],[13.976432,44.80319610000004],[13.987572900000037,44.80308929999999],[13.99063559999996,44.80593269999998],[13.9991346,44.802279499999955],[14.002195300000023,44.80312139999998],[14.003460900000023,44.8056946],[13.994640200000012,44.80785570000001],[13.9991335,44.808873600000034],[14.0001469,44.8113421],[13.9899673,44.81614459999999],[13.992232600000024,44.81802179999997],[13.990729299999986,44.818430400000025],[13.9912275,44.82071619999997],[13.98527860000001,44.82200559999998],[13.98363420000002,44.82098569999997],[13.984223800000043,44.81762579999997],[13.976212899999977,44.81728129999998],[13.9759406,44.81947749999998],[13.9746222,44.81840370000003],[13.971816700000032,44.820582700000024],[13.97608270000004,44.82052920000004],[13.981619400000026,44.82538989999996],[13.9862027,44.82591340000002],[13.984992,44.82812739999998],[13.989023499999979,44.8289327],[13.9891805,44.831158600000045],[13.985330799999977,44.8354304],[13.982252600000015,44.8362463],[13.978158,44.84043620000003],[13.982350400000024,44.84810549999998],[13.9806239,44.85346340000001],[13.9829814,44.85240349999997],[13.9849778,44.85422590000004],[13.989755200000035,44.854905699999975],[13.992830400000015,44.8611686],[13.997824,44.86293189999997],[14.000798600000012,44.86240110000002],[14.00119290000004,44.86460190000004],[13.994982900000034,44.86690740000002],[13.997132399999982,44.8705053],[13.995069700000021,44.87135619999996],[13.995360899999957,44.873419],[13.990842799999962,44.873648800000026],[13.993132300000036,44.8766154],[13.990377600000018,44.87847630000004],[13.99309680000003,44.878698699999966],[13.995022500000024,44.881113700000036],[13.999615800000024,44.880075],[14.00159950000002,44.883008500000045],[14.00270850000003,44.88227950000004],[14.003608,44.88643509999997],[14.002757800000024,44.887535100000036],[13.994971200000043,44.88645830000002],[13.9893275,44.88729560000002],[13.9911115,44.88976690000004],[13.984461199999968,44.89384189999997],[13.98015119999996,44.89174759999997],[13.98345,44.897433599999964],[13.980776700000023,44.90180780000004],[13.9833119,44.902635799999985],[13.987680599999978,44.896787200000034],[13.996826900000018,44.891848599999975],[13.997971799999979,44.893983],[14.000229800000023,44.892497],[14.00662660000003,44.892785699999976],[14.012263599999967,44.9014659],[14.015739100000028,44.896524699999986],[14.019005,44.89914220000002],[14.01957040000004,44.902238],[14.023648699999972,44.90215970000003],[14.0231434,44.90469620000002],[14.02662319999997,44.90437090000002],[14.026142499999986,44.910192799999976],[14.029528,44.91278719999996],[14.019174599999976,44.91638439999997],[14.022413900000034,44.91843110000003],[14.025701700000019,44.917717500000045],[14.025003900000014,44.92012429999997],[14.0289069,44.9194441],[14.027100400000018,44.9263754],[14.031969,44.92253260000001],[14.032575300000042,44.919261800000015],[14.035730399999972,44.91703909999996],[14.038199299999969,44.9175762],[14.041754100000018,44.92371289999997],[14.038751600000014,44.92570829999996],[14.042547899999972,44.926267],[14.042784099999976,44.92800979999996],[14.040655599999988,44.92907179999999],[14.0455764,44.9314818],[14.041423400000012,44.933878300000046],[14.048242499999967,44.93583759999998],[14.050213599999987,44.93811510000003],[14.0489674,44.94041369999997],[14.04532550000002,44.941452],[14.0470214,44.94244589999999],[14.044912500000043,44.94455189999998],[14.038489700000016,44.94439690000003],[14.040668399999982,44.94691610000002],[14.03109949999997,44.95126959999998],[14.031716500000039,44.95381689999998],[14.03634439999997,44.953547],[14.036626899999986,44.951304700000044],[14.050242299999963,44.9468332],[14.05297290000003,44.947513],[14.054479499999987,44.95114809999996],[14.050435300000034,44.9550796],[14.05677,44.95926549999996],[14.052280899999973,44.96289179999997],[14.0558354,44.96273189999998],[14.064537100000022,44.967192],[14.0633518,44.970988400000024],[14.066877100000012,44.9741686],[14.0635815,44.9777078],[14.065386599999966,44.97861779999997],[14.072084899999963,44.975578899999974],[14.0766335,44.97794030000004],[14.072737200000022,44.98086510000002],[14.069769,44.9929766],[14.053116600000019,44.996684600000016],[14.048699,44.995464799999986],[14.0489986,44.99863290000002],[14.0463793,45.0000766],[14.037406900000041,45.00084],[14.037315,45.00364869999998],[14.04206460000004,45.00732810000004],[14.0467916,45.014919],[14.042806200000028,45.01974609999997],[14.039100700000033,45.03151070000003],[14.045901100000039,45.03233239999998],[14.0467894,45.03541580000002],[14.049822699999973,45.02957830000001],[14.053876099999977,45.0267218],[14.05326,45.021852399999986],[14.059397600000038,45.01862050000001],[14.060102800000033,45.0144435],[14.054325600000043,45.00687739999996],[14.054836300000021,45.00313979999997],[14.057708199999967,45.00177070000002],[14.06187739999996,45.00253510000003],[14.064113200000032,45.00031859999996],[14.067360200000016,45.000047299999984],[14.07789439999996,45.0055382],[14.076042600000042,44.99764679999996],[14.0795706,44.99453729999998],[14.081542,44.98501879999997],[14.087779899999967,44.985191599999965],[14.08704139999997,44.9809401],[14.089751300000012,44.97586850000004],[14.094034899999967,44.975522900000044],[14.0972449,44.973291],[14.098187800000032,44.975157199999984],[14.1007273,44.97316779999996],[14.096671,44.9689194],[14.096745299999961,44.970966099999956],[14.093620200000027,44.9720625],[14.086353900000018,44.9685738],[14.0863483,44.97043870000002],[14.078445700000012,44.971302900000026],[14.072565700000043,44.96920880000004],[14.07378380000002,44.96464],[14.068128,44.9597137],[14.069899499999975,44.956898400000036],[14.068010299999981,44.952083800000025],[14.069823,44.95038030000003],[14.0650617,44.9449945],[14.0753787,44.94677729999999],[14.0810938,44.957064500000016],[14.088184300000032,44.9621309],[14.095499900000034,44.96367510000004],[14.109160500000021,44.971727499999986],[14.112682,44.970290900000045],[14.116028400000017,44.97134470000002],[14.1210391,44.96801949999996],[14.118183399999976,44.965851100000044],[14.122237599999957,44.96174920000003],[14.129077400000027,44.96501389999997],[14.13303740000003,44.964872],[14.137135099999968,44.96775339999997],[14.13964450000003,44.960660800000035],[14.143863699999985,44.956970400000046],[14.14732849999996,44.957017899999975],[14.15480810000003,44.9645871],[14.158642,44.97129420000002],[14.161730099999973,44.97356509999997],[14.164055299999982,44.973453599999985],[14.16563419999997,44.979204500000016],[14.1698113,44.97989790000001],[14.171810400000021,44.98639330000001],[14.171122400000028,44.993196],[14.1659288,45.00512229999996],[14.168365299999989,45.0102485],[14.165796499999987,45.0146905],[14.1620664,45.014516900000025],[14.164959199999986,45.01710160000001],[14.164298500000031,45.019820299999985],[14.1630261,45.02118339999997],[14.1589137,45.02056920000004],[14.1609651,45.02317660000004],[14.154958300000024,45.0279036],[14.156627400000014,45.02986549999997],[14.154609899999974,45.033558099999965],[14.159482299999974,45.03115640000002],[14.160875699999979,45.03291639999998],[14.156143,45.03687890000001],[14.14985720000002,45.04711909999997],[14.14200119999998,45.053922499999956],[14.144075899999956,45.05514610000004],[14.1630004,45.041160900000015],[14.161997100000038,45.04602619999996],[14.1582031,45.04925419999997],[14.159259,45.051520099999955],[14.154755,45.05260510000002],[14.15503409999999,45.055199],[14.158360599999979,45.055485],[14.15981609999997,45.059307],[14.156192800000026,45.059766200000034],[14.156330799999987,45.06244560000004],[14.154195100000026,45.0635347],[14.1551737,45.06547050000003],[14.147543299999969,45.0672424],[14.15350419999997,45.06942070000002],[14.151727100000015,45.0787433],[14.15351660000002,45.0797793],[14.1571939,45.07809669999996],[14.158925099999967,45.07904870000004],[14.16080320000002,45.07386319999998],[14.165905500000035,45.07277889999997],[14.168816099999985,45.0761865],[14.175952199999967,45.07986440000003],[14.178834,45.0863327],[14.1808497,45.08593350000001],[14.1895404,45.0931866],[14.198476100000027,45.10872139999998],[14.197135200000014,45.11540440000004],[14.1877766,45.12167919999999],[14.186239299999984,45.127371399999966],[14.178644299999958,45.132350299999985],[14.169215900000024,45.134666699999975],[14.182319899999966,45.132636],[14.189679699999983,45.12815179999996],[14.193758100000013,45.12235370000002],[14.202154,45.11976150000004],[14.204619300000013,45.11665180000004],[14.207525899999988,45.11599910000004],[14.2134806,45.12404279999998],[14.216601400000032,45.13486260000002],[14.22373960000001,45.13682319999997],[14.225525399999976,45.14227529999997],[14.2227486,45.14418179999998],[14.228536199999956,45.14943529999998],[14.22598,45.15328669999997],[14.231180199999963,45.15846260000003],[14.234896599999972,45.16773219999997],[14.237725299999985,45.16897519999996],[14.235799499999983,45.17006120000003],[14.234791599999989,45.17463080000002],[14.237304,45.1759261],[14.2373831,45.178273],[14.242664299999989,45.1798013],[14.24111450000001,45.1807246],[14.245017700000021,45.18396179999998],[14.24329170000003,45.18484939999996],[14.245763299999984,45.188065],[14.245800899999987,45.194315],[14.2420955,45.19823859999997],[14.24535690000002,45.20781189999999],[14.244587799999978,45.211019800000024],[14.250039200000012,45.216049],[14.250399599999989,45.221783],[14.254817200000018,45.22863989999997],[14.254822099999979,45.237460599999984],[14.259323199999988,45.24092210000004],[14.2626284,45.246629899999974],[14.2623687,45.25070909999998],[14.2650267,45.252739],[14.263929099999965,45.25597319999997],[14.266475100000035,45.26164959999997],[14.2652167,45.26463980000002],[14.271072600000027,45.26671920000003],[14.269235199999967,45.26953050000002],[14.272677600000042,45.27175490000004],[14.273539599999955,45.28680660000002],[14.276276099999977,45.29009240000002],[14.2782579,45.28964619999996],[14.277134699999964,45.29715859999999],[14.2833151,45.3039074],[14.280972,45.30591129999997],[14.286050699999956,45.3078191],[14.286522900000035,45.31231940000003],[14.2879769,45.313413],[14.289088599999959,45.3125713],[14.2913176,45.31417880000004],[14.291908300000026,45.31589229999997],[14.28920049999998,45.3128761],[14.288052699999957,45.3136587],[14.291259800000015,45.31568949999998],[14.2918575,45.31868649999998],[14.297890199999989,45.3204494],[14.30382389999996,45.332578900000044],[14.30841280000004,45.33503529999999],[14.3109768,45.3344429],[14.3101147,45.3385252],[14.3219582,45.347688899999966],[14.320181900000021,45.34766490000002],[14.32138019999996,45.35125089999999],[14.324709800000027,45.35116909999997],[14.3271881,45.3557381],[14.33198389999997,45.35587380000004],[14.333725900000042,45.35170550000003],[14.33689909999996,45.35187],[14.338678700000033,45.35009090000002],[14.355210800000021,45.345555099999984],[14.359020799999959,45.34324670000003],[14.362910800000032,45.343338],[14.3639205,45.3418777],[14.378958700000014,45.33908859999998],[14.377275199999987,45.33860959999996],[14.3801468,45.337775100000016],[14.3882998,45.33729210000002],[14.387420199999971,45.3368132],[14.3889169,45.336675499999984],[14.388861300000015,45.336226799999984],[14.386742699999958,45.336729800000036],[14.388306300000012,45.33617060000004],[14.3894386,45.33611189999998],[14.3910155,45.33670810000002],[14.391023200000012,45.33574330000003],[14.3963796,45.33664170000003],[14.392414,45.33479779999996],[14.411557699999959,45.3341101],[14.413266500000036,45.3327575],[14.410258899999965,45.33298469999996],[14.418303200000041,45.33155780000003],[14.4209755,45.32945549999999],[14.4221404,45.33072],[14.437834799999964,45.327061],[14.44177290000002,45.325524],[14.440113400000024,45.323749],[14.443166500000041,45.3228689],[14.447704099999962,45.32686309999998],[14.44328350000004,45.321924899999956],[14.441739900000043,45.32203579999999],[14.442759,45.32143820000001],[14.438707200000026,45.322615800000015],[14.437645099999989,45.321694299999976],[14.446369500000026,45.32067649999996],[14.4499877,45.32270830000003],[14.4502455,45.3205051],[14.457920399999983,45.31912869999997],[14.457858500000013,45.32058830000003],[14.460832699999985,45.32030820000004],[14.474119200000017,45.311743399999976],[14.481497300000038,45.31618370000002],[14.48327529999998,45.31511150000003],[14.479202399999961,45.310760700000024],[14.476757700000013,45.31100059999998],[14.485778299999955,45.307094299999974],[14.488343500000015,45.30802929999998],[14.488085299999968,45.303006100000026],[14.493615799999974,45.29761970000004],[14.495812900000042,45.2979167],[14.49733480000002,45.29492139999998],[14.509504600000026,45.292105],[14.522935500000015,45.28423829999997],[14.5248556,45.28507579999999],[14.5248771,45.28396779999997],[14.5298924,45.28376919999997],[14.529814699999969,45.28222459999998],[14.537048799999978,45.280939599999975],[14.542076500000038,45.27782840000003],[14.55279529999998,45.277764],[14.551277499999985,45.279625799999984],[14.55733789999996,45.27953769999998],[14.5560653,45.282139599999965],[14.560312699999981,45.28419209999997],[14.552980400000019,45.2928498],[14.537060499999969,45.3028276],[14.53548410000001,45.306655700000015],[14.543255299999961,45.30555560000003],[14.550028600000035,45.300352799999956],[14.558416,45.298054300000025],[14.564824499999988,45.29297819999996],[14.570518700000038,45.29163820000002],[14.574125799999974,45.2867634],[14.57884559999996,45.28513940000001],[14.5812131,45.28168979999996],[14.58122820000001,45.27900250000001],[14.564946799999982,45.282104199999964],[14.56629049999996,45.278032699999976],[14.562095200000028,45.2768081],[14.567106,45.27485319999998],[14.568209400000013,45.27163609999998],[14.563731300000041,45.2735718],[14.56005159999996,45.27318189999998],[14.562403499999958,45.270440199999975],[14.5624674,45.26532849999998],[14.57524869999998,45.2573337],[14.576799400000032,45.253321500000034],[14.572503699999965,45.2488008],[14.58300439999998,45.24927450000003],[14.583194499999989,45.24790140000002],[14.595713799999958,45.24248160000002],[14.598895799999982,45.238165799999976],[14.601786599999981,45.23880429999996],[14.602165299999962,45.236545600000035],[14.6061236,45.236449399999984],[14.6053946,45.23447089999997],[14.6075052,45.23502980000003],[14.611374399999958,45.23309059999998],[14.612396,45.23140030000002],[14.610178799999977,45.23043789999997],[14.611703099999977,45.227721099999975],[14.61653449999996,45.226021600000045],[14.609508799999963,45.22278839999996],[14.612359600000028,45.217847200000044],[14.61763780000003,45.2195149],[14.6244216,45.213551299999956],[14.63355280000003,45.21245740000004],[14.648115300000034,45.20486419999999],[14.648262499999957,45.20081130000003],[14.651841699999983,45.199928],[14.6521145,45.202357699999986],[14.655111800000013,45.200816199999984],[14.677011400000021,45.18539169999998],[14.686282900000029,45.174439],[14.690225899999957,45.172929],[14.687780300000023,45.17171279999999],[14.697132699999974,45.170685800000015],[14.6946726,45.169701500000016],[14.702200499999977,45.16854689999997],[14.713952300000036,45.16189120000003],[14.7192879,45.1573608],[14.7160665,45.1538132],[14.722400599999967,45.15192669999997],[14.7212159,45.150766199999964],[14.73667849999996,45.1436292],[14.740191800000039,45.138233],[14.750442299999959,45.13717089999996],[14.759145800000043,45.13221330000002],[14.767342799999964,45.129934],[14.785195399999965,45.12721249999996],[14.784166800000035,45.12980069999997],[14.785810599999975,45.12821380000003],[14.785147700000016,45.1268629],[14.7868145,45.127868],[14.78816750000003,45.12695379999996],[14.7862917,45.12522229999996],[14.7903945,45.123278100000036],[14.796042200000018,45.1235943],[14.804801800000037,45.12081780000004],[14.808290699999963,45.12172580000003],[14.8074646,45.11979910000004],[14.812030200000018,45.11842019999999],[14.814359600000019,45.1142392],[14.819620700000028,45.11619909999998],[14.8208442,45.11405270000002],[14.826445600000019,45.114275200000044],[14.827850800000023,45.112994400000034],[14.830760199999963,45.1160835],[14.833979300000037,45.1166567],[14.8310912,45.11095490000004],[14.834274,45.1079478],[14.8418216,45.110951800000045],[14.84418689999996,45.114489900000045],[14.8473529,45.11521440000004],[14.84432730000003,45.112284900000034],[14.84517080000001,45.1103361],[14.8400375,45.108265900000035],[14.844522700000033,45.103830699999975],[14.842447600000023,45.10378720000001],[14.842028499999985,45.097340300000035],[14.839184599999959,45.09645560000002],[14.84201270000001,45.096922700000036],[14.84639370000003,45.0872817],[14.852570699999971,45.0849533],[14.8570936,45.077724],[14.85509940000003,45.07285670000001],[14.858504799999976,45.0714096],[14.858989799999959,45.06804250000003],[14.862004099999963,45.06797920000003],[14.871102,45.055439300000046],[14.872530100000029,45.04837590000004],[14.877025,45.04517140000002],[14.875333800000016,45.039915700000016],[14.8813975,45.036698099999974],[14.881355,45.03072930000003],[14.8858534,45.02568190000003],[14.88421870000001,45.022242600000034],[14.890522200000026,45.0142333],[14.889145,45.01161579999997],[14.892109199999974,45.010137100000016],[14.89904760000003,44.998865100000046],[14.89854569999998,44.99204459999997],[14.90088689999998,44.99099650000003],[14.8962348,44.98960769999996],[14.914928,44.9766569],[14.917121899999989,44.97321079999997],[14.919252499999972,44.973728299999976],[14.9173818,44.971791],[14.921681400000034,44.967844100000015],[14.921093200000039,44.9617811],[14.925067900000014,44.959559200000015],[14.923948300000015,44.9581174],[14.927946100000037,44.95138940000003],[14.9232836,44.947030100000035],[14.92519389999996,44.945625900000024],[14.921974,44.9409947],[14.919882400000043,44.928958700000045],[14.917007699999955,44.92822330000004],[14.916578300000042,44.92564880000001],[14.914178,44.92578579999998],[14.91666390000002,44.92231070000004],[14.913957199999976,44.92024420000003],[14.914921199999979,44.91879810000002],[14.912606,44.91417869999999],[14.913972900000031,44.91122849999996],[14.911421,44.903468799999985],[14.910099800000024,44.90229979999998],[14.9106501,44.90458079999998],[14.906613200000022,44.9072294],[14.907655099999987,44.9062438],[14.9033046,44.89859350000001],[14.906780800000034,44.89647570000002],[14.902398,44.8967321],[14.898082,44.89029839999996],[14.8987456,44.88781649999996],[14.89572420000003,44.8861338],[14.898238599999972,44.88252239999997],[14.892458199999984,44.87957059999999],[14.895801300000015,44.867427300000045],[14.893115600000021,44.861612],[14.894339300000018,44.860114199999984],[14.891427100000024,44.85508040000004],[14.88886719999996,44.854146699999966],[14.88488279999998,44.8591301],[14.884100199999976,44.848606799999985],[14.887348200000043,44.84758389999999],[14.885366,44.8465556],[14.885214900000014,44.843587099999965],[14.8820737,44.844462600000014],[14.881548,44.83952610000004],[14.8865586,44.83635180000003],[14.8812323,44.8357094],[14.881973,44.83064540000004],[14.884498299999963,44.829878199999975],[14.882700299999966,44.8275673],[14.884867,44.8257737],[14.880515,44.82270180000003],[14.880242,44.81814380000002],[14.885336,44.817448100000014],[14.88010389999999,44.81336829999996],[14.880001,44.8088376],[14.882375,44.80732150000004],[14.8799172,44.805497],[14.884019100000016,44.80192649999997],[14.8798057,44.802236300000025],[14.878917300000042,44.7989201],[14.881732199999979,44.79810489999996],[14.879310399999971,44.796527800000035],[14.879245099999986,44.79134439999997],[14.8818075,44.7876016],[14.881292199999988,44.7838521],[14.8847466,44.78343050000002],[14.88647640000003,44.78534860000001],[14.887397500000036,44.784344399999966],[14.8833963,44.7804052],[14.884967,44.77903639999999],[14.885271,44.77041820000003],[14.8884017,44.76856340000004],[14.885924800000042,44.766811],[14.8888676,44.762374],[14.887714499999975,44.76044959999999],[14.890208299999989,44.75868550000004],[14.88866720000002,44.75596630000003],[14.8915159,44.75422859999996],[14.889461700000032,44.75318019999999],[14.89004110000001,44.751072699999966],[14.892577800000021,44.75035120000004],[14.891977700000018,44.7475769],[14.895587900000033,44.747778],[14.8953652,44.743912700000045],[14.89897890000003,44.742702],[14.8970893,44.7409622],[14.899046500000027,44.738732],[14.89683820000001,44.73716509999997],[14.8977955,44.734225],[14.894154700000021,44.735428800000015],[14.891899300000015,44.72802909999998],[14.894467499999967,44.725698],[14.898299799999974,44.72709419999999],[14.896497599999984,44.7231656],[14.898701199999968,44.7200052],[14.894308,44.72248459999997],[14.889563899999962,44.72121379999999],[14.891719,44.719407],[14.889266499999957,44.718293],[14.889227800000041,44.71643769999996],[14.894021899999958,44.7117719],[14.891917800000035,44.70851249999997],[14.896425100000025,44.705274],[14.8978117,44.70593],[14.894555,44.6999145],[14.903546899999979,44.700093299999956],[14.896547899999971,44.69855309999998],[14.8961866,44.6963978],[14.902509,44.690957199999964],[14.904509,44.6910897],[14.903607,44.6881323],[14.912162499999985,44.689502200000014],[14.908657300000042,44.683725],[14.914342599999978,44.68180240000002],[14.913074699999965,44.679711],[14.915468,44.676836099999974],[14.91970310000004,44.676007],[14.920998799999955,44.670924699999986],[14.92805240000004,44.6696057],[14.925808700000024,44.66673640000001],[14.9297641,44.66622580000004],[14.93084669999996,44.662891],[14.9268915,44.663401699999966],[14.9258203,44.65775649999997],[14.928697,44.65698860000003],[14.928701899999956,44.6528835],[14.9319357,44.6539117],[14.930502,44.6505754],[14.933018,44.65057690000003],[14.93194140000003,44.64903679999997],[14.934818699999978,44.64724260000002],[14.936615,44.64801330000002],[14.936617300000025,44.6459606],[14.93985180000004,44.645962499999975],[14.938776599999985,44.6431396],[14.94093179999996,44.644167],[14.9416526,44.64211480000002],[14.945246299999985,44.6423732],[14.94273270000002,44.64006289999998],[14.944171400000043,44.63878070000003],[14.947764299999958,44.639552],[14.9470478,44.63724260000004],[14.950642199999956,44.6360891],[14.952797400000021,44.63698859999999],[14.952440499999978,44.633909600000045],[14.9545972,44.63314070000002],[14.9545985,44.631344700000014],[14.961932899999967,44.6307896],[14.958552799999984,44.62878050000003],[14.960351300000022,44.625702299999986],[14.963226,44.62493359999998],[14.961924299999966,44.62111050000002],[14.963951800000034,44.613131500000016],[14.968158799999957,44.6134384],[14.96473310000002,44.61115630000001],[14.9650432,44.609767],[14.967307,44.609595900000045],[14.967512599999958,44.60659120000004],[14.965321799999968,44.60543659999998],[14.966987400000024,44.602882300000026],[14.971109400000019,44.60166060000002],[14.9683226,44.6006265],[14.97104869999997,44.59836320000004],[14.975915,44.59877459999997],[14.974079600000016,44.59573420000003],[14.976209300000013,44.59326559999997],[14.97896659999998,44.59305930000004],[14.982039,44.58274569999996],[14.986141299999959,44.58183840000003],[14.985701399999977,44.5766823],[14.991475599999985,44.5784802],[14.988165899999965,44.574030599999986],[14.99627039999996,44.570939799999955],[14.9991853,44.573164],[15.001804399999989,44.56897219999996],[15.004603899999983,44.57028],[15.007863600000041,44.56354729999999],[15.012524,44.562314699999966],[15.014954899999958,44.55930210000001],[15.017355199999963,44.55912229999997],[15.0217642,44.563779600000025],[15.022303,44.55967729999997],[15.02548,44.55811649999997],[15.027974,44.56037289999997],[15.028542899999978,44.55702220000002],[15.031705,44.555287800000045],[15.033503199999968,44.556168700000015],[15.03525949999998,44.5529901],[15.036629299999985,44.554052200000044],[15.0387022,44.5519274],[15.041396499999985,44.55204609999997],[15.0427052,44.549138],[15.0452417,44.54849490000004],[15.045776800000036,44.549680399999986],[15.047062,44.545883399999965],[15.0619371,44.5358471],[15.061640499999966,44.53432669999997],[15.067355599999969,44.53353290000002],[15.065359199999987,44.53038780000003],[15.071099500000033,44.526809900000025],[15.0726342,44.52391370000002],[15.0747328,44.52376829999998],[15.075934799999983,44.525884099999985],[15.079089200000032,44.52539070000002],[15.078192800000027,44.523604099999986],[15.083358400000039,44.519331200000025],[15.090688700000014,44.5162383],[15.092827699999981,44.517920199999985],[15.092565200000022,44.51566909999998],[15.09799109999999,44.5121217],[15.100862499999982,44.513778599999966],[15.099788500000026,44.51064480000002],[15.10457090000004,44.506186],[15.109532200000023,44.505193099999964],[15.108435200000029,44.502697900000015],[15.112432099999976,44.50087120000004],[15.1111807,44.4992316],[15.115421799999988,44.49822190000004],[15.114289199999979,44.49684570000004],[15.11817440000001,44.49434389999998],[15.118689700000013,44.489730700000024],[15.124147200000019,44.48672119999997],[15.124408599999976,44.482284],[15.129067100000041,44.482022300000025],[15.1272729,44.4809979],[15.1301314,44.47714609999998],[15.1329964,44.476373],[15.135866399999957,44.47765259999996],[15.136938400000014,44.47636830000002],[15.132991300000013,44.47406380000003],[15.135499499999975,44.47406079999996],[15.135493700000028,44.47149510000004],[15.141939099999972,44.4696912],[15.1410389,44.468153],[15.145037800000031,44.4646502],[15.146852299999972,44.467129100000015],[15.147571499999971,44.464015100000026],[15.150796,44.46300559999999],[15.149789099999959,44.46193619999997],[15.153037599999978,44.462056],[15.15590039999997,44.46018510000003],[15.161342600000042,44.46245230000004],[15.160335700000042,44.458747700000025],[15.167947599999957,44.45459790000004],[15.1708605,44.45538509999998],[15.169877500000032,44.452339],[15.174336700000039,44.452193499999964],[15.174816200000011,44.44685380000002],[15.176182800000019,44.4463061],[15.179362300000014,44.45034150000003],[15.1797378,44.448311899999965],[15.18561190000001,44.44609],[15.187416700000037,44.44314410000003],[15.1799225,44.44535440000004],[15.190495200000024,44.43569],[15.192976399999973,44.4361094],[15.1980918,44.43241219999999],[15.204826299999977,44.431864599999976],[15.2142138,44.42631010000002],[15.2271641,44.4115057],[15.236559200000025,44.40558830000003],[15.235731899999964,44.404364899999976],[15.243268200000019,44.39767240000001],[15.243034499999956,44.39588249999998],[15.2493071,44.39067509999997],[15.251989100000033,44.390417300000045],[15.253726800000015,44.385852600000014],[15.257120599999977,44.38514459999996],[15.258956099999969,44.382969699999954],[15.260846,44.383463499999955],[15.258538399999958,44.381736499999974],[15.259961500000022,44.37993720000004],[15.263455500000015,44.37965709999996],[15.2682226,44.3739125],[15.271913699999965,44.37272489999997],[15.27724559999997,44.36552790000002],[15.280515199999959,44.36454920000004],[15.282451699999958,44.36568060000004],[15.28265020000004,44.362858],[15.285786199999988,44.3610804],[15.2903507,44.36338950000001],[15.290931700000025,44.36087680000003],[15.293355,44.35977760000003],[15.295341,44.361527500000044],[15.300026299999962,44.35823209999997],[15.303313399999977,44.358465900000034],[15.3039739,44.3564],[15.30712050000003,44.356542599999976],[15.3083267,44.35083780000002],[15.312205,44.35303950000003],[15.314736500000018,44.34917569999999],[15.321266500000034,44.349308399999956],[15.328148599999961,44.34414859999998],[15.336473900000017,44.3412506],[15.339610500000015,44.337140099999985],[15.350912199999959,44.33519770000003],[15.36163160000004,44.3304248],[15.363694800000042,44.33131539999997],[15.378155499999972,44.32654350000003],[15.380346499999979,44.327305],[15.382644,44.325055900000045],[15.386429100000013,44.3250091],[15.39096560000002,44.32225380000001],[15.396350399999962,44.32177510000002],[15.408395899999986,44.31720440000002],[15.408811299999984,44.31570050000003],[15.416727600000039,44.31119520000002],[15.418592100000032,44.31162130000002],[15.419202,44.3096728],[15.427797099999955,44.30428750000002],[15.430189899999961,44.298757100000024],[15.4382755,44.29506589999997],[15.439162899999962,44.2925191],[15.4442162,44.289701],[15.445218,44.286559400000016],[15.451059099999979,44.28305309999998],[15.45354069999996,44.27928939999997],[15.45977219999997,44.28042729999997],[15.459819100000031,44.282745500000026],[15.463241499999961,44.283905199999964],[15.4679792,44.28296230000002],[15.4697761,44.280145700000034],[15.476240800000033,44.277451],[15.478104599999968,44.26786679999997],[15.49519,44.26936429999997],[15.500266600000016,44.271835199999956],[15.503586,44.271490699999966],[15.50490850000004,44.27388960000003],[15.509137,44.2734533],[15.525800399999982,44.2690543],[15.527023099999985,44.2641272],[15.528868800000021,44.265827],[15.531374899999987,44.2629743],[15.531211499999968,44.2596724],[15.535146600000042,44.2596606],[15.536776900000019,44.261273699999975],[15.538193199999965,44.25885040000002],[15.54152610000004,44.2585303],[15.536906,44.25798650000004],[15.533734099999966,44.25572130000002],[15.5377686,44.2485461],[15.535560299999988,44.2462608],[15.532822799999972,44.2461189],[15.52980710000003,44.248415899999976],[15.522151300000035,44.2479514],[15.524768100000012,44.24493870000004],[15.52243819999997,44.2412198],[15.52290910000003,44.237613899999985],[15.527611399999989,44.2311948],[15.528172,44.22699460000002],[15.5413196,44.219241300000036],[15.554507799999987,44.2153892],[15.5624966,44.21071929999996],[15.572159499999975,44.209071599999966],[15.59003349999997,44.201377800000024],[15.593252599999955,44.195374],[15.596396500000024,44.19409880000003],[15.5957136,44.191726],[15.600859399999981,44.18960669999996],[15.606022300000037,44.184922299999975],[15.602147299999961,44.18372390000003],[15.602842800000042,44.181969800000026],[15.598507299999968,44.18222520000002],[15.5988222,44.18080510000002],[15.5965819,44.1801671],[15.596227,44.177438800000026],[15.599583500000017,44.174022200000046],[15.59940760000003,44.17006410000002],[15.60446870000001,44.16822660000004],[15.6057406,44.1699361],[15.609030900000013,44.161729],[15.616183,44.15510919999997],[15.6198307,44.1550891],[15.62318909999996,44.1530678],[15.632446699999972,44.1441358],[15.6274211,44.14151179999997],[15.6278944,44.13881580000001],[15.630660599999983,44.138114499999986],[15.629238099999968,44.13427220000004],[15.624371099999971,44.134495],[15.619188499999973,44.1324469],[15.618150299999959,44.12898349999997],[15.6117111,44.13221259999998],[15.5999815,44.14489260000001],[15.601248400000015,44.155588899999955],[15.605809500000015,44.15609689999998],[15.602202099999966,44.161329700000046],[15.60329970000001,44.16281640000004],[15.60619910000001,44.16230860000004],[15.605033500000024,44.166757099999955],[15.600878300000035,44.16674630000004],[15.598004,44.169381700000045],[15.59729,44.17370620000001],[15.593191699999979,44.1768447],[15.5932821,44.1802026],[15.5897291,44.178409200000026],[15.576859199999985,44.18273840000003],[15.5690296,44.189770600000024],[15.560271700000031,44.19211170000002],[15.548200700000029,44.190931599999985],[15.545286699999975,44.1881568],[15.5485912,44.184927499999965],[15.54677,44.181998099999966],[15.549501099999977,44.17981130000004],[15.545176099999972,44.18197659999996],[15.547208700000018,44.18376169999996],[15.546061499999956,44.1851243],[15.542152800000023,44.18677980000001],[15.524919099999982,44.17592420000003],[15.49662670000003,44.18856869999997],[15.479112699999979,44.2017488],[15.473563899999968,44.20184539999999],[15.47066249999998,44.2034289],[15.471971899999962,44.205616199999966],[15.4695839,44.2083195],[15.472580100000014,44.21032769999998],[15.482471599999984,44.209687700000046],[15.48637940000002,44.21235380000002],[15.493709200000042,44.211032],[15.50814150000002,44.213641199999955],[15.517234299999986,44.22067980000004],[15.5362593,44.2191883],[15.531261700000035,44.22213149999999],[15.530572,44.22436490000004],[15.5253659,44.22652350000003],[15.525952699999971,44.22849240000004],[15.520212799999959,44.237636399999985],[15.5212857,44.24491910000002],[15.5189714,44.24605519999996],[15.51674760000004,44.24536590000004],[15.512437400000016,44.24899520000003],[15.5094658,44.248256099999985],[15.507598400000026,44.24973810000004],[15.504979200000028,44.247933],[15.50357549999997,44.2507618],[15.499997200000019,44.24975119999997],[15.49706179999997,44.2512426],[15.49344,44.24966439999998],[15.49369639999996,44.25212669999996],[15.490596599999988,44.25346920000002],[15.484273,44.253996],[15.483886299999975,44.25240450000003],[15.48092029999997,44.25342159999999],[15.478076899999985,44.252288700000044],[15.47890830000003,44.255335],[15.4750466,44.25586430000004],[15.471089799999985,44.254566899999986],[15.464266599999958,44.25885050000003],[15.462564399999982,44.258256],[15.464120899999982,44.257519600000045],[15.4626162,44.25596659999998],[15.455752800000026,44.260508499999986],[15.442988699999963,44.262997],[15.427610200000034,44.260693],[15.423532,44.25626829999998],[15.4175386,44.254216],[15.41328109999998,44.2539466],[15.41329,44.255229600000014],[15.401458199999988,44.25805349999999],[15.3720007,44.274872199999976],[15.36558060000002,44.27617590000002],[15.365766500000037,44.27745819999998],[15.360948900000041,44.2779867],[15.35596279999996,44.280785],[15.35493979999996,44.280027899999965],[15.347530700000037,44.2847397],[15.34730219999996,44.283583900000025],[15.343773500000028,44.28450580000001],[15.338281900000043,44.2902541],[15.328397,44.29226849999997],[15.3333801,44.297571100000035],[15.3307221,44.30129890000001],[15.327876,44.3034885],[15.32162690000001,44.304276],[15.321111700000015,44.307997400000026],[15.315044800000036,44.30942610000002],[15.29278179999998,44.32084990000003],[15.2800788,44.32357479999998],[15.275368900000034,44.32682910000003],[15.277793600000015,44.33113460000003],[15.276259299999987,44.332585100000045],[15.2717854,44.329185300000034],[15.267279300000029,44.32940010000004],[15.2657558,44.33217060000003],[15.264414699999977,44.32728190000002],[15.2585873,44.32393769999999],[15.261753200000031,44.32185279999997],[15.260925600000034,44.3187466],[15.27161690000001,44.314227099999975],[15.28278019999996,44.302339],[15.299355399999962,44.294012700000046],[15.3062903,44.28777450000001],[15.3071781,44.282384700000016],[15.301706399999974,44.27868819999996],[15.294131899999956,44.2787209],[15.284202499999958,44.2814741],[15.281627399999968,44.27943910000001],[15.283515699999976,44.2751989],[15.28825780000003,44.2711927],[15.28756349999996,44.266321800000036],[15.293324899999975,44.2623227],[15.291828200000039,44.2601136],[15.293212199999976,44.2610433],[15.29257390000001,44.2595834],[15.2949408,44.259929],[15.3000279,44.256485],[15.298959299999963,44.248324400000044],[15.294850199999969,44.246349299999956],[15.292908199999959,44.24753669999997],[15.293337400000032,44.24585740000003],[15.291189,44.2453494],[15.285056199999984,44.24616369999997],[15.272943399999987,44.253868],[15.2605086,44.258766600000016],[15.249479699999972,44.26879070000003],[15.246171800000011,44.2687387],[15.247024899999987,44.269761399999965],[15.2407539,44.272391499999976],[15.232921899999988,44.28190119999998],[15.2284587,44.2811178],[15.226034,44.28389830000002],[15.223845300000031,44.283621699999955],[15.22383360000004,44.285778599999986],[15.217812500000031,44.28671219999996],[15.217418300000011,44.2896399],[15.209691900000037,44.29224360000004],[15.206408200000036,44.29110250000004],[15.216066900000017,44.28399810000001],[15.213556300000034,44.2801346],[15.207078499999986,44.28086319999998],[15.201277399999972,44.285977199999984],[15.196761199999957,44.28672539999999],[15.190901900000013,44.28155060000001],[15.196584399999983,44.2744323],[15.199973,44.2746921],[15.203988,44.2721879],[15.20584540000001,44.26548379999998],[15.213571699999976,44.25681989999997],[15.202246400000034,44.2469391],[15.183707299999986,44.24858490000001],[15.180040299999979,44.24798390000002],[15.180216199999967,44.2465624],[15.183304699999981,44.248374800000036],[15.189698099999974,44.24715310000003],[15.187985500000027,44.242648399999986],[15.18453320000002,44.24623740000003],[15.181022,44.243847],[15.182042800000021,44.241238],[15.187284500000024,44.24233569999996],[15.182967599999978,44.23998619999998],[15.185877300000032,44.23871619999998],[15.182859,44.23995619999999],[15.176518900000028,44.243771099999975],[15.176888699999983,44.24531779999997],[15.179976899999973,44.245811500000045],[15.171381400000032,44.25097580000004],[15.1773043,44.24934769999998],[15.17797,44.2479386],[15.176820500000025,44.250909299999954],[15.165743700000037,44.258570200000015],[15.15663559999996,44.2686992],[15.153064,44.268447499999965],[15.14540859999998,44.2776947],[15.1402359,44.27988160000003],[15.132365099999982,44.273989500000035],[15.130401200000025,44.27437719999996],[15.130232099999978,44.27835390000001],[15.12668820000003,44.27653909999996],[15.125036200000034,44.267715299999956],[15.117672200000024,44.2644064],[15.113621599999986,44.26453750000002],[15.1112022,44.2593193],[15.11388989999998,44.257507099999984],[15.1213722,44.25744149999998],[15.124711399999983,44.255047],[15.129668499999974,44.25482080000003],[15.126787199999962,44.25355940000002],[15.124655,44.24942790000004],[15.1275379,44.24806120000002],[15.129508,44.2492416],[15.133442799999978,44.248303],[15.1310106,44.242845400000036],[15.132916300000025,44.24008850000001],[15.137234700000016,44.23905820000003],[15.1394007,44.24080150000003],[15.1470974,44.24007140000002],[15.148201499999962,44.23778219999997],[15.146634100000037,44.236673299999964],[15.1534598,44.2346137],[15.155509599999965,44.231521899999976],[15.162096199999956,44.23208410000004],[15.164433199999964,44.22791560000002],[15.16796289999998,44.227512699999984],[15.164513799999972,44.225772599999985],[15.163580400000013,44.220702599999974],[15.1670152,44.2155676],[15.164520399999985,44.21592029999997],[15.163248099999963,44.218558],[15.158369399999975,44.2158703],[15.16024239999996,44.20302440000002],[15.15621970000001,44.19890340000001],[15.143588400000011,44.196502300000034],[15.1424826,44.195161799999966],[15.146556700000028,44.19179889999998],[15.156088800000015,44.18897029999998],[15.158727300000011,44.1859788],[15.161142,44.186314],[15.161348800000022,44.1816056],[15.156206499999984,44.180452199999955],[15.165560499999978,44.17596119999998],[15.174110200000039,44.174106800000025],[15.210843700000035,44.14570159999998],[15.210562799999975,44.141318400000046],[15.213047599999955,44.1378099],[15.208446600000029,44.135109799999974],[15.209457900000038,44.13324810000004],[15.2029094,44.133187099999965],[15.2033238,44.13098869999997],[15.2097677,44.129235500000036],[15.2087963,44.13044149999999],[15.210743299999988,44.130969],[15.2097065,44.128796],[15.213368300000022,44.12689440000004],[15.2149396,44.1286103],[15.217442699999987,44.1261865],[15.22033019999998,44.128178499999976],[15.2206588,44.125593200000026],[15.225278,44.125127],[15.222732200000037,44.12275720000003],[15.22559,44.12061069999998],[15.224444300000032,44.11893709999997],[15.225847699999976,44.1201322],[15.228013300000013,44.11839030000002],[15.23058240000004,44.120127300000036],[15.228302599999969,44.117903399999975],[15.234490700000029,44.11172],[15.222052899999964,44.118945],[15.219402,44.11762209999997],[15.2264319,44.1102694],[15.228450799999974,44.112032100000015],[15.227136400000022,44.11009590000004],[15.23668639999998,44.10392709999998],[15.24171170000002,44.098437900000015],[15.245384499999973,44.09782549999997],[15.249944200000035,44.09416629999998],[15.248519099999983,44.096806899999976],[15.249782599999987,44.09763740000004],[15.252090900000018,44.0953698],[15.253417,44.09585220000003],[15.249653499999964,44.09777890000002],[15.249929299999957,44.09993330000002],[15.2538135,44.09670369999996],[15.25670260000003,44.0975124],[15.259685899999957,44.09459889999999],[15.255396599999974,44.09447070000004],[15.259842600000043,44.089699200000034],[15.26636020000001,44.0902762],[15.267832,44.08877790000001],[15.265947599999977,44.08805680000003],[15.26885429999996,44.088275800000034],[15.2691037,44.087292300000016],[15.265171599999986,44.0865514],[15.2704541,44.08713680000003],[15.275419100000013,44.08556],[15.27622130000004,44.078153599999986],[15.282130500000028,44.07169530000004],[15.281885700000023,44.069004599999985],[15.2838766,44.068482500000044],[15.280438,44.06862239999998],[15.281392900000016,44.0692881],[15.279245499999975,44.06818339999999],[15.281955500000025,44.06520439999997],[15.281301299999987,44.063189],[15.287026799999962,44.057786899999975],[15.298410300000013,44.05078880000004],[15.295756900000027,44.05760080000003],[15.299470100000038,44.05476150000003],[15.305741200000037,44.05338559999996],[15.2987086,44.05186220000004],[15.30214539999997,44.05214929999999],[15.303674199999987,44.05007690000003],[15.303443099999962,44.05216810000004],[15.307632,44.053622],[15.310538400000032,44.0517918],[15.308314599999976,44.04865819999997],[15.311230700000026,44.04744280000004],[15.30674609999996,44.0476624],[15.3105896,44.04497829999996],[15.308727899999978,44.0434566],[15.300961299999964,44.046029199999964],[15.29919459999998,44.04337210000003],[15.307488099999981,44.04136670000001],[15.307641299999956,44.03754240000004],[15.315411199999977,44.0362494],[15.316604600000042,44.03765219999998],[15.321709600000014,44.035044],[15.329397299999984,44.036602399999985],[15.345922,44.02837150000001],[15.36095080000002,44.01421109999997],[15.367240300000033,44.005423400000026],[15.368135799999964,43.99965949999998],[15.376383800000019,43.99780080000002],[15.380606800000022,43.993666],[15.385865600000018,43.99148240000002],[15.3931175,43.983544],[15.39384470000003,43.9780392],[15.4030858,43.971693500000036],[15.404495,43.968646299999975],[15.408818499999958,43.96522820000004],[15.4117892,43.965834600000036],[15.413846400000034,43.964141],[15.421931899999967,43.9624142],[15.4235875,43.9600741],[15.4263797,43.96033559999997],[15.4286264,43.95711849999997],[15.4394854,43.95164069999998],[15.445206100000023,43.94414640000002],[15.44037,43.94244549999998],[15.44412889999998,43.94362690000003],[15.444678,43.94254109999998],[15.442118900000027,43.94158979999996],[15.445504400000013,43.941568],[15.444107100000041,43.93869359999996],[15.441964500000042,43.9397256],[15.442624799999964,43.941174100000026],[15.440047599999977,43.93963079999997],[15.440109,43.9421044],[15.438988,43.93746479999999],[15.4431899,43.935798],[15.443142499999988,43.934428400000016],[15.441612100000016,43.9358977],[15.4435828,43.933048300000046],[15.445918800000017,43.93288429999998],[15.4457672,43.93104419999996],[15.4509777,43.9301753],[15.451615,43.9267906],[15.455728699999986,43.922957099999984],[15.45973620000001,43.922336],[15.46904909999998,43.91481310000001],[15.470972,43.9165778],[15.476151700000033,43.91614379999998],[15.478204,43.9186678],[15.47754810000002,43.914302],[15.482699199999987,43.91337329999998],[15.488473800000028,43.91498569999999],[15.491158899999972,43.91208160000004],[15.493685500000035,43.912941699999976],[15.4935563,43.91082809999998],[15.497017300000019,43.90759770000004],[15.501525099999961,43.9075349],[15.504890200000036,43.905728],[15.505404400000037,43.9070692],[15.507350899999976,43.906268600000026],[15.505722,43.90589329999997],[15.509652,43.906126],[15.52386279999998,43.899453],[15.527441499999965,43.89519190000004],[15.535701699999963,43.8903008],[15.535486099999977,43.88794309999997],[15.534163200000032,43.88868579999996],[15.5321684,43.88687680000003],[15.529925699999984,43.88774830000002],[15.52872529999996,43.88659960000001],[15.535398199999987,43.8842551],[15.534255,43.880966400000034],[15.541182899999976,43.878209],[15.543979700000014,43.87881620000003],[15.543049300000037,43.8780751],[15.548049200000017,43.87503179999999],[15.553168099999985,43.87332340000003],[15.553963100000038,43.871195600000014],[15.559016199999979,43.872058],[15.5576704,43.8683003],[15.563802100000016,43.86533580000003],[15.5585774,43.8611929],[15.559656400000014,43.859864600000044],[15.563137700000022,43.86022539999997],[15.567785,43.86382740000001],[15.565169299999985,43.859702499999955],[15.567033599999961,43.8589193],[15.568595599999972,43.861910799999976],[15.57430480000002,43.86458149999997],[15.57272419999998,43.866818599999974],[15.575405200000029,43.86705819999999],[15.577903299999955,43.86371160000002],[15.574118699999987,43.8583526],[15.581280599999973,43.8574884],[15.58448039999996,43.85467689999998],[15.58365660000001,43.852203200000034],[15.586981100000012,43.8526719],[15.589145300000022,43.84846149999997],[15.5961601,43.848097599999974],[15.6021908,43.84495090000003],[15.611814,43.844768600000045],[15.612839099999979,43.84632830000004],[15.614388600000021,43.843984],[15.616569900000025,43.845105300000014],[15.617094199999974,43.84343860000004],[15.620114799999966,43.84332130000002],[15.621044100000029,43.84505590000001],[15.6225821,43.843317300000045],[15.624950799999974,43.843772200000025],[15.627907800000033,43.840397400000036],[15.627376500000038,43.838121800000046],[15.632924,43.834068200000026],[15.639634599999978,43.8342203],[15.645672,43.83041659999996],[15.646174500000013,43.828272800000036],[15.649312,43.828037799999954],[15.65233310000003,43.825209],[15.655348200000011,43.82523649999999],[15.657542700000041,43.8204372],[15.662609,43.820038400000044],[15.66294310000003,43.816372500000035],[15.677686199999966,43.8149037],[15.6834456,43.816758800000024],[15.676950500000023,43.8134223],[15.67858760000003,43.80697369999998],[15.682789399999967,43.80258620000004],[15.6807555,43.797048200000035],[15.679366099999962,43.801787200000014],[15.674691399999977,43.80719860000002],[15.667250099999967,43.80718560000001],[15.652739900000027,43.8142993],[15.652163600000039,43.81635620000002],[15.643313900000026,43.814346],[15.64152880000003,43.81727769999997],[15.6377134,43.81765620000002],[15.634241,43.811476200000016],[15.6305986,43.8101019],[15.627482,43.81599030000003],[15.623062599999974,43.8170409],[15.617978599999963,43.8230467],[15.614432800000037,43.822753399999975],[15.617323300000011,43.81974],[15.615378799999972,43.815357],[15.638294300000014,43.80061640000004],[15.6462034,43.798612200000036],[15.649543499999966,43.8012878],[15.650796399999981,43.797796499999954],[15.655750199999966,43.79662769999997],[15.657296900000043,43.7996037],[15.660001700000018,43.799678599999986],[15.673690400000021,43.79076280000001],[15.67157089999998,43.788624800000036],[15.67346270000001,43.7870678],[15.67791369999996,43.78592090000004],[15.678836700000035,43.78428810000004],[15.683699699999968,43.7841587],[15.68366060000002,43.78119960000002],[15.686669899999965,43.777468200000015],[15.68387039999997,43.7750999],[15.68625420000003,43.774719799999986],[15.687753099999972,43.77639150000002],[15.696167,43.77064919999998],[15.69410349999996,43.76481279999998],[15.697162400000012,43.765768600000015],[15.6992373,43.768836899999954],[15.718937,43.762488],[15.729621500000016,43.764678100000026],[15.728616399999988,43.76355530000003],[15.73119879999996,43.76210920000001],[15.727060300000021,43.762479900000045],[15.7268229,43.759437],[15.73712080000003,43.75946960000002],[15.740855500000043,43.757489],[15.7413992,43.75413670000002],[15.743678600000036,43.753634400000024],[15.7454558,43.7556726],[15.747037,43.75481730000002],[15.748377900000014,43.75284120000003],[15.74626039999996,43.7521698],[15.749872500000043,43.752348400000024],[15.7475866,43.75052419999999],[15.750926500000032,43.75269830000002],[15.757910500000042,43.7516578],[15.7688731,43.7541858],[15.769711099999965,43.752285],[15.772048700000022,43.751857900000026],[15.77400389999997,43.7555825],[15.776315900000041,43.7554922],[15.774374099999958,43.7562146],[15.777465599999955,43.75639679999997],[15.7761158,43.7568062],[15.77799809999996,43.75883059999999],[15.7785053,43.757171799999966],[15.78000329999996,43.757483099999966],[15.777952,43.75603609999997],[15.782367,43.758163600000046],[15.783294599999968,43.755174],[15.787089199999963,43.75351689999998],[15.788440799999973,43.7508807],[15.792749,43.750172099999986],[15.798907700000035,43.74404440000004],[15.800859100000023,43.74566009999997],[15.8015663,43.743606],[15.805096499999975,43.7439485],[15.8073413,43.73972140000002],[15.810881199999963,43.73941469999996],[15.828102100000011,43.72972350000004],[15.838470600000013,43.727054099999975],[15.850215,43.721476199999955],[15.848960600000032,43.72426030000001],[15.8472426,43.7240069],[15.848543299999966,43.7253186],[15.84652480000002,43.72745539999996],[15.8514421,43.72656820000001],[15.85353489999997,43.72428779999998],[15.855722100000017,43.72494970000003],[15.856258199999965,43.73206929999998],[15.856963200000033,43.72868249999998],[15.861308799999966,43.72725130000004],[15.8673377,43.72894510000003],[15.86925180000001,43.728140900000014],[15.870364699999987,43.729619],[15.877496300000042,43.728435699999984],[15.879889199999967,43.729345],[15.875887900000011,43.734267],[15.876257599999958,43.738467900000046],[15.872467599999988,43.74076189999996],[15.868880099999986,43.74625169999997],[15.84856460000004,43.7593524],[15.8473188,43.76248639999996],[15.851120899999986,43.76255930000004],[15.876754799999974,43.74602710000004],[15.882301800000013,43.74437920000003],[15.88347850000003,43.74148779999998],[15.888689599999987,43.74010590000004],[15.88853460000004,43.73516360000003],[15.89444610000004,43.73081060000002],[15.894644799999961,43.728892700000046],[15.899562900000012,43.72842970000002],[15.898026,43.72788389999998],[15.901723099999957,43.724919800000045],[15.899590800000011,43.72426470000002],[15.906250800000036,43.7200951],[15.902795100000015,43.719722],[15.894249699999955,43.72347790000002],[15.897034599999985,43.7199781],[15.899749399999989,43.719956299999964],[15.9056824,43.7160547],[15.899710599999976,43.7133034],[15.892603,43.7185463],[15.89050520000002,43.718211],[15.886096899999961,43.7276114],[15.88443150000001,43.726939199999975],[15.881189700000013,43.7284992],[15.879402099999988,43.726468600000025],[15.871037699999983,43.727100099999966],[15.861291300000028,43.72317970000004],[15.858966799999989,43.7241164],[15.8601348,43.719431599999986],[15.85797,43.71900759999998],[15.85741520000004,43.716098199999955],[15.8556155,43.715610600000026],[15.8643922,43.70690949999996],[15.866732800000042,43.7056916],[15.86787040000002,43.7069839],[15.868106099999983,43.70409050000004],[15.87094939999996,43.70496970000004],[15.8703648,43.70267540000002],[15.874131299999975,43.70004120000002],[15.8759941,43.69931839999999],[15.876959400000027,43.70139639999997],[15.878707100000037,43.7005874],[15.875930100000039,43.69884750000002],[15.88012419999996,43.69505249999999],[15.88877050000002,43.69371489999998],[15.888333600000019,43.694991],[15.8907389,43.694482900000025],[15.89217860000001,43.697467],[15.891413500000032,43.69977730000004],[15.893685199999966,43.69967850000003],[15.896653499999983,43.697736],[15.897255699999983,43.69491919999997],[15.8999836,43.69388590000001],[15.8990131,43.692950399999965],[15.902096799999969,43.69327740000002],[15.90582540000001,43.68886919999997],[15.9091347,43.68883469999996],[15.90998979999996,43.68467959999998],[15.915007199999968,43.68118779999999],[15.914513299999959,43.6795295],[15.926070199999968,43.67187449999999],[15.92941130000001,43.6760257],[15.929852099999978,43.67486379999997],[15.932160500000018,43.6762521],[15.933731499999974,43.67464719999999],[15.936545899999958,43.67511489999996],[15.938655199999955,43.672057700000046],[15.9440058,43.67386549999997],[15.943635299999984,43.67674349999997],[15.9463652,43.680091400000045],[15.9386256,43.69273020000004],[15.94497850000001,43.6931751],[15.957395400000033,43.6859948],[15.958754899999986,43.68289280000002],[15.956150300000042,43.68148790000004],[15.9576601,43.68120709999999],[15.947121400000034,43.67669710000004],[15.945875599999985,43.67178089999997],[15.94754559999996,43.671019899999976],[15.9398119,43.66979819999997],[15.933392800000016,43.672928],[15.928515,43.672380400000016],[15.928794400000038,43.670199500000045],[15.932219099999982,43.66764719999998],[15.939250299999989,43.66591320000004],[15.937793299999962,43.66332759999998],[15.9410893,43.66143929999998],[15.939714300000011,43.659701299999966],[15.948203699999967,43.6595793],[15.943555200000018,43.65654610000003],[15.945760599999973,43.65366849999997],[15.95065119999997,43.6526449],[15.947047,43.6456],[15.950639,43.640169],[15.946108,43.640594],[15.942913,43.645117],[15.94044,43.643789],[15.938763,43.647927],[15.926497,43.654705],[15.927827,43.651271],[15.931221,43.649684],[15.925884,43.647745],[15.921042,43.647697],[15.91938,43.650443],[15.907945,43.645998],[15.90241229999996,43.64845269999998],[15.905663,43.643943],[15.913082,43.643007],[15.916509,43.641174],[15.925102,43.643061],[15.931532,43.641858],[15.93699990000004,43.643749],[15.946921,43.635908],[15.951407,43.636646],[15.956107,43.635255],[15.9575205,43.63758330000001],[15.961073,43.633884600000044],[15.9631938,43.63488089999996],[15.974561,43.630557],[15.945116,43.631756],[15.930299,43.630019],[15.928115,43.632542],[15.920167,43.633273],[15.916956,43.632221],[15.918035,43.630124],[15.912238,43.627437],[15.922394,43.623612],[15.918422,43.623312],[15.91709,43.62006],[15.919737,43.615859],[15.927249,43.612328],[15.924082,43.611211],[15.925879,43.608327],[15.919273,43.607359],[15.920887,43.599823],[15.926222,43.597003],[15.922748,43.589814],[15.919593900000043,43.59224009999996],[15.917222,43.591906],[15.919076400000035,43.5892853],[15.9234577,43.58792770000002],[15.91951,43.58596],[15.918977,43.58409],[15.921115,43.583759],[15.923211,43.586215],[15.928764499999962,43.5845289],[15.933268300000018,43.5865233],[15.931005600000029,43.5843238],[15.931980400000038,43.57975430000001],[15.928221,43.576751],[15.916649,43.575013],[15.917577,43.570894],[15.922401,43.567612],[15.92785,43.565796],[15.930615,43.566358],[15.930853,43.564653],[15.933944,43.564109],[15.937232,43.567093],[15.9374514,43.569987699999984],[15.94046629999997,43.57164340000002],[15.943459600000013,43.570368599999966],[15.939436,43.568486],[15.938218,43.563946],[15.940192,43.564457],[15.939423,43.562983],[15.946045,43.558386],[15.942053,43.558261],[15.941366,43.559888],[15.937524,43.560957],[15.935887,43.559793],[15.933428,43.560925],[15.93331,43.559705],[15.927812,43.559574],[15.924134600000043,43.556377800000014],[15.9269894,43.5509931],[15.929375200000043,43.551333],[15.934604700000014,43.544772],[15.938534299999988,43.547508599999986],[15.9396262,43.54574310000002],[15.942129,43.54661089999996],[15.952392,43.540317],[15.960803,43.540294],[15.956354,43.533417],[15.957138,43.531565],[15.953917,43.530434],[15.953638,43.527263],[15.957611,43.525392],[15.960069,43.526989],[15.961631100000021,43.52220450000002],[15.96340550000002,43.52633070000001],[15.960383,43.532094],[15.962642,43.533979],[15.966239,43.532809],[15.969058500000036,43.5264937],[15.967551,43.521714],[15.968989,43.520159],[15.972994,43.520409],[15.973784,43.524411],[15.975624,43.525328],[15.972898,43.52584069999997],[15.971608,43.529092],[15.968136,43.530154899999964],[15.968542399999967,43.53224150000004],[15.975395,43.53412],[15.975218800000016,43.5378187],[15.971391,43.53974949999997],[15.978399,43.541354],[15.986387699999986,43.538689099999985],[15.988384700000017,43.54015170000003],[15.989009500000021,43.538722099999966],[15.99465,43.53801579999997],[15.982903099999971,43.537203199999965],[15.980750799999969,43.535041399999976],[15.9826426,43.5240088],[15.990456700000037,43.51798009999999],[15.985789300000034,43.51720650000002],[15.980432099999978,43.51310089999996],[15.973391199999968,43.513098899999974],[15.974784200000029,43.509372],[15.968251399999959,43.513984],[15.959667299999984,43.51523880000001],[15.95218590000003,43.51814319999998],[15.95111159999996,43.5161692],[15.955378500000043,43.5131346],[15.9588666,43.513346],[15.964467599999969,43.50904720000002],[15.962257399999972,43.50758119999996],[15.959048799999968,43.508897399999974],[15.95565909999999,43.50741089999999],[15.95225890000003,43.508656400000014],[15.950746899999983,43.507322699999975],[15.9516348,43.505363200000026],[15.96053149999999,43.50319109999999],[15.96262510000002,43.4986892],[15.9628395,43.500805200000016],[15.969929499999983,43.50291450000002],[15.970863,43.50526230000003],[15.973253300000016,43.50593359999997],[15.974454600000024,43.50020740000003],[15.971544600000035,43.4993482],[15.969782900000022,43.4939338],[15.9782832,43.49542889999998],[15.980126800000031,43.49964439999999],[15.983984800000032,43.498727],[15.983089,43.503501199999974],[15.98518610000004,43.506703399999985],[15.986724,43.506611],[15.985170800000018,43.50494409999999],[15.98731269999996,43.49979789999998],[15.989410199999957,43.49932920000002],[15.99030549999996,43.5005323],[15.99329590000003,43.49879729999997],[15.993429299999965,43.5002983],[15.99780809999998,43.50106940000003],[15.9987175,43.499272],[16.0015074,43.499243],[15.998953499999983,43.497678400000034],[15.998709499999956,43.49509360000004],[15.995149600000017,43.49466009999996],[15.9936014,43.49148809999997],[15.994329600000027,43.48987450000004],[15.996598,43.48986929999997],[15.996159800000024,43.48727289999999],[16.000368299999984,43.4867718],[16.0060663,43.49067],[16.0066878,43.493052099999964],[16.00465549999997,43.494640300000015],[16.011318100000032,43.494918],[16.014522400000036,43.49760840000001],[16.012216,43.5023637],[16.015467,43.5003026],[16.016846,43.5019944],[16.019269200000036,43.49877589999998],[16.017456,43.49822570000002],[16.01709249999997,43.49554369999998],[16.01911059999997,43.491439400000026],[16.0150382,43.48917230000003],[16.0145251,43.48489629999999],[16.018806,43.48703349999999],[16.02092440000003,43.485693],[16.02134649999996,43.491102599999955],[16.026626,43.49280539999998],[16.033435899999976,43.489864800000035],[16.0356079,43.49069220000002],[16.04061260000003,43.489024499999964],[16.0433174,43.490166899999984],[16.044521,43.488346700000015],[16.042272200000035,43.4876617],[16.038635100000015,43.47980320000003],[16.036164599999974,43.4789001],[16.037529899999964,43.47782859999998],[16.0397589,43.477363500000045],[16.041746399999962,43.47949989999998],[16.04721970000003,43.4807766],[16.052408900000042,43.476674100000025],[16.059430499999966,43.4753299],[16.06200159999998,43.476635],[16.062841700000035,43.4800079],[16.06679720000002,43.4817888],[16.066889700000036,43.48547550000004],[16.07041829999996,43.4824522],[16.075284900000014,43.4809912],[16.079114,43.48160020000003],[16.08065,43.48335459999997],[16.078145900000035,43.47921840000004],[16.0828451,43.47780269999997],[16.08598740000003,43.47856030000004],[16.086271,43.47586949999998],[16.092315799999973,43.472651],[16.103244,43.47338639999996],[16.1139279,43.47092729999998],[16.11735629999998,43.47351910000002],[16.118841,43.47197140000004],[16.1214861,43.47234639999998],[16.122883,43.473872799999974],[16.121659499999957,43.47509649999997],[16.1288855,43.47805460000003],[16.112743300000037,43.48408239999997],[16.10975150000003,43.48697419999996],[16.110467300000014,43.48857059999998],[16.112575199999984,43.4892277],[16.11777030000004,43.48686809999998],[16.122327499999983,43.48282090000004],[16.126283900000043,43.48445670000003],[16.132799799999958,43.480948899999966],[16.141971,43.482133199999986],[16.1449045,43.483995],[16.15901579999997,43.4830092],[16.15711220000003,43.48457629999998],[16.161978100000024,43.484037499999985],[16.17073909999998,43.485813],[16.177184899999958,43.49243059999997],[16.174251100000042,43.49386530000002],[16.1769449,43.495078400000025],[16.17353710000003,43.49673209999998],[16.1738492,43.500311400000015],[16.1599361,43.501432],[16.159275200000028,43.502944900000045],[16.15488920000004,43.5018677],[16.156760299999956,43.50360480000002],[16.1506047,43.50577909999998],[16.141199200000017,43.505335400000035],[16.13217839999997,43.50741460000003],[16.13023009999997,43.51094420000004],[16.12401340000003,43.509664700000044],[16.109997499999956,43.51367720000004],[16.115826,43.513061499999985],[16.118791299999963,43.517516],[16.1275307,43.51578689999998],[16.13143129999997,43.520225599999975],[16.136839199999958,43.5169648],[16.141986599999974,43.51734859999996],[16.144525099999957,43.51483540000003],[16.156704400000038,43.5157132],[16.16089659999998,43.512210700000026],[16.179539700000017,43.513267],[16.179016100000037,43.51230220000004],[16.182847699999986,43.51063869999999],[16.185774300000016,43.5118196],[16.1802339,43.50867749999998],[16.1832611,43.5069623],[16.193873700000033,43.5087882],[16.1987725,43.51159880000002],[16.20816,43.5100688],[16.22246720000003,43.51788290000003],[16.231493299999983,43.51659890000002],[16.232042,43.51524889999996],[16.240104200000044,43.5166008],[16.243707799999957,43.515188700000046],[16.24939739999998,43.51815870000002],[16.2536882,43.51808570000002],[16.266187299999984,43.521649899999964],[16.268602599999987,43.52355869999998],[16.270297900000013,43.5227473],[16.272474399999975,43.523744100000044],[16.272750299999977,43.524559],[16.274650199999968,43.524085499999956],[16.276454599999962,43.5244477],[16.275770600000033,43.525256400000025],[16.27632650000002,43.52454470000003],[16.27487840000002,43.52425180000004],[16.272539300000016,43.52475310000004],[16.272205099999987,43.52421],[16.27134089999998,43.52450239999999],[16.272781199999958,43.52568880000001],[16.2789509,43.52572379999997],[16.279438500000026,43.526776699999964],[16.288471899999962,43.524806099999985],[16.29461190000004,43.52589180000002],[16.29469789999996,43.52437730000003],[16.295581399999964,43.526802300000035],[16.299983599999962,43.52750870000004],[16.3005819,43.529324800000026],[16.30242640000002,43.527955599999984],[16.301868300000027,43.53065839999997],[16.306674100000023,43.53325580000003],[16.3098372,43.53913950000004],[16.321187400000042,43.54166630000003],[16.33313069999996,43.54795150000004],[16.33962759999999,43.547295400000024],[16.34143279999996,43.5493552],[16.34520360000003,43.54915370000003],[16.3478171,43.55105020000001],[16.36787170000003,43.55043750000003],[16.37771009999996,43.54806219999996],[16.391966,43.5485296],[16.398285,43.54729169999998],[16.3992044,43.54550830000004],[16.399620499999973,43.5469022],[16.403836899999963,43.54607050000001],[16.403554300000028,43.544711900000046],[16.3995639,43.544750400000034],[16.39836439999996,43.545781],[16.399520100000014,43.5446974],[16.40373379999996,43.5445578],[16.405422100000028,43.54481460000002],[16.404206399999982,43.54622],[16.40622779999999,43.54615159999997],[16.406071400000016,43.5439288],[16.4178792,43.544537],[16.418286300000023,43.54592790000003],[16.419753,43.544714099999965],[16.42380940000004,43.54594859999997],[16.4288112,43.54439959999996],[16.4281103,43.54566040000001],[16.436670599999964,43.544243],[16.439381700000016,43.538816500000046],[16.454664,43.537213800000046],[16.45761530000001,43.538410600000034],[16.45891310000001,43.53722530000002],[16.459526300000032,43.5385112],[16.465386,43.53617650000002],[16.468659300000038,43.5373228],[16.475777200000024,43.534822399999975],[16.47748429999996,43.53214480000003],[16.461198199999988,43.53243260000004],[16.4609589,43.5310193],[16.4662575,43.53155159999998],[16.465522400000015,43.53016440000004],[16.473103200000022,43.5274265],[16.464474700000014,43.528460899999956],[16.46089739999997,43.5272151],[16.45068840000002,43.5291151],[16.4490899,43.5276477],[16.44663659999997,43.53046629999997],[16.444153799999977,43.52365580000002],[16.44368440000004,43.5261717],[16.440009,43.52553909999997],[16.44151409999997,43.530047],[16.438146599999964,43.5300684],[16.43282520000003,43.52754849999996],[16.427128899999982,43.52860870000002],[16.423223499999967,43.52708509999999],[16.42784740000001,43.52844770000002],[16.432796,43.527470399999984],[16.431001699999964,43.52429250000003],[16.424353799999963,43.52483189999999],[16.42402109999997,43.52642679999997],[16.424211,43.52469270000002],[16.42085,43.5225284],[16.4282241,43.52076019999998],[16.425883499999966,43.51622369999997],[16.420451600000035,43.51465620000004],[16.41527449999996,43.51507270000004],[16.41528869999998,43.51611319999998],[16.4203932,43.51641120000003],[16.41498550000003,43.51626769999997],[16.4138655,43.514720699999955],[16.4068065,43.51427669999999],[16.402594500000017,43.51583069999996],[16.4016315,43.5140997],[16.38917349999996,43.5097027],[16.38792949999997,43.50768209999996],[16.399287899999987,43.5078113],[16.399910499999987,43.5048916],[16.415828499999968,43.50250269999996],[16.4183676,43.503861500000035],[16.423453299999974,43.50279420000001],[16.424341900000044,43.50097510000004],[16.42958909999997,43.5006042],[16.4316795,43.5015617],[16.43261030000001,43.50268720000004],[16.430609799999957,43.50381789999998],[16.431834500000036,43.50195969999997],[16.430240899999987,43.501059],[16.4299437,43.5029101],[16.4292985,43.50090769999997],[16.4275187,43.502516699999966],[16.43689050000004,43.50797109999998],[16.4419406,43.50532470000004],[16.438360499999987,43.50450069999999],[16.4421949,43.5047456],[16.44249180000004,43.503693800000015],[16.4377809,43.5029627],[16.44186189999997,43.50269179999997],[16.44139890000003,43.5014964],[16.436105600000023,43.50099479999999],[16.446154799999984,43.500378],[16.447625199999965,43.50251039999998],[16.451438099999965,43.4998829],[16.45401549999997,43.5008447],[16.4573489,43.49919730000003],[16.4571891,43.501070400000025],[16.46274450000003,43.500888299999964],[16.457800599999977,43.49858469999997],[16.46259,43.499468800000024],[16.465112600000037,43.502081600000025],[16.46735580000001,43.50050849999998],[16.472310399999973,43.50143379999998],[16.473395300000032,43.500133],[16.478104,43.50234140000003],[16.48324290000001,43.5005625],[16.497449399999958,43.5022873],[16.51745930000002,43.50049349999998],[16.523846400000025,43.49771040000002],[16.5264084,43.499416799999985],[16.5232117,43.4996425],[16.52307240000002,43.500909],[16.52648180000003,43.50281859999998],[16.52850430000004,43.502087900000014],[16.529189599999988,43.50407390000002],[16.531966,43.50386360000003],[16.5339914,43.50241780000004],[16.534292300000036,43.500632699999954],[16.53222990000001,43.501394600000026],[16.534308400000036,43.5005548],[16.5328179,43.5002941],[16.535208,43.49849789999998],[16.53667540000004,43.49201570000001],[16.538698,43.491335599999964],[16.53617959999996,43.4915562],[16.546272100000042,43.48692909999996],[16.547824100000025,43.484816],[16.553662,43.48339649999998],[16.56455820000003,43.47365660000003],[16.5695837,43.473194100000036],[16.581901299999974,43.46311559999996],[16.583905599999987,43.464619100000014],[16.583715200000043,43.46329450000002],[16.588023700000015,43.464502699999976],[16.5954893,43.4599258],[16.598760600000034,43.45903779999998],[16.59734929999997,43.4606064],[16.601121599999985,43.460612499999975],[16.5993419,43.458561700000025],[16.6026279,43.46047719999997],[16.6231844,43.45298249999998],[16.629446,43.4457325],[16.6361303,43.4459033],[16.639673200000043,43.444066800000016],[16.6394107,43.436994399999975],[16.651751,43.4413905],[16.66288740000002,43.44006380000001],[16.665572499999964,43.438289600000026],[16.668222500000024,43.43944240000002],[16.67605269999997,43.438409099999966],[16.682932499999975,43.43984280000002],[16.6873909,43.43926479999998],[16.686636400000015,43.43704359999996],[16.687632099999977,43.4396986],[16.694408799999977,43.44254890000001],[16.70341880000002,43.4342038],[16.711237299999976,43.419512900000036],[16.716224399999962,43.41898609999997],[16.71719980000002,43.41615180000003],[16.723042,43.415807],[16.7253632,43.41295019999998],[16.741522699999983,43.4110032],[16.74999280000003,43.40730489999998],[16.764167099999977,43.4091161],[16.7747334,43.40726060000004],[16.7771797,43.4054169],[16.78552740000004,43.40669839999998],[16.791223200000044,43.40392669999998],[16.796313500000043,43.4052979],[16.800813200000025,43.403355699999985],[16.807664100000036,43.405047],[16.810908299999966,43.40309909999998],[16.813222799999977,43.40402620000004],[16.826813200000018,43.40086040000002],[16.849202400000035,43.401314],[16.86857910000002,43.397449],[16.88620149999998,43.40105089999997],[16.88922,43.39950529999999],[16.890214600000025,43.3938688],[16.904451,43.38310939999999],[16.91032150000003,43.380397699999975],[16.913830799999957,43.3803315],[16.915596699999963,43.3772301],[16.92264959999999,43.37287489999997],[16.92263529999996,43.36985409999996],[16.928326899999973,43.368676100000016],[16.929207,43.3668038],[16.93298850000003,43.3671774],[16.93719239999996,43.36214579999998],[16.944203900000026,43.360528099999975],[16.945477,43.357876799999985],[16.9471846,43.35647789999997],[16.94560179999996,43.3583889],[16.947660500000033,43.3582237],[16.9482225,43.3535467],[16.9584161,43.34247809999999],[16.9669103,43.33726610000004],[16.966857399999974,43.33611950000003],[16.965482299999973,43.337153100000016],[16.966755399999972,43.33598459999997],[16.97192670000001,43.334652499999976],[16.974877,43.32992330000001],[16.982820499999956,43.3239601],[16.9808104,43.32480669999997],[16.982031699999972,43.32281930000002],[16.983623200000025,43.32342319999998],[16.992870399999976,43.31695850000004],[16.9955952,43.31235210000002],[16.999476900000015,43.30982760000004],[17.001124800000028,43.305031100000015],[17.012652,43.299822700000014],[17.012854699999963,43.295471300000045],[17.008365100000017,43.294720900000044],[17.01614609999998,43.29201159999996],[17.014978099999972,43.29473160000004],[17.018834899999963,43.29435719999997],[17.0202513,43.29181849999997],[17.01901080000004,43.29092],[17.01777559999998,43.2922096],[17.018925,43.290759899999955],[17.016976799999966,43.28863220000004],[17.01885170000002,43.2870494],[17.032178,43.27901529999996],[17.03456549999998,43.27929019999997],[17.0373685,43.27559280000002],[17.053297199999978,43.26969349999997],[17.056363899999965,43.26422920000002],[17.059208799999986,43.262562799999984],[17.06336120000001,43.25313119999996],[17.062225700000027,43.24907689999998],[17.067587,43.246639700000024],[17.069830599999985,43.2433427],[17.07273710000004,43.242836300000015],[17.0709665,43.243671099999986],[17.072262699999957,43.244075],[17.075682899999972,43.24157520000003],[17.0771377,43.233689700000035],[17.08250059999999,43.2321102],[17.086212399999972,43.23263929999999],[17.093526500000028,43.228180500000015],[17.102195800000036,43.2285153],[17.1064956,43.226754],[17.10851610000002,43.222597800000045],[17.107690800000036,43.2178345],[17.11101750000004,43.2156403],[17.11098119999997,43.20968180000003],[17.112907899999957,43.20737930000003],[17.135276,43.19714959999997],[17.138023100000016,43.1936462],[17.1442113,43.195969500000025],[17.153456599999966,43.19245979999997],[17.155392900000038,43.18907480000003],[17.160992100000044,43.186981],[17.1631288,43.180866399999964],[17.168981700000035,43.17625970000001],[17.175136900000037,43.17409170000004],[17.1817241,43.17385340000004],[17.182544800000038,43.17107129999998],[17.186307699999986,43.16918],[17.194549299999956,43.16885430000004],[17.199939,43.17053239999998],[17.20468480000004,43.16966670000002],[17.214561300000014,43.16460020000004],[17.228756,43.16171809999996],[17.23104349999996,43.15748139999998],[17.234294800000033,43.1564972],[17.236486700000025,43.1575266],[17.24210940000002,43.153437300000036],[17.24490060000004,43.153249799999976],[17.24501320000003,43.15505150000001],[17.2482803,43.1554034],[17.25283650000003,43.1506771],[17.26043809999998,43.1510313],[17.2621967,43.14653319999997],[17.2663016,43.14572330000002],[17.2772604,43.13939909999998],[17.282223300000027,43.13848239999998],[17.2868935,43.12932840000001],[17.29132859999996,43.12721849999997],[17.298241300000022,43.1265661],[17.3016053,43.121961],[17.3111311,43.12189729999996],[17.3209672,43.11967],[17.3311637,43.11319330000001],[17.33586780000001,43.11212530000002],[17.33885579999997,43.10941519999996],[17.33915839999996,43.1043115],[17.343594600000017,43.10432440000001],[17.34764690000002,43.1008989],[17.355984,43.08376350000001],[17.359874900000044,43.08330469999997],[17.36182039999999,43.0846628],[17.36835429999997,43.07853270000002],[17.378045,43.063813],[17.3794766,43.06476739999999],[17.3827068,43.0638681],[17.384248500000027,43.06091310000002],[17.388359800000025,43.06039919999996],[17.396855100000025,43.054948299999964],[17.399257500000026,43.05175650000002],[17.39933519999997,43.0479187],[17.40852980000001,43.040179500000036],[17.411407800000017,43.0398569],[17.412560299999985,43.041483900000046],[17.4162391,43.03955470000003],[17.41857679999997,43.04151509999996],[17.417789600000027,43.04507459999996],[17.42135169999997,43.046607699999974],[17.422474699999984,43.050275100000015],[17.4188766,43.054598499999976],[17.421397899999974,43.05674839999996],[17.42083190000004,43.0594561],[17.422807,43.05751389999997],[17.423283,43.05992680000004],[17.421298,43.06182279999997],[17.424098599999965,43.0632175],[17.42858520000002,43.058559299999956],[17.42811850000004,43.0556444],[17.4304228,43.05245980000004],[17.4320963,43.05468319999997],[17.4349045,43.0543475],[17.43591820000004,43.05243419999996],[17.43305469999999,43.05053129999999],[17.429529900000023,43.0514395],[17.42891319999998,43.048671],[17.4239873,43.048395],[17.423979599999978,43.0461453],[17.430335,43.04634740000002],[17.428982899999973,43.04424770000002],[17.4231534,43.04320970000002],[17.424190099999986,43.03034430000002],[17.431180299999976,43.0279127],[17.432967,43.0306233],[17.43703719999999,43.0311148],[17.439985200000013,43.027658500000015],[17.44419990000004,43.0276883],[17.445859300000027,43.02871119999998],[17.44513639999999,43.034538400000024],[17.451736799999967,43.03590749999997],[17.454021299999983,43.03435170000003],[17.45362790000003,43.03762550000001],[17.459181,43.03677289999999],[17.460285899999977,43.0322956],[17.454519399999985,43.027678],[17.454721099999976,43.02561849999998],[17.4526959,43.025772500000016],[17.45323290000003,43.0248823],[17.451989900000036,43.0265066],[17.451278,43.02421810000001],[17.4465568,43.021699],[17.440494,43.0250349],[17.446277099999957,43.021759],[17.444349,43.0204072],[17.44623290000003,43.01882989999997],[17.45258330000002,43.022125],[17.460178399999965,43.0229051],[17.4558732,43.02249840000001],[17.4573181,43.024641499999966],[17.460868,43.02459779999999],[17.46021260000004,43.02291510000003],[17.462861099999976,43.021725800000034],[17.468366799999973,43.013284499999976],[17.468031,43.00951139999998],[17.471297499999988,43.006139400000045],[17.470702300000035,43.00146960000002],[17.472992900000023,43.00462770000002],[17.477008199999982,43.002226],[17.478810399999972,43.00272020000003],[17.477952500000043,43.003919400000036],[17.48005439999996,43.0037559],[17.4825722,43.00150749999996],[17.478979099999986,43.002346500000016],[17.480377699999977,43.00076069999999],[17.478061,42.999186],[17.478961699999967,42.995964100000045],[17.47373810000004,42.99635770000001],[17.472404700000027,42.98969549999998],[17.47367069999997,42.98782769999998],[17.478382600000014,42.9829394],[17.48944409999998,42.98035639999998],[17.49262740000002,42.977865700000045],[17.488899599999957,42.97531989999999],[17.49306440000003,42.96978169999997],[17.5073678,42.96720070000002],[17.5088179,42.9647905],[17.50453530000003,42.96592030000004],[17.503852400000014,42.963755399999975],[17.51152040000004,42.9557628],[17.524455899999985,42.94777790000004],[17.5374267,42.941095],[17.54132480000004,42.941997],[17.544164199999962,42.93923349999998],[17.545733300000027,42.94181829999997],[17.54246240000002,42.94458420000003],[17.54490389999997,42.94537239999996],[17.553471700000017,42.941624199999985],[17.553624799999984,42.943175299999986],[17.557476,42.9401408],[17.558593,42.94276819999996],[17.5626979,42.94379820000001],[17.566232399999976,42.94129820000001],[17.576397500000024,42.942827],[17.581349693689546,42.93827674811541],[17.61328450000002,42.941281],[17.66561540000003,42.9607897],[17.6774326,42.9677436],[17.710335500000035,42.973195199999964],[17.6942688,43.0003603],[17.6852121,43.01062060000001],[17.68366679999996,43.01913770000004],[17.6774156,43.025466],[17.66156659999996,43.04991020000002],[17.64466260000002,43.08313470000003],[17.6387981,43.089061200000025],[17.58878449999997,43.11494049999998],[17.563064200000028,43.1244471],[17.5541596,43.13065090000001],[17.54745989999998,43.13183810000001],[17.544458,43.1342747],[17.515528,43.14443410000002],[17.487079700000013,43.157700199999965],[17.47594380000002,43.16116270000001],[17.4501818,43.17735160000003],[17.438086300000016,43.180288],[17.431552400000033,43.1785418],[17.428877,43.18388619999998],[17.432621799999964,43.19263770000004],[17.440304499999964,43.19974380000003],[17.42777309999997,43.21764419999999],[17.39814139999996,43.239305900000026],[17.377733199999984,43.24938709999997],[17.342290300000013,43.2596667],[17.33404950000002,43.276838],[17.313585300000028,43.3039006],[17.28574630000002,43.33081660000003],[17.266648099999987,43.3853606],[17.256973500000022,43.402785399999956],[17.294382899999988,43.44284310000002],[17.285574500000017,43.4632031],[17.27820359999997,43.472117500000046],[17.269683799999985,43.4790729],[17.262372900000017,43.4814163],[17.2503619,43.48878710000004],[17.223016900000015,43.497749],[17.207800700000014,43.49664990000002],[17.1925746,43.4979978],[17.177114399999965,43.491462],[17.1718484,43.493940799999955],[17.1552217,43.4925684],[17.148956300000023,43.49509169999997],[17.142289699999985,43.505480400000046],[17.13200550000003,43.51018649999996],[17.124253,43.517851600000014],[17.091654,43.53393310000003],[17.0770434,43.54519270000004],[17.0644473,43.55244219999999],[17.051248400000013,43.55477870000004],[17.0199002,43.56888260000003],[17.014063699999987,43.57487010000001],[16.9919099,43.589914600000014],[16.96331829999998,43.62079920000004],[16.93363949999998,43.63620679999998],[16.93216219999996,43.647927899999985],[16.920931799999966,43.659668700000026],[16.916228800000038,43.66240820000003],[16.91234150000001,43.6699832],[16.906093,43.676170900000024],[16.893935200000026,43.69363910000002],[16.87885540000003,43.695237800000044],[16.866413100000038,43.706148699999986],[16.86419,43.7116105],[16.8560055,43.71346470000002],[16.833773,43.724412299999976],[16.832062799999964,43.72741369999998],[16.82605249999996,43.728437],[16.812234600000014,43.75434029999999],[16.7999317,43.7630301],[16.77856629999997,43.76789909999999],[16.75227639999997,43.77010890000004],[16.7247223,43.796218400000036],[16.72634619999998,43.799927],[16.719073599999984,43.807244],[16.7183214,43.819256199999984],[16.7202429,43.82565369999996],[16.717621,43.82995519999997],[16.719959900000042,43.8320777],[16.71826,43.84101839999999],[16.715149700000037,43.84378329999996],[16.710302299999974,43.85486479999999],[16.704515099999956,43.8587959],[16.684547099999985,43.8662189],[16.668443800000038,43.877875],[16.663719400000026,43.87750469999996],[16.65621839999996,43.88419520000002],[16.646694799999967,43.8871041],[16.6260118,43.90211630000001],[16.62388780000002,43.90587150000003],[16.609955899999967,43.917159099999964],[16.608304,43.922927],[16.602999,43.925349799999985],[16.5997638,43.9347524],[16.59067950000002,43.9373845],[16.58757969999996,43.943131],[16.5554045,43.952044399999984],[16.548499,43.959939],[16.549380600000024,43.96654789999999],[16.545858700000032,43.968902400000026],[16.536964,43.98575340000002],[16.532099100000025,43.99019230000003],[16.531283500000043,44.0019033],[16.514591300000042,44.01678070000004],[16.507737,44.02535630000002],[16.4999295,44.02512269999997],[16.48239209999996,44.029281],[16.4716816,44.02994139999996],[16.446907900000035,44.02823459999996],[16.436737900000026,44.03069519999998],[16.439261099999985,44.04265270000001],[16.435870799999957,44.0549898],[16.442209,44.06715430000001],[16.427686899999966,44.0831551],[16.40113250000002,44.07928609999998],[16.38895870000004,44.080433300000045],[16.384022199999976,44.083758500000016],[16.378263600000015,44.0804575],[16.36918939999999,44.0821289],[16.361278500000026,44.09499719999999],[16.36296539999998,44.098715100000035],[16.3589648,44.10200210000004],[16.3333577,44.112540299999964],[16.3193566,44.1140886],[16.3160922,44.11607170000003],[16.313829299999988,44.12192850000003],[16.3085147,44.1268208],[16.30968889999998,44.144278600000014],[16.291992400000016,44.15641840000002],[16.288846799999984,44.16391640000002],[16.269198099999965,44.17519760000004],[16.26117539999999,44.17813369999997],[16.245611399999987,44.1937549],[16.2440122,44.1972758],[16.23100640000002,44.2022062],[16.228828899999975,44.2061243],[16.223870599999973,44.2083861],[16.2190351,44.219791199999975],[16.2106911,44.219869100000025],[16.214555199999975,44.226153599999975],[16.21485569999997,44.2350893],[16.20007060000002,44.25267710000003],[16.2072658,44.251505399999985],[16.1952774,44.261762900000036],[16.190065,44.26952710000003],[16.191867899999984,44.2801774],[16.18570780000002,44.3058803],[16.1867596,44.310181],[16.192080299999972,44.31246439999997],[16.19457250000003,44.3163089],[16.1963754,44.32641309999999],[16.2005824,44.3326467],[16.204639,44.33415139999997],[16.207343500000043,44.33769770000003],[16.21094929999996,44.338234899999975],[16.2192131,44.34833550000002],[16.21300529999999,44.349421800000016],[16.205434700000026,44.3605158],[16.198097899999958,44.36107850000002],[16.19251,44.364427],[16.183454,44.36466429999997],[16.17111980000004,44.37138030000001],[16.1683594,44.374736300000045],[16.135555,44.377022400000016],[16.131225,44.37889140000002],[16.125608799999963,44.39365870000001],[16.119598799999984,44.39666470000004],[16.125759,44.398597],[16.147177699999965,44.39288920000002],[16.160951399999984,44.4000434],[16.172238,44.40285],[16.171157799999985,44.40551840000003],[16.165725,44.40782840000002],[16.1643726,44.4150193],[16.15972940000004,44.4161517],[16.1530294,44.422623900000026],[16.145668300000043,44.41957330000004],[16.143288,44.422207699999966],[16.1452426,44.42319],[16.140827399999985,44.42733659999996],[16.138697200000035,44.4414777],[16.142843,44.443508100000045],[16.14348690000003,44.448298],[16.138881099999974,44.454022799999976],[16.133580499999983,44.45366959999997],[16.131379,44.455283],[16.132687299999976,44.4608342],[16.137408,44.462806899999975],[16.13545349999997,44.470664300000045],[16.14112549999996,44.47979930000004],[16.136798300000038,44.48417020000002],[16.1296348,44.486847300000015],[16.132007799999975,44.48869720000004],[16.1309174,44.4927394],[16.113198799999978,44.51595320000004],[16.093559500000026,44.5344548],[16.0684081,44.535199900000016],[16.03065430000004,44.5545906],[16.026737699999988,44.56454090000004],[16.008874,44.5828652],[16.01730580000003,44.588666799999956],[16.023593900000016,44.5900917],[16.0474598,44.58805609999997],[16.052639799999962,44.59267309999997],[16.043601399999968,44.599148700000015],[16.046602400000026,44.60678010000004],[16.05482879999998,44.611791099999955],[16.0547506,44.62564180000004],[16.05102649999997,44.62650729999998],[16.0483669,44.6246279],[16.042784200000032,44.6293618],[16.04253249999999,44.6359926],[16.032184099999963,44.64762270000003],[16.030558899999964,44.65429579999998],[16.020977499999983,44.656933],[16.0120057,44.65470210000002],[15.99675110000001,44.6598758],[15.98750760000001,44.6679696],[15.976761899999973,44.67058539999998],[15.972893800000024,44.672962],[15.967446599999983,44.678729300000036],[15.968573,44.68283510000002],[15.965932500000028,44.69058049999997],[15.9592028,44.69242279999999],[15.953171300000028,44.69925839999998],[15.95294839999997,44.70207],[15.956427599999982,44.7042587],[15.9545503,44.711169299999966],[15.9380137,44.71099830000003],[15.932379600000028,44.70755709999997],[15.929631500000022,44.709793],[15.9265065,44.717636600000034],[15.921614499999984,44.72084490000002],[15.9114266,44.734224500000025],[15.901402100000043,44.74168060000002],[15.902303500000018,44.74576789999998],[15.89748790000001,44.74619279999997],[15.8941258,44.74941119999998],[15.88933369999999,44.747259899999975],[15.888428399999958,44.74435050000003],[15.884830499999984,44.744141300000045],[15.883061199999963,44.74241080000004],[15.884260199999959,44.734596299999964],[15.881743299999988,44.73322789999999],[15.880870100000037,44.72864829999997],[15.875451100000019,44.728849],[15.87421829999998,44.730874300000025],[15.8735777,44.727554599999976],[15.870972900000039,44.72684709999997],[15.8649503,44.72920090000004],[15.86502739999998,44.7323391],[15.8632424,44.733278700000014],[15.865386400000018,44.73245770000003],[15.864631800000021,44.73363970000004],[15.8528022,44.73637260000003],[15.8497331,44.7339731],[15.84660960000002,44.72652880000001],[15.834879599999988,44.713946399999976],[15.831668300000027,44.717319900000035],[15.8193254,44.7228628],[15.815086199999987,44.726177],[15.814862200000016,44.732528],[15.810227399999958,44.73896050000002],[15.806665400000023,44.73896050000002],[15.801739899999982,44.74332290000001],[15.7886622,44.74560149999998],[15.7807874,44.7502078],[15.781230599999988,44.7543364],[15.779063900000038,44.75712760000002],[15.755980499999959,44.7859625],[15.740787700000029,44.80073140000003],[15.742770400000031,44.80923689999999],[15.7287433,44.825317199999986],[15.762085199999957,44.829524800000044],[15.79343039999999,44.84660359999997],[15.760233,44.86963779999998],[15.760609,44.8873715],[15.748331800000019,44.91448310000004],[15.7459291,44.92570749999998],[15.73889139999998,44.934904],[15.736413500000038,44.93583119999998],[15.74339749999996,44.941891],[15.750253200000012,44.951193099999955],[15.7455245,44.95483759999997],[15.745543200000037,44.96078210000003],[15.749298299999962,44.9676369],[15.755367,44.969820799999965],[15.759941300000028,44.96905640000004],[15.770756,44.97162190000004],[15.778867,44.968767899999975],[15.781040299999963,44.969316100000036],[15.779736,44.97079459999998],[15.782159099999985,44.9701464],[15.7835827,44.9758325],[15.7829784,44.9799235],[15.780585199999967,44.97975530000003],[15.7805062,44.98404089999997],[15.783008700000027,44.98715240000002],[15.782982399999982,44.9931141],[15.786380600000042,44.993971],[15.778925599999964,45.001571200000036],[15.7816698,45.00319349999997],[15.7784515,45.00751280000004],[15.7732883,45.00585510000002],[15.75480140000001,45.047334799999966],[15.75338670000002,45.047396],[15.753004099999982,45.056138199999964],[15.745407800000025,45.05770620000003],[15.744668400000043,45.06118320000004],[15.741813199999969,45.060671599999985],[15.741411699999967,45.0618773],[15.748760300000034,45.06523950000001],[15.7523581,45.06496409999996],[15.756657600000027,45.069722],[15.770951899999956,45.076506],[15.768996399999983,45.0813153],[15.774458,45.083891100000045],[15.768714800000042,45.08931669999998],[15.7693873,45.091320699999976],[15.773356799999986,45.0951179],[15.7788863,45.09514129999999],[15.780985799999984,45.106745299999986],[15.7909939,45.114994],[15.790263100000027,45.12005990000004],[15.787865900000012,45.11974349999997],[15.779275100000016,45.1278591],[15.777611599999956,45.13090070000003],[15.781820699999964,45.135861599999984],[15.775129899999966,45.13937039999996],[15.775915300000024,45.14625520000002],[15.769751099999988,45.15076329999999],[15.764668299999988,45.1626991],[15.764625,45.16627889999998],[15.767880600000032,45.1678742],[15.767679700000018,45.17088260000004],[15.777657899999967,45.17640940000001],[15.776558500000041,45.183897499999986],[15.78262420000001,45.1872094],[15.78493880000003,45.19186139999998],[15.7914618,45.19547430000004],[15.795780099999982,45.1948704],[15.801548699999971,45.198097],[15.8010381,45.20088469999997],[15.803749099999957,45.20424740000002],[15.809528699999968,45.205616699999986],[15.805133099999983,45.2087577],[15.807958099999956,45.2081834],[15.810509300000012,45.21021580000002],[15.813786800000033,45.20979940000003],[15.81511880000002,45.210986],[15.817426900000035,45.208212299999985],[15.826983199999981,45.207610400000014],[15.832066,45.21273420000003],[15.827948800000028,45.215146],[15.826948500000041,45.219374],[15.832521899999955,45.21806539999998],[15.833381700000041,45.22107839999996],[15.8383877,45.22416020000004],[15.843214699999967,45.2249895],[15.847955299999986,45.22417180000003],[15.857078100000036,45.216799],[15.8719782,45.22066619999996],[15.875250300000014,45.220072],[15.87578520000004,45.2181119],[15.877757399999973,45.219711099999984],[15.8815201,45.2185477],[15.885823499999988,45.2196673],[15.889829299999962,45.21726],[15.89356670000002,45.217254799999964],[15.895117,45.22128659999996],[15.886970899999978,45.226621500000036],[15.889103300000022,45.2263764],[15.8920261,45.2292338],[15.902629199999966,45.227774],[15.9066926,45.224407],[15.912409200000036,45.223903899999975],[15.921063200000022,45.227854199999975],[15.924807400000022,45.2255208],[15.925439800000033,45.2216885],[15.92155539999998,45.21705859999999],[15.924413700000043,45.210514799999984],[15.957283199999987,45.21585050000004],[15.9779173,45.23057940000004],[15.987437399999974,45.2268229],[15.9945902,45.22092619999998],[16.000270599999983,45.2218765],[16.004299800000027,45.2173357],[16.01068140000002,45.21886079999997],[16.014682100000016,45.21798850000001],[16.016997,45.21022069999999],[16.020545,45.20874],[16.021747199999986,45.2020338],[16.030449300000043,45.20111530000004],[16.02511170000001,45.19210870000001],[16.015206499999973,45.1817528],[16.015661799999986,45.1798926],[16.030064199999977,45.1810542],[16.0487049,45.17868459999997],[16.0464079,45.172693899999985],[16.0516097,45.1715831],[16.05103270000004,45.16801129999997],[16.0566529,45.157961200000024],[16.059810399999957,45.15729240000002],[16.070815400000043,45.14605],[16.078086900000038,45.142238699999965],[16.0858132,45.131833500000035],[16.08440490000001,45.11060739999997],[16.089951600000024,45.1043494],[16.095668099999966,45.10399059999997],[16.0977285,45.10144239999998],[16.1028,45.09961690000002],[16.108916300000026,45.092704],[16.121747,45.09305],[16.131702799999964,45.08660690000004],[16.13862320000004,45.0908198],[16.144076599999973,45.08536839999997],[16.15552650000001,45.08280550000001],[16.16618610000003,45.07427319999997],[16.1722251,45.072517199999986],[16.1738823,45.07038719999996],[16.17013640000003,45.06671069999997],[16.1754798,45.06235940000001],[16.174754500000038,45.06035560000004],[16.177286099999982,45.05623689999996],[16.17594570000001,45.05263080000002],[16.186130700000017,45.046259],[16.188047,45.039660200000014],[16.193684700000027,45.0310391],[16.1990936,45.0325515],[16.20907590000003,45.032573500000034],[16.211417599999983,45.02928479999997],[16.223581500000034,45.02475719999999],[16.229222600000043,45.0245512],[16.229817699999987,45.017198],[16.236352,45.01466009999997],[16.25318439999997,45.0142986],[16.2575697,45.01108559999998],[16.262045599999958,45.01688639999997],[16.2691179,45.01685380000003],[16.27299389999997,45.014090199999984],[16.2737425,45.00622819999998],[16.2803796,45.00874639999997],[16.2843139,45.00830370000002],[16.28875180000003,44.9956636],[16.29300529999998,44.99925150000004],[16.29979740000001,44.99826519999997],[16.307066499999983,45.000703700000024],[16.3118447,44.99804089999997],[16.321112299999957,45.0022319],[16.32796720000003,45.00217540000003],[16.33166950000003,45.00019380000003],[16.339445400000013,45.000336600000026],[16.35438390000004,45.00293950000001],[16.353993900000013,45.00611869999998],[16.3585796,45.01144060000004],[16.3558786,45.017593],[16.358781500000013,45.02515160000003],[16.355517599999963,45.03122009999996],[16.359016700000023,45.03312620000002],[16.362732900000015,45.04070969999999],[16.36971590000003,45.044641],[16.37407969999996,45.0510751],[16.37999789999998,45.0508894],[16.383505600000042,45.05343480000002],[16.382829499999968,45.05910160000002],[16.38685939999998,45.06630719999998],[16.38767829999997,45.07241409999998],[16.386565900000033,45.0820292],[16.395674599999982,45.0895551],[16.395174199999968,45.09397390000003],[16.4028733,45.09849720000001],[16.3929837,45.1042786],[16.394442800000025,45.11270540000001],[16.409691,45.120636],[16.437273700000038,45.126762899999974],[16.44468519999998,45.13364379999998],[16.44843010000004,45.1342279],[16.449793200000023,45.136356299999974],[16.463316700000036,45.14245620000002],[16.467541,45.15053840000003],[16.46936169999998,45.15044749999997],[16.471332599999982,45.15343750000001],[16.4707949,45.15580089999998],[16.473424799999986,45.15925910000003],[16.47509809999997,45.1586566],[16.478602500000022,45.1607315],[16.47954940000003,45.16600140000003],[16.47708519999998,45.17047860000001],[16.47511089999996,45.17049529999997],[16.47469320000004,45.1832762],[16.485190400000032,45.191687],[16.49214549999996,45.20897610000004],[16.513027,45.22059559999998],[16.52794749999998,45.22612660000003],[16.53538629999996,45.22697450000002],[16.539968099999985,45.22586059999996],[16.539610299999957,45.22420349999999],[16.5438691,45.22076470000003],[16.55653449999997,45.2191939],[16.56472650000001,45.22213479999997],[16.586576,45.2253695],[16.59495,45.23092639999997],[16.598454400000012,45.2313239],[16.6190399,45.223488],[16.628361199999958,45.21405460000003],[16.636823399999972,45.2138213],[16.648359,45.207779399999964],[16.658669099999962,45.207176],[16.668529899999967,45.20196769999996],[16.680210199999973,45.20153890000001],[16.697348500000025,45.19654420000001],[16.70238339999997,45.19772249999998],[16.71273530000002,45.20382560000003],[16.723639600000034,45.204829500000045],[16.7324232,45.207469],[16.73907709999996,45.20499460000003],[16.754824200000012,45.2025898],[16.77497679999998,45.192762],[16.809403299999964,45.185232599999964],[16.819166100000032,45.184759],[16.834724500000014,45.18830540000001],[16.8436609,45.19417149999998],[16.844145599999965,45.206228299999964],[16.8339773,45.215711],[16.835121,45.21923549999998],[16.843069800000038,45.221144],[16.854722299999963,45.2146241],[16.855164100000014,45.211384199999976],[16.850067799999962,45.20723309999997],[16.851229100000037,45.20486160000004],[16.854201799999974,45.20462689999998],[16.862285600000032,45.212576200000015],[16.864948299999988,45.21930170000004],[16.86975550000001,45.220488],[16.8774961,45.21906379999999],[16.879668299999967,45.220279400000024],[16.879850400000024,45.22248149999997],[16.87767479999996,45.223881800000015],[16.867334,45.2236895],[16.862744800000012,45.2285694],[16.8644525,45.23138379999998],[16.87762889999998,45.2326142],[16.87621780000002,45.226304],[16.88096949999998,45.22484580000002],[16.88371859999998,45.22765170000001],[16.879952899999978,45.2341997],[16.8837382,45.239530700000024],[16.8831918,45.2419703],[16.8785985,45.24370249999996],[16.87269,45.24039229999999],[16.869951599999983,45.240793100000026],[16.878035799999985,45.24663710000004],[16.888982599999963,45.24622480000003],[16.89335020000003,45.248295600000034],[16.891720899999957,45.2526395],[16.883280200000033,45.254452],[16.882832,45.2570406],[16.891469,45.2581967],[16.8975084,45.2506749],[16.9061433,45.2512193],[16.9131335,45.256077299999966],[16.913475,45.262626499999975],[16.9178633,45.266623500000016],[16.9192114,45.27265129999996],[16.9229933,45.2753214],[16.930236100000023,45.276413500000025],[16.93819389999996,45.274274],[16.94081840000004,45.26449190000004],[16.9512926,45.25936959999997],[16.954250300000023,45.256037],[16.952402099999958,45.2522283],[16.940211700000024,45.24766530000002],[16.93632040000002,45.24427589999998],[16.935263200000033,45.2402776],[16.937782500000026,45.22783169999998],[16.94642109999998,45.2281014],[16.95707379999996,45.23232020000001],[16.971544800000032,45.22713120000002],[16.976090700000018,45.22880859999999],[16.977465900000027,45.23311],[16.97455829999997,45.23822750000002],[16.96336349999999,45.241666],[16.9614036,45.2437641],[16.965226400000027,45.2491089],[16.97063589999997,45.25142409999999],[16.97659630000002,45.24983790000002],[16.983365700000036,45.244674199999984],[16.9850399,45.238858],[16.98241550000002,45.2298768],[16.98588920000002,45.2250902],[16.992275599999967,45.2220288],[17.000100800000034,45.221707],[17.005645100000027,45.225748199999984],[17.0062245,45.22873410000004],[17.00324189999996,45.2351721],[17.00547169999998,45.237869399999965],[17.01016469999997,45.2387565],[17.022114200000043,45.235910900000015],[17.022367899999985,45.23320109999998],[17.014964800000026,45.22917310000003],[17.008064,45.21930780000001],[17.00797120000002,45.2164846],[17.010560300000016,45.21417670000001],[17.016154,45.212762499999975],[17.02089020000002,45.21375959999996],[17.02915710000004,45.21853239999998],[17.034856900000023,45.2251398],[17.0379803,45.2257494],[17.043141,45.2080525],[17.05231680000004,45.200856600000044],[17.0646169,45.198198500000025],[17.069369500000025,45.191701],[17.073649500000037,45.189397],[17.097831599999985,45.17995769999997],[17.113417,45.17598059999997],[17.12883880000003,45.16714990000002],[17.14552110000001,45.161997500000034],[17.162653700000035,45.152335],[17.173978600000034,45.14838060000002],[17.18625919999997,45.146308199999964],[17.203994799999972,45.149534],[17.217589800000038,45.1458278],[17.246496500000013,45.14646990000002],[17.255286200000036,45.15457540000001],[17.2618468,45.1732856],[17.270314,45.187986800000026],[17.27331990000001,45.18949869999998],[17.27615639999996,45.18818139999996],[17.2823979,45.1786764],[17.28712140000002,45.17557640000001],[17.3096528,45.176641],[17.312492700000043,45.1652646],[17.31630579999997,45.16446120000004],[17.3266543,45.165708600000045],[17.33093780000004,45.16427469999998],[17.32772460000001,45.15652959999996],[17.32846240000004,45.154042499999974],[17.33923689999997,45.14490529999998],[17.346878600000043,45.14116009999998],[17.363278099999985,45.13782990000004],[17.3871401,45.1372949],[17.407546,45.13426839999997],[17.4149971,45.135032500000044],[17.432185500000013,45.1448004],[17.43940379999996,45.159389299999965],[17.445225,45.160827],[17.45028410000003,45.15970379999997],[17.453798,45.15525559999998],[17.455300899999987,45.1477664],[17.45397,45.13929180000003],[17.448699600000023,45.131117],[17.45071550000002,45.12713820000003],[17.4598793,45.12563320000003],[17.469546699999988,45.126432399999985],[17.4779723,45.12935270000003],[17.4867436,45.13738310000002],[17.492392200000012,45.13536740000004],[17.49375269999996,45.12892320000002],[17.492097399999956,45.123585499999976],[17.4821695,45.117451],[17.48002290000002,45.11436549999997],[17.48010460000003,45.11199930000003],[17.4839194,45.10969460000003],[17.488524800000032,45.109735799999974],[17.5020832,45.1149358],[17.506632900000035,45.114006600000025],[17.513387399999974,45.10874040000004],[17.53078120000003,45.1090502],[17.54017810000002,45.11581550000004],[17.540580600000016,45.1270273],[17.548035099999964,45.13009929999998],[17.5536872,45.12814219999997],[17.557130100000023,45.1231758],[17.557337400000034,45.1185707],[17.5539847,45.1116276],[17.555297099999972,45.10887670000004],[17.563609,45.1089139],[17.571991,45.11508450000004],[17.57788809999999,45.1164226],[17.5838727,45.11384550000002],[17.590189699999975,45.10803410000004],[17.598554199999988,45.106101],[17.60425880000001,45.10732780000004],[17.611608299999975,45.11296579999998],[17.624172500000018,45.11382070000001],[17.629719599999977,45.121105799999974],[17.647730800000044,45.130363],[17.66015,45.13372859999998],[17.667937,45.13392670000003],[17.679591199999983,45.1295543],[17.692628199999977,45.117139499999986],[17.698455,45.11488629999998],[17.707659300000028,45.11437829999996],[17.7161638,45.111255799999974],[17.72862290000004,45.101676800000014],[17.746036699999973,45.093331800000016],[17.75783819999997,45.085615800000014],[17.7648439,45.084094700000016],[17.7772723,45.08476089999998],[17.78392380000003,45.08310229999997],[17.805226500000032,45.06427160000004],[17.822216299999965,45.054121],[17.8348771,45.04782669999999],[17.85149809999998,45.044287],[17.867452899999986,45.04575359999996],[17.89906159999997,45.058639100000036],[17.920646,45.074001],[17.936193299999964,45.08117449999998],[17.9377449,45.08546040000004],[17.932447600000017,45.0923215],[17.929853300000037,45.09946030000003],[17.93277669999998,45.10785050000004],[17.9390458,45.111191],[17.957915699999965,45.111612800000024],[17.965501300000014,45.11418739999998],[17.97460709999999,45.12359709999996],[17.976863900000023,45.13472469999998],[17.98031009999997,45.13874269999998],[17.988069900000042,45.14562830000002],[18.00442060000003,45.15188530000001],[18.01881320000001,45.149495],[18.022308500000022,45.1461733],[18.0285578,45.13245830000004],[18.037964700000014,45.12551319999996],[18.041211100000037,45.12909630000004],[18.043214,45.1379217],[18.046578799999985,45.140686200000026],[18.059943900000036,45.1434006],[18.071426700000043,45.140602899999976],[18.085827099999957,45.118799799999955],[18.0838911,45.11595949999996],[18.071638399999973,45.1099529],[18.071332499999976,45.107353600000046],[18.074909099999964,45.10473740000003],[18.094086200000042,45.09873819999997],[18.1083455,45.0842041],[18.11815759999998,45.08058670000002],[18.12373419999998,45.08038659999998],[18.143781899999972,45.085871],[18.1488103,45.085368199999955],[18.17201809999998,45.077235700000045],[18.188089899999987,45.0768229],[18.1992185,45.079219599999966],[18.2100808,45.085368199999955],[18.2216903,45.097888199999986],[18.2211255,45.10092130000003],[18.21001150000004,45.11070340000001],[18.2086285,45.11709659999999],[18.210678100000038,45.1232477],[18.219001600000034,45.12861190000002],[18.238381700000033,45.1364297],[18.250555,45.1390628],[18.261196299999988,45.13910160000001],[18.27079790000004,45.1369545],[18.276789,45.13302190000004],[18.279165400000036,45.12622130000002],[18.278888699999968,45.1178772],[18.2810327,45.11519339999999],[18.289538399999966,45.113241300000034],[18.3062341,45.1158343],[18.311175500000015,45.11248550000003],[18.317338400000033,45.102845399999985],[18.320540500000032,45.101271300000036],[18.4100252,45.110490100000035],[18.425367300000023,45.1076202],[18.436836200000034,45.0998678],[18.444379699999974,45.08373730000002],[18.4592978,45.076502200000014],[18.47411620000004,45.0636421],[18.48358449999999,45.0608027],[18.49384590000001,45.0615607],[18.5074549,45.0571852],[18.526077899999965,45.06071329999997],[18.529136299999976,45.058783800000015],[18.530743399999988,45.0549782],[18.529826,45.045377799999955],[18.533855900000034,45.04364820000002],[18.537196400000028,45.04791310000003],[18.537367399999965,45.063486199999986],[18.550942,45.072863200000015],[18.548920600000024,45.07894479999997],[18.5300126,45.08666709999996],[18.52960830000004,45.08869379999996],[18.53745319999996,45.09351980000003],[18.54445380000001,45.09410219999999],[18.5482053,45.092868300000035],[18.566545500000014,45.08056650000003],[18.569640500000034,45.07750690000001],[18.571296099999973,45.06821339999996],[18.574128400000017,45.06657820000002],[18.577532899999976,45.06767120000004],[18.58137210000002,45.07162919999997],[18.5826782,45.078405],[18.580473099999978,45.08209620000004],[18.567890800000036,45.090588400000044],[18.569134700000017,45.09469659999996],[18.574283,45.095207],[18.582927,45.0931877],[18.597185799999988,45.083109],[18.6130461,45.08043210000002],[18.61816179999996,45.0827344],[18.620463100000034,45.08568670000002],[18.622874299999964,45.09542549999997],[18.625814599999973,45.09629939999998],[18.63032140000001,45.09522530000001],[18.635608200000014,45.09205330000002],[18.636337699999977,45.0859206],[18.630921500000014,45.081112900000036],[18.6182396,45.07722619999997],[18.607666,45.07106730000002],[18.60609,45.065732599999954],[18.6091121,45.06311149999998],[18.61850390000002,45.06116089999997],[18.640708400000033,45.061987399999964],[18.65456279999998,45.05599219999996],[18.658372399999973,45.05681879999997],[18.661031399999978,45.06419139999998],[18.653514899999962,45.07849030000002],[18.66050270000002,45.08967409999998],[18.664811600000025,45.093131399999955],[18.673206499999978,45.0948398],[18.680286400000018,45.09149249999998],[18.6878851,45.07848209999997],[18.68609690000001,45.0738108],[18.670609799999976,45.06710049999998],[18.667906500000036,45.06209680000004],[18.69402709999997,45.03957919999997],[18.7166203,45.037231],[18.7192481,45.03423210000004],[18.721673799999966,45.025322799999984],[18.737689699999965,45.017404799999966],[18.73724009999998,45.009910199999986],[18.72778670000002,44.99907479999999],[18.7291798,44.99393790000004],[18.73475,44.9921661],[18.743708400000042,44.992600699999976],[18.756682499999982,44.99958759999996],[18.767093500000037,44.99935640000002],[18.79416050000003,44.99478240000001],[18.79655740000002,44.9897392],[18.79352050000001,44.983849899999974],[18.78447570000002,44.97548969999996],[18.785915500000044,44.9653976],[18.789791400000016,44.956629199999966],[18.80321710000002,44.94719989999996],[18.80531629999998,44.94138839999997],[18.800367300000037,44.936337899999984],[18.789175799999974,44.934465],[18.777119400000025,44.9364154],[18.761715599999956,44.94408790000004],[18.755432,44.94408790000004],[18.7519295,44.9424837],[18.75038429999996,44.93810860000003],[18.754092800000027,44.93161840000002],[18.772983,44.91920630000004],[18.763470799999965,44.91162819999999],[18.762631399999968,44.90776449999996],[18.764329200000024,44.905268400000026],[18.793895799999977,44.887104],[18.804392500000016,44.88257480000004],[18.81945330000004,44.87849579999997],[18.8451202,44.8566719],[18.8560811,44.85309210000002],[18.894975299999977,44.852513500000015],[18.935801799999968,44.84980139999997],[18.981102799999988,44.850008599999974],[19.003844699999966,44.854759599999966],[19.019112299999957,44.85524340000003],[19.014377200000038,44.86910280000003],[19.003107199999963,44.884368899999984],[18.99962069999997,44.88490510000003],[18.99239160000002,44.8938765],[18.9916882,44.9026093],[18.98924330000003,44.905792],[18.99644710000002,44.9118646],[18.997976099999963,44.91556],[19.0145947,44.9211788],[19.032289600000013,44.92250480000002],[19.03538470000004,44.92154019999997],[19.044114399999984,44.91258310000004],[19.06427269999998,44.9020511],[19.06858310000002,44.9011515],[19.0744331,44.905396599999975],[19.082218599999972,44.9062653],[19.087197900000024,44.910399600000034],[19.0805348,44.91338089999997],[19.083896100000036,44.91667519999996],[19.087406399999956,44.9162399],[19.088151499999967,44.91816930000004],[19.084210700000042,44.919381100000024],[19.08493930000002,44.923086800000036],[19.088482700000014,44.923980800000024],[19.086926200000015,44.92528649999996],[19.1012845,44.92991290000004],[19.1092796,44.934167],[19.111541500000012,44.93267570000002],[19.124245100000042,44.93904519999999],[19.135859199999988,44.939133],[19.14315380000003,44.941346100000025],[19.14308559999998,44.946810499999984],[19.156487599999977,44.95294179999996],[19.1541037,44.95508080000002],[19.154293399999972,44.95768290000002],[19.147431699999956,44.957685699999985],[19.1474108,44.97539590000002],[19.138335,44.980711],[19.118681200000026,44.97571519999997],[19.111082699999976,44.96985580000002],[19.092864,44.97097169999998],[19.0878332,44.9740763],[19.084304199999963,44.97434280000002],[19.075694299999984,44.9710783],[19.05194780000002,44.977328],[19.0609,44.982727199999985],[19.080898299999976,44.9884821],[19.085829100000012,44.99348639999999],[19.094016500000027,44.99803869999997],[19.09671840000003,45.005279],[19.102717399999985,45.010695300000016],[19.0973578,45.022498200000044],[19.098763899999987,45.03285949999998],[19.095630499999988,45.033548599999975],[19.0941612,45.037445099999964],[19.10109680000001,45.043242],[19.105893300000037,45.0515323],[19.10135,45.05390310000004],[19.09888819999997,45.0575287],[19.0952302,45.0585443],[19.105857600000014,45.07916120000002],[19.0927827,45.09065069999996],[19.09164359999998,45.09286940000004],[19.0944444,45.09751679999999],[19.093506700000034,45.101552699999964],[19.0877858,45.1068829],[19.083737100000025,45.107369],[19.0823703,45.1101085],[19.08428260000004,45.11139949999996],[19.0768002,45.11373730000004],[19.077897,45.1272764],[19.081228,45.134328599999975],[19.087547099999963,45.13836340000004],[19.0865622,45.14541790000002],[19.114342500000042,45.137706699999974],[19.11998369999997,45.1337331],[19.142050799999982,45.129924900000034],[19.187238,45.16599730000004],[19.1945386,45.17891520000004],[19.18433050000004,45.18434030000003],[19.166017300000032,45.18970919999999],[19.1706307,45.19974589999998],[19.17621659999998,45.202511],[19.1789488,45.200124],[19.185442500000033,45.20186369999997],[19.189678100000013,45.200938200000046],[19.21483809999996,45.187822400000016],[19.228560199999972,45.184219100000035],[19.235395,45.179050500000045],[19.2463004,45.179494900000044],[19.262271899999966,45.17488510000001],[19.27079780000001,45.17570420000001],[19.2766125,45.17208040000003],[19.286614100000016,45.171089400000014],[19.29136870000004,45.17336139999997],[19.2950726,45.172968],[19.279896099999988,45.19361849999997],[19.28040029999996,45.19463309999998],[19.287529299999978,45.19383720000003],[19.287946,45.19492440000002],[19.28093069999997,45.20250510000002],[19.280300599999972,45.20910309999997],[19.283503799999973,45.20902909999998],[19.2877055,45.20589459999998],[19.318863199999964,45.20762929999998],[19.3215967,45.19733579999996],[19.342025,45.17400749999996],[19.35305059999997,45.18060590000004],[19.3642008,45.17284470000003],[19.372597900000038,45.169954],[19.373176200000014,45.171335400000025],[19.38997839999997,45.17257019999997],[19.41863390000003,45.16578890000003],[19.4358861,45.172718299999964],[19.4280809,45.187209600000024],[19.434849699999962,45.19014],[19.43534359999997,45.19306889999997],[19.441622299999977,45.1933236],[19.4470842,45.19632110000003],[19.427440899999976,45.217504700000035],[19.422589,45.22533880000004],[19.420634,45.23349189999997],[19.370919199999964,45.23165509999996],[19.3356138,45.23254409999998],[19.284864500000026,45.23731740000004],[19.241033899999987,45.24775289999999],[19.193894,45.26570309999998],[19.14450779999997,45.28023759999998],[19.115388,45.292559500000046],[19.102533799999982,45.3019721],[19.099056899999983,45.31041979999997],[19.099373,45.32662010000004],[19.092770300000034,45.335138199999975],[19.0779143,45.341235900000015],[19.056018400000024,45.343105499999986],[19.048008799999977,45.348484599999985],[19.02316809999998,45.35191480000003],[19.011468599999986,45.35866729999998],[19.005405100000022,45.35763410000003],[18.97959070000002,45.3701943],[18.971569399999982,45.377207300000016],[18.969465199999963,45.3868124],[18.97615,45.394288799999984],[18.993143200000034,45.40004989999998],[19.01548,45.40086369999999],[19.023382100000013,45.40310770000003],[19.030546699999956,45.4114171],[19.02980920000004,45.41859120000003],[19.02527859999999,45.4249018],[19.0180296,45.42978869999997],[18.999591300000024,45.436738800000015],[18.9914338,45.441930399999954],[18.988437,45.44683360000002],[18.987145700000024,45.4551611],[18.991417100000035,45.46578640000001],[18.9913674,45.47780280000003],[18.9968806,45.491383599999985],[19.000158699999986,45.494343],[19.01098629999996,45.49615340000002],[19.03398179999996,45.486775199999975],[19.04455,45.484949],[19.082297700000034,45.48829179999996],[19.086718200000035,45.48933639999997],[19.095452900000037,45.49490209999996],[19.102301400000027,45.50546250000003],[19.101142399999965,45.51432280000003],[19.095944600000042,45.52030280000002],[19.07111430000002,45.530637],[19.052676,45.533048],[19.04129690000001,45.532925],[19.034659099999956,45.5349423],[19.0272486,45.5518407],[19.02113760000002,45.55715269999996],[19.008880499999986,45.556734700000014],[18.99219650000004,45.54031779999997],[18.983777699999976,45.53690849999997],[18.95958939999996,45.5337251],[18.950376,45.53395129999998],[18.928746199999985,45.5439025],[18.917609500000015,45.5544578],[18.899724199999973,45.557758],[18.889210500000036,45.56607080000004],[18.88779059999997,45.57116789999998],[18.89340990000004,45.58030350000002],[18.913440300000023,45.59539930000001],[18.91289649999997,45.598802699999965],[18.906552,45.60706719999997],[18.90576649999996,45.61613349999996],[18.9077605,45.61890170000003],[18.91437679999997,45.62359260000002],[18.93034019999998,45.629142],[18.93375819999999,45.631831],[18.93794539999996,45.64159980000002],[18.9624699,45.65907189999999],[18.96627250000003,45.666357800000014],[18.963281700000017,45.67385170000003],[18.959137300000034,45.67668780000003],[18.92470039999999,45.69080629999998],[18.908638800000027,45.705161100000026],[18.900874400000017,45.72174189999996],[18.888707900000018,45.775266399999964],[18.880762200000017,45.78283070000003],[18.85958979999996,45.788468],[18.854120899999987,45.792907],[18.849933800000024,45.800741400000035],[18.8475838,45.81199950000001],[18.85001440000003,45.8208253],[18.856508700000024,45.8327641],[18.8578759,45.84743850000002],[18.856380499999986,45.8563662],[18.85236430000004,45.86130560000004],[18.8336504,45.8683866],[18.82984789999998,45.873563],[18.8249682,45.900085],[18.81428750000001,45.90880350000002],[18.80724910000003,45.90319109999999],[18.8115167,45.897762599999986],[18.812600200000023,45.89081590000004],[18.80893059999998,45.879463],[18.791096199999973,45.87816249999999],[18.785266,45.880067500000045],[18.773047800000025,45.88798410000004],[18.7672207,45.8894253],[18.76023190000003,45.8886362],[18.760531899999982,45.8931019],[18.756904300000038,45.896792900000044],[18.7504696,45.89802810000001],[18.7502259,45.900282500000024],[18.7382944,45.90067029999996],[18.721628599999956,45.90522790000003],[18.710040699999958,45.912316],[18.704786499999987,45.918049300000035],[18.675949,45.914821899999986],[18.66952029999998,45.9106871],[18.6627235,45.916723799999964],[18.659532799999972,45.9168864],[18.660023299999967,45.904698],[18.66500619999996,45.89943470000004],[18.66197870000002,45.89939170000004],[18.661048200000035,45.8953197],[18.6544825,45.895399200000014],[18.641280899999973,45.889039699999984],[18.641856199999967,45.884468],[18.655017899999976,45.87423940000002],[18.63762220000003,45.868085],[18.63155910000001,45.8768197],[18.62777049999998,45.8733783],[18.62355340000002,45.85432380000003],[18.614845,45.85314390000002],[18.623665599999978,45.839853099999985],[18.60083820000003,45.8340503],[18.603606,45.82835350000001],[18.595498900000035,45.82146660000004],[18.58518559999998,45.816850799999955],[18.573239199999986,45.81375780000001],[18.5749849,45.800434500000044],[18.559716,45.803796200000015],[18.555439,45.79464239999998],[18.548368,45.79384880000004],[18.54400449999996,45.79535380000004],[18.539123300000032,45.79342910000004],[18.53259120000002,45.79377729999999],[18.521209899999974,45.78801030000004],[18.522350500000023,45.78268590000003],[18.518516499999965,45.7853327],[18.5101881,45.7848045],[18.5048819,45.78831649999997],[18.505393300000033,45.79212419999999],[18.502101900000017,45.79439510000003],[18.497741,45.795514],[18.490670700000017,45.7947168],[18.482695599999982,45.77602239999999],[18.482190500000023,45.76550320000004],[18.4807206,45.766495399999975],[18.463800599999974,45.76623520000003],[18.45628280000003,45.7695229],[18.44507629999997,45.76051959999999],[18.449056599999963,45.7579597],[18.447926499999983,45.74871430000003],[18.450073299999975,45.74578490000003],[18.446853,45.737128],[18.434613,45.73884769999999],[18.42750010000001,45.74148729999999],[18.4235111,45.74006479999997],[18.41890210000004,45.74098640000002],[18.4105726,45.738922699999975],[18.407630099999977,45.7397119],[18.400741699999973,45.744353],[18.3979134,45.74465049999996],[18.396871899999972,45.74946379999996],[18.399520900000038,45.7505743],[18.4001397,45.75524390000001],[18.397171399999973,45.75313670000001],[18.39454259999998,45.75717119999996],[18.39203049999996,45.757766],[18.391894900000022,45.7616983],[18.385637199999977,45.764772599999986],[18.380732100000024,45.76366689999998],[18.36422570000003,45.7729364],[18.366676699999967,45.76672150000003],[18.36500129999999,45.7656476],[18.3564332,45.7668788],[18.3565234,45.763918099999984],[18.3546835,45.7640042],[18.346395700000034,45.75506529999998],[18.345001799999988,45.74995569999998],[18.339421400000028,45.747160499999985],[18.337198699999973,45.75158],[18.333349,45.75422039999997],[18.30974819999996,45.7564085],[18.2968158,45.7612196],[18.29246909999998,45.76119029999997],[18.2762194,45.7557494],[18.260912,45.7613506],[18.244047300000027,45.76123060000002],[18.23687550000002,45.768417600000035],[18.23459,45.77563359999997],[18.230731100000025,45.779032800000024],[18.2051149,45.781507599999976],[18.1985229,45.78564740000002],[18.1908703,45.787875900000024],[18.184907,45.78630540000002],[18.173627700000022,45.777076200000046],[18.168193900000023,45.776271299999976],[18.159970300000033,45.7803959],[18.15608159999998,45.78531690000003],[18.14807769999996,45.78829409999999],[18.132849799999967,45.78779249999996],[18.124651500000027,45.78962780000003],[18.118194899999956,45.785384600000036],[18.1137643,45.777738599999964],[18.10680669999996,45.77082559999997],[18.096004400000037,45.766160200000044],[18.081892199999988,45.7645206],[18.056165699999976,45.77305270000003],[18.035997200000025,45.77515279999998],[18.020665200000035,45.779965],[18.004097400000024,45.7927588],[17.9958809,45.7957311],[17.98664650000004,45.79449729999996],[17.9726052,45.7890329],[17.9545595,45.79304770000002],[17.94966890000001,45.792621700000026],[17.93020950000002,45.78633010000002],[17.9258521,45.786286400000044],[17.90667569999998,45.79256920000004],[17.89854109999998,45.79096110000003],[17.8759343,45.77930350000004],[17.872192099999978,45.7762148],[17.869096800000023,45.76818680000004],[17.866943500000026,45.76702359999998],[17.85929659999997,45.76846719999997],[17.852597,45.776391200000035],[17.854151499999965,45.77983529999999],[17.8524473,45.78324459999999],[17.83986680000003,45.78615259999999],[17.833204,45.791795],[17.8307121,45.806240400000014],[17.826274800000036,45.809995700000044],[17.820819400000026,45.810322199999966],[17.81549070000002,45.804927],[17.808978499999967,45.804098900000014],[17.800767,45.80591039999997],[17.7908461,45.8115078],[17.786930700000042,45.81603790000002],[17.78090549999996,45.817488400000045],[17.7721948,45.817389400000025],[17.767861800000034,45.816199399999974],[17.7641409,45.81235109999997],[17.760339900000016,45.8119231],[17.7570345,45.81340969999999],[17.74580919999998,45.827752400000016],[17.74086249999996,45.8295976],[17.730473599999957,45.8310005],[17.721770299999978,45.830513300000014],[17.7157323,45.8323445],[17.707028699999988,45.8318624],[17.7025643,45.836376899999955],[17.698715100000012,45.83785529999998],[17.6872516,45.838857],[17.672641100000025,45.83487260000001],[17.66329150000004,45.83818489999998],[17.6514305,45.84878890000002],[17.64868040000001,45.8558648],[17.647785200000015,45.8666124],[17.6276212,45.89794460000003],[17.614683,45.90969890000003],[17.60113720000001,45.915938],[17.578692899999965,45.93186509999998],[17.570067699999964,45.93582040000004],[17.560520399999962,45.937399499999955],[17.531813,45.934029700000025],[17.51381659999996,45.939562500000044],[17.477444500000022,45.9421319],[17.45199210000004,45.949068299999986],[17.437825400000012,45.9503823],[17.42816369999996,45.946909900000016],[17.427214,45.94392070000004],[17.4372542,45.9311556],[17.435146599999968,45.92867630000002],[17.425896400000035,45.927268100000035],[17.4119809,45.9303871],[17.4095343,45.933017],[17.411925300000025,45.936652100000025],[17.410806,45.9399665],[17.3955076,45.930270700000044],[17.392149,45.930215],[17.3887567,45.9318675],[17.38491720000002,45.93740489999996],[17.3879184,45.94170050000002],[17.38666370000002,45.94590850000002],[17.38287130000003,45.947573300000016],[17.373042600000016,45.947195],[17.36428719999999,45.94213679999997],[17.351517099999963,45.941257100000016],[17.3476208,45.94234130000002],[17.343366399999965,45.94519580000003],[17.339512799999973,45.9553364],[17.342345699999978,45.95521760000003],[17.3415549,45.957167199999965],[17.343876900000016,45.9605329],[17.348659799999982,45.96063190000002],[17.3505901,45.95859189999998],[17.34956669999997,45.95423369999998],[17.35377110000003,45.952501199999986],[17.35674560000003,45.95638210000002],[17.36298929999998,45.959143200000035],[17.372942299999977,45.95640140000002],[17.38529979999997,45.95590330000002],[17.3905376,45.958191499999984],[17.39142360000004,45.96300430000002],[17.38742309999997,45.966182299999986],[17.375029900000044,45.9608957],[17.363416,45.96083480000002],[17.358354,45.9642738],[17.360134699999957,45.9682457],[17.36321210000003,45.96959129999996],[17.373263099999964,45.967770700000045],[17.375485299999976,45.9686921],[17.374582499999974,45.97130120000004],[17.367659,45.97304679999996],[17.3664192,45.975075],[17.3744015,45.9819343],[17.375189600000024,45.98810539999998],[17.3724305,45.9911821],[17.36687460000002,45.992321599999954],[17.36356850000003,45.99154420000003],[17.360881,45.97633340000003],[17.356720299999978,45.97358369999998],[17.348839600000026,45.976897499999986],[17.342734,45.98421030000002],[17.3409386,45.99372750000002],[17.33822139999997,45.99575479999998],[17.333958300000024,45.9960781],[17.32748880000004,45.992046],[17.327454500000044,45.98899509999997],[17.3368122,45.98312850000004],[17.331984699999975,45.9728948],[17.329192200000026,45.969771500000036],[17.3226255,45.96724770000003],[17.31299739999997,45.96653480000002],[17.309730700000042,45.96798410000003],[17.30849549999998,45.97177049999997],[17.3170287,45.976051300000044],[17.316710100000027,45.9796662],[17.324465800000027,45.98556630000004],[17.323647,45.9887776],[17.319935700000016,45.99120529999996],[17.316061199999982,45.99159460000002],[17.311969800000032,45.989782900000044],[17.307988899999987,45.98222540000001],[17.298765400000043,45.983865299999984],[17.29494539999999,45.9866372],[17.293814,45.99005750000003],[17.2954061,45.992415700000016],[17.30417029999996,45.996335],[17.306238899999965,46.00009510000001],[17.3041997,46.00211279999998],[17.2981928,46.0036257],[17.286321600000015,46.00016620000003],[17.2724063,46.004736100000045],[17.2674715,46.00864650000003],[17.2579726,46.01102559999997],[17.26007170000004,46.014157400000016],[17.27115519999996,46.01719049999998],[17.272279199999968,46.02092939999998],[17.293536,46.0232719],[17.296320099999956,46.0285169],[17.291579,46.03195039999997],[17.28079790000004,46.031008],[17.2690312,46.033386300000025],[17.25415150000003,46.030005],[17.253917899999976,46.0310415],[17.259800900000016,46.032309600000026],[17.256863299999964,46.0459561],[17.26061270000004,46.046170399999966],[17.27123310000001,46.0528853],[17.270955100000013,46.056705499999985],[17.2515758,46.05888070000002],[17.239038200000017,46.05747719999998],[17.23247669999997,46.05920339999999],[17.228366499999975,46.063483],[17.232483800000026,46.066155400000014],[17.235317700000024,46.065694200000046],[17.23764810000002,46.06311040000004],[17.245043499999962,46.061335600000014],[17.248379700000044,46.06187580000003],[17.25251460000004,46.066472500000046],[17.245801,46.064365299999956],[17.2412869,46.06529509999997],[17.2385733,46.0713047],[17.238701799999983,46.07732820000004],[17.230899400000027,46.080494],[17.221316900000044,46.08130310000003],[17.207344,46.076187399999974],[17.201589199999972,46.077432300000034],[17.200944199999984,46.07983870000001],[17.20624440000003,46.083198],[17.213957699999987,46.08186689999996],[17.21910479999998,46.0826971],[17.218180299999958,46.086688799999955],[17.223352900000016,46.09425740000002],[17.2283551,46.0949441],[17.233424699999983,46.097931399999986],[17.23011939999997,46.09973129999996],[17.2203611,46.09904449999998],[17.21927429999997,46.09768170000002],[17.20948490000001,46.09931790000004],[17.218411800000016,46.10907889999996],[17.21617070000004,46.11303589999998],[17.2129734,46.113855],[17.210818799999977,46.11265039999997],[17.20981670000002,46.1074198],[17.206091199999968,46.110759],[17.200816499999988,46.11141990000003],[17.195572499999972,46.111146699999985],[17.185935900000043,46.10657889999997],[17.18121719999997,46.106267],[17.17592709999996,46.10845830000004],[17.174954,46.11265039999997],[17.178957499999964,46.113961],[17.1821826,46.11904890000003],[17.180558600000012,46.12206569999997],[17.176566500000018,46.12294159999997],[17.174342400000025,46.128760799999974],[17.178401499999968,46.128915],[17.18651970000003,46.133230799999986],[17.18140409999998,46.1368528],[17.1799584,46.139434199999975],[17.181724500000023,46.1409084],[17.17763690000003,46.1446065],[17.1810983,46.150548599999965],[17.16874750000002,46.1567277],[17.161421,46.155262700000016],[17.1562307,46.15858190000002],[17.157862299999987,46.161271100000036],[17.1562265,46.1617203],[17.15652779999997,46.16382829999997],[17.159374799999988,46.16453689999998],[17.1592858,46.169681799999964],[17.153325,46.17165330000002],[17.1446063,46.17079079999998],[17.139891,46.172947100000044],[17.133707800000014,46.16823389999998],[17.1261012,46.168449499999966],[17.123298700000028,46.173902],[17.12481120000003,46.17698229999996],[17.122741,46.178979199999986],[17.117649300000043,46.1798468],[17.1114217,46.1765202],[17.103503599999975,46.182495500000044],[17.1022136,46.18588330000004],[17.089980700000012,46.189609499999975],[17.086866800000028,46.18917840000001],[17.085462800000034,46.186222],[17.08299680000001,46.185975699999965],[17.07961580000004,46.1889003],[17.075248299999984,46.18895320000003],[17.06582190000004,46.19733060000004],[17.066294499999973,46.20210009999997],[17.05302669999998,46.202725],[17.006004,46.2228032],[17.00370230000004,46.2216404],[16.999463499999973,46.2229232],[16.99592549999998,46.220225499999984],[16.990003700000017,46.22483320000002],[16.983734,46.222043400000025],[16.980559099999986,46.22470919999997],[16.97823809999997,46.223512900000024],[16.973090400000018,46.224785299999965],[16.9732029,46.23168720000002],[16.971187699999973,46.234283800000014],[16.9739994,46.23469249999999],[16.975412799999972,46.23975540000003],[16.97321339999998,46.24270569999998],[16.969541800000037,46.242590699999965],[16.966466100000016,46.23997440000003],[16.956485599999965,46.241229400000044],[16.9548157,46.2391775],[16.93758549999998,46.24993910000002],[16.936078800000015,46.25397960000002],[16.933856299999977,46.2541639],[16.93122519999997,46.2570547],[16.92614559999997,46.259772599999984],[16.9137938,46.261880499999954],[16.9081345,46.266356799999954],[16.902614499999974,46.27451690000002],[16.88863179999998,46.2793407],[16.885441199999956,46.28191950000003],[16.88715579999998,46.295398099999964],[16.885151599999976,46.30117329999997],[16.879938899999974,46.303448],[16.877243499999977,46.30703009999997],[16.875248,46.313252500000026],[16.8770183,46.31937369999997],[16.8730562,46.32467850000004],[16.879086699999984,46.331979099999955],[16.8798276,46.33638420000002],[16.872180099999984,46.336348299999976],[16.871195300000036,46.33786230000001],[16.874579900000036,46.34122680000004],[16.873475200000026,46.34317339999998],[16.8642625,46.3447558],[16.86179070000003,46.34650109999998],[16.866916500000034,46.35128649999998],[16.865843,46.35461519999998],[16.862747699999986,46.35519220000002],[16.85703950000002,46.35221970000001],[16.855137400000025,46.35265409999998],[16.850698700000027,46.35464619999996],[16.850723699999964,46.36130049999996],[16.83606520000001,46.36501130000004],[16.838677399999963,46.372251],[16.83739770000004,46.37408520000004],[16.833080100000025,46.37439210000003],[16.830853900000037,46.36884780000004],[16.82787380000002,46.3674142],[16.825193899999974,46.36837740000002],[16.82221729999998,46.37341349999998],[16.814128,46.371148200000036],[16.8109034,46.376935399999965],[16.8035427,46.3774168],[16.80233540000003,46.38412969999997],[16.7931721,46.38712750000003],[16.785416099999978,46.384636200000045],[16.77772880000004,46.3788],[16.7751036,46.379929],[16.77130569999999,46.38575719999998],[16.768676400000043,46.38551720000002],[16.764237600000037,46.3797397],[16.760558099999972,46.378791],[16.7567885,46.381787399999965],[16.754213899999964,46.38806619999998],[16.750234,46.388231900000015],[16.744800799999965,46.385571399999975],[16.7417601,46.386385199999985],[16.738982699999966,46.389712899999985],[16.739642500000024,46.3987751],[16.734185100000026,46.40113690000001],[16.72607520000003,46.400073200000016],[16.72359530000001,46.3977737],[16.72272390000003,46.39262389999997],[16.71871550000002,46.391545099999966],[16.715605800000027,46.39814279999999],[16.704432300000033,46.40591439999997],[16.699905600000037,46.4135889],[16.692118500000014,46.42140940000004],[16.6805765,46.4391455],[16.67547419999998,46.442961],[16.673965400000018,46.448219299999984],[16.66909789999998,46.449436],[16.66074859999998,46.44508],[16.657465600000037,46.44614460000001],[16.658187399999985,46.44867940000004],[16.665706799999974,46.45272019999998],[16.666202400000035,46.455940300000044],[16.6637652,46.4594639],[16.64557759999999,46.4641925],[16.636439,46.4647442],[16.630304199999962,46.46169490000003],[16.627262700000017,46.4670651],[16.623748799999976,46.468315],[16.617051299999957,46.46471770000003],[16.614674300000015,46.468039900000015],[16.61089270000003,46.4687118],[16.6100142,46.471446299999954],[16.6065643,46.47313130000002],[16.605855299999966,46.47642920000004],[16.598266700000025,46.47706079999998],[16.582408500000017,46.471974],[16.575083799999973,46.471375300000034],[16.56440780000002,46.473455800000046],[16.56125710000001,46.47763049999996],[16.55114340000004,46.47580779999996],[16.55018489999996,46.47757059999998],[16.543999,46.476248800000036],[16.541377100000037,46.47723439999996],[16.53827450000001,46.475830399999964],[16.537550300000042,46.479842],[16.5342735,46.48135820000002],[16.52438080000001,46.47887630000001],[16.515862100000028,46.481004],[16.5179229,46.48438350000004],[16.5156169,46.4867],[16.518237700000032,46.4889259],[16.51737010000001,46.4915665],[16.515288099999964,46.492777],[16.50755480000004,46.49213380000004],[16.508819499999966,46.49533260000003],[16.49293520000002,46.497557099999966],[16.4854368,46.50278929999998],[16.4882278,46.5082599],[16.48076379999997,46.50887549999996],[16.478424699999966,46.5126974],[16.470215800000037,46.511085899999976],[16.471580100000033,46.51509580000002],[16.470297699999975,46.5176182],[16.465528,46.51629510000004],[16.466589400000014,46.51265619999996],[16.462359,46.5140918],[16.461931299999982,46.51604780000001],[16.465441299999966,46.51969350000003],[16.46409380000003,46.52140609999998],[16.461618,46.52091569999999],[16.459538399999968,46.516315300000024],[16.45095250000002,46.517925600000034],[16.44122769999999,46.51494489999997],[16.437601,46.5194376],[16.440787299999965,46.5255381],[16.436811,46.52864170000002],[16.434916699999974,46.52687370000002],[16.431577299999983,46.52722939999996],[16.431152099999974,46.530974699999966],[16.42873,46.532837399999984],[16.424751700000023,46.53242819999997],[16.425421700000037,46.527808],[16.4230618,46.5278696],[16.418115500000013,46.52888110000002],[16.4149625,46.532149],[16.40866050000001,46.53388279999997],[16.412414,46.5302064],[16.411323199999966,46.527419399999964],[16.4075708,46.52658910000001],[16.401638,46.532248400000014],[16.403775300000017,46.53500310000003],[16.402720200000026,46.53937769999997],[16.4006718,46.53956989999997],[16.39635230000001,46.536049],[16.3899983,46.535665500000036],[16.386817,46.536155],[16.384524599999978,46.54210349999999],[16.382065399999984,46.54255590000003],[16.379191300000034,46.5406468],[16.370428099999984,46.543653],[16.369699,46.54687469999997],[16.378815700000043,46.547665],[16.38215910000001,46.549916400000015],[16.3809009,46.552317299999984],[16.376006400000037,46.552575799999964]]]]}},{"type":"Feature","properties":{"shapeName":"Bosnia and Herzegovina","shapeISO":"BIH"},"geometry":{"type":"MultiPolygon","coordinates":[[[[19.42135006095657,43.54340542462069],[19.43252294487803,43.55223971778878],[19.43252294487803,43.556411016255424],[19.424058639094994,43.5652434028608],[19.418980055085513,43.56720597987214],[19.410346463618453,43.563280761997646],[19.399512151964302,43.55457077312275],[19.40154358556805,43.55199433776852],[19.405775738459624,43.550767425076685],[19.411700752687636,43.54291459263442],[19.416102191263178,43.54107393761217],[19.42135006095657,43.54340542462069]]],[[[16.94537127706286,45.24539840341362],[16.959083452539346,45.25421774715136],[16.957729163470162,45.259103551587714],[16.948587713152506,45.26363148160766],[16.92759623437877,45.270541837136136],[16.918793356328365,45.26827819318413],[16.907959044674215,45.259818511715025],[16.90626618333772,45.249569885342],[16.90321903383142,45.24527921356491],[16.89136900537534,45.248854795712305],[16.884766846612706,45.245875160110586],[16.880196121453878,45.24170340658702],[16.876471826513637,45.22727869915269],[16.860897503117314,45.23252447072781],[16.857213837748475,45.2294915197179],[16.852555083350467,45.229567822696936],[16.848763074856095,45.23147535490375],[16.84377929108149,45.23048344675374],[16.84193745794738,45.22811805530404],[16.846054496717727,45.2212502323124],[16.845404437964476,45.21865550564712],[16.83337835192947,45.21033631896603],[16.83825379257854,45.20484040905768],[16.839770595436676,45.19140372740014],[16.83825379257854,45.18613507077697],[16.83296529421301,45.183147373652446],[16.823823842996035,45.18255076970229],[16.793183055953307,45.19221498063689],[16.76829799655536,45.19364657542917],[16.75983368987295,45.19555531362687],[16.74747580346559,45.20044616146123],[16.73951935563383,45.20593295494194],[16.72953147509753,45.20712566551708],[16.720220738196588,45.20724493540547],[16.70566213160214,45.1972254068271],[16.699567831690104,45.194123766498706],[16.69431996199671,45.19388517186326],[16.64551138754058,45.20850440805202],[16.62470950923654,45.22140285985415],[16.603582601555843,45.23010193815395],[16.592964976152757,45.23010193815395],[16.579313744134026,45.2258288733039],[16.567070971847897,45.216060661170616],[16.562845589952076,45.214534226573335],[16.53478472313651,45.222318615211975],[16.504903691452228,45.21244599718506],[16.49374001658856,45.20502056124997],[16.49249190417811,45.19505332195331],[16.485163575238857,45.18926578079123],[16.47162068634566,45.18384419895068],[16.467503647575313,45.17849847222675],[16.47205405884779,45.172999486637025],[16.476448726427634,45.15808463519778],[16.472216573536116,45.1479370575492],[16.460705117347345,45.14029533646067],[16.439882924257574,45.1303834531339],[16.42617074878109,45.12524770371863],[16.410081795538474,45.12195580371741],[16.390471691615346,45.109340668936795],[16.39025500536428,45.105058534423904],[16.393721985381376,45.0982523392741],[16.403256179529137,45.08991555555849],[16.40195606202269,45.08448452004461],[16.392855240377116,45.07453903085167],[16.383002787848454,45.057005891408835],[16.36488917379637,45.04289321365093],[16.36488917379637,45.01740981910791],[16.36268845360928,45.007237222319986],[16.357609870499175,45.00340706998037],[16.34762198906361,45.00376615758216],[16.34135840256829,45.00687815630192],[16.329677660695552,45.00352676614739],[16.30919403987309,45.00125249760475],[16.30106830635731,44.998738727010675],[16.29429686191071,45.00340706998037],[16.29158828377234,45.0091522018127],[16.27821468056311,45.01669181297683],[16.266872510058363,45.01693114955299],[16.251806045512637,45.02123903435398],[16.239448159105336,45.01908513287265],[16.2184566803316,45.0310502304838],[16.20880737116329,45.032246603098315],[16.201020209914816,45.02997347399668],[16.195772340221367,45.03021275481484],[16.185784458785804,45.04301282708036],[16.184938028567217,45.05186353917105],[16.173437152902352,45.06233461375149],[16.17634675739697,45.07074147713752],[16.17158558550642,45.07485104883688],[16.163385789222843,45.078213205674956],[16.15359893504285,45.08624422439152],[16.14619266725782,45.08960571123464],[16.129264055691692,45.09707497383101],[16.100961532948418,45.10416986844473],[16.09223271676649,45.10865039969622],[16.088265073374487,45.11275724465116],[16.087736054375455,45.11817036117327],[16.093819774662904,45.12656900925242],[16.093819774662904,45.12974150986287],[16.08879409237352,45.13571279690808],[16.08191684448684,45.14336259570729],[16.06604627091872,45.15586127637687],[16.05784647373582,45.161643319983284],[16.044091977063147,45.16761126694644],[16.04594354355976,45.178613028768325],[16.043033939065083,45.180477523918626],[16.027427874097157,45.177307846280144],[16.01446690592303,45.182155516763714],[16.02584081710006,45.19893272746344],[16.024782779101997,45.20731947841125],[16.020021606312127,45.212350936146834],[16.01367337742448,45.215332329923115],[16.004680051743037,45.216450312232155],[16.00044789885152,45.21849989055755],[15.98788898518859,45.228947860655296],[15.979932537356774,45.23228603707099],[15.974007523128762,45.23097463397221],[15.954878192274805,45.21809743315009],[15.934563857136368,45.21070364885435],[15.927792412689769,45.212969587876216],[15.925930265669251,45.21809743315009],[15.916958101035561,45.227994060377625],[15.895797336577857,45.22620564067785],[15.89190375505433,45.22739792677294],[15.88597874082626,45.223940228658705],[15.884963024923707,45.21905140070163],[15.879207296379661,45.21559319447039],[15.86617226543774,45.2165472033908],[15.850428656357451,45.2197668644493],[15.838355169755346,45.21621330220216],[15.820478555840737,45.216518583365996],[15.819286781459823,45.21384731719996],[15.823728849606766,45.21140490691096],[15.82437890835996,45.20934404119458],[15.822697473809399,45.206014954226816],[15.806562390741817,45.207133119997536],[15.799420632456247,45.1965096579944],[15.7864596633828,45.19184961936452],[15.778259867099223,45.191103977966236],[15.772969676209641,45.18849415528109],[15.763447331529164,45.177494302719936],[15.761860274532069,45.17208681595383],[15.761860274532069,45.14970555186977],[15.76371184102868,45.14149688557285],[15.767150465421707,45.13515301569919],[15.780640453494186,45.12097004782947],[15.781963000991766,45.10977047742563],[15.769531051816614,45.10024911480485],[15.767414974921223,45.08531044302259],[15.763182822029648,45.07671893802865],[15.757363612141035,45.07018105740991],[15.742022057571944,45.060653092866005],[15.741757548072428,45.055608233433304],[15.745725191464487,45.052431612129226],[15.74699483724197,45.041816680195666],[15.753427709421317,45.02997347399668],[15.766801313529868,45.01585412776586],[15.786269216651078,45.00304798057988],[15.785761358699801,44.99981607075512],[15.775942763847524,44.9917953582692],[15.774419188195054,44.988083902050505],[15.781529205808226,44.97934307362402],[15.778482055402606,44.96820556633389],[15.765108452193374,44.96760671407867],[15.75596700187566,44.96545079541795],[15.753258423737293,44.96305523441157],[15.751057703550202,44.94760146603488],[15.738191959191624,44.94125103740549],[15.737514814657004,44.938015643607116],[15.752073420352133,44.9108071560255],[15.760368440451202,44.88202645925372],[15.771879896639973,44.8636712459313],[15.79095632667321,44.849323411646196],[15.790691816274375,44.84519765394862],[15.77905339559777,44.8375079531296],[15.749957344356005,44.8363825451184],[15.727738541000917,44.82644048593971],[15.72429991660789,44.822500704443996],[15.731970693892436,44.80748954820416],[15.777297052916708,44.75858614743282],[15.787792792303549,44.74379883604752],[15.798288531690446,44.73850814783282],[15.815047857572608,44.73285619475763],[15.82842146078184,44.71709996549106],[15.837224338832243,44.71661879222353],[15.844672927813406,44.72684287339996],[15.849074367288267,44.72972934553292],[15.862447970497499,44.72624150664029],[15.870065846062005,44.727083418664904],[15.87514442917211,44.729368544722604],[15.891057324835742,44.74427978358517],[15.90087591968802,44.74632376722815],[15.9150959540151,44.74584283587825],[15.9218673984617,44.741273795149596],[15.917127387618905,44.73514109328687],[15.924162917984347,44.71658029764268],[15.928713329256766,44.71026692288024],[15.935863974642757,44.70988193930009],[15.944856453162856,44.712499780340636],[15.950598638816189,44.712345793023985],[15.956882539197863,44.71011293016767],[15.982884887527575,44.688318739917975],[15.981259740644589,44.67830452453421],[15.98591849504254,44.66782626257202],[15.993719199181726,44.66451288855899],[16.01896314563271,44.65942687525012],[16.030072969991636,44.65866827012462],[16.03774374727618,44.65584598980064],[16.049117658453213,44.64530826466472],[16.058904512633205,44.62987456825675],[16.06181411712788,44.6180141850067],[16.05996255063127,44.610859130244705],[16.045679034060242,44.59711142165486],[16.024253760103022,44.586374647771834],[16.020286116710963,44.58298367575611],[16.01975709681261,44.57507063730014],[16.039595314672056,44.55942980004528],[16.055201378740662,44.55754507734349],[16.072923518805396,44.55132506120265],[16.085884487878843,44.5396371724176],[16.10016800355055,44.53096399729071],[16.11502286121612,44.50922258915119],[16.12467216948511,44.50487635186221],[16.130427898029097,44.49823564186141],[16.127211461939453,44.494130097326206],[16.12633117404448,44.4860050976572],[16.143882758582492,44.46312149206324],[16.145616248591068,44.445566160050305],[16.138898974807887,44.43620631566898],[16.139115661058952,44.432106077133824],[16.146699679846392,44.419726253563795],[16.16403457813334,44.41392230786829],[16.1702101362888,44.4058732172752],[16.16966842066114,44.40037752949945],[16.164792980012066,44.39635219100086],[16.12784797780199,44.39457166375132],[16.12503105653809,44.39279108344181],[16.126222830918948,44.38946202615165],[16.157317305249478,44.37018073865022],[16.165984754392923,44.36576605755755],[16.18288628017774,44.36204817208551],[16.192962189953164,44.3574779487484],[16.208455256005323,44.34740670735374],[16.2091459434306,44.34081104349491],[16.20643736529223,44.33754199166964],[16.183075880647436,44.322162898499016],[16.181383020210262,44.31138302011033],[16.18222945042885,44.306174054189285],[16.187138747854988,44.29769335466466],[16.18815446465686,44.28884789101738],[16.194248764568897,44.28060708295055],[16.193233047766967,44.25612021727426],[16.19560305363808,44.24508567246585],[16.217610249213692,44.24253894531614],[16.221334544153933,44.239749546004816],[16.221165257570647,44.237202587729314],[16.226920986114692,44.22810540743865],[16.224212407976324,44.22470876699606],[16.209823087965162,44.22264642459288],[16.198596032480964,44.21694427945499],[16.18472811331185,44.213605235193484],[16.174977232913022,44.20956706876524],[16.183969711433065,44.20661592548464],[16.212355608524547,44.210421319488376],[16.222648204551035,44.20886812736222],[16.231999569224797,44.199591804818],[16.259254634493857,44.179441960178394],[16.2685653713948,44.16827160964709],[16.279907541000284,44.161835555666414],[16.297005439149757,44.146167509423094],[16.30665474831801,44.141429839515524],[16.311225473476895,44.125027275588366],[16.310886901209585,44.12040943674617],[16.322059785131046,44.11797884984412],[16.336618391725438,44.12138164344816],[16.35185414195513,44.120044854286675],[16.3726763350449,44.11469739906579],[16.38097135514397,44.11092958233439],[16.388589229809156,44.098530555540776],[16.38841994412519,44.09001991488719],[16.392821382700674,44.08053518614997],[16.399931400313903,44.07810295978385],[16.4320957630091,44.07226520767324],[16.43666648816793,44.068737953293976],[16.438020777237114,44.0512201994527],[16.431926476425815,44.042946124564025],[16.431080046207228,44.0374699988414],[16.43294219322769,44.031019690606286],[16.439036494039044,44.02237761043841],[16.442422215812655,44.02055165753302],[16.479157303666682,44.01982126054281],[16.494731627063004,44.01166455167777],[16.512808404884026,44.00531391080841],[16.51641406395794,44.00287002203396],[16.518078214438106,43.997932060516234],[16.512791070451613,43.98540450621306],[16.513441129204807,43.97558140305938],[16.51679976519705,43.969031764704255],[16.533701291881187,43.95702221900024],[16.541718682271437,43.94719442048614],[16.548652641406306,43.942279912388074],[16.55954329198937,43.94124079252862],[16.56751734494958,43.937545998049416],[16.577155549289216,43.92810825169454],[16.58798119327747,43.92168136360408],[16.641502692795086,43.87905230252181],[16.650136285161466,43.87673383499856],[16.67383634117425,43.86184468708268],[16.70295355436309,43.85330005385447],[16.712367758265486,43.83704956798323],[16.711275659344267,43.807714512015195],[16.706833592096643,43.801459172303],[16.710192228088886,43.796532631275966],[16.727635470400685,43.783002103564286],[16.730560734790117,43.775570741996205],[16.740744987691073,43.76727781641813],[16.766774420902834,43.765708094752824],[16.782856602250433,43.757883321158374],[16.795045202973768,43.74736716985905],[16.810621963532867,43.72355666990444],[16.82490591987238,43.722203669563726],[16.831631861321398,43.72009894211254],[16.842379498115406,43.70396024107231],[16.860130434472012,43.70210551615668],[16.86983797744074,43.697242854873934],[16.876979956060154,43.690374301632744],[16.88521585113068,43.675206094985356],[16.900094513850775,43.65966008044842],[16.916152492643448,43.64596040824631],[16.917127580773297,43.63772794139146],[16.92807023555298,43.618436029299346],[16.941179752843368,43.60988600823276],[16.97072708748516,43.57645238826717],[16.98771528813012,43.57409137022063],[16.99784320300148,43.565861621116994],[17.00531887776407,43.5518078489531],[17.02178703194602,43.550001818729015],[17.044105713108195,43.53594434765358],[17.05201476127229,43.53539454712069],[17.057973632277367,43.52824668963308],[17.08018397121333,43.51261270791019],[17.102719339525947,43.51127695386839],[17.11127844554386,43.508055307106815],[17.131321921969175,43.49194449674121],[17.140856116116936,43.48825019329183],[17.149198536783103,43.48675668647195],[17.157215927173354,43.488721818457236],[17.171300532593534,43.49666030053248],[17.182026501122152,43.49956819631524],[17.19329418527849,43.498625110560454],[17.203153408802848,43.49618873742037],[17.24628793474045,43.478888149168824],[17.262158508308573,43.46871470971615],[17.267977719096507,43.46391532293387],[17.273532419485605,43.45431540633098],[17.282790254666565,43.43338230524927],[17.282261235667534,43.42838801829248],[17.270887324490502,43.416861168408275],[17.254487731024028,43.40994400501188],[17.249197540134446,43.40552429221236],[17.24972655913342,43.40129643987888],[17.262158508308573,43.38784221784414],[17.25713282691845,43.376499910642394],[17.257926355417,43.37361593502743],[17.264010075704505,43.35919399930367],[17.27168085298905,43.35073153443284],[17.27326790998609,43.34034416964778],[17.27776457237718,43.334187855185405],[17.280409668271602,43.325529482000036],[17.28993201295208,43.31128858520009],[17.3113572869093,43.29011351522661],[17.31326468421787,43.27571119281737],[17.316662324706556,43.267128371677074],[17.32514775736314,43.2643639402437],[17.33836561777906,43.256158269588525],[17.347466439424693,43.24818824199383],[17.358409094204376,43.246294220302104],[17.38321966815323,43.24511042740437],[17.414422485609293,43.23050841952801],[17.42038135751369,43.22608766171629],[17.425690169765574,43.219850691556246],[17.430023894786984,43.20950696727277],[17.428182061652876,43.20042515189931],[17.420489699739903,43.19134198484477],[17.42276490537614,43.184785467575296],[17.42753200289968,43.181151432192905],[17.510414486739194,43.15404734600827],[17.616807427021172,43.101147921939116],[17.639992854086984,43.09284116838529],[17.649262962315902,43.06851271199213],[17.65874298490087,43.06455514730226],[17.663652282327007,43.0596078328353],[17.667884435218582,43.05144389162234],[17.673132304911974,43.030163057778964],[17.68549019131933,43.00565621546201],[17.693189324228,43.00487876774099],[17.699581568634528,42.99346846639668],[17.717458182549137,42.973178253773426],[17.714099545657575,42.968580322324044],[17.660903075516558,42.95121606746761],[17.633492267454244,42.94994725356298],[17.600508559422508,42.93938931526475],[17.596784265381586,42.93678672852474],[17.60000070147123,42.93306855616896],[17.607957149303047,42.92897830730311],[17.624377902917956,42.9136064599702],[17.62979505829537,42.9107548086875],[17.643321155047317,42.894839675510696],[17.65396911638169,42.888378405439084],[17.661336448018687,42.891950444257645],[17.677371229698565,42.91583809525196],[17.688097198227183,42.92591416150941],[17.697848078625952,42.92525966370255],[17.711898826369804,42.91732580684055],[17.718331698549093,42.916334003011855],[17.729335296786587,42.920177154152384],[17.74795676968921,42.91893745400034],[17.762853948550912,42.91335849529838],[17.781813993720903,42.89550243359048],[17.78756972136557,42.89500635765734],[17.799081177554342,42.90009094284278],[17.8107619203264,42.91658195599251],[17.825828384872125,42.91720183259855],[17.835139120873805,42.9144743282277],[17.84512700230937,42.900959000857256],[17.858839177785853,42.891905795616026],[17.865441336548486,42.87168630567851],[17.875259931400763,42.859278431354596],[17.88727924644013,42.84984677880584],[17.905900719342753,42.83879998613048],[17.903869285739006,42.83445520034729],[17.891511399331648,42.82564055466793],[17.892696401817545,42.82203984456322],[17.914365025125846,42.81247832091782],[17.93434078709771,42.81483779482841],[17.95194654409778,42.804778357934936],[17.97141444721899,42.79782272783666],[17.985803768129472,42.78813322616753],[18.00087023267514,42.78415760758759],[18.004763813299405,42.77993323293242],[18.008995966190923,42.760795690368866],[18.014074549301085,42.75731550200885],[18.040313897768215,42.75408372348511],[18.06553753033279,42.72934260597651],[18.081450425097103,42.717652413128405],[18.095839745108208,42.71130894075509],[18.108060087403146,42.690524861832955],[18.119433998580234,42.684497500259454],[18.13054340025775,42.6839141756987],[18.138743196541327,42.68002520859653],[18.153555732111386,42.660965748770366],[18.158052394502477,42.65921509699916],[18.175510025067638,42.662327332240636],[18.18053570735708,42.65960413472311],[18.190322560637696,42.649099256425586],[18.201167452815753,42.64267873463592],[18.246663097523992,42.606672631836545],[18.252429405692567,42.603619913728096],[18.25801584765327,42.60623653888524],[18.266310867752395,42.613587419224075],[18.279515185277603,42.61894429394408],[18.287640918793443,42.624549832109096],[18.294073790972732,42.62629367421374],[18.313033837041985,42.61832142529357],[18.31625027313163,42.6195671562993],[18.328777446122274,42.61931801171693],[18.355863224808047,42.61296449661427],[18.36585110624361,42.608479271801],[18.371606833888336,42.597887876924005],[18.377376105323037,42.59229489329476],[18.397419581748352,42.59014131197205],[18.405978687766265,42.585993462428405],[18.42656387981924,42.56852160908505],[18.428730742329947,42.56317536075437],[18.439131681481967,42.55719021065977],[18.446932385621153,42.55806806858652],[18.45202451252129,42.56205817614398],[18.461125334166866,42.5642127287345],[18.473801478955124,42.561818777514645],[18.484202418107145,42.56540966972051],[18.495470102263482,42.58264307591725],[18.51616363744199,42.583600347578056],[18.524722743459904,42.58232398206616],[18.527973037225934,42.57969139484203],[18.53349853572888,42.578414949290504],[18.544116161131967,42.58017005540381],[18.553975384656326,42.58535530800111],[18.54942497428317,42.591257992962085],[18.538915692005617,42.596123300050294],[18.529923212586255,42.602981939165204],[18.53013989883732,42.62060358538719],[18.534148594482076,42.6296118227275],[18.54010746638653,42.63590884241921],[18.55007503303642,42.64228492151199],[18.58160287986908,42.64340066810638],[18.588320152752885,42.64770407518296],[18.587020035246496,42.65105096333133],[18.57965270360944,42.656309996309346],[18.563238720990228,42.66539273168928],[18.556636563126915,42.67497696501499],[18.561715146237077,42.68505748561455],[18.56239229077164,42.70620881618396],[18.564762296642698,42.71292596586068],[18.575596608296905,42.72175666803588],[18.57661232509878,42.72648244351001],[18.575258036029595,42.73394346022258],[18.57170302767264,42.735062535207874],[18.54901868756241,42.72362214884316],[18.54224724221649,42.72461704903765],[18.534121508700707,42.72921825401926],[18.499756426717795,42.742149542767265],[18.476902800024277,42.76427568357599],[18.46115919094393,42.7913632285302],[18.456080607833826,42.80924942112392],[18.458958471656217,42.81607958770286],[18.467592064022597,42.82390230634644],[18.4731785059833,42.833213777094215],[18.464037055665642,42.83842758766309],[18.461328477527275,42.84376508109369],[18.474993253336038,42.85630016991695],[18.494169984757036,42.86328892834143],[18.493194896627244,42.86702123714042],[18.485610878739124,42.87043570484394],[18.48268561434969,42.874246980413886],[18.50186234577069,42.88186882558591],[18.508687961780083,42.88671138342363],[18.49633684726774,42.89353795091574],[18.494603357259166,42.90504614976004],[18.48550253561359,42.91552071191137],[18.48355235935395,42.92210607853275],[18.48398573185608,42.93947854509884],[18.480410408713453,42.953436427948816],[18.48203555559644,42.97769657633597],[18.49005294598669,42.983879005311906],[18.506954472670827,42.98609818678193],[18.521472449693874,42.99418167194665],[18.52309759657686,43.018663388104926],[18.527214635347207,43.02080210363425],[18.54010746638653,43.0211189437843],[18.56643484319352,43.02808901969257],[18.57683578234554,43.02903942323087],[18.598111661823793,43.02001494593304],[18.614193843171392,43.0203862481269],[18.63027602451899,43.02496545389266],[18.638740330302028,43.030410552105366],[18.659054664541202,43.036102637426836],[18.662609673797476,43.043773743863255],[18.657869662055305,43.052309815545584],[18.644665344530097,43.08866758833858],[18.652283220094603,43.15366203417557],[18.66582610988712,43.17094930076968],[18.676829707225238,43.19798171548382],[18.718135521137413,43.22376860963368],[18.69088045586841,43.242269229841156],[18.68867973568132,43.24757170457059],[18.691896171770964,43.25583278155767],[18.70323834227571,43.26150391627277],[18.713395509395298,43.270625938536284],[18.72676911260453,43.27543294077765],[18.74657558889237,43.28566196282935],[18.802778580766926,43.30155666880529],[18.846962257602172,43.32027998273509],[18.858135141523633,43.32840804729358],[18.852040841611597,43.339736261219514],[18.855426563385265,43.34601512180046],[18.87472518082251,43.34650755368074],[18.879465192564624,43.34355290124546],[18.897578807516027,43.34724619475611],[18.902488104942165,43.3500775681253],[18.908243832586834,43.3497082660237],[18.91681214856186,43.34397719778951],[18.927629124884277,43.32914986297584],[18.958203552751797,43.32461015993101],[18.96264561999942,43.31830445278831],[18.962428933748356,43.30766208793506],[18.94791095672531,43.29733327171317],[18.946285809842323,43.292917363945264],[18.94834432922744,43.28873772786392],[18.952353023972933,43.28321701285489],[18.96394573750581,43.27540829036036],[18.983914728481977,43.27087246069556],[18.98831616705752,43.2677908617589],[18.98983974270999,43.25620265382946],[18.99576475693806,43.25139413353247],[19.00389049045384,43.24880477222251],[19.011677651702314,43.24979120889725],[19.018110524780923,43.2542299738343],[19.040625578307868,43.286894258863015],[19.04688916480319,43.29096065950688],[19.056369187388157,43.29367144278291],[19.073297799853606,43.29539642340626],[19.07939209976564,43.298723033641124],[19.07956138544961,43.30291183921008],[19.07312851327032,43.312520361425584],[19.083116394705883,43.32040314309063],[19.084132111507813,43.325821963113185],[19.080746388834825,43.32865433472983],[19.076344949359964,43.34010562357571],[19.072451368735756,43.34503024544949],[19.05772347645734,43.34847724253075],[19.05145988996202,43.3527857136898],[19.036393425416293,43.36866286759732],[19.0347005640798,43.3734621194813],[19.040794864891154,43.380844842115835],[19.038255572436753,43.386627346175146],[19.03876343128735,43.393762443182254],[19.027590547365946,43.39905171406542],[19.027251975098636,43.405201449087656],[19.03266913047605,43.41282625212989],[19.03012983892097,43.417376081540965],[19.02081910201997,43.42426165804915],[19.01438622984068,43.44331586853258],[19.011000507167694,43.44688018397335],[19.00389049045384,43.442824222659794],[18.98679259230437,43.45167324222638],[18.973249702511794,43.44933821009039],[18.966816830332505,43.45167324222638],[18.962076818590333,43.4567116885936],[18.95615180436232,43.47428152127526],[18.956321090945664,43.48595096406581],[18.95276608258871,43.49602172432316],[18.941762484351216,43.502529980374334],[18.929404597943915,43.49565331075172],[18.920432433310225,43.4978637544088],[18.919755288775605,43.50498574379708],[18.923141011448593,43.50940586578815],[18.927542450923397,43.51087916843892],[18.93160531723163,43.5092830894431],[18.946502496093387,43.512229663268386],[18.95987609930262,43.511984121370176],[18.96766326055109,43.51370289667142],[18.980190433541736,43.520332000921144],[18.987131164571622,43.52696037761939],[18.987469736838932,43.532974385159775],[18.984422586433254,43.53825149001432],[18.984253300749288,43.54978587711656],[18.994410467868875,43.5524850960104],[18.99881190644436,43.55138088501985],[19.005244779523025,43.54635033290157],[19.015401946642555,43.53371075274907],[19.03876343128735,43.52008649229782],[19.027251975098636,43.51247520516665],[19.02454339696027,43.50719584481243],[19.03012983892097,43.501547646406834],[19.040625578307868,43.497372551901776],[19.04773559502172,43.497372551901776],[19.06144777139758,43.50289835077831],[19.072112796468446,43.50375787422655],[19.097167142449734,43.511493033077045],[19.118158621223415,43.51419396607872],[19.13813438319528,43.52229604023012],[19.15540156702872,43.523646280551475],[19.18451878021756,43.523032539120436],[19.197045953208203,43.52745133910804],[19.219730292419115,43.52720585926306],[19.232765324260356,43.52462825389085],[19.248847505607955,43.527696818953075],[19.250878939211702,43.54365083971453],[19.260528247480693,43.556779058406846],[19.25646538117246,43.565488728022444],[19.257819669342325,43.57701790355344],[19.25612680890515,43.58069696349412],[19.2576503836583,43.583272171273734],[19.27593328429367,43.59050668923237],[19.28609045141326,43.59295887065542],[19.294724043779638,43.5917327925344],[19.29946405552181,43.58891271734808],[19.316054094820686,43.591610183463274],[19.324687687187065,43.59062930100151],[19.334167709772032,43.59197801067671],[19.356852049882264,43.59945666938984],[19.374288520299046,43.607792439569494],[19.3813985370129,43.60570860516805],[19.392740706618383,43.58940317521643],[19.414070757659374,43.57321597283891],[19.42727507518464,43.573583912467654],[19.44217225404634,43.58289448119541],[19.45008130131106,43.58399320991873],[19.458315377952374,43.582815999159095],[19.474675189008792,43.57394694359664],[19.479225599381948,43.57324050184775],[19.4928768323,43.58046151019062],[19.51703734749566,43.58838792426337],[19.519204210006365,43.59121292773449],[19.511403504967802,43.598274857698584],[19.50847824147769,43.61161179824592],[19.501760967694565,43.62617608495839],[19.503623115614346,43.628749346605105],[19.51174884913013,43.62593100621103],[19.517335291090887,43.62850427864959],[19.520551727180532,43.63218019096308],[19.524106735537487,43.644676609837745],[19.535787478309544,43.660354714098844],[19.543236067290707,43.674804340847686],[19.538326769864568,43.678599852201444],[19.52969317749819,43.69108661415595],[19.52698459935982,43.7018574183852],[19.527492458210418,43.71531820277289],[19.5232603053189,43.720701670445806],[19.487540934266747,43.74565506393009],[19.484324497277782,43.75176950505869],[19.470443036117274,43.76191809804186],[19.469564864327083,43.76989515114036],[19.46605217716632,43.77336376792363],[19.44198180731462,43.78386771092619],[19.426111232847177,43.793415150289036],[19.412092226674986,43.79818829755192],[19.407595564283895,43.80219744645507],[19.40177635349596,43.81116932960094],[19.399131257601482,43.82472004349529],[19.39516361420948,43.82891823259041],[19.369379222872908,43.843411163494466],[19.352789182674712,43.85781665511462],[19.352281324723435,43.86147851372249],[19.355667046497047,43.865628347170514],[19.356005618764357,43.8716084826454],[19.34804917183186,43.87356105020234],[19.326888406474836,43.88332292661181],[19.319778389760927,43.88808126204066],[19.332474848435538,43.89808472602931],[19.332644134119562,43.901744110602294],[19.315376950286065,43.903695690703614],[19.31063693944327,43.90869632147809],[19.306743357919686,43.91991572013444],[19.30166477480958,43.92637810896264],[19.29387761356105,43.92954808067941],[19.286936882531165,43.940763548399104],[19.254941805519934,43.96586877172649],[19.24986322240983,43.97183884108972],[19.245800355202277,43.9882838871917],[19.24156820231076,43.99522598339246],[19.24089105777614,44.00521143485986],[19.244107493865783,44.00642905755501],[19.250878939211702,44.00241080751283],[19.271023986867533,43.985360656169405],[19.28947617408619,43.98852748385633],[19.30623549996841,43.98694409069731],[19.33315199297016,43.975980985334274],[19.353127754941966,43.969645824495274],[19.369040650605598,43.960263670631946],[19.373611375764426,43.95941067446313],[19.385122831953197,43.96172592151413],[19.395957143607347,43.96160406877283],[19.40831503001465,43.94941751760439],[19.420611973863572,43.94672638991102],[19.430796226764528,43.94680439530663],[19.448564497553548,43.95023653199041],[19.48323429502676,43.944152154298536],[19.522021130370945,43.953512477119205],[19.528630061028537,43.95639828015658],[19.543581410553713,43.971137084808674],[19.55106142004854,43.97014213515149],[19.56146235920056,43.97428400870007],[19.55785670012665,43.98102017274283],[19.558342076825454,43.98615910216091],[19.559590190135225,43.98985087491798],[19.56569207403004,43.99394148890866],[19.58240291656142,43.998480743191806],[19.609995741110595,44.00917592343018],[19.61931324900729,44.00948761676017],[19.62007165088602,44.01089021471171],[19.617146387395906,44.014708231599684],[19.59764462569899,44.02951046003977],[19.61606295614058,44.042284148894396],[19.622780229024386,44.04937080032221],[19.620396680262616,44.051862608572605],[19.59948645883304,44.055288673033886],[19.589959036580296,44.06691342941127],[19.580648299679353,44.068616320886576],[19.57438471318403,44.06618360438989],[19.57929401061017,44.05450517287551],[19.57895543834286,44.050855190714515],[19.5733689963821,44.04878676799501],[19.566766837619525,44.05012516784228],[19.554916809163444,44.05718168388768],[19.534560153728137,44.07437841842932],[19.496470776804983,44.08995911981759],[19.484567846628863,44.10705516536365],[19.469226292059773,44.12072844336302],[19.481129222235893,44.13325950232422],[19.479542164339477,44.13724609982768],[19.472400406953284,44.14388983065123],[19.46208453377426,44.146736915176575],[19.456794341985358,44.144459258887764],[19.450710622597228,44.13363918979684],[19.44383337381123,44.130221913510525],[19.42108555145711,44.13876473280624],[19.37987496225975,44.17179292670227],[19.36379278091215,44.179441960178394],[19.35735990783354,44.18976051243777],[19.345340593693493,44.199834531838235],[19.346864168446643,44.21585231633139],[19.335119944330017,44.22526225025268],[19.33564896332905,44.24781418677537],[19.334061905432634,44.25558217987373],[19.32427505215196,44.26656929533675],[19.32030740875996,44.26751636418891],[19.30364330579397,44.263538571947606],[19.276927840047847,44.26959986224392],[19.269786082661653,44.26694812485613],[19.252857470196147,44.25368764197117],[19.24598022141015,44.25292980936325],[19.22931611934348,44.25425600990701],[19.228787100344448,44.259939385294444],[19.224025928453898,44.26827400883849],[19.21871457651656,44.2750317629056],[19.20686454806048,44.28509119530247],[19.199585244763284,44.287514897894255],[19.192983086000652,44.28448525459089],[19.186042354970766,44.2763650402145],[19.176054473535203,44.27406208869451],[19.166066592998902,44.2760014218282],[19.15760228721581,44.27987989743934],[19.13627223617482,44.30157039765578],[19.13390223030376,44.30787004786447],[19.1350872327896,44.320588432909915],[19.133732943720418,44.324463964140705],[19.12763864380844,44.328460337274805],[19.110371459974942,44.333546237269104],[19.112402892679427,44.36260006084416],[19.10444644574693,44.36889315769315],[19.09970643400476,44.38038841619249],[19.105123590281494,44.3865586233818],[19.1195129102926,44.38704253418564],[19.12763864380844,44.39720372757],[19.141350819284924,44.404460643144205],[19.147614405780246,44.41099109716146],[19.14676797556166,44.428885640859676],[19.14096992582148,44.444727714912176],[19.137531301428453,44.47210314454452],[19.128537976646328,44.493994247536534],[19.127744447248517,44.50248427393018],[19.13567973403252,44.50870950793751],[19.14890521260554,44.513047914829485],[19.171991607226914,44.51549991458944],[19.18282591888112,44.52032816601212],[19.18299520456509,44.52382839846189],[19.177070190337076,44.533603796178284],[19.18028662732604,44.538671874307624],[19.187904501991227,44.54277428200754],[19.190274507862284,44.54760027343394],[19.179778768475444,44.556647928958796],[19.179778768475444,44.56533235460455],[19.18519592475218,44.56846807833921],[19.20720312032779,44.57401548432722],[19.217868145398654,44.578235982005026],[19.219222434467838,44.58233560000798],[19.2143131370417,44.58788168309326],[19.215667426110883,44.59427107844755],[19.219391720151805,44.59957494892478],[19.236997477151874,44.60307041766572],[19.239198196439645,44.60487833556681],[19.236489618301277,44.61042226747372],[19.23665890488462,44.61596566967995],[19.240383199824862,44.62187001658805],[19.247662502222738,44.64391563569808],[19.252233227381566,44.64704712092794],[19.257481097075015,44.64813105760226],[19.27034684233297,44.64259072568149],[19.275763998609705,44.64680624381316],[19.27711828767889,44.667518049618366],[19.281011868303153,44.67413944937613],[19.296416905116132,44.68437103449571],[19.298617624403903,44.697007556953224],[19.30284977729542,44.70350526665476],[19.31740838388987,44.714573759071754],[19.324687687187065,44.723475139865855],[19.32638054852356,44.73105226445051],[19.32570340398894,44.749569944797145],[19.322310097333173,44.75496310176578],[19.301854916671118,44.76156084935377],[19.30164689808595,44.76412096650944],[19.308043475426075,44.77052384000325],[19.307501759798413,44.7736004135283],[19.296667448144262,44.77613846222033],[19.308151818551607,44.77775352680385],[19.310535367313378,44.78182943957705],[19.30544324041324,44.78882703473994],[19.29980939878476,44.79182574496224],[19.29796756565071,44.7958237818421],[19.305118211935962,44.80904608580829],[19.31118542606663,44.813734663523974],[19.3206112770888,44.81396523980402],[19.32570340398894,44.81849971239188],[19.327111863721598,44.82434020293806],[19.337296117521873,44.830103264554054],[19.340763096639648,44.829949591100785],[19.349430545783093,44.822419054096144],[19.3515974082938,44.82672233796558],[19.342171557271627,44.841934945941034],[19.351055692666137,44.84715855102638],[19.362099919575655,44.85047106978408],[19.36413135317946,44.85323135714145],[19.363284922061553,44.85599151139917],[19.35702133556623,44.86151142421289],[19.372595658962553,44.87626859122258],[19.36971779514016,44.87890768504167],[19.349064887734414,44.87950746269928],[19.321100937258507,44.88644193354844],[19.290417828120326,44.90012100587978],[19.271373139658692,44.895062001909935],[19.247038260307534,44.90649096958265],[19.236457877628993,44.90480487204724],[19.21926475566397,44.891876475518984],[19.20789084448694,44.89056473607377],[19.196781442809367,44.90143252678973],[19.19043321392172,44.91398414155492],[19.18117537874076,44.916793829571645],[19.16583382417167,44.91492071981543],[19.158956576284993,44.91211094006786],[19.148640703106025,44.9055542546252],[19.14219725040283,44.89414009159202],[19.123067918649554,44.89366039231328],[19.115788615352358,44.889702720604134],[19.111387176776816,44.881666609026865],[19.102753584410436,44.87734823543275],[19.09547428111324,44.875788742656425],[19.07956138544961,44.875788742656425],[19.072959227586352,44.8727895998602],[19.0688963603788,44.869910275538814],[19.065849209973123,44.8616314162569],[19.053829895833076,44.85503147342382],[19.03351556159396,44.85095112969094],[19.006429782008865,44.85227127240137],[18.99390260901822,44.85515147895762],[18.987469736838932,44.852991337080596],[18.973418989095137,44.85311134711105],[18.95852181023338,44.84927090382922],[18.92771173660742,44.84579028109664],[18.910053077887312,44.84613535276435],[18.900001715107123,44.84369730508661],[18.876989383253488,44.846885499766074],[18.855564108396948,44.85269881190072],[18.837841968332214,44.861136447389185],[18.81112650258609,44.8808194539547],[18.795784948017,44.888878170890905],[18.7772692785544,44.89300079894775],[18.770921048767434,44.89805998368138],[18.765027776111026,44.91368443348989],[18.759102761883014,44.9212366018877],[18.755378466942773,44.929746585136854],[18.756902041695923,44.93501974556489],[18.760626336636165,44.937656144115806],[18.782633532211776,44.92842821948682],[18.813612892421077,44.93921395875725],[18.811412172233986,44.943168222035865],[18.796514994271604,44.949758055589825],[18.788219974172534,44.95706589617424],[18.785172823766857,44.96269589230167],[18.785511396034167,44.96688808381805],[18.79623059356709,44.98150325956783],[18.79503881918623,44.98426204865467],[18.787563144423643,44.99177141381972],[18.758527188578967,45.00058216903193],[18.751484886318508,45.000352340987774],[18.73924211403238,44.99452970917878],[18.731116380516596,44.994836178346986],[18.72472413611007,44.99736448558258],[18.727615543722436,45.01370002213838],[18.727276971455126,45.01968344643399],[18.724229821049448,45.02339285579569],[18.71491908414845,45.03176805675048],[18.70696263721601,45.0359551976743],[18.68151681724737,45.042713792607515],[18.670407415569798,45.053179068359384],[18.669084867172955,45.05897152251782],[18.679929759350955,45.069060203565584],[18.681781326746886,45.076158577656315],[18.67966524985144,45.08269577389092],[18.674639568461373,45.0882984899834],[18.6635301667838,45.09165985631739],[18.654272332502217,45.089979197881746],[18.649246650212774,45.085123685309895],[18.655859389499255,45.07298309849125],[18.65612389899877,45.065510685569734],[18.6526852746058,45.058784678470204],[18.641046853929197,45.062147781395026],[18.61724099357707,45.06513703884332],[18.61935706957314,45.06962063318571],[18.626498827858654,45.07373028582407],[18.629143923753134,45.078213205674956],[18.62940843325265,45.085123685309895],[18.624118242363068,45.08736474278868],[18.614860407182107,45.0869912390545],[18.60798315839611,45.08064130775023],[18.60269296750647,45.07952065805199],[18.59052552783089,45.09016594030595],[18.572274367867806,45.09744841101542],[18.56724868647774,45.09614136962858],[18.564074571584285,45.092780267695275],[18.56592613808084,45.08624422439152],[18.57782906915628,45.07429066957877],[18.575448482761317,45.07111508699171],[18.566984176978224,45.072422701246694],[18.54846850751568,45.09053942245646],[18.540797730231134,45.09408738642378],[18.53444950044417,45.09390065659011],[18.528894800055014,45.090352681830836],[18.536301067840043,45.07391708130831],[18.53656557733956,45.06625797092869],[18.53233342444804,45.060279415562604],[18.518049907877014,45.05953205196266],[18.513553245485923,45.06177411308488],[18.494508557024346,45.060653092866005],[18.461973880490234,45.071488694147945],[18.442929192028657,45.08120162405578],[18.430497242853505,45.104729953624485],[18.410394516393865,45.11107720764704],[18.385001598145266,45.112197237712394],[18.378378279234255,45.10744815810608],[18.342658907282782,45.10661180119371],[18.336903179638057,45.10458059781638],[18.32369886211285,45.10553646743409],[18.314218839527882,45.10852345589285],[18.300675949735364,45.117125109736094],[18.29644379684379,45.11748348417552],[18.29221164395227,45.115452667506645],[18.285778771772925,45.11831968190785],[18.28290090705127,45.122261590300184],[18.280192329812223,45.13301086745764],[18.275283032386085,45.13838474565955],[18.265464437533808,45.1394594606856],[18.22754434629462,45.13516047917284],[18.204690720500423,45.127875354564026],[18.20079713987616,45.12536714537754],[18.197919275154447,45.11939477464921],[18.216879321223757,45.109718207929006],[18.217048606907724,45.10326625123656],[18.214340028769357,45.09705256722225],[18.191994260926435,45.08151539841697],[18.180313519053698,45.080320056425535],[18.167617060379087,45.08247165384381],[18.152381309250075,45.09000160718847],[18.12123266335675,45.09000160718847],[18.10650477107839,45.086894127562005],[18.100749042534346,45.08832836995833],[18.093977598087747,45.092630880410866],[18.088221869543702,45.10039848140485],[18.08161971168039,45.105058534423904],[18.071970402512136,45.10876240845846],[18.07450969406716,45.11342177889202],[18.085851864571964,45.11855859310464],[18.086529009106528,45.122739379418874],[18.077556844472838,45.13635467362934],[18.072816832730723,45.139340048704355],[18.06181323539255,45.14280288914205],[18.051148209422365,45.14375811844246],[18.040991042302835,45.14387752053119],[18.033542453321616,45.14125060712985],[18.02626315002442,45.14089238287721],[18.0132281190825,45.149727937794125],[17.997315223418866,45.149727937794125],[17.990882351239577,45.147817663554406],[17.984110906792978,45.14125060712985],[17.96802872544538,45.12094765111328],[17.932309353493906,45.10828450242792],[17.929431489671572,45.10398317188594],[17.934848645948307,45.088925960464735],[17.931293637591352,45.08127633253679],[17.9272307703838,45.078646535908945],[17.913349308323973,45.07111508699171],[17.869165631488727,45.05174394372807],[17.860254410312848,45.04982082087423],[17.842702824875516,45.05028008036146],[17.829051592856786,45.05196399883954],[17.804024332656866,45.06397961676595],[17.794381795383572,45.07316182615739],[17.77780529807609,45.08196005920939],[17.74714419624769,45.09167479495585],[17.731326101718253,45.10008779801353],[17.704788809655895,45.118200225859766],[17.68295089976425,45.12011149205176],[17.67770303007086,45.1230977178854],[17.67431730739787,45.128591964947304],[17.667376577267305,45.13277201651539],[17.65874298490087,45.13313029202942],[17.637412933859878,45.126800421002656],[17.62099218024497,45.12082820046112],[17.617437171888014,45.11593051328259],[17.606602860233863,45.11437750012158],[17.59475283177784,45.10852345589285],[17.575115642073285,45.119514227999275],[17.569190627845273,45.120230944502566],[17.557171312805906,45.1173640263288],[17.553785591032238,45.12190324643774],[17.559879890944273,45.1355187402977],[17.554293448983515,45.139340048704355],[17.549045579290123,45.137548842005515],[17.54464413981526,45.13313029202942],[17.53567197608089,45.12011149205176],[17.528561958467662,45.11688619314333],[17.507597565475294,45.11713944492948],[17.491671127820325,45.11423414279153],[17.48018675741298,45.12004459867933],[17.491562784694793,45.134262428768125],[17.492646215950174,45.13991799981591],[17.48766243217557,45.14137001551387],[17.48202859054709,45.140605801316724],[17.47541965988944,45.138695221307444],[17.454942810961995,45.12646599371067],[17.448767253705853,45.12723039676547],[17.440424833939005,45.13013503700239],[17.438366314553832,45.13663172237614],[17.44432518555891,45.15351964231769],[17.44237500929927,45.15497131177665],[17.437066197047386,45.15443649035183],[17.412262394993604,45.13814591720035],[17.398550219517062,45.13372741398899],[17.376373737358165,45.137429426426934],[17.340315794038702,45.14089238287721],[17.319832173216298,45.147340084877044],[17.317462168244504,45.15319014690783],[17.326095759711563,45.15856212304362],[17.324233612691103,45.1622625238964],[17.31290498507707,45.16253467313669],[17.307487829699653,45.16597223273243],[17.302937418427177,45.17521441970973],[17.29600345929225,45.17636004088325],[17.28668595139561,45.17246483518403],[17.264692298710656,45.18521873355775],[17.25960017181052,45.1847605586529],[17.252449526424527,45.173228621303906],[17.249415918909563,45.15351964231769],[17.245298881038593,45.14840030373108],[17.237281490648343,45.14435035168742],[17.226013806492006,45.140070844993545],[17.189393832759208,45.1457258395759],[17.167183493823245,45.14733053317764],[17.1458060422151,45.16309806512368],[17.13598744736288,45.16763364567623],[17.116519544241612,45.175033027352356],[17.070758120191158,45.18689867433443],[17.059707122285943,45.19522128923114],[17.050281271263714,45.21109959786821],[17.038363528354182,45.219418673033374],[17.036846724596728,45.22292911009043],[17.032729685826382,45.22300542206261],[17.027204187323434,45.21735809869733],[17.021678688820487,45.21766337356587],[17.017886679426738,45.219571305071725],[17.02319549167862,45.22682086329223],[17.02276211917649,45.23193315389199],[17.01799502255227,45.23353541842488],[17.005535564015133,45.23361171600794],[17.00196024087245,45.232085752655394],[17.001404982354074,45.226682558353446],[16.997172829462556,45.22250939559217],[16.989385668214084,45.221793965119446],[16.980413503580394,45.24432568758044],[16.970594908728117,45.24504083386745],[16.96720918695445,45.24182260363028],[16.972964914599174,45.23145151117836],[16.973980631401048,45.22656332893456],[16.97161062552999,45.223940228658705],[16.965008466767358,45.224297931304534],[16.959760597073966,45.2270402439122],[16.947233424083322,45.22501332940169],[16.93876911830023,45.227994060377625],[16.939276977150826,45.235266385835075],[16.94537127706286,45.24539840341362]]]]}},{"type":"Feature","properties":{"shapeName":"Serbia","shapeISO":"SRB"},"geometry":{"type":"Polygon","coordinates":[[[19.667932800000017,46.18487440000007],[19.669582100000014,46.18401950000003],[19.670283500000153,46.18656010000012],[19.6765567,46.1818411000001],[19.68446090000009,46.17967750000014],[19.696453,46.187445500000024],[19.699829800000032,46.1874615000001],[19.703298,46.183981300000085],[19.717672400000026,46.17598060000017],[19.717933200000118,46.17158910000006],[19.72705980000012,46.16810379999998],[19.734033499999953,46.169824900000094],[19.741041,46.1656458],[19.748402399999918,46.156485900000064],[19.75848510000003,46.14787590000003],[19.77178269999996,46.144152],[19.780685399999925,46.14453040000012],[19.7915018,46.13930089999997],[19.797306500000104,46.13946390000018],[19.80172840000006,46.13495090000015],[19.812572500000044,46.131281800000124],[19.8178337,46.12778660000015],[19.844244499999945,46.141404200000125],[19.853194100000053,46.149790500000165],[19.873372500000016,46.15135560000016],[19.897821300000032,46.15988060000012],[19.914880400000015,46.16398490000006],[19.921843600000045,46.16695270000014],[19.935138900000027,46.1761932],[20.01579380000004,46.17677700000013],[20.02297649999997,46.1732993],[20.03178040000006,46.1479296],[20.039020499999936,46.14444380000009],[20.056887099999983,46.147969400000136],[20.06168150000002,46.14686950000004],[20.06373430000002,46.14366710000013],[20.074469400000055,46.15683230000013],[20.095811200000014,46.17724010000012],[20.102185400000053,46.17676670000003],[20.10601360000004,46.17471849999998],[20.10649040000004,46.1733208],[20.103778600000055,46.17168270000002],[20.106858099999954,46.16265269999997],[20.12630640000009,46.1519517000001],[20.132361800000012,46.15016910000003],[20.1370296,46.147291200000154],[20.13728659999998,46.144226400000036],[20.1466913000001,46.144827700000064],[20.169219299999952,46.152768700000024],[20.179511200000093,46.157476300000155],[20.181824800000015,46.1600487],[20.208037300000115,46.143941400000074],[20.21032720000005,46.1354665],[20.22982209999992,46.129069300000026],[20.233185,46.12380990000008],[20.248212799999976,46.12982790000012],[20.251565,46.12645880000002],[20.249554100000125,46.1198675],[20.25491850000003,46.115796400000136],[20.2642709000001,46.12635540000002],[20.2654422,46.1251372000001],[20.261996900000042,46.12052560000012],[20.264901700000053,46.11772490000004],[20.27180770000001,46.11657050000008],[20.279349099999934,46.1185489],[20.2832419,46.11811319999998],[20.275075300000026,46.11285050000015],[20.26714240000001,46.11230050000012],[20.26492120000006,46.10895910000005],[20.268541499999913,46.10368630000005],[20.27346669999997,46.098169400000074],[20.302448500000025,46.086670900000115],[20.308324,46.07595],[20.310266,46.0762681],[20.31123,46.07398420000004],[20.309474100000102,46.072482100000116],[20.345875699999965,46.0478218],[20.343182,46.0472954],[20.339489600000036,46.041364300000055],[20.3407618,46.03641190000013],[20.35759050000007,46.00605529999996],[20.35207050000008,46.003568200000075],[20.35270509999998,46.00007870000002],[20.34797359999999,45.99941080000002],[20.406118100000015,45.96524040000014],[20.447560600000088,45.9703566],[20.48362920000011,45.95338160000006],[20.5017006,45.91060859999999],[20.515481299999976,45.892145200000016],[20.549901,45.900222400000075],[20.54644250000007,45.90610429999998],[20.568881500000032,45.910436800000014],[20.5783194,45.88512850000012],[20.57421389999996,45.88419350000004],[20.5763632,45.87969020000014],[20.5747098,45.87902980000001],[20.576433899999984,45.87665450000014],[20.5780163,45.87713340000016],[20.580849599999965,45.86938010000006],[20.594198900000094,45.8720391],[20.598771800000122,45.86167030000007],[20.611543700000084,45.86406730000016],[20.6599721,45.829170300000044],[20.650144400000045,45.81205239999997],[20.654332099999976,45.80750680000011],[20.656833600000027,45.80819860000014],[20.662363699999958,45.79405340000005],[20.681347600000038,45.79745150000002],[20.694358699999952,45.76684570000003],[20.690736699999945,45.7663516],[20.692434700000092,45.759803199999965],[20.696726,45.760441600000036],[20.699942100000044,45.75073350000008],[20.712089200000037,45.751013000000114],[20.714213799999982,45.74882940000009],[20.71791509999997,45.74938600000013],[20.717786099999955,45.75218110000009],[20.73240350000009,45.755770699999914],[20.774027800000113,45.7545197],[20.782884399999944,45.785944],[20.8231374,45.774861200000146],[20.817470799999967,45.75166130000008],[20.815786300000013,45.7491571],[20.807846,45.7483863],[20.80242860000004,45.73782],[20.801041800000064,45.70196610000005],[20.798832400000038,45.70212950000007],[20.8022244,45.69980579999998],[20.79588670000004,45.686882300000036],[20.802885300000014,45.68195880000002],[20.79982030000008,45.671837200000084],[20.804826800000058,45.65718920000012],[20.78876950000017,45.644799400000124],[20.779257200000075,45.62228660000011],[20.765994,45.612442900000076],[20.772172200000057,45.5822902000001],[20.79579849999999,45.58739430000003],[20.81395249999997,45.568109500000105],[20.811503600000037,45.565695600000026],[20.823142600000097,45.55176940000007],[20.81996460000005,45.550043400000106],[20.833070199999952,45.53569440000001],[20.828464300000064,45.5337968],[20.806625,45.51523630000014],[20.769308600000045,45.49991619999997],[20.777533100000028,45.49027190000015],[20.771617099999958,45.487849],[20.771549700000037,45.47974480000005],[20.83336980000007,45.47970759999998],[20.86065,45.46574860000004],[20.866149699999937,45.464637799999934],[20.871144600000036,45.45886220000011],[20.871650499999987,45.45542550000016],[20.87462510000006,45.45410380000004],[20.87908180000005,45.45450390000008],[20.878837,45.44859750000006],[20.881289799999934,45.44630380000001],[20.8737779,45.446031],[20.875222599999972,45.43786270000004],[20.867874700000016,45.43652370000012],[20.866757099999916,45.43445770000005],[20.869690100000128,45.43253880000009],[20.864932599999975,45.431651199999976],[20.875688800000148,45.42572730000012],[20.901044300000024,45.41675910000009],[20.92098379999993,45.417062500000156],[20.92441520000017,45.40705810000014],[20.92914120000006,45.40252070000008],[20.931883300000095,45.40202270000009],[20.9362091000001,45.39246720000011],[20.93048310000006,45.392144],[20.93164050000007,45.38664539999996],[20.942510699999957,45.38596050000018],[20.945632699999976,45.38368909999997],[20.9489703000001,45.38547590000002],[20.95168990000002,45.374671700000135],[20.961048900000094,45.36672510000005],[20.969783099999972,45.363938800000085],[20.982276800000022,45.356997300000046],[20.988000800000066,45.3501721],[20.999162700000056,45.34169120000013],[21.009404599999982,45.34139410000006],[21.01712310000005,45.32421080000012],[21.063702900000067,45.33191560000006],[21.06079090000003,45.31555160000005],[21.070572800000036,45.315714900000046],[21.07087350000006,45.31381930000009],[21.080982,45.3177998000001],[21.09626759999992,45.29574860000008],[21.10977340000005,45.30061990000007],[21.128082599999914,45.30440509999988],[21.144443600000045,45.304609],[21.154064400000095,45.31208140000001],[21.149505600000055,45.31579960000016],[21.153888399999914,45.318389300000035],[21.152648400000032,45.31924100000015],[21.16154350000005,45.32502040000014],[21.1663875000001,45.31958440000011],[21.175969899999984,45.32520820000002],[21.18354019999998,45.32063820000013],[21.180463600000166,45.31868810000003],[21.183773,45.3159404000001],[21.1805321,45.31392520000014],[21.18085760000008,45.30786059999997],[21.188701800000047,45.297938899999906],[21.19131559999994,45.28670950000003],[21.208798900000033,45.2751465],[21.20262450000007,45.26534870000006],[21.21889820000007,45.25029],[21.22353940000005,45.252769],[21.23735819999996,45.24786410000007],[21.251714600000128,45.24244090000008],[21.274499799999944,45.229744800000105],[21.292278399999987,45.24228969999996],[21.305753700000082,45.239929600000096],[21.305238500000087,45.23878130000014],[21.32034120000003,45.23730400000011],[21.321004800000026,45.24006530000014],[21.326267300000097,45.239520700000014],[21.32530550000007,45.23615410000002],[21.332851000000176,45.23419420000005],[21.3337181,45.23642610000013],[21.339511700000116,45.23548170000015],[21.338070800000082,45.232993000000135],[21.34363090000005,45.23174330000012],[21.360045299999967,45.221612200000095],[21.369637599999976,45.225793800000076],[21.395314499999927,45.21833019999997],[21.402987499999938,45.22887730000008],[21.409548,45.223784100000046],[21.410829899999953,45.22084669999998],[21.417594799999904,45.219155],[21.432112599999982,45.21211000000011],[21.438122900000053,45.201896300000044],[21.442542199999934,45.200349299999914],[21.444065,45.2015887],[21.482914300000118,45.19195900000011],[21.4933618,45.17280430000011],[21.507232599999952,45.170435],[21.51475949999991,45.171264],[21.52339889999996,45.15944110000004],[21.528945300000032,45.147222300000124],[21.527310899999975,45.138179400000126],[21.502737099999933,45.12866310000004],[21.502496599999972,45.127107100000046],[21.496276200000068,45.12429370000001],[21.48817090000017,45.12475720000015],[21.48150940000005,45.122287500000084],[21.478743099999917,45.12077230000011],[21.474864800000034,45.1114204000001],[21.471777900000063,45.10965710000005],[21.471344300000055,45.10309210000008],[21.481512599999917,45.095068800000035],[21.48344129999998,45.09107850000015],[21.4747825,45.08562850000004],[21.4742587,45.0832299],[21.46485650000011,45.07489810000004],[21.459558699999945,45.0722325000001],[21.4550051,45.06303710000009],[21.450700900000015,45.06063760000012],[21.45180760000011,45.05906440000001],[21.448261899999977,45.05394910000007],[21.456199600000048,45.03984580000002],[21.425490300000035,45.0352415000001],[21.422316099999932,45.032282200000054],[21.420549900000026,45.03365580000002],[21.421223899999973,45.03629780000011],[21.408190400000024,45.03517090000014],[21.40537640000008,45.037166600000035],[21.401069500000062,45.032206000000144],[21.401577600000167,45.02948220000002],[21.397677500000043,45.031384],[21.397500099999945,45.02887679999998],[21.39451349999996,45.02961620000008],[21.39495789999995,45.027903],[21.39234710000011,45.02668880000016],[21.39055660000008,45.0271087000001],[21.3904286,45.02912969999994],[21.386514199999965,45.027278700000124],[21.38427450000006,45.02816],[21.381975200000056,45.0246907],[21.38152739999998,45.027773600000046],[21.37917610000011,45.02644680000003],[21.378396,45.028149],[21.377271,45.026028],[21.375870099999986,45.02824620000007],[21.369937,45.02513610000011],[21.366424400000028,45.02490370000004],[21.360708899999963,45.019716],[21.377364599999964,45.00607750000006],[21.379193399999963,45.0076851],[21.3873372,45.00371870000009],[21.3832003,45.001441100000136],[21.386614800000075,44.99922840000005],[21.396486899999957,44.99578859999997],[21.401389,44.996667],[21.4125,44.993333],[21.410556,44.985278],[21.404722,44.98000000000013],[21.403611,44.976389000000154],[21.4088890000001,44.971111],[21.421389000000147,44.965278],[21.429722,44.961667],[21.441111,44.960278],[21.459167,44.964444],[21.470833,44.96305600000011],[21.504444,44.948333000000105],[21.527778,44.944167],[21.540833,44.938611],[21.546944,44.933889],[21.556389,44.91861100000011],[21.559722,44.90861100000012],[21.558611,44.896111],[21.552778,44.890833],[21.519167,44.885278],[21.498392600000045,44.87454920000005],[21.48662330000002,44.872082],[21.483536,44.869818],[21.469550199999958,44.8709182],[21.465209800000025,44.86741840000013],[21.457879000000105,44.872153900000114],[21.45141590000003,44.87434980000006],[21.451513100000057,44.87139870000016],[21.446498600000098,44.874846600000126],[21.4419633,44.87338790000007],[21.442640799999936,44.8680349],[21.4346337,44.871396200000106],[21.429522600000098,44.86995370000011],[21.426252600000055,44.87241320000004],[21.408354799999927,44.86940190000013],[21.40647869999998,44.86708420000002],[21.401641199999915,44.86859470000013],[21.39625170000005,44.86789640000006],[21.389443400000175,44.86909240000011],[21.3817856,44.86629330000011],[21.37098179999998,44.86779510000002],[21.36286730000006,44.86231759999998],[21.359303,44.86214030000008],[21.358012700000018,44.859928500000024],[21.3607758,44.856087299999956],[21.357320499999958,44.849724500000036],[21.358753,44.846874200000116],[21.35710839999996,44.84396740000011],[21.360270200000116,44.840741800000046],[21.354280599999925,44.84110540000012],[21.35321149999993,44.83951660000008],[21.355709700000034,44.8360204],[21.354752799999915,44.83223140000001],[21.36044019999997,44.83175610000012],[21.359190899999987,44.82983340000004],[21.354758700000048,44.82921170000009],[21.355052700000044,44.8267414],[21.358327499999916,44.822046830069155],[21.38077579999998,44.81632303006933],[21.38729890000002,44.79890723006929],[21.39073220000006,44.781364330069266],[21.412704799999972,44.77551543006922],[21.5381893,44.772590830069134],[21.555012099999942,44.76978793006924],[21.594494199999986,44.75516183006931],[21.60994370000003,44.733215730069276],[21.61320530000006,44.715652930069155],[21.61166039999995,44.683318430069164],[21.62402,44.66769373006923],[21.64204440000003,44.660856630069304],[21.675861700000155,44.66781583006917],[21.692169500000148,44.6645195300693],[21.714142200000083,44.654751430069155],[21.724613500000146,44.65316393006924],[21.737144799999953,44.654018730069254],[21.77851520000013,44.661345030069185],[21.815422400000102,44.6527976300693],[21.842201599999953,44.655117730069264],[21.945198400000095,44.63863053006918],[21.96991760000003,44.63337803006925],[21.9870838,44.634966030069165],[21.9954952,44.63166783006932],[22.002876600000036,44.61198009999998],[22.0258793000001,44.59144650000013],[22.02484929999997,44.577508800000146],[22.033089,44.5495012],[22.067936300000042,44.527477],[22.074287800000093,44.514992900000095],[22.078236,44.50177150000002],[22.124584500000026,44.476912200000015],[22.139862400000084,44.47433990000002],[22.16904480000005,44.47642220000017],[22.183464399999934,44.48254630000008],[22.241314300000056,44.57432960000017],[22.25922509999998,44.59006040000003],[22.26499979999994,44.597917500000165],[22.27822150000003,44.6261538],[22.298820800000044,44.63849190000013],[22.30344930000001,44.65157770000002],[22.312553799999932,44.66425900000013],[22.33263809999994,44.67195030000005],[22.38516649999997,44.67780970000007],[22.400959399999977,44.685621200000014],[22.415500800000018,44.70538430000005],[22.429970099999935,44.71075750000006],[22.45451770000011,44.715515],[22.478207,44.71124539999988],[22.49520149999995,44.69599430000011],[22.5709041,44.639469],[22.60214650000006,44.621999800000026],[22.621200900000076,44.614424],[22.62935319999997,44.6130321],[22.63750870000007,44.612835500000074],[22.662228,44.6179677],[22.672994900000106,44.61746700000015],[22.67912029999991,44.614491400000134],[22.682641000000103,44.609891300000015],[22.68810710000008,44.60652020000015],[22.704285,44.602814200000125],[22.742565500000126,44.57567470000009],[22.757671699999946,44.56210020000009],[22.76505309999999,44.547543800000085],[22.763851500000044,44.53873480000004],[22.707718200000045,44.51756339999997],[22.69535860000002,44.51731860000018],[22.681797400000107,44.52074570000002],[22.63407550000005,44.54852250000005],[22.60958130000006,44.55429770000006],[22.588671100000113,44.551091500000155],[22.575367299999982,44.545464],[22.564552700000092,44.53328970000001],[22.5586303,44.498527],[22.550991399999987,44.488241],[22.5399192000001,44.478994399999976],[22.53442610000002,44.476912200000015],[22.517774900000177,44.47452360000011],[22.473915399999953,44.48132149999998],[22.465418199999988,44.47985180000006],[22.45872339999994,44.47617730000013],[22.45760759999996,44.46809250000001],[22.46764980000006,44.4489787],[22.481296900000018,44.4315135],[22.480230900000095,44.430222100000094],[22.49719760000005,44.41970170000002],[22.50166589999992,44.37890109999995],[22.51131019999997,44.3666665],[22.523722400000054,44.337937200000056],[22.54337670000001,44.324714],[22.557809300000088,44.308656500000154],[22.564127,44.30392949999998],[22.5817652,44.30162949999993],[22.60563120000006,44.295216200000084],[22.6282263,44.29251620000014],[22.650573099999974,44.2918727],[22.659044300000062,44.29020560000009],[22.674938399999974,44.282352500000115],[22.68355830000013,44.26929290000015],[22.685771300000113,44.260693],[22.685048900000027,44.248625600000025],[22.6729618,44.231534],[22.671304900000052,44.22213140000008],[22.67487090000003,44.21628750000008],[22.66680690000004,44.21205070000002],[22.668997500000103,44.2079627],[22.665302700000098,44.20968209999995],[22.66730270000005,44.21335750000014],[22.66619330000009,44.21420560000013],[22.657193900000095,44.20947180000013],[22.654845400000113,44.20457720000002],[22.65266189999994,44.20461760000018],[22.64736640000018,44.20861380000002],[22.644492,44.20856670000006],[22.64757970000005,44.204166500000156],[22.64551430000006,44.197833900000035],[22.64228609999998,44.19313880000004],[22.637731900000063,44.192348400000014],[22.636752000000172,44.190497600000015],[22.6424113,44.1882498],[22.642916100000036,44.185629700000106],[22.637324100000114,44.181487900000036],[22.632899200000054,44.184624700000086],[22.628876000000105,44.183285],[22.63564169999995,44.1786512],[22.635863500000028,44.17551920000005],[22.634037300000102,44.17394980000006],[22.628273399999955,44.17478060000002],[22.628006700000128,44.17177570000007],[22.6252485,44.170513300000096],[22.620444900000052,44.17372460000007],[22.616755199999943,44.171313800000064],[22.616301100000044,44.165981700000145],[22.612986900000124,44.16560690000006],[22.6164586000001,44.161334700000054],[22.62225650000005,44.1627982],[22.622779,44.15908040000005],[22.628448100000014,44.1580174],[22.626007300000026,44.15140800000012],[22.62695210000004,44.14725290000001],[22.624604299999987,44.147597],[22.621812700000078,44.1510947000001],[22.61792589999999,44.149975],[22.6193189,44.146689899999956],[22.610294300000078,44.106657700000085],[22.612990300000035,44.10170030000006],[22.61975360000008,44.09779610000015],[22.619826500000045,44.0826482],[22.615490799999975,44.07914189999997],[22.61823590000006,44.07522480000006],[22.624591,44.072867700000074],[22.618808600000023,44.06794830000001],[22.621262400000035,44.0633924],[22.5818534,44.0621001],[22.580643,44.05407459999998],[22.559708,44.057556700000134],[22.554491600000063,44.05357770000006],[22.5335096,44.05181810000016],[22.530532600000072,44.048278700000026],[22.54195459999994,44.0421447],[22.537814,44.038193],[22.54349050000002,44.0336474],[22.53877190000003,44.02580410000013],[22.53232640000016,44.025098300000025],[22.531064,44.0208],[22.527498,44.019731],[22.495399200000122,44.01822520000013],[22.484587,44.020379400000024],[22.467811499999982,44.01500850000008],[22.449251399999923,44.0172708],[22.442158399999983,44.01656220000001],[22.441180300000042,44.01019480000002],[22.422094100000038,44.00610260000002],[22.414108899999974,44.0062046000001],[22.40946580000002,44.0042054000001],[22.412009300000136,43.999845500000106],[22.409139,43.99723420000009],[22.417290599999944,43.99236150000013],[22.40867630000008,43.98709359999998],[22.409777500000075,43.984415800000136],[22.408039799999983,43.981594200000075],[22.412173700000096,43.97985520000009],[22.410801,43.97498120000006],[22.4132204,43.97210880000006],[22.410703200000057,43.96172890000008],[22.411357400000043,43.95474360000014],[22.40626880000002,43.94788730000005],[22.4088453,43.93963320000012],[22.405064099999947,43.93651950000003],[22.393153700000028,43.9313727],[22.388472,43.92672090000002],[22.388721,43.92277660000002],[22.39347690000011,43.91639880000008],[22.3923860000001,43.913142500000106],[22.394487,43.9096399],[22.389541,43.895632400000125],[22.388677,43.87888820000006],[22.37883670000008,43.8459755],[22.36604609999995,43.825360699999976],[22.360626300000035,43.8232567],[22.357145900000035,43.80952970000004],[22.36062620000007,43.806735200000105],[22.362392,43.799491],[22.367103800000052,43.795407400000045],[22.37015420000006,43.78790480000009],[22.373812800000053,43.78478080000008],[22.377407199999936,43.775190200000054],[22.3952511,43.7592682],[22.402454700000078,43.7589034],[22.3982405000001,43.750333],[22.3998666,43.7379606],[22.3942442,43.730362600000035],[22.402175800000066,43.722935300000074],[22.404534,43.71692440000015],[22.4043784000001,43.71073739999997],[22.406840600000066,43.70797120000009],[22.406014600000105,43.70037740000009],[22.408095899999978,43.69562560000003],[22.421670700000163,43.68407230000014],[22.42041290000003,43.681455],[22.430380499999956,43.67587250000008],[22.439732900000024,43.673773],[22.445930199999964,43.66641370000008],[22.45977760000011,43.65888450000011],[22.478061200000013,43.65650040000003],[22.482512600000064,43.65297020000014],[22.485252500000115,43.64519990000008],[22.49180860000007,43.6392841],[22.49149060000002,43.633727800000145],[22.481733600000098,43.624388300000135],[22.48818119999993,43.61847510000007],[22.490084300000035,43.607820500000116],[22.49360439999998,43.60053140000008],[22.48710129999995,43.59128860000004],[22.48927720000006,43.5875496000001],[22.496627400000136,43.58355880000016],[22.491361499999982,43.57142120000003],[22.48768640000003,43.5686746],[22.489972000000137,43.55613650000015],[22.493366700000024,43.552360000000135],[22.494004700000062,43.54847060000003],[22.497304600000064,43.5473272000001],[22.50336590000012,43.540409200000056],[22.50148809999996,43.52924160000009],[22.504979,43.52529540000006],[22.506608700000015,43.51635180000011],[22.514194,43.51042670000015],[22.515714700000103,43.50333100000012],[22.524146500000143,43.4966655],[22.524302100000057,43.48637890000015],[22.532849800000122,43.4791725],[22.533554600000173,43.47118169999999],[22.553729600000054,43.46165080000014],[22.57597889999994,43.4637105],[22.5869763,43.45244430000008],[22.59084720000004,43.4409101],[22.597685700000056,43.43565980000005],[22.62479410000003,43.42818170000004],[22.63185990000005,43.429091700000015],[22.638789,43.4333512],[22.66068850000005,43.42583210000015],[22.659907,43.422568],[22.667430399999944,43.409247900000025],[22.66704470000002,43.40265720000002],[22.676437299999975,43.39550259999993],[22.69975029999995,43.39338340000012],[22.722133200000087,43.395728100000156],[22.73290190000006,43.38925230000007],[22.744826399999965,43.38775],[22.755955800000095,43.380472400000144],[22.7672619,43.377084],[22.769965700000057,43.37097210000013],[22.769923300000073,43.36361230000011],[22.786127700000065,43.35444880000006],[22.791632200000038,43.348969400000044],[22.794633,43.34300890000014],[22.8043993,43.337846],[22.81749990000003,43.335319500000026],[22.827629500000057,43.32905760000011],[22.831160099999977,43.31298640000011],[22.83698869999995,43.30706010000006],[22.837635299999988,43.30219369999992],[22.84502889999993,43.29705830000012],[22.84236370000002,43.28637910000009],[22.8441469,43.28214459999998],[22.847924200000023,43.2795799000001],[22.84833,43.275756500000114],[22.86015169999996,43.27384520000004],[22.864631900000063,43.269077800000105],[22.868869500000073,43.26754170000004],[22.8705883,43.254383500000074],[22.875066499999946,43.2520421000001],[22.87655819999992,43.24812080000004],[22.8826924,43.2448182],[22.887530300000037,43.23631009999997],[22.896243,43.23078430000004],[22.896350100000063,43.226793],[22.907867100000146,43.22093819999998],[22.915156300000035,43.22068890000014],[22.920331499999918,43.21854750000006],[22.922734900000023,43.2149614],[22.934946900000057,43.2090488],[22.941201,43.20252730000004],[22.950928700000077,43.20596720000009],[22.958919500000093,43.2070157],[22.96611220000011,43.204733200000135],[22.977331,43.20358229999994],[22.980129199999908,43.20170250000001],[22.982936100000018,43.2026232],[22.996953,43.19422109999988],[23.006275,43.192872],[23.006264,43.187024],[22.986457,43.166998],[22.9954,43.1609380000001],[22.997214,43.157112],[22.993772,43.150385],[22.995057,43.13554500000015],[22.992278,43.12911900000012],[22.985301000000106,43.122256],[22.983178,43.111247],[22.959815000000106,43.097022],[22.95498479999992,43.0955654],[22.95257000000015,43.092393],[22.93344,43.088173],[22.918564,43.080085],[22.919222,43.077411000000154],[22.909172599999977,43.055762300000026],[22.899472000000117,43.04767449999997],[22.8983761,43.036196],[22.862508800000114,43.02138860000008],[22.849444700000106,43.004817200000105],[22.824334799999917,42.99390190000008],[22.783744700000057,42.98144190000011],[22.786261899999943,42.975381],[22.78393239999997,42.971328100000164],[22.786495200000104,42.96858850000012],[22.782748200000015,42.964563699999985],[22.78486909999998,42.95871210000007],[22.780703699999947,42.95551560000007],[22.782963300000063,42.95244950000006],[22.78220340000007,42.9500418],[22.778996100000086,42.9531399],[22.777896700000042,42.95021880000007],[22.775383399999953,42.9510648000001],[22.774814299999946,42.94927180000002],[22.769876,42.949486500000035],[22.768545699999947,42.94760690000015],[22.77374370000001,42.938265500000114],[22.772209500000088,42.93578880000001],[22.77982830000002,42.931961100000024],[22.779572499999972,42.92939089999999],[22.774433600000066,42.91929220000003],[22.772200199999986,42.917494200000135],[22.768104700000094,42.91785340000001],[22.7601864,42.911132500000065],[22.762021,42.90806670000006],[22.758856,42.90391480000011],[22.759646699999962,42.902615300000036],[22.752998800000057,42.89921250000003],[22.754355700000076,42.8946251000001],[22.744646400000136,42.88614530000012],[22.73571430000004,42.884921],[22.73012390000008,42.88864110000003],[22.7208053,42.88497510000013],[22.713772600000027,42.88690359999998],[22.705235399999935,42.8793832],[22.701683000000173,42.88432510000001],[22.69728470000007,42.88430090000014],[22.695596900000055,42.8835557000001],[22.6955474,42.87869710000007],[22.6814397,42.872190100000125],[22.682278,42.868373599999984],[22.678211900000065,42.865485100000114],[22.675257900000076,42.86625909999998],[22.673558500000013,42.875758],[22.667274,42.87680629999994],[22.661132800000075,42.88180150000011],[22.65640330000008,42.883019000000104],[22.6528558,42.883225],[22.64752130000005,42.87994319999996],[22.640308100000084,42.87797120000005],[22.630378900000096,42.885166399999946],[22.61943350000007,42.89605470000009],[22.612499,42.895330400000034],[22.6037323,42.891904200000056],[22.596388200000035,42.89426180000004],[22.591372699999965,42.89042830000011],[22.584039700000062,42.89216690000012],[22.579906600000015,42.883298],[22.57271430000003,42.87578550000006],[22.573773300000084,42.87362850000011],[22.57213280000002,42.871708400000045],[22.57553740000003,42.86282340000014],[22.56395649999996,42.8702998],[22.553826100000038,42.87231820000005],[22.53546940000001,42.88212620000013],[22.527981800000077,42.8765254],[22.520573400000103,42.875767200000155],[22.515471400000024,42.868597],[22.517557000000124,42.86458850000014],[22.51495079999995,42.863430400000084],[22.5175804000001,42.86179300000015],[22.515693,42.85675440000017],[22.50719760000004,42.85054939999992],[22.499124199999983,42.84908260000009],[22.475026100000036,42.83169609999999],[22.4698755,42.83056940000006],[22.46484730000003,42.833387099999925],[22.450116600000115,42.826105900000016],[22.44577090000007,42.82470090000015],[22.44131249999998,42.82532270000007],[22.44015360000003,42.824051],[22.440781400000105,42.80578150000008],[22.44874049999993,42.802377],[22.449289200000067,42.79590230000014],[22.455661300000088,42.79320670000004],[22.4588769,42.786843900000065],[22.459809100000086,42.7778014000001],[22.472113699999966,42.768590800000084],[22.476297300000056,42.76723460000011],[22.476047900000026,42.763019900000074],[22.48491380000013,42.75110660000007],[22.48703610000007,42.748800600000095],[22.490990700000054,42.74878940000002],[22.499434200000053,42.743803500000126],[22.501352899999972,42.73964330000001],[22.496197300000063,42.7329931000001],[22.49655869999998,42.7226323000001],[22.486028,42.7214012],[22.48269250000004,42.714777100000106],[22.475594099999967,42.710093],[22.47109560000007,42.70025369999996],[22.472157300000163,42.695108300000015],[22.467239300000017,42.6913702],[22.461040800000035,42.691075200000114],[22.458443200000033,42.68949840000005],[22.46036220000002,42.68375130000004],[22.469637900000066,42.68197680000014],[22.4759684,42.67578470000012],[22.472669100000076,42.666930900000125],[22.467915100000027,42.66362470000013],[22.466456699999924,42.65952030000017],[22.458683399999984,42.6550481000001],[22.461481700000093,42.652531500000066],[22.461461499999984,42.64840450000003],[22.453874900000073,42.64643710000013],[22.4676083,42.64076150000005],[22.464877099999967,42.6325167],[22.45836319999995,42.631188500000064],[22.45862640000007,42.62214470000015],[22.455659699999956,42.61749250000014],[22.45274859999995,42.61623200000014],[22.451395200000036,42.61212940000013],[22.449781,42.595158800000036],[22.44055380000009,42.588560900000175],[22.4390199,42.58157790000007],[22.44055380000009,42.577976700000136],[22.437824800000044,42.57214750000014],[22.438887100000045,42.56551120000012],[22.45143489999998,42.566929500000015],[22.470798700000046,42.56206540000011],[22.47741990000003,42.553842],[22.4878685,42.54983040000013],[22.492195600000116,42.546257700000126],[22.49896440000009,42.535433799999964],[22.506317200000012,42.532889599999976],[22.51357689999992,42.527030699999955],[22.51946340000012,42.52806640000006],[22.52426580000008,42.52524340000008],[22.529148499999962,42.51902279999996],[22.547410300000138,42.5074085],[22.5513373,42.49583360000014],[22.5543550000001,42.494174200000145],[22.55871680000007,42.48537770000007],[22.559255,42.48026590000006],[22.55255740000007,42.47325890000013],[22.55321590000017,42.4712449000001],[22.549500400000056,42.466766],[22.54389,42.463498600000094],[22.54388430000006,42.45882330000012],[22.5405169,42.45399690000011],[22.543975199999977,42.44873860000007],[22.540959800000053,42.44596880000006],[22.54148790000005,42.44039970000006],[22.5372688,42.4365735],[22.53548740000008,42.43136279999999],[22.5353083,42.42119059999999],[22.5262871,42.417052800000135],[22.5228654,42.412725900000055],[22.522137199999975,42.40420759999989],[22.520212400000048,42.40155290000001],[22.521091,42.39779260000006],[22.513727399999937,42.394715],[22.508178600000065,42.39726329999996],[22.504363900000044,42.39610660000005],[22.492717300000095,42.39635839999988],[22.483891400000118,42.393844200000046],[22.478123,42.394254],[22.48092630000008,42.387018299999966],[22.48060260000011,42.380332600000145],[22.46936510000006,42.37619510000013],[22.46857220000004,42.37113460000012],[22.45945080000007,42.361843799999974],[22.46106600000013,42.34713500000015],[22.463305,42.34493200000014],[22.46142409999993,42.34144090000012],[22.45293010000006,42.33172050000002],[22.449173200000075,42.33180590000012],[22.440191100000106,42.3285371],[22.432769699999938,42.32315280000006],[22.423631700000044,42.3338483],[22.42098539999995,42.330634000000146],[22.415487900000016,42.32930980000003],[22.40378750000002,42.332592],[22.400394499999948,42.32616190000016],[22.38835,42.3254788000001],[22.38649860000004,42.322982800000034],[22.38331320000009,42.32254859999995],[22.38033070000006,42.32417250000003],[22.36952990000009,42.32170130000003],[22.365896900000052,42.32390840000005],[22.366401700000097,42.3209516],[22.363074799999936,42.31811320000014],[22.360255200000097,42.3110868],[22.357202600000107,42.3113851],[22.352920400000016,42.31661650000012],[22.34445460000012,42.32008400000012],[22.33678750000007,42.31950410000013],[22.332088600000134,42.32200060000008],[22.322976200000085,42.33366320000016],[22.316412300000025,42.331969500000014],[22.313248400000077,42.33307350000001],[22.3086768,42.33895270000011],[22.29275310000014,42.34910680000007],[22.29136589999996,42.35238390000012],[22.294975,42.361564699999974],[22.298264500000016,42.36511940000014],[22.297082200000034,42.37173659999996],[22.293895700000178,42.37353589999998],[22.28157010000001,42.369246900000064],[22.273033699999985,42.361512],[22.2689739,42.362437900000145],[22.265415700000062,42.36692830000004],[22.260101700000064,42.366610500000036],[22.253291100000013,42.36164960000008],[22.25249930000001,42.35381980000011],[22.250123500000086,42.35028030000018],[22.245091,42.34934470000002],[22.241981399999986,42.35151880000012],[22.23662550000006,42.350434100000086],[22.23720490000005,42.34833450000008],[22.243970500000103,42.34644090000012],[22.230062700000076,42.335966],[22.2224377,42.33495240000008],[22.222134499999925,42.33724210000014],[22.21870839999997,42.338882900000044],[22.206385199999943,42.3365187],[22.2014468000001,42.3402802],[22.195240100000092,42.339486400000055],[22.186383500000034,42.333823],[22.1815287,42.33259680000003],[22.1818677,42.32494670000017],[22.17378350000007,42.321519100000046],[22.17181480000005,42.315852500000176],[22.166195,42.312768700000106],[22.161984,42.31376279999989],[22.1571603000001,42.318079400000045],[22.145523800000092,42.3215143],[22.139819300000056,42.312547400000085],[22.132847700000013,42.30734340000009],[22.1256065,42.3094028000001],[22.11897149999993,42.31509430000011],[22.109212900000045,42.308895],[22.105093,42.30952980000012],[22.101144800000043,42.30546740000011],[22.0977974,42.30699080000005],[22.081918700000017,42.30203949999998],[22.074194000000148,42.30324560000014],[22.071104,42.2999446],[22.065617,42.2985812],[22.0600827,42.30421239999998],[22.056485300000077,42.30394739999991],[22.05067459999998,42.307725900000094],[22.04503980000004,42.30742040000007],[22.032171700000106,42.29825630000016],[22.023617600000023,42.3007258],[22.01877989999997,42.304902],[22.01792910000006,42.307941700000015],[22.00881819999995,42.3108052],[22.007469600000093,42.31468240000015],[22.002218899999946,42.31640630000015],[21.993579,42.32264319999996],[21.976992200000097,42.32708370000006],[21.965169,42.3351674000001],[21.9624546,42.33496990000009],[21.957412100000056,42.340061400000025],[21.950434,42.34143890000013],[21.94627659999992,42.34444590000004],[21.933077499999968,42.340189899999984],[21.934699,42.339382899999976],[21.9324931000001,42.33821460000013],[21.934495100000163,42.33633350000014],[21.929820699999937,42.3235173],[21.93146870000004,42.32164050000017],[21.9287822,42.31036160000002],[21.923022900000092,42.30620169999992],[21.907204300000046,42.3038466000001],[21.899656599999958,42.3010519],[21.8923706,42.300559100000044],[21.883309600000075,42.31331620000009],[21.877705400000025,42.31190000000015],[21.87652950000006,42.30969440000007],[21.874139700000057,42.310959100000105],[21.87367430000006,42.308561400000144],[21.869054699999936,42.30956470000001],[21.8662872000001,42.31698740000007],[21.86025390000009,42.31935940000005],[21.857898900000066,42.32261539999996],[21.851684199999966,42.3256932000001],[21.844368700000075,42.32575030000004],[21.837444900000037,42.32323020000007],[21.833818,42.320358600000134],[21.8357398,42.3111737000001],[21.825908699999957,42.305324900000016],[21.823423400000024,42.30285240000012],[21.82521989999998,42.30051550000002],[21.81614330000002,42.2945383],[21.8097618,42.29297810000003],[21.80412270000005,42.29379549999999],[21.7948844,42.298236399999894],[21.789531499999953,42.28451270000005],[21.78655750000013,42.2846841],[21.786304299999927,42.280723300000034],[21.777946499999928,42.271911700000146],[21.77525140000006,42.271556400000065],[21.77816,42.26882140000009],[21.776710600000172,42.26701479999997],[21.772543499999983,42.26829620000012],[21.77380519999997,42.26530140000017],[21.76837,42.26510129999991],[21.764892300000042,42.25985610000009],[21.756330700000035,42.257124600000054],[21.749622299999942,42.261431],[21.733607099999972,42.2609996],[21.727098200000057,42.26439579999999],[21.727180500000088,42.260868500000015],[21.724262200000055,42.260757400000045],[21.724112,42.25955040000002],[21.72651529999996,42.260026900000014],[21.725270800000033,42.25796230000009],[21.72065740000005,42.257263500000136],[21.717026499999974,42.2534018],[21.71655030000005,42.24686350000013],[21.714143800000045,42.24395030000011],[21.711988100000042,42.24400730000008],[21.71207120000014,42.24109370000002],[21.7053067,42.236829299999954],[21.701967399999944,42.23669990000013],[21.702010300000097,42.233879900000034],[21.698308900000086,42.234118300000034],[21.698684400000104,42.23224350000015],[21.694395499999928,42.2331714],[21.691388800000027,42.238518900000145],[21.684897799999987,42.2421250000001],[21.6758529,42.24075090000008],[21.672946200000013,42.24298640000012],[21.671294,42.24185850000009],[21.665084199999967,42.243039200000055],[21.66281820000006,42.24638570000002],[21.657202499999926,42.24879580000015],[21.653999099999908,42.2470052000001],[21.649864,42.24885930000005],[21.625782299999912,42.25115080000012],[21.61996259999995,42.252180500000065],[21.612000900000055,42.256665800000064],[21.605028499999946,42.25425549999994],[21.603748300000063,42.25575160000011],[21.5996705,42.25621030000008],[21.600433500000065,42.25404370000001],[21.5922225,42.257781600000044],[21.587073199753227,42.26257194529479],[21.5835905,42.2593428],[21.5803271,42.2594436],[21.5752678,42.2540776],[21.5690465,42.2507433],[21.5630464,42.2507367],[21.558548,42.2530172],[21.5576865,42.2507707],[21.5537126,42.2504233],[21.5495672,42.2535851],[21.5442596,42.2534505],[21.5443025,42.2511252],[21.5427648,42.25245],[21.5388025,42.2504835],[21.532035,42.2406169],[21.5212775,42.241469],[21.5176906,42.2594901],[21.520146,42.2606473],[21.5111205,42.2660201],[21.5111379,42.2705375],[21.5072163,42.2718816],[21.5038975,42.2698039],[21.4962296,42.2746004],[21.4920081,42.2732844],[21.4866586,42.2739064],[21.4755959,42.2792279],[21.4708012,42.2800357],[21.4566557,42.2765023],[21.4502448,42.2767316],[21.4487668,42.2790038],[21.4448576,42.2778978],[21.4441749,42.2753492],[21.4399878,42.2742652],[21.4404224,42.2623398],[21.4325065,42.2593038],[21.4349062,42.2496241],[21.4435443,42.2412883],[21.4421424,42.239393],[21.4443186,42.2349303],[21.4339417,42.2316907],[21.4297731,42.2366681],[21.4269216,42.2362179],[21.4243668,42.2397959],[21.4203156,42.2410337],[21.4219777,42.2423868],[21.4198325,42.2422599],[21.4199657,42.2440488],[21.4172255,42.245777],[21.4138225,42.2439217],[21.4092196,42.2471057],[21.4035745,42.2469028],[21.4012923,42.2491571],[21.3908174,42.2455583],[21.3851024,42.2464796],[21.3821545,42.2446072],[21.3856659,42.2414571],[21.3798616,42.2372158],[21.3772537,42.2380666],[21.3753383,42.2359536],[21.3749486,42.2309881],[21.3696801,42.2272884],[21.3716302,42.2260705],[21.3712864,42.2242542],[21.3667412,42.2211677],[21.3613896,42.2221659],[21.3583791,42.2207687],[21.3561622,42.2150765],[21.3523789,42.2146641],[21.3508854,42.2106228],[21.3460974,42.2073357],[21.345803,42.2047955],[21.3413528,42.2050555],[21.3383365,42.2036803],[21.3350177,42.2074834],[21.3357451,42.205101],[21.3339333,42.204824],[21.3310617,42.1990716],[21.3352026,42.1903246],[21.329416,42.1832131],[21.3269946,42.176155],[21.3182034,42.1729763],[21.3204239,42.1711434],[21.317285,42.1701641],[21.3209891,42.1607649],[21.3103168,42.1489726],[21.3106052,42.144758],[21.3023797,42.1412982],[21.303589,42.1399202],[21.3023361,42.1385029],[21.3066138,42.1340193],[21.3046243,42.1337517],[21.3052315,42.1320911],[21.3105257,42.1276788],[21.3120138,42.1212411],[21.3162594,42.1183798],[21.3150901,42.1145654],[21.3212942,42.108018],[21.3034979,42.1044744],[21.2993601,42.1109273],[21.2973641,42.1125468],[21.294665,42.1119584],[21.2953436,42.1105987],[21.2913479,42.1050955],[21.2833725,42.1012894],[21.2788881,42.1010426],[21.2726113,42.0959316],[21.2683574,42.0946768],[21.2457953,42.0926744],[21.2334426,42.0953137],[21.2334527,42.0982401],[21.2297074,42.0960617],[21.2276727,42.0971674],[21.2223134,42.0937438],[21.2203939,42.1020173],[21.2165312,42.1041344],[21.2125646,42.1109555],[21.2152127,42.1141644],[21.2169209,42.124035],[21.2145011,42.1328209],[21.2105953,42.1349864],[21.2109556,42.1365101],[21.2080618,42.1384245],[21.2086803,42.140587],[21.2058941,42.1420474],[21.2051247,42.1450551],[21.2032394,42.1448796],[21.2029624,42.1476108],[21.1999978,42.1478689],[21.2001843,42.1511452],[21.1953657,42.1522289],[21.1959617,42.1546335],[21.1924072,42.1553056],[21.191478,42.1591459],[21.186206,42.1623086],[21.1863308,42.1652381],[21.1805981,42.1667488],[21.1810994,42.1684354],[21.1764639,42.1731006],[21.1740798,42.1795286],[21.1682515,42.1855595],[21.1712098,42.1867974],[21.1679519,42.1910187],[21.1606063,42.1975195],[21.1253602,42.202196],[21.1191045,42.2068363],[21.1037724,42.205887],[21.0974721,42.2024475],[21.0913028,42.1942049],[21.0829559,42.1896097],[21.06797,42.1858366],[21.0554159,42.1753215],[21.0493433,42.1662524],[21.0467367,42.1652802],[21.0432517,42.1660943],[21.0320066,42.1572512],[21.0282366,42.1561263],[21.0264377,42.1522535],[21.0092633,42.150622],[21.0011435,42.1453068],[20.986189,42.142216],[20.9826402,42.1391785],[20.9727537,42.1389823],[20.9693941,42.1365665],[20.9571111,42.1363963],[20.9542551,42.1378886],[20.9448235,42.1380905],[20.927939,42.1273263],[20.9244392,42.1268495],[20.9200076,42.1285847],[20.9144863,42.1152113],[20.8984207,42.1049458],[20.8915417,42.097442],[20.8771507,42.0962076],[20.8606314,42.0996505],[20.8538909,42.0980642],[20.8481671,42.0994009],[20.8417397,42.0974572],[20.8341449,42.0859691],[20.8025931,42.0816364],[20.7996323,42.0832386],[20.7908432,42.0831377],[20.7846475,42.0788915],[20.7839242,42.074582],[20.7859855,42.0717542],[20.7788567,42.0671428],[20.7786245,42.0647779],[20.7692912,42.0583468],[20.7581724,42.0534369],[20.7593978,42.0481464],[20.7629949,42.0449793],[20.7650717,42.0453048],[20.7635509,42.0408328],[20.748154,42.025705],[20.7518987,42.0152802],[20.7482614,41.995418],[20.7487608,41.9823769],[20.7543754,41.9796523],[20.7671171,41.9627591],[20.7660317,41.9536255],[20.7590597,41.9510675],[20.7547433,41.9467817],[20.7687273,41.9291868],[20.7729442,41.9267581],[20.7705932,41.9244968],[20.7721573,41.9210731],[20.7765241,41.9184854],[20.7556754,41.9060678],[20.7497056,41.8948632],[20.740466,41.8927997],[20.7363459,41.8864686],[20.7358147,41.877156],[20.7279727,41.8642769],[20.7059316,41.8646597],[20.6848672,41.8576408],[20.6812726,41.8595876],[20.67848,41.8685307],[20.670554,41.8734118],[20.6633532,41.8752736],[20.648426,41.8745322],[20.6364048,41.8635307],[20.6192469,41.8577899],[20.6040428,41.8677697],[20.5942861,41.8773274],[20.5937187,41.8844177],[20.5886391,41.8896202],[20.5757715,41.9175143],[20.5832397,41.9165704],[20.5855309,41.9175883],[20.5901359,41.9267174],[20.6051676,41.9308347],[20.6194349,41.9393997],[20.623599,41.9565375],[20.626587,41.9609839],[20.6242583,41.9743339],[20.6215987,41.9785434],[20.6169985,41.9805094],[20.6118202,41.9854165],[20.6117111,41.9896508],[20.6015746,42.0170635],[20.5972987,42.0196978],[20.5945492,42.0427847],[20.5758975,42.0581306],[20.5698156,42.0590583],[20.5577638,42.0751965],[20.5590014,42.078863],[20.5545817,42.0825878],[20.5635869,42.0951482],[20.5675194,42.097851],[20.5609414,42.1086457],[20.5681202,42.1212163],[20.5621314,42.1329287],[20.5553937,42.1400426],[20.55854,42.1465692],[20.5486073,42.154174],[20.5430661,42.1606649],[20.547089,42.164712],[20.5427648,42.1662259],[20.5425562,42.1717248],[20.5369593,42.1768234],[20.5314881,42.1859409],[20.5241577,42.2104536],[20.5139964,42.2242973],[20.5090118,42.2247517],[20.5021499,42.2281214],[20.4972298,42.2404119],[20.4767255,42.253429],[20.4753022,42.2588033],[20.4638434,42.2654589],[20.4564037,42.272253],[20.4444181,42.2748177],[20.4419481,42.2773611],[20.424772,42.2784761],[20.4232264,42.2825201],[20.4046938,42.2846842],[20.4012596,42.2874975],[20.3947711,42.298649],[20.3906004,42.2982007],[20.3741352,42.3057092],[20.3692466,42.3054294],[20.3619184,42.3084914],[20.3533992,42.3096401],[20.353913,42.3172232],[20.3484277,42.3206151],[20.3458318,42.3249068],[20.339135,42.3276986],[20.327235,42.3277277],[20.3211574,42.3220147],[20.3140174,42.3204282],[20.3087232,42.315319],[20.3055176,42.3149229],[20.2941593,42.3209335],[20.2927012,42.3234664],[20.2858864,42.3233214],[20.2704373,42.3194337],[20.257258,42.31878],[20.2547598,42.3225092],[20.2483575,42.3226695],[20.2426066,42.3269621],[20.2478521,42.3331733],[20.2422506,42.3420316],[20.2360649,42.3473351],[20.2409516,42.3517781],[20.2448046,42.3529628],[20.2451976,42.370002],[20.2402351,42.3736314],[20.2416453,42.3757749],[20.2400875,42.3801073],[20.2356559,42.3812333],[20.2337802,42.3849757],[20.225945,42.3889254],[20.2215199,42.3931597],[20.2098836,42.3982947],[20.2080119,42.4016194],[20.2140092,42.409712],[20.2260957,42.4144005],[20.227645,42.4192508],[20.2266393,42.4232998],[20.2230928,42.4256974],[20.2206287,42.4337015],[20.2176409,42.4367646],[20.2113696,42.4391171],[20.2101822,42.4417108],[20.2081963,42.4418549],[20.2078135,42.4445329],[20.1929945,42.4524692],[20.192039,42.4567633],[20.1968012,42.4624634],[20.1891616,42.4703277],[20.1824549,42.4730057],[20.1802623,42.4865872],[20.1712361,42.490741],[20.1673506,42.4957604],[20.1659689,42.4992186],[20.1671727,42.5025144],[20.1650476,42.5066803],[20.161453,42.506991],[20.1495265,42.5143983],[20.1228607,42.5222063],[20.1212542,42.523467],[20.1218872,42.5256556],[20.1140776,42.5271427],[20.1002231,42.5325797],[20.0979485,42.5342791],[20.0957188,42.5415548],[20.089528,42.5453715],[20.0883101,42.5506721],[20.0762998,42.5558234],[20.0788765,42.5560902],[20.08398,42.5705948],[20.0884946,42.5760032],[20.0857293,42.582446],[20.0861698,42.5874481],[20.0749546,42.6016881],[20.0728171,42.6068975],[20.0761271,42.6147029],[20.0757302,42.6209103],[20.0899375,42.6309],[20.0936092,42.6392356],[20.0970139,42.6426098],[20.109044166,42.6483667],[20.1119442,42.6554024],[20.0885733,42.6687164],[20.0833932,42.680036],[20.0682713,42.6802874],[20.0636683,42.6848634],[20.0544282,42.6847929],[20.0527581,42.6884137],[20.0450671,42.695479],[20.0332304,42.6974337],[20.0315513,42.7066897],[20.0337369,42.7114392],[20.0281356,42.7099639],[20.0158709,42.7096815],[20.0171692,42.7133198],[20.0225965,42.7133027],[20.0321856,42.7201272],[20.0186374,42.7244083],[20.0145505,42.7293879],[20.0162735,42.7351881],[20.0142981,42.7408223],[20.0165669,42.7446398],[20.0195958,42.7447784],[20.0201184,42.7482727],[20.0232967,42.7518129],[20.0220421,42.7575193],[20.0246529,42.7651386],[20.0300042,42.765896],[20.0322872,42.7649104],[20.0333785,42.768885],[20.0428998,42.7743447],[20.0473435,42.7734915],[20.0498083,42.7757467],[20.060378,42.7790727],[20.0699539,42.7749027],[20.0849229,42.7743129],[20.0893236,42.7760937],[20.0981912,42.7767055],[20.1047877,42.773012],[20.1037143,42.7700899],[20.1149879,42.7638709],[20.1198665,42.7622279],[20.1257841,42.7626645],[20.1436295,42.755221],[20.146756,42.7546082],[20.1488757,42.7633519],[20.1549854,42.7684137],[20.1676615,42.7617629],[20.1738254,42.7554575],[20.1827551,42.7536218],[20.1911699,42.7452833],[20.1957302,42.7504264],[20.2059143,42.7493639],[20.212855,42.746227],[20.2132231,42.7487363],[20.2216883,42.7526091],[20.2343223,42.7527472],[20.236773,42.7568505],[20.2504346,42.7591703],[20.2553706,42.7700128],[20.266041,42.7782933],[20.2634529,42.7888528],[20.262773,42.8041695],[20.2583259,42.8048192],[20.2523593,42.8107428],[20.2551684,42.8144846],[20.2618012,42.8149564],[20.2737623,42.8199444],[20.2759639,42.8217845],[20.2751643,42.8255027],[20.2811258,42.8306821],[20.2854122,42.8261728],[20.2923893,42.8252786],[20.2938722,42.8255193],[20.2980064,42.836205],[20.3155571,42.8360444],[20.3166405,42.8291336],[20.3196363,42.8281159],[20.3200874,42.8262051],[20.3278195,42.8333772],[20.3350906,42.8358639],[20.3399562,42.8361852],[20.3435482,42.833135],[20.35403700999472,42.83268863323771],[20.352927699999952,42.84053970000002],[20.34890059999998,42.84631430000002],[20.349392800000032,42.85604140000015],[20.343095199999937,42.86846570000017],[20.346776300000045,42.876156700000024],[20.345842800000128,42.88808670000003],[20.351064399999927,42.89599760000016],[20.34641419999997,42.91127680000011],[20.337241,42.90768170000001],[20.330275300000096,42.91354869999998],[20.326927900000044,42.912315],[20.322754100000054,42.915994900000044],[20.320051200000023,42.91498010000009],[20.317391600000064,42.9173599],[20.311218,42.917532400000084],[20.311703599999987,42.92103260000016],[20.313345199999958,42.921614],[20.312304499999982,42.923468100000036],[20.2994124,42.921905800000104],[20.288540099999977,42.92764360000001],[20.284978099999933,42.92742370000013],[20.284484599999928,42.93166570000011],[20.27911549999999,42.93262050000004],[20.27834770000004,42.93551460000003],[20.276502299999947,42.93362950000005],[20.27006330000006,42.932654600000035],[20.252592300000117,42.940461900000116],[20.24100690000006,42.94062540000016],[20.233533300000033,42.94526760000002],[20.23031720000006,42.944615500000054],[20.22968170000007,42.9466341000001],[20.225336500000083,42.9483697],[20.218758200000025,42.95481330000007],[20.209715300000028,42.95941020000009],[20.202886300000046,42.95774380000006],[20.196261400000083,42.95848369999999],[20.180984499999965,42.96528520000004],[20.171979300000032,42.97226220000016],[20.162142600000095,42.9733099],[20.157946,42.976091],[20.15346140000014,42.974921400000085],[20.151616,42.980739800000094],[20.15287539999997,42.9856355],[20.151337,42.98582569999991],[20.15054989999993,42.988963],[20.1473024,42.98967369999997],[20.13771890000004,42.98006030000005],[20.136617100000024,42.97474280000006],[20.13359220000001,42.97149540000015],[20.12512819999995,42.96699680000006],[20.121779199999935,42.963496000000134],[20.108495,42.97220410000017],[20.096816800000113,42.97143369999998],[20.09373260000001,42.97500670000005],[20.09034580000008,42.97565480000003],[20.087178700000038,42.986194400000045],[20.083508499999937,42.989125800000124],[20.0758929000001,42.99148320000012],[20.068260500000065,42.990867100000116],[20.059417600000074,42.9946787],[20.05716450000017,43.00190860000015],[20.053823299999976,43.004728],[20.059810600000105,43.00770480000011],[20.054456300000084,43.00967280000003],[20.05629639999995,43.01739830000014],[20.04917430000006,43.022236700000065],[20.047181299999977,43.02680980000008],[20.027630300000055,43.03768530000002],[20.011630399999945,43.04265790000005],[19.99219619999991,43.051796499999966],[19.9841105000001,43.06571939999998],[19.976333400000158,43.07272950000004],[19.967614299999923,43.086703],[19.969988799999953,43.08802549999996],[19.97369930000002,43.1031916],[19.973784499999965,43.106375600000035],[19.97023960000007,43.11126870000004],[19.960562300000163,43.10953520000015],[19.95033760000007,43.102088500000036],[19.948559900000078,43.10284110000015],[19.944970400000102,43.1006938000001],[19.937484499999925,43.10033379999999],[19.931219300000066,43.09590209999993],[19.923129300000028,43.09590760000003],[19.918406400000038,43.090840800000024],[19.916273699999977,43.08532530000002],[19.90685170000006,43.09109139999998],[19.902454000000148,43.09898090000013],[19.888171,43.0972589000001],[19.886383100000046,43.10132870000007],[19.882081899999946,43.10230960000007],[19.883633,43.10499550000003],[19.87989209999995,43.108417700000075],[19.870461500000033,43.11296829999998],[19.86207150000007,43.11008210000011],[19.861235199999953,43.105992699999945],[19.8516967,43.102288300000055],[19.85141780000015,43.100071400000104],[19.84591370000004,43.09985289999997],[19.841311200000064,43.095081],[19.838420900000017,43.0945061999999],[19.834471100000087,43.096158],[19.836993800000073,43.100199100000054],[19.83385629999998,43.10714660000002],[19.8400691,43.10992380000016],[19.8408821000001,43.11184830000002],[19.83794240000003,43.115361],[19.826222700000073,43.118138800000054],[19.820293400000082,43.11555780000003],[19.811856,43.115464800000154],[19.8075543,43.1172873000001],[19.80785869999994,43.1209311],[19.80547690000003,43.12223110000008],[19.791477,43.12379350000003],[19.786517700000047,43.12889430000001],[19.78681309999996,43.131408],[19.77940579999995,43.13596280000007],[19.77954529999994,43.1380828],[19.77696949999995,43.137819200000024],[19.77720670000008,43.13969140000006],[19.78078449999998,43.14064470000005],[19.781721900000093,43.1438806999999],[19.779836,43.14626479999998],[19.779230200000143,43.15677420000003],[19.77093780000007,43.1629292],[19.769918499999903,43.16620089999998],[19.765082800000016,43.16363590000003],[19.76058159999991,43.16434130000016],[19.75666579999995,43.16262480000006],[19.756027300000028,43.16025],[19.74673649999994,43.15889340000007],[19.74182419999994,43.15915440000015],[19.737080600000013,43.16214900000011],[19.73856109999997,43.16387070000013],[19.735273600000085,43.166330900000105],[19.734741699999972,43.17125760000005],[19.704268899999988,43.17064720000002],[19.68593080000005,43.168155],[19.68200410000003,43.17234130000003],[19.680005900000083,43.17876730000006],[19.67266890000002,43.183502],[19.66488080000005,43.186459],[19.661383200000046,43.184941400000014],[19.64188660000002,43.18866750000012],[19.637715900000046,43.20044470000005],[19.640698,43.206681300000014],[19.634678100000087,43.209812900000145],[19.626149699999985,43.222343],[19.619798200000105,43.22514180000013],[19.618944,43.22962160000009],[19.60288159999999,43.23295619999993],[19.59115229999992,43.23834070000015],[19.580748,43.24011560000008],[19.574350900000127,43.23956],[19.566477,43.241918500000054],[19.562138700000105,43.24083850000005],[19.5450826,43.24639070000006],[19.54171380000014,43.25883100000016],[19.54307110000002,43.259595700000034],[19.539053,43.2622063],[19.53369260000011,43.26965570000016],[19.52972910000011,43.271376100000055],[19.527356600000076,43.27780759999996],[19.527315800000054,43.283410200000105],[19.537989,43.302421300000105],[19.535555600000066,43.30785040000006],[19.5324716,43.30836290000002],[19.528111500000023,43.315949100000125],[19.52154930000006,43.31974630000008],[19.51757400000014,43.319204900000045],[19.486053700000014,43.326295500000015],[19.481699600000013,43.332758],[19.46080020000005,43.34458059999997],[19.462687500000072,43.35185800000011],[19.4597498,43.3540489],[19.461357299999975,43.35848360000011],[19.456716200000017,43.36501620000007],[19.450594499999966,43.36670790000011],[19.449248899999986,43.38733800000011],[19.43990630000002,43.39116839999997],[19.438170399999933,43.39015920000014],[19.428512099999978,43.39252170000003],[19.4248389,43.391093000000126],[19.419958600000143,43.393209700000114],[19.4125886,43.391856500000074],[19.40027910000009,43.39941340000007],[19.39396490000007,43.40085440000007],[19.38913050000008,43.406045900000095],[19.3904157,43.407198700000095],[19.383207300000095,43.41202680000009],[19.366100300000085,43.41258250000004],[19.3607925,43.41063730000002],[19.350007300000073,43.4154676],[19.338617700000043,43.42836110000013],[19.33420239999998,43.436129],[19.32246079999993,43.44064440000005],[19.308140799999933,43.43978830000009],[19.29964730000006,43.4438369],[19.292056499999944,43.44387900000015],[19.284444,43.4488037000001],[19.282944100000066,43.44842440000002],[19.2774364,43.45359130000014],[19.273538400000064,43.45366010000015],[19.267631299999948,43.457464400000106],[19.254188800000065,43.46112060000013],[19.247877699999947,43.468391],[19.22310090000002,43.4819389000001],[19.227154900000073,43.485015800000156],[19.22363740000003,43.49132790000016],[19.226851099999976,43.494925800000146],[19.22378860000009,43.503572099999985],[19.226274100000012,43.5050973000001],[19.2281352,43.51195569999999],[19.223921500000074,43.52645500000011],[19.226451399999974,43.527798],[19.25151409999995,43.5290814],[19.248837700000024,43.53193530000004],[19.24622839999995,43.54805040000008],[19.248897300000124,43.5557483],[19.246987100000013,43.55769420000007],[19.2519645000001,43.562585200000115],[19.25044720000011,43.566182],[19.25386119999996,43.57547150000016],[19.25087530000002,43.58376059999995],[19.246548100000098,43.588202],[19.247612300000014,43.59027590000011],[19.24589629999997,43.592677400000014],[19.262708699999962,43.5893612000001],[19.2659412000001,43.5939356],[19.272725899999955,43.59652590000013],[19.268553200000042,43.60192],[19.255524699999967,43.59790210000011],[19.26359030000009,43.606807799999956],[19.266529300000116,43.60524010000012],[19.2730588,43.59667960000007],[19.288758,43.595453],[19.291145200000074,43.60009840000015],[19.303981,43.589797800000156],[19.313908800000036,43.587937400000044],[19.326145,43.588808700000016],[19.331206500000064,43.59062210000013],[19.336809800000026,43.588494699999956],[19.35667360000008,43.60564510000006],[19.3618055,43.60553909999999],[19.3624883,43.60780320000009],[19.36938040000001,43.610665199999914],[19.370894200000066,43.6052411],[19.381902500000137,43.601594700000135],[19.382577200000014,43.59439600000013],[19.3848266,43.59145300000017],[19.388393800000074,43.590451800000096],[19.39565040000008,43.59169710000009],[19.4019571,43.58756340000002],[19.399545000000103,43.58124940000005],[19.387936600000103,43.5771891],[19.392444600000033,43.57368940000015],[19.40020219999991,43.57810680000006],[19.405236799999955,43.57724170000006],[19.4025314000001,43.57029840000007],[19.4084431,43.569761200000016],[19.422280100000023,43.575296200000025],[19.41813339999993,43.57828600000016],[19.437169700000084,43.581084],[19.442573900000127,43.5800177000001],[19.4460929,43.58186340000003],[19.451748700000053,43.57891820000003],[19.473592099999962,43.57625790000003],[19.480763500000023,43.571693700000026],[19.497367800000177,43.57749600000017],[19.505936700000063,43.58425160000007],[19.51105,43.58615310000005],[19.50196,43.590959399999974],[19.497099700000035,43.598071400000094],[19.495039,43.598534800000095],[19.491819199999952,43.59643160000013],[19.491274900000178,43.6002979000001],[19.499505299999953,43.61605930000002],[19.491698700000086,43.62001750000013],[19.492326099999957,43.62553630000008],[19.4880842,43.63245000000012],[19.494079300000067,43.637360300000125],[19.498761600000023,43.6389388],[19.500523199999975,43.63336710000016],[19.507316,43.63331],[19.50692130000016,43.62814970000011],[19.510666600000093,43.62818560000005],[19.5117927,43.63521470000006],[19.515031799999974,43.640440500000125],[19.512367200000085,43.64422680000001],[19.515263800000128,43.64682890000006],[19.526483199999916,43.64972410000013],[19.531796700000086,43.6677600000001],[19.52815090000007,43.67066490000013],[19.51708050000002,43.689502600000026],[19.51829779999997,43.69603640000008],[19.514550300000053,43.70080330000013],[19.51902860000007,43.705960800000014],[19.518979200000047,43.71434380000011],[19.513385700000015,43.715566900000056],[19.508420800000067,43.72062450000004],[19.49850870000006,43.72401730000007],[19.496851800000115,43.72645450000016],[19.481058500000074,43.73367550000006],[19.477361400000063,43.741327],[19.477157200000022,43.747092600000144],[19.467324400000052,43.75382090000011],[19.465393499999948,43.764483],[19.458263599999952,43.76714],[19.45475920000007,43.77125030000002],[19.447306600000047,43.775224700000024],[19.431260200000168,43.776852800000086],[19.43144390000009,43.78399230000002],[19.421058600000038,43.7967789],[19.417931599999974,43.79708010000002],[19.415668,43.7942349],[19.4113994,43.79392880000006],[19.405714700000033,43.797482500000115],[19.394532699999957,43.798304799999926],[19.39193549999999,43.80880100000013],[19.38907030000007,43.80973920000014],[19.38660130000011,43.81346290000005],[19.372038700000076,43.82459280000006],[19.371294399999954,43.8271383],[19.374696,43.83444610000015],[19.364993,43.83724770000015],[19.353763,43.84613480000007],[19.337949800000047,43.8632389],[19.335803600000077,43.86964950000004],[19.32644250000004,43.8782496],[19.3195677,43.88018480000005],[19.315609400000085,43.88308950000004],[19.31398850000005,43.886494800000094],[19.315195899999935,43.88968920000008],[19.309341099999926,43.89450050000005],[19.310460199999966,43.8976667],[19.296953300000098,43.90991290000005],[19.293998300000055,43.91983750000003],[19.289166799999975,43.92474990000005],[19.283906200000104,43.92691250000007],[19.283741,43.9311014000001],[19.271798599999954,43.93848510000015],[19.269023000000175,43.945300400000065],[19.253535,43.95099510000017],[19.251136499999973,43.95490280000001],[19.255431300000055,43.9604139],[19.254199,43.96593010000004],[19.24964419999992,43.97279069999996],[19.238936,43.9829047],[19.236463300000025,43.98808850000006],[19.235686,44.011794],[19.24069179999998,44.01463809999996],[19.247578300000043,44.01417179999993],[19.26704170000005,44.00037260000005],[19.28408,43.99718960000013],[19.304667699999982,43.997461300000055],[19.315855199999987,43.99328360000004],[19.334259400000064,43.98259180000002],[19.356618399999945,43.98128780000013],[19.3583984,43.97996640000002],[19.35747210000011,43.97567160000017],[19.362014800000054,43.97202570000013],[19.375425099999973,43.96663940000013],[19.378796800000032,43.962507800000026],[19.388663399999984,43.96026420000004],[19.3957352,43.961568600000135],[19.39937569999995,43.966832600000146],[19.40361230000002,43.96863550000006],[19.4075348,43.96815430000004],[19.40958059999997,43.9654819000001],[19.419858,43.959991700000046],[19.43283359999998,43.95782330000003],[19.448330199999987,43.95956260000008],[19.486580400000094,43.955475100000115],[19.52430290000018,43.955789700000025],[19.529086900000095,43.95724919999998],[19.53895590000002,43.97353410000005],[19.550924700000053,43.98029230000003],[19.566655200000014,43.984342400000116],[19.56777150000005,43.98899750000015],[19.563682200000073,43.99547960000001],[19.563944200000094,43.999117800000136],[19.588399800000104,44.003149],[19.598799500000098,44.010162],[19.616762400000084,44.01319310000014],[19.620316299999956,44.015527700000064],[19.6220363,44.0226540000001],[19.613842300000044,44.035001499999964],[19.62287729999997,44.047121600000025],[19.623642500000017,44.05089020000014],[19.617952,44.05394670000004],[19.61178239999998,44.050007400000084],[19.604448900000023,44.05067600000018],[19.600433799999962,44.06931620000006],[19.597941,44.07111590000011],[19.589202,44.0721026],[19.58419620000012,44.07011770000008],[19.582114100000126,44.06756270000011],[19.582875200000046,44.0532202],[19.58133689999994,44.04817810000009],[19.578481599999975,44.04617209999998],[19.573842299999967,44.04666129999998],[19.568864700000063,44.0508757],[19.56563490000002,44.061500200000125],[19.557930900000088,44.0696837000001],[19.5464171000001,44.07453010000012],[19.5112517,44.08128840000012],[19.4959027000001,44.10069430000016],[19.493163199999913,44.115205199999934],[19.490844599999946,44.11649080000012],[19.4754026,44.116924800000106],[19.472127500000056,44.11844650000006],[19.469736799999964,44.12138850000014],[19.47009929999996,44.12696990000012],[19.47396809999998,44.132232400000134],[19.48208440000002,44.13838370000002],[19.48339390000001,44.14181630000013],[19.48172729999999,44.14590490000006],[19.4741467,44.1497991],[19.46646320000002,44.148774200000105],[19.454965100000095,44.14084170000018],[19.44875879999995,44.13156830000008],[19.44365090000008,44.131770300000085],[19.43379230000005,44.13511010000002],[19.41995120000007,44.1440412],[19.408274599999913,44.16908],[19.397301300000095,44.17112140000012],[19.380430100000012,44.17967460000011],[19.366632400000015,44.18092410000014],[19.359078799999963,44.18425330000008],[19.355388600000026,44.199554700000135],[19.359803800000122,44.20740560000007],[19.354609400000015,44.21382820000002],[19.3495448,44.21475129999999],[19.34363610000014,44.2188852000001],[19.34306259999994,44.22324380000015],[19.3487738,44.23173700000012],[19.34222939999995,44.243012500000134],[19.32994610000003,44.25052470000014],[19.327956600000107,44.26880720000008],[19.3251712,44.271251],[19.315697800000123,44.27323439999992],[19.29809240000003,44.2693898],[19.279314,44.27670439999997],[19.2695116000001,44.269839200000035],[19.25260039999995,44.26309910000015],[19.23905610000014,44.26155369999998],[19.229275100000166,44.2639746000001],[19.22279939999993,44.26902130000002],[19.21724610000001,44.28711070000003],[19.20964379999998,44.29115050000013],[19.198448700000085,44.29115050000013],[19.189526200000103,44.28378340000006],[19.17995430000002,44.27983220000016],[19.175839,44.2798692],[19.165736799999934,44.284312300000124],[19.161548800000162,44.28848790000012],[19.158973200000048,44.299827800000116],[19.155196400000023,44.3041958],[19.14769689999997,44.309671],[19.13686430000007,44.31306260000002],[19.13151840000006,44.31808790000014],[19.129677100000094,44.329434900000024],[19.136685299999954,44.33542610000012],[19.136436600000025,44.339011],[19.12281960000007,44.340795200000116],[19.11410770000009,44.344582200000104],[19.109064899999964,44.35721940000013],[19.11204319999996,44.36079530000006],[19.11947780000014,44.36369660000014],[19.1197808,44.36731720000006],[19.11278989999994,44.36948330000001],[19.106488799999966,44.36681160000012],[19.10279280000003,44.37125880000002],[19.103741700000057,44.37811769999996],[19.1070474,44.383154700000034],[19.10721570000004,44.3937633000001],[19.10981750000002,44.3971095],[19.118349600000045,44.40292120000004],[19.14289009999999,44.411323300000106],[19.1471140000001,44.41547750000012],[19.149226,44.4370525],[19.1440685,44.445701],[19.1448567,44.45064480000002],[19.1362671,44.456590400000096],[19.1407092,44.471131100000036],[19.1342702,44.48021290000008],[19.13244130000004,44.49108340000015],[19.123042600000076,44.5005471],[19.128446900000085,44.519946900000036],[19.131461799999954,44.522844],[19.140529600000093,44.52463890000013],[19.143965399999956,44.52690290000004],[19.151497,44.52392560000004],[19.155362700000126,44.525541499999974],[19.157061700000156,44.52395980000006],[19.1634899,44.52338890000004],[19.16310029999994,44.5220733000001],[19.168846700000017,44.52462330000003],[19.17602830000004,44.53106670000011],[19.175615,44.53431510000013],[19.179268900000125,44.53916950000013],[19.17747829999996,44.53984040000006],[19.179601799999944,44.53983770000002],[19.190156700000045,44.54678140000004],[19.19204680000007,44.55180930000006],[19.192037200000016,44.55502510000002],[19.18231129999998,44.56141810000014],[19.183630900000082,44.57311540000006],[19.185790200000042,44.5761323000001],[19.190932699999905,44.576953900000035],[19.198970500000087,44.57481530000001],[19.202115500000048,44.57750440000012],[19.206292099999985,44.57692610000004],[19.206671600000107,44.58341059999992],[19.210791500000084,44.58809359999998],[19.21641,44.59087290000008],[19.209535,44.592663900000105],[19.219228600000065,44.59339090000009],[19.222003099999938,44.603268900000046],[19.227234799999962,44.6107750000001],[19.222919599999955,44.614859900000056],[19.215661599999976,44.6166389],[19.214902800000118,44.61935130000006],[19.217697,44.62046840000011],[19.224866799999916,44.619990299999984],[19.236406299999942,44.62299039999988],[19.250757700000065,44.63381800000013],[19.257290300000022,44.63466990000012],[19.266318,44.64785770000003],[19.263068400000066,44.65282830000007],[19.259180400000105,44.655009899999925],[19.259209099999964,44.65741330000003],[19.263789400000064,44.66033190000013],[19.27163,44.6573189],[19.277110600000015,44.65729340000007],[19.279549600000053,44.658717],[19.280396100000075,44.661788700000045],[19.28267009999996,44.66204890000006],[19.27619240000007,44.66799780000002],[19.2791694,44.67131390000014],[19.2810776,44.67825660000011],[19.28910479999996,44.67946550000016],[19.28921950000006,44.68174550000015],[19.291292699999985,44.68250030000007],[19.287182300000097,44.687417],[19.28868149999994,44.69102770000006],[19.290482100000077,44.69216490000002],[19.294743200000028,44.688258500000074],[19.29886790000006,44.68722320000006],[19.303817699999968,44.68906940000005],[19.2999329000001,44.6951876],[19.309038699999974,44.7057228],[19.306752500000016,44.7090268],[19.302396399999964,44.708620500000166],[19.300517799999966,44.713351200000034],[19.310822799999983,44.71608880000008],[19.31404909999992,44.720799600000134],[19.312565300000074,44.72333370000001],[19.303294900000083,44.7274829000001],[19.301743,44.730925900000045],[19.3120616,44.74111330000011],[19.31796959999997,44.73958070000009],[19.3234288000001,44.740244400000165],[19.324036300000103,44.741992700000026],[19.327332800000022,44.742496100000096],[19.327314799999954,44.74601680000006],[19.33067779999999,44.747898000000134],[19.329874600000153,44.749744600000156],[19.318684800000142,44.750140900000076],[19.314805099999944,44.75299280000013],[19.316438599999913,44.75665659999987],[19.324443,44.7577296],[19.323844099999974,44.7637128],[19.319475700000055,44.76493120000009],[19.307035499999984,44.76410920000012],[19.30119180000014,44.76909580000006],[19.3050328,44.77329820000017],[19.321936600000072,44.774500100000125],[19.325769199999968,44.77825300000012],[19.324325500000043,44.78408180000014],[19.3179616,44.785500700000114],[19.314197300000103,44.78115289999988],[19.310781799999972,44.780401700000084],[19.305538400000103,44.783907200000044],[19.29730890000002,44.78223050000008],[19.294857,44.78349730000008],[19.29459730000002,44.78585349999997],[19.30227520000011,44.790012700000034],[19.304658400000108,44.794277],[19.314492200000018,44.79392490000009],[19.317339,44.7955963],[19.316991299999984,44.799708800000076],[19.31129770000001,44.80239],[19.310110800000018,44.805456000000106],[19.313092,44.81262020000008],[19.324090599999977,44.812759800000094],[19.32325920000011,44.81591170000013],[19.317510099999936,44.818577300000015],[19.317876400000046,44.82163750000012],[19.326619499999936,44.82293650000014],[19.33334420000017,44.81773720000001],[19.3358409,44.819426799999974],[19.33360040000008,44.8238237],[19.335705299999972,44.82804520000002],[19.339822500000082,44.828152],[19.343374,44.82637960000005],[19.353184600000077,44.826368100000025],[19.35553649999997,44.83449990000014],[19.345481900000095,44.839684700000134],[19.34737819999998,44.847063300000116],[19.345950099999925,44.852483600000085],[19.351894,44.85859030000012],[19.365418499999976,44.854337400000134],[19.36747240000011,44.85610889999998],[19.359711100000084,44.866638399999886],[19.366350199999943,44.87523230000005],[19.367179600000043,44.88142710000017],[19.352464100000134,44.88583310000001],[19.351763600000083,44.8895227000001],[19.346541,44.88940620000005],[19.335543600000108,44.895318700000075],[19.321800600000017,44.89971520000006],[19.312695,44.90678560000009],[19.299161600000048,44.90950640000017],[19.291565400000025,44.909270900000024],[19.27741029999993,44.904607100000135],[19.270942700000035,44.906207900000084],[19.26004660000001,44.91230110000009],[19.25094969999998,44.91332110000013],[19.232212600000025,44.9038508000001],[19.22357219999992,44.89729430000011],[19.214274299999943,44.89625770000015],[19.208217200000092,44.899330299999974],[19.204031199999974,44.909588499999984],[19.196889800000065,44.91793220000005],[19.18761650000016,44.92119550000007],[19.177294100000154,44.921726],[19.167802199999926,44.918848],[19.157917599999905,44.91014030000002],[19.146549200000038,44.90341070000011],[19.128268200000036,44.89837110000002],[19.12323980000002,44.89068460000016],[19.1179517,44.886251500000014],[19.08887420000002,44.87983340000011],[19.07595349999997,44.86645130000005],[19.070487000000128,44.86320980000011],[19.06062689999999,44.86037859999993],[19.04436,44.85939819999999],[19.01911229999996,44.85524340000012],[19.01437720000007,44.869102800000064],[19.00310720000016,44.88436890000003],[18.99962069999998,44.88490510000014],[18.992391599999962,44.89387650000009],[18.9916882,44.90260930000005],[18.989243300000055,44.90579200000013],[18.996447100000125,44.91186460000006],[18.997976100000017,44.91556],[19.01459469999992,44.92117880000012],[19.032289599999956,44.92250480000007],[19.035384700000066,44.92154019999998],[19.044114400000126,44.9125831],[19.064272700000174,44.90205110000005],[19.06976609999998,44.90147060000015],[19.074433099999908,44.905396600000074],[19.082218599999976,44.90626530000003],[19.087197900000035,44.910399600000176],[19.080534799999953,44.91338090000011],[19.08389610000006,44.916675199999986],[19.087406400000077,44.91623990000005],[19.088151500000095,44.91816930000016],[19.08421069999997,44.91938110000007],[19.08493930000003,44.92308680000008],[19.08848269999993,44.92398080000015],[19.086926199999937,44.92528649999997],[19.101284499999963,44.92991289999998],[19.109279599999923,44.934167],[19.111541500000044,44.93267570000012],[19.124245100000053,44.93904520000012],[19.135859200000027,44.939133],[19.1431538,44.94134610000003],[19.143085600000177,44.94681050000008],[19.156487600000105,44.952941800000076],[19.1541037,44.95508080000013],[19.154293400000086,44.95768290000012],[19.147431700000084,44.95768570000001],[19.147410799999932,44.975395900000024],[19.138335,44.980711],[19.11868119999997,44.975715200000025],[19.11108270000011,44.96985580000012],[19.092864,44.97097170000012],[19.087833200000034,44.97407630000009],[19.084304200000076,44.97434280000016],[19.07569430000018,44.971078300000045],[19.05194780000005,44.977328],[19.0609,44.9827272],[19.08089830000017,44.98848210000011],[19.085829099999955,44.99348640000011],[19.094016500000066,44.9980387],[19.096718399999986,45.005279],[19.102717400000017,45.010695300000066],[19.09735779999994,45.02249819999997],[19.098763900000108,45.03285950000003],[19.095630500000027,45.03354860000002],[19.094161199999974,45.037445100000014],[19.10109680000005,45.043242],[19.105893300000048,45.05153230000013],[19.10135,45.05390309999996],[19.09888820000009,45.05752870000009],[19.095230199999946,45.05854430000011],[19.10585759999998,45.07916120000016],[19.0927827000001,45.09065070000008],[19.0916436,45.092869399999984],[19.0944444000001,45.09751680000011],[19.093506699999978,45.10155270000007],[19.0877858,45.106882900000016],[19.083737100000064,45.10736900000012],[19.082370299999923,45.11010850000014],[19.08428260000005,45.1113995],[19.076800200000037,45.11373729999997],[19.077897000000178,45.12727640000003],[19.081228,45.1343286],[19.0875471,45.13836340000006],[19.08656220000006,45.14541790000004],[19.114342499999964,45.13770670000008],[19.11998370000009,45.13373310000014],[19.1420508,45.12992490000016],[19.187238,45.16599729999996],[19.194538600000044,45.1789152],[19.184330500000044,45.184340300000144],[19.166017300000078,45.189709200000095],[19.17063070000006,45.199745900000096],[19.176216600000032,45.202511],[19.178948799999944,45.20012400000013],[19.18544250000008,45.2018637],[19.189678100000037,45.2009382],[19.214838100000065,45.18782240000013],[19.2285602,45.184219100000064],[19.235395,45.17905049999996],[19.246300400000052,45.1794949],[19.262271900000087,45.174885100000154],[19.27079779999997,45.17570420000004],[19.2766125,45.172080400000084],[19.286614100000122,45.17108940000014],[19.291368700000078,45.173361399999976],[19.295072599999912,45.17296800000014],[19.279896099999917,45.19361850000007],[19.280400300000053,45.19463310000003],[19.287529300000017,45.193837200000075],[19.287946,45.19492440000016],[19.280930700000113,45.20250510000011],[19.280300599999975,45.2091031],[19.2835038,45.20902910000012],[19.287705500000015,45.20589460000008],[19.31886320000001,45.20762930000012],[19.321596700000043,45.19733580000002],[19.342025,45.174007500000016],[19.353050600000017,45.180605899999875],[19.364200799999935,45.17284470000004],[19.37259789999996,45.169954],[19.373176200000046,45.17133540000003],[19.389978400000075,45.17257020000011],[19.418633899999975,45.165788900000166],[19.435886099999948,45.1727183000001],[19.4280809,45.187209600000074],[19.434849699999972,45.19014],[19.43534360000001,45.19306890000007],[19.44162230000012,45.19332360000004],[19.44708419999995,45.196321100000034],[19.427440900000022,45.21750470000006],[19.422589,45.22533880000009],[19.420634,45.2334919],[19.3709192,45.23165510000007],[19.335613800000033,45.2325441000001],[19.28486449999997,45.237317400000165],[19.2410339,45.24775290000008],[19.193894,45.26570310000011],[19.1445078000001,45.28023760000008],[19.115388,45.29255949999998],[19.102533800000117,45.30197210000006],[19.0990569,45.31041979999998],[19.099373,45.32662009999996],[19.092770299999984,45.335138200000074],[19.07791430000003,45.34123590000013],[19.056018400000028,45.34310550000009],[19.048008800000105,45.3484846],[19.02316810000002,45.351914800000145],[19.011468600000114,45.358667300000036],[19.005405100000075,45.357634100000155],[18.979590700000074,45.37019430000004],[18.97156940000002,45.37720730000012],[18.9694652,45.38681240000011],[18.97615,45.39428880000003],[18.993143199999963,45.40004990000011],[19.01548,45.400863700000116],[19.023382099999935,45.403107700000135],[19.0305467,45.41141710000005],[19.029809200000045,45.41859120000015],[19.025278600000036,45.42490180000004],[19.01802959999992,45.429788700000074],[18.999591300000077,45.436738800000114],[18.991433799999925,45.4419304],[18.988437,45.44683360000016],[18.987145700000042,45.45516110000011],[18.99141709999998,45.46578640000013],[18.991367400000115,45.47780280000012],[18.99688060000011,45.49138360000012],[19.0001587000001,45.494343],[19.010986300000013,45.496153400000026],[19.0339818,45.48677520000001],[19.04455,45.484949],[19.08229770000014,45.48829180000007],[19.08671819999995,45.48933640000001],[19.095452900000055,45.494902100000104],[19.102301400000044,45.50546250000008],[19.10114240000007,45.51432280000006],[19.095944600000053,45.52030280000014],[19.071114299999977,45.530637],[19.052676,45.533048],[19.04129690000002,45.532925],[19.034659100000056,45.534942300000125],[19.02724859999995,45.55184070000013],[19.02113760000003,45.55715270000002],[19.008880500000032,45.55673470000005],[18.992196500000148,45.54031780000008],[18.983777700000076,45.536908500000095],[18.95958939999997,45.53372510000014],[18.950376,45.53395130000001],[18.92874620000009,45.54390250000006],[18.917609500000026,45.55445780000014],[18.899724200000094,45.557758],[18.889210500000047,45.56607079999998],[18.887790600000017,45.571167900000034],[18.89340990000005,45.58030350000007],[18.913440300000048,45.59539930000011],[18.912896499999988,45.59880270000002],[18.906552,45.607067200000074],[18.90576649999997,45.6161335000001],[18.907760499999938,45.61890170000015],[18.91437680000007,45.623592600000165],[18.93034019999999,45.629142000000115],[18.9337582,45.631831],[18.937945400000103,45.64159980000005],[18.962469899999917,45.65907190000013],[18.966272499999945,45.66635780000007],[18.963281699999982,45.67385170000017],[18.959137300000066,45.67668780000014],[18.9247004,45.69080630000002],[18.90863879999995,45.705161100000055],[18.90087440000002,45.7217419000001],[18.888707900000043,45.77526640000008],[18.88076220000005,45.78283070000015],[18.859589800000094,45.788468],[18.8541209,45.792907],[18.849933799999974,45.80074140000005],[18.847583800000052,45.81199950000007],[18.850014400000077,45.820825300000024],[18.856508700000063,45.83276410000002],[18.85787590000001,45.84743850000007],[18.856380500000114,45.85636620000014],[18.852364300000147,45.861305600000094],[18.83365040000001,45.86838660000012],[18.829847900000175,45.873563],[18.8249682,45.900085],[18.814287500000034,45.90880350000003],[18.821634,45.91463420000002],[18.827550499999973,45.904790700000035],[18.868204800000058,45.91123810000005],[18.86461980000007,45.9207411000001],[18.8711919000001,45.91619889999998],[18.87914610000007,45.91643650000009],[18.886462400000084,45.921391300000096],[18.889905400000032,45.92136760000011],[18.906004699999983,45.93527379999995],[18.962018300000068,45.92587070000002],[18.987973399999987,45.93221360000007],[18.994696400000066,45.923882900000024],[19.00885619999997,45.92328660000004],[18.99787520000001,45.946211400000095],[19.005814099999952,45.958709400000146],[19.018780400000082,45.963137800000084],[19.03268790000004,45.96465280000001],[19.05500310000008,45.965500000000134],[19.063286100000084,45.96377170000011],[19.079550400000016,45.963535100000115],[19.06567600000011,46.000043],[19.10457930000007,46.03998760000002],[19.11363950000009,46.0379544],[19.133785900000078,46.037071400000116],[19.147209499999974,46.008009800000025],[19.145647300000064,46.00137460000013],[19.147739000000115,45.99612470000005],[19.165601200000083,45.99597290000014],[19.16561859999996,45.99427510000015],[19.204917200000068,45.99268410000013],[19.199586800000077,45.99816060000012],[19.23270880000007,45.999355200000025],[19.236594200000013,45.99507290000008],[19.28534959999996,45.99675850000011],[19.296538300000066,45.98779680000007],[19.302713200000085,45.9915575],[19.28160079999992,46.0145217000001],[19.364162,46.05216990000008],[19.380179800000064,46.03580610000006],[19.3950701,46.041967800000066],[19.415439299999946,46.045730700000036],[19.42300590000002,46.05493980000011],[19.438251799999932,46.066178299999876],[19.466528200000084,46.081649],[19.466929400000026,46.089006],[19.46442289999993,46.09527490000005],[19.470782499999984,46.09659020000015],[19.480349700000033,46.10176510000002],[19.481839900000068,46.10480420000016],[19.485760699999958,46.1034939000001],[19.508968200000083,46.11072610000002],[19.52706850000004,46.120936700000016],[19.508082199999933,46.133599],[19.5094421,46.1373526000001],[19.502454,46.142086300000074],[19.516758700000025,46.151735300000155],[19.52656289999993,46.147692300000074],[19.56044289999994,46.16629770000014],[19.558632200000034,46.168016],[19.563169300000084,46.169758300000126],[19.559832500000027,46.17392940000008],[19.564261900000076,46.17561789999996],[19.563149700000054,46.17697840000011],[19.567629399999987,46.17871790000015],[19.631616900000097,46.169255700000065],[19.66153849999995,46.19005240000007],[19.667932800000017,46.18487440000007]],[[20.38139351855874,42.84186521733313],[20.386326986725802,42.8422015820375],[20.38204730000001,42.84223900000012],[20.38139351855874,42.84186521733313]],[[20.408607717658064,42.8471543472194],[20.408654,42.8471625],[20.4182008,42.8444663],[20.4287388,42.8352613],[20.432696244604795,42.834391496956485],[20.41617569999994,42.8458859000001],[20.408785700000124,42.8472074],[20.408607717658064,42.8471543472194]],[[20.432775602543394,42.834374054949485],[20.4381824,42.8331857],[20.440434998148213,42.833681171731214],[20.432775602543394,42.834374054949485]],[[20.463728657663523,42.85316464850486],[20.4771208,42.8593348],[20.477217445343253,42.85942653149308],[20.463874,42.85329540000015],[20.463728657663523,42.85316464850486]],[[20.486824004320283,42.86780951139575],[20.495271762907304,42.86959378861583],[20.48688350000009,42.86786280000001],[20.486824004320283,42.86780951139575]],[[20.50198620755891,42.87101196723847],[20.5021052,42.8710371],[20.50360910483434,42.87186495418542],[20.50198620755891,42.87101196723847]],[[20.522199221782195,42.87946394709558],[20.5341032,42.8812024],[20.5382796,42.8831746],[20.5390012,42.8852903],[20.538392157116593,42.885244856708674],[20.535928900000044,42.8825584],[20.522199221782195,42.87946394709558]],[[20.535322623413514,42.888800653551286],[20.535294,42.8890993],[20.521426255967807,42.89326930329079],[20.535322623413514,42.888800653551286]],[[20.52056418511112,42.89677439714485],[20.5206124,42.8981574],[20.506570778529493,42.904809643501935],[20.506574800000067,42.904801],[20.5203206,42.89820250000014],[20.52056418511112,42.89677439714485]],[[20.486227443249433,42.93167971815269],[20.4862088,42.9328206],[20.485798925644023,42.93306223694298],[20.486227443249433,42.93167971815269]],[[20.516782081956556,42.97030913075373],[20.5176261,42.9701845],[20.529579675808495,42.97503732015222],[20.528781700000025,42.975076600000136],[20.516782081956556,42.97030913075373]],[[20.532821918222073,42.97487772284668],[20.536067,42.9745296],[20.5399158,42.9639143],[20.543548035198175,42.962387662653605],[20.539961100000085,42.96546770000003],[20.53641410000006,42.97470090000013],[20.532821918222073,42.97487772284668]],[[20.543913395134204,42.962234100978],[20.5464756,42.9611572],[20.546866932320683,42.961668242687544],[20.543913395134204,42.962234100978]],[[20.58082075566146,43.00185318651411],[20.5812203,43.001955],[20.5819143,43.0087152],[20.580188160573826,43.01151198173249],[20.57931860000008,43.01102630000014],[20.58154109999998,43.008122600000036],[20.58082075566146,43.00185318651411]],[[20.59012879566586,43.0145093385828],[20.5904481,43.0145936],[20.59068318724307,43.01612066617632],[20.590668199999982,43.01612249999988],[20.59012879566586,43.0145093385828]],[[20.61329257024161,43.01543792952345],[20.6135559,43.0154258],[20.61387441678055,43.01558560414862],[20.61329257024161,43.01543792952345]],[[20.61779789384539,43.01631320222464],[20.618059299786637,43.01174973838746],[20.61879239999996,43.01589930000006],[20.61779789384539,43.01631320222464]],[[20.617360509801056,43.00848867203327],[20.6151386,43.0047159],[20.61537217009547,43.00460491156001],[20.617360509801056,43.00848867203327]],[[20.626848211684592,43.00580371672547],[20.6271738,43.0059525],[20.62747186769992,43.006303781808484],[20.626848211684592,43.00580371672547]],[[20.64094053917713,43.00929985534996],[20.6411253,43.0103425],[20.637535957843088,43.015416735863795],[20.637104400000055,43.01514650000013],[20.64094053917713,43.00929985534996]],[[20.651094172816922,43.02304433607389],[20.651680018082,43.028796565422056],[20.65075020000006,43.02720570000014],[20.651094172816922,43.02304433607389]],[[20.670689657997077,43.03779462503953],[20.6713835,43.0390837],[20.67115541276458,43.04115892967567],[20.670689657997077,43.03779462503953]],[[20.670626104001904,43.04597479431568],[20.6704628,43.0474606],[20.66706872183742,43.04893678456078],[20.665999300000067,43.047657500000014],[20.669989199999975,43.046752900000115],[20.670626104001904,43.04597479431568]],[[20.669264583283084,43.06413734035876],[20.6690976,43.0652751],[20.6676721,43.0667119],[20.6661361,43.0656257],[20.6618978,43.0667547],[20.657699,43.0699654],[20.656907891073587,43.07198749001921],[20.656847600000106,43.07194249999992],[20.658296,43.06835679999989],[20.662506,43.06513830000006],[20.669264583283084,43.06413734035876]],[[20.693165549919787,43.09429064816913],[20.6932425,43.0948194],[20.68879836370778,43.10064884616604],[20.68868520000018,43.10059129999996],[20.693165549919787,43.09429064816913]],[[20.673419654321272,43.126793649129546],[20.6727808,43.1314757],[20.67269173315791,43.131514046737266],[20.673199,43.12686280000014],[20.673419654321272,43.126793649129546]],[[20.658289669978394,43.15376349431206],[20.658338,43.1539911],[20.65715213634141,43.154125599649326],[20.657357600000182,43.153895],[20.658289669978394,43.15376349431206]],[[20.650840898489875,43.15791962785485],[20.649904786577213,43.15803880089667],[20.650274,43.15781890000011],[20.650840898489875,43.15791962785485]],[[20.601873467019306,43.20963140460438],[20.6040856,43.2069999],[20.6065343,43.2073911],[20.6097684,43.2050641],[20.615291,43.2043105],[20.616881727311892,43.20478604393026],[20.615436599999953,43.20447570000016],[20.60734249999996,43.20683560000003],[20.6055657,43.21035280000007],[20.603255400000023,43.210859],[20.601873467019306,43.20963140460438]],[[20.634962684574003,43.208414026232155],[20.6372656,43.2067155],[20.64153835496754,43.207128762698204],[20.634962684574003,43.208414026232155]],[[20.65509640421815,43.209597013988365],[20.6560459,43.2090552],[20.665627435517383,43.20949025115659],[20.656263899999942,43.20991540000011],[20.65509640421815,43.209597013988365]],[[20.669731074078857,43.209303926537494],[20.6715714,43.2086182],[20.673280589658255,43.209142761725246],[20.669731074078857,43.209303926537494]],[[20.688032026598666,43.215577007993375],[20.689755781549398,43.21926874447773],[20.688603399999977,43.2188081000001],[20.688032026598666,43.215577007993375]],[[20.69683805489079,43.22210580237031],[20.6971597,43.2222338],[20.6993478,43.2251828],[20.700532714474004,43.225420988527425],[20.69938540000004,43.22527530000002],[20.69683805489079,43.22210580237031]],[[20.70926856005213,43.227177046234324],[20.7094708,43.2272177],[20.709491523183438,43.22729530269485],[20.70926856005213,43.227177046234324]],[[20.731087145042945,43.248497193323075],[20.7347073,43.2483049],[20.7474075,43.2448492],[20.7612647,43.2439986],[20.761667763653612,43.244185264814156],[20.75651369999997,43.246290700000145],[20.74632820000005,43.24746530000016],[20.74019250000009,43.25089550000013],[20.731699500000104,43.24934800000017],[20.731087145042945,43.248497193323075]],[[20.855692272179077,43.24611209450245],[20.8616721,43.2378812],[20.8730294,43.2309713],[20.87699,43.2263266],[20.8769895,43.2233527],[20.8797357,43.2222264],[20.8798646,43.2108573],[20.8859812,43.2076847],[20.8893661,43.2037179],[20.885804634357207,43.20376673702845],[20.889172500000086,43.202982200000065],[20.890699499999926,43.20387520000003],[20.888171700000044,43.207112000000166],[20.881223,43.210946399999955],[20.88029819999997,43.22275029999997],[20.877592,43.22329530000013],[20.877322900000024,43.22652019999998],[20.873098800000093,43.2313383],[20.859416100000033,43.24136140000013],[20.855692272179077,43.24611209450245]],[[20.870761397594297,43.20576340312222],[20.8696212,43.2062692],[20.867226198543698,43.205793779084466],[20.867325600000072,43.20570720000006],[20.870761397594297,43.20576340312222]],[[20.863728266683733,43.20757632878193],[20.8636684,43.2076367],[20.856865075626004,43.206367949237155],[20.863728266683733,43.20757632878193]],[[20.84462240834604,43.20667548397533],[20.8435522,43.2070747],[20.8412593,43.2027491],[20.8434801,43.1981392],[20.8496754,43.1947832],[20.8494894,43.1930339],[20.8550636,43.1891472],[20.848511582954387,43.185636530298794],[20.849205800000107,43.18571430000003],[20.8571591,43.18970220000011],[20.8454089,43.198474800000156],[20.842979400000047,43.203231],[20.84462240834604,43.20667548397533]],[[20.836487307474012,43.18395840188487],[20.8341784,43.1836417],[20.8310766,43.179121],[20.8384792,43.1729867],[20.8559774,43.1744],[20.8632744,43.1647861],[20.8689965,43.1645059],[20.870661759595254,43.16506854114889],[20.86601180000008,43.165471500000024],[20.858445200000176,43.174845],[20.841548599999953,43.17359110000007],[20.83383249999997,43.17988660000009],[20.836487307474012,43.18395840188487]],[[20.874574768422548,43.16639062918158],[20.87688650981899,43.167171697093714],[20.87604479999993,43.167135700000074],[20.874574768422548,43.16639062918158]],[[20.879672646909867,43.16729085079191],[20.8817156,43.1669467],[20.8808248,43.1655371],[20.885553,43.1626951],[20.8857705,43.1585341],[20.8893215,43.1559819],[20.8958411,43.1540872],[20.89767932280909,43.15485748347796],[20.894240900000057,43.15568109999998],[20.888819000000126,43.15913969999997],[20.888962200000094,43.16208440000008],[20.883615099999986,43.16597020000012],[20.884189,43.167484000000115],[20.879672646909867,43.16729085079191]],[[20.900394473189767,43.15514140262524],[20.9085831,43.148225],[20.9215837,43.1477112],[20.9262207,43.1459192],[20.9290449,43.1441808],[20.9335521,43.1342211],[20.93740151018104,43.13470852358274],[20.93193240000005,43.14494730000007],[20.92933490000007,43.1463574],[20.9250659,43.14793750000001],[20.91202640000006,43.1487702],[20.9028386,43.15622060000004],[20.900394473189767,43.15514140262524]],[[20.93890573609929,43.13449013853299],[20.9427491,43.1334438],[20.9463055,43.1298807],[20.9570497,43.1259829],[20.9668943,43.1244001],[20.96747060240024,43.12487974324426],[20.955555100000083,43.127607],[20.94647530000003,43.13380160000014],[20.93890573609929,43.13449013853299]],[[20.997490662510074,43.13750909623526],[21.0030337,43.1352398],[21.0140246,43.1343881],[21.0156182,43.131341],[21.0254012,43.1294572],[21.0278947,43.1248497],[21.0331288,43.1204284],[21.0381413,43.1186885],[21.0431169,43.1124534],[21.0463202,43.1124142],[21.0502832,43.1075241],[21.05361253572468,43.10825923518505],[21.042238100000077,43.118407200000036],[21.036903300000063,43.120284],[21.02864210000007,43.12936749999989],[21.0190505,43.131356300000164],[21.01733390000004,43.1342376],[21.00584760000004,43.13530400000013],[20.998914000000127,43.138416600000085],[20.997490662510074,43.13750909623526]],[[21.090083998575025,43.13433772406538],[21.0991908,43.1258883],[21.1026719,43.1173531],[21.1062617938357,43.11760322777753],[21.1053801,43.118238],[21.102114700000016,43.12587660000008],[21.09189580000003,43.135580700000105],[21.090083998575025,43.13433772406538]],[[21.1077827468038,43.11698176620735],[21.1133776,43.1111802],[21.116618101545296,43.11136054220911],[21.110401199999956,43.1173922000001],[21.1077827468038,43.11698176620735]],[[21.129080698919232,43.11182032220312],[21.1299373,43.1115907],[21.137031431662507,43.113426854475975],[21.136903800000084,43.11355219999996],[21.129080698919232,43.11182032220312]],[[21.14131475683607,43.10551408952663],[21.1413124,43.1052589],[21.149583201404788,43.09151489629686],[21.14972060000008,43.09177370000015],[21.14131475683607,43.10551408952663]],[[21.14886115321807,43.09015484786054],[21.14605485927265,43.087732456041515],[21.1479251,43.0883917000001],[21.14886115321807,43.09015484786054]],[[21.13968725239811,43.08223594031662],[21.1396031,43.0821633],[21.14352489391684,43.07653906831672],[21.14353179999995,43.076584],[21.13968725239811,43.08223594031662]],[[21.14321840139571,43.07454499661625],[21.1427274,43.0735607],[21.146270231542747,43.07199276201262],[21.143146700000045,43.0740785000001],[21.14321840139571,43.07454499661625]],[[21.146689555491974,43.06921016395837],[21.1466395,43.0689365],[21.1498626,43.0672554],[21.15287416008192,43.06032012789168],[21.152898,43.06070290000008],[21.149935899999946,43.06766219999997],[21.146689555491974,43.06921016395837]],[[21.1525206175123,43.05464367236283],[21.1521074,43.0494842],[21.15387569612331,43.04538420480609],[21.153984600000058,43.045687300000054],[21.15219,43.04933530000011],[21.1525206175123,43.05464367236283]],[[21.152334058507428,43.04050400687818],[21.1522649,43.0403205],[21.1557151,43.0295609],[21.1591539,43.0282368],[21.1655968,43.0284527],[21.167412181817976,43.02656743953608],[21.16770960000008,43.02692680000001],[21.166158900000028,43.02903709999998],[21.159110100000134,43.02887270000008],[21.155866800000013,43.03014490000015],[21.152334058507428,43.04050400687818]],[[21.166413273400003,43.02485000220914],[21.1662858,43.0247108],[21.167146032796943,43.0202855648506],[21.167242599999952,43.02041550000001],[21.166413273400003,43.02485000220914]],[[21.16365257433562,43.015061780099444],[21.1633713,43.0146865],[21.1693374,43.0074506],[21.1689555,43.0044686],[21.17197812464504,43.00312139831788],[21.172197300000107,43.00383469999997],[21.16963510000005,43.004502000000116],[21.169592200000068,43.008118900000056],[21.16365257433562,43.015061780099444]],[[21.171377374925395,43.00114523268892],[21.1710629,43.0004598],[21.1753456,42.9994872],[21.1930081,43.0079535],[21.19297025867526,43.00821831540043],[21.192939200000012,43.008179200000086],[21.17543240000009,43.00029930000005],[21.171377374925395,43.00114523268892]],[[21.197381765253024,43.023328949752916],[21.1998438,43.0226368],[21.2056993,43.0246104],[21.212999,43.0213593],[21.2216818,43.0196257],[21.2251759,43.0203621],[21.2256832,43.0167147],[21.2291113,43.0146871],[21.2318491,43.0096966],[21.2351195,43.0099965],[21.2378137,43.0055199],[21.2376935,42.9897446],[21.2438432,42.9809001],[21.2397299,42.9747183],[21.240129683077377,42.973447222466355],[21.24018460000002,42.97485510000013],[21.244479,42.9813127999999],[21.238486,42.98999170000002],[21.23872650000004,43.00595830000003],[21.235858800000074,43.010348900000054],[21.232908400000042,43.00984680000005],[21.229858899999954,43.01494030000015],[21.22571480000005,43.017823],[21.22570360000003,43.02097090000012],[21.2223732,43.02015140000003],[21.213719900000058,43.02189410000011],[21.206156,43.025102100000026],[21.20094380000006,43.02326729999987],[21.19770170000004,43.02382360000007],[21.197381765253024,43.023328949752916]],[[21.239939627192488,42.96857485530474],[21.238733771157197,42.9647826327217],[21.23984429999996,42.966131],[21.239939627192488,42.96857485530474]],[[21.234580550814687,42.959449096400924],[21.2343823,42.9592379],[21.234923902474,42.955571151361056],[21.234580550814687,42.959449096400924]],[[21.235476049169396,42.95183301639858],[21.235689,42.9503913],[21.236809926463774,42.949940514879174],[21.235476049169396,42.95183301639858]],[[21.23836542702082,42.947733574870476],[21.2396833,42.9437105],[21.244885252466002,42.93842736496065],[21.244879800000035,42.93849100000011],[21.23836542702082,42.947733574870476]],[[21.245122581678615,42.93565752579041],[21.245258,42.9338938],[21.24527434859595,42.93388627332743],[21.245122581678615,42.93565752579041]],[[21.2456254060518,42.933724651220516],[21.251068436377366,42.93121875364001],[21.250920300000132,42.93156750000014],[21.2456254060518,42.933724651220516]],[[21.253471047552594,42.92589225144393],[21.2535196,42.9257791],[21.25822236992261,42.920634050694886],[21.253471047552594,42.92589225144393]],[[21.265824782270254,42.91246931162586],[21.269779505425245,42.91036394079753],[21.269776599999943,42.910409700000116],[21.265824782270254,42.91246931162586]],[[21.275155091544313,42.895092639167245],[21.276311,42.894485],[21.2822859,42.8951584],[21.287067,42.9009475],[21.2924738,42.9032235],[21.299802,42.901187],[21.3045466,42.9061201],[21.3160514,42.9018601],[21.3309344,42.9025856],[21.3362004,42.8988864],[21.3398589,42.9004504],[21.341883115829038,42.8995938700286],[21.339655400000083,42.90077620000011],[21.336094899999978,42.89927819999997],[21.330789099999947,42.90297460000011],[21.314680600000088,42.90238990000006],[21.304431400000112,42.90629990000008],[21.299217700000042,42.901551],[21.29214630000007,42.90353440000007],[21.287651599999947,42.901704600000016],[21.281162000000165,42.89529139999996],[21.275155091544313,42.895092639167245]],[[21.342074930077597,42.89949206721691],[21.345133354753504,42.89437940001077],[21.34528130000001,42.894702400000085],[21.343385499999954,42.89879650000012],[21.342074930077597,42.89949206721691]],[[21.344299642757047,42.89152658581499],[21.3440531,42.8909242],[21.351157712805794,42.88752372008904],[21.35121530000015,42.887799800000096],[21.349398699999938,42.889883399999974],[21.344299642757047,42.89152658581499]],[[21.350072090678687,42.88120717656669],[21.3500248,42.8809586],[21.35254,42.8788066],[21.357314157291317,42.87795776064069],[21.356472400000087,42.879238700000144],[21.352277399999934,42.87932519999998],[21.350072090678687,42.88120717656669]],[[21.360806710615137,42.872789845207656],[21.361059,42.8723137],[21.3651882,42.8709106],[21.3697717,42.8734148],[21.3769148,42.8730414],[21.3801887,42.8723151],[21.3801816,42.8704671],[21.3854438,42.8665335],[21.3929091,42.8671124],[21.39334522159134,42.86832972574456],[21.392136400000084,42.86867209999997],[21.385450400000025,42.86654470000002],[21.379936699999973,42.87288400000017],[21.369667100000072,42.87397290000001],[21.363855799999953,42.87163160000006],[21.360806710615137,42.872789845207656]],[[21.394596151618707,42.87164082412789],[21.4024676,42.8746744],[21.4068251,42.8731066],[21.4116474,42.8734519],[21.4134553,42.8751022],[21.4350599,42.8723076],[21.434699624269253,42.87003299824105],[21.435227399999917,42.87287040000007],[21.413896900000054,42.87575530000004],[21.412069199999962,42.87422250000003],[21.407425699999976,42.8737992],[21.40288730000003,42.87508530000002],[21.39442129999992,42.871987],[21.394596151618707,42.87164082412789]],[[21.43429336201665,42.86746806045726],[21.4342682,42.8673092],[21.43505467639392,42.86625719543715],[21.43429336201665,42.86746806045726]],[[21.43591652165819,42.85131873508194],[21.4286678,42.8498872],[21.42778980779429,42.84864362926169],[21.43591652165819,42.85131873508194]],[[21.417949234025855,42.81738104516375],[21.4179117,42.8172453],[21.421022880429675,42.81423017464226],[21.417949234025855,42.81738104516375]],[[21.424538985608013,42.81062572874924],[21.423415865149305,42.81055464093801],[21.42461119999996,42.81055170000002],[21.424538985608013,42.81062572874924]],[[21.422520655735035,42.805838322946705],[21.414538691599265,42.806712145690284],[21.422519100000045,42.805797600000176],[21.422520655735035,42.805838322946705]],[[21.41369148915495,42.80674250669819],[21.4100296,42.8052477],[21.409858823811977,42.80474632123387],[21.41369148915495,42.80674250669819]],[[21.407220287833624,42.796999890490085],[21.4064175,42.794643],[21.40646831176698,42.79452243510111],[21.407220287833624,42.796999890490085]],[[21.406690086270615,42.79399621406614],[21.4071198,42.7929766],[21.411048478345627,42.792707867987296],[21.406690086270615,42.79399621406614]],[[21.409505211721033,42.788320462939005],[21.4083567,42.7877168],[21.408367815279128,42.7876829664599],[21.409505211721033,42.788320462939005]],[[21.408586450864345,42.78268640104516],[21.4077005,42.7818988],[21.4079443986071,42.78150801962885],[21.40778839999996,42.78177750000009],[21.408586450864345,42.78268640104516]],[[21.4109335406119,42.77562910826561],[21.4083312,42.7719862],[21.407648145154475,42.76750161863904],[21.4109335406119,42.77562910826561]],[[21.407382845500305,42.76684531402818],[21.4029521,42.7671983],[21.399087574936324,42.76396952655522],[21.402914799999962,42.76694910000015],[21.4072969,42.76663270000006],[21.407382845500305,42.76684531402818]],[[21.39727701480681,42.762456821017025],[21.3938578,42.7596001],[21.3891974,42.7582386],[21.3895261,42.7499455],[21.3929772,42.7451477],[21.402388906356343,42.74412766841452],[21.398366500000066,42.74460270000003],[21.394929200000036,42.74946319999998],[21.394363899999973,42.757644300000095],[21.39727701480681,42.762456821017025]],[[21.413147039694948,42.74543657358545],[21.4150527,42.7461537],[21.415396829378633,42.74591413885575],[21.414995199999964,42.74620250000004],[21.413147039694948,42.74543657358545]],[[21.417812592121475,42.74423243737123],[21.4179053,42.7441679],[21.420751897433703,42.74617586716264],[21.42039120000004,42.74619300000012],[21.417812592121475,42.74423243737123]],[[21.424188314846642,42.74601264010431],[21.4262689,42.7456906],[21.426724755527598,42.74589216121563],[21.424188314846642,42.74601264010431]],[[21.429235243401482,42.747002199280395],[21.4318922,42.748177],[21.432476799623686,42.74822957071898],[21.43168680000008,42.74818020000009],[21.429235243401482,42.747002199280395]],[[21.449404735575452,42.74956412535962],[21.451588310522435,42.74524522423832],[21.449954,42.74975679999994],[21.449404735575452,42.74956412535962]],[[21.467394469061382,42.7363388057297],[21.4674696,42.7362971],[21.47461181077039,42.7462387697774],[21.474577,42.74622920000013],[21.467394469061382,42.7363388057297]],[[21.51216141701807,42.73106787078075],[21.5129565,42.7297265],[21.513219442994995,42.72970977525787],[21.51216141701807,42.73106787078075]],[[21.519098807353945,42.728771313287716],[21.523953841382323,42.72677802283898],[21.521076600000015,42.728463],[21.519098807353945,42.728771313287716]],[[21.52751818904365,42.72531463862627],[21.528277,42.7250031],[21.5405581,42.7230705],[21.54127837279681,42.725667621666894],[21.54007720000004,42.72369070000008],[21.53795430000008,42.72374920000016],[21.52751818904365,42.72531463862627]],[[21.543480852024782,42.72929251969839],[21.5519736,42.7308046],[21.552231275020922,42.73104172305257],[21.54358480000002,42.72946360000009],[21.543480852024782,42.72929251969839]],[[21.553155339829868,42.73189208513844],[21.5594837,42.7377157],[21.5618679,42.7332251],[21.5646453,42.731498],[21.56601665861222,42.73201715495099],[21.561739,42.733560600000146],[21.560004400000025,42.7383484],[21.558133300000122,42.738229900000135],[21.553155339829868,42.73189208513844]],[[21.566957968603486,42.731677515821865],[21.5714339,42.7278276],[21.57152628707763,42.72783987691044],[21.571451199999956,42.727830900000015],[21.567910300000108,42.731333900000095],[21.566957968603486,42.731677515821865]],[[21.578103465897012,42.72862620056156],[21.5812663,42.7252816],[21.581321060251664,42.725361787694276],[21.57831090000002,42.728651],[21.578103465897012,42.72862620056156]],[[21.58435028361417,42.727408961108495],[21.58797580457908,42.72684944271461],[21.584601900000052,42.727588800000035],[21.58435028361417,42.727408961108495]],[[21.59328643051069,42.71785190837576],[21.5865767,42.7071221],[21.587249,42.7035843],[21.5918488335713,42.703964751594576],[21.590803600000015,42.706331100000114],[21.594521399999962,42.71025120000013],[21.59328643051069,42.71785190837576]],[[21.596554764779025,42.703467138699224],[21.6056901,42.6979237],[21.6111448,42.6966785],[21.612704181251356,42.69696391094717],[21.60887810000014,42.69774250000006],[21.60453290000015,42.702190100000166],[21.599172099999976,42.70384910000013],[21.596554764779025,42.703467138699224]],[[21.61706495818777,42.696105861364465],[21.6186512,42.6951864],[21.620375191106508,42.696396131795275],[21.6196324,42.696811400000115],[21.61706495818777,42.696105861364465]],[[21.63186086371376,42.69988264873945],[21.6341805,42.697058],[21.63535521601934,42.6973531936572],[21.632481700000028,42.7001636],[21.63186086371376,42.69988264873945]],[[21.638625582132736,42.69595346904044],[21.6391439,42.6924304],[21.6440845,42.6860582],[21.6442091,42.6800982],[21.6603747,42.6654699],[21.66161140284407,42.66782198376089],[21.6584851,42.66926849999987],[21.6536453,42.676027099999885],[21.64870590000004,42.67949290000013],[21.648722199999952,42.68549320000011],[21.639664199999913,42.6923554],[21.638625582132736,42.69595346904044]],[[21.69384412233674,42.691068540037236],[21.6973165,42.6908403],[21.69742170940632,42.690873607677],[21.69384412233674,42.691068540037236]],[[21.703686918839946,42.69240319037672],[21.706541,42.689897],[21.70761096552357,42.69005779058324],[21.70399009999994,42.69251710000003],[21.703686918839946,42.69240319037672]],[[21.722946500161136,42.69205744782391],[21.7233993,42.6919951],[21.724995789916786,42.694973221984704],[21.724593599999935,42.6949487],[21.722946500161136,42.69205744782391]],[[21.73798003986327,42.6949572014124],[21.7386683,42.6951062],[21.746534071538758,42.69994759352944],[21.74590770000009,42.699812],[21.73798003986327,42.6949572014124]],[[21.75798700543107,42.68889118732873],[21.7597135,42.683781],[21.761129221782806,42.6829700459391],[21.75798700543107,42.68889118732873]],[[21.76313805563948,42.68181934529048],[21.770435544497055,42.677639196128894],[21.7695976,42.67883140000009],[21.76313805563948,42.68181934529048]],[[21.77167659519463,42.67547683158203],[21.7713447,42.6673042],[21.780913,42.6622039],[21.788882023723705,42.65254191354763],[21.787810600000057,42.6550003000001],[21.7806748000001,42.66255580000012],[21.772773200000017,42.66685520000004],[21.77167659519463,42.67547683158203]],[[21.78337806159437,42.64669636854165],[21.7792564,42.6467179],[21.779256981618285,42.646713719673635],[21.7832509000001,42.64659950000009],[21.78337806159437,42.64669636854165]],[[21.759962325324206,42.6375858197523],[21.7594598,42.6378318],[21.759307054768016,42.63729124733657],[21.759962325324206,42.6375858197523]],[[21.755391935007033,42.63136450633729],[21.7552734,42.6312889],[21.7541789,42.6319596],[21.7521299,42.6285206],[21.7532228,42.6242101],[21.75673398746115,42.621948349734545],[21.756701400000168,42.62227470000005],[21.753958700000112,42.62448070000016],[21.753988400000082,42.62847180000017],[21.755391935007033,42.63136450633729]],[[21.75584169343279,42.617681556384625],[21.7519472,42.6137253],[21.751835284303862,42.61304204168169],[21.75584169343279,42.617681556384625]],[[21.751527053093678,42.611160254357934],[21.75095013091986,42.60763807750622],[21.751714700000036,42.6089268],[21.751527053093678,42.611160254357934]],[[21.74548014093305,42.60839497749278],[21.7428161,42.6088887],[21.7405933,42.6037648],[21.736319,42.6043556],[21.7338592,42.6011694],[21.7341588,42.5981077],[21.7386786,42.5945007],[21.739782301743045,42.59301771864952],[21.73841660000005,42.60116850000003],[21.7419648,42.604565600000115],[21.74474760000004,42.603926299999955],[21.74548014093305,42.60839497749278]],[[21.74467654817516,42.58487977295014],[21.7449506,42.5826765],[21.74756082873733,42.58079644835604],[21.74754770000004,42.58104320000001],[21.74467654817516,42.58487977295014]],[[21.747898528804342,42.57444945207817],[21.7480602,42.5702642],[21.74656083109127,42.56790436224332],[21.748121699999956,42.570255],[21.747898528804342,42.57444945207817]],[[21.744819044115214,42.565162985757354],[21.7447775,42.5650976],[21.74887755449472,42.56166217343253],[21.74888350000009,42.5616776],[21.744819044115214,42.565162985757354]],[[21.74857870162664,42.56088675172397],[21.7476441,42.5589053],[21.744483941486312,42.55599313576353],[21.747816,42.558907800000156],[21.74857870162664,42.56088675172397]],[[21.729571473463665,42.547634820060246],[21.7284298,42.5471048],[21.7170868,42.5499472],[21.715000954566133,42.5499315809237],[21.728316299999904,42.54703289999992],[21.729571473463665,42.547634820060246]],[[21.710760521930627,42.549899828023996],[21.7069374,42.5498712],[21.706877398069626,42.54973149146059],[21.710760521930627,42.549899828023996]],[[21.70293157772017,42.54624267811676],[21.7014292,42.5455121],[21.70283321164246,42.544393878494695],[21.701969499999905,42.54534819999998],[21.70293157772017,42.54624267811676]],[[21.701364694394265,42.54095311885703],[21.701320890513355,42.5408760663887],[21.701322600000026,42.5408764],[21.701364694394265,42.54095311885703]],[[21.699147727297333,42.54045196725445],[21.6933506,42.5393942],[21.697098557121464,42.53575495082111],[21.69709970000008,42.53576850000013],[21.6935241,42.5393545],[21.699147727297333,42.54045196725445]],[[21.696756277470723,42.53169711982978],[21.6966225,42.5313173],[21.6982627,42.5288233],[21.698403381370266,42.52872755296306],[21.696725800000024,42.53133580000002],[21.696756277470723,42.53169711982978]],[[21.707333614074262,42.522289572992314],[21.710057502064416,42.5175346326332],[21.70756719999997,42.52212330000003],[21.707333614074262,42.522289572992314]],[[21.710538960409192,42.51655427715119],[21.7084587,42.5161847],[21.707860098949944,42.514197504280446],[21.710538960409192,42.51655427715119]],[[21.704178244127277,42.51407236897128],[21.6966277,42.5161417],[21.695816321947422,42.51576377283061],[21.696565200000066,42.51590660000005],[21.704178244127277,42.51407236897128]],[[21.692782152535678,42.515185091392205],[21.6920187,42.5156406],[21.6911027,42.508422],[21.69153566415434,42.507934784838085],[21.692178700000056,42.51507000000015],[21.692782152535678,42.515185091392205]],[[21.690947198755353,42.50265730524704],[21.687222593219214,42.50145227812748],[21.69066049999998,42.50238230000002],[21.690947198755353,42.50265730524704]],[[21.678596441146315,42.49866144643149],[21.6753725,42.4976184],[21.669069316306448,42.49393142997518],[21.678596441146315,42.49866144643149]],[[21.66730903187985,42.49290177318084],[21.6671971,42.4928363],[21.66828716325463,42.491472345149575],[21.66730903187985,42.49290177318084]],[[21.671914910231475,42.48617080452553],[21.67132443093634,42.48459652860957],[21.671419099999923,42.48459050000014],[21.67209050000008,42.48591420000008],[21.671914910231475,42.48617080452553]],[[21.661403612409327,42.48519284015081],[21.6611576,42.4852141],[21.6578411,42.4837078],[21.658799220022487,42.48236068292943],[21.658212700000036,42.48379330000006],[21.661403612409327,42.48519284015081]],[[21.65976316370578,42.48000618159454],[21.6568664,42.4780632],[21.65771598820897,42.47651460125766],[21.6597729,42.4799824000001],[21.65976316370578,42.48000618159454]],[[21.65725972723154,42.47574537952893],[21.65475541321434,42.474565408405155],[21.657249300000103,42.47572780000013],[21.65725972723154,42.47574537952893]],[[21.641923466109375,42.46851931077459],[21.6413069,42.4682288],[21.62967712053681,42.45964517372303],[21.63136850000012,42.459927600000015],[21.641923466109375,42.46851931077459]],[[21.627414143014253,42.45511928016991],[21.6246358,42.4551707],[21.6224147,42.4531326],[21.62464269078828,42.447528309562344],[21.627414143014253,42.45511928016991]],[[21.62478999276305,42.44715778601576],[21.625171,42.4461994],[21.632139627995237,42.439543850239644],[21.63218519999998,42.43985440000006],[21.62478999276305,42.44715778601576]],[[21.63164091976596,42.435478680234],[21.631606,42.4353713],[21.63774633152615,42.42926838767408],[21.63772390000014,42.42939570000016],[21.63164091976596,42.435478680234]],[[21.638572229915365,42.4245809203569],[21.6364367,42.4227122],[21.63697688706495,42.42108290504632],[21.638664400000152,42.42405780000007],[21.638572229915365,42.4245809203569]],[[21.63699715748725,42.42102176604669],[21.6370985,42.4207161],[21.64410063373928,42.41709357476472],[21.6434585,42.41810780000003],[21.63699715748725,42.42102176604669]],[[21.64640155575247,42.41345935804709],[21.6464985,42.4133004],[21.646372944215912,42.412908714771646],[21.646501500000056,42.413301500000046],[21.64640155575247,42.41345935804709]],[[21.644874480491325,42.40833035666643],[21.644846057466076,42.408310575274506],[21.64487240000011,42.408324000000164],[21.644874480491325,42.40833035666643]],[[21.636257875262242,42.40354144012986],[21.635678,42.4035895],[21.63641754876389,42.401166434080245],[21.636933,42.40343940000014],[21.636257875262242,42.40354144012986]],[[21.628147161302074,42.39267146889339],[21.6275011,42.3922386],[21.6207184812703,42.37811142599609],[21.62075420000008,42.3781257],[21.628147161302074,42.39267146889339]],[[21.596965114986016,42.38197930685743],[21.594403,42.3838902],[21.58975598481446,42.38144698370083],[21.593048599999918,42.380125400000054],[21.596965114986016,42.38197930685743]],[[21.588740978145836,42.38091333344631],[21.5875048,42.3802634],[21.5841417,42.3817228],[21.5743034,42.3755836],[21.5794815,42.3678744],[21.573571293558558,42.36551558311942],[21.57645640000004,42.36278720000007],[21.5782661,42.36531190000005],[21.584738500000014,42.36753409999989],[21.579559700000118,42.37541400000015],[21.588740978145836,42.38091333344631]],[[21.56308294119514,42.36733595426884],[21.5613305,42.3678495],[21.56103635906307,42.36675474250549],[21.56308294119514,42.36733595426884]],[[21.560816565042725,42.36669232288981],[21.5581552,42.3674535],[21.5530452,42.3656413],[21.55281806227141,42.364705569719966],[21.557149700000082,42.36247730000002],[21.558348100000103,42.36599130000013],[21.560816565042725,42.36669232288981]],[[21.54247223386903,42.370745263410065],[21.5404292,42.3733488],[21.5394697,42.3708558],[21.5361835,42.3696443],[21.5361163,42.3673883],[21.5318851,42.3664485],[21.5354181,42.3597114],[21.5319813,42.3565079],[21.5335213,42.3537402],[21.5309327,42.3529304],[21.5301875,42.3475496],[21.5252611,42.3419606],[21.5269571,42.3327849],[21.5248492,42.3254563],[21.5368899,42.3209389],[21.5328918,42.3198086],[21.5366465,42.3180343],[21.5384991,42.3189627],[21.5373383,42.3160985],[21.538580227907712,42.31179011287709],[21.542240900000024,42.31875070000012],[21.540488,42.31804260000001],[21.537385300000096,42.31949179999998],[21.541285900000048,42.3207501],[21.53558959999998,42.3221173],[21.528192800000113,42.327383100000134],[21.531327199999964,42.333150099999955],[21.52977610000005,42.34276090000009],[21.53473459999998,42.34806770000006],[21.535789800000032,42.3532002],[21.538247299999966,42.3535635],[21.537006500000018,42.3569167],[21.540224099999932,42.35971260000008],[21.536952900000017,42.36675480000008],[21.54118,42.367539599999986],[21.54144480000008,42.369970300000034],[21.54247223386903,42.370745263410065]],[[21.541307755605096,42.30924107521601],[21.54185,42.3089171],[21.5485029,42.3109409],[21.55050869245198,42.313402882499716],[21.550016,42.31377340000006],[21.547541200000012,42.311153700000034],[21.541307755605096,42.30924107521601]],[[21.552043183185827,42.31261014782053],[21.5527723,42.3121121],[21.55457559659253,42.31375933141807],[21.552043183185827,42.31261014782053]],[[21.554861837625555,42.31388922470454],[21.5584474,42.3137443],[21.558928342313582,42.31486129417298],[21.558264899999983,42.3154335000001],[21.554861837625555,42.31388922470454]],[[21.56349657134101,42.30134485459743],[21.564591431600356,42.300595954060675],[21.5650066,42.30079200000017],[21.56349657134101,42.30134485459743]],[[19.423295199999984,43.5683514000001],[19.412241600000073,43.56547020000005],[19.40802570000011,43.555133500000125],[19.395141,43.55392520000015],[19.411323399999958,43.547013800000116],[19.414081100000033,43.5397087],[19.421449,43.54195590000012],[19.429017600000066,43.55326140000011],[19.4279967,43.556554600000084],[19.423436,43.559010900000146],[19.424645299999952,43.566664500000115],[19.423295199999984,43.5683514000001]]]}},{"type":"Feature","properties":{"shapeName":"Montenegro","shapeISO":"MNE"},"geometry":{"type":"MultiPolygon","coordinates":[[[[19.005237,43.5584011],[18.996673899999966,43.55800850000003],[18.98827419999997,43.5553138],[18.9872408,43.550224700000015],[18.981571,43.543972299999965],[18.97986059999998,43.53587549999998],[18.9856617,43.53119629999998],[18.980995299999986,43.529591],[18.9788808,43.52654890000004],[18.9533025,43.52267380000004],[18.942763700000025,43.517191],[18.942337500000022,43.51506349999999],[18.92743070000004,43.51136629999997],[18.92384930000001,43.504818299999975],[18.9128892,43.50350539999997],[18.912557099999965,43.50208],[18.921485700000023,43.49026649999997],[18.929814800000038,43.492824],[18.935713400000036,43.49162649999997],[18.9342219,43.498875400000045],[18.936317500000015,43.50252959999997],[18.9499093,43.5036742],[18.950544,43.4933047],[18.955410499999974,43.49237560000004],[18.9594577,43.48531889999997],[18.956330299999962,43.47608849999998],[18.9617474,43.47006390000004],[18.960068299999982,43.4686862],[18.961082,43.46055559999998],[18.9559079,43.457175],[18.956350600000043,43.4522656],[18.95869150000002,43.453247499999975],[18.96305640000004,43.45099810000002],[18.968154,43.45308979999999],[18.975067699999986,43.453356],[18.977883800000022,43.45601909999997],[18.9798212,43.45344040000004],[18.981739199999986,43.4541526],[18.9832573,43.4523052],[18.98770920000003,43.45243780000004],[18.985795300000035,43.45109990000001],[18.988638900000037,43.445671],[18.99243059999997,43.448309100000024],[18.99800790000003,43.44461960000002],[18.999775099999965,43.438949600000015],[19.004260600000016,43.442234600000035],[19.004925200000027,43.446740700000014],[19.006525099999976,43.44645779999997],[19.00663740000003,43.44375250000004],[19.00871509999999,43.446032600000045],[19.01100439999996,43.4455135],[19.006965700000016,43.44180620000003],[19.01033950000001,43.44130280000003],[19.010107,43.43775180000003],[19.018462700000043,43.43078710000002],[19.02056330000003,43.40856570000003],[19.031030699999956,43.400168599999986],[19.04270559999996,43.39649770000001],[19.0412495,43.38733910000002],[19.0433867,43.385370700000045],[19.041202600000034,43.38051760000004],[19.035260900000022,43.3786116],[19.03692959999998,43.3759528],[19.040159200000033,43.3747548],[19.039916500000025,43.365445],[19.048202700000044,43.35817140000003],[19.0615709,43.35214180000003],[19.061260900000015,43.34463869999997],[19.07087040000001,43.33975950000003],[19.07522120000002,43.33574150000002],[19.07502189999996,43.327817600000046],[19.08339150000004,43.3191596],[19.077071900000025,43.30413409999996],[19.080249,43.29977990000003],[19.0424185,43.28935130000003],[19.036296199999974,43.2901249],[19.033352799999975,43.28089619999998],[19.02588889999996,43.2739437],[19.023761499999974,43.266027699999974],[19.019438400000038,43.262350900000044],[19.019743699999985,43.2596131],[19.008783599999973,43.25060539999997],[19.00070689999997,43.25254380000004],[18.9910322,43.260054],[18.98502890000004,43.26254170000002],[18.987110499999964,43.2729582],[18.981818599999983,43.2807666],[18.967558899999986,43.28655969999998],[18.954894800000027,43.288309299999966],[18.94897,43.302297399999965],[18.952107499999975,43.31134339999996],[18.9598635,43.3173982],[18.961317799999982,43.3240695],[18.958389100000044,43.330696],[18.95608650000004,43.331577500000016],[18.94740139999997,43.3305931],[18.931185,43.344308],[18.92803619999996,43.3496382],[18.9229464,43.35173119999998],[18.914463300000033,43.35985250000004],[18.9105449,43.360660199999984],[18.8977664,43.35443370000004],[18.878447099999967,43.35644750000004],[18.871784299999977,43.354114299999985],[18.8633012,43.353899499999976],[18.8613345,43.35201960000004],[18.849329300000022,43.3493924],[18.83940459999997,43.3485497],[18.839129699999962,43.343975200000045],[18.849485900000012,43.336444],[18.853467400000017,43.324072299999955],[18.83733819999997,43.3201021],[18.829097399999977,43.31411370000003],[18.819675100000016,43.31481690000004],[18.8062675,43.30735720000001],[18.788584199999974,43.303939899999975],[18.769563,43.29460959999999],[18.733154100000043,43.28103310000003],[18.68812490000004,43.25471369999999],[18.69404829999996,43.2505263],[18.705437,43.23611149999996],[18.717137499999986,43.2319684],[18.687488499999965,43.2213918],[18.6824438,43.21061939999998],[18.66773130000003,43.203913599999986],[18.64839640000004,43.147130700000034],[18.65313680000004,43.120702599999966],[18.65396259999998,43.1039131],[18.6561474,43.10200490000003],[18.65688229999997,43.0741431],[18.6600074,43.07102060000002],[18.6571874,43.070095500000036],[18.659532100000014,43.067278],[18.658482300000017,43.06109980000002],[18.6606944,43.0373332],[18.652814700000036,43.03787380000004],[18.623030700000037,43.02945870000002],[18.613683299999966,43.02908940000002],[18.5921072,43.03283150000002],[18.543749900000044,43.03231620000002],[18.5358423,43.033601500000046],[18.5352294,43.02812550000002],[18.5187003,43.01994719999996],[18.51043549999997,42.9992858],[18.4982188,42.99566430000002],[18.49411950000001,42.98646109999998],[18.49294249999997,42.9778801],[18.486540599999984,42.965364],[18.484569499999964,42.943055800000046],[18.48609030000003,42.9385832],[18.482548900000022,42.9283542],[18.49469769999998,42.91537860000002],[18.50408350000003,42.89267249999998],[18.509238,42.88663590000002],[18.48894450000002,42.88006349999996],[18.49117679999998,42.877119],[18.49137429999998,42.8648434],[18.482193,42.860997700000034],[18.478081799999984,42.8627201],[18.468657699999962,42.85347040000001],[18.46540060000003,42.84489319999999],[18.465522399999983,42.83856179999997],[18.477001699999967,42.8317489],[18.45808810000002,42.8255873],[18.448332,42.8153638],[18.457795599999976,42.81064259999999],[18.455474400000032,42.80514140000001],[18.4595928,42.80187769999998],[18.46349520000003,42.79503],[18.45995150000001,42.792115],[18.4603776,42.787602600000035],[18.467816299999978,42.7804551],[18.467346199999984,42.77325050000003],[18.469933700000023,42.7686041],[18.46824190000002,42.76376740000001],[18.4735165,42.75409279999996],[18.4927839,42.747471799999964],[18.493858800000023,42.7447822],[18.498496499999966,42.7420341],[18.496188300000032,42.7367505],[18.5018814,42.735148200000026],[18.513858799999976,42.73471519999999],[18.519854600000023,42.728719],[18.527975599999962,42.72388030000003],[18.55737720000003,42.72190539999997],[18.569921400000016,42.719719],[18.564662,42.71205759999997],[18.56101730000003,42.70991880000002],[18.5614044,42.7026308],[18.554774599999984,42.698091700000035],[18.551988,42.69036920000003],[18.5454496,42.69215149999997],[18.5475965,42.69013449999997],[18.546386100000028,42.68861889999998],[18.54918690000004,42.68453329999998],[18.550426,42.677389100000035],[18.54880819999997,42.671966],[18.556166500000042,42.66593760000004],[18.5642835,42.66185639999996],[18.5646635,42.65672520000004],[18.569061800000036,42.65611449999996],[18.57489570000001,42.642750099999965],[18.55873820000002,42.642719],[18.537620100000012,42.636818199999965],[18.536423699999965,42.63463340000003],[18.528471599999968,42.6308953],[18.52029429999999,42.618395499999956],[18.531131699999975,42.610792900000014],[18.5343513,42.602617],[18.549810600000043,42.593225299999965],[18.554809899999974,42.580251],[18.5437729,42.57336620000004],[18.53622160000003,42.575271700000044],[18.52778459999997,42.58352510000002],[18.499916,42.588134099999984],[18.48593069999997,42.57404970000001],[18.474873900000038,42.5694433],[18.472866,42.56327719999998],[18.467228099999982,42.56474869999996],[18.461557800000044,42.563266200000044],[18.459099699999964,42.5651592],[18.45411860000003,42.562410400000026],[18.451277200000032,42.5633194],[18.44931170000003,42.56139519999996],[18.44513429999998,42.56234080000004],[18.4426452,42.56078019999997],[18.442670300000035,42.55597859999996],[18.43812620000002,42.55566],[18.43592929999997,42.552367799999985],[18.4375367,42.552047400000035],[18.4390297,42.54342730000001],[18.436305199999985,42.53603130000002],[18.4370558,42.52758880000003],[18.433424899999967,42.521109899999985],[18.4449811,42.509877],[18.440573700000023,42.50193550000004],[18.437311600000033,42.49098090000004],[18.4381593,42.48810979999998],[18.433761800000042,42.484149],[18.442701200000016,42.481043700000015],[18.449890200000024,42.47465020000001],[18.461523,42.4712901],[18.4727544,42.46538249999997],[18.49353460000002,42.4416007],[18.505700699999988,42.43158350000003],[18.51637680000004,42.42659869999997],[18.52417950000002,42.420496099999966],[18.526237400000028,42.42297230000003],[18.530030199999963,42.423447199999984],[18.527310800000024,42.42792759999997],[18.5188024,42.432007],[18.5172877,42.435482499999964],[18.511587,42.43801970000001],[18.504081200000016,42.44847149999998],[18.506213499999962,42.4529159],[18.516316500000023,42.4588757],[18.5347442,42.4503545],[18.5321,42.44949349999999],[18.541721099999958,42.45040640000003],[18.551786500000016,42.44924810000002],[18.557682,42.45129540000004],[18.560689900000032,42.45423450000004],[18.568610299999982,42.45266510000004],[18.5786656,42.443952900000035],[18.589430300000014,42.43687350000003],[18.595218500000026,42.43602430000003],[18.59785830000004,42.43301269999998],[18.601271,42.4331966],[18.602791,42.43482320000003],[18.609376400000038,42.4348819],[18.614732199999978,42.43820059999997],[18.631903600000015,42.440706900000045],[18.65291169999998,42.45033809999997],[18.6551253,42.448431],[18.652255400000033,42.446672],[18.657193200000027,42.4494326],[18.65622639999997,42.45052430000001],[18.65814369999998,42.45000610000003],[18.65644910000001,42.450773500000025],[18.6617979,42.455560499999976],[18.67635340000004,42.4599223],[18.6730908,42.4624298],[18.673677699999985,42.46616810000004],[18.680714199999986,42.4713804],[18.6810977,42.47363519999997],[18.6869018,42.47888789999999],[18.667645400000026,42.4864388],[18.655145,42.4871288],[18.6492471,42.4896246],[18.6520241,42.49431390000003],[18.657992900000025,42.4961073],[18.661319899999967,42.50042920000002],[18.667834200000016,42.504523799999966],[18.67648210000003,42.50517639999996],[18.6819981,42.5134176],[18.687305899999956,42.51703690000004],[18.693372199999974,42.515560899999954],[18.695149400000027,42.5130485],[18.696214100000013,42.50867880000003],[18.69295830000001,42.506170599999976],[18.694464899999968,42.503787],[18.69206239999996,42.502196],[18.69087529999997,42.4954363],[18.692539099999966,42.49035080000004],[18.699703299999964,42.48525160000001],[18.708201700000043,42.4838269],[18.729051399999957,42.48439549999997],[18.733378699999975,42.48329729999996],[18.743228799999983,42.4855006],[18.75354569999998,42.49004629999998],[18.7635548,42.489745100000015],[18.7660635,42.4855531],[18.762946799999963,42.4789104],[18.764833700000032,42.47504130000004],[18.762730099999974,42.467341400000045],[18.76585819999998,42.456280300000024],[18.7656728,42.448591100000016],[18.761855700000012,42.441710799999974],[18.7645059,42.436940399999976],[18.76346920000002,42.436087],[18.767229099999987,42.43321310000004],[18.768945299999967,42.42859830000004],[18.767567800000034,42.4274814],[18.7747886,42.426719700000035],[18.76745180000003,42.427287600000035],[18.76827,42.4259496],[18.773133700000038,42.42623049999997],[18.768366599999958,42.42567459999998],[18.766406,42.426167099999965],[18.771155,42.4231468],[18.77173939999996,42.4220809],[18.769049,42.42271010000001],[18.76995620000003,42.421682],[18.7688801,42.42273690000001],[18.762204,42.422115],[18.76064849999996,42.42394140000002],[18.75802819999996,42.43381339999997],[18.75370649999996,42.43946480000003],[18.75494920000002,42.44272160000003],[18.7522835,42.4441349],[18.754737800000026,42.4468991],[18.754313900000035,42.44896270000003],[18.75069310000003,42.45037769999996],[18.747696499999982,42.45556310000001],[18.738266600000014,42.460880100000026],[18.7341411,42.46578519999998],[18.731597400000027,42.46544650000002],[18.72535830000001,42.46877420000002],[18.716981100000012,42.4700803],[18.714318599999984,42.47238039999997],[18.70615210000001,42.4717871],[18.701080300000033,42.4748025],[18.6903582,42.4774797],[18.686458199999983,42.47337620000003],[18.68637920000002,42.46599429999996],[18.683549199999987,42.464331599999966],[18.6833636,42.460806599999984],[18.68129630000001,42.45943630000003],[18.681589500000022,42.45573429999997],[18.68674860000003,42.44808970000001],[18.686922699999958,42.4415577],[18.68436770000003,42.43915939999999],[18.6904162,42.438825],[18.69214,42.43627550000003],[18.6881094,42.43666549999997],[18.68868209999996,42.43336479999998],[18.68844069999997,42.435746699999974],[18.6905503,42.43596850000003],[18.691070699999973,42.43364709999998],[18.690769600000017,42.43594979999999],[18.692472300000034,42.436161],[18.6920725,42.43334549999998],[18.6940896,42.433393500000044],[18.69351,42.43206889999996],[18.68812680000002,42.431301699999985],[18.68747520000002,42.43349339999996],[18.687961400000013,42.4310775],[18.6935765,42.43183839999998],[18.69969919999998,42.426797499999985],[18.701363099999984,42.42869849999998],[18.70028280000004,42.42652320000003],[18.703680599999977,42.42425160000001],[18.70197489999998,42.42306],[18.7130822,42.41607779999997],[18.7114087,42.4134579],[18.714315299999978,42.4097309],[18.712844499999964,42.4067048],[18.7060253,42.40566659999999],[18.70992350000004,42.404657],[18.710763,42.40294030000001],[18.706392700000023,42.4021512],[18.712977500000044,42.398296],[18.70997180000004,42.39928990000004],[18.70528,42.3935828],[18.7098318,42.39165259999998],[18.70258860000004,42.39333750000004],[18.6957288,42.40061860000002],[18.690879799999987,42.403038499999965],[18.677996199999985,42.405069],[18.6737509,42.40400159999998],[18.665947100000018,42.40625940000001],[18.664201,42.40536310000001],[18.665229,42.40663120000004],[18.663707100000043,42.4074756],[18.6505225,42.40930449999998],[18.616046700000027,42.422162],[18.59006439999999,42.42759689999996],[18.576096499999977,42.431975],[18.566849899999987,42.4319749],[18.555962,42.428812700000016],[18.556048699999977,42.426719],[18.549931099999977,42.424647099999966],[18.5463987,42.4213531],[18.548629700000035,42.417029700000036],[18.5478318,42.413285899999984],[18.55889720000003,42.41237],[18.55605780000002,42.409249599999974],[18.562097599999976,42.40303649999998],[18.564976,42.40361780000002],[18.5798839,42.4005978],[18.58018079999996,42.397720200000016],[18.576584,42.3969965],[18.579228599999958,42.394624600000036],[18.569979700000044,42.39114530000002],[18.5719027,42.39088760000001],[18.575130399999978,42.38645870000003],[18.578081199999968,42.38532410000003],[18.5788587,42.3869125],[18.583607399999973,42.385128],[18.585907200000012,42.3832251],[18.585100599999976,42.38095730000003],[18.59338090000004,42.38129330000003],[18.590218599999957,42.377599],[18.595892700000032,42.37360349999997],[18.599413500000022,42.37336480000003],[18.6014313,42.369638],[18.606490900000033,42.37109789999996],[18.6062179,42.3692541],[18.609817300000014,42.36950340000001],[18.607917,42.36477879999999],[18.60956310000003,42.36420429999997],[18.612343300000028,42.3658857],[18.615923699999975,42.365328],[18.616821,42.36823079999997],[18.620531600000028,42.364421800000024],[18.62395140000001,42.3646898],[18.626832600000014,42.362190300000044],[18.6311026,42.361918],[18.63391650000003,42.366764200000034],[18.63153250000004,42.3692263],[18.63676950000001,42.36875740000002],[18.638410900000018,42.370516],[18.643413400000036,42.36899179999996],[18.6437651,42.3644193],[18.653731,42.36262150000002],[18.6524804,42.368405600000045],[18.658733500000018,42.37207929999998],[18.6519019,42.37584540000002],[18.6528528,42.3827368],[18.66365660000004,42.386718],[18.676386,42.382888600000044],[18.680556399999986,42.3826852],[18.681190100000016,42.38539119999999],[18.68482769999999,42.38531670000004],[18.683411799999988,42.38204270000004],[18.691093900000027,42.37657870000003],[18.687962600000024,42.3748865],[18.687869799999984,42.372501900000046],[18.690456599999965,42.3695568],[18.69658990000002,42.36796669999997],[18.7013868,42.363306700000045],[18.7002425,42.359887800000045],[18.706478500000017,42.35434249999997],[18.704366599999982,42.3529795],[18.69436380000004,42.357421900000034],[18.688378299999957,42.35826140000004],[18.687325200000043,42.35703960000002],[18.68866460000002,42.3528485],[18.695185900000027,42.349571800000035],[18.696673099999977,42.346097],[18.698991500000044,42.347141500000035],[18.7010144,42.34382350000004],[18.708787700000034,42.33987029999998],[18.707606800000026,42.33749520000001],[18.7097286,42.33617659999998],[18.707964499999957,42.334377900000014],[18.714532,42.328017],[18.709383799999973,42.32596569999996],[18.707042300000037,42.32240839999997],[18.709239500000024,42.32186890000001],[18.7159033,42.3143148],[18.7252615,42.310294300000045],[18.724636,42.30830180000003],[18.7335852,42.3069318],[18.73014659999998,42.303238100000016],[18.7356183,42.30311109999999],[18.741938900000015,42.295048900000026],[18.74541720000004,42.292195900000046],[18.75088869999996,42.29055440000003],[18.748465600000024,42.2892647],[18.74932540000002,42.28848309999998],[18.760249499999986,42.28268060000003],[18.761075699999957,42.279783899999984],[18.763558599999957,42.27950520000002],[18.7643384,42.27735720000002],[18.7773228,42.26768680000004],[18.780663,42.26721349999996],[18.78717640000002,42.27008580000003],[18.78514650000002,42.27415090000002],[18.785102500000022,42.28199179999997],[18.804208800000016,42.27273749999996],[18.805327,42.273384899999975],[18.800122599999963,42.2803809],[18.804661199999966,42.28320389999998],[18.8103145,42.284286700000045],[18.816120199999958,42.28249639999998],[18.82861319999997,42.273467],[18.830919600000023,42.27421039999997],[18.831659200000022,42.276798],[18.835660499999978,42.277908299999964],[18.83882460000003,42.276871300000046],[18.84132189999998,42.27923270000003],[18.8375308,42.2792762],[18.839036,42.28224859999999],[18.846914399999964,42.28479259999998],[18.855477499999978,42.284333],[18.86088759999997,42.27568],[18.8605553,42.27968519999999],[18.86222629999998,42.280159100000034],[18.8746463,42.28083019999996],[18.881630600000026,42.279452],[18.88048290000001,42.27707329999998],[18.887568299999973,42.274685500000025],[18.888051,42.271135800000046],[18.8921704,42.26917670000004],[18.890584100000012,42.265744],[18.892431800000036,42.26309330000003],[18.890827299999973,42.262605399999984],[18.893422600000036,42.25947060000004],[18.892405,42.256463],[18.890351200000016,42.25673769999997],[18.89020989999996,42.25565249999997],[18.893739100000023,42.25608780000002],[18.896031399999973,42.2538226],[18.897074200000013,42.24840569999998],[18.894968200000022,42.24692109999997],[18.8981,42.24482540000004],[18.899287299999983,42.2410893],[18.896235,42.23783810000002],[18.90011249999996,42.236736099999966],[18.899249300000037,42.234319400000025],[18.902264799999962,42.23447290000003],[18.903983300000043,42.23271550000001],[18.9064227,42.22487119999997],[18.9053342,42.2223318],[18.907372900000013,42.21962439999999],[18.91645880000003,42.21526220000001],[18.916570300000018,42.2128295],[18.924343400000037,42.212267300000015],[18.9279476,42.2073336],[18.93740329999997,42.2048334],[18.937599200000015,42.206132800000034],[18.941458400000027,42.205244],[18.9454632,42.20109639999997],[18.950383399999964,42.2008231],[18.9516955,42.1965411],[18.95593629999996,42.194894199999986],[18.960857700000016,42.19552720000004],[18.966721,42.19203969999997],[18.971154699999964,42.18428890000002],[18.9667411,42.17853259999998],[18.9664415,42.17446109999999],[18.97750150000001,42.167166600000044],[18.9851691,42.16534380000004],[18.986176499999956,42.16200989999997],[18.987147600000014,42.16385140000001],[18.989665900000013,42.16388209999998],[18.991944299999968,42.15913930000004],[18.99601689999996,42.16132409999998],[19.002327,42.1584529],[19.00443179999997,42.155656800000024],[19.00195070000003,42.149354799999955],[19.01075239999998,42.13402619999998],[19.0172287,42.14025160000002],[19.021563600000018,42.14126959999996],[19.02491280000002,42.13993940000003],[19.0260965,42.13541360000002],[19.028809,42.138178],[19.0310624,42.13642720000004],[19.0337128,42.1374873],[19.044743199999974,42.13575119999998],[19.049529599999964,42.13803170000002],[19.060465500000017,42.134207499999974],[19.063576600000037,42.12689060000004],[19.060895900000013,42.122145],[19.067734,42.12189829999998],[19.082951,42.11338870000004],[19.0886058,42.10470149999997],[19.088199400000033,42.1021416],[19.09002039999998,42.101455199999954],[19.0897835,42.0996481],[19.087384799999956,42.09912760000002],[19.0907238,42.099133],[19.090739100000025,42.09730720000003],[19.0853018,42.0972274],[19.0866532,42.099929500000016],[19.084448099999978,42.09699839999997],[19.082073699999984,42.09697249999996],[19.0884996,42.0966584],[19.08851,42.09567530000001],[19.09121660000001,42.096582099999985],[19.089536,42.09178980000004],[19.086853300000033,42.09345919999997],[19.086001499999988,42.09173539999998],[19.0889301,42.089874799999954],[19.088388,42.088473],[19.083354,42.0913459],[19.082274,42.09034739999998],[19.084906299999965,42.0855215],[19.075529699999965,42.08777839999996],[19.078888499999962,42.09381029999997],[19.078739100000035,42.09926],[19.078046600000025,42.09303610000004],[19.0751062,42.08842010000003],[19.069339199999973,42.08891089999996],[19.072656800000026,42.08513320000003],[19.08384960000002,42.07857889999996],[19.085907600000034,42.0768973],[19.083303200000017,42.076597300000046],[19.088594699999966,42.07257280000004],[19.09442550000004,42.071316700000025],[19.1030587,42.06397860000003],[19.12899949999997,42.049595],[19.13765149999997,42.046925600000016],[19.141580199999957,42.04372079999997],[19.1436556,42.039693900000024],[19.140895100000026,42.03580590000003],[19.142842899999984,42.033108499999955],[19.139743300000028,42.030886300000034],[19.149091499999987,42.02565760000004],[19.1478079,42.0195073],[19.142009699999967,42.01894290000002],[19.143504899999957,42.0183],[19.142202,42.0170963],[19.14558669999999,42.01676050000001],[19.151104600000018,42.0133371],[19.15083330000004,42.01049390000003],[19.147705499999972,42.010379599999986],[19.14871750000004,42.0088747],[19.1453893,42.006878899999975],[19.144686,42.004284399999975],[19.149199400000033,41.99949989999997],[19.145114800000023,41.9977044],[19.14813760000002,41.993098899999964],[19.14436069999998,41.99287589999999],[19.1419404,41.990722],[19.149176800000028,41.9885575],[19.1523281,41.98287739999996],[19.150000599999977,41.980638399999975],[19.141832100000016,41.98058430000003],[19.140801,41.976561199999956],[19.138444699999962,41.97549209999996],[19.1433498,41.97205379999996],[19.1422108,41.971080499999985],[19.1442868,41.968088200000025],[19.152639,41.96428119999998],[19.1543549,41.9610245],[19.161298799999987,41.958123799999974],[19.165672500000024,41.95266920000003],[19.164159299999966,41.95027440000004],[19.1484434,41.95303090000003],[19.15056739999998,41.9490191],[19.153168099999956,41.94687919999996],[19.156573900000023,41.94655619999997],[19.15592360000004,41.945262300000024],[19.16200780000003,41.942305399999974],[19.161905800000028,41.940481400000046],[19.167791600000033,41.939035300000036],[19.1709685,41.936133800000036],[19.17473,41.936835700000024],[19.178268500000033,41.93329860000002],[19.180651799999964,41.934106399999976],[19.182106299999962,41.931306],[19.18519139999996,41.931611400000044],[19.184970100000037,41.92943980000004],[19.188399800000038,41.9275553],[19.1915951,41.92875859999999],[19.194861099999965,41.9262286],[19.197295799999974,41.92706070000001],[19.200450100000015,41.92456569999999],[19.199904900000025,41.9226529],[19.20198579999998,41.92191920000004],[19.202865700000043,41.92405850000004],[19.204214900000032,41.92381949999998],[19.2057883,41.92219549999999],[19.204623700000017,41.92063329999996],[19.2064152,41.9203815],[19.206862,41.92182020000002],[19.210452500000013,41.921024900000035],[19.211400500000025,41.919377399999966],[19.213723799999965,41.91987869999996],[19.21373650000004,41.918269699999975],[19.222993099999968,41.91548370000003],[19.235776,41.9058277],[19.235220300000016,41.90952260000001],[19.2383933,41.90946680000001],[19.260926,41.90414470000002],[19.306324700000015,41.88741920000002],[19.3255598,41.87666179999999],[19.341834099999982,41.862575300000024],[19.37031,41.84637040000002],[19.36932949999998,41.848431],[19.373135400000024,41.85076080000002],[19.374999299999967,41.87558980000002],[19.38154060000003,41.885498800000015],[19.379494099999988,41.88696940000001],[19.36911230000004,41.88857320000002],[19.36515770000004,41.898460099999966],[19.345780600000023,41.9033169],[19.342946800000032,41.90552410000002],[19.342759299999972,41.90866070000002],[19.34609449999997,41.913292],[19.364808500000013,41.91748949999999],[19.369523499999957,41.92011619999999],[19.371737199999977,41.923440699999986],[19.368392,41.92940620000002],[19.351873700000038,41.93945260000001],[19.35019719999997,41.9451708],[19.35240270000002,41.95785439999998],[19.35897460000004,41.960219800000026],[19.382560200000015,41.9614561],[19.388636100000028,41.966363],[19.37637109999996,41.97450249999997],[19.376906,41.979004],[19.3818257,41.98557480000003],[19.38253939999998,41.99585620000002],[19.3790422,41.99751829999997],[19.379993600000017,42.0020091],[19.3740133,42.00475390000001],[19.37118429999997,42.014087900000035],[19.3732242,42.0227148],[19.369694,42.0240812],[19.3691665,42.0288324],[19.371917299999957,42.03286609999997],[19.3702637,42.03615370000003],[19.374554400000015,42.046101799999974],[19.379592,42.05200940000001],[19.377125,42.06001560000004],[19.37844509999997,42.07228410000004],[19.389479900000033,42.079385],[19.40630920000001,42.10178460000003],[19.283998699999987,42.178960600000046],[19.351723300000028,42.239240399999964],[19.3767773,42.26981679999998],[19.387828,42.291468],[19.407380199999984,42.312074],[19.425552100000026,42.32725050000004],[19.42419650000004,42.32964090000003],[19.420198800000026,42.32970970000004],[19.41737709999997,42.332829],[19.413706700000038,42.35035730000001],[19.423245699999974,42.35641309999996],[19.42436610000004,42.35933460000002],[19.422433600000016,42.366882],[19.425279699999958,42.37175580000004],[19.4383109,42.381479],[19.447520899999986,42.3852067],[19.453609900000018,42.38431080000003],[19.47235670000002,42.3920072],[19.478854599999956,42.403524],[19.487310100000037,42.4108171],[19.493385,42.42268240000003],[19.498295800000037,42.422733],[19.499262099999964,42.43256819999997],[19.50365139999996,42.434411800000014],[19.503731600000023,42.4375366],[19.519595,42.4427364],[19.51851119999996,42.4484524],[19.532175199999962,42.45966820000003],[19.5480197,42.4866114],[19.552699899999986,42.487070599999974],[19.55753989999997,42.49322090000001],[19.562744,42.501114399999956],[19.561501600000025,42.51345589999996],[19.601559,42.53028290000001],[19.605439100000027,42.53783209999998],[19.61249959999997,42.53947129999998],[19.61694389999999,42.542651],[19.60977419999998,42.56340279999998],[19.611563599999975,42.56782229999999],[19.609661200000044,42.575146],[19.6124367,42.579245500000034],[19.63693960000003,42.6008827],[19.661331500000017,42.6275945],[19.667154100000033,42.63131950000002],[19.673132200000037,42.6282631],[19.6801542,42.628414700000015],[19.68512460000002,42.63401920000001],[19.6862632,42.638548],[19.6897745,42.63770760000001],[19.700165900000027,42.64513080000004],[19.69900230000003,42.65022469999998],[19.703439800000016,42.65249870000002],[19.704307499999956,42.6556674],[19.70626979999996,42.6545799],[19.712183300000035,42.655774499999985],[19.723087799999977,42.660975399999984],[19.727114,42.661095],[19.734268600000043,42.65462740000002],[19.7378898,42.64275539999996],[19.75005450000002,42.6402344],[19.757039400000014,42.63570690000003],[19.756971299999975,42.6338935],[19.74975439999997,42.62830359999997],[19.7495411,42.624774900000034],[19.752499,42.6202444],[19.75116460000003,42.613821599999966],[19.759925299999963,42.610513],[19.7592204,42.60672939999997],[19.76829079999997,42.59761230000004],[19.771591499999957,42.59621780000003],[19.775718900000044,42.5876319],[19.774293599999975,42.581638699999985],[19.76394639999996,42.58343439999997],[19.75886279999998,42.58009870000002],[19.7518577,42.58133469999997],[19.7536277,42.5765871],[19.74811790000001,42.573603200000015],[19.753986,42.56426689999998],[19.748352100000027,42.55582539999999],[19.74938360000002,42.55086860000002],[19.7436274,42.54671789999996],[19.743809699999975,42.543634],[19.747697899999988,42.535736200000024],[19.7529612,42.531945099999966],[19.75179040000003,42.5285941],[19.75929920000003,42.519788299999966],[19.759247500000015,42.51604079999996],[19.76574779999997,42.501070400000046],[19.77843550000002,42.494415],[19.796011200000024,42.478511],[19.8069409,42.473025],[19.81325,42.472326799999976],[19.8215332,42.4681277],[19.8311009,42.46571009999998],[19.83843720000002,42.47399210000001],[19.836150199999974,42.4788922],[19.841371100000032,42.48009729999996],[19.848142599999957,42.47695180000002],[19.854851899999975,42.48403289999999],[19.864437,42.48087330000004],[19.868122400000015,42.48121],[19.87215039999996,42.48471160000001],[19.872898899999985,42.489412700000045],[19.87548059999999,42.49056049999998],[19.875553299999964,42.49464430000001],[19.87797839999998,42.49583419999997],[19.885648,42.49379550000004],[19.895331699999968,42.4851708],[19.8987037,42.48492809999998],[19.899860799999985,42.4886865],[19.90285320000004,42.4903868],[19.901992200000034,42.494110199999966],[19.905439399999974,42.49567610000003],[19.903526299999957,42.50022870000004],[19.906319300000035,42.50728750000002],[19.917307499999975,42.5075362],[19.922263499999964,42.51112879999997],[19.94014729999997,42.517877400000046],[19.9434775,42.51762629999996],[19.953270299999975,42.51065390000002],[19.96693849999997,42.509297200000034],[19.971958,42.51139059999996],[19.98253340000004,42.51234919999996],[19.984775500000012,42.510895],[19.9955001,42.5113921],[20.00336780000002,42.5088556],[20.00818450000003,42.5128874],[20.01005240000004,42.5199969],[20.012435200000017,42.52198110000003],[20.012099300000024,42.52570319999998],[20.01635250000004,42.53062890000004],[20.013851400000043,42.53644209999999],[20.0167815,42.54314970000004],[20.027125500000025,42.54344780000002],[20.04968249999998,42.549886],[20.056982600000033,42.55907039999998],[20.073139399999967,42.555542],[20.07919540000002,42.55549440000004],[20.085178,42.57092639999996],[20.0895905,42.57542260000001],[20.086461199999988,42.58292110000004],[20.08685279999997,42.587420199999976],[20.075624200000036,42.60089729999997],[20.072615100000018,42.60710079999997],[20.075768,42.61437449999997],[20.075419299999957,42.620719300000026],[20.077944900000027,42.62381989999998],[20.09141389999997,42.631420600000034],[20.09075670000004,42.63337950000002],[20.09350870000001,42.63462270000003],[20.095072399999985,42.64084550000003],[20.10183,42.64553269999998],[20.110211299999985,42.6482391],[20.11207760000004,42.65620039999996],[20.08844139999996,42.6688505],[20.0823587,42.67963939999998],[20.067150599999966,42.6801517],[20.062725,42.6847021],[20.05357650000003,42.68476040000003],[20.043682300000015,42.69540030000002],[20.032132200000035,42.6976673],[20.030251500000034,42.70628469999998],[20.031915499999958,42.710780700000015],[20.02647920000002,42.70952959999997],[20.015182300000028,42.709928500000025],[20.016079099999978,42.71299210000002],[20.021386199999974,42.713141400000026],[20.0301898,42.71973169999997],[20.01680230000004,42.72397890000002],[20.01289859999999,42.728474899999966],[20.01420860000002,42.733424499999956],[20.012052699999987,42.739776199999966],[20.01365289999996,42.74309190000004],[20.0168104,42.743187300000024],[20.0178559,42.74844810000001],[20.022469299999972,42.75189090000003],[20.021390499999974,42.757004],[20.024033,42.7646141],[20.0296425,42.765825300000024],[20.03225560000003,42.76490589999998],[20.032917,42.768561700000035],[20.042676500000017,42.77439560000001],[20.04691870000001,42.773497],[20.051491299999984,42.7766101],[20.060432700000035,42.77892490000004],[20.06981829999998,42.774461500000044],[20.084629,42.77396689999998],[20.08916560000002,42.775642200000036],[20.098466499999972,42.77582929999998],[20.104649,42.77241650000004],[20.103407599999972,42.769467],[20.1140887,42.763284899999974],[20.11912160000004,42.7619391],[20.126016200000024,42.762607499999966],[20.145746500000044,42.755389599999965],[20.149056299999984,42.7638017],[20.155091299999988,42.768844100000045],[20.1680404,42.76234879999997],[20.173930099999964,42.75640189999997],[20.182914400000012,42.75454819999998],[20.192677600000025,42.747122099999984],[20.196123699999962,42.75152150000002],[20.199068800000013,42.7480432],[20.200431399999957,42.7513151],[20.2134787,42.750538300000024],[20.22413029999998,42.753892800000024],[20.2336747,42.753136499999975],[20.23665079999996,42.757218],[20.250440100000027,42.75896959999997],[20.255308,42.77032740000003],[20.258158400000042,42.771184499999976],[20.266223299999957,42.77926840000004],[20.263437,42.788588199999964],[20.262726800000024,42.803985400000016],[20.258591900000027,42.8045521],[20.252309100000037,42.81071439999998],[20.25477460000002,42.81429390000003],[20.261475,42.81474020000001],[20.27405859999997,42.819998799999986],[20.27601869999997,42.82208339999998],[20.2750701,42.825360499999974],[20.280749100000033,42.830408500000026],[20.2853056,42.8259266],[20.2937889,42.82531520000004],[20.297915199999988,42.83599619999997],[20.315493300000014,42.83582229999997],[20.316477199999976,42.82913379999998],[20.3200391,42.82605010000001],[20.327564300000017,42.83316459999998],[20.334900699999963,42.8355501],[20.33925029999996,42.836181400000015],[20.34354710000003,42.83282319999998],[20.354044799999976,42.8326335],[20.3529277,42.84053970000002],[20.348900599999958,42.846314299999975],[20.3493928,42.85604140000002],[20.343095200000032,42.86846570000003],[20.346776299999963,42.87615670000001],[20.3458428,42.88808669999998],[20.351064400000023,42.89599760000003],[20.346414200000023,42.9112768],[20.337241,42.9076817],[20.330275299999972,42.91354870000004],[20.32692790000003,42.912315],[20.32275410000001,42.91599490000003],[20.320051200000016,42.9149801],[20.31739159999996,42.9173599],[20.311218,42.91753239999996],[20.31170359999998,42.921032600000025],[20.3133452,42.921614],[20.31230449999996,42.923468100000015],[20.299412399999966,42.921905799999976],[20.288540100000024,42.9276436],[20.2849781,42.9274237],[20.284484600000024,42.93166569999998],[20.27911549999996,42.93262050000003],[20.278347700000026,42.93551460000003],[20.276502300000015,42.93362950000002],[20.27006329999998,42.9326546],[20.25259230000002,42.94046190000001],[20.241006899999963,42.94062540000004],[20.233533300000033,42.9452676],[20.23031720000003,42.944615499999955],[20.22968170000003,42.9466341],[20.22533650000004,42.948369699999986],[20.218758200000025,42.954813299999955],[20.209715300000013,42.959410199999986],[20.20288630000004,42.957743800000046],[20.196261399999987,42.95848369999998],[20.180984500000026,42.9652852],[20.171979300000025,42.97226220000004],[20.16214259999997,42.97330990000004],[20.157946,42.976091],[20.153461400000044,42.97492139999997],[20.151616,42.9807398],[20.152875399999964,42.98563549999997],[20.151337,42.985825699999985],[20.15054990000002,42.988963],[20.1473024,42.98967369999996],[20.137718900000017,42.9800603],[20.13661709999998,42.97474280000003],[20.13359219999999,42.9714954],[20.1251282,42.96699680000003],[20.121779200000017,42.963496],[20.108495,42.97220410000003],[20.09681679999999,42.97143369999997],[20.093732599999974,42.975006700000016],[20.09034579999997,42.9756548],[20.087178700000024,42.98619440000003],[20.08350850000002,42.98912580000001],[20.075892899999975,42.99148320000002],[20.068260499999962,42.990867100000024],[20.05941759999998,42.9946787],[20.057164499999985,43.00190860000002],[20.053823300000023,43.004728],[20.059810599999988,43.007704799999985],[20.0544563,43.00967280000002],[20.05629640000001,43.0173983],[20.049174300000033,43.022236700000036],[20.047181299999977,43.02680979999996],[20.02763029999996,43.0376853],[20.01163040000004,43.04265790000002],[19.9921962,43.051796500000044],[19.984110499999968,43.06571939999998],[19.976333399999973,43.072729500000015],[19.96761430000002,43.086703],[19.96998880000002,43.08802550000004],[19.973699299999986,43.10319159999999],[19.97378450000002,43.1063756],[19.97023959999999,43.111268700000025],[19.960562299999978,43.10953520000003],[19.950337599999973,43.10208850000002],[19.948559899999967,43.10284110000003],[19.944970399999978,43.1006938],[19.9374845,43.100333799999966],[19.931219299999963,43.09590210000001],[19.923129300000014,43.095907600000025],[19.918406400000038,43.09084080000002],[19.91627369999997,43.0853253],[19.906851700000033,43.09109139999997],[19.902454,43.09898090000002],[19.888171,43.0972589],[19.88638310000003,43.10132870000004],[19.882081900000042,43.10230960000002],[19.883633,43.10499550000003],[19.879892099999957,43.10841770000003],[19.87046150000002,43.11296829999996],[19.862071500000027,43.110082099999985],[19.86123520000002,43.10599270000002],[19.851696700000037,43.10228830000003],[19.851417799999965,43.10007140000001],[19.84591370000001,43.099852899999966],[19.84131119999996,43.095081],[19.8384209,43.09450619999998],[19.834471099999956,43.096158],[19.836993799999963,43.10019910000001],[19.83385629999998,43.10714660000002],[19.84006910000004,43.10992380000003],[19.840882099999984,43.11184830000002],[19.837942400000024,43.115361],[19.826222699999956,43.118138800000025],[19.8202934,43.1155578],[19.811856,43.11546480000002],[19.807554299999957,43.1172873],[19.8078587,43.12093110000004],[19.805476900000023,43.12223109999996],[19.791477,43.1237935],[19.786517700000033,43.128894299999985],[19.78681309999996,43.131408],[19.77940580000001,43.135962799999966],[19.7795453,43.138082799999964],[19.776969499999957,43.1378192],[19.777206700000043,43.13969140000001],[19.780784500000042,43.14064470000002],[19.781721899999976,43.143880699999976],[19.779836,43.146264799999976],[19.779230199999958,43.1567742],[19.77093779999996,43.16292919999999],[19.7699185,43.16620089999997],[19.765082800000016,43.16363590000002],[19.7605816,43.164341300000025],[19.75666580000001,43.162624800000025],[19.756027300000028,43.16025],[19.746736500000022,43.15889340000002],[19.7418242,43.15915440000003],[19.7370806,43.162149],[19.738561100000023,43.1638707],[19.735273599999974,43.16633089999998],[19.73474170000002,43.17125760000003],[19.70426889999996,43.170647199999976],[19.685930800000023,43.168155],[19.68200410000002,43.1723413],[19.68000589999998,43.17876730000002],[19.672668899999984,43.183502],[19.664880799999967,43.186459],[19.66138320000003,43.184941399999985],[19.641886599999985,43.1886675],[19.637715899999957,43.20044470000003],[19.640698,43.206681300000014],[19.634678099999963,43.20981290000004],[19.626149699999978,43.222343],[19.619798199999988,43.22514180000004],[19.618944,43.22962159999997],[19.602881599999982,43.23295620000001],[19.5911523,43.238340700000016],[19.580748,43.24011559999997],[19.57435090000003,43.23956],[19.566477,43.24191850000002],[19.56213869999998,43.24083850000001],[19.54508259999998,43.246390700000035],[19.541713800000043,43.258831],[19.5430711,43.259595699999984],[19.539053,43.26220629999998],[19.533692600000013,43.26965570000004],[19.529729099999987,43.27137610000001],[19.527356599999973,43.277807600000045],[19.527315799999972,43.28341019999998],[19.537989,43.3024213],[19.53555559999997,43.307850399999964],[19.532471599999973,43.3083629],[19.5281115,43.31594910000001],[19.52154929999998,43.319746299999956],[19.517574,43.31920490000002],[19.4860537,43.326295499999965],[19.481699599999985,43.332758],[19.460800200000044,43.34458060000004],[19.46268749999997,43.351858],[19.4597498,43.3540489],[19.461357300000042,43.358483600000014],[19.4567162,43.36501619999998],[19.450594500000012,43.36670789999997],[19.449248899999965,43.387338],[19.439906300000025,43.39116840000004],[19.438170400000015,43.39015920000003],[19.428512099999978,43.39252170000002],[19.4248389,43.391093],[19.41995859999996,43.3932097],[19.412588599999985,43.391856500000046],[19.400279099999967,43.39941340000003],[19.393964900000043,43.40085439999997],[19.3891305,43.4060459],[19.390415700000013,43.40719869999999],[19.3832073,43.412026799999964],[19.36610029999996,43.41258250000003],[19.3607925,43.41063730000002],[19.350007299999977,43.4154676],[19.338617700000043,43.42836110000002],[19.334202400000027,43.436129],[19.322460800000012,43.4406444],[19.3081408,43.439788299999954],[19.29964729999997,43.4438369],[19.292056500000026,43.443879],[19.284444,43.4488037],[19.282944100000037,43.44842439999997],[19.277436399999964,43.4535913],[19.273538400000028,43.4536601],[19.267631300000037,43.4574644],[19.254188799999977,43.4611206],[19.247877700000043,43.468391],[19.2231009,43.48193889999999],[19.22715489999997,43.48501580000002],[19.223637399999987,43.49132790000004],[19.22685109999997,43.49492580000001],[19.223788599999974,43.503572099999985],[19.226274100000012,43.50509729999997],[19.2281352,43.51195569999998],[19.2238426,43.524361],[19.2259391,43.5283315],[19.21636970000004,43.530989800000036],[19.2123952,43.5299062],[19.199542100000027,43.53275550000003],[19.197615699999975,43.53574920000001],[19.190375399999986,43.5333735],[19.179116400000023,43.53279569999998],[19.1744445,43.534577400000046],[19.1710458,43.53275550000003],[19.16008569999998,43.534176099999975],[19.15264610000002,43.536776500000016],[19.148594199999962,43.533221],[19.138896699999968,43.528828],[19.136861399999965,43.52568360000003],[19.131945199999983,43.5260128],[19.12475890000002,43.520302500000035],[19.119341799999983,43.51917860000004],[19.111062,43.52216470000002],[19.103179599999958,43.5220442],[19.10270910000002,43.51815479999997],[19.09705750000003,43.513337700000015],[19.09168260000002,43.51281190000003],[19.09189850000003,43.51524850000002],[19.0868336,43.5167017],[19.07519819999998,43.511471],[19.06384509999996,43.5106722],[19.0615645,43.50507159999997],[19.05150640000001,43.50188530000004],[19.047899299999987,43.50234939999998],[19.0421757,43.50330090000001],[19.04385840000004,43.51328540000004],[19.039911699999983,43.51808240000002],[19.040005800000042,43.52117710000002],[19.0435595,43.52441619999997],[19.036059099999985,43.53288840000001],[19.02548090000004,43.538903599999976],[19.02219839999996,43.54533149999998],[19.01899339999999,43.54296429999996],[19.01551719999996,43.5434458],[19.013989400000025,43.54146359999996],[19.011476300000012,43.54275160000004],[19.01108169999996,43.548476200000025],[19.008169599999974,43.550842100000025],[19.005237,43.5584011]]]]}},{"type":"Feature","properties":{"shapeName":"Macedonia","shapeISO":"MKD"},"geometry":{"type":"MultiPolygon","coordinates":[[[[22.29907099996336,42.364933999412415],[22.29770599996607,42.37096899917024],[22.29432350021466,42.37378899899185],[22.28219100015724,42.36951799898854],[22.273327000370273,42.36139499920023],[22.268915500274886,42.36213249911807],[22.265320000108883,42.3659549991222],[22.26074050018684,42.36636249907531],[22.254223500107173,42.36204599937186],[22.252646500167828,42.352825499009185],[22.23045050009523,42.336245499375394],[22.21320649998989,42.337475499407695],[22.198697499994864,42.340747999320705],[22.19478350012912,42.33985949906868],[22.18789299998088,42.334742999355214],[22.1669415002749,42.31303449928178],[22.16185650038847,42.31364299937262],[22.15639699996075,42.3182799992717],[22.14424100026093,42.319746499361045],[22.138639000144853,42.31199949924911],[22.13280600009836,42.307246499373676],[22.12327000010515,42.311124999320086],[22.11499400038616,42.31234299907555],[22.109347000131944,42.30887699919731],[22.100637000298544,42.30629999913333],[22.06680799999458,42.299871499295506],[22.063696000185136,42.30007449902981],[22.04953800018927,42.30760749915373],[22.04158450026216,42.30613399935265],[22.035052000274618,42.29930799934263],[22.026291000164747,42.299645999042326],[21.997115500140126,42.31962899934976],[21.978098500072807,42.32691349913956],[21.94836300017613,42.343378499269434],[21.934319000110857,42.34081199899772],[21.92958650025821,42.3142434992793],[21.925172000093884,42.30735549918888],[21.894251000291664,42.300658499005664],[21.88319050022062,42.31333699906206],[21.87474550020221,42.310478499252035],[21.87352000027386,42.30883949923224],[21.865518000127793,42.31764249941133],[21.855145500182232,42.32360999941127],[21.850805000375033,42.32549299921158],[21.842703000171696,42.32468799908634],[21.834232500014934,42.32164649910364],[21.833515500120086,42.3101374990336],[21.829021000359262,42.306831499247494],[21.824164000334004,42.29930849935423],[21.815331000362566,42.293795999053586],[21.803606500269783,42.29366399915761],[21.795102000228553,42.298615499113424],[21.790291500376046,42.28584599920727],[21.786111500222713,42.280181498998985],[21.778480500087483,42.27433799916019],[21.778469500283567,42.268796999101774],[21.77639800018375,42.26671099911728],[21.767966500027004,42.264033998995636],[21.763864500323056,42.25914649916642],[21.75718600011686,42.25697299941275],[21.75050250024492,42.26112049926636],[21.7390090000826,42.260628999175054],[21.72726299994366,42.26319349940072],[21.721972000253746,42.25661849933259],[21.71507050030158,42.25389799910715],[21.714090500188203,42.24374349924224],[21.71208800033037,42.241426499327275],[21.70183900008487,42.23495149931664],[21.69790600023072,42.23430499924877],[21.693556000204577,42.23473549928265],[21.691068499955577,42.2388199990326],[21.683292500074288,42.2417779993381],[21.67593450038828,42.24068499931728],[21.658995500121133,42.24823949903743],[21.620863999986796,42.252398499156314],[21.61284799996764,42.257119499193436],[21.604753000375243,42.255461499184996],[21.597582500066153,42.25629499906818],[21.59212900022652,42.25839599939831],[21.58694650034022,42.262817499274576],[21.575267999959063,42.25407749919928],[21.56796350015765,42.250918999216665],[21.544907000028957,42.253628999200025],[21.534562000267957,42.24857699917518],[21.520562500329447,42.24731549931592],[21.51769050020817,42.259489998992684],[21.513824500100217,42.26602299899181],[21.500968499998237,42.271333499131345],[21.48665850009479,42.27390649910335],[21.475595999977774,42.27922799904693],[21.468456999945204,42.280055499241506],[21.456655500325326,42.27650249915591],[21.45024500000329,42.27673149904023],[21.448767000098428,42.27900399927799],[21.444857500336465,42.27789799940709],[21.44097900039003,42.273345999219664],[21.44042250014911,42.26233999905654],[21.432902500325042,42.258422999121684],[21.43477100024069,42.249891499357275],[21.44244800008755,42.241819999407284],[21.442517500341125,42.235051999385746],[21.437345000235727,42.23424499921413],[21.427906500242216,42.2407719990749],[21.399251000066666,42.24919049938149],[21.38333050035095,42.24297349902455],[21.37107450014389,42.226604999321204],[21.364181000376274,42.221802499203626],[21.357423000135608,42.219298999035566],[21.345760500123504,42.205579499257944],[21.337199000116755,42.20566499898095],[21.33199200011529,42.201902999022856],[21.331061500244004,42.1990714993858],[21.335202499947684,42.19032449914899],[21.32653050009134,42.17701799900159],[21.318867000105968,42.17242549922949],[21.31652049996046,42.156362499375774],[21.307715000173577,42.14771749924262],[21.30793750035753,42.144573999156414],[21.302389500137565,42.14130799939319],[21.303940000365174,42.13582199925388],[21.318631500071717,42.11155349905857],[21.318322500141562,42.108850499236546],[21.315019999986422,42.10691749918267],[21.30346300015856,42.10522749933577],[21.300271000302985,42.108512999098885],[21.29339850012019,42.107880999365264],[21.27261150016028,42.09593149903098],[21.25091250030573,42.09229749932609],[21.24894400022157,42.090752499170556],[21.246051500188116,42.09181699903871],[21.24454300002975,42.094658499356065],[21.239134500328305,42.09389199921929],[21.233624000073803,42.097866499130866],[21.22584550013488,42.09606749901916],[21.221746500050468,42.096849499063794],[21.21337350034321,42.11188349902334],[21.216232000153184,42.12362249900072],[21.21462750002951,42.131985499376455],[21.20315200028227,42.146929999071226],[21.181139999955576,42.166394499114396],[21.16778600006199,42.1898794992305],[21.161752500338707,42.19708449898605],[21.125360000281827,42.202195999033954],[21.119733500050412,42.20574749908477],[21.10630550024922,42.205661499350164],[21.097037500140175,42.201775999242194],[21.089476500270052,42.19356999933867],[21.083662500212142,42.189983999391735],[21.072545000175698,42.18707499931661],[21.06246100013749,42.18157499930419],[21.051884999996393,42.17049049912945],[21.026780500309883,42.15249499923321],[21.0107485002714,42.15013549923787],[20.999447500051023,42.14497449939774],[20.96936200017791,42.13645099936789],[20.9454449999933,42.137852999319044],[20.929225000116787,42.12838999921041],[20.921351000224153,42.12774699922329],[20.91659999994505,42.122931999267244],[20.912339500183748,42.11457649906406],[20.89076450004086,42.09731049935094],[20.883699000354166,42.09608599899598],[20.851747000161822,42.09866099901397],[20.841596000377475,42.09630099900702],[20.83414500034559,42.08596899909614],[20.809938000219233,42.08229399934541],[20.792806500010045,42.08365199918118],[20.784647500290816,42.078891499132844],[20.782439500191227,42.07027199913786],[20.771287500258836,42.05960199907769],[20.758643000087147,42.05229149913791],[20.76141900024328,42.039269999266715],[20.748154000153477,42.025704999004624],[20.751898500157722,42.015279999197645],[20.7481085000037,41.98639999924179],[20.763764000354,41.96671749911805],[20.76719750038194,41.959588999328],[20.766031500026827,41.95362549942009],[20.759608000304464,41.95116799941339],[20.75474350010626,41.94678149899504],[20.76664650026777,41.93300049914857],[20.77215750008429,41.92107299932132],[20.768139500068912,41.91381449923151],[20.755675500012103,41.9060679991311],[20.749705499954416,41.894862999325646],[20.74046600005289,41.89279949941039],[20.736346000383666,41.8864684991228],[20.73562900003907,41.87685149906059],[20.72797250021523,41.86427699915405],[20.70593150011922,41.864659498980345],[20.683482500058574,41.85772799923571],[20.68127250036264,41.85958749939346],[20.681822500004156,41.866031499139154],[20.670554000083428,41.873411999343894],[20.66335299997047,41.87527349909823],[20.65239299996847,41.87472899913382],[20.646694500325342,41.872301999380696],[20.64220200016109,41.863997999016235],[20.622159500280194,41.85279899934889],[20.611066000347652,41.858578499061316],[20.61002700022277,41.86232749916933],[20.60131150026262,41.868247998984856],[20.594286000149225,41.87732749924402],[20.59174199994675,41.87586699929317],[20.58402950018063,41.8766429991993],[20.57506600034759,41.87523649914436],[20.5608575000868,41.86923249920207],[20.558991000217134,41.86371899932798],[20.563383000312456,41.84425349926163],[20.560919000155817,41.82736199919031],[20.566656000237064,41.80191049914706],[20.570657500321605,41.79916899933697],[20.574349000003167,41.78938699906749],[20.57236050001859,41.78740949933641],[20.564647000229286,41.785854999016664],[20.55317450010142,41.78984849936646],[20.546938000194192,41.789641499090145],[20.54816450014573,41.785346998994704],[20.54588300015007,41.78001649929319],[20.537888000165477,41.77920399899506],[20.53206200028029,41.776873999230034],[20.534771000240653,41.77212649903156],[20.53456100034481,41.766811499237846],[20.52927100022811,41.762234499373456],[20.519407000316278,41.74648449909246],[20.51888850005207,41.738213999050664],[20.514093000095787,41.72736499935993],[20.514514500371718,41.721475499359755],[20.52632500019928,41.706303999377425],[20.527491500116184,41.70045599898505],[20.527903500173014,41.68424449930469],[20.521201000312832,41.66738799914101],[20.516597000275624,41.662278999150864],[20.526622500313977,41.65191899904406],[20.525690499958333,41.639412499356304],[20.541831000250173,41.62420149936259],[20.548886000144307,41.60816149913986],[20.55524650021283,41.60063949926961],[20.55283649995232,41.59671999927696],[20.55577250020036,41.59180299921743],[20.55623049996882,41.58147749900674],[20.539782000219528,41.57545999920272],[20.522073000184264,41.564912499269],[20.508774000209943,41.564401499177926],[20.484885500232675,41.55892749931529],[20.46701300002491,41.55813699907473],[20.45600650029974,41.553800499359674],[20.473376000151116,41.5329884992731],[20.468981499998055,41.528646998993096],[20.460322499991605,41.52810849916704],[20.45487450027889,41.52370099916409],[20.453369000189525,41.51662049913157],[20.454726500013862,41.51352349921835],[20.462872000321227,41.50884949936564],[20.466532500187274,41.50759349918356],[20.470529000156432,41.50946899926073],[20.4769055001442,41.50792949928667],[20.47711950013246,41.506371499335735],[20.468592500021998,41.4994609991761],[20.46969450025028,41.496689999135356],[20.487930000284564,41.4937604990372],[20.495331000062716,41.49007799911354],[20.50310849997868,41.475439499279986],[20.502366499957077,41.465829999390856],[20.51252100027199,41.44984049898348],[20.508843500013707,41.4473374992764],[20.50758650025824,41.44416999908665],[20.514276000268524,41.437990499144526],[20.524690500283043,41.43793099912164],[20.53131800021271,41.435949499298445],[20.53882350015215,41.43638549900943],[20.54147850021621,41.42554349903026],[20.557374000254924,41.416757499243005],[20.559178500043796,41.41232649914804],[20.56024250029543,41.40260699942034],[20.554913000167293,41.40086899936607],[20.54894450014416,41.386311999163404],[20.551983000057703,41.377718999329744],[20.5395070001739,41.36614399908708],[20.537051000201586,41.36061149922441],[20.52699250030173,41.353931998995066],[20.52574999998137,41.34324549900424],[20.51927599999368,41.3374479993266],[20.516081000068993,41.336889499039515],[20.505837000388453,41.34513849903526],[20.49850300035644,41.34659649937832],[20.494814500294297,41.32898549935458],[20.50554450038914,41.31248649934027],[20.507824500350008,41.29508299915462],[20.51104150033234,41.28883149935115],[20.51404050023427,41.28673749918215],[20.511217500343548,41.27241499899071],[20.51441799994541,41.25605849911446],[20.520247500360767,41.24726699920046],[20.515534000047012,41.23283699922838],[20.531160000166775,41.2120139993377],[20.533448500323967,41.1990924990744],[20.547528000308375,41.194458499244654],[20.558908500113493,41.193017999305084],[20.561654500027487,41.18021999919143],[20.579568000281313,41.15986649933424],[20.582239500276216,41.15199399902663],[20.593580000058523,41.137435499239146],[20.59724050037431,41.12709449912076],[20.588347500368226,41.121883999038545],[20.58229000009157,41.11356099913525],[20.584750500167612,41.10856299900647],[20.59235500014154,41.10125149904373],[20.595609500089097,41.092411999371954],[20.632866000282657,41.08651299915285],[20.63583300034622,41.099952499219015],[20.633571500362,41.10713349932056],[20.641503500243058,41.12481899926362],[20.641477500093114,41.133040999086205],[20.648019500299768,41.13840799917978],[20.651459000016473,41.145386499108426],[20.65025200006488,41.1591639993241],[20.65350850005865,41.16711849927418],[20.67603250004987,41.1740154991227],[20.732775500344417,41.16624699941435],[20.749202000036064,41.158565999025576],[20.75461550030241,41.150716999259735],[20.757088000205385,41.139023998994006],[20.76929750023965,41.128464499233424],[20.771173000316708,41.121915499315236],[20.78701349998653,41.11761749913903],[20.78827550030695,41.110851999175075],[20.80062850005254,41.111696499311755],[20.80747500008556,41.106225499068714],[20.796732500152416,41.08871699916006],[20.79580650038474,41.08298799926317],[20.801547500108487,41.075664999035325],[20.799084999986288,41.07178899914666],[20.80129400010901,41.04759799938906],[20.80521050003233,41.040171999034555],[20.805953000065358,41.02662599921057],[20.81002800004597,41.01642549918409],[20.806262500007108,41.01227349922659],[20.80335350038177,41.00083749904104],[20.796338500060873,40.99642949902649],[20.799887500053956,40.99310899935572],[20.799554000008587,40.98730099898654],[20.78699850009025,40.9739999994157],[20.785571500012338,40.9650374991561],[20.778010500142212,40.95985799933898],[20.774544000252607,40.95216299907719],[20.780419000368173,40.93543449916712],[20.77684700029431,40.927057999379144],[20.763013000124886,40.923447999328474],[20.755989500057638,40.92428099920001],[20.745063999951814,40.915755499124366],[20.732456000172135,40.911558999040096],[20.759953000165297,40.902093499323655],[20.77557700023914,40.904659499134134],[20.798295000206906,40.898961499052824],[20.813905999981046,40.89849449907685],[20.826405999968475,40.90583199918944],[20.82987400034227,40.9172159990752],[20.83960300028895,40.930330999303735],[20.84802800029593,40.937758499243216],[20.88617799995728,40.925028999359945],[20.8992935001973,40.918671499360855],[20.9151465001554,40.92261349942233],[20.929832500184773,40.92255599899587],[20.937357000112627,40.924123499165844],[20.94933750026263,40.92081699936816],[20.97482900032884,40.90218549919661],[20.978752999975484,40.896050999392884],[20.97766350003525,40.88966099909385],[20.98486650019441,40.894850499141484],[20.986160000341783,40.901954999277734],[20.982873000094454,40.907553499313025],[20.99143200004329,40.91338649935949],[20.967088000355375,40.919508999336166],[20.9568170000523,40.92509549909478],[20.944568000006537,40.93609699915425],[20.927976500107608,40.933315999332564],[20.915573000096913,40.93766049923193],[20.90155900027372,40.94727449922479],[20.897143000074607,40.954585999187756],[20.899249500082078,40.96162349912801],[20.910621000129478,40.968821999183405],[20.91636550038362,40.9803264991497],[20.932966500051865,40.99414349937681],[20.936566000310275,41.001990499096664],[20.947640000242814,41.00781149931592],[20.96410300032653,41.01045199904549],[20.989737500092755,41.00697599938674],[20.994438500118292,41.00392799925429],[21.00884650003303,41.00109399910969],[21.038370499999246,40.99750749915121],[21.048573000071944,40.988574499122485],[21.052027000122905,40.977177999398],[21.0680340000344,40.96669649918748],[21.06993700029597,40.955715999162564],[21.07638000001851,40.950718999056804],[21.079535500381382,40.94410549900048],[21.083007499948167,40.92449649922282],[21.10219350031474,40.910580999422464],[21.098980999986566,40.896150498989165],[21.10958200025442,40.87971799915908],[21.110927500251876,40.873292499390544],[21.117702999996762,40.867056499045134],[21.119297000328007,40.8611804993562],[21.11737250002045,40.85743249927121],[21.119611999946926,40.85468299927657],[21.152443000172013,40.85694349923766],[21.170256500368343,40.86781849907833],[21.177173500228378,40.875192999144716],[21.193482000346876,40.877192999394595],[21.2065565000911,40.883932499208626],[21.214055000318922,40.88310799908337],[21.242826500021465,40.874185999307954],[21.246184000095692,40.871949999012685],[21.25297850027863,40.86191799927408],[21.259722500196577,40.859411499036845],[21.268588000018152,40.86390299917804],[21.30275249996384,40.86584249938187],[21.322728000098554,40.870484499395936],[21.33213600028796,40.871170499025624],[21.344231000380088,40.873873999308806],[21.36578350000417,40.881999999166325],[21.416158500057296,40.91693849942173],[21.42518449998238,40.917415999190204],[21.440980499975016,40.91685849937567],[21.46471900009084,40.90682899924523],[21.490606500294803,40.91226849921174],[21.51876350021752,40.90847449941495],[21.525559499985437,40.91015949914654],[21.531949500284497,40.90640949901551],[21.551213500201353,40.88172399909744],[21.5633840002356,40.8768574993029],[21.566519500137247,40.86641949919618],[21.57334700018191,40.86652799900003],[21.584566500321674,40.86926949926003],[21.593235500109014,40.866002499024205],[21.59932600024717,40.87145699933641],[21.603667500077396,40.88015649937722],[21.608283000379913,40.879037499206504],[21.62117649999772,40.88853549922278],[21.628786500098386,40.88792599910876],[21.63563050007366,40.897116999240914],[21.645403000124134,40.90016149929261],[21.653968500223016,40.90099549918733],[21.670638000121816,40.89837899911154],[21.670920000328636,40.90785499907023],[21.66574750022346,40.91709799905248],[21.67041850000686,40.92611199915041],[21.68208700015731,40.933907499031726],[21.68363550033888,40.93795499927746],[21.686552000137166,40.93956599910148],[21.705845000273143,40.94349899940521],[21.73539100029717,40.93085799931411],[21.74646100013751,40.93051849913044],[21.756417500383463,40.92660349924171],[21.776994499998068,40.929814999097275],[21.7849720000288,40.92919899928272],[21.78897800021724,40.93280799931043],[21.790045500099897,40.937861999381504],[21.804147500153416,40.9447324990683],[21.8057545003349,40.95289599934102],[21.800860500355785,40.95710299921766],[21.800204500068787,40.960481499326264],[21.80151200008936,40.97606449935398],[21.814782000294368,40.98588149908137],[21.830377000149042,40.992416999138065],[21.843625500308235,40.99547599907444],[21.846319500372147,40.99749299926653],[21.851461000212396,41.01126849898642],[21.860995500171047,41.018727499202605],[21.883805000000393,41.02850099927598],[21.884056999965306,41.040735498987196],[21.898644999983386,41.039529999070446],[21.90542300023566,41.04272599901814],[21.912030000142124,41.0493924993972],[21.90819700034547,41.064883499102166],[21.903448500123943,41.06980949936942],[21.909466500389215,41.08024049931473],[21.912516000106677,41.09043249914532],[21.915325000124312,41.09308249909399],[21.921752000377182,41.09423199906887],[21.933862000365426,41.10489899905969],[21.964134500053607,41.119144499274434],[21.974821500056066,41.1277019991888],[21.99629400008388,41.12733449925873],[22.02323350026273,41.133034999397495],[22.033150500047668,41.13685199927491],[22.04617700003428,41.146520999187004],[22.057983500219052,41.14981149906546],[22.061490000131524,41.15536699900872],[22.0668955002136,41.15758349930399],[22.07758200020447,41.1538319991384],[22.080302999991712,41.15137999925845],[22.08073950016393,41.14560999931557],[22.087092500059324,41.13941849909696],[22.111981500172984,41.134133999107206],[22.120922500386428,41.12646849907589],[22.126520499960517,41.12481449915965],[22.140207500337684,41.1251714992974],[22.146591000037233,41.1269254992709],[22.172,41.156737999144354],[22.189946000103877,41.16144249925063],[22.203936000273018,41.16214849934132],[22.209741000123415,41.16692149922841],[22.214860500355712,41.16874899909823],[22.22927549998218,41.16490699909407],[22.23987900030761,41.16392399936122],[22.246677500133334,41.165520999311994],[22.257951000169214,41.165478999242985],[22.268477000056745,41.16340399906239],[22.273063500140097,41.16128199914706],[22.276532000075917,41.155971499007585],[22.288142000226514,41.15515899915903],[22.30233400010684,41.147741999011856],[22.312296000030134,41.14758849906982],[22.32339200002042,41.1508964993517],[22.320717999967766,41.143832999261456],[22.32738600038164,41.13575799923089],[22.325846499958118,41.130255999172164],[22.326854500267302,41.12164449936192],[22.332428000176037,41.120219499330155],[22.334001000023026,41.1205094992719],[22.338523999991367,41.13013349904571],[22.349388500039595,41.13561399905823],[22.363810500277,41.13227349937606],[22.368144500384062,41.137005499216876],[22.373908500188463,41.137675499377124],[22.38423650000738,41.13234399920282],[22.3958130002847,41.13750849912387],[22.402409999960867,41.13755349926203],[22.404862500301988,41.13576899903481],[22.40268399998337,41.133122499166895],[22.402683499971772,41.12852199921025],[22.4142075003877,41.123314999208816],[22.416487000337213,41.11938149934307],[22.446970000382468,41.118930499286414],[22.45655400013345,41.1204009990183],[22.462003000319097,41.11877849937899],[22.481968000211342,41.11983899910011],[22.506953500301734,41.12595049927286],[22.538223000045722,41.13029399914922],[22.56210800039184,41.131152999170574],[22.574275000345324,41.11903949910162],[22.58771100033118,41.117295999370185],[22.61766400029649,41.1335974993273],[22.642144999995935,41.16050949932154],[22.64570900033487,41.17753949898902],[22.648107000318877,41.17999799901868],[22.663210500082243,41.18513149912421],[22.673024000178717,41.17932949934301],[22.67740500002037,41.1704024990027],[22.711090000151668,41.139528999396546],[22.71897050019402,41.14406449920334],[22.730005000115288,41.145518499004474],[22.74739200037015,41.16303349906307],[22.748711000206242,41.17306499923982],[22.73264150020236,41.1737344993883],[22.72378850021948,41.18144699915438],[22.72226100007248,41.188281499360336],[22.71714300032437,41.190713999240195],[22.717098500197782,41.194145499222145],[22.710904500371157,41.20131699910459],[22.70607250002286,41.22818749904141],[22.719550000066132,41.23919099914693],[22.7207715003521,41.245303499342704],[22.745262000270483,41.24961099928838],[22.758306500222318,41.24604399932987],[22.760927499952118,41.267439499380735],[22.75638300038736,41.27451099920585],[22.76604850021897,41.292463499009706],[22.76385249994649,41.29542049929236],[22.7590710003131,41.29731399933481],[22.75706950002865,41.30728849909653],[22.76247800017967,41.32023399901384],[22.76807300013439,41.32548599915368],[22.790577500125778,41.32888849936626],[22.79367000038502,41.33052599935164],[22.7964575003565,41.334894999366185],[22.80525200033963,41.340176999298365],[22.816746500075343,41.33804949925645],[22.822176500272576,41.33447699917102],[22.82756599998538,41.334341999205876],[22.84032550011085,41.33724949924626],[22.87074249998324,41.34082349936644],[22.88559950035813,41.340233499252236],[22.896824500175228,41.337944999095235],[22.91361400014296,41.34136799933066],[22.927591500023823,41.338539499312965],[22.92826300021852,41.34124099910043],[22.937067999993985,41.34091249917021],[22.953208500285882,41.35237799913649],[22.96267850010628,41.35221099933286],[22.96550400005481,41.35707899916201],[22.962014000072994,41.37880349915482],[22.96611500020356,41.39641849927068],[22.951979500276707,41.41748749898793],[22.9615395003737,41.42924799901167],[22.96631600034135,41.43082349936603],[22.97226000024926,41.436257499205624],[22.97947750029311,41.44687599897766],[22.977110000113214,41.452628998977964],[22.96656750029484,41.46072699908925],[22.964067000195765,41.46484399913909],[22.967438500143263,41.474039999386584],[22.96186250017695,41.480555498982035],[22.958248500034074,41.495065999011615],[22.965655999962223,41.50127899927642],[22.971271000377953,41.51499849905405],[22.96023250036467,41.53047099923178],[22.958621500091056,41.538005999401726],[22.96025650001866,41.543115999414844],[22.969721500173534,41.543330499414466],[22.96900949994426,41.55332349915305],[22.972567000133434,41.56085599926537],[22.972282500318443,41.563593998994946],[22.969747000311713,41.56372799938665],[22.965684000158152,41.56985849909824],[22.964278000114803,41.579314499045395],[22.960616000213975,41.58478949938074],[22.955775500119557,41.58611649940137],[22.95054850010666,41.591559498998684],[22.949313499959146,41.59866399913495],[22.952909500136624,41.61691799914596],[22.95278549997533,41.627309999091324],[22.949041499982684,41.63380849919416],[22.950913999990515,41.63949549902163],[22.95526450002825,41.64420899933554],[22.96296150033629,41.64776499904057],[22.983546500135446,41.646785499388315],[22.985462000235486,41.65804149902072],[22.994251000091705,41.67232899930452],[23.009806999946534,41.686766499],[23.022339500233727,41.702811499338054],[23.02799250017688,41.70415099919716],[23.031219000378087,41.70729849937555],[23.032498000191197,41.72487999916857],[23.02326349995525,41.742236999181415],[23.017737500242674,41.748583499376764],[23.00934049998204,41.766396499111856],[23.001874500054047,41.76941399899083],[22.994285999999423,41.76830249899284],[22.98303900012485,41.76904299898],[22.964774000309887,41.77321149931779],[22.96269650007173,41.77671599918428],[22.965437000308608,41.78157149917479],[22.964724500067746,41.78725199930225],[22.95873550002165,41.790919499329654],[22.940678000044727,41.817115499002654],[22.94088999998678,41.82346499926725],[22.943668500200484,41.827911999281696],[22.922208500011152,41.869100499306036],[22.91620700012641,41.87569499937416],[22.911068000343846,41.8778769993238],[22.902543500291014,41.87581749905104],[22.899373000031858,41.89182999908946],[22.897303999989845,41.89421749928077],[22.898134500253434,41.90473949907609],[22.894711000006396,41.90924399906742],[22.89442700020282,41.91436799940341],[22.89132700022037,41.91972149918555],[22.883853000107877,41.92090899913723],[22.88179500031936,41.923142499375],[22.876798500225163,41.93388599933129],[22.87661149996046,41.94585949931989],[22.87385000013859,41.9544079990265],[22.877033000236224,41.972049499303814],[22.87473750036764,41.97790149933869],[22.87537700027417,41.99437149913414],[22.870067000145866,41.99925049921698],[22.863838999984925,42.00199949920019],[22.86794250017294,42.011687499100766],[22.867214000013007,42.02219949911518],[22.852386000306698,42.02544399928182],[22.832654000390733,42.020911999106],[22.825504500116264,42.02205599940368],[22.813221500186046,42.03054549909909],[22.800174000164983,42.04469299930234],[22.79245450023734,42.0379584991539],[22.781453500189404,42.0369319993173],[22.762902000063605,42.043048999167226],[22.75415400025338,42.04384649911951],[22.749288500032154,42.046538499137434],[22.74044400024519,42.04488099914065],[22.732899000294193,42.0485704992258],[22.728093500107434,42.05650849924501],[22.717137000186028,42.06598049911158],[22.71213700001124,42.06738099902819],[22.69610200035339,42.063573999381425],[22.68006300015361,42.06345649937013],[22.67411050004978,42.06573349926188],[22.66914750027826,42.07058849924114],[22.650270000280045,42.07734549900902],[22.641713500388676,42.08579699917728],[22.62684350016354,42.09421449901094],[22.617834000169353,42.09588149922704],[22.6131244999479,42.095256499204986],[22.60283450010599,42.09788949921163],[22.595161000339886,42.103157499270566],[22.589968000211346,42.11005499913051],[22.58331000002812,42.109219499201345],[22.578738000279035,42.11084349932508],[22.565886500280783,42.11794349935738],[22.551333500170415,42.13111649912462],[22.528740999948635,42.13927199921263],[22.524418500106666,42.14487349931711],[22.510412000006852,42.155158499043615],[22.516224000018777,42.15792349939564],[22.505675000050648,42.16980599908451],[22.505762000257846,42.175852499107485],[22.50088400019814,42.18677549915574],[22.50411400003054,42.19155399916971],[22.50086250015215,42.19621299912603],[22.485676000273543,42.20144399923129],[22.474402000225897,42.200913499140135],[22.469728999946707,42.202583998986974],[22.466800500321312,42.21088999939766],[22.459127000105465,42.21909099918587],[22.453547000046967,42.23070049932485],[22.44827350031073,42.236864999370695],[22.450514000260398,42.24199299934927],[22.442114500391767,42.24588799922644],[22.434948500186465,42.25578649903444],[22.424850000263575,42.25947099900445],[22.414689000248533,42.267311999035385],[22.411164500370603,42.2732434991048],[22.402948000224907,42.280121499414335],[22.397162000362925,42.29210449917205],[22.38887950004448,42.296829499301374],[22.378475500271975,42.30914599910483],[22.368507000198804,42.308964998978304],[22.358826500021507,42.31151049921555],[22.35080150024442,42.31798049911086],[22.334159500080375,42.32080249897839],[22.326332000360704,42.32995499912226],[22.31436300002622,42.3327244991285],[22.306725500190797,42.340199999275534],[22.29321999995159,42.34873449910929],[22.29088099997904,42.352616499136325],[22.29907099996336,42.364933999412415]],[[20.55731600026644,41.51631449927059],[20.56074950029455,41.51681249906203],[20.562027000072874,41.51378999906772],[20.548340000145345,41.5076559992756],[20.546511500252677,41.50081399934649],[20.54172650008894,41.50082299910428],[20.534188000287827,41.496672999193095],[20.537023500017256,41.49243649908592],[20.531544000027683,41.49499949927703],[20.52270050026391,41.49360699909517],[20.52034250030289,41.489319499161105],[20.523287500308925,41.48707449910772],[20.520158500107417,41.4840089990214],[20.52599000011918,41.483059499161705],[20.52167750005827,41.48210549919803],[20.527102000128536,41.477899499344424],[20.523988500284474,41.47845449910132],[20.524235000122474,41.47503199932689],[20.53345550003553,41.47558199941803],[20.528391500183716,41.47340449912262],[20.532660000129397,41.46673299907781],[20.53410050006903,41.469142499326715],[20.535655000388772,41.465807499321684],[20.54029150027611,41.46673249906622],[20.536534499983528,41.46298149936179],[20.538316500153197,41.46090099905447],[20.546547500183348,41.46166399911046],[20.537284500189624,41.459404999184166],[20.538221000199428,41.45455199925106],[20.543520000073897,41.45489349903134],[20.545060000059376,41.44936999937638],[20.556002000096097,41.45105949921168],[20.553259000251217,41.447741499148904],[20.556888500301966,41.446266499313225],[20.56720600032821,41.422781999208574],[20.573533000073834,41.41919599926163],[20.57639350037959,41.41213699927516],[20.5741180000727,41.41195199905627],[20.573731500154228,41.415638499072486],[20.565930000134696,41.42136049925741],[20.549869000326908,41.44692149912746],[20.539836000115656,41.44603299932518],[20.539158500232244,41.45094799933873],[20.5339735002882,41.44799049904466],[20.52998450004236,41.45443099915917],[20.522915000263364,41.45204349941731],[20.52951000034307,41.456570499028196],[20.522666500379216,41.46189449902939],[20.526210500257147,41.46385099917559],[20.524146000318638,41.4686854991317],[20.518543500191186,41.47055549908195],[20.516064500138157,41.46912399934967],[20.51260750001802,41.48721949930334],[20.50403450019599,41.49786349921379],[20.50930800038185,41.503478999191465],[20.522049500092066,41.5101824990748],[20.536266000087778,41.513752499102495],[20.53624350001877,41.512183999359245],[20.548330000364384,41.51009149922487],[20.556360500268394,41.51268599924287],[20.55731600026644,41.51631449927059]]]]}}]}
