card_id	deck	kind	source_chapter	prompt_language	answer_language	prompt	accepted_answers	distractors	explanation	lexical_ids	grammar_ids	geographic_ids	provenance_path	provenance_locator	provenance_evidence	examples	tags
zh-traditional-radicals-frequency-xix/3601/character-to-radical	XIX	vocabulary	3601	zh-Hant	zh-Hant	氨	"[""气""]"	[]		"[""zh-Hant.frequency.3758"",""zh.radical.kangxi.084""]"	[]	[]	sources/characters.tsv	frequency-order position 3601; corpus frequency rank 3758; Ministry common-character number 2117	氨: frequency-order position 3601; corpus frequency rank 3758; 5 appearances (0.00041%); Unihan kRSUnicode 84.6; Kangxi radical 84 气; Unihan kRSUnicode single radical assignment.	[]	"[""chinese"",""traditional"",""radicals"",""frequency"",""character-to-radical"",""one-way"",""part-19""]"
zh-traditional-radicals-frequency-xix/3602/character-to-radical	XIX	vocabulary	3602	zh-Hant	zh-Hant	壑	"[""土""]"	[]		"[""zh-Hant.frequency.3759"",""zh.radical.kangxi.032""]"	[]	[]	sources/characters.tsv	frequency-order position 3602; corpus frequency rank 3759; Ministry common-character number 823	壑: frequency-order position 3602; corpus frequency rank 3759; 5 appearances (0.00041%); Unihan kRSUnicode 32.14; Kangxi radical 32 土; Unihan kRSUnicode single radical assignment.	[]	"[""chinese"",""traditional"",""radicals"",""frequency"",""character-to-radical"",""one-way"",""part-19""]"
zh-traditional-radicals-frequency-xix/3603/character-to-radical	XIX	vocabulary	3603	zh-Hant	zh-Hant	紊	"[""糸""]"	[]		"[""zh-Hant.frequency.3760"",""zh.radical.kangxi.120""]"	[]	[]	sources/characters.tsv	frequency-order position 3603; corpus frequency rank 3760; Ministry common-character number 3091	紊: frequency-order position 3603; corpus frequency rank 3760; 5 appearances (0.00041%); Unihan kRSUnicode 120.4; Kangxi radical 120 糸; Unihan kRSUnicode single radical assignment.	[]	"[""chinese"",""traditional"",""radicals"",""frequency"",""character-to-radical"",""one-way"",""part-19""]"
zh-traditional-radicals-frequency-xix/3604/character-to-radical	XIX	vocabulary	3604	zh-Hant	zh-Hant	檜	"[""木""]"	[]		"[""zh-Hant.frequency.3761"",""zh.radical.kangxi.075""]"	[]	[]	sources/characters.tsv	frequency-order position 3604; corpus frequency rank 3761; Ministry common-character number 2036	檜: frequency-order position 3604; corpus frequency rank 3761; 5 appearances (0.00041%); Unihan kRSUnicode 75.13; Kangxi radical 75 木; Unihan kRSUnicode single radical assignment.	[]	"[""chinese"",""traditional"",""radicals"",""frequency"",""character-to-radical"",""one-way"",""part-19""]"
zh-traditional-radicals-frequency-xix/3605/character-to-radical	XIX	vocabulary	3605	zh-Hant	zh-Hant	胱	"[""肉""]"	[]		"[""zh-Hant.frequency.3762"",""zh.radical.kangxi.130""]"	[]	[]	sources/characters.tsv	frequency-order position 3605; corpus frequency rank 3762; Ministry common-character number 3319	胱: frequency-order position 3605; corpus frequency rank 3762; 5 appearances (0.00041%); Unihan kRSUnicode 130.6; Kangxi radical 130 肉; Unihan kRSUnicode single radical assignment.	[]	"[""chinese"",""traditional"",""radicals"",""frequency"",""character-to-radical"",""one-way"",""part-19""]"
zh-traditional-radicals-frequency-xix/3606/character-to-radical	XIX	vocabulary	3606	zh-Hant	zh-Hant	竅	"[""穴""]"	[]		"[""zh-Hant.frequency.3763"",""zh.radical.kangxi.116""]"	[]	[]	sources/characters.tsv	frequency-order position 3606; corpus frequency rank 3763; Ministry common-character number 2974	竅: frequency-order position 3606; corpus frequency rank 3763; 5 appearances (0.00041%); Unihan kRSUnicode 116.13; Kangxi radical 116 穴; Unihan kRSUnicode single radical assignment.	[]	"[""chinese"",""traditional"",""radicals"",""frequency"",""character-to-radical"",""one-way"",""part-19""]"
zh-traditional-radicals-frequency-xix/3607/character-to-radical	XIX	vocabulary	3607	zh-Hant	zh-Hant	俺	"[""人""]"	[]		"[""zh-Hant.frequency.3764"",""zh.radical.kangxi.009""]"	[]	[]	sources/characters.tsv	frequency-order position 3607; corpus frequency rank 3764; Ministry common-character number 184	俺: frequency-order position 3607; corpus frequency rank 3764; 5 appearances (0.00041%); Unihan kRSUnicode 9.8; Kangxi radical 9 人; Unihan kRSUnicode single radical assignment.	[]	"[""chinese"",""traditional"",""radicals"",""frequency"",""character-to-radical"",""one-way"",""part-19""]"
zh-traditional-radicals-frequency-xix/3608/character-to-radical	XIX	vocabulary	3608	zh-Hant	zh-Hant	闌	"[""門""]"	[]		"[""zh-Hant.frequency.3765"",""zh.radical.kangxi.169""]"	[]	[]	sources/characters.tsv	frequency-order position 3608; corpus frequency rank 3765; Ministry common-character number 4392	闌: frequency-order position 3608; corpus frequency rank 3765; 5 appearances (0.00041%); Unihan kRSUnicode 169.9; Kangxi radical 169 門; Unihan kRSUnicode single radical assignment.	[]	"[""chinese"",""traditional"",""radicals"",""frequency"",""character-to-radical"",""one-way"",""part-19""]"
zh-traditional-radicals-frequency-xix/3609/character-to-radical	XIX	vocabulary	3609	zh-Hant	zh-Hant	匐	"[""勹""]"	[]		"[""zh-Hant.frequency.3766"",""zh.radical.kangxi.020""]"	[]	[]	sources/characters.tsv	frequency-order position 3609; corpus frequency rank 3766; Ministry common-character number 412	匐: frequency-order position 3609; corpus frequency rank 3766; 5 appearances (0.00041%); Unihan kRSUnicode 20.9; Kangxi radical 20 勹; Unihan kRSUnicode single radical assignment.	[]	"[""chinese"",""traditional"",""radicals"",""frequency"",""character-to-radical"",""one-way"",""part-19""]"
zh-traditional-radicals-frequency-xix/3610/character-to-radical	XIX	vocabulary	3610	zh-Hant	zh-Hant	彫	"[""彡""]"	[]		"[""zh-Hant.frequency.3768"",""zh.radical.kangxi.059""]"	[]	[]	sources/characters.tsv	frequency-order position 3610; corpus frequency rank 3768; Ministry common-character number 1272	彫: frequency-order position 3610; corpus frequency rank 3768; 5 appearances (0.00041%); Unihan kRSUnicode 59.8; Kangxi radical 59 彡; Unihan kRSUnicode single radical assignment.	[]	"[""chinese"",""traditional"",""radicals"",""frequency"",""character-to-radical"",""one-way"",""part-19""]"
zh-traditional-radicals-frequency-xix/3611/character-to-radical	XIX	vocabulary	3611	zh-Hant	zh-Hant	辮	"[""辛""]"	[]		"[""zh-Hant.frequency.3769"",""zh.radical.kangxi.160""]"	[]	[]	sources/characters.tsv	frequency-order position 3611; corpus frequency rank 3769; Ministry common-character number 3186	辮: frequency-order position 3611; corpus frequency rank 3769; 5 appearances (0.00041%); Unihan kRSUnicode 160.13 120.14; Kangxi radical 160 辛; Reviewed primary Unihan kRSUnicode assignment 160.13 from alternatives 160.13 120.14.	[]	"[""chinese"",""traditional"",""radicals"",""frequency"",""character-to-radical"",""one-way"",""part-19""]"
zh-traditional-radicals-frequency-xix/3612/character-to-radical	XIX	vocabulary	3612	zh-Hant	zh-Hant	淤	"[""水""]"	[]		"[""zh-Hant.frequency.3770"",""zh.radical.kangxi.085""]"	[]	[]	sources/characters.tsv	frequency-order position 3612; corpus frequency rank 3770; Ministry common-character number 2221	淤: frequency-order position 3612; corpus frequency rank 3770; 5 appearances (0.00041%); Unihan kRSUnicode 85.8; Kangxi radical 85 水; Unihan kRSUnicode single radical assignment.	[]	"[""chinese"",""traditional"",""radicals"",""frequency"",""character-to-radical"",""one-way"",""part-19""]"
zh-traditional-radicals-frequency-xix/3613/character-to-radical	XIX	vocabulary	3613	zh-Hant	zh-Hant	礪	"[""石""]"	[]		"[""zh-Hant.frequency.3771"",""zh.radical.kangxi.112""]"	[]	[]	sources/characters.tsv	frequency-order position 3613; corpus frequency rank 3771; Ministry common-character number 2874	礪: frequency-order position 3613; corpus frequency rank 3771; 5 appearances (0.00041%); Unihan kRSUnicode 112.15; Kangxi radical 112 石; Unihan kRSUnicode single radical assignment.	[]	"[""chinese"",""traditional"",""radicals"",""frequency"",""character-to-radical"",""one-way"",""part-19""]"
zh-traditional-radicals-frequency-xix/3614/character-to-radical	XIX	vocabulary	3614	zh-Hant	zh-Hant	掖	"[""手""]"	[]		"[""zh-Hant.frequency.3772"",""zh.radical.kangxi.064""]"	[]	[]	sources/characters.tsv	frequency-order position 3614; corpus frequency rank 3772; Ministry common-character number 1589	掖: frequency-order position 3614; corpus frequency rank 3772; 5 appearances (0.00041%); Unihan kRSUnicode 64.8; Kangxi radical 64 手; Unihan kRSUnicode single radical assignment.	[]	"[""chinese"",""traditional"",""radicals"",""frequency"",""character-to-radical"",""one-way"",""part-19""]"
zh-traditional-radicals-frequency-xix/3615/character-to-radical	XIX	vocabulary	3615	zh-Hant	zh-Hant	擂	"[""手""]"	[]		"[""zh-Hant.frequency.3773"",""zh.radical.kangxi.064""]"	[]	[]	sources/characters.tsv	frequency-order position 3615; corpus frequency rank 3773; Ministry common-character number 1684	擂: frequency-order position 3615; corpus frequency rank 3773; 5 appearances (0.00041%); Unihan kRSUnicode 64.13; Kangxi radical 64 手; Unihan kRSUnicode single radical assignment.	[]	"[""chinese"",""traditional"",""radicals"",""frequency"",""character-to-radical"",""one-way"",""part-19""]"
zh-traditional-radicals-frequency-xix/3616/character-to-radical	XIX	vocabulary	3616	zh-Hant	zh-Hant	尉	"[""寸""]"	[]		"[""zh-Hant.frequency.3774"",""zh.radical.kangxi.041""]"	[]	[]	sources/characters.tsv	frequency-order position 3616; corpus frequency rank 3774; Ministry common-character number 1061	尉: frequency-order position 3616; corpus frequency rank 3774; 5 appearances (0.00041%); Unihan kRSUnicode 41.8; Kangxi radical 41 寸; Unihan kRSUnicode single radical assignment.	[]	"[""chinese"",""traditional"",""radicals"",""frequency"",""character-to-radical"",""one-way"",""part-19""]"
zh-traditional-radicals-frequency-xix/3617/character-to-radical	XIX	vocabulary	3617	zh-Hant	zh-Hant	磕	"[""石""]"	[]		"[""zh-Hant.frequency.3775"",""zh.radical.kangxi.112""]"	[]	[]	sources/characters.tsv	frequency-order position 3617; corpus frequency rank 3775; Ministry common-character number 2860	磕: frequency-order position 3617; corpus frequency rank 3775; 5 appearances (0.00041%); Unihan kRSUnicode 112.10; Kangxi radical 112 石; Unihan kRSUnicode single radical assignment.	[]	"[""chinese"",""traditional"",""radicals"",""frequency"",""character-to-radical"",""one-way"",""part-19""]"
zh-traditional-radicals-frequency-xix/3618/character-to-radical	XIX	vocabulary	3618	zh-Hant	zh-Hant	眷	"[""目""]"	[]		"[""zh-Hant.frequency.3776"",""zh.radical.kangxi.109""]"	[]	[]	sources/characters.tsv	frequency-order position 3618; corpus frequency rank 3776; Ministry common-character number 2771	眷: frequency-order position 3618; corpus frequency rank 3776; 5 appearances (0.00041%); Unihan kRSUnicode 109.6; Kangxi radical 109 目; Unihan kRSUnicode single radical assignment.	[]	"[""chinese"",""traditional"",""radicals"",""frequency"",""character-to-radical"",""one-way"",""part-19""]"
zh-traditional-radicals-frequency-xix/3619/character-to-radical	XIX	vocabulary	3619	zh-Hant	zh-Hant	履	"[""尸""]"	[]		"[""zh-Hant.frequency.3777"",""zh.radical.kangxi.044""]"	[]	[]	sources/characters.tsv	frequency-order position 3619; corpus frequency rank 3777; Ministry common-character number 1097	履: frequency-order position 3619; corpus frequency rank 3777; 5 appearances (0.00041%); Unihan kRSUnicode 44.12; Kangxi radical 44 尸; Unihan kRSUnicode single radical assignment.	[]	"[""chinese"",""traditional"",""radicals"",""frequency"",""character-to-radical"",""one-way"",""part-19""]"
zh-traditional-radicals-frequency-xix/3620/character-to-radical	XIX	vocabulary	3620	zh-Hant	zh-Hant	涸	"[""水""]"	[]		"[""zh-Hant.frequency.3778"",""zh.radical.kangxi.085""]"	[]	[]	sources/characters.tsv	frequency-order position 3620; corpus frequency rank 3778; Ministry common-character number 2232	涸: frequency-order position 3620; corpus frequency rank 3778; 5 appearances (0.00041%); Unihan kRSUnicode 85.8; Kangxi radical 85 水; Unihan kRSUnicode single radical assignment.	[]	"[""chinese"",""traditional"",""radicals"",""frequency"",""character-to-radical"",""one-way"",""part-19""]"
zh-traditional-radicals-frequency-xix/3621/character-to-radical	XIX	vocabulary	3621	zh-Hant	zh-Hant	舷	"[""舟""]"	[]		"[""zh-Hant.frequency.3780"",""zh.radical.kangxi.137""]"	[]	[]	sources/characters.tsv	frequency-order position 3621; corpus frequency rank 3780; Ministry common-character number 3417	舷: frequency-order position 3621; corpus frequency rank 3780; 5 appearances (0.00041%); Unihan kRSUnicode 137.5; Kangxi radical 137 舟; Unihan kRSUnicode single radical assignment.	[]	"[""chinese"",""traditional"",""radicals"",""frequency"",""character-to-radical"",""one-way"",""part-19""]"
zh-traditional-radicals-frequency-xix/3622/character-to-radical	XIX	vocabulary	3622	zh-Hant	zh-Hant	飧	"[""食""]"	[]		"[""zh-Hant.frequency.3782"",""zh.radical.kangxi.184""]"	[]	[]	sources/characters.tsv	frequency-order position 3622; corpus frequency rank 3782; Ministry common-character number 4583	飧: frequency-order position 3622; corpus frequency rank 3782; 5 appearances (0.00041%); Unihan kRSUnicode 184.3; Kangxi radical 184 食; Unihan kRSUnicode single radical assignment.	[]	"[""chinese"",""traditional"",""radicals"",""frequency"",""character-to-radical"",""one-way"",""part-19""]"
zh-traditional-radicals-frequency-xix/3623/character-to-radical	XIX	vocabulary	3623	zh-Hant	zh-Hant	簪	"[""竹""]"	[]		"[""zh-Hant.frequency.3783"",""zh.radical.kangxi.118""]"	[]	[]	sources/characters.tsv	frequency-order position 3623; corpus frequency rank 3783; Ministry common-character number 3037	簪: frequency-order position 3623; corpus frequency rank 3783; 5 appearances (0.00041%); Unihan kRSUnicode 118.12; Kangxi radical 118 竹; Unihan kRSUnicode single radical assignment.	[]	"[""chinese"",""traditional"",""radicals"",""frequency"",""character-to-radical"",""one-way"",""part-19""]"
zh-traditional-radicals-frequency-xix/3624/character-to-radical	XIX	vocabulary	3624	zh-Hant	zh-Hant	棣	"[""木""]"	[]		"[""zh-Hant.frequency.3784"",""zh.radical.kangxi.075""]"	[]	[]	sources/characters.tsv	frequency-order position 3624; corpus frequency rank 3784; Ministry common-character number 1965	棣: frequency-order position 3624; corpus frequency rank 3784; 5 appearances (0.00041%); Unihan kRSUnicode 75.8; Kangxi radical 75 木; Unihan kRSUnicode single radical assignment.	[]	"[""chinese"",""traditional"",""radicals"",""frequency"",""character-to-radical"",""one-way"",""part-19""]"
zh-traditional-radicals-frequency-xix/3625/character-to-radical	XIX	vocabulary	3625	zh-Hant	zh-Hant	霽	"[""雨""]"	[]		"[""zh-Hant.frequency.3785"",""zh.radical.kangxi.173""]"	[]	[]	sources/characters.tsv	frequency-order position 3625; corpus frequency rank 3785; Ministry common-character number 4494	霽: frequency-order position 3625; corpus frequency rank 3785; 5 appearances (0.00041%); Unihan kRSUnicode 173.14; Kangxi radical 173 雨; Unihan kRSUnicode single radical assignment.	[]	"[""chinese"",""traditional"",""radicals"",""frequency"",""character-to-radical"",""one-way"",""part-19""]"
zh-traditional-radicals-frequency-xix/3626/character-to-radical	XIX	vocabulary	3626	zh-Hant	zh-Hant	絢	"[""糸""]"	[]		"[""zh-Hant.frequency.3786"",""zh.radical.kangxi.120""]"	[]	[]	sources/characters.tsv	frequency-order position 3626; corpus frequency rank 3786; Ministry common-character number 3123	絢: frequency-order position 3626; corpus frequency rank 3786; 5 appearances (0.00041%); Unihan kRSUnicode 120.6; Kangxi radical 120 糸; Unihan kRSUnicode single radical assignment.	[]	"[""chinese"",""traditional"",""radicals"",""frequency"",""character-to-radical"",""one-way"",""part-19""]"
zh-traditional-radicals-frequency-xix/3627/character-to-radical	XIX	vocabulary	3627	zh-Hant	zh-Hant	榔	"[""木""]"	[]		"[""zh-Hant.frequency.3788"",""zh.radical.kangxi.075""]"	[]	[]	sources/characters.tsv	frequency-order position 3627; corpus frequency rank 3788; Ministry common-character number 1973	榔: frequency-order position 3627; corpus frequency rank 3788; 5 appearances (0.00041%); Unihan kRSUnicode 75.9; Kangxi radical 75 木; Unihan kRSUnicode single radical assignment.	[]	"[""chinese"",""traditional"",""radicals"",""frequency"",""character-to-radical"",""one-way"",""part-19""]"
zh-traditional-radicals-frequency-xix/3628/character-to-radical	XIX	vocabulary	3628	zh-Hant	zh-Hant	瘩	"[""疒""]"	[]		"[""zh-Hant.frequency.3789"",""zh.radical.kangxi.104""]"	[]	[]	sources/characters.tsv	frequency-order position 3628; corpus frequency rank 3789; Ministry common-character number 2698	瘩: frequency-order position 3628; corpus frequency rank 3789; 5 appearances (0.00041%); Unihan kRSUnicode 104.10; Kangxi radical 104 疒; Unihan kRSUnicode single radical assignment.	[]	"[""chinese"",""traditional"",""radicals"",""frequency"",""character-to-radical"",""one-way"",""part-19""]"
zh-traditional-radicals-frequency-xix/3629/character-to-radical	XIX	vocabulary	3629	zh-Hant	zh-Hant	硝	"[""石""]"	[]		"[""zh-Hant.frequency.3790"",""zh.radical.kangxi.112""]"	[]	[]	sources/characters.tsv	frequency-order position 3629; corpus frequency rank 3790; Ministry common-character number 2839	硝: frequency-order position 3629; corpus frequency rank 3790; 5 appearances (0.00041%); Unihan kRSUnicode 112.7; Kangxi radical 112 石; Unihan kRSUnicode single radical assignment.	[]	"[""chinese"",""traditional"",""radicals"",""frequency"",""character-to-radical"",""one-way"",""part-19""]"
zh-traditional-radicals-frequency-xix/3630/character-to-radical	XIX	vocabulary	3630	zh-Hant	zh-Hant	憔	"[""心""]"	[]		"[""zh-Hant.frequency.3791"",""zh.radical.kangxi.061""]"	[]	[]	sources/characters.tsv	frequency-order position 3630; corpus frequency rank 3791; Ministry common-character number 1441	憔: frequency-order position 3630; corpus frequency rank 3791; 5 appearances (0.00041%); Unihan kRSUnicode 61.12; Kangxi radical 61 心; Unihan kRSUnicode single radical assignment.	[]	"[""chinese"",""traditional"",""radicals"",""frequency"",""character-to-radical"",""one-way"",""part-19""]"
zh-traditional-radicals-frequency-xix/3631/character-to-radical	XIX	vocabulary	3631	zh-Hant	zh-Hant	榭	"[""木""]"	[]		"[""zh-Hant.frequency.3792"",""zh.radical.kangxi.075""]"	[]	[]	sources/characters.tsv	frequency-order position 3631; corpus frequency rank 3792; Ministry common-character number 2003	榭: frequency-order position 3631; corpus frequency rank 3792; 5 appearances (0.00041%); Unihan kRSUnicode 75.10; Kangxi radical 75 木; Unihan kRSUnicode single radical assignment.	[]	"[""chinese"",""traditional"",""radicals"",""frequency"",""character-to-radical"",""one-way"",""part-19""]"
zh-traditional-radicals-frequency-xix/3632/character-to-radical	XIX	vocabulary	3632	zh-Hant	zh-Hant	糙	"[""米""]"	[]		"[""zh-Hant.frequency.3793"",""zh.radical.kangxi.119""]"	[]	[]	sources/characters.tsv	frequency-order position 3632; corpus frequency rank 3793; Ministry common-character number 3076	糙: frequency-order position 3632; corpus frequency rank 3793; 5 appearances (0.00041%); Unihan kRSUnicode 119.11; Kangxi radical 119 米; Unihan kRSUnicode single radical assignment.	[]	"[""chinese"",""traditional"",""radicals"",""frequency"",""character-to-radical"",""one-way"",""part-19""]"
zh-traditional-radicals-frequency-xix/3633/character-to-radical	XIX	vocabulary	3633	zh-Hant	zh-Hant	鵪	"[""鳥""]"	[]		"[""zh-Hant.frequency.3795"",""zh.radical.kangxi.196""]"	[]	[]	sources/characters.tsv	frequency-order position 3633; corpus frequency rank 3795; Ministry common-character number 4737	鵪: frequency-order position 3633; corpus frequency rank 3795; 5 appearances (0.00041%); Unihan kRSUnicode 196.8; Kangxi radical 196 鳥; Unihan kRSUnicode single radical assignment.	[]	"[""chinese"",""traditional"",""radicals"",""frequency"",""character-to-radical"",""one-way"",""part-19""]"
zh-traditional-radicals-frequency-xix/3634/character-to-radical	XIX	vocabulary	3634	zh-Hant	zh-Hant	墟	"[""土""]"	[]		"[""zh-Hant.frequency.3796"",""zh.radical.kangxi.032""]"	[]	[]	sources/characters.tsv	frequency-order position 3634; corpus frequency rank 3796; Ministry common-character number 812	墟: frequency-order position 3634; corpus frequency rank 3796; 5 appearances (0.00041%); Unihan kRSUnicode 32.12; Kangxi radical 32 土; Unihan kRSUnicode single radical assignment.	[]	"[""chinese"",""traditional"",""radicals"",""frequency"",""character-to-radical"",""one-way"",""part-19""]"
zh-traditional-radicals-frequency-xix/3635/character-to-radical	XIX	vocabulary	3635	zh-Hant	zh-Hant	獷	"[""犬""]"	[]		"[""zh-Hant.frequency.3798"",""zh.radical.kangxi.094""]"	[]	[]	sources/characters.tsv	frequency-order position 3635; corpus frequency rank 3798; Ministry common-character number 2544	獷: frequency-order position 3635; corpus frequency rank 3798; 5 appearances (0.00041%); Unihan kRSUnicode 94.15; Kangxi radical 94 犬; Unihan kRSUnicode single radical assignment.	[]	"[""chinese"",""traditional"",""radicals"",""frequency"",""character-to-radical"",""one-way"",""part-19""]"
zh-traditional-radicals-frequency-xix/3636/character-to-radical	XIX	vocabulary	3636	zh-Hant	zh-Hant	釀	"[""酉""]"	[]		"[""zh-Hant.frequency.3799"",""zh.radical.kangxi.164""]"	[]	[]	sources/characters.tsv	frequency-order position 3636; corpus frequency rank 3799; Ministry common-character number 4251	釀: frequency-order position 3636; corpus frequency rank 3799; 5 appearances (0.00041%); Unihan kRSUnicode 164.17; Kangxi radical 164 酉; Unihan kRSUnicode single radical assignment.	[]	"[""chinese"",""traditional"",""radicals"",""frequency"",""character-to-radical"",""one-way"",""part-19""]"
zh-traditional-radicals-frequency-xix/3637/character-to-radical	XIX	vocabulary	3637	zh-Hant	zh-Hant	瘧	"[""疒""]"	[]		"[""zh-Hant.frequency.3801"",""zh.radical.kangxi.104""]"	[]	[]	sources/characters.tsv	frequency-order position 3637; corpus frequency rank 3801; Ministry common-character number 2692	瘧: frequency-order position 3637; corpus frequency rank 3801; 5 appearances (0.00041%); Unihan kRSUnicode 104.9; Kangxi radical 104 疒; Unihan kRSUnicode single radical assignment.	[]	"[""chinese"",""traditional"",""radicals"",""frequency"",""character-to-radical"",""one-way"",""part-19""]"
zh-traditional-radicals-frequency-xix/3638/character-to-radical	XIX	vocabulary	3638	zh-Hant	zh-Hant	蒞	"[""艸""]"	[]		"[""zh-Hant.frequency.3802"",""zh.radical.kangxi.140""]"	[]	[]	sources/characters.tsv	frequency-order position 3638; corpus frequency rank 3802; Ministry common-character number 3538	蒞: frequency-order position 3638; corpus frequency rank 3802; 5 appearances (0.00041%); Unihan kRSUnicode 140.10; Kangxi radical 140 艸; Unihan kRSUnicode single radical assignment.	[]	"[""chinese"",""traditional"",""radicals"",""frequency"",""character-to-radical"",""one-way"",""part-19""]"
zh-traditional-radicals-frequency-xix/3639/character-to-radical	XIX	vocabulary	3639	zh-Hant	zh-Hant	痺	"[""疒""]"	[]		"[""zh-Hant.frequency.3803"",""zh.radical.kangxi.104""]"	[]	[]	sources/characters.tsv	frequency-order position 3639; corpus frequency rank 3803; Ministry common-character number 2689	痺: frequency-order position 3639; corpus frequency rank 3803; 5 appearances (0.00041%); Unihan kRSUnicode 104.8; Kangxi radical 104 疒; Unihan kRSUnicode single radical assignment.	[]	"[""chinese"",""traditional"",""radicals"",""frequency"",""character-to-radical"",""one-way"",""part-19""]"
zh-traditional-radicals-frequency-xix/3640/character-to-radical	XIX	vocabulary	3640	zh-Hant	zh-Hant	蝌	"[""虫""]"	[]		"[""zh-Hant.frequency.3804"",""zh.radical.kangxi.142""]"	[]	[]	sources/characters.tsv	frequency-order position 3640; corpus frequency rank 3804; Ministry common-character number 3665	蝌: frequency-order position 3640; corpus frequency rank 3804; 5 appearances (0.00041%); Unihan kRSUnicode 142.9; Kangxi radical 142 虫; Unihan kRSUnicode single radical assignment.	[]	"[""chinese"",""traditional"",""radicals"",""frequency"",""character-to-radical"",""one-way"",""part-19""]"
zh-traditional-radicals-frequency-xix/3641/character-to-radical	XIX	vocabulary	3641	zh-Hant	zh-Hant	刁	"[""刀""]"	[]		"[""zh-Hant.frequency.3805"",""zh.radical.kangxi.018""]"	[]	[]	sources/characters.tsv	frequency-order position 3641; corpus frequency rank 3805; Ministry common-character number 329	刁: frequency-order position 3641; corpus frequency rank 3805; 4 appearances (0.00033%); Unihan kRSUnicode 18.0; Kangxi radical 18 刀; Unihan kRSUnicode single radical assignment.	[]	"[""chinese"",""traditional"",""radicals"",""frequency"",""character-to-radical"",""one-way"",""part-19""]"
zh-traditional-radicals-frequency-xix/3642/character-to-radical	XIX	vocabulary	3642	zh-Hant	zh-Hant	唬	"[""口""]"	[]		"[""zh-Hant.frequency.3806"",""zh.radical.kangxi.030""]"	[]	[]	sources/characters.tsv	frequency-order position 3642; corpus frequency rank 3806; Ministry common-character number 617	唬: frequency-order position 3642; corpus frequency rank 3806; 4 appearances (0.00033%); Unihan kRSUnicode 30.8; Kangxi radical 30 口; Unihan kRSUnicode single radical assignment.	[]	"[""chinese"",""traditional"",""radicals"",""frequency"",""character-to-radical"",""one-way"",""part-19""]"
zh-traditional-radicals-frequency-xix/3643/character-to-radical	XIX	vocabulary	3643	zh-Hant	zh-Hant	仟	"[""人""]"	[]		"[""zh-Hant.frequency.3807"",""zh.radical.kangxi.009""]"	[]	[]	sources/characters.tsv	frequency-order position 3643; corpus frequency rank 3807; Ministry common-character number 434	仟: frequency-order position 3643; corpus frequency rank 3807; 4 appearances (0.00033%); Unihan kRSUnicode 9.3; Kangxi radical 9 人; Unihan kRSUnicode single radical assignment.	[]	"[""chinese"",""traditional"",""radicals"",""frequency"",""character-to-radical"",""one-way"",""part-19""]"
zh-traditional-radicals-frequency-xix/3644/character-to-radical	XIX	vocabulary	3644	zh-Hant	zh-Hant	吆	"[""口""]"	[]		"[""zh-Hant.frequency.3809"",""zh.radical.kangxi.030""]"	[]	[]	sources/characters.tsv	frequency-order position 3644; corpus frequency rank 3809; Ministry common-character number 512	吆: frequency-order position 3644; corpus frequency rank 3809; 4 appearances (0.00033%); Unihan kRSUnicode 30.3; Kangxi radical 30 口; Unihan kRSUnicode single radical assignment.	[]	"[""chinese"",""traditional"",""radicals"",""frequency"",""character-to-radical"",""one-way"",""part-19""]"
zh-traditional-radicals-frequency-xix/3645/character-to-radical	XIX	vocabulary	3645	zh-Hant	zh-Hant	耙	"[""耒""]"	[]		"[""zh-Hant.frequency.3810"",""zh.radical.kangxi.127""]"	[]	[]	sources/characters.tsv	frequency-order position 3645; corpus frequency rank 3810; Ministry common-character number 3261	耙: frequency-order position 3645; corpus frequency rank 3810; 4 appearances (0.00033%); Unihan kRSUnicode 127.4; Kangxi radical 127 耒; Unihan kRSUnicode single radical assignment.	[]	"[""chinese"",""traditional"",""radicals"",""frequency"",""character-to-radical"",""one-way"",""part-19""]"
zh-traditional-radicals-frequency-xix/3646/character-to-radical	XIX	vocabulary	3646	zh-Hant	zh-Hant	夷	"[""大""]"	[]		"[""zh-Hant.frequency.3811"",""zh.radical.kangxi.037""]"	[]	[]	sources/characters.tsv	frequency-order position 3646; corpus frequency rank 3811; Ministry common-character number 855	夷: frequency-order position 3646; corpus frequency rank 3811; 4 appearances (0.00033%); Unihan kRSUnicode 37.3; Kangxi radical 37 大; Unihan kRSUnicode single radical assignment.	[]	"[""chinese"",""traditional"",""radicals"",""frequency"",""character-to-radical"",""one-way"",""part-19""]"
zh-traditional-radicals-frequency-xix/3647/character-to-radical	XIX	vocabulary	3647	zh-Hant	zh-Hant	狽	"[""犬""]"	[]		"[""zh-Hant.frequency.3812"",""zh.radical.kangxi.094""]"	[]	[]	sources/characters.tsv	frequency-order position 3647; corpus frequency rank 3812; Ministry common-character number 2521	狽: frequency-order position 3647; corpus frequency rank 3812; 4 appearances (0.00033%); Unihan kRSUnicode 94.7; Kangxi radical 94 犬; Unihan kRSUnicode single radical assignment.	[]	"[""chinese"",""traditional"",""radicals"",""frequency"",""character-to-radical"",""one-way"",""part-19""]"
zh-traditional-radicals-frequency-xix/3648/character-to-radical	XIX	vocabulary	3648	zh-Hant	zh-Hant	汝	"[""水""]"	[]		"[""zh-Hant.frequency.3813"",""zh.radical.kangxi.085""]"	[]	[]	sources/characters.tsv	frequency-order position 3648; corpus frequency rank 3813; Ministry common-character number 2130	汝: frequency-order position 3648; corpus frequency rank 3813; 4 appearances (0.00033%); Unihan kRSUnicode 85.3; Kangxi radical 85 水; Unihan kRSUnicode single radical assignment.	[]	"[""chinese"",""traditional"",""radicals"",""frequency"",""character-to-radical"",""one-way"",""part-19""]"
zh-traditional-radicals-frequency-xix/3649/character-to-radical	XIX	vocabulary	3649	zh-Hant	zh-Hant	啕	"[""口""]"	[]		"[""zh-Hant.frequency.3814"",""zh.radical.kangxi.030""]"	[]	[]	sources/characters.tsv	frequency-order position 3649; corpus frequency rank 3814; Ministry common-character number 611	啕: frequency-order position 3649; corpus frequency rank 3814; 4 appearances (0.00033%); Unihan kRSUnicode 30.8; Kangxi radical 30 口; Unihan kRSUnicode single radical assignment.	[]	"[""chinese"",""traditional"",""radicals"",""frequency"",""character-to-radical"",""one-way"",""part-19""]"
zh-traditional-radicals-frequency-xix/3650/character-to-radical	XIX	vocabulary	3650	zh-Hant	zh-Hant	夭	"[""大""]"	[]		"[""zh-Hant.frequency.3815"",""zh.radical.kangxi.037""]"	[]	[]	sources/characters.tsv	frequency-order position 3650; corpus frequency rank 3815; Ministry common-character number 852	夭: frequency-order position 3650; corpus frequency rank 3815; 4 appearances (0.00033%); Unihan kRSUnicode 37.1; Kangxi radical 37 大; Unihan kRSUnicode single radical assignment.	[]	"[""chinese"",""traditional"",""radicals"",""frequency"",""character-to-radical"",""one-way"",""part-19""]"
zh-traditional-radicals-frequency-xix/3651/character-to-radical	XIX	vocabulary	3651	zh-Hant	zh-Hant	芻	"[""艸""]"	[]		"[""zh-Hant.frequency.3816"",""zh.radical.kangxi.140""]"	[]	[]	sources/characters.tsv	frequency-order position 3651; corpus frequency rank 3816; Ministry common-character number 3442	芻: frequency-order position 3651; corpus frequency rank 3816; 4 appearances (0.00033%); Unihan kRSUnicode 140.4; Kangxi radical 140 艸; Unihan kRSUnicode single radical assignment.	[]	"[""chinese"",""traditional"",""radicals"",""frequency"",""character-to-radical"",""one-way"",""part-19""]"
zh-traditional-radicals-frequency-xix/3652/character-to-radical	XIX	vocabulary	3652	zh-Hant	zh-Hant	呸	"[""口""]"	[]		"[""zh-Hant.frequency.3817"",""zh.radical.kangxi.030""]"	[]	[]	sources/characters.tsv	frequency-order position 3652; corpus frequency rank 3817; Ministry common-character number 544	呸: frequency-order position 3652; corpus frequency rank 3817; 4 appearances (0.00033%); Unihan kRSUnicode 30.5; Kangxi radical 30 口; Unihan kRSUnicode single radical assignment.	[]	"[""chinese"",""traditional"",""radicals"",""frequency"",""character-to-radical"",""one-way"",""part-19""]"
zh-traditional-radicals-frequency-xix/3653/character-to-radical	XIX	vocabulary	3653	zh-Hant	zh-Hant	蚌	"[""虫""]"	[]		"[""zh-Hant.frequency.3818"",""zh.radical.kangxi.142""]"	[]	[]	sources/characters.tsv	frequency-order position 3653; corpus frequency rank 3818; Ministry common-character number 3622	蚌: frequency-order position 3653; corpus frequency rank 3818; 4 appearances (0.00033%); Unihan kRSUnicode 142.4; Kangxi radical 142 虫; Unihan kRSUnicode single radical assignment.	[]	"[""chinese"",""traditional"",""radicals"",""frequency"",""character-to-radical"",""one-way"",""part-19""]"
zh-traditional-radicals-frequency-xix/3654/character-to-radical	XIX	vocabulary	3654	zh-Hant	zh-Hant	匣	"[""匚""]"	[]		"[""zh-Hant.frequency.3819"",""zh.radical.kangxi.022""]"	[]	[]	sources/characters.tsv	frequency-order position 3654; corpus frequency rank 3819; Ministry common-character number 421	匣: frequency-order position 3654; corpus frequency rank 3819; 4 appearances (0.00033%); Unihan kRSUnicode 22.5; Kangxi radical 22 匚; Unihan kRSUnicode single radical assignment.	[]	"[""chinese"",""traditional"",""radicals"",""frequency"",""character-to-radical"",""one-way"",""part-19""]"
zh-traditional-radicals-frequency-xix/3655/character-to-radical	XIX	vocabulary	3655	zh-Hant	zh-Hant	晌	"[""日""]"	[]		"[""zh-Hant.frequency.3820"",""zh.radical.kangxi.072""]"	[]	[]	sources/characters.tsv	frequency-order position 3655; corpus frequency rank 3820; Ministry common-character number 1799	晌: frequency-order position 3655; corpus frequency rank 3820; 4 appearances (0.00033%); Unihan kRSUnicode 72.6; Kangxi radical 72 日; Unihan kRSUnicode single radical assignment.	[]	"[""chinese"",""traditional"",""radicals"",""frequency"",""character-to-radical"",""one-way"",""part-19""]"
zh-traditional-radicals-frequency-xix/3656/character-to-radical	XIX	vocabulary	3656	zh-Hant	zh-Hant	咎	"[""口""]"	[]		"[""zh-Hant.frequency.3821"",""zh.radical.kangxi.030""]"	[]	[]	sources/characters.tsv	frequency-order position 3656; corpus frequency rank 3821; Ministry common-character number 562	咎: frequency-order position 3656; corpus frequency rank 3821; 4 appearances (0.00033%); Unihan kRSUnicode 30.5; Kangxi radical 30 口; Unihan kRSUnicode single radical assignment.	[]	"[""chinese"",""traditional"",""radicals"",""frequency"",""character-to-radical"",""one-way"",""part-19""]"
zh-traditional-radicals-frequency-xix/3657/character-to-radical	XIX	vocabulary	3657	zh-Hant	zh-Hant	匿	"[""匸""]"	[]		"[""zh-Hant.frequency.3822"",""zh.radical.kangxi.023""]"	[]	[]	sources/characters.tsv	frequency-order position 3657; corpus frequency rank 3822; Ministry common-character number 426	匿: frequency-order position 3657; corpus frequency rank 3822; 4 appearances (0.00033%); Unihan kRSUnicode 23.9; Kangxi radical 23 匸; Unihan kRSUnicode single radical assignment.	[]	"[""chinese"",""traditional"",""radicals"",""frequency"",""character-to-radical"",""one-way"",""part-19""]"
zh-traditional-radicals-frequency-xix/3658/character-to-radical	XIX	vocabulary	3658	zh-Hant	zh-Hant	邑	"[""邑""]"	[]		"[""zh-Hant.frequency.3825"",""zh.radical.kangxi.163""]"	[]	[]	sources/characters.tsv	frequency-order position 3658; corpus frequency rank 3825; Ministry common-character number 4199	邑: frequency-order position 3658; corpus frequency rank 3825; 4 appearances (0.00033%); Unihan kRSUnicode 163.0; Kangxi radical 163 邑; Unihan kRSUnicode single radical assignment.	[]	"[""chinese"",""traditional"",""radicals"",""frequency"",""character-to-radical"",""one-way"",""part-19""]"
zh-traditional-radicals-frequency-xix/3659/character-to-radical	XIX	vocabulary	3659	zh-Hant	zh-Hant	赦	"[""赤""]"	[]		"[""zh-Hant.frequency.3826"",""zh.radical.kangxi.155""]"	[]	[]	sources/characters.tsv	frequency-order position 3659; corpus frequency rank 3826; Ministry common-character number 3986	赦: frequency-order position 3659; corpus frequency rank 3826; 4 appearances (0.00033%); Unihan kRSUnicode 155.4; Kangxi radical 155 赤; Unihan kRSUnicode single radical assignment.	[]	"[""chinese"",""traditional"",""radicals"",""frequency"",""character-to-radical"",""one-way"",""part-19""]"
zh-traditional-radicals-frequency-xix/3660/character-to-radical	XIX	vocabulary	3660	zh-Hant	zh-Hant	咨	"[""口""]"	[]		"[""zh-Hant.frequency.3827"",""zh.radical.kangxi.030""]"	[]	[]	sources/characters.tsv	frequency-order position 3660; corpus frequency rank 3827; Ministry common-character number 565	咨: frequency-order position 3660; corpus frequency rank 3827; 4 appearances (0.00033%); Unihan kRSUnicode 30.6; Kangxi radical 30 口; Unihan kRSUnicode single radical assignment.	[]	"[""chinese"",""traditional"",""radicals"",""frequency"",""character-to-radical"",""one-way"",""part-19""]"
zh-traditional-radicals-frequency-xix/3661/character-to-radical	XIX	vocabulary	3661	zh-Hant	zh-Hant	悸	"[""心""]"	[]		"[""zh-Hant.frequency.3828"",""zh.radical.kangxi.061""]"	[]	[]	sources/characters.tsv	frequency-order position 3661; corpus frequency rank 3828; Ministry common-character number 1379	悸: frequency-order position 3661; corpus frequency rank 3828; 4 appearances (0.00033%); Unihan kRSUnicode 61.8; Kangxi radical 61 心; Unihan kRSUnicode single radical assignment.	[]	"[""chinese"",""traditional"",""radicals"",""frequency"",""character-to-radical"",""one-way"",""part-19""]"
zh-traditional-radicals-frequency-xix/3662/character-to-radical	XIX	vocabulary	3662	zh-Hant	zh-Hant	祁	"[""示""]"	[]		"[""zh-Hant.frequency.3829"",""zh.radical.kangxi.113""]"	[]	[]	sources/characters.tsv	frequency-order position 3662; corpus frequency rank 3829; Ministry common-character number 2880	祁: frequency-order position 3662; corpus frequency rank 3829; 4 appearances (0.00033%); Unihan kRSUnicode 113.3; Kangxi radical 113 示; Unihan kRSUnicode single radical assignment.	[]	"[""chinese"",""traditional"",""radicals"",""frequency"",""character-to-radical"",""one-way"",""part-19""]"
zh-traditional-radicals-frequency-xix/3663/character-to-radical	XIX	vocabulary	3663	zh-Hant	zh-Hant	赧	"[""赤""]"	[]		"[""zh-Hant.frequency.3830"",""zh.radical.kangxi.155""]"	[]	[]	sources/characters.tsv	frequency-order position 3663; corpus frequency rank 3830; Ministry common-character number 3985	赧: frequency-order position 3663; corpus frequency rank 3830; 4 appearances (0.00033%); Unihan kRSUnicode 155.5; Kangxi radical 155 赤; Unihan kRSUnicode single radical assignment.	[]	"[""chinese"",""traditional"",""radicals"",""frequency"",""character-to-radical"",""one-way"",""part-19""]"
zh-traditional-radicals-frequency-xix/3664/character-to-radical	XIX	vocabulary	3664	zh-Hant	zh-Hant	氟	"[""气""]"	[]		"[""zh-Hant.frequency.3831"",""zh.radical.kangxi.084""]"	[]	[]	sources/characters.tsv	frequency-order position 3664; corpus frequency rank 3831; Ministry common-character number 2114	氟: frequency-order position 3664; corpus frequency rank 3831; 4 appearances (0.00033%); Unihan kRSUnicode 84.5; Kangxi radical 84 气; Unihan kRSUnicode single radical assignment.	[]	"[""chinese"",""traditional"",""radicals"",""frequency"",""character-to-radical"",""one-way"",""part-19""]"
zh-traditional-radicals-frequency-xix/3665/character-to-radical	XIX	vocabulary	3665	zh-Hant	zh-Hant	掬	"[""手""]"	[]		"[""zh-Hant.frequency.3832"",""zh.radical.kangxi.064""]"	[]	[]	sources/characters.tsv	frequency-order position 3665; corpus frequency rank 3832; Ministry common-character number 1607	掬: frequency-order position 3665; corpus frequency rank 3832; 4 appearances (0.00033%); Unihan kRSUnicode 64.8; Kangxi radical 64 手; Unihan kRSUnicode single radical assignment.	[]	"[""chinese"",""traditional"",""radicals"",""frequency"",""character-to-radical"",""one-way"",""part-19""]"
zh-traditional-radicals-frequency-xix/3666/character-to-radical	XIX	vocabulary	3666	zh-Hant	zh-Hant	冑	"[""冂""]"	[]		"[""zh-Hant.frequency.3833"",""zh.radical.kangxi.013""]"	[]	[]	sources/characters.tsv	frequency-order position 3666; corpus frequency rank 3833; Ministry common-character number 300	冑: frequency-order position 3666; corpus frequency rank 3833; 4 appearances (0.00033%); Unihan kRSUnicode 13.7; Kangxi radical 13 冂; Unihan kRSUnicode single radical assignment.	[]	"[""chinese"",""traditional"",""radicals"",""frequency"",""character-to-radical"",""one-way"",""part-19""]"
zh-traditional-radicals-frequency-xix/3667/character-to-radical	XIX	vocabulary	3667	zh-Hant	zh-Hant	涎	"[""水""]"	[]		"[""zh-Hant.frequency.3834"",""zh.radical.kangxi.085""]"	[]	[]	sources/characters.tsv	frequency-order position 3667; corpus frequency rank 3834; Ministry common-character number 2214	涎: frequency-order position 3667; corpus frequency rank 3834; 4 appearances (0.00033%); Unihan kRSUnicode 85.7; Kangxi radical 85 水; Unihan kRSUnicode single radical assignment.	[]	"[""chinese"",""traditional"",""radicals"",""frequency"",""character-to-radical"",""one-way"",""part-19""]"
zh-traditional-radicals-frequency-xix/3668/character-to-radical	XIX	vocabulary	3668	zh-Hant	zh-Hant	沮	"[""水""]"	[]		"[""zh-Hant.frequency.3835"",""zh.radical.kangxi.085""]"	[]	[]	sources/characters.tsv	frequency-order position 3668; corpus frequency rank 3835; Ministry common-character number 2174	沮: frequency-order position 3668; corpus frequency rank 3835; 4 appearances (0.00033%); Unihan kRSUnicode 85.5; Kangxi radical 85 水; Unihan kRSUnicode single radical assignment.	[]	"[""chinese"",""traditional"",""radicals"",""frequency"",""character-to-radical"",""one-way"",""part-19""]"
zh-traditional-radicals-frequency-xix/3669/character-to-radical	XIX	vocabulary	3669	zh-Hant	zh-Hant	悼	"[""心""]"	[]		"[""zh-Hant.frequency.3838"",""zh.radical.kangxi.061""]"	[]	[]	sources/characters.tsv	frequency-order position 3669; corpus frequency rank 3838; Ministry common-character number 1374	悼: frequency-order position 3669; corpus frequency rank 3838; 4 appearances (0.00033%); Unihan kRSUnicode 61.8; Kangxi radical 61 心; Unihan kRSUnicode single radical assignment.	[]	"[""chinese"",""traditional"",""radicals"",""frequency"",""character-to-radical"",""one-way"",""part-19""]"
zh-traditional-radicals-frequency-xix/3670/character-to-radical	XIX	vocabulary	3670	zh-Hant	zh-Hant	匡	"[""匚""]"	[]		"[""zh-Hant.frequency.3839"",""zh.radical.kangxi.022""]"	[]	[]	sources/characters.tsv	frequency-order position 3670; corpus frequency rank 3839; Ministry common-character number 419	匡: frequency-order position 3670; corpus frequency rank 3839; 4 appearances (0.00033%); Unihan kRSUnicode 22.4; Kangxi radical 22 匚; Unihan kRSUnicode single radical assignment.	[]	"[""chinese"",""traditional"",""radicals"",""frequency"",""character-to-radical"",""one-way"",""part-19""]"
zh-traditional-radicals-frequency-xix/3671/character-to-radical	XIX	vocabulary	3671	zh-Hant	zh-Hant	莢	"[""艸""]"	[]		"[""zh-Hant.frequency.3840"",""zh.radical.kangxi.140""]"	[]	[]	sources/characters.tsv	frequency-order position 3671; corpus frequency rank 3840; Ministry common-character number 3483	莢: frequency-order position 3671; corpus frequency rank 3840; 4 appearances (0.00033%); Unihan kRSUnicode 140.7; Kangxi radical 140 艸; Unihan kRSUnicode single radical assignment.	[]	"[""chinese"",""traditional"",""radicals"",""frequency"",""character-to-radical"",""one-way"",""part-19""]"
zh-traditional-radicals-frequency-xix/3672/character-to-radical	XIX	vocabulary	3672	zh-Hant	zh-Hant	聿	"[""聿""]"	[]		"[""zh-Hant.frequency.3841"",""zh.radical.kangxi.129""]"	[]	[]	sources/characters.tsv	frequency-order position 3672; corpus frequency rank 3841; Ministry common-character number 3283	聿: frequency-order position 3672; corpus frequency rank 3841; 4 appearances (0.00033%); Unihan kRSUnicode 129.0; Kangxi radical 129 聿; Unihan kRSUnicode single radical assignment.	[]	"[""chinese"",""traditional"",""radicals"",""frequency"",""character-to-radical"",""one-way"",""part-19""]"
zh-traditional-radicals-frequency-xix/3673/character-to-radical	XIX	vocabulary	3673	zh-Hant	zh-Hant	蛄	"[""虫""]"	[]		"[""zh-Hant.frequency.3842"",""zh.radical.kangxi.142""]"	[]	[]	sources/characters.tsv	frequency-order position 3673; corpus frequency rank 3842; Ministry common-character number 3627	蛄: frequency-order position 3673; corpus frequency rank 3842; 4 appearances (0.00033%); Unihan kRSUnicode 142.5; Kangxi radical 142 虫; Unihan kRSUnicode single radical assignment.	[]	"[""chinese"",""traditional"",""radicals"",""frequency"",""character-to-radical"",""one-way"",""part-19""]"
zh-traditional-radicals-frequency-xix/3674/character-to-radical	XIX	vocabulary	3674	zh-Hant	zh-Hant	岱	"[""山""]"	[]		"[""zh-Hant.frequency.3843"",""zh.radical.kangxi.046""]"	[]	[]	sources/characters.tsv	frequency-order position 3674; corpus frequency rank 3843; Ministry common-character number 1111	岱: frequency-order position 3674; corpus frequency rank 3843; 4 appearances (0.00033%); Unihan kRSUnicode 46.5; Kangxi radical 46 山; Unihan kRSUnicode single radical assignment.	[]	"[""chinese"",""traditional"",""radicals"",""frequency"",""character-to-radical"",""one-way"",""part-19""]"
zh-traditional-radicals-frequency-xix/3675/character-to-radical	XIX	vocabulary	3675	zh-Hant	zh-Hant	痊	"[""疒""]"	[]		"[""zh-Hant.frequency.3844"",""zh.radical.kangxi.104""]"	[]	[]	sources/characters.tsv	frequency-order position 3675; corpus frequency rank 3844; Ministry common-character number 2674	痊: frequency-order position 3675; corpus frequency rank 3844; 4 appearances (0.00033%); Unihan kRSUnicode 104.6; Kangxi radical 104 疒; Unihan kRSUnicode single radical assignment.	[]	"[""chinese"",""traditional"",""radicals"",""frequency"",""character-to-radical"",""one-way"",""part-19""]"
zh-traditional-radicals-frequency-xix/3676/character-to-radical	XIX	vocabulary	3676	zh-Hant	zh-Hant	岌	"[""山""]"	[]		"[""zh-Hant.frequency.3845"",""zh.radical.kangxi.046""]"	[]	[]	sources/characters.tsv	frequency-order position 3676; corpus frequency rank 3845; Ministry common-character number 1105	岌: frequency-order position 3676; corpus frequency rank 3845; 4 appearances (0.00033%); Unihan kRSUnicode 46.4; Kangxi radical 46 山; Unihan kRSUnicode single radical assignment.	[]	"[""chinese"",""traditional"",""radicals"",""frequency"",""character-to-radical"",""one-way"",""part-19""]"
zh-traditional-radicals-frequency-xix/3677/character-to-radical	XIX	vocabulary	3677	zh-Hant	zh-Hant	舶	"[""舟""]"	[]		"[""zh-Hant.frequency.3846"",""zh.radical.kangxi.137""]"	[]	[]	sources/characters.tsv	frequency-order position 3677; corpus frequency rank 3846; Ministry common-character number 3418	舶: frequency-order position 3677; corpus frequency rank 3846; 4 appearances (0.00033%); Unihan kRSUnicode 137.5; Kangxi radical 137 舟; Unihan kRSUnicode single radical assignment.	[]	"[""chinese"",""traditional"",""radicals"",""frequency"",""character-to-radical"",""one-way"",""part-19""]"
zh-traditional-radicals-frequency-xix/3678/character-to-radical	XIX	vocabulary	3678	zh-Hant	zh-Hant	犁	"[""牛""]"	[]		"[""zh-Hant.frequency.3848"",""zh.radical.kangxi.093""]"	[]	[]	sources/characters.tsv	frequency-order position 3678; corpus frequency rank 3848; Ministry common-character number 2499	犁: frequency-order position 3678; corpus frequency rank 3848; 4 appearances (0.00033%); Unihan kRSUnicode 93.7; Kangxi radical 93 牛; Unihan kRSUnicode single radical assignment.	[]	"[""chinese"",""traditional"",""radicals"",""frequency"",""character-to-radical"",""one-way"",""part-19""]"
zh-traditional-radicals-frequency-xix/3679/character-to-radical	XIX	vocabulary	3679	zh-Hant	zh-Hant	炬	"[""火""]"	[]		"[""zh-Hant.frequency.3849"",""zh.radical.kangxi.086""]"	[]	[]	sources/characters.tsv	frequency-order position 3679; corpus frequency rank 3849; Ministry common-character number 2397	炬: frequency-order position 3679; corpus frequency rank 3849; 4 appearances (0.00033%); Unihan kRSUnicode 86.5; Kangxi radical 86 火; Unihan kRSUnicode single radical assignment.	[]	"[""chinese"",""traditional"",""radicals"",""frequency"",""character-to-radical"",""one-way"",""part-19""]"
zh-traditional-radicals-frequency-xix/3680/character-to-radical	XIX	vocabulary	3680	zh-Hant	zh-Hant	惚	"[""心""]"	[]		"[""zh-Hant.frequency.3850"",""zh.radical.kangxi.061""]"	[]	[]	sources/characters.tsv	frequency-order position 3680; corpus frequency rank 3850; Ministry common-character number 1380	惚: frequency-order position 3680; corpus frequency rank 3850; 4 appearances (0.00033%); Unihan kRSUnicode 61.8; Kangxi radical 61 心; Unihan kRSUnicode single radical assignment.	[]	"[""chinese"",""traditional"",""radicals"",""frequency"",""character-to-radical"",""one-way"",""part-19""]"
zh-traditional-radicals-frequency-xix/3681/character-to-radical	XIX	vocabulary	3681	zh-Hant	zh-Hant	寐	"[""宀""]"	[]		"[""zh-Hant.frequency.3852"",""zh.radical.kangxi.040""]"	[]	[]	sources/characters.tsv	frequency-order position 3681; corpus frequency rank 3852; Ministry common-character number 1041	寐: frequency-order position 3681; corpus frequency rank 3852; 4 appearances (0.00033%); Unihan kRSUnicode 40.9; Kangxi radical 40 宀; Unihan kRSUnicode single radical assignment.	[]	"[""chinese"",""traditional"",""radicals"",""frequency"",""character-to-radical"",""one-way"",""part-19""]"
zh-traditional-radicals-frequency-xix/3682/character-to-radical	XIX	vocabulary	3682	zh-Hant	zh-Hant	拷	"[""手""]"	[]		"[""zh-Hant.frequency.3853"",""zh.radical.kangxi.064""]"	[]	[]	sources/characters.tsv	frequency-order position 3682; corpus frequency rank 3853; Ministry common-character number 1563	拷: frequency-order position 3682; corpus frequency rank 3853; 4 appearances (0.00033%); Unihan kRSUnicode 64.6; Kangxi radical 64 手; Unihan kRSUnicode single radical assignment.	[]	"[""chinese"",""traditional"",""radicals"",""frequency"",""character-to-radical"",""one-way"",""part-19""]"
zh-traditional-radicals-frequency-xix/3683/character-to-radical	XIX	vocabulary	3683	zh-Hant	zh-Hant	惦	"[""心""]"	[]		"[""zh-Hant.frequency.3854"",""zh.radical.kangxi.061""]"	[]	[]	sources/characters.tsv	frequency-order position 3683; corpus frequency rank 3854; Ministry common-character number 1368	惦: frequency-order position 3683; corpus frequency rank 3854; 4 appearances (0.00033%); Unihan kRSUnicode 61.8; Kangxi radical 61 心; Unihan kRSUnicode single radical assignment.	[]	"[""chinese"",""traditional"",""radicals"",""frequency"",""character-to-radical"",""one-way"",""part-19""]"
zh-traditional-radicals-frequency-xix/3684/character-to-radical	XIX	vocabulary	3684	zh-Hant	zh-Hant	疋	"[""疋""]"	[]		"[""zh-Hant.frequency.3855"",""zh.radical.kangxi.103""]"	[]	[]	sources/characters.tsv	frequency-order position 3684; corpus frequency rank 3855; Ministry common-character number 2657	疋: frequency-order position 3684; corpus frequency rank 3855; 4 appearances (0.00033%); Unihan kRSUnicode 103.0; Kangxi radical 103 疋; Unihan kRSUnicode single radical assignment.	[]	"[""chinese"",""traditional"",""radicals"",""frequency"",""character-to-radical"",""one-way"",""part-19""]"
zh-traditional-radicals-frequency-xix/3685/character-to-radical	XIX	vocabulary	3685	zh-Hant	zh-Hant	庵	"[""广""]"	[]		"[""zh-Hant.frequency.3856"",""zh.radical.kangxi.053""]"	[]	[]	sources/characters.tsv	frequency-order position 3685; corpus frequency rank 3856; Ministry common-character number 1217	庵: frequency-order position 3685; corpus frequency rank 3856; 4 appearances (0.00033%); Unihan kRSUnicode 53.8; Kangxi radical 53 广; Unihan kRSUnicode single radical assignment.	[]	"[""chinese"",""traditional"",""radicals"",""frequency"",""character-to-radical"",""one-way"",""part-19""]"
zh-traditional-radicals-frequency-xix/3686/character-to-radical	XIX	vocabulary	3686	zh-Hant	zh-Hant	庚	"[""广""]"	[]		"[""zh-Hant.frequency.3857"",""zh.radical.kangxi.053""]"	[]	[]	sources/characters.tsv	frequency-order position 3686; corpus frequency rank 3857; Ministry common-character number 1204	庚: frequency-order position 3686; corpus frequency rank 3857; 4 appearances (0.00033%); Unihan kRSUnicode 53.5; Kangxi radical 53 广; Unihan kRSUnicode single radical assignment.	[]	"[""chinese"",""traditional"",""radicals"",""frequency"",""character-to-radical"",""one-way"",""part-19""]"
zh-traditional-radicals-frequency-xix/3687/character-to-radical	XIX	vocabulary	3687	zh-Hant	zh-Hant	湃	"[""水""]"	[]		"[""zh-Hant.frequency.3858"",""zh.radical.kangxi.085""]"	[]	[]	sources/characters.tsv	frequency-order position 3687; corpus frequency rank 3858; Ministry common-character number 2271	湃: frequency-order position 3687; corpus frequency rank 3858; 4 appearances (0.00033%); Unihan kRSUnicode 85.9; Kangxi radical 85 水; Unihan kRSUnicode single radical assignment.	[]	"[""chinese"",""traditional"",""radicals"",""frequency"",""character-to-radical"",""one-way"",""part-19""]"
zh-traditional-radicals-frequency-xix/3688/character-to-radical	XIX	vocabulary	3688	zh-Hant	zh-Hant	沽	"[""水""]"	[]		"[""zh-Hant.frequency.3859"",""zh.radical.kangxi.085""]"	[]	[]	sources/characters.tsv	frequency-order position 3688; corpus frequency rank 3859; Ministry common-character number 2163	沽: frequency-order position 3688; corpus frequency rank 3859; 4 appearances (0.00033%); Unihan kRSUnicode 85.5; Kangxi radical 85 水; Unihan kRSUnicode single radical assignment.	[]	"[""chinese"",""traditional"",""radicals"",""frequency"",""character-to-radical"",""one-way"",""part-19""]"
zh-traditional-radicals-frequency-xix/3689/character-to-radical	XIX	vocabulary	3689	zh-Hant	zh-Hant	嗦	"[""口""]"	[]		"[""zh-Hant.frequency.3860"",""zh.radical.kangxi.030""]"	[]	[]	sources/characters.tsv	frequency-order position 3689; corpus frequency rank 3860; Ministry common-character number 648	嗦: frequency-order position 3689; corpus frequency rank 3860; 4 appearances (0.00033%); Unihan kRSUnicode 30.10; Kangxi radical 30 口; Unihan kRSUnicode single radical assignment.	[]	"[""chinese"",""traditional"",""radicals"",""frequency"",""character-to-radical"",""one-way"",""part-19""]"
zh-traditional-radicals-frequency-xix/3690/character-to-radical	XIX	vocabulary	3690	zh-Hant	zh-Hant	俞	"[""人""]"	[]		"[""zh-Hant.frequency.3861"",""zh.radical.kangxi.009""]"	[]	[]	sources/characters.tsv	frequency-order position 3690; corpus frequency rank 3861; Ministry common-character number 168	俞: frequency-order position 3690; corpus frequency rank 3861; 4 appearances (0.00033%); Unihan kRSUnicode 9.7; Kangxi radical 9 人; Unihan kRSUnicode single radical assignment.	[]	"[""chinese"",""traditional"",""radicals"",""frequency"",""character-to-radical"",""one-way"",""part-19""]"
zh-traditional-radicals-frequency-xix/3691/character-to-radical	XIX	vocabulary	3691	zh-Hant	zh-Hant	壬	"[""士""]"	[]		"[""zh-Hant.frequency.3862"",""zh.radical.kangxi.033""]"	[]	[]	sources/characters.tsv	frequency-order position 3691; corpus frequency rank 3862; Ministry common-character number 832	壬: frequency-order position 3691; corpus frequency rank 3862; 4 appearances (0.00033%); Unihan kRSUnicode 33.1; Kangxi radical 33 士; Unihan kRSUnicode single radical assignment.	[]	"[""chinese"",""traditional"",""radicals"",""frequency"",""character-to-radical"",""one-way"",""part-19""]"
zh-traditional-radicals-frequency-xix/3692/character-to-radical	XIX	vocabulary	3692	zh-Hant	zh-Hant	岐	"[""山""]"	[]		"[""zh-Hant.frequency.3863"",""zh.radical.kangxi.046""]"	[]	[]	sources/characters.tsv	frequency-order position 3692; corpus frequency rank 3863; Ministry common-character number 1102	岐: frequency-order position 3692; corpus frequency rank 3863; 4 appearances (0.00033%); Unihan kRSUnicode 46.4; Kangxi radical 46 山; Unihan kRSUnicode single radical assignment.	[]	"[""chinese"",""traditional"",""radicals"",""frequency"",""character-to-radical"",""one-way"",""part-19""]"
zh-traditional-radicals-frequency-xix/3693/character-to-radical	XIX	vocabulary	3693	zh-Hant	zh-Hant	殃	"[""歹""]"	[]		"[""zh-Hant.frequency.3864"",""zh.radical.kangxi.078""]"	[]	[]	sources/characters.tsv	frequency-order position 3693; corpus frequency rank 3864; Ministry common-character number 2079	殃: frequency-order position 3693; corpus frequency rank 3864; 4 appearances (0.00033%); Unihan kRSUnicode 78.5; Kangxi radical 78 歹; Unihan kRSUnicode single radical assignment.	[]	"[""chinese"",""traditional"",""radicals"",""frequency"",""character-to-radical"",""one-way"",""part-19""]"
zh-traditional-radicals-frequency-xix/3694/character-to-radical	XIX	vocabulary	3694	zh-Hant	zh-Hant	悚	"[""心""]"	[]		"[""zh-Hant.frequency.3865"",""zh.radical.kangxi.061""]"	[]	[]	sources/characters.tsv	frequency-order position 3694; corpus frequency rank 3865; Ministry common-character number 1355	悚: frequency-order position 3694; corpus frequency rank 3865; 4 appearances (0.00033%); Unihan kRSUnicode 61.7; Kangxi radical 61 心; Unihan kRSUnicode single radical assignment.	[]	"[""chinese"",""traditional"",""radicals"",""frequency"",""character-to-radical"",""one-way"",""part-19""]"
zh-traditional-radicals-frequency-xix/3695/character-to-radical	XIX	vocabulary	3695	zh-Hant	zh-Hant	硯	"[""石""]"	[]		"[""zh-Hant.frequency.3866"",""zh.radical.kangxi.112""]"	[]	[]	sources/characters.tsv	frequency-order position 3695; corpus frequency rank 3866; Ministry common-character number 2841	硯: frequency-order position 3695; corpus frequency rank 3866; 4 appearances (0.00033%); Unihan kRSUnicode 112.7; Kangxi radical 112 石; Unihan kRSUnicode single radical assignment.	[]	"[""chinese"",""traditional"",""radicals"",""frequency"",""character-to-radical"",""one-way"",""part-19""]"
zh-traditional-radicals-frequency-xix/3696/character-to-radical	XIX	vocabulary	3696	zh-Hant	zh-Hant	琶	"[""玉""]"	[]		"[""zh-Hant.frequency.3867"",""zh.radical.kangxi.096""]"	[]	[]	sources/characters.tsv	frequency-order position 3696; corpus frequency rank 3867; Ministry common-character number 2582	琶: frequency-order position 3696; corpus frequency rank 3867; 4 appearances (0.00033%); Unihan kRSUnicode 96.8; Kangxi radical 96 玉; Unihan kRSUnicode single radical assignment.	[]	"[""chinese"",""traditional"",""radicals"",""frequency"",""character-to-radical"",""one-way"",""part-19""]"
zh-traditional-radicals-frequency-xix/3697/character-to-radical	XIX	vocabulary	3697	zh-Hant	zh-Hant	渠	"[""水""]"	[]		"[""zh-Hant.frequency.3868"",""zh.radical.kangxi.085""]"	[]	[]	sources/characters.tsv	frequency-order position 3697; corpus frequency rank 3868; Ministry common-character number 2255	渠: frequency-order position 3697; corpus frequency rank 3868; 4 appearances (0.00033%); Unihan kRSUnicode 85.9 75.8; Kangxi radical 85 水; Reviewed primary Unihan kRSUnicode assignment 85.9 from alternatives 85.9 75.8.	[]	"[""chinese"",""traditional"",""radicals"",""frequency"",""character-to-radical"",""one-way"",""part-19""]"
zh-traditional-radicals-frequency-xix/3698/character-to-radical	XIX	vocabulary	3698	zh-Hant	zh-Hant	搾	"[""手""]"	[]		"[""zh-Hant.frequency.3869"",""zh.radical.kangxi.064""]"	[]	[]	sources/characters.tsv	frequency-order position 3698; corpus frequency rank 3869; Ministry common-character number 1636	搾: frequency-order position 3698; corpus frequency rank 3869; 4 appearances (0.00033%); Unihan kRSUnicode 64.10; Kangxi radical 64 手; Unihan kRSUnicode single radical assignment.	[]	"[""chinese"",""traditional"",""radicals"",""frequency"",""character-to-radical"",""one-way"",""part-19""]"
zh-traditional-radicals-frequency-xix/3699/character-to-radical	XIX	vocabulary	3699	zh-Hant	zh-Hant	渤	"[""水""]"	[]		"[""zh-Hant.frequency.3870"",""zh.radical.kangxi.085""]"	[]	[]	sources/characters.tsv	frequency-order position 3699; corpus frequency rank 3870; Ministry common-character number 2261	渤: frequency-order position 3699; corpus frequency rank 3870; 4 appearances (0.00033%); Unihan kRSUnicode 85.9; Kangxi radical 85 水; Unihan kRSUnicode single radical assignment.	[]	"[""chinese"",""traditional"",""radicals"",""frequency"",""character-to-radical"",""one-way"",""part-19""]"
zh-traditional-radicals-frequency-xix/3700/character-to-radical	XIX	vocabulary	3700	zh-Hant	zh-Hant	饞	"[""食""]"	[]		"[""zh-Hant.frequency.3871"",""zh.radical.kangxi.184""]"	[]	[]	sources/characters.tsv	frequency-order position 3700; corpus frequency rank 3871; Ministry common-character number 4614	饞: frequency-order position 3700; corpus frequency rank 3871; 4 appearances (0.00033%); Unihan kRSUnicode 184.17; Kangxi radical 184 食; Unihan kRSUnicode single radical assignment.	[]	"[""chinese"",""traditional"",""radicals"",""frequency"",""character-to-radical"",""one-way"",""part-19""]"
zh-traditional-radicals-frequency-xix/3701/character-to-radical	XIX	vocabulary	3701	zh-Hant	zh-Hant	弒	"[""弋""]"	[]		"[""zh-Hant.frequency.3872"",""zh.radical.kangxi.056""]"	[]	[]	sources/characters.tsv	frequency-order position 3701; corpus frequency rank 3872; Ministry common-character number 1244	弒: frequency-order position 3701; corpus frequency rank 3872; 4 appearances (0.00033%); Unihan kRSUnicode 56.10; Kangxi radical 56 弋; Unihan kRSUnicode single radical assignment.	[]	"[""chinese"",""traditional"",""radicals"",""frequency"",""character-to-radical"",""one-way"",""part-19""]"
zh-traditional-radicals-frequency-xix/3702/character-to-radical	XIX	vocabulary	3702	zh-Hant	zh-Hant	粟	"[""米""]"	[]		"[""zh-Hant.frequency.3874"",""zh.radical.kangxi.119""]"	[]	[]	sources/characters.tsv	frequency-order position 3702; corpus frequency rank 3874; Ministry common-character number 3060	粟: frequency-order position 3702; corpus frequency rank 3874; 4 appearances (0.00033%); Unihan kRSUnicode 119.6; Kangxi radical 119 米; Unihan kRSUnicode single radical assignment.	[]	"[""chinese"",""traditional"",""radicals"",""frequency"",""character-to-radical"",""one-way"",""part-19""]"
zh-traditional-radicals-frequency-xix/3703/character-to-radical	XIX	vocabulary	3703	zh-Hant	zh-Hant	榴	"[""木""]"	[]		"[""zh-Hant.frequency.3876"",""zh.radical.kangxi.075""]"	[]	[]	sources/characters.tsv	frequency-order position 3703; corpus frequency rank 3876; Ministry common-character number 2000	榴: frequency-order position 3703; corpus frequency rank 3876; 4 appearances (0.00033%); Unihan kRSUnicode 75.10; Kangxi radical 75 木; Unihan kRSUnicode single radical assignment.	[]	"[""chinese"",""traditional"",""radicals"",""frequency"",""character-to-radical"",""one-way"",""part-19""]"
zh-traditional-radicals-frequency-xix/3704/character-to-radical	XIX	vocabulary	3704	zh-Hant	zh-Hant	雉	"[""隹""]"	[]		"[""zh-Hant.frequency.3878"",""zh.radical.kangxi.172""]"	[]	[]	sources/characters.tsv	frequency-order position 3704; corpus frequency rank 3878; Ministry common-character number 4458	雉: frequency-order position 3704; corpus frequency rank 3878; 4 appearances (0.00033%); Unihan kRSUnicode 172.5; Kangxi radical 172 隹; Unihan kRSUnicode single radical assignment.	[]	"[""chinese"",""traditional"",""radicals"",""frequency"",""character-to-radical"",""one-way"",""part-19""]"
zh-traditional-radicals-frequency-xix/3705/character-to-radical	XIX	vocabulary	3705	zh-Hant	zh-Hant	誅	"[""言""]"	[]		"[""zh-Hant.frequency.3880"",""zh.radical.kangxi.149""]"	[]	[]	sources/characters.tsv	frequency-order position 3705; corpus frequency rank 3880; Ministry common-character number 3825	誅: frequency-order position 3705; corpus frequency rank 3880; 4 appearances (0.00033%); Unihan kRSUnicode 149.6; Kangxi radical 149 言; Unihan kRSUnicode single radical assignment.	[]	"[""chinese"",""traditional"",""radicals"",""frequency"",""character-to-radical"",""one-way"",""part-19""]"
zh-traditional-radicals-frequency-xix/3706/character-to-radical	XIX	vocabulary	3706	zh-Hant	zh-Hant	睦	"[""目""]"	[]		"[""zh-Hant.frequency.3882"",""zh.radical.kangxi.109""]"	[]	[]	sources/characters.tsv	frequency-order position 3706; corpus frequency rank 3882; Ministry common-character number 2780	睦: frequency-order position 3706; corpus frequency rank 3882; 4 appearances (0.00033%); Unihan kRSUnicode 109.8; Kangxi radical 109 目; Unihan kRSUnicode single radical assignment.	[]	"[""chinese"",""traditional"",""radicals"",""frequency"",""character-to-radical"",""one-way"",""part-19""]"
zh-traditional-radicals-frequency-xix/3707/character-to-radical	XIX	vocabulary	3707	zh-Hant	zh-Hant	膊	"[""肉""]"	[]		"[""zh-Hant.frequency.3884"",""zh.radical.kangxi.130""]"	[]	[]	sources/characters.tsv	frequency-order position 3707; corpus frequency rank 3884; Ministry common-character number 3358	膊: frequency-order position 3707; corpus frequency rank 3884; 4 appearances (0.00033%); Unihan kRSUnicode 130.10; Kangxi radical 130 肉; Unihan kRSUnicode single radical assignment.	[]	"[""chinese"",""traditional"",""radicals"",""frequency"",""character-to-radical"",""one-way"",""part-19""]"
zh-traditional-radicals-frequency-xix/3708/character-to-radical	XIX	vocabulary	3708	zh-Hant	zh-Hant	篆	"[""竹""]"	[]		"[""zh-Hant.frequency.3888"",""zh.radical.kangxi.118""]"	[]	[]	sources/characters.tsv	frequency-order position 3708; corpus frequency rank 3888; Ministry common-character number 3021	篆: frequency-order position 3708; corpus frequency rank 3888; 4 appearances (0.00033%); Unihan kRSUnicode 118.9; Kangxi radical 118 竹; Unihan kRSUnicode single radical assignment.	[]	"[""chinese"",""traditional"",""radicals"",""frequency"",""character-to-radical"",""one-way"",""part-19""]"
zh-traditional-radicals-frequency-xix/3709/character-to-radical	XIX	vocabulary	3709	zh-Hant	zh-Hant	踝	"[""足""]"	[]		"[""zh-Hant.frequency.3890"",""zh.radical.kangxi.157""]"	[]	[]	sources/characters.tsv	frequency-order position 3709; corpus frequency rank 3890; Ministry common-character number 4022	踝: frequency-order position 3709; corpus frequency rank 3890; 4 appearances (0.00033%); Unihan kRSUnicode 157.8; Kangxi radical 157 足; Unihan kRSUnicode single radical assignment.	[]	"[""chinese"",""traditional"",""radicals"",""frequency"",""character-to-radical"",""one-way"",""part-19""]"
zh-traditional-radicals-frequency-xix/3710/character-to-radical	XIX	vocabulary	3710	zh-Hant	zh-Hant	撩	"[""手""]"	[]		"[""zh-Hant.frequency.3892"",""zh.radical.kangxi.064""]"	[]	[]	sources/characters.tsv	frequency-order position 3710; corpus frequency rank 3892; Ministry common-character number 1669	撩: frequency-order position 3710; corpus frequency rank 3892; 4 appearances (0.00033%); Unihan kRSUnicode 64.12; Kangxi radical 64 手; Unihan kRSUnicode single radical assignment.	[]	"[""chinese"",""traditional"",""radicals"",""frequency"",""character-to-radical"",""one-way"",""part-19""]"
zh-traditional-radicals-frequency-xix/3711/character-to-radical	XIX	vocabulary	3711	zh-Hant	zh-Hant	瘟	"[""疒""]"	[]		"[""zh-Hant.frequency.3894"",""zh.radical.kangxi.104""]"	[]	[]	sources/characters.tsv	frequency-order position 3711; corpus frequency rank 3894; Ministry common-character number 2699	瘟: frequency-order position 3711; corpus frequency rank 3894; 4 appearances (0.00033%); Unihan kRSUnicode 104.9 104.10; Kangxi radical 104 疒; Reviewed primary Unihan kRSUnicode assignment 104.9 from alternatives 104.9 104.10.	[]	"[""chinese"",""traditional"",""radicals"",""frequency"",""character-to-radical"",""one-way"",""part-19""]"
zh-traditional-radicals-frequency-xix/3712/character-to-radical	XIX	vocabulary	3712	zh-Hant	zh-Hant	皚	"[""白""]"	[]		"[""zh-Hant.frequency.3896"",""zh.radical.kangxi.106""]"	[]	[]	sources/characters.tsv	frequency-order position 3712; corpus frequency rank 3896; Ministry common-character number 2731	皚: frequency-order position 3712; corpus frequency rank 3896; 4 appearances (0.00033%); Unihan kRSUnicode 106.10; Kangxi radical 106 白; Unihan kRSUnicode single radical assignment.	[]	"[""chinese"",""traditional"",""radicals"",""frequency"",""character-to-radical"",""one-way"",""part-19""]"
zh-traditional-radicals-frequency-xix/3713/character-to-radical	XIX	vocabulary	3713	zh-Hant	zh-Hant	骷	"[""骨""]"	[]		"[""zh-Hant.frequency.3898"",""zh.radical.kangxi.188""]"	[]	[]	sources/characters.tsv	frequency-order position 3713; corpus frequency rank 3898; Ministry common-character number 4660	骷: frequency-order position 3713; corpus frequency rank 3898; 4 appearances (0.00033%); Unihan kRSUnicode 188.5; Kangxi radical 188 骨; Unihan kRSUnicode single radical assignment.	[]	"[""chinese"",""traditional"",""radicals"",""frequency"",""character-to-radical"",""one-way"",""part-19""]"
zh-traditional-radicals-frequency-xix/3714/character-to-radical	XIX	vocabulary	3714	zh-Hant	zh-Hant	墮	"[""土""]"	[]		"[""zh-Hant.frequency.3900"",""zh.radical.kangxi.032""]"	[]	[]	sources/characters.tsv	frequency-order position 3714; corpus frequency rank 3900; Ministry common-character number 816	墮: frequency-order position 3714; corpus frequency rank 3900; 4 appearances (0.00033%); Unihan kRSUnicode 32.12; Kangxi radical 32 土; Unihan kRSUnicode single radical assignment.	[]	"[""chinese"",""traditional"",""radicals"",""frequency"",""character-to-radical"",""one-way"",""part-19""]"
zh-traditional-radicals-frequency-xix/3715/character-to-radical	XIX	vocabulary	3715	zh-Hant	zh-Hant	駙	"[""馬""]"	[]		"[""zh-Hant.frequency.3904"",""zh.radical.kangxi.187""]"	[]	[]	sources/characters.tsv	frequency-order position 3715; corpus frequency rank 3904; Ministry common-character number 4633	駙: frequency-order position 3715; corpus frequency rank 3904; 4 appearances (0.00033%); Unihan kRSUnicode 187.5; Kangxi radical 187 馬; Unihan kRSUnicode single radical assignment.	[]	"[""chinese"",""traditional"",""radicals"",""frequency"",""character-to-radical"",""one-way"",""part-19""]"
zh-traditional-radicals-frequency-xix/3716/character-to-radical	XIX	vocabulary	3716	zh-Hant	zh-Hant	噩	"[""口""]"	[]		"[""zh-Hant.frequency.3906"",""zh.radical.kangxi.030""]"	[]	[]	sources/characters.tsv	frequency-order position 3716; corpus frequency rank 3906; Ministry common-character number 691	噩: frequency-order position 3716; corpus frequency rank 3906; 4 appearances (0.00033%); Unihan kRSUnicode 30.13; Kangxi radical 30 口; Unihan kRSUnicode single radical assignment.	[]	"[""chinese"",""traditional"",""radicals"",""frequency"",""character-to-radical"",""one-way"",""part-19""]"
zh-traditional-radicals-frequency-xix/3717/character-to-radical	XIX	vocabulary	3717	zh-Hant	zh-Hant	冀	"[""八""]"	[]		"[""zh-Hant.frequency.3910"",""zh.radical.kangxi.012""]"	[]	[]	sources/characters.tsv	frequency-order position 3717; corpus frequency rank 3910; Ministry common-character number 295	冀: frequency-order position 3717; corpus frequency rank 3910; 4 appearances (0.00033%); Unihan kRSUnicode 12.14; Kangxi radical 12 八; Unihan kRSUnicode single radical assignment.	[]	"[""chinese"",""traditional"",""radicals"",""frequency"",""character-to-radical"",""one-way"",""part-19""]"
zh-traditional-radicals-frequency-xix/3718/character-to-radical	XIX	vocabulary	3718	zh-Hant	zh-Hant	槐	"[""木""]"	[]		"[""zh-Hant.frequency.3911"",""zh.radical.kangxi.075""]"	[]	[]	sources/characters.tsv	frequency-order position 3718; corpus frequency rank 3911; Ministry common-character number 2001	槐: frequency-order position 3718; corpus frequency rank 3911; 4 appearances (0.00033%); Unihan kRSUnicode 75.10; Kangxi radical 75 木; Unihan kRSUnicode single radical assignment.	[]	"[""chinese"",""traditional"",""radicals"",""frequency"",""character-to-radical"",""one-way"",""part-19""]"
zh-traditional-radicals-frequency-xix/3719/character-to-radical	XIX	vocabulary	3719	zh-Hant	zh-Hant	遏	"[""辵""]"	[]		"[""zh-Hant.frequency.3913"",""zh.radical.kangxi.162""]"	[]	[]	sources/characters.tsv	frequency-order position 3719; corpus frequency rank 3913; Ministry common-character number 4166	遏: frequency-order position 3719; corpus frequency rank 3913; 4 appearances (0.00033%); Unihan kRSUnicode 162.9; Kangxi radical 162 辵; Unihan kRSUnicode single radical assignment.	[]	"[""chinese"",""traditional"",""radicals"",""frequency"",""character-to-radical"",""one-way"",""part-19""]"
zh-traditional-radicals-frequency-xix/3720/character-to-radical	XIX	vocabulary	3720	zh-Hant	zh-Hant	餡	"[""食""]"	[]		"[""zh-Hant.frequency.3914"",""zh.radical.kangxi.184""]"	[]	[]	sources/characters.tsv	frequency-order position 3720; corpus frequency rank 3914; Ministry common-character number 4605	餡: frequency-order position 3720; corpus frequency rank 3914; 4 appearances (0.00033%); Unihan kRSUnicode 184.8; Kangxi radical 184 食; Unihan kRSUnicode single radical assignment.	[]	"[""chinese"",""traditional"",""radicals"",""frequency"",""character-to-radical"",""one-way"",""part-19""]"
zh-traditional-radicals-frequency-xix/3721/character-to-radical	XIX	vocabulary	3721	zh-Hant	zh-Hant	粹	"[""米""]"	[]		"[""zh-Hant.frequency.3915"",""zh.radical.kangxi.119""]"	[]	[]	sources/characters.tsv	frequency-order position 3721; corpus frequency rank 3915; Ministry common-character number 3065	粹: frequency-order position 3721; corpus frequency rank 3915; 4 appearances (0.00033%); Unihan kRSUnicode 119.8; Kangxi radical 119 米; Unihan kRSUnicode single radical assignment.	[]	"[""chinese"",""traditional"",""radicals"",""frequency"",""character-to-radical"",""one-way"",""part-19""]"
zh-traditional-radicals-frequency-xix/3722/character-to-radical	XIX	vocabulary	3722	zh-Hant	zh-Hant	穢	"[""禾""]"	[]		"[""zh-Hant.frequency.3916"",""zh.radical.kangxi.115""]"	[]	[]	sources/characters.tsv	frequency-order position 3722; corpus frequency rank 3916; Ministry common-character number 2950	穢: frequency-order position 3722; corpus frequency rank 3916; 4 appearances (0.00033%); Unihan kRSUnicode 115.13; Kangxi radical 115 禾; Unihan kRSUnicode single radical assignment.	[]	"[""chinese"",""traditional"",""radicals"",""frequency"",""character-to-radical"",""one-way"",""part-19""]"
zh-traditional-radicals-frequency-xix/3723/character-to-radical	XIX	vocabulary	3723	zh-Hant	zh-Hant	睞	"[""目""]"	[]		"[""zh-Hant.frequency.3917"",""zh.radical.kangxi.109""]"	[]	[]	sources/characters.tsv	frequency-order position 3723; corpus frequency rank 3917; Ministry common-character number 2781	睞: frequency-order position 3723; corpus frequency rank 3917; 4 appearances (0.00033%); Unihan kRSUnicode 109.8; Kangxi radical 109 目; Unihan kRSUnicode single radical assignment.	[]	"[""chinese"",""traditional"",""radicals"",""frequency"",""character-to-radical"",""one-way"",""part-19""]"
zh-traditional-radicals-frequency-xix/3724/character-to-radical	XIX	vocabulary	3724	zh-Hant	zh-Hant	篡	"[""竹""]"	[]		"[""zh-Hant.frequency.3918"",""zh.radical.kangxi.118""]"	[]	[]	sources/characters.tsv	frequency-order position 3724; corpus frequency rank 3918; Ministry common-character number 3029	篡: frequency-order position 3724; corpus frequency rank 3918; 4 appearances (0.00033%); Unihan kRSUnicode 118.10; Kangxi radical 118 竹; Unihan kRSUnicode single radical assignment.	[]	"[""chinese"",""traditional"",""radicals"",""frequency"",""character-to-radical"",""one-way"",""part-19""]"
zh-traditional-radicals-frequency-xix/3725/character-to-radical	XIX	vocabulary	3725	zh-Hant	zh-Hant	醇	"[""酉""]"	[]		"[""zh-Hant.frequency.3919"",""zh.radical.kangxi.164""]"	[]	[]	sources/characters.tsv	frequency-order position 3725; corpus frequency rank 3919; Ministry common-character number 4240	醇: frequency-order position 3725; corpus frequency rank 3919; 4 appearances (0.00033%); Unihan kRSUnicode 164.8; Kangxi radical 164 酉; Unihan kRSUnicode single radical assignment.	[]	"[""chinese"",""traditional"",""radicals"",""frequency"",""character-to-radical"",""one-way"",""part-19""]"
zh-traditional-radicals-frequency-xix/3726/character-to-radical	XIX	vocabulary	3726	zh-Hant	zh-Hant	檳	"[""木""]"	[]		"[""zh-Hant.frequency.3920"",""zh.radical.kangxi.075""]"	[]	[]	sources/characters.tsv	frequency-order position 3726; corpus frequency rank 3920; Ministry common-character number 2038	檳: frequency-order position 3726; corpus frequency rank 3920; 4 appearances (0.00033%); Unihan kRSUnicode 75.14; Kangxi radical 75 木; Unihan kRSUnicode single radical assignment.	[]	"[""chinese"",""traditional"",""radicals"",""frequency"",""character-to-radical"",""one-way"",""part-19""]"
zh-traditional-radicals-frequency-xix/3727/character-to-radical	XIX	vocabulary	3727	zh-Hant	zh-Hant	熨	"[""火""]"	[]		"[""zh-Hant.frequency.3921"",""zh.radical.kangxi.086""]"	[]	[]	sources/characters.tsv	frequency-order position 3727; corpus frequency rank 3921; Ministry common-character number 2439	熨: frequency-order position 3727; corpus frequency rank 3921; 4 appearances (0.00033%); Unihan kRSUnicode 86.11; Kangxi radical 86 火; Unihan kRSUnicode single radical assignment.	[]	"[""chinese"",""traditional"",""radicals"",""frequency"",""character-to-radical"",""one-way"",""part-19""]"
zh-traditional-radicals-frequency-xix/3728/character-to-radical	XIX	vocabulary	3728	zh-Hant	zh-Hant	艙	"[""舟""]"	[]		"[""zh-Hant.frequency.3922"",""zh.radical.kangxi.137""]"	[]	[]	sources/characters.tsv	frequency-order position 3728; corpus frequency rank 3922; Ministry common-character number 3422	艙: frequency-order position 3728; corpus frequency rank 3922; 4 appearances (0.00033%); Unihan kRSUnicode 137.10; Kangxi radical 137 舟; Unihan kRSUnicode single radical assignment.	[]	"[""chinese"",""traditional"",""radicals"",""frequency"",""character-to-radical"",""one-way"",""part-19""]"
zh-traditional-radicals-frequency-xix/3729/character-to-radical	XIX	vocabulary	3729	zh-Hant	zh-Hant	戮	"[""戈""]"	[]		"[""zh-Hant.frequency.3923"",""zh.radical.kangxi.062""]"	[]	[]	sources/characters.tsv	frequency-order position 3729; corpus frequency rank 3923; Ministry common-character number 1482	戮: frequency-order position 3729; corpus frequency rank 3923; 4 appearances (0.00033%); Unihan kRSUnicode 62.11; Kangxi radical 62 戈; Unihan kRSUnicode single radical assignment.	[]	"[""chinese"",""traditional"",""radicals"",""frequency"",""character-to-radical"",""one-way"",""part-19""]"
zh-traditional-radicals-frequency-xix/3730/character-to-radical	XIX	vocabulary	3730	zh-Hant	zh-Hant	繃	"[""糸""]"	[]		"[""zh-Hant.frequency.3924"",""zh.radical.kangxi.120""]"	[]	[]	sources/characters.tsv	frequency-order position 3730; corpus frequency rank 3924; Ministry common-character number 3170	繃: frequency-order position 3730; corpus frequency rank 3924; 4 appearances (0.00033%); Unihan kRSUnicode 120.11; Kangxi radical 120 糸; Unihan kRSUnicode single radical assignment.	[]	"[""chinese"",""traditional"",""radicals"",""frequency"",""character-to-radical"",""one-way"",""part-19""]"
zh-traditional-radicals-frequency-xix/3731/character-to-radical	XIX	vocabulary	3731	zh-Hant	zh-Hant	璋	"[""玉""]"	[]		"[""zh-Hant.frequency.3925"",""zh.radical.kangxi.096""]"	[]	[]	sources/characters.tsv	frequency-order position 3731; corpus frequency rank 3925; Ministry common-character number 2599	璋: frequency-order position 3731; corpus frequency rank 3925; 4 appearances (0.00033%); Unihan kRSUnicode 96.11; Kangxi radical 96 玉; Unihan kRSUnicode single radical assignment.	[]	"[""chinese"",""traditional"",""radicals"",""frequency"",""character-to-radical"",""one-way"",""part-19""]"
zh-traditional-radicals-frequency-xix/3732/character-to-radical	XIX	vocabulary	3732	zh-Hant	zh-Hant	瘠	"[""疒""]"	[]		"[""zh-Hant.frequency.3927"",""zh.radical.kangxi.104""]"	[]	[]	sources/characters.tsv	frequency-order position 3732; corpus frequency rank 3927; Ministry common-character number 2697	瘠: frequency-order position 3732; corpus frequency rank 3927; 4 appearances (0.00033%); Unihan kRSUnicode 104.10; Kangxi radical 104 疒; Unihan kRSUnicode single radical assignment.	[]	"[""chinese"",""traditional"",""radicals"",""frequency"",""character-to-radical"",""one-way"",""part-19""]"
zh-traditional-radicals-frequency-xix/3733/character-to-radical	XIX	vocabulary	3733	zh-Hant	zh-Hant	篙	"[""竹""]"	[]		"[""zh-Hant.frequency.3928"",""zh.radical.kangxi.118""]"	[]	[]	sources/characters.tsv	frequency-order position 3733; corpus frequency rank 3928; Ministry common-character number 3024	篙: frequency-order position 3733; corpus frequency rank 3928; 4 appearances (0.00033%); Unihan kRSUnicode 118.10; Kangxi radical 118 竹; Unihan kRSUnicode single radical assignment.	[]	"[""chinese"",""traditional"",""radicals"",""frequency"",""character-to-radical"",""one-way"",""part-19""]"
zh-traditional-radicals-frequency-xix/3734/character-to-radical	XIX	vocabulary	3734	zh-Hant	zh-Hant	賬	"[""貝""]"	[]		"[""zh-Hant.frequency.3929"",""zh.radical.kangxi.154""]"	[]	[]	sources/characters.tsv	frequency-order position 3734; corpus frequency rank 3929; Ministry common-character number 3965	賬: frequency-order position 3734; corpus frequency rank 3929; 4 appearances (0.00033%); Unihan kRSUnicode 154.8; Kangxi radical 154 貝; Unihan kRSUnicode single radical assignment.	[]	"[""chinese"",""traditional"",""radicals"",""frequency"",""character-to-radical"",""one-way"",""part-19""]"
zh-traditional-radicals-frequency-xix/3735/character-to-radical	XIX	vocabulary	3735	zh-Hant	zh-Hant	澀	"[""水""]"	[]		"[""zh-Hant.frequency.3930"",""zh.radical.kangxi.085""]"	[]	[]	sources/characters.tsv	frequency-order position 3735; corpus frequency rank 3930; Ministry common-character number 2360	澀: frequency-order position 3735; corpus frequency rank 3930; 4 appearances (0.00033%); Unihan kRSUnicode 85.14; Kangxi radical 85 水; Unihan kRSUnicode single radical assignment.	[]	"[""chinese"",""traditional"",""radicals"",""frequency"",""character-to-radical"",""one-way"",""part-19""]"
zh-traditional-radicals-frequency-xix/3736/character-to-radical	XIX	vocabulary	3736	zh-Hant	zh-Hant	嫵	"[""女""]"	[]		"[""zh-Hant.frequency.3931"",""zh.radical.kangxi.038""]"	[]	[]	sources/characters.tsv	frequency-order position 3736; corpus frequency rank 3931; Ministry common-character number 973	嫵: frequency-order position 3736; corpus frequency rank 3931; 4 appearances (0.00033%); Unihan kRSUnicode 38.12; Kangxi radical 38 女; Unihan kRSUnicode single radical assignment.	[]	"[""chinese"",""traditional"",""radicals"",""frequency"",""character-to-radical"",""one-way"",""part-19""]"
zh-traditional-radicals-frequency-xix/3737/character-to-radical	XIX	vocabulary	3737	zh-Hant	zh-Hant	髏	"[""骨""]"	[]		"[""zh-Hant.frequency.3932"",""zh.radical.kangxi.188""]"	[]	[]	sources/characters.tsv	frequency-order position 3737; corpus frequency rank 3932; Ministry common-character number 4663	髏: frequency-order position 3737; corpus frequency rank 3932; 4 appearances (0.00033%); Unihan kRSUnicode 188.11; Kangxi radical 188 骨; Unihan kRSUnicode single radical assignment.	[]	"[""chinese"",""traditional"",""radicals"",""frequency"",""character-to-radical"",""one-way"",""part-19""]"
zh-traditional-radicals-frequency-xix/3738/character-to-radical	XIX	vocabulary	3738	zh-Hant	zh-Hant	擒	"[""手""]"	[]		"[""zh-Hant.frequency.3933"",""zh.radical.kangxi.064""]"	[]	[]	sources/characters.tsv	frequency-order position 3738; corpus frequency rank 3933; Ministry common-character number 1687	擒: frequency-order position 3738; corpus frequency rank 3933; 4 appearances (0.00033%); Unihan kRSUnicode 64.13; Kangxi radical 64 手; Unihan kRSUnicode single radical assignment.	[]	"[""chinese"",""traditional"",""radicals"",""frequency"",""character-to-radical"",""one-way"",""part-19""]"
zh-traditional-radicals-frequency-xix/3739/character-to-radical	XIX	vocabulary	3739	zh-Hant	zh-Hant	鏘	"[""金""]"	[]		"[""zh-Hant.frequency.3934"",""zh.radical.kangxi.167""]"	[]	[]	sources/characters.tsv	frequency-order position 3739; corpus frequency rank 3934; Ministry common-character number 4346	鏘: frequency-order position 3739; corpus frequency rank 3934; 4 appearances (0.00033%); Unihan kRSUnicode 167.11; Kangxi radical 167 金; Unihan kRSUnicode single radical assignment.	[]	"[""chinese"",""traditional"",""radicals"",""frequency"",""character-to-radical"",""one-way"",""part-19""]"
zh-traditional-radicals-frequency-xix/3740/character-to-radical	XIX	vocabulary	3740	zh-Hant	zh-Hant	颯	"[""風""]"	[]		"[""zh-Hant.frequency.3935"",""zh.radical.kangxi.182""]"	[]	[]	sources/characters.tsv	frequency-order position 3740; corpus frequency rank 3935; Ministry common-character number 4573	颯: frequency-order position 3740; corpus frequency rank 3935; 4 appearances (0.00033%); Unihan kRSUnicode 182.5; Kangxi radical 182 風; Unihan kRSUnicode single radical assignment.	[]	"[""chinese"",""traditional"",""radicals"",""frequency"",""character-to-radical"",""one-way"",""part-19""]"
zh-traditional-radicals-frequency-xix/3741/character-to-radical	XIX	vocabulary	3741	zh-Hant	zh-Hant	饅	"[""食""]"	[]		"[""zh-Hant.frequency.3936"",""zh.radical.kangxi.184""]"	[]	[]	sources/characters.tsv	frequency-order position 3741; corpus frequency rank 3936; Ministry common-character number 4610	饅: frequency-order position 3741; corpus frequency rank 3936; 4 appearances (0.00033%); Unihan kRSUnicode 184.11; Kangxi radical 184 食; Unihan kRSUnicode single radical assignment.	[]	"[""chinese"",""traditional"",""radicals"",""frequency"",""character-to-radical"",""one-way"",""part-19""]"
zh-traditional-radicals-frequency-xix/3742/character-to-radical	XIX	vocabulary	3742	zh-Hant	zh-Hant	憊	"[""心""]"	[]		"[""zh-Hant.frequency.3937"",""zh.radical.kangxi.061""]"	[]	[]	sources/characters.tsv	frequency-order position 3742; corpus frequency rank 3937; Ministry common-character number 1445	憊: frequency-order position 3742; corpus frequency rank 3937; 4 appearances (0.00033%); Unihan kRSUnicode 61.12; Kangxi radical 61 心; Unihan kRSUnicode single radical assignment.	[]	"[""chinese"",""traditional"",""radicals"",""frequency"",""character-to-radical"",""one-way"",""part-19""]"
zh-traditional-radicals-frequency-xix/3743/character-to-radical	XIX	vocabulary	3743	zh-Hant	zh-Hant	鎳	"[""金""]"	[]		"[""zh-Hant.frequency.3938"",""zh.radical.kangxi.167""]"	[]	[]	sources/characters.tsv	frequency-order position 3743; corpus frequency rank 3938; Ministry common-character number 4334	鎳: frequency-order position 3743; corpus frequency rank 3938; 4 appearances (0.00033%); Unihan kRSUnicode 167.10; Kangxi radical 167 金; Unihan kRSUnicode single radical assignment.	[]	"[""chinese"",""traditional"",""radicals"",""frequency"",""character-to-radical"",""one-way"",""part-19""]"
zh-traditional-radicals-frequency-xix/3744/character-to-radical	XIX	vocabulary	3744	zh-Hant	zh-Hant	噯	"[""口""]"	[]		"[""zh-Hant.frequency.3939"",""zh.radical.kangxi.030""]"	[]	[]	sources/characters.tsv	frequency-order position 3744; corpus frequency rank 3939; Ministry common-character number 699	噯: frequency-order position 3744; corpus frequency rank 3939; 4 appearances (0.00033%); Unihan kRSUnicode 30.13; Kangxi radical 30 口; Unihan kRSUnicode single radical assignment.	[]	"[""chinese"",""traditional"",""radicals"",""frequency"",""character-to-radical"",""one-way"",""part-19""]"
zh-traditional-radicals-frequency-xix/3745/character-to-radical	XIX	vocabulary	3745	zh-Hant	zh-Hant	醺	"[""酉""]"	[]		"[""zh-Hant.frequency.3940"",""zh.radical.kangxi.164""]"	[]	[]	sources/characters.tsv	frequency-order position 3745; corpus frequency rank 3940; Ministry common-character number 4250	醺: frequency-order position 3745; corpus frequency rank 3940; 4 appearances (0.00033%); Unihan kRSUnicode 164.14; Kangxi radical 164 酉; Unihan kRSUnicode single radical assignment.	[]	"[""chinese"",""traditional"",""radicals"",""frequency"",""character-to-radical"",""one-way"",""part-19""]"
zh-traditional-radicals-frequency-xix/3746/character-to-radical	XIX	vocabulary	3746	zh-Hant	zh-Hant	嘮	"[""口""]"	[]		"[""zh-Hant.frequency.3941"",""zh.radical.kangxi.030""]"	[]	[]	sources/characters.tsv	frequency-order position 3746; corpus frequency rank 3941; Ministry common-character number 675	嘮: frequency-order position 3746; corpus frequency rank 3941; 4 appearances (0.00033%); Unihan kRSUnicode 30.12; Kangxi radical 30 口; Unihan kRSUnicode single radical assignment.	[]	"[""chinese"",""traditional"",""radicals"",""frequency"",""character-to-radical"",""one-way"",""part-19""]"
zh-traditional-radicals-frequency-xix/3747/character-to-radical	XIX	vocabulary	3747	zh-Hant	zh-Hant	囂	"[""口""]"	[]		"[""zh-Hant.frequency.3942"",""zh.radical.kangxi.030""]"	[]	[]	sources/characters.tsv	frequency-order position 3747; corpus frequency rank 3942; Ministry common-character number 718	囂: frequency-order position 3747; corpus frequency rank 3942; 4 appearances (0.00033%); Unihan kRSUnicode 30.18; Kangxi radical 30 口; Unihan kRSUnicode single radical assignment.	[]	"[""chinese"",""traditional"",""radicals"",""frequency"",""character-to-radical"",""one-way"",""part-19""]"
zh-traditional-radicals-frequency-xix/3748/character-to-radical	XIX	vocabulary	3748	zh-Hant	zh-Hant	駟	"[""馬""]"	[]		"[""zh-Hant.frequency.3943"",""zh.radical.kangxi.187""]"	[]	[]	sources/characters.tsv	frequency-order position 3748; corpus frequency rank 3943; Ministry common-character number 4628	駟: frequency-order position 3748; corpus frequency rank 3943; 4 appearances (0.00033%); Unihan kRSUnicode 187.5; Kangxi radical 187 馬; Unihan kRSUnicode single radical assignment.	[]	"[""chinese"",""traditional"",""radicals"",""frequency"",""character-to-radical"",""one-way"",""part-19""]"
zh-traditional-radicals-frequency-xix/3749/character-to-radical	XIX	vocabulary	3749	zh-Hant	zh-Hant	癩	"[""疒""]"	[]		"[""zh-Hant.frequency.3944"",""zh.radical.kangxi.104""]"	[]	[]	sources/characters.tsv	frequency-order position 3749; corpus frequency rank 3944; Ministry common-character number 2713	癩: frequency-order position 3749; corpus frequency rank 3944; 4 appearances (0.00033%); Unihan kRSUnicode 104.16; Kangxi radical 104 疒; Unihan kRSUnicode single radical assignment.	[]	"[""chinese"",""traditional"",""radicals"",""frequency"",""character-to-radical"",""one-way"",""part-19""]"
zh-traditional-radicals-frequency-xix/3750/character-to-radical	XIX	vocabulary	3750	zh-Hant	zh-Hant	螫	"[""虫""]"	[]		"[""zh-Hant.frequency.3945"",""zh.radical.kangxi.142""]"	[]	[]	sources/characters.tsv	frequency-order position 3750; corpus frequency rank 3945; Ministry common-character number 3676	螫: frequency-order position 3750; corpus frequency rank 3945; 4 appearances (0.00033%); Unihan kRSUnicode 142.11; Kangxi radical 142 虫; Unihan kRSUnicode single radical assignment.	[]	"[""chinese"",""traditional"",""radicals"",""frequency"",""character-to-radical"",""one-way"",""part-19""]"
zh-traditional-radicals-frequency-xix/3751/character-to-radical	XIX	vocabulary	3751	zh-Hant	zh-Hant	贖	"[""貝""]"	[]		"[""zh-Hant.frequency.3946"",""zh.radical.kangxi.154""]"	[]	[]	sources/characters.tsv	frequency-order position 3751; corpus frequency rank 3946; Ministry common-character number 3981	贖: frequency-order position 3751; corpus frequency rank 3946; 4 appearances (0.00033%); Unihan kRSUnicode 154.15; Kangxi radical 154 貝; Unihan kRSUnicode single radical assignment.	[]	"[""chinese"",""traditional"",""radicals"",""frequency"",""character-to-radical"",""one-way"",""part-19""]"
zh-traditional-radicals-frequency-xix/3752/character-to-radical	XIX	vocabulary	3752	zh-Hant	zh-Hant	薑	"[""艸""]"	[]		"[""zh-Hant.frequency.3947"",""zh.radical.kangxi.140""]"	[]	[]	sources/characters.tsv	frequency-order position 3752; corpus frequency rank 3947; Ministry common-character number 3574	薑: frequency-order position 3752; corpus frequency rank 3947; 4 appearances (0.00033%); Unihan kRSUnicode 140.13; Kangxi radical 140 艸; Unihan kRSUnicode single radical assignment.	[]	"[""chinese"",""traditional"",""radicals"",""frequency"",""character-to-radical"",""one-way"",""part-19""]"
zh-traditional-radicals-frequency-xix/3753/character-to-radical	XIX	vocabulary	3753	zh-Hant	zh-Hant	癱	"[""疒""]"	[]		"[""zh-Hant.frequency.3948"",""zh.radical.kangxi.104""]"	[]	[]	sources/characters.tsv	frequency-order position 3753; corpus frequency rank 3948; Ministry common-character number 2716	癱: frequency-order position 3753; corpus frequency rank 3948; 4 appearances (0.00033%); Unihan kRSUnicode 104.19; Kangxi radical 104 疒; Unihan kRSUnicode single radical assignment.	[]	"[""chinese"",""traditional"",""radicals"",""frequency"",""character-to-radical"",""one-way"",""part-19""]"
zh-traditional-radicals-frequency-xix/3754/character-to-radical	XIX	vocabulary	3754	zh-Hant	zh-Hant	虜	"[""虍""]"	[]		"[""zh-Hant.frequency.3949"",""zh.radical.kangxi.141""]"	[]	[]	sources/characters.tsv	frequency-order position 3754; corpus frequency rank 3949; Ministry common-character number 3610	虜: frequency-order position 3754; corpus frequency rank 3949; 4 appearances (0.00033%); Unihan kRSUnicode 141.6; Kangxi radical 141 虍; Unihan kRSUnicode single radical assignment.	[]	"[""chinese"",""traditional"",""radicals"",""frequency"",""character-to-radical"",""one-way"",""part-19""]"
zh-traditional-radicals-frequency-xix/3755/character-to-radical	XIX	vocabulary	3755	zh-Hant	zh-Hant	攫	"[""手""]"	[]		"[""zh-Hant.frequency.3950"",""zh.radical.kangxi.064""]"	[]	[]	sources/characters.tsv	frequency-order position 3755; corpus frequency rank 3950; Ministry common-character number 1712	攫: frequency-order position 3755; corpus frequency rank 3950; 4 appearances (0.00033%); Unihan kRSUnicode 64.20; Kangxi radical 64 手; Unihan kRSUnicode single radical assignment.	[]	"[""chinese"",""traditional"",""radicals"",""frequency"",""character-to-radical"",""one-way"",""part-19""]"
zh-traditional-radicals-frequency-xix/3756/character-to-radical	XIX	vocabulary	3756	zh-Hant	zh-Hant	髻	"[""髟""]"	[]		"[""zh-Hant.frequency.3951"",""zh.radical.kangxi.190""]"	[]	[]	sources/characters.tsv	frequency-order position 3756; corpus frequency rank 3951; Ministry common-character number 4671	髻: frequency-order position 3756; corpus frequency rank 3951; 4 appearances (0.00033%); Unihan kRSUnicode 190.6; Kangxi radical 190 髟; Unihan kRSUnicode single radical assignment.	[]	"[""chinese"",""traditional"",""radicals"",""frequency"",""character-to-radical"",""one-way"",""part-19""]"
zh-traditional-radicals-frequency-xix/3757/character-to-radical	XIX	vocabulary	3757	zh-Hant	zh-Hant	鰾	"[""魚""]"	[]		"[""zh-Hant.frequency.3952"",""zh.radical.kangxi.195""]"	[]	[]	sources/characters.tsv	frequency-order position 3757; corpus frequency rank 3952; Ministry common-character number 4709	鰾: frequency-order position 3757; corpus frequency rank 3952; 4 appearances (0.00033%); Unihan kRSUnicode 195.11; Kangxi radical 195 魚; Unihan kRSUnicode single radical assignment.	[]	"[""chinese"",""traditional"",""radicals"",""frequency"",""character-to-radical"",""one-way"",""part-19""]"
zh-traditional-radicals-frequency-xix/3758/character-to-radical	XIX	vocabulary	3758	zh-Hant	zh-Hant	蹂	"[""足""]"	[]		"[""zh-Hant.frequency.3953"",""zh.radical.kangxi.157""]"	[]	[]	sources/characters.tsv	frequency-order position 3758; corpus frequency rank 3953; Ministry common-character number 4030	蹂: frequency-order position 3758; corpus frequency rank 3953; 4 appearances (0.00033%); Unihan kRSUnicode 157.9; Kangxi radical 157 足; Unihan kRSUnicode single radical assignment.	[]	"[""chinese"",""traditional"",""radicals"",""frequency"",""character-to-radical"",""one-way"",""part-19""]"
zh-traditional-radicals-frequency-xix/3759/character-to-radical	XIX	vocabulary	3759	zh-Hant	zh-Hant	癲	"[""疒""]"	[]		"[""zh-Hant.frequency.3954"",""zh.radical.kangxi.104""]"	[]	[]	sources/characters.tsv	frequency-order position 3759; corpus frequency rank 3954; Ministry common-character number 2717	癲: frequency-order position 3759; corpus frequency rank 3954; 4 appearances (0.00033%); Unihan kRSUnicode 104.19; Kangxi radical 104 疒; Unihan kRSUnicode single radical assignment.	[]	"[""chinese"",""traditional"",""radicals"",""frequency"",""character-to-radical"",""one-way"",""part-19""]"
zh-traditional-radicals-frequency-xix/3760/character-to-radical	XIX	vocabulary	3760	zh-Hant	zh-Hant	鼾	"[""鼻""]"	[]		"[""zh-Hant.frequency.3955"",""zh.radical.kangxi.209""]"	[]	[]	sources/characters.tsv	frequency-order position 3760; corpus frequency rank 3955; Ministry common-character number 4793	鼾: frequency-order position 3760; corpus frequency rank 3955; 4 appearances (0.00033%); Unihan kRSUnicode 209.3; Kangxi radical 209 鼻; Unihan kRSUnicode single radical assignment.	[]	"[""chinese"",""traditional"",""radicals"",""frequency"",""character-to-radical"",""one-way"",""part-19""]"
zh-traditional-radicals-frequency-xix/3761/character-to-radical	XIX	vocabulary	3761	zh-Hant	zh-Hant	霓	"[""雨""]"	[]		"[""zh-Hant.frequency.3957"",""zh.radical.kangxi.173""]"	[]	[]	sources/characters.tsv	frequency-order position 3761; corpus frequency rank 3957; Ministry common-character number 4485	霓: frequency-order position 3761; corpus frequency rank 3957; 4 appearances (0.00033%); Unihan kRSUnicode 173.8; Kangxi radical 173 雨; Unihan kRSUnicode single radical assignment.	[]	"[""chinese"",""traditional"",""radicals"",""frequency"",""character-to-radical"",""one-way"",""part-19""]"
zh-traditional-radicals-frequency-xix/3762/character-to-radical	XIX	vocabulary	3762	zh-Hant	zh-Hant	螻	"[""虫""]"	[]		"[""zh-Hant.frequency.3959"",""zh.radical.kangxi.142""]"	[]	[]	sources/characters.tsv	frequency-order position 3762; corpus frequency rank 3959; Ministry common-character number 3677	螻: frequency-order position 3762; corpus frequency rank 3959; 4 appearances (0.00033%); Unihan kRSUnicode 142.11; Kangxi radical 142 虫; Unihan kRSUnicode single radical assignment.	[]	"[""chinese"",""traditional"",""radicals"",""frequency"",""character-to-radical"",""one-way"",""part-19""]"
zh-traditional-radicals-frequency-xix/3763/character-to-radical	XIX	vocabulary	3763	zh-Hant	zh-Hant	嶽	"[""山""]"	[]		"[""zh-Hant.frequency.3961"",""zh.radical.kangxi.046""]"	[]	[]	sources/characters.tsv	frequency-order position 3763; corpus frequency rank 3961; Ministry common-character number 1140	嶽: frequency-order position 3763; corpus frequency rank 3961; 4 appearances (0.00033%); Unihan kRSUnicode 46.14; Kangxi radical 46 山; Unihan kRSUnicode single radical assignment.	[]	"[""chinese"",""traditional"",""radicals"",""frequency"",""character-to-radical"",""one-way"",""part-19""]"
zh-traditional-radicals-frequency-xix/3764/character-to-radical	XIX	vocabulary	3764	zh-Hant	zh-Hant	縛	"[""糸""]"	[]		"[""zh-Hant.frequency.3963"",""zh.radical.kangxi.120""]"	[]	[]	sources/characters.tsv	frequency-order position 3764; corpus frequency rank 3963; Ministry common-character number 3163	縛: frequency-order position 3764; corpus frequency rank 3963; 4 appearances (0.00033%); Unihan kRSUnicode 120.10; Kangxi radical 120 糸; Unihan kRSUnicode single radical assignment.	[]	"[""chinese"",""traditional"",""radicals"",""frequency"",""character-to-radical"",""one-way"",""part-19""]"
zh-traditional-radicals-frequency-xix/3765/character-to-radical	XIX	vocabulary	3765	zh-Hant	zh-Hant	谿	"[""谷""]"	[]		"[""zh-Hant.frequency.3965"",""zh.radical.kangxi.150""]"	[]	[]	sources/characters.tsv	frequency-order position 3765; corpus frequency rank 3965; Ministry common-character number 3904	谿: frequency-order position 3765; corpus frequency rank 3965; 4 appearances (0.00033%); Unihan kRSUnicode 150.10; Kangxi radical 150 谷; Unihan kRSUnicode single radical assignment.	[]	"[""chinese"",""traditional"",""radicals"",""frequency"",""character-to-radical"",""one-way"",""part-19""]"
zh-traditional-radicals-frequency-xix/3766/character-to-radical	XIX	vocabulary	3766	zh-Hant	zh-Hant	懦	"[""心""]"	[]		"[""zh-Hant.frequency.3967"",""zh.radical.kangxi.061""]"	[]	[]	sources/characters.tsv	frequency-order position 3766; corpus frequency rank 3967; Ministry common-character number 1454	懦: frequency-order position 3766; corpus frequency rank 3967; 4 appearances (0.00033%); Unihan kRSUnicode 61.14; Kangxi radical 61 心; Unihan kRSUnicode single radical assignment.	[]	"[""chinese"",""traditional"",""radicals"",""frequency"",""character-to-radical"",""one-way"",""part-19""]"
zh-traditional-radicals-frequency-xix/3767/character-to-radical	XIX	vocabulary	3767	zh-Hant	zh-Hant	窘	"[""穴""]"	[]		"[""zh-Hant.frequency.3968"",""zh.radical.kangxi.116""]"	[]	[]	sources/characters.tsv	frequency-order position 3767; corpus frequency rank 3968; Ministry common-character number 2963	窘: frequency-order position 3767; corpus frequency rank 3968; 4 appearances (0.00033%); Unihan kRSUnicode 116.7; Kangxi radical 116 穴; Unihan kRSUnicode single radical assignment.	[]	"[""chinese"",""traditional"",""radicals"",""frequency"",""character-to-radical"",""one-way"",""part-19""]"
zh-traditional-radicals-frequency-xix/3768/character-to-radical	XIX	vocabulary	3768	zh-Hant	zh-Hant	轄	"[""車""]"	[]		"[""zh-Hant.frequency.3969"",""zh.radical.kangxi.159""]"	[]	[]	sources/characters.tsv	frequency-order position 3768; corpus frequency rank 3969; Ministry common-character number 4090	轄: frequency-order position 3768; corpus frequency rank 3969; 4 appearances (0.00033%); Unihan kRSUnicode 159.10; Kangxi radical 159 車; Unihan kRSUnicode single radical assignment.	[]	"[""chinese"",""traditional"",""radicals"",""frequency"",""character-to-radical"",""one-way"",""part-19""]"
zh-traditional-radicals-frequency-xix/3769/character-to-radical	XIX	vocabulary	3769	zh-Hant	zh-Hant	鱉	"[""魚""]"	[]		"[""zh-Hant.frequency.3970"",""zh.radical.kangxi.195""]"	[]	[]	sources/characters.tsv	frequency-order position 3769; corpus frequency rank 3970; Ministry common-character number 4707	鱉: frequency-order position 3769; corpus frequency rank 3970; 4 appearances (0.00033%); Unihan kRSUnicode 195.12; Kangxi radical 195 魚; Unihan kRSUnicode single radical assignment.	[]	"[""chinese"",""traditional"",""radicals"",""frequency"",""character-to-radical"",""one-way"",""part-19""]"
zh-traditional-radicals-frequency-xix/3770/character-to-radical	XIX	vocabulary	3770	zh-Hant	zh-Hant	鏢	"[""金""]"	[]		"[""zh-Hant.frequency.3971"",""zh.radical.kangxi.167""]"	[]	[]	sources/characters.tsv	frequency-order position 3770; corpus frequency rank 3971; Ministry common-character number 4344	鏢: frequency-order position 3770; corpus frequency rank 3971; 4 appearances (0.00033%); Unihan kRSUnicode 167.11; Kangxi radical 167 金; Unihan kRSUnicode single radical assignment.	[]	"[""chinese"",""traditional"",""radicals"",""frequency"",""character-to-radical"",""one-way"",""part-19""]"
zh-traditional-radicals-frequency-xix/3771/character-to-radical	XIX	vocabulary	3771	zh-Hant	zh-Hant	鎊	"[""金""]"	[]		"[""zh-Hant.frequency.3973"",""zh.radical.kangxi.167""]"	[]	[]	sources/characters.tsv	frequency-order position 3771; corpus frequency rank 3973; Ministry common-character number 4331	鎊: frequency-order position 3771; corpus frequency rank 3973; 4 appearances (0.00033%); Unihan kRSUnicode 167.10; Kangxi radical 167 金; Unihan kRSUnicode single radical assignment.	[]	"[""chinese"",""traditional"",""radicals"",""frequency"",""character-to-radical"",""one-way"",""part-19""]"
zh-traditional-radicals-frequency-xix/3772/character-to-radical	XIX	vocabulary	3772	zh-Hant	zh-Hant	闔	"[""門""]"	[]		"[""zh-Hant.frequency.3975"",""zh.radical.kangxi.169""]"	[]	[]	sources/characters.tsv	frequency-order position 3772; corpus frequency rank 3975; Ministry common-character number 4395	闔: frequency-order position 3772; corpus frequency rank 3975; 4 appearances (0.00033%); Unihan kRSUnicode 169.10; Kangxi radical 169 門; Unihan kRSUnicode single radical assignment.	[]	"[""chinese"",""traditional"",""radicals"",""frequency"",""character-to-radical"",""one-way"",""part-19""]"
zh-traditional-radicals-frequency-xix/3773/character-to-radical	XIX	vocabulary	3773	zh-Hant	zh-Hant	疇	"[""田""]"	[]		"[""zh-Hant.frequency.3977"",""zh.radical.kangxi.102""]"	[]	[]	sources/characters.tsv	frequency-order position 3773; corpus frequency rank 3977; Ministry common-character number 2654	疇: frequency-order position 3773; corpus frequency rank 3977; 4 appearances (0.00033%); Unihan kRSUnicode 102.14; Kangxi radical 102 田; Unihan kRSUnicode single radical assignment.	[]	"[""chinese"",""traditional"",""radicals"",""frequency"",""character-to-radical"",""one-way"",""part-19""]"
zh-traditional-radicals-frequency-xix/3774/character-to-radical	XIX	vocabulary	3774	zh-Hant	zh-Hant	鼴	"[""鼠""]"	[]		"[""zh-Hant.frequency.3978"",""zh.radical.kangxi.208""]"	[]	[]	sources/characters.tsv	frequency-order position 3774; corpus frequency rank 3978; Ministry common-character number 4791	鼴: frequency-order position 3774; corpus frequency rank 3978; 4 appearances (0.00033%); Unihan kRSUnicode 208.9; Kangxi radical 208 鼠; Unihan kRSUnicode single radical assignment.	[]	"[""chinese"",""traditional"",""radicals"",""frequency"",""character-to-radical"",""one-way"",""part-19""]"
zh-traditional-radicals-frequency-xix/3775/character-to-radical	XIX	vocabulary	3775	zh-Hant	zh-Hant	曝	"[""日""]"	[]		"[""zh-Hant.frequency.3983"",""zh.radical.kangxi.072""]"	[]	[]	sources/characters.tsv	frequency-order position 3775; corpus frequency rank 3983; Ministry common-character number 1828	曝: frequency-order position 3775; corpus frequency rank 3983; 4 appearances (0.00033%); Unihan kRSUnicode 72.15; Kangxi radical 72 日; Unihan kRSUnicode single radical assignment.	[]	"[""chinese"",""traditional"",""radicals"",""frequency"",""character-to-radical"",""one-way"",""part-19""]"
zh-traditional-radicals-frequency-xix/3776/character-to-radical	XIX	vocabulary	3776	zh-Hant	zh-Hant	璽	"[""玉""]"	[]		"[""zh-Hant.frequency.3984"",""zh.radical.kangxi.096""]"	[]	[]	sources/characters.tsv	frequency-order position 3776; corpus frequency rank 3984; Ministry common-character number 2607	璽: frequency-order position 3776; corpus frequency rank 3984; 4 appearances (0.00033%); Unihan kRSUnicode 96.14; Kangxi radical 96 玉; Unihan kRSUnicode single radical assignment.	[]	"[""chinese"",""traditional"",""radicals"",""frequency"",""character-to-radical"",""one-way"",""part-19""]"
zh-traditional-radicals-frequency-xix/3777/character-to-radical	XIX	vocabulary	3777	zh-Hant	zh-Hant	籮	"[""竹""]"	[]		"[""zh-Hant.frequency.3985"",""zh.radical.kangxi.118""]"	[]	[]	sources/characters.tsv	frequency-order position 3777; corpus frequency rank 3985; Ministry common-character number 3054	籮: frequency-order position 3777; corpus frequency rank 3985; 4 appearances (0.00033%); Unihan kRSUnicode 118.19; Kangxi radical 118 竹; Unihan kRSUnicode single radical assignment.	[]	"[""chinese"",""traditional"",""radicals"",""frequency"",""character-to-radical"",""one-way"",""part-19""]"
zh-traditional-radicals-frequency-xix/3778/character-to-radical	XIX	vocabulary	3778	zh-Hant	zh-Hant	巖	"[""山""]"	[]		"[""zh-Hant.frequency.3986"",""zh.radical.kangxi.046""]"	[]	[]	sources/characters.tsv	frequency-order position 3778; corpus frequency rank 3986; Ministry common-character number 1144	巖: frequency-order position 3778; corpus frequency rank 3986; 4 appearances (0.00033%); Unihan kRSUnicode 46.20; Kangxi radical 46 山; Unihan kRSUnicode single radical assignment.	[]	"[""chinese"",""traditional"",""radicals"",""frequency"",""character-to-radical"",""one-way"",""part-19""]"
zh-traditional-radicals-frequency-xix/3779/character-to-radical	XIX	vocabulary	3779	zh-Hant	zh-Hant	鱖	"[""魚""]"	[]		"[""zh-Hant.frequency.3987"",""zh.radical.kangxi.195""]"	[]	[]	sources/characters.tsv	frequency-order position 3779; corpus frequency rank 3987; Ministry common-character number 4713	鱖: frequency-order position 3779; corpus frequency rank 3987; 4 appearances (0.00033%); Unihan kRSUnicode 195.12; Kangxi radical 195 魚; Unihan kRSUnicode single radical assignment.	[]	"[""chinese"",""traditional"",""radicals"",""frequency"",""character-to-radical"",""one-way"",""part-19""]"
zh-traditional-radicals-frequency-xix/3780/character-to-radical	XIX	vocabulary	3780	zh-Hant	zh-Hant	戌	"[""戈""]"	[]		"[""zh-Hant.frequency.3988"",""zh.radical.kangxi.062""]"	[]	[]	sources/characters.tsv	frequency-order position 3780; corpus frequency rank 3988; Ministry common-character number 1469	戌: frequency-order position 3780; corpus frequency rank 3988; 3 appearances (0.00024%); Unihan kRSUnicode 62.2; Kangxi radical 62 戈; Unihan kRSUnicode single radical assignment.	[]	"[""chinese"",""traditional"",""radicals"",""frequency"",""character-to-radical"",""one-way"",""part-19""]"
zh-traditional-radicals-frequency-xix/3781/character-to-radical	XIX	vocabulary	3781	zh-Hant	zh-Hant	弩	"[""弓""]"	[]		"[""zh-Hant.frequency.3989"",""zh.radical.kangxi.057""]"	[]	[]	sources/characters.tsv	frequency-order position 3781; corpus frequency rank 3989; Ministry common-character number 1254	弩: frequency-order position 3781; corpus frequency rank 3989; 3 appearances (0.00024%); Unihan kRSUnicode 57.5; Kangxi radical 57 弓; Unihan kRSUnicode single radical assignment.	[]	"[""chinese"",""traditional"",""radicals"",""frequency"",""character-to-radical"",""one-way"",""part-19""]"
zh-traditional-radicals-frequency-xix/3782/character-to-radical	XIX	vocabulary	3782	zh-Hant	zh-Hant	么	"[""丿""]"	[]		"[""zh-Hant.frequency.3990"",""zh.radical.kangxi.004""]"	[]	[]	sources/characters.tsv	frequency-order position 3782; corpus frequency rank 3990; Ministry common-character number 28	么: frequency-order position 3782; corpus frequency rank 3990; 3 appearances (0.00024%); Unihan kRSUnicode 4.2; Kangxi radical 4 丿; Unihan kRSUnicode single radical assignment.	[]	"[""chinese"",""traditional"",""radicals"",""frequency"",""character-to-radical"",""one-way"",""part-19""]"
zh-traditional-radicals-frequency-xix/3783/character-to-radical	XIX	vocabulary	3783	zh-Hant	zh-Hant	杭	"[""木""]"	[]		"[""zh-Hant.frequency.3991"",""zh.radical.kangxi.075""]"	[]	[]	sources/characters.tsv	frequency-order position 3783; corpus frequency rank 3991; Ministry common-character number 1872	杭: frequency-order position 3783; corpus frequency rank 3991; 3 appearances (0.00024%); Unihan kRSUnicode 75.4; Kangxi radical 75 木; Unihan kRSUnicode single radical assignment.	[]	"[""chinese"",""traditional"",""radicals"",""frequency"",""character-to-radical"",""one-way"",""part-19""]"
zh-traditional-radicals-frequency-xix/3784/character-to-radical	XIX	vocabulary	3784	zh-Hant	zh-Hant	忿	"[""心""]"	[]		"[""zh-Hant.frequency.3993"",""zh.radical.kangxi.061""]"	[]	[]	sources/characters.tsv	frequency-order position 3784; corpus frequency rank 3993; Ministry common-character number 1319	忿: frequency-order position 3784; corpus frequency rank 3993; 3 appearances (0.00024%); Unihan kRSUnicode 61.4; Kangxi radical 61 心; Unihan kRSUnicode single radical assignment.	[]	"[""chinese"",""traditional"",""radicals"",""frequency"",""character-to-radical"",""one-way"",""part-19""]"
zh-traditional-radicals-frequency-xix/3785/character-to-radical	XIX	vocabulary	3785	zh-Hant	zh-Hant	汞	"[""水""]"	[]		"[""zh-Hant.frequency.3995"",""zh.radical.kangxi.085""]"	[]	[]	sources/characters.tsv	frequency-order position 3785; corpus frequency rank 3995; Ministry common-character number 2137	汞: frequency-order position 3785; corpus frequency rank 3995; 3 appearances (0.00024%); Unihan kRSUnicode 85.3; Kangxi radical 85 水; Unihan kRSUnicode single radical assignment.	[]	"[""chinese"",""traditional"",""radicals"",""frequency"",""character-to-radical"",""one-way"",""part-19""]"
zh-traditional-radicals-frequency-xix/3786/character-to-radical	XIX	vocabulary	3786	zh-Hant	zh-Hant	圭	"[""土""]"	[]		"[""zh-Hant.frequency.3996"",""zh.radical.kangxi.032""]"	[]	[]	sources/characters.tsv	frequency-order position 3786; corpus frequency rank 3996; Ministry common-character number 744	圭: frequency-order position 3786; corpus frequency rank 3996; 3 appearances (0.00024%); Unihan kRSUnicode 32.3; Kangxi radical 32 土; Unihan kRSUnicode single radical assignment.	[]	"[""chinese"",""traditional"",""radicals"",""frequency"",""character-to-radical"",""one-way"",""part-19""]"
zh-traditional-radicals-frequency-xix/3787/character-to-radical	XIX	vocabulary	3787	zh-Hant	zh-Hant	侖	"[""人""]"	[]		"[""zh-Hant.frequency.3997"",""zh.radical.kangxi.009""]"	[]	[]	sources/characters.tsv	frequency-order position 3787; corpus frequency rank 3997; Ministry common-character number 145	侖: frequency-order position 3787; corpus frequency rank 3997; 3 appearances (0.00024%); Unihan kRSUnicode 9.6; Kangxi radical 9 人; Unihan kRSUnicode single radical assignment.	[]	"[""chinese"",""traditional"",""radicals"",""frequency"",""character-to-radical"",""one-way"",""part-19""]"
zh-traditional-radicals-frequency-xix/3788/character-to-radical	XIX	vocabulary	3788	zh-Hant	zh-Hant	牟	"[""牛""]"	[]		"[""zh-Hant.frequency.3998"",""zh.radical.kangxi.093""]"	[]	[]	sources/characters.tsv	frequency-order position 3788; corpus frequency rank 3998; Ministry common-character number 2487	牟: frequency-order position 3788; corpus frequency rank 3998; 3 appearances (0.00024%); Unihan kRSUnicode 93.2; Kangxi radical 93 牛; Unihan kRSUnicode single radical assignment.	[]	"[""chinese"",""traditional"",""radicals"",""frequency"",""character-to-radical"",""one-way"",""part-19""]"
zh-traditional-radicals-frequency-xix/3789/character-to-radical	XIX	vocabulary	3789	zh-Hant	zh-Hant	珀	"[""玉""]"	[]		"[""zh-Hant.frequency.3999"",""zh.radical.kangxi.096""]"	[]	[]	sources/characters.tsv	frequency-order position 3789; corpus frequency rank 3999; Ministry common-character number 2564	珀: frequency-order position 3789; corpus frequency rank 3999; 3 appearances (0.00024%); Unihan kRSUnicode 96.5; Kangxi radical 96 玉; Unihan kRSUnicode single radical assignment.	[]	"[""chinese"",""traditional"",""radicals"",""frequency"",""character-to-radical"",""one-way"",""part-19""]"
zh-traditional-radicals-frequency-xix/3790/character-to-radical	XIX	vocabulary	3790	zh-Hant	zh-Hant	叼	"[""口""]"	[]		"[""zh-Hant.frequency.4000"",""zh.radical.kangxi.030""]"	[]	[]	sources/characters.tsv	frequency-order position 3790; corpus frequency rank 4000; Ministry common-character number 488	叼: frequency-order position 3790; corpus frequency rank 4000; 3 appearances (0.00024%); Unihan kRSUnicode 30.2; Kangxi radical 30 口; Unihan kRSUnicode single radical assignment.	[]	"[""chinese"",""traditional"",""radicals"",""frequency"",""character-to-radical"",""one-way"",""part-19""]"
zh-traditional-radicals-frequency-xix/3791/character-to-radical	XIX	vocabulary	3791	zh-Hant	zh-Hant	疤	"[""疒""]"	[]		"[""zh-Hant.frequency.4001"",""zh.radical.kangxi.104""]"	[]	[]	sources/characters.tsv	frequency-order position 3791; corpus frequency rank 4001; Ministry common-character number 2664	疤: frequency-order position 3791; corpus frequency rank 4001; 3 appearances (0.00024%); Unihan kRSUnicode 104.4; Kangxi radical 104 疒; Unihan kRSUnicode single radical assignment.	[]	"[""chinese"",""traditional"",""radicals"",""frequency"",""character-to-radical"",""one-way"",""part-19""]"
zh-traditional-radicals-frequency-xix/3792/character-to-radical	XIX	vocabulary	3792	zh-Hant	zh-Hant	弛	"[""弓""]"	[]		"[""zh-Hant.frequency.4002"",""zh.radical.kangxi.057""]"	[]	[]	sources/characters.tsv	frequency-order position 3792; corpus frequency rank 4002; Ministry common-character number 1250	弛: frequency-order position 3792; corpus frequency rank 4002; 3 appearances (0.00024%); Unihan kRSUnicode 57.3; Kangxi radical 57 弓; Unihan kRSUnicode single radical assignment.	[]	"[""chinese"",""traditional"",""radicals"",""frequency"",""character-to-radical"",""one-way"",""part-19""]"
zh-traditional-radicals-frequency-xix/3793/character-to-radical	XIX	vocabulary	3793	zh-Hant	zh-Hant	玳	"[""玉""]"	[]		"[""zh-Hant.frequency.4003"",""zh.radical.kangxi.096""]"	[]	[]	sources/characters.tsv	frequency-order position 3793; corpus frequency rank 4003; Ministry common-character number 2565	玳: frequency-order position 3793; corpus frequency rank 4003; 3 appearances (0.00024%); Unihan kRSUnicode 96.5; Kangxi radical 96 玉; Unihan kRSUnicode single radical assignment.	[]	"[""chinese"",""traditional"",""radicals"",""frequency"",""character-to-radical"",""one-way"",""part-19""]"
zh-traditional-radicals-frequency-xix/3794/character-to-radical	XIX	vocabulary	3794	zh-Hant	zh-Hant	胛	"[""肉""]"	[]		"[""zh-Hant.frequency.4005"",""zh.radical.kangxi.130""]"	[]	[]	sources/characters.tsv	frequency-order position 3794; corpus frequency rank 4005; Ministry common-character number 3315	胛: frequency-order position 3794; corpus frequency rank 4005; 3 appearances (0.00024%); Unihan kRSUnicode 130.5; Kangxi radical 130 肉; Unihan kRSUnicode single radical assignment.	[]	"[""chinese"",""traditional"",""radicals"",""frequency"",""character-to-radical"",""one-way"",""part-19""]"
zh-traditional-radicals-frequency-xix/3795/character-to-radical	XIX	vocabulary	3795	zh-Hant	zh-Hant	拄	"[""手""]"	[]		"[""zh-Hant.frequency.4006"",""zh.radical.kangxi.064""]"	[]	[]	sources/characters.tsv	frequency-order position 3795; corpus frequency rank 4006; Ministry common-character number 1526	拄: frequency-order position 3795; corpus frequency rank 4006; 3 appearances (0.00024%); Unihan kRSUnicode 64.5; Kangxi radical 64 手; Unihan kRSUnicode single radical assignment.	[]	"[""chinese"",""traditional"",""radicals"",""frequency"",""character-to-radical"",""one-way"",""part-19""]"
zh-traditional-radicals-frequency-xix/3796/character-to-radical	XIX	vocabulary	3796	zh-Hant	zh-Hant	恤	"[""心""]"	[]		"[""zh-Hant.frequency.4007"",""zh.radical.kangxi.061""]"	[]	[]	sources/characters.tsv	frequency-order position 3796; corpus frequency rank 4007; Ministry common-character number 1344	恤: frequency-order position 3796; corpus frequency rank 4007; 3 appearances (0.00024%); Unihan kRSUnicode 61.6; Kangxi radical 61 心; Unihan kRSUnicode single radical assignment.	[]	"[""chinese"",""traditional"",""radicals"",""frequency"",""character-to-radical"",""one-way"",""part-19""]"
zh-traditional-radicals-frequency-xix/3797/character-to-radical	XIX	vocabulary	3797	zh-Hant	zh-Hant	汨	"[""水""]"	[]		"[""zh-Hant.frequency.4008"",""zh.radical.kangxi.085""]"	[]	[]	sources/characters.tsv	frequency-order position 3797; corpus frequency rank 4008; Ministry common-character number 2149	汨: frequency-order position 3797; corpus frequency rank 4008; 3 appearances (0.00024%); Unihan kRSUnicode 85.4; Kangxi radical 85 水; Unihan kRSUnicode single radical assignment.	[]	"[""chinese"",""traditional"",""radicals"",""frequency"",""character-to-radical"",""one-way"",""part-19""]"
zh-traditional-radicals-frequency-xix/3798/character-to-radical	XIX	vocabulary	3798	zh-Hant	zh-Hant	胥	"[""肉""]"	[]		"[""zh-Hant.frequency.4009"",""zh.radical.kangxi.130""]"	[]	[]	sources/characters.tsv	frequency-order position 3798; corpus frequency rank 4009; Ministry common-character number 3309	胥: frequency-order position 3798; corpus frequency rank 4009; 3 appearances (0.00024%); Unihan kRSUnicode 130.5; Kangxi radical 130 肉; Unihan kRSUnicode single radical assignment.	[]	"[""chinese"",""traditional"",""radicals"",""frequency"",""character-to-radical"",""one-way"",""part-19""]"
zh-traditional-radicals-frequency-xix/3799/character-to-radical	XIX	vocabulary	3799	zh-Hant	zh-Hant	炳	"[""火""]"	[]		"[""zh-Hant.frequency.4013"",""zh.radical.kangxi.086""]"	[]	[]	sources/characters.tsv	frequency-order position 3799; corpus frequency rank 4013; Ministry common-character number 2396	炳: frequency-order position 3799; corpus frequency rank 4013; 3 appearances (0.00024%); Unihan kRSUnicode 86.5; Kangxi radical 86 火; Unihan kRSUnicode single radical assignment.	[]	"[""chinese"",""traditional"",""radicals"",""frequency"",""character-to-radical"",""one-way"",""part-19""]"
zh-traditional-radicals-frequency-xix/3800/character-to-radical	XIX	vocabulary	3800	zh-Hant	zh-Hant	尸	"[""尸""]"	[]		"[""zh-Hant.frequency.4014"",""zh.radical.kangxi.044""]"	[]	[]	sources/characters.tsv	frequency-order position 3800; corpus frequency rank 4014; Ministry common-character number 1076	尸: frequency-order position 3800; corpus frequency rank 4014; 3 appearances (0.00024%); Unihan kRSUnicode 44.0; Kangxi radical 44 尸; Unihan kRSUnicode single radical assignment.	[]	"[""chinese"",""traditional"",""radicals"",""frequency"",""character-to-radical"",""one-way"",""part-19""]"
