card_id	deck	kind	source_chapter	prompt_language	answer_language	prompt	accepted_answers	distractors	explanation	lexical_ids	grammar_ids	geographic_ids	provenance_path	provenance_locator	provenance_evidence	examples	tags
zh-traditional-radicals-frequency-iv/0601/character-to-radical	IV	vocabulary	601	zh-Hant	zh-Hant	綠	"[""糸""]"	[]		"[""zh-Hant.frequency.0601"",""zh.radical.kangxi.120""]"	[]	[]	sources/characters.tsv	frequency-order position 601; corpus frequency rank 601; Ministry common-character number 3134	綠: frequency-order position 601; corpus frequency rank 601; 409 appearances (0.03388%); Unihan kRSUnicode 120.8; Kangxi radical 120 糸; Unihan kRSUnicode single radical assignment.	[]	"[""chinese"",""traditional"",""radicals"",""frequency"",""character-to-radical"",""one-way"",""part-4""]"
zh-traditional-radicals-frequency-iv/0602/character-to-radical	IV	vocabulary	602	zh-Hant	zh-Hant	右	"[""口""]"	[]		"[""zh-Hant.frequency.0602"",""zh.radical.kangxi.030""]"	[]	[]	sources/characters.tsv	frequency-order position 602; corpus frequency rank 602; Ministry common-character number 483	右: frequency-order position 602; corpus frequency rank 602; 408 appearances (0.03380%); Unihan kRSUnicode 30.2; Kangxi radical 30 口; Unihan kRSUnicode single radical assignment.	[]	"[""chinese"",""traditional"",""radicals"",""frequency"",""character-to-radical"",""one-way"",""part-4""]"
zh-traditional-radicals-frequency-iv/0603/character-to-radical	IV	vocabulary	603	zh-Hant	zh-Hant	令	"[""人""]"	[]		"[""zh-Hant.frequency.0603"",""zh.radical.kangxi.009""]"	[]	[]	sources/characters.tsv	frequency-order position 603; corpus frequency rank 603; Ministry common-character number 85	令: frequency-order position 603; corpus frequency rank 603; 408 appearances (0.03380%); Unihan kRSUnicode 9.3; Kangxi radical 9 人; Unihan kRSUnicode single radical assignment.	[]	"[""chinese"",""traditional"",""radicals"",""frequency"",""character-to-radical"",""one-way"",""part-4""]"
zh-traditional-radicals-frequency-iv/0604/character-to-radical	IV	vocabulary	604	zh-Hant	zh-Hant	景	"[""日""]"	[]		"[""zh-Hant.frequency.0604"",""zh.radical.kangxi.072""]"	[]	[]	sources/characters.tsv	frequency-order position 604; corpus frequency rank 604; Ministry common-character number 1809	景: frequency-order position 604; corpus frequency rank 604; 406 appearances (0.03363%); Unihan kRSUnicode 72.8; Kangxi radical 72 日; Unihan kRSUnicode single radical assignment.	[]	"[""chinese"",""traditional"",""radicals"",""frequency"",""character-to-radical"",""one-way"",""part-4""]"
zh-traditional-radicals-frequency-iv/0605/character-to-radical	IV	vocabulary	605	zh-Hant	zh-Hant	雲	"[""雨""]"	[]		"[""zh-Hant.frequency.0605"",""zh.radical.kangxi.173""]"	[]	[]	sources/characters.tsv	frequency-order position 605; corpus frequency rank 605; Ministry common-character number 4471	雲: frequency-order position 605; corpus frequency rank 605; 406 appearances (0.03363%); Unihan kRSUnicode 173.4; Kangxi radical 173 雨; Unihan kRSUnicode single radical assignment.	[]	"[""chinese"",""traditional"",""radicals"",""frequency"",""character-to-radical"",""one-way"",""part-4""]"
zh-traditional-radicals-frequency-iv/0606/character-to-radical	IV	vocabulary	606	zh-Hant	zh-Hant	買	"[""貝""]"	[]		"[""zh-Hant.frequency.0606"",""zh.radical.kangxi.154""]"	[]	[]	sources/characters.tsv	frequency-order position 606; corpus frequency rank 606; Ministry common-character number 3946	買: frequency-order position 606; corpus frequency rank 606; 406 appearances (0.03363%); Unihan kRSUnicode 154.5; Kangxi radical 154 貝; Unihan kRSUnicode single radical assignment.	[]	"[""chinese"",""traditional"",""radicals"",""frequency"",""character-to-radical"",""one-way"",""part-4""]"
zh-traditional-radicals-frequency-iv/0607/character-to-radical	IV	vocabulary	607	zh-Hant	zh-Hant	軍	"[""車""]"	[]		"[""zh-Hant.frequency.0607"",""zh.radical.kangxi.159""]"	[]	[]	sources/characters.tsv	frequency-order position 607; corpus frequency rank 607; Ministry common-character number 4063	軍: frequency-order position 607; corpus frequency rank 607; 404 appearances (0.03347%); Unihan kRSUnicode 159.2; Kangxi radical 159 車; Unihan kRSUnicode single radical assignment.	[]	"[""chinese"",""traditional"",""radicals"",""frequency"",""character-to-radical"",""one-way"",""part-4""]"
zh-traditional-radicals-frequency-iv/0608/character-to-radical	IV	vocabulary	608	zh-Hant	zh-Hant	似	"[""人""]"	[]		"[""zh-Hant.frequency.0608"",""zh.radical.kangxi.009""]"	[]	[]	sources/characters.tsv	frequency-order position 608; corpus frequency rank 608; Ministry common-character number 120	似: frequency-order position 608; corpus frequency rank 608; 402 appearances (0.03330%); Unihan kRSUnicode 9.5; Kangxi radical 9 人; Unihan kRSUnicode single radical assignment.	[]	"[""chinese"",""traditional"",""radicals"",""frequency"",""character-to-radical"",""one-way"",""part-4""]"
zh-traditional-radicals-frequency-iv/0609/character-to-radical	IV	vocabulary	609	zh-Hant	zh-Hant	護	"[""言""]"	[]		"[""zh-Hant.frequency.0609"",""zh.radical.kangxi.149""]"	[]	[]	sources/characters.tsv	frequency-order position 609; corpus frequency rank 609; Ministry common-character number 3894	護: frequency-order position 609; corpus frequency rank 609; 402 appearances (0.03330%); Unihan kRSUnicode 149.14; Kangxi radical 149 言; Unihan kRSUnicode single radical assignment.	[]	"[""chinese"",""traditional"",""radicals"",""frequency"",""character-to-radical"",""one-way"",""part-4""]"
zh-traditional-radicals-frequency-iv/0610/character-to-radical	IV	vocabulary	610	zh-Hant	zh-Hant	引	"[""弓""]"	[]		"[""zh-Hant.frequency.0610"",""zh.radical.kangxi.057""]"	[]	[]	sources/characters.tsv	frequency-order position 610; corpus frequency rank 610; Ministry common-character number 1247	引: frequency-order position 610; corpus frequency rank 610; 399 appearances (0.03305%); Unihan kRSUnicode 57.1; Kangxi radical 57 弓; Unihan kRSUnicode single radical assignment.	[]	"[""chinese"",""traditional"",""radicals"",""frequency"",""character-to-radical"",""one-way"",""part-4""]"
zh-traditional-radicals-frequency-iv/0611/character-to-radical	IV	vocabulary	611	zh-Hant	zh-Hant	驗	"[""馬""]"	[]		"[""zh-Hant.frequency.0611"",""zh.radical.kangxi.187""]"	[]	[]	sources/characters.tsv	frequency-order position 611; corpus frequency rank 611; Ministry common-character number 4652	驗: frequency-order position 611; corpus frequency rank 611; 399 appearances (0.03305%); Unihan kRSUnicode 187.13; Kangxi radical 187 馬; Unihan kRSUnicode single radical assignment.	[]	"[""chinese"",""traditional"",""radicals"",""frequency"",""character-to-radical"",""one-way"",""part-4""]"
zh-traditional-radicals-frequency-iv/0612/character-to-radical	IV	vocabulary	612	zh-Hant	zh-Hant	甲	"[""田""]"	[]		"[""zh-Hant.frequency.0612"",""zh.radical.kangxi.102""]"	[]	[]	sources/characters.tsv	frequency-order position 612; corpus frequency rank 612; Ministry common-character number 2634	甲: frequency-order position 612; corpus frequency rank 612; 395 appearances (0.03272%); Unihan kRSUnicode 102.0; Kangxi radical 102 田; Unihan kRSUnicode single radical assignment.	[]	"[""chinese"",""traditional"",""radicals"",""frequency"",""character-to-radical"",""one-way"",""part-4""]"
zh-traditional-radicals-frequency-iv/0613/character-to-radical	IV	vocabulary	613	zh-Hant	zh-Hant	掉	"[""手""]"	[]		"[""zh-Hant.frequency.0613"",""zh.radical.kangxi.064""]"	[]	[]	sources/characters.tsv	frequency-order position 613; corpus frequency rank 613; Ministry common-character number 1598	掉: frequency-order position 613; corpus frequency rank 613; 395 appearances (0.03272%); Unihan kRSUnicode 64.8; Kangxi radical 64 手; Unihan kRSUnicode single radical assignment.	[]	"[""chinese"",""traditional"",""radicals"",""frequency"",""character-to-radical"",""one-way"",""part-4""]"
zh-traditional-radicals-frequency-iv/0614/character-to-radical	IV	vocabulary	614	zh-Hant	zh-Hant	剛	"[""刀""]"	[]		"[""zh-Hant.frequency.0614"",""zh.radical.kangxi.018""]"	[]	[]	sources/characters.tsv	frequency-order position 614; corpus frequency rank 614; Ministry common-character number 362	剛: frequency-order position 614; corpus frequency rank 614; 394 appearances (0.03264%); Unihan kRSUnicode 18.8; Kangxi radical 18 刀; Unihan kRSUnicode single radical assignment.	[]	"[""chinese"",""traditional"",""radicals"",""frequency"",""character-to-radical"",""one-way"",""part-4""]"
zh-traditional-radicals-frequency-iv/0615/character-to-radical	IV	vocabulary	615	zh-Hant	zh-Hant	圓	"[""囗""]"	[]		"[""zh-Hant.frequency.0615"",""zh.radical.kangxi.031""]"	[]	[]	sources/characters.tsv	frequency-order position 615; corpus frequency rank 615; Ministry common-character number 737	圓: frequency-order position 615; corpus frequency rank 615; 393 appearances (0.03256%); Unihan kRSUnicode 31.10; Kangxi radical 31 囗; Unihan kRSUnicode single radical assignment.	[]	"[""chinese"",""traditional"",""radicals"",""frequency"",""character-to-radical"",""one-way"",""part-4""]"
zh-traditional-radicals-frequency-iv/0616/character-to-radical	IV	vocabulary	616	zh-Hant	zh-Hant	取	"[""又""]"	[]		"[""zh-Hant.frequency.0616"",""zh.radical.kangxi.029""]"	[]	[]	sources/characters.tsv	frequency-order position 616; corpus frequency rank 616; Ministry common-character number 473	取: frequency-order position 616; corpus frequency rank 616; 392 appearances (0.03247%); Unihan kRSUnicode 29.6; Kangxi radical 29 又; Unihan kRSUnicode single radical assignment.	[]	"[""chinese"",""traditional"",""radicals"",""frequency"",""character-to-radical"",""one-way"",""part-4""]"
zh-traditional-radicals-frequency-iv/0617/character-to-radical	IV	vocabulary	617	zh-Hant	zh-Hant	查	"[""木""]"	[]		"[""zh-Hant.frequency.0617"",""zh.radical.kangxi.075""]"	[]	[]	sources/characters.tsv	frequency-order position 617; corpus frequency rank 617; Ministry common-character number 1905	查: frequency-order position 617; corpus frequency rank 617; 392 appearances (0.03247%); Unihan kRSUnicode 75.5; Kangxi radical 75 木; Unihan kRSUnicode single radical assignment.	[]	"[""chinese"",""traditional"",""radicals"",""frequency"",""character-to-radical"",""one-way"",""part-4""]"
zh-traditional-radicals-frequency-iv/0618/character-to-radical	IV	vocabulary	618	zh-Hant	zh-Hant	基	"[""土""]"	[]		"[""zh-Hant.frequency.0618"",""zh.radical.kangxi.032""]"	[]	[]	sources/characters.tsv	frequency-order position 618; corpus frequency rank 618; Ministry common-character number 781	基: frequency-order position 618; corpus frequency rank 618; 391 appearances (0.03239%); Unihan kRSUnicode 32.8; Kangxi radical 32 土; Unihan kRSUnicode single radical assignment.	[]	"[""chinese"",""traditional"",""radicals"",""frequency"",""character-to-radical"",""one-way"",""part-4""]"
zh-traditional-radicals-frequency-iv/0619/character-to-radical	IV	vocabulary	619	zh-Hant	zh-Hant	調	"[""言""]"	[]		"[""zh-Hant.frequency.0619"",""zh.radical.kangxi.149""]"	[]	[]	sources/characters.tsv	frequency-order position 619; corpus frequency rank 619; Ministry common-character number 3854	調: frequency-order position 619; corpus frequency rank 619; 391 appearances (0.03239%); Unihan kRSUnicode 149.8; Kangxi radical 149 言; Unihan kRSUnicode single radical assignment.	[]	"[""chinese"",""traditional"",""radicals"",""frequency"",""character-to-radical"",""one-way"",""part-4""]"
zh-traditional-radicals-frequency-iv/0620/character-to-radical	IV	vocabulary	620	zh-Hant	zh-Hant	隨	"[""阜""]"	[]		"[""zh-Hant.frequency.0620"",""zh.radical.kangxi.170""]"	[]	[]	sources/characters.tsv	frequency-order position 620; corpus frequency rank 620; Ministry common-character number 4444	隨: frequency-order position 620; corpus frequency rank 620; 390 appearances (0.03231%); Unihan kRSUnicode 170.13; Kangxi radical 170 阜; Unihan kRSUnicode single radical assignment.	[]	"[""chinese"",""traditional"",""radicals"",""frequency"",""character-to-radical"",""one-way"",""part-4""]"
zh-traditional-radicals-frequency-iv/0621/character-to-radical	IV	vocabulary	621	zh-Hant	zh-Hant	害	"[""宀""]"	[]		"[""zh-Hant.frequency.0621"",""zh.radical.kangxi.040""]"	[]	[]	sources/characters.tsv	frequency-order position 621; corpus frequency rank 621; Ministry common-character number 1025	害: frequency-order position 621; corpus frequency rank 621; 389 appearances (0.03222%); Unihan kRSUnicode 40.7; Kangxi radical 40 宀; Unihan kRSUnicode single radical assignment.	[]	"[""chinese"",""traditional"",""radicals"",""frequency"",""character-to-radical"",""one-way"",""part-4""]"
zh-traditional-radicals-frequency-iv/0622/character-to-radical	IV	vocabulary	622	zh-Hant	zh-Hant	境	"[""土""]"	[]		"[""zh-Hant.frequency.0622"",""zh.radical.kangxi.032""]"	[]	[]	sources/characters.tsv	frequency-order position 622; corpus frequency rank 622; Ministry common-character number 806	境: frequency-order position 622; corpus frequency rank 622; 389 appearances (0.03222%); Unihan kRSUnicode 32.11; Kangxi radical 32 土; Unihan kRSUnicode single radical assignment.	[]	"[""chinese"",""traditional"",""radicals"",""frequency"",""character-to-radical"",""one-way"",""part-4""]"
zh-traditional-radicals-frequency-iv/0623/character-to-radical	IV	vocabulary	623	zh-Hant	zh-Hant	野	"[""里""]"	[]		"[""zh-Hant.frequency.0623"",""zh.radical.kangxi.166""]"	[]	[]	sources/characters.tsv	frequency-order position 623; corpus frequency rank 623; Ministry common-character number 4258	野: frequency-order position 623; corpus frequency rank 623; 388 appearances (0.03214%); Unihan kRSUnicode 166.4; Kangxi radical 166 里; Unihan kRSUnicode single radical assignment.	[]	"[""chinese"",""traditional"",""radicals"",""frequency"",""character-to-radical"",""one-way"",""part-4""]"
zh-traditional-radicals-frequency-iv/0624/character-to-radical	IV	vocabulary	624	zh-Hant	zh-Hant	康	"[""广""]"	[]		"[""zh-Hant.frequency.0624"",""zh.radical.kangxi.053""]"	[]	[]	sources/characters.tsv	frequency-order position 624; corpus frequency rank 624; Ministry common-character number 1214	康: frequency-order position 624; corpus frequency rank 624; 388 appearances (0.03214%); Unihan kRSUnicode 53.8; Kangxi radical 53 广; Unihan kRSUnicode single radical assignment.	[]	"[""chinese"",""traditional"",""radicals"",""frequency"",""character-to-radical"",""one-way"",""part-4""]"
zh-traditional-radicals-frequency-iv/0625/character-to-radical	IV	vocabulary	625	zh-Hant	zh-Hant	息	"[""心""]"	[]		"[""zh-Hant.frequency.0625"",""zh.radical.kangxi.061""]"	[]	[]	sources/characters.tsv	frequency-order position 625; corpus frequency rank 625; Ministry common-character number 1352	息: frequency-order position 625; corpus frequency rank 625; 387 appearances (0.03206%); Unihan kRSUnicode 61.6; Kangxi radical 61 心; Unihan kRSUnicode single radical assignment.	[]	"[""chinese"",""traditional"",""radicals"",""frequency"",""character-to-radical"",""one-way"",""part-4""]"
zh-traditional-radicals-frequency-iv/0626/character-to-radical	IV	vocabulary	626	zh-Hant	zh-Hant	竹	"[""竹""]"	[]		"[""zh-Hant.frequency.0626"",""zh.radical.kangxi.118""]"	[]	[]	sources/characters.tsv	frequency-order position 626; corpus frequency rank 626; Ministry common-character number 2984	竹: frequency-order position 626; corpus frequency rank 626; 386 appearances (0.03198%); Unihan kRSUnicode 118.0; Kangxi radical 118 竹; Unihan kRSUnicode single radical assignment.	[]	"[""chinese"",""traditional"",""radicals"",""frequency"",""character-to-radical"",""one-way"",""part-4""]"
zh-traditional-radicals-frequency-iv/0627/character-to-radical	IV	vocabulary	627	zh-Hant	zh-Hant	群	"[""羊""]"	[]		"[""zh-Hant.frequency.0627"",""zh.radical.kangxi.123""]"	[]	[]	sources/characters.tsv	frequency-order position 627; corpus frequency rank 627; Ministry common-character number 3225	群: frequency-order position 627; corpus frequency rank 627; 386 appearances (0.03198%); Unihan kRSUnicode 123.7; Kangxi radical 123 羊; Unihan kRSUnicode single radical assignment.	[]	"[""chinese"",""traditional"",""radicals"",""frequency"",""character-to-radical"",""one-way"",""part-4""]"
zh-traditional-radicals-frequency-iv/0628/character-to-radical	IV	vocabulary	628	zh-Hant	zh-Hant	戰	"[""戈""]"	[]		"[""zh-Hant.frequency.0628"",""zh.radical.kangxi.062""]"	[]	[]	sources/characters.tsv	frequency-order position 628; corpus frequency rank 628; Ministry common-character number 1483	戰: frequency-order position 628; corpus frequency rank 628; 385 appearances (0.03189%); Unihan kRSUnicode 62.12; Kangxi radical 62 戈; Unihan kRSUnicode single radical assignment.	[]	"[""chinese"",""traditional"",""radicals"",""frequency"",""character-to-radical"",""one-way"",""part-4""]"
zh-traditional-radicals-frequency-iv/0629/character-to-radical	IV	vocabulary	629	zh-Hant	zh-Hant	置	"[""网""]"	[]		"[""zh-Hant.frequency.0629"",""zh.radical.kangxi.122""]"	[]	[]	sources/characters.tsv	frequency-order position 629; corpus frequency rank 629; Ministry common-character number 3205	置: frequency-order position 629; corpus frequency rank 629; 384 appearances (0.03181%); Unihan kRSUnicode 122.8; Kangxi radical 122 网; Unihan kRSUnicode single radical assignment.	[]	"[""chinese"",""traditional"",""radicals"",""frequency"",""character-to-radical"",""one-way"",""part-4""]"
zh-traditional-radicals-frequency-iv/0630/character-to-radical	IV	vocabulary	630	zh-Hant	zh-Hant	狗	"[""犬""]"	[]		"[""zh-Hant.frequency.0630"",""zh.radical.kangxi.094""]"	[]	[]	sources/characters.tsv	frequency-order position 630; corpus frequency rank 630; Ministry common-character number 2514	狗: frequency-order position 630; corpus frequency rank 630; 383 appearances (0.03173%); Unihan kRSUnicode 94.5; Kangxi radical 94 犬; Unihan kRSUnicode single radical assignment.	[]	"[""chinese"",""traditional"",""radicals"",""frequency"",""character-to-radical"",""one-way"",""part-4""]"
zh-traditional-radicals-frequency-iv/0631/character-to-radical	IV	vocabulary	631	zh-Hant	zh-Hant	極	"[""木""]"	[]		"[""zh-Hant.frequency.0631"",""zh.radical.kangxi.075""]"	[]	[]	sources/characters.tsv	frequency-order position 631; corpus frequency rank 631; Ministry common-character number 1979	極: frequency-order position 631; corpus frequency rank 631; 383 appearances (0.03173%); Unihan kRSUnicode 75.9; Kangxi radical 75 木; Unihan kRSUnicode single radical assignment.	[]	"[""chinese"",""traditional"",""radicals"",""frequency"",""character-to-radical"",""one-way"",""part-4""]"
zh-traditional-radicals-frequency-iv/0632/character-to-radical	IV	vocabulary	632	zh-Hant	zh-Hant	推	"[""手""]"	[]		"[""zh-Hant.frequency.0632"",""zh.radical.kangxi.064""]"	[]	[]	sources/characters.tsv	frequency-order position 632; corpus frequency rank 632; Ministry common-character number 1602	推: frequency-order position 632; corpus frequency rank 632; 382 appearances (0.03164%); Unihan kRSUnicode 64.8; Kangxi radical 64 手; Unihan kRSUnicode single radical assignment.	[]	"[""chinese"",""traditional"",""radicals"",""frequency"",""character-to-radical"",""one-way"",""part-4""]"
zh-traditional-radicals-frequency-iv/0633/character-to-radical	IV	vocabulary	633	zh-Hant	zh-Hant	漸	"[""水""]"	[]		"[""zh-Hant.frequency.0633"",""zh.radical.kangxi.085""]"	[]	[]	sources/characters.tsv	frequency-order position 633; corpus frequency rank 633; Ministry common-character number 2313	漸: frequency-order position 633; corpus frequency rank 633; 382 appearances (0.03164%); Unihan kRSUnicode 85.11; Kangxi radical 85 水; Unihan kRSUnicode single radical assignment.	[]	"[""chinese"",""traditional"",""radicals"",""frequency"",""character-to-radical"",""one-way"",""part-4""]"
zh-traditional-radicals-frequency-iv/0634/character-to-radical	IV	vocabulary	634	zh-Hant	zh-Hant	居	"[""尸""]"	[]		"[""zh-Hant.frequency.0634"",""zh.radical.kangxi.044""]"	[]	[]	sources/characters.tsv	frequency-order position 634; corpus frequency rank 634; Ministry common-character number 1084	居: frequency-order position 634; corpus frequency rank 634; 381 appearances (0.03156%); Unihan kRSUnicode 44.5; Kangxi radical 44 尸; Unihan kRSUnicode single radical assignment.	[]	"[""chinese"",""traditional"",""radicals"",""frequency"",""character-to-radical"",""one-way"",""part-4""]"
zh-traditional-radicals-frequency-iv/0635/character-to-radical	IV	vocabulary	635	zh-Hant	zh-Hant	德	"[""彳""]"	[]		"[""zh-Hant.frequency.0635"",""zh.radical.kangxi.060""]"	[]	[]	sources/characters.tsv	frequency-order position 635; corpus frequency rank 635; Ministry common-character number 1302	德: frequency-order position 635; corpus frequency rank 635; 381 appearances (0.03156%); Unihan kRSUnicode 60.12; Kangxi radical 60 彳; Unihan kRSUnicode single radical assignment.	[]	"[""chinese"",""traditional"",""radicals"",""frequency"",""character-to-radical"",""one-way"",""part-4""]"
zh-traditional-radicals-frequency-iv/0636/character-to-radical	IV	vocabulary	636	zh-Hant	zh-Hant	絲	"[""糸""]"	[]		"[""zh-Hant.frequency.0636"",""zh.radical.kangxi.120""]"	[]	[]	sources/characters.tsv	frequency-order position 636; corpus frequency rank 636; Ministry common-character number 3120	絲: frequency-order position 636; corpus frequency rank 636; 380 appearances (0.03148%); Unihan kRSUnicode 120.6; Kangxi radical 120 糸; Unihan kRSUnicode single radical assignment.	[]	"[""chinese"",""traditional"",""radicals"",""frequency"",""character-to-radical"",""one-way"",""part-4""]"
zh-traditional-radicals-frequency-iv/0637/character-to-radical	IV	vocabulary	637	zh-Hant	zh-Hant	足	"[""足""]"	[]		"[""zh-Hant.frequency.0637"",""zh.radical.kangxi.157""]"	[]	[]	sources/characters.tsv	frequency-order position 637; corpus frequency rank 637; Ministry common-character number 4001	足: frequency-order position 637; corpus frequency rank 637; 379 appearances (0.03140%); Unihan kRSUnicode 157.0; Kangxi radical 157 足; Unihan kRSUnicode single radical assignment.	[]	"[""chinese"",""traditional"",""radicals"",""frequency"",""character-to-radical"",""one-way"",""part-4""]"
zh-traditional-radicals-frequency-iv/0638/character-to-radical	IV	vocabulary	638	zh-Hant	zh-Hant	冷	"[""冫""]"	[]		"[""zh-Hant.frequency.0638"",""zh.radical.kangxi.015""]"	[]	[]	sources/characters.tsv	frequency-order position 638; corpus frequency rank 638; Ministry common-character number 311	冷: frequency-order position 638; corpus frequency rank 638; 379 appearances (0.03140%); Unihan kRSUnicode 15.5; Kangxi radical 15 冫; Unihan kRSUnicode single radical assignment.	[]	"[""chinese"",""traditional"",""radicals"",""frequency"",""character-to-radical"",""one-way"",""part-4""]"
zh-traditional-radicals-frequency-iv/0639/character-to-radical	IV	vocabulary	639	zh-Hant	zh-Hant	館	"[""食""]"	[]		"[""zh-Hant.frequency.0639"",""zh.radical.kangxi.184""]"	[]	[]	sources/characters.tsv	frequency-order position 639; corpus frequency rank 639; Ministry common-character number 4602	館: frequency-order position 639; corpus frequency rank 639; 378 appearances (0.03131%); Unihan kRSUnicode 184.8; Kangxi radical 184 食; Unihan kRSUnicode single radical assignment.	[]	"[""chinese"",""traditional"",""radicals"",""frequency"",""character-to-radical"",""one-way"",""part-4""]"
zh-traditional-radicals-frequency-iv/0640/character-to-radical	IV	vocabulary	640	zh-Hant	zh-Hant	即	"[""卩""]"	[]		"[""zh-Hant.frequency.0640"",""zh.radical.kangxi.026""]"	[]	[]	sources/characters.tsv	frequency-order position 640; corpus frequency rank 640; Ministry common-character number 452	即: frequency-order position 640; corpus frequency rank 640; 377 appearances (0.03123%); Unihan kRSUnicode 26.5; Kangxi radical 26 卩; Unihan kRSUnicode single radical assignment.	[]	"[""chinese"",""traditional"",""radicals"",""frequency"",""character-to-radical"",""one-way"",""part-4""]"
zh-traditional-radicals-frequency-iv/0641/character-to-radical	IV	vocabulary	641	zh-Hant	zh-Hant	傷	"[""人""]"	[]		"[""zh-Hant.frequency.0641"",""zh.radical.kangxi.009""]"	[]	[]	sources/characters.tsv	frequency-order position 641; corpus frequency rank 641; Ministry common-character number 232	傷: frequency-order position 641; corpus frequency rank 641; 376 appearances (0.03115%); Unihan kRSUnicode 9.11; Kangxi radical 9 人; Unihan kRSUnicode single radical assignment.	[]	"[""chinese"",""traditional"",""radicals"",""frequency"",""character-to-radical"",""one-way"",""part-4""]"
zh-traditional-radicals-frequency-iv/0642/character-to-radical	IV	vocabulary	642	zh-Hant	zh-Hant	製	"[""衣""]"	[]		"[""zh-Hant.frequency.0642"",""zh.radical.kangxi.145""]"	[]	[]	sources/characters.tsv	frequency-order position 642; corpus frequency rank 642; Ministry common-character number 3740	製: frequency-order position 642; corpus frequency rank 642; 375 appearances (0.03106%); Unihan kRSUnicode 145.8; Kangxi radical 145 衣; Unihan kRSUnicode single radical assignment.	[]	"[""chinese"",""traditional"",""radicals"",""frequency"",""character-to-radical"",""one-way"",""part-4""]"
zh-traditional-radicals-frequency-iv/0643/character-to-radical	IV	vocabulary	643	zh-Hant	zh-Hant	臉	"[""肉""]"	[]		"[""zh-Hant.frequency.0643"",""zh.radical.kangxi.130""]"	[]	[]	sources/characters.tsv	frequency-order position 643; corpus frequency rank 643; Ministry common-character number 3375	臉: frequency-order position 643; corpus frequency rank 643; 375 appearances (0.03106%); Unihan kRSUnicode 130.13; Kangxi radical 130 肉; Unihan kRSUnicode single radical assignment.	[]	"[""chinese"",""traditional"",""radicals"",""frequency"",""character-to-radical"",""one-way"",""part-4""]"
zh-traditional-radicals-frequency-iv/0644/character-to-radical	IV	vocabulary	644	zh-Hant	zh-Hant	集	"[""隹""]"	[]		"[""zh-Hant.frequency.0644"",""zh.radical.kangxi.172""]"	[]	[]	sources/characters.tsv	frequency-order position 644; corpus frequency rank 644; Ministry common-character number 4455	集: frequency-order position 644; corpus frequency rank 644; 374 appearances (0.03098%); Unihan kRSUnicode 172.4; Kangxi radical 172 隹; Unihan kRSUnicode single radical assignment.	[]	"[""chinese"",""traditional"",""radicals"",""frequency"",""character-to-radical"",""one-way"",""part-4""]"
zh-traditional-radicals-frequency-iv/0645/character-to-radical	IV	vocabulary	645	zh-Hant	zh-Hant	社	"[""示""]"	[]		"[""zh-Hant.frequency.0645"",""zh.radical.kangxi.113""]"	[]	[]	sources/characters.tsv	frequency-order position 645; corpus frequency rank 645; Ministry common-character number 2878	社: frequency-order position 645; corpus frequency rank 645; 373 appearances (0.03090%); Unihan kRSUnicode 113.3; Kangxi radical 113 示; Unihan kRSUnicode single radical assignment.	[]	"[""chinese"",""traditional"",""radicals"",""frequency"",""character-to-radical"",""one-way"",""part-4""]"
zh-traditional-radicals-frequency-iv/0646/character-to-radical	IV	vocabulary	646	zh-Hant	zh-Hant	卡	"[""卜""]"	[]		"[""zh-Hant.frequency.0646"",""zh.radical.kangxi.025""]"	[]	[]	sources/characters.tsv	frequency-order position 646; corpus frequency rank 646; Ministry common-character number 445	卡: frequency-order position 646; corpus frequency rank 646; 372 appearances (0.03082%); Unihan kRSUnicode 25.3; Kangxi radical 25 卜; Unihan kRSUnicode single radical assignment.	[]	"[""chinese"",""traditional"",""radicals"",""frequency"",""character-to-radical"",""one-way"",""part-4""]"
zh-traditional-radicals-frequency-iv/0647/character-to-radical	IV	vocabulary	647	zh-Hant	zh-Hant	歲	"[""止""]"	[]		"[""zh-Hant.frequency.0647"",""zh.radical.kangxi.077""]"	[]	[]	sources/characters.tsv	frequency-order position 647; corpus frequency rank 647; Ministry common-character number 2073	歲: frequency-order position 647; corpus frequency rank 647; 371 appearances (0.03073%); Unihan kRSUnicode 77.9; Kangxi radical 77 止; Unihan kRSUnicode single radical assignment.	[]	"[""chinese"",""traditional"",""radicals"",""frequency"",""character-to-radical"",""one-way"",""part-4""]"
zh-traditional-radicals-frequency-iv/0648/character-to-radical	IV	vocabulary	648	zh-Hant	zh-Hant	舞	"[""舛""]"	[]		"[""zh-Hant.frequency.0648"",""zh.radical.kangxi.136""]"	[]	[]	sources/characters.tsv	frequency-order position 648; corpus frequency rank 648; Ministry common-character number 3409	舞: frequency-order position 648; corpus frequency rank 648; 371 appearances (0.03073%); Unihan kRSUnicode 136.8; Kangxi radical 136 舛; Unihan kRSUnicode single radical assignment.	[]	"[""chinese"",""traditional"",""radicals"",""frequency"",""character-to-radical"",""one-way"",""part-4""]"
zh-traditional-radicals-frequency-iv/0649/character-to-radical	IV	vocabulary	649	zh-Hant	zh-Hant	賽	"[""貝""]"	[]		"[""zh-Hant.frequency.0649"",""zh.radical.kangxi.154""]"	[]	[]	sources/characters.tsv	frequency-order position 649; corpus frequency rank 649; Ministry common-character number 3973	賽: frequency-order position 649; corpus frequency rank 649; 371 appearances (0.03073%); Unihan kRSUnicode 154.10; Kangxi radical 154 貝; Unihan kRSUnicode single radical assignment.	[]	"[""chinese"",""traditional"",""radicals"",""frequency"",""character-to-radical"",""one-way"",""part-4""]"
zh-traditional-radicals-frequency-iv/0650/character-to-radical	IV	vocabulary	650	zh-Hant	zh-Hant	香	"[""香""]"	[]		"[""zh-Hant.frequency.0650"",""zh.radical.kangxi.186""]"	[]	[]	sources/characters.tsv	frequency-order position 650; corpus frequency rank 650; Ministry common-character number 4616	香: frequency-order position 650; corpus frequency rank 650; 370 appearances (0.03065%); Unihan kRSUnicode 186.0; Kangxi radical 186 香; Unihan kRSUnicode single radical assignment.	[]	"[""chinese"",""traditional"",""radicals"",""frequency"",""character-to-radical"",""one-way"",""part-4""]"
zh-traditional-radicals-frequency-iv/0651/character-to-radical	IV	vocabulary	651	zh-Hant	zh-Hant	琴	"[""玉""]"	[]		"[""zh-Hant.frequency.0651"",""zh.radical.kangxi.096""]"	[]	[]	sources/characters.tsv	frequency-order position 651; corpus frequency rank 651; Ministry common-character number 2583	琴: frequency-order position 651; corpus frequency rank 651; 370 appearances (0.03065%); Unihan kRSUnicode 96.8; Kangxi radical 96 玉; Unihan kRSUnicode single radical assignment.	[]	"[""chinese"",""traditional"",""radicals"",""frequency"",""character-to-radical"",""one-way"",""part-4""]"
zh-traditional-radicals-frequency-iv/0652/character-to-radical	IV	vocabulary	652	zh-Hant	zh-Hant	慢	"[""心""]"	[]		"[""zh-Hant.frequency.0652"",""zh.radical.kangxi.061""]"	[]	[]	sources/characters.tsv	frequency-order position 652; corpus frequency rank 652; Ministry common-character number 1419	慢: frequency-order position 652; corpus frequency rank 652; 369 appearances (0.03057%); Unihan kRSUnicode 61.11; Kangxi radical 61 心; Unihan kRSUnicode single radical assignment.	[]	"[""chinese"",""traditional"",""radicals"",""frequency"",""character-to-radical"",""one-way"",""part-4""]"
zh-traditional-radicals-frequency-iv/0653/character-to-radical	IV	vocabulary	653	zh-Hant	zh-Hant	牙	"[""牙""]"	[]		"[""zh-Hant.frequency.0653"",""zh.radical.kangxi.092""]"	[]	[]	sources/characters.tsv	frequency-order position 653; corpus frequency rank 653; Ministry common-character number 2485	牙: frequency-order position 653; corpus frequency rank 653; 368 appearances (0.03048%); Unihan kRSUnicode 92.0; Kangxi radical 92 牙; Unihan kRSUnicode single radical assignment.	[]	"[""chinese"",""traditional"",""radicals"",""frequency"",""character-to-radical"",""one-way"",""part-4""]"
zh-traditional-radicals-frequency-iv/0654/character-to-radical	IV	vocabulary	654	zh-Hant	zh-Hant	曾	"[""曰""]"	[]		"[""zh-Hant.frequency.0654"",""zh.radical.kangxi.073""]"	[]	[]	sources/characters.tsv	frequency-order position 654; corpus frequency rank 654; Ministry common-character number 1838	曾: frequency-order position 654; corpus frequency rank 654; 368 appearances (0.03048%); Unihan kRSUnicode 73.8; Kangxi radical 73 曰; Unihan kRSUnicode single radical assignment.	[]	"[""chinese"",""traditional"",""radicals"",""frequency"",""character-to-radical"",""one-way"",""part-4""]"
zh-traditional-radicals-frequency-iv/0655/character-to-radical	IV	vocabulary	655	zh-Hant	zh-Hant	沙	"[""水""]"	[]		"[""zh-Hant.frequency.0655"",""zh.radical.kangxi.085""]"	[]	[]	sources/characters.tsv	frequency-order position 655; corpus frequency rank 655; Ministry common-character number 2138	沙: frequency-order position 655; corpus frequency rank 655; 367 appearances (0.03040%); Unihan kRSUnicode 85.4; Kangxi radical 85 水; Unihan kRSUnicode single radical assignment.	[]	"[""chinese"",""traditional"",""radicals"",""frequency"",""character-to-radical"",""one-way"",""part-4""]"
zh-traditional-radicals-frequency-iv/0656/character-to-radical	IV	vocabulary	656	zh-Hant	zh-Hant	穿	"[""穴""]"	[]		"[""zh-Hant.frequency.0656"",""zh.radical.kangxi.116""]"	[]	[]	sources/characters.tsv	frequency-order position 656; corpus frequency rank 656; Ministry common-character number 2957	穿: frequency-order position 656; corpus frequency rank 656; 365 appearances (0.03024%); Unihan kRSUnicode 116.4; Kangxi radical 116 穴; Unihan kRSUnicode single radical assignment.	[]	"[""chinese"",""traditional"",""radicals"",""frequency"",""character-to-radical"",""one-way"",""part-4""]"
zh-traditional-radicals-frequency-iv/0657/character-to-radical	IV	vocabulary	657	zh-Hant	zh-Hant	睡	"[""目""]"	[]		"[""zh-Hant.frequency.0657"",""zh.radical.kangxi.109""]"	[]	[]	sources/characters.tsv	frequency-order position 657; corpus frequency rank 657; Ministry common-character number 2792	睡: frequency-order position 657; corpus frequency rank 657; 364 appearances (0.03015%); Unihan kRSUnicode 109.9 109.8; Kangxi radical 109 目; Unihan alternatives differ only in residual stroke count; Kangxi radical 目 is shared.	[]	"[""chinese"",""traditional"",""radicals"",""frequency"",""character-to-radical"",""one-way"",""part-4""]"
zh-traditional-radicals-frequency-iv/0658/character-to-radical	IV	vocabulary	658	zh-Hant	zh-Hant	需	"[""雨""]"	[]		"[""zh-Hant.frequency.0658"",""zh.radical.kangxi.173""]"	[]	[]	sources/characters.tsv	frequency-order position 658; corpus frequency rank 658; Ministry common-character number 4476	需: frequency-order position 658; corpus frequency rank 658; 364 appearances (0.03015%); Unihan kRSUnicode 173.6; Kangxi radical 173 雨; Unihan kRSUnicode single radical assignment.	[]	"[""chinese"",""traditional"",""radicals"",""frequency"",""character-to-radical"",""one-way"",""part-4""]"
zh-traditional-radicals-frequency-iv/0659/character-to-radical	IV	vocabulary	659	zh-Hant	zh-Hant	般	"[""舟""]"	[]		"[""zh-Hant.frequency.0659"",""zh.radical.kangxi.137""]"	[]	[]	sources/characters.tsv	frequency-order position 659; corpus frequency rank 659; Ministry common-character number 3415	般: frequency-order position 659; corpus frequency rank 659; 363 appearances (0.03007%); Unihan kRSUnicode 137.4; Kangxi radical 137 舟; Unihan kRSUnicode single radical assignment.	[]	"[""chinese"",""traditional"",""radicals"",""frequency"",""character-to-radical"",""one-way"",""part-4""]"
zh-traditional-radicals-frequency-iv/0660/character-to-radical	IV	vocabulary	660	zh-Hant	zh-Hant	蘭	"[""艸""]"	[]		"[""zh-Hant.frequency.0660"",""zh.radical.kangxi.140""]"	[]	[]	sources/characters.tsv	frequency-order position 660; corpus frequency rank 660; Ministry common-character number 3600	蘭: frequency-order position 660; corpus frequency rank 660; 362 appearances (0.02999%); Unihan kRSUnicode 140.17; Kangxi radical 140 艸; Unihan kRSUnicode single radical assignment.	[]	"[""chinese"",""traditional"",""radicals"",""frequency"",""character-to-radical"",""one-way"",""part-4""]"
zh-traditional-radicals-frequency-iv/0661/character-to-radical	IV	vocabulary	661	zh-Hant	zh-Hant	歷	"[""止""]"	[]		"[""zh-Hant.frequency.0661"",""zh.radical.kangxi.077""]"	[]	[]	sources/characters.tsv	frequency-order position 661; corpus frequency rank 661; Ministry common-character number 2074	歷: frequency-order position 661; corpus frequency rank 661; 360 appearances (0.02982%); Unihan kRSUnicode 77.12; Kangxi radical 77 止; Unihan kRSUnicode single radical assignment.	[]	"[""chinese"",""traditional"",""radicals"",""frequency"",""character-to-radical"",""one-way"",""part-4""]"
zh-traditional-radicals-frequency-iv/0662/character-to-radical	IV	vocabulary	662	zh-Hant	zh-Hant	質	"[""貝""]"	[]		"[""zh-Hant.frequency.0662"",""zh.radical.kangxi.154""]"	[]	[]	sources/characters.tsv	frequency-order position 662; corpus frequency rank 662; Ministry common-character number 3970	質: frequency-order position 662; corpus frequency rank 662; 359 appearances (0.02974%); Unihan kRSUnicode 154.8; Kangxi radical 154 貝; Unihan kRSUnicode single radical assignment.	[]	"[""chinese"",""traditional"",""radicals"",""frequency"",""character-to-radical"",""one-way"",""part-4""]"
zh-traditional-radicals-frequency-iv/0663/character-to-radical	IV	vocabulary	663	zh-Hant	zh-Hant	切	"[""刀""]"	[]		"[""zh-Hant.frequency.0663"",""zh.radical.kangxi.018""]"	[]	[]	sources/characters.tsv	frequency-order position 663; corpus frequency rank 663; Ministry common-character number 332	切: frequency-order position 663; corpus frequency rank 663; 358 appearances (0.02966%); Unihan kRSUnicode 18.2; Kangxi radical 18 刀; Unihan kRSUnicode single radical assignment.	[]	"[""chinese"",""traditional"",""radicals"",""frequency"",""character-to-radical"",""one-way"",""part-4""]"
zh-traditional-radicals-frequency-iv/0664/character-to-radical	IV	vocabulary	664	zh-Hant	zh-Hant	爺	"[""父""]"	[]		"[""zh-Hant.frequency.0664"",""zh.radical.kangxi.088""]"	[]	[]	sources/characters.tsv	frequency-order position 664; corpus frequency rank 664; Ministry common-character number 2474	爺: frequency-order position 664; corpus frequency rank 664; 358 appearances (0.02966%); Unihan kRSUnicode 88.9; Kangxi radical 88 父; Unihan kRSUnicode single radical assignment.	[]	"[""chinese"",""traditional"",""radicals"",""frequency"",""character-to-radical"",""one-way"",""part-4""]"
zh-traditional-radicals-frequency-iv/0665/character-to-radical	IV	vocabulary	665	zh-Hant	zh-Hant	洲	"[""水""]"	[]		"[""zh-Hant.frequency.0665"",""zh.radical.kangxi.085""]"	[]	[]	sources/characters.tsv	frequency-order position 665; corpus frequency rank 665; Ministry common-character number 2186	洲: frequency-order position 665; corpus frequency rank 665; 356 appearances (0.02949%); Unihan kRSUnicode 85.6; Kangxi radical 85 水; Unihan kRSUnicode single radical assignment.	[]	"[""chinese"",""traditional"",""radicals"",""frequency"",""character-to-radical"",""one-way"",""part-4""]"
zh-traditional-radicals-frequency-iv/0666/character-to-radical	IV	vocabulary	666	zh-Hant	zh-Hant	孔	"[""子""]"	[]		"[""zh-Hant.frequency.0666"",""zh.radical.kangxi.039""]"	[]	[]	sources/characters.tsv	frequency-order position 666; corpus frequency rank 666; Ministry common-character number 985	孔: frequency-order position 666; corpus frequency rank 666; 355 appearances (0.02941%); Unihan kRSUnicode 39.1; Kangxi radical 39 子; Unihan kRSUnicode single radical assignment.	[]	"[""chinese"",""traditional"",""radicals"",""frequency"",""character-to-radical"",""one-way"",""part-4""]"
zh-traditional-radicals-frequency-iv/0667/character-to-radical	IV	vocabulary	667	zh-Hant	zh-Hant	突	"[""穴""]"	[]		"[""zh-Hant.frequency.0667"",""zh.radical.kangxi.116""]"	[]	[]	sources/characters.tsv	frequency-order position 667; corpus frequency rank 667; Ministry common-character number 2958	突: frequency-order position 667; corpus frequency rank 667; 355 appearances (0.02941%); Unihan kRSUnicode 116.4; Kangxi radical 116 穴; Unihan kRSUnicode single radical assignment.	[]	"[""chinese"",""traditional"",""radicals"",""frequency"",""character-to-radical"",""one-way"",""part-4""]"
zh-traditional-radicals-frequency-iv/0668/character-to-radical	IV	vocabulary	668	zh-Hant	zh-Hant	源	"[""水""]"	[]		"[""zh-Hant.frequency.0668"",""zh.radical.kangxi.085""]"	[]	[]	sources/characters.tsv	frequency-order position 668; corpus frequency rank 668; Ministry common-character number 2282	源: frequency-order position 668; corpus frequency rank 668; 354 appearances (0.02932%); Unihan kRSUnicode 85.10; Kangxi radical 85 水; Unihan kRSUnicode single radical assignment.	[]	"[""chinese"",""traditional"",""radicals"",""frequency"",""character-to-radical"",""one-way"",""part-4""]"
zh-traditional-radicals-frequency-iv/0669/character-to-radical	IV	vocabulary	669	zh-Hant	zh-Hant	震	"[""雨""]"	[]		"[""zh-Hant.frequency.0669"",""zh.radical.kangxi.173""]"	[]	[]	sources/characters.tsv	frequency-order position 669; corpus frequency rank 669; Ministry common-character number 4479	震: frequency-order position 669; corpus frequency rank 669; 353 appearances (0.02924%); Unihan kRSUnicode 173.7; Kangxi radical 173 雨; Unihan kRSUnicode single radical assignment.	[]	"[""chinese"",""traditional"",""radicals"",""frequency"",""character-to-radical"",""one-way"",""part-4""]"
zh-traditional-radicals-frequency-iv/0670/character-to-radical	IV	vocabulary	670	zh-Hant	zh-Hant	靜	"[""靑""]"	[]		"[""zh-Hant.frequency.0670"",""zh.radical.kangxi.174""]"	[]	[]	sources/characters.tsv	frequency-order position 670; corpus frequency rank 670; Ministry common-character number 4502	靜: frequency-order position 670; corpus frequency rank 670; 353 appearances (0.02924%); Unihan kRSUnicode 174.8; Kangxi radical 174 靑; Unihan kRSUnicode single radical assignment.	[]	"[""chinese"",""traditional"",""radicals"",""frequency"",""character-to-radical"",""one-way"",""part-4""]"
zh-traditional-radicals-frequency-iv/0671/character-to-radical	IV	vocabulary	671	zh-Hant	zh-Hant	充	"[""儿""]"	[]		"[""zh-Hant.frequency.0671"",""zh.radical.kangxi.010""]"	[]	[]	sources/characters.tsv	frequency-order position 671; corpus frequency rank 671; Ministry common-character number 266	充: frequency-order position 671; corpus frequency rank 671; 352 appearances (0.02916%); Unihan kRSUnicode 10.4; Kangxi radical 10 儿; Unihan kRSUnicode single radical assignment.	[]	"[""chinese"",""traditional"",""radicals"",""frequency"",""character-to-radical"",""one-way"",""part-4""]"
zh-traditional-radicals-frequency-iv/0672/character-to-radical	IV	vocabulary	672	zh-Hant	zh-Hant	錄	"[""金""]"	[]		"[""zh-Hant.frequency.0672"",""zh.radical.kangxi.167""]"	[]	[]	sources/characters.tsv	frequency-order position 672; corpus frequency rank 672; Ministry common-character number 4314	錄: frequency-order position 672; corpus frequency rank 672; 352 appearances (0.02916%); Unihan kRSUnicode 167.8; Kangxi radical 167 金; Unihan kRSUnicode single radical assignment.	[]	"[""chinese"",""traditional"",""radicals"",""frequency"",""character-to-radical"",""one-way"",""part-4""]"
zh-traditional-radicals-frequency-iv/0673/character-to-radical	IV	vocabulary	673	zh-Hant	zh-Hant	午	"[""十""]"	[]		"[""zh-Hant.frequency.0673"",""zh.radical.kangxi.024""]"	[]	[]	sources/characters.tsv	frequency-order position 673; corpus frequency rank 673; Ministry common-character number 431	午: frequency-order position 673; corpus frequency rank 673; 351 appearances (0.02908%); Unihan kRSUnicode 24.2; Kangxi radical 24 十; Unihan kRSUnicode single radical assignment.	[]	"[""chinese"",""traditional"",""radicals"",""frequency"",""character-to-radical"",""one-way"",""part-4""]"
zh-traditional-radicals-frequency-iv/0674/character-to-radical	IV	vocabulary	674	zh-Hant	zh-Hant	講	"[""言""]"	[]		"[""zh-Hant.frequency.0674"",""zh.radical.kangxi.149""]"	[]	[]	sources/characters.tsv	frequency-order position 674; corpus frequency rank 674; Ministry common-character number 3874	講: frequency-order position 674; corpus frequency rank 674; 351 appearances (0.02908%); Unihan kRSUnicode 149.10; Kangxi radical 149 言; Unihan kRSUnicode single radical assignment.	[]	"[""chinese"",""traditional"",""radicals"",""frequency"",""character-to-radical"",""one-way"",""part-4""]"
zh-traditional-radicals-frequency-iv/0675/character-to-radical	IV	vocabulary	675	zh-Hant	zh-Hant	系	"[""糸""]"	[]		"[""zh-Hant.frequency.0675"",""zh.radical.kangxi.120""]"	[]	[]	sources/characters.tsv	frequency-order position 675; corpus frequency rank 675; Ministry common-character number 3080	系: frequency-order position 675; corpus frequency rank 675; 350 appearances (0.02899%); Unihan kRSUnicode 120.1; Kangxi radical 120 糸; Unihan kRSUnicode single radical assignment.	[]	"[""chinese"",""traditional"",""radicals"",""frequency"",""character-to-radical"",""one-way"",""part-4""]"
zh-traditional-radicals-frequency-iv/0676/character-to-radical	IV	vocabulary	676	zh-Hant	zh-Hant	急	"[""心""]"	[]		"[""zh-Hant.frequency.0676"",""zh.radical.kangxi.061""]"	[]	[]	sources/characters.tsv	frequency-order position 676; corpus frequency rank 676; Ministry common-character number 1332	急: frequency-order position 676; corpus frequency rank 676; 350 appearances (0.02899%); Unihan kRSUnicode 61.5; Kangxi radical 61 心; Unihan kRSUnicode single radical assignment.	[]	"[""chinese"",""traditional"",""radicals"",""frequency"",""character-to-radical"",""one-way"",""part-4""]"
zh-traditional-radicals-frequency-iv/0677/character-to-radical	IV	vocabulary	677	zh-Hant	zh-Hant	藏	"[""艸""]"	[]		"[""zh-Hant.frequency.0677"",""zh.radical.kangxi.140""]"	[]	[]	sources/characters.tsv	frequency-order position 677; corpus frequency rank 677; Ministry common-character number 3579	藏: frequency-order position 677; corpus frequency rank 677; 350 appearances (0.02899%); Unihan kRSUnicode 140.14; Kangxi radical 140 艸; Unihan kRSUnicode single radical assignment.	[]	"[""chinese"",""traditional"",""radicals"",""frequency"",""character-to-radical"",""one-way"",""part-4""]"
zh-traditional-radicals-frequency-iv/0678/character-to-radical	IV	vocabulary	678	zh-Hant	zh-Hant	速	"[""辵""]"	[]		"[""zh-Hant.frequency.0678"",""zh.radical.kangxi.162""]"	[]	[]	sources/characters.tsv	frequency-order position 678; corpus frequency rank 678; Ministry common-character number 4141	速: frequency-order position 678; corpus frequency rank 678; 348 appearances (0.02883%); Unihan kRSUnicode 162.7; Kangxi radical 162 辵; Unihan kRSUnicode single radical assignment.	[]	"[""chinese"",""traditional"",""radicals"",""frequency"",""character-to-radical"",""one-way"",""part-4""]"
zh-traditional-radicals-frequency-iv/0679/character-to-radical	IV	vocabulary	679	zh-Hant	zh-Hant	升	"[""十""]"	[]		"[""zh-Hant.frequency.0679"",""zh.radical.kangxi.024""]"	[]	[]	sources/characters.tsv	frequency-order position 679; corpus frequency rank 679; Ministry common-character number 432	升: frequency-order position 679; corpus frequency rank 679; 346 appearances (0.02866%); Unihan kRSUnicode 24.2; Kangxi radical 24 十; Unihan kRSUnicode single radical assignment.	[]	"[""chinese"",""traditional"",""radicals"",""frequency"",""character-to-radical"",""one-way"",""part-4""]"
zh-traditional-radicals-frequency-iv/0680/character-to-radical	IV	vocabulary	680	zh-Hant	zh-Hant	持	"[""手""]"	[]		"[""zh-Hant.frequency.0680"",""zh.radical.kangxi.064""]"	[]	[]	sources/characters.tsv	frequency-order position 680; corpus frequency rank 680; Ministry common-character number 1558	持: frequency-order position 680; corpus frequency rank 680; 346 appearances (0.02866%); Unihan kRSUnicode 64.6; Kangxi radical 64 手; Unihan kRSUnicode single radical assignment.	[]	"[""chinese"",""traditional"",""radicals"",""frequency"",""character-to-radical"",""one-way"",""part-4""]"
zh-traditional-radicals-frequency-iv/0681/character-to-radical	IV	vocabulary	681	zh-Hant	zh-Hant	討	"[""言""]"	[]		"[""zh-Hant.frequency.0681"",""zh.radical.kangxi.149""]"	[]	[]	sources/characters.tsv	frequency-order position 681; corpus frequency rank 681; Ministry common-character number 3787	討: frequency-order position 681; corpus frequency rank 681; 346 appearances (0.02866%); Unihan kRSUnicode 149.3; Kangxi radical 149 言; Unihan kRSUnicode single radical assignment.	[]	"[""chinese"",""traditional"",""radicals"",""frequency"",""character-to-radical"",""one-way"",""part-4""]"
zh-traditional-radicals-frequency-iv/0682/character-to-radical	IV	vocabulary	682	zh-Hant	zh-Hant	短	"[""矢""]"	[]		"[""zh-Hant.frequency.0682"",""zh.radical.kangxi.111""]"	[]	[]	sources/characters.tsv	frequency-order position 682; corpus frequency rank 682; Ministry common-character number 2820	短: frequency-order position 682; corpus frequency rank 682; 346 appearances (0.02866%); Unihan kRSUnicode 111.7; Kangxi radical 111 矢; Unihan kRSUnicode single radical assignment.	[]	"[""chinese"",""traditional"",""radicals"",""frequency"",""character-to-radical"",""one-way"",""part-4""]"
zh-traditional-radicals-frequency-iv/0683/character-to-radical	IV	vocabulary	683	zh-Hant	zh-Hant	客	"[""宀""]"	[]		"[""zh-Hant.frequency.0683"",""zh.radical.kangxi.040""]"	[]	[]	sources/characters.tsv	frequency-order position 683; corpus frequency rank 683; Ministry common-character number 1022	客: frequency-order position 683; corpus frequency rank 683; 345 appearances (0.02858%); Unihan kRSUnicode 40.6; Kangxi radical 40 宀; Unihan kRSUnicode single radical assignment.	[]	"[""chinese"",""traditional"",""radicals"",""frequency"",""character-to-radical"",""one-way"",""part-4""]"
zh-traditional-radicals-frequency-iv/0684/character-to-radical	IV	vocabulary	684	zh-Hant	zh-Hant	迷	"[""辵""]"	[]		"[""zh-Hant.frequency.0684"",""zh.radical.kangxi.162""]"	[]	[]	sources/characters.tsv	frequency-order position 684; corpus frequency rank 684; Ministry common-character number 4129	迷: frequency-order position 684; corpus frequency rank 684; 345 appearances (0.02858%); Unihan kRSUnicode 162.6; Kangxi radical 162 辵; Unihan kRSUnicode single radical assignment.	[]	"[""chinese"",""traditional"",""radicals"",""frequency"",""character-to-radical"",""one-way"",""part-4""]"
zh-traditional-radicals-frequency-iv/0685/character-to-radical	IV	vocabulary	685	zh-Hant	zh-Hant	順	"[""頁""]"	[]		"[""zh-Hant.frequency.0685"",""zh.radical.kangxi.181""]"	[]	[]	sources/characters.tsv	frequency-order position 685; corpus frequency rank 685; Ministry common-character number 4540	順: frequency-order position 685; corpus frequency rank 685; 344 appearances (0.02850%); Unihan kRSUnicode 181.3; Kangxi radical 181 頁; Unihan kRSUnicode single radical assignment.	[]	"[""chinese"",""traditional"",""radicals"",""frequency"",""character-to-radical"",""one-way"",""part-4""]"
zh-traditional-radicals-frequency-iv/0686/character-to-radical	IV	vocabulary	686	zh-Hant	zh-Hant	米	"[""米""]"	[]		"[""zh-Hant.frequency.0686"",""zh.radical.kangxi.119""]"	[]	[]	sources/characters.tsv	frequency-order position 686; corpus frequency rank 686; Ministry common-character number 3056	米: frequency-order position 686; corpus frequency rank 686; 343 appearances (0.02841%); Unihan kRSUnicode 119.0; Kangxi radical 119 米; Unihan kRSUnicode single radical assignment.	[]	"[""chinese"",""traditional"",""radicals"",""frequency"",""character-to-radical"",""one-way"",""part-4""]"
zh-traditional-radicals-frequency-iv/0687/character-to-radical	IV	vocabulary	687	zh-Hant	zh-Hant	另	"[""口""]"	[]		"[""zh-Hant.frequency.0687"",""zh.radical.kangxi.030""]"	[]	[]	sources/characters.tsv	frequency-order position 687; corpus frequency rank 687; Ministry common-character number 492	另: frequency-order position 687; corpus frequency rank 687; 342 appearances (0.02833%); Unihan kRSUnicode 30.2; Kangxi radical 30 口; Unihan kRSUnicode single radical assignment.	[]	"[""chinese"",""traditional"",""radicals"",""frequency"",""character-to-radical"",""one-way"",""part-4""]"
zh-traditional-radicals-frequency-iv/0688/character-to-radical	IV	vocabulary	688	zh-Hant	zh-Hant	低	"[""人""]"	[]		"[""zh-Hant.frequency.0688"",""zh.radical.kangxi.009""]"	[]	[]	sources/characters.tsv	frequency-order position 688; corpus frequency rank 688; Ministry common-character number 126	低: frequency-order position 688; corpus frequency rank 688; 342 appearances (0.02833%); Unihan kRSUnicode 9.5; Kangxi radical 9 人; Unihan kRSUnicode single radical assignment.	[]	"[""chinese"",""traditional"",""radicals"",""frequency"",""character-to-radical"",""one-way"",""part-4""]"
zh-traditional-radicals-frequency-iv/0689/character-to-radical	IV	vocabulary	689	zh-Hant	zh-Hant	帝	"[""巾""]"	[]		"[""zh-Hant.frequency.0689"",""zh.radical.kangxi.050""]"	[]	[]	sources/characters.tsv	frequency-order position 689; corpus frequency rank 689; Ministry common-character number 1171	帝: frequency-order position 689; corpus frequency rank 689; 342 appearances (0.02833%); Unihan kRSUnicode 50.6; Kangxi radical 50 巾; Unihan kRSUnicode single radical assignment.	[]	"[""chinese"",""traditional"",""radicals"",""frequency"",""character-to-radical"",""one-way"",""part-4""]"
zh-traditional-radicals-frequency-iv/0690/character-to-radical	IV	vocabulary	690	zh-Hant	zh-Hant	呼	"[""口""]"	[]		"[""zh-Hant.frequency.0690"",""zh.radical.kangxi.030""]"	[]	[]	sources/characters.tsv	frequency-order position 690; corpus frequency rank 690; Ministry common-character number 552	呼: frequency-order position 690; corpus frequency rank 690; 339 appearances (0.02808%); Unihan kRSUnicode 30.5; Kangxi radical 30 口; Unihan kRSUnicode single radical assignment.	[]	"[""chinese"",""traditional"",""radicals"",""frequency"",""character-to-radical"",""one-way"",""part-4""]"
zh-traditional-radicals-frequency-iv/0691/character-to-radical	IV	vocabulary	691	zh-Hant	zh-Hant	富	"[""宀""]"	[]		"[""zh-Hant.frequency.0691"",""zh.radical.kangxi.040""]"	[]	[]	sources/characters.tsv	frequency-order position 691; corpus frequency rank 691; Ministry common-character number 1039	富: frequency-order position 691; corpus frequency rank 691; 339 appearances (0.02808%); Unihan kRSUnicode 40.9; Kangxi radical 40 宀; Unihan kRSUnicode single radical assignment.	[]	"[""chinese"",""traditional"",""radicals"",""frequency"",""character-to-radical"",""one-way"",""part-4""]"
zh-traditional-radicals-frequency-iv/0692/character-to-radical	IV	vocabulary	692	zh-Hant	zh-Hant	貴	"[""貝""]"	[]		"[""zh-Hant.frequency.0692"",""zh.radical.kangxi.154""]"	[]	[]	sources/characters.tsv	frequency-order position 692; corpus frequency rank 692; Ministry common-character number 3945	貴: frequency-order position 692; corpus frequency rank 692; 339 appearances (0.02808%); Unihan kRSUnicode 154.5; Kangxi radical 154 貝; Unihan kRSUnicode single radical assignment.	[]	"[""chinese"",""traditional"",""radicals"",""frequency"",""character-to-radical"",""one-way"",""part-4""]"
zh-traditional-radicals-frequency-iv/0693/character-to-radical	IV	vocabulary	693	zh-Hant	zh-Hant	續	"[""糸""]"	[]		"[""zh-Hant.frequency.0693"",""zh.radical.kangxi.120""]"	[]	[]	sources/characters.tsv	frequency-order position 693; corpus frequency rank 693; Ministry common-character number 3191	續: frequency-order position 693; corpus frequency rank 693; 339 appearances (0.02808%); Unihan kRSUnicode 120.15; Kangxi radical 120 糸; Unihan kRSUnicode single radical assignment.	[]	"[""chinese"",""traditional"",""radicals"",""frequency"",""character-to-radical"",""one-way"",""part-4""]"
zh-traditional-radicals-frequency-iv/0694/character-to-radical	IV	vocabulary	694	zh-Hant	zh-Hant	存	"[""子""]"	[]		"[""zh-Hant.frequency.0694"",""zh.radical.kangxi.039""]"	[]	[]	sources/characters.tsv	frequency-order position 694; corpus frequency rank 694; Ministry common-character number 988	存: frequency-order position 694; corpus frequency rank 694; 337 appearances (0.02792%); Unihan kRSUnicode 39.3; Kangxi radical 39 子; Unihan kRSUnicode single radical assignment.	[]	"[""chinese"",""traditional"",""radicals"",""frequency"",""character-to-radical"",""one-way"",""part-4""]"
zh-traditional-radicals-frequency-iv/0695/character-to-radical	IV	vocabulary	695	zh-Hant	zh-Hant	態	"[""心""]"	[]		"[""zh-Hant.frequency.0695"",""zh.radical.kangxi.061""]"	[]	[]	sources/characters.tsv	frequency-order position 695; corpus frequency rank 695; Ministry common-character number 1417	態: frequency-order position 695; corpus frequency rank 695; 337 appearances (0.02792%); Unihan kRSUnicode 61.10; Kangxi radical 61 心; Unihan kRSUnicode single radical assignment.	[]	"[""chinese"",""traditional"",""radicals"",""frequency"",""character-to-radical"",""one-way"",""part-4""]"
zh-traditional-radicals-frequency-iv/0696/character-to-radical	IV	vocabulary	696	zh-Hant	zh-Hant	驚	"[""馬""]"	[]		"[""zh-Hant.frequency.0696"",""zh.radical.kangxi.187""]"	[]	[]	sources/characters.tsv	frequency-order position 696; corpus frequency rank 696; Ministry common-character number 4650	驚: frequency-order position 696; corpus frequency rank 696; 337 appearances (0.02792%); Unihan kRSUnicode 187.13; Kangxi radical 187 馬; Unihan kRSUnicode single radical assignment.	[]	"[""chinese"",""traditional"",""radicals"",""frequency"",""character-to-radical"",""one-way"",""part-4""]"
zh-traditional-radicals-frequency-iv/0697/character-to-radical	IV	vocabulary	697	zh-Hant	zh-Hant	洋	"[""水""]"	[]		"[""zh-Hant.frequency.0697"",""zh.radical.kangxi.085""]"	[]	[]	sources/characters.tsv	frequency-order position 697; corpus frequency rank 697; Ministry common-character number 2185	洋: frequency-order position 697; corpus frequency rank 697; 335 appearances (0.02775%); Unihan kRSUnicode 85.6; Kangxi radical 85 水; Unihan kRSUnicode single radical assignment.	[]	"[""chinese"",""traditional"",""radicals"",""frequency"",""character-to-radical"",""one-way"",""part-4""]"
zh-traditional-radicals-frequency-iv/0698/character-to-radical	IV	vocabulary	698	zh-Hant	zh-Hant	務	"[""力""]"	[]		"[""zh-Hant.frequency.0698"",""zh.radical.kangxi.019""]"	[]	[]	sources/characters.tsv	frequency-order position 698; corpus frequency rank 698; Ministry common-character number 393	務: frequency-order position 698; corpus frequency rank 698; 334 appearances (0.02767%); Unihan kRSUnicode 19.9; Kangxi radical 19 力; Unihan kRSUnicode single radical assignment.	[]	"[""chinese"",""traditional"",""radicals"",""frequency"",""character-to-radical"",""one-way"",""part-4""]"
zh-traditional-radicals-frequency-iv/0699/character-to-radical	IV	vocabulary	699	zh-Hant	zh-Hant	健	"[""人""]"	[]		"[""zh-Hant.frequency.0699"",""zh.radical.kangxi.009""]"	[]	[]	sources/characters.tsv	frequency-order position 699; corpus frequency rank 699; Ministry common-character number 208	健: frequency-order position 699; corpus frequency rank 699; 333 appearances (0.02758%); Unihan kRSUnicode 9.9; Kangxi radical 9 人; Unihan kRSUnicode single radical assignment.	[]	"[""chinese"",""traditional"",""radicals"",""frequency"",""character-to-radical"",""one-way"",""part-4""]"
zh-traditional-radicals-frequency-iv/0700/character-to-radical	IV	vocabulary	700	zh-Hant	zh-Hant	費	"[""貝""]"	[]		"[""zh-Hant.frequency.0700"",""zh.radical.kangxi.154""]"	[]	[]	sources/characters.tsv	frequency-order position 700; corpus frequency rank 700; Ministry common-character number 3943	費: frequency-order position 700; corpus frequency rank 700; 333 appearances (0.02758%); Unihan kRSUnicode 154.5; Kangxi radical 154 貝; Unihan kRSUnicode single radical assignment.	[]	"[""chinese"",""traditional"",""radicals"",""frequency"",""character-to-radical"",""one-way"",""part-4""]"
zh-traditional-radicals-frequency-iv/0701/character-to-radical	IV	vocabulary	701	zh-Hant	zh-Hant	玉	"[""玉""]"	[]		"[""zh-Hant.frequency.0701"",""zh.radical.kangxi.096""]"	[]	[]	sources/characters.tsv	frequency-order position 701; corpus frequency rank 701; Ministry common-character number 2553	玉: frequency-order position 701; corpus frequency rank 701; 332 appearances (0.02750%); Unihan kRSUnicode 96.0; Kangxi radical 96 玉; Unihan kRSUnicode single radical assignment.	[]	"[""chinese"",""traditional"",""radicals"",""frequency"",""character-to-radical"",""one-way"",""part-4""]"
zh-traditional-radicals-frequency-iv/0702/character-to-radical	IV	vocabulary	702	zh-Hant	zh-Hant	背	"[""肉""]"	[]		"[""zh-Hant.frequency.0702"",""zh.radical.kangxi.130""]"	[]	[]	sources/characters.tsv	frequency-order position 702; corpus frequency rank 702; Ministry common-character number 3313	背: frequency-order position 702; corpus frequency rank 702; 332 appearances (0.02750%); Unihan kRSUnicode 130.5; Kangxi radical 130 肉; Unihan kRSUnicode single radical assignment.	[]	"[""chinese"",""traditional"",""radicals"",""frequency"",""character-to-radical"",""one-way"",""part-4""]"
zh-traditional-radicals-frequency-iv/0703/character-to-radical	IV	vocabulary	703	zh-Hant	zh-Hant	維	"[""糸""]"	[]		"[""zh-Hant.frequency.0703"",""zh.radical.kangxi.120""]"	[]	[]	sources/characters.tsv	frequency-order position 703; corpus frequency rank 703; Ministry common-character number 3144	維: frequency-order position 703; corpus frequency rank 703; 331 appearances (0.02742%); Unihan kRSUnicode 120.8; Kangxi radical 120 糸; Unihan kRSUnicode single radical assignment.	[]	"[""chinese"",""traditional"",""radicals"",""frequency"",""character-to-radical"",""one-way"",""part-4""]"
zh-traditional-radicals-frequency-iv/0704/character-to-radical	IV	vocabulary	704	zh-Hant	zh-Hant	姊	"[""女""]"	[]		"[""zh-Hant.frequency.0704"",""zh.radical.kangxi.038""]"	[]	[]	sources/characters.tsv	frequency-order position 704; corpus frequency rank 704; Ministry common-character number 910	姊: frequency-order position 704; corpus frequency rank 704; 329 appearances (0.02725%); Unihan kRSUnicode 38.5; Kangxi radical 38 女; Unihan kRSUnicode single radical assignment.	[]	"[""chinese"",""traditional"",""radicals"",""frequency"",""character-to-radical"",""one-way"",""part-4""]"
zh-traditional-radicals-frequency-iv/0705/character-to-radical	IV	vocabulary	705	zh-Hant	zh-Hant	盡	"[""皿""]"	[]		"[""zh-Hant.frequency.0705"",""zh.radical.kangxi.108""]"	[]	[]	sources/characters.tsv	frequency-order position 705; corpus frequency rank 705; Ministry common-character number 2750	盡: frequency-order position 705; corpus frequency rank 705; 329 appearances (0.02725%); Unihan kRSUnicode 108.9; Kangxi radical 108 皿; Unihan kRSUnicode single radical assignment.	[]	"[""chinese"",""traditional"",""radicals"",""frequency"",""character-to-radical"",""one-way"",""part-4""]"
zh-traditional-radicals-frequency-iv/0706/character-to-radical	IV	vocabulary	706	zh-Hant	zh-Hant	廣	"[""广""]"	[]		"[""zh-Hant.frequency.0706"",""zh.radical.kangxi.053""]"	[]	[]	sources/characters.tsv	frequency-order position 706; corpus frequency rank 706; Ministry common-character number 1230	廣: frequency-order position 706; corpus frequency rank 706; 329 appearances (0.02725%); Unihan kRSUnicode 53.12; Kangxi radical 53 广; Unihan kRSUnicode single radical assignment.	[]	"[""chinese"",""traditional"",""radicals"",""frequency"",""character-to-radical"",""one-way"",""part-4""]"
zh-traditional-radicals-frequency-iv/0707/character-to-radical	IV	vocabulary	707	zh-Hant	zh-Hant	仙	"[""人""]"	[]		"[""zh-Hant.frequency.0707"",""zh.radical.kangxi.009""]"	[]	[]	sources/characters.tsv	frequency-order position 707; corpus frequency rank 707; Ministry common-character number 86	仙: frequency-order position 707; corpus frequency rank 707; 328 appearances (0.02717%); Unihan kRSUnicode 9.3; Kangxi radical 9 人; Unihan kRSUnicode single radical assignment.	[]	"[""chinese"",""traditional"",""radicals"",""frequency"",""character-to-radical"",""one-way"",""part-4""]"
zh-traditional-radicals-frequency-iv/0708/character-to-radical	IV	vocabulary	708	zh-Hant	zh-Hant	創	"[""刀""]"	[]		"[""zh-Hant.frequency.0708"",""zh.radical.kangxi.018""]"	[]	[]	sources/characters.tsv	frequency-order position 708; corpus frequency rank 708; Ministry common-character number 368	創: frequency-order position 708; corpus frequency rank 708; 327 appearances (0.02709%); Unihan kRSUnicode 18.10; Kangxi radical 18 刀; Unihan kRSUnicode single radical assignment.	[]	"[""chinese"",""traditional"",""radicals"",""frequency"",""character-to-radical"",""one-way"",""part-4""]"
zh-traditional-radicals-frequency-iv/0709/character-to-radical	IV	vocabulary	709	zh-Hant	zh-Hant	據	"[""手""]"	[]		"[""zh-Hant.frequency.0709"",""zh.radical.kangxi.064""]"	[]	[]	sources/characters.tsv	frequency-order position 709; corpus frequency rank 709; Ministry common-character number 1681	據: frequency-order position 709; corpus frequency rank 709; 327 appearances (0.02709%); Unihan kRSUnicode 64.13; Kangxi radical 64 手; Unihan kRSUnicode single radical assignment.	[]	"[""chinese"",""traditional"",""radicals"",""frequency"",""character-to-radical"",""one-way"",""part-4""]"
zh-traditional-radicals-frequency-iv/0710/character-to-radical	IV	vocabulary	710	zh-Hant	zh-Hant	究	"[""穴""]"	[]		"[""zh-Hant.frequency.0710"",""zh.radical.kangxi.116""]"	[]	[]	sources/characters.tsv	frequency-order position 710; corpus frequency rank 710; Ministry common-character number 2954	究: frequency-order position 710; corpus frequency rank 710; 326 appearances (0.02700%); Unihan kRSUnicode 116.2; Kangxi radical 116 穴; Unihan kRSUnicode single radical assignment.	[]	"[""chinese"",""traditional"",""radicals"",""frequency"",""character-to-radical"",""one-way"",""part-4""]"
zh-traditional-radicals-frequency-iv/0711/character-to-radical	IV	vocabulary	711	zh-Hant	zh-Hant	彩	"[""彡""]"	[]		"[""zh-Hant.frequency.0711"",""zh.radical.kangxi.059""]"	[]	[]	sources/characters.tsv	frequency-order position 711; corpus frequency rank 711; Ministry common-character number 1271	彩: frequency-order position 711; corpus frequency rank 711; 326 appearances (0.02700%); Unihan kRSUnicode 59.8; Kangxi radical 59 彡; Unihan kRSUnicode single radical assignment.	[]	"[""chinese"",""traditional"",""radicals"",""frequency"",""character-to-radical"",""one-way"",""part-4""]"
zh-traditional-radicals-frequency-iv/0712/character-to-radical	IV	vocabulary	712	zh-Hant	zh-Hant	優	"[""人""]"	[]		"[""zh-Hant.frequency.0712"",""zh.radical.kangxi.009""]"	[]	[]	sources/characters.tsv	frequency-order position 712; corpus frequency rank 712; Ministry common-character number 257	優: frequency-order position 712; corpus frequency rank 712; 326 appearances (0.02700%); Unihan kRSUnicode 9.15; Kangxi radical 9 人; Unihan kRSUnicode single radical assignment.	[]	"[""chinese"",""traditional"",""radicals"",""frequency"",""character-to-radical"",""one-way"",""part-4""]"
zh-traditional-radicals-frequency-iv/0713/character-to-radical	IV	vocabulary	713	zh-Hant	zh-Hant	辛	"[""辛""]"	[]		"[""zh-Hant.frequency.0713"",""zh.radical.kangxi.160""]"	[]	[]	sources/characters.tsv	frequency-order position 713; corpus frequency rank 713; Ministry common-character number 4101	辛: frequency-order position 713; corpus frequency rank 713; 325 appearances (0.02692%); Unihan kRSUnicode 160.0; Kangxi radical 160 辛; Unihan kRSUnicode single radical assignment.	[]	"[""chinese"",""traditional"",""radicals"",""frequency"",""character-to-radical"",""one-way"",""part-4""]"
zh-traditional-radicals-frequency-iv/0714/character-to-radical	IV	vocabulary	714	zh-Hant	zh-Hant	喔	"[""口""]"	[]		"[""zh-Hant.frequency.0714"",""zh.radical.kangxi.030""]"	[]	[]	sources/characters.tsv	frequency-order position 714; corpus frequency rank 714; Ministry common-character number 630	喔: frequency-order position 714; corpus frequency rank 714; 322 appearances (0.02667%); Unihan kRSUnicode 30.9; Kangxi radical 30 口; Unihan kRSUnicode single radical assignment.	[]	"[""chinese"",""traditional"",""radicals"",""frequency"",""character-to-radical"",""one-way"",""part-4""]"
zh-traditional-radicals-frequency-iv/0715/character-to-radical	IV	vocabulary	715	zh-Hant	zh-Hant	供	"[""人""]"	[]		"[""zh-Hant.frequency.0716"",""zh.radical.kangxi.009""]"	[]	[]	sources/characters.tsv	frequency-order position 715; corpus frequency rank 716; Ministry common-character number 136	供: frequency-order position 715; corpus frequency rank 716; 320 appearances (0.02651%); Unihan kRSUnicode 9.6; Kangxi radical 9 人; Unihan kRSUnicode single radical assignment.	[]	"[""chinese"",""traditional"",""radicals"",""frequency"",""character-to-radical"",""one-way"",""part-4""]"
zh-traditional-radicals-frequency-iv/0716/character-to-radical	IV	vocabulary	716	zh-Hant	zh-Hant	永	"[""水""]"	[]		"[""zh-Hant.frequency.0717"",""zh.radical.kangxi.085""]"	[]	[]	sources/characters.tsv	frequency-order position 716; corpus frequency rank 717; Ministry common-character number 2125	永: frequency-order position 716; corpus frequency rank 717; 319 appearances (0.02642%); Unihan kRSUnicode 85.1; Kangxi radical 85 水; Unihan kRSUnicode single radical assignment.	[]	"[""chinese"",""traditional"",""radicals"",""frequency"",""character-to-radical"",""one-way"",""part-4""]"
zh-traditional-radicals-frequency-iv/0717/character-to-radical	IV	vocabulary	717	zh-Hant	zh-Hant	田	"[""田""]"	[]		"[""zh-Hant.frequency.0718"",""zh.radical.kangxi.102""]"	[]	[]	sources/characters.tsv	frequency-order position 717; corpus frequency rank 718; Ministry common-character number 2632	田: frequency-order position 717; corpus frequency rank 718; 319 appearances (0.02642%); Unihan kRSUnicode 102.0; Kangxi radical 102 田; Unihan kRSUnicode single radical assignment.	[]	"[""chinese"",""traditional"",""radicals"",""frequency"",""character-to-radical"",""one-way"",""part-4""]"
zh-traditional-radicals-frequency-iv/0718/character-to-radical	IV	vocabulary	718	zh-Hant	zh-Hant	官	"[""宀""]"	[]		"[""zh-Hant.frequency.0719"",""zh.radical.kangxi.040""]"	[]	[]	sources/characters.tsv	frequency-order position 718; corpus frequency rank 719; Ministry common-character number 1015	官: frequency-order position 718; corpus frequency rank 719; 318 appearances (0.02634%); Unihan kRSUnicode 40.5; Kangxi radical 40 宀; Unihan kRSUnicode single radical assignment.	[]	"[""chinese"",""traditional"",""radicals"",""frequency"",""character-to-radical"",""one-way"",""part-4""]"
zh-traditional-radicals-frequency-iv/0719/character-to-radical	IV	vocabulary	719	zh-Hant	zh-Hant	待	"[""彳""]"	[]		"[""zh-Hant.frequency.0720"",""zh.radical.kangxi.060""]"	[]	[]	sources/characters.tsv	frequency-order position 719; corpus frequency rank 720; Ministry common-character number 1283	待: frequency-order position 719; corpus frequency rank 720; 318 appearances (0.02634%); Unihan kRSUnicode 60.6; Kangxi radical 60 彳; Unihan kRSUnicode single radical assignment.	[]	"[""chinese"",""traditional"",""radicals"",""frequency"",""character-to-radical"",""one-way"",""part-4""]"
zh-traditional-radicals-frequency-iv/0720/character-to-radical	IV	vocabulary	720	zh-Hant	zh-Hant	男	"[""田""]"	[]		"[""zh-Hant.frequency.0721"",""zh.radical.kangxi.102""]"	[]	[]	sources/characters.tsv	frequency-order position 720; corpus frequency rank 721; Ministry common-character number 2636	男: frequency-order position 720; corpus frequency rank 721; 317 appearances (0.02626%); Unihan kRSUnicode 102.2; Kangxi radical 102 田; Unihan kRSUnicode single radical assignment.	[]	"[""chinese"",""traditional"",""radicals"",""frequency"",""character-to-radical"",""one-way"",""part-4""]"
zh-traditional-radicals-frequency-iv/0721/character-to-radical	IV	vocabulary	721	zh-Hant	zh-Hant	修	"[""人""]"	[]		"[""zh-Hant.frequency.0722"",""zh.radical.kangxi.009""]"	[]	[]	sources/characters.tsv	frequency-order position 721; corpus frequency rank 722; Ministry common-character number 194	修: frequency-order position 721; corpus frequency rank 722; 317 appearances (0.02626%); Unihan kRSUnicode 9.8; Kangxi radical 9 人; Unihan kRSUnicode single radical assignment.	[]	"[""chinese"",""traditional"",""radicals"",""frequency"",""character-to-radical"",""one-way"",""part-4""]"
zh-traditional-radicals-frequency-iv/0722/character-to-radical	IV	vocabulary	722	zh-Hant	zh-Hant	雙	"[""隹""]"	[]		"[""zh-Hant.frequency.0723"",""zh.radical.kangxi.172""]"	[]	[]	sources/characters.tsv	frequency-order position 722; corpus frequency rank 723; Ministry common-character number 4463	雙: frequency-order position 722; corpus frequency rank 723; 317 appearances (0.02626%); Unihan kRSUnicode 172.10; Kangxi radical 172 隹; Unihan kRSUnicode single radical assignment.	[]	"[""chinese"",""traditional"",""radicals"",""frequency"",""character-to-radical"",""one-way"",""part-4""]"
zh-traditional-radicals-frequency-iv/0723/character-to-radical	IV	vocabulary	723	zh-Hant	zh-Hant	陳	"[""阜""]"	[]		"[""zh-Hant.frequency.0724"",""zh.radical.kangxi.170""]"	[]	[]	sources/characters.tsv	frequency-order position 723; corpus frequency rank 724; Ministry common-character number 4423	陳: frequency-order position 723; corpus frequency rank 724; 316 appearances (0.02618%); Unihan kRSUnicode 170.8; Kangxi radical 170 阜; Unihan kRSUnicode single radical assignment.	[]	"[""chinese"",""traditional"",""radicals"",""frequency"",""character-to-radical"",""one-way"",""part-4""]"
zh-traditional-radicals-frequency-iv/0724/character-to-radical	IV	vocabulary	724	zh-Hant	zh-Hant	測	"[""水""]"	[]		"[""zh-Hant.frequency.0725"",""zh.radical.kangxi.085""]"	[]	[]	sources/characters.tsv	frequency-order position 724; corpus frequency rank 725; Ministry common-character number 2270	測: frequency-order position 724; corpus frequency rank 725; 315 appearances (0.02609%); Unihan kRSUnicode 85.9; Kangxi radical 85 水; Unihan kRSUnicode single radical assignment.	[]	"[""chinese"",""traditional"",""radicals"",""frequency"",""character-to-radical"",""one-way"",""part-4""]"
zh-traditional-radicals-frequency-iv/0725/character-to-radical	IV	vocabulary	725	zh-Hant	zh-Hant	標	"[""木""]"	[]		"[""zh-Hant.frequency.0726"",""zh.radical.kangxi.075""]"	[]	[]	sources/characters.tsv	frequency-order position 725; corpus frequency rank 726; Ministry common-character number 2010	標: frequency-order position 725; corpus frequency rank 726; 315 appearances (0.02609%); Unihan kRSUnicode 75.11; Kangxi radical 75 木; Unihan kRSUnicode single radical assignment.	[]	"[""chinese"",""traditional"",""radicals"",""frequency"",""character-to-radical"",""one-way"",""part-4""]"
zh-traditional-radicals-frequency-iv/0726/character-to-radical	IV	vocabulary	726	zh-Hant	zh-Hant	鼓	"[""鼓""]"	[]		"[""zh-Hant.frequency.0727"",""zh.radical.kangxi.207""]"	[]	[]	sources/characters.tsv	frequency-order position 726; corpus frequency rank 727; Ministry common-character number 4786	鼓: frequency-order position 726; corpus frequency rank 727; 314 appearances (0.02601%); Unihan kRSUnicode 207.0; Kangxi radical 207 鼓; Unihan kRSUnicode single radical assignment.	[]	"[""chinese"",""traditional"",""radicals"",""frequency"",""character-to-radical"",""one-way"",""part-4""]"
zh-traditional-radicals-frequency-iv/0727/character-to-radical	IV	vocabulary	727	zh-Hant	zh-Hant	毛	"[""毛""]"	[]		"[""zh-Hant.frequency.0728"",""zh.radical.kangxi.082""]"	[]	[]	sources/characters.tsv	frequency-order position 727; corpus frequency rank 728; Ministry common-character number 2104	毛: frequency-order position 727; corpus frequency rank 728; 313 appearances (0.02593%); Unihan kRSUnicode 82.0; Kangxi radical 82 毛; Unihan kRSUnicode single radical assignment.	[]	"[""chinese"",""traditional"",""radicals"",""frequency"",""character-to-radical"",""one-way"",""part-4""]"
zh-traditional-radicals-frequency-iv/0728/character-to-radical	IV	vocabulary	728	zh-Hant	zh-Hant	案	"[""木""]"	[]		"[""zh-Hant.frequency.0729"",""zh.radical.kangxi.075""]"	[]	[]	sources/characters.tsv	frequency-order position 728; corpus frequency rank 729; Ministry common-character number 1912	案: frequency-order position 728; corpus frequency rank 729; 313 appearances (0.02593%); Unihan kRSUnicode 75.6; Kangxi radical 75 木; Unihan kRSUnicode single radical assignment.	[]	"[""chinese"",""traditional"",""radicals"",""frequency"",""character-to-radical"",""one-way"",""part-4""]"
zh-traditional-radicals-frequency-iv/0729/character-to-radical	IV	vocabulary	729	zh-Hant	zh-Hant	飯	"[""食""]"	[]		"[""zh-Hant.frequency.0730"",""zh.radical.kangxi.184""]"	[]	[]	sources/characters.tsv	frequency-order position 729; corpus frequency rank 730; Ministry common-character number 4585	飯: frequency-order position 729; corpus frequency rank 730; 313 appearances (0.02593%); Unihan kRSUnicode 184.4; Kangxi radical 184 食; Unihan kRSUnicode single radical assignment.	[]	"[""chinese"",""traditional"",""radicals"",""frequency"",""character-to-radical"",""one-way"",""part-4""]"
zh-traditional-radicals-frequency-iv/0730/character-to-radical	IV	vocabulary	730	zh-Hant	zh-Hant	針	"[""金""]"	[]		"[""zh-Hant.frequency.0731"",""zh.radical.kangxi.167""]"	[]	[]	sources/characters.tsv	frequency-order position 730; corpus frequency rank 731; Ministry common-character number 4263	針: frequency-order position 730; corpus frequency rank 731; 311 appearances (0.02576%); Unihan kRSUnicode 167.2; Kangxi radical 167 金; Unihan kRSUnicode single radical assignment.	[]	"[""chinese"",""traditional"",""radicals"",""frequency"",""character-to-radical"",""one-way"",""part-4""]"
zh-traditional-radicals-frequency-iv/0731/character-to-radical	IV	vocabulary	731	zh-Hant	zh-Hant	旅	"[""方""]"	[]		"[""zh-Hant.frequency.0732"",""zh.radical.kangxi.070""]"	[]	[]	sources/characters.tsv	frequency-order position 731; corpus frequency rank 732; Ministry common-character number 1763	旅: frequency-order position 731; corpus frequency rank 732; 311 appearances (0.02576%); Unihan kRSUnicode 70.6; Kangxi radical 70 方; Unihan kRSUnicode single radical assignment.	[]	"[""chinese"",""traditional"",""radicals"",""frequency"",""character-to-radical"",""one-way"",""part-4""]"
zh-traditional-radicals-frequency-iv/0732/character-to-radical	IV	vocabulary	732	zh-Hant	zh-Hant	含	"[""口""]"	[]		"[""zh-Hant.frequency.0733"",""zh.radical.kangxi.030""]"	[]	[]	sources/characters.tsv	frequency-order position 732; corpus frequency rank 733; Ministry common-character number 539	含: frequency-order position 732; corpus frequency rank 733; 310 appearances (0.02568%); Unihan kRSUnicode 30.4; Kangxi radical 30 口; Unihan kRSUnicode single radical assignment.	[]	"[""chinese"",""traditional"",""radicals"",""frequency"",""character-to-radical"",""one-way"",""part-4""]"
zh-traditional-radicals-frequency-iv/0733/character-to-radical	IV	vocabulary	733	zh-Hant	zh-Hant	竟	"[""立""]"	[]		"[""zh-Hant.frequency.0734"",""zh.radical.kangxi.117""]"	[]	[]	sources/characters.tsv	frequency-order position 733; corpus frequency rank 734; Ministry common-character number 4532	竟: frequency-order position 733; corpus frequency rank 734; 310 appearances (0.02568%); Unihan kRSUnicode 180.2 117.6; Kangxi radical 117 立; Traditional dictionary radical 立 selected from Unihan alternatives 180.2 and 117.6.	[]	"[""chinese"",""traditional"",""radicals"",""frequency"",""character-to-radical"",""one-way"",""part-4""]"
zh-traditional-radicals-frequency-iv/0734/character-to-radical	IV	vocabulary	734	zh-Hant	zh-Hant	領	"[""頁""]"	[]		"[""zh-Hant.frequency.0735"",""zh.radical.kangxi.181""]"	[]	[]	sources/characters.tsv	frequency-order position 734; corpus frequency rank 735; Ministry common-character number 4549	領: frequency-order position 734; corpus frequency rank 735; 310 appearances (0.02568%); Unihan kRSUnicode 181.5; Kangxi radical 181 頁; Unihan kRSUnicode single radical assignment.	[]	"[""chinese"",""traditional"",""radicals"",""frequency"",""character-to-radical"",""one-way"",""part-4""]"
zh-traditional-radicals-frequency-iv/0735/character-to-radical	IV	vocabulary	735	zh-Hant	zh-Hant	顆	"[""頁""]"	[]		"[""zh-Hant.frequency.0736"",""zh.radical.kangxi.181""]"	[]	[]	sources/characters.tsv	frequency-order position 735; corpus frequency rank 736; Ministry common-character number 4558	顆: frequency-order position 735; corpus frequency rank 736; 310 appearances (0.02568%); Unihan kRSUnicode 181.8; Kangxi radical 181 頁; Unihan kRSUnicode single radical assignment.	[]	"[""chinese"",""traditional"",""radicals"",""frequency"",""character-to-radical"",""one-way"",""part-4""]"
zh-traditional-radicals-frequency-iv/0736/character-to-radical	IV	vocabulary	736	zh-Hant	zh-Hant	研	"[""石""]"	[]		"[""zh-Hant.frequency.0737"",""zh.radical.kangxi.112""]"	[]	[]	sources/characters.tsv	frequency-order position 736; corpus frequency rank 737; Ministry common-character number 2826	研: frequency-order position 736; corpus frequency rank 737; 308 appearances (0.02551%); Unihan kRSUnicode 112.4; Kangxi radical 112 石; Unihan kRSUnicode single radical assignment.	[]	"[""chinese"",""traditional"",""radicals"",""frequency"",""character-to-radical"",""one-way"",""part-4""]"
zh-traditional-radicals-frequency-iv/0737/character-to-radical	IV	vocabulary	737	zh-Hant	zh-Hant	屬	"[""尸""]"	[]		"[""zh-Hant.frequency.0738"",""zh.radical.kangxi.044""]"	[]	[]	sources/characters.tsv	frequency-order position 737; corpus frequency rank 738; Ministry common-character number 1098	屬: frequency-order position 737; corpus frequency rank 738; 308 appearances (0.02551%); Unihan kRSUnicode 44.18; Kangxi radical 44 尸; Unihan kRSUnicode single radical assignment.	[]	"[""chinese"",""traditional"",""radicals"",""frequency"",""character-to-radical"",""one-way"",""part-4""]"
zh-traditional-radicals-frequency-iv/0738/character-to-radical	IV	vocabulary	738	zh-Hant	zh-Hant	材	"[""木""]"	[]		"[""zh-Hant.frequency.0739"",""zh.radical.kangxi.075""]"	[]	[]	sources/characters.tsv	frequency-order position 738; corpus frequency rank 739; Ministry common-character number 1866	材: frequency-order position 738; corpus frequency rank 739; 307 appearances (0.02543%); Unihan kRSUnicode 75.3; Kangxi radical 75 木; Unihan kRSUnicode single radical assignment.	[]	"[""chinese"",""traditional"",""radicals"",""frequency"",""character-to-radical"",""one-way"",""part-4""]"
zh-traditional-radicals-frequency-iv/0739/character-to-radical	IV	vocabulary	739	zh-Hant	zh-Hant	拜	"[""手""]"	[]		"[""zh-Hant.frequency.0740"",""zh.radical.kangxi.064""]"	[]	[]	sources/characters.tsv	frequency-order position 739; corpus frequency rank 740; Ministry common-character number 1553	拜: frequency-order position 739; corpus frequency rank 740; 307 appearances (0.02543%); Unihan kRSUnicode 64.5; Kangxi radical 64 手; Unihan kRSUnicode single radical assignment.	[]	"[""chinese"",""traditional"",""radicals"",""frequency"",""character-to-radical"",""one-way"",""part-4""]"
zh-traditional-radicals-frequency-iv/0740/character-to-radical	IV	vocabulary	740	zh-Hant	zh-Hant	適	"[""辵""]"	[]		"[""zh-Hant.frequency.0741"",""zh.radical.kangxi.162""]"	[]	[]	sources/characters.tsv	frequency-order position 740; corpus frequency rank 741; Ministry common-character number 4178	適: frequency-order position 740; corpus frequency rank 741; 307 appearances (0.02543%); Unihan kRSUnicode 162.11; Kangxi radical 162 辵; Unihan kRSUnicode single radical assignment.	[]	"[""chinese"",""traditional"",""radicals"",""frequency"",""character-to-radical"",""one-way"",""part-4""]"
zh-traditional-radicals-frequency-iv/0741/character-to-radical	IV	vocabulary	741	zh-Hant	zh-Hant	善	"[""口""]"	[]		"[""zh-Hant.frequency.0742"",""zh.radical.kangxi.030""]"	[]	[]	sources/characters.tsv	frequency-order position 741; corpus frequency rank 742; Ministry common-character number 3222	善: frequency-order position 741; corpus frequency rank 742; 306 appearances (0.02535%); Unihan kRSUnicode 30.9; Kangxi radical 30 口; Unihan kRSUnicode single radical assignment.	[]	"[""chinese"",""traditional"",""radicals"",""frequency"",""character-to-radical"",""one-way"",""part-4""]"
zh-traditional-radicals-frequency-iv/0742/character-to-radical	IV	vocabulary	742	zh-Hant	zh-Hant	枝	"[""木""]"	[]		"[""zh-Hant.frequency.0743"",""zh.radical.kangxi.075""]"	[]	[]	sources/characters.tsv	frequency-order position 742; corpus frequency rank 743; Ministry common-character number 1880	枝: frequency-order position 742; corpus frequency rank 743; 304 appearances (0.02518%); Unihan kRSUnicode 75.4; Kangxi radical 75 木; Unihan kRSUnicode single radical assignment.	[]	"[""chinese"",""traditional"",""radicals"",""frequency"",""character-to-radical"",""one-way"",""part-4""]"
zh-traditional-radicals-frequency-iv/0743/character-to-radical	IV	vocabulary	743	zh-Hant	zh-Hant	增	"[""土""]"	[]		"[""zh-Hant.frequency.0744"",""zh.radical.kangxi.032""]"	[]	[]	sources/characters.tsv	frequency-order position 743; corpus frequency rank 744; Ministry common-character number 813	增: frequency-order position 743; corpus frequency rank 744; 304 appearances (0.02518%); Unihan kRSUnicode 32.12; Kangxi radical 32 土; Unihan kRSUnicode single radical assignment.	[]	"[""chinese"",""traditional"",""radicals"",""frequency"",""character-to-radical"",""one-way"",""part-4""]"
zh-traditional-radicals-frequency-iv/0744/character-to-radical	IV	vocabulary	744	zh-Hant	zh-Hant	頁	"[""頁""]"	[]		"[""zh-Hant.frequency.0745"",""zh.radical.kangxi.181""]"	[]	[]	sources/characters.tsv	frequency-order position 744; corpus frequency rank 745; Ministry common-character number 4536	頁: frequency-order position 744; corpus frequency rank 745; 303 appearances (0.02510%); Unihan kRSUnicode 181.0; Kangxi radical 181 頁; Unihan kRSUnicode single radical assignment.	[]	"[""chinese"",""traditional"",""radicals"",""frequency"",""character-to-radical"",""one-way"",""part-4""]"
zh-traditional-radicals-frequency-iv/0745/character-to-radical	IV	vocabulary	745	zh-Hant	zh-Hant	眾	"[""目""]"	[]		"[""zh-Hant.frequency.0746"",""zh.radical.kangxi.109""]"	[]	[]	sources/characters.tsv	frequency-order position 745; corpus frequency rank 746; Ministry common-character number 2772	眾: frequency-order position 745; corpus frequency rank 746; 302 appearances (0.02502%); Unihan kRSUnicode 109.6; Kangxi radical 109 目; Unihan kRSUnicode single radical assignment.	[]	"[""chinese"",""traditional"",""radicals"",""frequency"",""character-to-radical"",""one-way"",""part-4""]"
zh-traditional-radicals-frequency-iv/0746/character-to-radical	IV	vocabulary	746	zh-Hant	zh-Hant	睛	"[""目""]"	[]		"[""zh-Hant.frequency.0747"",""zh.radical.kangxi.109""]"	[]	[]	sources/characters.tsv	frequency-order position 746; corpus frequency rank 747; Ministry common-character number 2778	睛: frequency-order position 746; corpus frequency rank 747; 302 appearances (0.02502%); Unihan kRSUnicode 109.8; Kangxi radical 109 目; Unihan kRSUnicode single radical assignment.	[]	"[""chinese"",""traditional"",""radicals"",""frequency"",""character-to-radical"",""one-way"",""part-4""]"
zh-traditional-radicals-frequency-iv/0747/character-to-radical	IV	vocabulary	747	zh-Hant	zh-Hant	岩	"[""山""]"	[]		"[""zh-Hant.frequency.0748"",""zh.radical.kangxi.046""]"	[]	[]	sources/characters.tsv	frequency-order position 747; corpus frequency rank 748; Ministry common-character number 1109	岩: frequency-order position 747; corpus frequency rank 748; 301 appearances (0.02493%); Unihan kRSUnicode 46.5; Kangxi radical 46 山; Unihan kRSUnicode single radical assignment.	[]	"[""chinese"",""traditional"",""radicals"",""frequency"",""character-to-radical"",""one-way"",""part-4""]"
zh-traditional-radicals-frequency-iv/0748/character-to-radical	IV	vocabulary	748	zh-Hant	zh-Hant	密	"[""宀""]"	[]		"[""zh-Hant.frequency.0749"",""zh.radical.kangxi.040""]"	[]	[]	sources/characters.tsv	frequency-order position 748; corpus frequency rank 749; Ministry common-character number 1037	密: frequency-order position 748; corpus frequency rank 749; 301 appearances (0.02493%); Unihan kRSUnicode 40.8; Kangxi radical 40 宀; Unihan kRSUnicode single radical assignment.	[]	"[""chinese"",""traditional"",""radicals"",""frequency"",""character-to-radical"",""one-way"",""part-4""]"
zh-traditional-radicals-frequency-iv/0749/character-to-radical	IV	vocabulary	749	zh-Hant	zh-Hant	醫	"[""酉""]"	[]		"[""zh-Hant.frequency.0750"",""zh.radical.kangxi.164""]"	[]	[]	sources/characters.tsv	frequency-order position 749; corpus frequency rank 750; Ministry common-character number 4248	醫: frequency-order position 749; corpus frequency rank 750; 301 appearances (0.02493%); Unihan kRSUnicode 164.11; Kangxi radical 164 酉; Unihan kRSUnicode single radical assignment.	[]	"[""chinese"",""traditional"",""radicals"",""frequency"",""character-to-radical"",""one-way"",""part-4""]"
zh-traditional-radicals-frequency-iv/0750/character-to-radical	IV	vocabulary	750	zh-Hant	zh-Hant	趣	"[""走""]"	[]		"[""zh-Hant.frequency.0751"",""zh.radical.kangxi.156""]"	[]	[]	sources/characters.tsv	frequency-order position 750; corpus frequency rank 751; Ministry common-character number 3999	趣: frequency-order position 750; corpus frequency rank 751; 299 appearances (0.02477%); Unihan kRSUnicode 156.8; Kangxi radical 156 走; Unihan kRSUnicode single radical assignment.	[]	"[""chinese"",""traditional"",""radicals"",""frequency"",""character-to-radical"",""one-way"",""part-4""]"
zh-traditional-radicals-frequency-iv/0751/character-to-radical	IV	vocabulary	751	zh-Hant	zh-Hant	姑	"[""女""]"	[]		"[""zh-Hant.frequency.0752"",""zh.radical.kangxi.038""]"	[]	[]	sources/characters.tsv	frequency-order position 751; corpus frequency rank 752; Ministry common-character number 904	姑: frequency-order position 751; corpus frequency rank 752; 298 appearances (0.02468%); Unihan kRSUnicode 38.5; Kangxi radical 38 女; Unihan kRSUnicode single radical assignment.	[]	"[""chinese"",""traditional"",""radicals"",""frequency"",""character-to-radical"",""one-way"",""part-4""]"
zh-traditional-radicals-frequency-iv/0752/character-to-radical	IV	vocabulary	752	zh-Hant	zh-Hant	附	"[""阜""]"	[]		"[""zh-Hant.frequency.0753"",""zh.radical.kangxi.170""]"	[]	[]	sources/characters.tsv	frequency-order position 752; corpus frequency rank 753; Ministry common-character number 4410	附: frequency-order position 752; corpus frequency rank 753; 298 appearances (0.02468%); Unihan kRSUnicode 170.5; Kangxi radical 170 阜; Unihan kRSUnicode single radical assignment.	[]	"[""chinese"",""traditional"",""radicals"",""frequency"",""character-to-radical"",""one-way"",""part-4""]"
zh-traditional-radicals-frequency-iv/0753/character-to-radical	IV	vocabulary	753	zh-Hant	zh-Hant	劇	"[""刀""]"	[]		"[""zh-Hant.frequency.0754"",""zh.radical.kangxi.018""]"	[]	[]	sources/characters.tsv	frequency-order position 753; corpus frequency rank 754; Ministry common-character number 374	劇: frequency-order position 753; corpus frequency rank 754; 298 appearances (0.02468%); Unihan kRSUnicode 18.13; Kangxi radical 18 刀; Unihan kRSUnicode single radical assignment.	[]	"[""chinese"",""traditional"",""radicals"",""frequency"",""character-to-radical"",""one-way"",""part-4""]"
zh-traditional-radicals-frequency-iv/0754/character-to-radical	IV	vocabulary	754	zh-Hant	zh-Hant	盤	"[""皿""]"	[]		"[""zh-Hant.frequency.0755"",""zh.radical.kangxi.108""]"	[]	[]	sources/characters.tsv	frequency-order position 754; corpus frequency rank 755; Ministry common-character number 2752	盤: frequency-order position 754; corpus frequency rank 755; 298 appearances (0.02468%); Unihan kRSUnicode 108.10; Kangxi radical 108 皿; Unihan kRSUnicode single radical assignment.	[]	"[""chinese"",""traditional"",""radicals"",""frequency"",""character-to-radical"",""one-way"",""part-4""]"
zh-traditional-radicals-frequency-iv/0755/character-to-radical	IV	vocabulary	755	zh-Hant	zh-Hant	治	"[""水""]"	[]		"[""zh-Hant.frequency.0756"",""zh.radical.kangxi.085""]"	[]	[]	sources/characters.tsv	frequency-order position 755; corpus frequency rank 756; Ministry common-character number 2179	治: frequency-order position 755; corpus frequency rank 756; 297 appearances (0.02460%); Unihan kRSUnicode 85.5; Kangxi radical 85 水; Unihan kRSUnicode single radical assignment.	[]	"[""chinese"",""traditional"",""radicals"",""frequency"",""character-to-radical"",""one-way"",""part-4""]"
zh-traditional-radicals-frequency-iv/0756/character-to-radical	IV	vocabulary	756	zh-Hant	zh-Hant	乾	"[""乙""]"	[]		"[""zh-Hant.frequency.0757"",""zh.radical.kangxi.005""]"	[]	[]	sources/characters.tsv	frequency-order position 756; corpus frequency rank 757; Ministry common-character number 44	乾: frequency-order position 756; corpus frequency rank 757; 297 appearances (0.02460%); Unihan kRSUnicode 5.10; Kangxi radical 5 乙; Unihan kRSUnicode single radical assignment.	[]	"[""chinese"",""traditional"",""radicals"",""frequency"",""character-to-radical"",""one-way"",""part-4""]"
zh-traditional-radicals-frequency-iv/0757/character-to-radical	IV	vocabulary	757	zh-Hant	zh-Hant	項	"[""頁""]"	[]		"[""zh-Hant.frequency.0758"",""zh.radical.kangxi.181""]"	[]	[]	sources/characters.tsv	frequency-order position 757; corpus frequency rank 758; Ministry common-character number 4539	項: frequency-order position 757; corpus frequency rank 758; 297 appearances (0.02460%); Unihan kRSUnicode 181.3; Kangxi radical 181 頁; Unihan kRSUnicode single radical assignment.	[]	"[""chinese"",""traditional"",""radicals"",""frequency"",""character-to-radical"",""one-way"",""part-4""]"
zh-traditional-radicals-frequency-iv/0758/character-to-radical	IV	vocabulary	758	zh-Hant	zh-Hant	確	"[""石""]"	[]		"[""zh-Hant.frequency.0759"",""zh.radical.kangxi.112""]"	[]	[]	sources/characters.tsv	frequency-order position 758; corpus frequency rank 759; Ministry common-character number 2857	確: frequency-order position 758; corpus frequency rank 759; 297 appearances (0.02460%); Unihan kRSUnicode 112.10; Kangxi radical 112 石; Unihan kRSUnicode single radical assignment.	[]	"[""chinese"",""traditional"",""radicals"",""frequency"",""character-to-radical"",""one-way"",""part-4""]"
zh-traditional-radicals-frequency-iv/0759/character-to-radical	IV	vocabulary	759	zh-Hant	zh-Hant	村	"[""木""]"	[]		"[""zh-Hant.frequency.0760"",""zh.radical.kangxi.075""]"	[]	[]	sources/characters.tsv	frequency-order position 759; corpus frequency rank 760; Ministry common-character number 1867	村: frequency-order position 759; corpus frequency rank 760; 296 appearances (0.02452%); Unihan kRSUnicode 75.3; Kangxi radical 75 木; Unihan kRSUnicode single radical assignment.	[]	"[""chinese"",""traditional"",""radicals"",""frequency"",""character-to-radical"",""one-way"",""part-4""]"
zh-traditional-radicals-frequency-iv/0760/character-to-radical	IV	vocabulary	760	zh-Hant	zh-Hant	武	"[""止""]"	[]		"[""zh-Hant.frequency.0761"",""zh.radical.kangxi.077""]"	[]	[]	sources/characters.tsv	frequency-order position 760; corpus frequency rank 761; Ministry common-character number 2070	武: frequency-order position 760; corpus frequency rank 761; 296 appearances (0.02452%); Unihan kRSUnicode 77.4; Kangxi radical 77 止; Unihan kRSUnicode single radical assignment.	[]	"[""chinese"",""traditional"",""radicals"",""frequency"",""character-to-radical"",""one-way"",""part-4""]"
zh-traditional-radicals-frequency-iv/0761/character-to-radical	IV	vocabulary	761	zh-Hant	zh-Hant	波	"[""水""]"	[]		"[""zh-Hant.frequency.0762"",""zh.radical.kangxi.085""]"	[]	[]	sources/characters.tsv	frequency-order position 761; corpus frequency rank 762; Ministry common-character number 2166	波: frequency-order position 761; corpus frequency rank 762; 296 appearances (0.02452%); Unihan kRSUnicode 85.5; Kangxi radical 85 水; Unihan kRSUnicode single radical assignment.	[]	"[""chinese"",""traditional"",""radicals"",""frequency"",""character-to-radical"",""one-way"",""part-4""]"
zh-traditional-radicals-frequency-iv/0762/character-to-radical	IV	vocabulary	762	zh-Hant	zh-Hant	救	"[""攴""]"	[]		"[""zh-Hant.frequency.0763"",""zh.radical.kangxi.066""]"	[]	[]	sources/characters.tsv	frequency-order position 762; corpus frequency rank 763; Ministry common-character number 1725	救: frequency-order position 762; corpus frequency rank 763; 296 appearances (0.02452%); Unihan kRSUnicode 66.7; Kangxi radical 66 攴; Unihan kRSUnicode single radical assignment.	[]	"[""chinese"",""traditional"",""radicals"",""frequency"",""character-to-radical"",""one-way"",""part-4""]"
zh-traditional-radicals-frequency-iv/0763/character-to-radical	IV	vocabulary	763	zh-Hant	zh-Hant	省	"[""目""]"	[]		"[""zh-Hant.frequency.0764"",""zh.radical.kangxi.109""]"	[]	[]	sources/characters.tsv	frequency-order position 763; corpus frequency rank 764; Ministry common-character number 2760	省: frequency-order position 763; corpus frequency rank 764; 295 appearances (0.02444%); Unihan kRSUnicode 109.4; Kangxi radical 109 目; Unihan kRSUnicode single radical assignment.	[]	"[""chinese"",""traditional"",""radicals"",""frequency"",""character-to-radical"",""one-way"",""part-4""]"
zh-traditional-radicals-frequency-iv/0764/character-to-radical	IV	vocabulary	764	zh-Hant	zh-Hant	專	"[""寸""]"	[]		"[""zh-Hant.frequency.0765"",""zh.radical.kangxi.041""]"	[]	[]	sources/characters.tsv	frequency-order position 764; corpus frequency rank 765; Ministry common-character number 1062	專: frequency-order position 764; corpus frequency rank 765; 295 appearances (0.02444%); Unihan kRSUnicode 41.8; Kangxi radical 41 寸; Unihan kRSUnicode single radical assignment.	[]	"[""chinese"",""traditional"",""radicals"",""frequency"",""character-to-radical"",""one-way"",""part-4""]"
zh-traditional-radicals-frequency-iv/0765/character-to-radical	IV	vocabulary	765	zh-Hant	zh-Hant	顧	"[""頁""]"	[]		"[""zh-Hant.frequency.0766"",""zh.radical.kangxi.181""]"	[]	[]	sources/characters.tsv	frequency-order position 765; corpus frequency rank 766; Ministry common-character number 4567	顧: frequency-order position 765; corpus frequency rank 766; 295 appearances (0.02444%); Unihan kRSUnicode 181.12; Kangxi radical 181 頁; Unihan kRSUnicode single radical assignment.	[]	"[""chinese"",""traditional"",""radicals"",""frequency"",""character-to-radical"",""one-way"",""part-4""]"
zh-traditional-radicals-frequency-iv/0766/character-to-radical	IV	vocabulary	766	zh-Hant	zh-Hant	印	"[""卩""]"	[]		"[""zh-Hant.frequency.0767"",""zh.radical.kangxi.026""]"	[]	[]	sources/characters.tsv	frequency-order position 766; corpus frequency rank 767; Ministry common-character number 450	印: frequency-order position 766; corpus frequency rank 767; 293 appearances (0.02427%); Unihan kRSUnicode 26.4; Kangxi radical 26 卩; Unihan kRSUnicode single radical assignment.	[]	"[""chinese"",""traditional"",""radicals"",""frequency"",""character-to-radical"",""one-way"",""part-4""]"
zh-traditional-radicals-frequency-iv/0767/character-to-radical	IV	vocabulary	767	zh-Hant	zh-Hant	摩	"[""手""]"	[]		"[""zh-Hant.frequency.0768"",""zh.radical.kangxi.064""]"	[]	[]	sources/characters.tsv	frequency-order position 767; corpus frequency rank 768; Ministry common-character number 1658	摩: frequency-order position 767; corpus frequency rank 768; 293 appearances (0.02427%); Unihan kRSUnicode 64.11; Kangxi radical 64 手; Unihan kRSUnicode single radical assignment.	[]	"[""chinese"",""traditional"",""radicals"",""frequency"",""character-to-radical"",""one-way"",""part-4""]"
zh-traditional-radicals-frequency-iv/0768/character-to-radical	IV	vocabulary	768	zh-Hant	zh-Hant	寒	"[""宀""]"	[]		"[""zh-Hant.frequency.0769"",""zh.radical.kangxi.040""]"	[]	[]	sources/characters.tsv	frequency-order position 768; corpus frequency rank 769; Ministry common-character number 1038	寒: frequency-order position 768; corpus frequency rank 769; 292 appearances (0.02419%); Unihan kRSUnicode 40.9; Kangxi radical 40 宀; Unihan kRSUnicode single radical assignment.	[]	"[""chinese"",""traditional"",""radicals"",""frequency"",""character-to-radical"",""one-way"",""part-4""]"
zh-traditional-radicals-frequency-iv/0769/character-to-radical	IV	vocabulary	769	zh-Hant	zh-Hant	藍	"[""艸""]"	[]		"[""zh-Hant.frequency.0770"",""zh.radical.kangxi.140""]"	[]	[]	sources/characters.tsv	frequency-order position 769; corpus frequency rank 770; Ministry common-character number 3581	藍: frequency-order position 769; corpus frequency rank 770; 290 appearances (0.02402%); Unihan kRSUnicode 140.14; Kangxi radical 140 艸; Unihan kRSUnicode single radical assignment.	[]	"[""chinese"",""traditional"",""radicals"",""frequency"",""character-to-radical"",""one-way"",""part-4""]"
zh-traditional-radicals-frequency-iv/0770/character-to-radical	IV	vocabulary	770	zh-Hant	zh-Hant	雞	"[""隹""]"	[]		"[""zh-Hant.frequency.0771"",""zh.radical.kangxi.172""]"	[]	[]	sources/characters.tsv	frequency-order position 770; corpus frequency rank 771; Ministry common-character number 4465	雞: frequency-order position 770; corpus frequency rank 771; 290 appearances (0.02402%); Unihan kRSUnicode 172.10; Kangxi radical 172 隹; Unihan kRSUnicode single radical assignment.	[]	"[""chinese"",""traditional"",""radicals"",""frequency"",""character-to-radical"",""one-way"",""part-4""]"
zh-traditional-radicals-frequency-iv/0771/character-to-radical	IV	vocabulary	771	zh-Hant	zh-Hant	屋	"[""尸""]"	[]		"[""zh-Hant.frequency.0772"",""zh.radical.kangxi.044""]"	[]	[]	sources/characters.tsv	frequency-order position 771; corpus frequency rank 772; Ministry common-character number 1089	屋: frequency-order position 771; corpus frequency rank 772; 289 appearances (0.02394%); Unihan kRSUnicode 44.6; Kangxi radical 44 尸; Unihan kRSUnicode single radical assignment.	[]	"[""chinese"",""traditional"",""radicals"",""frequency"",""character-to-radical"",""one-way"",""part-4""]"
zh-traditional-radicals-frequency-iv/0772/character-to-radical	IV	vocabulary	772	zh-Hant	zh-Hant	嘴	"[""口""]"	[]		"[""zh-Hant.frequency.0773"",""zh.radical.kangxi.030""]"	[]	[]	sources/characters.tsv	frequency-order position 772; corpus frequency rank 773; Ministry common-character number 694	嘴: frequency-order position 772; corpus frequency rank 773; 289 appearances (0.02394%); Unihan kRSUnicode 30.12; Kangxi radical 30 口; Unihan kRSUnicode single radical assignment.	[]	"[""chinese"",""traditional"",""radicals"",""frequency"",""character-to-radical"",""one-way"",""part-4""]"
zh-traditional-radicals-frequency-iv/0773/character-to-radical	IV	vocabulary	773	zh-Hant	zh-Hant	未	"[""木""]"	[]		"[""zh-Hant.frequency.0774"",""zh.radical.kangxi.075""]"	[]	[]	sources/characters.tsv	frequency-order position 773; corpus frequency rank 774; Ministry common-character number 1856	未: frequency-order position 773; corpus frequency rank 774; 288 appearances (0.02386%); Unihan kRSUnicode 75.1; Kangxi radical 75 木; Unihan kRSUnicode single radical assignment.	[]	"[""chinese"",""traditional"",""radicals"",""frequency"",""character-to-radical"",""one-way"",""part-4""]"
zh-traditional-radicals-frequency-iv/0774/character-to-radical	IV	vocabulary	774	zh-Hant	zh-Hant	模	"[""木""]"	[]		"[""zh-Hant.frequency.0775"",""zh.radical.kangxi.075""]"	[]	[]	sources/characters.tsv	frequency-order position 774; corpus frequency rank 775; Ministry common-character number 2012	模: frequency-order position 774; corpus frequency rank 775; 288 appearances (0.02386%); Unihan kRSUnicode 75.11; Kangxi radical 75 木; Unihan kRSUnicode single radical assignment.	[]	"[""chinese"",""traditional"",""radicals"",""frequency"",""character-to-radical"",""one-way"",""part-4""]"
zh-traditional-radicals-frequency-iv/0775/character-to-radical	IV	vocabulary	775	zh-Hant	zh-Hant	技	"[""手""]"	[]		"[""zh-Hant.frequency.0776"",""zh.radical.kangxi.064""]"	[]	[]	sources/characters.tsv	frequency-order position 775; corpus frequency rank 776; Ministry common-character number 1507	技: frequency-order position 775; corpus frequency rank 776; 287 appearances (0.02377%); Unihan kRSUnicode 64.4; Kangxi radical 64 手; Unihan kRSUnicode single radical assignment.	[]	"[""chinese"",""traditional"",""radicals"",""frequency"",""character-to-radical"",""one-way"",""part-4""]"
zh-traditional-radicals-frequency-iv/0776/character-to-radical	IV	vocabulary	776	zh-Hant	zh-Hant	鼠	"[""鼠""]"	[]		"[""zh-Hant.frequency.0777"",""zh.radical.kangxi.208""]"	[]	[]	sources/characters.tsv	frequency-order position 776; corpus frequency rank 777; Ministry common-character number 4789	鼠: frequency-order position 776; corpus frequency rank 777; 287 appearances (0.02377%); Unihan kRSUnicode 208.0; Kangxi radical 208 鼠; Unihan kRSUnicode single radical assignment.	[]	"[""chinese"",""traditional"",""radicals"",""frequency"",""character-to-radical"",""one-way"",""part-4""]"
zh-traditional-radicals-frequency-iv/0777/character-to-radical	IV	vocabulary	777	zh-Hant	zh-Hant	血	"[""血""]"	[]		"[""zh-Hant.frequency.0778"",""zh.radical.kangxi.143""]"	[]	[]	sources/characters.tsv	frequency-order position 777; corpus frequency rank 778; Ministry common-character number 3698	血: frequency-order position 777; corpus frequency rank 778; 286 appearances (0.02369%); Unihan kRSUnicode 143.0; Kangxi radical 143 血; Unihan kRSUnicode single radical assignment.	[]	"[""chinese"",""traditional"",""radicals"",""frequency"",""character-to-radical"",""one-way"",""part-4""]"
zh-traditional-radicals-frequency-iv/0778/character-to-radical	IV	vocabulary	778	zh-Hant	zh-Hant	休	"[""人""]"	[]		"[""zh-Hant.frequency.0779"",""zh.radical.kangxi.009""]"	[]	[]	sources/characters.tsv	frequency-order position 778; corpus frequency rank 779; Ministry common-character number 95	休: frequency-order position 778; corpus frequency rank 779; 284 appearances (0.02352%); Unihan kRSUnicode 9.4; Kangxi radical 9 人; Unihan kRSUnicode single radical assignment.	[]	"[""chinese"",""traditional"",""radicals"",""frequency"",""character-to-radical"",""one-way"",""part-4""]"
zh-traditional-radicals-frequency-iv/0779/character-to-radical	IV	vocabulary	779	zh-Hant	zh-Hant	射	"[""寸""]"	[]		"[""zh-Hant.frequency.0780"",""zh.radical.kangxi.041""]"	[]	[]	sources/characters.tsv	frequency-order position 779; corpus frequency rank 780; Ministry common-character number 1060	射: frequency-order position 779; corpus frequency rank 780; 284 appearances (0.02352%); Unihan kRSUnicode 41.7; Kangxi radical 41 寸; Unihan kRSUnicode single radical assignment.	[]	"[""chinese"",""traditional"",""radicals"",""frequency"",""character-to-radical"",""one-way"",""part-4""]"
zh-traditional-radicals-frequency-iv/0780/character-to-radical	IV	vocabulary	780	zh-Hant	zh-Hant	喝	"[""口""]"	[]		"[""zh-Hant.frequency.0781"",""zh.radical.kangxi.030""]"	[]	[]	sources/characters.tsv	frequency-order position 780; corpus frequency rank 781; Ministry common-character number 625	喝: frequency-order position 780; corpus frequency rank 781; 283 appearances (0.02344%); Unihan kRSUnicode 30.9; Kangxi radical 30 口; Unihan kRSUnicode single radical assignment.	[]	"[""chinese"",""traditional"",""radicals"",""frequency"",""character-to-radical"",""one-way"",""part-4""]"
zh-traditional-radicals-frequency-iv/0781/character-to-radical	IV	vocabulary	781	zh-Hant	zh-Hant	陸	"[""阜""]"	[]		"[""zh-Hant.frequency.0782"",""zh.radical.kangxi.170""]"	[]	[]	sources/characters.tsv	frequency-order position 781; corpus frequency rank 782; Ministry common-character number 4424	陸: frequency-order position 781; corpus frequency rank 782; 283 appearances (0.02344%); Unihan kRSUnicode 170.8; Kangxi radical 170 阜; Unihan kRSUnicode single radical assignment.	[]	"[""chinese"",""traditional"",""radicals"",""frequency"",""character-to-radical"",""one-way"",""part-4""]"
zh-traditional-radicals-frequency-iv/0782/character-to-radical	IV	vocabulary	782	zh-Hant	zh-Hant	鐘	"[""金""]"	[]		"[""zh-Hant.frequency.0783"",""zh.radical.kangxi.167""]"	[]	[]	sources/characters.tsv	frequency-order position 782; corpus frequency rank 783; Ministry common-character number 4349	鐘: frequency-order position 782; corpus frequency rank 783; 283 appearances (0.02344%); Unihan kRSUnicode 167.12; Kangxi radical 167 金; Unihan kRSUnicode single radical assignment.	[]	"[""chinese"",""traditional"",""radicals"",""frequency"",""character-to-radical"",""one-way"",""part-4""]"
zh-traditional-radicals-frequency-iv/0783/character-to-radical	IV	vocabulary	783	zh-Hant	zh-Hant	配	"[""酉""]"	[]		"[""zh-Hant.frequency.0784"",""zh.radical.kangxi.164""]"	[]	[]	sources/characters.tsv	frequency-order position 783; corpus frequency rank 784; Ministry common-character number 4229	配: frequency-order position 783; corpus frequency rank 784; 282 appearances (0.02336%); Unihan kRSUnicode 164.3; Kangxi radical 164 酉; Unihan kRSUnicode single radical assignment.	[]	"[""chinese"",""traditional"",""radicals"",""frequency"",""character-to-radical"",""one-way"",""part-4""]"
zh-traditional-radicals-frequency-iv/0784/character-to-radical	IV	vocabulary	784	zh-Hant	zh-Hant	湖	"[""水""]"	[]		"[""zh-Hant.frequency.0785"",""zh.radical.kangxi.085""]"	[]	[]	sources/characters.tsv	frequency-order position 784; corpus frequency rank 785; Ministry common-character number 2262	湖: frequency-order position 784; corpus frequency rank 785; 282 appearances (0.02336%); Unihan kRSUnicode 85.9; Kangxi radical 85 水; Unihan kRSUnicode single radical assignment.	[]	"[""chinese"",""traditional"",""radicals"",""frequency"",""character-to-radical"",""one-way"",""part-4""]"
zh-traditional-radicals-frequency-iv/0785/character-to-radical	IV	vocabulary	785	zh-Hant	zh-Hant	兵	"[""八""]"	[]		"[""zh-Hant.frequency.0786"",""zh.radical.kangxi.012""]"	[]	[]	sources/characters.tsv	frequency-order position 785; corpus frequency rank 786; Ministry common-character number 290	兵: frequency-order position 785; corpus frequency rank 786; 281 appearances (0.02328%); Unihan kRSUnicode 12.5; Kangxi radical 12 八; Unihan kRSUnicode single radical assignment.	[]	"[""chinese"",""traditional"",""radicals"",""frequency"",""character-to-radical"",""one-way"",""part-4""]"
zh-traditional-radicals-frequency-iv/0786/character-to-radical	IV	vocabulary	786	zh-Hant	zh-Hant	倍	"[""人""]"	[]		"[""zh-Hant.frequency.0787"",""zh.radical.kangxi.009""]"	[]	[]	sources/characters.tsv	frequency-order position 786; corpus frequency rank 787; Ministry common-character number 170	倍: frequency-order position 786; corpus frequency rank 787; 281 appearances (0.02328%); Unihan kRSUnicode 9.8; Kangxi radical 9 人; Unihan kRSUnicode single radical assignment.	[]	"[""chinese"",""traditional"",""radicals"",""frequency"",""character-to-radical"",""one-way"",""part-4""]"
zh-traditional-radicals-frequency-iv/0787/character-to-radical	IV	vocabulary	787	zh-Hant	zh-Hant	議	"[""言""]"	[]		"[""zh-Hant.frequency.0788"",""zh.radical.kangxi.149""]"	[]	[]	sources/characters.tsv	frequency-order position 787; corpus frequency rank 788; Ministry common-character number 3889	議: frequency-order position 787; corpus frequency rank 788; 281 appearances (0.02328%); Unihan kRSUnicode 149.13; Kangxi radical 149 言; Unihan kRSUnicode single radical assignment.	[]	"[""chinese"",""traditional"",""radicals"",""frequency"",""character-to-radical"",""one-way"",""part-4""]"
zh-traditional-radicals-frequency-iv/0788/character-to-radical	IV	vocabulary	788	zh-Hant	zh-Hant	貝	"[""貝""]"	[]		"[""zh-Hant.frequency.0789"",""zh.radical.kangxi.154""]"	[]	[]	sources/characters.tsv	frequency-order position 788; corpus frequency rank 789; Ministry common-character number 3927	貝: frequency-order position 788; corpus frequency rank 789; 280 appearances (0.02319%); Unihan kRSUnicode 154.0; Kangxi radical 154 貝; Unihan kRSUnicode single radical assignment.	[]	"[""chinese"",""traditional"",""radicals"",""frequency"",""character-to-radical"",""one-way"",""part-4""]"
zh-traditional-radicals-frequency-iv/0789/character-to-radical	IV	vocabulary	789	zh-Hant	zh-Hant	旁	"[""方""]"	[]		"[""zh-Hant.frequency.0790"",""zh.radical.kangxi.070""]"	[]	[]	sources/characters.tsv	frequency-order position 789; corpus frequency rank 790; Ministry common-character number 1762	旁: frequency-order position 789; corpus frequency rank 790; 280 appearances (0.02319%); Unihan kRSUnicode 70.6; Kangxi radical 70 方; Unihan kRSUnicode single radical assignment.	[]	"[""chinese"",""traditional"",""radicals"",""frequency"",""character-to-radical"",""one-way"",""part-4""]"
zh-traditional-radicals-frequency-iv/0790/character-to-radical	IV	vocabulary	790	zh-Hant	zh-Hant	洞	"[""水""]"	[]		"[""zh-Hant.frequency.0791"",""zh.radical.kangxi.085""]"	[]	[]	sources/characters.tsv	frequency-order position 790; corpus frequency rank 791; Ministry common-character number 2192	洞: frequency-order position 790; corpus frequency rank 791; 278 appearances (0.02303%); Unihan kRSUnicode 85.6; Kangxi radical 85 水; Unihan kRSUnicode single radical assignment.	[]	"[""chinese"",""traditional"",""radicals"",""frequency"",""character-to-radical"",""one-way"",""part-4""]"
zh-traditional-radicals-frequency-iv/0791/character-to-radical	IV	vocabulary	791	zh-Hant	zh-Hant	雪	"[""雨""]"	[]		"[""zh-Hant.frequency.0792"",""zh.radical.kangxi.173""]"	[]	[]	sources/characters.tsv	frequency-order position 791; corpus frequency rank 792; Ministry common-character number 4469	雪: frequency-order position 791; corpus frequency rank 792; 278 appearances (0.02303%); Unihan kRSUnicode 173.3; Kangxi radical 173 雨; Unihan kRSUnicode single radical assignment.	[]	"[""chinese"",""traditional"",""radicals"",""frequency"",""character-to-radical"",""one-way"",""part-4""]"
zh-traditional-radicals-frequency-iv/0792/character-to-radical	IV	vocabulary	792	zh-Hant	zh-Hant	賞	"[""貝""]"	[]		"[""zh-Hant.frequency.0793"",""zh.radical.kangxi.154""]"	[]	[]	sources/characters.tsv	frequency-order position 792; corpus frequency rank 793; Ministry common-character number 3962	賞: frequency-order position 792; corpus frequency rank 793; 278 appearances (0.02303%); Unihan kRSUnicode 154.8; Kangxi radical 154 貝; Unihan kRSUnicode single radical assignment.	[]	"[""chinese"",""traditional"",""radicals"",""frequency"",""character-to-radical"",""one-way"",""part-4""]"
zh-traditional-radicals-frequency-iv/0793/character-to-radical	IV	vocabulary	793	zh-Hant	zh-Hant	素	"[""糸""]"	[]		"[""zh-Hant.frequency.0794"",""zh.radical.kangxi.120""]"	[]	[]	sources/characters.tsv	frequency-order position 793; corpus frequency rank 794; Ministry common-character number 3092	素: frequency-order position 793; corpus frequency rank 794; 277 appearances (0.02294%); Unihan kRSUnicode 120.4; Kangxi radical 120 糸; Unihan kRSUnicode single radical assignment.	[]	"[""chinese"",""traditional"",""radicals"",""frequency"",""character-to-radical"",""one-way"",""part-4""]"
zh-traditional-radicals-frequency-iv/0794/character-to-radical	IV	vocabulary	794	zh-Hant	zh-Hant	忘	"[""心""]"	[]		"[""zh-Hant.frequency.0795"",""zh.radical.kangxi.061""]"	[]	[]	sources/characters.tsv	frequency-order position 794; corpus frequency rank 795; Ministry common-character number 1309	忘: frequency-order position 794; corpus frequency rank 795; 276 appearances (0.02286%); Unihan kRSUnicode 61.3; Kangxi radical 61 心; Unihan kRSUnicode single radical assignment.	[]	"[""chinese"",""traditional"",""radicals"",""frequency"",""character-to-radical"",""one-way"",""part-4""]"
zh-traditional-radicals-frequency-iv/0795/character-to-radical	IV	vocabulary	795	zh-Hant	zh-Hant	簡	"[""竹""]"	[]		"[""zh-Hant.frequency.0796"",""zh.radical.kangxi.118""]"	[]	[]	sources/characters.tsv	frequency-order position 795; corpus frequency rank 796; Ministry common-character number 3040	簡: frequency-order position 795; corpus frequency rank 796; 276 appearances (0.02286%); Unihan kRSUnicode 118.12; Kangxi radical 118 竹; Unihan kRSUnicode single radical assignment.	[]	"[""chinese"",""traditional"",""radicals"",""frequency"",""character-to-radical"",""one-way"",""part-4""]"
zh-traditional-radicals-frequency-iv/0796/character-to-radical	IV	vocabulary	796	zh-Hant	zh-Hant	端	"[""立""]"	[]		"[""zh-Hant.frequency.0797"",""zh.radical.kangxi.117""]"	[]	[]	sources/characters.tsv	frequency-order position 796; corpus frequency rank 797; Ministry common-character number 2982	端: frequency-order position 796; corpus frequency rank 797; 275 appearances (0.02278%); Unihan kRSUnicode 117.9; Kangxi radical 117 立; Unihan kRSUnicode single radical assignment.	[]	"[""chinese"",""traditional"",""radicals"",""frequency"",""character-to-radical"",""one-way"",""part-4""]"
zh-traditional-radicals-frequency-iv/0797/character-to-radical	IV	vocabulary	797	zh-Hant	zh-Hant	孫	"[""子""]"	[]		"[""zh-Hant.frequency.0798"",""zh.radical.kangxi.039""]"	[]	[]	sources/characters.tsv	frequency-order position 797; corpus frequency rank 798; Ministry common-character number 996	孫: frequency-order position 797; corpus frequency rank 798; 273 appearances (0.02261%); Unihan kRSUnicode 39.7; Kangxi radical 39 子; Unihan kRSUnicode single radical assignment.	[]	"[""chinese"",""traditional"",""radicals"",""frequency"",""character-to-radical"",""one-way"",""part-4""]"
zh-traditional-radicals-frequency-iv/0798/character-to-radical	IV	vocabulary	798	zh-Hant	zh-Hant	圍	"[""囗""]"	[]		"[""zh-Hant.frequency.0799"",""zh.radical.kangxi.031""]"	[]	[]	sources/characters.tsv	frequency-order position 798; corpus frequency rank 799; Ministry common-character number 735	圍: frequency-order position 798; corpus frequency rank 799; 273 appearances (0.02261%); Unihan kRSUnicode 31.9; Kangxi radical 31 囗; Unihan kRSUnicode single radical assignment.	[]	"[""chinese"",""traditional"",""radicals"",""frequency"",""character-to-radical"",""one-way"",""part-4""]"
zh-traditional-radicals-frequency-iv/0799/character-to-radical	IV	vocabulary	799	zh-Hant	zh-Hant	敬	"[""攴""]"	[]		"[""zh-Hant.frequency.0800"",""zh.radical.kangxi.066""]"	[]	[]	sources/characters.tsv	frequency-order position 799; corpus frequency rank 800; Ministry common-character number 1735	敬: frequency-order position 799; corpus frequency rank 800; 273 appearances (0.02261%); Unihan kRSUnicode 66.9; Kangxi radical 66 攴; Unihan kRSUnicode single radical assignment.	[]	"[""chinese"",""traditional"",""radicals"",""frequency"",""character-to-radical"",""one-way"",""part-4""]"
zh-traditional-radicals-frequency-iv/0800/character-to-radical	IV	vocabulary	800	zh-Hant	zh-Hant	搖	"[""手""]"	[]		"[""zh-Hant.frequency.0801"",""zh.radical.kangxi.064""]"	[]	[]	sources/characters.tsv	frequency-order position 800; corpus frequency rank 801; Ministry common-character number 1647	搖: frequency-order position 800; corpus frequency rank 801; 273 appearances (0.02261%); Unihan kRSUnicode 64.10; Kangxi radical 64 手; Unihan kRSUnicode single radical assignment.	[]	"[""chinese"",""traditional"",""radicals"",""frequency"",""character-to-radical"",""one-way"",""part-4""]"
