card_id	deck	kind	source_chapter	prompt_language	answer_language	prompt	accepted_answers	distractors	explanation	lexical_ids	grammar_ids	geographic_ids	provenance_path	provenance_locator	provenance_evidence	examples	tags
zh-traditional-radicals-frequency-v/0801/character-to-radical	V	vocabulary	801	zh-Hant	zh-Hant	貓	"[""豸""]"	[]		"[""zh-Hant.frequency.0802"",""zh.radical.kangxi.153""]"	[]	[]	sources/characters.tsv	frequency-order position 801; corpus frequency rank 802; Ministry common-character number 3926	貓: frequency-order position 801; corpus frequency rank 802; 273 appearances (0.02261%); Unihan kRSUnicode 153.9; Kangxi radical 153 豸; Unihan kRSUnicode single radical assignment.	[]	"[""chinese"",""traditional"",""radicals"",""frequency"",""character-to-radical"",""one-way"",""part-5""]"
zh-traditional-radicals-frequency-v/0802/character-to-radical	V	vocabulary	802	zh-Hant	zh-Hant	隊	"[""阜""]"	[]		"[""zh-Hant.frequency.0803"",""zh.radical.kangxi.170""]"	[]	[]	sources/characters.tsv	frequency-order position 802; corpus frequency rank 803; Ministry common-character number 4429	隊: frequency-order position 802; corpus frequency rank 803; 271 appearances (0.02245%); Unihan kRSUnicode 170.9; Kangxi radical 170 阜; Unihan kRSUnicode single radical assignment.	[]	"[""chinese"",""traditional"",""radicals"",""frequency"",""character-to-radical"",""one-way"",""part-5""]"
zh-traditional-radicals-frequency-v/0803/character-to-radical	V	vocabulary	803	zh-Hant	zh-Hant	菜	"[""艸""]"	[]		"[""zh-Hant.frequency.0804"",""zh.radical.kangxi.140""]"	[]	[]	sources/characters.tsv	frequency-order position 803; corpus frequency rank 804; Ministry common-character number 3517	菜: frequency-order position 803; corpus frequency rank 804; 271 appearances (0.02245%); Unihan kRSUnicode 140.8; Kangxi radical 140 艸; Unihan kRSUnicode single radical assignment.	[]	"[""chinese"",""traditional"",""radicals"",""frequency"",""character-to-radical"",""one-way"",""part-5""]"
zh-traditional-radicals-frequency-v/0804/character-to-radical	V	vocabulary	804	zh-Hant	zh-Hant	藥	"[""艸""]"	[]		"[""zh-Hant.frequency.0805"",""zh.radical.kangxi.140""]"	[]	[]	sources/characters.tsv	frequency-order position 804; corpus frequency rank 805; Ministry common-character number 3590	藥: frequency-order position 804; corpus frequency rank 805; 271 appearances (0.02245%); Unihan kRSUnicode 140.15; Kangxi radical 140 艸; Unihan kRSUnicode single radical assignment.	[]	"[""chinese"",""traditional"",""radicals"",""frequency"",""character-to-radical"",""one-way"",""part-5""]"
zh-traditional-radicals-frequency-v/0805/character-to-radical	V	vocabulary	805	zh-Hant	zh-Hant	顯	"[""頁""]"	[]		"[""zh-Hant.frequency.0806"",""zh.radical.kangxi.181""]"	[]	[]	sources/characters.tsv	frequency-order position 805; corpus frequency rank 806; Ministry common-character number 4569	顯: frequency-order position 805; corpus frequency rank 806; 271 appearances (0.02245%); Unihan kRSUnicode 181.14; Kangxi radical 181 頁; Unihan kRSUnicode single radical assignment.	[]	"[""chinese"",""traditional"",""radicals"",""frequency"",""character-to-radical"",""one-way"",""part-5""]"
zh-traditional-radicals-frequency-v/0806/character-to-radical	V	vocabulary	806	zh-Hant	zh-Hant	朵	"[""木""]"	[]		"[""zh-Hant.frequency.0807"",""zh.radical.kangxi.075""]"	[]	[]	sources/characters.tsv	frequency-order position 806; corpus frequency rank 807; Ministry common-character number 1862	朵: frequency-order position 806; corpus frequency rank 807; 270 appearances (0.02236%); Unihan kRSUnicode 75.2; Kangxi radical 75 木; Unihan kRSUnicode single radical assignment.	[]	"[""chinese"",""traditional"",""radicals"",""frequency"",""character-to-radical"",""one-way"",""part-5""]"
zh-traditional-radicals-frequency-v/0807/character-to-radical	V	vocabulary	807	zh-Hant	zh-Hant	商	"[""口""]"	[]		"[""zh-Hant.frequency.0808"",""zh.radical.kangxi.030""]"	[]	[]	sources/characters.tsv	frequency-order position 807; corpus frequency rank 808; Ministry common-character number 600	商: frequency-order position 807; corpus frequency rank 808; 270 appearances (0.02236%); Unihan kRSUnicode 30.8; Kangxi radical 30 口; Unihan kRSUnicode single radical assignment.	[]	"[""chinese"",""traditional"",""radicals"",""frequency"",""character-to-radical"",""one-way"",""part-5""]"
zh-traditional-radicals-frequency-v/0808/character-to-radical	V	vocabulary	808	zh-Hant	zh-Hant	獲	"[""犬""]"	[]		"[""zh-Hant.frequency.0809"",""zh.radical.kangxi.094""]"	[]	[]	sources/characters.tsv	frequency-order position 808; corpus frequency rank 809; Ministry common-character number 2543	獲: frequency-order position 808; corpus frequency rank 809; 270 appearances (0.02236%); Unihan kRSUnicode 94.14; Kangxi radical 94 犬; Unihan kRSUnicode single radical assignment.	[]	"[""chinese"",""traditional"",""radicals"",""frequency"",""character-to-radical"",""one-way"",""part-5""]"
zh-traditional-radicals-frequency-v/0809/character-to-radical	V	vocabulary	809	zh-Hant	zh-Hant	皇	"[""白""]"	[]		"[""zh-Hant.frequency.0810"",""zh.radical.kangxi.106""]"	[]	[]	sources/characters.tsv	frequency-order position 809; corpus frequency rank 810; Ministry common-character number 2726	皇: frequency-order position 809; corpus frequency rank 810; 269 appearances (0.02228%); Unihan kRSUnicode 106.4; Kangxi radical 106 白; Unihan kRSUnicode single radical assignment.	[]	"[""chinese"",""traditional"",""radicals"",""frequency"",""character-to-radical"",""one-way"",""part-5""]"
zh-traditional-radicals-frequency-v/0810/character-to-radical	V	vocabulary	810	zh-Hant	zh-Hant	迎	"[""辵""]"	[]		"[""zh-Hant.frequency.0811"",""zh.radical.kangxi.162""]"	[]	[]	sources/characters.tsv	frequency-order position 810; corpus frequency rank 811; Ministry common-character number 4117	迎: frequency-order position 810; corpus frequency rank 811; 269 appearances (0.02228%); Unihan kRSUnicode 162.4; Kangxi radical 162 辵; Unihan kRSUnicode single radical assignment.	[]	"[""chinese"",""traditional"",""radicals"",""frequency"",""character-to-radical"",""one-way"",""part-5""]"
zh-traditional-radicals-frequency-v/0811/character-to-radical	V	vocabulary	811	zh-Hant	zh-Hant	露	"[""雨""]"	[]		"[""zh-Hant.frequency.0812"",""zh.radical.kangxi.173""]"	[]	[]	sources/characters.tsv	frequency-order position 811; corpus frequency rank 812; Ministry common-character number 4493	露: frequency-order position 811; corpus frequency rank 812; 269 appearances (0.02228%); Unihan kRSUnicode 173.12; Kangxi radical 173 雨; Unihan kRSUnicode single radical assignment.	[]	"[""chinese"",""traditional"",""radicals"",""frequency"",""character-to-radical"",""one-way"",""part-5""]"
zh-traditional-radicals-frequency-v/0812/character-to-radical	V	vocabulary	812	zh-Hant	zh-Hant	仍	"[""人""]"	[]		"[""zh-Hant.frequency.0813"",""zh.radical.kangxi.009""]"	[]	[]	sources/characters.tsv	frequency-order position 812; corpus frequency rank 813; Ministry common-character number 74	仍: frequency-order position 812; corpus frequency rank 813; 267 appearances (0.02212%); Unihan kRSUnicode 9.2; Kangxi radical 9 人; Unihan kRSUnicode single radical assignment.	[]	"[""chinese"",""traditional"",""radicals"",""frequency"",""character-to-radical"",""one-way"",""part-5""]"
zh-traditional-radicals-frequency-v/0813/character-to-radical	V	vocabulary	813	zh-Hant	zh-Hant	幸	"[""干""]"	[]		"[""zh-Hant.frequency.0814"",""zh.radical.kangxi.051""]"	[]	[]	sources/characters.tsv	frequency-order position 813; corpus frequency rank 814; Ministry common-character number 1195	幸: frequency-order position 813; corpus frequency rank 814; 267 appearances (0.02212%); Unihan kRSUnicode 51.5; Kangxi radical 51 干; Unihan kRSUnicode single radical assignment.	[]	"[""chinese"",""traditional"",""radicals"",""frequency"",""character-to-radical"",""one-way"",""part-5""]"
zh-traditional-radicals-frequency-v/0814/character-to-radical	V	vocabulary	814	zh-Hant	zh-Hant	鏡	"[""金""]"	[]		"[""zh-Hant.frequency.0815"",""zh.radical.kangxi.167""]"	[]	[]	sources/characters.tsv	frequency-order position 814; corpus frequency rank 815; Ministry common-character number 4336	鏡: frequency-order position 814; corpus frequency rank 815; 267 appearances (0.02212%); Unihan kRSUnicode 167.11; Kangxi radical 167 金; Unihan kRSUnicode single radical assignment.	[]	"[""chinese"",""traditional"",""radicals"",""frequency"",""character-to-radical"",""one-way"",""part-5""]"
zh-traditional-radicals-frequency-v/0815/character-to-radical	V	vocabulary	815	zh-Hant	zh-Hant	哇	"[""口""]"	[]		"[""zh-Hant.frequency.0816"",""zh.radical.kangxi.030""]"	[]	[]	sources/characters.tsv	frequency-order position 815; corpus frequency rank 816; Ministry common-character number 571	哇: frequency-order position 815; corpus frequency rank 816; 266 appearances (0.02203%); Unihan kRSUnicode 30.6; Kangxi radical 30 口; Unihan kRSUnicode single radical assignment.	[]	"[""chinese"",""traditional"",""radicals"",""frequency"",""character-to-radical"",""one-way"",""part-5""]"
zh-traditional-radicals-frequency-v/0816/character-to-radical	V	vocabulary	816	zh-Hant	zh-Hant	絕	"[""糸""]"	[]		"[""zh-Hant.frequency.0817"",""zh.radical.kangxi.120""]"	[]	[]	sources/characters.tsv	frequency-order position 816; corpus frequency rank 817; Ministry common-character number 3117	絕: frequency-order position 816; corpus frequency rank 817; 266 appearances (0.02203%); Unihan kRSUnicode 120.6; Kangxi radical 120 糸; Unihan kRSUnicode single radical assignment.	[]	"[""chinese"",""traditional"",""radicals"",""frequency"",""character-to-radical"",""one-way"",""part-5""]"
zh-traditional-radicals-frequency-v/0817/character-to-radical	V	vocabulary	817	zh-Hant	zh-Hant	支	"[""支""]"	[]		"[""zh-Hant.frequency.0818"",""zh.radical.kangxi.065""]"	[]	[]	sources/characters.tsv	frequency-order position 817; corpus frequency rank 818; Ministry common-character number 1715	支: frequency-order position 817; corpus frequency rank 818; 265 appearances (0.02195%); Unihan kRSUnicode 65.0; Kangxi radical 65 支; Unihan kRSUnicode single radical assignment.	[]	"[""chinese"",""traditional"",""radicals"",""frequency"",""character-to-radical"",""one-way"",""part-5""]"
zh-traditional-radicals-frequency-v/0818/character-to-radical	V	vocabulary	818	zh-Hant	zh-Hant	制	"[""刀""]"	[]		"[""zh-Hant.frequency.0819"",""zh.radical.kangxi.018""]"	[]	[]	sources/characters.tsv	frequency-order position 818; corpus frequency rank 819; Ministry common-character number 350	制: frequency-order position 818; corpus frequency rank 819; 265 appearances (0.02195%); Unihan kRSUnicode 18.6; Kangxi radical 18 刀; Unihan kRSUnicode single radical assignment.	[]	"[""chinese"",""traditional"",""radicals"",""frequency"",""character-to-radical"",""one-way"",""part-5""]"
zh-traditional-radicals-frequency-v/0819/character-to-radical	V	vocabulary	819	zh-Hant	zh-Hant	良	"[""艮""]"	[]		"[""zh-Hant.frequency.0820"",""zh.radical.kangxi.138""]"	[]	[]	sources/characters.tsv	frequency-order position 819; corpus frequency rank 820; Ministry common-character number 3425	良: frequency-order position 819; corpus frequency rank 820; 265 appearances (0.02195%); Unihan kRSUnicode 138.1; Kangxi radical 138 艮; Unihan kRSUnicode single radical assignment.	[]	"[""chinese"",""traditional"",""radicals"",""frequency"",""character-to-radical"",""one-way"",""part-5""]"
zh-traditional-radicals-frequency-v/0820/character-to-radical	V	vocabulary	820	zh-Hant	zh-Hant	銀	"[""金""]"	[]		"[""zh-Hant.frequency.0821"",""zh.radical.kangxi.167""]"	[]	[]	sources/characters.tsv	frequency-order position 820; corpus frequency rank 821; Ministry common-character number 4290	銀: frequency-order position 820; corpus frequency rank 821; 265 appearances (0.02195%); Unihan kRSUnicode 167.6; Kangxi radical 167 金; Unihan kRSUnicode single radical assignment.	[]	"[""chinese"",""traditional"",""radicals"",""frequency"",""character-to-radical"",""one-way"",""part-5""]"
zh-traditional-radicals-frequency-v/0821/character-to-radical	V	vocabulary	821	zh-Hant	zh-Hant	壞	"[""土""]"	[]		"[""zh-Hant.frequency.0822"",""zh.radical.kangxi.032""]"	[]	[]	sources/characters.tsv	frequency-order position 821; corpus frequency rank 822; Ministry common-character number 826	壞: frequency-order position 821; corpus frequency rank 822; 264 appearances (0.02187%); Unihan kRSUnicode 32.16; Kangxi radical 32 土; Unihan kRSUnicode single radical assignment.	[]	"[""chinese"",""traditional"",""radicals"",""frequency"",""character-to-radical"",""one-way"",""part-5""]"
zh-traditional-radicals-frequency-v/0822/character-to-radical	V	vocabulary	822	zh-Hant	zh-Hant	宮	"[""宀""]"	[]		"[""zh-Hant.frequency.0823"",""zh.radical.kangxi.040""]"	[]	[]	sources/characters.tsv	frequency-order position 822; corpus frequency rank 823; Ministry common-character number 1028	宮: frequency-order position 822; corpus frequency rank 823; 263 appearances (0.02178%); Unihan kRSUnicode 40.7; Kangxi radical 40 宀; Unihan kRSUnicode single radical assignment.	[]	"[""chinese"",""traditional"",""radicals"",""frequency"",""character-to-radical"",""one-way"",""part-5""]"
zh-traditional-radicals-frequency-v/0823/character-to-radical	V	vocabulary	823	zh-Hant	zh-Hant	忽	"[""心""]"	[]		"[""zh-Hant.frequency.0824"",""zh.radical.kangxi.061""]"	[]	[]	sources/characters.tsv	frequency-order position 823; corpus frequency rank 824; Ministry common-character number 1317	忽: frequency-order position 823; corpus frequency rank 824; 262 appearances (0.02170%); Unihan kRSUnicode 61.4; Kangxi radical 61 心; Unihan kRSUnicode single radical assignment.	[]	"[""chinese"",""traditional"",""radicals"",""frequency"",""character-to-radical"",""one-way"",""part-5""]"
zh-traditional-radicals-frequency-v/0824/character-to-radical	V	vocabulary	824	zh-Hant	zh-Hant	夏	"[""夊""]"	[]		"[""zh-Hant.frequency.0825"",""zh.radical.kangxi.035""]"	[]	[]	sources/characters.tsv	frequency-order position 824; corpus frequency rank 825; Ministry common-character number 837	夏: frequency-order position 824; corpus frequency rank 825; 262 appearances (0.02170%); Unihan kRSUnicode 35.7; Kangxi radical 35 夊; Unihan kRSUnicode single radical assignment.	[]	"[""chinese"",""traditional"",""radicals"",""frequency"",""character-to-radical"",""one-way"",""part-5""]"
zh-traditional-radicals-frequency-v/0825/character-to-radical	V	vocabulary	825	zh-Hant	zh-Hant	復	"[""彳""]"	[]		"[""zh-Hant.frequency.0826"",""zh.radical.kangxi.060""]"	[]	[]	sources/characters.tsv	frequency-order position 825; corpus frequency rank 826; Ministry common-character number 1296	復: frequency-order position 825; corpus frequency rank 826; 262 appearances (0.02170%); Unihan kRSUnicode 60.9; Kangxi radical 60 彳; Unihan kRSUnicode single radical assignment.	[]	"[""chinese"",""traditional"",""radicals"",""frequency"",""character-to-radical"",""one-way"",""part-5""]"
zh-traditional-radicals-frequency-v/0826/character-to-radical	V	vocabulary	826	zh-Hant	zh-Hant	止	"[""止""]"	[]		"[""zh-Hant.frequency.0827"",""zh.radical.kangxi.077""]"	[]	[]	sources/characters.tsv	frequency-order position 826; corpus frequency rank 827; Ministry common-character number 2066	止: frequency-order position 826; corpus frequency rank 827; 261 appearances (0.02162%); Unihan kRSUnicode 77.0; Kangxi radical 77 止; Unihan kRSUnicode single radical assignment.	[]	"[""chinese"",""traditional"",""radicals"",""frequency"",""character-to-radical"",""one-way"",""part-5""]"
zh-traditional-radicals-frequency-v/0827/character-to-radical	V	vocabulary	827	zh-Hant	zh-Hant	投	"[""手""]"	[]		"[""zh-Hant.frequency.0828"",""zh.radical.kangxi.064""]"	[]	[]	sources/characters.tsv	frequency-order position 827; corpus frequency rank 828; Ministry common-character number 1520	投: frequency-order position 827; corpus frequency rank 828; 261 appearances (0.02162%); Unihan kRSUnicode 64.4; Kangxi radical 64 手; Unihan kRSUnicode single radical assignment.	[]	"[""chinese"",""traditional"",""radicals"",""frequency"",""character-to-radical"",""one-way"",""part-5""]"
zh-traditional-radicals-frequency-v/0828/character-to-radical	V	vocabulary	828	zh-Hant	zh-Hant	探	"[""手""]"	[]		"[""zh-Hant.frequency.0829"",""zh.radical.kangxi.064""]"	[]	[]	sources/characters.tsv	frequency-order position 828; corpus frequency rank 829; Ministry common-character number 1590	探: frequency-order position 828; corpus frequency rank 829; 261 appearances (0.02162%); Unihan kRSUnicode 64.8; Kangxi radical 64 手; Unihan kRSUnicode single radical assignment.	[]	"[""chinese"",""traditional"",""radicals"",""frequency"",""character-to-radical"",""one-way"",""part-5""]"
zh-traditional-radicals-frequency-v/0829/character-to-radical	V	vocabulary	829	zh-Hant	zh-Hant	冬	"[""冫""]"	[]		"[""zh-Hant.frequency.0830"",""zh.radical.kangxi.015""]"	[]	[]	sources/characters.tsv	frequency-order position 829; corpus frequency rank 830; Ministry common-character number 308	冬: frequency-order position 829; corpus frequency rank 830; 260 appearances (0.02154%); Unihan kRSUnicode 15.3; Kangxi radical 15 冫; Unihan kRSUnicode single radical assignment.	[]	"[""chinese"",""traditional"",""radicals"",""frequency"",""character-to-radical"",""one-way"",""part-5""]"
zh-traditional-radicals-frequency-v/0830/character-to-radical	V	vocabulary	830	zh-Hant	zh-Hant	爬	"[""爪""]"	[]		"[""zh-Hant.frequency.0831"",""zh.radical.kangxi.087""]"	[]	[]	sources/characters.tsv	frequency-order position 830; corpus frequency rank 831; Ministry common-character number 2467	爬: frequency-order position 830; corpus frequency rank 831; 260 appearances (0.02154%); Unihan kRSUnicode 87.4; Kangxi radical 87 爪; Unihan kRSUnicode single radical assignment.	[]	"[""chinese"",""traditional"",""radicals"",""frequency"",""character-to-radical"",""one-way"",""part-5""]"
zh-traditional-radicals-frequency-v/0831/character-to-radical	V	vocabulary	831	zh-Hant	zh-Hant	奏	"[""大""]"	[]		"[""zh-Hant.frequency.0832"",""zh.radical.kangxi.037""]"	[]	[]	sources/characters.tsv	frequency-order position 831; corpus frequency rank 832; Ministry common-character number 865	奏: frequency-order position 831; corpus frequency rank 832; 260 appearances (0.02154%); Unihan kRSUnicode 37.6; Kangxi radical 37 大; Unihan kRSUnicode single radical assignment.	[]	"[""chinese"",""traditional"",""radicals"",""frequency"",""character-to-radical"",""one-way"",""part-5""]"
zh-traditional-radicals-frequency-v/0832/character-to-radical	V	vocabulary	832	zh-Hant	zh-Hant	係	"[""人""]"	[]		"[""zh-Hant.frequency.0833"",""zh.radical.kangxi.009""]"	[]	[]	sources/characters.tsv	frequency-order position 832; corpus frequency rank 833; Ministry common-character number 165	係: frequency-order position 832; corpus frequency rank 833; 260 appearances (0.02154%); Unihan kRSUnicode 9.7; Kangxi radical 9 人; Unihan kRSUnicode single radical assignment.	[]	"[""chinese"",""traditional"",""radicals"",""frequency"",""character-to-radical"",""one-way"",""part-5""]"
zh-traditional-radicals-frequency-v/0833/character-to-radical	V	vocabulary	833	zh-Hant	zh-Hant	博	"[""十""]"	[]		"[""zh-Hant.frequency.0834"",""zh.radical.kangxi.024""]"	[]	[]	sources/characters.tsv	frequency-order position 833; corpus frequency rank 834; Ministry common-character number 442	博: frequency-order position 833; corpus frequency rank 834; 260 appearances (0.02154%); Unihan kRSUnicode 24.10; Kangxi radical 24 十; Unihan kRSUnicode single radical assignment.	[]	"[""chinese"",""traditional"",""radicals"",""frequency"",""character-to-radical"",""one-way"",""part-5""]"
zh-traditional-radicals-frequency-v/0834/character-to-radical	V	vocabulary	834	zh-Hant	zh-Hant	乙	"[""乙""]"	[]		"[""zh-Hant.frequency.0835"",""zh.radical.kangxi.005""]"	[]	[]	sources/characters.tsv	frequency-order position 834; corpus frequency rank 835; Ministry common-character number 38	乙: frequency-order position 834; corpus frequency rank 835; 259 appearances (0.02145%); Unihan kRSUnicode 5.0; Kangxi radical 5 乙; Unihan kRSUnicode single radical assignment.	[]	"[""chinese"",""traditional"",""radicals"",""frequency"",""character-to-radical"",""one-way"",""part-5""]"
zh-traditional-radicals-frequency-v/0835/character-to-radical	V	vocabulary	835	zh-Hant	zh-Hant	守	"[""宀""]"	[]		"[""zh-Hant.frequency.0836"",""zh.radical.kangxi.040""]"	[]	[]	sources/characters.tsv	frequency-order position 835; corpus frequency rank 836; Ministry common-character number 1007	守: frequency-order position 835; corpus frequency rank 836; 256 appearances (0.02121%); Unihan kRSUnicode 40.3; Kangxi radical 40 宀; Unihan kRSUnicode single radical assignment.	[]	"[""chinese"",""traditional"",""radicals"",""frequency"",""character-to-radical"",""one-way"",""part-5""]"
zh-traditional-radicals-frequency-v/0836/character-to-radical	V	vocabulary	836	zh-Hant	zh-Hant	局	"[""尸""]"	[]		"[""zh-Hant.frequency.0837"",""zh.radical.kangxi.044""]"	[]	[]	sources/characters.tsv	frequency-order position 836; corpus frequency rank 837; Ministry common-character number 1079	局: frequency-order position 836; corpus frequency rank 837; 255 appearances (0.02112%); Unihan kRSUnicode 44.4; Kangxi radical 44 尸; Unihan kRSUnicode single radical assignment.	[]	"[""chinese"",""traditional"",""radicals"",""frequency"",""character-to-radical"",""one-way"",""part-5""]"
zh-traditional-radicals-frequency-v/0837/character-to-radical	V	vocabulary	837	zh-Hant	zh-Hant	乎	"[""丿""]"	[]		"[""zh-Hant.frequency.0838"",""zh.radical.kangxi.004""]"	[]	[]	sources/characters.tsv	frequency-order position 837; corpus frequency rank 838; Ministry common-character number 33	乎: frequency-order position 837; corpus frequency rank 838; 254 appearances (0.02104%); Unihan kRSUnicode 4.4; Kangxi radical 4 丿; Unihan kRSUnicode single radical assignment.	[]	"[""chinese"",""traditional"",""radicals"",""frequency"",""character-to-radical"",""one-way"",""part-5""]"
zh-traditional-radicals-frequency-v/0838/character-to-radical	V	vocabulary	838	zh-Hant	zh-Hant	液	"[""水""]"	[]		"[""zh-Hant.frequency.0839"",""zh.radical.kangxi.085""]"	[]	[]	sources/characters.tsv	frequency-order position 838; corpus frequency rank 839; Ministry common-character number 2218	液: frequency-order position 838; corpus frequency rank 839; 254 appearances (0.02104%); Unihan kRSUnicode 85.8; Kangxi radical 85 水; Unihan kRSUnicode single radical assignment.	[]	"[""chinese"",""traditional"",""radicals"",""frequency"",""character-to-radical"",""one-way"",""part-5""]"
zh-traditional-radicals-frequency-v/0839/character-to-radical	V	vocabulary	839	zh-Hant	zh-Hant	構	"[""木""]"	[]		"[""zh-Hant.frequency.0840"",""zh.radical.kangxi.075""]"	[]	[]	sources/characters.tsv	frequency-order position 839; corpus frequency rank 840; Ministry common-character number 1995	構: frequency-order position 839; corpus frequency rank 840; 254 appearances (0.02104%); Unihan kRSUnicode 75.10; Kangxi radical 75 木; Unihan kRSUnicode single radical assignment.	[]	"[""chinese"",""traditional"",""radicals"",""frequency"",""character-to-radical"",""one-way"",""part-5""]"
zh-traditional-radicals-frequency-v/0840/character-to-radical	V	vocabulary	840	zh-Hant	zh-Hant	際	"[""阜""]"	[]		"[""zh-Hant.frequency.0841"",""zh.radical.kangxi.170""]"	[]	[]	sources/characters.tsv	frequency-order position 840; corpus frequency rank 841; Ministry common-character number 4442	際: frequency-order position 840; corpus frequency rank 841; 254 appearances (0.02104%); Unihan kRSUnicode 170.11; Kangxi radical 170 阜; Unihan kRSUnicode single radical assignment.	[]	"[""chinese"",""traditional"",""radicals"",""frequency"",""character-to-radical"",""one-way"",""part-5""]"
zh-traditional-radicals-frequency-v/0841/character-to-radical	V	vocabulary	841	zh-Hant	zh-Hant	須	"[""頁""]"	[]		"[""zh-Hant.frequency.0842"",""zh.radical.kangxi.181""]"	[]	[]	sources/characters.tsv	frequency-order position 841; corpus frequency rank 842; Ministry common-character number 4541	須: frequency-order position 841; corpus frequency rank 842; 252 appearances (0.02087%); Unihan kRSUnicode 181.3; Kangxi radical 181 頁; Unihan kRSUnicode single radical assignment.	[]	"[""chinese"",""traditional"",""radicals"",""frequency"",""character-to-radical"",""one-way"",""part-5""]"
zh-traditional-radicals-frequency-v/0842/character-to-radical	V	vocabulary	842	zh-Hant	zh-Hant	範	"[""竹""]"	[]		"[""zh-Hant.frequency.0843"",""zh.radical.kangxi.118""]"	[]	[]	sources/characters.tsv	frequency-order position 842; corpus frequency rank 843; Ministry common-character number 3019	範: frequency-order position 842; corpus frequency rank 843; 252 appearances (0.02087%); Unihan kRSUnicode 118.9; Kangxi radical 118 竹; Unihan kRSUnicode single radical assignment.	[]	"[""chinese"",""traditional"",""radicals"",""frequency"",""character-to-radical"",""one-way"",""part-5""]"
zh-traditional-radicals-frequency-v/0843/character-to-radical	V	vocabulary	843	zh-Hant	zh-Hant	頂	"[""頁""]"	[]		"[""zh-Hant.frequency.0844"",""zh.radical.kangxi.181""]"	[]	[]	sources/characters.tsv	frequency-order position 843; corpus frequency rank 844; Ministry common-character number 4537	頂: frequency-order position 843; corpus frequency rank 844; 251 appearances (0.02079%); Unihan kRSUnicode 181.2; Kangxi radical 181 頁; Unihan kRSUnicode single radical assignment.	[]	"[""chinese"",""traditional"",""radicals"",""frequency"",""character-to-radical"",""one-way"",""part-5""]"
zh-traditional-radicals-frequency-v/0844/character-to-radical	V	vocabulary	844	zh-Hant	zh-Hant	殺	"[""殳""]"	[]		"[""zh-Hant.frequency.0845"",""zh.radical.kangxi.079""]"	[]	[]	sources/characters.tsv	frequency-order position 844; corpus frequency rank 845; Ministry common-character number 2091	殺: frequency-order position 844; corpus frequency rank 845; 251 appearances (0.02079%); Unihan kRSUnicode 79.7; Kangxi radical 79 殳; Unihan kRSUnicode single radical assignment.	[]	"[""chinese"",""traditional"",""radicals"",""frequency"",""character-to-radical"",""one-way"",""part-5""]"
zh-traditional-radicals-frequency-v/0845/character-to-radical	V	vocabulary	845	zh-Hant	zh-Hant	獨	"[""犬""]"	[]		"[""zh-Hant.frequency.0846"",""zh.radical.kangxi.094""]"	[]	[]	sources/characters.tsv	frequency-order position 845; corpus frequency rank 846; Ministry common-character number 2541	獨: frequency-order position 845; corpus frequency rank 846; 251 appearances (0.02079%); Unihan kRSUnicode 94.13; Kangxi radical 94 犬; Unihan kRSUnicode single radical assignment.	[]	"[""chinese"",""traditional"",""radicals"",""frequency"",""character-to-radical"",""one-way"",""part-5""]"
zh-traditional-radicals-frequency-v/0846/character-to-radical	V	vocabulary	846	zh-Hant	zh-Hant	初	"[""刀""]"	[]		"[""zh-Hant.frequency.0847"",""zh.radical.kangxi.018""]"	[]	[]	sources/characters.tsv	frequency-order position 846; corpus frequency rank 847; Ministry common-character number 3709	初: frequency-order position 846; corpus frequency rank 847; 249 appearances (0.02063%); Unihan kRSUnicode 18.5 145.2; Kangxi radical 18 刀; Traditional dictionary radical 刀 selected from Unihan alternatives 18.5 and 145.2.	[]	"[""chinese"",""traditional"",""radicals"",""frequency"",""character-to-radical"",""one-way"",""part-5""]"
zh-traditional-radicals-frequency-v/0847/character-to-radical	V	vocabulary	847	zh-Hant	zh-Hant	透	"[""辵""]"	[]		"[""zh-Hant.frequency.0848"",""zh.radical.kangxi.162""]"	[]	[]	sources/characters.tsv	frequency-order position 847; corpus frequency rank 848; Ministry common-character number 4147	透: frequency-order position 847; corpus frequency rank 848; 249 appearances (0.02063%); Unihan kRSUnicode 162.7; Kangxi radical 162 辵; Unihan kRSUnicode single radical assignment.	[]	"[""chinese"",""traditional"",""radicals"",""frequency"",""character-to-radical"",""one-way"",""part-5""]"
zh-traditional-radicals-frequency-v/0848/character-to-radical	V	vocabulary	848	zh-Hant	zh-Hant	漢	"[""水""]"	[]		"[""zh-Hant.frequency.0849"",""zh.radical.kangxi.085""]"	[]	[]	sources/characters.tsv	frequency-order position 848; corpus frequency rank 849; Ministry common-character number 2308	漢: frequency-order position 848; corpus frequency rank 849; 249 appearances (0.02063%); Unihan kRSUnicode 85.11; Kangxi radical 85 水; Unihan kRSUnicode single radical assignment.	[]	"[""chinese"",""traditional"",""radicals"",""frequency"",""character-to-radical"",""one-way"",""part-5""]"
zh-traditional-radicals-frequency-v/0849/character-to-radical	V	vocabulary	849	zh-Hant	zh-Hant	鬼	"[""鬼""]"	[]		"[""zh-Hant.frequency.0850"",""zh.radical.kangxi.194""]"	[]	[]	sources/characters.tsv	frequency-order position 849; corpus frequency rank 850; Ministry common-character number 4683	鬼: frequency-order position 849; corpus frequency rank 850; 247 appearances (0.02046%); Unihan kRSUnicode 194.0; Kangxi radical 194 鬼; Unihan kRSUnicode single radical assignment.	[]	"[""chinese"",""traditional"",""radicals"",""frequency"",""character-to-radical"",""one-way"",""part-5""]"
zh-traditional-radicals-frequency-v/0850/character-to-radical	V	vocabulary	850	zh-Hant	zh-Hant	蛋	"[""虫""]"	[]		"[""zh-Hant.frequency.0851"",""zh.radical.kangxi.142""]"	[]	[]	sources/characters.tsv	frequency-order position 850; corpus frequency rank 851; Ministry common-character number 3630	蛋: frequency-order position 850; corpus frequency rank 851; 247 appearances (0.02046%); Unihan kRSUnicode 142.5; Kangxi radical 142 虫; Unihan kRSUnicode single radical assignment.	[]	"[""chinese"",""traditional"",""radicals"",""frequency"",""character-to-radical"",""one-way"",""part-5""]"
zh-traditional-radicals-frequency-v/0851/character-to-radical	V	vocabulary	851	zh-Hant	zh-Hant	燒	"[""火""]"	[]		"[""zh-Hant.frequency.0852"",""zh.radical.kangxi.086""]"	[]	[]	sources/characters.tsv	frequency-order position 851; corpus frequency rank 852; Ministry common-character number 2443	燒: frequency-order position 851; corpus frequency rank 852; 247 appearances (0.02046%); Unihan kRSUnicode 86.12; Kangxi radical 86 火; Unihan kRSUnicode single radical assignment.	[]	"[""chinese"",""traditional"",""radicals"",""frequency"",""character-to-radical"",""one-way"",""part-5""]"
zh-traditional-radicals-frequency-v/0852/character-to-radical	V	vocabulary	852	zh-Hant	zh-Hant	哭	"[""口""]"	[]		"[""zh-Hant.frequency.0853"",""zh.radical.kangxi.030""]"	[]	[]	sources/characters.tsv	frequency-order position 852; corpus frequency rank 853; Ministry common-character number 593	哭: frequency-order position 852; corpus frequency rank 853; 246 appearances (0.02038%); Unihan kRSUnicode 30.7; Kangxi radical 30 口; Unihan kRSUnicode single radical assignment.	[]	"[""chinese"",""traditional"",""radicals"",""frequency"",""character-to-radical"",""one-way"",""part-5""]"
zh-traditional-radicals-frequency-v/0853/character-to-radical	V	vocabulary	853	zh-Hant	zh-Hant	兔	"[""儿""]"	[]		"[""zh-Hant.frequency.0854"",""zh.radical.kangxi.010""]"	[]	[]	sources/characters.tsv	frequency-order position 853; corpus frequency rank 854; Ministry common-character number 276	兔: frequency-order position 853; corpus frequency rank 854; 245 appearances (0.02029%); Unihan kRSUnicode 10.6; Kangxi radical 10 儿; Unihan kRSUnicode single radical assignment.	[]	"[""chinese"",""traditional"",""radicals"",""frequency"",""character-to-radical"",""one-way"",""part-5""]"
zh-traditional-radicals-frequency-v/0854/character-to-radical	V	vocabulary	854	zh-Hant	zh-Hant	若	"[""艸""]"	[]		"[""zh-Hant.frequency.0855"",""zh.radical.kangxi.140""]"	[]	[]	sources/characters.tsv	frequency-order position 854; corpus frequency rank 855; Ministry common-character number 3450	若: frequency-order position 854; corpus frequency rank 855; 245 appearances (0.02029%); Unihan kRSUnicode 140.5; Kangxi radical 140 艸; Unihan kRSUnicode single radical assignment.	[]	"[""chinese"",""traditional"",""radicals"",""frequency"",""character-to-radical"",""one-way"",""part-5""]"
zh-traditional-radicals-frequency-v/0855/character-to-radical	V	vocabulary	855	zh-Hant	zh-Hant	破	"[""石""]"	[]		"[""zh-Hant.frequency.0856"",""zh.radical.kangxi.112""]"	[]	[]	sources/characters.tsv	frequency-order position 855; corpus frequency rank 856; Ministry common-character number 2833	破: frequency-order position 855; corpus frequency rank 856; 245 appearances (0.02029%); Unihan kRSUnicode 112.5; Kangxi radical 112 石; Unihan kRSUnicode single radical assignment.	[]	"[""chinese"",""traditional"",""radicals"",""frequency"",""character-to-radical"",""one-way"",""part-5""]"
zh-traditional-radicals-frequency-v/0856/character-to-radical	V	vocabulary	856	zh-Hant	zh-Hant	差	"[""工""]"	[]		"[""zh-Hant.frequency.0857"",""zh.radical.kangxi.048""]"	[]	[]	sources/characters.tsv	frequency-order position 856; corpus frequency rank 857; Ministry common-character number 1153	差: frequency-order position 856; corpus frequency rank 857; 245 appearances (0.02029%); Unihan kRSUnicode 48.7; Kangxi radical 48 工; Unihan kRSUnicode single radical assignment.	[]	"[""chinese"",""traditional"",""radicals"",""frequency"",""character-to-radical"",""one-way"",""part-5""]"
zh-traditional-radicals-frequency-v/0857/character-to-radical	V	vocabulary	857	zh-Hant	zh-Hant	顏	"[""頁""]"	[]		"[""zh-Hant.frequency.0858"",""zh.radical.kangxi.181""]"	[]	[]	sources/characters.tsv	frequency-order position 857; corpus frequency rank 858; Ministry common-character number 4560	顏: frequency-order position 857; corpus frequency rank 858; 245 appearances (0.02029%); Unihan kRSUnicode 181.9; Kangxi radical 181 頁; Unihan kRSUnicode single radical assignment.	[]	"[""chinese"",""traditional"",""radicals"",""frequency"",""character-to-radical"",""one-way"",""part-5""]"
zh-traditional-radicals-frequency-v/0858/character-to-radical	V	vocabulary	858	zh-Hant	zh-Hant	織	"[""糸""]"	[]		"[""zh-Hant.frequency.0859"",""zh.radical.kangxi.120""]"	[]	[]	sources/characters.tsv	frequency-order position 858; corpus frequency rank 859; Ministry common-character number 3176	織: frequency-order position 858; corpus frequency rank 859; 244 appearances (0.02021%); Unihan kRSUnicode 120.12; Kangxi radical 120 糸; Unihan kRSUnicode single radical assignment.	[]	"[""chinese"",""traditional"",""radicals"",""frequency"",""character-to-radical"",""one-way"",""part-5""]"
zh-traditional-radicals-frequency-v/0859/character-to-radical	V	vocabulary	859	zh-Hant	zh-Hant	尾	"[""尸""]"	[]		"[""zh-Hant.frequency.0860"",""zh.radical.kangxi.044""]"	[]	[]	sources/characters.tsv	frequency-order position 859; corpus frequency rank 860; Ministry common-character number 1082	尾: frequency-order position 859; corpus frequency rank 860; 244 appearances (0.02021%); Unihan kRSUnicode 44.4; Kangxi radical 44 尸; Unihan kRSUnicode single radical assignment.	[]	"[""chinese"",""traditional"",""radicals"",""frequency"",""character-to-radical"",""one-way"",""part-5""]"
zh-traditional-radicals-frequency-v/0860/character-to-radical	V	vocabulary	860	zh-Hant	zh-Hant	規	"[""見""]"	[]		"[""zh-Hant.frequency.0861"",""zh.radical.kangxi.147""]"	[]	[]	sources/characters.tsv	frequency-order position 860; corpus frequency rank 861; Ministry common-character number 3768	規: frequency-order position 860; corpus frequency rank 861; 244 appearances (0.02021%); Unihan kRSUnicode 147.4; Kangxi radical 147 見; Unihan kRSUnicode single radical assignment.	[]	"[""chinese"",""traditional"",""radicals"",""frequency"",""character-to-radical"",""one-way"",""part-5""]"
zh-traditional-radicals-frequency-v/0861/character-to-radical	V	vocabulary	861	zh-Hant	zh-Hant	壁	"[""土""]"	[]		"[""zh-Hant.frequency.0862"",""zh.radical.kangxi.032""]"	[]	[]	sources/characters.tsv	frequency-order position 861; corpus frequency rank 862; Ministry common-character number 817	壁: frequency-order position 861; corpus frequency rank 862; 244 appearances (0.02021%); Unihan kRSUnicode 32.13; Kangxi radical 32 土; Unihan kRSUnicode single radical assignment.	[]	"[""chinese"",""traditional"",""radicals"",""frequency"",""character-to-radical"",""one-way"",""part-5""]"
zh-traditional-radicals-frequency-v/0862/character-to-radical	V	vocabulary	862	zh-Hant	zh-Hant	築	"[""竹""]"	[]		"[""zh-Hant.frequency.0863"",""zh.radical.kangxi.118""]"	[]	[]	sources/characters.tsv	frequency-order position 862; corpus frequency rank 863; Ministry common-character number 3026	築: frequency-order position 862; corpus frequency rank 863; 244 appearances (0.02021%); Unihan kRSUnicode 118.10; Kangxi radical 118 竹; Unihan kRSUnicode single radical assignment.	[]	"[""chinese"",""traditional"",""radicals"",""frequency"",""character-to-radical"",""one-way"",""part-5""]"
zh-traditional-radicals-frequency-v/0863/character-to-radical	V	vocabulary	863	zh-Hant	zh-Hant	吹	"[""口""]"	[]		"[""zh-Hant.frequency.0864"",""zh.radical.kangxi.030""]"	[]	[]	sources/characters.tsv	frequency-order position 863; corpus frequency rank 864; Ministry common-character number 529	吹: frequency-order position 863; corpus frequency rank 864; 244 appearances (0.02021%); Unihan kRSUnicode 30.4; Kangxi radical 30 口; Unihan kRSUnicode single radical assignment.	[]	"[""chinese"",""traditional"",""radicals"",""frequency"",""character-to-radical"",""one-way"",""part-5""]"
zh-traditional-radicals-frequency-v/0864/character-to-radical	V	vocabulary	864	zh-Hant	zh-Hant	酒	"[""酉""]"	[]		"[""zh-Hant.frequency.0865"",""zh.radical.kangxi.164""]"	[]	[]	sources/characters.tsv	frequency-order position 864; corpus frequency rank 865; Ministry common-character number 4228	酒: frequency-order position 864; corpus frequency rank 865; 243 appearances (0.02013%); Unihan kRSUnicode 164.3; Kangxi radical 164 酉; Unihan kRSUnicode single radical assignment.	[]	"[""chinese"",""traditional"",""radicals"",""frequency"",""character-to-radical"",""one-way"",""part-5""]"
zh-traditional-radicals-frequency-v/0865/character-to-radical	V	vocabulary	865	zh-Hant	zh-Hant	痛	"[""疒""]"	[]		"[""zh-Hant.frequency.0866"",""zh.radical.kangxi.104""]"	[]	[]	sources/characters.tsv	frequency-order position 865; corpus frequency rank 866; Ministry common-character number 2679	痛: frequency-order position 865; corpus frequency rank 866; 242 appearances (0.02005%); Unihan kRSUnicode 104.7; Kangxi radical 104 疒; Unihan kRSUnicode single radical assignment.	[]	"[""chinese"",""traditional"",""radicals"",""frequency"",""character-to-radical"",""one-way"",""part-5""]"
zh-traditional-radicals-frequency-v/0866/character-to-radical	V	vocabulary	866	zh-Hant	zh-Hant	防	"[""阜""]"	[]		"[""zh-Hant.frequency.0867"",""zh.radical.kangxi.170""]"	[]	[]	sources/characters.tsv	frequency-order position 866; corpus frequency rank 867; Ministry common-character number 4403	防: frequency-order position 866; corpus frequency rank 867; 241 appearances (0.01996%); Unihan kRSUnicode 170.4; Kangxi radical 170 阜; Unihan kRSUnicode single radical assignment.	[]	"[""chinese"",""traditional"",""radicals"",""frequency"",""character-to-radical"",""one-way"",""part-5""]"
zh-traditional-radicals-frequency-v/0867/character-to-radical	V	vocabulary	867	zh-Hant	zh-Hant	勞	"[""力""]"	[]		"[""zh-Hant.frequency.0868"",""zh.radical.kangxi.019""]"	[]	[]	sources/characters.tsv	frequency-order position 867; corpus frequency rank 868; Ministry common-character number 396	勞: frequency-order position 867; corpus frequency rank 868; 238 appearances (0.01971%); Unihan kRSUnicode 19.10; Kangxi radical 19 力; Unihan kRSUnicode single radical assignment.	[]	"[""chinese"",""traditional"",""radicals"",""frequency"",""character-to-radical"",""one-way"",""part-5""]"
zh-traditional-radicals-frequency-v/0868/character-to-radical	V	vocabulary	868	zh-Hant	zh-Hant	珍	"[""玉""]"	[]		"[""zh-Hant.frequency.0869"",""zh.radical.kangxi.096""]"	[]	[]	sources/characters.tsv	frequency-order position 868; corpus frequency rank 869; Ministry common-character number 2563	珍: frequency-order position 868; corpus frequency rank 869; 237 appearances (0.01963%); Unihan kRSUnicode 96.5; Kangxi radical 96 玉; Unihan kRSUnicode single radical assignment.	[]	"[""chinese"",""traditional"",""radicals"",""frequency"",""character-to-radical"",""one-way"",""part-5""]"
zh-traditional-radicals-frequency-v/0869/character-to-radical	V	vocabulary	869	zh-Hant	zh-Hant	愈	"[""心""]"	[]		"[""zh-Hant.frequency.0870"",""zh.radical.kangxi.061""]"	[]	[]	sources/characters.tsv	frequency-order position 869; corpus frequency rank 870; Ministry common-character number 1407	愈: frequency-order position 869; corpus frequency rank 870; 237 appearances (0.01963%); Unihan kRSUnicode 61.9; Kangxi radical 61 心; Unihan kRSUnicode single radical assignment.	[]	"[""chinese"",""traditional"",""radicals"",""frequency"",""character-to-radical"",""one-way"",""part-5""]"
zh-traditional-radicals-frequency-v/0870/character-to-radical	V	vocabulary	870	zh-Hant	zh-Hant	換	"[""手""]"	[]		"[""zh-Hant.frequency.0871"",""zh.radical.kangxi.064""]"	[]	[]	sources/characters.tsv	frequency-order position 870; corpus frequency rank 871; Ministry common-character number 1632	換: frequency-order position 870; corpus frequency rank 871; 237 appearances (0.01963%); Unihan kRSUnicode 64.9; Kangxi radical 64 手; Unihan kRSUnicode single radical assignment.	[]	"[""chinese"",""traditional"",""radicals"",""frequency"",""character-to-radical"",""one-way"",""part-5""]"
zh-traditional-radicals-frequency-v/0871/character-to-radical	V	vocabulary	871	zh-Hant	zh-Hant	漂	"[""水""]"	[]		"[""zh-Hant.frequency.0872"",""zh.radical.kangxi.085""]"	[]	[]	sources/characters.tsv	frequency-order position 871; corpus frequency rank 872; Ministry common-character number 2307	漂: frequency-order position 871; corpus frequency rank 872; 237 appearances (0.01963%); Unihan kRSUnicode 85.11; Kangxi radical 85 水; Unihan kRSUnicode single radical assignment.	[]	"[""chinese"",""traditional"",""radicals"",""frequency"",""character-to-radical"",""one-way"",""part-5""]"
zh-traditional-radicals-frequency-v/0872/character-to-radical	V	vocabulary	872	zh-Hant	zh-Hant	岸	"[""山""]"	[]		"[""zh-Hant.frequency.0873"",""zh.radical.kangxi.046""]"	[]	[]	sources/characters.tsv	frequency-order position 872; corpus frequency rank 873; Ministry common-character number 1108	岸: frequency-order position 872; corpus frequency rank 873; 236 appearances (0.01955%); Unihan kRSUnicode 46.5; Kangxi radical 46 山; Unihan kRSUnicode single radical assignment.	[]	"[""chinese"",""traditional"",""radicals"",""frequency"",""character-to-radical"",""one-way"",""part-5""]"
zh-traditional-radicals-frequency-v/0873/character-to-radical	V	vocabulary	873	zh-Hant	zh-Hant	昨	"[""日""]"	[]		"[""zh-Hant.frequency.0874"",""zh.radical.kangxi.072""]"	[]	[]	sources/characters.tsv	frequency-order position 873; corpus frequency rank 874; Ministry common-character number 1793	昨: frequency-order position 873; corpus frequency rank 874; 236 appearances (0.01955%); Unihan kRSUnicode 72.5; Kangxi radical 72 日; Unihan kRSUnicode single radical assignment.	[]	"[""chinese"",""traditional"",""radicals"",""frequency"",""character-to-radical"",""one-way"",""part-5""]"
zh-traditional-radicals-frequency-v/0874/character-to-radical	V	vocabulary	874	zh-Hant	zh-Hant	倫	"[""人""]"	[]		"[""zh-Hant.frequency.0875"",""zh.radical.kangxi.009""]"	[]	[]	sources/characters.tsv	frequency-order position 874; corpus frequency rank 875; Ministry common-character number 198	倫: frequency-order position 874; corpus frequency rank 875; 236 appearances (0.01955%); Unihan kRSUnicode 9.8; Kangxi radical 9 人; Unihan kRSUnicode single radical assignment.	[]	"[""chinese"",""traditional"",""radicals"",""frequency"",""character-to-radical"",""one-way"",""part-5""]"
zh-traditional-radicals-frequency-v/0875/character-to-radical	V	vocabulary	875	zh-Hant	zh-Hant	遇	"[""辵""]"	[]		"[""zh-Hant.frequency.0876"",""zh.radical.kangxi.162""]"	[]	[]	sources/characters.tsv	frequency-order position 875; corpus frequency rank 876; Ministry common-character number 4165	遇: frequency-order position 875; corpus frequency rank 876; 236 appearances (0.01955%); Unihan kRSUnicode 162.9; Kangxi radical 162 辵; Unihan kRSUnicode single radical assignment.	[]	"[""chinese"",""traditional"",""radicals"",""frequency"",""character-to-radical"",""one-way"",""part-5""]"
zh-traditional-radicals-frequency-v/0876/character-to-radical	V	vocabulary	876	zh-Hant	zh-Hant	江	"[""水""]"	[]		"[""zh-Hant.frequency.0877"",""zh.radical.kangxi.085""]"	[]	[]	sources/characters.tsv	frequency-order position 876; corpus frequency rank 877; Ministry common-character number 2133	江: frequency-order position 876; corpus frequency rank 877; 235 appearances (0.01947%); Unihan kRSUnicode 85.3; Kangxi radical 85 水; Unihan kRSUnicode single radical assignment.	[]	"[""chinese"",""traditional"",""radicals"",""frequency"",""character-to-radical"",""one-way"",""part-5""]"
zh-traditional-radicals-frequency-v/0877/character-to-radical	V	vocabulary	877	zh-Hant	zh-Hant	微	"[""彳""]"	[]		"[""zh-Hant.frequency.0878"",""zh.radical.kangxi.060""]"	[]	[]	sources/characters.tsv	frequency-order position 877; corpus frequency rank 878; Ministry common-character number 1300	微: frequency-order position 877; corpus frequency rank 878; 235 appearances (0.01947%); Unihan kRSUnicode 60.10; Kangxi radical 60 彳; Unihan kRSUnicode single radical assignment.	[]	"[""chinese"",""traditional"",""radicals"",""frequency"",""character-to-radical"",""one-way"",""part-5""]"
zh-traditional-radicals-frequency-v/0878/character-to-radical	V	vocabulary	878	zh-Hant	zh-Hant	幼	"[""幺""]"	[]		"[""zh-Hant.frequency.0879"",""zh.radical.kangxi.052""]"	[]	[]	sources/characters.tsv	frequency-order position 878; corpus frequency rank 879; Ministry common-character number 1198	幼: frequency-order position 878; corpus frequency rank 879; 234 appearances (0.01938%); Unihan kRSUnicode 52.2; Kangxi radical 52 幺; Unihan kRSUnicode single radical assignment.	[]	"[""chinese"",""traditional"",""radicals"",""frequency"",""character-to-radical"",""one-way"",""part-5""]"
zh-traditional-radicals-frequency-v/0879/character-to-radical	V	vocabulary	879	zh-Hant	zh-Hant	郎	"[""邑""]"	[]		"[""zh-Hant.frequency.0880"",""zh.radical.kangxi.163""]"	[]	[]	sources/characters.tsv	frequency-order position 879; corpus frequency rank 880; Ministry common-character number 4209	郎: frequency-order position 879; corpus frequency rank 880; 234 appearances (0.01938%); Unihan kRSUnicode 163.6; Kangxi radical 163 邑; Unihan kRSUnicode single radical assignment.	[]	"[""chinese"",""traditional"",""radicals"",""frequency"",""character-to-radical"",""one-way"",""part-5""]"
zh-traditional-radicals-frequency-v/0880/character-to-radical	V	vocabulary	880	zh-Hant	zh-Hant	榮	"[""木""]"	[]		"[""zh-Hant.frequency.0881"",""zh.radical.kangxi.075""]"	[]	[]	sources/characters.tsv	frequency-order position 880; corpus frequency rank 881; Ministry common-character number 1993	榮: frequency-order position 880; corpus frequency rank 881; 234 appearances (0.01938%); Unihan kRSUnicode 75.10; Kangxi radical 75 木; Unihan kRSUnicode single radical assignment.	[]	"[""chinese"",""traditional"",""radicals"",""frequency"",""character-to-radical"",""one-way"",""part-5""]"
zh-traditional-radicals-frequency-v/0881/character-to-radical	V	vocabulary	881	zh-Hant	zh-Hant	歐	"[""欠""]"	[]		"[""zh-Hant.frequency.0882"",""zh.radical.kangxi.076""]"	[]	[]	sources/characters.tsv	frequency-order position 881; corpus frequency rank 882; Ministry common-character number 2062	歐: frequency-order position 881; corpus frequency rank 882; 234 appearances (0.01938%); Unihan kRSUnicode 76.11; Kangxi radical 76 欠; Unihan kRSUnicode single radical assignment.	[]	"[""chinese"",""traditional"",""radicals"",""frequency"",""character-to-radical"",""one-way"",""part-5""]"
zh-traditional-radicals-frequency-v/0882/character-to-radical	V	vocabulary	882	zh-Hant	zh-Hant	聯	"[""耳""]"	[]		"[""zh-Hant.frequency.0883"",""zh.radical.kangxi.128""]"	[]	[]	sources/characters.tsv	frequency-order position 882; corpus frequency rank 883; Ministry common-character number 3277	聯: frequency-order position 882; corpus frequency rank 883; 234 appearances (0.01938%); Unihan kRSUnicode 128.11; Kangxi radical 128 耳; Unihan kRSUnicode single radical assignment.	[]	"[""chinese"",""traditional"",""radicals"",""frequency"",""character-to-radical"",""one-way"",""part-5""]"
zh-traditional-radicals-frequency-v/0883/character-to-radical	V	vocabulary	883	zh-Hant	zh-Hant	懷	"[""心""]"	[]		"[""zh-Hant.frequency.0884"",""zh.radical.kangxi.061""]"	[]	[]	sources/characters.tsv	frequency-order position 883; corpus frequency rank 884; Ministry common-character number 1457	懷: frequency-order position 883; corpus frequency rank 884; 234 appearances (0.01938%); Unihan kRSUnicode 61.16; Kangxi radical 61 心; Unihan kRSUnicode single radical assignment.	[]	"[""chinese"",""traditional"",""radicals"",""frequency"",""character-to-radical"",""one-way"",""part-5""]"
zh-traditional-radicals-frequency-v/0884/character-to-radical	V	vocabulary	884	zh-Hant	zh-Hant	願	"[""頁""]"	[]		"[""zh-Hant.frequency.0885"",""zh.radical.kangxi.181""]"	[]	[]	sources/characters.tsv	frequency-order position 884; corpus frequency rank 885; Ministry common-character number 4565	願: frequency-order position 884; corpus frequency rank 885; 234 appearances (0.01938%); Unihan kRSUnicode 181.10; Kangxi radical 181 頁; Unihan kRSUnicode single radical assignment.	[]	"[""chinese"",""traditional"",""radicals"",""frequency"",""character-to-radical"",""one-way"",""part-5""]"
zh-traditional-radicals-frequency-v/0885/character-to-radical	V	vocabulary	885	zh-Hant	zh-Hant	互	"[""二""]"	[]		"[""zh-Hant.frequency.0886"",""zh.radical.kangxi.007""]"	[]	[]	sources/characters.tsv	frequency-order position 885; corpus frequency rank 886; Ministry common-character number 53	互: frequency-order position 885; corpus frequency rank 886; 233 appearances (0.01930%); Unihan kRSUnicode 7.2; Kangxi radical 7 二; Unihan kRSUnicode single radical assignment.	[]	"[""chinese"",""traditional"",""radicals"",""frequency"",""character-to-radical"",""one-way"",""part-5""]"
zh-traditional-radicals-frequency-v/0886/character-to-radical	V	vocabulary	886	zh-Hant	zh-Hant	羊	"[""羊""]"	[]		"[""zh-Hant.frequency.0887"",""zh.radical.kangxi.123""]"	[]	[]	sources/characters.tsv	frequency-order position 886; corpus frequency rank 887; Ministry common-character number 3215	羊: frequency-order position 886; corpus frequency rank 887; 232 appearances (0.01922%); Unihan kRSUnicode 123.0; Kangxi radical 123 羊; Unihan kRSUnicode single radical assignment.	[]	"[""chinese"",""traditional"",""radicals"",""frequency"",""character-to-radical"",""one-way"",""part-5""]"
zh-traditional-radicals-frequency-v/0887/character-to-radical	V	vocabulary	887	zh-Hant	zh-Hant	游	"[""水""]"	[]		"[""zh-Hant.frequency.0888"",""zh.radical.kangxi.085""]"	[]	[]	sources/characters.tsv	frequency-order position 887; corpus frequency rank 888; Ministry common-character number 2249	游: frequency-order position 887; corpus frequency rank 888; 232 appearances (0.01922%); Unihan kRSUnicode 85.9; Kangxi radical 85 水; Unihan kRSUnicode single radical assignment.	[]	"[""chinese"",""traditional"",""radicals"",""frequency"",""character-to-radical"",""one-way"",""part-5""]"
zh-traditional-radicals-frequency-v/0888/character-to-radical	V	vocabulary	888	zh-Hant	zh-Hant	派	"[""水""]"	[]		"[""zh-Hant.frequency.0889"",""zh.radical.kangxi.085""]"	[]	[]	sources/characters.tsv	frequency-order position 888; corpus frequency rank 889; Ministry common-character number 2196	派: frequency-order position 888; corpus frequency rank 889; 231 appearances (0.01913%); Unihan kRSUnicode 85.6; Kangxi radical 85 水; Unihan kRSUnicode single radical assignment.	[]	"[""chinese"",""traditional"",""radicals"",""frequency"",""character-to-radical"",""one-way"",""part-5""]"
zh-traditional-radicals-frequency-v/0889/character-to-radical	V	vocabulary	889	zh-Hant	zh-Hant	梅	"[""木""]"	[]		"[""zh-Hant.frequency.0890"",""zh.radical.kangxi.075""]"	[]	[]	sources/characters.tsv	frequency-order position 889; corpus frequency rank 890; Ministry common-character number 1947	梅: frequency-order position 889; corpus frequency rank 890; 231 appearances (0.01913%); Unihan kRSUnicode 75.7; Kangxi radical 75 木; Unihan kRSUnicode single radical assignment.	[]	"[""chinese"",""traditional"",""radicals"",""frequency"",""character-to-radical"",""one-way"",""part-5""]"
zh-traditional-radicals-frequency-v/0890/character-to-radical	V	vocabulary	890	zh-Hant	zh-Hant	蓋	"[""艸""]"	[]		"[""zh-Hant.frequency.0891"",""zh.radical.kangxi.140""]"	[]	[]	sources/characters.tsv	frequency-order position 890; corpus frequency rank 891; Ministry common-character number 3541	蓋: frequency-order position 890; corpus frequency rank 891; 231 appearances (0.01913%); Unihan kRSUnicode 140.10; Kangxi radical 140 艸; Unihan kRSUnicode single radical assignment.	[]	"[""chinese"",""traditional"",""radicals"",""frequency"",""character-to-radical"",""one-way"",""part-5""]"
zh-traditional-radicals-frequency-v/0891/character-to-radical	V	vocabulary	891	zh-Hant	zh-Hant	壓	"[""土""]"	[]		"[""zh-Hant.frequency.0892"",""zh.radical.kangxi.032""]"	[]	[]	sources/characters.tsv	frequency-order position 891; corpus frequency rank 892; Ministry common-character number 822	壓: frequency-order position 891; corpus frequency rank 892; 231 appearances (0.01913%); Unihan kRSUnicode 32.14; Kangxi radical 32 土; Unihan kRSUnicode single radical assignment.	[]	"[""chinese"",""traditional"",""radicals"",""frequency"",""character-to-radical"",""one-way"",""part-5""]"
zh-traditional-radicals-frequency-v/0892/character-to-radical	V	vocabulary	892	zh-Hant	zh-Hant	警	"[""言""]"	[]		"[""zh-Hant.frequency.0893"",""zh.radical.kangxi.149""]"	[]	[]	sources/characters.tsv	frequency-order position 892; corpus frequency rank 893; Ministry common-character number 3891	警: frequency-order position 892; corpus frequency rank 893; 231 appearances (0.01913%); Unihan kRSUnicode 149.13; Kangxi radical 149 言; Unihan kRSUnicode single radical assignment.	[]	"[""chinese"",""traditional"",""radicals"",""frequency"",""character-to-radical"",""one-way"",""part-5""]"
zh-traditional-radicals-frequency-v/0893/character-to-radical	V	vocabulary	893	zh-Hant	zh-Hant	丁	"[""一""]"	[]		"[""zh-Hant.frequency.0894"",""zh.radical.kangxi.001""]"	[]	[]	sources/characters.tsv	frequency-order position 893; corpus frequency rank 894; Ministry common-character number 2	丁: frequency-order position 893; corpus frequency rank 894; 230 appearances (0.01905%); Unihan kRSUnicode 1.1; Kangxi radical 1 一; Unihan kRSUnicode single radical assignment.	[]	"[""chinese"",""traditional"",""radicals"",""frequency"",""character-to-radical"",""one-way"",""part-5""]"
zh-traditional-radicals-frequency-v/0894/character-to-radical	V	vocabulary	894	zh-Hant	zh-Hant	粉	"[""米""]"	[]		"[""zh-Hant.frequency.0895"",""zh.radical.kangxi.119""]"	[]	[]	sources/characters.tsv	frequency-order position 894; corpus frequency rank 895; Ministry common-character number 3057	粉: frequency-order position 894; corpus frequency rank 895; 230 appearances (0.01905%); Unihan kRSUnicode 119.4; Kangxi radical 119 米; Unihan kRSUnicode single radical assignment.	[]	"[""chinese"",""traditional"",""radicals"",""frequency"",""character-to-radical"",""one-way"",""part-5""]"
zh-traditional-radicals-frequency-v/0895/character-to-radical	V	vocabulary	895	zh-Hant	zh-Hant	擔	"[""手""]"	[]		"[""zh-Hant.frequency.0896"",""zh.radical.kangxi.064""]"	[]	[]	sources/characters.tsv	frequency-order position 895; corpus frequency rank 896; Ministry common-character number 1688	擔: frequency-order position 895; corpus frequency rank 896; 230 appearances (0.01905%); Unihan kRSUnicode 64.13; Kangxi radical 64 手; Unihan kRSUnicode single radical assignment.	[]	"[""chinese"",""traditional"",""radicals"",""frequency"",""character-to-radical"",""one-way"",""part-5""]"
zh-traditional-radicals-frequency-v/0896/character-to-radical	V	vocabulary	896	zh-Hant	zh-Hant	免	"[""儿""]"	[]		"[""zh-Hant.frequency.0897"",""zh.radical.kangxi.010""]"	[]	[]	sources/characters.tsv	frequency-order position 896; corpus frequency rank 897; Ministry common-character number 275	免: frequency-order position 896; corpus frequency rank 897; 229 appearances (0.01897%); Unihan kRSUnicode 10.5; Kangxi radical 10 儿; Unihan kRSUnicode single radical assignment.	[]	"[""chinese"",""traditional"",""radicals"",""frequency"",""character-to-radical"",""one-way"",""part-5""]"
zh-traditional-radicals-frequency-v/0897/character-to-radical	V	vocabulary	897	zh-Hant	zh-Hant	偷	"[""人""]"	[]		"[""zh-Hant.frequency.0898"",""zh.radical.kangxi.009""]"	[]	[]	sources/characters.tsv	frequency-order position 897; corpus frequency rank 898; Ministry common-character number 214	偷: frequency-order position 897; corpus frequency rank 898; 229 appearances (0.01897%); Unihan kRSUnicode 9.9; Kangxi radical 9 人; Unihan kRSUnicode single radical assignment.	[]	"[""chinese"",""traditional"",""radicals"",""frequency"",""character-to-radical"",""one-way"",""part-5""]"
zh-traditional-radicals-frequency-v/0898/character-to-radical	V	vocabulary	898	zh-Hant	zh-Hant	豐	"[""豆""]"	[]		"[""zh-Hant.frequency.0899"",""zh.radical.kangxi.151""]"	[]	[]	sources/characters.tsv	frequency-order position 898; corpus frequency rank 899; Ministry common-character number 3910	豐: frequency-order position 898; corpus frequency rank 899; 229 appearances (0.01897%); Unihan kRSUnicode 151.11; Kangxi radical 151 豆; Unihan kRSUnicode single radical assignment.	[]	"[""chinese"",""traditional"",""radicals"",""frequency"",""character-to-radical"",""one-way"",""part-5""]"
zh-traditional-radicals-frequency-v/0899/character-to-radical	V	vocabulary	899	zh-Hant	zh-Hant	偉	"[""人""]"	[]		"[""zh-Hant.frequency.0900"",""zh.radical.kangxi.009""]"	[]	[]	sources/characters.tsv	frequency-order position 899; corpus frequency rank 900; Ministry common-character number 207	偉: frequency-order position 899; corpus frequency rank 900; 228 appearances (0.01889%); Unihan kRSUnicode 9.9; Kangxi radical 9 人; Unihan kRSUnicode single radical assignment.	[]	"[""chinese"",""traditional"",""radicals"",""frequency"",""character-to-radical"",""one-way"",""part-5""]"
zh-traditional-radicals-frequency-v/0900/character-to-radical	V	vocabulary	900	zh-Hant	zh-Hant	繼	"[""糸""]"	[]		"[""zh-Hant.frequency.0901"",""zh.radical.kangxi.120""]"	[]	[]	sources/characters.tsv	frequency-order position 900; corpus frequency rank 901; Ministry common-character number 3188	繼: frequency-order position 900; corpus frequency rank 901; 228 appearances (0.01889%); Unihan kRSUnicode 120.14; Kangxi radical 120 糸; Unihan kRSUnicode single radical assignment.	[]	"[""chinese"",""traditional"",""radicals"",""frequency"",""character-to-radical"",""one-way"",""part-5""]"
zh-traditional-radicals-frequency-v/0901/character-to-radical	V	vocabulary	901	zh-Hant	zh-Hant	季	"[""子""]"	[]		"[""zh-Hant.frequency.0902"",""zh.radical.kangxi.039""]"	[]	[]	sources/characters.tsv	frequency-order position 901; corpus frequency rank 902; Ministry common-character number 994	季: frequency-order position 901; corpus frequency rank 902; 227 appearances (0.01880%); Unihan kRSUnicode 39.5; Kangxi radical 39 子; Unihan kRSUnicode single radical assignment.	[]	"[""chinese"",""traditional"",""radicals"",""frequency"",""character-to-radical"",""one-way"",""part-5""]"
zh-traditional-radicals-frequency-v/0902/character-to-radical	V	vocabulary	902	zh-Hant	zh-Hant	施	"[""方""]"	[]		"[""zh-Hant.frequency.0903"",""zh.radical.kangxi.070""]"	[]	[]	sources/characters.tsv	frequency-order position 902; corpus frequency rank 903; Ministry common-character number 1761	施: frequency-order position 902; corpus frequency rank 903; 227 appearances (0.01880%); Unihan kRSUnicode 70.5; Kangxi radical 70 方; Unihan kRSUnicode single radical assignment.	[]	"[""chinese"",""traditional"",""radicals"",""frequency"",""character-to-radical"",""one-way"",""part-5""]"
zh-traditional-radicals-frequency-v/0903/character-to-radical	V	vocabulary	903	zh-Hant	zh-Hant	亂	"[""乙""]"	[]		"[""zh-Hant.frequency.0904"",""zh.radical.kangxi.005""]"	[]	[]	sources/characters.tsv	frequency-order position 903; corpus frequency rank 904; Ministry common-character number 45	亂: frequency-order position 903; corpus frequency rank 904; 227 appearances (0.01880%); Unihan kRSUnicode 5.12; Kangxi radical 5 乙; Unihan kRSUnicode single radical assignment.	[]	"[""chinese"",""traditional"",""radicals"",""frequency"",""character-to-radical"",""one-way"",""part-5""]"
zh-traditional-radicals-frequency-v/0904/character-to-radical	V	vocabulary	904	zh-Hant	zh-Hant	袋	"[""衣""]"	[]		"[""zh-Hant.frequency.0905"",""zh.radical.kangxi.145""]"	[]	[]	sources/characters.tsv	frequency-order position 904; corpus frequency rank 905; Ministry common-character number 3722	袋: frequency-order position 904; corpus frequency rank 905; 226 appearances (0.01872%); Unihan kRSUnicode 145.5; Kangxi radical 145 衣; Unihan kRSUnicode single radical assignment.	[]	"[""chinese"",""traditional"",""radicals"",""frequency"",""character-to-radical"",""one-way"",""part-5""]"
zh-traditional-radicals-frequency-v/0905/character-to-radical	V	vocabulary	905	zh-Hant	zh-Hant	窗	"[""穴""]"	[]		"[""zh-Hant.frequency.0906"",""zh.radical.kangxi.116""]"	[]	[]	sources/characters.tsv	frequency-order position 905; corpus frequency rank 906; Ministry common-character number 2964	窗: frequency-order position 905; corpus frequency rank 906; 226 appearances (0.01872%); Unihan kRSUnicode 116.7; Kangxi radical 116 穴; Unihan kRSUnicode single radical assignment.	[]	"[""chinese"",""traditional"",""radicals"",""frequency"",""character-to-radical"",""one-way"",""part-5""]"
zh-traditional-radicals-frequency-v/0906/character-to-radical	V	vocabulary	906	zh-Hant	zh-Hant	斤	"[""斤""]"	[]		"[""zh-Hant.frequency.0907"",""zh.radical.kangxi.069""]"	[]	[]	sources/characters.tsv	frequency-order position 906; corpus frequency rank 907; Ministry common-character number 1751	斤: frequency-order position 906; corpus frequency rank 907; 225 appearances (0.01864%); Unihan kRSUnicode 69.0; Kangxi radical 69 斤; Unihan kRSUnicode single radical assignment.	[]	"[""chinese"",""traditional"",""radicals"",""frequency"",""character-to-radical"",""one-way"",""part-5""]"
zh-traditional-radicals-frequency-v/0907/character-to-radical	V	vocabulary	907	zh-Hant	zh-Hant	份	"[""人""]"	[]		"[""zh-Hant.frequency.0908"",""zh.radical.kangxi.009""]"	[]	[]	sources/characters.tsv	frequency-order position 907; corpus frequency rank 908; Ministry common-character number 102	份: frequency-order position 907; corpus frequency rank 908; 225 appearances (0.01864%); Unihan kRSUnicode 9.4; Kangxi radical 9 人; Unihan kRSUnicode single radical assignment.	[]	"[""chinese"",""traditional"",""radicals"",""frequency"",""character-to-radical"",""one-way"",""part-5""]"
zh-traditional-radicals-frequency-v/0908/character-to-radical	V	vocabulary	908	zh-Hant	zh-Hant	努	"[""力""]"	[]		"[""zh-Hant.frequency.0909"",""zh.radical.kangxi.019""]"	[]	[]	sources/characters.tsv	frequency-order position 908; corpus frequency rank 909; Ministry common-character number 385	努: frequency-order position 908; corpus frequency rank 909; 225 appearances (0.01864%); Unihan kRSUnicode 19.5; Kangxi radical 19 力; Unihan kRSUnicode single radical assignment.	[]	"[""chinese"",""traditional"",""radicals"",""frequency"",""character-to-radical"",""one-way"",""part-5""]"
zh-traditional-radicals-frequency-v/0909/character-to-radical	V	vocabulary	909	zh-Hant	zh-Hant	島	"[""山""]"	[]		"[""zh-Hant.frequency.0910"",""zh.radical.kangxi.046""]"	[]	[]	sources/characters.tsv	frequency-order position 909; corpus frequency rank 910; Ministry common-character number 1120	島: frequency-order position 909; corpus frequency rank 910; 225 appearances (0.01864%); Unihan kRSUnicode 46.7; Kangxi radical 46 山; Unihan kRSUnicode single radical assignment.	[]	"[""chinese"",""traditional"",""radicals"",""frequency"",""character-to-radical"",""one-way"",""part-5""]"
zh-traditional-radicals-frequency-v/0910/character-to-radical	V	vocabulary	910	zh-Hant	zh-Hant	減	"[""水""]"	[]		"[""zh-Hant.frequency.0911"",""zh.radical.kangxi.085""]"	[]	[]	sources/characters.tsv	frequency-order position 910; corpus frequency rank 911; Ministry common-character number 2258	減: frequency-order position 910; corpus frequency rank 911; 225 appearances (0.01864%); Unihan kRSUnicode 85.9; Kangxi radical 85 水; Unihan kRSUnicode single radical assignment.	[]	"[""chinese"",""traditional"",""radicals"",""frequency"",""character-to-radical"",""one-way"",""part-5""]"
zh-traditional-radicals-frequency-v/0911/character-to-radical	V	vocabulary	911	zh-Hant	zh-Hant	魔	"[""鬼""]"	[]		"[""zh-Hant.frequency.0912"",""zh.radical.kangxi.194""]"	[]	[]	sources/characters.tsv	frequency-order position 911; corpus frequency rank 912; Ministry common-character number 4689	魔: frequency-order position 911; corpus frequency rank 912; 225 appearances (0.01864%); Unihan kRSUnicode 194.11; Kangxi radical 194 鬼; Unihan kRSUnicode single radical assignment.	[]	"[""chinese"",""traditional"",""radicals"",""frequency"",""character-to-radical"",""one-way"",""part-5""]"
zh-traditional-radicals-frequency-v/0912/character-to-radical	V	vocabulary	912	zh-Hant	zh-Hant	巨	"[""工""]"	[]		"[""zh-Hant.frequency.0913"",""zh.radical.kangxi.048""]"	[]	[]	sources/characters.tsv	frequency-order position 912; corpus frequency rank 913; Ministry common-character number 1149	巨: frequency-order position 912; corpus frequency rank 913; 224 appearances (0.01855%); Unihan kRSUnicode 48.2; Kangxi radical 48 工; Unihan kRSUnicode single radical assignment.	[]	"[""chinese"",""traditional"",""radicals"",""frequency"",""character-to-radical"",""one-way"",""part-5""]"
zh-traditional-radicals-frequency-v/0913/character-to-radical	V	vocabulary	913	zh-Hant	zh-Hant	仔	"[""人""]"	[]		"[""zh-Hant.frequency.0914"",""zh.radical.kangxi.009""]"	[]	[]	sources/characters.tsv	frequency-order position 913; corpus frequency rank 914; Ministry common-character number 80	仔: frequency-order position 913; corpus frequency rank 914; 224 appearances (0.01855%); Unihan kRSUnicode 9.3; Kangxi radical 9 人; Unihan kRSUnicode single radical assignment.	[]	"[""chinese"",""traditional"",""radicals"",""frequency"",""character-to-radical"",""one-way"",""part-5""]"
zh-traditional-radicals-frequency-v/0914/character-to-radical	V	vocabulary	914	zh-Hant	zh-Hant	負	"[""貝""]"	[]		"[""zh-Hant.frequency.0915"",""zh.radical.kangxi.154""]"	[]	[]	sources/characters.tsv	frequency-order position 914; corpus frequency rank 915; Ministry common-character number 3929	負: frequency-order position 914; corpus frequency rank 915; 224 appearances (0.01855%); Unihan kRSUnicode 154.2; Kangxi radical 154 貝; Unihan kRSUnicode single radical assignment.	[]	"[""chinese"",""traditional"",""radicals"",""frequency"",""character-to-radical"",""one-way"",""part-5""]"
zh-traditional-radicals-frequency-v/0915/character-to-radical	V	vocabulary	915	zh-Hant	zh-Hant	追	"[""辵""]"	[]		"[""zh-Hant.frequency.0916"",""zh.radical.kangxi.162""]"	[]	[]	sources/characters.tsv	frequency-order position 915; corpus frequency rank 916; Ministry common-character number 4134	追: frequency-order position 915; corpus frequency rank 916; 224 appearances (0.01855%); Unihan kRSUnicode 162.6; Kangxi radical 162 辵; Unihan kRSUnicode single radical assignment.	[]	"[""chinese"",""traditional"",""radicals"",""frequency"",""character-to-radical"",""one-way"",""part-5""]"
zh-traditional-radicals-frequency-v/0916/character-to-radical	V	vocabulary	916	zh-Hant	zh-Hant	險	"[""阜""]"	[]		"[""zh-Hant.frequency.0917"",""zh.radical.kangxi.170""]"	[]	[]	sources/characters.tsv	frequency-order position 916; corpus frequency rank 917; Ministry common-character number 4445	險: frequency-order position 916; corpus frequency rank 917; 224 appearances (0.01855%); Unihan kRSUnicode 170.13; Kangxi radical 170 阜; Unihan kRSUnicode single radical assignment.	[]	"[""chinese"",""traditional"",""radicals"",""frequency"",""character-to-radical"",""one-way"",""part-5""]"
zh-traditional-radicals-frequency-v/0917/character-to-radical	V	vocabulary	917	zh-Hant	zh-Hant	劉	"[""刀""]"	[]		"[""zh-Hant.frequency.0918"",""zh.radical.kangxi.018""]"	[]	[]	sources/characters.tsv	frequency-order position 917; corpus frequency rank 918; Ministry common-character number 376	劉: frequency-order position 917; corpus frequency rank 918; 223 appearances (0.01847%); Unihan kRSUnicode 18.13; Kangxi radical 18 刀; Unihan kRSUnicode single radical assignment.	[]	"[""chinese"",""traditional"",""radicals"",""frequency"",""character-to-radical"",""one-way"",""part-5""]"
zh-traditional-radicals-frequency-v/0918/character-to-radical	V	vocabulary	918	zh-Hant	zh-Hant	衛	"[""行""]"	[]		"[""zh-Hant.frequency.0919"",""zh.radical.kangxi.144""]"	[]	[]	sources/characters.tsv	frequency-order position 918; corpus frequency rank 919; Ministry common-character number 3704	衛: frequency-order position 918; corpus frequency rank 919; 222 appearances (0.01839%); Unihan kRSUnicode 144.9; Kangxi radical 144 行; Unihan kRSUnicode single radical assignment.	[]	"[""chinese"",""traditional"",""radicals"",""frequency"",""character-to-radical"",""one-way"",""part-5""]"
zh-traditional-radicals-frequency-v/0919/character-to-radical	V	vocabulary	919	zh-Hant	zh-Hant	靠	"[""非""]"	[]		"[""zh-Hant.frequency.0920"",""zh.radical.kangxi.175""]"	[]	[]	sources/characters.tsv	frequency-order position 919; corpus frequency rank 920; Ministry common-character number 4504	靠: frequency-order position 919; corpus frequency rank 920; 222 appearances (0.01839%); Unihan kRSUnicode 175.7; Kangxi radical 175 非; Unihan kRSUnicode single radical assignment.	[]	"[""chinese"",""traditional"",""radicals"",""frequency"",""character-to-radical"",""one-way"",""part-5""]"
zh-traditional-radicals-frequency-v/0920/character-to-radical	V	vocabulary	920	zh-Hant	zh-Hant	輪	"[""車""]"	[]		"[""zh-Hant.frequency.0921"",""zh.radical.kangxi.159""]"	[]	[]	sources/characters.tsv	frequency-order position 920; corpus frequency rank 921; Ministry common-character number 4085	輪: frequency-order position 920; corpus frequency rank 921; 221 appearances (0.01831%); Unihan kRSUnicode 159.8; Kangxi radical 159 車; Unihan kRSUnicode single radical assignment.	[]	"[""chinese"",""traditional"",""radicals"",""frequency"",""character-to-radical"",""one-way"",""part-5""]"
zh-traditional-radicals-frequency-v/0921/character-to-radical	V	vocabulary	921	zh-Hant	zh-Hant	靈	"[""雨""]"	[]		"[""zh-Hant.frequency.0922"",""zh.radical.kangxi.173""]"	[]	[]	sources/characters.tsv	frequency-order position 921; corpus frequency rank 922; Ministry common-character number 4497	靈: frequency-order position 921; corpus frequency rank 922; 221 appearances (0.01831%); Unihan kRSUnicode 173.16; Kangxi radical 173 雨; Unihan kRSUnicode single radical assignment.	[]	"[""chinese"",""traditional"",""radicals"",""frequency"",""character-to-radical"",""one-way"",""part-5""]"
zh-traditional-radicals-frequency-v/0922/character-to-radical	V	vocabulary	922	zh-Hant	zh-Hant	楚	"[""木""]"	[]		"[""zh-Hant.frequency.0923"",""zh.radical.kangxi.075""]"	[]	[]	sources/characters.tsv	frequency-order position 922; corpus frequency rank 923; Ministry common-character number 1975	楚: frequency-order position 922; corpus frequency rank 923; 220 appearances (0.01822%); Unihan kRSUnicode 75.9; Kangxi radical 75 木; Unihan kRSUnicode single radical assignment.	[]	"[""chinese"",""traditional"",""radicals"",""frequency"",""character-to-radical"",""one-way"",""part-5""]"
zh-traditional-radicals-frequency-v/0923/character-to-radical	V	vocabulary	923	zh-Hant	zh-Hant	叔	"[""又""]"	[]		"[""zh-Hant.frequency.0924"",""zh.radical.kangxi.029""]"	[]	[]	sources/characters.tsv	frequency-order position 923; corpus frequency rank 924; Ministry common-character number 474	叔: frequency-order position 923; corpus frequency rank 924; 219 appearances (0.01814%); Unihan kRSUnicode 29.6; Kangxi radical 29 又; Unihan kRSUnicode single radical assignment.	[]	"[""chinese"",""traditional"",""radicals"",""frequency"",""character-to-radical"",""one-way"",""part-5""]"
zh-traditional-radicals-frequency-v/0924/character-to-radical	V	vocabulary	924	zh-Hant	zh-Hant	齒	"[""齒""]"	[]		"[""zh-Hant.frequency.0925"",""zh.radical.kangxi.211""]"	[]	[]	sources/characters.tsv	frequency-order position 924; corpus frequency rank 925; Ministry common-character number 4796	齒: frequency-order position 924; corpus frequency rank 925; 219 appearances (0.01814%); Unihan kRSUnicode 211.0; Kangxi radical 211 齒; Unihan kRSUnicode single radical assignment.	[]	"[""chinese"",""traditional"",""radicals"",""frequency"",""character-to-radical"",""one-way"",""part-5""]"
zh-traditional-radicals-frequency-v/0925/character-to-radical	V	vocabulary	925	zh-Hant	zh-Hant	洗	"[""水""]"	[]		"[""zh-Hant.frequency.0926"",""zh.radical.kangxi.085""]"	[]	[]	sources/characters.tsv	frequency-order position 925; corpus frequency rank 926; Ministry common-character number 2193	洗: frequency-order position 925; corpus frequency rank 926; 218 appearances (0.01806%); Unihan kRSUnicode 85.6; Kangxi radical 85 水; Unihan kRSUnicode single radical assignment.	[]	"[""chinese"",""traditional"",""radicals"",""frequency"",""character-to-radical"",""one-way"",""part-5""]"
zh-traditional-radicals-frequency-v/0926/character-to-radical	V	vocabulary	926	zh-Hant	zh-Hant	敢	"[""攴""]"	[]		"[""zh-Hant.frequency.0927"",""zh.radical.kangxi.066""]"	[]	[]	sources/characters.tsv	frequency-order position 926; corpus frequency rank 927; Ministry common-character number 1733	敢: frequency-order position 926; corpus frequency rank 927; 218 appearances (0.01806%); Unihan kRSUnicode 66.8; Kangxi radical 66 攴; Unihan kRSUnicode single radical assignment.	[]	"[""chinese"",""traditional"",""radicals"",""frequency"",""character-to-radical"",""one-way"",""part-5""]"
zh-traditional-radicals-frequency-v/0927/character-to-radical	V	vocabulary	927	zh-Hant	zh-Hant	甚	"[""甘""]"	[]		"[""zh-Hant.frequency.0928"",""zh.radical.kangxi.099""]"	[]	[]	sources/characters.tsv	frequency-order position 927; corpus frequency rank 928; Ministry common-character number 2621	甚: frequency-order position 927; corpus frequency rank 928; 217 appearances (0.01797%); Unihan kRSUnicode 99.4; Kangxi radical 99 甘; Unihan kRSUnicode single radical assignment.	[]	"[""chinese"",""traditional"",""radicals"",""frequency"",""character-to-radical"",""one-way"",""part-5""]"
zh-traditional-radicals-frequency-v/0928/character-to-radical	V	vocabulary	928	zh-Hant	zh-Hant	桃	"[""木""]"	[]		"[""zh-Hant.frequency.0929"",""zh.radical.kangxi.075""]"	[]	[]	sources/characters.tsv	frequency-order position 928; corpus frequency rank 929; Ministry common-character number 1928	桃: frequency-order position 928; corpus frequency rank 929; 217 appearances (0.01797%); Unihan kRSUnicode 75.6; Kangxi radical 75 木; Unihan kRSUnicode single radical assignment.	[]	"[""chinese"",""traditional"",""radicals"",""frequency"",""character-to-radical"",""one-way"",""part-5""]"
zh-traditional-radicals-frequency-v/0929/character-to-radical	V	vocabulary	929	zh-Hant	zh-Hant	陣	"[""阜""]"	[]		"[""zh-Hant.frequency.0930"",""zh.radical.kangxi.170""]"	[]	[]	sources/characters.tsv	frequency-order position 929; corpus frequency rank 930; Ministry common-character number 4416	陣: frequency-order position 929; corpus frequency rank 930; 217 appearances (0.01797%); Unihan kRSUnicode 170.7; Kangxi radical 170 阜; Unihan kRSUnicode single radical assignment.	[]	"[""chinese"",""traditional"",""radicals"",""frequency"",""character-to-radical"",""one-way"",""part-5""]"
zh-traditional-radicals-frequency-v/0930/character-to-radical	V	vocabulary	930	zh-Hant	zh-Hant	章	"[""立""]"	[]		"[""zh-Hant.frequency.0931"",""zh.radical.kangxi.117""]"	[]	[]	sources/characters.tsv	frequency-order position 930; corpus frequency rank 931; Ministry common-character number 4531	章: frequency-order position 930; corpus frequency rank 931; 217 appearances (0.01797%); Unihan kRSUnicode 180.2 117.6; Kangxi radical 117 立; Traditional dictionary radical 立 selected from Unihan alternatives 180.2 and 117.6.	[]	"[""chinese"",""traditional"",""radicals"",""frequency"",""character-to-radical"",""one-way"",""part-5""]"
zh-traditional-radicals-frequency-v/0931/character-to-radical	V	vocabulary	931	zh-Hant	zh-Hant	散	"[""攴""]"	[]		"[""zh-Hant.frequency.0932"",""zh.radical.kangxi.066""]"	[]	[]	sources/characters.tsv	frequency-order position 931; corpus frequency rank 932; Ministry common-character number 1734	散: frequency-order position 931; corpus frequency rank 932; 217 appearances (0.01797%); Unihan kRSUnicode 66.8; Kangxi radical 66 攴; Unihan kRSUnicode single radical assignment.	[]	"[""chinese"",""traditional"",""radicals"",""frequency"",""character-to-radical"",""one-way"",""part-5""]"
zh-traditional-radicals-frequency-v/0932/character-to-radical	V	vocabulary	932	zh-Hant	zh-Hant	樓	"[""木""]"	[]		"[""zh-Hant.frequency.0933"",""zh.radical.kangxi.075""]"	[]	[]	sources/characters.tsv	frequency-order position 932; corpus frequency rank 933; Ministry common-character number 2013	樓: frequency-order position 932; corpus frequency rank 933; 216 appearances (0.01789%); Unihan kRSUnicode 75.11; Kangxi radical 75 木; Unihan kRSUnicode single radical assignment.	[]	"[""chinese"",""traditional"",""radicals"",""frequency"",""character-to-radical"",""one-way"",""part-5""]"
zh-traditional-radicals-frequency-v/0933/character-to-radical	V	vocabulary	933	zh-Hant	zh-Hant	拍	"[""手""]"	[]		"[""zh-Hant.frequency.0934"",""zh.radical.kangxi.064""]"	[]	[]	sources/characters.tsv	frequency-order position 933; corpus frequency rank 934; Ministry common-character number 1543	拍: frequency-order position 933; corpus frequency rank 934; 215 appearances (0.01781%); Unihan kRSUnicode 64.5; Kangxi radical 64 手; Unihan kRSUnicode single radical assignment.	[]	"[""chinese"",""traditional"",""radicals"",""frequency"",""character-to-radical"",""one-way"",""part-5""]"
zh-traditional-radicals-frequency-v/0934/character-to-radical	V	vocabulary	934	zh-Hant	zh-Hant	府	"[""广""]"	[]		"[""zh-Hant.frequency.0935"",""zh.radical.kangxi.053""]"	[]	[]	sources/characters.tsv	frequency-order position 934; corpus frequency rank 935; Ministry common-character number 1206	府: frequency-order position 934; corpus frequency rank 935; 215 appearances (0.01781%); Unihan kRSUnicode 53.5; Kangxi radical 53 广; Unihan kRSUnicode single radical assignment.	[]	"[""chinese"",""traditional"",""radicals"",""frequency"",""character-to-radical"",""one-way"",""part-5""]"
zh-traditional-radicals-frequency-v/0935/character-to-radical	V	vocabulary	935	zh-Hant	zh-Hant	符	"[""竹""]"	[]		"[""zh-Hant.frequency.0936"",""zh.radical.kangxi.118""]"	[]	[]	sources/characters.tsv	frequency-order position 935; corpus frequency rank 936; Ministry common-character number 2994	符: frequency-order position 935; corpus frequency rank 936; 215 appearances (0.01781%); Unihan kRSUnicode 118.5; Kangxi radical 118 竹; Unihan kRSUnicode single radical assignment.	[]	"[""chinese"",""traditional"",""radicals"",""frequency"",""character-to-radical"",""one-way"",""part-5""]"
zh-traditional-radicals-frequency-v/0936/character-to-radical	V	vocabulary	936	zh-Hant	zh-Hant	介	"[""人""]"	[]		"[""zh-Hant.frequency.0937"",""zh.radical.kangxi.009""]"	[]	[]	sources/characters.tsv	frequency-order position 936; corpus frequency rank 937; Ministry common-character number 76	介: frequency-order position 936; corpus frequency rank 937; 214 appearances (0.01773%); Unihan kRSUnicode 9.2; Kangxi radical 9 人; Unihan kRSUnicode single radical assignment.	[]	"[""chinese"",""traditional"",""radicals"",""frequency"",""character-to-radical"",""one-way"",""part-5""]"
zh-traditional-radicals-frequency-v/0937/character-to-radical	V	vocabulary	937	zh-Hant	zh-Hant	庭	"[""广""]"	[]		"[""zh-Hant.frequency.0938"",""zh.radical.kangxi.053""]"	[]	[]	sources/characters.tsv	frequency-order position 937; corpus frequency rank 938; Ministry common-character number 1212	庭: frequency-order position 937; corpus frequency rank 938; 214 appearances (0.01773%); Unihan kRSUnicode 53.7; Kangxi radical 53 广; Unihan kRSUnicode single radical assignment.	[]	"[""chinese"",""traditional"",""radicals"",""frequency"",""character-to-radical"",""one-way"",""part-5""]"
zh-traditional-radicals-frequency-v/0938/character-to-radical	V	vocabulary	938	zh-Hant	zh-Hant	祖	"[""示""]"	[]		"[""zh-Hant.frequency.0939"",""zh.radical.kangxi.113""]"	[]	[]	sources/characters.tsv	frequency-order position 938; corpus frequency rank 939; Ministry common-character number 2889	祖: frequency-order position 938; corpus frequency rank 939; 214 appearances (0.01773%); Unihan kRSUnicode 113.5; Kangxi radical 113 示; Unihan kRSUnicode single radical assignment.	[]	"[""chinese"",""traditional"",""radicals"",""frequency"",""character-to-radical"",""one-way"",""part-5""]"
zh-traditional-radicals-frequency-v/0939/character-to-radical	V	vocabulary	939	zh-Hant	zh-Hant	伸	"[""人""]"	[]		"[""zh-Hant.frequency.0940"",""zh.radical.kangxi.009""]"	[]	[]	sources/characters.tsv	frequency-order position 939; corpus frequency rank 940; Ministry common-character number 117	伸: frequency-order position 939; corpus frequency rank 940; 213 appearances (0.01764%); Unihan kRSUnicode 9.5; Kangxi radical 9 人; Unihan kRSUnicode single radical assignment.	[]	"[""chinese"",""traditional"",""radicals"",""frequency"",""character-to-radical"",""one-way"",""part-5""]"
zh-traditional-radicals-frequency-v/0940/character-to-radical	V	vocabulary	940	zh-Hant	zh-Hant	按	"[""手""]"	[]		"[""zh-Hant.frequency.0941"",""zh.radical.kangxi.064""]"	[]	[]	sources/characters.tsv	frequency-order position 940; corpus frequency rank 941; Ministry common-character number 1555	按: frequency-order position 940; corpus frequency rank 941; 213 appearances (0.01764%); Unihan kRSUnicode 64.6; Kangxi radical 64 手; Unihan kRSUnicode single radical assignment.	[]	"[""chinese"",""traditional"",""radicals"",""frequency"",""character-to-radical"",""one-way"",""part-5""]"
zh-traditional-radicals-frequency-v/0941/character-to-radical	V	vocabulary	941	zh-Hant	zh-Hant	鬧	"[""鬥""]"	[]		"[""zh-Hant.frequency.0942"",""zh.radical.kangxi.191""]"	[]	[]	sources/characters.tsv	frequency-order position 941; corpus frequency rank 942; Ministry common-character number 4679	鬧: frequency-order position 941; corpus frequency rank 942; 213 appearances (0.01764%); Unihan kRSUnicode 191.5; Kangxi radical 191 鬥; Unihan kRSUnicode single radical assignment.	[]	"[""chinese"",""traditional"",""radicals"",""frequency"",""character-to-radical"",""one-way"",""part-5""]"
zh-traditional-radicals-frequency-v/0942/character-to-radical	V	vocabulary	942	zh-Hant	zh-Hant	刀	"[""刀""]"	[]		"[""zh-Hant.frequency.0943"",""zh.radical.kangxi.018""]"	[]	[]	sources/characters.tsv	frequency-order position 942; corpus frequency rank 943; Ministry common-character number 328	刀: frequency-order position 942; corpus frequency rank 943; 212 appearances (0.01756%); Unihan kRSUnicode 18.0; Kangxi radical 18 刀; Unihan kRSUnicode single radical assignment.	[]	"[""chinese"",""traditional"",""radicals"",""frequency"",""character-to-radical"",""one-way"",""part-5""]"
zh-traditional-radicals-frequency-v/0943/character-to-radical	V	vocabulary	943	zh-Hant	zh-Hant	否	"[""口""]"	[]		"[""zh-Hant.frequency.0944"",""zh.radical.kangxi.030""]"	[]	[]	sources/characters.tsv	frequency-order position 943; corpus frequency rank 944; Ministry common-character number 518	否: frequency-order position 943; corpus frequency rank 944; 212 appearances (0.01756%); Unihan kRSUnicode 30.4; Kangxi radical 30 口; Unihan kRSUnicode single radical assignment.	[]	"[""chinese"",""traditional"",""radicals"",""frequency"",""character-to-radical"",""one-way"",""part-5""]"
zh-traditional-radicals-frequency-v/0944/character-to-radical	V	vocabulary	944	zh-Hant	zh-Hant	灰	"[""火""]"	[]		"[""zh-Hant.frequency.0945"",""zh.radical.kangxi.086""]"	[]	[]	sources/characters.tsv	frequency-order position 944; corpus frequency rank 945; Ministry common-character number 2384	灰: frequency-order position 944; corpus frequency rank 945; 211 appearances (0.01748%); Unihan kRSUnicode 86.2; Kangxi radical 86 火; Unihan kRSUnicode single radical assignment.	[]	"[""chinese"",""traditional"",""radicals"",""frequency"",""character-to-radical"",""one-way"",""part-5""]"
zh-traditional-radicals-frequency-v/0945/character-to-radical	V	vocabulary	945	zh-Hant	zh-Hant	森	"[""木""]"	[]		"[""zh-Hant.frequency.0946"",""zh.radical.kangxi.075""]"	[]	[]	sources/characters.tsv	frequency-order position 945; corpus frequency rank 946; Ministry common-character number 1960	森: frequency-order position 945; corpus frequency rank 946; 211 appearances (0.01748%); Unihan kRSUnicode 75.8; Kangxi radical 75 木; Unihan kRSUnicode single radical assignment.	[]	"[""chinese"",""traditional"",""radicals"",""frequency"",""character-to-radical"",""one-way"",""part-5""]"
zh-traditional-radicals-frequency-v/0946/character-to-radical	V	vocabulary	946	zh-Hant	zh-Hant	揮	"[""手""]"	[]		"[""zh-Hant.frequency.0947"",""zh.radical.kangxi.064""]"	[]	[]	sources/characters.tsv	frequency-order position 946; corpus frequency rank 947; Ministry common-character number 1628	揮: frequency-order position 946; corpus frequency rank 947; 211 appearances (0.01748%); Unihan kRSUnicode 64.9; Kangxi radical 64 手; Unihan kRSUnicode single radical assignment.	[]	"[""chinese"",""traditional"",""radicals"",""frequency"",""character-to-radical"",""one-way"",""part-5""]"
zh-traditional-radicals-frequency-v/0947/character-to-radical	V	vocabulary	947	zh-Hant	zh-Hant	彈	"[""弓""]"	[]		"[""zh-Hant.frequency.0948"",""zh.radical.kangxi.057""]"	[]	[]	sources/characters.tsv	frequency-order position 947; corpus frequency rank 948; Ministry common-character number 1261	彈: frequency-order position 947; corpus frequency rank 948; 211 appearances (0.01748%); Unihan kRSUnicode 57.12; Kangxi radical 57 弓; Unihan kRSUnicode single radical assignment.	[]	"[""chinese"",""traditional"",""radicals"",""frequency"",""character-to-radical"",""one-way"",""part-5""]"
zh-traditional-radicals-frequency-v/0948/character-to-radical	V	vocabulary	948	zh-Hant	zh-Hant	秋	"[""禾""]"	[]		"[""zh-Hant.frequency.0949"",""zh.radical.kangxi.115""]"	[]	[]	sources/characters.tsv	frequency-order position 948; corpus frequency rank 949; Ministry common-character number 2918	秋: frequency-order position 948; corpus frequency rank 949; 210 appearances (0.01739%); Unihan kRSUnicode 115.4; Kangxi radical 115 禾; Unihan kRSUnicode single radical assignment.	[]	"[""chinese"",""traditional"",""radicals"",""frequency"",""character-to-radical"",""one-way"",""part-5""]"
zh-traditional-radicals-frequency-v/0949/character-to-radical	V	vocabulary	949	zh-Hant	zh-Hant	尋	"[""寸""]"	[]		"[""zh-Hant.frequency.0950"",""zh.radical.kangxi.041""]"	[]	[]	sources/characters.tsv	frequency-order position 949; corpus frequency rank 950; Ministry common-character number 1065	尋: frequency-order position 949; corpus frequency rank 950; 210 appearances (0.01739%); Unihan kRSUnicode 41.9; Kangxi radical 41 寸; Unihan kRSUnicode single radical assignment.	[]	"[""chinese"",""traditional"",""radicals"",""frequency"",""character-to-radical"",""one-way"",""part-5""]"
zh-traditional-radicals-frequency-v/0950/character-to-radical	V	vocabulary	950	zh-Hant	zh-Hant	編	"[""糸""]"	[]		"[""zh-Hant.frequency.0951"",""zh.radical.kangxi.120""]"	[]	[]	sources/characters.tsv	frequency-order position 950; corpus frequency rank 951; Ministry common-character number 3154	編: frequency-order position 950; corpus frequency rank 951; 210 appearances (0.01739%); Unihan kRSUnicode 120.9; Kangxi radical 120 糸; Unihan kRSUnicode single radical assignment.	[]	"[""chinese"",""traditional"",""radicals"",""frequency"",""character-to-radical"",""one-way"",""part-5""]"
zh-traditional-radicals-frequency-v/0951/character-to-radical	V	vocabulary	951	zh-Hant	zh-Hant	營	"[""火""]"	[]		"[""zh-Hant.frequency.0952"",""zh.radical.kangxi.086""]"	[]	[]	sources/characters.tsv	frequency-order position 951; corpus frequency rank 952; Ministry common-character number 2453	營: frequency-order position 951; corpus frequency rank 952; 210 appearances (0.01739%); Unihan kRSUnicode 86.13; Kangxi radical 86 火; Unihan kRSUnicode single radical assignment.	[]	"[""chinese"",""traditional"",""radicals"",""frequency"",""character-to-radical"",""one-way"",""part-5""]"
zh-traditional-radicals-frequency-v/0952/character-to-radical	V	vocabulary	952	zh-Hant	zh-Hant	堅	"[""土""]"	[]		"[""zh-Hant.frequency.0953"",""zh.radical.kangxi.032""]"	[]	[]	sources/characters.tsv	frequency-order position 952; corpus frequency rank 953; Ministry common-character number 776	堅: frequency-order position 952; corpus frequency rank 953; 209 appearances (0.01731%); Unihan kRSUnicode 32.8; Kangxi radical 32 土; Unihan kRSUnicode single radical assignment.	[]	"[""chinese"",""traditional"",""radicals"",""frequency"",""character-to-radical"",""one-way"",""part-5""]"
zh-traditional-radicals-frequency-v/0953/character-to-radical	V	vocabulary	953	zh-Hant	zh-Hant	移	"[""禾""]"	[]		"[""zh-Hant.frequency.0954"",""zh.radical.kangxi.115""]"	[]	[]	sources/characters.tsv	frequency-order position 953; corpus frequency rank 954; Ministry common-character number 2925	移: frequency-order position 953; corpus frequency rank 954; 209 appearances (0.01731%); Unihan kRSUnicode 115.6; Kangxi radical 115 禾; Unihan kRSUnicode single radical assignment.	[]	"[""chinese"",""traditional"",""radicals"",""frequency"",""character-to-radical"",""one-way"",""part-5""]"
zh-traditional-radicals-frequency-v/0954/character-to-radical	V	vocabulary	954	zh-Hant	zh-Hant	談	"[""言""]"	[]		"[""zh-Hant.frequency.0955"",""zh.radical.kangxi.149""]"	[]	[]	sources/characters.tsv	frequency-order position 954; corpus frequency rank 955; Ministry common-character number 3846	談: frequency-order position 954; corpus frequency rank 955; 209 appearances (0.01731%); Unihan kRSUnicode 149.8; Kangxi radical 149 言; Unihan kRSUnicode single radical assignment.	[]	"[""chinese"",""traditional"",""radicals"",""frequency"",""character-to-radical"",""one-way"",""part-5""]"
zh-traditional-radicals-frequency-v/0955/character-to-radical	V	vocabulary	955	zh-Hant	zh-Hant	擊	"[""手""]"	[]		"[""zh-Hant.frequency.0956"",""zh.radical.kangxi.064""]"	[]	[]	sources/characters.tsv	frequency-order position 955; corpus frequency rank 956; Ministry common-character number 1690	擊: frequency-order position 955; corpus frequency rank 956; 209 appearances (0.01731%); Unihan kRSUnicode 64.13; Kangxi radical 64 手; Unihan kRSUnicode single radical assignment.	[]	"[""chinese"",""traditional"",""radicals"",""frequency"",""character-to-radical"",""one-way"",""part-5""]"
zh-traditional-radicals-frequency-v/0956/character-to-radical	V	vocabulary	956	zh-Hant	zh-Hant	賣	"[""貝""]"	[]		"[""zh-Hant.frequency.0957"",""zh.radical.kangxi.154""]"	[]	[]	sources/characters.tsv	frequency-order position 956; corpus frequency rank 957; Ministry common-character number 3968	賣: frequency-order position 956; corpus frequency rank 957; 208 appearances (0.01723%); Unihan kRSUnicode 154.8; Kangxi radical 154 貝; Unihan kRSUnicode single radical assignment.	[]	"[""chinese"",""traditional"",""radicals"",""frequency"",""character-to-radical"",""one-way"",""part-5""]"
zh-traditional-radicals-frequency-v/0957/character-to-radical	V	vocabulary	957	zh-Hant	zh-Hant	暖	"[""日""]"	[]		"[""zh-Hant.frequency.0958"",""zh.radical.kangxi.072""]"	[]	[]	sources/characters.tsv	frequency-order position 957; corpus frequency rank 958; Ministry common-character number 1816	暖: frequency-order position 957; corpus frequency rank 958; 207 appearances (0.01715%); Unihan kRSUnicode 72.9; Kangxi radical 72 日; Unihan kRSUnicode single radical assignment.	[]	"[""chinese"",""traditional"",""radicals"",""frequency"",""character-to-radical"",""one-way"",""part-5""]"
zh-traditional-radicals-frequency-v/0958/character-to-radical	V	vocabulary	958	zh-Hant	zh-Hant	爭	"[""爪""]"	[]		"[""zh-Hant.frequency.0959"",""zh.radical.kangxi.087""]"	[]	[]	sources/characters.tsv	frequency-order position 958; corpus frequency rank 959; Ministry common-character number 2468	爭: frequency-order position 958; corpus frequency rank 959; 206 appearances (0.01706%); Unihan kRSUnicode 87.4; Kangxi radical 87 爪; Unihan kRSUnicode single radical assignment.	[]	"[""chinese"",""traditional"",""radicals"",""frequency"",""character-to-radical"",""one-way"",""part-5""]"
zh-traditional-radicals-frequency-v/0959/character-to-radical	V	vocabulary	959	zh-Hant	zh-Hant	紛	"[""糸""]"	[]		"[""zh-Hant.frequency.0960"",""zh.radical.kangxi.120""]"	[]	[]	sources/characters.tsv	frequency-order position 959; corpus frequency rank 960; Ministry common-character number 3101	紛: frequency-order position 959; corpus frequency rank 960; 206 appearances (0.01706%); Unihan kRSUnicode 120.4; Kangxi radical 120 糸; Unihan kRSUnicode single radical assignment.	[]	"[""chinese"",""traditional"",""radicals"",""frequency"",""character-to-radical"",""one-way"",""part-5""]"
zh-traditional-radicals-frequency-v/0960/character-to-radical	V	vocabulary	960	zh-Hant	zh-Hant	盛	"[""皿""]"	[]		"[""zh-Hant.frequency.0961"",""zh.radical.kangxi.108""]"	[]	[]	sources/characters.tsv	frequency-order position 960; corpus frequency rank 961; Ministry common-character number 2746	盛: frequency-order position 960; corpus frequency rank 961; 205 appearances (0.01698%); Unihan kRSUnicode 108.6; Kangxi radical 108 皿; Unihan kRSUnicode single radical assignment.	[]	"[""chinese"",""traditional"",""radicals"",""frequency"",""character-to-radical"",""one-way"",""part-5""]"
zh-traditional-radicals-frequency-v/0961/character-to-radical	V	vocabulary	961	zh-Hant	zh-Hant	替	"[""曰""]"	[]		"[""zh-Hant.frequency.0962"",""zh.radical.kangxi.073""]"	[]	[]	sources/characters.tsv	frequency-order position 961; corpus frequency rank 962; Ministry common-character number 1839	替: frequency-order position 961; corpus frequency rank 962; 205 appearances (0.01698%); Unihan kRSUnicode 73.8; Kangxi radical 73 曰; Unihan kRSUnicode single radical assignment.	[]	"[""chinese"",""traditional"",""radicals"",""frequency"",""character-to-radical"",""one-way"",""part-5""]"
zh-traditional-radicals-frequency-v/0962/character-to-radical	V	vocabulary	962	zh-Hant	zh-Hant	餐	"[""食""]"	[]		"[""zh-Hant.frequency.0963"",""zh.radical.kangxi.184""]"	[]	[]	sources/characters.tsv	frequency-order position 962; corpus frequency rank 963; Ministry common-character number 4601	餐: frequency-order position 962; corpus frequency rank 963; 205 appearances (0.01698%); Unihan kRSUnicode 184.7; Kangxi radical 184 食; Unihan kRSUnicode single radical assignment.	[]	"[""chinese"",""traditional"",""radicals"",""frequency"",""character-to-radical"",""one-way"",""part-5""]"
zh-traditional-radicals-frequency-v/0963/character-to-radical	V	vocabulary	963	zh-Hant	zh-Hant	志	"[""心""]"	[]		"[""zh-Hant.frequency.0964"",""zh.radical.kangxi.061""]"	[]	[]	sources/characters.tsv	frequency-order position 963; corpus frequency rank 964; Ministry common-character number 1311	志: frequency-order position 963; corpus frequency rank 964; 204 appearances (0.01690%); Unihan kRSUnicode 61.3; Kangxi radical 61 心; Unihan kRSUnicode single radical assignment.	[]	"[""chinese"",""traditional"",""radicals"",""frequency"",""character-to-radical"",""one-way"",""part-5""]"
zh-traditional-radicals-frequency-v/0964/character-to-radical	V	vocabulary	964	zh-Hant	zh-Hant	虎	"[""虍""]"	[]		"[""zh-Hant.frequency.0965"",""zh.radical.kangxi.141""]"	[]	[]	sources/characters.tsv	frequency-order position 964; corpus frequency rank 965; Ministry common-character number 3604	虎: frequency-order position 964; corpus frequency rank 965; 204 appearances (0.01690%); Unihan kRSUnicode 141.2; Kangxi radical 141 虍; Unihan kRSUnicode single radical assignment.	[]	"[""chinese"",""traditional"",""radicals"",""frequency"",""character-to-radical"",""one-way"",""part-5""]"
zh-traditional-radicals-frequency-v/0965/character-to-radical	V	vocabulary	965	zh-Hant	zh-Hant	桌	"[""木""]"	[]		"[""zh-Hant.frequency.0966"",""zh.radical.kangxi.075""]"	[]	[]	sources/characters.tsv	frequency-order position 965; corpus frequency rank 966; Ministry common-character number 1921	桌: frequency-order position 965; corpus frequency rank 966; 204 appearances (0.01690%); Unihan kRSUnicode 75.6; Kangxi radical 75 木; Unihan kRSUnicode single radical assignment.	[]	"[""chinese"",""traditional"",""radicals"",""frequency"",""character-to-radical"",""one-way"",""part-5""]"
zh-traditional-radicals-frequency-v/0966/character-to-radical	V	vocabulary	966	zh-Hant	zh-Hant	夢	"[""夕""]"	[]		"[""zh-Hant.frequency.0967"",""zh.radical.kangxi.036""]"	[]	[]	sources/characters.tsv	frequency-order position 966; corpus frequency rank 967; Ministry common-character number 846	夢: frequency-order position 966; corpus frequency rank 967; 204 appearances (0.01690%); Unihan kRSUnicode 36.11; Kangxi radical 36 夕; Unihan kRSUnicode single radical assignment.	[]	"[""chinese"",""traditional"",""radicals"",""frequency"",""character-to-radical"",""one-way"",""part-5""]"
zh-traditional-radicals-frequency-v/0967/character-to-radical	V	vocabulary	967	zh-Hant	zh-Hant	耳	"[""耳""]"	[]		"[""zh-Hant.frequency.0968"",""zh.radical.kangxi.128""]"	[]	[]	sources/characters.tsv	frequency-order position 967; corpus frequency rank 968; Ministry common-character number 3264	耳: frequency-order position 967; corpus frequency rank 968; 203 appearances (0.01681%); Unihan kRSUnicode 128.0; Kangxi radical 128 耳; Unihan kRSUnicode single radical assignment.	[]	"[""chinese"",""traditional"",""radicals"",""frequency"",""character-to-radical"",""one-way"",""part-5""]"
zh-traditional-radicals-frequency-v/0968/character-to-radical	V	vocabulary	968	zh-Hant	zh-Hant	尼	"[""尸""]"	[]		"[""zh-Hant.frequency.0969"",""zh.radical.kangxi.044""]"	[]	[]	sources/characters.tsv	frequency-order position 968; corpus frequency rank 969; Ministry common-character number 1078	尼: frequency-order position 968; corpus frequency rank 969; 203 appearances (0.01681%); Unihan kRSUnicode 44.2; Kangxi radical 44 尸; Unihan kRSUnicode single radical assignment.	[]	"[""chinese"",""traditional"",""radicals"",""frequency"",""character-to-radical"",""one-way"",""part-5""]"
zh-traditional-radicals-frequency-v/0969/character-to-radical	V	vocabulary	969	zh-Hant	zh-Hant	堡	"[""土""]"	[]		"[""zh-Hant.frequency.0970"",""zh.radical.kangxi.032""]"	[]	[]	sources/characters.tsv	frequency-order position 969; corpus frequency rank 970; Ministry common-character number 792	堡: frequency-order position 969; corpus frequency rank 970; 203 appearances (0.01681%); Unihan kRSUnicode 32.9; Kangxi radical 32 土; Unihan kRSUnicode single radical assignment.	[]	"[""chinese"",""traditional"",""radicals"",""frequency"",""character-to-radical"",""one-way"",""part-5""]"
zh-traditional-radicals-frequency-v/0970/character-to-radical	V	vocabulary	970	zh-Hant	zh-Hant	殼	"[""殳""]"	[]		"[""zh-Hant.frequency.0971"",""zh.radical.kangxi.079""]"	[]	[]	sources/characters.tsv	frequency-order position 970; corpus frequency rank 971; Ministry common-character number 2092	殼: frequency-order position 970; corpus frequency rank 971; 203 appearances (0.01681%); Unihan kRSUnicode 79.8; Kangxi radical 79 殳; Unihan kRSUnicode single radical assignment.	[]	"[""chinese"",""traditional"",""radicals"",""frequency"",""character-to-radical"",""one-way"",""part-5""]"
zh-traditional-radicals-frequency-v/0971/character-to-radical	V	vocabulary	971	zh-Hant	zh-Hant	杯	"[""木""]"	[]		"[""zh-Hant.frequency.0972"",""zh.radical.kangxi.075""]"	[]	[]	sources/characters.tsv	frequency-order position 971; corpus frequency rank 972; Ministry common-character number 1882	杯: frequency-order position 971; corpus frequency rank 972; 202 appearances (0.01673%); Unihan kRSUnicode 75.4; Kangxi radical 75 木; Unihan kRSUnicode single radical assignment.	[]	"[""chinese"",""traditional"",""radicals"",""frequency"",""character-to-radical"",""one-way"",""part-5""]"
zh-traditional-radicals-frequency-v/0972/character-to-radical	V	vocabulary	972	zh-Hant	zh-Hant	堂	"[""土""]"	[]		"[""zh-Hant.frequency.0973"",""zh.radical.kangxi.032""]"	[]	[]	sources/characters.tsv	frequency-order position 972; corpus frequency rank 973; Ministry common-character number 782	堂: frequency-order position 972; corpus frequency rank 973; 202 appearances (0.01673%); Unihan kRSUnicode 32.8; Kangxi radical 32 土; Unihan kRSUnicode single radical assignment.	[]	"[""chinese"",""traditional"",""radicals"",""frequency"",""character-to-radical"",""one-way"",""part-5""]"
zh-traditional-radicals-frequency-v/0973/character-to-radical	V	vocabulary	973	zh-Hant	zh-Hant	圈	"[""囗""]"	[]		"[""zh-Hant.frequency.0974"",""zh.radical.kangxi.031""]"	[]	[]	sources/characters.tsv	frequency-order position 973; corpus frequency rank 974; Ministry common-character number 733	圈: frequency-order position 973; corpus frequency rank 974; 202 appearances (0.01673%); Unihan kRSUnicode 31.8; Kangxi radical 31 囗; Unihan kRSUnicode single radical assignment.	[]	"[""chinese"",""traditional"",""radicals"",""frequency"",""character-to-radical"",""one-way"",""part-5""]"
zh-traditional-radicals-frequency-v/0974/character-to-radical	V	vocabulary	974	zh-Hant	zh-Hant	吉	"[""口""]"	[]		"[""zh-Hant.frequency.0975"",""zh.radical.kangxi.030""]"	[]	[]	sources/characters.tsv	frequency-order position 974; corpus frequency rank 975; Ministry common-character number 499	吉: frequency-order position 974; corpus frequency rank 975; 201 appearances (0.01665%); Unihan kRSUnicode 30.3; Kangxi radical 30 口; Unihan kRSUnicode single radical assignment.	[]	"[""chinese"",""traditional"",""radicals"",""frequency"",""character-to-radical"",""one-way"",""part-5""]"
zh-traditional-radicals-frequency-v/0975/character-to-radical	V	vocabulary	975	zh-Hant	zh-Hant	店	"[""广""]"	[]		"[""zh-Hant.frequency.0976"",""zh.radical.kangxi.053""]"	[]	[]	sources/characters.tsv	frequency-order position 975; corpus frequency rank 976; Ministry common-character number 1205	店: frequency-order position 975; corpus frequency rank 976; 201 appearances (0.01665%); Unihan kRSUnicode 53.5; Kangxi radical 53 广; Unihan kRSUnicode single radical assignment.	[]	"[""chinese"",""traditional"",""radicals"",""frequency"",""character-to-radical"",""one-way"",""part-5""]"
zh-traditional-radicals-frequency-v/0976/character-to-radical	V	vocabulary	976	zh-Hant	zh-Hant	乘	"[""丿""]"	[]		"[""zh-Hant.frequency.0977"",""zh.radical.kangxi.004""]"	[]	[]	sources/characters.tsv	frequency-order position 976; corpus frequency rank 977; Ministry common-character number 37	乘: frequency-order position 976; corpus frequency rank 977; 201 appearances (0.01665%); Unihan kRSUnicode 4.9; Kangxi radical 4 丿; Unihan kRSUnicode single radical assignment.	[]	"[""chinese"",""traditional"",""radicals"",""frequency"",""character-to-radical"",""one-way"",""part-5""]"
zh-traditional-radicals-frequency-v/0977/character-to-radical	V	vocabulary	977	zh-Hant	zh-Hant	值	"[""人""]"	[]		"[""zh-Hant.frequency.0978"",""zh.radical.kangxi.009""]"	[]	[]	sources/characters.tsv	frequency-order position 977; corpus frequency rank 978; Ministry common-character number 179	值: frequency-order position 977; corpus frequency rank 978; 201 appearances (0.01665%); Unihan kRSUnicode 9.8; Kangxi radical 9 人; Unihan kRSUnicode single radical assignment.	[]	"[""chinese"",""traditional"",""radicals"",""frequency"",""character-to-radical"",""one-way"",""part-5""]"
zh-traditional-radicals-frequency-v/0978/character-to-radical	V	vocabulary	978	zh-Hant	zh-Hant	烈	"[""火""]"	[]		"[""zh-Hant.frequency.0979"",""zh.radical.kangxi.086""]"	[]	[]	sources/characters.tsv	frequency-order position 978; corpus frequency rank 979; Ministry common-character number 2406	烈: frequency-order position 978; corpus frequency rank 979; 201 appearances (0.01665%); Unihan kRSUnicode 86.6; Kangxi radical 86 火; Unihan kRSUnicode single radical assignment.	[]	"[""chinese"",""traditional"",""radicals"",""frequency"",""character-to-radical"",""one-way"",""part-5""]"
zh-traditional-radicals-frequency-v/0979/character-to-radical	V	vocabulary	979	zh-Hant	zh-Hant	異	"[""田""]"	[]		"[""zh-Hant.frequency.0980"",""zh.radical.kangxi.102""]"	[]	[]	sources/characters.tsv	frequency-order position 979; corpus frequency rank 980; Ministry common-character number 2649	異: frequency-order position 979; corpus frequency rank 980; 201 appearances (0.01665%); Unihan kRSUnicode 102.6; Kangxi radical 102 田; Unihan kRSUnicode single radical assignment.	[]	"[""chinese"",""traditional"",""radicals"",""frequency"",""character-to-radical"",""one-way"",""part-5""]"
zh-traditional-radicals-frequency-v/0980/character-to-radical	V	vocabulary	980	zh-Hant	zh-Hant	聖	"[""耳""]"	[]		"[""zh-Hant.frequency.0981"",""zh.radical.kangxi.128""]"	[]	[]	sources/characters.tsv	frequency-order position 980; corpus frequency rank 981; Ministry common-character number 3270	聖: frequency-order position 980; corpus frequency rank 981; 201 appearances (0.01665%); Unihan kRSUnicode 128.7; Kangxi radical 128 耳; Unihan kRSUnicode single radical assignment.	[]	"[""chinese"",""traditional"",""radicals"",""frequency"",""character-to-radical"",""one-way"",""part-5""]"
zh-traditional-radicals-frequency-v/0981/character-to-radical	V	vocabulary	981	zh-Hant	zh-Hant	暗	"[""日""]"	[]		"[""zh-Hant.frequency.0982"",""zh.radical.kangxi.072""]"	[]	[]	sources/characters.tsv	frequency-order position 981; corpus frequency rank 982; Ministry common-character number 1812	暗: frequency-order position 981; corpus frequency rank 982; 200 appearances (0.01657%); Unihan kRSUnicode 72.9; Kangxi radical 72 日; Unihan kRSUnicode single radical assignment.	[]	"[""chinese"",""traditional"",""radicals"",""frequency"",""character-to-radical"",""one-way"",""part-5""]"
zh-traditional-radicals-frequency-v/0982/character-to-radical	V	vocabulary	982	zh-Hant	zh-Hant	獎	"[""犬""]"	[]		"[""zh-Hant.frequency.0983"",""zh.radical.kangxi.094""]"	[]	[]	sources/characters.tsv	frequency-order position 982; corpus frequency rank 983; Ministry common-character number 2539	獎: frequency-order position 982; corpus frequency rank 983; 198 appearances (0.01640%); Unihan kRSUnicode 94.11; Kangxi radical 94 犬; Unihan kRSUnicode single radical assignment.	[]	"[""chinese"",""traditional"",""radicals"",""frequency"",""character-to-radical"",""one-way"",""part-5""]"
zh-traditional-radicals-frequency-v/0983/character-to-radical	V	vocabulary	983	zh-Hant	zh-Hant	嚴	"[""口""]"	[]		"[""zh-Hant.frequency.0984"",""zh.radical.kangxi.030""]"	[]	[]	sources/characters.tsv	frequency-order position 983; corpus frequency rank 984; Ministry common-character number 714	嚴: frequency-order position 983; corpus frequency rank 984; 198 appearances (0.01640%); Unihan kRSUnicode 30.17; Kangxi radical 30 口; Unihan kRSUnicode single radical assignment.	[]	"[""chinese"",""traditional"",""radicals"",""frequency"",""character-to-radical"",""one-way"",""part-5""]"
zh-traditional-radicals-frequency-v/0984/character-to-radical	V	vocabulary	984	zh-Hant	zh-Hant	鎮	"[""金""]"	[]		"[""zh-Hant.frequency.0985"",""zh.radical.kangxi.167""]"	[]	[]	sources/characters.tsv	frequency-order position 984; corpus frequency rank 985; Ministry common-character number 4335	鎮: frequency-order position 984; corpus frequency rank 985; 198 appearances (0.01640%); Unihan kRSUnicode 167.10; Kangxi radical 167 金; Unihan kRSUnicode single radical assignment.	[]	"[""chinese"",""traditional"",""radicals"",""frequency"",""character-to-radical"",""one-way"",""part-5""]"
zh-traditional-radicals-frequency-v/0985/character-to-radical	V	vocabulary	985	zh-Hant	zh-Hant	麻	"[""麻""]"	[]		"[""zh-Hant.frequency.0986"",""zh.radical.kangxi.200""]"	[]	[]	sources/characters.tsv	frequency-order position 985; corpus frequency rank 986; Ministry common-character number 4764	麻: frequency-order position 985; corpus frequency rank 986; 196 appearances (0.01623%); Unihan kRSUnicode 200.0; Kangxi radical 200 麻; Unihan kRSUnicode single radical assignment.	[]	"[""chinese"",""traditional"",""radicals"",""frequency"",""character-to-radical"",""one-way"",""part-5""]"
zh-traditional-radicals-frequency-v/0986/character-to-radical	V	vocabulary	986	zh-Hant	zh-Hant	兄	"[""儿""]"	[]		"[""zh-Hant.frequency.0987"",""zh.radical.kangxi.010""]"	[]	[]	sources/characters.tsv	frequency-order position 986; corpus frequency rank 987; Ministry common-character number 267	兄: frequency-order position 986; corpus frequency rank 987; 195 appearances (0.01615%); Unihan kRSUnicode 10.3; Kangxi radical 10 儿; Unihan kRSUnicode single radical assignment.	[]	"[""chinese"",""traditional"",""radicals"",""frequency"",""character-to-radical"",""one-way"",""part-5""]"
zh-traditional-radicals-frequency-v/0987/character-to-radical	V	vocabulary	987	zh-Hant	zh-Hant	猴	"[""犬""]"	[]		"[""zh-Hant.frequency.0988"",""zh.radical.kangxi.094""]"	[]	[]	sources/characters.tsv	frequency-order position 987; corpus frequency rank 988; Ministry common-character number 2531	猴: frequency-order position 987; corpus frequency rank 988; 195 appearances (0.01615%); Unihan kRSUnicode 94.9; Kangxi radical 94 犬; Unihan kRSUnicode single radical assignment.	[]	"[""chinese"",""traditional"",""radicals"",""frequency"",""character-to-radical"",""one-way"",""part-5""]"
zh-traditional-radicals-frequency-v/0988/character-to-radical	V	vocabulary	988	zh-Hant	zh-Hant	忍	"[""心""]"	[]		"[""zh-Hant.frequency.0989"",""zh.radical.kangxi.061""]"	[]	[]	sources/characters.tsv	frequency-order position 988; corpus frequency rank 989; Ministry common-character number 1312	忍: frequency-order position 988; corpus frequency rank 989; 194 appearances (0.01607%); Unihan kRSUnicode 61.3; Kangxi radical 61 心; Unihan kRSUnicode single radical assignment.	[]	"[""chinese"",""traditional"",""radicals"",""frequency"",""character-to-radical"",""one-way"",""part-5""]"
zh-traditional-radicals-frequency-v/0989/character-to-radical	V	vocabulary	989	zh-Hant	zh-Hant	毒	"[""毋""]"	[]		"[""zh-Hant.frequency.0990"",""zh.radical.kangxi.080""]"	[]	[]	sources/characters.tsv	frequency-order position 989; corpus frequency rank 990; Ministry common-character number 2100	毒: frequency-order position 989; corpus frequency rank 990; 194 appearances (0.01607%); Unihan kRSUnicode 80.4; Kangxi radical 80 毋; Unihan kRSUnicode single radical assignment.	[]	"[""chinese"",""traditional"",""radicals"",""frequency"",""character-to-radical"",""one-way"",""part-5""]"
zh-traditional-radicals-frequency-v/0990/character-to-radical	V	vocabulary	990	zh-Hant	zh-Hant	悄	"[""心""]"	[]		"[""zh-Hant.frequency.0991"",""zh.radical.kangxi.061""]"	[]	[]	sources/characters.tsv	frequency-order position 990; corpus frequency rank 991; Ministry common-character number 1353	悄: frequency-order position 990; corpus frequency rank 991; 194 appearances (0.01607%); Unihan kRSUnicode 61.7; Kangxi radical 61 心; Unihan kRSUnicode single radical assignment.	[]	"[""chinese"",""traditional"",""radicals"",""frequency"",""character-to-radical"",""one-way"",""part-5""]"
zh-traditional-radicals-frequency-v/0991/character-to-radical	V	vocabulary	991	zh-Hant	zh-Hant	秦	"[""禾""]"	[]		"[""zh-Hant.frequency.0992"",""zh.radical.kangxi.115""]"	[]	[]	sources/characters.tsv	frequency-order position 991; corpus frequency rank 992; Ministry common-character number 2923	秦: frequency-order position 991; corpus frequency rank 992; 194 appearances (0.01607%); Unihan kRSUnicode 115.5; Kangxi radical 115 禾; Unihan kRSUnicode single radical assignment.	[]	"[""chinese"",""traditional"",""radicals"",""frequency"",""character-to-radical"",""one-way"",""part-5""]"
zh-traditional-radicals-frequency-v/0992/character-to-radical	V	vocabulary	992	zh-Hant	zh-Hant	採	"[""手""]"	[]		"[""zh-Hant.frequency.0993"",""zh.radical.kangxi.064""]"	[]	[]	sources/characters.tsv	frequency-order position 992; corpus frequency rank 993; Ministry common-character number 1606	採: frequency-order position 992; corpus frequency rank 993; 194 appearances (0.01607%); Unihan kRSUnicode 64.8; Kangxi radical 64 手; Unihan kRSUnicode single radical assignment.	[]	"[""chinese"",""traditional"",""radicals"",""frequency"",""character-to-radical"",""one-way"",""part-5""]"
zh-traditional-radicals-frequency-v/0993/character-to-radical	V	vocabulary	993	zh-Hant	zh-Hant	床	"[""广""]"	[]		"[""zh-Hant.frequency.0994"",""zh.radical.kangxi.053""]"	[]	[]	sources/characters.tsv	frequency-order position 993; corpus frequency rank 994; Ministry common-character number 1203	床: frequency-order position 993; corpus frequency rank 994; 193 appearances (0.01599%); Unihan kRSUnicode 53.4; Kangxi radical 53 广; Unihan kRSUnicode single radical assignment.	[]	"[""chinese"",""traditional"",""radicals"",""frequency"",""character-to-radical"",""one-way"",""part-5""]"
zh-traditional-radicals-frequency-v/0994/character-to-radical	V	vocabulary	994	zh-Hant	zh-Hant	茶	"[""艸""]"	[]		"[""zh-Hant.frequency.0995"",""zh.radical.kangxi.140""]"	[]	[]	sources/characters.tsv	frequency-order position 994; corpus frequency rank 995; Ministry common-character number 3475	茶: frequency-order position 994; corpus frequency rank 995; 193 appearances (0.01599%); Unihan kRSUnicode 140.6; Kangxi radical 140 艸; Unihan kRSUnicode single radical assignment.	[]	"[""chinese"",""traditional"",""radicals"",""frequency"",""character-to-radical"",""one-way"",""part-5""]"
zh-traditional-radicals-frequency-v/0995/character-to-radical	V	vocabulary	995	zh-Hant	zh-Hant	滑	"[""水""]"	[]		"[""zh-Hant.frequency.0996"",""zh.radical.kangxi.085""]"	[]	[]	sources/characters.tsv	frequency-order position 995; corpus frequency rank 996; Ministry common-character number 2291	滑: frequency-order position 995; corpus frequency rank 996; 193 appearances (0.01599%); Unihan kRSUnicode 85.10; Kangxi radical 85 水; Unihan kRSUnicode single radical assignment.	[]	"[""chinese"",""traditional"",""radicals"",""frequency"",""character-to-radical"",""one-way"",""part-5""]"
zh-traditional-radicals-frequency-v/0996/character-to-radical	V	vocabulary	996	zh-Hant	zh-Hant	聞	"[""耳""]"	[]		"[""zh-Hant.frequency.0997"",""zh.radical.kangxi.128""]"	[]	[]	sources/characters.tsv	frequency-order position 996; corpus frequency rank 997; Ministry common-character number 3272	聞: frequency-order position 996; corpus frequency rank 997; 193 appearances (0.01599%); Unihan kRSUnicode 128.8; Kangxi radical 128 耳; Unihan kRSUnicode single radical assignment.	[]	"[""chinese"",""traditional"",""radicals"",""frequency"",""character-to-radical"",""one-way"",""part-5""]"
zh-traditional-radicals-frequency-v/0997/character-to-radical	V	vocabulary	997	zh-Hant	zh-Hant	齊	"[""齊""]"	[]		"[""zh-Hant.frequency.0998"",""zh.radical.kangxi.210""]"	[]	[]	sources/characters.tsv	frequency-order position 997; corpus frequency rank 998; Ministry common-character number 4794	齊: frequency-order position 997; corpus frequency rank 998; 193 appearances (0.01599%); Unihan kRSUnicode 210.0; Kangxi radical 210 齊; Unihan kRSUnicode single radical assignment.	[]	"[""chinese"",""traditional"",""radicals"",""frequency"",""character-to-radical"",""one-way"",""part-5""]"
zh-traditional-radicals-frequency-v/0998/character-to-radical	V	vocabulary	998	zh-Hant	zh-Hant	哦	"[""口""]"	[]		"[""zh-Hant.frequency.0999"",""zh.radical.kangxi.030""]"	[]	[]	sources/characters.tsv	frequency-order position 998; corpus frequency rank 999; Ministry common-character number 598	哦: frequency-order position 998; corpus frequency rank 999; 192 appearances (0.01590%); Unihan kRSUnicode 30.7; Kangxi radical 30 口; Unihan kRSUnicode single radical assignment.	[]	"[""chinese"",""traditional"",""radicals"",""frequency"",""character-to-radical"",""one-way"",""part-5""]"
zh-traditional-radicals-frequency-v/0999/character-to-radical	V	vocabulary	999	zh-Hant	zh-Hant	雅	"[""隹""]"	[]		"[""zh-Hant.frequency.1000"",""zh.radical.kangxi.172""]"	[]	[]	sources/characters.tsv	frequency-order position 999; corpus frequency rank 1000; Ministry common-character number 4452	雅: frequency-order position 999; corpus frequency rank 1000; 192 appearances (0.01590%); Unihan kRSUnicode 172.4; Kangxi radical 172 隹; Unihan kRSUnicode single radical assignment.	[]	"[""chinese"",""traditional"",""radicals"",""frequency"",""character-to-radical"",""one-way"",""part-5""]"
zh-traditional-radicals-frequency-v/1000/character-to-radical	V	vocabulary	1000	zh-Hant	zh-Hant	箱	"[""竹""]"	[]		"[""zh-Hant.frequency.1001"",""zh.radical.kangxi.118""]"	[]	[]	sources/characters.tsv	frequency-order position 1000; corpus frequency rank 1001; Ministry common-character number 3018	箱: frequency-order position 1000; corpus frequency rank 1001; 192 appearances (0.01590%); Unihan kRSUnicode 118.9; Kangxi radical 118 竹; Unihan kRSUnicode single radical assignment.	[]	"[""chinese"",""traditional"",""radicals"",""frequency"",""character-to-radical"",""one-way"",""part-5""]"
