card_id	deck	kind	source_chapter	prompt_language	answer_language	prompt	accepted_answers	distractors	explanation	lexical_ids	grammar_ids	geographic_ids	provenance_path	provenance_locator	provenance_evidence	examples	tags
zh-traditional-radicals-frequency-i/0001/character-to-radical	I	vocabulary	1	zh-Hant	zh-Hant	的	"[""白""]"	[]		"[""zh-Hant.frequency.0001"",""zh.radical.kangxi.106""]"	[]	[]	sources/characters.tsv	frequency rank 1; Ministry common-character number 2724	的: frequency rank 1; 48957 appearances (4.05616%); Unihan kRSUnicode 106.3; Kangxi radical 106 白; Unihan kRSUnicode single radical assignment.	[]	"[""chinese"",""traditional"",""radicals"",""frequency"",""character-to-radical"",""one-way"",""part-1""]"
zh-traditional-radicals-frequency-i/0002/character-to-radical	I	vocabulary	2	zh-Hant	zh-Hant	一	"[""一""]"	[]		"[""zh-Hant.frequency.0002"",""zh.radical.kangxi.001""]"	[]	[]	sources/characters.tsv	frequency rank 2; Ministry common-character number 1	一: frequency rank 2; 19931 appearances (1.65131%); Unihan kRSUnicode 1.0; Kangxi radical 1 一; Unihan kRSUnicode single radical assignment.	[]	"[""chinese"",""traditional"",""radicals"",""frequency"",""character-to-radical"",""one-way"",""part-1""]"
zh-traditional-radicals-frequency-i/0003/character-to-radical	I	vocabulary	3	zh-Hant	zh-Hant	是	"[""日""]"	[]		"[""zh-Hant.frequency.0003"",""zh.radical.kangxi.072""]"	[]	[]	sources/characters.tsv	frequency rank 3; Ministry common-character number 1791	是: frequency rank 3; 15244 appearances (1.26299%); Unihan kRSUnicode 72.5; Kangxi radical 72 日; Unihan kRSUnicode single radical assignment.	[]	"[""chinese"",""traditional"",""radicals"",""frequency"",""character-to-radical"",""one-way"",""part-1""]"
zh-traditional-radicals-frequency-i/0004/character-to-radical	I	vocabulary	4	zh-Hant	zh-Hant	了	"[""亅""]"	[]		"[""zh-Hant.frequency.0004"",""zh.radical.kangxi.006""]"	[]	[]	sources/characters.tsv	frequency rank 4; Ministry common-character number 46	了: frequency rank 4; 12783 appearances (1.05909%); Unihan kRSUnicode 6.1; Kangxi radical 6 亅; Unihan kRSUnicode single radical assignment.	[]	"[""chinese"",""traditional"",""radicals"",""frequency"",""character-to-radical"",""one-way"",""part-1""]"
zh-traditional-radicals-frequency-i/0005/character-to-radical	I	vocabulary	5	zh-Hant	zh-Hant	不	"[""一""]"	[]		"[""zh-Hant.frequency.0005"",""zh.radical.kangxi.001""]"	[]	[]	sources/characters.tsv	frequency rank 5; Ministry common-character number 10	不: frequency rank 5; 12200 appearances (1.01078%); Unihan kRSUnicode 1.3; Kangxi radical 1 一; Unihan kRSUnicode single radical assignment.	[]	"[""chinese"",""traditional"",""radicals"",""frequency"",""character-to-radical"",""one-way"",""part-1""]"
zh-traditional-radicals-frequency-i/0006/character-to-radical	I	vocabulary	6	zh-Hant	zh-Hant	我	"[""戈""]"	[]		"[""zh-Hant.frequency.0006"",""zh.radical.kangxi.062""]"	[]	[]	sources/characters.tsv	frequency rank 6; Ministry common-character number 1473	我: frequency rank 6; 11919 appearances (0.98750%); Unihan kRSUnicode 62.3; Kangxi radical 62 戈; Unihan kRSUnicode single radical assignment.	[]	"[""chinese"",""traditional"",""radicals"",""frequency"",""character-to-radical"",""one-way"",""part-1""]"
zh-traditional-radicals-frequency-i/0007/character-to-radical	I	vocabulary	7	zh-Hant	zh-Hant	有	"[""月""]"	[]		"[""zh-Hant.frequency.0007"",""zh.radical.kangxi.074""]"	[]	[]	sources/characters.tsv	frequency rank 7; Ministry common-character number 1842	有: frequency rank 7; 11588 appearances (0.96008%); Unihan kRSUnicode 74.2; Kangxi radical 74 月; Unihan kRSUnicode single radical assignment.	[]	"[""chinese"",""traditional"",""radicals"",""frequency"",""character-to-radical"",""one-way"",""part-1""]"
zh-traditional-radicals-frequency-i/0008/character-to-radical	I	vocabulary	8	zh-Hant	zh-Hant	在	"[""土""]"	[]		"[""zh-Hant.frequency.0008"",""zh.radical.kangxi.032""]"	[]	[]	sources/characters.tsv	frequency rank 8; Ministry common-character number 743	在: frequency rank 8; 10160 appearances (0.84177%); Unihan kRSUnicode 32.3; Kangxi radical 32 土; Unihan kRSUnicode single radical assignment.	[]	"[""chinese"",""traditional"",""radicals"",""frequency"",""character-to-radical"",""one-way"",""part-1""]"
zh-traditional-radicals-frequency-i/0009/character-to-radical	I	vocabulary	9	zh-Hant	zh-Hant	人	"[""人""]"	[]		"[""zh-Hant.frequency.0009"",""zh.radical.kangxi.009""]"	[]	[]	sources/characters.tsv	frequency rank 9; Ministry common-character number 68	人: frequency rank 9; 9173 appearances (0.75999%); Unihan kRSUnicode 9.0; Kangxi radical 9 人; Unihan kRSUnicode single radical assignment.	[]	"[""chinese"",""traditional"",""radicals"",""frequency"",""character-to-radical"",""one-way"",""part-1""]"
zh-traditional-radicals-frequency-i/0010/character-to-radical	I	vocabulary	10	zh-Hant	zh-Hant	來	"[""人""]"	[]		"[""zh-Hant.frequency.0010"",""zh.radical.kangxi.009""]"	[]	[]	sources/characters.tsv	frequency rank 10; Ministry common-character number 138	來: frequency rank 10; 8247 appearances (0.68327%); Unihan kRSUnicode 9.6; Kangxi radical 9 人; Unihan kRSUnicode single radical assignment.	[]	"[""chinese"",""traditional"",""radicals"",""frequency"",""character-to-radical"",""one-way"",""part-1""]"
zh-traditional-radicals-frequency-i/0011/character-to-radical	I	vocabulary	11	zh-Hant	zh-Hant	大	"[""大""]"	[]		"[""zh-Hant.frequency.0011"",""zh.radical.kangxi.037""]"	[]	[]	sources/characters.tsv	frequency rank 11; Ministry common-character number 848	大: frequency rank 11; 7963 appearances (0.65974%); Unihan kRSUnicode 37.0; Kangxi radical 37 大; Unihan kRSUnicode single radical assignment.	[]	"[""chinese"",""traditional"",""radicals"",""frequency"",""character-to-radical"",""one-way"",""part-1""]"
zh-traditional-radicals-frequency-i/0012/character-to-radical	I	vocabulary	12	zh-Hant	zh-Hant	上	"[""一""]"	[]		"[""zh-Hant.frequency.0012"",""zh.radical.kangxi.001""]"	[]	[]	sources/characters.tsv	frequency rank 12; Ministry common-character number 7	上: frequency rank 12; 7065 appearances (0.58534%); Unihan kRSUnicode 1.2; Kangxi radical 1 一; Unihan kRSUnicode single radical assignment.	[]	"[""chinese"",""traditional"",""radicals"",""frequency"",""character-to-radical"",""one-way"",""part-1""]"
zh-traditional-radicals-frequency-i/0013/character-to-radical	I	vocabulary	13	zh-Hant	zh-Hant	這	"[""辵""]"	[]		"[""zh-Hant.frequency.0013"",""zh.radical.kangxi.162""]"	[]	[]	sources/characters.tsv	frequency rank 13; Ministry common-character number 4136	這: frequency rank 13; 6914 appearances (0.57283%); Unihan kRSUnicode 162.7; Kangxi radical 162 辵; Unihan kRSUnicode single radical assignment.	[]	"[""chinese"",""traditional"",""radicals"",""frequency"",""character-to-radical"",""one-way"",""part-1""]"
zh-traditional-radicals-frequency-i/0014/character-to-radical	I	vocabulary	14	zh-Hant	zh-Hant	到	"[""刀""]"	[]		"[""zh-Hant.frequency.0014"",""zh.radical.kangxi.018""]"	[]	[]	sources/characters.tsv	frequency rank 14; Ministry common-character number 348	到: frequency rank 14; 6850 appearances (0.56753%); Unihan kRSUnicode 18.6; Kangxi radical 18 刀; Unihan kRSUnicode single radical assignment.	[]	"[""chinese"",""traditional"",""radicals"",""frequency"",""character-to-radical"",""one-way"",""part-1""]"
zh-traditional-radicals-frequency-i/0015/character-to-radical	I	vocabulary	15	zh-Hant	zh-Hant	們	"[""人""]"	[]		"[""zh-Hant.frequency.0015"",""zh.radical.kangxi.009""]"	[]	[]	sources/characters.tsv	frequency rank 15; Ministry common-character number 183	們: frequency rank 15; 6667 appearances (0.55237%); Unihan kRSUnicode 9.8; Kangxi radical 9 人; Unihan kRSUnicode single radical assignment.	[]	"[""chinese"",""traditional"",""radicals"",""frequency"",""character-to-radical"",""one-way"",""part-1""]"
zh-traditional-radicals-frequency-i/0016/character-to-radical	I	vocabulary	16	zh-Hant	zh-Hant	個	"[""人""]"	[]		"[""zh-Hant.frequency.0016"",""zh.radical.kangxi.009""]"	[]	[]	sources/characters.tsv	frequency rank 16; Ministry common-character number 190	個: frequency rank 16; 6428 appearances (0.53257%); Unihan kRSUnicode 9.8; Kangxi radical 9 人; Unihan kRSUnicode single radical assignment.	[]	"[""chinese"",""traditional"",""radicals"",""frequency"",""character-to-radical"",""one-way"",""part-1""]"
zh-traditional-radicals-frequency-i/0017/character-to-radical	I	vocabulary	17	zh-Hant	zh-Hant	小	"[""小""]"	[]		"[""zh-Hant.frequency.0017"",""zh.radical.kangxi.042""]"	[]	[]	sources/characters.tsv	frequency rank 17; Ministry common-character number 1068	小: frequency rank 17; 6187 appearances (0.51260%); Unihan kRSUnicode 42.0; Kangxi radical 42 小; Unihan kRSUnicode single radical assignment.	[]	"[""chinese"",""traditional"",""radicals"",""frequency"",""character-to-radical"",""one-way"",""part-1""]"
zh-traditional-radicals-frequency-i/0018/character-to-radical	I	vocabulary	18	zh-Hant	zh-Hant	你	"[""人""]"	[]		"[""zh-Hant.frequency.0018"",""zh.radical.kangxi.009""]"	[]	[]	sources/characters.tsv	frequency rank 18; Ministry common-character number 124	你: frequency rank 18; 6161 appearances (0.51044%); Unihan kRSUnicode 9.5; Kangxi radical 9 人; Unihan kRSUnicode single radical assignment.	[]	"[""chinese"",""traditional"",""radicals"",""frequency"",""character-to-radical"",""one-way"",""part-1""]"
zh-traditional-radicals-frequency-i/0019/character-to-radical	I	vocabulary	19	zh-Hant	zh-Hant	子	"[""子""]"	[]		"[""zh-Hant.frequency.0019"",""zh.radical.kangxi.039""]"	[]	[]	sources/characters.tsv	frequency rank 19; Ministry common-character number 982	子: frequency rank 19; 6159 appearances (0.51028%); Unihan kRSUnicode 39.0; Kangxi radical 39 子; Unihan kRSUnicode single radical assignment.	[]	"[""chinese"",""traditional"",""radicals"",""frequency"",""character-to-radical"",""one-way"",""part-1""]"
zh-traditional-radicals-frequency-i/0020/character-to-radical	I	vocabulary	20	zh-Hant	zh-Hant	他	"[""人""]"	[]		"[""zh-Hant.frequency.0020"",""zh.radical.kangxi.009""]"	[]	[]	sources/characters.tsv	frequency rank 20; Ministry common-character number 82	他: frequency rank 20; 6079 appearances (0.50365%); Unihan kRSUnicode 9.3; Kangxi radical 9 人; Unihan kRSUnicode single radical assignment.	[]	"[""chinese"",""traditional"",""radicals"",""frequency"",""character-to-radical"",""one-way"",""part-1""]"
zh-traditional-radicals-frequency-i/0021/character-to-radical	I	vocabulary	21	zh-Hant	zh-Hant	以	"[""人""]"	[]		"[""zh-Hant.frequency.0021"",""zh.radical.kangxi.009""]"	[]	[]	sources/characters.tsv	frequency rank 21; Ministry common-character number 78	以: frequency rank 21; 6009 appearances (0.49785%); Unihan kRSUnicode 9.3; Kangxi radical 9 人; Unihan kRSUnicode single radical assignment.	[]	"[""chinese"",""traditional"",""radicals"",""frequency"",""character-to-radical"",""one-way"",""part-1""]"
zh-traditional-radicals-frequency-i/0022/character-to-radical	I	vocabulary	22	zh-Hant	zh-Hant	好	"[""女""]"	[]		"[""zh-Hant.frequency.0022"",""zh.radical.kangxi.038""]"	[]	[]	sources/characters.tsv	frequency rank 22; Ministry common-character number 883	好: frequency rank 22; 5553 appearances (0.46007%); Unihan kRSUnicode 38.3; Kangxi radical 38 女; Unihan kRSUnicode single radical assignment.	[]	"[""chinese"",""traditional"",""radicals"",""frequency"",""character-to-radical"",""one-way"",""part-1""]"
zh-traditional-radicals-frequency-i/0023/character-to-radical	I	vocabulary	23	zh-Hant	zh-Hant	為	"[""火""]"	[]		"[""zh-Hant.frequency.0023"",""zh.radical.kangxi.086""]"	[]	[]	sources/characters.tsv	frequency rank 23; Ministry common-character number 2395	為: frequency rank 23; 5521 appearances (0.45742%); Unihan kRSUnicode 86.5; Kangxi radical 86 火; Unihan kRSUnicode single radical assignment.	[]	"[""chinese"",""traditional"",""radicals"",""frequency"",""character-to-radical"",""one-way"",""part-1""]"
zh-traditional-radicals-frequency-i/0024/character-to-radical	I	vocabulary	24	zh-Hant	zh-Hant	就	"[""尢""]"	[]		"[""zh-Hant.frequency.0024"",""zh.radical.kangxi.043""]"	[]	[]	sources/characters.tsv	frequency rank 24; Ministry common-character number 1074	就: frequency rank 24; 5516 appearances (0.45700%); Unihan kRSUnicode 43.9; Kangxi radical 43 尢; Unihan kRSUnicode single radical assignment.	[]	"[""chinese"",""traditional"",""radicals"",""frequency"",""character-to-radical"",""one-way"",""part-1""]"
zh-traditional-radicals-frequency-i/0025/character-to-radical	I	vocabulary	25	zh-Hant	zh-Hant	生	"[""生""]"	[]		"[""zh-Hant.frequency.0025"",""zh.radical.kangxi.100""]"	[]	[]	sources/characters.tsv	frequency rank 25; Ministry common-character number 2623	生: frequency rank 25; 5444 appearances (0.45104%); Unihan kRSUnicode 100.0; Kangxi radical 100 生; Unihan kRSUnicode single radical assignment.	[]	"[""chinese"",""traditional"",""radicals"",""frequency"",""character-to-radical"",""one-way"",""part-1""]"
zh-traditional-radicals-frequency-i/0026/character-to-radical	I	vocabulary	26	zh-Hant	zh-Hant	要	"[""襾""]"	[]		"[""zh-Hant.frequency.0026"",""zh.radical.kangxi.146""]"	[]	[]	sources/characters.tsv	frequency rank 26; Ministry common-character number 3763	要: frequency rank 26; 5394 appearances (0.44690%); Unihan kRSUnicode 146.3; Kangxi radical 146 襾; Unihan kRSUnicode single radical assignment.	[]	"[""chinese"",""traditional"",""radicals"",""frequency"",""character-to-radical"",""one-way"",""part-1""]"
zh-traditional-radicals-frequency-i/0027/character-to-radical	I	vocabulary	27	zh-Hant	zh-Hant	說	"[""言""]"	[]		"[""zh-Hant.frequency.0027"",""zh.radical.kangxi.149""]"	[]	[]	sources/characters.tsv	frequency rank 27; Ministry common-character number 3839	說: frequency rank 27; 5369 appearances (0.44483%); Unihan kRSUnicode 149.7; Kangxi radical 149 言; Unihan kRSUnicode single radical assignment.	[]	"[""chinese"",""traditional"",""radicals"",""frequency"",""character-to-radical"",""one-way"",""part-1""]"
zh-traditional-radicals-frequency-i/0028/character-to-radical	I	vocabulary	28	zh-Hant	zh-Hant	中	"[""丨""]"	[]		"[""zh-Hant.frequency.0028"",""zh.radical.kangxi.002""]"	[]	[]	sources/characters.tsv	frequency rank 28; Ministry common-character number 20	中: frequency rank 28; 5339 appearances (0.44234%); Unihan kRSUnicode 2.3; Kangxi radical 2 丨; Unihan kRSUnicode single radical assignment.	[]	"[""chinese"",""traditional"",""radicals"",""frequency"",""character-to-radical"",""one-way"",""part-1""]"
zh-traditional-radicals-frequency-i/0029/character-to-radical	I	vocabulary	29	zh-Hant	zh-Hant	天	"[""大""]"	[]		"[""zh-Hant.frequency.0029"",""zh.radical.kangxi.037""]"	[]	[]	sources/characters.tsv	frequency rank 29; Ministry common-character number 849	天: frequency rank 29; 5317 appearances (0.44052%); Unihan kRSUnicode 37.1; Kangxi radical 37 大; Unihan kRSUnicode single radical assignment.	[]	"[""chinese"",""traditional"",""radicals"",""frequency"",""character-to-radical"",""one-way"",""part-1""]"
zh-traditional-radicals-frequency-i/0030/character-to-radical	I	vocabulary	30	zh-Hant	zh-Hant	和	"[""口""]"	[]		"[""zh-Hant.frequency.0030"",""zh.radical.kangxi.030""]"	[]	[]	sources/characters.tsv	frequency rank 30; Ministry common-character number 556	和: frequency rank 30; 5193 appearances (0.43024%); Unihan kRSUnicode 30.5; Kangxi radical 30 口; Unihan kRSUnicode single radical assignment.	[]	"[""chinese"",""traditional"",""radicals"",""frequency"",""character-to-radical"",""one-way"",""part-1""]"
zh-traditional-radicals-frequency-i/0031/character-to-radical	I	vocabulary	31	zh-Hant	zh-Hant	時	"[""日""]"	[]		"[""zh-Hant.frequency.0031"",""zh.radical.kangxi.072""]"	[]	[]	sources/characters.tsv	frequency rank 31; Ministry common-character number 1794	時: frequency rank 31; 5116 appearances (0.42386%); Unihan kRSUnicode 72.6; Kangxi radical 72 日; Unihan kRSUnicode single radical assignment.	[]	"[""chinese"",""traditional"",""radicals"",""frequency"",""character-to-radical"",""one-way"",""part-1""]"
zh-traditional-radicals-frequency-i/0032/character-to-radical	I	vocabulary	32	zh-Hant	zh-Hant	可	"[""口""]"	[]		"[""zh-Hant.frequency.0032"",""zh.radical.kangxi.030""]"	[]	[]	sources/characters.tsv	frequency rank 32; Ministry common-character number 481	可: frequency rank 32; 4993 appearances (0.41367%); Unihan kRSUnicode 30.2; Kangxi radical 30 口; Unihan kRSUnicode single radical assignment.	[]	"[""chinese"",""traditional"",""radicals"",""frequency"",""character-to-radical"",""one-way"",""part-1""]"
zh-traditional-radicals-frequency-i/0033/character-to-radical	I	vocabulary	33	zh-Hant	zh-Hant	麼	"[""麻""]"	[]		"[""zh-Hant.frequency.0033"",""zh.radical.kangxi.200""]"	[]	[]	sources/characters.tsv	frequency rank 33; Ministry common-character number 4765	麼: frequency rank 33; 4864 appearances (0.40299%); Unihan kRSUnicode 200.3; Kangxi radical 200 麻; Unihan kRSUnicode single radical assignment.	[]	"[""chinese"",""traditional"",""radicals"",""frequency"",""character-to-radical"",""one-way"",""part-1""]"
zh-traditional-radicals-frequency-i/0034/character-to-radical	I	vocabulary	34	zh-Hant	zh-Hant	看	"[""目""]"	[]		"[""zh-Hant.frequency.0034"",""zh.radical.kangxi.109""]"	[]	[]	sources/characters.tsv	frequency rank 34; Ministry common-character number 2764	看: frequency rank 34; 4786 appearances (0.39652%); Unihan kRSUnicode 109.4; Kangxi radical 109 目; Unihan kRSUnicode single radical assignment.	[]	"[""chinese"",""traditional"",""radicals"",""frequency"",""character-to-radical"",""one-way"",""part-1""]"
zh-traditional-radicals-frequency-i/0035/character-to-radical	I	vocabulary	35	zh-Hant	zh-Hant	會	"[""曰""]"	[]		"[""zh-Hant.frequency.0035"",""zh.radical.kangxi.073""]"	[]	[]	sources/characters.tsv	frequency rank 35; Ministry common-character number 1840	會: frequency rank 35; 4776 appearances (0.39569%); Unihan kRSUnicode 73.9; Kangxi radical 73 曰; Unihan kRSUnicode single radical assignment.	[]	"[""chinese"",""traditional"",""radicals"",""frequency"",""character-to-radical"",""one-way"",""part-1""]"
zh-traditional-radicals-frequency-i/0036/character-to-radical	I	vocabulary	36	zh-Hant	zh-Hant	地	"[""土""]"	[]		"[""zh-Hant.frequency.0036"",""zh.radical.kangxi.032""]"	[]	[]	sources/characters.tsv	frequency rank 36; Ministry common-character number 742	地: frequency rank 36; 4773 appearances (0.39545%); Unihan kRSUnicode 32.3; Kangxi radical 32 土; Unihan kRSUnicode single radical assignment.	[]	"[""chinese"",""traditional"",""radicals"",""frequency"",""character-to-radical"",""one-way"",""part-1""]"
zh-traditional-radicals-frequency-i/0037/character-to-radical	I	vocabulary	37	zh-Hant	zh-Hant	家	"[""宀""]"	[]		"[""zh-Hant.frequency.0037"",""zh.radical.kangxi.040""]"	[]	[]	sources/characters.tsv	frequency rank 37; Ministry common-character number 1026	家: frequency rank 37; 4707 appearances (0.38998%); Unihan kRSUnicode 40.7; Kangxi radical 40 宀; Unihan kRSUnicode single radical assignment.	[]	"[""chinese"",""traditional"",""radicals"",""frequency"",""character-to-radical"",""one-way"",""part-1""]"
zh-traditional-radicals-frequency-i/0038/character-to-radical	I	vocabulary	38	zh-Hant	zh-Hant	下	"[""一""]"	[]		"[""zh-Hant.frequency.0038"",""zh.radical.kangxi.001""]"	[]	[]	sources/characters.tsv	frequency rank 38; Ministry common-character number 5	下: frequency rank 38; 4670 appearances (0.38691%); Unihan kRSUnicode 1.2; Kangxi radical 1 一; Unihan kRSUnicode single radical assignment.	[]	"[""chinese"",""traditional"",""radicals"",""frequency"",""character-to-radical"",""one-way"",""part-1""]"
zh-traditional-radicals-frequency-i/0039/character-to-radical	I	vocabulary	39	zh-Hant	zh-Hant	出	"[""凵""]"	[]		"[""zh-Hant.frequency.0039"",""zh.radical.kangxi.017""]"	[]	[]	sources/characters.tsv	frequency rank 39; Ministry common-character number 325	出: frequency rank 39; 4639 appearances (0.38434%); Unihan kRSUnicode 17.3; Kangxi radical 17 凵; Unihan kRSUnicode single radical assignment.	[]	"[""chinese"",""traditional"",""radicals"",""frequency"",""character-to-radical"",""one-way"",""part-1""]"
zh-traditional-radicals-frequency-i/0040/character-to-radical	I	vocabulary	40	zh-Hant	zh-Hant	學	"[""子""]"	[]		"[""zh-Hant.frequency.0040"",""zh.radical.kangxi.039""]"	[]	[]	sources/characters.tsv	frequency rank 40; Ministry common-character number 1001	學: frequency rank 40; 4470 appearances (0.37034%); Unihan kRSUnicode 39.13; Kangxi radical 39 子; Unihan kRSUnicode single radical assignment.	[]	"[""chinese"",""traditional"",""radicals"",""frequency"",""character-to-radical"",""one-way"",""part-1""]"
zh-traditional-radicals-frequency-i/0041/character-to-radical	I	vocabulary	41	zh-Hant	zh-Hant	著	"[""艸""]"	[]		"[""zh-Hant.frequency.0041"",""zh.radical.kangxi.140""]"	[]	[]	sources/characters.tsv	frequency rank 41; Ministry common-character number 3506	著: frequency rank 41; 4398 appearances (0.36438%); Unihan kRSUnicode 140.8; Kangxi radical 140 艸; Unihan kRSUnicode single radical assignment.	[]	"[""chinese"",""traditional"",""radicals"",""frequency"",""character-to-radical"",""one-way"",""part-1""]"
zh-traditional-radicals-frequency-i/0042/character-to-radical	I	vocabulary	42	zh-Hant	zh-Hant	國	"[""囗""]"	[]		"[""zh-Hant.frequency.0042"",""zh.radical.kangxi.031""]"	[]	[]	sources/characters.tsv	frequency rank 42; Ministry common-character number 734	國: frequency rank 42; 4185 appearances (0.34673%); Unihan kRSUnicode 31.8; Kangxi radical 31 囗; Unihan kRSUnicode single radical assignment.	[]	"[""chinese"",""traditional"",""radicals"",""frequency"",""character-to-radical"",""one-way"",""part-1""]"
zh-traditional-radicals-frequency-i/0043/character-to-radical	I	vocabulary	43	zh-Hant	zh-Hant	得	"[""彳""]"	[]		"[""zh-Hant.frequency.0043"",""zh.radical.kangxi.060""]"	[]	[]	sources/characters.tsv	frequency rank 43; Ministry common-character number 1291	得: frequency rank 43; 4150 appearances (0.34383%); Unihan kRSUnicode 60.8; Kangxi radical 60 彳; Unihan kRSUnicode single radical assignment.	[]	"[""chinese"",""traditional"",""radicals"",""frequency"",""character-to-radical"",""one-way"",""part-1""]"
zh-traditional-radicals-frequency-i/0044/character-to-radical	I	vocabulary	44	zh-Hant	zh-Hant	也	"[""乙""]"	[]		"[""zh-Hant.frequency.0044"",""zh.radical.kangxi.005""]"	[]	[]	sources/characters.tsv	frequency rank 44; Ministry common-character number 40	也: frequency rank 44; 4074 appearances (0.33753%); Unihan kRSUnicode 5.2; Kangxi radical 5 乙; Unihan kRSUnicode single radical assignment.	[]	"[""chinese"",""traditional"",""radicals"",""frequency"",""character-to-radical"",""one-way"",""part-1""]"
zh-traditional-radicals-frequency-i/0045/character-to-radical	I	vocabulary	45	zh-Hant	zh-Hant	用	"[""用""]"	[]		"[""zh-Hant.frequency.0045"",""zh.radical.kangxi.101""]"	[]	[]	sources/characters.tsv	frequency rank 45; Ministry common-character number 2627	用: frequency rank 45; 4033 appearances (0.33414%); Unihan kRSUnicode 101.0; Kangxi radical 101 用; Unihan kRSUnicode single radical assignment.	[]	"[""chinese"",""traditional"",""radicals"",""frequency"",""character-to-radical"",""one-way"",""part-1""]"
zh-traditional-radicals-frequency-i/0046/character-to-radical	I	vocabulary	46	zh-Hant	zh-Hant	多	"[""夕""]"	[]		"[""zh-Hant.frequency.0046"",""zh.radical.kangxi.036""]"	[]	[]	sources/characters.tsv	frequency rank 46; Ministry common-character number 842	多: frequency rank 46; 3981 appearances (0.32983%); Unihan kRSUnicode 36.3; Kangxi radical 36 夕; Unihan kRSUnicode single radical assignment.	[]	"[""chinese"",""traditional"",""radicals"",""frequency"",""character-to-radical"",""one-way"",""part-1""]"
zh-traditional-radicals-frequency-i/0047/character-to-radical	I	vocabulary	47	zh-Hant	zh-Hant	成	"[""戈""]"	[]		"[""zh-Hant.frequency.0047"",""zh.radical.kangxi.062""]"	[]	[]	sources/characters.tsv	frequency rank 47; Ministry common-character number 1471	成: frequency rank 47; 3812 appearances (0.31583%); Unihan kRSUnicode 62.2; Kangxi radical 62 戈; Unihan kRSUnicode single radical assignment.	[]	"[""chinese"",""traditional"",""radicals"",""frequency"",""character-to-radical"",""one-way"",""part-1""]"
zh-traditional-radicals-frequency-i/0048/character-to-radical	I	vocabulary	48	zh-Hant	zh-Hant	年	"[""干""]"	[]		"[""zh-Hant.frequency.0048"",""zh.radical.kangxi.051""]"	[]	[]	sources/characters.tsv	frequency rank 48; Ministry common-character number 1194	年: frequency rank 48; 3679 appearances (0.30481%); Unihan kRSUnicode 51.3; Kangxi radical 51 干; Unihan kRSUnicode single radical assignment.	[]	"[""chinese"",""traditional"",""radicals"",""frequency"",""character-to-radical"",""one-way"",""part-1""]"
zh-traditional-radicals-frequency-i/0049/character-to-radical	I	vocabulary	49	zh-Hant	zh-Hant	裡	"[""衣""]"	[]		"[""zh-Hant.frequency.0049"",""zh.radical.kangxi.145""]"	[]	[]	sources/characters.tsv	frequency rank 49; Ministry common-character number 3732	裡: frequency rank 49; 3636 appearances (0.30124%); Unihan kRSUnicode 145.7; Kangxi radical 145 衣; Unihan kRSUnicode single radical assignment.	[]	"[""chinese"",""traditional"",""radicals"",""frequency"",""character-to-radical"",""one-way"",""part-1""]"
zh-traditional-radicals-frequency-i/0050/character-to-radical	I	vocabulary	50	zh-Hant	zh-Hant	過	"[""辵""]"	[]		"[""zh-Hant.frequency.0050"",""zh.radical.kangxi.162""]"	[]	[]	sources/characters.tsv	frequency rank 50; Ministry common-character number 4167	過: frequency rank 50; 3413 appearances (0.28277%); Unihan kRSUnicode 162.9; Kangxi radical 162 辵; Unihan kRSUnicode single radical assignment.	[]	"[""chinese"",""traditional"",""radicals"",""frequency"",""character-to-radical"",""one-way"",""part-1""]"
zh-traditional-radicals-frequency-i/0051/character-to-radical	I	vocabulary	51	zh-Hant	zh-Hant	去	"[""厶""]"	[]		"[""zh-Hant.frequency.0051"",""zh.radical.kangxi.028""]"	[]	[]	sources/characters.tsv	frequency rank 51; Ministry common-character number 466	去: frequency rank 51; 3405 appearances (0.28210%); Unihan kRSUnicode 28.3; Kangxi radical 28 厶; Unihan kRSUnicode single radical assignment.	[]	"[""chinese"",""traditional"",""radicals"",""frequency"",""character-to-radical"",""one-way"",""part-1""]"
zh-traditional-radicals-frequency-i/0052/character-to-radical	I	vocabulary	52	zh-Hant	zh-Hant	能	"[""肉""]"	[]		"[""zh-Hant.frequency.0052"",""zh.radical.kangxi.130""]"	[]	[]	sources/characters.tsv	frequency rank 52; Ministry common-character number 3329	能: frequency rank 52; 3396 appearances (0.28136%); Unihan kRSUnicode 130.6; Kangxi radical 130 肉; Unihan kRSUnicode single radical assignment.	[]	"[""chinese"",""traditional"",""radicals"",""frequency"",""character-to-radical"",""one-way"",""part-1""]"
zh-traditional-radicals-frequency-i/0053/character-to-radical	I	vocabulary	53	zh-Hant	zh-Hant	後	"[""彳""]"	[]		"[""zh-Hant.frequency.0053"",""zh.radical.kangxi.060""]"	[]	[]	sources/characters.tsv	frequency rank 53; Ministry common-character number 1287	後: frequency rank 53; 3385 appearances (0.28045%); Unihan kRSUnicode 60.6; Kangxi radical 60 彳; Unihan kRSUnicode single radical assignment.	[]	"[""chinese"",""traditional"",""radicals"",""frequency"",""character-to-radical"",""one-way"",""part-1""]"
zh-traditional-radicals-frequency-i/0054/character-to-radical	I	vocabulary	54	zh-Hant	zh-Hant	長	"[""長""]"	[]		"[""zh-Hant.frequency.0054"",""zh.radical.kangxi.168""]"	[]	[]	sources/characters.tsv	frequency rank 54; Ministry common-character number 4369	長: frequency rank 54; 3374 appearances (0.27954%); Unihan kRSUnicode 168.0; Kangxi radical 168 長; Unihan kRSUnicode single radical assignment.	[]	"[""chinese"",""traditional"",""radicals"",""frequency"",""character-to-radical"",""one-way"",""part-1""]"
zh-traditional-radicals-frequency-i/0055/character-to-radical	I	vocabulary	55	zh-Hant	zh-Hant	都	"[""邑""]"	[]		"[""zh-Hant.frequency.0055"",""zh.radical.kangxi.163""]"	[]	[]	sources/characters.tsv	frequency rank 55; Ministry common-character number 4214	都: frequency rank 55; 3370 appearances (0.27920%); Unihan kRSUnicode 163.9; Kangxi radical 163 邑; Unihan kRSUnicode single radical assignment.	[]	"[""chinese"",""traditional"",""radicals"",""frequency"",""character-to-radical"",""one-way"",""part-1""]"
zh-traditional-radicals-frequency-i/0056/character-to-radical	I	vocabulary	56	zh-Hant	zh-Hant	分	"[""刀""]"	[]		"[""zh-Hant.frequency.0056"",""zh.radical.kangxi.018""]"	[]	[]	sources/characters.tsv	frequency rank 56; Ministry common-character number 331	分: frequency rank 56; 3288 appearances (0.27241%); Unihan kRSUnicode 18.2; Kangxi radical 18 刀; Unihan kRSUnicode single radical assignment.	[]	"[""chinese"",""traditional"",""radicals"",""frequency"",""character-to-radical"",""one-way"",""part-1""]"
zh-traditional-radicals-frequency-i/0057/character-to-radical	I	vocabulary	57	zh-Hant	zh-Hant	很	"[""彳""]"	[]		"[""zh-Hant.frequency.0057"",""zh.radical.kangxi.060""]"	[]	[]	sources/characters.tsv	frequency rank 57; Ministry common-character number 1282	很: frequency rank 57; 3229 appearances (0.26752%); Unihan kRSUnicode 60.6; Kangxi radical 60 彳; Unihan kRSUnicode single radical assignment.	[]	"[""chinese"",""traditional"",""radicals"",""frequency"",""character-to-radical"",""one-way"",""part-1""]"
zh-traditional-radicals-frequency-i/0058/character-to-radical	I	vocabulary	58	zh-Hant	zh-Hant	老	"[""老""]"	[]		"[""zh-Hant.frequency.0058"",""zh.radical.kangxi.125""]"	[]	[]	sources/characters.tsv	frequency rank 58; Ministry common-character number 3251	老: frequency rank 58; 3079 appearances (0.25510%); Unihan kRSUnicode 125.0; Kangxi radical 125 老; Unihan kRSUnicode single radical assignment.	[]	"[""chinese"",""traditional"",""radicals"",""frequency"",""character-to-radical"",""one-way"",""part-1""]"
zh-traditional-radicals-frequency-i/0059/character-to-radical	I	vocabulary	59	zh-Hant	zh-Hant	動	"[""力""]"	[]		"[""zh-Hant.frequency.0059"",""zh.radical.kangxi.019""]"	[]	[]	sources/characters.tsv	frequency rank 59; Ministry common-character number 395	動: frequency rank 59; 3057 appearances (0.25327%); Unihan kRSUnicode 19.9; Kangxi radical 19 力; Unihan kRSUnicode single radical assignment.	[]	"[""chinese"",""traditional"",""radicals"",""frequency"",""character-to-radical"",""one-way"",""part-1""]"
zh-traditional-radicals-frequency-i/0060/character-to-radical	I	vocabulary	60	zh-Hant	zh-Hant	起	"[""走""]"	[]		"[""zh-Hant.frequency.0060"",""zh.radical.kangxi.156""]"	[]	[]	sources/characters.tsv	frequency rank 60; Ministry common-character number 3992	起: frequency rank 60; 3046 appearances (0.25236%); Unihan kRSUnicode 156.3; Kangxi radical 156 走; Unihan kRSUnicode single radical assignment.	[]	"[""chinese"",""traditional"",""radicals"",""frequency"",""character-to-radical"",""one-way"",""part-1""]"
zh-traditional-radicals-frequency-i/0061/character-to-radical	I	vocabulary	61	zh-Hant	zh-Hant	物	"[""牛""]"	[]		"[""zh-Hant.frequency.0061"",""zh.radical.kangxi.093""]"	[]	[]	sources/characters.tsv	frequency rank 61; Ministry common-character number 2493	物: frequency rank 61; 3038 appearances (0.25170%); Unihan kRSUnicode 93.4; Kangxi radical 93 牛; Unihan kRSUnicode single radical assignment.	[]	"[""chinese"",""traditional"",""radicals"",""frequency"",""character-to-radical"",""one-way"",""part-1""]"
zh-traditional-radicals-frequency-i/0062/character-to-radical	I	vocabulary	62	zh-Hant	zh-Hant	公	"[""八""]"	[]		"[""zh-Hant.frequency.0062"",""zh.radical.kangxi.012""]"	[]	[]	sources/characters.tsv	frequency rank 62; Ministry common-character number 288	公: frequency rank 62; 3031 appearances (0.25112%); Unihan kRSUnicode 12.2; Kangxi radical 12 八; Unihan kRSUnicode single radical assignment.	[]	"[""chinese"",""traditional"",""radicals"",""frequency"",""character-to-radical"",""one-way"",""part-1""]"
zh-traditional-radicals-frequency-i/0063/character-to-radical	I	vocabulary	63	zh-Hant	zh-Hant	水	"[""水""]"	[]		"[""zh-Hant.frequency.0063"",""zh.radical.kangxi.085""]"	[]	[]	sources/characters.tsv	frequency rank 63; Ministry common-character number 2124	水: frequency rank 63; 2919 appearances (0.24184%); Unihan kRSUnicode 85.0; Kangxi radical 85 水; Unihan kRSUnicode single radical assignment.	[]	"[""chinese"",""traditional"",""radicals"",""frequency"",""character-to-radical"",""one-way"",""part-1""]"
zh-traditional-radicals-frequency-i/0064/character-to-radical	I	vocabulary	64	zh-Hant	zh-Hant	什	"[""人""]"	[]		"[""zh-Hant.frequency.0064"",""zh.radical.kangxi.009""]"	[]	[]	sources/characters.tsv	frequency rank 64; Ministry common-character number 70	什: frequency rank 64; 2918 appearances (0.24176%); Unihan kRSUnicode 9.2; Kangxi radical 9 人; Unihan kRSUnicode single radical assignment.	[]	"[""chinese"",""traditional"",""radicals"",""frequency"",""character-to-radical"",""one-way"",""part-1""]"
zh-traditional-radicals-frequency-i/0065/character-to-radical	I	vocabulary	65	zh-Hant	zh-Hant	心	"[""心""]"	[]		"[""zh-Hant.frequency.0065"",""zh.radical.kangxi.061""]"	[]	[]	sources/characters.tsv	frequency rank 65; Ministry common-character number 1305	心: frequency rank 65; 2866 appearances (0.23745%); Unihan kRSUnicode 61.0; Kangxi radical 61 心; Unihan kRSUnicode single radical assignment.	[]	"[""chinese"",""traditional"",""radicals"",""frequency"",""character-to-radical"",""one-way"",""part-1""]"
zh-traditional-radicals-frequency-i/0066/character-to-radical	I	vocabulary	66	zh-Hant	zh-Hant	把	"[""手""]"	[]		"[""zh-Hant.frequency.0066"",""zh.radical.kangxi.064""]"	[]	[]	sources/characters.tsv	frequency rank 66; Ministry common-character number 1511	把: frequency rank 66; 2842 appearances (0.23546%); Unihan kRSUnicode 64.4; Kangxi radical 64 手; Unihan kRSUnicode single radical assignment.	[]	"[""chinese"",""traditional"",""radicals"",""frequency"",""character-to-radical"",""one-way"",""part-1""]"
zh-traditional-radicals-frequency-i/0067/character-to-radical	I	vocabulary	67	zh-Hant	zh-Hant	面	"[""面""]"	[]		"[""zh-Hant.frequency.0067"",""zh.radical.kangxi.176""]"	[]	[]	sources/characters.tsv	frequency rank 67; Ministry common-character number 4506	面: frequency rank 67; 2838 appearances (0.23513%); Unihan kRSUnicode 176.0; Kangxi radical 176 面; Unihan kRSUnicode single radical assignment.	[]	"[""chinese"",""traditional"",""radicals"",""frequency"",""character-to-radical"",""one-way"",""part-1""]"
zh-traditional-radicals-frequency-i/0068/character-to-radical	I	vocabulary	68	zh-Hant	zh-Hant	作	"[""人""]"	[]		"[""zh-Hant.frequency.0068"",""zh.radical.kangxi.009""]"	[]	[]	sources/characters.tsv	frequency rank 68; Ministry common-character number 123	作: frequency rank 68; 2834 appearances (0.23480%); Unihan kRSUnicode 9.5; Kangxi radical 9 人; Unihan kRSUnicode single radical assignment.	[]	"[""chinese"",""traditional"",""radicals"",""frequency"",""character-to-radical"",""one-way"",""part-1""]"
zh-traditional-radicals-frequency-i/0069/character-to-radical	I	vocabulary	69	zh-Hant	zh-Hant	方	"[""方""]"	[]		"[""zh-Hant.frequency.0069"",""zh.radical.kangxi.070""]"	[]	[]	sources/characters.tsv	frequency rank 69; Ministry common-character number 1759	方: frequency rank 69; 2814 appearances (0.23314%); Unihan kRSUnicode 70.0; Kangxi radical 70 方; Unihan kRSUnicode single radical assignment.	[]	"[""chinese"",""traditional"",""radicals"",""frequency"",""character-to-radical"",""one-way"",""part-1""]"
zh-traditional-radicals-frequency-i/0070/character-to-radical	I	vocabulary	70	zh-Hant	zh-Hant	那	"[""邑""]"	[]		"[""zh-Hant.frequency.0070"",""zh.radical.kangxi.163""]"	[]	[]	sources/characters.tsv	frequency rank 70; Ministry common-character number 4204	那: frequency rank 70; 2755 appearances (0.22825%); Unihan kRSUnicode 163.4; Kangxi radical 163 邑; Unihan kRSUnicode single radical assignment.	[]	"[""chinese"",""traditional"",""radicals"",""frequency"",""character-to-radical"",""one-way"",""part-1""]"
zh-traditional-radicals-frequency-i/0071/character-to-radical	I	vocabulary	71	zh-Hant	zh-Hant	十	"[""十""]"	[]		"[""zh-Hant.frequency.0071"",""zh.radical.kangxi.024""]"	[]	[]	sources/characters.tsv	frequency rank 71; Ministry common-character number 429	十: frequency rank 71; 2728 appearances (0.22601%); Unihan kRSUnicode 24.0; Kangxi radical 24 十; Unihan kRSUnicode single radical assignment.	[]	"[""chinese"",""traditional"",""radicals"",""frequency"",""character-to-radical"",""one-way"",""part-1""]"
zh-traditional-radicals-frequency-i/0072/character-to-radical	I	vocabulary	72	zh-Hant	zh-Hant	想	"[""心""]"	[]		"[""zh-Hant.frequency.0072"",""zh.radical.kangxi.061""]"	[]	[]	sources/characters.tsv	frequency rank 72; Ministry common-character number 1403	想: frequency rank 72; 2695 appearances (0.22328%); Unihan kRSUnicode 61.9; Kangxi radical 61 心; Unihan kRSUnicode single radical assignment.	[]	"[""chinese"",""traditional"",""radicals"",""frequency"",""character-to-radical"",""one-way"",""part-1""]"
zh-traditional-radicals-frequency-i/0073/character-to-radical	I	vocabulary	73	zh-Hant	zh-Hant	樣	"[""木""]"	[]		"[""zh-Hant.frequency.0073"",""zh.radical.kangxi.075""]"	[]	[]	sources/characters.tsv	frequency rank 73; Ministry common-character number 2005	樣: frequency rank 73; 2646 appearances (0.21922%); Unihan kRSUnicode 75.11; Kangxi radical 75 木; Unihan kRSUnicode single radical assignment.	[]	"[""chinese"",""traditional"",""radicals"",""frequency"",""character-to-radical"",""one-way"",""part-1""]"
zh-traditional-radicals-frequency-i/0074/character-to-radical	I	vocabulary	74	zh-Hant	zh-Hant	自	"[""自""]"	[]		"[""zh-Hant.frequency.0074"",""zh.radical.kangxi.132""]"	[]	[]	sources/characters.tsv	frequency rank 74; Ministry common-character number 3386	自: frequency rank 74; 2637 appearances (0.21847%); Unihan kRSUnicode 132.0; Kangxi radical 132 自; Unihan kRSUnicode single radical assignment.	[]	"[""chinese"",""traditional"",""radicals"",""frequency"",""character-to-radical"",""one-way"",""part-1""]"
zh-traditional-radicals-frequency-i/0075/character-to-radical	I	vocabulary	75	zh-Hant	zh-Hant	所	"[""戶""]"	[]		"[""zh-Hant.frequency.0075"",""zh.radical.kangxi.063""]"	[]	[]	sources/characters.tsv	frequency rank 75; Ministry common-character number 1490	所: frequency rank 75; 2587 appearances (0.21433%); Unihan kRSUnicode 63.4; Kangxi radical 63 戶; Unihan kRSUnicode single radical assignment.	[]	"[""chinese"",""traditional"",""radicals"",""frequency"",""character-to-radical"",""one-way"",""part-1""]"
zh-traditional-radicals-frequency-i/0076/character-to-radical	I	vocabulary	76	zh-Hant	zh-Hant	然	"[""火""]"	[]		"[""zh-Hant.frequency.0076"",""zh.radical.kangxi.086""]"	[]	[]	sources/characters.tsv	frequency rank 76; Ministry common-character number 2417	然: frequency rank 76; 2585 appearances (0.21417%); Unihan kRSUnicode 86.8; Kangxi radical 86 火; Unihan kRSUnicode single radical assignment.	[]	"[""chinese"",""traditional"",""radicals"",""frequency"",""character-to-radical"",""one-way"",""part-1""]"
zh-traditional-radicals-frequency-i/0077/character-to-radical	I	vocabulary	77	zh-Hant	zh-Hant	如	"[""女""]"	[]		"[""zh-Hant.frequency.0077"",""zh.radical.kangxi.038""]"	[]	[]	sources/characters.tsv	frequency rank 77; Ministry common-character number 885	如: frequency rank 77; 2564 appearances (0.21243%); Unihan kRSUnicode 38.3; Kangxi radical 38 女; Unihan kRSUnicode single radical assignment.	[]	"[""chinese"",""traditional"",""radicals"",""frequency"",""character-to-radical"",""one-way"",""part-1""]"
zh-traditional-radicals-frequency-i/0078/character-to-radical	I	vocabulary	78	zh-Hant	zh-Hant	三	"[""一""]"	[]		"[""zh-Hant.frequency.0078"",""zh.radical.kangxi.001""]"	[]	[]	sources/characters.tsv	frequency rank 78; Ministry common-character number 4	三: frequency rank 78; 2543 appearances (0.21069%); Unihan kRSUnicode 1.2; Kangxi radical 1 一; Unihan kRSUnicode single radical assignment.	[]	"[""chinese"",""traditional"",""radicals"",""frequency"",""character-to-radical"",""one-way"",""part-1""]"
zh-traditional-radicals-frequency-i/0079/character-to-radical	I	vocabulary	79	zh-Hant	zh-Hant	發	"[""癶""]"	[]		"[""zh-Hant.frequency.0079"",""zh.radical.kangxi.105""]"	[]	[]	sources/characters.tsv	frequency rank 79; Ministry common-character number 2720	發: frequency rank 79; 2522 appearances (0.20895%); Unihan kRSUnicode 105.7; Kangxi radical 105 癶; Unihan kRSUnicode single radical assignment.	[]	"[""chinese"",""traditional"",""radicals"",""frequency"",""character-to-radical"",""one-way"",""part-1""]"
zh-traditional-radicals-frequency-i/0080/character-to-radical	I	vocabulary	80	zh-Hant	zh-Hant	事	"[""亅""]"	[]		"[""zh-Hant.frequency.0080"",""zh.radical.kangxi.006""]"	[]	[]	sources/characters.tsv	frequency rank 80; Ministry common-character number 48	事: frequency rank 80; 2502 appearances (0.20729%); Unihan kRSUnicode 6.7; Kangxi radical 6 亅; Unihan kRSUnicode single radical assignment.	[]	"[""chinese"",""traditional"",""radicals"",""frequency"",""character-to-radical"",""one-way"",""part-1""]"
zh-traditional-radicals-frequency-i/0081/character-to-radical	I	vocabulary	81	zh-Hant	zh-Hant	對	"[""寸""]"	[]		"[""zh-Hant.frequency.0081"",""zh.radical.kangxi.041""]"	[]	[]	sources/characters.tsv	frequency rank 81; Ministry common-character number 1066	對: frequency rank 81; 2476 appearances (0.20514%); Unihan kRSUnicode 41.11; Kangxi radical 41 寸; Unihan kRSUnicode single radical assignment.	[]	"[""chinese"",""traditional"",""radicals"",""frequency"",""character-to-radical"",""one-way"",""part-1""]"
zh-traditional-radicals-frequency-i/0082/character-to-radical	I	vocabulary	82	zh-Hant	zh-Hant	沒	"[""水""]"	[]		"[""zh-Hant.frequency.0082"",""zh.radical.kangxi.085""]"	[]	[]	sources/characters.tsv	frequency rank 82; Ministry common-character number 2151	沒: frequency rank 82; 2411 appearances (0.19975%); Unihan kRSUnicode 85.4; Kangxi radical 85 水; Unihan kRSUnicode single radical assignment.	[]	"[""chinese"",""traditional"",""radicals"",""frequency"",""character-to-radical"",""one-way"",""part-1""]"
zh-traditional-radicals-frequency-i/0083/character-to-radical	I	vocabulary	83	zh-Hant	zh-Hant	還	"[""辵""]"	[]		"[""zh-Hant.frequency.0083"",""zh.radical.kangxi.162""]"	[]	[]	sources/characters.tsv	frequency rank 83; Ministry common-character number 4191	還: frequency rank 83; 2384 appearances (0.19751%); Unihan kRSUnicode 162.13; Kangxi radical 162 辵; Unihan kRSUnicode single radical assignment.	[]	"[""chinese"",""traditional"",""radicals"",""frequency"",""character-to-radical"",""one-way"",""part-1""]"
zh-traditional-radicals-frequency-i/0084/character-to-radical	I	vocabulary	84	zh-Hant	zh-Hant	同	"[""口""]"	[]		"[""zh-Hant.frequency.0084"",""zh.radical.kangxi.030""]"	[]	[]	sources/characters.tsv	frequency rank 84; Ministry common-character number 501	同: frequency rank 84; 2330 appearances (0.19304%); Unihan kRSUnicode 30.3; Kangxi radical 30 口; Unihan kRSUnicode single radical assignment.	[]	"[""chinese"",""traditional"",""radicals"",""frequency"",""character-to-radical"",""one-way"",""part-1""]"
zh-traditional-radicals-frequency-i/0085/character-to-radical	I	vocabulary	85	zh-Hant	zh-Hant	高	"[""高""]"	[]		"[""zh-Hant.frequency.0085"",""zh.radical.kangxi.189""]"	[]	[]	sources/characters.tsv	frequency rank 85; Ministry common-character number 4667	高: frequency rank 85; 2292 appearances (0.18989%); Unihan kRSUnicode 189.0; Kangxi radical 189 高; Unihan kRSUnicode single radical assignment.	[]	"[""chinese"",""traditional"",""radicals"",""frequency"",""character-to-radical"",""one-way"",""part-1""]"
zh-traditional-radicals-frequency-i/0086/character-to-radical	I	vocabulary	86	zh-Hant	zh-Hant	道	"[""辵""]"	[]		"[""zh-Hant.frequency.0086"",""zh.radical.kangxi.162""]"	[]	[]	sources/characters.tsv	frequency rank 86; Ministry common-character number 4159	道: frequency rank 86; 2287 appearances (0.18948%); Unihan kRSUnicode 162.9; Kangxi radical 162 辵; Unihan kRSUnicode single radical assignment.	[]	"[""chinese"",""traditional"",""radicals"",""frequency"",""character-to-radical"",""one-way"",""part-1""]"
zh-traditional-radicals-frequency-i/0087/character-to-radical	I	vocabulary	87	zh-Hant	zh-Hant	師	"[""巾""]"	[]		"[""zh-Hant.frequency.0087"",""zh.radical.kangxi.050""]"	[]	[]	sources/characters.tsv	frequency rank 87; Ministry common-character number 1174	師: frequency rank 87; 2277 appearances (0.18865%); Unihan kRSUnicode 50.7; Kangxi radical 50 巾; Unihan kRSUnicode single radical assignment.	[]	"[""chinese"",""traditional"",""radicals"",""frequency"",""character-to-radical"",""one-way"",""part-1""]"
zh-traditional-radicals-frequency-i/0088/character-to-radical	I	vocabulary	88	zh-Hant	zh-Hant	氣	"[""气""]"	[]		"[""zh-Hant.frequency.0088"",""zh.radical.kangxi.084""]"	[]	[]	sources/characters.tsv	frequency rank 88; Ministry common-character number 2115	氣: frequency rank 88; 2276 appearances (0.18857%); Unihan kRSUnicode 84.6; Kangxi radical 84 气; Unihan kRSUnicode single radical assignment.	[]	"[""chinese"",""traditional"",""radicals"",""frequency"",""character-to-radical"",""one-way"",""part-1""]"
zh-traditional-radicals-frequency-i/0089/character-to-radical	I	vocabulary	89	zh-Hant	zh-Hant	種	"[""禾""]"	[]		"[""zh-Hant.frequency.0089"",""zh.radical.kangxi.115""]"	[]	[]	sources/characters.tsv	frequency rank 89; Ministry common-character number 2936	種: frequency rank 89; 2268 appearances (0.18790%); Unihan kRSUnicode 115.9; Kangxi radical 115 禾; Unihan kRSUnicode single radical assignment.	[]	"[""chinese"",""traditional"",""radicals"",""frequency"",""character-to-radical"",""one-way"",""part-1""]"
zh-traditional-radicals-frequency-i/0090/character-to-radical	I	vocabulary	90	zh-Hant	zh-Hant	而	"[""而""]"	[]		"[""zh-Hant.frequency.0090"",""zh.radical.kangxi.126""]"	[]	[]	sources/characters.tsv	frequency rank 90; Ministry common-character number 3255	而: frequency rank 90; 2264 appearances (0.18757%); Unihan kRSUnicode 126.0; Kangxi radical 126 而; Unihan kRSUnicode single radical assignment.	[]	"[""chinese"",""traditional"",""radicals"",""frequency"",""character-to-radical"",""one-way"",""part-1""]"
zh-traditional-radicals-frequency-i/0091/character-to-radical	I	vocabulary	91	zh-Hant	zh-Hant	回	"[""囗""]"	[]		"[""zh-Hant.frequency.0091"",""zh.radical.kangxi.031""]"	[]	[]	sources/characters.tsv	frequency rank 91; Ministry common-character number 727	回: frequency rank 91; 2262 appearances (0.18741%); Unihan kRSUnicode 31.3; Kangxi radical 31 囗; Unihan kRSUnicode single radical assignment.	[]	"[""chinese"",""traditional"",""radicals"",""frequency"",""character-to-radical"",""one-way"",""part-1""]"
zh-traditional-radicals-frequency-i/0092/character-to-radical	I	vocabulary	92	zh-Hant	zh-Hant	二	"[""二""]"	[]		"[""zh-Hant.frequency.0092"",""zh.radical.kangxi.007""]"	[]	[]	sources/characters.tsv	frequency rank 92; Ministry common-character number 49	二: frequency rank 92; 2261 appearances (0.18732%); Unihan kRSUnicode 7.0; Kangxi radical 7 二; Unihan kRSUnicode single radical assignment.	[]	"[""chinese"",""traditional"",""radicals"",""frequency"",""character-to-radical"",""one-way"",""part-1""]"
zh-traditional-radicals-frequency-i/0093/character-to-radical	I	vocabulary	93	zh-Hant	zh-Hant	開	"[""門""]"	[]		"[""zh-Hant.frequency.0093"",""zh.radical.kangxi.169""]"	[]	[]	sources/characters.tsv	frequency rank 93; Ministry common-character number 4376	開: frequency rank 93; 2248 appearances (0.18625%); Unihan kRSUnicode 169.4; Kangxi radical 169 門; Unihan kRSUnicode single radical assignment.	[]	"[""chinese"",""traditional"",""radicals"",""frequency"",""character-to-radical"",""one-way"",""part-1""]"
zh-traditional-radicals-frequency-i/0094/character-to-radical	I	vocabulary	94	zh-Hant	zh-Hant	於	"[""方""]"	[]		"[""zh-Hant.frequency.0094"",""zh.radical.kangxi.070""]"	[]	[]	sources/characters.tsv	frequency rank 94; Ministry common-character number 1760	於: frequency rank 94; 2238 appearances (0.18542%); Unihan kRSUnicode 70.4; Kangxi radical 70 方; Unihan kRSUnicode single radical assignment.	[]	"[""chinese"",""traditional"",""radicals"",""frequency"",""character-to-radical"",""one-way"",""part-1""]"
zh-traditional-radicals-frequency-i/0095/character-to-radical	I	vocabulary	95	zh-Hant	zh-Hant	頭	"[""頁""]"	[]		"[""zh-Hant.frequency.0095"",""zh.radical.kangxi.181""]"	[]	[]	sources/characters.tsv	frequency rank 95; Ministry common-character number 4555	頭: frequency rank 95; 2234 appearances (0.18509%); Unihan kRSUnicode 181.7; Kangxi radical 181 頁; Unihan kRSUnicode single radical assignment.	[]	"[""chinese"",""traditional"",""radicals"",""frequency"",""character-to-radical"",""one-way"",""part-1""]"
zh-traditional-radicals-frequency-i/0096/character-to-radical	I	vocabulary	96	zh-Hant	zh-Hant	現	"[""玉""]"	[]		"[""zh-Hant.frequency.0096"",""zh.radical.kangxi.096""]"	[]	[]	sources/characters.tsv	frequency rank 96; Ministry common-character number 2574	現: frequency rank 96; 2201 appearances (0.18235%); Unihan kRSUnicode 96.7; Kangxi radical 96 玉; Unihan kRSUnicode single radical assignment.	[]	"[""chinese"",""traditional"",""radicals"",""frequency"",""character-to-radical"",""one-way"",""part-1""]"
zh-traditional-radicals-frequency-i/0097/character-to-radical	I	vocabulary	97	zh-Hant	zh-Hant	做	"[""人""]"	[]		"[""zh-Hant.frequency.0097"",""zh.radical.kangxi.009""]"	[]	[]	sources/characters.tsv	frequency rank 97; Ministry common-character number 206	做: frequency rank 97; 2183 appearances (0.18086%); Unihan kRSUnicode 9.9; Kangxi radical 9 人; Unihan kRSUnicode single radical assignment.	[]	"[""chinese"",""traditional"",""radicals"",""frequency"",""character-to-radical"",""one-way"",""part-1""]"
zh-traditional-radicals-frequency-i/0098/character-to-radical	I	vocabulary	98	zh-Hant	zh-Hant	文	"[""文""]"	[]		"[""zh-Hant.frequency.0098"",""zh.radical.kangxi.067""]"	[]	[]	sources/characters.tsv	frequency rank 98; Ministry common-character number 1743	文: frequency rank 98; 2177 appearances (0.18036%); Unihan kRSUnicode 67.0; Kangxi radical 67 文; Unihan kRSUnicode single radical assignment.	[]	"[""chinese"",""traditional"",""radicals"",""frequency"",""character-to-radical"",""one-way"",""part-1""]"
zh-traditional-radicals-frequency-i/0099/character-to-radical	I	vocabulary	99	zh-Hant	zh-Hant	媽	"[""女""]"	[]		"[""zh-Hant.frequency.0099"",""zh.radical.kangxi.038""]"	[]	[]	sources/characters.tsv	frequency rank 99; Ministry common-character number 958	媽: frequency rank 99; 2115 appearances (0.17523%); Unihan kRSUnicode 38.10; Kangxi radical 38 女; Unihan kRSUnicode single radical assignment.	[]	"[""chinese"",""traditional"",""radicals"",""frequency"",""character-to-radical"",""one-way"",""part-1""]"
zh-traditional-radicals-frequency-i/0100/character-to-radical	I	vocabulary	100	zh-Hant	zh-Hant	體	"[""骨""]"	[]		"[""zh-Hant.frequency.0100"",""zh.radical.kangxi.188""]"	[]	[]	sources/characters.tsv	frequency rank 100; Ministry common-character number 4666	體: frequency rank 100; 2099 appearances (0.17390%); Unihan kRSUnicode 188.13; Kangxi radical 188 骨; Unihan kRSUnicode single radical assignment.	[]	"[""chinese"",""traditional"",""radicals"",""frequency"",""character-to-radical"",""one-way"",""part-1""]"
zh-traditional-radicals-frequency-i/0101/character-to-radical	I	vocabulary	101	zh-Hant	zh-Hant	些	"[""二""]"	[]		"[""zh-Hant.frequency.0101"",""zh.radical.kangxi.007""]"	[]	[]	sources/characters.tsv	frequency rank 101; Ministry common-character number 56	些: frequency rank 101; 2090 appearances (0.17315%); Unihan kRSUnicode 7.5; Kangxi radical 7 二; Unihan kRSUnicode single radical assignment.	[]	"[""chinese"",""traditional"",""radicals"",""frequency"",""character-to-radical"",""one-way"",""part-1""]"
zh-traditional-radicals-frequency-i/0102/character-to-radical	I	vocabulary	102	zh-Hant	zh-Hant	最	"[""曰""]"	[]		"[""zh-Hant.frequency.0102"",""zh.radical.kangxi.073""]"	[]	[]	sources/characters.tsv	frequency rank 102; Ministry common-character number 302	最: frequency rank 102; 2062 appearances (0.17084%); Unihan kRSUnicode 13.10 73.8; Kangxi radical 73 曰; Traditional dictionary radical 曰 selected from Unihan alternatives 13.10 and 73.8.	[]	"[""chinese"",""traditional"",""radicals"",""frequency"",""character-to-radical"",""one-way"",""part-1""]"
zh-traditional-radicals-frequency-i/0103/character-to-radical	I	vocabulary	103	zh-Hant	zh-Hant	寫	"[""宀""]"	[]		"[""zh-Hant.frequency.0103"",""zh.radical.kangxi.040""]"	[]	[]	sources/characters.tsv	frequency rank 103; Ministry common-character number 1054	寫: frequency rank 103; 2061 appearances (0.17075%); Unihan kRSUnicode 40.12; Kangxi radical 40 宀; Unihan kRSUnicode single radical assignment.	[]	"[""chinese"",""traditional"",""radicals"",""frequency"",""character-to-radical"",""one-way"",""part-1""]"
zh-traditional-radicals-frequency-i/0104/character-to-radical	I	vocabulary	104	zh-Hant	zh-Hant	又	"[""又""]"	[]		"[""zh-Hant.frequency.0104"",""zh.radical.kangxi.029""]"	[]	[]	sources/characters.tsv	frequency rank 104; Ministry common-character number 468	又: frequency rank 104; 2043 appearances (0.16926%); Unihan kRSUnicode 29.0; Kangxi radical 29 又; Unihan kRSUnicode single radical assignment.	[]	"[""chinese"",""traditional"",""radicals"",""frequency"",""character-to-radical"",""one-way"",""part-1""]"
zh-traditional-radicals-frequency-i/0105/character-to-radical	I	vocabulary	105	zh-Hant	zh-Hant	因	"[""囗""]"	[]		"[""zh-Hant.frequency.0105"",""zh.radical.kangxi.031""]"	[]	[]	sources/characters.tsv	frequency rank 105; Ministry common-character number 726	因: frequency rank 105; 2023 appearances (0.16760%); Unihan kRSUnicode 31.3; Kangxi radical 31 囗; Unihan kRSUnicode single radical assignment.	[]	"[""chinese"",""traditional"",""radicals"",""frequency"",""character-to-radical"",""one-way"",""part-1""]"
zh-traditional-radicals-frequency-i/0106/character-to-radical	I	vocabulary	106	zh-Hant	zh-Hant	前	"[""刀""]"	[]		"[""zh-Hant.frequency.0106"",""zh.radical.kangxi.018""]"	[]	[]	sources/characters.tsv	frequency rank 106; Ministry common-character number 355	前: frequency rank 106; 2016 appearances (0.16702%); Unihan kRSUnicode 18.7; Kangxi radical 18 刀; Unihan kRSUnicode single radical assignment.	[]	"[""chinese"",""traditional"",""radicals"",""frequency"",""character-to-radical"",""one-way"",""part-1""]"
zh-traditional-radicals-frequency-i/0107/character-to-radical	I	vocabulary	107	zh-Hant	zh-Hant	從	"[""彳""]"	[]		"[""zh-Hant.frequency.0107"",""zh.radical.kangxi.060""]"	[]	[]	sources/characters.tsv	frequency rank 107; Ministry common-character number 1293	從: frequency rank 107; 1999 appearances (0.16562%); Unihan kRSUnicode 60.8; Kangxi radical 60 彳; Unihan kRSUnicode single radical assignment.	[]	"[""chinese"",""traditional"",""radicals"",""frequency"",""character-to-radical"",""one-way"",""part-1""]"
zh-traditional-radicals-frequency-i/0108/character-to-radical	I	vocabulary	108	zh-Hant	zh-Hant	法	"[""水""]"	[]		"[""zh-Hant.frequency.0108"",""zh.radical.kangxi.085""]"	[]	[]	sources/characters.tsv	frequency rank 108; Ministry common-character number 2168	法: frequency rank 108; 1998 appearances (0.16553%); Unihan kRSUnicode 85.5; Kangxi radical 85 水; Unihan kRSUnicode single radical assignment.	[]	"[""chinese"",""traditional"",""radicals"",""frequency"",""character-to-radical"",""one-way"",""part-1""]"
zh-traditional-radicals-frequency-i/0109/character-to-radical	I	vocabulary	109	zh-Hant	zh-Hant	明	"[""日""]"	[]		"[""zh-Hant.frequency.0109"",""zh.radical.kangxi.072""]"	[]	[]	sources/characters.tsv	frequency rank 109; Ministry common-character number 1784	明: frequency rank 109; 1965 appearances (0.16280%); Unihan kRSUnicode 72.4; Kangxi radical 72 日; Unihan kRSUnicode single radical assignment.	[]	"[""chinese"",""traditional"",""radicals"",""frequency"",""character-to-radical"",""one-way"",""part-1""]"
zh-traditional-radicals-frequency-i/0110/character-to-radical	I	vocabulary	110	zh-Hant	zh-Hant	行	"[""行""]"	[]		"[""zh-Hant.frequency.0110"",""zh.radical.kangxi.144""]"	[]	[]	sources/characters.tsv	frequency rank 110; Ministry common-character number 3699	行: frequency rank 110; 1952 appearances (0.16172%); Unihan kRSUnicode 144.0; Kangxi radical 144 行; Unihan kRSUnicode single radical assignment.	[]	"[""chinese"",""traditional"",""radicals"",""frequency"",""character-to-radical"",""one-way"",""part-1""]"
zh-traditional-radicals-frequency-i/0111/character-to-radical	I	vocabulary	111	zh-Hant	zh-Hant	問	"[""口""]"	[]		"[""zh-Hant.frequency.0111"",""zh.radical.kangxi.030""]"	[]	[]	sources/characters.tsv	frequency rank 111; Ministry common-character number 610	問: frequency rank 111; 1920 appearances (0.15907%); Unihan kRSUnicode 30.8; Kangxi radical 30 口; Unihan kRSUnicode single radical assignment.	[]	"[""chinese"",""traditional"",""radicals"",""frequency"",""character-to-radical"",""one-way"",""part-1""]"
zh-traditional-radicals-frequency-i/0112/character-to-radical	I	vocabulary	112	zh-Hant	zh-Hant	意	"[""心""]"	[]		"[""zh-Hant.frequency.0112"",""zh.radical.kangxi.061""]"	[]	[]	sources/characters.tsv	frequency rank 112; Ministry common-character number 1400	意: frequency rank 112; 1910 appearances (0.15824%); Unihan kRSUnicode 61.9; Kangxi radical 61 心; Unihan kRSUnicode single radical assignment.	[]	"[""chinese"",""traditional"",""radicals"",""frequency"",""character-to-radical"",""one-way"",""part-1""]"
zh-traditional-radicals-frequency-i/0113/character-to-radical	I	vocabulary	113	zh-Hant	zh-Hant	花	"[""艸""]"	[]		"[""zh-Hant.frequency.0113"",""zh.radical.kangxi.140""]"	[]	[]	sources/characters.tsv	frequency rank 113; Ministry common-character number 3439	花: frequency rank 113; 1901 appearances (0.15750%); Unihan kRSUnicode 140.4; Kangxi radical 140 艸; Unihan kRSUnicode single radical assignment.	[]	"[""chinese"",""traditional"",""radicals"",""frequency"",""character-to-radical"",""one-way"",""part-1""]"
zh-traditional-radicals-frequency-i/0114/character-to-radical	I	vocabulary	114	zh-Hant	zh-Hant	日	"[""日""]"	[]		"[""zh-Hant.frequency.0114"",""zh.radical.kangxi.072""]"	[]	[]	sources/characters.tsv	frequency rank 114; Ministry common-character number 1771	日: frequency rank 114; 1889 appearances (0.15650%); Unihan kRSUnicode 72.0; Kangxi radical 72 日; Unihan kRSUnicode single radical assignment.	[]	"[""chinese"",""traditional"",""radicals"",""frequency"",""character-to-radical"",""one-way"",""part-1""]"
zh-traditional-radicals-frequency-i/0115/character-to-radical	I	vocabulary	115	zh-Hant	zh-Hant	形	"[""彡""]"	[]		"[""zh-Hant.frequency.0115"",""zh.radical.kangxi.059""]"	[]	[]	sources/characters.tsv	frequency rank 115; Ministry common-character number 1268	形: frequency rank 115; 1888 appearances (0.15642%); Unihan kRSUnicode 59.4; Kangxi radical 59 彡; Unihan kRSUnicode single radical assignment.	[]	"[""chinese"",""traditional"",""radicals"",""frequency"",""character-to-radical"",""one-way"",""part-1""]"
zh-traditional-radicals-frequency-i/0116/character-to-radical	I	vocabulary	116	zh-Hant	zh-Hant	知	"[""矢""]"	[]		"[""zh-Hant.frequency.0116"",""zh.radical.kangxi.111""]"	[]	[]	sources/characters.tsv	frequency rank 116; Ministry common-character number 2818	知: frequency rank 116; 1877 appearances (0.15551%); Unihan kRSUnicode 111.3; Kangxi radical 111 矢; Unihan kRSUnicode single radical assignment.	[]	"[""chinese"",""traditional"",""radicals"",""frequency"",""character-to-radical"",""one-way"",""part-1""]"
zh-traditional-radicals-frequency-i/0117/character-to-radical	I	vocabulary	117	zh-Hant	zh-Hant	四	"[""囗""]"	[]		"[""zh-Hant.frequency.0117"",""zh.radical.kangxi.031""]"	[]	[]	sources/characters.tsv	frequency rank 117; Ministry common-character number 724	四: frequency rank 117; 1847 appearances (0.15302%); Unihan kRSUnicode 31.2; Kangxi radical 31 囗; Unihan kRSUnicode single radical assignment.	[]	"[""chinese"",""traditional"",""radicals"",""frequency"",""character-to-radical"",""one-way"",""part-1""]"
zh-traditional-radicals-frequency-i/0118/character-to-radical	I	vocabulary	118	zh-Hant	zh-Hant	快	"[""心""]"	[]		"[""zh-Hant.frequency.0118"",""zh.radical.kangxi.061""]"	[]	[]	sources/characters.tsv	frequency rank 118; Ministry common-character number 1314	快: frequency rank 118; 1844 appearances (0.15277%); Unihan kRSUnicode 61.4; Kangxi radical 61 心; Unihan kRSUnicode single radical assignment.	[]	"[""chinese"",""traditional"",""radicals"",""frequency"",""character-to-radical"",""one-way"",""part-1""]"
zh-traditional-radicals-frequency-i/0119/character-to-radical	I	vocabulary	119	zh-Hant	zh-Hant	之	"[""丿""]"	[]		"[""zh-Hant.frequency.0119"",""zh.radical.kangxi.004""]"	[]	[]	sources/characters.tsv	frequency rank 119; Ministry common-character number 29	之: frequency rank 119; 1832 appearances (0.15178%); Unihan kRSUnicode 4.3; Kangxi radical 4 丿; Unihan kRSUnicode single radical assignment.	[]	"[""chinese"",""traditional"",""radicals"",""frequency"",""character-to-radical"",""one-way"",""part-1""]"
zh-traditional-radicals-frequency-i/0120/character-to-radical	I	vocabulary	120	zh-Hant	zh-Hant	常	"[""巾""]"	[]		"[""zh-Hant.frequency.0120"",""zh.radical.kangxi.050""]"	[]	[]	sources/characters.tsv	frequency rank 120; Ministry common-character number 1175	常: frequency rank 120; 1829 appearances (0.15153%); Unihan kRSUnicode 50.8; Kangxi radical 50 巾; Unihan kRSUnicode single radical assignment.	[]	"[""chinese"",""traditional"",""radicals"",""frequency"",""character-to-radical"",""one-way"",""part-1""]"
zh-traditional-radicals-frequency-i/0121/character-to-radical	I	vocabulary	121	zh-Hant	zh-Hant	經	"[""糸""]"	[]		"[""zh-Hant.frequency.0121"",""zh.radical.kangxi.120""]"	[]	[]	sources/characters.tsv	frequency rank 121; Ministry common-character number 3124	經: frequency rank 121; 1819 appearances (0.15070%); Unihan kRSUnicode 120.7; Kangxi radical 120 糸; Unihan kRSUnicode single radical assignment.	[]	"[""chinese"",""traditional"",""radicals"",""frequency"",""character-to-radical"",""one-way"",""part-1""]"
zh-traditional-radicals-frequency-i/0122/character-to-radical	I	vocabulary	122	zh-Hant	zh-Hant	教	"[""攴""]"	[]		"[""zh-Hant.frequency.0122"",""zh.radical.kangxi.066""]"	[]	[]	sources/characters.tsv	frequency rank 122; Ministry common-character number 1726	教: frequency rank 122; 1793 appearances (0.14855%); Unihan kRSUnicode 66.7; Kangxi radical 66 攴; Unihan kRSUnicode single radical assignment.	[]	"[""chinese"",""traditional"",""radicals"",""frequency"",""character-to-radical"",""one-way"",""part-1""]"
zh-traditional-radicals-frequency-i/0123/character-to-radical	I	vocabulary	123	zh-Hant	zh-Hant	活	"[""水""]"	[]		"[""zh-Hant.frequency.0123"",""zh.radical.kangxi.085""]"	[]	[]	sources/characters.tsv	frequency rank 123; Ministry common-character number 2194	活: frequency rank 123; 1783 appearances (0.14772%); Unihan kRSUnicode 85.6; Kangxi radical 85 水; Unihan kRSUnicode single radical assignment.	[]	"[""chinese"",""traditional"",""radicals"",""frequency"",""character-to-radical"",""one-way"",""part-1""]"
zh-traditional-radicals-frequency-i/0124/character-to-radical	I	vocabulary	124	zh-Hant	zh-Hant	太	"[""大""]"	[]		"[""zh-Hant.frequency.0124"",""zh.radical.kangxi.037""]"	[]	[]	sources/characters.tsv	frequency rank 124; Ministry common-character number 851	太: frequency rank 124; 1779 appearances (0.14739%); Unihan kRSUnicode 37.1; Kangxi radical 37 大; Unihan kRSUnicode single radical assignment.	[]	"[""chinese"",""traditional"",""radicals"",""frequency"",""character-to-radical"",""one-way"",""part-1""]"
zh-traditional-radicals-frequency-i/0125/character-to-radical	I	vocabulary	125	zh-Hant	zh-Hant	兩	"[""入""]"	[]		"[""zh-Hant.frequency.0125"",""zh.radical.kangxi.011""]"	[]	[]	sources/characters.tsv	frequency rank 125; Ministry common-character number 284	兩: frequency rank 125; 1770 appearances (0.14664%); Unihan kRSUnicode 11.6; Kangxi radical 11 入; Unihan kRSUnicode single radical assignment.	[]	"[""chinese"",""traditional"",""radicals"",""frequency"",""character-to-radical"",""one-way"",""part-1""]"
zh-traditional-radicals-frequency-i/0126/character-to-radical	I	vocabulary	126	zh-Hant	zh-Hant	果	"[""木""]"	[]		"[""zh-Hant.frequency.0126"",""zh.radical.kangxi.075""]"	[]	[]	sources/characters.tsv	frequency rank 126; Ministry common-character number 1876	果: frequency rank 126; 1755 appearances (0.14540%); Unihan kRSUnicode 75.4; Kangxi radical 75 木; Unihan kRSUnicode single radical assignment.	[]	"[""chinese"",""traditional"",""radicals"",""frequency"",""character-to-radical"",""one-way"",""part-1""]"
zh-traditional-radicals-frequency-i/0127/character-to-radical	I	vocabulary	127	zh-Hant	zh-Hant	本	"[""木""]"	[]		"[""zh-Hant.frequency.0127"",""zh.radical.kangxi.075""]"	[]	[]	sources/characters.tsv	frequency rank 127; Ministry common-character number 1855	本: frequency rank 127; 1749 appearances (0.14490%); Unihan kRSUnicode 75.1; Kangxi radical 75 木; Unihan kRSUnicode single radical assignment.	[]	"[""chinese"",""traditional"",""radicals"",""frequency"",""character-to-radical"",""one-way"",""part-1""]"
zh-traditional-radicals-frequency-i/0128/character-to-radical	I	vocabulary	128	zh-Hant	zh-Hant	兒	"[""儿""]"	[]		"[""zh-Hant.frequency.0128"",""zh.radical.kangxi.010""]"	[]	[]	sources/characters.tsv	frequency rank 128; Ministry common-character number 277	兒: frequency rank 128; 1749 appearances (0.14490%); Unihan kRSUnicode 10.6; Kangxi radical 10 儿; Unihan kRSUnicode single radical assignment.	[]	"[""chinese"",""traditional"",""radicals"",""frequency"",""character-to-radical"",""one-way"",""part-1""]"
zh-traditional-radicals-frequency-i/0129/character-to-radical	I	vocabulary	129	zh-Hant	zh-Hant	點	"[""黑""]"	[]		"[""zh-Hant.frequency.0129"",""zh.radical.kangxi.203""]"	[]	[]	sources/characters.tsv	frequency rank 129; Ministry common-character number 4775	點: frequency rank 129; 1745 appearances (0.14457%); Unihan kRSUnicode 203.5; Kangxi radical 203 黑; Unihan kRSUnicode single radical assignment.	[]	"[""chinese"",""traditional"",""radicals"",""frequency"",""character-to-radical"",""one-way"",""part-1""]"
zh-traditional-radicals-frequency-i/0130/character-to-radical	I	vocabulary	130	zh-Hant	zh-Hant	當	"[""田""]"	[]		"[""zh-Hant.frequency.0130"",""zh.radical.kangxi.102""]"	[]	[]	sources/characters.tsv	frequency rank 130; Ministry common-character number 2652	當: frequency rank 130; 1739 appearances (0.14407%); Unihan kRSUnicode 102.8; Kangxi radical 102 田; Unihan kRSUnicode single radical assignment.	[]	"[""chinese"",""traditional"",""radicals"",""frequency"",""character-to-radical"",""one-way"",""part-1""]"
zh-traditional-radicals-frequency-i/0131/character-to-radical	I	vocabulary	131	zh-Hant	zh-Hant	美	"[""羊""]"	[]		"[""zh-Hant.frequency.0131"",""zh.radical.kangxi.123""]"	[]	[]	sources/characters.tsv	frequency rank 131; Ministry common-character number 3218	美: frequency rank 131; 1730 appearances (0.14333%); Unihan kRSUnicode 123.3; Kangxi radical 123 羊; Unihan kRSUnicode single radical assignment.	[]	"[""chinese"",""traditional"",""radicals"",""frequency"",""character-to-radical"",""one-way"",""part-1""]"
zh-traditional-radicals-frequency-i/0132/character-to-radical	I	vocabulary	132	zh-Hant	zh-Hant	校	"[""木""]"	[]		"[""zh-Hant.frequency.0132"",""zh.radical.kangxi.075""]"	[]	[]	sources/characters.tsv	frequency rank 132; Ministry common-character number 1910	校: frequency rank 132; 1697 appearances (0.14059%); Unihan kRSUnicode 75.6; Kangxi radical 75 木; Unihan kRSUnicode single radical assignment.	[]	"[""chinese"",""traditional"",""radicals"",""frequency"",""character-to-radical"",""one-way"",""part-1""]"
zh-traditional-radicals-frequency-i/0133/character-to-radical	I	vocabulary	133	zh-Hant	zh-Hant	進	"[""辵""]"	[]		"[""zh-Hant.frequency.0133"",""zh.radical.kangxi.162""]"	[]	[]	sources/characters.tsv	frequency rank 133; Ministry common-character number 4156	進: frequency rank 133; 1691 appearances (0.14010%); Unihan kRSUnicode 162.8; Kangxi radical 162 辵; Unihan kRSUnicode single radical assignment.	[]	"[""chinese"",""traditional"",""radicals"",""frequency"",""character-to-radical"",""one-way"",""part-1""]"
zh-traditional-radicals-frequency-i/0134/character-to-radical	I	vocabulary	134	zh-Hant	zh-Hant	等	"[""竹""]"	[]		"[""zh-Hant.frequency.0134"",""zh.radical.kangxi.118""]"	[]	[]	sources/characters.tsv	frequency rank 134; Ministry common-character number 2997	等: frequency rank 134; 1684 appearances (0.13952%); Unihan kRSUnicode 118.6; Kangxi radical 118 竹; Unihan kRSUnicode single radical assignment.	[]	"[""chinese"",""traditional"",""radicals"",""frequency"",""character-to-radical"",""one-way"",""part-1""]"
zh-traditional-radicals-frequency-i/0135/character-to-radical	I	vocabulary	135	zh-Hant	zh-Hant	但	"[""人""]"	[]		"[""zh-Hant.frequency.0135"",""zh.radical.kangxi.009""]"	[]	[]	sources/characters.tsv	frequency rank 135; Ministry common-character number 121	但: frequency rank 135; 1682 appearances (0.13935%); Unihan kRSUnicode 9.5; Kangxi radical 9 人; Unihan kRSUnicode single radical assignment.	[]	"[""chinese"",""traditional"",""radicals"",""frequency"",""character-to-radical"",""one-way"",""part-1""]"
zh-traditional-radicals-frequency-i/0136/character-to-radical	I	vocabulary	136	zh-Hant	zh-Hant	樂	"[""木""]"	[]		"[""zh-Hant.frequency.0136"",""zh.radical.kangxi.075""]"	[]	[]	sources/characters.tsv	frequency rank 136; Ministry common-character number 2016	樂: frequency rank 136; 1681 appearances (0.13927%); Unihan kRSUnicode 75.11; Kangxi radical 75 木; Unihan kRSUnicode single radical assignment.	[]	"[""chinese"",""traditional"",""radicals"",""frequency"",""character-to-radical"",""one-way"",""part-1""]"
zh-traditional-radicals-frequency-i/0137/character-to-radical	I	vocabulary	137	zh-Hant	zh-Hant	部	"[""邑""]"	[]		"[""zh-Hant.frequency.0137"",""zh.radical.kangxi.163""]"	[]	[]	sources/characters.tsv	frequency rank 137; Ministry common-character number 4212	部: frequency rank 137; 1663 appearances (0.13778%); Unihan kRSUnicode 163.8; Kangxi radical 163 邑; Unihan kRSUnicode single radical assignment.	[]	"[""chinese"",""traditional"",""radicals"",""frequency"",""character-to-radical"",""one-way"",""part-1""]"
zh-traditional-radicals-frequency-i/0138/character-to-radical	I	vocabulary	138	zh-Hant	zh-Hant	再	"[""冂""]"	[]		"[""zh-Hant.frequency.0138"",""zh.radical.kangxi.013""]"	[]	[]	sources/characters.tsv	frequency rank 138; Ministry common-character number 298	再: frequency rank 138; 1651 appearances (0.13678%); Unihan kRSUnicode 13.4; Kangxi radical 13 冂; Unihan kRSUnicode single radical assignment.	[]	"[""chinese"",""traditional"",""radicals"",""frequency"",""character-to-radical"",""one-way"",""part-1""]"
zh-traditional-radicals-frequency-i/0139/character-to-radical	I	vocabulary	139	zh-Hant	zh-Hant	數	"[""攴""]"	[]		"[""zh-Hant.frequency.0139"",""zh.radical.kangxi.066""]"	[]	[]	sources/characters.tsv	frequency rank 139; Ministry common-character number 1739	數: frequency rank 139; 1649 appearances (0.13662%); Unihan kRSUnicode 66.11; Kangxi radical 66 攴; Unihan kRSUnicode single radical assignment.	[]	"[""chinese"",""traditional"",""radicals"",""frequency"",""character-to-radical"",""one-way"",""part-1""]"
zh-traditional-radicals-frequency-i/0140/character-to-radical	I	vocabulary	140	zh-Hant	zh-Hant	像	"[""人""]"	[]		"[""zh-Hant.frequency.0140"",""zh.radical.kangxi.009""]"	[]	[]	sources/characters.tsv	frequency rank 140; Ministry common-character number 242	像: frequency rank 140; 1636 appearances (0.13554%); Unihan kRSUnicode 9.12; Kangxi radical 9 人; Unihan kRSUnicode single radical assignment.	[]	"[""chinese"",""traditional"",""radicals"",""frequency"",""character-to-radical"",""one-way"",""part-1""]"
zh-traditional-radicals-frequency-i/0141/character-to-radical	I	vocabulary	141	zh-Hant	zh-Hant	只	"[""口""]"	[]		"[""zh-Hant.frequency.0141"",""zh.radical.kangxi.030""]"	[]	[]	sources/characters.tsv	frequency rank 141; Ministry common-character number 493	只: frequency rank 141; 1629 appearances (0.13496%); Unihan kRSUnicode 30.2; Kangxi radical 30 口; Unihan kRSUnicode single radical assignment.	[]	"[""chinese"",""traditional"",""radicals"",""frequency"",""character-to-radical"",""one-way"",""part-1""]"
zh-traditional-radicals-frequency-i/0142/character-to-radical	I	vocabulary	142	zh-Hant	zh-Hant	力	"[""力""]"	[]		"[""zh-Hant.frequency.0142"",""zh.radical.kangxi.019""]"	[]	[]	sources/characters.tsv	frequency rank 142; Ministry common-character number 379	力: frequency rank 142; 1626 appearances (0.13471%); Unihan kRSUnicode 19.0; Kangxi radical 19 力; Unihan kRSUnicode single radical assignment.	[]	"[""chinese"",""traditional"",""radicals"",""frequency"",""character-to-radical"",""one-way"",""part-1""]"
zh-traditional-radicals-frequency-i/0143/character-to-radical	I	vocabulary	143	zh-Hant	zh-Hant	色	"[""色""]"	[]		"[""zh-Hant.frequency.0143"",""zh.radical.kangxi.139""]"	[]	[]	sources/characters.tsv	frequency rank 143; Ministry common-character number 3427	色: frequency rank 143; 1625 appearances (0.13463%); Unihan kRSUnicode 139.0; Kangxi radical 139 色; Unihan kRSUnicode single radical assignment.	[]	"[""chinese"",""traditional"",""radicals"",""frequency"",""character-to-radical"",""one-way"",""part-1""]"
zh-traditional-radicals-frequency-i/0144/character-to-radical	I	vocabulary	144	zh-Hant	zh-Hant	外	"[""夕""]"	[]		"[""zh-Hant.frequency.0144"",""zh.radical.kangxi.036""]"	[]	[]	sources/characters.tsv	frequency rank 144; Ministry common-character number 840	外: frequency rank 144; 1624 appearances (0.13455%); Unihan kRSUnicode 36.2; Kangxi radical 36 夕; Unihan kRSUnicode single radical assignment.	[]	"[""chinese"",""traditional"",""radicals"",""frequency"",""character-to-radical"",""one-way"",""part-1""]"
zh-traditional-radicals-frequency-i/0145/character-to-radical	I	vocabulary	145	zh-Hant	zh-Hant	真	"[""目""]"	[]		"[""zh-Hant.frequency.0145"",""zh.radical.kangxi.109""]"	[]	[]	sources/characters.tsv	frequency rank 145; Ministry common-character number 2768	真: frequency rank 145; 1621 appearances (0.13430%); Unihan kRSUnicode 109.5 12.8; Kangxi radical 109 目; Traditional dictionary radical 目 selected from Unihan alternatives 109.5 and 12.8.	[]	"[""chinese"",""traditional"",""radicals"",""frequency"",""character-to-radical"",""one-way"",""part-1""]"
zh-traditional-radicals-frequency-i/0146/character-to-radical	I	vocabulary	146	zh-Hant	zh-Hant	各	"[""口""]"	[]		"[""zh-Hant.frequency.0146"",""zh.radical.kangxi.030""]"	[]	[]	sources/characters.tsv	frequency rank 146; Ministry common-character number 506	各: frequency rank 146; 1619 appearances (0.13413%); Unihan kRSUnicode 30.3; Kangxi radical 30 口; Unihan kRSUnicode single radical assignment.	[]	"[""chinese"",""traditional"",""radicals"",""frequency"",""character-to-radical"",""one-way"",""part-1""]"
zh-traditional-radicals-frequency-i/0147/character-to-radical	I	vocabulary	147	zh-Hant	zh-Hant	山	"[""山""]"	[]		"[""zh-Hant.frequency.0147"",""zh.radical.kangxi.046""]"	[]	[]	sources/characters.tsv	frequency rank 147; Ministry common-character number 1100	山: frequency rank 147; 1617 appearances (0.13397%); Unihan kRSUnicode 46.0; Kangxi radical 46 山; Unihan kRSUnicode single radical assignment.	[]	"[""chinese"",""traditional"",""radicals"",""frequency"",""character-to-radical"",""one-way"",""part-1""]"
zh-traditional-radicals-frequency-i/0148/character-to-radical	I	vocabulary	148	zh-Hant	zh-Hant	題	"[""頁""]"	[]		"[""zh-Hant.frequency.0148"",""zh.radical.kangxi.181""]"	[]	[]	sources/characters.tsv	frequency rank 148; Ministry common-character number 4561	題: frequency rank 148; 1610 appearances (0.13339%); Unihan kRSUnicode 181.9; Kangxi radical 181 頁; Unihan kRSUnicode single radical assignment.	[]	"[""chinese"",""traditional"",""radicals"",""frequency"",""character-to-radical"",""one-way"",""part-1""]"
zh-traditional-radicals-frequency-i/0149/character-to-radical	I	vocabulary	149	zh-Hant	zh-Hant	表	"[""衣""]"	[]		"[""zh-Hant.frequency.0149"",""zh.radical.kangxi.145""]"	[]	[]	sources/characters.tsv	frequency rank 149; Ministry common-character number 3710	表: frequency rank 149; 1597 appearances (0.13231%); Unihan kRSUnicode 145.3; Kangxi radical 145 衣; Unihan kRSUnicode single radical assignment.	[]	"[""chinese"",""traditional"",""radicals"",""frequency"",""character-to-radical"",""one-way"",""part-1""]"
zh-traditional-radicals-frequency-i/0150/character-to-radical	I	vocabulary	150	zh-Hant	zh-Hant	請	"[""言""]"	[]		"[""zh-Hant.frequency.0150"",""zh.radical.kangxi.149""]"	[]	[]	sources/characters.tsv	frequency rank 150; Ministry common-character number 3849	請: frequency rank 150; 1592 appearances (0.13189%); Unihan kRSUnicode 149.8; Kangxi radical 149 言; Unihan kRSUnicode single radical assignment.	[]	"[""chinese"",""traditional"",""radicals"",""frequency"",""character-to-radical"",""one-way"",""part-1""]"
zh-traditional-radicals-frequency-i/0151/character-to-radical	I	vocabulary	151	zh-Hant	zh-Hant	課	"[""言""]"	[]		"[""zh-Hant.frequency.0151"",""zh.radical.kangxi.149""]"	[]	[]	sources/characters.tsv	frequency rank 151; Ministry common-character number 3851	課: frequency rank 151; 1582 appearances (0.13107%); Unihan kRSUnicode 149.8; Kangxi radical 149 言; Unihan kRSUnicode single radical assignment.	[]	"[""chinese"",""traditional"",""radicals"",""frequency"",""character-to-radical"",""one-way"",""part-1""]"
zh-traditional-radicals-frequency-i/0152/character-to-radical	I	vocabulary	152	zh-Hant	zh-Hant	月	"[""月""]"	[]		"[""zh-Hant.frequency.0152"",""zh.radical.kangxi.074""]"	[]	[]	sources/characters.tsv	frequency rank 152; Ministry common-character number 1841	月: frequency rank 152; 1581 appearances (0.13098%); Unihan kRSUnicode 74.0; Kangxi radical 74 月; Unihan kRSUnicode single radical assignment.	[]	"[""chinese"",""traditional"",""radicals"",""frequency"",""character-to-radical"",""one-way"",""part-1""]"
zh-traditional-radicals-frequency-i/0153/character-to-radical	I	vocabulary	153	zh-Hant	zh-Hant	呢	"[""口""]"	[]		"[""zh-Hant.frequency.0153"",""zh.radical.kangxi.030""]"	[]	[]	sources/characters.tsv	frequency rank 153; Ministry common-character number 558	呢: frequency rank 153; 1576 appearances (0.13057%); Unihan kRSUnicode 30.5; Kangxi radical 30 口; Unihan kRSUnicode single radical assignment.	[]	"[""chinese"",""traditional"",""radicals"",""frequency"",""character-to-radical"",""one-way"",""part-1""]"
zh-traditional-radicals-frequency-i/0154/character-to-radical	I	vocabulary	154	zh-Hant	zh-Hant	第	"[""竹""]"	[]		"[""zh-Hant.frequency.0154"",""zh.radical.kangxi.118""]"	[]	[]	sources/characters.tsv	frequency rank 154; Ministry common-character number 2993	第: frequency rank 154; 1576 appearances (0.13057%); Unihan kRSUnicode 118.5; Kangxi radical 118 竹; Unihan kRSUnicode single radical assignment.	[]	"[""chinese"",""traditional"",""radicals"",""frequency"",""character-to-radical"",""one-way"",""part-1""]"
zh-traditional-radicals-frequency-i/0155/character-to-radical	I	vocabulary	155	zh-Hant	zh-Hant	位	"[""人""]"	[]		"[""zh-Hant.frequency.0155"",""zh.radical.kangxi.009""]"	[]	[]	sources/characters.tsv	frequency rank 155; Ministry common-character number 104	位: frequency rank 155; 1569 appearances (0.12999%); Unihan kRSUnicode 9.5; Kangxi radical 9 人; Unihan kRSUnicode single radical assignment.	[]	"[""chinese"",""traditional"",""radicals"",""frequency"",""character-to-radical"",""one-way"",""part-1""]"
zh-traditional-radicals-frequency-i/0156/character-to-radical	I	vocabulary	156	zh-Hant	zh-Hant	定	"[""宀""]"	[]		"[""zh-Hant.frequency.0156"",""zh.radical.kangxi.040""]"	[]	[]	sources/characters.tsv	frequency rank 156; Ministry common-character number 1014	定: frequency rank 156; 1565 appearances (0.12966%); Unihan kRSUnicode 40.5; Kangxi radical 40 宀; Unihan kRSUnicode single radical assignment.	[]	"[""chinese"",""traditional"",""radicals"",""frequency"",""character-to-radical"",""one-way"",""part-1""]"
zh-traditional-radicals-frequency-i/0157/character-to-radical	I	vocabulary	157	zh-Hant	zh-Hant	比	"[""比""]"	[]		"[""zh-Hant.frequency.0157"",""zh.radical.kangxi.081""]"	[]	[]	sources/characters.tsv	frequency rank 157; Ministry common-character number 2102	比: frequency rank 157; 1562 appearances (0.12941%); Unihan kRSUnicode 81.0; Kangxi radical 81 比; Unihan kRSUnicode single radical assignment.	[]	"[""chinese"",""traditional"",""radicals"",""frequency"",""character-to-radical"",""one-way"",""part-1""]"
zh-traditional-radicals-frequency-i/0158/character-to-radical	I	vocabulary	158	zh-Hant	zh-Hant	與	"[""臼""]"	[]		"[""zh-Hant.frequency.0158"",""zh.radical.kangxi.134""]"	[]	[]	sources/characters.tsv	frequency rank 158; Ministry common-character number 3398	與: frequency rank 158; 1558 appearances (0.12908%); Unihan kRSUnicode 134.8; Kangxi radical 134 臼; Unihan kRSUnicode single radical assignment.	[]	"[""chinese"",""traditional"",""radicals"",""frequency"",""character-to-radical"",""one-way"",""part-1""]"
zh-traditional-radicals-frequency-i/0159/character-to-radical	I	vocabulary	159	zh-Hant	zh-Hant	字	"[""子""]"	[]		"[""zh-Hant.frequency.0159"",""zh.radical.kangxi.039""]"	[]	[]	sources/characters.tsv	frequency rank 159; Ministry common-character number 987	字: frequency rank 159; 1553 appearances (0.12866%); Unihan kRSUnicode 39.3; Kangxi radical 39 子; Unihan kRSUnicode single radical assignment.	[]	"[""chinese"",""traditional"",""radicals"",""frequency"",""character-to-radical"",""one-way"",""part-1""]"
zh-traditional-radicals-frequency-i/0160/character-to-radical	I	vocabulary	160	zh-Hant	zh-Hant	身	"[""身""]"	[]		"[""zh-Hant.frequency.0160"",""zh.radical.kangxi.158""]"	[]	[]	sources/characters.tsv	frequency rank 160; Ministry common-character number 4056	身: frequency rank 160; 1544 appearances (0.12792%); Unihan kRSUnicode 158.0; Kangxi radical 158 身; Unihan kRSUnicode single radical assignment.	[]	"[""chinese"",""traditional"",""radicals"",""frequency"",""character-to-radical"",""one-way"",""part-1""]"
zh-traditional-radicals-frequency-i/0161/character-to-radical	I	vocabulary	161	zh-Hant	zh-Hant	相	"[""目""]"	[]		"[""zh-Hant.frequency.0161"",""zh.radical.kangxi.109""]"	[]	[]	sources/characters.tsv	frequency rank 161; Ministry common-character number 2762	相: frequency rank 161; 1535 appearances (0.12717%); Unihan kRSUnicode 109.4; Kangxi radical 109 目; Unihan kRSUnicode single radical assignment.	[]	"[""chinese"",""traditional"",""radicals"",""frequency"",""character-to-radical"",""one-way"",""part-1""]"
zh-traditional-radicals-frequency-i/0162/character-to-radical	I	vocabulary	162	zh-Hant	zh-Hant	間	"[""門""]"	[]		"[""zh-Hant.frequency.0162"",""zh.radical.kangxi.169""]"	[]	[]	sources/characters.tsv	frequency rank 162; Ministry common-character number 4378	間: frequency rank 162; 1528 appearances (0.12659%); Unihan kRSUnicode 169.4; Kangxi radical 169 門; Unihan kRSUnicode single radical assignment.	[]	"[""chinese"",""traditional"",""radicals"",""frequency"",""character-to-radical"",""one-way"",""part-1""]"
zh-traditional-radicals-frequency-i/0163/character-to-radical	I	vocabulary	163	zh-Hant	zh-Hant	手	"[""手""]"	[]		"[""zh-Hant.frequency.0163"",""zh.radical.kangxi.064""]"	[]	[]	sources/characters.tsv	frequency rank 163; Ministry common-character number 1495	手: frequency rank 163; 1520 appearances (0.12593%); Unihan kRSUnicode 64.0; Kangxi radical 64 手; Unihan kRSUnicode single radical assignment.	[]	"[""chinese"",""traditional"",""radicals"",""frequency"",""character-to-radical"",""one-way"",""part-1""]"
zh-traditional-radicals-frequency-i/0164/character-to-radical	I	vocabulary	164	zh-Hant	zh-Hant	王	"[""玉""]"	[]		"[""zh-Hant.frequency.0164"",""zh.radical.kangxi.096""]"	[]	[]	sources/characters.tsv	frequency rank 164; Ministry common-character number 2552	王: frequency rank 164; 1516 appearances (0.12560%); Unihan kRSUnicode 96.-1; Kangxi radical 96 玉; Unihan kRSUnicode single radical assignment.	[]	"[""chinese"",""traditional"",""radicals"",""frequency"",""character-to-radical"",""one-way"",""part-1""]"
zh-traditional-radicals-frequency-i/0165/character-to-radical	I	vocabulary	165	zh-Hant	zh-Hant	主	"[""丶""]"	[]		"[""zh-Hant.frequency.0165"",""zh.radical.kangxi.003""]"	[]	[]	sources/characters.tsv	frequency rank 165; Ministry common-character number 25	主: frequency rank 165; 1508 appearances (0.12494%); Unihan kRSUnicode 3.4; Kangxi radical 3 丶; Unihan kRSUnicode single radical assignment.	[]	"[""chinese"",""traditional"",""radicals"",""frequency"",""character-to-radical"",""one-way"",""part-1""]"
zh-traditional-radicals-frequency-i/0166/character-to-radical	I	vocabulary	166	zh-Hant	zh-Hant	西	"[""襾""]"	[]		"[""zh-Hant.frequency.0166"",""zh.radical.kangxi.146""]"	[]	[]	sources/characters.tsv	frequency rank 166; Ministry common-character number 3762	西: frequency rank 166; 1496 appearances (0.12394%); Unihan kRSUnicode 146.0; Kangxi radical 146 襾; Unihan kRSUnicode single radical assignment.	[]	"[""chinese"",""traditional"",""radicals"",""frequency"",""character-to-radical"",""one-way"",""part-1""]"
zh-traditional-radicals-frequency-i/0167/character-to-radical	I	vocabulary	167	zh-Hant	zh-Hant	電	"[""雨""]"	[]		"[""zh-Hant.frequency.0167"",""zh.radical.kangxi.173""]"	[]	[]	sources/characters.tsv	frequency rank 167; Ministry common-character number 4473	電: frequency rank 167; 1486 appearances (0.12311%); Unihan kRSUnicode 173.5; Kangxi radical 173 雨; Unihan kRSUnicode single radical assignment.	[]	"[""chinese"",""traditional"",""radicals"",""frequency"",""character-to-radical"",""one-way"",""part-1""]"
zh-traditional-radicals-frequency-i/0168/character-to-radical	I	vocabulary	168	zh-Hant	zh-Hant	五	"[""二""]"	[]		"[""zh-Hant.frequency.0168"",""zh.radical.kangxi.007""]"	[]	[]	sources/characters.tsv	frequency rank 168; Ministry common-character number 54	五: frequency rank 168; 1468 appearances (0.12162%); Unihan kRSUnicode 7.2; Kangxi radical 7 二; Unihan kRSUnicode single radical assignment.	[]	"[""chinese"",""traditional"",""radicals"",""frequency"",""character-to-radical"",""one-way"",""part-1""]"
zh-traditional-radicals-frequency-i/0169/character-to-radical	I	vocabulary	169	zh-Hant	zh-Hant	話	"[""言""]"	[]		"[""zh-Hant.frequency.0169"",""zh.radical.kangxi.149""]"	[]	[]	sources/characters.tsv	frequency rank 169; Ministry common-character number 3824	話: frequency rank 169; 1466 appearances (0.12146%); Unihan kRSUnicode 149.6; Kangxi radical 149 言; Unihan kRSUnicode single radical assignment.	[]	"[""chinese"",""traditional"",""radicals"",""frequency"",""character-to-radical"",""one-way"",""part-1""]"
zh-traditional-radicals-frequency-i/0170/character-to-radical	I	vocabulary	170	zh-Hant	zh-Hant	見	"[""見""]"	[]		"[""zh-Hant.frequency.0170"",""zh.radical.kangxi.147""]"	[]	[]	sources/characters.tsv	frequency rank 170; Ministry common-character number 3766	見: frequency rank 170; 1464 appearances (0.12129%); Unihan kRSUnicode 147.0; Kangxi radical 147 見; Unihan kRSUnicode single radical assignment.	[]	"[""chinese"",""traditional"",""radicals"",""frequency"",""character-to-radical"",""one-way"",""part-1""]"
zh-traditional-radicals-frequency-i/0171/character-to-radical	I	vocabulary	171	zh-Hant	zh-Hant	才	"[""手""]"	[]		"[""zh-Hant.frequency.0171"",""zh.radical.kangxi.064""]"	[]	[]	sources/characters.tsv	frequency rank 171; Ministry common-character number 1496	才: frequency rank 171; 1460 appearances (0.12096%); Unihan kRSUnicode 64.0; Kangxi radical 64 手; Unihan kRSUnicode single radical assignment.	[]	"[""chinese"",""traditional"",""radicals"",""frequency"",""character-to-radical"",""one-way"",""part-1""]"
zh-traditional-radicals-frequency-i/0172/character-to-radical	I	vocabulary	172	zh-Hant	zh-Hant	使	"[""人""]"	[]		"[""zh-Hant.frequency.0172"",""zh.radical.kangxi.009""]"	[]	[]	sources/characters.tsv	frequency rank 172; Ministry common-character number 134	使: frequency rank 172; 1460 appearances (0.12096%); Unihan kRSUnicode 9.6; Kangxi radical 9 人; Unihan kRSUnicode single radical assignment.	[]	"[""chinese"",""traditional"",""radicals"",""frequency"",""character-to-radical"",""one-way"",""part-1""]"
zh-traditional-radicals-frequency-i/0173/character-to-radical	I	vocabulary	173	zh-Hant	zh-Hant	名	"[""口""]"	[]		"[""zh-Hant.frequency.0173"",""zh.radical.kangxi.030""]"	[]	[]	sources/characters.tsv	frequency rank 173; Ministry common-character number 508	名: frequency rank 173; 1457 appearances (0.12071%); Unihan kRSUnicode 30.3; Kangxi radical 30 口; Unihan kRSUnicode single radical assignment.	[]	"[""chinese"",""traditional"",""radicals"",""frequency"",""character-to-radical"",""one-way"",""part-1""]"
zh-traditional-radicals-frequency-i/0174/character-to-radical	I	vocabulary	174	zh-Hant	zh-Hant	走	"[""走""]"	[]		"[""zh-Hant.frequency.0174"",""zh.radical.kangxi.156""]"	[]	[]	sources/characters.tsv	frequency rank 174; Ministry common-character number 3989	走: frequency rank 174; 1453 appearances (0.12038%); Unihan kRSUnicode 156.0; Kangxi radical 156 走; Unihan kRSUnicode single radical assignment.	[]	"[""chinese"",""traditional"",""radicals"",""frequency"",""character-to-radical"",""one-way"",""part-1""]"
zh-traditional-radicals-frequency-i/0175/character-to-radical	I	vocabulary	175	zh-Hant	zh-Hant	打	"[""手""]"	[]		"[""zh-Hant.frequency.0175"",""zh.radical.kangxi.064""]"	[]	[]	sources/characters.tsv	frequency rank 175; Ministry common-character number 1498	打: frequency rank 175; 1441 appearances (0.11938%); Unihan kRSUnicode 64.2; Kangxi radical 64 手; Unihan kRSUnicode single radical assignment.	[]	"[""chinese"",""traditional"",""radicals"",""frequency"",""character-to-radical"",""one-way"",""part-1""]"
zh-traditional-radicals-frequency-i/0176/character-to-radical	I	vocabulary	176	zh-Hant	zh-Hant	聲	"[""耳""]"	[]		"[""zh-Hant.frequency.0176"",""zh.radical.kangxi.128""]"	[]	[]	sources/characters.tsv	frequency rank 176; Ministry common-character number 3275	聲: frequency rank 176; 1438 appearances (0.11914%); Unihan kRSUnicode 128.11; Kangxi radical 128 耳; Unihan kRSUnicode single radical assignment.	[]	"[""chinese"",""traditional"",""radicals"",""frequency"",""character-to-radical"",""one-way"",""part-1""]"
zh-traditional-radicals-frequency-i/0177/character-to-radical	I	vocabulary	177	zh-Hant	zh-Hant	邊	"[""辵""]"	[]		"[""zh-Hant.frequency.0177"",""zh.radical.kangxi.162""]"	[]	[]	sources/characters.tsv	frequency rank 177; Ministry common-character number 4196	邊: frequency rank 177; 1429 appearances (0.11839%); Unihan kRSUnicode 162.15; Kangxi radical 162 辵; Unihan kRSUnicode single radical assignment.	[]	"[""chinese"",""traditional"",""radicals"",""frequency"",""character-to-radical"",""one-way"",""part-1""]"
zh-traditional-radicals-frequency-i/0178/character-to-radical	I	vocabulary	178	zh-Hant	zh-Hant	將	"[""寸""]"	[]		"[""zh-Hant.frequency.0178"",""zh.radical.kangxi.041""]"	[]	[]	sources/characters.tsv	frequency rank 178; Ministry common-character number 1063	將: frequency rank 178; 1427 appearances (0.11822%); Unihan kRSUnicode 41.8; Kangxi radical 41 寸; Unihan kRSUnicode single radical assignment.	[]	"[""chinese"",""traditional"",""radicals"",""frequency"",""character-to-radical"",""one-way"",""part-1""]"
zh-traditional-radicals-frequency-i/0179/character-to-radical	I	vocabulary	179	zh-Hant	zh-Hant	海	"[""水""]"	[]		"[""zh-Hant.frequency.0179"",""zh.radical.kangxi.085""]"	[]	[]	sources/characters.tsv	frequency rank 179; Ministry common-character number 2205	海: frequency rank 179; 1419 appearances (0.11756%); Unihan kRSUnicode 85.7; Kangxi radical 85 水; Unihan kRSUnicode single radical assignment.	[]	"[""chinese"",""traditional"",""radicals"",""frequency"",""character-to-radical"",""one-way"",""part-1""]"
zh-traditional-radicals-frequency-i/0180/character-to-radical	I	vocabulary	180	zh-Hant	zh-Hant	給	"[""糸""]"	[]		"[""zh-Hant.frequency.0180"",""zh.radical.kangxi.120""]"	[]	[]	sources/characters.tsv	frequency rank 180; Ministry common-character number 3122	給: frequency rank 180; 1419 appearances (0.11756%); Unihan kRSUnicode 120.6; Kangxi radical 120 糸; Unihan kRSUnicode single radical assignment.	[]	"[""chinese"",""traditional"",""radicals"",""frequency"",""character-to-radical"",""one-way"",""part-1""]"
zh-traditional-radicals-frequency-i/0181/character-to-radical	I	vocabulary	181	zh-Hant	zh-Hant	白	"[""白""]"	[]		"[""zh-Hant.frequency.0181"",""zh.radical.kangxi.106""]"	[]	[]	sources/characters.tsv	frequency rank 181; Ministry common-character number 2721	白: frequency rank 181; 1407 appearances (0.11657%); Unihan kRSUnicode 106.0; Kangxi radical 106 白; Unihan kRSUnicode single radical assignment.	[]	"[""chinese"",""traditional"",""radicals"",""frequency"",""character-to-radical"",""one-way"",""part-1""]"
zh-traditional-radicals-frequency-i/0182/character-to-radical	I	vocabulary	182	zh-Hant	zh-Hant	正	"[""止""]"	[]		"[""zh-Hant.frequency.0182"",""zh.radical.kangxi.077""]"	[]	[]	sources/characters.tsv	frequency rank 182; Ministry common-character number 2067	正: frequency rank 182; 1404 appearances (0.11632%); Unihan kRSUnicode 77.1; Kangxi radical 77 止; Unihan kRSUnicode single radical assignment.	[]	"[""chinese"",""traditional"",""radicals"",""frequency"",""character-to-radical"",""one-way"",""part-1""]"
zh-traditional-radicals-frequency-i/0183/character-to-radical	I	vocabulary	183	zh-Hant	zh-Hant	幾	"[""幺""]"	[]		"[""zh-Hant.frequency.0183"",""zh.radical.kangxi.052""]"	[]	[]	sources/characters.tsv	frequency rank 183; Ministry common-character number 1200	幾: frequency rank 183; 1395 appearances (0.11557%); Unihan kRSUnicode 52.9; Kangxi radical 52 幺; Unihan kRSUnicode single radical assignment.	[]	"[""chinese"",""traditional"",""radicals"",""frequency"",""character-to-radical"",""one-way"",""part-1""]"
zh-traditional-radicals-frequency-i/0184/character-to-radical	I	vocabulary	184	zh-Hant	zh-Hant	愛	"[""心""]"	[]		"[""zh-Hant.frequency.0184"",""zh.radical.kangxi.061""]"	[]	[]	sources/characters.tsv	frequency rank 184; Ministry common-character number 1404	愛: frequency rank 184; 1384 appearances (0.11466%); Unihan kRSUnicode 61.9; Kangxi radical 61 心; Unihan kRSUnicode single radical assignment.	[]	"[""chinese"",""traditional"",""radicals"",""frequency"",""character-to-radical"",""one-way"",""part-1""]"
zh-traditional-radicals-frequency-i/0185/character-to-radical	I	vocabulary	185	zh-Hant	zh-Hant	音	"[""音""]"	[]		"[""zh-Hant.frequency.0185"",""zh.radical.kangxi.180""]"	[]	[]	sources/characters.tsv	frequency rank 185; Ministry common-character number 4530	音: frequency rank 185; 1377 appearances (0.11408%); Unihan kRSUnicode 180.0; Kangxi radical 180 音; Unihan kRSUnicode single radical assignment.	[]	"[""chinese"",""traditional"",""radicals"",""frequency"",""character-to-radical"",""one-way"",""part-1""]"
zh-traditional-radicals-frequency-i/0186/character-to-radical	I	vocabulary	186	zh-Hant	zh-Hant	並	"[""一""]"	[]		"[""zh-Hant.frequency.0186"",""zh.radical.kangxi.001""]"	[]	[]	sources/characters.tsv	frequency rank 186; Ministry common-character number 18	並: frequency rank 186; 1374 appearances (0.11383%); Unihan kRSUnicode 1.7; Kangxi radical 1 一; Unihan kRSUnicode single radical assignment.	[]	"[""chinese"",""traditional"",""radicals"",""frequency"",""character-to-radical"",""one-way"",""part-1""]"
zh-traditional-radicals-frequency-i/0187/character-to-radical	I	vocabulary	187	zh-Hant	zh-Hant	加	"[""力""]"	[]		"[""zh-Hant.frequency.0187"",""zh.radical.kangxi.019""]"	[]	[]	sources/characters.tsv	frequency rank 187; Ministry common-character number 380	加: frequency rank 187; 1372 appearances (0.11367%); Unihan kRSUnicode 19.3; Kangxi radical 19 力; Unihan kRSUnicode single radical assignment.	[]	"[""chinese"",""traditional"",""radicals"",""frequency"",""character-to-radical"",""one-way"",""part-1""]"
zh-traditional-radicals-frequency-i/0188/character-to-radical	I	vocabulary	188	zh-Hant	zh-Hant	怎	"[""心""]"	[]		"[""zh-Hant.frequency.0188"",""zh.radical.kangxi.061""]"	[]	[]	sources/characters.tsv	frequency rank 188; Ministry common-character number 1333	怎: frequency rank 188; 1372 appearances (0.11367%); Unihan kRSUnicode 61.5; Kangxi radical 61 心; Unihan kRSUnicode single radical assignment.	[]	"[""chinese"",""traditional"",""radicals"",""frequency"",""character-to-radical"",""one-way"",""part-1""]"
zh-traditional-radicals-frequency-i/0189/character-to-radical	I	vocabulary	189	zh-Hant	zh-Hant	少	"[""小""]"	[]		"[""zh-Hant.frequency.0189"",""zh.radical.kangxi.042""]"	[]	[]	sources/characters.tsv	frequency rank 189; Ministry common-character number 1069	少: frequency rank 189; 1371 appearances (0.11358%); Unihan kRSUnicode 42.1; Kangxi radical 42 小; Unihan kRSUnicode single radical assignment.	[]	"[""chinese"",""traditional"",""radicals"",""frequency"",""character-to-radical"",""one-way"",""part-1""]"
zh-traditional-radicals-frequency-i/0190/character-to-radical	I	vocabulary	190	zh-Hant	zh-Hant	新	"[""斤""]"	[]		"[""zh-Hant.frequency.0190"",""zh.radical.kangxi.069""]"	[]	[]	sources/characters.tsv	frequency rank 190; Ministry common-character number 1757	新: frequency rank 190; 1370 appearances (0.11350%); Unihan kRSUnicode 69.9; Kangxi radical 69 斤; Unihan kRSUnicode single radical assignment.	[]	"[""chinese"",""traditional"",""radicals"",""frequency"",""character-to-radical"",""one-way"",""part-1""]"
zh-traditional-radicals-frequency-i/0191/character-to-radical	I	vocabulary	191	zh-Hant	zh-Hant	吃	"[""口""]"	[]		"[""zh-Hant.frequency.0191"",""zh.radical.kangxi.030""]"	[]	[]	sources/characters.tsv	frequency rank 191; Ministry common-character number 510	吃: frequency rank 191; 1368 appearances (0.11334%); Unihan kRSUnicode 30.3; Kangxi radical 30 口; Unihan kRSUnicode single radical assignment.	[]	"[""chinese"",""traditional"",""radicals"",""frequency"",""character-to-radical"",""one-way"",""part-1""]"
zh-traditional-radicals-frequency-i/0192/character-to-radical	I	vocabulary	192	zh-Hant	zh-Hant	習	"[""羽""]"	[]		"[""zh-Hant.frequency.0192"",""zh.radical.kangxi.124""]"	[]	[]	sources/characters.tsv	frequency rank 192; Ministry common-character number 3237	習: frequency rank 192; 1368 appearances (0.11334%); Unihan kRSUnicode 124.5; Kangxi radical 124 羽; Unihan kRSUnicode single radical assignment.	[]	"[""chinese"",""traditional"",""radicals"",""frequency"",""character-to-radical"",""one-way"",""part-1""]"
zh-traditional-radicals-frequency-i/0193/character-to-radical	I	vocabulary	193	zh-Hant	zh-Hant	她	"[""女""]"	[]		"[""zh-Hant.frequency.0193"",""zh.radical.kangxi.038""]"	[]	[]	sources/characters.tsv	frequency rank 193; Ministry common-character number 884	她: frequency rank 193; 1366 appearances (0.11317%); Unihan kRSUnicode 38.3; Kangxi radical 38 女; Unihan kRSUnicode single radical assignment.	[]	"[""chinese"",""traditional"",""radicals"",""frequency"",""character-to-radical"",""one-way"",""part-1""]"
zh-traditional-radicals-frequency-i/0194/character-to-radical	I	vocabulary	194	zh-Hant	zh-Hant	變	"[""言""]"	[]		"[""zh-Hant.frequency.0194"",""zh.radical.kangxi.149""]"	[]	[]	sources/characters.tsv	frequency rank 194; Ministry common-character number 3897	變: frequency rank 194; 1357 appearances (0.11242%); Unihan kRSUnicode 149.16; Kangxi radical 149 言; Unihan kRSUnicode single radical assignment.	[]	"[""chinese"",""traditional"",""radicals"",""frequency"",""character-to-radical"",""one-way"",""part-1""]"
zh-traditional-radicals-frequency-i/0195/character-to-radical	I	vocabulary	195	zh-Hant	zh-Hant	被	"[""衣""]"	[]		"[""zh-Hant.frequency.0195"",""zh.radical.kangxi.145""]"	[]	[]	sources/characters.tsv	frequency rank 195; Ministry common-character number 3718	被: frequency rank 195; 1355 appearances (0.11226%); Unihan kRSUnicode 145.5; Kangxi radical 145 衣; Unihan kRSUnicode single radical assignment.	[]	"[""chinese"",""traditional"",""radicals"",""frequency"",""character-to-radical"",""one-way"",""part-1""]"
zh-traditional-radicals-frequency-i/0196/character-to-radical	I	vocabulary	196	zh-Hant	zh-Hant	光	"[""儿""]"	[]		"[""zh-Hant.frequency.0196"",""zh.radical.kangxi.010""]"	[]	[]	sources/characters.tsv	frequency rank 196; Ministry common-character number 268	光: frequency rank 196; 1353 appearances (0.11209%); Unihan kRSUnicode 10.4; Kangxi radical 10 儿; Unihan kRSUnicode single radical assignment.	[]	"[""chinese"",""traditional"",""radicals"",""frequency"",""character-to-radical"",""one-way"",""part-1""]"
zh-traditional-radicals-frequency-i/0197/character-to-radical	I	vocabulary	197	zh-Hant	zh-Hant	情	"[""心""]"	[]		"[""zh-Hant.frequency.0197"",""zh.radical.kangxi.061""]"	[]	[]	sources/characters.tsv	frequency rank 197; Ministry common-character number 1370	情: frequency rank 197; 1350 appearances (0.11184%); Unihan kRSUnicode 61.8; Kangxi radical 61 心; Unihan kRSUnicode single radical assignment.	[]	"[""chinese"",""traditional"",""radicals"",""frequency"",""character-to-radical"",""one-way"",""part-1""]"
zh-traditional-radicals-frequency-i/0198/character-to-radical	I	vocabulary	198	zh-Hant	zh-Hant	重	"[""里""]"	[]		"[""zh-Hant.frequency.0198"",""zh.radical.kangxi.166""]"	[]	[]	sources/characters.tsv	frequency rank 198; Ministry common-character number 4257	重: frequency rank 198; 1348 appearances (0.11168%); Unihan kRSUnicode 166.2; Kangxi radical 166 里; Unihan kRSUnicode single radical assignment.	[]	"[""chinese"",""traditional"",""radicals"",""frequency"",""character-to-radical"",""one-way"",""part-1""]"
zh-traditional-radicals-frequency-i/0199/character-to-radical	I	vocabulary	199	zh-Hant	zh-Hant	或	"[""戈""]"	[]		"[""zh-Hant.frequency.0199"",""zh.radical.kangxi.062""]"	[]	[]	sources/characters.tsv	frequency rank 199; Ministry common-character number 1474	或: frequency rank 199; 1343 appearances (0.11126%); Unihan kRSUnicode 62.4; Kangxi radical 62 戈; Unihan kRSUnicode single radical assignment.	[]	"[""chinese"",""traditional"",""radicals"",""frequency"",""character-to-radical"",""one-way"",""part-1""]"
zh-traditional-radicals-frequency-i/0200/character-to-radical	I	vocabulary	200	zh-Hant	zh-Hant	由	"[""田""]"	[]		"[""zh-Hant.frequency.0200"",""zh.radical.kangxi.102""]"	[]	[]	sources/characters.tsv	frequency rank 200; Ministry common-character number 2633	由: frequency rank 200; 1338 appearances (0.11085%); Unihan kRSUnicode 102.0; Kangxi radical 102 田; Unihan kRSUnicode single radical assignment.	[]	"[""chinese"",""traditional"",""radicals"",""frequency"",""character-to-radical"",""one-way"",""part-1""]"
