card_id	deck	kind	source_chapter	prompt_language	answer_language	prompt	accepted_answers	distractors	explanation	lexical_ids	grammar_ids	geographic_ids	provenance_path	provenance_locator	provenance_evidence	examples	tags
zh-traditional-radicals-frequency-ix/1601/character-to-radical	IX	vocabulary	1601	zh-Hant	zh-Hant	丙	"[""一""]"	[]		"[""zh-Hant.frequency.1604"",""zh.radical.kangxi.001""]"	[]	[]	sources/characters.tsv	frequency-order position 1601; corpus frequency rank 1604; Ministry common-character number 11	丙: frequency-order position 1601; corpus frequency rank 1604; 81 appearances (0.00671%); Unihan kRSUnicode 1.4; Kangxi radical 1 一; Unihan kRSUnicode single radical assignment.	[]	"[""chinese"",""traditional"",""radicals"",""frequency"",""character-to-radical"",""one-way"",""part-9""]"
zh-traditional-radicals-frequency-ix/1602/character-to-radical	IX	vocabulary	1602	zh-Hant	zh-Hant	朱	"[""木""]"	[]		"[""zh-Hant.frequency.1605"",""zh.radical.kangxi.075""]"	[]	[]	sources/characters.tsv	frequency-order position 1602; corpus frequency rank 1605; Ministry common-character number 1861	朱: frequency-order position 1602; corpus frequency rank 1605; 81 appearances (0.00671%); Unihan kRSUnicode 75.2; Kangxi radical 75 木; Unihan kRSUnicode single radical assignment.	[]	"[""chinese"",""traditional"",""radicals"",""frequency"",""character-to-radical"",""one-way"",""part-9""]"
zh-traditional-radicals-frequency-ix/1603/character-to-radical	IX	vocabulary	1603	zh-Hant	zh-Hant	唉	"[""口""]"	[]		"[""zh-Hant.frequency.1606"",""zh.radical.kangxi.030""]"	[]	[]	sources/characters.tsv	frequency-order position 1603; corpus frequency rank 1606; Ministry common-character number 595	唉: frequency-order position 1603; corpus frequency rank 1606; 81 appearances (0.00671%); Unihan kRSUnicode 30.7; Kangxi radical 30 口; Unihan kRSUnicode single radical assignment.	[]	"[""chinese"",""traditional"",""radicals"",""frequency"",""character-to-radical"",""one-way"",""part-9""]"
zh-traditional-radicals-frequency-ix/1604/character-to-radical	IX	vocabulary	1604	zh-Hant	zh-Hant	倆	"[""人""]"	[]		"[""zh-Hant.frequency.1607"",""zh.radical.kangxi.009""]"	[]	[]	sources/characters.tsv	frequency-order position 1604; corpus frequency rank 1607; Ministry common-character number 178	倆: frequency-order position 1604; corpus frequency rank 1607; 81 appearances (0.00671%); Unihan kRSUnicode 9.8; Kangxi radical 9 人; Unihan kRSUnicode single radical assignment.	[]	"[""chinese"",""traditional"",""radicals"",""frequency"",""character-to-radical"",""one-way"",""part-9""]"
zh-traditional-radicals-frequency-ix/1605/character-to-radical	IX	vocabulary	1605	zh-Hant	zh-Hant	迴	"[""辵""]"	[]		"[""zh-Hant.frequency.1608"",""zh.radical.kangxi.162""]"	[]	[]	sources/characters.tsv	frequency-order position 1605; corpus frequency rank 1608; Ministry common-character number 4132	迴: frequency-order position 1605; corpus frequency rank 1608; 81 appearances (0.00671%); Unihan kRSUnicode 162.6; Kangxi radical 162 辵; Unihan kRSUnicode single radical assignment.	[]	"[""chinese"",""traditional"",""radicals"",""frequency"",""character-to-radical"",""one-way"",""part-9""]"
zh-traditional-radicals-frequency-ix/1606/character-to-radical	IX	vocabulary	1606	zh-Hant	zh-Hant	旗	"[""方""]"	[]		"[""zh-Hant.frequency.1609"",""zh.radical.kangxi.070""]"	[]	[]	sources/characters.tsv	frequency-order position 1606; corpus frequency rank 1609; Ministry common-character number 1768	旗: frequency-order position 1606; corpus frequency rank 1609; 81 appearances (0.00671%); Unihan kRSUnicode 70.10; Kangxi radical 70 方; Unihan kRSUnicode single radical assignment.	[]	"[""chinese"",""traditional"",""radicals"",""frequency"",""character-to-radical"",""one-way"",""part-9""]"
zh-traditional-radicals-frequency-ix/1607/character-to-radical	IX	vocabulary	1607	zh-Hant	zh-Hant	罵	"[""网""]"	[]		"[""zh-Hant.frequency.1610"",""zh.radical.kangxi.122""]"	[]	[]	sources/characters.tsv	frequency-order position 1607; corpus frequency rank 1610; Ministry common-character number 3210	罵: frequency-order position 1607; corpus frequency rank 1610; 81 appearances (0.00671%); Unihan kRSUnicode 122.10; Kangxi radical 122 网; Unihan kRSUnicode single radical assignment.	[]	"[""chinese"",""traditional"",""radicals"",""frequency"",""character-to-radical"",""one-way"",""part-9""]"
zh-traditional-radicals-frequency-ix/1608/character-to-radical	IX	vocabulary	1608	zh-Hant	zh-Hant	鳴	"[""鳥""]"	[]		"[""zh-Hant.frequency.1611"",""zh.radical.kangxi.196""]"	[]	[]	sources/characters.tsv	frequency-order position 1608; corpus frequency rank 1611; Ministry common-character number 4718	鳴: frequency-order position 1608; corpus frequency rank 1611; 81 appearances (0.00671%); Unihan kRSUnicode 196.3; Kangxi radical 196 鳥; Unihan kRSUnicode single radical assignment.	[]	"[""chinese"",""traditional"",""radicals"",""frequency"",""character-to-radical"",""one-way"",""part-9""]"
zh-traditional-radicals-frequency-ix/1609/character-to-radical	IX	vocabulary	1609	zh-Hant	zh-Hant	諾	"[""言""]"	[]		"[""zh-Hant.frequency.1612"",""zh.radical.kangxi.149""]"	[]	[]	sources/characters.tsv	frequency-order position 1609; corpus frequency rank 1612; Ministry common-character number 3866	諾: frequency-order position 1609; corpus frequency rank 1612; 81 appearances (0.00671%); Unihan kRSUnicode 149.9; Kangxi radical 149 言; Unihan kRSUnicode single radical assignment.	[]	"[""chinese"",""traditional"",""radicals"",""frequency"",""character-to-radical"",""one-way"",""part-9""]"
zh-traditional-radicals-frequency-ix/1610/character-to-radical	IX	vocabulary	1610	zh-Hant	zh-Hant	騰	"[""馬""]"	[]		"[""zh-Hant.frequency.1613"",""zh.radical.kangxi.187""]"	[]	[]	sources/characters.tsv	frequency-order position 1610; corpus frequency rank 1613; Ministry common-character number 4643	騰: frequency-order position 1610; corpus frequency rank 1613; 81 appearances (0.00671%); Unihan kRSUnicode 187.10; Kangxi radical 187 馬; Unihan kRSUnicode single radical assignment.	[]	"[""chinese"",""traditional"",""radicals"",""frequency"",""character-to-radical"",""one-way"",""part-9""]"
zh-traditional-radicals-frequency-ix/1611/character-to-radical	IX	vocabulary	1611	zh-Hant	zh-Hant	怒	"[""心""]"	[]		"[""zh-Hant.frequency.1614"",""zh.radical.kangxi.061""]"	[]	[]	sources/characters.tsv	frequency-order position 1611; corpus frequency rank 1614; Ministry common-character number 1329	怒: frequency-order position 1611; corpus frequency rank 1614; 80 appearances (0.00662%); Unihan kRSUnicode 61.5; Kangxi radical 61 心; Unihan kRSUnicode single radical assignment.	[]	"[""chinese"",""traditional"",""radicals"",""frequency"",""character-to-radical"",""one-way"",""part-9""]"
zh-traditional-radicals-frequency-ix/1612/character-to-radical	IX	vocabulary	1612	zh-Hant	zh-Hant	授	"[""手""]"	[]		"[""zh-Hant.frequency.1615"",""zh.radical.kangxi.064""]"	[]	[]	sources/characters.tsv	frequency-order position 1612; corpus frequency rank 1615; Ministry common-character number 1604	授: frequency-order position 1612; corpus frequency rank 1615; 80 appearances (0.00662%); Unihan kRSUnicode 64.8; Kangxi radical 64 手; Unihan kRSUnicode single radical assignment.	[]	"[""chinese"",""traditional"",""radicals"",""frequency"",""character-to-radical"",""one-way"",""part-9""]"
zh-traditional-radicals-frequency-ix/1613/character-to-radical	IX	vocabulary	1613	zh-Hant	zh-Hant	慮	"[""心""]"	[]		"[""zh-Hant.frequency.1616"",""zh.radical.kangxi.061""]"	[]	[]	sources/characters.tsv	frequency-order position 1613; corpus frequency rank 1616; Ministry common-character number 1426	慮: frequency-order position 1613; corpus frequency rank 1616; 80 appearances (0.00662%); Unihan kRSUnicode 61.11; Kangxi radical 61 心; Unihan kRSUnicode single radical assignment.	[]	"[""chinese"",""traditional"",""radicals"",""frequency"",""character-to-radical"",""one-way"",""part-9""]"
zh-traditional-radicals-frequency-ix/1614/character-to-radical	IX	vocabulary	1614	zh-Hant	zh-Hant	遷	"[""辵""]"	[]		"[""zh-Hant.frequency.1617"",""zh.radical.kangxi.162""]"	[]	[]	sources/characters.tsv	frequency-order position 1614; corpus frequency rank 1617; Ministry common-character number 4182	遷: frequency-order position 1614; corpus frequency rank 1617; 80 appearances (0.00662%); Unihan kRSUnicode 162.12 162.11; Kangxi radical 162 辵; Unihan lists two residual-stroke counts under the same radical 辵.	[]	"[""chinese"",""traditional"",""radicals"",""frequency"",""character-to-radical"",""one-way"",""part-9""]"
zh-traditional-radicals-frequency-ix/1615/character-to-radical	IX	vocabulary	1615	zh-Hant	zh-Hant	餅	"[""食""]"	[]		"[""zh-Hant.frequency.1618"",""zh.radical.kangxi.184""]"	[]	[]	sources/characters.tsv	frequency-order position 1615; corpus frequency rank 1618; Ministry common-character number 4594	餅: frequency-order position 1615; corpus frequency rank 1618; 80 appearances (0.00662%); Unihan kRSUnicode 184.6; Kangxi radical 184 食; Unihan kRSUnicode single radical assignment.	[]	"[""chinese"",""traditional"",""radicals"",""frequency"",""character-to-radical"",""one-way"",""part-9""]"
zh-traditional-radicals-frequency-ix/1616/character-to-radical	IX	vocabulary	1616	zh-Hant	zh-Hant	障	"[""阜""]"	[]		"[""zh-Hant.frequency.1619"",""zh.radical.kangxi.170""]"	[]	[]	sources/characters.tsv	frequency-order position 1616; corpus frequency rank 1619; Ministry common-character number 4441	障: frequency-order position 1616; corpus frequency rank 1619; 80 appearances (0.00662%); Unihan kRSUnicode 170.11; Kangxi radical 170 阜; Unihan kRSUnicode single radical assignment.	[]	"[""chinese"",""traditional"",""radicals"",""frequency"",""character-to-radical"",""one-way"",""part-9""]"
zh-traditional-radicals-frequency-ix/1617/character-to-radical	IX	vocabulary	1617	zh-Hant	zh-Hant	辭	"[""辛""]"	[]		"[""zh-Hant.frequency.1620"",""zh.radical.kangxi.160""]"	[]	[]	sources/characters.tsv	frequency-order position 1617; corpus frequency rank 1620; Ministry common-character number 4107	辭: frequency-order position 1617; corpus frequency rank 1620; 80 appearances (0.00662%); Unihan kRSUnicode 160.12; Kangxi radical 160 辛; Unihan kRSUnicode single radical assignment.	[]	"[""chinese"",""traditional"",""radicals"",""frequency"",""character-to-radical"",""one-way"",""part-9""]"
zh-traditional-radicals-frequency-ix/1618/character-to-radical	IX	vocabulary	1618	zh-Hant	zh-Hant	促	"[""人""]"	[]		"[""zh-Hant.frequency.1621"",""zh.radical.kangxi.009""]"	[]	[]	sources/characters.tsv	frequency-order position 1618; corpus frequency rank 1621; Ministry common-character number 156	促: frequency-order position 1618; corpus frequency rank 1621; 79 appearances (0.00654%); Unihan kRSUnicode 9.7; Kangxi radical 9 人; Unihan kRSUnicode single radical assignment.	[]	"[""chinese"",""traditional"",""radicals"",""frequency"",""character-to-radical"",""one-way"",""part-9""]"
zh-traditional-radicals-frequency-ix/1619/character-to-radical	IX	vocabulary	1619	zh-Hant	zh-Hant	幻	"[""幺""]"	[]		"[""zh-Hant.frequency.1622"",""zh.radical.kangxi.052""]"	[]	[]	sources/characters.tsv	frequency-order position 1619; corpus frequency rank 1622; Ministry common-character number 1197	幻: frequency-order position 1619; corpus frequency rank 1622; 79 appearances (0.00654%); Unihan kRSUnicode 52.1; Kangxi radical 52 幺; Unihan kRSUnicode single radical assignment.	[]	"[""chinese"",""traditional"",""radicals"",""frequency"",""character-to-radical"",""one-way"",""part-9""]"
zh-traditional-radicals-frequency-ix/1620/character-to-radical	IX	vocabulary	1620	zh-Hant	zh-Hant	吞	"[""口""]"	[]		"[""zh-Hant.frequency.1623"",""zh.radical.kangxi.030""]"	[]	[]	sources/characters.tsv	frequency-order position 1620; corpus frequency rank 1623; Ministry common-character number 516	吞: frequency-order position 1620; corpus frequency rank 1623; 79 appearances (0.00654%); Unihan kRSUnicode 30.4; Kangxi radical 30 口; Unihan kRSUnicode single radical assignment.	[]	"[""chinese"",""traditional"",""radicals"",""frequency"",""character-to-radical"",""one-way"",""part-9""]"
zh-traditional-radicals-frequency-ix/1621/character-to-radical	IX	vocabulary	1621	zh-Hant	zh-Hant	私	"[""禾""]"	[]		"[""zh-Hant.frequency.1624"",""zh.radical.kangxi.115""]"	[]	[]	sources/characters.tsv	frequency-order position 1621; corpus frequency rank 1624; Ministry common-character number 2912	私: frequency-order position 1621; corpus frequency rank 1624; 79 appearances (0.00654%); Unihan kRSUnicode 115.2; Kangxi radical 115 禾; Unihan kRSUnicode single radical assignment.	[]	"[""chinese"",""traditional"",""radicals"",""frequency"",""character-to-radical"",""one-way"",""part-9""]"
zh-traditional-radicals-frequency-ix/1622/character-to-radical	IX	vocabulary	1622	zh-Hant	zh-Hant	郊	"[""邑""]"	[]		"[""zh-Hant.frequency.1625"",""zh.radical.kangxi.163""]"	[]	[]	sources/characters.tsv	frequency-order position 1622; corpus frequency rank 1625; Ministry common-character number 4208	郊: frequency-order position 1622; corpus frequency rank 1625; 79 appearances (0.00654%); Unihan kRSUnicode 163.6; Kangxi radical 163 邑; Unihan kRSUnicode single radical assignment.	[]	"[""chinese"",""traditional"",""radicals"",""frequency"",""character-to-radical"",""one-way"",""part-9""]"
zh-traditional-radicals-frequency-ix/1623/character-to-radical	IX	vocabulary	1623	zh-Hant	zh-Hant	汁	"[""水""]"	[]		"[""zh-Hant.frequency.1626"",""zh.radical.kangxi.085""]"	[]	[]	sources/characters.tsv	frequency-order position 1623; corpus frequency rank 1626; Ministry common-character number 2126	汁: frequency-order position 1623; corpus frequency rank 1626; 79 appearances (0.00654%); Unihan kRSUnicode 85.2; Kangxi radical 85 水; Unihan kRSUnicode single radical assignment.	[]	"[""chinese"",""traditional"",""radicals"",""frequency"",""character-to-radical"",""one-way"",""part-9""]"
zh-traditional-radicals-frequency-ix/1624/character-to-radical	IX	vocabulary	1624	zh-Hant	zh-Hant	循	"[""彳""]"	[]		"[""zh-Hant.frequency.1627"",""zh.radical.kangxi.060""]"	[]	[]	sources/characters.tsv	frequency-order position 1624; corpus frequency rank 1627; Ministry common-character number 1297	循: frequency-order position 1624; corpus frequency rank 1627; 79 appearances (0.00654%); Unihan kRSUnicode 60.9; Kangxi radical 60 彳; Unihan kRSUnicode single radical assignment.	[]	"[""chinese"",""traditional"",""radicals"",""frequency"",""character-to-radical"",""one-way"",""part-9""]"
zh-traditional-radicals-frequency-ix/1625/character-to-radical	IX	vocabulary	1625	zh-Hant	zh-Hant	奪	"[""大""]"	[]		"[""zh-Hant.frequency.1628"",""zh.radical.kangxi.037""]"	[]	[]	sources/characters.tsv	frequency-order position 1625; corpus frequency rank 1628; Ministry common-character number 874	奪: frequency-order position 1625; corpus frequency rank 1628; 79 appearances (0.00654%); Unihan kRSUnicode 37.11; Kangxi radical 37 大; Unihan kRSUnicode single radical assignment.	[]	"[""chinese"",""traditional"",""radicals"",""frequency"",""character-to-radical"",""one-way"",""part-9""]"
zh-traditional-radicals-frequency-ix/1626/character-to-radical	IX	vocabulary	1626	zh-Hant	zh-Hant	輩	"[""車""]"	[]		"[""zh-Hant.frequency.1629"",""zh.radical.kangxi.159""]"	[]	[]	sources/characters.tsv	frequency-order position 1626; corpus frequency rank 1629; Ministry common-character number 4083	輩: frequency-order position 1626; corpus frequency rank 1629; 79 appearances (0.00654%); Unihan kRSUnicode 159.8; Kangxi radical 159 車; Unihan kRSUnicode single radical assignment.	[]	"[""chinese"",""traditional"",""radicals"",""frequency"",""character-to-radical"",""one-way"",""part-9""]"
zh-traditional-radicals-frequency-ix/1627/character-to-radical	IX	vocabulary	1627	zh-Hant	zh-Hant	蝦	"[""虫""]"	[]		"[""zh-Hant.frequency.1630"",""zh.radical.kangxi.142""]"	[]	[]	sources/characters.tsv	frequency-order position 1627; corpus frequency rank 1630; Ministry common-character number 3660	蝦: frequency-order position 1627; corpus frequency rank 1630; 79 appearances (0.00654%); Unihan kRSUnicode 142.9; Kangxi radical 142 虫; Unihan kRSUnicode single radical assignment.	[]	"[""chinese"",""traditional"",""radicals"",""frequency"",""character-to-radical"",""one-way"",""part-9""]"
zh-traditional-radicals-frequency-ix/1628/character-to-radical	IX	vocabulary	1628	zh-Hant	zh-Hant	扁	"[""戶""]"	[]		"[""zh-Hant.frequency.1631"",""zh.radical.kangxi.063""]"	[]	[]	sources/characters.tsv	frequency-order position 1628; corpus frequency rank 1631; Ministry common-character number 1491	扁: frequency-order position 1628; corpus frequency rank 1631; 78 appearances (0.00646%); Unihan kRSUnicode 63.5; Kangxi radical 63 戶; Unihan kRSUnicode single radical assignment.	[]	"[""chinese"",""traditional"",""radicals"",""frequency"",""character-to-radical"",""one-way"",""part-9""]"
zh-traditional-radicals-frequency-ix/1629/character-to-radical	IX	vocabulary	1629	zh-Hant	zh-Hant	偵	"[""人""]"	[]		"[""zh-Hant.frequency.1632"",""zh.radical.kangxi.009""]"	[]	[]	sources/characters.tsv	frequency-order position 1629; corpus frequency rank 1632; Ministry common-character number 212	偵: frequency-order position 1629; corpus frequency rank 1632; 78 appearances (0.00646%); Unihan kRSUnicode 9.9; Kangxi radical 9 人; Unihan kRSUnicode single radical assignment.	[]	"[""chinese"",""traditional"",""radicals"",""frequency"",""character-to-radical"",""one-way"",""part-9""]"
zh-traditional-radicals-frequency-ix/1630/character-to-radical	IX	vocabulary	1630	zh-Hant	zh-Hant	廚	"[""广""]"	[]		"[""zh-Hant.frequency.1633"",""zh.radical.kangxi.053""]"	[]	[]	sources/characters.tsv	frequency-order position 1630; corpus frequency rank 1633; Ministry common-character number 1227	廚: frequency-order position 1630; corpus frequency rank 1633; 78 appearances (0.00646%); Unihan kRSUnicode 53.12; Kangxi radical 53 广; Unihan kRSUnicode single radical assignment.	[]	"[""chinese"",""traditional"",""radicals"",""frequency"",""character-to-radical"",""one-way"",""part-9""]"
zh-traditional-radicals-frequency-ix/1631/character-to-radical	IX	vocabulary	1631	zh-Hant	zh-Hant	縱	"[""糸""]"	[]		"[""zh-Hant.frequency.1634"",""zh.radical.kangxi.120""]"	[]	[]	sources/characters.tsv	frequency-order position 1631; corpus frequency rank 1634; Ministry common-character number 3173	縱: frequency-order position 1631; corpus frequency rank 1634; 78 appearances (0.00646%); Unihan kRSUnicode 120.11; Kangxi radical 120 糸; Unihan kRSUnicode single radical assignment.	[]	"[""chinese"",""traditional"",""radicals"",""frequency"",""character-to-radical"",""one-way"",""part-9""]"
zh-traditional-radicals-frequency-ix/1632/character-to-radical	IX	vocabulary	1632	zh-Hant	zh-Hant	斑	"[""文""]"	[]		"[""zh-Hant.frequency.1635"",""zh.radical.kangxi.067""]"	[]	[]	sources/characters.tsv	frequency-order position 1632; corpus frequency rank 1635; Ministry common-character number 1744	斑: frequency-order position 1632; corpus frequency rank 1635; 78 appearances (0.00646%); Unihan kRSUnicode 67.8; Kangxi radical 67 文; Unihan kRSUnicode single radical assignment.	[]	"[""chinese"",""traditional"",""radicals"",""frequency"",""character-to-radical"",""one-way"",""part-9""]"
zh-traditional-radicals-frequency-ix/1633/character-to-radical	IX	vocabulary	1633	zh-Hant	zh-Hant	渡	"[""水""]"	[]		"[""zh-Hant.frequency.1636"",""zh.radical.kangxi.085""]"	[]	[]	sources/characters.tsv	frequency-order position 1633; corpus frequency rank 1636; Ministry common-character number 2251	渡: frequency-order position 1633; corpus frequency rank 1636; 78 appearances (0.00646%); Unihan kRSUnicode 85.9; Kangxi radical 85 水; Unihan kRSUnicode single radical assignment.	[]	"[""chinese"",""traditional"",""radicals"",""frequency"",""character-to-radical"",""one-way"",""part-9""]"
zh-traditional-radicals-frequency-ix/1634/character-to-radical	IX	vocabulary	1634	zh-Hant	zh-Hant	塵	"[""土""]"	[]		"[""zh-Hant.frequency.1637"",""zh.radical.kangxi.032""]"	[]	[]	sources/characters.tsv	frequency-order position 1634; corpus frequency rank 1637; Ministry common-character number 804	塵: frequency-order position 1634; corpus frequency rank 1637; 78 appearances (0.00646%); Unihan kRSUnicode 32.11; Kangxi radical 32 土; Unihan kRSUnicode single radical assignment.	[]	"[""chinese"",""traditional"",""radicals"",""frequency"",""character-to-radical"",""one-way"",""part-9""]"
zh-traditional-radicals-frequency-ix/1635/character-to-radical	IX	vocabulary	1635	zh-Hant	zh-Hant	棄	"[""木""]"	[]		"[""zh-Hant.frequency.1638"",""zh.radical.kangxi.075""]"	[]	[]	sources/characters.tsv	frequency-order position 1635; corpus frequency rank 1638; Ministry common-character number 1944	棄: frequency-order position 1635; corpus frequency rank 1638; 78 appearances (0.00646%); Unihan kRSUnicode 75.8; Kangxi radical 75 木; Unihan kRSUnicode single radical assignment.	[]	"[""chinese"",""traditional"",""radicals"",""frequency"",""character-to-radical"",""one-way"",""part-9""]"
zh-traditional-radicals-frequency-ix/1636/character-to-radical	IX	vocabulary	1636	zh-Hant	zh-Hant	飲	"[""食""]"	[]		"[""zh-Hant.frequency.1639"",""zh.radical.kangxi.184""]"	[]	[]	sources/characters.tsv	frequency-order position 1636; corpus frequency rank 1639; Ministry common-character number 4587	飲: frequency-order position 1636; corpus frequency rank 1639; 78 appearances (0.00646%); Unihan kRSUnicode 184.4; Kangxi radical 184 食; Unihan kRSUnicode single radical assignment.	[]	"[""chinese"",""traditional"",""radicals"",""frequency"",""character-to-radical"",""one-way"",""part-9""]"
zh-traditional-radicals-frequency-ix/1637/character-to-radical	IX	vocabulary	1637	zh-Hant	zh-Hant	疊	"[""田""]"	[]		"[""zh-Hant.frequency.1640"",""zh.radical.kangxi.102""]"	[]	[]	sources/characters.tsv	frequency-order position 1637; corpus frequency rank 1640; Ministry common-character number 2656	疊: frequency-order position 1637; corpus frequency rank 1640; 78 appearances (0.00646%); Unihan kRSUnicode 102.17; Kangxi radical 102 田; Unihan kRSUnicode single radical assignment.	[]	"[""chinese"",""traditional"",""radicals"",""frequency"",""character-to-radical"",""one-way"",""part-9""]"
zh-traditional-radicals-frequency-ix/1638/character-to-radical	IX	vocabulary	1638	zh-Hant	zh-Hant	冊	"[""冂""]"	[]		"[""zh-Hant.frequency.1641"",""zh.radical.kangxi.013""]"	[]	[]	sources/characters.tsv	frequency-order position 1638; corpus frequency rank 1641; Ministry common-character number 297	冊: frequency-order position 1638; corpus frequency rank 1641; 77 appearances (0.00637%); Unihan kRSUnicode 13.3; Kangxi radical 13 冂; Unihan kRSUnicode single radical assignment.	[]	"[""chinese"",""traditional"",""radicals"",""frequency"",""character-to-radical"",""one-way"",""part-9""]"
zh-traditional-radicals-frequency-ix/1639/character-to-radical	IX	vocabulary	1639	zh-Hant	zh-Hant	俊	"[""人""]"	[]		"[""zh-Hant.frequency.1642"",""zh.radical.kangxi.009""]"	[]	[]	sources/characters.tsv	frequency-order position 1639; corpus frequency rank 1642; Ministry common-character number 160	俊: frequency-order position 1639; corpus frequency rank 1642; 77 appearances (0.00637%); Unihan kRSUnicode 9.7; Kangxi radical 9 人; Unihan kRSUnicode single radical assignment.	[]	"[""chinese"",""traditional"",""radicals"",""frequency"",""character-to-radical"",""one-way"",""part-9""]"
zh-traditional-radicals-frequency-ix/1640/character-to-radical	IX	vocabulary	1640	zh-Hant	zh-Hant	姿	"[""女""]"	[]		"[""zh-Hant.frequency.1643"",""zh.radical.kangxi.038""]"	[]	[]	sources/characters.tsv	frequency-order position 1640; corpus frequency rank 1643; Ministry common-character number 916	姿: frequency-order position 1640; corpus frequency rank 1643; 77 appearances (0.00637%); Unihan kRSUnicode 38.6; Kangxi radical 38 女; Unihan kRSUnicode single radical assignment.	[]	"[""chinese"",""traditional"",""radicals"",""frequency"",""character-to-radical"",""one-way"",""part-9""]"
zh-traditional-radicals-frequency-ix/1641/character-to-radical	IX	vocabulary	1641	zh-Hant	zh-Hant	哩	"[""口""]"	[]		"[""zh-Hant.frequency.1644"",""zh.radical.kangxi.030""]"	[]	[]	sources/characters.tsv	frequency-order position 1641; corpus frequency rank 1644; Ministry common-character number 592	哩: frequency-order position 1641; corpus frequency rank 1644; 77 appearances (0.00637%); Unihan kRSUnicode 30.7; Kangxi radical 30 口; Unihan kRSUnicode single radical assignment.	[]	"[""chinese"",""traditional"",""radicals"",""frequency"",""character-to-radical"",""one-way"",""part-9""]"
zh-traditional-radicals-frequency-ix/1642/character-to-radical	IX	vocabulary	1642	zh-Hant	zh-Hant	榕	"[""木""]"	[]		"[""zh-Hant.frequency.1645"",""zh.radical.kangxi.075""]"	[]	[]	sources/characters.tsv	frequency-order position 1642; corpus frequency rank 1645; Ministry common-character number 1991	榕: frequency-order position 1642; corpus frequency rank 1645; 77 appearances (0.00637%); Unihan kRSUnicode 75.10; Kangxi radical 75 木; Unihan kRSUnicode single radical assignment.	[]	"[""chinese"",""traditional"",""radicals"",""frequency"",""character-to-radical"",""one-way"",""part-9""]"
zh-traditional-radicals-frequency-ix/1643/character-to-radical	IX	vocabulary	1643	zh-Hant	zh-Hant	槍	"[""木""]"	[]		"[""zh-Hant.frequency.1646"",""zh.radical.kangxi.075""]"	[]	[]	sources/characters.tsv	frequency-order position 1643; corpus frequency rank 1646; Ministry common-character number 2002	槍: frequency-order position 1643; corpus frequency rank 1646; 77 appearances (0.00637%); Unihan kRSUnicode 75.10; Kangxi radical 75 木; Unihan kRSUnicode single radical assignment.	[]	"[""chinese"",""traditional"",""radicals"",""frequency"",""character-to-radical"",""one-way"",""part-9""]"
zh-traditional-radicals-frequency-ix/1644/character-to-radical	IX	vocabulary	1644	zh-Hant	zh-Hant	勸	"[""力""]"	[]		"[""zh-Hant.frequency.1647"",""zh.radical.kangxi.019""]"	[]	[]	sources/characters.tsv	frequency-order position 1644; corpus frequency rank 1647; Ministry common-character number 404	勸: frequency-order position 1644; corpus frequency rank 1647; 77 appearances (0.00637%); Unihan kRSUnicode 19.18; Kangxi radical 19 力; Unihan kRSUnicode single radical assignment.	[]	"[""chinese"",""traditional"",""radicals"",""frequency"",""character-to-radical"",""one-way"",""part-9""]"
zh-traditional-radicals-frequency-ix/1645/character-to-radical	IX	vocabulary	1645	zh-Hant	zh-Hant	鞭	"[""革""]"	[]		"[""zh-Hant.frequency.1648"",""zh.radical.kangxi.177""]"	[]	[]	sources/characters.tsv	frequency-order position 1645; corpus frequency rank 1648; Ministry common-character number 4521	鞭: frequency-order position 1645; corpus frequency rank 1648; 77 appearances (0.00637%); Unihan kRSUnicode 177.9; Kangxi radical 177 革; Unihan kRSUnicode single radical assignment.	[]	"[""chinese"",""traditional"",""radicals"",""frequency"",""character-to-radical"",""one-way"",""part-9""]"
zh-traditional-radicals-frequency-ix/1646/character-to-radical	IX	vocabulary	1646	zh-Hant	zh-Hant	仰	"[""人""]"	[]		"[""zh-Hant.frequency.1649"",""zh.radical.kangxi.009""]"	[]	[]	sources/characters.tsv	frequency-order position 1646; corpus frequency rank 1649; Ministry common-character number 100	仰: frequency-order position 1646; corpus frequency rank 1649; 76 appearances (0.00629%); Unihan kRSUnicode 9.4; Kangxi radical 9 人; Unihan kRSUnicode single radical assignment.	[]	"[""chinese"",""traditional"",""radicals"",""frequency"",""character-to-radical"",""one-way"",""part-9""]"
zh-traditional-radicals-frequency-ix/1647/character-to-radical	IX	vocabulary	1647	zh-Hant	zh-Hant	拖	"[""手""]"	[]		"[""zh-Hant.frequency.1650"",""zh.radical.kangxi.064""]"	[]	[]	sources/characters.tsv	frequency-order position 1647; corpus frequency rank 1650; Ministry common-character number 1548	拖: frequency-order position 1647; corpus frequency rank 1650; 76 appearances (0.00629%); Unihan kRSUnicode 64.5; Kangxi radical 64 手; Unihan kRSUnicode single radical assignment.	[]	"[""chinese"",""traditional"",""radicals"",""frequency"",""character-to-radical"",""one-way"",""part-9""]"
zh-traditional-radicals-frequency-ix/1648/character-to-radical	IX	vocabulary	1648	zh-Hant	zh-Hant	振	"[""手""]"	[]		"[""zh-Hant.frequency.1651"",""zh.radical.kangxi.064""]"	[]	[]	sources/characters.tsv	frequency-order position 1648; corpus frequency rank 1651; Ministry common-character number 1574	振: frequency-order position 1648; corpus frequency rank 1651; 76 appearances (0.00629%); Unihan kRSUnicode 64.7; Kangxi radical 64 手; Unihan kRSUnicode single radical assignment.	[]	"[""chinese"",""traditional"",""radicals"",""frequency"",""character-to-radical"",""one-way"",""part-9""]"
zh-traditional-radicals-frequency-ix/1649/character-to-radical	IX	vocabulary	1649	zh-Hant	zh-Hant	羞	"[""羊""]"	[]		"[""zh-Hant.frequency.1652"",""zh.radical.kangxi.123""]"	[]	[]	sources/characters.tsv	frequency-order position 1649; corpus frequency rank 1652; Ministry common-character number 3220	羞: frequency-order position 1649; corpus frequency rank 1652; 76 appearances (0.00629%); Unihan kRSUnicode 123.5; Kangxi radical 123 羊; Unihan kRSUnicode single radical assignment.	[]	"[""chinese"",""traditional"",""radicals"",""frequency"",""character-to-radical"",""one-way"",""part-9""]"
zh-traditional-radicals-frequency-ix/1650/character-to-radical	IX	vocabulary	1650	zh-Hant	zh-Hant	塗	"[""土""]"	[]		"[""zh-Hant.frequency.1653"",""zh.radical.kangxi.032""]"	[]	[]	sources/characters.tsv	frequency-order position 1650; corpus frequency rank 1653; Ministry common-character number 796	塗: frequency-order position 1650; corpus frequency rank 1653; 76 appearances (0.00629%); Unihan kRSUnicode 32.10; Kangxi radical 32 土; Unihan kRSUnicode single radical assignment.	[]	"[""chinese"",""traditional"",""radicals"",""frequency"",""character-to-radical"",""one-way"",""part-9""]"
zh-traditional-radicals-frequency-ix/1651/character-to-radical	IX	vocabulary	1651	zh-Hant	zh-Hant	綿	"[""糸""]"	[]		"[""zh-Hant.frequency.1654"",""zh.radical.kangxi.120""]"	[]	[]	sources/characters.tsv	frequency-order position 1651; corpus frequency rank 1654; Ministry common-character number 3141	綿: frequency-order position 1651; corpus frequency rank 1654; 76 appearances (0.00629%); Unihan kRSUnicode 120.8; Kangxi radical 120 糸; Unihan kRSUnicode single radical assignment.	[]	"[""chinese"",""traditional"",""radicals"",""frequency"",""character-to-radical"",""one-way"",""part-9""]"
zh-traditional-radicals-frequency-ix/1652/character-to-radical	IX	vocabulary	1652	zh-Hant	zh-Hant	壽	"[""士""]"	[]		"[""zh-Hant.frequency.1655"",""zh.radical.kangxi.033""]"	[]	[]	sources/characters.tsv	frequency-order position 1652; corpus frequency rank 1655; Ministry common-character number 836	壽: frequency-order position 1652; corpus frequency rank 1655; 76 appearances (0.00629%); Unihan kRSUnicode 33.11; Kangxi radical 33 士; Unihan kRSUnicode single radical assignment.	[]	"[""chinese"",""traditional"",""radicals"",""frequency"",""character-to-radical"",""one-way"",""part-9""]"
zh-traditional-radicals-frequency-ix/1653/character-to-radical	IX	vocabulary	1653	zh-Hant	zh-Hant	憑	"[""心""]"	[]		"[""zh-Hant.frequency.1656"",""zh.radical.kangxi.061""]"	[]	[]	sources/characters.tsv	frequency-order position 1653; corpus frequency rank 1656; Ministry common-character number 1443	憑: frequency-order position 1653; corpus frequency rank 1656; 76 appearances (0.00629%); Unihan kRSUnicode 61.12; Kangxi radical 61 心; Unihan kRSUnicode single radical assignment.	[]	"[""chinese"",""traditional"",""radicals"",""frequency"",""character-to-radical"",""one-way"",""part-9""]"
zh-traditional-radicals-frequency-ix/1654/character-to-radical	IX	vocabulary	1654	zh-Hant	zh-Hant	躺	"[""身""]"	[]		"[""zh-Hant.frequency.1657"",""zh.radical.kangxi.158""]"	[]	[]	sources/characters.tsv	frequency-order position 1654; corpus frequency rank 1657; Ministry common-character number 4059	躺: frequency-order position 1654; corpus frequency rank 1657; 76 appearances (0.00629%); Unihan kRSUnicode 158.8; Kangxi radical 158 身; Unihan kRSUnicode single radical assignment.	[]	"[""chinese"",""traditional"",""radicals"",""frequency"",""character-to-radical"",""one-way"",""part-9""]"
zh-traditional-radicals-frequency-ix/1655/character-to-radical	IX	vocabulary	1655	zh-Hant	zh-Hant	雌	"[""隹""]"	[]		"[""zh-Hant.frequency.1658"",""zh.radical.kangxi.172""]"	[]	[]	sources/characters.tsv	frequency-order position 1655; corpus frequency rank 1658; Ministry common-character number 4459	雌: frequency-order position 1655; corpus frequency rank 1658; 76 appearances (0.00629%); Unihan kRSUnicode 172.5; Kangxi radical 172 隹; Unihan kRSUnicode single radical assignment.	[]	"[""chinese"",""traditional"",""radicals"",""frequency"",""character-to-radical"",""one-way"",""part-9""]"
zh-traditional-radicals-frequency-ix/1656/character-to-radical	IX	vocabulary	1656	zh-Hant	zh-Hant	翼	"[""羽""]"	[]		"[""zh-Hant.frequency.1659"",""zh.radical.kangxi.124""]"	[]	[]	sources/characters.tsv	frequency-order position 1656; corpus frequency rank 1659; Ministry common-character number 3247	翼: frequency-order position 1656; corpus frequency rank 1659; 76 appearances (0.00629%); Unihan kRSUnicode 124.11; Kangxi radical 124 羽; Unihan kRSUnicode single radical assignment.	[]	"[""chinese"",""traditional"",""radicals"",""frequency"",""character-to-radical"",""one-way"",""part-9""]"
zh-traditional-radicals-frequency-ix/1657/character-to-radical	IX	vocabulary	1657	zh-Hant	zh-Hant	額	"[""頁""]"	[]		"[""zh-Hant.frequency.1660"",""zh.radical.kangxi.181""]"	[]	[]	sources/characters.tsv	frequency-order position 1657; corpus frequency rank 1660; Ministry common-character number 4559	額: frequency-order position 1657; corpus frequency rank 1660; 76 appearances (0.00629%); Unihan kRSUnicode 181.9; Kangxi radical 181 頁; Unihan kRSUnicode single radical assignment.	[]	"[""chinese"",""traditional"",""radicals"",""frequency"",""character-to-radical"",""one-way"",""part-9""]"
zh-traditional-radicals-frequency-ix/1658/character-to-radical	IX	vocabulary	1658	zh-Hant	zh-Hant	爆	"[""火""]"	[]		"[""zh-Hant.frequency.1661"",""zh.radical.kangxi.086""]"	[]	[]	sources/characters.tsv	frequency-order position 1658; corpus frequency rank 1661; Ministry common-character number 2461	爆: frequency-order position 1658; corpus frequency rank 1661; 76 appearances (0.00629%); Unihan kRSUnicode 86.15; Kangxi radical 86 火; Unihan kRSUnicode single radical assignment.	[]	"[""chinese"",""traditional"",""radicals"",""frequency"",""character-to-radical"",""one-way"",""part-9""]"
zh-traditional-radicals-frequency-ix/1659/character-to-radical	IX	vocabulary	1659	zh-Hant	zh-Hant	杜	"[""木""]"	[]		"[""zh-Hant.frequency.1662"",""zh.radical.kangxi.075""]"	[]	[]	sources/characters.tsv	frequency-order position 1659; corpus frequency rank 1662; Ministry common-character number 1868	杜: frequency-order position 1659; corpus frequency rank 1662; 75 appearances (0.00621%); Unihan kRSUnicode 75.3; Kangxi radical 75 木; Unihan kRSUnicode single radical assignment.	[]	"[""chinese"",""traditional"",""radicals"",""frequency"",""character-to-radical"",""one-way"",""part-9""]"
zh-traditional-radicals-frequency-ix/1660/character-to-radical	IX	vocabulary	1660	zh-Hant	zh-Hant	咦	"[""口""]"	[]		"[""zh-Hant.frequency.1663"",""zh.radical.kangxi.030""]"	[]	[]	sources/characters.tsv	frequency-order position 1660; corpus frequency rank 1663; Ministry common-character number 569	咦: frequency-order position 1660; corpus frequency rank 1663; 75 appearances (0.00621%); Unihan kRSUnicode 30.6; Kangxi radical 30 口; Unihan kRSUnicode single radical assignment.	[]	"[""chinese"",""traditional"",""radicals"",""frequency"",""character-to-radical"",""one-way"",""part-9""]"
zh-traditional-radicals-frequency-ix/1661/character-to-radical	IX	vocabulary	1661	zh-Hant	zh-Hant	恨	"[""心""]"	[]		"[""zh-Hant.frequency.1664"",""zh.radical.kangxi.061""]"	[]	[]	sources/characters.tsv	frequency-order position 1661; corpus frequency rank 1664; Ministry common-character number 1337	恨: frequency-order position 1661; corpus frequency rank 1664; 75 appearances (0.00621%); Unihan kRSUnicode 61.6; Kangxi radical 61 心; Unihan kRSUnicode single radical assignment.	[]	"[""chinese"",""traditional"",""radicals"",""frequency"",""character-to-radical"",""one-way"",""part-9""]"
zh-traditional-radicals-frequency-ix/1662/character-to-radical	IX	vocabulary	1662	zh-Hant	zh-Hant	荊	"[""艸""]"	[]		"[""zh-Hant.frequency.1665"",""zh.radical.kangxi.140""]"	[]	[]	sources/characters.tsv	frequency-order position 1662; corpus frequency rank 1665; Ministry common-character number 3466	荊: frequency-order position 1662; corpus frequency rank 1665; 75 appearances (0.00621%); Unihan kRSUnicode 140.6; Kangxi radical 140 艸; Unihan kRSUnicode single radical assignment.	[]	"[""chinese"",""traditional"",""radicals"",""frequency"",""character-to-radical"",""one-way"",""part-9""]"
zh-traditional-radicals-frequency-ix/1663/character-to-radical	IX	vocabulary	1663	zh-Hant	zh-Hant	慣	"[""心""]"	[]		"[""zh-Hant.frequency.1666"",""zh.radical.kangxi.061""]"	[]	[]	sources/characters.tsv	frequency-order position 1663; corpus frequency rank 1666; Ministry common-character number 1420	慣: frequency-order position 1663; corpus frequency rank 1666; 75 appearances (0.00621%); Unihan kRSUnicode 61.11; Kangxi radical 61 心; Unihan kRSUnicode single radical assignment.	[]	"[""chinese"",""traditional"",""radicals"",""frequency"",""character-to-radical"",""one-way"",""part-9""]"
zh-traditional-radicals-frequency-ix/1664/character-to-radical	IX	vocabulary	1664	zh-Hant	zh-Hant	輝	"[""車""]"	[]		"[""zh-Hant.frequency.1667"",""zh.radical.kangxi.159""]"	[]	[]	sources/characters.tsv	frequency-order position 1664; corpus frequency rank 1667; Ministry common-character number 4080	輝: frequency-order position 1664; corpus frequency rank 1667; 75 appearances (0.00621%); Unihan kRSUnicode 159.8; Kangxi radical 159 車; Unihan kRSUnicode single radical assignment.	[]	"[""chinese"",""traditional"",""radicals"",""frequency"",""character-to-radical"",""one-way"",""part-9""]"
zh-traditional-radicals-frequency-ix/1665/character-to-radical	IX	vocabulary	1665	zh-Hant	zh-Hant	簿	"[""竹""]"	[]		"[""zh-Hant.frequency.1668"",""zh.radical.kangxi.118""]"	[]	[]	sources/characters.tsv	frequency-order position 1665; corpus frequency rank 1668; Ministry common-character number 3042	簿: frequency-order position 1665; corpus frequency rank 1668; 75 appearances (0.00621%); Unihan kRSUnicode 118.13; Kangxi radical 118 竹; Unihan kRSUnicode single radical assignment.	[]	"[""chinese"",""traditional"",""radicals"",""frequency"",""character-to-radical"",""one-way"",""part-9""]"
zh-traditional-radicals-frequency-ix/1666/character-to-radical	IX	vocabulary	1666	zh-Hant	zh-Hant	躍	"[""足""]"	[]		"[""zh-Hant.frequency.1669"",""zh.radical.kangxi.157""]"	[]	[]	sources/characters.tsv	frequency-order position 1666; corpus frequency rank 1669; Ministry common-character number 4052	躍: frequency-order position 1666; corpus frequency rank 1669; 75 appearances (0.00621%); Unihan kRSUnicode 157.14; Kangxi radical 157 足; Unihan kRSUnicode single radical assignment.	[]	"[""chinese"",""traditional"",""radicals"",""frequency"",""character-to-radical"",""one-way"",""part-9""]"
zh-traditional-radicals-frequency-ix/1667/character-to-radical	IX	vocabulary	1667	zh-Hant	zh-Hant	殘	"[""歹""]"	[]		"[""zh-Hant.frequency.1670"",""zh.radical.kangxi.078""]"	[]	[]	sources/characters.tsv	frequency-order position 1667; corpus frequency rank 1670; Ministry common-character number 2083	殘: frequency-order position 1667; corpus frequency rank 1670; 74 appearances (0.00613%); Unihan kRSUnicode 78.8; Kangxi radical 78 歹; Unihan kRSUnicode single radical assignment.	[]	"[""chinese"",""traditional"",""radicals"",""frequency"",""character-to-radical"",""one-way"",""part-9""]"
zh-traditional-radicals-frequency-ix/1668/character-to-radical	IX	vocabulary	1668	zh-Hant	zh-Hant	伏	"[""人""]"	[]		"[""zh-Hant.frequency.1671"",""zh.radical.kangxi.009""]"	[]	[]	sources/characters.tsv	frequency-order position 1668; corpus frequency rank 1671; Ministry common-character number 96	伏: frequency-order position 1668; corpus frequency rank 1671; 74 appearances (0.00613%); Unihan kRSUnicode 9.4; Kangxi radical 9 人; Unihan kRSUnicode single radical assignment.	[]	"[""chinese"",""traditional"",""radicals"",""frequency"",""character-to-radical"",""one-way"",""part-9""]"
zh-traditional-radicals-frequency-ix/1669/character-to-radical	IX	vocabulary	1669	zh-Hant	zh-Hant	竿	"[""竹""]"	[]		"[""zh-Hant.frequency.1672"",""zh.radical.kangxi.118""]"	[]	[]	sources/characters.tsv	frequency-order position 1669; corpus frequency rank 1672; Ministry common-character number 2986	竿: frequency-order position 1669; corpus frequency rank 1672; 74 appearances (0.00613%); Unihan kRSUnicode 118.3; Kangxi radical 118 竹; Unihan kRSUnicode single radical assignment.	[]	"[""chinese"",""traditional"",""radicals"",""frequency"",""character-to-radical"",""one-way"",""part-9""]"
zh-traditional-radicals-frequency-ix/1670/character-to-radical	IX	vocabulary	1670	zh-Hant	zh-Hant	泉	"[""水""]"	[]		"[""zh-Hant.frequency.1673"",""zh.radical.kangxi.085""]"	[]	[]	sources/characters.tsv	frequency-order position 1670; corpus frequency rank 1673; Ministry common-character number 2183	泉: frequency-order position 1670; corpus frequency rank 1673; 74 appearances (0.00613%); Unihan kRSUnicode 85.5; Kangxi radical 85 水; Unihan kRSUnicode single radical assignment.	[]	"[""chinese"",""traditional"",""radicals"",""frequency"",""character-to-radical"",""one-way"",""part-9""]"
zh-traditional-radicals-frequency-ix/1671/character-to-radical	IX	vocabulary	1671	zh-Hant	zh-Hant	席	"[""巾""]"	[]		"[""zh-Hant.frequency.1674"",""zh.radical.kangxi.050""]"	[]	[]	sources/characters.tsv	frequency-order position 1671; corpus frequency rank 1674; Ministry common-character number 1173	席: frequency-order position 1671; corpus frequency rank 1674; 74 appearances (0.00613%); Unihan kRSUnicode 50.7; Kangxi radical 50 巾; Unihan kRSUnicode single radical assignment.	[]	"[""chinese"",""traditional"",""radicals"",""frequency"",""character-to-radical"",""one-way"",""part-9""]"
zh-traditional-radicals-frequency-ix/1672/character-to-radical	IX	vocabulary	1672	zh-Hant	zh-Hant	巡	"[""辵""]"	[]		"[""zh-Hant.frequency.1675"",""zh.radical.kangxi.162""]"	[]	[]	sources/characters.tsv	frequency-order position 1672; corpus frequency rank 1675; Ministry common-character number 4116	巡: frequency-order position 1672; corpus frequency rank 1675; 74 appearances (0.00613%); Unihan kRSUnicode 162.3 47.4; Kangxi radical 162 辵; Multiple Unihan possibilities; conventional Traditional dictionary radical 辵 selected.	[]	"[""chinese"",""traditional"",""radicals"",""frequency"",""character-to-radical"",""one-way"",""part-9""]"
zh-traditional-radicals-frequency-ix/1673/character-to-radical	IX	vocabulary	1673	zh-Hant	zh-Hant	煤	"[""火""]"	[]		"[""zh-Hant.frequency.1676"",""zh.radical.kangxi.086""]"	[]	[]	sources/characters.tsv	frequency-order position 1673; corpus frequency rank 1676; Ministry common-character number 2422	煤: frequency-order position 1673; corpus frequency rank 1676; 74 appearances (0.00613%); Unihan kRSUnicode 86.9; Kangxi radical 86 火; Unihan kRSUnicode single radical assignment.	[]	"[""chinese"",""traditional"",""radicals"",""frequency"",""character-to-radical"",""one-way"",""part-9""]"
zh-traditional-radicals-frequency-ix/1674/character-to-radical	IX	vocabulary	1674	zh-Hant	zh-Hant	溼	"[""水""]"	[]		"[""zh-Hant.frequency.1677"",""zh.radical.kangxi.085""]"	[]	[]	sources/characters.tsv	frequency-order position 1674; corpus frequency rank 1677; Ministry common-character number 2288	溼: frequency-order position 1674; corpus frequency rank 1677; 74 appearances (0.00613%); Unihan kRSUnicode 85.10; Kangxi radical 85 水; Unihan kRSUnicode single radical assignment.	[]	"[""chinese"",""traditional"",""radicals"",""frequency"",""character-to-radical"",""one-way"",""part-9""]"
zh-traditional-radicals-frequency-ix/1675/character-to-radical	IX	vocabulary	1675	zh-Hant	zh-Hant	蘆	"[""艸""]"	[]		"[""zh-Hant.frequency.1678"",""zh.radical.kangxi.140""]"	[]	[]	sources/characters.tsv	frequency-order position 1675; corpus frequency rank 1678; Ministry common-character number 3595	蘆: frequency-order position 1675; corpus frequency rank 1678; 74 appearances (0.00613%); Unihan kRSUnicode 140.16; Kangxi radical 140 艸; Unihan kRSUnicode single radical assignment.	[]	"[""chinese"",""traditional"",""radicals"",""frequency"",""character-to-radical"",""one-way"",""part-9""]"
zh-traditional-radicals-frequency-ix/1676/character-to-radical	IX	vocabulary	1676	zh-Hant	zh-Hant	匠	"[""匚""]"	[]		"[""zh-Hant.frequency.1679"",""zh.radical.kangxi.022""]"	[]	[]	sources/characters.tsv	frequency-order position 1676; corpus frequency rank 1679; Ministry common-character number 420	匠: frequency-order position 1676; corpus frequency rank 1679; 73 appearances (0.00604%); Unihan kRSUnicode 22.4; Kangxi radical 22 匚; Unihan kRSUnicode single radical assignment.	[]	"[""chinese"",""traditional"",""radicals"",""frequency"",""character-to-radical"",""one-way"",""part-9""]"
zh-traditional-radicals-frequency-ix/1677/character-to-radical	IX	vocabulary	1677	zh-Hant	zh-Hant	拼	"[""手""]"	[]		"[""zh-Hant.frequency.1680"",""zh.radical.kangxi.064""]"	[]	[]	sources/characters.tsv	frequency-order position 1677; corpus frequency rank 1680; Ministry common-character number 1556	拼: frequency-order position 1677; corpus frequency rank 1680; 73 appearances (0.00604%); Unihan kRSUnicode 64.6; Kangxi radical 64 手; Unihan kRSUnicode single radical assignment.	[]	"[""chinese"",""traditional"",""radicals"",""frequency"",""character-to-radical"",""one-way"",""part-9""]"
zh-traditional-radicals-frequency-ix/1678/character-to-radical	IX	vocabulary	1678	zh-Hant	zh-Hant	肺	"[""肉""]"	[]		"[""zh-Hant.frequency.1681"",""zh.radical.kangxi.130""]"	[]	[]	sources/characters.tsv	frequency-order position 1678; corpus frequency rank 1681; Ministry common-character number 3298	肺: frequency-order position 1678; corpus frequency rank 1681; 73 appearances (0.00604%); Unihan kRSUnicode 130.4; Kangxi radical 130 肉; Unihan kRSUnicode single radical assignment.	[]	"[""chinese"",""traditional"",""radicals"",""frequency"",""character-to-radical"",""one-way"",""part-9""]"
zh-traditional-radicals-frequency-ix/1679/character-to-radical	IX	vocabulary	1679	zh-Hant	zh-Hant	骼	"[""骨""]"	[]		"[""zh-Hant.frequency.1682"",""zh.radical.kangxi.188""]"	[]	[]	sources/characters.tsv	frequency-order position 1679; corpus frequency rank 1682; Ministry common-character number 4662	骼: frequency-order position 1679; corpus frequency rank 1682; 73 appearances (0.00604%); Unihan kRSUnicode 188.6; Kangxi radical 188 骨; Unihan kRSUnicode single radical assignment.	[]	"[""chinese"",""traditional"",""radicals"",""frequency"",""character-to-radical"",""one-way"",""part-9""]"
zh-traditional-radicals-frequency-ix/1680/character-to-radical	IX	vocabulary	1680	zh-Hant	zh-Hant	洪	"[""水""]"	[]		"[""zh-Hant.frequency.1683"",""zh.radical.kangxi.085""]"	[]	[]	sources/characters.tsv	frequency-order position 1680; corpus frequency rank 1683; Ministry common-character number 2187	洪: frequency-order position 1680; corpus frequency rank 1683; 73 appearances (0.00604%); Unihan kRSUnicode 85.6; Kangxi radical 85 水; Unihan kRSUnicode single radical assignment.	[]	"[""chinese"",""traditional"",""radicals"",""frequency"",""character-to-radical"",""one-way"",""part-9""]"
zh-traditional-radicals-frequency-ix/1681/character-to-radical	IX	vocabulary	1681	zh-Hant	zh-Hant	釘	"[""金""]"	[]		"[""zh-Hant.frequency.1684"",""zh.radical.kangxi.167""]"	[]	[]	sources/characters.tsv	frequency-order position 1681; corpus frequency rank 1684; Ministry common-character number 4262	釘: frequency-order position 1681; corpus frequency rank 1684; 73 appearances (0.00604%); Unihan kRSUnicode 167.2; Kangxi radical 167 金; Unihan kRSUnicode single radical assignment.	[]	"[""chinese"",""traditional"",""radicals"",""frequency"",""character-to-radical"",""one-way"",""part-9""]"
zh-traditional-radicals-frequency-ix/1682/character-to-radical	IX	vocabulary	1682	zh-Hant	zh-Hant	凱	"[""几""]"	[]		"[""zh-Hant.frequency.1685"",""zh.radical.kangxi.016""]"	[]	[]	sources/characters.tsv	frequency-order position 1682; corpus frequency rank 1685; Ministry common-character number 321	凱: frequency-order position 1682; corpus frequency rank 1685; 73 appearances (0.00604%); Unihan kRSUnicode 16.10; Kangxi radical 16 几; Unihan kRSUnicode single radical assignment.	[]	"[""chinese"",""traditional"",""radicals"",""frequency"",""character-to-radical"",""one-way"",""part-9""]"
zh-traditional-radicals-frequency-ix/1683/character-to-radical	IX	vocabulary	1683	zh-Hant	zh-Hant	厲	"[""厂""]"	[]		"[""zh-Hant.frequency.1686"",""zh.radical.kangxi.027""]"	[]	[]	sources/characters.tsv	frequency-order position 1683; corpus frequency rank 1686; Ministry common-character number 465	厲: frequency-order position 1683; corpus frequency rank 1686; 73 appearances (0.00604%); Unihan kRSUnicode 27.13; Kangxi radical 27 厂; Unihan kRSUnicode single radical assignment.	[]	"[""chinese"",""traditional"",""radicals"",""frequency"",""character-to-radical"",""one-way"",""part-9""]"
zh-traditional-radicals-frequency-ix/1684/character-to-radical	IX	vocabulary	1684	zh-Hant	zh-Hant	恥	"[""心""]"	[]		"[""zh-Hant.frequency.1687"",""zh.radical.kangxi.061""]"	[]	[]	sources/characters.tsv	frequency-order position 1684; corpus frequency rank 1687; Ministry common-character number 1347	恥: frequency-order position 1684; corpus frequency rank 1687; 73 appearances (0.00604%); Unihan kRSUnicode 61.6; Kangxi radical 61 心; Unihan kRSUnicode single radical assignment.	[]	"[""chinese"",""traditional"",""radicals"",""frequency"",""character-to-radical"",""one-way"",""part-9""]"
zh-traditional-radicals-frequency-ix/1685/character-to-radical	IX	vocabulary	1685	zh-Hant	zh-Hant	薄	"[""艸""]"	[]		"[""zh-Hant.frequency.1688"",""zh.radical.kangxi.140""]"	[]	[]	sources/characters.tsv	frequency-order position 1685; corpus frequency rank 1688; Ministry common-character number 3571	薄: frequency-order position 1685; corpus frequency rank 1688; 73 appearances (0.00604%); Unihan kRSUnicode 140.13; Kangxi radical 140 艸; Unihan kRSUnicode single radical assignment.	[]	"[""chinese"",""traditional"",""radicals"",""frequency"",""character-to-radical"",""one-way"",""part-9""]"
zh-traditional-radicals-frequency-ix/1686/character-to-radical	IX	vocabulary	1686	zh-Hant	zh-Hant	舌	"[""舌""]"	[]		"[""zh-Hant.frequency.1689"",""zh.radical.kangxi.135""]"	[]	[]	sources/characters.tsv	frequency-order position 1686; corpus frequency rank 1689; Ministry common-character number 3402	舌: frequency-order position 1686; corpus frequency rank 1689; 72 appearances (0.00596%); Unihan kRSUnicode 135.0; Kangxi radical 135 舌; Unihan kRSUnicode single radical assignment.	[]	"[""chinese"",""traditional"",""radicals"",""frequency"",""character-to-radical"",""one-way"",""part-9""]"
zh-traditional-radicals-frequency-ix/1687/character-to-radical	IX	vocabulary	1687	zh-Hant	zh-Hant	夾	"[""大""]"	[]		"[""zh-Hant.frequency.1690"",""zh.radical.kangxi.037""]"	[]	[]	sources/characters.tsv	frequency-order position 1687; corpus frequency rank 1690; Ministry common-character number 857	夾: frequency-order position 1687; corpus frequency rank 1690; 72 appearances (0.00596%); Unihan kRSUnicode 37.4; Kangxi radical 37 大; Unihan kRSUnicode single radical assignment.	[]	"[""chinese"",""traditional"",""radicals"",""frequency"",""character-to-radical"",""one-way"",""part-9""]"
zh-traditional-radicals-frequency-ix/1688/character-to-radical	IX	vocabulary	1688	zh-Hant	zh-Hant	肩	"[""肉""]"	[]		"[""zh-Hant.frequency.1691"",""zh.radical.kangxi.130""]"	[]	[]	sources/characters.tsv	frequency-order position 1688; corpus frequency rank 1691; Ministry common-character number 3304	肩: frequency-order position 1688; corpus frequency rank 1691; 72 appearances (0.00596%); Unihan kRSUnicode 130.4; Kangxi radical 130 肉; Unihan kRSUnicode single radical assignment.	[]	"[""chinese"",""traditional"",""radicals"",""frequency"",""character-to-radical"",""one-way"",""part-9""]"
zh-traditional-radicals-frequency-ix/1689/character-to-radical	IX	vocabulary	1689	zh-Hant	zh-Hant	枯	"[""木""]"	[]		"[""zh-Hant.frequency.1692"",""zh.radical.kangxi.075""]"	[]	[]	sources/characters.tsv	frequency-order position 1689; corpus frequency rank 1692; Ministry common-character number 1897	枯: frequency-order position 1689; corpus frequency rank 1692; 72 appearances (0.00596%); Unihan kRSUnicode 75.5; Kangxi radical 75 木; Unihan kRSUnicode single radical assignment.	[]	"[""chinese"",""traditional"",""radicals"",""frequency"",""character-to-radical"",""one-way"",""part-9""]"
zh-traditional-radicals-frequency-ix/1690/character-to-radical	IX	vocabulary	1690	zh-Hant	zh-Hant	帥	"[""巾""]"	[]		"[""zh-Hant.frequency.1693"",""zh.radical.kangxi.050""]"	[]	[]	sources/characters.tsv	frequency-order position 1690; corpus frequency rank 1693; Ministry common-character number 1172	帥: frequency-order position 1690; corpus frequency rank 1693; 72 appearances (0.00596%); Unihan kRSUnicode 50.6; Kangxi radical 50 巾; Unihan kRSUnicode single radical assignment.	[]	"[""chinese"",""traditional"",""radicals"",""frequency"",""character-to-radical"",""one-way"",""part-9""]"
zh-traditional-radicals-frequency-ix/1691/character-to-radical	IX	vocabulary	1691	zh-Hant	zh-Hant	稀	"[""禾""]"	[]		"[""zh-Hant.frequency.1694"",""zh.radical.kangxi.115""]"	[]	[]	sources/characters.tsv	frequency-order position 1691; corpus frequency rank 1694; Ministry common-character number 2930	稀: frequency-order position 1691; corpus frequency rank 1694; 72 appearances (0.00596%); Unihan kRSUnicode 115.7; Kangxi radical 115 禾; Unihan kRSUnicode single radical assignment.	[]	"[""chinese"",""traditional"",""radicals"",""frequency"",""character-to-radical"",""one-way"",""part-9""]"
zh-traditional-radicals-frequency-ix/1692/character-to-radical	IX	vocabulary	1692	zh-Hant	zh-Hant	柏	"[""木""]"	[]		"[""zh-Hant.frequency.1695"",""zh.radical.kangxi.075""]"	[]	[]	sources/characters.tsv	frequency-order position 1692; corpus frequency rank 1695; Ministry common-character number 1907	柏: frequency-order position 1692; corpus frequency rank 1695; 72 appearances (0.00596%); Unihan kRSUnicode 75.5; Kangxi radical 75 木; Unihan kRSUnicode single radical assignment.	[]	"[""chinese"",""traditional"",""radicals"",""frequency"",""character-to-radical"",""one-way"",""part-9""]"
zh-traditional-radicals-frequency-ix/1693/character-to-radical	IX	vocabulary	1693	zh-Hant	zh-Hant	殿	"[""殳""]"	[]		"[""zh-Hant.frequency.1696"",""zh.radical.kangxi.079""]"	[]	[]	sources/characters.tsv	frequency-order position 1693; corpus frequency rank 1696; Ministry common-character number 2094	殿: frequency-order position 1693; corpus frequency rank 1696; 72 appearances (0.00596%); Unihan kRSUnicode 79.9; Kangxi radical 79 殳; Unihan kRSUnicode single radical assignment.	[]	"[""chinese"",""traditional"",""radicals"",""frequency"",""character-to-radical"",""one-way"",""part-9""]"
zh-traditional-radicals-frequency-ix/1694/character-to-radical	IX	vocabulary	1694	zh-Hant	zh-Hant	晃	"[""日""]"	[]		"[""zh-Hant.frequency.1697"",""zh.radical.kangxi.072""]"	[]	[]	sources/characters.tsv	frequency-order position 1694; corpus frequency rank 1697; Ministry common-character number 1797	晃: frequency-order position 1694; corpus frequency rank 1697; 72 appearances (0.00596%); Unihan kRSUnicode 72.6; Kangxi radical 72 日; Unihan kRSUnicode single radical assignment.	[]	"[""chinese"",""traditional"",""radicals"",""frequency"",""character-to-radical"",""one-way"",""part-9""]"
zh-traditional-radicals-frequency-ix/1695/character-to-radical	IX	vocabulary	1695	zh-Hant	zh-Hant	渾	"[""水""]"	[]		"[""zh-Hant.frequency.1698"",""zh.radical.kangxi.085""]"	[]	[]	sources/characters.tsv	frequency-order position 1695; corpus frequency rank 1698; Ministry common-character number 2273	渾: frequency-order position 1695; corpus frequency rank 1698; 72 appearances (0.00596%); Unihan kRSUnicode 85.9; Kangxi radical 85 水; Unihan kRSUnicode single radical assignment.	[]	"[""chinese"",""traditional"",""radicals"",""frequency"",""character-to-radical"",""one-way"",""part-9""]"
zh-traditional-radicals-frequency-ix/1696/character-to-radical	IX	vocabulary	1696	zh-Hant	zh-Hant	培	"[""土""]"	[]		"[""zh-Hant.frequency.1699"",""zh.radical.kangxi.032""]"	[]	[]	sources/characters.tsv	frequency-order position 1696; corpus frequency rank 1699; Ministry common-character number 785	培: frequency-order position 1696; corpus frequency rank 1699; 72 appearances (0.00596%); Unihan kRSUnicode 32.8; Kangxi radical 32 土; Unihan kRSUnicode single radical assignment.	[]	"[""chinese"",""traditional"",""radicals"",""frequency"",""character-to-radical"",""one-way"",""part-9""]"
zh-traditional-radicals-frequency-ix/1697/character-to-radical	IX	vocabulary	1697	zh-Hant	zh-Hant	嘿	"[""口""]"	[]		"[""zh-Hant.frequency.1700"",""zh.radical.kangxi.030""]"	[]	[]	sources/characters.tsv	frequency-order position 1697; corpus frequency rank 1700; Ministry common-character number 679	嘿: frequency-order position 1697; corpus frequency rank 1700; 72 appearances (0.00596%); Unihan kRSUnicode 30.12; Kangxi radical 30 口; Unihan kRSUnicode single radical assignment.	[]	"[""chinese"",""traditional"",""radicals"",""frequency"",""character-to-radical"",""one-way"",""part-9""]"
zh-traditional-radicals-frequency-ix/1698/character-to-radical	IX	vocabulary	1698	zh-Hant	zh-Hant	荷	"[""艸""]"	[]		"[""zh-Hant.frequency.1701"",""zh.radical.kangxi.140""]"	[]	[]	sources/characters.tsv	frequency-order position 1698; corpus frequency rank 1701; Ministry common-character number 3492	荷: frequency-order position 1698; corpus frequency rank 1701; 72 appearances (0.00596%); Unihan kRSUnicode 140.7; Kangxi radical 140 艸; Unihan kRSUnicode single radical assignment.	[]	"[""chinese"",""traditional"",""radicals"",""frequency"",""character-to-radical"",""one-way"",""part-9""]"
zh-traditional-radicals-frequency-ix/1699/character-to-radical	IX	vocabulary	1699	zh-Hant	zh-Hant	擴	"[""手""]"	[]		"[""zh-Hant.frequency.1702"",""zh.radical.kangxi.064""]"	[]	[]	sources/characters.tsv	frequency-order position 1699; corpus frequency rank 1702; Ministry common-character number 1697	擴: frequency-order position 1699; corpus frequency rank 1702; 72 appearances (0.00596%); Unihan kRSUnicode 64.15; Kangxi radical 64 手; Unihan kRSUnicode single radical assignment.	[]	"[""chinese"",""traditional"",""radicals"",""frequency"",""character-to-radical"",""one-way"",""part-9""]"
zh-traditional-radicals-frequency-ix/1700/character-to-radical	IX	vocabulary	1700	zh-Hant	zh-Hant	傘	"[""人""]"	[]		"[""zh-Hant.frequency.1703"",""zh.radical.kangxi.009""]"	[]	[]	sources/characters.tsv	frequency-order position 1700; corpus frequency rank 1703; Ministry common-character number 224	傘: frequency-order position 1700; corpus frequency rank 1703; 72 appearances (0.00596%); Unihan kRSUnicode 9.10; Kangxi radical 9 人; Unihan kRSUnicode single radical assignment.	[]	"[""chinese"",""traditional"",""radicals"",""frequency"",""character-to-radical"",""one-way"",""part-9""]"
zh-traditional-radicals-frequency-ix/1701/character-to-radical	IX	vocabulary	1701	zh-Hant	zh-Hant	傲	"[""人""]"	[]		"[""zh-Hant.frequency.1704"",""zh.radical.kangxi.009""]"	[]	[]	sources/characters.tsv	frequency-order position 1701; corpus frequency rank 1704; Ministry common-character number 227	傲: frequency-order position 1701; corpus frequency rank 1704; 72 appearances (0.00596%); Unihan kRSUnicode 9.11; Kangxi radical 9 人; Unihan kRSUnicode single radical assignment.	[]	"[""chinese"",""traditional"",""radicals"",""frequency"",""character-to-radical"",""one-way"",""part-9""]"
zh-traditional-radicals-frequency-ix/1702/character-to-radical	IX	vocabulary	1702	zh-Hant	zh-Hant	狐	"[""犬""]"	[]		"[""zh-Hant.frequency.1705"",""zh.radical.kangxi.094""]"	[]	[]	sources/characters.tsv	frequency-order position 1702; corpus frequency rank 1705; Ministry common-character number 2515	狐: frequency-order position 1702; corpus frequency rank 1705; 72 appearances (0.00596%); Unihan kRSUnicode 94.5; Kangxi radical 94 犬; Unihan kRSUnicode single radical assignment.	[]	"[""chinese"",""traditional"",""radicals"",""frequency"",""character-to-radical"",""one-way"",""part-9""]"
zh-traditional-radicals-frequency-ix/1703/character-to-radical	IX	vocabulary	1703	zh-Hant	zh-Hant	娥	"[""女""]"	[]		"[""zh-Hant.frequency.1706"",""zh.radical.kangxi.038""]"	[]	[]	sources/characters.tsv	frequency-order position 1703; corpus frequency rank 1706; Ministry common-character number 936	娥: frequency-order position 1703; corpus frequency rank 1706; 72 appearances (0.00596%); Unihan kRSUnicode 38.7; Kangxi radical 38 女; Unihan kRSUnicode single radical assignment.	[]	"[""chinese"",""traditional"",""radicals"",""frequency"",""character-to-radical"",""one-way"",""part-9""]"
zh-traditional-radicals-frequency-ix/1704/character-to-radical	IX	vocabulary	1704	zh-Hant	zh-Hant	峽	"[""山""]"	[]		"[""zh-Hant.frequency.1707"",""zh.radical.kangxi.046""]"	[]	[]	sources/characters.tsv	frequency-order position 1704; corpus frequency rank 1707; Ministry common-character number 1115	峽: frequency-order position 1704; corpus frequency rank 1707; 72 appearances (0.00596%); Unihan kRSUnicode 46.7; Kangxi radical 46 山; Unihan kRSUnicode single radical assignment.	[]	"[""chinese"",""traditional"",""radicals"",""frequency"",""character-to-radical"",""one-way"",""part-9""]"
zh-traditional-radicals-frequency-ix/1705/character-to-radical	IX	vocabulary	1705	zh-Hant	zh-Hant	敝	"[""攴""]"	[]		"[""zh-Hant.frequency.1708"",""zh.radical.kangxi.066""]"	[]	[]	sources/characters.tsv	frequency-order position 1705; corpus frequency rank 1708; Ministry common-character number 1723	敝: frequency-order position 1705; corpus frequency rank 1708; 72 appearances (0.00596%); Unihan kRSUnicode 66.8; Kangxi radical 66 攴; Unihan kRSUnicode single radical assignment.	[]	"[""chinese"",""traditional"",""radicals"",""frequency"",""character-to-radical"",""one-way"",""part-9""]"
zh-traditional-radicals-frequency-ix/1706/character-to-radical	IX	vocabulary	1706	zh-Hant	zh-Hant	喻	"[""口""]"	[]		"[""zh-Hant.frequency.1709"",""zh.radical.kangxi.030""]"	[]	[]	sources/characters.tsv	frequency-order position 1706; corpus frequency rank 1709; Ministry common-character number 640	喻: frequency-order position 1706; corpus frequency rank 1709; 72 appearances (0.00596%); Unihan kRSUnicode 30.9; Kangxi radical 30 口; Unihan kRSUnicode single radical assignment.	[]	"[""chinese"",""traditional"",""radicals"",""frequency"",""character-to-radical"",""one-way"",""part-9""]"
zh-traditional-radicals-frequency-ix/1707/character-to-radical	IX	vocabulary	1707	zh-Hant	zh-Hant	于	"[""二""]"	[]		"[""zh-Hant.frequency.1710"",""zh.radical.kangxi.007""]"	[]	[]	sources/characters.tsv	frequency-order position 1707; corpus frequency rank 1710; Ministry common-character number 50	于: frequency-order position 1707; corpus frequency rank 1710; 71 appearances (0.00588%); Unihan kRSUnicode 7.1; Kangxi radical 7 二; Unihan kRSUnicode single radical assignment.	[]	"[""chinese"",""traditional"",""radicals"",""frequency"",""character-to-radical"",""one-way"",""part-9""]"
zh-traditional-radicals-frequency-ix/1708/character-to-radical	IX	vocabulary	1708	zh-Hant	zh-Hant	汙	"[""水""]"	[]		"[""zh-Hant.frequency.1711"",""zh.radical.kangxi.085""]"	[]	[]	sources/characters.tsv	frequency-order position 1708; corpus frequency rank 1711; Ministry common-character number 2132	汙: frequency-order position 1708; corpus frequency rank 1711; 71 appearances (0.00588%); Unihan kRSUnicode 85.3; Kangxi radical 85 水; Unihan kRSUnicode single radical assignment.	[]	"[""chinese"",""traditional"",""radicals"",""frequency"",""character-to-radical"",""one-way"",""part-9""]"
zh-traditional-radicals-frequency-ix/1709/character-to-radical	IX	vocabulary	1709	zh-Hant	zh-Hant	刊	"[""刀""]"	[]		"[""zh-Hant.frequency.1712"",""zh.radical.kangxi.018""]"	[]	[]	sources/characters.tsv	frequency-order position 1709; corpus frequency rank 1712; Ministry common-character number 334	刊: frequency-order position 1709; corpus frequency rank 1712; 71 appearances (0.00588%); Unihan kRSUnicode 18.3; Kangxi radical 18 刀; Unihan kRSUnicode single radical assignment.	[]	"[""chinese"",""traditional"",""radicals"",""frequency"",""character-to-radical"",""one-way"",""part-9""]"
zh-traditional-radicals-frequency-ix/1710/character-to-radical	IX	vocabulary	1710	zh-Hant	zh-Hant	姜	"[""女""]"	[]		"[""zh-Hant.frequency.1713"",""zh.radical.kangxi.038""]"	[]	[]	sources/characters.tsv	frequency-order position 1710; corpus frequency rank 1713; Ministry common-character number 914	姜: frequency-order position 1710; corpus frequency rank 1713; 71 appearances (0.00588%); Unihan kRSUnicode 38.6; Kangxi radical 38 女; Unihan kRSUnicode single radical assignment.	[]	"[""chinese"",""traditional"",""radicals"",""frequency"",""character-to-radical"",""one-way"",""part-9""]"
zh-traditional-radicals-frequency-ix/1711/character-to-radical	IX	vocabulary	1711	zh-Hant	zh-Hant	宣	"[""宀""]"	[]		"[""zh-Hant.frequency.1714"",""zh.radical.kangxi.040""]"	[]	[]	sources/characters.tsv	frequency-order position 1711; corpus frequency rank 1714; Ministry common-character number 1019	宣: frequency-order position 1711; corpus frequency rank 1714; 71 appearances (0.00588%); Unihan kRSUnicode 40.6; Kangxi radical 40 宀; Unihan kRSUnicode single radical assignment.	[]	"[""chinese"",""traditional"",""radicals"",""frequency"",""character-to-radical"",""one-way"",""part-9""]"
zh-traditional-radicals-frequency-ix/1712/character-to-radical	IX	vocabulary	1712	zh-Hant	zh-Hant	屏	"[""尸""]"	[]		"[""zh-Hant.frequency.1715"",""zh.radical.kangxi.044""]"	[]	[]	sources/characters.tsv	frequency-order position 1712; corpus frequency rank 1715; Ministry common-character number 1087	屏: frequency-order position 1712; corpus frequency rank 1715; 71 appearances (0.00588%); Unihan kRSUnicode 44.6; Kangxi radical 44 尸; Unihan kRSUnicode single radical assignment.	[]	"[""chinese"",""traditional"",""radicals"",""frequency"",""character-to-radical"",""one-way"",""part-9""]"
zh-traditional-radicals-frequency-ix/1713/character-to-radical	IX	vocabulary	1713	zh-Hant	zh-Hant	淺	"[""水""]"	[]		"[""zh-Hant.frequency.1716"",""zh.radical.kangxi.085""]"	[]	[]	sources/characters.tsv	frequency-order position 1713; corpus frequency rank 1716; Ministry common-character number 2223	淺: frequency-order position 1713; corpus frequency rank 1716; 71 appearances (0.00588%); Unihan kRSUnicode 85.8; Kangxi radical 85 水; Unihan kRSUnicode single radical assignment.	[]	"[""chinese"",""traditional"",""radicals"",""frequency"",""character-to-radical"",""one-way"",""part-9""]"
zh-traditional-radicals-frequency-ix/1714/character-to-radical	IX	vocabulary	1714	zh-Hant	zh-Hant	崇	"[""山""]"	[]		"[""zh-Hant.frequency.1717"",""zh.radical.kangxi.046""]"	[]	[]	sources/characters.tsv	frequency-order position 1714; corpus frequency rank 1717; Ministry common-character number 1122	崇: frequency-order position 1714; corpus frequency rank 1717; 71 appearances (0.00588%); Unihan kRSUnicode 46.8; Kangxi radical 46 山; Unihan kRSUnicode single radical assignment.	[]	"[""chinese"",""traditional"",""radicals"",""frequency"",""character-to-radical"",""one-way"",""part-9""]"
zh-traditional-radicals-frequency-ix/1715/character-to-radical	IX	vocabulary	1715	zh-Hant	zh-Hant	潑	"[""水""]"	[]		"[""zh-Hant.frequency.1718"",""zh.radical.kangxi.085""]"	[]	[]	sources/characters.tsv	frequency-order position 1715; corpus frequency rank 1718; Ministry common-character number 2328	潑: frequency-order position 1715; corpus frequency rank 1718; 71 appearances (0.00588%); Unihan kRSUnicode 85.12; Kangxi radical 85 水; Unihan kRSUnicode single radical assignment.	[]	"[""chinese"",""traditional"",""radicals"",""frequency"",""character-to-radical"",""one-way"",""part-9""]"
zh-traditional-radicals-frequency-ix/1716/character-to-radical	IX	vocabulary	1716	zh-Hant	zh-Hant	煮	"[""火""]"	[]		"[""zh-Hant.frequency.1719"",""zh.radical.kangxi.086""]"	[]	[]	sources/characters.tsv	frequency-order position 1716; corpus frequency rank 1719; Ministry common-character number 2418	煮: frequency-order position 1716; corpus frequency rank 1719; 71 appearances (0.00588%); Unihan kRSUnicode 86.8; Kangxi radical 86 火; Unihan kRSUnicode single radical assignment.	[]	"[""chinese"",""traditional"",""radicals"",""frequency"",""character-to-radical"",""one-way"",""part-9""]"
zh-traditional-radicals-frequency-ix/1717/character-to-radical	IX	vocabulary	1717	zh-Hant	zh-Hant	賀	"[""貝""]"	[]		"[""zh-Hant.frequency.1720"",""zh.radical.kangxi.154""]"	[]	[]	sources/characters.tsv	frequency-order position 1717; corpus frequency rank 1720; Ministry common-character number 3944	賀: frequency-order position 1717; corpus frequency rank 1720; 71 appearances (0.00588%); Unihan kRSUnicode 154.5; Kangxi radical 154 貝; Unihan kRSUnicode single radical assignment.	[]	"[""chinese"",""traditional"",""radicals"",""frequency"",""character-to-radical"",""one-way"",""part-9""]"
zh-traditional-radicals-frequency-ix/1718/character-to-radical	IX	vocabulary	1718	zh-Hant	zh-Hant	豪	"[""豕""]"	[]		"[""zh-Hant.frequency.1721"",""zh.radical.kangxi.152""]"	[]	[]	sources/characters.tsv	frequency-order position 1718; corpus frequency rank 1721; Ministry common-character number 3916	豪: frequency-order position 1718; corpus frequency rank 1721; 71 appearances (0.00588%); Unihan kRSUnicode 152.7; Kangxi radical 152 豕; Unihan kRSUnicode single radical assignment.	[]	"[""chinese"",""traditional"",""radicals"",""frequency"",""character-to-radical"",""one-way"",""part-9""]"
zh-traditional-radicals-frequency-ix/1719/character-to-radical	IX	vocabulary	1719	zh-Hant	zh-Hant	踏	"[""足""]"	[]		"[""zh-Hant.frequency.1722"",""zh.radical.kangxi.157""]"	[]	[]	sources/characters.tsv	frequency-order position 1719; corpus frequency rank 1722; Ministry common-character number 4024	踏: frequency-order position 1719; corpus frequency rank 1722; 71 appearances (0.00588%); Unihan kRSUnicode 157.8; Kangxi radical 157 足; Unihan kRSUnicode single radical assignment.	[]	"[""chinese"",""traditional"",""radicals"",""frequency"",""character-to-radical"",""one-way"",""part-9""]"
zh-traditional-radicals-frequency-ix/1720/character-to-radical	IX	vocabulary	1720	zh-Hant	zh-Hant	絡	"[""糸""]"	[]		"[""zh-Hant.frequency.1723"",""zh.radical.kangxi.120""]"	[]	[]	sources/characters.tsv	frequency-order position 1720; corpus frequency rank 1723; Ministry common-character number 3121	絡: frequency-order position 1720; corpus frequency rank 1723; 71 appearances (0.00588%); Unihan kRSUnicode 120.6; Kangxi radical 120 糸; Unihan kRSUnicode single radical assignment.	[]	"[""chinese"",""traditional"",""radicals"",""frequency"",""character-to-radical"",""one-way"",""part-9""]"
zh-traditional-radicals-frequency-ix/1721/character-to-radical	IX	vocabulary	1721	zh-Hant	zh-Hant	譜	"[""言""]"	[]		"[""zh-Hant.frequency.1724"",""zh.radical.kangxi.149""]"	[]	[]	sources/characters.tsv	frequency-order position 1721; corpus frequency rank 1724; Ministry common-character number 3883	譜: frequency-order position 1721; corpus frequency rank 1724; 71 appearances (0.00588%); Unihan kRSUnicode 149.12; Kangxi radical 149 言; Unihan kRSUnicode single radical assignment.	[]	"[""chinese"",""traditional"",""radicals"",""frequency"",""character-to-radical"",""one-way"",""part-9""]"
zh-traditional-radicals-frequency-ix/1722/character-to-radical	IX	vocabulary	1722	zh-Hant	zh-Hant	艾	"[""艸""]"	[]		"[""zh-Hant.frequency.1726"",""zh.radical.kangxi.140""]"	[]	[]	sources/characters.tsv	frequency-order position 1722; corpus frequency rank 1726; Ministry common-character number 3428	艾: frequency-order position 1722; corpus frequency rank 1726; 70 appearances (0.00579%); Unihan kRSUnicode 140.2; Kangxi radical 140 艸; Unihan kRSUnicode single radical assignment.	[]	"[""chinese"",""traditional"",""radicals"",""frequency"",""character-to-radical"",""one-way"",""part-9""]"
zh-traditional-radicals-frequency-ix/1723/character-to-radical	IX	vocabulary	1723	zh-Hant	zh-Hant	乃	"[""丿""]"	[]		"[""zh-Hant.frequency.1727"",""zh.radical.kangxi.004""]"	[]	[]	sources/characters.tsv	frequency-order position 1723; corpus frequency rank 1727; Ministry common-character number 26	乃: frequency-order position 1723; corpus frequency rank 1727; 70 appearances (0.00579%); Unihan kRSUnicode 4.1; Kangxi radical 4 丿; Unihan kRSUnicode single radical assignment.	[]	"[""chinese"",""traditional"",""radicals"",""frequency"",""character-to-radical"",""one-way"",""part-9""]"
zh-traditional-radicals-frequency-ix/1724/character-to-radical	IX	vocabulary	1724	zh-Hant	zh-Hant	孤	"[""子""]"	[]		"[""zh-Hant.frequency.1728"",""zh.radical.kangxi.039""]"	[]	[]	sources/characters.tsv	frequency-order position 1724; corpus frequency rank 1728; Ministry common-character number 993	孤: frequency-order position 1724; corpus frequency rank 1728; 70 appearances (0.00579%); Unihan kRSUnicode 39.5; Kangxi radical 39 子; Unihan kRSUnicode single radical assignment.	[]	"[""chinese"",""traditional"",""radicals"",""frequency"",""character-to-radical"",""one-way"",""part-9""]"
zh-traditional-radicals-frequency-ix/1725/character-to-radical	IX	vocabulary	1725	zh-Hant	zh-Hant	虹	"[""虫""]"	[]		"[""zh-Hant.frequency.1729"",""zh.radical.kangxi.142""]"	[]	[]	sources/characters.tsv	frequency-order position 1725; corpus frequency rank 1729; Ministry common-character number 3616	虹: frequency-order position 1725; corpus frequency rank 1729; 70 appearances (0.00579%); Unihan kRSUnicode 142.3; Kangxi radical 142 虫; Unihan kRSUnicode single radical assignment.	[]	"[""chinese"",""traditional"",""radicals"",""frequency"",""character-to-radical"",""one-way"",""part-9""]"
zh-traditional-radicals-frequency-ix/1726/character-to-radical	IX	vocabulary	1726	zh-Hant	zh-Hant	詹	"[""言""]"	[]		"[""zh-Hant.frequency.1730"",""zh.radical.kangxi.149""]"	[]	[]	sources/characters.tsv	frequency-order position 1726; corpus frequency rank 1730; Ministry common-character number 3830	詹: frequency-order position 1726; corpus frequency rank 1730; 70 appearances (0.00579%); Unihan kRSUnicode 149.6; Kangxi radical 149 言; Unihan kRSUnicode single radical assignment.	[]	"[""chinese"",""traditional"",""radicals"",""frequency"",""character-to-radical"",""one-way"",""part-9""]"
zh-traditional-radicals-frequency-ix/1727/character-to-radical	IX	vocabulary	1727	zh-Hant	zh-Hant	嘗	"[""口""]"	[]		"[""zh-Hant.frequency.1731"",""zh.radical.kangxi.030""]"	[]	[]	sources/characters.tsv	frequency-order position 1727; corpus frequency rank 1731; Ministry common-character number 664	嘗: frequency-order position 1727; corpus frequency rank 1731; 70 appearances (0.00579%); Unihan kRSUnicode 30.11; Kangxi radical 30 口; Unihan kRSUnicode single radical assignment.	[]	"[""chinese"",""traditional"",""radicals"",""frequency"",""character-to-radical"",""one-way"",""part-9""]"
zh-traditional-radicals-frequency-ix/1728/character-to-radical	IX	vocabulary	1728	zh-Hant	zh-Hant	映	"[""日""]"	[]		"[""zh-Hant.frequency.1732"",""zh.radical.kangxi.072""]"	[]	[]	sources/characters.tsv	frequency-order position 1728; corpus frequency rank 1732; Ministry common-character number 1789	映: frequency-order position 1728; corpus frequency rank 1732; 70 appearances (0.00579%); Unihan kRSUnicode 72.5; Kangxi radical 72 日; Unihan kRSUnicode single radical assignment.	[]	"[""chinese"",""traditional"",""radicals"",""frequency"",""character-to-radical"",""one-way"",""part-9""]"
zh-traditional-radicals-frequency-ix/1729/character-to-radical	IX	vocabulary	1729	zh-Hant	zh-Hant	喲	"[""口""]"	[]		"[""zh-Hant.frequency.1733"",""zh.radical.kangxi.030""]"	[]	[]	sources/characters.tsv	frequency-order position 1729; corpus frequency rank 1733; Ministry common-character number 638	喲: frequency-order position 1729; corpus frequency rank 1733; 70 appearances (0.00579%); Unihan kRSUnicode 30.9; Kangxi radical 30 口; Unihan kRSUnicode single radical assignment.	[]	"[""chinese"",""traditional"",""radicals"",""frequency"",""character-to-radical"",""one-way"",""part-9""]"
zh-traditional-radicals-frequency-ix/1730/character-to-radical	IX	vocabulary	1730	zh-Hant	zh-Hant	悶	"[""心""]"	[]		"[""zh-Hant.frequency.1734"",""zh.radical.kangxi.061""]"	[]	[]	sources/characters.tsv	frequency-order position 1730; corpus frequency rank 1734; Ministry common-character number 1384	悶: frequency-order position 1730; corpus frequency rank 1734; 70 appearances (0.00579%); Unihan kRSUnicode 61.8; Kangxi radical 61 心; Unihan kRSUnicode single radical assignment.	[]	"[""chinese"",""traditional"",""radicals"",""frequency"",""character-to-radical"",""one-way"",""part-9""]"
zh-traditional-radicals-frequency-ix/1731/character-to-radical	IX	vocabulary	1731	zh-Hant	zh-Hant	泳	"[""水""]"	[]		"[""zh-Hant.frequency.1735"",""zh.radical.kangxi.085""]"	[]	[]	sources/characters.tsv	frequency-order position 1731; corpus frequency rank 1735; Ministry common-character number 2158	泳: frequency-order position 1731; corpus frequency rank 1735; 70 appearances (0.00579%); Unihan kRSUnicode 85.5; Kangxi radical 85 水; Unihan kRSUnicode single radical assignment.	[]	"[""chinese"",""traditional"",""radicals"",""frequency"",""character-to-radical"",""one-way"",""part-9""]"
zh-traditional-radicals-frequency-ix/1732/character-to-radical	IX	vocabulary	1732	zh-Hant	zh-Hant	荒	"[""艸""]"	[]		"[""zh-Hant.frequency.1736"",""zh.radical.kangxi.140""]"	[]	[]	sources/characters.tsv	frequency-order position 1732; corpus frequency rank 1736; Ministry common-character number 3464	荒: frequency-order position 1732; corpus frequency rank 1736; 70 appearances (0.00579%); Unihan kRSUnicode 140.6; Kangxi radical 140 艸; Unihan kRSUnicode single radical assignment.	[]	"[""chinese"",""traditional"",""radicals"",""frequency"",""character-to-radical"",""one-way"",""part-9""]"
zh-traditional-radicals-frequency-ix/1733/character-to-radical	IX	vocabulary	1733	zh-Hant	zh-Hant	腰	"[""肉""]"	[]		"[""zh-Hant.frequency.1737"",""zh.radical.kangxi.130""]"	[]	[]	sources/characters.tsv	frequency-order position 1733; corpus frequency rank 1737; Ministry common-character number 3346	腰: frequency-order position 1733; corpus frequency rank 1737; 70 appearances (0.00579%); Unihan kRSUnicode 130.9; Kangxi radical 130 肉; Unihan kRSUnicode single radical assignment.	[]	"[""chinese"",""traditional"",""radicals"",""frequency"",""character-to-radical"",""one-way"",""part-9""]"
zh-traditional-radicals-frequency-ix/1734/character-to-radical	IX	vocabulary	1734	zh-Hant	zh-Hant	鄭	"[""邑""]"	[]		"[""zh-Hant.frequency.1738"",""zh.radical.kangxi.163""]"	[]	[]	sources/characters.tsv	frequency-order position 1734; corpus frequency rank 1738; Ministry common-character number 4221	鄭: frequency-order position 1734; corpus frequency rank 1738; 70 appearances (0.00579%); Unihan kRSUnicode 163.12; Kangxi radical 163 邑; Unihan kRSUnicode single radical assignment.	[]	"[""chinese"",""traditional"",""radicals"",""frequency"",""character-to-radical"",""one-way"",""part-9""]"
zh-traditional-radicals-frequency-ix/1735/character-to-radical	IX	vocabulary	1735	zh-Hant	zh-Hant	蹤	"[""足""]"	[]		"[""zh-Hant.frequency.1739"",""zh.radical.kangxi.157""]"	[]	[]	sources/characters.tsv	frequency-order position 1735; corpus frequency rank 1739; Ministry common-character number 4040	蹤: frequency-order position 1735; corpus frequency rank 1739; 70 appearances (0.00579%); Unihan kRSUnicode 157.11; Kangxi radical 157 足; Unihan kRSUnicode single radical assignment.	[]	"[""chinese"",""traditional"",""radicals"",""frequency"",""character-to-radical"",""one-way"",""part-9""]"
zh-traditional-radicals-frequency-ix/1736/character-to-radical	IX	vocabulary	1736	zh-Hant	zh-Hant	爐	"[""火""]"	[]		"[""zh-Hant.frequency.1740"",""zh.radical.kangxi.086""]"	[]	[]	sources/characters.tsv	frequency-order position 1736; corpus frequency rank 1740; Ministry common-character number 2463	爐: frequency-order position 1736; corpus frequency rank 1740; 70 appearances (0.00579%); Unihan kRSUnicode 86.16; Kangxi radical 86 火; Unihan kRSUnicode single radical assignment.	[]	"[""chinese"",""traditional"",""radicals"",""frequency"",""character-to-radical"",""one-way"",""part-9""]"
zh-traditional-radicals-frequency-ix/1737/character-to-radical	IX	vocabulary	1737	zh-Hant	zh-Hant	競	"[""立""]"	[]		"[""zh-Hant.frequency.1741"",""zh.radical.kangxi.117""]"	[]	[]	sources/characters.tsv	frequency-order position 1737; corpus frequency rank 1741; Ministry common-character number 2983	競: frequency-order position 1737; corpus frequency rank 1741; 70 appearances (0.00579%); Unihan kRSUnicode 117.15; Kangxi radical 117 立; Unihan kRSUnicode single radical assignment.	[]	"[""chinese"",""traditional"",""radicals"",""frequency"",""character-to-radical"",""one-way"",""part-9""]"
zh-traditional-radicals-frequency-ix/1738/character-to-radical	IX	vocabulary	1738	zh-Hant	zh-Hant	勉	"[""力""]"	[]		"[""zh-Hant.frequency.1742"",""zh.radical.kangxi.019""]"	[]	[]	sources/characters.tsv	frequency-order position 1738; corpus frequency rank 1742; Ministry common-character number 389	勉: frequency-order position 1738; corpus frequency rank 1742; 69 appearances (0.00571%); Unihan kRSUnicode 19.7; Kangxi radical 19 力; Unihan kRSUnicode single radical assignment.	[]	"[""chinese"",""traditional"",""radicals"",""frequency"",""character-to-radical"",""one-way"",""part-9""]"
zh-traditional-radicals-frequency-ix/1739/character-to-radical	IX	vocabulary	1739	zh-Hant	zh-Hant	澳	"[""水""]"	[]		"[""zh-Hant.frequency.1743"",""zh.radical.kangxi.085""]"	[]	[]	sources/characters.tsv	frequency-order position 1739; corpus frequency rank 1743; Ministry common-character number 2349	澳: frequency-order position 1739; corpus frequency rank 1743; 69 appearances (0.00571%); Unihan kRSUnicode 85.13; Kangxi radical 85 水; Unihan kRSUnicode single radical assignment.	[]	"[""chinese"",""traditional"",""radicals"",""frequency"",""character-to-radical"",""one-way"",""part-9""]"
zh-traditional-radicals-frequency-ix/1740/character-to-radical	IX	vocabulary	1740	zh-Hant	zh-Hant	拾	"[""手""]"	[]		"[""zh-Hant.frequency.1744"",""zh.radical.kangxi.064""]"	[]	[]	sources/characters.tsv	frequency-order position 1740; corpus frequency rank 1744; Ministry common-character number 1566	拾: frequency-order position 1740; corpus frequency rank 1744; 69 appearances (0.00571%); Unihan kRSUnicode 64.6; Kangxi radical 64 手; Unihan kRSUnicode single radical assignment.	[]	"[""chinese"",""traditional"",""radicals"",""frequency"",""character-to-radical"",""one-way"",""part-9""]"
zh-traditional-radicals-frequency-ix/1741/character-to-radical	IX	vocabulary	1741	zh-Hant	zh-Hant	髒	"[""骨""]"	[]		"[""zh-Hant.frequency.1745"",""zh.radical.kangxi.188""]"	[]	[]	sources/characters.tsv	frequency-order position 1741; corpus frequency rank 1745; Ministry common-character number 4664	髒: frequency-order position 1741; corpus frequency rank 1745; 69 appearances (0.00571%); Unihan kRSUnicode 188.13; Kangxi radical 188 骨; Unihan kRSUnicode single radical assignment.	[]	"[""chinese"",""traditional"",""radicals"",""frequency"",""character-to-radical"",""one-way"",""part-9""]"
zh-traditional-radicals-frequency-ix/1742/character-to-radical	IX	vocabulary	1742	zh-Hant	zh-Hant	笨	"[""竹""]"	[]		"[""zh-Hant.frequency.1746"",""zh.radical.kangxi.118""]"	[]	[]	sources/characters.tsv	frequency-order position 1742; corpus frequency rank 1746; Ministry common-character number 2991	笨: frequency-order position 1742; corpus frequency rank 1746; 69 appearances (0.00571%); Unihan kRSUnicode 118.5; Kangxi radical 118 竹; Unihan kRSUnicode single radical assignment.	[]	"[""chinese"",""traditional"",""radicals"",""frequency"",""character-to-radical"",""one-way"",""part-9""]"
zh-traditional-radicals-frequency-ix/1743/character-to-radical	IX	vocabulary	1743	zh-Hant	zh-Hant	腔	"[""肉""]"	[]		"[""zh-Hant.frequency.1747"",""zh.radical.kangxi.130""]"	[]	[]	sources/characters.tsv	frequency-order position 1743; corpus frequency rank 1747; Ministry common-character number 3337	腔: frequency-order position 1743; corpus frequency rank 1747; 69 appearances (0.00571%); Unihan kRSUnicode 130.8; Kangxi radical 130 肉; Unihan kRSUnicode single radical assignment.	[]	"[""chinese"",""traditional"",""radicals"",""frequency"",""character-to-radical"",""one-way"",""part-9""]"
zh-traditional-radicals-frequency-ix/1744/character-to-radical	IX	vocabulary	1744	zh-Hant	zh-Hant	稍	"[""禾""]"	[]		"[""zh-Hant.frequency.1748"",""zh.radical.kangxi.115""]"	[]	[]	sources/characters.tsv	frequency-order position 1744; corpus frequency rank 1748; Ministry common-character number 2926	稍: frequency-order position 1744; corpus frequency rank 1748; 69 appearances (0.00571%); Unihan kRSUnicode 115.7; Kangxi radical 115 禾; Unihan kRSUnicode single radical assignment.	[]	"[""chinese"",""traditional"",""radicals"",""frequency"",""character-to-radical"",""one-way"",""part-9""]"
zh-traditional-radicals-frequency-ix/1745/character-to-radical	IX	vocabulary	1745	zh-Hant	zh-Hant	碳	"[""石""]"	[]		"[""zh-Hant.frequency.1749"",""zh.radical.kangxi.112""]"	[]	[]	sources/characters.tsv	frequency-order position 1745; corpus frequency rank 1749; Ministry common-character number 2853	碳: frequency-order position 1745; corpus frequency rank 1749; 69 appearances (0.00571%); Unihan kRSUnicode 112.9; Kangxi radical 112 石; Unihan kRSUnicode single radical assignment.	[]	"[""chinese"",""traditional"",""radicals"",""frequency"",""character-to-radical"",""one-way"",""part-9""]"
zh-traditional-radicals-frequency-ix/1746/character-to-radical	IX	vocabulary	1746	zh-Hant	zh-Hant	嘻	"[""口""]"	[]		"[""zh-Hant.frequency.1750"",""zh.radical.kangxi.030""]"	[]	[]	sources/characters.tsv	frequency-order position 1746; corpus frequency rank 1750; Ministry common-character number 676	嘻: frequency-order position 1746; corpus frequency rank 1750; 69 appearances (0.00571%); Unihan kRSUnicode 30.12; Kangxi radical 30 口; Unihan kRSUnicode single radical assignment.	[]	"[""chinese"",""traditional"",""radicals"",""frequency"",""character-to-radical"",""one-way"",""part-9""]"
zh-traditional-radicals-frequency-ix/1747/character-to-radical	IX	vocabulary	1747	zh-Hant	zh-Hant	撲	"[""手""]"	[]		"[""zh-Hant.frequency.1751"",""zh.radical.kangxi.064""]"	[]	[]	sources/characters.tsv	frequency-order position 1747; corpus frequency rank 1751; Ministry common-character number 1662	撲: frequency-order position 1747; corpus frequency rank 1751; 69 appearances (0.00571%); Unihan kRSUnicode 64.12; Kangxi radical 64 手; Unihan kRSUnicode single radical assignment.	[]	"[""chinese"",""traditional"",""radicals"",""frequency"",""character-to-radical"",""one-way"",""part-9""]"
zh-traditional-radicals-frequency-ix/1748/character-to-radical	IX	vocabulary	1748	zh-Hant	zh-Hant	遙	"[""辵""]"	[]		"[""zh-Hant.frequency.1752"",""zh.radical.kangxi.162""]"	[]	[]	sources/characters.tsv	frequency-order position 1748; corpus frequency rank 1752; Ministry common-character number 4176	遙: frequency-order position 1748; corpus frequency rank 1752; 69 appearances (0.00571%); Unihan kRSUnicode 162.10; Kangxi radical 162 辵; Unihan kRSUnicode single radical assignment.	[]	"[""chinese"",""traditional"",""radicals"",""frequency"",""character-to-radical"",""one-way"",""part-9""]"
zh-traditional-radicals-frequency-ix/1749/character-to-radical	IX	vocabulary	1749	zh-Hant	zh-Hant	澤	"[""水""]"	[]		"[""zh-Hant.frequency.1753"",""zh.radical.kangxi.085""]"	[]	[]	sources/characters.tsv	frequency-order position 1749; corpus frequency rank 1753; Ministry common-character number 2346	澤: frequency-order position 1749; corpus frequency rank 1753; 69 appearances (0.00571%); Unihan kRSUnicode 85.13; Kangxi radical 85 水; Unihan kRSUnicode single radical assignment.	[]	"[""chinese"",""traditional"",""radicals"",""frequency"",""character-to-radical"",""one-way"",""part-9""]"
zh-traditional-radicals-frequency-ix/1750/character-to-radical	IX	vocabulary	1750	zh-Hant	zh-Hant	屍	"[""尸""]"	[]		"[""zh-Hant.frequency.1754"",""zh.radical.kangxi.044""]"	[]	[]	sources/characters.tsv	frequency-order position 1750; corpus frequency rank 1754; Ministry common-character number 1088	屍: frequency-order position 1750; corpus frequency rank 1754; 69 appearances (0.00571%); Unihan kRSUnicode 44.6; Kangxi radical 44 尸; Unihan kRSUnicode single radical assignment.	[]	"[""chinese"",""traditional"",""radicals"",""frequency"",""character-to-radical"",""one-way"",""part-9""]"
zh-traditional-radicals-frequency-ix/1751/character-to-radical	IX	vocabulary	1751	zh-Hant	zh-Hant	牽	"[""牛""]"	[]		"[""zh-Hant.frequency.1755"",""zh.radical.kangxi.093""]"	[]	[]	sources/characters.tsv	frequency-order position 1751; corpus frequency rank 1755; Ministry common-character number 2498	牽: frequency-order position 1751; corpus frequency rank 1755; 69 appearances (0.00571%); Unihan kRSUnicode 93.7; Kangxi radical 93 牛; Unihan kRSUnicode single radical assignment.	[]	"[""chinese"",""traditional"",""radicals"",""frequency"",""character-to-radical"",""one-way"",""part-9""]"
zh-traditional-radicals-frequency-ix/1752/character-to-radical	IX	vocabulary	1752	zh-Hant	zh-Hant	亦	"[""亠""]"	[]		"[""zh-Hant.frequency.1756"",""zh.radical.kangxi.008""]"	[]	[]	sources/characters.tsv	frequency-order position 1752; corpus frequency rank 1756; Ministry common-character number 61	亦: frequency-order position 1752; corpus frequency rank 1756; 68 appearances (0.00563%); Unihan kRSUnicode 8.4; Kangxi radical 8 亠; Unihan kRSUnicode single radical assignment.	[]	"[""chinese"",""traditional"",""radicals"",""frequency"",""character-to-radical"",""one-way"",""part-9""]"
zh-traditional-radicals-frequency-ix/1753/character-to-radical	IX	vocabulary	1753	zh-Hant	zh-Hant	咚	"[""口""]"	[]		"[""zh-Hant.frequency.1757"",""zh.radical.kangxi.030""]"	[]	[]	sources/characters.tsv	frequency-order position 1753; corpus frequency rank 1757; Ministry common-character number 557	咚: frequency-order position 1753; corpus frequency rank 1757; 68 appearances (0.00563%); Unihan kRSUnicode 30.5; Kangxi radical 30 口; Unihan kRSUnicode single radical assignment.	[]	"[""chinese"",""traditional"",""radicals"",""frequency"",""character-to-radical"",""one-way"",""part-9""]"
zh-traditional-radicals-frequency-ix/1754/character-to-radical	IX	vocabulary	1754	zh-Hant	zh-Hant	乖	"[""丿""]"	[]		"[""zh-Hant.frequency.1758"",""zh.radical.kangxi.004""]"	[]	[]	sources/characters.tsv	frequency-order position 1754; corpus frequency rank 1758; Ministry common-character number 36	乖: frequency-order position 1754; corpus frequency rank 1758; 68 appearances (0.00563%); Unihan kRSUnicode 4.7; Kangxi radical 4 丿; Unihan kRSUnicode single radical assignment.	[]	"[""chinese"",""traditional"",""radicals"",""frequency"",""character-to-radical"",""one-way"",""part-9""]"
zh-traditional-radicals-frequency-ix/1755/character-to-radical	IX	vocabulary	1755	zh-Hant	zh-Hant	侯	"[""人""]"	[]		"[""zh-Hant.frequency.1759"",""zh.radical.kangxi.009""]"	[]	[]	sources/characters.tsv	frequency-order position 1755; corpus frequency rank 1759; Ministry common-character number 150	侯: frequency-order position 1755; corpus frequency rank 1759; 68 appearances (0.00563%); Unihan kRSUnicode 9.7; Kangxi radical 9 人; Unihan kRSUnicode single radical assignment.	[]	"[""chinese"",""traditional"",""radicals"",""frequency"",""character-to-radical"",""one-way"",""part-9""]"
zh-traditional-radicals-frequency-ix/1756/character-to-radical	IX	vocabulary	1756	zh-Hant	zh-Hant	貞	"[""貝""]"	[]		"[""zh-Hant.frequency.1760"",""zh.radical.kangxi.154""]"	[]	[]	sources/characters.tsv	frequency-order position 1756; corpus frequency rank 1760; Ministry common-character number 3928	貞: frequency-order position 1756; corpus frequency rank 1760; 68 appearances (0.00563%); Unihan kRSUnicode 154.2; Kangxi radical 154 貝; Unihan kRSUnicode single radical assignment.	[]	"[""chinese"",""traditional"",""radicals"",""frequency"",""character-to-radical"",""one-way"",""part-9""]"
zh-traditional-radicals-frequency-ix/1757/character-to-radical	IX	vocabulary	1757	zh-Hant	zh-Hant	媒	"[""女""]"	[]		"[""zh-Hant.frequency.1761"",""zh.radical.kangxi.038""]"	[]	[]	sources/characters.tsv	frequency-order position 1757; corpus frequency rank 1761; Ministry common-character number 952	媒: frequency-order position 1757; corpus frequency rank 1761; 68 appearances (0.00563%); Unihan kRSUnicode 38.9; Kangxi radical 38 女; Unihan kRSUnicode single radical assignment.	[]	"[""chinese"",""traditional"",""radicals"",""frequency"",""character-to-radical"",""one-way"",""part-9""]"
zh-traditional-radicals-frequency-ix/1758/character-to-radical	IX	vocabulary	1758	zh-Hant	zh-Hant	譯	"[""言""]"	[]		"[""zh-Hant.frequency.1762"",""zh.radical.kangxi.149""]"	[]	[]	sources/characters.tsv	frequency-order position 1758; corpus frequency rank 1762; Ministry common-character number 3892	譯: frequency-order position 1758; corpus frequency rank 1762; 68 appearances (0.00563%); Unihan kRSUnicode 149.13; Kangxi radical 149 言; Unihan kRSUnicode single radical assignment.	[]	"[""chinese"",""traditional"",""radicals"",""frequency"",""character-to-radical"",""one-way"",""part-9""]"
zh-traditional-radicals-frequency-ix/1759/character-to-radical	IX	vocabulary	1759	zh-Hant	zh-Hant	勁	"[""力""]"	[]		"[""zh-Hant.frequency.1763"",""zh.radical.kangxi.019""]"	[]	[]	sources/characters.tsv	frequency-order position 1759; corpus frequency rank 1763; Ministry common-character number 391	勁: frequency-order position 1759; corpus frequency rank 1763; 67 appearances (0.00555%); Unihan kRSUnicode 19.7; Kangxi radical 19 力; Unihan kRSUnicode single radical assignment.	[]	"[""chinese"",""traditional"",""radicals"",""frequency"",""character-to-radical"",""one-way"",""part-9""]"
zh-traditional-radicals-frequency-ix/1760/character-to-radical	IX	vocabulary	1760	zh-Hant	zh-Hant	恰	"[""心""]"	[]		"[""zh-Hant.frequency.1764"",""zh.radical.kangxi.061""]"	[]	[]	sources/characters.tsv	frequency-order position 1760; corpus frequency rank 1764; Ministry common-character number 1336	恰: frequency-order position 1760; corpus frequency rank 1764; 67 appearances (0.00555%); Unihan kRSUnicode 61.6; Kangxi radical 61 心; Unihan kRSUnicode single radical assignment.	[]	"[""chinese"",""traditional"",""radicals"",""frequency"",""character-to-radical"",""one-way"",""part-9""]"
zh-traditional-radicals-frequency-ix/1761/character-to-radical	IX	vocabulary	1761	zh-Hant	zh-Hant	皆	"[""白""]"	[]		"[""zh-Hant.frequency.1765"",""zh.radical.kangxi.106""]"	[]	[]	sources/characters.tsv	frequency-order position 1761; corpus frequency rank 1765; Ministry common-character number 2725	皆: frequency-order position 1761; corpus frequency rank 1765; 67 appearances (0.00555%); Unihan kRSUnicode 106.4; Kangxi radical 106 白; Unihan kRSUnicode single radical assignment.	[]	"[""chinese"",""traditional"",""radicals"",""frequency"",""character-to-radical"",""one-way"",""part-9""]"
zh-traditional-radicals-frequency-ix/1762/character-to-radical	IX	vocabulary	1762	zh-Hant	zh-Hant	臭	"[""自""]"	[]		"[""zh-Hant.frequency.1766"",""zh.radical.kangxi.132""]"	[]	[]	sources/characters.tsv	frequency-order position 1762; corpus frequency rank 1766; Ministry common-character number 3387	臭: frequency-order position 1762; corpus frequency rank 1766; 67 appearances (0.00555%); Unihan kRSUnicode 132.4; Kangxi radical 132 自; Unihan kRSUnicode single radical assignment.	[]	"[""chinese"",""traditional"",""radicals"",""frequency"",""character-to-radical"",""one-way"",""part-9""]"
zh-traditional-radicals-frequency-ix/1763/character-to-radical	IX	vocabulary	1763	zh-Hant	zh-Hant	棋	"[""木""]"	[]		"[""zh-Hant.frequency.1767"",""zh.radical.kangxi.075""]"	[]	[]	sources/characters.tsv	frequency-order position 1763; corpus frequency rank 1767; Ministry common-character number 1966	棋: frequency-order position 1763; corpus frequency rank 1767; 67 appearances (0.00555%); Unihan kRSUnicode 75.8; Kangxi radical 75 木; Unihan kRSUnicode single radical assignment.	[]	"[""chinese"",""traditional"",""radicals"",""frequency"",""character-to-radical"",""one-way"",""part-9""]"
zh-traditional-radicals-frequency-ix/1764/character-to-radical	IX	vocabulary	1764	zh-Hant	zh-Hant	敏	"[""攴""]"	[]		"[""zh-Hant.frequency.1768"",""zh.radical.kangxi.066""]"	[]	[]	sources/characters.tsv	frequency-order position 1764; corpus frequency rank 1768; Ministry common-character number 1729	敏: frequency-order position 1764; corpus frequency rank 1768; 67 appearances (0.00555%); Unihan kRSUnicode 66.7; Kangxi radical 66 攴; Unihan kRSUnicode single radical assignment.	[]	"[""chinese"",""traditional"",""radicals"",""frequency"",""character-to-radical"",""one-way"",""part-9""]"
zh-traditional-radicals-frequency-ix/1765/character-to-radical	IX	vocabulary	1765	zh-Hant	zh-Hant	焦	"[""火""]"	[]		"[""zh-Hant.frequency.1769"",""zh.radical.kangxi.086""]"	[]	[]	sources/characters.tsv	frequency-order position 1765; corpus frequency rank 1769; Ministry common-character number 2414	焦: frequency-order position 1765; corpus frequency rank 1769; 67 appearances (0.00555%); Unihan kRSUnicode 86.8; Kangxi radical 86 火; Unihan kRSUnicode single radical assignment.	[]	"[""chinese"",""traditional"",""radicals"",""frequency"",""character-to-radical"",""one-way"",""part-9""]"
zh-traditional-radicals-frequency-ix/1766/character-to-radical	IX	vocabulary	1766	zh-Hant	zh-Hant	搜	"[""手""]"	[]		"[""zh-Hant.frequency.1770"",""zh.radical.kangxi.064""]"	[]	[]	sources/characters.tsv	frequency-order position 1766; corpus frequency rank 1770; Ministry common-character number 1643	搜: frequency-order position 1766; corpus frequency rank 1770; 67 appearances (0.00555%); Unihan kRSUnicode 64.9; Kangxi radical 64 手; Unihan kRSUnicode single radical assignment.	[]	"[""chinese"",""traditional"",""radicals"",""frequency"",""character-to-radical"",""one-way"",""part-9""]"
zh-traditional-radicals-frequency-ix/1767/character-to-radical	IX	vocabulary	1767	zh-Hant	zh-Hant	款	"[""欠""]"	[]		"[""zh-Hant.frequency.1771"",""zh.radical.kangxi.076""]"	[]	[]	sources/characters.tsv	frequency-order position 1767; corpus frequency rank 1771; Ministry common-character number 2056	款: frequency-order position 1767; corpus frequency rank 1771; 67 appearances (0.00555%); Unihan kRSUnicode 76.8; Kangxi radical 76 欠; Unihan kRSUnicode single radical assignment.	[]	"[""chinese"",""traditional"",""radicals"",""frequency"",""character-to-radical"",""one-way"",""part-9""]"
zh-traditional-radicals-frequency-ix/1768/character-to-radical	IX	vocabulary	1768	zh-Hant	zh-Hant	盜	"[""皿""]"	[]		"[""zh-Hant.frequency.1772"",""zh.radical.kangxi.108""]"	[]	[]	sources/characters.tsv	frequency-order position 1768; corpus frequency rank 1772; Ministry common-character number 2747	盜: frequency-order position 1768; corpus frequency rank 1772; 67 appearances (0.00555%); Unihan kRSUnicode 108.7; Kangxi radical 108 皿; Unihan kRSUnicode single radical assignment.	[]	"[""chinese"",""traditional"",""radicals"",""frequency"",""character-to-radical"",""one-way"",""part-9""]"
zh-traditional-radicals-frequency-ix/1769/character-to-radical	IX	vocabulary	1769	zh-Hant	zh-Hant	嗨	"[""口""]"	[]		"[""zh-Hant.frequency.1773"",""zh.radical.kangxi.030""]"	[]	[]	sources/characters.tsv	frequency-order position 1769; corpus frequency rank 1773; Ministry common-character number 646	嗨: frequency-order position 1769; corpus frequency rank 1773; 67 appearances (0.00555%); Unihan kRSUnicode 30.10; Kangxi radical 30 口; Unihan kRSUnicode single radical assignment.	[]	"[""chinese"",""traditional"",""radicals"",""frequency"",""character-to-radical"",""one-way"",""part-9""]"
zh-traditional-radicals-frequency-ix/1770/character-to-radical	IX	vocabulary	1770	zh-Hant	zh-Hant	黎	"[""黍""]"	[]		"[""zh-Hant.frequency.1774"",""zh.radical.kangxi.202""]"	[]	[]	sources/characters.tsv	frequency-order position 1770; corpus frequency rank 1774; Ministry common-character number 4769	黎: frequency-order position 1770; corpus frequency rank 1774; 67 appearances (0.00555%); Unihan kRSUnicode 202.3; Kangxi radical 202 黍; Unihan kRSUnicode single radical assignment.	[]	"[""chinese"",""traditional"",""radicals"",""frequency"",""character-to-radical"",""one-way"",""part-9""]"
zh-traditional-radicals-frequency-ix/1771/character-to-radical	IX	vocabulary	1771	zh-Hant	zh-Hant	儘	"[""人""]"	[]		"[""zh-Hant.frequency.1775"",""zh.radical.kangxi.009""]"	[]	[]	sources/characters.tsv	frequency-order position 1771; corpus frequency rank 1775; Ministry common-character number 254	儘: frequency-order position 1771; corpus frequency rank 1775; 67 appearances (0.00555%); Unihan kRSUnicode 9.14; Kangxi radical 9 人; Unihan kRSUnicode single radical assignment.	[]	"[""chinese"",""traditional"",""radicals"",""frequency"",""character-to-radical"",""one-way"",""part-9""]"
zh-traditional-radicals-frequency-ix/1772/character-to-radical	IX	vocabulary	1772	zh-Hant	zh-Hant	橘	"[""木""]"	[]		"[""zh-Hant.frequency.1776"",""zh.radical.kangxi.075""]"	[]	[]	sources/characters.tsv	frequency-order position 1772; corpus frequency rank 1776; Ministry common-character number 2023	橘: frequency-order position 1772; corpus frequency rank 1776; 67 appearances (0.00555%); Unihan kRSUnicode 75.12; Kangxi radical 75 木; Unihan kRSUnicode single radical assignment.	[]	"[""chinese"",""traditional"",""radicals"",""frequency"",""character-to-radical"",""one-way"",""part-9""]"
zh-traditional-radicals-frequency-ix/1773/character-to-radical	IX	vocabulary	1773	zh-Hant	zh-Hant	穩	"[""禾""]"	[]		"[""zh-Hant.frequency.1777"",""zh.radical.kangxi.115""]"	[]	[]	sources/characters.tsv	frequency-order position 1773; corpus frequency rank 1777; Ministry common-character number 2952	穩: frequency-order position 1773; corpus frequency rank 1777; 67 appearances (0.00555%); Unihan kRSUnicode 115.14; Kangxi radical 115 禾; Unihan kRSUnicode single radical assignment.	[]	"[""chinese"",""traditional"",""radicals"",""frequency"",""character-to-radical"",""one-way"",""part-9""]"
zh-traditional-radicals-frequency-ix/1774/character-to-radical	IX	vocabulary	1774	zh-Hant	zh-Hant	牢	"[""牛""]"	[]		"[""zh-Hant.frequency.1778"",""zh.radical.kangxi.093""]"	[]	[]	sources/characters.tsv	frequency-order position 1774; corpus frequency rank 1778; Ministry common-character number 2489	牢: frequency-order position 1774; corpus frequency rank 1778; 66 appearances (0.00546%); Unihan kRSUnicode 93.3 40.4; Kangxi radical 93 牛; Multiple Unihan possibilities; conventional Traditional dictionary radical 牛 selected.	[]	"[""chinese"",""traditional"",""radicals"",""frequency"",""character-to-radical"",""one-way"",""part-9""]"
zh-traditional-radicals-frequency-ix/1775/character-to-radical	IX	vocabulary	1775	zh-Hant	zh-Hant	患	"[""心""]"	[]		"[""zh-Hant.frequency.1779"",""zh.radical.kangxi.061""]"	[]	[]	sources/characters.tsv	frequency-order position 1775; corpus frequency rank 1779; Ministry common-character number 1362	患: frequency-order position 1775; corpus frequency rank 1779; 66 appearances (0.00546%); Unihan kRSUnicode 61.7; Kangxi radical 61 心; Unihan kRSUnicode single radical assignment.	[]	"[""chinese"",""traditional"",""radicals"",""frequency"",""character-to-radical"",""one-way"",""part-9""]"
zh-traditional-radicals-frequency-ix/1776/character-to-radical	IX	vocabulary	1776	zh-Hant	zh-Hant	抵	"[""手""]"	[]		"[""zh-Hant.frequency.1780"",""zh.radical.kangxi.064""]"	[]	[]	sources/characters.tsv	frequency-order position 1776; corpus frequency rank 1780; Ministry common-character number 1544	抵: frequency-order position 1776; corpus frequency rank 1780; 66 appearances (0.00546%); Unihan kRSUnicode 64.5; Kangxi radical 64 手; Unihan kRSUnicode single radical assignment.	[]	"[""chinese"",""traditional"",""radicals"",""frequency"",""character-to-radical"",""one-way"",""part-9""]"
zh-traditional-radicals-frequency-ix/1777/character-to-radical	IX	vocabulary	1777	zh-Hant	zh-Hant	喪	"[""口""]"	[]		"[""zh-Hant.frequency.1781"",""zh.radical.kangxi.030""]"	[]	[]	sources/characters.tsv	frequency-order position 1777; corpus frequency rank 1781; Ministry common-character number 629	喪: frequency-order position 1777; corpus frequency rank 1781; 66 appearances (0.00546%); Unihan kRSUnicode 30.9; Kangxi radical 30 口; Unihan kRSUnicode single radical assignment.	[]	"[""chinese"",""traditional"",""radicals"",""frequency"",""character-to-radical"",""one-way"",""part-9""]"
zh-traditional-radicals-frequency-ix/1778/character-to-radical	IX	vocabulary	1778	zh-Hant	zh-Hant	桶	"[""木""]"	[]		"[""zh-Hant.frequency.1782"",""zh.radical.kangxi.075""]"	[]	[]	sources/characters.tsv	frequency-order position 1778; corpus frequency rank 1782; Ministry common-character number 1938	桶: frequency-order position 1778; corpus frequency rank 1782; 66 appearances (0.00546%); Unihan kRSUnicode 75.7; Kangxi radical 75 木; Unihan kRSUnicode single radical assignment.	[]	"[""chinese"",""traditional"",""radicals"",""frequency"",""character-to-radical"",""one-way"",""part-9""]"
zh-traditional-radicals-frequency-ix/1779/character-to-radical	IX	vocabulary	1779	zh-Hant	zh-Hant	郭	"[""邑""]"	[]		"[""zh-Hant.frequency.1783"",""zh.radical.kangxi.163""]"	[]	[]	sources/characters.tsv	frequency-order position 1779; corpus frequency rank 1783; Ministry common-character number 4213	郭: frequency-order position 1779; corpus frequency rank 1783; 66 appearances (0.00546%); Unihan kRSUnicode 163.8; Kangxi radical 163 邑; Unihan kRSUnicode single radical assignment.	[]	"[""chinese"",""traditional"",""radicals"",""frequency"",""character-to-radical"",""one-way"",""part-9""]"
zh-traditional-radicals-frequency-ix/1780/character-to-radical	IX	vocabulary	1780	zh-Hant	zh-Hant	胖	"[""肉""]"	[]		"[""zh-Hant.frequency.1784"",""zh.radical.kangxi.130""]"	[]	[]	sources/characters.tsv	frequency-order position 1780; corpus frequency rank 1784; Ministry common-character number 3308	胖: frequency-order position 1780; corpus frequency rank 1784; 66 appearances (0.00546%); Unihan kRSUnicode 130.5; Kangxi radical 130 肉; Unihan kRSUnicode single radical assignment.	[]	"[""chinese"",""traditional"",""radicals"",""frequency"",""character-to-radical"",""one-way"",""part-9""]"
zh-traditional-radicals-frequency-ix/1781/character-to-radical	IX	vocabulary	1781	zh-Hant	zh-Hant	嗚	"[""口""]"	[]		"[""zh-Hant.frequency.1785"",""zh.radical.kangxi.030""]"	[]	[]	sources/characters.tsv	frequency-order position 1781; corpus frequency rank 1785; Ministry common-character number 656	嗚: frequency-order position 1781; corpus frequency rank 1785; 66 appearances (0.00546%); Unihan kRSUnicode 30.10; Kangxi radical 30 口; Unihan kRSUnicode single radical assignment.	[]	"[""chinese"",""traditional"",""radicals"",""frequency"",""character-to-radical"",""one-way"",""part-9""]"
zh-traditional-radicals-frequency-ix/1782/character-to-radical	IX	vocabulary	1782	zh-Hant	zh-Hant	敦	"[""攴""]"	[]		"[""zh-Hant.frequency.1786"",""zh.radical.kangxi.066""]"	[]	[]	sources/characters.tsv	frequency-order position 1782; corpus frequency rank 1786; Ministry common-character number 1732	敦: frequency-order position 1782; corpus frequency rank 1786; 66 appearances (0.00546%); Unihan kRSUnicode 66.8; Kangxi radical 66 攴; Unihan kRSUnicode single radical assignment.	[]	"[""chinese"",""traditional"",""radicals"",""frequency"",""character-to-radical"",""one-way"",""part-9""]"
zh-traditional-radicals-frequency-ix/1783/character-to-radical	IX	vocabulary	1783	zh-Hant	zh-Hant	罰	"[""网""]"	[]		"[""zh-Hant.frequency.1787"",""zh.radical.kangxi.122""]"	[]	[]	sources/characters.tsv	frequency-order position 1783; corpus frequency rank 1787; Ministry common-character number 3209	罰: frequency-order position 1783; corpus frequency rank 1787; 66 appearances (0.00546%); Unihan kRSUnicode 122.9; Kangxi radical 122 网; Unihan kRSUnicode single radical assignment.	[]	"[""chinese"",""traditional"",""radicals"",""frequency"",""character-to-radical"",""one-way"",""part-9""]"
zh-traditional-radicals-frequency-ix/1784/character-to-radical	IX	vocabulary	1784	zh-Hant	zh-Hant	漿	"[""水""]"	[]		"[""zh-Hant.frequency.1788"",""zh.radical.kangxi.085""]"	[]	[]	sources/characters.tsv	frequency-order position 1784; corpus frequency rank 1788; Ministry common-character number 2325	漿: frequency-order position 1784; corpus frequency rank 1788; 66 appearances (0.00546%); Unihan kRSUnicode 85.11; Kangxi radical 85 水; Unihan kRSUnicode single radical assignment.	[]	"[""chinese"",""traditional"",""radicals"",""frequency"",""character-to-radical"",""one-way"",""part-9""]"
zh-traditional-radicals-frequency-ix/1785/character-to-radical	IX	vocabulary	1785	zh-Hant	zh-Hant	擾	"[""手""]"	[]		"[""zh-Hant.frequency.1789"",""zh.radical.kangxi.064""]"	[]	[]	sources/characters.tsv	frequency-order position 1785; corpus frequency rank 1789; Ministry common-character number 1699	擾: frequency-order position 1785; corpus frequency rank 1789; 66 appearances (0.00546%); Unihan kRSUnicode 64.15; Kangxi radical 64 手; Unihan kRSUnicode single radical assignment.	[]	"[""chinese"",""traditional"",""radicals"",""frequency"",""character-to-radical"",""one-way"",""part-9""]"
zh-traditional-radicals-frequency-ix/1786/character-to-radical	IX	vocabulary	1786	zh-Hant	zh-Hant	灘	"[""水""]"	[]		"[""zh-Hant.frequency.1790"",""zh.radical.kangxi.085""]"	[]	[]	sources/characters.tsv	frequency-order position 1786; corpus frequency rank 1790; Ministry common-character number 2380	灘: frequency-order position 1786; corpus frequency rank 1790; 66 appearances (0.00546%); Unihan kRSUnicode 85.19; Kangxi radical 85 水; Unihan kRSUnicode single radical assignment.	[]	"[""chinese"",""traditional"",""radicals"",""frequency"",""character-to-radical"",""one-way"",""part-9""]"
zh-traditional-radicals-frequency-ix/1787/character-to-radical	IX	vocabulary	1787	zh-Hant	zh-Hant	齡	"[""齒""]"	[]		"[""zh-Hant.frequency.1791"",""zh.radical.kangxi.211""]"	[]	[]	sources/characters.tsv	frequency-order position 1787; corpus frequency rank 1791; Ministry common-character number 4799	齡: frequency-order position 1787; corpus frequency rank 1791; 66 appearances (0.00546%); Unihan kRSUnicode 211.5; Kangxi radical 211 齒; Unihan kRSUnicode single radical assignment.	[]	"[""chinese"",""traditional"",""radicals"",""frequency"",""character-to-radical"",""one-way"",""part-9""]"
zh-traditional-radicals-frequency-ix/1788/character-to-radical	IX	vocabulary	1788	zh-Hant	zh-Hant	伍	"[""人""]"	[]		"[""zh-Hant.frequency.1792"",""zh.radical.kangxi.009""]"	[]	[]	sources/characters.tsv	frequency-order position 1788; corpus frequency rank 1792; Ministry common-character number 93	伍: frequency-order position 1788; corpus frequency rank 1792; 65 appearances (0.00538%); Unihan kRSUnicode 9.4; Kangxi radical 9 人; Unihan kRSUnicode single radical assignment.	[]	"[""chinese"",""traditional"",""radicals"",""frequency"",""character-to-radical"",""one-way"",""part-9""]"
zh-traditional-radicals-frequency-ix/1789/character-to-radical	IX	vocabulary	1789	zh-Hant	zh-Hant	丘	"[""一""]"	[]		"[""zh-Hant.frequency.1793"",""zh.radical.kangxi.001""]"	[]	[]	sources/characters.tsv	frequency-order position 1789; corpus frequency rank 1793; Ministry common-character number 15	丘: frequency-order position 1789; corpus frequency rank 1793; 65 appearances (0.00538%); Unihan kRSUnicode 1.4; Kangxi radical 1 一; Unihan kRSUnicode single radical assignment.	[]	"[""chinese"",""traditional"",""radicals"",""frequency"",""character-to-radical"",""one-way"",""part-9""]"
zh-traditional-radicals-frequency-ix/1790/character-to-radical	IX	vocabulary	1790	zh-Hant	zh-Hant	扮	"[""手""]"	[]		"[""zh-Hant.frequency.1794"",""zh.radical.kangxi.064""]"	[]	[]	sources/characters.tsv	frequency-order position 1790; corpus frequency rank 1794; Ministry common-character number 1519	扮: frequency-order position 1790; corpus frequency rank 1794; 65 appearances (0.00538%); Unihan kRSUnicode 64.4; Kangxi radical 64 手; Unihan kRSUnicode single radical assignment.	[]	"[""chinese"",""traditional"",""radicals"",""frequency"",""character-to-radical"",""one-way"",""part-9""]"
zh-traditional-radicals-frequency-ix/1791/character-to-radical	IX	vocabulary	1791	zh-Hant	zh-Hant	扶	"[""手""]"	[]		"[""zh-Hant.frequency.1795"",""zh.radical.kangxi.064""]"	[]	[]	sources/characters.tsv	frequency-order position 1791; corpus frequency rank 1795; Ministry common-character number 1508	扶: frequency-order position 1791; corpus frequency rank 1795; 65 appearances (0.00538%); Unihan kRSUnicode 64.4; Kangxi radical 64 手; Unihan kRSUnicode single radical assignment.	[]	"[""chinese"",""traditional"",""radicals"",""frequency"",""character-to-radical"",""one-way"",""part-9""]"
zh-traditional-radicals-frequency-ix/1792/character-to-radical	IX	vocabulary	1792	zh-Hant	zh-Hant	淑	"[""水""]"	[]		"[""zh-Hant.frequency.1796"",""zh.radical.kangxi.085""]"	[]	[]	sources/characters.tsv	frequency-order position 1792; corpus frequency rank 1796; Ministry common-character number 2228	淑: frequency-order position 1792; corpus frequency rank 1796; 65 appearances (0.00538%); Unihan kRSUnicode 85.8; Kangxi radical 85 水; Unihan kRSUnicode single radical assignment.	[]	"[""chinese"",""traditional"",""radicals"",""frequency"",""character-to-radical"",""one-way"",""part-9""]"
zh-traditional-radicals-frequency-ix/1793/character-to-radical	IX	vocabulary	1793	zh-Hant	zh-Hant	詢	"[""言""]"	[]		"[""zh-Hant.frequency.1797"",""zh.radical.kangxi.149""]"	[]	[]	sources/characters.tsv	frequency-order position 1793; corpus frequency rank 1797; Ministry common-character number 3827	詢: frequency-order position 1793; corpus frequency rank 1797; 65 appearances (0.00538%); Unihan kRSUnicode 149.6; Kangxi radical 149 言; Unihan kRSUnicode single radical assignment.	[]	"[""chinese"",""traditional"",""radicals"",""frequency"",""character-to-radical"",""one-way"",""part-9""]"
zh-traditional-radicals-frequency-ix/1794/character-to-radical	IX	vocabulary	1794	zh-Hant	zh-Hant	粽	"[""米""]"	[]		"[""zh-Hant.frequency.1798"",""zh.radical.kangxi.119""]"	[]	[]	sources/characters.tsv	frequency-order position 1794; corpus frequency rank 1798; Ministry common-character number 3066	粽: frequency-order position 1794; corpus frequency rank 1798; 65 appearances (0.00538%); Unihan kRSUnicode 119.8; Kangxi radical 119 米; Unihan kRSUnicode single radical assignment.	[]	"[""chinese"",""traditional"",""radicals"",""frequency"",""character-to-radical"",""one-way"",""part-9""]"
zh-traditional-radicals-frequency-ix/1795/character-to-radical	IX	vocabulary	1795	zh-Hant	zh-Hant	嫦	"[""女""]"	[]		"[""zh-Hant.frequency.1799"",""zh.radical.kangxi.038""]"	[]	[]	sources/characters.tsv	frequency-order position 1795; corpus frequency rank 1799; Ministry common-character number 964	嫦: frequency-order position 1795; corpus frequency rank 1799; 65 appearances (0.00538%); Unihan kRSUnicode 38.11; Kangxi radical 38 女; Unihan kRSUnicode single radical assignment.	[]	"[""chinese"",""traditional"",""radicals"",""frequency"",""character-to-radical"",""one-way"",""part-9""]"
zh-traditional-radicals-frequency-ix/1796/character-to-radical	IX	vocabulary	1796	zh-Hant	zh-Hant	漆	"[""水""]"	[]		"[""zh-Hant.frequency.1800"",""zh.radical.kangxi.085""]"	[]	[]	sources/characters.tsv	frequency-order position 1796; corpus frequency rank 1800; Ministry common-character number 2311	漆: frequency-order position 1796; corpus frequency rank 1800; 65 appearances (0.00538%); Unihan kRSUnicode 85.11; Kangxi radical 85 水; Unihan kRSUnicode single radical assignment.	[]	"[""chinese"",""traditional"",""radicals"",""frequency"",""character-to-radical"",""one-way"",""part-9""]"
zh-traditional-radicals-frequency-ix/1797/character-to-radical	IX	vocabulary	1797	zh-Hant	zh-Hant	撿	"[""手""]"	[]		"[""zh-Hant.frequency.1801"",""zh.radical.kangxi.064""]"	[]	[]	sources/characters.tsv	frequency-order position 1797; corpus frequency rank 1801; Ministry common-character number 1686	撿: frequency-order position 1797; corpus frequency rank 1801; 65 appearances (0.00538%); Unihan kRSUnicode 64.13; Kangxi radical 64 手; Unihan kRSUnicode single radical assignment.	[]	"[""chinese"",""traditional"",""radicals"",""frequency"",""character-to-radical"",""one-way"",""part-9""]"
zh-traditional-radicals-frequency-ix/1798/character-to-radical	IX	vocabulary	1798	zh-Hant	zh-Hant	黨	"[""黑""]"	[]		"[""zh-Hant.frequency.1802"",""zh.radical.kangxi.203""]"	[]	[]	sources/characters.tsv	frequency-order position 1798; corpus frequency rank 1802; Ministry common-character number 4780	黨: frequency-order position 1798; corpus frequency rank 1802; 65 appearances (0.00538%); Unihan kRSUnicode 203.8; Kangxi radical 203 黑; Unihan kRSUnicode single radical assignment.	[]	"[""chinese"",""traditional"",""radicals"",""frequency"",""character-to-radical"",""one-way"",""part-9""]"
zh-traditional-radicals-frequency-ix/1799/character-to-radical	IX	vocabulary	1799	zh-Hant	zh-Hant	譽	"[""言""]"	[]		"[""zh-Hant.frequency.1803"",""zh.radical.kangxi.149""]"	[]	[]	sources/characters.tsv	frequency-order position 1799; corpus frequency rank 1803; Ministry common-character number 3895	譽: frequency-order position 1799; corpus frequency rank 1803; 65 appearances (0.00538%); Unihan kRSUnicode 149.14; Kangxi radical 149 言; Unihan kRSUnicode single radical assignment.	[]	"[""chinese"",""traditional"",""radicals"",""frequency"",""character-to-radical"",""one-way"",""part-9""]"
zh-traditional-radicals-frequency-ix/1800/character-to-radical	IX	vocabulary	1800	zh-Hant	zh-Hant	爪	"[""爪""]"	[]		"[""zh-Hant.frequency.1804"",""zh.radical.kangxi.087""]"	[]	[]	sources/characters.tsv	frequency-order position 1800; corpus frequency rank 1804; Ministry common-character number 2466	爪: frequency-order position 1800; corpus frequency rank 1804; 64 appearances (0.00530%); Unihan kRSUnicode 87.0; Kangxi radical 87 爪; Unihan kRSUnicode single radical assignment.	[]	"[""chinese"",""traditional"",""radicals"",""frequency"",""character-to-radical"",""one-way"",""part-9""]"
