card_id	deck	kind	source_chapter	prompt_language	answer_language	prompt	accepted_answers	distractors	explanation	lexical_ids	grammar_ids	geographic_ids	provenance_path	provenance_locator	provenance_evidence	examples	tags
zh-traditional-radicals-frequency-xiii/2401/character-to-radical	XIII	vocabulary	2401	zh-Hant	zh-Hant	脹	"[""肉""]"	[]		"[""zh-Hant.frequency.2411"",""zh.radical.kangxi.130""]"	[]	[]	sources/characters.tsv	frequency-order position 2401; corpus frequency rank 2411; Ministry common-character number 3341	脹: frequency-order position 2401; corpus frequency rank 2411; 30 appearances (0.00248%); Unihan kRSUnicode 130.8; Kangxi radical 130 肉; Unihan kRSUnicode single radical assignment.	[]	"[""chinese"",""traditional"",""radicals"",""frequency"",""character-to-radical"",""one-way"",""part-13""]"
zh-traditional-radicals-frequency-xiii/2402/character-to-radical	XIII	vocabulary	2402	zh-Hant	zh-Hant	冶	"[""冫""]"	[]		"[""zh-Hant.frequency.2412"",""zh.radical.kangxi.015""]"	[]	[]	sources/characters.tsv	frequency-order position 2402; corpus frequency rank 2412; Ministry common-character number 310	冶: frequency-order position 2402; corpus frequency rank 2412; 30 appearances (0.00248%); Unihan kRSUnicode 15.5; Kangxi radical 15 冫; Unihan kRSUnicode single radical assignment.	[]	"[""chinese"",""traditional"",""radicals"",""frequency"",""character-to-radical"",""one-way"",""part-13""]"
zh-traditional-radicals-frequency-xiii/2403/character-to-radical	XIII	vocabulary	2403	zh-Hant	zh-Hant	勃	"[""力""]"	[]		"[""zh-Hant.frequency.2413"",""zh.radical.kangxi.019""]"	[]	[]	sources/characters.tsv	frequency-order position 2403; corpus frequency rank 2413; Ministry common-character number 390	勃: frequency-order position 2403; corpus frequency rank 2413; 30 appearances (0.00248%); Unihan kRSUnicode 19.7; Kangxi radical 19 力; Unihan kRSUnicode single radical assignment.	[]	"[""chinese"",""traditional"",""radicals"",""frequency"",""character-to-radical"",""one-way"",""part-13""]"
zh-traditional-radicals-frequency-xiii/2404/character-to-radical	XIII	vocabulary	2404	zh-Hant	zh-Hant	碑	"[""石""]"	[]		"[""zh-Hant.frequency.2414"",""zh.radical.kangxi.112""]"	[]	[]	sources/characters.tsv	frequency-order position 2404; corpus frequency rank 2414; Ministry common-character number 2849	碑: frequency-order position 2404; corpus frequency rank 2414; 30 appearances (0.00248%); Unihan kRSUnicode 112.8; Kangxi radical 112 石; Unihan kRSUnicode single radical assignment.	[]	"[""chinese"",""traditional"",""radicals"",""frequency"",""character-to-radical"",""one-way"",""part-13""]"
zh-traditional-radicals-frequency-xiii/2405/character-to-radical	XIII	vocabulary	2405	zh-Hant	zh-Hant	澄	"[""水""]"	[]		"[""zh-Hant.frequency.2415"",""zh.radical.kangxi.085""]"	[]	[]	sources/characters.tsv	frequency-order position 2405; corpus frequency rank 2415; Ministry common-character number 2327	澄: frequency-order position 2405; corpus frequency rank 2415; 30 appearances (0.00248%); Unihan kRSUnicode 85.12; Kangxi radical 85 水; Unihan kRSUnicode single radical assignment.	[]	"[""chinese"",""traditional"",""radicals"",""frequency"",""character-to-radical"",""one-way"",""part-13""]"
zh-traditional-radicals-frequency-xiii/2406/character-to-radical	XIII	vocabulary	2406	zh-Hant	zh-Hant	儒	"[""人""]"	[]		"[""zh-Hant.frequency.2416"",""zh.radical.kangxi.009""]"	[]	[]	sources/characters.tsv	frequency-order position 2406; corpus frequency rank 2416; Ministry common-character number 253	儒: frequency-order position 2406; corpus frequency rank 2416; 30 appearances (0.00248%); Unihan kRSUnicode 9.14; Kangxi radical 9 人; Unihan kRSUnicode single radical assignment.	[]	"[""chinese"",""traditional"",""radicals"",""frequency"",""character-to-radical"",""one-way"",""part-13""]"
zh-traditional-radicals-frequency-xiii/2407/character-to-radical	XIII	vocabulary	2407	zh-Hant	zh-Hant	緯	"[""糸""]"	[]		"[""zh-Hant.frequency.2417"",""zh.radical.kangxi.120""]"	[]	[]	sources/characters.tsv	frequency-order position 2407; corpus frequency rank 2417; Ministry common-character number 3149	緯: frequency-order position 2407; corpus frequency rank 2417; 30 appearances (0.00248%); Unihan kRSUnicode 120.9; Kangxi radical 120 糸; Unihan kRSUnicode single radical assignment.	[]	"[""chinese"",""traditional"",""radicals"",""frequency"",""character-to-radical"",""one-way"",""part-13""]"
zh-traditional-radicals-frequency-xiii/2408/character-to-radical	XIII	vocabulary	2408	zh-Hant	zh-Hant	毅	"[""殳""]"	[]		"[""zh-Hant.frequency.2418"",""zh.radical.kangxi.079""]"	[]	[]	sources/characters.tsv	frequency-order position 2408; corpus frequency rank 2418; Ministry common-character number 2095	毅: frequency-order position 2408; corpus frequency rank 2418; 30 appearances (0.00248%); Unihan kRSUnicode 79.11; Kangxi radical 79 殳; Unihan kRSUnicode single radical assignment.	[]	"[""chinese"",""traditional"",""radicals"",""frequency"",""character-to-radical"",""one-way"",""part-13""]"
zh-traditional-radicals-frequency-xiii/2409/character-to-radical	XIII	vocabulary	2409	zh-Hant	zh-Hant	薯	"[""艸""]"	[]		"[""zh-Hant.frequency.2419"",""zh.radical.kangxi.140""]"	[]	[]	sources/characters.tsv	frequency-order position 2409; corpus frequency rank 2419; Ministry common-character number 3576	薯: frequency-order position 2409; corpus frequency rank 2419; 30 appearances (0.00248%); Unihan kRSUnicode 140.14; Kangxi radical 140 艸; Unihan kRSUnicode single radical assignment.	[]	"[""chinese"",""traditional"",""radicals"",""frequency"",""character-to-radical"",""one-way"",""part-13""]"
zh-traditional-radicals-frequency-xiii/2410/character-to-radical	XIII	vocabulary	2410	zh-Hant	zh-Hant	贈	"[""貝""]"	[]		"[""zh-Hant.frequency.2420"",""zh.radical.kangxi.154""]"	[]	[]	sources/characters.tsv	frequency-order position 2410; corpus frequency rank 2420; Ministry common-character number 3976	贈: frequency-order position 2410; corpus frequency rank 2420; 30 appearances (0.00248%); Unihan kRSUnicode 154.12; Kangxi radical 154 貝; Unihan kRSUnicode single radical assignment.	[]	"[""chinese"",""traditional"",""radicals"",""frequency"",""character-to-radical"",""one-way"",""part-13""]"
zh-traditional-radicals-frequency-xiii/2411/character-to-radical	XIII	vocabulary	2411	zh-Hant	zh-Hant	蕩	"[""艸""]"	[]		"[""zh-Hant.frequency.2421"",""zh.radical.kangxi.140""]"	[]	[]	sources/characters.tsv	frequency-order position 2411; corpus frequency rank 2421; Ministry common-character number 3565	蕩: frequency-order position 2411; corpus frequency rank 2421; 30 appearances (0.00248%); Unihan kRSUnicode 140.12; Kangxi radical 140 艸; Unihan kRSUnicode single radical assignment.	[]	"[""chinese"",""traditional"",""radicals"",""frequency"",""character-to-radical"",""one-way"",""part-13""]"
zh-traditional-radicals-frequency-xiii/2412/character-to-radical	XIII	vocabulary	2412	zh-Hant	zh-Hant	蹄	"[""足""]"	[]		"[""zh-Hant.frequency.2422"",""zh.radical.kangxi.157""]"	[]	[]	sources/characters.tsv	frequency-order position 2412; corpus frequency rank 2422; Ministry common-character number 4027	蹄: frequency-order position 2412; corpus frequency rank 2422; 30 appearances (0.00248%); Unihan kRSUnicode 157.9; Kangxi radical 157 足; Unihan kRSUnicode single radical assignment.	[]	"[""chinese"",""traditional"",""radicals"",""frequency"",""character-to-radical"",""one-way"",""part-13""]"
zh-traditional-radicals-frequency-xiii/2413/character-to-radical	XIII	vocabulary	2413	zh-Hant	zh-Hant	濱	"[""水""]"	[]		"[""zh-Hant.frequency.2423"",""zh.radical.kangxi.085""]"	[]	[]	sources/characters.tsv	frequency-order position 2413; corpus frequency rank 2423; Ministry common-character number 2353	濱: frequency-order position 2413; corpus frequency rank 2423; 30 appearances (0.00248%); Unihan kRSUnicode 85.14; Kangxi radical 85 水; Unihan kRSUnicode single radical assignment.	[]	"[""chinese"",""traditional"",""radicals"",""frequency"",""character-to-radical"",""one-way"",""part-13""]"
zh-traditional-radicals-frequency-xiii/2414/character-to-radical	XIII	vocabulary	2414	zh-Hant	zh-Hant	鶯	"[""鳥""]"	[]		"[""zh-Hant.frequency.2424"",""zh.radical.kangxi.196""]"	[]	[]	sources/characters.tsv	frequency-order position 2414; corpus frequency rank 2424; Ministry common-character number 4739	鶯: frequency-order position 2414; corpus frequency rank 2424; 30 appearances (0.00248%); Unihan kRSUnicode 196.10; Kangxi radical 196 鳥; Unihan kRSUnicode single radical assignment.	[]	"[""chinese"",""traditional"",""radicals"",""frequency"",""character-to-radical"",""one-way"",""part-13""]"
zh-traditional-radicals-frequency-xiii/2415/character-to-radical	XIII	vocabulary	2415	zh-Hant	zh-Hant	澡	"[""水""]"	[]		"[""zh-Hant.frequency.2425"",""zh.radical.kangxi.085""]"	[]	[]	sources/characters.tsv	frequency-order position 2415; corpus frequency rank 2425; Ministry common-character number 2344	澡: frequency-order position 2415; corpus frequency rank 2425; 30 appearances (0.00248%); Unihan kRSUnicode 85.13; Kangxi radical 85 水; Unihan kRSUnicode single radical assignment.	[]	"[""chinese"",""traditional"",""radicals"",""frequency"",""character-to-radical"",""one-way"",""part-13""]"
zh-traditional-radicals-frequency-xiii/2416/character-to-radical	XIII	vocabulary	2416	zh-Hant	zh-Hant	饒	"[""食""]"	[]		"[""zh-Hant.frequency.2426"",""zh.radical.kangxi.184""]"	[]	[]	sources/characters.tsv	frequency-order position 2416; corpus frequency rank 2426; Ministry common-character number 4611	饒: frequency-order position 2416; corpus frequency rank 2426; 30 appearances (0.00248%); Unihan kRSUnicode 184.12; Kangxi radical 184 食; Unihan kRSUnicode single radical assignment.	[]	"[""chinese"",""traditional"",""radicals"",""frequency"",""character-to-radical"",""one-way"",""part-13""]"
zh-traditional-radicals-frequency-xiii/2417/character-to-radical	XIII	vocabulary	2417	zh-Hant	zh-Hant	嚼	"[""口""]"	[]		"[""zh-Hant.frequency.2427"",""zh.radical.kangxi.030""]"	[]	[]	sources/characters.tsv	frequency-order position 2417; corpus frequency rank 2427; Ministry common-character number 715	嚼: frequency-order position 2417; corpus frequency rank 2427; 30 appearances (0.00248%); Unihan kRSUnicode 30.18; Kangxi radical 30 口; Unihan kRSUnicode single radical assignment.	[]	"[""chinese"",""traditional"",""radicals"",""frequency"",""character-to-radical"",""one-way"",""part-13""]"
zh-traditional-radicals-frequency-xiii/2418/character-to-radical	XIII	vocabulary	2418	zh-Hant	zh-Hant	驢	"[""馬""]"	[]		"[""zh-Hant.frequency.2428"",""zh.radical.kangxi.187""]"	[]	[]	sources/characters.tsv	frequency-order position 2418; corpus frequency rank 2428; Ministry common-character number 4654	驢: frequency-order position 2418; corpus frequency rank 2428; 30 appearances (0.00248%); Unihan kRSUnicode 187.16; Kangxi radical 187 馬; Unihan kRSUnicode single radical assignment.	[]	"[""chinese"",""traditional"",""radicals"",""frequency"",""character-to-radical"",""one-way"",""part-13""]"
zh-traditional-radicals-frequency-xiii/2419/character-to-radical	XIII	vocabulary	2419	zh-Hant	zh-Hant	劣	"[""力""]"	[]		"[""zh-Hant.frequency.2429"",""zh.radical.kangxi.019""]"	[]	[]	sources/characters.tsv	frequency-order position 2419; corpus frequency rank 2429; Ministry common-character number 382	劣: frequency-order position 2419; corpus frequency rank 2429; 29 appearances (0.00240%); Unihan kRSUnicode 19.4; Kangxi radical 19 力; Unihan kRSUnicode single radical assignment.	[]	"[""chinese"",""traditional"",""radicals"",""frequency"",""character-to-radical"",""one-way"",""part-13""]"
zh-traditional-radicals-frequency-xiii/2420/character-to-radical	XIII	vocabulary	2420	zh-Hant	zh-Hant	屯	"[""屮""]"	[]		"[""zh-Hant.frequency.2430"",""zh.radical.kangxi.045""]"	[]	[]	sources/characters.tsv	frequency-order position 2420; corpus frequency rank 2430; Ministry common-character number 1099	屯: frequency-order position 2420; corpus frequency rank 2430; 29 appearances (0.00240%); Unihan kRSUnicode 45.1; Kangxi radical 45 屮; Unihan kRSUnicode single radical assignment.	[]	"[""chinese"",""traditional"",""radicals"",""frequency"",""character-to-radical"",""one-way"",""part-13""]"
zh-traditional-radicals-frequency-xiii/2421/character-to-radical	XIII	vocabulary	2421	zh-Hant	zh-Hant	卑	"[""十""]"	[]		"[""zh-Hant.frequency.2431"",""zh.radical.kangxi.024""]"	[]	[]	sources/characters.tsv	frequency-order position 2421; corpus frequency rank 2431; Ministry common-character number 440	卑: frequency-order position 2421; corpus frequency rank 2431; 29 appearances (0.00240%); Unihan kRSUnicode 24.6; Kangxi radical 24 十; Unihan kRSUnicode single radical assignment.	[]	"[""chinese"",""traditional"",""radicals"",""frequency"",""character-to-radical"",""one-way"",""part-13""]"
zh-traditional-radicals-frequency-xiii/2422/character-to-radical	XIII	vocabulary	2422	zh-Hant	zh-Hant	娟	"[""女""]"	[]		"[""zh-Hant.frequency.2432"",""zh.radical.kangxi.038""]"	[]	[]	sources/characters.tsv	frequency-order position 2422; corpus frequency rank 2432; Ministry common-character number 929	娟: frequency-order position 2422; corpus frequency rank 2432; 29 appearances (0.00240%); Unihan kRSUnicode 38.7; Kangxi radical 38 女; Unihan kRSUnicode single radical assignment.	[]	"[""chinese"",""traditional"",""radicals"",""frequency"",""character-to-radical"",""one-way"",""part-13""]"
zh-traditional-radicals-frequency-xiii/2423/character-to-radical	XIII	vocabulary	2423	zh-Hant	zh-Hant	坊	"[""土""]"	[]		"[""zh-Hant.frequency.2433"",""zh.radical.kangxi.032""]"	[]	[]	sources/characters.tsv	frequency-order position 2423; corpus frequency rank 2433; Ministry common-character number 747	坊: frequency-order position 2423; corpus frequency rank 2433; 29 appearances (0.00240%); Unihan kRSUnicode 32.4; Kangxi radical 32 土; Unihan kRSUnicode single radical assignment.	[]	"[""chinese"",""traditional"",""radicals"",""frequency"",""character-to-radical"",""one-way"",""part-13""]"
zh-traditional-radicals-frequency-xiii/2424/character-to-radical	XIII	vocabulary	2424	zh-Hant	zh-Hant	桑	"[""木""]"	[]		"[""zh-Hant.frequency.2434"",""zh.radical.kangxi.075""]"	[]	[]	sources/characters.tsv	frequency-order position 2424; corpus frequency rank 2434; Ministry common-character number 1922	桑: frequency-order position 2424; corpus frequency rank 2434; 29 appearances (0.00240%); Unihan kRSUnicode 75.6; Kangxi radical 75 木; Unihan kRSUnicode single radical assignment.	[]	"[""chinese"",""traditional"",""radicals"",""frequency"",""character-to-radical"",""one-way"",""part-13""]"
zh-traditional-radicals-frequency-xiii/2425/character-to-radical	XIII	vocabulary	2425	zh-Hant	zh-Hant	售	"[""口""]"	[]		"[""zh-Hant.frequency.2435"",""zh.radical.kangxi.030""]"	[]	[]	sources/characters.tsv	frequency-order position 2425; corpus frequency rank 2435; Ministry common-character number 615	售: frequency-order position 2425; corpus frequency rank 2435; 29 appearances (0.00240%); Unihan kRSUnicode 30.8; Kangxi radical 30 口; Unihan kRSUnicode single radical assignment.	[]	"[""chinese"",""traditional"",""radicals"",""frequency"",""character-to-radical"",""one-way"",""part-13""]"
zh-traditional-radicals-frequency-xiii/2426/character-to-radical	XIII	vocabulary	2426	zh-Hant	zh-Hant	秧	"[""禾""]"	[]		"[""zh-Hant.frequency.2436"",""zh.radical.kangxi.115""]"	[]	[]	sources/characters.tsv	frequency-order position 2426; corpus frequency rank 2436; Ministry common-character number 2921	秧: frequency-order position 2426; corpus frequency rank 2436; 29 appearances (0.00240%); Unihan kRSUnicode 115.5; Kangxi radical 115 禾; Unihan kRSUnicode single radical assignment.	[]	"[""chinese"",""traditional"",""radicals"",""frequency"",""character-to-radical"",""one-way"",""part-13""]"
zh-traditional-radicals-frequency-xiii/2427/character-to-radical	XIII	vocabulary	2427	zh-Hant	zh-Hant	哄	"[""口""]"	[]		"[""zh-Hant.frequency.2437"",""zh.radical.kangxi.030""]"	[]	[]	sources/characters.tsv	frequency-order position 2427; corpus frequency rank 2437; Ministry common-character number 576	哄: frequency-order position 2427; corpus frequency rank 2437; 29 appearances (0.00240%); Unihan kRSUnicode 30.6; Kangxi radical 30 口; Unihan kRSUnicode single radical assignment.	[]	"[""chinese"",""traditional"",""radicals"",""frequency"",""character-to-radical"",""one-way"",""part-13""]"
zh-traditional-radicals-frequency-xiii/2428/character-to-radical	XIII	vocabulary	2428	zh-Hant	zh-Hant	凋	"[""冫""]"	[]		"[""zh-Hant.frequency.2438"",""zh.radical.kangxi.015""]"	[]	[]	sources/characters.tsv	frequency-order position 2428; corpus frequency rank 2438; Ministry common-character number 316	凋: frequency-order position 2428; corpus frequency rank 2438; 29 appearances (0.00240%); Unihan kRSUnicode 15.8; Kangxi radical 15 冫; Unihan kRSUnicode single radical assignment.	[]	"[""chinese"",""traditional"",""radicals"",""frequency"",""character-to-radical"",""one-way"",""part-13""]"
zh-traditional-radicals-frequency-xiii/2429/character-to-radical	XIII	vocabulary	2429	zh-Hant	zh-Hant	啪	"[""口""]"	[]		"[""zh-Hant.frequency.2439"",""zh.radical.kangxi.030""]"	[]	[]	sources/characters.tsv	frequency-order position 2429; corpus frequency rank 2439; Ministry common-character number 601	啪: frequency-order position 2429; corpus frequency rank 2439; 29 appearances (0.00240%); Unihan kRSUnicode 30.8; Kangxi radical 30 口; Unihan kRSUnicode single radical assignment.	[]	"[""chinese"",""traditional"",""radicals"",""frequency"",""character-to-radical"",""one-way"",""part-13""]"
zh-traditional-radicals-frequency-xiii/2430/character-to-radical	XIII	vocabulary	2430	zh-Hant	zh-Hant	廁	"[""广""]"	[]		"[""zh-Hant.frequency.2440"",""zh.radical.kangxi.053""]"	[]	[]	sources/characters.tsv	frequency-order position 2430; corpus frequency rank 2440; Ministry common-character number 1220	廁: frequency-order position 2430; corpus frequency rank 2440; 29 appearances (0.00240%); Unihan kRSUnicode 53.9; Kangxi radical 53 广; Unihan kRSUnicode single radical assignment.	[]	"[""chinese"",""traditional"",""radicals"",""frequency"",""character-to-radical"",""one-way"",""part-13""]"
zh-traditional-radicals-frequency-xiii/2431/character-to-radical	XIII	vocabulary	2431	zh-Hant	zh-Hant	崩	"[""山""]"	[]		"[""zh-Hant.frequency.2441"",""zh.radical.kangxi.046""]"	[]	[]	sources/characters.tsv	frequency-order position 2431; corpus frequency rank 2441; Ministry common-character number 1129	崩: frequency-order position 2431; corpus frequency rank 2441; 29 appearances (0.00240%); Unihan kRSUnicode 46.8; Kangxi radical 46 山; Unihan kRSUnicode single radical assignment.	[]	"[""chinese"",""traditional"",""radicals"",""frequency"",""character-to-radical"",""one-way"",""part-13""]"
zh-traditional-radicals-frequency-xiii/2432/character-to-radical	XIII	vocabulary	2432	zh-Hant	zh-Hant	掠	"[""手""]"	[]		"[""zh-Hant.frequency.2442"",""zh.radical.kangxi.064""]"	[]	[]	sources/characters.tsv	frequency-order position 2432; corpus frequency rank 2442; Ministry common-character number 1586	掠: frequency-order position 2432; corpus frequency rank 2442; 29 appearances (0.00240%); Unihan kRSUnicode 64.8; Kangxi radical 64 手; Unihan kRSUnicode single radical assignment.	[]	"[""chinese"",""traditional"",""radicals"",""frequency"",""character-to-radical"",""one-way"",""part-13""]"
zh-traditional-radicals-frequency-xiii/2433/character-to-radical	XIII	vocabulary	2433	zh-Hant	zh-Hant	棍	"[""木""]"	[]		"[""zh-Hant.frequency.2443"",""zh.radical.kangxi.075""]"	[]	[]	sources/characters.tsv	frequency-order position 2433; corpus frequency rank 2443; Ministry common-character number 1967	棍: frequency-order position 2433; corpus frequency rank 2443; 29 appearances (0.00240%); Unihan kRSUnicode 75.8; Kangxi radical 75 木; Unihan kRSUnicode single radical assignment.	[]	"[""chinese"",""traditional"",""radicals"",""frequency"",""character-to-radical"",""one-way"",""part-13""]"
zh-traditional-radicals-frequency-xiii/2434/character-to-radical	XIII	vocabulary	2434	zh-Hant	zh-Hant	糞	"[""米""]"	[]		"[""zh-Hant.frequency.2444"",""zh.radical.kangxi.119""]"	[]	[]	sources/characters.tsv	frequency-order position 2434; corpus frequency rank 2444; Ministry common-character number 3073	糞: frequency-order position 2434; corpus frequency rank 2444; 29 appearances (0.00240%); Unihan kRSUnicode 119.11; Kangxi radical 119 米; Unihan kRSUnicode single radical assignment.	[]	"[""chinese"",""traditional"",""radicals"",""frequency"",""character-to-radical"",""one-way"",""part-13""]"
zh-traditional-radicals-frequency-xiii/2435/character-to-radical	XIII	vocabulary	2435	zh-Hant	zh-Hant	焰	"[""火""]"	[]		"[""zh-Hant.frequency.2445"",""zh.radical.kangxi.086""]"	[]	[]	sources/characters.tsv	frequency-order position 2435; corpus frequency rank 2445; Ministry common-character number 2415	焰: frequency-order position 2435; corpus frequency rank 2445; 29 appearances (0.00240%); Unihan kRSUnicode 86.8; Kangxi radical 86 火; Unihan kRSUnicode single radical assignment.	[]	"[""chinese"",""traditional"",""radicals"",""frequency"",""character-to-radical"",""one-way"",""part-13""]"
zh-traditional-radicals-frequency-xiii/2436/character-to-radical	XIII	vocabulary	2436	zh-Hant	zh-Hant	蕊	"[""艸""]"	[]		"[""zh-Hant.frequency.2446"",""zh.radical.kangxi.140""]"	[]	[]	sources/characters.tsv	frequency-order position 2436; corpus frequency rank 2446; Ministry common-character number 3561	蕊: frequency-order position 2436; corpus frequency rank 2446; 29 appearances (0.00240%); Unihan kRSUnicode 140.12; Kangxi radical 140 艸; Unihan kRSUnicode single radical assignment.	[]	"[""chinese"",""traditional"",""radicals"",""frequency"",""character-to-radical"",""one-way"",""part-13""]"
zh-traditional-radicals-frequency-xiii/2437/character-to-radical	XIII	vocabulary	2437	zh-Hant	zh-Hant	嗡	"[""口""]"	[]		"[""zh-Hant.frequency.2447"",""zh.radical.kangxi.030""]"	[]	[]	sources/characters.tsv	frequency-order position 2437; corpus frequency rank 2447; Ministry common-character number 657	嗡: frequency-order position 2437; corpus frequency rank 2447; 29 appearances (0.00240%); Unihan kRSUnicode 30.10; Kangxi radical 30 口; Unihan kRSUnicode single radical assignment.	[]	"[""chinese"",""traditional"",""radicals"",""frequency"",""character-to-radical"",""one-way"",""part-13""]"
zh-traditional-radicals-frequency-xiii/2438/character-to-radical	XIII	vocabulary	2438	zh-Hant	zh-Hant	嚕	"[""口""]"	[]		"[""zh-Hant.frequency.2448"",""zh.radical.kangxi.030""]"	[]	[]	sources/characters.tsv	frequency-order position 2438; corpus frequency rank 2448; Ministry common-character number 708	嚕: frequency-order position 2438; corpus frequency rank 2448; 29 appearances (0.00240%); Unihan kRSUnicode 30.15; Kangxi radical 30 口; Unihan kRSUnicode single radical assignment.	[]	"[""chinese"",""traditional"",""radicals"",""frequency"",""character-to-radical"",""one-way"",""part-13""]"
zh-traditional-radicals-frequency-xiii/2439/character-to-radical	XIII	vocabulary	2439	zh-Hant	zh-Hant	蛾	"[""虫""]"	[]		"[""zh-Hant.frequency.2449"",""zh.radical.kangxi.142""]"	[]	[]	sources/characters.tsv	frequency-order position 2439; corpus frequency rank 2449; Ministry common-character number 3644	蛾: frequency-order position 2439; corpus frequency rank 2449; 29 appearances (0.00240%); Unihan kRSUnicode 142.7; Kangxi radical 142 虫; Unihan kRSUnicode single radical assignment.	[]	"[""chinese"",""traditional"",""radicals"",""frequency"",""character-to-radical"",""one-way"",""part-13""]"
zh-traditional-radicals-frequency-xiii/2440/character-to-radical	XIII	vocabulary	2440	zh-Hant	zh-Hant	鯨	"[""魚""]"	[]		"[""zh-Hant.frequency.2450"",""zh.radical.kangxi.195""]"	[]	[]	sources/characters.tsv	frequency-order position 2440; corpus frequency rank 2450; Ministry common-character number 4701	鯨: frequency-order position 2440; corpus frequency rank 2450; 29 appearances (0.00240%); Unihan kRSUnicode 195.8; Kangxi radical 195 魚; Unihan kRSUnicode single radical assignment.	[]	"[""chinese"",""traditional"",""radicals"",""frequency"",""character-to-radical"",""one-way"",""part-13""]"
zh-traditional-radicals-frequency-xiii/2441/character-to-radical	XIII	vocabulary	2441	zh-Hant	zh-Hant	頌	"[""頁""]"	[]		"[""zh-Hant.frequency.2451"",""zh.radical.kangxi.181""]"	[]	[]	sources/characters.tsv	frequency-order position 2441; corpus frequency rank 2451; Ministry common-character number 4547	頌: frequency-order position 2441; corpus frequency rank 2451; 29 appearances (0.00240%); Unihan kRSUnicode 181.4; Kangxi radical 181 頁; Unihan kRSUnicode single radical assignment.	[]	"[""chinese"",""traditional"",""radicals"",""frequency"",""character-to-radical"",""one-way"",""part-13""]"
zh-traditional-radicals-frequency-xiii/2442/character-to-radical	XIII	vocabulary	2442	zh-Hant	zh-Hant	蠻	"[""虫""]"	[]		"[""zh-Hant.frequency.2452"",""zh.radical.kangxi.142""]"	[]	[]	sources/characters.tsv	frequency-order position 2442; corpus frequency rank 2452; Ministry common-character number 3697	蠻: frequency-order position 2442; corpus frequency rank 2452; 29 appearances (0.00240%); Unihan kRSUnicode 142.19; Kangxi radical 142 虫; Unihan kRSUnicode single radical assignment.	[]	"[""chinese"",""traditional"",""radicals"",""frequency"",""character-to-radical"",""one-way"",""part-13""]"
zh-traditional-radicals-frequency-xiii/2443/character-to-radical	XIII	vocabulary	2443	zh-Hant	zh-Hant	誓	"[""言""]"	[]		"[""zh-Hant.frequency.2453"",""zh.radical.kangxi.149""]"	[]	[]	sources/characters.tsv	frequency-order position 2443; corpus frequency rank 2453; Ministry common-character number 3837	誓: frequency-order position 2443; corpus frequency rank 2453; 29 appearances (0.00240%); Unihan kRSUnicode 149.7; Kangxi radical 149 言; Unihan kRSUnicode single radical assignment.	[]	"[""chinese"",""traditional"",""radicals"",""frequency"",""character-to-radical"",""one-way"",""part-13""]"
zh-traditional-radicals-frequency-xiii/2444/character-to-radical	XIII	vocabulary	2444	zh-Hant	zh-Hant	攀	"[""手""]"	[]		"[""zh-Hant.frequency.2454"",""zh.radical.kangxi.064""]"	[]	[]	sources/characters.tsv	frequency-order position 2444; corpus frequency rank 2454; Ministry common-character number 1703	攀: frequency-order position 2444; corpus frequency rank 2454; 29 appearances (0.00240%); Unihan kRSUnicode 64.15; Kangxi radical 64 手; Unihan kRSUnicode single radical assignment.	[]	"[""chinese"",""traditional"",""radicals"",""frequency"",""character-to-radical"",""one-way"",""part-13""]"
zh-traditional-radicals-frequency-xiii/2445/character-to-radical	XIII	vocabulary	2445	zh-Hant	zh-Hant	謠	"[""言""]"	[]		"[""zh-Hant.frequency.2455"",""zh.radical.kangxi.149""]"	[]	[]	sources/characters.tsv	frequency-order position 2445; corpus frequency rank 2455; Ministry common-character number 3876	謠: frequency-order position 2445; corpus frequency rank 2455; 29 appearances (0.00240%); Unihan kRSUnicode 149.10; Kangxi radical 149 言; Unihan kRSUnicode single radical assignment.	[]	"[""chinese"",""traditional"",""radicals"",""frequency"",""character-to-radical"",""one-way"",""part-13""]"
zh-traditional-radicals-frequency-xiii/2446/character-to-radical	XIII	vocabulary	2446	zh-Hant	zh-Hant	鷺	"[""鳥""]"	[]		"[""zh-Hant.frequency.2456"",""zh.radical.kangxi.196""]"	[]	[]	sources/characters.tsv	frequency-order position 2446; corpus frequency rank 2456; Ministry common-character number 4746	鷺: frequency-order position 2446; corpus frequency rank 2456; 29 appearances (0.00240%); Unihan kRSUnicode 196.12; Kangxi radical 196 鳥; Unihan kRSUnicode single radical assignment.	[]	"[""chinese"",""traditional"",""radicals"",""frequency"",""character-to-radical"",""one-way"",""part-13""]"
zh-traditional-radicals-frequency-xiii/2447/character-to-radical	XIII	vocabulary	2447	zh-Hant	zh-Hant	摺	"[""手""]"	[]		"[""zh-Hant.frequency.2457"",""zh.radical.kangxi.064""]"	[]	[]	sources/characters.tsv	frequency-order position 2447; corpus frequency rank 2457; Ministry common-character number 1655	摺: frequency-order position 2447; corpus frequency rank 2457; 29 appearances (0.00240%); Unihan kRSUnicode 64.11; Kangxi radical 64 手; Unihan kRSUnicode single radical assignment.	[]	"[""chinese"",""traditional"",""radicals"",""frequency"",""character-to-radical"",""one-way"",""part-13""]"
zh-traditional-radicals-frequency-xiii/2448/character-to-radical	XIII	vocabulary	2448	zh-Hant	zh-Hant	懈	"[""心""]"	[]		"[""zh-Hant.frequency.2458"",""zh.radical.kangxi.061""]"	[]	[]	sources/characters.tsv	frequency-order position 2448; corpus frequency rank 2458; Ministry common-character number 1451	懈: frequency-order position 2448; corpus frequency rank 2458; 29 appearances (0.00240%); Unihan kRSUnicode 61.13; Kangxi radical 61 心; Unihan kRSUnicode single radical assignment.	[]	"[""chinese"",""traditional"",""radicals"",""frequency"",""character-to-radical"",""one-way"",""part-13""]"
zh-traditional-radicals-frequency-xiii/2449/character-to-radical	XIII	vocabulary	2449	zh-Hant	zh-Hant	擲	"[""手""]"	[]		"[""zh-Hant.frequency.2459"",""zh.radical.kangxi.064""]"	[]	[]	sources/characters.tsv	frequency-order position 2449; corpus frequency rank 2459; Ministry common-character number 1698	擲: frequency-order position 2449; corpus frequency rank 2459; 29 appearances (0.00240%); Unihan kRSUnicode 64.15; Kangxi radical 64 手; Unihan kRSUnicode single radical assignment.	[]	"[""chinese"",""traditional"",""radicals"",""frequency"",""character-to-radical"",""one-way"",""part-13""]"
zh-traditional-radicals-frequency-xiii/2450/character-to-radical	XIII	vocabulary	2450	zh-Hant	zh-Hant	暈	"[""日""]"	[]		"[""zh-Hant.frequency.2460"",""zh.radical.kangxi.072""]"	[]	[]	sources/characters.tsv	frequency-order position 2450; corpus frequency rank 2460; Ministry common-character number 1815	暈: frequency-order position 2450; corpus frequency rank 2460; 29 appearances (0.00240%); Unihan kRSUnicode 72.9; Kangxi radical 72 日; Unihan kRSUnicode single radical assignment.	[]	"[""chinese"",""traditional"",""radicals"",""frequency"",""character-to-radical"",""one-way"",""part-13""]"
zh-traditional-radicals-frequency-xiii/2451/character-to-radical	XIII	vocabulary	2451	zh-Hant	zh-Hant	寞	"[""宀""]"	[]		"[""zh-Hant.frequency.2461"",""zh.radical.kangxi.040""]"	[]	[]	sources/characters.tsv	frequency-order position 2451; corpus frequency rank 2461; Ministry common-character number 1042	寞: frequency-order position 2451; corpus frequency rank 2461; 29 appearances (0.00240%); Unihan kRSUnicode 40.11; Kangxi radical 40 宀; Unihan kRSUnicode single radical assignment.	[]	"[""chinese"",""traditional"",""radicals"",""frequency"",""character-to-radical"",""one-way"",""part-13""]"
zh-traditional-radicals-frequency-xiii/2452/character-to-radical	XIII	vocabulary	2452	zh-Hant	zh-Hant	孕	"[""子""]"	[]		"[""zh-Hant.frequency.2463"",""zh.radical.kangxi.039""]"	[]	[]	sources/characters.tsv	frequency-order position 2452; corpus frequency rank 2463; Ministry common-character number 986	孕: frequency-order position 2452; corpus frequency rank 2463; 28 appearances (0.00231%); Unihan kRSUnicode 39.2; Kangxi radical 39 子; Unihan kRSUnicode single radical assignment.	[]	"[""chinese"",""traditional"",""radicals"",""frequency"",""character-to-radical"",""one-way"",""part-13""]"
zh-traditional-radicals-frequency-xiii/2453/character-to-radical	XIII	vocabulary	2453	zh-Hant	zh-Hant	丐	"[""一""]"	[]		"[""zh-Hant.frequency.2464"",""zh.radical.kangxi.001""]"	[]	[]	sources/characters.tsv	frequency-order position 2453; corpus frequency rank 2464; Ministry common-character number 9	丐: frequency-order position 2453; corpus frequency rank 2464; 28 appearances (0.00231%); Unihan kRSUnicode 1.3; Kangxi radical 1 一; Unihan kRSUnicode single radical assignment.	[]	"[""chinese"",""traditional"",""radicals"",""frequency"",""character-to-radical"",""one-way"",""part-13""]"
zh-traditional-radicals-frequency-xiii/2454/character-to-radical	XIII	vocabulary	2454	zh-Hant	zh-Hant	抄	"[""手""]"	[]		"[""zh-Hant.frequency.2465"",""zh.radical.kangxi.064""]"	[]	[]	sources/characters.tsv	frequency-order position 2454; corpus frequency rank 2465; Ministry common-character number 1504	抄: frequency-order position 2454; corpus frequency rank 2465; 28 appearances (0.00231%); Unihan kRSUnicode 64.4; Kangxi radical 64 手; Unihan kRSUnicode single radical assignment.	[]	"[""chinese"",""traditional"",""radicals"",""frequency"",""character-to-radical"",""one-way"",""part-13""]"
zh-traditional-radicals-frequency-xiii/2455/character-to-radical	XIII	vocabulary	2455	zh-Hant	zh-Hant	沃	"[""水""]"	[]		"[""zh-Hant.frequency.2466"",""zh.radical.kangxi.085""]"	[]	[]	sources/characters.tsv	frequency-order position 2455; corpus frequency rank 2466; Ministry common-character number 2153	沃: frequency-order position 2455; corpus frequency rank 2466; 28 appearances (0.00231%); Unihan kRSUnicode 85.4; Kangxi radical 85 水; Unihan kRSUnicode single radical assignment.	[]	"[""chinese"",""traditional"",""radicals"",""frequency"",""character-to-radical"",""one-way"",""part-13""]"
zh-traditional-radicals-frequency-xiii/2456/character-to-radical	XIII	vocabulary	2456	zh-Hant	zh-Hant	肖	"[""肉""]"	[]		"[""zh-Hant.frequency.2467"",""zh.radical.kangxi.130""]"	[]	[]	sources/characters.tsv	frequency-order position 2456; corpus frequency rank 2467; Ministry common-character number 3291	肖: frequency-order position 2456; corpus frequency rank 2467; 28 appearances (0.00231%); Unihan kRSUnicode 130.3; Kangxi radical 130 肉; Unihan kRSUnicode single radical assignment.	[]	"[""chinese"",""traditional"",""radicals"",""frequency"",""character-to-radical"",""one-way"",""part-13""]"
zh-traditional-radicals-frequency-xiii/2457/character-to-radical	XIII	vocabulary	2457	zh-Hant	zh-Hant	賈	"[""貝""]"	[]		"[""zh-Hant.frequency.2468"",""zh.radical.kangxi.154""]"	[]	[]	sources/characters.tsv	frequency-order position 2457; corpus frequency rank 2468; Ministry common-character number 3952	賈: frequency-order position 2457; corpus frequency rank 2468; 28 appearances (0.00231%); Unihan kRSUnicode 154.6; Kangxi radical 154 貝; Unihan kRSUnicode single radical assignment.	[]	"[""chinese"",""traditional"",""radicals"",""frequency"",""character-to-radical"",""one-way"",""part-13""]"
zh-traditional-radicals-frequency-xiii/2458/character-to-radical	XIII	vocabulary	2458	zh-Hant	zh-Hant	邪	"[""邑""]"	[]		"[""zh-Hant.frequency.2469"",""zh.radical.kangxi.163""]"	[]	[]	sources/characters.tsv	frequency-order position 2458; corpus frequency rank 2469; Ministry common-character number 4202	邪: frequency-order position 2458; corpus frequency rank 2469; 28 appearances (0.00231%); Unihan kRSUnicode 163.4; Kangxi radical 163 邑; Unihan kRSUnicode single radical assignment.	[]	"[""chinese"",""traditional"",""radicals"",""frequency"",""character-to-radical"",""one-way"",""part-13""]"
zh-traditional-radicals-frequency-xiii/2459/character-to-radical	XIII	vocabulary	2459	zh-Hant	zh-Hant	靖	"[""靑""]"	[]		"[""zh-Hant.frequency.2470"",""zh.radical.kangxi.174""]"	[]	[]	sources/characters.tsv	frequency-order position 2459; corpus frequency rank 2470; Ministry common-character number 4500	靖: frequency-order position 2459; corpus frequency rank 2470; 28 appearances (0.00231%); Unihan kRSUnicode 174.5 117.8; Kangxi radical 174 靑; Reviewed primary Unihan kRSUnicode assignment 174.5 from alternatives 174.5 117.8.	[]	"[""chinese"",""traditional"",""radicals"",""frequency"",""character-to-radical"",""one-way"",""part-13""]"
zh-traditional-radicals-frequency-xiii/2460/character-to-radical	XIII	vocabulary	2460	zh-Hant	zh-Hant	框	"[""木""]"	[]		"[""zh-Hant.frequency.2471"",""zh.radical.kangxi.075""]"	[]	[]	sources/characters.tsv	frequency-order position 2460; corpus frequency rank 2471; Ministry common-character number 1913	框: frequency-order position 2460; corpus frequency rank 2471; 28 appearances (0.00231%); Unihan kRSUnicode 75.6; Kangxi radical 75 木; Unihan kRSUnicode single radical assignment.	[]	"[""chinese"",""traditional"",""radicals"",""frequency"",""character-to-radical"",""one-way"",""part-13""]"
zh-traditional-radicals-frequency-xiii/2461/character-to-radical	XIII	vocabulary	2461	zh-Hant	zh-Hant	違	"[""辵""]"	[]		"[""zh-Hant.frequency.2472"",""zh.radical.kangxi.162""]"	[]	[]	sources/characters.tsv	frequency-order position 2461; corpus frequency rank 2472; Ministry common-character number 4163	違: frequency-order position 2461; corpus frequency rank 2472; 28 appearances (0.00231%); Unihan kRSUnicode 162.9; Kangxi radical 162 辵; Unihan kRSUnicode single radical assignment.	[]	"[""chinese"",""traditional"",""radicals"",""frequency"",""character-to-radical"",""one-way"",""part-13""]"
zh-traditional-radicals-frequency-xiii/2462/character-to-radical	XIII	vocabulary	2462	zh-Hant	zh-Hant	唔	"[""口""]"	[]		"[""zh-Hant.frequency.2473"",""zh.radical.kangxi.030""]"	[]	[]	sources/characters.tsv	frequency-order position 2462; corpus frequency rank 2473; Ministry common-character number 591	唔: frequency-order position 2462; corpus frequency rank 2473; 28 appearances (0.00231%); Unihan kRSUnicode 30.7; Kangxi radical 30 口; Unihan kRSUnicode single radical assignment.	[]	"[""chinese"",""traditional"",""radicals"",""frequency"",""character-to-radical"",""one-way"",""part-13""]"
zh-traditional-radicals-frequency-xiii/2463/character-to-radical	XIII	vocabulary	2463	zh-Hant	zh-Hant	駐	"[""馬""]"	[]		"[""zh-Hant.frequency.2474"",""zh.radical.kangxi.187""]"	[]	[]	sources/characters.tsv	frequency-order position 2463; corpus frequency rank 2474; Ministry common-character number 4627	駐: frequency-order position 2463; corpus frequency rank 2474; 28 appearances (0.00231%); Unihan kRSUnicode 187.5; Kangxi radical 187 馬; Unihan kRSUnicode single radical assignment.	[]	"[""chinese"",""traditional"",""radicals"",""frequency"",""character-to-radical"",""one-way"",""part-13""]"
zh-traditional-radicals-frequency-xiii/2464/character-to-radical	XIII	vocabulary	2464	zh-Hant	zh-Hant	躬	"[""身""]"	[]		"[""zh-Hant.frequency.2475"",""zh.radical.kangxi.158""]"	[]	[]	sources/characters.tsv	frequency-order position 2464; corpus frequency rank 2475; Ministry common-character number 4057	躬: frequency-order position 2464; corpus frequency rank 2475; 28 appearances (0.00231%); Unihan kRSUnicode 158.3; Kangxi radical 158 身; Unihan kRSUnicode single radical assignment.	[]	"[""chinese"",""traditional"",""radicals"",""frequency"",""character-to-radical"",""one-way"",""part-13""]"
zh-traditional-radicals-frequency-xiii/2465/character-to-radical	XIII	vocabulary	2465	zh-Hant	zh-Hant	噪	"[""口""]"	[]		"[""zh-Hant.frequency.2476"",""zh.radical.kangxi.030""]"	[]	[]	sources/characters.tsv	frequency-order position 2465; corpus frequency rank 2476; Ministry common-character number 695	噪: frequency-order position 2465; corpus frequency rank 2476; 28 appearances (0.00231%); Unihan kRSUnicode 30.13; Kangxi radical 30 口; Unihan kRSUnicode single radical assignment.	[]	"[""chinese"",""traditional"",""radicals"",""frequency"",""character-to-radical"",""one-way"",""part-13""]"
zh-traditional-radicals-frequency-xiii/2466/character-to-radical	XIII	vocabulary	2466	zh-Hant	zh-Hant	袖	"[""衣""]"	[]		"[""zh-Hant.frequency.2477"",""zh.radical.kangxi.145""]"	[]	[]	sources/characters.tsv	frequency-order position 2466; corpus frequency rank 2477; Ministry common-character number 3720	袖: frequency-order position 2466; corpus frequency rank 2477; 28 appearances (0.00231%); Unihan kRSUnicode 145.5; Kangxi radical 145 衣; Unihan kRSUnicode single radical assignment.	[]	"[""chinese"",""traditional"",""radicals"",""frequency"",""character-to-radical"",""one-way"",""part-13""]"
zh-traditional-radicals-frequency-xiii/2467/character-to-radical	XIII	vocabulary	2467	zh-Hant	zh-Hant	蕾	"[""艸""]"	[]		"[""zh-Hant.frequency.2478"",""zh.radical.kangxi.140""]"	[]	[]	sources/characters.tsv	frequency-order position 2467; corpus frequency rank 2478; Ministry common-character number 3572	蕾: frequency-order position 2467; corpus frequency rank 2478; 28 appearances (0.00231%); Unihan kRSUnicode 140.13; Kangxi radical 140 艸; Unihan kRSUnicode single radical assignment.	[]	"[""chinese"",""traditional"",""radicals"",""frequency"",""character-to-radical"",""one-way"",""part-13""]"
zh-traditional-radicals-frequency-xiii/2468/character-to-radical	XIII	vocabulary	2468	zh-Hant	zh-Hant	蜓	"[""虫""]"	[]		"[""zh-Hant.frequency.2479"",""zh.radical.kangxi.142""]"	[]	[]	sources/characters.tsv	frequency-order position 2468; corpus frequency rank 2479; Ministry common-character number 3640	蜓: frequency-order position 2468; corpus frequency rank 2479; 28 appearances (0.00231%); Unihan kRSUnicode 142.7; Kangxi radical 142 虫; Unihan kRSUnicode single radical assignment.	[]	"[""chinese"",""traditional"",""radicals"",""frequency"",""character-to-radical"",""one-way"",""part-13""]"
zh-traditional-radicals-frequency-xiii/2469/character-to-radical	XIII	vocabulary	2469	zh-Hant	zh-Hant	蹲	"[""足""]"	[]		"[""zh-Hant.frequency.2480"",""zh.radical.kangxi.157""]"	[]	[]	sources/characters.tsv	frequency-order position 2469; corpus frequency rank 2480; Ministry common-character number 4042	蹲: frequency-order position 2469; corpus frequency rank 2480; 28 appearances (0.00231%); Unihan kRSUnicode 157.12; Kangxi radical 157 足; Unihan kRSUnicode single radical assignment.	[]	"[""chinese"",""traditional"",""radicals"",""frequency"",""character-to-radical"",""one-way"",""part-13""]"
zh-traditional-radicals-frequency-xiii/2470/character-to-radical	XIII	vocabulary	2470	zh-Hant	zh-Hant	窄	"[""穴""]"	[]		"[""zh-Hant.frequency.2481"",""zh.radical.kangxi.116""]"	[]	[]	sources/characters.tsv	frequency-order position 2470; corpus frequency rank 2481; Ministry common-character number 2959	窄: frequency-order position 2470; corpus frequency rank 2481; 28 appearances (0.00231%); Unihan kRSUnicode 116.5; Kangxi radical 116 穴; Unihan kRSUnicode single radical assignment.	[]	"[""chinese"",""traditional"",""radicals"",""frequency"",""character-to-radical"",""one-way"",""part-13""]"
zh-traditional-radicals-frequency-xiii/2471/character-to-radical	XIII	vocabulary	2471	zh-Hant	zh-Hant	戚	"[""戈""]"	[]		"[""zh-Hant.frequency.2482"",""zh.radical.kangxi.062""]"	[]	[]	sources/characters.tsv	frequency-order position 2471; corpus frequency rank 2482; Ministry common-character number 1476	戚: frequency-order position 2471; corpus frequency rank 2482; 28 appearances (0.00231%); Unihan kRSUnicode 62.7; Kangxi radical 62 戈; Unihan kRSUnicode single radical assignment.	[]	"[""chinese"",""traditional"",""radicals"",""frequency"",""character-to-radical"",""one-way"",""part-13""]"
zh-traditional-radicals-frequency-xiii/2472/character-to-radical	XIII	vocabulary	2472	zh-Hant	zh-Hant	塌	"[""土""]"	[]		"[""zh-Hant.frequency.2483"",""zh.radical.kangxi.032""]"	[]	[]	sources/characters.tsv	frequency-order position 2472; corpus frequency rank 2483; Ministry common-character number 800	塌: frequency-order position 2472; corpus frequency rank 2483; 28 appearances (0.00231%); Unihan kRSUnicode 32.10; Kangxi radical 32 土; Unihan kRSUnicode single radical assignment.	[]	"[""chinese"",""traditional"",""radicals"",""frequency"",""character-to-radical"",""one-way"",""part-13""]"
zh-traditional-radicals-frequency-xiii/2473/character-to-radical	XIII	vocabulary	2473	zh-Hant	zh-Hant	赴	"[""走""]"	[]		"[""zh-Hant.frequency.2484"",""zh.radical.kangxi.156""]"	[]	[]	sources/characters.tsv	frequency-order position 2473; corpus frequency rank 2484; Ministry common-character number 3990	赴: frequency-order position 2473; corpus frequency rank 2484; 28 appearances (0.00231%); Unihan kRSUnicode 156.2; Kangxi radical 156 走; Unihan kRSUnicode single radical assignment.	[]	"[""chinese"",""traditional"",""radicals"",""frequency"",""character-to-radical"",""one-way"",""part-13""]"
zh-traditional-radicals-frequency-xiii/2474/character-to-radical	XIII	vocabulary	2474	zh-Hant	zh-Hant	辱	"[""辰""]"	[]		"[""zh-Hant.frequency.2485"",""zh.radical.kangxi.161""]"	[]	[]	sources/characters.tsv	frequency-order position 2474; corpus frequency rank 2485; Ministry common-character number 4110	辱: frequency-order position 2474; corpus frequency rank 2485; 28 appearances (0.00231%); Unihan kRSUnicode 161.3; Kangxi radical 161 辰; Unihan kRSUnicode single radical assignment.	[]	"[""chinese"",""traditional"",""radicals"",""frequency"",""character-to-radical"",""one-way"",""part-13""]"
zh-traditional-radicals-frequency-xiii/2475/character-to-radical	XIII	vocabulary	2475	zh-Hant	zh-Hant	鵑	"[""鳥""]"	[]		"[""zh-Hant.frequency.2486"",""zh.radical.kangxi.196""]"	[]	[]	sources/characters.tsv	frequency-order position 2475; corpus frequency rank 2486; Ministry common-character number 4731	鵑: frequency-order position 2475; corpus frequency rank 2486; 28 appearances (0.00231%); Unihan kRSUnicode 196.7; Kangxi radical 196 鳥; Unihan kRSUnicode single radical assignment.	[]	"[""chinese"",""traditional"",""radicals"",""frequency"",""character-to-radical"",""one-way"",""part-13""]"
zh-traditional-radicals-frequency-xiii/2476/character-to-radical	XIII	vocabulary	2476	zh-Hant	zh-Hant	欠	"[""欠""]"	[]		"[""zh-Hant.frequency.2488"",""zh.radical.kangxi.076""]"	[]	[]	sources/characters.tsv	frequency-order position 2476; corpus frequency rank 2488; Ministry common-character number 2052	欠: frequency-order position 2476; corpus frequency rank 2488; 27 appearances (0.00223%); Unihan kRSUnicode 76.0; Kangxi radical 76 欠; Unihan kRSUnicode single radical assignment.	[]	"[""chinese"",""traditional"",""radicals"",""frequency"",""character-to-radical"",""one-way"",""part-13""]"
zh-traditional-radicals-frequency-xiii/2477/character-to-radical	XIII	vocabulary	2477	zh-Hant	zh-Hant	凹	"[""凵""]"	[]		"[""zh-Hant.frequency.2489"",""zh.radical.kangxi.017""]"	[]	[]	sources/characters.tsv	frequency-order position 2477; corpus frequency rank 2489; Ministry common-character number 324	凹: frequency-order position 2477; corpus frequency rank 2489; 27 appearances (0.00223%); Unihan kRSUnicode 17.3; Kangxi radical 17 凵; Unihan kRSUnicode single radical assignment.	[]	"[""chinese"",""traditional"",""radicals"",""frequency"",""character-to-radical"",""one-way"",""part-13""]"
zh-traditional-radicals-frequency-xiii/2478/character-to-radical	XIII	vocabulary	2478	zh-Hant	zh-Hant	寸	"[""寸""]"	[]		"[""zh-Hant.frequency.2490"",""zh.radical.kangxi.041""]"	[]	[]	sources/characters.tsv	frequency-order position 2478; corpus frequency rank 2490; Ministry common-character number 1057	寸: frequency-order position 2478; corpus frequency rank 2490; 27 appearances (0.00223%); Unihan kRSUnicode 41.0; Kangxi radical 41 寸; Unihan kRSUnicode single radical assignment.	[]	"[""chinese"",""traditional"",""radicals"",""frequency"",""character-to-radical"",""one-way"",""part-13""]"
zh-traditional-radicals-frequency-xiii/2479/character-to-radical	XIII	vocabulary	2479	zh-Hant	zh-Hant	杉	"[""木""]"	[]		"[""zh-Hant.frequency.2491"",""zh.radical.kangxi.075""]"	[]	[]	sources/characters.tsv	frequency-order position 2479; corpus frequency rank 2491; Ministry common-character number 1871	杉: frequency-order position 2479; corpus frequency rank 2491; 27 appearances (0.00223%); Unihan kRSUnicode 75.3; Kangxi radical 75 木; Unihan kRSUnicode single radical assignment.	[]	"[""chinese"",""traditional"",""radicals"",""frequency"",""character-to-radical"",""one-way"",""part-13""]"
zh-traditional-radicals-frequency-xiii/2480/character-to-radical	XIII	vocabulary	2480	zh-Hant	zh-Hant	毀	"[""殳""]"	[]		"[""zh-Hant.frequency.2492"",""zh.radical.kangxi.079""]"	[]	[]	sources/characters.tsv	frequency-order position 2480; corpus frequency rank 2492; Ministry common-character number 2093	毀: frequency-order position 2480; corpus frequency rank 2492; 27 appearances (0.00223%); Unihan kRSUnicode 79.9; Kangxi radical 79 殳; Unihan kRSUnicode single radical assignment.	[]	"[""chinese"",""traditional"",""radicals"",""frequency"",""character-to-radical"",""one-way"",""part-13""]"
zh-traditional-radicals-frequency-xiii/2481/character-to-radical	XIII	vocabulary	2481	zh-Hant	zh-Hant	嗅	"[""口""]"	[]		"[""zh-Hant.frequency.2493"",""zh.radical.kangxi.030""]"	[]	[]	sources/characters.tsv	frequency-order position 2481; corpus frequency rank 2493; Ministry common-character number 658	嗅: frequency-order position 2481; corpus frequency rank 2493; 27 appearances (0.00223%); Unihan kRSUnicode 30.10; Kangxi radical 30 口; Unihan kRSUnicode single radical assignment.	[]	"[""chinese"",""traditional"",""radicals"",""frequency"",""character-to-radical"",""one-way"",""part-13""]"
zh-traditional-radicals-frequency-xiii/2482/character-to-radical	XIII	vocabulary	2482	zh-Hant	zh-Hant	沾	"[""水""]"	[]		"[""zh-Hant.frequency.2494"",""zh.radical.kangxi.085""]"	[]	[]	sources/characters.tsv	frequency-order position 2482; corpus frequency rank 2494; Ministry common-character number 2164	沾: frequency-order position 2482; corpus frequency rank 2494; 27 appearances (0.00223%); Unihan kRSUnicode 85.5; Kangxi radical 85 水; Unihan kRSUnicode single radical assignment.	[]	"[""chinese"",""traditional"",""radicals"",""frequency"",""character-to-radical"",""one-way"",""part-13""]"
zh-traditional-radicals-frequency-xiii/2483/character-to-radical	XIII	vocabulary	2483	zh-Hant	zh-Hant	肆	"[""聿""]"	[]		"[""zh-Hant.frequency.2495"",""zh.radical.kangxi.129""]"	[]	[]	sources/characters.tsv	frequency-order position 2483; corpus frequency rank 2495; Ministry common-character number 3284	肆: frequency-order position 2483; corpus frequency rank 2495; 27 appearances (0.00223%); Unihan kRSUnicode 129.7; Kangxi radical 129 聿; Unihan kRSUnicode single radical assignment.	[]	"[""chinese"",""traditional"",""radicals"",""frequency"",""character-to-radical"",""one-way"",""part-13""]"
zh-traditional-radicals-frequency-xiii/2484/character-to-radical	XIII	vocabulary	2484	zh-Hant	zh-Hant	洽	"[""水""]"	[]		"[""zh-Hant.frequency.2496"",""zh.radical.kangxi.085""]"	[]	[]	sources/characters.tsv	frequency-order position 2484; corpus frequency rank 2496; Ministry common-character number 2195	洽: frequency-order position 2484; corpus frequency rank 2496; 27 appearances (0.00223%); Unihan kRSUnicode 85.6; Kangxi radical 85 水; Unihan kRSUnicode single radical assignment.	[]	"[""chinese"",""traditional"",""radicals"",""frequency"",""character-to-radical"",""one-way"",""part-13""]"
zh-traditional-radicals-frequency-xiii/2485/character-to-radical	XIII	vocabulary	2485	zh-Hant	zh-Hant	彰	"[""彡""]"	[]		"[""zh-Hant.frequency.2497"",""zh.radical.kangxi.059""]"	[]	[]	sources/characters.tsv	frequency-order position 2485; corpus frequency rank 2497; Ministry common-character number 1274	彰: frequency-order position 2485; corpus frequency rank 2497; 27 appearances (0.00223%); Unihan kRSUnicode 59.11; Kangxi radical 59 彡; Unihan kRSUnicode single radical assignment.	[]	"[""chinese"",""traditional"",""radicals"",""frequency"",""character-to-radical"",""one-way"",""part-13""]"
zh-traditional-radicals-frequency-xiii/2486/character-to-radical	XIII	vocabulary	2486	zh-Hant	zh-Hant	租	"[""禾""]"	[]		"[""zh-Hant.frequency.2498"",""zh.radical.kangxi.115""]"	[]	[]	sources/characters.tsv	frequency-order position 2486; corpus frequency rank 2498; Ministry common-character number 2922	租: frequency-order position 2486; corpus frequency rank 2498; 27 appearances (0.00223%); Unihan kRSUnicode 115.5; Kangxi radical 115 禾; Unihan kRSUnicode single radical assignment.	[]	"[""chinese"",""traditional"",""radicals"",""frequency"",""character-to-radical"",""one-way"",""part-13""]"
zh-traditional-radicals-frequency-xiii/2487/character-to-radical	XIII	vocabulary	2487	zh-Hant	zh-Hant	瑩	"[""玉""]"	[]		"[""zh-Hant.frequency.2499"",""zh.radical.kangxi.096""]"	[]	[]	sources/characters.tsv	frequency-order position 2487; corpus frequency rank 2499; Ministry common-character number 2598	瑩: frequency-order position 2487; corpus frequency rank 2499; 27 appearances (0.00223%); Unihan kRSUnicode 96.10; Kangxi radical 96 玉; Unihan kRSUnicode single radical assignment.	[]	"[""chinese"",""traditional"",""radicals"",""frequency"",""character-to-radical"",""one-way"",""part-13""]"
zh-traditional-radicals-frequency-xiii/2488/character-to-radical	XIII	vocabulary	2488	zh-Hant	zh-Hant	剖	"[""刀""]"	[]		"[""zh-Hant.frequency.2500"",""zh.radical.kangxi.018""]"	[]	[]	sources/characters.tsv	frequency-order position 2488; corpus frequency rank 2500; Ministry common-character number 359	剖: frequency-order position 2488; corpus frequency rank 2500; 27 appearances (0.00223%); Unihan kRSUnicode 18.8; Kangxi radical 18 刀; Unihan kRSUnicode single radical assignment.	[]	"[""chinese"",""traditional"",""radicals"",""frequency"",""character-to-radical"",""one-way"",""part-13""]"
zh-traditional-radicals-frequency-xiii/2489/character-to-radical	XIII	vocabulary	2489	zh-Hant	zh-Hant	辣	"[""辛""]"	[]		"[""zh-Hant.frequency.2501"",""zh.radical.kangxi.160""]"	[]	[]	sources/characters.tsv	frequency-order position 2489; corpus frequency rank 2501; Ministry common-character number 4104	辣: frequency-order position 2489; corpus frequency rank 2501; 27 appearances (0.00223%); Unihan kRSUnicode 160.7; Kangxi radical 160 辛; Unihan kRSUnicode single radical assignment.	[]	"[""chinese"",""traditional"",""radicals"",""frequency"",""character-to-radical"",""one-way"",""part-13""]"
zh-traditional-radicals-frequency-xiii/2490/character-to-radical	XIII	vocabulary	2490	zh-Hant	zh-Hant	狹	"[""犬""]"	[]		"[""zh-Hant.frequency.2502"",""zh.radical.kangxi.094""]"	[]	[]	sources/characters.tsv	frequency-order position 2490; corpus frequency rank 2502; Ministry common-character number 2520	狹: frequency-order position 2490; corpus frequency rank 2502; 27 appearances (0.00223%); Unihan kRSUnicode 94.7; Kangxi radical 94 犬; Unihan kRSUnicode single radical assignment.	[]	"[""chinese"",""traditional"",""radicals"",""frequency"",""character-to-radical"",""one-way"",""part-13""]"
zh-traditional-radicals-frequency-xiii/2491/character-to-radical	XIII	vocabulary	2491	zh-Hant	zh-Hant	鴻	"[""鳥""]"	[]		"[""zh-Hant.frequency.2503"",""zh.radical.kangxi.196""]"	[]	[]	sources/characters.tsv	frequency-order position 2491; corpus frequency rank 2503; Ministry common-character number 4729	鴻: frequency-order position 2491; corpus frequency rank 2503; 27 appearances (0.00223%); Unihan kRSUnicode 196.6; Kangxi radical 196 鳥; Unihan kRSUnicode single radical assignment.	[]	"[""chinese"",""traditional"",""radicals"",""frequency"",""character-to-radical"",""one-way"",""part-13""]"
zh-traditional-radicals-frequency-xiii/2492/character-to-radical	XIII	vocabulary	2492	zh-Hant	zh-Hant	侏	"[""人""]"	[]		"[""zh-Hant.frequency.2504"",""zh.radical.kangxi.009""]"	[]	[]	sources/characters.tsv	frequency-order position 2492; corpus frequency rank 2504; Ministry common-character number 147	侏: frequency-order position 2492; corpus frequency rank 2504; 27 appearances (0.00223%); Unihan kRSUnicode 9.6; Kangxi radical 9 人; Unihan kRSUnicode single radical assignment.	[]	"[""chinese"",""traditional"",""radicals"",""frequency"",""character-to-radical"",""one-way"",""part-13""]"
zh-traditional-radicals-frequency-xiii/2493/character-to-radical	XIII	vocabulary	2493	zh-Hant	zh-Hant	礁	"[""石""]"	[]		"[""zh-Hant.frequency.2505"",""zh.radical.kangxi.112""]"	[]	[]	sources/characters.tsv	frequency-order position 2493; corpus frequency rank 2505; Ministry common-character number 2870	礁: frequency-order position 2493; corpus frequency rank 2505; 27 appearances (0.00223%); Unihan kRSUnicode 112.12; Kangxi radical 112 石; Unihan kRSUnicode single radical assignment.	[]	"[""chinese"",""traditional"",""radicals"",""frequency"",""character-to-radical"",""one-way"",""part-13""]"
zh-traditional-radicals-frequency-xiii/2494/character-to-radical	XIII	vocabulary	2494	zh-Hant	zh-Hant	俄	"[""人""]"	[]		"[""zh-Hant.frequency.2506"",""zh.radical.kangxi.009""]"	[]	[]	sources/characters.tsv	frequency-order position 2494; corpus frequency rank 2506; Ministry common-character number 164	俄: frequency-order position 2494; corpus frequency rank 2506; 27 appearances (0.00223%); Unihan kRSUnicode 9.7; Kangxi radical 9 人; Unihan kRSUnicode single radical assignment.	[]	"[""chinese"",""traditional"",""radicals"",""frequency"",""character-to-radical"",""one-way"",""part-13""]"
zh-traditional-radicals-frequency-xiii/2495/character-to-radical	XIII	vocabulary	2495	zh-Hant	zh-Hant	耗	"[""耒""]"	[]		"[""zh-Hant.frequency.2507"",""zh.radical.kangxi.127""]"	[]	[]	sources/characters.tsv	frequency-order position 2495; corpus frequency rank 2507; Ministry common-character number 3262	耗: frequency-order position 2495; corpus frequency rank 2507; 27 appearances (0.00223%); Unihan kRSUnicode 127.4; Kangxi radical 127 耒; Unihan kRSUnicode single radical assignment.	[]	"[""chinese"",""traditional"",""radicals"",""frequency"",""character-to-radical"",""one-way"",""part-13""]"
zh-traditional-radicals-frequency-xiii/2496/character-to-radical	XIII	vocabulary	2496	zh-Hant	zh-Hant	逗	"[""辵""]"	[]		"[""zh-Hant.frequency.2508"",""zh.radical.kangxi.162""]"	[]	[]	sources/characters.tsv	frequency-order position 2496; corpus frequency rank 2508; Ministry common-character number 4139	逗: frequency-order position 2496; corpus frequency rank 2508; 27 appearances (0.00223%); Unihan kRSUnicode 162.7; Kangxi radical 162 辵; Unihan kRSUnicode single radical assignment.	[]	"[""chinese"",""traditional"",""radicals"",""frequency"",""character-to-radical"",""one-way"",""part-13""]"
zh-traditional-radicals-frequency-xiii/2497/character-to-radical	XIII	vocabulary	2497	zh-Hant	zh-Hant	缸	"[""缶""]"	[]		"[""zh-Hant.frequency.2509"",""zh.radical.kangxi.121""]"	[]	[]	sources/characters.tsv	frequency-order position 2497; corpus frequency rank 2509; Ministry common-character number 3196	缸: frequency-order position 2497; corpus frequency rank 2509; 27 appearances (0.00223%); Unihan kRSUnicode 121.3; Kangxi radical 121 缶; Unihan kRSUnicode single radical assignment.	[]	"[""chinese"",""traditional"",""radicals"",""frequency"",""character-to-radical"",""one-way"",""part-13""]"
zh-traditional-radicals-frequency-xiii/2498/character-to-radical	XIII	vocabulary	2498	zh-Hant	zh-Hant	埔	"[""土""]"	[]		"[""zh-Hant.frequency.2510"",""zh.radical.kangxi.032""]"	[]	[]	sources/characters.tsv	frequency-order position 2498; corpus frequency rank 2510; Ministry common-character number 772	埔: frequency-order position 2498; corpus frequency rank 2510; 27 appearances (0.00223%); Unihan kRSUnicode 32.7; Kangxi radical 32 土; Unihan kRSUnicode single radical assignment.	[]	"[""chinese"",""traditional"",""radicals"",""frequency"",""character-to-radical"",""one-way"",""part-13""]"
zh-traditional-radicals-frequency-xiii/2499/character-to-radical	XIII	vocabulary	2499	zh-Hant	zh-Hant	戀	"[""心""]"	[]		"[""zh-Hant.frequency.2511"",""zh.radical.kangxi.061""]"	[]	[]	sources/characters.tsv	frequency-order position 2499; corpus frequency rank 2511; Ministry common-character number 1465	戀: frequency-order position 2499; corpus frequency rank 2511; 27 appearances (0.00223%); Unihan kRSUnicode 61.19; Kangxi radical 61 心; Unihan kRSUnicode single radical assignment.	[]	"[""chinese"",""traditional"",""radicals"",""frequency"",""character-to-radical"",""one-way"",""part-13""]"
zh-traditional-radicals-frequency-xiii/2500/character-to-radical	XIII	vocabulary	2500	zh-Hant	zh-Hant	允	"[""儿""]"	[]		"[""zh-Hant.frequency.2512"",""zh.radical.kangxi.010""]"	[]	[]	sources/characters.tsv	frequency-order position 2500; corpus frequency rank 2512; Ministry common-character number 265	允: frequency-order position 2500; corpus frequency rank 2512; 26 appearances (0.00215%); Unihan kRSUnicode 10.2; Kangxi radical 10 儿; Unihan kRSUnicode single radical assignment.	[]	"[""chinese"",""traditional"",""radicals"",""frequency"",""character-to-radical"",""one-way"",""part-13""]"
zh-traditional-radicals-frequency-xiii/2501/character-to-radical	XIII	vocabulary	2501	zh-Hant	zh-Hant	坑	"[""土""]"	[]		"[""zh-Hant.frequency.2513"",""zh.radical.kangxi.032""]"	[]	[]	sources/characters.tsv	frequency-order position 2501; corpus frequency rank 2513; Ministry common-character number 748	坑: frequency-order position 2501; corpus frequency rank 2513; 26 appearances (0.00215%); Unihan kRSUnicode 32.4; Kangxi radical 32 土; Unihan kRSUnicode single radical assignment.	[]	"[""chinese"",""traditional"",""radicals"",""frequency"",""character-to-radical"",""one-way"",""part-13""]"
zh-traditional-radicals-frequency-xiii/2502/character-to-radical	XIII	vocabulary	2502	zh-Hant	zh-Hant	沈	"[""水""]"	[]		"[""zh-Hant.frequency.2514"",""zh.radical.kangxi.085""]"	[]	[]	sources/characters.tsv	frequency-order position 2502; corpus frequency rank 2514; Ministry common-character number 2140	沈: frequency-order position 2502; corpus frequency rank 2514; 26 appearances (0.00215%); Unihan kRSUnicode 85.4; Kangxi radical 85 水; Unihan kRSUnicode single radical assignment.	[]	"[""chinese"",""traditional"",""radicals"",""frequency"",""character-to-radical"",""one-way"",""part-13""]"
zh-traditional-radicals-frequency-xiii/2503/character-to-radical	XIII	vocabulary	2503	zh-Hant	zh-Hant	咱	"[""口""]"	[]		"[""zh-Hant.frequency.2515"",""zh.radical.kangxi.030""]"	[]	[]	sources/characters.tsv	frequency-order position 2503; corpus frequency rank 2515; Ministry common-character number 580	咱: frequency-order position 2503; corpus frequency rank 2515; 26 appearances (0.00215%); Unihan kRSUnicode 30.6; Kangxi radical 30 口; Unihan kRSUnicode single radical assignment.	[]	"[""chinese"",""traditional"",""radicals"",""frequency"",""character-to-radical"",""one-way"",""part-13""]"
zh-traditional-radicals-frequency-xiii/2504/character-to-radical	XIII	vocabulary	2504	zh-Hant	zh-Hant	俯	"[""人""]"	[]		"[""zh-Hant.frequency.2516"",""zh.radical.kangxi.009""]"	[]	[]	sources/characters.tsv	frequency-order position 2504; corpus frequency rank 2516; Ministry common-character number 172	俯: frequency-order position 2504; corpus frequency rank 2516; 26 appearances (0.00215%); Unihan kRSUnicode 9.8; Kangxi radical 9 人; Unihan kRSUnicode single radical assignment.	[]	"[""chinese"",""traditional"",""radicals"",""frequency"",""character-to-radical"",""one-way"",""part-13""]"
zh-traditional-radicals-frequency-xiii/2505/character-to-radical	XIII	vocabulary	2505	zh-Hant	zh-Hant	彌	"[""弓""]"	[]		"[""zh-Hant.frequency.2517"",""zh.radical.kangxi.057""]"	[]	[]	sources/characters.tsv	frequency-order position 2505; corpus frequency rank 2517; Ministry common-character number 1262	彌: frequency-order position 2505; corpus frequency rank 2517; 26 appearances (0.00215%); Unihan kRSUnicode 57.14; Kangxi radical 57 弓; Unihan kRSUnicode single radical assignment.	[]	"[""chinese"",""traditional"",""radicals"",""frequency"",""character-to-radical"",""one-way"",""part-13""]"
zh-traditional-radicals-frequency-xiii/2506/character-to-radical	XIII	vocabulary	2506	zh-Hant	zh-Hant	倉	"[""人""]"	[]		"[""zh-Hant.frequency.2518"",""zh.radical.kangxi.009""]"	[]	[]	sources/characters.tsv	frequency-order position 2506; corpus frequency rank 2518; Ministry common-character number 199	倉: frequency-order position 2506; corpus frequency rank 2518; 26 appearances (0.00215%); Unihan kRSUnicode 9.8; Kangxi radical 9 人; Unihan kRSUnicode single radical assignment.	[]	"[""chinese"",""traditional"",""radicals"",""frequency"",""character-to-radical"",""one-way"",""part-13""]"
zh-traditional-radicals-frequency-xiii/2507/character-to-radical	XIII	vocabulary	2507	zh-Hant	zh-Hant	颼	"[""風""]"	[]		"[""zh-Hant.frequency.2519"",""zh.radical.kangxi.182""]"	[]	[]	sources/characters.tsv	frequency-order position 2507; corpus frequency rank 2519; Ministry common-character number 4578	颼: frequency-order position 2507; corpus frequency rank 2519; 26 appearances (0.00215%); Unihan kRSUnicode 182.10; Kangxi radical 182 風; Unihan kRSUnicode single radical assignment.	[]	"[""chinese"",""traditional"",""radicals"",""frequency"",""character-to-radical"",""one-way"",""part-13""]"
zh-traditional-radicals-frequency-xiii/2508/character-to-radical	XIII	vocabulary	2508	zh-Hant	zh-Hant	萎	"[""艸""]"	[]		"[""zh-Hant.frequency.2520"",""zh.radical.kangxi.140""]"	[]	[]	sources/characters.tsv	frequency-order position 2508; corpus frequency rank 2520; Ministry common-character number 3515	萎: frequency-order position 2508; corpus frequency rank 2520; 26 appearances (0.00215%); Unihan kRSUnicode 140.8; Kangxi radical 140 艸; Unihan kRSUnicode single radical assignment.	[]	"[""chinese"",""traditional"",""radicals"",""frequency"",""character-to-radical"",""one-way"",""part-13""]"
zh-traditional-radicals-frequency-xiii/2509/character-to-radical	XIII	vocabulary	2509	zh-Hant	zh-Hant	韌	"[""韋""]"	[]		"[""zh-Hant.frequency.2521"",""zh.radical.kangxi.178""]"	[]	[]	sources/characters.tsv	frequency-order position 2509; corpus frequency rank 2521; Ministry common-character number 4526	韌: frequency-order position 2509; corpus frequency rank 2521; 26 appearances (0.00215%); Unihan kRSUnicode 178.3; Kangxi radical 178 韋; Unihan kRSUnicode single radical assignment.	[]	"[""chinese"",""traditional"",""radicals"",""frequency"",""character-to-radical"",""one-way"",""part-13""]"
zh-traditional-radicals-frequency-xiii/2510/character-to-radical	XIII	vocabulary	2510	zh-Hant	zh-Hant	棘	"[""木""]"	[]		"[""zh-Hant.frequency.2522"",""zh.radical.kangxi.075""]"	[]	[]	sources/characters.tsv	frequency-order position 2510; corpus frequency rank 2522; Ministry common-character number 1955	棘: frequency-order position 2510; corpus frequency rank 2522; 26 appearances (0.00215%); Unihan kRSUnicode 75.8; Kangxi radical 75 木; Unihan kRSUnicode single radical assignment.	[]	"[""chinese"",""traditional"",""radicals"",""frequency"",""character-to-radical"",""one-way"",""part-13""]"
zh-traditional-radicals-frequency-xiii/2511/character-to-radical	XIII	vocabulary	2511	zh-Hant	zh-Hant	窟	"[""穴""]"	[]		"[""zh-Hant.frequency.2523"",""zh.radical.kangxi.116""]"	[]	[]	sources/characters.tsv	frequency-order position 2511; corpus frequency rank 2523; Ministry common-character number 2966	窟: frequency-order position 2511; corpus frequency rank 2523; 26 appearances (0.00215%); Unihan kRSUnicode 116.8; Kangxi radical 116 穴; Unihan kRSUnicode single radical assignment.	[]	"[""chinese"",""traditional"",""radicals"",""frequency"",""character-to-radical"",""one-way"",""part-13""]"
zh-traditional-radicals-frequency-xiii/2512/character-to-radical	XIII	vocabulary	2512	zh-Hant	zh-Hant	頒	"[""頁""]"	[]		"[""zh-Hant.frequency.2524"",""zh.radical.kangxi.181""]"	[]	[]	sources/characters.tsv	frequency-order position 2512; corpus frequency rank 2524; Ministry common-character number 4546	頒: frequency-order position 2512; corpus frequency rank 2524; 26 appearances (0.00215%); Unihan kRSUnicode 181.4; Kangxi radical 181 頁; Unihan kRSUnicode single radical assignment.	[]	"[""chinese"",""traditional"",""radicals"",""frequency"",""character-to-radical"",""one-way"",""part-13""]"
zh-traditional-radicals-frequency-xiii/2513/character-to-radical	XIII	vocabulary	2513	zh-Hant	zh-Hant	盞	"[""皿""]"	[]		"[""zh-Hant.frequency.2525"",""zh.radical.kangxi.108""]"	[]	[]	sources/characters.tsv	frequency-order position 2513; corpus frequency rank 2525; Ministry common-character number 2748	盞: frequency-order position 2513; corpus frequency rank 2525; 26 appearances (0.00215%); Unihan kRSUnicode 108.8; Kangxi radical 108 皿; Unihan kRSUnicode single radical assignment.	[]	"[""chinese"",""traditional"",""radicals"",""frequency"",""character-to-radical"",""one-way"",""part-13""]"
zh-traditional-radicals-frequency-xiii/2514/character-to-radical	XIII	vocabulary	2514	zh-Hant	zh-Hant	蜻	"[""虫""]"	[]		"[""zh-Hant.frequency.2526"",""zh.radical.kangxi.142""]"	[]	[]	sources/characters.tsv	frequency-order position 2514; corpus frequency rank 2526; Ministry common-character number 3650	蜻: frequency-order position 2514; corpus frequency rank 2526; 26 appearances (0.00215%); Unihan kRSUnicode 142.8; Kangxi radical 142 虫; Unihan kRSUnicode single radical assignment.	[]	"[""chinese"",""traditional"",""radicals"",""frequency"",""character-to-radical"",""one-way"",""part-13""]"
zh-traditional-radicals-frequency-xiii/2515/character-to-radical	XIII	vocabulary	2515	zh-Hant	zh-Hant	蓬	"[""艸""]"	[]		"[""zh-Hant.frequency.2527"",""zh.radical.kangxi.140""]"	[]	[]	sources/characters.tsv	frequency-order position 2515; corpus frequency rank 2527; Ministry common-character number 3558	蓬: frequency-order position 2515; corpus frequency rank 2527; 26 appearances (0.00215%); Unihan kRSUnicode 140.11; Kangxi radical 140 艸; Unihan kRSUnicode single radical assignment.	[]	"[""chinese"",""traditional"",""radicals"",""frequency"",""character-to-radical"",""one-way"",""part-13""]"
zh-traditional-radicals-frequency-xiii/2516/character-to-radical	XIII	vocabulary	2516	zh-Hant	zh-Hant	拳	"[""手""]"	[]		"[""zh-Hant.frequency.2528"",""zh.radical.kangxi.064""]"	[]	[]	sources/characters.tsv	frequency-order position 2516; corpus frequency rank 2528; Ministry common-character number 1569	拳: frequency-order position 2516; corpus frequency rank 2528; 26 appearances (0.00215%); Unihan kRSUnicode 64.6; Kangxi radical 64 手; Unihan kRSUnicode single radical assignment.	[]	"[""chinese"",""traditional"",""radicals"",""frequency"",""character-to-radical"",""one-way"",""part-13""]"
zh-traditional-radicals-frequency-xiii/2517/character-to-radical	XIII	vocabulary	2517	zh-Hant	zh-Hant	催	"[""人""]"	[]		"[""zh-Hant.frequency.2529"",""zh.radical.kangxi.009""]"	[]	[]	sources/characters.tsv	frequency-order position 2517; corpus frequency rank 2529; Ministry common-character number 231	催: frequency-order position 2517; corpus frequency rank 2529; 26 appearances (0.00215%); Unihan kRSUnicode 9.11; Kangxi radical 9 人; Unihan kRSUnicode single radical assignment.	[]	"[""chinese"",""traditional"",""radicals"",""frequency"",""character-to-radical"",""one-way"",""part-13""]"
zh-traditional-radicals-frequency-xiii/2518/character-to-radical	XIII	vocabulary	2518	zh-Hant	zh-Hant	扎	"[""手""]"	[]		"[""zh-Hant.frequency.2530"",""zh.radical.kangxi.064""]"	[]	[]	sources/characters.tsv	frequency-order position 2518; corpus frequency rank 2530; Ministry common-character number 1497	扎: frequency-order position 2518; corpus frequency rank 2530; 25 appearances (0.00207%); Unihan kRSUnicode 64.1; Kangxi radical 64 手; Unihan kRSUnicode single radical assignment.	[]	"[""chinese"",""traditional"",""radicals"",""frequency"",""character-to-radical"",""one-way"",""part-13""]"
zh-traditional-radicals-frequency-xiii/2519/character-to-radical	XIII	vocabulary	2519	zh-Hant	zh-Hant	估	"[""人""]"	[]		"[""zh-Hant.frequency.2531"",""zh.radical.kangxi.009""]"	[]	[]	sources/characters.tsv	frequency-order position 2519; corpus frequency rank 2531; Ministry common-character number 112	估: frequency-order position 2519; corpus frequency rank 2531; 25 appearances (0.00207%); Unihan kRSUnicode 9.5; Kangxi radical 9 人; Unihan kRSUnicode single radical assignment.	[]	"[""chinese"",""traditional"",""radicals"",""frequency"",""character-to-radical"",""one-way"",""part-13""]"
zh-traditional-radicals-frequency-xiii/2520/character-to-radical	XIII	vocabulary	2520	zh-Hant	zh-Hant	刮	"[""刀""]"	[]		"[""zh-Hant.frequency.2532"",""zh.radical.kangxi.018""]"	[]	[]	sources/characters.tsv	frequency-order position 2520; corpus frequency rank 2532; Ministry common-character number 349	刮: frequency-order position 2520; corpus frequency rank 2532; 25 appearances (0.00207%); Unihan kRSUnicode 18.6; Kangxi radical 18 刀; Unihan kRSUnicode single radical assignment.	[]	"[""chinese"",""traditional"",""radicals"",""frequency"",""character-to-radical"",""one-way"",""part-13""]"
zh-traditional-radicals-frequency-xiii/2521/character-to-radical	XIII	vocabulary	2521	zh-Hant	zh-Hant	弦	"[""弓""]"	[]		"[""zh-Hant.frequency.2533"",""zh.radical.kangxi.057""]"	[]	[]	sources/characters.tsv	frequency-order position 2521; corpus frequency rank 2533; Ministry common-character number 1252	弦: frequency-order position 2521; corpus frequency rank 2533; 25 appearances (0.00207%); Unihan kRSUnicode 57.5; Kangxi radical 57 弓; Unihan kRSUnicode single radical assignment.	[]	"[""chinese"",""traditional"",""radicals"",""frequency"",""character-to-radical"",""one-way"",""part-13""]"
zh-traditional-radicals-frequency-xiii/2522/character-to-radical	XIII	vocabulary	2522	zh-Hant	zh-Hant	拘	"[""手""]"	[]		"[""zh-Hant.frequency.2534"",""zh.radical.kangxi.064""]"	[]	[]	sources/characters.tsv	frequency-order position 2522; corpus frequency rank 2534; Ministry common-character number 1547	拘: frequency-order position 2522; corpus frequency rank 2534; 25 appearances (0.00207%); Unihan kRSUnicode 64.5; Kangxi radical 64 手; Unihan kRSUnicode single radical assignment.	[]	"[""chinese"",""traditional"",""radicals"",""frequency"",""character-to-radical"",""one-way"",""part-13""]"
zh-traditional-radicals-frequency-xiii/2523/character-to-radical	XIII	vocabulary	2523	zh-Hant	zh-Hant	姍	"[""女""]"	[]		"[""zh-Hant.frequency.2535"",""zh.radical.kangxi.038""]"	[]	[]	sources/characters.tsv	frequency-order position 2523; corpus frequency rank 2535; Ministry common-character number 907	姍: frequency-order position 2523; corpus frequency rank 2535; 25 appearances (0.00207%); Unihan kRSUnicode 38.5; Kangxi radical 38 女; Unihan kRSUnicode single radical assignment.	[]	"[""chinese"",""traditional"",""radicals"",""frequency"",""character-to-radical"",""one-way"",""part-13""]"
zh-traditional-radicals-frequency-xiii/2524/character-to-radical	XIII	vocabulary	2524	zh-Hant	zh-Hant	契	"[""大""]"	[]		"[""zh-Hant.frequency.2536"",""zh.radical.kangxi.037""]"	[]	[]	sources/characters.tsv	frequency-order position 2524; corpus frequency rank 2536; Ministry common-character number 864	契: frequency-order position 2524; corpus frequency rank 2536; 25 appearances (0.00207%); Unihan kRSUnicode 37.6; Kangxi radical 37 大; Unihan kRSUnicode single radical assignment.	[]	"[""chinese"",""traditional"",""radicals"",""frequency"",""character-to-radical"",""one-way"",""part-13""]"
zh-traditional-radicals-frequency-xiii/2525/character-to-radical	XIII	vocabulary	2525	zh-Hant	zh-Hant	姻	"[""女""]"	[]		"[""zh-Hant.frequency.2537"",""zh.radical.kangxi.038""]"	[]	[]	sources/characters.tsv	frequency-order position 2525; corpus frequency rank 2537; Ministry common-character number 925	姻: frequency-order position 2525; corpus frequency rank 2537; 25 appearances (0.00207%); Unihan kRSUnicode 38.6; Kangxi radical 38 女; Unihan kRSUnicode single radical assignment.	[]	"[""chinese"",""traditional"",""radicals"",""frequency"",""character-to-radical"",""one-way"",""part-13""]"
zh-traditional-radicals-frequency-xiii/2526/character-to-radical	XIII	vocabulary	2526	zh-Hant	zh-Hant	削	"[""刀""]"	[]		"[""zh-Hant.frequency.2538"",""zh.radical.kangxi.018""]"	[]	[]	sources/characters.tsv	frequency-order position 2526; corpus frequency rank 2538; Ministry common-character number 354	削: frequency-order position 2526; corpus frequency rank 2538; 25 appearances (0.00207%); Unihan kRSUnicode 18.7; Kangxi radical 18 刀; Unihan kRSUnicode single radical assignment.	[]	"[""chinese"",""traditional"",""radicals"",""frequency"",""character-to-radical"",""one-way"",""part-13""]"
zh-traditional-radicals-frequency-xiii/2527/character-to-radical	XIII	vocabulary	2527	zh-Hant	zh-Hant	倦	"[""人""]"	[]		"[""zh-Hant.frequency.2539"",""zh.radical.kangxi.009""]"	[]	[]	sources/characters.tsv	frequency-order position 2527; corpus frequency rank 2539; Ministry common-character number 173	倦: frequency-order position 2527; corpus frequency rank 2539; 25 appearances (0.00207%); Unihan kRSUnicode 9.8; Kangxi radical 9 人; Unihan kRSUnicode single radical assignment.	[]	"[""chinese"",""traditional"",""radicals"",""frequency"",""character-to-radical"",""one-way"",""part-13""]"
zh-traditional-radicals-frequency-xiii/2528/character-to-radical	XIII	vocabulary	2528	zh-Hant	zh-Hant	剝	"[""刀""]"	[]		"[""zh-Hant.frequency.2540"",""zh.radical.kangxi.018""]"	[]	[]	sources/characters.tsv	frequency-order position 2528; corpus frequency rank 2540; Ministry common-character number 363	剝: frequency-order position 2528; corpus frequency rank 2540; 25 appearances (0.00207%); Unihan kRSUnicode 18.8; Kangxi radical 18 刀; Unihan kRSUnicode single radical assignment.	[]	"[""chinese"",""traditional"",""radicals"",""frequency"",""character-to-radical"",""one-way"",""part-13""]"
zh-traditional-radicals-frequency-xiii/2529/character-to-radical	XIII	vocabulary	2529	zh-Hant	zh-Hant	歇	"[""欠""]"	[]		"[""zh-Hant.frequency.2541"",""zh.radical.kangxi.076""]"	[]	[]	sources/characters.tsv	frequency-order position 2529; corpus frequency rank 2541; Ministry common-character number 2059	歇: frequency-order position 2529; corpus frequency rank 2541; 25 appearances (0.00207%); Unihan kRSUnicode 76.9; Kangxi radical 76 欠; Unihan kRSUnicode single radical assignment.	[]	"[""chinese"",""traditional"",""radicals"",""frequency"",""character-to-radical"",""one-way"",""part-13""]"
zh-traditional-radicals-frequency-xiii/2530/character-to-radical	XIII	vocabulary	2530	zh-Hant	zh-Hant	矩	"[""矢""]"	[]		"[""zh-Hant.frequency.2542"",""zh.radical.kangxi.111""]"	[]	[]	sources/characters.tsv	frequency-order position 2530; corpus frequency rank 2542; Ministry common-character number 2819	矩: frequency-order position 2530; corpus frequency rank 2542; 25 appearances (0.00207%); Unihan kRSUnicode 111.5; Kangxi radical 111 矢; Unihan kRSUnicode single radical assignment.	[]	"[""chinese"",""traditional"",""radicals"",""frequency"",""character-to-radical"",""one-way"",""part-13""]"
zh-traditional-radicals-frequency-xiii/2531/character-to-radical	XIII	vocabulary	2531	zh-Hant	zh-Hant	聘	"[""耳""]"	[]		"[""zh-Hant.frequency.2543"",""zh.radical.kangxi.128""]"	[]	[]	sources/characters.tsv	frequency-order position 2531; corpus frequency rank 2543; Ministry common-character number 3271	聘: frequency-order position 2531; corpus frequency rank 2543; 25 appearances (0.00207%); Unihan kRSUnicode 128.7; Kangxi radical 128 耳; Unihan kRSUnicode single radical assignment.	[]	"[""chinese"",""traditional"",""radicals"",""frequency"",""character-to-radical"",""one-way"",""part-13""]"
zh-traditional-radicals-frequency-xiii/2532/character-to-radical	XIII	vocabulary	2532	zh-Hant	zh-Hant	郡	"[""邑""]"	[]		"[""zh-Hant.frequency.2544"",""zh.radical.kangxi.163""]"	[]	[]	sources/characters.tsv	frequency-order position 2532; corpus frequency rank 2544; Ministry common-character number 4211	郡: frequency-order position 2532; corpus frequency rank 2544; 25 appearances (0.00207%); Unihan kRSUnicode 163.7; Kangxi radical 163 邑; Unihan kRSUnicode single radical assignment.	[]	"[""chinese"",""traditional"",""radicals"",""frequency"",""character-to-radical"",""one-way"",""part-13""]"
zh-traditional-radicals-frequency-xiii/2533/character-to-radical	XIII	vocabulary	2533	zh-Hant	zh-Hant	笠	"[""竹""]"	[]		"[""zh-Hant.frequency.2546"",""zh.radical.kangxi.118""]"	[]	[]	sources/characters.tsv	frequency-order position 2533; corpus frequency rank 2546; Ministry common-character number 2990	笠: frequency-order position 2533; corpus frequency rank 2546; 25 appearances (0.00207%); Unihan kRSUnicode 118.5; Kangxi radical 118 竹; Unihan kRSUnicode single radical assignment.	[]	"[""chinese"",""traditional"",""radicals"",""frequency"",""character-to-radical"",""one-way"",""part-13""]"
zh-traditional-radicals-frequency-xiii/2534/character-to-radical	XIII	vocabulary	2534	zh-Hant	zh-Hant	噸	"[""口""]"	[]		"[""zh-Hant.frequency.2547"",""zh.radical.kangxi.030""]"	[]	[]	sources/characters.tsv	frequency-order position 2534; corpus frequency rank 2547; Ministry common-character number 693	噸: frequency-order position 2534; corpus frequency rank 2547; 25 appearances (0.00207%); Unihan kRSUnicode 30.13; Kangxi radical 30 口; Unihan kRSUnicode single radical assignment.	[]	"[""chinese"",""traditional"",""radicals"",""frequency"",""character-to-radical"",""one-way"",""part-13""]"
zh-traditional-radicals-frequency-xiii/2535/character-to-radical	XIII	vocabulary	2535	zh-Hant	zh-Hant	梢	"[""木""]"	[]		"[""zh-Hant.frequency.2548"",""zh.radical.kangxi.075""]"	[]	[]	sources/characters.tsv	frequency-order position 2535; corpus frequency rank 2548; Ministry common-character number 1934	梢: frequency-order position 2535; corpus frequency rank 2548; 25 appearances (0.00207%); Unihan kRSUnicode 75.7; Kangxi radical 75 木; Unihan kRSUnicode single radical assignment.	[]	"[""chinese"",""traditional"",""radicals"",""frequency"",""character-to-radical"",""one-way"",""part-13""]"
zh-traditional-radicals-frequency-xiii/2536/character-to-radical	XIII	vocabulary	2536	zh-Hant	zh-Hant	膝	"[""肉""]"	[]		"[""zh-Hant.frequency.2549"",""zh.radical.kangxi.130""]"	[]	[]	sources/characters.tsv	frequency-order position 2536; corpus frequency rank 2549; Ministry common-character number 3362	膝: frequency-order position 2536; corpus frequency rank 2549; 25 appearances (0.00207%); Unihan kRSUnicode 130.11; Kangxi radical 130 肉; Unihan kRSUnicode single radical assignment.	[]	"[""chinese"",""traditional"",""radicals"",""frequency"",""character-to-radical"",""one-way"",""part-13""]"
zh-traditional-radicals-frequency-xiii/2537/character-to-radical	XIII	vocabulary	2537	zh-Hant	zh-Hant	膨	"[""肉""]"	[]		"[""zh-Hant.frequency.2551"",""zh.radical.kangxi.130""]"	[]	[]	sources/characters.tsv	frequency-order position 2537; corpus frequency rank 2551; Ministry common-character number 3367	膨: frequency-order position 2537; corpus frequency rank 2551; 25 appearances (0.00207%); Unihan kRSUnicode 130.12; Kangxi radical 130 肉; Unihan kRSUnicode single radical assignment.	[]	"[""chinese"",""traditional"",""radicals"",""frequency"",""character-to-radical"",""one-way"",""part-13""]"
zh-traditional-radicals-frequency-xiii/2538/character-to-radical	XIII	vocabulary	2538	zh-Hant	zh-Hant	溢	"[""水""]"	[]		"[""zh-Hant.frequency.2552"",""zh.radical.kangxi.085""]"	[]	[]	sources/characters.tsv	frequency-order position 2538; corpus frequency rank 2552; Ministry common-character number 2277	溢: frequency-order position 2538; corpus frequency rank 2552; 25 appearances (0.00207%); Unihan kRSUnicode 85.10; Kangxi radical 85 水; Unihan kRSUnicode single radical assignment.	[]	"[""chinese"",""traditional"",""radicals"",""frequency"",""character-to-radical"",""one-way"",""part-13""]"
zh-traditional-radicals-frequency-xiii/2539/character-to-radical	XIII	vocabulary	2539	zh-Hant	zh-Hant	檔	"[""木""]"	[]		"[""zh-Hant.frequency.2553"",""zh.radical.kangxi.075""]"	[]	[]	sources/characters.tsv	frequency-order position 2539; corpus frequency rank 2553; Ministry common-character number 2033	檔: frequency-order position 2539; corpus frequency rank 2553; 25 appearances (0.00207%); Unihan kRSUnicode 75.13; Kangxi radical 75 木; Unihan kRSUnicode single radical assignment.	[]	"[""chinese"",""traditional"",""radicals"",""frequency"",""character-to-radical"",""one-way"",""part-13""]"
zh-traditional-radicals-frequency-xiii/2540/character-to-radical	XIII	vocabulary	2540	zh-Hant	zh-Hant	揉	"[""手""]"	[]		"[""zh-Hant.frequency.2554"",""zh.radical.kangxi.064""]"	[]	[]	sources/characters.tsv	frequency-order position 2540; corpus frequency rank 2554; Ministry common-character number 1619	揉: frequency-order position 2540; corpus frequency rank 2554; 25 appearances (0.00207%); Unihan kRSUnicode 64.9; Kangxi radical 64 手; Unihan kRSUnicode single radical assignment.	[]	"[""chinese"",""traditional"",""radicals"",""frequency"",""character-to-radical"",""one-way"",""part-13""]"
zh-traditional-radicals-frequency-xiii/2541/character-to-radical	XIII	vocabulary	2541	zh-Hant	zh-Hant	酥	"[""酉""]"	[]		"[""zh-Hant.frequency.2555"",""zh.radical.kangxi.164""]"	[]	[]	sources/characters.tsv	frequency-order position 2541; corpus frequency rank 2555; Ministry common-character number 4233	酥: frequency-order position 2541; corpus frequency rank 2555; 25 appearances (0.00207%); Unihan kRSUnicode 164.5; Kangxi radical 164 酉; Unihan kRSUnicode single radical assignment.	[]	"[""chinese"",""traditional"",""radicals"",""frequency"",""character-to-radical"",""one-way"",""part-13""]"
zh-traditional-radicals-frequency-xiii/2542/character-to-radical	XIII	vocabulary	2542	zh-Hant	zh-Hant	湊	"[""水""]"	[]		"[""zh-Hant.frequency.2556"",""zh.radical.kangxi.085""]"	[]	[]	sources/characters.tsv	frequency-order position 2542; corpus frequency rank 2556; Ministry common-character number 2254	湊: frequency-order position 2542; corpus frequency rank 2556; 25 appearances (0.00207%); Unihan kRSUnicode 85.9; Kangxi radical 85 水; Unihan kRSUnicode single radical assignment.	[]	"[""chinese"",""traditional"",""radicals"",""frequency"",""character-to-radical"",""one-way"",""part-13""]"
zh-traditional-radicals-frequency-xiii/2543/character-to-radical	XIII	vocabulary	2543	zh-Hant	zh-Hant	恕	"[""心""]"	[]		"[""zh-Hant.frequency.2557"",""zh.radical.kangxi.061""]"	[]	[]	sources/characters.tsv	frequency-order position 2543; corpus frequency rank 2557; Ministry common-character number 1349	恕: frequency-order position 2543; corpus frequency rank 2557; 25 appearances (0.00207%); Unihan kRSUnicode 61.6; Kangxi radical 61 心; Unihan kRSUnicode single radical assignment.	[]	"[""chinese"",""traditional"",""radicals"",""frequency"",""character-to-radical"",""one-way"",""part-13""]"
zh-traditional-radicals-frequency-xiii/2544/character-to-radical	XIII	vocabulary	2544	zh-Hant	zh-Hant	喀	"[""口""]"	[]		"[""zh-Hant.frequency.2558"",""zh.radical.kangxi.030""]"	[]	[]	sources/characters.tsv	frequency-order position 2544; corpus frequency rank 2558; Ministry common-character number 621	喀: frequency-order position 2544; corpus frequency rank 2558; 25 appearances (0.00207%); Unihan kRSUnicode 30.9; Kangxi radical 30 口; Unihan kRSUnicode single radical assignment.	[]	"[""chinese"",""traditional"",""radicals"",""frequency"",""character-to-radical"",""one-way"",""part-13""]"
zh-traditional-radicals-frequency-xiii/2545/character-to-radical	XIII	vocabulary	2545	zh-Hant	zh-Hant	瞬	"[""目""]"	[]		"[""zh-Hant.frequency.2559"",""zh.radical.kangxi.109""]"	[]	[]	sources/characters.tsv	frequency-order position 2545; corpus frequency rank 2559; Ministry common-character number 2804	瞬: frequency-order position 2545; corpus frequency rank 2559; 25 appearances (0.00207%); Unihan kRSUnicode 109.12; Kangxi radical 109 目; Unihan kRSUnicode single radical assignment.	[]	"[""chinese"",""traditional"",""radicals"",""frequency"",""character-to-radical"",""one-way"",""part-13""]"
zh-traditional-radicals-frequency-xiii/2546/character-to-radical	XIII	vocabulary	2546	zh-Hant	zh-Hant	濁	"[""水""]"	[]		"[""zh-Hant.frequency.2560"",""zh.radical.kangxi.085""]"	[]	[]	sources/characters.tsv	frequency-order position 2546; corpus frequency rank 2560; Ministry common-character number 2347	濁: frequency-order position 2546; corpus frequency rank 2560; 25 appearances (0.00207%); Unihan kRSUnicode 85.13; Kangxi radical 85 水; Unihan kRSUnicode single radical assignment.	[]	"[""chinese"",""traditional"",""radicals"",""frequency"",""character-to-radical"",""one-way"",""part-13""]"
zh-traditional-radicals-frequency-xiii/2547/character-to-radical	XIII	vocabulary	2547	zh-Hant	zh-Hant	謊	"[""言""]"	[]		"[""zh-Hant.frequency.2561"",""zh.radical.kangxi.149""]"	[]	[]	sources/characters.tsv	frequency-order position 2547; corpus frequency rank 2561; Ministry common-character number 3875	謊: frequency-order position 2547; corpus frequency rank 2561; 25 appearances (0.00207%); Unihan kRSUnicode 149.10; Kangxi radical 149 言; Unihan kRSUnicode single radical assignment.	[]	"[""chinese"",""traditional"",""radicals"",""frequency"",""character-to-radical"",""one-way"",""part-13""]"
zh-traditional-radicals-frequency-xiii/2548/character-to-radical	XIII	vocabulary	2548	zh-Hant	zh-Hant	簾	"[""竹""]"	[]		"[""zh-Hant.frequency.2562"",""zh.radical.kangxi.118""]"	[]	[]	sources/characters.tsv	frequency-order position 2548; corpus frequency rank 2562; Ministry common-character number 3041	簾: frequency-order position 2548; corpus frequency rank 2562; 25 appearances (0.00207%); Unihan kRSUnicode 118.13; Kangxi radical 118 竹; Unihan kRSUnicode single radical assignment.	[]	"[""chinese"",""traditional"",""radicals"",""frequency"",""character-to-radical"",""one-way"",""part-13""]"
zh-traditional-radicals-frequency-xiii/2549/character-to-radical	XIII	vocabulary	2549	zh-Hant	zh-Hant	蠅	"[""虫""]"	[]		"[""zh-Hant.frequency.2563"",""zh.radical.kangxi.142""]"	[]	[]	sources/characters.tsv	frequency-order position 2549; corpus frequency rank 2563; Ministry common-character number 3685	蠅: frequency-order position 2549; corpus frequency rank 2563; 25 appearances (0.00207%); Unihan kRSUnicode 142.13; Kangxi radical 142 虫; Unihan kRSUnicode single radical assignment.	[]	"[""chinese"",""traditional"",""radicals"",""frequency"",""character-to-radical"",""one-way"",""part-13""]"
zh-traditional-radicals-frequency-xiii/2550/character-to-radical	XIII	vocabulary	2550	zh-Hant	zh-Hant	旱	"[""日""]"	[]		"[""zh-Hant.frequency.2564"",""zh.radical.kangxi.072""]"	[]	[]	sources/characters.tsv	frequency-order position 2550; corpus frequency rank 2564; Ministry common-character number 1777	旱: frequency-order position 2550; corpus frequency rank 2564; 24 appearances (0.00198%); Unihan kRSUnicode 72.3; Kangxi radical 72 日; Unihan kRSUnicode single radical assignment.	[]	"[""chinese"",""traditional"",""radicals"",""frequency"",""character-to-radical"",""one-way"",""part-13""]"
zh-traditional-radicals-frequency-xiii/2551/character-to-radical	XIII	vocabulary	2551	zh-Hant	zh-Hant	竊	"[""穴""]"	[]		"[""zh-Hant.frequency.2565"",""zh.radical.kangxi.116""]"	[]	[]	sources/characters.tsv	frequency-order position 2551; corpus frequency rank 2565; Ministry common-character number 2976	竊: frequency-order position 2551; corpus frequency rank 2565; 24 appearances (0.00198%); Unihan kRSUnicode 116.17; Kangxi radical 116 穴; Unihan kRSUnicode single radical assignment.	[]	"[""chinese"",""traditional"",""radicals"",""frequency"",""character-to-radical"",""one-way"",""part-13""]"
zh-traditional-radicals-frequency-xiii/2552/character-to-radical	XIII	vocabulary	2552	zh-Hant	zh-Hant	櫻	"[""木""]"	[]		"[""zh-Hant.frequency.2566"",""zh.radical.kangxi.075""]"	[]	[]	sources/characters.tsv	frequency-order position 2552; corpus frequency rank 2566; Ministry common-character number 2048	櫻: frequency-order position 2552; corpus frequency rank 2566; 24 appearances (0.00198%); Unihan kRSUnicode 75.17; Kangxi radical 75 木; Unihan kRSUnicode single radical assignment.	[]	"[""chinese"",""traditional"",""radicals"",""frequency"",""character-to-radical"",""one-way"",""part-13""]"
zh-traditional-radicals-frequency-xiii/2553/character-to-radical	XIII	vocabulary	2553	zh-Hant	zh-Hant	衍	"[""行""]"	[]		"[""zh-Hant.frequency.2567"",""zh.radical.kangxi.144""]"	[]	[]	sources/characters.tsv	frequency-order position 2553; corpus frequency rank 2567; Ministry common-character number 3700	衍: frequency-order position 2553; corpus frequency rank 2567; 24 appearances (0.00198%); Unihan kRSUnicode 144.3; Kangxi radical 144 行; Unihan kRSUnicode single radical assignment.	[]	"[""chinese"",""traditional"",""radicals"",""frequency"",""character-to-radical"",""one-way"",""part-13""]"
zh-traditional-radicals-frequency-xiii/2554/character-to-radical	XIII	vocabulary	2554	zh-Hant	zh-Hant	淒	"[""水""]"	[]		"[""zh-Hant.frequency.2569"",""zh.radical.kangxi.085""]"	[]	[]	sources/characters.tsv	frequency-order position 2554; corpus frequency rank 2569; Ministry common-character number 2236	淒: frequency-order position 2554; corpus frequency rank 2569; 24 appearances (0.00198%); Unihan kRSUnicode 85.8; Kangxi radical 85 水; Unihan kRSUnicode single radical assignment.	[]	"[""chinese"",""traditional"",""radicals"",""frequency"",""character-to-radical"",""one-way"",""part-13""]"
zh-traditional-radicals-frequency-xiii/2555/character-to-radical	XIII	vocabulary	2555	zh-Hant	zh-Hant	緞	"[""糸""]"	[]		"[""zh-Hant.frequency.2570"",""zh.radical.kangxi.120""]"	[]	[]	sources/characters.tsv	frequency-order position 2555; corpus frequency rank 2570; Ministry common-character number 3157	緞: frequency-order position 2555; corpus frequency rank 2570; 24 appearances (0.00198%); Unihan kRSUnicode 120.9; Kangxi radical 120 糸; Unihan kRSUnicode single radical assignment.	[]	"[""chinese"",""traditional"",""radicals"",""frequency"",""character-to-radical"",""one-way"",""part-13""]"
zh-traditional-radicals-frequency-xiii/2556/character-to-radical	XIII	vocabulary	2556	zh-Hant	zh-Hant	惹	"[""心""]"	[]		"[""zh-Hant.frequency.2571"",""zh.radical.kangxi.061""]"	[]	[]	sources/characters.tsv	frequency-order position 2556; corpus frequency rank 2571; Ministry common-character number 1405	惹: frequency-order position 2556; corpus frequency rank 2571; 24 appearances (0.00198%); Unihan kRSUnicode 61.9; Kangxi radical 61 心; Unihan kRSUnicode single radical assignment.	[]	"[""chinese"",""traditional"",""radicals"",""frequency"",""character-to-radical"",""one-way"",""part-13""]"
zh-traditional-radicals-frequency-xiii/2557/character-to-radical	XIII	vocabulary	2557	zh-Hant	zh-Hant	誘	"[""言""]"	[]		"[""zh-Hant.frequency.2572"",""zh.radical.kangxi.149""]"	[]	[]	sources/characters.tsv	frequency-order position 2557; corpus frequency rank 2572; Ministry common-character number 3842	誘: frequency-order position 2557; corpus frequency rank 2572; 24 appearances (0.00198%); Unihan kRSUnicode 149.7; Kangxi radical 149 言; Unihan kRSUnicode single radical assignment.	[]	"[""chinese"",""traditional"",""radicals"",""frequency"",""character-to-radical"",""one-way"",""part-13""]"
zh-traditional-radicals-frequency-xiii/2558/character-to-radical	XIII	vocabulary	2558	zh-Hant	zh-Hant	肅	"[""聿""]"	[]		"[""zh-Hant.frequency.2573"",""zh.radical.kangxi.129""]"	[]	[]	sources/characters.tsv	frequency-order position 2558; corpus frequency rank 2573; Ministry common-character number 3286	肅: frequency-order position 2558; corpus frequency rank 2573; 24 appearances (0.00198%); Unihan kRSUnicode 129.7; Kangxi radical 129 聿; Unihan kRSUnicode single radical assignment.	[]	"[""chinese"",""traditional"",""radicals"",""frequency"",""character-to-radical"",""one-way"",""part-13""]"
zh-traditional-radicals-frequency-xiii/2559/character-to-radical	XIII	vocabulary	2559	zh-Hant	zh-Hant	蔥	"[""艸""]"	[]		"[""zh-Hant.frequency.2574"",""zh.radical.kangxi.140""]"	[]	[]	sources/characters.tsv	frequency-order position 2559; corpus frequency rank 2574; Ministry common-character number 3559	蔥: frequency-order position 2559; corpus frequency rank 2574; 24 appearances (0.00198%); Unihan kRSUnicode 140.11; Kangxi radical 140 艸; Unihan kRSUnicode single radical assignment.	[]	"[""chinese"",""traditional"",""radicals"",""frequency"",""character-to-radical"",""one-way"",""part-13""]"
zh-traditional-radicals-frequency-xiii/2560/character-to-radical	XIII	vocabulary	2560	zh-Hant	zh-Hant	菊	"[""艸""]"	[]		"[""zh-Hant.frequency.2575"",""zh.radical.kangxi.140""]"	[]	[]	sources/characters.tsv	frequency-order position 2560; corpus frequency rank 2575; Ministry common-character number 3513	菊: frequency-order position 2560; corpus frequency rank 2575; 24 appearances (0.00198%); Unihan kRSUnicode 140.8; Kangxi radical 140 艸; Unihan kRSUnicode single radical assignment.	[]	"[""chinese"",""traditional"",""radicals"",""frequency"",""character-to-radical"",""one-way"",""part-13""]"
zh-traditional-radicals-frequency-xiii/2561/character-to-radical	XIII	vocabulary	2561	zh-Hant	zh-Hant	嚀	"[""口""]"	[]		"[""zh-Hant.frequency.2576"",""zh.radical.kangxi.030""]"	[]	[]	sources/characters.tsv	frequency-order position 2561; corpus frequency rank 2576; Ministry common-character number 703	嚀: frequency-order position 2561; corpus frequency rank 2576; 24 appearances (0.00198%); Unihan kRSUnicode 30.14; Kangxi radical 30 口; Unihan kRSUnicode single radical assignment.	[]	"[""chinese"",""traditional"",""radicals"",""frequency"",""character-to-radical"",""one-way"",""part-13""]"
zh-traditional-radicals-frequency-xiii/2562/character-to-radical	XIII	vocabulary	2562	zh-Hant	zh-Hant	槓	"[""木""]"	[]		"[""zh-Hant.frequency.2577"",""zh.radical.kangxi.075""]"	[]	[]	sources/characters.tsv	frequency-order position 2562; corpus frequency rank 2577; Ministry common-character number 1994	槓: frequency-order position 2562; corpus frequency rank 2577; 24 appearances (0.00198%); Unihan kRSUnicode 75.10; Kangxi radical 75 木; Unihan kRSUnicode single radical assignment.	[]	"[""chinese"",""traditional"",""radicals"",""frequency"",""character-to-radical"",""one-way"",""part-13""]"
zh-traditional-radicals-frequency-xiii/2563/character-to-radical	XIII	vocabulary	2563	zh-Hant	zh-Hant	螳	"[""虫""]"	[]		"[""zh-Hant.frequency.2578"",""zh.radical.kangxi.142""]"	[]	[]	sources/characters.tsv	frequency-order position 2563; corpus frequency rank 2578; Ministry common-character number 3673	螳: frequency-order position 2563; corpus frequency rank 2578; 24 appearances (0.00198%); Unihan kRSUnicode 142.11; Kangxi radical 142 虫; Unihan kRSUnicode single radical assignment.	[]	"[""chinese"",""traditional"",""radicals"",""frequency"",""character-to-radical"",""one-way"",""part-13""]"
zh-traditional-radicals-frequency-xiii/2564/character-to-radical	XIII	vocabulary	2564	zh-Hant	zh-Hant	蜢	"[""虫""]"	[]		"[""zh-Hant.frequency.2579"",""zh.radical.kangxi.142""]"	[]	[]	sources/characters.tsv	frequency-order position 2564; corpus frequency rank 2579; Ministry common-character number 3651	蜢: frequency-order position 2564; corpus frequency rank 2579; 24 appearances (0.00198%); Unihan kRSUnicode 142.8; Kangxi radical 142 虫; Unihan kRSUnicode single radical assignment.	[]	"[""chinese"",""traditional"",""radicals"",""frequency"",""character-to-radical"",""one-way"",""part-13""]"
zh-traditional-radicals-frequency-xiii/2565/character-to-radical	XIII	vocabulary	2565	zh-Hant	zh-Hant	顫	"[""頁""]"	[]		"[""zh-Hant.frequency.2580"",""zh.radical.kangxi.181""]"	[]	[]	sources/characters.tsv	frequency-order position 2565; corpus frequency rank 2580; Ministry common-character number 4568	顫: frequency-order position 2565; corpus frequency rank 2580; 24 appearances (0.00198%); Unihan kRSUnicode 181.13; Kangxi radical 181 頁; Unihan kRSUnicode single radical assignment.	[]	"[""chinese"",""traditional"",""radicals"",""frequency"",""character-to-radical"",""one-way"",""part-13""]"
zh-traditional-radicals-frequency-xiii/2566/character-to-radical	XIII	vocabulary	2566	zh-Hant	zh-Hant	琪	"[""玉""]"	[]		"[""zh-Hant.frequency.2581"",""zh.radical.kangxi.096""]"	[]	[]	sources/characters.tsv	frequency-order position 2566; corpus frequency rank 2581; Ministry common-character number 2577	琪: frequency-order position 2566; corpus frequency rank 2581; 24 appearances (0.00198%); Unihan kRSUnicode 96.8; Kangxi radical 96 玉; Unihan kRSUnicode single radical assignment.	[]	"[""chinese"",""traditional"",""radicals"",""frequency"",""character-to-radical"",""one-way"",""part-13""]"
zh-traditional-radicals-frequency-xiii/2567/character-to-radical	XIII	vocabulary	2567	zh-Hant	zh-Hant	逼	"[""辵""]"	[]		"[""zh-Hant.frequency.2582"",""zh.radical.kangxi.162""]"	[]	[]	sources/characters.tsv	frequency-order position 2567; corpus frequency rank 2582; Ministry common-character number 4162	逼: frequency-order position 2567; corpus frequency rank 2582; 24 appearances (0.00198%); Unihan kRSUnicode 162.9; Kangxi radical 162 辵; Unihan kRSUnicode single radical assignment.	[]	"[""chinese"",""traditional"",""radicals"",""frequency"",""character-to-radical"",""one-way"",""part-13""]"
zh-traditional-radicals-frequency-xiii/2568/character-to-radical	XIII	vocabulary	2568	zh-Hant	zh-Hant	裳	"[""衣""]"	[]		"[""zh-Hant.frequency.2583"",""zh.radical.kangxi.145""]"	[]	[]	sources/characters.tsv	frequency-order position 2568; corpus frequency rank 2583; Ministry common-character number 3735	裳: frequency-order position 2568; corpus frequency rank 2583; 24 appearances (0.00198%); Unihan kRSUnicode 145.8; Kangxi radical 145 衣; Unihan kRSUnicode single radical assignment.	[]	"[""chinese"",""traditional"",""radicals"",""frequency"",""character-to-radical"",""one-way"",""part-13""]"
zh-traditional-radicals-frequency-xiii/2569/character-to-radical	XIII	vocabulary	2569	zh-Hant	zh-Hant	蔭	"[""艸""]"	[]		"[""zh-Hant.frequency.2584"",""zh.radical.kangxi.140""]"	[]	[]	sources/characters.tsv	frequency-order position 2569; corpus frequency rank 2584; Ministry common-character number 3552	蔭: frequency-order position 2569; corpus frequency rank 2584; 24 appearances (0.00198%); Unihan kRSUnicode 140.11; Kangxi radical 140 艸; Unihan kRSUnicode single radical assignment.	[]	"[""chinese"",""traditional"",""radicals"",""frequency"",""character-to-radical"",""one-way"",""part-13""]"
zh-traditional-radicals-frequency-xiii/2570/character-to-radical	XIII	vocabulary	2570	zh-Hant	zh-Hant	傭	"[""人""]"	[]		"[""zh-Hant.frequency.2585"",""zh.radical.kangxi.009""]"	[]	[]	sources/characters.tsv	frequency-order position 2570; corpus frequency rank 2585; Ministry common-character number 225	傭: frequency-order position 2570; corpus frequency rank 2585; 24 appearances (0.00198%); Unihan kRSUnicode 9.11; Kangxi radical 9 人; Unihan kRSUnicode single radical assignment.	[]	"[""chinese"",""traditional"",""radicals"",""frequency"",""character-to-radical"",""one-way"",""part-13""]"
zh-traditional-radicals-frequency-xiii/2571/character-to-radical	XIII	vocabulary	2571	zh-Hant	zh-Hant	瀝	"[""水""]"	[]		"[""zh-Hant.frequency.2586"",""zh.radical.kangxi.085""]"	[]	[]	sources/characters.tsv	frequency-order position 2571; corpus frequency rank 2586; Ministry common-character number 2374	瀝: frequency-order position 2571; corpus frequency rank 2586; 24 appearances (0.00198%); Unihan kRSUnicode 85.16; Kangxi radical 85 水; Unihan kRSUnicode single radical assignment.	[]	"[""chinese"",""traditional"",""radicals"",""frequency"",""character-to-radical"",""one-way"",""part-13""]"
zh-traditional-radicals-frequency-xiii/2572/character-to-radical	XIII	vocabulary	2572	zh-Hant	zh-Hant	蹦	"[""足""]"	[]		"[""zh-Hant.frequency.2587"",""zh.radical.kangxi.157""]"	[]	[]	sources/characters.tsv	frequency-order position 2572; corpus frequency rank 2587; Ministry common-character number 4039	蹦: frequency-order position 2572; corpus frequency rank 2587; 24 appearances (0.00198%); Unihan kRSUnicode 157.11; Kangxi radical 157 足; Unihan kRSUnicode single radical assignment.	[]	"[""chinese"",""traditional"",""radicals"",""frequency"",""character-to-radical"",""one-way"",""part-13""]"
zh-traditional-radicals-frequency-xiii/2573/character-to-radical	XIII	vocabulary	2573	zh-Hant	zh-Hant	杖	"[""木""]"	[]		"[""zh-Hant.frequency.2588"",""zh.radical.kangxi.075""]"	[]	[]	sources/characters.tsv	frequency-order position 2573; corpus frequency rank 2588; Ministry common-character number 1869	杖: frequency-order position 2573; corpus frequency rank 2588; 24 appearances (0.00198%); Unihan kRSUnicode 75.3; Kangxi radical 75 木; Unihan kRSUnicode single radical assignment.	[]	"[""chinese"",""traditional"",""radicals"",""frequency"",""character-to-radical"",""one-way"",""part-13""]"
zh-traditional-radicals-frequency-xiii/2574/character-to-radical	XIII	vocabulary	2574	zh-Hant	zh-Hant	娛	"[""女""]"	[]		"[""zh-Hant.frequency.2589"",""zh.radical.kangxi.038""]"	[]	[]	sources/characters.tsv	frequency-order position 2574; corpus frequency rank 2589; Ministry common-character number 930	娛: frequency-order position 2574; corpus frequency rank 2589; 24 appearances (0.00198%); Unihan kRSUnicode 38.7; Kangxi radical 38 女; Unihan kRSUnicode single radical assignment.	[]	"[""chinese"",""traditional"",""radicals"",""frequency"",""character-to-radical"",""one-way"",""part-13""]"
zh-traditional-radicals-frequency-xiii/2575/character-to-radical	XIII	vocabulary	2575	zh-Hant	zh-Hant	硫	"[""石""]"	[]		"[""zh-Hant.frequency.2590"",""zh.radical.kangxi.112""]"	[]	[]	sources/characters.tsv	frequency-order position 2575; corpus frequency rank 2590; Ministry common-character number 2837	硫: frequency-order position 2575; corpus frequency rank 2590; 24 appearances (0.00198%); Unihan kRSUnicode 112.7; Kangxi radical 112 石; Unihan kRSUnicode single radical assignment.	[]	"[""chinese"",""traditional"",""radicals"",""frequency"",""character-to-radical"",""one-way"",""part-13""]"
zh-traditional-radicals-frequency-xiii/2576/character-to-radical	XIII	vocabulary	2576	zh-Hant	zh-Hant	肋	"[""肉""]"	[]		"[""zh-Hant.frequency.2591"",""zh.radical.kangxi.130""]"	[]	[]	sources/characters.tsv	frequency-order position 2576; corpus frequency rank 2591; Ministry common-character number 3289	肋: frequency-order position 2576; corpus frequency rank 2591; 23 appearances (0.00190%); Unihan kRSUnicode 130.2; Kangxi radical 130 肉; Unihan kRSUnicode single radical assignment.	[]	"[""chinese"",""traditional"",""radicals"",""frequency"",""character-to-radical"",""one-way"",""part-13""]"
zh-traditional-radicals-frequency-xiii/2577/character-to-radical	XIII	vocabulary	2577	zh-Hant	zh-Hant	炭	"[""火""]"	[]		"[""zh-Hant.frequency.2592"",""zh.radical.kangxi.086""]"	[]	[]	sources/characters.tsv	frequency-order position 2577; corpus frequency rank 2592; Ministry common-character number 2399	炭: frequency-order position 2577; corpus frequency rank 2592; 23 appearances (0.00190%); Unihan kRSUnicode 86.5; Kangxi radical 86 火; Unihan kRSUnicode single radical assignment.	[]	"[""chinese"",""traditional"",""radicals"",""frequency"",""character-to-radical"",""one-way"",""part-13""]"
zh-traditional-radicals-frequency-xiii/2578/character-to-radical	XIII	vocabulary	2578	zh-Hant	zh-Hant	丸	"[""丶""]"	[]		"[""zh-Hant.frequency.2593"",""zh.radical.kangxi.003""]"	[]	[]	sources/characters.tsv	frequency-order position 2578; corpus frequency rank 2593; Ministry common-character number 22	丸: frequency-order position 2578; corpus frequency rank 2593; 23 appearances (0.00190%); Unihan kRSUnicode 3.2; Kangxi radical 3 丶; Unihan kRSUnicode single radical assignment.	[]	"[""chinese"",""traditional"",""radicals"",""frequency"",""character-to-radical"",""one-way"",""part-13""]"
zh-traditional-radicals-frequency-xiii/2579/character-to-radical	XIII	vocabulary	2579	zh-Hant	zh-Hant	豈	"[""豆""]"	[]		"[""zh-Hant.frequency.2594"",""zh.radical.kangxi.151""]"	[]	[]	sources/characters.tsv	frequency-order position 2579; corpus frequency rank 2594; Ministry common-character number 3906	豈: frequency-order position 2579; corpus frequency rank 2594; 23 appearances (0.00190%); Unihan kRSUnicode 151.3; Kangxi radical 151 豆; Unihan kRSUnicode single radical assignment.	[]	"[""chinese"",""traditional"",""radicals"",""frequency"",""character-to-radical"",""one-way"",""part-13""]"
zh-traditional-radicals-frequency-xiii/2580/character-to-radical	XIII	vocabulary	2580	zh-Hant	zh-Hant	函	"[""凵""]"	[]		"[""zh-Hant.frequency.2595"",""zh.radical.kangxi.017""]"	[]	[]	sources/characters.tsv	frequency-order position 2580; corpus frequency rank 2595; Ministry common-character number 327	函: frequency-order position 2580; corpus frequency rank 2595; 23 appearances (0.00190%); Unihan kRSUnicode 17.6; Kangxi radical 17 凵; Unihan kRSUnicode single radical assignment.	[]	"[""chinese"",""traditional"",""radicals"",""frequency"",""character-to-radical"",""one-way"",""part-13""]"
zh-traditional-radicals-frequency-xiii/2581/character-to-radical	XIII	vocabulary	2581	zh-Hant	zh-Hant	殷	"[""殳""]"	[]		"[""zh-Hant.frequency.2596"",""zh.radical.kangxi.079""]"	[]	[]	sources/characters.tsv	frequency-order position 2581; corpus frequency rank 2596; Ministry common-character number 2090	殷: frequency-order position 2581; corpus frequency rank 2596; 23 appearances (0.00190%); Unihan kRSUnicode 79.6; Kangxi radical 79 殳; Unihan kRSUnicode single radical assignment.	[]	"[""chinese"",""traditional"",""radicals"",""frequency"",""character-to-radical"",""one-way"",""part-13""]"
zh-traditional-radicals-frequency-xiii/2582/character-to-radical	XIII	vocabulary	2582	zh-Hant	zh-Hant	拌	"[""手""]"	[]		"[""zh-Hant.frequency.2597"",""zh.radical.kangxi.064""]"	[]	[]	sources/characters.tsv	frequency-order position 2582; corpus frequency rank 2597; Ministry common-character number 1525	拌: frequency-order position 2582; corpus frequency rank 2597; 23 appearances (0.00190%); Unihan kRSUnicode 64.5; Kangxi radical 64 手; Unihan kRSUnicode single radical assignment.	[]	"[""chinese"",""traditional"",""radicals"",""frequency"",""character-to-radical"",""one-way"",""part-13""]"
zh-traditional-radicals-frequency-xiii/2583/character-to-radical	XIII	vocabulary	2583	zh-Hant	zh-Hant	堊	"[""土""]"	[]		"[""zh-Hant.frequency.2598"",""zh.radical.kangxi.032""]"	[]	[]	sources/characters.tsv	frequency-order position 2583; corpus frequency rank 2598; Ministry common-character number 777	堊: frequency-order position 2583; corpus frequency rank 2598; 23 appearances (0.00190%); Unihan kRSUnicode 32.8; Kangxi radical 32 土; Unihan kRSUnicode single radical assignment.	[]	"[""chinese"",""traditional"",""radicals"",""frequency"",""character-to-radical"",""one-way"",""part-13""]"
zh-traditional-radicals-frequency-xiii/2584/character-to-radical	XIII	vocabulary	2584	zh-Hant	zh-Hant	旺	"[""日""]"	[]		"[""zh-Hant.frequency.2599"",""zh.radical.kangxi.072""]"	[]	[]	sources/characters.tsv	frequency-order position 2584; corpus frequency rank 2599; Ministry common-character number 1778	旺: frequency-order position 2584; corpus frequency rank 2599; 23 appearances (0.00190%); Unihan kRSUnicode 72.4; Kangxi radical 72 日; Unihan kRSUnicode single radical assignment.	[]	"[""chinese"",""traditional"",""radicals"",""frequency"",""character-to-radical"",""one-way"",""part-13""]"
zh-traditional-radicals-frequency-xiii/2585/character-to-radical	XIII	vocabulary	2585	zh-Hant	zh-Hant	偽	"[""人""]"	[]		"[""zh-Hant.frequency.2600"",""zh.radical.kangxi.009""]"	[]	[]	sources/characters.tsv	frequency-order position 2585; corpus frequency rank 2600; Ministry common-character number 201	偽: frequency-order position 2585; corpus frequency rank 2600; 23 appearances (0.00190%); Unihan kRSUnicode 9.9; Kangxi radical 9 人; Unihan kRSUnicode single radical assignment.	[]	"[""chinese"",""traditional"",""radicals"",""frequency"",""character-to-radical"",""one-way"",""part-13""]"
zh-traditional-radicals-frequency-xiii/2586/character-to-radical	XIII	vocabulary	2586	zh-Hant	zh-Hant	宛	"[""宀""]"	[]		"[""zh-Hant.frequency.2601"",""zh.radical.kangxi.040""]"	[]	[]	sources/characters.tsv	frequency-order position 2586; corpus frequency rank 2601; Ministry common-character number 1018	宛: frequency-order position 2586; corpus frequency rank 2601; 23 appearances (0.00190%); Unihan kRSUnicode 40.5; Kangxi radical 40 宀; Unihan kRSUnicode single radical assignment.	[]	"[""chinese"",""traditional"",""radicals"",""frequency"",""character-to-radical"",""one-way"",""part-13""]"
zh-traditional-radicals-frequency-xiii/2587/character-to-radical	XIII	vocabulary	2587	zh-Hant	zh-Hant	栗	"[""木""]"	[]		"[""zh-Hant.frequency.2602"",""zh.radical.kangxi.075""]"	[]	[]	sources/characters.tsv	frequency-order position 2587; corpus frequency rank 2602; Ministry common-character number 1920	栗: frequency-order position 2587; corpus frequency rank 2602; 23 appearances (0.00190%); Unihan kRSUnicode 75.6; Kangxi radical 75 木; Unihan kRSUnicode single radical assignment.	[]	"[""chinese"",""traditional"",""radicals"",""frequency"",""character-to-radical"",""one-way"",""part-13""]"
zh-traditional-radicals-frequency-xiii/2588/character-to-radical	XIII	vocabulary	2588	zh-Hant	zh-Hant	斥	"[""斤""]"	[]		"[""zh-Hant.frequency.2603"",""zh.radical.kangxi.069""]"	[]	[]	sources/characters.tsv	frequency-order position 2588; corpus frequency rank 2603; Ministry common-character number 1752	斥: frequency-order position 2588; corpus frequency rank 2603; 23 appearances (0.00190%); Unihan kRSUnicode 69.1; Kangxi radical 69 斤; Unihan kRSUnicode single radical assignment.	[]	"[""chinese"",""traditional"",""radicals"",""frequency"",""character-to-radical"",""one-way"",""part-13""]"
zh-traditional-radicals-frequency-xiii/2589/character-to-radical	XIII	vocabulary	2589	zh-Hant	zh-Hant	咕	"[""口""]"	[]		"[""zh-Hant.frequency.2604"",""zh.radical.kangxi.030""]"	[]	[]	sources/characters.tsv	frequency-order position 2589; corpus frequency rank 2604; Ministry common-character number 545	咕: frequency-order position 2589; corpus frequency rank 2604; 23 appearances (0.00190%); Unihan kRSUnicode 30.5; Kangxi radical 30 口; Unihan kRSUnicode single radical assignment.	[]	"[""chinese"",""traditional"",""radicals"",""frequency"",""character-to-radical"",""one-way"",""part-13""]"
zh-traditional-radicals-frequency-xiii/2590/character-to-radical	XIII	vocabulary	2590	zh-Hant	zh-Hant	妒	"[""女""]"	[]		"[""zh-Hant.frequency.2605"",""zh.radical.kangxi.038""]"	[]	[]	sources/characters.tsv	frequency-order position 2590; corpus frequency rank 2605; Ministry common-character number 888	妒: frequency-order position 2590; corpus frequency rank 2605; 23 appearances (0.00190%); Unihan kRSUnicode 38.4; Kangxi radical 38 女; Unihan kRSUnicode single radical assignment.	[]	"[""chinese"",""traditional"",""radicals"",""frequency"",""character-to-radical"",""one-way"",""part-13""]"
zh-traditional-radicals-frequency-xiii/2591/character-to-radical	XIII	vocabulary	2591	zh-Hant	zh-Hant	盲	"[""目""]"	[]		"[""zh-Hant.frequency.2606"",""zh.radical.kangxi.109""]"	[]	[]	sources/characters.tsv	frequency-order position 2591; corpus frequency rank 2606; Ministry common-character number 2758	盲: frequency-order position 2591; corpus frequency rank 2606; 23 appearances (0.00190%); Unihan kRSUnicode 109.3; Kangxi radical 109 目; Unihan kRSUnicode single radical assignment.	[]	"[""chinese"",""traditional"",""radicals"",""frequency"",""character-to-radical"",""one-way"",""part-13""]"
zh-traditional-radicals-frequency-xiii/2592/character-to-radical	XIII	vocabulary	2592	zh-Hant	zh-Hant	妝	"[""女""]"	[]		"[""zh-Hant.frequency.2607"",""zh.radical.kangxi.038""]"	[]	[]	sources/characters.tsv	frequency-order position 2592; corpus frequency rank 2607; Ministry common-character number 887	妝: frequency-order position 2592; corpus frequency rank 2607; 23 appearances (0.00190%); Unihan kRSUnicode 38.4; Kangxi radical 38 女; Unihan kRSUnicode single radical assignment.	[]	"[""chinese"",""traditional"",""radicals"",""frequency"",""character-to-radical"",""one-way"",""part-13""]"
zh-traditional-radicals-frequency-xiii/2593/character-to-radical	XIII	vocabulary	2593	zh-Hant	zh-Hant	御	"[""彳""]"	[]		"[""zh-Hant.frequency.2608"",""zh.radical.kangxi.060""]"	[]	[]	sources/characters.tsv	frequency-order position 2593; corpus frequency rank 2608; Ministry common-character number 1295	御: frequency-order position 2593; corpus frequency rank 2608; 23 appearances (0.00190%); Unihan kRSUnicode 60.8; Kangxi radical 60 彳; Unihan kRSUnicode single radical assignment.	[]	"[""chinese"",""traditional"",""radicals"",""frequency"",""character-to-radical"",""one-way"",""part-13""]"
zh-traditional-radicals-frequency-xiii/2594/character-to-radical	XIII	vocabulary	2594	zh-Hant	zh-Hant	淵	"[""水""]"	[]		"[""zh-Hant.frequency.2609"",""zh.radical.kangxi.085""]"	[]	[]	sources/characters.tsv	frequency-order position 2594; corpus frequency rank 2609; Ministry common-character number 2234	淵: frequency-order position 2594; corpus frequency rank 2609; 23 appearances (0.00190%); Unihan kRSUnicode 85.8; Kangxi radical 85 水; Unihan kRSUnicode single radical assignment.	[]	"[""chinese"",""traditional"",""radicals"",""frequency"",""character-to-radical"",""one-way"",""part-13""]"
zh-traditional-radicals-frequency-xiii/2595/character-to-radical	XIII	vocabulary	2595	zh-Hant	zh-Hant	眶	"[""目""]"	[]		"[""zh-Hant.frequency.2610"",""zh.radical.kangxi.109""]"	[]	[]	sources/characters.tsv	frequency-order position 2595; corpus frequency rank 2610; Ministry common-character number 2774	眶: frequency-order position 2595; corpus frequency rank 2610; 23 appearances (0.00190%); Unihan kRSUnicode 109.6; Kangxi radical 109 目; Unihan kRSUnicode single radical assignment.	[]	"[""chinese"",""traditional"",""radicals"",""frequency"",""character-to-radical"",""one-way"",""part-13""]"
zh-traditional-radicals-frequency-xiii/2596/character-to-radical	XIII	vocabulary	2596	zh-Hant	zh-Hant	訣	"[""言""]"	[]		"[""zh-Hant.frequency.2611"",""zh.radical.kangxi.149""]"	[]	[]	sources/characters.tsv	frequency-order position 2596; corpus frequency rank 2611; Ministry common-character number 3796	訣: frequency-order position 2596; corpus frequency rank 2611; 23 appearances (0.00190%); Unihan kRSUnicode 149.4; Kangxi radical 149 言; Unihan kRSUnicode single radical assignment.	[]	"[""chinese"",""traditional"",""radicals"",""frequency"",""character-to-radical"",""one-way"",""part-13""]"
zh-traditional-radicals-frequency-xiii/2597/character-to-radical	XIII	vocabulary	2597	zh-Hant	zh-Hant	媳	"[""女""]"	[]		"[""zh-Hant.frequency.2612"",""zh.radical.kangxi.038""]"	[]	[]	sources/characters.tsv	frequency-order position 2597; corpus frequency rank 2612; Ministry common-character number 960	媳: frequency-order position 2597; corpus frequency rank 2612; 23 appearances (0.00190%); Unihan kRSUnicode 38.10; Kangxi radical 38 女; Unihan kRSUnicode single radical assignment.	[]	"[""chinese"",""traditional"",""radicals"",""frequency"",""character-to-radical"",""one-way"",""part-13""]"
zh-traditional-radicals-frequency-xiii/2598/character-to-radical	XIII	vocabulary	2598	zh-Hant	zh-Hant	渦	"[""水""]"	[]		"[""zh-Hant.frequency.2613"",""zh.radical.kangxi.085""]"	[]	[]	sources/characters.tsv	frequency-order position 2598; corpus frequency rank 2613; Ministry common-character number 2265	渦: frequency-order position 2598; corpus frequency rank 2613; 23 appearances (0.00190%); Unihan kRSUnicode 85.9; Kangxi radical 85 水; Unihan kRSUnicode single radical assignment.	[]	"[""chinese"",""traditional"",""radicals"",""frequency"",""character-to-radical"",""one-way"",""part-13""]"
zh-traditional-radicals-frequency-xiii/2599/character-to-radical	XIII	vocabulary	2599	zh-Hant	zh-Hant	藹	"[""艸""]"	[]		"[""zh-Hant.frequency.2614"",""zh.radical.kangxi.140""]"	[]	[]	sources/characters.tsv	frequency-order position 2599; corpus frequency rank 2614; Ministry common-character number 3592	藹: frequency-order position 2599; corpus frequency rank 2614; 23 appearances (0.00190%); Unihan kRSUnicode 140.16; Kangxi radical 140 艸; Unihan kRSUnicode single radical assignment.	[]	"[""chinese"",""traditional"",""radicals"",""frequency"",""character-to-radical"",""one-way"",""part-13""]"
zh-traditional-radicals-frequency-xiii/2600/character-to-radical	XIII	vocabulary	2600	zh-Hant	zh-Hant	焚	"[""火""]"	[]		"[""zh-Hant.frequency.2615"",""zh.radical.kangxi.086""]"	[]	[]	sources/characters.tsv	frequency-order position 2600; corpus frequency rank 2615; Ministry common-character number 2413	焚: frequency-order position 2600; corpus frequency rank 2615; 23 appearances (0.00190%); Unihan kRSUnicode 86.8; Kangxi radical 86 火; Unihan kRSUnicode single radical assignment.	[]	"[""chinese"",""traditional"",""radicals"",""frequency"",""character-to-radical"",""one-way"",""part-13""]"
