card_id	deck	kind	source_chapter	prompt_language	answer_language	prompt	accepted_answers	distractors	explanation	lexical_ids	grammar_ids	geographic_ids	provenance_path	provenance_locator	provenance_evidence	examples	tags
zh-traditional-radicals-frequency-vii/1201/character-to-radical	VII	vocabulary	1201	zh-Hant	zh-Hant	徒	"[""彳""]"	[]		"[""zh-Hant.frequency.1202"",""zh.radical.kangxi.060""]"	[]	[]	sources/characters.tsv	frequency-order position 1201; corpus frequency rank 1202; Ministry common-character number 1288	徒: frequency-order position 1201; corpus frequency rank 1202; 141 appearances (0.01168%); Unihan kRSUnicode 60.7; Kangxi radical 60 彳; Unihan kRSUnicode single radical assignment.	[]	"[""chinese"",""traditional"",""radicals"",""frequency"",""character-to-radical"",""one-way"",""part-7""]"
zh-traditional-radicals-frequency-vii/1202/character-to-radical	VII	vocabulary	1202	zh-Hant	zh-Hant	幣	"[""巾""]"	[]		"[""zh-Hant.frequency.1203"",""zh.radical.kangxi.050""]"	[]	[]	sources/characters.tsv	frequency-order position 1202; corpus frequency rank 1203; Ministry common-character number 1184	幣: frequency-order position 1202; corpus frequency rank 1203; 141 appearances (0.01168%); Unihan kRSUnicode 50.12; Kangxi radical 50 巾; Unihan kRSUnicode single radical assignment.	[]	"[""chinese"",""traditional"",""radicals"",""frequency"",""character-to-radical"",""one-way"",""part-7""]"
zh-traditional-radicals-frequency-vii/1203/character-to-radical	VII	vocabulary	1203	zh-Hant	zh-Hant	佳	"[""人""]"	[]		"[""zh-Hant.frequency.1204"",""zh.radical.kangxi.009""]"	[]	[]	sources/characters.tsv	frequency-order position 1203; corpus frequency rank 1204; Ministry common-character number 133	佳: frequency-order position 1203; corpus frequency rank 1204; 140 appearances (0.01159%); Unihan kRSUnicode 9.6; Kangxi radical 9 人; Unihan kRSUnicode single radical assignment.	[]	"[""chinese"",""traditional"",""radicals"",""frequency"",""character-to-radical"",""one-way"",""part-7""]"
zh-traditional-radicals-frequency-vii/1204/character-to-radical	VII	vocabulary	1204	zh-Hant	zh-Hant	版	"[""片""]"	[]		"[""zh-Hant.frequency.1205"",""zh.radical.kangxi.091""]"	[]	[]	sources/characters.tsv	frequency-order position 1204; corpus frequency rank 1205; Ministry common-character number 2480	版: frequency-order position 1204; corpus frequency rank 1205; 140 appearances (0.01159%); Unihan kRSUnicode 91.4; Kangxi radical 91 片; Unihan kRSUnicode single radical assignment.	[]	"[""chinese"",""traditional"",""radicals"",""frequency"",""character-to-radical"",""one-way"",""part-7""]"
zh-traditional-radicals-frequency-vii/1205/character-to-radical	VII	vocabulary	1205	zh-Hant	zh-Hant	核	"[""木""]"	[]		"[""zh-Hant.frequency.1206"",""zh.radical.kangxi.075""]"	[]	[]	sources/characters.tsv	frequency-order position 1205; corpus frequency rank 1206; Ministry common-character number 1911	核: frequency-order position 1205; corpus frequency rank 1206; 140 appearances (0.01159%); Unihan kRSUnicode 75.6; Kangxi radical 75 木; Unihan kRSUnicode single radical assignment.	[]	"[""chinese"",""traditional"",""radicals"",""frequency"",""character-to-radical"",""one-way"",""part-7""]"
zh-traditional-radicals-frequency-vii/1206/character-to-radical	VII	vocabulary	1206	zh-Hant	zh-Hant	粗	"[""米""]"	[]		"[""zh-Hant.frequency.1207"",""zh.radical.kangxi.119""]"	[]	[]	sources/characters.tsv	frequency-order position 1206; corpus frequency rank 1207; Ministry common-character number 3059	粗: frequency-order position 1206; corpus frequency rank 1207; 140 appearances (0.01159%); Unihan kRSUnicode 119.5; Kangxi radical 119 米; Unihan kRSUnicode single radical assignment.	[]	"[""chinese"",""traditional"",""radicals"",""frequency"",""character-to-radical"",""one-way"",""part-7""]"
zh-traditional-radicals-frequency-vii/1207/character-to-radical	VII	vocabulary	1207	zh-Hant	zh-Hant	腿	"[""肉""]"	[]		"[""zh-Hant.frequency.1208"",""zh.radical.kangxi.130""]"	[]	[]	sources/characters.tsv	frequency-order position 1207; corpus frequency rank 1208; Ministry common-character number 3359	腿: frequency-order position 1207; corpus frequency rank 1208; 140 appearances (0.01159%); Unihan kRSUnicode 130.10; Kangxi radical 130 肉; Unihan kRSUnicode single radical assignment.	[]	"[""chinese"",""traditional"",""radicals"",""frequency"",""character-to-radical"",""one-way"",""part-7""]"
zh-traditional-radicals-frequency-vii/1208/character-to-radical	VII	vocabulary	1208	zh-Hant	zh-Hant	喊	"[""口""]"	[]		"[""zh-Hant.frequency.1209"",""zh.radical.kangxi.030""]"	[]	[]	sources/characters.tsv	frequency-order position 1208; corpus frequency rank 1209; Ministry common-character number 624	喊: frequency-order position 1208; corpus frequency rank 1209; 139 appearances (0.01151%); Unihan kRSUnicode 30.9; Kangxi radical 30 口; Unihan kRSUnicode single radical assignment.	[]	"[""chinese"",""traditional"",""radicals"",""frequency"",""character-to-radical"",""one-way"",""part-7""]"
zh-traditional-radicals-frequency-vii/1209/character-to-radical	VII	vocabulary	1209	zh-Hant	zh-Hant	補	"[""衣""]"	[]		"[""zh-Hant.frequency.1210"",""zh.radical.kangxi.145""]"	[]	[]	sources/characters.tsv	frequency-order position 1209; corpus frequency rank 1210; Ministry common-character number 3729	補: frequency-order position 1209; corpus frequency rank 1210; 139 appearances (0.01151%); Unihan kRSUnicode 145.7; Kangxi radical 145 衣; Unihan kRSUnicode single radical assignment.	[]	"[""chinese"",""traditional"",""radicals"",""frequency"",""character-to-radical"",""one-way"",""part-7""]"
zh-traditional-radicals-frequency-vii/1210/character-to-radical	VII	vocabulary	1210	zh-Hant	zh-Hant	辨	"[""辛""]"	[]		"[""zh-Hant.frequency.1211"",""zh.radical.kangxi.160""]"	[]	[]	sources/characters.tsv	frequency-order position 1210; corpus frequency rank 1211; Ministry common-character number 4105	辨: frequency-order position 1210; corpus frequency rank 1211; 139 appearances (0.01151%); Unihan kRSUnicode 160.9; Kangxi radical 160 辛; Unihan kRSUnicode single radical assignment.	[]	"[""chinese"",""traditional"",""radicals"",""frequency"",""character-to-radical"",""one-way"",""part-7""]"
zh-traditional-radicals-frequency-vii/1211/character-to-radical	VII	vocabulary	1211	zh-Hant	zh-Hant	繞	"[""糸""]"	[]		"[""zh-Hant.frequency.1212"",""zh.radical.kangxi.120""]"	[]	[]	sources/characters.tsv	frequency-order position 1211; corpus frequency rank 1212; Ministry common-character number 3178	繞: frequency-order position 1211; corpus frequency rank 1212; 139 appearances (0.01151%); Unihan kRSUnicode 120.12; Kangxi radical 120 糸; Unihan kRSUnicode single radical assignment.	[]	"[""chinese"",""traditional"",""radicals"",""frequency"",""character-to-radical"",""one-way"",""part-7""]"
zh-traditional-radicals-frequency-vii/1212/character-to-radical	VII	vocabulary	1212	zh-Hant	zh-Hant	域	"[""土""]"	[]		"[""zh-Hant.frequency.1213"",""zh.radical.kangxi.032""]"	[]	[]	sources/characters.tsv	frequency-order position 1212; corpus frequency rank 1213; Ministry common-character number 775	域: frequency-order position 1212; corpus frequency rank 1213; 138 appearances (0.01143%); Unihan kRSUnicode 32.8; Kangxi radical 32 土; Unihan kRSUnicode single radical assignment.	[]	"[""chinese"",""traditional"",""radicals"",""frequency"",""character-to-radical"",""one-way"",""part-7""]"
zh-traditional-radicals-frequency-vii/1213/character-to-radical	VII	vocabulary	1213	zh-Hant	zh-Hant	滾	"[""水""]"	[]		"[""zh-Hant.frequency.1214"",""zh.radical.kangxi.085""]"	[]	[]	sources/characters.tsv	frequency-order position 1213; corpus frequency rank 1214; Ministry common-character number 2299	滾: frequency-order position 1213; corpus frequency rank 1214; 138 appearances (0.01143%); Unihan kRSUnicode 85.11; Kangxi radical 85 水; Unihan kRSUnicode single radical assignment.	[]	"[""chinese"",""traditional"",""radicals"",""frequency"",""character-to-radical"",""one-way"",""part-7""]"
zh-traditional-radicals-frequency-vii/1214/character-to-radical	VII	vocabulary	1214	zh-Hant	zh-Hant	獻	"[""犬""]"	[]		"[""zh-Hant.frequency.1215"",""zh.radical.kangxi.094""]"	[]	[]	sources/characters.tsv	frequency-order position 1214; corpus frequency rank 1215; Ministry common-character number 2548	獻: frequency-order position 1214; corpus frequency rank 1215; 138 appearances (0.01143%); Unihan kRSUnicode 94.16; Kangxi radical 94 犬; Unihan kRSUnicode single radical assignment.	[]	"[""chinese"",""traditional"",""radicals"",""frequency"",""character-to-radical"",""one-way"",""part-7""]"
zh-traditional-radicals-frequency-vii/1215/character-to-radical	VII	vocabulary	1215	zh-Hant	zh-Hant	昆	"[""日""]"	[]		"[""zh-Hant.frequency.1216"",""zh.radical.kangxi.072""]"	[]	[]	sources/characters.tsv	frequency-order position 1215; corpus frequency rank 1216; Ministry common-character number 1782	昆: frequency-order position 1215; corpus frequency rank 1216; 137 appearances (0.01135%); Unihan kRSUnicode 72.4; Kangxi radical 72 日; Unihan kRSUnicode single radical assignment.	[]	"[""chinese"",""traditional"",""radicals"",""frequency"",""character-to-radical"",""one-way"",""part-7""]"
zh-traditional-radicals-frequency-vii/1216/character-to-radical	VII	vocabulary	1216	zh-Hant	zh-Hant	洛	"[""水""]"	[]		"[""zh-Hant.frequency.1217"",""zh.radical.kangxi.085""]"	[]	[]	sources/characters.tsv	frequency-order position 1216; corpus frequency rank 1217; Ministry common-character number 2198	洛: frequency-order position 1216; corpus frequency rank 1217; 137 appearances (0.01135%); Unihan kRSUnicode 85.6; Kangxi radical 85 水; Unihan kRSUnicode single radical assignment.	[]	"[""chinese"",""traditional"",""radicals"",""frequency"",""character-to-radical"",""one-way"",""part-7""]"
zh-traditional-radicals-frequency-vii/1217/character-to-radical	VII	vocabulary	1217	zh-Hant	zh-Hant	咪	"[""口""]"	[]		"[""zh-Hant.frequency.1218"",""zh.radical.kangxi.030""]"	[]	[]	sources/characters.tsv	frequency-order position 1217; corpus frequency rank 1218; Ministry common-character number 574	咪: frequency-order position 1217; corpus frequency rank 1218; 137 appearances (0.01135%); Unihan kRSUnicode 30.6; Kangxi radical 30 口; Unihan kRSUnicode single radical assignment.	[]	"[""chinese"",""traditional"",""radicals"",""frequency"",""character-to-radical"",""one-way"",""part-7""]"
zh-traditional-radicals-frequency-vii/1218/character-to-radical	VII	vocabulary	1218	zh-Hant	zh-Hant	弱	"[""弓""]"	[]		"[""zh-Hant.frequency.1219"",""zh.radical.kangxi.057""]"	[]	[]	sources/characters.tsv	frequency-order position 1218; corpus frequency rank 1219; Ministry common-character number 1256	弱: frequency-order position 1218; corpus frequency rank 1219; 137 appearances (0.01135%); Unihan kRSUnicode 57.7; Kangxi radical 57 弓; Unihan kRSUnicode single radical assignment.	[]	"[""chinese"",""traditional"",""radicals"",""frequency"",""character-to-radical"",""one-way"",""part-7""]"
zh-traditional-radicals-frequency-vii/1219/character-to-radical	VII	vocabulary	1219	zh-Hant	zh-Hant	陰	"[""阜""]"	[]		"[""zh-Hant.frequency.1220"",""zh.radical.kangxi.170""]"	[]	[]	sources/characters.tsv	frequency-order position 1219; corpus frequency rank 1220; Ministry common-character number 4425	陰: frequency-order position 1219; corpus frequency rank 1220; 137 appearances (0.01135%); Unihan kRSUnicode 170.8; Kangxi radical 170 阜; Unihan kRSUnicode single radical assignment.	[]	"[""chinese"",""traditional"",""radicals"",""frequency"",""character-to-radical"",""one-way"",""part-7""]"
zh-traditional-radicals-frequency-vii/1220/character-to-radical	VII	vocabulary	1220	zh-Hant	zh-Hant	莉	"[""艸""]"	[]		"[""zh-Hant.frequency.1221"",""zh.radical.kangxi.140""]"	[]	[]	sources/characters.tsv	frequency-order position 1220; corpus frequency rank 1221; Ministry common-character number 3490	莉: frequency-order position 1220; corpus frequency rank 1221; 137 appearances (0.01135%); Unihan kRSUnicode 140.7; Kangxi radical 140 艸; Unihan kRSUnicode single radical assignment.	[]	"[""chinese"",""traditional"",""radicals"",""frequency"",""character-to-radical"",""one-way"",""part-7""]"
zh-traditional-radicals-frequency-vii/1221/character-to-radical	VII	vocabulary	1221	zh-Hant	zh-Hant	溶	"[""水""]"	[]		"[""zh-Hant.frequency.1222"",""zh.radical.kangxi.085""]"	[]	[]	sources/characters.tsv	frequency-order position 1221; corpus frequency rank 1222; Ministry common-character number 2280	溶: frequency-order position 1221; corpus frequency rank 1222; 137 appearances (0.01135%); Unihan kRSUnicode 85.10; Kangxi radical 85 水; Unihan kRSUnicode single radical assignment.	[]	"[""chinese"",""traditional"",""radicals"",""frequency"",""character-to-radical"",""one-way"",""part-7""]"
zh-traditional-radicals-frequency-vii/1222/character-to-radical	VII	vocabulary	1222	zh-Hant	zh-Hant	滅	"[""水""]"	[]		"[""zh-Hant.frequency.1223"",""zh.radical.kangxi.085""]"	[]	[]	sources/characters.tsv	frequency-order position 1222; corpus frequency rank 1223; Ministry common-character number 2285	滅: frequency-order position 1222; corpus frequency rank 1223; 136 appearances (0.01126%); Unihan kRSUnicode 85.10; Kangxi radical 85 水; Unihan kRSUnicode single radical assignment.	[]	"[""chinese"",""traditional"",""radicals"",""frequency"",""character-to-radical"",""one-way"",""part-7""]"
zh-traditional-radicals-frequency-vii/1223/character-to-radical	VII	vocabulary	1223	zh-Hant	zh-Hant	阻	"[""阜""]"	[]		"[""zh-Hant.frequency.1224"",""zh.radical.kangxi.170""]"	[]	[]	sources/characters.tsv	frequency-order position 1223; corpus frequency rank 1224; Ministry common-character number 4409	阻: frequency-order position 1223; corpus frequency rank 1224; 135 appearances (0.01118%); Unihan kRSUnicode 170.5; Kangxi radical 170 阜; Unihan kRSUnicode single radical assignment.	[]	"[""chinese"",""traditional"",""radicals"",""frequency"",""character-to-radical"",""one-way"",""part-7""]"
zh-traditional-radicals-frequency-vii/1224/character-to-radical	VII	vocabulary	1224	zh-Hant	zh-Hant	訪	"[""言""]"	[]		"[""zh-Hant.frequency.1225"",""zh.radical.kangxi.149""]"	[]	[]	sources/characters.tsv	frequency-order position 1224; corpus frequency rank 1225; Ministry common-character number 3794	訪: frequency-order position 1224; corpus frequency rank 1225; 135 appearances (0.01118%); Unihan kRSUnicode 149.4; Kangxi radical 149 言; Unihan kRSUnicode single radical assignment.	[]	"[""chinese"",""traditional"",""radicals"",""frequency"",""character-to-radical"",""one-way"",""part-7""]"
zh-traditional-radicals-frequency-vii/1225/character-to-radical	VII	vocabulary	1225	zh-Hant	zh-Hant	湯	"[""水""]"	[]		"[""zh-Hant.frequency.1226"",""zh.radical.kangxi.085""]"	[]	[]	sources/characters.tsv	frequency-order position 1225; corpus frequency rank 1226; Ministry common-character number 2266	湯: frequency-order position 1225; corpus frequency rank 1226; 135 appearances (0.01118%); Unihan kRSUnicode 85.9; Kangxi radical 85 水; Unihan kRSUnicode single radical assignment.	[]	"[""chinese"",""traditional"",""radicals"",""frequency"",""character-to-radical"",""one-way"",""part-7""]"
zh-traditional-radicals-frequency-vii/1226/character-to-radical	VII	vocabulary	1226	zh-Hant	zh-Hant	磁	"[""石""]"	[]		"[""zh-Hant.frequency.1227"",""zh.radical.kangxi.112""]"	[]	[]	sources/characters.tsv	frequency-order position 1226; corpus frequency rank 1227; Ministry common-character number 2850	磁: frequency-order position 1226; corpus frequency rank 1227; 135 appearances (0.01118%); Unihan kRSUnicode 112.9; Kangxi radical 112 石; Unihan kRSUnicode single radical assignment.	[]	"[""chinese"",""traditional"",""radicals"",""frequency"",""character-to-radical"",""one-way"",""part-7""]"
zh-traditional-radicals-frequency-vii/1227/character-to-radical	VII	vocabulary	1227	zh-Hant	zh-Hant	遺	"[""辵""]"	[]		"[""zh-Hant.frequency.1228"",""zh.radical.kangxi.162""]"	[]	[]	sources/characters.tsv	frequency-order position 1227; corpus frequency rank 1228; Ministry common-character number 4188	遺: frequency-order position 1227; corpus frequency rank 1228; 135 appearances (0.01118%); Unihan kRSUnicode 162.12; Kangxi radical 162 辵; Unihan kRSUnicode single radical assignment.	[]	"[""chinese"",""traditional"",""radicals"",""frequency"",""character-to-radical"",""one-way"",""part-7""]"
zh-traditional-radicals-frequency-vii/1228/character-to-radical	VII	vocabulary	1228	zh-Hant	zh-Hant	宗	"[""宀""]"	[]		"[""zh-Hant.frequency.1229"",""zh.radical.kangxi.040""]"	[]	[]	sources/characters.tsv	frequency-order position 1228; corpus frequency rank 1229; Ministry common-character number 1013	宗: frequency-order position 1228; corpus frequency rank 1229; 134 appearances (0.01110%); Unihan kRSUnicode 40.5; Kangxi radical 40 宀; Unihan kRSUnicode single radical assignment.	[]	"[""chinese"",""traditional"",""radicals"",""frequency"",""character-to-radical"",""one-way"",""part-7""]"
zh-traditional-radicals-frequency-vii/1229/character-to-radical	VII	vocabulary	1229	zh-Hant	zh-Hant	冠	"[""冖""]"	[]		"[""zh-Hant.frequency.1230"",""zh.radical.kangxi.014""]"	[]	[]	sources/characters.tsv	frequency-order position 1229; corpus frequency rank 1230; Ministry common-character number 304	冠: frequency-order position 1229; corpus frequency rank 1230; 134 appearances (0.01110%); Unihan kRSUnicode 14.7; Kangxi radical 14 冖; Unihan kRSUnicode single radical assignment.	[]	"[""chinese"",""traditional"",""radicals"",""frequency"",""character-to-radical"",""one-way"",""part-7""]"
zh-traditional-radicals-frequency-vii/1230/character-to-radical	VII	vocabulary	1230	zh-Hant	zh-Hant	紋	"[""糸""]"	[]		"[""zh-Hant.frequency.1231"",""zh.radical.kangxi.120""]"	[]	[]	sources/characters.tsv	frequency-order position 1230; corpus frequency rank 1231; Ministry common-character number 3090	紋: frequency-order position 1230; corpus frequency rank 1231; 134 appearances (0.01110%); Unihan kRSUnicode 120.4; Kangxi radical 120 糸; Unihan kRSUnicode single radical assignment.	[]	"[""chinese"",""traditional"",""radicals"",""frequency"",""character-to-radical"",""one-way"",""part-7""]"
zh-traditional-radicals-frequency-vii/1231/character-to-radical	VII	vocabulary	1231	zh-Hant	zh-Hant	隆	"[""阜""]"	[]		"[""zh-Hant.frequency.1232"",""zh.radical.kangxi.170""]"	[]	[]	sources/characters.tsv	frequency-order position 1231; corpus frequency rank 1232; Ministry common-character number 4434	隆: frequency-order position 1231; corpus frequency rank 1232; 134 appearances (0.01110%); Unihan kRSUnicode 170.9; Kangxi radical 170 阜; Unihan kRSUnicode single radical assignment.	[]	"[""chinese"",""traditional"",""radicals"",""frequency"",""character-to-radical"",""one-way"",""part-7""]"
zh-traditional-radicals-frequency-vii/1232/character-to-radical	VII	vocabulary	1232	zh-Hant	zh-Hant	潔	"[""水""]"	[]		"[""zh-Hant.frequency.1233"",""zh.radical.kangxi.085""]"	[]	[]	sources/characters.tsv	frequency-order position 1232; corpus frequency rank 1233; Ministry common-character number 2330	潔: frequency-order position 1232; corpus frequency rank 1233; 134 appearances (0.01110%); Unihan kRSUnicode 85.12; Kangxi radical 85 水; Unihan kRSUnicode single radical assignment.	[]	"[""chinese"",""traditional"",""radicals"",""frequency"",""character-to-radical"",""one-way"",""part-7""]"
zh-traditional-radicals-frequency-vii/1233/character-to-radical	VII	vocabulary	1233	zh-Hant	zh-Hant	郵	"[""邑""]"	[]		"[""zh-Hant.frequency.1234"",""zh.radical.kangxi.163""]"	[]	[]	sources/characters.tsv	frequency-order position 1233; corpus frequency rank 1234; Ministry common-character number 4216	郵: frequency-order position 1233; corpus frequency rank 1234; 133 appearances (0.01101%); Unihan kRSUnicode 163.8; Kangxi radical 163 邑; Unihan kRSUnicode single radical assignment.	[]	"[""chinese"",""traditional"",""radicals"",""frequency"",""character-to-radical"",""one-way"",""part-7""]"
zh-traditional-radicals-frequency-vii/1234/character-to-radical	VII	vocabulary	1234	zh-Hant	zh-Hant	尚	"[""小""]"	[]		"[""zh-Hant.frequency.1235"",""zh.radical.kangxi.042""]"	[]	[]	sources/characters.tsv	frequency-order position 1234; corpus frequency rank 1235; Ministry common-character number 1071	尚: frequency-order position 1234; corpus frequency rank 1235; 133 appearances (0.01101%); Unihan kRSUnicode 42.5; Kangxi radical 42 小; Unihan kRSUnicode single radical assignment.	[]	"[""chinese"",""traditional"",""radicals"",""frequency"",""character-to-radical"",""one-way"",""part-7""]"
zh-traditional-radicals-frequency-vii/1235/character-to-radical	VII	vocabulary	1235	zh-Hant	zh-Hant	粒	"[""米""]"	[]		"[""zh-Hant.frequency.1236"",""zh.radical.kangxi.119""]"	[]	[]	sources/characters.tsv	frequency-order position 1235; corpus frequency rank 1236; Ministry common-character number 3058	粒: frequency-order position 1235; corpus frequency rank 1236; 133 appearances (0.01101%); Unihan kRSUnicode 119.5; Kangxi radical 119 米; Unihan kRSUnicode single radical assignment.	[]	"[""chinese"",""traditional"",""radicals"",""frequency"",""character-to-radical"",""one-way"",""part-7""]"
zh-traditional-radicals-frequency-vii/1236/character-to-radical	VII	vocabulary	1236	zh-Hant	zh-Hant	斜	"[""斗""]"	[]		"[""zh-Hant.frequency.1237"",""zh.radical.kangxi.068""]"	[]	[]	sources/characters.tsv	frequency-order position 1236; corpus frequency rank 1237; Ministry common-character number 1748	斜: frequency-order position 1236; corpus frequency rank 1237; 133 appearances (0.01101%); Unihan kRSUnicode 68.7; Kangxi radical 68 斗; Unihan kRSUnicode single radical assignment.	[]	"[""chinese"",""traditional"",""radicals"",""frequency"",""character-to-radical"",""one-way"",""part-7""]"
zh-traditional-radicals-frequency-vii/1237/character-to-radical	VII	vocabulary	1237	zh-Hant	zh-Hant	裂	"[""衣""]"	[]		"[""zh-Hant.frequency.1238"",""zh.radical.kangxi.145""]"	[]	[]	sources/characters.tsv	frequency-order position 1237; corpus frequency rank 1238; Ministry common-character number 3724	裂: frequency-order position 1237; corpus frequency rank 1238; 133 appearances (0.01101%); Unihan kRSUnicode 145.6; Kangxi radical 145 衣; Unihan kRSUnicode single radical assignment.	[]	"[""chinese"",""traditional"",""radicals"",""frequency"",""character-to-radical"",""one-way"",""part-7""]"
zh-traditional-radicals-frequency-vii/1238/character-to-radical	VII	vocabulary	1238	zh-Hant	zh-Hant	沿	"[""水""]"	[]		"[""zh-Hant.frequency.1239"",""zh.radical.kangxi.085""]"	[]	[]	sources/characters.tsv	frequency-order position 1238; corpus frequency rank 1239; Ministry common-character number 2178	沿: frequency-order position 1238; corpus frequency rank 1239; 133 appearances (0.01101%); Unihan kRSUnicode 85.5; Kangxi radical 85 水; Unihan kRSUnicode single radical assignment.	[]	"[""chinese"",""traditional"",""radicals"",""frequency"",""character-to-radical"",""one-way"",""part-7""]"
zh-traditional-radicals-frequency-vii/1239/character-to-radical	VII	vocabulary	1239	zh-Hant	zh-Hant	誠	"[""言""]"	[]		"[""zh-Hant.frequency.1240"",""zh.radical.kangxi.149""]"	[]	[]	sources/characters.tsv	frequency-order position 1239; corpus frequency rank 1240; Ministry common-character number 3823	誠: frequency-order position 1239; corpus frequency rank 1240; 133 appearances (0.01101%); Unihan kRSUnicode 149.6; Kangxi radical 149 言; Unihan kRSUnicode single radical assignment.	[]	"[""chinese"",""traditional"",""radicals"",""frequency"",""character-to-radical"",""one-way"",""part-7""]"
zh-traditional-radicals-frequency-vii/1240/character-to-radical	VII	vocabulary	1240	zh-Hant	zh-Hant	碼	"[""石""]"	[]		"[""zh-Hant.frequency.1241"",""zh.radical.kangxi.112""]"	[]	[]	sources/characters.tsv	frequency-order position 1240; corpus frequency rank 1241; Ministry common-character number 2861	碼: frequency-order position 1240; corpus frequency rank 1241; 133 appearances (0.01101%); Unihan kRSUnicode 112.10; Kangxi radical 112 石; Unihan kRSUnicode single radical assignment.	[]	"[""chinese"",""traditional"",""radicals"",""frequency"",""character-to-radical"",""one-way"",""part-7""]"
zh-traditional-radicals-frequency-vii/1241/character-to-radical	VII	vocabulary	1241	zh-Hant	zh-Hant	慧	"[""心""]"	[]		"[""zh-Hant.frequency.1242"",""zh.radical.kangxi.061""]"	[]	[]	sources/characters.tsv	frequency-order position 1241; corpus frequency rank 1242; Ministry common-character number 1425	慧: frequency-order position 1241; corpus frequency rank 1242; 133 appearances (0.01101%); Unihan kRSUnicode 61.11; Kangxi radical 61 心; Unihan kRSUnicode single radical assignment.	[]	"[""chinese"",""traditional"",""radicals"",""frequency"",""character-to-radical"",""one-way"",""part-7""]"
zh-traditional-radicals-frequency-vii/1242/character-to-radical	VII	vocabulary	1242	zh-Hant	zh-Hant	擺	"[""手""]"	[]		"[""zh-Hant.frequency.1243"",""zh.radical.kangxi.064""]"	[]	[]	sources/characters.tsv	frequency-order position 1242; corpus frequency rank 1243; Ministry common-character number 1701	擺: frequency-order position 1242; corpus frequency rank 1243; 133 appearances (0.01101%); Unihan kRSUnicode 64.15; Kangxi radical 64 手; Unihan kRSUnicode single radical assignment.	[]	"[""chinese"",""traditional"",""radicals"",""frequency"",""character-to-radical"",""one-way"",""part-7""]"
zh-traditional-radicals-frequency-vii/1243/character-to-radical	VII	vocabulary	1243	zh-Hant	zh-Hant	側	"[""人""]"	[]		"[""zh-Hant.frequency.1244"",""zh.radical.kangxi.009""]"	[]	[]	sources/characters.tsv	frequency-order position 1243; corpus frequency rank 1244; Ministry common-character number 213	側: frequency-order position 1243; corpus frequency rank 1244; 132 appearances (0.01093%); Unihan kRSUnicode 9.9; Kangxi radical 9 人; Unihan kRSUnicode single radical assignment.	[]	"[""chinese"",""traditional"",""radicals"",""frequency"",""character-to-radical"",""one-way"",""part-7""]"
zh-traditional-radicals-frequency-vii/1244/character-to-radical	VII	vocabulary	1244	zh-Hant	zh-Hant	借	"[""人""]"	[]		"[""zh-Hant.frequency.1245"",""zh.radical.kangxi.009""]"	[]	[]	sources/characters.tsv	frequency-order position 1244; corpus frequency rank 1245; Ministry common-character number 180	借: frequency-order position 1244; corpus frequency rank 1245; 132 appearances (0.01093%); Unihan kRSUnicode 9.8; Kangxi radical 9 人; Unihan kRSUnicode single radical assignment.	[]	"[""chinese"",""traditional"",""radicals"",""frequency"",""character-to-radical"",""one-way"",""part-7""]"
zh-traditional-radicals-frequency-vii/1245/character-to-radical	VII	vocabulary	1245	zh-Hant	zh-Hant	掌	"[""手""]"	[]		"[""zh-Hant.frequency.1246"",""zh.radical.kangxi.064""]"	[]	[]	sources/characters.tsv	frequency-order position 1245; corpus frequency rank 1246; Ministry common-character number 1615	掌: frequency-order position 1245; corpus frequency rank 1246; 132 appearances (0.01093%); Unihan kRSUnicode 64.8; Kangxi radical 64 手; Unihan kRSUnicode single radical assignment.	[]	"[""chinese"",""traditional"",""radicals"",""frequency"",""character-to-radical"",""one-way"",""part-7""]"
zh-traditional-radicals-frequency-vii/1246/character-to-radical	VII	vocabulary	1246	zh-Hant	zh-Hant	奧	"[""大""]"	[]		"[""zh-Hant.frequency.1247"",""zh.radical.kangxi.037""]"	[]	[]	sources/characters.tsv	frequency-order position 1246; corpus frequency rank 1247; Ministry common-character number 873	奧: frequency-order position 1246; corpus frequency rank 1247; 132 appearances (0.01093%); Unihan kRSUnicode 37.10; Kangxi radical 37 大; Unihan kRSUnicode single radical assignment.	[]	"[""chinese"",""traditional"",""radicals"",""frequency"",""character-to-radical"",""one-way"",""part-7""]"
zh-traditional-radicals-frequency-vii/1247/character-to-radical	VII	vocabulary	1247	zh-Hant	zh-Hant	稻	"[""禾""]"	[]		"[""zh-Hant.frequency.1248"",""zh.radical.kangxi.115""]"	[]	[]	sources/characters.tsv	frequency-order position 1247; corpus frequency rank 1248; Ministry common-character number 2943	稻: frequency-order position 1247; corpus frequency rank 1248; 132 appearances (0.01093%); Unihan kRSUnicode 115.10; Kangxi radical 115 禾; Unihan kRSUnicode single radical assignment.	[]	"[""chinese"",""traditional"",""radicals"",""frequency"",""character-to-radical"",""one-way"",""part-7""]"
zh-traditional-radicals-frequency-vii/1248/character-to-radical	VII	vocabulary	1248	zh-Hant	zh-Hant	丹	"[""丶""]"	[]		"[""zh-Hant.frequency.1249"",""zh.radical.kangxi.003""]"	[]	[]	sources/characters.tsv	frequency-order position 1248; corpus frequency rank 1249; Ministry common-character number 24	丹: frequency-order position 1248; corpus frequency rank 1249; 131 appearances (0.01085%); Unihan kRSUnicode 3.3; Kangxi radical 3 丶; Unihan kRSUnicode single radical assignment.	[]	"[""chinese"",""traditional"",""radicals"",""frequency"",""character-to-radical"",""one-way"",""part-7""]"
zh-traditional-radicals-frequency-vii/1249/character-to-radical	VII	vocabulary	1249	zh-Hant	zh-Hant	松	"[""木""]"	[]		"[""zh-Hant.frequency.1250"",""zh.radical.kangxi.075""]"	[]	[]	sources/characters.tsv	frequency-order position 1249; corpus frequency rank 1250; Ministry common-character number 1886	松: frequency-order position 1249; corpus frequency rank 1250; 130 appearances (0.01077%); Unihan kRSUnicode 75.4; Kangxi radical 75 木; Unihan kRSUnicode single radical assignment.	[]	"[""chinese"",""traditional"",""radicals"",""frequency"",""character-to-radical"",""one-way"",""part-7""]"
zh-traditional-radicals-frequency-vii/1250/character-to-radical	VII	vocabulary	1250	zh-Hant	zh-Hant	抬	"[""手""]"	[]		"[""zh-Hant.frequency.1251"",""zh.radical.kangxi.064""]"	[]	[]	sources/characters.tsv	frequency-order position 1250; corpus frequency rank 1251; Ministry common-character number 1551	抬: frequency-order position 1250; corpus frequency rank 1251; 130 appearances (0.01077%); Unihan kRSUnicode 64.5; Kangxi radical 64 手; Unihan kRSUnicode single radical assignment.	[]	"[""chinese"",""traditional"",""radicals"",""frequency"",""character-to-radical"",""one-way"",""part-7""]"
zh-traditional-radicals-frequency-vii/1251/character-to-radical	VII	vocabulary	1251	zh-Hant	zh-Hant	揚	"[""手""]"	[]		"[""zh-Hant.frequency.1252"",""zh.radical.kangxi.064""]"	[]	[]	sources/characters.tsv	frequency-order position 1251; corpus frequency rank 1252; Ministry common-character number 1634	揚: frequency-order position 1251; corpus frequency rank 1252; 130 appearances (0.01077%); Unihan kRSUnicode 64.9; Kangxi radical 64 手; Unihan kRSUnicode single radical assignment.	[]	"[""chinese"",""traditional"",""radicals"",""frequency"",""character-to-radical"",""one-way"",""part-7""]"
zh-traditional-radicals-frequency-vii/1252/character-to-radical	VII	vocabulary	1252	zh-Hant	zh-Hant	潮	"[""水""]"	[]		"[""zh-Hant.frequency.1253"",""zh.radical.kangxi.085""]"	[]	[]	sources/characters.tsv	frequency-order position 1252; corpus frequency rank 1253; Ministry common-character number 2335	潮: frequency-order position 1252; corpus frequency rank 1253; 130 appearances (0.01077%); Unihan kRSUnicode 85.12; Kangxi radical 85 水; Unihan kRSUnicode single radical assignment.	[]	"[""chinese"",""traditional"",""radicals"",""frequency"",""character-to-radical"",""one-way"",""part-7""]"
zh-traditional-radicals-frequency-vii/1253/character-to-radical	VII	vocabulary	1253	zh-Hant	zh-Hant	犯	"[""犬""]"	[]		"[""zh-Hant.frequency.1254"",""zh.radical.kangxi.094""]"	[]	[]	sources/characters.tsv	frequency-order position 1253; corpus frequency rank 1254; Ministry common-character number 2508	犯: frequency-order position 1253; corpus frequency rank 1254; 129 appearances (0.01068%); Unihan kRSUnicode 94.2; Kangxi radical 94 犬; Unihan kRSUnicode single radical assignment.	[]	"[""chinese"",""traditional"",""radicals"",""frequency"",""character-to-radical"",""one-way"",""part-7""]"
zh-traditional-radicals-frequency-vii/1254/character-to-radical	VII	vocabulary	1254	zh-Hant	zh-Hant	呈	"[""口""]"	[]		"[""zh-Hant.frequency.1255"",""zh.radical.kangxi.030""]"	[]	[]	sources/characters.tsv	frequency-order position 1254; corpus frequency rank 1255; Ministry common-character number 524	呈: frequency-order position 1254; corpus frequency rank 1255; 129 appearances (0.01068%); Unihan kRSUnicode 30.4; Kangxi radical 30 口; Unihan kRSUnicode single radical assignment.	[]	"[""chinese"",""traditional"",""radicals"",""frequency"",""character-to-radical"",""one-way"",""part-7""]"
zh-traditional-radicals-frequency-vii/1255/character-to-radical	VII	vocabulary	1255	zh-Hant	zh-Hant	挑	"[""手""]"	[]		"[""zh-Hant.frequency.1256"",""zh.radical.kangxi.064""]"	[]	[]	sources/characters.tsv	frequency-order position 1255; corpus frequency rank 1256; Ministry common-character number 1568	挑: frequency-order position 1255; corpus frequency rank 1256; 129 appearances (0.01068%); Unihan kRSUnicode 64.6; Kangxi radical 64 手; Unihan kRSUnicode single radical assignment.	[]	"[""chinese"",""traditional"",""radicals"",""frequency"",""character-to-radical"",""one-way"",""part-7""]"
zh-traditional-radicals-frequency-vii/1256/character-to-radical	VII	vocabulary	1256	zh-Hant	zh-Hant	胞	"[""肉""]"	[]		"[""zh-Hant.frequency.1257"",""zh.radical.kangxi.130""]"	[]	[]	sources/characters.tsv	frequency-order position 1256; corpus frequency rank 1257; Ministry common-character number 3317	胞: frequency-order position 1256; corpus frequency rank 1257; 129 appearances (0.01068%); Unihan kRSUnicode 130.5; Kangxi radical 130 肉; Unihan kRSUnicode single radical assignment.	[]	"[""chinese"",""traditional"",""radicals"",""frequency"",""character-to-radical"",""one-way"",""part-7""]"
zh-traditional-radicals-frequency-vii/1257/character-to-radical	VII	vocabulary	1257	zh-Hant	zh-Hant	貨	"[""貝""]"	[]		"[""zh-Hant.frequency.1258"",""zh.radical.kangxi.154""]"	[]	[]	sources/characters.tsv	frequency-order position 1257; corpus frequency rank 1258; Ministry common-character number 3935	貨: frequency-order position 1257; corpus frequency rank 1258; 129 appearances (0.01068%); Unihan kRSUnicode 154.4; Kangxi radical 154 貝; Unihan kRSUnicode single radical assignment.	[]	"[""chinese"",""traditional"",""radicals"",""frequency"",""character-to-radical"",""one-way"",""part-7""]"
zh-traditional-radicals-frequency-vii/1258/character-to-radical	VII	vocabulary	1258	zh-Hant	zh-Hant	脫	"[""肉""]"	[]		"[""zh-Hant.frequency.1259"",""zh.radical.kangxi.130""]"	[]	[]	sources/characters.tsv	frequency-order position 1258; corpus frequency rank 1259; Ministry common-character number 3334	脫: frequency-order position 1258; corpus frequency rank 1259; 129 appearances (0.01068%); Unihan kRSUnicode 130.7; Kangxi radical 130 肉; Unihan kRSUnicode single radical assignment.	[]	"[""chinese"",""traditional"",""radicals"",""frequency"",""character-to-radical"",""one-way"",""part-7""]"
zh-traditional-radicals-frequency-vii/1259/character-to-radical	VII	vocabulary	1259	zh-Hant	zh-Hant	嘛	"[""口""]"	[]		"[""zh-Hant.frequency.1260"",""zh.radical.kangxi.030""]"	[]	[]	sources/characters.tsv	frequency-order position 1259; corpus frequency rank 1260; Ministry common-character number 663	嘛: frequency-order position 1259; corpus frequency rank 1260; 129 appearances (0.01068%); Unihan kRSUnicode 30.11; Kangxi radical 30 口; Unihan kRSUnicode single radical assignment.	[]	"[""chinese"",""traditional"",""radicals"",""frequency"",""character-to-radical"",""one-way"",""part-7""]"
zh-traditional-radicals-frequency-vii/1260/character-to-radical	VII	vocabulary	1260	zh-Hant	zh-Hant	鈴	"[""金""]"	[]		"[""zh-Hant.frequency.1261"",""zh.radical.kangxi.167""]"	[]	[]	sources/characters.tsv	frequency-order position 1260; corpus frequency rank 1261; Ministry common-character number 4287	鈴: frequency-order position 1260; corpus frequency rank 1261; 129 appearances (0.01068%); Unihan kRSUnicode 167.5; Kangxi radical 167 金; Unihan kRSUnicode single radical assignment.	[]	"[""chinese"",""traditional"",""radicals"",""frequency"",""character-to-radical"",""one-way"",""part-7""]"
zh-traditional-radicals-frequency-vii/1261/character-to-radical	VII	vocabulary	1261	zh-Hant	zh-Hant	藉	"[""艸""]"	[]		"[""zh-Hant.frequency.1262"",""zh.radical.kangxi.140""]"	[]	[]	sources/characters.tsv	frequency-order position 1261; corpus frequency rank 1262; Ministry common-character number 3583	藉: frequency-order position 1261; corpus frequency rank 1262; 129 appearances (0.01068%); Unihan kRSUnicode 140.14; Kangxi radical 140 艸; Unihan kRSUnicode single radical assignment.	[]	"[""chinese"",""traditional"",""radicals"",""frequency"",""character-to-radical"",""one-way"",""part-7""]"
zh-traditional-radicals-frequency-vii/1262/character-to-radical	VII	vocabulary	1262	zh-Hant	zh-Hant	末	"[""木""]"	[]		"[""zh-Hant.frequency.1263"",""zh.radical.kangxi.075""]"	[]	[]	sources/characters.tsv	frequency-order position 1262; corpus frequency rank 1263; Ministry common-character number 1857	末: frequency-order position 1262; corpus frequency rank 1263; 128 appearances (0.01060%); Unihan kRSUnicode 75.1; Kangxi radical 75 木; Unihan kRSUnicode single radical assignment.	[]	"[""chinese"",""traditional"",""radicals"",""frequency"",""character-to-radical"",""one-way"",""part-7""]"
zh-traditional-radicals-frequency-vii/1263/character-to-radical	VII	vocabulary	1263	zh-Hant	zh-Hant	君	"[""口""]"	[]		"[""zh-Hant.frequency.1264"",""zh.radical.kangxi.030""]"	[]	[]	sources/characters.tsv	frequency-order position 1263; corpus frequency rank 1264; Ministry common-character number 526	君: frequency-order position 1263; corpus frequency rank 1264; 128 appearances (0.01060%); Unihan kRSUnicode 30.4; Kangxi radical 30 口; Unihan kRSUnicode single radical assignment.	[]	"[""chinese"",""traditional"",""radicals"",""frequency"",""character-to-radical"",""one-way"",""part-7""]"
zh-traditional-radicals-frequency-vii/1264/character-to-radical	VII	vocabulary	1264	zh-Hant	zh-Hant	衝	"[""行""]"	[]		"[""zh-Hant.frequency.1265"",""zh.radical.kangxi.144""]"	[]	[]	sources/characters.tsv	frequency-order position 1264; corpus frequency rank 1265; Ministry common-character number 3705	衝: frequency-order position 1264; corpus frequency rank 1265; 128 appearances (0.01060%); Unihan kRSUnicode 144.9; Kangxi radical 144 行; Unihan kRSUnicode single radical assignment.	[]	"[""chinese"",""traditional"",""radicals"",""frequency"",""character-to-radical"",""one-way"",""part-7""]"
zh-traditional-radicals-frequency-vii/1265/character-to-radical	VII	vocabulary	1265	zh-Hant	zh-Hant	魯	"[""魚""]"	[]		"[""zh-Hant.frequency.1266"",""zh.radical.kangxi.195""]"	[]	[]	sources/characters.tsv	frequency-order position 1265; corpus frequency rank 1266; Ministry common-character number 4693	魯: frequency-order position 1265; corpus frequency rank 1266; 128 appearances (0.01060%); Unihan kRSUnicode 195.4; Kangxi radical 195 魚; Unihan kRSUnicode single radical assignment.	[]	"[""chinese"",""traditional"",""radicals"",""frequency"",""character-to-radical"",""one-way"",""part-7""]"
zh-traditional-radicals-frequency-vii/1266/character-to-radical	VII	vocabulary	1266	zh-Hant	zh-Hant	鵝	"[""鳥""]"	[]		"[""zh-Hant.frequency.1267"",""zh.radical.kangxi.196""]"	[]	[]	sources/characters.tsv	frequency-order position 1266; corpus frequency rank 1267; Ministry common-character number 4732	鵝: frequency-order position 1266; corpus frequency rank 1267; 128 appearances (0.01060%); Unihan kRSUnicode 196.7; Kangxi radical 196 鳥; Unihan kRSUnicode single radical assignment.	[]	"[""chinese"",""traditional"",""radicals"",""frequency"",""character-to-radical"",""one-way"",""part-7""]"
zh-traditional-radicals-frequency-vii/1267/character-to-radical	VII	vocabulary	1267	zh-Hant	zh-Hant	尖	"[""小""]"	[]		"[""zh-Hant.frequency.1268"",""zh.radical.kangxi.042""]"	[]	[]	sources/characters.tsv	frequency-order position 1267; corpus frequency rank 1268; Ministry common-character number 1070	尖: frequency-order position 1267; corpus frequency rank 1268; 127 appearances (0.01052%); Unihan kRSUnicode 42.3; Kangxi radical 42 小; Unihan kRSUnicode single radical assignment.	[]	"[""chinese"",""traditional"",""radicals"",""frequency"",""character-to-radical"",""one-way"",""part-7""]"
zh-traditional-radicals-frequency-vii/1268/character-to-radical	VII	vocabulary	1268	zh-Hant	zh-Hant	束	"[""木""]"	[]		"[""zh-Hant.frequency.1269"",""zh.radical.kangxi.075""]"	[]	[]	sources/characters.tsv	frequency-order position 1268; corpus frequency rank 1269; Ministry common-character number 1863	束: frequency-order position 1268; corpus frequency rank 1269; 127 appearances (0.01052%); Unihan kRSUnicode 75.3; Kangxi radical 75 木; Unihan kRSUnicode single radical assignment.	[]	"[""chinese"",""traditional"",""radicals"",""frequency"",""character-to-radical"",""one-way"",""part-7""]"
zh-traditional-radicals-frequency-vii/1269/character-to-radical	VII	vocabulary	1269	zh-Hant	zh-Hant	恩	"[""心""]"	[]		"[""zh-Hant.frequency.1270"",""zh.radical.kangxi.061""]"	[]	[]	sources/characters.tsv	frequency-order position 1269; corpus frequency rank 1270; Ministry common-character number 1351	恩: frequency-order position 1269; corpus frequency rank 1270; 127 appearances (0.01052%); Unihan kRSUnicode 61.6; Kangxi radical 61 心; Unihan kRSUnicode single radical assignment.	[]	"[""chinese"",""traditional"",""radicals"",""frequency"",""character-to-radical"",""one-way"",""part-7""]"
zh-traditional-radicals-frequency-vii/1270/character-to-radical	VII	vocabulary	1270	zh-Hant	zh-Hant	胸	"[""肉""]"	[]		"[""zh-Hant.frequency.1271"",""zh.radical.kangxi.130""]"	[]	[]	sources/characters.tsv	frequency-order position 1270; corpus frequency rank 1271; Ministry common-character number 3326	胸: frequency-order position 1270; corpus frequency rank 1271; 127 appearances (0.01052%); Unihan kRSUnicode 130.6; Kangxi radical 130 肉; Unihan kRSUnicode single radical assignment.	[]	"[""chinese"",""traditional"",""radicals"",""frequency"",""character-to-radical"",""one-way"",""part-7""]"
zh-traditional-radicals-frequency-vii/1271/character-to-radical	VII	vocabulary	1271	zh-Hant	zh-Hant	貌	"[""豸""]"	[]		"[""zh-Hant.frequency.1272"",""zh.radical.kangxi.153""]"	[]	[]	sources/characters.tsv	frequency-order position 1271; corpus frequency rank 1272; Ministry common-character number 3925	貌: frequency-order position 1271; corpus frequency rank 1272; 127 appearances (0.01052%); Unihan kRSUnicode 153.7; Kangxi radical 153 豸; Unihan kRSUnicode single radical assignment.	[]	"[""chinese"",""traditional"",""radicals"",""frequency"",""character-to-radical"",""one-way"",""part-7""]"
zh-traditional-radicals-frequency-vii/1272/character-to-radical	VII	vocabulary	1272	zh-Hant	zh-Hant	臟	"[""肉""]"	[]		"[""zh-Hant.frequency.1273"",""zh.radical.kangxi.130""]"	[]	[]	sources/characters.tsv	frequency-order position 1272; corpus frequency rank 1273; Ministry common-character number 3381	臟: frequency-order position 1272; corpus frequency rank 1273; 127 appearances (0.01052%); Unihan kRSUnicode 130.18; Kangxi radical 130 肉; Unihan kRSUnicode single radical assignment.	[]	"[""chinese"",""traditional"",""radicals"",""frequency"",""character-to-radical"",""one-way"",""part-7""]"
zh-traditional-radicals-frequency-vii/1273/character-to-radical	VII	vocabulary	1273	zh-Hant	zh-Hant	觸	"[""角""]"	[]		"[""zh-Hant.frequency.1274"",""zh.radical.kangxi.148""]"	[]	[]	sources/characters.tsv	frequency-order position 1273; corpus frequency rank 1274; Ministry common-character number 3780	觸: frequency-order position 1273; corpus frequency rank 1274; 127 appearances (0.01052%); Unihan kRSUnicode 148.13; Kangxi radical 148 角; Unihan kRSUnicode single radical assignment.	[]	"[""chinese"",""traditional"",""radicals"",""frequency"",""character-to-radical"",""one-way"",""part-7""]"
zh-traditional-radicals-frequency-vii/1274/character-to-radical	VII	vocabulary	1274	zh-Hant	zh-Hant	仁	"[""人""]"	[]		"[""zh-Hant.frequency.1275"",""zh.radical.kangxi.009""]"	[]	[]	sources/characters.tsv	frequency-order position 1274; corpus frequency rank 1275; Ministry common-character number 69	仁: frequency-order position 1274; corpus frequency rank 1275; 126 appearances (0.01043%); Unihan kRSUnicode 9.2; Kangxi radical 9 人; Unihan kRSUnicode single radical assignment.	[]	"[""chinese"",""traditional"",""radicals"",""frequency"",""character-to-radical"",""one-way"",""part-7""]"
zh-traditional-radicals-frequency-vii/1275/character-to-radical	VII	vocabulary	1275	zh-Hant	zh-Hant	垂	"[""土""]"	[]		"[""zh-Hant.frequency.1276"",""zh.radical.kangxi.032""]"	[]	[]	sources/characters.tsv	frequency-order position 1275; corpus frequency rank 1276; Ministry common-character number 764	垂: frequency-order position 1275; corpus frequency rank 1276; 126 appearances (0.01043%); Unihan kRSUnicode 32.5 33.5; Kangxi radical 32 土; Multiple Unihan possibilities; conventional Traditional dictionary radical 土 selected.	[]	"[""chinese"",""traditional"",""radicals"",""frequency"",""character-to-radical"",""one-way"",""part-7""]"
zh-traditional-radicals-frequency-vii/1276/character-to-radical	VII	vocabulary	1276	zh-Hant	zh-Hant	娃	"[""女""]"	[]		"[""zh-Hant.frequency.1277"",""zh.radical.kangxi.038""]"	[]	[]	sources/characters.tsv	frequency-order position 1276; corpus frequency rank 1277; Ministry common-character number 919	娃: frequency-order position 1276; corpus frequency rank 1277; 126 appearances (0.01043%); Unihan kRSUnicode 38.6; Kangxi radical 38 女; Unihan kRSUnicode single radical assignment.	[]	"[""chinese"",""traditional"",""radicals"",""frequency"",""character-to-radical"",""one-way"",""part-7""]"
zh-traditional-radicals-frequency-vii/1277/character-to-radical	VII	vocabulary	1277	zh-Hant	zh-Hant	殊	"[""歹""]"	[]		"[""zh-Hant.frequency.1278"",""zh.radical.kangxi.078""]"	[]	[]	sources/characters.tsv	frequency-order position 1277; corpus frequency rank 1278; Ministry common-character number 2081	殊: frequency-order position 1277; corpus frequency rank 1278; 126 appearances (0.01043%); Unihan kRSUnicode 78.6; Kangxi radical 78 歹; Unihan kRSUnicode single radical assignment.	[]	"[""chinese"",""traditional"",""radicals"",""frequency"",""character-to-radical"",""one-way"",""part-7""]"
zh-traditional-radicals-frequency-vii/1278/character-to-radical	VII	vocabulary	1278	zh-Hant	zh-Hant	概	"[""木""]"	[]		"[""zh-Hant.frequency.1279"",""zh.radical.kangxi.075""]"	[]	[]	sources/characters.tsv	frequency-order position 1278; corpus frequency rank 1279; Ministry common-character number 1981	概: frequency-order position 1278; corpus frequency rank 1279; 126 appearances (0.01043%); Unihan kRSUnicode 75.9; Kangxi radical 75 木; Unihan kRSUnicode single radical assignment.	[]	"[""chinese"",""traditional"",""radicals"",""frequency"",""character-to-radical"",""one-way"",""part-7""]"
zh-traditional-radicals-frequency-vii/1279/character-to-radical	VII	vocabulary	1279	zh-Hant	zh-Hant	閱	"[""門""]"	[]		"[""zh-Hant.frequency.1280"",""zh.radical.kangxi.169""]"	[]	[]	sources/characters.tsv	frequency-order position 1279; corpus frequency rank 1280; Ministry common-character number 4388	閱: frequency-order position 1279; corpus frequency rank 1280; 126 appearances (0.01043%); Unihan kRSUnicode 169.7; Kangxi radical 169 門; Unihan kRSUnicode single radical assignment.	[]	"[""chinese"",""traditional"",""radicals"",""frequency"",""character-to-radical"",""one-way"",""part-7""]"
zh-traditional-radicals-frequency-vii/1280/character-to-radical	VII	vocabulary	1280	zh-Hant	zh-Hant	肚	"[""肉""]"	[]		"[""zh-Hant.frequency.1281"",""zh.radical.kangxi.130""]"	[]	[]	sources/characters.tsv	frequency-order position 1280; corpus frequency rank 1281; Ministry common-character number 3296	肚: frequency-order position 1280; corpus frequency rank 1281; 125 appearances (0.01035%); Unihan kRSUnicode 130.3; Kangxi radical 130 肉; Unihan kRSUnicode single radical assignment.	[]	"[""chinese"",""traditional"",""radicals"",""frequency"",""character-to-radical"",""one-way"",""part-7""]"
zh-traditional-radicals-frequency-vii/1281/character-to-radical	VII	vocabulary	1281	zh-Hant	zh-Hant	祥	"[""示""]"	[]		"[""zh-Hant.frequency.1282"",""zh.radical.kangxi.113""]"	[]	[]	sources/characters.tsv	frequency-order position 1281; corpus frequency rank 1282; Ministry common-character number 2894	祥: frequency-order position 1281; corpus frequency rank 1282; 125 appearances (0.01035%); Unihan kRSUnicode 113.6; Kangxi radical 113 示; Unihan kRSUnicode single radical assignment.	[]	"[""chinese"",""traditional"",""radicals"",""frequency"",""character-to-radical"",""one-way"",""part-7""]"
zh-traditional-radicals-frequency-vii/1282/character-to-radical	VII	vocabulary	1282	zh-Hant	zh-Hant	閒	"[""門""]"	[]		"[""zh-Hant.frequency.1283"",""zh.radical.kangxi.169""]"	[]	[]	sources/characters.tsv	frequency-order position 1282; corpus frequency rank 1283; Ministry common-character number 4379	閒: frequency-order position 1282; corpus frequency rank 1283; 125 appearances (0.01035%); Unihan kRSUnicode 169.4; Kangxi radical 169 門; Unihan kRSUnicode single radical assignment.	[]	"[""chinese"",""traditional"",""radicals"",""frequency"",""character-to-radical"",""one-way"",""part-7""]"
zh-traditional-radicals-frequency-vii/1283/character-to-radical	VII	vocabulary	1283	zh-Hant	zh-Hant	蒸	"[""艸""]"	[]		"[""zh-Hant.frequency.1284"",""zh.radical.kangxi.140""]"	[]	[]	sources/characters.tsv	frequency-order position 1283; corpus frequency rank 1284; Ministry common-character number 3542	蒸: frequency-order position 1283; corpus frequency rank 1284; 125 appearances (0.01035%); Unihan kRSUnicode 86.10 140.10; Kangxi radical 140 艸; Multiple Unihan possibilities; conventional Traditional dictionary radical 艸 selected.	[]	"[""chinese"",""traditional"",""radicals"",""frequency"",""character-to-radical"",""one-way"",""part-7""]"
zh-traditional-radicals-frequency-vii/1284/character-to-radical	VII	vocabulary	1284	zh-Hant	zh-Hant	璃	"[""玉""]"	[]		"[""zh-Hant.frequency.1285"",""zh.radical.kangxi.096""]"	[]	[]	sources/characters.tsv	frequency-order position 1284; corpus frequency rank 1285; Ministry common-character number 2600	璃: frequency-order position 1284; corpus frequency rank 1285; 125 appearances (0.01035%); Unihan kRSUnicode 96.11; Kangxi radical 96 玉; Unihan kRSUnicode single radical assignment.	[]	"[""chinese"",""traditional"",""radicals"",""frequency"",""character-to-radical"",""one-way"",""part-7""]"
zh-traditional-radicals-frequency-vii/1285/character-to-radical	VII	vocabulary	1285	zh-Hant	zh-Hant	擦	"[""手""]"	[]		"[""zh-Hant.frequency.1286"",""zh.radical.kangxi.064""]"	[]	[]	sources/characters.tsv	frequency-order position 1285; corpus frequency rank 1286; Ministry common-character number 1694	擦: frequency-order position 1285; corpus frequency rank 1286; 125 appearances (0.01035%); Unihan kRSUnicode 64.14; Kangxi radical 64 手; Unihan kRSUnicode single radical assignment.	[]	"[""chinese"",""traditional"",""radicals"",""frequency"",""character-to-radical"",""one-way"",""part-7""]"
zh-traditional-radicals-frequency-vii/1286/character-to-radical	VII	vocabulary	1286	zh-Hant	zh-Hant	丟	"[""一""]"	[]		"[""zh-Hant.frequency.1287"",""zh.radical.kangxi.001""]"	[]	[]	sources/characters.tsv	frequency-order position 1286; corpus frequency rank 1287; Ministry common-character number 17	丟: frequency-order position 1286; corpus frequency rank 1287; 124 appearances (0.01027%); Unihan kRSUnicode 1.5; Kangxi radical 1 一; Unihan kRSUnicode single radical assignment.	[]	"[""chinese"",""traditional"",""radicals"",""frequency"",""character-to-radical"",""one-way"",""part-7""]"
zh-traditional-radicals-frequency-vii/1287/character-to-radical	VII	vocabulary	1287	zh-Hant	zh-Hant	柱	"[""木""]"	[]		"[""zh-Hant.frequency.1288"",""zh.radical.kangxi.075""]"	[]	[]	sources/characters.tsv	frequency-order position 1287; corpus frequency rank 1288; Ministry common-character number 1892	柱: frequency-order position 1287; corpus frequency rank 1288; 124 appearances (0.01027%); Unihan kRSUnicode 75.5; Kangxi radical 75 木; Unihan kRSUnicode single radical assignment.	[]	"[""chinese"",""traditional"",""radicals"",""frequency"",""character-to-radical"",""one-way"",""part-7""]"
zh-traditional-radicals-frequency-vii/1288/character-to-radical	VII	vocabulary	1288	zh-Hant	zh-Hant	啟	"[""攴""]"	[]		"[""zh-Hant.frequency.1289"",""zh.radical.kangxi.066""]"	[]	[]	sources/characters.tsv	frequency-order position 1288; corpus frequency rank 1289; Ministry common-character number 1728	啟: frequency-order position 1288; corpus frequency rank 1289; 124 appearances (0.01027%); Unihan kRSUnicode 66.7 30.8; Kangxi radical 66 攴; Multiple Unihan possibilities; conventional Traditional dictionary radical 攴 selected.	[]	"[""chinese"",""traditional"",""radicals"",""frequency"",""character-to-radical"",""one-way"",""part-7""]"
zh-traditional-radicals-frequency-vii/1289/character-to-radical	VII	vocabulary	1289	zh-Hant	zh-Hant	棉	"[""木""]"	[]		"[""zh-Hant.frequency.1290"",""zh.radical.kangxi.075""]"	[]	[]	sources/characters.tsv	frequency-order position 1289; corpus frequency rank 1290; Ministry common-character number 1971	棉: frequency-order position 1289; corpus frequency rank 1290; 124 appearances (0.01027%); Unihan kRSUnicode 75.8; Kangxi radical 75 木; Unihan kRSUnicode single radical assignment.	[]	"[""chinese"",""traditional"",""radicals"",""frequency"",""character-to-radical"",""one-way"",""part-7""]"
zh-traditional-radicals-frequency-vii/1290/character-to-radical	VII	vocabulary	1290	zh-Hant	zh-Hant	誕	"[""言""]"	[]		"[""zh-Hant.frequency.1291"",""zh.radical.kangxi.149""]"	[]	[]	sources/characters.tsv	frequency-order position 1290; corpus frequency rank 1291; Ministry common-character number 3848	誕: frequency-order position 1290; corpus frequency rank 1291; 124 appearances (0.01027%); Unihan kRSUnicode 149.7; Kangxi radical 149 言; Unihan kRSUnicode single radical assignment.	[]	"[""chinese"",""traditional"",""radicals"",""frequency"",""character-to-radical"",""one-way"",""part-7""]"
zh-traditional-radicals-frequency-vii/1291/character-to-radical	VII	vocabulary	1291	zh-Hant	zh-Hant	濃	"[""水""]"	[]		"[""zh-Hant.frequency.1292"",""zh.radical.kangxi.085""]"	[]	[]	sources/characters.tsv	frequency-order position 1291; corpus frequency rank 1292; Ministry common-character number 2345	濃: frequency-order position 1291; corpus frequency rank 1292; 124 appearances (0.01027%); Unihan kRSUnicode 85.13; Kangxi radical 85 水; Unihan kRSUnicode single radical assignment.	[]	"[""chinese"",""traditional"",""radicals"",""frequency"",""character-to-radical"",""one-way"",""part-7""]"
zh-traditional-radicals-frequency-vii/1292/character-to-radical	VII	vocabulary	1292	zh-Hant	zh-Hant	鹽	"[""鹵""]"	[]		"[""zh-Hant.frequency.1293"",""zh.radical.kangxi.197""]"	[]	[]	sources/characters.tsv	frequency-order position 1292; corpus frequency rank 1293; Ministry common-character number 4751	鹽: frequency-order position 1292; corpus frequency rank 1293; 124 appearances (0.01027%); Unihan kRSUnicode 197.13; Kangxi radical 197 鹵; Unihan kRSUnicode single radical assignment.	[]	"[""chinese"",""traditional"",""radicals"",""frequency"",""character-to-radical"",""one-way"",""part-7""]"
zh-traditional-radicals-frequency-vii/1293/character-to-radical	VII	vocabulary	1293	zh-Hant	zh-Hant	爛	"[""火""]"	[]		"[""zh-Hant.frequency.1294"",""zh.radical.kangxi.086""]"	[]	[]	sources/characters.tsv	frequency-order position 1293; corpus frequency rank 1294; Ministry common-character number 2464	爛: frequency-order position 1293; corpus frequency rank 1294; 124 appearances (0.01027%); Unihan kRSUnicode 86.17; Kangxi radical 86 火; Unihan kRSUnicode single radical assignment.	[]	"[""chinese"",""traditional"",""radicals"",""frequency"",""character-to-radical"",""one-way"",""part-7""]"
zh-traditional-radicals-frequency-vii/1294/character-to-radical	VII	vocabulary	1294	zh-Hant	zh-Hant	憶	"[""心""]"	[]		"[""zh-Hant.frequency.1295"",""zh.radical.kangxi.061""]"	[]	[]	sources/characters.tsv	frequency-order position 1294; corpus frequency rank 1295; Ministry common-character number 1447	憶: frequency-order position 1294; corpus frequency rank 1295; 123 appearances (0.01019%); Unihan kRSUnicode 61.13; Kangxi radical 61 心; Unihan kRSUnicode single radical assignment.	[]	"[""chinese"",""traditional"",""radicals"",""frequency"",""character-to-radical"",""one-way"",""part-7""]"
zh-traditional-radicals-frequency-vii/1295/character-to-radical	VII	vocabulary	1295	zh-Hant	zh-Hant	甘	"[""甘""]"	[]		"[""zh-Hant.frequency.1296"",""zh.radical.kangxi.099""]"	[]	[]	sources/characters.tsv	frequency-order position 1295; corpus frequency rank 1296; Ministry common-character number 2620	甘: frequency-order position 1295; corpus frequency rank 1296; 123 appearances (0.01019%); Unihan kRSUnicode 99.0; Kangxi radical 99 甘; Unihan kRSUnicode single radical assignment.	[]	"[""chinese"",""traditional"",""radicals"",""frequency"",""character-to-radical"",""one-way"",""part-7""]"
zh-traditional-radicals-frequency-vii/1296/character-to-radical	VII	vocabulary	1296	zh-Hant	zh-Hant	悲	"[""心""]"	[]		"[""zh-Hant.frequency.1297"",""zh.radical.kangxi.061""]"	[]	[]	sources/characters.tsv	frequency-order position 1296; corpus frequency rank 1297; Ministry common-character number 1383	悲: frequency-order position 1296; corpus frequency rank 1297; 123 appearances (0.01019%); Unihan kRSUnicode 61.8; Kangxi radical 61 心; Unihan kRSUnicode single radical assignment.	[]	"[""chinese"",""traditional"",""radicals"",""frequency"",""character-to-radical"",""one-way"",""part-7""]"
zh-traditional-radicals-frequency-vii/1297/character-to-radical	VII	vocabulary	1297	zh-Hant	zh-Hant	莊	"[""艸""]"	[]		"[""zh-Hant.frequency.1298"",""zh.radical.kangxi.140""]"	[]	[]	sources/characters.tsv	frequency-order position 1297; corpus frequency rank 1298; Ministry common-character number 3488	莊: frequency-order position 1297; corpus frequency rank 1298; 123 appearances (0.01019%); Unihan kRSUnicode 140.7; Kangxi radical 140 艸; Unihan kRSUnicode single radical assignment.	[]	"[""chinese"",""traditional"",""radicals"",""frequency"",""character-to-radical"",""one-way"",""part-7""]"
zh-traditional-radicals-frequency-vii/1298/character-to-radical	VII	vocabulary	1298	zh-Hant	zh-Hant	蒂	"[""艸""]"	[]		"[""zh-Hant.frequency.1299"",""zh.radical.kangxi.140""]"	[]	[]	sources/characters.tsv	frequency-order position 1298; corpus frequency rank 1299; Ministry common-character number 3518	蒂: frequency-order position 1298; corpus frequency rank 1299; 123 appearances (0.01019%); Unihan kRSUnicode 140.9; Kangxi radical 140 艸; Unihan kRSUnicode single radical assignment.	[]	"[""chinese"",""traditional"",""radicals"",""frequency"",""character-to-radical"",""one-way"",""part-7""]"
zh-traditional-radicals-frequency-vii/1299/character-to-radical	VII	vocabulary	1299	zh-Hant	zh-Hant	玻	"[""玉""]"	[]		"[""zh-Hant.frequency.1300"",""zh.radical.kangxi.096""]"	[]	[]	sources/characters.tsv	frequency-order position 1299; corpus frequency rank 1300; Ministry common-character number 2561	玻: frequency-order position 1299; corpus frequency rank 1300; 123 appearances (0.01019%); Unihan kRSUnicode 96.5; Kangxi radical 96 玉; Unihan kRSUnicode single radical assignment.	[]	"[""chinese"",""traditional"",""radicals"",""frequency"",""character-to-radical"",""one-way"",""part-7""]"
zh-traditional-radicals-frequency-vii/1300/character-to-radical	VII	vocabulary	1300	zh-Hant	zh-Hant	龜	"[""龜""]"	[]		"[""zh-Hant.frequency.1301"",""zh.radical.kangxi.213""]"	[]	[]	sources/characters.tsv	frequency-order position 1300; corpus frequency rank 1301; Ministry common-character number 4808	龜: frequency-order position 1300; corpus frequency rank 1301; 123 appearances (0.01019%); Unihan kRSUnicode 213.0; Kangxi radical 213 龜; Unihan kRSUnicode single radical assignment.	[]	"[""chinese"",""traditional"",""radicals"",""frequency"",""character-to-radical"",""one-way"",""part-7""]"
zh-traditional-radicals-frequency-vii/1301/character-to-radical	VII	vocabulary	1301	zh-Hant	zh-Hant	檢	"[""木""]"	[]		"[""zh-Hant.frequency.1302"",""zh.radical.kangxi.075""]"	[]	[]	sources/characters.tsv	frequency-order position 1301; corpus frequency rank 1302; Ministry common-character number 2035	檢: frequency-order position 1301; corpus frequency rank 1302; 123 appearances (0.01019%); Unihan kRSUnicode 75.13; Kangxi radical 75 木; Unihan kRSUnicode single radical assignment.	[]	"[""chinese"",""traditional"",""radicals"",""frequency"",""character-to-radical"",""one-way"",""part-7""]"
zh-traditional-radicals-frequency-vii/1302/character-to-radical	VII	vocabulary	1302	zh-Hant	zh-Hant	卵	"[""卩""]"	[]		"[""zh-Hant.frequency.1303"",""zh.radical.kangxi.026""]"	[]	[]	sources/characters.tsv	frequency-order position 1302; corpus frequency rank 1303; Ministry common-character number 453	卵: frequency-order position 1302; corpus frequency rank 1303; 122 appearances (0.01010%); Unihan kRSUnicode 26.5; Kangxi radical 26 卩; Unihan kRSUnicode single radical assignment.	[]	"[""chinese"",""traditional"",""radicals"",""frequency"",""character-to-radical"",""one-way"",""part-7""]"
zh-traditional-radicals-frequency-vii/1303/character-to-radical	VII	vocabulary	1303	zh-Hant	zh-Hant	芬	"[""艸""]"	[]		"[""zh-Hant.frequency.1304"",""zh.radical.kangxi.140""]"	[]	[]	sources/characters.tsv	frequency-order position 1303; corpus frequency rank 1304; Ministry common-character number 3440	芬: frequency-order position 1303; corpus frequency rank 1304; 122 appearances (0.01010%); Unihan kRSUnicode 140.4; Kangxi radical 140 艸; Unihan kRSUnicode single radical assignment.	[]	"[""chinese"",""traditional"",""radicals"",""frequency"",""character-to-radical"",""one-way"",""part-7""]"
zh-traditional-radicals-frequency-vii/1304/character-to-radical	VII	vocabulary	1304	zh-Hant	zh-Hant	徑	"[""彳""]"	[]		"[""zh-Hant.frequency.1305"",""zh.radical.kangxi.060""]"	[]	[]	sources/characters.tsv	frequency-order position 1304; corpus frequency rank 1305; Ministry common-character number 1289	徑: frequency-order position 1304; corpus frequency rank 1305; 122 appearances (0.01010%); Unihan kRSUnicode 60.7; Kangxi radical 60 彳; Unihan kRSUnicode single radical assignment.	[]	"[""chinese"",""traditional"",""radicals"",""frequency"",""character-to-radical"",""one-way"",""part-7""]"
zh-traditional-radicals-frequency-vii/1305/character-to-radical	VII	vocabulary	1305	zh-Hant	zh-Hant	益	"[""皿""]"	[]		"[""zh-Hant.frequency.1306"",""zh.radical.kangxi.108""]"	[]	[]	sources/characters.tsv	frequency-order position 1305; corpus frequency rank 1306; Ministry common-character number 2741	益: frequency-order position 1305; corpus frequency rank 1306; 122 appearances (0.01010%); Unihan kRSUnicode 108.5; Kangxi radical 108 皿; Unihan kRSUnicode single radical assignment.	[]	"[""chinese"",""traditional"",""radicals"",""frequency"",""character-to-radical"",""one-way"",""part-7""]"
zh-traditional-radicals-frequency-vii/1306/character-to-radical	VII	vocabulary	1306	zh-Hant	zh-Hant	煙	"[""火""]"	[]		"[""zh-Hant.frequency.1307"",""zh.radical.kangxi.086""]"	[]	[]	sources/characters.tsv	frequency-order position 1306; corpus frequency rank 1307; Ministry common-character number 2420	煙: frequency-order position 1306; corpus frequency rank 1307; 122 appearances (0.01010%); Unihan kRSUnicode 86.9; Kangxi radical 86 火; Unihan kRSUnicode single radical assignment.	[]	"[""chinese"",""traditional"",""radicals"",""frequency"",""character-to-radical"",""one-way"",""part-7""]"
zh-traditional-radicals-frequency-vii/1307/character-to-radical	VII	vocabulary	1307	zh-Hant	zh-Hant	階	"[""阜""]"	[]		"[""zh-Hant.frequency.1308"",""zh.radical.kangxi.170""]"	[]	[]	sources/characters.tsv	frequency-order position 1307; corpus frequency rank 1308; Ministry common-character number 4430	階: frequency-order position 1307; corpus frequency rank 1308; 122 appearances (0.01010%); Unihan kRSUnicode 170.9; Kangxi radical 170 阜; Unihan kRSUnicode single radical assignment.	[]	"[""chinese"",""traditional"",""radicals"",""frequency"",""character-to-radical"",""one-way"",""part-7""]"
zh-traditional-radicals-frequency-vii/1308/character-to-radical	VII	vocabulary	1308	zh-Hant	zh-Hant	緣	"[""糸""]"	[]		"[""zh-Hant.frequency.1309"",""zh.radical.kangxi.120""]"	[]	[]	sources/characters.tsv	frequency-order position 1308; corpus frequency rank 1309; Ministry common-character number 3155	緣: frequency-order position 1308; corpus frequency rank 1309; 122 appearances (0.01010%); Unihan kRSUnicode 120.9; Kangxi radical 120 糸; Unihan kRSUnicode single radical assignment.	[]	"[""chinese"",""traditional"",""radicals"",""frequency"",""character-to-radical"",""one-way"",""part-7""]"
zh-traditional-radicals-frequency-vii/1309/character-to-radical	VII	vocabulary	1309	zh-Hant	zh-Hant	歸	"[""止""]"	[]		"[""zh-Hant.frequency.1310"",""zh.radical.kangxi.077""]"	[]	[]	sources/characters.tsv	frequency-order position 1309; corpus frequency rank 1310; Ministry common-character number 2075	歸: frequency-order position 1309; corpus frequency rank 1310; 122 appearances (0.01010%); Unihan kRSUnicode 77.14; Kangxi radical 77 止; Unihan kRSUnicode single radical assignment.	[]	"[""chinese"",""traditional"",""radicals"",""frequency"",""character-to-radical"",""one-way"",""part-7""]"
zh-traditional-radicals-frequency-vii/1310/character-to-radical	VII	vocabulary	1310	zh-Hant	zh-Hant	宙	"[""宀""]"	[]		"[""zh-Hant.frequency.1311"",""zh.radical.kangxi.040""]"	[]	[]	sources/characters.tsv	frequency-order position 1310; corpus frequency rank 1311; Ministry common-character number 1017	宙: frequency-order position 1310; corpus frequency rank 1311; 121 appearances (0.01002%); Unihan kRSUnicode 40.5; Kangxi radical 40 宀; Unihan kRSUnicode single radical assignment.	[]	"[""chinese"",""traditional"",""radicals"",""frequency"",""character-to-radical"",""one-way"",""part-7""]"
zh-traditional-radicals-frequency-vii/1311/character-to-radical	VII	vocabulary	1311	zh-Hant	zh-Hant	股	"[""肉""]"	[]		"[""zh-Hant.frequency.1312"",""zh.radical.kangxi.130""]"	[]	[]	sources/characters.tsv	frequency-order position 1311; corpus frequency rank 1312; Ministry common-character number 3302	股: frequency-order position 1311; corpus frequency rank 1312; 121 appearances (0.01002%); Unihan kRSUnicode 130.4; Kangxi radical 130 肉; Unihan kRSUnicode single radical assignment.	[]	"[""chinese"",""traditional"",""radicals"",""frequency"",""character-to-radical"",""one-way"",""part-7""]"
zh-traditional-radicals-frequency-vii/1312/character-to-radical	VII	vocabulary	1312	zh-Hant	zh-Hant	捉	"[""手""]"	[]		"[""zh-Hant.frequency.1313"",""zh.radical.kangxi.064""]"	[]	[]	sources/characters.tsv	frequency-order position 1312; corpus frequency rank 1313; Ministry common-character number 1579	捉: frequency-order position 1312; corpus frequency rank 1313; 121 appearances (0.01002%); Unihan kRSUnicode 64.7; Kangxi radical 64 手; Unihan kRSUnicode single radical assignment.	[]	"[""chinese"",""traditional"",""radicals"",""frequency"",""character-to-radical"",""one-way"",""part-7""]"
zh-traditional-radicals-frequency-vii/1313/character-to-radical	VII	vocabulary	1313	zh-Hant	zh-Hant	旋	"[""方""]"	[]		"[""zh-Hant.frequency.1314"",""zh.radical.kangxi.070""]"	[]	[]	sources/characters.tsv	frequency-order position 1313; corpus frequency rank 1314; Ministry common-character number 1765	旋: frequency-order position 1313; corpus frequency rank 1314; 121 appearances (0.01002%); Unihan kRSUnicode 70.7; Kangxi radical 70 方; Unihan kRSUnicode single radical assignment.	[]	"[""chinese"",""traditional"",""radicals"",""frequency"",""character-to-radical"",""one-way"",""part-7""]"
zh-traditional-radicals-frequency-vii/1314/character-to-radical	VII	vocabulary	1314	zh-Hant	zh-Hant	鳳	"[""鳥""]"	[]		"[""zh-Hant.frequency.1315"",""zh.radical.kangxi.196""]"	[]	[]	sources/characters.tsv	frequency-order position 1314; corpus frequency rank 1315; Ministry common-character number 4720	鳳: frequency-order position 1314; corpus frequency rank 1315; 121 appearances (0.01002%); Unihan kRSUnicode 196.3; Kangxi radical 196 鳥; Unihan kRSUnicode single radical assignment.	[]	"[""chinese"",""traditional"",""radicals"",""frequency"",""character-to-radical"",""one-way"",""part-7""]"
zh-traditional-radicals-frequency-vii/1315/character-to-radical	VII	vocabulary	1315	zh-Hant	zh-Hant	複	"[""衣""]"	[]		"[""zh-Hant.frequency.1316"",""zh.radical.kangxi.145""]"	[]	[]	sources/characters.tsv	frequency-order position 1315; corpus frequency rank 1316; Ministry common-character number 3744	複: frequency-order position 1315; corpus frequency rank 1316; 121 appearances (0.01002%); Unihan kRSUnicode 145.9; Kangxi radical 145 衣; Unihan kRSUnicode single radical assignment.	[]	"[""chinese"",""traditional"",""radicals"",""frequency"",""character-to-radical"",""one-way"",""part-7""]"
zh-traditional-radicals-frequency-vii/1316/character-to-radical	VII	vocabulary	1316	zh-Hant	zh-Hant	鄰	"[""邑""]"	[]		"[""zh-Hant.frequency.1317"",""zh.radical.kangxi.163""]"	[]	[]	sources/characters.tsv	frequency-order position 1316; corpus frequency rank 1317; Ministry common-character number 4220	鄰: frequency-order position 1316; corpus frequency rank 1317; 121 appearances (0.01002%); Unihan kRSUnicode 163.12; Kangxi radical 163 邑; Unihan kRSUnicode single radical assignment.	[]	"[""chinese"",""traditional"",""radicals"",""frequency"",""character-to-radical"",""one-way"",""part-7""]"
zh-traditional-radicals-frequency-vii/1317/character-to-radical	VII	vocabulary	1317	zh-Hant	zh-Hant	糕	"[""米""]"	[]		"[""zh-Hant.frequency.1318"",""zh.radical.kangxi.119""]"	[]	[]	sources/characters.tsv	frequency-order position 1317; corpus frequency rank 1318; Ministry common-character number 3069	糕: frequency-order position 1317; corpus frequency rank 1318; 121 appearances (0.01002%); Unihan kRSUnicode 119.10; Kangxi radical 119 米; Unihan kRSUnicode single radical assignment.	[]	"[""chinese"",""traditional"",""radicals"",""frequency"",""character-to-radical"",""one-way"",""part-7""]"
zh-traditional-radicals-frequency-vii/1318/character-to-radical	VII	vocabulary	1318	zh-Hant	zh-Hant	勵	"[""力""]"	[]		"[""zh-Hant.frequency.1319"",""zh.radical.kangxi.019""]"	[]	[]	sources/characters.tsv	frequency-order position 1318; corpus frequency rank 1319; Ministry common-character number 403	勵: frequency-order position 1318; corpus frequency rank 1319; 121 appearances (0.01002%); Unihan kRSUnicode 19.15; Kangxi radical 19 力; Unihan kRSUnicode single radical assignment.	[]	"[""chinese"",""traditional"",""radicals"",""frequency"",""character-to-radical"",""one-way"",""part-7""]"
zh-traditional-radicals-frequency-vii/1319/character-to-radical	VII	vocabulary	1319	zh-Hant	zh-Hant	燃	"[""火""]"	[]		"[""zh-Hant.frequency.1320"",""zh.radical.kangxi.086""]"	[]	[]	sources/characters.tsv	frequency-order position 1319; corpus frequency rank 1320; Ministry common-character number 2450	燃: frequency-order position 1319; corpus frequency rank 1320; 121 appearances (0.01002%); Unihan kRSUnicode 86.12; Kangxi radical 86 火; Unihan kRSUnicode single radical assignment.	[]	"[""chinese"",""traditional"",""radicals"",""frequency"",""character-to-radical"",""one-way"",""part-7""]"
zh-traditional-radicals-frequency-vii/1320/character-to-radical	VII	vocabulary	1320	zh-Hant	zh-Hant	亡	"[""亠""]"	[]		"[""zh-Hant.frequency.1321"",""zh.radical.kangxi.008""]"	[]	[]	sources/characters.tsv	frequency-order position 1320; corpus frequency rank 1321; Ministry common-character number 59	亡: frequency-order position 1320; corpus frequency rank 1321; 120 appearances (0.00994%); Unihan kRSUnicode 8.1; Kangxi radical 8 亠; Unihan kRSUnicode single radical assignment.	[]	"[""chinese"",""traditional"",""radicals"",""frequency"",""character-to-radical"",""one-way"",""part-7""]"
zh-traditional-radicals-frequency-vii/1321/character-to-radical	VII	vocabulary	1321	zh-Hant	zh-Hant	臣	"[""臣""]"	[]		"[""zh-Hant.frequency.1322"",""zh.radical.kangxi.131""]"	[]	[]	sources/characters.tsv	frequency-order position 1321; corpus frequency rank 1322; Ministry common-character number 3382	臣: frequency-order position 1321; corpus frequency rank 1322; 120 appearances (0.00994%); Unihan kRSUnicode 131.0; Kangxi radical 131 臣; Unihan kRSUnicode single radical assignment.	[]	"[""chinese"",""traditional"",""radicals"",""frequency"",""character-to-radical"",""one-way"",""part-7""]"
zh-traditional-radicals-frequency-vii/1322/character-to-radical	VII	vocabulary	1322	zh-Hant	zh-Hant	谷	"[""谷""]"	[]		"[""zh-Hant.frequency.1323"",""zh.radical.kangxi.150""]"	[]	[]	sources/characters.tsv	frequency-order position 1322; corpus frequency rank 1323; Ministry common-character number 3902	谷: frequency-order position 1322; corpus frequency rank 1323; 120 appearances (0.00994%); Unihan kRSUnicode 150.0; Kangxi radical 150 谷; Unihan kRSUnicode single radical assignment.	[]	"[""chinese"",""traditional"",""radicals"",""frequency"",""character-to-radical"",""one-way"",""part-7""]"
zh-traditional-radicals-frequency-vii/1323/character-to-radical	VII	vocabulary	1323	zh-Hant	zh-Hant	律	"[""彳""]"	[]		"[""zh-Hant.frequency.1324"",""zh.radical.kangxi.060""]"	[]	[]	sources/characters.tsv	frequency-order position 1323; corpus frequency rank 1324; Ministry common-character number 1285	律: frequency-order position 1323; corpus frequency rank 1324; 120 appearances (0.00994%); Unihan kRSUnicode 60.6; Kangxi radical 60 彳; Unihan kRSUnicode single radical assignment.	[]	"[""chinese"",""traditional"",""radicals"",""frequency"",""character-to-radical"",""one-way"",""part-7""]"
zh-traditional-radicals-frequency-vii/1324/character-to-radical	VII	vocabulary	1324	zh-Hant	zh-Hant	陶	"[""阜""]"	[]		"[""zh-Hant.frequency.1325"",""zh.radical.kangxi.170""]"	[]	[]	sources/characters.tsv	frequency-order position 1324; corpus frequency rank 1325; Ministry common-character number 4427	陶: frequency-order position 1324; corpus frequency rank 1325; 120 appearances (0.00994%); Unihan kRSUnicode 170.8; Kangxi radical 170 阜; Unihan kRSUnicode single radical assignment.	[]	"[""chinese"",""traditional"",""radicals"",""frequency"",""character-to-radical"",""one-way"",""part-7""]"
zh-traditional-radicals-frequency-vii/1325/character-to-radical	VII	vocabulary	1325	zh-Hant	zh-Hant	莫	"[""艸""]"	[]		"[""zh-Hant.frequency.1326"",""zh.radical.kangxi.140""]"	[]	[]	sources/characters.tsv	frequency-order position 1325; corpus frequency rank 1326; Ministry common-character number 3486	莫: frequency-order position 1325; corpus frequency rank 1326; 120 appearances (0.00994%); Unihan kRSUnicode 140.7; Kangxi radical 140 艸; Unihan kRSUnicode single radical assignment.	[]	"[""chinese"",""traditional"",""radicals"",""frequency"",""character-to-radical"",""one-way"",""part-7""]"
zh-traditional-radicals-frequency-vii/1326/character-to-radical	VII	vocabulary	1326	zh-Hant	zh-Hant	膀	"[""肉""]"	[]		"[""zh-Hant.frequency.1327"",""zh.radical.kangxi.130""]"	[]	[]	sources/characters.tsv	frequency-order position 1326; corpus frequency rank 1327; Ministry common-character number 3355	膀: frequency-order position 1326; corpus frequency rank 1327; 119 appearances (0.00985%); Unihan kRSUnicode 130.10; Kangxi radical 130 肉; Unihan kRSUnicode single radical assignment.	[]	"[""chinese"",""traditional"",""radicals"",""frequency"",""character-to-radical"",""one-way"",""part-7""]"
zh-traditional-radicals-frequency-vii/1327/character-to-radical	VII	vocabulary	1327	zh-Hant	zh-Hant	疑	"[""疋""]"	[]		"[""zh-Hant.frequency.1328"",""zh.radical.kangxi.103""]"	[]	[]	sources/characters.tsv	frequency-order position 1327; corpus frequency rank 1328; Ministry common-character number 2659	疑: frequency-order position 1327; corpus frequency rank 1328; 119 appearances (0.00985%); Unihan kRSUnicode 103.9; Kangxi radical 103 疋; Unihan kRSUnicode single radical assignment.	[]	"[""chinese"",""traditional"",""radicals"",""frequency"",""character-to-radical"",""one-way"",""part-7""]"
zh-traditional-radicals-frequency-vii/1328/character-to-radical	VII	vocabulary	1328	zh-Hant	zh-Hant	聚	"[""耳""]"	[]		"[""zh-Hant.frequency.1329"",""zh.radical.kangxi.128""]"	[]	[]	sources/characters.tsv	frequency-order position 1328; corpus frequency rank 1329; Ministry common-character number 3273	聚: frequency-order position 1328; corpus frequency rank 1329; 119 appearances (0.00985%); Unihan kRSUnicode 128.8; Kangxi radical 128 耳; Unihan kRSUnicode single radical assignment.	[]	"[""chinese"",""traditional"",""radicals"",""frequency"",""character-to-radical"",""one-way"",""part-7""]"
zh-traditional-radicals-frequency-vii/1329/character-to-radical	VII	vocabulary	1329	zh-Hant	zh-Hant	績	"[""糸""]"	[]		"[""zh-Hant.frequency.1330"",""zh.radical.kangxi.120""]"	[]	[]	sources/characters.tsv	frequency-order position 1329; corpus frequency rank 1330; Ministry common-character number 3166	績: frequency-order position 1329; corpus frequency rank 1330; 119 appearances (0.00985%); Unihan kRSUnicode 120.11; Kangxi radical 120 糸; Unihan kRSUnicode single radical assignment.	[]	"[""chinese"",""traditional"",""radicals"",""frequency"",""character-to-radical"",""one-way"",""part-7""]"
zh-traditional-radicals-frequency-vii/1330/character-to-radical	VII	vocabulary	1330	zh-Hant	zh-Hant	繪	"[""糸""]"	[]		"[""zh-Hant.frequency.1331"",""zh.radical.kangxi.120""]"	[]	[]	sources/characters.tsv	frequency-order position 1330; corpus frequency rank 1331; Ministry common-character number 3185	繪: frequency-order position 1330; corpus frequency rank 1331; 119 appearances (0.00985%); Unihan kRSUnicode 120.13; Kangxi radical 120 糸; Unihan kRSUnicode single radical assignment.	[]	"[""chinese"",""traditional"",""radicals"",""frequency"",""character-to-radical"",""one-way"",""part-7""]"
zh-traditional-radicals-frequency-vii/1331/character-to-radical	VII	vocabulary	1331	zh-Hant	zh-Hant	飄	"[""風""]"	[]		"[""zh-Hant.frequency.1332"",""zh.radical.kangxi.182""]"	[]	[]	sources/characters.tsv	frequency-order position 1331; corpus frequency rank 1332; Ministry common-character number 4579	飄: frequency-order position 1331; corpus frequency rank 1332; 119 appearances (0.00985%); Unihan kRSUnicode 182.11; Kangxi radical 182 風; Unihan kRSUnicode single radical assignment.	[]	"[""chinese"",""traditional"",""radicals"",""frequency"",""character-to-radical"",""one-way"",""part-7""]"
zh-traditional-radicals-frequency-vii/1332/character-to-radical	VII	vocabulary	1332	zh-Hant	zh-Hant	昏	"[""日""]"	[]		"[""zh-Hant.frequency.1333"",""zh.radical.kangxi.072""]"	[]	[]	sources/characters.tsv	frequency-order position 1332; corpus frequency rank 1333; Ministry common-character number 1786	昏: frequency-order position 1332; corpus frequency rank 1333; 118 appearances (0.00977%); Unihan kRSUnicode 72.4; Kangxi radical 72 日; Unihan kRSUnicode single radical assignment.	[]	"[""chinese"",""traditional"",""radicals"",""frequency"",""character-to-radical"",""one-way"",""part-7""]"
zh-traditional-radicals-frequency-vii/1333/character-to-radical	VII	vocabulary	1333	zh-Hant	zh-Hant	涼	"[""水""]"	[]		"[""zh-Hant.frequency.1334"",""zh.radical.kangxi.085""]"	[]	[]	sources/characters.tsv	frequency-order position 1333; corpus frequency rank 1334; Ministry common-character number 2215	涼: frequency-order position 1333; corpus frequency rank 1334; 118 appearances (0.00977%); Unihan kRSUnicode 85.8; Kangxi radical 85 水; Unihan kRSUnicode single radical assignment.	[]	"[""chinese"",""traditional"",""radicals"",""frequency"",""character-to-radical"",""one-way"",""part-7""]"
zh-traditional-radicals-frequency-vii/1334/character-to-radical	VII	vocabulary	1334	zh-Hant	zh-Hant	累	"[""糸""]"	[]		"[""zh-Hant.frequency.1335"",""zh.radical.kangxi.120""]"	[]	[]	sources/characters.tsv	frequency-order position 1334; corpus frequency rank 1335; Ministry common-character number 3112	累: frequency-order position 1334; corpus frequency rank 1335; 118 appearances (0.00977%); Unihan kRSUnicode 120.5; Kangxi radical 120 糸; Unihan kRSUnicode single radical assignment.	[]	"[""chinese"",""traditional"",""radicals"",""frequency"",""character-to-radical"",""one-way"",""part-7""]"
zh-traditional-radicals-frequency-vii/1335/character-to-radical	VII	vocabulary	1335	zh-Hant	zh-Hant	途	"[""辵""]"	[]		"[""zh-Hant.frequency.1336"",""zh.radical.kangxi.162""]"	[]	[]	sources/characters.tsv	frequency-order position 1335; corpus frequency rank 1336; Ministry common-character number 4151	途: frequency-order position 1335; corpus frequency rank 1336; 118 appearances (0.00977%); Unihan kRSUnicode 162.7; Kangxi radical 162 辵; Unihan kRSUnicode single radical assignment.	[]	"[""chinese"",""traditional"",""radicals"",""frequency"",""character-to-radical"",""one-way"",""part-7""]"
zh-traditional-radicals-frequency-vii/1336/character-to-radical	VII	vocabulary	1336	zh-Hant	zh-Hant	混	"[""水""]"	[]		"[""zh-Hant.frequency.1337"",""zh.radical.kangxi.085""]"	[]	[]	sources/characters.tsv	frequency-order position 1336; corpus frequency rank 1337; Ministry common-character number 2233	混: frequency-order position 1336; corpus frequency rank 1337; 118 appearances (0.00977%); Unihan kRSUnicode 85.8; Kangxi radical 85 水; Unihan kRSUnicode single radical assignment.	[]	"[""chinese"",""traditional"",""radicals"",""frequency"",""character-to-radical"",""one-way"",""part-7""]"
zh-traditional-radicals-frequency-vii/1337/character-to-radical	VII	vocabulary	1337	zh-Hant	zh-Hant	港	"[""水""]"	[]		"[""zh-Hant.frequency.1338"",""zh.radical.kangxi.085""]"	[]	[]	sources/characters.tsv	frequency-order position 1337; corpus frequency rank 1338; Ministry common-character number 2248	港: frequency-order position 1337; corpus frequency rank 1338; 118 appearances (0.00977%); Unihan kRSUnicode 85.9; Kangxi radical 85 水; Unihan kRSUnicode single radical assignment.	[]	"[""chinese"",""traditional"",""radicals"",""frequency"",""character-to-radical"",""one-way"",""part-7""]"
zh-traditional-radicals-frequency-vii/1338/character-to-radical	VII	vocabulary	1338	zh-Hant	zh-Hant	瑪	"[""玉""]"	[]		"[""zh-Hant.frequency.1339"",""zh.radical.kangxi.096""]"	[]	[]	sources/characters.tsv	frequency-order position 1338; corpus frequency rank 1339; Ministry common-character number 2596	瑪: frequency-order position 1338; corpus frequency rank 1339; 118 appearances (0.00977%); Unihan kRSUnicode 96.10; Kangxi radical 96 玉; Unihan kRSUnicode single radical assignment.	[]	"[""chinese"",""traditional"",""radicals"",""frequency"",""character-to-radical"",""one-way"",""part-7""]"
zh-traditional-radicals-frequency-vii/1339/character-to-radical	VII	vocabulary	1339	zh-Hant	zh-Hant	鋒	"[""金""]"	[]		"[""zh-Hant.frequency.1340"",""zh.radical.kangxi.167""]"	[]	[]	sources/characters.tsv	frequency-order position 1339; corpus frequency rank 1340; Ministry common-character number 4305	鋒: frequency-order position 1339; corpus frequency rank 1340; 118 appearances (0.00977%); Unihan kRSUnicode 167.7; Kangxi radical 167 金; Unihan kRSUnicode single radical assignment.	[]	"[""chinese"",""traditional"",""radicals"",""frequency"",""character-to-radical"",""one-way"",""part-7""]"
zh-traditional-radicals-frequency-vii/1340/character-to-radical	VII	vocabulary	1340	zh-Hant	zh-Hant	融	"[""虫""]"	[]		"[""zh-Hant.frequency.1341"",""zh.radical.kangxi.142""]"	[]	[]	sources/characters.tsv	frequency-order position 1340; corpus frequency rank 1341; Ministry common-character number 3670	融: frequency-order position 1340; corpus frequency rank 1341; 118 appearances (0.00977%); Unihan kRSUnicode 142.10; Kangxi radical 142 虫; Unihan kRSUnicode single radical assignment.	[]	"[""chinese"",""traditional"",""radicals"",""frequency"",""character-to-radical"",""one-way"",""part-7""]"
zh-traditional-radicals-frequency-vii/1341/character-to-radical	VII	vocabulary	1341	zh-Hant	zh-Hant	隱	"[""阜""]"	[]		"[""zh-Hant.frequency.1342"",""zh.radical.kangxi.170""]"	[]	[]	sources/characters.tsv	frequency-order position 1341; corpus frequency rank 1342; Ministry common-character number 4446	隱: frequency-order position 1341; corpus frequency rank 1342; 118 appearances (0.00977%); Unihan kRSUnicode 170.14; Kangxi radical 170 阜; Unihan kRSUnicode single radical assignment.	[]	"[""chinese"",""traditional"",""radicals"",""frequency"",""character-to-radical"",""one-way"",""part-7""]"
zh-traditional-radicals-frequency-vii/1342/character-to-radical	VII	vocabulary	1342	zh-Hant	zh-Hant	週	"[""辵""]"	[]		"[""zh-Hant.frequency.1343"",""zh.radical.kangxi.162""]"	[]	[]	sources/characters.tsv	frequency-order position 1342; corpus frequency rank 1343; Ministry common-character number 4154	週: frequency-order position 1342; corpus frequency rank 1343; 117 appearances (0.00969%); Unihan kRSUnicode 162.8; Kangxi radical 162 辵; Unihan kRSUnicode single radical assignment.	[]	"[""chinese"",""traditional"",""radicals"",""frequency"",""character-to-radical"",""one-way"",""part-7""]"
zh-traditional-radicals-frequency-vii/1343/character-to-radical	VII	vocabulary	1343	zh-Hant	zh-Hant	酸	"[""酉""]"	[]		"[""zh-Hant.frequency.1344"",""zh.radical.kangxi.164""]"	[]	[]	sources/characters.tsv	frequency-order position 1343; corpus frequency rank 1344; Ministry common-character number 4238	酸: frequency-order position 1343; corpus frequency rank 1344; 117 appearances (0.00969%); Unihan kRSUnicode 164.7; Kangxi radical 164 酉; Unihan kRSUnicode single radical assignment.	[]	"[""chinese"",""traditional"",""radicals"",""frequency"",""character-to-radical"",""one-way"",""part-7""]"
zh-traditional-radicals-frequency-vii/1344/character-to-radical	VII	vocabulary	1344	zh-Hant	zh-Hant	砍	"[""石""]"	[]		"[""zh-Hant.frequency.1345"",""zh.radical.kangxi.112""]"	[]	[]	sources/characters.tsv	frequency-order position 1344; corpus frequency rank 1345; Ministry common-character number 2828	砍: frequency-order position 1344; corpus frequency rank 1345; 117 appearances (0.00969%); Unihan kRSUnicode 112.4; Kangxi radical 112 石; Unihan kRSUnicode single radical assignment.	[]	"[""chinese"",""traditional"",""radicals"",""frequency"",""character-to-radical"",""one-way"",""part-7""]"
zh-traditional-radicals-frequency-vii/1345/character-to-radical	VII	vocabulary	1345	zh-Hant	zh-Hant	巢	"[""巛""]"	[]		"[""zh-Hant.frequency.1346"",""zh.radical.kangxi.047""]"	[]	[]	sources/characters.tsv	frequency-order position 1345; corpus frequency rank 1346; Ministry common-character number 1147	巢: frequency-order position 1345; corpus frequency rank 1346; 117 appearances (0.00969%); Unihan kRSUnicode 47.8; Kangxi radical 47 巛; Unihan kRSUnicode single radical assignment.	[]	"[""chinese"",""traditional"",""radicals"",""frequency"",""character-to-radical"",""one-way"",""part-7""]"
zh-traditional-radicals-frequency-vii/1346/character-to-radical	VII	vocabulary	1346	zh-Hant	zh-Hant	萊	"[""艸""]"	[]		"[""zh-Hant.frequency.1347"",""zh.radical.kangxi.140""]"	[]	[]	sources/characters.tsv	frequency-order position 1346; corpus frequency rank 1347; Ministry common-character number 3507	萊: frequency-order position 1346; corpus frequency rank 1347; 117 appearances (0.00969%); Unihan kRSUnicode 140.8; Kangxi radical 140 艸; Unihan kRSUnicode single radical assignment.	[]	"[""chinese"",""traditional"",""radicals"",""frequency"",""character-to-radical"",""one-way"",""part-7""]"
zh-traditional-radicals-frequency-vii/1347/character-to-radical	VII	vocabulary	1347	zh-Hant	zh-Hant	坡	"[""土""]"	[]		"[""zh-Hant.frequency.1348"",""zh.radical.kangxi.032""]"	[]	[]	sources/characters.tsv	frequency-order position 1347; corpus frequency rank 1348; Ministry common-character number 760	坡: frequency-order position 1347; corpus frequency rank 1348; 117 appearances (0.00969%); Unihan kRSUnicode 32.5; Kangxi radical 32 土; Unihan kRSUnicode single radical assignment.	[]	"[""chinese"",""traditional"",""radicals"",""frequency"",""character-to-radical"",""one-way"",""part-7""]"
zh-traditional-radicals-frequency-vii/1348/character-to-radical	VII	vocabulary	1348	zh-Hant	zh-Hant	浮	"[""水""]"	[]		"[""zh-Hant.frequency.1349"",""zh.radical.kangxi.085""]"	[]	[]	sources/characters.tsv	frequency-order position 1348; corpus frequency rank 1349; Ministry common-character number 2210	浮: frequency-order position 1348; corpus frequency rank 1349; 117 appearances (0.00969%); Unihan kRSUnicode 85.7; Kangxi radical 85 水; Unihan kRSUnicode single radical assignment.	[]	"[""chinese"",""traditional"",""radicals"",""frequency"",""character-to-radical"",""one-way"",""part-7""]"
zh-traditional-radicals-frequency-vii/1349/character-to-radical	VII	vocabulary	1349	zh-Hant	zh-Hant	輸	"[""車""]"	[]		"[""zh-Hant.frequency.1350"",""zh.radical.kangxi.159""]"	[]	[]	sources/characters.tsv	frequency-order position 1349; corpus frequency rank 1350; Ministry common-character number 4089	輸: frequency-order position 1349; corpus frequency rank 1350; 117 appearances (0.00969%); Unihan kRSUnicode 159.9; Kangxi radical 159 車; Unihan kRSUnicode single radical assignment.	[]	"[""chinese"",""traditional"",""radicals"",""frequency"",""character-to-radical"",""one-way"",""part-7""]"
zh-traditional-radicals-frequency-vii/1350/character-to-radical	VII	vocabulary	1350	zh-Hant	zh-Hant	址	"[""土""]"	[]		"[""zh-Hant.frequency.1351"",""zh.radical.kangxi.032""]"	[]	[]	sources/characters.tsv	frequency-order position 1350; corpus frequency rank 1351; Ministry common-character number 749	址: frequency-order position 1350; corpus frequency rank 1351; 116 appearances (0.00961%); Unihan kRSUnicode 32.4; Kangxi radical 32 土; Unihan kRSUnicode single radical assignment.	[]	"[""chinese"",""traditional"",""radicals"",""frequency"",""character-to-radical"",""one-way"",""part-7""]"
zh-traditional-radicals-frequency-vii/1351/character-to-radical	VII	vocabulary	1351	zh-Hant	zh-Hant	柔	"[""木""]"	[]		"[""zh-Hant.frequency.1352"",""zh.radical.kangxi.075""]"	[]	[]	sources/characters.tsv	frequency-order position 1351; corpus frequency rank 1352; Ministry common-character number 1893	柔: frequency-order position 1351; corpus frequency rank 1352; 116 appearances (0.00961%); Unihan kRSUnicode 75.5; Kangxi radical 75 木; Unihan kRSUnicode single radical assignment.	[]	"[""chinese"",""traditional"",""radicals"",""frequency"",""character-to-radical"",""one-way"",""part-7""]"
zh-traditional-radicals-frequency-vii/1352/character-to-radical	VII	vocabulary	1352	zh-Hant	zh-Hant	搬	"[""手""]"	[]		"[""zh-Hant.frequency.1353"",""zh.radical.kangxi.064""]"	[]	[]	sources/characters.tsv	frequency-order position 1352; corpus frequency rank 1353; Ministry common-character number 1641	搬: frequency-order position 1352; corpus frequency rank 1353; 116 appearances (0.00961%); Unihan kRSUnicode 64.10; Kangxi radical 64 手; Unihan kRSUnicode single radical assignment.	[]	"[""chinese"",""traditional"",""radicals"",""frequency"",""character-to-radical"",""one-way"",""part-7""]"
zh-traditional-radicals-frequency-vii/1353/character-to-radical	VII	vocabulary	1353	zh-Hant	zh-Hant	餓	"[""食""]"	[]		"[""zh-Hant.frequency.1354"",""zh.radical.kangxi.184""]"	[]	[]	sources/characters.tsv	frequency-order position 1353; corpus frequency rank 1354; Ministry common-character number 4598	餓: frequency-order position 1353; corpus frequency rank 1354; 116 appearances (0.00961%); Unihan kRSUnicode 184.7; Kangxi radical 184 食; Unihan kRSUnicode single radical assignment.	[]	"[""chinese"",""traditional"",""radicals"",""frequency"",""character-to-radical"",""one-way"",""part-7""]"
zh-traditional-radicals-frequency-vii/1354/character-to-radical	VII	vocabulary	1354	zh-Hant	zh-Hant	蝶	"[""虫""]"	[]		"[""zh-Hant.frequency.1355"",""zh.radical.kangxi.142""]"	[]	[]	sources/characters.tsv	frequency-order position 1354; corpus frequency rank 1355; Ministry common-character number 3658	蝶: frequency-order position 1354; corpus frequency rank 1355; 116 appearances (0.00961%); Unihan kRSUnicode 142.9; Kangxi radical 142 虫; Unihan kRSUnicode single radical assignment.	[]	"[""chinese"",""traditional"",""radicals"",""frequency"",""character-to-radical"",""one-way"",""part-7""]"
zh-traditional-radicals-frequency-vii/1355/character-to-radical	VII	vocabulary	1355	zh-Hant	zh-Hant	獸	"[""犬""]"	[]		"[""zh-Hant.frequency.1356"",""zh.radical.kangxi.094""]"	[]	[]	sources/characters.tsv	frequency-order position 1355; corpus frequency rank 1356; Ministry common-character number 2546	獸: frequency-order position 1355; corpus frequency rank 1356; 116 appearances (0.00961%); Unihan kRSUnicode 94.15; Kangxi radical 94 犬; Unihan kRSUnicode single radical assignment.	[]	"[""chinese"",""traditional"",""radicals"",""frequency"",""character-to-radical"",""one-way"",""part-7""]"
zh-traditional-radicals-frequency-vii/1356/character-to-radical	VII	vocabulary	1356	zh-Hant	zh-Hant	汗	"[""水""]"	[]		"[""zh-Hant.frequency.1357"",""zh.radical.kangxi.085""]"	[]	[]	sources/characters.tsv	frequency-order position 1356; corpus frequency rank 1357; Ministry common-character number 2131	汗: frequency-order position 1356; corpus frequency rank 1357; 115 appearances (0.00952%); Unihan kRSUnicode 85.3; Kangxi radical 85 水; Unihan kRSUnicode single radical assignment.	[]	"[""chinese"",""traditional"",""radicals"",""frequency"",""character-to-radical"",""one-way"",""part-7""]"
zh-traditional-radicals-frequency-vii/1357/character-to-radical	VII	vocabulary	1357	zh-Hant	zh-Hant	曹	"[""曰""]"	[]		"[""zh-Hant.frequency.1358"",""zh.radical.kangxi.073""]"	[]	[]	sources/characters.tsv	frequency-order position 1357; corpus frequency rank 1358; Ministry common-character number 1836	曹: frequency-order position 1357; corpus frequency rank 1358; 115 appearances (0.00952%); Unihan kRSUnicode 73.7; Kangxi radical 73 曰; Unihan kRSUnicode single radical assignment.	[]	"[""chinese"",""traditional"",""radicals"",""frequency"",""character-to-radical"",""one-way"",""part-7""]"
zh-traditional-radicals-frequency-vii/1358/character-to-radical	VII	vocabulary	1358	zh-Hant	zh-Hant	毫	"[""毛""]"	[]		"[""zh-Hant.frequency.1359"",""zh.radical.kangxi.082""]"	[]	[]	sources/characters.tsv	frequency-order position 1358; corpus frequency rank 1359; Ministry common-character number 2105	毫: frequency-order position 1358; corpus frequency rank 1359; 115 appearances (0.00952%); Unihan kRSUnicode 82.7; Kangxi radical 82 毛; Unihan kRSUnicode single radical assignment.	[]	"[""chinese"",""traditional"",""radicals"",""frequency"",""character-to-radical"",""one-way"",""part-7""]"
zh-traditional-radicals-frequency-vii/1359/character-to-radical	VII	vocabulary	1359	zh-Hant	zh-Hant	棵	"[""木""]"	[]		"[""zh-Hant.frequency.1360"",""zh.radical.kangxi.075""]"	[]	[]	sources/characters.tsv	frequency-order position 1359; corpus frequency rank 1360; Ministry common-character number 1959	棵: frequency-order position 1359; corpus frequency rank 1360; 115 appearances (0.00952%); Unihan kRSUnicode 75.8; Kangxi radical 75 木; Unihan kRSUnicode single radical assignment.	[]	"[""chinese"",""traditional"",""radicals"",""frequency"",""character-to-radical"",""one-way"",""part-7""]"
zh-traditional-radicals-frequency-vii/1360/character-to-radical	VII	vocabulary	1360	zh-Hant	zh-Hant	嗯	"[""口""]"	[]		"[""zh-Hant.frequency.1361"",""zh.radical.kangxi.030""]"	[]	[]	sources/characters.tsv	frequency-order position 1360; corpus frequency rank 1361; Ministry common-character number 655	嗯: frequency-order position 1360; corpus frequency rank 1361; 115 appearances (0.00952%); Unihan kRSUnicode 30.10; Kangxi radical 30 口; Unihan kRSUnicode single radical assignment.	[]	"[""chinese"",""traditional"",""radicals"",""frequency"",""character-to-radical"",""one-way"",""part-7""]"
zh-traditional-radicals-frequency-vii/1361/character-to-radical	VII	vocabulary	1361	zh-Hant	zh-Hant	戴	"[""戈""]"	[]		"[""zh-Hant.frequency.1362"",""zh.radical.kangxi.062""]"	[]	[]	sources/characters.tsv	frequency-order position 1361; corpus frequency rank 1362; Ministry common-character number 1485	戴: frequency-order position 1361; corpus frequency rank 1362; 115 appearances (0.00952%); Unihan kRSUnicode 62.13; Kangxi radical 62 戈; Unihan kRSUnicode single radical assignment.	[]	"[""chinese"",""traditional"",""radicals"",""frequency"",""character-to-radical"",""one-way"",""part-7""]"
zh-traditional-radicals-frequency-vii/1362/character-to-radical	VII	vocabulary	1362	zh-Hant	zh-Hant	鷹	"[""鳥""]"	[]		"[""zh-Hant.frequency.1363"",""zh.radical.kangxi.196""]"	[]	[]	sources/characters.tsv	frequency-order position 1362; corpus frequency rank 1363; Ministry common-character number 4745	鷹: frequency-order position 1362; corpus frequency rank 1363; 115 appearances (0.00952%); Unihan kRSUnicode 196.13; Kangxi radical 196 鳥; Unihan kRSUnicode single radical assignment.	[]	"[""chinese"",""traditional"",""radicals"",""frequency"",""character-to-radical"",""one-way"",""part-7""]"
zh-traditional-radicals-frequency-vii/1363/character-to-radical	VII	vocabulary	1363	zh-Hant	zh-Hant	碎	"[""石""]"	[]		"[""zh-Hant.frequency.1364"",""zh.radical.kangxi.112""]"	[]	[]	sources/characters.tsv	frequency-order position 1363; corpus frequency rank 1364; Ministry common-character number 2842	碎: frequency-order position 1363; corpus frequency rank 1364; 114 appearances (0.00944%); Unihan kRSUnicode 112.8; Kangxi radical 112 石; Unihan kRSUnicode single radical assignment.	[]	"[""chinese"",""traditional"",""radicals"",""frequency"",""character-to-radical"",""one-way"",""part-7""]"
zh-traditional-radicals-frequency-vii/1364/character-to-radical	VII	vocabulary	1364	zh-Hant	zh-Hant	籃	"[""竹""]"	[]		"[""zh-Hant.frequency.1365"",""zh.radical.kangxi.118""]"	[]	[]	sources/characters.tsv	frequency-order position 1364; corpus frequency rank 1365; Ministry common-character number 3047	籃: frequency-order position 1364; corpus frequency rank 1365; 114 appearances (0.00944%); Unihan kRSUnicode 118.14; Kangxi radical 118 竹; Unihan kRSUnicode single radical assignment.	[]	"[""chinese"",""traditional"",""radicals"",""frequency"",""character-to-radical"",""one-way"",""part-7""]"
zh-traditional-radicals-frequency-vii/1365/character-to-radical	VII	vocabulary	1365	zh-Hant	zh-Hant	延	"[""廴""]"	[]		"[""zh-Hant.frequency.1366"",""zh.radical.kangxi.054""]"	[]	[]	sources/characters.tsv	frequency-order position 1365; corpus frequency rank 1366; Ministry common-character number 1236	延: frequency-order position 1365; corpus frequency rank 1366; 113 appearances (0.00936%); Unihan kRSUnicode 54.4; Kangxi radical 54 廴; Unihan kRSUnicode single radical assignment.	[]	"[""chinese"",""traditional"",""radicals"",""frequency"",""character-to-radical"",""one-way"",""part-7""]"
zh-traditional-radicals-frequency-vii/1366/character-to-radical	VII	vocabulary	1366	zh-Hant	zh-Hant	抗	"[""手""]"	[]		"[""zh-Hant.frequency.1367"",""zh.radical.kangxi.064""]"	[]	[]	sources/characters.tsv	frequency-order position 1366; corpus frequency rank 1367; Ministry common-character number 1505	抗: frequency-order position 1366; corpus frequency rank 1367; 113 appearances (0.00936%); Unihan kRSUnicode 64.4; Kangxi radical 64 手; Unihan kRSUnicode single radical assignment.	[]	"[""chinese"",""traditional"",""radicals"",""frequency"",""character-to-radical"",""one-way"",""part-7""]"
zh-traditional-radicals-frequency-vii/1367/character-to-radical	VII	vocabulary	1367	zh-Hant	zh-Hant	恭	"[""心""]"	[]		"[""zh-Hant.frequency.1368"",""zh.radical.kangxi.061""]"	[]	[]	sources/characters.tsv	frequency-order position 1367; corpus frequency rank 1368; Ministry common-character number 1350	恭: frequency-order position 1367; corpus frequency rank 1368; 113 appearances (0.00936%); Unihan kRSUnicode 61.6; Kangxi radical 61 心; Unihan kRSUnicode single radical assignment.	[]	"[""chinese"",""traditional"",""radicals"",""frequency"",""character-to-radical"",""one-way"",""part-7""]"
zh-traditional-radicals-frequency-vii/1368/character-to-radical	VII	vocabulary	1368	zh-Hant	zh-Hant	插	"[""手""]"	[]		"[""zh-Hant.frequency.1369"",""zh.radical.kangxi.064""]"	[]	[]	sources/characters.tsv	frequency-order position 1368; corpus frequency rank 1369; Ministry common-character number 1622	插: frequency-order position 1368; corpus frequency rank 1369; 113 appearances (0.00936%); Unihan kRSUnicode 64.9; Kangxi radical 64 手; Unihan kRSUnicode single radical assignment.	[]	"[""chinese"",""traditional"",""radicals"",""frequency"",""character-to-radical"",""one-way"",""part-7""]"
zh-traditional-radicals-frequency-vii/1369/character-to-radical	VII	vocabulary	1369	zh-Hant	zh-Hant	塔	"[""土""]"	[]		"[""zh-Hant.frequency.1370"",""zh.radical.kangxi.032""]"	[]	[]	sources/characters.tsv	frequency-order position 1369; corpus frequency rank 1370; Ministry common-character number 798	塔: frequency-order position 1369; corpus frequency rank 1370; 113 appearances (0.00936%); Unihan kRSUnicode 32.10; Kangxi radical 32 土; Unihan kRSUnicode single radical assignment.	[]	"[""chinese"",""traditional"",""radicals"",""frequency"",""character-to-radical"",""one-way"",""part-7""]"
zh-traditional-radicals-frequency-vii/1370/character-to-radical	VII	vocabulary	1370	zh-Hant	zh-Hant	鴨	"[""鳥""]"	[]		"[""zh-Hant.frequency.1371"",""zh.radical.kangxi.196""]"	[]	[]	sources/characters.tsv	frequency-order position 1370; corpus frequency rank 1371; Ministry common-character number 4726	鴨: frequency-order position 1370; corpus frequency rank 1371; 113 appearances (0.00936%); Unihan kRSUnicode 196.5; Kangxi radical 196 鳥; Unihan kRSUnicode single radical assignment.	[]	"[""chinese"",""traditional"",""radicals"",""frequency"",""character-to-radical"",""one-way"",""part-7""]"
zh-traditional-radicals-frequency-vii/1371/character-to-radical	VII	vocabulary	1371	zh-Hant	zh-Hant	仿	"[""人""]"	[]		"[""zh-Hant.frequency.1372"",""zh.radical.kangxi.009""]"	[]	[]	sources/characters.tsv	frequency-order position 1371; corpus frequency rank 1372; Ministry common-character number 88	仿: frequency-order position 1371; corpus frequency rank 1372; 112 appearances (0.00927%); Unihan kRSUnicode 9.4; Kangxi radical 9 人; Unihan kRSUnicode single radical assignment.	[]	"[""chinese"",""traditional"",""radicals"",""frequency"",""character-to-radical"",""one-way"",""part-7""]"
zh-traditional-radicals-frequency-vii/1372/character-to-radical	VII	vocabulary	1372	zh-Hant	zh-Hant	判	"[""刀""]"	[]		"[""zh-Hant.frequency.1373"",""zh.radical.kangxi.018""]"	[]	[]	sources/characters.tsv	frequency-order position 1372; corpus frequency rank 1373; Ministry common-character number 340	判: frequency-order position 1372; corpus frequency rank 1373; 112 appearances (0.00927%); Unihan kRSUnicode 18.5; Kangxi radical 18 刀; Unihan kRSUnicode single radical assignment.	[]	"[""chinese"",""traditional"",""radicals"",""frequency"",""character-to-radical"",""one-way"",""part-7""]"
zh-traditional-radicals-frequency-vii/1373/character-to-radical	VII	vocabulary	1373	zh-Hant	zh-Hant	翅	"[""羽""]"	[]		"[""zh-Hant.frequency.1374"",""zh.radical.kangxi.124""]"	[]	[]	sources/characters.tsv	frequency-order position 1373; corpus frequency rank 1374; Ministry common-character number 3233	翅: frequency-order position 1373; corpus frequency rank 1374; 112 appearances (0.00927%); Unihan kRSUnicode 124.4; Kangxi radical 124 羽; Unihan kRSUnicode single radical assignment.	[]	"[""chinese"",""traditional"",""radicals"",""frequency"",""character-to-radical"",""one-way"",""part-7""]"
zh-traditional-radicals-frequency-vii/1374/character-to-radical	VII	vocabulary	1374	zh-Hant	zh-Hant	愉	"[""心""]"	[]		"[""zh-Hant.frequency.1375"",""zh.radical.kangxi.061""]"	[]	[]	sources/characters.tsv	frequency-order position 1374; corpus frequency rank 1375; Ministry common-character number 1397	愉: frequency-order position 1374; corpus frequency rank 1375; 112 appearances (0.00927%); Unihan kRSUnicode 61.9; Kangxi radical 61 心; Unihan kRSUnicode single radical assignment.	[]	"[""chinese"",""traditional"",""radicals"",""frequency"",""character-to-radical"",""one-way"",""part-7""]"
zh-traditional-radicals-frequency-vii/1375/character-to-radical	VII	vocabulary	1375	zh-Hant	zh-Hant	晨	"[""日""]"	[]		"[""zh-Hant.frequency.1376"",""zh.radical.kangxi.072""]"	[]	[]	sources/characters.tsv	frequency-order position 1375; corpus frequency rank 1376; Ministry common-character number 1803	晨: frequency-order position 1375; corpus frequency rank 1376; 112 appearances (0.00927%); Unihan kRSUnicode 72.7; Kangxi radical 72 日; Unihan kRSUnicode single radical assignment.	[]	"[""chinese"",""traditional"",""radicals"",""frequency"",""character-to-radical"",""one-way"",""part-7""]"
zh-traditional-radicals-frequency-vii/1376/character-to-radical	VII	vocabulary	1376	zh-Hant	zh-Hant	蛙	"[""虫""]"	[]		"[""zh-Hant.frequency.1377"",""zh.radical.kangxi.142""]"	[]	[]	sources/characters.tsv	frequency-order position 1376; corpus frequency rank 1377; Ministry common-character number 3634	蛙: frequency-order position 1376; corpus frequency rank 1377; 112 appearances (0.00927%); Unihan kRSUnicode 142.6; Kangxi radical 142 虫; Unihan kRSUnicode single radical assignment.	[]	"[""chinese"",""traditional"",""radicals"",""frequency"",""character-to-radical"",""one-way"",""part-7""]"
zh-traditional-radicals-frequency-vii/1377/character-to-radical	VII	vocabulary	1377	zh-Hant	zh-Hant	慈	"[""心""]"	[]		"[""zh-Hant.frequency.1378"",""zh.radical.kangxi.061""]"	[]	[]	sources/characters.tsv	frequency-order position 1377; corpus frequency rank 1378; Ministry common-character number 1401	慈: frequency-order position 1377; corpus frequency rank 1378; 112 appearances (0.00927%); Unihan kRSUnicode 61.10; Kangxi radical 61 心; Unihan kRSUnicode single radical assignment.	[]	"[""chinese"",""traditional"",""radicals"",""frequency"",""character-to-radical"",""one-way"",""part-7""]"
zh-traditional-radicals-frequency-vii/1378/character-to-radical	VII	vocabulary	1378	zh-Hant	zh-Hant	耕	"[""耒""]"	[]		"[""zh-Hant.frequency.1379"",""zh.radical.kangxi.127""]"	[]	[]	sources/characters.tsv	frequency-order position 1378; corpus frequency rank 1379; Ministry common-character number 3260	耕: frequency-order position 1378; corpus frequency rank 1379; 111 appearances (0.00919%); Unihan kRSUnicode 127.4; Kangxi radical 127 耒; Unihan kRSUnicode single radical assignment.	[]	"[""chinese"",""traditional"",""radicals"",""frequency"",""character-to-radical"",""one-way"",""part-7""]"
zh-traditional-radicals-frequency-vii/1379/character-to-radical	VII	vocabulary	1379	zh-Hant	zh-Hant	筋	"[""竹""]"	[]		"[""zh-Hant.frequency.1380"",""zh.radical.kangxi.118""]"	[]	[]	sources/characters.tsv	frequency-order position 1379; corpus frequency rank 1380; Ministry common-character number 3004	筋: frequency-order position 1379; corpus frequency rank 1380; 111 appearances (0.00919%); Unihan kRSUnicode 118.6; Kangxi radical 118 竹; Unihan kRSUnicode single radical assignment.	[]	"[""chinese"",""traditional"",""radicals"",""frequency"",""character-to-radical"",""one-way"",""part-7""]"
zh-traditional-radicals-frequency-vii/1380/character-to-radical	VII	vocabulary	1380	zh-Hant	zh-Hant	漁	"[""水""]"	[]		"[""zh-Hant.frequency.1381"",""zh.radical.kangxi.085""]"	[]	[]	sources/characters.tsv	frequency-order position 1380; corpus frequency rank 1381; Ministry common-character number 2322	漁: frequency-order position 1380; corpus frequency rank 1381; 111 appearances (0.00919%); Unihan kRSUnicode 85.11; Kangxi radical 85 水; Unihan kRSUnicode single radical assignment.	[]	"[""chinese"",""traditional"",""radicals"",""frequency"",""character-to-radical"",""one-way"",""part-7""]"
zh-traditional-radicals-frequency-vii/1381/character-to-radical	VII	vocabulary	1381	zh-Hant	zh-Hant	燕	"[""火""]"	[]		"[""zh-Hant.frequency.1382"",""zh.radical.kangxi.086""]"	[]	[]	sources/characters.tsv	frequency-order position 1381; corpus frequency rank 1382; Ministry common-character number 2445	燕: frequency-order position 1381; corpus frequency rank 1382; 111 appearances (0.00919%); Unihan kRSUnicode 86.12; Kangxi radical 86 火; Unihan kRSUnicode single radical assignment.	[]	"[""chinese"",""traditional"",""radicals"",""frequency"",""character-to-radical"",""one-way"",""part-7""]"
zh-traditional-radicals-frequency-vii/1382/character-to-radical	VII	vocabulary	1382	zh-Hant	zh-Hant	騎	"[""馬""]"	[]		"[""zh-Hant.frequency.1383"",""zh.radical.kangxi.187""]"	[]	[]	sources/characters.tsv	frequency-order position 1382; corpus frequency rank 1383; Ministry common-character number 4639	騎: frequency-order position 1382; corpus frequency rank 1383; 111 appearances (0.00919%); Unihan kRSUnicode 187.8; Kangxi radical 187 馬; Unihan kRSUnicode single radical assignment.	[]	"[""chinese"",""traditional"",""radicals"",""frequency"",""character-to-radical"",""one-way"",""part-7""]"
zh-traditional-radicals-frequency-vii/1383/character-to-radical	VII	vocabulary	1383	zh-Hant	zh-Hant	芳	"[""艸""]"	[]		"[""zh-Hant.frequency.1384"",""zh.radical.kangxi.140""]"	[]	[]	sources/characters.tsv	frequency-order position 1383; corpus frequency rank 1384; Ministry common-character number 3432	芳: frequency-order position 1383; corpus frequency rank 1384; 110 appearances (0.00911%); Unihan kRSUnicode 140.4; Kangxi radical 140 艸; Unihan kRSUnicode single radical assignment.	[]	"[""chinese"",""traditional"",""radicals"",""frequency"",""character-to-radical"",""one-way"",""part-7""]"
zh-traditional-radicals-frequency-vii/1384/character-to-radical	VII	vocabulary	1384	zh-Hant	zh-Hant	偏	"[""人""]"	[]		"[""zh-Hant.frequency.1385"",""zh.radical.kangxi.009""]"	[]	[]	sources/characters.tsv	frequency-order position 1384; corpus frequency rank 1385; Ministry common-character number 215	偏: frequency-order position 1384; corpus frequency rank 1385; 110 appearances (0.00911%); Unihan kRSUnicode 9.9; Kangxi radical 9 人; Unihan kRSUnicode single radical assignment.	[]	"[""chinese"",""traditional"",""radicals"",""frequency"",""character-to-radical"",""one-way"",""part-7""]"
zh-traditional-radicals-frequency-vii/1385/character-to-radical	VII	vocabulary	1385	zh-Hant	zh-Hant	訓	"[""言""]"	[]		"[""zh-Hant.frequency.1386"",""zh.radical.kangxi.149""]"	[]	[]	sources/characters.tsv	frequency-order position 1385; corpus frequency rank 1386; Ministry common-character number 3792	訓: frequency-order position 1385; corpus frequency rank 1386; 110 appearances (0.00911%); Unihan kRSUnicode 149.3; Kangxi radical 149 言; Unihan kRSUnicode single radical assignment.	[]	"[""chinese"",""traditional"",""radicals"",""frequency"",""character-to-radical"",""one-way"",""part-7""]"
zh-traditional-radicals-frequency-vii/1386/character-to-radical	VII	vocabulary	1386	zh-Hant	zh-Hant	敘	"[""攴""]"	[]		"[""zh-Hant.frequency.1387"",""zh.radical.kangxi.066""]"	[]	[]	sources/characters.tsv	frequency-order position 1386; corpus frequency rank 1387; Ministry common-character number 1730	敘: frequency-order position 1386; corpus frequency rank 1387; 110 appearances (0.00911%); Unihan kRSUnicode 66.7; Kangxi radical 66 攴; Unihan kRSUnicode single radical assignment.	[]	"[""chinese"",""traditional"",""radicals"",""frequency"",""character-to-radical"",""one-way"",""part-7""]"
zh-traditional-radicals-frequency-vii/1387/character-to-radical	VII	vocabulary	1387	zh-Hant	zh-Hant	陪	"[""阜""]"	[]		"[""zh-Hant.frequency.1388"",""zh.radical.kangxi.170""]"	[]	[]	sources/characters.tsv	frequency-order position 1387; corpus frequency rank 1388; Ministry common-character number 4421	陪: frequency-order position 1387; corpus frequency rank 1388; 110 appearances (0.00911%); Unihan kRSUnicode 170.8; Kangxi radical 170 阜; Unihan kRSUnicode single radical assignment.	[]	"[""chinese"",""traditional"",""radicals"",""frequency"",""character-to-radical"",""one-way"",""part-7""]"
zh-traditional-radicals-frequency-vii/1388/character-to-radical	VII	vocabulary	1388	zh-Hant	zh-Hant	暑	"[""日""]"	[]		"[""zh-Hant.frequency.1389"",""zh.radical.kangxi.072""]"	[]	[]	sources/characters.tsv	frequency-order position 1388; corpus frequency rank 1389; Ministry common-character number 1810	暑: frequency-order position 1388; corpus frequency rank 1389; 110 appearances (0.00911%); Unihan kRSUnicode 72.8; Kangxi radical 72 日; Unihan kRSUnicode single radical assignment.	[]	"[""chinese"",""traditional"",""radicals"",""frequency"",""character-to-radical"",""one-way"",""part-7""]"
zh-traditional-radicals-frequency-vii/1389/character-to-radical	VII	vocabulary	1389	zh-Hant	zh-Hant	墨	"[""黑""]"	[]		"[""zh-Hant.frequency.1390"",""zh.radical.kangxi.203""]"	[]	[]	sources/characters.tsv	frequency-order position 1389; corpus frequency rank 1390; Ministry common-character number 4772	墨: frequency-order position 1389; corpus frequency rank 1390; 110 appearances (0.00911%); Unihan kRSUnicode 203.3 32.12; Kangxi radical 203 黑; Multiple Unihan possibilities; conventional Traditional dictionary radical 黑 selected.	[]	"[""chinese"",""traditional"",""radicals"",""frequency"",""character-to-radical"",""one-way"",""part-7""]"
zh-traditional-radicals-frequency-vii/1390/character-to-radical	VII	vocabulary	1390	zh-Hant	zh-Hant	燭	"[""火""]"	[]		"[""zh-Hant.frequency.1391"",""zh.radical.kangxi.086""]"	[]	[]	sources/characters.tsv	frequency-order position 1390; corpus frequency rank 1391; Ministry common-character number 2457	燭: frequency-order position 1390; corpus frequency rank 1391; 110 appearances (0.00911%); Unihan kRSUnicode 86.13; Kangxi radical 86 火; Unihan kRSUnicode single radical assignment.	[]	"[""chinese"",""traditional"",""radicals"",""frequency"",""character-to-radical"",""one-way"",""part-7""]"
zh-traditional-radicals-frequency-vii/1391/character-to-radical	VII	vocabulary	1391	zh-Hant	zh-Hant	臂	"[""肉""]"	[]		"[""zh-Hant.frequency.1392"",""zh.radical.kangxi.130""]"	[]	[]	sources/characters.tsv	frequency-order position 1391; corpus frequency rank 1392; Ministry common-character number 3371	臂: frequency-order position 1391; corpus frequency rank 1392; 110 appearances (0.00911%); Unihan kRSUnicode 130.13; Kangxi radical 130 肉; Unihan kRSUnicode single radical assignment.	[]	"[""chinese"",""traditional"",""radicals"",""frequency"",""character-to-radical"",""one-way"",""part-7""]"
zh-traditional-radicals-frequency-vii/1392/character-to-radical	VII	vocabulary	1392	zh-Hant	zh-Hant	匹	"[""匸""]"	[]		"[""zh-Hant.frequency.1393"",""zh.radical.kangxi.023""]"	[]	[]	sources/characters.tsv	frequency-order position 1392; corpus frequency rank 1393; Ministry common-character number 425	匹: frequency-order position 1392; corpus frequency rank 1393; 109 appearances (0.00903%); Unihan kRSUnicode 23.2; Kangxi radical 23 匸; Unihan kRSUnicode single radical assignment.	[]	"[""chinese"",""traditional"",""radicals"",""frequency"",""character-to-radical"",""one-way"",""part-7""]"
zh-traditional-radicals-frequency-vii/1393/character-to-radical	VII	vocabulary	1393	zh-Hant	zh-Hant	佩	"[""人""]"	[]		"[""zh-Hant.frequency.1394"",""zh.radical.kangxi.009""]"	[]	[]	sources/characters.tsv	frequency-order position 1393; corpus frequency rank 1394; Ministry common-character number 143	佩: frequency-order position 1393; corpus frequency rank 1394; 109 appearances (0.00903%); Unihan kRSUnicode 9.6; Kangxi radical 9 人; Unihan kRSUnicode single radical assignment.	[]	"[""chinese"",""traditional"",""radicals"",""frequency"",""character-to-radical"",""one-way"",""part-7""]"
zh-traditional-radicals-frequency-vii/1394/character-to-radical	VII	vocabulary	1394	zh-Hant	zh-Hant	迪	"[""辵""]"	[]		"[""zh-Hant.frequency.1395"",""zh.radical.kangxi.162""]"	[]	[]	sources/characters.tsv	frequency-order position 1394; corpus frequency rank 1395; Ministry common-character number 4123	迪: frequency-order position 1394; corpus frequency rank 1395; 109 appearances (0.00903%); Unihan kRSUnicode 162.5; Kangxi radical 162 辵; Unihan kRSUnicode single radical assignment.	[]	"[""chinese"",""traditional"",""radicals"",""frequency"",""character-to-radical"",""one-way"",""part-7""]"
zh-traditional-radicals-frequency-vii/1395/character-to-radical	VII	vocabulary	1395	zh-Hant	zh-Hant	秒	"[""禾""]"	[]		"[""zh-Hant.frequency.1396"",""zh.radical.kangxi.115""]"	[]	[]	sources/characters.tsv	frequency-order position 1395; corpus frequency rank 1396; Ministry common-character number 2917	秒: frequency-order position 1395; corpus frequency rank 1396; 109 appearances (0.00903%); Unihan kRSUnicode 115.4; Kangxi radical 115 禾; Unihan kRSUnicode single radical assignment.	[]	"[""chinese"",""traditional"",""radicals"",""frequency"",""character-to-radical"",""one-way"",""part-7""]"
zh-traditional-radicals-frequency-vii/1396/character-to-radical	VII	vocabulary	1396	zh-Hant	zh-Hant	評	"[""言""]"	[]		"[""zh-Hant.frequency.1397"",""zh.radical.kangxi.149""]"	[]	[]	sources/characters.tsv	frequency-order position 1396; corpus frequency rank 1397; Ministry common-character number 3804	評: frequency-order position 1396; corpus frequency rank 1397; 109 appearances (0.00903%); Unihan kRSUnicode 149.5; Kangxi radical 149 言; Unihan kRSUnicode single radical assignment.	[]	"[""chinese"",""traditional"",""radicals"",""frequency"",""character-to-radical"",""one-way"",""part-7""]"
zh-traditional-radicals-frequency-vii/1397/character-to-radical	VII	vocabulary	1397	zh-Hant	zh-Hant	塑	"[""土""]"	[]		"[""zh-Hant.frequency.1398"",""zh.radical.kangxi.032""]"	[]	[]	sources/characters.tsv	frequency-order position 1397; corpus frequency rank 1398; Ministry common-character number 794	塑: frequency-order position 1397; corpus frequency rank 1398; 109 appearances (0.00903%); Unihan kRSUnicode 32.10; Kangxi radical 32 土; Unihan kRSUnicode single radical assignment.	[]	"[""chinese"",""traditional"",""radicals"",""frequency"",""character-to-radical"",""one-way"",""part-7""]"
zh-traditional-radicals-frequency-vii/1398/character-to-radical	VII	vocabulary	1398	zh-Hant	zh-Hant	輔	"[""車""]"	[]		"[""zh-Hant.frequency.1399"",""zh.radical.kangxi.159""]"	[]	[]	sources/characters.tsv	frequency-order position 1398; corpus frequency rank 1399; Ministry common-character number 4076	輔: frequency-order position 1398; corpus frequency rank 1399; 109 appearances (0.00903%); Unihan kRSUnicode 159.7; Kangxi radical 159 車; Unihan kRSUnicode single radical assignment.	[]	"[""chinese"",""traditional"",""radicals"",""frequency"",""character-to-radical"",""one-way"",""part-7""]"
zh-traditional-radicals-frequency-vii/1399/character-to-radical	VII	vocabulary	1399	zh-Hant	zh-Hant	磨	"[""石""]"	[]		"[""zh-Hant.frequency.1400"",""zh.radical.kangxi.112""]"	[]	[]	sources/characters.tsv	frequency-order position 1399; corpus frequency rank 1400; Ministry common-character number 2863	磨: frequency-order position 1399; corpus frequency rank 1400; 109 appearances (0.00903%); Unihan kRSUnicode 112.11; Kangxi radical 112 石; Unihan kRSUnicode single radical assignment.	[]	"[""chinese"",""traditional"",""radicals"",""frequency"",""character-to-radical"",""one-way"",""part-7""]"
zh-traditional-radicals-frequency-vii/1400/character-to-radical	VII	vocabulary	1400	zh-Hant	zh-Hant	螺	"[""虫""]"	[]		"[""zh-Hant.frequency.1401"",""zh.radical.kangxi.142""]"	[]	[]	sources/characters.tsv	frequency-order position 1400; corpus frequency rank 1401; Ministry common-character number 3678	螺: frequency-order position 1400; corpus frequency rank 1401; 109 appearances (0.00903%); Unihan kRSUnicode 142.11; Kangxi radical 142 虫; Unihan kRSUnicode single radical assignment.	[]	"[""chinese"",""traditional"",""radicals"",""frequency"",""character-to-radical"",""one-way"",""part-7""]"
