card_id	deck	kind	source_chapter	prompt_language	answer_language	prompt	accepted_answers	distractors	explanation	lexical_ids	grammar_ids	geographic_ids	provenance_path	provenance_locator	provenance_evidence	examples	tags
zh-traditional-radicals-frequency-xi/2001/character-to-radical	XI	vocabulary	2001	zh-Hant	zh-Hant	赫	"[""赤""]"	[]		"[""zh-Hant.frequency.2006"",""zh.radical.kangxi.155""]"	[]	[]	sources/characters.tsv	frequency-order position 2001; corpus frequency rank 2006; Ministry common-character number 3987	赫: frequency-order position 2001; corpus frequency rank 2006; 50 appearances (0.00414%); Unihan kRSUnicode 155.7; Kangxi radical 155 赤; Unihan kRSUnicode single radical assignment.	[]	"[""chinese"",""traditional"",""radicals"",""frequency"",""character-to-radical"",""one-way"",""part-11""]"
zh-traditional-radicals-frequency-xi/2002/character-to-radical	XI	vocabulary	2002	zh-Hant	zh-Hant	遮	"[""辵""]"	[]		"[""zh-Hant.frequency.2007"",""zh.radical.kangxi.162""]"	[]	[]	sources/characters.tsv	frequency-order position 2002; corpus frequency rank 2007; Ministry common-character number 4179	遮: frequency-order position 2002; corpus frequency rank 2007; 50 appearances (0.00414%); Unihan kRSUnicode 162.11; Kangxi radical 162 辵; Unihan kRSUnicode single radical assignment.	[]	"[""chinese"",""traditional"",""radicals"",""frequency"",""character-to-radical"",""one-way"",""part-11""]"
zh-traditional-radicals-frequency-xi/2003/character-to-radical	XI	vocabulary	2003	zh-Hant	zh-Hant	糊	"[""米""]"	[]		"[""zh-Hant.frequency.2008"",""zh.radical.kangxi.119""]"	[]	[]	sources/characters.tsv	frequency-order position 2003; corpus frequency rank 2008; Ministry common-character number 3068	糊: frequency-order position 2003; corpus frequency rank 2008; 50 appearances (0.00414%); Unihan kRSUnicode 119.9; Kangxi radical 119 米; Unihan kRSUnicode single radical assignment.	[]	"[""chinese"",""traditional"",""radicals"",""frequency"",""character-to-radical"",""one-way"",""part-11""]"
zh-traditional-radicals-frequency-xi/2004/character-to-radical	XI	vocabulary	2004	zh-Hant	zh-Hant	銘	"[""金""]"	[]		"[""zh-Hant.frequency.2009"",""zh.radical.kangxi.167""]"	[]	[]	sources/characters.tsv	frequency-order position 2004; corpus frequency rank 2009; Ministry common-character number 4292	銘: frequency-order position 2004; corpus frequency rank 2009; 50 appearances (0.00414%); Unihan kRSUnicode 167.6; Kangxi radical 167 金; Unihan kRSUnicode single radical assignment.	[]	"[""chinese"",""traditional"",""radicals"",""frequency"",""character-to-radical"",""one-way"",""part-11""]"
zh-traditional-radicals-frequency-xi/2005/character-to-radical	XI	vocabulary	2005	zh-Hant	zh-Hant	魏	"[""鬼""]"	[]		"[""zh-Hant.frequency.2010"",""zh.radical.kangxi.194""]"	[]	[]	sources/characters.tsv	frequency-order position 2005; corpus frequency rank 2010; Ministry common-character number 4688	魏: frequency-order position 2005; corpus frequency rank 2010; 50 appearances (0.00414%); Unihan kRSUnicode 194.8; Kangxi radical 194 鬼; Unihan kRSUnicode single radical assignment.	[]	"[""chinese"",""traditional"",""radicals"",""frequency"",""character-to-radical"",""one-way"",""part-11""]"
zh-traditional-radicals-frequency-xi/2006/character-to-radical	XI	vocabulary	2006	zh-Hant	zh-Hant	吊	"[""口""]"	[]		"[""zh-Hant.frequency.2011"",""zh.radical.kangxi.030""]"	[]	[]	sources/characters.tsv	frequency-order position 2006; corpus frequency rank 2011; Ministry common-character number 502	吊: frequency-order position 2006; corpus frequency rank 2011; 49 appearances (0.00405%); Unihan kRSUnicode 30.3; Kangxi radical 30 口; Unihan kRSUnicode single radical assignment.	[]	"[""chinese"",""traditional"",""radicals"",""frequency"",""character-to-radical"",""one-way"",""part-11""]"
zh-traditional-radicals-frequency-xi/2007/character-to-radical	XI	vocabulary	2007	zh-Hant	zh-Hant	凸	"[""凵""]"	[]		"[""zh-Hant.frequency.2012"",""zh.radical.kangxi.017""]"	[]	[]	sources/characters.tsv	frequency-order position 2007; corpus frequency rank 2012; Ministry common-character number 326	凸: frequency-order position 2007; corpus frequency rank 2012; 49 appearances (0.00405%); Unihan kRSUnicode 17.3; Kangxi radical 17 凵; Unihan kRSUnicode single radical assignment.	[]	"[""chinese"",""traditional"",""radicals"",""frequency"",""character-to-radical"",""one-way"",""part-11""]"
zh-traditional-radicals-frequency-xi/2008/character-to-radical	XI	vocabulary	2008	zh-Hant	zh-Hant	咐	"[""口""]"	[]		"[""zh-Hant.frequency.2013"",""zh.radical.kangxi.030""]"	[]	[]	sources/characters.tsv	frequency-order position 2008; corpus frequency rank 2013; Ministry common-character number 553	咐: frequency-order position 2008; corpus frequency rank 2013; 49 appearances (0.00405%); Unihan kRSUnicode 30.5; Kangxi radical 30 口; Unihan kRSUnicode single radical assignment.	[]	"[""chinese"",""traditional"",""radicals"",""frequency"",""character-to-radical"",""one-way"",""part-11""]"
zh-traditional-radicals-frequency-xi/2009/character-to-radical	XI	vocabulary	2009	zh-Hant	zh-Hant	肢	"[""肉""]"	[]		"[""zh-Hant.frequency.2014"",""zh.radical.kangxi.130""]"	[]	[]	sources/characters.tsv	frequency-order position 2009; corpus frequency rank 2014; Ministry common-character number 3300	肢: frequency-order position 2009; corpus frequency rank 2014; 49 appearances (0.00405%); Unihan kRSUnicode 130.4; Kangxi radical 130 肉; Unihan kRSUnicode single radical assignment.	[]	"[""chinese"",""traditional"",""radicals"",""frequency"",""character-to-radical"",""one-way"",""part-11""]"
zh-traditional-radicals-frequency-xi/2010/character-to-radical	XI	vocabulary	2010	zh-Hant	zh-Hant	宴	"[""宀""]"	[]		"[""zh-Hant.frequency.2015"",""zh.radical.kangxi.040""]"	[]	[]	sources/characters.tsv	frequency-order position 2010; corpus frequency rank 2015; Ministry common-character number 1027	宴: frequency-order position 2010; corpus frequency rank 2015; 49 appearances (0.00405%); Unihan kRSUnicode 40.7; Kangxi radical 40 宀; Unihan kRSUnicode single radical assignment.	[]	"[""chinese"",""traditional"",""radicals"",""frequency"",""character-to-radical"",""one-way"",""part-11""]"
zh-traditional-radicals-frequency-xi/2011/character-to-radical	XI	vocabulary	2011	zh-Hant	zh-Hant	唷	"[""口""]"	[]		"[""zh-Hant.frequency.2016"",""zh.radical.kangxi.030""]"	[]	[]	sources/characters.tsv	frequency-order position 2011; corpus frequency rank 2016; Ministry common-character number 585	唷: frequency-order position 2011; corpus frequency rank 2016; 49 appearances (0.00405%); Unihan kRSUnicode 30.8; Kangxi radical 30 口; Unihan kRSUnicode single radical assignment.	[]	"[""chinese"",""traditional"",""radicals"",""frequency"",""character-to-radical"",""one-way"",""part-11""]"
zh-traditional-radicals-frequency-xi/2012/character-to-radical	XI	vocabulary	2012	zh-Hant	zh-Hant	爹	"[""父""]"	[]		"[""zh-Hant.frequency.2017"",""zh.radical.kangxi.088""]"	[]	[]	sources/characters.tsv	frequency-order position 2012; corpus frequency rank 2017; Ministry common-character number 2473	爹: frequency-order position 2012; corpus frequency rank 2017; 49 appearances (0.00405%); Unihan kRSUnicode 88.6; Kangxi radical 88 父; Unihan kRSUnicode single radical assignment.	[]	"[""chinese"",""traditional"",""radicals"",""frequency"",""character-to-radical"",""one-way"",""part-11""]"
zh-traditional-radicals-frequency-xi/2013/character-to-radical	XI	vocabulary	2013	zh-Hant	zh-Hant	猿	"[""犬""]"	[]		"[""zh-Hant.frequency.2018"",""zh.radical.kangxi.094""]"	[]	[]	sources/characters.tsv	frequency-order position 2013; corpus frequency rank 2018; Ministry common-character number 2535	猿: frequency-order position 2013; corpus frequency rank 2018; 49 appearances (0.00405%); Unihan kRSUnicode 94.10; Kangxi radical 94 犬; Unihan kRSUnicode single radical assignment.	[]	"[""chinese"",""traditional"",""radicals"",""frequency"",""character-to-radical"",""one-way"",""part-11""]"
zh-traditional-radicals-frequency-xi/2014/character-to-radical	XI	vocabulary	2014	zh-Hant	zh-Hant	綁	"[""糸""]"	[]		"[""zh-Hant.frequency.2019"",""zh.radical.kangxi.120""]"	[]	[]	sources/characters.tsv	frequency-order position 2014; corpus frequency rank 2019; Ministry common-character number 3127	綁: frequency-order position 2014; corpus frequency rank 2019; 49 appearances (0.00405%); Unihan kRSUnicode 120.7; Kangxi radical 120 糸; Unihan kRSUnicode single radical assignment.	[]	"[""chinese"",""traditional"",""radicals"",""frequency"",""character-to-radical"",""one-way"",""part-11""]"
zh-traditional-radicals-frequency-xi/2015/character-to-radical	XI	vocabulary	2015	zh-Hant	zh-Hant	蒐	"[""艸""]"	[]		"[""zh-Hant.frequency.2020"",""zh.radical.kangxi.140""]"	[]	[]	sources/characters.tsv	frequency-order position 2015; corpus frequency rank 2020; Ministry common-character number 3545	蒐: frequency-order position 2015; corpus frequency rank 2020; 49 appearances (0.00405%); Unihan kRSUnicode 140.10; Kangxi radical 140 艸; Unihan kRSUnicode single radical assignment.	[]	"[""chinese"",""traditional"",""radicals"",""frequency"",""character-to-radical"",""one-way"",""part-11""]"
zh-traditional-radicals-frequency-xi/2016/character-to-radical	XI	vocabulary	2016	zh-Hant	zh-Hant	暫	"[""日""]"	[]		"[""zh-Hant.frequency.2021"",""zh.radical.kangxi.072""]"	[]	[]	sources/characters.tsv	frequency-order position 2016; corpus frequency rank 2021; Ministry common-character number 1820	暫: frequency-order position 2016; corpus frequency rank 2021; 49 appearances (0.00405%); Unihan kRSUnicode 72.11; Kangxi radical 72 日; Unihan kRSUnicode single radical assignment.	[]	"[""chinese"",""traditional"",""radicals"",""frequency"",""character-to-radical"",""one-way"",""part-11""]"
zh-traditional-radicals-frequency-xi/2017/character-to-radical	XI	vocabulary	2017	zh-Hant	zh-Hant	颱	"[""風""]"	[]		"[""zh-Hant.frequency.2022"",""zh.radical.kangxi.182""]"	[]	[]	sources/characters.tsv	frequency-order position 2017; corpus frequency rank 2022; Ministry common-character number 4574	颱: frequency-order position 2017; corpus frequency rank 2022; 49 appearances (0.00405%); Unihan kRSUnicode 182.5; Kangxi radical 182 風; Unihan kRSUnicode single radical assignment.	[]	"[""chinese"",""traditional"",""radicals"",""frequency"",""character-to-radical"",""one-way"",""part-11""]"
zh-traditional-radicals-frequency-xi/2018/character-to-radical	XI	vocabulary	2018	zh-Hant	zh-Hant	澱	"[""水""]"	[]		"[""zh-Hant.frequency.2023"",""zh.radical.kangxi.085""]"	[]	[]	sources/characters.tsv	frequency-order position 2018; corpus frequency rank 2023; Ministry common-character number 2343	澱: frequency-order position 2018; corpus frequency rank 2023; 49 appearances (0.00405%); Unihan kRSUnicode 85.13; Kangxi radical 85 水; Unihan kRSUnicode single radical assignment.	[]	"[""chinese"",""traditional"",""radicals"",""frequency"",""character-to-radical"",""one-way"",""part-11""]"
zh-traditional-radicals-frequency-xi/2019/character-to-radical	XI	vocabulary	2019	zh-Hant	zh-Hant	馨	"[""香""]"	[]		"[""zh-Hant.frequency.2024"",""zh.radical.kangxi.186""]"	[]	[]	sources/characters.tsv	frequency-order position 2019; corpus frequency rank 2024; Ministry common-character number 4618	馨: frequency-order position 2019; corpus frequency rank 2024; 49 appearances (0.00405%); Unihan kRSUnicode 186.11; Kangxi radical 186 香; Unihan kRSUnicode single radical assignment.	[]	"[""chinese"",""traditional"",""radicals"",""frequency"",""character-to-radical"",""one-way"",""part-11""]"
zh-traditional-radicals-frequency-xi/2020/character-to-radical	XI	vocabulary	2020	zh-Hant	zh-Hant	斧	"[""斤""]"	[]		"[""zh-Hant.frequency.2025"",""zh.radical.kangxi.069""]"	[]	[]	sources/characters.tsv	frequency-order position 2020; corpus frequency rank 2025; Ministry common-character number 1753	斧: frequency-order position 2020; corpus frequency rank 2025; 48 appearances (0.00397%); Unihan kRSUnicode 69.4; Kangxi radical 69 斤; Unihan kRSUnicode single radical assignment.	[]	"[""chinese"",""traditional"",""radicals"",""frequency"",""character-to-radical"",""one-way"",""part-11""]"
zh-traditional-radicals-frequency-xi/2021/character-to-radical	XI	vocabulary	2021	zh-Hant	zh-Hant	抖	"[""手""]"	[]		"[""zh-Hant.frequency.2026"",""zh.radical.kangxi.064""]"	[]	[]	sources/characters.tsv	frequency-order position 2021; corpus frequency rank 2026; Ministry common-character number 1506	抖: frequency-order position 2021; corpus frequency rank 2026; 48 appearances (0.00397%); Unihan kRSUnicode 64.4; Kangxi radical 64 手; Unihan kRSUnicode single radical assignment.	[]	"[""chinese"",""traditional"",""radicals"",""frequency"",""character-to-radical"",""one-way"",""part-11""]"
zh-traditional-radicals-frequency-xi/2022/character-to-radical	XI	vocabulary	2022	zh-Hant	zh-Hant	怡	"[""心""]"	[]		"[""zh-Hant.frequency.2027"",""zh.radical.kangxi.061""]"	[]	[]	sources/characters.tsv	frequency-order position 2022; corpus frequency rank 2027; Ministry common-character number 1327	怡: frequency-order position 2022; corpus frequency rank 2027; 48 appearances (0.00397%); Unihan kRSUnicode 61.5; Kangxi radical 61 心; Unihan kRSUnicode single radical assignment.	[]	"[""chinese"",""traditional"",""radicals"",""frequency"",""character-to-radical"",""one-way"",""part-11""]"
zh-traditional-radicals-frequency-xi/2023/character-to-radical	XI	vocabulary	2023	zh-Hant	zh-Hant	赤	"[""赤""]"	[]		"[""zh-Hant.frequency.2028"",""zh.radical.kangxi.155""]"	[]	[]	sources/characters.tsv	frequency-order position 2023; corpus frequency rank 2028; Ministry common-character number 3984	赤: frequency-order position 2023; corpus frequency rank 2028; 48 appearances (0.00397%); Unihan kRSUnicode 155.0; Kangxi radical 155 赤; Unihan kRSUnicode single radical assignment.	[]	"[""chinese"",""traditional"",""radicals"",""frequency"",""character-to-radical"",""one-way"",""part-11""]"
zh-traditional-radicals-frequency-xi/2024/character-to-radical	XI	vocabulary	2024	zh-Hant	zh-Hant	逢	"[""辵""]"	[]		"[""zh-Hant.frequency.2029"",""zh.radical.kangxi.162""]"	[]	[]	sources/characters.tsv	frequency-order position 2024; corpus frequency rank 2029; Ministry common-character number 4148	逢: frequency-order position 2024; corpus frequency rank 2029; 48 appearances (0.00397%); Unihan kRSUnicode 162.7; Kangxi radical 162 辵; Unihan kRSUnicode single radical assignment.	[]	"[""chinese"",""traditional"",""radicals"",""frequency"",""character-to-radical"",""one-way"",""part-11""]"
zh-traditional-radicals-frequency-xi/2025/character-to-radical	XI	vocabulary	2025	zh-Hant	zh-Hant	悠	"[""心""]"	[]		"[""zh-Hant.frequency.2030"",""zh.radical.kangxi.061""]"	[]	[]	sources/characters.tsv	frequency-order position 2025; corpus frequency rank 2030; Ministry common-character number 1364	悠: frequency-order position 2025; corpus frequency rank 2030; 48 appearances (0.00397%); Unihan kRSUnicode 61.7; Kangxi radical 61 心; Unihan kRSUnicode single radical assignment.	[]	"[""chinese"",""traditional"",""radicals"",""frequency"",""character-to-radical"",""one-way"",""part-11""]"
zh-traditional-radicals-frequency-xi/2026/character-to-radical	XI	vocabulary	2026	zh-Hant	zh-Hant	跌	"[""足""]"	[]		"[""zh-Hant.frequency.2031"",""zh.radical.kangxi.157""]"	[]	[]	sources/characters.tsv	frequency-order position 2026; corpus frequency rank 2031; Ministry common-character number 4009	跌: frequency-order position 2026; corpus frequency rank 2031; 48 appearances (0.00397%); Unihan kRSUnicode 157.5; Kangxi radical 157 足; Unihan kRSUnicode single radical assignment.	[]	"[""chinese"",""traditional"",""radicals"",""frequency"",""character-to-radical"",""one-way"",""part-11""]"
zh-traditional-radicals-frequency-xi/2027/character-to-radical	XI	vocabulary	2027	zh-Hant	zh-Hant	湧	"[""水""]"	[]		"[""zh-Hant.frequency.2032"",""zh.radical.kangxi.085""]"	[]	[]	sources/characters.tsv	frequency-order position 2027; corpus frequency rank 2032; Ministry common-character number 2253	湧: frequency-order position 2027; corpus frequency rank 2032; 48 appearances (0.00397%); Unihan kRSUnicode 85.9; Kangxi radical 85 水; Unihan kRSUnicode single radical assignment.	[]	"[""chinese"",""traditional"",""radicals"",""frequency"",""character-to-radical"",""one-way"",""part-11""]"
zh-traditional-radicals-frequency-xi/2028/character-to-radical	XI	vocabulary	2028	zh-Hant	zh-Hant	螢	"[""虫""]"	[]		"[""zh-Hant.frequency.2033"",""zh.radical.kangxi.142""]"	[]	[]	sources/characters.tsv	frequency-order position 2028; corpus frequency rank 2033; Ministry common-character number 3669	螢: frequency-order position 2028; corpus frequency rank 2033; 48 appearances (0.00397%); Unihan kRSUnicode 142.10; Kangxi radical 142 虫; Unihan kRSUnicode single radical assignment.	[]	"[""chinese"",""traditional"",""radicals"",""frequency"",""character-to-radical"",""one-way"",""part-11""]"
zh-traditional-radicals-frequency-xi/2029/character-to-radical	XI	vocabulary	2029	zh-Hant	zh-Hant	跪	"[""足""]"	[]		"[""zh-Hant.frequency.2034"",""zh.radical.kangxi.157""]"	[]	[]	sources/characters.tsv	frequency-order position 2029; corpus frequency rank 2034; Ministry common-character number 4018	跪: frequency-order position 2029; corpus frequency rank 2034; 48 appearances (0.00397%); Unihan kRSUnicode 157.6; Kangxi radical 157 足; Unihan kRSUnicode single radical assignment.	[]	"[""chinese"",""traditional"",""radicals"",""frequency"",""character-to-radical"",""one-way"",""part-11""]"
zh-traditional-radicals-frequency-xi/2030/character-to-radical	XI	vocabulary	2030	zh-Hant	zh-Hant	踐	"[""足""]"	[]		"[""zh-Hant.frequency.2035"",""zh.radical.kangxi.157""]"	[]	[]	sources/characters.tsv	frequency-order position 2030; corpus frequency rank 2035; Ministry common-character number 4021	踐: frequency-order position 2030; corpus frequency rank 2035; 48 appearances (0.00397%); Unihan kRSUnicode 157.8; Kangxi radical 157 足; Unihan kRSUnicode single radical assignment.	[]	"[""chinese"",""traditional"",""radicals"",""frequency"",""character-to-radical"",""one-way"",""part-11""]"
zh-traditional-radicals-frequency-xi/2031/character-to-radical	XI	vocabulary	2031	zh-Hant	zh-Hant	盧	"[""皿""]"	[]		"[""zh-Hant.frequency.2036"",""zh.radical.kangxi.108""]"	[]	[]	sources/characters.tsv	frequency-order position 2031; corpus frequency rank 2036; Ministry common-character number 2753	盧: frequency-order position 2031; corpus frequency rank 2036; 48 appearances (0.00397%); Unihan kRSUnicode 108.11; Kangxi radical 108 皿; Unihan kRSUnicode single radical assignment.	[]	"[""chinese"",""traditional"",""radicals"",""frequency"",""character-to-radical"",""one-way"",""part-11""]"
zh-traditional-radicals-frequency-xi/2032/character-to-radical	XI	vocabulary	2032	zh-Hant	zh-Hant	璧	"[""玉""]"	[]		"[""zh-Hant.frequency.2037"",""zh.radical.kangxi.096""]"	[]	[]	sources/characters.tsv	frequency-order position 2032; corpus frequency rank 2037; Ministry common-character number 2606	璧: frequency-order position 2032; corpus frequency rank 2037; 48 appearances (0.00397%); Unihan kRSUnicode 96.13; Kangxi radical 96 玉; Unihan kRSUnicode single radical assignment.	[]	"[""chinese"",""traditional"",""radicals"",""frequency"",""character-to-radical"",""one-way"",""part-11""]"
zh-traditional-radicals-frequency-xi/2033/character-to-radical	XI	vocabulary	2033	zh-Hant	zh-Hant	嘩	"[""口""]"	[]		"[""zh-Hant.frequency.2038"",""zh.radical.kangxi.030""]"	[]	[]	sources/characters.tsv	frequency-order position 2033; corpus frequency rank 2038; Ministry common-character number 680	嘩: frequency-order position 2033; corpus frequency rank 2038; 48 appearances (0.00397%); Unihan kRSUnicode 30.12; Kangxi radical 30 口; Unihan kRSUnicode single radical assignment.	[]	"[""chinese"",""traditional"",""radicals"",""frequency"",""character-to-radical"",""one-way"",""part-11""]"
zh-traditional-radicals-frequency-xi/2034/character-to-radical	XI	vocabulary	2034	zh-Hant	zh-Hant	鎖	"[""金""]"	[]		"[""zh-Hant.frequency.2039"",""zh.radical.kangxi.167""]"	[]	[]	sources/characters.tsv	frequency-order position 2034; corpus frequency rank 2039; Ministry common-character number 4332	鎖: frequency-order position 2034; corpus frequency rank 2039; 48 appearances (0.00397%); Unihan kRSUnicode 167.10; Kangxi radical 167 金; Unihan kRSUnicode single radical assignment.	[]	"[""chinese"",""traditional"",""radicals"",""frequency"",""character-to-radical"",""one-way"",""part-11""]"
zh-traditional-radicals-frequency-xi/2035/character-to-radical	XI	vocabulary	2035	zh-Hant	zh-Hant	蠶	"[""虫""]"	[]		"[""zh-Hant.frequency.2040"",""zh.radical.kangxi.142""]"	[]	[]	sources/characters.tsv	frequency-order position 2035; corpus frequency rank 2040; Ministry common-character number 3695	蠶: frequency-order position 2035; corpus frequency rank 2040; 48 appearances (0.00397%); Unihan kRSUnicode 142.18; Kangxi radical 142 虫; Unihan kRSUnicode single radical assignment.	[]	"[""chinese"",""traditional"",""radicals"",""frequency"",""character-to-radical"",""one-way"",""part-11""]"
zh-traditional-radicals-frequency-xi/2036/character-to-radical	XI	vocabulary	2036	zh-Hant	zh-Hant	繫	"[""糸""]"	[]		"[""zh-Hant.frequency.2041"",""zh.radical.kangxi.120""]"	[]	[]	sources/characters.tsv	frequency-order position 2036; corpus frequency rank 2041; Ministry common-character number 3181	繫: frequency-order position 2036; corpus frequency rank 2041; 48 appearances (0.00397%); Unihan kRSUnicode 120.13; Kangxi radical 120 糸; Unihan kRSUnicode single radical assignment.	[]	"[""chinese"",""traditional"",""radicals"",""frequency"",""character-to-radical"",""one-way"",""part-11""]"
zh-traditional-radicals-frequency-xi/2037/character-to-radical	XI	vocabulary	2037	zh-Hant	zh-Hant	旨	"[""日""]"	[]		"[""zh-Hant.frequency.2042"",""zh.radical.kangxi.072""]"	[]	[]	sources/characters.tsv	frequency-order position 2037; corpus frequency rank 2042; Ministry common-character number 1774	旨: frequency-order position 2037; corpus frequency rank 2042; 47 appearances (0.00389%); Unihan kRSUnicode 72.2; Kangxi radical 72 日; Unihan kRSUnicode single radical assignment.	[]	"[""chinese"",""traditional"",""radicals"",""frequency"",""character-to-radical"",""one-way"",""part-11""]"
zh-traditional-radicals-frequency-xi/2038/character-to-radical	XI	vocabulary	2038	zh-Hant	zh-Hant	凶	"[""凵""]"	[]		"[""zh-Hant.frequency.2043"",""zh.radical.kangxi.017""]"	[]	[]	sources/characters.tsv	frequency-order position 2038; corpus frequency rank 2043; Ministry common-character number 323	凶: frequency-order position 2038; corpus frequency rank 2043; 47 appearances (0.00389%); Unihan kRSUnicode 17.2; Kangxi radical 17 凵; Unihan kRSUnicode single radical assignment.	[]	"[""chinese"",""traditional"",""radicals"",""frequency"",""character-to-radical"",""one-way"",""part-11""]"
zh-traditional-radicals-frequency-xi/2039/character-to-radical	XI	vocabulary	2039	zh-Hant	zh-Hant	佔	"[""人""]"	[]		"[""zh-Hant.frequency.2044"",""zh.radical.kangxi.009""]"	[]	[]	sources/characters.tsv	frequency-order position 2039; corpus frequency rank 2044; Ministry common-character number 119	佔: frequency-order position 2039; corpus frequency rank 2044; 47 appearances (0.00389%); Unihan kRSUnicode 9.5; Kangxi radical 9 人; Unihan kRSUnicode single radical assignment.	[]	"[""chinese"",""traditional"",""radicals"",""frequency"",""character-to-radical"",""one-way"",""part-11""]"
zh-traditional-radicals-frequency-xi/2040/character-to-radical	XI	vocabulary	2040	zh-Hant	zh-Hant	逆	"[""辵""]"	[]		"[""zh-Hant.frequency.2045"",""zh.radical.kangxi.162""]"	[]	[]	sources/characters.tsv	frequency-order position 2040; corpus frequency rank 2045; Ministry common-character number 4128	逆: frequency-order position 2040; corpus frequency rank 2045; 47 appearances (0.00389%); Unihan kRSUnicode 162.6; Kangxi radical 162 辵; Unihan kRSUnicode single radical assignment.	[]	"[""chinese"",""traditional"",""radicals"",""frequency"",""character-to-radical"",""one-way"",""part-11""]"
zh-traditional-radicals-frequency-xi/2041/character-to-radical	XI	vocabulary	2041	zh-Hant	zh-Hant	拓	"[""手""]"	[]		"[""zh-Hant.frequency.2046"",""zh.radical.kangxi.064""]"	[]	[]	sources/characters.tsv	frequency-order position 2041; corpus frequency rank 2046; Ministry common-character number 1533	拓: frequency-order position 2041; corpus frequency rank 2046; 47 appearances (0.00389%); Unihan kRSUnicode 64.5; Kangxi radical 64 手; Unihan kRSUnicode single radical assignment.	[]	"[""chinese"",""traditional"",""radicals"",""frequency"",""character-to-radical"",""one-way"",""part-11""]"
zh-traditional-radicals-frequency-xi/2042/character-to-radical	XI	vocabulary	2042	zh-Hant	zh-Hant	怨	"[""心""]"	[]		"[""zh-Hant.frequency.2047"",""zh.radical.kangxi.061""]"	[]	[]	sources/characters.tsv	frequency-order position 2042; corpus frequency rank 2047; Ministry common-character number 1334	怨: frequency-order position 2042; corpus frequency rank 2047; 47 appearances (0.00389%); Unihan kRSUnicode 61.5; Kangxi radical 61 心; Unihan kRSUnicode single radical assignment.	[]	"[""chinese"",""traditional"",""radicals"",""frequency"",""character-to-radical"",""one-way"",""part-11""]"
zh-traditional-radicals-frequency-xi/2043/character-to-radical	XI	vocabulary	2043	zh-Hant	zh-Hant	柯	"[""木""]"	[]		"[""zh-Hant.frequency.2048"",""zh.radical.kangxi.075""]"	[]	[]	sources/characters.tsv	frequency-order position 2043; corpus frequency rank 2048; Ministry common-character number 1900	柯: frequency-order position 2043; corpus frequency rank 2048; 47 appearances (0.00389%); Unihan kRSUnicode 75.5; Kangxi radical 75 木; Unihan kRSUnicode single radical assignment.	[]	"[""chinese"",""traditional"",""radicals"",""frequency"",""character-to-radical"",""one-way"",""part-11""]"
zh-traditional-radicals-frequency-xi/2044/character-to-radical	XI	vocabulary	2044	zh-Hant	zh-Hant	挺	"[""手""]"	[]		"[""zh-Hant.frequency.2049"",""zh.radical.kangxi.064""]"	[]	[]	sources/characters.tsv	frequency-order position 2044; corpus frequency rank 2049; Ministry common-character number 1580	挺: frequency-order position 2044; corpus frequency rank 2049; 47 appearances (0.00389%); Unihan kRSUnicode 64.7; Kangxi radical 64 手; Unihan kRSUnicode single radical assignment.	[]	"[""chinese"",""traditional"",""radicals"",""frequency"",""character-to-radical"",""one-way"",""part-11""]"
zh-traditional-radicals-frequency-xi/2045/character-to-radical	XI	vocabulary	2045	zh-Hant	zh-Hant	佑	"[""人""]"	[]		"[""zh-Hant.frequency.2050"",""zh.radical.kangxi.009""]"	[]	[]	sources/characters.tsv	frequency-order position 2045; corpus frequency rank 2050; Ministry common-character number 114	佑: frequency-order position 2045; corpus frequency rank 2050; 47 appearances (0.00389%); Unihan kRSUnicode 9.5; Kangxi radical 9 人; Unihan kRSUnicode single radical assignment.	[]	"[""chinese"",""traditional"",""radicals"",""frequency"",""character-to-radical"",""one-way"",""part-11""]"
zh-traditional-radicals-frequency-xi/2046/character-to-radical	XI	vocabulary	2046	zh-Hant	zh-Hant	寂	"[""宀""]"	[]		"[""zh-Hant.frequency.2051"",""zh.radical.kangxi.040""]"	[]	[]	sources/characters.tsv	frequency-order position 2046; corpus frequency rank 2051; Ministry common-character number 1035	寂: frequency-order position 2046; corpus frequency rank 2051; 47 appearances (0.00389%); Unihan kRSUnicode 40.8; Kangxi radical 40 宀; Unihan kRSUnicode single radical assignment.	[]	"[""chinese"",""traditional"",""radicals"",""frequency"",""character-to-radical"",""one-way"",""part-11""]"
zh-traditional-radicals-frequency-xi/2047/character-to-radical	XI	vocabulary	2047	zh-Hant	zh-Hant	淋	"[""水""]"	[]		"[""zh-Hant.frequency.2052"",""zh.radical.kangxi.085""]"	[]	[]	sources/characters.tsv	frequency-order position 2047; corpus frequency rank 2052; Ministry common-character number 2226	淋: frequency-order position 2047; corpus frequency rank 2052; 47 appearances (0.00389%); Unihan kRSUnicode 85.8; Kangxi radical 85 水; Unihan kRSUnicode single radical assignment.	[]	"[""chinese"",""traditional"",""radicals"",""frequency"",""character-to-radical"",""one-way"",""part-11""]"
zh-traditional-radicals-frequency-xi/2048/character-to-radical	XI	vocabulary	2048	zh-Hant	zh-Hant	逛	"[""辵""]"	[]		"[""zh-Hant.frequency.2053"",""zh.radical.kangxi.162""]"	[]	[]	sources/characters.tsv	frequency-order position 2048; corpus frequency rank 2053; Ministry common-character number 4150	逛: frequency-order position 2048; corpus frequency rank 2053; 47 appearances (0.00389%); Unihan kRSUnicode 162.7; Kangxi radical 162 辵; Unihan kRSUnicode single radical assignment.	[]	"[""chinese"",""traditional"",""radicals"",""frequency"",""character-to-radical"",""one-way"",""part-11""]"
zh-traditional-radicals-frequency-xi/2049/character-to-radical	XI	vocabulary	2049	zh-Hant	zh-Hant	菲	"[""艸""]"	[]		"[""zh-Hant.frequency.2054"",""zh.radical.kangxi.140""]"	[]	[]	sources/characters.tsv	frequency-order position 2049; corpus frequency rank 2054; Ministry common-character number 3512	菲: frequency-order position 2049; corpus frequency rank 2054; 47 appearances (0.00389%); Unihan kRSUnicode 140.8; Kangxi radical 140 艸; Unihan kRSUnicode single radical assignment.	[]	"[""chinese"",""traditional"",""radicals"",""frequency"",""character-to-radical"",""one-way"",""part-11""]"
zh-traditional-radicals-frequency-xi/2050/character-to-radical	XI	vocabulary	2050	zh-Hant	zh-Hant	截	"[""戈""]"	[]		"[""zh-Hant.frequency.2055"",""zh.radical.kangxi.062""]"	[]	[]	sources/characters.tsv	frequency-order position 2050; corpus frequency rank 2055; Ministry common-character number 1481	截: frequency-order position 2050; corpus frequency rank 2055; 47 appearances (0.00389%); Unihan kRSUnicode 62.10; Kangxi radical 62 戈; Unihan kRSUnicode single radical assignment.	[]	"[""chinese"",""traditional"",""radicals"",""frequency"",""character-to-radical"",""one-way"",""part-11""]"
zh-traditional-radicals-frequency-xi/2051/character-to-radical	XI	vocabulary	2051	zh-Hant	zh-Hant	誇	"[""言""]"	[]		"[""zh-Hant.frequency.2056"",""zh.radical.kangxi.149""]"	[]	[]	sources/characters.tsv	frequency-order position 2051; corpus frequency rank 2056; Ministry common-character number 3820	誇: frequency-order position 2051; corpus frequency rank 2056; 47 appearances (0.00389%); Unihan kRSUnicode 149.6; Kangxi radical 149 言; Unihan kRSUnicode single radical assignment.	[]	"[""chinese"",""traditional"",""radicals"",""frequency"",""character-to-radical"",""one-way"",""part-11""]"
zh-traditional-radicals-frequency-xi/2052/character-to-radical	XI	vocabulary	2052	zh-Hant	zh-Hant	轟	"[""車""]"	[]		"[""zh-Hant.frequency.2057"",""zh.radical.kangxi.159""]"	[]	[]	sources/characters.tsv	frequency-order position 2052; corpus frequency rank 2057; Ministry common-character number 4099	轟: frequency-order position 2052; corpus frequency rank 2057; 47 appearances (0.00389%); Unihan kRSUnicode 159.14; Kangxi radical 159 車; Unihan kRSUnicode single radical assignment.	[]	"[""chinese"",""traditional"",""radicals"",""frequency"",""character-to-radical"",""one-way"",""part-11""]"
zh-traditional-radicals-frequency-xi/2053/character-to-radical	XI	vocabulary	2053	zh-Hant	zh-Hant	瑜	"[""玉""]"	[]		"[""zh-Hant.frequency.2058"",""zh.radical.kangxi.096""]"	[]	[]	sources/characters.tsv	frequency-order position 2053; corpus frequency rank 2058; Ministry common-character number 2593	瑜: frequency-order position 2053; corpus frequency rank 2058; 47 appearances (0.00389%); Unihan kRSUnicode 96.9; Kangxi radical 96 玉; Unihan kRSUnicode single radical assignment.	[]	"[""chinese"",""traditional"",""radicals"",""frequency"",""character-to-radical"",""one-way"",""part-11""]"
zh-traditional-radicals-frequency-xi/2054/character-to-radical	XI	vocabulary	2054	zh-Hant	zh-Hant	墳	"[""土""]"	[]		"[""zh-Hant.frequency.2059"",""zh.radical.kangxi.032""]"	[]	[]	sources/characters.tsv	frequency-order position 2054; corpus frequency rank 2059; Ministry common-character number 814	墳: frequency-order position 2054; corpus frequency rank 2059; 47 appearances (0.00389%); Unihan kRSUnicode 32.12; Kangxi radical 32 土; Unihan kRSUnicode single radical assignment.	[]	"[""chinese"",""traditional"",""radicals"",""frequency"",""character-to-radical"",""one-way"",""part-11""]"
zh-traditional-radicals-frequency-xi/2055/character-to-radical	XI	vocabulary	2055	zh-Hant	zh-Hant	櫃	"[""木""]"	[]		"[""zh-Hant.frequency.2060"",""zh.radical.kangxi.075""]"	[]	[]	sources/characters.tsv	frequency-order position 2055; corpus frequency rank 2060; Ministry common-character number 2040	櫃: frequency-order position 2055; corpus frequency rank 2060; 47 appearances (0.00389%); Unihan kRSUnicode 75.14; Kangxi radical 75 木; Unihan kRSUnicode single radical assignment.	[]	"[""chinese"",""traditional"",""radicals"",""frequency"",""character-to-radical"",""one-way"",""part-11""]"
zh-traditional-radicals-frequency-xi/2056/character-to-radical	XI	vocabulary	2056	zh-Hant	zh-Hant	籌	"[""竹""]"	[]		"[""zh-Hant.frequency.2061"",""zh.radical.kangxi.118""]"	[]	[]	sources/characters.tsv	frequency-order position 2056; corpus frequency rank 2061; Ministry common-character number 3046	籌: frequency-order position 2056; corpus frequency rank 2061; 47 appearances (0.00389%); Unihan kRSUnicode 118.14; Kangxi radical 118 竹; Unihan kRSUnicode single radical assignment.	[]	"[""chinese"",""traditional"",""radicals"",""frequency"",""character-to-radical"",""one-way"",""part-11""]"
zh-traditional-radicals-frequency-xi/2057/character-to-radical	XI	vocabulary	2057	zh-Hant	zh-Hant	獄	"[""犬""]"	[]		"[""zh-Hant.frequency.2062"",""zh.radical.kangxi.094""]"	[]	[]	sources/characters.tsv	frequency-order position 2057; corpus frequency rank 2062; Ministry common-character number 2537	獄: frequency-order position 2057; corpus frequency rank 2062; 47 appearances (0.00389%); Unihan kRSUnicode 94.11; Kangxi radical 94 犬; Unihan kRSUnicode single radical assignment.	[]	"[""chinese"",""traditional"",""radicals"",""frequency"",""character-to-radical"",""one-way"",""part-11""]"
zh-traditional-radicals-frequency-xi/2058/character-to-radical	XI	vocabulary	2058	zh-Hant	zh-Hant	鯊	"[""魚""]"	[]		"[""zh-Hant.frequency.2063"",""zh.radical.kangxi.195""]"	[]	[]	sources/characters.tsv	frequency-order position 2058; corpus frequency rank 2063; Ministry common-character number 4698	鯊: frequency-order position 2058; corpus frequency rank 2063; 47 appearances (0.00389%); Unihan kRSUnicode 195.7; Kangxi radical 195 魚; Unihan kRSUnicode single radical assignment.	[]	"[""chinese"",""traditional"",""radicals"",""frequency"",""character-to-radical"",""one-way"",""part-11""]"
zh-traditional-radicals-frequency-xi/2059/character-to-radical	XI	vocabulary	2059	zh-Hant	zh-Hant	顎	"[""頁""]"	[]		"[""zh-Hant.frequency.2064"",""zh.radical.kangxi.181""]"	[]	[]	sources/characters.tsv	frequency-order position 2059; corpus frequency rank 2064; Ministry common-character number 4562	顎: frequency-order position 2059; corpus frequency rank 2064; 47 appearances (0.00389%); Unihan kRSUnicode 181.9; Kangxi radical 181 頁; Unihan kRSUnicode single radical assignment.	[]	"[""chinese"",""traditional"",""radicals"",""frequency"",""character-to-radical"",""one-way"",""part-11""]"
zh-traditional-radicals-frequency-xi/2060/character-to-radical	XI	vocabulary	2060	zh-Hant	zh-Hant	耍	"[""而""]"	[]		"[""zh-Hant.frequency.2065"",""zh.radical.kangxi.126""]"	[]	[]	sources/characters.tsv	frequency-order position 2060; corpus frequency rank 2065; Ministry common-character number 3257	耍: frequency-order position 2060; corpus frequency rank 2065; 46 appearances (0.00381%); Unihan kRSUnicode 126.3; Kangxi radical 126 而; Unihan kRSUnicode single radical assignment.	[]	"[""chinese"",""traditional"",""radicals"",""frequency"",""character-to-radical"",""one-way"",""part-11""]"
zh-traditional-radicals-frequency-xi/2061/character-to-radical	XI	vocabulary	2061	zh-Hant	zh-Hant	砂	"[""石""]"	[]		"[""zh-Hant.frequency.2066"",""zh.radical.kangxi.112""]"	[]	[]	sources/characters.tsv	frequency-order position 2061; corpus frequency rank 2066; Ministry common-character number 2825	砂: frequency-order position 2061; corpus frequency rank 2066; 46 appearances (0.00381%); Unihan kRSUnicode 112.4; Kangxi radical 112 石; Unihan kRSUnicode single radical assignment.	[]	"[""chinese"",""traditional"",""radicals"",""frequency"",""character-to-radical"",""one-way"",""part-11""]"
zh-traditional-radicals-frequency-xi/2062/character-to-radical	XI	vocabulary	2062	zh-Hant	zh-Hant	悔	"[""心""]"	[]		"[""zh-Hant.frequency.2067"",""zh.radical.kangxi.061""]"	[]	[]	sources/characters.tsv	frequency-order position 2062; corpus frequency rank 2067; Ministry common-character number 1357	悔: frequency-order position 2062; corpus frequency rank 2067; 46 appearances (0.00381%); Unihan kRSUnicode 61.7; Kangxi radical 61 心; Unihan kRSUnicode single radical assignment.	[]	"[""chinese"",""traditional"",""radicals"",""frequency"",""character-to-radical"",""one-way"",""part-11""]"
zh-traditional-radicals-frequency-xi/2063/character-to-radical	XI	vocabulary	2063	zh-Hant	zh-Hant	喃	"[""口""]"	[]		"[""zh-Hant.frequency.2068"",""zh.radical.kangxi.030""]"	[]	[]	sources/characters.tsv	frequency-order position 2063; corpus frequency rank 2068; Ministry common-character number 633	喃: frequency-order position 2063; corpus frequency rank 2068; 46 appearances (0.00381%); Unihan kRSUnicode 30.9; Kangxi radical 30 口; Unihan kRSUnicode single radical assignment.	[]	"[""chinese"",""traditional"",""radicals"",""frequency"",""character-to-radical"",""one-way"",""part-11""]"
zh-traditional-radicals-frequency-xi/2064/character-to-radical	XI	vocabulary	2064	zh-Hant	zh-Hant	纏	"[""糸""]"	[]		"[""zh-Hant.frequency.2069"",""zh.radical.kangxi.120""]"	[]	[]	sources/characters.tsv	frequency-order position 2064; corpus frequency rank 2069; Ministry common-character number 3190	纏: frequency-order position 2064; corpus frequency rank 2069; 46 appearances (0.00381%); Unihan kRSUnicode 120.15; Kangxi radical 120 糸; Unihan kRSUnicode single radical assignment.	[]	"[""chinese"",""traditional"",""radicals"",""frequency"",""character-to-radical"",""one-way"",""part-11""]"
zh-traditional-radicals-frequency-xi/2065/character-to-radical	XI	vocabulary	2065	zh-Hant	zh-Hant	婿	"[""女""]"	[]		"[""zh-Hant.frequency.2070"",""zh.radical.kangxi.038""]"	[]	[]	sources/characters.tsv	frequency-order position 2065; corpus frequency rank 2070; Ministry common-character number 951	婿: frequency-order position 2065; corpus frequency rank 2070; 46 appearances (0.00381%); Unihan kRSUnicode 38.9; Kangxi radical 38 女; Unihan kRSUnicode single radical assignment.	[]	"[""chinese"",""traditional"",""radicals"",""frequency"",""character-to-radical"",""one-way"",""part-11""]"
zh-traditional-radicals-frequency-xi/2066/character-to-radical	XI	vocabulary	2066	zh-Hant	zh-Hant	憂	"[""心""]"	[]		"[""zh-Hant.frequency.2071"",""zh.radical.kangxi.061""]"	[]	[]	sources/characters.tsv	frequency-order position 2066; corpus frequency rank 2071; Ministry common-character number 1429	憂: frequency-order position 2066; corpus frequency rank 2071; 46 appearances (0.00381%); Unihan kRSUnicode 61.11; Kangxi radical 61 心; Unihan kRSUnicode single radical assignment.	[]	"[""chinese"",""traditional"",""radicals"",""frequency"",""character-to-radical"",""one-way"",""part-11""]"
zh-traditional-radicals-frequency-xi/2067/character-to-radical	XI	vocabulary	2067	zh-Hant	zh-Hant	艱	"[""艮""]"	[]		"[""zh-Hant.frequency.2072"",""zh.radical.kangxi.138""]"	[]	[]	sources/characters.tsv	frequency-order position 2067; corpus frequency rank 2072; Ministry common-character number 3426	艱: frequency-order position 2067; corpus frequency rank 2072; 46 appearances (0.00381%); Unihan kRSUnicode 138.11; Kangxi radical 138 艮; Unihan kRSUnicode single radical assignment.	[]	"[""chinese"",""traditional"",""radicals"",""frequency"",""character-to-radical"",""one-way"",""part-11""]"
zh-traditional-radicals-frequency-xi/2068/character-to-radical	XI	vocabulary	2068	zh-Hant	zh-Hant	鍊	"[""金""]"	[]		"[""zh-Hant.frequency.2073"",""zh.radical.kangxi.167""]"	[]	[]	sources/characters.tsv	frequency-order position 2068; corpus frequency rank 2073; Ministry common-character number 4322	鍊: frequency-order position 2068; corpus frequency rank 2073; 46 appearances (0.00381%); Unihan kRSUnicode 167.9; Kangxi radical 167 金; Unihan kRSUnicode single radical assignment.	[]	"[""chinese"",""traditional"",""radicals"",""frequency"",""character-to-radical"",""one-way"",""part-11""]"
zh-traditional-radicals-frequency-xi/2069/character-to-radical	XI	vocabulary	2069	zh-Hant	zh-Hant	賜	"[""貝""]"	[]		"[""zh-Hant.frequency.2074"",""zh.radical.kangxi.154""]"	[]	[]	sources/characters.tsv	frequency-order position 2069; corpus frequency rank 2074; Ministry common-character number 3969	賜: frequency-order position 2069; corpus frequency rank 2074; 46 appearances (0.00381%); Unihan kRSUnicode 154.8; Kangxi radical 154 貝; Unihan kRSUnicode single radical assignment.	[]	"[""chinese"",""traditional"",""radicals"",""frequency"",""character-to-radical"",""one-way"",""part-11""]"
zh-traditional-radicals-frequency-xi/2070/character-to-radical	XI	vocabulary	2070	zh-Hant	zh-Hant	顱	"[""頁""]"	[]		"[""zh-Hant.frequency.2075"",""zh.radical.kangxi.181""]"	[]	[]	sources/characters.tsv	frequency-order position 2070; corpus frequency rank 2075; Ministry common-character number 4571	顱: frequency-order position 2070; corpus frequency rank 2075; 46 appearances (0.00381%); Unihan kRSUnicode 181.16; Kangxi radical 181 頁; Unihan kRSUnicode single radical assignment.	[]	"[""chinese"",""traditional"",""radicals"",""frequency"",""character-to-radical"",""one-way"",""part-11""]"
zh-traditional-radicals-frequency-xi/2071/character-to-radical	XI	vocabulary	2071	zh-Hant	zh-Hant	兇	"[""儿""]"	[]		"[""zh-Hant.frequency.2076"",""zh.radical.kangxi.010""]"	[]	[]	sources/characters.tsv	frequency-order position 2071; corpus frequency rank 2076; Ministry common-character number 269	兇: frequency-order position 2071; corpus frequency rank 2076; 45 appearances (0.00372%); Unihan kRSUnicode 10.4; Kangxi radical 10 儿; Unihan kRSUnicode single radical assignment.	[]	"[""chinese"",""traditional"",""radicals"",""frequency"",""character-to-radical"",""one-way"",""part-11""]"
zh-traditional-radicals-frequency-xi/2072/character-to-radical	XI	vocabulary	2072	zh-Hant	zh-Hant	宅	"[""宀""]"	[]		"[""zh-Hant.frequency.2077"",""zh.radical.kangxi.040""]"	[]	[]	sources/characters.tsv	frequency-order position 2072; corpus frequency rank 2077; Ministry common-character number 1008	宅: frequency-order position 2072; corpus frequency rank 2077; 45 appearances (0.00372%); Unihan kRSUnicode 40.3; Kangxi radical 40 宀; Unihan kRSUnicode single radical assignment.	[]	"[""chinese"",""traditional"",""radicals"",""frequency"",""character-to-radical"",""one-way"",""part-11""]"
zh-traditional-radicals-frequency-xi/2073/character-to-radical	XI	vocabulary	2073	zh-Hant	zh-Hant	押	"[""手""]"	[]		"[""zh-Hant.frequency.2078"",""zh.radical.kangxi.064""]"	[]	[]	sources/characters.tsv	frequency-order position 2073; corpus frequency rank 2078; Ministry common-character number 1539	押: frequency-order position 2073; corpus frequency rank 2078; 45 appearances (0.00372%); Unihan kRSUnicode 64.5; Kangxi radical 64 手; Unihan kRSUnicode single radical assignment.	[]	"[""chinese"",""traditional"",""radicals"",""frequency"",""character-to-radical"",""one-way"",""part-11""]"
zh-traditional-radicals-frequency-xi/2074/character-to-radical	XI	vocabulary	2074	zh-Hant	zh-Hant	泛	"[""水""]"	[]		"[""zh-Hant.frequency.2079"",""zh.radical.kangxi.085""]"	[]	[]	sources/characters.tsv	frequency-order position 2074; corpus frequency rank 2079; Ministry common-character number 2181	泛: frequency-order position 2074; corpus frequency rank 2079; 45 appearances (0.00372%); Unihan kRSUnicode 85.5; Kangxi radical 85 水; Unihan kRSUnicode single radical assignment.	[]	"[""chinese"",""traditional"",""radicals"",""frequency"",""character-to-radical"",""one-way"",""part-11""]"
zh-traditional-radicals-frequency-xi/2075/character-to-radical	XI	vocabulary	2075	zh-Hant	zh-Hant	挨	"[""手""]"	[]		"[""zh-Hant.frequency.2080"",""zh.radical.kangxi.064""]"	[]	[]	sources/characters.tsv	frequency-order position 2075; corpus frequency rank 2080; Ministry common-character number 1585	挨: frequency-order position 2075; corpus frequency rank 2080; 45 appearances (0.00372%); Unihan kRSUnicode 64.7; Kangxi radical 64 手; Unihan kRSUnicode single radical assignment.	[]	"[""chinese"",""traditional"",""radicals"",""frequency"",""character-to-radical"",""one-way"",""part-11""]"
zh-traditional-radicals-frequency-xi/2076/character-to-radical	XI	vocabulary	2076	zh-Hant	zh-Hant	酷	"[""酉""]"	[]		"[""zh-Hant.frequency.2081"",""zh.radical.kangxi.164""]"	[]	[]	sources/characters.tsv	frequency-order position 2076; corpus frequency rank 2081; Ministry common-character number 4239	酷: frequency-order position 2076; corpus frequency rank 2081; 45 appearances (0.00372%); Unihan kRSUnicode 164.7; Kangxi radical 164 酉; Unihan kRSUnicode single radical assignment.	[]	"[""chinese"",""traditional"",""radicals"",""frequency"",""character-to-radical"",""one-way"",""part-11""]"
zh-traditional-radicals-frequency-xi/2077/character-to-radical	XI	vocabulary	2077	zh-Hant	zh-Hant	兼	"[""八""]"	[]		"[""zh-Hant.frequency.2082"",""zh.radical.kangxi.012""]"	[]	[]	sources/characters.tsv	frequency-order position 2077; corpus frequency rank 2082; Ministry common-character number 294	兼: frequency-order position 2077; corpus frequency rank 2082; 45 appearances (0.00372%); Unihan kRSUnicode 12.8; Kangxi radical 12 八; Unihan kRSUnicode single radical assignment.	[]	"[""chinese"",""traditional"",""radicals"",""frequency"",""character-to-radical"",""one-way"",""part-11""]"
zh-traditional-radicals-frequency-xi/2078/character-to-radical	XI	vocabulary	2078	zh-Hant	zh-Hant	豎	"[""豆""]"	[]		"[""zh-Hant.frequency.2083"",""zh.radical.kangxi.151""]"	[]	[]	sources/characters.tsv	frequency-order position 2078; corpus frequency rank 2083; Ministry common-character number 3909	豎: frequency-order position 2078; corpus frequency rank 2083; 45 appearances (0.00372%); Unihan kRSUnicode 151.8; Kangxi radical 151 豆; Unihan kRSUnicode single radical assignment.	[]	"[""chinese"",""traditional"",""radicals"",""frequency"",""character-to-radical"",""one-way"",""part-11""]"
zh-traditional-radicals-frequency-xi/2079/character-to-radical	XI	vocabulary	2079	zh-Hant	zh-Hant	莓	"[""艸""]"	[]		"[""zh-Hant.frequency.2084"",""zh.radical.kangxi.140""]"	[]	[]	sources/characters.tsv	frequency-order position 2079; corpus frequency rank 2084; Ministry common-character number 3489	莓: frequency-order position 2079; corpus frequency rank 2084; 45 appearances (0.00372%); Unihan kRSUnicode 140.7; Kangxi radical 140 艸; Unihan kRSUnicode single radical assignment.	[]	"[""chinese"",""traditional"",""radicals"",""frequency"",""character-to-radical"",""one-way"",""part-11""]"
zh-traditional-radicals-frequency-xi/2080/character-to-radical	XI	vocabulary	2080	zh-Hant	zh-Hant	審	"[""宀""]"	[]		"[""zh-Hant.frequency.2085"",""zh.radical.kangxi.040""]"	[]	[]	sources/characters.tsv	frequency-order position 2080; corpus frequency rank 2085; Ministry common-character number 1053	審: frequency-order position 2080; corpus frequency rank 2085; 45 appearances (0.00372%); Unihan kRSUnicode 40.12; Kangxi radical 40 宀; Unihan kRSUnicode single radical assignment.	[]	"[""chinese"",""traditional"",""radicals"",""frequency"",""character-to-radical"",""one-way"",""part-11""]"
zh-traditional-radicals-frequency-xi/2081/character-to-radical	XI	vocabulary	2081	zh-Hant	zh-Hant	萄	"[""艸""]"	[]		"[""zh-Hant.frequency.2086"",""zh.radical.kangxi.140""]"	[]	[]	sources/characters.tsv	frequency-order position 2081; corpus frequency rank 2086; Ministry common-character number 3516	萄: frequency-order position 2081; corpus frequency rank 2086; 45 appearances (0.00372%); Unihan kRSUnicode 140.8; Kangxi radical 140 艸; Unihan kRSUnicode single radical assignment.	[]	"[""chinese"",""traditional"",""radicals"",""frequency"",""character-to-radical"",""one-way"",""part-11""]"
zh-traditional-radicals-frequency-xi/2082/character-to-radical	XI	vocabulary	2082	zh-Hant	zh-Hant	嘰	"[""口""]"	[]		"[""zh-Hant.frequency.2087"",""zh.radical.kangxi.030""]"	[]	[]	sources/characters.tsv	frequency-order position 2082; corpus frequency rank 2087; Ministry common-character number 687	嘰: frequency-order position 2082; corpus frequency rank 2087; 45 appearances (0.00372%); Unihan kRSUnicode 30.12; Kangxi radical 30 口; Unihan kRSUnicode single radical assignment.	[]	"[""chinese"",""traditional"",""radicals"",""frequency"",""character-to-radical"",""one-way"",""part-11""]"
zh-traditional-radicals-frequency-xi/2083/character-to-radical	XI	vocabulary	2083	zh-Hant	zh-Hant	賊	"[""貝""]"	[]		"[""zh-Hant.frequency.2088"",""zh.radical.kangxi.154""]"	[]	[]	sources/characters.tsv	frequency-order position 2083; corpus frequency rank 2088; Ministry common-character number 3950	賊: frequency-order position 2083; corpus frequency rank 2088; 45 appearances (0.00372%); Unihan kRSUnicode 154.6; Kangxi radical 154 貝; Unihan kRSUnicode single radical assignment.	[]	"[""chinese"",""traditional"",""radicals"",""frequency"",""character-to-radical"",""one-way"",""part-11""]"
zh-traditional-radicals-frequency-xi/2084/character-to-radical	XI	vocabulary	2084	zh-Hant	zh-Hant	鴿	"[""鳥""]"	[]		"[""zh-Hant.frequency.2089"",""zh.radical.kangxi.196""]"	[]	[]	sources/characters.tsv	frequency-order position 2084; corpus frequency rank 2089; Ministry common-character number 4730	鴿: frequency-order position 2084; corpus frequency rank 2089; 45 appearances (0.00372%); Unihan kRSUnicode 196.6; Kangxi radical 196 鳥; Unihan kRSUnicode single radical assignment.	[]	"[""chinese"",""traditional"",""radicals"",""frequency"",""character-to-radical"",""one-way"",""part-11""]"
zh-traditional-radicals-frequency-xi/2085/character-to-radical	XI	vocabulary	2085	zh-Hant	zh-Hant	孵	"[""子""]"	[]		"[""zh-Hant.frequency.2090"",""zh.radical.kangxi.039""]"	[]	[]	sources/characters.tsv	frequency-order position 2085; corpus frequency rank 2090; Ministry common-character number 1000	孵: frequency-order position 2085; corpus frequency rank 2090; 45 appearances (0.00372%); Unihan kRSUnicode 39.11; Kangxi radical 39 子; Unihan kRSUnicode single radical assignment.	[]	"[""chinese"",""traditional"",""radicals"",""frequency"",""character-to-radical"",""one-way"",""part-11""]"
zh-traditional-radicals-frequency-xi/2086/character-to-radical	XI	vocabulary	2086	zh-Hant	zh-Hant	儲	"[""人""]"	[]		"[""zh-Hant.frequency.2091"",""zh.radical.kangxi.009""]"	[]	[]	sources/characters.tsv	frequency-order position 2086; corpus frequency rank 2091; Ministry common-character number 260	儲: frequency-order position 2086; corpus frequency rank 2091; 45 appearances (0.00372%); Unihan kRSUnicode 9.16; Kangxi radical 9 人; Unihan kRSUnicode single radical assignment.	[]	"[""chinese"",""traditional"",""radicals"",""frequency"",""character-to-radical"",""one-way"",""part-11""]"
zh-traditional-radicals-frequency-xi/2087/character-to-radical	XI	vocabulary	2087	zh-Hant	zh-Hant	羨	"[""羊""]"	[]		"[""zh-Hant.frequency.2092"",""zh.radical.kangxi.123""]"	[]	[]	sources/characters.tsv	frequency-order position 2087; corpus frequency rank 2092; Ministry common-character number 3224	羨: frequency-order position 2087; corpus frequency rank 2092; 45 appearances (0.00372%); Unihan kRSUnicode 123.7; Kangxi radical 123 羊; Unihan kRSUnicode single radical assignment.	[]	"[""chinese"",""traditional"",""radicals"",""frequency"",""character-to-radical"",""one-way"",""part-11""]"
zh-traditional-radicals-frequency-xi/2088/character-to-radical	XI	vocabulary	2088	zh-Hant	zh-Hant	惰	"[""心""]"	[]		"[""zh-Hant.frequency.2093"",""zh.radical.kangxi.061""]"	[]	[]	sources/characters.tsv	frequency-order position 2088; corpus frequency rank 2093; Ministry common-character number 1390	惰: frequency-order position 2088; corpus frequency rank 2093; 45 appearances (0.00372%); Unihan kRSUnicode 61.9; Kangxi radical 61 心; Unihan kRSUnicode single radical assignment.	[]	"[""chinese"",""traditional"",""radicals"",""frequency"",""character-to-radical"",""one-way"",""part-11""]"
zh-traditional-radicals-frequency-xi/2089/character-to-radical	XI	vocabulary	2089	zh-Hant	zh-Hant	督	"[""目""]"	[]		"[""zh-Hant.frequency.2094"",""zh.radical.kangxi.109""]"	[]	[]	sources/characters.tsv	frequency-order position 2089; corpus frequency rank 2094; Ministry common-character number 2782	督: frequency-order position 2089; corpus frequency rank 2094; 45 appearances (0.00372%); Unihan kRSUnicode 109.8; Kangxi radical 109 目; Unihan kRSUnicode single radical assignment.	[]	"[""chinese"",""traditional"",""radicals"",""frequency"",""character-to-radical"",""one-way"",""part-11""]"
zh-traditional-radicals-frequency-xi/2090/character-to-radical	XI	vocabulary	2090	zh-Hant	zh-Hant	葡	"[""艸""]"	[]		"[""zh-Hant.frequency.2095"",""zh.radical.kangxi.140""]"	[]	[]	sources/characters.tsv	frequency-order position 2090; corpus frequency rank 2095; Ministry common-character number 3530	葡: frequency-order position 2090; corpus frequency rank 2095; 45 appearances (0.00372%); Unihan kRSUnicode 140.9; Kangxi radical 140 艸; Unihan kRSUnicode single radical assignment.	[]	"[""chinese"",""traditional"",""radicals"",""frequency"",""character-to-radical"",""one-way"",""part-11""]"
zh-traditional-radicals-frequency-xi/2091/character-to-radical	XI	vocabulary	2091	zh-Hant	zh-Hant	葛	"[""艸""]"	[]		"[""zh-Hant.frequency.2096"",""zh.radical.kangxi.140""]"	[]	[]	sources/characters.tsv	frequency-order position 2091; corpus frequency rank 2096; Ministry common-character number 3527	葛: frequency-order position 2091; corpus frequency rank 2096; 45 appearances (0.00372%); Unihan kRSUnicode 140.9; Kangxi radical 140 艸; Unihan kRSUnicode single radical assignment.	[]	"[""chinese"",""traditional"",""radicals"",""frequency"",""character-to-radical"",""one-way"",""part-11""]"
zh-traditional-radicals-frequency-xi/2092/character-to-radical	XI	vocabulary	2092	zh-Hant	zh-Hant	婷	"[""女""]"	[]		"[""zh-Hant.frequency.2097"",""zh.radical.kangxi.038""]"	[]	[]	sources/characters.tsv	frequency-order position 2092; corpus frequency rank 2097; Ministry common-character number 949	婷: frequency-order position 2092; corpus frequency rank 2097; 45 appearances (0.00372%); Unihan kRSUnicode 38.9; Kangxi radical 38 女; Unihan kRSUnicode single radical assignment.	[]	"[""chinese"",""traditional"",""radicals"",""frequency"",""character-to-radical"",""one-way"",""part-11""]"
zh-traditional-radicals-frequency-xi/2093/character-to-radical	XI	vocabulary	2093	zh-Hant	zh-Hant	玄	"[""玄""]"	[]		"[""zh-Hant.frequency.2098"",""zh.radical.kangxi.095""]"	[]	[]	sources/characters.tsv	frequency-order position 2093; corpus frequency rank 2098; Ministry common-character number 2550	玄: frequency-order position 2093; corpus frequency rank 2098; 44 appearances (0.00364%); Unihan kRSUnicode 95.0; Kangxi radical 95 玄; Unihan kRSUnicode single radical assignment.	[]	"[""chinese"",""traditional"",""radicals"",""frequency"",""character-to-radical"",""one-way"",""part-11""]"
zh-traditional-radicals-frequency-xi/2094/character-to-radical	XI	vocabulary	2094	zh-Hant	zh-Hant	札	"[""木""]"	[]		"[""zh-Hant.frequency.2099"",""zh.radical.kangxi.075""]"	[]	[]	sources/characters.tsv	frequency-order position 2094; corpus frequency rank 2099; Ministry common-character number 1858	札: frequency-order position 2094; corpus frequency rank 2099; 44 appearances (0.00364%); Unihan kRSUnicode 75.1; Kangxi radical 75 木; Unihan kRSUnicode single radical assignment.	[]	"[""chinese"",""traditional"",""radicals"",""frequency"",""character-to-radical"",""one-way"",""part-11""]"
zh-traditional-radicals-frequency-xi/2095/character-to-radical	XI	vocabulary	2095	zh-Hant	zh-Hant	扯	"[""手""]"	[]		"[""zh-Hant.frequency.2100"",""zh.radical.kangxi.064""]"	[]	[]	sources/characters.tsv	frequency-order position 2095; corpus frequency rank 2100; Ministry common-character number 1517	扯: frequency-order position 2095; corpus frequency rank 2100; 44 appearances (0.00364%); Unihan kRSUnicode 64.4; Kangxi radical 64 手; Unihan kRSUnicode single radical assignment.	[]	"[""chinese"",""traditional"",""radicals"",""frequency"",""character-to-radical"",""one-way"",""part-11""]"
zh-traditional-radicals-frequency-xi/2096/character-to-radical	XI	vocabulary	2096	zh-Hant	zh-Hant	帕	"[""巾""]"	[]		"[""zh-Hant.frequency.2101"",""zh.radical.kangxi.050""]"	[]	[]	sources/characters.tsv	frequency-order position 2096; corpus frequency rank 2101; Ministry common-character number 1168	帕: frequency-order position 2096; corpus frequency rank 2101; 44 appearances (0.00364%); Unihan kRSUnicode 50.5; Kangxi radical 50 巾; Unihan kRSUnicode single radical assignment.	[]	"[""chinese"",""traditional"",""radicals"",""frequency"",""character-to-radical"",""one-way"",""part-11""]"
zh-traditional-radicals-frequency-xi/2097/character-to-radical	XI	vocabulary	2097	zh-Hant	zh-Hant	貪	"[""貝""]"	[]		"[""zh-Hant.frequency.2102"",""zh.radical.kangxi.154""]"	[]	[]	sources/characters.tsv	frequency-order position 2097; corpus frequency rank 2102; Ministry common-character number 3936	貪: frequency-order position 2097; corpus frequency rank 2102; 44 appearances (0.00364%); Unihan kRSUnicode 154.4; Kangxi radical 154 貝; Unihan kRSUnicode single radical assignment.	[]	"[""chinese"",""traditional"",""radicals"",""frequency"",""character-to-radical"",""one-way"",""part-11""]"
zh-traditional-radicals-frequency-xi/2098/character-to-radical	XI	vocabulary	2098	zh-Hant	zh-Hant	豚	"[""豕""]"	[]		"[""zh-Hant.frequency.2103"",""zh.radical.kangxi.152""]"	[]	[]	sources/characters.tsv	frequency-order position 2098; corpus frequency rank 2103; Ministry common-character number 3913	豚: frequency-order position 2098; corpus frequency rank 2103; 44 appearances (0.00364%); Unihan kRSUnicode 152.4; Kangxi radical 152 豕; Unihan kRSUnicode single radical assignment.	[]	"[""chinese"",""traditional"",""radicals"",""frequency"",""character-to-radical"",""one-way"",""part-11""]"
zh-traditional-radicals-frequency-xi/2099/character-to-radical	XI	vocabulary	2099	zh-Hant	zh-Hant	棧	"[""木""]"	[]		"[""zh-Hant.frequency.2104"",""zh.radical.kangxi.075""]"	[]	[]	sources/characters.tsv	frequency-order position 2099; corpus frequency rank 2104; Ministry common-character number 1961	棧: frequency-order position 2099; corpus frequency rank 2104; 44 appearances (0.00364%); Unihan kRSUnicode 75.8; Kangxi radical 75 木; Unihan kRSUnicode single radical assignment.	[]	"[""chinese"",""traditional"",""radicals"",""frequency"",""character-to-radical"",""one-way"",""part-11""]"
zh-traditional-radicals-frequency-xi/2100/character-to-radical	XI	vocabulary	2100	zh-Hant	zh-Hant	註	"[""言""]"	[]		"[""zh-Hant.frequency.2105"",""zh.radical.kangxi.149""]"	[]	[]	sources/characters.tsv	frequency-order position 2100; corpus frequency rank 2105; Ministry common-character number 3802	註: frequency-order position 2100; corpus frequency rank 2105; 44 appearances (0.00364%); Unihan kRSUnicode 149.5; Kangxi radical 149 言; Unihan kRSUnicode single radical assignment.	[]	"[""chinese"",""traditional"",""radicals"",""frequency"",""character-to-radical"",""one-way"",""part-11""]"
zh-traditional-radicals-frequency-xi/2101/character-to-radical	XI	vocabulary	2101	zh-Hant	zh-Hant	腺	"[""肉""]"	[]		"[""zh-Hant.frequency.2106"",""zh.radical.kangxi.130""]"	[]	[]	sources/characters.tsv	frequency-order position 2101; corpus frequency rank 2106; Ministry common-character number 3353	腺: frequency-order position 2101; corpus frequency rank 2106; 44 appearances (0.00364%); Unihan kRSUnicode 130.9; Kangxi radical 130 肉; Unihan kRSUnicode single radical assignment.	[]	"[""chinese"",""traditional"",""radicals"",""frequency"",""character-to-radical"",""one-way"",""part-11""]"
zh-traditional-radicals-frequency-xi/2102/character-to-radical	XI	vocabulary	2102	zh-Hant	zh-Hant	邁	"[""辵""]"	[]		"[""zh-Hant.frequency.2107"",""zh.radical.kangxi.162""]"	[]	[]	sources/characters.tsv	frequency-order position 2102; corpus frequency rank 2107; Ministry common-character number 4192	邁: frequency-order position 2102; corpus frequency rank 2107; 44 appearances (0.00364%); Unihan kRSUnicode 162.13; Kangxi radical 162 辵; Unihan kRSUnicode single radical assignment.	[]	"[""chinese"",""traditional"",""radicals"",""frequency"",""character-to-radical"",""one-way"",""part-11""]"
zh-traditional-radicals-frequency-xi/2103/character-to-radical	XI	vocabulary	2103	zh-Hant	zh-Hant	灑	"[""水""]"	[]		"[""zh-Hant.frequency.2108"",""zh.radical.kangxi.085""]"	[]	[]	sources/characters.tsv	frequency-order position 2103; corpus frequency rank 2108; Ministry common-character number 2379	灑: frequency-order position 2103; corpus frequency rank 2108; 44 appearances (0.00364%); Unihan kRSUnicode 85.19; Kangxi radical 85 水; Unihan kRSUnicode single radical assignment.	[]	"[""chinese"",""traditional"",""radicals"",""frequency"",""character-to-radical"",""one-way"",""part-11""]"
zh-traditional-radicals-frequency-xi/2104/character-to-radical	XI	vocabulary	2104	zh-Hant	zh-Hant	叉	"[""又""]"	[]		"[""zh-Hant.frequency.2109"",""zh.radical.kangxi.029""]"	[]	[]	sources/characters.tsv	frequency-order position 2104; corpus frequency rank 2109; Ministry common-character number 469	叉: frequency-order position 2104; corpus frequency rank 2109; 43 appearances (0.00356%); Unihan kRSUnicode 29.1; Kangxi radical 29 又; Unihan kRSUnicode single radical assignment.	[]	"[""chinese"",""traditional"",""radicals"",""frequency"",""character-to-radical"",""one-way"",""part-11""]"
zh-traditional-radicals-frequency-xi/2105/character-to-radical	XI	vocabulary	2105	zh-Hant	zh-Hant	企	"[""人""]"	[]		"[""zh-Hant.frequency.2110"",""zh.radical.kangxi.009""]"	[]	[]	sources/characters.tsv	frequency-order position 2105; corpus frequency rank 2110; Ministry common-character number 103	企: frequency-order position 2105; corpus frequency rank 2110; 43 appearances (0.00356%); Unihan kRSUnicode 9.4; Kangxi radical 9 人; Unihan kRSUnicode single radical assignment.	[]	"[""chinese"",""traditional"",""radicals"",""frequency"",""character-to-radical"",""one-way"",""part-11""]"
zh-traditional-radicals-frequency-xi/2106/character-to-radical	XI	vocabulary	2106	zh-Hant	zh-Hant	叭	"[""口""]"	[]		"[""zh-Hant.frequency.2111"",""zh.radical.kangxi.030""]"	[]	[]	sources/characters.tsv	frequency-order position 2106; corpus frequency rank 2111; Ministry common-character number 498	叭: frequency-order position 2106; corpus frequency rank 2111; 43 appearances (0.00356%); Unihan kRSUnicode 30.2; Kangxi radical 30 口; Unihan kRSUnicode single radical assignment.	[]	"[""chinese"",""traditional"",""radicals"",""frequency"",""character-to-radical"",""one-way"",""part-11""]"
zh-traditional-radicals-frequency-xi/2107/character-to-radical	XI	vocabulary	2107	zh-Hant	zh-Hant	卷	"[""卩""]"	[]		"[""zh-Hant.frequency.2112"",""zh.radical.kangxi.026""]"	[]	[]	sources/characters.tsv	frequency-order position 2107; corpus frequency rank 2112; Ministry common-character number 454	卷: frequency-order position 2107; corpus frequency rank 2112; 43 appearances (0.00356%); Unihan kRSUnicode 26.6; Kangxi radical 26 卩; Unihan kRSUnicode single radical assignment.	[]	"[""chinese"",""traditional"",""radicals"",""frequency"",""character-to-radical"",""one-way"",""part-11""]"
zh-traditional-radicals-frequency-xi/2108/character-to-radical	XI	vocabulary	2108	zh-Hant	zh-Hant	卓	"[""十""]"	[]		"[""zh-Hant.frequency.2113"",""zh.radical.kangxi.024""]"	[]	[]	sources/characters.tsv	frequency-order position 2108; corpus frequency rank 2113; Ministry common-character number 439	卓: frequency-order position 2108; corpus frequency rank 2113; 43 appearances (0.00356%); Unihan kRSUnicode 24.6; Kangxi radical 24 十; Unihan kRSUnicode single radical assignment.	[]	"[""chinese"",""traditional"",""radicals"",""frequency"",""character-to-radical"",""one-way"",""part-11""]"
zh-traditional-radicals-frequency-xi/2109/character-to-radical	XI	vocabulary	2109	zh-Hant	zh-Hant	玫	"[""玉""]"	[]		"[""zh-Hant.frequency.2114"",""zh.radical.kangxi.096""]"	[]	[]	sources/characters.tsv	frequency-order position 2109; corpus frequency rank 2114; Ministry common-character number 2558	玫: frequency-order position 2109; corpus frequency rank 2114; 43 appearances (0.00356%); Unihan kRSUnicode 96.4; Kangxi radical 96 玉; Unihan kRSUnicode single radical assignment.	[]	"[""chinese"",""traditional"",""radicals"",""frequency"",""character-to-radical"",""one-way"",""part-11""]"
zh-traditional-radicals-frequency-xi/2110/character-to-radical	XI	vocabulary	2110	zh-Hant	zh-Hant	烤	"[""火""]"	[]		"[""zh-Hant.frequency.2115"",""zh.radical.kangxi.086""]"	[]	[]	sources/characters.tsv	frequency-order position 2110; corpus frequency rank 2115; Ministry common-character number 2404	烤: frequency-order position 2110; corpus frequency rank 2115; 43 appearances (0.00356%); Unihan kRSUnicode 86.6; Kangxi radical 86 火; Unihan kRSUnicode single radical assignment.	[]	"[""chinese"",""traditional"",""radicals"",""frequency"",""character-to-radical"",""one-way"",""part-11""]"
zh-traditional-radicals-frequency-xi/2111/character-to-radical	XI	vocabulary	2111	zh-Hant	zh-Hant	匙	"[""匕""]"	[]		"[""zh-Hant.frequency.2116"",""zh.radical.kangxi.021""]"	[]	[]	sources/characters.tsv	frequency-order position 2111; corpus frequency rank 2116; Ministry common-character number 417	匙: frequency-order position 2111; corpus frequency rank 2116; 43 appearances (0.00356%); Unihan kRSUnicode 21.9; Kangxi radical 21 匕; Unihan kRSUnicode single radical assignment.	[]	"[""chinese"",""traditional"",""radicals"",""frequency"",""character-to-radical"",""one-way"",""part-11""]"
zh-traditional-radicals-frequency-xi/2112/character-to-radical	XI	vocabulary	2112	zh-Hant	zh-Hant	鋪	"[""金""]"	[]		"[""zh-Hant.frequency.2117"",""zh.radical.kangxi.167""]"	[]	[]	sources/characters.tsv	frequency-order position 2112; corpus frequency rank 2117; Ministry common-character number 4300	鋪: frequency-order position 2112; corpus frequency rank 2117; 43 appearances (0.00356%); Unihan kRSUnicode 167.7; Kangxi radical 167 金; Unihan kRSUnicode single radical assignment.	[]	"[""chinese"",""traditional"",""radicals"",""frequency"",""character-to-radical"",""one-way"",""part-11""]"
zh-traditional-radicals-frequency-xi/2113/character-to-radical	XI	vocabulary	2113	zh-Hant	zh-Hant	盪	"[""皿""]"	[]		"[""zh-Hant.frequency.2118"",""zh.radical.kangxi.108""]"	[]	[]	sources/characters.tsv	frequency-order position 2113; corpus frequency rank 2118; Ministry common-character number 2755	盪: frequency-order position 2113; corpus frequency rank 2118; 43 appearances (0.00356%); Unihan kRSUnicode 108.12; Kangxi radical 108 皿; Unihan kRSUnicode single radical assignment.	[]	"[""chinese"",""traditional"",""radicals"",""frequency"",""character-to-radical"",""one-way"",""part-11""]"
zh-traditional-radicals-frequency-xi/2114/character-to-radical	XI	vocabulary	2114	zh-Hant	zh-Hant	措	"[""手""]"	[]		"[""zh-Hant.frequency.2119"",""zh.radical.kangxi.064""]"	[]	[]	sources/characters.tsv	frequency-order position 2114; corpus frequency rank 2119; Ministry common-character number 1595	措: frequency-order position 2114; corpus frequency rank 2119; 43 appearances (0.00356%); Unihan kRSUnicode 64.8; Kangxi radical 64 手; Unihan kRSUnicode single radical assignment.	[]	"[""chinese"",""traditional"",""radicals"",""frequency"",""character-to-radical"",""one-way"",""part-11""]"
zh-traditional-radicals-frequency-xi/2115/character-to-radical	XI	vocabulary	2115	zh-Hant	zh-Hant	渴	"[""水""]"	[]		"[""zh-Hant.frequency.2120"",""zh.radical.kangxi.085""]"	[]	[]	sources/characters.tsv	frequency-order position 2115; corpus frequency rank 2120; Ministry common-character number 2267	渴: frequency-order position 2115; corpus frequency rank 2120; 43 appearances (0.00356%); Unihan kRSUnicode 85.9; Kangxi radical 85 水; Unihan kRSUnicode single radical assignment.	[]	"[""chinese"",""traditional"",""radicals"",""frequency"",""character-to-radical"",""one-way"",""part-11""]"
zh-traditional-radicals-frequency-xi/2116/character-to-radical	XI	vocabulary	2116	zh-Hant	zh-Hant	嫩	"[""女""]"	[]		"[""zh-Hant.frequency.2121"",""zh.radical.kangxi.038""]"	[]	[]	sources/characters.tsv	frequency-order position 2116; corpus frequency rank 2121; Ministry common-character number 965	嫩: frequency-order position 2116; corpus frequency rank 2121; 43 appearances (0.00356%); Unihan kRSUnicode 38.11; Kangxi radical 38 女; Unihan kRSUnicode single radical assignment.	[]	"[""chinese"",""traditional"",""radicals"",""frequency"",""character-to-radical"",""one-way"",""part-11""]"
zh-traditional-radicals-frequency-xi/2117/character-to-radical	XI	vocabulary	2117	zh-Hant	zh-Hant	株	"[""木""]"	[]		"[""zh-Hant.frequency.2122"",""zh.radical.kangxi.075""]"	[]	[]	sources/characters.tsv	frequency-order position 2117; corpus frequency rank 2122; Ministry common-character number 1929	株: frequency-order position 2117; corpus frequency rank 2122; 43 appearances (0.00356%); Unihan kRSUnicode 75.6; Kangxi radical 75 木; Unihan kRSUnicode single radical assignment.	[]	"[""chinese"",""traditional"",""radicals"",""frequency"",""character-to-radical"",""one-way"",""part-11""]"
zh-traditional-radicals-frequency-xi/2118/character-to-radical	XI	vocabulary	2118	zh-Hant	zh-Hant	廉	"[""广""]"	[]		"[""zh-Hant.frequency.2123"",""zh.radical.kangxi.053""]"	[]	[]	sources/characters.tsv	frequency-order position 2118; corpus frequency rank 2123; Ministry common-character number 1222	廉: frequency-order position 2118; corpus frequency rank 2123; 43 appearances (0.00356%); Unihan kRSUnicode 53.10; Kangxi radical 53 广; Unihan kRSUnicode single radical assignment.	[]	"[""chinese"",""traditional"",""radicals"",""frequency"",""character-to-radical"",""one-way"",""part-11""]"
zh-traditional-radicals-frequency-xi/2119/character-to-radical	XI	vocabulary	2119	zh-Hant	zh-Hant	乏	"[""丿""]"	[]		"[""zh-Hant.frequency.2124"",""zh.radical.kangxi.004""]"	[]	[]	sources/characters.tsv	frequency-order position 2119; corpus frequency rank 2124; Ministry common-character number 32	乏: frequency-order position 2119; corpus frequency rank 2124; 42 appearances (0.00347%); Unihan kRSUnicode 4.4; Kangxi radical 4 丿; Unihan kRSUnicode single radical assignment.	[]	"[""chinese"",""traditional"",""radicals"",""frequency"",""character-to-radical"",""one-way"",""part-11""]"
zh-traditional-radicals-frequency-xi/2120/character-to-radical	XI	vocabulary	2120	zh-Hant	zh-Hant	舟	"[""舟""]"	[]		"[""zh-Hant.frequency.2125"",""zh.radical.kangxi.137""]"	[]	[]	sources/characters.tsv	frequency-order position 2120; corpus frequency rank 2125; Ministry common-character number 3410	舟: frequency-order position 2120; corpus frequency rank 2125; 42 appearances (0.00347%); Unihan kRSUnicode 137.0; Kangxi radical 137 舟; Unihan kRSUnicode single radical assignment.	[]	"[""chinese"",""traditional"",""radicals"",""frequency"",""character-to-radical"",""one-way"",""part-11""]"
zh-traditional-radicals-frequency-xi/2121/character-to-radical	XI	vocabulary	2121	zh-Hant	zh-Hant	汪	"[""水""]"	[]		"[""zh-Hant.frequency.2126"",""zh.radical.kangxi.085""]"	[]	[]	sources/characters.tsv	frequency-order position 2121; corpus frequency rank 2126; Ministry common-character number 2144	汪: frequency-order position 2121; corpus frequency rank 2126; 42 appearances (0.00347%); Unihan kRSUnicode 85.4; Kangxi radical 85 水; Unihan kRSUnicode single radical assignment.	[]	"[""chinese"",""traditional"",""radicals"",""frequency"",""character-to-radical"",""one-way"",""part-11""]"
zh-traditional-radicals-frequency-xi/2122/character-to-radical	XI	vocabulary	2122	zh-Hant	zh-Hant	吩	"[""口""]"	[]		"[""zh-Hant.frequency.2127"",""zh.radical.kangxi.030""]"	[]	[]	sources/characters.tsv	frequency-order position 2122; corpus frequency rank 2127; Ministry common-character number 527	吩: frequency-order position 2122; corpus frequency rank 2127; 42 appearances (0.00347%); Unihan kRSUnicode 30.4; Kangxi radical 30 口; Unihan kRSUnicode single radical assignment.	[]	"[""chinese"",""traditional"",""radicals"",""frequency"",""character-to-radical"",""one-way"",""part-11""]"
zh-traditional-radicals-frequency-xi/2123/character-to-radical	XI	vocabulary	2123	zh-Hant	zh-Hant	韋	"[""韋""]"	[]		"[""zh-Hant.frequency.2128"",""zh.radical.kangxi.178""]"	[]	[]	sources/characters.tsv	frequency-order position 2123; corpus frequency rank 2128; Ministry common-character number 4525	韋: frequency-order position 2123; corpus frequency rank 2128; 42 appearances (0.00347%); Unihan kRSUnicode 178.0; Kangxi radical 178 韋; Unihan kRSUnicode single radical assignment.	[]	"[""chinese"",""traditional"",""radicals"",""frequency"",""character-to-radical"",""one-way"",""part-11""]"
zh-traditional-radicals-frequency-xi/2124/character-to-radical	XI	vocabulary	2124	zh-Hant	zh-Hant	紂	"[""糸""]"	[]		"[""zh-Hant.frequency.2129"",""zh.radical.kangxi.120""]"	[]	[]	sources/characters.tsv	frequency-order position 2124; corpus frequency rank 2129; Ministry common-character number 3082	紂: frequency-order position 2124; corpus frequency rank 2129; 42 appearances (0.00347%); Unihan kRSUnicode 120.3; Kangxi radical 120 糸; Unihan kRSUnicode single radical assignment.	[]	"[""chinese"",""traditional"",""radicals"",""frequency"",""character-to-radical"",""one-way"",""part-11""]"
zh-traditional-radicals-frequency-xi/2125/character-to-radical	XI	vocabulary	2125	zh-Hant	zh-Hant	遜	"[""辵""]"	[]		"[""zh-Hant.frequency.2130"",""zh.radical.kangxi.162""]"	[]	[]	sources/characters.tsv	frequency-order position 2125; corpus frequency rank 2130; Ministry common-character number 4174	遜: frequency-order position 2125; corpus frequency rank 2130; 42 appearances (0.00347%); Unihan kRSUnicode 162.10; Kangxi radical 162 辵; Unihan kRSUnicode single radical assignment.	[]	"[""chinese"",""traditional"",""radicals"",""frequency"",""character-to-radical"",""one-way"",""part-11""]"
zh-traditional-radicals-frequency-xi/2126/character-to-radical	XI	vocabulary	2126	zh-Hant	zh-Hant	宵	"[""宀""]"	[]		"[""zh-Hant.frequency.2131"",""zh.radical.kangxi.040""]"	[]	[]	sources/characters.tsv	frequency-order position 2126; corpus frequency rank 2131; Ministry common-character number 1029	宵: frequency-order position 2126; corpus frequency rank 2131; 42 appearances (0.00347%); Unihan kRSUnicode 40.7; Kangxi radical 40 宀; Unihan kRSUnicode single radical assignment.	[]	"[""chinese"",""traditional"",""radicals"",""frequency"",""character-to-radical"",""one-way"",""part-11""]"
zh-traditional-radicals-frequency-xi/2127/character-to-radical	XI	vocabulary	2127	zh-Hant	zh-Hant	釣	"[""金""]"	[]		"[""zh-Hant.frequency.2132"",""zh.radical.kangxi.167""]"	[]	[]	sources/characters.tsv	frequency-order position 2127; corpus frequency rank 2132; Ministry common-character number 4268	釣: frequency-order position 2127; corpus frequency rank 2132; 42 appearances (0.00347%); Unihan kRSUnicode 167.3; Kangxi radical 167 金; Unihan kRSUnicode single radical assignment.	[]	"[""chinese"",""traditional"",""radicals"",""frequency"",""character-to-radical"",""one-way"",""part-11""]"
zh-traditional-radicals-frequency-xi/2128/character-to-radical	XI	vocabulary	2128	zh-Hant	zh-Hant	喚	"[""口""]"	[]		"[""zh-Hant.frequency.2133"",""zh.radical.kangxi.030""]"	[]	[]	sources/characters.tsv	frequency-order position 2128; corpus frequency rank 2133; Ministry common-character number 639	喚: frequency-order position 2128; corpus frequency rank 2133; 42 appearances (0.00347%); Unihan kRSUnicode 30.9; Kangxi radical 30 口; Unihan kRSUnicode single radical assignment.	[]	"[""chinese"",""traditional"",""radicals"",""frequency"",""character-to-radical"",""one-way"",""part-11""]"
zh-traditional-radicals-frequency-xi/2129/character-to-radical	XI	vocabulary	2129	zh-Hant	zh-Hant	蜘	"[""虫""]"	[]		"[""zh-Hant.frequency.2134"",""zh.radical.kangxi.142""]"	[]	[]	sources/characters.tsv	frequency-order position 2129; corpus frequency rank 2134; Ministry common-character number 3654	蜘: frequency-order position 2129; corpus frequency rank 2134; 42 appearances (0.00347%); Unihan kRSUnicode 142.8; Kangxi radical 142 虫; Unihan kRSUnicode single radical assignment.	[]	"[""chinese"",""traditional"",""radicals"",""frequency"",""character-to-radical"",""one-way"",""part-11""]"
zh-traditional-radicals-frequency-xi/2130/character-to-radical	XI	vocabulary	2130	zh-Hant	zh-Hant	哼	"[""口""]"	[]		"[""zh-Hant.frequency.2135"",""zh.radical.kangxi.030""]"	[]	[]	sources/characters.tsv	frequency-order position 2130; corpus frequency rank 2135; Ministry common-character number 586	哼: frequency-order position 2130; corpus frequency rank 2135; 42 appearances (0.00347%); Unihan kRSUnicode 30.7; Kangxi radical 30 口; Unihan kRSUnicode single radical assignment.	[]	"[""chinese"",""traditional"",""radicals"",""frequency"",""character-to-radical"",""one-way"",""part-11""]"
zh-traditional-radicals-frequency-xi/2131/character-to-radical	XI	vocabulary	2131	zh-Hant	zh-Hant	擬	"[""手""]"	[]		"[""zh-Hant.frequency.2136"",""zh.radical.kangxi.064""]"	[]	[]	sources/characters.tsv	frequency-order position 2131; corpus frequency rank 2136; Ministry common-character number 1695	擬: frequency-order position 2131; corpus frequency rank 2136; 42 appearances (0.00347%); Unihan kRSUnicode 64.14; Kangxi radical 64 手; Unihan kRSUnicode single radical assignment.	[]	"[""chinese"",""traditional"",""radicals"",""frequency"",""character-to-radical"",""one-way"",""part-11""]"
zh-traditional-radicals-frequency-xi/2132/character-to-radical	XI	vocabulary	2132	zh-Hant	zh-Hant	醜	"[""酉""]"	[]		"[""zh-Hant.frequency.2137"",""zh.radical.kangxi.164""]"	[]	[]	sources/characters.tsv	frequency-order position 2132; corpus frequency rank 2137; Ministry common-character number 4247	醜: frequency-order position 2132; corpus frequency rank 2137; 42 appearances (0.00347%); Unihan kRSUnicode 164.10; Kangxi radical 164 酉; Unihan kRSUnicode single radical assignment.	[]	"[""chinese"",""traditional"",""radicals"",""frequency"",""character-to-radical"",""one-way"",""part-11""]"
zh-traditional-radicals-frequency-xi/2133/character-to-radical	XI	vocabulary	2133	zh-Hant	zh-Hant	驕	"[""馬""]"	[]		"[""zh-Hant.frequency.2138"",""zh.radical.kangxi.187""]"	[]	[]	sources/characters.tsv	frequency-order position 2133; corpus frequency rank 2138; Ministry common-character number 4649	驕: frequency-order position 2133; corpus frequency rank 2138; 42 appearances (0.00347%); Unihan kRSUnicode 187.12; Kangxi radical 187 馬; Unihan kRSUnicode single radical assignment.	[]	"[""chinese"",""traditional"",""radicals"",""frequency"",""character-to-radical"",""one-way"",""part-11""]"
zh-traditional-radicals-frequency-xi/2134/character-to-radical	XI	vocabulary	2134	zh-Hant	zh-Hant	藻	"[""艸""]"	[]		"[""zh-Hant.frequency.2139"",""zh.radical.kangxi.140""]"	[]	[]	sources/characters.tsv	frequency-order position 2134; corpus frequency rank 2139; Ministry common-character number 3591	藻: frequency-order position 2134; corpus frequency rank 2139; 42 appearances (0.00347%); Unihan kRSUnicode 140.16; Kangxi radical 140 艸; Unihan kRSUnicode single radical assignment.	[]	"[""chinese"",""traditional"",""radicals"",""frequency"",""character-to-radical"",""one-way"",""part-11""]"
zh-traditional-radicals-frequency-xi/2135/character-to-radical	XI	vocabulary	2135	zh-Hant	zh-Hant	囊	"[""口""]"	[]		"[""zh-Hant.frequency.2140"",""zh.radical.kangxi.030""]"	[]	[]	sources/characters.tsv	frequency-order position 2135; corpus frequency rank 2140; Ministry common-character number 720	囊: frequency-order position 2135; corpus frequency rank 2140; 42 appearances (0.00347%); Unihan kRSUnicode 30.19 145.17; Kangxi radical 30 口; Multiple Unihan possibilities; conventional Traditional dictionary radical 口 selected.	[]	"[""chinese"",""traditional"",""radicals"",""frequency"",""character-to-radical"",""one-way"",""part-11""]"
zh-traditional-radicals-frequency-xi/2136/character-to-radical	XI	vocabulary	2136	zh-Hant	zh-Hant	昌	"[""日""]"	[]		"[""zh-Hant.frequency.2141"",""zh.radical.kangxi.072""]"	[]	[]	sources/characters.tsv	frequency-order position 2136; corpus frequency rank 2141; Ministry common-character number 1781	昌: frequency-order position 2136; corpus frequency rank 2141; 41 appearances (0.00339%); Unihan kRSUnicode 72.4; Kangxi radical 72 日; Unihan kRSUnicode single radical assignment.	[]	"[""chinese"",""traditional"",""radicals"",""frequency"",""character-to-radical"",""one-way"",""part-11""]"
zh-traditional-radicals-frequency-xi/2137/character-to-radical	XI	vocabulary	2137	zh-Hant	zh-Hant	畜	"[""田""]"	[]		"[""zh-Hant.frequency.2142"",""zh.radical.kangxi.102""]"	[]	[]	sources/characters.tsv	frequency-order position 2137; corpus frequency rank 2142; Ministry common-character number 2643	畜: frequency-order position 2137; corpus frequency rank 2142; 41 appearances (0.00339%); Unihan kRSUnicode 102.5; Kangxi radical 102 田; Unihan kRSUnicode single radical assignment.	[]	"[""chinese"",""traditional"",""radicals"",""frequency"",""character-to-radical"",""one-way"",""part-11""]"
zh-traditional-radicals-frequency-xi/2138/character-to-radical	XI	vocabulary	2138	zh-Hant	zh-Hant	泣	"[""水""]"	[]		"[""zh-Hant.frequency.2143"",""zh.radical.kangxi.085""]"	[]	[]	sources/characters.tsv	frequency-order position 2138; corpus frequency rank 2143; Ministry common-character number 2156	泣: frequency-order position 2138; corpus frequency rank 2143; 41 appearances (0.00339%); Unihan kRSUnicode 85.5; Kangxi radical 85 水; Unihan kRSUnicode single radical assignment.	[]	"[""chinese"",""traditional"",""radicals"",""frequency"",""character-to-radical"",""one-way"",""part-11""]"
zh-traditional-radicals-frequency-xi/2139/character-to-radical	XI	vocabulary	2139	zh-Hant	zh-Hant	軌	"[""車""]"	[]		"[""zh-Hant.frequency.2144"",""zh.radical.kangxi.159""]"	[]	[]	sources/characters.tsv	frequency-order position 2139; corpus frequency rank 2144; Ministry common-character number 4064	軌: frequency-order position 2139; corpus frequency rank 2144; 41 appearances (0.00339%); Unihan kRSUnicode 159.2; Kangxi radical 159 車; Unihan kRSUnicode single radical assignment.	[]	"[""chinese"",""traditional"",""radicals"",""frequency"",""character-to-radical"",""one-way"",""part-11""]"
zh-traditional-radicals-frequency-xi/2140/character-to-radical	XI	vocabulary	2140	zh-Hant	zh-Hant	芭	"[""艸""]"	[]		"[""zh-Hant.frequency.2145"",""zh.radical.kangxi.140""]"	[]	[]	sources/characters.tsv	frequency-order position 2140; corpus frequency rank 2145; Ministry common-character number 3435	芭: frequency-order position 2140; corpus frequency rank 2145; 41 appearances (0.00339%); Unihan kRSUnicode 140.4; Kangxi radical 140 艸; Unihan kRSUnicode single radical assignment.	[]	"[""chinese"",""traditional"",""radicals"",""frequency"",""character-to-radical"",""one-way"",""part-11""]"
zh-traditional-radicals-frequency-xi/2141/character-to-radical	XI	vocabulary	2141	zh-Hant	zh-Hant	邱	"[""邑""]"	[]		"[""zh-Hant.frequency.2146"",""zh.radical.kangxi.163""]"	[]	[]	sources/characters.tsv	frequency-order position 2141; corpus frequency rank 2146; Ministry common-character number 4207	邱: frequency-order position 2141; corpus frequency rank 2146; 41 appearances (0.00339%); Unihan kRSUnicode 163.5; Kangxi radical 163 邑; Unihan kRSUnicode single radical assignment.	[]	"[""chinese"",""traditional"",""radicals"",""frequency"",""character-to-radical"",""one-way"",""part-11""]"
zh-traditional-radicals-frequency-xi/2142/character-to-radical	XI	vocabulary	2142	zh-Hant	zh-Hant	妨	"[""女""]"	[]		"[""zh-Hant.frequency.2147"",""zh.radical.kangxi.038""]"	[]	[]	sources/characters.tsv	frequency-order position 2142; corpus frequency rank 2147; Ministry common-character number 889	妨: frequency-order position 2142; corpus frequency rank 2147; 41 appearances (0.00339%); Unihan kRSUnicode 38.4; Kangxi radical 38 女; Unihan kRSUnicode single radical assignment.	[]	"[""chinese"",""traditional"",""radicals"",""frequency"",""character-to-radical"",""one-way"",""part-11""]"
zh-traditional-radicals-frequency-xi/2143/character-to-radical	XI	vocabulary	2143	zh-Hant	zh-Hant	傍	"[""人""]"	[]		"[""zh-Hant.frequency.2148"",""zh.radical.kangxi.009""]"	[]	[]	sources/characters.tsv	frequency-order position 2143; corpus frequency rank 2148; Ministry common-character number 218	傍: frequency-order position 2143; corpus frequency rank 2148; 41 appearances (0.00339%); Unihan kRSUnicode 9.10; Kangxi radical 9 人; Unihan kRSUnicode single radical assignment.	[]	"[""chinese"",""traditional"",""radicals"",""frequency"",""character-to-radical"",""one-way"",""part-11""]"
zh-traditional-radicals-frequency-xi/2144/character-to-radical	XI	vocabulary	2144	zh-Hant	zh-Hant	閔	"[""門""]"	[]		"[""zh-Hant.frequency.2149"",""zh.radical.kangxi.169""]"	[]	[]	sources/characters.tsv	frequency-order position 2144; corpus frequency rank 2149; Ministry common-character number 4374	閔: frequency-order position 2144; corpus frequency rank 2149; 41 appearances (0.00339%); Unihan kRSUnicode 169.4; Kangxi radical 169 門; Unihan kRSUnicode single radical assignment.	[]	"[""chinese"",""traditional"",""radicals"",""frequency"",""character-to-radical"",""one-way"",""part-11""]"
zh-traditional-radicals-frequency-xi/2145/character-to-radical	XI	vocabulary	2145	zh-Hant	zh-Hant	椎	"[""木""]"	[]		"[""zh-Hant.frequency.2150"",""zh.radical.kangxi.075""]"	[]	[]	sources/characters.tsv	frequency-order position 2145; corpus frequency rank 2150; Ministry common-character number 1970	椎: frequency-order position 2145; corpus frequency rank 2150; 41 appearances (0.00339%); Unihan kRSUnicode 75.8; Kangxi radical 75 木; Unihan kRSUnicode single radical assignment.	[]	"[""chinese"",""traditional"",""radicals"",""frequency"",""character-to-radical"",""one-way"",""part-11""]"
zh-traditional-radicals-frequency-xi/2146/character-to-radical	XI	vocabulary	2146	zh-Hant	zh-Hant	瑰	"[""玉""]"	[]		"[""zh-Hant.frequency.2151"",""zh.radical.kangxi.096""]"	[]	[]	sources/characters.tsv	frequency-order position 2146; corpus frequency rank 2151; Ministry common-character number 2597	瑰: frequency-order position 2146; corpus frequency rank 2151; 41 appearances (0.00339%); Unihan kRSUnicode 96.10; Kangxi radical 96 玉; Unihan kRSUnicode single radical assignment.	[]	"[""chinese"",""traditional"",""radicals"",""frequency"",""character-to-radical"",""one-way"",""part-11""]"
zh-traditional-radicals-frequency-xi/2147/character-to-radical	XI	vocabulary	2147	zh-Hant	zh-Hant	擅	"[""手""]"	[]		"[""zh-Hant.frequency.2152"",""zh.radical.kangxi.064""]"	[]	[]	sources/characters.tsv	frequency-order position 2147; corpus frequency rank 2152; Ministry common-character number 1676	擅: frequency-order position 2147; corpus frequency rank 2152; 41 appearances (0.00339%); Unihan kRSUnicode 64.13; Kangxi radical 64 手; Unihan kRSUnicode single radical assignment.	[]	"[""chinese"",""traditional"",""radicals"",""frequency"",""character-to-radical"",""one-way"",""part-11""]"
zh-traditional-radicals-frequency-xi/2148/character-to-radical	XI	vocabulary	2148	zh-Hant	zh-Hant	遞	"[""辵""]"	[]		"[""zh-Hant.frequency.2153"",""zh.radical.kangxi.162""]"	[]	[]	sources/characters.tsv	frequency-order position 2148; corpus frequency rank 2153; Ministry common-character number 4177	遞: frequency-order position 2148; corpus frequency rank 2153; 41 appearances (0.00339%); Unihan kRSUnicode 162.10; Kangxi radical 162 辵; Unihan kRSUnicode single radical assignment.	[]	"[""chinese"",""traditional"",""radicals"",""frequency"",""character-to-radical"",""one-way"",""part-11""]"
zh-traditional-radicals-frequency-xi/2149/character-to-radical	XI	vocabulary	2149	zh-Hant	zh-Hant	寵	"[""宀""]"	[]		"[""zh-Hant.frequency.2154"",""zh.radical.kangxi.040""]"	[]	[]	sources/characters.tsv	frequency-order position 2149; corpus frequency rank 2154; Ministry common-character number 1055	寵: frequency-order position 2149; corpus frequency rank 2154; 41 appearances (0.00339%); Unihan kRSUnicode 40.16; Kangxi radical 40 宀; Unihan kRSUnicode single radical assignment.	[]	"[""chinese"",""traditional"",""radicals"",""frequency"",""character-to-radical"",""one-way"",""part-11""]"
zh-traditional-radicals-frequency-xi/2150/character-to-radical	XI	vocabulary	2150	zh-Hant	zh-Hant	憤	"[""心""]"	[]		"[""zh-Hant.frequency.2155"",""zh.radical.kangxi.061""]"	[]	[]	sources/characters.tsv	frequency-order position 2150; corpus frequency rank 2155; Ministry common-character number 1440	憤: frequency-order position 2150; corpus frequency rank 2155; 41 appearances (0.00339%); Unihan kRSUnicode 61.12; Kangxi radical 61 心; Unihan kRSUnicode single radical assignment.	[]	"[""chinese"",""traditional"",""radicals"",""frequency"",""character-to-radical"",""one-way"",""part-11""]"
zh-traditional-radicals-frequency-xi/2151/character-to-radical	XI	vocabulary	2151	zh-Hant	zh-Hant	嬰	"[""女""]"	[]		"[""zh-Hant.frequency.2156"",""zh.radical.kangxi.038""]"	[]	[]	sources/characters.tsv	frequency-order position 2151; corpus frequency rank 2156; Ministry common-character number 977	嬰: frequency-order position 2151; corpus frequency rank 2156; 41 appearances (0.00339%); Unihan kRSUnicode 38.14; Kangxi radical 38 女; Unihan kRSUnicode single radical assignment.	[]	"[""chinese"",""traditional"",""radicals"",""frequency"",""character-to-radical"",""one-way"",""part-11""]"
zh-traditional-radicals-frequency-xi/2152/character-to-radical	XI	vocabulary	2152	zh-Hant	zh-Hant	謀	"[""言""]"	[]		"[""zh-Hant.frequency.2157"",""zh.radical.kangxi.149""]"	[]	[]	sources/characters.tsv	frequency-order position 2152; corpus frequency rank 2157; Ministry common-character number 3862	謀: frequency-order position 2152; corpus frequency rank 2157; 41 appearances (0.00339%); Unihan kRSUnicode 149.9; Kangxi radical 149 言; Unihan kRSUnicode single radical assignment.	[]	"[""chinese"",""traditional"",""radicals"",""frequency"",""character-to-radical"",""one-way"",""part-11""]"
zh-traditional-radicals-frequency-xi/2153/character-to-radical	XI	vocabulary	2153	zh-Hant	zh-Hant	嚷	"[""口""]"	[]		"[""zh-Hant.frequency.2158"",""zh.radical.kangxi.030""]"	[]	[]	sources/characters.tsv	frequency-order position 2153; corpus frequency rank 2158; Ministry common-character number 712	嚷: frequency-order position 2153; corpus frequency rank 2158; 41 appearances (0.00339%); Unihan kRSUnicode 30.17; Kangxi radical 30 口; Unihan kRSUnicode single radical assignment.	[]	"[""chinese"",""traditional"",""radicals"",""frequency"",""character-to-radical"",""one-way"",""part-11""]"
zh-traditional-radicals-frequency-xi/2154/character-to-radical	XI	vocabulary	2154	zh-Hant	zh-Hant	罷	"[""网""]"	[]		"[""zh-Hant.frequency.2159"",""zh.radical.kangxi.122""]"	[]	[]	sources/characters.tsv	frequency-order position 2154; corpus frequency rank 2159; Ministry common-character number 3211	罷: frequency-order position 2154; corpus frequency rank 2159; 41 appearances (0.00339%); Unihan kRSUnicode 122.10; Kangxi radical 122 网; Unihan kRSUnicode single radical assignment.	[]	"[""chinese"",""traditional"",""radicals"",""frequency"",""character-to-radical"",""one-way"",""part-11""]"
zh-traditional-radicals-frequency-xi/2155/character-to-radical	XI	vocabulary	2155	zh-Hant	zh-Hant	驅	"[""馬""]"	[]		"[""zh-Hant.frequency.2160"",""zh.radical.kangxi.187""]"	[]	[]	sources/characters.tsv	frequency-order position 2155; corpus frequency rank 2160; Ministry common-character number 4645	驅: frequency-order position 2155; corpus frequency rank 2160; 41 appearances (0.00339%); Unihan kRSUnicode 187.11; Kangxi radical 187 馬; Unihan kRSUnicode single radical assignment.	[]	"[""chinese"",""traditional"",""radicals"",""frequency"",""character-to-radical"",""one-way"",""part-11""]"
zh-traditional-radicals-frequency-xi/2156/character-to-radical	XI	vocabulary	2156	zh-Hant	zh-Hant	鑿	"[""金""]"	[]		"[""zh-Hant.frequency.2161"",""zh.radical.kangxi.167""]"	[]	[]	sources/characters.tsv	frequency-order position 2156; corpus frequency rank 2161; Ministry common-character number 4368	鑿: frequency-order position 2156; corpus frequency rank 2161; 41 appearances (0.00339%); Unihan kRSUnicode 167.19; Kangxi radical 167 金; Unihan kRSUnicode single radical assignment.	[]	"[""chinese"",""traditional"",""radicals"",""frequency"",""character-to-radical"",""one-way"",""part-11""]"
zh-traditional-radicals-frequency-xi/2157/character-to-radical	XI	vocabulary	2157	zh-Hant	zh-Hant	扣	"[""手""]"	[]		"[""zh-Hant.frequency.2163"",""zh.radical.kangxi.064""]"	[]	[]	sources/characters.tsv	frequency-order position 2157; corpus frequency rank 2163; Ministry common-character number 1501	扣: frequency-order position 2157; corpus frequency rank 2163; 40 appearances (0.00331%); Unihan kRSUnicode 64.3; Kangxi radical 64 手; Unihan kRSUnicode single radical assignment.	[]	"[""chinese"",""traditional"",""radicals"",""frequency"",""character-to-radical"",""one-way"",""part-11""]"
zh-traditional-radicals-frequency-xi/2158/character-to-radical	XI	vocabulary	2158	zh-Hant	zh-Hant	仗	"[""人""]"	[]		"[""zh-Hant.frequency.2164"",""zh.radical.kangxi.009""]"	[]	[]	sources/characters.tsv	frequency-order position 2158; corpus frequency rank 2164; Ministry common-character number 83	仗: frequency-order position 2158; corpus frequency rank 2164; 40 appearances (0.00331%); Unihan kRSUnicode 9.3; Kangxi radical 9 人; Unihan kRSUnicode single radical assignment.	[]	"[""chinese"",""traditional"",""radicals"",""frequency"",""character-to-radical"",""one-way"",""part-11""]"
zh-traditional-radicals-frequency-xi/2159/character-to-radical	XI	vocabulary	2159	zh-Hant	zh-Hant	征	"[""彳""]"	[]		"[""zh-Hant.frequency.2165"",""zh.radical.kangxi.060""]"	[]	[]	sources/characters.tsv	frequency-order position 2159; corpus frequency rank 2165; Ministry common-character number 1279	征: frequency-order position 2159; corpus frequency rank 2165; 40 appearances (0.00331%); Unihan kRSUnicode 60.5; Kangxi radical 60 彳; Unihan kRSUnicode single radical assignment.	[]	"[""chinese"",""traditional"",""radicals"",""frequency"",""character-to-radical"",""one-way"",""part-11""]"
zh-traditional-radicals-frequency-xi/2160/character-to-radical	XI	vocabulary	2160	zh-Hant	zh-Hant	宿	"[""宀""]"	[]		"[""zh-Hant.frequency.2166"",""zh.radical.kangxi.040""]"	[]	[]	sources/characters.tsv	frequency-order position 2160; corpus frequency rank 2166; Ministry common-character number 1036	宿: frequency-order position 2160; corpus frequency rank 2166; 40 appearances (0.00331%); Unihan kRSUnicode 40.8; Kangxi radical 40 宀; Unihan kRSUnicode single radical assignment.	[]	"[""chinese"",""traditional"",""radicals"",""frequency"",""character-to-radical"",""one-way"",""part-11""]"
zh-traditional-radicals-frequency-xi/2161/character-to-radical	XI	vocabulary	2161	zh-Hant	zh-Hant	牡	"[""牛""]"	[]		"[""zh-Hant.frequency.2167"",""zh.radical.kangxi.093""]"	[]	[]	sources/characters.tsv	frequency-order position 2161; corpus frequency rank 2167; Ministry common-character number 2490	牡: frequency-order position 2161; corpus frequency rank 2167; 40 appearances (0.00331%); Unihan kRSUnicode 93.3; Kangxi radical 93 牛; Unihan kRSUnicode single radical assignment.	[]	"[""chinese"",""traditional"",""radicals"",""frequency"",""character-to-radical"",""one-way"",""part-11""]"
zh-traditional-radicals-frequency-xi/2162/character-to-radical	XI	vocabulary	2162	zh-Hant	zh-Hant	昭	"[""日""]"	[]		"[""zh-Hant.frequency.2168"",""zh.radical.kangxi.072""]"	[]	[]	sources/characters.tsv	frequency-order position 2162; corpus frequency rank 2168; Ministry common-character number 1788	昭: frequency-order position 2162; corpus frequency rank 2168; 40 appearances (0.00331%); Unihan kRSUnicode 72.5; Kangxi radical 72 日; Unihan kRSUnicode single radical assignment.	[]	"[""chinese"",""traditional"",""radicals"",""frequency"",""character-to-radical"",""one-way"",""part-11""]"
zh-traditional-radicals-frequency-xi/2163/character-to-radical	XI	vocabulary	2163	zh-Hant	zh-Hant	浩	"[""水""]"	[]		"[""zh-Hant.frequency.2169"",""zh.radical.kangxi.085""]"	[]	[]	sources/characters.tsv	frequency-order position 2163; corpus frequency rank 2169; Ministry common-character number 2213	浩: frequency-order position 2163; corpus frequency rank 2169; 40 appearances (0.00331%); Unihan kRSUnicode 85.7; Kangxi radical 85 水; Unihan kRSUnicode single radical assignment.	[]	"[""chinese"",""traditional"",""radicals"",""frequency"",""character-to-radical"",""one-way"",""part-11""]"
zh-traditional-radicals-frequency-xi/2164/character-to-radical	XI	vocabulary	2164	zh-Hant	zh-Hant	泰	"[""水""]"	[]		"[""zh-Hant.frequency.2170"",""zh.radical.kangxi.085""]"	[]	[]	sources/characters.tsv	frequency-order position 2164; corpus frequency rank 2170; Ministry common-character number 2184	泰: frequency-order position 2164; corpus frequency rank 2170; 40 appearances (0.00331%); Unihan kRSUnicode 85.5; Kangxi radical 85 水; Unihan kRSUnicode single radical assignment.	[]	"[""chinese"",""traditional"",""radicals"",""frequency"",""character-to-radical"",""one-way"",""part-11""]"
zh-traditional-radicals-frequency-xi/2165/character-to-radical	XI	vocabulary	2165	zh-Hant	zh-Hant	枚	"[""木""]"	[]		"[""zh-Hant.frequency.2171"",""zh.radical.kangxi.075""]"	[]	[]	sources/characters.tsv	frequency-order position 2165; corpus frequency rank 2171; Ministry common-character number 1889	枚: frequency-order position 2165; corpus frequency rank 2171; 40 appearances (0.00331%); Unihan kRSUnicode 75.4; Kangxi radical 75 木; Unihan kRSUnicode single radical assignment.	[]	"[""chinese"",""traditional"",""radicals"",""frequency"",""character-to-radical"",""one-way"",""part-11""]"
zh-traditional-radicals-frequency-xi/2166/character-to-radical	XI	vocabulary	2166	zh-Hant	zh-Hant	滋	"[""水""]"	[]		"[""zh-Hant.frequency.2172"",""zh.radical.kangxi.085""]"	[]	[]	sources/characters.tsv	frequency-order position 2166; corpus frequency rank 2172; Ministry common-character number 2274	滋: frequency-order position 2166; corpus frequency rank 2172; 40 appearances (0.00331%); Unihan kRSUnicode 85.9 85.10; Kangxi radical 85 水; Unihan lists two residual-stroke counts under the same radical 水.	[]	"[""chinese"",""traditional"",""radicals"",""frequency"",""character-to-radical"",""one-way"",""part-11""]"
zh-traditional-radicals-frequency-xi/2167/character-to-radical	XI	vocabulary	2167	zh-Hant	zh-Hant	漲	"[""水""]"	[]		"[""zh-Hant.frequency.2173"",""zh.radical.kangxi.085""]"	[]	[]	sources/characters.tsv	frequency-order position 2167; corpus frequency rank 2173; Ministry common-character number 2314	漲: frequency-order position 2167; corpus frequency rank 2173; 40 appearances (0.00331%); Unihan kRSUnicode 85.11; Kangxi radical 85 水; Unihan kRSUnicode single radical assignment.	[]	"[""chinese"",""traditional"",""radicals"",""frequency"",""character-to-radical"",""one-way"",""part-11""]"
zh-traditional-radicals-frequency-xi/2168/character-to-radical	XI	vocabulary	2168	zh-Hant	zh-Hant	漏	"[""水""]"	[]		"[""zh-Hant.frequency.2174"",""zh.radical.kangxi.085""]"	[]	[]	sources/characters.tsv	frequency-order position 2168; corpus frequency rank 2174; Ministry common-character number 2306	漏: frequency-order position 2168; corpus frequency rank 2174; 40 appearances (0.00331%); Unihan kRSUnicode 85.11; Kangxi radical 85 水; Unihan kRSUnicode single radical assignment.	[]	"[""chinese"",""traditional"",""radicals"",""frequency"",""character-to-radical"",""one-way"",""part-11""]"
zh-traditional-radicals-frequency-xi/2169/character-to-radical	XI	vocabulary	2169	zh-Hant	zh-Hant	噹	"[""口""]"	[]		"[""zh-Hant.frequency.2175"",""zh.radical.kangxi.030""]"	[]	[]	sources/characters.tsv	frequency-order position 2169; corpus frequency rank 2175; Ministry common-character number 690	噹: frequency-order position 2169; corpus frequency rank 2175; 40 appearances (0.00331%); Unihan kRSUnicode 30.13; Kangxi radical 30 口; Unihan kRSUnicode single radical assignment.	[]	"[""chinese"",""traditional"",""radicals"",""frequency"",""character-to-radical"",""one-way"",""part-11""]"
zh-traditional-radicals-frequency-xi/2170/character-to-radical	XI	vocabulary	2170	zh-Hant	zh-Hant	嬌	"[""女""]"	[]		"[""zh-Hant.frequency.2176"",""zh.radical.kangxi.038""]"	[]	[]	sources/characters.tsv	frequency-order position 2170; corpus frequency rank 2176; Ministry common-character number 974	嬌: frequency-order position 2170; corpus frequency rank 2176; 40 appearances (0.00331%); Unihan kRSUnicode 38.12; Kangxi radical 38 女; Unihan kRSUnicode single radical assignment.	[]	"[""chinese"",""traditional"",""radicals"",""frequency"",""character-to-radical"",""one-way"",""part-11""]"
zh-traditional-radicals-frequency-xi/2171/character-to-radical	XI	vocabulary	2171	zh-Hant	zh-Hant	魂	"[""鬼""]"	[]		"[""zh-Hant.frequency.2177"",""zh.radical.kangxi.194""]"	[]	[]	sources/characters.tsv	frequency-order position 2171; corpus frequency rank 2177; Ministry common-character number 4685	魂: frequency-order position 2171; corpus frequency rank 2177; 40 appearances (0.00331%); Unihan kRSUnicode 194.4; Kangxi radical 194 鬼; Unihan kRSUnicode single radical assignment.	[]	"[""chinese"",""traditional"",""radicals"",""frequency"",""character-to-radical"",""one-way"",""part-11""]"
zh-traditional-radicals-frequency-xi/2172/character-to-radical	XI	vocabulary	2172	zh-Hant	zh-Hant	瞭	"[""目""]"	[]		"[""zh-Hant.frequency.2178"",""zh.radical.kangxi.109""]"	[]	[]	sources/characters.tsv	frequency-order position 2172; corpus frequency rank 2178; Ministry common-character number 2806	瞭: frequency-order position 2172; corpus frequency rank 2178; 40 appearances (0.00331%); Unihan kRSUnicode 109.12; Kangxi radical 109 目; Unihan kRSUnicode single radical assignment.	[]	"[""chinese"",""traditional"",""radicals"",""frequency"",""character-to-radical"",""one-way"",""part-11""]"
zh-traditional-radicals-frequency-xi/2173/character-to-radical	XI	vocabulary	2173	zh-Hant	zh-Hant	褐	"[""衣""]"	[]		"[""zh-Hant.frequency.2179"",""zh.radical.kangxi.145""]"	[]	[]	sources/characters.tsv	frequency-order position 2173; corpus frequency rank 2179; Ministry common-character number 3743	褐: frequency-order position 2173; corpus frequency rank 2179; 40 appearances (0.00331%); Unihan kRSUnicode 145.9; Kangxi radical 145 衣; Unihan kRSUnicode single radical assignment.	[]	"[""chinese"",""traditional"",""radicals"",""frequency"",""character-to-radical"",""one-way"",""part-11""]"
zh-traditional-radicals-frequency-xi/2174/character-to-radical	XI	vocabulary	2174	zh-Hant	zh-Hant	遼	"[""辵""]"	[]		"[""zh-Hant.frequency.2180"",""zh.radical.kangxi.162""]"	[]	[]	sources/characters.tsv	frequency-order position 2174; corpus frequency rank 2180; Ministry common-character number 4187	遼: frequency-order position 2174; corpus frequency rank 2180; 40 appearances (0.00331%); Unihan kRSUnicode 162.12; Kangxi radical 162 辵; Unihan kRSUnicode single radical assignment.	[]	"[""chinese"",""traditional"",""radicals"",""frequency"",""character-to-radical"",""one-way"",""part-11""]"
zh-traditional-radicals-frequency-xi/2175/character-to-radical	XI	vocabulary	2175	zh-Hant	zh-Hant	霜	"[""雨""]"	[]		"[""zh-Hant.frequency.2181"",""zh.radical.kangxi.173""]"	[]	[]	sources/characters.tsv	frequency-order position 2175; corpus frequency rank 2181; Ministry common-character number 4487	霜: frequency-order position 2175; corpus frequency rank 2181; 40 appearances (0.00331%); Unihan kRSUnicode 173.9; Kangxi radical 173 雨; Unihan kRSUnicode single radical assignment.	[]	"[""chinese"",""traditional"",""radicals"",""frequency"",""character-to-radical"",""one-way"",""part-11""]"
zh-traditional-radicals-frequency-xi/2176/character-to-radical	XI	vocabulary	2176	zh-Hant	zh-Hant	嶺	"[""山""]"	[]		"[""zh-Hant.frequency.2182"",""zh.radical.kangxi.046""]"	[]	[]	sources/characters.tsv	frequency-order position 2176; corpus frequency rank 2182; Ministry common-character number 1139	嶺: frequency-order position 2176; corpus frequency rank 2182; 40 appearances (0.00331%); Unihan kRSUnicode 46.14; Kangxi radical 46 山; Unihan kRSUnicode single radical assignment.	[]	"[""chinese"",""traditional"",""radicals"",""frequency"",""character-to-radical"",""one-way"",""part-11""]"
zh-traditional-radicals-frequency-xi/2177/character-to-radical	XI	vocabulary	2177	zh-Hant	zh-Hant	隙	"[""阜""]"	[]		"[""zh-Hant.frequency.2183"",""zh.radical.kangxi.170""]"	[]	[]	sources/characters.tsv	frequency-order position 2177; corpus frequency rank 2183; Ministry common-character number 4440	隙: frequency-order position 2177; corpus frequency rank 2183; 40 appearances (0.00331%); Unihan kRSUnicode 170.10; Kangxi radical 170 阜; Unihan kRSUnicode single radical assignment.	[]	"[""chinese"",""traditional"",""radicals"",""frequency"",""character-to-radical"",""one-way"",""part-11""]"
zh-traditional-radicals-frequency-xi/2178/character-to-radical	XI	vocabulary	2178	zh-Hant	zh-Hant	闖	"[""門""]"	[]		"[""zh-Hant.frequency.2184"",""zh.radical.kangxi.169""]"	[]	[]	sources/characters.tsv	frequency-order position 2178; corpus frequency rank 2184; Ministry common-character number 4396	闖: frequency-order position 2178; corpus frequency rank 2184; 40 appearances (0.00331%); Unihan kRSUnicode 169.10; Kangxi radical 169 門; Unihan kRSUnicode single radical assignment.	[]	"[""chinese"",""traditional"",""radicals"",""frequency"",""character-to-radical"",""one-way"",""part-11""]"
zh-traditional-radicals-frequency-xi/2179/character-to-radical	XI	vocabulary	2179	zh-Hant	zh-Hant	藺	"[""艸""]"	[]		"[""zh-Hant.frequency.2185"",""zh.radical.kangxi.140""]"	[]	[]	sources/characters.tsv	frequency-order position 2179; corpus frequency rank 2185; Ministry common-character number 3594	藺: frequency-order position 2179; corpus frequency rank 2185; 40 appearances (0.00331%); Unihan kRSUnicode 140.16; Kangxi radical 140 艸; Unihan kRSUnicode single radical assignment.	[]	"[""chinese"",""traditional"",""radicals"",""frequency"",""character-to-radical"",""one-way"",""part-11""]"
zh-traditional-radicals-frequency-xi/2180/character-to-radical	XI	vocabulary	2180	zh-Hant	zh-Hant	枕	"[""木""]"	[]		"[""zh-Hant.frequency.2186"",""zh.radical.kangxi.075""]"	[]	[]	sources/characters.tsv	frequency-order position 2180; corpus frequency rank 2186; Ministry common-character number 1874	枕: frequency-order position 2180; corpus frequency rank 2186; 39 appearances (0.00323%); Unihan kRSUnicode 75.4; Kangxi radical 75 木; Unihan kRSUnicode single radical assignment.	[]	"[""chinese"",""traditional"",""radicals"",""frequency"",""character-to-radical"",""one-way"",""part-11""]"
zh-traditional-radicals-frequency-xi/2181/character-to-radical	XI	vocabulary	2181	zh-Hant	zh-Hant	忌	"[""心""]"	[]		"[""zh-Hant.frequency.2187"",""zh.radical.kangxi.061""]"	[]	[]	sources/characters.tsv	frequency-order position 2181; corpus frequency rank 2187; Ministry common-character number 1310	忌: frequency-order position 2181; corpus frequency rank 2187; 39 appearances (0.00323%); Unihan kRSUnicode 61.3; Kangxi radical 61 心; Unihan kRSUnicode single radical assignment.	[]	"[""chinese"",""traditional"",""radicals"",""frequency"",""character-to-radical"",""one-way"",""part-11""]"
zh-traditional-radicals-frequency-xi/2182/character-to-radical	XI	vocabulary	2182	zh-Hant	zh-Hant	浴	"[""水""]"	[]		"[""zh-Hant.frequency.2188"",""zh.radical.kangxi.085""]"	[]	[]	sources/characters.tsv	frequency-order position 2182; corpus frequency rank 2188; Ministry common-character number 2212	浴: frequency-order position 2182; corpus frequency rank 2188; 39 appearances (0.00323%); Unihan kRSUnicode 85.7; Kangxi radical 85 水; Unihan kRSUnicode single radical assignment.	[]	"[""chinese"",""traditional"",""radicals"",""frequency"",""character-to-radical"",""one-way"",""part-11""]"
zh-traditional-radicals-frequency-xi/2183/character-to-radical	XI	vocabulary	2183	zh-Hant	zh-Hant	紗	"[""糸""]"	[]		"[""zh-Hant.frequency.2189"",""zh.radical.kangxi.120""]"	[]	[]	sources/characters.tsv	frequency-order position 2183; corpus frequency rank 2189; Ministry common-character number 3089	紗: frequency-order position 2183; corpus frequency rank 2189; 39 appearances (0.00323%); Unihan kRSUnicode 120.4; Kangxi radical 120 糸; Unihan kRSUnicode single radical assignment.	[]	"[""chinese"",""traditional"",""radicals"",""frequency"",""character-to-radical"",""one-way"",""part-11""]"
zh-traditional-radicals-frequency-xi/2184/character-to-radical	XI	vocabulary	2184	zh-Hant	zh-Hant	裙	"[""衣""]"	[]		"[""zh-Hant.frequency.2190"",""zh.radical.kangxi.145""]"	[]	[]	sources/characters.tsv	frequency-order position 2184; corpus frequency rank 2190; Ministry common-character number 3728	裙: frequency-order position 2184; corpus frequency rank 2190; 39 appearances (0.00323%); Unihan kRSUnicode 145.7; Kangxi radical 145 衣; Unihan kRSUnicode single radical assignment.	[]	"[""chinese"",""traditional"",""radicals"",""frequency"",""character-to-radical"",""one-way"",""part-11""]"
zh-traditional-radicals-frequency-xi/2185/character-to-radical	XI	vocabulary	2185	zh-Hant	zh-Hant	砝	"[""石""]"	[]		"[""zh-Hant.frequency.2191"",""zh.radical.kangxi.112""]"	[]	[]	sources/characters.tsv	frequency-order position 2185; corpus frequency rank 2191; Ministry common-character number 2832	砝: frequency-order position 2185; corpus frequency rank 2191; 39 appearances (0.00323%); Unihan kRSUnicode 112.5; Kangxi radical 112 石; Unihan kRSUnicode single radical assignment.	[]	"[""chinese"",""traditional"",""radicals"",""frequency"",""character-to-radical"",""one-way"",""part-11""]"
zh-traditional-radicals-frequency-xi/2186/character-to-radical	XI	vocabulary	2186	zh-Hant	zh-Hant	傢	"[""人""]"	[]		"[""zh-Hant.frequency.2192"",""zh.radical.kangxi.009""]"	[]	[]	sources/characters.tsv	frequency-order position 2186; corpus frequency rank 2192; Ministry common-character number 217	傢: frequency-order position 2186; corpus frequency rank 2192; 39 appearances (0.00323%); Unihan kRSUnicode 9.10; Kangxi radical 9 人; Unihan kRSUnicode single radical assignment.	[]	"[""chinese"",""traditional"",""radicals"",""frequency"",""character-to-radical"",""one-way"",""part-11""]"
zh-traditional-radicals-frequency-xi/2187/character-to-radical	XI	vocabulary	2187	zh-Hant	zh-Hant	慎	"[""心""]"	[]		"[""zh-Hant.frequency.2193"",""zh.radical.kangxi.061""]"	[]	[]	sources/characters.tsv	frequency-order position 2187; corpus frequency rank 2193; Ministry common-character number 1408	慎: frequency-order position 2187; corpus frequency rank 2193; 39 appearances (0.00323%); Unihan kRSUnicode 61.10; Kangxi radical 61 心; Unihan kRSUnicode single radical assignment.	[]	"[""chinese"",""traditional"",""radicals"",""frequency"",""character-to-radical"",""one-way"",""part-11""]"
zh-traditional-radicals-frequency-xi/2188/character-to-radical	XI	vocabulary	2188	zh-Hant	zh-Hant	綜	"[""糸""]"	[]		"[""zh-Hant.frequency.2194"",""zh.radical.kangxi.120""]"	[]	[]	sources/characters.tsv	frequency-order position 2188; corpus frequency rank 2194; Ministry common-character number 3131	綜: frequency-order position 2188; corpus frequency rank 2194; 39 appearances (0.00323%); Unihan kRSUnicode 120.8; Kangxi radical 120 糸; Unihan kRSUnicode single radical assignment.	[]	"[""chinese"",""traditional"",""radicals"",""frequency"",""character-to-radical"",""one-way"",""part-11""]"
zh-traditional-radicals-frequency-xi/2189/character-to-radical	XI	vocabulary	2189	zh-Hant	zh-Hant	絃	"[""糸""]"	[]		"[""zh-Hant.frequency.2195"",""zh.radical.kangxi.120""]"	[]	[]	sources/characters.tsv	frequency-order position 2189; corpus frequency rank 2195; Ministry common-character number 3103	絃: frequency-order position 2189; corpus frequency rank 2195; 39 appearances (0.00323%); Unihan kRSUnicode 120.5; Kangxi radical 120 糸; Unihan kRSUnicode single radical assignment.	[]	"[""chinese"",""traditional"",""radicals"",""frequency"",""character-to-radical"",""one-way"",""part-11""]"
zh-traditional-radicals-frequency-xi/2190/character-to-radical	XI	vocabulary	2190	zh-Hant	zh-Hant	碌	"[""石""]"	[]		"[""zh-Hant.frequency.2196"",""zh.radical.kangxi.112""]"	[]	[]	sources/characters.tsv	frequency-order position 2190; corpus frequency rank 2196; Ministry common-character number 2846	碌: frequency-order position 2190; corpus frequency rank 2196; 39 appearances (0.00323%); Unihan kRSUnicode 112.8; Kangxi radical 112 石; Unihan kRSUnicode single radical assignment.	[]	"[""chinese"",""traditional"",""radicals"",""frequency"",""character-to-radical"",""one-way"",""part-11""]"
zh-traditional-radicals-frequency-xi/2191/character-to-radical	XI	vocabulary	2191	zh-Hant	zh-Hant	摔	"[""手""]"	[]		"[""zh-Hant.frequency.2197"",""zh.radical.kangxi.064""]"	[]	[]	sources/characters.tsv	frequency-order position 2191; corpus frequency rank 2197; Ministry common-character number 1651	摔: frequency-order position 2191; corpus frequency rank 2197; 39 appearances (0.00323%); Unihan kRSUnicode 64.11; Kangxi radical 64 手; Unihan kRSUnicode single radical assignment.	[]	"[""chinese"",""traditional"",""radicals"",""frequency"",""character-to-radical"",""one-way"",""part-11""]"
zh-traditional-radicals-frequency-xi/2192/character-to-radical	XI	vocabulary	2192	zh-Hant	zh-Hant	榜	"[""木""]"	[]		"[""zh-Hant.frequency.2198"",""zh.radical.kangxi.075""]"	[]	[]	sources/characters.tsv	frequency-order position 2192; corpus frequency rank 2198; Ministry common-character number 1989	榜: frequency-order position 2192; corpus frequency rank 2198; 39 appearances (0.00323%); Unihan kRSUnicode 75.10; Kangxi radical 75 木; Unihan kRSUnicode single radical assignment.	[]	"[""chinese"",""traditional"",""radicals"",""frequency"",""character-to-radical"",""one-way"",""part-11""]"
zh-traditional-radicals-frequency-xi/2193/character-to-radical	XI	vocabulary	2193	zh-Hant	zh-Hant	潤	"[""水""]"	[]		"[""zh-Hant.frequency.2199"",""zh.radical.kangxi.085""]"	[]	[]	sources/characters.tsv	frequency-order position 2193; corpus frequency rank 2199; Ministry common-character number 2339	潤: frequency-order position 2193; corpus frequency rank 2199; 39 appearances (0.00323%); Unihan kRSUnicode 85.12; Kangxi radical 85 水; Unihan kRSUnicode single radical assignment.	[]	"[""chinese"",""traditional"",""radicals"",""frequency"",""character-to-radical"",""one-way"",""part-11""]"
zh-traditional-radicals-frequency-xi/2194/character-to-radical	XI	vocabulary	2194	zh-Hant	zh-Hant	遣	"[""辵""]"	[]		"[""zh-Hant.frequency.2200"",""zh.radical.kangxi.162""]"	[]	[]	sources/characters.tsv	frequency-order position 2194; corpus frequency rank 2200; Ministry common-character number 4175	遣: frequency-order position 2194; corpus frequency rank 2200; 39 appearances (0.00323%); Unihan kRSUnicode 162.10; Kangxi radical 162 辵; Unihan kRSUnicode single radical assignment.	[]	"[""chinese"",""traditional"",""radicals"",""frequency"",""character-to-radical"",""one-way"",""part-11""]"
zh-traditional-radicals-frequency-xi/2195/character-to-radical	XI	vocabulary	2195	zh-Hant	zh-Hant	濫	"[""水""]"	[]		"[""zh-Hant.frequency.2201"",""zh.radical.kangxi.085""]"	[]	[]	sources/characters.tsv	frequency-order position 2195; corpus frequency rank 2201; Ministry common-character number 2358	濫: frequency-order position 2195; corpus frequency rank 2201; 39 appearances (0.00323%); Unihan kRSUnicode 85.14; Kangxi radical 85 水; Unihan kRSUnicode single radical assignment.	[]	"[""chinese"",""traditional"",""radicals"",""frequency"",""character-to-radical"",""one-way"",""part-11""]"
zh-traditional-radicals-frequency-xi/2196/character-to-radical	XI	vocabulary	2196	zh-Hant	zh-Hant	簽	"[""竹""]"	[]		"[""zh-Hant.frequency.2202"",""zh.radical.kangxi.118""]"	[]	[]	sources/characters.tsv	frequency-order position 2196; corpus frequency rank 2202; Ministry common-character number 3044	簽: frequency-order position 2196; corpus frequency rank 2202; 39 appearances (0.00323%); Unihan kRSUnicode 118.13; Kangxi radical 118 竹; Unihan kRSUnicode single radical assignment.	[]	"[""chinese"",""traditional"",""radicals"",""frequency"",""character-to-radical"",""one-way"",""part-11""]"
zh-traditional-radicals-frequency-xi/2197/character-to-radical	XI	vocabulary	2197	zh-Hant	zh-Hant	驟	"[""馬""]"	[]		"[""zh-Hant.frequency.2203"",""zh.radical.kangxi.187""]"	[]	[]	sources/characters.tsv	frequency-order position 2197; corpus frequency rank 2203; Ministry common-character number 4653	驟: frequency-order position 2197; corpus frequency rank 2203; 39 appearances (0.00323%); Unihan kRSUnicode 187.14; Kangxi radical 187 馬; Unihan kRSUnicode single radical assignment.	[]	"[""chinese"",""traditional"",""radicals"",""frequency"",""character-to-radical"",""one-way"",""part-11""]"
zh-traditional-radicals-frequency-xi/2198/character-to-radical	XI	vocabulary	2198	zh-Hant	zh-Hant	臘	"[""肉""]"	[]		"[""zh-Hant.frequency.2204"",""zh.radical.kangxi.130""]"	[]	[]	sources/characters.tsv	frequency-order position 2198; corpus frequency rank 2204; Ministry common-character number 3379	臘: frequency-order position 2198; corpus frequency rank 2204; 39 appearances (0.00323%); Unihan kRSUnicode 130.15; Kangxi radical 130 肉; Unihan kRSUnicode single radical assignment.	[]	"[""chinese"",""traditional"",""radicals"",""frequency"",""character-to-radical"",""one-way"",""part-11""]"
zh-traditional-radicals-frequency-xi/2199/character-to-radical	XI	vocabulary	2199	zh-Hant	zh-Hant	纖	"[""糸""]"	[]		"[""zh-Hant.frequency.2205"",""zh.radical.kangxi.120""]"	[]	[]	sources/characters.tsv	frequency-order position 2199; corpus frequency rank 2205; Ministry common-character number 3193	纖: frequency-order position 2199; corpus frequency rank 2205; 39 appearances (0.00323%); Unihan kRSUnicode 120.17; Kangxi radical 120 糸; Unihan kRSUnicode single radical assignment.	[]	"[""chinese"",""traditional"",""radicals"",""frequency"",""character-to-radical"",""one-way"",""part-11""]"
zh-traditional-radicals-frequency-xi/2200/character-to-radical	XI	vocabulary	2200	zh-Hant	zh-Hant	歹	"[""歹""]"	[]		"[""zh-Hant.frequency.2206"",""zh.radical.kangxi.078""]"	[]	[]	sources/characters.tsv	frequency-order position 2200; corpus frequency rank 2206; Ministry common-character number 2076	歹: frequency-order position 2200; corpus frequency rank 2206; 38 appearances (0.00314%); Unihan kRSUnicode 78.0; Kangxi radical 78 歹; Unihan kRSUnicode single radical assignment.	[]	"[""chinese"",""traditional"",""radicals"",""frequency"",""character-to-radical"",""one-way"",""part-11""]"
