card_id	deck	kind	source_chapter	prompt_language	answer_language	prompt	accepted_answers	distractors	explanation	lexical_ids	grammar_ids	geographic_ids	provenance_path	provenance_locator	provenance_evidence	examples	tags
zh-traditional-radicals-frequency-xxiv/4601/character-to-radical	XXIV	vocabulary	4601	zh-Hant	zh-Hant	矜	"[""矛""]"	[]		"[""zh-Hant.common.2815"",""zh.radical.kangxi.110""]"	[]	[]	sources/characters.tsv	frequency-order position 4601; Ministry common-character number 2815	矜: frequency-order position 4601; absent from frequency corpus; appended in Ministry common-character-list order; Unihan kRSUnicode 110.4; Kangxi radical 110 矛; Unihan kRSUnicode single radical assignment.	[]	"[""chinese"",""traditional"",""radicals"",""frequency"",""character-to-radical"",""one-way"",""part-24""]"
zh-traditional-radicals-frequency-xxiv/4602/character-to-radical	XXIV	vocabulary	4602	zh-Hant	zh-Hant	砧	"[""石""]"	[]		"[""zh-Hant.common.2830"",""zh.radical.kangxi.112""]"	[]	[]	sources/characters.tsv	frequency-order position 4602; Ministry common-character number 2830	砧: frequency-order position 4602; absent from frequency corpus; appended in Ministry common-character-list order; Unihan kRSUnicode 112.5; Kangxi radical 112 石; Unihan kRSUnicode single radical assignment.	[]	"[""chinese"",""traditional"",""radicals"",""frequency"",""character-to-radical"",""one-way"",""part-24""]"
zh-traditional-radicals-frequency-xxiv/4603/character-to-radical	XXIV	vocabulary	4603	zh-Hant	zh-Hant	砷	"[""石""]"	[]		"[""zh-Hant.common.2834"",""zh.radical.kangxi.112""]"	[]	[]	sources/characters.tsv	frequency-order position 4603; Ministry common-character number 2834	砷: frequency-order position 4603; absent from frequency corpus; appended in Ministry common-character-list order; Unihan kRSUnicode 112.5; Kangxi radical 112 石; Unihan kRSUnicode single radical assignment.	[]	"[""chinese"",""traditional"",""radicals"",""frequency"",""character-to-radical"",""one-way"",""part-24""]"
zh-traditional-radicals-frequency-xxiv/4604/character-to-radical	XXIV	vocabulary	4604	zh-Hant	zh-Hant	砭	"[""石""]"	[]		"[""zh-Hant.common.2836"",""zh.radical.kangxi.112""]"	[]	[]	sources/characters.tsv	frequency-order position 4604; Ministry common-character number 2836	砭: frequency-order position 4604; absent from frequency corpus; appended in Ministry common-character-list order; Unihan kRSUnicode 112.5; Kangxi radical 112 石; Unihan kRSUnicode single radical assignment.	[]	"[""chinese"",""traditional"",""radicals"",""frequency"",""character-to-radical"",""one-way"",""part-24""]"
zh-traditional-radicals-frequency-xxiv/4605/character-to-radical	XXIV	vocabulary	4605	zh-Hant	zh-Hant	碉	"[""石""]"	[]		"[""zh-Hant.common.2847"",""zh.radical.kangxi.112""]"	[]	[]	sources/characters.tsv	frequency-order position 4605; Ministry common-character number 2847	碉: frequency-order position 4605; absent from frequency corpus; appended in Ministry common-character-list order; Unihan kRSUnicode 112.8; Kangxi radical 112 石; Unihan kRSUnicode single radical assignment.	[]	"[""chinese"",""traditional"",""radicals"",""frequency"",""character-to-radical"",""one-way"",""part-24""]"
zh-traditional-radicals-frequency-xxiv/4606/character-to-radical	XXIV	vocabulary	4606	zh-Hant	zh-Hant	磐	"[""石""]"	[]		"[""zh-Hant.common.2862"",""zh.radical.kangxi.112""]"	[]	[]	sources/characters.tsv	frequency-order position 4606; Ministry common-character number 2862	磐: frequency-order position 4606; absent from frequency corpus; appended in Ministry common-character-list order; Unihan kRSUnicode 112.10; Kangxi radical 112 石; Unihan kRSUnicode single radical assignment.	[]	"[""chinese"",""traditional"",""radicals"",""frequency"",""character-to-radical"",""one-way"",""part-24""]"
zh-traditional-radicals-frequency-xxiv/4607/character-to-radical	XXIV	vocabulary	4607	zh-Hant	zh-Hant	磬	"[""石""]"	[]		"[""zh-Hant.common.2865"",""zh.radical.kangxi.112""]"	[]	[]	sources/characters.tsv	frequency-order position 4607; Ministry common-character number 2865	磬: frequency-order position 4607; absent from frequency corpus; appended in Ministry common-character-list order; Unihan kRSUnicode 112.11; Kangxi radical 112 石; Unihan kRSUnicode single radical assignment.	[]	"[""chinese"",""traditional"",""radicals"",""frequency"",""character-to-radical"",""one-way"",""part-24""]"
zh-traditional-radicals-frequency-xxiv/4608/character-to-radical	XXIV	vocabulary	4608	zh-Hant	zh-Hant	磴	"[""石""]"	[]		"[""zh-Hant.common.2868"",""zh.radical.kangxi.112""]"	[]	[]	sources/characters.tsv	frequency-order position 4608; Ministry common-character number 2868	磴: frequency-order position 4608; absent from frequency corpus; appended in Ministry common-character-list order; Unihan kRSUnicode 112.12; Kangxi radical 112 石; Unihan kRSUnicode single radical assignment.	[]	"[""chinese"",""traditional"",""radicals"",""frequency"",""character-to-radical"",""one-way"",""part-24""]"
zh-traditional-radicals-frequency-xxiv/4609/character-to-radical	XXIV	vocabulary	4609	zh-Hant	zh-Hant	礬	"[""石""]"	[]		"[""zh-Hant.common.2875"",""zh.radical.kangxi.112""]"	[]	[]	sources/characters.tsv	frequency-order position 4609; Ministry common-character number 2875	礬: frequency-order position 4609; absent from frequency corpus; appended in Ministry common-character-list order; Unihan kRSUnicode 112.15; Kangxi radical 112 石; Unihan kRSUnicode single radical assignment.	[]	"[""chinese"",""traditional"",""radicals"",""frequency"",""character-to-radical"",""one-way"",""part-24""]"
zh-traditional-radicals-frequency-xxiv/4610/character-to-radical	XXIV	vocabulary	4610	zh-Hant	zh-Hant	祆	"[""示""]"	[]		"[""zh-Hant.common.2881"",""zh.radical.kangxi.113""]"	[]	[]	sources/characters.tsv	frequency-order position 4610; Ministry common-character number 2881	祆: frequency-order position 4610; absent from frequency corpus; appended in Ministry common-character-list order; Unihan kRSUnicode 113.4; Kangxi radical 113 示; Unihan kRSUnicode single radical assignment.	[]	"[""chinese"",""traditional"",""radicals"",""frequency"",""character-to-radical"",""one-way"",""part-24""]"
zh-traditional-radicals-frequency-xxiv/4611/character-to-radical	XXIV	vocabulary	4611	zh-Hant	zh-Hant	祗	"[""示""]"	[]		"[""zh-Hant.common.2892"",""zh.radical.kangxi.113""]"	[]	[]	sources/characters.tsv	frequency-order position 4611; Ministry common-character number 2892	祗: frequency-order position 4611; absent from frequency corpus; appended in Ministry common-character-list order; Unihan kRSUnicode 113.5; Kangxi radical 113 示; Unihan kRSUnicode single radical assignment.	[]	"[""chinese"",""traditional"",""radicals"",""frequency"",""character-to-radical"",""one-way"",""part-24""]"
zh-traditional-radicals-frequency-xxiv/4612/character-to-radical	XXIV	vocabulary	4612	zh-Hant	zh-Hant	祚	"[""示""]"	[]		"[""zh-Hant.common.2893"",""zh.radical.kangxi.113""]"	[]	[]	sources/characters.tsv	frequency-order position 4612; Ministry common-character number 2893	祚: frequency-order position 4612; absent from frequency corpus; appended in Ministry common-character-list order; Unihan kRSUnicode 113.5; Kangxi radical 113 示; Unihan kRSUnicode single radical assignment.	[]	"[""chinese"",""traditional"",""radicals"",""frequency"",""character-to-radical"",""one-way"",""part-24""]"
zh-traditional-radicals-frequency-xxiv/4613/character-to-radical	XXIV	vocabulary	4613	zh-Hant	zh-Hant	穡	"[""禾""]"	[]		"[""zh-Hant.common.2949"",""zh.radical.kangxi.115""]"	[]	[]	sources/characters.tsv	frequency-order position 4613; Ministry common-character number 2949	穡: frequency-order position 4613; absent from frequency corpus; appended in Ministry common-character-list order; Unihan kRSUnicode 115.13; Kangxi radical 115 禾; Unihan kRSUnicode single radical assignment.	[]	"[""chinese"",""traditional"",""radicals"",""frequency"",""character-to-radical"",""one-way"",""part-24""]"
zh-traditional-radicals-frequency-xxiv/4614/character-to-radical	XXIV	vocabulary	4614	zh-Hant	zh-Hant	窠	"[""穴""]"	[]		"[""zh-Hant.common.2967"",""zh.radical.kangxi.116""]"	[]	[]	sources/characters.tsv	frequency-order position 4614; Ministry common-character number 2967	窠: frequency-order position 4614; absent from frequency corpus; appended in Ministry common-character-list order; Unihan kRSUnicode 116.8; Kangxi radical 116 穴; Unihan kRSUnicode single radical assignment.	[]	"[""chinese"",""traditional"",""radicals"",""frequency"",""character-to-radical"",""one-way"",""part-24""]"
zh-traditional-radicals-frequency-xxiv/4615/character-to-radical	XXIV	vocabulary	4615	zh-Hant	zh-Hant	箝	"[""竹""]"	[]		"[""zh-Hant.common.3014"",""zh.radical.kangxi.118""]"	[]	[]	sources/characters.tsv	frequency-order position 4615; Ministry common-character number 3014	箝: frequency-order position 4615; absent from frequency corpus; appended in Ministry common-character-list order; Unihan kRSUnicode 118.8; Kangxi radical 118 竹; Unihan kRSUnicode single radical assignment.	[]	"[""chinese"",""traditional"",""radicals"",""frequency"",""character-to-radical"",""one-way"",""part-24""]"
zh-traditional-radicals-frequency-xxiv/4616/character-to-radical	XXIV	vocabulary	4616	zh-Hant	zh-Hant	篁	"[""竹""]"	[]		"[""zh-Hant.common.3023"",""zh.radical.kangxi.118""]"	[]	[]	sources/characters.tsv	frequency-order position 4616; Ministry common-character number 3023	篁: frequency-order position 4616; absent from frequency corpus; appended in Ministry common-character-list order; Unihan kRSUnicode 118.9; Kangxi radical 118 竹; Unihan kRSUnicode single radical assignment.	[]	"[""chinese"",""traditional"",""radicals"",""frequency"",""character-to-radical"",""one-way"",""part-24""]"
zh-traditional-radicals-frequency-xxiv/4617/character-to-radical	XXIV	vocabulary	4617	zh-Hant	zh-Hant	篛	"[""竹""]"	[]		"[""zh-Hant.common.3028"",""zh.radical.kangxi.118""]"	[]	[]	sources/characters.tsv	frequency-order position 4617; Ministry common-character number 3028	篛: frequency-order position 4617; absent from frequency corpus; appended in Ministry common-character-list order; Unihan kRSUnicode 118.10; Kangxi radical 118 竹; Unihan kRSUnicode single radical assignment.	[]	"[""chinese"",""traditional"",""radicals"",""frequency"",""character-to-radical"",""one-way"",""part-24""]"
zh-traditional-radicals-frequency-xxiv/4618/character-to-radical	XXIV	vocabulary	4618	zh-Hant	zh-Hant	篾	"[""竹""]"	[]		"[""zh-Hant.common.3033"",""zh.radical.kangxi.118""]"	[]	[]	sources/characters.tsv	frequency-order position 4618; Ministry common-character number 3033	篾: frequency-order position 4618; absent from frequency corpus; appended in Ministry common-character-list order; Unihan kRSUnicode 118.11; Kangxi radical 118 竹; Unihan kRSUnicode single radical assignment.	[]	"[""chinese"",""traditional"",""radicals"",""frequency"",""character-to-radical"",""one-way"",""part-24""]"
zh-traditional-radicals-frequency-xxiv/4619/character-to-radical	XXIV	vocabulary	4619	zh-Hant	zh-Hant	簞	"[""竹""]"	[]		"[""zh-Hant.common.3038"",""zh.radical.kangxi.118""]"	[]	[]	sources/characters.tsv	frequency-order position 4619; Ministry common-character number 3038	簞: frequency-order position 4619; absent from frequency corpus; appended in Ministry common-character-list order; Unihan kRSUnicode 118.12; Kangxi radical 118 竹; Unihan kRSUnicode single radical assignment.	[]	"[""chinese"",""traditional"",""radicals"",""frequency"",""character-to-radical"",""one-way"",""part-24""]"
zh-traditional-radicals-frequency-xxiv/4620/character-to-radical	XXIV	vocabulary	4620	zh-Hant	zh-Hant	粳	"[""米""]"	[]		"[""zh-Hant.common.3063"",""zh.radical.kangxi.119""]"	[]	[]	sources/characters.tsv	frequency-order position 4620; Ministry common-character number 3063	粳: frequency-order position 4620; absent from frequency corpus; appended in Ministry common-character-list order; Unihan kRSUnicode 119.7; Kangxi radical 119 米; Unihan kRSUnicode single radical assignment.	[]	"[""chinese"",""traditional"",""radicals"",""frequency"",""character-to-radical"",""one-way"",""part-24""]"
zh-traditional-radicals-frequency-xxiv/4621/character-to-radical	XXIV	vocabulary	4621	zh-Hant	zh-Hant	糢	"[""米""]"	[]		"[""zh-Hant.common.3074"",""zh.radical.kangxi.119""]"	[]	[]	sources/characters.tsv	frequency-order position 4621; Ministry common-character number 3074	糢: frequency-order position 4621; absent from frequency corpus; appended in Ministry common-character-list order; Unihan kRSUnicode 119.11; Kangxi radical 119 米; Unihan kRSUnicode single radical assignment.	[]	"[""chinese"",""traditional"",""radicals"",""frequency"",""character-to-radical"",""one-way"",""part-24""]"
zh-traditional-radicals-frequency-xxiv/4622/character-to-radical	XXIV	vocabulary	4622	zh-Hant	zh-Hant	紇	"[""糸""]"	[]		"[""zh-Hant.common.3086"",""zh.radical.kangxi.120""]"	[]	[]	sources/characters.tsv	frequency-order position 4622; Ministry common-character number 3086	紇: frequency-order position 4622; absent from frequency corpus; appended in Ministry common-character-list order; Unihan kRSUnicode 120.3; Kangxi radical 120 糸; Unihan kRSUnicode single radical assignment.	[]	"[""chinese"",""traditional"",""radicals"",""frequency"",""character-to-radical"",""one-way"",""part-24""]"
zh-traditional-radicals-frequency-xxiv/4623/character-to-radical	XXIV	vocabulary	4623	zh-Hant	zh-Hant	紕	"[""糸""]"	[]		"[""zh-Hant.common.3096"",""zh.radical.kangxi.120""]"	[]	[]	sources/characters.tsv	frequency-order position 4623; Ministry common-character number 3096	紕: frequency-order position 4623; absent from frequency corpus; appended in Ministry common-character-list order; Unihan kRSUnicode 120.4; Kangxi radical 120 糸; Unihan kRSUnicode single radical assignment.	[]	"[""chinese"",""traditional"",""radicals"",""frequency"",""character-to-radical"",""one-way"",""part-24""]"
zh-traditional-radicals-frequency-xxiv/4624/character-to-radical	XXIV	vocabulary	4624	zh-Hant	zh-Hant	紼	"[""糸""]"	[]		"[""zh-Hant.common.3107"",""zh.radical.kangxi.120""]"	[]	[]	sources/characters.tsv	frequency-order position 4624; Ministry common-character number 3107	紼: frequency-order position 4624; absent from frequency corpus; appended in Ministry common-character-list order; Unihan kRSUnicode 120.5; Kangxi radical 120 糸; Unihan kRSUnicode single radical assignment.	[]	"[""chinese"",""traditional"",""radicals"",""frequency"",""character-to-radical"",""one-way"",""part-24""]"
zh-traditional-radicals-frequency-xxiv/4625/character-to-radical	XXIV	vocabulary	4625	zh-Hant	zh-Hant	綏	"[""糸""]"	[]		"[""zh-Hant.common.3128"",""zh.radical.kangxi.120""]"	[]	[]	sources/characters.tsv	frequency-order position 4625; Ministry common-character number 3128	綏: frequency-order position 4625; absent from frequency corpus; appended in Ministry common-character-list order; Unihan kRSUnicode 120.7; Kangxi radical 120 糸; Unihan kRSUnicode single radical assignment.	[]	"[""chinese"",""traditional"",""radicals"",""frequency"",""character-to-radical"",""one-way"",""part-24""]"
zh-traditional-radicals-frequency-xxiv/4626/character-to-radical	XXIV	vocabulary	4626	zh-Hant	zh-Hant	綰	"[""糸""]"	[]		"[""zh-Hant.common.3130"",""zh.radical.kangxi.120""]"	[]	[]	sources/characters.tsv	frequency-order position 4626; Ministry common-character number 3130	綰: frequency-order position 4626; absent from frequency corpus; appended in Ministry common-character-list order; Unihan kRSUnicode 120.8; Kangxi radical 120 糸; Unihan kRSUnicode single radical assignment.	[]	"[""chinese"",""traditional"",""radicals"",""frequency"",""character-to-radical"",""one-way"",""part-24""]"
zh-traditional-radicals-frequency-xxiv/4627/character-to-radical	XXIV	vocabulary	4627	zh-Hant	zh-Hant	緇	"[""糸""]"	[]		"[""zh-Hant.common.3146"",""zh.radical.kangxi.120""]"	[]	[]	sources/characters.tsv	frequency-order position 4627; Ministry common-character number 3146	緇: frequency-order position 4627; absent from frequency corpus; appended in Ministry common-character-list order; Unihan kRSUnicode 120.8; Kangxi radical 120 糸; Unihan kRSUnicode single radical assignment.	[]	"[""chinese"",""traditional"",""radicals"",""frequency"",""character-to-radical"",""one-way"",""part-24""]"
zh-traditional-radicals-frequency-xxiv/4628/character-to-radical	XXIV	vocabulary	4628	zh-Hant	zh-Hant	綞	"[""糸""]"	[]		"[""zh-Hant.common.3159"",""zh.radical.kangxi.120""]"	[]	[]	sources/characters.tsv	frequency-order position 4628; Ministry common-character number 3159	綞: frequency-order position 4628; absent from frequency corpus; appended in Ministry common-character-list order; Unihan kRSUnicode 120.8; Kangxi radical 120 糸; Unihan kRSUnicode single radical assignment.	[]	"[""chinese"",""traditional"",""radicals"",""frequency"",""character-to-radical"",""one-way"",""part-24""]"
zh-traditional-radicals-frequency-xxiv/4629/character-to-radical	XXIV	vocabulary	4629	zh-Hant	zh-Hant	縲	"[""糸""]"	[]		"[""zh-Hant.common.3169"",""zh.radical.kangxi.120""]"	[]	[]	sources/characters.tsv	frequency-order position 4629; Ministry common-character number 3169	縲: frequency-order position 4629; absent from frequency corpus; appended in Ministry common-character-list order; Unihan kRSUnicode 120.11; Kangxi radical 120 糸; Unihan kRSUnicode single radical assignment.	[]	"[""chinese"",""traditional"",""radicals"",""frequency"",""character-to-radical"",""one-way"",""part-24""]"
zh-traditional-radicals-frequency-xxiv/4630/character-to-radical	XXIV	vocabulary	4630	zh-Hant	zh-Hant	繅	"[""糸""]"	[]		"[""zh-Hant.common.3174"",""zh.radical.kangxi.120""]"	[]	[]	sources/characters.tsv	frequency-order position 4630; Ministry common-character number 3174	繅: frequency-order position 4630; absent from frequency corpus; appended in Ministry common-character-list order; Unihan kRSUnicode 120.11; Kangxi radical 120 糸; Unihan kRSUnicode single radical assignment.	[]	"[""chinese"",""traditional"",""radicals"",""frequency"",""character-to-radical"",""one-way"",""part-24""]"
zh-traditional-radicals-frequency-xxiv/4631/character-to-radical	XXIV	vocabulary	4631	zh-Hant	zh-Hant	纂	"[""糸""]"	[]		"[""zh-Hant.common.3189"",""zh.radical.kangxi.120""]"	[]	[]	sources/characters.tsv	frequency-order position 4631; Ministry common-character number 3189	纂: frequency-order position 4631; absent from frequency corpus; appended in Ministry common-character-list order; Unihan kRSUnicode 120.14; Kangxi radical 120 糸; Unihan kRSUnicode single radical assignment.	[]	"[""chinese"",""traditional"",""radicals"",""frequency"",""character-to-radical"",""one-way"",""part-24""]"
zh-traditional-radicals-frequency-xxiv/4632/character-to-radical	XXIV	vocabulary	4632	zh-Hant	zh-Hant	缶	"[""缶""]"	[]		"[""zh-Hant.common.3195"",""zh.radical.kangxi.121""]"	[]	[]	sources/characters.tsv	frequency-order position 4632; Ministry common-character number 3195	缶: frequency-order position 4632; absent from frequency corpus; appended in Ministry common-character-list order; Unihan kRSUnicode 121.0; Kangxi radical 121 缶; Unihan kRSUnicode single radical assignment.	[]	"[""chinese"",""traditional"",""radicals"",""frequency"",""character-to-radical"",""one-way"",""part-24""]"
zh-traditional-radicals-frequency-xxiv/4633/character-to-radical	XXIV	vocabulary	4633	zh-Hant	zh-Hant	羋	"[""羊""]"	[]		"[""zh-Hant.common.3217"",""zh.radical.kangxi.123""]"	[]	[]	sources/characters.tsv	frequency-order position 4633; Ministry common-character number 3217	羋: frequency-order position 4633; absent from frequency corpus; appended in Ministry common-character-list order; Unihan kRSUnicode 123.1; Kangxi radical 123 羊; Unihan kRSUnicode single radical assignment.	[]	"[""chinese"",""traditional"",""radicals"",""frequency"",""character-to-radical"",""one-way"",""part-24""]"
zh-traditional-radicals-frequency-xxiv/4634/character-to-radical	XXIV	vocabulary	4634	zh-Hant	zh-Hant	羸	"[""羊""]"	[]		"[""zh-Hant.common.3230"",""zh.radical.kangxi.123""]"	[]	[]	sources/characters.tsv	frequency-order position 4634; Ministry common-character number 3230	羸: frequency-order position 4634; absent from frequency corpus; appended in Ministry common-character-list order; Unihan kRSUnicode 123.13; Kangxi radical 123 羊; Unihan kRSUnicode single radical assignment.	[]	"[""chinese"",""traditional"",""radicals"",""frequency"",""character-to-radical"",""one-way"",""part-24""]"
zh-traditional-radicals-frequency-xxiv/4635/character-to-radical	XXIV	vocabulary	4635	zh-Hant	zh-Hant	翕	"[""羽""]"	[]		"[""zh-Hant.common.3239"",""zh.radical.kangxi.124""]"	[]	[]	sources/characters.tsv	frequency-order position 4635; Ministry common-character number 3239	翕: frequency-order position 4635; absent from frequency corpus; appended in Ministry common-character-list order; Unihan kRSUnicode 124.6; Kangxi radical 124 羽; Unihan kRSUnicode single radical assignment.	[]	"[""chinese"",""traditional"",""radicals"",""frequency"",""character-to-radical"",""one-way"",""part-24""]"
zh-traditional-radicals-frequency-xxiv/4636/character-to-radical	XXIV	vocabulary	4636	zh-Hant	zh-Hant	翟	"[""羽""]"	[]		"[""zh-Hant.common.3242"",""zh.radical.kangxi.124""]"	[]	[]	sources/characters.tsv	frequency-order position 4636; Ministry common-character number 3242	翟: frequency-order position 4636; absent from frequency corpus; appended in Ministry common-character-list order; Unihan kRSUnicode 124.8; Kangxi radical 124 羽; Unihan kRSUnicode single radical assignment.	[]	"[""chinese"",""traditional"",""radicals"",""frequency"",""character-to-radical"",""one-way"",""part-24""]"
zh-traditional-radicals-frequency-xxiv/4637/character-to-radical	XXIV	vocabulary	4637	zh-Hant	zh-Hant	翳	"[""羽""]"	[]		"[""zh-Hant.common.3246"",""zh.radical.kangxi.124""]"	[]	[]	sources/characters.tsv	frequency-order position 4637; Ministry common-character number 3246	翳: frequency-order position 4637; absent from frequency corpus; appended in Ministry common-character-list order; Unihan kRSUnicode 124.11; Kangxi radical 124 羽; Unihan kRSUnicode single radical assignment.	[]	"[""chinese"",""traditional"",""radicals"",""frequency"",""character-to-radical"",""one-way"",""part-24""]"
zh-traditional-radicals-frequency-xxiv/4638/character-to-radical	XXIV	vocabulary	4638	zh-Hant	zh-Hant	耒	"[""耒""]"	[]		"[""zh-Hant.common.3258"",""zh.radical.kangxi.127""]"	[]	[]	sources/characters.tsv	frequency-order position 4638; Ministry common-character number 3258	耒: frequency-order position 4638; absent from frequency corpus; appended in Ministry common-character-list order; Unihan kRSUnicode 127.0; Kangxi radical 127 耒; Unihan kRSUnicode single radical assignment.	[]	"[""chinese"",""traditional"",""radicals"",""frequency"",""character-to-radical"",""one-way"",""part-24""]"
zh-traditional-radicals-frequency-xxiv/4639/character-to-radical	XXIV	vocabulary	4639	zh-Hant	zh-Hant	聱	"[""耳""]"	[]		"[""zh-Hant.common.3274"",""zh.radical.kangxi.128""]"	[]	[]	sources/characters.tsv	frequency-order position 4639; Ministry common-character number 3274	聱: frequency-order position 4639; absent from frequency corpus; appended in Ministry common-character-list order; Unihan kRSUnicode 128.11; Kangxi radical 128 耳; Unihan kRSUnicode single radical assignment.	[]	"[""chinese"",""traditional"",""radicals"",""frequency"",""character-to-radical"",""one-way"",""part-24""]"
zh-traditional-radicals-frequency-xxiv/4640/character-to-radical	XXIV	vocabulary	4640	zh-Hant	zh-Hant	肓	"[""肉""]"	[]		"[""zh-Hant.common.3292"",""zh.radical.kangxi.130""]"	[]	[]	sources/characters.tsv	frequency-order position 4640; Ministry common-character number 3292	肓: frequency-order position 4640; absent from frequency corpus; appended in Ministry common-character-list order; Unihan kRSUnicode 130.3; Kangxi radical 130 肉; Unihan kRSUnicode single radical assignment.	[]	"[""chinese"",""traditional"",""radicals"",""frequency"",""character-to-radical"",""one-way"",""part-24""]"
zh-traditional-radicals-frequency-xxiv/4641/character-to-radical	XXIV	vocabulary	4641	zh-Hant	zh-Hant	肫	"[""肉""]"	[]		"[""zh-Hant.common.3303"",""zh.radical.kangxi.130""]"	[]	[]	sources/characters.tsv	frequency-order position 4641; Ministry common-character number 3303	肫: frequency-order position 4641; absent from frequency corpus; appended in Ministry common-character-list order; Unihan kRSUnicode 130.4; Kangxi radical 130 肉; Unihan kRSUnicode single radical assignment.	[]	"[""chinese"",""traditional"",""radicals"",""frequency"",""character-to-radical"",""one-way"",""part-24""]"
zh-traditional-radicals-frequency-xxiv/4642/character-to-radical	XXIV	vocabulary	4642	zh-Hant	zh-Hant	胴	"[""肉""]"	[]		"[""zh-Hant.common.3324"",""zh.radical.kangxi.130""]"	[]	[]	sources/characters.tsv	frequency-order position 4642; Ministry common-character number 3324	胴: frequency-order position 4642; absent from frequency corpus; appended in Ministry common-character-list order; Unihan kRSUnicode 130.6; Kangxi radical 130 肉; Unihan kRSUnicode single radical assignment.	[]	"[""chinese"",""traditional"",""radicals"",""frequency"",""character-to-radical"",""one-way"",""part-24""]"
zh-traditional-radicals-frequency-xxiv/4643/character-to-radical	XXIV	vocabulary	4643	zh-Hant	zh-Hant	脩	"[""肉""]"	[]		"[""zh-Hant.common.3335"",""zh.radical.kangxi.130""]"	[]	[]	sources/characters.tsv	frequency-order position 4643; Ministry common-character number 3335	脩: frequency-order position 4643; absent from frequency corpus; appended in Ministry common-character-list order; Unihan kRSUnicode 130.7; Kangxi radical 130 肉; Unihan kRSUnicode single radical assignment.	[]	"[""chinese"",""traditional"",""radicals"",""frequency"",""character-to-radical"",""one-way"",""part-24""]"
zh-traditional-radicals-frequency-xxiv/4644/character-to-radical	XXIV	vocabulary	4644	zh-Hant	zh-Hant	腆	"[""肉""]"	[]		"[""zh-Hant.common.3342"",""zh.radical.kangxi.130""]"	[]	[]	sources/characters.tsv	frequency-order position 4644; Ministry common-character number 3342	腆: frequency-order position 4644; absent from frequency corpus; appended in Ministry common-character-list order; Unihan kRSUnicode 130.8; Kangxi radical 130 肉; Unihan kRSUnicode single radical assignment.	[]	"[""chinese"",""traditional"",""radicals"",""frequency"",""character-to-radical"",""one-way"",""part-24""]"
zh-traditional-radicals-frequency-xxiv/4645/character-to-radical	XXIV	vocabulary	4645	zh-Hant	zh-Hant	膳	"[""肉""]"	[]		"[""zh-Hant.common.3365"",""zh.radical.kangxi.130""]"	[]	[]	sources/characters.tsv	frequency-order position 4645; Ministry common-character number 3365	膳: frequency-order position 4645; absent from frequency corpus; appended in Ministry common-character-list order; Unihan kRSUnicode 130.12; Kangxi radical 130 肉; Unihan kRSUnicode single radical assignment.	[]	"[""chinese"",""traditional"",""radicals"",""frequency"",""character-to-radical"",""one-way"",""part-24""]"
zh-traditional-radicals-frequency-xxiv/4646/character-to-radical	XXIV	vocabulary	4646	zh-Hant	zh-Hant	膺	"[""肉""]"	[]		"[""zh-Hant.common.3370"",""zh.radical.kangxi.130""]"	[]	[]	sources/characters.tsv	frequency-order position 4646; Ministry common-character number 3370	膺: frequency-order position 4646; absent from frequency corpus; appended in Ministry common-character-list order; Unihan kRSUnicode 130.13; Kangxi radical 130 肉; Unihan kRSUnicode single radical assignment.	[]	"[""chinese"",""traditional"",""radicals"",""frequency"",""character-to-radical"",""one-way"",""part-24""]"
zh-traditional-radicals-frequency-xxiv/4647/character-to-radical	XXIV	vocabulary	4647	zh-Hant	zh-Hant	臧	"[""臣""]"	[]		"[""zh-Hant.common.3384"",""zh.radical.kangxi.131""]"	[]	[]	sources/characters.tsv	frequency-order position 4647; Ministry common-character number 3384	臧: frequency-order position 4647; absent from frequency corpus; appended in Ministry common-character-list order; Unihan kRSUnicode 131.8; Kangxi radical 131 臣; Unihan kRSUnicode single radical assignment.	[]	"[""chinese"",""traditional"",""radicals"",""frequency"",""character-to-radical"",""one-way"",""part-24""]"
zh-traditional-radicals-frequency-xxiv/4648/character-to-radical	XXIV	vocabulary	4648	zh-Hant	zh-Hant	臬	"[""自""]"	[]		"[""zh-Hant.common.3388"",""zh.radical.kangxi.132""]"	[]	[]	sources/characters.tsv	frequency-order position 4648; Ministry common-character number 3388	臬: frequency-order position 4648; absent from frequency corpus; appended in Ministry common-character-list order; Unihan kRSUnicode 132.4; Kangxi radical 132 自; Unihan kRSUnicode single radical assignment.	[]	"[""chinese"",""traditional"",""radicals"",""frequency"",""character-to-radical"",""one-way"",""part-24""]"
zh-traditional-radicals-frequency-xxiv/4649/character-to-radical	XXIV	vocabulary	4649	zh-Hant	zh-Hant	臾	"[""臼""]"	[]		"[""zh-Hant.common.3394"",""zh.radical.kangxi.134""]"	[]	[]	sources/characters.tsv	frequency-order position 4649; Ministry common-character number 3394	臾: frequency-order position 4649; absent from frequency corpus; appended in Ministry common-character-list order; Unihan kRSUnicode 134.2; Kangxi radical 134 臼; Unihan kRSUnicode single radical assignment.	[]	"[""chinese"",""traditional"",""radicals"",""frequency"",""character-to-radical"",""one-way"",""part-24""]"
zh-traditional-radicals-frequency-xxiv/4650/character-to-radical	XXIV	vocabulary	4650	zh-Hant	zh-Hant	舛	"[""舛""]"	[]		"[""zh-Hant.common.3407"",""zh.radical.kangxi.136""]"	[]	[]	sources/characters.tsv	frequency-order position 4650; Ministry common-character number 3407	舛: frequency-order position 4650; absent from frequency corpus; appended in Ministry common-character-list order; Unihan kRSUnicode 136.0; Kangxi radical 136 舛; Unihan kRSUnicode single radical assignment.	[]	"[""chinese"",""traditional"",""radicals"",""frequency"",""character-to-radical"",""one-way"",""part-24""]"
zh-traditional-radicals-frequency-xxiv/4651/character-to-radical	XXIV	vocabulary	4651	zh-Hant	zh-Hant	舫	"[""舟""]"	[]		"[""zh-Hant.common.3413"",""zh.radical.kangxi.137""]"	[]	[]	sources/characters.tsv	frequency-order position 4651; Ministry common-character number 3413	舫: frequency-order position 4651; absent from frequency corpus; appended in Ministry common-character-list order; Unihan kRSUnicode 137.4; Kangxi radical 137 舟; Unihan kRSUnicode single radical assignment.	[]	"[""chinese"",""traditional"",""radicals"",""frequency"",""character-to-radical"",""one-way"",""part-24""]"
zh-traditional-radicals-frequency-xxiv/4652/character-to-radical	XXIV	vocabulary	4652	zh-Hant	zh-Hant	芟	"[""艸""]"	[]		"[""zh-Hant.common.3437"",""zh.radical.kangxi.140""]"	[]	[]	sources/characters.tsv	frequency-order position 4652; Ministry common-character number 3437	芟: frequency-order position 4652; absent from frequency corpus; appended in Ministry common-character-list order; Unihan kRSUnicode 140.4; Kangxi radical 140 艸; Unihan kRSUnicode single radical assignment.	[]	"[""chinese"",""traditional"",""radicals"",""frequency"",""character-to-radical"",""one-way"",""part-24""]"
zh-traditional-radicals-frequency-xxiv/4653/character-to-radical	XXIV	vocabulary	4653	zh-Hant	zh-Hant	苣	"[""艸""]"	[]		"[""zh-Hant.common.3446"",""zh.radical.kangxi.140""]"	[]	[]	sources/characters.tsv	frequency-order position 4653; Ministry common-character number 3446	苣: frequency-order position 4653; absent from frequency corpus; appended in Ministry common-character-list order; Unihan kRSUnicode 140.5; Kangxi radical 140 艸; Unihan kRSUnicode single radical assignment.	[]	"[""chinese"",""traditional"",""radicals"",""frequency"",""character-to-radical"",""one-way"",""part-24""]"
zh-traditional-radicals-frequency-xxiv/4654/character-to-radical	XXIV	vocabulary	4654	zh-Hant	zh-Hant	苒	"[""艸""]"	[]		"[""zh-Hant.common.3453"",""zh.radical.kangxi.140""]"	[]	[]	sources/characters.tsv	frequency-order position 4654; Ministry common-character number 3453	苒: frequency-order position 4654; absent from frequency corpus; appended in Ministry common-character-list order; Unihan kRSUnicode 140.5; Kangxi radical 140 艸; Unihan kRSUnicode single radical assignment.	[]	"[""chinese"",""traditional"",""radicals"",""frequency"",""character-to-radical"",""one-way"",""part-24""]"
zh-traditional-radicals-frequency-xxiv/4655/character-to-radical	XXIV	vocabulary	4655	zh-Hant	zh-Hant	苜	"[""艸""]"	[]		"[""zh-Hant.common.3457"",""zh.radical.kangxi.140""]"	[]	[]	sources/characters.tsv	frequency-order position 4655; Ministry common-character number 3457	苜: frequency-order position 4655; absent from frequency corpus; appended in Ministry common-character-list order; Unihan kRSUnicode 140.5; Kangxi radical 140 艸; Unihan kRSUnicode single radical assignment.	[]	"[""chinese"",""traditional"",""radicals"",""frequency"",""character-to-radical"",""one-way"",""part-24""]"
zh-traditional-radicals-frequency-xxiv/4656/character-to-radical	XXIV	vocabulary	4656	zh-Hant	zh-Hant	荏	"[""艸""]"	[]		"[""zh-Hant.common.3472"",""zh.radical.kangxi.140""]"	[]	[]	sources/characters.tsv	frequency-order position 4656; Ministry common-character number 3472	荏: frequency-order position 4656; absent from frequency corpus; appended in Ministry common-character-list order; Unihan kRSUnicode 140.6; Kangxi radical 140 艸; Unihan kRSUnicode single radical assignment.	[]	"[""chinese"",""traditional"",""radicals"",""frequency"",""character-to-radical"",""one-way"",""part-24""]"
zh-traditional-radicals-frequency-xxiv/4657/character-to-radical	XXIV	vocabulary	4657	zh-Hant	zh-Hant	莞	"[""艸""]"	[]		"[""zh-Hant.common.3480"",""zh.radical.kangxi.140""]"	[]	[]	sources/characters.tsv	frequency-order position 4657; Ministry common-character number 3480	莞: frequency-order position 4657; absent from frequency corpus; appended in Ministry common-character-list order; Unihan kRSUnicode 140.7; Kangxi radical 140 艸; Unihan kRSUnicode single radical assignment.	[]	"[""chinese"",""traditional"",""radicals"",""frequency"",""character-to-radical"",""one-way"",""part-24""]"
zh-traditional-radicals-frequency-xxiv/4658/character-to-radical	XXIV	vocabulary	4658	zh-Hant	zh-Hant	莘	"[""艸""]"	[]		"[""zh-Hant.common.3481"",""zh.radical.kangxi.140""]"	[]	[]	sources/characters.tsv	frequency-order position 4658; Ministry common-character number 3481	莘: frequency-order position 4658; absent from frequency corpus; appended in Ministry common-character-list order; Unihan kRSUnicode 140.7; Kangxi radical 140 艸; Unihan kRSUnicode single radical assignment.	[]	"[""chinese"",""traditional"",""radicals"",""frequency"",""character-to-radical"",""one-way"",""part-24""]"
zh-traditional-radicals-frequency-xxiv/4659/character-to-radical	XXIV	vocabulary	4659	zh-Hant	zh-Hant	荸	"[""艸""]"	[]		"[""zh-Hant.common.3482"",""zh.radical.kangxi.140""]"	[]	[]	sources/characters.tsv	frequency-order position 4659; Ministry common-character number 3482	荸: frequency-order position 4659; absent from frequency corpus; appended in Ministry common-character-list order; Unihan kRSUnicode 140.7; Kangxi radical 140 艸; Unihan kRSUnicode single radical assignment.	[]	"[""chinese"",""traditional"",""radicals"",""frequency"",""character-to-radical"",""one-way"",""part-24""]"
zh-traditional-radicals-frequency-xxiv/4660/character-to-radical	XXIV	vocabulary	4660	zh-Hant	zh-Hant	莠	"[""艸""]"	[]		"[""zh-Hant.common.3491"",""zh.radical.kangxi.140""]"	[]	[]	sources/characters.tsv	frequency-order position 4660; Ministry common-character number 3491	莠: frequency-order position 4660; absent from frequency corpus; appended in Ministry common-character-list order; Unihan kRSUnicode 140.7; Kangxi radical 140 艸; Unihan kRSUnicode single radical assignment.	[]	"[""chinese"",""traditional"",""radicals"",""frequency"",""character-to-radical"",""one-way"",""part-24""]"
zh-traditional-radicals-frequency-xxiv/4661/character-to-radical	XXIV	vocabulary	4661	zh-Hant	zh-Hant	菅	"[""艸""]"	[]		"[""zh-Hant.common.3500"",""zh.radical.kangxi.140""]"	[]	[]	sources/characters.tsv	frequency-order position 4661; Ministry common-character number 3500	菅: frequency-order position 4661; absent from frequency corpus; appended in Ministry common-character-list order; Unihan kRSUnicode 140.8; Kangxi radical 140 艸; Unihan kRSUnicode single radical assignment.	[]	"[""chinese"",""traditional"",""radicals"",""frequency"",""character-to-radical"",""one-way"",""part-24""]"
zh-traditional-radicals-frequency-xxiv/4662/character-to-radical	XXIV	vocabulary	4662	zh-Hant	zh-Hant	菴	"[""艸""]"	[]		"[""zh-Hant.common.3505"",""zh.radical.kangxi.140""]"	[]	[]	sources/characters.tsv	frequency-order position 4662; Ministry common-character number 3505	菴: frequency-order position 4662; absent from frequency corpus; appended in Ministry common-character-list order; Unihan kRSUnicode 140.8; Kangxi radical 140 艸; Unihan kRSUnicode single radical assignment.	[]	"[""chinese"",""traditional"",""radicals"",""frequency"",""character-to-radical"",""one-way"",""part-24""]"
zh-traditional-radicals-frequency-xxiv/4663/character-to-radical	XXIV	vocabulary	4663	zh-Hant	zh-Hant	菰	"[""艸""]"	[]		"[""zh-Hant.common.3508"",""zh.radical.kangxi.140""]"	[]	[]	sources/characters.tsv	frequency-order position 4663; Ministry common-character number 3508	菰: frequency-order position 4663; absent from frequency corpus; appended in Ministry common-character-list order; Unihan kRSUnicode 140.8; Kangxi radical 140 艸; Unihan kRSUnicode single radical assignment.	[]	"[""chinese"",""traditional"",""radicals"",""frequency"",""character-to-radical"",""one-way"",""part-24""]"
zh-traditional-radicals-frequency-xxiv/4664/character-to-radical	XXIV	vocabulary	4664	zh-Hant	zh-Hant	菽	"[""艸""]"	[]		"[""zh-Hant.common.3511"",""zh.radical.kangxi.140""]"	[]	[]	sources/characters.tsv	frequency-order position 4664; Ministry common-character number 3511	菽: frequency-order position 4664; absent from frequency corpus; appended in Ministry common-character-list order; Unihan kRSUnicode 140.8; Kangxi radical 140 艸; Unihan kRSUnicode single radical assignment.	[]	"[""chinese"",""traditional"",""radicals"",""frequency"",""character-to-radical"",""one-way"",""part-24""]"
zh-traditional-radicals-frequency-xxiv/4665/character-to-radical	XXIV	vocabulary	4665	zh-Hant	zh-Hant	萵	"[""艸""]"	[]		"[""zh-Hant.common.3529"",""zh.radical.kangxi.140""]"	[]	[]	sources/characters.tsv	frequency-order position 4665; Ministry common-character number 3529	萵: frequency-order position 4665; absent from frequency corpus; appended in Ministry common-character-list order; Unihan kRSUnicode 140.9; Kangxi radical 140 艸; Unihan kRSUnicode single radical assignment.	[]	"[""chinese"",""traditional"",""radicals"",""frequency"",""character-to-radical"",""one-way"",""part-24""]"
zh-traditional-radicals-frequency-xxiv/4666/character-to-radical	XXIV	vocabulary	4666	zh-Hant	zh-Hant	葩	"[""艸""]"	[]		"[""zh-Hant.common.3532"",""zh.radical.kangxi.140""]"	[]	[]	sources/characters.tsv	frequency-order position 4666; Ministry common-character number 3532	葩: frequency-order position 4666; absent from frequency corpus; appended in Ministry common-character-list order; Unihan kRSUnicode 140.9; Kangxi radical 140 艸; Unihan kRSUnicode single radical assignment.	[]	"[""chinese"",""traditional"",""radicals"",""frequency"",""character-to-radical"",""one-way"",""part-24""]"
zh-traditional-radicals-frequency-xxiv/4667/character-to-radical	XXIV	vocabulary	4667	zh-Hant	zh-Hant	蓿	"[""艸""]"	[]		"[""zh-Hant.common.3560"",""zh.radical.kangxi.140""]"	[]	[]	sources/characters.tsv	frequency-order position 4667; Ministry common-character number 3560	蓿: frequency-order position 4667; absent from frequency corpus; appended in Ministry common-character-list order; Unihan kRSUnicode 140.11; Kangxi radical 140 艸; Unihan kRSUnicode single radical assignment.	[]	"[""chinese"",""traditional"",""radicals"",""frequency"",""character-to-radical"",""one-way"",""part-24""]"
zh-traditional-radicals-frequency-xxiv/4668/character-to-radical	XXIV	vocabulary	4668	zh-Hant	zh-Hant	薜	"[""艸""]"	[]		"[""zh-Hant.common.3573"",""zh.radical.kangxi.140""]"	[]	[]	sources/characters.tsv	frequency-order position 4668; Ministry common-character number 3573	薜: frequency-order position 4668; absent from frequency corpus; appended in Ministry common-character-list order; Unihan kRSUnicode 140.13; Kangxi radical 140 艸; Unihan kRSUnicode single radical assignment.	[]	"[""chinese"",""traditional"",""radicals"",""frequency"",""character-to-radical"",""one-way"",""part-24""]"
zh-traditional-radicals-frequency-xxiv/4669/character-to-radical	XXIV	vocabulary	4669	zh-Hant	zh-Hant	藐	"[""艸""]"	[]		"[""zh-Hant.common.3582"",""zh.radical.kangxi.140""]"	[]	[]	sources/characters.tsv	frequency-order position 4669; Ministry common-character number 3582	藐: frequency-order position 4669; absent from frequency corpus; appended in Ministry common-character-list order; Unihan kRSUnicode 140.14; Kangxi radical 140 艸; Unihan kRSUnicode single radical assignment.	[]	"[""chinese"",""traditional"",""radicals"",""frequency"",""character-to-radical"",""one-way"",""part-24""]"
zh-traditional-radicals-frequency-xxiv/4670/character-to-radical	XXIV	vocabulary	4670	zh-Hant	zh-Hant	藪	"[""艸""]"	[]		"[""zh-Hant.common.3587"",""zh.radical.kangxi.140""]"	[]	[]	sources/characters.tsv	frequency-order position 4670; Ministry common-character number 3587	藪: frequency-order position 4670; absent from frequency corpus; appended in Ministry common-character-list order; Unihan kRSUnicode 140.15; Kangxi radical 140 艸; Unihan kRSUnicode single radical assignment.	[]	"[""chinese"",""traditional"",""radicals"",""frequency"",""character-to-radical"",""one-way"",""part-24""]"
zh-traditional-radicals-frequency-xxiv/4671/character-to-radical	XXIV	vocabulary	4671	zh-Hant	zh-Hant	蘗	"[""艸""]"	[]		"[""zh-Hant.common.3599"",""zh.radical.kangxi.140""]"	[]	[]	sources/characters.tsv	frequency-order position 4671; Ministry common-character number 3599	蘗: frequency-order position 4671; absent from frequency corpus; appended in Ministry common-character-list order; Unihan kRSUnicode 140.17; Kangxi radical 140 艸; Unihan kRSUnicode single radical assignment.	[]	"[""chinese"",""traditional"",""radicals"",""frequency"",""character-to-radical"",""one-way"",""part-24""]"
zh-traditional-radicals-frequency-xxiv/4672/character-to-radical	XXIV	vocabulary	4672	zh-Hant	zh-Hant	虫	"[""虫""]"	[]		"[""zh-Hant.common.3614"",""zh.radical.kangxi.142""]"	[]	[]	sources/characters.tsv	frequency-order position 4672; Ministry common-character number 3614	虫: frequency-order position 4672; absent from frequency corpus; appended in Ministry common-character-list order; Unihan kRSUnicode 142.0; Kangxi radical 142 虫; Unihan kRSUnicode single radical assignment.	[]	"[""chinese"",""traditional"",""radicals"",""frequency"",""character-to-radical"",""one-way"",""part-24""]"
zh-traditional-radicals-frequency-xxiv/4673/character-to-radical	XXIV	vocabulary	4673	zh-Hant	zh-Hant	蛔	"[""虫""]"	[]		"[""zh-Hant.common.3636"",""zh.radical.kangxi.142""]"	[]	[]	sources/characters.tsv	frequency-order position 4673; Ministry common-character number 3636	蛔: frequency-order position 4673; absent from frequency corpus; appended in Ministry common-character-list order; Unihan kRSUnicode 142.6; Kangxi radical 142 虫; Unihan kRSUnicode single radical assignment.	[]	"[""chinese"",""traditional"",""radicals"",""frequency"",""character-to-radical"",""one-way"",""part-24""]"
zh-traditional-radicals-frequency-xxiv/4674/character-to-radical	XXIV	vocabulary	4674	zh-Hant	zh-Hant	蜇	"[""虫""]"	[]		"[""zh-Hant.common.3642"",""zh.radical.kangxi.142""]"	[]	[]	sources/characters.tsv	frequency-order position 4674; Ministry common-character number 3642	蜇: frequency-order position 4674; absent from frequency corpus; appended in Ministry common-character-list order; Unihan kRSUnicode 142.7; Kangxi radical 142 虫; Unihan kRSUnicode single radical assignment.	[]	"[""chinese"",""traditional"",""radicals"",""frequency"",""character-to-radical"",""one-way"",""part-24""]"
zh-traditional-radicals-frequency-xxiv/4675/character-to-radical	XXIV	vocabulary	4675	zh-Hant	zh-Hant	蟈	"[""虫""]"	[]		"[""zh-Hant.common.3679"",""zh.radical.kangxi.142""]"	[]	[]	sources/characters.tsv	frequency-order position 4675; Ministry common-character number 3679	蟈: frequency-order position 4675; absent from frequency corpus; appended in Ministry common-character-list order; Unihan kRSUnicode 142.11; Kangxi radical 142 虫; Unihan kRSUnicode single radical assignment.	[]	"[""chinese"",""traditional"",""radicals"",""frequency"",""character-to-radical"",""one-way"",""part-24""]"
zh-traditional-radicals-frequency-xxiv/4676/character-to-radical	XXIV	vocabulary	4676	zh-Hant	zh-Hant	蠔	"[""虫""]"	[]		"[""zh-Hant.common.3688"",""zh.radical.kangxi.142""]"	[]	[]	sources/characters.tsv	frequency-order position 4676; Ministry common-character number 3688	蠔: frequency-order position 4676; absent from frequency corpus; appended in Ministry common-character-list order; Unihan kRSUnicode 142.14; Kangxi radical 142 虫; Unihan kRSUnicode single radical assignment.	[]	"[""chinese"",""traditional"",""radicals"",""frequency"",""character-to-radical"",""one-way"",""part-24""]"
zh-traditional-radicals-frequency-xxiv/4677/character-to-radical	XXIV	vocabulary	4677	zh-Hant	zh-Hant	蠣	"[""虫""]"	[]		"[""zh-Hant.common.3690"",""zh.radical.kangxi.142""]"	[]	[]	sources/characters.tsv	frequency-order position 4677; Ministry common-character number 3690	蠣: frequency-order position 4677; absent from frequency corpus; appended in Ministry common-character-list order; Unihan kRSUnicode 142.15; Kangxi radical 142 虫; Unihan kRSUnicode single radical assignment.	[]	"[""chinese"",""traditional"",""radicals"",""frequency"",""character-to-radical"",""one-way"",""part-24""]"
zh-traditional-radicals-frequency-xxiv/4678/character-to-radical	XXIV	vocabulary	4678	zh-Hant	zh-Hant	蠱	"[""虫""]"	[]		"[""zh-Hant.common.3694"",""zh.radical.kangxi.142""]"	[]	[]	sources/characters.tsv	frequency-order position 4678; Ministry common-character number 3694	蠱: frequency-order position 4678; absent from frequency corpus; appended in Ministry common-character-list order; Unihan kRSUnicode 142.17; Kangxi radical 142 虫; Unihan kRSUnicode single radical assignment.	[]	"[""chinese"",""traditional"",""radicals"",""frequency"",""character-to-radical"",""one-way"",""part-24""]"
zh-traditional-radicals-frequency-xxiv/4679/character-to-radical	XXIV	vocabulary	4679	zh-Hant	zh-Hant	蠹	"[""虫""]"	[]		"[""zh-Hant.common.3696"",""zh.radical.kangxi.142""]"	[]	[]	sources/characters.tsv	frequency-order position 4679; Ministry common-character number 3696	蠹: frequency-order position 4679; absent from frequency corpus; appended in Ministry common-character-list order; Unihan kRSUnicode 142.18; Kangxi radical 142 虫; Unihan kRSUnicode single radical assignment.	[]	"[""chinese"",""traditional"",""radicals"",""frequency"",""character-to-radical"",""one-way"",""part-24""]"
zh-traditional-radicals-frequency-xxiv/4680/character-to-radical	XXIV	vocabulary	4680	zh-Hant	zh-Hant	衢	"[""行""]"	[]		"[""zh-Hant.common.3707"",""zh.radical.kangxi.144""]"	[]	[]	sources/characters.tsv	frequency-order position 4680; Ministry common-character number 3707	衢: frequency-order position 4680; absent from frequency corpus; appended in Ministry common-character-list order; Unihan kRSUnicode 144.18; Kangxi radical 144 行; Unihan kRSUnicode single radical assignment.	[]	"[""chinese"",""traditional"",""radicals"",""frequency"",""character-to-radical"",""one-way"",""part-24""]"
zh-traditional-radicals-frequency-xxiv/4681/character-to-radical	XXIV	vocabulary	4681	zh-Hant	zh-Hant	袂	"[""衣""]"	[]		"[""zh-Hant.common.3715"",""zh.radical.kangxi.145""]"	[]	[]	sources/characters.tsv	frequency-order position 4681; Ministry common-character number 3715	袂: frequency-order position 4681; absent from frequency corpus; appended in Ministry common-character-list order; Unihan kRSUnicode 145.4; Kangxi radical 145 衣; Unihan kRSUnicode single radical assignment.	[]	"[""chinese"",""traditional"",""radicals"",""frequency"",""character-to-radical"",""one-way"",""part-24""]"
zh-traditional-radicals-frequency-xxiv/4682/character-to-radical	XXIV	vocabulary	4682	zh-Hant	zh-Hant	袞	"[""衣""]"	[]		"[""zh-Hant.common.3716"",""zh.radical.kangxi.145""]"	[]	[]	sources/characters.tsv	frequency-order position 4682; Ministry common-character number 3716	袞: frequency-order position 4682; absent from frequency corpus; appended in Ministry common-character-list order; Unihan kRSUnicode 145.5; Kangxi radical 145 衣; Unihan kRSUnicode single radical assignment.	[]	"[""chinese"",""traditional"",""radicals"",""frequency"",""character-to-radical"",""one-way"",""part-24""]"
zh-traditional-radicals-frequency-xxiv/4683/character-to-radical	XXIV	vocabulary	4683	zh-Hant	zh-Hant	袒	"[""衣""]"	[]		"[""zh-Hant.common.3719"",""zh.radical.kangxi.145""]"	[]	[]	sources/characters.tsv	frequency-order position 4683; Ministry common-character number 3719	袒: frequency-order position 4683; absent from frequency corpus; appended in Ministry common-character-list order; Unihan kRSUnicode 145.5; Kangxi radical 145 衣; Unihan kRSUnicode single radical assignment.	[]	"[""chinese"",""traditional"",""radicals"",""frequency"",""character-to-radical"",""one-way"",""part-24""]"
zh-traditional-radicals-frequency-xxiv/4684/character-to-radical	XXIV	vocabulary	4684	zh-Hant	zh-Hant	裨	"[""衣""]"	[]		"[""zh-Hant.common.3741"",""zh.radical.kangxi.145""]"	[]	[]	sources/characters.tsv	frequency-order position 4684; Ministry common-character number 3741	裨: frequency-order position 4684; absent from frequency corpus; appended in Ministry common-character-list order; Unihan kRSUnicode 145.8; Kangxi radical 145 衣; Unihan kRSUnicode single radical assignment.	[]	"[""chinese"",""traditional"",""radicals"",""frequency"",""character-to-radical"",""one-way"",""part-24""]"
zh-traditional-radicals-frequency-xxiv/4685/character-to-radical	XXIV	vocabulary	4685	zh-Hant	zh-Hant	褫	"[""衣""]"	[]		"[""zh-Hant.common.3750"",""zh.radical.kangxi.145""]"	[]	[]	sources/characters.tsv	frequency-order position 4685; Ministry common-character number 3750	褫: frequency-order position 4685; absent from frequency corpus; appended in Ministry common-character-list order; Unihan kRSUnicode 145.10; Kangxi radical 145 衣; Unihan kRSUnicode single radical assignment.	[]	"[""chinese"",""traditional"",""radicals"",""frequency"",""character-to-radical"",""one-way"",""part-24""]"
zh-traditional-radicals-frequency-xxiv/4686/character-to-radical	XXIV	vocabulary	4686	zh-Hant	zh-Hant	褻	"[""衣""]"	[]		"[""zh-Hant.common.3751"",""zh.radical.kangxi.145""]"	[]	[]	sources/characters.tsv	frequency-order position 4686; Ministry common-character number 3751	褻: frequency-order position 4686; absent from frequency corpus; appended in Ministry common-character-list order; Unihan kRSUnicode 145.11; Kangxi radical 145 衣; Unihan kRSUnicode single radical assignment.	[]	"[""chinese"",""traditional"",""radicals"",""frequency"",""character-to-radical"",""one-way"",""part-24""]"
zh-traditional-radicals-frequency-xxiv/4687/character-to-radical	XXIV	vocabulary	4687	zh-Hant	zh-Hant	襠	"[""衣""]"	[]		"[""zh-Hant.common.3755"",""zh.radical.kangxi.145""]"	[]	[]	sources/characters.tsv	frequency-order position 4687; Ministry common-character number 3755	襠: frequency-order position 4687; absent from frequency corpus; appended in Ministry common-character-list order; Unihan kRSUnicode 145.13; Kangxi radical 145 衣; Unihan kRSUnicode single radical assignment.	[]	"[""chinese"",""traditional"",""radicals"",""frequency"",""character-to-radical"",""one-way"",""part-24""]"
zh-traditional-radicals-frequency-xxiv/4688/character-to-radical	XXIV	vocabulary	4688	zh-Hant	zh-Hant	覃	"[""襾""]"	[]		"[""zh-Hant.common.3764"",""zh.radical.kangxi.146""]"	[]	[]	sources/characters.tsv	frequency-order position 4688; Ministry common-character number 3764	覃: frequency-order position 4688; absent from frequency corpus; appended in Ministry common-character-list order; Unihan kRSUnicode 146.6; Kangxi radical 146 襾; Unihan kRSUnicode single radical assignment.	[]	"[""chinese"",""traditional"",""radicals"",""frequency"",""character-to-radical"",""one-way"",""part-24""]"
zh-traditional-radicals-frequency-xxiv/4689/character-to-radical	XXIV	vocabulary	4689	zh-Hant	zh-Hant	觴	"[""角""]"	[]		"[""zh-Hant.common.3779"",""zh.radical.kangxi.148""]"	[]	[]	sources/characters.tsv	frequency-order position 4689; Ministry common-character number 3779	觴: frequency-order position 4689; absent from frequency corpus; appended in Ministry common-character-list order; Unihan kRSUnicode 148.11; Kangxi radical 148 角; Unihan kRSUnicode single radical assignment.	[]	"[""chinese"",""traditional"",""radicals"",""frequency"",""character-to-radical"",""one-way"",""part-24""]"
zh-traditional-radicals-frequency-xxiv/4690/character-to-radical	XXIV	vocabulary	4690	zh-Hant	zh-Hant	訃	"[""言""]"	[]		"[""zh-Hant.common.3784"",""zh.radical.kangxi.149""]"	[]	[]	sources/characters.tsv	frequency-order position 4690; Ministry common-character number 3784	訃: frequency-order position 4690; absent from frequency corpus; appended in Ministry common-character-list order; Unihan kRSUnicode 149.2; Kangxi radical 149 言; Unihan kRSUnicode single radical assignment.	[]	"[""chinese"",""traditional"",""radicals"",""frequency"",""character-to-radical"",""one-way"",""part-24""]"
zh-traditional-radicals-frequency-xxiv/4691/character-to-radical	XXIV	vocabulary	4691	zh-Hant	zh-Hant	訐	"[""言""]"	[]		"[""zh-Hant.common.3786"",""zh.radical.kangxi.149""]"	[]	[]	sources/characters.tsv	frequency-order position 4691; Ministry common-character number 3786	訐: frequency-order position 4691; absent from frequency corpus; appended in Ministry common-character-list order; Unihan kRSUnicode 149.3; Kangxi radical 149 言; Unihan kRSUnicode single radical assignment.	[]	"[""chinese"",""traditional"",""radicals"",""frequency"",""character-to-radical"",""one-way"",""part-24""]"
zh-traditional-radicals-frequency-xxiv/4692/character-to-radical	XXIV	vocabulary	4692	zh-Hant	zh-Hant	訖	"[""言""]"	[]		"[""zh-Hant.common.3793"",""zh.radical.kangxi.149""]"	[]	[]	sources/characters.tsv	frequency-order position 4692; Ministry common-character number 3793	訖: frequency-order position 4692; absent from frequency corpus; appended in Ministry common-character-list order; Unihan kRSUnicode 149.3; Kangxi radical 149 言; Unihan kRSUnicode single radical assignment.	[]	"[""chinese"",""traditional"",""radicals"",""frequency"",""character-to-radical"",""one-way"",""part-24""]"
zh-traditional-radicals-frequency-xxiv/4693/character-to-radical	XXIV	vocabulary	4693	zh-Hant	zh-Hant	訥	"[""言""]"	[]		"[""zh-Hant.common.3797"",""zh.radical.kangxi.149""]"	[]	[]	sources/characters.tsv	frequency-order position 4693; Ministry common-character number 3797	訥: frequency-order position 4693; absent from frequency corpus; appended in Ministry common-character-list order; Unihan kRSUnicode 149.4; Kangxi radical 149 言; Unihan kRSUnicode single radical assignment.	[]	"[""chinese"",""traditional"",""radicals"",""frequency"",""character-to-radical"",""one-way"",""part-24""]"
zh-traditional-radicals-frequency-xxiv/4694/character-to-radical	XXIV	vocabulary	4694	zh-Hant	zh-Hant	訛	"[""言""]"	[]		"[""zh-Hant.common.3801"",""zh.radical.kangxi.149""]"	[]	[]	sources/characters.tsv	frequency-order position 4694; Ministry common-character number 3801	訛: frequency-order position 4694; absent from frequency corpus; appended in Ministry common-character-list order; Unihan kRSUnicode 149.4; Kangxi radical 149 言; Unihan kRSUnicode single radical assignment.	[]	"[""chinese"",""traditional"",""radicals"",""frequency"",""character-to-radical"",""one-way"",""part-24""]"
zh-traditional-radicals-frequency-xxiv/4695/character-to-radical	XXIV	vocabulary	4695	zh-Hant	zh-Hant	詆	"[""言""]"	[]		"[""zh-Hant.common.3811"",""zh.radical.kangxi.149""]"	[]	[]	sources/characters.tsv	frequency-order position 4695; Ministry common-character number 3811	詆: frequency-order position 4695; absent from frequency corpus; appended in Ministry common-character-list order; Unihan kRSUnicode 149.5; Kangxi radical 149 言; Unihan kRSUnicode single radical assignment.	[]	"[""chinese"",""traditional"",""radicals"",""frequency"",""character-to-radical"",""one-way"",""part-24""]"
zh-traditional-radicals-frequency-xxiv/4696/character-to-radical	XXIV	vocabulary	4696	zh-Hant	zh-Hant	詼	"[""言""]"	[]		"[""zh-Hant.common.3821"",""zh.radical.kangxi.149""]"	[]	[]	sources/characters.tsv	frequency-order position 4696; Ministry common-character number 3821	詼: frequency-order position 4696; absent from frequency corpus; appended in Ministry common-character-list order; Unihan kRSUnicode 149.6; Kangxi radical 149 言; Unihan kRSUnicode single radical assignment.	[]	"[""chinese"",""traditional"",""radicals"",""frequency"",""character-to-radical"",""one-way"",""part-24""]"
zh-traditional-radicals-frequency-xxiv/4697/character-to-radical	XXIV	vocabulary	4697	zh-Hant	zh-Hant	詬	"[""言""]"	[]		"[""zh-Hant.common.3829"",""zh.radical.kangxi.149""]"	[]	[]	sources/characters.tsv	frequency-order position 4697; Ministry common-character number 3829	詬: frequency-order position 4697; absent from frequency corpus; appended in Ministry common-character-list order; Unihan kRSUnicode 149.6; Kangxi radical 149 言; Unihan kRSUnicode single radical assignment.	[]	"[""chinese"",""traditional"",""radicals"",""frequency"",""character-to-radical"",""one-way"",""part-24""]"
zh-traditional-radicals-frequency-xxiv/4698/character-to-radical	XXIV	vocabulary	4698	zh-Hant	zh-Hant	誥	"[""言""]"	[]		"[""zh-Hant.common.3840"",""zh.radical.kangxi.149""]"	[]	[]	sources/characters.tsv	frequency-order position 4698; Ministry common-character number 3840	誥: frequency-order position 4698; absent from frequency corpus; appended in Ministry common-character-list order; Unihan kRSUnicode 149.7; Kangxi radical 149 言; Unihan kRSUnicode single radical assignment.	[]	"[""chinese"",""traditional"",""radicals"",""frequency"",""character-to-radical"",""one-way"",""part-24""]"
zh-traditional-radicals-frequency-xxiv/4699/character-to-radical	XXIV	vocabulary	4699	zh-Hant	zh-Hant	謄	"[""言""]"	[]		"[""zh-Hant.common.3878"",""zh.radical.kangxi.149""]"	[]	[]	sources/characters.tsv	frequency-order position 4699; Ministry common-character number 3878	謄: frequency-order position 4699; absent from frequency corpus; appended in Ministry common-character-list order; Unihan kRSUnicode 149.10; Kangxi radical 149 言; Unihan kRSUnicode single radical assignment.	[]	"[""chinese"",""traditional"",""radicals"",""frequency"",""character-to-radical"",""one-way"",""part-24""]"
zh-traditional-radicals-frequency-xxiv/4700/character-to-radical	XXIV	vocabulary	4700	zh-Hant	zh-Hant	讒	"[""言""]"	[]		"[""zh-Hant.common.3899"",""zh.radical.kangxi.149""]"	[]	[]	sources/characters.tsv	frequency-order position 4700; Ministry common-character number 3899	讒: frequency-order position 4700; absent from frequency corpus; appended in Ministry common-character-list order; Unihan kRSUnicode 149.17; Kangxi radical 149 言; Unihan kRSUnicode single radical assignment.	[]	"[""chinese"",""traditional"",""radicals"",""frequency"",""character-to-radical"",""one-way"",""part-24""]"
zh-traditional-radicals-frequency-xxiv/4701/character-to-radical	XXIV	vocabulary	4701	zh-Hant	zh-Hant	讖	"[""言""]"	[]		"[""zh-Hant.common.3900"",""zh.radical.kangxi.149""]"	[]	[]	sources/characters.tsv	frequency-order position 4701; Ministry common-character number 3900	讖: frequency-order position 4701; absent from frequency corpus; appended in Ministry common-character-list order; Unihan kRSUnicode 149.17; Kangxi radical 149 言; Unihan kRSUnicode single radical assignment.	[]	"[""chinese"",""traditional"",""radicals"",""frequency"",""character-to-radical"",""one-way"",""part-24""]"
zh-traditional-radicals-frequency-xxiv/4702/character-to-radical	XXIV	vocabulary	4702	zh-Hant	zh-Hant	豕	"[""豕""]"	[]		"[""zh-Hant.common.3912"",""zh.radical.kangxi.152""]"	[]	[]	sources/characters.tsv	frequency-order position 4702; Ministry common-character number 3912	豕: frequency-order position 4702; absent from frequency corpus; appended in Ministry common-character-list order; Unihan kRSUnicode 152.0; Kangxi radical 152 豕; Unihan kRSUnicode single radical assignment.	[]	"[""chinese"",""traditional"",""radicals"",""frequency"",""character-to-radical"",""one-way"",""part-24""]"
zh-traditional-radicals-frequency-xxiv/4703/character-to-radical	XXIV	vocabulary	4703	zh-Hant	zh-Hant	豢	"[""豕""]"	[]		"[""zh-Hant.common.3915"",""zh.radical.kangxi.152""]"	[]	[]	sources/characters.tsv	frequency-order position 4703; Ministry common-character number 3915	豢: frequency-order position 4703; absent from frequency corpus; appended in Ministry common-character-list order; Unihan kRSUnicode 152.6; Kangxi radical 152 豕; Unihan kRSUnicode single radical assignment.	[]	"[""chinese"",""traditional"",""radicals"",""frequency"",""character-to-radical"",""one-way"",""part-24""]"
zh-traditional-radicals-frequency-xxiv/4704/character-to-radical	XXIV	vocabulary	4704	zh-Hant	zh-Hant	貊	"[""豸""]"	[]		"[""zh-Hant.common.3922"",""zh.radical.kangxi.153""]"	[]	[]	sources/characters.tsv	frequency-order position 4704; Ministry common-character number 3922	貊: frequency-order position 4704; absent from frequency corpus; appended in Ministry common-character-list order; Unihan kRSUnicode 153.6; Kangxi radical 153 豸; Unihan kRSUnicode single radical assignment.	[]	"[""chinese"",""traditional"",""radicals"",""frequency"",""character-to-radical"",""one-way"",""part-24""]"
zh-traditional-radicals-frequency-xxiv/4705/character-to-radical	XXIV	vocabulary	4705	zh-Hant	zh-Hant	貍	"[""豸""]"	[]		"[""zh-Hant.common.3924"",""zh.radical.kangxi.153""]"	[]	[]	sources/characters.tsv	frequency-order position 4705; Ministry common-character number 3924	貍: frequency-order position 4705; absent from frequency corpus; appended in Ministry common-character-list order; Unihan kRSUnicode 153.7; Kangxi radical 153 豸; Unihan kRSUnicode single radical assignment.	[]	"[""chinese"",""traditional"",""radicals"",""frequency"",""character-to-radical"",""one-way"",""part-24""]"
zh-traditional-radicals-frequency-xxiv/4706/character-to-radical	XXIV	vocabulary	4706	zh-Hant	zh-Hant	貽	"[""貝""]"	[]		"[""zh-Hant.common.3941"",""zh.radical.kangxi.154""]"	[]	[]	sources/characters.tsv	frequency-order position 4706; Ministry common-character number 3941	貽: frequency-order position 4706; absent from frequency corpus; appended in Ministry common-character-list order; Unihan kRSUnicode 154.5; Kangxi radical 154 貝; Unihan kRSUnicode single radical assignment.	[]	"[""chinese"",""traditional"",""radicals"",""frequency"",""character-to-radical"",""one-way"",""part-24""]"
zh-traditional-radicals-frequency-xxiv/4707/character-to-radical	XXIV	vocabulary	4707	zh-Hant	zh-Hant	賅	"[""貝""]"	[]		"[""zh-Hant.common.3957"",""zh.radical.kangxi.154""]"	[]	[]	sources/characters.tsv	frequency-order position 4707; Ministry common-character number 3957	賅: frequency-order position 4707; absent from frequency corpus; appended in Ministry common-character-list order; Unihan kRSUnicode 154.6; Kangxi radical 154 貝; Unihan kRSUnicode single radical assignment.	[]	"[""chinese"",""traditional"",""radicals"",""frequency"",""character-to-radical"",""one-way"",""part-24""]"
zh-traditional-radicals-frequency-xxiv/4708/character-to-radical	XXIV	vocabulary	4708	zh-Hant	zh-Hant	賒	"[""貝""]"	[]		"[""zh-Hant.common.3960"",""zh.radical.kangxi.154""]"	[]	[]	sources/characters.tsv	frequency-order position 4708; Ministry common-character number 3960	賒: frequency-order position 4708; absent from frequency corpus; appended in Ministry common-character-list order; Unihan kRSUnicode 154.7; Kangxi radical 154 貝; Unihan kRSUnicode single radical assignment.	[]	"[""chinese"",""traditional"",""radicals"",""frequency"",""character-to-radical"",""one-way"",""part-24""]"
zh-traditional-radicals-frequency-xxiv/4709/character-to-radical	XXIV	vocabulary	4709	zh-Hant	zh-Hant	跆	"[""足""]"	[]		"[""zh-Hant.common.4011"",""zh.radical.kangxi.157""]"	[]	[]	sources/characters.tsv	frequency-order position 4709; Ministry common-character number 4011	跆: frequency-order position 4709; absent from frequency corpus; appended in Ministry common-character-list order; Unihan kRSUnicode 157.5; Kangxi radical 157 足; Unihan kRSUnicode single radical assignment.	[]	"[""chinese"",""traditional"",""radicals"",""frequency"",""character-to-radical"",""one-way"",""part-24""]"
zh-traditional-radicals-frequency-xxiv/4710/character-to-radical	XXIV	vocabulary	4710	zh-Hant	zh-Hant	跼	"[""足""]"	[]		"[""zh-Hant.common.4019"",""zh.radical.kangxi.157""]"	[]	[]	sources/characters.tsv	frequency-order position 4710; Ministry common-character number 4019	跼: frequency-order position 4710; absent from frequency corpus; appended in Ministry common-character-list order; Unihan kRSUnicode 157.7; Kangxi radical 157 足; Unihan kRSUnicode single radical assignment.	[]	"[""chinese"",""traditional"",""radicals"",""frequency"",""character-to-radical"",""one-way"",""part-24""]"
zh-traditional-radicals-frequency-xxiv/4711/character-to-radical	XXIV	vocabulary	4711	zh-Hant	zh-Hant	踫	"[""足""]"	[]		"[""zh-Hant.common.4020"",""zh.radical.kangxi.157""]"	[]	[]	sources/characters.tsv	frequency-order position 4711; Ministry common-character number 4020	踫: frequency-order position 4711; absent from frequency corpus; appended in Ministry common-character-list order; Unihan kRSUnicode 157.9; Kangxi radical 157 足; Unihan kRSUnicode single radical assignment.	[]	"[""chinese"",""traditional"",""radicals"",""frequency"",""character-to-radical"",""one-way"",""part-24""]"
zh-traditional-radicals-frequency-xxiv/4712/character-to-radical	XXIV	vocabulary	4712	zh-Hant	zh-Hant	蹬	"[""足""]"	[]		"[""zh-Hant.common.4045"",""zh.radical.kangxi.157""]"	[]	[]	sources/characters.tsv	frequency-order position 4712; Ministry common-character number 4045	蹬: frequency-order position 4712; absent from frequency corpus; appended in Ministry common-character-list order; Unihan kRSUnicode 157.12; Kangxi radical 157 足; Unihan kRSUnicode single radical assignment.	[]	"[""chinese"",""traditional"",""radicals"",""frequency"",""character-to-radical"",""one-way"",""part-24""]"
zh-traditional-radicals-frequency-xxiv/4713/character-to-radical	XXIV	vocabulary	4713	zh-Hant	zh-Hant	躉	"[""足""]"	[]		"[""zh-Hant.common.4047"",""zh.radical.kangxi.157""]"	[]	[]	sources/characters.tsv	frequency-order position 4713; Ministry common-character number 4047	躉: frequency-order position 4713; absent from frequency corpus; appended in Ministry common-character-list order; Unihan kRSUnicode 157.13; Kangxi radical 157 足; Unihan kRSUnicode single radical assignment.	[]	"[""chinese"",""traditional"",""radicals"",""frequency"",""character-to-radical"",""one-way"",""part-24""]"
zh-traditional-radicals-frequency-xxiv/4714/character-to-radical	XXIV	vocabulary	4714	zh-Hant	zh-Hant	躅	"[""足""]"	[]		"[""zh-Hant.common.4049"",""zh.radical.kangxi.157""]"	[]	[]	sources/characters.tsv	frequency-order position 4714; Ministry common-character number 4049	躅: frequency-order position 4714; absent from frequency corpus; appended in Ministry common-character-list order; Unihan kRSUnicode 157.13; Kangxi radical 157 足; Unihan kRSUnicode single radical assignment.	[]	"[""chinese"",""traditional"",""radicals"",""frequency"",""character-to-radical"",""one-way"",""part-24""]"
zh-traditional-radicals-frequency-xxiv/4715/character-to-radical	XXIV	vocabulary	4715	zh-Hant	zh-Hant	躂	"[""足""]"	[]		"[""zh-Hant.common.4050"",""zh.radical.kangxi.157""]"	[]	[]	sources/characters.tsv	frequency-order position 4715; Ministry common-character number 4050	躂: frequency-order position 4715; absent from frequency corpus; appended in Ministry common-character-list order; Unihan kRSUnicode 157.13; Kangxi radical 157 足; Unihan kRSUnicode single radical assignment.	[]	"[""chinese"",""traditional"",""radicals"",""frequency"",""character-to-radical"",""one-way"",""part-24""]"
zh-traditional-radicals-frequency-xxiv/4716/character-to-radical	XXIV	vocabulary	4716	zh-Hant	zh-Hant	躑	"[""足""]"	[]		"[""zh-Hant.common.4053"",""zh.radical.kangxi.157""]"	[]	[]	sources/characters.tsv	frequency-order position 4716; Ministry common-character number 4053	躑: frequency-order position 4716; absent from frequency corpus; appended in Ministry common-character-list order; Unihan kRSUnicode 157.15; Kangxi radical 157 足; Unihan kRSUnicode single radical assignment.	[]	"[""chinese"",""traditional"",""radicals"",""frequency"",""character-to-radical"",""one-way"",""part-24""]"
zh-traditional-radicals-frequency-xxiv/4717/character-to-radical	XXIV	vocabulary	4717	zh-Hant	zh-Hant	軔	"[""車""]"	[]		"[""zh-Hant.common.4066"",""zh.radical.kangxi.159""]"	[]	[]	sources/characters.tsv	frequency-order position 4717; Ministry common-character number 4066	軔: frequency-order position 4717; absent from frequency corpus; appended in Ministry common-character-list order; Unihan kRSUnicode 159.3; Kangxi radical 159 車; Unihan kRSUnicode single radical assignment.	[]	"[""chinese"",""traditional"",""radicals"",""frequency"",""character-to-radical"",""one-way"",""part-24""]"
zh-traditional-radicals-frequency-xxiv/4718/character-to-radical	XXIV	vocabulary	4718	zh-Hant	zh-Hant	軛	"[""車""]"	[]		"[""zh-Hant.common.4067"",""zh.radical.kangxi.159""]"	[]	[]	sources/characters.tsv	frequency-order position 4718; Ministry common-character number 4067	軛: frequency-order position 4718; absent from frequency corpus; appended in Ministry common-character-list order; Unihan kRSUnicode 159.4; Kangxi radical 159 車; Unihan kRSUnicode single radical assignment.	[]	"[""chinese"",""traditional"",""radicals"",""frequency"",""character-to-radical"",""one-way"",""part-24""]"
zh-traditional-radicals-frequency-xxiv/4719/character-to-radical	XXIV	vocabulary	4719	zh-Hant	zh-Hant	輊	"[""車""]"	[]		"[""zh-Hant.common.4075"",""zh.radical.kangxi.159""]"	[]	[]	sources/characters.tsv	frequency-order position 4719; Ministry common-character number 4075	輊: frequency-order position 4719; absent from frequency corpus; appended in Ministry common-character-list order; Unihan kRSUnicode 159.6; Kangxi radical 159 車; Unihan kRSUnicode single radical assignment.	[]	"[""chinese"",""traditional"",""radicals"",""frequency"",""character-to-radical"",""one-way"",""part-24""]"
zh-traditional-radicals-frequency-xxiv/4720/character-to-radical	XXIV	vocabulary	4720	zh-Hant	zh-Hant	輓	"[""車""]"	[]		"[""zh-Hant.common.4079"",""zh.radical.kangxi.159""]"	[]	[]	sources/characters.tsv	frequency-order position 4720; Ministry common-character number 4079	輓: frequency-order position 4720; absent from frequency corpus; appended in Ministry common-character-list order; Unihan kRSUnicode 159.7; Kangxi radical 159 車; Unihan kRSUnicode single radical assignment.	[]	"[""chinese"",""traditional"",""radicals"",""frequency"",""character-to-radical"",""one-way"",""part-24""]"
zh-traditional-radicals-frequency-xxiv/4721/character-to-radical	XXIV	vocabulary	4721	zh-Hant	zh-Hant	輦	"[""車""]"	[]		"[""zh-Hant.common.4084"",""zh.radical.kangxi.159""]"	[]	[]	sources/characters.tsv	frequency-order position 4721; Ministry common-character number 4084	輦: frequency-order position 4721; absent from frequency corpus; appended in Ministry common-character-list order; Unihan kRSUnicode 159.8; Kangxi radical 159 車; Unihan kRSUnicode single radical assignment.	[]	"[""chinese"",""traditional"",""radicals"",""frequency"",""character-to-radical"",""one-way"",""part-24""]"
zh-traditional-radicals-frequency-xxiv/4722/character-to-radical	XXIV	vocabulary	4722	zh-Hant	zh-Hant	輜	"[""車""]"	[]		"[""zh-Hant.common.4086"",""zh.radical.kangxi.159""]"	[]	[]	sources/characters.tsv	frequency-order position 4722; Ministry common-character number 4086	輜: frequency-order position 4722; absent from frequency corpus; appended in Ministry common-character-list order; Unihan kRSUnicode 159.8; Kangxi radical 159 車; Unihan kRSUnicode single radical assignment.	[]	"[""chinese"",""traditional"",""radicals"",""frequency"",""character-to-radical"",""one-way"",""part-24""]"
zh-traditional-radicals-frequency-xxiv/4723/character-to-radical	XXIV	vocabulary	4723	zh-Hant	zh-Hant	轂	"[""車""]"	[]		"[""zh-Hant.common.4092"",""zh.radical.kangxi.159""]"	[]	[]	sources/characters.tsv	frequency-order position 4723; Ministry common-character number 4092	轂: frequency-order position 4723; absent from frequency corpus; appended in Ministry common-character-list order; Unihan kRSUnicode 159.10; Kangxi radical 159 車; Unihan kRSUnicode single radical assignment.	[]	"[""chinese"",""traditional"",""radicals"",""frequency"",""character-to-radical"",""one-way"",""part-24""]"
zh-traditional-radicals-frequency-xxiv/4724/character-to-radical	XXIV	vocabulary	4724	zh-Hant	zh-Hant	轅	"[""車""]"	[]		"[""zh-Hant.common.4093"",""zh.radical.kangxi.159""]"	[]	[]	sources/characters.tsv	frequency-order position 4724; Ministry common-character number 4093	轅: frequency-order position 4724; absent from frequency corpus; appended in Ministry common-character-list order; Unihan kRSUnicode 159.10; Kangxi radical 159 車; Unihan kRSUnicode single radical assignment.	[]	"[""chinese"",""traditional"",""radicals"",""frequency"",""character-to-radical"",""one-way"",""part-24""]"
zh-traditional-radicals-frequency-xxiv/4725/character-to-radical	XXIV	vocabulary	4725	zh-Hant	zh-Hant	轔	"[""車""]"	[]		"[""zh-Hant.common.4097"",""zh.radical.kangxi.159""]"	[]	[]	sources/characters.tsv	frequency-order position 4725; Ministry common-character number 4097	轔: frequency-order position 4725; absent from frequency corpus; appended in Ministry common-character-list order; Unihan kRSUnicode 159.12; Kangxi radical 159 車; Unihan kRSUnicode single radical assignment.	[]	"[""chinese"",""traditional"",""radicals"",""frequency"",""character-to-radical"",""one-way"",""part-24""]"
zh-traditional-radicals-frequency-xxiv/4726/character-to-radical	XXIV	vocabulary	4726	zh-Hant	zh-Hant	迂	"[""辵""]"	[]		"[""zh-Hant.common.4112"",""zh.radical.kangxi.162""]"	[]	[]	sources/characters.tsv	frequency-order position 4726; Ministry common-character number 4112	迂: frequency-order position 4726; absent from frequency corpus; appended in Ministry common-character-list order; Unihan kRSUnicode 162.3; Kangxi radical 162 辵; Unihan kRSUnicode single radical assignment.	[]	"[""chinese"",""traditional"",""radicals"",""frequency"",""character-to-radical"",""one-way"",""part-24""]"
zh-traditional-radicals-frequency-xxiv/4727/character-to-radical	XXIV	vocabulary	4727	zh-Hant	zh-Hant	迆	"[""辵""]"	[]		"[""zh-Hant.common.4113"",""zh.radical.kangxi.162""]"	[]	[]	sources/characters.tsv	frequency-order position 4727; Ministry common-character number 4113	迆: frequency-order position 4727; absent from frequency corpus; appended in Ministry common-character-list order; Unihan kRSUnicode 162.3; Kangxi radical 162 辵; Unihan kRSUnicode single radical assignment.	[]	"[""chinese"",""traditional"",""radicals"",""frequency"",""character-to-radical"",""one-way"",""part-24""]"
zh-traditional-radicals-frequency-xxiv/4728/character-to-radical	XXIV	vocabulary	4728	zh-Hant	zh-Hant	迺	"[""辵""]"	[]		"[""zh-Hant.common.4131"",""zh.radical.kangxi.162""]"	[]	[]	sources/characters.tsv	frequency-order position 4728; Ministry common-character number 4131	迺: frequency-order position 4728; absent from frequency corpus; appended in Ministry common-character-list order; Unihan kRSUnicode 162.6; Kangxi radical 162 辵; Unihan kRSUnicode single radical assignment.	[]	"[""chinese"",""traditional"",""radicals"",""frequency"",""character-to-radical"",""one-way"",""part-24""]"
zh-traditional-radicals-frequency-xxiv/4729/character-to-radical	XXIV	vocabulary	4729	zh-Hant	zh-Hant	逖	"[""辵""]"	[]		"[""zh-Hant.common.4149"",""zh.radical.kangxi.162""]"	[]	[]	sources/characters.tsv	frequency-order position 4729; Ministry common-character number 4149	逖: frequency-order position 4729; absent from frequency corpus; appended in Ministry common-character-list order; Unihan kRSUnicode 162.7; Kangxi radical 162 辵; Unihan kRSUnicode single radical assignment.	[]	"[""chinese"",""traditional"",""radicals"",""frequency"",""character-to-radical"",""one-way"",""part-24""]"
zh-traditional-radicals-frequency-xxiv/4730/character-to-radical	XXIV	vocabulary	4730	zh-Hant	zh-Hant	遑	"[""辵""]"	[]		"[""zh-Hant.common.4169"",""zh.radical.kangxi.162""]"	[]	[]	sources/characters.tsv	frequency-order position 4730; Ministry common-character number 4169	遑: frequency-order position 4730; absent from frequency corpus; appended in Ministry common-character-list order; Unihan kRSUnicode 162.9; Kangxi radical 162 辵; Unihan kRSUnicode single radical assignment.	[]	"[""chinese"",""traditional"",""radicals"",""frequency"",""character-to-radical"",""one-way"",""part-24""]"
zh-traditional-radicals-frequency-xxiv/4731/character-to-radical	XXIV	vocabulary	4731	zh-Hant	zh-Hant	遘	"[""辵""]"	[]		"[""zh-Hant.common.4173"",""zh.radical.kangxi.162""]"	[]	[]	sources/characters.tsv	frequency-order position 4731; Ministry common-character number 4173	遘: frequency-order position 4731; absent from frequency corpus; appended in Ministry common-character-list order; Unihan kRSUnicode 162.10; Kangxi radical 162 辵; Unihan kRSUnicode single radical assignment.	[]	"[""chinese"",""traditional"",""radicals"",""frequency"",""character-to-radical"",""one-way"",""part-24""]"
zh-traditional-radicals-frequency-xxiv/4732/character-to-radical	XXIV	vocabulary	4732	zh-Hant	zh-Hant	邐	"[""辵""]"	[]		"[""zh-Hant.common.4197"",""zh.radical.kangxi.162""]"	[]	[]	sources/characters.tsv	frequency-order position 4732; Ministry common-character number 4197	邐: frequency-order position 4732; absent from frequency corpus; appended in Ministry common-character-list order; Unihan kRSUnicode 162.19; Kangxi radical 162 辵; Unihan kRSUnicode single radical assignment.	[]	"[""chinese"",""traditional"",""radicals"",""frequency"",""character-to-radical"",""one-way"",""part-24""]"
zh-traditional-radicals-frequency-xxiv/4733/character-to-radical	XXIV	vocabulary	4733	zh-Hant	zh-Hant	邕	"[""邑""]"	[]		"[""zh-Hant.common.4200"",""zh.radical.kangxi.163""]"	[]	[]	sources/characters.tsv	frequency-order position 4733; Ministry common-character number 4200	邕: frequency-order position 4733; absent from frequency corpus; appended in Ministry common-character-list order; Unihan kRSUnicode 163.3; Kangxi radical 163 邑; Unihan kRSUnicode single radical assignment.	[]	"[""chinese"",""traditional"",""radicals"",""frequency"",""character-to-radical"",""one-way"",""part-24""]"
zh-traditional-radicals-frequency-xxiv/4734/character-to-radical	XXIV	vocabulary	4734	zh-Hant	zh-Hant	鄹	"[""邑""]"	[]		"[""zh-Hant.common.4224"",""zh.radical.kangxi.163""]"	[]	[]	sources/characters.tsv	frequency-order position 4734; Ministry common-character number 4224	鄹: frequency-order position 4734; absent from frequency corpus; appended in Ministry common-character-list order; Unihan kRSUnicode 163.14; Kangxi radical 163 邑; Unihan kRSUnicode single radical assignment.	[]	"[""chinese"",""traditional"",""radicals"",""frequency"",""character-to-radical"",""one-way"",""part-24""]"
zh-traditional-radicals-frequency-xxiv/4735/character-to-radical	XXIV	vocabulary	4735	zh-Hant	zh-Hant	釁	"[""酉""]"	[]		"[""zh-Hant.common.4252"",""zh.radical.kangxi.164""]"	[]	[]	sources/characters.tsv	frequency-order position 4735; Ministry common-character number 4252	釁: frequency-order position 4735; absent from frequency corpus; appended in Ministry common-character-list order; Unihan kRSUnicode 164.18; Kangxi radical 164 酉; Unihan kRSUnicode single radical assignment.	[]	"[""chinese"",""traditional"",""radicals"",""frequency"",""character-to-radical"",""one-way"",""part-24""]"
zh-traditional-radicals-frequency-xxiv/4736/character-to-radical	XXIV	vocabulary	4736	zh-Hant	zh-Hant	釜	"[""金""]"	[]		"[""zh-Hant.common.4265"",""zh.radical.kangxi.167""]"	[]	[]	sources/characters.tsv	frequency-order position 4736; Ministry common-character number 4265	釜: frequency-order position 4736; absent from frequency corpus; appended in Ministry common-character-list order; Unihan kRSUnicode 167.2; Kangxi radical 167 金; Unihan kRSUnicode single radical assignment.	[]	"[""chinese"",""traditional"",""radicals"",""frequency"",""character-to-radical"",""one-way"",""part-24""]"
zh-traditional-radicals-frequency-xxiv/4737/character-to-radical	XXIV	vocabulary	4737	zh-Hant	zh-Hant	釦	"[""金""]"	[]		"[""zh-Hant.common.4267"",""zh.radical.kangxi.167""]"	[]	[]	sources/characters.tsv	frequency-order position 4737; Ministry common-character number 4267	釦: frequency-order position 4737; absent from frequency corpus; appended in Ministry common-character-list order; Unihan kRSUnicode 167.3; Kangxi radical 167 金; Unihan kRSUnicode single radical assignment.	[]	"[""chinese"",""traditional"",""radicals"",""frequency"",""character-to-radical"",""one-way"",""part-24""]"
zh-traditional-radicals-frequency-xxiv/4738/character-to-radical	XXIV	vocabulary	4738	zh-Hant	zh-Hant	鉸	"[""金""]"	[]		"[""zh-Hant.common.4288"",""zh.radical.kangxi.167""]"	[]	[]	sources/characters.tsv	frequency-order position 4738; Ministry common-character number 4288	鉸: frequency-order position 4738; absent from frequency corpus; appended in Ministry common-character-list order; Unihan kRSUnicode 167.6; Kangxi radical 167 金; Unihan kRSUnicode single radical assignment.	[]	"[""chinese"",""traditional"",""radicals"",""frequency"",""character-to-radical"",""one-way"",""part-24""]"
zh-traditional-radicals-frequency-xxiv/4739/character-to-radical	XXIV	vocabulary	4739	zh-Hant	zh-Hant	銓	"[""金""]"	[]		"[""zh-Hant.common.4295"",""zh.radical.kangxi.167""]"	[]	[]	sources/characters.tsv	frequency-order position 4739; Ministry common-character number 4295	銓: frequency-order position 4739; absent from frequency corpus; appended in Ministry common-character-list order; Unihan kRSUnicode 167.6; Kangxi radical 167 金; Unihan kRSUnicode single radical assignment.	[]	"[""chinese"",""traditional"",""radicals"",""frequency"",""character-to-radical"",""one-way"",""part-24""]"
zh-traditional-radicals-frequency-xxiv/4740/character-to-radical	XXIV	vocabulary	4740	zh-Hant	zh-Hant	銻	"[""金""]"	[]		"[""zh-Hant.common.4298"",""zh.radical.kangxi.167""]"	[]	[]	sources/characters.tsv	frequency-order position 4740; Ministry common-character number 4298	銻: frequency-order position 4740; absent from frequency corpus; appended in Ministry common-character-list order; Unihan kRSUnicode 167.7; Kangxi radical 167 金; Unihan kRSUnicode single radical assignment.	[]	"[""chinese"",""traditional"",""radicals"",""frequency"",""character-to-radical"",""one-way"",""part-24""]"
zh-traditional-radicals-frequency-xxiv/4741/character-to-radical	XXIV	vocabulary	4741	zh-Hant	zh-Hant	鍰	"[""金""]"	[]		"[""zh-Hant.common.4329"",""zh.radical.kangxi.167""]"	[]	[]	sources/characters.tsv	frequency-order position 4741; Ministry common-character number 4329	鍰: frequency-order position 4741; absent from frequency corpus; appended in Ministry common-character-list order; Unihan kRSUnicode 167.9; Kangxi radical 167 金; Unihan kRSUnicode single radical assignment.	[]	"[""chinese"",""traditional"",""radicals"",""frequency"",""character-to-radical"",""one-way"",""part-24""]"
zh-traditional-radicals-frequency-xxiv/4742/character-to-radical	XXIV	vocabulary	4742	zh-Hant	zh-Hant	鎢	"[""金""]"	[]		"[""zh-Hant.common.4333"",""zh.radical.kangxi.167""]"	[]	[]	sources/characters.tsv	frequency-order position 4742; Ministry common-character number 4333	鎢: frequency-order position 4742; absent from frequency corpus; appended in Ministry common-character-list order; Unihan kRSUnicode 167.10; Kangxi radical 167 金; Unihan kRSUnicode single radical assignment.	[]	"[""chinese"",""traditional"",""radicals"",""frequency"",""character-to-radical"",""one-way"",""part-24""]"
zh-traditional-radicals-frequency-xxiv/4743/character-to-radical	XXIV	vocabulary	4743	zh-Hant	zh-Hant	鏑	"[""金""]"	[]		"[""zh-Hant.common.4337"",""zh.radical.kangxi.167""]"	[]	[]	sources/characters.tsv	frequency-order position 4743; Ministry common-character number 4337	鏑: frequency-order position 4743; absent from frequency corpus; appended in Ministry common-character-list order; Unihan kRSUnicode 167.11; Kangxi radical 167 金; Unihan kRSUnicode single radical assignment.	[]	"[""chinese"",""traditional"",""radicals"",""frequency"",""character-to-radical"",""one-way"",""part-24""]"
zh-traditional-radicals-frequency-xxiv/4744/character-to-radical	XXIV	vocabulary	4744	zh-Hant	zh-Hant	鏜	"[""金""]"	[]		"[""zh-Hant.common.4341"",""zh.radical.kangxi.167""]"	[]	[]	sources/characters.tsv	frequency-order position 4744; Ministry common-character number 4341	鏜: frequency-order position 4744; absent from frequency corpus; appended in Ministry common-character-list order; Unihan kRSUnicode 167.11; Kangxi radical 167 金; Unihan kRSUnicode single radical assignment.	[]	"[""chinese"",""traditional"",""radicals"",""frequency"",""character-to-radical"",""one-way"",""part-24""]"
zh-traditional-radicals-frequency-xxiv/4745/character-to-radical	XXIV	vocabulary	4745	zh-Hant	zh-Hant	鏝	"[""金""]"	[]		"[""zh-Hant.common.4342"",""zh.radical.kangxi.167""]"	[]	[]	sources/characters.tsv	frequency-order position 4745; Ministry common-character number 4342	鏝: frequency-order position 4745; absent from frequency corpus; appended in Ministry common-character-list order; Unihan kRSUnicode 167.11; Kangxi radical 167 金; Unihan kRSUnicode single radical assignment.	[]	"[""chinese"",""traditional"",""radicals"",""frequency"",""character-to-radical"",""one-way"",""part-24""]"
zh-traditional-radicals-frequency-xxiv/4746/character-to-radical	XXIV	vocabulary	4746	zh-Hant	zh-Hant	鏖	"[""金""]"	[]		"[""zh-Hant.common.4343"",""zh.radical.kangxi.167""]"	[]	[]	sources/characters.tsv	frequency-order position 4746; Ministry common-character number 4343	鏖: frequency-order position 4746; absent from frequency corpus; appended in Ministry common-character-list order; Unihan kRSUnicode 167.11; Kangxi radical 167 金; Unihan kRSUnicode single radical assignment.	[]	"[""chinese"",""traditional"",""radicals"",""frequency"",""character-to-radical"",""one-way"",""part-24""]"
zh-traditional-radicals-frequency-xxiv/4747/character-to-radical	XXIV	vocabulary	4747	zh-Hant	zh-Hant	鏍	"[""金""]"	[]		"[""zh-Hant.common.4345"",""zh.radical.kangxi.167""]"	[]	[]	sources/characters.tsv	frequency-order position 4747; Ministry common-character number 4345	鏍: frequency-order position 4747; absent from frequency corpus; appended in Ministry common-character-list order; Unihan kRSUnicode 167.11; Kangxi radical 167 金; Unihan kRSUnicode single radical assignment.	[]	"[""chinese"",""traditional"",""radicals"",""frequency"",""character-to-radical"",""one-way"",""part-24""]"
zh-traditional-radicals-frequency-xxiv/4748/character-to-radical	XXIV	vocabulary	4748	zh-Hant	zh-Hant	鏗	"[""金""]"	[]		"[""zh-Hant.common.4348"",""zh.radical.kangxi.167""]"	[]	[]	sources/characters.tsv	frequency-order position 4748; Ministry common-character number 4348	鏗: frequency-order position 4748; absent from frequency corpus; appended in Ministry common-character-list order; Unihan kRSUnicode 167.11; Kangxi radical 167 金; Unihan kRSUnicode single radical assignment.	[]	"[""chinese"",""traditional"",""radicals"",""frequency"",""character-to-radical"",""one-way"",""part-24""]"
zh-traditional-radicals-frequency-xxiv/4749/character-to-radical	XXIV	vocabulary	4749	zh-Hant	zh-Hant	鐃	"[""金""]"	[]		"[""zh-Hant.common.4350"",""zh.radical.kangxi.167""]"	[]	[]	sources/characters.tsv	frequency-order position 4749; Ministry common-character number 4350	鐃: frequency-order position 4749; absent from frequency corpus; appended in Ministry common-character-list order; Unihan kRSUnicode 167.12; Kangxi radical 167 金; Unihan kRSUnicode single radical assignment.	[]	"[""chinese"",""traditional"",""radicals"",""frequency"",""character-to-radical"",""one-way"",""part-24""]"
zh-traditional-radicals-frequency-xxiv/4750/character-to-radical	XXIV	vocabulary	4750	zh-Hant	zh-Hant	鑣	"[""金""]"	[]		"[""zh-Hant.common.4361"",""zh.radical.kangxi.167""]"	[]	[]	sources/characters.tsv	frequency-order position 4750; Ministry common-character number 4361	鑣: frequency-order position 4750; absent from frequency corpus; appended in Ministry common-character-list order; Unihan kRSUnicode 167.15; Kangxi radical 167 金; Unihan kRSUnicode single radical assignment.	[]	"[""chinese"",""traditional"",""radicals"",""frequency"",""character-to-radical"",""one-way"",""part-24""]"
zh-traditional-radicals-frequency-xxiv/4751/character-to-radical	XXIV	vocabulary	4751	zh-Hant	zh-Hant	鑠	"[""金""]"	[]		"[""zh-Hant.common.4362"",""zh.radical.kangxi.167""]"	[]	[]	sources/characters.tsv	frequency-order position 4751; Ministry common-character number 4362	鑠: frequency-order position 4751; absent from frequency corpus; appended in Ministry common-character-list order; Unihan kRSUnicode 167.15; Kangxi radical 167 金; Unihan kRSUnicode single radical assignment.	[]	"[""chinese"",""traditional"",""radicals"",""frequency"",""character-to-radical"",""one-way"",""part-24""]"
zh-traditional-radicals-frequency-xxiv/4752/character-to-radical	XXIV	vocabulary	4752	zh-Hant	zh-Hant	閏	"[""門""]"	[]		"[""zh-Hant.common.4375"",""zh.radical.kangxi.169""]"	[]	[]	sources/characters.tsv	frequency-order position 4752; Ministry common-character number 4375	閏: frequency-order position 4752; absent from frequency corpus; appended in Ministry common-character-list order; Unihan kRSUnicode 169.4; Kangxi radical 169 門; Unihan kRSUnicode single radical assignment.	[]	"[""chinese"",""traditional"",""radicals"",""frequency"",""character-to-radical"",""one-way"",""part-24""]"
zh-traditional-radicals-frequency-xxiv/4753/character-to-radical	XXIV	vocabulary	4753	zh-Hant	zh-Hant	閭	"[""門""]"	[]		"[""zh-Hant.common.4387"",""zh.radical.kangxi.169""]"	[]	[]	sources/characters.tsv	frequency-order position 4753; Ministry common-character number 4387	閭: frequency-order position 4753; absent from frequency corpus; appended in Ministry common-character-list order; Unihan kRSUnicode 169.7; Kangxi radical 169 門; Unihan kRSUnicode single radical assignment.	[]	"[""chinese"",""traditional"",""radicals"",""frequency"",""character-to-radical"",""one-way"",""part-24""]"
zh-traditional-radicals-frequency-xxiv/4754/character-to-radical	XXIV	vocabulary	4754	zh-Hant	zh-Hant	闋	"[""門""]"	[]		"[""zh-Hant.common.4391"",""zh.radical.kangxi.169""]"	[]	[]	sources/characters.tsv	frequency-order position 4754; Ministry common-character number 4391	闋: frequency-order position 4754; absent from frequency corpus; appended in Ministry common-character-list order; Unihan kRSUnicode 169.9; Kangxi radical 169 門; Unihan kRSUnicode single radical assignment.	[]	"[""chinese"",""traditional"",""radicals"",""frequency"",""character-to-radical"",""one-way"",""part-24""]"
zh-traditional-radicals-frequency-xxiv/4755/character-to-radical	XXIV	vocabulary	4755	zh-Hant	zh-Hant	闈	"[""門""]"	[]		"[""zh-Hant.common.4393"",""zh.radical.kangxi.169""]"	[]	[]	sources/characters.tsv	frequency-order position 4755; Ministry common-character number 4393	闈: frequency-order position 4755; absent from frequency corpus; appended in Ministry common-character-list order; Unihan kRSUnicode 169.9; Kangxi radical 169 門; Unihan kRSUnicode single radical assignment.	[]	"[""chinese"",""traditional"",""radicals"",""frequency"",""character-to-radical"",""one-way"",""part-24""]"
zh-traditional-radicals-frequency-xxiv/4756/character-to-radical	XXIV	vocabulary	4756	zh-Hant	zh-Hant	阪	"[""阜""]"	[]		"[""zh-Hant.common.4406"",""zh.radical.kangxi.170""]"	[]	[]	sources/characters.tsv	frequency-order position 4756; Ministry common-character number 4406	阪: frequency-order position 4756; absent from frequency corpus; appended in Ministry common-character-list order; Unihan kRSUnicode 170.4; Kangxi radical 170 阜; Unihan kRSUnicode single radical assignment.	[]	"[""chinese"",""traditional"",""radicals"",""frequency"",""character-to-radical"",""one-way"",""part-24""]"
zh-traditional-radicals-frequency-xxiv/4757/character-to-radical	XXIV	vocabulary	4757	zh-Hant	zh-Hant	陝	"[""阜""]"	[]		"[""zh-Hant.common.4419"",""zh.radical.kangxi.170""]"	[]	[]	sources/characters.tsv	frequency-order position 4757; Ministry common-character number 4419	陝: frequency-order position 4757; absent from frequency corpus; appended in Ministry common-character-list order; Unihan kRSUnicode 170.7; Kangxi radical 170 阜; Unihan kRSUnicode single radical assignment.	[]	"[""chinese"",""traditional"",""radicals"",""frequency"",""character-to-radical"",""one-way"",""part-24""]"
zh-traditional-radicals-frequency-xxiv/4758/character-to-radical	XXIV	vocabulary	4758	zh-Hant	zh-Hant	陴	"[""阜""]"	[]		"[""zh-Hant.common.4426"",""zh.radical.kangxi.170""]"	[]	[]	sources/characters.tsv	frequency-order position 4758; Ministry common-character number 4426	陴: frequency-order position 4758; absent from frequency corpus; appended in Ministry common-character-list order; Unihan kRSUnicode 170.8; Kangxi radical 170 阜; Unihan kRSUnicode single radical assignment.	[]	"[""chinese"",""traditional"",""radicals"",""frequency"",""character-to-radical"",""one-way"",""part-24""]"
zh-traditional-radicals-frequency-xxiv/4759/character-to-radical	XXIV	vocabulary	4759	zh-Hant	zh-Hant	陲	"[""阜""]"	[]		"[""zh-Hant.common.4436"",""zh.radical.kangxi.170""]"	[]	[]	sources/characters.tsv	frequency-order position 4759; Ministry common-character number 4436	陲: frequency-order position 4759; absent from frequency corpus; appended in Ministry common-character-list order; Unihan kRSUnicode 170.8; Kangxi radical 170 阜; Unihan kRSUnicode single radical assignment.	[]	"[""chinese"",""traditional"",""radicals"",""frequency"",""character-to-radical"",""one-way"",""part-24""]"
zh-traditional-radicals-frequency-xxiv/4760/character-to-radical	XXIV	vocabulary	4760	zh-Hant	zh-Hant	霑	"[""雨""]"	[]		"[""zh-Hant.common.4482"",""zh.radical.kangxi.173""]"	[]	[]	sources/characters.tsv	frequency-order position 4760; Ministry common-character number 4482	霑: frequency-order position 4760; absent from frequency corpus; appended in Ministry common-character-list order; Unihan kRSUnicode 173.8; Kangxi radical 173 雨; Unihan kRSUnicode single radical assignment.	[]	"[""chinese"",""traditional"",""radicals"",""frequency"",""character-to-radical"",""one-way"",""part-24""]"
zh-traditional-radicals-frequency-xxiv/4761/character-to-radical	XXIV	vocabulary	4761	zh-Hant	zh-Hant	靦	"[""面""]"	[]		"[""zh-Hant.common.4507"",""zh.radical.kangxi.176""]"	[]	[]	sources/characters.tsv	frequency-order position 4761; Ministry common-character number 4507	靦: frequency-order position 4761; absent from frequency corpus; appended in Ministry common-character-list order; Unihan kRSUnicode 176.7; Kangxi radical 176 面; Unihan kRSUnicode single radical assignment.	[]	"[""chinese"",""traditional"",""radicals"",""frequency"",""character-to-radical"",""one-way"",""part-24""]"
zh-traditional-radicals-frequency-xxiv/4762/character-to-radical	XXIV	vocabulary	4762	zh-Hant	zh-Hant	靼	"[""革""]"	[]		"[""zh-Hant.common.4512"",""zh.radical.kangxi.177""]"	[]	[]	sources/characters.tsv	frequency-order position 4762; Ministry common-character number 4512	靼: frequency-order position 4762; absent from frequency corpus; appended in Ministry common-character-list order; Unihan kRSUnicode 177.5; Kangxi radical 177 革; Unihan kRSUnicode single radical assignment.	[]	"[""chinese"",""traditional"",""radicals"",""frequency"",""character-to-radical"",""one-way"",""part-24""]"
zh-traditional-radicals-frequency-xxiv/4763/character-to-radical	XXIV	vocabulary	4763	zh-Hant	zh-Hant	鞅	"[""革""]"	[]		"[""zh-Hant.common.4513"",""zh.radical.kangxi.177""]"	[]	[]	sources/characters.tsv	frequency-order position 4763; Ministry common-character number 4513	鞅: frequency-order position 4763; absent from frequency corpus; appended in Ministry common-character-list order; Unihan kRSUnicode 177.5; Kangxi radical 177 革; Unihan kRSUnicode single radical assignment.	[]	"[""chinese"",""traditional"",""radicals"",""frequency"",""character-to-radical"",""one-way"",""part-24""]"
zh-traditional-radicals-frequency-xxiv/4764/character-to-radical	XXIV	vocabulary	4764	zh-Hant	zh-Hant	鞘	"[""革""]"	[]		"[""zh-Hant.common.4517"",""zh.radical.kangxi.177""]"	[]	[]	sources/characters.tsv	frequency-order position 4764; Ministry common-character number 4517	鞘: frequency-order position 4764; absent from frequency corpus; appended in Ministry common-character-list order; Unihan kRSUnicode 177.7; Kangxi radical 177 革; Unihan kRSUnicode single radical assignment.	[]	"[""chinese"",""traditional"",""radicals"",""frequency"",""character-to-radical"",""one-way"",""part-24""]"
zh-traditional-radicals-frequency-xxiv/4765/character-to-radical	XXIV	vocabulary	4765	zh-Hant	zh-Hant	韃	"[""革""]"	[]		"[""zh-Hant.common.4522"",""zh.radical.kangxi.177""]"	[]	[]	sources/characters.tsv	frequency-order position 4765; Ministry common-character number 4522	韃: frequency-order position 4765; absent from frequency corpus; appended in Ministry common-character-list order; Unihan kRSUnicode 177.13; Kangxi radical 177 革; Unihan kRSUnicode single radical assignment.	[]	"[""chinese"",""traditional"",""radicals"",""frequency"",""character-to-radical"",""one-way"",""part-24""]"
zh-traditional-radicals-frequency-xxiv/4766/character-to-radical	XXIV	vocabulary	4766	zh-Hant	zh-Hant	頊	"[""頁""]"	[]		"[""zh-Hant.common.4545"",""zh.radical.kangxi.181""]"	[]	[]	sources/characters.tsv	frequency-order position 4766; Ministry common-character number 4545	頊: frequency-order position 4766; absent from frequency corpus; appended in Ministry common-character-list order; Unihan kRSUnicode 181.4; Kangxi radical 181 頁; Unihan kRSUnicode single radical assignment.	[]	"[""chinese"",""traditional"",""radicals"",""frequency"",""character-to-radical"",""one-way"",""part-24""]"
zh-traditional-radicals-frequency-xxiv/4767/character-to-radical	XXIV	vocabulary	4767	zh-Hant	zh-Hant	顓	"[""頁""]"	[]		"[""zh-Hant.common.4563"",""zh.radical.kangxi.181""]"	[]	[]	sources/characters.tsv	frequency-order position 4767; Ministry common-character number 4563	顓: frequency-order position 4767; absent from frequency corpus; appended in Ministry common-character-list order; Unihan kRSUnicode 181.9; Kangxi radical 181 頁; Unihan kRSUnicode single radical assignment.	[]	"[""chinese"",""traditional"",""radicals"",""frequency"",""character-to-radical"",""one-way"",""part-24""]"
zh-traditional-radicals-frequency-xxiv/4768/character-to-radical	XXIV	vocabulary	4768	zh-Hant	zh-Hant	颶	"[""風""]"	[]		"[""zh-Hant.common.4576"",""zh.radical.kangxi.182""]"	[]	[]	sources/characters.tsv	frequency-order position 4768; Ministry common-character number 4576	颶: frequency-order position 4768; absent from frequency corpus; appended in Ministry common-character-list order; Unihan kRSUnicode 182.8; Kangxi radical 182 風; Unihan kRSUnicode single radical assignment.	[]	"[""chinese"",""traditional"",""radicals"",""frequency"",""character-to-radical"",""one-way"",""part-24""]"
zh-traditional-radicals-frequency-xxiv/4769/character-to-radical	XXIV	vocabulary	4769	zh-Hant	zh-Hant	颺	"[""風""]"	[]		"[""zh-Hant.common.4577"",""zh.radical.kangxi.182""]"	[]	[]	sources/characters.tsv	frequency-order position 4769; Ministry common-character number 4577	颺: frequency-order position 4769; absent from frequency corpus; appended in Ministry common-character-list order; Unihan kRSUnicode 182.9; Kangxi radical 182 風; Unihan kRSUnicode single radical assignment.	[]	"[""chinese"",""traditional"",""radicals"",""frequency"",""character-to-radical"",""one-way"",""part-24""]"
zh-traditional-radicals-frequency-xxiv/4770/character-to-radical	XXIV	vocabulary	4770	zh-Hant	zh-Hant	飪	"[""食""]"	[]		"[""zh-Hant.common.4584"",""zh.radical.kangxi.184""]"	[]	[]	sources/characters.tsv	frequency-order position 4770; Ministry common-character number 4584	飪: frequency-order position 4770; absent from frequency corpus; appended in Ministry common-character-list order; Unihan kRSUnicode 184.4; Kangxi radical 184 食; Unihan kRSUnicode single radical assignment.	[]	"[""chinese"",""traditional"",""radicals"",""frequency"",""character-to-radical"",""one-way"",""part-24""]"
zh-traditional-radicals-frequency-xxiv/4771/character-to-radical	XXIV	vocabulary	4771	zh-Hant	zh-Hant	飩	"[""食""]"	[]		"[""zh-Hant.common.4586"",""zh.radical.kangxi.184""]"	[]	[]	sources/characters.tsv	frequency-order position 4771; Ministry common-character number 4586	飩: frequency-order position 4771; absent from frequency corpus; appended in Ministry common-character-list order; Unihan kRSUnicode 184.4; Kangxi radical 184 食; Unihan kRSUnicode single radical assignment.	[]	"[""chinese"",""traditional"",""radicals"",""frequency"",""character-to-radical"",""one-way"",""part-24""]"
zh-traditional-radicals-frequency-xxiv/4772/character-to-radical	XXIV	vocabulary	4772	zh-Hant	zh-Hant	飭	"[""食""]"	[]		"[""zh-Hant.common.4588"",""zh.radical.kangxi.184""]"	[]	[]	sources/characters.tsv	frequency-order position 4772; Ministry common-character number 4588	飭: frequency-order position 4772; absent from frequency corpus; appended in Ministry common-character-list order; Unihan kRSUnicode 184.4; Kangxi radical 184 食; Unihan kRSUnicode single radical assignment.	[]	"[""chinese"",""traditional"",""radicals"",""frequency"",""character-to-radical"",""one-way"",""part-24""]"
zh-traditional-radicals-frequency-xxiv/4773/character-to-radical	XXIV	vocabulary	4773	zh-Hant	zh-Hant	飴	"[""食""]"	[]		"[""zh-Hant.common.4590"",""zh.radical.kangxi.184""]"	[]	[]	sources/characters.tsv	frequency-order position 4773; Ministry common-character number 4590	飴: frequency-order position 4773; absent from frequency corpus; appended in Ministry common-character-list order; Unihan kRSUnicode 184.5; Kangxi radical 184 食; Unihan kRSUnicode single radical assignment.	[]	"[""chinese"",""traditional"",""radicals"",""frequency"",""character-to-radical"",""one-way"",""part-24""]"
zh-traditional-radicals-frequency-xxiv/4774/character-to-radical	XXIV	vocabulary	4774	zh-Hant	zh-Hant	餉	"[""食""]"	[]		"[""zh-Hant.common.4596"",""zh.radical.kangxi.184""]"	[]	[]	sources/characters.tsv	frequency-order position 4774; Ministry common-character number 4596	餉: frequency-order position 4774; absent from frequency corpus; appended in Ministry common-character-list order; Unihan kRSUnicode 184.6; Kangxi radical 184 食; Unihan kRSUnicode single radical assignment.	[]	"[""chinese"",""traditional"",""radicals"",""frequency"",""character-to-radical"",""one-way"",""part-24""]"
zh-traditional-radicals-frequency-xxiv/4775/character-to-radical	XXIV	vocabulary	4775	zh-Hant	zh-Hant	餛	"[""食""]"	[]		"[""zh-Hant.common.4604"",""zh.radical.kangxi.184""]"	[]	[]	sources/characters.tsv	frequency-order position 4775; Ministry common-character number 4604	餛: frequency-order position 4775; absent from frequency corpus; appended in Ministry common-character-list order; Unihan kRSUnicode 184.8; Kangxi radical 184 食; Unihan kRSUnicode single radical assignment.	[]	"[""chinese"",""traditional"",""radicals"",""frequency"",""character-to-radical"",""one-way"",""part-24""]"
zh-traditional-radicals-frequency-xxiv/4776/character-to-radical	XXIV	vocabulary	4776	zh-Hant	zh-Hant	餿	"[""食""]"	[]		"[""zh-Hant.common.4608"",""zh.radical.kangxi.184""]"	[]	[]	sources/characters.tsv	frequency-order position 4776; Ministry common-character number 4608	餿: frequency-order position 4776; absent from frequency corpus; appended in Ministry common-character-list order; Unihan kRSUnicode 184.10; Kangxi radical 184 食; Unihan kRSUnicode single radical assignment.	[]	"[""chinese"",""traditional"",""radicals"",""frequency"",""character-to-radical"",""one-way"",""part-24""]"
zh-traditional-radicals-frequency-xxiv/4777/character-to-radical	XXIV	vocabulary	4777	zh-Hant	zh-Hant	饜	"[""食""]"	[]		"[""zh-Hant.common.4613"",""zh.radical.kangxi.184""]"	[]	[]	sources/characters.tsv	frequency-order position 4777; Ministry common-character number 4613	饜: frequency-order position 4777; absent from frequency corpus; appended in Ministry common-character-list order; Unihan kRSUnicode 184.14; Kangxi radical 184 食; Unihan kRSUnicode single radical assignment.	[]	"[""chinese"",""traditional"",""radicals"",""frequency"",""character-to-radical"",""one-way"",""part-24""]"
zh-traditional-radicals-frequency-xxiv/4778/character-to-radical	XXIV	vocabulary	4778	zh-Hant	zh-Hant	駑	"[""馬""]"	[]		"[""zh-Hant.common.4630"",""zh.radical.kangxi.187""]"	[]	[]	sources/characters.tsv	frequency-order position 4778; Ministry common-character number 4630	駑: frequency-order position 4778; absent from frequency corpus; appended in Ministry common-character-list order; Unihan kRSUnicode 187.5; Kangxi radical 187 馬; Unihan kRSUnicode single radical assignment.	[]	"[""chinese"",""traditional"",""radicals"",""frequency"",""character-to-radical"",""one-way"",""part-24""]"
zh-traditional-radicals-frequency-xxiv/4779/character-to-radical	XXIV	vocabulary	4779	zh-Hant	zh-Hant	駒	"[""馬""]"	[]		"[""zh-Hant.common.4632"",""zh.radical.kangxi.187""]"	[]	[]	sources/characters.tsv	frequency-order position 4779; Ministry common-character number 4632	駒: frequency-order position 4779; absent from frequency corpus; appended in Ministry common-character-list order; Unihan kRSUnicode 187.5; Kangxi radical 187 馬; Unihan kRSUnicode single radical assignment.	[]	"[""chinese"",""traditional"",""radicals"",""frequency"",""character-to-radical"",""one-way"",""part-24""]"
zh-traditional-radicals-frequency-xxiv/4780/character-to-radical	XXIV	vocabulary	4780	zh-Hant	zh-Hant	騖	"[""馬""]"	[]		"[""zh-Hant.common.4640"",""zh.radical.kangxi.187""]"	[]	[]	sources/characters.tsv	frequency-order position 4780; Ministry common-character number 4640	騖: frequency-order position 4780; absent from frequency corpus; appended in Ministry common-character-list order; Unihan kRSUnicode 187.9; Kangxi radical 187 馬; Unihan kRSUnicode single radical assignment.	[]	"[""chinese"",""traditional"",""radicals"",""frequency"",""character-to-radical"",""one-way"",""part-24""]"
zh-traditional-radicals-frequency-xxiv/4781/character-to-radical	XXIV	vocabulary	4781	zh-Hant	zh-Hant	驀	"[""馬""]"	[]		"[""zh-Hant.common.4647"",""zh.radical.kangxi.187""]"	[]	[]	sources/characters.tsv	frequency-order position 4781; Ministry common-character number 4647	驀: frequency-order position 4781; absent from frequency corpus; appended in Ministry common-character-list order; Unihan kRSUnicode 187.11; Kangxi radical 187 馬; Unihan kRSUnicode single radical assignment.	[]	"[""chinese"",""traditional"",""radicals"",""frequency"",""character-to-radical"",""one-way"",""part-24""]"
zh-traditional-radicals-frequency-xxiv/4782/character-to-radical	XXIV	vocabulary	4782	zh-Hant	zh-Hant	髦	"[""髟""]"	[]		"[""zh-Hant.common.4668"",""zh.radical.kangxi.190""]"	[]	[]	sources/characters.tsv	frequency-order position 4782; Ministry common-character number 4668	髦: frequency-order position 4782; absent from frequency corpus; appended in Ministry common-character-list order; Unihan kRSUnicode 190.4; Kangxi radical 190 髟; Unihan kRSUnicode single radical assignment.	[]	"[""chinese"",""traditional"",""radicals"",""frequency"",""character-to-radical"",""one-way"",""part-24""]"
zh-traditional-radicals-frequency-xxiv/4783/character-to-radical	XXIV	vocabulary	4783	zh-Hant	zh-Hant	髯	"[""髟""]"	[]		"[""zh-Hant.common.4670"",""zh.radical.kangxi.190""]"	[]	[]	sources/characters.tsv	frequency-order position 4783; Ministry common-character number 4670	髯: frequency-order position 4783; absent from frequency corpus; appended in Ministry common-character-list order; Unihan kRSUnicode 190.5; Kangxi radical 190 髟; Unihan kRSUnicode single radical assignment.	[]	"[""chinese"",""traditional"",""radicals"",""frequency"",""character-to-radical"",""one-way"",""part-24""]"
zh-traditional-radicals-frequency-xxiv/4784/character-to-radical	XXIV	vocabulary	4784	zh-Hant	zh-Hant	髭	"[""髟""]"	[]		"[""zh-Hant.common.4672"",""zh.radical.kangxi.190""]"	[]	[]	sources/characters.tsv	frequency-order position 4784; Ministry common-character number 4672	髭: frequency-order position 4784; absent from frequency corpus; appended in Ministry common-character-list order; Unihan kRSUnicode 190.5; Kangxi radical 190 髟; Unihan kRSUnicode single radical assignment.	[]	"[""chinese"",""traditional"",""radicals"",""frequency"",""character-to-radical"",""one-way"",""part-24""]"
zh-traditional-radicals-frequency-xxiv/4785/character-to-radical	XXIV	vocabulary	4785	zh-Hant	zh-Hant	鬨	"[""鬥""]"	[]		"[""zh-Hant.common.4680"",""zh.radical.kangxi.191""]"	[]	[]	sources/characters.tsv	frequency-order position 4785; Ministry common-character number 4680	鬨: frequency-order position 4785; absent from frequency corpus; appended in Ministry common-character-list order; Unihan kRSUnicode 191.6; Kangxi radical 191 鬥; Unihan kRSUnicode single radical assignment.	[]	"[""chinese"",""traditional"",""radicals"",""frequency"",""character-to-radical"",""one-way"",""part-24""]"
zh-traditional-radicals-frequency-xxiv/4786/character-to-radical	XXIV	vocabulary	4786	zh-Hant	zh-Hant	魘	"[""鬼""]"	[]		"[""zh-Hant.common.4690"",""zh.radical.kangxi.194""]"	[]	[]	sources/characters.tsv	frequency-order position 4786; Ministry common-character number 4690	魘: frequency-order position 4786; absent from frequency corpus; appended in Ministry common-character-list order; Unihan kRSUnicode 194.14; Kangxi radical 194 鬼; Unihan kRSUnicode single radical assignment.	[]	"[""chinese"",""traditional"",""radicals"",""frequency"",""character-to-radical"",""one-way"",""part-24""]"
zh-traditional-radicals-frequency-xxiv/4787/character-to-radical	XXIV	vocabulary	4787	zh-Hant	zh-Hant	鮫	"[""魚""]"	[]		"[""zh-Hant.common.4696"",""zh.radical.kangxi.195""]"	[]	[]	sources/characters.tsv	frequency-order position 4787; Ministry common-character number 4696	鮫: frequency-order position 4787; absent from frequency corpus; appended in Ministry common-character-list order; Unihan kRSUnicode 195.6; Kangxi radical 195 魚; Unihan kRSUnicode single radical assignment.	[]	"[""chinese"",""traditional"",""radicals"",""frequency"",""character-to-radical"",""one-way"",""part-24""]"
zh-traditional-radicals-frequency-xxiv/4788/character-to-radical	XXIV	vocabulary	4788	zh-Hant	zh-Hant	鯧	"[""魚""]"	[]		"[""zh-Hant.common.4702"",""zh.radical.kangxi.195""]"	[]	[]	sources/characters.tsv	frequency-order position 4788; Ministry common-character number 4702	鯧: frequency-order position 4788; absent from frequency corpus; appended in Ministry common-character-list order; Unihan kRSUnicode 195.8; Kangxi radical 195 魚; Unihan kRSUnicode single radical assignment.	[]	"[""chinese"",""traditional"",""radicals"",""frequency"",""character-to-radical"",""one-way"",""part-24""]"
zh-traditional-radicals-frequency-xxiv/4789/character-to-radical	XXIV	vocabulary	4789	zh-Hant	zh-Hant	鰥	"[""魚""]"	[]		"[""zh-Hant.common.4706"",""zh.radical.kangxi.195""]"	[]	[]	sources/characters.tsv	frequency-order position 4789; Ministry common-character number 4706	鰥: frequency-order position 4789; absent from frequency corpus; appended in Ministry common-character-list order; Unihan kRSUnicode 195.10; Kangxi radical 195 魚; Unihan kRSUnicode single radical assignment.	[]	"[""chinese"",""traditional"",""radicals"",""frequency"",""character-to-radical"",""one-way"",""part-24""]"
zh-traditional-radicals-frequency-xxiv/4790/character-to-radical	XXIV	vocabulary	4790	zh-Hant	zh-Hant	鰱	"[""魚""]"	[]		"[""zh-Hant.common.4708"",""zh.radical.kangxi.195""]"	[]	[]	sources/characters.tsv	frequency-order position 4790; Ministry common-character number 4708	鰱: frequency-order position 4790; absent from frequency corpus; appended in Ministry common-character-list order; Unihan kRSUnicode 195.11; Kangxi radical 195 魚; Unihan kRSUnicode single radical assignment.	[]	"[""chinese"",""traditional"",""radicals"",""frequency"",""character-to-radical"",""one-way"",""part-24""]"
zh-traditional-radicals-frequency-xxiv/4791/character-to-radical	XXIV	vocabulary	4791	zh-Hant	zh-Hant	鴆	"[""鳥""]"	[]		"[""zh-Hant.common.4721"",""zh.radical.kangxi.196""]"	[]	[]	sources/characters.tsv	frequency-order position 4791; Ministry common-character number 4721	鴆: frequency-order position 4791; absent from frequency corpus; appended in Ministry common-character-list order; Unihan kRSUnicode 196.4; Kangxi radical 196 鳥; Unihan kRSUnicode single radical assignment.	[]	"[""chinese"",""traditional"",""radicals"",""frequency"",""character-to-radical"",""one-way"",""part-24""]"
zh-traditional-radicals-frequency-xxiv/4792/character-to-radical	XXIV	vocabulary	4792	zh-Hant	zh-Hant	鴣	"[""鳥""]"	[]		"[""zh-Hant.common.4724"",""zh.radical.kangxi.196""]"	[]	[]	sources/characters.tsv	frequency-order position 4792; Ministry common-character number 4724	鴣: frequency-order position 4792; absent from frequency corpus; appended in Ministry common-character-list order; Unihan kRSUnicode 196.5; Kangxi radical 196 鳥; Unihan kRSUnicode single radical assignment.	[]	"[""chinese"",""traditional"",""radicals"",""frequency"",""character-to-radical"",""one-way"",""part-24""]"
zh-traditional-radicals-frequency-xxiv/4793/character-to-radical	XXIV	vocabulary	4793	zh-Hant	zh-Hant	鷓	"[""鳥""]"	[]		"[""zh-Hant.common.4742"",""zh.radical.kangxi.196""]"	[]	[]	sources/characters.tsv	frequency-order position 4793; Ministry common-character number 4742	鷓: frequency-order position 4793; absent from frequency corpus; appended in Ministry common-character-list order; Unihan kRSUnicode 196.11; Kangxi radical 196 鳥; Unihan kRSUnicode single radical assignment.	[]	"[""chinese"",""traditional"",""radicals"",""frequency"",""character-to-radical"",""one-way"",""part-24""]"
zh-traditional-radicals-frequency-xxiv/4794/character-to-radical	XXIV	vocabulary	4794	zh-Hant	zh-Hant	麂	"[""鹿""]"	[]		"[""zh-Hant.common.4753"",""zh.radical.kangxi.198""]"	[]	[]	sources/characters.tsv	frequency-order position 4794; Ministry common-character number 4753	麂: frequency-order position 4794; absent from frequency corpus; appended in Ministry common-character-list order; Unihan kRSUnicode 198.2; Kangxi radical 198 鹿; Unihan kRSUnicode single radical assignment.	[]	"[""chinese"",""traditional"",""radicals"",""frequency"",""character-to-radical"",""one-way"",""part-24""]"
zh-traditional-radicals-frequency-xxiv/4795/character-to-radical	XXIV	vocabulary	4795	zh-Hant	zh-Hant	麋	"[""鹿""]"	[]		"[""zh-Hant.common.4754"",""zh.radical.kangxi.198""]"	[]	[]	sources/characters.tsv	frequency-order position 4795; Ministry common-character number 4754	麋: frequency-order position 4795; absent from frequency corpus; appended in Ministry common-character-list order; Unihan kRSUnicode 198.6; Kangxi radical 198 鹿; Unihan kRSUnicode single radical assignment.	[]	"[""chinese"",""traditional"",""radicals"",""frequency"",""character-to-radical"",""one-way"",""part-24""]"
zh-traditional-radicals-frequency-xxiv/4796/character-to-radical	XXIV	vocabulary	4796	zh-Hant	zh-Hant	麩	"[""麥""]"	[]		"[""zh-Hant.common.4761"",""zh.radical.kangxi.199""]"	[]	[]	sources/characters.tsv	frequency-order position 4796; Ministry common-character number 4761	麩: frequency-order position 4796; absent from frequency corpus; appended in Ministry common-character-list order; Unihan kRSUnicode 199.4; Kangxi radical 199 麥; Unihan kRSUnicode single radical assignment.	[]	"[""chinese"",""traditional"",""radicals"",""frequency"",""character-to-radical"",""one-way"",""part-24""]"
zh-traditional-radicals-frequency-xxiv/4797/character-to-radical	XXIV	vocabulary	4797	zh-Hant	zh-Hant	麴	"[""麥""]"	[]		"[""zh-Hant.common.4762"",""zh.radical.kangxi.199""]"	[]	[]	sources/characters.tsv	frequency-order position 4797; Ministry common-character number 4762	麴: frequency-order position 4797; absent from frequency corpus; appended in Ministry common-character-list order; Unihan kRSUnicode 199.8; Kangxi radical 199 麥; Unihan kRSUnicode single radical assignment.	[]	"[""chinese"",""traditional"",""radicals"",""frequency"",""character-to-radical"",""one-way"",""part-24""]"
zh-traditional-radicals-frequency-xxiv/4798/character-to-radical	XXIV	vocabulary	4798	zh-Hant	zh-Hant	麾	"[""麻""]"	[]		"[""zh-Hant.common.4766"",""zh.radical.kangxi.200""]"	[]	[]	sources/characters.tsv	frequency-order position 4798; Ministry common-character number 4766	麾: frequency-order position 4798; absent from frequency corpus; appended in Ministry common-character-list order; Unihan kRSUnicode 200.4; Kangxi radical 200 麻; Unihan kRSUnicode single radical assignment.	[]	"[""chinese"",""traditional"",""radicals"",""frequency"",""character-to-radical"",""one-way"",""part-24""]"
zh-traditional-radicals-frequency-xxiv/4799/character-to-radical	XXIV	vocabulary	4799	zh-Hant	zh-Hant	黔	"[""黑""]"	[]		"[""zh-Hant.common.4774"",""zh.radical.kangxi.203""]"	[]	[]	sources/characters.tsv	frequency-order position 4799; Ministry common-character number 4774	黔: frequency-order position 4799; absent from frequency corpus; appended in Ministry common-character-list order; Unihan kRSUnicode 203.4; Kangxi radical 203 黑; Unihan kRSUnicode single radical assignment.	[]	"[""chinese"",""traditional"",""radicals"",""frequency"",""character-to-radical"",""one-way"",""part-24""]"
zh-traditional-radicals-frequency-xxiv/4800/character-to-radical	XXIV	vocabulary	4800	zh-Hant	zh-Hant	黜	"[""黑""]"	[]		"[""zh-Hant.common.4776"",""zh.radical.kangxi.203""]"	[]	[]	sources/characters.tsv	frequency-order position 4800; Ministry common-character number 4776	黜: frequency-order position 4800; absent from frequency corpus; appended in Ministry common-character-list order; Unihan kRSUnicode 203.5; Kangxi radical 203 黑; Unihan kRSUnicode single radical assignment.	[]	"[""chinese"",""traditional"",""radicals"",""frequency"",""character-to-radical"",""one-way"",""part-24""]"
zh-traditional-radicals-frequency-xxiv/4801/character-to-radical	XXIV	vocabulary	4801	zh-Hant	zh-Hant	黠	"[""黑""]"	[]		"[""zh-Hant.common.4779"",""zh.radical.kangxi.203""]"	[]	[]	sources/characters.tsv	frequency-order position 4801; Ministry common-character number 4779	黠: frequency-order position 4801; absent from frequency corpus; appended in Ministry common-character-list order; Unihan kRSUnicode 203.6; Kangxi radical 203 黑; Unihan kRSUnicode single radical assignment.	[]	"[""chinese"",""traditional"",""radicals"",""frequency"",""character-to-radical"",""one-way"",""part-24""]"
zh-traditional-radicals-frequency-xxiv/4802/character-to-radical	XXIV	vocabulary	4802	zh-Hant	zh-Hant	黷	"[""黑""]"	[]		"[""zh-Hant.common.4783"",""zh.radical.kangxi.203""]"	[]	[]	sources/characters.tsv	frequency-order position 4802; Ministry common-character number 4783	黷: frequency-order position 4802; absent from frequency corpus; appended in Ministry common-character-list order; Unihan kRSUnicode 203.15; Kangxi radical 203 黑; Unihan kRSUnicode single radical assignment.	[]	"[""chinese"",""traditional"",""radicals"",""frequency"",""character-to-radical"",""one-way"",""part-24""]"
zh-traditional-radicals-frequency-xxiv/4803/character-to-radical	XXIV	vocabulary	4803	zh-Hant	zh-Hant	鼇	"[""黽""]"	[]		"[""zh-Hant.common.4784"",""zh.radical.kangxi.205""]"	[]	[]	sources/characters.tsv	frequency-order position 4803; Ministry common-character number 4784	鼇: frequency-order position 4803; absent from frequency corpus; appended in Ministry common-character-list order; Unihan kRSUnicode 205.10; Kangxi radical 205 黽; Unihan kRSUnicode single radical assignment.	[]	"[""chinese"",""traditional"",""radicals"",""frequency"",""character-to-radical"",""one-way"",""part-24""]"
zh-traditional-radicals-frequency-xxiv/4804/character-to-radical	XXIV	vocabulary	4804	zh-Hant	zh-Hant	鼕	"[""鼓""]"	[]		"[""zh-Hant.common.4787"",""zh.radical.kangxi.207""]"	[]	[]	sources/characters.tsv	frequency-order position 4804; Ministry common-character number 4787	鼕: frequency-order position 4804; absent from frequency corpus; appended in Ministry common-character-list order; Unihan kRSUnicode 207.5; Kangxi radical 207 鼓; Unihan kRSUnicode single radical assignment.	[]	"[""chinese"",""traditional"",""radicals"",""frequency"",""character-to-radical"",""one-way"",""part-24""]"
zh-traditional-radicals-frequency-xxiv/4805/character-to-radical	XXIV	vocabulary	4805	zh-Hant	zh-Hant	鼙	"[""鼓""]"	[]		"[""zh-Hant.common.4788"",""zh.radical.kangxi.207""]"	[]	[]	sources/characters.tsv	frequency-order position 4805; Ministry common-character number 4788	鼙: frequency-order position 4805; absent from frequency corpus; appended in Ministry common-character-list order; Unihan kRSUnicode 207.8; Kangxi radical 207 鼓; Unihan kRSUnicode single radical assignment.	[]	"[""chinese"",""traditional"",""radicals"",""frequency"",""character-to-radical"",""one-way"",""part-24""]"
zh-traditional-radicals-frequency-xxiv/4806/character-to-radical	XXIV	vocabulary	4806	zh-Hant	zh-Hant	齟	"[""齒""]"	[]		"[""zh-Hant.common.4797"",""zh.radical.kangxi.211""]"	[]	[]	sources/characters.tsv	frequency-order position 4806; Ministry common-character number 4797	齟: frequency-order position 4806; absent from frequency corpus; appended in Ministry common-character-list order; Unihan kRSUnicode 211.5; Kangxi radical 211 齒; Unihan kRSUnicode single radical assignment.	[]	"[""chinese"",""traditional"",""radicals"",""frequency"",""character-to-radical"",""one-way"",""part-24""]"
zh-traditional-radicals-frequency-xxiv/4807/character-to-radical	XXIV	vocabulary	4807	zh-Hant	zh-Hant	齬	"[""齒""]"	[]		"[""zh-Hant.common.4802"",""zh.radical.kangxi.211""]"	[]	[]	sources/characters.tsv	frequency-order position 4807; Ministry common-character number 4802	齬: frequency-order position 4807; absent from frequency corpus; appended in Ministry common-character-list order; Unihan kRSUnicode 211.7; Kangxi radical 211 齒; Unihan kRSUnicode single radical assignment.	[]	"[""chinese"",""traditional"",""radicals"",""frequency"",""character-to-radical"",""one-way"",""part-24""]"
zh-traditional-radicals-frequency-xxiv/4808/character-to-radical	XXIV	vocabulary	4808	zh-Hant	zh-Hant	龔	"[""龍""]"	[]		"[""zh-Hant.common.4807"",""zh.radical.kangxi.212""]"	[]	[]	sources/characters.tsv	frequency-order position 4808; Ministry common-character number 4807	龔: frequency-order position 4808; absent from frequency corpus; appended in Ministry common-character-list order; Unihan kRSUnicode 212.6; Kangxi radical 212 龍; Unihan kRSUnicode single radical assignment.	[]	"[""chinese"",""traditional"",""radicals"",""frequency"",""character-to-radical"",""one-way"",""part-24""]"
