card_id	deck	kind	source_chapter	prompt_language	answer_language	prompt	accepted_answers	distractors	explanation	lexical_ids	grammar_ids	geographic_ids	provenance_path	provenance_locator	provenance_evidence	examples	tags
zh-traditional-radicals-frequency-viii/1401/character-to-radical	VIII	vocabulary	1401	zh-Hant	zh-Hant	職	"[""耳""]"	[]		"[""zh-Hant.frequency.1402"",""zh.radical.kangxi.128""]"	[]	[]	sources/characters.tsv	frequency-order position 1401; corpus frequency rank 1402; Ministry common-character number 3279	職: frequency-order position 1401; corpus frequency rank 1402; 109 appearances (0.00903%); Unihan kRSUnicode 128.12; Kangxi radical 128 耳; Unihan kRSUnicode single radical assignment.	[]	"[""chinese"",""traditional"",""radicals"",""frequency"",""character-to-radical"",""one-way"",""part-8""]"
zh-traditional-radicals-frequency-viii/1402/character-to-radical	VIII	vocabulary	1402	zh-Hant	zh-Hant	珊	"[""玉""]"	[]		"[""zh-Hant.frequency.1403"",""zh.radical.kangxi.096""]"	[]	[]	sources/characters.tsv	frequency-order position 1402; corpus frequency rank 1403; Ministry common-character number 2560	珊: frequency-order position 1402; corpus frequency rank 1403; 108 appearances (0.00894%); Unihan kRSUnicode 96.5; Kangxi radical 96 玉; Unihan kRSUnicode single radical assignment.	[]	"[""chinese"",""traditional"",""radicals"",""frequency"",""character-to-radical"",""one-way"",""part-8""]"
zh-traditional-radicals-frequency-viii/1403/character-to-radical	VIII	vocabulary	1403	zh-Hant	zh-Hant	誤	"[""言""]"	[]		"[""zh-Hant.frequency.1404"",""zh.radical.kangxi.149""]"	[]	[]	sources/characters.tsv	frequency-order position 1403; corpus frequency rank 1404; Ministry common-character number 3838	誤: frequency-order position 1403; corpus frequency rank 1404; 108 appearances (0.00894%); Unihan kRSUnicode 149.7; Kangxi radical 149 言; Unihan kRSUnicode single radical assignment.	[]	"[""chinese"",""traditional"",""radicals"",""frequency"",""character-to-radical"",""one-way"",""part-8""]"
zh-traditional-radicals-frequency-viii/1404/character-to-radical	VIII	vocabulary	1404	zh-Hant	zh-Hant	奔	"[""大""]"	[]		"[""zh-Hant.frequency.1405"",""zh.radical.kangxi.037""]"	[]	[]	sources/characters.tsv	frequency-order position 1404; corpus frequency rank 1405; Ministry common-character number 862	奔: frequency-order position 1404; corpus frequency rank 1405; 107 appearances (0.00886%); Unihan kRSUnicode 37.5; Kangxi radical 37 大; Unihan kRSUnicode single radical assignment.	[]	"[""chinese"",""traditional"",""radicals"",""frequency"",""character-to-radical"",""one-way"",""part-8""]"
zh-traditional-radicals-frequency-viii/1405/character-to-radical	VIII	vocabulary	1405	zh-Hant	zh-Hant	拔	"[""手""]"	[]		"[""zh-Hant.frequency.1406"",""zh.radical.kangxi.064""]"	[]	[]	sources/characters.tsv	frequency-order position 1405; corpus frequency rank 1406; Ministry common-character number 1534	拔: frequency-order position 1405; corpus frequency rank 1406; 107 appearances (0.00886%); Unihan kRSUnicode 64.5; Kangxi radical 64 手; Unihan kRSUnicode single radical assignment.	[]	"[""chinese"",""traditional"",""radicals"",""frequency"",""character-to-radical"",""one-way"",""part-8""]"
zh-traditional-radicals-frequency-viii/1406/character-to-radical	VIII	vocabulary	1406	zh-Hant	zh-Hant	析	"[""木""]"	[]		"[""zh-Hant.frequency.1407"",""zh.radical.kangxi.075""]"	[]	[]	sources/characters.tsv	frequency-order position 1406; corpus frequency rank 1407; Ministry common-character number 1887	析: frequency-order position 1406; corpus frequency rank 1407; 107 appearances (0.00886%); Unihan kRSUnicode 75.4; Kangxi radical 75 木; Unihan kRSUnicode single radical assignment.	[]	"[""chinese"",""traditional"",""radicals"",""frequency"",""character-to-radical"",""one-way"",""part-8""]"
zh-traditional-radicals-frequency-viii/1407/character-to-radical	VIII	vocabulary	1407	zh-Hant	zh-Hant	朗	"[""月""]"	[]		"[""zh-Hant.frequency.1408"",""zh.radical.kangxi.074""]"	[]	[]	sources/characters.tsv	frequency-order position 1407; corpus frequency rank 1408; Ministry common-character number 1847	朗: frequency-order position 1407; corpus frequency rank 1408; 107 appearances (0.00886%); Unihan kRSUnicode 74.7; Kangxi radical 74 月; Unihan kRSUnicode single radical assignment.	[]	"[""chinese"",""traditional"",""radicals"",""frequency"",""character-to-radical"",""one-way"",""part-8""]"
zh-traditional-radicals-frequency-viii/1408/character-to-radical	VIII	vocabulary	1408	zh-Hant	zh-Hant	梯	"[""木""]"	[]		"[""zh-Hant.frequency.1409"",""zh.radical.kangxi.075""]"	[]	[]	sources/characters.tsv	frequency-order position 1408; corpus frequency rank 1409; Ministry common-character number 1933	梯: frequency-order position 1408; corpus frequency rank 1409; 107 appearances (0.00886%); Unihan kRSUnicode 75.7; Kangxi radical 75 木; Unihan kRSUnicode single radical assignment.	[]	"[""chinese"",""traditional"",""radicals"",""frequency"",""character-to-radical"",""one-way"",""part-8""]"
zh-traditional-radicals-frequency-viii/1409/character-to-radical	VIII	vocabulary	1409	zh-Hant	zh-Hant	遭	"[""辵""]"	[]		"[""zh-Hant.frequency.1410"",""zh.radical.kangxi.162""]"	[]	[]	sources/characters.tsv	frequency-order position 1409; corpus frequency rank 1410; Ministry common-character number 4181	遭: frequency-order position 1409; corpus frequency rank 1410; 107 appearances (0.00886%); Unihan kRSUnicode 162.11; Kangxi radical 162 辵; Unihan kRSUnicode single radical assignment.	[]	"[""chinese"",""traditional"",""radicals"",""frequency"",""character-to-radical"",""one-way"",""part-8""]"
zh-traditional-radicals-frequency-viii/1410/character-to-radical	VIII	vocabulary	1410	zh-Hant	zh-Hant	鬆	"[""髟""]"	[]		"[""zh-Hant.frequency.1411"",""zh.radical.kangxi.190""]"	[]	[]	sources/characters.tsv	frequency-order position 1410; corpus frequency rank 1411; Ministry common-character number 4674	鬆: frequency-order position 1410; corpus frequency rank 1411; 107 appearances (0.00886%); Unihan kRSUnicode 190.8; Kangxi radical 190 髟; Unihan kRSUnicode single radical assignment.	[]	"[""chinese"",""traditional"",""radicals"",""frequency"",""character-to-radical"",""one-way"",""part-8""]"
zh-traditional-radicals-frequency-viii/1411/character-to-radical	VIII	vocabulary	1411	zh-Hant	zh-Hant	蘿	"[""艸""]"	[]		"[""zh-Hant.frequency.1412"",""zh.radical.kangxi.140""]"	[]	[]	sources/characters.tsv	frequency-order position 1411; corpus frequency rank 1412; Ministry common-character number 3603	蘿: frequency-order position 1411; corpus frequency rank 1412; 107 appearances (0.00886%); Unihan kRSUnicode 140.19; Kangxi radical 140 艸; Unihan kRSUnicode single radical assignment.	[]	"[""chinese"",""traditional"",""radicals"",""frequency"",""character-to-radical"",""one-way"",""part-8""]"
zh-traditional-radicals-frequency-viii/1412/character-to-radical	VIII	vocabulary	1412	zh-Hant	zh-Hant	奉	"[""大""]"	[]		"[""zh-Hant.frequency.1414"",""zh.radical.kangxi.037""]"	[]	[]	sources/characters.tsv	frequency-order position 1412; corpus frequency rank 1414; Ministry common-character number 858	奉: frequency-order position 1412; corpus frequency rank 1414; 106 appearances (0.00878%); Unihan kRSUnicode 37.5; Kangxi radical 37 大; Unihan kRSUnicode single radical assignment.	[]	"[""chinese"",""traditional"",""radicals"",""frequency"",""character-to-radical"",""one-way"",""part-8""]"
zh-traditional-radicals-frequency-viii/1413/character-to-radical	VIII	vocabulary	1413	zh-Hant	zh-Hant	屆	"[""尸""]"	[]		"[""zh-Hant.frequency.1415"",""zh.radical.kangxi.044""]"	[]	[]	sources/characters.tsv	frequency-order position 1413; corpus frequency rank 1415; Ministry common-character number 1085	屆: frequency-order position 1413; corpus frequency rank 1415; 106 appearances (0.00878%); Unihan kRSUnicode 44.5; Kangxi radical 44 尸; Unihan kRSUnicode single radical assignment.	[]	"[""chinese"",""traditional"",""radicals"",""frequency"",""character-to-radical"",""one-way"",""part-8""]"
zh-traditional-radicals-frequency-viii/1414/character-to-radical	VIII	vocabulary	1414	zh-Hant	zh-Hant	霧	"[""雨""]"	[]		"[""zh-Hant.frequency.1416"",""zh.radical.kangxi.173""]"	[]	[]	sources/characters.tsv	frequency-order position 1414; corpus frequency rank 1416; Ministry common-character number 4490	霧: frequency-order position 1414; corpus frequency rank 1416; 106 appearances (0.00878%); Unihan kRSUnicode 173.11; Kangxi radical 173 雨; Unihan kRSUnicode single radical assignment.	[]	"[""chinese"",""traditional"",""radicals"",""frequency"",""character-to-radical"",""one-way"",""part-8""]"
zh-traditional-radicals-frequency-viii/1415/character-to-radical	VIII	vocabulary	1415	zh-Hant	zh-Hant	宋	"[""宀""]"	[]		"[""zh-Hant.frequency.1417"",""zh.radical.kangxi.040""]"	[]	[]	sources/characters.tsv	frequency-order position 1415; corpus frequency rank 1417; Ministry common-character number 1011	宋: frequency-order position 1415; corpus frequency rank 1417; 106 appearances (0.00878%); Unihan kRSUnicode 40.4; Kangxi radical 40 宀; Unihan kRSUnicode single radical assignment.	[]	"[""chinese"",""traditional"",""radicals"",""frequency"",""character-to-radical"",""one-way"",""part-8""]"
zh-traditional-radicals-frequency-viii/1416/character-to-radical	VIII	vocabulary	1416	zh-Hant	zh-Hant	捨	"[""手""]"	[]		"[""zh-Hant.frequency.1418"",""zh.radical.kangxi.064""]"	[]	[]	sources/characters.tsv	frequency-order position 1416; corpus frequency rank 1418; Ministry common-character number 1613	捨: frequency-order position 1416; corpus frequency rank 1418; 106 appearances (0.00878%); Unihan kRSUnicode 64.8; Kangxi radical 64 手; Unihan kRSUnicode single radical assignment.	[]	"[""chinese"",""traditional"",""radicals"",""frequency"",""character-to-radical"",""one-way"",""part-8""]"
zh-traditional-radicals-frequency-viii/1417/character-to-radical	VIII	vocabulary	1417	zh-Hant	zh-Hant	碰	"[""石""]"	[]		"[""zh-Hant.frequency.1419"",""zh.radical.kangxi.112""]"	[]	[]	sources/characters.tsv	frequency-order position 1417; corpus frequency rank 1419; Ministry common-character number 2843	碰: frequency-order position 1417; corpus frequency rank 1419; 106 appearances (0.00878%); Unihan kRSUnicode 112.8; Kangxi radical 112 石; Unihan kRSUnicode single radical assignment.	[]	"[""chinese"",""traditional"",""radicals"",""frequency"",""character-to-radical"",""one-way"",""part-8""]"
zh-traditional-radicals-frequency-viii/1418/character-to-radical	VIII	vocabulary	1418	zh-Hant	zh-Hant	瞧	"[""目""]"	[]		"[""zh-Hant.frequency.1420"",""zh.radical.kangxi.109""]"	[]	[]	sources/characters.tsv	frequency-order position 1418; corpus frequency rank 1420; Ministry common-character number 2805	瞧: frequency-order position 1418; corpus frequency rank 1420; 106 appearances (0.00878%); Unihan kRSUnicode 109.12; Kangxi radical 109 目; Unihan kRSUnicode single radical assignment.	[]	"[""chinese"",""traditional"",""radicals"",""frequency"",""character-to-radical"",""one-way"",""part-8""]"
zh-traditional-radicals-frequency-viii/1419/character-to-radical	VIII	vocabulary	1419	zh-Hant	zh-Hant	炮	"[""火""]"	[]		"[""zh-Hant.frequency.1421"",""zh.radical.kangxi.086""]"	[]	[]	sources/characters.tsv	frequency-order position 1419; corpus frequency rank 1421; Ministry common-character number 2401	炮: frequency-order position 1419; corpus frequency rank 1421; 106 appearances (0.00878%); Unihan kRSUnicode 86.5; Kangxi radical 86 火; Unihan kRSUnicode single radical assignment.	[]	"[""chinese"",""traditional"",""radicals"",""frequency"",""character-to-radical"",""one-way"",""part-8""]"
zh-traditional-radicals-frequency-viii/1420/character-to-radical	VIII	vocabulary	1420	zh-Hant	zh-Hant	礦	"[""石""]"	[]		"[""zh-Hant.frequency.1422"",""zh.radical.kangxi.112""]"	[]	[]	sources/characters.tsv	frequency-order position 1420; corpus frequency rank 1422; Ministry common-character number 2873	礦: frequency-order position 1420; corpus frequency rank 1422; 106 appearances (0.00878%); Unihan kRSUnicode 112.15; Kangxi radical 112 石; Unihan kRSUnicode single radical assignment.	[]	"[""chinese"",""traditional"",""radicals"",""frequency"",""character-to-radical"",""one-way"",""part-8""]"
zh-traditional-radicals-frequency-viii/1421/character-to-radical	VIII	vocabulary	1421	zh-Hant	zh-Hant	凡	"[""几""]"	[]		"[""zh-Hant.frequency.1423"",""zh.radical.kangxi.016""]"	[]	[]	sources/characters.tsv	frequency-order position 1421; corpus frequency rank 1423; Ministry common-character number 23	凡: frequency-order position 1421; corpus frequency rank 1423; 105 appearances (0.00869%); Unihan kRSUnicode 16.1; Kangxi radical 16 几; Unihan kRSUnicode single radical assignment.	[]	"[""chinese"",""traditional"",""radicals"",""frequency"",""character-to-radical"",""one-way"",""part-8""]"
zh-traditional-radicals-frequency-viii/1422/character-to-radical	VIII	vocabulary	1422	zh-Hant	zh-Hant	託	"[""言""]"	[]		"[""zh-Hant.frequency.1424"",""zh.radical.kangxi.149""]"	[]	[]	sources/characters.tsv	frequency-order position 1422; corpus frequency rank 1424; Ministry common-character number 3791	託: frequency-order position 1422; corpus frequency rank 1424; 105 appearances (0.00869%); Unihan kRSUnicode 149.3; Kangxi radical 149 言; Unihan kRSUnicode single radical assignment.	[]	"[""chinese"",""traditional"",""radicals"",""frequency"",""character-to-radical"",""one-way"",""part-8""]"
zh-traditional-radicals-frequency-viii/1423/character-to-radical	VIII	vocabulary	1423	zh-Hant	zh-Hant	略	"[""田""]"	[]		"[""zh-Hant.frequency.1425"",""zh.radical.kangxi.102""]"	[]	[]	sources/characters.tsv	frequency-order position 1423; corpus frequency rank 1425; Ministry common-character number 2646	略: frequency-order position 1423; corpus frequency rank 1425; 105 appearances (0.00869%); Unihan kRSUnicode 102.6; Kangxi radical 102 田; Unihan kRSUnicode single radical assignment.	[]	"[""chinese"",""traditional"",""radicals"",""frequency"",""character-to-radical"",""one-way"",""part-8""]"
zh-traditional-radicals-frequency-viii/1424/character-to-radical	VIII	vocabulary	1424	zh-Hant	zh-Hant	握	"[""手""]"	[]		"[""zh-Hant.frequency.1426"",""zh.radical.kangxi.064""]"	[]	[]	sources/characters.tsv	frequency-order position 1424; corpus frequency rank 1426; Ministry common-character number 1625	握: frequency-order position 1424; corpus frequency rank 1426; 105 appearances (0.00869%); Unihan kRSUnicode 64.9; Kangxi radical 64 手; Unihan kRSUnicode single radical assignment.	[]	"[""chinese"",""traditional"",""radicals"",""frequency"",""character-to-radical"",""one-way"",""part-8""]"
zh-traditional-radicals-frequency-viii/1425/character-to-radical	VIII	vocabulary	1425	zh-Hant	zh-Hant	闊	"[""門""]"	[]		"[""zh-Hant.frequency.1427"",""zh.radical.kangxi.169""]"	[]	[]	sources/characters.tsv	frequency-order position 1425; corpus frequency rank 1427; Ministry common-character number 4390	闊: frequency-order position 1425; corpus frequency rank 1427; 105 appearances (0.00869%); Unihan kRSUnicode 169.9; Kangxi radical 169 門; Unihan kRSUnicode single radical assignment.	[]	"[""chinese"",""traditional"",""radicals"",""frequency"",""character-to-radical"",""one-way"",""part-8""]"
zh-traditional-radicals-frequency-viii/1426/character-to-radical	VIII	vocabulary	1426	zh-Hant	zh-Hant	副	"[""刀""]"	[]		"[""zh-Hant.frequency.1428"",""zh.radical.kangxi.018""]"	[]	[]	sources/characters.tsv	frequency-order position 1426; corpus frequency rank 1428; Ministry common-character number 365	副: frequency-order position 1426; corpus frequency rank 1428; 104 appearances (0.00861%); Unihan kRSUnicode 18.9; Kangxi radical 18 刀; Unihan kRSUnicode single radical assignment.	[]	"[""chinese"",""traditional"",""radicals"",""frequency"",""character-to-radical"",""one-way"",""part-8""]"
zh-traditional-radicals-frequency-viii/1427/character-to-radical	VIII	vocabulary	1427	zh-Hant	zh-Hant	脈	"[""肉""]"	[]		"[""zh-Hant.frequency.1429"",""zh.radical.kangxi.130""]"	[]	[]	sources/characters.tsv	frequency-order position 1427; corpus frequency rank 1429; Ministry common-character number 3328	脈: frequency-order position 1427; corpus frequency rank 1429; 104 appearances (0.00861%); Unihan kRSUnicode 130.6; Kangxi radical 130 肉; Unihan kRSUnicode single radical assignment.	[]	"[""chinese"",""traditional"",""radicals"",""frequency"",""character-to-radical"",""one-way"",""part-8""]"
zh-traditional-radicals-frequency-viii/1428/character-to-radical	VIII	vocabulary	1428	zh-Hant	zh-Hant	嘉	"[""口""]"	[]		"[""zh-Hant.frequency.1430"",""zh.radical.kangxi.030""]"	[]	[]	sources/characters.tsv	frequency-order position 1428; corpus frequency rank 1430; Ministry common-character number 668	嘉: frequency-order position 1428; corpus frequency rank 1430; 104 appearances (0.00861%); Unihan kRSUnicode 30.11; Kangxi radical 30 口; Unihan kRSUnicode single radical assignment.	[]	"[""chinese"",""traditional"",""radicals"",""frequency"",""character-to-radical"",""one-way"",""part-8""]"
zh-traditional-radicals-frequency-viii/1429/character-to-radical	VIII	vocabulary	1429	zh-Hant	zh-Hant	廠	"[""广""]"	[]		"[""zh-Hant.frequency.1431"",""zh.radical.kangxi.053""]"	[]	[]	sources/characters.tsv	frequency-order position 1429; corpus frequency rank 1431; Ministry common-character number 1231	廠: frequency-order position 1429; corpus frequency rank 1431; 104 appearances (0.00861%); Unihan kRSUnicode 53.12; Kangxi radical 53 广; Unihan kRSUnicode single radical assignment.	[]	"[""chinese"",""traditional"",""radicals"",""frequency"",""character-to-radical"",""one-way"",""part-8""]"
zh-traditional-radicals-frequency-viii/1430/character-to-radical	VIII	vocabulary	1430	zh-Hant	zh-Hant	衡	"[""行""]"	[]		"[""zh-Hant.frequency.1432"",""zh.radical.kangxi.144""]"	[]	[]	sources/characters.tsv	frequency-order position 1430; corpus frequency rank 1432; Ministry common-character number 3706	衡: frequency-order position 1430; corpus frequency rank 1432; 104 appearances (0.00861%); Unihan kRSUnicode 144.10; Kangxi radical 144 行; Unihan kRSUnicode single radical assignment.	[]	"[""chinese"",""traditional"",""radicals"",""frequency"",""character-to-radical"",""one-way"",""part-8""]"
zh-traditional-radicals-frequency-viii/1431/character-to-radical	VIII	vocabulary	1431	zh-Hant	zh-Hant	川	"[""巛""]"	[]		"[""zh-Hant.frequency.1433"",""zh.radical.kangxi.047""]"	[]	[]	sources/characters.tsv	frequency-order position 1431; corpus frequency rank 1433; Ministry common-character number 1145	川: frequency-order position 1431; corpus frequency rank 1433; 103 appearances (0.00853%); Unihan kRSUnicode 47.0; Kangxi radical 47 巛; Unihan kRSUnicode single radical assignment.	[]	"[""chinese"",""traditional"",""radicals"",""frequency"",""character-to-radical"",""one-way"",""part-8""]"
zh-traditional-radicals-frequency-viii/1432/character-to-radical	VIII	vocabulary	1432	zh-Hant	zh-Hant	央	"[""大""]"	[]		"[""zh-Hant.frequency.1434"",""zh.radical.kangxi.037""]"	[]	[]	sources/characters.tsv	frequency-order position 1432; corpus frequency rank 1434; Ministry common-character number 853	央: frequency-order position 1432; corpus frequency rank 1434; 103 appearances (0.00853%); Unihan kRSUnicode 37.2; Kangxi radical 37 大; Unihan kRSUnicode single radical assignment.	[]	"[""chinese"",""traditional"",""radicals"",""frequency"",""character-to-radical"",""one-way"",""part-8""]"
zh-traditional-radicals-frequency-viii/1433/character-to-radical	VIII	vocabulary	1433	zh-Hant	zh-Hant	丈	"[""一""]"	[]		"[""zh-Hant.frequency.1435"",""zh.radical.kangxi.001""]"	[]	[]	sources/characters.tsv	frequency-order position 1433; corpus frequency rank 1435; Ministry common-character number 6	丈: frequency-order position 1433; corpus frequency rank 1435; 103 appearances (0.00853%); Unihan kRSUnicode 1.2; Kangxi radical 1 一; Unihan kRSUnicode single radical assignment.	[]	"[""chinese"",""traditional"",""radicals"",""frequency"",""character-to-radical"",""one-way"",""part-8""]"
zh-traditional-radicals-frequency-viii/1434/character-to-radical	VIII	vocabulary	1434	zh-Hant	zh-Hant	彼	"[""彳""]"	[]		"[""zh-Hant.frequency.1436"",""zh.radical.kangxi.060""]"	[]	[]	sources/characters.tsv	frequency-order position 1434; corpus frequency rank 1436; Ministry common-character number 1281	彼: frequency-order position 1434; corpus frequency rank 1436; 103 appearances (0.00853%); Unihan kRSUnicode 60.5; Kangxi radical 60 彳; Unihan kRSUnicode single radical assignment.	[]	"[""chinese"",""traditional"",""radicals"",""frequency"",""character-to-radical"",""one-way"",""part-8""]"
zh-traditional-radicals-frequency-viii/1435/character-to-radical	VIII	vocabulary	1435	zh-Hant	zh-Hant	鬥	"[""鬥""]"	[]		"[""zh-Hant.frequency.1437"",""zh.radical.kangxi.191""]"	[]	[]	sources/characters.tsv	frequency-order position 1435; corpus frequency rank 1437; Ministry common-character number 4678	鬥: frequency-order position 1435; corpus frequency rank 1437; 103 appearances (0.00853%); Unihan kRSUnicode 191.0; Kangxi radical 191 鬥; Unihan kRSUnicode single radical assignment.	[]	"[""chinese"",""traditional"",""radicals"",""frequency"",""character-to-radical"",""one-way"",""part-8""]"
zh-traditional-radicals-frequency-viii/1436/character-to-radical	VIII	vocabulary	1436	zh-Hant	zh-Hant	雀	"[""隹""]"	[]		"[""zh-Hant.frequency.1438"",""zh.radical.kangxi.172""]"	[]	[]	sources/characters.tsv	frequency-order position 1436; corpus frequency rank 1438; Ministry common-character number 4450	雀: frequency-order position 1436; corpus frequency rank 1438; 103 appearances (0.00853%); Unihan kRSUnicode 172.3; Kangxi radical 172 隹; Unihan kRSUnicode single radical assignment.	[]	"[""chinese"",""traditional"",""radicals"",""frequency"",""character-to-radical"",""one-way"",""part-8""]"
zh-traditional-radicals-frequency-viii/1437/character-to-radical	VIII	vocabulary	1437	zh-Hant	zh-Hant	熊	"[""火""]"	[]		"[""zh-Hant.frequency.1439"",""zh.radical.kangxi.086""]"	[]	[]	sources/characters.tsv	frequency-order position 1437; corpus frequency rank 1439; Ministry common-character number 2434	熊: frequency-order position 1437; corpus frequency rank 1439; 103 appearances (0.00853%); Unihan kRSUnicode 86.10; Kangxi radical 86 火; Unihan kRSUnicode single radical assignment.	[]	"[""chinese"",""traditional"",""radicals"",""frequency"",""character-to-radical"",""one-way"",""part-8""]"
zh-traditional-radicals-frequency-viii/1438/character-to-radical	VIII	vocabulary	1438	zh-Hant	zh-Hant	廟	"[""广""]"	[]		"[""zh-Hant.frequency.1440"",""zh.radical.kangxi.053""]"	[]	[]	sources/characters.tsv	frequency-order position 1438; corpus frequency rank 1440; Ministry common-character number 1228	廟: frequency-order position 1438; corpus frequency rank 1440; 103 appearances (0.00853%); Unihan kRSUnicode 53.12; Kangxi radical 53 广; Unihan kRSUnicode single radical assignment.	[]	"[""chinese"",""traditional"",""radicals"",""frequency"",""character-to-radical"",""one-way"",""part-8""]"
zh-traditional-radicals-frequency-viii/1439/character-to-radical	VIII	vocabulary	1439	zh-Hant	zh-Hant	趙	"[""走""]"	[]		"[""zh-Hant.frequency.1441"",""zh.radical.kangxi.156""]"	[]	[]	sources/characters.tsv	frequency-order position 1439; corpus frequency rank 1441; Ministry common-character number 3996	趙: frequency-order position 1439; corpus frequency rank 1441; 103 appearances (0.00853%); Unihan kRSUnicode 156.7; Kangxi radical 156 走; Unihan kRSUnicode single radical assignment.	[]	"[""chinese"",""traditional"",""radicals"",""frequency"",""character-to-radical"",""one-way"",""part-8""]"
zh-traditional-radicals-frequency-viii/1440/character-to-radical	VIII	vocabulary	1440	zh-Hant	zh-Hant	承	"[""手""]"	[]		"[""zh-Hant.frequency.1442"",""zh.radical.kangxi.064""]"	[]	[]	sources/characters.tsv	frequency-order position 1440; corpus frequency rank 1442; Ministry common-character number 1523	承: frequency-order position 1440; corpus frequency rank 1442; 102 appearances (0.00845%); Unihan kRSUnicode 64.4; Kangxi radical 64 手; Unihan kRSUnicode single radical assignment.	[]	"[""chinese"",""traditional"",""radicals"",""frequency"",""character-to-radical"",""one-way"",""part-8""]"
zh-traditional-radicals-frequency-viii/1441/character-to-radical	VIII	vocabulary	1441	zh-Hant	zh-Hant	扇	"[""戶""]"	[]		"[""zh-Hant.frequency.1443"",""zh.radical.kangxi.063""]"	[]	[]	sources/characters.tsv	frequency-order position 1441; corpus frequency rank 1443; Ministry common-character number 1492	扇: frequency-order position 1441; corpus frequency rank 1443; 102 appearances (0.00845%); Unihan kRSUnicode 63.6; Kangxi radical 63 戶; Unihan kRSUnicode single radical assignment.	[]	"[""chinese"",""traditional"",""radicals"",""frequency"",""character-to-radical"",""one-way"",""part-8""]"
zh-traditional-radicals-frequency-viii/1442/character-to-radical	VIII	vocabulary	1442	zh-Hant	zh-Hant	嘆	"[""口""]"	[]		"[""zh-Hant.frequency.1444"",""zh.radical.kangxi.030""]"	[]	[]	sources/characters.tsv	frequency-order position 1442; corpus frequency rank 1444; Ministry common-character number 667	嘆: frequency-order position 1442; corpus frequency rank 1444; 102 appearances (0.00845%); Unihan kRSUnicode 30.11; Kangxi radical 30 口; Unihan kRSUnicode single radical assignment.	[]	"[""chinese"",""traditional"",""radicals"",""frequency"",""character-to-radical"",""one-way"",""part-8""]"
zh-traditional-radicals-frequency-viii/1443/character-to-radical	VIII	vocabulary	1443	zh-Hant	zh-Hant	憐	"[""心""]"	[]		"[""zh-Hant.frequency.1445"",""zh.radical.kangxi.061""]"	[]	[]	sources/characters.tsv	frequency-order position 1443; corpus frequency rank 1445; Ministry common-character number 1435	憐: frequency-order position 1443; corpus frequency rank 1445; 102 appearances (0.00845%); Unihan kRSUnicode 61.12; Kangxi radical 61 心; Unihan kRSUnicode single radical assignment.	[]	"[""chinese"",""traditional"",""radicals"",""frequency"",""character-to-radical"",""one-way"",""part-8""]"
zh-traditional-radicals-frequency-viii/1444/character-to-radical	VIII	vocabulary	1444	zh-Hant	zh-Hant	噴	"[""口""]"	[]		"[""zh-Hant.frequency.1446"",""zh.radical.kangxi.030""]"	[]	[]	sources/characters.tsv	frequency-order position 1444; corpus frequency rank 1446; Ministry common-character number 684	噴: frequency-order position 1444; corpus frequency rank 1446; 102 appearances (0.00845%); Unihan kRSUnicode 30.12; Kangxi radical 30 口; Unihan kRSUnicode single radical assignment.	[]	"[""chinese"",""traditional"",""radicals"",""frequency"",""character-to-radical"",""one-way"",""part-8""]"
zh-traditional-radicals-frequency-viii/1445/character-to-radical	VIII	vocabulary	1445	zh-Hant	zh-Hant	囉	"[""口""]"	[]		"[""zh-Hant.frequency.1447"",""zh.radical.kangxi.030""]"	[]	[]	sources/characters.tsv	frequency-order position 1445; corpus frequency rank 1447; Ministry common-character number 721	囉: frequency-order position 1445; corpus frequency rank 1447; 102 appearances (0.00845%); Unihan kRSUnicode 30.19; Kangxi radical 30 口; Unihan kRSUnicode single radical assignment.	[]	"[""chinese"",""traditional"",""radicals"",""frequency"",""character-to-radical"",""one-way"",""part-8""]"
zh-traditional-radicals-frequency-viii/1446/character-to-radical	VIII	vocabulary	1446	zh-Hant	zh-Hant	穴	"[""穴""]"	[]		"[""zh-Hant.frequency.1448"",""zh.radical.kangxi.116""]"	[]	[]	sources/characters.tsv	frequency-order position 1446; corpus frequency rank 1448; Ministry common-character number 2953	穴: frequency-order position 1446; corpus frequency rank 1448; 101 appearances (0.00836%); Unihan kRSUnicode 116.0; Kangxi radical 116 穴; Unihan kRSUnicode single radical assignment.	[]	"[""chinese"",""traditional"",""radicals"",""frequency"",""character-to-radical"",""one-way"",""part-8""]"
zh-traditional-radicals-frequency-viii/1447/character-to-radical	VIII	vocabulary	1447	zh-Hant	zh-Hant	氏	"[""氏""]"	[]		"[""zh-Hant.frequency.1449"",""zh.radical.kangxi.083""]"	[]	[]	sources/characters.tsv	frequency-order position 1447; corpus frequency rank 1449; Ministry common-character number 2108	氏: frequency-order position 1447; corpus frequency rank 1449; 101 appearances (0.00836%); Unihan kRSUnicode 83.0; Kangxi radical 83 氏; Unihan kRSUnicode single radical assignment.	[]	"[""chinese"",""traditional"",""radicals"",""frequency"",""character-to-radical"",""one-way"",""part-8""]"
zh-traditional-radicals-frequency-viii/1448/character-to-radical	VIII	vocabulary	1448	zh-Hant	zh-Hant	托	"[""手""]"	[]		"[""zh-Hant.frequency.1450"",""zh.radical.kangxi.064""]"	[]	[]	sources/characters.tsv	frequency-order position 1448; corpus frequency rank 1450; Ministry common-character number 1503	托: frequency-order position 1448; corpus frequency rank 1450; 101 appearances (0.00836%); Unihan kRSUnicode 64.3; Kangxi radical 64 手; Unihan kRSUnicode single radical assignment.	[]	"[""chinese"",""traditional"",""radicals"",""frequency"",""character-to-radical"",""one-way"",""part-8""]"
zh-traditional-radicals-frequency-viii/1449/character-to-radical	VIII	vocabulary	1449	zh-Hant	zh-Hant	埋	"[""土""]"	[]		"[""zh-Hant.frequency.1452"",""zh.radical.kangxi.032""]"	[]	[]	sources/characters.tsv	frequency-order position 1449; corpus frequency rank 1452; Ministry common-character number 773	埋: frequency-order position 1449; corpus frequency rank 1452; 101 appearances (0.00836%); Unihan kRSUnicode 32.7; Kangxi radical 32 土; Unihan kRSUnicode single radical assignment.	[]	"[""chinese"",""traditional"",""radicals"",""frequency"",""character-to-radical"",""one-way"",""part-8""]"
zh-traditional-radicals-frequency-viii/1450/character-to-radical	VIII	vocabulary	1450	zh-Hant	zh-Hant	柴	"[""木""]"	[]		"[""zh-Hant.frequency.1453"",""zh.radical.kangxi.075""]"	[]	[]	sources/characters.tsv	frequency-order position 1450; corpus frequency rank 1453; Ministry common-character number 1924	柴: frequency-order position 1450; corpus frequency rank 1453; 101 appearances (0.00836%); Unihan kRSUnicode 75.5; Kangxi radical 75 木; Unihan kRSUnicode single radical assignment.	[]	"[""chinese"",""traditional"",""radicals"",""frequency"",""character-to-radical"",""one-way"",""part-8""]"
zh-traditional-radicals-frequency-viii/1451/character-to-radical	VIII	vocabulary	1451	zh-Hant	zh-Hant	徐	"[""彳""]"	[]		"[""zh-Hant.frequency.1454"",""zh.radical.kangxi.060""]"	[]	[]	sources/characters.tsv	frequency-order position 1451; corpus frequency rank 1454; Ministry common-character number 1290	徐: frequency-order position 1451; corpus frequency rank 1454; 101 appearances (0.00836%); Unihan kRSUnicode 60.7; Kangxi radical 60 彳; Unihan kRSUnicode single radical assignment.	[]	"[""chinese"",""traditional"",""radicals"",""frequency"",""character-to-radical"",""one-way"",""part-8""]"
zh-traditional-radicals-frequency-viii/1452/character-to-radical	VIII	vocabulary	1452	zh-Hant	zh-Hant	壺	"[""士""]"	[]		"[""zh-Hant.frequency.1455"",""zh.radical.kangxi.033""]"	[]	[]	sources/characters.tsv	frequency-order position 1452; corpus frequency rank 1455; Ministry common-character number 835	壺: frequency-order position 1452; corpus frequency rank 1455; 101 appearances (0.00836%); Unihan kRSUnicode 33.9; Kangxi radical 33 士; Unihan kRSUnicode single radical assignment.	[]	"[""chinese"",""traditional"",""radicals"",""frequency"",""character-to-radical"",""one-way"",""part-8""]"
zh-traditional-radicals-frequency-viii/1453/character-to-radical	VIII	vocabulary	1453	zh-Hant	zh-Hant	番	"[""田""]"	[]		"[""zh-Hant.frequency.1456"",""zh.radical.kangxi.102""]"	[]	[]	sources/characters.tsv	frequency-order position 1453; corpus frequency rank 1456; Ministry common-character number 2651	番: frequency-order position 1453; corpus frequency rank 1456; 101 appearances (0.00836%); Unihan kRSUnicode 102.7; Kangxi radical 102 田; Unihan kRSUnicode single radical assignment.	[]	"[""chinese"",""traditional"",""radicals"",""frequency"",""character-to-radical"",""one-way"",""part-8""]"
zh-traditional-radicals-frequency-viii/1454/character-to-radical	VIII	vocabulary	1454	zh-Hant	zh-Hant	罪	"[""网""]"	[]		"[""zh-Hant.frequency.1457"",""zh.radical.kangxi.122""]"	[]	[]	sources/characters.tsv	frequency-order position 1454; corpus frequency rank 1457; Ministry common-character number 3207	罪: frequency-order position 1454; corpus frequency rank 1457; 101 appearances (0.00836%); Unihan kRSUnicode 122.8; Kangxi radical 122 网; Unihan kRSUnicode single radical assignment.	[]	"[""chinese"",""traditional"",""radicals"",""frequency"",""character-to-radical"",""one-way"",""part-8""]"
zh-traditional-radicals-frequency-viii/1455/character-to-radical	VIII	vocabulary	1455	zh-Hant	zh-Hant	炎	"[""火""]"	[]		"[""zh-Hant.frequency.1458"",""zh.radical.kangxi.086""]"	[]	[]	sources/characters.tsv	frequency-order position 1455; corpus frequency rank 1458; Ministry common-character number 2390	炎: frequency-order position 1455; corpus frequency rank 1458; 100 appearances (0.00828%); Unihan kRSUnicode 86.4; Kangxi radical 86 火; Unihan kRSUnicode single radical assignment.	[]	"[""chinese"",""traditional"",""radicals"",""frequency"",""character-to-radical"",""one-way"",""part-8""]"
zh-traditional-radicals-frequency-viii/1456/character-to-radical	VIII	vocabulary	1456	zh-Hant	zh-Hant	虛	"[""虍""]"	[]		"[""zh-Hant.frequency.1459"",""zh.radical.kangxi.141""]"	[]	[]	sources/characters.tsv	frequency-order position 1456; corpus frequency rank 1459; Ministry common-character number 3609	虛: frequency-order position 1456; corpus frequency rank 1459; 100 appearances (0.00828%); Unihan kRSUnicode 141.6; Kangxi radical 141 虍; Unihan kRSUnicode single radical assignment.	[]	"[""chinese"",""traditional"",""radicals"",""frequency"",""character-to-radical"",""one-way"",""part-8""]"
zh-traditional-radicals-frequency-viii/1457/character-to-radical	VIII	vocabulary	1457	zh-Hant	zh-Hant	蔔	"[""艸""]"	[]		"[""zh-Hant.frequency.1460"",""zh.radical.kangxi.140""]"	[]	[]	sources/characters.tsv	frequency-order position 1457; corpus frequency rank 1460; Ministry common-character number 3557	蔔: frequency-order position 1457; corpus frequency rank 1460; 100 appearances (0.00828%); Unihan kRSUnicode 140.11; Kangxi radical 140 艸; Unihan kRSUnicode single radical assignment.	[]	"[""chinese"",""traditional"",""radicals"",""frequency"",""character-to-radical"",""one-way"",""part-8""]"
zh-traditional-radicals-frequency-viii/1458/character-to-radical	VIII	vocabulary	1458	zh-Hant	zh-Hant	賴	"[""貝""]"	[]		"[""zh-Hant.frequency.1461"",""zh.radical.kangxi.154""]"	[]	[]	sources/characters.tsv	frequency-order position 1458; corpus frequency rank 1461; Ministry common-character number 3971	賴: frequency-order position 1458; corpus frequency rank 1461; 100 appearances (0.00828%); Unihan kRSUnicode 154.9; Kangxi radical 154 貝; Unihan kRSUnicode single radical assignment.	[]	"[""chinese"",""traditional"",""radicals"",""frequency"",""character-to-radical"",""one-way"",""part-8""]"
zh-traditional-radicals-frequency-viii/1459/character-to-radical	VIII	vocabulary	1459	zh-Hant	zh-Hant	謎	"[""言""]"	[]		"[""zh-Hant.frequency.1462"",""zh.radical.kangxi.149""]"	[]	[]	sources/characters.tsv	frequency-order position 1459; corpus frequency rank 1462; Ministry common-character number 3871	謎: frequency-order position 1459; corpus frequency rank 1462; 100 appearances (0.00828%); Unihan kRSUnicode 149.10; Kangxi radical 149 言; Unihan kRSUnicode single radical assignment.	[]	"[""chinese"",""traditional"",""radicals"",""frequency"",""character-to-radical"",""one-way"",""part-8""]"
zh-traditional-radicals-frequency-viii/1460/character-to-radical	VIII	vocabulary	1460	zh-Hant	zh-Hant	挖	"[""手""]"	[]		"[""zh-Hant.frequency.1463"",""zh.radical.kangxi.064""]"	[]	[]	sources/characters.tsv	frequency-order position 1460; corpus frequency rank 1463; Ministry common-character number 1554	挖: frequency-order position 1460; corpus frequency rank 1463; 99 appearances (0.00820%); Unihan kRSUnicode 64.6; Kangxi radical 64 手; Unihan kRSUnicode single radical assignment.	[]	"[""chinese"",""traditional"",""radicals"",""frequency"",""character-to-radical"",""one-way"",""part-8""]"
zh-traditional-radicals-frequency-viii/1461/character-to-radical	VIII	vocabulary	1461	zh-Hant	zh-Hant	麥	"[""麥""]"	[]		"[""zh-Hant.frequency.1464"",""zh.radical.kangxi.199""]"	[]	[]	sources/characters.tsv	frequency-order position 1461; corpus frequency rank 1464; Ministry common-character number 4760	麥: frequency-order position 1461; corpus frequency rank 1464; 99 appearances (0.00820%); Unihan kRSUnicode 199.0; Kangxi radical 199 麥; Unihan kRSUnicode single radical assignment.	[]	"[""chinese"",""traditional"",""radicals"",""frequency"",""character-to-radical"",""one-way"",""part-8""]"
zh-traditional-radicals-frequency-viii/1462/character-to-radical	VIII	vocabulary	1462	zh-Hant	zh-Hant	塞	"[""土""]"	[]		"[""zh-Hant.frequency.1465"",""zh.radical.kangxi.032""]"	[]	[]	sources/characters.tsv	frequency-order position 1462; corpus frequency rank 1465; Ministry common-character number 793	塞: frequency-order position 1462; corpus frequency rank 1465; 99 appearances (0.00820%); Unihan kRSUnicode 32.10; Kangxi radical 32 土; Unihan kRSUnicode single radical assignment.	[]	"[""chinese"",""traditional"",""radicals"",""frequency"",""character-to-radical"",""one-way"",""part-8""]"
zh-traditional-radicals-frequency-viii/1463/character-to-radical	VIII	vocabulary	1463	zh-Hant	zh-Hant	椅	"[""木""]"	[]		"[""zh-Hant.frequency.1466"",""zh.radical.kangxi.075""]"	[]	[]	sources/characters.tsv	frequency-order position 1463; corpus frequency rank 1466; Ministry common-character number 1957	椅: frequency-order position 1463; corpus frequency rank 1466; 99 appearances (0.00820%); Unihan kRSUnicode 75.8; Kangxi radical 75 木; Unihan kRSUnicode single radical assignment.	[]	"[""chinese"",""traditional"",""radicals"",""frequency"",""character-to-radical"",""one-way"",""part-8""]"
zh-traditional-radicals-frequency-viii/1464/character-to-radical	VIII	vocabulary	1464	zh-Hant	zh-Hant	縫	"[""糸""]"	[]		"[""zh-Hant.frequency.1467"",""zh.radical.kangxi.120""]"	[]	[]	sources/characters.tsv	frequency-order position 1464; corpus frequency rank 1467; Ministry common-character number 3171	縫: frequency-order position 1464; corpus frequency rank 1467; 99 appearances (0.00820%); Unihan kRSUnicode 120.11; Kangxi radical 120 糸; Unihan kRSUnicode single radical assignment.	[]	"[""chinese"",""traditional"",""radicals"",""frequency"",""character-to-radical"",""one-way"",""part-8""]"
zh-traditional-radicals-frequency-viii/1465/character-to-radical	VIII	vocabulary	1465	zh-Hant	zh-Hant	擠	"[""手""]"	[]		"[""zh-Hant.frequency.1468"",""zh.radical.kangxi.064""]"	[]	[]	sources/characters.tsv	frequency-order position 1465; corpus frequency rank 1468; Ministry common-character number 1692	擠: frequency-order position 1465; corpus frequency rank 1468; 99 appearances (0.00820%); Unihan kRSUnicode 64.14; Kangxi radical 64 手; Unihan kRSUnicode single radical assignment.	[]	"[""chinese"",""traditional"",""radicals"",""frequency"",""character-to-radical"",""one-way"",""part-8""]"
zh-traditional-radicals-frequency-viii/1466/character-to-radical	VIII	vocabulary	1466	zh-Hant	zh-Hant	穫	"[""禾""]"	[]		"[""zh-Hant.frequency.1469"",""zh.radical.kangxi.115""]"	[]	[]	sources/characters.tsv	frequency-order position 1466; corpus frequency rank 1469; Ministry common-character number 2951	穫: frequency-order position 1466; corpus frequency rank 1469; 99 appearances (0.00820%); Unihan kRSUnicode 115.14; Kangxi radical 115 禾; Unihan kRSUnicode single radical assignment.	[]	"[""chinese"",""traditional"",""radicals"",""frequency"",""character-to-radical"",""one-way"",""part-8""]"
zh-traditional-radicals-frequency-viii/1467/character-to-radical	VIII	vocabulary	1467	zh-Hant	zh-Hant	哲	"[""口""]"	[]		"[""zh-Hant.frequency.1470"",""zh.radical.kangxi.030""]"	[]	[]	sources/characters.tsv	frequency-order position 1467; corpus frequency rank 1470; Ministry common-character number 588	哲: frequency-order position 1467; corpus frequency rank 1470; 98 appearances (0.00811%); Unihan kRSUnicode 30.7; Kangxi radical 30 口; Unihan kRSUnicode single radical assignment.	[]	"[""chinese"",""traditional"",""radicals"",""frequency"",""character-to-radical"",""one-way"",""part-8""]"
zh-traditional-radicals-frequency-viii/1468/character-to-radical	VIII	vocabulary	1468	zh-Hant	zh-Hant	飽	"[""食""]"	[]		"[""zh-Hant.frequency.1471"",""zh.radical.kangxi.184""]"	[]	[]	sources/characters.tsv	frequency-order position 1468; corpus frequency rank 1471; Ministry common-character number 4591	飽: frequency-order position 1468; corpus frequency rank 1471; 98 appearances (0.00811%); Unihan kRSUnicode 184.5; Kangxi radical 184 食; Unihan kRSUnicode single radical assignment.	[]	"[""chinese"",""traditional"",""radicals"",""frequency"",""character-to-radical"",""one-way"",""part-8""]"
zh-traditional-radicals-frequency-viii/1469/character-to-radical	VIII	vocabulary	1469	zh-Hant	zh-Hant	曉	"[""日""]"	[]		"[""zh-Hant.frequency.1472"",""zh.radical.kangxi.072""]"	[]	[]	sources/characters.tsv	frequency-order position 1469; corpus frequency rank 1472; Ministry common-character number 1823	曉: frequency-order position 1469; corpus frequency rank 1472; 98 appearances (0.00811%); Unihan kRSUnicode 72.12; Kangxi radical 72 日; Unihan kRSUnicode single radical assignment.	[]	"[""chinese"",""traditional"",""radicals"",""frequency"",""character-to-radical"",""one-way"",""part-8""]"
zh-traditional-radicals-frequency-viii/1470/character-to-radical	VIII	vocabulary	1470	zh-Hant	zh-Hant	頸	"[""頁""]"	[]		"[""zh-Hant.frequency.1473"",""zh.radical.kangxi.181""]"	[]	[]	sources/characters.tsv	frequency-order position 1470; corpus frequency rank 1473; Ministry common-character number 4552	頸: frequency-order position 1470; corpus frequency rank 1473; 98 appearances (0.00811%); Unihan kRSUnicode 181.7; Kangxi radical 181 頁; Unihan kRSUnicode single radical assignment.	[]	"[""chinese"",""traditional"",""radicals"",""frequency"",""character-to-radical"",""one-way"",""part-8""]"
zh-traditional-radicals-frequency-viii/1471/character-to-radical	VIII	vocabulary	1471	zh-Hant	zh-Hant	蟻	"[""虫""]"	[]		"[""zh-Hant.frequency.1474"",""zh.radical.kangxi.142""]"	[]	[]	sources/characters.tsv	frequency-order position 1471; corpus frequency rank 1474; Ministry common-character number 3684	蟻: frequency-order position 1471; corpus frequency rank 1474; 98 appearances (0.00811%); Unihan kRSUnicode 142.13; Kangxi radical 142 虫; Unihan kRSUnicode single radical assignment.	[]	"[""chinese"",""traditional"",""radicals"",""frequency"",""character-to-radical"",""one-way"",""part-8""]"
zh-traditional-radicals-frequency-viii/1472/character-to-radical	VIII	vocabulary	1472	zh-Hant	zh-Hant	吐	"[""口""]"	[]		"[""zh-Hant.frequency.1475"",""zh.radical.kangxi.030""]"	[]	[]	sources/characters.tsv	frequency-order position 1472; corpus frequency rank 1475; Ministry common-character number 503	吐: frequency-order position 1472; corpus frequency rank 1475; 97 appearances (0.00803%); Unihan kRSUnicode 30.3; Kangxi radical 30 口; Unihan kRSUnicode single radical assignment.	[]	"[""chinese"",""traditional"",""radicals"",""frequency"",""character-to-radical"",""one-way"",""part-8""]"
zh-traditional-radicals-frequency-viii/1473/character-to-radical	VIII	vocabulary	1473	zh-Hant	zh-Hant	妮	"[""女""]"	[]		"[""zh-Hant.frequency.1476"",""zh.radical.kangxi.038""]"	[]	[]	sources/characters.tsv	frequency-order position 1473; corpus frequency rank 1476; Ministry common-character number 903	妮: frequency-order position 1473; corpus frequency rank 1476; 97 appearances (0.00803%); Unihan kRSUnicode 38.5; Kangxi radical 38 女; Unihan kRSUnicode single radical assignment.	[]	"[""chinese"",""traditional"",""radicals"",""frequency"",""character-to-radical"",""one-way"",""part-8""]"
zh-traditional-radicals-frequency-viii/1474/character-to-radical	VIII	vocabulary	1474	zh-Hant	zh-Hant	攝	"[""手""]"	[]		"[""zh-Hant.frequency.1477"",""zh.radical.kangxi.064""]"	[]	[]	sources/characters.tsv	frequency-order position 1474; corpus frequency rank 1477; Ministry common-character number 1708	攝: frequency-order position 1474; corpus frequency rank 1477; 97 appearances (0.00803%); Unihan kRSUnicode 64.18; Kangxi radical 64 手; Unihan kRSUnicode single radical assignment.	[]	"[""chinese"",""traditional"",""radicals"",""frequency"",""character-to-radical"",""one-way"",""part-8""]"
zh-traditional-radicals-frequency-viii/1475/character-to-radical	VIII	vocabulary	1475	zh-Hant	zh-Hant	莖	"[""艸""]"	[]		"[""zh-Hant.frequency.1478"",""zh.radical.kangxi.140""]"	[]	[]	sources/characters.tsv	frequency-order position 1475; corpus frequency rank 1478; Ministry common-character number 3484	莖: frequency-order position 1475; corpus frequency rank 1478; 97 appearances (0.00803%); Unihan kRSUnicode 140.7; Kangxi radical 140 艸; Unihan kRSUnicode single radical assignment.	[]	"[""chinese"",""traditional"",""radicals"",""frequency"",""character-to-radical"",""one-way"",""part-8""]"
zh-traditional-radicals-frequency-viii/1476/character-to-radical	VIII	vocabulary	1476	zh-Hant	zh-Hant	蜜	"[""虫""]"	[]		"[""zh-Hant.frequency.1479"",""zh.radical.kangxi.142""]"	[]	[]	sources/characters.tsv	frequency-order position 1476; corpus frequency rank 1479; Ministry common-character number 3649	蜜: frequency-order position 1476; corpus frequency rank 1479; 97 appearances (0.00803%); Unihan kRSUnicode 142.8; Kangxi radical 142 虫; Unihan kRSUnicode single radical assignment.	[]	"[""chinese"",""traditional"",""radicals"",""frequency"",""character-to-radical"",""one-way"",""part-8""]"
zh-traditional-radicals-frequency-viii/1477/character-to-radical	VIII	vocabulary	1477	zh-Hant	zh-Hant	晶	"[""日""]"	[]		"[""zh-Hant.frequency.1480"",""zh.radical.kangxi.072""]"	[]	[]	sources/characters.tsv	frequency-order position 1477; corpus frequency rank 1480; Ministry common-character number 1808	晶: frequency-order position 1477; corpus frequency rank 1480; 97 appearances (0.00803%); Unihan kRSUnicode 72.8; Kangxi radical 72 日; Unihan kRSUnicode single radical assignment.	[]	"[""chinese"",""traditional"",""radicals"",""frequency"",""character-to-radical"",""one-way"",""part-8""]"
zh-traditional-radicals-frequency-viii/1478/character-to-radical	VIII	vocabulary	1478	zh-Hant	zh-Hant	紫	"[""糸""]"	[]		"[""zh-Hant.frequency.1481"",""zh.radical.kangxi.120""]"	[]	[]	sources/characters.tsv	frequency-order position 1478; corpus frequency rank 1481; Ministry common-character number 3118	紫: frequency-order position 1478; corpus frequency rank 1481; 97 appearances (0.00803%); Unihan kRSUnicode 120.5; Kangxi radical 120 糸; Unihan kRSUnicode single radical assignment.	[]	"[""chinese"",""traditional"",""radicals"",""frequency"",""character-to-radical"",""one-way"",""part-8""]"
zh-traditional-radicals-frequency-viii/1479/character-to-radical	VIII	vocabulary	1479	zh-Hant	zh-Hant	飾	"[""食""]"	[]		"[""zh-Hant.frequency.1482"",""zh.radical.kangxi.184""]"	[]	[]	sources/characters.tsv	frequency-order position 1479; corpus frequency rank 1482; Ministry common-character number 4592	飾: frequency-order position 1479; corpus frequency rank 1482; 97 appearances (0.00803%); Unihan kRSUnicode 184.5; Kangxi radical 184 食; Unihan kRSUnicode single radical assignment.	[]	"[""chinese"",""traditional"",""radicals"",""frequency"",""character-to-radical"",""one-way"",""part-8""]"
zh-traditional-radicals-frequency-viii/1480/character-to-radical	VIII	vocabulary	1480	zh-Hant	zh-Hant	猩	"[""犬""]"	[]		"[""zh-Hant.frequency.1483"",""zh.radical.kangxi.094""]"	[]	[]	sources/characters.tsv	frequency-order position 1480; corpus frequency rank 1483; Ministry common-character number 2532	猩: frequency-order position 1480; corpus frequency rank 1483; 97 appearances (0.00803%); Unihan kRSUnicode 94.9; Kangxi radical 94 犬; Unihan kRSUnicode single radical assignment.	[]	"[""chinese"",""traditional"",""radicals"",""frequency"",""character-to-radical"",""one-way"",""part-8""]"
zh-traditional-radicals-frequency-viii/1481/character-to-radical	VIII	vocabulary	1481	zh-Hant	zh-Hant	廢	"[""广""]"	[]		"[""zh-Hant.frequency.1484"",""zh.radical.kangxi.053""]"	[]	[]	sources/characters.tsv	frequency-order position 1481; corpus frequency rank 1484; Ministry common-character number 1226	廢: frequency-order position 1481; corpus frequency rank 1484; 97 appearances (0.00803%); Unihan kRSUnicode 53.12; Kangxi radical 53 广; Unihan kRSUnicode single radical assignment.	[]	"[""chinese"",""traditional"",""radicals"",""frequency"",""character-to-radical"",""one-way"",""part-8""]"
zh-traditional-radicals-frequency-viii/1482/character-to-radical	VIII	vocabulary	1482	zh-Hant	zh-Hant	橡	"[""木""]"	[]		"[""zh-Hant.frequency.1485"",""zh.radical.kangxi.075""]"	[]	[]	sources/characters.tsv	frequency-order position 1482; corpus frequency rank 1485; Ministry common-character number 2027	橡: frequency-order position 1482; corpus frequency rank 1485; 97 appearances (0.00803%); Unihan kRSUnicode 75.12; Kangxi radical 75 木; Unihan kRSUnicode single radical assignment.	[]	"[""chinese"",""traditional"",""radicals"",""frequency"",""character-to-radical"",""one-way"",""part-8""]"
zh-traditional-radicals-frequency-viii/1483/character-to-radical	VIII	vocabulary	1483	zh-Hant	zh-Hant	邀	"[""辵""]"	[]		"[""zh-Hant.frequency.1486"",""zh.radical.kangxi.162""]"	[]	[]	sources/characters.tsv	frequency-order position 1483; corpus frequency rank 1486; Ministry common-character number 4194	邀: frequency-order position 1483; corpus frequency rank 1486; 97 appearances (0.00803%); Unihan kRSUnicode 162.13; Kangxi radical 162 辵; Unihan kRSUnicode single radical assignment.	[]	"[""chinese"",""traditional"",""radicals"",""frequency"",""character-to-radical"",""one-way"",""part-8""]"
zh-traditional-radicals-frequency-viii/1484/character-to-radical	VIII	vocabulary	1484	zh-Hant	zh-Hant	黏	"[""黍""]"	[]		"[""zh-Hant.frequency.1487"",""zh.radical.kangxi.202""]"	[]	[]	sources/characters.tsv	frequency-order position 1484; corpus frequency rank 1487; Ministry common-character number 4770	黏: frequency-order position 1484; corpus frequency rank 1487; 97 appearances (0.00803%); Unihan kRSUnicode 202.5; Kangxi radical 202 黍; Unihan kRSUnicode single radical assignment.	[]	"[""chinese"",""traditional"",""radicals"",""frequency"",""character-to-radical"",""one-way"",""part-8""]"
zh-traditional-radicals-frequency-viii/1485/character-to-radical	VIII	vocabulary	1485	zh-Hant	zh-Hant	帽	"[""巾""]"	[]		"[""zh-Hant.frequency.1488"",""zh.radical.kangxi.050""]"	[]	[]	sources/characters.tsv	frequency-order position 1485; corpus frequency rank 1488; Ministry common-character number 1180	帽: frequency-order position 1485; corpus frequency rank 1488; 97 appearances (0.00803%); Unihan kRSUnicode 50.9; Kangxi radical 50 巾; Unihan kRSUnicode single radical assignment.	[]	"[""chinese"",""traditional"",""radicals"",""frequency"",""character-to-radical"",""one-way"",""part-8""]"
zh-traditional-radicals-frequency-viii/1486/character-to-radical	VIII	vocabulary	1486	zh-Hant	zh-Hant	孟	"[""子""]"	[]		"[""zh-Hant.frequency.1489"",""zh.radical.kangxi.039""]"	[]	[]	sources/characters.tsv	frequency-order position 1486; corpus frequency rank 1489; Ministry common-character number 992	孟: frequency-order position 1486; corpus frequency rank 1489; 96 appearances (0.00795%); Unihan kRSUnicode 39.5; Kangxi radical 39 子; Unihan kRSUnicode single radical assignment.	[]	"[""chinese"",""traditional"",""radicals"",""frequency"",""character-to-radical"",""one-way"",""part-8""]"
zh-traditional-radicals-frequency-viii/1487/character-to-radical	VIII	vocabulary	1487	zh-Hant	zh-Hant	曆	"[""日""]"	[]		"[""zh-Hant.frequency.1490"",""zh.radical.kangxi.072""]"	[]	[]	sources/characters.tsv	frequency-order position 1487; corpus frequency rank 1490; Ministry common-character number 1822	曆: frequency-order position 1487; corpus frequency rank 1490; 96 appearances (0.00795%); Unihan kRSUnicode 72.12; Kangxi radical 72 日; Unihan kRSUnicode single radical assignment.	[]	"[""chinese"",""traditional"",""radicals"",""frequency"",""character-to-radical"",""one-way"",""part-8""]"
zh-traditional-radicals-frequency-viii/1488/character-to-radical	VIII	vocabulary	1488	zh-Hant	zh-Hant	庫	"[""广""]"	[]		"[""zh-Hant.frequency.1491"",""zh.radical.kangxi.053""]"	[]	[]	sources/characters.tsv	frequency-order position 1488; corpus frequency rank 1491; Ministry common-character number 1211	庫: frequency-order position 1488; corpus frequency rank 1491; 96 appearances (0.00795%); Unihan kRSUnicode 53.7; Kangxi radical 53 广; Unihan kRSUnicode single radical assignment.	[]	"[""chinese"",""traditional"",""radicals"",""frequency"",""character-to-radical"",""one-way"",""part-8""]"
zh-traditional-radicals-frequency-viii/1489/character-to-radical	VIII	vocabulary	1489	zh-Hant	zh-Hant	零	"[""雨""]"	[]		"[""zh-Hant.frequency.1492"",""zh.radical.kangxi.173""]"	[]	[]	sources/characters.tsv	frequency-order position 1489; corpus frequency rank 1492; Ministry common-character number 4475	零: frequency-order position 1489; corpus frequency rank 1492; 96 appearances (0.00795%); Unihan kRSUnicode 173.5; Kangxi radical 173 雨; Unihan kRSUnicode single radical assignment.	[]	"[""chinese"",""traditional"",""radicals"",""frequency"",""character-to-radical"",""one-way"",""part-8""]"
zh-traditional-radicals-frequency-viii/1490/character-to-radical	VIII	vocabulary	1490	zh-Hant	zh-Hant	寧	"[""宀""]"	[]		"[""zh-Hant.frequency.1493"",""zh.radical.kangxi.040""]"	[]	[]	sources/characters.tsv	frequency-order position 1490; corpus frequency rank 1493; Ministry common-character number 1043	寧: frequency-order position 1490; corpus frequency rank 1493; 96 appearances (0.00795%); Unihan kRSUnicode 40.11; Kangxi radical 40 宀; Unihan kRSUnicode single radical assignment.	[]	"[""chinese"",""traditional"",""radicals"",""frequency"",""character-to-radical"",""one-way"",""part-8""]"
zh-traditional-radicals-frequency-viii/1491/character-to-radical	VIII	vocabulary	1491	zh-Hant	zh-Hant	芽	"[""艸""]"	[]		"[""zh-Hant.frequency.1494"",""zh.radical.kangxi.140""]"	[]	[]	sources/characters.tsv	frequency-order position 1491; corpus frequency rank 1494; Ministry common-character number 3436	芽: frequency-order position 1491; corpus frequency rank 1494; 96 appearances (0.00795%); Unihan kRSUnicode 140.4; Kangxi radical 140 艸; Unihan kRSUnicode single radical assignment.	[]	"[""chinese"",""traditional"",""radicals"",""frequency"",""character-to-radical"",""one-way"",""part-8""]"
zh-traditional-radicals-frequency-viii/1492/character-to-radical	VIII	vocabulary	1492	zh-Hant	zh-Hant	叢	"[""又""]"	[]		"[""zh-Hant.frequency.1495"",""zh.radical.kangxi.029""]"	[]	[]	sources/characters.tsv	frequency-order position 1492; corpus frequency rank 1495; Ministry common-character number 479	叢: frequency-order position 1492; corpus frequency rank 1495; 96 appearances (0.00795%); Unihan kRSUnicode 29.16; Kangxi radical 29 又; Unihan kRSUnicode single radical assignment.	[]	"[""chinese"",""traditional"",""radicals"",""frequency"",""character-to-radical"",""one-way"",""part-8""]"
zh-traditional-radicals-frequency-viii/1493/character-to-radical	VIII	vocabulary	1493	zh-Hant	zh-Hant	覆	"[""襾""]"	[]		"[""zh-Hant.frequency.1496"",""zh.radical.kangxi.146""]"	[]	[]	sources/characters.tsv	frequency-order position 1493; corpus frequency rank 1496; Ministry common-character number 3765	覆: frequency-order position 1493; corpus frequency rank 1496; 96 appearances (0.00795%); Unihan kRSUnicode 146.12; Kangxi radical 146 襾; Unihan kRSUnicode single radical assignment.	[]	"[""chinese"",""traditional"",""radicals"",""frequency"",""character-to-radical"",""one-way"",""part-8""]"
zh-traditional-radicals-frequency-viii/1494/character-to-radical	VIII	vocabulary	1494	zh-Hant	zh-Hant	京	"[""亠""]"	[]		"[""zh-Hant.frequency.1497"",""zh.radical.kangxi.008""]"	[]	[]	sources/characters.tsv	frequency-order position 1494; corpus frequency rank 1497; Ministry common-character number 65	京: frequency-order position 1494; corpus frequency rank 1497; 95 appearances (0.00787%); Unihan kRSUnicode 8.6; Kangxi radical 8 亠; Unihan kRSUnicode single radical assignment.	[]	"[""chinese"",""traditional"",""radicals"",""frequency"",""character-to-radical"",""one-way"",""part-8""]"
zh-traditional-radicals-frequency-viii/1495/character-to-radical	VIII	vocabulary	1495	zh-Hant	zh-Hant	耐	"[""而""]"	[]		"[""zh-Hant.frequency.1498"",""zh.radical.kangxi.126""]"	[]	[]	sources/characters.tsv	frequency-order position 1495; corpus frequency rank 1498; Ministry common-character number 3256	耐: frequency-order position 1495; corpus frequency rank 1498; 95 appearances (0.00787%); Unihan kRSUnicode 126.3; Kangxi radical 126 而; Unihan kRSUnicode single radical assignment.	[]	"[""chinese"",""traditional"",""radicals"",""frequency"",""character-to-radical"",""one-way"",""part-8""]"
zh-traditional-radicals-frequency-viii/1496/character-to-radical	VIII	vocabulary	1496	zh-Hant	zh-Hant	腹	"[""肉""]"	[]		"[""zh-Hant.frequency.1499"",""zh.radical.kangxi.130""]"	[]	[]	sources/characters.tsv	frequency-order position 1496; corpus frequency rank 1499; Ministry common-character number 3352	腹: frequency-order position 1496; corpus frequency rank 1499; 95 appearances (0.00787%); Unihan kRSUnicode 130.9; Kangxi radical 130 肉; Unihan kRSUnicode single radical assignment.	[]	"[""chinese"",""traditional"",""radicals"",""frequency"",""character-to-radical"",""one-way"",""part-8""]"
zh-traditional-radicals-frequency-viii/1497/character-to-radical	VIII	vocabulary	1497	zh-Hant	zh-Hant	夕	"[""夕""]"	[]		"[""zh-Hant.frequency.1500"",""zh.radical.kangxi.036""]"	[]	[]	sources/characters.tsv	frequency-order position 1497; corpus frequency rank 1500; Ministry common-character number 839	夕: frequency-order position 1497; corpus frequency rank 1500; 94 appearances (0.00778%); Unihan kRSUnicode 36.0; Kangxi radical 36 夕; Unihan kRSUnicode single radical assignment.	[]	"[""chinese"",""traditional"",""radicals"",""frequency"",""character-to-radical"",""one-way"",""part-8""]"
zh-traditional-radicals-frequency-viii/1498/character-to-radical	VIII	vocabulary	1498	zh-Hant	zh-Hant	擇	"[""手""]"	[]		"[""zh-Hant.frequency.1501"",""zh.radical.kangxi.064""]"	[]	[]	sources/characters.tsv	frequency-order position 1498; corpus frequency rank 1501; Ministry common-character number 1683	擇: frequency-order position 1498; corpus frequency rank 1501; 94 appearances (0.00778%); Unihan kRSUnicode 64.13; Kangxi radical 64 手; Unihan kRSUnicode single radical assignment.	[]	"[""chinese"",""traditional"",""radicals"",""frequency"",""character-to-radical"",""one-way"",""part-8""]"
zh-traditional-radicals-frequency-viii/1499/character-to-radical	VIII	vocabulary	1499	zh-Hant	zh-Hant	胃	"[""肉""]"	[]		"[""zh-Hant.frequency.1502"",""zh.radical.kangxi.130""]"	[]	[]	sources/characters.tsv	frequency-order position 1499; corpus frequency rank 1502; Ministry common-character number 3311	胃: frequency-order position 1499; corpus frequency rank 1502; 94 appearances (0.00778%); Unihan kRSUnicode 130.5; Kangxi radical 130 肉; Unihan kRSUnicode single radical assignment.	[]	"[""chinese"",""traditional"",""radicals"",""frequency"",""character-to-radical"",""one-way"",""part-8""]"
zh-traditional-radicals-frequency-viii/1500/character-to-radical	VIII	vocabulary	1500	zh-Hant	zh-Hant	筒	"[""竹""]"	[]		"[""zh-Hant.frequency.1503"",""zh.radical.kangxi.118""]"	[]	[]	sources/characters.tsv	frequency-order position 1500; corpus frequency rank 1503; Ministry common-character number 3001	筒: frequency-order position 1500; corpus frequency rank 1503; 94 appearances (0.00778%); Unihan kRSUnicode 118.6; Kangxi radical 118 竹; Unihan kRSUnicode single radical assignment.	[]	"[""chinese"",""traditional"",""radicals"",""frequency"",""character-to-radical"",""one-way"",""part-8""]"
zh-traditional-radicals-frequency-viii/1501/character-to-radical	VIII	vocabulary	1501	zh-Hant	zh-Hant	軸	"[""車""]"	[]		"[""zh-Hant.frequency.1504"",""zh.radical.kangxi.159""]"	[]	[]	sources/characters.tsv	frequency-order position 1501; corpus frequency rank 1504; Ministry common-character number 4070	軸: frequency-order position 1501; corpus frequency rank 1504; 94 appearances (0.00778%); Unihan kRSUnicode 159.5; Kangxi radical 159 車; Unihan kRSUnicode single radical assignment.	[]	"[""chinese"",""traditional"",""radicals"",""frequency"",""character-to-radical"",""one-way"",""part-8""]"
zh-traditional-radicals-frequency-viii/1502/character-to-radical	VIII	vocabulary	1502	zh-Hant	zh-Hant	漫	"[""水""]"	[]		"[""zh-Hant.frequency.1505"",""zh.radical.kangxi.085""]"	[]	[]	sources/characters.tsv	frequency-order position 1502; corpus frequency rank 1505; Ministry common-character number 2317	漫: frequency-order position 1502; corpus frequency rank 1505; 94 appearances (0.00778%); Unihan kRSUnicode 85.11; Kangxi radical 85 水; Unihan kRSUnicode single radical assignment.	[]	"[""chinese"",""traditional"",""radicals"",""frequency"",""character-to-radical"",""one-way"",""part-8""]"
zh-traditional-radicals-frequency-viii/1503/character-to-radical	VIII	vocabulary	1503	zh-Hant	zh-Hant	惠	"[""心""]"	[]		"[""zh-Hant.frequency.1506"",""zh.radical.kangxi.061""]"	[]	[]	sources/characters.tsv	frequency-order position 1503; corpus frequency rank 1506; Ministry common-character number 1385	惠: frequency-order position 1503; corpus frequency rank 1506; 94 appearances (0.00778%); Unihan kRSUnicode 61.8; Kangxi radical 61 心; Unihan kRSUnicode single radical assignment.	[]	"[""chinese"",""traditional"",""radicals"",""frequency"",""character-to-radical"",""one-way"",""part-8""]"
zh-traditional-radicals-frequency-viii/1504/character-to-radical	VIII	vocabulary	1504	zh-Hant	zh-Hant	鑽	"[""金""]"	[]		"[""zh-Hant.frequency.1507"",""zh.radical.kangxi.167""]"	[]	[]	sources/characters.tsv	frequency-order position 1504; corpus frequency rank 1507; Ministry common-character number 4365	鑽: frequency-order position 1504; corpus frequency rank 1507; 94 appearances (0.00778%); Unihan kRSUnicode 167.19; Kangxi radical 167 金; Unihan kRSUnicode single radical assignment.	[]	"[""chinese"",""traditional"",""radicals"",""frequency"",""character-to-radical"",""one-way"",""part-8""]"
zh-traditional-radicals-frequency-viii/1505/character-to-radical	VIII	vocabulary	1505	zh-Hant	zh-Hant	瓦	"[""瓦""]"	[]		"[""zh-Hant.frequency.1508"",""zh.radical.kangxi.098""]"	[]	[]	sources/characters.tsv	frequency-order position 1505; corpus frequency rank 1508; Ministry common-character number 2614	瓦: frequency-order position 1505; corpus frequency rank 1508; 93 appearances (0.00770%); Unihan kRSUnicode 98.0; Kangxi radical 98 瓦; Unihan kRSUnicode single radical assignment.	[]	"[""chinese"",""traditional"",""radicals"",""frequency"",""character-to-radical"",""one-way"",""part-8""]"
zh-traditional-radicals-frequency-viii/1506/character-to-radical	VIII	vocabulary	1506	zh-Hant	zh-Hant	恆	"[""心""]"	[]		"[""zh-Hant.frequency.1509"",""zh.radical.kangxi.061""]"	[]	[]	sources/characters.tsv	frequency-order position 1506; corpus frequency rank 1509; Ministry common-character number 1339	恆: frequency-order position 1506; corpus frequency rank 1509; 93 appearances (0.00770%); Unihan kRSUnicode 61.6; Kangxi radical 61 心; Unihan kRSUnicode single radical assignment.	[]	"[""chinese"",""traditional"",""radicals"",""frequency"",""character-to-radical"",""one-way"",""part-8""]"
zh-traditional-radicals-frequency-viii/1507/character-to-radical	VIII	vocabulary	1507	zh-Hant	zh-Hant	祭	"[""示""]"	[]		"[""zh-Hant.frequency.1510"",""zh.radical.kangxi.113""]"	[]	[]	sources/characters.tsv	frequency-order position 1507; corpus frequency rank 1510; Ministry common-character number 2896	祭: frequency-order position 1507; corpus frequency rank 1510; 93 appearances (0.00770%); Unihan kRSUnicode 113.6; Kangxi radical 113 示; Unihan kRSUnicode single radical assignment.	[]	"[""chinese"",""traditional"",""radicals"",""frequency"",""character-to-radical"",""one-way"",""part-8""]"
zh-traditional-radicals-frequency-viii/1508/character-to-radical	VIII	vocabulary	1508	zh-Hant	zh-Hant	跡	"[""足""]"	[]		"[""zh-Hant.frequency.1511"",""zh.radical.kangxi.157""]"	[]	[]	sources/characters.tsv	frequency-order position 1508; corpus frequency rank 1511; Ministry common-character number 4012	跡: frequency-order position 1508; corpus frequency rank 1511; 93 appearances (0.00770%); Unihan kRSUnicode 157.6; Kangxi radical 157 足; Unihan kRSUnicode single radical assignment.	[]	"[""chinese"",""traditional"",""radicals"",""frequency"",""character-to-radical"",""one-way"",""part-8""]"
zh-traditional-radicals-frequency-viii/1509/character-to-radical	VIII	vocabulary	1509	zh-Hant	zh-Hant	蟹	"[""虫""]"	[]		"[""zh-Hant.frequency.1512"",""zh.radical.kangxi.142""]"	[]	[]	sources/characters.tsv	frequency-order position 1509; corpus frequency rank 1512; Ministry common-character number 3687	蟹: frequency-order position 1509; corpus frequency rank 1512; 93 appearances (0.00770%); Unihan kRSUnicode 142.13; Kangxi radical 142 虫; Unihan kRSUnicode single radical assignment.	[]	"[""chinese"",""traditional"",""radicals"",""frequency"",""character-to-radical"",""one-way"",""part-8""]"
zh-traditional-radicals-frequency-viii/1510/character-to-radical	VIII	vocabulary	1510	zh-Hant	zh-Hant	灌	"[""水""]"	[]		"[""zh-Hant.frequency.1513"",""zh.radical.kangxi.085""]"	[]	[]	sources/characters.tsv	frequency-order position 1510; corpus frequency rank 1513; Ministry common-character number 2378	灌: frequency-order position 1510; corpus frequency rank 1513; 93 appearances (0.00770%); Unihan kRSUnicode 85.18; Kangxi radical 85 水; Unihan kRSUnicode single radical assignment.	[]	"[""chinese"",""traditional"",""radicals"",""frequency"",""character-to-radical"",""one-way"",""part-8""]"
zh-traditional-radicals-frequency-viii/1511/character-to-radical	VIII	vocabulary	1511	zh-Hant	zh-Hant	妖	"[""女""]"	[]		"[""zh-Hant.frequency.1514"",""zh.radical.kangxi.038""]"	[]	[]	sources/characters.tsv	frequency-order position 1511; corpus frequency rank 1514; Ministry common-character number 893	妖: frequency-order position 1511; corpus frequency rank 1514; 92 appearances (0.00762%); Unihan kRSUnicode 38.4; Kangxi radical 38 女; Unihan kRSUnicode single radical assignment.	[]	"[""chinese"",""traditional"",""radicals"",""frequency"",""character-to-radical"",""one-way"",""part-8""]"
zh-traditional-radicals-frequency-viii/1512/character-to-radical	VIII	vocabulary	1512	zh-Hant	zh-Hant	咬	"[""口""]"	[]		"[""zh-Hant.frequency.1515"",""zh.radical.kangxi.030""]"	[]	[]	sources/characters.tsv	frequency-order position 1512; corpus frequency rank 1515; Ministry common-character number 563	咬: frequency-order position 1512; corpus frequency rank 1515; 92 appearances (0.00762%); Unihan kRSUnicode 30.6; Kangxi radical 30 口; Unihan kRSUnicode single radical assignment.	[]	"[""chinese"",""traditional"",""radicals"",""frequency"",""character-to-radical"",""one-way"",""part-8""]"
zh-traditional-radicals-frequency-viii/1513/character-to-radical	VIII	vocabulary	1513	zh-Hant	zh-Hant	甜	"[""甘""]"	[]		"[""zh-Hant.frequency.1516"",""zh.radical.kangxi.099""]"	[]	[]	sources/characters.tsv	frequency-order position 1513; corpus frequency rank 1516; Ministry common-character number 2622	甜: frequency-order position 1513; corpus frequency rank 1516; 92 appearances (0.00762%); Unihan kRSUnicode 99.6; Kangxi radical 99 甘; Unihan kRSUnicode single radical assignment.	[]	"[""chinese"",""traditional"",""radicals"",""frequency"",""character-to-radical"",""one-way"",""part-8""]"
zh-traditional-radicals-frequency-viii/1514/character-to-radical	VIII	vocabulary	1514	zh-Hant	zh-Hant	搭	"[""手""]"	[]		"[""zh-Hant.frequency.1517"",""zh.radical.kangxi.064""]"	[]	[]	sources/characters.tsv	frequency-order position 1514; corpus frequency rank 1517; Ministry common-character number 1639	搭: frequency-order position 1514; corpus frequency rank 1517; 92 appearances (0.00762%); Unihan kRSUnicode 64.10; Kangxi radical 64 手; Unihan kRSUnicode single radical assignment.	[]	"[""chinese"",""traditional"",""radicals"",""frequency"",""character-to-radical"",""one-way"",""part-8""]"
zh-traditional-radicals-frequency-viii/1515/character-to-radical	VIII	vocabulary	1515	zh-Hant	zh-Hant	矮	"[""矢""]"	[]		"[""zh-Hant.frequency.1518"",""zh.radical.kangxi.111""]"	[]	[]	sources/characters.tsv	frequency-order position 1515; corpus frequency rank 1518; Ministry common-character number 2821	矮: frequency-order position 1515; corpus frequency rank 1518; 92 appearances (0.00762%); Unihan kRSUnicode 111.8; Kangxi radical 111 矢; Unihan kRSUnicode single radical assignment.	[]	"[""chinese"",""traditional"",""radicals"",""frequency"",""character-to-radical"",""one-way"",""part-8""]"
zh-traditional-radicals-frequency-viii/1516/character-to-radical	VIII	vocabulary	1516	zh-Hant	zh-Hant	棲	"[""木""]"	[]		"[""zh-Hant.frequency.1519"",""zh.radical.kangxi.075""]"	[]	[]	sources/characters.tsv	frequency-order position 1516; corpus frequency rank 1519; Ministry common-character number 1964	棲: frequency-order position 1516; corpus frequency rank 1519; 91 appearances (0.00753%); Unihan kRSUnicode 75.8; Kangxi radical 75 木; Unihan kRSUnicode single radical assignment.	[]	"[""chinese"",""traditional"",""radicals"",""frequency"",""character-to-radical"",""one-way"",""part-8""]"
zh-traditional-radicals-frequency-viii/1517/character-to-radical	VIII	vocabulary	1517	zh-Hant	zh-Hant	策	"[""竹""]"	[]		"[""zh-Hant.frequency.1520"",""zh.radical.kangxi.118""]"	[]	[]	sources/characters.tsv	frequency-order position 1517; corpus frequency rank 1520; Ministry common-character number 2998	策: frequency-order position 1517; corpus frequency rank 1520; 91 appearances (0.00753%); Unihan kRSUnicode 118.6; Kangxi radical 118 竹; Unihan kRSUnicode single radical assignment.	[]	"[""chinese"",""traditional"",""radicals"",""frequency"",""character-to-radical"",""one-way"",""part-8""]"
zh-traditional-radicals-frequency-viii/1518/character-to-radical	VIII	vocabulary	1518	zh-Hant	zh-Hant	慌	"[""心""]"	[]		"[""zh-Hant.frequency.1521"",""zh.radical.kangxi.061""]"	[]	[]	sources/characters.tsv	frequency-order position 1518; corpus frequency rank 1521; Ministry common-character number 1409	慌: frequency-order position 1518; corpus frequency rank 1521; 91 appearances (0.00753%); Unihan kRSUnicode 61.10; Kangxi radical 61 心; Unihan kRSUnicode single radical assignment.	[]	"[""chinese"",""traditional"",""radicals"",""frequency"",""character-to-radical"",""one-way"",""part-8""]"
zh-traditional-radicals-frequency-viii/1519/character-to-radical	VIII	vocabulary	1519	zh-Hant	zh-Hant	監	"[""皿""]"	[]		"[""zh-Hant.frequency.1522"",""zh.radical.kangxi.108""]"	[]	[]	sources/characters.tsv	frequency-order position 1519; corpus frequency rank 1522; Ministry common-character number 2751	監: frequency-order position 1519; corpus frequency rank 1522; 91 appearances (0.00753%); Unihan kRSUnicode 108.9; Kangxi radical 108 皿; Unihan kRSUnicode single radical assignment.	[]	"[""chinese"",""traditional"",""radicals"",""frequency"",""character-to-radical"",""one-way"",""part-8""]"
zh-traditional-radicals-frequency-viii/1520/character-to-radical	VIII	vocabulary	1520	zh-Hant	zh-Hant	羽	"[""羽""]"	[]		"[""zh-Hant.frequency.1523"",""zh.radical.kangxi.124""]"	[]	[]	sources/characters.tsv	frequency-order position 1520; corpus frequency rank 1523; Ministry common-character number 3231	羽: frequency-order position 1520; corpus frequency rank 1523; 90 appearances (0.00745%); Unihan kRSUnicode 124.0; Kangxi radical 124 羽; Unihan kRSUnicode single radical assignment.	[]	"[""chinese"",""traditional"",""radicals"",""frequency"",""character-to-radical"",""one-way"",""part-8""]"
zh-traditional-radicals-frequency-viii/1521/character-to-radical	VIII	vocabulary	1521	zh-Hant	zh-Hant	忠	"[""心""]"	[]		"[""zh-Hant.frequency.1524"",""zh.radical.kangxi.061""]"	[]	[]	sources/characters.tsv	frequency-order position 1521; corpus frequency rank 1524; Ministry common-character number 1316	忠: frequency-order position 1521; corpus frequency rank 1524; 90 appearances (0.00745%); Unihan kRSUnicode 61.4; Kangxi radical 61 心; Unihan kRSUnicode single radical assignment.	[]	"[""chinese"",""traditional"",""radicals"",""frequency"",""character-to-radical"",""one-way"",""part-8""]"
zh-traditional-radicals-frequency-viii/1522/character-to-radical	VIII	vocabulary	1522	zh-Hant	zh-Hant	諸	"[""言""]"	[]		"[""zh-Hant.frequency.1525"",""zh.radical.kangxi.149""]"	[]	[]	sources/characters.tsv	frequency-order position 1522; corpus frequency rank 1525; Ministry common-character number 3850	諸: frequency-order position 1522; corpus frequency rank 1525; 90 appearances (0.00745%); Unihan kRSUnicode 149.9; Kangxi radical 149 言; Unihan kRSUnicode single radical assignment.	[]	"[""chinese"",""traditional"",""radicals"",""frequency"",""character-to-radical"",""one-way"",""part-8""]"
zh-traditional-radicals-frequency-viii/1523/character-to-radical	VIII	vocabulary	1523	zh-Hant	zh-Hant	耶	"[""耳""]"	[]		"[""zh-Hant.frequency.1526"",""zh.radical.kangxi.128""]"	[]	[]	sources/characters.tsv	frequency-order position 1523; corpus frequency rank 1526; Ministry common-character number 3265	耶: frequency-order position 1523; corpus frequency rank 1526; 90 appearances (0.00745%); Unihan kRSUnicode 128.3; Kangxi radical 128 耳; Unihan kRSUnicode single radical assignment.	[]	"[""chinese"",""traditional"",""radicals"",""frequency"",""character-to-radical"",""one-way"",""part-8""]"
zh-traditional-radicals-frequency-viii/1524/character-to-radical	VIII	vocabulary	1524	zh-Hant	zh-Hant	猛	"[""犬""]"	[]		"[""zh-Hant.frequency.1527"",""zh.radical.kangxi.094""]"	[]	[]	sources/characters.tsv	frequency-order position 1524; corpus frequency rank 1527; Ministry common-character number 2525	猛: frequency-order position 1524; corpus frequency rank 1527; 90 appearances (0.00745%); Unihan kRSUnicode 94.8; Kangxi radical 94 犬; Unihan kRSUnicode single radical assignment.	[]	"[""chinese"",""traditional"",""radicals"",""frequency"",""character-to-radical"",""one-way"",""part-8""]"
zh-traditional-radicals-frequency-viii/1525/character-to-radical	VIII	vocabulary	1525	zh-Hant	zh-Hant	損	"[""手""]"	[]		"[""zh-Hant.frequency.1528"",""zh.radical.kangxi.064""]"	[]	[]	sources/characters.tsv	frequency-order position 1525; corpus frequency rank 1528; Ministry common-character number 1645	損: frequency-order position 1525; corpus frequency rank 1528; 90 appearances (0.00745%); Unihan kRSUnicode 64.10; Kangxi radical 64 手; Unihan kRSUnicode single radical assignment.	[]	"[""chinese"",""traditional"",""radicals"",""frequency"",""character-to-radical"",""one-way"",""part-8""]"
zh-traditional-radicals-frequency-viii/1526/character-to-radical	VIII	vocabulary	1526	zh-Hant	zh-Hant	殖	"[""歹""]"	[]		"[""zh-Hant.frequency.1529"",""zh.radical.kangxi.078""]"	[]	[]	sources/characters.tsv	frequency-order position 1526; corpus frequency rank 1529; Ministry common-character number 2084	殖: frequency-order position 1526; corpus frequency rank 1529; 90 appearances (0.00745%); Unihan kRSUnicode 78.8; Kangxi radical 78 歹; Unihan kRSUnicode single radical assignment.	[]	"[""chinese"",""traditional"",""radicals"",""frequency"",""character-to-radical"",""one-way"",""part-8""]"
zh-traditional-radicals-frequency-viii/1527/character-to-radical	VIII	vocabulary	1527	zh-Hant	zh-Hant	埃	"[""土""]"	[]		"[""zh-Hant.frequency.1530"",""zh.radical.kangxi.032""]"	[]	[]	sources/characters.tsv	frequency-order position 1527; corpus frequency rank 1530; Ministry common-character number 774	埃: frequency-order position 1527; corpus frequency rank 1530; 90 appearances (0.00745%); Unihan kRSUnicode 32.7; Kangxi radical 32 土; Unihan kRSUnicode single radical assignment.	[]	"[""chinese"",""traditional"",""radicals"",""frequency"",""character-to-radical"",""one-way"",""part-8""]"
zh-traditional-radicals-frequency-viii/1528/character-to-radical	VIII	vocabulary	1528	zh-Hant	zh-Hant	膚	"[""肉""]"	[]		"[""zh-Hant.frequency.1531"",""zh.radical.kangxi.130""]"	[]	[]	sources/characters.tsv	frequency-order position 1528; corpus frequency rank 1531; Ministry common-character number 3364	膚: frequency-order position 1528; corpus frequency rank 1531; 90 appearances (0.00745%); Unihan kRSUnicode 130.11; Kangxi radical 130 肉; Unihan kRSUnicode single radical assignment.	[]	"[""chinese"",""traditional"",""radicals"",""frequency"",""character-to-radical"",""one-way"",""part-8""]"
zh-traditional-radicals-frequency-viii/1529/character-to-radical	VIII	vocabulary	1529	zh-Hant	zh-Hant	擁	"[""手""]"	[]		"[""zh-Hant.frequency.1532"",""zh.radical.kangxi.064""]"	[]	[]	sources/characters.tsv	frequency-order position 1529; corpus frequency rank 1532; Ministry common-character number 1677	擁: frequency-order position 1529; corpus frequency rank 1532; 90 appearances (0.00745%); Unihan kRSUnicode 64.13; Kangxi radical 64 手; Unihan kRSUnicode single radical assignment.	[]	"[""chinese"",""traditional"",""radicals"",""frequency"",""character-to-radical"",""one-way"",""part-8""]"
zh-traditional-radicals-frequency-viii/1530/character-to-radical	VIII	vocabulary	1530	zh-Hant	zh-Hant	井	"[""二""]"	[]		"[""zh-Hant.frequency.1533"",""zh.radical.kangxi.007""]"	[]	[]	sources/characters.tsv	frequency-order position 1530; corpus frequency rank 1533; Ministry common-character number 52	井: frequency-order position 1530; corpus frequency rank 1533; 89 appearances (0.00737%); Unihan kRSUnicode 7.2; Kangxi radical 7 二; Unihan kRSUnicode single radical assignment.	[]	"[""chinese"",""traditional"",""radicals"",""frequency"",""character-to-radical"",""one-way"",""part-8""]"
zh-traditional-radicals-frequency-viii/1531/character-to-radical	VIII	vocabulary	1531	zh-Hant	zh-Hant	哺	"[""口""]"	[]		"[""zh-Hant.frequency.1534"",""zh.radical.kangxi.030""]"	[]	[]	sources/characters.tsv	frequency-order position 1531; corpus frequency rank 1534; Ministry common-character number 590	哺: frequency-order position 1531; corpus frequency rank 1534; 89 appearances (0.00737%); Unihan kRSUnicode 30.7; Kangxi radical 30 口; Unihan kRSUnicode single radical assignment.	[]	"[""chinese"",""traditional"",""radicals"",""frequency"",""character-to-radical"",""one-way"",""part-8""]"
zh-traditional-radicals-frequency-viii/1532/character-to-radical	VIII	vocabulary	1532	zh-Hant	zh-Hant	蜂	"[""虫""]"	[]		"[""zh-Hant.frequency.1535"",""zh.radical.kangxi.142""]"	[]	[]	sources/characters.tsv	frequency-order position 1532; corpus frequency rank 1535; Ministry common-character number 3646	蜂: frequency-order position 1532; corpus frequency rank 1535; 89 appearances (0.00737%); Unihan kRSUnicode 142.7; Kangxi radical 142 虫; Unihan kRSUnicode single radical assignment.	[]	"[""chinese"",""traditional"",""radicals"",""frequency"",""character-to-radical"",""one-way"",""part-8""]"
zh-traditional-radicals-frequency-viii/1533/character-to-radical	VIII	vocabulary	1533	zh-Hant	zh-Hant	舅	"[""臼""]"	[]		"[""zh-Hant.frequency.1536"",""zh.radical.kangxi.134""]"	[]	[]	sources/characters.tsv	frequency-order position 1533; corpus frequency rank 1536; Ministry common-character number 3397	舅: frequency-order position 1533; corpus frequency rank 1536; 89 appearances (0.00737%); Unihan kRSUnicode 134.7; Kangxi radical 134 臼; Unihan kRSUnicode single radical assignment.	[]	"[""chinese"",""traditional"",""radicals"",""frequency"",""character-to-radical"",""one-way"",""part-8""]"
zh-traditional-radicals-frequency-viii/1534/character-to-radical	VIII	vocabulary	1534	zh-Hant	zh-Hant	懶	"[""心""]"	[]		"[""zh-Hant.frequency.1537"",""zh.radical.kangxi.061""]"	[]	[]	sources/characters.tsv	frequency-order position 1534; corpus frequency rank 1537; Ministry common-character number 1458	懶: frequency-order position 1534; corpus frequency rank 1537; 89 appearances (0.00737%); Unihan kRSUnicode 61.16; Kangxi radical 61 心; Unihan kRSUnicode single radical assignment.	[]	"[""chinese"",""traditional"",""radicals"",""frequency"",""character-to-radical"",""one-way"",""part-8""]"
zh-traditional-radicals-frequency-viii/1535/character-to-radical	VIII	vocabulary	1535	zh-Hant	zh-Hant	墓	"[""土""]"	[]		"[""zh-Hant.frequency.1538"",""zh.radical.kangxi.032""]"	[]	[]	sources/characters.tsv	frequency-order position 1535; corpus frequency rank 1538; Ministry common-character number 807	墓: frequency-order position 1535; corpus frequency rank 1538; 89 appearances (0.00737%); Unihan kRSUnicode 32.11; Kangxi radical 32 土; Unihan kRSUnicode single radical assignment.	[]	"[""chinese"",""traditional"",""radicals"",""frequency"",""character-to-radical"",""one-way"",""part-8""]"
zh-traditional-radicals-frequency-viii/1536/character-to-radical	VIII	vocabulary	1536	zh-Hant	zh-Hant	鉛	"[""金""]"	[]		"[""zh-Hant.frequency.1539"",""zh.radical.kangxi.167""]"	[]	[]	sources/characters.tsv	frequency-order position 1536; corpus frequency rank 1539; Ministry common-character number 4283	鉛: frequency-order position 1536; corpus frequency rank 1539; 89 appearances (0.00737%); Unihan kRSUnicode 167.5; Kangxi radical 167 金; Unihan kRSUnicode single radical assignment.	[]	"[""chinese"",""traditional"",""radicals"",""frequency"",""character-to-radical"",""one-way"",""part-8""]"
zh-traditional-radicals-frequency-viii/1537/character-to-radical	VIII	vocabulary	1537	zh-Hant	zh-Hant	劍	"[""刀""]"	[]		"[""zh-Hant.frequency.1540"",""zh.radical.kangxi.018""]"	[]	[]	sources/characters.tsv	frequency-order position 1537; corpus frequency rank 1540; Ministry common-character number 377	劍: frequency-order position 1537; corpus frequency rank 1540; 89 appearances (0.00737%); Unihan kRSUnicode 18.13; Kangxi radical 18 刀; Unihan kRSUnicode single radical assignment.	[]	"[""chinese"",""traditional"",""radicals"",""frequency"",""character-to-radical"",""one-way"",""part-8""]"
zh-traditional-radicals-frequency-viii/1538/character-to-radical	VIII	vocabulary	1538	zh-Hant	zh-Hant	蕭	"[""艸""]"	[]		"[""zh-Hant.frequency.1541"",""zh.radical.kangxi.140""]"	[]	[]	sources/characters.tsv	frequency-order position 1538; corpus frequency rank 1541; Ministry common-character number 3568	蕭: frequency-order position 1538; corpus frequency rank 1541; 89 appearances (0.00737%); Unihan kRSUnicode 140.12; Kangxi radical 140 艸; Unihan kRSUnicode single radical assignment.	[]	"[""chinese"",""traditional"",""radicals"",""frequency"",""character-to-radical"",""one-way"",""part-8""]"
zh-traditional-radicals-frequency-viii/1539/character-to-radical	VIII	vocabulary	1539	zh-Hant	zh-Hant	翠	"[""羽""]"	[]		"[""zh-Hant.frequency.1542"",""zh.radical.kangxi.124""]"	[]	[]	sources/characters.tsv	frequency-order position 1539; corpus frequency rank 1542; Ministry common-character number 3240	翠: frequency-order position 1539; corpus frequency rank 1542; 89 appearances (0.00737%); Unihan kRSUnicode 124.8; Kangxi radical 124 羽; Unihan kRSUnicode single radical assignment.	[]	"[""chinese"",""traditional"",""radicals"",""frequency"",""character-to-radical"",""one-way"",""part-8""]"
zh-traditional-radicals-frequency-viii/1540/character-to-radical	VIII	vocabulary	1540	zh-Hant	zh-Hant	沖	"[""水""]"	[]		"[""zh-Hant.frequency.1543"",""zh.radical.kangxi.085""]"	[]	[]	sources/characters.tsv	frequency-order position 1540; corpus frequency rank 1543; Ministry common-character number 2150	沖: frequency-order position 1540; corpus frequency rank 1543; 88 appearances (0.00729%); Unihan kRSUnicode 85.4; Kangxi radical 85 水; Unihan kRSUnicode single radical assignment.	[]	"[""chinese"",""traditional"",""radicals"",""frequency"",""character-to-radical"",""one-way"",""part-8""]"
zh-traditional-radicals-frequency-viii/1541/character-to-radical	VIII	vocabulary	1541	zh-Hant	zh-Hant	貧	"[""貝""]"	[]		"[""zh-Hant.frequency.1544"",""zh.radical.kangxi.154""]"	[]	[]	sources/characters.tsv	frequency-order position 1541; corpus frequency rank 1544; Ministry common-character number 3937	貧: frequency-order position 1541; corpus frequency rank 1544; 88 appearances (0.00729%); Unihan kRSUnicode 154.4; Kangxi radical 154 貝; Unihan kRSUnicode single radical assignment.	[]	"[""chinese"",""traditional"",""radicals"",""frequency"",""character-to-radical"",""one-way"",""part-8""]"
zh-traditional-radicals-frequency-viii/1542/character-to-radical	VIII	vocabulary	1542	zh-Hant	zh-Hant	嫁	"[""女""]"	[]		"[""zh-Hant.frequency.1545"",""zh.radical.kangxi.038""]"	[]	[]	sources/characters.tsv	frequency-order position 1542; corpus frequency rank 1545; Ministry common-character number 954	嫁: frequency-order position 1542; corpus frequency rank 1545; 88 appearances (0.00729%); Unihan kRSUnicode 38.10; Kangxi radical 38 女; Unihan kRSUnicode single radical assignment.	[]	"[""chinese"",""traditional"",""radicals"",""frequency"",""character-to-radical"",""one-way"",""part-8""]"
zh-traditional-radicals-frequency-viii/1543/character-to-radical	VIII	vocabulary	1543	zh-Hant	zh-Hant	綱	"[""糸""]"	[]		"[""zh-Hant.frequency.1546"",""zh.radical.kangxi.120""]"	[]	[]	sources/characters.tsv	frequency-order position 1543; corpus frequency rank 1546; Ministry common-character number 3138	綱: frequency-order position 1543; corpus frequency rank 1546; 88 appearances (0.00729%); Unihan kRSUnicode 120.8; Kangxi radical 120 糸; Unihan kRSUnicode single radical assignment.	[]	"[""chinese"",""traditional"",""radicals"",""frequency"",""character-to-radical"",""one-way"",""part-8""]"
zh-traditional-radicals-frequency-viii/1544/character-to-radical	VIII	vocabulary	1544	zh-Hant	zh-Hant	蔡	"[""艸""]"	[]		"[""zh-Hant.frequency.1547"",""zh.radical.kangxi.140""]"	[]	[]	sources/characters.tsv	frequency-order position 1544; corpus frequency rank 1547; Ministry common-character number 3556	蔡: frequency-order position 1544; corpus frequency rank 1547; 88 appearances (0.00729%); Unihan kRSUnicode 140.11; Kangxi radical 140 艸; Unihan kRSUnicode single radical assignment.	[]	"[""chinese"",""traditional"",""radicals"",""frequency"",""character-to-radical"",""one-way"",""part-8""]"
zh-traditional-radicals-frequency-viii/1545/character-to-radical	VIII	vocabulary	1545	zh-Hant	zh-Hant	賓	"[""貝""]"	[]		"[""zh-Hant.frequency.1548"",""zh.radical.kangxi.154""]"	[]	[]	sources/characters.tsv	frequency-order position 1545; corpus frequency rank 1548; Ministry common-character number 3958	賓: frequency-order position 1545; corpus frequency rank 1548; 88 appearances (0.00729%); Unihan kRSUnicode 154.7; Kangxi radical 154 貝; Unihan kRSUnicode single radical assignment.	[]	"[""chinese"",""traditional"",""radicals"",""frequency"",""character-to-radical"",""one-way"",""part-8""]"
zh-traditional-radicals-frequency-viii/1546/character-to-radical	VIII	vocabulary	1546	zh-Hant	zh-Hant	撞	"[""手""]"	[]		"[""zh-Hant.frequency.1549"",""zh.radical.kangxi.064""]"	[]	[]	sources/characters.tsv	frequency-order position 1546; corpus frequency rank 1549; Ministry common-character number 1661	撞: frequency-order position 1546; corpus frequency rank 1549; 88 appearances (0.00729%); Unihan kRSUnicode 64.12; Kangxi radical 64 手; Unihan kRSUnicode single radical assignment.	[]	"[""chinese"",""traditional"",""radicals"",""frequency"",""character-to-radical"",""one-way"",""part-8""]"
zh-traditional-radicals-frequency-viii/1547/character-to-radical	VIII	vocabulary	1547	zh-Hant	zh-Hant	爵	"[""爪""]"	[]		"[""zh-Hant.frequency.1550"",""zh.radical.kangxi.087""]"	[]	[]	sources/characters.tsv	frequency-order position 1547; corpus frequency rank 1550; Ministry common-character number 2470	爵: frequency-order position 1547; corpus frequency rank 1550; 88 appearances (0.00729%); Unihan kRSUnicode 87.14; Kangxi radical 87 爪; Unihan kRSUnicode single radical assignment.	[]	"[""chinese"",""traditional"",""radicals"",""frequency"",""character-to-radical"",""one-way"",""part-8""]"
zh-traditional-radicals-frequency-viii/1548/character-to-radical	VIII	vocabulary	1548	zh-Hant	zh-Hant	麵	"[""麥""]"	[]		"[""zh-Hant.frequency.1551"",""zh.radical.kangxi.199""]"	[]	[]	sources/characters.tsv	frequency-order position 1548; corpus frequency rank 1551; Ministry common-character number 4763	麵: frequency-order position 1548; corpus frequency rank 1551; 88 appearances (0.00729%); Unihan kRSUnicode 199.9; Kangxi radical 199 麥; Unihan kRSUnicode single radical assignment.	[]	"[""chinese"",""traditional"",""radicals"",""frequency"",""character-to-radical"",""one-way"",""part-8""]"
zh-traditional-radicals-frequency-viii/1549/character-to-radical	VIII	vocabulary	1549	zh-Hant	zh-Hant	耀	"[""羽""]"	[]		"[""zh-Hant.frequency.1552"",""zh.radical.kangxi.124""]"	[]	[]	sources/characters.tsv	frequency-order position 1549; corpus frequency rank 1552; Ministry common-character number 3250	耀: frequency-order position 1549; corpus frequency rank 1552; 88 appearances (0.00729%); Unihan kRSUnicode 124.14; Kangxi radical 124 羽; Unihan kRSUnicode single radical assignment.	[]	"[""chinese"",""traditional"",""radicals"",""frequency"",""character-to-radical"",""one-way"",""part-8""]"
zh-traditional-radicals-frequency-viii/1550/character-to-radical	VIII	vocabulary	1550	zh-Hant	zh-Hant	吵	"[""口""]"	[]		"[""zh-Hant.frequency.1553"",""zh.radical.kangxi.030""]"	[]	[]	sources/characters.tsv	frequency-order position 1550; corpus frequency rank 1553; Ministry common-character number 533	吵: frequency-order position 1550; corpus frequency rank 1553; 87 appearances (0.00720%); Unihan kRSUnicode 30.4; Kangxi radical 30 口; Unihan kRSUnicode single radical assignment.	[]	"[""chinese"",""traditional"",""radicals"",""frequency"",""character-to-radical"",""one-way"",""part-8""]"
zh-traditional-radicals-frequency-viii/1551/character-to-radical	VIII	vocabulary	1551	zh-Hant	zh-Hant	幽	"[""幺""]"	[]		"[""zh-Hant.frequency.1554"",""zh.radical.kangxi.052""]"	[]	[]	sources/characters.tsv	frequency-order position 1551; corpus frequency rank 1554; Ministry common-character number 1199	幽: frequency-order position 1551; corpus frequency rank 1554; 87 appearances (0.00720%); Unihan kRSUnicode 52.6; Kangxi radical 52 幺; Unihan kRSUnicode single radical assignment.	[]	"[""chinese"",""traditional"",""radicals"",""frequency"",""character-to-radical"",""one-way"",""part-8""]"
zh-traditional-radicals-frequency-viii/1552/character-to-radical	VIII	vocabulary	1552	zh-Hant	zh-Hant	翁	"[""羽""]"	[]		"[""zh-Hant.frequency.1555"",""zh.radical.kangxi.124""]"	[]	[]	sources/characters.tsv	frequency-order position 1552; corpus frequency rank 1555; Ministry common-character number 3234	翁: frequency-order position 1552; corpus frequency rank 1555; 87 appearances (0.00720%); Unihan kRSUnicode 124.4; Kangxi radical 124 羽; Unihan kRSUnicode single radical assignment.	[]	"[""chinese"",""traditional"",""radicals"",""frequency"",""character-to-radical"",""one-way"",""part-8""]"
zh-traditional-radicals-frequency-viii/1553/character-to-radical	VIII	vocabulary	1553	zh-Hant	zh-Hant	貫	"[""貝""]"	[]		"[""zh-Hant.frequency.1556"",""zh.radical.kangxi.154""]"	[]	[]	sources/characters.tsv	frequency-order position 1553; corpus frequency rank 1556; Ministry common-character number 3934	貫: frequency-order position 1553; corpus frequency rank 1556; 87 appearances (0.00720%); Unihan kRSUnicode 154.4; Kangxi radical 154 貝; Unihan kRSUnicode single radical assignment.	[]	"[""chinese"",""traditional"",""radicals"",""frequency"",""character-to-radical"",""one-way"",""part-8""]"
zh-traditional-radicals-frequency-viii/1554/character-to-radical	VIII	vocabulary	1554	zh-Hant	zh-Hant	敲	"[""攴""]"	[]		"[""zh-Hant.frequency.1557"",""zh.radical.kangxi.066""]"	[]	[]	sources/characters.tsv	frequency-order position 1554; corpus frequency rank 1557; Ministry common-character number 1736	敲: frequency-order position 1554; corpus frequency rank 1557; 87 appearances (0.00720%); Unihan kRSUnicode 66.10; Kangxi radical 66 攴; Unihan kRSUnicode single radical assignment.	[]	"[""chinese"",""traditional"",""radicals"",""frequency"",""character-to-radical"",""one-way"",""part-8""]"
zh-traditional-radicals-frequency-viii/1555/character-to-radical	VIII	vocabulary	1555	zh-Hant	zh-Hant	緩	"[""糸""]"	[]		"[""zh-Hant.frequency.1558"",""zh.radical.kangxi.120""]"	[]	[]	sources/characters.tsv	frequency-order position 1555; corpus frequency rank 1558; Ministry common-character number 3158	緩: frequency-order position 1555; corpus frequency rank 1558; 87 appearances (0.00720%); Unihan kRSUnicode 120.9; Kangxi radical 120 糸; Unihan kRSUnicode single radical assignment.	[]	"[""chinese"",""traditional"",""radicals"",""frequency"",""character-to-radical"",""one-way"",""part-8""]"
zh-traditional-radicals-frequency-viii/1556/character-to-radical	VIII	vocabulary	1556	zh-Hant	zh-Hant	壤	"[""土""]"	[]		"[""zh-Hant.frequency.1559"",""zh.radical.kangxi.032""]"	[]	[]	sources/characters.tsv	frequency-order position 1556; corpus frequency rank 1559; Ministry common-character number 829	壤: frequency-order position 1556; corpus frequency rank 1559; 87 appearances (0.00720%); Unihan kRSUnicode 32.17; Kangxi radical 32 土; Unihan kRSUnicode single radical assignment.	[]	"[""chinese"",""traditional"",""radicals"",""frequency"",""character-to-radical"",""one-way"",""part-8""]"
zh-traditional-radicals-frequency-viii/1557/character-to-radical	VIII	vocabulary	1557	zh-Hant	zh-Hant	騙	"[""馬""]"	[]		"[""zh-Hant.frequency.1560"",""zh.radical.kangxi.187""]"	[]	[]	sources/characters.tsv	frequency-order position 1557; corpus frequency rank 1560; Ministry common-character number 4641	騙: frequency-order position 1557; corpus frequency rank 1560; 87 appearances (0.00720%); Unihan kRSUnicode 187.9; Kangxi radical 187 馬; Unihan kRSUnicode single radical assignment.	[]	"[""chinese"",""traditional"",""radicals"",""frequency"",""character-to-radical"",""one-way"",""part-8""]"
zh-traditional-radicals-frequency-viii/1558/character-to-radical	VIII	vocabulary	1558	zh-Hant	zh-Hant	腸	"[""肉""]"	[]		"[""zh-Hant.frequency.1561"",""zh.radical.kangxi.130""]"	[]	[]	sources/characters.tsv	frequency-order position 1558; corpus frequency rank 1561; Ministry common-character number 3347	腸: frequency-order position 1558; corpus frequency rank 1561; 86 appearances (0.00712%); Unihan kRSUnicode 130.9; Kangxi radical 130 肉; Unihan kRSUnicode single radical assignment.	[]	"[""chinese"",""traditional"",""radicals"",""frequency"",""character-to-radical"",""one-way"",""part-8""]"
zh-traditional-radicals-frequency-viii/1559/character-to-radical	VIII	vocabulary	1559	zh-Hant	zh-Hant	侍	"[""人""]"	[]		"[""zh-Hant.frequency.1562"",""zh.radical.kangxi.009""]"	[]	[]	sources/characters.tsv	frequency-order position 1559; corpus frequency rank 1562; Ministry common-character number 132	侍: frequency-order position 1559; corpus frequency rank 1562; 86 appearances (0.00712%); Unihan kRSUnicode 9.6; Kangxi radical 9 人; Unihan kRSUnicode single radical assignment.	[]	"[""chinese"",""traditional"",""radicals"",""frequency"",""character-to-radical"",""one-way"",""part-8""]"
zh-traditional-radicals-frequency-viii/1560/character-to-radical	VIII	vocabulary	1560	zh-Hant	zh-Hant	貢	"[""貝""]"	[]		"[""zh-Hant.frequency.1563"",""zh.radical.kangxi.154""]"	[]	[]	sources/characters.tsv	frequency-order position 1560; corpus frequency rank 1563; Ministry common-character number 3931	貢: frequency-order position 1560; corpus frequency rank 1563; 86 appearances (0.00712%); Unihan kRSUnicode 154.3; Kangxi radical 154 貝; Unihan kRSUnicode single radical assignment.	[]	"[""chinese"",""traditional"",""radicals"",""frequency"",""character-to-radical"",""one-way"",""part-8""]"
zh-traditional-radicals-frequency-viii/1561/character-to-radical	VIII	vocabulary	1561	zh-Hant	zh-Hant	疏	"[""疋""]"	[]		"[""zh-Hant.frequency.1564"",""zh.radical.kangxi.103""]"	[]	[]	sources/characters.tsv	frequency-order position 1561; corpus frequency rank 1564; Ministry common-character number 2658	疏: frequency-order position 1561; corpus frequency rank 1564; 86 appearances (0.00712%); Unihan kRSUnicode 103.7; Kangxi radical 103 疋; Unihan kRSUnicode single radical assignment.	[]	"[""chinese"",""traditional"",""radicals"",""frequency"",""character-to-radical"",""one-way"",""part-8""]"
zh-traditional-radicals-frequency-viii/1562/character-to-radical	VIII	vocabulary	1562	zh-Hant	zh-Hant	詳	"[""言""]"	[]		"[""zh-Hant.frequency.1565"",""zh.radical.kangxi.149""]"	[]	[]	sources/characters.tsv	frequency-order position 1562; corpus frequency rank 1565; Ministry common-character number 3816	詳: frequency-order position 1562; corpus frequency rank 1565; 86 appearances (0.00712%); Unihan kRSUnicode 149.6; Kangxi radical 149 言; Unihan kRSUnicode single radical assignment.	[]	"[""chinese"",""traditional"",""radicals"",""frequency"",""character-to-radical"",""one-way"",""part-8""]"
zh-traditional-radicals-frequency-viii/1563/character-to-radical	VIII	vocabulary	1563	zh-Hant	zh-Hant	柳	"[""木""]"	[]		"[""zh-Hant.frequency.1566"",""zh.radical.kangxi.075""]"	[]	[]	sources/characters.tsv	frequency-order position 1563; corpus frequency rank 1566; Ministry common-character number 1909	柳: frequency-order position 1563; corpus frequency rank 1566; 86 appearances (0.00712%); Unihan kRSUnicode 75.5; Kangxi radical 75 木; Unihan kRSUnicode single radical assignment.	[]	"[""chinese"",""traditional"",""radicals"",""frequency"",""character-to-radical"",""one-way"",""part-8""]"
zh-traditional-radicals-frequency-viii/1564/character-to-radical	VIII	vocabulary	1564	zh-Hant	zh-Hant	伙	"[""人""]"	[]		"[""zh-Hant.frequency.1567"",""zh.radical.kangxi.009""]"	[]	[]	sources/characters.tsv	frequency-order position 1564; corpus frequency rank 1567; Ministry common-character number 90	伙: frequency-order position 1564; corpus frequency rank 1567; 85 appearances (0.00704%); Unihan kRSUnicode 9.4; Kangxi radical 9 人; Unihan kRSUnicode single radical assignment.	[]	"[""chinese"",""traditional"",""radicals"",""frequency"",""character-to-radical"",""one-way"",""part-8""]"
zh-traditional-radicals-frequency-viii/1565/character-to-radical	VIII	vocabulary	1565	zh-Hant	zh-Hant	叮	"[""口""]"	[]		"[""zh-Hant.frequency.1568"",""zh.radical.kangxi.030""]"	[]	[]	sources/characters.tsv	frequency-order position 1565; corpus frequency rank 1568; Ministry common-character number 485	叮: frequency-order position 1565; corpus frequency rank 1568; 85 appearances (0.00704%); Unihan kRSUnicode 30.2; Kangxi radical 30 口; Unihan kRSUnicode single radical assignment.	[]	"[""chinese"",""traditional"",""radicals"",""frequency"",""character-to-radical"",""one-way"",""part-8""]"
zh-traditional-radicals-frequency-viii/1566/character-to-radical	VIII	vocabulary	1566	zh-Hant	zh-Hant	呵	"[""口""]"	[]		"[""zh-Hant.frequency.1569"",""zh.radical.kangxi.030""]"	[]	[]	sources/characters.tsv	frequency-order position 1566; corpus frequency rank 1569; Ministry common-character number 542	呵: frequency-order position 1566; corpus frequency rank 1569; 85 appearances (0.00704%); Unihan kRSUnicode 30.5; Kangxi radical 30 口; Unihan kRSUnicode single radical assignment.	[]	"[""chinese"",""traditional"",""radicals"",""frequency"",""character-to-radical"",""one-way"",""part-8""]"
zh-traditional-radicals-frequency-viii/1567/character-to-radical	VIII	vocabulary	1567	zh-Hant	zh-Hant	委	"[""女""]"	[]		"[""zh-Hant.frequency.1570"",""zh.radical.kangxi.038""]"	[]	[]	sources/characters.tsv	frequency-order position 1567; corpus frequency rank 1570; Ministry common-character number 901	委: frequency-order position 1567; corpus frequency rank 1570; 85 appearances (0.00704%); Unihan kRSUnicode 38.5; Kangxi radical 38 女; Unihan kRSUnicode single radical assignment.	[]	"[""chinese"",""traditional"",""radicals"",""frequency"",""character-to-radical"",""one-way"",""part-8""]"
zh-traditional-radicals-frequency-viii/1568/character-to-radical	VIII	vocabulary	1568	zh-Hant	zh-Hant	牧	"[""牛""]"	[]		"[""zh-Hant.frequency.1571"",""zh.radical.kangxi.093""]"	[]	[]	sources/characters.tsv	frequency-order position 1568; corpus frequency rank 1571; Ministry common-character number 2492	牧: frequency-order position 1568; corpus frequency rank 1571; 85 appearances (0.00704%); Unihan kRSUnicode 93.4; Kangxi radical 93 牛; Unihan kRSUnicode single radical assignment.	[]	"[""chinese"",""traditional"",""radicals"",""frequency"",""character-to-radical"",""one-way"",""part-8""]"
zh-traditional-radicals-frequency-viii/1569/character-to-radical	VIII	vocabulary	1569	zh-Hant	zh-Hant	航	"[""舟""]"	[]		"[""zh-Hant.frequency.1572"",""zh.radical.kangxi.137""]"	[]	[]	sources/characters.tsv	frequency-order position 1569; corpus frequency rank 1572; Ministry common-character number 3412	航: frequency-order position 1569; corpus frequency rank 1572; 85 appearances (0.00704%); Unihan kRSUnicode 137.4; Kangxi radical 137 舟; Unihan kRSUnicode single radical assignment.	[]	"[""chinese"",""traditional"",""radicals"",""frequency"",""character-to-radical"",""one-way"",""part-8""]"
zh-traditional-radicals-frequency-viii/1570/character-to-radical	VIII	vocabulary	1570	zh-Hant	zh-Hant	勒	"[""力""]"	[]		"[""zh-Hant.frequency.1573"",""zh.radical.kangxi.019""]"	[]	[]	sources/characters.tsv	frequency-order position 1570; corpus frequency rank 1573; Ministry common-character number 392	勒: frequency-order position 1570; corpus frequency rank 1573; 85 appearances (0.00704%); Unihan kRSUnicode 19.9; Kangxi radical 19 力; Unihan kRSUnicode single radical assignment.	[]	"[""chinese"",""traditional"",""radicals"",""frequency"",""character-to-radical"",""one-way"",""part-8""]"
zh-traditional-radicals-frequency-viii/1571/character-to-radical	VIII	vocabulary	1571	zh-Hant	zh-Hant	幅	"[""巾""]"	[]		"[""zh-Hant.frequency.1574"",""zh.radical.kangxi.050""]"	[]	[]	sources/characters.tsv	frequency-order position 1571; corpus frequency rank 1574; Ministry common-character number 1179	幅: frequency-order position 1571; corpus frequency rank 1574; 85 appearances (0.00704%); Unihan kRSUnicode 50.9; Kangxi radical 50 巾; Unihan kRSUnicode single radical assignment.	[]	"[""chinese"",""traditional"",""radicals"",""frequency"",""character-to-radical"",""one-way"",""part-8""]"
zh-traditional-radicals-frequency-viii/1572/character-to-radical	VIII	vocabulary	1572	zh-Hant	zh-Hant	牌	"[""片""]"	[]		"[""zh-Hant.frequency.1575"",""zh.radical.kangxi.091""]"	[]	[]	sources/characters.tsv	frequency-order position 1572; corpus frequency rank 1575; Ministry common-character number 2481	牌: frequency-order position 1572; corpus frequency rank 1575; 85 appearances (0.00704%); Unihan kRSUnicode 91.8; Kangxi radical 91 片; Unihan kRSUnicode single radical assignment.	[]	"[""chinese"",""traditional"",""radicals"",""frequency"",""character-to-radical"",""one-way"",""part-8""]"
zh-traditional-radicals-frequency-viii/1573/character-to-radical	VIII	vocabulary	1573	zh-Hant	zh-Hant	欄	"[""木""]"	[]		"[""zh-Hant.frequency.1576"",""zh.radical.kangxi.075""]"	[]	[]	sources/characters.tsv	frequency-order position 1573; corpus frequency rank 1576; Ministry common-character number 2049	欄: frequency-order position 1573; corpus frequency rank 1576; 85 appearances (0.00704%); Unihan kRSUnicode 75.17; Kangxi radical 75 木; Unihan kRSUnicode single radical assignment.	[]	"[""chinese"",""traditional"",""radicals"",""frequency"",""character-to-radical"",""one-way"",""part-8""]"
zh-traditional-radicals-frequency-viii/1574/character-to-radical	VIII	vocabulary	1574	zh-Hant	zh-Hant	占	"[""卜""]"	[]		"[""zh-Hant.frequency.1577"",""zh.radical.kangxi.025""]"	[]	[]	sources/characters.tsv	frequency-order position 1574; corpus frequency rank 1577; Ministry common-character number 446	占: frequency-order position 1574; corpus frequency rank 1577; 84 appearances (0.00695%); Unihan kRSUnicode 25.3; Kangxi radical 25 卜; Unihan kRSUnicode single radical assignment.	[]	"[""chinese"",""traditional"",""radicals"",""frequency"",""character-to-radical"",""one-way"",""part-8""]"
zh-traditional-radicals-frequency-viii/1575/character-to-radical	VIII	vocabulary	1575	zh-Hant	zh-Hant	寺	"[""寸""]"	[]		"[""zh-Hant.frequency.1578"",""zh.radical.kangxi.041""]"	[]	[]	sources/characters.tsv	frequency-order position 1575; corpus frequency rank 1578; Ministry common-character number 1058	寺: frequency-order position 1575; corpus frequency rank 1578; 84 appearances (0.00695%); Unihan kRSUnicode 41.3; Kangxi radical 41 寸; Unihan kRSUnicode single radical assignment.	[]	"[""chinese"",""traditional"",""radicals"",""frequency"",""character-to-radical"",""one-way"",""part-8""]"
zh-traditional-radicals-frequency-viii/1576/character-to-radical	VIII	vocabulary	1576	zh-Hant	zh-Hant	伊	"[""人""]"	[]		"[""zh-Hant.frequency.1579"",""zh.radical.kangxi.009""]"	[]	[]	sources/characters.tsv	frequency-order position 1576; corpus frequency rank 1579; Ministry common-character number 91	伊: frequency-order position 1576; corpus frequency rank 1579; 84 appearances (0.00695%); Unihan kRSUnicode 9.4; Kangxi radical 9 人; Unihan kRSUnicode single radical assignment.	[]	"[""chinese"",""traditional"",""radicals"",""frequency"",""character-to-radical"",""one-way"",""part-8""]"
zh-traditional-radicals-frequency-viii/1577/character-to-radical	VIII	vocabulary	1577	zh-Hant	zh-Hant	刷	"[""刀""]"	[]		"[""zh-Hant.frequency.1580"",""zh.radical.kangxi.018""]"	[]	[]	sources/characters.tsv	frequency-order position 1577; corpus frequency rank 1580; Ministry common-character number 346	刷: frequency-order position 1577; corpus frequency rank 1580; 84 appearances (0.00695%); Unihan kRSUnicode 18.6; Kangxi radical 18 刀; Unihan kRSUnicode single radical assignment.	[]	"[""chinese"",""traditional"",""radicals"",""frequency"",""character-to-radical"",""one-way"",""part-8""]"
zh-traditional-radicals-frequency-viii/1578/character-to-radical	VIII	vocabulary	1578	zh-Hant	zh-Hant	訂	"[""言""]"	[]		"[""zh-Hant.frequency.1581"",""zh.radical.kangxi.149""]"	[]	[]	sources/characters.tsv	frequency-order position 1578; corpus frequency rank 1581; Ministry common-character number 3783	訂: frequency-order position 1578; corpus frequency rank 1581; 84 appearances (0.00695%); Unihan kRSUnicode 149.2; Kangxi radical 149 言; Unihan kRSUnicode single radical assignment.	[]	"[""chinese"",""traditional"",""radicals"",""frequency"",""character-to-radical"",""one-way"",""part-8""]"
zh-traditional-radicals-frequency-viii/1579/character-to-radical	VIII	vocabulary	1579	zh-Hant	zh-Hant	侵	"[""人""]"	[]		"[""zh-Hant.frequency.1582"",""zh.radical.kangxi.009""]"	[]	[]	sources/characters.tsv	frequency-order position 1579; corpus frequency rank 1582; Ministry common-character number 149	侵: frequency-order position 1579; corpus frequency rank 1582; 84 appearances (0.00695%); Unihan kRSUnicode 9.7; Kangxi radical 9 人; Unihan kRSUnicode single radical assignment.	[]	"[""chinese"",""traditional"",""radicals"",""frequency"",""character-to-radical"",""one-way"",""part-8""]"
zh-traditional-radicals-frequency-viii/1580/character-to-radical	VIII	vocabulary	1580	zh-Hant	zh-Hant	捲	"[""手""]"	[]		"[""zh-Hant.frequency.1583"",""zh.radical.kangxi.064""]"	[]	[]	sources/characters.tsv	frequency-order position 1580; corpus frequency rank 1583; Ministry common-character number 1588	捲: frequency-order position 1580; corpus frequency rank 1583; 84 appearances (0.00695%); Unihan kRSUnicode 64.8; Kangxi radical 64 手; Unihan kRSUnicode single radical assignment.	[]	"[""chinese"",""traditional"",""radicals"",""frequency"",""character-to-radical"",""one-way"",""part-8""]"
zh-traditional-radicals-frequency-viii/1581/character-to-radical	VIII	vocabulary	1581	zh-Hant	zh-Hant	傻	"[""人""]"	[]		"[""zh-Hant.frequency.1584"",""zh.radical.kangxi.009""]"	[]	[]	sources/characters.tsv	frequency-order position 1581; corpus frequency rank 1584; Ministry common-character number 233	傻: frequency-order position 1581; corpus frequency rank 1584; 84 appearances (0.00695%); Unihan kRSUnicode 9.11; Kangxi radical 9 人; Unihan kRSUnicode single radical assignment.	[]	"[""chinese"",""traditional"",""radicals"",""frequency"",""character-to-radical"",""one-way"",""part-8""]"
zh-traditional-radicals-frequency-viii/1582/character-to-radical	VIII	vocabulary	1582	zh-Hant	zh-Hant	賢	"[""貝""]"	[]		"[""zh-Hant.frequency.1585"",""zh.radical.kangxi.154""]"	[]	[]	sources/characters.tsv	frequency-order position 1582; corpus frequency rank 1585; Ministry common-character number 3967	賢: frequency-order position 1582; corpus frequency rank 1585; 84 appearances (0.00695%); Unihan kRSUnicode 154.8; Kangxi radical 154 貝; Unihan kRSUnicode single radical assignment.	[]	"[""chinese"",""traditional"",""radicals"",""frequency"",""character-to-radical"",""one-way"",""part-8""]"
zh-traditional-radicals-frequency-viii/1583/character-to-radical	VIII	vocabulary	1583	zh-Hant	zh-Hant	呆	"[""口""]"	[]		"[""zh-Hant.frequency.1586"",""zh.radical.kangxi.030""]"	[]	[]	sources/characters.tsv	frequency-order position 1583; corpus frequency rank 1586; Ministry common-character number 521	呆: frequency-order position 1583; corpus frequency rank 1586; 83 appearances (0.00687%); Unihan kRSUnicode 30.4; Kangxi radical 30 口; Unihan kRSUnicode single radical assignment.	[]	"[""chinese"",""traditional"",""radicals"",""frequency"",""character-to-radical"",""one-way"",""part-8""]"
zh-traditional-radicals-frequency-viii/1584/character-to-radical	VIII	vocabulary	1584	zh-Hant	zh-Hant	舍	"[""舌""]"	[]		"[""zh-Hant.frequency.1587"",""zh.radical.kangxi.135""]"	[]	[]	sources/characters.tsv	frequency-order position 1584; corpus frequency rank 1587; Ministry common-character number 3403	舍: frequency-order position 1584; corpus frequency rank 1587; 83 appearances (0.00687%); Unihan kRSUnicode 135.2; Kangxi radical 135 舌; Unihan kRSUnicode single radical assignment.	[]	"[""chinese"",""traditional"",""radicals"",""frequency"",""character-to-radical"",""one-way"",""part-8""]"
zh-traditional-radicals-frequency-viii/1585/character-to-radical	VIII	vocabulary	1585	zh-Hant	zh-Hant	晴	"[""日""]"	[]		"[""zh-Hant.frequency.1588"",""zh.radical.kangxi.072""]"	[]	[]	sources/characters.tsv	frequency-order position 1585; corpus frequency rank 1588; Ministry common-character number 1807	晴: frequency-order position 1585; corpus frequency rank 1588; 83 appearances (0.00687%); Unihan kRSUnicode 72.8; Kangxi radical 72 日; Unihan kRSUnicode single radical assignment.	[]	"[""chinese"",""traditional"",""radicals"",""frequency"",""character-to-radical"",""one-way"",""part-8""]"
zh-traditional-radicals-frequency-viii/1586/character-to-radical	VIII	vocabulary	1586	zh-Hant	zh-Hant	搶	"[""手""]"	[]		"[""zh-Hant.frequency.1589"",""zh.radical.kangxi.064""]"	[]	[]	sources/characters.tsv	frequency-order position 1586; corpus frequency rank 1589; Ministry common-character number 1646	搶: frequency-order position 1586; corpus frequency rank 1589; 83 appearances (0.00687%); Unihan kRSUnicode 64.10; Kangxi radical 64 手; Unihan kRSUnicode single radical assignment.	[]	"[""chinese"",""traditional"",""radicals"",""frequency"",""character-to-radical"",""one-way"",""part-8""]"
zh-traditional-radicals-frequency-viii/1587/character-to-radical	VIII	vocabulary	1587	zh-Hant	zh-Hant	翔	"[""羽""]"	[]		"[""zh-Hant.frequency.1590"",""zh.radical.kangxi.124""]"	[]	[]	sources/characters.tsv	frequency-order position 1587; corpus frequency rank 1590; Ministry common-character number 3238	翔: frequency-order position 1587; corpus frequency rank 1590; 83 appearances (0.00687%); Unihan kRSUnicode 124.6; Kangxi radical 124 羽; Unihan kRSUnicode single radical assignment.	[]	"[""chinese"",""traditional"",""radicals"",""frequency"",""character-to-radical"",""one-way"",""part-8""]"
zh-traditional-radicals-frequency-viii/1588/character-to-radical	VIII	vocabulary	1588	zh-Hant	zh-Hant	瑞	"[""玉""]"	[]		"[""zh-Hant.frequency.1591"",""zh.radical.kangxi.096""]"	[]	[]	sources/characters.tsv	frequency-order position 1588; corpus frequency rank 1591; Ministry common-character number 2588	瑞: frequency-order position 1588; corpus frequency rank 1591; 83 appearances (0.00687%); Unihan kRSUnicode 96.9; Kangxi radical 96 玉; Unihan kRSUnicode single radical assignment.	[]	"[""chinese"",""traditional"",""radicals"",""frequency"",""character-to-radical"",""one-way"",""part-8""]"
zh-traditional-radicals-frequency-viii/1589/character-to-radical	VIII	vocabulary	1589	zh-Hant	zh-Hant	菌	"[""艸""]"	[]		"[""zh-Hant.frequency.1592"",""zh.radical.kangxi.140""]"	[]	[]	sources/characters.tsv	frequency-order position 1589; corpus frequency rank 1592; Ministry common-character number 3510	菌: frequency-order position 1589; corpus frequency rank 1592; 83 appearances (0.00687%); Unihan kRSUnicode 140.8; Kangxi radical 140 艸; Unihan kRSUnicode single radical assignment.	[]	"[""chinese"",""traditional"",""radicals"",""frequency"",""character-to-radical"",""one-way"",""part-8""]"
zh-traditional-radicals-frequency-viii/1590/character-to-radical	VIII	vocabulary	1590	zh-Hant	zh-Hant	劃	"[""刀""]"	[]		"[""zh-Hant.frequency.1593"",""zh.radical.kangxi.018""]"	[]	[]	sources/characters.tsv	frequency-order position 1590; corpus frequency rank 1593; Ministry common-character number 373	劃: frequency-order position 1590; corpus frequency rank 1593; 83 appearances (0.00687%); Unihan kRSUnicode 18.12; Kangxi radical 18 刀; Unihan kRSUnicode single radical assignment.	[]	"[""chinese"",""traditional"",""radicals"",""frequency"",""character-to-radical"",""one-way"",""part-8""]"
zh-traditional-radicals-frequency-viii/1591/character-to-radical	VIII	vocabulary	1591	zh-Hant	zh-Hant	幕	"[""巾""]"	[]		"[""zh-Hant.frequency.1594"",""zh.radical.kangxi.050""]"	[]	[]	sources/characters.tsv	frequency-order position 1591; corpus frequency rank 1594; Ministry common-character number 1185	幕: frequency-order position 1591; corpus frequency rank 1594; 83 appearances (0.00687%); Unihan kRSUnicode 50.11; Kangxi radical 50 巾; Unihan kRSUnicode single radical assignment.	[]	"[""chinese"",""traditional"",""radicals"",""frequency"",""character-to-radical"",""one-way"",""part-8""]"
zh-traditional-radicals-frequency-viii/1592/character-to-radical	VIII	vocabulary	1592	zh-Hant	zh-Hant	撒	"[""手""]"	[]		"[""zh-Hant.frequency.1595"",""zh.radical.kangxi.064""]"	[]	[]	sources/characters.tsv	frequency-order position 1592; corpus frequency rank 1595; Ministry common-character number 1670	撒: frequency-order position 1592; corpus frequency rank 1595; 83 appearances (0.00687%); Unihan kRSUnicode 64.12; Kangxi radical 64 手; Unihan kRSUnicode single radical assignment.	[]	"[""chinese"",""traditional"",""radicals"",""frequency"",""character-to-radical"",""one-way"",""part-8""]"
zh-traditional-radicals-frequency-viii/1593/character-to-radical	VIII	vocabulary	1593	zh-Hant	zh-Hant	蠟	"[""虫""]"	[]		"[""zh-Hant.frequency.1596"",""zh.radical.kangxi.142""]"	[]	[]	sources/characters.tsv	frequency-order position 1593; corpus frequency rank 1596; Ministry common-character number 3693	蠟: frequency-order position 1593; corpus frequency rank 1596; 83 appearances (0.00687%); Unihan kRSUnicode 142.15; Kangxi radical 142 虫; Unihan kRSUnicode single radical assignment.	[]	"[""chinese"",""traditional"",""radicals"",""frequency"",""character-to-radical"",""one-way"",""part-8""]"
zh-traditional-radicals-frequency-viii/1594/character-to-radical	VIII	vocabulary	1594	zh-Hant	zh-Hant	籠	"[""竹""]"	[]		"[""zh-Hant.frequency.1597"",""zh.radical.kangxi.118""]"	[]	[]	sources/characters.tsv	frequency-order position 1594; corpus frequency rank 1597; Ministry common-character number 3050	籠: frequency-order position 1594; corpus frequency rank 1597; 82 appearances (0.00679%); Unihan kRSUnicode 118.16; Kangxi radical 118 竹; Unihan kRSUnicode single radical assignment.	[]	"[""chinese"",""traditional"",""radicals"",""frequency"",""character-to-radical"",""one-way"",""part-8""]"
zh-traditional-radicals-frequency-viii/1595/character-to-radical	VIII	vocabulary	1595	zh-Hant	zh-Hant	斗	"[""斗""]"	[]		"[""zh-Hant.frequency.1598"",""zh.radical.kangxi.068""]"	[]	[]	sources/characters.tsv	frequency-order position 1595; corpus frequency rank 1598; Ministry common-character number 1746	斗: frequency-order position 1595; corpus frequency rank 1598; 82 appearances (0.00679%); Unihan kRSUnicode 68.0; Kangxi radical 68 斗; Unihan kRSUnicode single radical assignment.	[]	"[""chinese"",""traditional"",""radicals"",""frequency"",""character-to-radical"",""one-way"",""part-8""]"
zh-traditional-radicals-frequency-viii/1596/character-to-radical	VIII	vocabulary	1596	zh-Hant	zh-Hant	蚊	"[""虫""]"	[]		"[""zh-Hant.frequency.1599"",""zh.radical.kangxi.142""]"	[]	[]	sources/characters.tsv	frequency-order position 1596; corpus frequency rank 1599; Ministry common-character number 3617	蚊: frequency-order position 1596; corpus frequency rank 1599; 82 appearances (0.00679%); Unihan kRSUnicode 142.4; Kangxi radical 142 虫; Unihan kRSUnicode single radical assignment.	[]	"[""chinese"",""traditional"",""radicals"",""frequency"",""character-to-radical"",""one-way"",""part-8""]"
zh-traditional-radicals-frequency-viii/1597/character-to-radical	VIII	vocabulary	1597	zh-Hant	zh-Hant	閉	"[""門""]"	[]		"[""zh-Hant.frequency.1600"",""zh.radical.kangxi.169""]"	[]	[]	sources/characters.tsv	frequency-order position 1597; corpus frequency rank 1600; Ministry common-character number 4373	閉: frequency-order position 1597; corpus frequency rank 1600; 82 appearances (0.00679%); Unihan kRSUnicode 169.3; Kangxi radical 169 門; Unihan kRSUnicode single radical assignment.	[]	"[""chinese"",""traditional"",""radicals"",""frequency"",""character-to-radical"",""one-way"",""part-8""]"
zh-traditional-radicals-frequency-viii/1598/character-to-radical	VIII	vocabulary	1598	zh-Hant	zh-Hant	遲	"[""辵""]"	[]		"[""zh-Hant.frequency.1601"",""zh.radical.kangxi.162""]"	[]	[]	sources/characters.tsv	frequency-order position 1598; corpus frequency rank 1601; Ministry common-character number 4186	遲: frequency-order position 1598; corpus frequency rank 1601; 82 appearances (0.00679%); Unihan kRSUnicode 162.12; Kangxi radical 162 辵; Unihan kRSUnicode single radical assignment.	[]	"[""chinese"",""traditional"",""radicals"",""frequency"",""character-to-radical"",""one-way"",""part-8""]"
zh-traditional-radicals-frequency-viii/1599/character-to-radical	VIII	vocabulary	1599	zh-Hant	zh-Hant	胎	"[""肉""]"	[]		"[""zh-Hant.frequency.1602"",""zh.radical.kangxi.130""]"	[]	[]	sources/characters.tsv	frequency-order position 1599; corpus frequency rank 1602; Ministry common-character number 3316	胎: frequency-order position 1599; corpus frequency rank 1602; 82 appearances (0.00679%); Unihan kRSUnicode 130.5; Kangxi radical 130 肉; Unihan kRSUnicode single radical assignment.	[]	"[""chinese"",""traditional"",""radicals"",""frequency"",""character-to-radical"",""one-way"",""part-8""]"
zh-traditional-radicals-frequency-viii/1600/character-to-radical	VIII	vocabulary	1600	zh-Hant	zh-Hant	蘋	"[""艸""]"	[]		"[""zh-Hant.frequency.1603"",""zh.radical.kangxi.140""]"	[]	[]	sources/characters.tsv	frequency-order position 1600; corpus frequency rank 1603; Ministry common-character number 3596	蘋: frequency-order position 1600; corpus frequency rank 1603; 82 appearances (0.00679%); Unihan kRSUnicode 140.16; Kangxi radical 140 艸; Unihan kRSUnicode single radical assignment.	[]	"[""chinese"",""traditional"",""radicals"",""frequency"",""character-to-radical"",""one-way"",""part-8""]"
