card_id	deck	kind	source_chapter	prompt_language	answer_language	prompt	accepted_answers	distractors	explanation	lexical_ids	grammar_ids	geographic_ids	provenance_path	provenance_locator	provenance_evidence	examples	tags
zh-tghz2013-level-3/6509-map-01/hans-to-hant	通用规范汉字表 第3级	vocabulary	6509	zh-Hans	zh-Hant	戋（戋戋）	"[""戔（戔戔）""]"	"[]"		"[""zh-tghz2013.6509"",""zh-tghz2013.6509.map-01""]"	"[]"	"[]"	sources/mappings.tsv	规范字编号 6509；对应码 6509_1	戋戋是一个较少见的词语。 ⇄ 戔戔是一個較少見的詞語。 (context authored-example; source project-authored; official mapping; lexical-context)	"[""戋戋是一个较少见的词语。"",""戔戔是一個較少見的詞語。""]"	"[""chinese"",""simplified-traditional"",""tghz2013"",""level-3"",""bidirectional"",""one-context-sentence"",""hans-to-hant""]"
zh-tghz2013-level-3/6509-map-01/hant-to-hans	通用规范汉字表 第3级	vocabulary	6509	zh-Hant	zh-Hans	戔（戔戔）	"[""戋（戋戋）""]"	"[]"		"[""zh-tghz2013.6509"",""zh-tghz2013.6509.map-01""]"	"[]"	"[]"	sources/mappings.tsv	规范字编号 6509；对应码 6509_1	戋戋是一个较少见的词语。 ⇄ 戔戔是一個較少見的詞語。 (context authored-example; source project-authored; official mapping; lexical-context)	"[""戋戋是一个较少见的词语。"",""戔戔是一個較少見的詞語。""]"	"[""chinese"",""simplified-traditional"",""tghz2013"",""level-3"",""bidirectional"",""one-context-sentence"",""hant-to-hans""]"
zh-tghz2013-level-3/6520-map-01/hans-to-hant	通用规范汉字表 第3级	vocabulary	6520	zh-Hans	zh-Hant	𬣙（𬣙字）	"[""訏（訏字）""]"	"[]"		"[""zh-tghz2013.6520"",""zh-tghz2013.6520.map-01""]"	"[]"	"[]"	sources/mappings.tsv	规范字编号 6520；对应码 6520_1	古文中可见𬣙。 ⇄ 古文中可見訏。 (context domain-template; source metalinguistic-fallback; official mapping; domain-template; Classical Chinese rhetoric / language: a rare speech-related character used in older vocabulary or writing.)	"[""古文中可见𬣙。"",""古文中可見訏。""]"	"[""chinese"",""simplified-traditional"",""tghz2013"",""level-3"",""bidirectional"",""one-context-sentence"",""corner-case"",""hans-to-hant""]"
zh-tghz2013-level-3/6520-map-01/hant-to-hans	通用规范汉字表 第3级	vocabulary	6520	zh-Hant	zh-Hans	訏（訏字）	"[""𬣙（𬣙字）""]"	"[]"		"[""zh-tghz2013.6520"",""zh-tghz2013.6520.map-01""]"	"[]"	"[]"	sources/mappings.tsv	规范字编号 6520；对应码 6520_1	古文中可见𬣙。 ⇄ 古文中可見訏。 (context domain-template; source metalinguistic-fallback; official mapping; domain-template; Classical Chinese rhetoric / language: a rare speech-related character used in older vocabulary or writing.)	"[""古文中可见𬣙。"",""古文中可見訏。""]"	"[""chinese"",""simplified-traditional"",""tghz2013"",""level-3"",""bidirectional"",""one-context-sentence"",""corner-case"",""hant-to-hans""]"
zh-tghz2013-level-3/6521-map-01/hans-to-hant	通用规范汉字表 第3级	vocabulary	6521	zh-Hans	zh-Hant	讱（讱字）	"[""訒（訒字）""]"	"[]"		"[""zh-tghz2013.6521"",""zh-tghz2013.6521.map-01""]"	"[]"	"[]"	sources/mappings.tsv	规范字编号 6521；对应码 6521_1	古文中可见讱。 ⇄ 古文中可見訒。 (context domain-template; source metalinguistic-fallback; official mapping; domain-template; Classical Chinese rhetoric / language: a rare speech-related character used in older vocabulary or writing.)	"[""古文中可见讱。"",""古文中可見訒。""]"	"[""chinese"",""simplified-traditional"",""tghz2013"",""level-3"",""bidirectional"",""one-context-sentence"",""corner-case"",""hans-to-hant""]"
zh-tghz2013-level-3/6521-map-01/hant-to-hans	通用规范汉字表 第3级	vocabulary	6521	zh-Hant	zh-Hans	訒（訒字）	"[""讱（讱字）""]"	"[]"		"[""zh-tghz2013.6521"",""zh-tghz2013.6521.map-01""]"	"[]"	"[]"	sources/mappings.tsv	规范字编号 6521；对应码 6521_1	古文中可见讱。 ⇄ 古文中可見訒。 (context domain-template; source metalinguistic-fallback; official mapping; domain-template; Classical Chinese rhetoric / language: a rare speech-related character used in older vocabulary or writing.)	"[""古文中可见讱。"",""古文中可見訒。""]"	"[""chinese"",""simplified-traditional"",""tghz2013"",""level-3"",""bidirectional"",""one-context-sentence"",""corner-case"",""hant-to-hans""]"
zh-tghz2013-level-3/6536-map-01/hans-to-hant	通用规范汉字表 第3级	vocabulary	6536	zh-Hans	zh-Hant	钆（钆字）	"[""釓（釓字）""]"	"[]"		"[""zh-tghz2013.6536"",""zh-tghz2013.6536.map-01""]"	"[]"	"[]"	sources/mappings.tsv	规范字编号 6536；对应码 6536_1	这种造影剂含有钆。 ⇄ 這種造影劑含有釓。 (context approved-manual; source metalinguistic-fallback; official mapping; approved-manual; Medicine / chemistry: gadolinium, an element used in certain magnetic-resonance contrast agents.)	"[""这种造影剂含有钆。"",""這種造影劑含有釓。""]"	"[""chinese"",""simplified-traditional"",""tghz2013"",""level-3"",""bidirectional"",""one-context-sentence"",""corner-case"",""hans-to-hant""]"
zh-tghz2013-level-3/6536-map-01/hant-to-hans	通用规范汉字表 第3级	vocabulary	6536	zh-Hant	zh-Hans	釓（釓字）	"[""钆（钆字）""]"	"[]"		"[""zh-tghz2013.6536"",""zh-tghz2013.6536.map-01""]"	"[]"	"[]"	sources/mappings.tsv	规范字编号 6536；对应码 6536_1	这种造影剂含有钆。 ⇄ 這種造影劑含有釓。 (context approved-manual; source metalinguistic-fallback; official mapping; approved-manual; Medicine / chemistry: gadolinium, an element used in certain magnetic-resonance contrast agents.)	"[""这种造影剂含有钆。"",""這種造影劑含有釓。""]"	"[""chinese"",""simplified-traditional"",""tghz2013"",""level-3"",""bidirectional"",""one-context-sentence"",""corner-case"",""hant-to-hans""]"
zh-tghz2013-level-3/6538-map-01/hans-to-hant	通用规范汉字表 第3级	vocabulary	6538	zh-Hans	zh-Hant	伣（伣字）	"[""俔（俔字）""]"	"[]"		"[""zh-tghz2013.6538"",""zh-tghz2013.6538.map-01""]"	"[]"	"[]"	sources/mappings.tsv	规范字编号 6538；对应码 6538_1	古文中可见伣。 ⇄ 古文中可見俔。 (context domain-template; source metalinguistic-fallback; official mapping; domain-template; Classical Chinese vocabulary: a rare character used in older descriptions of people, actions, states, sounds, or qualities.)	"[""古文中可见伣。"",""古文中可見俔。""]"	"[""chinese"",""simplified-traditional"",""tghz2013"",""level-3"",""bidirectional"",""one-context-sentence"",""corner-case"",""hans-to-hant""]"
zh-tghz2013-level-3/6538-map-01/hant-to-hans	通用规范汉字表 第3级	vocabulary	6538	zh-Hant	zh-Hans	俔（俔字）	"[""伣（伣字）""]"	"[]"		"[""zh-tghz2013.6538"",""zh-tghz2013.6538.map-01""]"	"[]"	"[]"	sources/mappings.tsv	规范字编号 6538；对应码 6538_1	古文中可见伣。 ⇄ 古文中可見俔。 (context domain-template; source metalinguistic-fallback; official mapping; domain-template; Classical Chinese vocabulary: a rare character used in older descriptions of people, actions, states, sounds, or qualities.)	"[""古文中可见伣。"",""古文中可見俔。""]"	"[""chinese"",""simplified-traditional"",""tghz2013"",""level-3"",""bidirectional"",""one-context-sentence"",""corner-case"",""hant-to-hans""]"
zh-tghz2013-level-3/6546-map-01/hans-to-hant	通用规范汉字表 第3级	vocabulary	6546	zh-Hans	zh-Hant	闫（闫怀礼）	"[""閆（閆懷禮）""]"	"[]"		"[""zh-tghz2013.6546"",""zh-tghz2013.6546.map-01""]"	"[]"	"[]"	sources/mappings.tsv	规范字编号 6546；对应码 6546_1	闫怀礼是一个人名。 ⇄ 閆懷禮是一個人名。 (context authored-example; source project-authored; official mapping; lexical-context)	"[""闫怀礼是一个人名。"",""閆懷禮是一個人名。""]"	"[""chinese"",""simplified-traditional"",""tghz2013"",""level-3"",""bidirectional"",""one-context-sentence"",""hans-to-hant""]"
zh-tghz2013-level-3/6546-map-01/hant-to-hans	通用规范汉字表 第3级	vocabulary	6546	zh-Hant	zh-Hans	閆（閆懷禮）	"[""闫（闫怀礼）""]"	"[]"		"[""zh-tghz2013.6546"",""zh-tghz2013.6546.map-01""]"	"[]"	"[]"	sources/mappings.tsv	规范字编号 6546；对应码 6546_1	闫怀礼是一个人名。 ⇄ 閆懷禮是一個人名。 (context authored-example; source project-authored; official mapping; lexical-context)	"[""闫怀礼是一个人名。"",""閆懷禮是一個人名。""]"	"[""chinese"",""simplified-traditional"",""tghz2013"",""level-3"",""bidirectional"",""one-context-sentence"",""hant-to-hans""]"
zh-tghz2013-level-3/6547-map-01/hans-to-hant	通用规范汉字表 第3级	vocabulary	6547	zh-Hans	zh-Hant	𬇕（𬇕字）	"[""澫（澫字）""]"	"[]"		"[""zh-tghz2013.6547"",""zh-tghz2013.6547.map-01""]"	"[]"	"[]"	sources/mappings.tsv	规范字编号 6547；对应码 6547_1	地方志中记载了𬇕。 ⇄ 地方志中記載了澫。 (context domain-template; source metalinguistic-fallback; official mapping; domain-template; Historical geography / hydrology: a rare water-related character used for a river, water feature, sound, or flow.)	"[""地方志中记载了𬇕。"",""地方志中記載了澫。""]"	"[""chinese"",""simplified-traditional"",""tghz2013"",""level-3"",""bidirectional"",""one-context-sentence"",""corner-case"",""hans-to-hant""]"
zh-tghz2013-level-3/6547-map-01/hant-to-hans	通用规范汉字表 第3级	vocabulary	6547	zh-Hant	zh-Hans	澫（澫字）	"[""𬇕（𬇕字）""]"	"[]"		"[""zh-tghz2013.6547"",""zh-tghz2013.6547.map-01""]"	"[]"	"[]"	sources/mappings.tsv	规范字编号 6547；对应码 6547_1	地方志中记载了𬇕。 ⇄ 地方志中記載了澫。 (context domain-template; source metalinguistic-fallback; official mapping; domain-template; Historical geography / hydrology: a rare water-related character used for a river, water feature, sound, or flow.)	"[""地方志中记载了𬇕。"",""地方志中記載了澫。""]"	"[""chinese"",""simplified-traditional"",""tghz2013"",""level-3"",""bidirectional"",""one-context-sentence"",""corner-case"",""hant-to-hans""]"
zh-tghz2013-level-3/6549-map-01/hans-to-hant	通用规范汉字表 第3级	vocabulary	6549	zh-Hans	zh-Hant	䜣（奕䜣）	"[""訢（奕訢）""]"	"[]"		"[""zh-tghz2013.6549"",""zh-tghz2013.6549.map-01""]"	"[]"	"[]"	sources/mappings.tsv	规范字编号 6549；对应码 6549_1	奕䜣是一个人名。 ⇄ 奕訢是一個人名。 (context authored-example; source project-authored; official mapping; lexical-context)	"[""奕䜣是一个人名。"",""奕訢是一個人名。""]"	"[""chinese"",""simplified-traditional"",""tghz2013"",""level-3"",""bidirectional"",""one-context-sentence"",""hans-to-hant""]"
zh-tghz2013-level-3/6549-map-01/hant-to-hans	通用规范汉字表 第3级	vocabulary	6549	zh-Hant	zh-Hans	訢（奕訢）	"[""䜣（奕䜣）""]"	"[]"		"[""zh-tghz2013.6549"",""zh-tghz2013.6549.map-01""]"	"[]"	"[]"	sources/mappings.tsv	规范字编号 6549；对应码 6549_1	奕䜣是一个人名。 ⇄ 奕訢是一個人名。 (context authored-example; source project-authored; official mapping; lexical-context)	"[""奕䜣是一个人名。"",""奕訢是一個人名。""]"	"[""chinese"",""simplified-traditional"",""tghz2013"",""level-3"",""bidirectional"",""one-context-sentence"",""hant-to-hans""]"
zh-tghz2013-level-3/6550-map-01/hans-to-hant	通用规范汉字表 第3级	vocabulary	6550	zh-Hans	zh-Hant	讻（讻字）	"[""訩（訩字）""]"	"[]"		"[""zh-tghz2013.6550"",""zh-tghz2013.6550.map-01""]"	"[]"	"[]"	sources/mappings.tsv	规范字编号 6550；对应码 6550_1	古文中可见讻。 ⇄ 古文中可見訩。 (context domain-template; source metalinguistic-fallback; official mapping; domain-template; Classical Chinese rhetoric / language: a rare speech-related character used in older vocabulary or writing.)	"[""古文中可见讻。"",""古文中可見訩。""]"	"[""chinese"",""simplified-traditional"",""tghz2013"",""level-3"",""bidirectional"",""one-context-sentence"",""corner-case"",""hans-to-hant""]"
zh-tghz2013-level-3/6550-map-01/hant-to-hans	通用规范汉字表 第3级	vocabulary	6550	zh-Hant	zh-Hans	訩（訩字）	"[""讻（讻字）""]"	"[]"		"[""zh-tghz2013.6550"",""zh-tghz2013.6550.map-01""]"	"[]"	"[]"	sources/mappings.tsv	规范字编号 6550；对应码 6550_1	古文中可见讻。 ⇄ 古文中可見訩。 (context domain-template; source metalinguistic-fallback; official mapping; domain-template; Classical Chinese rhetoric / language: a rare speech-related character used in older vocabulary or writing.)	"[""古文中可见讻。"",""古文中可見訩。""]"	"[""chinese"",""simplified-traditional"",""tghz2013"",""level-3"",""bidirectional"",""one-context-sentence"",""corner-case"",""hant-to-hans""]"
zh-tghz2013-level-3/6551-map-01/hans-to-hant	通用规范汉字表 第3级	vocabulary	6551	zh-Hans	zh-Hant	𬣞（𬣞字）	"[""詝（詝字）""]"	"[]"		"[""zh-tghz2013.6551"",""zh-tghz2013.6551.map-01""]"	"[]"	"[]"	sources/mappings.tsv	规范字编号 6551；对应码 6551_1	古文中可见𬣞。 ⇄ 古文中可見詝。 (context domain-template; source metalinguistic-fallback; official mapping; domain-template; Classical Chinese rhetoric / language: a rare speech-related character used in older vocabulary or writing.)	"[""古文中可见𬣞。"",""古文中可見詝。""]"	"[""chinese"",""simplified-traditional"",""tghz2013"",""level-3"",""bidirectional"",""one-context-sentence"",""corner-case"",""hans-to-hant""]"
zh-tghz2013-level-3/6551-map-01/hant-to-hans	通用规范汉字表 第3级	vocabulary	6551	zh-Hant	zh-Hans	詝（詝字）	"[""𬣞（𬣞字）""]"	"[]"		"[""zh-tghz2013.6551"",""zh-tghz2013.6551.map-01""]"	"[]"	"[]"	sources/mappings.tsv	规范字编号 6551；对应码 6551_1	古文中可见𬣞。 ⇄ 古文中可見詝。 (context domain-template; source metalinguistic-fallback; official mapping; domain-template; Classical Chinese rhetoric / language: a rare speech-related character used in older vocabulary or writing.)	"[""古文中可见𬣞。"",""古文中可見詝。""]"	"[""chinese"",""simplified-traditional"",""tghz2013"",""level-3"",""bidirectional"",""one-context-sentence"",""corner-case"",""hant-to-hans""]"
zh-tghz2013-level-3/6553-map-01/hans-to-hant	通用规范汉字表 第3级	vocabulary	6553	zh-Hans	zh-Hant	𬘓（𬘓字）	"[""紃（紃字）""]"	"[]"		"[""zh-tghz2013.6553"",""zh-tghz2013.6553.map-01""]"	"[]"	"[]"	sources/mappings.tsv	规范字编号 6553；对应码 6553_1	古代织物记录中出现了𬘓。 ⇄ 古代織物記錄中出現了紃。 (context domain-template; source metalinguistic-fallback; official mapping; domain-template; Traditional textiles / cordage: a rare character associated with fibres, silk, thread, rope, or textile production.)	"[""古代织物记录中出现了𬘓。"",""古代織物記錄中出現了紃。""]"	"[""chinese"",""simplified-traditional"",""tghz2013"",""level-3"",""bidirectional"",""one-context-sentence"",""corner-case"",""hans-to-hant""]"
zh-tghz2013-level-3/6553-map-01/hant-to-hans	通用规范汉字表 第3级	vocabulary	6553	zh-Hant	zh-Hans	紃（紃字）	"[""𬘓（𬘓字）""]"	"[]"		"[""zh-tghz2013.6553"",""zh-tghz2013.6553.map-01""]"	"[]"	"[]"	sources/mappings.tsv	规范字编号 6553；对应码 6553_1	古代织物记录中出现了𬘓。 ⇄ 古代織物記錄中出現了紃。 (context domain-template; source metalinguistic-fallback; official mapping; domain-template; Traditional textiles / cordage: a rare character associated with fibres, silk, thread, rope, or textile production.)	"[""古代织物记录中出现了𬘓。"",""古代織物記錄中出現了紃。""]"	"[""chinese"",""simplified-traditional"",""tghz2013"",""level-3"",""bidirectional"",""one-context-sentence"",""corner-case"",""hant-to-hans""]"
zh-tghz2013-level-3/6554-map-01/hans-to-hant	通用规范汉字表 第3级	vocabulary	6554	zh-Hans	zh-Hant	纩（纩字）	"[""纊（纊字）""]"	"[]"		"[""zh-tghz2013.6554"",""zh-tghz2013.6554.map-01""]"	"[]"	"[]"	sources/mappings.tsv	规范字编号 6554；对应码 6554_1	工匠把纩填进冬衣。 ⇄ 工匠把纊填進冬衣。 (context approved-manual; source metalinguistic-fallback; official mapping; approved-manual; Traditional textiles: fine cotton or silk wadding used in clothing and bedding.)	"[""工匠把纩填进冬衣。"",""工匠把纊填進冬衣。""]"	"[""chinese"",""simplified-traditional"",""tghz2013"",""level-3"",""bidirectional"",""one-context-sentence"",""corner-case"",""hans-to-hant""]"
zh-tghz2013-level-3/6554-map-01/hant-to-hans	通用规范汉字表 第3级	vocabulary	6554	zh-Hant	zh-Hans	纊（纊字）	"[""纩（纩字）""]"	"[]"		"[""zh-tghz2013.6554"",""zh-tghz2013.6554.map-01""]"	"[]"	"[]"	sources/mappings.tsv	规范字编号 6554；对应码 6554_1	工匠把纩填进冬衣。 ⇄ 工匠把纊填進冬衣。 (context approved-manual; source metalinguistic-fallback; official mapping; approved-manual; Traditional textiles: fine cotton or silk wadding used in clothing and bedding.)	"[""工匠把纩填进冬衣。"",""工匠把纊填進冬衣。""]"	"[""chinese"",""simplified-traditional"",""tghz2013"",""level-3"",""bidirectional"",""one-context-sentence"",""corner-case"",""hant-to-hans""]"
zh-tghz2013-level-3/6558-map-01/hans-to-hant	通用规范汉字表 第3级	vocabulary	6558	zh-Hans	zh-Hant	玚（玚字）	"[""瑒（瑒字）""]"	"[]"		"[""zh-tghz2013.6558"",""zh-tghz2013.6558.map-01""]"	"[]"	"[]"	sources/mappings.tsv	规范字编号 6558；对应码 6558_1	古代玉器或人名记录中可见玚。 ⇄ 古代玉器或人名記錄中可見瑒。 (context domain-template; source metalinguistic-fallback; official mapping; domain-template; Jade terminology / personal names: a rare character associated with jade, ornament, or name usage.)	"[""古代玉器或人名记录中可见玚。"",""古代玉器或人名記錄中可見瑒。""]"	"[""chinese"",""simplified-traditional"",""tghz2013"",""level-3"",""bidirectional"",""one-context-sentence"",""corner-case"",""hans-to-hant""]"
zh-tghz2013-level-3/6558-map-01/hant-to-hans	通用规范汉字表 第3级	vocabulary	6558	zh-Hant	zh-Hans	瑒（瑒字）	"[""玚（玚字）""]"	"[]"		"[""zh-tghz2013.6558"",""zh-tghz2013.6558.map-01""]"	"[]"	"[]"	sources/mappings.tsv	规范字编号 6558；对应码 6558_1	古代玉器或人名记录中可见玚。 ⇄ 古代玉器或人名記錄中可見瑒。 (context domain-template; source metalinguistic-fallback; official mapping; domain-template; Jade terminology / personal names: a rare character associated with jade, ornament, or name usage.)	"[""古代玉器或人名记录中可见玚。"",""古代玉器或人名記錄中可見瑒。""]"	"[""chinese"",""simplified-traditional"",""tghz2013"",""level-3"",""bidirectional"",""one-context-sentence"",""corner-case"",""hant-to-hans""]"
zh-tghz2013-level-3/6559-map-01/hans-to-hant	通用规范汉字表 第3级	vocabulary	6559	zh-Hans	zh-Hant	刬（刬恶除奸）	"[""剗（剗惡除奸）""]"	"[]"		"[""zh-tghz2013.6559"",""zh-tghz2013.6559.map-01""]"	"[]"	"[]"	sources/mappings.tsv	规范字编号 6559；对应码 6559_1	刬恶除奸是一个成语或固定说法。 ⇄ 剗惡除奸是一個成語或固定說法。 (context authored-example; source project-authored; official mapping; lexical-context)	"[""刬恶除奸是一个成语或固定说法。"",""剗惡除奸是一個成語或固定說法。""]"	"[""chinese"",""simplified-traditional"",""tghz2013"",""level-3"",""bidirectional"",""one-context-sentence"",""hans-to-hant""]"
zh-tghz2013-level-3/6559-map-01/hant-to-hans	通用规范汉字表 第3级	vocabulary	6559	zh-Hant	zh-Hans	剗（剗惡除奸）	"[""刬（刬恶除奸）""]"	"[]"		"[""zh-tghz2013.6559"",""zh-tghz2013.6559.map-01""]"	"[]"	"[]"	sources/mappings.tsv	规范字编号 6559；对应码 6559_1	刬恶除奸是一个成语或固定说法。 ⇄ 剗惡除奸是一個成語或固定說法。 (context authored-example; source project-authored; official mapping; lexical-context)	"[""刬恶除奸是一个成语或固定说法。"",""剗惡除奸是一個成語或固定說法。""]"	"[""chinese"",""simplified-traditional"",""tghz2013"",""level-3"",""bidirectional"",""one-context-sentence"",""hant-to-hans""]"
zh-tghz2013-level-3/6560-map-01/hans-to-hant	通用规范汉字表 第3级	vocabulary	6560	zh-Hans	zh-Hant	𫭟（𫭟字）	"[""塸（塸字）""]"	"[]"		"[""zh-tghz2013.6560"",""zh-tghz2013.6560.map-01""]"	"[]"	"[]"	sources/mappings.tsv	规范字编号 6560；对应码 6560_1	地方志中记载了𫭟。 ⇄ 地方志中記載了塸。 (context domain-template; source metalinguistic-fallback; official mapping; domain-template; Historical geography / topography: a rare character used for terrain, a structure, or a place name.)	"[""地方志中记载了𫭟。"",""地方志中記載了塸。""]"	"[""chinese"",""simplified-traditional"",""tghz2013"",""level-3"",""bidirectional"",""one-context-sentence"",""corner-case"",""hans-to-hant""]"
zh-tghz2013-level-3/6560-map-01/hant-to-hans	通用规范汉字表 第3级	vocabulary	6560	zh-Hant	zh-Hans	塸（塸字）	"[""𫭟（𫭟字）""]"	"[]"		"[""zh-tghz2013.6560"",""zh-tghz2013.6560.map-01""]"	"[]"	"[]"	sources/mappings.tsv	规范字编号 6560；对应码 6560_1	地方志中记载了𫭟。 ⇄ 地方志中記載了塸。 (context domain-template; source metalinguistic-fallback; official mapping; domain-template; Historical geography / topography: a rare character used for terrain, a structure, or a place name.)	"[""地方志中记载了𫭟。"",""地方志中記載了塸。""]"	"[""chinese"",""simplified-traditional"",""tghz2013"",""level-3"",""bidirectional"",""one-context-sentence"",""corner-case"",""hant-to-hans""]"
zh-tghz2013-level-3/6561-map-01/hans-to-hant	通用规范汉字表 第3级	vocabulary	6561	zh-Hans	zh-Hant	坜（中坜）	"[""壢（中壢）""]"	"[]"		"[""zh-tghz2013.6561"",""zh-tghz2013.6561.map-01""]"	"[]"	"[]"	sources/mappings.tsv	规范字编号 6561；对应码 6561_1	中坜是一个地名。 ⇄ 中壢是一個地名。 (context authored-example; source project-authored; official mapping; lexical-context)	"[""中坜是一个地名。"",""中壢是一個地名。""]"	"[""chinese"",""simplified-traditional"",""tghz2013"",""level-3"",""bidirectional"",""one-context-sentence"",""hans-to-hant""]"
zh-tghz2013-level-3/6561-map-01/hant-to-hans	通用规范汉字表 第3级	vocabulary	6561	zh-Hant	zh-Hans	壢（中壢）	"[""坜（中坜）""]"	"[]"		"[""zh-tghz2013.6561"",""zh-tghz2013.6561.map-01""]"	"[]"	"[]"	sources/mappings.tsv	规范字编号 6561；对应码 6561_1	中坜是一个地名。 ⇄ 中壢是一個地名。 (context authored-example; source project-authored; official mapping; lexical-context)	"[""中坜是一个地名。"",""中壢是一個地名。""]"	"[""chinese"",""simplified-traditional"",""tghz2013"",""level-3"",""bidirectional"",""one-context-sentence"",""hant-to-hans""]"
zh-tghz2013-level-3/6564-map-01/hans-to-hant	通用规范汉字表 第3级	vocabulary	6564	zh-Hans	zh-Hant	𫭢（𫭢字）	"[""埨（埨字）""]"	"[]"		"[""zh-tghz2013.6564"",""zh-tghz2013.6564.map-01""]"	"[]"	"[]"	sources/mappings.tsv	规范字编号 6564；对应码 6564_1	地方志中记载了𫭢。 ⇄ 地方志中記載了埨。 (context domain-template; source metalinguistic-fallback; official mapping; domain-template; Historical geography / topography: a rare character used for terrain, a structure, or a place name.)	"[""地方志中记载了𫭢。"",""地方志中記載了埨。""]"	"[""chinese"",""simplified-traditional"",""tghz2013"",""level-3"",""bidirectional"",""one-context-sentence"",""corner-case"",""hans-to-hant""]"
zh-tghz2013-level-3/6564-map-01/hant-to-hans	通用规范汉字表 第3级	vocabulary	6564	zh-Hant	zh-Hans	埨（埨字）	"[""𫭢（𫭢字）""]"	"[]"		"[""zh-tghz2013.6564"",""zh-tghz2013.6564.map-01""]"	"[]"	"[]"	sources/mappings.tsv	规范字编号 6564；对应码 6564_1	地方志中记载了𫭢。 ⇄ 地方志中記載了埨。 (context domain-template; source metalinguistic-fallback; official mapping; domain-template; Historical geography / topography: a rare character used for terrain, a structure, or a place name.)	"[""地方志中记载了𫭢。"",""地方志中記載了埨。""]"	"[""chinese"",""simplified-traditional"",""tghz2013"",""level-3"",""bidirectional"",""one-context-sentence"",""corner-case"",""hant-to-hans""]"
zh-tghz2013-level-3/6567-map-01/hans-to-hant	通用规范汉字表 第3级	vocabulary	6567	zh-Hans	zh-Hant	㧑（㧑挹）	"[""撝（撝挹）""]"	"[]"		"[""zh-tghz2013.6567"",""zh-tghz2013.6567.map-01""]"	"[]"	"[]"	sources/mappings.tsv	规范字编号 6567；对应码 6567_1	㧑挹是一个较少见的词语。 ⇄ 撝挹是一個較少見的詞語。 (context authored-example; source project-authored; official mapping; lexical-context)	"[""㧑挹是一个较少见的词语。"",""撝挹是一個較少見的詞語。""]"	"[""chinese"",""simplified-traditional"",""tghz2013"",""level-3"",""bidirectional"",""one-context-sentence"",""hans-to-hant""]"
zh-tghz2013-level-3/6567-map-01/hant-to-hans	通用规范汉字表 第3级	vocabulary	6567	zh-Hant	zh-Hans	撝（撝挹）	"[""㧑（㧑挹）""]"	"[]"		"[""zh-tghz2013.6567"",""zh-tghz2013.6567.map-01""]"	"[]"	"[]"	sources/mappings.tsv	规范字编号 6567；对应码 6567_1	㧑挹是一个较少见的词语。 ⇄ 撝挹是一個較少見的詞語。 (context authored-example; source project-authored; official mapping; lexical-context)	"[""㧑挹是一个较少见的词语。"",""撝挹是一個較少見的詞語。""]"	"[""chinese"",""simplified-traditional"",""tghz2013"",""level-3"",""bidirectional"",""one-context-sentence"",""hant-to-hans""]"
zh-tghz2013-level-3/6576-map-01/hans-to-hant	通用规范汉字表 第3级	vocabulary	6576	zh-Hans	zh-Hant	𫇭（𫇭字）	"[""蔿（蔿字）""]"	"[]"		"[""zh-tghz2013.6576"",""zh-tghz2013.6576.map-01""]"	"[]"	"[]"	sources/mappings.tsv	规范字编号 6576；对应码 6576_1	本草书中记载了𫇭。 ⇄ 本草書中記載了蔿。 (context domain-template; source metalinguistic-fallback; official mapping; domain-template; Botany / traditional materia medica: a rare character used in a plant name or botanical description.)	"[""本草书中记载了𫇭。"",""本草書中記載了蔿。""]"	"[""chinese"",""simplified-traditional"",""tghz2013"",""level-3"",""bidirectional"",""one-context-sentence"",""corner-case"",""hans-to-hant""]"
zh-tghz2013-level-3/6576-map-01/hant-to-hans	通用规范汉字表 第3级	vocabulary	6576	zh-Hant	zh-Hans	蔿（蔿字）	"[""𫇭（𫇭字）""]"	"[]"		"[""zh-tghz2013.6576"",""zh-tghz2013.6576.map-01""]"	"[]"	"[]"	sources/mappings.tsv	规范字编号 6576；对应码 6576_1	本草书中记载了𫇭。 ⇄ 本草書中記載了蔿。 (context domain-template; source metalinguistic-fallback; official mapping; domain-template; Botany / traditional materia medica: a rare character used in a plant name or botanical description.)	"[""本草书中记载了𫇭。"",""本草書中記載了蔿。""]"	"[""chinese"",""simplified-traditional"",""tghz2013"",""level-3"",""bidirectional"",""one-context-sentence"",""corner-case"",""hant-to-hans""]"
zh-tghz2013-level-3/6582-map-01/hans-to-hant	通用规范汉字表 第3级	vocabulary	6582	zh-Hans	zh-Hant	杩（杩字）	"[""榪（榪字）""]"	"[]"		"[""zh-tghz2013.6582"",""zh-tghz2013.6582.map-01""]"	"[]"	"[]"	sources/mappings.tsv	规范字编号 6582；对应码 6582_1	古代木器或植物记录中可见杩。 ⇄ 古代木器或植物記錄中可見榪。 (context domain-template; source metalinguistic-fallback; official mapping; domain-template; Woodcraft / historical botany: a rare character associated with wood, a wooden object, or a plant name.)	"[""古代木器或植物记录中可见杩。"",""古代木器或植物記錄中可見榪。""]"	"[""chinese"",""simplified-traditional"",""tghz2013"",""level-3"",""bidirectional"",""one-context-sentence"",""corner-case"",""hans-to-hant""]"
zh-tghz2013-level-3/6582-map-01/hant-to-hans	通用规范汉字表 第3级	vocabulary	6582	zh-Hant	zh-Hans	榪（榪字）	"[""杩（杩字）""]"	"[]"		"[""zh-tghz2013.6582"",""zh-tghz2013.6582.map-01""]"	"[]"	"[]"	sources/mappings.tsv	规范字编号 6582；对应码 6582_1	古代木器或植物记录中可见杩。 ⇄ 古代木器或植物記錄中可見榪。 (context domain-template; source metalinguistic-fallback; official mapping; domain-template; Woodcraft / historical botany: a rare character associated with wood, a wooden object, or a plant name.)	"[""古代木器或植物记录中可见杩。"",""古代木器或植物記錄中可見榪。""]"	"[""chinese"",""simplified-traditional"",""tghz2013"",""level-3"",""bidirectional"",""one-context-sentence"",""corner-case"",""hant-to-hans""]"
zh-tghz2013-level-3/6585-map-01/hans-to-hant	通用规范汉字表 第3级	vocabulary	6585	zh-Hans	zh-Hant	轪（轪字）	"[""軑（軑字）""]"	"[]"		"[""zh-tghz2013.6585"",""zh-tghz2013.6585.map-01""]"	"[]"	"[]"	sources/mappings.tsv	规范字编号 6585；对应码 6585_1	古代车辆记录中出现了轪。 ⇄ 古代車輛記錄中出現了軑。 (context domain-template; source metalinguistic-fallback; official mapping; domain-template; Historical transport technology: a rare character associated with a cart, carriage, wheel, or vehicle component.)	"[""古代车辆记录中出现了轪。"",""古代車輛記錄中出現了軑。""]"	"[""chinese"",""simplified-traditional"",""tghz2013"",""level-3"",""bidirectional"",""one-context-sentence"",""corner-case"",""hans-to-hant""]"
zh-tghz2013-level-3/6585-map-01/hant-to-hans	通用规范汉字表 第3级	vocabulary	6585	zh-Hant	zh-Hans	軑（軑字）	"[""轪（轪字）""]"	"[]"		"[""zh-tghz2013.6585"",""zh-tghz2013.6585.map-01""]"	"[]"	"[]"	sources/mappings.tsv	规范字编号 6585；对应码 6585_1	古代车辆记录中出现了轪。 ⇄ 古代車輛記錄中出現了軑。 (context domain-template; source metalinguistic-fallback; official mapping; domain-template; Historical transport technology: a rare character associated with a cart, carriage, wheel, or vehicle component.)	"[""古代车辆记录中出现了轪。"",""古代車輛記錄中出現了軑。""]"	"[""chinese"",""simplified-traditional"",""tghz2013"",""level-3"",""bidirectional"",""one-context-sentence"",""corner-case"",""hant-to-hans""]"
zh-tghz2013-level-3/6586-map-01/hans-to-hant	通用规范汉字表 第3级	vocabulary	6586	zh-Hans	zh-Hant	𫐄（𫐄字）	"[""軏（軏字）""]"	"[]"		"[""zh-tghz2013.6586"",""zh-tghz2013.6586.map-01""]"	"[]"	"[]"	sources/mappings.tsv	规范字编号 6586；对应码 6586_1	古代车辆记录中出现了𫐄。 ⇄ 古代車輛記錄中出現了軏。 (context domain-template; source metalinguistic-fallback; official mapping; domain-template; Historical transport technology: a rare character associated with a cart, carriage, wheel, or vehicle component.)	"[""古代车辆记录中出现了𫐄。"",""古代車輛記錄中出現了軏。""]"	"[""chinese"",""simplified-traditional"",""tghz2013"",""level-3"",""bidirectional"",""one-context-sentence"",""corner-case"",""hans-to-hant""]"
zh-tghz2013-level-3/6586-map-01/hant-to-hans	通用规范汉字表 第3级	vocabulary	6586	zh-Hant	zh-Hans	軏（軏字）	"[""𫐄（𫐄字）""]"	"[]"		"[""zh-tghz2013.6586"",""zh-tghz2013.6586.map-01""]"	"[]"	"[]"	sources/mappings.tsv	规范字编号 6586；对应码 6586_1	古代车辆记录中出现了𫐄。 ⇄ 古代車輛記錄中出現了軏。 (context domain-template; source metalinguistic-fallback; official mapping; domain-template; Historical transport technology: a rare character associated with a cart, carriage, wheel, or vehicle component.)	"[""古代车辆记录中出现了𫐄。"",""古代車輛記錄中出現了軏。""]"	"[""chinese"",""simplified-traditional"",""tghz2013"",""level-3"",""bidirectional"",""one-context-sentence"",""corner-case"",""hant-to-hans""]"
zh-tghz2013-level-3/6591-map-01/hans-to-hant	通用规范汉字表 第3级	vocabulary	6591	zh-Hans	zh-Hant	呙（呙字）	"[""咼（咼字）""]"	"[]"		"[""zh-tghz2013.6591"",""zh-tghz2013.6591.map-01""]"	"[]"	"[]"	sources/mappings.tsv	规范字编号 6591；对应码 6591_1	古文中可见呙。 ⇄ 古文中可見咼。 (context domain-template; source metalinguistic-fallback; official mapping; domain-template; Classical Chinese vocabulary: a rare character used in older descriptions of people, actions, states, sounds, or qualities.)	"[""古文中可见呙。"",""古文中可見咼。""]"	"[""chinese"",""simplified-traditional"",""tghz2013"",""level-3"",""bidirectional"",""one-context-sentence"",""corner-case"",""hans-to-hant""]"
zh-tghz2013-level-3/6591-map-01/hant-to-hans	通用规范汉字表 第3级	vocabulary	6591	zh-Hant	zh-Hans	咼（咼字）	"[""呙（呙字）""]"	"[]"		"[""zh-tghz2013.6591"",""zh-tghz2013.6591.map-01""]"	"[]"	"[]"	sources/mappings.tsv	规范字编号 6591；对应码 6591_1	古文中可见呙。 ⇄ 古文中可見咼。 (context domain-template; source metalinguistic-fallback; official mapping; domain-template; Classical Chinese vocabulary: a rare character used in older descriptions of people, actions, states, sounds, or qualities.)	"[""古文中可见呙。"",""古文中可見咼。""]"	"[""chinese"",""simplified-traditional"",""tghz2013"",""level-3"",""bidirectional"",""one-context-sentence"",""corner-case"",""hant-to-hans""]"
zh-tghz2013-level-3/6594-map-01/hans-to-hant	通用规范汉字表 第3级	vocabulary	6594	zh-Hans	zh-Hant	𫵷（𫵷字）	"[""㠣（㠣字）""]"	"[]"		"[""zh-tghz2013.6594"",""zh-tghz2013.6594.map-01""]"	"[]"	"[]"	sources/mappings.tsv	规范字编号 6594；对应码 6594_1	地方志中记载了𫵷。 ⇄ 地方志中記載了㠣。 (context domain-template; source metalinguistic-fallback; official mapping; domain-template; Historical geography / topography: a rare character used for terrain, a structure, or a place name.)	"[""地方志中记载了𫵷。"",""地方志中記載了㠣。""]"	"[""chinese"",""simplified-traditional"",""tghz2013"",""level-3"",""bidirectional"",""one-context-sentence"",""corner-case"",""hans-to-hant""]"
zh-tghz2013-level-3/6594-map-01/hant-to-hans	通用规范汉字表 第3级	vocabulary	6594	zh-Hant	zh-Hans	㠣（㠣字）	"[""𫵷（𫵷字）""]"	"[]"		"[""zh-tghz2013.6594"",""zh-tghz2013.6594.map-01""]"	"[]"	"[]"	sources/mappings.tsv	规范字编号 6594；对应码 6594_1	地方志中记载了𫵷。 ⇄ 地方志中記載了㠣。 (context domain-template; source metalinguistic-fallback; official mapping; domain-template; Historical geography / topography: a rare character used for terrain, a structure, or a place name.)	"[""地方志中记载了𫵷。"",""地方志中記載了㠣。""]"	"[""chinese"",""simplified-traditional"",""tghz2013"",""level-3"",""bidirectional"",""one-context-sentence"",""corner-case"",""hant-to-hans""]"
zh-tghz2013-level-3/6599-map-01/hans-to-hant	通用规范汉字表 第3级	vocabulary	6599	zh-Hans	zh-Hant	觃（觃口）	"[""覎（覎口）""]"	"[]"		"[""zh-tghz2013.6599"",""zh-tghz2013.6599.map-01""]"	"[]"	"[]"	sources/mappings.tsv	规范字编号 6599；对应码 6599_1	觃口是一个地名。 ⇄ 覎口是一個地名。 (context authored-example; source project-authored; official mapping; lexical-context)	"[""觃口是一个地名。"",""覎口是一個地名。""]"	"[""chinese"",""simplified-traditional"",""tghz2013"",""level-3"",""bidirectional"",""one-context-sentence"",""hans-to-hant""]"
zh-tghz2013-level-3/6599-map-01/hant-to-hans	通用规范汉字表 第3级	vocabulary	6599	zh-Hant	zh-Hans	覎（覎口）	"[""觃（觃口）""]"	"[]"		"[""zh-tghz2013.6599"",""zh-tghz2013.6599.map-01""]"	"[]"	"[]"	sources/mappings.tsv	规范字编号 6599；对应码 6599_1	觃口是一个地名。 ⇄ 覎口是一個地名。 (context authored-example; source project-authored; official mapping; lexical-context)	"[""觃口是一个地名。"",""覎口是一個地名。""]"	"[""chinese"",""simplified-traditional"",""tghz2013"",""level-3"",""bidirectional"",""one-context-sentence"",""hant-to-hans""]"
zh-tghz2013-level-3/6602-map-01/hans-to-hant	通用规范汉字表 第3级	vocabulary	6602	zh-Hans	zh-Hant	㑇（㑇字）	"[""㑳（㑳字）""]"	"[]"		"[""zh-tghz2013.6602"",""zh-tghz2013.6602.map-01""]"	"[]"	"[]"	sources/mappings.tsv	规范字编号 6602；对应码 6602_1	古文中可见㑇。 ⇄ 古文中可見㑳。 (context domain-template; source metalinguistic-fallback; official mapping; domain-template; Classical Chinese vocabulary: a rare character used in older descriptions of people, actions, states, sounds, or qualities.)	"[""古文中可见㑇。"",""古文中可見㑳。""]"	"[""chinese"",""simplified-traditional"",""tghz2013"",""level-3"",""bidirectional"",""one-context-sentence"",""corner-case"",""hans-to-hant""]"
zh-tghz2013-level-3/6602-map-01/hant-to-hans	通用规范汉字表 第3级	vocabulary	6602	zh-Hant	zh-Hans	㑳（㑳字）	"[""㑇（㑇字）""]"	"[]"		"[""zh-tghz2013.6602"",""zh-tghz2013.6602.map-01""]"	"[]"	"[]"	sources/mappings.tsv	规范字编号 6602；对应码 6602_1	古文中可见㑇。 ⇄ 古文中可見㑳。 (context domain-template; source metalinguistic-fallback; official mapping; domain-template; Classical Chinese vocabulary: a rare character used in older descriptions of people, actions, states, sounds, or qualities.)	"[""古文中可见㑇。"",""古文中可見㑳。""]"	"[""chinese"",""simplified-traditional"",""tghz2013"",""level-3"",""bidirectional"",""one-context-sentence"",""corner-case"",""hant-to-hans""]"
zh-tghz2013-level-3/6607-map-01/hans-to-hant	通用规范汉字表 第3级	vocabulary	6607	zh-Hans	zh-Hant	飏（神魂荡飏）	"[""颺（神魂盪颺）""]"	"[]"		"[""zh-tghz2013.6607"",""zh-tghz2013.6607.map-01""]"	"[]"	"[]"	sources/mappings.tsv	规范字编号 6607；对应码 6607_1	神魂荡飏是一个较少见的词语。 ⇄ 神魂盪颺是一個較少見的詞語。 (context authored-example; source project-authored; official mapping; lexical-context)	"[""神魂荡飏是一个较少见的词语。"",""神魂盪颺是一個較少見的詞語。""]"	"[""chinese"",""simplified-traditional"",""tghz2013"",""level-3"",""bidirectional"",""one-context-sentence"",""hans-to-hant""]"
zh-tghz2013-level-3/6607-map-01/hant-to-hans	通用规范汉字表 第3级	vocabulary	6607	zh-Hant	zh-Hans	颺（神魂盪颺）	"[""飏（神魂荡飏）""]"	"[]"		"[""zh-tghz2013.6607"",""zh-tghz2013.6607.map-01""]"	"[]"	"[]"	sources/mappings.tsv	规范字编号 6607；对应码 6607_1	神魂荡飏是一个较少见的词语。 ⇄ 神魂盪颺是一個較少見的詞語。 (context authored-example; source project-authored; official mapping; lexical-context)	"[""神魂荡飏是一个较少见的词语。"",""神魂盪颺是一個較少見的詞語。""]"	"[""chinese"",""simplified-traditional"",""tghz2013"",""level-3"",""bidirectional"",""one-context-sentence"",""hant-to-hans""]"
zh-tghz2013-level-3/6609-map-01/hans-to-hant	通用规范汉字表 第3级	vocabulary	6609	zh-Hans	zh-Hant	闶（闶字）	"[""閌（閌字）""]"	"[]"		"[""zh-tghz2013.6609"",""zh-tghz2013.6609.map-01""]"	"[]"	"[]"	sources/mappings.tsv	规范字编号 6609；对应码 6609_1	古代建筑记录中出现了闶。 ⇄ 古代建築記錄中出現了閌。 (context domain-template; source metalinguistic-fallback; official mapping; domain-template; Historical architecture: a rare character associated with a gate, room, structure, architectural fitting, or decorative support.)	"[""古代建筑记录中出现了闶。"",""古代建築記錄中出現了閌。""]"	"[""chinese"",""simplified-traditional"",""tghz2013"",""level-3"",""bidirectional"",""one-context-sentence"",""corner-case"",""hans-to-hant""]"
zh-tghz2013-level-3/6609-map-01/hant-to-hans	通用规范汉字表 第3级	vocabulary	6609	zh-Hant	zh-Hans	閌（閌字）	"[""闶（闶字）""]"	"[]"		"[""zh-tghz2013.6609"",""zh-tghz2013.6609.map-01""]"	"[]"	"[]"	sources/mappings.tsv	规范字编号 6609；对应码 6609_1	古代建筑记录中出现了闶。 ⇄ 古代建築記錄中出現了閌。 (context domain-template; source metalinguistic-fallback; official mapping; domain-template; Historical architecture: a rare character associated with a gate, room, structure, architectural fitting, or decorative support.)	"[""古代建筑记录中出现了闶。"",""古代建築記錄中出現了閌。""]"	"[""chinese"",""simplified-traditional"",""tghz2013"",""level-3"",""bidirectional"",""one-context-sentence"",""corner-case"",""hant-to-hans""]"
zh-tghz2013-level-3/6612-map-01/hans-to-hant	通用规范汉字表 第3级	vocabulary	6612	zh-Hans	zh-Hant	𣲘（𣲘溪）	"[""潕（潕谿）""]"	"[]"		"[""zh-tghz2013.6612"",""zh-tghz2013.6612.map-01""]"	"[]"	"[]"	sources/mappings.tsv	规范字编号 6612；对应码 6612_1	𣲘溪是一个地名。 ⇄ 潕谿是一個地名。 (context authored-example; source project-authored; official mapping; lexical-context)	"[""𣲘溪是一个地名。"",""潕谿是一個地名。""]"	"[""chinese"",""simplified-traditional"",""tghz2013"",""level-3"",""bidirectional"",""one-context-sentence"",""hans-to-hant""]"
zh-tghz2013-level-3/6612-map-01/hant-to-hans	通用规范汉字表 第3级	vocabulary	6612	zh-Hant	zh-Hans	潕（潕谿）	"[""𣲘（𣲘溪）""]"	"[]"		"[""zh-tghz2013.6612"",""zh-tghz2013.6612.map-01""]"	"[]"	"[]"	sources/mappings.tsv	规范字编号 6612；对应码 6612_1	𣲘溪是一个地名。 ⇄ 潕谿是一個地名。 (context authored-example; source project-authored; official mapping; lexical-context)	"[""𣲘溪是一个地名。"",""潕谿是一個地名。""]"	"[""chinese"",""simplified-traditional"",""tghz2013"",""level-3"",""bidirectional"",""one-context-sentence"",""hant-to-hans""]"
zh-tghz2013-level-3/6613-map-01/hans-to-hant	通用规范汉字表 第3级	vocabulary	6613	zh-Hans	zh-Hant	𣲗（𣲗字）	"[""湋（湋字）""]"	"[]"		"[""zh-tghz2013.6613"",""zh-tghz2013.6613.map-01""]"	"[]"	"[]"	sources/mappings.tsv	规范字编号 6613；对应码 6613_1	地方志中记载了𣲗。 ⇄ 地方志中記載了湋。 (context domain-template; source metalinguistic-fallback; official mapping; domain-template; Historical geography / hydrology: a rare water-related character used for a river, water feature, sound, or flow.)	"[""地方志中记载了𣲗。"",""地方志中記載了湋。""]"	"[""chinese"",""simplified-traditional"",""tghz2013"",""level-3"",""bidirectional"",""one-context-sentence"",""corner-case"",""hans-to-hant""]"
zh-tghz2013-level-3/6613-map-01/hant-to-hans	通用规范汉字表 第3级	vocabulary	6613	zh-Hant	zh-Hans	湋（湋字）	"[""𣲗（𣲗字）""]"	"[]"		"[""zh-tghz2013.6613"",""zh-tghz2013.6613.map-01""]"	"[]"	"[]"	sources/mappings.tsv	规范字编号 6613；对应码 6613_1	地方志中记载了𣲗。 ⇄ 地方志中記載了湋。 (context domain-template; source metalinguistic-fallback; official mapping; domain-template; Historical geography / hydrology: a rare water-related character used for a river, water feature, sound, or flow.)	"[""地方志中记载了𣲗。"",""地方志中記載了湋。""]"	"[""chinese"",""simplified-traditional"",""tghz2013"",""level-3"",""bidirectional"",""one-context-sentence"",""corner-case"",""hant-to-hans""]"
zh-tghz2013-level-3/6614-map-01/hans-to-hant	通用规范汉字表 第3级	vocabulary	6614	zh-Hans	zh-Hant	沄（沄字）	"[""澐（澐字）""]"	"[]"		"[""zh-tghz2013.6614"",""zh-tghz2013.6614.map-01""]"	"[]"	"[]"	sources/mappings.tsv	规范字编号 6614；对应码 6614_1	地方志中记载了沄。 ⇄ 地方志中記載了澐。 (context domain-template; source metalinguistic-fallback; official mapping; domain-template; Historical geography / hydrology: a rare water-related character used for a river, water feature, sound, or flow.)	"[""地方志中记载了沄。"",""地方志中記載了澐。""]"	"[""chinese"",""simplified-traditional"",""tghz2013"",""level-3"",""bidirectional"",""one-context-sentence"",""corner-case"",""hans-to-hant""]"
zh-tghz2013-level-3/6614-map-01/hant-to-hans	通用规范汉字表 第3级	vocabulary	6614	zh-Hant	zh-Hans	澐（澐字）	"[""沄（沄字）""]"	"[]"		"[""zh-tghz2013.6614"",""zh-tghz2013.6614.map-01""]"	"[]"	"[]"	sources/mappings.tsv	规范字编号 6614；对应码 6614_1	地方志中记载了沄。 ⇄ 地方志中記載了澐。 (context domain-template; source metalinguistic-fallback; official mapping; domain-template; Historical geography / hydrology: a rare water-related character used for a river, water feature, sound, or flow.)	"[""地方志中记载了沄。"",""地方志中記載了澐。""]"	"[""chinese"",""simplified-traditional"",""tghz2013"",""level-3"",""bidirectional"",""one-context-sentence"",""corner-case"",""hant-to-hans""]"
zh-tghz2013-level-3/6616-map-01/hans-to-hant	通用规范汉字表 第3级	vocabulary	6616	zh-Hans	zh-Hant	𬇙（𬇙字）	"[""浿（浿字）""]"	"[]"		"[""zh-tghz2013.6616"",""zh-tghz2013.6616.map-01""]"	"[]"	"[]"	sources/mappings.tsv	规范字编号 6616；对应码 6616_1	地方志中记载了𬇙。 ⇄ 地方志中記載了浿。 (context domain-template; source metalinguistic-fallback; official mapping; domain-template; Historical geography / hydrology: a rare water-related character used for a river, water feature, sound, or flow.)	"[""地方志中记载了𬇙。"",""地方志中記載了浿。""]"	"[""chinese"",""simplified-traditional"",""tghz2013"",""level-3"",""bidirectional"",""one-context-sentence"",""corner-case"",""hans-to-hant""]"
zh-tghz2013-level-3/6616-map-01/hant-to-hans	通用规范汉字表 第3级	vocabulary	6616	zh-Hant	zh-Hans	浿（浿字）	"[""𬇙（𬇙字）""]"	"[]"		"[""zh-tghz2013.6616"",""zh-tghz2013.6616.map-01""]"	"[]"	"[]"	sources/mappings.tsv	规范字编号 6616；对应码 6616_1	地方志中记载了𬇙。 ⇄ 地方志中記載了浿。 (context domain-template; source metalinguistic-fallback; official mapping; domain-template; Historical geography / hydrology: a rare water-related character used for a river, water feature, sound, or flow.)	"[""地方志中记载了𬇙。"",""地方志中記載了浿。""]"	"[""chinese"",""simplified-traditional"",""tghz2013"",""level-3"",""bidirectional"",""one-context-sentence"",""corner-case"",""hant-to-hans""]"
zh-tghz2013-level-3/6623-map-01/hans-to-hant	通用规范汉字表 第3级	vocabulary	6623	zh-Hans	zh-Hant	𬣡（𬣡字）	"[""諓（諓字）""]"	"[]"		"[""zh-tghz2013.6623"",""zh-tghz2013.6623.map-01""]"	"[]"	"[]"	sources/mappings.tsv	规范字编号 6623；对应码 6623_1	古文中可见𬣡。 ⇄ 古文中可見諓。 (context domain-template; source metalinguistic-fallback; official mapping; domain-template; Classical Chinese rhetoric / language: a rare speech-related character used in older vocabulary or writing.)	"[""古文中可见𬣡。"",""古文中可見諓。""]"	"[""chinese"",""simplified-traditional"",""tghz2013"",""level-3"",""bidirectional"",""one-context-sentence"",""corner-case"",""hans-to-hant""]"
zh-tghz2013-level-3/6623-map-01/hant-to-hans	通用规范汉字表 第3级	vocabulary	6623	zh-Hant	zh-Hans	諓（諓字）	"[""𬣡（𬣡字）""]"	"[]"		"[""zh-tghz2013.6623"",""zh-tghz2013.6623.map-01""]"	"[]"	"[]"	sources/mappings.tsv	规范字编号 6623；对应码 6623_1	古文中可见𬣡。 ⇄ 古文中可見諓。 (context domain-template; source metalinguistic-fallback; official mapping; domain-template; Classical Chinese rhetoric / language: a rare speech-related character used in older vocabulary or writing.)	"[""古文中可见𬣡。"",""古文中可見諓。""]"	"[""chinese"",""simplified-traditional"",""tghz2013"",""level-3"",""bidirectional"",""one-context-sentence"",""corner-case"",""hant-to-hans""]"
zh-tghz2013-level-3/6624-map-01/hans-to-hant	通用规范汉字表 第3级	vocabulary	6624	zh-Hans	zh-Hant	祃（祃字）	"[""禡（禡字）""]"	"[]"		"[""zh-tghz2013.6624"",""zh-tghz2013.6624.map-01""]"	"[]"	"[]"	sources/mappings.tsv	规范字编号 6624；对应码 6624_1	军队出征前举行祃祭。 ⇄ 軍隊出征前舉行禡祭。 (context approved-manual; source metalinguistic-fallback; official mapping; approved-manual; Ancient military religion: a sacrifice performed by an army at its encampment or place of deployment.)	"[""军队出征前举行祃祭。"",""軍隊出征前舉行禡祭。""]"	"[""chinese"",""simplified-traditional"",""tghz2013"",""level-3"",""bidirectional"",""one-context-sentence"",""corner-case"",""hans-to-hant""]"
zh-tghz2013-level-3/6624-map-01/hant-to-hans	通用规范汉字表 第3级	vocabulary	6624	zh-Hant	zh-Hans	禡（禡字）	"[""祃（祃字）""]"	"[]"		"[""zh-tghz2013.6624"",""zh-tghz2013.6624.map-01""]"	"[]"	"[]"	sources/mappings.tsv	规范字编号 6624；对应码 6624_1	军队出征前举行祃祭。 ⇄ 軍隊出征前舉行禡祭。 (context approved-manual; source metalinguistic-fallback; official mapping; approved-manual; Ancient military religion: a sacrifice performed by an army at its encampment or place of deployment.)	"[""军队出征前举行祃祭。"",""軍隊出征前舉行禡祭。""]"	"[""chinese"",""simplified-traditional"",""tghz2013"",""level-3"",""bidirectional"",""one-context-sentence"",""corner-case"",""hant-to-hans""]"
zh-tghz2013-level-3/6625-map-01/hans-to-hant	通用规范汉字表 第3级	vocabulary	6625	zh-Hans	zh-Hant	诇（诇字）	"[""詗（詗字）""]"	"[]"		"[""zh-tghz2013.6625"",""zh-tghz2013.6625.map-01""]"	"[]"	"[]"	sources/mappings.tsv	规范字编号 6625；对应码 6625_1	古文中可见诇。 ⇄ 古文中可見詗。 (context domain-template; source metalinguistic-fallback; official mapping; domain-template; Classical Chinese rhetoric / language: a rare speech-related character used in older vocabulary or writing.)	"[""古文中可见诇。"",""古文中可見詗。""]"	"[""chinese"",""simplified-traditional"",""tghz2013"",""level-3"",""bidirectional"",""one-context-sentence"",""corner-case"",""hans-to-hant""]"
zh-tghz2013-level-3/6625-map-01/hant-to-hans	通用规范汉字表 第3级	vocabulary	6625	zh-Hant	zh-Hans	詗（詗字）	"[""诇（诇字）""]"	"[]"		"[""zh-tghz2013.6625"",""zh-tghz2013.6625.map-01""]"	"[]"	"[]"	sources/mappings.tsv	规范字编号 6625；对应码 6625_1	古文中可见诇。 ⇄ 古文中可見詗。 (context domain-template; source metalinguistic-fallback; official mapping; domain-template; Classical Chinese rhetoric / language: a rare speech-related character used in older vocabulary or writing.)	"[""古文中可见诇。"",""古文中可見詗。""]"	"[""chinese"",""simplified-traditional"",""tghz2013"",""level-3"",""bidirectional"",""one-context-sentence"",""corner-case"",""hant-to-hans""]"
zh-tghz2013-level-3/6627-map-01/hans-to-hant	通用规范汉字表 第3级	vocabulary	6627	zh-Hans	zh-Hant	诎（时诎举赢）	"[""詘（時詘舉贏）""]"	"[]"		"[""zh-tghz2013.6627"",""zh-tghz2013.6627.map-01""]"	"[]"	"[]"	sources/mappings.tsv	规范字编号 6627；对应码 6627_1	时诎举赢是一个成语或固定说法。 ⇄ 時詘舉贏是一個成語或固定說法。 (context authored-example; source project-authored; official mapping; lexical-context)	"[""时诎举赢是一个成语或固定说法。"",""時詘舉贏是一個成語或固定說法。""]"	"[""chinese"",""simplified-traditional"",""tghz2013"",""level-3"",""bidirectional"",""one-context-sentence"",""hans-to-hant""]"
zh-tghz2013-level-3/6627-map-01/hant-to-hans	通用规范汉字表 第3级	vocabulary	6627	zh-Hant	zh-Hans	詘（時詘舉贏）	"[""诎（时诎举赢）""]"	"[]"		"[""zh-tghz2013.6627"",""zh-tghz2013.6627.map-01""]"	"[]"	"[]"	sources/mappings.tsv	规范字编号 6627；对应码 6627_1	时诎举赢是一个成语或固定说法。 ⇄ 時詘舉贏是一個成語或固定說法。 (context authored-example; source project-authored; official mapping; lexical-context)	"[""时诎举赢是一个成语或固定说法。"",""時詘舉贏是一個成語或固定說法。""]"	"[""chinese"",""simplified-traditional"",""tghz2013"",""level-3"",""bidirectional"",""one-context-sentence"",""hant-to-hans""]"
zh-tghz2013-level-3/6628-map-01/hans-to-hant	通用规范汉字表 第3级	vocabulary	6628	zh-Hans	zh-Hant	诐（曲学诐行）	"[""詖（曲學詖行）""]"	"[]"		"[""zh-tghz2013.6628"",""zh-tghz2013.6628.map-01""]"	"[]"	"[]"	sources/mappings.tsv	规范字编号 6628；对应码 6628_1	曲学诐行是一个成语或固定说法。 ⇄ 曲學詖行是一個成語或固定說法。 (context authored-example; source project-authored; official mapping; lexical-context)	"[""曲学诐行是一个成语或固定说法。"",""曲學詖行是一個成語或固定說法。""]"	"[""chinese"",""simplified-traditional"",""tghz2013"",""level-3"",""bidirectional"",""one-context-sentence"",""hans-to-hant""]"
zh-tghz2013-level-3/6628-map-01/hant-to-hans	通用规范汉字表 第3级	vocabulary	6628	zh-Hant	zh-Hans	詖（曲學詖行）	"[""诐（曲学诐行）""]"	"[]"		"[""zh-tghz2013.6628"",""zh-tghz2013.6628.map-01""]"	"[]"	"[]"	sources/mappings.tsv	规范字编号 6628；对应码 6628_1	曲学诐行是一个成语或固定说法。 ⇄ 曲學詖行是一個成語或固定說法。 (context authored-example; source project-authored; official mapping; lexical-context)	"[""曲学诐行是一个成语或固定说法。"",""曲學詖行是一個成語或固定說法。""]"	"[""chinese"",""simplified-traditional"",""tghz2013"",""level-3"",""bidirectional"",""one-context-sentence"",""hant-to-hans""]"
zh-tghz2013-level-3/6629-map-01/hans-to-hant	通用规范汉字表 第3级	vocabulary	6629	zh-Hans	zh-Hant	屃（屃字）	"[""屓（屓字）""]"	"[]"		"[""zh-tghz2013.6629"",""zh-tghz2013.6629.map-01""]"	"[]"	"[]"	sources/mappings.tsv	规范字编号 6629；对应码 6629_1	古代建筑记录中出现了屃。 ⇄ 古代建築記錄中出現了屓。 (context domain-template; source metalinguistic-fallback; official mapping; domain-template; Historical architecture: a rare character associated with a gate, room, structure, architectural fitting, or decorative support.)	"[""古代建筑记录中出现了屃。"",""古代建築記錄中出現了屓。""]"	"[""chinese"",""simplified-traditional"",""tghz2013"",""level-3"",""bidirectional"",""one-context-sentence"",""corner-case"",""hans-to-hant""]"
zh-tghz2013-level-3/6629-map-01/hant-to-hans	通用规范汉字表 第3级	vocabulary	6629	zh-Hant	zh-Hans	屓（屓字）	"[""屃（屃字）""]"	"[]"		"[""zh-tghz2013.6629"",""zh-tghz2013.6629.map-01""]"	"[]"	"[]"	sources/mappings.tsv	规范字编号 6629；对应码 6629_1	古代建筑记录中出现了屃。 ⇄ 古代建築記錄中出現了屓。 (context domain-template; source metalinguistic-fallback; official mapping; domain-template; Historical architecture: a rare character associated with a gate, room, structure, architectural fitting, or decorative support.)	"[""古代建筑记录中出现了屃。"",""古代建築記錄中出現了屓。""]"	"[""chinese"",""simplified-traditional"",""tghz2013"",""level-3"",""bidirectional"",""one-context-sentence"",""corner-case"",""hant-to-hans""]"
zh-tghz2013-level-3/6630-map-01/hans-to-hant	通用规范汉字表 第3级	vocabulary	6630	zh-Hans	zh-Hant	𫸩（𫸩字）	"[""彄（彄字）""]"	"[]"		"[""zh-tghz2013.6630"",""zh-tghz2013.6630.map-01""]"	"[]"	"[]"	sources/mappings.tsv	规范字编号 6630；对应码 6630_1	弓匠正在修整𫸩。 ⇄ 弓匠正在修整彄。 (context curated-domain; source metalinguistic-fallback; official mapping; curated-domain; Historical archery: the nock at the end of a bow or a term associated with stretching a bow.)	"[""弓匠正在修整𫸩。"",""弓匠正在修整彄。""]"	"[""chinese"",""simplified-traditional"",""tghz2013"",""level-3"",""bidirectional"",""one-context-sentence"",""corner-case"",""hans-to-hant""]"
zh-tghz2013-level-3/6630-map-01/hant-to-hans	通用规范汉字表 第3级	vocabulary	6630	zh-Hant	zh-Hans	彄（彄字）	"[""𫸩（𫸩字）""]"	"[]"		"[""zh-tghz2013.6630"",""zh-tghz2013.6630.map-01""]"	"[]"	"[]"	sources/mappings.tsv	规范字编号 6630；对应码 6630_1	弓匠正在修整𫸩。 ⇄ 弓匠正在修整彄。 (context curated-domain; source metalinguistic-fallback; official mapping; curated-domain; Historical archery: the nock at the end of a bow or a term associated with stretching a bow.)	"[""弓匠正在修整𫸩。"",""弓匠正在修整彄。""]"	"[""chinese"",""simplified-traditional"",""tghz2013"",""level-3"",""bidirectional"",""one-context-sentence"",""corner-case"",""hant-to-hans""]"
zh-tghz2013-level-3/6638-map-01/hans-to-hant	通用规范汉字表 第3级	vocabulary	6638	zh-Hans	zh-Hant	纮（八纮同轨）	"[""紘（八紘同軌）""]"	"[]"		"[""zh-tghz2013.6638"",""zh-tghz2013.6638.map-01""]"	"[]"	"[]"	sources/mappings.tsv	规范字编号 6638；对应码 6638_1	八纮同轨是一个成语或固定说法。 ⇄ 八紘同軌是一個成語或固定說法。 (context authored-example; source project-authored; official mapping; lexical-context)	"[""八纮同轨是一个成语或固定说法。"",""八紘同軌是一個成語或固定說法。""]"	"[""chinese"",""simplified-traditional"",""tghz2013"",""level-3"",""bidirectional"",""one-context-sentence"",""hans-to-hant""]"
zh-tghz2013-level-3/6638-map-01/hant-to-hans	通用规范汉字表 第3级	vocabulary	6638	zh-Hant	zh-Hans	紘（八紘同軌）	"[""纮（八纮同轨）""]"	"[]"		"[""zh-tghz2013.6638"",""zh-tghz2013.6638.map-01""]"	"[]"	"[]"	sources/mappings.tsv	规范字编号 6638；对应码 6638_1	八纮同轨是一个成语或固定说法。 ⇄ 八紘同軌是一個成語或固定說法。 (context authored-example; source project-authored; official mapping; lexical-context)	"[""八纮同轨是一个成语或固定说法。"",""八紘同軌是一個成語或固定說法。""]"	"[""chinese"",""simplified-traditional"",""tghz2013"",""level-3"",""bidirectional"",""one-context-sentence"",""hant-to-hans""]"
zh-tghz2013-level-3/6639-map-01/hans-to-hant	通用规范汉字表 第3级	vocabulary	6639	zh-Hans	zh-Hant	驲（驲字）	"[""馹（馹字）""]"	"[]"		"[""zh-tghz2013.6639"",""zh-tghz2013.6639.map-01""]"	"[]"	"[]"	sources/mappings.tsv	规范字编号 6639；对应码 6639_1	使者乘驲连夜赶路。 ⇄ 使者乘馹連夜趕路。 (context approved-manual; source metalinguistic-fallback; official mapping; approved-manual; Ancient postal transport: a relay horse or carriage used at historical courier stations.)	"[""使者乘驲连夜赶路。"",""使者乘馹連夜趕路。""]"	"[""chinese"",""simplified-traditional"",""tghz2013"",""level-3"",""bidirectional"",""one-context-sentence"",""corner-case"",""hans-to-hant""]"
zh-tghz2013-level-3/6639-map-01/hant-to-hans	通用规范汉字表 第3级	vocabulary	6639	zh-Hant	zh-Hans	馹（馹字）	"[""驲（驲字）""]"	"[]"		"[""zh-tghz2013.6639"",""zh-tghz2013.6639.map-01""]"	"[]"	"[]"	sources/mappings.tsv	规范字编号 6639；对应码 6639_1	使者乘驲连夜赶路。 ⇄ 使者乘馹連夜趕路。 (context approved-manual; source metalinguistic-fallback; official mapping; approved-manual; Ancient postal transport: a relay horse or carriage used at historical courier stations.)	"[""使者乘驲连夜赶路。"",""使者乘馹連夜趕路。""]"	"[""chinese"",""simplified-traditional"",""tghz2013"",""level-3"",""bidirectional"",""one-context-sentence"",""corner-case"",""hant-to-hans""]"
zh-tghz2013-level-3/6640-map-01/hans-to-hant	通用规范汉字表 第3级	vocabulary	6640	zh-Hans	zh-Hant	𫘜（𫘜字）	"[""馼（馼字）""]"	"[]"		"[""zh-tghz2013.6640"",""zh-tghz2013.6640.map-01""]"	"[]"	"[]"	sources/mappings.tsv	规范字编号 6640；对应码 6640_1	古籍中用𫘜描述马匹。 ⇄ 古籍中用馼描述馬匹。 (context domain-template; source metalinguistic-fallback; official mapping; domain-template; Historical transport / equine terminology: a rare character associated with horses, riding, or carriage travel.)	"[""古籍中用𫘜描述马匹。"",""古籍中用馼描述馬匹。""]"	"[""chinese"",""simplified-traditional"",""tghz2013"",""level-3"",""bidirectional"",""one-context-sentence"",""corner-case"",""hans-to-hant""]"
zh-tghz2013-level-3/6640-map-01/hant-to-hans	通用规范汉字表 第3级	vocabulary	6640	zh-Hant	zh-Hans	馼（馼字）	"[""𫘜（𫘜字）""]"	"[]"		"[""zh-tghz2013.6640"",""zh-tghz2013.6640.map-01""]"	"[]"	"[]"	sources/mappings.tsv	规范字编号 6640；对应码 6640_1	古籍中用𫘜描述马匹。 ⇄ 古籍中用馼描述馬匹。 (context domain-template; source metalinguistic-fallback; official mapping; domain-template; Historical transport / equine terminology: a rare character associated with horses, riding, or carriage travel.)	"[""古籍中用𫘜描述马匹。"",""古籍中用馼描述馬匹。""]"	"[""chinese"",""simplified-traditional"",""tghz2013"",""level-3"",""bidirectional"",""one-context-sentence"",""corner-case"",""hant-to-hans""]"
zh-tghz2013-level-3/6641-map-01/hans-to-hant	通用规范汉字表 第3级	vocabulary	6641	zh-Hans	zh-Hant	纻（缟纻之交）	"[""紵（縞紵之交）""]"	"[]"		"[""zh-tghz2013.6641"",""zh-tghz2013.6641.map-01""]"	"[]"	"[]"	sources/mappings.tsv	规范字编号 6641；对应码 6641_1	缟纻之交是一个成语或固定说法。 ⇄ 縞紵之交是一個成語或固定說法。 (context authored-example; source project-authored; official mapping; lexical-context)	"[""缟纻之交是一个成语或固定说法。"",""縞紵之交是一個成語或固定說法。""]"	"[""chinese"",""simplified-traditional"",""tghz2013"",""level-3"",""bidirectional"",""one-context-sentence"",""hans-to-hant""]"
zh-tghz2013-level-3/6641-map-01/hant-to-hans	通用规范汉字表 第3级	vocabulary	6641	zh-Hant	zh-Hans	紵（縞紵之交）	"[""纻（缟纻之交）""]"	"[]"		"[""zh-tghz2013.6641"",""zh-tghz2013.6641.map-01""]"	"[]"	"[]"	sources/mappings.tsv	规范字编号 6641；对应码 6641_1	缟纻之交是一个成语或固定说法。 ⇄ 縞紵之交是一個成語或固定說法。 (context authored-example; source project-authored; official mapping; lexical-context)	"[""缟纻之交是一个成语或固定说法。"",""縞紵之交是一個成語或固定說法。""]"	"[""chinese"",""simplified-traditional"",""tghz2013"",""level-3"",""bidirectional"",""one-context-sentence"",""hant-to-hans""]"
zh-tghz2013-level-3/6642-map-01/hans-to-hant	通用规范汉字表 第3级	vocabulary	6642	zh-Hans	zh-Hant	𬘘（𬘘字）	"[""紞（紞字）""]"	"[]"		"[""zh-tghz2013.6642"",""zh-tghz2013.6642.map-01""]"	"[]"	"[]"	sources/mappings.tsv	规范字编号 6642；对应码 6642_1	古代织物记录中出现了𬘘。 ⇄ 古代織物記錄中出現了紞。 (context domain-template; source metalinguistic-fallback; official mapping; domain-template; Traditional textiles / cordage: a rare character associated with fibres, silk, thread, rope, or textile production.)	"[""古代织物记录中出现了𬘘。"",""古代織物記錄中出現了紞。""]"	"[""chinese"",""simplified-traditional"",""tghz2013"",""level-3"",""bidirectional"",""one-context-sentence"",""corner-case"",""hans-to-hant""]"
zh-tghz2013-level-3/6642-map-01/hant-to-hans	通用规范汉字表 第3级	vocabulary	6642	zh-Hant	zh-Hans	紞（紞字）	"[""𬘘（𬘘字）""]"	"[]"		"[""zh-tghz2013.6642"",""zh-tghz2013.6642.map-01""]"	"[]"	"[]"	sources/mappings.tsv	规范字编号 6642；对应码 6642_1	古代织物记录中出现了𬘘。 ⇄ 古代織物記錄中出現了紞。 (context domain-template; source metalinguistic-fallback; official mapping; domain-template; Traditional textiles / cordage: a rare character associated with fibres, silk, thread, rope, or textile production.)	"[""古代织物记录中出现了𬘘。"",""古代織物記錄中出現了紞。""]"	"[""chinese"",""simplified-traditional"",""tghz2013"",""level-3"",""bidirectional"",""one-context-sentence"",""corner-case"",""hant-to-hans""]"
zh-tghz2013-level-3/6643-map-01/hans-to-hant	通用规范汉字表 第3级	vocabulary	6643	zh-Hans	zh-Hant	𫘝（𫘝字）	"[""駃（駃字）""]"	"[]"		"[""zh-tghz2013.6643"",""zh-tghz2013.6643.map-01""]"	"[]"	"[]"	sources/mappings.tsv	规范字编号 6643；对应码 6643_1	古籍中用𫘝描述马匹。 ⇄ 古籍中用駃描述馬匹。 (context domain-template; source metalinguistic-fallback; official mapping; domain-template; Historical transport / equine terminology: a rare character associated with horses, riding, or carriage travel.)	"[""古籍中用𫘝描述马匹。"",""古籍中用駃描述馬匹。""]"	"[""chinese"",""simplified-traditional"",""tghz2013"",""level-3"",""bidirectional"",""one-context-sentence"",""corner-case"",""hans-to-hant""]"
zh-tghz2013-level-3/6643-map-01/hant-to-hans	通用规范汉字表 第3级	vocabulary	6643	zh-Hant	zh-Hans	駃（駃字）	"[""𫘝（𫘝字）""]"	"[]"		"[""zh-tghz2013.6643"",""zh-tghz2013.6643.map-01""]"	"[]"	"[]"	sources/mappings.tsv	规范字编号 6643；对应码 6643_1	古籍中用𫘝描述马匹。 ⇄ 古籍中用駃描述馬匹。 (context domain-template; source metalinguistic-fallback; official mapping; domain-template; Historical transport / equine terminology: a rare character associated with horses, riding, or carriage travel.)	"[""古籍中用𫘝描述马匹。"",""古籍中用駃描述馬匹。""]"	"[""chinese"",""simplified-traditional"",""tghz2013"",""level-3"",""bidirectional"",""one-context-sentence"",""corner-case"",""hant-to-hans""]"
zh-tghz2013-level-3/6644-map-01/hans-to-hant	通用规范汉字表 第3级	vocabulary	6644	zh-Hans	zh-Hant	纼（纼字）	"[""紖（紖字）""]"	"[]"		"[""zh-tghz2013.6644"",""zh-tghz2013.6644.map-01""]"	"[]"	"[]"	sources/mappings.tsv	规范字编号 6644；对应码 6644_1	古代织物记录中出现了纼。 ⇄ 古代織物記錄中出現了紖。 (context domain-template; source metalinguistic-fallback; official mapping; domain-template; Traditional textiles / cordage: a rare character associated with fibres, silk, thread, rope, or textile production.)	"[""古代织物记录中出现了纼。"",""古代織物記錄中出現了紖。""]"	"[""chinese"",""simplified-traditional"",""tghz2013"",""level-3"",""bidirectional"",""one-context-sentence"",""corner-case"",""hans-to-hant""]"
zh-tghz2013-level-3/6644-map-01/hant-to-hans	通用规范汉字表 第3级	vocabulary	6644	zh-Hant	zh-Hans	紖（紖字）	"[""纼（纼字）""]"	"[]"		"[""zh-tghz2013.6644"",""zh-tghz2013.6644.map-01""]"	"[]"	"[]"	sources/mappings.tsv	规范字编号 6644；对应码 6644_1	古代织物记录中出现了纼。 ⇄ 古代織物記錄中出現了紖。 (context domain-template; source metalinguistic-fallback; official mapping; domain-template; Traditional textiles / cordage: a rare character associated with fibres, silk, thread, rope, or textile production.)	"[""古代织物记录中出现了纼。"",""古代織物記錄中出現了紖。""]"	"[""chinese"",""simplified-traditional"",""tghz2013"",""level-3"",""bidirectional"",""one-context-sentence"",""corner-case"",""hant-to-hans""]"
zh-tghz2013-level-3/6647-map-01/hans-to-hant	通用规范汉字表 第3级	vocabulary	6647	zh-Hans	zh-Hant	玱（玱字）	"[""瑲（瑲字）""]"	"[]"		"[""zh-tghz2013.6647"",""zh-tghz2013.6647.map-01""]"	"[]"	"[]"	sources/mappings.tsv	规范字编号 6647；对应码 6647_1	古代玉器或人名记录中可见玱。 ⇄ 古代玉器或人名記錄中可見瑲。 (context domain-template; source metalinguistic-fallback; official mapping; domain-template; Jade terminology / personal names: a rare character associated with jade, ornament, or name usage.)	"[""古代玉器或人名记录中可见玱。"",""古代玉器或人名記錄中可見瑲。""]"	"[""chinese"",""simplified-traditional"",""tghz2013"",""level-3"",""bidirectional"",""one-context-sentence"",""corner-case"",""hans-to-hant""]"
zh-tghz2013-level-3/6647-map-01/hant-to-hans	通用规范汉字表 第3级	vocabulary	6647	zh-Hant	zh-Hans	瑲（瑲字）	"[""玱（玱字）""]"	"[]"		"[""zh-tghz2013.6647"",""zh-tghz2013.6647.map-01""]"	"[]"	"[]"	sources/mappings.tsv	规范字编号 6647；对应码 6647_1	古代玉器或人名记录中可见玱。 ⇄ 古代玉器或人名記錄中可見瑲。 (context domain-template; source metalinguistic-fallback; official mapping; domain-template; Jade terminology / personal names: a rare character associated with jade, ornament, or name usage.)	"[""古代玉器或人名记录中可见玱。"",""古代玉器或人名記錄中可見瑲。""]"	"[""chinese"",""simplified-traditional"",""tghz2013"",""level-3"",""bidirectional"",""one-context-sentence"",""corner-case"",""hant-to-hans""]"
zh-tghz2013-level-3/6660-map-01/hans-to-hant	通用规范汉字表 第3级	vocabulary	6660	zh-Hans	zh-Hant	苧（苧悴）	"[""薴（薴悴）""]"	"[]"		"[""zh-tghz2013.6660"",""zh-tghz2013.6660.map-01""]"	"[]"	"[]"	sources/mappings.tsv	规范字编号 6660；对应码 6660_1	苧悴是一个较少见的词语。 ⇄ 薴悴是一個較少見的詞語。 (context authored-example; source project-authored; official mapping; lexical-context)	"[""苧悴是一个较少见的词语。"",""薴悴是一個較少見的詞語。""]"	"[""chinese"",""simplified-traditional"",""tghz2013"",""level-3"",""bidirectional"",""one-context-sentence"",""hans-to-hant""]"
zh-tghz2013-level-3/6660-map-01/hant-to-hans	通用规范汉字表 第3级	vocabulary	6660	zh-Hant	zh-Hans	薴（薴悴）	"[""苧（苧悴）""]"	"[]"		"[""zh-tghz2013.6660"",""zh-tghz2013.6660.map-01""]"	"[]"	"[]"	sources/mappings.tsv	规范字编号 6660；对应码 6660_1	苧悴是一个较少见的词语。 ⇄ 薴悴是一個較少見的詞語。 (context authored-example; source project-authored; official mapping; lexical-context)	"[""苧悴是一个较少见的词语。"",""薴悴是一個較少見的詞語。""]"	"[""chinese"",""simplified-traditional"",""tghz2013"",""level-3"",""bidirectional"",""one-context-sentence"",""hant-to-hans""]"
zh-tghz2013-level-3/6664-map-01/hans-to-hant	通用规范汉字表 第3级	vocabulary	6664	zh-Hans	zh-Hant	㭎（㭎字）	"[""棡（棡字）""]"	"[]"		"[""zh-tghz2013.6664"",""zh-tghz2013.6664.map-01""]"	"[]"	"[]"	sources/mappings.tsv	规范字编号 6664；对应码 6664_1	古代木器或植物记录中可见㭎。 ⇄ 古代木器或植物記錄中可見棡。 (context domain-template; source metalinguistic-fallback; official mapping; domain-template; Woodcraft / historical botany: a rare character associated with wood, a wooden object, or a plant name.)	"[""古代木器或植物记录中可见㭎。"",""古代木器或植物記錄中可見棡。""]"	"[""chinese"",""simplified-traditional"",""tghz2013"",""level-3"",""bidirectional"",""one-context-sentence"",""corner-case"",""hans-to-hant""]"
zh-tghz2013-level-3/6664-map-01/hant-to-hans	通用规范汉字表 第3级	vocabulary	6664	zh-Hant	zh-Hans	棡（棡字）	"[""㭎（㭎字）""]"	"[]"		"[""zh-tghz2013.6664"",""zh-tghz2013.6664.map-01""]"	"[]"	"[]"	sources/mappings.tsv	规范字编号 6664；对应码 6664_1	古代木器或植物记录中可见㭎。 ⇄ 古代木器或植物記錄中可見棡。 (context domain-template; source metalinguistic-fallback; official mapping; domain-template; Woodcraft / historical botany: a rare character associated with wood, a wooden object, or a plant name.)	"[""古代木器或植物记录中可见㭎。"",""古代木器或植物記錄中可見棡。""]"	"[""chinese"",""simplified-traditional"",""tghz2013"",""level-3"",""bidirectional"",""one-context-sentence"",""corner-case"",""hant-to-hans""]"
zh-tghz2013-level-3/6670-map-01/hans-to-hant	通用规范汉字表 第3级	vocabulary	6670	zh-Hans	zh-Hant	𬨂（𬨂字）	"[""軝（軝字）""]"	"[]"		"[""zh-tghz2013.6670"",""zh-tghz2013.6670.map-01""]"	"[]"	"[]"	sources/mappings.tsv	规范字编号 6670；对应码 6670_1	古代车辆记录中出现了𬨂。 ⇄ 古代車輛記錄中出現了軝。 (context domain-template; source metalinguistic-fallback; official mapping; domain-template; Historical transport technology: a rare character associated with a cart, carriage, wheel, or vehicle component.)	"[""古代车辆记录中出现了𬨂。"",""古代車輛記錄中出現了軝。""]"	"[""chinese"",""simplified-traditional"",""tghz2013"",""level-3"",""bidirectional"",""one-context-sentence"",""corner-case"",""hans-to-hant""]"
zh-tghz2013-level-3/6670-map-01/hant-to-hans	通用规范汉字表 第3级	vocabulary	6670	zh-Hant	zh-Hans	軝（軝字）	"[""𬨂（𬨂字）""]"	"[]"		"[""zh-tghz2013.6670"",""zh-tghz2013.6670.map-01""]"	"[]"	"[]"	sources/mappings.tsv	规范字编号 6670；对应码 6670_1	古代车辆记录中出现了𬨂。 ⇄ 古代車輛記錄中出現了軝。 (context domain-template; source metalinguistic-fallback; official mapping; domain-template; Historical transport technology: a rare character associated with a cart, carriage, wheel, or vehicle component.)	"[""古代车辆记录中出现了𬨂。"",""古代車輛記錄中出現了軝。""]"	"[""chinese"",""simplified-traditional"",""tghz2013"",""level-3"",""bidirectional"",""one-context-sentence"",""corner-case"",""hant-to-hans""]"
zh-tghz2013-level-3/6671-map-01/hans-to-hant	通用规范汉字表 第3级	vocabulary	6671	zh-Hans	zh-Hant	𬀩（𬀩字）	"[""暐（暐字）""]"	"[]"		"[""zh-tghz2013.6671"",""zh-tghz2013.6671.map-01""]"	"[]"	"[]"	sources/mappings.tsv	规范字编号 6671；对应码 6671_1	古文中用𬀩描写光线或天气。 ⇄ 古文中用暐描寫光線或天氣。 (context domain-template; source metalinguistic-fallback; official mapping; domain-template; Classical descriptions of light or weather: a rare character associated with brightness, sky conditions, or atmospheric movement.)	"[""古文中用𬀩描写光线或天气。"",""古文中用暐描寫光線或天氣。""]"	"[""chinese"",""simplified-traditional"",""tghz2013"",""level-3"",""bidirectional"",""one-context-sentence"",""corner-case"",""hans-to-hant""]"
zh-tghz2013-level-3/6671-map-01/hant-to-hans	通用规范汉字表 第3级	vocabulary	6671	zh-Hant	zh-Hans	暐（暐字）	"[""𬀩（𬀩字）""]"	"[]"		"[""zh-tghz2013.6671"",""zh-tghz2013.6671.map-01""]"	"[]"	"[]"	sources/mappings.tsv	规范字编号 6671；对应码 6671_1	古文中用𬀩描写光线或天气。 ⇄ 古文中用暐描寫光線或天氣。 (context domain-template; source metalinguistic-fallback; official mapping; domain-template; Classical descriptions of light or weather: a rare character associated with brightness, sky conditions, or atmospheric movement.)	"[""古文中用𬀩描写光线或天气。"",""古文中用暐描寫光線或天氣。""]"	"[""chinese"",""simplified-traditional"",""tghz2013"",""level-3"",""bidirectional"",""one-context-sentence"",""corner-case"",""hant-to-hans""]"
zh-tghz2013-level-3/6672-map-01/hans-to-hant	通用规范汉字表 第3级	vocabulary	6672	zh-Hans	zh-Hant	𬀪（𬀪字）	"[""晛（晛字）""]"	"[]"		"[""zh-tghz2013.6672"",""zh-tghz2013.6672.map-01""]"	"[]"	"[]"	sources/mappings.tsv	规范字编号 6672；对应码 6672_1	古文中用𬀪描写光线或天气。 ⇄ 古文中用晛描寫光線或天氣。 (context domain-template; source metalinguistic-fallback; official mapping; domain-template; Classical descriptions of light or weather: a rare character associated with brightness, sky conditions, or atmospheric movement.)	"[""古文中用𬀪描写光线或天气。"",""古文中用晛描寫光線或天氣。""]"	"[""chinese"",""simplified-traditional"",""tghz2013"",""level-3"",""bidirectional"",""one-context-sentence"",""corner-case"",""hans-to-hant""]"
zh-tghz2013-level-3/6672-map-01/hant-to-hans	通用规范汉字表 第3级	vocabulary	6672	zh-Hant	zh-Hans	晛（晛字）	"[""𬀪（𬀪字）""]"	"[]"		"[""zh-tghz2013.6672"",""zh-tghz2013.6672.map-01""]"	"[]"	"[]"	sources/mappings.tsv	规范字编号 6672；对应码 6672_1	古文中用𬀪描写光线或天气。 ⇄ 古文中用晛描寫光線或天氣。 (context domain-template; source metalinguistic-fallback; official mapping; domain-template; Classical descriptions of light or weather: a rare character associated with brightness, sky conditions, or atmospheric movement.)	"[""古文中用𬀪描写光线或天气。"",""古文中用晛描寫光線或天氣。""]"	"[""chinese"",""simplified-traditional"",""tghz2013"",""level-3"",""bidirectional"",""one-context-sentence"",""corner-case"",""hant-to-hans""]"
zh-tghz2013-level-3/6682-map-01/hans-to-hant	通用规范汉字表 第3级	vocabulary	6682	zh-Hans	zh-Hant	岽（岽字）	"[""崬（崬字）""]"	"[]"		"[""zh-tghz2013.6682"",""zh-tghz2013.6682.map-01""]"	"[]"	"[]"	sources/mappings.tsv	规范字编号 6682；对应码 6682_1	地方志中记载了岽。 ⇄ 地方志中記載了崬。 (context domain-template; source metalinguistic-fallback; official mapping; domain-template; Historical geography / topography: a rare character used for terrain, a structure, or a place name.)	"[""地方志中记载了岽。"",""地方志中記載了崬。""]"	"[""chinese"",""simplified-traditional"",""tghz2013"",""level-3"",""bidirectional"",""one-context-sentence"",""corner-case"",""hans-to-hant""]"
zh-tghz2013-level-3/6682-map-01/hant-to-hans	通用规范汉字表 第3级	vocabulary	6682	zh-Hant	zh-Hans	崬（崬字）	"[""岽（岽字）""]"	"[]"		"[""zh-tghz2013.6682"",""zh-tghz2013.6682.map-01""]"	"[]"	"[]"	sources/mappings.tsv	规范字编号 6682；对应码 6682_1	地方志中记载了岽。 ⇄ 地方志中記載了崬。 (context domain-template; source metalinguistic-fallback; official mapping; domain-template; Historical geography / topography: a rare character used for terrain, a structure, or a place name.)	"[""地方志中记载了岽。"",""地方志中記載了崬。""]"	"[""chinese"",""simplified-traditional"",""tghz2013"",""level-3"",""bidirectional"",""one-context-sentence"",""corner-case"",""hant-to-hans""]"
zh-tghz2013-level-3/6688-map-01/hans-to-hant	通用规范汉字表 第3级	vocabulary	6688	zh-Hans	zh-Hant	𬬩（𬬩字）	"[""釴（釴字）""]"	"[]"		"[""zh-tghz2013.6688"",""zh-tghz2013.6688.map-01""]"	"[]"	"[]"	sources/mappings.tsv	规范字编号 6688；对应码 6688_1	金属器物或技术资料中可见𬬩。 ⇄ 金屬器物或技術資料中可見釴。 (context domain-template; source metalinguistic-fallback; official mapping; domain-template; Metallurgy / historical material culture: a rare metal-radical character used for a metal, tool, weapon, vessel, ornament, or technical term.)	"[""金属器物或技术资料中可见𬬩。"",""金屬器物或技術資料中可見釴。""]"	"[""chinese"",""simplified-traditional"",""tghz2013"",""level-3"",""bidirectional"",""one-context-sentence"",""corner-case"",""hans-to-hant""]"
zh-tghz2013-level-3/6688-map-01/hant-to-hans	通用规范汉字表 第3级	vocabulary	6688	zh-Hant	zh-Hans	釴（釴字）	"[""𬬩（𬬩字）""]"	"[]"		"[""zh-tghz2013.6688"",""zh-tghz2013.6688.map-01""]"	"[]"	"[]"	sources/mappings.tsv	规范字编号 6688；对应码 6688_1	金属器物或技术资料中可见𬬩。 ⇄ 金屬器物或技術資料中可見釴。 (context domain-template; source metalinguistic-fallback; official mapping; domain-template; Metallurgy / historical material culture: a rare metal-radical character used for a metal, tool, weapon, vessel, ornament, or technical term.)	"[""金属器物或技术资料中可见𬬩。"",""金屬器物或技術資料中可見釴。""]"	"[""chinese"",""simplified-traditional"",""tghz2013"",""level-3"",""bidirectional"",""one-context-sentence"",""corner-case"",""hant-to-hans""]"
zh-tghz2013-level-3/6689-map-01/hans-to-hant	通用规范汉字表 第3级	vocabulary	6689	zh-Hans	zh-Hant	钐（钐字）	"[""釤（釤字）""]"	"[]"		"[""zh-tghz2013.6689"",""zh-tghz2013.6689.map-01""]"	"[]"	"[]"	sources/mappings.tsv	规范字编号 6689；对应码 6689_1	实验记录中提到了钐。 ⇄ 實驗記錄中提到了釤。 (context element-domain; source metalinguistic-fallback; official mapping; element-domain; Chemistry: samarium, a chemical element represented by this character in Chinese technical terminology.)	"[""实验记录中提到了钐。"",""實驗記錄中提到了釤。""]"	"[""chinese"",""simplified-traditional"",""tghz2013"",""level-3"",""bidirectional"",""one-context-sentence"",""corner-case"",""hans-to-hant""]"
zh-tghz2013-level-3/6689-map-01/hant-to-hans	通用规范汉字表 第3级	vocabulary	6689	zh-Hant	zh-Hans	釤（釤字）	"[""钐（钐字）""]"	"[]"		"[""zh-tghz2013.6689"",""zh-tghz2013.6689.map-01""]"	"[]"	"[]"	sources/mappings.tsv	规范字编号 6689；对应码 6689_1	实验记录中提到了钐。 ⇄ 實驗記錄中提到了釤。 (context element-domain; source metalinguistic-fallback; official mapping; element-domain; Chemistry: samarium, a chemical element represented by this character in Chinese technical terminology.)	"[""实验记录中提到了钐。"",""實驗記錄中提到了釤。""]"	"[""chinese"",""simplified-traditional"",""tghz2013"",""level-3"",""bidirectional"",""one-context-sentence"",""corner-case"",""hant-to-hans""]"
zh-tghz2013-level-3/6690-map-01/hans-to-hant	通用规范汉字表 第3级	vocabulary	6690	zh-Hans	zh-Hant	钔（钔字）	"[""鍆（鍆字）""]"	"[]"		"[""zh-tghz2013.6690"",""zh-tghz2013.6690.map-01""]"	"[]"	"[]"	sources/mappings.tsv	规范字编号 6690；对应码 6690_1	实验记录中提到了钔。 ⇄ 實驗記錄中提到了鍆。 (context element-domain; source metalinguistic-fallback; official mapping; element-domain; Chemistry: mendelevium, a chemical element represented by this character in Chinese technical terminology.)	"[""实验记录中提到了钔。"",""實驗記錄中提到了鍆。""]"	"[""chinese"",""simplified-traditional"",""tghz2013"",""level-3"",""bidirectional"",""one-context-sentence"",""corner-case"",""hans-to-hant""]"
zh-tghz2013-level-3/6690-map-01/hant-to-hans	通用规范汉字表 第3级	vocabulary	6690	zh-Hant	zh-Hans	鍆（鍆字）	"[""钔（钔字）""]"	"[]"		"[""zh-tghz2013.6690"",""zh-tghz2013.6690.map-01""]"	"[]"	"[]"	sources/mappings.tsv	规范字编号 6690；对应码 6690_1	实验记录中提到了钔。 ⇄ 實驗記錄中提到了鍆。 (context element-domain; source metalinguistic-fallback; official mapping; element-domain; Chemistry: mendelevium, a chemical element represented by this character in Chinese technical terminology.)	"[""实验记录中提到了钔。"",""實驗記錄中提到了鍆。""]"	"[""chinese"",""simplified-traditional"",""tghz2013"",""level-3"",""bidirectional"",""one-context-sentence"",""corner-case"",""hant-to-hans""]"
zh-tghz2013-level-3/6691-map-01/hans-to-hant	通用规范汉字表 第3级	vocabulary	6691	zh-Hans	zh-Hant	钖（钖字）	"[""鍚（鍚字）""]"	"[]"		"[""zh-tghz2013.6691"",""zh-tghz2013.6691.map-01""]"	"[]"	"[]"	sources/mappings.tsv	规范字编号 6691；对应码 6691_1	金属器物或技术资料中可见钖。 ⇄ 金屬器物或技術資料中可見鍚。 (context domain-template; source metalinguistic-fallback; official mapping; domain-template; Metallurgy / historical material culture: a rare metal-radical character used for a metal, tool, weapon, vessel, ornament, or technical term.)	"[""金属器物或技术资料中可见钖。"",""金屬器物或技術資料中可見鍚。""]"	"[""chinese"",""simplified-traditional"",""tghz2013"",""level-3"",""bidirectional"",""one-context-sentence"",""corner-case"",""hans-to-hant""]"
zh-tghz2013-level-3/6691-map-01/hant-to-hans	通用规范汉字表 第3级	vocabulary	6691	zh-Hant	zh-Hans	鍚（鍚字）	"[""钖（钖字）""]"	"[]"		"[""zh-tghz2013.6691"",""zh-tghz2013.6691.map-01""]"	"[]"	"[]"	sources/mappings.tsv	规范字编号 6691；对应码 6691_1	金属器物或技术资料中可见钖。 ⇄ 金屬器物或技術資料中可見鍚。 (context domain-template; source metalinguistic-fallback; official mapping; domain-template; Metallurgy / historical material culture: a rare metal-radical character used for a metal, tool, weapon, vessel, ornament, or technical term.)	"[""金属器物或技术资料中可见钖。"",""金屬器物或技術資料中可見鍚。""]"	"[""chinese"",""simplified-traditional"",""tghz2013"",""level-3"",""bidirectional"",""one-context-sentence"",""corner-case"",""hant-to-hans""]"
zh-tghz2013-level-3/6706-map-01/hans-to-hant	通用规范汉字表 第3级	vocabulary	6706	zh-Hans	zh-Hant	郐（自郐以下）	"[""鄶（自鄶以下）""]"	"[]"		"[""zh-tghz2013.6706"",""zh-tghz2013.6706.map-01""]"	"[]"	"[]"	sources/mappings.tsv	规范字编号 6706；对应码 6706_1	自郐以下是一个成语或固定说法。 ⇄ 自鄶以下是一個成語或固定說法。 (context authored-example; source project-authored; official mapping; lexical-context)	"[""自郐以下是一个成语或固定说法。"",""自鄶以下是一個成語或固定說法。""]"	"[""chinese"",""simplified-traditional"",""tghz2013"",""level-3"",""bidirectional"",""one-context-sentence"",""hans-to-hant""]"
zh-tghz2013-level-3/6706-map-01/hant-to-hans	通用规范汉字表 第3级	vocabulary	6706	zh-Hant	zh-Hans	鄶（自鄶以下）	"[""郐（自郐以下）""]"	"[]"		"[""zh-tghz2013.6706"",""zh-tghz2013.6706.map-01""]"	"[]"	"[]"	sources/mappings.tsv	规范字编号 6706；对应码 6706_1	自郐以下是一个成语或固定说法。 ⇄ 自鄶以下是一個成語或固定說法。 (context authored-example; source project-authored; official mapping; lexical-context)	"[""自郐以下是一个成语或固定说法。"",""自鄶以下是一個成語或固定說法。""]"	"[""chinese"",""simplified-traditional"",""tghz2013"",""level-3"",""bidirectional"",""one-context-sentence"",""hant-to-hans""]"
zh-tghz2013-level-3/6713-map-01/hans-to-hant	通用规范汉字表 第3级	vocabulary	6713	zh-Hans	zh-Hant	狝（秋狝）	"[""獮（秋獮）""]"	"[]"		"[""zh-tghz2013.6713"",""zh-tghz2013.6713.map-01""]"	"[]"	"[]"	sources/mappings.tsv	规范字编号 6713；对应码 6713_1	秋狝是一个较少见的词语。 ⇄ 秋獮是一個較少見的詞語。 (context authored-example; source project-authored; official mapping; lexical-context)	"[""秋狝是一个较少见的词语。"",""秋獮是一個較少見的詞語。""]"	"[""chinese"",""simplified-traditional"",""tghz2013"",""level-3"",""bidirectional"",""one-context-sentence"",""hans-to-hant""]"
zh-tghz2013-level-3/6713-map-01/hant-to-hans	通用规范汉字表 第3级	vocabulary	6713	zh-Hant	zh-Hans	獮（秋獮）	"[""狝（秋狝）""]"	"[]"		"[""zh-tghz2013.6713"",""zh-tghz2013.6713.map-01""]"	"[]"	"[]"	sources/mappings.tsv	规范字编号 6713；对应码 6713_1	秋狝是一个较少见的词语。 ⇄ 秋獮是一個較少見的詞語。 (context authored-example; source project-authored; official mapping; lexical-context)	"[""秋狝是一个较少见的词语。"",""秋獮是一個較少見的詞語。""]"	"[""chinese"",""simplified-traditional"",""tghz2013"",""level-3"",""bidirectional"",""one-context-sentence"",""hant-to-hans""]"
zh-tghz2013-level-3/6714-map-01/hans-to-hant	通用规范汉字表 第3级	vocabulary	6714	zh-Hans	zh-Hant	饳（饳字）	"[""飿（飿字）""]"	"[]"		"[""zh-tghz2013.6714"",""zh-tghz2013.6714.map-01""]"	"[]"	"[]"	sources/mappings.tsv	规范字编号 6714；对应码 6714_1	地方食谱中提到了饳。 ⇄ 地方食譜中提到了飿。 (context domain-template; source metalinguistic-fallback; official mapping; domain-template; Traditional or regional food vocabulary: a rare character used for a dish, food, or preparation.)	"[""地方食谱中提到了饳。"",""地方食譜中提到了飿。""]"	"[""chinese"",""simplified-traditional"",""tghz2013"",""level-3"",""bidirectional"",""one-context-sentence"",""corner-case"",""hans-to-hant""]"
zh-tghz2013-level-3/6714-map-01/hant-to-hans	通用规范汉字表 第3级	vocabulary	6714	zh-Hant	zh-Hans	飿（飿字）	"[""饳（饳字）""]"	"[]"		"[""zh-tghz2013.6714"",""zh-tghz2013.6714.map-01""]"	"[]"	"[]"	sources/mappings.tsv	规范字编号 6714；对应码 6714_1	地方食谱中提到了饳。 ⇄ 地方食譜中提到了飿。 (context domain-template; source metalinguistic-fallback; official mapping; domain-template; Traditional or regional food vocabulary: a rare character used for a dish, food, or preparation.)	"[""地方食谱中提到了饳。"",""地方食譜中提到了飿。""]"	"[""chinese"",""simplified-traditional"",""tghz2013"",""level-3"",""bidirectional"",""one-context-sentence"",""corner-case"",""hant-to-hans""]"
zh-tghz2013-level-3/6726-map-01/hans-to-hant	通用规范汉字表 第3级	vocabulary	6726	zh-Hans	zh-Hant	峃（峃字）	"[""嶨（嶨字）""]"	"[]"		"[""zh-tghz2013.6726"",""zh-tghz2013.6726.map-01""]"	"[]"	"[]"	sources/mappings.tsv	规范字编号 6726；对应码 6726_1	地方志中记载了峃。 ⇄ 地方志中記載了嶨。 (context domain-template; source metalinguistic-fallback; official mapping; domain-template; Historical geography / topography: a rare character used for terrain, a structure, or a place name.)	"[""地方志中记载了峃。"",""地方志中記載了嶨。""]"	"[""chinese"",""simplified-traditional"",""tghz2013"",""level-3"",""bidirectional"",""one-context-sentence"",""corner-case"",""hans-to-hant""]"
zh-tghz2013-level-3/6726-map-01/hant-to-hans	通用规范汉字表 第3级	vocabulary	6726	zh-Hant	zh-Hans	嶨（嶨字）	"[""峃（峃字）""]"	"[]"		"[""zh-tghz2013.6726"",""zh-tghz2013.6726.map-01""]"	"[]"	"[]"	sources/mappings.tsv	规范字编号 6726；对应码 6726_1	地方志中记载了峃。 ⇄ 地方志中記載了嶨。 (context domain-template; source metalinguistic-fallback; official mapping; domain-template; Historical geography / topography: a rare character used for terrain, a structure, or a place name.)	"[""地方志中记载了峃。"",""地方志中記載了嶨。""]"	"[""chinese"",""simplified-traditional"",""tghz2013"",""level-3"",""bidirectional"",""one-context-sentence"",""corner-case"",""hant-to-hans""]"
zh-tghz2013-level-3/6730-map-01/hans-to-hant	通用规范汉字表 第3级	vocabulary	6730	zh-Hans	zh-Hant	𫍣（𫍣字）	"[""詷（詷字）""]"	"[]"		"[""zh-tghz2013.6730"",""zh-tghz2013.6730.map-01""]"	"[]"	"[]"	sources/mappings.tsv	规范字编号 6730；对应码 6730_1	古文中可见𫍣。 ⇄ 古文中可見詷。 (context domain-template; source metalinguistic-fallback; official mapping; domain-template; Classical Chinese rhetoric / language: a rare speech-related character used in older vocabulary or writing.)	"[""古文中可见𫍣。"",""古文中可見詷。""]"	"[""chinese"",""simplified-traditional"",""tghz2013"",""level-3"",""bidirectional"",""one-context-sentence"",""corner-case"",""hans-to-hant""]"
zh-tghz2013-level-3/6730-map-01/hant-to-hans	通用规范汉字表 第3级	vocabulary	6730	zh-Hant	zh-Hans	詷（詷字）	"[""𫍣（𫍣字）""]"	"[]"		"[""zh-tghz2013.6730"",""zh-tghz2013.6730.map-01""]"	"[]"	"[]"	sources/mappings.tsv	规范字编号 6730；对应码 6730_1	古文中可见𫍣。 ⇄ 古文中可見詷。 (context domain-template; source metalinguistic-fallback; official mapping; domain-template; Classical Chinese rhetoric / language: a rare speech-related character used in older vocabulary or writing.)	"[""古文中可见𫍣。"",""古文中可見詷。""]"	"[""chinese"",""simplified-traditional"",""tghz2013"",""level-3"",""bidirectional"",""one-context-sentence"",""corner-case"",""hant-to-hans""]"
zh-tghz2013-level-3/6731-map-01/hans-to-hant	通用规范汉字表 第3级	vocabulary	6731	zh-Hans	zh-Hant	𬣳（𬣳字）	"[""詪（詪字）""]"	"[]"		"[""zh-tghz2013.6731"",""zh-tghz2013.6731.map-01""]"	"[]"	"[]"	sources/mappings.tsv	规范字编号 6731；对应码 6731_1	古文中可见𬣳。 ⇄ 古文中可見詪。 (context domain-template; source metalinguistic-fallback; official mapping; domain-template; Classical Chinese rhetoric / language: a rare speech-related character used in older vocabulary or writing.)	"[""古文中可见𬣳。"",""古文中可見詪。""]"	"[""chinese"",""simplified-traditional"",""tghz2013"",""level-3"",""bidirectional"",""one-context-sentence"",""corner-case"",""hans-to-hant""]"
zh-tghz2013-level-3/6731-map-01/hant-to-hans	通用规范汉字表 第3级	vocabulary	6731	zh-Hant	zh-Hans	詪（詪字）	"[""𬣳（𬣳字）""]"	"[]"		"[""zh-tghz2013.6731"",""zh-tghz2013.6731.map-01""]"	"[]"	"[]"	sources/mappings.tsv	规范字编号 6731；对应码 6731_1	古文中可见𬣳。 ⇄ 古文中可見詪。 (context domain-template; source metalinguistic-fallback; official mapping; domain-template; Classical Chinese rhetoric / language: a rare speech-related character used in older vocabulary or writing.)	"[""古文中可见𬣳。"",""古文中可見詪。""]"	"[""chinese"",""simplified-traditional"",""tghz2013"",""level-3"",""bidirectional"",""one-context-sentence"",""corner-case"",""hant-to-hans""]"
zh-tghz2013-level-3/6732-map-01/hans-to-hant	通用规范汉字表 第3级	vocabulary	6732	zh-Hans	zh-Hant	𬩽（𬩽字）	"[""鄩（鄩字）""]"	"[]"		"[""zh-tghz2013.6732"",""zh-tghz2013.6732.map-01""]"	"[]"	"[]"	sources/mappings.tsv	规范字编号 6732；对应码 6732_1	地方志中以𬩽记录地名。 ⇄ 地方志中以鄩記錄地名。 (context domain-template; source metalinguistic-fallback; official mapping; domain-template; Historical geography: a rare character used in an old place name, administrative name, or surname.)	"[""地方志中以𬩽记录地名。"",""地方志中以鄩記錄地名。""]"	"[""chinese"",""simplified-traditional"",""tghz2013"",""level-3"",""bidirectional"",""one-context-sentence"",""corner-case"",""hans-to-hant""]"
zh-tghz2013-level-3/6732-map-01/hant-to-hans	通用规范汉字表 第3级	vocabulary	6732	zh-Hant	zh-Hans	鄩（鄩字）	"[""𬩽（𬩽字）""]"	"[]"		"[""zh-tghz2013.6732"",""zh-tghz2013.6732.map-01""]"	"[]"	"[]"	sources/mappings.tsv	规范字编号 6732；对应码 6732_1	地方志中以𬩽记录地名。 ⇄ 地方志中以鄩記錄地名。 (context domain-template; source metalinguistic-fallback; official mapping; domain-template; Historical geography: a rare character used in an old place name, administrative name, or surname.)	"[""地方志中以𬩽记录地名。"",""地方志中以鄩記錄地名。""]"	"[""chinese"",""simplified-traditional"",""tghz2013"",""level-3"",""bidirectional"",""one-context-sentence"",""corner-case"",""hant-to-hans""]"
zh-tghz2013-level-3/6733-map-01/hans-to-hant	通用规范汉字表 第3级	vocabulary	6733	zh-Hans	zh-Hant	鸤（鸤字）	"[""鳲（鳲字）""]"	"[]"		"[""zh-tghz2013.6733"",""zh-tghz2013.6733.map-01""]"	"[]"	"[]"	sources/mappings.tsv	规范字编号 6733；对应码 6733_1	图鉴中记录了鸤这种鸟。 ⇄ 圖鑑中記錄了鳲這種鳥。 (context domain-template; source metalinguistic-fallback; official mapping; domain-template; Zoology / ornithology: a rare character used in the name of a bird or bird group.)	"[""图鉴中记录了鸤这种鸟。"",""圖鑑中記錄了鳲這種鳥。""]"	"[""chinese"",""simplified-traditional"",""tghz2013"",""level-3"",""bidirectional"",""one-context-sentence"",""corner-case"",""hans-to-hant""]"
zh-tghz2013-level-3/6733-map-01/hant-to-hans	通用规范汉字表 第3级	vocabulary	6733	zh-Hant	zh-Hans	鳲（鳲字）	"[""鸤（鸤字）""]"	"[]"		"[""zh-tghz2013.6733"",""zh-tghz2013.6733.map-01""]"	"[]"	"[]"	sources/mappings.tsv	规范字编号 6733；对应码 6733_1	图鉴中记录了鸤这种鸟。 ⇄ 圖鑑中記錄了鳲這種鳥。 (context domain-template; source metalinguistic-fallback; official mapping; domain-template; Zoology / ornithology: a rare character used in the name of a bird or bird group.)	"[""图鉴中记录了鸤这种鸟。"",""圖鑑中記錄了鳲這種鳥。""]"	"[""chinese"",""simplified-traditional"",""tghz2013"",""level-3"",""bidirectional"",""one-context-sentence"",""corner-case"",""hant-to-hans""]"
zh-tghz2013-level-3/6737-map-01/hans-to-hant	通用规范汉字表 第3级	vocabulary	6737	zh-Hans	zh-Hant	𬮿（𬮿字）	"[""隑（隑字）""]"	"[]"		"[""zh-tghz2013.6737"",""zh-tghz2013.6737.map-01""]"	"[]"	"[]"	sources/mappings.tsv	规范字编号 6737；对应码 6737_1	地方志中记载了𬮿。 ⇄ 地方志中記載了隑。 (context domain-template; source metalinguistic-fallback; official mapping; domain-template; Historical geography / topography: a rare character used for terrain, a structure, or a place name.)	"[""地方志中记载了𬮿。"",""地方志中記載了隑。""]"	"[""chinese"",""simplified-traditional"",""tghz2013"",""level-3"",""bidirectional"",""one-context-sentence"",""corner-case"",""hans-to-hant""]"
zh-tghz2013-level-3/6737-map-01/hant-to-hans	通用规范汉字表 第3级	vocabulary	6737	zh-Hant	zh-Hans	隑（隑字）	"[""𬮿（𬮿字）""]"	"[]"		"[""zh-tghz2013.6737"",""zh-tghz2013.6737.map-01""]"	"[]"	"[]"	sources/mappings.tsv	规范字编号 6737；对应码 6737_1	地方志中记载了𬮿。 ⇄ 地方志中記載了隑。 (context domain-template; source metalinguistic-fallback; official mapping; domain-template; Historical geography / topography: a rare character used for terrain, a structure, or a place name.)	"[""地方志中记载了𬮿。"",""地方志中記載了隑。""]"	"[""chinese"",""simplified-traditional"",""tghz2013"",""level-3"",""bidirectional"",""one-context-sentence"",""corner-case"",""hant-to-hans""]"
zh-tghz2013-level-3/6739-map-01/hans-to-hant	通用规范汉字表 第3级	vocabulary	6739	zh-Hans	zh-Hant	𬯀（𬯀字）	"[""隮（隮字）""]"	"[]"		"[""zh-tghz2013.6739"",""zh-tghz2013.6739.map-01""]"	"[]"	"[]"	sources/mappings.tsv	规范字编号 6739；对应码 6739_1	地方志中记载了𬯀。 ⇄ 地方志中記載了隮。 (context domain-template; source metalinguistic-fallback; official mapping; domain-template; Historical geography / topography: a rare character used for terrain, a structure, or a place name.)	"[""地方志中记载了𬯀。"",""地方志中記載了隮。""]"	"[""chinese"",""simplified-traditional"",""tghz2013"",""level-3"",""bidirectional"",""one-context-sentence"",""corner-case"",""hans-to-hant""]"
zh-tghz2013-level-3/6739-map-01/hant-to-hans	通用规范汉字表 第3级	vocabulary	6739	zh-Hant	zh-Hans	隮（隮字）	"[""𬯀（𬯀字）""]"	"[]"		"[""zh-tghz2013.6739"",""zh-tghz2013.6739.map-01""]"	"[]"	"[]"	sources/mappings.tsv	规范字编号 6739；对应码 6739_1	地方志中记载了𬯀。 ⇄ 地方志中記載了隮。 (context domain-template; source metalinguistic-fallback; official mapping; domain-template; Historical geography / topography: a rare character used for terrain, a structure, or a place name.)	"[""地方志中记载了𬯀。"",""地方志中記載了隮。""]"	"[""chinese"",""simplified-traditional"",""tghz2013"",""level-3"",""bidirectional"",""one-context-sentence"",""corner-case"",""hant-to-hans""]"
zh-tghz2013-level-3/6744-map-01/hans-to-hant	通用规范汉字表 第3级	vocabulary	6744	zh-Hans	zh-Hant	𫰛（𫰛字）	"[""娙（娙字）""]"	"[]"		"[""zh-tghz2013.6744"",""zh-tghz2013.6744.map-01""]"	"[]"	"[]"	sources/mappings.tsv	规范字编号 6744；对应码 6744_1	古文称她姿容𫰛美。 ⇄ 古文稱她姿容娙美。 (context curated-domain; source metalinguistic-fallback; official mapping; curated-domain; Classical descriptions of appearance: a rare adjective or noun associated with a beautiful woman.)	"[""古文称她姿容𫰛美。"",""古文稱她姿容娙美。""]"	"[""chinese"",""simplified-traditional"",""tghz2013"",""level-3"",""bidirectional"",""one-context-sentence"",""corner-case"",""hans-to-hant""]"
zh-tghz2013-level-3/6744-map-01/hant-to-hans	通用规范汉字表 第3级	vocabulary	6744	zh-Hant	zh-Hans	娙（娙字）	"[""𫰛（𫰛字）""]"	"[]"		"[""zh-tghz2013.6744"",""zh-tghz2013.6744.map-01""]"	"[]"	"[]"	sources/mappings.tsv	规范字编号 6744；对应码 6744_1	古文称她姿容𫰛美。 ⇄ 古文稱她姿容娙美。 (context curated-domain; source metalinguistic-fallback; official mapping; curated-domain; Classical descriptions of appearance: a rare adjective or noun associated with a beautiful woman.)	"[""古文称她姿容𫰛美。"",""古文稱她姿容娙美。""]"	"[""chinese"",""simplified-traditional"",""tghz2013"",""level-3"",""bidirectional"",""one-context-sentence"",""corner-case"",""hant-to-hans""]"
zh-tghz2013-level-3/6745-map-01/hans-to-hant	通用规范汉字表 第3级	vocabulary	6745	zh-Hans	zh-Hant	迳（迳庭）	"[""逕（逕庭）""]"	"[]"		"[""zh-tghz2013.6745"",""zh-tghz2013.6745.map-01""]"	"[]"	"[]"	sources/mappings.tsv	规范字编号 6745；对应码 6745_1	迳庭是一个较少见的词语。 ⇄ 逕庭是一個較少見的詞語。 (context authored-example; source project-authored; official mapping; lexical-context)	"[""迳庭是一个较少见的词语。"",""逕庭是一個較少見的詞語。""]"	"[""chinese"",""simplified-traditional"",""tghz2013"",""level-3"",""bidirectional"",""one-context-sentence"",""hans-to-hant""]"
zh-tghz2013-level-3/6745-map-01/hant-to-hans	通用规范汉字表 第3级	vocabulary	6745	zh-Hant	zh-Hans	逕（逕庭）	"[""迳（迳庭）""]"	"[]"		"[""zh-tghz2013.6745"",""zh-tghz2013.6745.map-01""]"	"[]"	"[]"	sources/mappings.tsv	规范字编号 6745；对应码 6745_1	迳庭是一个较少见的词语。 ⇄ 逕庭是一個較少見的詞語。 (context authored-example; source project-authored; official mapping; lexical-context)	"[""迳庭是一个较少见的词语。"",""逕庭是一個較少見的詞語。""]"	"[""chinese"",""simplified-traditional"",""tghz2013"",""level-3"",""bidirectional"",""one-context-sentence"",""hant-to-hans""]"
zh-tghz2013-level-3/6747-map-01/hans-to-hant	通用规范汉字表 第3级	vocabulary	6747	zh-Hans	zh-Hant	𬳵（𬳵字）	"[""駓（駓字）""]"	"[]"		"[""zh-tghz2013.6747"",""zh-tghz2013.6747.map-01""]"	"[]"	"[]"	sources/mappings.tsv	规范字编号 6747；对应码 6747_1	古籍中用𬳵描述马匹。 ⇄ 古籍中用駓描述馬匹。 (context domain-template; source metalinguistic-fallback; official mapping; domain-template; Historical transport / equine terminology: a rare character associated with horses, riding, or carriage travel.)	"[""古籍中用𬳵描述马匹。"",""古籍中用駓描述馬匹。""]"	"[""chinese"",""simplified-traditional"",""tghz2013"",""level-3"",""bidirectional"",""one-context-sentence"",""corner-case"",""hans-to-hant""]"
zh-tghz2013-level-3/6747-map-01/hant-to-hans	通用规范汉字表 第3级	vocabulary	6747	zh-Hant	zh-Hans	駓（駓字）	"[""𬳵（𬳵字）""]"	"[]"		"[""zh-tghz2013.6747"",""zh-tghz2013.6747.map-01""]"	"[]"	"[]"	sources/mappings.tsv	规范字编号 6747；对应码 6747_1	古籍中用𬳵描述马匹。 ⇄ 古籍中用駓描述馬匹。 (context domain-template; source metalinguistic-fallback; official mapping; domain-template; Historical transport / equine terminology: a rare character associated with horses, riding, or carriage travel.)	"[""古籍中用𬳵描述马匹。"",""古籍中用駓描述馬匹。""]"	"[""chinese"",""simplified-traditional"",""tghz2013"",""level-3"",""bidirectional"",""one-context-sentence"",""corner-case"",""hant-to-hans""]"
zh-tghz2013-level-3/6748-map-01/hans-to-hant	通用规范汉字表 第3级	vocabulary	6748	zh-Hans	zh-Hant	驵（驵字）	"[""駔（駔字）""]"	"[]"		"[""zh-tghz2013.6748"",""zh-tghz2013.6748.map-01""]"	"[]"	"[]"	sources/mappings.tsv	规范字编号 6748；对应码 6748_1	古籍中用驵描述马匹。 ⇄ 古籍中用駔描述馬匹。 (context domain-template; source metalinguistic-fallback; official mapping; domain-template; Historical transport / equine terminology: a rare character associated with horses, riding, or carriage travel.)	"[""古籍中用驵描述马匹。"",""古籍中用駔描述馬匹。""]"	"[""chinese"",""simplified-traditional"",""tghz2013"",""level-3"",""bidirectional"",""one-context-sentence"",""corner-case"",""hans-to-hant""]"
zh-tghz2013-level-3/6748-map-01/hant-to-hans	通用规范汉字表 第3级	vocabulary	6748	zh-Hant	zh-Hans	駔（駔字）	"[""驵（驵字）""]"	"[]"		"[""zh-tghz2013.6748"",""zh-tghz2013.6748.map-01""]"	"[]"	"[]"	sources/mappings.tsv	规范字编号 6748；对应码 6748_1	古籍中用驵描述马匹。 ⇄ 古籍中用駔描述馬匹。 (context domain-template; source metalinguistic-fallback; official mapping; domain-template; Historical transport / equine terminology: a rare character associated with horses, riding, or carriage travel.)	"[""古籍中用驵描述马匹。"",""古籍中用駔描述馬匹。""]"	"[""chinese"",""simplified-traditional"",""tghz2013"",""level-3"",""bidirectional"",""one-context-sentence"",""corner-case"",""hant-to-hans""]"
zh-tghz2013-level-3/6749-map-01/hans-to-hant	通用规范汉字表 第3级	vocabulary	6749	zh-Hans	zh-Hant	𬳶（𬳶字）	"[""駉（駉字）""]"	"[]"		"[""zh-tghz2013.6749"",""zh-tghz2013.6749.map-01""]"	"[]"	"[]"	sources/mappings.tsv	规范字编号 6749；对应码 6749_1	古籍中用𬳶描述马匹。 ⇄ 古籍中用駉描述馬匹。 (context domain-template; source metalinguistic-fallback; official mapping; domain-template; Historical transport / equine terminology: a rare character associated with horses, riding, or carriage travel.)	"[""古籍中用𬳶描述马匹。"",""古籍中用駉描述馬匹。""]"	"[""chinese"",""simplified-traditional"",""tghz2013"",""level-3"",""bidirectional"",""one-context-sentence"",""corner-case"",""hans-to-hant""]"
zh-tghz2013-level-3/6749-map-01/hant-to-hans	通用规范汉字表 第3级	vocabulary	6749	zh-Hant	zh-Hans	駉（駉字）	"[""𬳶（𬳶字）""]"	"[]"		"[""zh-tghz2013.6749"",""zh-tghz2013.6749.map-01""]"	"[]"	"[]"	sources/mappings.tsv	规范字编号 6749；对应码 6749_1	古籍中用𬳶描述马匹。 ⇄ 古籍中用駉描述馬匹。 (context domain-template; source metalinguistic-fallback; official mapping; domain-template; Historical transport / equine terminology: a rare character associated with horses, riding, or carriage travel.)	"[""古籍中用𬳶描述马匹。"",""古籍中用駉描述馬匹。""]"	"[""chinese"",""simplified-traditional"",""tghz2013"",""level-3"",""bidirectional"",""one-context-sentence"",""corner-case"",""hant-to-hans""]"
zh-tghz2013-level-3/6750-map-01/hans-to-hant	通用规范汉字表 第3级	vocabulary	6750	zh-Hans	zh-Hant	䌹（䌹字）	"[""絅（絅字）""]"	"[]"		"[""zh-tghz2013.6750"",""zh-tghz2013.6750.map-01""]"	"[]"	"[]"	sources/mappings.tsv	规范字编号 6750；对应码 6750_1	古代织物记录中出现了䌹。 ⇄ 古代織物記錄中出現了絅。 (context domain-template; source metalinguistic-fallback; official mapping; domain-template; Traditional textiles / cordage: a rare character associated with fibres, silk, thread, rope, or textile production.)	"[""古代织物记录中出现了䌹。"",""古代織物記錄中出現了絅。""]"	"[""chinese"",""simplified-traditional"",""tghz2013"",""level-3"",""bidirectional"",""one-context-sentence"",""corner-case"",""hans-to-hant""]"
zh-tghz2013-level-3/6750-map-01/hant-to-hans	通用规范汉字表 第3级	vocabulary	6750	zh-Hant	zh-Hans	絅（絅字）	"[""䌹（䌹字）""]"	"[]"		"[""zh-tghz2013.6750"",""zh-tghz2013.6750.map-01""]"	"[]"	"[]"	sources/mappings.tsv	规范字编号 6750；对应码 6750_1	古代织物记录中出现了䌹。 ⇄ 古代織物記錄中出現了絅。 (context domain-template; source metalinguistic-fallback; official mapping; domain-template; Traditional textiles / cordage: a rare character associated with fibres, silk, thread, rope, or textile production.)	"[""古代织物记录中出现了䌹。"",""古代織物記錄中出現了絅。""]"	"[""chinese"",""simplified-traditional"",""tghz2013"",""level-3"",""bidirectional"",""one-context-sentence"",""corner-case"",""hant-to-hans""]"
zh-tghz2013-level-3/6751-map-01/hans-to-hant	通用规范汉字表 第3级	vocabulary	6751	zh-Hans	zh-Hant	驺（驺从）	"[""騶（騶從）""]"	"[]"		"[""zh-tghz2013.6751"",""zh-tghz2013.6751.map-01""]"	"[]"	"[]"	sources/mappings.tsv	规范字编号 6751；对应码 6751_1	驺从是一个较少见的词语。 ⇄ 騶從是一個較少見的詞語。 (context authored-example; source project-authored; official mapping; lexical-context)	"[""驺从是一个较少见的词语。"",""騶從是一個較少見的詞語。""]"	"[""chinese"",""simplified-traditional"",""tghz2013"",""level-3"",""bidirectional"",""one-context-sentence"",""hans-to-hant""]"
zh-tghz2013-level-3/6751-map-01/hant-to-hans	通用规范汉字表 第3级	vocabulary	6751	zh-Hant	zh-Hans	騶（騶從）	"[""驺（驺从）""]"	"[]"		"[""zh-tghz2013.6751"",""zh-tghz2013.6751.map-01""]"	"[]"	"[]"	sources/mappings.tsv	规范字编号 6751；对应码 6751_1	驺从是一个较少见的词语。 ⇄ 騶從是一個較少見的詞語。 (context authored-example; source project-authored; official mapping; lexical-context)	"[""驺从是一个较少见的词语。"",""騶從是一個較少見的詞語。""]"	"[""chinese"",""simplified-traditional"",""tghz2013"",""level-3"",""bidirectional"",""one-context-sentence"",""hant-to-hans""]"
zh-tghz2013-level-3/6752-map-01/hans-to-hant	通用规范汉字表 第3级	vocabulary	6752	zh-Hans	zh-Hant	𫠊（𫠊字）	"[""䮄（䮄字）""]"	"[]"		"[""zh-tghz2013.6752"",""zh-tghz2013.6752.map-01""]"	"[]"	"[]"	sources/mappings.tsv	规范字编号 6752；对应码 6752_1	古籍中用𫠊描述马匹。 ⇄ 古籍中用䮄描述馬匹。 (context domain-template; source metalinguistic-fallback; official mapping; domain-template; Historical transport / equine terminology: a rare character associated with horses, riding, or carriage travel.)	"[""古籍中用𫠊描述马匹。"",""古籍中用䮄描述馬匹。""]"	"[""chinese"",""simplified-traditional"",""tghz2013"",""level-3"",""bidirectional"",""one-context-sentence"",""corner-case"",""hans-to-hant""]"
zh-tghz2013-level-3/6752-map-01/hant-to-hans	通用规范汉字表 第3级	vocabulary	6752	zh-Hant	zh-Hans	䮄（䮄字）	"[""𫠊（𫠊字）""]"	"[]"		"[""zh-tghz2013.6752"",""zh-tghz2013.6752.map-01""]"	"[]"	"[]"	sources/mappings.tsv	规范字编号 6752；对应码 6752_1	古籍中用𫠊描述马匹。 ⇄ 古籍中用䮄描述馬匹。 (context domain-template; source metalinguistic-fallback; official mapping; domain-template; Historical transport / equine terminology: a rare character associated with horses, riding, or carriage travel.)	"[""古籍中用𫠊描述马匹。"",""古籍中用䮄描述馬匹。""]"	"[""chinese"",""simplified-traditional"",""tghz2013"",""level-3"",""bidirectional"",""one-context-sentence"",""corner-case"",""hant-to-hans""]"
zh-tghz2013-level-3/6753-map-01/hans-to-hant	通用规范汉字表 第3级	vocabulary	6753	zh-Hans	zh-Hant	绋（执绋）	"[""紼（執紼）""]"	"[]"		"[""zh-tghz2013.6753"",""zh-tghz2013.6753.map-01""]"	"[]"	"[]"	sources/mappings.tsv	规范字编号 6753；对应码 6753_1	执绋是一个较少见的词语。 ⇄ 執紼是一個較少見的詞語。 (context authored-example; source project-authored; official mapping; lexical-context)	"[""执绋是一个较少见的词语。"",""執紼是一個較少見的詞語。""]"	"[""chinese"",""simplified-traditional"",""tghz2013"",""level-3"",""bidirectional"",""one-context-sentence"",""hans-to-hant""]"
zh-tghz2013-level-3/6753-map-01/hant-to-hans	通用规范汉字表 第3级	vocabulary	6753	zh-Hant	zh-Hans	紼（執紼）	"[""绋（执绋）""]"	"[]"		"[""zh-tghz2013.6753"",""zh-tghz2013.6753.map-01""]"	"[]"	"[]"	sources/mappings.tsv	规范字编号 6753；对应码 6753_1	执绋是一个较少见的词语。 ⇄ 執紼是一個較少見的詞語。 (context authored-example; source project-authored; official mapping; lexical-context)	"[""执绋是一个较少见的词语。"",""執紼是一個較少見的詞語。""]"	"[""chinese"",""simplified-traditional"",""tghz2013"",""level-3"",""bidirectional"",""one-context-sentence"",""hant-to-hans""]"
zh-tghz2013-level-3/6754-map-01/hans-to-hant	通用规范汉字表 第3级	vocabulary	6754	zh-Hans	zh-Hant	绐（绐字）	"[""紿（紿字）""]"	"[]"		"[""zh-tghz2013.6754"",""zh-tghz2013.6754.map-01""]"	"[]"	"[]"	sources/mappings.tsv	规范字编号 6754；对应码 6754_1	古代织物记录中出现了绐。 ⇄ 古代織物記錄中出現了紿。 (context domain-template; source metalinguistic-fallback; official mapping; domain-template; Traditional textiles / cordage: a rare character associated with fibres, silk, thread, rope, or textile production.)	"[""古代织物记录中出现了绐。"",""古代織物記錄中出現了紿。""]"	"[""chinese"",""simplified-traditional"",""tghz2013"",""level-3"",""bidirectional"",""one-context-sentence"",""corner-case"",""hans-to-hant""]"
zh-tghz2013-level-3/6754-map-01/hant-to-hans	通用规范汉字表 第3级	vocabulary	6754	zh-Hant	zh-Hans	紿（紿字）	"[""绐（绐字）""]"	"[]"		"[""zh-tghz2013.6754"",""zh-tghz2013.6754.map-01""]"	"[]"	"[]"	sources/mappings.tsv	规范字编号 6754；对应码 6754_1	古代织物记录中出现了绐。 ⇄ 古代織物記錄中出現了紿。 (context domain-template; source metalinguistic-fallback; official mapping; domain-template; Traditional textiles / cordage: a rare character associated with fibres, silk, thread, rope, or textile production.)	"[""古代织物记录中出现了绐。"",""古代織物記錄中出現了紿。""]"	"[""chinese"",""simplified-traditional"",""tghz2013"",""level-3"",""bidirectional"",""one-context-sentence"",""corner-case"",""hant-to-hans""]"
zh-tghz2013-level-3/6761-map-01/hans-to-hant	通用规范汉字表 第3级	vocabulary	6761	zh-Hans	zh-Hant	𬍛（玓𬍛）	"[""瓅（玓瓅）""]"	"[]"		"[""zh-tghz2013.6761"",""zh-tghz2013.6761.map-01""]"	"[]"	"[]"	sources/mappings.tsv	规范字编号 6761；对应码 6761_1	玓𬍛是一个较少见的词语。 ⇄ 玓瓅是一個較少見的詞語。 (context authored-example; source project-authored; official mapping; lexical-context)	"[""玓𬍛是一个较少见的词语。"",""玓瓅是一個較少見的詞語。""]"	"[""chinese"",""simplified-traditional"",""tghz2013"",""level-3"",""bidirectional"",""one-context-sentence"",""hans-to-hant""]"
zh-tghz2013-level-3/6761-map-01/hant-to-hans	通用规范汉字表 第3级	vocabulary	6761	zh-Hant	zh-Hans	瓅（玓瓅）	"[""𬍛（玓𬍛）""]"	"[]"		"[""zh-tghz2013.6761"",""zh-tghz2013.6761.map-01""]"	"[]"	"[]"	sources/mappings.tsv	规范字编号 6761；对应码 6761_1	玓𬍛是一个较少见的词语。 ⇄ 玓瓅是一個較少見的詞語。 (context authored-example; source project-authored; official mapping; lexical-context)	"[""玓𬍛是一个较少见的词语。"",""玓瓅是一個較少見的詞語。""]"	"[""chinese"",""simplified-traditional"",""tghz2013"",""level-3"",""bidirectional"",""one-context-sentence"",""hant-to-hans""]"
zh-tghz2013-level-3/6766-map-01/hans-to-hant	通用规范汉字表 第3级	vocabulary	6766	zh-Hans	zh-Hant	韨（韨字）	"[""韍（韍字）""]"	"[]"		"[""zh-tghz2013.6766"",""zh-tghz2013.6766.map-01""]"	"[]"	"[]"	sources/mappings.tsv	规范字编号 6766；对应码 6766_1	古代礼制记载中出现了韨。 ⇄ 古代禮制記載中出現了韍。 (context domain-template; source metalinguistic-fallback; official mapping; domain-template; Ancient ritual and material culture: a rare character associated with ceremony, offerings, dress, or ritual objects.)	"[""古代礼制记载中出现了韨。"",""古代禮制記載中出現了韍。""]"	"[""chinese"",""simplified-traditional"",""tghz2013"",""level-3"",""bidirectional"",""one-context-sentence"",""corner-case"",""hans-to-hant""]"
zh-tghz2013-level-3/6766-map-01/hant-to-hans	通用规范汉字表 第3级	vocabulary	6766	zh-Hant	zh-Hans	韍（韍字）	"[""韨（韨字）""]"	"[]"		"[""zh-tghz2013.6766"",""zh-tghz2013.6766.map-01""]"	"[]"	"[]"	sources/mappings.tsv	规范字编号 6766；对应码 6766_1	古代礼制记载中出现了韨。 ⇄ 古代禮制記載中出現了韍。 (context domain-template; source metalinguistic-fallback; official mapping; domain-template; Ancient ritual and material culture: a rare character associated with ceremony, offerings, dress, or ritual objects.)	"[""古代礼制记载中出现了韨。"",""古代禮制記載中出現了韍。""]"	"[""chinese"",""simplified-traditional"",""tghz2013"",""level-3"",""bidirectional"",""one-context-sentence"",""corner-case"",""hant-to-hans""]"
zh-tghz2013-level-3/6768-map-01/hans-to-hant	通用规范汉字表 第3级	vocabulary	6768	zh-Hans	zh-Hant	垯（榆木圪垯）	"[""墶（榆木圪墶）""]"	"[]"		"[""zh-tghz2013.6768"",""zh-tghz2013.6768.map-01""]"	"[]"	"[]"	sources/mappings.tsv	规范字编号 6768；对应码 6768_1	榆木圪垯是一个较少见的词语。 ⇄ 榆木圪墶是一個較少見的詞語。 (context authored-example; source project-authored; official mapping; lexical-context)	"[""榆木圪垯是一个较少见的词语。"",""榆木圪墶是一個較少見的詞語。""]"	"[""chinese"",""simplified-traditional"",""tghz2013"",""level-3"",""bidirectional"",""one-context-sentence"",""hans-to-hant""]"
zh-tghz2013-level-3/6768-map-01/hant-to-hans	通用规范汉字表 第3级	vocabulary	6768	zh-Hant	zh-Hans	墶（榆木圪墶）	"[""垯（榆木圪垯）""]"	"[]"		"[""zh-tghz2013.6768"",""zh-tghz2013.6768.map-01""]"	"[]"	"[]"	sources/mappings.tsv	规范字编号 6768；对应码 6768_1	榆木圪垯是一个较少见的词语。 ⇄ 榆木圪墶是一個較少見的詞語。 (context authored-example; source project-authored; official mapping; lexical-context)	"[""榆木圪垯是一个较少见的词语。"",""榆木圪墶是一個較少見的詞語。""]"	"[""chinese"",""simplified-traditional"",""tghz2013"",""level-3"",""bidirectional"",""one-context-sentence"",""hant-to-hans""]"
zh-tghz2013-level-3/6770-map-01/hans-to-hant	通用规范汉字表 第3级	vocabulary	6770	zh-Hans	zh-Hant	垲（垲字）	"[""塏（塏字）""]"	"[]"		"[""zh-tghz2013.6770"",""zh-tghz2013.6770.map-01""]"	"[]"	"[]"	sources/mappings.tsv	规范字编号 6770；对应码 6770_1	地方志中记载了垲。 ⇄ 地方志中記載了塏。 (context domain-template; source metalinguistic-fallback; official mapping; domain-template; Historical geography / topography: a rare character used for terrain, a structure, or a place name.)	"[""地方志中记载了垲。"",""地方志中記載了塏。""]"	"[""chinese"",""simplified-traditional"",""tghz2013"",""level-3"",""bidirectional"",""one-context-sentence"",""corner-case"",""hans-to-hant""]"
zh-tghz2013-level-3/6770-map-01/hant-to-hans	通用规范汉字表 第3级	vocabulary	6770	zh-Hant	zh-Hans	塏（塏字）	"[""垲（垲字）""]"	"[]"		"[""zh-tghz2013.6770"",""zh-tghz2013.6770.map-01""]"	"[]"	"[]"	sources/mappings.tsv	规范字编号 6770；对应码 6770_1	地方志中记载了垲。 ⇄ 地方志中記載了塏。 (context domain-template; source metalinguistic-fallback; official mapping; domain-template; Historical geography / topography: a rare character used for terrain, a structure, or a place name.)	"[""地方志中记载了垲。"",""地方志中記載了塏。""]"	"[""chinese"",""simplified-traditional"",""tghz2013"",""level-3"",""bidirectional"",""one-context-sentence"",""corner-case"",""hant-to-hans""]"
zh-tghz2013-level-3/6785-map-01/hans-to-hant	通用规范汉字表 第3级	vocabulary	6785	zh-Hans	zh-Hant	荙（荙字）	"[""薘（薘字）""]"	"[]"		"[""zh-tghz2013.6785"",""zh-tghz2013.6785.map-01""]"	"[]"	"[]"	sources/mappings.tsv	规范字编号 6785；对应码 6785_1	本草书中记载了荙。 ⇄ 本草書中記載了薘。 (context domain-template; source metalinguistic-fallback; official mapping; domain-template; Botany / traditional materia medica: a rare character used in a plant name or botanical description.)	"[""本草书中记载了荙。"",""本草書中記載了薘。""]"	"[""chinese"",""simplified-traditional"",""tghz2013"",""level-3"",""bidirectional"",""one-context-sentence"",""corner-case"",""hans-to-hant""]"
zh-tghz2013-level-3/6785-map-01/hant-to-hans	通用规范汉字表 第3级	vocabulary	6785	zh-Hant	zh-Hans	薘（薘字）	"[""荙（荙字）""]"	"[]"		"[""zh-tghz2013.6785"",""zh-tghz2013.6785.map-01""]"	"[]"	"[]"	sources/mappings.tsv	规范字编号 6785；对应码 6785_1	本草书中记载了荙。 ⇄ 本草書中記載了薘。 (context domain-template; source metalinguistic-fallback; official mapping; domain-template; Botany / traditional materia medica: a rare character used in a plant name or botanical description.)	"[""本草书中记载了荙。"",""本草書中記載了薘。""]"	"[""chinese"",""simplified-traditional"",""tghz2013"",""level-3"",""bidirectional"",""one-context-sentence"",""corner-case"",""hant-to-hans""]"
zh-tghz2013-level-3/6786-map-01/hans-to-hant	通用规范汉字表 第3级	vocabulary	6786	zh-Hans	zh-Hant	荛（刍荛）	"[""蕘（芻蕘）""]"	"[]"		"[""zh-tghz2013.6786"",""zh-tghz2013.6786.map-01""]"	"[]"	"[]"	sources/mappings.tsv	规范字编号 6786；对应码 6786_1	刍荛是一个较少见的词语。 ⇄ 芻蕘是一個較少見的詞語。 (context authored-example; source project-authored; official mapping; lexical-context)	"[""刍荛是一个较少见的词语。"",""芻蕘是一個較少見的詞語。""]"	"[""chinese"",""simplified-traditional"",""tghz2013"",""level-3"",""bidirectional"",""one-context-sentence"",""hans-to-hant""]"
zh-tghz2013-level-3/6786-map-01/hant-to-hans	通用规范汉字表 第3级	vocabulary	6786	zh-Hant	zh-Hans	蕘（芻蕘）	"[""荛（刍荛）""]"	"[]"		"[""zh-tghz2013.6786"",""zh-tghz2013.6786.map-01""]"	"[]"	"[]"	sources/mappings.tsv	规范字编号 6786；对应码 6786_1	刍荛是一个较少见的词语。 ⇄ 芻蕘是一個較少見的詞語。 (context authored-example; source project-authored; official mapping; lexical-context)	"[""刍荛是一个较少见的词语。"",""芻蕘是一個較少見的詞語。""]"	"[""chinese"",""simplified-traditional"",""tghz2013"",""level-3"",""bidirectional"",""one-context-sentence"",""hant-to-hans""]"
zh-tghz2013-level-3/6791-map-01/hans-to-hant	通用规范汉字表 第3级	vocabulary	6791	zh-Hans	zh-Hant	𬜬（𬜬字）	"[""蔄（蔄字）""]"	"[]"		"[""zh-tghz2013.6791"",""zh-tghz2013.6791.map-01""]"	"[]"	"[]"	sources/mappings.tsv	规范字编号 6791；对应码 6791_1	本草书中记载了𬜬。 ⇄ 本草書中記載了蔄。 (context domain-template; source metalinguistic-fallback; official mapping; domain-template; Botany / traditional materia medica: a rare character used in a plant name or botanical description.)	"[""本草书中记载了𬜬。"",""本草書中記載了蔄。""]"	"[""chinese"",""simplified-traditional"",""tghz2013"",""level-3"",""bidirectional"",""one-context-sentence"",""corner-case"",""hans-to-hant""]"
zh-tghz2013-level-3/6791-map-01/hant-to-hans	通用规范汉字表 第3级	vocabulary	6791	zh-Hant	zh-Hans	蔄（蔄字）	"[""𬜬（𬜬字）""]"	"[]"		"[""zh-tghz2013.6791"",""zh-tghz2013.6791.map-01""]"	"[]"	"[]"	sources/mappings.tsv	规范字编号 6791；对应码 6791_1	本草书中记载了𬜬。 ⇄ 本草書中記載了蔄。 (context domain-template; source metalinguistic-fallback; official mapping; domain-template; Botany / traditional materia medica: a rare character used in a plant name or botanical description.)	"[""本草书中记载了𬜬。"",""本草書中記載了蔄。""]"	"[""chinese"",""simplified-traditional"",""tghz2013"",""level-3"",""bidirectional"",""one-context-sentence"",""corner-case"",""hant-to-hans""]"
zh-tghz2013-level-3/6796-map-01/hans-to-hant	通用规范汉字表 第3级	vocabulary	6796	zh-Hans	zh-Hant	荭（荭字）	"[""葒（葒字）""]"	"[]"		"[""zh-tghz2013.6796"",""zh-tghz2013.6796.map-01""]"	"[]"	"[]"	sources/mappings.tsv	规范字编号 6796；对应码 6796_1	本草书中记载了荭。 ⇄ 本草書中記載了葒。 (context domain-template; source metalinguistic-fallback; official mapping; domain-template; Botany / traditional materia medica: a rare character used in a plant name or botanical description.)	"[""本草书中记载了荭。"",""本草書中記載了葒。""]"	"[""chinese"",""simplified-traditional"",""tghz2013"",""level-3"",""bidirectional"",""one-context-sentence"",""corner-case"",""hans-to-hant""]"
zh-tghz2013-level-3/6796-map-01/hant-to-hans	通用规范汉字表 第3级	vocabulary	6796	zh-Hant	zh-Hans	葒（葒字）	"[""荭（荭字）""]"	"[]"		"[""zh-tghz2013.6796"",""zh-tghz2013.6796.map-01""]"	"[]"	"[]"	sources/mappings.tsv	规范字编号 6796；对应码 6796_1	本草书中记载了荭。 ⇄ 本草書中記載了葒。 (context domain-template; source metalinguistic-fallback; official mapping; domain-template; Botany / traditional materia medica: a rare character used in a plant name or botanical description.)	"[""本草书中记载了荭。"",""本草書中記載了葒。""]"	"[""chinese"",""simplified-traditional"",""tghz2013"",""level-3"",""bidirectional"",""one-context-sentence"",""corner-case"",""hant-to-hans""]"
zh-tghz2013-level-3/6806-map-01/hans-to-hant	通用规范汉字表 第3级	vocabulary	6806	zh-Hans	zh-Hant	䴓（丽䴓）	"[""鳾（麗鳾）""]"	"[]"		"[""zh-tghz2013.6806"",""zh-tghz2013.6806.map-01""]"	"[]"	"[]"	sources/mappings.tsv	规范字编号 6806；对应码 6806_1	丽䴓是一个较少见的词语。 ⇄ 麗鳾是一個較少見的詞語。 (context authored-example; source project-authored; official mapping; lexical-context)	"[""丽䴓是一个较少见的词语。"",""麗鳾是一個較少見的詞語。""]"	"[""chinese"",""simplified-traditional"",""tghz2013"",""level-3"",""bidirectional"",""one-context-sentence"",""hans-to-hant""]"
zh-tghz2013-level-3/6806-map-01/hant-to-hans	通用规范汉字表 第3级	vocabulary	6806	zh-Hant	zh-Hans	鳾（麗鳾）	"[""䴓（丽䴓）""]"	"[]"		"[""zh-tghz2013.6806"",""zh-tghz2013.6806.map-01""]"	"[]"	"[]"	sources/mappings.tsv	规范字编号 6806；对应码 6806_1	丽䴓是一个较少见的词语。 ⇄ 麗鳾是一個較少見的詞語。 (context authored-example; source project-authored; official mapping; lexical-context)	"[""丽䴓是一个较少见的词语。"",""麗鳾是一個較少見的詞語。""]"	"[""chinese"",""simplified-traditional"",""tghz2013"",""level-3"",""bidirectional"",""one-context-sentence"",""hant-to-hans""]"
zh-tghz2013-level-3/6814-map-01/hans-to-hant	通用规范汉字表 第3级	vocabulary	6814	zh-Hans	zh-Hant	䶮（䶮字）	"[""龑（龑字）""]"	"[]"		"[""zh-tghz2013.6814"",""zh-tghz2013.6814.map-01""]"	"[]"	"[]"	sources/mappings.tsv	规范字编号 6814；对应码 6814_1	古代玉器或人名记录中可见䶮。 ⇄ 古代玉器或人名記錄中可見龑。 (context domain-template; source metalinguistic-fallback; official mapping; domain-template; Jade terminology / personal names: a rare character associated with jade, ornament, or name usage.)	"[""古代玉器或人名记录中可见䶮。"",""古代玉器或人名記錄中可見龑。""]"	"[""chinese"",""simplified-traditional"",""tghz2013"",""level-3"",""bidirectional"",""one-context-sentence"",""corner-case"",""hans-to-hant""]"
zh-tghz2013-level-3/6814-map-01/hant-to-hans	通用规范汉字表 第3级	vocabulary	6814	zh-Hant	zh-Hans	龑（龑字）	"[""䶮（䶮字）""]"	"[]"		"[""zh-tghz2013.6814"",""zh-tghz2013.6814.map-01""]"	"[]"	"[]"	sources/mappings.tsv	规范字编号 6814；对应码 6814_1	古代玉器或人名记录中可见䶮。 ⇄ 古代玉器或人名記錄中可見龑。 (context domain-template; source metalinguistic-fallback; official mapping; domain-template; Jade terminology / personal names: a rare character associated with jade, ornament, or name usage.)	"[""古代玉器或人名记录中可见䶮。"",""古代玉器或人名記錄中可見龑。""]"	"[""chinese"",""simplified-traditional"",""tghz2013"",""level-3"",""bidirectional"",""one-context-sentence"",""corner-case"",""hant-to-hans""]"
zh-tghz2013-level-3/6815-map-01/hans-to-hant	通用规范汉字表 第3级	vocabulary	6815	zh-Hans	zh-Hant	轵（轵字）	"[""軹（軹字）""]"	"[]"		"[""zh-tghz2013.6815"",""zh-tghz2013.6815.map-01""]"	"[]"	"[]"	sources/mappings.tsv	规范字编号 6815；对应码 6815_1	古代车辆记录中出现了轵。 ⇄ 古代車輛記錄中出現了軹。 (context domain-template; source metalinguistic-fallback; official mapping; domain-template; Historical transport technology: a rare character associated with a cart, carriage, wheel, or vehicle component.)	"[""古代车辆记录中出现了轵。"",""古代車輛記錄中出現了軹。""]"	"[""chinese"",""simplified-traditional"",""tghz2013"",""level-3"",""bidirectional"",""one-context-sentence"",""corner-case"",""hans-to-hant""]"
zh-tghz2013-level-3/6815-map-01/hant-to-hans	通用规范汉字表 第3级	vocabulary	6815	zh-Hant	zh-Hans	軹（軹字）	"[""轵（轵字）""]"	"[]"		"[""zh-tghz2013.6815"",""zh-tghz2013.6815.map-01""]"	"[]"	"[]"	sources/mappings.tsv	规范字编号 6815；对应码 6815_1	古代车辆记录中出现了轵。 ⇄ 古代車輛記錄中出現了軹。 (context domain-template; source metalinguistic-fallback; official mapping; domain-template; Historical transport technology: a rare character associated with a cart, carriage, wheel, or vehicle component.)	"[""古代车辆记录中出现了轵。"",""古代車輛記錄中出現了軹。""]"	"[""chinese"",""simplified-traditional"",""tghz2013"",""level-3"",""bidirectional"",""one-context-sentence"",""corner-case"",""hant-to-hans""]"
zh-tghz2013-level-3/6816-map-01/hans-to-hant	通用规范汉字表 第3级	vocabulary	6816	zh-Hans	zh-Hant	轷（轷字）	"[""軤（軤字）""]"	"[]"		"[""zh-tghz2013.6816"",""zh-tghz2013.6816.map-01""]"	"[]"	"[]"	sources/mappings.tsv	规范字编号 6816；对应码 6816_1	古代车辆记录中出现了轷。 ⇄ 古代車輛記錄中出現了軤。 (context domain-template; source metalinguistic-fallback; official mapping; domain-template; Historical transport technology: a rare character associated with a cart, carriage, wheel, or vehicle component.)	"[""古代车辆记录中出现了轷。"",""古代車輛記錄中出現了軤。""]"	"[""chinese"",""simplified-traditional"",""tghz2013"",""level-3"",""bidirectional"",""one-context-sentence"",""corner-case"",""hans-to-hant""]"
zh-tghz2013-level-3/6816-map-01/hant-to-hans	通用规范汉字表 第3级	vocabulary	6816	zh-Hant	zh-Hans	軤（軤字）	"[""轷（轷字）""]"	"[]"		"[""zh-tghz2013.6816"",""zh-tghz2013.6816.map-01""]"	"[]"	"[]"	sources/mappings.tsv	规范字编号 6816；对应码 6816_1	古代车辆记录中出现了轷。 ⇄ 古代車輛記錄中出現了軤。 (context domain-template; source metalinguistic-fallback; official mapping; domain-template; Historical transport technology: a rare character associated with a cart, carriage, wheel, or vehicle component.)	"[""古代车辆记录中出现了轷。"",""古代車輛記錄中出現了軤。""]"	"[""chinese"",""simplified-traditional"",""tghz2013"",""level-3"",""bidirectional"",""one-context-sentence"",""corner-case"",""hant-to-hans""]"
zh-tghz2013-level-3/6817-map-01/hans-to-hant	通用规范汉字表 第3级	vocabulary	6817	zh-Hans	zh-Hant	轹（凌轹）	"[""轢（凌轢）""]"	"[]"		"[""zh-tghz2013.6817"",""zh-tghz2013.6817.map-01""]"	"[]"	"[]"	sources/mappings.tsv	规范字编号 6817；对应码 6817_1	凌轹是一个较少见的词语。 ⇄ 凌轢是一個較少見的詞語。 (context authored-example; source project-authored; official mapping; lexical-context)	"[""凌轹是一个较少见的词语。"",""凌轢是一個較少見的詞語。""]"	"[""chinese"",""simplified-traditional"",""tghz2013"",""level-3"",""bidirectional"",""one-context-sentence"",""hans-to-hant""]"
zh-tghz2013-level-3/6817-map-01/hant-to-hans	通用规范汉字表 第3级	vocabulary	6817	zh-Hant	zh-Hans	轢（凌轢）	"[""轹（凌轹）""]"	"[]"		"[""zh-tghz2013.6817"",""zh-tghz2013.6817.map-01""]"	"[]"	"[]"	sources/mappings.tsv	规范字编号 6817；对应码 6817_1	凌轹是一个较少见的词语。 ⇄ 凌轢是一個較少見的詞語。 (context authored-example; source project-authored; official mapping; lexical-context)	"[""凌轹是一个较少见的词语。"",""凌轢是一個較少見的詞語。""]"	"[""chinese"",""simplified-traditional"",""tghz2013"",""level-3"",""bidirectional"",""one-context-sentence"",""hant-to-hans""]"
zh-tghz2013-level-3/6818-map-01/hans-to-hant	通用规范汉字表 第3级	vocabulary	6818	zh-Hans	zh-Hant	轺（轺字）	"[""軺（軺字）""]"	"[]"		"[""zh-tghz2013.6818"",""zh-tghz2013.6818.map-01""]"	"[]"	"[]"	sources/mappings.tsv	规范字编号 6818；对应码 6818_1	古代车辆记录中出现了轺。 ⇄ 古代車輛記錄中出現了軺。 (context domain-template; source metalinguistic-fallback; official mapping; domain-template; Historical transport technology: a rare character associated with a cart, carriage, wheel, or vehicle component.)	"[""古代车辆记录中出现了轺。"",""古代車輛記錄中出現了軺。""]"	"[""chinese"",""simplified-traditional"",""tghz2013"",""level-3"",""bidirectional"",""one-context-sentence"",""corner-case"",""hans-to-hant""]"
zh-tghz2013-level-3/6818-map-01/hant-to-hans	通用规范汉字表 第3级	vocabulary	6818	zh-Hant	zh-Hans	軺（軺字）	"[""轺（轺字）""]"	"[]"		"[""zh-tghz2013.6818"",""zh-tghz2013.6818.map-01""]"	"[]"	"[]"	sources/mappings.tsv	规范字编号 6818；对应码 6818_1	古代车辆记录中出现了轺。 ⇄ 古代車輛記錄中出現了軺。 (context domain-template; source metalinguistic-fallback; official mapping; domain-template; Historical transport technology: a rare character associated with a cart, carriage, wheel, or vehicle component.)	"[""古代车辆记录中出现了轺。"",""古代車輛記錄中出現了軺。""]"	"[""chinese"",""simplified-traditional"",""tghz2013"",""level-3"",""bidirectional"",""one-context-sentence"",""corner-case"",""hant-to-hans""]"
zh-tghz2013-level-3/6820-map-01/hans-to-hant	通用规范汉字表 第3级	vocabulary	6820	zh-Hans	zh-Hant	𪾢（𪾢字）	"[""睍（睍字）""]"	"[]"		"[""zh-tghz2013.6820"",""zh-tghz2013.6820.map-01""]"	"[]"	"[]"	sources/mappings.tsv	规范字编号 6820；对应码 6820_1	古文中可见𪾢。 ⇄ 古文中可見睍。 (context domain-template; source metalinguistic-fallback; official mapping; domain-template; Classical Chinese vocabulary: a rare character used in older descriptions of people, actions, states, sounds, or qualities.)	"[""古文中可见𪾢。"",""古文中可見睍。""]"	"[""chinese"",""simplified-traditional"",""tghz2013"",""level-3"",""bidirectional"",""one-context-sentence"",""corner-case"",""hans-to-hant""]"
zh-tghz2013-level-3/6820-map-01/hant-to-hans	通用规范汉字表 第3级	vocabulary	6820	zh-Hant	zh-Hans	睍（睍字）	"[""𪾢（𪾢字）""]"	"[]"		"[""zh-tghz2013.6820"",""zh-tghz2013.6820.map-01""]"	"[]"	"[]"	sources/mappings.tsv	规范字编号 6820；对应码 6820_1	古文中可见𪾢。 ⇄ 古文中可見睍。 (context domain-template; source metalinguistic-fallback; official mapping; domain-template; Classical Chinese vocabulary: a rare character used in older descriptions of people, actions, states, sounds, or qualities.)	"[""古文中可见𪾢。"",""古文中可見睍。""]"	"[""chinese"",""simplified-traditional"",""tghz2013"",""level-3"",""bidirectional"",""one-context-sentence"",""corner-case"",""hant-to-hans""]"
zh-tghz2013-level-3/6821-map-01/hans-to-hant	通用规范汉字表 第3级	vocabulary	6821	zh-Hans	zh-Hant	昽（昽字）	"[""曨（曨字）""]"	"[]"		"[""zh-tghz2013.6821"",""zh-tghz2013.6821.map-01""]"	"[]"	"[]"	sources/mappings.tsv	规范字编号 6821；对应码 6821_1	古文中用昽描写光线或天气。 ⇄ 古文中用曨描寫光線或天氣。 (context domain-template; source metalinguistic-fallback; official mapping; domain-template; Classical descriptions of light or weather: a rare character associated with brightness, sky conditions, or atmospheric movement.)	"[""古文中用昽描写光线或天气。"",""古文中用曨描寫光線或天氣。""]"	"[""chinese"",""simplified-traditional"",""tghz2013"",""level-3"",""bidirectional"",""one-context-sentence"",""corner-case"",""hans-to-hant""]"
zh-tghz2013-level-3/6821-map-01/hant-to-hans	通用规范汉字表 第3级	vocabulary	6821	zh-Hant	zh-Hans	曨（曨字）	"[""昽（昽字）""]"	"[]"		"[""zh-tghz2013.6821"",""zh-tghz2013.6821.map-01""]"	"[]"	"[]"	sources/mappings.tsv	规范字编号 6821；对应码 6821_1	古文中用昽描写光线或天气。 ⇄ 古文中用曨描寫光線或天氣。 (context domain-template; source metalinguistic-fallback; official mapping; domain-template; Classical descriptions of light or weather: a rare character associated with brightness, sky conditions, or atmospheric movement.)	"[""古文中用昽描写光线或天气。"",""古文中用曨描寫光線或天氣。""]"	"[""chinese"",""simplified-traditional"",""tghz2013"",""level-3"",""bidirectional"",""one-context-sentence"",""corner-case"",""hant-to-hans""]"
zh-tghz2013-level-3/6827-map-01/hans-to-hant	通用规范汉字表 第3级	vocabulary	6827	zh-Hans	zh-Hant	哒（哒嗪）	"[""噠（噠嗪）""]"	"[]"		"[""zh-tghz2013.6827"",""zh-tghz2013.6827.map-01""]"	"[]"	"[]"	sources/mappings.tsv	规范字编号 6827；对应码 6827_1	哒嗪是一种材料或化学物质。 ⇄ 噠嗪是一種材料或化學物質。 (context authored-example; source project-authored; official mapping; lexical-context)	"[""哒嗪是一种材料或化学物质。"",""噠嗪是一種材料或化學物質。""]"	"[""chinese"",""simplified-traditional"",""tghz2013"",""level-3"",""bidirectional"",""one-context-sentence"",""hans-to-hant""]"
zh-tghz2013-level-3/6827-map-01/hant-to-hans	通用规范汉字表 第3级	vocabulary	6827	zh-Hant	zh-Hans	噠（噠嗪）	"[""哒（哒嗪）""]"	"[]"		"[""zh-tghz2013.6827"",""zh-tghz2013.6827.map-01""]"	"[]"	"[]"	sources/mappings.tsv	规范字编号 6827；对应码 6827_1	哒嗪是一种材料或化学物质。 ⇄ 噠嗪是一種材料或化學物質。 (context authored-example; source project-authored; official mapping; lexical-context)	"[""哒嗪是一种材料或化学物质。"",""噠嗪是一種材料或化學物質。""]"	"[""chinese"",""simplified-traditional"",""tghz2013"",""level-3"",""bidirectional"",""one-context-sentence"",""hant-to-hans""]"
zh-tghz2013-level-3/6843-map-01/hans-to-hant	通用规范汉字表 第3级	vocabulary	6843	zh-Hans	zh-Hant	钘（钘字）	"[""鈃（鈃字）""]"	"[]"		"[""zh-tghz2013.6843"",""zh-tghz2013.6843.map-01""]"	"[]"	"[]"	sources/mappings.tsv	规范字编号 6843；对应码 6843_1	金属器物或技术资料中可见钘。 ⇄ 金屬器物或技術資料中可見鈃。 (context domain-template; source metalinguistic-fallback; official mapping; domain-template; Metallurgy / historical material culture: a rare metal-radical character used for a metal, tool, weapon, vessel, ornament, or technical term.)	"[""金属器物或技术资料中可见钘。"",""金屬器物或技術資料中可見鈃。""]"	"[""chinese"",""simplified-traditional"",""tghz2013"",""level-3"",""bidirectional"",""one-context-sentence"",""corner-case"",""hans-to-hant""]"
zh-tghz2013-level-3/6843-map-01/hant-to-hans	通用规范汉字表 第3级	vocabulary	6843	zh-Hant	zh-Hans	鈃（鈃字）	"[""钘（钘字）""]"	"[]"		"[""zh-tghz2013.6843"",""zh-tghz2013.6843.map-01""]"	"[]"	"[]"	sources/mappings.tsv	规范字编号 6843；对应码 6843_1	金属器物或技术资料中可见钘。 ⇄ 金屬器物或技術資料中可見鈃。 (context domain-template; source metalinguistic-fallback; official mapping; domain-template; Metallurgy / historical material culture: a rare metal-radical character used for a metal, tool, weapon, vessel, ornament, or technical term.)	"[""金属器物或技术资料中可见钘。"",""金屬器物或技術資料中可見鈃。""]"	"[""chinese"",""simplified-traditional"",""tghz2013"",""level-3"",""bidirectional"",""one-context-sentence"",""corner-case"",""hant-to-hans""]"
zh-tghz2013-level-3/6844-map-01/hans-to-hant	通用规范汉字表 第3级	vocabulary	6844	zh-Hans	zh-Hant	𫓧（𫓧字）	"[""鈇（鈇字）""]"	"[]"		"[""zh-tghz2013.6844"",""zh-tghz2013.6844.map-01""]"	"[]"	"[]"	sources/mappings.tsv	规范字编号 6844；对应码 6844_1	金属器物或技术资料中可见𫓧。 ⇄ 金屬器物或技術資料中可見鈇。 (context domain-template; source metalinguistic-fallback; official mapping; domain-template; Metallurgy / historical material culture: a rare metal-radical character used for a metal, tool, weapon, vessel, ornament, or technical term.)	"[""金属器物或技术资料中可见𫓧。"",""金屬器物或技術資料中可見鈇。""]"	"[""chinese"",""simplified-traditional"",""tghz2013"",""level-3"",""bidirectional"",""one-context-sentence"",""corner-case"",""hans-to-hant""]"
zh-tghz2013-level-3/6844-map-01/hant-to-hans	通用规范汉字表 第3级	vocabulary	6844	zh-Hant	zh-Hans	鈇（鈇字）	"[""𫓧（𫓧字）""]"	"[]"		"[""zh-tghz2013.6844"",""zh-tghz2013.6844.map-01""]"	"[]"	"[]"	sources/mappings.tsv	规范字编号 6844；对应码 6844_1	金属器物或技术资料中可见𫓧。 ⇄ 金屬器物或技術資料中可見鈇。 (context domain-template; source metalinguistic-fallback; official mapping; domain-template; Metallurgy / historical material culture: a rare metal-radical character used for a metal, tool, weapon, vessel, ornament, or technical term.)	"[""金属器物或技术资料中可见𫓧。"",""金屬器物或技術資料中可見鈇。""]"	"[""chinese"",""simplified-traditional"",""tghz2013"",""level-3"",""bidirectional"",""one-context-sentence"",""corner-case"",""hant-to-hans""]"
zh-tghz2013-level-3/6845-map-01/hans-to-hant	通用规范汉字表 第3级	vocabulary	6845	zh-Hans	zh-Hant	钜（钜子）	"[""鉅（鉅子）""]"	"[]"		"[""zh-tghz2013.6845"",""zh-tghz2013.6845.map-01""]"	"[]"	"[]"	sources/mappings.tsv	规范字编号 6845；对应码 6845_1	钜子是一种器物。 ⇄ 鉅子是一種器物。 (context authored-example; source project-authored; official mapping; lexical-context)	"[""钜子是一种器物。"",""鉅子是一種器物。""]"	"[""chinese"",""simplified-traditional"",""tghz2013"",""level-3"",""bidirectional"",""one-context-sentence"",""hans-to-hant""]"
zh-tghz2013-level-3/6845-map-01/hant-to-hans	通用规范汉字表 第3级	vocabulary	6845	zh-Hant	zh-Hans	鉅（鉅子）	"[""钜（钜子）""]"	"[]"		"[""zh-tghz2013.6845"",""zh-tghz2013.6845.map-01""]"	"[]"	"[]"	sources/mappings.tsv	规范字编号 6845；对应码 6845_1	钜子是一种器物。 ⇄ 鉅子是一種器物。 (context authored-example; source project-authored; official mapping; lexical-context)	"[""钜子是一种器物。"",""鉅子是一種器物。""]"	"[""chinese"",""simplified-traditional"",""tghz2013"",""level-3"",""bidirectional"",""one-context-sentence"",""hant-to-hans""]"
zh-tghz2013-level-3/6846-map-01/hans-to-hant	通用规范汉字表 第3级	vocabulary	6846	zh-Hans	zh-Hant	𬬮（𬬮字）	"[""鋹（鋹字）""]"	"[]"		"[""zh-tghz2013.6846"",""zh-tghz2013.6846.map-01""]"	"[]"	"[]"	sources/mappings.tsv	规范字编号 6846；对应码 6846_1	金属器物或技术资料中可见𬬮。 ⇄ 金屬器物或技術資料中可見鋹。 (context domain-template; source metalinguistic-fallback; official mapping; domain-template; Metallurgy / historical material culture: a rare metal-radical character used for a metal, tool, weapon, vessel, ornament, or technical term.)	"[""金属器物或技术资料中可见𬬮。"",""金屬器物或技術資料中可見鋹。""]"	"[""chinese"",""simplified-traditional"",""tghz2013"",""level-3"",""bidirectional"",""one-context-sentence"",""corner-case"",""hans-to-hant""]"
zh-tghz2013-level-3/6846-map-01/hant-to-hans	通用规范汉字表 第3级	vocabulary	6846	zh-Hant	zh-Hans	鋹（鋹字）	"[""𬬮（𬬮字）""]"	"[]"		"[""zh-tghz2013.6846"",""zh-tghz2013.6846.map-01""]"	"[]"	"[]"	sources/mappings.tsv	规范字编号 6846；对应码 6846_1	金属器物或技术资料中可见𬬮。 ⇄ 金屬器物或技術資料中可見鋹。 (context domain-template; source metalinguistic-fallback; official mapping; domain-template; Metallurgy / historical material culture: a rare metal-radical character used for a metal, tool, weapon, vessel, ornament, or technical term.)	"[""金属器物或技术资料中可见𬬮。"",""金屬器物或技術資料中可見鋹。""]"	"[""chinese"",""simplified-traditional"",""tghz2013"",""level-3"",""bidirectional"",""one-context-sentence"",""corner-case"",""hant-to-hans""]"
zh-tghz2013-level-3/6847-map-01/hans-to-hant	通用规范汉字表 第3级	vocabulary	6847	zh-Hans	zh-Hant	𬬱（𬬱字）	"[""釿（釿字）""]"	"[]"		"[""zh-tghz2013.6847"",""zh-tghz2013.6847.map-01""]"	"[]"	"[]"	sources/mappings.tsv	规范字编号 6847；对应码 6847_1	金属器物或技术资料中可见𬬱。 ⇄ 金屬器物或技術資料中可見釿。 (context domain-template; source metalinguistic-fallback; official mapping; domain-template; Metallurgy / historical material culture: a rare metal-radical character used for a metal, tool, weapon, vessel, ornament, or technical term.)	"[""金属器物或技术资料中可见𬬱。"",""金屬器物或技術資料中可見釿。""]"	"[""chinese"",""simplified-traditional"",""tghz2013"",""level-3"",""bidirectional"",""one-context-sentence"",""corner-case"",""hans-to-hant""]"
zh-tghz2013-level-3/6847-map-01/hant-to-hans	通用规范汉字表 第3级	vocabulary	6847	zh-Hant	zh-Hans	釿（釿字）	"[""𬬱（𬬱字）""]"	"[]"		"[""zh-tghz2013.6847"",""zh-tghz2013.6847.map-01""]"	"[]"	"[]"	sources/mappings.tsv	规范字编号 6847；对应码 6847_1	金属器物或技术资料中可见𬬱。 ⇄ 金屬器物或技術資料中可見釿。 (context domain-template; source metalinguistic-fallback; official mapping; domain-template; Metallurgy / historical material culture: a rare metal-radical character used for a metal, tool, weapon, vessel, ornament, or technical term.)	"[""金属器物或技术资料中可见𬬱。"",""金屬器物或技術資料中可見釿。""]"	"[""chinese"",""simplified-traditional"",""tghz2013"",""level-3"",""bidirectional"",""one-context-sentence"",""corner-case"",""hant-to-hans""]"
zh-tghz2013-level-3/6848-map-01/hans-to-hant	通用规范汉字表 第3级	vocabulary	6848	zh-Hans	zh-Hant	𬬭（𬬭字）	"[""錀（錀字）""]"	"[]"		"[""zh-tghz2013.6848"",""zh-tghz2013.6848.map-01""]"	"[]"	"[]"	sources/mappings.tsv	规范字编号 6848；对应码 6848_1	金属器物或技术资料中可见𬬭。 ⇄ 金屬器物或技術資料中可見錀。 (context domain-template; source metalinguistic-fallback; official mapping; domain-template; Metallurgy / historical material culture: a rare metal-radical character used for a metal, tool, weapon, vessel, ornament, or technical term.)	"[""金属器物或技术资料中可见𬬭。"",""金屬器物或技術資料中可見錀。""]"	"[""chinese"",""simplified-traditional"",""tghz2013"",""level-3"",""bidirectional"",""one-context-sentence"",""corner-case"",""hans-to-hant""]"
zh-tghz2013-level-3/6848-map-01/hant-to-hans	通用规范汉字表 第3级	vocabulary	6848	zh-Hant	zh-Hans	錀（錀字）	"[""𬬭（𬬭字）""]"	"[]"		"[""zh-tghz2013.6848"",""zh-tghz2013.6848.map-01""]"	"[]"	"[]"	sources/mappings.tsv	规范字编号 6848；对应码 6848_1	金属器物或技术资料中可见𬬭。 ⇄ 金屬器物或技術資料中可見錀。 (context domain-template; source metalinguistic-fallback; official mapping; domain-template; Metallurgy / historical material culture: a rare metal-radical character used for a metal, tool, weapon, vessel, ornament, or technical term.)	"[""金属器物或技术资料中可见𬬭。"",""金屬器物或技術資料中可見錀。""]"	"[""chinese"",""simplified-traditional"",""tghz2013"",""level-3"",""bidirectional"",""one-context-sentence"",""corner-case"",""hant-to-hans""]"
zh-tghz2013-level-3/6849-map-01/hans-to-hant	通用规范汉字表 第3级	vocabulary	6849	zh-Hans	zh-Hant	钪（钪字）	"[""鈧（鈧字）""]"	"[]"		"[""zh-tghz2013.6849"",""zh-tghz2013.6849.map-01""]"	"[]"	"[]"	sources/mappings.tsv	规范字编号 6849；对应码 6849_1	实验记录中提到了钪。 ⇄ 實驗記錄中提到了鈧。 (context element-domain; source metalinguistic-fallback; official mapping; element-domain; Chemistry: scandium, a chemical element represented by this character in Chinese technical terminology.)	"[""实验记录中提到了钪。"",""實驗記錄中提到了鈧。""]"	"[""chinese"",""simplified-traditional"",""tghz2013"",""level-3"",""bidirectional"",""one-context-sentence"",""corner-case"",""hans-to-hant""]"
zh-tghz2013-level-3/6849-map-01/hant-to-hans	通用规范汉字表 第3级	vocabulary	6849	zh-Hant	zh-Hans	鈧（鈧字）	"[""钪（钪字）""]"	"[]"		"[""zh-tghz2013.6849"",""zh-tghz2013.6849.map-01""]"	"[]"	"[]"	sources/mappings.tsv	规范字编号 6849；对应码 6849_1	实验记录中提到了钪。 ⇄ 實驗記錄中提到了鈧。 (context element-domain; source metalinguistic-fallback; official mapping; element-domain; Chemistry: scandium, a chemical element represented by this character in Chinese technical terminology.)	"[""实验记录中提到了钪。"",""實驗記錄中提到了鈧。""]"	"[""chinese"",""simplified-traditional"",""tghz2013"",""level-3"",""bidirectional"",""one-context-sentence"",""corner-case"",""hant-to-hans""]"
zh-tghz2013-level-3/6850-map-01/hans-to-hant	通用规范汉字表 第3级	vocabulary	6850	zh-Hans	zh-Hant	钬（钬字）	"[""鈥（鈥字）""]"	"[]"		"[""zh-tghz2013.6850"",""zh-tghz2013.6850.map-01""]"	"[]"	"[]"	sources/mappings.tsv	规范字编号 6850；对应码 6850_1	实验记录中提到了钬。 ⇄ 實驗記錄中提到了鈥。 (context element-domain; source metalinguistic-fallback; official mapping; element-domain; Chemistry: holmium, a chemical element represented by this character in Chinese technical terminology.)	"[""实验记录中提到了钬。"",""實驗記錄中提到了鈥。""]"	"[""chinese"",""simplified-traditional"",""tghz2013"",""level-3"",""bidirectional"",""one-context-sentence"",""corner-case"",""hans-to-hant""]"
zh-tghz2013-level-3/6850-map-01/hant-to-hans	通用规范汉字表 第3级	vocabulary	6850	zh-Hant	zh-Hans	鈥（鈥字）	"[""钬（钬字）""]"	"[]"		"[""zh-tghz2013.6850"",""zh-tghz2013.6850.map-01""]"	"[]"	"[]"	sources/mappings.tsv	规范字编号 6850；对应码 6850_1	实验记录中提到了钬。 ⇄ 實驗記錄中提到了鈥。 (context element-domain; source metalinguistic-fallback; official mapping; element-domain; Chemistry: holmium, a chemical element represented by this character in Chinese technical terminology.)	"[""实验记录中提到了钬。"",""實驗記錄中提到了鈥。""]"	"[""chinese"",""simplified-traditional"",""tghz2013"",""level-3"",""bidirectional"",""one-context-sentence"",""corner-case"",""hant-to-hans""]"
zh-tghz2013-level-3/6851-map-01/hans-to-hant	通用规范汉字表 第3级	vocabulary	6851	zh-Hans	zh-Hant	钭（钭字）	"[""鈄（鈄字）""]"	"[]"		"[""zh-tghz2013.6851"",""zh-tghz2013.6851.map-01""]"	"[]"	"[]"	sources/mappings.tsv	规范字编号 6851；对应码 6851_1	钭也可见于姓氏记录。 ⇄ 鈄也可見於姓氏記錄。 (context curated-domain; source metalinguistic-fallback; official mapping; curated-domain; Surname and historical object terminology: a rare character used as a family name and in older metal-object vocabulary.)	"[""钭也可见于姓氏记录。"",""鈄也可見於姓氏記錄。""]"	"[""chinese"",""simplified-traditional"",""tghz2013"",""level-3"",""bidirectional"",""one-context-sentence"",""corner-case"",""hans-to-hant""]"
zh-tghz2013-level-3/6851-map-01/hant-to-hans	通用规范汉字表 第3级	vocabulary	6851	zh-Hant	zh-Hans	鈄（鈄字）	"[""钭（钭字）""]"	"[]"		"[""zh-tghz2013.6851"",""zh-tghz2013.6851.map-01""]"	"[]"	"[]"	sources/mappings.tsv	规范字编号 6851；对应码 6851_1	钭也可见于姓氏记录。 ⇄ 鈄也可見於姓氏記錄。 (context curated-domain; source metalinguistic-fallback; official mapping; curated-domain; Surname and historical object terminology: a rare character used as a family name and in older metal-object vocabulary.)	"[""钭也可见于姓氏记录。"",""鈄也可見於姓氏記錄。""]"	"[""chinese"",""simplified-traditional"",""tghz2013"",""level-3"",""bidirectional"",""one-context-sentence"",""corner-case"",""hant-to-hans""]"
zh-tghz2013-level-3/6854-map-01/hans-to-hant	通用规范汉字表 第3级	vocabulary	6854	zh-Hans	zh-Hant	俫（按俫）	"[""倈（按倈）""]"	"[]"		"[""zh-tghz2013.6854"",""zh-tghz2013.6854.map-01""]"	"[]"	"[]"	sources/mappings.tsv	规范字编号 6854；对应码 6854_1	按俫是一个较少见的词语。 ⇄ 按倈是一個較少見的詞語。 (context authored-example; source project-authored; official mapping; lexical-context)	"[""按俫是一个较少见的词语。"",""按倈是一個較少見的詞語。""]"	"[""chinese"",""simplified-traditional"",""tghz2013"",""level-3"",""bidirectional"",""one-context-sentence"",""hans-to-hant""]"
zh-tghz2013-level-3/6854-map-01/hant-to-hans	通用规范汉字表 第3级	vocabulary	6854	zh-Hant	zh-Hans	倈（按倈）	"[""俫（按俫）""]"	"[]"		"[""zh-tghz2013.6854"",""zh-tghz2013.6854.map-01""]"	"[]"	"[]"	sources/mappings.tsv	规范字编号 6854；对应码 6854_1	按俫是一个较少见的词语。 ⇄ 按倈是一個較少見的詞語。 (context authored-example; source project-authored; official mapping; lexical-context)	"[""按俫是一个较少见的词语。"",""按倈是一個較少見的詞語。""]"	"[""chinese"",""simplified-traditional"",""tghz2013"",""level-3"",""bidirectional"",""one-context-sentence"",""hant-to-hans""]"
zh-tghz2013-level-3/6861-map-01/hans-to-hant	通用规范汉字表 第3级	vocabulary	6861	zh-Hans	zh-Hant	舣（南舣北驾）	"[""艤（南艤北駕）""]"	"[]"		"[""zh-tghz2013.6861"",""zh-tghz2013.6861.map-01""]"	"[]"	"[]"	sources/mappings.tsv	规范字编号 6861；对应码 6861_1	南舣北驾是一个较少见的词语。 ⇄ 南艤北駕是一個較少見的詞語。 (context authored-example; source project-authored; official mapping; lexical-context)	"[""南舣北驾是一个较少见的词语。"",""南艤北駕是一個較少見的詞語。""]"	"[""chinese"",""simplified-traditional"",""tghz2013"",""level-3"",""bidirectional"",""one-context-sentence"",""hans-to-hant""]"
zh-tghz2013-level-3/6861-map-01/hant-to-hans	通用规范汉字表 第3级	vocabulary	6861	zh-Hant	zh-Hans	艤（南艤北駕）	"[""舣（南舣北驾）""]"	"[]"		"[""zh-tghz2013.6861"",""zh-tghz2013.6861.map-01""]"	"[]"	"[]"	sources/mappings.tsv	规范字编号 6861；对应码 6861_1	南舣北驾是一个较少见的词语。 ⇄ 南艤北駕是一個較少見的詞語。 (context authored-example; source project-authored; official mapping; lexical-context)	"[""南舣北驾是一个较少见的词语。"",""南艤北駕是一個較少見的詞語。""]"	"[""chinese"",""simplified-traditional"",""tghz2013"",""level-3"",""bidirectional"",""one-context-sentence"",""hant-to-hans""]"
zh-tghz2013-level-3/6864-map-01/hans-to-hant	通用规范汉字表 第3级	vocabulary	6864	zh-Hans	zh-Hant	鸧（鸧鹒）	"[""鶬（鶬鶊）""]"	"[]"		"[""zh-tghz2013.6864"",""zh-tghz2013.6864.map-01""]"	"[]"	"[]"	sources/mappings.tsv	规范字编号 6864；对应码 6864_1	鸧鹒是一种鸟。 ⇄ 鶬鶊是一種鳥。 (context authored-example; source project-authored; official mapping; lexical-context)	"[""鸧鹒是一种鸟。"",""鶬鶊是一種鳥。""]"	"[""chinese"",""simplified-traditional"",""tghz2013"",""level-3"",""bidirectional"",""one-context-sentence"",""hans-to-hant""]"
zh-tghz2013-level-3/6864-map-01/hant-to-hans	通用规范汉字表 第3级	vocabulary	6864	zh-Hant	zh-Hans	鶬（鶬鶊）	"[""鸧（鸧鹒）""]"	"[]"		"[""zh-tghz2013.6864"",""zh-tghz2013.6864.map-01""]"	"[]"	"[]"	sources/mappings.tsv	规范字编号 6864；对应码 6864_1	鸧鹒是一种鸟。 ⇄ 鶬鶊是一種鳥。 (context authored-example; source project-authored; official mapping; lexical-context)	"[""鸧鹒是一种鸟。"",""鶬鶊是一種鳥。""]"	"[""chinese"",""simplified-traditional"",""tghz2013"",""level-3"",""bidirectional"",""one-context-sentence"",""hant-to-hans""]"
zh-tghz2013-level-3/6872-map-01/hans-to-hant	通用规范汉字表 第3级	vocabulary	6872	zh-Hans	zh-Hant	飐（飐飐）	"[""颭（颭颭）""]"	"[]"		"[""zh-tghz2013.6872"",""zh-tghz2013.6872.map-01""]"	"[]"	"[]"	sources/mappings.tsv	规范字编号 6872；对应码 6872_1	飐飐是一个较少见的词语。 ⇄ 颭颭是一個較少見的詞語。 (context authored-example; source project-authored; official mapping; lexical-context)	"[""飐飐是一个较少见的词语。"",""颭颭是一個較少見的詞語。""]"	"[""chinese"",""simplified-traditional"",""tghz2013"",""level-3"",""bidirectional"",""one-context-sentence"",""hans-to-hant""]"
zh-tghz2013-level-3/6872-map-01/hant-to-hans	通用规范汉字表 第3级	vocabulary	6872	zh-Hant	zh-Hans	颭（颭颭）	"[""飐（飐飐）""]"	"[]"		"[""zh-tghz2013.6872"",""zh-tghz2013.6872.map-01""]"	"[]"	"[]"	sources/mappings.tsv	规范字编号 6872；对应码 6872_1	飐飐是一个较少见的词语。 ⇄ 颭颭是一個較少見的詞語。 (context authored-example; source project-authored; official mapping; lexical-context)	"[""飐飐是一个较少见的词语。"",""颭颭是一個較少見的詞語。""]"	"[""chinese"",""simplified-traditional"",""tghz2013"",""level-3"",""bidirectional"",""one-context-sentence"",""hant-to-hans""]"
zh-tghz2013-level-3/6874-map-01/hans-to-hant	通用规范汉字表 第3级	vocabulary	6874	zh-Hans	zh-Hant	饻（饻字）	"[""餏（餏字）""]"	"[]"		"[""zh-tghz2013.6874"",""zh-tghz2013.6874.map-01""]"	"[]"	"[]"	sources/mappings.tsv	规范字编号 6874；对应码 6874_1	地方食谱中提到了饻。 ⇄ 地方食譜中提到了餏。 (context domain-template; source metalinguistic-fallback; official mapping; domain-template; Traditional or regional food vocabulary: a rare character used for a dish, food, or preparation.)	"[""地方食谱中提到了饻。"",""地方食譜中提到了餏。""]"	"[""chinese"",""simplified-traditional"",""tghz2013"",""level-3"",""bidirectional"",""one-context-sentence"",""corner-case"",""hans-to-hant""]"
zh-tghz2013-level-3/6874-map-01/hant-to-hans	通用规范汉字表 第3级	vocabulary	6874	zh-Hant	zh-Hans	餏（餏字）	"[""饻（饻字）""]"	"[]"		"[""zh-tghz2013.6874"",""zh-tghz2013.6874.map-01""]"	"[]"	"[]"	sources/mappings.tsv	规范字编号 6874；对应码 6874_1	地方食谱中提到了饻。 ⇄ 地方食譜中提到了餏。 (context domain-template; source metalinguistic-fallback; official mapping; domain-template; Traditional or regional food vocabulary: a rare character used for a dish, food, or preparation.)	"[""地方食谱中提到了饻。"",""地方食譜中提到了餏。""]"	"[""chinese"",""simplified-traditional"",""tghz2013"",""level-3"",""bidirectional"",""one-context-sentence"",""corner-case"",""hant-to-hans""]"
zh-tghz2013-level-3/6886-map-01/hans-to-hant	通用规范汉字表 第3级	vocabulary	6886	zh-Hans	zh-Hant	浈（浈江区）	"[""湞（湞江區）""]"	"[]"		"[""zh-tghz2013.6886"",""zh-tghz2013.6886.map-01""]"	"[]"	"[]"	sources/mappings.tsv	规范字编号 6886；对应码 6886_1	浈江区是一个地名。 ⇄ 湞江區是一個地名。 (context authored-example; source project-authored; official mapping; lexical-context)	"[""浈江区是一个地名。"",""湞江區是一個地名。""]"	"[""chinese"",""simplified-traditional"",""tghz2013"",""level-3"",""bidirectional"",""one-context-sentence"",""hans-to-hant""]"
zh-tghz2013-level-3/6886-map-01/hant-to-hans	通用规范汉字表 第3级	vocabulary	6886	zh-Hant	zh-Hans	湞（湞江區）	"[""浈（浈江区）""]"	"[]"		"[""zh-tghz2013.6886"",""zh-tghz2013.6886.map-01""]"	"[]"	"[]"	sources/mappings.tsv	规范字编号 6886；对应码 6886_1	浈江区是一个地名。 ⇄ 湞江區是一個地名。 (context authored-example; source project-authored; official mapping; lexical-context)	"[""浈江区是一个地名。"",""湞江區是一個地名。""]"	"[""chinese"",""simplified-traditional"",""tghz2013"",""level-3"",""bidirectional"",""one-context-sentence"",""hant-to-hans""]"
zh-tghz2013-level-3/6887-map-01/hans-to-hant	通用规范汉字表 第3级	vocabulary	6887	zh-Hans	zh-Hant	浉（浉河）	"[""溮（溮河）""]"	"[]"		"[""zh-tghz2013.6887"",""zh-tghz2013.6887.map-01""]"	"[]"	"[]"	sources/mappings.tsv	规范字编号 6887；对应码 6887_1	浉河是一个地名。 ⇄ 溮河是一個地名。 (context authored-example; source project-authored; official mapping; lexical-context)	"[""浉河是一个地名。"",""溮河是一個地名。""]"	"[""chinese"",""simplified-traditional"",""tghz2013"",""level-3"",""bidirectional"",""one-context-sentence"",""hans-to-hant""]"
zh-tghz2013-level-3/6887-map-01/hant-to-hans	通用规范汉字表 第3级	vocabulary	6887	zh-Hant	zh-Hans	溮（溮河）	"[""浉（浉河）""]"	"[]"		"[""zh-tghz2013.6887"",""zh-tghz2013.6887.map-01""]"	"[]"	"[]"	sources/mappings.tsv	规范字编号 6887；对应码 6887_1	浉河是一个地名。 ⇄ 溮河是一個地名。 (context authored-example; source project-authored; official mapping; lexical-context)	"[""浉河是一个地名。"",""溮河是一個地名。""]"	"[""chinese"",""simplified-traditional"",""tghz2013"",""level-3"",""bidirectional"",""one-context-sentence"",""hant-to-hans""]"
zh-tghz2013-level-3/6895-map-01/hans-to-hant	通用规范汉字表 第3级	vocabulary	6895	zh-Hans	zh-Hant	浐（浐河）	"[""滻（滻河）""]"	"[]"		"[""zh-tghz2013.6895"",""zh-tghz2013.6895.map-01""]"	"[]"	"[]"	sources/mappings.tsv	规范字编号 6895；对应码 6895_1	浐河是一个地名。 ⇄ 滻河是一個地名。 (context authored-example; source project-authored; official mapping; lexical-context)	"[""浐河是一个地名。"",""滻河是一個地名。""]"	"[""chinese"",""simplified-traditional"",""tghz2013"",""level-3"",""bidirectional"",""one-context-sentence"",""hans-to-hant""]"
zh-tghz2013-level-3/6895-map-01/hant-to-hans	通用规范汉字表 第3级	vocabulary	6895	zh-Hant	zh-Hans	滻（滻河）	"[""浐（浐河）""]"	"[]"		"[""zh-tghz2013.6895"",""zh-tghz2013.6895.map-01""]"	"[]"	"[]"	sources/mappings.tsv	规范字编号 6895；对应码 6895_1	浐河是一个地名。 ⇄ 滻河是一個地名。 (context authored-example; source project-authored; official mapping; lexical-context)	"[""浐河是一个地名。"",""滻河是一個地名。""]"	"[""chinese"",""simplified-traditional"",""tghz2013"",""level-3"",""bidirectional"",""one-context-sentence"",""hant-to-hans""]"
zh-tghz2013-level-3/6903-map-01/hans-to-hant	通用规范汉字表 第3级	vocabulary	6903	zh-Hans	zh-Hant	袆（袆字）	"[""褘（褘字）""]"	"[]"		"[""zh-tghz2013.6903"",""zh-tghz2013.6903.map-01""]"	"[]"	"[]"	sources/mappings.tsv	规范字编号 6903；对应码 6903_1	古代礼制记载中出现了袆。 ⇄ 古代禮制記載中出現了褘。 (context domain-template; source metalinguistic-fallback; official mapping; domain-template; Ancient ritual and material culture: a rare character associated with ceremony, offerings, dress, or ritual objects.)	"[""古代礼制记载中出现了袆。"",""古代禮制記載中出現了褘。""]"	"[""chinese"",""simplified-traditional"",""tghz2013"",""level-3"",""bidirectional"",""one-context-sentence"",""corner-case"",""hans-to-hant""]"
zh-tghz2013-level-3/6903-map-01/hant-to-hans	通用规范汉字表 第3级	vocabulary	6903	zh-Hant	zh-Hans	褘（褘字）	"[""袆（袆字）""]"	"[]"		"[""zh-tghz2013.6903"",""zh-tghz2013.6903.map-01""]"	"[]"	"[]"	sources/mappings.tsv	规范字编号 6903；对应码 6903_1	古代礼制记载中出现了袆。 ⇄ 古代禮制記載中出現了褘。 (context domain-template; source metalinguistic-fallback; official mapping; domain-template; Ancient ritual and material culture: a rare character associated with ceremony, offerings, dress, or ritual objects.)	"[""古代礼制记载中出现了袆。"",""古代禮制記載中出現了褘。""]"	"[""chinese"",""simplified-traditional"",""tghz2013"",""level-3"",""bidirectional"",""one-context-sentence"",""corner-case"",""hant-to-hans""]"
zh-tghz2013-level-3/6917-map-01/hans-to-hant	通用规范汉字表 第3级	vocabulary	6917	zh-Hans	zh-Hant	绖（绖字）	"[""絰（絰字）""]"	"[]"		"[""zh-tghz2013.6917"",""zh-tghz2013.6917.map-01""]"	"[]"	"[]"	sources/mappings.tsv	规范字编号 6917；对应码 6917_1	古代织物记录中出现了绖。 ⇄ 古代織物記錄中出現了絰。 (context domain-template; source metalinguistic-fallback; official mapping; domain-template; Traditional textiles / cordage: a rare character associated with fibres, silk, thread, rope, or textile production.)	"[""古代织物记录中出现了绖。"",""古代織物記錄中出現了絰。""]"	"[""chinese"",""simplified-traditional"",""tghz2013"",""level-3"",""bidirectional"",""one-context-sentence"",""corner-case"",""hans-to-hant""]"
zh-tghz2013-level-3/6917-map-01/hant-to-hans	通用规范汉字表 第3级	vocabulary	6917	zh-Hant	zh-Hans	絰（絰字）	"[""绖（绖字）""]"	"[]"		"[""zh-tghz2013.6917"",""zh-tghz2013.6917.map-01""]"	"[]"	"[]"	sources/mappings.tsv	规范字编号 6917；对应码 6917_1	古代织物记录中出现了绖。 ⇄ 古代織物記錄中出現了絰。 (context domain-template; source metalinguistic-fallback; official mapping; domain-template; Traditional textiles / cordage: a rare character associated with fibres, silk, thread, rope, or textile production.)	"[""古代织物记录中出现了绖。"",""古代織物記錄中出現了絰。""]"	"[""chinese"",""simplified-traditional"",""tghz2013"",""level-3"",""bidirectional"",""one-context-sentence"",""corner-case"",""hant-to-hans""]"
zh-tghz2013-level-3/6918-map-01/hans-to-hant	通用规范汉字表 第3级	vocabulary	6918	zh-Hans	zh-Hant	骃（骃字）	"[""駰（駰字）""]"	"[]"		"[""zh-tghz2013.6918"",""zh-tghz2013.6918.map-01""]"	"[]"	"[]"	sources/mappings.tsv	规范字编号 6918；对应码 6918_1	古籍中用骃描述马匹。 ⇄ 古籍中用駰描述馬匹。 (context domain-template; source metalinguistic-fallback; official mapping; domain-template; Historical transport / equine terminology: a rare character associated with horses, riding, or carriage travel.)	"[""古籍中用骃描述马匹。"",""古籍中用駰描述馬匹。""]"	"[""chinese"",""simplified-traditional"",""tghz2013"",""level-3"",""bidirectional"",""one-context-sentence"",""corner-case"",""hans-to-hant""]"
zh-tghz2013-level-3/6918-map-01/hant-to-hans	通用规范汉字表 第3级	vocabulary	6918	zh-Hant	zh-Hans	駰（駰字）	"[""骃（骃字）""]"	"[]"		"[""zh-tghz2013.6918"",""zh-tghz2013.6918.map-01""]"	"[]"	"[]"	sources/mappings.tsv	规范字编号 6918；对应码 6918_1	古籍中用骃描述马匹。 ⇄ 古籍中用駰描述馬匹。 (context domain-template; source metalinguistic-fallback; official mapping; domain-template; Historical transport / equine terminology: a rare character associated with horses, riding, or carriage travel.)	"[""古籍中用骃描述马匹。"",""古籍中用駰描述馬匹。""]"	"[""chinese"",""simplified-traditional"",""tghz2013"",""level-3"",""bidirectional"",""one-context-sentence"",""corner-case"",""hant-to-hans""]"
zh-tghz2013-level-3/6919-map-01/hans-to-hant	通用规范汉字表 第3级	vocabulary	6919	zh-Hans	zh-Hant	𬘡（𬘡字）	"[""絪（絪字）""]"	"[]"		"[""zh-tghz2013.6919"",""zh-tghz2013.6919.map-01""]"	"[]"	"[]"	sources/mappings.tsv	规范字编号 6919；对应码 6919_1	古代织物记录中出现了𬘡。 ⇄ 古代織物記錄中出現了絪。 (context domain-template; source metalinguistic-fallback; official mapping; domain-template; Traditional textiles / cordage: a rare character associated with fibres, silk, thread, rope, or textile production.)	"[""古代织物记录中出现了𬘡。"",""古代織物記錄中出現了絪。""]"	"[""chinese"",""simplified-traditional"",""tghz2013"",""level-3"",""bidirectional"",""one-context-sentence"",""corner-case"",""hans-to-hant""]"
zh-tghz2013-level-3/6919-map-01/hant-to-hans	通用规范汉字表 第3级	vocabulary	6919	zh-Hant	zh-Hans	絪（絪字）	"[""𬘡（𬘡字）""]"	"[]"		"[""zh-tghz2013.6919"",""zh-tghz2013.6919.map-01""]"	"[]"	"[]"	sources/mappings.tsv	规范字编号 6919；对应码 6919_1	古代织物记录中出现了𬘡。 ⇄ 古代織物記錄中出現了絪。 (context domain-template; source metalinguistic-fallback; official mapping; domain-template; Traditional textiles / cordage: a rare character associated with fibres, silk, thread, rope, or textile production.)	"[""古代织物记录中出现了𬘡。"",""古代織物記錄中出現了絪。""]"	"[""chinese"",""simplified-traditional"",""tghz2013"",""level-3"",""bidirectional"",""one-context-sentence"",""corner-case"",""hant-to-hans""]"
zh-tghz2013-level-3/6920-map-01/hans-to-hant	通用规范汉字表 第3级	vocabulary	6920	zh-Hans	zh-Hant	𬳽（𬳽字）	"[""駪（駪字）""]"	"[]"		"[""zh-tghz2013.6920"",""zh-tghz2013.6920.map-01""]"	"[]"	"[]"	sources/mappings.tsv	规范字编号 6920；对应码 6920_1	古籍中用𬳽描述马匹。 ⇄ 古籍中用駪描述馬匹。 (context domain-template; source metalinguistic-fallback; official mapping; domain-template; Historical transport / equine terminology: a rare character associated with horses, riding, or carriage travel.)	"[""古籍中用𬳽描述马匹。"",""古籍中用駪描述馬匹。""]"	"[""chinese"",""simplified-traditional"",""tghz2013"",""level-3"",""bidirectional"",""one-context-sentence"",""corner-case"",""hans-to-hant""]"
zh-tghz2013-level-3/6920-map-01/hant-to-hans	通用规范汉字表 第3级	vocabulary	6920	zh-Hant	zh-Hans	駪（駪字）	"[""𬳽（𬳽字）""]"	"[]"		"[""zh-tghz2013.6920"",""zh-tghz2013.6920.map-01""]"	"[]"	"[]"	sources/mappings.tsv	规范字编号 6920；对应码 6920_1	古籍中用𬳽描述马匹。 ⇄ 古籍中用駪描述馬匹。 (context domain-template; source metalinguistic-fallback; official mapping; domain-template; Historical transport / equine terminology: a rare character associated with horses, riding, or carriage travel.)	"[""古籍中用𬳽描述马匹。"",""古籍中用駪描述馬匹。""]"	"[""chinese"",""simplified-traditional"",""tghz2013"",""level-3"",""bidirectional"",""one-context-sentence"",""corner-case"",""hant-to-hans""]"
zh-tghz2013-level-3/6921-map-01/hans-to-hant	通用规范汉字表 第3级	vocabulary	6921	zh-Hans	zh-Hant	𬘩（𬘩字）	"[""綎（綎字）""]"	"[]"		"[""zh-tghz2013.6921"",""zh-tghz2013.6921.map-01""]"	"[]"	"[]"	sources/mappings.tsv	规范字编号 6921；对应码 6921_1	古代织物记录中出现了𬘩。 ⇄ 古代織物記錄中出現了綎。 (context domain-template; source metalinguistic-fallback; official mapping; domain-template; Traditional textiles / cordage: a rare character associated with fibres, silk, thread, rope, or textile production.)	"[""古代织物记录中出现了𬘩。"",""古代織物記錄中出現了綎。""]"	"[""chinese"",""simplified-traditional"",""tghz2013"",""level-3"",""bidirectional"",""one-context-sentence"",""corner-case"",""hans-to-hant""]"
zh-tghz2013-level-3/6921-map-01/hant-to-hans	通用规范汉字表 第3级	vocabulary	6921	zh-Hant	zh-Hans	綎（綎字）	"[""𬘩（𬘩字）""]"	"[]"		"[""zh-tghz2013.6921"",""zh-tghz2013.6921.map-01""]"	"[]"	"[]"	sources/mappings.tsv	规范字编号 6921；对应码 6921_1	古代织物记录中出现了𬘩。 ⇄ 古代織物記錄中出現了綎。 (context domain-template; source metalinguistic-fallback; official mapping; domain-template; Traditional textiles / cordage: a rare character associated with fibres, silk, thread, rope, or textile production.)	"[""古代织物记录中出现了𬘩。"",""古代織物記錄中出現了綎。""]"	"[""chinese"",""simplified-traditional"",""tghz2013"",""level-3"",""bidirectional"",""one-context-sentence"",""corner-case"",""hant-to-hans""]"
zh-tghz2013-level-3/6922-map-01/hans-to-hant	通用规范汉字表 第3级	vocabulary	6922	zh-Hans	zh-Hant	𫄧（𫄧字）	"[""綖（綖字）""]"	"[]"		"[""zh-tghz2013.6922"",""zh-tghz2013.6922.map-01""]"	"[]"	"[]"	sources/mappings.tsv	规范字编号 6922；对应码 6922_1	古代织物记录中出现了𫄧。 ⇄ 古代織物記錄中出現了綖。 (context domain-template; source metalinguistic-fallback; official mapping; domain-template; Traditional textiles / cordage: a rare character associated with fibres, silk, thread, rope, or textile production.)	"[""古代织物记录中出现了𫄧。"",""古代織物記錄中出現了綖。""]"	"[""chinese"",""simplified-traditional"",""tghz2013"",""level-3"",""bidirectional"",""one-context-sentence"",""corner-case"",""hans-to-hant""]"
zh-tghz2013-level-3/6922-map-01/hant-to-hans	通用规范汉字表 第3级	vocabulary	6922	zh-Hant	zh-Hans	綖（綖字）	"[""𫄧（𫄧字）""]"	"[]"		"[""zh-tghz2013.6922"",""zh-tghz2013.6922.map-01""]"	"[]"	"[]"	sources/mappings.tsv	规范字编号 6922；对应码 6922_1	古代织物记录中出现了𫄧。 ⇄ 古代織物記錄中出現了綖。 (context domain-template; source metalinguistic-fallback; official mapping; domain-template; Traditional textiles / cordage: a rare character associated with fibres, silk, thread, rope, or textile production.)	"[""古代织物记录中出现了𫄧。"",""古代織物記錄中出現了綖。""]"	"[""chinese"",""simplified-traditional"",""tghz2013"",""level-3"",""bidirectional"",""one-context-sentence"",""corner-case"",""hant-to-hans""]"
zh-tghz2013-level-3/6924-map-01/hans-to-hant	通用规范汉字表 第3级	vocabulary	6924	zh-Hans	zh-Hant	骉（骉字）	"[""驫（驫字）""]"	"[]"		"[""zh-tghz2013.6924"",""zh-tghz2013.6924.map-01""]"	"[]"	"[]"	sources/mappings.tsv	规范字编号 6924；对应码 6924_1	古籍中用骉描述马匹。 ⇄ 古籍中用驫描述馬匹。 (context domain-template; source metalinguistic-fallback; official mapping; domain-template; Historical transport / equine terminology: a rare character associated with horses, riding, or carriage travel.)	"[""古籍中用骉描述马匹。"",""古籍中用驫描述馬匹。""]"	"[""chinese"",""simplified-traditional"",""tghz2013"",""level-3"",""bidirectional"",""one-context-sentence"",""corner-case"",""hans-to-hant""]"
zh-tghz2013-level-3/6924-map-01/hant-to-hans	通用规范汉字表 第3级	vocabulary	6924	zh-Hant	zh-Hans	驫（驫字）	"[""骉（骉字）""]"	"[]"		"[""zh-tghz2013.6924"",""zh-tghz2013.6924.map-01""]"	"[]"	"[]"	sources/mappings.tsv	规范字编号 6924；对应码 6924_1	古籍中用骉描述马匹。 ⇄ 古籍中用驫描述馬匹。 (context domain-template; source metalinguistic-fallback; official mapping; domain-template; Historical transport / equine terminology: a rare character associated with horses, riding, or carriage travel.)	"[""古籍中用骉描述马匹。"",""古籍中用驫描述馬匹。""]"	"[""chinese"",""simplified-traditional"",""tghz2013"",""level-3"",""bidirectional"",""one-context-sentence"",""corner-case"",""hant-to-hans""]"
zh-tghz2013-level-3/6932-map-01/hans-to-hant	通用规范汉字表 第3级	vocabulary	6932	zh-Hans	zh-Hant	𪟝（𪟝字）	"[""勣（勣字）""]"	"[]"		"[""zh-tghz2013.6932"",""zh-tghz2013.6932.map-01""]"	"[]"	"[]"	sources/mappings.tsv	规范字编号 6932；对应码 6932_1	史书称赞他的𪟝。 ⇄ 史書稱讚他的勣。 (context curated-domain; source metalinguistic-fallback; official mapping; curated-domain; Classical administrative and biographical vocabulary: achievements, merit, or conduct deserving recognition.)	"[""史书称赞他的𪟝。"",""史書稱讚他的勣。""]"	"[""chinese"",""simplified-traditional"",""tghz2013"",""level-3"",""bidirectional"",""one-context-sentence"",""corner-case"",""hans-to-hant""]"
zh-tghz2013-level-3/6932-map-01/hant-to-hans	通用规范汉字表 第3级	vocabulary	6932	zh-Hant	zh-Hans	勣（勣字）	"[""𪟝（𪟝字）""]"	"[]"		"[""zh-tghz2013.6932"",""zh-tghz2013.6932.map-01""]"	"[]"	"[]"	sources/mappings.tsv	规范字编号 6932；对应码 6932_1	史书称赞他的𪟝。 ⇄ 史書稱讚他的勣。 (context curated-domain; source metalinguistic-fallback; official mapping; curated-domain; Classical administrative and biographical vocabulary: achievements, merit, or conduct deserving recognition.)	"[""史书称赞他的𪟝。"",""史書稱讚他的勣。""]"	"[""chinese"",""simplified-traditional"",""tghz2013"",""level-3"",""bidirectional"",""one-context-sentence"",""corner-case"",""hant-to-hans""]"
zh-tghz2013-level-3/6937-map-01/hans-to-hant	通用规范汉字表 第3级	vocabulary	6937	zh-Hans	zh-Hant	𬍤（𬍤字）	"[""璕（璕字）""]"	"[]"		"[""zh-tghz2013.6937"",""zh-tghz2013.6937.map-01""]"	"[]"	"[]"	sources/mappings.tsv	规范字编号 6937；对应码 6937_1	古代玉器或人名记录中可见𬍤。 ⇄ 古代玉器或人名記錄中可見璕。 (context domain-template; source metalinguistic-fallback; official mapping; domain-template; Jade terminology / personal names: a rare character associated with jade, ornament, or name usage.)	"[""古代玉器或人名记录中可见𬍤。"",""古代玉器或人名記錄中可見璕。""]"	"[""chinese"",""simplified-traditional"",""tghz2013"",""level-3"",""bidirectional"",""one-context-sentence"",""corner-case"",""hans-to-hant""]"
zh-tghz2013-level-3/6937-map-01/hant-to-hans	通用规范汉字表 第3级	vocabulary	6937	zh-Hant	zh-Hans	璕（璕字）	"[""𬍤（𬍤字）""]"	"[]"		"[""zh-tghz2013.6937"",""zh-tghz2013.6937.map-01""]"	"[]"	"[]"	sources/mappings.tsv	规范字编号 6937；对应码 6937_1	古代玉器或人名记录中可见𬍤。 ⇄ 古代玉器或人名記錄中可見璕。 (context domain-template; source metalinguistic-fallback; official mapping; domain-template; Jade terminology / personal names: a rare character associated with jade, ornament, or name usage.)	"[""古代玉器或人名记录中可见𬍤。"",""古代玉器或人名記錄中可見璕。""]"	"[""chinese"",""simplified-traditional"",""tghz2013"",""level-3"",""bidirectional"",""one-context-sentence"",""corner-case"",""hant-to-hans""]"
zh-tghz2013-level-3/6941-map-01/hans-to-hant	通用规范汉字表 第3级	vocabulary	6941	zh-Hans	zh-Hant	𫭼（𫭼字）	"[""𡑍（𡑍字）""]"	"[]"		"[""zh-tghz2013.6941"",""zh-tghz2013.6941.map-01""]"	"[]"	"[]"	sources/mappings.tsv	规范字编号 6941；对应码 6941_1	地方志中记载了𫭼。 ⇄ 地方志中記載了𡑍。 (context domain-template; source metalinguistic-fallback; official mapping; domain-template; Historical geography / topography: a rare character used for terrain, a structure, or a place name.)	"[""地方志中记载了𫭼。"",""地方志中記載了𡑍。""]"	"[""chinese"",""simplified-traditional"",""tghz2013"",""level-3"",""bidirectional"",""one-context-sentence"",""corner-case"",""hans-to-hant""]"
zh-tghz2013-level-3/6941-map-01/hant-to-hans	通用规范汉字表 第3级	vocabulary	6941	zh-Hant	zh-Hans	𡑍（𡑍字）	"[""𫭼（𫭼字）""]"	"[]"		"[""zh-tghz2013.6941"",""zh-tghz2013.6941.map-01""]"	"[]"	"[]"	sources/mappings.tsv	规范字编号 6941；对应码 6941_1	地方志中记载了𫭼。 ⇄ 地方志中記載了𡑍。 (context domain-template; source metalinguistic-fallback; official mapping; domain-template; Historical geography / topography: a rare character used for terrain, a structure, or a place name.)	"[""地方志中记载了𫭼。"",""地方志中記載了𡑍。""]"	"[""chinese"",""simplified-traditional"",""tghz2013"",""level-3"",""bidirectional"",""one-context-sentence"",""corner-case"",""hant-to-hans""]"
zh-tghz2013-level-3/6951-map-01/hans-to-hant	通用规范汉字表 第3级	vocabulary	6951	zh-Hans	zh-Hant	𬜯（𬜯字）	"[""䓣（䓣字）""]"	"[]"		"[""zh-tghz2013.6951"",""zh-tghz2013.6951.map-01""]"	"[]"	"[]"	sources/mappings.tsv	规范字编号 6951；对应码 6951_1	本草书中记载了𬜯。 ⇄ 本草書中記載了䓣。 (context domain-template; source metalinguistic-fallback; official mapping; domain-template; Botany / traditional materia medica: a rare character used in a plant name or botanical description.)	"[""本草书中记载了𬜯。"",""本草書中記載了䓣。""]"	"[""chinese"",""simplified-traditional"",""tghz2013"",""level-3"",""bidirectional"",""one-context-sentence"",""corner-case"",""hans-to-hant""]"
zh-tghz2013-level-3/6951-map-01/hant-to-hans	通用规范汉字表 第3级	vocabulary	6951	zh-Hant	zh-Hans	䓣（䓣字）	"[""𬜯（𬜯字）""]"	"[]"		"[""zh-tghz2013.6951"",""zh-tghz2013.6951.map-01""]"	"[]"	"[]"	sources/mappings.tsv	规范字编号 6951；对应码 6951_1	本草书中记载了𬜯。 ⇄ 本草書中記載了䓣。 (context domain-template; source metalinguistic-fallback; official mapping; domain-template; Botany / traditional materia medica: a rare character used in a plant name or botanical description.)	"[""本草书中记载了𬜯。"",""本草書中記載了䓣。""]"	"[""chinese"",""simplified-traditional"",""tghz2013"",""level-3"",""bidirectional"",""one-context-sentence"",""corner-case"",""hant-to-hans""]"
zh-tghz2013-level-3/6953-map-01/hans-to-hant	通用规范汉字表 第3级	vocabulary	6953	zh-Hans	zh-Hant	莶（豨莶草）	"[""薟（豨薟草）""]"	"[]"		"[""zh-tghz2013.6953"",""zh-tghz2013.6953.map-01""]"	"[]"	"[]"	sources/mappings.tsv	规范字编号 6953；对应码 6953_1	豨莶草是一种植物。 ⇄ 豨薟草是一種植物。 (context authored-example; source project-authored; official mapping; lexical-context)	"[""豨莶草是一种植物。"",""豨薟草是一種植物。""]"	"[""chinese"",""simplified-traditional"",""tghz2013"",""level-3"",""bidirectional"",""one-context-sentence"",""hans-to-hant""]"
zh-tghz2013-level-3/6953-map-01/hant-to-hans	通用规范汉字表 第3级	vocabulary	6953	zh-Hant	zh-Hans	薟（豨薟草）	"[""莶（豨莶草）""]"	"[]"		"[""zh-tghz2013.6953"",""zh-tghz2013.6953.map-01""]"	"[]"	"[]"	sources/mappings.tsv	规范字编号 6953；对应码 6953_1	豨莶草是一种植物。 ⇄ 豨薟草是一種植物。 (context authored-example; source project-authored; official mapping; lexical-context)	"[""豨莶草是一种植物。"",""豨薟草是一種植物。""]"	"[""chinese"",""simplified-traditional"",""tghz2013"",""level-3"",""bidirectional"",""one-context-sentence"",""hant-to-hans""]"
zh-tghz2013-level-3/6955-map-01/hans-to-hant	通用规范汉字表 第3级	vocabulary	6955	zh-Hans	zh-Hant	䓖（芎䓖）	"[""藭（芎藭）""]"	"[]"		"[""zh-tghz2013.6955"",""zh-tghz2013.6955.map-01""]"	"[]"	"[]"	sources/mappings.tsv	规范字编号 6955；对应码 6955_1	芎䓖是一种植物。 ⇄ 芎藭是一種植物。 (context authored-example; source project-authored; official mapping; lexical-context)	"[""芎䓖是一种植物。"",""芎藭是一種植物。""]"	"[""chinese"",""simplified-traditional"",""tghz2013"",""level-3"",""bidirectional"",""one-context-sentence"",""hans-to-hant""]"
zh-tghz2013-level-3/6955-map-01/hant-to-hans	通用规范汉字表 第3级	vocabulary	6955	zh-Hant	zh-Hans	藭（芎藭）	"[""䓖（芎䓖）""]"	"[]"		"[""zh-tghz2013.6955"",""zh-tghz2013.6955.map-01""]"	"[]"	"[]"	sources/mappings.tsv	规范字编号 6955；对应码 6955_1	芎䓖是一种植物。 ⇄ 芎藭是一種植物。 (context authored-example; source project-authored; official mapping; lexical-context)	"[""芎䓖是一种植物。"",""芎藭是一種植物。""]"	"[""chinese"",""simplified-traditional"",""tghz2013"",""level-3"",""bidirectional"",""one-context-sentence"",""hant-to-hans""]"
zh-tghz2013-level-3/6958-map-01/hans-to-hant	通用规范汉字表 第3级	vocabulary	6958	zh-Hans	zh-Hant	桠（枝桠）	"[""椏（枝椏）""]"	"[]"		"[""zh-tghz2013.6958"",""zh-tghz2013.6958.map-01""]"	"[]"	"[]"	sources/mappings.tsv	规范字编号 6958；对应码 6958_1	枝桠是一个较少见的词语。 ⇄ 枝椏是一個較少見的詞語。 (context authored-example; source project-authored; official mapping; lexical-context)	"[""枝桠是一个较少见的词语。"",""枝椏是一個較少見的詞語。""]"	"[""chinese"",""simplified-traditional"",""tghz2013"",""level-3"",""bidirectional"",""one-context-sentence"",""hans-to-hant""]"
zh-tghz2013-level-3/6958-map-01/hant-to-hans	通用规范汉字表 第3级	vocabulary	6958	zh-Hant	zh-Hans	椏（枝椏）	"[""桠（枝桠）""]"	"[]"		"[""zh-tghz2013.6958"",""zh-tghz2013.6958.map-01""]"	"[]"	"[]"	sources/mappings.tsv	规范字编号 6958；对应码 6958_1	枝桠是一个较少见的词语。 ⇄ 枝椏是一個較少見的詞語。 (context authored-example; source project-authored; official mapping; lexical-context)	"[""枝桠是一个较少见的词语。"",""枝椏是一個較少見的詞語。""]"	"[""chinese"",""simplified-traditional"",""tghz2013"",""level-3"",""bidirectional"",""one-context-sentence"",""hant-to-hans""]"
zh-tghz2013-level-3/6959-map-01/hans-to-hant	通用规范汉字表 第3级	vocabulary	6959	zh-Hans	zh-Hant	𬂩（𬂩字）	"[""梜（梜字）""]"	"[]"		"[""zh-tghz2013.6959"",""zh-tghz2013.6959.map-01""]"	"[]"	"[]"	sources/mappings.tsv	规范字编号 6959；对应码 6959_1	古代木器或植物记录中可见𬂩。 ⇄ 古代木器或植物記錄中可見梜。 (context domain-template; source metalinguistic-fallback; official mapping; domain-template; Woodcraft / historical botany: a rare character associated with wood, a wooden object, or a plant name.)	"[""古代木器或植物记录中可见𬂩。"",""古代木器或植物記錄中可見梜。""]"	"[""chinese"",""simplified-traditional"",""tghz2013"",""level-3"",""bidirectional"",""one-context-sentence"",""corner-case"",""hans-to-hant""]"
zh-tghz2013-level-3/6959-map-01/hant-to-hans	通用规范汉字表 第3级	vocabulary	6959	zh-Hant	zh-Hans	梜（梜字）	"[""𬂩（𬂩字）""]"	"[]"		"[""zh-tghz2013.6959"",""zh-tghz2013.6959.map-01""]"	"[]"	"[]"	sources/mappings.tsv	规范字编号 6959；对应码 6959_1	古代木器或植物记录中可见𬂩。 ⇄ 古代木器或植物記錄中可見梜。 (context domain-template; source metalinguistic-fallback; official mapping; domain-template; Woodcraft / historical botany: a rare character associated with wood, a wooden object, or a plant name.)	"[""古代木器或植物记录中可见𬂩。"",""古代木器或植物記錄中可見梜。""]"	"[""chinese"",""simplified-traditional"",""tghz2013"",""level-3"",""bidirectional"",""one-context-sentence"",""corner-case"",""hant-to-hans""]"
zh-tghz2013-level-3/6967-map-01/hans-to-hant	通用规范汉字表 第3级	vocabulary	6967	zh-Hans	zh-Hant	𫠆（𫠆字）	"[""頍（頍字）""]"	"[]"		"[""zh-tghz2013.6967"",""zh-tghz2013.6967.map-01""]"	"[]"	"[]"	sources/mappings.tsv	规范字编号 6967；对应码 6967_1	他听见呼声便𫠆首。 ⇄ 他聽見呼聲便頍首。 (context curated-domain; source metalinguistic-fallback; official mapping; curated-domain; Classical body-action vocabulary: means to raise the head.)	"[""他听见呼声便𫠆首。"",""他聽見呼聲便頍首。""]"	"[""chinese"",""simplified-traditional"",""tghz2013"",""level-3"",""bidirectional"",""one-context-sentence"",""corner-case"",""hans-to-hant""]"
zh-tghz2013-level-3/6967-map-01/hant-to-hans	通用规范汉字表 第3级	vocabulary	6967	zh-Hant	zh-Hans	頍（頍字）	"[""𫠆（𫠆字）""]"	"[]"		"[""zh-tghz2013.6967"",""zh-tghz2013.6967.map-01""]"	"[]"	"[]"	sources/mappings.tsv	规范字编号 6967；对应码 6967_1	他听见呼声便𫠆首。 ⇄ 他聽見呼聲便頍首。 (context curated-domain; source metalinguistic-fallback; official mapping; curated-domain; Classical body-action vocabulary: means to raise the head.)	"[""他听见呼声便𫠆首。"",""他聽見呼聲便頍首。""]"	"[""chinese"",""simplified-traditional"",""tghz2013"",""level-3"",""bidirectional"",""one-context-sentence"",""corner-case"",""hant-to-hans""]"
zh-tghz2013-level-3/6972-map-01/hans-to-hant	通用规范汉字表 第3级	vocabulary	6972	zh-Hans	zh-Hant	硁（硁字）	"[""硜（硜字）""]"	"[]"		"[""zh-tghz2013.6972"",""zh-tghz2013.6972.map-01""]"	"[]"	"[]"	sources/mappings.tsv	规范字编号 6972；对应码 6972_1	古代石材记录中出现了硁。 ⇄ 古代石材記錄中出現了硜。 (context domain-template; source metalinguistic-fallback; official mapping; domain-template; Geology / historical stone terminology: a rare character associated with stone, rock, minerals, or their properties.)	"[""古代石材记录中出现了硁。"",""古代石材記錄中出現了硜。""]"	"[""chinese"",""simplified-traditional"",""tghz2013"",""level-3"",""bidirectional"",""one-context-sentence"",""corner-case"",""hans-to-hant""]"
zh-tghz2013-level-3/6972-map-01/hant-to-hans	通用规范汉字表 第3级	vocabulary	6972	zh-Hant	zh-Hans	硜（硜字）	"[""硁（硁字）""]"	"[]"		"[""zh-tghz2013.6972"",""zh-tghz2013.6972.map-01""]"	"[]"	"[]"	sources/mappings.tsv	规范字编号 6972；对应码 6972_1	古代石材记录中出现了硁。 ⇄ 古代石材記錄中出現了硜。 (context domain-template; source metalinguistic-fallback; official mapping; domain-template; Geology / historical stone terminology: a rare character associated with stone, rock, minerals, or their properties.)	"[""古代石材记录中出现了硁。"",""古代石材記錄中出現了硜。""]"	"[""chinese"",""simplified-traditional"",""tghz2013"",""level-3"",""bidirectional"",""one-context-sentence"",""corner-case"",""hant-to-hans""]"
zh-tghz2013-level-3/6976-map-01/hans-to-hant	通用规范汉字表 第3级	vocabulary	6976	zh-Hans	zh-Hant	𨐈（𨐈字）	"[""輄（輄字）""]"	"[]"		"[""zh-tghz2013.6976"",""zh-tghz2013.6976.map-01""]"	"[]"	"[]"	sources/mappings.tsv	规范字编号 6976；对应码 6976_1	古代车辆记录中出现了𨐈。 ⇄ 古代車輛記錄中出現了輄。 (context domain-template; source metalinguistic-fallback; official mapping; domain-template; Historical transport technology: a rare character associated with a cart, carriage, wheel, or vehicle component.)	"[""古代车辆记录中出现了𨐈。"",""古代車輛記錄中出現了輄。""]"	"[""chinese"",""simplified-traditional"",""tghz2013"",""level-3"",""bidirectional"",""one-context-sentence"",""corner-case"",""hans-to-hant""]"
zh-tghz2013-level-3/6976-map-01/hant-to-hans	通用规范汉字表 第3级	vocabulary	6976	zh-Hant	zh-Hans	輄（輄字）	"[""𨐈（𨐈字）""]"	"[]"		"[""zh-tghz2013.6976"",""zh-tghz2013.6976.map-01""]"	"[]"	"[]"	sources/mappings.tsv	规范字编号 6976；对应码 6976_1	古代车辆记录中出现了𨐈。 ⇄ 古代車輛記錄中出現了輄。 (context domain-template; source metalinguistic-fallback; official mapping; domain-template; Historical transport technology: a rare character associated with a cart, carriage, wheel, or vehicle component.)	"[""古代车辆记录中出现了𨐈。"",""古代車輛記錄中出現了輄。""]"	"[""chinese"",""simplified-traditional"",""tghz2013"",""level-3"",""bidirectional"",""one-context-sentence"",""corner-case"",""hant-to-hans""]"
zh-tghz2013-level-3/6977-map-01/hans-to-hant	通用规范汉字表 第3级	vocabulary	6977	zh-Hans	zh-Hant	辀（梁辀）	"[""輈（梁輈）""]"	"[]"		"[""zh-tghz2013.6977"",""zh-tghz2013.6977.map-01""]"	"[]"	"[]"	sources/mappings.tsv	规范字编号 6977；对应码 6977_1	梁辀是一种器物。 ⇄ 梁輈是一種器物。 (context authored-example; source project-authored; official mapping; lexical-context)	"[""梁辀是一种器物。"",""梁輈是一種器物。""]"	"[""chinese"",""simplified-traditional"",""tghz2013"",""level-3"",""bidirectional"",""one-context-sentence"",""hans-to-hant""]"
zh-tghz2013-level-3/6977-map-01/hant-to-hans	通用规范汉字表 第3级	vocabulary	6977	zh-Hant	zh-Hans	輈（梁輈）	"[""辀（梁辀）""]"	"[]"		"[""zh-tghz2013.6977"",""zh-tghz2013.6977.map-01""]"	"[]"	"[]"	sources/mappings.tsv	规范字编号 6977；对应码 6977_1	梁辀是一种器物。 ⇄ 梁輈是一種器物。 (context authored-example; source project-authored; official mapping; lexical-context)	"[""梁辀是一种器物。"",""梁輈是一種器物。""]"	"[""chinese"",""simplified-traditional"",""tghz2013"",""level-3"",""bidirectional"",""one-context-sentence"",""hant-to-hans""]"
zh-tghz2013-level-3/6978-map-01/hans-to-hant	通用规范汉字表 第3级	vocabulary	6978	zh-Hans	zh-Hant	辁（辁才）	"[""輇（輇才）""]"	"[]"		"[""zh-tghz2013.6978"",""zh-tghz2013.6978.map-01""]"	"[]"	"[]"	sources/mappings.tsv	规范字编号 6978；对应码 6978_1	辁才是一个较少见的词语。 ⇄ 輇才是一個較少見的詞語。 (context authored-example; source project-authored; official mapping; lexical-context)	"[""辁才是一个较少见的词语。"",""輇才是一個較少見的詞語。""]"	"[""chinese"",""simplified-traditional"",""tghz2013"",""level-3"",""bidirectional"",""one-context-sentence"",""hans-to-hant""]"
zh-tghz2013-level-3/6978-map-01/hant-to-hans	通用规范汉字表 第3级	vocabulary	6978	zh-Hant	zh-Hans	輇（輇才）	"[""辁（辁才）""]"	"[]"		"[""zh-tghz2013.6978"",""zh-tghz2013.6978.map-01""]"	"[]"	"[]"	sources/mappings.tsv	规范字编号 6978；对应码 6978_1	辁才是一个较少见的词语。 ⇄ 輇才是一個較少見的詞語。 (context authored-example; source project-authored; official mapping; lexical-context)	"[""辁才是一个较少见的词语。"",""輇才是一個較少見的詞語。""]"	"[""chinese"",""simplified-traditional"",""tghz2013"",""level-3"",""bidirectional"",""one-context-sentence"",""hant-to-hans""]"
zh-tghz2013-level-3/6981-map-01/hans-to-hant	通用规范汉字表 第3级	vocabulary	6981	zh-Hans	zh-Hant	赀（不赀）	"[""貲（不貲）""]"	"[]"		"[""zh-tghz2013.6981"",""zh-tghz2013.6981.map-01""]"	"[]"	"[]"	sources/mappings.tsv	规范字编号 6981；对应码 6981_1	不赀是一个较少见的词语。 ⇄ 不貲是一個較少見的詞語。 (context authored-example; source project-authored; official mapping; lexical-context)	"[""不赀是一个较少见的词语。"",""不貲是一個較少見的詞語。""]"	"[""chinese"",""simplified-traditional"",""tghz2013"",""level-3"",""bidirectional"",""one-context-sentence"",""hans-to-hant""]"
zh-tghz2013-level-3/6981-map-01/hant-to-hans	通用规范汉字表 第3级	vocabulary	6981	zh-Hant	zh-Hans	貲（不貲）	"[""赀（不赀）""]"	"[]"		"[""zh-tghz2013.6981"",""zh-tghz2013.6981.map-01""]"	"[]"	"[]"	sources/mappings.tsv	规范字编号 6981；对应码 6981_1	不赀是一个较少见的词语。 ⇄ 不貲是一個較少見的詞語。 (context authored-example; source project-authored; official mapping; lexical-context)	"[""不赀是一个较少见的词语。"",""不貲是一個較少見的詞語。""]"	"[""chinese"",""simplified-traditional"",""tghz2013"",""level-3"",""bidirectional"",""one-context-sentence"",""hant-to-hans""]"
zh-tghz2013-level-3/6985-map-01/hans-to-hant	通用规范汉字表 第3级	vocabulary	6985	zh-Hans	zh-Hant	唝（唝吥）	"[""嗊（嗊吥）""]"	"[]"		"[""zh-tghz2013.6985"",""zh-tghz2013.6985.map-01""]"	"[]"	"[]"	sources/mappings.tsv	规范字编号 6985；对应码 6985_1	唝吥是一个较少见的词语。 ⇄ 嗊吥是一個較少見的詞語。 (context authored-example; source project-authored; official mapping; lexical-context)	"[""唝吥是一个较少见的词语。"",""嗊吥是一個較少見的詞語。""]"	"[""chinese"",""simplified-traditional"",""tghz2013"",""level-3"",""bidirectional"",""one-context-sentence"",""hans-to-hant""]"
zh-tghz2013-level-3/6985-map-01/hant-to-hans	通用规范汉字表 第3级	vocabulary	6985	zh-Hant	zh-Hans	嗊（嗊吥）	"[""唝（唝吥）""]"	"[]"		"[""zh-tghz2013.6985"",""zh-tghz2013.6985.map-01""]"	"[]"	"[]"	sources/mappings.tsv	规范字编号 6985；对应码 6985_1	唝吥是一个较少见的词语。 ⇄ 嗊吥是一個較少見的詞語。 (context authored-example; source project-authored; official mapping; lexical-context)	"[""唝吥是一个较少见的词语。"",""嗊吥是一個較少見的詞語。""]"	"[""chinese"",""simplified-traditional"",""tghz2013"",""level-3"",""bidirectional"",""one-context-sentence"",""hant-to-hans""]"
zh-tghz2013-level-3/6989-map-01/hans-to-hant	通用规范汉字表 第3级	vocabulary	6989	zh-Hans	zh-Hant	晔（范晔）	"[""曄（范曄）""]"	"[]"		"[""zh-tghz2013.6989"",""zh-tghz2013.6989.map-01""]"	"[]"	"[]"	sources/mappings.tsv	规范字编号 6989；对应码 6989_1	范晔是一个人名。 ⇄ 范曄是一個人名。 (context authored-example; source project-authored; official mapping; lexical-context)	"[""范晔是一个人名。"",""范曄是一個人名。""]"	"[""chinese"",""simplified-traditional"",""tghz2013"",""level-3"",""bidirectional"",""one-context-sentence"",""hans-to-hant""]"
zh-tghz2013-level-3/6989-map-01/hant-to-hans	通用规范汉字表 第3级	vocabulary	6989	zh-Hant	zh-Hans	曄（范曄）	"[""晔（范晔）""]"	"[]"		"[""zh-tghz2013.6989"",""zh-tghz2013.6989.map-01""]"	"[]"	"[]"	sources/mappings.tsv	规范字编号 6989；对应码 6989_1	范晔是一个人名。 ⇄ 范曄是一個人名。 (context authored-example; source project-authored; official mapping; lexical-context)	"[""范晔是一个人名。"",""范曄是一個人名。""]"	"[""chinese"",""simplified-traditional"",""tghz2013"",""level-3"",""bidirectional"",""one-context-sentence"",""hant-to-hans""]"
zh-tghz2013-level-3/6991-map-01/hans-to-hant	通用规范汉字表 第3级	vocabulary	6991	zh-Hans	zh-Hant	晖（余晖）	"[""暉（餘暉）""]"	"[]"		"[""zh-tghz2013.6991"",""zh-tghz2013.6991.map-01""]"	"[]"	"[]"	sources/mappings.tsv	规范字编号 6991；对应码 6991_1	余晖是一个较少见的词语。 ⇄ 餘暉是一個較少見的詞語。 (context authored-example; source project-authored; official mapping; lexical-context)	"[""余晖是一个较少见的词语。"",""餘暉是一個較少見的詞語。""]"	"[""chinese"",""simplified-traditional"",""tghz2013"",""level-3"",""bidirectional"",""one-context-sentence"",""hans-to-hant""]"
zh-tghz2013-level-3/6991-map-01/hant-to-hans	通用规范汉字表 第3级	vocabulary	6991	zh-Hant	zh-Hans	暉（餘暉）	"[""晖（余晖）""]"	"[]"		"[""zh-tghz2013.6991"",""zh-tghz2013.6991.map-01""]"	"[]"	"[]"	sources/mappings.tsv	规范字编号 6991；对应码 6991_1	余晖是一个较少见的词语。 ⇄ 餘暉是一個較少見的詞語。 (context authored-example; source project-authored; official mapping; lexical-context)	"[""余晖是一个较少见的词语。"",""餘暉是一個較少見的詞語。""]"	"[""chinese"",""simplified-traditional"",""tghz2013"",""level-3"",""bidirectional"",""one-context-sentence"",""hant-to-hans""]"
zh-tghz2013-level-3/6995-map-01/hans-to-hant	通用规范汉字表 第3级	vocabulary	6995	zh-Hans	zh-Hant	𫑡（𫑡字）	"[""鄳（鄳字）""]"	"[]"		"[""zh-tghz2013.6995"",""zh-tghz2013.6995.map-01""]"	"[]"	"[]"	sources/mappings.tsv	规范字编号 6995；对应码 6995_1	地方志中以𫑡记录地名。 ⇄ 地方志中以鄳記錄地名。 (context domain-template; source metalinguistic-fallback; official mapping; domain-template; Historical geography: a rare character used in an old place name, administrative name, or surname.)	"[""地方志中以𫑡记录地名。"",""地方志中以鄳記錄地名。""]"	"[""chinese"",""simplified-traditional"",""tghz2013"",""level-3"",""bidirectional"",""one-context-sentence"",""corner-case"",""hans-to-hant""]"
zh-tghz2013-level-3/6995-map-01/hant-to-hans	通用规范汉字表 第3级	vocabulary	6995	zh-Hant	zh-Hans	鄳（鄳字）	"[""𫑡（𫑡字）""]"	"[]"		"[""zh-tghz2013.6995"",""zh-tghz2013.6995.map-01""]"	"[]"	"[]"	sources/mappings.tsv	规范字编号 6995；对应码 6995_1	地方志中以𫑡记录地名。 ⇄ 地方志中以鄳記錄地名。 (context domain-template; source metalinguistic-fallback; official mapping; domain-template; Historical geography: a rare character used in an old place name, administrative name, or surname.)	"[""地方志中以𫑡记录地名。"",""地方志中以鄳記錄地名。""]"	"[""chinese"",""simplified-traditional"",""tghz2013"",""level-3"",""bidirectional"",""one-context-sentence"",""corner-case"",""hant-to-hans""]"
zh-tghz2013-level-3/6996-map-01/hans-to-hant	通用规范汉字表 第3级	vocabulary	6996	zh-Hans	zh-Hant	帱（覆帱）	"[""幬（覆幬）""]"	"[]"		"[""zh-tghz2013.6996"",""zh-tghz2013.6996.map-01""]"	"[]"	"[]"	sources/mappings.tsv	规范字编号 6996；对应码 6996_1	覆帱是一个较少见的词语。 ⇄ 覆幬是一個較少見的詞語。 (context authored-example; source project-authored; official mapping; lexical-context)	"[""覆帱是一个较少见的词语。"",""覆幬是一個較少見的詞語。""]"	"[""chinese"",""simplified-traditional"",""tghz2013"",""level-3"",""bidirectional"",""one-context-sentence"",""hans-to-hant""]"
zh-tghz2013-level-3/6996-map-01/hant-to-hans	通用规范汉字表 第3级	vocabulary	6996	zh-Hant	zh-Hans	幬（覆幬）	"[""帱（覆帱）""]"	"[]"		"[""zh-tghz2013.6996"",""zh-tghz2013.6996.map-01""]"	"[]"	"[]"	sources/mappings.tsv	规范字编号 6996；对应码 6996_1	覆帱是一个较少见的词语。 ⇄ 覆幬是一個較少見的詞語。 (context authored-example; source project-authored; official mapping; lexical-context)	"[""覆帱是一个较少见的词语。"",""覆幬是一個較少見的詞語。""]"	"[""chinese"",""simplified-traditional"",""tghz2013"",""level-3"",""bidirectional"",""one-context-sentence"",""hant-to-hans""]"
zh-tghz2013-level-3/6999-map-01/hans-to-hant	通用规范汉字表 第3级	vocabulary	6999	zh-Hans	zh-Hant	𪨶（𪨶字）	"[""輋（輋字）""]"	"[]"		"[""zh-tghz2013.6999"",""zh-tghz2013.6999.map-01""]"	"[]"	"[]"	sources/mappings.tsv	规范字编号 6999；对应码 6999_1	古代车辆记录中出现了𪨶。 ⇄ 古代車輛記錄中出現了輋。 (context domain-template; source metalinguistic-fallback; official mapping; domain-template; Historical transport technology: a rare character associated with a cart, carriage, wheel, or vehicle component.)	"[""古代车辆记录中出现了𪨶。"",""古代車輛記錄中出現了輋。""]"	"[""chinese"",""simplified-traditional"",""tghz2013"",""level-3"",""bidirectional"",""one-context-sentence"",""corner-case"",""hans-to-hant""]"
zh-tghz2013-level-3/6999-map-01/hant-to-hans	通用规范汉字表 第3级	vocabulary	6999	zh-Hant	zh-Hans	輋（輋字）	"[""𪨶（𪨶字）""]"	"[]"		"[""zh-tghz2013.6999"",""zh-tghz2013.6999.map-01""]"	"[]"	"[]"	sources/mappings.tsv	规范字编号 6999；对应码 6999_1	古代车辆记录中出现了𪨶。 ⇄ 古代車輛記錄中出現了輋。 (context domain-template; source metalinguistic-fallback; official mapping; domain-template; Historical transport technology: a rare character associated with a cart, carriage, wheel, or vehicle component.)	"[""古代车辆记录中出现了𪨶。"",""古代車輛記錄中出現了輋。""]"	"[""chinese"",""simplified-traditional"",""tghz2013"",""level-3"",""bidirectional"",""one-context-sentence"",""corner-case"",""hant-to-hans""]"
zh-tghz2013-level-3/7000-map-01/hans-to-hant	通用规范汉字表 第3级	vocabulary	7000	zh-Hans	zh-Hant	崄（行崄侥幸）	"[""嶮（行嶮僥幸）""]"	"[]"		"[""zh-tghz2013.7000"",""zh-tghz2013.7000.map-01""]"	"[]"	"[]"	sources/mappings.tsv	规范字编号 7000；对应码 7000_1	行崄侥幸是一个成语或固定说法。 ⇄ 行嶮僥幸是一個成語或固定說法。 (context authored-example; source project-authored; official mapping; lexical-context)	"[""行崄侥幸是一个成语或固定说法。"",""行嶮僥幸是一個成語或固定說法。""]"	"[""chinese"",""simplified-traditional"",""tghz2013"",""level-3"",""bidirectional"",""one-context-sentence"",""hans-to-hant""]"
zh-tghz2013-level-3/7000-map-01/hant-to-hans	通用规范汉字表 第3级	vocabulary	7000	zh-Hant	zh-Hans	嶮（行嶮僥幸）	"[""崄（行崄侥幸）""]"	"[]"		"[""zh-tghz2013.7000"",""zh-tghz2013.7000.map-01""]"	"[]"	"[]"	sources/mappings.tsv	规范字编号 7000；对应码 7000_1	行崄侥幸是一个成语或固定说法。 ⇄ 行嶮僥幸是一個成語或固定說法。 (context authored-example; source project-authored; official mapping; lexical-context)	"[""行崄侥幸是一个成语或固定说法。"",""行嶮僥幸是一個成語或固定說法。""]"	"[""chinese"",""simplified-traditional"",""tghz2013"",""level-3"",""bidirectional"",""one-context-sentence"",""hant-to-hans""]"
zh-tghz2013-level-3/7003-map-01/hans-to-hant	通用规范汉字表 第3级	vocabulary	7003	zh-Hans	zh-Hant	赆（西赆南琛）	"[""贐（西贐南琛）""]"	"[]"		"[""zh-tghz2013.7003"",""zh-tghz2013.7003.map-01""]"	"[]"	"[]"	sources/mappings.tsv	规范字编号 7003；对应码 7003_1	西赆南琛是一个成语或固定说法。 ⇄ 西贐南琛是一個成語或固定說法。 (context authored-example; source project-authored; official mapping; lexical-context)	"[""西赆南琛是一个成语或固定说法。"",""西贐南琛是一個成語或固定說法。""]"	"[""chinese"",""simplified-traditional"",""tghz2013"",""level-3"",""bidirectional"",""one-context-sentence"",""hans-to-hant""]"
zh-tghz2013-level-3/7003-map-01/hant-to-hans	通用规范汉字表 第3级	vocabulary	7003	zh-Hant	zh-Hans	贐（西贐南琛）	"[""赆（西赆南琛）""]"	"[]"		"[""zh-tghz2013.7003"",""zh-tghz2013.7003.map-01""]"	"[]"	"[]"	sources/mappings.tsv	规范字编号 7003；对应码 7003_1	西赆南琛是一个成语或固定说法。 ⇄ 西贐南琛是一個成語或固定說法。 (context authored-example; source project-authored; official mapping; lexical-context)	"[""西赆南琛是一个成语或固定说法。"",""西贐南琛是一個成語或固定說法。""]"	"[""chinese"",""simplified-traditional"",""tghz2013"",""level-3"",""bidirectional"",""one-context-sentence"",""hant-to-hans""]"
zh-tghz2013-level-3/7004-map-01/hans-to-hant	通用规范汉字表 第3级	vocabulary	7004	zh-Hans	zh-Hant	𬬸（𬬸字）	"[""鉥（鉥字）""]"	"[]"		"[""zh-tghz2013.7004"",""zh-tghz2013.7004.map-01""]"	"[]"	"[]"	sources/mappings.tsv	规范字编号 7004；对应码 7004_1	金属器物或技术资料中可见𬬸。 ⇄ 金屬器物或技術資料中可見鉥。 (context domain-template; source metalinguistic-fallback; official mapping; domain-template; Metallurgy / historical material culture: a rare metal-radical character used for a metal, tool, weapon, vessel, ornament, or technical term.)	"[""金属器物或技术资料中可见𬬸。"",""金屬器物或技術資料中可見鉥。""]"	"[""chinese"",""simplified-traditional"",""tghz2013"",""level-3"",""bidirectional"",""one-context-sentence"",""corner-case"",""hans-to-hant""]"
zh-tghz2013-level-3/7004-map-01/hant-to-hans	通用规范汉字表 第3级	vocabulary	7004	zh-Hant	zh-Hans	鉥（鉥字）	"[""𬬸（𬬸字）""]"	"[]"		"[""zh-tghz2013.7004"",""zh-tghz2013.7004.map-01""]"	"[]"	"[]"	sources/mappings.tsv	规范字编号 7004；对应码 7004_1	金属器物或技术资料中可见𬬸。 ⇄ 金屬器物或技術資料中可見鉥。 (context domain-template; source metalinguistic-fallback; official mapping; domain-template; Metallurgy / historical material culture: a rare metal-radical character used for a metal, tool, weapon, vessel, ornament, or technical term.)	"[""金属器物或技术资料中可见𬬸。"",""金屬器物或技術資料中可見鉥。""]"	"[""chinese"",""simplified-traditional"",""tghz2013"",""level-3"",""bidirectional"",""one-context-sentence"",""corner-case"",""hant-to-hans""]"
zh-tghz2013-level-3/7005-map-01/hans-to-hant	通用规范汉字表 第3级	vocabulary	7005	zh-Hans	zh-Hant	钷（钷字）	"[""鉕（鉕字）""]"	"[]"		"[""zh-tghz2013.7005"",""zh-tghz2013.7005.map-01""]"	"[]"	"[]"	sources/mappings.tsv	规范字编号 7005；对应码 7005_1	实验记录中提到了钷。 ⇄ 實驗記錄中提到了鉕。 (context element-domain; source metalinguistic-fallback; official mapping; element-domain; Chemistry: promethium, a chemical element represented by this character in Chinese technical terminology.)	"[""实验记录中提到了钷。"",""實驗記錄中提到了鉕。""]"	"[""chinese"",""simplified-traditional"",""tghz2013"",""level-3"",""bidirectional"",""one-context-sentence"",""corner-case"",""hans-to-hant""]"
zh-tghz2013-level-3/7005-map-01/hant-to-hans	通用规范汉字表 第3级	vocabulary	7005	zh-Hant	zh-Hans	鉕（鉕字）	"[""钷（钷字）""]"	"[]"		"[""zh-tghz2013.7005"",""zh-tghz2013.7005.map-01""]"	"[]"	"[]"	sources/mappings.tsv	规范字编号 7005；对应码 7005_1	实验记录中提到了钷。 ⇄ 實驗記錄中提到了鉕。 (context element-domain; source metalinguistic-fallback; official mapping; element-domain; Chemistry: promethium, a chemical element represented by this character in Chinese technical terminology.)	"[""实验记录中提到了钷。"",""實驗記錄中提到了鉕。""]"	"[""chinese"",""simplified-traditional"",""tghz2013"",""level-3"",""bidirectional"",""one-context-sentence"",""corner-case"",""hant-to-hans""]"
zh-tghz2013-level-3/7006-map-01/hans-to-hant	通用规范汉字表 第3级	vocabulary	7006	zh-Hans	zh-Hant	𬬻（𬬻字）	"[""鑪（鑪字）""]"	"[]"		"[""zh-tghz2013.7006"",""zh-tghz2013.7006.map-01""]"	"[]"	"[]"	sources/mappings.tsv	规范字编号 7006；对应码 7006_1	金属器物或技术资料中可见𬬻。 ⇄ 金屬器物或技術資料中可見鑪。 (context domain-template; source metalinguistic-fallback; official mapping; domain-template; Metallurgy / historical material culture: a rare metal-radical character used for a metal, tool, weapon, vessel, ornament, or technical term.)	"[""金属器物或技术资料中可见𬬻。"",""金屬器物或技術資料中可見鑪。""]"	"[""chinese"",""simplified-traditional"",""tghz2013"",""level-3"",""bidirectional"",""one-context-sentence"",""corner-case"",""hans-to-hant""]"
zh-tghz2013-level-3/7006-map-01/hant-to-hans	通用规范汉字表 第3级	vocabulary	7006	zh-Hant	zh-Hans	鑪（鑪字）	"[""𬬻（𬬻字）""]"	"[]"		"[""zh-tghz2013.7006"",""zh-tghz2013.7006.map-01""]"	"[]"	"[]"	sources/mappings.tsv	规范字编号 7006；对应码 7006_1	金属器物或技术资料中可见𬬻。 ⇄ 金屬器物或技術資料中可見鑪。 (context domain-template; source metalinguistic-fallback; official mapping; domain-template; Metallurgy / historical material culture: a rare metal-radical character used for a metal, tool, weapon, vessel, ornament, or technical term.)	"[""金属器物或技术资料中可见𬬻。"",""金屬器物或技術資料中可見鑪。""]"	"[""chinese"",""simplified-traditional"",""tghz2013"",""level-3"",""bidirectional"",""one-context-sentence"",""corner-case"",""hant-to-hans""]"
zh-tghz2013-level-3/7007-map-01/hans-to-hant	通用规范汉字表 第3级	vocabulary	7007	zh-Hans	zh-Hant	𬬹（𬬹字）	"[""鉮（鉮字）""]"	"[]"		"[""zh-tghz2013.7007"",""zh-tghz2013.7007.map-01""]"	"[]"	"[]"	sources/mappings.tsv	规范字编号 7007；对应码 7007_1	金属器物或技术资料中可见𬬹。 ⇄ 金屬器物或技術資料中可見鉮。 (context domain-template; source metalinguistic-fallback; official mapping; domain-template; Metallurgy / historical material culture: a rare metal-radical character used for a metal, tool, weapon, vessel, ornament, or technical term.)	"[""金属器物或技术资料中可见𬬹。"",""金屬器物或技術資料中可見鉮。""]"	"[""chinese"",""simplified-traditional"",""tghz2013"",""level-3"",""bidirectional"",""one-context-sentence"",""corner-case"",""hans-to-hant""]"
zh-tghz2013-level-3/7007-map-01/hant-to-hans	通用规范汉字表 第3级	vocabulary	7007	zh-Hant	zh-Hans	鉮（鉮字）	"[""𬬹（𬬹字）""]"	"[]"		"[""zh-tghz2013.7007"",""zh-tghz2013.7007.map-01""]"	"[]"	"[]"	sources/mappings.tsv	规范字编号 7007；对应码 7007_1	金属器物或技术资料中可见𬬹。 ⇄ 金屬器物或技術資料中可見鉮。 (context domain-template; source metalinguistic-fallback; official mapping; domain-template; Metallurgy / historical material culture: a rare metal-radical character used for a metal, tool, weapon, vessel, ornament, or technical term.)	"[""金属器物或技术资料中可见𬬹。"",""金屬器物或技術資料中可見鉮。""]"	"[""chinese"",""simplified-traditional"",""tghz2013"",""level-3"",""bidirectional"",""one-context-sentence"",""corner-case"",""hant-to-hans""]"
zh-tghz2013-level-3/7008-map-01/hans-to-hant	通用规范汉字表 第3级	vocabulary	7008	zh-Hans	zh-Hant	𬬿（𬬿字）	"[""鉊（鉊字）""]"	"[]"		"[""zh-tghz2013.7008"",""zh-tghz2013.7008.map-01""]"	"[]"	"[]"	sources/mappings.tsv	规范字编号 7008；对应码 7008_1	金属器物或技术资料中可见𬬿。 ⇄ 金屬器物或技術資料中可見鉊。 (context domain-template; source metalinguistic-fallback; official mapping; domain-template; Metallurgy / historical material culture: a rare metal-radical character used for a metal, tool, weapon, vessel, ornament, or technical term.)	"[""金属器物或技术资料中可见𬬿。"",""金屬器物或技術資料中可見鉊。""]"	"[""chinese"",""simplified-traditional"",""tghz2013"",""level-3"",""bidirectional"",""one-context-sentence"",""corner-case"",""hans-to-hant""]"
zh-tghz2013-level-3/7008-map-01/hant-to-hans	通用规范汉字表 第3级	vocabulary	7008	zh-Hant	zh-Hans	鉊（鉊字）	"[""𬬿（𬬿字）""]"	"[]"		"[""zh-tghz2013.7008"",""zh-tghz2013.7008.map-01""]"	"[]"	"[]"	sources/mappings.tsv	规范字编号 7008；对应码 7008_1	金属器物或技术资料中可见𬬿。 ⇄ 金屬器物或技術資料中可見鉊。 (context domain-template; source metalinguistic-fallback; official mapping; domain-template; Metallurgy / historical material culture: a rare metal-radical character used for a metal, tool, weapon, vessel, ornament, or technical term.)	"[""金属器物或技术资料中可见𬬿。"",""金屬器物或技術資料中可見鉊。""]"	"[""chinese"",""simplified-traditional"",""tghz2013"",""level-3"",""bidirectional"",""one-context-sentence"",""corner-case"",""hant-to-hans""]"
zh-tghz2013-level-3/7009-map-01/hans-to-hant	通用规范汉字表 第3级	vocabulary	7009	zh-Hans	zh-Hant	𬭁（钴𬭁）	"[""鉧（鈷鉧）""]"	"[]"		"[""zh-tghz2013.7009"",""zh-tghz2013.7009.map-01""]"	"[]"	"[]"	sources/mappings.tsv	规范字编号 7009；对应码 7009_1	钴𬭁是一个较少见的词语。 ⇄ 鈷鉧是一個較少見的詞語。 (context authored-example; source project-authored; official mapping; lexical-context)	"[""钴𬭁是一个较少见的词语。"",""鈷鉧是一個較少見的詞語。""]"	"[""chinese"",""simplified-traditional"",""tghz2013"",""level-3"",""bidirectional"",""one-context-sentence"",""hans-to-hant""]"
zh-tghz2013-level-3/7009-map-01/hant-to-hans	通用规范汉字表 第3级	vocabulary	7009	zh-Hant	zh-Hans	鉧（鈷鉧）	"[""𬭁（钴𬭁）""]"	"[]"		"[""zh-tghz2013.7009"",""zh-tghz2013.7009.map-01""]"	"[]"	"[]"	sources/mappings.tsv	规范字编号 7009；对应码 7009_1	钴𬭁是一个较少见的词语。 ⇄ 鈷鉧是一個較少見的詞語。 (context authored-example; source project-authored; official mapping; lexical-context)	"[""钴𬭁是一个较少见的词语。"",""鈷鉧是一個較少見的詞語。""]"	"[""chinese"",""simplified-traditional"",""tghz2013"",""level-3"",""bidirectional"",""one-context-sentence"",""hant-to-hans""]"
zh-tghz2013-level-3/7019-map-01/hans-to-hant	通用规范汉字表 第3级	vocabulary	7019	zh-Hans	zh-Hant	𫢸（𫢸字）	"[""僤（僤字）""]"	"[]"		"[""zh-tghz2013.7019"",""zh-tghz2013.7019.map-01""]"	"[]"	"[]"	sources/mappings.tsv	规范字编号 7019；对应码 7019_1	古文中可见𫢸。 ⇄ 古文中可見僤。 (context domain-template; source metalinguistic-fallback; official mapping; domain-template; Classical Chinese vocabulary: a rare character used in older descriptions of people, actions, states, sounds, or qualities.)	"[""古文中可见𫢸。"",""古文中可見僤。""]"	"[""chinese"",""simplified-traditional"",""tghz2013"",""level-3"",""bidirectional"",""one-context-sentence"",""corner-case"",""hans-to-hant""]"
zh-tghz2013-level-3/7019-map-01/hant-to-hans	通用规范汉字表 第3级	vocabulary	7019	zh-Hant	zh-Hans	僤（僤字）	"[""𫢸（𫢸字）""]"	"[]"		"[""zh-tghz2013.7019"",""zh-tghz2013.7019.map-01""]"	"[]"	"[]"	sources/mappings.tsv	规范字编号 7019；对应码 7019_1	古文中可见𫢸。 ⇄ 古文中可見僤。 (context domain-template; source metalinguistic-fallback; official mapping; domain-template; Classical Chinese vocabulary: a rare character used in older descriptions of people, actions, states, sounds, or qualities.)	"[""古文中可见𫢸。"",""古文中可見僤。""]"	"[""chinese"",""simplified-traditional"",""tghz2013"",""level-3"",""bidirectional"",""one-context-sentence"",""corner-case"",""hant-to-hans""]"
zh-tghz2013-level-3/7029-map-01/hans-to-hant	通用规范汉字表 第3级	vocabulary	7029	zh-Hans	zh-Hant	鸰（鹡鸰）	"[""鴒（鶺鴒）""]"	"[]"		"[""zh-tghz2013.7029"",""zh-tghz2013.7029.map-01""]"	"[]"	"[]"	sources/mappings.tsv	规范字编号 7029；对应码 7029_1	鹡鸰是一种鸟。 ⇄ 鶺鴒是一種鳥。 (context authored-example; source project-authored; official mapping; lexical-context)	"[""鹡鸰是一种鸟。"",""鶺鴒是一種鳥。""]"	"[""chinese"",""simplified-traditional"",""tghz2013"",""level-3"",""bidirectional"",""one-context-sentence"",""hans-to-hant""]"
zh-tghz2013-level-3/7029-map-01/hant-to-hans	通用规范汉字表 第3级	vocabulary	7029	zh-Hant	zh-Hans	鴒（鶺鴒）	"[""鸰（鹡鸰）""]"	"[]"		"[""zh-tghz2013.7029"",""zh-tghz2013.7029.map-01""]"	"[]"	"[]"	sources/mappings.tsv	规范字编号 7029；对应码 7029_1	鹡鸰是一种鸟。 ⇄ 鶺鴒是一種鳥。 (context authored-example; source project-authored; official mapping; lexical-context)	"[""鹡鸰是一种鸟。"",""鶺鴒是一種鳥。""]"	"[""chinese"",""simplified-traditional"",""tghz2013"",""level-3"",""bidirectional"",""one-context-sentence"",""hant-to-hans""]"
zh-tghz2013-level-3/7034-map-01/hans-to-hant	通用规范汉字表 第3级	vocabulary	7034	zh-Hans	zh-Hant	鱽（鱽字）	"[""魛（魛字）""]"	"[]"		"[""zh-tghz2013.7034"",""zh-tghz2013.7034.map-01""]"	"[]"	"[]"	sources/mappings.tsv	规范字编号 7034；对应码 7034_1	图鉴中收录了鱽这种鱼。 ⇄ 圖鑑中收錄了魛這種魚。 (context domain-template; source metalinguistic-fallback; official mapping; domain-template; Zoology / ichthyology: a rare character used in the name of a fish or fish group.)	"[""图鉴中收录了鱽这种鱼。"",""圖鑑中收錄了魛這種魚。""]"	"[""chinese"",""simplified-traditional"",""tghz2013"",""level-3"",""bidirectional"",""one-context-sentence"",""corner-case"",""hans-to-hant""]"
zh-tghz2013-level-3/7034-map-01/hant-to-hans	通用规范汉字表 第3级	vocabulary	7034	zh-Hant	zh-Hans	魛（魛字）	"[""鱽（鱽字）""]"	"[]"		"[""zh-tghz2013.7034"",""zh-tghz2013.7034.map-01""]"	"[]"	"[]"	sources/mappings.tsv	规范字编号 7034；对应码 7034_1	图鉴中收录了鱽这种鱼。 ⇄ 圖鑑中收錄了魛這種魚。 (context domain-template; source metalinguistic-fallback; official mapping; domain-template; Zoology / ichthyology: a rare character used in the name of a fish or fish group.)	"[""图鉴中收录了鱽这种鱼。"",""圖鑑中收錄了魛這種魚。""]"	"[""chinese"",""simplified-traditional"",""tghz2013"",""level-3"",""bidirectional"",""one-context-sentence"",""corner-case"",""hant-to-hans""]"
zh-tghz2013-level-3/7039-map-01/hans-to-hant	通用规范汉字表 第3级	vocabulary	7039	zh-Hans	zh-Hant	𫗧（覆𫗧）	"[""餗（覆餗）""]"	"[]"		"[""zh-tghz2013.7039"",""zh-tghz2013.7039.map-01""]"	"[]"	"[]"	sources/mappings.tsv	规范字编号 7039；对应码 7039_1	覆𫗧是一个较少见的词语。 ⇄ 覆餗是一個較少見的詞語。 (context authored-example; source project-authored; official mapping; lexical-context)	"[""覆𫗧是一个较少见的词语。"",""覆餗是一個較少見的詞語。""]"	"[""chinese"",""simplified-traditional"",""tghz2013"",""level-3"",""bidirectional"",""one-context-sentence"",""hans-to-hant""]"
zh-tghz2013-level-3/7039-map-01/hant-to-hans	通用规范汉字表 第3级	vocabulary	7039	zh-Hant	zh-Hans	餗（覆餗）	"[""𫗧（覆𫗧）""]"	"[]"		"[""zh-tghz2013.7039"",""zh-tghz2013.7039.map-01""]"	"[]"	"[]"	sources/mappings.tsv	规范字编号 7039；对应码 7039_1	覆𫗧是一个较少见的词语。 ⇄ 覆餗是一個較少見的詞語。 (context authored-example; source project-authored; official mapping; lexical-context)	"[""覆𫗧是一个较少见的词语。"",""覆餗是一個較少見的詞語。""]"	"[""chinese"",""simplified-traditional"",""tghz2013"",""level-3"",""bidirectional"",""one-context-sentence"",""hant-to-hans""]"
zh-tghz2013-level-3/7053-map-01/hans-to-hant	通用规范汉字表 第3级	vocabulary	7053	zh-Hans	zh-Hant	𬊈（𬊈字）	"[""燖（燖字）""]"	"[]"		"[""zh-tghz2013.7053"",""zh-tghz2013.7053.map-01""]"	"[]"	"[]"	sources/mappings.tsv	规范字编号 7053；对应码 7053_1	厨师把饭菜重新𬊈热。 ⇄ 廚師把飯菜重新燖熱。 (context curated-domain; source metalinguistic-fallback; official mapping; curated-domain; Cooking vocabulary: means to reheat food.)	"[""厨师把饭菜重新𬊈热。"",""廚師把飯菜重新燖熱。""]"	"[""chinese"",""simplified-traditional"",""tghz2013"",""level-3"",""bidirectional"",""one-context-sentence"",""corner-case"",""hans-to-hant""]"
zh-tghz2013-level-3/7053-map-01/hant-to-hans	通用规范汉字表 第3级	vocabulary	7053	zh-Hant	zh-Hans	燖（燖字）	"[""𬊈（𬊈字）""]"	"[]"		"[""zh-tghz2013.7053"",""zh-tghz2013.7053.map-01""]"	"[]"	"[]"	sources/mappings.tsv	规范字编号 7053；对应码 7053_1	厨师把饭菜重新𬊈热。 ⇄ 廚師把飯菜重新燖熱。 (context curated-domain; source metalinguistic-fallback; official mapping; curated-domain; Cooking vocabulary: means to reheat food.)	"[""厨师把饭菜重新𬊈热。"",""廚師把飯菜重新燖熱。""]"	"[""chinese"",""simplified-traditional"",""tghz2013"",""level-3"",""bidirectional"",""one-context-sentence"",""corner-case"",""hant-to-hans""]"
zh-tghz2013-level-3/7059-map-01/hans-to-hant	通用规范汉字表 第3级	vocabulary	7059	zh-Hans	zh-Hant	涢（涢水）	"[""溳（溳水）""]"	"[]"		"[""zh-tghz2013.7059"",""zh-tghz2013.7059.map-01""]"	"[]"	"[]"	sources/mappings.tsv	规范字编号 7059；对应码 7059_1	涢水是一个地名。 ⇄ 溳水是一個地名。 (context authored-example; source project-authored; official mapping; lexical-context)	"[""涢水是一个地名。"",""溳水是一個地名。""]"	"[""chinese"",""simplified-traditional"",""tghz2013"",""level-3"",""bidirectional"",""one-context-sentence"",""hans-to-hant""]"
zh-tghz2013-level-3/7059-map-01/hant-to-hans	通用规范汉字表 第3级	vocabulary	7059	zh-Hant	zh-Hans	溳（溳水）	"[""涢（涢水）""]"	"[]"		"[""zh-tghz2013.7059"",""zh-tghz2013.7059.map-01""]"	"[]"	"[]"	sources/mappings.tsv	规范字编号 7059；对应码 7059_1	涢水是一个地名。 ⇄ 溳水是一個地名。 (context authored-example; source project-authored; official mapping; lexical-context)	"[""涢水是一个地名。"",""溳水是一個地名。""]"	"[""chinese"",""simplified-traditional"",""tghz2013"",""level-3"",""bidirectional"",""one-context-sentence"",""hant-to-hans""]"
zh-tghz2013-level-3/7070-map-01/hans-to-hant	通用规范汉字表 第3级	vocabulary	7070	zh-Hans	zh-Hant	𬒈（𬒈字）	"[""礐（礐字）""]"	"[]"		"[""zh-tghz2013.7070"",""zh-tghz2013.7070.map-01""]"	"[]"	"[]"	sources/mappings.tsv	规范字编号 7070；对应码 7070_1	古代石材记录中出现了𬒈。 ⇄ 古代石材記錄中出現了礐。 (context domain-template; source metalinguistic-fallback; official mapping; domain-template; Geology / historical stone terminology: a rare character associated with stone, rock, minerals, or their properties.)	"[""古代石材记录中出现了𬒈。"",""古代石材記錄中出現了礐。""]"	"[""chinese"",""simplified-traditional"",""tghz2013"",""level-3"",""bidirectional"",""one-context-sentence"",""corner-case"",""hans-to-hant""]"
zh-tghz2013-level-3/7070-map-01/hant-to-hans	通用规范汉字表 第3级	vocabulary	7070	zh-Hant	zh-Hans	礐（礐字）	"[""𬒈（𬒈字）""]"	"[]"		"[""zh-tghz2013.7070"",""zh-tghz2013.7070.map-01""]"	"[]"	"[]"	sources/mappings.tsv	规范字编号 7070；对应码 7070_1	古代石材记录中出现了𬒈。 ⇄ 古代石材記錄中出現了礐。 (context domain-template; source metalinguistic-fallback; official mapping; domain-template; Geology / historical stone terminology: a rare character associated with stone, rock, minerals, or their properties.)	"[""古代石材记录中出现了𬒈。"",""古代石材記錄中出現了礐。""]"	"[""chinese"",""simplified-traditional"",""tghz2013"",""level-3"",""bidirectional"",""one-context-sentence"",""corner-case"",""hant-to-hans""]"
zh-tghz2013-level-3/7074-map-01/hans-to-hant	通用规范汉字表 第3级	vocabulary	7074	zh-Hans	zh-Hant	窎（窎字）	"[""窵（窵字）""]"	"[]"		"[""zh-tghz2013.7074"",""zh-tghz2013.7074.map-01""]"	"[]"	"[]"	sources/mappings.tsv	规范字编号 7074；对应码 7074_1	山谷窎远而幽静。 ⇄ 山谷窵遠而幽靜。 (context curated-domain; source metalinguistic-fallback; official mapping; curated-domain; Classical spatial description: means deep or distant.)	"[""山谷窎远而幽静。"",""山谷窵遠而幽靜。""]"	"[""chinese"",""simplified-traditional"",""tghz2013"",""level-3"",""bidirectional"",""one-context-sentence"",""corner-case"",""hans-to-hant""]"
zh-tghz2013-level-3/7074-map-01/hant-to-hans	通用规范汉字表 第3级	vocabulary	7074	zh-Hant	zh-Hans	窵（窵字）	"[""窎（窎字）""]"	"[]"		"[""zh-tghz2013.7074"",""zh-tghz2013.7074.map-01""]"	"[]"	"[]"	sources/mappings.tsv	规范字编号 7074；对应码 7074_1	山谷窎远而幽静。 ⇄ 山谷窵遠而幽靜。 (context curated-domain; source metalinguistic-fallback; official mapping; curated-domain; Classical spatial description: means deep or distant.)	"[""山谷窎远而幽静。"",""山谷窵遠而幽靜。""]"	"[""chinese"",""simplified-traditional"",""tghz2013"",""level-3"",""bidirectional"",""one-context-sentence"",""corner-case"",""hant-to-hans""]"
zh-tghz2013-level-3/7079-map-01/hans-to-hant	通用规范汉字表 第3级	vocabulary	7079	zh-Hans	zh-Hant	袯（袯襫）	"[""襏（襏襫）""]"	"[]"		"[""zh-tghz2013.7079"",""zh-tghz2013.7079.map-01""]"	"[]"	"[]"	sources/mappings.tsv	规范字编号 7079；对应码 7079_1	袯襫是一个较少见的词语。 ⇄ 襏襫是一個較少見的詞語。 (context authored-example; source project-authored; official mapping; lexical-context)	"[""袯襫是一个较少见的词语。"",""襏襫是一個較少見的詞語。""]"	"[""chinese"",""simplified-traditional"",""tghz2013"",""level-3"",""bidirectional"",""one-context-sentence"",""hans-to-hant""]"
zh-tghz2013-level-3/7079-map-01/hant-to-hans	通用规范汉字表 第3级	vocabulary	7079	zh-Hant	zh-Hans	襏（襏襫）	"[""袯（袯襫）""]"	"[]"		"[""zh-tghz2013.7079"",""zh-tghz2013.7079.map-01""]"	"[]"	"[]"	sources/mappings.tsv	规范字编号 7079；对应码 7079_1	袯襫是一个较少见的词语。 ⇄ 襏襫是一個較少見的詞語。 (context authored-example; source project-authored; official mapping; lexical-context)	"[""袯襫是一个较少见的词语。"",""襏襫是一個較少見的詞語。""]"	"[""chinese"",""simplified-traditional"",""tghz2013"",""level-3"",""bidirectional"",""one-context-sentence"",""hant-to-hans""]"
zh-tghz2013-level-3/7093-map-01/hans-to-hant	通用规范汉字表 第3级	vocabulary	7093	zh-Hans	zh-Hant	𬳿（𬳿字）	"[""駼（駼字）""]"	"[]"		"[""zh-tghz2013.7093"",""zh-tghz2013.7093.map-01""]"	"[]"	"[]"	sources/mappings.tsv	规范字编号 7093；对应码 7093_1	古籍中用𬳿描述马匹。 ⇄ 古籍中用駼描述馬匹。 (context domain-template; source metalinguistic-fallback; official mapping; domain-template; Historical transport / equine terminology: a rare character associated with horses, riding, or carriage travel.)	"[""古籍中用𬳿描述马匹。"",""古籍中用駼描述馬匹。""]"	"[""chinese"",""simplified-traditional"",""tghz2013"",""level-3"",""bidirectional"",""one-context-sentence"",""corner-case"",""hans-to-hant""]"
zh-tghz2013-level-3/7093-map-01/hant-to-hans	通用规范汉字表 第3级	vocabulary	7093	zh-Hant	zh-Hans	駼（駼字）	"[""𬳿（𬳿字）""]"	"[]"		"[""zh-tghz2013.7093"",""zh-tghz2013.7093.map-01""]"	"[]"	"[]"	sources/mappings.tsv	规范字编号 7093；对应码 7093_1	古籍中用𬳿描述马匹。 ⇄ 古籍中用駼描述馬匹。 (context domain-template; source metalinguistic-fallback; official mapping; domain-template; Historical transport / equine terminology: a rare character associated with horses, riding, or carriage travel.)	"[""古籍中用𬳿描述马匹。"",""古籍中用駼描述馬匹。""]"	"[""chinese"",""simplified-traditional"",""tghz2013"",""level-3"",""bidirectional"",""one-context-sentence"",""corner-case"",""hant-to-hans""]"
zh-tghz2013-level-3/7094-map-01/hans-to-hant	通用规范汉字表 第3级	vocabulary	7094	zh-Hans	zh-Hant	𫄨（𫄨字）	"[""絺（絺字）""]"	"[]"		"[""zh-tghz2013.7094"",""zh-tghz2013.7094.map-01""]"	"[]"	"[]"	sources/mappings.tsv	规范字编号 7094；对应码 7094_1	古代织物记录中出现了𫄨。 ⇄ 古代織物記錄中出現了絺。 (context domain-template; source metalinguistic-fallback; official mapping; domain-template; Traditional textiles / cordage: a rare character associated with fibres, silk, thread, rope, or textile production.)	"[""古代织物记录中出现了𫄨。"",""古代織物記錄中出現了絺。""]"	"[""chinese"",""simplified-traditional"",""tghz2013"",""level-3"",""bidirectional"",""one-context-sentence"",""corner-case"",""hans-to-hant""]"
zh-tghz2013-level-3/7094-map-01/hant-to-hans	通用规范汉字表 第3级	vocabulary	7094	zh-Hant	zh-Hans	絺（絺字）	"[""𫄨（𫄨字）""]"	"[]"		"[""zh-tghz2013.7094"",""zh-tghz2013.7094.map-01""]"	"[]"	"[]"	sources/mappings.tsv	规范字编号 7094；对应码 7094_1	古代织物记录中出现了𫄨。 ⇄ 古代織物記錄中出現了絺。 (context domain-template; source metalinguistic-fallback; official mapping; domain-template; Traditional textiles / cordage: a rare character associated with fibres, silk, thread, rope, or textile production.)	"[""古代织物记录中出现了𫄨。"",""古代織物記錄中出現了絺。""]"	"[""chinese"",""simplified-traditional"",""tghz2013"",""level-3"",""bidirectional"",""one-context-sentence"",""corner-case"",""hant-to-hans""]"
zh-tghz2013-level-3/7095-map-01/hans-to-hant	通用规范汉字表 第3级	vocabulary	7095	zh-Hans	zh-Hant	绤（绤字）	"[""綌（綌字）""]"	"[]"		"[""zh-tghz2013.7095"",""zh-tghz2013.7095.map-01""]"	"[]"	"[]"	sources/mappings.tsv	规范字编号 7095；对应码 7095_1	古人用绤制作粗布衣。 ⇄ 古人用綌製作粗布衣。 (context curated-domain; source metalinguistic-fallback; official mapping; curated-domain; Traditional textiles: coarse hempen cloth.)	"[""古人用绤制作粗布衣。"",""古人用綌製作粗布衣。""]"	"[""chinese"",""simplified-traditional"",""tghz2013"",""level-3"",""bidirectional"",""one-context-sentence"",""corner-case"",""hans-to-hant""]"
zh-tghz2013-level-3/7095-map-01/hant-to-hans	通用规范汉字表 第3级	vocabulary	7095	zh-Hant	zh-Hans	綌（綌字）	"[""绤（绤字）""]"	"[]"		"[""zh-tghz2013.7095"",""zh-tghz2013.7095.map-01""]"	"[]"	"[]"	sources/mappings.tsv	规范字编号 7095；对应码 7095_1	古人用绤制作粗布衣。 ⇄ 古人用綌製作粗布衣。 (context curated-domain; source metalinguistic-fallback; official mapping; curated-domain; Traditional textiles: coarse hempen cloth.)	"[""古人用绤制作粗布衣。"",""古人用綌製作粗布衣。""]"	"[""chinese"",""simplified-traditional"",""tghz2013"",""level-3"",""bidirectional"",""one-context-sentence"",""corner-case"",""hant-to-hans""]"
zh-tghz2013-level-3/7096-map-01/hans-to-hant	通用规范汉字表 第3级	vocabulary	7096	zh-Hans	zh-Hant	骍（犁牛骍角）	"[""騂（犁牛騂角）""]"	"[]"		"[""zh-tghz2013.7096"",""zh-tghz2013.7096.map-01""]"	"[]"	"[]"	sources/mappings.tsv	规范字编号 7096；对应码 7096_1	犁牛骍角是一个较少见的词语。 ⇄ 犁牛騂角是一個較少見的詞語。 (context authored-example; source project-authored; official mapping; lexical-context)	"[""犁牛骍角是一个较少见的词语。"",""犁牛騂角是一個較少見的詞語。""]"	"[""chinese"",""simplified-traditional"",""tghz2013"",""level-3"",""bidirectional"",""one-context-sentence"",""hans-to-hant""]"
zh-tghz2013-level-3/7096-map-01/hant-to-hans	通用规范汉字表 第3级	vocabulary	7096	zh-Hant	zh-Hans	騂（犁牛騂角）	"[""骍（犁牛骍角）""]"	"[]"		"[""zh-tghz2013.7096"",""zh-tghz2013.7096.map-01""]"	"[]"	"[]"	sources/mappings.tsv	规范字编号 7096；对应码 7096_1	犁牛骍角是一个较少见的词语。 ⇄ 犁牛騂角是一個較少見的詞語。 (context authored-example; source project-authored; official mapping; lexical-context)	"[""犁牛骍角是一个较少见的词语。"",""犁牛騂角是一個較少見的詞語。""]"	"[""chinese"",""simplified-traditional"",""tghz2013"",""level-3"",""bidirectional"",""one-context-sentence"",""hant-to-hans""]"
zh-tghz2013-level-3/7097-map-01/hans-to-hant	通用规范汉字表 第3级	vocabulary	7097	zh-Hans	zh-Hant	𬘫（𬘫字）	"[""綄（綄字）""]"	"[]"		"[""zh-tghz2013.7097"",""zh-tghz2013.7097.map-01""]"	"[]"	"[]"	sources/mappings.tsv	规范字编号 7097；对应码 7097_1	古代织物记录中出现了𬘫。 ⇄ 古代織物記錄中出現了綄。 (context domain-template; source metalinguistic-fallback; official mapping; domain-template; Traditional textiles / cordage: a rare character associated with fibres, silk, thread, rope, or textile production.)	"[""古代织物记录中出现了𬘫。"",""古代織物記錄中出現了綄。""]"	"[""chinese"",""simplified-traditional"",""tghz2013"",""level-3"",""bidirectional"",""one-context-sentence"",""corner-case"",""hans-to-hant""]"
zh-tghz2013-level-3/7097-map-01/hant-to-hans	通用规范汉字表 第3级	vocabulary	7097	zh-Hant	zh-Hans	綄（綄字）	"[""𬘫（𬘫字）""]"	"[]"		"[""zh-tghz2013.7097"",""zh-tghz2013.7097.map-01""]"	"[]"	"[]"	sources/mappings.tsv	规范字编号 7097；对应码 7097_1	古代织物记录中出现了𬘫。 ⇄ 古代織物記錄中出現了綄。 (context domain-template; source metalinguistic-fallback; official mapping; domain-template; Traditional textiles / cordage: a rare character associated with fibres, silk, thread, rope, or textile production.)	"[""古代织物记录中出现了𬘫。"",""古代織物記錄中出現了綄。""]"	"[""chinese"",""simplified-traditional"",""tghz2013"",""level-3"",""bidirectional"",""one-context-sentence"",""corner-case"",""hant-to-hans""]"
zh-tghz2013-level-3/7099-map-01/hans-to-hant	通用规范汉字表 第3级	vocabulary	7099	zh-Hans	zh-Hant	琎（琎字）	"[""璡（璡字）""]"	"[]"		"[""zh-tghz2013.7099"",""zh-tghz2013.7099.map-01""]"	"[]"	"[]"	sources/mappings.tsv	规范字编号 7099；对应码 7099_1	古代玉器或人名记录中可见琎。 ⇄ 古代玉器或人名記錄中可見璡。 (context domain-template; source metalinguistic-fallback; official mapping; domain-template; Jade terminology / personal names: a rare character associated with jade, ornament, or name usage.)	"[""古代玉器或人名记录中可见琎。"",""古代玉器或人名記錄中可見璡。""]"	"[""chinese"",""simplified-traditional"",""tghz2013"",""level-3"",""bidirectional"",""one-context-sentence"",""corner-case"",""hans-to-hant""]"
zh-tghz2013-level-3/7099-map-01/hant-to-hans	通用规范汉字表 第3级	vocabulary	7099	zh-Hant	zh-Hans	璡（璡字）	"[""琎（琎字）""]"	"[]"		"[""zh-tghz2013.7099"",""zh-tghz2013.7099.map-01""]"	"[]"	"[]"	sources/mappings.tsv	规范字编号 7099；对应码 7099_1	古代玉器或人名记录中可见琎。 ⇄ 古代玉器或人名記錄中可見璡。 (context domain-template; source metalinguistic-fallback; official mapping; domain-template; Jade terminology / personal names: a rare character associated with jade, ornament, or name usage.)	"[""古代玉器或人名记录中可见琎。"",""古代玉器或人名記錄中可見璡。""]"	"[""chinese"",""simplified-traditional"",""tghz2013"",""level-3"",""bidirectional"",""one-context-sentence"",""corner-case"",""hant-to-hans""]"
zh-tghz2013-level-3/7114-map-01/hans-to-hant	通用规范汉字表 第3级	vocabulary	7114	zh-Hans	zh-Hant	𫮃（𫮃字）	"[""墠（墠字）""]"	"[]"		"[""zh-tghz2013.7114"",""zh-tghz2013.7114.map-01""]"	"[]"	"[]"	sources/mappings.tsv	规范字编号 7114；对应码 7114_1	地方志中记载了𫮃。 ⇄ 地方志中記載了墠。 (context domain-template; source metalinguistic-fallback; official mapping; domain-template; Historical geography / topography: a rare character used for terrain, a structure, or a place name.)	"[""地方志中记载了𫮃。"",""地方志中記載了墠。""]"	"[""chinese"",""simplified-traditional"",""tghz2013"",""level-3"",""bidirectional"",""one-context-sentence"",""corner-case"",""hans-to-hant""]"
zh-tghz2013-level-3/7114-map-01/hant-to-hans	通用规范汉字表 第3级	vocabulary	7114	zh-Hant	zh-Hans	墠（墠字）	"[""𫮃（𫮃字）""]"	"[]"		"[""zh-tghz2013.7114"",""zh-tghz2013.7114.map-01""]"	"[]"	"[]"	sources/mappings.tsv	规范字编号 7114；对应码 7114_1	地方志中记载了𫮃。 ⇄ 地方志中記載了墠。 (context domain-template; source metalinguistic-fallback; official mapping; domain-template; Historical geography / topography: a rare character used for terrain, a structure, or a place name.)	"[""地方志中记载了𫮃。"",""地方志中記載了墠。""]"	"[""chinese"",""simplified-traditional"",""tghz2013"",""level-3"",""bidirectional"",""one-context-sentence"",""corner-case"",""hant-to-hans""]"
zh-tghz2013-level-3/7117-map-01/hans-to-hant	通用规范汉字表 第3级	vocabulary	7117	zh-Hans	zh-Hant	壸（一壸千金）	"[""壼（一壼千金）""]"	"[]"		"[""zh-tghz2013.7117"",""zh-tghz2013.7117.map-01""]"	"[]"	"[]"	sources/mappings.tsv	规范字编号 7117；对应码 7117_1	一壸千金是一个成语或固定说法。 ⇄ 一壼千金是一個成語或固定說法。 (context authored-example; source project-authored; official mapping; lexical-context)	"[""一壸千金是一个成语或固定说法。"",""一壼千金是一個成語或固定說法。""]"	"[""chinese"",""simplified-traditional"",""tghz2013"",""level-3"",""bidirectional"",""one-context-sentence"",""hans-to-hant""]"
zh-tghz2013-level-3/7117-map-01/hant-to-hans	通用规范汉字表 第3级	vocabulary	7117	zh-Hant	zh-Hans	壼（一壼千金）	"[""壸（一壸千金）""]"	"[]"		"[""zh-tghz2013.7117"",""zh-tghz2013.7117.map-01""]"	"[]"	"[]"	sources/mappings.tsv	规范字编号 7117；对应码 7117_1	一壸千金是一个成语或固定说法。 ⇄ 一壼千金是一個成語或固定說法。 (context authored-example; source project-authored; official mapping; lexical-context)	"[""一壸千金是一个成语或固定说法。"",""一壼千金是一個成語或固定說法。""]"	"[""chinese"",""simplified-traditional"",""tghz2013"",""level-3"",""bidirectional"",""one-context-sentence"",""hant-to-hans""]"
zh-tghz2013-level-3/7119-map-01/hans-to-hant	通用规范汉字表 第3级	vocabulary	7119	zh-Hans	zh-Hant	聍（耵聍）	"[""聹（耵聹）""]"	"[]"		"[""zh-tghz2013.7119"",""zh-tghz2013.7119.map-01""]"	"[]"	"[]"	sources/mappings.tsv	规范字编号 7119；对应码 7119_1	耵聍是一个医学词语。 ⇄ 耵聹是一個醫學詞語。 (context authored-example; source project-authored; official mapping; lexical-context)	"[""耵聍是一个医学词语。"",""耵聹是一個醫學詞語。""]"	"[""chinese"",""simplified-traditional"",""tghz2013"",""level-3"",""bidirectional"",""one-context-sentence"",""hans-to-hant""]"
zh-tghz2013-level-3/7119-map-01/hant-to-hans	通用规范汉字表 第3级	vocabulary	7119	zh-Hant	zh-Hans	聹（耵聹）	"[""聍（耵聍）""]"	"[]"		"[""zh-tghz2013.7119"",""zh-tghz2013.7119.map-01""]"	"[]"	"[]"	sources/mappings.tsv	规范字编号 7119；对应码 7119_1	耵聍是一个医学词语。 ⇄ 耵聹是一個醫學詞語。 (context authored-example; source project-authored; official mapping; lexical-context)	"[""耵聍是一个医学词语。"",""耵聹是一個醫學詞語。""]"	"[""chinese"",""simplified-traditional"",""tghz2013"",""level-3"",""bidirectional"",""one-context-sentence"",""hant-to-hans""]"
zh-tghz2013-level-3/7121-map-01/hans-to-hant	通用规范汉字表 第3级	vocabulary	7121	zh-Hans	zh-Hant	萚（萚字）	"[""蘀（蘀字）""]"	"[]"		"[""zh-tghz2013.7121"",""zh-tghz2013.7121.map-01""]"	"[]"	"[]"	sources/mappings.tsv	规范字编号 7121；对应码 7121_1	本草书中记载了萚。 ⇄ 本草書中記載了蘀。 (context domain-template; source metalinguistic-fallback; official mapping; domain-template; Botany / traditional materia medica: a rare character used in a plant name or botanical description.)	"[""本草书中记载了萚。"",""本草書中記載了蘀。""]"	"[""chinese"",""simplified-traditional"",""tghz2013"",""level-3"",""bidirectional"",""one-context-sentence"",""corner-case"",""hans-to-hant""]"
zh-tghz2013-level-3/7121-map-01/hant-to-hans	通用规范汉字表 第3级	vocabulary	7121	zh-Hant	zh-Hans	蘀（蘀字）	"[""萚（萚字）""]"	"[]"		"[""zh-tghz2013.7121"",""zh-tghz2013.7121.map-01""]"	"[]"	"[]"	sources/mappings.tsv	规范字编号 7121；对应码 7121_1	本草书中记载了萚。 ⇄ 本草書中記載了蘀。 (context domain-template; source metalinguistic-fallback; official mapping; domain-template; Botany / traditional materia medica: a rare character used in a plant name or botanical description.)	"[""本草书中记载了萚。"",""本草書中記載了蘀。""]"	"[""chinese"",""simplified-traditional"",""tghz2013"",""level-3"",""bidirectional"",""one-context-sentence"",""corner-case"",""hant-to-hans""]"
zh-tghz2013-level-3/7125-map-01/hans-to-hant	通用规范汉字表 第3级	vocabulary	7125	zh-Hans	zh-Hant	勚（勚字）	"[""勩（勩字）""]"	"[]"		"[""zh-tghz2013.7125"",""zh-tghz2013.7125.map-01""]"	"[]"	"[]"	sources/mappings.tsv	规范字编号 7125；对应码 7125_1	古文中可见勚。 ⇄ 古文中可見勩。 (context domain-template; source metalinguistic-fallback; official mapping; domain-template; Classical Chinese vocabulary: a rare character used in older descriptions of people, actions, states, sounds, or qualities.)	"[""古文中可见勚。"",""古文中可見勩。""]"	"[""chinese"",""simplified-traditional"",""tghz2013"",""level-3"",""bidirectional"",""one-context-sentence"",""corner-case"",""hans-to-hant""]"
zh-tghz2013-level-3/7125-map-01/hant-to-hans	通用规范汉字表 第3级	vocabulary	7125	zh-Hant	zh-Hans	勩（勩字）	"[""勚（勚字）""]"	"[]"		"[""zh-tghz2013.7125"",""zh-tghz2013.7125.map-01""]"	"[]"	"[]"	sources/mappings.tsv	规范字编号 7125；对应码 7125_1	古文中可见勚。 ⇄ 古文中可見勩。 (context domain-template; source metalinguistic-fallback; official mapping; domain-template; Classical Chinese vocabulary: a rare character used in older descriptions of people, actions, states, sounds, or qualities.)	"[""古文中可见勚。"",""古文中可見勩。""]"	"[""chinese"",""simplified-traditional"",""tghz2013"",""level-3"",""bidirectional"",""one-context-sentence"",""corner-case"",""hant-to-hans""]"
zh-tghz2013-level-3/7132-map-01/hans-to-hant	通用规范汉字表 第3级	vocabulary	7132	zh-Hans	zh-Hant	䓨（䓨字）	"[""罃（罃字）""]"	"[]"		"[""zh-tghz2013.7132"",""zh-tghz2013.7132.map-01""]"	"[]"	"[]"	sources/mappings.tsv	规范字编号 7132；对应码 7132_1	本草书中记载了䓨。 ⇄ 本草書中記載了罃。 (context domain-template; source metalinguistic-fallback; official mapping; domain-template; Botany / traditional materia medica: a rare character used in a plant name or botanical description.)	"[""本草书中记载了䓨。"",""本草書中記載了罃。""]"	"[""chinese"",""simplified-traditional"",""tghz2013"",""level-3"",""bidirectional"",""one-context-sentence"",""corner-case"",""hans-to-hant""]"
zh-tghz2013-level-3/7132-map-01/hant-to-hans	通用规范汉字表 第3级	vocabulary	7132	zh-Hant	zh-Hans	罃（罃字）	"[""䓨（䓨字）""]"	"[]"		"[""zh-tghz2013.7132"",""zh-tghz2013.7132.map-01""]"	"[]"	"[]"	sources/mappings.tsv	规范字编号 7132；对应码 7132_1	本草书中记载了䓨。 ⇄ 本草書中記載了罃。 (context domain-template; source metalinguistic-fallback; official mapping; domain-template; Botany / traditional materia medica: a rare character used in a plant name or botanical description.)	"[""本草书中记载了䓨。"",""本草書中記載了罃。""]"	"[""chinese"",""simplified-traditional"",""tghz2013"",""level-3"",""bidirectional"",""one-context-sentence"",""corner-case"",""hant-to-hans""]"
zh-tghz2013-level-3/7135-map-01/hans-to-hant	通用规范汉字表 第3级	vocabulary	7135	zh-Hans	zh-Hant	梼（梼杌）	"[""檮（檮杌）""]"	"[]"		"[""zh-tghz2013.7135"",""zh-tghz2013.7135.map-01""]"	"[]"	"[]"	sources/mappings.tsv	规范字编号 7135；对应码 7135_1	梼杌是一个较少见的词语。 ⇄ 檮杌是一個較少見的詞語。 (context authored-example; source project-authored; official mapping; lexical-context)	"[""梼杌是一个较少见的词语。"",""檮杌是一個較少見的詞語。""]"	"[""chinese"",""simplified-traditional"",""tghz2013"",""level-3"",""bidirectional"",""one-context-sentence"",""hans-to-hant""]"
zh-tghz2013-level-3/7135-map-01/hant-to-hans	通用规范汉字表 第3级	vocabulary	7135	zh-Hant	zh-Hans	檮（檮杌）	"[""梼（梼杌）""]"	"[]"		"[""zh-tghz2013.7135"",""zh-tghz2013.7135.map-01""]"	"[]"	"[]"	sources/mappings.tsv	规范字编号 7135；对应码 7135_1	梼杌是一个较少见的词语。 ⇄ 檮杌是一個較少見的詞語。 (context authored-example; source project-authored; official mapping; lexical-context)	"[""梼杌是一个较少见的词语。"",""檮杌是一個較少見的詞語。""]"	"[""chinese"",""simplified-traditional"",""tghz2013"",""level-3"",""bidirectional"",""one-context-sentence"",""hant-to-hans""]"
zh-tghz2013-level-3/7138-map-01/hans-to-hant	通用规范汉字表 第3级	vocabulary	7138	zh-Hans	zh-Hant	梾（梾木）	"[""棶（棶木）""]"	"[]"		"[""zh-tghz2013.7138"",""zh-tghz2013.7138.map-01""]"	"[]"	"[]"	sources/mappings.tsv	规范字编号 7138；对应码 7138_1	梾木是一种植物。 ⇄ 棶木是一種植物。 (context authored-example; source project-authored; official mapping; lexical-context)	"[""梾木是一种植物。"",""棶木是一種植物。""]"	"[""chinese"",""simplified-traditional"",""tghz2013"",""level-3"",""bidirectional"",""one-context-sentence"",""hans-to-hant""]"
zh-tghz2013-level-3/7138-map-01/hant-to-hans	通用规范汉字表 第3级	vocabulary	7138	zh-Hant	zh-Hans	棶（棶木）	"[""梾（梾木）""]"	"[]"		"[""zh-tghz2013.7138"",""zh-tghz2013.7138.map-01""]"	"[]"	"[]"	sources/mappings.tsv	规范字编号 7138；对应码 7138_1	梾木是一种植物。 ⇄ 棶木是一種植物。 (context authored-example; source project-authored; official mapping; lexical-context)	"[""梾木是一种植物。"",""棶木是一種植物。""]"	"[""chinese"",""simplified-traditional"",""tghz2013"",""level-3"",""bidirectional"",""one-context-sentence"",""hant-to-hans""]"
zh-tghz2013-level-3/7144-map-01/hans-to-hant	通用规范汉字表 第3级	vocabulary	7144	zh-Hans	zh-Hant	厣（厣字）	"[""厴（厴字）""]"	"[]"		"[""zh-tghz2013.7144"",""zh-tghz2013.7144.map-01""]"	"[]"	"[]"	sources/mappings.tsv	规范字编号 7144；对应码 7144_1	这只贝壳的厣很完整。 ⇄ 這隻貝殼的厴很完整。 (context curated-domain; source metalinguistic-fallback; official mapping; curated-domain; Zoology / shell anatomy: a shell or shell-like covering.)	"[""这只贝壳的厣很完整。"",""這隻貝殼的厴很完整。""]"	"[""chinese"",""simplified-traditional"",""tghz2013"",""level-3"",""bidirectional"",""one-context-sentence"",""corner-case"",""hans-to-hant""]"
zh-tghz2013-level-3/7144-map-01/hant-to-hans	通用规范汉字表 第3级	vocabulary	7144	zh-Hant	zh-Hans	厴（厴字）	"[""厣（厣字）""]"	"[]"		"[""zh-tghz2013.7144"",""zh-tghz2013.7144.map-01""]"	"[]"	"[]"	sources/mappings.tsv	规范字编号 7144；对应码 7144_1	这只贝壳的厣很完整。 ⇄ 這隻貝殼的厴很完整。 (context curated-domain; source metalinguistic-fallback; official mapping; curated-domain; Zoology / shell anatomy: a shell or shell-like covering.)	"[""这只贝壳的厣很完整。"",""這隻貝殼的厴很完整。""]"	"[""chinese"",""simplified-traditional"",""tghz2013"",""level-3"",""bidirectional"",""one-context-sentence"",""corner-case"",""hant-to-hans""]"
zh-tghz2013-level-3/7146-map-01/hans-to-hant	通用规范汉字表 第3级	vocabulary	7146	zh-Hans	zh-Hant	鿎（鿎字）	"[""䃮（䃮字）""]"	"[]"		"[""zh-tghz2013.7146"",""zh-tghz2013.7146.map-01""]"	"[]"	"[]"	sources/mappings.tsv	规范字编号 7146；对应码 7146_1	古代石材记录中出现了鿎。 ⇄ 古代石材記錄中出現了䃮。 (context domain-template; source metalinguistic-fallback; official mapping; domain-template; Geology / historical stone terminology: a rare character associated with stone, rock, minerals, or their properties.)	"[""古代石材记录中出现了鿎。"",""古代石材記錄中出現了䃮。""]"	"[""chinese"",""simplified-traditional"",""tghz2013"",""level-3"",""bidirectional"",""one-context-sentence"",""corner-case"",""hans-to-hant""]"
zh-tghz2013-level-3/7146-map-01/hant-to-hans	通用规范汉字表 第3级	vocabulary	7146	zh-Hant	zh-Hans	䃮（䃮字）	"[""鿎（鿎字）""]"	"[]"		"[""zh-tghz2013.7146"",""zh-tghz2013.7146.map-01""]"	"[]"	"[]"	sources/mappings.tsv	规范字编号 7146；对应码 7146_1	古代石材记录中出现了鿎。 ⇄ 古代石材記錄中出現了䃮。 (context domain-template; source metalinguistic-fallback; official mapping; domain-template; Geology / historical stone terminology: a rare character associated with stone, rock, minerals, or their properties.)	"[""古代石材记录中出现了鿎。"",""古代石材記錄中出現了䃮。""]"	"[""chinese"",""simplified-traditional"",""tghz2013"",""level-3"",""bidirectional"",""one-context-sentence"",""corner-case"",""hant-to-hans""]"
zh-tghz2013-level-3/7147-map-01/hans-to-hant	通用规范汉字表 第3级	vocabulary	7147	zh-Hans	zh-Hant	硙（硙硙）	"[""磑（磑磑）""]"	"[]"		"[""zh-tghz2013.7147"",""zh-tghz2013.7147.map-01""]"	"[]"	"[]"	sources/mappings.tsv	规范字编号 7147；对应码 7147_1	硙硙是一个较少见的词语。 ⇄ 磑磑是一個較少見的詞語。 (context authored-example; source project-authored; official mapping; lexical-context)	"[""硙硙是一个较少见的词语。"",""磑磑是一個較少見的詞語。""]"	"[""chinese"",""simplified-traditional"",""tghz2013"",""level-3"",""bidirectional"",""one-context-sentence"",""hans-to-hant""]"
zh-tghz2013-level-3/7147-map-01/hant-to-hans	通用规范汉字表 第3级	vocabulary	7147	zh-Hant	zh-Hans	磑（磑磑）	"[""硙（硙硙）""]"	"[]"		"[""zh-tghz2013.7147"",""zh-tghz2013.7147.map-01""]"	"[]"	"[]"	sources/mappings.tsv	规范字编号 7147；对应码 7147_1	硙硙是一个较少见的词语。 ⇄ 磑磑是一個較少見的詞語。 (context authored-example; source project-authored; official mapping; lexical-context)	"[""硙硙是一个较少见的词语。"",""磑磑是一個較少見的詞語。""]"	"[""chinese"",""simplified-traditional"",""tghz2013"",""level-3"",""bidirectional"",""one-context-sentence"",""hant-to-hans""]"
zh-tghz2013-level-3/7148-map-01/hans-to-hant	通用规范汉字表 第3级	vocabulary	7148	zh-Hans	zh-Hant	硚（硚口区）	"[""礄（礄口區）""]"	"[]"		"[""zh-tghz2013.7148"",""zh-tghz2013.7148.map-01""]"	"[]"	"[]"	sources/mappings.tsv	规范字编号 7148；对应码 7148_1	硚口区是一个地名。 ⇄ 礄口區是一個地名。 (context authored-example; source project-authored; official mapping; lexical-context)	"[""硚口区是一个地名。"",""礄口區是一個地名。""]"	"[""chinese"",""simplified-traditional"",""tghz2013"",""level-3"",""bidirectional"",""one-context-sentence"",""hans-to-hant""]"
zh-tghz2013-level-3/7148-map-01/hant-to-hans	通用规范汉字表 第3级	vocabulary	7148	zh-Hant	zh-Hans	礄（礄口區）	"[""硚（硚口区）""]"	"[]"		"[""zh-tghz2013.7148"",""zh-tghz2013.7148.map-01""]"	"[]"	"[]"	sources/mappings.tsv	规范字编号 7148；对应码 7148_1	硚口区是一个地名。 ⇄ 礄口區是一個地名。 (context authored-example; source project-authored; official mapping; lexical-context)	"[""硚口区是一个地名。"",""礄口區是一個地名。""]"	"[""chinese"",""simplified-traditional"",""tghz2013"",""level-3"",""bidirectional"",""one-context-sentence"",""hant-to-hans""]"
zh-tghz2013-level-3/7152-map-01/hans-to-hant	通用规范汉字表 第3级	vocabulary	7152	zh-Hans	zh-Hant	䴕（蚁䴕）	"[""鴷（蟻鴷）""]"	"[]"		"[""zh-tghz2013.7152"",""zh-tghz2013.7152.map-01""]"	"[]"	"[]"	sources/mappings.tsv	规范字编号 7152；对应码 7152_1	蚁䴕是一种鸟。 ⇄ 蟻鴷是一種鳥。 (context authored-example; source project-authored; official mapping; lexical-context)	"[""蚁䴕是一种鸟。"",""蟻鴷是一種鳥。""]"	"[""chinese"",""simplified-traditional"",""tghz2013"",""level-3"",""bidirectional"",""one-context-sentence"",""hans-to-hant""]"
zh-tghz2013-level-3/7152-map-01/hant-to-hans	通用规范汉字表 第3级	vocabulary	7152	zh-Hant	zh-Hans	鴷（蟻鴷）	"[""䴕（蚁䴕）""]"	"[]"		"[""zh-tghz2013.7152"",""zh-tghz2013.7152.map-01""]"	"[]"	"[]"	sources/mappings.tsv	规范字编号 7152；对应码 7152_1	蚁䴕是一种鸟。 ⇄ 蟻鴷是一種鳥。 (context authored-example; source project-authored; official mapping; lexical-context)	"[""蚁䴕是一种鸟。"",""蟻鴷是一種鳥。""]"	"[""chinese"",""simplified-traditional"",""tghz2013"",""level-3"",""bidirectional"",""one-context-sentence"",""hant-to-hans""]"
zh-tghz2013-level-3/7153-map-01/hans-to-hant	通用规范汉字表 第3级	vocabulary	7153	zh-Hans	zh-Hant	龁（龁字）	"[""齕（齕字）""]"	"[]"		"[""zh-tghz2013.7153"",""zh-tghz2013.7153.map-01""]"	"[]"	"[]"	sources/mappings.tsv	规范字编号 7153；对应码 7153_1	古代医书中出现了龁。 ⇄ 古代醫書中出現了齕。 (context domain-template; source metalinguistic-fallback; official mapping; domain-template; Historical anatomy / medicine: a rare character associated with the body, teeth, or an anatomical term.)	"[""古代医书中出现了龁。"",""古代醫書中出現了齕。""]"	"[""chinese"",""simplified-traditional"",""tghz2013"",""level-3"",""bidirectional"",""one-context-sentence"",""corner-case"",""hans-to-hant""]"
zh-tghz2013-level-3/7153-map-01/hant-to-hans	通用规范汉字表 第3级	vocabulary	7153	zh-Hant	zh-Hans	齕（齕字）	"[""龁（龁字）""]"	"[]"		"[""zh-tghz2013.7153"",""zh-tghz2013.7153.map-01""]"	"[]"	"[]"	sources/mappings.tsv	规范字编号 7153；对应码 7153_1	古代医书中出现了龁。 ⇄ 古代醫書中出現了齕。 (context domain-template; source metalinguistic-fallback; official mapping; domain-template; Historical anatomy / medicine: a rare character associated with the body, teeth, or an anatomical term.)	"[""古代医书中出现了龁。"",""古代醫書中出現了齕。""]"	"[""chinese"",""simplified-traditional"",""tghz2013"",""level-3"",""bidirectional"",""one-context-sentence"",""corner-case"",""hant-to-hans""]"
zh-tghz2013-level-3/7161-map-01/hans-to-hant	通用规范汉字表 第3级	vocabulary	7161	zh-Hans	zh-Hant	𬱖（𬱖字）	"[""頔（頔字）""]"	"[]"		"[""zh-tghz2013.7161"",""zh-tghz2013.7161.map-01""]"	"[]"	"[]"	sources/mappings.tsv	规范字编号 7161；对应码 7161_1	古文赞其容貌𬱖美。 ⇄ 古文讚其容貌頔美。 (context curated-domain; source metalinguistic-fallback; official mapping; curated-domain; Classical descriptions of appearance: means good and beautiful.)	"[""古文赞其容貌𬱖美。"",""古文讚其容貌頔美。""]"	"[""chinese"",""simplified-traditional"",""tghz2013"",""level-3"",""bidirectional"",""one-context-sentence"",""corner-case"",""hans-to-hant""]"
zh-tghz2013-level-3/7161-map-01/hant-to-hans	通用规范汉字表 第3级	vocabulary	7161	zh-Hant	zh-Hans	頔（頔字）	"[""𬱖（𬱖字）""]"	"[]"		"[""zh-tghz2013.7161"",""zh-tghz2013.7161.map-01""]"	"[]"	"[]"	sources/mappings.tsv	规范字编号 7161；对应码 7161_1	古文赞其容貌𬱖美。 ⇄ 古文讚其容貌頔美。 (context curated-domain; source metalinguistic-fallback; official mapping; curated-domain; Classical descriptions of appearance: means good and beautiful.)	"[""古文赞其容貌𬱖美。"",""古文讚其容貌頔美。""]"	"[""chinese"",""simplified-traditional"",""tghz2013"",""level-3"",""bidirectional"",""one-context-sentence"",""corner-case"",""hant-to-hans""]"
zh-tghz2013-level-3/7166-map-01/hans-to-hant	通用规范汉字表 第3级	vocabulary	7166	zh-Hans	zh-Hant	𬟽（䗖𬟽）	"[""蝀（螮蝀）""]"	"[]"		"[""zh-tghz2013.7166"",""zh-tghz2013.7166.map-01""]"	"[]"	"[]"	sources/mappings.tsv	规范字编号 7166；对应码 7166_1	䗖𬟽是一个较少见的词语。 ⇄ 螮蝀是一個較少見的詞語。 (context authored-example; source project-authored; official mapping; lexical-context)	"[""䗖𬟽是一个较少见的词语。"",""螮蝀是一個較少見的詞語。""]"	"[""chinese"",""simplified-traditional"",""tghz2013"",""level-3"",""bidirectional"",""one-context-sentence"",""hans-to-hant""]"
zh-tghz2013-level-3/7166-map-01/hant-to-hans	通用规范汉字表 第3级	vocabulary	7166	zh-Hant	zh-Hans	蝀（螮蝀）	"[""𬟽（䗖𬟽）""]"	"[]"		"[""zh-tghz2013.7166"",""zh-tghz2013.7166.map-01""]"	"[]"	"[]"	sources/mappings.tsv	规范字编号 7166；对应码 7166_1	䗖𬟽是一个较少见的词语。 ⇄ 螮蝀是一個較少見的詞語。 (context authored-example; source project-authored; official mapping; lexical-context)	"[""䗖𬟽是一个较少见的词语。"",""螮蝀是一個較少見的詞語。""]"	"[""chinese"",""simplified-traditional"",""tghz2013"",""level-3"",""bidirectional"",""one-context-sentence"",""hant-to-hans""]"
zh-tghz2013-level-3/7168-map-01/hans-to-hant	通用规范汉字表 第3级	vocabulary	7168	zh-Hans	zh-Hant	啴（啴缓）	"[""嘽（嘽緩）""]"	"[]"		"[""zh-tghz2013.7168"",""zh-tghz2013.7168.map-01""]"	"[]"	"[]"	sources/mappings.tsv	规范字编号 7168；对应码 7168_1	啴缓是一个较少见的词语。 ⇄ 嘽緩是一個較少見的詞語。 (context authored-example; source project-authored; official mapping; lexical-context)	"[""啴缓是一个较少见的词语。"",""嘽緩是一個較少見的詞語。""]"	"[""chinese"",""simplified-traditional"",""tghz2013"",""level-3"",""bidirectional"",""one-context-sentence"",""hans-to-hant""]"
zh-tghz2013-level-3/7168-map-01/hant-to-hans	通用规范汉字表 第3级	vocabulary	7168	zh-Hant	zh-Hans	嘽（嘽緩）	"[""啴（啴缓）""]"	"[]"		"[""zh-tghz2013.7168"",""zh-tghz2013.7168.map-01""]"	"[]"	"[]"	sources/mappings.tsv	规范字编号 7168；对应码 7168_1	啴缓是一个较少见的词语。 ⇄ 嘽緩是一個較少見的詞語。 (context authored-example; source project-authored; official mapping; lexical-context)	"[""啴缓是一个较少见的词语。"",""嘽緩是一個較少見的詞語。""]"	"[""chinese"",""simplified-traditional"",""tghz2013"",""level-3"",""bidirectional"",""one-context-sentence"",""hant-to-hans""]"
zh-tghz2013-level-3/7176-map-01/hans-to-hant	通用规范汉字表 第3级	vocabulary	7176	zh-Hans	zh-Hant	铏（铏字）	"[""鉶（鉶字）""]"	"[]"		"[""zh-tghz2013.7176"",""zh-tghz2013.7176.map-01""]"	"[]"	"[]"	sources/mappings.tsv	规范字编号 7176；对应码 7176_1	金属器物或技术资料中可见铏。 ⇄ 金屬器物或技術資料中可見鉶。 (context domain-template; source metalinguistic-fallback; official mapping; domain-template; Metallurgy / historical material culture: a rare metal-radical character used for a metal, tool, weapon, vessel, ornament, or technical term.)	"[""金属器物或技术资料中可见铏。"",""金屬器物或技術資料中可見鉶。""]"	"[""chinese"",""simplified-traditional"",""tghz2013"",""level-3"",""bidirectional"",""one-context-sentence"",""corner-case"",""hans-to-hant""]"
zh-tghz2013-level-3/7176-map-01/hant-to-hans	通用规范汉字表 第3级	vocabulary	7176	zh-Hant	zh-Hans	鉶（鉶字）	"[""铏（铏字）""]"	"[]"		"[""zh-tghz2013.7176"",""zh-tghz2013.7176.map-01""]"	"[]"	"[]"	sources/mappings.tsv	规范字编号 7176；对应码 7176_1	金属器物或技术资料中可见铏。 ⇄ 金屬器物或技術資料中可見鉶。 (context domain-template; source metalinguistic-fallback; official mapping; domain-template; Metallurgy / historical material culture: a rare metal-radical character used for a metal, tool, weapon, vessel, ornament, or technical term.)	"[""金属器物或技术资料中可见铏。"",""金屬器物或技術資料中可見鉶。""]"	"[""chinese"",""simplified-traditional"",""tghz2013"",""level-3"",""bidirectional"",""one-context-sentence"",""corner-case"",""hant-to-hans""]"
zh-tghz2013-level-3/7177-map-01/hans-to-hant	通用规范汉字表 第3级	vocabulary	7177	zh-Hans	zh-Hant	𫓯（𫓯字）	"[""銈（銈字）""]"	"[]"		"[""zh-tghz2013.7177"",""zh-tghz2013.7177.map-01""]"	"[]"	"[]"	sources/mappings.tsv	规范字编号 7177；对应码 7177_1	金属器物或技术资料中可见𫓯。 ⇄ 金屬器物或技術資料中可見銈。 (context domain-template; source metalinguistic-fallback; official mapping; domain-template; Metallurgy / historical material culture: a rare metal-radical character used for a metal, tool, weapon, vessel, ornament, or technical term.)	"[""金属器物或技术资料中可见𫓯。"",""金屬器物或技術資料中可見銈。""]"	"[""chinese"",""simplified-traditional"",""tghz2013"",""level-3"",""bidirectional"",""one-context-sentence"",""corner-case"",""hans-to-hant""]"
zh-tghz2013-level-3/7177-map-01/hant-to-hans	通用规范汉字表 第3级	vocabulary	7177	zh-Hant	zh-Hans	銈（銈字）	"[""𫓯（𫓯字）""]"	"[]"		"[""zh-tghz2013.7177"",""zh-tghz2013.7177.map-01""]"	"[]"	"[]"	sources/mappings.tsv	规范字编号 7177；对应码 7177_1	金属器物或技术资料中可见𫓯。 ⇄ 金屬器物或技術資料中可見銈。 (context domain-template; source metalinguistic-fallback; official mapping; domain-template; Metallurgy / historical material culture: a rare metal-radical character used for a metal, tool, weapon, vessel, ornament, or technical term.)	"[""金属器物或技术资料中可见𫓯。"",""金屬器物或技術資料中可見銈。""]"	"[""chinese"",""simplified-traditional"",""tghz2013"",""level-3"",""bidirectional"",""one-context-sentence"",""corner-case"",""hant-to-hans""]"
zh-tghz2013-level-3/7178-map-01/hans-to-hant	通用规范汉字表 第3级	vocabulary	7178	zh-Hans	zh-Hant	𫟹（𫟹字）	"[""鉷（鉷字）""]"	"[]"		"[""zh-tghz2013.7178"",""zh-tghz2013.7178.map-01""]"	"[]"	"[]"	sources/mappings.tsv	规范字编号 7178；对应码 7178_1	金属器物或技术资料中可见𫟹。 ⇄ 金屬器物或技術資料中可見鉷。 (context domain-template; source metalinguistic-fallback; official mapping; domain-template; Metallurgy / historical material culture: a rare metal-radical character used for a metal, tool, weapon, vessel, ornament, or technical term.)	"[""金属器物或技术资料中可见𫟹。"",""金屬器物或技術資料中可見鉷。""]"	"[""chinese"",""simplified-traditional"",""tghz2013"",""level-3"",""bidirectional"",""one-context-sentence"",""corner-case"",""hans-to-hant""]"
zh-tghz2013-level-3/7178-map-01/hant-to-hans	通用规范汉字表 第3级	vocabulary	7178	zh-Hant	zh-Hans	鉷（鉷字）	"[""𫟹（𫟹字）""]"	"[]"		"[""zh-tghz2013.7178"",""zh-tghz2013.7178.map-01""]"	"[]"	"[]"	sources/mappings.tsv	规范字编号 7178；对应码 7178_1	金属器物或技术资料中可见𫟹。 ⇄ 金屬器物或技術資料中可見鉷。 (context domain-template; source metalinguistic-fallback; official mapping; domain-template; Metallurgy / historical material culture: a rare metal-radical character used for a metal, tool, weapon, vessel, ornament, or technical term.)	"[""金属器物或技术资料中可见𫟹。"",""金屬器物或技術資料中可見鉷。""]"	"[""chinese"",""simplified-traditional"",""tghz2013"",""level-3"",""bidirectional"",""one-context-sentence"",""corner-case"",""hant-to-hans""]"
zh-tghz2013-level-3/7179-map-01/hans-to-hant	通用规范汉字表 第3级	vocabulary	7179	zh-Hans	zh-Hant	铕（铕字）	"[""銪（銪字）""]"	"[]"		"[""zh-tghz2013.7179"",""zh-tghz2013.7179.map-01""]"	"[]"	"[]"	sources/mappings.tsv	规范字编号 7179；对应码 7179_1	实验记录中提到了铕。 ⇄ 實驗記錄中提到了銪。 (context element-domain; source metalinguistic-fallback; official mapping; element-domain; Chemistry: europium, a chemical element represented by this character in Chinese technical terminology.)	"[""实验记录中提到了铕。"",""實驗記錄中提到了銪。""]"	"[""chinese"",""simplified-traditional"",""tghz2013"",""level-3"",""bidirectional"",""one-context-sentence"",""corner-case"",""hans-to-hant""]"
zh-tghz2013-level-3/7179-map-01/hant-to-hans	通用规范汉字表 第3级	vocabulary	7179	zh-Hant	zh-Hans	銪（銪字）	"[""铕（铕字）""]"	"[]"		"[""zh-tghz2013.7179"",""zh-tghz2013.7179.map-01""]"	"[]"	"[]"	sources/mappings.tsv	规范字编号 7179；对应码 7179_1	实验记录中提到了铕。 ⇄ 實驗記錄中提到了銪。 (context element-domain; source metalinguistic-fallback; official mapping; element-domain; Chemistry: europium, a chemical element represented by this character in Chinese technical terminology.)	"[""实验记录中提到了铕。"",""實驗記錄中提到了銪。""]"	"[""chinese"",""simplified-traditional"",""tghz2013"",""level-3"",""bidirectional"",""one-context-sentence"",""corner-case"",""hant-to-hans""]"
zh-tghz2013-level-3/7180-map-01/hans-to-hant	通用规范汉字表 第3级	vocabulary	7180	zh-Hans	zh-Hant	𫟼（𫟼字）	"[""鐽（鐽字）""]"	"[]"		"[""zh-tghz2013.7180"",""zh-tghz2013.7180.map-01""]"	"[]"	"[]"	sources/mappings.tsv	规范字编号 7180；对应码 7180_1	金属器物或技术资料中可见𫟼。 ⇄ 金屬器物或技術資料中可見鐽。 (context domain-template; source metalinguistic-fallback; official mapping; domain-template; Metallurgy / historical material culture: a rare metal-radical character used for a metal, tool, weapon, vessel, ornament, or technical term.)	"[""金属器物或技术资料中可见𫟼。"",""金屬器物或技術資料中可見鐽。""]"	"[""chinese"",""simplified-traditional"",""tghz2013"",""level-3"",""bidirectional"",""one-context-sentence"",""corner-case"",""hans-to-hant""]"
zh-tghz2013-level-3/7180-map-01/hant-to-hans	通用规范汉字表 第3级	vocabulary	7180	zh-Hant	zh-Hans	鐽（鐽字）	"[""𫟼（𫟼字）""]"	"[]"		"[""zh-tghz2013.7180"",""zh-tghz2013.7180.map-01""]"	"[]"	"[]"	sources/mappings.tsv	规范字编号 7180；对应码 7180_1	金属器物或技术资料中可见𫟼。 ⇄ 金屬器物或技術資料中可見鐽。 (context domain-template; source metalinguistic-fallback; official mapping; domain-template; Metallurgy / historical material culture: a rare metal-radical character used for a metal, tool, weapon, vessel, ornament, or technical term.)	"[""金属器物或技术资料中可见𫟼。"",""金屬器物或技術資料中可見鐽。""]"	"[""chinese"",""simplified-traditional"",""tghz2013"",""level-3"",""bidirectional"",""one-context-sentence"",""corner-case"",""hant-to-hans""]"
zh-tghz2013-level-3/7181-map-01/hans-to-hant	通用规范汉字表 第3级	vocabulary	7181	zh-Hans	zh-Hant	铖（阮大铖）	"[""鋮（阮大鋮）""]"	"[]"		"[""zh-tghz2013.7181"",""zh-tghz2013.7181.map-01""]"	"[]"	"[]"	sources/mappings.tsv	规范字编号 7181；对应码 7181_1	阮大铖是一个人名。 ⇄ 阮大鋮是一個人名。 (context authored-example; source project-authored; official mapping; lexical-context)	"[""阮大铖是一个人名。"",""阮大鋮是一個人名。""]"	"[""chinese"",""simplified-traditional"",""tghz2013"",""level-3"",""bidirectional"",""one-context-sentence"",""hans-to-hant""]"
zh-tghz2013-level-3/7181-map-01/hant-to-hans	通用规范汉字表 第3级	vocabulary	7181	zh-Hant	zh-Hans	鋮（阮大鋮）	"[""铖（阮大铖）""]"	"[]"		"[""zh-tghz2013.7181"",""zh-tghz2013.7181.map-01""]"	"[]"	"[]"	sources/mappings.tsv	规范字编号 7181；对应码 7181_1	阮大铖是一个人名。 ⇄ 阮大鋮是一個人名。 (context authored-example; source project-authored; official mapping; lexical-context)	"[""阮大铖是一个人名。"",""阮大鋮是一個人名。""]"	"[""chinese"",""simplified-traditional"",""tghz2013"",""level-3"",""bidirectional"",""one-context-sentence"",""hant-to-hans""]"
zh-tghz2013-level-3/7182-map-01/hans-to-hant	通用规范汉字表 第3级	vocabulary	7182	zh-Hans	zh-Hant	铘（铘字）	"[""鋣（鋣字）""]"	"[]"		"[""zh-tghz2013.7182"",""zh-tghz2013.7182.map-01""]"	"[]"	"[]"	sources/mappings.tsv	规范字编号 7182；对应码 7182_1	金属器物或技术资料中可见铘。 ⇄ 金屬器物或技術資料中可見鋣。 (context domain-template; source metalinguistic-fallback; official mapping; domain-template; Metallurgy / historical material culture: a rare metal-radical character used for a metal, tool, weapon, vessel, ornament, or technical term.)	"[""金属器物或技术资料中可见铘。"",""金屬器物或技術資料中可見鋣。""]"	"[""chinese"",""simplified-traditional"",""tghz2013"",""level-3"",""bidirectional"",""one-context-sentence"",""corner-case"",""hans-to-hant""]"
zh-tghz2013-level-3/7182-map-01/hant-to-hans	通用规范汉字表 第3级	vocabulary	7182	zh-Hant	zh-Hans	鋣（鋣字）	"[""铘（铘字）""]"	"[]"		"[""zh-tghz2013.7182"",""zh-tghz2013.7182.map-01""]"	"[]"	"[]"	sources/mappings.tsv	规范字编号 7182；对应码 7182_1	金属器物或技术资料中可见铘。 ⇄ 金屬器物或技術資料中可見鋣。 (context domain-template; source metalinguistic-fallback; official mapping; domain-template; Metallurgy / historical material culture: a rare metal-radical character used for a metal, tool, weapon, vessel, ornament, or technical term.)	"[""金属器物或技术资料中可见铘。"",""金屬器物或技術資料中可見鋣。""]"	"[""chinese"",""simplified-traditional"",""tghz2013"",""level-3"",""bidirectional"",""one-context-sentence"",""corner-case"",""hant-to-hans""]"
zh-tghz2013-level-3/7183-map-01/hans-to-hant	通用规范汉字表 第3级	vocabulary	7183	zh-Hans	zh-Hant	铚（铚字）	"[""銍（銍字）""]"	"[]"		"[""zh-tghz2013.7183"",""zh-tghz2013.7183.map-01""]"	"[]"	"[]"	sources/mappings.tsv	规范字编号 7183；对应码 7183_1	金属器物或技术资料中可见铚。 ⇄ 金屬器物或技術資料中可見銍。 (context domain-template; source metalinguistic-fallback; official mapping; domain-template; Metallurgy / historical material culture: a rare metal-radical character used for a metal, tool, weapon, vessel, ornament, or technical term.)	"[""金属器物或技术资料中可见铚。"",""金屬器物或技術資料中可見銍。""]"	"[""chinese"",""simplified-traditional"",""tghz2013"",""level-3"",""bidirectional"",""one-context-sentence"",""corner-case"",""hans-to-hant""]"
zh-tghz2013-level-3/7183-map-01/hant-to-hans	通用规范汉字表 第3级	vocabulary	7183	zh-Hant	zh-Hans	銍（銍字）	"[""铚（铚字）""]"	"[]"		"[""zh-tghz2013.7183"",""zh-tghz2013.7183.map-01""]"	"[]"	"[]"	sources/mappings.tsv	规范字编号 7183；对应码 7183_1	金属器物或技术资料中可见铚。 ⇄ 金屬器物或技術資料中可見銍。 (context domain-template; source metalinguistic-fallback; official mapping; domain-template; Metallurgy / historical material culture: a rare metal-radical character used for a metal, tool, weapon, vessel, ornament, or technical term.)	"[""金属器物或技术资料中可见铚。"",""金屬器物或技術資料中可見銍。""]"	"[""chinese"",""simplified-traditional"",""tghz2013"",""level-3"",""bidirectional"",""one-context-sentence"",""corner-case"",""hant-to-hans""]"
zh-tghz2013-level-3/7184-map-01/hans-to-hant	通用规范汉字表 第3级	vocabulary	7184	zh-Hans	zh-Hant	铞（钌铞儿）	"[""銱（釕銱兒）""]"	"[]"		"[""zh-tghz2013.7184"",""zh-tghz2013.7184.map-01""]"	"[]"	"[]"	sources/mappings.tsv	规范字编号 7184；对应码 7184_1	钌铞儿是一种器物。 ⇄ 釕銱兒是一種器物。 (context authored-example; source project-authored; official mapping; lexical-context)	"[""钌铞儿是一种器物。"",""釕銱兒是一種器物。""]"	"[""chinese"",""simplified-traditional"",""tghz2013"",""level-3"",""bidirectional"",""one-context-sentence"",""hans-to-hant""]"
zh-tghz2013-level-3/7184-map-01/hant-to-hans	通用规范汉字表 第3级	vocabulary	7184	zh-Hant	zh-Hans	銱（釕銱兒）	"[""铞（钌铞儿）""]"	"[]"		"[""zh-tghz2013.7184"",""zh-tghz2013.7184.map-01""]"	"[]"	"[]"	sources/mappings.tsv	规范字编号 7184；对应码 7184_1	钌铞儿是一种器物。 ⇄ 釕銱兒是一種器物。 (context authored-example; source project-authored; official mapping; lexical-context)	"[""钌铞儿是一种器物。"",""釕銱兒是一種器物。""]"	"[""chinese"",""simplified-traditional"",""tghz2013"",""level-3"",""bidirectional"",""one-context-sentence"",""hant-to-hans""]"
zh-tghz2013-level-3/7185-map-01/hans-to-hant	通用规范汉字表 第3级	vocabulary	7185	zh-Hans	zh-Hant	铥（铥字）	"[""銩（銩字）""]"	"[]"		"[""zh-tghz2013.7185"",""zh-tghz2013.7185.map-01""]"	"[]"	"[]"	sources/mappings.tsv	规范字编号 7185；对应码 7185_1	实验记录中提到了铥。 ⇄ 實驗記錄中提到了銩。 (context element-domain; source metalinguistic-fallback; official mapping; element-domain; Chemistry: thulium, a chemical element represented by this character in Chinese technical terminology.)	"[""实验记录中提到了铥。"",""實驗記錄中提到了銩。""]"	"[""chinese"",""simplified-traditional"",""tghz2013"",""level-3"",""bidirectional"",""one-context-sentence"",""corner-case"",""hans-to-hant""]"
zh-tghz2013-level-3/7185-map-01/hant-to-hans	通用规范汉字表 第3级	vocabulary	7185	zh-Hant	zh-Hans	銩（銩字）	"[""铥（铥字）""]"	"[]"		"[""zh-tghz2013.7185"",""zh-tghz2013.7185.map-01""]"	"[]"	"[]"	sources/mappings.tsv	规范字编号 7185；对应码 7185_1	实验记录中提到了铥。 ⇄ 實驗記錄中提到了銩。 (context element-domain; source metalinguistic-fallback; official mapping; element-domain; Chemistry: thulium, a chemical element represented by this character in Chinese technical terminology.)	"[""实验记录中提到了铥。"",""實驗記錄中提到了銩。""]"	"[""chinese"",""simplified-traditional"",""tghz2013"",""level-3"",""bidirectional"",""one-context-sentence"",""corner-case"",""hant-to-hans""]"
zh-tghz2013-level-3/7186-map-01/hans-to-hant	通用规范汉字表 第3级	vocabulary	7186	zh-Hans	zh-Hant	铴（铴锣）	"[""鐋（鐋鑼）""]"	"[]"		"[""zh-tghz2013.7186"",""zh-tghz2013.7186.map-01""]"	"[]"	"[]"	sources/mappings.tsv	规范字编号 7186；对应码 7186_1	铴锣是一种器物。 ⇄ 鐋鑼是一種器物。 (context authored-example; source project-authored; official mapping; lexical-context)	"[""铴锣是一种器物。"",""鐋鑼是一種器物。""]"	"[""chinese"",""simplified-traditional"",""tghz2013"",""level-3"",""bidirectional"",""one-context-sentence"",""hans-to-hant""]"
zh-tghz2013-level-3/7186-map-01/hant-to-hans	通用规范汉字表 第3级	vocabulary	7186	zh-Hant	zh-Hans	鐋（鐋鑼）	"[""铴（铴锣）""]"	"[]"		"[""zh-tghz2013.7186"",""zh-tghz2013.7186.map-01""]"	"[]"	"[]"	sources/mappings.tsv	规范字编号 7186；对应码 7186_1	铴锣是一种器物。 ⇄ 鐋鑼是一種器物。 (context authored-example; source project-authored; official mapping; lexical-context)	"[""铴锣是一种器物。"",""鐋鑼是一種器物。""]"	"[""chinese"",""simplified-traditional"",""tghz2013"",""level-3"",""bidirectional"",""one-context-sentence"",""hant-to-hans""]"
zh-tghz2013-level-3/7194-map-01/hans-to-hant	通用规范汉字表 第3级	vocabulary	7194	zh-Hans	zh-Hant	鸺（鸺鹠）	"[""鵂（鵂鶹）""]"	"[]"		"[""zh-tghz2013.7194"",""zh-tghz2013.7194.map-01""]"	"[]"	"[]"	sources/mappings.tsv	规范字编号 7194；对应码 7194_1	鸺鹠是一种鸟。 ⇄ 鵂鶹是一種鳥。 (context authored-example; source project-authored; official mapping; lexical-context)	"[""鸺鹠是一种鸟。"",""鵂鶹是一種鳥。""]"	"[""chinese"",""simplified-traditional"",""tghz2013"",""level-3"",""bidirectional"",""one-context-sentence"",""hans-to-hant""]"
zh-tghz2013-level-3/7194-map-01/hant-to-hans	通用规范汉字表 第3级	vocabulary	7194	zh-Hant	zh-Hans	鵂（鵂鶹）	"[""鸺（鸺鹠）""]"	"[]"		"[""zh-tghz2013.7194"",""zh-tghz2013.7194.map-01""]"	"[]"	"[]"	sources/mappings.tsv	规范字编号 7194；对应码 7194_1	鸺鹠是一种鸟。 ⇄ 鵂鶹是一種鳥。 (context authored-example; source project-authored; official mapping; lexical-context)	"[""鸺鹠是一种鸟。"",""鵂鶹是一種鳥。""]"	"[""chinese"",""simplified-traditional"",""tghz2013"",""level-3"",""bidirectional"",""one-context-sentence"",""hant-to-hans""]"
zh-tghz2013-level-3/7205-map-01/hans-to-hant	通用规范汉字表 第3级	vocabulary	7205	zh-Hans	zh-Hant	鸼（鸼字）	"[""鵃（鵃字）""]"	"[]"		"[""zh-tghz2013.7205"",""zh-tghz2013.7205.map-01""]"	"[]"	"[]"	sources/mappings.tsv	规范字编号 7205；对应码 7205_1	图鉴中记录了鸼这种鸟。 ⇄ 圖鑑中記錄了鵃這種鳥。 (context domain-template; source metalinguistic-fallback; official mapping; domain-template; Zoology / ornithology: a rare character used in the name of a bird or bird group.)	"[""图鉴中记录了鸼这种鸟。"",""圖鑑中記錄了鵃這種鳥。""]"	"[""chinese"",""simplified-traditional"",""tghz2013"",""level-3"",""bidirectional"",""one-context-sentence"",""corner-case"",""hans-to-hant""]"
zh-tghz2013-level-3/7205-map-01/hant-to-hans	通用规范汉字表 第3级	vocabulary	7205	zh-Hant	zh-Hans	鵃（鵃字）	"[""鸼（鸼字）""]"	"[]"		"[""zh-tghz2013.7205"",""zh-tghz2013.7205.map-01""]"	"[]"	"[]"	sources/mappings.tsv	规范字编号 7205；对应码 7205_1	图鉴中记录了鸼这种鸟。 ⇄ 圖鑑中記錄了鵃這種鳥。 (context domain-template; source metalinguistic-fallback; official mapping; domain-template; Zoology / ornithology: a rare character used in the name of a bird or bird group.)	"[""图鉴中记录了鸼这种鸟。"",""圖鑑中記錄了鵃這種鳥。""]"	"[""chinese"",""simplified-traditional"",""tghz2013"",""level-3"",""bidirectional"",""one-context-sentence"",""corner-case"",""hant-to-hans""]"
zh-tghz2013-level-3/7209-map-01/hans-to-hant	通用规范汉字表 第3级	vocabulary	7209	zh-Hans	zh-Hant	䝙（䝙字）	"[""貙（貙字）""]"	"[]"		"[""zh-tghz2013.7209"",""zh-tghz2013.7209.map-01""]"	"[]"	"[]"	sources/mappings.tsv	规范字编号 7209；对应码 7209_1	古代动物记录中可见䝙。 ⇄ 古代動物記錄中可見貙。 (context domain-template; source metalinguistic-fallback; official mapping; domain-template; Historical zoology / animal husbandry: a rare character associated with an animal or livestock term.)	"[""古代动物记录中可见䝙。"",""古代動物記錄中可見貙。""]"	"[""chinese"",""simplified-traditional"",""tghz2013"",""level-3"",""bidirectional"",""one-context-sentence"",""corner-case"",""hans-to-hant""]"
zh-tghz2013-level-3/7209-map-01/hant-to-hans	通用规范汉字表 第3级	vocabulary	7209	zh-Hant	zh-Hans	貙（貙字）	"[""䝙（䝙字）""]"	"[]"		"[""zh-tghz2013.7209"",""zh-tghz2013.7209.map-01""]"	"[]"	"[]"	sources/mappings.tsv	规范字编号 7209；对应码 7209_1	古代动物记录中可见䝙。 ⇄ 古代動物記錄中可見貙。 (context domain-template; source metalinguistic-fallback; official mapping; domain-template; Historical zoology / animal husbandry: a rare character associated with an animal or livestock term.)	"[""古代动物记录中可见䝙。"",""古代動物記錄中可見貙。""]"	"[""chinese"",""simplified-traditional"",""tghz2013"",""level-3"",""bidirectional"",""one-context-sentence"",""corner-case"",""hant-to-hans""]"
zh-tghz2013-level-3/7210-map-01/hans-to-hant	通用规范汉字表 第3级	vocabulary	7210	zh-Hans	zh-Hant	脶（脶字）	"[""腡（腡字）""]"	"[]"		"[""zh-tghz2013.7210"",""zh-tghz2013.7210.map-01""]"	"[]"	"[]"	sources/mappings.tsv	规范字编号 7210；对应码 7210_1	古代医书中出现了脶。 ⇄ 古代醫書中出現了腡。 (context domain-template; source metalinguistic-fallback; official mapping; domain-template; Historical anatomy / medicine: a rare character associated with the body, teeth, or an anatomical term.)	"[""古代医书中出现了脶。"",""古代醫書中出現了腡。""]"	"[""chinese"",""simplified-traditional"",""tghz2013"",""level-3"",""bidirectional"",""one-context-sentence"",""corner-case"",""hans-to-hant""]"
zh-tghz2013-level-3/7210-map-01/hant-to-hans	通用规范汉字表 第3级	vocabulary	7210	zh-Hant	zh-Hans	腡（腡字）	"[""脶（脶字）""]"	"[]"		"[""zh-tghz2013.7210"",""zh-tghz2013.7210.map-01""]"	"[]"	"[]"	sources/mappings.tsv	规范字编号 7210；对应码 7210_1	古代医书中出现了脶。 ⇄ 古代醫書中出現了腡。 (context domain-template; source metalinguistic-fallback; official mapping; domain-template; Historical anatomy / medicine: a rare character associated with the body, teeth, or an anatomical term.)	"[""古代医书中出现了脶。"",""古代醫書中出現了腡。""]"	"[""chinese"",""simplified-traditional"",""tghz2013"",""level-3"",""bidirectional"",""one-context-sentence"",""corner-case"",""hant-to-hans""]"
zh-tghz2013-level-3/7214-map-01/hans-to-hant	通用规范汉字表 第3级	vocabulary	7214	zh-Hans	zh-Hant	鱾（鱾字）	"[""魢（魢字）""]"	"[]"		"[""zh-tghz2013.7214"",""zh-tghz2013.7214.map-01""]"	"[]"	"[]"	sources/mappings.tsv	规范字编号 7214；对应码 7214_1	图鉴中收录了鱾这种鱼。 ⇄ 圖鑑中收錄了魢這種魚。 (context domain-template; source metalinguistic-fallback; official mapping; domain-template; Zoology / ichthyology: a rare character used in the name of a fish or fish group.)	"[""图鉴中收录了鱾这种鱼。"",""圖鑑中收錄了魢這種魚。""]"	"[""chinese"",""simplified-traditional"",""tghz2013"",""level-3"",""bidirectional"",""one-context-sentence"",""corner-case"",""hans-to-hant""]"
zh-tghz2013-level-3/7214-map-01/hant-to-hans	通用规范汉字表 第3级	vocabulary	7214	zh-Hant	zh-Hans	魢（魢字）	"[""鱾（鱾字）""]"	"[]"		"[""zh-tghz2013.7214"",""zh-tghz2013.7214.map-01""]"	"[]"	"[]"	sources/mappings.tsv	规范字编号 7214；对应码 7214_1	图鉴中收录了鱾这种鱼。 ⇄ 圖鑑中收錄了魢這種魚。 (context domain-template; source metalinguistic-fallback; official mapping; domain-template; Zoology / ichthyology: a rare character used in the name of a fish or fish group.)	"[""图鉴中收录了鱾这种鱼。"",""圖鑑中收錄了魢這種魚。""]"	"[""chinese"",""simplified-traditional"",""tghz2013"",""level-3"",""bidirectional"",""one-context-sentence"",""corner-case"",""hant-to-hans""]"
zh-tghz2013-level-3/7221-map-01/hans-to-hant	通用规范汉字表 第3级	vocabulary	7221	zh-Hans	zh-Hant	庼（庼字）	"[""廎（廎字）""]"	"[]"		"[""zh-tghz2013.7221"",""zh-tghz2013.7221.map-01""]"	"[]"	"[]"	sources/mappings.tsv	规范字编号 7221；对应码 7221_1	古代建筑记录中出现了庼。 ⇄ 古代建築記錄中出現了廎。 (context domain-template; source metalinguistic-fallback; official mapping; domain-template; Historical architecture: a rare character associated with a gate, room, structure, architectural fitting, or decorative support.)	"[""古代建筑记录中出现了庼。"",""古代建築記錄中出現了廎。""]"	"[""chinese"",""simplified-traditional"",""tghz2013"",""level-3"",""bidirectional"",""one-context-sentence"",""corner-case"",""hans-to-hant""]"
zh-tghz2013-level-3/7221-map-01/hant-to-hans	通用规范汉字表 第3级	vocabulary	7221	zh-Hant	zh-Hans	廎（廎字）	"[""庼（庼字）""]"	"[]"		"[""zh-tghz2013.7221"",""zh-tghz2013.7221.map-01""]"	"[]"	"[]"	sources/mappings.tsv	规范字编号 7221；对应码 7221_1	古代建筑记录中出现了庼。 ⇄ 古代建築記錄中出現了廎。 (context domain-template; source metalinguistic-fallback; official mapping; domain-template; Historical architecture: a rare character associated with a gate, room, structure, architectural fitting, or decorative support.)	"[""古代建筑记录中出现了庼。"",""古代建築記錄中出現了廎。""]"	"[""chinese"",""simplified-traditional"",""tghz2013"",""level-3"",""bidirectional"",""one-context-sentence"",""corner-case"",""hant-to-hans""]"
zh-tghz2013-level-3/7224-map-01/hans-to-hant	通用规范汉字表 第3级	vocabulary	7224	zh-Hans	zh-Hant	䴔（䴔字）	"[""鵁（鵁字）""]"	"[]"		"[""zh-tghz2013.7224"",""zh-tghz2013.7224.map-01""]"	"[]"	"[]"	sources/mappings.tsv	规范字编号 7224；对应码 7224_1	图鉴中记录了䴔这种鸟。 ⇄ 圖鑑中記錄了鵁這種鳥。 (context domain-template; source metalinguistic-fallback; official mapping; domain-template; Zoology / ornithology: a rare character used in the name of a bird or bird group.)	"[""图鉴中记录了䴔这种鸟。"",""圖鑑中記錄了鵁這種鳥。""]"	"[""chinese"",""simplified-traditional"",""tghz2013"",""level-3"",""bidirectional"",""one-context-sentence"",""corner-case"",""hans-to-hant""]"
zh-tghz2013-level-3/7224-map-01/hant-to-hans	通用规范汉字表 第3级	vocabulary	7224	zh-Hant	zh-Hans	鵁（鵁字）	"[""䴔（䴔字）""]"	"[]"		"[""zh-tghz2013.7224"",""zh-tghz2013.7224.map-01""]"	"[]"	"[]"	sources/mappings.tsv	规范字编号 7224；对应码 7224_1	图鉴中记录了䴔这种鸟。 ⇄ 圖鑑中記錄了鵁這種鳥。 (context domain-template; source metalinguistic-fallback; official mapping; domain-template; Zoology / ornithology: a rare character used in the name of a bird or bird group.)	"[""图鉴中记录了䴔这种鸟。"",""圖鑑中記錄了鵁這種鳥。""]"	"[""chinese"",""simplified-traditional"",""tghz2013"",""level-3"",""bidirectional"",""one-context-sentence"",""corner-case"",""hant-to-hans""]"
zh-tghz2013-level-3/7227-map-01/hans-to-hant	通用规范汉字表 第3级	vocabulary	7227	zh-Hans	zh-Hant	阌（阌字）	"[""閿（閿字）""]"	"[]"		"[""zh-tghz2013.7227"",""zh-tghz2013.7227.map-01""]"	"[]"	"[]"	sources/mappings.tsv	规范字编号 7227；对应码 7227_1	古代建筑记录中出现了阌。 ⇄ 古代建築記錄中出現了閿。 (context domain-template; source metalinguistic-fallback; official mapping; domain-template; Historical architecture: a rare character associated with a gate, room, structure, architectural fitting, or decorative support.)	"[""古代建筑记录中出现了阌。"",""古代建築記錄中出現了閿。""]"	"[""chinese"",""simplified-traditional"",""tghz2013"",""level-3"",""bidirectional"",""one-context-sentence"",""corner-case"",""hans-to-hant""]"
zh-tghz2013-level-3/7227-map-01/hant-to-hans	通用规范汉字表 第3级	vocabulary	7227	zh-Hant	zh-Hans	閿（閿字）	"[""阌（阌字）""]"	"[]"		"[""zh-tghz2013.7227"",""zh-tghz2013.7227.map-01""]"	"[]"	"[]"	sources/mappings.tsv	规范字编号 7227；对应码 7227_1	古代建筑记录中出现了阌。 ⇄ 古代建築記錄中出現了閿。 (context domain-template; source metalinguistic-fallback; official mapping; domain-template; Historical architecture: a rare character associated with a gate, room, structure, architectural fitting, or decorative support.)	"[""古代建筑记录中出现了阌。"",""古代建築記錄中出現了閿。""]"	"[""chinese"",""simplified-traditional"",""tghz2013"",""level-3"",""bidirectional"",""one-context-sentence"",""corner-case"",""hant-to-hans""]"
zh-tghz2013-level-3/7234-map-01/hans-to-hant	通用规范汉字表 第3级	vocabulary	7234	zh-Hans	zh-Hant	𬇹（𬇹字）	"[""漍（漍字）""]"	"[]"		"[""zh-tghz2013.7234"",""zh-tghz2013.7234.map-01""]"	"[]"	"[]"	sources/mappings.tsv	规范字编号 7234；对应码 7234_1	地方志中记载了𬇹。 ⇄ 地方志中記載了漍。 (context domain-template; source metalinguistic-fallback; official mapping; domain-template; Historical geography / hydrology: a rare water-related character used for a river, water feature, sound, or flow.)	"[""地方志中记载了𬇹。"",""地方志中記載了漍。""]"	"[""chinese"",""simplified-traditional"",""tghz2013"",""level-3"",""bidirectional"",""one-context-sentence"",""corner-case"",""hans-to-hant""]"
zh-tghz2013-level-3/7234-map-01/hant-to-hans	通用规范汉字表 第3级	vocabulary	7234	zh-Hant	zh-Hans	漍（漍字）	"[""𬇹（𬇹字）""]"	"[]"		"[""zh-tghz2013.7234"",""zh-tghz2013.7234.map-01""]"	"[]"	"[]"	sources/mappings.tsv	规范字编号 7234；对应码 7234_1	地方志中记载了𬇹。 ⇄ 地方志中記載了漍。 (context domain-template; source metalinguistic-fallback; official mapping; domain-template; Historical geography / hydrology: a rare water-related character used for a river, water feature, sound, or flow.)	"[""地方志中记载了𬇹。"",""地方志中記載了漍。""]"	"[""chinese"",""simplified-traditional"",""tghz2013"",""level-3"",""bidirectional"",""one-context-sentence"",""corner-case"",""hant-to-hans""]"
zh-tghz2013-level-3/7241-map-01/hans-to-hant	通用规范汉字表 第3级	vocabulary	7241	zh-Hans	zh-Hant	𬍡（𬍡字）	"[""璗（璗字）""]"	"[]"		"[""zh-tghz2013.7241"",""zh-tghz2013.7241.map-01""]"	"[]"	"[]"	sources/mappings.tsv	规范字编号 7241；对应码 7241_1	古代玉器或人名记录中可见𬍡。 ⇄ 古代玉器或人名記錄中可見璗。 (context domain-template; source metalinguistic-fallback; official mapping; domain-template; Jade terminology / personal names: a rare character associated with jade, ornament, or name usage.)	"[""古代玉器或人名记录中可见𬍡。"",""古代玉器或人名記錄中可見璗。""]"	"[""chinese"",""simplified-traditional"",""tghz2013"",""level-3"",""bidirectional"",""one-context-sentence"",""corner-case"",""hans-to-hant""]"
zh-tghz2013-level-3/7241-map-01/hant-to-hans	通用规范汉字表 第3级	vocabulary	7241	zh-Hant	zh-Hans	璗（璗字）	"[""𬍡（𬍡字）""]"	"[]"		"[""zh-tghz2013.7241"",""zh-tghz2013.7241.map-01""]"	"[]"	"[]"	sources/mappings.tsv	规范字编号 7241；对应码 7241_1	古代玉器或人名记录中可见𬍡。 ⇄ 古代玉器或人名記錄中可見璗。 (context domain-template; source metalinguistic-fallback; official mapping; domain-template; Jade terminology / personal names: a rare character associated with jade, ornament, or name usage.)	"[""古代玉器或人名记录中可见𬍡。"",""古代玉器或人名記錄中可見璗。""]"	"[""chinese"",""simplified-traditional"",""tghz2013"",""level-3"",""bidirectional"",""one-context-sentence"",""corner-case"",""hant-to-hans""]"
zh-tghz2013-level-3/7249-map-01/hans-to-hant	通用规范汉字表 第3级	vocabulary	7249	zh-Hans	zh-Hant	𬤇（𬤇字）	"[""諲（諲字）""]"	"[]"		"[""zh-tghz2013.7249"",""zh-tghz2013.7249.map-01""]"	"[]"	"[]"	sources/mappings.tsv	规范字编号 7249；对应码 7249_1	古文中可见𬤇。 ⇄ 古文中可見諲。 (context domain-template; source metalinguistic-fallback; official mapping; domain-template; Classical Chinese rhetoric / language: a rare speech-related character used in older vocabulary or writing.)	"[""古文中可见𬤇。"",""古文中可見諲。""]"	"[""chinese"",""simplified-traditional"",""tghz2013"",""level-3"",""bidirectional"",""one-context-sentence"",""corner-case"",""hans-to-hant""]"
zh-tghz2013-level-3/7249-map-01/hant-to-hans	通用规范汉字表 第3级	vocabulary	7249	zh-Hant	zh-Hans	諲（諲字）	"[""𬤇（𬤇字）""]"	"[]"		"[""zh-tghz2013.7249"",""zh-tghz2013.7249.map-01""]"	"[]"	"[]"	sources/mappings.tsv	规范字编号 7249；对应码 7249_1	古文中可见𬤇。 ⇄ 古文中可見諲。 (context domain-template; source metalinguistic-fallback; official mapping; domain-template; Classical Chinese rhetoric / language: a rare speech-related character used in older vocabulary or writing.)	"[""古文中可见𬤇。"",""古文中可見諲。""]"	"[""chinese"",""simplified-traditional"",""tghz2013"",""level-3"",""bidirectional"",""one-context-sentence"",""corner-case"",""hant-to-hans""]"
zh-tghz2013-level-3/7250-map-01/hans-to-hant	通用规范汉字表 第3级	vocabulary	7250	zh-Hans	zh-Hant	𫍯（𫍯字）	"[""諴（諴字）""]"	"[]"		"[""zh-tghz2013.7250"",""zh-tghz2013.7250.map-01""]"	"[]"	"[]"	sources/mappings.tsv	规范字编号 7250；对应码 7250_1	古文中可见𫍯。 ⇄ 古文中可見諴。 (context domain-template; source metalinguistic-fallback; official mapping; domain-template; Classical Chinese rhetoric / language: a rare speech-related character used in older vocabulary or writing.)	"[""古文中可见𫍯。"",""古文中可見諴。""]"	"[""chinese"",""simplified-traditional"",""tghz2013"",""level-3"",""bidirectional"",""one-context-sentence"",""corner-case"",""hans-to-hant""]"
zh-tghz2013-level-3/7250-map-01/hant-to-hans	通用规范汉字表 第3级	vocabulary	7250	zh-Hant	zh-Hans	諴（諴字）	"[""𫍯（𫍯字）""]"	"[]"		"[""zh-tghz2013.7250"",""zh-tghz2013.7250.map-01""]"	"[]"	"[]"	sources/mappings.tsv	规范字编号 7250；对应码 7250_1	古文中可见𫍯。 ⇄ 古文中可見諴。 (context domain-template; source metalinguistic-fallback; official mapping; domain-template; Classical Chinese rhetoric / language: a rare speech-related character used in older vocabulary or writing.)	"[""古文中可见𫍯。"",""古文中可見諴。""]"	"[""chinese"",""simplified-traditional"",""tghz2013"",""level-3"",""bidirectional"",""one-context-sentence"",""corner-case"",""hant-to-hans""]"
zh-tghz2013-level-3/7252-map-01/hans-to-hant	通用规范汉字表 第3级	vocabulary	7252	zh-Hans	zh-Hant	裈（花下晒裈）	"[""褌（花下曬褌）""]"	"[]"		"[""zh-tghz2013.7252"",""zh-tghz2013.7252.map-01""]"	"[]"	"[]"	sources/mappings.tsv	规范字编号 7252；对应码 7252_1	花下晒裈是一个较少见的词语。 ⇄ 花下曬褌是一個較少見的詞語。 (context authored-example; source project-authored; official mapping; lexical-context)	"[""花下晒裈是一个较少见的词语。"",""花下曬褌是一個較少見的詞語。""]"	"[""chinese"",""simplified-traditional"",""tghz2013"",""level-3"",""bidirectional"",""one-context-sentence"",""hans-to-hant""]"
zh-tghz2013-level-3/7252-map-01/hant-to-hans	通用规范汉字表 第3级	vocabulary	7252	zh-Hant	zh-Hans	褌（花下曬褌）	"[""裈（花下晒裈）""]"	"[]"		"[""zh-tghz2013.7252"",""zh-tghz2013.7252.map-01""]"	"[]"	"[]"	sources/mappings.tsv	规范字编号 7252；对应码 7252_1	花下晒裈是一个较少见的词语。 ⇄ 花下曬褌是一個較少見的詞語。 (context authored-example; source project-authored; official mapping; lexical-context)	"[""花下晒裈是一个较少见的词语。"",""花下曬褌是一個較少見的詞語。""]"	"[""chinese"",""simplified-traditional"",""tghz2013"",""level-3"",""bidirectional"",""one-context-sentence"",""hant-to-hans""]"
zh-tghz2013-level-3/7254-map-01/hans-to-hant	通用规范汉字表 第3级	vocabulary	7254	zh-Hans	zh-Hant	𬤊（𬤊字）	"[""諟（諟字）""]"	"[]"		"[""zh-tghz2013.7254"",""zh-tghz2013.7254.map-01""]"	"[]"	"[]"	sources/mappings.tsv	规范字编号 7254；对应码 7254_1	古文中可见𬤊。 ⇄ 古文中可見諟。 (context domain-template; source metalinguistic-fallback; official mapping; domain-template; Classical Chinese rhetoric / language: a rare speech-related character used in older vocabulary or writing.)	"[""古文中可见𬤊。"",""古文中可見諟。""]"	"[""chinese"",""simplified-traditional"",""tghz2013"",""level-3"",""bidirectional"",""one-context-sentence"",""corner-case"",""hans-to-hant""]"
zh-tghz2013-level-3/7254-map-01/hant-to-hans	通用规范汉字表 第3级	vocabulary	7254	zh-Hant	zh-Hans	諟（諟字）	"[""𬤊（𬤊字）""]"	"[]"		"[""zh-tghz2013.7254"",""zh-tghz2013.7254.map-01""]"	"[]"	"[]"	sources/mappings.tsv	规范字编号 7254；对应码 7254_1	古文中可见𬤊。 ⇄ 古文中可見諟。 (context domain-template; source metalinguistic-fallback; official mapping; domain-template; Classical Chinese rhetoric / language: a rare speech-related character used in older vocabulary or writing.)	"[""古文中可见𬤊。"",""古文中可見諟。""]"	"[""chinese"",""simplified-traditional"",""tghz2013"",""level-3"",""bidirectional"",""one-context-sentence"",""corner-case"",""hant-to-hans""]"
zh-tghz2013-level-3/7255-map-01/hans-to-hant	通用规范汉字表 第3级	vocabulary	7255	zh-Hans	zh-Hant	𫍲（𫍲字）	"[""謏（謏字）""]"	"[]"		"[""zh-tghz2013.7255"",""zh-tghz2013.7255.map-01""]"	"[]"	"[]"	sources/mappings.tsv	规范字编号 7255；对应码 7255_1	古文中可见𫍲。 ⇄ 古文中可見謏。 (context domain-template; source metalinguistic-fallback; official mapping; domain-template; Classical Chinese rhetoric / language: a rare speech-related character used in older vocabulary or writing.)	"[""古文中可见𫍲。"",""古文中可見謏。""]"	"[""chinese"",""simplified-traditional"",""tghz2013"",""level-3"",""bidirectional"",""one-context-sentence"",""corner-case"",""hans-to-hant""]"
zh-tghz2013-level-3/7255-map-01/hant-to-hans	通用规范汉字表 第3级	vocabulary	7255	zh-Hant	zh-Hans	謏（謏字）	"[""𫍲（𫍲字）""]"	"[]"		"[""zh-tghz2013.7255"",""zh-tghz2013.7255.map-01""]"	"[]"	"[]"	sources/mappings.tsv	规范字编号 7255；对应码 7255_1	古文中可见𫍲。 ⇄ 古文中可見謏。 (context domain-template; source metalinguistic-fallback; official mapping; domain-template; Classical Chinese rhetoric / language: a rare speech-related character used in older vocabulary or writing.)	"[""古文中可见𫍲。"",""古文中可見謏。""]"	"[""chinese"",""simplified-traditional"",""tghz2013"",""level-3"",""bidirectional"",""one-context-sentence"",""corner-case"",""hant-to-hans""]"
zh-tghz2013-level-3/7256-map-01/hans-to-hant	通用规范汉字表 第3级	vocabulary	7256	zh-Hans	zh-Hant	谞（谋无遗谞）	"[""諝（謀無遺諝）""]"	"[]"		"[""zh-tghz2013.7256"",""zh-tghz2013.7256.map-01""]"	"[]"	"[]"	sources/mappings.tsv	规范字编号 7256；对应码 7256_1	谋无遗谞是一个较少见的词语。 ⇄ 謀無遺諝是一個較少見的詞語。 (context authored-example; source project-authored; official mapping; lexical-context)	"[""谋无遗谞是一个较少见的词语。"",""謀無遺諝是一個較少見的詞語。""]"	"[""chinese"",""simplified-traditional"",""tghz2013"",""level-3"",""bidirectional"",""one-context-sentence"",""hans-to-hant""]"
zh-tghz2013-level-3/7256-map-01/hant-to-hans	通用规范汉字表 第3级	vocabulary	7256	zh-Hant	zh-Hans	諝（謀無遺諝）	"[""谞（谋无遗谞）""]"	"[]"		"[""zh-tghz2013.7256"",""zh-tghz2013.7256.map-01""]"	"[]"	"[]"	sources/mappings.tsv	规范字编号 7256；对应码 7256_1	谋无遗谞是一个较少见的词语。 ⇄ 謀無遺諝是一個較少見的詞語。 (context authored-example; source project-authored; official mapping; lexical-context)	"[""谋无遗谞是一个较少见的词语。"",""謀無遺諝是一個較少見的詞語。""]"	"[""chinese"",""simplified-traditional"",""tghz2013"",""level-3"",""bidirectional"",""one-context-sentence"",""hant-to-hans""]"
zh-tghz2013-level-3/7260-map-01/hans-to-hant	通用规范汉字表 第3级	vocabulary	7260	zh-Hans	zh-Hant	𬯎（𬯎字）	"[""隤（隤字）""]"	"[]"		"[""zh-tghz2013.7260"",""zh-tghz2013.7260.map-01""]"	"[]"	"[]"	sources/mappings.tsv	规范字编号 7260；对应码 7260_1	地方志中记载了𬯎。 ⇄ 地方志中記載了隤。 (context domain-template; source metalinguistic-fallback; official mapping; domain-template; Historical geography / topography: a rare character used for terrain, a structure, or a place name.)	"[""地方志中记载了𬯎。"",""地方志中記載了隤。""]"	"[""chinese"",""simplified-traditional"",""tghz2013"",""level-3"",""bidirectional"",""one-context-sentence"",""corner-case"",""hans-to-hant""]"
zh-tghz2013-level-3/7260-map-01/hant-to-hans	通用规范汉字表 第3级	vocabulary	7260	zh-Hant	zh-Hans	隤（隤字）	"[""𬯎（𬯎字）""]"	"[]"		"[""zh-tghz2013.7260"",""zh-tghz2013.7260.map-01""]"	"[]"	"[]"	sources/mappings.tsv	规范字编号 7260；对应码 7260_1	地方志中记载了𬯎。 ⇄ 地方志中記載了隤。 (context domain-template; source metalinguistic-fallback; official mapping; domain-template; Historical geography / topography: a rare character used for terrain, a structure, or a place name.)	"[""地方志中记载了𬯎。"",""地方志中記載了隤。""]"	"[""chinese"",""simplified-traditional"",""tghz2013"",""level-3"",""bidirectional"",""one-context-sentence"",""corner-case"",""hant-to-hans""]"
zh-tghz2013-level-3/7266-map-01/hans-to-hant	通用规范汉字表 第3级	vocabulary	7266	zh-Hans	zh-Hant	婳（婳字）	"[""嫿（嫿字）""]"	"[]"		"[""zh-tghz2013.7266"",""zh-tghz2013.7266.map-01""]"	"[]"	"[]"	sources/mappings.tsv	规范字编号 7266；对应码 7266_1	古代玉器或人名记录中可见婳。 ⇄ 古代玉器或人名記錄中可見嫿。 (context domain-template; source metalinguistic-fallback; official mapping; domain-template; Jade terminology / personal names: a rare character associated with jade, ornament, or name usage.)	"[""古代玉器或人名记录中可见婳。"",""古代玉器或人名記錄中可見嫿。""]"	"[""chinese"",""simplified-traditional"",""tghz2013"",""level-3"",""bidirectional"",""one-context-sentence"",""corner-case"",""hans-to-hant""]"
zh-tghz2013-level-3/7266-map-01/hant-to-hans	通用规范汉字表 第3级	vocabulary	7266	zh-Hant	zh-Hans	嫿（嫿字）	"[""婳（婳字）""]"	"[]"		"[""zh-tghz2013.7266"",""zh-tghz2013.7266.map-01""]"	"[]"	"[]"	sources/mappings.tsv	规范字编号 7266；对应码 7266_1	古代玉器或人名记录中可见婳。 ⇄ 古代玉器或人名記錄中可見嫿。 (context domain-template; source metalinguistic-fallback; official mapping; domain-template; Jade terminology / personal names: a rare character associated with jade, ornament, or name usage.)	"[""古代玉器或人名记录中可见婳。"",""古代玉器或人名記錄中可見嫿。""]"	"[""chinese"",""simplified-traditional"",""tghz2013"",""level-3"",""bidirectional"",""one-context-sentence"",""corner-case"",""hant-to-hans""]"
zh-tghz2013-level-3/7273-map-01/hans-to-hant	通用规范汉字表 第3级	vocabulary	7273	zh-Hans	zh-Hant	𬘬（𬘬字）	"[""綪（綪字）""]"	"[]"		"[""zh-tghz2013.7273"",""zh-tghz2013.7273.map-01""]"	"[]"	"[]"	sources/mappings.tsv	规范字编号 7273；对应码 7273_1	古代织物记录中出现了𬘬。 ⇄ 古代織物記錄中出現了綪。 (context domain-template; source metalinguistic-fallback; official mapping; domain-template; Traditional textiles / cordage: a rare character associated with fibres, silk, thread, rope, or textile production.)	"[""古代织物记录中出现了𬘬。"",""古代織物記錄中出現了綪。""]"	"[""chinese"",""simplified-traditional"",""tghz2013"",""level-3"",""bidirectional"",""one-context-sentence"",""corner-case"",""hans-to-hant""]"
zh-tghz2013-level-3/7273-map-01/hant-to-hans	通用规范汉字表 第3级	vocabulary	7273	zh-Hant	zh-Hans	綪（綪字）	"[""𬘬（𬘬字）""]"	"[]"		"[""zh-tghz2013.7273"",""zh-tghz2013.7273.map-01""]"	"[]"	"[]"	sources/mappings.tsv	规范字编号 7273；对应码 7273_1	古代织物记录中出现了𬘬。 ⇄ 古代織物記錄中出現了綪。 (context domain-template; source metalinguistic-fallback; official mapping; domain-template; Traditional textiles / cordage: a rare character associated with fibres, silk, thread, rope, or textile production.)	"[""古代织物记录中出现了𬘬。"",""古代織物記錄中出現了綪。""]"	"[""chinese"",""simplified-traditional"",""tghz2013"",""level-3"",""bidirectional"",""one-context-sentence"",""corner-case"",""hant-to-hans""]"
zh-tghz2013-level-3/7274-map-01/hans-to-hant	通用规范汉字表 第3级	vocabulary	7274	zh-Hans	zh-Hant	𬘭（𬘭字）	"[""綝（綝字）""]"	"[]"		"[""zh-tghz2013.7274"",""zh-tghz2013.7274.map-01""]"	"[]"	"[]"	sources/mappings.tsv	规范字编号 7274；对应码 7274_1	古代织物记录中出现了𬘭。 ⇄ 古代織物記錄中出現了綝。 (context domain-template; source metalinguistic-fallback; official mapping; domain-template; Traditional textiles / cordage: a rare character associated with fibres, silk, thread, rope, or textile production.)	"[""古代织物记录中出现了𬘭。"",""古代織物記錄中出現了綝。""]"	"[""chinese"",""simplified-traditional"",""tghz2013"",""level-3"",""bidirectional"",""one-context-sentence"",""corner-case"",""hans-to-hant""]"
zh-tghz2013-level-3/7274-map-01/hant-to-hans	通用规范汉字表 第3级	vocabulary	7274	zh-Hant	zh-Hans	綝（綝字）	"[""𬘭（𬘭字）""]"	"[]"		"[""zh-tghz2013.7274"",""zh-tghz2013.7274.map-01""]"	"[]"	"[]"	sources/mappings.tsv	规范字编号 7274；对应码 7274_1	古代织物记录中出现了𬘭。 ⇄ 古代織物記錄中出現了綝。 (context domain-template; source metalinguistic-fallback; official mapping; domain-template; Traditional textiles / cordage: a rare character associated with fibres, silk, thread, rope, or textile production.)	"[""古代织物记录中出现了𬘭。"",""古代織物記錄中出現了綝。""]"	"[""chinese"",""simplified-traditional"",""tghz2013"",""level-3"",""bidirectional"",""one-context-sentence"",""corner-case"",""hant-to-hans""]"
zh-tghz2013-level-3/7275-map-01/hans-to-hant	通用规范汉字表 第3级	vocabulary	7275	zh-Hans	zh-Hant	𬴂（𬴂字）	"[""騑（騑字）""]"	"[]"		"[""zh-tghz2013.7275"",""zh-tghz2013.7275.map-01""]"	"[]"	"[]"	sources/mappings.tsv	规范字编号 7275；对应码 7275_1	古籍中用𬴂描述马匹。 ⇄ 古籍中用騑描述馬匹。 (context domain-template; source metalinguistic-fallback; official mapping; domain-template; Historical transport / equine terminology: a rare character associated with horses, riding, or carriage travel.)	"[""古籍中用𬴂描述马匹。"",""古籍中用騑描述馬匹。""]"	"[""chinese"",""simplified-traditional"",""tghz2013"",""level-3"",""bidirectional"",""one-context-sentence"",""corner-case"",""hans-to-hant""]"
zh-tghz2013-level-3/7275-map-01/hant-to-hans	通用规范汉字表 第3级	vocabulary	7275	zh-Hant	zh-Hans	騑（騑字）	"[""𬴂（𬴂字）""]"	"[]"		"[""zh-tghz2013.7275"",""zh-tghz2013.7275.map-01""]"	"[]"	"[]"	sources/mappings.tsv	规范字编号 7275；对应码 7275_1	古籍中用𬴂描述马匹。 ⇄ 古籍中用騑描述馬匹。 (context domain-template; source metalinguistic-fallback; official mapping; domain-template; Historical transport / equine terminology: a rare character associated with horses, riding, or carriage travel.)	"[""古籍中用𬴂描述马匹。"",""古籍中用騑描述馬匹。""]"	"[""chinese"",""simplified-traditional"",""tghz2013"",""level-3"",""bidirectional"",""one-context-sentence"",""corner-case"",""hant-to-hans""]"
zh-tghz2013-level-3/7276-map-01/hans-to-hant	通用规范汉字表 第3级	vocabulary	7276	zh-Hans	zh-Hant	𫘦（𫘦字）	"[""騊（騊字）""]"	"[]"		"[""zh-tghz2013.7276"",""zh-tghz2013.7276.map-01""]"	"[]"	"[]"	sources/mappings.tsv	规范字编号 7276；对应码 7276_1	古籍中用𫘦描述马匹。 ⇄ 古籍中用騊描述馬匹。 (context domain-template; source metalinguistic-fallback; official mapping; domain-template; Historical transport / equine terminology: a rare character associated with horses, riding, or carriage travel.)	"[""古籍中用𫘦描述马匹。"",""古籍中用騊描述馬匹。""]"	"[""chinese"",""simplified-traditional"",""tghz2013"",""level-3"",""bidirectional"",""one-context-sentence"",""corner-case"",""hans-to-hant""]"
zh-tghz2013-level-3/7276-map-01/hant-to-hans	通用规范汉字表 第3级	vocabulary	7276	zh-Hant	zh-Hans	騊（騊字）	"[""𫘦（𫘦字）""]"	"[]"		"[""zh-tghz2013.7276"",""zh-tghz2013.7276.map-01""]"	"[]"	"[]"	sources/mappings.tsv	规范字编号 7276；对应码 7276_1	古籍中用𫘦描述马匹。 ⇄ 古籍中用騊描述馬匹。 (context domain-template; source metalinguistic-fallback; official mapping; domain-template; Historical transport / equine terminology: a rare character associated with horses, riding, or carriage travel.)	"[""古籍中用𫘦描述马匹。"",""古籍中用騊描述馬匹。""]"	"[""chinese"",""simplified-traditional"",""tghz2013"",""level-3"",""bidirectional"",""one-context-sentence"",""corner-case"",""hant-to-hans""]"
zh-tghz2013-level-3/7277-map-01/hans-to-hant	通用规范汉字表 第3级	vocabulary	7277	zh-Hans	zh-Hant	绹（绹字）	"[""綯（綯字）""]"	"[]"		"[""zh-tghz2013.7277"",""zh-tghz2013.7277.map-01""]"	"[]"	"[]"	sources/mappings.tsv	规范字编号 7277；对应码 7277_1	古代织物记录中出现了绹。 ⇄ 古代織物記錄中出現了綯。 (context domain-template; source metalinguistic-fallback; official mapping; domain-template; Traditional textiles / cordage: a rare character associated with fibres, silk, thread, rope, or textile production.)	"[""古代织物记录中出现了绹。"",""古代織物記錄中出現了綯。""]"	"[""chinese"",""simplified-traditional"",""tghz2013"",""level-3"",""bidirectional"",""one-context-sentence"",""corner-case"",""hans-to-hant""]"
zh-tghz2013-level-3/7277-map-01/hant-to-hans	通用规范汉字表 第3级	vocabulary	7277	zh-Hant	zh-Hans	綯（綯字）	"[""绹（绹字）""]"	"[]"		"[""zh-tghz2013.7277"",""zh-tghz2013.7277.map-01""]"	"[]"	"[]"	sources/mappings.tsv	规范字编号 7277；对应码 7277_1	古代织物记录中出现了绹。 ⇄ 古代織物記錄中出現了綯。 (context domain-template; source metalinguistic-fallback; official mapping; domain-template; Traditional textiles / cordage: a rare character associated with fibres, silk, thread, rope, or textile production.)	"[""古代织物记录中出现了绹。"",""古代織物記錄中出現了綯。""]"	"[""chinese"",""simplified-traditional"",""tghz2013"",""level-3"",""bidirectional"",""one-context-sentence"",""corner-case"",""hant-to-hans""]"
zh-tghz2013-level-3/7278-map-01/hans-to-hant	通用规范汉字表 第3级	vocabulary	7278	zh-Hans	zh-Hant	𫟅（𫟅字）	"[""綡（綡字）""]"	"[]"		"[""zh-tghz2013.7278"",""zh-tghz2013.7278.map-01""]"	"[]"	"[]"	sources/mappings.tsv	规范字编号 7278；对应码 7278_1	古代织物记录中出现了𫟅。 ⇄ 古代織物記錄中出現了綡。 (context domain-template; source metalinguistic-fallback; official mapping; domain-template; Traditional textiles / cordage: a rare character associated with fibres, silk, thread, rope, or textile production.)	"[""古代织物记录中出现了𫟅。"",""古代織物記錄中出現了綡。""]"	"[""chinese"",""simplified-traditional"",""tghz2013"",""level-3"",""bidirectional"",""one-context-sentence"",""corner-case"",""hans-to-hant""]"
zh-tghz2013-level-3/7278-map-01/hant-to-hans	通用规范汉字表 第3级	vocabulary	7278	zh-Hant	zh-Hans	綡（綡字）	"[""𫟅（𫟅字）""]"	"[]"		"[""zh-tghz2013.7278"",""zh-tghz2013.7278.map-01""]"	"[]"	"[]"	sources/mappings.tsv	规范字编号 7278；对应码 7278_1	古代织物记录中出现了𫟅。 ⇄ 古代織物記錄中出現了綡。 (context domain-template; source metalinguistic-fallback; official mapping; domain-template; Traditional textiles / cordage: a rare character associated with fibres, silk, thread, rope, or textile production.)	"[""古代织物记录中出现了𫟅。"",""古代織物記錄中出現了綡。""]"	"[""chinese"",""simplified-traditional"",""tghz2013"",""level-3"",""bidirectional"",""one-context-sentence"",""corner-case"",""hant-to-hans""]"
zh-tghz2013-level-3/7279-map-01/hans-to-hant	通用规范汉字表 第3级	vocabulary	7279	zh-Hans	zh-Hant	𬘯（𬘯字）	"[""綧（綧字）""]"	"[]"		"[""zh-tghz2013.7279"",""zh-tghz2013.7279.map-01""]"	"[]"	"[]"	sources/mappings.tsv	规范字编号 7279；对应码 7279_1	古代织物记录中出现了𬘯。 ⇄ 古代織物記錄中出現了綧。 (context domain-template; source metalinguistic-fallback; official mapping; domain-template; Traditional textiles / cordage: a rare character associated with fibres, silk, thread, rope, or textile production.)	"[""古代织物记录中出现了𬘯。"",""古代織物記錄中出現了綧。""]"	"[""chinese"",""simplified-traditional"",""tghz2013"",""level-3"",""bidirectional"",""one-context-sentence"",""corner-case"",""hans-to-hant""]"
zh-tghz2013-level-3/7279-map-01/hant-to-hans	通用规范汉字表 第3级	vocabulary	7279	zh-Hant	zh-Hans	綧（綧字）	"[""𬘯（𬘯字）""]"	"[]"		"[""zh-tghz2013.7279"",""zh-tghz2013.7279.map-01""]"	"[]"	"[]"	sources/mappings.tsv	规范字编号 7279；对应码 7279_1	古代织物记录中出现了𬘯。 ⇄ 古代織物記錄中出現了綧。 (context domain-template; source metalinguistic-fallback; official mapping; domain-template; Traditional textiles / cordage: a rare character associated with fibres, silk, thread, rope, or textile production.)	"[""古代织物记录中出现了𬘯。"",""古代織物記錄中出現了綧。""]"	"[""chinese"",""simplified-traditional"",""tghz2013"",""level-3"",""bidirectional"",""one-context-sentence"",""corner-case"",""hant-to-hans""]"
zh-tghz2013-level-3/7280-map-01/hans-to-hant	通用规范汉字表 第3级	vocabulary	7280	zh-Hans	zh-Hant	骕（骕骦）	"[""驌（驌驦）""]"	"[]"		"[""zh-tghz2013.7280"",""zh-tghz2013.7280.map-01""]"	"[]"	"[]"	sources/mappings.tsv	规范字编号 7280；对应码 7280_1	骕骦是一个较少见的词语。 ⇄ 驌驦是一個較少見的詞語。 (context authored-example; source project-authored; official mapping; lexical-context)	"[""骕骦是一个较少见的词语。"",""驌驦是一個較少見的詞語。""]"	"[""chinese"",""simplified-traditional"",""tghz2013"",""level-3"",""bidirectional"",""one-context-sentence"",""hans-to-hant""]"
zh-tghz2013-level-3/7280-map-01/hant-to-hans	通用规范汉字表 第3级	vocabulary	7280	zh-Hant	zh-Hans	驌（驌驦）	"[""骕（骕骦）""]"	"[]"		"[""zh-tghz2013.7280"",""zh-tghz2013.7280.map-01""]"	"[]"	"[]"	sources/mappings.tsv	规范字编号 7280；对应码 7280_1	骕骦是一个较少见的词语。 ⇄ 驌驦是一個較少見的詞語。 (context authored-example; source project-authored; official mapping; lexical-context)	"[""骕骦是一个较少见的词语。"",""驌驦是一個較少見的詞語。""]"	"[""chinese"",""simplified-traditional"",""tghz2013"",""level-3"",""bidirectional"",""one-context-sentence"",""hant-to-hans""]"
zh-tghz2013-level-3/7281-map-01/hans-to-hant	通用规范汉字表 第3级	vocabulary	7281	zh-Hans	zh-Hant	𫘧（𫘧字）	"[""騄（騄字）""]"	"[]"		"[""zh-tghz2013.7281"",""zh-tghz2013.7281.map-01""]"	"[]"	"[]"	sources/mappings.tsv	规范字编号 7281；对应码 7281_1	古籍中用𫘧描述马匹。 ⇄ 古籍中用騄描述馬匹。 (context domain-template; source metalinguistic-fallback; official mapping; domain-template; Historical transport / equine terminology: a rare character associated with horses, riding, or carriage travel.)	"[""古籍中用𫘧描述马匹。"",""古籍中用騄描述馬匹。""]"	"[""chinese"",""simplified-traditional"",""tghz2013"",""level-3"",""bidirectional"",""one-context-sentence"",""corner-case"",""hans-to-hant""]"
zh-tghz2013-level-3/7281-map-01/hant-to-hans	通用规范汉字表 第3级	vocabulary	7281	zh-Hant	zh-Hans	騄（騄字）	"[""𫘧（𫘧字）""]"	"[]"		"[""zh-tghz2013.7281"",""zh-tghz2013.7281.map-01""]"	"[]"	"[]"	sources/mappings.tsv	规范字编号 7281；对应码 7281_1	古籍中用𫘧描述马匹。 ⇄ 古籍中用騄描述馬匹。 (context domain-template; source metalinguistic-fallback; official mapping; domain-template; Historical transport / equine terminology: a rare character associated with horses, riding, or carriage travel.)	"[""古籍中用𫘧描述马匹。"",""古籍中用騄描述馬匹。""]"	"[""chinese"",""simplified-traditional"",""tghz2013"",""level-3"",""bidirectional"",""one-context-sentence"",""corner-case"",""hant-to-hans""]"
zh-tghz2013-level-3/7298-map-01/hans-to-hant	通用规范汉字表 第3级	vocabulary	7298	zh-Hans	zh-Hant	絷（絷字）	"[""縶（縶字）""]"	"[]"		"[""zh-tghz2013.7298"",""zh-tghz2013.7298.map-01""]"	"[]"	"[]"	sources/mappings.tsv	规范字编号 7298；对应码 7298_1	古代织物记录中出现了絷。 ⇄ 古代織物記錄中出現了縶。 (context domain-template; source metalinguistic-fallback; official mapping; domain-template; Traditional textiles / cordage: a rare character associated with fibres, silk, thread, rope, or textile production.)	"[""古代织物记录中出现了絷。"",""古代織物記錄中出現了縶。""]"	"[""chinese"",""simplified-traditional"",""tghz2013"",""level-3"",""bidirectional"",""one-context-sentence"",""corner-case"",""hans-to-hant""]"
zh-tghz2013-level-3/7298-map-01/hant-to-hans	通用规范汉字表 第3级	vocabulary	7298	zh-Hant	zh-Hans	縶（縶字）	"[""絷（絷字）""]"	"[]"		"[""zh-tghz2013.7298"",""zh-tghz2013.7298.map-01""]"	"[]"	"[]"	sources/mappings.tsv	规范字编号 7298；对应码 7298_1	古代织物记录中出现了絷。 ⇄ 古代織物記錄中出現了縶。 (context domain-template; source metalinguistic-fallback; official mapping; domain-template; Traditional textiles / cordage: a rare character associated with fibres, silk, thread, rope, or textile production.)	"[""古代织物记录中出现了絷。"",""古代織物記錄中出現了縶。""]"	"[""chinese"",""simplified-traditional"",""tghz2013"",""level-3"",""bidirectional"",""one-context-sentence"",""corner-case"",""hant-to-hans""]"
zh-tghz2013-level-3/7299-map-01/hans-to-hant	通用规范汉字表 第3级	vocabulary	7299	zh-Hans	zh-Hant	𪣻（𪣻字）	"[""塿（塿字）""]"	"[]"		"[""zh-tghz2013.7299"",""zh-tghz2013.7299.map-01""]"	"[]"	"[]"	sources/mappings.tsv	规范字编号 7299；对应码 7299_1	地方志中记载了𪣻。 ⇄ 地方志中記載了塿。 (context domain-template; source metalinguistic-fallback; official mapping; domain-template; Historical geography / topography: a rare character used for terrain, a structure, or a place name.)	"[""地方志中记载了𪣻。"",""地方志中記載了塿。""]"	"[""chinese"",""simplified-traditional"",""tghz2013"",""level-3"",""bidirectional"",""one-context-sentence"",""corner-case"",""hans-to-hant""]"
zh-tghz2013-level-3/7299-map-01/hant-to-hans	通用规范汉字表 第3级	vocabulary	7299	zh-Hant	zh-Hans	塿（塿字）	"[""𪣻（𪣻字）""]"	"[]"		"[""zh-tghz2013.7299"",""zh-tghz2013.7299.map-01""]"	"[]"	"[]"	sources/mappings.tsv	规范字编号 7299；对应码 7299_1	地方志中记载了𪣻。 ⇄ 地方志中記載了塿。 (context domain-template; source metalinguistic-fallback; official mapping; domain-template; Historical geography / topography: a rare character used for terrain, a structure, or a place name.)	"[""地方志中记载了𪣻。"",""地方志中記載了塿。""]"	"[""chinese"",""simplified-traditional"",""tghz2013"",""level-3"",""bidirectional"",""one-context-sentence"",""corner-case"",""hant-to-hans""]"
zh-tghz2013-level-3/7307-map-01/hans-to-hant	通用规范汉字表 第3级	vocabulary	7307	zh-Hans	zh-Hant	蒇（蒇字）	"[""蕆（蕆字）""]"	"[]"		"[""zh-tghz2013.7307"",""zh-tghz2013.7307.map-01""]"	"[]"	"[]"	sources/mappings.tsv	规范字编号 7307；对应码 7307_1	本草书中记载了蒇。 ⇄ 本草書中記載了蕆。 (context domain-template; source metalinguistic-fallback; official mapping; domain-template; Botany / traditional materia medica: a rare character used in a plant name or botanical description.)	"[""本草书中记载了蒇。"",""本草書中記載了蕆。""]"	"[""chinese"",""simplified-traditional"",""tghz2013"",""level-3"",""bidirectional"",""one-context-sentence"",""corner-case"",""hans-to-hant""]"
zh-tghz2013-level-3/7307-map-01/hant-to-hans	通用规范汉字表 第3级	vocabulary	7307	zh-Hant	zh-Hans	蕆（蕆字）	"[""蒇（蒇字）""]"	"[]"		"[""zh-tghz2013.7307"",""zh-tghz2013.7307.map-01""]"	"[]"	"[]"	sources/mappings.tsv	规范字编号 7307；对应码 7307_1	本草书中记载了蒇。 ⇄ 本草書中記載了蕆。 (context domain-template; source metalinguistic-fallback; official mapping; domain-template; Botany / traditional materia medica: a rare character used in a plant name or botanical description.)	"[""本草书中记载了蒇。"",""本草書中記載了蕆。""]"	"[""chinese"",""simplified-traditional"",""tghz2013"",""level-3"",""bidirectional"",""one-context-sentence"",""corner-case"",""hant-to-hans""]"
zh-tghz2013-level-3/7310-map-01/hans-to-hant	通用规范汉字表 第3级	vocabulary	7310	zh-Hans	zh-Hant	蒉（蒉字）	"[""蕢（蕢字）""]"	"[]"		"[""zh-tghz2013.7310"",""zh-tghz2013.7310.map-01""]"	"[]"	"[]"	sources/mappings.tsv	规范字编号 7310；对应码 7310_1	本草书中记载了蒉。 ⇄ 本草書中記載了蕢。 (context domain-template; source metalinguistic-fallback; official mapping; domain-template; Botany / traditional materia medica: a rare character used in a plant name or botanical description.)	"[""本草书中记载了蒉。"",""本草書中記載了蕢。""]"	"[""chinese"",""simplified-traditional"",""tghz2013"",""level-3"",""bidirectional"",""one-context-sentence"",""corner-case"",""hans-to-hant""]"
zh-tghz2013-level-3/7310-map-01/hant-to-hans	通用规范汉字表 第3级	vocabulary	7310	zh-Hant	zh-Hans	蕢（蕢字）	"[""蒉（蒉字）""]"	"[]"		"[""zh-tghz2013.7310"",""zh-tghz2013.7310.map-01""]"	"[]"	"[]"	sources/mappings.tsv	规范字编号 7310；对应码 7310_1	本草书中记载了蒉。 ⇄ 本草書中記載了蕢。 (context domain-template; source metalinguistic-fallback; official mapping; domain-template; Botany / traditional materia medica: a rare character used in a plant name or botanical description.)	"[""本草书中记载了蒉。"",""本草書中記載了蕢。""]"	"[""chinese"",""simplified-traditional"",""tghz2013"",""level-3"",""bidirectional"",""one-context-sentence"",""corner-case"",""hant-to-hans""]"
zh-tghz2013-level-3/7326-map-01/hans-to-hant	通用规范汉字表 第3级	vocabulary	7326	zh-Hans	zh-Hant	𬃊（𬃊字）	"[""櫍（櫍字）""]"	"[]"		"[""zh-tghz2013.7326"",""zh-tghz2013.7326.map-01""]"	"[]"	"[]"	sources/mappings.tsv	规范字编号 7326；对应码 7326_1	古代木器或植物记录中可见𬃊。 ⇄ 古代木器或植物記錄中可見櫍。 (context domain-template; source metalinguistic-fallback; official mapping; domain-template; Woodcraft / historical botany: a rare character associated with wood, a wooden object, or a plant name.)	"[""古代木器或植物记录中可见𬃊。"",""古代木器或植物記錄中可見櫍。""]"	"[""chinese"",""simplified-traditional"",""tghz2013"",""level-3"",""bidirectional"",""one-context-sentence"",""corner-case"",""hans-to-hant""]"
zh-tghz2013-level-3/7326-map-01/hant-to-hans	通用规范汉字表 第3级	vocabulary	7326	zh-Hant	zh-Hans	櫍（櫍字）	"[""𬃊（𬃊字）""]"	"[]"		"[""zh-tghz2013.7326"",""zh-tghz2013.7326.map-01""]"	"[]"	"[]"	sources/mappings.tsv	规范字编号 7326；对应码 7326_1	古代木器或植物记录中可见𬃊。 ⇄ 古代木器或植物記錄中可見櫍。 (context domain-template; source metalinguistic-fallback; official mapping; domain-template; Woodcraft / historical botany: a rare character associated with wood, a wooden object, or a plant name.)	"[""古代木器或植物记录中可见𬃊。"",""古代木器或植物記錄中可見櫍。""]"	"[""chinese"",""simplified-traditional"",""tghz2013"",""level-3"",""bidirectional"",""one-context-sentence"",""corner-case"",""hant-to-hans""]"
zh-tghz2013-level-3/7327-map-01/hans-to-hant	通用规范汉字表 第3级	vocabulary	7327	zh-Hans	zh-Hant	鹀（圃鹀）	"[""鵐（圃鵐）""]"	"[]"		"[""zh-tghz2013.7327"",""zh-tghz2013.7327.map-01""]"	"[]"	"[]"	sources/mappings.tsv	规范字编号 7327；对应码 7327_1	圃鹀是一种鸟。 ⇄ 圃鵐是一種鳥。 (context authored-example; source project-authored; official mapping; lexical-context)	"[""圃鹀是一种鸟。"",""圃鵐是一種鳥。""]"	"[""chinese"",""simplified-traditional"",""tghz2013"",""level-3"",""bidirectional"",""one-context-sentence"",""hans-to-hant""]"
zh-tghz2013-level-3/7327-map-01/hant-to-hans	通用规范汉字表 第3级	vocabulary	7327	zh-Hant	zh-Hans	鵐（圃鵐）	"[""鹀（圃鹀）""]"	"[]"		"[""zh-tghz2013.7327"",""zh-tghz2013.7327.map-01""]"	"[]"	"[]"	sources/mappings.tsv	规范字编号 7327；对应码 7327_1	圃鹀是一种鸟。 ⇄ 圃鵐是一種鳥。 (context authored-example; source project-authored; official mapping; lexical-context)	"[""圃鹀是一种鸟。"",""圃鵐是一種鳥。""]"	"[""chinese"",""simplified-traditional"",""tghz2013"",""level-3"",""bidirectional"",""one-context-sentence"",""hant-to-hans""]"
zh-tghz2013-level-3/7334-map-01/hans-to-hant	通用规范汉字表 第3级	vocabulary	7334	zh-Hans	zh-Hant	𬷕（𬷕字）	"[""鵏（鵏字）""]"	"[]"		"[""zh-tghz2013.7334"",""zh-tghz2013.7334.map-01""]"	"[]"	"[]"	sources/mappings.tsv	规范字编号 7334；对应码 7334_1	图鉴中记录了𬷕这种鸟。 ⇄ 圖鑑中記錄了鵏這種鳥。 (context domain-template; source metalinguistic-fallback; official mapping; domain-template; Zoology / ornithology: a rare character used in the name of a bird or bird group.)	"[""图鉴中记录了𬷕这种鸟。"",""圖鑑中記錄了鵏這種鳥。""]"	"[""chinese"",""simplified-traditional"",""tghz2013"",""level-3"",""bidirectional"",""one-context-sentence"",""corner-case"",""hans-to-hant""]"
zh-tghz2013-level-3/7334-map-01/hant-to-hans	通用规范汉字表 第3级	vocabulary	7334	zh-Hant	zh-Hans	鵏（鵏字）	"[""𬷕（𬷕字）""]"	"[]"		"[""zh-tghz2013.7334"",""zh-tghz2013.7334.map-01""]"	"[]"	"[]"	sources/mappings.tsv	规范字编号 7334；对应码 7334_1	图鉴中记录了𬷕这种鸟。 ⇄ 圖鑑中記錄了鵏這種鳥。 (context domain-template; source metalinguistic-fallback; official mapping; domain-template; Zoology / ornithology: a rare character used in the name of a bird or bird group.)	"[""图鉴中记录了𬷕这种鸟。"",""圖鑑中記錄了鵏這種鳥。""]"	"[""chinese"",""simplified-traditional"",""tghz2013"",""level-3"",""bidirectional"",""one-context-sentence"",""corner-case"",""hant-to-hans""]"
zh-tghz2013-level-3/7336-map-01/hans-to-hant	通用规范汉字表 第3级	vocabulary	7336	zh-Hans	zh-Hant	酦（酦酵）	"[""醱（醱酵）""]"	"[]"		"[""zh-tghz2013.7336"",""zh-tghz2013.7336.map-01""]"	"[]"	"[]"	sources/mappings.tsv	规范字编号 7336；对应码 7336_1	酦酵是一种材料或化学物质。 ⇄ 醱酵是一種材料或化學物質。 (context authored-example; source project-authored; official mapping; lexical-context)	"[""酦酵是一种材料或化学物质。"",""醱酵是一種材料或化學物質。""]"	"[""chinese"",""simplified-traditional"",""tghz2013"",""level-3"",""bidirectional"",""one-context-sentence"",""hans-to-hant""]"
zh-tghz2013-level-3/7336-map-01/hant-to-hans	通用规范汉字表 第3级	vocabulary	7336	zh-Hant	zh-Hans	醱（醱酵）	"[""酦（酦酵）""]"	"[]"		"[""zh-tghz2013.7336"",""zh-tghz2013.7336.map-01""]"	"[]"	"[]"	sources/mappings.tsv	规范字编号 7336；对应码 7336_1	酦酵是一种材料或化学物质。 ⇄ 醱酵是一種材料或化學物質。 (context authored-example; source project-authored; official mapping; lexical-context)	"[""酦酵是一种材料或化学物质。"",""醱酵是一種材料或化學物質。""]"	"[""chinese"",""simplified-traditional"",""tghz2013"",""level-3"",""bidirectional"",""one-context-sentence"",""hant-to-hans""]"
zh-tghz2013-level-3/7337-map-01/hans-to-hant	通用规范汉字表 第3级	vocabulary	7337	zh-Hans	zh-Hant	觌（觌面）	"[""覿（覿面）""]"	"[]"		"[""zh-tghz2013.7337"",""zh-tghz2013.7337.map-01""]"	"[]"	"[]"	sources/mappings.tsv	规范字编号 7337；对应码 7337_1	觌面是一个较少见的词语。 ⇄ 覿面是一個較少見的詞語。 (context authored-example; source project-authored; official mapping; lexical-context)	"[""觌面是一个较少见的词语。"",""覿面是一個較少見的詞語。""]"	"[""chinese"",""simplified-traditional"",""tghz2013"",""level-3"",""bidirectional"",""one-context-sentence"",""hans-to-hant""]"
zh-tghz2013-level-3/7337-map-01/hant-to-hans	通用规范汉字表 第3级	vocabulary	7337	zh-Hant	zh-Hans	覿（覿面）	"[""觌（觌面）""]"	"[]"		"[""zh-tghz2013.7337"",""zh-tghz2013.7337.map-01""]"	"[]"	"[]"	sources/mappings.tsv	规范字编号 7337；对应码 7337_1	觌面是一个较少见的词语。 ⇄ 覿面是一個較少見的詞語。 (context authored-example; source project-authored; official mapping; lexical-context)	"[""觌面是一个较少见的词语。"",""覿面是一個較少見的詞語。""]"	"[""chinese"",""simplified-traditional"",""tghz2013"",""level-3"",""bidirectional"",""one-context-sentence"",""hant-to-hans""]"
zh-tghz2013-level-3/7342-map-01/hans-to-hant	通用规范汉字表 第3级	vocabulary	7342	zh-Hans	zh-Hant	詟（陆詟水栗）	"[""讋（陸讋水慄）""]"	"[]"		"[""zh-tghz2013.7342"",""zh-tghz2013.7342.map-01""]"	"[]"	"[]"	sources/mappings.tsv	规范字编号 7342；对应码 7342_1	陆詟水栗是一个成语或固定说法。 ⇄ 陸讋水慄是一個成語或固定說法。 (context authored-example; source project-authored; official mapping; lexical-context)	"[""陆詟水栗是一个成语或固定说法。"",""陸讋水慄是一個成語或固定說法。""]"	"[""chinese"",""simplified-traditional"",""tghz2013"",""level-3"",""bidirectional"",""one-context-sentence"",""hans-to-hant""]"
zh-tghz2013-level-3/7342-map-01/hant-to-hans	通用规范汉字表 第3级	vocabulary	7342	zh-Hant	zh-Hans	讋（陸讋水慄）	"[""詟（陆詟水栗）""]"	"[]"		"[""zh-tghz2013.7342"",""zh-tghz2013.7342.map-01""]"	"[]"	"[]"	sources/mappings.tsv	规范字编号 7342；对应码 7342_1	陆詟水栗是一个成语或固定说法。 ⇄ 陸讋水慄是一個成語或固定說法。 (context authored-example; source project-authored; official mapping; lexical-context)	"[""陆詟水栗是一个成语或固定说法。"",""陸讋水慄是一個成語或固定說法。""]"	"[""chinese"",""simplified-traditional"",""tghz2013"",""level-3"",""bidirectional"",""one-context-sentence"",""hant-to-hans""]"
zh-tghz2013-level-3/7343-map-01/hans-to-hant	通用规范汉字表 第3级	vocabulary	7343	zh-Hans	zh-Hant	𫐐（𫐐字）	"[""輗（輗字）""]"	"[]"		"[""zh-tghz2013.7343"",""zh-tghz2013.7343.map-01""]"	"[]"	"[]"	sources/mappings.tsv	规范字编号 7343；对应码 7343_1	古代车辆记录中出现了𫐐。 ⇄ 古代車輛記錄中出現了輗。 (context domain-template; source metalinguistic-fallback; official mapping; domain-template; Historical transport technology: a rare character associated with a cart, carriage, wheel, or vehicle component.)	"[""古代车辆记录中出现了𫐐。"",""古代車輛記錄中出現了輗。""]"	"[""chinese"",""simplified-traditional"",""tghz2013"",""level-3"",""bidirectional"",""one-context-sentence"",""corner-case"",""hans-to-hant""]"
zh-tghz2013-level-3/7343-map-01/hant-to-hans	通用规范汉字表 第3级	vocabulary	7343	zh-Hant	zh-Hans	輗（輗字）	"[""𫐐（𫐐字）""]"	"[]"		"[""zh-tghz2013.7343"",""zh-tghz2013.7343.map-01""]"	"[]"	"[]"	sources/mappings.tsv	规范字编号 7343；对应码 7343_1	古代车辆记录中出现了𫐐。 ⇄ 古代車輛記錄中出現了輗。 (context domain-template; source metalinguistic-fallback; official mapping; domain-template; Historical transport technology: a rare character associated with a cart, carriage, wheel, or vehicle component.)	"[""古代车辆记录中出现了𫐐。"",""古代車輛記錄中出現了輗。""]"	"[""chinese"",""simplified-traditional"",""tghz2013"",""level-3"",""bidirectional"",""one-context-sentence"",""corner-case"",""hant-to-hans""]"
zh-tghz2013-level-3/7344-map-01/hans-to-hant	通用规范汉字表 第3级	vocabulary	7344	zh-Hans	zh-Hant	辌（辒辌）	"[""輬（轀輬）""]"	"[]"		"[""zh-tghz2013.7344"",""zh-tghz2013.7344.map-01""]"	"[]"	"[]"	sources/mappings.tsv	规范字编号 7344；对应码 7344_1	辒辌是一种器物。 ⇄ 轀輬是一種器物。 (context authored-example; source project-authored; official mapping; lexical-context)	"[""辒辌是一种器物。"",""轀輬是一種器物。""]"	"[""chinese"",""simplified-traditional"",""tghz2013"",""level-3"",""bidirectional"",""one-context-sentence"",""hans-to-hant""]"
zh-tghz2013-level-3/7344-map-01/hant-to-hans	通用规范汉字表 第3级	vocabulary	7344	zh-Hant	zh-Hans	輬（轀輬）	"[""辌（辒辌）""]"	"[]"		"[""zh-tghz2013.7344"",""zh-tghz2013.7344.map-01""]"	"[]"	"[]"	sources/mappings.tsv	规范字编号 7344；对应码 7344_1	辒辌是一种器物。 ⇄ 轀輬是一種器物。 (context authored-example; source project-authored; official mapping; lexical-context)	"[""辒辌是一种器物。"",""轀輬是一種器物。""]"	"[""chinese"",""simplified-traditional"",""tghz2013"",""level-3"",""bidirectional"",""one-context-sentence"",""hant-to-hans""]"
zh-tghz2013-level-3/7346-map-01/hans-to-hant	通用规范汉字表 第3级	vocabulary	7346	zh-Hans	zh-Hant	龂（龂字）	"[""齗（齗字）""]"	"[]"		"[""zh-tghz2013.7346"",""zh-tghz2013.7346.map-01""]"	"[]"	"[]"	sources/mappings.tsv	规范字编号 7346；对应码 7346_1	古代医书中出现了龂。 ⇄ 古代醫書中出現了齗。 (context domain-template; source metalinguistic-fallback; official mapping; domain-template; Historical anatomy / medicine: a rare character associated with the body, teeth, or an anatomical term.)	"[""古代医书中出现了龂。"",""古代醫書中出現了齗。""]"	"[""chinese"",""simplified-traditional"",""tghz2013"",""level-3"",""bidirectional"",""one-context-sentence"",""corner-case"",""hans-to-hant""]"
zh-tghz2013-level-3/7346-map-01/hant-to-hans	通用规范汉字表 第3级	vocabulary	7346	zh-Hant	zh-Hans	齗（齗字）	"[""龂（龂字）""]"	"[]"		"[""zh-tghz2013.7346"",""zh-tghz2013.7346.map-01""]"	"[]"	"[]"	sources/mappings.tsv	规范字编号 7346；对应码 7346_1	古代医书中出现了龂。 ⇄ 古代醫書中出現了齗。 (context domain-template; source metalinguistic-fallback; official mapping; domain-template; Historical anatomy / medicine: a rare character associated with the body, teeth, or an anatomical term.)	"[""古代医书中出现了龂。"",""古代醫書中出現了齗。""]"	"[""chinese"",""simplified-traditional"",""tghz2013"",""level-3"",""bidirectional"",""one-context-sentence"",""corner-case"",""hant-to-hans""]"
zh-tghz2013-level-3/7347-map-01/hans-to-hant	通用规范汉字表 第3级	vocabulary	7347	zh-Hans	zh-Hant	𬹼（𬹼字）	"[""齘（齘字）""]"	"[]"		"[""zh-tghz2013.7347"",""zh-tghz2013.7347.map-01""]"	"[]"	"[]"	sources/mappings.tsv	规范字编号 7347；对应码 7347_1	古代医书中出现了𬹼。 ⇄ 古代醫書中出現了齘。 (context domain-template; source metalinguistic-fallback; official mapping; domain-template; Historical anatomy / medicine: a rare character associated with the body, teeth, or an anatomical term.)	"[""古代医书中出现了𬹼。"",""古代醫書中出現了齘。""]"	"[""chinese"",""simplified-traditional"",""tghz2013"",""level-3"",""bidirectional"",""one-context-sentence"",""corner-case"",""hans-to-hant""]"
zh-tghz2013-level-3/7347-map-01/hant-to-hans	通用规范汉字表 第3级	vocabulary	7347	zh-Hant	zh-Hans	齘（齘字）	"[""𬹼（𬹼字）""]"	"[]"		"[""zh-tghz2013.7347"",""zh-tghz2013.7347.map-01""]"	"[]"	"[]"	sources/mappings.tsv	规范字编号 7347；对应码 7347_1	古代医书中出现了𬹼。 ⇄ 古代醫書中出現了齘。 (context domain-template; source metalinguistic-fallback; official mapping; domain-template; Historical anatomy / medicine: a rare character associated with the body, teeth, or an anatomical term.)	"[""古代医书中出现了𬹼。"",""古代醫書中出現了齘。""]"	"[""chinese"",""simplified-traditional"",""tghz2013"",""level-3"",""bidirectional"",""one-context-sentence"",""corner-case"",""hant-to-hans""]"
zh-tghz2013-level-3/7361-map-01/hans-to-hant	通用规范汉字表 第3级	vocabulary	7361	zh-Hans	zh-Hant	𫶇（𫶇字）	"[""嵽（嵽字）""]"	"[]"		"[""zh-tghz2013.7361"",""zh-tghz2013.7361.map-01""]"	"[]"	"[]"	sources/mappings.tsv	规范字编号 7361；对应码 7361_1	地方志中记载了𫶇。 ⇄ 地方志中記載了嵽。 (context domain-template; source metalinguistic-fallback; official mapping; domain-template; Historical geography / topography: a rare character used for terrain, a structure, or a place name.)	"[""地方志中记载了𫶇。"",""地方志中記載了嵽。""]"	"[""chinese"",""simplified-traditional"",""tghz2013"",""level-3"",""bidirectional"",""one-context-sentence"",""corner-case"",""hans-to-hant""]"
zh-tghz2013-level-3/7361-map-01/hant-to-hans	通用规范汉字表 第3级	vocabulary	7361	zh-Hant	zh-Hans	嵽（嵽字）	"[""𫶇（𫶇字）""]"	"[]"		"[""zh-tghz2013.7361"",""zh-tghz2013.7361.map-01""]"	"[]"	"[]"	sources/mappings.tsv	规范字编号 7361；对应码 7361_1	地方志中记载了𫶇。 ⇄ 地方志中記載了嵽。 (context domain-template; source metalinguistic-fallback; official mapping; domain-template; Historical geography / topography: a rare character used for terrain, a structure, or a place name.)	"[""地方志中记载了𫶇。"",""地方志中記載了嵽。""]"	"[""chinese"",""simplified-traditional"",""tghz2013"",""level-3"",""bidirectional"",""one-context-sentence"",""corner-case"",""hant-to-hans""]"
zh-tghz2013-level-3/7365-map-01/hans-to-hant	通用规范汉字表 第3级	vocabulary	7365	zh-Hans	zh-Hant	嵚（欹嵚历落）	"[""嶔（欹嶔歷落）""]"	"[]"		"[""zh-tghz2013.7365"",""zh-tghz2013.7365.map-01""]"	"[]"	"[]"	sources/mappings.tsv	规范字编号 7365；对应码 7365_1	欹嵚历落是一个较少见的词语。 ⇄ 欹嶔歷落是一個較少見的詞語。 (context authored-example; source project-authored; official mapping; lexical-context)	"[""欹嵚历落是一个较少见的词语。"",""欹嶔歷落是一個較少見的詞語。""]"	"[""chinese"",""simplified-traditional"",""tghz2013"",""level-3"",""bidirectional"",""one-context-sentence"",""hans-to-hant""]"
zh-tghz2013-level-3/7365-map-01/hant-to-hans	通用规范汉字表 第3级	vocabulary	7365	zh-Hant	zh-Hans	嶔（欹嶔歷落）	"[""嵚（欹嵚历落）""]"	"[]"		"[""zh-tghz2013.7365"",""zh-tghz2013.7365.map-01""]"	"[]"	"[]"	sources/mappings.tsv	规范字编号 7365；对应码 7365_1	欹嵚历落是一个较少见的词语。 ⇄ 欹嶔歷落是一個較少見的詞語。 (context authored-example; source project-authored; official mapping; lexical-context)	"[""欹嵚历落是一个较少见的词语。"",""欹嶔歷落是一個較少見的詞語。""]"	"[""chinese"",""simplified-traditional"",""tghz2013"",""level-3"",""bidirectional"",""one-context-sentence"",""hant-to-hans""]"
zh-tghz2013-level-3/7366-map-01/hans-to-hant	通用规范汉字表 第3级	vocabulary	7366	zh-Hans	zh-Hant	翙（翙字）	"[""翽（翽字）""]"	"[]"		"[""zh-tghz2013.7366"",""zh-tghz2013.7366.map-01""]"	"[]"	"[]"	sources/mappings.tsv	规范字编号 7366；对应码 7366_1	古文中可见翙。 ⇄ 古文中可見翽。 (context domain-template; source metalinguistic-fallback; official mapping; domain-template; Classical Chinese vocabulary: a rare character used in older descriptions of people, actions, states, sounds, or qualities.)	"[""古文中可见翙。"",""古文中可見翽。""]"	"[""chinese"",""simplified-traditional"",""tghz2013"",""level-3"",""bidirectional"",""one-context-sentence"",""corner-case"",""hans-to-hant""]"
zh-tghz2013-level-3/7366-map-01/hant-to-hans	通用规范汉字表 第3级	vocabulary	7366	zh-Hant	zh-Hans	翽（翽字）	"[""翙（翙字）""]"	"[]"		"[""zh-tghz2013.7366"",""zh-tghz2013.7366.map-01""]"	"[]"	"[]"	sources/mappings.tsv	规范字编号 7366；对应码 7366_1	古文中可见翙。 ⇄ 古文中可見翽。 (context domain-template; source metalinguistic-fallback; official mapping; domain-template; Classical Chinese vocabulary: a rare character used in older descriptions of people, actions, states, sounds, or qualities.)	"[""古文中可见翙。"",""古文中可見翽。""]"	"[""chinese"",""simplified-traditional"",""tghz2013"",""level-3"",""bidirectional"",""one-context-sentence"",""corner-case"",""hant-to-hans""]"
zh-tghz2013-level-3/7367-map-01/hans-to-hant	通用规范汉字表 第3级	vocabulary	7367	zh-Hans	zh-Hant	𫖮（智𫖮）	"[""顗（智顗）""]"	"[]"		"[""zh-tghz2013.7367"",""zh-tghz2013.7367.map-01""]"	"[]"	"[]"	sources/mappings.tsv	规范字编号 7367；对应码 7367_1	智𫖮是一个人名。 ⇄ 智顗是一個人名。 (context authored-example; source project-authored; official mapping; lexical-context)	"[""智𫖮是一个人名。"",""智顗是一個人名。""]"	"[""chinese"",""simplified-traditional"",""tghz2013"",""level-3"",""bidirectional"",""one-context-sentence"",""hans-to-hant""]"
zh-tghz2013-level-3/7367-map-01/hant-to-hans	通用规范汉字表 第3级	vocabulary	7367	zh-Hant	zh-Hans	顗（智顗）	"[""𫖮（智𫖮）""]"	"[]"		"[""zh-tghz2013.7367"",""zh-tghz2013.7367.map-01""]"	"[]"	"[]"	sources/mappings.tsv	规范字编号 7367；对应码 7367_1	智𫖮是一个人名。 ⇄ 智顗是一個人名。 (context authored-example; source project-authored; official mapping; lexical-context)	"[""智𫖮是一个人名。"",""智顗是一個人名。""]"	"[""chinese"",""simplified-traditional"",""tghz2013"",""level-3"",""bidirectional"",""one-context-sentence"",""hant-to-hans""]"
zh-tghz2013-level-3/7370-map-01/hans-to-hant	通用规范汉字表 第3级	vocabulary	7370	zh-Hans	zh-Hant	赑（赑屃）	"[""贔（贔屭）""]"	"[]"		"[""zh-tghz2013.7370"",""zh-tghz2013.7370.map-01""]"	"[]"	"[]"	sources/mappings.tsv	规范字编号 7370；对应码 7370_1	赑屃是一个较少见的词语。 ⇄ 贔屭是一個較少見的詞語。 (context authored-example; source project-authored; official mapping; lexical-context)	"[""赑屃是一个较少见的词语。"",""贔屭是一個較少見的詞語。""]"	"[""chinese"",""simplified-traditional"",""tghz2013"",""level-3"",""bidirectional"",""one-context-sentence"",""hans-to-hant""]"
zh-tghz2013-level-3/7370-map-01/hant-to-hans	通用规范汉字表 第3级	vocabulary	7370	zh-Hant	zh-Hans	贔（贔屭）	"[""赑（赑屃）""]"	"[]"		"[""zh-tghz2013.7370"",""zh-tghz2013.7370.map-01""]"	"[]"	"[]"	sources/mappings.tsv	规范字编号 7370；对应码 7370_1	赑屃是一个较少见的词语。 ⇄ 贔屭是一個較少見的詞語。 (context authored-example; source project-authored; official mapping; lexical-context)	"[""赑屃是一个较少见的词语。"",""贔屭是一個較少見的詞語。""]"	"[""chinese"",""simplified-traditional"",""tghz2013"",""level-3"",""bidirectional"",""one-context-sentence"",""hant-to-hans""]"
zh-tghz2013-level-3/7372-map-01/hans-to-hant	通用规范汉字表 第3级	vocabulary	7372	zh-Hans	zh-Hant	赒（赒人）	"[""賙（賙人）""]"	"[]"		"[""zh-tghz2013.7372"",""zh-tghz2013.7372.map-01""]"	"[]"	"[]"	sources/mappings.tsv	规范字编号 7372；对应码 7372_1	赒人是一个较少见的词语。 ⇄ 賙人是一個較少見的詞語。 (context authored-example; source project-authored; official mapping; lexical-context)	"[""赒人是一个较少见的词语。"",""賙人是一個較少見的詞語。""]"	"[""chinese"",""simplified-traditional"",""tghz2013"",""level-3"",""bidirectional"",""one-context-sentence"",""hans-to-hant""]"
zh-tghz2013-level-3/7372-map-01/hant-to-hans	通用规范汉字表 第3级	vocabulary	7372	zh-Hant	zh-Hans	賙（賙人）	"[""赒（赒人）""]"	"[]"		"[""zh-tghz2013.7372"",""zh-tghz2013.7372.map-01""]"	"[]"	"[]"	sources/mappings.tsv	规范字编号 7372；对应码 7372_1	赒人是一个较少见的词语。 ⇄ 賙人是一個較少見的詞語。 (context authored-example; source project-authored; official mapping; lexical-context)	"[""赒人是一个较少见的词语。"",""賙人是一個較少見的詞語。""]"	"[""chinese"",""simplified-traditional"",""tghz2013"",""level-3"",""bidirectional"",""one-context-sentence"",""hant-to-hans""]"
zh-tghz2013-level-3/7373-map-01/hans-to-hant	通用规范汉字表 第3级	vocabulary	7373	zh-Hans	zh-Hant	鿏（鿏字）	"[""䥑（䥑字）""]"	"[]"		"[""zh-tghz2013.7373"",""zh-tghz2013.7373.map-01""]"	"[]"	"[]"	sources/mappings.tsv	规范字编号 7373；对应码 7373_1	实验记录中提到了鿏。 ⇄ 實驗記錄中提到了䥑。 (context element-domain; source metalinguistic-fallback; official mapping; element-domain; Chemistry: meitnerium, a chemical element represented by this character in Chinese technical terminology.)	"[""实验记录中提到了鿏。"",""實驗記錄中提到了䥑。""]"	"[""chinese"",""simplified-traditional"",""tghz2013"",""level-3"",""bidirectional"",""one-context-sentence"",""corner-case"",""hans-to-hant""]"
zh-tghz2013-level-3/7373-map-01/hant-to-hans	通用规范汉字表 第3级	vocabulary	7373	zh-Hant	zh-Hans	䥑（䥑字）	"[""鿏（鿏字）""]"	"[]"		"[""zh-tghz2013.7373"",""zh-tghz2013.7373.map-01""]"	"[]"	"[]"	sources/mappings.tsv	规范字编号 7373；对应码 7373_1	实验记录中提到了鿏。 ⇄ 實驗記錄中提到了䥑。 (context element-domain; source metalinguistic-fallback; official mapping; element-domain; Chemistry: meitnerium, a chemical element represented by this character in Chinese technical terminology.)	"[""实验记录中提到了鿏。"",""實驗記錄中提到了䥑。""]"	"[""chinese"",""simplified-traditional"",""tghz2013"",""level-3"",""bidirectional"",""one-context-sentence"",""corner-case"",""hant-to-hans""]"
zh-tghz2013-level-3/7374-map-01/hans-to-hant	通用规范汉字表 第3级	vocabulary	7374	zh-Hans	zh-Hant	铹（铹字）	"[""鐒（鐒字）""]"	"[]"		"[""zh-tghz2013.7374"",""zh-tghz2013.7374.map-01""]"	"[]"	"[]"	sources/mappings.tsv	规范字编号 7374；对应码 7374_1	实验记录中提到了铹。 ⇄ 實驗記錄中提到了鐒。 (context element-domain; source metalinguistic-fallback; official mapping; element-domain; Chemistry: lawrencium, a chemical element represented by this character in Chinese technical terminology.)	"[""实验记录中提到了铹。"",""實驗記錄中提到了鐒。""]"	"[""chinese"",""simplified-traditional"",""tghz2013"",""level-3"",""bidirectional"",""one-context-sentence"",""corner-case"",""hans-to-hant""]"
zh-tghz2013-level-3/7374-map-01/hant-to-hans	通用规范汉字表 第3级	vocabulary	7374	zh-Hant	zh-Hans	鐒（鐒字）	"[""铹（铹字）""]"	"[]"		"[""zh-tghz2013.7374"",""zh-tghz2013.7374.map-01""]"	"[]"	"[]"	sources/mappings.tsv	规范字编号 7374；对应码 7374_1	实验记录中提到了铹。 ⇄ 實驗記錄中提到了鐒。 (context element-domain; source metalinguistic-fallback; official mapping; element-domain; Chemistry: lawrencium, a chemical element represented by this character in Chinese technical terminology.)	"[""实验记录中提到了铹。"",""實驗記錄中提到了鐒。""]"	"[""chinese"",""simplified-traditional"",""tghz2013"",""level-3"",""bidirectional"",""one-context-sentence"",""corner-case"",""hant-to-hans""]"
zh-tghz2013-level-3/7375-map-01/hans-to-hant	通用规范汉字表 第3级	vocabulary	7375	zh-Hans	zh-Hant	𬭊（𬭊字）	"[""𨧀（𨧀字）""]"	"[]"		"[""zh-tghz2013.7375"",""zh-tghz2013.7375.map-01""]"	"[]"	"[]"	sources/mappings.tsv	规范字编号 7375；对应码 7375_1	金属器物或技术资料中可见𬭊。 ⇄ 金屬器物或技術資料中可見𨧀。 (context domain-template; source metalinguistic-fallback; official mapping; domain-template; Metallurgy / historical material culture: a rare metal-radical character used for a metal, tool, weapon, vessel, ornament, or technical term.)	"[""金属器物或技术资料中可见𬭊。"",""金屬器物或技術資料中可見𨧀。""]"	"[""chinese"",""simplified-traditional"",""tghz2013"",""level-3"",""bidirectional"",""one-context-sentence"",""corner-case"",""hans-to-hant""]"
zh-tghz2013-level-3/7375-map-01/hant-to-hans	通用规范汉字表 第3级	vocabulary	7375	zh-Hant	zh-Hans	𨧀（𨧀字）	"[""𬭊（𬭊字）""]"	"[]"		"[""zh-tghz2013.7375"",""zh-tghz2013.7375.map-01""]"	"[]"	"[]"	sources/mappings.tsv	规范字编号 7375；对应码 7375_1	金属器物或技术资料中可见𬭊。 ⇄ 金屬器物或技術資料中可見𨧀。 (context domain-template; source metalinguistic-fallback; official mapping; domain-template; Metallurgy / historical material culture: a rare metal-radical character used for a metal, tool, weapon, vessel, ornament, or technical term.)	"[""金属器物或技术资料中可见𬭊。"",""金屬器物或技術資料中可見𨧀。""]"	"[""chinese"",""simplified-traditional"",""tghz2013"",""level-3"",""bidirectional"",""one-context-sentence"",""corner-case"",""hant-to-hans""]"
zh-tghz2013-level-3/7376-map-01/hans-to-hant	通用规范汉字表 第3级	vocabulary	7376	zh-Hans	zh-Hant	铽（铽字）	"[""鋱（鋱字）""]"	"[]"		"[""zh-tghz2013.7376"",""zh-tghz2013.7376.map-01""]"	"[]"	"[]"	sources/mappings.tsv	规范字编号 7376；对应码 7376_1	实验记录中提到了铽。 ⇄ 實驗記錄中提到了鋱。 (context element-domain; source metalinguistic-fallback; official mapping; element-domain; Chemistry: terbium, a chemical element represented by this character in Chinese technical terminology.)	"[""实验记录中提到了铽。"",""實驗記錄中提到了鋱。""]"	"[""chinese"",""simplified-traditional"",""tghz2013"",""level-3"",""bidirectional"",""one-context-sentence"",""corner-case"",""hans-to-hant""]"
zh-tghz2013-level-3/7376-map-01/hant-to-hans	通用规范汉字表 第3级	vocabulary	7376	zh-Hant	zh-Hans	鋱（鋱字）	"[""铽（铽字）""]"	"[]"		"[""zh-tghz2013.7376"",""zh-tghz2013.7376.map-01""]"	"[]"	"[]"	sources/mappings.tsv	规范字编号 7376；对应码 7376_1	实验记录中提到了铽。 ⇄ 實驗記錄中提到了鋱。 (context element-domain; source metalinguistic-fallback; official mapping; element-domain; Chemistry: terbium, a chemical element represented by this character in Chinese technical terminology.)	"[""实验记录中提到了铽。"",""實驗記錄中提到了鋱。""]"	"[""chinese"",""simplified-traditional"",""tghz2013"",""level-3"",""bidirectional"",""one-context-sentence"",""corner-case"",""hant-to-hans""]"
zh-tghz2013-level-3/7377-map-01/hans-to-hant	通用规范汉字表 第3级	vocabulary	7377	zh-Hans	zh-Hant	𨱇（𨱇字）	"[""銶（銶字）""]"	"[]"		"[""zh-tghz2013.7377"",""zh-tghz2013.7377.map-01""]"	"[]"	"[]"	sources/mappings.tsv	规范字编号 7377；对应码 7377_1	金属器物或技术资料中可见𨱇。 ⇄ 金屬器物或技術資料中可見銶。 (context domain-template; source metalinguistic-fallback; official mapping; domain-template; Metallurgy / historical material culture: a rare metal-radical character used for a metal, tool, weapon, vessel, ornament, or technical term.)	"[""金属器物或技术资料中可见𨱇。"",""金屬器物或技術資料中可見銶。""]"	"[""chinese"",""simplified-traditional"",""tghz2013"",""level-3"",""bidirectional"",""one-context-sentence"",""corner-case"",""hans-to-hant""]"
zh-tghz2013-level-3/7377-map-01/hant-to-hans	通用规范汉字表 第3级	vocabulary	7377	zh-Hant	zh-Hans	銶（銶字）	"[""𨱇（𨱇字）""]"	"[]"		"[""zh-tghz2013.7377"",""zh-tghz2013.7377.map-01""]"	"[]"	"[]"	sources/mappings.tsv	规范字编号 7377；对应码 7377_1	金属器物或技术资料中可见𨱇。 ⇄ 金屬器物或技術資料中可見銶。 (context domain-template; source metalinguistic-fallback; official mapping; domain-template; Metallurgy / historical material culture: a rare metal-radical character used for a metal, tool, weapon, vessel, ornament, or technical term.)	"[""金属器物或技术资料中可见𨱇。"",""金屬器物或技術資料中可見銶。""]"	"[""chinese"",""simplified-traditional"",""tghz2013"",""level-3"",""bidirectional"",""one-context-sentence"",""corner-case"",""hant-to-hans""]"
zh-tghz2013-level-3/7378-map-01/hans-to-hant	通用规范汉字表 第3级	vocabulary	7378	zh-Hans	zh-Hant	𫓶（𫓶字）	"[""鋗（鋗字）""]"	"[]"		"[""zh-tghz2013.7378"",""zh-tghz2013.7378.map-01""]"	"[]"	"[]"	sources/mappings.tsv	规范字编号 7378；对应码 7378_1	金属器物或技术资料中可见𫓶。 ⇄ 金屬器物或技術資料中可見鋗。 (context domain-template; source metalinguistic-fallback; official mapping; domain-template; Metallurgy / historical material culture: a rare metal-radical character used for a metal, tool, weapon, vessel, ornament, or technical term.)	"[""金属器物或技术资料中可见𫓶。"",""金屬器物或技術資料中可見鋗。""]"	"[""chinese"",""simplified-traditional"",""tghz2013"",""level-3"",""bidirectional"",""one-context-sentence"",""corner-case"",""hans-to-hant""]"
zh-tghz2013-level-3/7378-map-01/hant-to-hans	通用规范汉字表 第3级	vocabulary	7378	zh-Hant	zh-Hans	鋗（鋗字）	"[""𫓶（𫓶字）""]"	"[]"		"[""zh-tghz2013.7378"",""zh-tghz2013.7378.map-01""]"	"[]"	"[]"	sources/mappings.tsv	规范字编号 7378；对应码 7378_1	金属器物或技术资料中可见𫓶。 ⇄ 金屬器物或技術資料中可見鋗。 (context domain-template; source metalinguistic-fallback; official mapping; domain-template; Metallurgy / historical material culture: a rare metal-radical character used for a metal, tool, weapon, vessel, ornament, or technical term.)	"[""金属器物或技术资料中可见𫓶。"",""金屬器物或技術資料中可見鋗。""]"	"[""chinese"",""simplified-traditional"",""tghz2013"",""level-3"",""bidirectional"",""one-context-sentence"",""corner-case"",""hant-to-hans""]"
zh-tghz2013-level-3/7379-map-01/hans-to-hant	通用规范汉字表 第3级	vocabulary	7379	zh-Hans	zh-Hant	锊（锊字）	"[""鋝（鋝字）""]"	"[]"		"[""zh-tghz2013.7379"",""zh-tghz2013.7379.map-01""]"	"[]"	"[]"	sources/mappings.tsv	规范字编号 7379；对应码 7379_1	金属器物或技术资料中可见锊。 ⇄ 金屬器物或技術資料中可見鋝。 (context domain-template; source metalinguistic-fallback; official mapping; domain-template; Metallurgy / historical material culture: a rare metal-radical character used for a metal, tool, weapon, vessel, ornament, or technical term.)	"[""金属器物或技术资料中可见锊。"",""金屬器物或技術資料中可見鋝。""]"	"[""chinese"",""simplified-traditional"",""tghz2013"",""level-3"",""bidirectional"",""one-context-sentence"",""corner-case"",""hans-to-hant""]"
zh-tghz2013-level-3/7379-map-01/hant-to-hans	通用规范汉字表 第3级	vocabulary	7379	zh-Hant	zh-Hans	鋝（鋝字）	"[""锊（锊字）""]"	"[]"		"[""zh-tghz2013.7379"",""zh-tghz2013.7379.map-01""]"	"[]"	"[]"	sources/mappings.tsv	规范字编号 7379；对应码 7379_1	金属器物或技术资料中可见锊。 ⇄ 金屬器物或技術資料中可見鋝。 (context domain-template; source metalinguistic-fallback; official mapping; domain-template; Metallurgy / historical material culture: a rare metal-radical character used for a metal, tool, weapon, vessel, ornament, or technical term.)	"[""金属器物或技术资料中可见锊。"",""金屬器物或技術資料中可見鋝。""]"	"[""chinese"",""simplified-traditional"",""tghz2013"",""level-3"",""bidirectional"",""one-context-sentence"",""corner-case"",""hant-to-hans""]"
zh-tghz2013-level-3/7380-map-01/hans-to-hant	通用规范汉字表 第3级	vocabulary	7380	zh-Hans	zh-Hant	锍（锍字）	"[""鋶（鋶字）""]"	"[]"		"[""zh-tghz2013.7380"",""zh-tghz2013.7380.map-01""]"	"[]"	"[]"	sources/mappings.tsv	规范字编号 7380；对应码 7380_1	金属器物或技术资料中可见锍。 ⇄ 金屬器物或技術資料中可見鋶。 (context domain-template; source metalinguistic-fallback; official mapping; domain-template; Metallurgy / historical material culture: a rare metal-radical character used for a metal, tool, weapon, vessel, ornament, or technical term.)	"[""金属器物或技术资料中可见锍。"",""金屬器物或技術資料中可見鋶。""]"	"[""chinese"",""simplified-traditional"",""tghz2013"",""level-3"",""bidirectional"",""one-context-sentence"",""corner-case"",""hans-to-hant""]"
zh-tghz2013-level-3/7380-map-01/hant-to-hans	通用规范汉字表 第3级	vocabulary	7380	zh-Hant	zh-Hans	鋶（鋶字）	"[""锍（锍字）""]"	"[]"		"[""zh-tghz2013.7380"",""zh-tghz2013.7380.map-01""]"	"[]"	"[]"	sources/mappings.tsv	规范字编号 7380；对应码 7380_1	金属器物或技术资料中可见锍。 ⇄ 金屬器物或技術資料中可見鋶。 (context domain-template; source metalinguistic-fallback; official mapping; domain-template; Metallurgy / historical material culture: a rare metal-radical character used for a metal, tool, weapon, vessel, ornament, or technical term.)	"[""金属器物或技术资料中可见锍。"",""金屬器物或技術資料中可見鋶。""]"	"[""chinese"",""simplified-traditional"",""tghz2013"",""level-3"",""bidirectional"",""one-context-sentence"",""corner-case"",""hant-to-hans""]"
zh-tghz2013-level-3/7381-map-01/hans-to-hant	通用规范汉字表 第3级	vocabulary	7381	zh-Hans	zh-Hant	锎（锎字）	"[""鐦（鐦字）""]"	"[]"		"[""zh-tghz2013.7381"",""zh-tghz2013.7381.map-01""]"	"[]"	"[]"	sources/mappings.tsv	规范字编号 7381；对应码 7381_1	实验记录中提到了锎。 ⇄ 實驗記錄中提到了鐦。 (context element-domain; source metalinguistic-fallback; official mapping; element-domain; Chemistry: californium, a chemical element represented by this character in Chinese technical terminology.)	"[""实验记录中提到了锎。"",""實驗記錄中提到了鐦。""]"	"[""chinese"",""simplified-traditional"",""tghz2013"",""level-3"",""bidirectional"",""one-context-sentence"",""corner-case"",""hans-to-hant""]"
zh-tghz2013-level-3/7381-map-01/hant-to-hans	通用规范汉字表 第3级	vocabulary	7381	zh-Hant	zh-Hans	鐦（鐦字）	"[""锎（锎字）""]"	"[]"		"[""zh-tghz2013.7381"",""zh-tghz2013.7381.map-01""]"	"[]"	"[]"	sources/mappings.tsv	规范字编号 7381；对应码 7381_1	实验记录中提到了锎。 ⇄ 實驗記錄中提到了鐦。 (context element-domain; source metalinguistic-fallback; official mapping; element-domain; Chemistry: californium, a chemical element represented by this character in Chinese technical terminology.)	"[""实验记录中提到了锎。"",""實驗記錄中提到了鐦。""]"	"[""chinese"",""simplified-traditional"",""tghz2013"",""level-3"",""bidirectional"",""one-context-sentence"",""corner-case"",""hant-to-hans""]"
zh-tghz2013-level-3/7382-map-01/hans-to-hant	通用规范汉字表 第3级	vocabulary	7382	zh-Hans	zh-Hant	𬭎（𬭎字）	"[""鋐（鋐字）""]"	"[]"		"[""zh-tghz2013.7382"",""zh-tghz2013.7382.map-01""]"	"[]"	"[]"	sources/mappings.tsv	规范字编号 7382；对应码 7382_1	金属器物或技术资料中可见𬭎。 ⇄ 金屬器物或技術資料中可見鋐。 (context domain-template; source metalinguistic-fallback; official mapping; domain-template; Metallurgy / historical material culture: a rare metal-radical character used for a metal, tool, weapon, vessel, ornament, or technical term.)	"[""金属器物或技术资料中可见𬭎。"",""金屬器物或技術資料中可見鋐。""]"	"[""chinese"",""simplified-traditional"",""tghz2013"",""level-3"",""bidirectional"",""one-context-sentence"",""corner-case"",""hans-to-hant""]"
zh-tghz2013-level-3/7382-map-01/hant-to-hans	通用规范汉字表 第3级	vocabulary	7382	zh-Hant	zh-Hans	鋐（鋐字）	"[""𬭎（𬭎字）""]"	"[]"		"[""zh-tghz2013.7382"",""zh-tghz2013.7382.map-01""]"	"[]"	"[]"	sources/mappings.tsv	规范字编号 7382；对应码 7382_1	金属器物或技术资料中可见𬭎。 ⇄ 金屬器物或技術資料中可見鋐。 (context domain-template; source metalinguistic-fallback; official mapping; domain-template; Metallurgy / historical material culture: a rare metal-radical character used for a metal, tool, weapon, vessel, ornament, or technical term.)	"[""金属器物或技术资料中可见𬭎。"",""金屬器物或技術資料中可見鋐。""]"	"[""chinese"",""simplified-traditional"",""tghz2013"",""level-3"",""bidirectional"",""one-context-sentence"",""corner-case"",""hant-to-hans""]"
zh-tghz2013-level-3/7383-map-01/hans-to-hant	通用规范汉字表 第3级	vocabulary	7383	zh-Hans	zh-Hant	锓（中度锓）	"[""鋟（中度鋟）""]"	"[]"		"[""zh-tghz2013.7383"",""zh-tghz2013.7383.map-01""]"	"[]"	"[]"	sources/mappings.tsv	规范字编号 7383；对应码 7383_1	中度锓是一个较少见的词语。 ⇄ 中度鋟是一個較少見的詞語。 (context authored-example; source project-authored; official mapping; lexical-context)	"[""中度锓是一个较少见的词语。"",""中度鋟是一個較少見的詞語。""]"	"[""chinese"",""simplified-traditional"",""tghz2013"",""level-3"",""bidirectional"",""one-context-sentence"",""hans-to-hant""]"
zh-tghz2013-level-3/7383-map-01/hant-to-hans	通用规范汉字表 第3级	vocabulary	7383	zh-Hant	zh-Hans	鋟（中度鋟）	"[""锓（中度锓）""]"	"[]"		"[""zh-tghz2013.7383"",""zh-tghz2013.7383.map-01""]"	"[]"	"[]"	sources/mappings.tsv	规范字编号 7383；对应码 7383_1	中度锓是一个较少见的词语。 ⇄ 中度鋟是一個較少見的詞語。 (context authored-example; source project-authored; official mapping; lexical-context)	"[""中度锓是一个较少见的词语。"",""中度鋟是一個較少見的詞語。""]"	"[""chinese"",""simplified-traditional"",""tghz2013"",""level-3"",""bidirectional"",""one-context-sentence"",""hant-to-hans""]"
zh-tghz2013-level-3/7385-map-01/hans-to-hant	通用规范汉字表 第3级	vocabulary	7385	zh-Hans	zh-Hant	颋（颋字）	"[""頲（頲字）""]"	"[]"		"[""zh-tghz2013.7385"",""zh-tghz2013.7385.map-01""]"	"[]"	"[]"	sources/mappings.tsv	规范字编号 7385；对应码 7385_1	古文中可见颋。 ⇄ 古文中可見頲。 (context domain-template; source metalinguistic-fallback; official mapping; domain-template; Classical Chinese vocabulary: a rare character used in older descriptions of people, actions, states, sounds, or qualities.)	"[""古文中可见颋。"",""古文中可見頲。""]"	"[""chinese"",""simplified-traditional"",""tghz2013"",""level-3"",""bidirectional"",""one-context-sentence"",""corner-case"",""hans-to-hant""]"
zh-tghz2013-level-3/7385-map-01/hant-to-hans	通用规范汉字表 第3级	vocabulary	7385	zh-Hant	zh-Hans	頲（頲字）	"[""颋（颋字）""]"	"[]"		"[""zh-tghz2013.7385"",""zh-tghz2013.7385.map-01""]"	"[]"	"[]"	sources/mappings.tsv	规范字编号 7385；对应码 7385_1	古文中可见颋。 ⇄ 古文中可見頲。 (context domain-template; source metalinguistic-fallback; official mapping; domain-template; Classical Chinese vocabulary: a rare character used in older descriptions of people, actions, states, sounds, or qualities.)	"[""古文中可见颋。"",""古文中可見頲。""]"	"[""chinese"",""simplified-traditional"",""tghz2013"",""level-3"",""bidirectional"",""one-context-sentence"",""corner-case"",""hant-to-hans""]"
zh-tghz2013-level-3/7389-map-01/hans-to-hant	通用规范汉字表 第3级	vocabulary	7389	zh-Hans	zh-Hant	筜（筼筜）	"[""簹（篔簹）""]"	"[]"		"[""zh-tghz2013.7389"",""zh-tghz2013.7389.map-01""]"	"[]"	"[]"	sources/mappings.tsv	规范字编号 7389；对应码 7389_1	筼筜是一种植物。 ⇄ 篔簹是一種植物。 (context authored-example; source project-authored; official mapping; lexical-context)	"[""筼筜是一种植物。"",""篔簹是一種植物。""]"	"[""chinese"",""simplified-traditional"",""tghz2013"",""level-3"",""bidirectional"",""one-context-sentence"",""hans-to-hant""]"
zh-tghz2013-level-3/7389-map-01/hant-to-hans	通用规范汉字表 第3级	vocabulary	7389	zh-Hant	zh-Hans	簹（篔簹）	"[""筜（筼筜）""]"	"[]"		"[""zh-tghz2013.7389"",""zh-tghz2013.7389.map-01""]"	"[]"	"[]"	sources/mappings.tsv	规范字编号 7389；对应码 7389_1	筼筜是一种植物。 ⇄ 篔簹是一種植物。 (context authored-example; source project-authored; official mapping; lexical-context)	"[""筼筜是一种植物。"",""篔簹是一種植物。""]"	"[""chinese"",""simplified-traditional"",""tghz2013"",""level-3"",""bidirectional"",""one-context-sentence"",""hant-to-hans""]"
zh-tghz2013-level-3/7399-map-01/hans-to-hant	通用规范汉字表 第3级	vocabulary	7399	zh-Hans	zh-Hant	𫖯（𫖯字）	"[""頫（頫字）""]"	"[]"		"[""zh-tghz2013.7399"",""zh-tghz2013.7399.map-01""]"	"[]"	"[]"	sources/mappings.tsv	规范字编号 7399；对应码 7399_1	古文中可见𫖯。 ⇄ 古文中可見頫。 (context domain-template; source metalinguistic-fallback; official mapping; domain-template; Classical Chinese vocabulary: a rare character used in older descriptions of people, actions, states, sounds, or qualities.)	"[""古文中可见𫖯。"",""古文中可見頫。""]"	"[""chinese"",""simplified-traditional"",""tghz2013"",""level-3"",""bidirectional"",""one-context-sentence"",""corner-case"",""hans-to-hant""]"
zh-tghz2013-level-3/7399-map-01/hant-to-hans	通用规范汉字表 第3级	vocabulary	7399	zh-Hant	zh-Hans	頫（頫字）	"[""𫖯（𫖯字）""]"	"[]"		"[""zh-tghz2013.7399"",""zh-tghz2013.7399.map-01""]"	"[]"	"[]"	sources/mappings.tsv	规范字编号 7399；对应码 7399_1	古文中可见𫖯。 ⇄ 古文中可見頫。 (context domain-template; source metalinguistic-fallback; official mapping; domain-template; Classical Chinese vocabulary: a rare character used in older descriptions of people, actions, states, sounds, or qualities.)	"[""古文中可见𫖯。"",""古文中可見頫。""]"	"[""chinese"",""simplified-traditional"",""tghz2013"",""level-3"",""bidirectional"",""one-context-sentence"",""corner-case"",""hant-to-hans""]"
zh-tghz2013-level-3/7401-map-01/hans-to-hant	通用规范汉字表 第3级	vocabulary	7401	zh-Hans	zh-Hant	腘（腘窝）	"[""膕（膕窩）""]"	"[]"		"[""zh-tghz2013.7401"",""zh-tghz2013.7401.map-01""]"	"[]"	"[]"	sources/mappings.tsv	规范字编号 7401；对应码 7401_1	腘窝是一个医学词语。 ⇄ 膕窩是一個醫學詞語。 (context authored-example; source project-authored; official mapping; lexical-context)	"[""腘窝是一个医学词语。"",""膕窩是一個醫學詞語。""]"	"[""chinese"",""simplified-traditional"",""tghz2013"",""level-3"",""bidirectional"",""one-context-sentence"",""hans-to-hant""]"
zh-tghz2013-level-3/7401-map-01/hant-to-hans	通用规范汉字表 第3级	vocabulary	7401	zh-Hant	zh-Hans	膕（膕窩）	"[""腘（腘窝）""]"	"[]"		"[""zh-tghz2013.7401"",""zh-tghz2013.7401.map-01""]"	"[]"	"[]"	sources/mappings.tsv	规范字编号 7401；对应码 7401_1	腘窝是一个医学词语。 ⇄ 膕窩是一個醫學詞語。 (context authored-example; source project-authored; official mapping; lexical-context)	"[""腘窝是一个医学词语。"",""膕窩是一個醫學詞語。""]"	"[""chinese"",""simplified-traditional"",""tghz2013"",""level-3"",""bidirectional"",""one-context-sentence"",""hant-to-hans""]"
zh-tghz2013-level-3/7405-map-01/hans-to-hant	通用规范汉字表 第3级	vocabulary	7405	zh-Hans	zh-Hant	𬱟（𬱟字）	"[""頠（頠字）""]"	"[]"		"[""zh-tghz2013.7405"",""zh-tghz2013.7405.map-01""]"	"[]"	"[]"	sources/mappings.tsv	规范字编号 7405；对应码 7405_1	古文中可见𬱟。 ⇄ 古文中可見頠。 (context domain-template; source metalinguistic-fallback; official mapping; domain-template; Classical Chinese vocabulary: a rare character used in older descriptions of people, actions, states, sounds, or qualities.)	"[""古文中可见𬱟。"",""古文中可見頠。""]"	"[""chinese"",""simplified-traditional"",""tghz2013"",""level-3"",""bidirectional"",""one-context-sentence"",""corner-case"",""hans-to-hant""]"
zh-tghz2013-level-3/7405-map-01/hant-to-hans	通用规范汉字表 第3级	vocabulary	7405	zh-Hant	zh-Hans	頠（頠字）	"[""𬱟（𬱟字）""]"	"[]"		"[""zh-tghz2013.7405"",""zh-tghz2013.7405.map-01""]"	"[]"	"[]"	sources/mappings.tsv	规范字编号 7405；对应码 7405_1	古文中可见𬱟。 ⇄ 古文中可見頠。 (context domain-template; source metalinguistic-fallback; official mapping; domain-template; Classical Chinese vocabulary: a rare character used in older descriptions of people, actions, states, sounds, or qualities.)	"[""古文中可见𬱟。"",""古文中可見頠。""]"	"[""chinese"",""simplified-traditional"",""tghz2013"",""level-3"",""bidirectional"",""one-context-sentence"",""corner-case"",""hant-to-hans""]"
zh-tghz2013-level-3/7406-map-01/hans-to-hant	通用规范汉字表 第3级	vocabulary	7406	zh-Hans	zh-Hant	鲃（鲃鱼）	"[""䰾（䰾魚）""]"	"[]"		"[""zh-tghz2013.7406"",""zh-tghz2013.7406.map-01""]"	"[]"	"[]"	sources/mappings.tsv	规范字编号 7406；对应码 7406_1	鲃鱼是一种鱼类或水生动物。 ⇄ 䰾魚是一種魚類或水生動物。 (context authored-example; source project-authored; official mapping; lexical-context)	"[""鲃鱼是一种鱼类或水生动物。"",""䰾魚是一種魚類或水生動物。""]"	"[""chinese"",""simplified-traditional"",""tghz2013"",""level-3"",""bidirectional"",""one-context-sentence"",""hans-to-hant""]"
zh-tghz2013-level-3/7406-map-01/hant-to-hans	通用规范汉字表 第3级	vocabulary	7406	zh-Hant	zh-Hans	䰾（䰾魚）	"[""鲃（鲃鱼）""]"	"[]"		"[""zh-tghz2013.7406"",""zh-tghz2013.7406.map-01""]"	"[]"	"[]"	sources/mappings.tsv	规范字编号 7406；对应码 7406_1	鲃鱼是一种鱼类或水生动物。 ⇄ 䰾魚是一種魚類或水生動物。 (context authored-example; source project-authored; official mapping; lexical-context)	"[""鲃鱼是一种鱼类或水生动物。"",""䰾魚是一種魚類或水生動物。""]"	"[""chinese"",""simplified-traditional"",""tghz2013"",""level-3"",""bidirectional"",""one-context-sentence"",""hant-to-hans""]"
zh-tghz2013-level-3/7408-map-01/hans-to-hant	通用规范汉字表 第3级	vocabulary	7408	zh-Hans	zh-Hant	𫛭（大𫛭）	"[""鵟（大鵟）""]"	"[]"		"[""zh-tghz2013.7408"",""zh-tghz2013.7408.map-01""]"	"[]"	"[]"	sources/mappings.tsv	规范字编号 7408；对应码 7408_1	大𫛭是一个较少见的词语。 ⇄ 大鵟是一個較少見的詞語。 (context authored-example; source project-authored; official mapping; lexical-context)	"[""大𫛭是一个较少见的词语。"",""大鵟是一個較少見的詞語。""]"	"[""chinese"",""simplified-traditional"",""tghz2013"",""level-3"",""bidirectional"",""one-context-sentence"",""hans-to-hant""]"
zh-tghz2013-level-3/7408-map-01/hant-to-hans	通用规范汉字表 第3级	vocabulary	7408	zh-Hant	zh-Hans	鵟（大鵟）	"[""𫛭（大𫛭）""]"	"[]"		"[""zh-tghz2013.7408"",""zh-tghz2013.7408.map-01""]"	"[]"	"[]"	sources/mappings.tsv	规范字编号 7408；对应码 7408_1	大𫛭是一个较少见的词语。 ⇄ 大鵟是一個較少見的詞語。 (context authored-example; source project-authored; official mapping; lexical-context)	"[""大𫛭是一个较少见的词语。"",""大鵟是一個較少見的詞語。""]"	"[""chinese"",""simplified-traditional"",""tghz2013"",""level-3"",""bidirectional"",""one-context-sentence"",""hant-to-hans""]"
zh-tghz2013-level-3/7411-map-01/hans-to-hant	通用规范汉字表 第3级	vocabulary	7411	zh-Hans	zh-Hant	馉（馉字）	"[""餶（餶字）""]"	"[]"		"[""zh-tghz2013.7411"",""zh-tghz2013.7411.map-01""]"	"[]"	"[]"	sources/mappings.tsv	规范字编号 7411；对应码 7411_1	地方食谱中提到了馉。 ⇄ 地方食譜中提到了餶。 (context domain-template; source metalinguistic-fallback; official mapping; domain-template; Traditional or regional food vocabulary: a rare character used for a dish, food, or preparation.)	"[""地方食谱中提到了馉。"",""地方食譜中提到了餶。""]"	"[""chinese"",""simplified-traditional"",""tghz2013"",""level-3"",""bidirectional"",""one-context-sentence"",""corner-case"",""hans-to-hant""]"
zh-tghz2013-level-3/7411-map-01/hant-to-hans	通用规范汉字表 第3级	vocabulary	7411	zh-Hant	zh-Hans	餶（餶字）	"[""馉（馉字）""]"	"[]"		"[""zh-tghz2013.7411"",""zh-tghz2013.7411.map-01""]"	"[]"	"[]"	sources/mappings.tsv	规范字编号 7411；对应码 7411_1	地方食谱中提到了馉。 ⇄ 地方食譜中提到了餶。 (context domain-template; source metalinguistic-fallback; official mapping; domain-template; Traditional or regional food vocabulary: a rare character used for a dish, food, or preparation.)	"[""地方食谱中提到了馉。"",""地方食譜中提到了餶。""]"	"[""chinese"",""simplified-traditional"",""tghz2013"",""level-3"",""bidirectional"",""one-context-sentence"",""corner-case"",""hant-to-hans""]"
zh-tghz2013-level-3/7414-map-01/hans-to-hant	通用规范汉字表 第3级	vocabulary	7414	zh-Hans	zh-Hant	𫷷（𫷷字）	"[""廞（廞字）""]"	"[]"		"[""zh-tghz2013.7414"",""zh-tghz2013.7414.map-01""]"	"[]"	"[]"	sources/mappings.tsv	规范字编号 7414；对应码 7414_1	军队出发前先𫷷备车马。 ⇄ 軍隊出發前先廞備車馬。 (context curated-domain; source metalinguistic-fallback; official mapping; curated-domain; Ancient military logistics: preparing horses and chariots for battle.)	"[""军队出发前先𫷷备车马。"",""軍隊出發前先廞備車馬。""]"	"[""chinese"",""simplified-traditional"",""tghz2013"",""level-3"",""bidirectional"",""one-context-sentence"",""corner-case"",""hans-to-hant""]"
zh-tghz2013-level-3/7414-map-01/hant-to-hans	通用规范汉字表 第3级	vocabulary	7414	zh-Hant	zh-Hans	廞（廞字）	"[""𫷷（𫷷字）""]"	"[]"		"[""zh-tghz2013.7414"",""zh-tghz2013.7414.map-01""]"	"[]"	"[]"	sources/mappings.tsv	规范字编号 7414；对应码 7414_1	军队出发前先𫷷备车马。 ⇄ 軍隊出發前先廞備車馬。 (context curated-domain; source metalinguistic-fallback; official mapping; curated-domain; Ancient military logistics: preparing horses and chariots for battle.)	"[""军队出发前先𫷷备车马。"",""軍隊出發前先廞備車馬。""]"	"[""chinese"",""simplified-traditional"",""tghz2013"",""level-3"",""bidirectional"",""one-context-sentence"",""corner-case"",""hant-to-hans""]"
zh-tghz2013-level-3/7421-map-01/hans-to-hant	通用规范汉字表 第3级	vocabulary	7421	zh-Hans	zh-Hant	𬮱（𬮱字）	"[""闉（闉字）""]"	"[]"		"[""zh-tghz2013.7421"",""zh-tghz2013.7421.map-01""]"	"[]"	"[]"	sources/mappings.tsv	规范字编号 7421；对应码 7421_1	古代建筑记录中出现了𬮱。 ⇄ 古代建築記錄中出現了闉。 (context domain-template; source metalinguistic-fallback; official mapping; domain-template; Historical architecture: a rare character associated with a gate, room, structure, architectural fitting, or decorative support.)	"[""古代建筑记录中出现了𬮱。"",""古代建築記錄中出現了闉。""]"	"[""chinese"",""simplified-traditional"",""tghz2013"",""level-3"",""bidirectional"",""one-context-sentence"",""corner-case"",""hans-to-hant""]"
zh-tghz2013-level-3/7421-map-01/hant-to-hans	通用规范汉字表 第3级	vocabulary	7421	zh-Hant	zh-Hans	闉（闉字）	"[""𬮱（𬮱字）""]"	"[]"		"[""zh-tghz2013.7421"",""zh-tghz2013.7421.map-01""]"	"[]"	"[]"	sources/mappings.tsv	规范字编号 7421；对应码 7421_1	古代建筑记录中出现了𬮱。 ⇄ 古代建築記錄中出現了闉。 (context domain-template; source metalinguistic-fallback; official mapping; domain-template; Historical architecture: a rare character associated with a gate, room, structure, architectural fitting, or decorative support.)	"[""古代建筑记录中出现了𬮱。"",""古代建築記錄中出現了闉。""]"	"[""chinese"",""simplified-traditional"",""tghz2013"",""level-3"",""bidirectional"",""one-context-sentence"",""corner-case"",""hant-to-hans""]"
zh-tghz2013-level-3/7423-map-01/hans-to-hant	通用规范汉字表 第3级	vocabulary	7423	zh-Hans	zh-Hant	𬊤（𬊤字）	"[""燀（燀字）""]"	"[]"		"[""zh-tghz2013.7423"",""zh-tghz2013.7423.map-01""]"	"[]"	"[]"	sources/mappings.tsv	规范字编号 7423；对应码 7423_1	众人添柴，使火更𬊤。 ⇄ 眾人添柴，使火更燀。 (context curated-domain; source metalinguistic-fallback; official mapping; curated-domain; Classical fire vocabulary: to make a fire or cause a blaze.)	"[""众人添柴，使火更𬊤。"",""眾人添柴，使火更燀。""]"	"[""chinese"",""simplified-traditional"",""tghz2013"",""level-3"",""bidirectional"",""one-context-sentence"",""corner-case"",""hans-to-hant""]"
zh-tghz2013-level-3/7423-map-01/hant-to-hans	通用规范汉字表 第3级	vocabulary	7423	zh-Hant	zh-Hans	燀（燀字）	"[""𬊤（𬊤字）""]"	"[]"		"[""zh-tghz2013.7423"",""zh-tghz2013.7423.map-01""]"	"[]"	"[]"	sources/mappings.tsv	规范字编号 7423；对应码 7423_1	众人添柴，使火更𬊤。 ⇄ 眾人添柴，使火更燀。 (context curated-domain; source metalinguistic-fallback; official mapping; curated-domain; Classical fire vocabulary: to make a fire or cause a blaze.)	"[""众人添柴，使火更𬊤。"",""眾人添柴，使火更燀。""]"	"[""chinese"",""simplified-traditional"",""tghz2013"",""level-3"",""bidirectional"",""one-context-sentence"",""corner-case"",""hant-to-hans""]"
zh-tghz2013-level-3/7425-map-01/hans-to-hant	通用规范汉字表 第3级	vocabulary	7425	zh-Hans	zh-Hant	𣸣（𣸣字）	"[""濆（濆字）""]"	"[]"		"[""zh-tghz2013.7425"",""zh-tghz2013.7425.map-01""]"	"[]"	"[]"	sources/mappings.tsv	规范字编号 7425；对应码 7425_1	地方志中记载了𣸣。 ⇄ 地方志中記載了濆。 (context domain-template; source metalinguistic-fallback; official mapping; domain-template; Historical geography / hydrology: a rare water-related character used for a river, water feature, sound, or flow.)	"[""地方志中记载了𣸣。"",""地方志中記載了濆。""]"	"[""chinese"",""simplified-traditional"",""tghz2013"",""level-3"",""bidirectional"",""one-context-sentence"",""corner-case"",""hans-to-hant""]"
zh-tghz2013-level-3/7425-map-01/hant-to-hans	通用规范汉字表 第3级	vocabulary	7425	zh-Hant	zh-Hans	濆（濆字）	"[""𣸣（𣸣字）""]"	"[]"		"[""zh-tghz2013.7425"",""zh-tghz2013.7425.map-01""]"	"[]"	"[]"	sources/mappings.tsv	规范字编号 7425；对应码 7425_1	地方志中记载了𣸣。 ⇄ 地方志中記載了濆。 (context domain-template; source metalinguistic-fallback; official mapping; domain-template; Historical geography / hydrology: a rare water-related character used for a river, water feature, sound, or flow.)	"[""地方志中记载了𣸣。"",""地方志中記載了濆。""]"	"[""chinese"",""simplified-traditional"",""tghz2013"",""level-3"",""bidirectional"",""one-context-sentence"",""corner-case"",""hant-to-hans""]"
zh-tghz2013-level-3/7427-map-01/hans-to-hant	通用规范汉字表 第3级	vocabulary	7427	zh-Hans	zh-Hant	溁（溁字）	"[""濚（濚字）""]"	"[]"		"[""zh-tghz2013.7427"",""zh-tghz2013.7427.map-01""]"	"[]"	"[]"	sources/mappings.tsv	规范字编号 7427；对应码 7427_1	地方志中记载了溁。 ⇄ 地方志中記載了濚。 (context domain-template; source metalinguistic-fallback; official mapping; domain-template; Historical geography / hydrology: a rare water-related character used for a river, water feature, sound, or flow.)	"[""地方志中记载了溁。"",""地方志中記載了濚。""]"	"[""chinese"",""simplified-traditional"",""tghz2013"",""level-3"",""bidirectional"",""one-context-sentence"",""corner-case"",""hans-to-hant""]"
zh-tghz2013-level-3/7427-map-01/hant-to-hans	通用规范汉字表 第3级	vocabulary	7427	zh-Hant	zh-Hans	濚（濚字）	"[""溁（溁字）""]"	"[]"		"[""zh-tghz2013.7427"",""zh-tghz2013.7427.map-01""]"	"[]"	"[]"	sources/mappings.tsv	规范字编号 7427；对应码 7427_1	地方志中记载了溁。 ⇄ 地方志中記載了濚。 (context domain-template; source metalinguistic-fallback; official mapping; domain-template; Historical geography / hydrology: a rare water-related character used for a river, water feature, sound, or flow.)	"[""地方志中记载了溁。"",""地方志中記載了濚。""]"	"[""chinese"",""simplified-traditional"",""tghz2013"",""level-3"",""bidirectional"",""one-context-sentence"",""corner-case"",""hant-to-hans""]"
zh-tghz2013-level-3/7435-map-01/hans-to-hant	通用规范汉字表 第3级	vocabulary	7435	zh-Hans	zh-Hant	溇（溇水）	"[""漊（漊水）""]"	"[]"		"[""zh-tghz2013.7435"",""zh-tghz2013.7435.map-01""]"	"[]"	"[]"	sources/mappings.tsv	规范字编号 7435；对应码 7435_1	溇水是一个地名。 ⇄ 漊水是一個地名。 (context authored-example; source project-authored; official mapping; lexical-context)	"[""溇水是一个地名。"",""漊水是一個地名。""]"	"[""chinese"",""simplified-traditional"",""tghz2013"",""level-3"",""bidirectional"",""one-context-sentence"",""hans-to-hant""]"
zh-tghz2013-level-3/7435-map-01/hant-to-hans	通用规范汉字表 第3级	vocabulary	7435	zh-Hant	zh-Hans	漊（漊水）	"[""溇（溇水）""]"	"[]"		"[""zh-tghz2013.7435"",""zh-tghz2013.7435.map-01""]"	"[]"	"[]"	sources/mappings.tsv	规范字编号 7435；对应码 7435_1	溇水是一个地名。 ⇄ 漊水是一個地名。 (context authored-example; source project-authored; official mapping; lexical-context)	"[""溇水是一个地名。"",""漊水是一個地名。""]"	"[""chinese"",""simplified-traditional"",""tghz2013"",""level-3"",""bidirectional"",""one-context-sentence"",""hant-to-hans""]"
zh-tghz2013-level-3/7441-map-01/hans-to-hant	通用规范汉字表 第3级	vocabulary	7441	zh-Hans	zh-Hant	敩（敩学相长）	"[""斆（斆學相長）""]"	"[]"		"[""zh-tghz2013.7441"",""zh-tghz2013.7441.map-01""]"	"[]"	"[]"	sources/mappings.tsv	规范字编号 7441；对应码 7441_1	敩学相长是一个较少见的词语。 ⇄ 斆學相長是一個較少見的詞語。 (context authored-example; source project-authored; official mapping; lexical-context)	"[""敩学相长是一个较少见的词语。"",""斆學相長是一個較少見的詞語。""]"	"[""chinese"",""simplified-traditional"",""tghz2013"",""level-3"",""bidirectional"",""one-context-sentence"",""hans-to-hant""]"
zh-tghz2013-level-3/7441-map-01/hant-to-hans	通用规范汉字表 第3级	vocabulary	7441	zh-Hant	zh-Hans	斆（斆學相長）	"[""敩（敩学相长）""]"	"[]"		"[""zh-tghz2013.7441"",""zh-tghz2013.7441.map-01""]"	"[]"	"[]"	sources/mappings.tsv	规范字编号 7441；对应码 7441_1	敩学相长是一个较少见的词语。 ⇄ 斆學相長是一個較少見的詞語。 (context authored-example; source project-authored; official mapping; lexical-context)	"[""敩学相长是一个较少见的词语。"",""斆學相長是一個較少見的詞語。""]"	"[""chinese"",""simplified-traditional"",""tghz2013"",""level-3"",""bidirectional"",""one-context-sentence"",""hant-to-hans""]"
zh-tghz2013-level-3/7445-map-01/hans-to-hant	通用规范汉字表 第3级	vocabulary	7445	zh-Hans	zh-Hant	裣（裣衽）	"[""襝（襝衽）""]"	"[]"		"[""zh-tghz2013.7445"",""zh-tghz2013.7445.map-01""]"	"[]"	"[]"	sources/mappings.tsv	规范字编号 7445；对应码 7445_1	裣衽是一个较少见的词语。 ⇄ 襝衽是一個較少見的詞語。 (context authored-example; source project-authored; official mapping; lexical-context)	"[""裣衽是一个较少见的词语。"",""襝衽是一個較少見的詞語。""]"	"[""chinese"",""simplified-traditional"",""tghz2013"",""level-3"",""bidirectional"",""one-context-sentence"",""hans-to-hant""]"
zh-tghz2013-level-3/7445-map-01/hant-to-hans	通用规范汉字表 第3级	vocabulary	7445	zh-Hant	zh-Hans	襝（襝衽）	"[""裣（裣衽）""]"	"[]"		"[""zh-tghz2013.7445"",""zh-tghz2013.7445.map-01""]"	"[]"	"[]"	sources/mappings.tsv	规范字编号 7445；对应码 7445_1	裣衽是一个较少见的词语。 ⇄ 襝衽是一個較少見的詞語。 (context authored-example; source project-authored; official mapping; lexical-context)	"[""裣衽是一个较少见的词语。"",""襝衽是一個較少見的詞語。""]"	"[""chinese"",""simplified-traditional"",""tghz2013"",""level-3"",""bidirectional"",""one-context-sentence"",""hant-to-hans""]"
zh-tghz2013-level-3/7454-map-01/hans-to-hant	通用规范汉字表 第3级	vocabulary	7454	zh-Hans	zh-Hant	毵（毵字）	"[""毿（毿字）""]"	"[]"		"[""zh-tghz2013.7454"",""zh-tghz2013.7454.map-01""]"	"[]"	"[]"	sources/mappings.tsv	规范字编号 7454；对应码 7454_1	古文中可见毵。 ⇄ 古文中可見毿。 (context domain-template; source metalinguistic-fallback; official mapping; domain-template; Classical Chinese vocabulary: a rare character used in older descriptions of people, actions, states, sounds, or qualities.)	"[""古文中可见毵。"",""古文中可見毿。""]"	"[""chinese"",""simplified-traditional"",""tghz2013"",""level-3"",""bidirectional"",""one-context-sentence"",""corner-case"",""hans-to-hant""]"
zh-tghz2013-level-3/7454-map-01/hant-to-hans	通用规范汉字表 第3级	vocabulary	7454	zh-Hant	zh-Hans	毿（毿字）	"[""毵（毵字）""]"	"[]"		"[""zh-tghz2013.7454"",""zh-tghz2013.7454.map-01""]"	"[]"	"[]"	sources/mappings.tsv	规范字编号 7454；对应码 7454_1	古文中可见毵。 ⇄ 古文中可見毿。 (context domain-template; source metalinguistic-fallback; official mapping; domain-template; Classical Chinese vocabulary: a rare character used in older descriptions of people, actions, states, sounds, or qualities.)	"[""古文中可见毵。"",""古文中可見毿。""]"	"[""chinese"",""simplified-traditional"",""tghz2013"",""level-3"",""bidirectional"",""one-context-sentence"",""corner-case"",""hant-to-hans""]"
zh-tghz2013-level-3/7456-map-01/hans-to-hant	通用规范汉字表 第3级	vocabulary	7456	zh-Hans	zh-Hant	𬴃（坛𬴃）	"[""騞（罈騞）""]"	"[]"		"[""zh-tghz2013.7456"",""zh-tghz2013.7456.map-01""]"	"[]"	"[]"	sources/mappings.tsv	规范字编号 7456；对应码 7456_1	坛𬴃是一个较少见的词语。 ⇄ 罈騞是一個較少見的詞語。 (context authored-example; source project-authored; official mapping; lexical-context)	"[""坛𬴃是一个较少见的词语。"",""罈騞是一個較少見的詞語。""]"	"[""chinese"",""simplified-traditional"",""tghz2013"",""level-3"",""bidirectional"",""one-context-sentence"",""hans-to-hant""]"
zh-tghz2013-level-3/7456-map-01/hant-to-hans	通用规范汉字表 第3级	vocabulary	7456	zh-Hant	zh-Hans	騞（罈騞）	"[""𬴃（坛𬴃）""]"	"[]"		"[""zh-tghz2013.7456"",""zh-tghz2013.7456.map-01""]"	"[]"	"[]"	sources/mappings.tsv	规范字编号 7456；对应码 7456_1	坛𬴃是一个较少见的词语。 ⇄ 罈騞是一個較少見的詞語。 (context authored-example; source project-authored; official mapping; lexical-context)	"[""坛𬴃是一个较少见的词语。"",""罈騞是一個較少見的詞語。""]"	"[""chinese"",""simplified-traditional"",""tghz2013"",""level-3"",""bidirectional"",""one-context-sentence"",""hant-to-hans""]"
zh-tghz2013-level-3/7457-map-01/hans-to-hant	通用规范汉字表 第3级	vocabulary	7457	zh-Hans	zh-Hant	𫘨（𫘨字）	"[""騠（騠字）""]"	"[]"		"[""zh-tghz2013.7457"",""zh-tghz2013.7457.map-01""]"	"[]"	"[]"	sources/mappings.tsv	规范字编号 7457；对应码 7457_1	古籍中用𫘨描述马匹。 ⇄ 古籍中用騠描述馬匹。 (context domain-template; source metalinguistic-fallback; official mapping; domain-template; Historical transport / equine terminology: a rare character associated with horses, riding, or carriage travel.)	"[""古籍中用𫘨描述马匹。"",""古籍中用騠描述馬匹。""]"	"[""chinese"",""simplified-traditional"",""tghz2013"",""level-3"",""bidirectional"",""one-context-sentence"",""corner-case"",""hans-to-hant""]"
zh-tghz2013-level-3/7457-map-01/hant-to-hans	通用规范汉字表 第3级	vocabulary	7457	zh-Hant	zh-Hans	騠（騠字）	"[""𫘨（𫘨字）""]"	"[]"		"[""zh-tghz2013.7457"",""zh-tghz2013.7457.map-01""]"	"[]"	"[]"	sources/mappings.tsv	规范字编号 7457；对应码 7457_1	古籍中用𫘨描述马匹。 ⇄ 古籍中用騠描述馬匹。 (context domain-template; source metalinguistic-fallback; official mapping; domain-template; Historical transport / equine terminology: a rare character associated with horses, riding, or carriage travel.)	"[""古籍中用𫘨描述马匹。"",""古籍中用騠描述馬匹。""]"	"[""chinese"",""simplified-traditional"",""tghz2013"",""level-3"",""bidirectional"",""one-context-sentence"",""corner-case"",""hant-to-hans""]"
zh-tghz2013-level-3/7458-map-01/hans-to-hant	通用规范汉字表 第3级	vocabulary	7458	zh-Hans	zh-Hant	缊（束缊举火）	"[""緼（束緼舉火）""]"	"[]"		"[""zh-tghz2013.7458"",""zh-tghz2013.7458.map-01""]"	"[]"	"[]"	sources/mappings.tsv	规范字编号 7458；对应码 7458_1	束缊举火是一个成语或固定说法。 ⇄ 束緼舉火是一個成語或固定說法。 (context authored-example; source project-authored; official mapping; lexical-context)	"[""束缊举火是一个成语或固定说法。"",""束緼舉火是一個成語或固定說法。""]"	"[""chinese"",""simplified-traditional"",""tghz2013"",""level-3"",""bidirectional"",""one-context-sentence"",""hans-to-hant""]"
zh-tghz2013-level-3/7458-map-01/hant-to-hans	通用规范汉字表 第3级	vocabulary	7458	zh-Hant	zh-Hans	緼（束緼舉火）	"[""缊（束缊举火）""]"	"[]"		"[""zh-tghz2013.7458"",""zh-tghz2013.7458.map-01""]"	"[]"	"[]"	sources/mappings.tsv	规范字编号 7458；对应码 7458_1	束缊举火是一个成语或固定说法。 ⇄ 束緼舉火是一個成語或固定說法。 (context authored-example; source project-authored; official mapping; lexical-context)	"[""束缊举火是一个成语或固定说法。"",""束緼舉火是一個成語或固定說法。""]"	"[""chinese"",""simplified-traditional"",""tghz2013"",""level-3"",""bidirectional"",""one-context-sentence"",""hant-to-hans""]"
zh-tghz2013-level-3/7459-map-01/hans-to-hant	通用规范汉字表 第3级	vocabulary	7459	zh-Hans	zh-Hant	缐（一针一缐）	"[""線（一針一線）""]"	"[]"		"[""zh-tghz2013.7459"",""zh-tghz2013.7459.map-01""]"	"[]"	"[]"	sources/mappings.tsv	规范字编号 7459；对应码 7459_1	一针一缐是一个较少见的词语。 ⇄ 一針一線是一個較少見的詞語。 (context authored-example; source project-authored; official mapping; lexical-context)	"[""一针一缐是一个较少见的词语。"",""一針一線是一個較少見的詞語。""]"	"[""chinese"",""simplified-traditional"",""tghz2013"",""level-3"",""bidirectional"",""one-context-sentence"",""hans-to-hant""]"
zh-tghz2013-level-3/7459-map-01/hant-to-hans	通用规范汉字表 第3级	vocabulary	7459	zh-Hant	zh-Hans	線（一針一線）	"[""缐（一针一缐）""]"	"[]"		"[""zh-tghz2013.7459"",""zh-tghz2013.7459.map-01""]"	"[]"	"[]"	sources/mappings.tsv	规范字编号 7459；对应码 7459_1	一针一缐是一个较少见的词语。 ⇄ 一針一線是一個較少見的詞語。 (context authored-example; source project-authored; official mapping; lexical-context)	"[""一针一缐是一个较少见的词语。"",""一針一線是一個較少見的詞語。""]"	"[""chinese"",""simplified-traditional"",""tghz2013"",""level-3"",""bidirectional"",""one-context-sentence"",""hant-to-hans""]"
zh-tghz2013-level-3/7460-map-01/hans-to-hant	通用规范汉字表 第3级	vocabulary	7460	zh-Hans	zh-Hant	骙（骙字）	"[""騤（騤字）""]"	"[]"		"[""zh-tghz2013.7460"",""zh-tghz2013.7460.map-01""]"	"[]"	"[]"	sources/mappings.tsv	规范字编号 7460；对应码 7460_1	古籍中用骙描述马匹。 ⇄ 古籍中用騤描述馬匹。 (context domain-template; source metalinguistic-fallback; official mapping; domain-template; Historical transport / equine terminology: a rare character associated with horses, riding, or carriage travel.)	"[""古籍中用骙描述马匹。"",""古籍中用騤描述馬匹。""]"	"[""chinese"",""simplified-traditional"",""tghz2013"",""level-3"",""bidirectional"",""one-context-sentence"",""corner-case"",""hans-to-hant""]"
zh-tghz2013-level-3/7460-map-01/hant-to-hans	通用规范汉字表 第3级	vocabulary	7460	zh-Hant	zh-Hans	騤（騤字）	"[""骙（骙字）""]"	"[]"		"[""zh-tghz2013.7460"",""zh-tghz2013.7460.map-01""]"	"[]"	"[]"	sources/mappings.tsv	规范字编号 7460；对应码 7460_1	古籍中用骙描述马匹。 ⇄ 古籍中用騤描述馬匹。 (context domain-template; source metalinguistic-fallback; official mapping; domain-template; Historical transport / equine terminology: a rare character associated with horses, riding, or carriage travel.)	"[""古籍中用骙描述马匹。"",""古籍中用騤描述馬匹。""]"	"[""chinese"",""simplified-traditional"",""tghz2013"",""level-3"",""bidirectional"",""one-context-sentence"",""corner-case"",""hant-to-hans""]"
zh-tghz2013-level-3/7465-map-01/hans-to-hant	通用规范汉字表 第3级	vocabulary	7465	zh-Hans	zh-Hant	䴖（䴖字）	"[""鶄（鶄字）""]"	"[]"		"[""zh-tghz2013.7465"",""zh-tghz2013.7465.map-01""]"	"[]"	"[]"	sources/mappings.tsv	规范字编号 7465；对应码 7465_1	图鉴中记录了䴖这种鸟。 ⇄ 圖鑑中記錄了鶄這種鳥。 (context domain-template; source metalinguistic-fallback; official mapping; domain-template; Zoology / ornithology: a rare character used in the name of a bird or bird group.)	"[""图鉴中记录了䴖这种鸟。"",""圖鑑中記錄了鶄這種鳥。""]"	"[""chinese"",""simplified-traditional"",""tghz2013"",""level-3"",""bidirectional"",""one-context-sentence"",""corner-case"",""hans-to-hant""]"
zh-tghz2013-level-3/7465-map-01/hant-to-hans	通用规范汉字表 第3级	vocabulary	7465	zh-Hant	zh-Hans	鶄（鶄字）	"[""䴖（䴖字）""]"	"[]"		"[""zh-tghz2013.7465"",""zh-tghz2013.7465.map-01""]"	"[]"	"[]"	sources/mappings.tsv	规范字编号 7465；对应码 7465_1	图鉴中记录了䴖这种鸟。 ⇄ 圖鑑中記錄了鶄這種鳥。 (context domain-template; source metalinguistic-fallback; official mapping; domain-template; Zoology / ornithology: a rare character used in the name of a bird or bird group.)	"[""图鉴中记录了䴖这种鸟。"",""圖鑑中記錄了鶄這種鳥。""]"	"[""chinese"",""simplified-traditional"",""tghz2013"",""level-3"",""bidirectional"",""one-context-sentence"",""corner-case"",""hant-to-hans""]"
zh-tghz2013-level-3/7479-map-01/hans-to-hant	通用规范汉字表 第3级	vocabulary	7479	zh-Hans	zh-Hant	赪（鲂鱼赪尾）	"[""赬（魴魚赬尾）""]"	"[]"		"[""zh-tghz2013.7479"",""zh-tghz2013.7479.map-01""]"	"[]"	"[]"	sources/mappings.tsv	规范字编号 7479；对应码 7479_1	鲂鱼赪尾是一个成语或固定说法。 ⇄ 魴魚赬尾是一個成語或固定說法。 (context authored-example; source project-authored; official mapping; lexical-context)	"[""鲂鱼赪尾是一个成语或固定说法。"",""魴魚赬尾是一個成語或固定說法。""]"	"[""chinese"",""simplified-traditional"",""tghz2013"",""level-3"",""bidirectional"",""one-context-sentence"",""hans-to-hant""]"
zh-tghz2013-level-3/7479-map-01/hant-to-hans	通用规范汉字表 第3级	vocabulary	7479	zh-Hant	zh-Hans	赬（魴魚赬尾）	"[""赪（鲂鱼赪尾）""]"	"[]"		"[""zh-tghz2013.7479"",""zh-tghz2013.7479.map-01""]"	"[]"	"[]"	sources/mappings.tsv	规范字编号 7479；对应码 7479_1	鲂鱼赪尾是一个成语或固定说法。 ⇄ 魴魚赬尾是一個成語或固定說法。 (context authored-example; source project-authored; official mapping; lexical-context)	"[""鲂鱼赪尾是一个成语或固定说法。"",""魴魚赬尾是一個成語或固定說法。""]"	"[""chinese"",""simplified-traditional"",""tghz2013"",""level-3"",""bidirectional"",""one-context-sentence"",""hant-to-hans""]"
zh-tghz2013-level-3/7491-map-01/hans-to-hant	通用规范汉字表 第3级	vocabulary	7491	zh-Hans	zh-Hant	蓣（薯蓣）	"[""蕷（薯蕷）""]"	"[]"		"[""zh-tghz2013.7491"",""zh-tghz2013.7491.map-01""]"	"[]"	"[]"	sources/mappings.tsv	规范字编号 7491；对应码 7491_1	薯蓣是一种植物。 ⇄ 薯蕷是一種植物。 (context authored-example; source project-authored; official mapping; lexical-context)	"[""薯蓣是一种植物。"",""薯蕷是一種植物。""]"	"[""chinese"",""simplified-traditional"",""tghz2013"",""level-3"",""bidirectional"",""one-context-sentence"",""hans-to-hant""]"
zh-tghz2013-level-3/7491-map-01/hant-to-hans	通用规范汉字表 第3级	vocabulary	7491	zh-Hant	zh-Hans	蕷（薯蕷）	"[""蓣（薯蓣）""]"	"[]"		"[""zh-tghz2013.7491"",""zh-tghz2013.7491.map-01""]"	"[]"	"[]"	sources/mappings.tsv	规范字编号 7491；对应码 7491_1	薯蓣是一种植物。 ⇄ 薯蕷是一種植物。 (context authored-example; source project-authored; official mapping; lexical-context)	"[""薯蓣是一种植物。"",""薯蕷是一種植物。""]"	"[""chinese"",""simplified-traditional"",""tghz2013"",""level-3"",""bidirectional"",""one-context-sentence"",""hant-to-hans""]"
zh-tghz2013-level-3/7499-map-01/hans-to-hant	通用规范汉字表 第3级	vocabulary	7499	zh-Hans	zh-Hant	榇（面缚舆榇）	"[""櫬（面縛輿櫬）""]"	"[]"		"[""zh-tghz2013.7499"",""zh-tghz2013.7499.map-01""]"	"[]"	"[]"	sources/mappings.tsv	规范字编号 7499；对应码 7499_1	面缚舆榇是一种器物。 ⇄ 面縛輿櫬是一種器物。 (context authored-example; source project-authored; official mapping; lexical-context)	"[""面缚舆榇是一种器物。"",""面縛輿櫬是一種器物。""]"	"[""chinese"",""simplified-traditional"",""tghz2013"",""level-3"",""bidirectional"",""one-context-sentence"",""hans-to-hant""]"
zh-tghz2013-level-3/7499-map-01/hant-to-hans	通用规范汉字表 第3级	vocabulary	7499	zh-Hant	zh-Hans	櫬（面縛輿櫬）	"[""榇（面缚舆榇）""]"	"[]"		"[""zh-tghz2013.7499"",""zh-tghz2013.7499.map-01""]"	"[]"	"[]"	sources/mappings.tsv	规范字编号 7499；对应码 7499_1	面缚舆榇是一种器物。 ⇄ 面縛輿櫬是一種器物。 (context authored-example; source project-authored; official mapping; lexical-context)	"[""面缚舆榇是一种器物。"",""面縛輿櫬是一種器物。""]"	"[""chinese"",""simplified-traditional"",""tghz2013"",""level-3"",""bidirectional"",""one-context-sentence"",""hant-to-hans""]"
zh-tghz2013-level-3/7503-map-01/hans-to-hant	通用规范汉字表 第3级	vocabulary	7503	zh-Hans	zh-Hant	𬪩（𬪩字）	"[""醲（醲字）""]"	"[]"		"[""zh-tghz2013.7503"",""zh-tghz2013.7503.map-01""]"	"[]"	"[]"	sources/mappings.tsv	规范字编号 7503；对应码 7503_1	传统饮食文献中出现了𬪩。 ⇄ 傳統飲食文獻中出現了醲。 (context domain-template; source metalinguistic-fallback; official mapping; domain-template; Traditional food and drink terminology: a rare character associated with salt, flavour, wine, or food preparation.)	"[""传统饮食文献中出现了𬪩。"",""傳統飲食文獻中出現了醲。""]"	"[""chinese"",""simplified-traditional"",""tghz2013"",""level-3"",""bidirectional"",""one-context-sentence"",""corner-case"",""hans-to-hant""]"
zh-tghz2013-level-3/7503-map-01/hant-to-hans	通用规范汉字表 第3级	vocabulary	7503	zh-Hant	zh-Hans	醲（醲字）	"[""𬪩（𬪩字）""]"	"[]"		"[""zh-tghz2013.7503"",""zh-tghz2013.7503.map-01""]"	"[]"	"[]"	sources/mappings.tsv	规范字编号 7503；对应码 7503_1	传统饮食文献中出现了𬪩。 ⇄ 傳統飲食文獻中出現了醲。 (context domain-template; source metalinguistic-fallback; official mapping; domain-template; Traditional food and drink terminology: a rare character associated with salt, flavour, wine, or food preparation.)	"[""传统饮食文献中出现了𬪩。"",""傳統飲食文獻中出現了醲。""]"	"[""chinese"",""simplified-traditional"",""tghz2013"",""level-3"",""bidirectional"",""one-context-sentence"",""corner-case"",""hant-to-hans""]"
zh-tghz2013-level-3/7508-map-01/hans-to-hant	通用规范汉字表 第3级	vocabulary	7508	zh-Hans	zh-Hant	䃅（䃅字）	"[""磾（磾字）""]"	"[]"		"[""zh-tghz2013.7508"",""zh-tghz2013.7508.map-01""]"	"[]"	"[]"	sources/mappings.tsv	规范字编号 7508；对应码 7508_1	古代石材记录中出现了䃅。 ⇄ 古代石材記錄中出現了磾。 (context domain-template; source metalinguistic-fallback; official mapping; domain-template; Geology / historical stone terminology: a rare character associated with stone, rock, minerals, or their properties.)	"[""古代石材记录中出现了䃅。"",""古代石材記錄中出現了磾。""]"	"[""chinese"",""simplified-traditional"",""tghz2013"",""level-3"",""bidirectional"",""one-context-sentence"",""corner-case"",""hans-to-hant""]"
zh-tghz2013-level-3/7508-map-01/hant-to-hans	通用规范汉字表 第3级	vocabulary	7508	zh-Hant	zh-Hans	磾（磾字）	"[""䃅（䃅字）""]"	"[]"		"[""zh-tghz2013.7508"",""zh-tghz2013.7508.map-01""]"	"[]"	"[]"	sources/mappings.tsv	规范字编号 7508；对应码 7508_1	古代石材记录中出现了䃅。 ⇄ 古代石材記錄中出現了磾。 (context domain-template; source metalinguistic-fallback; official mapping; domain-template; Geology / historical stone terminology: a rare character associated with stone, rock, minerals, or their properties.)	"[""古代石材记录中出现了䃅。"",""古代石材記錄中出現了磾。""]"	"[""chinese"",""simplified-traditional"",""tghz2013"",""level-3"",""bidirectional"",""one-context-sentence"",""corner-case"",""hant-to-hans""]"
zh-tghz2013-level-3/7511-map-01/hans-to-hant	通用规范汉字表 第3级	vocabulary	7511	zh-Hans	zh-Hant	辒（辒字）	"[""輼（輼字）""]"	"[]"		"[""zh-tghz2013.7511"",""zh-tghz2013.7511.map-01""]"	"[]"	"[]"	sources/mappings.tsv	规范字编号 7511；对应码 7511_1	古代车辆记录中出现了辒。 ⇄ 古代車輛記錄中出現了輼。 (context domain-template; source metalinguistic-fallback; official mapping; domain-template; Historical transport technology: a rare character associated with a cart, carriage, wheel, or vehicle component.)	"[""古代车辆记录中出现了辒。"",""古代車輛記錄中出現了輼。""]"	"[""chinese"",""simplified-traditional"",""tghz2013"",""level-3"",""bidirectional"",""one-context-sentence"",""corner-case"",""hans-to-hant""]"
zh-tghz2013-level-3/7511-map-01/hant-to-hans	通用规范汉字表 第3级	vocabulary	7511	zh-Hant	zh-Hans	輼（輼字）	"[""辒（辒字）""]"	"[]"		"[""zh-tghz2013.7511"",""zh-tghz2013.7511.map-01""]"	"[]"	"[]"	sources/mappings.tsv	规范字编号 7511；对应码 7511_1	古代车辆记录中出现了辒。 ⇄ 古代車輛記錄中出現了輼。 (context domain-template; source metalinguistic-fallback; official mapping; domain-template; Historical transport technology: a rare character associated with a cart, carriage, wheel, or vehicle component.)	"[""古代车辆记录中出现了辒。"",""古代車輛記錄中出現了輼。""]"	"[""chinese"",""simplified-traditional"",""tghz2013"",""level-3"",""bidirectional"",""one-context-sentence"",""corner-case"",""hant-to-hans""]"
zh-tghz2013-level-3/7512-map-01/hans-to-hant	通用规范汉字表 第3级	vocabulary	7512	zh-Hans	zh-Hant	𬨎（𬨎字）	"[""輶（輶字）""]"	"[]"		"[""zh-tghz2013.7512"",""zh-tghz2013.7512.map-01""]"	"[]"	"[]"	sources/mappings.tsv	规范字编号 7512；对应码 7512_1	古代车辆记录中出现了𬨎。 ⇄ 古代車輛記錄中出現了輶。 (context domain-template; source metalinguistic-fallback; official mapping; domain-template; Historical transport technology: a rare character associated with a cart, carriage, wheel, or vehicle component.)	"[""古代车辆记录中出现了𬨎。"",""古代車輛記錄中出現了輶。""]"	"[""chinese"",""simplified-traditional"",""tghz2013"",""level-3"",""bidirectional"",""one-context-sentence"",""corner-case"",""hans-to-hant""]"
zh-tghz2013-level-3/7512-map-01/hant-to-hans	通用规范汉字表 第3级	vocabulary	7512	zh-Hant	zh-Hans	輶（輶字）	"[""𬨎（𬨎字）""]"	"[]"		"[""zh-tghz2013.7512"",""zh-tghz2013.7512.map-01""]"	"[]"	"[]"	sources/mappings.tsv	规范字编号 7512；对应码 7512_1	古代车辆记录中出现了𬨎。 ⇄ 古代車輛記錄中出現了輶。 (context domain-template; source metalinguistic-fallback; official mapping; domain-template; Historical transport technology: a rare character associated with a cart, carriage, wheel, or vehicle component.)	"[""古代车辆记录中出现了𬨎。"",""古代車輛記錄中出現了輶。""]"	"[""chinese"",""simplified-traditional"",""tghz2013"",""level-3"",""bidirectional"",""one-context-sentence"",""corner-case"",""hant-to-hans""]"
zh-tghz2013-level-3/7513-map-01/hans-to-hant	通用规范汉字表 第3级	vocabulary	7513	zh-Hans	zh-Hant	𫐓（𫐓字）	"[""輮（輮字）""]"	"[]"		"[""zh-tghz2013.7513"",""zh-tghz2013.7513.map-01""]"	"[]"	"[]"	sources/mappings.tsv	规范字编号 7513；对应码 7513_1	古代车辆记录中出现了𫐓。 ⇄ 古代車輛記錄中出現了輮。 (context domain-template; source metalinguistic-fallback; official mapping; domain-template; Historical transport technology: a rare character associated with a cart, carriage, wheel, or vehicle component.)	"[""古代车辆记录中出现了𫐓。"",""古代車輛記錄中出現了輮。""]"	"[""chinese"",""simplified-traditional"",""tghz2013"",""level-3"",""bidirectional"",""one-context-sentence"",""corner-case"",""hans-to-hant""]"
zh-tghz2013-level-3/7513-map-01/hant-to-hans	通用规范汉字表 第3级	vocabulary	7513	zh-Hant	zh-Hans	輮（輮字）	"[""𫐓（𫐓字）""]"	"[]"		"[""zh-tghz2013.7513"",""zh-tghz2013.7513.map-01""]"	"[]"	"[]"	sources/mappings.tsv	规范字编号 7513；对应码 7513_1	古代车辆记录中出现了𫐓。 ⇄ 古代車輛記錄中出現了輮。 (context domain-template; source metalinguistic-fallback; official mapping; domain-template; Historical transport technology: a rare character associated with a cart, carriage, wheel, or vehicle component.)	"[""古代车辆记录中出现了𫐓。"",""古代車輛記錄中出現了輮。""]"	"[""chinese"",""simplified-traditional"",""tghz2013"",""level-3"",""bidirectional"",""one-context-sentence"",""corner-case"",""hant-to-hans""]"
zh-tghz2013-level-3/7514-map-01/hans-to-hant	通用规范汉字表 第3级	vocabulary	7514	zh-Hans	zh-Hant	龆（龆字）	"[""齠（齠字）""]"	"[]"		"[""zh-tghz2013.7514"",""zh-tghz2013.7514.map-01""]"	"[]"	"[]"	sources/mappings.tsv	规范字编号 7514；对应码 7514_1	古代医书中出现了龆。 ⇄ 古代醫書中出現了齠。 (context domain-template; source metalinguistic-fallback; official mapping; domain-template; Historical anatomy / medicine: a rare character associated with the body, teeth, or an anatomical term.)	"[""古代医书中出现了龆。"",""古代醫書中出現了齠。""]"	"[""chinese"",""simplified-traditional"",""tghz2013"",""level-3"",""bidirectional"",""one-context-sentence"",""corner-case"",""hans-to-hant""]"
zh-tghz2013-level-3/7514-map-01/hant-to-hans	通用规范汉字表 第3级	vocabulary	7514	zh-Hant	zh-Hans	齠（齠字）	"[""龆（龆字）""]"	"[]"		"[""zh-tghz2013.7514"",""zh-tghz2013.7514.map-01""]"	"[]"	"[]"	sources/mappings.tsv	规范字编号 7514；对应码 7514_1	古代医书中出现了龆。 ⇄ 古代醫書中出現了齠。 (context domain-template; source metalinguistic-fallback; official mapping; domain-template; Historical anatomy / medicine: a rare character associated with the body, teeth, or an anatomical term.)	"[""古代医书中出现了龆。"",""古代醫書中出現了齠。""]"	"[""chinese"",""simplified-traditional"",""tghz2013"",""level-3"",""bidirectional"",""one-context-sentence"",""corner-case"",""hant-to-hans""]"
zh-tghz2013-level-3/7518-map-01/hans-to-hant	通用规范汉字表 第3级	vocabulary	7518	zh-Hans	zh-Hant	鹍（鹍弦）	"[""鵾（鵾弦）""]"	"[]"		"[""zh-tghz2013.7518"",""zh-tghz2013.7518.map-01""]"	"[]"	"[]"	sources/mappings.tsv	规范字编号 7518；对应码 7518_1	鹍弦是一种器物。 ⇄ 鵾弦是一種器物。 (context authored-example; source project-authored; official mapping; lexical-context)	"[""鹍弦是一种器物。"",""鵾弦是一種器物。""]"	"[""chinese"",""simplified-traditional"",""tghz2013"",""level-3"",""bidirectional"",""one-context-sentence"",""hans-to-hant""]"
zh-tghz2013-level-3/7518-map-01/hant-to-hans	通用规范汉字表 第3级	vocabulary	7518	zh-Hant	zh-Hans	鵾（鵾弦）	"[""鹍（鹍弦）""]"	"[]"		"[""zh-tghz2013.7518"",""zh-tghz2013.7518.map-01""]"	"[]"	"[]"	sources/mappings.tsv	规范字编号 7518；对应码 7518_1	鹍弦是一种器物。 ⇄ 鵾弦是一種器物。 (context authored-example; source project-authored; official mapping; lexical-context)	"[""鹍弦是一种器物。"",""鵾弦是一種器物。""]"	"[""chinese"",""simplified-traditional"",""tghz2013"",""level-3"",""bidirectional"",""one-context-sentence"",""hant-to-hans""]"
zh-tghz2013-level-3/7519-map-01/hans-to-hant	通用规范汉字表 第3级	vocabulary	7519	zh-Hans	zh-Hant	𫫇（二𫫇英）	"[""噁（二噁英）""]"	"[]"		"[""zh-tghz2013.7519"",""zh-tghz2013.7519.map-01""]"	"[]"	"[]"	sources/mappings.tsv	规范字编号 7519；对应码 7519_1	二𫫇英是一种材料或化学物质。 ⇄ 二噁英是一種材料或化學物質。 (context authored-example; source project-authored; official mapping; lexical-context)	"[""二𫫇英是一种材料或化学物质。"",""二噁英是一種材料或化學物質。""]"	"[""chinese"",""simplified-traditional"",""tghz2013"",""level-3"",""bidirectional"",""one-context-sentence"",""hans-to-hant""]"
zh-tghz2013-level-3/7519-map-01/hant-to-hans	通用规范汉字表 第3级	vocabulary	7519	zh-Hant	zh-Hans	噁（二噁英）	"[""𫫇（二𫫇英）""]"	"[]"		"[""zh-tghz2013.7519"",""zh-tghz2013.7519.map-01""]"	"[]"	"[]"	sources/mappings.tsv	规范字编号 7519；对应码 7519_1	二𫫇英是一种材料或化学物质。 ⇄ 二噁英是一種材料或化學物質。 (context authored-example; source project-authored; official mapping; lexical-context)	"[""二𫫇英是一种材料或化学物质。"",""二噁英是一種材料或化學物質。""]"	"[""chinese"",""simplified-traditional"",""tghz2013"",""level-3"",""bidirectional"",""one-context-sentence"",""hant-to-hans""]"
zh-tghz2013-level-3/7526-map-01/hans-to-hant	通用规范汉字表 第3级	vocabulary	7526	zh-Hans	zh-Hant	赗（赗字）	"[""賵（賵字）""]"	"[]"		"[""zh-tghz2013.7526"",""zh-tghz2013.7526.map-01""]"	"[]"	"[]"	sources/mappings.tsv	规范字编号 7526；对应码 7526_1	古代丧礼中有赗赠礼。 ⇄ 古代喪禮中有賵贈禮。 (context domain-template; source metalinguistic-fallback; official mapping; domain-template; Ancient funerary custom: a rare character associated with gifts presented for a burial or funeral.)	"[""古代丧礼中有赗赠礼。"",""古代喪禮中有賵贈禮。""]"	"[""chinese"",""simplified-traditional"",""tghz2013"",""level-3"",""bidirectional"",""one-context-sentence"",""corner-case"",""hans-to-hant""]"
zh-tghz2013-level-3/7526-map-01/hant-to-hans	通用规范汉字表 第3级	vocabulary	7526	zh-Hant	zh-Hans	賵（賵字）	"[""赗（赗字）""]"	"[]"		"[""zh-tghz2013.7526"",""zh-tghz2013.7526.map-01""]"	"[]"	"[]"	sources/mappings.tsv	规范字编号 7526；对应码 7526_1	古代丧礼中有赗赠礼。 ⇄ 古代喪禮中有賵贈禮。 (context domain-template; source metalinguistic-fallback; official mapping; domain-template; Ancient funerary custom: a rare character associated with gifts presented for a burial or funeral.)	"[""古代丧礼中有赗赠礼。"",""古代喪禮中有賵贈禮。""]"	"[""chinese"",""simplified-traditional"",""tghz2013"",""level-3"",""bidirectional"",""one-context-sentence"",""corner-case"",""hant-to-hans""]"
zh-tghz2013-level-3/7528-map-01/hans-to-hant	通用规范汉字表 第3级	vocabulary	7528	zh-Hans	zh-Hant	锖（锖色）	"[""錆（錆色）""]"	"[]"		"[""zh-tghz2013.7528"",""zh-tghz2013.7528.map-01""]"	"[]"	"[]"	sources/mappings.tsv	规范字编号 7528；对应码 7528_1	锖色是一种材料或化学物质。 ⇄ 錆色是一種材料或化學物質。 (context authored-example; source project-authored; official mapping; lexical-context)	"[""锖色是一种材料或化学物质。"",""錆色是一種材料或化學物質。""]"	"[""chinese"",""simplified-traditional"",""tghz2013"",""level-3"",""bidirectional"",""one-context-sentence"",""hans-to-hant""]"
zh-tghz2013-level-3/7528-map-01/hant-to-hans	通用规范汉字表 第3级	vocabulary	7528	zh-Hant	zh-Hans	錆（錆色）	"[""锖（锖色）""]"	"[]"		"[""zh-tghz2013.7528"",""zh-tghz2013.7528.map-01""]"	"[]"	"[]"	sources/mappings.tsv	规范字编号 7528；对应码 7528_1	锖色是一种材料或化学物质。 ⇄ 錆色是一種材料或化學物質。 (context authored-example; source project-authored; official mapping; lexical-context)	"[""锖色是一种材料或化学物质。"",""錆色是一種材料或化學物質。""]"	"[""chinese"",""simplified-traditional"",""tghz2013"",""level-3"",""bidirectional"",""one-context-sentence"",""hant-to-hans""]"
zh-tghz2013-level-3/7529-map-01/hans-to-hant	通用规范汉字表 第3级	vocabulary	7529	zh-Hans	zh-Hant	𫓹（𫓹字）	"[""錤（錤字）""]"	"[]"		"[""zh-tghz2013.7529"",""zh-tghz2013.7529.map-01""]"	"[]"	"[]"	sources/mappings.tsv	规范字编号 7529；对应码 7529_1	金属器物或技术资料中可见𫓹。 ⇄ 金屬器物或技術資料中可見錤。 (context domain-template; source metalinguistic-fallback; official mapping; domain-template; Metallurgy / historical material culture: a rare metal-radical character used for a metal, tool, weapon, vessel, ornament, or technical term.)	"[""金属器物或技术资料中可见𫓹。"",""金屬器物或技術資料中可見錤。""]"	"[""chinese"",""simplified-traditional"",""tghz2013"",""level-3"",""bidirectional"",""one-context-sentence"",""corner-case"",""hans-to-hant""]"
zh-tghz2013-level-3/7529-map-01/hant-to-hans	通用规范汉字表 第3级	vocabulary	7529	zh-Hant	zh-Hans	錤（錤字）	"[""𫓹（𫓹字）""]"	"[]"		"[""zh-tghz2013.7529"",""zh-tghz2013.7529.map-01""]"	"[]"	"[]"	sources/mappings.tsv	规范字编号 7529；对应码 7529_1	金属器物或技术资料中可见𫓹。 ⇄ 金屬器物或技術資料中可見錤。 (context domain-template; source metalinguistic-fallback; official mapping; domain-template; Metallurgy / historical material culture: a rare metal-radical character used for a metal, tool, weapon, vessel, ornament, or technical term.)	"[""金属器物或技术资料中可见𫓹。"",""金屬器物或技術資料中可見錤。""]"	"[""chinese"",""simplified-traditional"",""tghz2013"",""level-3"",""bidirectional"",""one-context-sentence"",""corner-case"",""hant-to-hans""]"
zh-tghz2013-level-3/7530-map-01/hans-to-hant	通用规范汉字表 第3级	vocabulary	7530	zh-Hans	zh-Hant	锘（锘字）	"[""鍩（鍩字）""]"	"[]"		"[""zh-tghz2013.7530"",""zh-tghz2013.7530.map-01""]"	"[]"	"[]"	sources/mappings.tsv	规范字编号 7530；对应码 7530_1	实验记录中提到了锘。 ⇄ 實驗記錄中提到了鍩。 (context element-domain; source metalinguistic-fallback; official mapping; element-domain; Chemistry: nobelium, a chemical element represented by this character in Chinese technical terminology.)	"[""实验记录中提到了锘。"",""實驗記錄中提到了鍩。""]"	"[""chinese"",""simplified-traditional"",""tghz2013"",""level-3"",""bidirectional"",""one-context-sentence"",""corner-case"",""hans-to-hant""]"
zh-tghz2013-level-3/7530-map-01/hant-to-hans	通用规范汉字表 第3级	vocabulary	7530	zh-Hant	zh-Hans	鍩（鍩字）	"[""锘（锘字）""]"	"[]"		"[""zh-tghz2013.7530"",""zh-tghz2013.7530.map-01""]"	"[]"	"[]"	sources/mappings.tsv	规范字编号 7530；对应码 7530_1	实验记录中提到了锘。 ⇄ 實驗記錄中提到了鍩。 (context element-domain; source metalinguistic-fallback; official mapping; element-domain; Chemistry: nobelium, a chemical element represented by this character in Chinese technical terminology.)	"[""实验记录中提到了锘。"",""實驗記錄中提到了鍩。""]"	"[""chinese"",""simplified-traditional"",""tghz2013"",""level-3"",""bidirectional"",""one-context-sentence"",""corner-case"",""hant-to-hans""]"
zh-tghz2013-level-3/7531-map-01/hans-to-hant	通用规范汉字表 第3级	vocabulary	7531	zh-Hans	zh-Hant	锳（锳字）	"[""鍈（鍈字）""]"	"[]"		"[""zh-tghz2013.7531"",""zh-tghz2013.7531.map-01""]"	"[]"	"[]"	sources/mappings.tsv	规范字编号 7531；对应码 7531_1	金属器物或技术资料中可见锳。 ⇄ 金屬器物或技術資料中可見鍈。 (context domain-template; source metalinguistic-fallback; official mapping; domain-template; Metallurgy / historical material culture: a rare metal-radical character used for a metal, tool, weapon, vessel, ornament, or technical term.)	"[""金属器物或技术资料中可见锳。"",""金屬器物或技術資料中可見鍈。""]"	"[""chinese"",""simplified-traditional"",""tghz2013"",""level-3"",""bidirectional"",""one-context-sentence"",""corner-case"",""hans-to-hant""]"
zh-tghz2013-level-3/7531-map-01/hant-to-hans	通用规范汉字表 第3级	vocabulary	7531	zh-Hant	zh-Hans	鍈（鍈字）	"[""锳（锳字）""]"	"[]"		"[""zh-tghz2013.7531"",""zh-tghz2013.7531.map-01""]"	"[]"	"[]"	sources/mappings.tsv	规范字编号 7531；对应码 7531_1	金属器物或技术资料中可见锳。 ⇄ 金屬器物或技術資料中可見鍈。 (context domain-template; source metalinguistic-fallback; official mapping; domain-template; Metallurgy / historical material culture: a rare metal-radical character used for a metal, tool, weapon, vessel, ornament, or technical term.)	"[""金属器物或技术资料中可见锳。"",""金屬器物或技術資料中可見鍈。""]"	"[""chinese"",""simplified-traditional"",""tghz2013"",""level-3"",""bidirectional"",""one-context-sentence"",""corner-case"",""hant-to-hans""]"
zh-tghz2013-level-3/7532-map-01/hans-to-hant	通用规范汉字表 第3级	vocabulary	7532	zh-Hans	zh-Hant	锧（锧字）	"[""鑕（鑕字）""]"	"[]"		"[""zh-tghz2013.7532"",""zh-tghz2013.7532.map-01""]"	"[]"	"[]"	sources/mappings.tsv	规范字编号 7532；对应码 7532_1	金属器物或技术资料中可见锧。 ⇄ 金屬器物或技術資料中可見鑕。 (context domain-template; source metalinguistic-fallback; official mapping; domain-template; Metallurgy / historical material culture: a rare metal-radical character used for a metal, tool, weapon, vessel, ornament, or technical term.)	"[""金属器物或技术资料中可见锧。"",""金屬器物或技術資料中可見鑕。""]"	"[""chinese"",""simplified-traditional"",""tghz2013"",""level-3"",""bidirectional"",""one-context-sentence"",""corner-case"",""hans-to-hant""]"
zh-tghz2013-level-3/7532-map-01/hant-to-hans	通用规范汉字表 第3级	vocabulary	7532	zh-Hant	zh-Hans	鑕（鑕字）	"[""锧（锧字）""]"	"[]"		"[""zh-tghz2013.7532"",""zh-tghz2013.7532.map-01""]"	"[]"	"[]"	sources/mappings.tsv	规范字编号 7532；对应码 7532_1	金属器物或技术资料中可见锧。 ⇄ 金屬器物或技術資料中可見鑕。 (context domain-template; source metalinguistic-fallback; official mapping; domain-template; Metallurgy / historical material culture: a rare metal-radical character used for a metal, tool, weapon, vessel, ornament, or technical term.)	"[""金属器物或技术资料中可见锧。"",""金屬器物或技術資料中可見鑕。""]"	"[""chinese"",""simplified-traditional"",""tghz2013"",""level-3"",""bidirectional"",""one-context-sentence"",""corner-case"",""hant-to-hans""]"
zh-tghz2013-level-3/7533-map-01/hans-to-hant	通用规范汉字表 第3级	vocabulary	7533	zh-Hans	zh-Hant	锪（锪字）	"[""鍃（鍃字）""]"	"[]"		"[""zh-tghz2013.7533"",""zh-tghz2013.7533.map-01""]"	"[]"	"[]"	sources/mappings.tsv	规范字编号 7533；对应码 7533_1	金属器物或技术资料中可见锪。 ⇄ 金屬器物或技術資料中可見鍃。 (context domain-template; source metalinguistic-fallback; official mapping; domain-template; Metallurgy / historical material culture: a rare metal-radical character used for a metal, tool, weapon, vessel, ornament, or technical term.)	"[""金属器物或技术资料中可见锪。"",""金屬器物或技術資料中可見鍃。""]"	"[""chinese"",""simplified-traditional"",""tghz2013"",""level-3"",""bidirectional"",""one-context-sentence"",""corner-case"",""hans-to-hant""]"
zh-tghz2013-level-3/7533-map-01/hant-to-hans	通用规范汉字表 第3级	vocabulary	7533	zh-Hant	zh-Hans	鍃（鍃字）	"[""锪（锪字）""]"	"[]"		"[""zh-tghz2013.7533"",""zh-tghz2013.7533.map-01""]"	"[]"	"[]"	sources/mappings.tsv	规范字编号 7533；对应码 7533_1	金属器物或技术资料中可见锪。 ⇄ 金屬器物或技術資料中可見鍃。 (context domain-template; source metalinguistic-fallback; official mapping; domain-template; Metallurgy / historical material culture: a rare metal-radical character used for a metal, tool, weapon, vessel, ornament, or technical term.)	"[""金属器物或技术资料中可见锪。"",""金屬器物或技術資料中可見鍃。""]"	"[""chinese"",""simplified-traditional"",""tghz2013"",""level-3"",""bidirectional"",""one-context-sentence"",""corner-case"",""hant-to-hans""]"
zh-tghz2013-level-3/7534-map-01/hans-to-hant	通用规范汉字表 第3级	vocabulary	7534	zh-Hans	zh-Hant	𬭚（𬭚字）	"[""錞（錞字）""]"	"[]"		"[""zh-tghz2013.7534"",""zh-tghz2013.7534.map-01""]"	"[]"	"[]"	sources/mappings.tsv	规范字编号 7534；对应码 7534_1	金属器物或技术资料中可见𬭚。 ⇄ 金屬器物或技術資料中可見錞。 (context domain-template; source metalinguistic-fallback; official mapping; domain-template; Metallurgy / historical material culture: a rare metal-radical character used for a metal, tool, weapon, vessel, ornament, or technical term.)	"[""金属器物或技术资料中可见𬭚。"",""金屬器物或技術資料中可見錞。""]"	"[""chinese"",""simplified-traditional"",""tghz2013"",""level-3"",""bidirectional"",""one-context-sentence"",""corner-case"",""hans-to-hant""]"
zh-tghz2013-level-3/7534-map-01/hant-to-hans	通用规范汉字表 第3级	vocabulary	7534	zh-Hant	zh-Hans	錞（錞字）	"[""𬭚（𬭚字）""]"	"[]"		"[""zh-tghz2013.7534"",""zh-tghz2013.7534.map-01""]"	"[]"	"[]"	sources/mappings.tsv	规范字编号 7534；对应码 7534_1	金属器物或技术资料中可见𬭚。 ⇄ 金屬器物或技術資料中可見錞。 (context domain-template; source metalinguistic-fallback; official mapping; domain-template; Metallurgy / historical material culture: a rare metal-radical character used for a metal, tool, weapon, vessel, ornament, or technical term.)	"[""金属器物或技术资料中可见𬭚。"",""金屬器物或技術資料中可見錞。""]"	"[""chinese"",""simplified-traditional"",""tghz2013"",""level-3"",""bidirectional"",""one-context-sentence"",""corner-case"",""hant-to-hans""]"
zh-tghz2013-level-3/7535-map-01/hans-to-hant	通用规范汉字表 第3级	vocabulary	7535	zh-Hans	zh-Hant	锫（锫字）	"[""錇（錇字）""]"	"[]"		"[""zh-tghz2013.7535"",""zh-tghz2013.7535.map-01""]"	"[]"	"[]"	sources/mappings.tsv	规范字编号 7535；对应码 7535_1	金属器物或技术资料中可见锫。 ⇄ 金屬器物或技術資料中可見錇。 (context domain-template; source metalinguistic-fallback; official mapping; domain-template; Metallurgy / historical material culture: a rare metal-radical character used for a metal, tool, weapon, vessel, ornament, or technical term.)	"[""金属器物或技术资料中可见锫。"",""金屬器物或技術資料中可見錇。""]"	"[""chinese"",""simplified-traditional"",""tghz2013"",""level-3"",""bidirectional"",""one-context-sentence"",""corner-case"",""hans-to-hant""]"
zh-tghz2013-level-3/7535-map-01/hant-to-hans	通用规范汉字表 第3级	vocabulary	7535	zh-Hant	zh-Hans	錇（錇字）	"[""锫（锫字）""]"	"[]"		"[""zh-tghz2013.7535"",""zh-tghz2013.7535.map-01""]"	"[]"	"[]"	sources/mappings.tsv	规范字编号 7535；对应码 7535_1	金属器物或技术资料中可见锫。 ⇄ 金屬器物或技術資料中可見錇。 (context domain-template; source metalinguistic-fallback; official mapping; domain-template; Metallurgy / historical material culture: a rare metal-radical character used for a metal, tool, weapon, vessel, ornament, or technical term.)	"[""金属器物或技术资料中可见锫。"",""金屬器物或技術資料中可見錇。""]"	"[""chinese"",""simplified-traditional"",""tghz2013"",""level-3"",""bidirectional"",""one-context-sentence"",""corner-case"",""hant-to-hans""]"
zh-tghz2013-level-3/7536-map-01/hans-to-hant	通用规范汉字表 第3级	vocabulary	7536	zh-Hans	zh-Hant	锬（锬字）	"[""錟（錟字）""]"	"[]"		"[""zh-tghz2013.7536"",""zh-tghz2013.7536.map-01""]"	"[]"	"[]"	sources/mappings.tsv	规范字编号 7536；对应码 7536_1	金属器物或技术资料中可见锬。 ⇄ 金屬器物或技術資料中可見錟。 (context domain-template; source metalinguistic-fallback; official mapping; domain-template; Metallurgy / historical material culture: a rare metal-radical character used for a metal, tool, weapon, vessel, ornament, or technical term.)	"[""金属器物或技术资料中可见锬。"",""金屬器物或技術資料中可見錟。""]"	"[""chinese"",""simplified-traditional"",""tghz2013"",""level-3"",""bidirectional"",""one-context-sentence"",""corner-case"",""hans-to-hant""]"
zh-tghz2013-level-3/7536-map-01/hant-to-hans	通用规范汉字表 第3级	vocabulary	7536	zh-Hant	zh-Hans	錟（錟字）	"[""锬（锬字）""]"	"[]"		"[""zh-tghz2013.7536"",""zh-tghz2013.7536.map-01""]"	"[]"	"[]"	sources/mappings.tsv	规范字编号 7536；对应码 7536_1	金属器物或技术资料中可见锬。 ⇄ 金屬器物或技術資料中可見錟。 (context domain-template; source metalinguistic-fallback; official mapping; domain-template; Metallurgy / historical material culture: a rare metal-radical character used for a metal, tool, weapon, vessel, ornament, or technical term.)	"[""金属器物或技术资料中可见锬。"",""金屬器物或技術資料中可見錟。""]"	"[""chinese"",""simplified-traditional"",""tghz2013"",""level-3"",""bidirectional"",""one-context-sentence"",""corner-case"",""hant-to-hans""]"
zh-tghz2013-level-3/7537-map-01/hans-to-hant	通用规范汉字表 第3级	vocabulary	7537	zh-Hans	zh-Hant	𬭛（𬭛字）	"[""𨨏（𨨏字）""]"	"[]"		"[""zh-tghz2013.7537"",""zh-tghz2013.7537.map-01""]"	"[]"	"[]"	sources/mappings.tsv	规范字编号 7537；对应码 7537_1	金属器物或技术资料中可见𬭛。 ⇄ 金屬器物或技術資料中可見𨨏。 (context domain-template; source metalinguistic-fallback; official mapping; domain-template; Metallurgy / historical material culture: a rare metal-radical character used for a metal, tool, weapon, vessel, ornament, or technical term.)	"[""金属器物或技术资料中可见𬭛。"",""金屬器物或技術資料中可見𨨏。""]"	"[""chinese"",""simplified-traditional"",""tghz2013"",""level-3"",""bidirectional"",""one-context-sentence"",""corner-case"",""hans-to-hant""]"
zh-tghz2013-level-3/7537-map-01/hant-to-hans	通用规范汉字表 第3级	vocabulary	7537	zh-Hant	zh-Hans	𨨏（𨨏字）	"[""𬭛（𬭛字）""]"	"[]"		"[""zh-tghz2013.7537"",""zh-tghz2013.7537.map-01""]"	"[]"	"[]"	sources/mappings.tsv	规范字编号 7537；对应码 7537_1	金属器物或技术资料中可见𬭛。 ⇄ 金屬器物或技術資料中可見𨨏。 (context domain-template; source metalinguistic-fallback; official mapping; domain-template; Metallurgy / historical material culture: a rare metal-radical character used for a metal, tool, weapon, vessel, ornament, or technical term.)	"[""金属器物或技术资料中可见𬭛。"",""金屬器物或技術資料中可見𨨏。""]"	"[""chinese"",""simplified-traditional"",""tghz2013"",""level-3"",""bidirectional"",""one-context-sentence"",""corner-case"",""hant-to-hans""]"
zh-tghz2013-level-3/7540-map-01/hans-to-hant	通用规范汉字表 第3级	vocabulary	7540	zh-Hans	zh-Hant	䅟（䅟字）	"[""穇（穇字）""]"	"[]"		"[""zh-tghz2013.7540"",""zh-tghz2013.7540.map-01""]"	"[]"	"[]"	sources/mappings.tsv	规范字编号 7540；对应码 7540_1	农书中记载了䅟。 ⇄ 農書中記載了穇。 (context domain-template; source metalinguistic-fallback; official mapping; domain-template; Traditional agriculture / grain terminology: a rare character associated with a crop or cereal plant.)	"[""农书中记载了䅟。"",""農書中記載了穇。""]"	"[""chinese"",""simplified-traditional"",""tghz2013"",""level-3"",""bidirectional"",""one-context-sentence"",""corner-case"",""hans-to-hant""]"
zh-tghz2013-level-3/7540-map-01/hant-to-hans	通用规范汉字表 第3级	vocabulary	7540	zh-Hant	zh-Hans	穇（穇字）	"[""䅟（䅟字）""]"	"[]"		"[""zh-tghz2013.7540"",""zh-tghz2013.7540.map-01""]"	"[]"	"[]"	sources/mappings.tsv	规范字编号 7540；对应码 7540_1	农书中记载了䅟。 ⇄ 農書中記載了穇。 (context domain-template; source metalinguistic-fallback; official mapping; domain-template; Traditional agriculture / grain terminology: a rare character associated with a crop or cereal plant.)	"[""农书中记载了䅟。"",""農書中記載了穇。""]"	"[""chinese"",""simplified-traditional"",""tghz2013"",""level-3"",""bidirectional"",""one-context-sentence"",""corner-case"",""hant-to-hans""]"
zh-tghz2013-level-3/7541-map-01/hans-to-hant	通用规范汉字表 第3级	vocabulary	7541	zh-Hans	zh-Hant	𬕂（𬕂字）	"[""篢（篢字）""]"	"[]"		"[""zh-tghz2013.7541"",""zh-tghz2013.7541.map-01""]"	"[]"	"[]"	sources/mappings.tsv	规范字编号 7541；对应码 7541_1	本草书中记载了𬕂。 ⇄ 本草書中記載了篢。 (context domain-template; source metalinguistic-fallback; official mapping; domain-template; Botany / traditional materia medica: a rare character used in a plant name or botanical description.)	"[""本草书中记载了𬕂。"",""本草書中記載了篢。""]"	"[""chinese"",""simplified-traditional"",""tghz2013"",""level-3"",""bidirectional"",""one-context-sentence"",""corner-case"",""hans-to-hant""]"
zh-tghz2013-level-3/7541-map-01/hant-to-hans	通用规范汉字表 第3级	vocabulary	7541	zh-Hant	zh-Hans	篢（篢字）	"[""𬕂（𬕂字）""]"	"[]"		"[""zh-tghz2013.7541"",""zh-tghz2013.7541.map-01""]"	"[]"	"[]"	sources/mappings.tsv	规范字编号 7541；对应码 7541_1	本草书中记载了𬕂。 ⇄ 本草書中記載了篢。 (context domain-template; source metalinguistic-fallback; official mapping; domain-template; Botany / traditional materia medica: a rare character used in a plant name or botanical description.)	"[""本草书中记载了𬕂。"",""本草書中記載了篢。""]"	"[""chinese"",""simplified-traditional"",""tghz2013"",""level-3"",""bidirectional"",""one-context-sentence"",""corner-case"",""hant-to-hans""]"
zh-tghz2013-level-3/7543-map-01/hans-to-hant	通用规范汉字表 第3级	vocabulary	7543	zh-Hans	zh-Hant	筼（筼筜）	"[""篔（篔簹）""]"	"[]"		"[""zh-tghz2013.7543"",""zh-tghz2013.7543.map-01""]"	"[]"	"[]"	sources/mappings.tsv	规范字编号 7543；对应码 7543_1	筼筜是一种植物。 ⇄ 篔簹是一種植物。 (context authored-example; source project-authored; official mapping; lexical-context)	"[""筼筜是一种植物。"",""篔簹是一種植物。""]"	"[""chinese"",""simplified-traditional"",""tghz2013"",""level-3"",""bidirectional"",""one-context-sentence"",""hans-to-hant""]"
zh-tghz2013-level-3/7543-map-01/hant-to-hans	通用规范汉字表 第3级	vocabulary	7543	zh-Hant	zh-Hans	篔（篔簹）	"[""筼（筼筜）""]"	"[]"		"[""zh-tghz2013.7543"",""zh-tghz2013.7543.map-01""]"	"[]"	"[]"	sources/mappings.tsv	规范字编号 7543；对应码 7543_1	筼筜是一种植物。 ⇄ 篔簹是一種植物。 (context authored-example; source project-authored; official mapping; lexical-context)	"[""筼筜是一种植物。"",""篔簹是一種植物。""]"	"[""chinese"",""simplified-traditional"",""tghz2013"",""level-3"",""bidirectional"",""one-context-sentence"",""hant-to-hans""]"
zh-tghz2013-level-3/7548-map-01/hans-to-hant	通用规范汉字表 第3级	vocabulary	7548	zh-Hans	zh-Hant	鹎（台湾鹎）	"[""鵯（臺灣鵯）""]"	"[]"		"[""zh-tghz2013.7548"",""zh-tghz2013.7548.map-01""]"	"[]"	"[]"	sources/mappings.tsv	规范字编号 7548；对应码 7548_1	台湾鹎是一种鸟。 ⇄ 臺灣鵯是一種鳥。 (context authored-example; source project-authored; official mapping; lexical-context)	"[""台湾鹎是一种鸟。"",""臺灣鵯是一種鳥。""]"	"[""chinese"",""simplified-traditional"",""tghz2013"",""level-3"",""bidirectional"",""one-context-sentence"",""hans-to-hant""]"
zh-tghz2013-level-3/7548-map-01/hant-to-hans	通用规范汉字表 第3级	vocabulary	7548	zh-Hant	zh-Hans	鵯（臺灣鵯）	"[""鹎（台湾鹎）""]"	"[]"		"[""zh-tghz2013.7548"",""zh-tghz2013.7548.map-01""]"	"[]"	"[]"	sources/mappings.tsv	规范字编号 7548；对应码 7548_1	台湾鹎是一种鸟。 ⇄ 臺灣鵯是一種鳥。 (context authored-example; source project-authored; official mapping; lexical-context)	"[""台湾鹎是一种鸟。"",""臺灣鵯是一種鳥。""]"	"[""chinese"",""simplified-traditional"",""tghz2013"",""level-3"",""bidirectional"",""one-context-sentence"",""hant-to-hans""]"
zh-tghz2013-level-3/7557-map-01/hans-to-hant	通用规范汉字表 第3级	vocabulary	7557	zh-Hans	zh-Hant	鲉（鲉字）	"[""鮋（鮋字）""]"	"[]"		"[""zh-tghz2013.7557"",""zh-tghz2013.7557.map-01""]"	"[]"	"[]"	sources/mappings.tsv	规范字编号 7557；对应码 7557_1	图鉴中收录了鲉这种鱼。 ⇄ 圖鑑中收錄了鮋這種魚。 (context domain-template; source metalinguistic-fallback; official mapping; domain-template; Zoology / ichthyology: a rare character used in the name of a fish or fish group.)	"[""图鉴中收录了鲉这种鱼。"",""圖鑑中收錄了鮋這種魚。""]"	"[""chinese"",""simplified-traditional"",""tghz2013"",""level-3"",""bidirectional"",""one-context-sentence"",""corner-case"",""hans-to-hant""]"
zh-tghz2013-level-3/7557-map-01/hant-to-hans	通用规范汉字表 第3级	vocabulary	7557	zh-Hant	zh-Hans	鮋（鮋字）	"[""鲉（鲉字）""]"	"[]"		"[""zh-tghz2013.7557"",""zh-tghz2013.7557.map-01""]"	"[]"	"[]"	sources/mappings.tsv	规范字编号 7557；对应码 7557_1	图鉴中收录了鲉这种鱼。 ⇄ 圖鑑中收錄了鮋這種魚。 (context domain-template; source metalinguistic-fallback; official mapping; domain-template; Zoology / ichthyology: a rare character used in the name of a fish or fish group.)	"[""图鉴中收录了鲉这种鱼。"",""圖鑑中收錄了鮋這種魚。""]"	"[""chinese"",""simplified-traditional"",""tghz2013"",""level-3"",""bidirectional"",""one-context-sentence"",""corner-case"",""hant-to-hans""]"
zh-tghz2013-level-3/7558-map-01/hans-to-hant	通用规范汉字表 第3级	vocabulary	7558	zh-Hans	zh-Hant	鲊（鲊字）	"[""鮓（鮓字）""]"	"[]"		"[""zh-tghz2013.7558"",""zh-tghz2013.7558.map-01""]"	"[]"	"[]"	sources/mappings.tsv	规范字编号 7558；对应码 7558_1	图鉴中收录了鲊这种鱼。 ⇄ 圖鑑中收錄了鮓這種魚。 (context domain-template; source metalinguistic-fallback; official mapping; domain-template; Zoology / ichthyology: a rare character used in the name of a fish or fish group.)	"[""图鉴中收录了鲊这种鱼。"",""圖鑑中收錄了鮓這種魚。""]"	"[""chinese"",""simplified-traditional"",""tghz2013"",""level-3"",""bidirectional"",""one-context-sentence"",""corner-case"",""hans-to-hant""]"
zh-tghz2013-level-3/7558-map-01/hant-to-hans	通用规范汉字表 第3级	vocabulary	7558	zh-Hant	zh-Hans	鮓（鮓字）	"[""鲊（鲊字）""]"	"[]"		"[""zh-tghz2013.7558"",""zh-tghz2013.7558.map-01""]"	"[]"	"[]"	sources/mappings.tsv	规范字编号 7558；对应码 7558_1	图鉴中收录了鲊这种鱼。 ⇄ 圖鑑中收錄了鮓這種魚。 (context domain-template; source metalinguistic-fallback; official mapping; domain-template; Zoology / ichthyology: a rare character used in the name of a fish or fish group.)	"[""图鉴中收录了鲊这种鱼。"",""圖鑑中收錄了鮓這種魚。""]"	"[""chinese"",""simplified-traditional"",""tghz2013"",""level-3"",""bidirectional"",""one-context-sentence"",""corner-case"",""hant-to-hans""]"
zh-tghz2013-level-3/7559-map-01/hans-to-hant	通用规范汉字表 第3级	vocabulary	7559	zh-Hans	zh-Hant	鲌（鲌字）	"[""鮊（鮊字）""]"	"[]"		"[""zh-tghz2013.7559"",""zh-tghz2013.7559.map-01""]"	"[]"	"[]"	sources/mappings.tsv	规范字编号 7559；对应码 7559_1	图鉴中收录了鲌这种鱼。 ⇄ 圖鑑中收錄了鮊這種魚。 (context domain-template; source metalinguistic-fallback; official mapping; domain-template; Zoology / ichthyology: a rare character used in the name of a fish or fish group.)	"[""图鉴中收录了鲌这种鱼。"",""圖鑑中收錄了鮊這種魚。""]"	"[""chinese"",""simplified-traditional"",""tghz2013"",""level-3"",""bidirectional"",""one-context-sentence"",""corner-case"",""hans-to-hant""]"
zh-tghz2013-level-3/7559-map-01/hant-to-hans	通用规范汉字表 第3级	vocabulary	7559	zh-Hant	zh-Hans	鮊（鮊字）	"[""鲌（鲌字）""]"	"[]"		"[""zh-tghz2013.7559"",""zh-tghz2013.7559.map-01""]"	"[]"	"[]"	sources/mappings.tsv	规范字编号 7559；对应码 7559_1	图鉴中收录了鲌这种鱼。 ⇄ 圖鑑中收錄了鮊這種魚。 (context domain-template; source metalinguistic-fallback; official mapping; domain-template; Zoology / ichthyology: a rare character used in the name of a fish or fish group.)	"[""图鉴中收录了鲌这种鱼。"",""圖鑑中收錄了鮊這種魚。""]"	"[""chinese"",""simplified-traditional"",""tghz2013"",""level-3"",""bidirectional"",""one-context-sentence"",""corner-case"",""hant-to-hans""]"
zh-tghz2013-level-3/7560-map-01/hans-to-hant	通用规范汉字表 第3级	vocabulary	7560	zh-Hans	zh-Hant	䲟（䲟字）	"[""鮣（鮣字）""]"	"[]"		"[""zh-tghz2013.7560"",""zh-tghz2013.7560.map-01""]"	"[]"	"[]"	sources/mappings.tsv	规范字编号 7560；对应码 7560_1	图鉴中收录了䲟这种鱼。 ⇄ 圖鑑中收錄了鮣這種魚。 (context domain-template; source metalinguistic-fallback; official mapping; domain-template; Zoology / ichthyology: a rare character used in the name of a fish or fish group.)	"[""图鉴中收录了䲟这种鱼。"",""圖鑑中收錄了鮣這種魚。""]"	"[""chinese"",""simplified-traditional"",""tghz2013"",""level-3"",""bidirectional"",""one-context-sentence"",""corner-case"",""hans-to-hant""]"
zh-tghz2013-level-3/7560-map-01/hant-to-hans	通用规范汉字表 第3级	vocabulary	7560	zh-Hant	zh-Hans	鮣（鮣字）	"[""䲟（䲟字）""]"	"[]"		"[""zh-tghz2013.7560"",""zh-tghz2013.7560.map-01""]"	"[]"	"[]"	sources/mappings.tsv	规范字编号 7560；对应码 7560_1	图鉴中收录了䲟这种鱼。 ⇄ 圖鑑中收錄了鮣這種魚。 (context domain-template; source metalinguistic-fallback; official mapping; domain-template; Zoology / ichthyology: a rare character used in the name of a fish or fish group.)	"[""图鉴中收录了䲟这种鱼。"",""圖鑑中收錄了鮣這種魚。""]"	"[""chinese"",""simplified-traditional"",""tghz2013"",""level-3"",""bidirectional"",""one-context-sentence"",""corner-case"",""hant-to-hans""]"
zh-tghz2013-level-3/7561-map-01/hans-to-hant	通用规范汉字表 第3级	vocabulary	7561	zh-Hans	zh-Hant	𬶋（𬶋字）	"[""鮈（鮈字）""]"	"[]"		"[""zh-tghz2013.7561"",""zh-tghz2013.7561.map-01""]"	"[]"	"[]"	sources/mappings.tsv	规范字编号 7561；对应码 7561_1	图鉴中收录了𬶋这种鱼。 ⇄ 圖鑑中收錄了鮈這種魚。 (context domain-template; source metalinguistic-fallback; official mapping; domain-template; Zoology / ichthyology: a rare character used in the name of a fish or fish group.)	"[""图鉴中收录了𬶋这种鱼。"",""圖鑑中收錄了鮈這種魚。""]"	"[""chinese"",""simplified-traditional"",""tghz2013"",""level-3"",""bidirectional"",""one-context-sentence"",""corner-case"",""hans-to-hant""]"
zh-tghz2013-level-3/7561-map-01/hant-to-hans	通用规范汉字表 第3级	vocabulary	7561	zh-Hant	zh-Hans	鮈（鮈字）	"[""𬶋（𬶋字）""]"	"[]"		"[""zh-tghz2013.7561"",""zh-tghz2013.7561.map-01""]"	"[]"	"[]"	sources/mappings.tsv	规范字编号 7561；对应码 7561_1	图鉴中收录了𬶋这种鱼。 ⇄ 圖鑑中收錄了鮈這種魚。 (context domain-template; source metalinguistic-fallback; official mapping; domain-template; Zoology / ichthyology: a rare character used in the name of a fish or fish group.)	"[""图鉴中收录了𬶋这种鱼。"",""圖鑑中收錄了鮈這種魚。""]"	"[""chinese"",""simplified-traditional"",""tghz2013"",""level-3"",""bidirectional"",""one-context-sentence"",""corner-case"",""hant-to-hans""]"
zh-tghz2013-level-3/7562-map-01/hans-to-hant	通用规范汉字表 第3级	vocabulary	7562	zh-Hans	zh-Hant	𬶍（𬶍字）	"[""鮀（鮀字）""]"	"[]"		"[""zh-tghz2013.7562"",""zh-tghz2013.7562.map-01""]"	"[]"	"[]"	sources/mappings.tsv	规范字编号 7562；对应码 7562_1	图鉴中收录了𬶍这种鱼。 ⇄ 圖鑑中收錄了鮀這種魚。 (context domain-template; source metalinguistic-fallback; official mapping; domain-template; Zoology / ichthyology: a rare character used in the name of a fish or fish group.)	"[""图鉴中收录了𬶍这种鱼。"",""圖鑑中收錄了鮀這種魚。""]"	"[""chinese"",""simplified-traditional"",""tghz2013"",""level-3"",""bidirectional"",""one-context-sentence"",""corner-case"",""hans-to-hant""]"
zh-tghz2013-level-3/7562-map-01/hant-to-hans	通用规范汉字表 第3级	vocabulary	7562	zh-Hant	zh-Hans	鮀（鮀字）	"[""𬶍（𬶍字）""]"	"[]"		"[""zh-tghz2013.7562"",""zh-tghz2013.7562.map-01""]"	"[]"	"[]"	sources/mappings.tsv	规范字编号 7562；对应码 7562_1	图鉴中收录了𬶍这种鱼。 ⇄ 圖鑑中收錄了鮀這種魚。 (context domain-template; source metalinguistic-fallback; official mapping; domain-template; Zoology / ichthyology: a rare character used in the name of a fish or fish group.)	"[""图鉴中收录了𬶍这种鱼。"",""圖鑑中收錄了鮀這種魚。""]"	"[""chinese"",""simplified-traditional"",""tghz2013"",""level-3"",""bidirectional"",""one-context-sentence"",""corner-case"",""hant-to-hans""]"
zh-tghz2013-level-3/7563-map-01/hans-to-hant	通用规范汉字表 第3级	vocabulary	7563	zh-Hans	zh-Hant	鲏（鳑鲏）	"[""鮍（鰟鮍）""]"	"[]"		"[""zh-tghz2013.7563"",""zh-tghz2013.7563.map-01""]"	"[]"	"[]"	sources/mappings.tsv	规范字编号 7563；对应码 7563_1	鳑鲏是一种鱼类或水生动物。 ⇄ 鰟鮍是一種魚類或水生動物。 (context authored-example; source project-authored; official mapping; lexical-context)	"[""鳑鲏是一种鱼类或水生动物。"",""鰟鮍是一種魚類或水生動物。""]"	"[""chinese"",""simplified-traditional"",""tghz2013"",""level-3"",""bidirectional"",""one-context-sentence"",""hans-to-hant""]"
zh-tghz2013-level-3/7563-map-01/hant-to-hans	通用规范汉字表 第3级	vocabulary	7563	zh-Hant	zh-Hans	鮍（鰟鮍）	"[""鲏（鳑鲏）""]"	"[]"		"[""zh-tghz2013.7563"",""zh-tghz2013.7563.map-01""]"	"[]"	"[]"	sources/mappings.tsv	规范字编号 7563；对应码 7563_1	鳑鲏是一种鱼类或水生动物。 ⇄ 鰟鮍是一種魚類或水生動物。 (context authored-example; source project-authored; official mapping; lexical-context)	"[""鳑鲏是一种鱼类或水生动物。"",""鰟鮍是一種魚類或水生動物。""]"	"[""chinese"",""simplified-traditional"",""tghz2013"",""level-3"",""bidirectional"",""one-context-sentence"",""hant-to-hans""]"
zh-tghz2013-level-3/7566-map-01/hans-to-hant	通用规范汉字表 第3级	vocabulary	7566	zh-Hans	zh-Hant	飔（飔字）	"[""颸（颸字）""]"	"[]"		"[""zh-tghz2013.7566"",""zh-tghz2013.7566.map-01""]"	"[]"	"[]"	sources/mappings.tsv	规范字编号 7566；对应码 7566_1	古文中用飔描写光线或天气。 ⇄ 古文中用颸描寫光線或天氣。 (context domain-template; source metalinguistic-fallback; official mapping; domain-template; Classical descriptions of light or weather: a rare character associated with brightness, sky conditions, or atmospheric movement.)	"[""古文中用飔描写光线或天气。"",""古文中用颸描寫光線或天氣。""]"	"[""chinese"",""simplified-traditional"",""tghz2013"",""level-3"",""bidirectional"",""one-context-sentence"",""corner-case"",""hans-to-hant""]"
zh-tghz2013-level-3/7566-map-01/hant-to-hans	通用规范汉字表 第3级	vocabulary	7566	zh-Hant	zh-Hans	颸（颸字）	"[""飔（飔字）""]"	"[]"		"[""zh-tghz2013.7566"",""zh-tghz2013.7566.map-01""]"	"[]"	"[]"	sources/mappings.tsv	规范字编号 7566；对应码 7566_1	古文中用飔描写光线或天气。 ⇄ 古文中用颸描寫光線或天氣。 (context domain-template; source metalinguistic-fallback; official mapping; domain-template; Classical descriptions of light or weather: a rare character associated with brightness, sky conditions, or atmospheric movement.)	"[""古文中用飔描写光线或天气。"",""古文中用颸描寫光線或天氣。""]"	"[""chinese"",""simplified-traditional"",""tghz2013"",""level-3"",""bidirectional"",""one-context-sentence"",""corner-case"",""hant-to-hans""]"
zh-tghz2013-level-3/7568-map-01/hans-to-hant	通用规范汉字表 第3级	vocabulary	7568	zh-Hans	zh-Hant	𦝼（𦝼字）	"[""膢（膢字）""]"	"[]"		"[""zh-tghz2013.7568"",""zh-tghz2013.7568.map-01""]"	"[]"	"[]"	sources/mappings.tsv	规范字编号 7568；对应码 7568_1	古代医书中出现了𦝼。 ⇄ 古代醫書中出現了膢。 (context domain-template; source metalinguistic-fallback; official mapping; domain-template; Historical anatomy / medicine: a rare character associated with the body, teeth, or an anatomical term.)	"[""古代医书中出现了𦝼。"",""古代醫書中出現了膢。""]"	"[""chinese"",""simplified-traditional"",""tghz2013"",""level-3"",""bidirectional"",""one-context-sentence"",""corner-case"",""hans-to-hant""]"
zh-tghz2013-level-3/7568-map-01/hant-to-hans	通用规范汉字表 第3级	vocabulary	7568	zh-Hant	zh-Hans	膢（膢字）	"[""𦝼（𦝼字）""]"	"[]"		"[""zh-tghz2013.7568"",""zh-tghz2013.7568.map-01""]"	"[]"	"[]"	sources/mappings.tsv	规范字编号 7568；对应码 7568_1	古代医书中出现了𦝼。 ⇄ 古代醫書中出現了膢。 (context domain-template; source metalinguistic-fallback; official mapping; domain-template; Historical anatomy / medicine: a rare character associated with the body, teeth, or an anatomical term.)	"[""古代医书中出现了𦝼。"",""古代醫書中出現了膢。""]"	"[""chinese"",""simplified-traditional"",""tghz2013"",""level-3"",""bidirectional"",""one-context-sentence"",""corner-case"",""hant-to-hans""]"
zh-tghz2013-level-3/7569-map-01/hans-to-hant	通用规范汉字表 第3级	vocabulary	7569	zh-Hans	zh-Hant	馌（鸡鸣馌耕）	"[""饁（雞鳴饁耕）""]"	"[]"		"[""zh-tghz2013.7569"",""zh-tghz2013.7569.map-01""]"	"[]"	"[]"	sources/mappings.tsv	规范字编号 7569；对应码 7569_1	鸡鸣馌耕是一个成语或固定说法。 ⇄ 雞鳴饁耕是一個成語或固定說法。 (context authored-example; source project-authored; official mapping; lexical-context)	"[""鸡鸣馌耕是一个成语或固定说法。"",""雞鳴饁耕是一個成語或固定說法。""]"	"[""chinese"",""simplified-traditional"",""tghz2013"",""level-3"",""bidirectional"",""one-context-sentence"",""hans-to-hant""]"
zh-tghz2013-level-3/7569-map-01/hant-to-hans	通用规范汉字表 第3级	vocabulary	7569	zh-Hant	zh-Hans	饁（雞鳴饁耕）	"[""馌（鸡鸣馌耕）""]"	"[]"		"[""zh-tghz2013.7569"",""zh-tghz2013.7569.map-01""]"	"[]"	"[]"	sources/mappings.tsv	规范字编号 7569；对应码 7569_1	鸡鸣馌耕是一个成语或固定说法。 ⇄ 雞鳴饁耕是一個成語或固定說法。 (context authored-example; source project-authored; official mapping; lexical-context)	"[""鸡鸣馌耕是一个成语或固定说法。"",""雞鳴饁耕是一個成語或固定說法。""]"	"[""chinese"",""simplified-traditional"",""tghz2013"",""level-3"",""bidirectional"",""one-context-sentence"",""hant-to-hans""]"
zh-tghz2013-level-3/7573-map-01/hans-to-hant	通用规范汉字表 第3级	vocabulary	7573	zh-Hans	zh-Hant	瘅（彰善瘅恶）	"[""癉（彰善癉惡）""]"	"[]"		"[""zh-tghz2013.7573"",""zh-tghz2013.7573.map-01""]"	"[]"	"[]"	sources/mappings.tsv	规范字编号 7573；对应码 7573_1	彰善瘅恶是一个成语或固定说法。 ⇄ 彰善癉惡是一個成語或固定說法。 (context authored-example; source project-authored; official mapping; lexical-context)	"[""彰善瘅恶是一个成语或固定说法。"",""彰善癉惡是一個成語或固定說法。""]"	"[""chinese"",""simplified-traditional"",""tghz2013"",""level-3"",""bidirectional"",""one-context-sentence"",""hans-to-hant""]"
zh-tghz2013-level-3/7573-map-01/hant-to-hans	通用规范汉字表 第3级	vocabulary	7573	zh-Hant	zh-Hans	癉（彰善癉惡）	"[""瘅（彰善瘅恶）""]"	"[]"		"[""zh-tghz2013.7573"",""zh-tghz2013.7573.map-01""]"	"[]"	"[]"	sources/mappings.tsv	规范字编号 7573；对应码 7573_1	彰善瘅恶是一个成语或固定说法。 ⇄ 彰善癉惡是一個成語或固定說法。 (context authored-example; source project-authored; official mapping; lexical-context)	"[""彰善瘅恶是一个成语或固定说法。"",""彰善癉惡是一個成語或固定說法。""]"	"[""chinese"",""simplified-traditional"",""tghz2013"",""level-3"",""bidirectional"",""one-context-sentence"",""hant-to-hans""]"
zh-tghz2013-level-3/7575-map-01/hans-to-hant	通用规范汉字表 第3级	vocabulary	7575	zh-Hans	zh-Hant	鹒（鸧鹒）	"[""鶊（鶬鶊）""]"	"[]"		"[""zh-tghz2013.7575"",""zh-tghz2013.7575.map-01""]"	"[]"	"[]"	sources/mappings.tsv	规范字编号 7575；对应码 7575_1	鸧鹒是一种鸟。 ⇄ 鶬鶊是一種鳥。 (context authored-example; source project-authored; official mapping; lexical-context)	"[""鸧鹒是一种鸟。"",""鶬鶊是一種鳥。""]"	"[""chinese"",""simplified-traditional"",""tghz2013"",""level-3"",""bidirectional"",""one-context-sentence"",""hans-to-hant""]"
zh-tghz2013-level-3/7575-map-01/hant-to-hans	通用规范汉字表 第3级	vocabulary	7575	zh-Hant	zh-Hans	鶊（鶬鶊）	"[""鹒（鸧鹒）""]"	"[]"		"[""zh-tghz2013.7575"",""zh-tghz2013.7575.map-01""]"	"[]"	"[]"	sources/mappings.tsv	规范字编号 7575；对应码 7575_1	鸧鹒是一种鸟。 ⇄ 鶬鶊是一種鳥。 (context authored-example; source project-authored; official mapping; lexical-context)	"[""鸧鹒是一种鸟。"",""鶬鶊是一種鳥。""]"	"[""chinese"",""simplified-traditional"",""tghz2013"",""level-3"",""bidirectional"",""one-context-sentence"",""hant-to-hans""]"
zh-tghz2013-level-3/7579-map-01/hans-to-hant	通用规范汉字表 第3级	vocabulary	7579	zh-Hans	zh-Hant	阘（阘字）	"[""闒（闒字）""]"	"[]"		"[""zh-tghz2013.7579"",""zh-tghz2013.7579.map-01""]"	"[]"	"[]"	sources/mappings.tsv	规范字编号 7579；对应码 7579_1	楼上的阘已经关好。 ⇄ 樓上的闒已經關好。 (context curated-domain; source metalinguistic-fallback; official mapping; curated-domain; Historical architecture: an upper-storey door or window.)	"[""楼上的阘已经关好。"",""樓上的闒已經關好。""]"	"[""chinese"",""simplified-traditional"",""tghz2013"",""level-3"",""bidirectional"",""one-context-sentence"",""corner-case"",""hans-to-hant""]"
zh-tghz2013-level-3/7579-map-01/hant-to-hans	通用规范汉字表 第3级	vocabulary	7579	zh-Hant	zh-Hans	闒（闒字）	"[""阘（阘字）""]"	"[]"		"[""zh-tghz2013.7579"",""zh-tghz2013.7579.map-01""]"	"[]"	"[]"	sources/mappings.tsv	规范字编号 7579；对应码 7579_1	楼上的阘已经关好。 ⇄ 樓上的闒已經關好。 (context curated-domain; source metalinguistic-fallback; official mapping; curated-domain; Historical architecture: an upper-storey door or window.)	"[""楼上的阘已经关好。"",""樓上的闒已經關好。""]"	"[""chinese"",""simplified-traditional"",""tghz2013"",""level-3"",""bidirectional"",""one-context-sentence"",""corner-case"",""hant-to-hans""]"
zh-tghz2013-level-3/7580-map-01/hans-to-hant	通用规范汉字表 第3级	vocabulary	7580	zh-Hans	zh-Hant	𫔶（𫔶字）	"[""闑（闑字）""]"	"[]"		"[""zh-tghz2013.7580"",""zh-tghz2013.7580.map-01""]"	"[]"	"[]"	sources/mappings.tsv	规范字编号 7580；对应码 7580_1	古代建筑记录中出现了𫔶。 ⇄ 古代建築記錄中出現了闑。 (context domain-template; source metalinguistic-fallback; official mapping; domain-template; Historical architecture: a rare character associated with a gate, room, structure, architectural fitting, or decorative support.)	"[""古代建筑记录中出现了𫔶。"",""古代建築記錄中出現了闑。""]"	"[""chinese"",""simplified-traditional"",""tghz2013"",""level-3"",""bidirectional"",""one-context-sentence"",""corner-case"",""hans-to-hant""]"
zh-tghz2013-level-3/7580-map-01/hant-to-hans	通用规范汉字表 第3级	vocabulary	7580	zh-Hant	zh-Hans	闑（闑字）	"[""𫔶（𫔶字）""]"	"[]"		"[""zh-tghz2013.7580"",""zh-tghz2013.7580.map-01""]"	"[]"	"[]"	sources/mappings.tsv	规范字编号 7580；对应码 7580_1	古代建筑记录中出现了𫔶。 ⇄ 古代建築記錄中出現了闑。 (context domain-template; source metalinguistic-fallback; official mapping; domain-template; Historical architecture: a rare character associated with a gate, room, structure, architectural fitting, or decorative support.)	"[""古代建筑记录中出现了𫔶。"",""古代建築記錄中出現了闑。""]"	"[""chinese"",""simplified-traditional"",""tghz2013"",""level-3"",""bidirectional"",""one-context-sentence"",""corner-case"",""hant-to-hans""]"
zh-tghz2013-level-3/7587-map-01/hans-to-hant	通用规范汉字表 第3级	vocabulary	7587	zh-Hans	zh-Hant	滠（滠字）	"[""灄（灄字）""]"	"[]"		"[""zh-tghz2013.7587"",""zh-tghz2013.7587.map-01""]"	"[]"	"[]"	sources/mappings.tsv	规范字编号 7587；对应码 7587_1	地方志中记载了滠。 ⇄ 地方志中記載了灄。 (context domain-template; source metalinguistic-fallback; official mapping; domain-template; Historical geography / hydrology: a rare water-related character used for a river, water feature, sound, or flow.)	"[""地方志中记载了滠。"",""地方志中記載了灄。""]"	"[""chinese"",""simplified-traditional"",""tghz2013"",""level-3"",""bidirectional"",""one-context-sentence"",""corner-case"",""hans-to-hant""]"
zh-tghz2013-level-3/7587-map-01/hant-to-hans	通用规范汉字表 第3级	vocabulary	7587	zh-Hant	zh-Hans	灄（灄字）	"[""滠（滠字）""]"	"[]"		"[""zh-tghz2013.7587"",""zh-tghz2013.7587.map-01""]"	"[]"	"[]"	sources/mappings.tsv	规范字编号 7587；对应码 7587_1	地方志中记载了滠。 ⇄ 地方志中記載了灄。 (context domain-template; source metalinguistic-fallback; official mapping; domain-template; Historical geography / hydrology: a rare water-related character used for a river, water feature, sound, or flow.)	"[""地方志中记载了滠。"",""地方志中記載了灄。""]"	"[""chinese"",""simplified-traditional"",""tghz2013"",""level-3"",""bidirectional"",""one-context-sentence"",""corner-case"",""hant-to-hans""]"
zh-tghz2013-level-3/7602-map-01/hans-to-hant	通用规范汉字表 第3级	vocabulary	7602	zh-Hans	zh-Hant	𫌀（𫌀字）	"[""襀（襀字）""]"	"[]"		"[""zh-tghz2013.7602"",""zh-tghz2013.7602.map-01""]"	"[]"	"[]"	sources/mappings.tsv	规范字编号 7602；对应码 7602_1	古代服饰记录中出现了𫌀。 ⇄ 古代服飾記錄中出現了襀。 (context domain-template; source metalinguistic-fallback; official mapping; domain-template; Historical clothing and material culture: a rare character associated with garments or dress.)	"[""古代服饰记录中出现了𫌀。"",""古代服飾記錄中出現了襀。""]"	"[""chinese"",""simplified-traditional"",""tghz2013"",""level-3"",""bidirectional"",""one-context-sentence"",""corner-case"",""hans-to-hant""]"
zh-tghz2013-level-3/7602-map-01/hant-to-hans	通用规范汉字表 第3级	vocabulary	7602	zh-Hant	zh-Hans	襀（襀字）	"[""𫌀（𫌀字）""]"	"[]"		"[""zh-tghz2013.7602"",""zh-tghz2013.7602.map-01""]"	"[]"	"[]"	sources/mappings.tsv	规范字编号 7602；对应码 7602_1	古代服饰记录中出现了𫌀。 ⇄ 古代服飾記錄中出現了襀。 (context domain-template; source metalinguistic-fallback; official mapping; domain-template; Historical clothing and material culture: a rare character associated with garments or dress.)	"[""古代服饰记录中出现了𫌀。"",""古代服飾記錄中出現了襀。""]"	"[""chinese"",""simplified-traditional"",""tghz2013"",""level-3"",""bidirectional"",""one-context-sentence"",""corner-case"",""hant-to-hans""]"
zh-tghz2013-level-3/7608-map-01/hans-to-hant	通用规范汉字表 第3级	vocabulary	7608	zh-Hans	zh-Hant	谫（肤见谫识）	"[""謭（膚見謭識）""]"	"[]"		"[""zh-tghz2013.7608"",""zh-tghz2013.7608.map-01""]"	"[]"	"[]"	sources/mappings.tsv	规范字编号 7608；对应码 7608_1	肤见谫识是一个成语或固定说法。 ⇄ 膚見謭識是一個成語或固定說法。 (context authored-example; source project-authored; official mapping; lexical-context)	"[""肤见谫识是一个成语或固定说法。"",""膚見謭識是一個成語或固定說法。""]"	"[""chinese"",""simplified-traditional"",""tghz2013"",""level-3"",""bidirectional"",""one-context-sentence"",""hans-to-hant""]"
zh-tghz2013-level-3/7608-map-01/hant-to-hans	通用规范汉字表 第3级	vocabulary	7608	zh-Hant	zh-Hans	謭（膚見謭識）	"[""谫（肤见谫识）""]"	"[]"		"[""zh-tghz2013.7608"",""zh-tghz2013.7608.map-01""]"	"[]"	"[]"	sources/mappings.tsv	规范字编号 7608；对应码 7608_1	肤见谫识是一个成语或固定说法。 ⇄ 膚見謭識是一個成語或固定說法。 (context authored-example; source project-authored; official mapping; lexical-context)	"[""肤见谫识是一个成语或固定说法。"",""膚見謭識是一個成語或固定說法。""]"	"[""chinese"",""simplified-traditional"",""tghz2013"",""level-3"",""bidirectional"",""one-context-sentence"",""hant-to-hans""]"
zh-tghz2013-level-3/7609-map-01/hans-to-hant	通用规范汉字表 第3级	vocabulary	7609	zh-Hans	zh-Hant	鹔（鹔鹴）	"[""鷫（鷫鸘）""]"	"[]"		"[""zh-tghz2013.7609"",""zh-tghz2013.7609.map-01""]"	"[]"	"[]"	sources/mappings.tsv	规范字编号 7609；对应码 7609_1	鹔鹴是一种鸟。 ⇄ 鷫鸘是一種鳥。 (context authored-example; source project-authored; official mapping; lexical-context)	"[""鹔鹴是一种鸟。"",""鷫鸘是一種鳥。""]"	"[""chinese"",""simplified-traditional"",""tghz2013"",""level-3"",""bidirectional"",""one-context-sentence"",""hans-to-hant""]"
zh-tghz2013-level-3/7609-map-01/hant-to-hans	通用规范汉字表 第3级	vocabulary	7609	zh-Hant	zh-Hans	鷫（鷫鸘）	"[""鹔（鹔鹴）""]"	"[]"		"[""zh-tghz2013.7609"",""zh-tghz2013.7609.map-01""]"	"[]"	"[]"	sources/mappings.tsv	规范字编号 7609；对应码 7609_1	鹔鹴是一种鸟。 ⇄ 鷫鸘是一種鳥。 (context authored-example; source project-authored; official mapping; lexical-context)	"[""鹔鹴是一种鸟。"",""鷫鸘是一種鳥。""]"	"[""chinese"",""simplified-traditional"",""tghz2013"",""level-3"",""bidirectional"",""one-context-sentence"",""hant-to-hans""]"
zh-tghz2013-level-3/7610-map-01/hans-to-hant	通用规范汉字表 第3级	vocabulary	7610	zh-Hans	zh-Hant	𫖳（𫖳字）	"[""頵（頵字）""]"	"[]"		"[""zh-tghz2013.7610"",""zh-tghz2013.7610.map-01""]"	"[]"	"[]"	sources/mappings.tsv	规范字编号 7610；对应码 7610_1	旧文用𫖳描写大头。 ⇄ 舊文用頵描寫大頭。 (context curated-domain; source metalinguistic-fallback; official mapping; curated-domain; Regional physical-description vocabulary: a rare character associated with a large head.)	"[""旧文用𫖳描写大头。"",""舊文用頵描寫大頭。""]"	"[""chinese"",""simplified-traditional"",""tghz2013"",""level-3"",""bidirectional"",""one-context-sentence"",""corner-case"",""hans-to-hant""]"
zh-tghz2013-level-3/7610-map-01/hant-to-hans	通用规范汉字表 第3级	vocabulary	7610	zh-Hant	zh-Hans	頵（頵字）	"[""𫖳（𫖳字）""]"	"[]"		"[""zh-tghz2013.7610"",""zh-tghz2013.7610.map-01""]"	"[]"	"[]"	sources/mappings.tsv	规范字编号 7610；对应码 7610_1	旧文用𫖳描写大头。 ⇄ 舊文用頵描寫大頭。 (context curated-domain; source metalinguistic-fallback; official mapping; curated-domain; Regional physical-description vocabulary: a rare character associated with a large head.)	"[""旧文用𫖳描写大头。"",""舊文用頵描寫大頭。""]"	"[""chinese"",""simplified-traditional"",""tghz2013"",""level-3"",""bidirectional"",""one-context-sentence"",""corner-case"",""hant-to-hans""]"
zh-tghz2013-level-3/7617-map-01/hans-to-hant	通用规范汉字表 第3级	vocabulary	7617	zh-Hans	zh-Hant	𫘪（𫘪字）	"[""騵（騵字）""]"	"[]"		"[""zh-tghz2013.7617"",""zh-tghz2013.7617.map-01""]"	"[]"	"[]"	sources/mappings.tsv	规范字编号 7617；对应码 7617_1	古籍中用𫘪描述马匹。 ⇄ 古籍中用騵描述馬匹。 (context domain-template; source metalinguistic-fallback; official mapping; domain-template; Historical transport / equine terminology: a rare character associated with horses, riding, or carriage travel.)	"[""古籍中用𫘪描述马匹。"",""古籍中用騵描述馬匹。""]"	"[""chinese"",""simplified-traditional"",""tghz2013"",""level-3"",""bidirectional"",""one-context-sentence"",""corner-case"",""hans-to-hant""]"
zh-tghz2013-level-3/7617-map-01/hant-to-hans	通用规范汉字表 第3级	vocabulary	7617	zh-Hant	zh-Hans	騵（騵字）	"[""𫘪（𫘪字）""]"	"[]"		"[""zh-tghz2013.7617"",""zh-tghz2013.7617.map-01""]"	"[]"	"[]"	sources/mappings.tsv	规范字编号 7617；对应码 7617_1	古籍中用𫘪描述马匹。 ⇄ 古籍中用騵描述馬匹。 (context domain-template; source metalinguistic-fallback; official mapping; domain-template; Historical transport / equine terminology: a rare character associated with horses, riding, or carriage travel.)	"[""古籍中用𫘪描述马匹。"",""古籍中用騵描述馬匹。""]"	"[""chinese"",""simplified-traditional"",""tghz2013"",""level-3"",""bidirectional"",""one-context-sentence"",""corner-case"",""hant-to-hans""]"
zh-tghz2013-level-3/7618-map-01/hans-to-hant	通用规范汉字表 第3级	vocabulary	7618	zh-Hans	zh-Hant	𫘬（𫘬字）	"[""騱（騱字）""]"	"[]"		"[""zh-tghz2013.7618"",""zh-tghz2013.7618.map-01""]"	"[]"	"[]"	sources/mappings.tsv	规范字编号 7618；对应码 7618_1	古籍中用𫘬描述马匹。 ⇄ 古籍中用騱描述馬匹。 (context domain-template; source metalinguistic-fallback; official mapping; domain-template; Historical transport / equine terminology: a rare character associated with horses, riding, or carriage travel.)	"[""古籍中用𫘬描述马匹。"",""古籍中用騱描述馬匹。""]"	"[""chinese"",""simplified-traditional"",""tghz2013"",""level-3"",""bidirectional"",""one-context-sentence"",""corner-case"",""hans-to-hant""]"
zh-tghz2013-level-3/7618-map-01/hant-to-hans	通用规范汉字表 第3级	vocabulary	7618	zh-Hant	zh-Hans	騱（騱字）	"[""𫘬（𫘬字）""]"	"[]"		"[""zh-tghz2013.7618"",""zh-tghz2013.7618.map-01""]"	"[]"	"[]"	sources/mappings.tsv	规范字编号 7618；对应码 7618_1	古籍中用𫘬描述马匹。 ⇄ 古籍中用騱描述馬匹。 (context domain-template; source metalinguistic-fallback; official mapping; domain-template; Historical transport / equine terminology: a rare character associated with horses, riding, or carriage travel.)	"[""古籍中用𫘬描述马匹。"",""古籍中用騱描述馬匹。""]"	"[""chinese"",""simplified-traditional"",""tghz2013"",""level-3"",""bidirectional"",""one-context-sentence"",""corner-case"",""hant-to-hans""]"
zh-tghz2013-level-3/7619-map-01/hans-to-hant	通用规范汉字表 第3级	vocabulary	7619	zh-Hans	zh-Hant	缞（缞字）	"[""縗（縗字）""]"	"[]"		"[""zh-tghz2013.7619"",""zh-tghz2013.7619.map-01""]"	"[]"	"[]"	sources/mappings.tsv	规范字编号 7619；对应码 7619_1	古代织物记录中出现了缞。 ⇄ 古代織物記錄中出現了縗。 (context domain-template; source metalinguistic-fallback; official mapping; domain-template; Traditional textiles / cordage: a rare character associated with fibres, silk, thread, rope, or textile production.)	"[""古代织物记录中出现了缞。"",""古代織物記錄中出現了縗。""]"	"[""chinese"",""simplified-traditional"",""tghz2013"",""level-3"",""bidirectional"",""one-context-sentence"",""corner-case"",""hans-to-hant""]"
zh-tghz2013-level-3/7619-map-01/hant-to-hans	通用规范汉字表 第3级	vocabulary	7619	zh-Hant	zh-Hans	縗（縗字）	"[""缞（缞字）""]"	"[]"		"[""zh-tghz2013.7619"",""zh-tghz2013.7619.map-01""]"	"[]"	"[]"	sources/mappings.tsv	规范字编号 7619；对应码 7619_1	古代织物记录中出现了缞。 ⇄ 古代織物記錄中出現了縗。 (context domain-template; source metalinguistic-fallback; official mapping; domain-template; Traditional textiles / cordage: a rare character associated with fibres, silk, thread, rope, or textile production.)	"[""古代织物记录中出现了缞。"",""古代織物記錄中出現了縗。""]"	"[""chinese"",""simplified-traditional"",""tghz2013"",""level-3"",""bidirectional"",""one-context-sentence"",""corner-case"",""hant-to-hans""]"
zh-tghz2013-level-3/7622-map-01/hans-to-hant	通用规范汉字表 第3级	vocabulary	7622	zh-Hans	zh-Hant	𫞩（𫞩字）	"[""璊（璊字）""]"	"[]"		"[""zh-tghz2013.7622"",""zh-tghz2013.7622.map-01""]"	"[]"	"[]"	sources/mappings.tsv	规范字编号 7622；对应码 7622_1	古代玉器或人名记录中可见𫞩。 ⇄ 古代玉器或人名記錄中可見璊。 (context domain-template; source metalinguistic-fallback; official mapping; domain-template; Jade terminology / personal names: a rare character associated with jade, ornament, or name usage.)	"[""古代玉器或人名记录中可见𫞩。"",""古代玉器或人名記錄中可見璊。""]"	"[""chinese"",""simplified-traditional"",""tghz2013"",""level-3"",""bidirectional"",""one-context-sentence"",""corner-case"",""hans-to-hant""]"
zh-tghz2013-level-3/7622-map-01/hant-to-hans	通用规范汉字表 第3级	vocabulary	7622	zh-Hant	zh-Hans	璊（璊字）	"[""𫞩（𫞩字）""]"	"[]"		"[""zh-tghz2013.7622"",""zh-tghz2013.7622.map-01""]"	"[]"	"[]"	sources/mappings.tsv	规范字编号 7622；对应码 7622_1	古代玉器或人名记录中可见𫞩。 ⇄ 古代玉器或人名記錄中可見璊。 (context domain-template; source metalinguistic-fallback; official mapping; domain-template; Jade terminology / personal names: a rare character associated with jade, ornament, or name usage.)	"[""古代玉器或人名记录中可见𫞩。"",""古代玉器或人名記錄中可見璊。""]"	"[""chinese"",""simplified-traditional"",""tghz2013"",""level-3"",""bidirectional"",""one-context-sentence"",""corner-case"",""hant-to-hans""]"
zh-tghz2013-level-3/7625-map-01/hans-to-hant	通用规范汉字表 第3级	vocabulary	7625	zh-Hans	zh-Hant	瑷（瑷珲条约）	"[""璦（璦琿條約）""]"	"[]"		"[""zh-tghz2013.7625"",""zh-tghz2013.7625.map-01""]"	"[]"	"[]"	sources/mappings.tsv	规范字编号 7625；对应码 7625_1	瑷珲条约是一个成语或固定说法。 ⇄ 璦琿條約是一個成語或固定說法。 (context authored-example; source project-authored; official mapping; lexical-context)	"[""瑷珲条约是一个成语或固定说法。"",""璦琿條約是一個成語或固定說法。""]"	"[""chinese"",""simplified-traditional"",""tghz2013"",""level-3"",""bidirectional"",""one-context-sentence"",""hans-to-hant""]"
zh-tghz2013-level-3/7625-map-01/hant-to-hans	通用规范汉字表 第3级	vocabulary	7625	zh-Hant	zh-Hans	璦（璦琿條約）	"[""瑷（瑷珲条约）""]"	"[]"		"[""zh-tghz2013.7625"",""zh-tghz2013.7625.map-01""]"	"[]"	"[]"	sources/mappings.tsv	规范字编号 7625；对应码 7625_1	瑷珲条约是一个成语或固定说法。 ⇄ 璦琿條約是一個成語或固定說法。 (context authored-example; source project-authored; official mapping; lexical-context)	"[""瑷珲条约是一个成语或固定说法。"",""璦琿條約是一個成語或固定說法。""]"	"[""chinese"",""simplified-traditional"",""tghz2013"",""level-3"",""bidirectional"",""one-context-sentence"",""hant-to-hans""]"
zh-tghz2013-level-3/7644-map-01/hans-to-hant	通用规范汉字表 第3级	vocabulary	7644	zh-Hans	zh-Hant	蔹（白蔹）	"[""蘞（白蘞）""]"	"[]"		"[""zh-tghz2013.7644"",""zh-tghz2013.7644.map-01""]"	"[]"	"[]"	sources/mappings.tsv	规范字编号 7644；对应码 7644_1	白蔹是一种植物。 ⇄ 白蘞是一種植物。 (context authored-example; source project-authored; official mapping; lexical-context)	"[""白蔹是一种植物。"",""白蘞是一種植物。""]"	"[""chinese"",""simplified-traditional"",""tghz2013"",""level-3"",""bidirectional"",""one-context-sentence"",""hans-to-hant""]"
zh-tghz2013-level-3/7644-map-01/hant-to-hans	通用规范汉字表 第3级	vocabulary	7644	zh-Hant	zh-Hans	蘞（白蘞）	"[""蔹（白蔹）""]"	"[]"		"[""zh-tghz2013.7644"",""zh-tghz2013.7644.map-01""]"	"[]"	"[]"	sources/mappings.tsv	规范字编号 7644；对应码 7644_1	白蔹是一种植物。 ⇄ 白蘞是一種植物。 (context authored-example; source project-authored; official mapping; lexical-context)	"[""白蔹是一种植物。"",""白蘞是一種植物。""]"	"[""chinese"",""simplified-traditional"",""tghz2013"",""level-3"",""bidirectional"",""one-context-sentence"",""hant-to-hans""]"
zh-tghz2013-level-3/7649-map-01/hans-to-hant	通用规范汉字表 第3级	vocabulary	7649	zh-Hans	zh-Hant	槚（槚字）	"[""檟（檟字）""]"	"[]"		"[""zh-tghz2013.7649"",""zh-tghz2013.7649.map-01""]"	"[]"	"[]"	sources/mappings.tsv	规范字编号 7649；对应码 7649_1	古代木器或植物记录中可见槚。 ⇄ 古代木器或植物記錄中可見檟。 (context domain-template; source metalinguistic-fallback; official mapping; domain-template; Woodcraft / historical botany: a rare character associated with wood, a wooden object, or a plant name.)	"[""古代木器或植物记录中可见槚。"",""古代木器或植物記錄中可見檟。""]"	"[""chinese"",""simplified-traditional"",""tghz2013"",""level-3"",""bidirectional"",""one-context-sentence"",""corner-case"",""hans-to-hant""]"
zh-tghz2013-level-3/7649-map-01/hant-to-hans	通用规范汉字表 第3级	vocabulary	7649	zh-Hant	zh-Hans	檟（檟字）	"[""槚（槚字）""]"	"[]"		"[""zh-tghz2013.7649"",""zh-tghz2013.7649.map-01""]"	"[]"	"[]"	sources/mappings.tsv	规范字编号 7649；对应码 7649_1	古代木器或植物记录中可见槚。 ⇄ 古代木器或植物記錄中可見檟。 (context domain-template; source metalinguistic-fallback; official mapping; domain-template; Woodcraft / historical botany: a rare character associated with wood, a wooden object, or a plant name.)	"[""古代木器或植物记录中可见槚。"",""古代木器或植物記錄中可見檟。""]"	"[""chinese"",""simplified-traditional"",""tghz2013"",""level-3"",""bidirectional"",""one-context-sentence"",""corner-case"",""hant-to-hans""]"
zh-tghz2013-level-3/7650-map-01/hans-to-hant	通用规范汉字表 第3级	vocabulary	7650	zh-Hans	zh-Hant	𣗋（𣗋字）	"[""欓（欓字）""]"	"[]"		"[""zh-tghz2013.7650"",""zh-tghz2013.7650.map-01""]"	"[]"	"[]"	sources/mappings.tsv	规范字编号 7650；对应码 7650_1	古代木器或植物记录中可见𣗋。 ⇄ 古代木器或植物記錄中可見欓。 (context domain-template; source metalinguistic-fallback; official mapping; domain-template; Woodcraft / historical botany: a rare character associated with wood, a wooden object, or a plant name.)	"[""古代木器或植物记录中可见𣗋。"",""古代木器或植物記錄中可見欓。""]"	"[""chinese"",""simplified-traditional"",""tghz2013"",""level-3"",""bidirectional"",""one-context-sentence"",""corner-case"",""hans-to-hant""]"
zh-tghz2013-level-3/7650-map-01/hant-to-hans	通用规范汉字表 第3级	vocabulary	7650	zh-Hant	zh-Hans	欓（欓字）	"[""𣗋（𣗋字）""]"	"[]"		"[""zh-tghz2013.7650"",""zh-tghz2013.7650.map-01""]"	"[]"	"[]"	sources/mappings.tsv	规范字编号 7650；对应码 7650_1	古代木器或植物记录中可见𣗋。 ⇄ 古代木器或植物記錄中可見欓。 (context domain-template; source metalinguistic-fallback; official mapping; domain-template; Woodcraft / historical botany: a rare character associated with wood, a wooden object, or a plant name.)	"[""古代木器或植物记录中可见𣗋。"",""古代木器或植物記錄中可見欓。""]"	"[""chinese"",""simplified-traditional"",""tghz2013"",""level-3"",""bidirectional"",""one-context-sentence"",""corner-case"",""hant-to-hans""]"
zh-tghz2013-level-3/7654-map-01/hans-to-hant	通用规范汉字表 第3级	vocabulary	7654	zh-Hans	zh-Hant	𬸘（𬸘字）	"[""鶠（鶠字）""]"	"[]"		"[""zh-tghz2013.7654"",""zh-tghz2013.7654.map-01""]"	"[]"	"[]"	sources/mappings.tsv	规范字编号 7654；对应码 7654_1	图鉴中记录了𬸘这种鸟。 ⇄ 圖鑑中記錄了鶠這種鳥。 (context domain-template; source metalinguistic-fallback; official mapping; domain-template; Zoology / ornithology: a rare character used in the name of a bird or bird group.)	"[""图鉴中记录了𬸘这种鸟。"",""圖鑑中記錄了鶠這種鳥。""]"	"[""chinese"",""simplified-traditional"",""tghz2013"",""level-3"",""bidirectional"",""one-context-sentence"",""corner-case"",""hans-to-hant""]"
zh-tghz2013-level-3/7654-map-01/hant-to-hans	通用规范汉字表 第3级	vocabulary	7654	zh-Hant	zh-Hans	鶠（鶠字）	"[""𬸘（𬸘字）""]"	"[]"		"[""zh-tghz2013.7654"",""zh-tghz2013.7654.map-01""]"	"[]"	"[]"	sources/mappings.tsv	规范字编号 7654；对应码 7654_1	图鉴中记录了𬸘这种鸟。 ⇄ 圖鑑中記錄了鶠這種鳥。 (context domain-template; source metalinguistic-fallback; official mapping; domain-template; Zoology / ornithology: a rare character used in the name of a bird or bird group.)	"[""图鉴中记录了𬸘这种鸟。"",""圖鑑中記錄了鶠這種鳥。""]"	"[""chinese"",""simplified-traditional"",""tghz2013"",""level-3"",""bidirectional"",""one-context-sentence"",""corner-case"",""hant-to-hans""]"
zh-tghz2013-level-3/7656-map-01/hans-to-hant	通用规范汉字表 第3级	vocabulary	7656	zh-Hans	zh-Hant	酾（栉风酾雨）	"[""釃（櫛風釃雨）""]"	"[]"		"[""zh-tghz2013.7656"",""zh-tghz2013.7656.map-01""]"	"[]"	"[]"	sources/mappings.tsv	规范字编号 7656；对应码 7656_1	栉风酾雨是一个成语或固定说法。 ⇄ 櫛風釃雨是一個成語或固定說法。 (context authored-example; source project-authored; official mapping; lexical-context)	"[""栉风酾雨是一个成语或固定说法。"",""櫛風釃雨是一個成語或固定說法。""]"	"[""chinese"",""simplified-traditional"",""tghz2013"",""level-3"",""bidirectional"",""one-context-sentence"",""hans-to-hant""]"
zh-tghz2013-level-3/7656-map-01/hant-to-hans	通用规范汉字表 第3级	vocabulary	7656	zh-Hant	zh-Hans	釃（櫛風釃雨）	"[""酾（栉风酾雨）""]"	"[]"		"[""zh-tghz2013.7656"",""zh-tghz2013.7656.map-01""]"	"[]"	"[]"	sources/mappings.tsv	规范字编号 7656；对应码 7656_1	栉风酾雨是一个成语或固定说法。 ⇄ 櫛風釃雨是一個成語或固定說法。 (context authored-example; source project-authored; official mapping; lexical-context)	"[""栉风酾雨是一个成语或固定说法。"",""櫛風釃雨是一個成語或固定說法。""]"	"[""chinese"",""simplified-traditional"",""tghz2013"",""level-3"",""bidirectional"",""one-context-sentence"",""hant-to-hans""]"
zh-tghz2013-level-3/7661-map-01/hans-to-hant	通用规范汉字表 第3级	vocabulary	7661	zh-Hans	zh-Hant	𬒗（𬒗字）	"[""𥗽（𥗽字）""]"	"[]"		"[""zh-tghz2013.7661"",""zh-tghz2013.7661.map-01""]"	"[]"	"[]"	sources/mappings.tsv	规范字编号 7661；对应码 7661_1	古代石材记录中出现了𬒗。 ⇄ 古代石材記錄中出現了𥗽。 (context domain-template; source metalinguistic-fallback; official mapping; domain-template; Geology / historical stone terminology: a rare character associated with stone, rock, minerals, or their properties.)	"[""古代石材记录中出现了𬒗。"",""古代石材記錄中出現了𥗽。""]"	"[""chinese"",""simplified-traditional"",""tghz2013"",""level-3"",""bidirectional"",""one-context-sentence"",""corner-case"",""hans-to-hant""]"
zh-tghz2013-level-3/7661-map-01/hant-to-hans	通用规范汉字表 第3级	vocabulary	7661	zh-Hant	zh-Hans	𥗽（𥗽字）	"[""𬒗（𬒗字）""]"	"[]"		"[""zh-tghz2013.7661"",""zh-tghz2013.7661.map-01""]"	"[]"	"[]"	sources/mappings.tsv	规范字编号 7661；对应码 7661_1	古代石材记录中出现了𬒗。 ⇄ 古代石材記錄中出現了𥗽。 (context domain-template; source metalinguistic-fallback; official mapping; domain-template; Geology / historical stone terminology: a rare character associated with stone, rock, minerals, or their properties.)	"[""古代石材记录中出现了𬒗。"",""古代石材記錄中出現了𥗽。""]"	"[""chinese"",""simplified-traditional"",""tghz2013"",""level-3"",""bidirectional"",""one-context-sentence"",""corner-case"",""hant-to-hans""]"
zh-tghz2013-level-3/7667-map-01/hans-to-hant	通用规范汉字表 第3级	vocabulary	7667	zh-Hans	zh-Hant	𫚖（𫚖字）	"[""鮆（鮆字）""]"	"[]"		"[""zh-tghz2013.7667"",""zh-tghz2013.7667.map-01""]"	"[]"	"[]"	sources/mappings.tsv	规范字编号 7667；对应码 7667_1	图鉴中收录了𫚖这种鱼。 ⇄ 圖鑑中收錄了鮆這種魚。 (context domain-template; source metalinguistic-fallback; official mapping; domain-template; Zoology / ichthyology: a rare character used in the name of a fish or fish group.)	"[""图鉴中收录了𫚖这种鱼。"",""圖鑑中收錄了鮆這種魚。""]"	"[""chinese"",""simplified-traditional"",""tghz2013"",""level-3"",""bidirectional"",""one-context-sentence"",""corner-case"",""hans-to-hant""]"
zh-tghz2013-level-3/7667-map-01/hant-to-hans	通用规范汉字表 第3级	vocabulary	7667	zh-Hant	zh-Hans	鮆（鮆字）	"[""𫚖（𫚖字）""]"	"[]"		"[""zh-tghz2013.7667"",""zh-tghz2013.7667.map-01""]"	"[]"	"[]"	sources/mappings.tsv	规范字编号 7667；对应码 7667_1	图鉴中收录了𫚖这种鱼。 ⇄ 圖鑑中收錄了鮆這種魚。 (context domain-template; source metalinguistic-fallback; official mapping; domain-template; Zoology / ichthyology: a rare character used in the name of a fish or fish group.)	"[""图鉴中收录了𫚖这种鱼。"",""圖鑑中收錄了鮆這種魚。""]"	"[""chinese"",""simplified-traditional"",""tghz2013"",""level-3"",""bidirectional"",""one-context-sentence"",""corner-case"",""hant-to-hans""]"
zh-tghz2013-level-3/7668-map-01/hans-to-hant	通用规范汉字表 第3级	vocabulary	7668	zh-Hans	zh-Hant	䴗（大鹃䴗）	"[""鶪（大鵑鶪）""]"	"[]"		"[""zh-tghz2013.7668"",""zh-tghz2013.7668.map-01""]"	"[]"	"[]"	sources/mappings.tsv	规范字编号 7668；对应码 7668_1	大鹃䴗是一个较少见的词语。 ⇄ 大鵑鶪是一個較少見的詞語。 (context authored-example; source project-authored; official mapping; lexical-context)	"[""大鹃䴗是一个较少见的词语。"",""大鵑鶪是一個較少見的詞語。""]"	"[""chinese"",""simplified-traditional"",""tghz2013"",""level-3"",""bidirectional"",""one-context-sentence"",""hans-to-hant""]"
zh-tghz2013-level-3/7668-map-01/hant-to-hans	通用规范汉字表 第3级	vocabulary	7668	zh-Hant	zh-Hans	鶪（大鵑鶪）	"[""䴗（大鹃䴗）""]"	"[]"		"[""zh-tghz2013.7668"",""zh-tghz2013.7668.map-01""]"	"[]"	"[]"	sources/mappings.tsv	规范字编号 7668；对应码 7668_1	大鹃䴗是一个较少见的词语。 ⇄ 大鵑鶪是一個較少見的詞語。 (context authored-example; source project-authored; official mapping; lexical-context)	"[""大鹃䴗是一个较少见的词语。"",""大鵑鶪是一個較少見的詞語。""]"	"[""chinese"",""simplified-traditional"",""tghz2013"",""level-3"",""bidirectional"",""one-context-sentence"",""hant-to-hans""]"
zh-tghz2013-level-3/7671-map-01/hans-to-hant	通用规范汉字表 第3级	vocabulary	7671	zh-Hans	zh-Hant	鹖（鹖字）	"[""鶡（鶡字）""]"	"[]"		"[""zh-tghz2013.7671"",""zh-tghz2013.7671.map-01""]"	"[]"	"[]"	sources/mappings.tsv	规范字编号 7671；对应码 7671_1	图鉴中记录了鹖这种鸟。 ⇄ 圖鑑中記錄了鶡這種鳥。 (context domain-template; source metalinguistic-fallback; official mapping; domain-template; Zoology / ornithology: a rare character used in the name of a bird or bird group.)	"[""图鉴中记录了鹖这种鸟。"",""圖鑑中記錄了鶡這種鳥。""]"	"[""chinese"",""simplified-traditional"",""tghz2013"",""level-3"",""bidirectional"",""one-context-sentence"",""corner-case"",""hans-to-hant""]"
zh-tghz2013-level-3/7671-map-01/hant-to-hans	通用规范汉字表 第3级	vocabulary	7671	zh-Hant	zh-Hans	鶡（鶡字）	"[""鹖（鹖字）""]"	"[]"		"[""zh-tghz2013.7671"",""zh-tghz2013.7671.map-01""]"	"[]"	"[]"	sources/mappings.tsv	规范字编号 7671；对应码 7671_1	图鉴中记录了鹖这种鸟。 ⇄ 圖鑑中記錄了鶡這種鳥。 (context domain-template; source metalinguistic-fallback; official mapping; domain-template; Zoology / ornithology: a rare character used in the name of a bird or bird group.)	"[""图鉴中记录了鹖这种鸟。"",""圖鑑中記錄了鶡這種鳥。""]"	"[""chinese"",""simplified-traditional"",""tghz2013"",""level-3"",""bidirectional"",""one-context-sentence"",""corner-case"",""hant-to-hans""]"
zh-tghz2013-level-3/7678-map-01/hans-to-hant	通用规范汉字表 第3级	vocabulary	7678	zh-Hans	zh-Hant	𨱏（𨱏字）	"[""鎝（鎝字）""]"	"[]"		"[""zh-tghz2013.7678"",""zh-tghz2013.7678.map-01""]"	"[]"	"[]"	sources/mappings.tsv	规范字编号 7678；对应码 7678_1	金属器物或技术资料中可见𨱏。 ⇄ 金屬器物或技術資料中可見鎝。 (context domain-template; source metalinguistic-fallback; official mapping; domain-template; Metallurgy / historical material culture: a rare metal-radical character used for a metal, tool, weapon, vessel, ornament, or technical term.)	"[""金属器物或技术资料中可见𨱏。"",""金屬器物或技術資料中可見鎝。""]"	"[""chinese"",""simplified-traditional"",""tghz2013"",""level-3"",""bidirectional"",""one-context-sentence"",""corner-case"",""hans-to-hant""]"
zh-tghz2013-level-3/7678-map-01/hant-to-hans	通用规范汉字表 第3级	vocabulary	7678	zh-Hant	zh-Hans	鎝（鎝字）	"[""𨱏（𨱏字）""]"	"[]"		"[""zh-tghz2013.7678"",""zh-tghz2013.7678.map-01""]"	"[]"	"[]"	sources/mappings.tsv	规范字编号 7678；对应码 7678_1	金属器物或技术资料中可见𨱏。 ⇄ 金屬器物或技術資料中可見鎝。 (context domain-template; source metalinguistic-fallback; official mapping; domain-template; Metallurgy / historical material culture: a rare metal-radical character used for a metal, tool, weapon, vessel, ornament, or technical term.)	"[""金属器物或技术资料中可见𨱏。"",""金屬器物或技術資料中可見鎝。""]"	"[""chinese"",""simplified-traditional"",""tghz2013"",""level-3"",""bidirectional"",""one-context-sentence"",""corner-case"",""hant-to-hans""]"
zh-tghz2013-level-3/7679-map-01/hans-to-hant	通用规范汉字表 第3级	vocabulary	7679	zh-Hans	zh-Hant	锺（万锺）	"[""鍾（萬鍾）""]"	"[]"		"[""zh-tghz2013.7679"",""zh-tghz2013.7679.map-01""]"	"[]"	"[]"	sources/mappings.tsv	规范字编号 7679；对应码 7679_1	万锺是一个较少见的词语。 ⇄ 萬鍾是一個較少見的詞語。 (context authored-example; source project-authored; official mapping; lexical-context)	"[""万锺是一个较少见的词语。"",""萬鍾是一個較少見的詞語。""]"	"[""chinese"",""simplified-traditional"",""tghz2013"",""level-3"",""bidirectional"",""one-context-sentence"",""hans-to-hant""]"
zh-tghz2013-level-3/7679-map-01/hant-to-hans	通用规范汉字表 第3级	vocabulary	7679	zh-Hant	zh-Hans	鍾（萬鍾）	"[""锺（万锺）""]"	"[]"		"[""zh-tghz2013.7679"",""zh-tghz2013.7679.map-01""]"	"[]"	"[]"	sources/mappings.tsv	规范字编号 7679；对应码 7679_1	万锺是一个较少见的词语。 ⇄ 萬鍾是一個較少見的詞語。 (context authored-example; source project-authored; official mapping; lexical-context)	"[""万锺是一个较少见的词语。"",""萬鍾是一個較少見的詞語。""]"	"[""chinese"",""simplified-traditional"",""tghz2013"",""level-3"",""bidirectional"",""one-context-sentence"",""hant-to-hans""]"
zh-tghz2013-level-3/7680-map-01/hans-to-hant	通用规范汉字表 第3级	vocabulary	7680	zh-Hans	zh-Hant	锼（锼字）	"[""鎪（鎪字）""]"	"[]"		"[""zh-tghz2013.7680"",""zh-tghz2013.7680.map-01""]"	"[]"	"[]"	sources/mappings.tsv	规范字编号 7680；对应码 7680_1	金属器物或技术资料中可见锼。 ⇄ 金屬器物或技術資料中可見鎪。 (context domain-template; source metalinguistic-fallback; official mapping; domain-template; Metallurgy / historical material culture: a rare metal-radical character used for a metal, tool, weapon, vessel, ornament, or technical term.)	"[""金属器物或技术资料中可见锼。"",""金屬器物或技術資料中可見鎪。""]"	"[""chinese"",""simplified-traditional"",""tghz2013"",""level-3"",""bidirectional"",""one-context-sentence"",""corner-case"",""hans-to-hant""]"
zh-tghz2013-level-3/7680-map-01/hant-to-hans	通用规范汉字表 第3级	vocabulary	7680	zh-Hant	zh-Hans	鎪（鎪字）	"[""锼（锼字）""]"	"[]"		"[""zh-tghz2013.7680"",""zh-tghz2013.7680.map-01""]"	"[]"	"[]"	sources/mappings.tsv	规范字编号 7680；对应码 7680_1	金属器物或技术资料中可见锼。 ⇄ 金屬器物或技術資料中可見鎪。 (context domain-template; source metalinguistic-fallback; official mapping; domain-template; Metallurgy / historical material culture: a rare metal-radical character used for a metal, tool, weapon, vessel, ornament, or technical term.)	"[""金属器物或技术资料中可见锼。"",""金屬器物或技術資料中可見鎪。""]"	"[""chinese"",""simplified-traditional"",""tghz2013"",""level-3"",""bidirectional"",""one-context-sentence"",""corner-case"",""hant-to-hans""]"
zh-tghz2013-level-3/7681-map-01/hans-to-hant	通用规范汉字表 第3级	vocabulary	7681	zh-Hans	zh-Hant	锽（锽字）	"[""鍠（鍠字）""]"	"[]"		"[""zh-tghz2013.7681"",""zh-tghz2013.7681.map-01""]"	"[]"	"[]"	sources/mappings.tsv	规范字编号 7681；对应码 7681_1	金属器物或技术资料中可见锽。 ⇄ 金屬器物或技術資料中可見鍠。 (context domain-template; source metalinguistic-fallback; official mapping; domain-template; Metallurgy / historical material culture: a rare metal-radical character used for a metal, tool, weapon, vessel, ornament, or technical term.)	"[""金属器物或技术资料中可见锽。"",""金屬器物或技術資料中可見鍠。""]"	"[""chinese"",""simplified-traditional"",""tghz2013"",""level-3"",""bidirectional"",""one-context-sentence"",""corner-case"",""hans-to-hant""]"
zh-tghz2013-level-3/7681-map-01/hant-to-hans	通用规范汉字表 第3级	vocabulary	7681	zh-Hant	zh-Hans	鍠（鍠字）	"[""锽（锽字）""]"	"[]"		"[""zh-tghz2013.7681"",""zh-tghz2013.7681.map-01""]"	"[]"	"[]"	sources/mappings.tsv	规范字编号 7681；对应码 7681_1	金属器物或技术资料中可见锽。 ⇄ 金屬器物或技術資料中可見鍠。 (context domain-template; source metalinguistic-fallback; official mapping; domain-template; Metallurgy / historical material culture: a rare metal-radical character used for a metal, tool, weapon, vessel, ornament, or technical term.)	"[""金属器物或技术资料中可见锽。"",""金屬器物或技術資料中可見鍠。""]"	"[""chinese"",""simplified-traditional"",""tghz2013"",""level-3"",""bidirectional"",""one-context-sentence"",""corner-case"",""hant-to-hans""]"
zh-tghz2013-level-3/7682-map-01/hans-to-hant	通用规范汉字表 第3级	vocabulary	7682	zh-Hans	zh-Hant	𬭤（𬭤字）	"[""鍭（鍭字）""]"	"[]"		"[""zh-tghz2013.7682"",""zh-tghz2013.7682.map-01""]"	"[]"	"[]"	sources/mappings.tsv	规范字编号 7682；对应码 7682_1	金属器物或技术资料中可见𬭤。 ⇄ 金屬器物或技術資料中可見鍭。 (context domain-template; source metalinguistic-fallback; official mapping; domain-template; Metallurgy / historical material culture: a rare metal-radical character used for a metal, tool, weapon, vessel, ornament, or technical term.)	"[""金属器物或技术资料中可见𬭤。"",""金屬器物或技術資料中可見鍭。""]"	"[""chinese"",""simplified-traditional"",""tghz2013"",""level-3"",""bidirectional"",""one-context-sentence"",""corner-case"",""hans-to-hant""]"
zh-tghz2013-level-3/7682-map-01/hant-to-hans	通用规范汉字表 第3级	vocabulary	7682	zh-Hant	zh-Hans	鍭（鍭字）	"[""𬭤（𬭤字）""]"	"[]"		"[""zh-tghz2013.7682"",""zh-tghz2013.7682.map-01""]"	"[]"	"[]"	sources/mappings.tsv	规范字编号 7682；对应码 7682_1	金属器物或技术资料中可见𬭤。 ⇄ 金屬器物或技術資料中可見鍭。 (context domain-template; source metalinguistic-fallback; official mapping; domain-template; Metallurgy / historical material culture: a rare metal-radical character used for a metal, tool, weapon, vessel, ornament, or technical term.)	"[""金属器物或技术资料中可见𬭤。"",""金屬器物或技術資料中可見鍭。""]"	"[""chinese"",""simplified-traditional"",""tghz2013"",""level-3"",""bidirectional"",""one-context-sentence"",""corner-case"",""hant-to-hans""]"
zh-tghz2013-level-3/7683-map-01/hans-to-hant	通用规范汉字表 第3级	vocabulary	7683	zh-Hans	zh-Hant	锾（罚锾）	"[""鍰（罰鍰）""]"	"[]"		"[""zh-tghz2013.7683"",""zh-tghz2013.7683.map-01""]"	"[]"	"[]"	sources/mappings.tsv	规范字编号 7683；对应码 7683_1	罚锾是一个较少见的词语。 ⇄ 罰鍰是一個較少見的詞語。 (context authored-example; source project-authored; official mapping; lexical-context)	"[""罚锾是一个较少见的词语。"",""罰鍰是一個較少見的詞語。""]"	"[""chinese"",""simplified-traditional"",""tghz2013"",""level-3"",""bidirectional"",""one-context-sentence"",""hans-to-hant""]"
zh-tghz2013-level-3/7683-map-01/hant-to-hans	通用规范汉字表 第3级	vocabulary	7683	zh-Hant	zh-Hans	鍰（罰鍰）	"[""锾（罚锾）""]"	"[]"		"[""zh-tghz2013.7683"",""zh-tghz2013.7683.map-01""]"	"[]"	"[]"	sources/mappings.tsv	规范字编号 7683；对应码 7683_1	罚锾是一个较少见的词语。 ⇄ 罰鍰是一個較少見的詞語。 (context authored-example; source project-authored; official mapping; lexical-context)	"[""罚锾是一个较少见的词语。"",""罰鍰是一個較少見的詞語。""]"	"[""chinese"",""simplified-traditional"",""tghz2013"",""level-3"",""bidirectional"",""one-context-sentence"",""hant-to-hans""]"
zh-tghz2013-level-3/7684-map-01/hans-to-hant	通用规范汉字表 第3级	vocabulary	7684	zh-Hans	zh-Hant	锿（锿字）	"[""鎄（鎄字）""]"	"[]"		"[""zh-tghz2013.7684"",""zh-tghz2013.7684.map-01""]"	"[]"	"[]"	sources/mappings.tsv	规范字编号 7684；对应码 7684_1	实验记录中提到了锿。 ⇄ 實驗記錄中提到了鎄。 (context element-domain; source metalinguistic-fallback; official mapping; element-domain; Chemistry: einsteinium, a chemical element represented by this character in Chinese technical terminology.)	"[""实验记录中提到了锿。"",""實驗記錄中提到了鎄。""]"	"[""chinese"",""simplified-traditional"",""tghz2013"",""level-3"",""bidirectional"",""one-context-sentence"",""corner-case"",""hans-to-hant""]"
zh-tghz2013-level-3/7684-map-01/hant-to-hans	通用规范汉字表 第3级	vocabulary	7684	zh-Hant	zh-Hans	鎄（鎄字）	"[""锿（锿字）""]"	"[]"		"[""zh-tghz2013.7684"",""zh-tghz2013.7684.map-01""]"	"[]"	"[]"	sources/mappings.tsv	规范字编号 7684；对应码 7684_1	实验记录中提到了锿。 ⇄ 實驗記錄中提到了鎄。 (context element-domain; source metalinguistic-fallback; official mapping; element-domain; Chemistry: einsteinium, a chemical element represented by this character in Chinese technical terminology.)	"[""实验记录中提到了锿。"",""實驗記錄中提到了鎄。""]"	"[""chinese"",""simplified-traditional"",""tghz2013"",""level-3"",""bidirectional"",""one-context-sentence"",""corner-case"",""hant-to-hans""]"
zh-tghz2013-level-3/7685-map-01/hans-to-hant	通用规范汉字表 第3级	vocabulary	7685	zh-Hans	zh-Hant	镃（镃字）	"[""鎡（鎡字）""]"	"[]"		"[""zh-tghz2013.7685"",""zh-tghz2013.7685.map-01""]"	"[]"	"[]"	sources/mappings.tsv	规范字编号 7685；对应码 7685_1	金属器物或技术资料中可见镃。 ⇄ 金屬器物或技術資料中可見鎡。 (context domain-template; source metalinguistic-fallback; official mapping; domain-template; Metallurgy / historical material culture: a rare metal-radical character used for a metal, tool, weapon, vessel, ornament, or technical term.)	"[""金属器物或技术资料中可见镃。"",""金屬器物或技術資料中可見鎡。""]"	"[""chinese"",""simplified-traditional"",""tghz2013"",""level-3"",""bidirectional"",""one-context-sentence"",""corner-case"",""hans-to-hant""]"
zh-tghz2013-level-3/7685-map-01/hant-to-hans	通用规范汉字表 第3级	vocabulary	7685	zh-Hant	zh-Hans	鎡（鎡字）	"[""镃（镃字）""]"	"[]"		"[""zh-tghz2013.7685"",""zh-tghz2013.7685.map-01""]"	"[]"	"[]"	sources/mappings.tsv	规范字编号 7685；对应码 7685_1	金属器物或技术资料中可见镃。 ⇄ 金屬器物或技術資料中可見鎡。 (context domain-template; source metalinguistic-fallback; official mapping; domain-template; Metallurgy / historical material culture: a rare metal-radical character used for a metal, tool, weapon, vessel, ornament, or technical term.)	"[""金属器物或技术资料中可见镃。"",""金屬器物或技術資料中可見鎡。""]"	"[""chinese"",""simplified-traditional"",""tghz2013"",""level-3"",""bidirectional"",""one-context-sentence"",""corner-case"",""hant-to-hans""]"
zh-tghz2013-level-3/7686-map-01/hans-to-hant	通用规范汉字表 第3级	vocabulary	7686	zh-Hans	zh-Hant	镄（镄字）	"[""鐨（鐨字）""]"	"[]"		"[""zh-tghz2013.7686"",""zh-tghz2013.7686.map-01""]"	"[]"	"[]"	sources/mappings.tsv	规范字编号 7686；对应码 7686_1	实验记录中提到了镄。 ⇄ 實驗記錄中提到了鐨。 (context element-domain; source metalinguistic-fallback; official mapping; element-domain; Chemistry: fermium, a chemical element represented by this character in Chinese technical terminology.)	"[""实验记录中提到了镄。"",""實驗記錄中提到了鐨。""]"	"[""chinese"",""simplified-traditional"",""tghz2013"",""level-3"",""bidirectional"",""one-context-sentence"",""corner-case"",""hans-to-hant""]"
zh-tghz2013-level-3/7686-map-01/hant-to-hans	通用规范汉字表 第3级	vocabulary	7686	zh-Hant	zh-Hans	鐨（鐨字）	"[""镄（镄字）""]"	"[]"		"[""zh-tghz2013.7686"",""zh-tghz2013.7686.map-01""]"	"[]"	"[]"	sources/mappings.tsv	规范字编号 7686；对应码 7686_1	实验记录中提到了镄。 ⇄ 實驗記錄中提到了鐨。 (context element-domain; source metalinguistic-fallback; official mapping; element-domain; Chemistry: fermium, a chemical element represented by this character in Chinese technical terminology.)	"[""实验记录中提到了镄。"",""實驗記錄中提到了鐨。""]"	"[""chinese"",""simplified-traditional"",""tghz2013"",""level-3"",""bidirectional"",""one-context-sentence"",""corner-case"",""hant-to-hans""]"
zh-tghz2013-level-3/7687-map-01/hans-to-hant	通用规范汉字表 第3级	vocabulary	7687	zh-Hans	zh-Hant	镅（镅字）	"[""鎇（鎇字）""]"	"[]"		"[""zh-tghz2013.7687"",""zh-tghz2013.7687.map-01""]"	"[]"	"[]"	sources/mappings.tsv	规范字编号 7687；对应码 7687_1	实验记录中提到了镅。 ⇄ 實驗記錄中提到了鎇。 (context element-domain; source metalinguistic-fallback; official mapping; element-domain; Chemistry: americium, a chemical element represented by this character in Chinese technical terminology.)	"[""实验记录中提到了镅。"",""實驗記錄中提到了鎇。""]"	"[""chinese"",""simplified-traditional"",""tghz2013"",""level-3"",""bidirectional"",""one-context-sentence"",""corner-case"",""hans-to-hant""]"
zh-tghz2013-level-3/7687-map-01/hant-to-hans	通用规范汉字表 第3级	vocabulary	7687	zh-Hant	zh-Hans	鎇（鎇字）	"[""镅（镅字）""]"	"[]"		"[""zh-tghz2013.7687"",""zh-tghz2013.7687.map-01""]"	"[]"	"[]"	sources/mappings.tsv	规范字编号 7687；对应码 7687_1	实验记录中提到了镅。 ⇄ 實驗記錄中提到了鎇。 (context element-domain; source metalinguistic-fallback; official mapping; element-domain; Chemistry: americium, a chemical element represented by this character in Chinese technical terminology.)	"[""实验记录中提到了镅。"",""實驗記錄中提到了鎇。""]"	"[""chinese"",""simplified-traditional"",""tghz2013"",""level-3"",""bidirectional"",""one-context-sentence"",""corner-case"",""hant-to-hans""]"
zh-tghz2013-level-3/7689-map-01/hans-to-hant	通用规范汉字表 第3级	vocabulary	7689	zh-Hans	zh-Hant	鹙（鹙鹭）	"[""鶖（鶖鷺）""]"	"[]"		"[""zh-tghz2013.7689"",""zh-tghz2013.7689.map-01""]"	"[]"	"[]"	sources/mappings.tsv	规范字编号 7689；对应码 7689_1	鹙鹭是一种鸟。 ⇄ 鶖鷺是一種鳥。 (context authored-example; source project-authored; official mapping; lexical-context)	"[""鹙鹭是一种鸟。"",""鶖鷺是一種鳥。""]"	"[""chinese"",""simplified-traditional"",""tghz2013"",""level-3"",""bidirectional"",""one-context-sentence"",""hans-to-hant""]"
zh-tghz2013-level-3/7689-map-01/hant-to-hans	通用规范汉字表 第3级	vocabulary	7689	zh-Hant	zh-Hans	鶖（鶖鷺）	"[""鹙（鹙鹭）""]"	"[]"		"[""zh-tghz2013.7689"",""zh-tghz2013.7689.map-01""]"	"[]"	"[]"	sources/mappings.tsv	规范字编号 7689；对应码 7689_1	鹙鹭是一种鸟。 ⇄ 鶖鷺是一種鳥。 (context authored-example; source project-authored; official mapping; lexical-context)	"[""鹙鹭是一种鸟。"",""鶖鷺是一種鳥。""]"	"[""chinese"",""simplified-traditional"",""tghz2013"",""level-3"",""bidirectional"",""one-context-sentence"",""hant-to-hans""]"
zh-tghz2013-level-3/7690-map-01/hans-to-hant	通用规范汉字表 第3级	vocabulary	7690	zh-Hans	zh-Hant	箨（箨字）	"[""籜（籜字）""]"	"[]"		"[""zh-tghz2013.7690"",""zh-tghz2013.7690.map-01""]"	"[]"	"[]"	sources/mappings.tsv	规范字编号 7690；对应码 7690_1	本草书中记载了箨。 ⇄ 本草書中記載了籜。 (context domain-template; source metalinguistic-fallback; official mapping; domain-template; Botany / traditional materia medica: a rare character used in a plant name or botanical description.)	"[""本草书中记载了箨。"",""本草書中記載了籜。""]"	"[""chinese"",""simplified-traditional"",""tghz2013"",""level-3"",""bidirectional"",""one-context-sentence"",""corner-case"",""hans-to-hant""]"
zh-tghz2013-level-3/7690-map-01/hant-to-hans	通用规范汉字表 第3级	vocabulary	7690	zh-Hant	zh-Hans	籜（籜字）	"[""箨（箨字）""]"	"[]"		"[""zh-tghz2013.7690"",""zh-tghz2013.7690.map-01""]"	"[]"	"[]"	sources/mappings.tsv	规范字编号 7690；对应码 7690_1	本草书中记载了箨。 ⇄ 本草書中記載了籜。 (context domain-template; source metalinguistic-fallback; official mapping; domain-template; Botany / traditional materia medica: a rare character used in a plant name or botanical description.)	"[""本草书中记载了箨。"",""本草書中記載了籜。""]"	"[""chinese"",""simplified-traditional"",""tghz2013"",""level-3"",""bidirectional"",""one-context-sentence"",""corner-case"",""hant-to-hans""]"
zh-tghz2013-level-3/7699-map-01/hans-to-hant	通用规范汉字表 第3级	vocabulary	7699	zh-Hans	zh-Hant	鲒（鲒字）	"[""鮚（鮚字）""]"	"[]"		"[""zh-tghz2013.7699"",""zh-tghz2013.7699.map-01""]"	"[]"	"[]"	sources/mappings.tsv	规范字编号 7699；对应码 7699_1	图鉴中收录了鲒这种鱼。 ⇄ 圖鑑中收錄了鮚這種魚。 (context domain-template; source metalinguistic-fallback; official mapping; domain-template; Zoology / ichthyology: a rare character used in the name of a fish or fish group.)	"[""图鉴中收录了鲒这种鱼。"",""圖鑑中收錄了鮚這種魚。""]"	"[""chinese"",""simplified-traditional"",""tghz2013"",""level-3"",""bidirectional"",""one-context-sentence"",""corner-case"",""hans-to-hant""]"
zh-tghz2013-level-3/7699-map-01/hant-to-hans	通用规范汉字表 第3级	vocabulary	7699	zh-Hant	zh-Hans	鮚（鮚字）	"[""鲒（鲒字）""]"	"[]"		"[""zh-tghz2013.7699"",""zh-tghz2013.7699.map-01""]"	"[]"	"[]"	sources/mappings.tsv	规范字编号 7699；对应码 7699_1	图鉴中收录了鲒这种鱼。 ⇄ 圖鑑中收錄了鮚這種魚。 (context domain-template; source metalinguistic-fallback; official mapping; domain-template; Zoology / ichthyology: a rare character used in the name of a fish or fish group.)	"[""图鉴中收录了鲒这种鱼。"",""圖鑑中收錄了鮚這種魚。""]"	"[""chinese"",""simplified-traditional"",""tghz2013"",""level-3"",""bidirectional"",""one-context-sentence"",""corner-case"",""hant-to-hans""]"
zh-tghz2013-level-3/7700-map-01/hans-to-hant	通用规范汉字表 第3级	vocabulary	7700	zh-Hans	zh-Hant	鲕（鲕字）	"[""鮞（鮞字）""]"	"[]"		"[""zh-tghz2013.7700"",""zh-tghz2013.7700.map-01""]"	"[]"	"[]"	sources/mappings.tsv	规范字编号 7700；对应码 7700_1	图鉴中收录了鲕这种鱼。 ⇄ 圖鑑中收錄了鮞這種魚。 (context domain-template; source metalinguistic-fallback; official mapping; domain-template; Zoology / ichthyology: a rare character used in the name of a fish or fish group.)	"[""图鉴中收录了鲕这种鱼。"",""圖鑑中收錄了鮞這種魚。""]"	"[""chinese"",""simplified-traditional"",""tghz2013"",""level-3"",""bidirectional"",""one-context-sentence"",""corner-case"",""hans-to-hant""]"
zh-tghz2013-level-3/7700-map-01/hant-to-hans	通用规范汉字表 第3级	vocabulary	7700	zh-Hant	zh-Hans	鮞（鮞字）	"[""鲕（鲕字）""]"	"[]"		"[""zh-tghz2013.7700"",""zh-tghz2013.7700.map-01""]"	"[]"	"[]"	sources/mappings.tsv	规范字编号 7700；对应码 7700_1	图鉴中收录了鲕这种鱼。 ⇄ 圖鑑中收錄了鮞這種魚。 (context domain-template; source metalinguistic-fallback; official mapping; domain-template; Zoology / ichthyology: a rare character used in the name of a fish or fish group.)	"[""图鉴中收录了鲕这种鱼。"",""圖鑑中收錄了鮞這種魚。""]"	"[""chinese"",""simplified-traditional"",""tghz2013"",""level-3"",""bidirectional"",""one-context-sentence"",""corner-case"",""hant-to-hans""]"
zh-tghz2013-level-3/7701-map-01/hans-to-hant	通用规范汉字表 第3级	vocabulary	7701	zh-Hans	zh-Hant	𫚕（𫚕字）	"[""鰤（鰤字）""]"	"[]"		"[""zh-tghz2013.7701"",""zh-tghz2013.7701.map-01""]"	"[]"	"[]"	sources/mappings.tsv	规范字编号 7701；对应码 7701_1	图鉴中收录了𫚕这种鱼。 ⇄ 圖鑑中收錄了鰤這種魚。 (context domain-template; source metalinguistic-fallback; official mapping; domain-template; Zoology / ichthyology: a rare character used in the name of a fish or fish group.)	"[""图鉴中收录了𫚕这种鱼。"",""圖鑑中收錄了鰤這種魚。""]"	"[""chinese"",""simplified-traditional"",""tghz2013"",""level-3"",""bidirectional"",""one-context-sentence"",""corner-case"",""hans-to-hant""]"
zh-tghz2013-level-3/7701-map-01/hant-to-hans	通用规范汉字表 第3级	vocabulary	7701	zh-Hant	zh-Hans	鰤（鰤字）	"[""𫚕（𫚕字）""]"	"[]"		"[""zh-tghz2013.7701"",""zh-tghz2013.7701.map-01""]"	"[]"	"[]"	sources/mappings.tsv	规范字编号 7701；对应码 7701_1	图鉴中收录了𫚕这种鱼。 ⇄ 圖鑑中收錄了鰤這種魚。 (context domain-template; source metalinguistic-fallback; official mapping; domain-template; Zoology / ichthyology: a rare character used in the name of a fish or fish group.)	"[""图鉴中收录了𫚕这种鱼。"",""圖鑑中收錄了鰤這種魚。""]"	"[""chinese"",""simplified-traditional"",""tghz2013"",""level-3"",""bidirectional"",""one-context-sentence"",""corner-case"",""hant-to-hans""]"
zh-tghz2013-level-3/7702-map-01/hans-to-hant	通用规范汉字表 第3级	vocabulary	7702	zh-Hans	zh-Hant	鲖（鲖字）	"[""鮦（鮦字）""]"	"[]"		"[""zh-tghz2013.7702"",""zh-tghz2013.7702.map-01""]"	"[]"	"[]"	sources/mappings.tsv	规范字编号 7702；对应码 7702_1	图鉴中收录了鲖这种鱼。 ⇄ 圖鑑中收錄了鮦這種魚。 (context domain-template; source metalinguistic-fallback; official mapping; domain-template; Zoology / ichthyology: a rare character used in the name of a fish or fish group.)	"[""图鉴中收录了鲖这种鱼。"",""圖鑑中收錄了鮦這種魚。""]"	"[""chinese"",""simplified-traditional"",""tghz2013"",""level-3"",""bidirectional"",""one-context-sentence"",""corner-case"",""hans-to-hant""]"
zh-tghz2013-level-3/7702-map-01/hant-to-hans	通用规范汉字表 第3级	vocabulary	7702	zh-Hant	zh-Hans	鮦（鮦字）	"[""鲖（鲖字）""]"	"[]"		"[""zh-tghz2013.7702"",""zh-tghz2013.7702.map-01""]"	"[]"	"[]"	sources/mappings.tsv	规范字编号 7702；对应码 7702_1	图鉴中收录了鲖这种鱼。 ⇄ 圖鑑中收錄了鮦這種魚。 (context domain-template; source metalinguistic-fallback; official mapping; domain-template; Zoology / ichthyology: a rare character used in the name of a fish or fish group.)	"[""图鉴中收录了鲖这种鱼。"",""圖鑑中收錄了鮦這種魚。""]"	"[""chinese"",""simplified-traditional"",""tghz2013"",""level-3"",""bidirectional"",""one-context-sentence"",""corner-case"",""hant-to-hans""]"
zh-tghz2013-level-3/7703-map-01/hans-to-hant	通用规范汉字表 第3级	vocabulary	7703	zh-Hans	zh-Hant	鲗（鲗鱼涌）	"[""鰂（鰂魚涌）""]"	"[]"		"[""zh-tghz2013.7703"",""zh-tghz2013.7703.map-01""]"	"[]"	"[]"	sources/mappings.tsv	规范字编号 7703；对应码 7703_1	鲗鱼涌是一个地名。 ⇄ 鰂魚涌是一個地名。 (context authored-example; source project-authored; official mapping; lexical-context)	"[""鲗鱼涌是一个地名。"",""鰂魚涌是一個地名。""]"	"[""chinese"",""simplified-traditional"",""tghz2013"",""level-3"",""bidirectional"",""one-context-sentence"",""hans-to-hant""]"
zh-tghz2013-level-3/7703-map-01/hant-to-hans	通用规范汉字表 第3级	vocabulary	7703	zh-Hant	zh-Hans	鰂（鰂魚涌）	"[""鲗（鲗鱼涌）""]"	"[]"		"[""zh-tghz2013.7703"",""zh-tghz2013.7703.map-01""]"	"[]"	"[]"	sources/mappings.tsv	规范字编号 7703；对应码 7703_1	鲗鱼涌是一个地名。 ⇄ 鰂魚涌是一個地名。 (context authored-example; source project-authored; official mapping; lexical-context)	"[""鲗鱼涌是一个地名。"",""鰂魚涌是一個地名。""]"	"[""chinese"",""simplified-traditional"",""tghz2013"",""level-3"",""bidirectional"",""one-context-sentence"",""hant-to-hans""]"
zh-tghz2013-level-3/7704-map-01/hans-to-hant	通用规范汉字表 第3级	vocabulary	7704	zh-Hans	zh-Hant	鲘（鲘字）	"[""鮜（鮜字）""]"	"[]"		"[""zh-tghz2013.7704"",""zh-tghz2013.7704.map-01""]"	"[]"	"[]"	sources/mappings.tsv	规范字编号 7704；对应码 7704_1	图鉴中收录了鲘这种鱼。 ⇄ 圖鑑中收錄了鮜這種魚。 (context domain-template; source metalinguistic-fallback; official mapping; domain-template; Zoology / ichthyology: a rare character used in the name of a fish or fish group.)	"[""图鉴中收录了鲘这种鱼。"",""圖鑑中收錄了鮜這種魚。""]"	"[""chinese"",""simplified-traditional"",""tghz2013"",""level-3"",""bidirectional"",""one-context-sentence"",""corner-case"",""hans-to-hant""]"
zh-tghz2013-level-3/7704-map-01/hant-to-hans	通用规范汉字表 第3级	vocabulary	7704	zh-Hant	zh-Hans	鮜（鮜字）	"[""鲘（鲘字）""]"	"[]"		"[""zh-tghz2013.7704"",""zh-tghz2013.7704.map-01""]"	"[]"	"[]"	sources/mappings.tsv	规范字编号 7704；对应码 7704_1	图鉴中收录了鲘这种鱼。 ⇄ 圖鑑中收錄了鮜這種魚。 (context domain-template; source metalinguistic-fallback; official mapping; domain-template; Zoology / ichthyology: a rare character used in the name of a fish or fish group.)	"[""图鉴中收录了鲘这种鱼。"",""圖鑑中收錄了鮜這種魚。""]"	"[""chinese"",""simplified-traditional"",""tghz2013"",""level-3"",""bidirectional"",""one-context-sentence"",""corner-case"",""hant-to-hans""]"
zh-tghz2013-level-3/7705-map-01/hans-to-hant	通用规范汉字表 第3级	vocabulary	7705	zh-Hans	zh-Hant	鲙（鲙鱼）	"[""鱠（鱠魚）""]"	"[]"		"[""zh-tghz2013.7705"",""zh-tghz2013.7705.map-01""]"	"[]"	"[]"	sources/mappings.tsv	规范字编号 7705；对应码 7705_1	鲙鱼是一种鱼类或水生动物。 ⇄ 鱠魚是一種魚類或水生動物。 (context authored-example; source project-authored; official mapping; lexical-context)	"[""鲙鱼是一种鱼类或水生动物。"",""鱠魚是一種魚類或水生動物。""]"	"[""chinese"",""simplified-traditional"",""tghz2013"",""level-3"",""bidirectional"",""one-context-sentence"",""hans-to-hant""]"
zh-tghz2013-level-3/7705-map-01/hant-to-hans	通用规范汉字表 第3级	vocabulary	7705	zh-Hant	zh-Hans	鱠（鱠魚）	"[""鲙（鲙鱼）""]"	"[]"		"[""zh-tghz2013.7705"",""zh-tghz2013.7705.map-01""]"	"[]"	"[]"	sources/mappings.tsv	规范字编号 7705；对应码 7705_1	鲙鱼是一种鱼类或水生动物。 ⇄ 鱠魚是一種魚類或水生動物。 (context authored-example; source project-authored; official mapping; lexical-context)	"[""鲙鱼是一种鱼类或水生动物。"",""鱠魚是一種魚類或水生動物。""]"	"[""chinese"",""simplified-traditional"",""tghz2013"",""level-3"",""bidirectional"",""one-context-sentence"",""hant-to-hans""]"
zh-tghz2013-level-3/7706-map-01/hans-to-hant	通用规范汉字表 第3级	vocabulary	7706	zh-Hans	zh-Hant	𬶐（𬶐字）	"[""鮡（鮡字）""]"	"[]"		"[""zh-tghz2013.7706"",""zh-tghz2013.7706.map-01""]"	"[]"	"[]"	sources/mappings.tsv	规范字编号 7706；对应码 7706_1	图鉴中收录了𬶐这种鱼。 ⇄ 圖鑑中收錄了鮡這種魚。 (context domain-template; source metalinguistic-fallback; official mapping; domain-template; Zoology / ichthyology: a rare character used in the name of a fish or fish group.)	"[""图鉴中收录了𬶐这种鱼。"",""圖鑑中收錄了鮡這種魚。""]"	"[""chinese"",""simplified-traditional"",""tghz2013"",""level-3"",""bidirectional"",""one-context-sentence"",""corner-case"",""hans-to-hant""]"
zh-tghz2013-level-3/7706-map-01/hant-to-hans	通用规范汉字表 第3级	vocabulary	7706	zh-Hant	zh-Hans	鮡（鮡字）	"[""𬶐（𬶐字）""]"	"[]"		"[""zh-tghz2013.7706"",""zh-tghz2013.7706.map-01""]"	"[]"	"[]"	sources/mappings.tsv	规范字编号 7706；对应码 7706_1	图鉴中收录了𬶐这种鱼。 ⇄ 圖鑑中收錄了鮡這種魚。 (context domain-template; source metalinguistic-fallback; official mapping; domain-template; Zoology / ichthyology: a rare character used in the name of a fish or fish group.)	"[""图鉴中收录了𬶐这种鱼。"",""圖鑑中收錄了鮡這種魚。""]"	"[""chinese"",""simplified-traditional"",""tghz2013"",""level-3"",""bidirectional"",""one-context-sentence"",""corner-case"",""hant-to-hans""]"
zh-tghz2013-level-3/7707-map-01/hans-to-hant	通用规范汉字表 第3级	vocabulary	7707	zh-Hans	zh-Hant	𬶏（𬶏字）	"[""鮠（鮠字）""]"	"[]"		"[""zh-tghz2013.7707"",""zh-tghz2013.7707.map-01""]"	"[]"	"[]"	sources/mappings.tsv	规范字编号 7707；对应码 7707_1	图鉴中收录了𬶏这种鱼。 ⇄ 圖鑑中收錄了鮠這種魚。 (context domain-template; source metalinguistic-fallback; official mapping; domain-template; Zoology / ichthyology: a rare character used in the name of a fish or fish group.)	"[""图鉴中收录了𬶏这种鱼。"",""圖鑑中收錄了鮠這種魚。""]"	"[""chinese"",""simplified-traditional"",""tghz2013"",""level-3"",""bidirectional"",""one-context-sentence"",""corner-case"",""hans-to-hant""]"
zh-tghz2013-level-3/7707-map-01/hant-to-hans	通用规范汉字表 第3级	vocabulary	7707	zh-Hant	zh-Hans	鮠（鮠字）	"[""𬶏（𬶏字）""]"	"[]"		"[""zh-tghz2013.7707"",""zh-tghz2013.7707.map-01""]"	"[]"	"[]"	sources/mappings.tsv	规范字编号 7707；对应码 7707_1	图鉴中收录了𬶏这种鱼。 ⇄ 圖鑑中收錄了鮠這種魚。 (context domain-template; source metalinguistic-fallback; official mapping; domain-template; Zoology / ichthyology: a rare character used in the name of a fish or fish group.)	"[""图鉴中收录了𬶏这种鱼。"",""圖鑑中收錄了鮠這種魚。""]"	"[""chinese"",""simplified-traditional"",""tghz2013"",""level-3"",""bidirectional"",""one-context-sentence"",""corner-case"",""hant-to-hans""]"
zh-tghz2013-level-3/7708-map-01/hans-to-hant	通用规范汉字表 第3级	vocabulary	7708	zh-Hans	zh-Hant	𩽾（𩽾𩾌）	"[""鮟（鮟鱇）""]"	"[]"		"[""zh-tghz2013.7708"",""zh-tghz2013.7708.map-01""]"	"[]"	"[]"	sources/mappings.tsv	规范字编号 7708；对应码 7708_1	𩽾𩾌是一个较少见的词语。 ⇄ 鮟鱇是一個較少見的詞語。 (context authored-example; source project-authored; official mapping; lexical-context)	"[""𩽾𩾌是一个较少见的词语。"",""鮟鱇是一個較少見的詞語。""]"	"[""chinese"",""simplified-traditional"",""tghz2013"",""level-3"",""bidirectional"",""one-context-sentence"",""hans-to-hant""]"
zh-tghz2013-level-3/7708-map-01/hant-to-hans	通用规范汉字表 第3级	vocabulary	7708	zh-Hant	zh-Hans	鮟（鮟鱇）	"[""𩽾（𩽾𩾌）""]"	"[]"		"[""zh-tghz2013.7708"",""zh-tghz2013.7708.map-01""]"	"[]"	"[]"	sources/mappings.tsv	规范字编号 7708；对应码 7708_1	𩽾𩾌是一个较少见的词语。 ⇄ 鮟鱇是一個較少見的詞語。 (context authored-example; source project-authored; official mapping; lexical-context)	"[""𩽾𩾌是一个较少见的词语。"",""鮟鱇是一個較少見的詞語。""]"	"[""chinese"",""simplified-traditional"",""tghz2013"",""level-3"",""bidirectional"",""one-context-sentence"",""hant-to-hans""]"
zh-tghz2013-level-3/7711-map-01/hans-to-hant	通用规范汉字表 第3级	vocabulary	7711	zh-Hans	zh-Hant	飗（飗字）	"[""飀（飀字）""]"	"[]"		"[""zh-tghz2013.7711"",""zh-tghz2013.7711.map-01""]"	"[]"	"[]"	sources/mappings.tsv	规范字编号 7711；对应码 7711_1	古文中用飗描写光线或天气。 ⇄ 古文中用飀描寫光線或天氣。 (context domain-template; source metalinguistic-fallback; official mapping; domain-template; Classical descriptions of light or weather: a rare character associated with brightness, sky conditions, or atmospheric movement.)	"[""古文中用飗描写光线或天气。"",""古文中用飀描寫光線或天氣。""]"	"[""chinese"",""simplified-traditional"",""tghz2013"",""level-3"",""bidirectional"",""one-context-sentence"",""corner-case"",""hans-to-hant""]"
zh-tghz2013-level-3/7711-map-01/hant-to-hans	通用规范汉字表 第3级	vocabulary	7711	zh-Hant	zh-Hans	飀（飀字）	"[""飗（飗字）""]"	"[]"		"[""zh-tghz2013.7711"",""zh-tghz2013.7711.map-01""]"	"[]"	"[]"	sources/mappings.tsv	规范字编号 7711；对应码 7711_1	古文中用飗描写光线或天气。 ⇄ 古文中用飀描寫光線或天氣。 (context domain-template; source metalinguistic-fallback; official mapping; domain-template; Classical descriptions of light or weather: a rare character associated with brightness, sky conditions, or atmospheric movement.)	"[""古文中用飗描写光线或天气。"",""古文中用飀描寫光線或天氣。""]"	"[""chinese"",""simplified-traditional"",""tghz2013"",""level-3"",""bidirectional"",""one-context-sentence"",""corner-case"",""hant-to-hans""]"
zh-tghz2013-level-3/7712-map-01/hans-to-hant	通用规范汉字表 第3级	vocabulary	7712	zh-Hans	zh-Hant	𬸚（𬸚字）	"[""鸑（鸑字）""]"	"[]"		"[""zh-tghz2013.7712"",""zh-tghz2013.7712.map-01""]"	"[]"	"[]"	sources/mappings.tsv	规范字编号 7712；对应码 7712_1	图鉴中记录了𬸚这种鸟。 ⇄ 圖鑑中記錄了鸑這種鳥。 (context domain-template; source metalinguistic-fallback; official mapping; domain-template; Zoology / ornithology: a rare character used in the name of a bird or bird group.)	"[""图鉴中记录了𬸚这种鸟。"",""圖鑑中記錄了鸑這種鳥。""]"	"[""chinese"",""simplified-traditional"",""tghz2013"",""level-3"",""bidirectional"",""one-context-sentence"",""corner-case"",""hans-to-hant""]"
zh-tghz2013-level-3/7712-map-01/hant-to-hans	通用规范汉字表 第3级	vocabulary	7712	zh-Hant	zh-Hans	鸑（鸑字）	"[""𬸚（𬸚字）""]"	"[]"		"[""zh-tghz2013.7712"",""zh-tghz2013.7712.map-01""]"	"[]"	"[]"	sources/mappings.tsv	规范字编号 7712；对应码 7712_1	图鉴中记录了𬸚这种鸟。 ⇄ 圖鑑中記錄了鸑這種鳥。 (context domain-template; source metalinguistic-fallback; official mapping; domain-template; Zoology / ornithology: a rare character used in the name of a bird or bird group.)	"[""图鉴中记录了𬸚这种鸟。"",""圖鑑中記錄了鸑這種鳥。""]"	"[""chinese"",""simplified-traditional"",""tghz2013"",""level-3"",""bidirectional"",""one-context-sentence"",""corner-case"",""hant-to-hans""]"
zh-tghz2013-level-3/7716-map-01/hans-to-hant	通用规范汉字表 第3级	vocabulary	7716	zh-Hans	zh-Hant	瘗（瘗玉埋香）	"[""瘞（瘞玉埋香）""]"	"[]"		"[""zh-tghz2013.7716"",""zh-tghz2013.7716.map-01""]"	"[]"	"[]"	sources/mappings.tsv	规范字编号 7716；对应码 7716_1	瘗玉埋香是一个成语或固定说法。 ⇄ 瘞玉埋香是一個成語或固定說法。 (context authored-example; source project-authored; official mapping; lexical-context)	"[""瘗玉埋香是一个成语或固定说法。"",""瘞玉埋香是一個成語或固定說法。""]"	"[""chinese"",""simplified-traditional"",""tghz2013"",""level-3"",""bidirectional"",""one-context-sentence"",""hans-to-hant""]"
zh-tghz2013-level-3/7716-map-01/hant-to-hans	通用规范汉字表 第3级	vocabulary	7716	zh-Hant	zh-Hans	瘞（瘞玉埋香）	"[""瘗（瘗玉埋香）""]"	"[]"		"[""zh-tghz2013.7716"",""zh-tghz2013.7716.map-01""]"	"[]"	"[]"	sources/mappings.tsv	规范字编号 7716；对应码 7716_1	瘗玉埋香是一个成语或固定说法。 ⇄ 瘞玉埋香是一個成語或固定說法。 (context authored-example; source project-authored; official mapping; lexical-context)	"[""瘗玉埋香是一个成语或固定说法。"",""瘞玉埋香是一個成語或固定說法。""]"	"[""chinese"",""simplified-traditional"",""tghz2013"",""level-3"",""bidirectional"",""one-context-sentence"",""hant-to-hans""]"
zh-tghz2013-level-3/7719-map-01/hans-to-hant	通用规范汉字表 第3级	vocabulary	7719	zh-Hans	zh-Hant	鲝（鲝字）	"[""鮺（鮺字）""]"	"[]"		"[""zh-tghz2013.7719"",""zh-tghz2013.7719.map-01""]"	"[]"	"[]"	sources/mappings.tsv	规范字编号 7719；对应码 7719_1	图鉴中收录了鲝这种鱼。 ⇄ 圖鑑中收錄了鮺這種魚。 (context domain-template; source metalinguistic-fallback; official mapping; domain-template; Zoology / ichthyology: a rare character used in the name of a fish or fish group.)	"[""图鉴中收录了鲝这种鱼。"",""圖鑑中收錄了鮺這種魚。""]"	"[""chinese"",""simplified-traditional"",""tghz2013"",""level-3"",""bidirectional"",""one-context-sentence"",""corner-case"",""hans-to-hant""]"
zh-tghz2013-level-3/7719-map-01/hant-to-hans	通用规范汉字表 第3级	vocabulary	7719	zh-Hant	zh-Hans	鮺（鮺字）	"[""鲝（鲝字）""]"	"[]"		"[""zh-tghz2013.7719"",""zh-tghz2013.7719.map-01""]"	"[]"	"[]"	sources/mappings.tsv	规范字编号 7719；对应码 7719_1	图鉴中收录了鲝这种鱼。 ⇄ 圖鑑中收錄了鮺這種魚。 (context domain-template; source metalinguistic-fallback; official mapping; domain-template; Zoology / ichthyology: a rare character used in the name of a fish or fish group.)	"[""图鉴中收录了鲝这种鱼。"",""圖鑑中收錄了鮺這種魚。""]"	"[""chinese"",""simplified-traditional"",""tghz2013"",""level-3"",""bidirectional"",""one-context-sentence"",""corner-case"",""hant-to-hans""]"
zh-tghz2013-level-3/7724-map-01/hans-to-hant	通用规范汉字表 第3级	vocabulary	7724	zh-Hans	zh-Hant	潆（潆字）	"[""瀠（瀠字）""]"	"[]"		"[""zh-tghz2013.7724"",""zh-tghz2013.7724.map-01""]"	"[]"	"[]"	sources/mappings.tsv	规范字编号 7724；对应码 7724_1	地方志中记载了潆。 ⇄ 地方志中記載了瀠。 (context domain-template; source metalinguistic-fallback; official mapping; domain-template; Historical geography / hydrology: a rare water-related character used for a river, water feature, sound, or flow.)	"[""地方志中记载了潆。"",""地方志中記載了瀠。""]"	"[""chinese"",""simplified-traditional"",""tghz2013"",""level-3"",""bidirectional"",""one-context-sentence"",""corner-case"",""hans-to-hant""]"
zh-tghz2013-level-3/7724-map-01/hant-to-hans	通用规范汉字表 第3级	vocabulary	7724	zh-Hant	zh-Hans	瀠（瀠字）	"[""潆（潆字）""]"	"[]"		"[""zh-tghz2013.7724"",""zh-tghz2013.7724.map-01""]"	"[]"	"[]"	sources/mappings.tsv	规范字编号 7724；对应码 7724_1	地方志中记载了潆。 ⇄ 地方志中記載了瀠。 (context domain-template; source metalinguistic-fallback; official mapping; domain-template; Historical geography / hydrology: a rare water-related character used for a river, water feature, sound, or flow.)	"[""地方志中记载了潆。"",""地方志中記載了瀠。""]"	"[""chinese"",""simplified-traditional"",""tghz2013"",""level-3"",""bidirectional"",""one-context-sentence"",""corner-case"",""hant-to-hans""]"
zh-tghz2013-level-3/7735-map-01/hans-to-hant	通用规范汉字表 第3级	vocabulary	7735	zh-Hans	zh-Hant	窭（窭字）	"[""窶（窶字）""]"	"[]"		"[""zh-tghz2013.7735"",""zh-tghz2013.7735.map-01""]"	"[]"	"[]"	sources/mappings.tsv	规范字编号 7735；对应码 7735_1	古文中可见窭。 ⇄ 古文中可見窶。 (context domain-template; source metalinguistic-fallback; official mapping; domain-template; Classical Chinese vocabulary: a rare character used in older descriptions of people, actions, states, sounds, or qualities.)	"[""古文中可见窭。"",""古文中可見窶。""]"	"[""chinese"",""simplified-traditional"",""tghz2013"",""level-3"",""bidirectional"",""one-context-sentence"",""corner-case"",""hans-to-hant""]"
zh-tghz2013-level-3/7735-map-01/hant-to-hans	通用规范汉字表 第3级	vocabulary	7735	zh-Hant	zh-Hans	窶（窶字）	"[""窭（窭字）""]"	"[]"		"[""zh-tghz2013.7735"",""zh-tghz2013.7735.map-01""]"	"[]"	"[]"	sources/mappings.tsv	规范字编号 7735；对应码 7735_1	古文中可见窭。 ⇄ 古文中可見窶。 (context domain-template; source metalinguistic-fallback; official mapping; domain-template; Classical Chinese vocabulary: a rare character used in older descriptions of people, actions, states, sounds, or qualities.)	"[""古文中可见窭。"",""古文中可見窶。""]"	"[""chinese"",""simplified-traditional"",""tghz2013"",""level-3"",""bidirectional"",""one-context-sentence"",""corner-case"",""hant-to-hans""]"
zh-tghz2013-level-3/7737-map-01/hans-to-hant	通用规范汉字表 第3级	vocabulary	7737	zh-Hans	zh-Hant	𬤝（𬤝字）	"[""譓（譓字）""]"	"[]"		"[""zh-tghz2013.7737"",""zh-tghz2013.7737.map-01""]"	"[]"	"[]"	sources/mappings.tsv	规范字编号 7737；对应码 7737_1	古文中可见𬤝。 ⇄ 古文中可見譓。 (context domain-template; source metalinguistic-fallback; official mapping; domain-template; Classical Chinese rhetoric / language: a rare speech-related character used in older vocabulary or writing.)	"[""古文中可见𬤝。"",""古文中可見譓。""]"	"[""chinese"",""simplified-traditional"",""tghz2013"",""level-3"",""bidirectional"",""one-context-sentence"",""corner-case"",""hans-to-hant""]"
zh-tghz2013-level-3/7737-map-01/hant-to-hans	通用规范汉字表 第3级	vocabulary	7737	zh-Hant	zh-Hans	譓（譓字）	"[""𬤝（𬤝字）""]"	"[]"		"[""zh-tghz2013.7737"",""zh-tghz2013.7737.map-01""]"	"[]"	"[]"	sources/mappings.tsv	规范字编号 7737；对应码 7737_1	古文中可见𬤝。 ⇄ 古文中可見譓。 (context domain-template; source metalinguistic-fallback; official mapping; domain-template; Classical Chinese rhetoric / language: a rare speech-related character used in older vocabulary or writing.)	"[""古文中可见𬤝。"",""古文中可見譓。""]"	"[""chinese"",""simplified-traditional"",""tghz2013"",""level-3"",""bidirectional"",""one-context-sentence"",""corner-case"",""hant-to-hans""]"
zh-tghz2013-level-3/7746-map-01/hans-to-hant	通用规范汉字表 第3级	vocabulary	7746	zh-Hans	zh-Hant	𬙂（𬙂字）	"[""縯（縯字）""]"	"[]"		"[""zh-tghz2013.7746"",""zh-tghz2013.7746.map-01""]"	"[]"	"[]"	sources/mappings.tsv	规范字编号 7746；对应码 7746_1	古代织物记录中出现了𬙂。 ⇄ 古代織物記錄中出現了縯。 (context domain-template; source metalinguistic-fallback; official mapping; domain-template; Traditional textiles / cordage: a rare character associated with fibres, silk, thread, rope, or textile production.)	"[""古代织物记录中出现了𬙂。"",""古代織物記錄中出現了縯。""]"	"[""chinese"",""simplified-traditional"",""tghz2013"",""level-3"",""bidirectional"",""one-context-sentence"",""corner-case"",""hans-to-hant""]"
zh-tghz2013-level-3/7746-map-01/hant-to-hans	通用规范汉字表 第3级	vocabulary	7746	zh-Hant	zh-Hans	縯（縯字）	"[""𬙂（𬙂字）""]"	"[]"		"[""zh-tghz2013.7746"",""zh-tghz2013.7746.map-01""]"	"[]"	"[]"	sources/mappings.tsv	规范字编号 7746；对应码 7746_1	古代织物记录中出现了𬙂。 ⇄ 古代織物記錄中出現了縯。 (context domain-template; source metalinguistic-fallback; official mapping; domain-template; Traditional textiles / cordage: a rare character associated with fibres, silk, thread, rope, or textile production.)	"[""古代织物记录中出现了𬙂。"",""古代織物記錄中出現了縯。""]"	"[""chinese"",""simplified-traditional"",""tghz2013"",""level-3"",""bidirectional"",""one-context-sentence"",""corner-case"",""hant-to-hans""]"
zh-tghz2013-level-3/7748-map-01/hans-to-hant	通用规范汉字表 第3级	vocabulary	7748	zh-Hans	zh-Hant	麹（麹义）	"[""麴（麴義）""]"	"[]"		"[""zh-tghz2013.7748"",""zh-tghz2013.7748.map-01""]"	"[]"	"[]"	sources/mappings.tsv	规范字编号 7748；对应码 7748_1	麹义是一个人名。 ⇄ 麴義是一個人名。 (context authored-example; source project-authored; official mapping; lexical-context)	"[""麹义是一个人名。"",""麴義是一個人名。""]"	"[""chinese"",""simplified-traditional"",""tghz2013"",""level-3"",""bidirectional"",""one-context-sentence"",""hans-to-hant""]"
zh-tghz2013-level-3/7748-map-01/hant-to-hans	通用规范汉字表 第3级	vocabulary	7748	zh-Hant	zh-Hans	麴（麴義）	"[""麹（麹义）""]"	"[]"		"[""zh-tghz2013.7748"",""zh-tghz2013.7748.map-01""]"	"[]"	"[]"	sources/mappings.tsv	规范字编号 7748；对应码 7748_1	麹义是一个人名。 ⇄ 麴義是一個人名。 (context authored-example; source project-authored; official mapping; lexical-context)	"[""麹义是一个人名。"",""麴義是一個人名。""]"	"[""chinese"",""simplified-traditional"",""tghz2013"",""level-3"",""bidirectional"",""one-context-sentence"",""hant-to-hans""]"
zh-tghz2013-level-3/7751-map-01/hans-to-hant	通用规范汉字表 第3级	vocabulary	7751	zh-Hans	zh-Hant	叇（叆叇）	"[""靆（靉靆）""]"	"[]"		"[""zh-tghz2013.7751"",""zh-tghz2013.7751.map-01""]"	"[]"	"[]"	sources/mappings.tsv	规范字编号 7751；对应码 7751_1	叆叇是一个较少见的词语。 ⇄ 靉靆是一個較少見的詞語。 (context authored-example; source project-authored; official mapping; lexical-context)	"[""叆叇是一个较少见的词语。"",""靉靆是一個較少見的詞語。""]"	"[""chinese"",""simplified-traditional"",""tghz2013"",""level-3"",""bidirectional"",""one-context-sentence"",""hans-to-hant""]"
zh-tghz2013-level-3/7751-map-01/hant-to-hans	通用规范汉字表 第3级	vocabulary	7751	zh-Hant	zh-Hans	靆（靉靆）	"[""叇（叆叇）""]"	"[]"		"[""zh-tghz2013.7751"",""zh-tghz2013.7751.map-01""]"	"[]"	"[]"	sources/mappings.tsv	规范字编号 7751；对应码 7751_1	叆叇是一个较少见的词语。 ⇄ 靉靆是一個較少見的詞語。 (context authored-example; source project-authored; official mapping; lexical-context)	"[""叆叇是一个较少见的词语。"",""靉靆是一個較少見的詞語。""]"	"[""chinese"",""simplified-traditional"",""tghz2013"",""level-3"",""bidirectional"",""one-context-sentence"",""hant-to-hans""]"
zh-tghz2013-level-3/7761-map-01/hans-to-hant	通用规范汉字表 第3级	vocabulary	7761	zh-Hans	zh-Hant	鹝（鹝字）	"[""鷊（鷊字）""]"	"[]"		"[""zh-tghz2013.7761"",""zh-tghz2013.7761.map-01""]"	"[]"	"[]"	sources/mappings.tsv	规范字编号 7761；对应码 7761_1	图鉴中记录了鹝这种鸟。 ⇄ 圖鑑中記錄了鷊這種鳥。 (context domain-template; source metalinguistic-fallback; official mapping; domain-template; Zoology / ornithology: a rare character used in the name of a bird or bird group.)	"[""图鉴中记录了鹝这种鸟。"",""圖鑑中記錄了鷊這種鳥。""]"	"[""chinese"",""simplified-traditional"",""tghz2013"",""level-3"",""bidirectional"",""one-context-sentence"",""corner-case"",""hans-to-hant""]"
zh-tghz2013-level-3/7761-map-01/hant-to-hans	通用规范汉字表 第3级	vocabulary	7761	zh-Hant	zh-Hans	鷊（鷊字）	"[""鹝（鹝字）""]"	"[]"		"[""zh-tghz2013.7761"",""zh-tghz2013.7761.map-01""]"	"[]"	"[]"	sources/mappings.tsv	规范字编号 7761；对应码 7761_1	图鉴中记录了鹝这种鸟。 ⇄ 圖鑑中記錄了鷊這種鳥。 (context domain-template; source metalinguistic-fallback; official mapping; domain-template; Zoology / ornithology: a rare character used in the name of a bird or bird group.)	"[""图鉴中记录了鹝这种鸟。"",""圖鑑中記錄了鷊這種鳥。""]"	"[""chinese"",""simplified-traditional"",""tghz2013"",""level-3"",""bidirectional"",""one-context-sentence"",""corner-case"",""hant-to-hans""]"
zh-tghz2013-level-3/7765-map-01/hans-to-hant	通用规范汉字表 第3级	vocabulary	7765	zh-Hans	zh-Hant	慭（慭字）	"[""憖（憖字）""]"	"[]"		"[""zh-tghz2013.7765"",""zh-tghz2013.7765.map-01""]"	"[]"	"[]"	sources/mappings.tsv	规范字编号 7765；对应码 7765_1	古文中可见慭。 ⇄ 古文中可見憖。 (context domain-template; source metalinguistic-fallback; official mapping; domain-template; Classical Chinese vocabulary: a rare character used in older descriptions of people, actions, states, sounds, or qualities.)	"[""古文中可见慭。"",""古文中可見憖。""]"	"[""chinese"",""simplified-traditional"",""tghz2013"",""level-3"",""bidirectional"",""one-context-sentence"",""corner-case"",""hans-to-hant""]"
zh-tghz2013-level-3/7765-map-01/hant-to-hans	通用规范汉字表 第3级	vocabulary	7765	zh-Hant	zh-Hans	憖（憖字）	"[""慭（慭字）""]"	"[]"		"[""zh-tghz2013.7765"",""zh-tghz2013.7765.map-01""]"	"[]"	"[]"	sources/mappings.tsv	规范字编号 7765；对应码 7765_1	古文中可见慭。 ⇄ 古文中可見憖。 (context domain-template; source metalinguistic-fallback; official mapping; domain-template; Classical Chinese vocabulary: a rare character used in older descriptions of people, actions, states, sounds, or qualities.)	"[""古文中可见慭。"",""古文中可見憖。""]"	"[""chinese"",""simplified-traditional"",""tghz2013"",""level-3"",""bidirectional"",""one-context-sentence"",""corner-case"",""hant-to-hans""]"
zh-tghz2013-level-3/7772-map-01/hans-to-hant	通用规范汉字表 第3级	vocabulary	7772	zh-Hans	zh-Hant	䗖（䗖𬟽）	"[""螮（螮蝀）""]"	"[]"		"[""zh-tghz2013.7772"",""zh-tghz2013.7772.map-01""]"	"[]"	"[]"	sources/mappings.tsv	规范字编号 7772；对应码 7772_1	䗖𬟽是一个较少见的词语。 ⇄ 螮蝀是一個較少見的詞語。 (context authored-example; source project-authored; official mapping; lexical-context)	"[""䗖𬟽是一个较少见的词语。"",""螮蝀是一個較少見的詞語。""]"	"[""chinese"",""simplified-traditional"",""tghz2013"",""level-3"",""bidirectional"",""one-context-sentence"",""hans-to-hant""]"
zh-tghz2013-level-3/7772-map-01/hant-to-hans	通用规范汉字表 第3级	vocabulary	7772	zh-Hant	zh-Hans	螮（螮蝀）	"[""䗖（䗖𬟽）""]"	"[]"		"[""zh-tghz2013.7772"",""zh-tghz2013.7772.map-01""]"	"[]"	"[]"	sources/mappings.tsv	规范字编号 7772；对应码 7772_1	䗖𬟽是一个较少见的词语。 ⇄ 螮蝀是一個較少見的詞語。 (context authored-example; source project-authored; official mapping; lexical-context)	"[""䗖𬟽是一个较少见的词语。"",""螮蝀是一個較少見的詞語。""]"	"[""chinese"",""simplified-traditional"",""tghz2013"",""level-3"",""bidirectional"",""one-context-sentence"",""hant-to-hans""]"
zh-tghz2013-level-3/7785-map-01/hans-to-hant	通用规范汉字表 第3级	vocabulary	7785	zh-Hans	zh-Hant	镆（镆字）	"[""鏌（鏌字）""]"	"[]"		"[""zh-tghz2013.7785"",""zh-tghz2013.7785.map-01""]"	"[]"	"[]"	sources/mappings.tsv	规范字编号 7785；对应码 7785_1	金属器物或技术资料中可见镆。 ⇄ 金屬器物或技術資料中可見鏌。 (context domain-template; source metalinguistic-fallback; official mapping; domain-template; Metallurgy / historical material culture: a rare metal-radical character used for a metal, tool, weapon, vessel, ornament, or technical term.)	"[""金属器物或技术资料中可见镆。"",""金屬器物或技術資料中可見鏌。""]"	"[""chinese"",""simplified-traditional"",""tghz2013"",""level-3"",""bidirectional"",""one-context-sentence"",""corner-case"",""hans-to-hant""]"
zh-tghz2013-level-3/7785-map-01/hant-to-hans	通用规范汉字表 第3级	vocabulary	7785	zh-Hant	zh-Hans	鏌（鏌字）	"[""镆（镆字）""]"	"[]"		"[""zh-tghz2013.7785"",""zh-tghz2013.7785.map-01""]"	"[]"	"[]"	sources/mappings.tsv	规范字编号 7785；对应码 7785_1	金属器物或技术资料中可见镆。 ⇄ 金屬器物或技術資料中可見鏌。 (context domain-template; source metalinguistic-fallback; official mapping; domain-template; Metallurgy / historical material culture: a rare metal-radical character used for a metal, tool, weapon, vessel, ornament, or technical term.)	"[""金属器物或技术资料中可见镆。"",""金屬器物或技術資料中可見鏌。""]"	"[""chinese"",""simplified-traditional"",""tghz2013"",""level-3"",""bidirectional"",""one-context-sentence"",""corner-case"",""hant-to-hans""]"
zh-tghz2013-level-3/7786-map-01/hans-to-hant	通用规范汉字表 第3级	vocabulary	7786	zh-Hans	zh-Hant	镈（皇甫镈）	"[""鎛（皇甫鎛）""]"	"[]"		"[""zh-tghz2013.7786"",""zh-tghz2013.7786.map-01""]"	"[]"	"[]"	sources/mappings.tsv	规范字编号 7786；对应码 7786_1	皇甫镈是一个人名。 ⇄ 皇甫鎛是一個人名。 (context authored-example; source project-authored; official mapping; lexical-context)	"[""皇甫镈是一个人名。"",""皇甫鎛是一個人名。""]"	"[""chinese"",""simplified-traditional"",""tghz2013"",""level-3"",""bidirectional"",""one-context-sentence"",""hans-to-hant""]"
zh-tghz2013-level-3/7786-map-01/hant-to-hans	通用规范汉字表 第3级	vocabulary	7786	zh-Hant	zh-Hans	鎛（皇甫鎛）	"[""镈（皇甫镈）""]"	"[]"		"[""zh-tghz2013.7786"",""zh-tghz2013.7786.map-01""]"	"[]"	"[]"	sources/mappings.tsv	规范字编号 7786；对应码 7786_1	皇甫镈是一个人名。 ⇄ 皇甫鎛是一個人名。 (context authored-example; source project-authored; official mapping; lexical-context)	"[""皇甫镈是一个人名。"",""皇甫鎛是一個人名。""]"	"[""chinese"",""simplified-traditional"",""tghz2013"",""level-3"",""bidirectional"",""one-context-sentence"",""hant-to-hans""]"
zh-tghz2013-level-3/7787-map-01/hans-to-hant	通用规范汉字表 第3级	vocabulary	7787	zh-Hans	zh-Hant	镋（镋字）	"[""钂（钂字）""]"	"[]"		"[""zh-tghz2013.7787"",""zh-tghz2013.7787.map-01""]"	"[]"	"[]"	sources/mappings.tsv	规范字编号 7787；对应码 7787_1	金属器物或技术资料中可见镋。 ⇄ 金屬器物或技術資料中可見钂。 (context domain-template; source metalinguistic-fallback; official mapping; domain-template; Metallurgy / historical material culture: a rare metal-radical character used for a metal, tool, weapon, vessel, ornament, or technical term.)	"[""金属器物或技术资料中可见镋。"",""金屬器物或技術資料中可見钂。""]"	"[""chinese"",""simplified-traditional"",""tghz2013"",""level-3"",""bidirectional"",""one-context-sentence"",""corner-case"",""hans-to-hant""]"
zh-tghz2013-level-3/7787-map-01/hant-to-hans	通用规范汉字表 第3级	vocabulary	7787	zh-Hant	zh-Hans	钂（钂字）	"[""镋（镋字）""]"	"[]"		"[""zh-tghz2013.7787"",""zh-tghz2013.7787.map-01""]"	"[]"	"[]"	sources/mappings.tsv	规范字编号 7787；对应码 7787_1	金属器物或技术资料中可见镋。 ⇄ 金屬器物或技術資料中可見钂。 (context domain-template; source metalinguistic-fallback; official mapping; domain-template; Metallurgy / historical material culture: a rare metal-radical character used for a metal, tool, weapon, vessel, ornament, or technical term.)	"[""金属器物或技术资料中可见镋。"",""金屬器物或技術資料中可見钂。""]"	"[""chinese"",""simplified-traditional"",""tghz2013"",""level-3"",""bidirectional"",""one-context-sentence"",""corner-case"",""hant-to-hans""]"
zh-tghz2013-level-3/7788-map-01/hans-to-hant	通用规范汉字表 第3级	vocabulary	7788	zh-Hans	zh-Hant	镎（镎字）	"[""鎿（鎿字）""]"	"[]"		"[""zh-tghz2013.7788"",""zh-tghz2013.7788.map-01""]"	"[]"	"[]"	sources/mappings.tsv	规范字编号 7788；对应码 7788_1	金属器物或技术资料中可见镎。 ⇄ 金屬器物或技術資料中可見鎿。 (context domain-template; source metalinguistic-fallback; official mapping; domain-template; Metallurgy / historical material culture: a rare metal-radical character used for a metal, tool, weapon, vessel, ornament, or technical term.)	"[""金属器物或技术资料中可见镎。"",""金屬器物或技術資料中可見鎿。""]"	"[""chinese"",""simplified-traditional"",""tghz2013"",""level-3"",""bidirectional"",""one-context-sentence"",""corner-case"",""hans-to-hant""]"
zh-tghz2013-level-3/7788-map-01/hant-to-hans	通用规范汉字表 第3级	vocabulary	7788	zh-Hant	zh-Hans	鎿（鎿字）	"[""镎（镎字）""]"	"[]"		"[""zh-tghz2013.7788"",""zh-tghz2013.7788.map-01""]"	"[]"	"[]"	sources/mappings.tsv	规范字编号 7788；对应码 7788_1	金属器物或技术资料中可见镎。 ⇄ 金屬器物或技術資料中可見鎿。 (context domain-template; source metalinguistic-fallback; official mapping; domain-template; Metallurgy / historical material culture: a rare metal-radical character used for a metal, tool, weapon, vessel, ornament, or technical term.)	"[""金属器物或技术资料中可见镎。"",""金屬器物或技術資料中可見鎿。""]"	"[""chinese"",""simplified-traditional"",""tghz2013"",""level-3"",""bidirectional"",""one-context-sentence"",""corner-case"",""hant-to-hans""]"
zh-tghz2013-level-3/7789-map-01/hans-to-hant	通用规范汉字表 第3级	vocabulary	7789	zh-Hans	zh-Hant	𬭩（𬭩字）	"[""鎓（鎓字）""]"	"[]"		"[""zh-tghz2013.7789"",""zh-tghz2013.7789.map-01""]"	"[]"	"[]"	sources/mappings.tsv	规范字编号 7789；对应码 7789_1	金属器物或技术资料中可见𬭩。 ⇄ 金屬器物或技術資料中可見鎓。 (context domain-template; source metalinguistic-fallback; official mapping; domain-template; Metallurgy / historical material culture: a rare metal-radical character used for a metal, tool, weapon, vessel, ornament, or technical term.)	"[""金属器物或技术资料中可见𬭩。"",""金屬器物或技術資料中可見鎓。""]"	"[""chinese"",""simplified-traditional"",""tghz2013"",""level-3"",""bidirectional"",""one-context-sentence"",""corner-case"",""hans-to-hant""]"
zh-tghz2013-level-3/7789-map-01/hant-to-hans	通用规范汉字表 第3级	vocabulary	7789	zh-Hant	zh-Hans	鎓（鎓字）	"[""𬭩（𬭩字）""]"	"[]"		"[""zh-tghz2013.7789"",""zh-tghz2013.7789.map-01""]"	"[]"	"[]"	sources/mappings.tsv	规范字编号 7789；对应码 7789_1	金属器物或技术资料中可见𬭩。 ⇄ 金屬器物或技術資料中可見鎓。 (context domain-template; source metalinguistic-fallback; official mapping; domain-template; Metallurgy / historical material culture: a rare metal-radical character used for a metal, tool, weapon, vessel, ornament, or technical term.)	"[""金属器物或技术资料中可见𬭩。"",""金屬器物或技術資料中可見鎓。""]"	"[""chinese"",""simplified-traditional"",""tghz2013"",""level-3"",""bidirectional"",""one-context-sentence"",""corner-case"",""hant-to-hans""]"
zh-tghz2013-level-3/7790-map-01/hans-to-hant	通用规范汉字表 第3级	vocabulary	7790	zh-Hans	zh-Hant	镕（朱镕基）	"[""鎔（朱鎔基）""]"	"[]"		"[""zh-tghz2013.7790"",""zh-tghz2013.7790.map-01""]"	"[]"	"[]"	sources/mappings.tsv	规范字编号 7790；对应码 7790_1	朱镕基是一个人名。 ⇄ 朱鎔基是一個人名。 (context authored-example; source project-authored; official mapping; lexical-context)	"[""朱镕基是一个人名。"",""朱鎔基是一個人名。""]"	"[""chinese"",""simplified-traditional"",""tghz2013"",""level-3"",""bidirectional"",""one-context-sentence"",""hans-to-hant""]"
zh-tghz2013-level-3/7790-map-01/hant-to-hans	通用规范汉字表 第3级	vocabulary	7790	zh-Hant	zh-Hans	鎔（朱鎔基）	"[""镕（朱镕基）""]"	"[]"		"[""zh-tghz2013.7790"",""zh-tghz2013.7790.map-01""]"	"[]"	"[]"	sources/mappings.tsv	规范字编号 7790；对应码 7790_1	朱镕基是一个人名。 ⇄ 朱鎔基是一個人名。 (context authored-example; source project-authored; official mapping; lexical-context)	"[""朱镕基是一个人名。"",""朱鎔基是一個人名。""]"	"[""chinese"",""simplified-traditional"",""tghz2013"",""level-3"",""bidirectional"",""one-context-sentence"",""hant-to-hans""]"
zh-tghz2013-level-3/7795-map-01/hans-to-hant	通用规范汉字表 第3级	vocabulary	7795	zh-Hans	zh-Hant	䴘（䴙䴘）	"[""鷉（鸊鷉）""]"	"[]"		"[""zh-tghz2013.7795"",""zh-tghz2013.7795.map-01""]"	"[]"	"[]"	sources/mappings.tsv	规范字编号 7795；对应码 7795_1	䴙䴘是一种鸟。 ⇄ 鸊鷉是一種鳥。 (context authored-example; source project-authored; official mapping; lexical-context)	"[""䴙䴘是一种鸟。"",""鸊鷉是一種鳥。""]"	"[""chinese"",""simplified-traditional"",""tghz2013"",""level-3"",""bidirectional"",""one-context-sentence"",""hans-to-hant""]"
zh-tghz2013-level-3/7795-map-01/hant-to-hans	通用规范汉字表 第3级	vocabulary	7795	zh-Hant	zh-Hans	鷉（鸊鷉）	"[""䴘（䴙䴘）""]"	"[]"		"[""zh-tghz2013.7795"",""zh-tghz2013.7795.map-01""]"	"[]"	"[]"	sources/mappings.tsv	规范字编号 7795；对应码 7795_1	䴙䴘是一种鸟。 ⇄ 鸊鷉是一種鳥。 (context authored-example; source project-authored; official mapping; lexical-context)	"[""䴙䴘是一种鸟。"",""鸊鷉是一種鳥。""]"	"[""chinese"",""simplified-traditional"",""tghz2013"",""level-3"",""bidirectional"",""one-context-sentence"",""hant-to-hans""]"
zh-tghz2013-level-3/7798-map-01/hans-to-hant	通用规范汉字表 第3级	vocabulary	7798	zh-Hans	zh-Hant	鹟（乌鹟）	"[""鶲（烏鶲）""]"	"[]"		"[""zh-tghz2013.7798"",""zh-tghz2013.7798.map-01""]"	"[]"	"[]"	sources/mappings.tsv	规范字编号 7798；对应码 7798_1	乌鹟是一种鸟。 ⇄ 烏鶲是一種鳥。 (context authored-example; source project-authored; official mapping; lexical-context)	"[""乌鹟是一种鸟。"",""烏鶲是一種鳥。""]"	"[""chinese"",""simplified-traditional"",""tghz2013"",""level-3"",""bidirectional"",""one-context-sentence"",""hans-to-hant""]"
zh-tghz2013-level-3/7798-map-01/hant-to-hans	通用规范汉字表 第3级	vocabulary	7798	zh-Hant	zh-Hans	鶲（烏鶲）	"[""鹟（乌鹟）""]"	"[]"		"[""zh-tghz2013.7798"",""zh-tghz2013.7798.map-01""]"	"[]"	"[]"	sources/mappings.tsv	规范字编号 7798；对应码 7798_1	乌鹟是一种鸟。 ⇄ 烏鶲是一種鳥。 (context authored-example; source project-authored; official mapping; lexical-context)	"[""乌鹟是一种鸟。"",""烏鶲是一種鳥。""]"	"[""chinese"",""simplified-traditional"",""tghz2013"",""level-3"",""bidirectional"",""one-context-sentence"",""hant-to-hans""]"
zh-tghz2013-level-3/7799-map-01/hans-to-hant	通用规范汉字表 第3级	vocabulary	7799	zh-Hans	zh-Hant	𩾃（𩾃字）	"[""鮸（鮸字）""]"	"[]"		"[""zh-tghz2013.7799"",""zh-tghz2013.7799.map-01""]"	"[]"	"[]"	sources/mappings.tsv	规范字编号 7799；对应码 7799_1	图鉴中收录了𩾃这种鱼。 ⇄ 圖鑑中收錄了鮸這種魚。 (context domain-template; source metalinguistic-fallback; official mapping; domain-template; Zoology / ichthyology: a rare character used in the name of a fish or fish group.)	"[""图鉴中收录了𩾃这种鱼。"",""圖鑑中收錄了鮸這種魚。""]"	"[""chinese"",""simplified-traditional"",""tghz2013"",""level-3"",""bidirectional"",""one-context-sentence"",""corner-case"",""hans-to-hant""]"
zh-tghz2013-level-3/7799-map-01/hant-to-hans	通用规范汉字表 第3级	vocabulary	7799	zh-Hant	zh-Hans	鮸（鮸字）	"[""𩾃（𩾃字）""]"	"[]"		"[""zh-tghz2013.7799"",""zh-tghz2013.7799.map-01""]"	"[]"	"[]"	sources/mappings.tsv	规范字编号 7799；对应码 7799_1	图鉴中收录了𩾃这种鱼。 ⇄ 圖鑑中收錄了鮸這種魚。 (context domain-template; source metalinguistic-fallback; official mapping; domain-template; Zoology / ichthyology: a rare character used in the name of a fish or fish group.)	"[""图鉴中收录了𩾃这种鱼。"",""圖鑑中收錄了鮸這種魚。""]"	"[""chinese"",""simplified-traditional"",""tghz2013"",""level-3"",""bidirectional"",""one-context-sentence"",""corner-case"",""hant-to-hans""]"
zh-tghz2013-level-3/7800-map-01/hans-to-hant	通用规范汉字表 第3级	vocabulary	7800	zh-Hans	zh-Hant	鲦（鲦字）	"[""鰷（鰷字）""]"	"[]"		"[""zh-tghz2013.7800"",""zh-tghz2013.7800.map-01""]"	"[]"	"[]"	sources/mappings.tsv	规范字编号 7800；对应码 7800_1	图鉴中收录了鲦这种鱼。 ⇄ 圖鑑中收錄了鰷這種魚。 (context domain-template; source metalinguistic-fallback; official mapping; domain-template; Zoology / ichthyology: a rare character used in the name of a fish or fish group.)	"[""图鉴中收录了鲦这种鱼。"",""圖鑑中收錄了鰷這種魚。""]"	"[""chinese"",""simplified-traditional"",""tghz2013"",""level-3"",""bidirectional"",""one-context-sentence"",""corner-case"",""hans-to-hant""]"
zh-tghz2013-level-3/7800-map-01/hant-to-hans	通用规范汉字表 第3级	vocabulary	7800	zh-Hant	zh-Hans	鰷（鰷字）	"[""鲦（鲦字）""]"	"[]"		"[""zh-tghz2013.7800"",""zh-tghz2013.7800.map-01""]"	"[]"	"[]"	sources/mappings.tsv	规范字编号 7800；对应码 7800_1	图鉴中收录了鲦这种鱼。 ⇄ 圖鑑中收錄了鰷這種魚。 (context domain-template; source metalinguistic-fallback; official mapping; domain-template; Zoology / ichthyology: a rare character used in the name of a fish or fish group.)	"[""图鉴中收录了鲦这种鱼。"",""圖鑑中收錄了鰷這種魚。""]"	"[""chinese"",""simplified-traditional"",""tghz2013"",""level-3"",""bidirectional"",""one-context-sentence"",""corner-case"",""hant-to-hans""]"
zh-tghz2013-level-3/7801-map-01/hans-to-hant	通用规范汉字表 第3级	vocabulary	7801	zh-Hans	zh-Hant	鲪（鲪字）	"[""鮶（鮶字）""]"	"[]"		"[""zh-tghz2013.7801"",""zh-tghz2013.7801.map-01""]"	"[]"	"[]"	sources/mappings.tsv	规范字编号 7801；对应码 7801_1	图鉴中收录了鲪这种鱼。 ⇄ 圖鑑中收錄了鮶這種魚。 (context domain-template; source metalinguistic-fallback; official mapping; domain-template; Zoology / ichthyology: a rare character used in the name of a fish or fish group.)	"[""图鉴中收录了鲪这种鱼。"",""圖鑑中收錄了鮶這種魚。""]"	"[""chinese"",""simplified-traditional"",""tghz2013"",""level-3"",""bidirectional"",""one-context-sentence"",""corner-case"",""hans-to-hant""]"
zh-tghz2013-level-3/7801-map-01/hant-to-hans	通用规范汉字表 第3级	vocabulary	7801	zh-Hant	zh-Hans	鮶（鮶字）	"[""鲪（鲪字）""]"	"[]"		"[""zh-tghz2013.7801"",""zh-tghz2013.7801.map-01""]"	"[]"	"[]"	sources/mappings.tsv	规范字编号 7801；对应码 7801_1	图鉴中收录了鲪这种鱼。 ⇄ 圖鑑中收錄了鮶這種魚。 (context domain-template; source metalinguistic-fallback; official mapping; domain-template; Zoology / ichthyology: a rare character used in the name of a fish or fish group.)	"[""图鉴中收录了鲪这种鱼。"",""圖鑑中收錄了鮶這種魚。""]"	"[""chinese"",""simplified-traditional"",""tghz2013"",""level-3"",""bidirectional"",""one-context-sentence"",""corner-case"",""hant-to-hans""]"
zh-tghz2013-level-3/7802-map-01/hans-to-hant	通用规范汉字表 第3级	vocabulary	7802	zh-Hans	zh-Hant	鲬（鲬字）	"[""鯒（鯒字）""]"	"[]"		"[""zh-tghz2013.7802"",""zh-tghz2013.7802.map-01""]"	"[]"	"[]"	sources/mappings.tsv	规范字编号 7802；对应码 7802_1	图鉴中收录了鲬这种鱼。 ⇄ 圖鑑中收錄了鯒這種魚。 (context domain-template; source metalinguistic-fallback; official mapping; domain-template; Zoology / ichthyology: a rare character used in the name of a fish or fish group.)	"[""图鉴中收录了鲬这种鱼。"",""圖鑑中收錄了鯒這種魚。""]"	"[""chinese"",""simplified-traditional"",""tghz2013"",""level-3"",""bidirectional"",""one-context-sentence"",""corner-case"",""hans-to-hant""]"
zh-tghz2013-level-3/7802-map-01/hant-to-hans	通用规范汉字表 第3级	vocabulary	7802	zh-Hant	zh-Hans	鯒（鯒字）	"[""鲬（鲬字）""]"	"[]"		"[""zh-tghz2013.7802"",""zh-tghz2013.7802.map-01""]"	"[]"	"[]"	sources/mappings.tsv	规范字编号 7802；对应码 7802_1	图鉴中收录了鲬这种鱼。 ⇄ 圖鑑中收錄了鯒這種魚。 (context domain-template; source metalinguistic-fallback; official mapping; domain-template; Zoology / ichthyology: a rare character used in the name of a fish or fish group.)	"[""图鉴中收录了鲬这种鱼。"",""圖鑑中收錄了鯒這種魚。""]"	"[""chinese"",""simplified-traditional"",""tghz2013"",""level-3"",""bidirectional"",""one-context-sentence"",""corner-case"",""hant-to-hans""]"
zh-tghz2013-level-3/7805-map-01/hans-to-hant	通用规范汉字表 第3级	vocabulary	7805	zh-Hans	zh-Hant	鹠（鸺鹠）	"[""鶹（鵂鶹）""]"	"[]"		"[""zh-tghz2013.7805"",""zh-tghz2013.7805.map-01""]"	"[]"	"[]"	sources/mappings.tsv	规范字编号 7805；对应码 7805_1	鸺鹠是一种鸟。 ⇄ 鵂鶹是一種鳥。 (context authored-example; source project-authored; official mapping; lexical-context)	"[""鸺鹠是一种鸟。"",""鵂鶹是一種鳥。""]"	"[""chinese"",""simplified-traditional"",""tghz2013"",""level-3"",""bidirectional"",""one-context-sentence"",""hans-to-hant""]"
zh-tghz2013-level-3/7805-map-01/hant-to-hans	通用规范汉字表 第3级	vocabulary	7805	zh-Hant	zh-Hans	鶹（鵂鶹）	"[""鹠（鸺鹠）""]"	"[]"		"[""zh-tghz2013.7805"",""zh-tghz2013.7805.map-01""]"	"[]"	"[]"	sources/mappings.tsv	规范字编号 7805；对应码 7805_1	鸺鹠是一种鸟。 ⇄ 鵂鶹是一種鳥。 (context authored-example; source project-authored; official mapping; lexical-context)	"[""鸺鹠是一种鸟。"",""鵂鶹是一種鳥。""]"	"[""chinese"",""simplified-traditional"",""tghz2013"",""level-3"",""bidirectional"",""one-context-sentence"",""hant-to-hans""]"
zh-tghz2013-level-3/7806-map-01/hans-to-hant	通用规范汉字表 第3级	vocabulary	7806	zh-Hans	zh-Hant	鹡（鹡鸰）	"[""鶺（鶺鴒）""]"	"[]"		"[""zh-tghz2013.7806"",""zh-tghz2013.7806.map-01""]"	"[]"	"[]"	sources/mappings.tsv	规范字编号 7806；对应码 7806_1	鹡鸰是一种鸟。 ⇄ 鶺鴒是一種鳥。 (context authored-example; source project-authored; official mapping; lexical-context)	"[""鹡鸰是一种鸟。"",""鶺鴒是一種鳥。""]"	"[""chinese"",""simplified-traditional"",""tghz2013"",""level-3"",""bidirectional"",""one-context-sentence"",""hans-to-hant""]"
zh-tghz2013-level-3/7806-map-01/hant-to-hans	通用规范汉字表 第3级	vocabulary	7806	zh-Hant	zh-Hans	鶺（鶺鴒）	"[""鹡（鹡鸰）""]"	"[]"		"[""zh-tghz2013.7806"",""zh-tghz2013.7806.map-01""]"	"[]"	"[]"	sources/mappings.tsv	规范字编号 7806；对应码 7806_1	鹡鸰是一种鸟。 ⇄ 鶺鴒是一種鳥。 (context authored-example; source project-authored; official mapping; lexical-context)	"[""鹡鸰是一种鸟。"",""鶺鴒是一種鳥。""]"	"[""chinese"",""simplified-traditional"",""tghz2013"",""level-3"",""bidirectional"",""one-context-sentence"",""hant-to-hans""]"
zh-tghz2013-level-3/7810-map-01/hans-to-hant	通用规范汉字表 第3级	vocabulary	7810	zh-Hans	zh-Hant	鹢（彩鹢）	"[""鷁（彩鷁）""]"	"[]"		"[""zh-tghz2013.7810"",""zh-tghz2013.7810.map-01""]"	"[]"	"[]"	sources/mappings.tsv	规范字编号 7810；对应码 7810_1	彩鹢是一种鸟。 ⇄ 彩鷁是一種鳥。 (context authored-example; source project-authored; official mapping; lexical-context)	"[""彩鹢是一种鸟。"",""彩鷁是一種鳥。""]"	"[""chinese"",""simplified-traditional"",""tghz2013"",""level-3"",""bidirectional"",""one-context-sentence"",""hans-to-hant""]"
zh-tghz2013-level-3/7810-map-01/hant-to-hans	通用规范汉字表 第3级	vocabulary	7810	zh-Hant	zh-Hans	鷁（彩鷁）	"[""鹢（彩鹢）""]"	"[]"		"[""zh-tghz2013.7810"",""zh-tghz2013.7810.map-01""]"	"[]"	"[]"	sources/mappings.tsv	规范字编号 7810；对应码 7810_1	彩鹢是一种鸟。 ⇄ 彩鷁是一種鳥。 (context authored-example; source project-authored; official mapping; lexical-context)	"[""彩鹢是一种鸟。"",""彩鷁是一種鳥。""]"	"[""chinese"",""simplified-traditional"",""tghz2013"",""level-3"",""bidirectional"",""one-context-sentence"",""hant-to-hans""]"
zh-tghz2013-level-3/7811-map-01/hans-to-hant	通用规范汉字表 第3级	vocabulary	7811	zh-Hans	zh-Hant	鹣（鲽鹣）	"[""鶼（鰈鶼）""]"	"[]"		"[""zh-tghz2013.7811"",""zh-tghz2013.7811.map-01""]"	"[]"	"[]"	sources/mappings.tsv	规范字编号 7811；对应码 7811_1	鲽鹣是一个较少见的词语。 ⇄ 鰈鶼是一個較少見的詞語。 (context authored-example; source project-authored; official mapping; lexical-context)	"[""鲽鹣是一个较少见的词语。"",""鰈鶼是一個較少見的詞語。""]"	"[""chinese"",""simplified-traditional"",""tghz2013"",""level-3"",""bidirectional"",""one-context-sentence"",""hans-to-hant""]"
zh-tghz2013-level-3/7811-map-01/hant-to-hans	通用规范汉字表 第3级	vocabulary	7811	zh-Hant	zh-Hans	鶼（鰈鶼）	"[""鹣（鲽鹣）""]"	"[]"		"[""zh-tghz2013.7811"",""zh-tghz2013.7811.map-01""]"	"[]"	"[]"	sources/mappings.tsv	规范字编号 7811；对应码 7811_1	鲽鹣是一个较少见的词语。 ⇄ 鰈鶼是一個較少見的詞語。 (context authored-example; source project-authored; official mapping; lexical-context)	"[""鲽鹣是一个较少见的词语。"",""鰈鶼是一個較少見的詞語。""]"	"[""chinese"",""simplified-traditional"",""tghz2013"",""level-3"",""bidirectional"",""one-context-sentence"",""hant-to-hans""]"
zh-tghz2013-level-3/7817-map-01/hans-to-hant	通用规范汉字表 第3级	vocabulary	7817	zh-Hans	zh-Hant	澛（澛字）	"[""瀂（瀂字）""]"	"[]"		"[""zh-tghz2013.7817"",""zh-tghz2013.7817.map-01""]"	"[]"	"[]"	sources/mappings.tsv	规范字编号 7817；对应码 7817_1	地方志中记载了澛。 ⇄ 地方志中記載了瀂。 (context domain-template; source metalinguistic-fallback; official mapping; domain-template; Historical geography / hydrology: a rare water-related character used for a river, water feature, sound, or flow.)	"[""地方志中记载了澛。"",""地方志中記載了瀂。""]"	"[""chinese"",""simplified-traditional"",""tghz2013"",""level-3"",""bidirectional"",""one-context-sentence"",""corner-case"",""hans-to-hant""]"
zh-tghz2013-level-3/7817-map-01/hant-to-hans	通用规范汉字表 第3级	vocabulary	7817	zh-Hant	zh-Hans	瀂（瀂字）	"[""澛（澛字）""]"	"[]"		"[""zh-tghz2013.7817"",""zh-tghz2013.7817.map-01""]"	"[]"	"[]"	sources/mappings.tsv	规范字编号 7817；对应码 7817_1	地方志中记载了澛。 ⇄ 地方志中記載了瀂。 (context domain-template; source metalinguistic-fallback; official mapping; domain-template; Historical geography / hydrology: a rare water-related character used for a river, water feature, sound, or flow.)	"[""地方志中记载了澛。"",""地方志中記載了瀂。""]"	"[""chinese"",""simplified-traditional"",""tghz2013"",""level-3"",""bidirectional"",""one-context-sentence"",""corner-case"",""hant-to-hans""]"
zh-tghz2013-level-3/7824-map-01/hans-to-hant	通用规范汉字表 第3级	vocabulary	7824	zh-Hans	zh-Hant	𬸣（𬸣字）	"[""鶱（鶱字）""]"	"[]"		"[""zh-tghz2013.7824"",""zh-tghz2013.7824.map-01""]"	"[]"	"[]"	sources/mappings.tsv	规范字编号 7824；对应码 7824_1	图鉴中记录了𬸣这种鸟。 ⇄ 圖鑑中記錄了鶱這種鳥。 (context domain-template; source metalinguistic-fallback; official mapping; domain-template; Zoology / ornithology: a rare character used in the name of a bird or bird group.)	"[""图鉴中记录了𬸣这种鸟。"",""圖鑑中記錄了鶱這種鳥。""]"	"[""chinese"",""simplified-traditional"",""tghz2013"",""level-3"",""bidirectional"",""one-context-sentence"",""corner-case"",""hans-to-hant""]"
zh-tghz2013-level-3/7824-map-01/hant-to-hans	通用规范汉字表 第3级	vocabulary	7824	zh-Hant	zh-Hans	鶱（鶱字）	"[""𬸣（𬸣字）""]"	"[]"		"[""zh-tghz2013.7824"",""zh-tghz2013.7824.map-01""]"	"[]"	"[]"	sources/mappings.tsv	规范字编号 7824；对应码 7824_1	图鉴中记录了𬸣这种鸟。 ⇄ 圖鑑中記錄了鶱這種鳥。 (context domain-template; source metalinguistic-fallback; official mapping; domain-template; Zoology / ornithology: a rare character used in the name of a bird or bird group.)	"[""图鉴中记录了𬸣这种鸟。"",""圖鑑中記錄了鶱這種鳥。""]"	"[""chinese"",""simplified-traditional"",""tghz2013"",""level-3"",""bidirectional"",""one-context-sentence"",""corner-case"",""hant-to-hans""]"
zh-tghz2013-level-3/7828-map-01/hans-to-hant	通用规范汉字表 第3级	vocabulary	7828	zh-Hans	zh-Hant	𫍽（𫍽字）	"[""譞（譞字）""]"	"[]"		"[""zh-tghz2013.7828"",""zh-tghz2013.7828.map-01""]"	"[]"	"[]"	sources/mappings.tsv	规范字编号 7828；对应码 7828_1	古文中可见𫍽。 ⇄ 古文中可見譞。 (context domain-template; source metalinguistic-fallback; official mapping; domain-template; Classical Chinese rhetoric / language: a rare speech-related character used in older vocabulary or writing.)	"[""古文中可见𫍽。"",""古文中可見譞。""]"	"[""chinese"",""simplified-traditional"",""tghz2013"",""level-3"",""bidirectional"",""one-context-sentence"",""corner-case"",""hans-to-hant""]"
zh-tghz2013-level-3/7828-map-01/hant-to-hans	通用规范汉字表 第3级	vocabulary	7828	zh-Hant	zh-Hans	譞（譞字）	"[""𫍽（𫍽字）""]"	"[]"		"[""zh-tghz2013.7828"",""zh-tghz2013.7828.map-01""]"	"[]"	"[]"	sources/mappings.tsv	规范字编号 7828；对应码 7828_1	古文中可见𫍽。 ⇄ 古文中可見譞。 (context domain-template; source metalinguistic-fallback; official mapping; domain-template; Classical Chinese rhetoric / language: a rare speech-related character used in older vocabulary or writing.)	"[""古文中可见𫍽。"",""古文中可見譞。""]"	"[""chinese"",""simplified-traditional"",""tghz2013"",""level-3"",""bidirectional"",""one-context-sentence"",""corner-case"",""hant-to-hans""]"
zh-tghz2013-level-3/7831-map-01/hans-to-hant	通用规范汉字表 第3级	vocabulary	7831	zh-Hans	zh-Hant	𬴊（𬴊字）	"[""驎（驎字）""]"	"[]"		"[""zh-tghz2013.7831"",""zh-tghz2013.7831.map-01""]"	"[]"	"[]"	sources/mappings.tsv	规范字编号 7831；对应码 7831_1	古籍中用𬴊描述马匹。 ⇄ 古籍中用驎描述馬匹。 (context domain-template; source metalinguistic-fallback; official mapping; domain-template; Historical transport / equine terminology: a rare character associated with horses, riding, or carriage travel.)	"[""古籍中用𬴊描述马匹。"",""古籍中用驎描述馬匹。""]"	"[""chinese"",""simplified-traditional"",""tghz2013"",""level-3"",""bidirectional"",""one-context-sentence"",""corner-case"",""hans-to-hant""]"
zh-tghz2013-level-3/7831-map-01/hant-to-hans	通用规范汉字表 第3级	vocabulary	7831	zh-Hant	zh-Hans	驎（驎字）	"[""𬴊（𬴊字）""]"	"[]"		"[""zh-tghz2013.7831"",""zh-tghz2013.7831.map-01""]"	"[]"	"[]"	sources/mappings.tsv	规范字编号 7831；对应码 7831_1	古籍中用𬴊描述马匹。 ⇄ 古籍中用驎描述馬匹。 (context domain-template; source metalinguistic-fallback; official mapping; domain-template; Historical transport / equine terminology: a rare character associated with horses, riding, or carriage travel.)	"[""古籍中用𬴊描述马匹。"",""古籍中用驎描述馬匹。""]"	"[""chinese"",""simplified-traditional"",""tghz2013"",""level-3"",""bidirectional"",""one-context-sentence"",""corner-case"",""hant-to-hans""]"
zh-tghz2013-level-3/7841-map-01/hans-to-hant	通用规范汉字表 第3级	vocabulary	7841	zh-Hans	zh-Hant	𬞟（𬞟字）	"[""蘋（蘋字）""]"	"[]"		"[""zh-tghz2013.7841"",""zh-tghz2013.7841.map-01""]"	"[]"	"[]"	sources/mappings.tsv	规范字编号 7841；对应码 7841_1	本草书中记载了𬞟。 ⇄ 本草書中記載了蘋。 (context domain-template; source metalinguistic-fallback; official mapping; domain-template; Botany / traditional materia medica: a rare character used in a plant name or botanical description.)	"[""本草书中记载了𬞟。"",""本草書中記載了蘋。""]"	"[""chinese"",""simplified-traditional"",""tghz2013"",""level-3"",""bidirectional"",""one-context-sentence"",""corner-case"",""hans-to-hant""]"
zh-tghz2013-level-3/7841-map-01/hant-to-hans	通用规范汉字表 第3级	vocabulary	7841	zh-Hant	zh-Hans	蘋（蘋字）	"[""𬞟（𬞟字）""]"	"[]"		"[""zh-tghz2013.7841"",""zh-tghz2013.7841.map-01""]"	"[]"	"[]"	sources/mappings.tsv	规范字编号 7841；对应码 7841_1	本草书中记载了𬞟。 ⇄ 本草書中記載了蘋。 (context domain-template; source metalinguistic-fallback; official mapping; domain-template; Botany / traditional materia medica: a rare character used in a plant name or botanical description.)	"[""本草书中记载了𬞟。"",""本草書中記載了蘋。""]"	"[""chinese"",""simplified-traditional"",""tghz2013"",""level-3"",""bidirectional"",""one-context-sentence"",""corner-case"",""hant-to-hans""]"
zh-tghz2013-level-3/7853-map-01/hans-to-hant	通用规范汉字表 第3级	vocabulary	7853	zh-Hans	zh-Hant	豮（豮字）	"[""豶（豶字）""]"	"[]"		"[""zh-tghz2013.7853"",""zh-tghz2013.7853.map-01""]"	"[]"	"[]"	sources/mappings.tsv	规范字编号 7853；对应码 7853_1	古代动物记录中可见豮。 ⇄ 古代動物記錄中可見豶。 (context domain-template; source metalinguistic-fallback; official mapping; domain-template; Historical zoology / animal husbandry: a rare character associated with an animal or livestock term.)	"[""古代动物记录中可见豮。"",""古代動物記錄中可見豶。""]"	"[""chinese"",""simplified-traditional"",""tghz2013"",""level-3"",""bidirectional"",""one-context-sentence"",""corner-case"",""hans-to-hant""]"
zh-tghz2013-level-3/7853-map-01/hant-to-hans	通用规范汉字表 第3级	vocabulary	7853	zh-Hant	zh-Hans	豶（豶字）	"[""豮（豮字）""]"	"[]"		"[""zh-tghz2013.7853"",""zh-tghz2013.7853.map-01""]"	"[]"	"[]"	sources/mappings.tsv	规范字编号 7853；对应码 7853_1	古代动物记录中可见豮。 ⇄ 古代動物記錄中可見豶。 (context domain-template; source metalinguistic-fallback; official mapping; domain-template; Historical zoology / animal husbandry: a rare character associated with an animal or livestock term.)	"[""古代动物记录中可见豮。"",""古代動物記錄中可見豶。""]"	"[""chinese"",""simplified-traditional"",""tghz2013"",""level-3"",""bidirectional"",""one-context-sentence"",""corner-case"",""hant-to-hans""]"
zh-tghz2013-level-3/7854-map-01/hans-to-hant	通用规范汉字表 第3级	vocabulary	7854	zh-Hans	zh-Hant	𫟦（𫟦字）	"[""䡵（䡵字）""]"	"[]"		"[""zh-tghz2013.7854"",""zh-tghz2013.7854.map-01""]"	"[]"	"[]"	sources/mappings.tsv	规范字编号 7854；对应码 7854_1	古代车辆记录中出现了𫟦。 ⇄ 古代車輛記錄中出現了䡵。 (context domain-template; source metalinguistic-fallback; official mapping; domain-template; Historical transport technology: a rare character associated with a cart, carriage, wheel, or vehicle component.)	"[""古代车辆记录中出现了𫟦。"",""古代車輛記錄中出現了䡵。""]"	"[""chinese"",""simplified-traditional"",""tghz2013"",""level-3"",""bidirectional"",""one-context-sentence"",""corner-case"",""hans-to-hant""]"
zh-tghz2013-level-3/7854-map-01/hant-to-hans	通用规范汉字表 第3级	vocabulary	7854	zh-Hant	zh-Hans	䡵（䡵字）	"[""𫟦（𫟦字）""]"	"[]"		"[""zh-tghz2013.7854"",""zh-tghz2013.7854.map-01""]"	"[]"	"[]"	sources/mappings.tsv	规范字编号 7854；对应码 7854_1	古代车辆记录中出现了𫟦。 ⇄ 古代車輛記錄中出現了䡵。 (context domain-template; source metalinguistic-fallback; official mapping; domain-template; Historical transport technology: a rare character associated with a cart, carriage, wheel, or vehicle component.)	"[""古代车辆记录中出现了𫟦。"",""古代車輛記錄中出現了䡵。""]"	"[""chinese"",""simplified-traditional"",""tghz2013"",""level-3"",""bidirectional"",""one-context-sentence"",""corner-case"",""hant-to-hans""]"
zh-tghz2013-level-3/7855-map-01/hans-to-hant	通用规范汉字表 第3级	vocabulary	7855	zh-Hans	zh-Hant	𬺈（𬺈字）	"[""齮（齮字）""]"	"[]"		"[""zh-tghz2013.7855"",""zh-tghz2013.7855.map-01""]"	"[]"	"[]"	sources/mappings.tsv	规范字编号 7855；对应码 7855_1	古代医书中出现了𬺈。 ⇄ 古代醫書中出現了齮。 (context domain-template; source metalinguistic-fallback; official mapping; domain-template; Historical anatomy / medicine: a rare character associated with the body, teeth, or an anatomical term.)	"[""古代医书中出现了𬺈。"",""古代醫書中出現了齮。""]"	"[""chinese"",""simplified-traditional"",""tghz2013"",""level-3"",""bidirectional"",""one-context-sentence"",""corner-case"",""hans-to-hant""]"
zh-tghz2013-level-3/7855-map-01/hant-to-hans	通用规范汉字表 第3级	vocabulary	7855	zh-Hant	zh-Hans	齮（齮字）	"[""𬺈（𬺈字）""]"	"[]"		"[""zh-tghz2013.7855"",""zh-tghz2013.7855.map-01""]"	"[]"	"[]"	sources/mappings.tsv	规范字编号 7855；对应码 7855_1	古代医书中出现了𬺈。 ⇄ 古代醫書中出現了齮。 (context domain-template; source metalinguistic-fallback; official mapping; domain-template; Historical anatomy / medicine: a rare character associated with the body, teeth, or an anatomical term.)	"[""古代医书中出现了𬺈。"",""古代醫書中出現了齮。""]"	"[""chinese"",""simplified-traditional"",""tghz2013"",""level-3"",""bidirectional"",""one-context-sentence"",""corner-case"",""hant-to-hans""]"
zh-tghz2013-level-3/7856-map-01/hans-to-hant	通用规范汉字表 第3级	vocabulary	7856	zh-Hans	zh-Hant	𫠜（𫠜字）	"[""齯（齯字）""]"	"[]"		"[""zh-tghz2013.7856"",""zh-tghz2013.7856.map-01""]"	"[]"	"[]"	sources/mappings.tsv	规范字编号 7856；对应码 7856_1	古代医书中出现了𫠜。 ⇄ 古代醫書中出現了齯。 (context domain-template; source metalinguistic-fallback; official mapping; domain-template; Historical anatomy / medicine: a rare character associated with the body, teeth, or an anatomical term.)	"[""古代医书中出现了𫠜。"",""古代醫書中出現了齯。""]"	"[""chinese"",""simplified-traditional"",""tghz2013"",""level-3"",""bidirectional"",""one-context-sentence"",""corner-case"",""hans-to-hant""]"
zh-tghz2013-level-3/7856-map-01/hant-to-hans	通用规范汉字表 第3级	vocabulary	7856	zh-Hant	zh-Hans	齯（齯字）	"[""𫠜（𫠜字）""]"	"[]"		"[""zh-tghz2013.7856"",""zh-tghz2013.7856.map-01""]"	"[]"	"[]"	sources/mappings.tsv	规范字编号 7856；对应码 7856_1	古代医书中出现了𫠜。 ⇄ 古代醫書中出現了齯。 (context domain-template; source metalinguistic-fallback; official mapping; domain-template; Historical anatomy / medicine: a rare character associated with the body, teeth, or an anatomical term.)	"[""古代医书中出现了𫠜。"",""古代醫書中出現了齯。""]"	"[""chinese"",""simplified-traditional"",""tghz2013"",""level-3"",""bidirectional"",""one-context-sentence"",""corner-case"",""hant-to-hans""]"
zh-tghz2013-level-3/7857-map-01/hans-to-hant	通用规范汉字表 第3级	vocabulary	7857	zh-Hans	zh-Hant	鹾（鹾字）	"[""鹺（鹺字）""]"	"[]"		"[""zh-tghz2013.7857"",""zh-tghz2013.7857.map-01""]"	"[]"	"[]"	sources/mappings.tsv	规范字编号 7857；对应码 7857_1	传统饮食文献中出现了鹾。 ⇄ 傳統飲食文獻中出現了鹺。 (context domain-template; source metalinguistic-fallback; official mapping; domain-template; Traditional food and drink terminology: a rare character associated with salt, flavour, wine, or food preparation.)	"[""传统饮食文献中出现了鹾。"",""傳統飲食文獻中出現了鹺。""]"	"[""chinese"",""simplified-traditional"",""tghz2013"",""level-3"",""bidirectional"",""one-context-sentence"",""corner-case"",""hans-to-hant""]"
zh-tghz2013-level-3/7857-map-01/hant-to-hans	通用规范汉字表 第3级	vocabulary	7857	zh-Hant	zh-Hans	鹺（鹺字）	"[""鹾（鹾字）""]"	"[]"		"[""zh-tghz2013.7857"",""zh-tghz2013.7857.map-01""]"	"[]"	"[]"	sources/mappings.tsv	规范字编号 7857；对应码 7857_1	传统饮食文献中出现了鹾。 ⇄ 傳統飲食文獻中出現了鹺。 (context domain-template; source metalinguistic-fallback; official mapping; domain-template; Traditional food and drink terminology: a rare character associated with salt, flavour, wine, or food preparation.)	"[""传统饮食文献中出现了鹾。"",""傳統飲食文獻中出現了鹺。""]"	"[""chinese"",""simplified-traditional"",""tghz2013"",""level-3"",""bidirectional"",""one-context-sentence"",""corner-case"",""hant-to-hans""]"
zh-tghz2013-level-3/7870-map-01/hans-to-hant	通用规范汉字表 第3级	vocabulary	7870	zh-Hans	zh-Hant	𪩘（𪩘字）	"[""巘（巘字）""]"	"[]"		"[""zh-tghz2013.7870"",""zh-tghz2013.7870.map-01""]"	"[]"	"[]"	sources/mappings.tsv	规范字编号 7870；对应码 7870_1	地方志中记载了𪩘。 ⇄ 地方志中記載了巘。 (context domain-template; source metalinguistic-fallback; official mapping; domain-template; Historical geography / topography: a rare character used for terrain, a structure, or a place name.)	"[""地方志中记载了𪩘。"",""地方志中記載了巘。""]"	"[""chinese"",""simplified-traditional"",""tghz2013"",""level-3"",""bidirectional"",""one-context-sentence"",""corner-case"",""hans-to-hant""]"
zh-tghz2013-level-3/7870-map-01/hant-to-hans	通用规范汉字表 第3级	vocabulary	7870	zh-Hant	zh-Hans	巘（巘字）	"[""𪩘（𪩘字）""]"	"[]"		"[""zh-tghz2013.7870"",""zh-tghz2013.7870.map-01""]"	"[]"	"[]"	sources/mappings.tsv	规范字编号 7870；对应码 7870_1	地方志中记载了𪩘。 ⇄ 地方志中記載了巘。 (context domain-template; source metalinguistic-fallback; official mapping; domain-template; Historical geography / topography: a rare character used for terrain, a structure, or a place name.)	"[""地方志中记载了𪩘。"",""地方志中記載了巘。""]"	"[""chinese"",""simplified-traditional"",""tghz2013"",""level-3"",""bidirectional"",""one-context-sentence"",""corner-case"",""hant-to-hans""]"
zh-tghz2013-level-3/7872-map-01/hans-to-hant	通用规范汉字表 第3级	vocabulary	7872	zh-Hans	zh-Hant	𬭬（𬭬字）	"[""鏏（鏏字）""]"	"[]"		"[""zh-tghz2013.7872"",""zh-tghz2013.7872.map-01""]"	"[]"	"[]"	sources/mappings.tsv	规范字编号 7872；对应码 7872_1	金属器物或技术资料中可见𬭬。 ⇄ 金屬器物或技術資料中可見鏏。 (context domain-template; source metalinguistic-fallback; official mapping; domain-template; Metallurgy / historical material culture: a rare metal-radical character used for a metal, tool, weapon, vessel, ornament, or technical term.)	"[""金属器物或技术资料中可见𬭬。"",""金屬器物或技術資料中可見鏏。""]"	"[""chinese"",""simplified-traditional"",""tghz2013"",""level-3"",""bidirectional"",""one-context-sentence"",""corner-case"",""hans-to-hant""]"
zh-tghz2013-level-3/7872-map-01/hant-to-hans	通用规范汉字表 第3级	vocabulary	7872	zh-Hant	zh-Hans	鏏（鏏字）	"[""𬭬（𬭬字）""]"	"[]"		"[""zh-tghz2013.7872"",""zh-tghz2013.7872.map-01""]"	"[]"	"[]"	sources/mappings.tsv	规范字编号 7872；对应码 7872_1	金属器物或技术资料中可见𬭬。 ⇄ 金屬器物或技術資料中可見鏏。 (context domain-template; source metalinguistic-fallback; official mapping; domain-template; Metallurgy / historical material culture: a rare metal-radical character used for a metal, tool, weapon, vessel, ornament, or technical term.)	"[""金属器物或技术资料中可见𬭬。"",""金屬器物或技術資料中可見鏏。""]"	"[""chinese"",""simplified-traditional"",""tghz2013"",""level-3"",""bidirectional"",""one-context-sentence"",""corner-case"",""hant-to-hans""]"
zh-tghz2013-level-3/7873-map-01/hans-to-hant	通用规范汉字表 第3级	vocabulary	7873	zh-Hans	zh-Hant	𨱑（𨱑字）	"[""鐄（鐄字）""]"	"[]"		"[""zh-tghz2013.7873"",""zh-tghz2013.7873.map-01""]"	"[]"	"[]"	sources/mappings.tsv	规范字编号 7873；对应码 7873_1	金属器物或技术资料中可见𨱑。 ⇄ 金屬器物或技術資料中可見鐄。 (context domain-template; source metalinguistic-fallback; official mapping; domain-template; Metallurgy / historical material culture: a rare metal-radical character used for a metal, tool, weapon, vessel, ornament, or technical term.)	"[""金属器物或技术资料中可见𨱑。"",""金屬器物或技術資料中可見鐄。""]"	"[""chinese"",""simplified-traditional"",""tghz2013"",""level-3"",""bidirectional"",""one-context-sentence"",""corner-case"",""hans-to-hant""]"
zh-tghz2013-level-3/7873-map-01/hant-to-hans	通用规范汉字表 第3级	vocabulary	7873	zh-Hant	zh-Hans	鐄（鐄字）	"[""𨱑（𨱑字）""]"	"[]"		"[""zh-tghz2013.7873"",""zh-tghz2013.7873.map-01""]"	"[]"	"[]"	sources/mappings.tsv	规范字编号 7873；对应码 7873_1	金属器物或技术资料中可见𨱑。 ⇄ 金屬器物或技術資料中可見鐄。 (context domain-template; source metalinguistic-fallback; official mapping; domain-template; Metallurgy / historical material culture: a rare metal-radical character used for a metal, tool, weapon, vessel, ornament, or technical term.)	"[""金属器物或技术资料中可见𨱑。"",""金屬器物或技術資料中可見鐄。""]"	"[""chinese"",""simplified-traditional"",""tghz2013"",""level-3"",""bidirectional"",""one-context-sentence"",""corner-case"",""hant-to-hans""]"
zh-tghz2013-level-3/7874-map-01/hans-to-hant	通用规范汉字表 第3级	vocabulary	7874	zh-Hans	zh-Hant	𬭯（𬭯字）	"[""䥕（䥕字）""]"	"[]"		"[""zh-tghz2013.7874"",""zh-tghz2013.7874.map-01""]"	"[]"	"[]"	sources/mappings.tsv	规范字编号 7874；对应码 7874_1	金属器物或技术资料中可见𬭯。 ⇄ 金屬器物或技術資料中可見䥕。 (context domain-template; source metalinguistic-fallback; official mapping; domain-template; Metallurgy / historical material culture: a rare metal-radical character used for a metal, tool, weapon, vessel, ornament, or technical term.)	"[""金属器物或技术资料中可见𬭯。"",""金屬器物或技術資料中可見䥕。""]"	"[""chinese"",""simplified-traditional"",""tghz2013"",""level-3"",""bidirectional"",""one-context-sentence"",""corner-case"",""hans-to-hant""]"
zh-tghz2013-level-3/7874-map-01/hant-to-hans	通用规范汉字表 第3级	vocabulary	7874	zh-Hant	zh-Hans	䥕（䥕字）	"[""𬭯（𬭯字）""]"	"[]"		"[""zh-tghz2013.7874"",""zh-tghz2013.7874.map-01""]"	"[]"	"[]"	sources/mappings.tsv	规范字编号 7874；对应码 7874_1	金属器物或技术资料中可见𬭯。 ⇄ 金屬器物或技術資料中可見䥕。 (context domain-template; source metalinguistic-fallback; official mapping; domain-template; Metallurgy / historical material culture: a rare metal-radical character used for a metal, tool, weapon, vessel, ornament, or technical term.)	"[""金属器物或技术资料中可见𬭯。"",""金屬器物或技術資料中可見䥕。""]"	"[""chinese"",""simplified-traditional"",""tghz2013"",""level-3"",""bidirectional"",""one-context-sentence"",""corner-case"",""hant-to-hans""]"
zh-tghz2013-level-3/7878-map-01/hans-to-hant	通用规范汉字表 第3级	vocabulary	7878	zh-Hans	zh-Hant	篯（篯字）	"[""籛（籛字）""]"	"[]"		"[""zh-tghz2013.7878"",""zh-tghz2013.7878.map-01""]"	"[]"	"[]"	sources/mappings.tsv	规范字编号 7878；对应码 7878_1	族谱中记载了篯姓。 ⇄ 族譜中記載了籛姓。 (context curated-domain; source metalinguistic-fallback; official mapping; curated-domain; Genealogy / surnames: a rare family-name character.)	"[""族谱中记载了篯姓。"",""族譜中記載了籛姓。""]"	"[""chinese"",""simplified-traditional"",""tghz2013"",""level-3"",""bidirectional"",""one-context-sentence"",""corner-case"",""hans-to-hant""]"
zh-tghz2013-level-3/7878-map-01/hant-to-hans	通用规范汉字表 第3级	vocabulary	7878	zh-Hant	zh-Hans	籛（籛字）	"[""篯（篯字）""]"	"[]"		"[""zh-tghz2013.7878"",""zh-tghz2013.7878.map-01""]"	"[]"	"[]"	sources/mappings.tsv	规范字编号 7878；对应码 7878_1	族谱中记载了篯姓。 ⇄ 族譜中記載了籛姓。 (context curated-domain; source metalinguistic-fallback; official mapping; curated-domain; Genealogy / surnames: a rare family-name character.)	"[""族谱中记载了篯姓。"",""族譜中記載了籛姓。""]"	"[""chinese"",""simplified-traditional"",""tghz2013"",""level-3"",""bidirectional"",""one-context-sentence"",""corner-case"",""hant-to-hans""]"
zh-tghz2013-level-3/7885-map-01/hans-to-hant	通用规范汉字表 第3级	vocabulary	7885	zh-Hans	zh-Hant	鲭（鲭鱼）	"[""鯖（鯖魚）""]"	"[]"		"[""zh-tghz2013.7885"",""zh-tghz2013.7885.map-01""]"	"[]"	"[]"	sources/mappings.tsv	规范字编号 7885；对应码 7885_1	鲭鱼是一种鱼类或水生动物。 ⇄ 鯖魚是一種魚類或水生動物。 (context authored-example; source project-authored; official mapping; lexical-context)	"[""鲭鱼是一种鱼类或水生动物。"",""鯖魚是一種魚類或水生動物。""]"	"[""chinese"",""simplified-traditional"",""tghz2013"",""level-3"",""bidirectional"",""one-context-sentence"",""hans-to-hant""]"
zh-tghz2013-level-3/7885-map-01/hant-to-hans	通用规范汉字表 第3级	vocabulary	7885	zh-Hant	zh-Hans	鯖（鯖魚）	"[""鲭（鲭鱼）""]"	"[]"		"[""zh-tghz2013.7885"",""zh-tghz2013.7885.map-01""]"	"[]"	"[]"	sources/mappings.tsv	规范字编号 7885；对应码 7885_1	鲭鱼是一种鱼类或水生动物。 ⇄ 鯖魚是一種魚類或水生動物。 (context authored-example; source project-authored; official mapping; lexical-context)	"[""鲭鱼是一种鱼类或水生动物。"",""鯖魚是一種魚類或水生動物。""]"	"[""chinese"",""simplified-traditional"",""tghz2013"",""level-3"",""bidirectional"",""one-context-sentence"",""hant-to-hans""]"
zh-tghz2013-level-3/7886-map-01/hans-to-hant	通用规范汉字表 第3级	vocabulary	7886	zh-Hans	zh-Hant	鲯（鲯鳅）	"[""鯕（鯕鰍）""]"	"[]"		"[""zh-tghz2013.7886"",""zh-tghz2013.7886.map-01""]"	"[]"	"[]"	sources/mappings.tsv	规范字编号 7886；对应码 7886_1	鲯鳅是一种鱼类或水生动物。 ⇄ 鯕鰍是一種魚類或水生動物。 (context authored-example; source project-authored; official mapping; lexical-context)	"[""鲯鳅是一种鱼类或水生动物。"",""鯕鰍是一種魚類或水生動物。""]"	"[""chinese"",""simplified-traditional"",""tghz2013"",""level-3"",""bidirectional"",""one-context-sentence"",""hans-to-hant""]"
zh-tghz2013-level-3/7886-map-01/hant-to-hans	通用规范汉字表 第3级	vocabulary	7886	zh-Hant	zh-Hans	鯕（鯕鰍）	"[""鲯（鲯鳅）""]"	"[]"		"[""zh-tghz2013.7886"",""zh-tghz2013.7886.map-01""]"	"[]"	"[]"	sources/mappings.tsv	规范字编号 7886；对应码 7886_1	鲯鳅是一种鱼类或水生动物。 ⇄ 鯕鰍是一種魚類或水生動物。 (context authored-example; source project-authored; official mapping; lexical-context)	"[""鲯鳅是一种鱼类或水生动物。"",""鯕鰍是一種魚類或水生動物。""]"	"[""chinese"",""simplified-traditional"",""tghz2013"",""level-3"",""bidirectional"",""one-context-sentence"",""hant-to-hans""]"
zh-tghz2013-level-3/7887-map-01/hans-to-hant	通用规范汉字表 第3级	vocabulary	7887	zh-Hans	zh-Hant	鲰（鲰字）	"[""鯫（鯫字）""]"	"[]"		"[""zh-tghz2013.7887"",""zh-tghz2013.7887.map-01""]"	"[]"	"[]"	sources/mappings.tsv	规范字编号 7887；对应码 7887_1	图鉴中收录了鲰这种鱼。 ⇄ 圖鑑中收錄了鯫這種魚。 (context domain-template; source metalinguistic-fallback; official mapping; domain-template; Zoology / ichthyology: a rare character used in the name of a fish or fish group.)	"[""图鉴中收录了鲰这种鱼。"",""圖鑑中收錄了鯫這種魚。""]"	"[""chinese"",""simplified-traditional"",""tghz2013"",""level-3"",""bidirectional"",""one-context-sentence"",""corner-case"",""hans-to-hant""]"
zh-tghz2013-level-3/7887-map-01/hant-to-hans	通用规范汉字表 第3级	vocabulary	7887	zh-Hant	zh-Hans	鯫（鯫字）	"[""鲰（鲰字）""]"	"[]"		"[""zh-tghz2013.7887"",""zh-tghz2013.7887.map-01""]"	"[]"	"[]"	sources/mappings.tsv	规范字编号 7887；对应码 7887_1	图鉴中收录了鲰这种鱼。 ⇄ 圖鑑中收錄了鯫這種魚。 (context domain-template; source metalinguistic-fallback; official mapping; domain-template; Zoology / ichthyology: a rare character used in the name of a fish or fish group.)	"[""图鉴中收录了鲰这种鱼。"",""圖鑑中收錄了鯫這種魚。""]"	"[""chinese"",""simplified-traditional"",""tghz2013"",""level-3"",""bidirectional"",""one-context-sentence"",""corner-case"",""hant-to-hans""]"
zh-tghz2013-level-3/7888-map-01/hans-to-hant	通用规范汉字表 第3级	vocabulary	7888	zh-Hans	zh-Hant	鲺（鲺字）	"[""鯴（鯴字）""]"	"[]"		"[""zh-tghz2013.7888"",""zh-tghz2013.7888.map-01""]"	"[]"	"[]"	sources/mappings.tsv	规范字编号 7888；对应码 7888_1	图鉴中收录了鲺这种鱼。 ⇄ 圖鑑中收錄了鯴這種魚。 (context domain-template; source metalinguistic-fallback; official mapping; domain-template; Zoology / ichthyology: a rare character used in the name of a fish or fish group.)	"[""图鉴中收录了鲺这种鱼。"",""圖鑑中收錄了鯴這種魚。""]"	"[""chinese"",""simplified-traditional"",""tghz2013"",""level-3"",""bidirectional"",""one-context-sentence"",""corner-case"",""hans-to-hant""]"
zh-tghz2013-level-3/7888-map-01/hant-to-hans	通用规范汉字表 第3级	vocabulary	7888	zh-Hant	zh-Hans	鯴（鯴字）	"[""鲺（鲺字）""]"	"[]"		"[""zh-tghz2013.7888"",""zh-tghz2013.7888.map-01""]"	"[]"	"[]"	sources/mappings.tsv	规范字编号 7888；对应码 7888_1	图鉴中收录了鲺这种鱼。 ⇄ 圖鑑中收錄了鯴這種魚。 (context domain-template; source metalinguistic-fallback; official mapping; domain-template; Zoology / ichthyology: a rare character used in the name of a fish or fish group.)	"[""图鉴中收录了鲺这种鱼。"",""圖鑑中收錄了鯴這種魚。""]"	"[""chinese"",""simplified-traditional"",""tghz2013"",""level-3"",""bidirectional"",""one-context-sentence"",""corner-case"",""hant-to-hans""]"
zh-tghz2013-level-3/7889-map-01/hans-to-hant	通用规范汉字表 第3级	vocabulary	7889	zh-Hans	zh-Hant	鲹（鲹字）	"[""鰺（鰺字）""]"	"[]"		"[""zh-tghz2013.7889"",""zh-tghz2013.7889.map-01""]"	"[]"	"[]"	sources/mappings.tsv	规范字编号 7889；对应码 7889_1	图鉴中收录了鲹这种鱼。 ⇄ 圖鑑中收錄了鰺這種魚。 (context domain-template; source metalinguistic-fallback; official mapping; domain-template; Zoology / ichthyology: a rare character used in the name of a fish or fish group.)	"[""图鉴中收录了鲹这种鱼。"",""圖鑑中收錄了鰺這種魚。""]"	"[""chinese"",""simplified-traditional"",""tghz2013"",""level-3"",""bidirectional"",""one-context-sentence"",""corner-case"",""hans-to-hant""]"
zh-tghz2013-level-3/7889-map-01/hant-to-hans	通用规范汉字表 第3级	vocabulary	7889	zh-Hant	zh-Hans	鰺（鰺字）	"[""鲹（鲹字）""]"	"[]"		"[""zh-tghz2013.7889"",""zh-tghz2013.7889.map-01""]"	"[]"	"[]"	sources/mappings.tsv	规范字编号 7889；对应码 7889_1	图鉴中收录了鲹这种鱼。 ⇄ 圖鑑中收錄了鰺這種魚。 (context domain-template; source metalinguistic-fallback; official mapping; domain-template; Zoology / ichthyology: a rare character used in the name of a fish or fish group.)	"[""图鉴中收录了鲹这种鱼。"",""圖鑑中收錄了鰺這種魚。""]"	"[""chinese"",""simplified-traditional"",""tghz2013"",""level-3"",""bidirectional"",""one-context-sentence"",""corner-case"",""hant-to-hans""]"
zh-tghz2013-level-3/7890-map-01/hans-to-hant	通用规范汉字表 第3级	vocabulary	7890	zh-Hans	zh-Hant	𫗴（𫗴字）	"[""饘（饘字）""]"	"[]"		"[""zh-tghz2013.7890"",""zh-tghz2013.7890.map-01""]"	"[]"	"[]"	sources/mappings.tsv	规范字编号 7890；对应码 7890_1	地方食谱中提到了𫗴。 ⇄ 地方食譜中提到了饘。 (context domain-template; source metalinguistic-fallback; official mapping; domain-template; Traditional or regional food vocabulary: a rare character used for a dish, food, or preparation.)	"[""地方食谱中提到了𫗴。"",""地方食譜中提到了饘。""]"	"[""chinese"",""simplified-traditional"",""tghz2013"",""level-3"",""bidirectional"",""one-context-sentence"",""corner-case"",""hans-to-hant""]"
zh-tghz2013-level-3/7890-map-01/hant-to-hans	通用规范汉字表 第3级	vocabulary	7890	zh-Hant	zh-Hans	饘（饘字）	"[""𫗴（𫗴字）""]"	"[]"		"[""zh-tghz2013.7890"",""zh-tghz2013.7890.map-01""]"	"[]"	"[]"	sources/mappings.tsv	规范字编号 7890；对应码 7890_1	地方食谱中提到了𫗴。 ⇄ 地方食譜中提到了饘。 (context domain-template; source metalinguistic-fallback; official mapping; domain-template; Traditional or regional food vocabulary: a rare character used for a dish, food, or preparation.)	"[""地方食谱中提到了𫗴。"",""地方食譜中提到了饘。""]"	"[""chinese"",""simplified-traditional"",""tghz2013"",""level-3"",""bidirectional"",""one-context-sentence"",""corner-case"",""hant-to-hans""]"
zh-tghz2013-level-3/7891-map-01/hans-to-hant	通用规范汉字表 第3级	vocabulary	7891	zh-Hans	zh-Hant	亸（柳亸花娇）	"[""嚲（柳嚲花嬌）""]"	"[]"		"[""zh-tghz2013.7891"",""zh-tghz2013.7891.map-01""]"	"[]"	"[]"	sources/mappings.tsv	规范字编号 7891；对应码 7891_1	柳亸花娇是一个成语或固定说法。 ⇄ 柳嚲花嬌是一個成語或固定說法。 (context authored-example; source project-authored; official mapping; lexical-context)	"[""柳亸花娇是一个成语或固定说法。"",""柳嚲花嬌是一個成語或固定說法。""]"	"[""chinese"",""simplified-traditional"",""tghz2013"",""level-3"",""bidirectional"",""one-context-sentence"",""hans-to-hant""]"
zh-tghz2013-level-3/7891-map-01/hant-to-hans	通用规范汉字表 第3级	vocabulary	7891	zh-Hant	zh-Hans	嚲（柳嚲花嬌）	"[""亸（柳亸花娇）""]"	"[]"		"[""zh-tghz2013.7891"",""zh-tghz2013.7891.map-01""]"	"[]"	"[]"	sources/mappings.tsv	规范字编号 7891；对应码 7891_1	柳亸花娇是一个成语或固定说法。 ⇄ 柳嚲花嬌是一個成語或固定說法。 (context authored-example; source project-authored; official mapping; lexical-context)	"[""柳亸花娇是一个成语或固定说法。"",""柳嚲花嬌是一個成語或固定說法。""]"	"[""chinese"",""simplified-traditional"",""tghz2013"",""level-3"",""bidirectional"",""one-context-sentence"",""hant-to-hans""]"
zh-tghz2013-level-3/7894-map-01/hans-to-hant	通用规范汉字表 第3级	vocabulary	7894	zh-Hans	zh-Hant	𬸦（𬸦字）	"[""鷟（鷟字）""]"	"[]"		"[""zh-tghz2013.7894"",""zh-tghz2013.7894.map-01""]"	"[]"	"[]"	sources/mappings.tsv	规范字编号 7894；对应码 7894_1	图鉴中记录了𬸦这种鸟。 ⇄ 圖鑑中記錄了鷟這種鳥。 (context domain-template; source metalinguistic-fallback; official mapping; domain-template; Zoology / ornithology: a rare character used in the name of a bird or bird group.)	"[""图鉴中记录了𬸦这种鸟。"",""圖鑑中記錄了鷟這種鳥。""]"	"[""chinese"",""simplified-traditional"",""tghz2013"",""level-3"",""bidirectional"",""one-context-sentence"",""corner-case"",""hans-to-hant""]"
zh-tghz2013-level-3/7894-map-01/hant-to-hans	通用规范汉字表 第3级	vocabulary	7894	zh-Hant	zh-Hans	鷟（鷟字）	"[""𬸦（𬸦字）""]"	"[]"		"[""zh-tghz2013.7894"",""zh-tghz2013.7894.map-01""]"	"[]"	"[]"	sources/mappings.tsv	规范字编号 7894；对应码 7894_1	图鉴中记录了𬸦这种鸟。 ⇄ 圖鑑中記錄了鷟這種鳥。 (context domain-template; source metalinguistic-fallback; official mapping; domain-template; Zoology / ornithology: a rare character used in the name of a bird or bird group.)	"[""图鉴中记录了𬸦这种鸟。"",""圖鑑中記錄了鷟這種鳥。""]"	"[""chinese"",""simplified-traditional"",""tghz2013"",""level-3"",""bidirectional"",""one-context-sentence"",""corner-case"",""hant-to-hans""]"
zh-tghz2013-level-3/7912-map-01/hans-to-hant	通用规范汉字表 第3级	vocabulary	7912	zh-Hans	zh-Hant	黉（黉舍）	"[""黌（黌舍）""]"	"[]"		"[""zh-tghz2013.7912"",""zh-tghz2013.7912.map-01""]"	"[]"	"[]"	sources/mappings.tsv	规范字编号 7912；对应码 7912_1	黉舍是一种器物。 ⇄ 黌舍是一種器物。 (context authored-example; source project-authored; official mapping; lexical-context)	"[""黉舍是一种器物。"",""黌舍是一種器物。""]"	"[""chinese"",""simplified-traditional"",""tghz2013"",""level-3"",""bidirectional"",""one-context-sentence"",""hans-to-hant""]"
zh-tghz2013-level-3/7912-map-01/hant-to-hans	通用规范汉字表 第3级	vocabulary	7912	zh-Hant	zh-Hans	黌（黌舍）	"[""黉（黉舍）""]"	"[]"		"[""zh-tghz2013.7912"",""zh-tghz2013.7912.map-01""]"	"[]"	"[]"	sources/mappings.tsv	规范字编号 7912；对应码 7912_1	黉舍是一种器物。 ⇄ 黌舍是一種器物。 (context authored-example; source project-authored; official mapping; lexical-context)	"[""黉舍是一种器物。"",""黌舍是一種器物。""]"	"[""chinese"",""simplified-traditional"",""tghz2013"",""level-3"",""bidirectional"",""one-context-sentence"",""hant-to-hans""]"
zh-tghz2013-level-3/7914-map-01/hans-to-hant	通用规范汉字表 第3级	vocabulary	7914	zh-Hans	zh-Hant	鹨（田鹨）	"[""鷚（田鷚）""]"	"[]"		"[""zh-tghz2013.7914"",""zh-tghz2013.7914.map-01""]"	"[]"	"[]"	sources/mappings.tsv	规范字编号 7914；对应码 7914_1	田鹨是一种鸟。 ⇄ 田鷚是一種鳥。 (context authored-example; source project-authored; official mapping; lexical-context)	"[""田鹨是一种鸟。"",""田鷚是一種鳥。""]"	"[""chinese"",""simplified-traditional"",""tghz2013"",""level-3"",""bidirectional"",""one-context-sentence"",""hans-to-hant""]"
zh-tghz2013-level-3/7914-map-01/hant-to-hans	通用规范汉字表 第3级	vocabulary	7914	zh-Hant	zh-Hans	鷚（田鷚）	"[""鹨（田鹨）""]"	"[]"		"[""zh-tghz2013.7914"",""zh-tghz2013.7914.map-01""]"	"[]"	"[]"	sources/mappings.tsv	规范字编号 7914；对应码 7914_1	田鹨是一种鸟。 ⇄ 田鷚是一種鳥。 (context authored-example; source project-authored; official mapping; lexical-context)	"[""田鹨是一种鸟。"",""田鷚是一種鳥。""]"	"[""chinese"",""simplified-traditional"",""tghz2013"",""level-3"",""bidirectional"",""one-context-sentence"",""hant-to-hans""]"
zh-tghz2013-level-3/7916-map-01/hans-to-hant	通用规范汉字表 第3级	vocabulary	7916	zh-Hans	zh-Hant	𫄷（𫄷字）	"[""繶（繶字）""]"	"[]"		"[""zh-tghz2013.7916"",""zh-tghz2013.7916.map-01""]"	"[]"	"[]"	sources/mappings.tsv	规范字编号 7916；对应码 7916_1	古代织物记录中出现了𫄷。 ⇄ 古代織物記錄中出現了繶。 (context domain-template; source metalinguistic-fallback; official mapping; domain-template; Traditional textiles / cordage: a rare character associated with fibres, silk, thread, rope, or textile production.)	"[""古代织物记录中出现了𫄷。"",""古代織物記錄中出現了繶。""]"	"[""chinese"",""simplified-traditional"",""tghz2013"",""level-3"",""bidirectional"",""one-context-sentence"",""corner-case"",""hans-to-hant""]"
zh-tghz2013-level-3/7916-map-01/hant-to-hans	通用规范汉字表 第3级	vocabulary	7916	zh-Hant	zh-Hans	繶（繶字）	"[""𫄷（𫄷字）""]"	"[]"		"[""zh-tghz2013.7916"",""zh-tghz2013.7916.map-01""]"	"[]"	"[]"	sources/mappings.tsv	规范字编号 7916；对应码 7916_1	古代织物记录中出现了𫄷。 ⇄ 古代織物記錄中出現了繶。 (context domain-template; source metalinguistic-fallback; official mapping; domain-template; Traditional textiles / cordage: a rare character associated with fibres, silk, thread, rope, or textile production.)	"[""古代织物记录中出现了𫄷。"",""古代織物記錄中出現了繶。""]"	"[""chinese"",""simplified-traditional"",""tghz2013"",""level-3"",""bidirectional"",""one-context-sentence"",""corner-case"",""hant-to-hans""]"
zh-tghz2013-level-3/7918-map-01/hans-to-hant	通用规范汉字表 第3级	vocabulary	7918	zh-Hans	zh-Hant	𤩽（𤩽字）	"[""瓛（瓛字）""]"	"[]"		"[""zh-tghz2013.7918"",""zh-tghz2013.7918.map-01""]"	"[]"	"[]"	sources/mappings.tsv	规范字编号 7918；对应码 7918_1	古代玉器或人名记录中可见𤩽。 ⇄ 古代玉器或人名記錄中可見瓛。 (context domain-template; source metalinguistic-fallback; official mapping; domain-template; Jade terminology / personal names: a rare character associated with jade, ornament, or name usage.)	"[""古代玉器或人名记录中可见𤩽。"",""古代玉器或人名記錄中可見瓛。""]"	"[""chinese"",""simplified-traditional"",""tghz2013"",""level-3"",""bidirectional"",""one-context-sentence"",""corner-case"",""hans-to-hant""]"
zh-tghz2013-level-3/7918-map-01/hant-to-hans	通用规范汉字表 第3级	vocabulary	7918	zh-Hant	zh-Hans	瓛（瓛字）	"[""𤩽（𤩽字）""]"	"[]"		"[""zh-tghz2013.7918"",""zh-tghz2013.7918.map-01""]"	"[]"	"[]"	sources/mappings.tsv	规范字编号 7918；对应码 7918_1	古代玉器或人名记录中可见𤩽。 ⇄ 古代玉器或人名記錄中可見瓛。 (context domain-template; source metalinguistic-fallback; official mapping; domain-template; Jade terminology / personal names: a rare character associated with jade, ornament, or name usage.)	"[""古代玉器或人名记录中可见𤩽。"",""古代玉器或人名記錄中可見瓛。""]"	"[""chinese"",""simplified-traditional"",""tghz2013"",""level-3"",""bidirectional"",""one-context-sentence"",""corner-case"",""hant-to-hans""]"
zh-tghz2013-level-3/7935-map-01/hans-to-hant	通用规范汉字表 第3级	vocabulary	7935	zh-Hans	zh-Hant	蟏（蟏蛸）	"[""蠨（蠨蛸）""]"	"[]"		"[""zh-tghz2013.7935"",""zh-tghz2013.7935.map-01""]"	"[]"	"[]"	sources/mappings.tsv	规范字编号 7935；对应码 7935_1	蟏蛸是一个较少见的词语。 ⇄ 蠨蛸是一個較少見的詞語。 (context authored-example; source project-authored; official mapping; lexical-context)	"[""蟏蛸是一个较少见的词语。"",""蠨蛸是一個較少見的詞語。""]"	"[""chinese"",""simplified-traditional"",""tghz2013"",""level-3"",""bidirectional"",""one-context-sentence"",""hans-to-hant""]"
zh-tghz2013-level-3/7935-map-01/hant-to-hans	通用规范汉字表 第3级	vocabulary	7935	zh-Hant	zh-Hans	蠨（蠨蛸）	"[""蟏（蟏蛸）""]"	"[]"		"[""zh-tghz2013.7935"",""zh-tghz2013.7935.map-01""]"	"[]"	"[]"	sources/mappings.tsv	规范字编号 7935；对应码 7935_1	蟏蛸是一个较少见的词语。 ⇄ 蠨蛸是一個較少見的詞語。 (context authored-example; source project-authored; official mapping; lexical-context)	"[""蟏蛸是一个较少见的词语。"",""蠨蛸是一個較少見的詞語。""]"	"[""chinese"",""simplified-traditional"",""tghz2013"",""level-3"",""bidirectional"",""one-context-sentence"",""hant-to-hans""]"
zh-tghz2013-level-3/7936-map-01/hans-to-hant	通用规范汉字表 第3级	vocabulary	7936	zh-Hans	zh-Hant	㘎（㘎字）	"[""㘚（㘚字）""]"	"[]"		"[""zh-tghz2013.7936"",""zh-tghz2013.7936.map-01""]"	"[]"	"[]"	sources/mappings.tsv	规范字编号 7936；对应码 7936_1	古文中可见㘎。 ⇄ 古文中可見㘚。 (context domain-template; source metalinguistic-fallback; official mapping; domain-template; Classical Chinese vocabulary: a rare character used in older descriptions of people, actions, states, sounds, or qualities.)	"[""古文中可见㘎。"",""古文中可見㘚。""]"	"[""chinese"",""simplified-traditional"",""tghz2013"",""level-3"",""bidirectional"",""one-context-sentence"",""corner-case"",""hans-to-hant""]"
zh-tghz2013-level-3/7936-map-01/hant-to-hans	通用规范汉字表 第3级	vocabulary	7936	zh-Hant	zh-Hans	㘚（㘚字）	"[""㘎（㘎字）""]"	"[]"		"[""zh-tghz2013.7936"",""zh-tghz2013.7936.map-01""]"	"[]"	"[]"	sources/mappings.tsv	规范字编号 7936；对应码 7936_1	古文中可见㘎。 ⇄ 古文中可見㘚。 (context domain-template; source metalinguistic-fallback; official mapping; domain-template; Classical Chinese vocabulary: a rare character used in older descriptions of people, actions, states, sounds, or qualities.)	"[""古文中可见㘎。"",""古文中可見㘚。""]"	"[""chinese"",""simplified-traditional"",""tghz2013"",""level-3"",""bidirectional"",""one-context-sentence"",""corner-case"",""hant-to-hans""]"
zh-tghz2013-level-3/7937-map-01/hans-to-hant	通用规范汉字表 第3级	vocabulary	7937	zh-Hans	zh-Hant	𬭳（𬭳字）	"[""𨭎（𨭎字）""]"	"[]"		"[""zh-tghz2013.7937"",""zh-tghz2013.7937.map-01""]"	"[]"	"[]"	sources/mappings.tsv	规范字编号 7937；对应码 7937_1	金属器物或技术资料中可见𬭳。 ⇄ 金屬器物或技術資料中可見𨭎。 (context domain-template; source metalinguistic-fallback; official mapping; domain-template; Metallurgy / historical material culture: a rare metal-radical character used for a metal, tool, weapon, vessel, ornament, or technical term.)	"[""金属器物或技术资料中可见𬭳。"",""金屬器物或技術資料中可見𨭎。""]"	"[""chinese"",""simplified-traditional"",""tghz2013"",""level-3"",""bidirectional"",""one-context-sentence"",""corner-case"",""hans-to-hant""]"
zh-tghz2013-level-3/7937-map-01/hant-to-hans	通用规范汉字表 第3级	vocabulary	7937	zh-Hant	zh-Hans	𨭎（𨭎字）	"[""𬭳（𬭳字）""]"	"[]"		"[""zh-tghz2013.7937"",""zh-tghz2013.7937.map-01""]"	"[]"	"[]"	sources/mappings.tsv	规范字编号 7937；对应码 7937_1	金属器物或技术资料中可见𬭳。 ⇄ 金屬器物或技術資料中可見𨭎。 (context domain-template; source metalinguistic-fallback; official mapping; domain-template; Metallurgy / historical material culture: a rare metal-radical character used for a metal, tool, weapon, vessel, ornament, or technical term.)	"[""金属器物或技术资料中可见𬭳。"",""金屬器物或技術資料中可見𨭎。""]"	"[""chinese"",""simplified-traditional"",""tghz2013"",""level-3"",""bidirectional"",""one-context-sentence"",""corner-case"",""hant-to-hans""]"
zh-tghz2013-level-3/7938-map-01/hans-to-hant	通用规范汉字表 第3级	vocabulary	7938	zh-Hans	zh-Hant	镤（镤字）	"[""鏷（鏷字）""]"	"[]"		"[""zh-tghz2013.7938"",""zh-tghz2013.7938.map-01""]"	"[]"	"[]"	sources/mappings.tsv	规范字编号 7938；对应码 7938_1	实验记录中提到了镤。 ⇄ 實驗記錄中提到了鏷。 (context element-domain; source metalinguistic-fallback; official mapping; element-domain; Chemistry: protactinium, a chemical element represented by this character in Chinese technical terminology.)	"[""实验记录中提到了镤。"",""實驗記錄中提到了鏷。""]"	"[""chinese"",""simplified-traditional"",""tghz2013"",""level-3"",""bidirectional"",""one-context-sentence"",""corner-case"",""hans-to-hant""]"
zh-tghz2013-level-3/7938-map-01/hant-to-hans	通用规范汉字表 第3级	vocabulary	7938	zh-Hant	zh-Hans	鏷（鏷字）	"[""镤（镤字）""]"	"[]"		"[""zh-tghz2013.7938"",""zh-tghz2013.7938.map-01""]"	"[]"	"[]"	sources/mappings.tsv	规范字编号 7938；对应码 7938_1	实验记录中提到了镤。 ⇄ 實驗記錄中提到了鏷。 (context element-domain; source metalinguistic-fallback; official mapping; element-domain; Chemistry: protactinium, a chemical element represented by this character in Chinese technical terminology.)	"[""实验记录中提到了镤。"",""實驗記錄中提到了鏷。""]"	"[""chinese"",""simplified-traditional"",""tghz2013"",""level-3"",""bidirectional"",""one-context-sentence"",""corner-case"",""hant-to-hans""]"
zh-tghz2013-level-3/7939-map-01/hans-to-hant	通用规范汉字表 第3级	vocabulary	7939	zh-Hans	zh-Hant	𬭶（𬭶字）	"[""𨭆（𨭆字）""]"	"[]"		"[""zh-tghz2013.7939"",""zh-tghz2013.7939.map-01""]"	"[]"	"[]"	sources/mappings.tsv	规范字编号 7939；对应码 7939_1	金属器物或技术资料中可见𬭶。 ⇄ 金屬器物或技術資料中可見𨭆。 (context domain-template; source metalinguistic-fallback; official mapping; domain-template; Metallurgy / historical material culture: a rare metal-radical character used for a metal, tool, weapon, vessel, ornament, or technical term.)	"[""金属器物或技术资料中可见𬭶。"",""金屬器物或技術資料中可見𨭆。""]"	"[""chinese"",""simplified-traditional"",""tghz2013"",""level-3"",""bidirectional"",""one-context-sentence"",""corner-case"",""hans-to-hant""]"
zh-tghz2013-level-3/7939-map-01/hant-to-hans	通用规范汉字表 第3级	vocabulary	7939	zh-Hant	zh-Hans	𨭆（𨭆字）	"[""𬭶（𬭶字）""]"	"[]"		"[""zh-tghz2013.7939"",""zh-tghz2013.7939.map-01""]"	"[]"	"[]"	sources/mappings.tsv	规范字编号 7939；对应码 7939_1	金属器物或技术资料中可见𬭶。 ⇄ 金屬器物或技術資料中可見𨭆。 (context domain-template; source metalinguistic-fallback; official mapping; domain-template; Metallurgy / historical material culture: a rare metal-radical character used for a metal, tool, weapon, vessel, ornament, or technical term.)	"[""金属器物或技术资料中可见𬭶。"",""金屬器物或技術資料中可見𨭆。""]"	"[""chinese"",""simplified-traditional"",""tghz2013"",""level-3"",""bidirectional"",""one-context-sentence"",""corner-case"",""hant-to-hans""]"
zh-tghz2013-level-3/7940-map-01/hans-to-hant	通用规范汉字表 第3级	vocabulary	7940	zh-Hans	zh-Hant	𫔍（𫔍字）	"[""鐇（鐇字）""]"	"[]"		"[""zh-tghz2013.7940"",""zh-tghz2013.7940.map-01""]"	"[]"	"[]"	sources/mappings.tsv	规范字编号 7940；对应码 7940_1	金属器物或技术资料中可见𫔍。 ⇄ 金屬器物或技術資料中可見鐇。 (context domain-template; source metalinguistic-fallback; official mapping; domain-template; Metallurgy / historical material culture: a rare metal-radical character used for a metal, tool, weapon, vessel, ornament, or technical term.)	"[""金属器物或技术资料中可见𫔍。"",""金屬器物或技術資料中可見鐇。""]"	"[""chinese"",""simplified-traditional"",""tghz2013"",""level-3"",""bidirectional"",""one-context-sentence"",""corner-case"",""hans-to-hant""]"
zh-tghz2013-level-3/7940-map-01/hant-to-hans	通用规范汉字表 第3级	vocabulary	7940	zh-Hant	zh-Hans	鐇（鐇字）	"[""𫔍（𫔍字）""]"	"[]"		"[""zh-tghz2013.7940"",""zh-tghz2013.7940.map-01""]"	"[]"	"[]"	sources/mappings.tsv	规范字编号 7940；对应码 7940_1	金属器物或技术资料中可见𫔍。 ⇄ 金屬器物或技術資料中可見鐇。 (context domain-template; source metalinguistic-fallback; official mapping; domain-template; Metallurgy / historical material culture: a rare metal-radical character used for a metal, tool, weapon, vessel, ornament, or technical term.)	"[""金属器物或技术资料中可见𫔍。"",""金屬器物或技術資料中可見鐇。""]"	"[""chinese"",""simplified-traditional"",""tghz2013"",""level-3"",""bidirectional"",""one-context-sentence"",""corner-case"",""hant-to-hans""]"
zh-tghz2013-level-3/7941-map-01/hans-to-hant	通用规范汉字表 第3级	vocabulary	7941	zh-Hans	zh-Hant	镥（镥字）	"[""鑥（鑥字）""]"	"[]"		"[""zh-tghz2013.7941"",""zh-tghz2013.7941.map-01""]"	"[]"	"[]"	sources/mappings.tsv	规范字编号 7941；对应码 7941_1	实验记录中提到了镥。 ⇄ 實驗記錄中提到了鑥。 (context element-domain; source metalinguistic-fallback; official mapping; element-domain; Chemistry: lutetium, a chemical element represented by this character in Chinese technical terminology.)	"[""实验记录中提到了镥。"",""實驗記錄中提到了鑥。""]"	"[""chinese"",""simplified-traditional"",""tghz2013"",""level-3"",""bidirectional"",""one-context-sentence"",""corner-case"",""hans-to-hant""]"
zh-tghz2013-level-3/7941-map-01/hant-to-hans	通用规范汉字表 第3级	vocabulary	7941	zh-Hant	zh-Hans	鑥（鑥字）	"[""镥（镥字）""]"	"[]"		"[""zh-tghz2013.7941"",""zh-tghz2013.7941.map-01""]"	"[]"	"[]"	sources/mappings.tsv	规范字编号 7941；对应码 7941_1	实验记录中提到了镥。 ⇄ 實驗記錄中提到了鑥。 (context element-domain; source metalinguistic-fallback; official mapping; element-domain; Chemistry: lutetium, a chemical element represented by this character in Chinese technical terminology.)	"[""实验记录中提到了镥。"",""實驗記錄中提到了鑥。""]"	"[""chinese"",""simplified-traditional"",""tghz2013"",""level-3"",""bidirectional"",""one-context-sentence"",""corner-case"",""hant-to-hans""]"
zh-tghz2013-level-3/7942-map-01/hans-to-hant	通用规范汉字表 第3级	vocabulary	7942	zh-Hans	zh-Hant	镨（镨字）	"[""鐠（鐠字）""]"	"[]"		"[""zh-tghz2013.7942"",""zh-tghz2013.7942.map-01""]"	"[]"	"[]"	sources/mappings.tsv	规范字编号 7942；对应码 7942_1	实验记录中提到了镨。 ⇄ 實驗記錄中提到了鐠。 (context element-domain; source metalinguistic-fallback; official mapping; element-domain; Chemistry: praseodymium, a chemical element represented by this character in Chinese technical terminology.)	"[""实验记录中提到了镨。"",""實驗記錄中提到了鐠。""]"	"[""chinese"",""simplified-traditional"",""tghz2013"",""level-3"",""bidirectional"",""one-context-sentence"",""corner-case"",""hans-to-hant""]"
zh-tghz2013-level-3/7942-map-01/hant-to-hans	通用规范汉字表 第3级	vocabulary	7942	zh-Hant	zh-Hans	鐠（鐠字）	"[""镨（镨字）""]"	"[]"		"[""zh-tghz2013.7942"",""zh-tghz2013.7942.map-01""]"	"[]"	"[]"	sources/mappings.tsv	规范字编号 7942；对应码 7942_1	实验记录中提到了镨。 ⇄ 實驗記錄中提到了鐠。 (context element-domain; source metalinguistic-fallback; official mapping; element-domain; Chemistry: praseodymium, a chemical element represented by this character in Chinese technical terminology.)	"[""实验记录中提到了镨。"",""實驗記錄中提到了鐠。""]"	"[""chinese"",""simplified-traditional"",""tghz2013"",""level-3"",""bidirectional"",""one-context-sentence"",""corner-case"",""hant-to-hans""]"
zh-tghz2013-level-3/7943-map-01/hans-to-hant	通用规范汉字表 第3级	vocabulary	7943	zh-Hans	zh-Hant	𬭸（𬭸字）	"[""鏻（鏻字）""]"	"[]"		"[""zh-tghz2013.7943"",""zh-tghz2013.7943.map-01""]"	"[]"	"[]"	sources/mappings.tsv	规范字编号 7943；对应码 7943_1	金属器物或技术资料中可见𬭸。 ⇄ 金屬器物或技術資料中可見鏻。 (context domain-template; source metalinguistic-fallback; official mapping; domain-template; Metallurgy / historical material culture: a rare metal-radical character used for a metal, tool, weapon, vessel, ornament, or technical term.)	"[""金属器物或技术资料中可见𬭸。"",""金屬器物或技術資料中可見鏻。""]"	"[""chinese"",""simplified-traditional"",""tghz2013"",""level-3"",""bidirectional"",""one-context-sentence"",""corner-case"",""hans-to-hant""]"
zh-tghz2013-level-3/7943-map-01/hant-to-hans	通用规范汉字表 第3级	vocabulary	7943	zh-Hant	zh-Hans	鏻（鏻字）	"[""𬭸（𬭸字）""]"	"[]"		"[""zh-tghz2013.7943"",""zh-tghz2013.7943.map-01""]"	"[]"	"[]"	sources/mappings.tsv	规范字编号 7943；对应码 7943_1	金属器物或技术资料中可见𬭸。 ⇄ 金屬器物或技術資料中可見鏻。 (context domain-template; source metalinguistic-fallback; official mapping; domain-template; Metallurgy / historical material culture: a rare metal-radical character used for a metal, tool, weapon, vessel, ornament, or technical term.)	"[""金属器物或技术资料中可见𬭸。"",""金屬器物或技術資料中可見鏻。""]"	"[""chinese"",""simplified-traditional"",""tghz2013"",""level-3"",""bidirectional"",""one-context-sentence"",""corner-case"",""hant-to-hans""]"
zh-tghz2013-level-3/7944-map-01/hans-to-hant	通用规范汉字表 第3级	vocabulary	7944	zh-Hans	zh-Hant	𨱔（𨱔字）	"[""鐏（鐏字）""]"	"[]"		"[""zh-tghz2013.7944"",""zh-tghz2013.7944.map-01""]"	"[]"	"[]"	sources/mappings.tsv	规范字编号 7944；对应码 7944_1	金属器物或技术资料中可见𨱔。 ⇄ 金屬器物或技術資料中可見鐏。 (context domain-template; source metalinguistic-fallback; official mapping; domain-template; Metallurgy / historical material culture: a rare metal-radical character used for a metal, tool, weapon, vessel, ornament, or technical term.)	"[""金属器物或技术资料中可见𨱔。"",""金屬器物或技術資料中可見鐏。""]"	"[""chinese"",""simplified-traditional"",""tghz2013"",""level-3"",""bidirectional"",""one-context-sentence"",""corner-case"",""hans-to-hant""]"
zh-tghz2013-level-3/7944-map-01/hant-to-hans	通用规范汉字表 第3级	vocabulary	7944	zh-Hant	zh-Hans	鐏（鐏字）	"[""𨱔（𨱔字）""]"	"[]"		"[""zh-tghz2013.7944"",""zh-tghz2013.7944.map-01""]"	"[]"	"[]"	sources/mappings.tsv	规范字编号 7944；对应码 7944_1	金属器物或技术资料中可见𨱔。 ⇄ 金屬器物或技術資料中可見鐏。 (context domain-template; source metalinguistic-fallback; official mapping; domain-template; Metallurgy / historical material culture: a rare metal-radical character used for a metal, tool, weapon, vessel, ornament, or technical term.)	"[""金属器物或技术资料中可见𨱔。"",""金屬器物或技術資料中可見鐏。""]"	"[""chinese"",""simplified-traditional"",""tghz2013"",""level-3"",""bidirectional"",""one-context-sentence"",""corner-case"",""hant-to-hans""]"
zh-tghz2013-level-3/7945-map-01/hans-to-hant	通用规范汉字表 第3级	vocabulary	7945	zh-Hans	zh-Hant	𬭼（𬭼字）	"[""鐩（鐩字）""]"	"[]"		"[""zh-tghz2013.7945"",""zh-tghz2013.7945.map-01""]"	"[]"	"[]"	sources/mappings.tsv	规范字编号 7945；对应码 7945_1	金属器物或技术资料中可见𬭼。 ⇄ 金屬器物或技術資料中可見鐩。 (context domain-template; source metalinguistic-fallback; official mapping; domain-template; Metallurgy / historical material culture: a rare metal-radical character used for a metal, tool, weapon, vessel, ornament, or technical term.)	"[""金属器物或技术资料中可见𬭼。"",""金屬器物或技術資料中可見鐩。""]"	"[""chinese"",""simplified-traditional"",""tghz2013"",""level-3"",""bidirectional"",""one-context-sentence"",""corner-case"",""hans-to-hant""]"
zh-tghz2013-level-3/7945-map-01/hant-to-hans	通用规范汉字表 第3级	vocabulary	7945	zh-Hant	zh-Hans	鐩（鐩字）	"[""𬭼（𬭼字）""]"	"[]"		"[""zh-tghz2013.7945"",""zh-tghz2013.7945.map-01""]"	"[]"	"[]"	sources/mappings.tsv	规范字编号 7945；对应码 7945_1	金属器物或技术资料中可见𬭼。 ⇄ 金屬器物或技術資料中可見鐩。 (context domain-template; source metalinguistic-fallback; official mapping; domain-template; Metallurgy / historical material culture: a rare metal-radical character used for a metal, tool, weapon, vessel, ornament, or technical term.)	"[""金属器物或技术资料中可见𬭼。"",""金屬器物或技術資料中可見鐩。""]"	"[""chinese"",""simplified-traditional"",""tghz2013"",""level-3"",""bidirectional"",""one-context-sentence"",""corner-case"",""hant-to-hans""]"
zh-tghz2013-level-3/7946-map-01/hans-to-hant	通用规范汉字表 第3级	vocabulary	7946	zh-Hans	zh-Hant	𫔎（𫔎字）	"[""鐍（鐍字）""]"	"[]"		"[""zh-tghz2013.7946"",""zh-tghz2013.7946.map-01""]"	"[]"	"[]"	sources/mappings.tsv	规范字编号 7946；对应码 7946_1	金属器物或技术资料中可见𫔎。 ⇄ 金屬器物或技術資料中可見鐍。 (context domain-template; source metalinguistic-fallback; official mapping; domain-template; Metallurgy / historical material culture: a rare metal-radical character used for a metal, tool, weapon, vessel, ornament, or technical term.)	"[""金属器物或技术资料中可见𫔎。"",""金屬器物或技術資料中可見鐍。""]"	"[""chinese"",""simplified-traditional"",""tghz2013"",""level-3"",""bidirectional"",""one-context-sentence"",""corner-case"",""hans-to-hant""]"
zh-tghz2013-level-3/7946-map-01/hant-to-hans	通用规范汉字表 第3级	vocabulary	7946	zh-Hant	zh-Hans	鐍（鐍字）	"[""𫔎（𫔎字）""]"	"[]"		"[""zh-tghz2013.7946"",""zh-tghz2013.7946.map-01""]"	"[]"	"[]"	sources/mappings.tsv	规范字编号 7946；对应码 7946_1	金属器物或技术资料中可见𫔎。 ⇄ 金屬器物或技術資料中可見鐍。 (context domain-template; source metalinguistic-fallback; official mapping; domain-template; Metallurgy / historical material culture: a rare metal-radical character used for a metal, tool, weapon, vessel, ornament, or technical term.)	"[""金属器物或技术资料中可见𫔎。"",""金屬器物或技術資料中可見鐍。""]"	"[""chinese"",""simplified-traditional"",""tghz2013"",""level-3"",""bidirectional"",""one-context-sentence"",""corner-case"",""hant-to-hans""]"
zh-tghz2013-level-3/7958-map-01/hans-to-hant	通用规范汉字表 第3级	vocabulary	7958	zh-Hans	zh-Hant	𬸪（𬸪字）	"[""鷭（鷭字）""]"	"[]"		"[""zh-tghz2013.7958"",""zh-tghz2013.7958.map-01""]"	"[]"	"[]"	sources/mappings.tsv	规范字编号 7958；对应码 7958_1	图鉴中记录了𬸪这种鸟。 ⇄ 圖鑑中記錄了鷭這種鳥。 (context domain-template; source metalinguistic-fallback; official mapping; domain-template; Zoology / ornithology: a rare character used in the name of a bird or bird group.)	"[""图鉴中记录了𬸪这种鸟。"",""圖鑑中記錄了鷭這種鳥。""]"	"[""chinese"",""simplified-traditional"",""tghz2013"",""level-3"",""bidirectional"",""one-context-sentence"",""corner-case"",""hans-to-hant""]"
zh-tghz2013-level-3/7958-map-01/hant-to-hans	通用规范汉字表 第3级	vocabulary	7958	zh-Hant	zh-Hans	鷭（鷭字）	"[""𬸪（𬸪字）""]"	"[]"		"[""zh-tghz2013.7958"",""zh-tghz2013.7958.map-01""]"	"[]"	"[]"	sources/mappings.tsv	规范字编号 7958；对应码 7958_1	图鉴中记录了𬸪这种鸟。 ⇄ 圖鑑中記錄了鷭這種鳥。 (context domain-template; source metalinguistic-fallback; official mapping; domain-template; Zoology / ornithology: a rare character used in the name of a bird or bird group.)	"[""图鉴中记录了𬸪这种鸟。"",""圖鑑中記錄了鷭這種鳥。""]"	"[""chinese"",""simplified-traditional"",""tghz2013"",""level-3"",""bidirectional"",""one-context-sentence"",""corner-case"",""hant-to-hans""]"
zh-tghz2013-level-3/7960-map-01/hans-to-hant	通用规范汉字表 第3级	vocabulary	7960	zh-Hans	zh-Hant	䲠（䲠鱼）	"[""鰆（鰆魚）""]"	"[]"		"[""zh-tghz2013.7960"",""zh-tghz2013.7960.map-01""]"	"[]"	"[]"	sources/mappings.tsv	规范字编号 7960；对应码 7960_1	䲠鱼是一种鱼类或水生动物。 ⇄ 鰆魚是一種魚類或水生動物。 (context authored-example; source project-authored; official mapping; lexical-context)	"[""䲠鱼是一种鱼类或水生动物。"",""鰆魚是一種魚類或水生動物。""]"	"[""chinese"",""simplified-traditional"",""tghz2013"",""level-3"",""bidirectional"",""one-context-sentence"",""hans-to-hant""]"
zh-tghz2013-level-3/7960-map-01/hant-to-hans	通用规范汉字表 第3级	vocabulary	7960	zh-Hant	zh-Hans	鰆（鰆魚）	"[""䲠（䲠鱼）""]"	"[]"		"[""zh-tghz2013.7960"",""zh-tghz2013.7960.map-01""]"	"[]"	"[]"	sources/mappings.tsv	规范字编号 7960；对应码 7960_1	䲠鱼是一种鱼类或水生动物。 ⇄ 鰆魚是一種魚類或水生動物。 (context authored-example; source project-authored; official mapping; lexical-context)	"[""䲠鱼是一种鱼类或水生动物。"",""鰆魚是一種魚類或水生動物。""]"	"[""chinese"",""simplified-traditional"",""tghz2013"",""level-3"",""bidirectional"",""one-context-sentence"",""hant-to-hans""]"
zh-tghz2013-level-3/7961-map-01/hans-to-hant	通用规范汉字表 第3级	vocabulary	7961	zh-Hans	zh-Hant	𬶟（𬶟字）	"[""鯻（鯻字）""]"	"[]"		"[""zh-tghz2013.7961"",""zh-tghz2013.7961.map-01""]"	"[]"	"[]"	sources/mappings.tsv	规范字编号 7961；对应码 7961_1	图鉴中收录了𬶟这种鱼。 ⇄ 圖鑑中收錄了鯻這種魚。 (context domain-template; source metalinguistic-fallback; official mapping; domain-template; Zoology / ichthyology: a rare character used in the name of a fish or fish group.)	"[""图鉴中收录了𬶟这种鱼。"",""圖鑑中收錄了鯻這種魚。""]"	"[""chinese"",""simplified-traditional"",""tghz2013"",""level-3"",""bidirectional"",""one-context-sentence"",""corner-case"",""hans-to-hant""]"
zh-tghz2013-level-3/7961-map-01/hant-to-hans	通用规范汉字表 第3级	vocabulary	7961	zh-Hant	zh-Hans	鯻（鯻字）	"[""𬶟（𬶟字）""]"	"[]"		"[""zh-tghz2013.7961"",""zh-tghz2013.7961.map-01""]"	"[]"	"[]"	sources/mappings.tsv	规范字编号 7961；对应码 7961_1	图鉴中收录了𬶟这种鱼。 ⇄ 圖鑑中收錄了鯻這種魚。 (context domain-template; source metalinguistic-fallback; official mapping; domain-template; Zoology / ichthyology: a rare character used in the name of a fish or fish group.)	"[""图鉴中收录了𬶟这种鱼。"",""圖鑑中收錄了鯻這種魚。""]"	"[""chinese"",""simplified-traditional"",""tghz2013"",""level-3"",""bidirectional"",""one-context-sentence"",""corner-case"",""hant-to-hans""]"
zh-tghz2013-level-3/7962-map-01/hans-to-hant	通用规范汉字表 第3级	vocabulary	7962	zh-Hans	zh-Hant	鲾（鲾字）	"[""鰏（鰏字）""]"	"[]"		"[""zh-tghz2013.7962"",""zh-tghz2013.7962.map-01""]"	"[]"	"[]"	sources/mappings.tsv	规范字编号 7962；对应码 7962_1	图鉴中收录了鲾这种鱼。 ⇄ 圖鑑中收錄了鰏這種魚。 (context domain-template; source metalinguistic-fallback; official mapping; domain-template; Zoology / ichthyology: a rare character used in the name of a fish or fish group.)	"[""图鉴中收录了鲾这种鱼。"",""圖鑑中收錄了鰏這種魚。""]"	"[""chinese"",""simplified-traditional"",""tghz2013"",""level-3"",""bidirectional"",""one-context-sentence"",""corner-case"",""hans-to-hant""]"
zh-tghz2013-level-3/7962-map-01/hant-to-hans	通用规范汉字表 第3级	vocabulary	7962	zh-Hant	zh-Hans	鰏（鰏字）	"[""鲾（鲾字）""]"	"[]"		"[""zh-tghz2013.7962"",""zh-tghz2013.7962.map-01""]"	"[]"	"[]"	sources/mappings.tsv	规范字编号 7962；对应码 7962_1	图鉴中收录了鲾这种鱼。 ⇄ 圖鑑中收錄了鰏這種魚。 (context domain-template; source metalinguistic-fallback; official mapping; domain-template; Zoology / ichthyology: a rare character used in the name of a fish or fish group.)	"[""图鉴中收录了鲾这种鱼。"",""圖鑑中收錄了鰏這種魚。""]"	"[""chinese"",""simplified-traditional"",""tghz2013"",""level-3"",""bidirectional"",""one-context-sentence"",""corner-case"",""hant-to-hans""]"
zh-tghz2013-level-3/7963-map-01/hans-to-hant	通用规范汉字表 第3级	vocabulary	7963	zh-Hans	zh-Hant	𬶠（𬶠字）	"[""鰊（鰊字）""]"	"[]"		"[""zh-tghz2013.7963"",""zh-tghz2013.7963.map-01""]"	"[]"	"[]"	sources/mappings.tsv	规范字编号 7963；对应码 7963_1	图鉴中收录了𬶠这种鱼。 ⇄ 圖鑑中收錄了鰊這種魚。 (context domain-template; source metalinguistic-fallback; official mapping; domain-template; Zoology / ichthyology: a rare character used in the name of a fish or fish group.)	"[""图鉴中收录了𬶠这种鱼。"",""圖鑑中收錄了鰊這種魚。""]"	"[""chinese"",""simplified-traditional"",""tghz2013"",""level-3"",""bidirectional"",""one-context-sentence"",""corner-case"",""hans-to-hant""]"
zh-tghz2013-level-3/7963-map-01/hant-to-hans	通用规范汉字表 第3级	vocabulary	7963	zh-Hant	zh-Hans	鰊（鰊字）	"[""𬶠（𬶠字）""]"	"[]"		"[""zh-tghz2013.7963"",""zh-tghz2013.7963.map-01""]"	"[]"	"[]"	sources/mappings.tsv	规范字编号 7963；对应码 7963_1	图鉴中收录了𬶠这种鱼。 ⇄ 圖鑑中收錄了鰊這種魚。 (context domain-template; source metalinguistic-fallback; official mapping; domain-template; Zoology / ichthyology: a rare character used in the name of a fish or fish group.)	"[""图鉴中收录了𬶠这种鱼。"",""圖鑑中收錄了鰊這種魚。""]"	"[""chinese"",""simplified-traditional"",""tghz2013"",""level-3"",""bidirectional"",""one-context-sentence"",""corner-case"",""hant-to-hans""]"
zh-tghz2013-level-3/7964-map-01/hans-to-hant	通用规范汉字表 第3级	vocabulary	7964	zh-Hans	zh-Hant	鲿（鲿字）	"[""鱨（鱨字）""]"	"[]"		"[""zh-tghz2013.7964"",""zh-tghz2013.7964.map-01""]"	"[]"	"[]"	sources/mappings.tsv	规范字编号 7964；对应码 7964_1	图鉴中收录了鲿这种鱼。 ⇄ 圖鑑中收錄了鱨這種魚。 (context domain-template; source metalinguistic-fallback; official mapping; domain-template; Zoology / ichthyology: a rare character used in the name of a fish or fish group.)	"[""图鉴中收录了鲿这种鱼。"",""圖鑑中收錄了鱨這種魚。""]"	"[""chinese"",""simplified-traditional"",""tghz2013"",""level-3"",""bidirectional"",""one-context-sentence"",""corner-case"",""hans-to-hant""]"
zh-tghz2013-level-3/7964-map-01/hant-to-hans	通用规范汉字表 第3级	vocabulary	7964	zh-Hant	zh-Hans	鱨（鱨字）	"[""鲿（鲿字）""]"	"[]"		"[""zh-tghz2013.7964"",""zh-tghz2013.7964.map-01""]"	"[]"	"[]"	sources/mappings.tsv	规范字编号 7964；对应码 7964_1	图鉴中收录了鲿这种鱼。 ⇄ 圖鑑中收錄了鱨這種魚。 (context domain-template; source metalinguistic-fallback; official mapping; domain-template; Zoology / ichthyology: a rare character used in the name of a fish or fish group.)	"[""图鉴中收录了鲿这种鱼。"",""圖鑑中收錄了鱨這種魚。""]"	"[""chinese"",""simplified-traditional"",""tghz2013"",""level-3"",""bidirectional"",""one-context-sentence"",""corner-case"",""hant-to-hans""]"
zh-tghz2013-level-3/7965-map-01/hans-to-hant	通用规范汉字表 第3级	vocabulary	7965	zh-Hans	zh-Hant	鳁（鳁字）	"[""鰛（鰛字）""]"	"[]"		"[""zh-tghz2013.7965"",""zh-tghz2013.7965.map-01""]"	"[]"	"[]"	sources/mappings.tsv	规范字编号 7965；对应码 7965_1	图鉴中收录了鳁这种鱼。 ⇄ 圖鑑中收錄了鰛這種魚。 (context domain-template; source metalinguistic-fallback; official mapping; domain-template; Zoology / ichthyology: a rare character used in the name of a fish or fish group.)	"[""图鉴中收录了鳁这种鱼。"",""圖鑑中收錄了鰛這種魚。""]"	"[""chinese"",""simplified-traditional"",""tghz2013"",""level-3"",""bidirectional"",""one-context-sentence"",""corner-case"",""hans-to-hant""]"
zh-tghz2013-level-3/7965-map-01/hant-to-hans	通用规范汉字表 第3级	vocabulary	7965	zh-Hant	zh-Hans	鰛（鰛字）	"[""鳁（鳁字）""]"	"[]"		"[""zh-tghz2013.7965"",""zh-tghz2013.7965.map-01""]"	"[]"	"[]"	sources/mappings.tsv	规范字编号 7965；对应码 7965_1	图鉴中收录了鳁这种鱼。 ⇄ 圖鑑中收錄了鰛這種魚。 (context domain-template; source metalinguistic-fallback; official mapping; domain-template; Zoology / ichthyology: a rare character used in the name of a fish or fish group.)	"[""图鉴中收录了鳁这种鱼。"",""圖鑑中收錄了鰛這種魚。""]"	"[""chinese"",""simplified-traditional"",""tghz2013"",""level-3"",""bidirectional"",""one-context-sentence"",""corner-case"",""hant-to-hans""]"
zh-tghz2013-level-3/7966-map-01/hans-to-hant	通用规范汉字表 第3级	vocabulary	7966	zh-Hans	zh-Hant	鳂（崆鳂）	"[""鰃（崆鰃）""]"	"[]"		"[""zh-tghz2013.7966"",""zh-tghz2013.7966.map-01""]"	"[]"	"[]"	sources/mappings.tsv	规范字编号 7966；对应码 7966_1	崆鳂是一种鱼类或水生动物。 ⇄ 崆鰃是一種魚類或水生動物。 (context authored-example; source project-authored; official mapping; lexical-context)	"[""崆鳂是一种鱼类或水生动物。"",""崆鰃是一種魚類或水生動物。""]"	"[""chinese"",""simplified-traditional"",""tghz2013"",""level-3"",""bidirectional"",""one-context-sentence"",""hans-to-hant""]"
zh-tghz2013-level-3/7966-map-01/hant-to-hans	通用规范汉字表 第3级	vocabulary	7966	zh-Hant	zh-Hans	鰃（崆鰃）	"[""鳂（崆鳂）""]"	"[]"		"[""zh-tghz2013.7966"",""zh-tghz2013.7966.map-01""]"	"[]"	"[]"	sources/mappings.tsv	规范字编号 7966；对应码 7966_1	崆鳂是一种鱼类或水生动物。 ⇄ 崆鰃是一種魚類或水生動物。 (context authored-example; source project-authored; official mapping; lexical-context)	"[""崆鳂是一种鱼类或水生动物。"",""崆鰃是一種魚類或水生動物。""]"	"[""chinese"",""simplified-traditional"",""tghz2013"",""level-3"",""bidirectional"",""one-context-sentence"",""hant-to-hans""]"
zh-tghz2013-level-3/7967-map-01/hans-to-hant	通用规范汉字表 第3级	vocabulary	7967	zh-Hans	zh-Hant	鳈（鳈字）	"[""鰁（鰁字）""]"	"[]"		"[""zh-tghz2013.7967"",""zh-tghz2013.7967.map-01""]"	"[]"	"[]"	sources/mappings.tsv	规范字编号 7967；对应码 7967_1	图鉴中收录了鳈这种鱼。 ⇄ 圖鑑中收錄了鰁這種魚。 (context domain-template; source metalinguistic-fallback; official mapping; domain-template; Zoology / ichthyology: a rare character used in the name of a fish or fish group.)	"[""图鉴中收录了鳈这种鱼。"",""圖鑑中收錄了鰁這種魚。""]"	"[""chinese"",""simplified-traditional"",""tghz2013"",""level-3"",""bidirectional"",""one-context-sentence"",""corner-case"",""hans-to-hant""]"
zh-tghz2013-level-3/7967-map-01/hant-to-hans	通用规范汉字表 第3级	vocabulary	7967	zh-Hant	zh-Hans	鰁（鰁字）	"[""鳈（鳈字）""]"	"[]"		"[""zh-tghz2013.7967"",""zh-tghz2013.7967.map-01""]"	"[]"	"[]"	sources/mappings.tsv	规范字编号 7967；对应码 7967_1	图鉴中收录了鳈这种鱼。 ⇄ 圖鑑中收錄了鰁這種魚。 (context domain-template; source metalinguistic-fallback; official mapping; domain-template; Zoology / ichthyology: a rare character used in the name of a fish or fish group.)	"[""图鉴中收录了鳈这种鱼。"",""圖鑑中收錄了鰁這種魚。""]"	"[""chinese"",""simplified-traditional"",""tghz2013"",""level-3"",""bidirectional"",""one-context-sentence"",""corner-case"",""hant-to-hans""]"
zh-tghz2013-level-3/7968-map-01/hans-to-hant	通用规范汉字表 第3级	vocabulary	7968	zh-Hans	zh-Hant	鳉（鳉字）	"[""鱂（鱂字）""]"	"[]"		"[""zh-tghz2013.7968"",""zh-tghz2013.7968.map-01""]"	"[]"	"[]"	sources/mappings.tsv	规范字编号 7968；对应码 7968_1	图鉴中收录了鳉这种鱼。 ⇄ 圖鑑中收錄了鱂這種魚。 (context domain-template; source metalinguistic-fallback; official mapping; domain-template; Zoology / ichthyology: a rare character used in the name of a fish or fish group.)	"[""图鉴中收录了鳉这种鱼。"",""圖鑑中收錄了鱂這種魚。""]"	"[""chinese"",""simplified-traditional"",""tghz2013"",""level-3"",""bidirectional"",""one-context-sentence"",""corner-case"",""hans-to-hant""]"
zh-tghz2013-level-3/7968-map-01/hant-to-hans	通用规范汉字表 第3级	vocabulary	7968	zh-Hant	zh-Hans	鱂（鱂字）	"[""鳉（鳉字）""]"	"[]"		"[""zh-tghz2013.7968"",""zh-tghz2013.7968.map-01""]"	"[]"	"[]"	sources/mappings.tsv	规范字编号 7968；对应码 7968_1	图鉴中收录了鳉这种鱼。 ⇄ 圖鑑中收錄了鱂這種魚。 (context domain-template; source metalinguistic-fallback; official mapping; domain-template; Zoology / ichthyology: a rare character used in the name of a fish or fish group.)	"[""图鉴中收录了鳉这种鱼。"",""圖鑑中收錄了鱂這種魚。""]"	"[""chinese"",""simplified-traditional"",""tghz2013"",""level-3"",""bidirectional"",""one-context-sentence"",""corner-case"",""hant-to-hans""]"
zh-tghz2013-level-3/7972-map-01/hans-to-hant	通用规范汉字表 第3级	vocabulary	7972	zh-Hans	zh-Hant	襕（襕字）	"[""襴（襴字）""]"	"[]"		"[""zh-tghz2013.7972"",""zh-tghz2013.7972.map-01""]"	"[]"	"[]"	sources/mappings.tsv	规范字编号 7972；对应码 7972_1	古代服饰记录中出现了襕。 ⇄ 古代服飾記錄中出現了襴。 (context domain-template; source metalinguistic-fallback; official mapping; domain-template; Historical clothing and material culture: a rare character associated with garments or dress.)	"[""古代服饰记录中出现了襕。"",""古代服飾記錄中出現了襴。""]"	"[""chinese"",""simplified-traditional"",""tghz2013"",""level-3"",""bidirectional"",""one-context-sentence"",""corner-case"",""hans-to-hant""]"
zh-tghz2013-level-3/7972-map-01/hant-to-hans	通用规范汉字表 第3级	vocabulary	7972	zh-Hant	zh-Hans	襴（襴字）	"[""襕（襕字）""]"	"[]"		"[""zh-tghz2013.7972"",""zh-tghz2013.7972.map-01""]"	"[]"	"[]"	sources/mappings.tsv	规范字编号 7972；对应码 7972_1	古代服饰记录中出现了襕。 ⇄ 古代服飾記錄中出現了襴。 (context domain-template; source metalinguistic-fallback; official mapping; domain-template; Historical clothing and material culture: a rare character associated with garments or dress.)	"[""古代服饰记录中出现了襕。"",""古代服飾記錄中出現了襴。""]"	"[""chinese"",""simplified-traditional"",""tghz2013"",""level-3"",""bidirectional"",""one-context-sentence"",""corner-case"",""hant-to-hans""]"
zh-tghz2013-level-3/7974-map-01/hans-to-hant	通用规范汉字表 第3级	vocabulary	7974	zh-Hans	zh-Hant	𬶨（白𬶨豚）	"[""鱀（白鱀豚）""]"	"[]"		"[""zh-tghz2013.7974"",""zh-tghz2013.7974.map-01""]"	"[]"	"[]"	sources/mappings.tsv	规范字编号 7974；对应码 7974_1	白𬶨豚是一个较少见的词语。 ⇄ 白鱀豚是一個較少見的詞語。 (context authored-example; source project-authored; official mapping; lexical-context)	"[""白𬶨豚是一个较少见的词语。"",""白鱀豚是一個較少見的詞語。""]"	"[""chinese"",""simplified-traditional"",""tghz2013"",""level-3"",""bidirectional"",""one-context-sentence"",""hans-to-hant""]"
zh-tghz2013-level-3/7974-map-01/hant-to-hans	通用规范汉字表 第3级	vocabulary	7974	zh-Hant	zh-Hans	鱀（白鱀豚）	"[""𬶨（白𬶨豚）""]"	"[]"		"[""zh-tghz2013.7974"",""zh-tghz2013.7974.map-01""]"	"[]"	"[]"	sources/mappings.tsv	规范字编号 7974；对应码 7974_1	白𬶨豚是一个较少见的词语。 ⇄ 白鱀豚是一個較少見的詞語。 (context authored-example; source project-authored; official mapping; lexical-context)	"[""白𬶨豚是一个较少见的词语。"",""白鱀豚是一個較少見的詞語。""]"	"[""chinese"",""simplified-traditional"",""tghz2013"",""level-3"",""bidirectional"",""one-context-sentence"",""hant-to-hans""]"
zh-tghz2013-level-3/7979-map-01/hans-to-hant	通用规范汉字表 第3级	vocabulary	7979	zh-Hans	zh-Hant	𦈡（𦈡字）	"[""繻（繻字）""]"	"[]"		"[""zh-tghz2013.7979"",""zh-tghz2013.7979.map-01""]"	"[]"	"[]"	sources/mappings.tsv	规范字编号 7979；对应码 7979_1	古代织物记录中出现了𦈡。 ⇄ 古代織物記錄中出現了繻。 (context domain-template; source metalinguistic-fallback; official mapping; domain-template; Traditional textiles / cordage: a rare character associated with fibres, silk, thread, rope, or textile production.)	"[""古代织物记录中出现了𦈡。"",""古代織物記錄中出現了繻。""]"	"[""chinese"",""simplified-traditional"",""tghz2013"",""level-3"",""bidirectional"",""one-context-sentence"",""corner-case"",""hans-to-hant""]"
zh-tghz2013-level-3/7979-map-01/hant-to-hans	通用规范汉字表 第3级	vocabulary	7979	zh-Hant	zh-Hans	繻（繻字）	"[""𦈡（𦈡字）""]"	"[]"		"[""zh-tghz2013.7979"",""zh-tghz2013.7979.map-01""]"	"[]"	"[]"	sources/mappings.tsv	规范字编号 7979；对应码 7979_1	古代织物记录中出现了𦈡。 ⇄ 古代織物記錄中出現了繻。 (context domain-template; source metalinguistic-fallback; official mapping; domain-template; Traditional textiles / cordage: a rare character associated with fibres, silk, thread, rope, or textile production.)	"[""古代织物记录中出现了𦈡。"",""古代織物記錄中出現了繻。""]"	"[""chinese"",""simplified-traditional"",""tghz2013"",""level-3"",""bidirectional"",""one-context-sentence"",""corner-case"",""hant-to-hans""]"
zh-tghz2013-level-3/7980-map-01/hans-to-hant	通用规范汉字表 第3级	vocabulary	7980	zh-Hans	zh-Hant	𫄸（𫄸字）	"[""纁（纁字）""]"	"[]"		"[""zh-tghz2013.7980"",""zh-tghz2013.7980.map-01""]"	"[]"	"[]"	sources/mappings.tsv	规范字编号 7980；对应码 7980_1	古代织物记录中出现了𫄸。 ⇄ 古代織物記錄中出現了纁。 (context domain-template; source metalinguistic-fallback; official mapping; domain-template; Traditional textiles / cordage: a rare character associated with fibres, silk, thread, rope, or textile production.)	"[""古代织物记录中出现了𫄸。"",""古代織物記錄中出現了纁。""]"	"[""chinese"",""simplified-traditional"",""tghz2013"",""level-3"",""bidirectional"",""one-context-sentence"",""corner-case"",""hans-to-hant""]"
zh-tghz2013-level-3/7980-map-01/hant-to-hans	通用规范汉字表 第3级	vocabulary	7980	zh-Hant	zh-Hans	纁（纁字）	"[""𫄸（𫄸字）""]"	"[]"		"[""zh-tghz2013.7980"",""zh-tghz2013.7980.map-01""]"	"[]"	"[]"	sources/mappings.tsv	规范字编号 7980；对应码 7980_1	古代织物记录中出现了𫄸。 ⇄ 古代織物記錄中出現了纁。 (context domain-template; source metalinguistic-fallback; official mapping; domain-template; Traditional textiles / cordage: a rare character associated with fibres, silk, thread, rope, or textile production.)	"[""古代织物记录中出现了𫄸。"",""古代織物記錄中出現了纁。""]"	"[""chinese"",""simplified-traditional"",""tghz2013"",""level-3"",""bidirectional"",""one-context-sentence"",""corner-case"",""hant-to-hans""]"
zh-tghz2013-level-3/7983-map-01/hans-to-hant	通用规范汉字表 第3级	vocabulary	7983	zh-Hans	zh-Hant	鬶（鬶字）	"[""鬹（鬹字）""]"	"[]"		"[""zh-tghz2013.7983"",""zh-tghz2013.7983.map-01""]"	"[]"	"[]"	sources/mappings.tsv	规范字编号 7983；对应码 7983_1	考古记录中提到了鬶。 ⇄ 考古記錄中提到了鬹。 (context domain-template; source metalinguistic-fallback; official mapping; domain-template; Archaeology / ancient material culture: a rare character used for a vessel or cooking implement.)	"[""考古记录中提到了鬶。"",""考古記錄中提到了鬹。""]"	"[""chinese"",""simplified-traditional"",""tghz2013"",""level-3"",""bidirectional"",""one-context-sentence"",""corner-case"",""hans-to-hant""]"
zh-tghz2013-level-3/7983-map-01/hant-to-hans	通用规范汉字表 第3级	vocabulary	7983	zh-Hant	zh-Hans	鬹（鬹字）	"[""鬶（鬶字）""]"	"[]"		"[""zh-tghz2013.7983"",""zh-tghz2013.7983.map-01""]"	"[]"	"[]"	sources/mappings.tsv	规范字编号 7983；对应码 7983_1	考古记录中提到了鬶。 ⇄ 考古記錄中提到了鬹。 (context domain-template; source metalinguistic-fallback; official mapping; domain-template; Archaeology / ancient material culture: a rare character used for a vessel or cooking implement.)	"[""考古记录中提到了鬶。"",""考古記錄中提到了鬹。""]"	"[""chinese"",""simplified-traditional"",""tghz2013"",""level-3"",""bidirectional"",""one-context-sentence"",""corner-case"",""hant-to-hans""]"
zh-tghz2013-level-3/7987-map-01/hans-to-hant	通用规范汉字表 第3级	vocabulary	7987	zh-Hans	zh-Hant	𬟁（𬟁草）	"[""虉（虉草）""]"	"[]"		"[""zh-tghz2013.7987"",""zh-tghz2013.7987.map-01""]"	"[]"	"[]"	sources/mappings.tsv	规范字编号 7987；对应码 7987_1	𬟁草是一种植物。 ⇄ 虉草是一種植物。 (context authored-example; source project-authored; official mapping; lexical-context)	"[""𬟁草是一种植物。"",""虉草是一種植物。""]"	"[""chinese"",""simplified-traditional"",""tghz2013"",""level-3"",""bidirectional"",""one-context-sentence"",""hans-to-hant""]"
zh-tghz2013-level-3/7987-map-01/hant-to-hans	通用规范汉字表 第3级	vocabulary	7987	zh-Hant	zh-Hans	虉（虉草）	"[""𬟁（𬟁草）""]"	"[]"		"[""zh-tghz2013.7987"",""zh-tghz2013.7987.map-01""]"	"[]"	"[]"	sources/mappings.tsv	规范字编号 7987；对应码 7987_1	𬟁草是一种植物。 ⇄ 虉草是一種植物。 (context authored-example; source project-authored; official mapping; lexical-context)	"[""𬟁草是一种植物。"",""虉草是一種植物。""]"	"[""chinese"",""simplified-traditional"",""tghz2013"",""level-3"",""bidirectional"",""one-context-sentence"",""hant-to-hans""]"
zh-tghz2013-level-3/7991-map-01/hans-to-hant	通用规范汉字表 第3级	vocabulary	7991	zh-Hans	zh-Hant	鹲（白尾鹲）	"[""鸏（白尾鸏）""]"	"[]"		"[""zh-tghz2013.7991"",""zh-tghz2013.7991.map-01""]"	"[]"	"[]"	sources/mappings.tsv	规范字编号 7991；对应码 7991_1	白尾鹲是一种鸟。 ⇄ 白尾鸏是一種鳥。 (context authored-example; source project-authored; official mapping; lexical-context)	"[""白尾鹲是一种鸟。"",""白尾鸏是一種鳥。""]"	"[""chinese"",""simplified-traditional"",""tghz2013"",""level-3"",""bidirectional"",""one-context-sentence"",""hans-to-hant""]"
zh-tghz2013-level-3/7991-map-01/hant-to-hans	通用规范汉字表 第3级	vocabulary	7991	zh-Hant	zh-Hans	鸏（白尾鸏）	"[""鹲（白尾鹲）""]"	"[]"		"[""zh-tghz2013.7991"",""zh-tghz2013.7991.map-01""]"	"[]"	"[]"	sources/mappings.tsv	规范字编号 7991；对应码 7991_1	白尾鹲是一种鸟。 ⇄ 白尾鸏是一種鳥。 (context authored-example; source project-authored; official mapping; lexical-context)	"[""白尾鹲是一种鸟。"",""白尾鸏是一種鳥。""]"	"[""chinese"",""simplified-traditional"",""tghz2013"",""level-3"",""bidirectional"",""one-context-sentence"",""hant-to-hans""]"
zh-tghz2013-level-3/7993-map-01/hans-to-hant	通用规范汉字表 第3级	vocabulary	7993	zh-Hans	zh-Hant	黡（披毛索黡）	"[""黶（披毛索黶）""]"	"[]"		"[""zh-tghz2013.7993"",""zh-tghz2013.7993.map-01""]"	"[]"	"[]"	sources/mappings.tsv	规范字编号 7993；对应码 7993_1	披毛索黡是一个成语或固定说法。 ⇄ 披毛索黶是一個成語或固定說法。 (context authored-example; source project-authored; official mapping; lexical-context)	"[""披毛索黡是一个成语或固定说法。"",""披毛索黶是一個成語或固定說法。""]"	"[""chinese"",""simplified-traditional"",""tghz2013"",""level-3"",""bidirectional"",""one-context-sentence"",""hans-to-hant""]"
zh-tghz2013-level-3/7993-map-01/hant-to-hans	通用规范汉字表 第3级	vocabulary	7993	zh-Hant	zh-Hans	黶（披毛索黶）	"[""黡（披毛索黡）""]"	"[]"		"[""zh-tghz2013.7993"",""zh-tghz2013.7993.map-01""]"	"[]"	"[]"	sources/mappings.tsv	规范字编号 7993；对应码 7993_1	披毛索黡是一个成语或固定说法。 ⇄ 披毛索黶是一個成語或固定說法。 (context authored-example; source project-authored; official mapping; lexical-context)	"[""披毛索黡是一个成语或固定说法。"",""披毛索黶是一個成語或固定說法。""]"	"[""chinese"",""simplified-traditional"",""tghz2013"",""level-3"",""bidirectional"",""one-context-sentence"",""hant-to-hans""]"
zh-tghz2013-level-3/8003-map-01/hans-to-hant	通用规范汉字表 第3级	vocabulary	8003	zh-Hans	zh-Hant	镮（镮字）	"[""鐶（鐶字）""]"	"[]"		"[""zh-tghz2013.8003"",""zh-tghz2013.8003.map-01""]"	"[]"	"[]"	sources/mappings.tsv	规范字编号 8003；对应码 8003_1	金属器物或技术资料中可见镮。 ⇄ 金屬器物或技術資料中可見鐶。 (context domain-template; source metalinguistic-fallback; official mapping; domain-template; Metallurgy / historical material culture: a rare metal-radical character used for a metal, tool, weapon, vessel, ornament, or technical term.)	"[""金属器物或技术资料中可见镮。"",""金屬器物或技術資料中可見鐶。""]"	"[""chinese"",""simplified-traditional"",""tghz2013"",""level-3"",""bidirectional"",""one-context-sentence"",""corner-case"",""hans-to-hant""]"
zh-tghz2013-level-3/8003-map-01/hant-to-hans	通用规范汉字表 第3级	vocabulary	8003	zh-Hant	zh-Hans	鐶（鐶字）	"[""镮（镮字）""]"	"[]"		"[""zh-tghz2013.8003"",""zh-tghz2013.8003.map-01""]"	"[]"	"[]"	sources/mappings.tsv	规范字编号 8003；对应码 8003_1	金属器物或技术资料中可见镮。 ⇄ 金屬器物或技術資料中可見鐶。 (context domain-template; source metalinguistic-fallback; official mapping; domain-template; Metallurgy / historical material culture: a rare metal-radical character used for a metal, tool, weapon, vessel, ornament, or technical term.)	"[""金属器物或技术资料中可见镮。"",""金屬器物或技術資料中可見鐶。""]"	"[""chinese"",""simplified-traditional"",""tghz2013"",""level-3"",""bidirectional"",""one-context-sentence"",""corner-case"",""hant-to-hans""]"
zh-tghz2013-level-3/8004-map-01/hans-to-hant	通用规范汉字表 第3级	vocabulary	8004	zh-Hans	zh-Hant	镱（镱字）	"[""鐿（鐿字）""]"	"[]"		"[""zh-tghz2013.8004"",""zh-tghz2013.8004.map-01""]"	"[]"	"[]"	sources/mappings.tsv	规范字编号 8004；对应码 8004_1	实验记录中提到了镱。 ⇄ 實驗記錄中提到了鐿。 (context element-domain; source metalinguistic-fallback; official mapping; element-domain; Chemistry: ytterbium, a chemical element represented by this character in Chinese technical terminology.)	"[""实验记录中提到了镱。"",""實驗記錄中提到了鐿。""]"	"[""chinese"",""simplified-traditional"",""tghz2013"",""level-3"",""bidirectional"",""one-context-sentence"",""corner-case"",""hans-to-hant""]"
zh-tghz2013-level-3/8004-map-01/hant-to-hans	通用规范汉字表 第3级	vocabulary	8004	zh-Hant	zh-Hans	鐿（鐿字）	"[""镱（镱字）""]"	"[]"		"[""zh-tghz2013.8004"",""zh-tghz2013.8004.map-01""]"	"[]"	"[]"	sources/mappings.tsv	规范字编号 8004；对应码 8004_1	实验记录中提到了镱。 ⇄ 實驗記錄中提到了鐿。 (context element-domain; source metalinguistic-fallback; official mapping; element-domain; Chemistry: ytterbium, a chemical element represented by this character in Chinese technical terminology.)	"[""实验记录中提到了镱。"",""實驗記錄中提到了鐿。""]"	"[""chinese"",""simplified-traditional"",""tghz2013"",""level-3"",""bidirectional"",""one-context-sentence"",""corner-case"",""hant-to-hans""]"
zh-tghz2013-level-3/8005-map-01/hans-to-hant	通用规范汉字表 第3级	vocabulary	8005	zh-Hans	zh-Hant	酂（酂字）	"[""酇（酇字）""]"	"[]"		"[""zh-tghz2013.8005"",""zh-tghz2013.8005.map-01""]"	"[]"	"[]"	sources/mappings.tsv	规范字编号 8005；对应码 8005_1	地方志中记载了酂。 ⇄ 地方志中記載了酇。 (context curated-domain; source metalinguistic-fallback; official mapping; curated-domain; Historical geography / surnames: a rare character used in old place names and family names.)	"[""地方志中记载了酂。"",""地方志中記載了酇。""]"	"[""chinese"",""simplified-traditional"",""tghz2013"",""level-3"",""bidirectional"",""one-context-sentence"",""corner-case"",""hans-to-hant""]"
zh-tghz2013-level-3/8005-map-01/hant-to-hans	通用规范汉字表 第3级	vocabulary	8005	zh-Hant	zh-Hans	酇（酇字）	"[""酂（酂字）""]"	"[]"		"[""zh-tghz2013.8005"",""zh-tghz2013.8005.map-01""]"	"[]"	"[]"	sources/mappings.tsv	规范字编号 8005；对应码 8005_1	地方志中记载了酂。 ⇄ 地方志中記載了酇。 (context curated-domain; source metalinguistic-fallback; official mapping; curated-domain; Historical geography / surnames: a rare character used in old place names and family names.)	"[""地方志中记载了酂。"",""地方志中記載了酇。""]"	"[""chinese"",""simplified-traditional"",""tghz2013"",""level-3"",""bidirectional"",""one-context-sentence"",""corner-case"",""hant-to-hans""]"
zh-tghz2013-level-3/8014-map-01/hans-to-hant	通用规范汉字表 第3级	vocabulary	8014	zh-Hans	zh-Hant	䲢（䲢字）	"[""鰧（鰧字）""]"	"[]"		"[""zh-tghz2013.8014"",""zh-tghz2013.8014.map-01""]"	"[]"	"[]"	sources/mappings.tsv	规范字编号 8014；对应码 8014_1	图鉴中收录了䲢这种鱼。 ⇄ 圖鑑中收錄了鰧這種魚。 (context domain-template; source metalinguistic-fallback; official mapping; domain-template; Zoology / ichthyology: a rare character used in the name of a fish or fish group.)	"[""图鉴中收录了䲢这种鱼。"",""圖鑑中收錄了鰧這種魚。""]"	"[""chinese"",""simplified-traditional"",""tghz2013"",""level-3"",""bidirectional"",""one-context-sentence"",""corner-case"",""hans-to-hant""]"
zh-tghz2013-level-3/8014-map-01/hant-to-hans	通用规范汉字表 第3级	vocabulary	8014	zh-Hant	zh-Hans	鰧（鰧字）	"[""䲢（䲢字）""]"	"[]"		"[""zh-tghz2013.8014"",""zh-tghz2013.8014.map-01""]"	"[]"	"[]"	sources/mappings.tsv	规范字编号 8014；对应码 8014_1	图鉴中收录了䲢这种鱼。 ⇄ 圖鑑中收錄了鰧這種魚。 (context domain-template; source metalinguistic-fallback; official mapping; domain-template; Zoology / ichthyology: a rare character used in the name of a fish or fish group.)	"[""图鉴中收录了䲢这种鱼。"",""圖鑑中收錄了鰧這種魚。""]"	"[""chinese"",""simplified-traditional"",""tghz2013"",""level-3"",""bidirectional"",""one-context-sentence"",""corner-case"",""hant-to-hans""]"
zh-tghz2013-level-3/8015-map-01/hans-to-hant	通用规范汉字表 第3级	vocabulary	8015	zh-Hans	zh-Hant	鳑（鳑鲏）	"[""鰟（鰟鮍）""]"	"[]"		"[""zh-tghz2013.8015"",""zh-tghz2013.8015.map-01""]"	"[]"	"[]"	sources/mappings.tsv	规范字编号 8015；对应码 8015_1	鳑鲏是一种鱼类或水生动物。 ⇄ 鰟鮍是一種魚類或水生動物。 (context authored-example; source project-authored; official mapping; lexical-context)	"[""鳑鲏是一种鱼类或水生动物。"",""鰟鮍是一種魚類或水生動物。""]"	"[""chinese"",""simplified-traditional"",""tghz2013"",""level-3"",""bidirectional"",""one-context-sentence"",""hans-to-hant""]"
zh-tghz2013-level-3/8015-map-01/hant-to-hans	通用规范汉字表 第3级	vocabulary	8015	zh-Hant	zh-Hans	鰟（鰟鮍）	"[""鳑（鳑鲏）""]"	"[]"		"[""zh-tghz2013.8015"",""zh-tghz2013.8015.map-01""]"	"[]"	"[]"	sources/mappings.tsv	规范字编号 8015；对应码 8015_1	鳑鲏是一种鱼类或水生动物。 ⇄ 鰟鮍是一種魚類或水生動物。 (context authored-example; source project-authored; official mapping; lexical-context)	"[""鳑鲏是一种鱼类或水生动物。"",""鰟鮍是一種魚類或水生動物。""]"	"[""chinese"",""simplified-traditional"",""tghz2013"",""level-3"",""bidirectional"",""one-context-sentence"",""hant-to-hans""]"
zh-tghz2013-level-3/8016-map-01/hans-to-hant	通用规范汉字表 第3级	vocabulary	8016	zh-Hans	zh-Hant	鳒（鳒字）	"[""鰜（鰜字）""]"	"[]"		"[""zh-tghz2013.8016"",""zh-tghz2013.8016.map-01""]"	"[]"	"[]"	sources/mappings.tsv	规范字编号 8016；对应码 8016_1	图鉴中收录了鳒这种鱼。 ⇄ 圖鑑中收錄了鰜這種魚。 (context domain-template; source metalinguistic-fallback; official mapping; domain-template; Zoology / ichthyology: a rare character used in the name of a fish or fish group.)	"[""图鉴中收录了鳒这种鱼。"",""圖鑑中收錄了鰜這種魚。""]"	"[""chinese"",""simplified-traditional"",""tghz2013"",""level-3"",""bidirectional"",""one-context-sentence"",""corner-case"",""hans-to-hant""]"
zh-tghz2013-level-3/8016-map-01/hant-to-hans	通用规范汉字表 第3级	vocabulary	8016	zh-Hant	zh-Hans	鰜（鰜字）	"[""鳒（鳒字）""]"	"[]"		"[""zh-tghz2013.8016"",""zh-tghz2013.8016.map-01""]"	"[]"	"[]"	sources/mappings.tsv	规范字编号 8016；对应码 8016_1	图鉴中收录了鳒这种鱼。 ⇄ 圖鑑中收錄了鰜這種魚。 (context domain-template; source metalinguistic-fallback; official mapping; domain-template; Zoology / ichthyology: a rare character used in the name of a fish or fish group.)	"[""图鉴中收录了鳒这种鱼。"",""圖鑑中收錄了鰜這種魚。""]"	"[""chinese"",""simplified-traditional"",""tghz2013"",""level-3"",""bidirectional"",""one-context-sentence"",""corner-case"",""hant-to-hans""]"
zh-tghz2013-level-3/8017-map-01/hans-to-hant	通用规范汉字表 第3级	vocabulary	8017	zh-Hans	zh-Hant	鹱（灰鹱）	"[""鸌（灰鸌）""]"	"[]"		"[""zh-tghz2013.8017"",""zh-tghz2013.8017.map-01""]"	"[]"	"[]"	sources/mappings.tsv	规范字编号 8017；对应码 8017_1	灰鹱是一种鸟。 ⇄ 灰鸌是一種鳥。 (context authored-example; source project-authored; official mapping; lexical-context)	"[""灰鹱是一种鸟。"",""灰鸌是一種鳥。""]"	"[""chinese"",""simplified-traditional"",""tghz2013"",""level-3"",""bidirectional"",""one-context-sentence"",""hans-to-hant""]"
zh-tghz2013-level-3/8017-map-01/hant-to-hans	通用规范汉字表 第3级	vocabulary	8017	zh-Hant	zh-Hans	鸌（灰鸌）	"[""鹱（灰鹱）""]"	"[]"		"[""zh-tghz2013.8017"",""zh-tghz2013.8017.map-01""]"	"[]"	"[]"	sources/mappings.tsv	规范字编号 8017；对应码 8017_1	灰鹱是一种鸟。 ⇄ 灰鸌是一種鳥。 (context authored-example; source project-authored; official mapping; lexical-context)	"[""灰鹱是一种鸟。"",""灰鸌是一種鳥。""]"	"[""chinese"",""simplified-traditional"",""tghz2013"",""level-3"",""bidirectional"",""one-context-sentence"",""hant-to-hans""]"
zh-tghz2013-level-3/8018-map-01/hans-to-hant	通用规范汉字表 第3级	vocabulary	8018	zh-Hans	zh-Hant	鹯（鹯视狼顾）	"[""鸇（鸇視狼顧）""]"	"[]"		"[""zh-tghz2013.8018"",""zh-tghz2013.8018.map-01""]"	"[]"	"[]"	sources/mappings.tsv	规范字编号 8018；对应码 8018_1	鹯视狼顾是一个成语或固定说法。 ⇄ 鸇視狼顧是一個成語或固定說法。 (context authored-example; source project-authored; official mapping; lexical-context)	"[""鹯视狼顾是一个成语或固定说法。"",""鸇視狼顧是一個成語或固定說法。""]"	"[""chinese"",""simplified-traditional"",""tghz2013"",""level-3"",""bidirectional"",""one-context-sentence"",""hans-to-hant""]"
zh-tghz2013-level-3/8018-map-01/hant-to-hans	通用规范汉字表 第3级	vocabulary	8018	zh-Hant	zh-Hans	鸇（鸇視狼顧）	"[""鹯（鹯视狼顾）""]"	"[]"		"[""zh-tghz2013.8018"",""zh-tghz2013.8018.map-01""]"	"[]"	"[]"	sources/mappings.tsv	规范字编号 8018；对应码 8018_1	鹯视狼顾是一个成语或固定说法。 ⇄ 鸇視狼顧是一個成語或固定說法。 (context authored-example; source project-authored; official mapping; lexical-context)	"[""鹯视狼顾是一个成语或固定说法。"",""鸇視狼顧是一個成語或固定說法。""]"	"[""chinese"",""simplified-traditional"",""tghz2013"",""level-3"",""bidirectional"",""one-context-sentence"",""hant-to-hans""]"
zh-tghz2013-level-3/8023-map-01/hans-to-hant	通用规范汉字表 第3级	vocabulary	8023	zh-Hans	zh-Hant	冁（冁然而笑）	"[""囅（囅然而笑）""]"	"[]"		"[""zh-tghz2013.8023"",""zh-tghz2013.8023.map-01""]"	"[]"	"[]"	sources/mappings.tsv	规范字编号 8023；对应码 8023_1	冁然而笑是一个成语或固定说法。 ⇄ 囅然而笑是一個成語或固定說法。 (context authored-example; source project-authored; official mapping; lexical-context)	"[""冁然而笑是一个成语或固定说法。"",""囅然而笑是一個成語或固定說法。""]"	"[""chinese"",""simplified-traditional"",""tghz2013"",""level-3"",""bidirectional"",""one-context-sentence"",""hans-to-hant""]"
zh-tghz2013-level-3/8023-map-01/hant-to-hans	通用规范汉字表 第3级	vocabulary	8023	zh-Hant	zh-Hans	囅（囅然而笑）	"[""冁（冁然而笑）""]"	"[]"		"[""zh-tghz2013.8023"",""zh-tghz2013.8023.map-01""]"	"[]"	"[]"	sources/mappings.tsv	规范字编号 8023；对应码 8023_1	冁然而笑是一个成语或固定说法。 ⇄ 囅然而笑是一個成語或固定說法。 (context authored-example; source project-authored; official mapping; lexical-context)	"[""冁然而笑是一个成语或固定说法。"",""囅然而笑是一個成語或固定說法。""]"	"[""chinese"",""simplified-traditional"",""tghz2013"",""level-3"",""bidirectional"",""one-context-sentence"",""hant-to-hans""]"
zh-tghz2013-level-3/8029-map-01/hans-to-hant	通用规范汉字表 第3级	vocabulary	8029	zh-Hans	zh-Hant	䴙（䴙䴘）	"[""鸊（鸊鷉）""]"	"[]"		"[""zh-tghz2013.8029"",""zh-tghz2013.8029.map-01""]"	"[]"	"[]"	sources/mappings.tsv	规范字编号 8029；对应码 8029_1	䴙䴘是一种鸟。 ⇄ 鸊鷉是一種鳥。 (context authored-example; source project-authored; official mapping; lexical-context)	"[""䴙䴘是一种鸟。"",""鸊鷉是一種鳥。""]"	"[""chinese"",""simplified-traditional"",""tghz2013"",""level-3"",""bidirectional"",""one-context-sentence"",""hans-to-hant""]"
zh-tghz2013-level-3/8029-map-01/hant-to-hans	通用规范汉字表 第3级	vocabulary	8029	zh-Hant	zh-Hans	鸊（鸊鷉）	"[""䴙（䴙䴘）""]"	"[]"		"[""zh-tghz2013.8029"",""zh-tghz2013.8029.map-01""]"	"[]"	"[]"	sources/mappings.tsv	规范字编号 8029；对应码 8029_1	䴙䴘是一种鸟。 ⇄ 鸊鷉是一種鳥。 (context authored-example; source project-authored; official mapping; lexical-context)	"[""䴙䴘是一种鸟。"",""鸊鷉是一種鳥。""]"	"[""chinese"",""simplified-traditional"",""tghz2013"",""level-3"",""bidirectional"",""one-context-sentence"",""hant-to-hans""]"
zh-tghz2013-level-3/8030-map-01/hans-to-hant	通用规范汉字表 第3级	vocabulary	8030	zh-Hans	zh-Hant	𬙊（𬙊字）	"[""纆（纆字）""]"	"[]"		"[""zh-tghz2013.8030"",""zh-tghz2013.8030.map-01""]"	"[]"	"[]"	sources/mappings.tsv	规范字编号 8030；对应码 8030_1	古代织物记录中出现了𬙊。 ⇄ 古代織物記錄中出現了纆。 (context domain-template; source metalinguistic-fallback; official mapping; domain-template; Traditional textiles / cordage: a rare character associated with fibres, silk, thread, rope, or textile production.)	"[""古代织物记录中出现了𬙊。"",""古代織物記錄中出現了纆。""]"	"[""chinese"",""simplified-traditional"",""tghz2013"",""level-3"",""bidirectional"",""one-context-sentence"",""corner-case"",""hans-to-hant""]"
zh-tghz2013-level-3/8030-map-01/hant-to-hans	通用规范汉字表 第3级	vocabulary	8030	zh-Hant	zh-Hans	纆（纆字）	"[""𬙊（𬙊字）""]"	"[]"		"[""zh-tghz2013.8030"",""zh-tghz2013.8030.map-01""]"	"[]"	"[]"	sources/mappings.tsv	规范字编号 8030；对应码 8030_1	古代织物记录中出现了𬙊。 ⇄ 古代織物記錄中出現了纆。 (context domain-template; source metalinguistic-fallback; official mapping; domain-template; Traditional textiles / cordage: a rare character associated with fibres, silk, thread, rope, or textile production.)	"[""古代织物记录中出现了𬙊。"",""古代織物記錄中出現了纆。""]"	"[""chinese"",""simplified-traditional"",""tghz2013"",""level-3"",""bidirectional"",""one-context-sentence"",""corner-case"",""hant-to-hans""]"
zh-tghz2013-level-3/8038-map-01/hans-to-hant	通用规范汉字表 第3级	vocabulary	8038	zh-Hans	zh-Hant	鳘（鳘字）	"[""鰵（鰵字）""]"	"[]"		"[""zh-tghz2013.8038"",""zh-tghz2013.8038.map-01""]"	"[]"	"[]"	sources/mappings.tsv	规范字编号 8038；对应码 8038_1	图鉴中收录了鳘这种鱼。 ⇄ 圖鑑中收錄了鰵這種魚。 (context domain-template; source metalinguistic-fallback; official mapping; domain-template; Zoology / ichthyology: a rare character used in the name of a fish or fish group.)	"[""图鉴中收录了鳘这种鱼。"",""圖鑑中收錄了鰵這種魚。""]"	"[""chinese"",""simplified-traditional"",""tghz2013"",""level-3"",""bidirectional"",""one-context-sentence"",""corner-case"",""hans-to-hant""]"
zh-tghz2013-level-3/8038-map-01/hant-to-hans	通用规范汉字表 第3级	vocabulary	8038	zh-Hant	zh-Hans	鰵（鰵字）	"[""鳘（鳘字）""]"	"[]"		"[""zh-tghz2013.8038"",""zh-tghz2013.8038.map-01""]"	"[]"	"[]"	sources/mappings.tsv	规范字编号 8038；对应码 8038_1	图鉴中收录了鳘这种鱼。 ⇄ 圖鑑中收錄了鰵這種魚。 (context domain-template; source metalinguistic-fallback; official mapping; domain-template; Zoology / ichthyology: a rare character used in the name of a fish or fish group.)	"[""图鉴中收录了鳘这种鱼。"",""圖鑑中收錄了鰵這種魚。""]"	"[""chinese"",""simplified-traditional"",""tghz2013"",""level-3"",""bidirectional"",""one-context-sentence"",""corner-case"",""hant-to-hans""]"
zh-tghz2013-level-3/8042-map-01/hans-to-hant	通用规范汉字表 第3级	vocabulary	8042	zh-Hans	zh-Hant	𬶭（𬶭字）	"[""鰶（鰶字）""]"	"[]"		"[""zh-tghz2013.8042"",""zh-tghz2013.8042.map-01""]"	"[]"	"[]"	sources/mappings.tsv	规范字编号 8042；对应码 8042_1	图鉴中收录了𬶭这种鱼。 ⇄ 圖鑑中收錄了鰶這種魚。 (context domain-template; source metalinguistic-fallback; official mapping; domain-template; Zoology / ichthyology: a rare character used in the name of a fish or fish group.)	"[""图鉴中收录了𬶭这种鱼。"",""圖鑑中收錄了鰶這種魚。""]"	"[""chinese"",""simplified-traditional"",""tghz2013"",""level-3"",""bidirectional"",""one-context-sentence"",""corner-case"",""hans-to-hant""]"
zh-tghz2013-level-3/8042-map-01/hant-to-hans	通用规范汉字表 第3级	vocabulary	8042	zh-Hant	zh-Hans	鰶（鰶字）	"[""𬶭（𬶭字）""]"	"[]"		"[""zh-tghz2013.8042"",""zh-tghz2013.8042.map-01""]"	"[]"	"[]"	sources/mappings.tsv	规范字编号 8042；对应码 8042_1	图鉴中收录了𬶭这种鱼。 ⇄ 圖鑑中收錄了鰶這種魚。 (context domain-template; source metalinguistic-fallback; official mapping; domain-template; Zoology / ichthyology: a rare character used in the name of a fish or fish group.)	"[""图鉴中收录了𬶭这种鱼。"",""圖鑑中收錄了鰶這種魚。""]"	"[""chinese"",""simplified-traditional"",""tghz2013"",""level-3"",""bidirectional"",""one-context-sentence"",""corner-case"",""hant-to-hans""]"
zh-tghz2013-level-3/8043-map-01/hans-to-hant	通用规范汉字表 第3级	vocabulary	8043	zh-Hans	zh-Hant	𩾌（𩽾𩾌）	"[""鱇（鮟鱇）""]"	"[]"		"[""zh-tghz2013.8043"",""zh-tghz2013.8043.map-01""]"	"[]"	"[]"	sources/mappings.tsv	规范字编号 8043；对应码 8043_1	𩽾𩾌是一个较少见的词语。 ⇄ 鮟鱇是一個較少見的詞語。 (context authored-example; source project-authored; official mapping; lexical-context)	"[""𩽾𩾌是一个较少见的词语。"",""鮟鱇是一個較少見的詞語。""]"	"[""chinese"",""simplified-traditional"",""tghz2013"",""level-3"",""bidirectional"",""one-context-sentence"",""hans-to-hant""]"
zh-tghz2013-level-3/8043-map-01/hant-to-hans	通用规范汉字表 第3级	vocabulary	8043	zh-Hant	zh-Hans	鱇（鮟鱇）	"[""𩾌（𩽾𩾌）""]"	"[]"		"[""zh-tghz2013.8043"",""zh-tghz2013.8043.map-01""]"	"[]"	"[]"	sources/mappings.tsv	规范字编号 8043；对应码 8043_1	𩽾𩾌是一个较少见的词语。 ⇄ 鮟鱇是一個較少見的詞語。 (context authored-example; source project-authored; official mapping; lexical-context)	"[""𩽾𩾌是一个较少见的词语。"",""鮟鱇是一個較少見的詞語。""]"	"[""chinese"",""simplified-traditional"",""tghz2013"",""level-3"",""bidirectional"",""one-context-sentence"",""hant-to-hans""]"
zh-tghz2013-level-3/8044-map-01/hans-to-hant	通用规范汉字表 第3级	vocabulary	8044	zh-Hans	zh-Hant	鳚（鳚字）	"[""䲁（䲁字）""]"	"[]"		"[""zh-tghz2013.8044"",""zh-tghz2013.8044.map-01""]"	"[]"	"[]"	sources/mappings.tsv	规范字编号 8044；对应码 8044_1	图鉴中收录了鳚这种鱼。 ⇄ 圖鑑中收錄了䲁這種魚。 (context domain-template; source metalinguistic-fallback; official mapping; domain-template; Zoology / ichthyology: a rare character used in the name of a fish or fish group.)	"[""图鉴中收录了鳚这种鱼。"",""圖鑑中收錄了䲁這種魚。""]"	"[""chinese"",""simplified-traditional"",""tghz2013"",""level-3"",""bidirectional"",""one-context-sentence"",""corner-case"",""hans-to-hant""]"
zh-tghz2013-level-3/8044-map-01/hant-to-hans	通用规范汉字表 第3级	vocabulary	8044	zh-Hant	zh-Hans	䲁（䲁字）	"[""鳚（鳚字）""]"	"[]"		"[""zh-tghz2013.8044"",""zh-tghz2013.8044.map-01""]"	"[]"	"[]"	sources/mappings.tsv	规范字编号 8044；对应码 8044_1	图鉴中收录了鳚这种鱼。 ⇄ 圖鑑中收錄了䲁這種魚。 (context domain-template; source metalinguistic-fallback; official mapping; domain-template; Zoology / ichthyology: a rare character used in the name of a fish or fish group.)	"[""图鉴中收录了鳚这种鱼。"",""圖鑑中收錄了䲁這種魚。""]"	"[""chinese"",""simplified-traditional"",""tghz2013"",""level-3"",""bidirectional"",""one-context-sentence"",""corner-case"",""hant-to-hans""]"
zh-tghz2013-level-3/8045-map-01/hans-to-hant	通用规范汉字表 第3级	vocabulary	8045	zh-Hans	zh-Hant	鳛（鳛字）	"[""鰼（鰼字）""]"	"[]"		"[""zh-tghz2013.8045"",""zh-tghz2013.8045.map-01""]"	"[]"	"[]"	sources/mappings.tsv	规范字编号 8045；对应码 8045_1	图鉴中收录了鳛这种鱼。 ⇄ 圖鑑中收錄了鰼這種魚。 (context domain-template; source metalinguistic-fallback; official mapping; domain-template; Zoology / ichthyology: a rare character used in the name of a fish or fish group.)	"[""图鉴中收录了鳛这种鱼。"",""圖鑑中收錄了鰼這種魚。""]"	"[""chinese"",""simplified-traditional"",""tghz2013"",""level-3"",""bidirectional"",""one-context-sentence"",""corner-case"",""hans-to-hant""]"
zh-tghz2013-level-3/8045-map-01/hant-to-hans	通用规范汉字表 第3级	vocabulary	8045	zh-Hant	zh-Hans	鰼（鰼字）	"[""鳛（鳛字）""]"	"[]"		"[""zh-tghz2013.8045"",""zh-tghz2013.8045.map-01""]"	"[]"	"[]"	sources/mappings.tsv	规范字编号 8045；对应码 8045_1	图鉴中收录了鳛这种鱼。 ⇄ 圖鑑中收錄了鰼這種魚。 (context domain-template; source metalinguistic-fallback; official mapping; domain-template; Zoology / ichthyology: a rare character used in the name of a fish or fish group.)	"[""图鉴中收录了鳛这种鱼。"",""圖鑑中收錄了鰼這種魚。""]"	"[""chinese"",""simplified-traditional"",""tghz2013"",""level-3"",""bidirectional"",""one-context-sentence"",""corner-case"",""hant-to-hans""]"
zh-tghz2013-level-3/8049-map-01/hans-to-hant	通用规范汉字表 第3级	vocabulary	8049	zh-Hans	zh-Hant	彟（武士彟）	"[""彠（武士彠）""]"	"[]"		"[""zh-tghz2013.8049"",""zh-tghz2013.8049.map-01""]"	"[]"	"[]"	sources/mappings.tsv	规范字编号 8049；对应码 8049_1	武士彟是一个人名。 ⇄ 武士彠是一個人名。 (context authored-example; source project-authored; official mapping; lexical-context)	"[""武士彟是一个人名。"",""武士彠是一個人名。""]"	"[""chinese"",""simplified-traditional"",""tghz2013"",""level-3"",""bidirectional"",""one-context-sentence"",""hans-to-hant""]"
zh-tghz2013-level-3/8049-map-01/hant-to-hans	通用规范汉字表 第3级	vocabulary	8049	zh-Hant	zh-Hans	彠（武士彠）	"[""彟（武士彟）""]"	"[]"		"[""zh-tghz2013.8049"",""zh-tghz2013.8049.map-01""]"	"[]"	"[]"	sources/mappings.tsv	规范字编号 8049；对应码 8049_1	武士彟是一个人名。 ⇄ 武士彠是一個人名。 (context authored-example; source project-authored; official mapping; lexical-context)	"[""武士彟是一个人名。"",""武士彠是一個人名。""]"	"[""chinese"",""simplified-traditional"",""tghz2013"",""level-3"",""bidirectional"",""one-context-sentence"",""hant-to-hans""]"
zh-tghz2013-level-3/8055-map-01/hans-to-hant	通用规范汉字表 第3级	vocabulary	8055	zh-Hans	zh-Hant	颥（颞颥）	"[""顬（顳顬）""]"	"[]"		"[""zh-tghz2013.8055"",""zh-tghz2013.8055.map-01""]"	"[]"	"[]"	sources/mappings.tsv	规范字编号 8055；对应码 8055_1	颞颥是一个医学词语。 ⇄ 顳顬是一個醫學詞語。 (context authored-example; source project-authored; official mapping; lexical-context)	"[""颞颥是一个医学词语。"",""顳顬是一個醫學詞語。""]"	"[""chinese"",""simplified-traditional"",""tghz2013"",""level-3"",""bidirectional"",""one-context-sentence"",""hans-to-hant""]"
zh-tghz2013-level-3/8055-map-01/hant-to-hans	通用规范汉字表 第3级	vocabulary	8055	zh-Hant	zh-Hans	顬（顳顬）	"[""颥（颞颥）""]"	"[]"		"[""zh-tghz2013.8055"",""zh-tghz2013.8055.map-01""]"	"[]"	"[]"	sources/mappings.tsv	规范字编号 8055；对应码 8055_1	颞颥是一个医学词语。 ⇄ 顳顬是一個醫學詞語。 (context authored-example; source project-authored; official mapping; lexical-context)	"[""颞颥是一个医学词语。"",""顳顬是一個醫學詞語。""]"	"[""chinese"",""simplified-traditional"",""tghz2013"",""level-3"",""bidirectional"",""one-context-sentence"",""hant-to-hans""]"
zh-tghz2013-level-3/8062-map-01/hans-to-hant	通用规范汉字表 第3级	vocabulary	8062	zh-Hans	zh-Hant	𬶮（𬶮字）	"[""鱚（鱚字）""]"	"[]"		"[""zh-tghz2013.8062"",""zh-tghz2013.8062.map-01""]"	"[]"	"[]"	sources/mappings.tsv	规范字编号 8062；对应码 8062_1	图鉴中收录了𬶮这种鱼。 ⇄ 圖鑑中收錄了鱚這種魚。 (context domain-template; source metalinguistic-fallback; official mapping; domain-template; Zoology / ichthyology: a rare character used in the name of a fish or fish group.)	"[""图鉴中收录了𬶮这种鱼。"",""圖鑑中收錄了鱚這種魚。""]"	"[""chinese"",""simplified-traditional"",""tghz2013"",""level-3"",""bidirectional"",""one-context-sentence"",""corner-case"",""hans-to-hant""]"
zh-tghz2013-level-3/8062-map-01/hant-to-hans	通用规范汉字表 第3级	vocabulary	8062	zh-Hant	zh-Hans	鱚（鱚字）	"[""𬶮（𬶮字）""]"	"[]"		"[""zh-tghz2013.8062"",""zh-tghz2013.8062.map-01""]"	"[]"	"[]"	sources/mappings.tsv	规范字编号 8062；对应码 8062_1	图鉴中收录了𬶮这种鱼。 ⇄ 圖鑑中收錄了鱚這種魚。 (context domain-template; source metalinguistic-fallback; official mapping; domain-template; Zoology / ichthyology: a rare character used in the name of a fish or fish group.)	"[""图鉴中收录了𬶮这种鱼。"",""圖鑑中收錄了鱚這種魚。""]"	"[""chinese"",""simplified-traditional"",""tghz2013"",""level-3"",""bidirectional"",""one-context-sentence"",""corner-case"",""hant-to-hans""]"
zh-tghz2013-level-3/8072-map-01/hans-to-hant	通用规范汉字表 第3级	vocabulary	8072	zh-Hans	zh-Hant	骦（骕骦）	"[""驦（驌驦）""]"	"[]"		"[""zh-tghz2013.8072"",""zh-tghz2013.8072.map-01""]"	"[]"	"[]"	sources/mappings.tsv	规范字编号 8072；对应码 8072_1	骕骦是一个较少见的词语。 ⇄ 驌驦是一個較少見的詞語。 (context authored-example; source project-authored; official mapping; lexical-context)	"[""骕骦是一个较少见的词语。"",""驌驦是一個較少見的詞語。""]"	"[""chinese"",""simplified-traditional"",""tghz2013"",""level-3"",""bidirectional"",""one-context-sentence"",""hans-to-hant""]"
zh-tghz2013-level-3/8072-map-01/hant-to-hans	通用规范汉字表 第3级	vocabulary	8072	zh-Hant	zh-Hans	驦（驌驦）	"[""骦（骕骦）""]"	"[]"		"[""zh-tghz2013.8072"",""zh-tghz2013.8072.map-01""]"	"[]"	"[]"	sources/mappings.tsv	规范字编号 8072；对应码 8072_1	骕骦是一个较少见的词语。 ⇄ 驌驦是一個較少見的詞語。 (context authored-example; source project-authored; official mapping; lexical-context)	"[""骕骦是一个较少见的词语。"",""驌驦是一個較少見的詞語。""]"	"[""chinese"",""simplified-traditional"",""tghz2013"",""level-3"",""bidirectional"",""one-context-sentence"",""hant-to-hans""]"
zh-tghz2013-level-3/8073-map-01/hans-to-hant	通用规范汉字表 第3级	vocabulary	8073	zh-Hans	zh-Hant	𬙋（𬙋字）	"[""纕（纕字）""]"	"[]"		"[""zh-tghz2013.8073"",""zh-tghz2013.8073.map-01""]"	"[]"	"[]"	sources/mappings.tsv	规范字编号 8073；对应码 8073_1	古代织物记录中出现了𬙋。 ⇄ 古代織物記錄中出現了纕。 (context domain-template; source metalinguistic-fallback; official mapping; domain-template; Traditional textiles / cordage: a rare character associated with fibres, silk, thread, rope, or textile production.)	"[""古代织物记录中出现了𬙋。"",""古代織物記錄中出現了纕。""]"	"[""chinese"",""simplified-traditional"",""tghz2013"",""level-3"",""bidirectional"",""one-context-sentence"",""corner-case"",""hans-to-hant""]"
zh-tghz2013-level-3/8073-map-01/hant-to-hans	通用规范汉字表 第3级	vocabulary	8073	zh-Hant	zh-Hans	纕（纕字）	"[""𬙋（𬙋字）""]"	"[]"		"[""zh-tghz2013.8073"",""zh-tghz2013.8073.map-01""]"	"[]"	"[]"	sources/mappings.tsv	规范字编号 8073；对应码 8073_1	古代织物记录中出现了𬙋。 ⇄ 古代織物記錄中出現了纕。 (context domain-template; source metalinguistic-fallback; official mapping; domain-template; Traditional textiles / cordage: a rare character associated with fibres, silk, thread, rope, or textile production.)	"[""古代织物记录中出现了𬙋。"",""古代織物記錄中出現了纕。""]"	"[""chinese"",""simplified-traditional"",""tghz2013"",""level-3"",""bidirectional"",""one-context-sentence"",""corner-case"",""hant-to-hans""]"
zh-tghz2013-level-3/8079-map-01/hans-to-hant	通用规范汉字表 第3级	vocabulary	8079	zh-Hans	zh-Hant	𬺓（𬺓字）	"[""齼（齼字）""]"	"[]"		"[""zh-tghz2013.8079"",""zh-tghz2013.8079.map-01""]"	"[]"	"[]"	sources/mappings.tsv	规范字编号 8079；对应码 8079_1	古代医书中出现了𬺓。 ⇄ 古代醫書中出現了齼。 (context domain-template; source metalinguistic-fallback; official mapping; domain-template; Historical anatomy / medicine: a rare character associated with the body, teeth, or an anatomical term.)	"[""古代医书中出现了𬺓。"",""古代醫書中出現了齼。""]"	"[""chinese"",""simplified-traditional"",""tghz2013"",""level-3"",""bidirectional"",""one-context-sentence"",""corner-case"",""hans-to-hant""]"
zh-tghz2013-level-3/8079-map-01/hant-to-hans	通用规范汉字表 第3级	vocabulary	8079	zh-Hant	zh-Hans	齼（齼字）	"[""𬺓（𬺓字）""]"	"[]"		"[""zh-tghz2013.8079"",""zh-tghz2013.8079.map-01""]"	"[]"	"[]"	sources/mappings.tsv	规范字编号 8079；对应码 8079_1	古代医书中出现了𬺓。 ⇄ 古代醫書中出現了齼。 (context domain-template; source metalinguistic-fallback; official mapping; domain-template; Historical anatomy / medicine: a rare character associated with the body, teeth, or an anatomical term.)	"[""古代医书中出现了𬺓。"",""古代醫書中出現了齼。""]"	"[""chinese"",""simplified-traditional"",""tghz2013"",""level-3"",""bidirectional"",""one-context-sentence"",""corner-case"",""hant-to-hans""]"
zh-tghz2013-level-3/8082-map-01/hans-to-hant	通用规范汉字表 第3级	vocabulary	8082	zh-Hans	zh-Hant	鳠（鳠字）	"[""鱯（鱯字）""]"	"[]"		"[""zh-tghz2013.8082"",""zh-tghz2013.8082.map-01""]"	"[]"	"[]"	sources/mappings.tsv	规范字编号 8082；对应码 8082_1	图鉴中收录了鳠这种鱼。 ⇄ 圖鑑中收錄了鱯這種魚。 (context domain-template; source metalinguistic-fallback; official mapping; domain-template; Zoology / ichthyology: a rare character used in the name of a fish or fish group.)	"[""图鉴中收录了鳠这种鱼。"",""圖鑑中收錄了鱯這種魚。""]"	"[""chinese"",""simplified-traditional"",""tghz2013"",""level-3"",""bidirectional"",""one-context-sentence"",""corner-case"",""hans-to-hant""]"
zh-tghz2013-level-3/8082-map-01/hant-to-hans	通用规范汉字表 第3级	vocabulary	8082	zh-Hant	zh-Hans	鱯（鱯字）	"[""鳠（鳠字）""]"	"[]"		"[""zh-tghz2013.8082"",""zh-tghz2013.8082.map-01""]"	"[]"	"[]"	sources/mappings.tsv	规范字编号 8082；对应码 8082_1	图鉴中收录了鳠这种鱼。 ⇄ 圖鑑中收錄了鱯這種魚。 (context domain-template; source metalinguistic-fallback; official mapping; domain-template; Zoology / ichthyology: a rare character used in the name of a fish or fish group.)	"[""图鉴中收录了鳠这种鱼。"",""圖鑑中收錄了鱯這種魚。""]"	"[""chinese"",""simplified-traditional"",""tghz2013"",""level-3"",""bidirectional"",""one-context-sentence"",""corner-case"",""hant-to-hans""]"
zh-tghz2013-level-3/8083-map-01/hans-to-hant	通用规范汉字表 第3级	vocabulary	8083	zh-Hans	zh-Hant	鳡（鳡字）	"[""鱤（鱤字）""]"	"[]"		"[""zh-tghz2013.8083"",""zh-tghz2013.8083.map-01""]"	"[]"	"[]"	sources/mappings.tsv	规范字编号 8083；对应码 8083_1	图鉴中收录了鳡这种鱼。 ⇄ 圖鑑中收錄了鱤這種魚。 (context domain-template; source metalinguistic-fallback; official mapping; domain-template; Zoology / ichthyology: a rare character used in the name of a fish or fish group.)	"[""图鉴中收录了鳡这种鱼。"",""圖鑑中收錄了鱤這種魚。""]"	"[""chinese"",""simplified-traditional"",""tghz2013"",""level-3"",""bidirectional"",""one-context-sentence"",""corner-case"",""hans-to-hant""]"
zh-tghz2013-level-3/8083-map-01/hant-to-hans	通用规范汉字表 第3级	vocabulary	8083	zh-Hant	zh-Hans	鱤（鱤字）	"[""鳡（鳡字）""]"	"[]"		"[""zh-tghz2013.8083"",""zh-tghz2013.8083.map-01""]"	"[]"	"[]"	sources/mappings.tsv	规范字编号 8083；对应码 8083_1	图鉴中收录了鳡这种鱼。 ⇄ 圖鑑中收錄了鱤這種魚。 (context domain-template; source metalinguistic-fallback; official mapping; domain-template; Zoology / ichthyology: a rare character used in the name of a fish or fish group.)	"[""图鉴中收录了鳡这种鱼。"",""圖鑑中收錄了鱤這種魚。""]"	"[""chinese"",""simplified-traditional"",""tghz2013"",""level-3"",""bidirectional"",""one-context-sentence"",""corner-case"",""hant-to-hans""]"
zh-tghz2013-level-3/8084-map-01/hans-to-hant	通用规范汉字表 第3级	vocabulary	8084	zh-Hans	zh-Hant	鳣（鳣舍）	"[""鱣（鱣舍）""]"	"[]"		"[""zh-tghz2013.8084"",""zh-tghz2013.8084.map-01""]"	"[]"	"[]"	sources/mappings.tsv	规范字编号 8084；对应码 8084_1	鳣舍是一种器物。 ⇄ 鱣舍是一種器物。 (context authored-example; source project-authored; official mapping; lexical-context)	"[""鳣舍是一种器物。"",""鱣舍是一種器物。""]"	"[""chinese"",""simplified-traditional"",""tghz2013"",""level-3"",""bidirectional"",""one-context-sentence"",""hans-to-hant""]"
zh-tghz2013-level-3/8084-map-01/hant-to-hans	通用规范汉字表 第3级	vocabulary	8084	zh-Hant	zh-Hans	鱣（鱣舍）	"[""鳣（鳣舍）""]"	"[]"		"[""zh-tghz2013.8084"",""zh-tghz2013.8084.map-01""]"	"[]"	"[]"	sources/mappings.tsv	规范字编号 8084；对应码 8084_1	鳣舍是一种器物。 ⇄ 鱣舍是一種器物。 (context authored-example; source project-authored; official mapping; lexical-context)	"[""鳣舍是一种器物。"",""鱣舍是一種器物。""]"	"[""chinese"",""simplified-traditional"",""tghz2013"",""level-3"",""bidirectional"",""one-context-sentence"",""hant-to-hans""]"
zh-tghz2013-level-3/8092-map-01/hans-to-hant	通用规范汉字表 第3级	vocabulary	8092	zh-Hans	zh-Hant	鹴（鹔鹴）	"[""鸘（鷫鸘）""]"	"[]"		"[""zh-tghz2013.8092"",""zh-tghz2013.8092.map-01""]"	"[]"	"[]"	sources/mappings.tsv	规范字编号 8092；对应码 8092_1	鹔鹴是一种鸟。 ⇄ 鷫鸘是一種鳥。 (context authored-example; source project-authored; official mapping; lexical-context)	"[""鹔鹴是一种鸟。"",""鷫鸘是一種鳥。""]"	"[""chinese"",""simplified-traditional"",""tghz2013"",""level-3"",""bidirectional"",""one-context-sentence"",""hans-to-hant""]"
zh-tghz2013-level-3/8092-map-01/hant-to-hans	通用规范汉字表 第3级	vocabulary	8092	zh-Hant	zh-Hans	鸘（鷫鸘）	"[""鹴（鹔鹴）""]"	"[]"		"[""zh-tghz2013.8092"",""zh-tghz2013.8092.map-01""]"	"[]"	"[]"	sources/mappings.tsv	规范字编号 8092；对应码 8092_1	鹔鹴是一种鸟。 ⇄ 鷫鸘是一種鳥。 (context authored-example; source project-authored; official mapping; lexical-context)	"[""鹔鹴是一种鸟。"",""鷫鸘是一種鳥。""]"	"[""chinese"",""simplified-traditional"",""tghz2013"",""level-3"",""bidirectional"",""one-context-sentence"",""hant-to-hans""]"
zh-tghz2013-level-3/8096-map-01/hans-to-hant	通用规范汉字表 第3级	vocabulary	8096	zh-Hans	zh-Hant	鳤（鳤字）	"[""䲘（䲘字）""]"	"[]"		"[""zh-tghz2013.8096"",""zh-tghz2013.8096.map-01""]"	"[]"	"[]"	sources/mappings.tsv	规范字编号 8096；对应码 8096_1	图鉴中收录了鳤这种鱼。 ⇄ 圖鑑中收錄了䲘這種魚。 (context domain-template; source metalinguistic-fallback; official mapping; domain-template; Zoology / ichthyology: a rare character used in the name of a fish or fish group.)	"[""图鉴中收录了鳤这种鱼。"",""圖鑑中收錄了䲘這種魚。""]"	"[""chinese"",""simplified-traditional"",""tghz2013"",""level-3"",""bidirectional"",""one-context-sentence"",""corner-case"",""hans-to-hant""]"
zh-tghz2013-level-3/8096-map-01/hant-to-hans	通用规范汉字表 第3级	vocabulary	8096	zh-Hant	zh-Hans	䲘（䲘字）	"[""鳤（鳤字）""]"	"[]"		"[""zh-tghz2013.8096"",""zh-tghz2013.8096.map-01""]"	"[]"	"[]"	sources/mappings.tsv	规范字编号 8096；对应码 8096_1	图鉴中收录了鳤这种鱼。 ⇄ 圖鑑中收錄了䲘這種魚。 (context domain-template; source metalinguistic-fallback; official mapping; domain-template; Zoology / ichthyology: a rare character used in the name of a fish or fish group.)	"[""图鉴中收录了鳤这种鱼。"",""圖鑑中收錄了䲘這種魚。""]"	"[""chinese"",""simplified-traditional"",""tghz2013"",""level-3"",""bidirectional"",""one-context-sentence"",""corner-case"",""hant-to-hans""]"
zh-tghz2013-level-3/8100-map-01/hans-to-hant	通用规范汉字表 第3级	vocabulary	8100	zh-Hans	zh-Hant	𫚭（𫚭字）	"[""鱲（鱲字）""]"	"[]"		"[""zh-tghz2013.8100"",""zh-tghz2013.8100.map-01""]"	"[]"	"[]"	sources/mappings.tsv	规范字编号 8100；对应码 8100_1	图鉴中收录了𫚭这种鱼。 ⇄ 圖鑑中收錄了鱲這種魚。 (context domain-template; source metalinguistic-fallback; official mapping; domain-template; Zoology / ichthyology: a rare character used in the name of a fish or fish group.)	"[""图鉴中收录了𫚭这种鱼。"",""圖鑑中收錄了鱲這種魚。""]"	"[""chinese"",""simplified-traditional"",""tghz2013"",""level-3"",""bidirectional"",""one-context-sentence"",""corner-case"",""hans-to-hant""]"
zh-tghz2013-level-3/8100-map-01/hant-to-hans	通用规范汉字表 第3级	vocabulary	8100	zh-Hant	zh-Hans	鱲（鱲字）	"[""𫚭（𫚭字）""]"	"[]"		"[""zh-tghz2013.8100"",""zh-tghz2013.8100.map-01""]"	"[]"	"[]"	sources/mappings.tsv	规范字编号 8100；对应码 8100_1	图鉴中收录了𫚭这种鱼。 ⇄ 圖鑑中收錄了鱲這種魚。 (context domain-template; source metalinguistic-fallback; official mapping; domain-template; Zoology / ichthyology: a rare character used in the name of a fish or fish group.)	"[""图鉴中收录了𫚭这种鱼。"",""圖鑑中收錄了鱲這種魚。""]"	"[""chinese"",""simplified-traditional"",""tghz2013"",""level-3"",""bidirectional"",""one-context-sentence"",""corner-case"",""hant-to-hans""]"
