card_id	deck	kind	source_chapter	prompt_language	answer_language	prompt	accepted_answers	distractors	explanation	lexical_ids	grammar_ids	geographic_ids	provenance_path	provenance_locator	provenance_evidence	examples	tags
zh-traditional-radicals-frequency-xvii/3201/character-to-radical	XVII	vocabulary	3201	zh-Hant	zh-Hant	鈸	"[""金""]"	[]		"[""zh-Hant.frequency.3269"",""zh.radical.kangxi.167""]"	[]	[]	sources/characters.tsv	frequency-order position 3201; corpus frequency rank 3269; Ministry common-character number 4279	鈸: frequency-order position 3201; corpus frequency rank 3269; 10 appearances (0.00082%); Unihan kRSUnicode 167.5; Kangxi radical 167 金; Unihan kRSUnicode single radical assignment.	[]	"[""chinese"",""traditional"",""radicals"",""frequency"",""character-to-radical"",""one-way"",""part-17""]"
zh-traditional-radicals-frequency-xvii/3202/character-to-radical	XVII	vocabulary	3202	zh-Hant	zh-Hant	詮	"[""言""]"	[]		"[""zh-Hant.frequency.3270"",""zh.radical.kangxi.149""]"	[]	[]	sources/characters.tsv	frequency-order position 3202; corpus frequency rank 3270; Ministry common-character number 3828	詮: frequency-order position 3202; corpus frequency rank 3270; 10 appearances (0.00082%); Unihan kRSUnicode 149.6; Kangxi radical 149 言; Unihan kRSUnicode single radical assignment.	[]	"[""chinese"",""traditional"",""radicals"",""frequency"",""character-to-radical"",""one-way"",""part-17""]"
zh-traditional-radicals-frequency-xvii/3203/character-to-radical	XVII	vocabulary	3203	zh-Hant	zh-Hant	撰	"[""手""]"	[]		"[""zh-Hant.frequency.3271"",""zh.radical.kangxi.064""]"	[]	[]	sources/characters.tsv	frequency-order position 3203; corpus frequency rank 3271; Ministry common-character number 1665	撰: frequency-order position 3203; corpus frequency rank 3271; 10 appearances (0.00082%); Unihan kRSUnicode 64.12; Kangxi radical 64 手; Unihan kRSUnicode single radical assignment.	[]	"[""chinese"",""traditional"",""radicals"",""frequency"",""character-to-radical"",""one-way"",""part-17""]"
zh-traditional-radicals-frequency-xvii/3204/character-to-radical	XVII	vocabulary	3204	zh-Hant	zh-Hant	蓓	"[""艸""]"	[]		"[""zh-Hant.frequency.3272"",""zh.radical.kangxi.140""]"	[]	[]	sources/characters.tsv	frequency-order position 3204; corpus frequency rank 3272; Ministry common-character number 3544	蓓: frequency-order position 3204; corpus frequency rank 3272; 10 appearances (0.00082%); Unihan kRSUnicode 140.10; Kangxi radical 140 艸; Unihan kRSUnicode single radical assignment.	[]	"[""chinese"",""traditional"",""radicals"",""frequency"",""character-to-radical"",""one-way"",""part-17""]"
zh-traditional-radicals-frequency-xvii/3205/character-to-radical	XVII	vocabulary	3205	zh-Hant	zh-Hant	鳶	"[""鳥""]"	[]		"[""zh-Hant.frequency.3273"",""zh.radical.kangxi.196""]"	[]	[]	sources/characters.tsv	frequency-order position 3205; corpus frequency rank 3273; Ministry common-character number 4719	鳶: frequency-order position 3205; corpus frequency rank 3273; 10 appearances (0.00082%); Unihan kRSUnicode 196.3; Kangxi radical 196 鳥; Unihan kRSUnicode single radical assignment.	[]	"[""chinese"",""traditional"",""radicals"",""frequency"",""character-to-radical"",""one-way"",""part-17""]"
zh-traditional-radicals-frequency-xvii/3206/character-to-radical	XVII	vocabulary	3206	zh-Hant	zh-Hant	膩	"[""肉""]"	[]		"[""zh-Hant.frequency.3274"",""zh.radical.kangxi.130""]"	[]	[]	sources/characters.tsv	frequency-order position 3206; corpus frequency rank 3274; Ministry common-character number 3366	膩: frequency-order position 3206; corpus frequency rank 3274; 10 appearances (0.00082%); Unihan kRSUnicode 130.12; Kangxi radical 130 肉; Unihan kRSUnicode single radical assignment.	[]	"[""chinese"",""traditional"",""radicals"",""frequency"",""character-to-radical"",""one-way"",""part-17""]"
zh-traditional-radicals-frequency-xvii/3207/character-to-radical	XVII	vocabulary	3207	zh-Hant	zh-Hant	癒	"[""疒""]"	[]		"[""zh-Hant.frequency.3275"",""zh.radical.kangxi.104""]"	[]	[]	sources/characters.tsv	frequency-order position 3207; corpus frequency rank 3275; Ministry common-character number 2710	癒: frequency-order position 3207; corpus frequency rank 3275; 10 appearances (0.00082%); Unihan kRSUnicode 104.13; Kangxi radical 104 疒; Unihan kRSUnicode single radical assignment.	[]	"[""chinese"",""traditional"",""radicals"",""frequency"",""character-to-radical"",""one-way"",""part-17""]"
zh-traditional-radicals-frequency-xvii/3208/character-to-radical	XVII	vocabulary	3208	zh-Hant	zh-Hant	遴	"[""辵""]"	[]		"[""zh-Hant.frequency.3276"",""zh.radical.kangxi.162""]"	[]	[]	sources/characters.tsv	frequency-order position 3208; corpus frequency rank 3276; Ministry common-character number 4184	遴: frequency-order position 3208; corpus frequency rank 3276; 10 appearances (0.00082%); Unihan kRSUnicode 162.12; Kangxi radical 162 辵; Unihan kRSUnicode single radical assignment.	[]	"[""chinese"",""traditional"",""radicals"",""frequency"",""character-to-radical"",""one-way"",""part-17""]"
zh-traditional-radicals-frequency-xvii/3209/character-to-radical	XVII	vocabulary	3209	zh-Hant	zh-Hant	滌	"[""水""]"	[]		"[""zh-Hant.frequency.3277"",""zh.radical.kangxi.085""]"	[]	[]	sources/characters.tsv	frequency-order position 3209; corpus frequency rank 3277; Ministry common-character number 2324	滌: frequency-order position 3209; corpus frequency rank 3277; 10 appearances (0.00082%); Unihan kRSUnicode 85.11; Kangxi radical 85 水; Unihan kRSUnicode single radical assignment.	[]	"[""chinese"",""traditional"",""radicals"",""frequency"",""character-to-radical"",""one-way"",""part-17""]"
zh-traditional-radicals-frequency-xvii/3210/character-to-radical	XVII	vocabulary	3210	zh-Hant	zh-Hant	戍	"[""戈""]"	[]		"[""zh-Hant.frequency.3278"",""zh.radical.kangxi.062""]"	[]	[]	sources/characters.tsv	frequency-order position 3210; corpus frequency rank 3278; Ministry common-character number 1470	戍: frequency-order position 3210; corpus frequency rank 3278; 9 appearances (0.00074%); Unihan kRSUnicode 62.2; Kangxi radical 62 戈; Unihan kRSUnicode single radical assignment.	[]	"[""chinese"",""traditional"",""radicals"",""frequency"",""character-to-radical"",""one-way"",""part-17""]"
zh-traditional-radicals-frequency-xvii/3211/character-to-radical	XVII	vocabulary	3211	zh-Hant	zh-Hant	狡	"[""犬""]"	[]		"[""zh-Hant.frequency.3279"",""zh.radical.kangxi.094""]"	[]	[]	sources/characters.tsv	frequency-order position 3211; corpus frequency rank 3279; Ministry common-character number 2518	狡: frequency-order position 3211; corpus frequency rank 3279; 9 appearances (0.00074%); Unihan kRSUnicode 94.6; Kangxi radical 94 犬; Unihan kRSUnicode single radical assignment.	[]	"[""chinese"",""traditional"",""radicals"",""frequency"",""character-to-radical"",""one-way"",""part-17""]"
zh-traditional-radicals-frequency-xvii/3212/character-to-radical	XVII	vocabulary	3212	zh-Hant	zh-Hant	弘	"[""弓""]"	[]		"[""zh-Hant.frequency.3280"",""zh.radical.kangxi.057""]"	[]	[]	sources/characters.tsv	frequency-order position 3212; corpus frequency rank 3280; Ministry common-character number 1248	弘: frequency-order position 3212; corpus frequency rank 3280; 9 appearances (0.00074%); Unihan kRSUnicode 57.2; Kangxi radical 57 弓; Unihan kRSUnicode single radical assignment.	[]	"[""chinese"",""traditional"",""radicals"",""frequency"",""character-to-radical"",""one-way"",""part-17""]"
zh-traditional-radicals-frequency-xvii/3213/character-to-radical	XVII	vocabulary	3213	zh-Hant	zh-Hant	呻	"[""口""]"	[]		"[""zh-Hant.frequency.3281"",""zh.radical.kangxi.030""]"	[]	[]	sources/characters.tsv	frequency-order position 3213; corpus frequency rank 3281; Ministry common-character number 547	呻: frequency-order position 3213; corpus frequency rank 3281; 9 appearances (0.00074%); Unihan kRSUnicode 30.5; Kangxi radical 30 口; Unihan kRSUnicode single radical assignment.	[]	"[""chinese"",""traditional"",""radicals"",""frequency"",""character-to-radical"",""one-way"",""part-17""]"
zh-traditional-radicals-frequency-xvii/3214/character-to-radical	XVII	vocabulary	3214	zh-Hant	zh-Hant	帖	"[""巾""]"	[]		"[""zh-Hant.frequency.3282"",""zh.radical.kangxi.050""]"	[]	[]	sources/characters.tsv	frequency-order position 3214; corpus frequency rank 3282; Ministry common-character number 1167	帖: frequency-order position 3214; corpus frequency rank 3282; 9 appearances (0.00074%); Unihan kRSUnicode 50.5; Kangxi radical 50 巾; Unihan kRSUnicode single radical assignment.	[]	"[""chinese"",""traditional"",""radicals"",""frequency"",""character-to-radical"",""one-way"",""part-17""]"
zh-traditional-radicals-frequency-xvii/3215/character-to-radical	XVII	vocabulary	3215	zh-Hant	zh-Hant	灼	"[""火""]"	[]		"[""zh-Hant.frequency.3283"",""zh.radical.kangxi.086""]"	[]	[]	sources/characters.tsv	frequency-order position 3215; corpus frequency rank 3283; Ministry common-character number 2386	灼: frequency-order position 3215; corpus frequency rank 3283; 9 appearances (0.00074%); Unihan kRSUnicode 86.3; Kangxi radical 86 火; Unihan kRSUnicode single radical assignment.	[]	"[""chinese"",""traditional"",""radicals"",""frequency"",""character-to-radical"",""one-way"",""part-17""]"
zh-traditional-radicals-frequency-xvii/3216/character-to-radical	XVII	vocabulary	3216	zh-Hant	zh-Hant	佗	"[""人""]"	[]		"[""zh-Hant.frequency.3284"",""zh.radical.kangxi.009""]"	[]	[]	sources/characters.tsv	frequency-order position 3216; corpus frequency rank 3284; Ministry common-character number 107	佗: frequency-order position 3216; corpus frequency rank 3284; 9 appearances (0.00074%); Unihan kRSUnicode 9.5; Kangxi radical 9 人; Unihan kRSUnicode single radical assignment.	[]	"[""chinese"",""traditional"",""radicals"",""frequency"",""character-to-radical"",""one-way"",""part-17""]"
zh-traditional-radicals-frequency-xvii/3217/character-to-radical	XVII	vocabulary	3217	zh-Hant	zh-Hant	垮	"[""土""]"	[]		"[""zh-Hant.frequency.3285"",""zh.radical.kangxi.032""]"	[]	[]	sources/characters.tsv	frequency-order position 3217; corpus frequency rank 3285; Ministry common-character number 770	垮: frequency-order position 3217; corpus frequency rank 3285; 9 appearances (0.00074%); Unihan kRSUnicode 32.6; Kangxi radical 32 土; Unihan kRSUnicode single radical assignment.	[]	"[""chinese"",""traditional"",""radicals"",""frequency"",""character-to-radical"",""one-way"",""part-17""]"
zh-traditional-radicals-frequency-xvii/3218/character-to-radical	XVII	vocabulary	3218	zh-Hant	zh-Hant	枸	"[""木""]"	[]		"[""zh-Hant.frequency.3287"",""zh.radical.kangxi.075""]"	[]	[]	sources/characters.tsv	frequency-order position 3218; corpus frequency rank 3287; Ministry common-character number 1906	枸: frequency-order position 3218; corpus frequency rank 3287; 9 appearances (0.00074%); Unihan kRSUnicode 75.5; Kangxi radical 75 木; Unihan kRSUnicode single radical assignment.	[]	"[""chinese"",""traditional"",""radicals"",""frequency"",""character-to-radical"",""one-way"",""part-17""]"
zh-traditional-radicals-frequency-xvii/3219/character-to-radical	XVII	vocabulary	3219	zh-Hant	zh-Hant	俐	"[""人""]"	[]		"[""zh-Hant.frequency.3288"",""zh.radical.kangxi.009""]"	[]	[]	sources/characters.tsv	frequency-order position 3219; corpus frequency rank 3288; Ministry common-character number 163	俐: frequency-order position 3219; corpus frequency rank 3288; 9 appearances (0.00074%); Unihan kRSUnicode 9.7; Kangxi radical 9 人; Unihan kRSUnicode single radical assignment.	[]	"[""chinese"",""traditional"",""radicals"",""frequency"",""character-to-radical"",""one-way"",""part-17""]"
zh-traditional-radicals-frequency-xvii/3220/character-to-radical	XVII	vocabulary	3220	zh-Hant	zh-Hant	柿	"[""木""]"	[]		"[""zh-Hant.frequency.3289"",""zh.radical.kangxi.075""]"	[]	[]	sources/characters.tsv	frequency-order position 3220; corpus frequency rank 3289; Ministry common-character number 1890	柿: frequency-order position 3220; corpus frequency rank 3289; 9 appearances (0.00074%); Unihan kRSUnicode 75.5; Kangxi radical 75 木; Unihan kRSUnicode single radical assignment.	[]	"[""chinese"",""traditional"",""radicals"",""frequency"",""character-to-radical"",""one-way"",""part-17""]"
zh-traditional-radicals-frequency-xvii/3221/character-to-radical	XVII	vocabulary	3221	zh-Hant	zh-Hant	芙	"[""艸""]"	[]		"[""zh-Hant.frequency.3290"",""zh.radical.kangxi.140""]"	[]	[]	sources/characters.tsv	frequency-order position 3221; corpus frequency rank 3290; Ministry common-character number 3434	芙: frequency-order position 3221; corpus frequency rank 3290; 9 appearances (0.00074%); Unihan kRSUnicode 140.4; Kangxi radical 140 艸; Unihan kRSUnicode single radical assignment.	[]	"[""chinese"",""traditional"",""radicals"",""frequency"",""character-to-radical"",""one-way"",""part-17""]"
zh-traditional-radicals-frequency-xvii/3222/character-to-radical	XVII	vocabulary	3222	zh-Hant	zh-Hant	諱	"[""言""]"	[]		"[""zh-Hant.frequency.3292"",""zh.radical.kangxi.149""]"	[]	[]	sources/characters.tsv	frequency-order position 3222; corpus frequency rank 3292; Ministry common-character number 3861	諱: frequency-order position 3222; corpus frequency rank 3292; 9 appearances (0.00074%); Unihan kRSUnicode 149.9; Kangxi radical 149 言; Unihan kRSUnicode single radical assignment.	[]	"[""chinese"",""traditional"",""radicals"",""frequency"",""character-to-radical"",""one-way"",""part-17""]"
zh-traditional-radicals-frequency-xvii/3223/character-to-radical	XVII	vocabulary	3223	zh-Hant	zh-Hant	咯	"[""口""]"	[]		"[""zh-Hant.frequency.3293"",""zh.radical.kangxi.030""]"	[]	[]	sources/characters.tsv	frequency-order position 3223; corpus frequency rank 3293; Ministry common-character number 578	咯: frequency-order position 3223; corpus frequency rank 3293; 9 appearances (0.00074%); Unihan kRSUnicode 30.6; Kangxi radical 30 口; Unihan kRSUnicode single radical assignment.	[]	"[""chinese"",""traditional"",""radicals"",""frequency"",""character-to-radical"",""one-way"",""part-17""]"
zh-traditional-radicals-frequency-xvii/3224/character-to-radical	XVII	vocabulary	3224	zh-Hant	zh-Hant	鰍	"[""魚""]"	[]		"[""zh-Hant.frequency.3294"",""zh.radical.kangxi.195""]"	[]	[]	sources/characters.tsv	frequency-order position 3224; corpus frequency rank 3294; Ministry common-character number 4704	鰍: frequency-order position 3224; corpus frequency rank 3294; 9 appearances (0.00074%); Unihan kRSUnicode 195.9; Kangxi radical 195 魚; Unihan kRSUnicode single radical assignment.	[]	"[""chinese"",""traditional"",""radicals"",""frequency"",""character-to-radical"",""one-way"",""part-17""]"
zh-traditional-radicals-frequency-xvii/3225/character-to-radical	XVII	vocabulary	3225	zh-Hant	zh-Hant	玟	"[""玉""]"	[]		"[""zh-Hant.frequency.3295"",""zh.radical.kangxi.096""]"	[]	[]	sources/characters.tsv	frequency-order position 3225; corpus frequency rank 3295; Ministry common-character number 2557	玟: frequency-order position 3225; corpus frequency rank 3295; 9 appearances (0.00074%); Unihan kRSUnicode 96.4; Kangxi radical 96 玉; Unihan kRSUnicode single radical assignment.	[]	"[""chinese"",""traditional"",""radicals"",""frequency"",""character-to-radical"",""one-way"",""part-17""]"
zh-traditional-radicals-frequency-xvii/3226/character-to-radical	XVII	vocabulary	3226	zh-Hant	zh-Hant	邏	"[""辵""]"	[]		"[""zh-Hant.frequency.3296"",""zh.radical.kangxi.162""]"	[]	[]	sources/characters.tsv	frequency-order position 3226; corpus frequency rank 3296; Ministry common-character number 4198	邏: frequency-order position 3226; corpus frequency rank 3296; 9 appearances (0.00074%); Unihan kRSUnicode 162.19; Kangxi radical 162 辵; Unihan kRSUnicode single radical assignment.	[]	"[""chinese"",""traditional"",""radicals"",""frequency"",""character-to-radical"",""one-way"",""part-17""]"
zh-traditional-radicals-frequency-xvii/3227/character-to-radical	XVII	vocabulary	3227	zh-Hant	zh-Hant	祠	"[""示""]"	[]		"[""zh-Hant.frequency.3297"",""zh.radical.kangxi.113""]"	[]	[]	sources/characters.tsv	frequency-order position 3227; corpus frequency rank 3297; Ministry common-character number 2887	祠: frequency-order position 3227; corpus frequency rank 3297; 9 appearances (0.00074%); Unihan kRSUnicode 113.5; Kangxi radical 113 示; Unihan kRSUnicode single radical assignment.	[]	"[""chinese"",""traditional"",""radicals"",""frequency"",""character-to-radical"",""one-way"",""part-17""]"
zh-traditional-radicals-frequency-xvii/3228/character-to-radical	XVII	vocabulary	3228	zh-Hant	zh-Hant	麓	"[""鹿""]"	[]		"[""zh-Hant.frequency.3298"",""zh.radical.kangxi.198""]"	[]	[]	sources/characters.tsv	frequency-order position 3228; corpus frequency rank 3298; Ministry common-character number 4757	麓: frequency-order position 3228; corpus frequency rank 3298; 9 appearances (0.00074%); Unihan kRSUnicode 198.8; Kangxi radical 198 鹿; Unihan kRSUnicode single radical assignment.	[]	"[""chinese"",""traditional"",""radicals"",""frequency"",""character-to-radical"",""one-way"",""part-17""]"
zh-traditional-radicals-frequency-xvii/3229/character-to-radical	XVII	vocabulary	3229	zh-Hant	zh-Hant	鐲	"[""金""]"	[]		"[""zh-Hant.frequency.3300"",""zh.radical.kangxi.167""]"	[]	[]	sources/characters.tsv	frequency-order position 3229; corpus frequency rank 3300; Ministry common-character number 4357	鐲: frequency-order position 3229; corpus frequency rank 3300; 9 appearances (0.00074%); Unihan kRSUnicode 167.13; Kangxi radical 167 金; Unihan kRSUnicode single radical assignment.	[]	"[""chinese"",""traditional"",""radicals"",""frequency"",""character-to-radical"",""one-way"",""part-17""]"
zh-traditional-radicals-frequency-xvii/3230/character-to-radical	XVII	vocabulary	3230	zh-Hant	zh-Hant	梵	"[""木""]"	[]		"[""zh-Hant.frequency.3301"",""zh.radical.kangxi.075""]"	[]	[]	sources/characters.tsv	frequency-order position 3230; corpus frequency rank 3301; Ministry common-character number 1936	梵: frequency-order position 3230; corpus frequency rank 3301; 9 appearances (0.00074%); Unihan kRSUnicode 75.7; Kangxi radical 75 木; Unihan kRSUnicode single radical assignment.	[]	"[""chinese"",""traditional"",""radicals"",""frequency"",""character-to-radical"",""one-way"",""part-17""]"
zh-traditional-radicals-frequency-xvii/3231/character-to-radical	XVII	vocabulary	3231	zh-Hant	zh-Hant	曠	"[""日""]"	[]		"[""zh-Hant.frequency.3302"",""zh.radical.kangxi.072""]"	[]	[]	sources/characters.tsv	frequency-order position 3231; corpus frequency rank 3302; Ministry common-character number 1827	曠: frequency-order position 3231; corpus frequency rank 3302; 9 appearances (0.00074%); Unihan kRSUnicode 72.15; Kangxi radical 72 日; Unihan kRSUnicode single radical assignment.	[]	"[""chinese"",""traditional"",""radicals"",""frequency"",""character-to-radical"",""one-way"",""part-17""]"
zh-traditional-radicals-frequency-xvii/3232/character-to-radical	XVII	vocabulary	3232	zh-Hant	zh-Hant	蛀	"[""虫""]"	[]		"[""zh-Hant.frequency.3303"",""zh.radical.kangxi.142""]"	[]	[]	sources/characters.tsv	frequency-order position 3232; corpus frequency rank 3303; Ministry common-character number 3625	蛀: frequency-order position 3232; corpus frequency rank 3303; 9 appearances (0.00074%); Unihan kRSUnicode 142.5; Kangxi radical 142 虫; Unihan kRSUnicode single radical assignment.	[]	"[""chinese"",""traditional"",""radicals"",""frequency"",""character-to-radical"",""one-way"",""part-17""]"
zh-traditional-radicals-frequency-xvii/3233/character-to-radical	XVII	vocabulary	3233	zh-Hant	zh-Hant	淪	"[""水""]"	[]		"[""zh-Hant.frequency.3305"",""zh.radical.kangxi.085""]"	[]	[]	sources/characters.tsv	frequency-order position 3233; corpus frequency rank 3305; Ministry common-character number 2242	淪: frequency-order position 3233; corpus frequency rank 3305; 9 appearances (0.00074%); Unihan kRSUnicode 85.8; Kangxi radical 85 水; Unihan kRSUnicode single radical assignment.	[]	"[""chinese"",""traditional"",""radicals"",""frequency"",""character-to-radical"",""one-way"",""part-17""]"
zh-traditional-radicals-frequency-xvii/3234/character-to-radical	XVII	vocabulary	3234	zh-Hant	zh-Hant	襖	"[""衣""]"	[]		"[""zh-Hant.frequency.3306"",""zh.radical.kangxi.145""]"	[]	[]	sources/characters.tsv	frequency-order position 3234; corpus frequency rank 3306; Ministry common-character number 3757	襖: frequency-order position 3234; corpus frequency rank 3306; 9 appearances (0.00074%); Unihan kRSUnicode 145.13; Kangxi radical 145 衣; Unihan kRSUnicode single radical assignment.	[]	"[""chinese"",""traditional"",""radicals"",""frequency"",""character-to-radical"",""one-way"",""part-17""]"
zh-traditional-radicals-frequency-xvii/3235/character-to-radical	XVII	vocabulary	3235	zh-Hant	zh-Hant	惋	"[""心""]"	[]		"[""zh-Hant.frequency.3307"",""zh.radical.kangxi.061""]"	[]	[]	sources/characters.tsv	frequency-order position 3235; corpus frequency rank 3307; Ministry common-character number 1366	惋: frequency-order position 3235; corpus frequency rank 3307; 9 appearances (0.00074%); Unihan kRSUnicode 61.8; Kangxi radical 61 心; Unihan kRSUnicode single radical assignment.	[]	"[""chinese"",""traditional"",""radicals"",""frequency"",""character-to-radical"",""one-way"",""part-17""]"
zh-traditional-radicals-frequency-xvii/3236/character-to-radical	XVII	vocabulary	3236	zh-Hant	zh-Hant	瓏	"[""玉""]"	[]		"[""zh-Hant.frequency.3308"",""zh.radical.kangxi.096""]"	[]	[]	sources/characters.tsv	frequency-order position 3236; corpus frequency rank 3308; Ministry common-character number 2609	瓏: frequency-order position 3236; corpus frequency rank 3308; 9 appearances (0.00074%); Unihan kRSUnicode 96.16; Kangxi radical 96 玉; Unihan kRSUnicode single radical assignment.	[]	"[""chinese"",""traditional"",""radicals"",""frequency"",""character-to-radical"",""one-way"",""part-17""]"
zh-traditional-radicals-frequency-xvii/3237/character-to-radical	XVII	vocabulary	3237	zh-Hant	zh-Hant	煥	"[""火""]"	[]		"[""zh-Hant.frequency.3309"",""zh.radical.kangxi.086""]"	[]	[]	sources/characters.tsv	frequency-order position 3237; corpus frequency rank 3309; Ministry common-character number 2429	煥: frequency-order position 3237; corpus frequency rank 3309; 9 appearances (0.00074%); Unihan kRSUnicode 86.9; Kangxi radical 86 火; Unihan kRSUnicode single radical assignment.	[]	"[""chinese"",""traditional"",""radicals"",""frequency"",""character-to-radical"",""one-way"",""part-17""]"
zh-traditional-radicals-frequency-xvii/3238/character-to-radical	XVII	vocabulary	3238	zh-Hant	zh-Hant	韁	"[""革""]"	[]		"[""zh-Hant.frequency.3310"",""zh.radical.kangxi.177""]"	[]	[]	sources/characters.tsv	frequency-order position 3238; corpus frequency rank 3310; Ministry common-character number 4523	韁: frequency-order position 3238; corpus frequency rank 3310; 9 appearances (0.00074%); Unihan kRSUnicode 177.13; Kangxi radical 177 革; Unihan kRSUnicode single radical assignment.	[]	"[""chinese"",""traditional"",""radicals"",""frequency"",""character-to-radical"",""one-way"",""part-17""]"
zh-traditional-radicals-frequency-xvii/3239/character-to-radical	XVII	vocabulary	3239	zh-Hant	zh-Hant	嗓	"[""口""]"	[]		"[""zh-Hant.frequency.3311"",""zh.radical.kangxi.030""]"	[]	[]	sources/characters.tsv	frequency-order position 3239; corpus frequency rank 3311; Ministry common-character number 647	嗓: frequency-order position 3239; corpus frequency rank 3311; 9 appearances (0.00074%); Unihan kRSUnicode 30.10; Kangxi radical 30 口; Unihan kRSUnicode single radical assignment.	[]	"[""chinese"",""traditional"",""radicals"",""frequency"",""character-to-radical"",""one-way"",""part-17""]"
zh-traditional-radicals-frequency-xvii/3240/character-to-radical	XVII	vocabulary	3240	zh-Hant	zh-Hant	瀚	"[""水""]"	[]		"[""zh-Hant.frequency.3312"",""zh.radical.kangxi.085""]"	[]	[]	sources/characters.tsv	frequency-order position 3240; corpus frequency rank 3312; Ministry common-character number 2373	瀚: frequency-order position 3240; corpus frequency rank 3312; 9 appearances (0.00074%); Unihan kRSUnicode 85.16; Kangxi radical 85 水; Unihan kRSUnicode single radical assignment.	[]	"[""chinese"",""traditional"",""radicals"",""frequency"",""character-to-radical"",""one-way"",""part-17""]"
zh-traditional-radicals-frequency-xvii/3241/character-to-radical	XVII	vocabulary	3241	zh-Hant	zh-Hant	蛟	"[""虫""]"	[]		"[""zh-Hant.frequency.3313"",""zh.radical.kangxi.142""]"	[]	[]	sources/characters.tsv	frequency-order position 3241; corpus frequency rank 3313; Ministry common-character number 3633	蛟: frequency-order position 3241; corpus frequency rank 3313; 9 appearances (0.00074%); Unihan kRSUnicode 142.6; Kangxi radical 142 虫; Unihan kRSUnicode single radical assignment.	[]	"[""chinese"",""traditional"",""radicals"",""frequency"",""character-to-radical"",""one-way"",""part-17""]"
zh-traditional-radicals-frequency-xvii/3242/character-to-radical	XVII	vocabulary	3242	zh-Hant	zh-Hant	跋	"[""足""]"	[]		"[""zh-Hant.frequency.3315"",""zh.radical.kangxi.157""]"	[]	[]	sources/characters.tsv	frequency-order position 3242; corpus frequency rank 3315; Ministry common-character number 4006	跋: frequency-order position 3242; corpus frequency rank 3315; 9 appearances (0.00074%); Unihan kRSUnicode 157.5; Kangxi radical 157 足; Unihan kRSUnicode single radical assignment.	[]	"[""chinese"",""traditional"",""radicals"",""frequency"",""character-to-radical"",""one-way"",""part-17""]"
zh-traditional-radicals-frequency-xvii/3243/character-to-radical	XVII	vocabulary	3243	zh-Hant	zh-Hant	毽	"[""毛""]"	[]		"[""zh-Hant.frequency.3317"",""zh.radical.kangxi.082""]"	[]	[]	sources/characters.tsv	frequency-order position 3243; corpus frequency rank 3317; Ministry common-character number 2107	毽: frequency-order position 3243; corpus frequency rank 3317; 9 appearances (0.00074%); Unihan kRSUnicode 82.9; Kangxi radical 82 毛; Unihan kRSUnicode single radical assignment.	[]	"[""chinese"",""traditional"",""radicals"",""frequency"",""character-to-radical"",""one-way"",""part-17""]"
zh-traditional-radicals-frequency-xvii/3244/character-to-radical	XVII	vocabulary	3244	zh-Hant	zh-Hant	詭	"[""言""]"	[]		"[""zh-Hant.frequency.3319"",""zh.radical.kangxi.149""]"	[]	[]	sources/characters.tsv	frequency-order position 3244; corpus frequency rank 3319; Ministry common-character number 3826	詭: frequency-order position 3244; corpus frequency rank 3319; 9 appearances (0.00074%); Unihan kRSUnicode 149.6; Kangxi radical 149 言; Unihan kRSUnicode single radical assignment.	[]	"[""chinese"",""traditional"",""radicals"",""frequency"",""character-to-radical"",""one-way"",""part-17""]"
zh-traditional-radicals-frequency-xvii/3245/character-to-radical	XVII	vocabulary	3245	zh-Hant	zh-Hant	腱	"[""肉""]"	[]		"[""zh-Hant.frequency.3321"",""zh.radical.kangxi.130""]"	[]	[]	sources/characters.tsv	frequency-order position 3245; corpus frequency rank 3321; Ministry common-character number 3345	腱: frequency-order position 3245; corpus frequency rank 3321; 9 appearances (0.00074%); Unihan kRSUnicode 130.9; Kangxi radical 130 肉; Unihan kRSUnicode single radical assignment.	[]	"[""chinese"",""traditional"",""radicals"",""frequency"",""character-to-radical"",""one-way"",""part-17""]"
zh-traditional-radicals-frequency-xvii/3246/character-to-radical	XVII	vocabulary	3246	zh-Hant	zh-Hant	肇	"[""聿""]"	[]		"[""zh-Hant.frequency.3323"",""zh.radical.kangxi.129""]"	[]	[]	sources/characters.tsv	frequency-order position 3246; corpus frequency rank 3323; Ministry common-character number 3287	肇: frequency-order position 3246; corpus frequency rank 3323; 9 appearances (0.00074%); Unihan kRSUnicode 129.8; Kangxi radical 129 聿; Unihan kRSUnicode single radical assignment.	[]	"[""chinese"",""traditional"",""radicals"",""frequency"",""character-to-radical"",""one-way"",""part-17""]"
zh-traditional-radicals-frequency-xvii/3247/character-to-radical	XVII	vocabulary	3247	zh-Hant	zh-Hant	綵	"[""糸""]"	[]		"[""zh-Hant.frequency.3325"",""zh.radical.kangxi.120""]"	[]	[]	sources/characters.tsv	frequency-order position 3247; corpus frequency rank 3325; Ministry common-character number 3142	綵: frequency-order position 3247; corpus frequency rank 3325; 9 appearances (0.00074%); Unihan kRSUnicode 120.8; Kangxi radical 120 糸; Unihan kRSUnicode single radical assignment.	[]	"[""chinese"",""traditional"",""radicals"",""frequency"",""character-to-radical"",""one-way"",""part-17""]"
zh-traditional-radicals-frequency-xvii/3248/character-to-radical	XVII	vocabulary	3248	zh-Hant	zh-Hant	茸	"[""艸""]"	[]		"[""zh-Hant.frequency.3326"",""zh.radical.kangxi.140""]"	[]	[]	sources/characters.tsv	frequency-order position 3248; corpus frequency rank 3326; Ministry common-character number 3467	茸: frequency-order position 3248; corpus frequency rank 3326; 9 appearances (0.00074%); Unihan kRSUnicode 140.6; Kangxi radical 140 艸; Unihan kRSUnicode single radical assignment.	[]	"[""chinese"",""traditional"",""radicals"",""frequency"",""character-to-radical"",""one-way"",""part-17""]"
zh-traditional-radicals-frequency-xvii/3249/character-to-radical	XVII	vocabulary	3249	zh-Hant	zh-Hant	舐	"[""舌""]"	[]		"[""zh-Hant.frequency.3327"",""zh.radical.kangxi.135""]"	[]	[]	sources/characters.tsv	frequency-order position 3249; corpus frequency rank 3327; Ministry common-character number 3404	舐: frequency-order position 3249; corpus frequency rank 3327; 9 appearances (0.00074%); Unihan kRSUnicode 135.4; Kangxi radical 135 舌; Unihan kRSUnicode single radical assignment.	[]	"[""chinese"",""traditional"",""radicals"",""frequency"",""character-to-radical"",""one-way"",""part-17""]"
zh-traditional-radicals-frequency-xvii/3250/character-to-radical	XVII	vocabulary	3250	zh-Hant	zh-Hant	摯	"[""手""]"	[]		"[""zh-Hant.frequency.3328"",""zh.radical.kangxi.064""]"	[]	[]	sources/characters.tsv	frequency-order position 3250; corpus frequency rank 3328; Ministry common-character number 1659	摯: frequency-order position 3250; corpus frequency rank 3328; 9 appearances (0.00074%); Unihan kRSUnicode 64.11; Kangxi radical 64 手; Unihan kRSUnicode single radical assignment.	[]	"[""chinese"",""traditional"",""radicals"",""frequency"",""character-to-radical"",""one-way"",""part-17""]"
zh-traditional-radicals-frequency-xvii/3251/character-to-radical	XVII	vocabulary	3251	zh-Hant	zh-Hant	缽	"[""缶""]"	[]		"[""zh-Hant.frequency.3329"",""zh.radical.kangxi.121""]"	[]	[]	sources/characters.tsv	frequency-order position 3251; corpus frequency rank 3329; Ministry common-character number 3198	缽: frequency-order position 3251; corpus frequency rank 3329; 9 appearances (0.00074%); Unihan kRSUnicode 121.5; Kangxi radical 121 缶; Unihan kRSUnicode single radical assignment.	[]	"[""chinese"",""traditional"",""radicals"",""frequency"",""character-to-radical"",""one-way"",""part-17""]"
zh-traditional-radicals-frequency-xvii/3252/character-to-radical	XVII	vocabulary	3252	zh-Hant	zh-Hant	裸	"[""衣""]"	[]		"[""zh-Hant.frequency.3330"",""zh.radical.kangxi.145""]"	[]	[]	sources/characters.tsv	frequency-order position 3252; corpus frequency rank 3330; Ministry common-character number 3739	裸: frequency-order position 3252; corpus frequency rank 3330; 9 appearances (0.00074%); Unihan kRSUnicode 145.8; Kangxi radical 145 衣; Unihan kRSUnicode single radical assignment.	[]	"[""chinese"",""traditional"",""radicals"",""frequency"",""character-to-radical"",""one-way"",""part-17""]"
zh-traditional-radicals-frequency-xvii/3253/character-to-radical	XVII	vocabulary	3253	zh-Hant	zh-Hant	崔	"[""山""]"	[]		"[""zh-Hant.frequency.3331"",""zh.radical.kangxi.046""]"	[]	[]	sources/characters.tsv	frequency-order position 3253; corpus frequency rank 3331; Ministry common-character number 1130	崔: frequency-order position 3253; corpus frequency rank 3331; 9 appearances (0.00074%); Unihan kRSUnicode 46.8; Kangxi radical 46 山; Unihan kRSUnicode single radical assignment.	[]	"[""chinese"",""traditional"",""radicals"",""frequency"",""character-to-radical"",""one-way"",""part-17""]"
zh-traditional-radicals-frequency-xvii/3254/character-to-radical	XVII	vocabulary	3254	zh-Hant	zh-Hant	嘯	"[""口""]"	[]		"[""zh-Hant.frequency.3332"",""zh.radical.kangxi.030""]"	[]	[]	sources/characters.tsv	frequency-order position 3254; corpus frequency rank 3332; Ministry common-character number 686	嘯: frequency-order position 3254; corpus frequency rank 3332; 9 appearances (0.00074%); Unihan kRSUnicode 30.12; Kangxi radical 30 口; Unihan kRSUnicode single radical assignment.	[]	"[""chinese"",""traditional"",""radicals"",""frequency"",""character-to-radical"",""one-way"",""part-17""]"
zh-traditional-radicals-frequency-xvii/3255/character-to-radical	XVII	vocabulary	3255	zh-Hant	zh-Hant	屜	"[""尸""]"	[]		"[""zh-Hant.frequency.3333"",""zh.radical.kangxi.044""]"	[]	[]	sources/characters.tsv	frequency-order position 3255; corpus frequency rank 3333; Ministry common-character number 1094	屜: frequency-order position 3255; corpus frequency rank 3333; 9 appearances (0.00074%); Unihan kRSUnicode 44.8; Kangxi radical 44 尸; Unihan kRSUnicode single radical assignment.	[]	"[""chinese"",""traditional"",""radicals"",""frequency"",""character-to-radical"",""one-way"",""part-17""]"
zh-traditional-radicals-frequency-xvii/3256/character-to-radical	XVII	vocabulary	3256	zh-Hant	zh-Hant	餃	"[""食""]"	[]		"[""zh-Hant.frequency.3334"",""zh.radical.kangxi.184""]"	[]	[]	sources/characters.tsv	frequency-order position 3256; corpus frequency rank 3334; Ministry common-character number 4593	餃: frequency-order position 3256; corpus frequency rank 3334; 9 appearances (0.00074%); Unihan kRSUnicode 184.6; Kangxi radical 184 食; Unihan kRSUnicode single radical assignment.	[]	"[""chinese"",""traditional"",""radicals"",""frequency"",""character-to-radical"",""one-way"",""part-17""]"
zh-traditional-radicals-frequency-xvii/3257/character-to-radical	XVII	vocabulary	3257	zh-Hant	zh-Hant	絆	"[""糸""]"	[]		"[""zh-Hant.frequency.3335"",""zh.radical.kangxi.120""]"	[]	[]	sources/characters.tsv	frequency-order position 3257; corpus frequency rank 3335; Ministry common-character number 3102	絆: frequency-order position 3257; corpus frequency rank 3335; 9 appearances (0.00074%); Unihan kRSUnicode 120.5; Kangxi radical 120 糸; Unihan kRSUnicode single radical assignment.	[]	"[""chinese"",""traditional"",""radicals"",""frequency"",""character-to-radical"",""one-way"",""part-17""]"
zh-traditional-radicals-frequency-xvii/3258/character-to-radical	XVII	vocabulary	3258	zh-Hant	zh-Hant	矯	"[""矢""]"	[]		"[""zh-Hant.frequency.3336"",""zh.radical.kangxi.111""]"	[]	[]	sources/characters.tsv	frequency-order position 3258; corpus frequency rank 3336; Ministry common-character number 2822	矯: frequency-order position 3258; corpus frequency rank 3336; 9 appearances (0.00074%); Unihan kRSUnicode 111.12; Kangxi radical 111 矢; Unihan kRSUnicode single radical assignment.	[]	"[""chinese"",""traditional"",""radicals"",""frequency"",""character-to-radical"",""one-way"",""part-17""]"
zh-traditional-radicals-frequency-xvii/3259/character-to-radical	XVII	vocabulary	3259	zh-Hant	zh-Hant	湍	"[""水""]"	[]		"[""zh-Hant.frequency.3337"",""zh.radical.kangxi.085""]"	[]	[]	sources/characters.tsv	frequency-order position 3259; corpus frequency rank 3337; Ministry common-character number 2268	湍: frequency-order position 3259; corpus frequency rank 3337; 9 appearances (0.00074%); Unihan kRSUnicode 85.9; Kangxi radical 85 水; Unihan kRSUnicode single radical assignment.	[]	"[""chinese"",""traditional"",""radicals"",""frequency"",""character-to-radical"",""one-way"",""part-17""]"
zh-traditional-radicals-frequency-xvii/3260/character-to-radical	XVII	vocabulary	3260	zh-Hant	zh-Hant	濺	"[""水""]"	[]		"[""zh-Hant.frequency.3338"",""zh.radical.kangxi.085""]"	[]	[]	sources/characters.tsv	frequency-order position 3260; corpus frequency rank 3338; Ministry common-character number 2367	濺: frequency-order position 3260; corpus frequency rank 3338; 9 appearances (0.00074%); Unihan kRSUnicode 85.15; Kangxi radical 85 水; Unihan kRSUnicode single radical assignment.	[]	"[""chinese"",""traditional"",""radicals"",""frequency"",""character-to-radical"",""one-way"",""part-17""]"
zh-traditional-radicals-frequency-xvii/3261/character-to-radical	XVII	vocabulary	3261	zh-Hant	zh-Hant	鈉	"[""金""]"	[]		"[""zh-Hant.frequency.3339"",""zh.radical.kangxi.167""]"	[]	[]	sources/characters.tsv	frequency-order position 3261; corpus frequency rank 3339; Ministry common-character number 4273	鈉: frequency-order position 3261; corpus frequency rank 3339; 9 appearances (0.00074%); Unihan kRSUnicode 167.4; Kangxi radical 167 金; Unihan kRSUnicode single radical assignment.	[]	"[""chinese"",""traditional"",""radicals"",""frequency"",""character-to-radical"",""one-way"",""part-17""]"
zh-traditional-radicals-frequency-xvii/3262/character-to-radical	XVII	vocabulary	3262	zh-Hant	zh-Hant	衫	"[""衣""]"	[]		"[""zh-Hant.frequency.3340"",""zh.radical.kangxi.145""]"	[]	[]	sources/characters.tsv	frequency-order position 3262; corpus frequency rank 3340; Ministry common-character number 3711	衫: frequency-order position 3262; corpus frequency rank 3340; 9 appearances (0.00074%); Unihan kRSUnicode 145.3; Kangxi radical 145 衣; Unihan kRSUnicode single radical assignment.	[]	"[""chinese"",""traditional"",""radicals"",""frequency"",""character-to-radical"",""one-way"",""part-17""]"
zh-traditional-radicals-frequency-xvii/3263/character-to-radical	XVII	vocabulary	3263	zh-Hant	zh-Hant	氯	"[""气""]"	[]		"[""zh-Hant.frequency.3341"",""zh.radical.kangxi.084""]"	[]	[]	sources/characters.tsv	frequency-order position 3263; corpus frequency rank 3341; Ministry common-character number 2122	氯: frequency-order position 3263; corpus frequency rank 3341; 9 appearances (0.00074%); Unihan kRSUnicode 84.8; Kangxi radical 84 气; Unihan kRSUnicode single radical assignment.	[]	"[""chinese"",""traditional"",""radicals"",""frequency"",""character-to-radical"",""one-way"",""part-17""]"
zh-traditional-radicals-frequency-xvii/3264/character-to-radical	XVII	vocabulary	3264	zh-Hant	zh-Hant	輟	"[""車""]"	[]		"[""zh-Hant.frequency.3342"",""zh.radical.kangxi.159""]"	[]	[]	sources/characters.tsv	frequency-order position 3264; corpus frequency rank 3342; Ministry common-character number 4082	輟: frequency-order position 3264; corpus frequency rank 3342; 9 appearances (0.00074%); Unihan kRSUnicode 159.8; Kangxi radical 159 車; Unihan kRSUnicode single radical assignment.	[]	"[""chinese"",""traditional"",""radicals"",""frequency"",""character-to-radical"",""one-way"",""part-17""]"
zh-traditional-radicals-frequency-xvii/3265/character-to-radical	XVII	vocabulary	3265	zh-Hant	zh-Hant	椒	"[""木""]"	[]		"[""zh-Hant.frequency.3343"",""zh.radical.kangxi.075""]"	[]	[]	sources/characters.tsv	frequency-order position 3265; corpus frequency rank 3343; Ministry common-character number 1969	椒: frequency-order position 3265; corpus frequency rank 3343; 9 appearances (0.00074%); Unihan kRSUnicode 75.8; Kangxi radical 75 木; Unihan kRSUnicode single radical assignment.	[]	"[""chinese"",""traditional"",""radicals"",""frequency"",""character-to-radical"",""one-way"",""part-17""]"
zh-traditional-radicals-frequency-xvii/3266/character-to-radical	XVII	vocabulary	3266	zh-Hant	zh-Hant	瞌	"[""目""]"	[]		"[""zh-Hant.frequency.3344"",""zh.radical.kangxi.109""]"	[]	[]	sources/characters.tsv	frequency-order position 3266; corpus frequency rank 3344; Ministry common-character number 2795	瞌: frequency-order position 3266; corpus frequency rank 3344; 9 appearances (0.00074%); Unihan kRSUnicode 109.10; Kangxi radical 109 目; Unihan kRSUnicode single radical assignment.	[]	"[""chinese"",""traditional"",""radicals"",""frequency"",""character-to-radical"",""one-way"",""part-17""]"
zh-traditional-radicals-frequency-xvii/3267/character-to-radical	XVII	vocabulary	3267	zh-Hant	zh-Hant	痘	"[""疒""]"	[]		"[""zh-Hant.frequency.3345"",""zh.radical.kangxi.104""]"	[]	[]	sources/characters.tsv	frequency-order position 3267; corpus frequency rank 3345; Ministry common-character number 2682	痘: frequency-order position 3267; corpus frequency rank 3345; 9 appearances (0.00074%); Unihan kRSUnicode 104.7; Kangxi radical 104 疒; Unihan kRSUnicode single radical assignment.	[]	"[""chinese"",""traditional"",""radicals"",""frequency"",""character-to-radical"",""one-way"",""part-17""]"
zh-traditional-radicals-frequency-xvii/3268/character-to-radical	XVII	vocabulary	3268	zh-Hant	zh-Hant	蕃	"[""艸""]"	[]		"[""zh-Hant.frequency.3346"",""zh.radical.kangxi.140""]"	[]	[]	sources/characters.tsv	frequency-order position 3268; corpus frequency rank 3346; Ministry common-character number 3566	蕃: frequency-order position 3268; corpus frequency rank 3346; 9 appearances (0.00074%); Unihan kRSUnicode 140.12; Kangxi radical 140 艸; Unihan kRSUnicode single radical assignment.	[]	"[""chinese"",""traditional"",""radicals"",""frequency"",""character-to-radical"",""one-way"",""part-17""]"
zh-traditional-radicals-frequency-xvii/3269/character-to-radical	XVII	vocabulary	3269	zh-Hant	zh-Hant	擄	"[""手""]"	[]		"[""zh-Hant.frequency.3347"",""zh.radical.kangxi.064""]"	[]	[]	sources/characters.tsv	frequency-order position 3269; corpus frequency rank 3347; Ministry common-character number 1682	擄: frequency-order position 3269; corpus frequency rank 3347; 9 appearances (0.00074%); Unihan kRSUnicode 64.13; Kangxi radical 64 手; Unihan kRSUnicode single radical assignment.	[]	"[""chinese"",""traditional"",""radicals"",""frequency"",""character-to-radical"",""one-way"",""part-17""]"
zh-traditional-radicals-frequency-xvii/3270/character-to-radical	XVII	vocabulary	3270	zh-Hant	zh-Hant	褚	"[""衣""]"	[]		"[""zh-Hant.frequency.3348"",""zh.radical.kangxi.145""]"	[]	[]	sources/characters.tsv	frequency-order position 3270; corpus frequency rank 3348; Ministry common-character number 3742	褚: frequency-order position 3270; corpus frequency rank 3348; 9 appearances (0.00074%); Unihan kRSUnicode 145.9; Kangxi radical 145 衣; Unihan kRSUnicode single radical assignment.	[]	"[""chinese"",""traditional"",""radicals"",""frequency"",""character-to-radical"",""one-way"",""part-17""]"
zh-traditional-radicals-frequency-xvii/3271/character-to-radical	XVII	vocabulary	3271	zh-Hant	zh-Hant	羲	"[""羊""]"	[]		"[""zh-Hant.frequency.3349"",""zh.radical.kangxi.123""]"	[]	[]	sources/characters.tsv	frequency-order position 3271; corpus frequency rank 3349; Ministry common-character number 3227	羲: frequency-order position 3271; corpus frequency rank 3349; 9 appearances (0.00074%); Unihan kRSUnicode 123.10; Kangxi radical 123 羊; Unihan kRSUnicode single radical assignment.	[]	"[""chinese"",""traditional"",""radicals"",""frequency"",""character-to-radical"",""one-way"",""part-17""]"
zh-traditional-radicals-frequency-xvii/3272/character-to-radical	XVII	vocabulary	3272	zh-Hant	zh-Hant	迭	"[""辵""]"	[]		"[""zh-Hant.frequency.3350"",""zh.radical.kangxi.162""]"	[]	[]	sources/characters.tsv	frequency-order position 3272; corpus frequency rank 3350; Ministry common-character number 4125	迭: frequency-order position 3272; corpus frequency rank 3350; 9 appearances (0.00074%); Unihan kRSUnicode 162.5; Kangxi radical 162 辵; Unihan kRSUnicode single radical assignment.	[]	"[""chinese"",""traditional"",""radicals"",""frequency"",""character-to-radical"",""one-way"",""part-17""]"
zh-traditional-radicals-frequency-xvii/3273/character-to-radical	XVII	vocabulary	3273	zh-Hant	zh-Hant	虞	"[""虍""]"	[]		"[""zh-Hant.frequency.3351"",""zh.radical.kangxi.141""]"	[]	[]	sources/characters.tsv	frequency-order position 3273; corpus frequency rank 3351; Ministry common-character number 3611	虞: frequency-order position 3273; corpus frequency rank 3351; 9 appearances (0.00074%); Unihan kRSUnicode 141.7; Kangxi radical 141 虍; Unihan kRSUnicode single radical assignment.	[]	"[""chinese"",""traditional"",""radicals"",""frequency"",""character-to-radical"",""one-way"",""part-17""]"
zh-traditional-radicals-frequency-xvii/3274/character-to-radical	XVII	vocabulary	3274	zh-Hant	zh-Hant	屢	"[""尸""]"	[]		"[""zh-Hant.frequency.3352"",""zh.radical.kangxi.044""]"	[]	[]	sources/characters.tsv	frequency-order position 3274; corpus frequency rank 3352; Ministry common-character number 1095	屢: frequency-order position 3274; corpus frequency rank 3352; 9 appearances (0.00074%); Unihan kRSUnicode 44.11; Kangxi radical 44 尸; Unihan kRSUnicode single radical assignment.	[]	"[""chinese"",""traditional"",""radicals"",""frequency"",""character-to-radical"",""one-way"",""part-17""]"
zh-traditional-radicals-frequency-xvii/3275/character-to-radical	XVII	vocabulary	3275	zh-Hant	zh-Hant	嗽	"[""口""]"	[]		"[""zh-Hant.frequency.3353"",""zh.radical.kangxi.030""]"	[]	[]	sources/characters.tsv	frequency-order position 3275; corpus frequency rank 3353; Ministry common-character number 665	嗽: frequency-order position 3275; corpus frequency rank 3353; 9 appearances (0.00074%); Unihan kRSUnicode 30.11; Kangxi radical 30 口; Unihan kRSUnicode single radical assignment.	[]	"[""chinese"",""traditional"",""radicals"",""frequency"",""character-to-radical"",""one-way"",""part-17""]"
zh-traditional-radicals-frequency-xvii/3276/character-to-radical	XVII	vocabulary	3276	zh-Hant	zh-Hant	禎	"[""示""]"	[]		"[""zh-Hant.frequency.3354"",""zh.radical.kangxi.113""]"	[]	[]	sources/characters.tsv	frequency-order position 3276; corpus frequency rank 3354; Ministry common-character number 2900	禎: frequency-order position 3276; corpus frequency rank 3354; 9 appearances (0.00074%); Unihan kRSUnicode 113.9; Kangxi radical 113 示; Unihan kRSUnicode single radical assignment.	[]	"[""chinese"",""traditional"",""radicals"",""frequency"",""character-to-radical"",""one-way"",""part-17""]"
zh-traditional-radicals-frequency-xvii/3277/character-to-radical	XVII	vocabulary	3277	zh-Hant	zh-Hant	霉	"[""雨""]"	[]		"[""zh-Hant.frequency.3355"",""zh.radical.kangxi.173""]"	[]	[]	sources/characters.tsv	frequency-order position 3277; corpus frequency rank 3355; Ministry common-character number 4480	霉: frequency-order position 3277; corpus frequency rank 3355; 9 appearances (0.00074%); Unihan kRSUnicode 173.7; Kangxi radical 173 雨; Unihan kRSUnicode single radical assignment.	[]	"[""chinese"",""traditional"",""radicals"",""frequency"",""character-to-radical"",""one-way"",""part-17""]"
zh-traditional-radicals-frequency-xvii/3278/character-to-radical	XVII	vocabulary	3278	zh-Hant	zh-Hant	匕	"[""匕""]"	[]		"[""zh-Hant.frequency.3356"",""zh.radical.kangxi.021""]"	[]	[]	sources/characters.tsv	frequency-order position 3278; corpus frequency rank 3356; Ministry common-character number 414	匕: frequency-order position 3278; corpus frequency rank 3356; 8 appearances (0.00066%); Unihan kRSUnicode 21.0; Kangxi radical 21 匕; Unihan kRSUnicode single radical assignment.	[]	"[""chinese"",""traditional"",""radicals"",""frequency"",""character-to-radical"",""one-way"",""part-17""]"
zh-traditional-radicals-frequency-xvii/3279/character-to-radical	XVII	vocabulary	3279	zh-Hant	zh-Hant	阱	"[""阜""]"	[]		"[""zh-Hant.frequency.3357"",""zh.radical.kangxi.170""]"	[]	[]	sources/characters.tsv	frequency-order position 3279; corpus frequency rank 3357; Ministry common-character number 4405	阱: frequency-order position 3279; corpus frequency rank 3357; 8 appearances (0.00066%); Unihan kRSUnicode 170.4; Kangxi radical 170 阜; Unihan kRSUnicode single radical assignment.	[]	"[""chinese"",""traditional"",""radicals"",""frequency"",""character-to-radical"",""one-way"",""part-17""]"
zh-traditional-radicals-frequency-xvii/3280/character-to-radical	XVII	vocabulary	3280	zh-Hant	zh-Hant	灶	"[""火""]"	[]		"[""zh-Hant.frequency.3358"",""zh.radical.kangxi.086""]"	[]	[]	sources/characters.tsv	frequency-order position 3280; corpus frequency rank 3358; Ministry common-character number 2385	灶: frequency-order position 3280; corpus frequency rank 3358; 8 appearances (0.00066%); Unihan kRSUnicode 86.3; Kangxi radical 86 火; Unihan kRSUnicode single radical assignment.	[]	"[""chinese"",""traditional"",""radicals"",""frequency"",""character-to-radical"",""one-way"",""part-17""]"
zh-traditional-radicals-frequency-xvii/3281/character-to-radical	XVII	vocabulary	3281	zh-Hant	zh-Hant	甩	"[""用""]"	[]		"[""zh-Hant.frequency.3359"",""zh.radical.kangxi.101""]"	[]	[]	sources/characters.tsv	frequency-order position 3281; corpus frequency rank 3359; Ministry common-character number 2628	甩: frequency-order position 3281; corpus frequency rank 3359; 8 appearances (0.00066%); Unihan kRSUnicode 101.0; Kangxi radical 101 用; Unihan kRSUnicode single radical assignment.	[]	"[""chinese"",""traditional"",""radicals"",""frequency"",""character-to-radical"",""one-way"",""part-17""]"
zh-traditional-radicals-frequency-xvii/3282/character-to-radical	XVII	vocabulary	3282	zh-Hant	zh-Hant	吭	"[""口""]"	[]		"[""zh-Hant.frequency.3360"",""zh.radical.kangxi.030""]"	[]	[]	sources/characters.tsv	frequency-order position 3282; corpus frequency rank 3360; Ministry common-character number 515	吭: frequency-order position 3282; corpus frequency rank 3360; 8 appearances (0.00066%); Unihan kRSUnicode 30.4; Kangxi radical 30 口; Unihan kRSUnicode single radical assignment.	[]	"[""chinese"",""traditional"",""radicals"",""frequency"",""character-to-radical"",""one-way"",""part-17""]"
zh-traditional-radicals-frequency-xvii/3283/character-to-radical	XVII	vocabulary	3283	zh-Hant	zh-Hant	扒	"[""手""]"	[]		"[""zh-Hant.frequency.3361"",""zh.radical.kangxi.064""]"	[]	[]	sources/characters.tsv	frequency-order position 3283; corpus frequency rank 3361; Ministry common-character number 1500	扒: frequency-order position 3283; corpus frequency rank 3361; 8 appearances (0.00066%); Unihan kRSUnicode 64.2; Kangxi radical 64 手; Unihan kRSUnicode single radical assignment.	[]	"[""chinese"",""traditional"",""radicals"",""frequency"",""character-to-radical"",""one-way"",""part-17""]"
zh-traditional-radicals-frequency-xvii/3284/character-to-radical	XVII	vocabulary	3284	zh-Hant	zh-Hant	妍	"[""女""]"	[]		"[""zh-Hant.frequency.3362"",""zh.radical.kangxi.038""]"	[]	[]	sources/characters.tsv	frequency-order position 3284; corpus frequency rank 3362; Ministry common-character number 894	妍: frequency-order position 3284; corpus frequency rank 3362; 8 appearances (0.00066%); Unihan kRSUnicode 38.6; Kangxi radical 38 女; Unihan kRSUnicode single radical assignment.	[]	"[""chinese"",""traditional"",""radicals"",""frequency"",""character-to-radical"",""one-way"",""part-17""]"
zh-traditional-radicals-frequency-xvii/3285/character-to-radical	XVII	vocabulary	3285	zh-Hant	zh-Hant	扛	"[""手""]"	[]		"[""zh-Hant.frequency.3363"",""zh.radical.kangxi.064""]"	[]	[]	sources/characters.tsv	frequency-order position 3285; corpus frequency rank 3363; Ministry common-character number 1502	扛: frequency-order position 3285; corpus frequency rank 3363; 8 appearances (0.00066%); Unihan kRSUnicode 64.3; Kangxi radical 64 手; Unihan kRSUnicode single radical assignment.	[]	"[""chinese"",""traditional"",""radicals"",""frequency"",""character-to-radical"",""one-way"",""part-17""]"
zh-traditional-radicals-frequency-xvii/3286/character-to-radical	XVII	vocabulary	3286	zh-Hant	zh-Hant	苟	"[""艸""]"	[]		"[""zh-Hant.frequency.3364"",""zh.radical.kangxi.140""]"	[]	[]	sources/characters.tsv	frequency-order position 3286; corpus frequency rank 3364; Ministry common-character number 3462	苟: frequency-order position 3286; corpus frequency rank 3364; 8 appearances (0.00066%); Unihan kRSUnicode 140.5; Kangxi radical 140 艸; Unihan kRSUnicode single radical assignment.	[]	"[""chinese"",""traditional"",""radicals"",""frequency"",""character-to-radical"",""one-way"",""part-17""]"
zh-traditional-radicals-frequency-xvii/3287/character-to-radical	XVII	vocabulary	3287	zh-Hant	zh-Hant	刃	"[""刀""]"	[]		"[""zh-Hant.frequency.3365"",""zh.radical.kangxi.018""]"	[]	[]	sources/characters.tsv	frequency-order position 3287; corpus frequency rank 3365; Ministry common-character number 330	刃: frequency-order position 3287; corpus frequency rank 3365; 8 appearances (0.00066%); Unihan kRSUnicode 18.1; Kangxi radical 18 刀; Unihan kRSUnicode single radical assignment.	[]	"[""chinese"",""traditional"",""radicals"",""frequency"",""character-to-radical"",""one-way"",""part-17""]"
zh-traditional-radicals-frequency-xvii/3288/character-to-radical	XVII	vocabulary	3288	zh-Hant	zh-Hant	肱	"[""肉""]"	[]		"[""zh-Hant.frequency.3366"",""zh.radical.kangxi.130""]"	[]	[]	sources/characters.tsv	frequency-order position 3288; corpus frequency rank 3366; Ministry common-character number 3301	肱: frequency-order position 3288; corpus frequency rank 3366; 8 appearances (0.00066%); Unihan kRSUnicode 130.4; Kangxi radical 130 肉; Unihan kRSUnicode single radical assignment.	[]	"[""chinese"",""traditional"",""radicals"",""frequency"",""character-to-radical"",""one-way"",""part-17""]"
zh-traditional-radicals-frequency-xvii/3289/character-to-radical	XVII	vocabulary	3289	zh-Hant	zh-Hant	毋	"[""毋""]"	[]		"[""zh-Hant.frequency.3367"",""zh.radical.kangxi.080""]"	[]	[]	sources/characters.tsv	frequency-order position 3289; corpus frequency rank 3367; Ministry common-character number 2097	毋: frequency-order position 3289; corpus frequency rank 3367; 8 appearances (0.00066%); Unihan kRSUnicode 80.0; Kangxi radical 80 毋; Unihan kRSUnicode single radical assignment.	[]	"[""chinese"",""traditional"",""radicals"",""frequency"",""character-to-radical"",""one-way"",""part-17""]"
zh-traditional-radicals-frequency-xvii/3290/character-to-radical	XVII	vocabulary	3290	zh-Hant	zh-Hant	竽	"[""竹""]"	[]		"[""zh-Hant.frequency.3368"",""zh.radical.kangxi.118""]"	[]	[]	sources/characters.tsv	frequency-order position 3290; corpus frequency rank 3368; Ministry common-character number 2987	竽: frequency-order position 3290; corpus frequency rank 3368; 8 appearances (0.00066%); Unihan kRSUnicode 118.3; Kangxi radical 118 竹; Unihan kRSUnicode single radical assignment.	[]	"[""chinese"",""traditional"",""radicals"",""frequency"",""character-to-radical"",""one-way"",""part-17""]"
zh-traditional-radicals-frequency-xvii/3291/character-to-radical	XVII	vocabulary	3291	zh-Hant	zh-Hant	肛	"[""肉""]"	[]		"[""zh-Hant.frequency.3369"",""zh.radical.kangxi.130""]"	[]	[]	sources/characters.tsv	frequency-order position 3291; corpus frequency rank 3369; Ministry common-character number 3295	肛: frequency-order position 3291; corpus frequency rank 3369; 8 appearances (0.00066%); Unihan kRSUnicode 130.3; Kangxi radical 130 肉; Unihan kRSUnicode single radical assignment.	[]	"[""chinese"",""traditional"",""radicals"",""frequency"",""character-to-radical"",""one-way"",""part-17""]"
zh-traditional-radicals-frequency-xvii/3292/character-to-radical	XVII	vocabulary	3292	zh-Hant	zh-Hant	佐	"[""人""]"	[]		"[""zh-Hant.frequency.3371"",""zh.radical.kangxi.009""]"	[]	[]	sources/characters.tsv	frequency-order position 3292; corpus frequency rank 3371; Ministry common-character number 113	佐: frequency-order position 3292; corpus frequency rank 3371; 8 appearances (0.00066%); Unihan kRSUnicode 9.5; Kangxi radical 9 人; Unihan kRSUnicode single radical assignment.	[]	"[""chinese"",""traditional"",""radicals"",""frequency"",""character-to-radical"",""one-way"",""part-17""]"
zh-traditional-radicals-frequency-xvii/3293/character-to-radical	XVII	vocabulary	3293	zh-Hant	zh-Hant	胄	"[""肉""]"	[]		"[""zh-Hant.frequency.3372"",""zh.radical.kangxi.130""]"	[]	[]	sources/characters.tsv	frequency-order position 3293; corpus frequency rank 3372; Ministry common-character number 3312	胄: frequency-order position 3293; corpus frequency rank 3372; 8 appearances (0.00066%); Unihan kRSUnicode 130.5; Kangxi radical 130 肉; Unihan kRSUnicode single radical assignment.	[]	"[""chinese"",""traditional"",""radicals"",""frequency"",""character-to-radical"",""one-way"",""part-17""]"
zh-traditional-radicals-frequency-xvii/3294/character-to-radical	XVII	vocabulary	3294	zh-Hant	zh-Hant	柵	"[""木""]"	[]		"[""zh-Hant.frequency.3374"",""zh.radical.kangxi.075""]"	[]	[]	sources/characters.tsv	frequency-order position 3294; corpus frequency rank 3374; Ministry common-character number 1898	柵: frequency-order position 3294; corpus frequency rank 3374; 8 appearances (0.00066%); Unihan kRSUnicode 75.5; Kangxi radical 75 木; Unihan kRSUnicode single radical assignment.	[]	"[""chinese"",""traditional"",""radicals"",""frequency"",""character-to-radical"",""one-way"",""part-17""]"
zh-traditional-radicals-frequency-xvii/3295/character-to-radical	XVII	vocabulary	3295	zh-Hant	zh-Hant	几	"[""几""]"	[]		"[""zh-Hant.frequency.3375"",""zh.radical.kangxi.016""]"	[]	[]	sources/characters.tsv	frequency-order position 3295; corpus frequency rank 3375; Ministry common-character number 319	几: frequency-order position 3295; corpus frequency rank 3375; 8 appearances (0.00066%); Unihan kRSUnicode 16.0; Kangxi radical 16 几; Unihan kRSUnicode single radical assignment.	[]	"[""chinese"",""traditional"",""radicals"",""frequency"",""character-to-radical"",""one-way"",""part-17""]"
zh-traditional-radicals-frequency-xvii/3296/character-to-radical	XVII	vocabulary	3296	zh-Hant	zh-Hant	唧	"[""口""]"	[]		"[""zh-Hant.frequency.3376"",""zh.radical.kangxi.030""]"	[]	[]	sources/characters.tsv	frequency-order position 3296; corpus frequency rank 3376; Ministry common-character number 599	唧: frequency-order position 3296; corpus frequency rank 3376; 8 appearances (0.00066%); Unihan kRSUnicode 30.7; Kangxi radical 30 口; Unihan kRSUnicode single radical assignment.	[]	"[""chinese"",""traditional"",""radicals"",""frequency"",""character-to-radical"",""one-way"",""part-17""]"
zh-traditional-radicals-frequency-xvii/3297/character-to-radical	XVII	vocabulary	3297	zh-Hant	zh-Hant	甸	"[""田""]"	[]		"[""zh-Hant.frequency.3377"",""zh.radical.kangxi.102""]"	[]	[]	sources/characters.tsv	frequency-order position 3297; corpus frequency rank 3377; Ministry common-character number 2637	甸: frequency-order position 3297; corpus frequency rank 3377; 8 appearances (0.00066%); Unihan kRSUnicode 102.2; Kangxi radical 102 田; Unihan kRSUnicode single radical assignment.	[]	"[""chinese"",""traditional"",""radicals"",""frequency"",""character-to-radical"",""one-way"",""part-17""]"
zh-traditional-radicals-frequency-xvii/3298/character-to-radical	XVII	vocabulary	3298	zh-Hant	zh-Hant	夸	"[""大""]"	[]		"[""zh-Hant.frequency.3378"",""zh.radical.kangxi.037""]"	[]	[]	sources/characters.tsv	frequency-order position 3298; corpus frequency rank 3378; Ministry common-character number 856	夸: frequency-order position 3298; corpus frequency rank 3378; 8 appearances (0.00066%); Unihan kRSUnicode 37.3; Kangxi radical 37 大; Unihan kRSUnicode single radical assignment.	[]	"[""chinese"",""traditional"",""radicals"",""frequency"",""character-to-radical"",""one-way"",""part-17""]"
zh-traditional-radicals-frequency-xvii/3299/character-to-radical	XVII	vocabulary	3299	zh-Hant	zh-Hant	冉	"[""冂""]"	[]		"[""zh-Hant.frequency.3379"",""zh.radical.kangxi.013""]"	[]	[]	sources/characters.tsv	frequency-order position 3299; corpus frequency rank 3379; Ministry common-character number 296	冉: frequency-order position 3299; corpus frequency rank 3379; 8 appearances (0.00066%); Unihan kRSUnicode 13.3; Kangxi radical 13 冂; Unihan kRSUnicode single radical assignment.	[]	"[""chinese"",""traditional"",""radicals"",""frequency"",""character-to-radical"",""one-way"",""part-17""]"
zh-traditional-radicals-frequency-xvii/3300/character-to-radical	XVII	vocabulary	3300	zh-Hant	zh-Hant	卞	"[""卜""]"	[]		"[""zh-Hant.frequency.3380"",""zh.radical.kangxi.025""]"	[]	[]	sources/characters.tsv	frequency-order position 3300; corpus frequency rank 3380; Ministry common-character number 444	卞: frequency-order position 3300; corpus frequency rank 3380; 8 appearances (0.00066%); Unihan kRSUnicode 25.2; Kangxi radical 25 卜; Unihan kRSUnicode single radical assignment.	[]	"[""chinese"",""traditional"",""radicals"",""frequency"",""character-to-radical"",""one-way"",""part-17""]"
zh-traditional-radicals-frequency-xvii/3301/character-to-radical	XVII	vocabulary	3301	zh-Hant	zh-Hant	卒	"[""十""]"	[]		"[""zh-Hant.frequency.3381"",""zh.radical.kangxi.024""]"	[]	[]	sources/characters.tsv	frequency-order position 3301; corpus frequency rank 3381; Ministry common-character number 437	卒: frequency-order position 3301; corpus frequency rank 3381; 8 appearances (0.00066%); Unihan kRSUnicode 24.6; Kangxi radical 24 十; Unihan kRSUnicode single radical assignment.	[]	"[""chinese"",""traditional"",""radicals"",""frequency"",""character-to-radical"",""one-way"",""part-17""]"
zh-traditional-radicals-frequency-xvii/3302/character-to-radical	XVII	vocabulary	3302	zh-Hant	zh-Hant	疹	"[""疒""]"	[]		"[""zh-Hant.frequency.3382"",""zh.radical.kangxi.104""]"	[]	[]	sources/characters.tsv	frequency-order position 3302; corpus frequency rank 3382; Ministry common-character number 2673	疹: frequency-order position 3302; corpus frequency rank 3382; 8 appearances (0.00066%); Unihan kRSUnicode 104.5; Kangxi radical 104 疒; Unihan kRSUnicode single radical assignment.	[]	"[""chinese"",""traditional"",""radicals"",""frequency"",""character-to-radical"",""one-way"",""part-17""]"
zh-traditional-radicals-frequency-xvii/3303/character-to-radical	XVII	vocabulary	3303	zh-Hant	zh-Hant	茹	"[""艸""]"	[]		"[""zh-Hant.frequency.3383"",""zh.radical.kangxi.140""]"	[]	[]	sources/characters.tsv	frequency-order position 3303; corpus frequency rank 3383; Ministry common-character number 3474	茹: frequency-order position 3303; corpus frequency rank 3383; 8 appearances (0.00066%); Unihan kRSUnicode 140.6; Kangxi radical 140 艸; Unihan kRSUnicode single radical assignment.	[]	"[""chinese"",""traditional"",""radicals"",""frequency"",""character-to-radical"",""one-way"",""part-17""]"
zh-traditional-radicals-frequency-xvii/3304/character-to-radical	XVII	vocabulary	3304	zh-Hant	zh-Hant	叟	"[""又""]"	[]		"[""zh-Hant.frequency.3384"",""zh.radical.kangxi.029""]"	[]	[]	sources/characters.tsv	frequency-order position 3304; corpus frequency rank 3384; Ministry common-character number 477	叟: frequency-order position 3304; corpus frequency rank 3384; 8 appearances (0.00066%); Unihan kRSUnicode 29.8; Kangxi radical 29 又; Unihan kRSUnicode single radical assignment.	[]	"[""chinese"",""traditional"",""radicals"",""frequency"",""character-to-radical"",""one-way"",""part-17""]"
zh-traditional-radicals-frequency-xvii/3305/character-to-radical	XVII	vocabulary	3305	zh-Hant	zh-Hant	蚤	"[""虫""]"	[]		"[""zh-Hant.frequency.3385"",""zh.radical.kangxi.142""]"	[]	[]	sources/characters.tsv	frequency-order position 3305; corpus frequency rank 3385; Ministry common-character number 3620	蚤: frequency-order position 3305; corpus frequency rank 3385; 8 appearances (0.00066%); Unihan kRSUnicode 142.4; Kangxi radical 142 虫; Unihan kRSUnicode single radical assignment.	[]	"[""chinese"",""traditional"",""radicals"",""frequency"",""character-to-radical"",""one-way"",""part-17""]"
zh-traditional-radicals-frequency-xvii/3306/character-to-radical	XVII	vocabulary	3306	zh-Hant	zh-Hant	逞	"[""辵""]"	[]		"[""zh-Hant.frequency.3386"",""zh.radical.kangxi.162""]"	[]	[]	sources/characters.tsv	frequency-order position 3306; corpus frequency rank 3386; Ministry common-character number 4145	逞: frequency-order position 3306; corpus frequency rank 3386; 8 appearances (0.00066%); Unihan kRSUnicode 162.7; Kangxi radical 162 辵; Unihan kRSUnicode single radical assignment.	[]	"[""chinese"",""traditional"",""radicals"",""frequency"",""character-to-radical"",""one-way"",""part-17""]"
zh-traditional-radicals-frequency-xvii/3307/character-to-radical	XVII	vocabulary	3307	zh-Hant	zh-Hant	揣	"[""手""]"	[]		"[""zh-Hant.frequency.3387"",""zh.radical.kangxi.064""]"	[]	[]	sources/characters.tsv	frequency-order position 3307; corpus frequency rank 3387; Ministry common-character number 1623	揣: frequency-order position 3307; corpus frequency rank 3387; 8 appearances (0.00066%); Unihan kRSUnicode 64.9; Kangxi radical 64 手; Unihan kRSUnicode single radical assignment.	[]	"[""chinese"",""traditional"",""radicals"",""frequency"",""character-to-radical"",""one-way"",""part-17""]"
zh-traditional-radicals-frequency-xvii/3308/character-to-radical	XVII	vocabulary	3308	zh-Hant	zh-Hant	麝	"[""鹿""]"	[]		"[""zh-Hant.frequency.3388"",""zh.radical.kangxi.198""]"	[]	[]	sources/characters.tsv	frequency-order position 3308; corpus frequency rank 3388; Ministry common-character number 4758	麝: frequency-order position 3308; corpus frequency rank 3388; 8 appearances (0.00066%); Unihan kRSUnicode 198.10; Kangxi radical 198 鹿; Unihan kRSUnicode single radical assignment.	[]	"[""chinese"",""traditional"",""radicals"",""frequency"",""character-to-radical"",""one-way"",""part-17""]"
zh-traditional-radicals-frequency-xvii/3309/character-to-radical	XVII	vocabulary	3309	zh-Hant	zh-Hant	廬	"[""广""]"	[]		"[""zh-Hant.frequency.3389"",""zh.radical.kangxi.053""]"	[]	[]	sources/characters.tsv	frequency-order position 3309; corpus frequency rank 3389; Ministry common-character number 1233	廬: frequency-order position 3309; corpus frequency rank 3389; 8 appearances (0.00066%); Unihan kRSUnicode 53.16; Kangxi radical 53 广; Unihan kRSUnicode single radical assignment.	[]	"[""chinese"",""traditional"",""radicals"",""frequency"",""character-to-radical"",""one-way"",""part-17""]"
zh-traditional-radicals-frequency-xvii/3310/character-to-radical	XVII	vocabulary	3310	zh-Hant	zh-Hant	釵	"[""金""]"	[]		"[""zh-Hant.frequency.3390"",""zh.radical.kangxi.167""]"	[]	[]	sources/characters.tsv	frequency-order position 3310; corpus frequency rank 3390; Ministry common-character number 4266	釵: frequency-order position 3310; corpus frequency rank 3390; 8 appearances (0.00066%); Unihan kRSUnicode 167.3; Kangxi radical 167 金; Unihan kRSUnicode single radical assignment.	[]	"[""chinese"",""traditional"",""radicals"",""frequency"",""character-to-radical"",""one-way"",""part-17""]"
zh-traditional-radicals-frequency-xvii/3311/character-to-radical	XVII	vocabulary	3311	zh-Hant	zh-Hant	鐸	"[""金""]"	[]		"[""zh-Hant.frequency.3391"",""zh.radical.kangxi.167""]"	[]	[]	sources/characters.tsv	frequency-order position 3311; corpus frequency rank 3391; Ministry common-character number 4356	鐸: frequency-order position 3311; corpus frequency rank 3391; 8 appearances (0.00066%); Unihan kRSUnicode 167.13; Kangxi radical 167 金; Unihan kRSUnicode single radical assignment.	[]	"[""chinese"",""traditional"",""radicals"",""frequency"",""character-to-radical"",""one-way"",""part-17""]"
zh-traditional-radicals-frequency-xvii/3312/character-to-radical	XVII	vocabulary	3312	zh-Hant	zh-Hant	搏	"[""手""]"	[]		"[""zh-Hant.frequency.3392"",""zh.radical.kangxi.064""]"	[]	[]	sources/characters.tsv	frequency-order position 3312; corpus frequency rank 3392; Ministry common-character number 1642	搏: frequency-order position 3312; corpus frequency rank 3392; 8 appearances (0.00066%); Unihan kRSUnicode 64.10; Kangxi radical 64 手; Unihan kRSUnicode single radical assignment.	[]	"[""chinese"",""traditional"",""radicals"",""frequency"",""character-to-radical"",""one-way"",""part-17""]"
zh-traditional-radicals-frequency-xvii/3313/character-to-radical	XVII	vocabulary	3313	zh-Hant	zh-Hant	黯	"[""黑""]"	[]		"[""zh-Hant.frequency.3393"",""zh.radical.kangxi.203""]"	[]	[]	sources/characters.tsv	frequency-order position 3313; corpus frequency rank 3393; Ministry common-character number 4781	黯: frequency-order position 3313; corpus frequency rank 3393; 8 appearances (0.00066%); Unihan kRSUnicode 203.9 180.12; Kangxi radical 203 黑; Reviewed primary Unihan kRSUnicode assignment 203.9 from alternatives 203.9 180.12.	[]	"[""chinese"",""traditional"",""radicals"",""frequency"",""character-to-radical"",""one-way"",""part-17""]"
zh-traditional-radicals-frequency-xvii/3314/character-to-radical	XVII	vocabulary	3314	zh-Hant	zh-Hant	嗜	"[""口""]"	[]		"[""zh-Hant.frequency.3394"",""zh.radical.kangxi.030""]"	[]	[]	sources/characters.tsv	frequency-order position 3314; corpus frequency rank 3394; Ministry common-character number 650	嗜: frequency-order position 3314; corpus frequency rank 3394; 8 appearances (0.00066%); Unihan kRSUnicode 30.10; Kangxi radical 30 口; Unihan kRSUnicode single radical assignment.	[]	"[""chinese"",""traditional"",""radicals"",""frequency"",""character-to-radical"",""one-way"",""part-17""]"
zh-traditional-radicals-frequency-xvii/3315/character-to-radical	XVII	vocabulary	3315	zh-Hant	zh-Hant	繚	"[""糸""]"	[]		"[""zh-Hant.frequency.3395"",""zh.radical.kangxi.120""]"	[]	[]	sources/characters.tsv	frequency-order position 3315; corpus frequency rank 3395; Ministry common-character number 3179	繚: frequency-order position 3315; corpus frequency rank 3395; 8 appearances (0.00066%); Unihan kRSUnicode 120.12; Kangxi radical 120 糸; Unihan kRSUnicode single radical assignment.	[]	"[""chinese"",""traditional"",""radicals"",""frequency"",""character-to-radical"",""one-way"",""part-17""]"
zh-traditional-radicals-frequency-xvii/3316/character-to-radical	XVII	vocabulary	3316	zh-Hant	zh-Hant	馮	"[""馬""]"	[]		"[""zh-Hant.frequency.3396"",""zh.radical.kangxi.187""]"	[]	[]	sources/characters.tsv	frequency-order position 3316; corpus frequency rank 3396; Ministry common-character number 4620	馮: frequency-order position 3316; corpus frequency rank 3396; 8 appearances (0.00066%); Unihan kRSUnicode 187.2; Kangxi radical 187 馬; Unihan kRSUnicode single radical assignment.	[]	"[""chinese"",""traditional"",""radicals"",""frequency"",""character-to-radical"",""one-way"",""part-17""]"
zh-traditional-radicals-frequency-xvii/3317/character-to-radical	XVII	vocabulary	3317	zh-Hant	zh-Hant	鞣	"[""革""]"	[]		"[""zh-Hant.frequency.3397"",""zh.radical.kangxi.177""]"	[]	[]	sources/characters.tsv	frequency-order position 3317; corpus frequency rank 3397; Ministry common-character number 4519	鞣: frequency-order position 3317; corpus frequency rank 3397; 8 appearances (0.00066%); Unihan kRSUnicode 177.9; Kangxi radical 177 革; Unihan kRSUnicode single radical assignment.	[]	"[""chinese"",""traditional"",""radicals"",""frequency"",""character-to-radical"",""one-way"",""part-17""]"
zh-traditional-radicals-frequency-xvii/3318/character-to-radical	XVII	vocabulary	3318	zh-Hant	zh-Hant	甦	"[""生""]"	[]		"[""zh-Hant.frequency.3398"",""zh.radical.kangxi.100""]"	[]	[]	sources/characters.tsv	frequency-order position 3318; corpus frequency rank 3398; Ministry common-character number 2626	甦: frequency-order position 3318; corpus frequency rank 3398; 8 appearances (0.00066%); Unihan kRSUnicode 100.7; Kangxi radical 100 生; Unihan kRSUnicode single radical assignment.	[]	"[""chinese"",""traditional"",""radicals"",""frequency"",""character-to-radical"",""one-way"",""part-17""]"
zh-traditional-radicals-frequency-xvii/3319/character-to-radical	XVII	vocabulary	3319	zh-Hant	zh-Hant	鐮	"[""金""]"	[]		"[""zh-Hant.frequency.3399"",""zh.radical.kangxi.167""]"	[]	[]	sources/characters.tsv	frequency-order position 3319; corpus frequency rank 3399; Ministry common-character number 4352	鐮: frequency-order position 3319; corpus frequency rank 3399; 8 appearances (0.00066%); Unihan kRSUnicode 167.13; Kangxi radical 167 金; Unihan kRSUnicode single radical assignment.	[]	"[""chinese"",""traditional"",""radicals"",""frequency"",""character-to-radical"",""one-way"",""part-17""]"
zh-traditional-radicals-frequency-xvii/3320/character-to-radical	XVII	vocabulary	3320	zh-Hant	zh-Hant	楞	"[""木""]"	[]		"[""zh-Hant.frequency.3400"",""zh.radical.kangxi.075""]"	[]	[]	sources/characters.tsv	frequency-order position 3320; corpus frequency rank 3400; Ministry common-character number 1985	楞: frequency-order position 3320; corpus frequency rank 3400; 8 appearances (0.00066%); Unihan kRSUnicode 75.9; Kangxi radical 75 木; Unihan kRSUnicode single radical assignment.	[]	"[""chinese"",""traditional"",""radicals"",""frequency"",""character-to-radical"",""one-way"",""part-17""]"
zh-traditional-radicals-frequency-xvii/3321/character-to-radical	XVII	vocabulary	3321	zh-Hant	zh-Hant	綸	"[""糸""]"	[]		"[""zh-Hant.frequency.3402"",""zh.radical.kangxi.120""]"	[]	[]	sources/characters.tsv	frequency-order position 3321; corpus frequency rank 3402; Ministry common-character number 3143	綸: frequency-order position 3321; corpus frequency rank 3402; 8 appearances (0.00066%); Unihan kRSUnicode 120.8; Kangxi radical 120 糸; Unihan kRSUnicode single radical assignment.	[]	"[""chinese"",""traditional"",""radicals"",""frequency"",""character-to-radical"",""one-way"",""part-17""]"
zh-traditional-radicals-frequency-xvii/3322/character-to-radical	XVII	vocabulary	3322	zh-Hant	zh-Hant	饑	"[""食""]"	[]		"[""zh-Hant.frequency.3403"",""zh.radical.kangxi.184""]"	[]	[]	sources/characters.tsv	frequency-order position 3322; corpus frequency rank 3403; Ministry common-character number 4612	饑: frequency-order position 3322; corpus frequency rank 3403; 8 appearances (0.00066%); Unihan kRSUnicode 184.12; Kangxi radical 184 食; Unihan kRSUnicode single radical assignment.	[]	"[""chinese"",""traditional"",""radicals"",""frequency"",""character-to-radical"",""one-way"",""part-17""]"
zh-traditional-radicals-frequency-xvii/3323/character-to-radical	XVII	vocabulary	3323	zh-Hant	zh-Hant	寨	"[""宀""]"	[]		"[""zh-Hant.frequency.3404"",""zh.radical.kangxi.040""]"	[]	[]	sources/characters.tsv	frequency-order position 3323; corpus frequency rank 3404; Ministry common-character number 1047	寨: frequency-order position 3323; corpus frequency rank 3404; 8 appearances (0.00066%); Unihan kRSUnicode 40.11; Kangxi radical 40 宀; Unihan kRSUnicode single radical assignment.	[]	"[""chinese"",""traditional"",""radicals"",""frequency"",""character-to-radical"",""one-way"",""part-17""]"
zh-traditional-radicals-frequency-xvii/3324/character-to-radical	XVII	vocabulary	3324	zh-Hant	zh-Hant	廓	"[""广""]"	[]		"[""zh-Hant.frequency.3408"",""zh.radical.kangxi.053""]"	[]	[]	sources/characters.tsv	frequency-order position 3324; corpus frequency rank 3408; Ministry common-character number 1224	廓: frequency-order position 3324; corpus frequency rank 3408; 8 appearances (0.00066%); Unihan kRSUnicode 53.11; Kangxi radical 53 广; Unihan kRSUnicode single radical assignment.	[]	"[""chinese"",""traditional"",""radicals"",""frequency"",""character-to-radical"",""one-way"",""part-17""]"
zh-traditional-radicals-frequency-xvii/3325/character-to-radical	XVII	vocabulary	3325	zh-Hant	zh-Hant	憫	"[""心""]"	[]		"[""zh-Hant.frequency.3410"",""zh.radical.kangxi.061""]"	[]	[]	sources/characters.tsv	frequency-order position 3325; corpus frequency rank 3410; Ministry common-character number 1436	憫: frequency-order position 3325; corpus frequency rank 3410; 8 appearances (0.00066%); Unihan kRSUnicode 61.12; Kangxi radical 61 心; Unihan kRSUnicode single radical assignment.	[]	"[""chinese"",""traditional"",""radicals"",""frequency"",""character-to-radical"",""one-way"",""part-17""]"
zh-traditional-radicals-frequency-xvii/3326/character-to-radical	XVII	vocabulary	3326	zh-Hant	zh-Hant	磅	"[""石""]"	[]		"[""zh-Hant.frequency.3412"",""zh.radical.kangxi.112""]"	[]	[]	sources/characters.tsv	frequency-order position 3326; corpus frequency rank 3412; Ministry common-character number 2856	磅: frequency-order position 3326; corpus frequency rank 3412; 8 appearances (0.00066%); Unihan kRSUnicode 112.10; Kangxi radical 112 石; Unihan kRSUnicode single radical assignment.	[]	"[""chinese"",""traditional"",""radicals"",""frequency"",""character-to-radical"",""one-way"",""part-17""]"
zh-traditional-radicals-frequency-xvii/3327/character-to-radical	XVII	vocabulary	3327	zh-Hant	zh-Hant	鄱	"[""邑""]"	[]		"[""zh-Hant.frequency.3414"",""zh.radical.kangxi.163""]"	[]	[]	sources/characters.tsv	frequency-order position 3327; corpus frequency rank 3414; Ministry common-character number 4223	鄱: frequency-order position 3327; corpus frequency rank 3414; 8 appearances (0.00066%); Unihan kRSUnicode 163.12; Kangxi radical 163 邑; Unihan kRSUnicode single radical assignment.	[]	"[""chinese"",""traditional"",""radicals"",""frequency"",""character-to-radical"",""one-way"",""part-17""]"
zh-traditional-radicals-frequency-xvii/3328/character-to-radical	XVII	vocabulary	3328	zh-Hant	zh-Hant	蝗	"[""虫""]"	[]		"[""zh-Hant.frequency.3416"",""zh.radical.kangxi.142""]"	[]	[]	sources/characters.tsv	frequency-order position 3328; corpus frequency rank 3416; Ministry common-character number 3664	蝗: frequency-order position 3328; corpus frequency rank 3416; 8 appearances (0.00066%); Unihan kRSUnicode 142.9; Kangxi radical 142 虫; Unihan kRSUnicode single radical assignment.	[]	"[""chinese"",""traditional"",""radicals"",""frequency"",""character-to-radical"",""one-way"",""part-17""]"
zh-traditional-radicals-frequency-xvii/3329/character-to-radical	XVII	vocabulary	3329	zh-Hant	zh-Hant	斃	"[""攴""]"	[]		"[""zh-Hant.frequency.3418"",""zh.radical.kangxi.066""]"	[]	[]	sources/characters.tsv	frequency-order position 3329; corpus frequency rank 3418; Ministry common-character number 1742	斃: frequency-order position 3329; corpus frequency rank 3418; 8 appearances (0.00066%); Unihan kRSUnicode 66.14; Kangxi radical 66 攴; Unihan kRSUnicode single radical assignment.	[]	"[""chinese"",""traditional"",""radicals"",""frequency"",""character-to-radical"",""one-way"",""part-17""]"
zh-traditional-radicals-frequency-xvii/3330/character-to-radical	XVII	vocabulary	3330	zh-Hant	zh-Hant	矚	"[""目""]"	[]		"[""zh-Hant.frequency.3419"",""zh.radical.kangxi.109""]"	[]	[]	sources/characters.tsv	frequency-order position 3330; corpus frequency rank 3419; Ministry common-character number 2813	矚: frequency-order position 3330; corpus frequency rank 3419; 8 appearances (0.00066%); Unihan kRSUnicode 109.21; Kangxi radical 109 目; Unihan kRSUnicode single radical assignment.	[]	"[""chinese"",""traditional"",""radicals"",""frequency"",""character-to-radical"",""one-way"",""part-17""]"
zh-traditional-radicals-frequency-xvii/3331/character-to-radical	XVII	vocabulary	3331	zh-Hant	zh-Hant	霍	"[""雨""]"	[]		"[""zh-Hant.frequency.3420"",""zh.radical.kangxi.173""]"	[]	[]	sources/characters.tsv	frequency-order position 3331; corpus frequency rank 3420; Ministry common-character number 4484	霍: frequency-order position 3331; corpus frequency rank 3420; 8 appearances (0.00066%); Unihan kRSUnicode 173.8; Kangxi radical 173 雨; Unihan kRSUnicode single radical assignment.	[]	"[""chinese"",""traditional"",""radicals"",""frequency"",""character-to-radical"",""one-way"",""part-17""]"
zh-traditional-radicals-frequency-xvii/3332/character-to-radical	XVII	vocabulary	3332	zh-Hant	zh-Hant	掀	"[""手""]"	[]		"[""zh-Hant.frequency.3421"",""zh.radical.kangxi.064""]"	[]	[]	sources/characters.tsv	frequency-order position 3332; corpus frequency rank 3421; Ministry common-character number 1610	掀: frequency-order position 3332; corpus frequency rank 3421; 8 appearances (0.00066%); Unihan kRSUnicode 64.8; Kangxi radical 64 手; Unihan kRSUnicode single radical assignment.	[]	"[""chinese"",""traditional"",""radicals"",""frequency"",""character-to-radical"",""one-way"",""part-17""]"
zh-traditional-radicals-frequency-xvii/3333/character-to-radical	XVII	vocabulary	3333	zh-Hant	zh-Hant	褲	"[""衣""]"	[]		"[""zh-Hant.frequency.3422"",""zh.radical.kangxi.145""]"	[]	[]	sources/characters.tsv	frequency-order position 3333; corpus frequency rank 3422; Ministry common-character number 3748	褲: frequency-order position 3333; corpus frequency rank 3422; 8 appearances (0.00066%); Unihan kRSUnicode 145.10; Kangxi radical 145 衣; Unihan kRSUnicode single radical assignment.	[]	"[""chinese"",""traditional"",""radicals"",""frequency"",""character-to-radical"",""one-way"",""part-17""]"
zh-traditional-radicals-frequency-xvii/3334/character-to-radical	XVII	vocabulary	3334	zh-Hant	zh-Hant	皓	"[""白""]"	[]		"[""zh-Hant.frequency.3423"",""zh.radical.kangxi.106""]"	[]	[]	sources/characters.tsv	frequency-order position 3334; corpus frequency rank 3423; Ministry common-character number 2730	皓: frequency-order position 3334; corpus frequency rank 3423; 8 appearances (0.00066%); Unihan kRSUnicode 106.7; Kangxi radical 106 白; Unihan kRSUnicode single radical assignment.	[]	"[""chinese"",""traditional"",""radicals"",""frequency"",""character-to-radical"",""one-way"",""part-17""]"
zh-traditional-radicals-frequency-xvii/3335/character-to-radical	XVII	vocabulary	3335	zh-Hant	zh-Hant	櫛	"[""木""]"	[]		"[""zh-Hant.frequency.3424"",""zh.radical.kangxi.075""]"	[]	[]	sources/characters.tsv	frequency-order position 3335; corpus frequency rank 3424; Ministry common-character number 2037	櫛: frequency-order position 3335; corpus frequency rank 3424; 8 appearances (0.00066%); Unihan kRSUnicode 75.15; Kangxi radical 75 木; Unihan kRSUnicode single radical assignment.	[]	"[""chinese"",""traditional"",""radicals"",""frequency"",""character-to-radical"",""one-way"",""part-17""]"
zh-traditional-radicals-frequency-xvii/3336/character-to-radical	XVII	vocabulary	3336	zh-Hant	zh-Hant	渺	"[""水""]"	[]		"[""zh-Hant.frequency.3425"",""zh.radical.kangxi.085""]"	[]	[]	sources/characters.tsv	frequency-order position 3336; corpus frequency rank 3425; Ministry common-character number 2269	渺: frequency-order position 3336; corpus frequency rank 3425; 8 appearances (0.00066%); Unihan kRSUnicode 85.9; Kangxi radical 85 水; Unihan kRSUnicode single radical assignment.	[]	"[""chinese"",""traditional"",""radicals"",""frequency"",""character-to-radical"",""one-way"",""part-17""]"
zh-traditional-radicals-frequency-xvii/3337/character-to-radical	XVII	vocabulary	3337	zh-Hant	zh-Hant	頤	"[""頁""]"	[]		"[""zh-Hant.frequency.3426"",""zh.radical.kangxi.181""]"	[]	[]	sources/characters.tsv	frequency-order position 3337; corpus frequency rank 3426; Ministry common-character number 4557	頤: frequency-order position 3337; corpus frequency rank 3426; 8 appearances (0.00066%); Unihan kRSUnicode 181.7; Kangxi radical 181 頁; Unihan kRSUnicode single radical assignment.	[]	"[""chinese"",""traditional"",""radicals"",""frequency"",""character-to-radical"",""one-way"",""part-17""]"
zh-traditional-radicals-frequency-xvii/3338/character-to-radical	XVII	vocabulary	3338	zh-Hant	zh-Hant	貸	"[""貝""]"	[]		"[""zh-Hant.frequency.3427"",""zh.radical.kangxi.154""]"	[]	[]	sources/characters.tsv	frequency-order position 3338; corpus frequency rank 3427; Ministry common-character number 3949	貸: frequency-order position 3338; corpus frequency rank 3427; 8 appearances (0.00066%); Unihan kRSUnicode 154.5; Kangxi radical 154 貝; Unihan kRSUnicode single radical assignment.	[]	"[""chinese"",""traditional"",""radicals"",""frequency"",""character-to-radical"",""one-way"",""part-17""]"
zh-traditional-radicals-frequency-xvii/3339/character-to-radical	XVII	vocabulary	3339	zh-Hant	zh-Hant	簍	"[""竹""]"	[]		"[""zh-Hant.frequency.3428"",""zh.radical.kangxi.118""]"	[]	[]	sources/characters.tsv	frequency-order position 3339; corpus frequency rank 3428; Ministry common-character number 3032	簍: frequency-order position 3339; corpus frequency rank 3428; 8 appearances (0.00066%); Unihan kRSUnicode 118.11; Kangxi radical 118 竹; Unihan kRSUnicode single radical assignment.	[]	"[""chinese"",""traditional"",""radicals"",""frequency"",""character-to-radical"",""one-way"",""part-17""]"
zh-traditional-radicals-frequency-xvii/3340/character-to-radical	XVII	vocabulary	3340	zh-Hant	zh-Hant	貶	"[""貝""]"	[]		"[""zh-Hant.frequency.3429"",""zh.radical.kangxi.154""]"	[]	[]	sources/characters.tsv	frequency-order position 3340; corpus frequency rank 3429; Ministry common-character number 3947	貶: frequency-order position 3340; corpus frequency rank 3429; 8 appearances (0.00066%); Unihan kRSUnicode 154.5; Kangxi radical 154 貝; Unihan kRSUnicode single radical assignment.	[]	"[""chinese"",""traditional"",""radicals"",""frequency"",""character-to-radical"",""one-way"",""part-17""]"
zh-traditional-radicals-frequency-xvii/3341/character-to-radical	XVII	vocabulary	3341	zh-Hant	zh-Hant	臀	"[""肉""]"	[]		"[""zh-Hant.frequency.3430"",""zh.radical.kangxi.130""]"	[]	[]	sources/characters.tsv	frequency-order position 3341; corpus frequency rank 3430; Ministry common-character number 3372	臀: frequency-order position 3341; corpus frequency rank 3430; 8 appearances (0.00066%); Unihan kRSUnicode 130.13; Kangxi radical 130 肉; Unihan kRSUnicode single radical assignment.	[]	"[""chinese"",""traditional"",""radicals"",""frequency"",""character-to-radical"",""one-way"",""part-17""]"
zh-traditional-radicals-frequency-xvii/3342/character-to-radical	XVII	vocabulary	3342	zh-Hant	zh-Hant	瑙	"[""玉""]"	[]		"[""zh-Hant.frequency.3431"",""zh.radical.kangxi.096""]"	[]	[]	sources/characters.tsv	frequency-order position 3342; corpus frequency rank 3431; Ministry common-character number 2591	瑙: frequency-order position 3342; corpus frequency rank 3431; 8 appearances (0.00066%); Unihan kRSUnicode 96.9; Kangxi radical 96 玉; Unihan kRSUnicode single radical assignment.	[]	"[""chinese"",""traditional"",""radicals"",""frequency"",""character-to-radical"",""one-way"",""part-17""]"
zh-traditional-radicals-frequency-xvii/3343/character-to-radical	XVII	vocabulary	3343	zh-Hant	zh-Hant	羹	"[""羊""]"	[]		"[""zh-Hant.frequency.3432"",""zh.radical.kangxi.123""]"	[]	[]	sources/characters.tsv	frequency-order position 3343; corpus frequency rank 3432; Ministry common-character number 3229	羹: frequency-order position 3343; corpus frequency rank 3432; 8 appearances (0.00066%); Unihan kRSUnicode 123.13; Kangxi radical 123 羊; Unihan kRSUnicode single radical assignment.	[]	"[""chinese"",""traditional"",""radicals"",""frequency"",""character-to-radical"",""one-way"",""part-17""]"
zh-traditional-radicals-frequency-xvii/3344/character-to-radical	XVII	vocabulary	3344	zh-Hant	zh-Hant	嶇	"[""山""]"	[]		"[""zh-Hant.frequency.3433"",""zh.radical.kangxi.046""]"	[]	[]	sources/characters.tsv	frequency-order position 3344; corpus frequency rank 3433; Ministry common-character number 1136	嶇: frequency-order position 3344; corpus frequency rank 3433; 8 appearances (0.00066%); Unihan kRSUnicode 46.11; Kangxi radical 46 山; Unihan kRSUnicode single radical assignment.	[]	"[""chinese"",""traditional"",""radicals"",""frequency"",""character-to-radical"",""one-way"",""part-17""]"
zh-traditional-radicals-frequency-xvii/3345/character-to-radical	XVII	vocabulary	3345	zh-Hant	zh-Hant	朧	"[""月""]"	[]		"[""zh-Hant.frequency.3434"",""zh.radical.kangxi.074""]"	[]	[]	sources/characters.tsv	frequency-order position 3345; corpus frequency rank 3434; Ministry common-character number 1852	朧: frequency-order position 3345; corpus frequency rank 3434; 8 appearances (0.00066%); Unihan kRSUnicode 74.16; Kangxi radical 74 月; Unihan kRSUnicode single radical assignment.	[]	"[""chinese"",""traditional"",""radicals"",""frequency"",""character-to-radical"",""one-way"",""part-17""]"
zh-traditional-radicals-frequency-xvii/3346/character-to-radical	XVII	vocabulary	3346	zh-Hant	zh-Hant	蓆	"[""艸""]"	[]		"[""zh-Hant.frequency.3435"",""zh.radical.kangxi.140""]"	[]	[]	sources/characters.tsv	frequency-order position 3346; corpus frequency rank 3435; Ministry common-character number 3535	蓆: frequency-order position 3346; corpus frequency rank 3435; 8 appearances (0.00066%); Unihan kRSUnicode 140.10; Kangxi radical 140 艸; Unihan kRSUnicode single radical assignment.	[]	"[""chinese"",""traditional"",""radicals"",""frequency"",""character-to-radical"",""one-way"",""part-17""]"
zh-traditional-radicals-frequency-xvii/3347/character-to-radical	XVII	vocabulary	3347	zh-Hant	zh-Hant	琍	"[""玉""]"	[]		"[""zh-Hant.frequency.3436"",""zh.radical.kangxi.096""]"	[]	[]	sources/characters.tsv	frequency-order position 3347; corpus frequency rank 3436; Ministry common-character number 2575	琍: frequency-order position 3347; corpus frequency rank 3436; 8 appearances (0.00066%); Unihan kRSUnicode 96.7; Kangxi radical 96 玉; Unihan kRSUnicode single radical assignment.	[]	"[""chinese"",""traditional"",""radicals"",""frequency"",""character-to-radical"",""one-way"",""part-17""]"
zh-traditional-radicals-frequency-xvii/3348/character-to-radical	XVII	vocabulary	3348	zh-Hant	zh-Hant	瑛	"[""玉""]"	[]		"[""zh-Hant.frequency.3437"",""zh.radical.kangxi.096""]"	[]	[]	sources/characters.tsv	frequency-order position 3348; corpus frequency rank 3437; Ministry common-character number 2592	瑛: frequency-order position 3348; corpus frequency rank 3437; 8 appearances (0.00066%); Unihan kRSUnicode 96.9; Kangxi radical 96 玉; Unihan kRSUnicode single radical assignment.	[]	"[""chinese"",""traditional"",""radicals"",""frequency"",""character-to-radical"",""one-way"",""part-17""]"
zh-traditional-radicals-frequency-xvii/3349/character-to-radical	XVII	vocabulary	3349	zh-Hant	zh-Hant	趨	"[""走""]"	[]		"[""zh-Hant.frequency.3438"",""zh.radical.kangxi.156""]"	[]	[]	sources/characters.tsv	frequency-order position 3349; corpus frequency rank 3438; Ministry common-character number 4000	趨: frequency-order position 3349; corpus frequency rank 3438; 8 appearances (0.00066%); Unihan kRSUnicode 156.10; Kangxi radical 156 走; Unihan kRSUnicode single radical assignment.	[]	"[""chinese"",""traditional"",""radicals"",""frequency"",""character-to-radical"",""one-way"",""part-17""]"
zh-traditional-radicals-frequency-xvii/3350/character-to-radical	XVII	vocabulary	3350	zh-Hant	zh-Hant	僵	"[""人""]"	[]		"[""zh-Hant.frequency.3439"",""zh.radical.kangxi.009""]"	[]	[]	sources/characters.tsv	frequency-order position 3350; corpus frequency rank 3439; Ministry common-character number 248	僵: frequency-order position 3350; corpus frequency rank 3439; 8 appearances (0.00066%); Unihan kRSUnicode 9.13; Kangxi radical 9 人; Unihan kRSUnicode single radical assignment.	[]	"[""chinese"",""traditional"",""radicals"",""frequency"",""character-to-radical"",""one-way"",""part-17""]"
zh-traditional-radicals-frequency-xvii/3351/character-to-radical	XVII	vocabulary	3351	zh-Hant	zh-Hant	諺	"[""言""]"	[]		"[""zh-Hant.frequency.3440"",""zh.radical.kangxi.149""]"	[]	[]	sources/characters.tsv	frequency-order position 3351; corpus frequency rank 3440; Ministry common-character number 3859	諺: frequency-order position 3351; corpus frequency rank 3440; 8 appearances (0.00066%); Unihan kRSUnicode 149.9; Kangxi radical 149 言; Unihan kRSUnicode single radical assignment.	[]	"[""chinese"",""traditional"",""radicals"",""frequency"",""character-to-radical"",""one-way"",""part-17""]"
zh-traditional-radicals-frequency-xvii/3352/character-to-radical	XVII	vocabulary	3352	zh-Hant	zh-Hant	閥	"[""門""]"	[]		"[""zh-Hant.frequency.3441"",""zh.radical.kangxi.169""]"	[]	[]	sources/characters.tsv	frequency-order position 3352; corpus frequency rank 3441; Ministry common-character number 4385	閥: frequency-order position 3352; corpus frequency rank 3441; 8 appearances (0.00066%); Unihan kRSUnicode 169.6; Kangxi radical 169 門; Unihan kRSUnicode single radical assignment.	[]	"[""chinese"",""traditional"",""radicals"",""frequency"",""character-to-radical"",""one-way"",""part-17""]"
zh-traditional-radicals-frequency-xvii/3353/character-to-radical	XVII	vocabulary	3353	zh-Hant	zh-Hant	繆	"[""糸""]"	[]		"[""zh-Hant.frequency.3443"",""zh.radical.kangxi.120""]"	[]	[]	sources/characters.tsv	frequency-order position 3353; corpus frequency rank 3443; Ministry common-character number 3167	繆: frequency-order position 3353; corpus frequency rank 3443; 8 appearances (0.00066%); Unihan kRSUnicode 120.11; Kangxi radical 120 糸; Unihan kRSUnicode single radical assignment.	[]	"[""chinese"",""traditional"",""radicals"",""frequency"",""character-to-radical"",""one-way"",""part-17""]"
zh-traditional-radicals-frequency-xvii/3354/character-to-radical	XVII	vocabulary	3354	zh-Hant	zh-Hant	隸	"[""隶""]"	[]		"[""zh-Hant.frequency.3444"",""zh.radical.kangxi.171""]"	[]	[]	sources/characters.tsv	frequency-order position 3354; corpus frequency rank 3444; Ministry common-character number 4448	隸: frequency-order position 3354; corpus frequency rank 3444; 8 appearances (0.00066%); Unihan kRSUnicode 171.9; Kangxi radical 171 隶; Unihan kRSUnicode single radical assignment.	[]	"[""chinese"",""traditional"",""radicals"",""frequency"",""character-to-radical"",""one-way"",""part-17""]"
zh-traditional-radicals-frequency-xvii/3355/character-to-radical	XVII	vocabulary	3355	zh-Hant	zh-Hant	褶	"[""衣""]"	[]		"[""zh-Hant.frequency.3445"",""zh.radical.kangxi.145""]"	[]	[]	sources/characters.tsv	frequency-order position 3355; corpus frequency rank 3445; Ministry common-character number 3752	褶: frequency-order position 3355; corpus frequency rank 3445; 8 appearances (0.00066%); Unihan kRSUnicode 145.11; Kangxi radical 145 衣; Unihan kRSUnicode single radical assignment.	[]	"[""chinese"",""traditional"",""radicals"",""frequency"",""character-to-radical"",""one-way"",""part-17""]"
zh-traditional-radicals-frequency-xvii/3356/character-to-radical	XVII	vocabulary	3356	zh-Hant	zh-Hant	攏	"[""手""]"	[]		"[""zh-Hant.frequency.3446"",""zh.radical.kangxi.064""]"	[]	[]	sources/characters.tsv	frequency-order position 3356; corpus frequency rank 3446; Ministry common-character number 1704	攏: frequency-order position 3356; corpus frequency rank 3446; 8 appearances (0.00066%); Unihan kRSUnicode 64.16; Kangxi radical 64 手; Unihan kRSUnicode single radical assignment.	[]	"[""chinese"",""traditional"",""radicals"",""frequency"",""character-to-radical"",""one-way"",""part-17""]"
zh-traditional-radicals-frequency-xvii/3357/character-to-radical	XVII	vocabulary	3357	zh-Hant	zh-Hant	駁	"[""馬""]"	[]		"[""zh-Hant.frequency.3447"",""zh.radical.kangxi.187""]"	[]	[]	sources/characters.tsv	frequency-order position 3357; corpus frequency rank 3447; Ministry common-character number 4625	駁: frequency-order position 3357; corpus frequency rank 3447; 8 appearances (0.00066%); Unihan kRSUnicode 187.4; Kangxi radical 187 馬; Unihan kRSUnicode single radical assignment.	[]	"[""chinese"",""traditional"",""radicals"",""frequency"",""character-to-radical"",""one-way"",""part-17""]"
zh-traditional-radicals-frequency-xvii/3358/character-to-radical	XVII	vocabulary	3358	zh-Hant	zh-Hant	撼	"[""手""]"	[]		"[""zh-Hant.frequency.3448"",""zh.radical.kangxi.064""]"	[]	[]	sources/characters.tsv	frequency-order position 3358; corpus frequency rank 3448; Ministry common-character number 1680	撼: frequency-order position 3358; corpus frequency rank 3448; 8 appearances (0.00066%); Unihan kRSUnicode 64.13; Kangxi radical 64 手; Unihan kRSUnicode single radical assignment.	[]	"[""chinese"",""traditional"",""radicals"",""frequency"",""character-to-radical"",""one-way"",""part-17""]"
zh-traditional-radicals-frequency-xvii/3359/character-to-radical	XVII	vocabulary	3359	zh-Hant	zh-Hant	鞍	"[""革""]"	[]		"[""zh-Hant.frequency.3449"",""zh.radical.kangxi.177""]"	[]	[]	sources/characters.tsv	frequency-order position 3359; corpus frequency rank 3449; Ministry common-character number 4514	鞍: frequency-order position 3359; corpus frequency rank 3449; 8 appearances (0.00066%); Unihan kRSUnicode 177.6; Kangxi radical 177 革; Unihan kRSUnicode single radical assignment.	[]	"[""chinese"",""traditional"",""radicals"",""frequency"",""character-to-radical"",""one-way"",""part-17""]"
zh-traditional-radicals-frequency-xvii/3360/character-to-radical	XVII	vocabulary	3360	zh-Hant	zh-Hant	踱	"[""足""]"	[]		"[""zh-Hant.frequency.3450"",""zh.radical.kangxi.157""]"	[]	[]	sources/characters.tsv	frequency-order position 3360; corpus frequency rank 3450; Ministry common-character number 4028	踱: frequency-order position 3360; corpus frequency rank 3450; 8 appearances (0.00066%); Unihan kRSUnicode 157.9; Kangxi radical 157 足; Unihan kRSUnicode single radical assignment.	[]	"[""chinese"",""traditional"",""radicals"",""frequency"",""character-to-radical"",""one-way"",""part-17""]"
zh-traditional-radicals-frequency-xvii/3361/character-to-radical	XVII	vocabulary	3361	zh-Hant	zh-Hant	朦	"[""月""]"	[]		"[""zh-Hant.frequency.3451"",""zh.radical.kangxi.074""]"	[]	[]	sources/characters.tsv	frequency-order position 3361; corpus frequency rank 3451; Ministry common-character number 1851	朦: frequency-order position 3361; corpus frequency rank 3451; 8 appearances (0.00066%); Unihan kRSUnicode 74.14; Kangxi radical 74 月; Unihan kRSUnicode single radical assignment.	[]	"[""chinese"",""traditional"",""radicals"",""frequency"",""character-to-radical"",""one-way"",""part-17""]"
zh-traditional-radicals-frequency-xvii/3362/character-to-radical	XVII	vocabulary	3362	zh-Hant	zh-Hant	汐	"[""水""]"	[]		"[""zh-Hant.frequency.3452"",""zh.radical.kangxi.085""]"	[]	[]	sources/characters.tsv	frequency-order position 3362; corpus frequency rank 3452; Ministry common-character number 2135	汐: frequency-order position 3362; corpus frequency rank 3452; 7 appearances (0.00057%); Unihan kRSUnicode 85.3; Kangxi radical 85 水; Unihan kRSUnicode single radical assignment.	[]	"[""chinese"",""traditional"",""radicals"",""frequency"",""character-to-radical"",""one-way"",""part-17""]"
zh-traditional-radicals-frequency-xvii/3363/character-to-radical	XVII	vocabulary	3363	zh-Hant	zh-Hant	苞	"[""艸""]"	[]		"[""zh-Hant.frequency.3453"",""zh.radical.kangxi.140""]"	[]	[]	sources/characters.tsv	frequency-order position 3363; corpus frequency rank 3453; Ministry common-character number 3460	苞: frequency-order position 3363; corpus frequency rank 3453; 7 appearances (0.00057%); Unihan kRSUnicode 140.5; Kangxi radical 140 艸; Unihan kRSUnicode single radical assignment.	[]	"[""chinese"",""traditional"",""radicals"",""frequency"",""character-to-radical"",""one-way"",""part-17""]"
zh-traditional-radicals-frequency-xvii/3364/character-to-radical	XVII	vocabulary	3364	zh-Hant	zh-Hant	峪	"[""山""]"	[]		"[""zh-Hant.frequency.3455"",""zh.radical.kangxi.046""]"	[]	[]	sources/characters.tsv	frequency-order position 3364; corpus frequency rank 3455; Ministry common-character number 1117	峪: frequency-order position 3364; corpus frequency rank 3455; 7 appearances (0.00057%); Unihan kRSUnicode 46.7; Kangxi radical 46 山; Unihan kRSUnicode single radical assignment.	[]	"[""chinese"",""traditional"",""radicals"",""frequency"",""character-to-radical"",""one-way"",""part-17""]"
zh-traditional-radicals-frequency-xvii/3365/character-to-radical	XVII	vocabulary	3365	zh-Hant	zh-Hant	厄	"[""厂""]"	[]		"[""zh-Hant.frequency.3456"",""zh.radical.kangxi.027""]"	[]	[]	sources/characters.tsv	frequency-order position 3365; corpus frequency rank 3456; Ministry common-character number 459	厄: frequency-order position 3365; corpus frequency rank 3456; 7 appearances (0.00057%); Unihan kRSUnicode 27.2; Kangxi radical 27 厂; Unihan kRSUnicode single radical assignment.	[]	"[""chinese"",""traditional"",""radicals"",""frequency"",""character-to-radical"",""one-way"",""part-17""]"
zh-traditional-radicals-frequency-xvii/3366/character-to-radical	XVII	vocabulary	3366	zh-Hant	zh-Hant	桅	"[""木""]"	[]		"[""zh-Hant.frequency.3457"",""zh.radical.kangxi.075""]"	[]	[]	sources/characters.tsv	frequency-order position 3366; corpus frequency rank 3457; Ministry common-character number 1930	桅: frequency-order position 3366; corpus frequency rank 3457; 7 appearances (0.00057%); Unihan kRSUnicode 75.6; Kangxi radical 75 木; Unihan kRSUnicode single radical assignment.	[]	"[""chinese"",""traditional"",""radicals"",""frequency"",""character-to-radical"",""one-way"",""part-17""]"
zh-traditional-radicals-frequency-xvii/3367/character-to-radical	XVII	vocabulary	3367	zh-Hant	zh-Hant	臼	"[""臼""]"	[]		"[""zh-Hant.frequency.3458"",""zh.radical.kangxi.134""]"	[]	[]	sources/characters.tsv	frequency-order position 3367; corpus frequency rank 3458; Ministry common-character number 3393	臼: frequency-order position 3367; corpus frequency rank 3458; 7 appearances (0.00057%); Unihan kRSUnicode 134.0; Kangxi radical 134 臼; Unihan kRSUnicode single radical assignment.	[]	"[""chinese"",""traditional"",""radicals"",""frequency"",""character-to-radical"",""one-way"",""part-17""]"
zh-traditional-radicals-frequency-xvii/3368/character-to-radical	XVII	vocabulary	3368	zh-Hant	zh-Hant	浙	"[""水""]"	[]		"[""zh-Hant.frequency.3459"",""zh.radical.kangxi.085""]"	[]	[]	sources/characters.tsv	frequency-order position 3368; corpus frequency rank 3459; Ministry common-character number 2206	浙: frequency-order position 3368; corpus frequency rank 3459; 7 appearances (0.00057%); Unihan kRSUnicode 85.7; Kangxi radical 85 水; Unihan kRSUnicode single radical assignment.	[]	"[""chinese"",""traditional"",""radicals"",""frequency"",""character-to-radical"",""one-way"",""part-17""]"
zh-traditional-radicals-frequency-xvii/3369/character-to-radical	XVII	vocabulary	3369	zh-Hant	zh-Hant	兀	"[""儿""]"	[]		"[""zh-Hant.frequency.3460"",""zh.radical.kangxi.010""]"	[]	[]	sources/characters.tsv	frequency-order position 3369; corpus frequency rank 3460; Ministry common-character number 263	兀: frequency-order position 3369; corpus frequency rank 3460; 7 appearances (0.00057%); Unihan kRSUnicode 10.1; Kangxi radical 10 儿; Unihan kRSUnicode single radical assignment.	[]	"[""chinese"",""traditional"",""radicals"",""frequency"",""character-to-radical"",""one-way"",""part-17""]"
zh-traditional-radicals-frequency-xvii/3370/character-to-radical	XVII	vocabulary	3370	zh-Hant	zh-Hant	玖	"[""玉""]"	[]		"[""zh-Hant.frequency.3462"",""zh.radical.kangxi.096""]"	[]	[]	sources/characters.tsv	frequency-order position 3370; corpus frequency rank 3462; Ministry common-character number 2554	玖: frequency-order position 3370; corpus frequency rank 3462; 7 appearances (0.00057%); Unihan kRSUnicode 96.3; Kangxi radical 96 玉; Unihan kRSUnicode single radical assignment.	[]	"[""chinese"",""traditional"",""radicals"",""frequency"",""character-to-radical"",""one-way"",""part-17""]"
zh-traditional-radicals-frequency-xvii/3371/character-to-radical	XVII	vocabulary	3371	zh-Hant	zh-Hant	豺	"[""豸""]"	[]		"[""zh-Hant.frequency.3463"",""zh.radical.kangxi.153""]"	[]	[]	sources/characters.tsv	frequency-order position 3371; corpus frequency rank 3463; Ministry common-character number 3919	豺: frequency-order position 3371; corpus frequency rank 3463; 7 appearances (0.00057%); Unihan kRSUnicode 153.3; Kangxi radical 153 豸; Unihan kRSUnicode single radical assignment.	[]	"[""chinese"",""traditional"",""radicals"",""frequency"",""character-to-radical"",""one-way"",""part-17""]"
zh-traditional-radicals-frequency-xvii/3372/character-to-radical	XVII	vocabulary	3372	zh-Hant	zh-Hant	歧	"[""止""]"	[]		"[""zh-Hant.frequency.3464"",""zh.radical.kangxi.077""]"	[]	[]	sources/characters.tsv	frequency-order position 3372; corpus frequency rank 3464; Ministry common-character number 2071	歧: frequency-order position 3372; corpus frequency rank 3464; 7 appearances (0.00057%); Unihan kRSUnicode 77.4; Kangxi radical 77 止; Unihan kRSUnicode single radical assignment.	[]	"[""chinese"",""traditional"",""radicals"",""frequency"",""character-to-radical"",""one-way"",""part-17""]"
zh-traditional-radicals-frequency-xvii/3373/character-to-radical	XVII	vocabulary	3373	zh-Hant	zh-Hant	姚	"[""女""]"	[]		"[""zh-Hant.frequency.3466"",""zh.radical.kangxi.038""]"	[]	[]	sources/characters.tsv	frequency-order position 3373; corpus frequency rank 3466; Ministry common-character number 922	姚: frequency-order position 3373; corpus frequency rank 3466; 7 appearances (0.00057%); Unihan kRSUnicode 38.6; Kangxi radical 38 女; Unihan kRSUnicode single radical assignment.	[]	"[""chinese"",""traditional"",""radicals"",""frequency"",""character-to-radical"",""one-way"",""part-17""]"
zh-traditional-radicals-frequency-xvii/3374/character-to-radical	XVII	vocabulary	3374	zh-Hant	zh-Hant	舀	"[""臼""]"	[]		"[""zh-Hant.frequency.3467"",""zh.radical.kangxi.134""]"	[]	[]	sources/characters.tsv	frequency-order position 3374; corpus frequency rank 3467; Ministry common-character number 3395	舀: frequency-order position 3374; corpus frequency rank 3467; 7 appearances (0.00057%); Unihan kRSUnicode 134.4; Kangxi radical 134 臼; Unihan kRSUnicode single radical assignment.	[]	"[""chinese"",""traditional"",""radicals"",""frequency"",""character-to-radical"",""one-way"",""part-17""]"
zh-traditional-radicals-frequency-xvii/3375/character-to-radical	XVII	vocabulary	3375	zh-Hant	zh-Hant	俘	"[""人""]"	[]		"[""zh-Hant.frequency.3468"",""zh.radical.kangxi.009""]"	[]	[]	sources/characters.tsv	frequency-order position 3375; corpus frequency rank 3468; Ministry common-character number 158	俘: frequency-order position 3375; corpus frequency rank 3468; 7 appearances (0.00057%); Unihan kRSUnicode 9.7; Kangxi radical 9 人; Unihan kRSUnicode single radical assignment.	[]	"[""chinese"",""traditional"",""radicals"",""frequency"",""character-to-radical"",""one-way"",""part-17""]"
zh-traditional-radicals-frequency-xvii/3376/character-to-radical	XVII	vocabulary	3376	zh-Hant	zh-Hant	梓	"[""木""]"	[]		"[""zh-Hant.frequency.3469"",""zh.radical.kangxi.075""]"	[]	[]	sources/characters.tsv	frequency-order position 3376; corpus frequency rank 3469; Ministry common-character number 1935	梓: frequency-order position 3376; corpus frequency rank 3469; 7 appearances (0.00057%); Unihan kRSUnicode 75.7; Kangxi radical 75 木; Unihan kRSUnicode single radical assignment.	[]	"[""chinese"",""traditional"",""radicals"",""frequency"",""character-to-radical"",""one-way"",""part-17""]"
zh-traditional-radicals-frequency-xvii/3377/character-to-radical	XVII	vocabulary	3377	zh-Hant	zh-Hant	愕	"[""心""]"	[]		"[""zh-Hant.frequency.3471"",""zh.radical.kangxi.061""]"	[]	[]	sources/characters.tsv	frequency-order position 3377; corpus frequency rank 3471; Ministry common-character number 1389	愕: frequency-order position 3377; corpus frequency rank 3471; 7 appearances (0.00057%); Unihan kRSUnicode 61.9; Kangxi radical 61 心; Unihan kRSUnicode single radical assignment.	[]	"[""chinese"",""traditional"",""radicals"",""frequency"",""character-to-radical"",""one-way"",""part-17""]"
zh-traditional-radicals-frequency-xvii/3378/character-to-radical	XVII	vocabulary	3378	zh-Hant	zh-Hant	卦	"[""卜""]"	[]		"[""zh-Hant.frequency.3472"",""zh.radical.kangxi.025""]"	[]	[]	sources/characters.tsv	frequency-order position 3378; corpus frequency rank 3472; Ministry common-character number 447	卦: frequency-order position 3378; corpus frequency rank 3472; 7 appearances (0.00057%); Unihan kRSUnicode 25.6; Kangxi radical 25 卜; Unihan kRSUnicode single radical assignment.	[]	"[""chinese"",""traditional"",""radicals"",""frequency"",""character-to-radical"",""one-way"",""part-17""]"
zh-traditional-radicals-frequency-xvii/3379/character-to-radical	XVII	vocabulary	3379	zh-Hant	zh-Hant	厥	"[""厂""]"	[]		"[""zh-Hant.frequency.3473"",""zh.radical.kangxi.027""]"	[]	[]	sources/characters.tsv	frequency-order position 3379; corpus frequency rank 3473; Ministry common-character number 463	厥: frequency-order position 3379; corpus frequency rank 3473; 7 appearances (0.00057%); Unihan kRSUnicode 27.10; Kangxi radical 27 厂; Unihan kRSUnicode single radical assignment.	[]	"[""chinese"",""traditional"",""radicals"",""frequency"",""character-to-radical"",""one-way"",""part-17""]"
zh-traditional-radicals-frequency-xvii/3380/character-to-radical	XVII	vocabulary	3380	zh-Hant	zh-Hant	炯	"[""火""]"	[]		"[""zh-Hant.frequency.3474"",""zh.radical.kangxi.086""]"	[]	[]	sources/characters.tsv	frequency-order position 3380; corpus frequency rank 3474; Ministry common-character number 2398	炯: frequency-order position 3380; corpus frequency rank 3474; 7 appearances (0.00057%); Unihan kRSUnicode 86.5; Kangxi radical 86 火; Unihan kRSUnicode single radical assignment.	[]	"[""chinese"",""traditional"",""radicals"",""frequency"",""character-to-radical"",""one-way"",""part-17""]"
zh-traditional-radicals-frequency-xvii/3381/character-to-radical	XVII	vocabulary	3381	zh-Hant	zh-Hant	妄	"[""女""]"	[]		"[""zh-Hant.frequency.3475"",""zh.radical.kangxi.038""]"	[]	[]	sources/characters.tsv	frequency-order position 3381; corpus frequency rank 3475; Ministry common-character number 880	妄: frequency-order position 3381; corpus frequency rank 3475; 7 appearances (0.00057%); Unihan kRSUnicode 38.3; Kangxi radical 38 女; Unihan kRSUnicode single radical assignment.	[]	"[""chinese"",""traditional"",""radicals"",""frequency"",""character-to-radical"",""one-way"",""part-17""]"
zh-traditional-radicals-frequency-xvii/3382/character-to-radical	XVII	vocabulary	3382	zh-Hant	zh-Hant	吋	"[""口""]"	[]		"[""zh-Hant.frequency.3476"",""zh.radical.kangxi.030""]"	[]	[]	sources/characters.tsv	frequency-order position 3382; corpus frequency rank 3476; Ministry common-character number 505	吋: frequency-order position 3382; corpus frequency rank 3476; 7 appearances (0.00057%); Unihan kRSUnicode 30.3; Kangxi radical 30 口; Unihan kRSUnicode single radical assignment.	[]	"[""chinese"",""traditional"",""radicals"",""frequency"",""character-to-radical"",""one-way"",""part-17""]"
zh-traditional-radicals-frequency-xvii/3383/character-to-radical	XVII	vocabulary	3383	zh-Hant	zh-Hant	扼	"[""手""]"	[]		"[""zh-Hant.frequency.3477"",""zh.radical.kangxi.064""]"	[]	[]	sources/characters.tsv	frequency-order position 3383; corpus frequency rank 3477; Ministry common-character number 1512	扼: frequency-order position 3383; corpus frequency rank 3477; 7 appearances (0.00057%); Unihan kRSUnicode 64.4; Kangxi radical 64 手; Unihan kRSUnicode single radical assignment.	[]	"[""chinese"",""traditional"",""radicals"",""frequency"",""character-to-radical"",""one-way"",""part-17""]"
zh-traditional-radicals-frequency-xvii/3384/character-to-radical	XVII	vocabulary	3384	zh-Hant	zh-Hant	柑	"[""木""]"	[]		"[""zh-Hant.frequency.3478"",""zh.radical.kangxi.075""]"	[]	[]	sources/characters.tsv	frequency-order position 3384; corpus frequency rank 3478; Ministry common-character number 1902	柑: frequency-order position 3384; corpus frequency rank 3478; 7 appearances (0.00057%); Unihan kRSUnicode 75.5; Kangxi radical 75 木; Unihan kRSUnicode single radical assignment.	[]	"[""chinese"",""traditional"",""radicals"",""frequency"",""character-to-radical"",""one-way"",""part-17""]"
zh-traditional-radicals-frequency-xvii/3385/character-to-radical	XVII	vocabulary	3385	zh-Hant	zh-Hant	彪	"[""虍""]"	[]		"[""zh-Hant.frequency.3479"",""zh.radical.kangxi.141""]"	[]	[]	sources/characters.tsv	frequency-order position 3385; corpus frequency rank 3479; Ministry common-character number 3608	彪: frequency-order position 3385; corpus frequency rank 3479; 7 appearances (0.00057%); Unihan kRSUnicode 141.5 59.8; Kangxi radical 141 虍; Reviewed primary Unihan kRSUnicode assignment 141.5 from alternatives 141.5 59.8.	[]	"[""chinese"",""traditional"",""radicals"",""frequency"",""character-to-radical"",""one-way"",""part-17""]"
zh-traditional-radicals-frequency-xvii/3386/character-to-radical	XVII	vocabulary	3386	zh-Hant	zh-Hant	莒	"[""艸""]"	[]		"[""zh-Hant.frequency.3480"",""zh.radical.kangxi.140""]"	[]	[]	sources/characters.tsv	frequency-order position 3386; corpus frequency rank 3480; Ministry common-character number 3487	莒: frequency-order position 3386; corpus frequency rank 3480; 7 appearances (0.00057%); Unihan kRSUnicode 140.7; Kangxi radical 140 艸; Unihan kRSUnicode single radical assignment.	[]	"[""chinese"",""traditional"",""radicals"",""frequency"",""character-to-radical"",""one-way"",""part-17""]"
zh-traditional-radicals-frequency-xvii/3387/character-to-radical	XVII	vocabulary	3387	zh-Hant	zh-Hant	荼	"[""艸""]"	[]		"[""zh-Hant.frequency.3481"",""zh.radical.kangxi.140""]"	[]	[]	sources/characters.tsv	frequency-order position 3387; corpus frequency rank 3481; Ministry common-character number 3494	荼: frequency-order position 3387; corpus frequency rank 3481; 7 appearances (0.00057%); Unihan kRSUnicode 140.7; Kangxi radical 140 艸; Unihan kRSUnicode single radical assignment.	[]	"[""chinese"",""traditional"",""radicals"",""frequency"",""character-to-radical"",""one-way"",""part-17""]"
zh-traditional-radicals-frequency-xvii/3388/character-to-radical	XVII	vocabulary	3388	zh-Hant	zh-Hant	瑯	"[""玉""]"	[]		"[""zh-Hant.frequency.3482"",""zh.radical.kangxi.096""]"	[]	[]	sources/characters.tsv	frequency-order position 3388; corpus frequency rank 3482; Ministry common-character number 2584	瑯: frequency-order position 3388; corpus frequency rank 3482; 7 appearances (0.00057%); Unihan kRSUnicode 96.10; Kangxi radical 96 玉; Unihan kRSUnicode single radical assignment.	[]	"[""chinese"",""traditional"",""radicals"",""frequency"",""character-to-radical"",""one-way"",""part-17""]"
zh-traditional-radicals-frequency-xvii/3389/character-to-radical	XVII	vocabulary	3389	zh-Hant	zh-Hant	滄	"[""水""]"	[]		"[""zh-Hant.frequency.3483"",""zh.radical.kangxi.085""]"	[]	[]	sources/characters.tsv	frequency-order position 3389; corpus frequency rank 3483; Ministry common-character number 2294	滄: frequency-order position 3389; corpus frequency rank 3483; 7 appearances (0.00057%); Unihan kRSUnicode 85.10; Kangxi radical 85 水; Unihan kRSUnicode single radical assignment.	[]	"[""chinese"",""traditional"",""radicals"",""frequency"",""character-to-radical"",""one-way"",""part-17""]"
zh-traditional-radicals-frequency-xvii/3390/character-to-radical	XVII	vocabulary	3390	zh-Hant	zh-Hant	瀏	"[""水""]"	[]		"[""zh-Hant.frequency.3484"",""zh.radical.kangxi.085""]"	[]	[]	sources/characters.tsv	frequency-order position 3390; corpus frequency rank 3484; Ministry common-character number 2369	瀏: frequency-order position 3390; corpus frequency rank 3484; 7 appearances (0.00057%); Unihan kRSUnicode 85.15; Kangxi radical 85 水; Unihan kRSUnicode single radical assignment.	[]	"[""chinese"",""traditional"",""radicals"",""frequency"",""character-to-radical"",""one-way"",""part-17""]"
zh-traditional-radicals-frequency-xvii/3391/character-to-radical	XVII	vocabulary	3391	zh-Hant	zh-Hant	犄	"[""牛""]"	[]		"[""zh-Hant.frequency.3485"",""zh.radical.kangxi.093""]"	[]	[]	sources/characters.tsv	frequency-order position 3391; corpus frequency rank 3485; Ministry common-character number 2500	犄: frequency-order position 3391; corpus frequency rank 3485; 7 appearances (0.00057%); Unihan kRSUnicode 93.8; Kangxi radical 93 牛; Unihan kRSUnicode single radical assignment.	[]	"[""chinese"",""traditional"",""radicals"",""frequency"",""character-to-radical"",""one-way"",""part-17""]"
zh-traditional-radicals-frequency-xvii/3392/character-to-radical	XVII	vocabulary	3392	zh-Hant	zh-Hant	檀	"[""木""]"	[]		"[""zh-Hant.frequency.3486"",""zh.radical.kangxi.075""]"	[]	[]	sources/characters.tsv	frequency-order position 3392; corpus frequency rank 3486; Ministry common-character number 2032	檀: frequency-order position 3392; corpus frequency rank 3486; 7 appearances (0.00057%); Unihan kRSUnicode 75.13; Kangxi radical 75 木; Unihan kRSUnicode single radical assignment.	[]	"[""chinese"",""traditional"",""radicals"",""frequency"",""character-to-radical"",""one-way"",""part-17""]"
zh-traditional-radicals-frequency-xvii/3393/character-to-radical	XVII	vocabulary	3393	zh-Hant	zh-Hant	跛	"[""足""]"	[]		"[""zh-Hant.frequency.3487"",""zh.radical.kangxi.157""]"	[]	[]	sources/characters.tsv	frequency-order position 3393; corpus frequency rank 3487; Ministry common-character number 4010	跛: frequency-order position 3393; corpus frequency rank 3487; 7 appearances (0.00057%); Unihan kRSUnicode 157.5; Kangxi radical 157 足; Unihan kRSUnicode single radical assignment.	[]	"[""chinese"",""traditional"",""radicals"",""frequency"",""character-to-radical"",""one-way"",""part-17""]"
zh-traditional-radicals-frequency-xvii/3394/character-to-radical	XVII	vocabulary	3394	zh-Hant	zh-Hant	嚎	"[""口""]"	[]		"[""zh-Hant.frequency.3488"",""zh.radical.kangxi.030""]"	[]	[]	sources/characters.tsv	frequency-order position 3394; corpus frequency rank 3488; Ministry common-character number 702	嚎: frequency-order position 3394; corpus frequency rank 3488; 7 appearances (0.00057%); Unihan kRSUnicode 30.14; Kangxi radical 30 口; Unihan kRSUnicode single radical assignment.	[]	"[""chinese"",""traditional"",""radicals"",""frequency"",""character-to-radical"",""one-way"",""part-17""]"
zh-traditional-radicals-frequency-xvii/3395/character-to-radical	XVII	vocabulary	3395	zh-Hant	zh-Hant	剷	"[""刀""]"	[]		"[""zh-Hant.frequency.3489"",""zh.radical.kangxi.018""]"	[]	[]	sources/characters.tsv	frequency-order position 3395; corpus frequency rank 3489; Ministry common-character number 371	剷: frequency-order position 3395; corpus frequency rank 3489; 7 appearances (0.00057%); Unihan kRSUnicode 18.11; Kangxi radical 18 刀; Unihan kRSUnicode single radical assignment.	[]	"[""chinese"",""traditional"",""radicals"",""frequency"",""character-to-radical"",""one-way"",""part-17""]"
zh-traditional-radicals-frequency-xvii/3396/character-to-radical	XVII	vocabulary	3396	zh-Hant	zh-Hant	甕	"[""瓦""]"	[]		"[""zh-Hant.frequency.3490"",""zh.radical.kangxi.098""]"	[]	[]	sources/characters.tsv	frequency-order position 3396; corpus frequency rank 3490; Ministry common-character number 2619	甕: frequency-order position 3396; corpus frequency rank 3490; 7 appearances (0.00057%); Unihan kRSUnicode 98.13; Kangxi radical 98 瓦; Unihan kRSUnicode single radical assignment.	[]	"[""chinese"",""traditional"",""radicals"",""frequency"",""character-to-radical"",""one-way"",""part-17""]"
zh-traditional-radicals-frequency-xvii/3397/character-to-radical	XVII	vocabulary	3397	zh-Hant	zh-Hant	漬	"[""水""]"	[]		"[""zh-Hant.frequency.3491"",""zh.radical.kangxi.085""]"	[]	[]	sources/characters.tsv	frequency-order position 3397; corpus frequency rank 3491; Ministry common-character number 2305	漬: frequency-order position 3397; corpus frequency rank 3491; 7 appearances (0.00057%); Unihan kRSUnicode 85.11; Kangxi radical 85 水; Unihan kRSUnicode single radical assignment.	[]	"[""chinese"",""traditional"",""radicals"",""frequency"",""character-to-radical"",""one-way"",""part-17""]"
zh-traditional-radicals-frequency-xvii/3398/character-to-radical	XVII	vocabulary	3398	zh-Hant	zh-Hant	褪	"[""衣""]"	[]		"[""zh-Hant.frequency.3492"",""zh.radical.kangxi.145""]"	[]	[]	sources/characters.tsv	frequency-order position 3398; corpus frequency rank 3492; Ministry common-character number 3747	褪: frequency-order position 3398; corpus frequency rank 3492; 7 appearances (0.00057%); Unihan kRSUnicode 145.10; Kangxi radical 145 衣; Unihan kRSUnicode single radical assignment.	[]	"[""chinese"",""traditional"",""radicals"",""frequency"",""character-to-radical"",""one-way"",""part-17""]"
zh-traditional-radicals-frequency-xvii/3399/character-to-radical	XVII	vocabulary	3399	zh-Hant	zh-Hant	蘑	"[""艸""]"	[]		"[""zh-Hant.frequency.3494"",""zh.radical.kangxi.140""]"	[]	[]	sources/characters.tsv	frequency-order position 3399; corpus frequency rank 3494; Ministry common-character number 3593	蘑: frequency-order position 3399; corpus frequency rank 3494; 7 appearances (0.00057%); Unihan kRSUnicode 140.16; Kangxi radical 140 艸; Unihan kRSUnicode single radical assignment.	[]	"[""chinese"",""traditional"",""radicals"",""frequency"",""character-to-radical"",""one-way"",""part-17""]"
zh-traditional-radicals-frequency-xvii/3400/character-to-radical	XVII	vocabulary	3400	zh-Hant	zh-Hant	嘖	"[""口""]"	[]		"[""zh-Hant.frequency.3495"",""zh.radical.kangxi.030""]"	[]	[]	sources/characters.tsv	frequency-order position 3400; corpus frequency rank 3495; Ministry common-character number 672	嘖: frequency-order position 3400; corpus frequency rank 3495; 7 appearances (0.00057%); Unihan kRSUnicode 30.11; Kangxi radical 30 口; Unihan kRSUnicode single radical assignment.	[]	"[""chinese"",""traditional"",""radicals"",""frequency"",""character-to-radical"",""one-way"",""part-17""]"
