card_id	deck	kind	source_chapter	prompt_language	answer_language	prompt	accepted_answers	distractors	explanation	lexical_ids	grammar_ids	geographic_ids	provenance_path	provenance_locator	provenance_evidence	examples	tags
zh-traditional-radicals-frequency-xxii/4201/character-to-radical	XXII	vocabulary	4201	zh-Hant	zh-Hant	菠	"[""艸""]"	[]		"[""zh-Hant.frequency.4650"",""zh.radical.kangxi.140""]"	[]	[]	sources/characters.tsv	frequency-order position 4201; corpus frequency rank 4650; Ministry common-character number 3499	菠: frequency-order position 4201; corpus frequency rank 4650; 1 appearances (0.00008%); Unihan kRSUnicode 140.8; Kangxi radical 140 艸; Unihan kRSUnicode single radical assignment.	[]	"[""chinese"",""traditional"",""radicals"",""frequency"",""character-to-radical"",""one-way"",""part-22""]"
zh-traditional-radicals-frequency-xxii/4202/character-to-radical	XXII	vocabulary	4202	zh-Hant	zh-Hant	煜	"[""火""]"	[]		"[""zh-Hant.frequency.4652"",""zh.radical.kangxi.086""]"	[]	[]	sources/characters.tsv	frequency-order position 4202; corpus frequency rank 4652; Ministry common-character number 2425	煜: frequency-order position 4202; corpus frequency rank 4652; 1 appearances (0.00008%); Unihan kRSUnicode 86.9; Kangxi radical 86 火; Unihan kRSUnicode single radical assignment.	[]	"[""chinese"",""traditional"",""radicals"",""frequency"",""character-to-radical"",""one-way"",""part-22""]"
zh-traditional-radicals-frequency-xxii/4203/character-to-radical	XXII	vocabulary	4203	zh-Hant	zh-Hant	隍	"[""阜""]"	[]		"[""zh-Hant.frequency.4654"",""zh.radical.kangxi.170""]"	[]	[]	sources/characters.tsv	frequency-order position 4203; corpus frequency rank 4654; Ministry common-character number 4435	隍: frequency-order position 4203; corpus frequency rank 4654; 1 appearances (0.00008%); Unihan kRSUnicode 170.9; Kangxi radical 170 阜; Unihan kRSUnicode single radical assignment.	[]	"[""chinese"",""traditional"",""radicals"",""frequency"",""character-to-radical"",""one-way"",""part-22""]"
zh-traditional-radicals-frequency-xxii/4204/character-to-radical	XXII	vocabulary	4204	zh-Hant	zh-Hant	渭	"[""水""]"	[]		"[""zh-Hant.frequency.4656"",""zh.radical.kangxi.085""]"	[]	[]	sources/characters.tsv	frequency-order position 4204; corpus frequency rank 4656; Ministry common-character number 2264	渭: frequency-order position 4204; corpus frequency rank 4656; 1 appearances (0.00008%); Unihan kRSUnicode 85.9; Kangxi radical 85 水; Unihan kRSUnicode single radical assignment.	[]	"[""chinese"",""traditional"",""radicals"",""frequency"",""character-to-radical"",""one-way"",""part-22""]"
zh-traditional-radicals-frequency-xxii/4205/character-to-radical	XXII	vocabulary	4205	zh-Hant	zh-Hant	塚	"[""土""]"	[]		"[""zh-Hant.frequency.4660"",""zh.radical.kangxi.032""]"	[]	[]	sources/characters.tsv	frequency-order position 4205; corpus frequency rank 4660; Ministry common-character number 797	塚: frequency-order position 4205; corpus frequency rank 4660; 1 appearances (0.00008%); Unihan kRSUnicode 32.10; Kangxi radical 32 土; Unihan kRSUnicode single radical assignment.	[]	"[""chinese"",""traditional"",""radicals"",""frequency"",""character-to-radical"",""one-way"",""part-22""]"
zh-traditional-radicals-frequency-xxii/4206/character-to-radical	XXII	vocabulary	4206	zh-Hant	zh-Hant	馭	"[""馬""]"	[]		"[""zh-Hant.frequency.4662"",""zh.radical.kangxi.187""]"	[]	[]	sources/characters.tsv	frequency-order position 4206; corpus frequency rank 4662; Ministry common-character number 4621	馭: frequency-order position 4206; corpus frequency rank 4662; 1 appearances (0.00008%); Unihan kRSUnicode 187.2; Kangxi radical 187 馬; Unihan kRSUnicode single radical assignment.	[]	"[""chinese"",""traditional"",""radicals"",""frequency"",""character-to-radical"",""one-way"",""part-22""]"
zh-traditional-radicals-frequency-xxii/4207/character-to-radical	XXII	vocabulary	4207	zh-Hant	zh-Hant	渥	"[""水""]"	[]		"[""zh-Hant.frequency.4664"",""zh.radical.kangxi.085""]"	[]	[]	sources/characters.tsv	frequency-order position 4207; corpus frequency rank 4664; Ministry common-character number 2256	渥: frequency-order position 4207; corpus frequency rank 4664; 1 appearances (0.00008%); Unihan kRSUnicode 85.9; Kangxi radical 85 水; Unihan kRSUnicode single radical assignment.	[]	"[""chinese"",""traditional"",""radicals"",""frequency"",""character-to-radical"",""one-way"",""part-22""]"
zh-traditional-radicals-frequency-xxii/4208/character-to-radical	XXII	vocabulary	4208	zh-Hant	zh-Hant	幗	"[""巾""]"	[]		"[""zh-Hant.frequency.4668"",""zh.radical.kangxi.050""]"	[]	[]	sources/characters.tsv	frequency-order position 4208; corpus frequency rank 4668; Ministry common-character number 1186	幗: frequency-order position 4208; corpus frequency rank 4668; 1 appearances (0.00008%); Unihan kRSUnicode 50.11; Kangxi radical 50 巾; Unihan kRSUnicode single radical assignment.	[]	"[""chinese"",""traditional"",""radicals"",""frequency"",""character-to-radical"",""one-way"",""part-22""]"
zh-traditional-radicals-frequency-xxii/4209/character-to-radical	XXII	vocabulary	4209	zh-Hant	zh-Hant	嶄	"[""山""]"	[]		"[""zh-Hant.frequency.4670"",""zh.radical.kangxi.046""]"	[]	[]	sources/characters.tsv	frequency-order position 4209; corpus frequency rank 4670; Ministry common-character number 1135	嶄: frequency-order position 4209; corpus frequency rank 4670; 1 appearances (0.00008%); Unihan kRSUnicode 46.11; Kangxi radical 46 山; Unihan kRSUnicode single radical assignment.	[]	"[""chinese"",""traditional"",""radicals"",""frequency"",""character-to-radical"",""one-way"",""part-22""]"
zh-traditional-radicals-frequency-xxii/4210/character-to-radical	XXII	vocabulary	4210	zh-Hant	zh-Hant	遐	"[""辵""]"	[]		"[""zh-Hant.frequency.4672"",""zh.radical.kangxi.162""]"	[]	[]	sources/characters.tsv	frequency-order position 4210; corpus frequency rank 4672; Ministry common-character number 4164	遐: frequency-order position 4210; corpus frequency rank 4672; 1 appearances (0.00008%); Unihan kRSUnicode 162.9; Kangxi radical 162 辵; Unihan kRSUnicode single radical assignment.	[]	"[""chinese"",""traditional"",""radicals"",""frequency"",""character-to-radical"",""one-way"",""part-22""]"
zh-traditional-radicals-frequency-xxii/4211/character-to-radical	XXII	vocabulary	4211	zh-Hant	zh-Hant	逾	"[""辵""]"	[]		"[""zh-Hant.frequency.4674"",""zh.radical.kangxi.162""]"	[]	[]	sources/characters.tsv	frequency-order position 4211; corpus frequency rank 4674; Ministry common-character number 4170	逾: frequency-order position 4211; corpus frequency rank 4674; 1 appearances (0.00008%); Unihan kRSUnicode 162.9; Kangxi radical 162 辵; Unihan kRSUnicode single radical assignment.	[]	"[""chinese"",""traditional"",""radicals"",""frequency"",""character-to-radical"",""one-way"",""part-22""]"
zh-traditional-radicals-frequency-xxii/4212/character-to-radical	XXII	vocabulary	4212	zh-Hant	zh-Hant	葷	"[""艸""]"	[]		"[""zh-Hant.frequency.4676"",""zh.radical.kangxi.140""]"	[]	[]	sources/characters.tsv	frequency-order position 4212; corpus frequency rank 4676; Ministry common-character number 3519	葷: frequency-order position 4212; corpus frequency rank 4676; 1 appearances (0.00008%); Unihan kRSUnicode 140.9; Kangxi radical 140 艸; Unihan kRSUnicode single radical assignment.	[]	"[""chinese"",""traditional"",""radicals"",""frequency"",""character-to-radical"",""one-way"",""part-22""]"
zh-traditional-radicals-frequency-xxii/4213/character-to-radical	XXII	vocabulary	4213	zh-Hant	zh-Hant	漾	"[""水""]"	[]		"[""zh-Hant.frequency.4678"",""zh.radical.kangxi.085""]"	[]	[]	sources/characters.tsv	frequency-order position 4213; corpus frequency rank 4678; Ministry common-character number 2303	漾: frequency-order position 4213; corpus frequency rank 4678; 1 appearances (0.00008%); Unihan kRSUnicode 85.11; Kangxi radical 85 水; Unihan kRSUnicode single radical assignment.	[]	"[""chinese"",""traditional"",""radicals"",""frequency"",""character-to-radical"",""one-way"",""part-22""]"
zh-traditional-radicals-frequency-xxii/4214/character-to-radical	XXII	vocabulary	4214	zh-Hant	zh-Hant	賂	"[""貝""]"	[]		"[""zh-Hant.frequency.4682"",""zh.radical.kangxi.154""]"	[]	[]	sources/characters.tsv	frequency-order position 4214; corpus frequency rank 4682; Ministry common-character number 3956	賂: frequency-order position 4214; corpus frequency rank 4682; 1 appearances (0.00008%); Unihan kRSUnicode 154.6; Kangxi radical 154 貝; Unihan kRSUnicode single radical assignment.	[]	"[""chinese"",""traditional"",""radicals"",""frequency"",""character-to-radical"",""one-way"",""part-22""]"
zh-traditional-radicals-frequency-xxii/4215/character-to-radical	XXII	vocabulary	4215	zh-Hant	zh-Hant	瑣	"[""玉""]"	[]		"[""zh-Hant.frequency.4684"",""zh.radical.kangxi.096""]"	[]	[]	sources/characters.tsv	frequency-order position 4215; corpus frequency rank 4684; Ministry common-character number 2595	瑣: frequency-order position 4215; corpus frequency rank 4684; 1 appearances (0.00008%); Unihan kRSUnicode 96.10; Kangxi radical 96 玉; Unihan kRSUnicode single radical assignment.	[]	"[""chinese"",""traditional"",""radicals"",""frequency"",""character-to-radical"",""one-way"",""part-22""]"
zh-traditional-radicals-frequency-xxii/4216/character-to-radical	XXII	vocabulary	4216	zh-Hant	zh-Hant	鈷	"[""金""]"	[]		"[""zh-Hant.frequency.4686"",""zh.radical.kangxi.167""]"	[]	[]	sources/characters.tsv	frequency-order position 4216; corpus frequency rank 4686; Ministry common-character number 4277	鈷: frequency-order position 4216; corpus frequency rank 4686; 1 appearances (0.00008%); Unihan kRSUnicode 167.5; Kangxi radical 167 金; Unihan kRSUnicode single radical assignment.	[]	"[""chinese"",""traditional"",""radicals"",""frequency"",""character-to-radical"",""one-way"",""part-22""]"
zh-traditional-radicals-frequency-xxii/4217/character-to-radical	XXII	vocabulary	4217	zh-Hant	zh-Hant	鈽	"[""金""]"	[]		"[""zh-Hant.frequency.4690"",""zh.radical.kangxi.167""]"	[]	[]	sources/characters.tsv	frequency-order position 4217; corpus frequency rank 4690; Ministry common-character number 4280	鈽: frequency-order position 4217; corpus frequency rank 4690; 1 appearances (0.00008%); Unihan kRSUnicode 167.5; Kangxi radical 167 金; Unihan kRSUnicode single radical assignment.	[]	"[""chinese"",""traditional"",""radicals"",""frequency"",""character-to-radical"",""one-way"",""part-22""]"
zh-traditional-radicals-frequency-xxii/4218/character-to-radical	XXII	vocabulary	4218	zh-Hant	zh-Hant	鉋	"[""金""]"	[]		"[""zh-Hant.frequency.4694"",""zh.radical.kangxi.167""]"	[]	[]	sources/characters.tsv	frequency-order position 4218; corpus frequency rank 4694; Ministry common-character number 4284	鉋: frequency-order position 4218; corpus frequency rank 4694; 1 appearances (0.00008%); Unihan kRSUnicode 167.5; Kangxi radical 167 金; Unihan kRSUnicode single radical assignment.	[]	"[""chinese"",""traditional"",""radicals"",""frequency"",""character-to-radical"",""one-way"",""part-22""]"
zh-traditional-radicals-frequency-xxii/4219/character-to-radical	XXII	vocabulary	4219	zh-Hant	zh-Hant	犒	"[""牛""]"	[]		"[""zh-Hant.frequency.4698"",""zh.radical.kangxi.093""]"	[]	[]	sources/characters.tsv	frequency-order position 4219; corpus frequency rank 4698; Ministry common-character number 2502	犒: frequency-order position 4219; corpus frequency rank 4698; 1 appearances (0.00008%); Unihan kRSUnicode 93.10; Kangxi radical 93 牛; Unihan kRSUnicode single radical assignment.	[]	"[""chinese"",""traditional"",""radicals"",""frequency"",""character-to-radical"",""one-way"",""part-22""]"
zh-traditional-radicals-frequency-xxii/4220/character-to-radical	XXII	vocabulary	4220	zh-Hant	zh-Hant	粵	"[""米""]"	[]		"[""zh-Hant.frequency.4702"",""zh.radical.kangxi.119""]"	[]	[]	sources/characters.tsv	frequency-order position 4220; corpus frequency rank 4702; Ministry common-character number 3064	粵: frequency-order position 4220; corpus frequency rank 4702; 1 appearances (0.00008%); Unihan kRSUnicode 119.7; Kangxi radical 119 米; Unihan kRSUnicode single radical assignment.	[]	"[""chinese"",""traditional"",""radicals"",""frequency"",""character-to-radical"",""one-way"",""part-22""]"
zh-traditional-radicals-frequency-xxii/4221/character-to-radical	XXII	vocabulary	4221	zh-Hant	zh-Hant	瘀	"[""疒""]"	[]		"[""zh-Hant.frequency.4704"",""zh.radical.kangxi.104""]"	[]	[]	sources/characters.tsv	frequency-order position 4221; corpus frequency rank 4704; Ministry common-character number 2684	瘀: frequency-order position 4221; corpus frequency rank 4704; 1 appearances (0.00008%); Unihan kRSUnicode 104.8; Kangxi radical 104 疒; Unihan kRSUnicode single radical assignment.	[]	"[""chinese"",""traditional"",""radicals"",""frequency"",""character-to-radical"",""one-way"",""part-22""]"
zh-traditional-radicals-frequency-xxii/4222/character-to-radical	XXII	vocabulary	4222	zh-Hant	zh-Hant	僖	"[""人""]"	[]		"[""zh-Hant.frequency.4708"",""zh.radical.kangxi.009""]"	[]	[]	sources/characters.tsv	frequency-order position 4222; corpus frequency rank 4708; Ministry common-character number 238	僖: frequency-order position 4222; corpus frequency rank 4708; 1 appearances (0.00008%); Unihan kRSUnicode 9.12; Kangxi radical 9 人; Unihan kRSUnicode single radical assignment.	[]	"[""chinese"",""traditional"",""radicals"",""frequency"",""character-to-radical"",""one-way"",""part-22""]"
zh-traditional-radicals-frequency-xxii/4223/character-to-radical	XXII	vocabulary	4223	zh-Hant	zh-Hant	貲	"[""貝""]"	[]		"[""zh-Hant.frequency.4710"",""zh.radical.kangxi.154""]"	[]	[]	sources/characters.tsv	frequency-order position 4223; corpus frequency rank 4710; Ministry common-character number 3954	貲: frequency-order position 4223; corpus frequency rank 4710; 1 appearances (0.00008%); Unihan kRSUnicode 154.5; Kangxi radical 154 貝; Unihan kRSUnicode single radical assignment.	[]	"[""chinese"",""traditional"",""radicals"",""frequency"",""character-to-radical"",""one-way"",""part-22""]"
zh-traditional-radicals-frequency-xxii/4224/character-to-radical	XXII	vocabulary	4224	zh-Hant	zh-Hant	墀	"[""土""]"	[]		"[""zh-Hant.frequency.4712"",""zh.radical.kangxi.032""]"	[]	[]	sources/characters.tsv	frequency-order position 4224; corpus frequency rank 4712; Ministry common-character number 811	墀: frequency-order position 4224; corpus frequency rank 4712; 1 appearances (0.00008%); Unihan kRSUnicode 32.11; Kangxi radical 32 土; Unihan kRSUnicode single radical assignment.	[]	"[""chinese"",""traditional"",""radicals"",""frequency"",""character-to-radical"",""one-way"",""part-22""]"
zh-traditional-radicals-frequency-xxii/4225/character-to-radical	XXII	vocabulary	4225	zh-Hant	zh-Hant	憎	"[""心""]"	[]		"[""zh-Hant.frequency.4714"",""zh.radical.kangxi.061""]"	[]	[]	sources/characters.tsv	frequency-order position 4225; corpus frequency rank 4714; Ministry common-character number 1437	憎: frequency-order position 4225; corpus frequency rank 4714; 1 appearances (0.00008%); Unihan kRSUnicode 61.12; Kangxi radical 61 心; Unihan kRSUnicode single radical assignment.	[]	"[""chinese"",""traditional"",""radicals"",""frequency"",""character-to-radical"",""one-way"",""part-22""]"
zh-traditional-radicals-frequency-xxii/4226/character-to-radical	XXII	vocabulary	4226	zh-Hant	zh-Hant	撚	"[""手""]"	[]		"[""zh-Hant.frequency.4716"",""zh.radical.kangxi.064""]"	[]	[]	sources/characters.tsv	frequency-order position 4226; corpus frequency rank 4716; Ministry common-character number 1674	撚: frequency-order position 4226; corpus frequency rank 4716; 1 appearances (0.00008%); Unihan kRSUnicode 64.12; Kangxi radical 64 手; Unihan kRSUnicode single radical assignment.	[]	"[""chinese"",""traditional"",""radicals"",""frequency"",""character-to-radical"",""one-way"",""part-22""]"
zh-traditional-radicals-frequency-xxii/4227/character-to-radical	XXII	vocabulary	4227	zh-Hant	zh-Hant	慝	"[""心""]"	[]		"[""zh-Hant.frequency.4720"",""zh.radical.kangxi.061""]"	[]	[]	sources/characters.tsv	frequency-order position 4227; corpus frequency rank 4720; Ministry common-character number 1427	慝: frequency-order position 4227; corpus frequency rank 4720; 1 appearances (0.00008%); Unihan kRSUnicode 61.11; Kangxi radical 61 心; Unihan kRSUnicode single radical assignment.	[]	"[""chinese"",""traditional"",""radicals"",""frequency"",""character-to-radical"",""one-way"",""part-22""]"
zh-traditional-radicals-frequency-xxii/4228/character-to-radical	XXII	vocabulary	4228	zh-Hant	zh-Hant	韶	"[""音""]"	[]		"[""zh-Hant.frequency.4724"",""zh.radical.kangxi.180""]"	[]	[]	sources/characters.tsv	frequency-order position 4228; corpus frequency rank 4724; Ministry common-character number 4533	韶: frequency-order position 4228; corpus frequency rank 4724; 1 appearances (0.00008%); Unihan kRSUnicode 180.5; Kangxi radical 180 音; Unihan kRSUnicode single radical assignment.	[]	"[""chinese"",""traditional"",""radicals"",""frequency"",""character-to-radical"",""one-way"",""part-22""]"
zh-traditional-radicals-frequency-xxii/4229/character-to-radical	XXII	vocabulary	4229	zh-Hant	zh-Hant	噤	"[""口""]"	[]		"[""zh-Hant.frequency.4726"",""zh.radical.kangxi.030""]"	[]	[]	sources/characters.tsv	frequency-order position 4229; corpus frequency rank 4726; Ministry common-character number 692	噤: frequency-order position 4229; corpus frequency rank 4726; 1 appearances (0.00008%); Unihan kRSUnicode 30.13; Kangxi radical 30 口; Unihan kRSUnicode single radical assignment.	[]	"[""chinese"",""traditional"",""radicals"",""frequency"",""character-to-radical"",""one-way"",""part-22""]"
zh-traditional-radicals-frequency-xxii/4230/character-to-radical	XXII	vocabulary	4230	zh-Hant	zh-Hant	蔑	"[""艸""]"	[]		"[""zh-Hant.frequency.4730"",""zh.radical.kangxi.140""]"	[]	[]	sources/characters.tsv	frequency-order position 4230; corpus frequency rank 4730; Ministry common-character number 3554	蔑: frequency-order position 4230; corpus frequency rank 4730; 1 appearances (0.00008%); Unihan kRSUnicode 140.11; Kangxi radical 140 艸; Unihan kRSUnicode single radical assignment.	[]	"[""chinese"",""traditional"",""radicals"",""frequency"",""character-to-radical"",""one-way"",""part-22""]"
zh-traditional-radicals-frequency-xxii/4231/character-to-radical	XXII	vocabulary	4231	zh-Hant	zh-Hant	赭	"[""赤""]"	[]		"[""zh-Hant.frequency.4734"",""zh.radical.kangxi.155""]"	[]	[]	sources/characters.tsv	frequency-order position 4231; corpus frequency rank 4734; Ministry common-character number 3988	赭: frequency-order position 4231; corpus frequency rank 4734; 1 appearances (0.00008%); Unihan kRSUnicode 155.9; Kangxi radical 155 赤; Unihan kRSUnicode single radical assignment.	[]	"[""chinese"",""traditional"",""radicals"",""frequency"",""character-to-radical"",""one-way"",""part-22""]"
zh-traditional-radicals-frequency-xxii/4232/character-to-radical	XXII	vocabulary	4232	zh-Hant	zh-Hant	潼	"[""水""]"	[]		"[""zh-Hant.frequency.4740"",""zh.radical.kangxi.085""]"	[]	[]	sources/characters.tsv	frequency-order position 4232; corpus frequency rank 4740; Ministry common-character number 2326	潼: frequency-order position 4232; corpus frequency rank 4740; 1 appearances (0.00008%); Unihan kRSUnicode 85.12; Kangxi radical 85 水; Unihan kRSUnicode single radical assignment.	[]	"[""chinese"",""traditional"",""radicals"",""frequency"",""character-to-radical"",""one-way"",""part-22""]"
zh-traditional-radicals-frequency-xxii/4233/character-to-radical	XXII	vocabulary	4233	zh-Hant	zh-Hant	懣	"[""心""]"	[]		"[""zh-Hant.frequency.4742"",""zh.radical.kangxi.061""]"	[]	[]	sources/characters.tsv	frequency-order position 4233; corpus frequency rank 4742; Ministry common-character number 1455	懣: frequency-order position 4233; corpus frequency rank 4742; 1 appearances (0.00008%); Unihan kRSUnicode 61.14; Kangxi radical 61 心; Unihan kRSUnicode single radical assignment.	[]	"[""chinese"",""traditional"",""radicals"",""frequency"",""character-to-radical"",""one-way"",""part-22""]"
zh-traditional-radicals-frequency-xxii/4234/character-to-radical	XXII	vocabulary	4234	zh-Hant	zh-Hant	踹	"[""足""]"	[]		"[""zh-Hant.frequency.4744"",""zh.radical.kangxi.157""]"	[]	[]	sources/characters.tsv	frequency-order position 4234; corpus frequency rank 4744; Ministry common-character number 4031	踹: frequency-order position 4234; corpus frequency rank 4744; 1 appearances (0.00008%); Unihan kRSUnicode 157.9; Kangxi radical 157 足; Unihan kRSUnicode single radical assignment.	[]	"[""chinese"",""traditional"",""radicals"",""frequency"",""character-to-radical"",""one-way"",""part-22""]"
zh-traditional-radicals-frequency-xxii/4235/character-to-radical	XXII	vocabulary	4235	zh-Hant	zh-Hant	孺	"[""子""]"	[]		"[""zh-Hant.frequency.4750"",""zh.radical.kangxi.039""]"	[]	[]	sources/characters.tsv	frequency-order position 4235; corpus frequency rank 4750; Ministry common-character number 1002	孺: frequency-order position 4235; corpus frequency rank 4750; 1 appearances (0.00008%); Unihan kRSUnicode 39.14; Kangxi radical 39 子; Unihan kRSUnicode single radical assignment.	[]	"[""chinese"",""traditional"",""radicals"",""frequency"",""character-to-radical"",""one-way"",""part-22""]"
zh-traditional-radicals-frequency-xxii/4236/character-to-radical	XXII	vocabulary	4236	zh-Hant	zh-Hant	覦	"[""見""]"	[]		"[""zh-Hant.frequency.4752"",""zh.radical.kangxi.147""]"	[]	[]	sources/characters.tsv	frequency-order position 4236; corpus frequency rank 4752; Ministry common-character number 3771	覦: frequency-order position 4236; corpus frequency rank 4752; 1 appearances (0.00008%); Unihan kRSUnicode 147.9; Kangxi radical 147 見; Unihan kRSUnicode single radical assignment.	[]	"[""chinese"",""traditional"",""radicals"",""frequency"",""character-to-radical"",""one-way"",""part-22""]"
zh-traditional-radicals-frequency-xxii/4237/character-to-radical	XXII	vocabulary	4237	zh-Hant	zh-Hant	駢	"[""馬""]"	[]		"[""zh-Hant.frequency.4754"",""zh.radical.kangxi.187""]"	[]	[]	sources/characters.tsv	frequency-order position 4237; corpus frequency rank 4754; Ministry common-character number 4635	駢: frequency-order position 4237; corpus frequency rank 4754; 1 appearances (0.00008%); Unihan kRSUnicode 187.6; Kangxi radical 187 馬; Unihan kRSUnicode single radical assignment.	[]	"[""chinese"",""traditional"",""radicals"",""frequency"",""character-to-radical"",""one-way"",""part-22""]"
zh-traditional-radicals-frequency-xxii/4238/character-to-radical	XXII	vocabulary	4238	zh-Hant	zh-Hant	縈	"[""糸""]"	[]		"[""zh-Hant.frequency.4756"",""zh.radical.kangxi.120""]"	[]	[]	sources/characters.tsv	frequency-order position 4238; corpus frequency rank 4756; Ministry common-character number 3162	縈: frequency-order position 4238; corpus frequency rank 4756; 1 appearances (0.00008%); Unihan kRSUnicode 120.10; Kangxi radical 120 糸; Unihan kRSUnicode single radical assignment.	[]	"[""chinese"",""traditional"",""radicals"",""frequency"",""character-to-radical"",""one-way"",""part-22""]"
zh-traditional-radicals-frequency-xxii/4239/character-to-radical	XXII	vocabulary	4239	zh-Hant	zh-Hant	殮	"[""歹""]"	[]		"[""zh-Hant.frequency.4758"",""zh.radical.kangxi.078""]"	[]	[]	sources/characters.tsv	frequency-order position 4239; corpus frequency rank 4758; Ministry common-character number 2086	殮: frequency-order position 4239; corpus frequency rank 4758; 1 appearances (0.00008%); Unihan kRSUnicode 78.13; Kangxi radical 78 歹; Unihan kRSUnicode single radical assignment.	[]	"[""chinese"",""traditional"",""radicals"",""frequency"",""character-to-radical"",""one-way"",""part-22""]"
zh-traditional-radicals-frequency-xxii/4240/character-to-radical	XXII	vocabulary	4240	zh-Hant	zh-Hant	瀋	"[""水""]"	[]		"[""zh-Hant.frequency.4760"",""zh.radical.kangxi.085""]"	[]	[]	sources/characters.tsv	frequency-order position 4240; corpus frequency rank 4760; Ministry common-character number 2364	瀋: frequency-order position 4240; corpus frequency rank 4760; 1 appearances (0.00008%); Unihan kRSUnicode 85.15; Kangxi radical 85 水; Unihan kRSUnicode single radical assignment.	[]	"[""chinese"",""traditional"",""radicals"",""frequency"",""character-to-radical"",""one-way"",""part-22""]"
zh-traditional-radicals-frequency-xxii/4241/character-to-radical	XXII	vocabulary	4241	zh-Hant	zh-Hant	鍥	"[""金""]"	[]		"[""zh-Hant.frequency.4762"",""zh.radical.kangxi.167""]"	[]	[]	sources/characters.tsv	frequency-order position 4241; corpus frequency rank 4762; Ministry common-character number 4323	鍥: frequency-order position 4241; corpus frequency rank 4762; 1 appearances (0.00008%); Unihan kRSUnicode 167.9; Kangxi radical 167 金; Unihan kRSUnicode single radical assignment.	[]	"[""chinese"",""traditional"",""radicals"",""frequency"",""character-to-radical"",""one-way"",""part-22""]"
zh-traditional-radicals-frequency-xxii/4242/character-to-radical	XXII	vocabulary	4242	zh-Hant	zh-Hant	蹊	"[""足""]"	[]		"[""zh-Hant.frequency.4764"",""zh.radical.kangxi.157""]"	[]	[]	sources/characters.tsv	frequency-order position 4242; corpus frequency rank 4764; Ministry common-character number 4036	蹊: frequency-order position 4242; corpus frequency rank 4764; 1 appearances (0.00008%); Unihan kRSUnicode 157.10; Kangxi radical 157 足; Unihan kRSUnicode single radical assignment.	[]	"[""chinese"",""traditional"",""radicals"",""frequency"",""character-to-radical"",""one-way"",""part-22""]"
zh-traditional-radicals-frequency-xxii/4243/character-to-radical	XXII	vocabulary	4243	zh-Hant	zh-Hant	曙	"[""日""]"	[]		"[""zh-Hant.frequency.4766"",""zh.radical.kangxi.072""]"	[]	[]	sources/characters.tsv	frequency-order position 4243; corpus frequency rank 4766; Ministry common-character number 1825	曙: frequency-order position 4243; corpus frequency rank 4766; 1 appearances (0.00008%); Unihan kRSUnicode 72.14; Kangxi radical 72 日; Unihan kRSUnicode single radical assignment.	[]	"[""chinese"",""traditional"",""radicals"",""frequency"",""character-to-radical"",""one-way"",""part-22""]"
zh-traditional-radicals-frequency-xxii/4244/character-to-radical	XXII	vocabulary	4244	zh-Hant	zh-Hant	盥	"[""皿""]"	[]		"[""zh-Hant.frequency.4768"",""zh.radical.kangxi.108""]"	[]	[]	sources/characters.tsv	frequency-order position 4244; corpus frequency rank 4768; Ministry common-character number 2754	盥: frequency-order position 4244; corpus frequency rank 4768; 1 appearances (0.00008%); Unihan kRSUnicode 108.11; Kangxi radical 108 皿; Unihan kRSUnicode single radical assignment.	[]	"[""chinese"",""traditional"",""radicals"",""frequency"",""character-to-radical"",""one-way"",""part-22""]"
zh-traditional-radicals-frequency-xxii/4245/character-to-radical	XXII	vocabulary	4245	zh-Hant	zh-Hant	濠	"[""水""]"	[]		"[""zh-Hant.frequency.4770"",""zh.radical.kangxi.085""]"	[]	[]	sources/characters.tsv	frequency-order position 4245; corpus frequency rank 4770; Ministry common-character number 2355	濠: frequency-order position 4245; corpus frequency rank 4770; 1 appearances (0.00008%); Unihan kRSUnicode 85.14; Kangxi radical 85 水; Unihan kRSUnicode single radical assignment.	[]	"[""chinese"",""traditional"",""radicals"",""frequency"",""character-to-radical"",""one-way"",""part-22""]"
zh-traditional-radicals-frequency-xxii/4246/character-to-radical	XXII	vocabulary	4246	zh-Hant	zh-Hant	錨	"[""金""]"	[]		"[""zh-Hant.frequency.4772"",""zh.radical.kangxi.167""]"	[]	[]	sources/characters.tsv	frequency-order position 4246; corpus frequency rank 4772; Ministry common-character number 4320	錨: frequency-order position 4246; corpus frequency rank 4772; 1 appearances (0.00008%); Unihan kRSUnicode 167.9; Kangxi radical 167 金; Unihan kRSUnicode single radical assignment.	[]	"[""chinese"",""traditional"",""radicals"",""frequency"",""character-to-radical"",""one-way"",""part-22""]"
zh-traditional-radicals-frequency-xxii/4247/character-to-radical	XXII	vocabulary	4247	zh-Hant	zh-Hant	醣	"[""酉""]"	[]		"[""zh-Hant.frequency.4774"",""zh.radical.kangxi.164""]"	[]	[]	sources/characters.tsv	frequency-order position 4247; corpus frequency rank 4774; Ministry common-character number 4245	醣: frequency-order position 4247; corpus frequency rank 4774; 1 appearances (0.00008%); Unihan kRSUnicode 164.10; Kangxi radical 164 酉; Unihan kRSUnicode single radical assignment.	[]	"[""chinese"",""traditional"",""radicals"",""frequency"",""character-to-radical"",""one-way"",""part-22""]"
zh-traditional-radicals-frequency-xxii/4248/character-to-radical	XXII	vocabulary	4248	zh-Hant	zh-Hant	濬	"[""水""]"	[]		"[""zh-Hant.frequency.4776"",""zh.radical.kangxi.085""]"	[]	[]	sources/characters.tsv	frequency-order position 4248; corpus frequency rank 4776; Ministry common-character number 2361	濬: frequency-order position 4248; corpus frequency rank 4776; 1 appearances (0.00008%); Unihan kRSUnicode 85.14; Kangxi radical 85 水; Unihan kRSUnicode single radical assignment.	[]	"[""chinese"",""traditional"",""radicals"",""frequency"",""character-to-radical"",""one-way"",""part-22""]"
zh-traditional-radicals-frequency-xxii/4249/character-to-radical	XXII	vocabulary	4249	zh-Hant	zh-Hant	邂	"[""辵""]"	[]		"[""zh-Hant.frequency.4778"",""zh.radical.kangxi.162""]"	[]	[]	sources/characters.tsv	frequency-order position 4249; corpus frequency rank 4778; Ministry common-character number 4193	邂: frequency-order position 4249; corpus frequency rank 4778; 1 appearances (0.00008%); Unihan kRSUnicode 162.13; Kangxi radical 162 辵; Unihan kRSUnicode single radical assignment.	[]	"[""chinese"",""traditional"",""radicals"",""frequency"",""character-to-radical"",""one-way"",""part-22""]"
zh-traditional-radicals-frequency-xxii/4250/character-to-radical	XXII	vocabulary	4250	zh-Hant	zh-Hant	遽	"[""辵""]"	[]		"[""zh-Hant.frequency.4782"",""zh.radical.kangxi.162""]"	[]	[]	sources/characters.tsv	frequency-order position 4250; corpus frequency rank 4782; Ministry common-character number 4190	遽: frequency-order position 4250; corpus frequency rank 4782; 1 appearances (0.00008%); Unihan kRSUnicode 162.13; Kangxi radical 162 辵; Unihan kRSUnicode single radical assignment.	[]	"[""chinese"",""traditional"",""radicals"",""frequency"",""character-to-radical"",""one-way"",""part-22""]"
zh-traditional-radicals-frequency-xxii/4251/character-to-radical	XXII	vocabulary	4251	zh-Hant	zh-Hant	檻	"[""木""]"	[]		"[""zh-Hant.frequency.4784"",""zh.radical.kangxi.075""]"	[]	[]	sources/characters.tsv	frequency-order position 4251; corpus frequency rank 4784; Ministry common-character number 2041	檻: frequency-order position 4251; corpus frequency rank 4784; 1 appearances (0.00008%); Unihan kRSUnicode 75.14; Kangxi radical 75 木; Unihan kRSUnicode single radical assignment.	[]	"[""chinese"",""traditional"",""radicals"",""frequency"",""character-to-radical"",""one-way"",""part-22""]"
zh-traditional-radicals-frequency-xxii/4252/character-to-radical	XXII	vocabulary	4252	zh-Hant	zh-Hant	矓	"[""目""]"	[]		"[""zh-Hant.frequency.4792"",""zh.radical.kangxi.109""]"	[]	[]	sources/characters.tsv	frequency-order position 4252; corpus frequency rank 4792; Ministry common-character number 2811	矓: frequency-order position 4252; corpus frequency rank 4792; 1 appearances (0.00008%); Unihan kRSUnicode 109.16; Kangxi radical 109 目; Unihan kRSUnicode single radical assignment.	[]	"[""chinese"",""traditional"",""radicals"",""frequency"",""character-to-radical"",""one-way"",""part-22""]"
zh-traditional-radicals-frequency-xxii/4253/character-to-radical	XXII	vocabulary	4253	zh-Hant	zh-Hant	囈	"[""口""]"	[]		"[""zh-Hant.frequency.4794"",""zh.radical.kangxi.030""]"	[]	[]	sources/characters.tsv	frequency-order position 4253; corpus frequency rank 4794; Ministry common-character number 719	囈: frequency-order position 4253; corpus frequency rank 4794; 1 appearances (0.00008%); Unihan kRSUnicode 30.19; Kangxi radical 30 口; Unihan kRSUnicode single radical assignment.	[]	"[""chinese"",""traditional"",""radicals"",""frequency"",""character-to-radical"",""one-way"",""part-22""]"
zh-traditional-radicals-frequency-xxii/4254/character-to-radical	XXII	vocabulary	4254	zh-Hant	zh-Hant	鐳	"[""金""]"	[]		"[""zh-Hant.frequency.4796"",""zh.radical.kangxi.167""]"	[]	[]	sources/characters.tsv	frequency-order position 4254; corpus frequency rank 4796; Ministry common-character number 4353	鐳: frequency-order position 4254; corpus frequency rank 4796; 1 appearances (0.00008%); Unihan kRSUnicode 167.13; Kangxi radical 167 金; Unihan kRSUnicode single radical assignment.	[]	"[""chinese"",""traditional"",""radicals"",""frequency"",""character-to-radical"",""one-way"",""part-22""]"
zh-traditional-radicals-frequency-xxii/4255/character-to-radical	XXII	vocabulary	4255	zh-Hant	zh-Hant	譴	"[""言""]"	[]		"[""zh-Hant.frequency.4798"",""zh.radical.kangxi.149""]"	[]	[]	sources/characters.tsv	frequency-order position 4255; corpus frequency rank 4798; Ministry common-character number 3893	譴: frequency-order position 4255; corpus frequency rank 4798; 1 appearances (0.00008%); Unihan kRSUnicode 149.14; Kangxi radical 149 言; Unihan kRSUnicode single radical assignment.	[]	"[""chinese"",""traditional"",""radicals"",""frequency"",""character-to-radical"",""one-way"",""part-22""]"
zh-traditional-radicals-frequency-xxii/4256/character-to-radical	XXII	vocabulary	4256	zh-Hant	zh-Hant	蟯	"[""虫""]"	[]		"[""zh-Hant.frequency.4800"",""zh.radical.kangxi.142""]"	[]	[]	sources/characters.tsv	frequency-order position 4256; corpus frequency rank 4800; Ministry common-character number 3681	蟯: frequency-order position 4256; corpus frequency rank 4800; 1 appearances (0.00008%); Unihan kRSUnicode 142.12; Kangxi radical 142 虫; Unihan kRSUnicode single radical assignment.	[]	"[""chinese"",""traditional"",""radicals"",""frequency"",""character-to-radical"",""one-way"",""part-22""]"
zh-traditional-radicals-frequency-xxii/4257/character-to-radical	XXII	vocabulary	4257	zh-Hant	zh-Hant	韜	"[""韋""]"	[]		"[""zh-Hant.frequency.4802"",""zh.radical.kangxi.178""]"	[]	[]	sources/characters.tsv	frequency-order position 4257; corpus frequency rank 4802; Ministry common-character number 4528	韜: frequency-order position 4257; corpus frequency rank 4802; 1 appearances (0.00008%); Unihan kRSUnicode 178.10; Kangxi radical 178 韋; Unihan kRSUnicode single radical assignment.	[]	"[""chinese"",""traditional"",""radicals"",""frequency"",""character-to-radical"",""one-way"",""part-22""]"
zh-traditional-radicals-frequency-xxii/4258/character-to-radical	XXII	vocabulary	4258	zh-Hant	zh-Hant	驃	"[""馬""]"	[]		"[""zh-Hant.frequency.4804"",""zh.radical.kangxi.187""]"	[]	[]	sources/characters.tsv	frequency-order position 4258; corpus frequency rank 4804; Ministry common-character number 4646	驃: frequency-order position 4258; corpus frequency rank 4804; 1 appearances (0.00008%); Unihan kRSUnicode 187.11; Kangxi radical 187 馬; Unihan kRSUnicode single radical assignment.	[]	"[""chinese"",""traditional"",""radicals"",""frequency"",""character-to-radical"",""one-way"",""part-22""]"
zh-traditional-radicals-frequency-xxii/4259/character-to-radical	XXII	vocabulary	4259	zh-Hant	zh-Hant	鵠	"[""鳥""]"	[]		"[""zh-Hant.frequency.4806"",""zh.radical.kangxi.196""]"	[]	[]	sources/characters.tsv	frequency-order position 4259; corpus frequency rank 4806; Ministry common-character number 4733	鵠: frequency-order position 4259; corpus frequency rank 4806; 1 appearances (0.00008%); Unihan kRSUnicode 196.7; Kangxi radical 196 鳥; Unihan kRSUnicode single radical assignment.	[]	"[""chinese"",""traditional"",""radicals"",""frequency"",""character-to-radical"",""one-way"",""part-22""]"
zh-traditional-radicals-frequency-xxii/4260/character-to-radical	XXII	vocabulary	4260	zh-Hant	zh-Hant	贛	"[""貝""]"	[]		"[""zh-Hant.frequency.4808"",""zh.radical.kangxi.154""]"	[]	[]	sources/characters.tsv	frequency-order position 4260; corpus frequency rank 4808; Ministry common-character number 3983	贛: frequency-order position 4260; corpus frequency rank 4808; 1 appearances (0.00008%); Unihan kRSUnicode 154.17; Kangxi radical 154 貝; Unihan kRSUnicode single radical assignment.	[]	"[""chinese"",""traditional"",""radicals"",""frequency"",""character-to-radical"",""one-way"",""part-22""]"
zh-traditional-radicals-frequency-xxii/4261/character-to-radical	XXII	vocabulary	4261	zh-Hant	zh-Hant	謨	"[""言""]"	[]		"[""zh-Hant.frequency.4810"",""zh.radical.kangxi.149""]"	[]	[]	sources/characters.tsv	frequency-order position 4261; corpus frequency rank 4810; Ministry common-character number 3879	謨: frequency-order position 4261; corpus frequency rank 4810; 1 appearances (0.00008%); Unihan kRSUnicode 149.11; Kangxi radical 149 言; Unihan kRSUnicode single radical assignment.	[]	"[""chinese"",""traditional"",""radicals"",""frequency"",""character-to-radical"",""one-way"",""part-22""]"
zh-traditional-radicals-frequency-xxii/4262/character-to-radical	XXII	vocabulary	4262	zh-Hant	zh-Hant	顰	"[""頁""]"	[]		"[""zh-Hant.frequency.4814"",""zh.radical.kangxi.181""]"	[]	[]	sources/characters.tsv	frequency-order position 4262; corpus frequency rank 4814; Ministry common-character number 4570	顰: frequency-order position 4262; corpus frequency rank 4814; 1 appearances (0.00008%); Unihan kRSUnicode 181.15; Kangxi radical 181 頁; Unihan kRSUnicode single radical assignment.	[]	"[""chinese"",""traditional"",""radicals"",""frequency"",""character-to-radical"",""one-way"",""part-22""]"
zh-traditional-radicals-frequency-xxii/4263/character-to-radical	XXII	vocabulary	4263	zh-Hant	zh-Hant	齜	"[""齒""]"	[]		"[""zh-Hant.frequency.4818"",""zh.radical.kangxi.211""]"	[]	[]	sources/characters.tsv	frequency-order position 4263; corpus frequency rank 4818; Ministry common-character number 4800	齜: frequency-order position 4263; corpus frequency rank 4818; 1 appearances (0.00008%); Unihan kRSUnicode 211.5; Kangxi radical 211 齒; Unihan kRSUnicode single radical assignment.	[]	"[""chinese"",""traditional"",""radicals"",""frequency"",""character-to-radical"",""one-way"",""part-22""]"
zh-traditional-radicals-frequency-xxii/4264/character-to-radical	XXII	vocabulary	4264	zh-Hant	zh-Hant	鶉	"[""鳥""]"	[]		"[""zh-Hant.frequency.4822"",""zh.radical.kangxi.196""]"	[]	[]	sources/characters.tsv	frequency-order position 4264; corpus frequency rank 4822; Ministry common-character number 4734	鶉: frequency-order position 4264; corpus frequency rank 4822; 1 appearances (0.00008%); Unihan kRSUnicode 196.8; Kangxi radical 196 鳥; Unihan kRSUnicode single radical assignment.	[]	"[""chinese"",""traditional"",""radicals"",""frequency"",""character-to-radical"",""one-way"",""part-22""]"
zh-traditional-radicals-frequency-xxii/4265/character-to-radical	XXII	vocabulary	4265	zh-Hant	zh-Hant	馥	"[""香""]"	[]		"[""zh-Hant.frequency.4824"",""zh.radical.kangxi.186""]"	[]	[]	sources/characters.tsv	frequency-order position 4265; corpus frequency rank 4824; Ministry common-character number 4617	馥: frequency-order position 4265; corpus frequency rank 4824; 1 appearances (0.00008%); Unihan kRSUnicode 186.9; Kangxi radical 186 香; Unihan kRSUnicode single radical assignment.	[]	"[""chinese"",""traditional"",""radicals"",""frequency"",""character-to-radical"",""one-way"",""part-22""]"
zh-traditional-radicals-frequency-xxii/4266/character-to-radical	XXII	vocabulary	4266	zh-Hant	zh-Hant	邇	"[""辵""]"	[]		"[""zh-Hant.frequency.4826"",""zh.radical.kangxi.162""]"	[]	[]	sources/characters.tsv	frequency-order position 4266; corpus frequency rank 4826; Ministry common-character number 4195	邇: frequency-order position 4266; corpus frequency rank 4826; 1 appearances (0.00008%); Unihan kRSUnicode 162.14; Kangxi radical 162 辵; Unihan kRSUnicode single radical assignment.	[]	"[""chinese"",""traditional"",""radicals"",""frequency"",""character-to-radical"",""one-way"",""part-22""]"
zh-traditional-radicals-frequency-xxii/4267/character-to-radical	XXII	vocabulary	4267	zh-Hant	zh-Hant	孿	"[""子""]"	[]		"[""zh-Hant.frequency.4828"",""zh.radical.kangxi.039""]"	[]	[]	sources/characters.tsv	frequency-order position 4267; corpus frequency rank 4828; Ministry common-character number 1004	孿: frequency-order position 4267; corpus frequency rank 4828; 1 appearances (0.00008%); Unihan kRSUnicode 39.19; Kangxi radical 39 子; Unihan kRSUnicode single radical assignment.	[]	"[""chinese"",""traditional"",""radicals"",""frequency"",""character-to-radical"",""one-way"",""part-22""]"
zh-traditional-radicals-frequency-xxii/4268/character-to-radical	XXII	vocabulary	4268	zh-Hant	zh-Hant	焙	"[""火""]"	[]		"[""zh-Hant.frequency.4834"",""zh.radical.kangxi.086""]"	[]	[]	sources/characters.tsv	frequency-order position 4268; corpus frequency rank 4834; Ministry common-character number 2412	焙: frequency-order position 4268; corpus frequency rank 4834; 1 appearances (0.00008%); Unihan kRSUnicode 86.8; Kangxi radical 86 火; Unihan kRSUnicode single radical assignment.	[]	"[""chinese"",""traditional"",""radicals"",""frequency"",""character-to-radical"",""one-way"",""part-22""]"
zh-traditional-radicals-frequency-xxii/4269/character-to-radical	XXII	vocabulary	4269	zh-Hant	zh-Hant	閑	"[""門""]"	[]		"[""zh-Hant.frequency.4836"",""zh.radical.kangxi.169""]"	[]	[]	sources/characters.tsv	frequency-order position 4269; corpus frequency rank 4836; Ministry common-character number 4377	閑: frequency-order position 4269; corpus frequency rank 4836; 1 appearances (0.00008%); Unihan kRSUnicode 169.4; Kangxi radical 169 門; Unihan kRSUnicode single radical assignment.	[]	"[""chinese"",""traditional"",""radicals"",""frequency"",""character-to-radical"",""one-way"",""part-22""]"
zh-traditional-radicals-frequency-xxii/4270/character-to-radical	XXII	vocabulary	4270	zh-Hant	zh-Hant	嗣	"[""口""]"	[]		"[""zh-Hant.frequency.4840"",""zh.radical.kangxi.030""]"	[]	[]	sources/characters.tsv	frequency-order position 4270; corpus frequency rank 4840; Ministry common-character number 653	嗣: frequency-order position 4270; corpus frequency rank 4840; 1 appearances (0.00008%); Unihan kRSUnicode 30.10; Kangxi radical 30 口; Unihan kRSUnicode single radical assignment.	[]	"[""chinese"",""traditional"",""radicals"",""frequency"",""character-to-radical"",""one-way"",""part-22""]"
zh-traditional-radicals-frequency-xxii/4271/character-to-radical	XXII	vocabulary	4271	zh-Hant	zh-Hant	滇	"[""水""]"	[]		"[""zh-Hant.frequency.4842"",""zh.radical.kangxi.085""]"	[]	[]	sources/characters.tsv	frequency-order position 4271; corpus frequency rank 4842; Ministry common-character number 2284	滇: frequency-order position 4271; corpus frequency rank 4842; 1 appearances (0.00008%); Unihan kRSUnicode 85.10; Kangxi radical 85 水; Unihan kRSUnicode single radical assignment.	[]	"[""chinese"",""traditional"",""radicals"",""frequency"",""character-to-radical"",""one-way"",""part-22""]"
zh-traditional-radicals-frequency-xxii/4272/character-to-radical	XXII	vocabulary	4272	zh-Hant	zh-Hant	賄	"[""貝""]"	[]		"[""zh-Hant.frequency.4844"",""zh.radical.kangxi.154""]"	[]	[]	sources/characters.tsv	frequency-order position 4272; corpus frequency rank 4844; Ministry common-character number 3953	賄: frequency-order position 4272; corpus frequency rank 4844; 1 appearances (0.00008%); Unihan kRSUnicode 154.6; Kangxi radical 154 貝; Unihan kRSUnicode single radical assignment.	[]	"[""chinese"",""traditional"",""radicals"",""frequency"",""character-to-radical"",""one-way"",""part-22""]"
zh-traditional-radicals-frequency-xxii/4273/character-to-radical	XXII	vocabulary	4273	zh-Hant	zh-Hant	貉	"[""豸""]"	[]		"[""zh-Hant.frequency.4846"",""zh.radical.kangxi.153""]"	[]	[]	sources/characters.tsv	frequency-order position 4273; corpus frequency rank 4846; Ministry common-character number 3923	貉: frequency-order position 4273; corpus frequency rank 4846; 1 appearances (0.00008%); Unihan kRSUnicode 153.6; Kangxi radical 153 豸; Unihan kRSUnicode single radical assignment.	[]	"[""chinese"",""traditional"",""radicals"",""frequency"",""character-to-radical"",""one-way"",""part-22""]"
zh-traditional-radicals-frequency-xxii/4274/character-to-radical	XXII	vocabulary	4274	zh-Hant	zh-Hant	旖	"[""方""]"	[]		"[""zh-Hant.frequency.4848"",""zh.radical.kangxi.070""]"	[]	[]	sources/characters.tsv	frequency-order position 4274; corpus frequency rank 4848; Ministry common-character number 1769	旖: frequency-order position 4274; corpus frequency rank 4848; 1 appearances (0.00008%); Unihan kRSUnicode 70.10; Kangxi radical 70 方; Unihan kRSUnicode single radical assignment.	[]	"[""chinese"",""traditional"",""radicals"",""frequency"",""character-to-radical"",""one-way"",""part-22""]"
zh-traditional-radicals-frequency-xxii/4275/character-to-radical	XXII	vocabulary	4275	zh-Hant	zh-Hant	酩	"[""酉""]"	[]		"[""zh-Hant.frequency.4850"",""zh.radical.kangxi.164""]"	[]	[]	sources/characters.tsv	frequency-order position 4275; corpus frequency rank 4850; Ministry common-character number 4236	酩: frequency-order position 4275; corpus frequency rank 4850; 1 appearances (0.00008%); Unihan kRSUnicode 164.6; Kangxi radical 164 酉; Unihan kRSUnicode single radical assignment.	[]	"[""chinese"",""traditional"",""radicals"",""frequency"",""character-to-radical"",""one-way"",""part-22""]"
zh-traditional-radicals-frequency-xxii/4276/character-to-radical	XXII	vocabulary	4276	zh-Hant	zh-Hant	嫣	"[""女""]"	[]		"[""zh-Hant.frequency.4852"",""zh.radical.kangxi.038""]"	[]	[]	sources/characters.tsv	frequency-order position 4276; corpus frequency rank 4852; Ministry common-character number 969	嫣: frequency-order position 4276; corpus frequency rank 4852; 1 appearances (0.00008%); Unihan kRSUnicode 38.11; Kangxi radical 38 女; Unihan kRSUnicode single radical assignment.	[]	"[""chinese"",""traditional"",""radicals"",""frequency"",""character-to-radical"",""one-way"",""part-22""]"
zh-traditional-radicals-frequency-xxii/4277/character-to-radical	XXII	vocabulary	4277	zh-Hant	zh-Hant	蓀	"[""艸""]"	[]		"[""zh-Hant.frequency.4856"",""zh.radical.kangxi.140""]"	[]	[]	sources/characters.tsv	frequency-order position 4277; corpus frequency rank 4856; Ministry common-character number 3543	蓀: frequency-order position 4277; corpus frequency rank 4856; 1 appearances (0.00008%); Unihan kRSUnicode 140.10; Kangxi radical 140 艸; Unihan kRSUnicode single radical assignment.	[]	"[""chinese"",""traditional"",""radicals"",""frequency"",""character-to-radical"",""one-way"",""part-22""]"
zh-traditional-radicals-frequency-xxii/4278/character-to-radical	XXII	vocabulary	4278	zh-Hant	zh-Hant	睪	"[""目""]"	[]		"[""zh-Hant.frequency.4858"",""zh.radical.kangxi.109""]"	[]	[]	sources/characters.tsv	frequency-order position 4278; corpus frequency rank 4858; Ministry common-character number 2784	睪: frequency-order position 4278; corpus frequency rank 4858; 1 appearances (0.00008%); Unihan kRSUnicode 109.8; Kangxi radical 109 目; Unihan kRSUnicode single radical assignment.	[]	"[""chinese"",""traditional"",""radicals"",""frequency"",""character-to-radical"",""one-way"",""part-22""]"
zh-traditional-radicals-frequency-xxii/4279/character-to-radical	XXII	vocabulary	4279	zh-Hant	zh-Hant	隘	"[""阜""]"	[]		"[""zh-Hant.frequency.4860"",""zh.radical.kangxi.170""]"	[]	[]	sources/characters.tsv	frequency-order position 4279; corpus frequency rank 4860; Ministry common-character number 4437	隘: frequency-order position 4279; corpus frequency rank 4860; 1 appearances (0.00008%); Unihan kRSUnicode 170.10; Kangxi radical 170 阜; Unihan kRSUnicode single radical assignment.	[]	"[""chinese"",""traditional"",""radicals"",""frequency"",""character-to-radical"",""one-way"",""part-22""]"
zh-traditional-radicals-frequency-xxii/4280/character-to-radical	XXII	vocabulary	4280	zh-Hant	zh-Hant	靶	"[""革""]"	[]		"[""zh-Hant.frequency.4862"",""zh.radical.kangxi.177""]"	[]	[]	sources/characters.tsv	frequency-order position 4280; corpus frequency rank 4862; Ministry common-character number 4511	靶: frequency-order position 4280; corpus frequency rank 4862; 1 appearances (0.00008%); Unihan kRSUnicode 177.4; Kangxi radical 177 革; Unihan kRSUnicode single radical assignment.	[]	"[""chinese"",""traditional"",""radicals"",""frequency"",""character-to-radical"",""one-way"",""part-22""]"
zh-traditional-radicals-frequency-xxii/4281/character-to-radical	XXII	vocabulary	4281	zh-Hant	zh-Hant	睿	"[""目""]"	[]		"[""zh-Hant.frequency.4864"",""zh.radical.kangxi.109""]"	[]	[]	sources/characters.tsv	frequency-order position 4281; corpus frequency rank 4864; Ministry common-character number 2791	睿: frequency-order position 4281; corpus frequency rank 4864; 1 appearances (0.00008%); Unihan kRSUnicode 109.9; Kangxi radical 109 目; Unihan kRSUnicode single radical assignment.	[]	"[""chinese"",""traditional"",""radicals"",""frequency"",""character-to-radical"",""one-way"",""part-22""]"
zh-traditional-radicals-frequency-xxii/4282/character-to-radical	XXII	vocabulary	4282	zh-Hant	zh-Hant	緘	"[""糸""]"	[]		"[""zh-Hant.frequency.4866"",""zh.radical.kangxi.120""]"	[]	[]	sources/characters.tsv	frequency-order position 4282; corpus frequency rank 4866; Ministry common-character number 3151	緘: frequency-order position 4282; corpus frequency rank 4866; 1 appearances (0.00008%); Unihan kRSUnicode 120.9; Kangxi radical 120 糸; Unihan kRSUnicode single radical assignment.	[]	"[""chinese"",""traditional"",""radicals"",""frequency"",""character-to-radical"",""one-way"",""part-22""]"
zh-traditional-radicals-frequency-xxii/4283/character-to-radical	XXII	vocabulary	4283	zh-Hant	zh-Hant	霆	"[""雨""]"	[]		"[""zh-Hant.frequency.4868"",""zh.radical.kangxi.173""]"	[]	[]	sources/characters.tsv	frequency-order position 4283; corpus frequency rank 4868; Ministry common-character number 4478	霆: frequency-order position 4283; corpus frequency rank 4868; 1 appearances (0.00008%); Unihan kRSUnicode 173.7; Kangxi radical 173 雨; Unihan kRSUnicode single radical assignment.	[]	"[""chinese"",""traditional"",""radicals"",""frequency"",""character-to-radical"",""one-way"",""part-22""]"
zh-traditional-radicals-frequency-xxii/4284/character-to-radical	XXII	vocabulary	4284	zh-Hant	zh-Hant	慫	"[""心""]"	[]		"[""zh-Hant.frequency.4870"",""zh.radical.kangxi.061""]"	[]	[]	sources/characters.tsv	frequency-order position 4284; corpus frequency rank 4870; Ministry common-character number 1432	慫: frequency-order position 4284; corpus frequency rank 4870; 1 appearances (0.00008%); Unihan kRSUnicode 61.11; Kangxi radical 61 心; Unihan kRSUnicode single radical assignment.	[]	"[""chinese"",""traditional"",""radicals"",""frequency"",""character-to-radical"",""one-way"",""part-22""]"
zh-traditional-radicals-frequency-xxii/4285/character-to-radical	XXII	vocabulary	4285	zh-Hant	zh-Hant	箴	"[""竹""]"	[]		"[""zh-Hant.frequency.4872"",""zh.radical.kangxi.118""]"	[]	[]	sources/characters.tsv	frequency-order position 4285; corpus frequency rank 4872; Ministry common-character number 3020	箴: frequency-order position 4285; corpus frequency rank 4872; 1 appearances (0.00008%); Unihan kRSUnicode 118.9; Kangxi radical 118 竹; Unihan kRSUnicode single radical assignment.	[]	"[""chinese"",""traditional"",""radicals"",""frequency"",""character-to-radical"",""one-way"",""part-22""]"
zh-traditional-radicals-frequency-xxii/4286/character-to-radical	XXII	vocabulary	4286	zh-Hant	zh-Hant	犛	"[""牛""]"	[]		"[""zh-Hant.frequency.4876"",""zh.radical.kangxi.093""]"	[]	[]	sources/characters.tsv	frequency-order position 4286; corpus frequency rank 4876; Ministry common-character number 2504	犛: frequency-order position 4286; corpus frequency rank 4876; 1 appearances (0.00008%); Unihan kRSUnicode 93.11; Kangxi radical 93 牛; Unihan kRSUnicode single radical assignment.	[]	"[""chinese"",""traditional"",""radicals"",""frequency"",""character-to-radical"",""one-way"",""part-22""]"
zh-traditional-radicals-frequency-xxii/4287/character-to-radical	XXII	vocabulary	4287	zh-Hant	zh-Hant	鱸	"[""魚""]"	[]		"[""zh-Hant.frequency.4877"",""zh.radical.kangxi.195""]"	[]	[]	sources/characters.tsv	frequency-order position 4287; corpus frequency rank 4877; Ministry common-character number 4715	鱸: frequency-order position 4287; corpus frequency rank 4877; 1 appearances (0.00008%); Unihan kRSUnicode 195.16; Kangxi radical 195 魚; Unihan kRSUnicode single radical assignment.	[]	"[""chinese"",""traditional"",""radicals"",""frequency"",""character-to-radical"",""one-way"",""part-22""]"
zh-traditional-radicals-frequency-xxii/4288/character-to-radical	XXII	vocabulary	4288	zh-Hant	zh-Hant	褓	"[""衣""]"	[]		"[""zh-Hant.frequency.4878"",""zh.radical.kangxi.145""]"	[]	[]	sources/characters.tsv	frequency-order position 4288; corpus frequency rank 4878; Ministry common-character number 3746	褓: frequency-order position 4288; corpus frequency rank 4878; 1 appearances (0.00008%); Unihan kRSUnicode 145.9; Kangxi radical 145 衣; Unihan kRSUnicode single radical assignment.	[]	"[""chinese"",""traditional"",""radicals"",""frequency"",""character-to-radical"",""one-way"",""part-22""]"
zh-traditional-radicals-frequency-xxii/4289/character-to-radical	XXII	vocabulary	4289	zh-Hant	zh-Hant	諍	"[""言""]"	[]		"[""zh-Hant.frequency.4880"",""zh.radical.kangxi.149""]"	[]	[]	sources/characters.tsv	frequency-order position 4289; corpus frequency rank 4880; Ministry common-character number 3857	諍: frequency-order position 4289; corpus frequency rank 4880; 1 appearances (0.00008%); Unihan kRSUnicode 149.8; Kangxi radical 149 言; Unihan kRSUnicode single radical assignment.	[]	"[""chinese"",""traditional"",""radicals"",""frequency"",""character-to-radical"",""one-way"",""part-22""]"
zh-traditional-radicals-frequency-xxii/4290/character-to-radical	XXII	vocabulary	4290	zh-Hant	zh-Hant	鴛	"[""鳥""]"	[]		"[""zh-Hant.frequency.4884"",""zh.radical.kangxi.196""]"	[]	[]	sources/characters.tsv	frequency-order position 4290; corpus frequency rank 4884; Ministry common-character number 4728	鴛: frequency-order position 4290; corpus frequency rank 4884; 1 appearances (0.00008%); Unihan kRSUnicode 196.5; Kangxi radical 196 鳥; Unihan kRSUnicode single radical assignment.	[]	"[""chinese"",""traditional"",""radicals"",""frequency"",""character-to-radical"",""one-way"",""part-22""]"
zh-traditional-radicals-frequency-xxii/4291/character-to-radical	XXII	vocabulary	4291	zh-Hant	zh-Hant	壕	"[""土""]"	[]		"[""zh-Hant.frequency.4886"",""zh.radical.kangxi.032""]"	[]	[]	sources/characters.tsv	frequency-order position 4291; corpus frequency rank 4886; Ministry common-character number 821	壕: frequency-order position 4291; corpus frequency rank 4886; 1 appearances (0.00008%); Unihan kRSUnicode 32.14; Kangxi radical 32 土; Unihan kRSUnicode single radical assignment.	[]	"[""chinese"",""traditional"",""radicals"",""frequency"",""character-to-radical"",""one-way"",""part-22""]"
zh-traditional-radicals-frequency-xxii/4292/character-to-radical	XXII	vocabulary	4292	zh-Hant	zh-Hant	鴦	"[""鳥""]"	[]		"[""zh-Hant.frequency.4888"",""zh.radical.kangxi.196""]"	[]	[]	sources/characters.tsv	frequency-order position 4292; corpus frequency rank 4888; Ministry common-character number 4725	鴦: frequency-order position 4292; corpus frequency rank 4888; 1 appearances (0.00008%); Unihan kRSUnicode 196.5; Kangxi radical 196 鳥; Unihan kRSUnicode single radical assignment.	[]	"[""chinese"",""traditional"",""radicals"",""frequency"",""character-to-radical"",""one-way"",""part-22""]"
zh-traditional-radicals-frequency-xxii/4293/character-to-radical	XXII	vocabulary	4293	zh-Hant	zh-Hant	縊	"[""糸""]"	[]		"[""zh-Hant.frequency.4890"",""zh.radical.kangxi.120""]"	[]	[]	sources/characters.tsv	frequency-order position 4293; corpus frequency rank 4890; Ministry common-character number 3160	縊: frequency-order position 4293; corpus frequency rank 4890; 1 appearances (0.00008%); Unihan kRSUnicode 120.10; Kangxi radical 120 糸; Unihan kRSUnicode single radical assignment.	[]	"[""chinese"",""traditional"",""radicals"",""frequency"",""character-to-radical"",""one-way"",""part-22""]"
zh-traditional-radicals-frequency-xxii/4294/character-to-radical	XXII	vocabulary	4294	zh-Hant	zh-Hant	罄	"[""缶""]"	[]		"[""zh-Hant.frequency.4892"",""zh.radical.kangxi.121""]"	[]	[]	sources/characters.tsv	frequency-order position 4294; corpus frequency rank 4892; Ministry common-character number 3199	罄: frequency-order position 4294; corpus frequency rank 4892; 1 appearances (0.00008%); Unihan kRSUnicode 121.11; Kangxi radical 121 缶; Unihan kRSUnicode single radical assignment.	[]	"[""chinese"",""traditional"",""radicals"",""frequency"",""character-to-radical"",""one-way"",""part-22""]"
zh-traditional-radicals-frequency-xxii/4295/character-to-radical	XXII	vocabulary	4295	zh-Hant	zh-Hant	鍍	"[""金""]"	[]		"[""zh-Hant.frequency.4894"",""zh.radical.kangxi.167""]"	[]	[]	sources/characters.tsv	frequency-order position 4295; corpus frequency rank 4894; Ministry common-character number 4318	鍍: frequency-order position 4295; corpus frequency rank 4894; 1 appearances (0.00008%); Unihan kRSUnicode 167.9; Kangxi radical 167 金; Unihan kRSUnicode single radical assignment.	[]	"[""chinese"",""traditional"",""radicals"",""frequency"",""character-to-radical"",""one-way"",""part-22""]"
zh-traditional-radicals-frequency-xxii/4296/character-to-radical	XXII	vocabulary	4296	zh-Hant	zh-Hant	瞟	"[""目""]"	[]		"[""zh-Hant.frequency.4896"",""zh.radical.kangxi.109""]"	[]	[]	sources/characters.tsv	frequency-order position 4296; corpus frequency rank 4896; Ministry common-character number 2799	瞟: frequency-order position 4296; corpus frequency rank 4896; 1 appearances (0.00008%); Unihan kRSUnicode 109.11; Kangxi radical 109 目; Unihan kRSUnicode single radical assignment.	[]	"[""chinese"",""traditional"",""radicals"",""frequency"",""character-to-radical"",""one-way"",""part-22""]"
zh-traditional-radicals-frequency-xxii/4297/character-to-radical	XXII	vocabulary	4297	zh-Hant	zh-Hant	癘	"[""疒""]"	[]		"[""zh-Hant.frequency.4898"",""zh.radical.kangxi.104""]"	[]	[]	sources/characters.tsv	frequency-order position 4297; corpus frequency rank 4898; Ministry common-character number 2709	癘: frequency-order position 4297; corpus frequency rank 4898; 1 appearances (0.00008%); Unihan kRSUnicode 104.13; Kangxi radical 104 疒; Unihan kRSUnicode single radical assignment.	[]	"[""chinese"",""traditional"",""radicals"",""frequency"",""character-to-radical"",""one-way"",""part-22""]"
zh-traditional-radicals-frequency-xxii/4298/character-to-radical	XXII	vocabulary	4298	zh-Hant	zh-Hant	蹉	"[""足""]"	[]		"[""zh-Hant.frequency.4900"",""zh.radical.kangxi.157""]"	[]	[]	sources/characters.tsv	frequency-order position 4298; corpus frequency rank 4900; Ministry common-character number 4033	蹉: frequency-order position 4298; corpus frequency rank 4900; 1 appearances (0.00008%); Unihan kRSUnicode 157.10; Kangxi radical 157 足; Unihan kRSUnicode single radical assignment.	[]	"[""chinese"",""traditional"",""radicals"",""frequency"",""character-to-radical"",""one-way"",""part-22""]"
zh-traditional-radicals-frequency-xxii/4299/character-to-radical	XXII	vocabulary	4299	zh-Hant	zh-Hant	臃	"[""肉""]"	[]		"[""zh-Hant.frequency.4902"",""zh.radical.kangxi.130""]"	[]	[]	sources/characters.tsv	frequency-order position 4299; corpus frequency rank 4902; Ministry common-character number 3369	臃: frequency-order position 4299; corpus frequency rank 4902; 1 appearances (0.00008%); Unihan kRSUnicode 130.13; Kangxi radical 130 肉; Unihan kRSUnicode single radical assignment.	[]	"[""chinese"",""traditional"",""radicals"",""frequency"",""character-to-radical"",""one-way"",""part-22""]"
zh-traditional-radicals-frequency-xxii/4300/character-to-radical	XXII	vocabulary	4300	zh-Hant	zh-Hant	餞	"[""食""]"	[]		"[""zh-Hant.frequency.4904"",""zh.radical.kangxi.184""]"	[]	[]	sources/characters.tsv	frequency-order position 4300; corpus frequency rank 4904; Ministry common-character number 4603	餞: frequency-order position 4300; corpus frequency rank 4904; 1 appearances (0.00008%); Unihan kRSUnicode 184.8; Kangxi radical 184 食; Unihan kRSUnicode single radical assignment.	[]	"[""chinese"",""traditional"",""radicals"",""frequency"",""character-to-radical"",""one-way"",""part-22""]"
zh-traditional-radicals-frequency-xxii/4301/character-to-radical	XXII	vocabulary	4301	zh-Hant	zh-Hant	壟	"[""土""]"	[]		"[""zh-Hant.frequency.4906"",""zh.radical.kangxi.032""]"	[]	[]	sources/characters.tsv	frequency-order position 4301; corpus frequency rank 4906; Ministry common-character number 827	壟: frequency-order position 4301; corpus frequency rank 4906; 1 appearances (0.00008%); Unihan kRSUnicode 32.16; Kangxi radical 32 土; Unihan kRSUnicode single radical assignment.	[]	"[""chinese"",""traditional"",""radicals"",""frequency"",""character-to-radical"",""one-way"",""part-22""]"
zh-traditional-radicals-frequency-xxii/4302/character-to-radical	XXII	vocabulary	4302	zh-Hant	zh-Hant	齪	"[""齒""]"	[]		"[""zh-Hant.frequency.4908"",""zh.radical.kangxi.211""]"	[]	[]	sources/characters.tsv	frequency-order position 4302; corpus frequency rank 4908; Ministry common-character number 4803	齪: frequency-order position 4302; corpus frequency rank 4908; 1 appearances (0.00008%); Unihan kRSUnicode 211.7; Kangxi radical 211 齒; Unihan kRSUnicode single radical assignment.	[]	"[""chinese"",""traditional"",""radicals"",""frequency"",""character-to-radical"",""one-way"",""part-22""]"
zh-traditional-radicals-frequency-xxii/4303/character-to-radical	XXII	vocabulary	4303	zh-Hant	zh-Hant	鸞	"[""鳥""]"	[]		"[""zh-Hant.frequency.4915"",""zh.radical.kangxi.196""]"	[]	[]	sources/characters.tsv	frequency-order position 4303; corpus frequency rank 4915; Ministry common-character number 4748	鸞: frequency-order position 4303; corpus frequency rank 4915; 1 appearances (0.00008%); Unihan kRSUnicode 196.19; Kangxi radical 196 鳥; Unihan kRSUnicode single radical assignment.	[]	"[""chinese"",""traditional"",""radicals"",""frequency"",""character-to-radical"",""one-way"",""part-22""]"
zh-traditional-radicals-frequency-xxii/4304/character-to-radical	XXII	vocabulary	4304	zh-Hant	zh-Hant	鬃	"[""髟""]"	[]		"[""zh-Hant.frequency.4920"",""zh.radical.kangxi.190""]"	[]	[]	sources/characters.tsv	frequency-order position 4304; corpus frequency rank 4920; Ministry common-character number 4673	鬃: frequency-order position 4304; corpus frequency rank 4920; 1 appearances (0.00008%); Unihan kRSUnicode 190.8; Kangxi radical 190 髟; Unihan kRSUnicode single radical assignment.	[]	"[""chinese"",""traditional"",""radicals"",""frequency"",""character-to-radical"",""one-way"",""part-22""]"
zh-traditional-radicals-frequency-xxii/4305/character-to-radical	XXII	vocabulary	4305	zh-Hant	zh-Hant	覲	"[""見""]"	[]		"[""zh-Hant.frequency.4922"",""zh.radical.kangxi.147""]"	[]	[]	sources/characters.tsv	frequency-order position 4305; corpus frequency rank 4922; Ministry common-character number 3773	覲: frequency-order position 4305; corpus frequency rank 4922; 1 appearances (0.00008%); Unihan kRSUnicode 147.11; Kangxi radical 147 見; Unihan kRSUnicode single radical assignment.	[]	"[""chinese"",""traditional"",""radicals"",""frequency"",""character-to-radical"",""one-way"",""part-22""]"
zh-traditional-radicals-frequency-xxii/4306/character-to-radical	XXII	vocabulary	4306	zh-Hant	zh-Hant	纓	"[""糸""]"	[]		"[""zh-Hant.frequency.4924"",""zh.radical.kangxi.120""]"	[]	[]	sources/characters.tsv	frequency-order position 4306; corpus frequency rank 4924; Ministry common-character number 3192	纓: frequency-order position 4306; corpus frequency rank 4924; 1 appearances (0.00008%); Unihan kRSUnicode 120.17; Kangxi radical 120 糸; Unihan kRSUnicode single radical assignment.	[]	"[""chinese"",""traditional"",""radicals"",""frequency"",""character-to-radical"",""one-way"",""part-22""]"
zh-traditional-radicals-frequency-xxii/4307/character-to-radical	XXII	vocabulary	4307	zh-Hant	zh-Hant	摒	"[""手""]"	[]		"[""zh-Hant.frequency.4928"",""zh.radical.kangxi.064""]"	[]	[]	sources/characters.tsv	frequency-order position 4307; corpus frequency rank 4928; Ministry common-character number 1633	摒: frequency-order position 4307; corpus frequency rank 4928; 1 appearances (0.00008%); Unihan kRSUnicode 64.11; Kangxi radical 64 手; Unihan kRSUnicode single radical assignment.	[]	"[""chinese"",""traditional"",""radicals"",""frequency"",""character-to-radical"",""one-way"",""part-22""]"
zh-traditional-radicals-frequency-xxii/4308/character-to-radical	XXII	vocabulary	4308	zh-Hant	zh-Hant	酣	"[""酉""]"	[]		"[""zh-Hant.frequency.4930"",""zh.radical.kangxi.164""]"	[]	[]	sources/characters.tsv	frequency-order position 4308; corpus frequency rank 4930; Ministry common-character number 4232	酣: frequency-order position 4308; corpus frequency rank 4930; 1 appearances (0.00008%); Unihan kRSUnicode 164.5; Kangxi radical 164 酉; Unihan kRSUnicode single radical assignment.	[]	"[""chinese"",""traditional"",""radicals"",""frequency"",""character-to-radical"",""one-way"",""part-22""]"
zh-traditional-radicals-frequency-xxii/4309/character-to-radical	XXII	vocabulary	4309	zh-Hant	zh-Hant	跎	"[""足""]"	[]		"[""zh-Hant.frequency.4932"",""zh.radical.kangxi.157""]"	[]	[]	sources/characters.tsv	frequency-order position 4309; corpus frequency rank 4932; Ministry common-character number 4004	跎: frequency-order position 4309; corpus frequency rank 4932; 1 appearances (0.00008%); Unihan kRSUnicode 157.5; Kangxi radical 157 足; Unihan kRSUnicode single radical assignment.	[]	"[""chinese"",""traditional"",""radicals"",""frequency"",""character-to-radical"",""one-way"",""part-22""]"
zh-traditional-radicals-frequency-xxii/4310/character-to-radical	XXII	vocabulary	4310	zh-Hant	zh-Hant	蜃	"[""虫""]"	[]		"[""zh-Hant.frequency.4934"",""zh.radical.kangxi.142""]"	[]	[]	sources/characters.tsv	frequency-order position 4310; corpus frequency rank 4934; Ministry common-character number 3647	蜃: frequency-order position 4310; corpus frequency rank 4934; 1 appearances (0.00008%); Unihan kRSUnicode 142.7; Kangxi radical 142 虫; Unihan kRSUnicode single radical assignment.	[]	"[""chinese"",""traditional"",""radicals"",""frequency"",""character-to-radical"",""one-way"",""part-22""]"
zh-traditional-radicals-frequency-xxii/4311/character-to-radical	XXII	vocabulary	4311	zh-Hant	zh-Hant	幛	"[""巾""]"	[]		"[""zh-Hant.frequency.4936"",""zh.radical.kangxi.050""]"	[]	[]	sources/characters.tsv	frequency-order position 4311; corpus frequency rank 4936; Ministry common-character number 1183	幛: frequency-order position 4311; corpus frequency rank 4936; 1 appearances (0.00008%); Unihan kRSUnicode 50.11; Kangxi radical 50 巾; Unihan kRSUnicode single radical assignment.	[]	"[""chinese"",""traditional"",""radicals"",""frequency"",""character-to-radical"",""one-way"",""part-22""]"
zh-traditional-radicals-frequency-xxii/4312/character-to-radical	XXII	vocabulary	4312	zh-Hant	zh-Hant	嫗	"[""女""]"	[]		"[""zh-Hant.frequency.4938"",""zh.radical.kangxi.038""]"	[]	[]	sources/characters.tsv	frequency-order position 4312; corpus frequency rank 4938; Ministry common-character number 966	嫗: frequency-order position 4312; corpus frequency rank 4938; 1 appearances (0.00008%); Unihan kRSUnicode 38.11; Kangxi radical 38 女; Unihan kRSUnicode single radical assignment.	[]	"[""chinese"",""traditional"",""radicals"",""frequency"",""character-to-radical"",""one-way"",""part-22""]"
zh-traditional-radicals-frequency-xxii/4313/character-to-radical	XXII	vocabulary	4313	zh-Hant	zh-Hant	鉑	"[""金""]"	[]		"[""zh-Hant.frequency.4940"",""zh.radical.kangxi.167""]"	[]	[]	sources/characters.tsv	frequency-order position 4313; corpus frequency rank 4940; Ministry common-character number 4286	鉑: frequency-order position 4313; corpus frequency rank 4940; 1 appearances (0.00008%); Unihan kRSUnicode 167.5; Kangxi radical 167 金; Unihan kRSUnicode single radical assignment.	[]	"[""chinese"",""traditional"",""radicals"",""frequency"",""character-to-radical"",""one-way"",""part-22""]"
zh-traditional-radicals-frequency-xxii/4314/character-to-radical	XXII	vocabulary	4314	zh-Hant	zh-Hant	壅	"[""土""]"	[]		"[""zh-Hant.frequency.4944"",""zh.radical.kangxi.032""]"	[]	[]	sources/characters.tsv	frequency-order position 4314; corpus frequency rank 4944; Ministry common-character number 820	壅: frequency-order position 4314; corpus frequency rank 4944; 1 appearances (0.00008%); Unihan kRSUnicode 32.13; Kangxi radical 32 土; Unihan kRSUnicode single radical assignment.	[]	"[""chinese"",""traditional"",""radicals"",""frequency"",""character-to-radical"",""one-way"",""part-22""]"
zh-traditional-radicals-frequency-xxii/4315/character-to-radical	XXII	vocabulary	4315	zh-Hant	zh-Hant	銼	"[""金""]"	[]		"[""zh-Hant.frequency.4946"",""zh.radical.kangxi.167""]"	[]	[]	sources/characters.tsv	frequency-order position 4315; corpus frequency rank 4946; Ministry common-character number 4304	銼: frequency-order position 4315; corpus frequency rank 4946; 1 appearances (0.00008%); Unihan kRSUnicode 167.7; Kangxi radical 167 金; Unihan kRSUnicode single radical assignment.	[]	"[""chinese"",""traditional"",""radicals"",""frequency"",""character-to-radical"",""one-way"",""part-22""]"
zh-traditional-radicals-frequency-xxii/4316/character-to-radical	XXII	vocabulary	4316	zh-Hant	zh-Hant	踟	"[""足""]"	[]		"[""zh-Hant.frequency.4948"",""zh.radical.kangxi.157""]"	[]	[]	sources/characters.tsv	frequency-order position 4316; corpus frequency rank 4948; Ministry common-character number 4026	踟: frequency-order position 4316; corpus frequency rank 4948; 1 appearances (0.00008%); Unihan kRSUnicode 157.8; Kangxi radical 157 足; Unihan kRSUnicode single radical assignment.	[]	"[""chinese"",""traditional"",""radicals"",""frequency"",""character-to-radical"",""one-way"",""part-22""]"
zh-traditional-radicals-frequency-xxii/4317/character-to-radical	XXII	vocabulary	4317	zh-Hant	zh-Hant	誑	"[""言""]"	[]		"[""zh-Hant.frequency.4950"",""zh.radical.kangxi.149""]"	[]	[]	sources/characters.tsv	frequency-order position 4317; corpus frequency rank 4950; Ministry common-character number 3843	誑: frequency-order position 4317; corpus frequency rank 4950; 1 appearances (0.00008%); Unihan kRSUnicode 149.7; Kangxi radical 149 言; Unihan kRSUnicode single radical assignment.	[]	"[""chinese"",""traditional"",""radicals"",""frequency"",""character-to-radical"",""one-way"",""part-22""]"
zh-traditional-radicals-frequency-xxii/4318/character-to-radical	XXII	vocabulary	4318	zh-Hant	zh-Hant	攆	"[""手""]"	[]		"[""zh-Hant.frequency.4952"",""zh.radical.kangxi.064""]"	[]	[]	sources/characters.tsv	frequency-order position 4318; corpus frequency rank 4952; Ministry common-character number 1700	攆: frequency-order position 4318; corpus frequency rank 4952; 1 appearances (0.00008%); Unihan kRSUnicode 64.15; Kangxi radical 64 手; Unihan kRSUnicode single radical assignment.	[]	"[""chinese"",""traditional"",""radicals"",""frequency"",""character-to-radical"",""one-way"",""part-22""]"
zh-traditional-radicals-frequency-xxii/4319/character-to-radical	XXII	vocabulary	4319	zh-Hant	zh-Hant	錚	"[""金""]"	[]		"[""zh-Hant.frequency.4954"",""zh.radical.kangxi.167""]"	[]	[]	sources/characters.tsv	frequency-order position 4319; corpus frequency rank 4954; Ministry common-character number 4315	錚: frequency-order position 4319; corpus frequency rank 4954; 1 appearances (0.00008%); Unihan kRSUnicode 167.8; Kangxi radical 167 金; Unihan kRSUnicode single radical assignment.	[]	"[""chinese"",""traditional"",""radicals"",""frequency"",""character-to-radical"",""one-way"",""part-22""]"
zh-traditional-radicals-frequency-xxii/4320/character-to-radical	XXII	vocabulary	4320	zh-Hant	zh-Hant	鴒	"[""鳥""]"	[]		"[""zh-Hant.frequency.4956"",""zh.radical.kangxi.196""]"	[]	[]	sources/characters.tsv	frequency-order position 4320; corpus frequency rank 4956; Ministry common-character number 4727	鴒: frequency-order position 4320; corpus frequency rank 4956; 1 appearances (0.00008%); Unihan kRSUnicode 196.5; Kangxi radical 196 鳥; Unihan kRSUnicode single radical assignment.	[]	"[""chinese"",""traditional"",""radicals"",""frequency"",""character-to-radical"",""one-way"",""part-22""]"
zh-traditional-radicals-frequency-xxii/4321/character-to-radical	XXII	vocabulary	4321	zh-Hant	zh-Hant	瞽	"[""目""]"	[]		"[""zh-Hant.frequency.4960"",""zh.radical.kangxi.109""]"	[]	[]	sources/characters.tsv	frequency-order position 4321; corpus frequency rank 4960; Ministry common-character number 2807	瞽: frequency-order position 4321; corpus frequency rank 4960; 1 appearances (0.00008%); Unihan kRSUnicode 109.13; Kangxi radical 109 目; Unihan kRSUnicode single radical assignment.	[]	"[""chinese"",""traditional"",""radicals"",""frequency"",""character-to-radical"",""one-way"",""part-22""]"
zh-traditional-radicals-frequency-xxii/4322/character-to-radical	XXII	vocabulary	4322	zh-Hant	zh-Hant	贍	"[""貝""]"	[]		"[""zh-Hant.frequency.4964"",""zh.radical.kangxi.154""]"	[]	[]	sources/characters.tsv	frequency-order position 4322; corpus frequency rank 4964; Ministry common-character number 3979	贍: frequency-order position 4322; corpus frequency rank 4964; 1 appearances (0.00008%); Unihan kRSUnicode 154.13; Kangxi radical 154 貝; Unihan kRSUnicode single radical assignment.	[]	"[""chinese"",""traditional"",""radicals"",""frequency"",""character-to-radical"",""one-way"",""part-22""]"
zh-traditional-radicals-frequency-xxii/4323/character-to-radical	XXII	vocabulary	4323	zh-Hant	zh-Hant	囌	"[""口""]"	[]		"[""zh-Hant.frequency.4966"",""zh.radical.kangxi.030""]"	[]	[]	sources/characters.tsv	frequency-order position 4323; corpus frequency rank 4966; Ministry common-character number 722	囌: frequency-order position 4323; corpus frequency rank 4966; 1 appearances (0.00008%); Unihan kRSUnicode 30.20; Kangxi radical 30 口; Unihan kRSUnicode single radical assignment.	[]	"[""chinese"",""traditional"",""radicals"",""frequency"",""character-to-radical"",""one-way"",""part-22""]"
zh-traditional-radicals-frequency-xxii/4324/character-to-radical	XXII	vocabulary	4324	zh-Hant	zh-Hant	鏃	"[""金""]"	[]		"[""zh-Hant.frequency.4968"",""zh.radical.kangxi.167""]"	[]	[]	sources/characters.tsv	frequency-order position 4324; corpus frequency rank 4968; Ministry common-character number 4339	鏃: frequency-order position 4324; corpus frequency rank 4968; 1 appearances (0.00008%); Unihan kRSUnicode 167.11; Kangxi radical 167 金; Unihan kRSUnicode single radical assignment.	[]	"[""chinese"",""traditional"",""radicals"",""frequency"",""character-to-radical"",""one-way"",""part-22""]"
zh-traditional-radicals-frequency-xxii/4325/character-to-radical	XXII	vocabulary	4325	zh-Hant	zh-Hant	孽	"[""子""]"	[]		"[""zh-Hant.frequency.4970"",""zh.radical.kangxi.039""]"	[]	[]	sources/characters.tsv	frequency-order position 4325; corpus frequency rank 4970; Ministry common-character number 1003	孽: frequency-order position 4325; corpus frequency rank 4970; 1 appearances (0.00008%); Unihan kRSUnicode 39.17; Kangxi radical 39 子; Unihan kRSUnicode single radical assignment.	[]	"[""chinese"",""traditional"",""radicals"",""frequency"",""character-to-radical"",""one-way"",""part-22""]"
zh-traditional-radicals-frequency-xxii/4326/character-to-radical	XXII	vocabulary	4326	zh-Hant	zh-Hant	繕	"[""糸""]"	[]		"[""zh-Hant.frequency.4972"",""zh.radical.kangxi.120""]"	[]	[]	sources/characters.tsv	frequency-order position 4326; corpus frequency rank 4972; Ministry common-character number 3177	繕: frequency-order position 4326; corpus frequency rank 4972; 1 appearances (0.00008%); Unihan kRSUnicode 120.12; Kangxi radical 120 糸; Unihan kRSUnicode single radical assignment.	[]	"[""chinese"",""traditional"",""radicals"",""frequency"",""character-to-radical"",""one-way"",""part-22""]"
zh-traditional-radicals-frequency-xxii/4327/character-to-radical	XXII	vocabulary	4327	zh-Hant	zh-Hant	箋	"[""竹""]"	[]		"[""zh-Hant.frequency.4978"",""zh.radical.kangxi.118""]"	[]	[]	sources/characters.tsv	frequency-order position 4327; corpus frequency rank 4978; Ministry common-character number 3011	箋: frequency-order position 4327; corpus frequency rank 4978; 1 appearances (0.00008%); Unihan kRSUnicode 118.8; Kangxi radical 118 竹; Unihan kRSUnicode single radical assignment.	[]	"[""chinese"",""traditional"",""radicals"",""frequency"",""character-to-radical"",""one-way"",""part-22""]"
zh-traditional-radicals-frequency-xxii/4328/character-to-radical	XXII	vocabulary	4328	zh-Hant	zh-Hant	睨	"[""目""]"	[]		"[""zh-Hant.frequency.4980"",""zh.radical.kangxi.109""]"	[]	[]	sources/characters.tsv	frequency-order position 4328; corpus frequency rank 4980; Ministry common-character number 2788	睨: frequency-order position 4328; corpus frequency rank 4980; 1 appearances (0.00008%); Unihan kRSUnicode 109.8; Kangxi radical 109 目; Unihan kRSUnicode single radical assignment.	[]	"[""chinese"",""traditional"",""radicals"",""frequency"",""character-to-radical"",""one-way"",""part-22""]"
zh-traditional-radicals-frequency-xxii/4329/character-to-radical	XXII	vocabulary	4329	zh-Hant	zh-Hant	賃	"[""貝""]"	[]		"[""zh-Hant.frequency.4982"",""zh.radical.kangxi.154""]"	[]	[]	sources/characters.tsv	frequency-order position 4329; corpus frequency rank 4982; Ministry common-character number 3955	賃: frequency-order position 4329; corpus frequency rank 4982; 1 appearances (0.00008%); Unihan kRSUnicode 154.6; Kangxi radical 154 貝; Unihan kRSUnicode single radical assignment.	[]	"[""chinese"",""traditional"",""radicals"",""frequency"",""character-to-radical"",""one-way"",""part-22""]"
zh-traditional-radicals-frequency-xxii/4330/character-to-radical	XXII	vocabulary	4330	zh-Hant	zh-Hant	鉻	"[""金""]"	[]		"[""zh-Hant.frequency.4984"",""zh.radical.kangxi.167""]"	[]	[]	sources/characters.tsv	frequency-order position 4330; corpus frequency rank 4984; Ministry common-character number 4294	鉻: frequency-order position 4330; corpus frequency rank 4984; 1 appearances (0.00008%); Unihan kRSUnicode 167.6; Kangxi radical 167 金; Unihan kRSUnicode single radical assignment.	[]	"[""chinese"",""traditional"",""radicals"",""frequency"",""character-to-radical"",""one-way"",""part-22""]"
zh-traditional-radicals-frequency-xxii/4331/character-to-radical	XXII	vocabulary	4331	zh-Hant	zh-Hant	癆	"[""疒""]"	[]		"[""zh-Hant.frequency.4986"",""zh.radical.kangxi.104""]"	[]	[]	sources/characters.tsv	frequency-order position 4331; corpus frequency rank 4986; Ministry common-character number 2705	癆: frequency-order position 4331; corpus frequency rank 4986; 1 appearances (0.00008%); Unihan kRSUnicode 104.12; Kangxi radical 104 疒; Unihan kRSUnicode single radical assignment.	[]	"[""chinese"",""traditional"",""radicals"",""frequency"",""character-to-radical"",""one-way"",""part-22""]"
zh-traditional-radicals-frequency-xxii/4332/character-to-radical	XXII	vocabulary	4332	zh-Hant	zh-Hant	縑	"[""糸""]"	[]		"[""zh-Hant.frequency.4988"",""zh.radical.kangxi.120""]"	[]	[]	sources/characters.tsv	frequency-order position 4332; corpus frequency rank 4988; Ministry common-character number 3161	縑: frequency-order position 4332; corpus frequency rank 4988; 1 appearances (0.00008%); Unihan kRSUnicode 120.10; Kangxi radical 120 糸; Unihan kRSUnicode single radical assignment.	[]	"[""chinese"",""traditional"",""radicals"",""frequency"",""character-to-radical"",""one-way"",""part-22""]"
zh-traditional-radicals-frequency-xxii/4333/character-to-radical	XXII	vocabulary	4333	zh-Hant	zh-Hant	覬	"[""見""]"	[]		"[""zh-Hant.frequency.4990"",""zh.radical.kangxi.147""]"	[]	[]	sources/characters.tsv	frequency-order position 4333; corpus frequency rank 4990; Ministry common-character number 3772	覬: frequency-order position 4333; corpus frequency rank 4990; 1 appearances (0.00008%); Unihan kRSUnicode 147.10; Kangxi radical 147 見; Unihan kRSUnicode single radical assignment.	[]	"[""chinese"",""traditional"",""radicals"",""frequency"",""character-to-radical"",""one-way"",""part-22""]"
zh-traditional-radicals-frequency-xxii/4334/character-to-radical	XXII	vocabulary	4334	zh-Hant	zh-Hant	獺	"[""犬""]"	[]		"[""zh-Hant.frequency.4992"",""zh.radical.kangxi.094""]"	[]	[]	sources/characters.tsv	frequency-order position 4334; corpus frequency rank 4992; Ministry common-character number 2547	獺: frequency-order position 4334; corpus frequency rank 4992; 1 appearances (0.00008%); Unihan kRSUnicode 94.16; Kangxi radical 94 犬; Unihan kRSUnicode single radical assignment.	[]	"[""chinese"",""traditional"",""radicals"",""frequency"",""character-to-radical"",""one-way"",""part-22""]"
zh-traditional-radicals-frequency-xxii/4335/character-to-radical	XXII	vocabulary	4335	zh-Hant	zh-Hant	霪	"[""雨""]"	[]		"[""zh-Hant.frequency.4994"",""zh.radical.kangxi.173""]"	[]	[]	sources/characters.tsv	frequency-order position 4335; corpus frequency rank 4994; Ministry common-character number 4489	霪: frequency-order position 4335; corpus frequency rank 4994; 1 appearances (0.00008%); Unihan kRSUnicode 173.11; Kangxi radical 173 雨; Unihan kRSUnicode single radical assignment.	[]	"[""chinese"",""traditional"",""radicals"",""frequency"",""character-to-radical"",""one-way"",""part-22""]"
zh-traditional-radicals-frequency-xxii/4336/character-to-radical	XXII	vocabulary	4336	zh-Hant	zh-Hant	齷	"[""齒""]"	[]		"[""zh-Hant.frequency.4996"",""zh.radical.kangxi.211""]"	[]	[]	sources/characters.tsv	frequency-order position 4336; corpus frequency rank 4996; Ministry common-character number 4804	齷: frequency-order position 4336; corpus frequency rank 4996; 1 appearances (0.00008%); Unihan kRSUnicode 211.9; Kangxi radical 211 齒; Unihan kRSUnicode single radical assignment.	[]	"[""chinese"",""traditional"",""radicals"",""frequency"",""character-to-radical"",""one-way"",""part-22""]"
zh-traditional-radicals-frequency-xxii/4337/character-to-radical	XXII	vocabulary	4337	zh-Hant	zh-Hant	榷	"[""木""]"	[]		"[""zh-Hant.frequency.5000"",""zh.radical.kangxi.075""]"	[]	[]	sources/characters.tsv	frequency-order position 4337; corpus frequency rank 5000; Ministry common-character number 1997	榷: frequency-order position 4337; corpus frequency rank 5000; 1 appearances (0.00008%); Unihan kRSUnicode 75.10; Kangxi radical 75 木; Unihan kRSUnicode single radical assignment.	[]	"[""chinese"",""traditional"",""radicals"",""frequency"",""character-to-radical"",""one-way"",""part-22""]"
zh-traditional-radicals-frequency-xxii/4338/character-to-radical	XXII	vocabulary	4338	zh-Hant	zh-Hant	糠	"[""米""]"	[]		"[""zh-Hant.frequency.5004"",""zh.radical.kangxi.119""]"	[]	[]	sources/characters.tsv	frequency-order position 4338; corpus frequency rank 5004; Ministry common-character number 3071	糠: frequency-order position 4338; corpus frequency rank 5004; 1 appearances (0.00008%); Unihan kRSUnicode 119.11; Kangxi radical 119 米; Unihan kRSUnicode single radical assignment.	[]	"[""chinese"",""traditional"",""radicals"",""frequency"",""character-to-radical"",""one-way"",""part-22""]"
zh-traditional-radicals-frequency-xxii/4339/character-to-radical	XXII	vocabulary	4339	zh-Hant	zh-Hant	鷂	"[""鳥""]"	[]		"[""zh-Hant.frequency.5008"",""zh.radical.kangxi.196""]"	[]	[]	sources/characters.tsv	frequency-order position 4339; corpus frequency rank 5008; Ministry common-character number 4741	鷂: frequency-order position 4339; corpus frequency rank 5008; 1 appearances (0.00008%); Unihan kRSUnicode 196.10; Kangxi radical 196 鳥; Unihan kRSUnicode single radical assignment.	[]	"[""chinese"",""traditional"",""radicals"",""frequency"",""character-to-radical"",""one-way"",""part-22""]"
zh-traditional-radicals-frequency-xxii/4340/character-to-radical	XXII	vocabulary	4340	zh-Hant	zh-Hant	蘚	"[""艸""]"	[]		"[""zh-Hant.frequency.5013"",""zh.radical.kangxi.140""]"	[]	[]	sources/characters.tsv	frequency-order position 4340; corpus frequency rank 5013; Ministry common-character number 3601	蘚: frequency-order position 4340; corpus frequency rank 5013; 1 appearances (0.00008%); Unihan kRSUnicode 140.17; Kangxi radical 140 艸; Unihan kRSUnicode single radical assignment.	[]	"[""chinese"",""traditional"",""radicals"",""frequency"",""character-to-radical"",""one-way"",""part-22""]"
zh-traditional-radicals-frequency-xxii/4341/character-to-radical	XXII	vocabulary	4341	zh-Hant	zh-Hant	餾	"[""食""]"	[]		"[""zh-Hant.frequency.5014"",""zh.radical.kangxi.184""]"	[]	[]	sources/characters.tsv	frequency-order position 4341; corpus frequency rank 5014; Ministry common-character number 4607	餾: frequency-order position 4341; corpus frequency rank 5014; 1 appearances (0.00008%); Unihan kRSUnicode 184.10; Kangxi radical 184 食; Unihan kRSUnicode single radical assignment.	[]	"[""chinese"",""traditional"",""radicals"",""frequency"",""character-to-radical"",""one-way"",""part-22""]"
zh-traditional-radicals-frequency-xxii/4342/character-to-radical	XXII	vocabulary	4342	zh-Hant	zh-Hant	摑	"[""手""]"	[]		"[""zh-Hant.frequency.5015"",""zh.radical.kangxi.064""]"	[]	[]	sources/characters.tsv	frequency-order position 4342; corpus frequency rank 5015; Ministry common-character number 1656	摑: frequency-order position 4342; corpus frequency rank 5015; 1 appearances (0.00008%); Unihan kRSUnicode 64.11; Kangxi radical 64 手; Unihan kRSUnicode single radical assignment.	[]	"[""chinese"",""traditional"",""radicals"",""frequency"",""character-to-radical"",""one-way"",""part-22""]"
zh-traditional-radicals-frequency-xxii/4343/character-to-radical	XXII	vocabulary	4343	zh-Hant	zh-Hant	臆	"[""肉""]"	[]		"[""zh-Hant.frequency.5016"",""zh.radical.kangxi.130""]"	[]	[]	sources/characters.tsv	frequency-order position 4343; corpus frequency rank 5016; Ministry common-character number 3368	臆: frequency-order position 4343; corpus frequency rank 5016; 1 appearances (0.00008%); Unihan kRSUnicode 130.13; Kangxi radical 130 肉; Unihan kRSUnicode single radical assignment.	[]	"[""chinese"",""traditional"",""radicals"",""frequency"",""character-to-radical"",""one-way"",""part-22""]"
zh-traditional-radicals-frequency-xxii/4344/character-to-radical	XXII	vocabulary	4344	zh-Hant	zh-Hant	仄	"[""人""]"	[]		"[""zh-Hant.common.0077"",""zh.radical.kangxi.009""]"	[]	[]	sources/characters.tsv	frequency-order position 4344; Ministry common-character number 77	仄: frequency-order position 4344; absent from frequency corpus; appended in Ministry common-character-list order; Unihan kRSUnicode 9.2; Kangxi radical 9 人; Unihan kRSUnicode single radical assignment.	[]	"[""chinese"",""traditional"",""radicals"",""frequency"",""character-to-radical"",""one-way"",""part-22""]"
zh-traditional-radicals-frequency-xxii/4345/character-to-radical	XXII	vocabulary	4345	zh-Hant	zh-Hant	仞	"[""人""]"	[]		"[""zh-Hant.common.0087"",""zh.radical.kangxi.009""]"	[]	[]	sources/characters.tsv	frequency-order position 4345; Ministry common-character number 87	仞: frequency-order position 4345; absent from frequency corpus; appended in Ministry common-character-list order; Unihan kRSUnicode 9.3; Kangxi radical 9 人; Unihan kRSUnicode single radical assignment.	[]	"[""chinese"",""traditional"",""radicals"",""frequency"",""character-to-radical"",""one-way"",""part-22""]"
zh-traditional-radicals-frequency-xxii/4346/character-to-radical	XXII	vocabulary	4346	zh-Hant	zh-Hant	伉	"[""人""]"	[]		"[""zh-Hant.common.0089"",""zh.radical.kangxi.009""]"	[]	[]	sources/characters.tsv	frequency-order position 4346; Ministry common-character number 89	伉: frequency-order position 4346; absent from frequency corpus; appended in Ministry common-character-list order; Unihan kRSUnicode 9.4; Kangxi radical 9 人; Unihan kRSUnicode single radical assignment.	[]	"[""chinese"",""traditional"",""radicals"",""frequency"",""character-to-radical"",""one-way"",""part-22""]"
zh-traditional-radicals-frequency-xxii/4347/character-to-radical	XXII	vocabulary	4347	zh-Hant	zh-Hant	仳	"[""人""]"	[]		"[""zh-Hant.common.0101"",""zh.radical.kangxi.009""]"	[]	[]	sources/characters.tsv	frequency-order position 4347; Ministry common-character number 101	仳: frequency-order position 4347; absent from frequency corpus; appended in Ministry common-character-list order; Unihan kRSUnicode 9.4; Kangxi radical 9 人; Unihan kRSUnicode single radical assignment.	[]	"[""chinese"",""traditional"",""radicals"",""frequency"",""character-to-radical"",""one-way"",""part-22""]"
zh-traditional-radicals-frequency-xxii/4348/character-to-radical	XXII	vocabulary	4348	zh-Hant	zh-Hant	佞	"[""人""]"	[]		"[""zh-Hant.common.0108"",""zh.radical.kangxi.009""]"	[]	[]	sources/characters.tsv	frequency-order position 4348; Ministry common-character number 108	佞: frequency-order position 4348; absent from frequency corpus; appended in Ministry common-character-list order; Unihan kRSUnicode 9.5; Kangxi radical 9 人; Unihan kRSUnicode single radical assignment.	[]	"[""chinese"",""traditional"",""radicals"",""frequency"",""character-to-radical"",""one-way"",""part-22""]"
zh-traditional-radicals-frequency-xxii/4349/character-to-radical	XXII	vocabulary	4349	zh-Hant	zh-Hant	佝	"[""人""]"	[]		"[""zh-Hant.common.0129"",""zh.radical.kangxi.009""]"	[]	[]	sources/characters.tsv	frequency-order position 4349; Ministry common-character number 129	佝: frequency-order position 4349; absent from frequency corpus; appended in Ministry common-character-list order; Unihan kRSUnicode 9.5; Kangxi radical 9 人; Unihan kRSUnicode single radical assignment.	[]	"[""chinese"",""traditional"",""radicals"",""frequency"",""character-to-radical"",""one-way"",""part-22""]"
zh-traditional-radicals-frequency-xxii/4350/character-to-radical	XXII	vocabulary	4350	zh-Hant	zh-Hant	佾	"[""人""]"	[]		"[""zh-Hant.common.0146"",""zh.radical.kangxi.009""]"	[]	[]	sources/characters.tsv	frequency-order position 4350; Ministry common-character number 146	佾: frequency-order position 4350; absent from frequency corpus; appended in Ministry common-character-list order; Unihan kRSUnicode 9.6; Kangxi radical 9 人; Unihan kRSUnicode single radical assignment.	[]	"[""chinese"",""traditional"",""radicals"",""frequency"",""character-to-radical"",""one-way"",""part-22""]"
zh-traditional-radicals-frequency-xxii/4351/character-to-radical	XXII	vocabulary	4351	zh-Hant	zh-Hant	俟	"[""人""]"	[]		"[""zh-Hant.common.0159"",""zh.radical.kangxi.009""]"	[]	[]	sources/characters.tsv	frequency-order position 4351; Ministry common-character number 159	俟: frequency-order position 4351; absent from frequency corpus; appended in Ministry common-character-list order; Unihan kRSUnicode 9.7; Kangxi radical 9 人; Unihan kRSUnicode single radical assignment.	[]	"[""chinese"",""traditional"",""radicals"",""frequency"",""character-to-radical"",""one-way"",""part-22""]"
zh-traditional-radicals-frequency-xxii/4352/character-to-radical	XXII	vocabulary	4352	zh-Hant	zh-Hant	俚	"[""人""]"	[]		"[""zh-Hant.common.0166"",""zh.radical.kangxi.009""]"	[]	[]	sources/characters.tsv	frequency-order position 4352; Ministry common-character number 166	俚: frequency-order position 4352; absent from frequency corpus; appended in Ministry common-character-list order; Unihan kRSUnicode 9.7; Kangxi radical 9 人; Unihan kRSUnicode single radical assignment.	[]	"[""chinese"",""traditional"",""radicals"",""frequency"",""character-to-radical"",""one-way"",""part-22""]"
zh-traditional-radicals-frequency-xxii/4353/character-to-radical	XXII	vocabulary	4353	zh-Hant	zh-Hant	俎	"[""人""]"	[]		"[""zh-Hant.common.0167"",""zh.radical.kangxi.009""]"	[]	[]	sources/characters.tsv	frequency-order position 4353; Ministry common-character number 167	俎: frequency-order position 4353; absent from frequency corpus; appended in Ministry common-character-list order; Unihan kRSUnicode 9.7; Kangxi radical 9 人; Unihan kRSUnicode single radical assignment.	[]	"[""chinese"",""traditional"",""radicals"",""frequency"",""character-to-radical"",""one-way"",""part-22""]"
zh-traditional-radicals-frequency-xxii/4354/character-to-radical	XXII	vocabulary	4354	zh-Hant	zh-Hant	倥	"[""人""]"	[]		"[""zh-Hant.common.0174"",""zh.radical.kangxi.009""]"	[]	[]	sources/characters.tsv	frequency-order position 4354; Ministry common-character number 174	倥: frequency-order position 4354; absent from frequency corpus; appended in Ministry common-character-list order; Unihan kRSUnicode 9.8; Kangxi radical 9 人; Unihan kRSUnicode single radical assignment.	[]	"[""chinese"",""traditional"",""radicals"",""frequency"",""character-to-radical"",""one-way"",""part-22""]"
zh-traditional-radicals-frequency-xxii/4355/character-to-radical	XXII	vocabulary	4355	zh-Hant	zh-Hant	倀	"[""人""]"	[]		"[""zh-Hant.common.0185"",""zh.radical.kangxi.009""]"	[]	[]	sources/characters.tsv	frequency-order position 4355; Ministry common-character number 185	倀: frequency-order position 4355; absent from frequency corpus; appended in Ministry common-character-list order; Unihan kRSUnicode 9.8; Kangxi radical 9 人; Unihan kRSUnicode single radical assignment.	[]	"[""chinese"",""traditional"",""radicals"",""frequency"",""character-to-radical"",""one-way"",""part-22""]"
zh-traditional-radicals-frequency-xxii/4356/character-to-radical	XXII	vocabulary	4356	zh-Hant	zh-Hant	俳	"[""人""]"	[]		"[""zh-Hant.common.0193"",""zh.radical.kangxi.009""]"	[]	[]	sources/characters.tsv	frequency-order position 4356; Ministry common-character number 193	俳: frequency-order position 4356; absent from frequency corpus; appended in Ministry common-character-list order; Unihan kRSUnicode 9.8; Kangxi radical 9 人; Unihan kRSUnicode single radical assignment.	[]	"[""chinese"",""traditional"",""radicals"",""frequency"",""character-to-radical"",""one-way"",""part-22""]"
zh-traditional-radicals-frequency-xxii/4357/character-to-radical	XXII	vocabulary	4357	zh-Hant	zh-Hant	偺	"[""人""]"	[]		"[""zh-Hant.common.0200"",""zh.radical.kangxi.009""]"	[]	[]	sources/characters.tsv	frequency-order position 4357; Ministry common-character number 200	偺: frequency-order position 4357; absent from frequency corpus; appended in Ministry common-character-list order; Unihan kRSUnicode 9.9; Kangxi radical 9 人; Unihan kRSUnicode single radical assignment.	[]	"[""chinese"",""traditional"",""radicals"",""frequency"",""character-to-radical"",""one-way"",""part-22""]"
zh-traditional-radicals-frequency-xxii/4358/character-to-radical	XXII	vocabulary	4358	zh-Hant	zh-Hant	傖	"[""人""]"	[]		"[""zh-Hant.common.0223"",""zh.radical.kangxi.009""]"	[]	[]	sources/characters.tsv	frequency-order position 4358; Ministry common-character number 223	傖: frequency-order position 4358; absent from frequency corpus; appended in Ministry common-character-list order; Unihan kRSUnicode 9.10; Kangxi radical 9 人; Unihan kRSUnicode single radical assignment.	[]	"[""chinese"",""traditional"",""radicals"",""frequency"",""character-to-radical"",""one-way"",""part-22""]"
zh-traditional-radicals-frequency-xxii/4359/character-to-radical	XXII	vocabulary	4359	zh-Hant	zh-Hant	傯	"[""人""]"	[]		"[""zh-Hant.common.0234"",""zh.radical.kangxi.009""]"	[]	[]	sources/characters.tsv	frequency-order position 4359; Ministry common-character number 234	傯: frequency-order position 4359; absent from frequency corpus; appended in Ministry common-character-list order; Unihan kRSUnicode 9.11; Kangxi radical 9 人; Unihan kRSUnicode single radical assignment.	[]	"[""chinese"",""traditional"",""radicals"",""frequency"",""character-to-radical"",""one-way"",""part-22""]"
zh-traditional-radicals-frequency-xxii/4360/character-to-radical	XXII	vocabulary	4360	zh-Hant	zh-Hant	僭	"[""人""]"	[]		"[""zh-Hant.common.0239"",""zh.radical.kangxi.009""]"	[]	[]	sources/characters.tsv	frequency-order position 4360; Ministry common-character number 239	僭: frequency-order position 4360; absent from frequency corpus; appended in Ministry common-character-list order; Unihan kRSUnicode 9.12; Kangxi radical 9 人; Unihan kRSUnicode single radical assignment.	[]	"[""chinese"",""traditional"",""radicals"",""frequency"",""character-to-radical"",""one-way"",""part-22""]"
zh-traditional-radicals-frequency-xxii/4361/character-to-radical	XXII	vocabulary	4361	zh-Hant	zh-Hant	儈	"[""人""]"	[]		"[""zh-Hant.common.0251"",""zh.radical.kangxi.009""]"	[]	[]	sources/characters.tsv	frequency-order position 4361; Ministry common-character number 251	儈: frequency-order position 4361; absent from frequency corpus; appended in Ministry common-character-list order; Unihan kRSUnicode 9.13; Kangxi radical 9 人; Unihan kRSUnicode single radical assignment.	[]	"[""chinese"",""traditional"",""radicals"",""frequency"",""character-to-radical"",""one-way"",""part-22""]"
zh-traditional-radicals-frequency-xxii/4362/character-to-radical	XXII	vocabulary	4362	zh-Hant	zh-Hant	儔	"[""人""]"	[]		"[""zh-Hant.common.0255"",""zh.radical.kangxi.009""]"	[]	[]	sources/characters.tsv	frequency-order position 4362; Ministry common-character number 255	儔: frequency-order position 4362; absent from frequency corpus; appended in Ministry common-character-list order; Unihan kRSUnicode 9.14; Kangxi radical 9 人; Unihan kRSUnicode single radical assignment.	[]	"[""chinese"",""traditional"",""radicals"",""frequency"",""character-to-radical"",""one-way"",""part-22""]"
zh-traditional-radicals-frequency-xxii/4363/character-to-radical	XXII	vocabulary	4363	zh-Hant	zh-Hant	儐	"[""人""]"	[]		"[""zh-Hant.common.0256"",""zh.radical.kangxi.009""]"	[]	[]	sources/characters.tsv	frequency-order position 4363; Ministry common-character number 256	儐: frequency-order position 4363; absent from frequency corpus; appended in Ministry common-character-list order; Unihan kRSUnicode 9.14; Kangxi radical 9 人; Unihan kRSUnicode single radical assignment.	[]	"[""chinese"",""traditional"",""radicals"",""frequency"",""character-to-radical"",""one-way"",""part-22""]"
zh-traditional-radicals-frequency-xxii/4364/character-to-radical	XXII	vocabulary	4364	zh-Hant	zh-Hant	儷	"[""人""]"	[]		"[""zh-Hant.common.0261"",""zh.radical.kangxi.009""]"	[]	[]	sources/characters.tsv	frequency-order position 4364; Ministry common-character number 261	儷: frequency-order position 4364; absent from frequency corpus; appended in Ministry common-character-list order; Unihan kRSUnicode 9.19; Kangxi radical 9 人; Unihan kRSUnicode single radical assignment.	[]	"[""chinese"",""traditional"",""radicals"",""frequency"",""character-to-radical"",""one-way"",""part-22""]"
zh-traditional-radicals-frequency-xxii/4365/character-to-radical	XXII	vocabulary	4365	zh-Hant	zh-Hant	兕	"[""儿""]"	[]		"[""zh-Hant.common.0274"",""zh.radical.kangxi.010""]"	[]	[]	sources/characters.tsv	frequency-order position 4365; Ministry common-character number 274	兕: frequency-order position 4365; absent from frequency corpus; appended in Ministry common-character-list order; Unihan kRSUnicode 10.6; Kangxi radical 10 儿; Unihan kRSUnicode single radical assignment.	[]	"[""chinese"",""traditional"",""radicals"",""frequency"",""character-to-radical"",""one-way"",""part-22""]"
zh-traditional-radicals-frequency-xxii/4366/character-to-radical	XXII	vocabulary	4366	zh-Hant	zh-Hant	冗	"[""冖""]"	[]		"[""zh-Hant.common.0303"",""zh.radical.kangxi.014""]"	[]	[]	sources/characters.tsv	frequency-order position 4366; Ministry common-character number 303	冗: frequency-order position 4366; absent from frequency corpus; appended in Ministry common-character-list order; Unihan kRSUnicode 14.2; Kangxi radical 14 冖; Unihan kRSUnicode single radical assignment.	[]	"[""chinese"",""traditional"",""radicals"",""frequency"",""character-to-radical"",""one-way"",""part-22""]"
zh-traditional-radicals-frequency-xxii/4367/character-to-radical	XXII	vocabulary	4367	zh-Hant	zh-Hant	刈	"[""刀""]"	[]		"[""zh-Hant.common.0333"",""zh.radical.kangxi.018""]"	[]	[]	sources/characters.tsv	frequency-order position 4367; Ministry common-character number 333	刈: frequency-order position 4367; absent from frequency corpus; appended in Ministry common-character-list order; Unihan kRSUnicode 18.2; Kangxi radical 18 刀; Unihan kRSUnicode single radical assignment.	[]	"[""chinese"",""traditional"",""radicals"",""frequency"",""character-to-radical"",""one-way"",""part-22""]"
zh-traditional-radicals-frequency-xxii/4368/character-to-radical	XXII	vocabulary	4368	zh-Hant	zh-Hant	剜	"[""刀""]"	[]		"[""zh-Hant.common.0360"",""zh.radical.kangxi.018""]"	[]	[]	sources/characters.tsv	frequency-order position 4368; Ministry common-character number 360	剜: frequency-order position 4368; absent from frequency corpus; appended in Ministry common-character-list order; Unihan kRSUnicode 18.8; Kangxi radical 18 刀; Unihan kRSUnicode single radical assignment.	[]	"[""chinese"",""traditional"",""radicals"",""frequency"",""character-to-radical"",""one-way"",""part-22""]"
zh-traditional-radicals-frequency-xxii/4369/character-to-radical	XXII	vocabulary	4369	zh-Hant	zh-Hant	剴	"[""刀""]"	[]		"[""zh-Hant.common.0367"",""zh.radical.kangxi.018""]"	[]	[]	sources/characters.tsv	frequency-order position 4369; Ministry common-character number 367	剴: frequency-order position 4369; absent from frequency corpus; appended in Ministry common-character-list order; Unihan kRSUnicode 18.10; Kangxi radical 18 刀; Unihan kRSUnicode single radical assignment.	[]	"[""chinese"",""traditional"",""radicals"",""frequency"",""character-to-radical"",""one-way"",""part-22""]"
zh-traditional-radicals-frequency-xxii/4370/character-to-radical	XXII	vocabulary	4370	zh-Hant	zh-Hant	剿	"[""刀""]"	[]		"[""zh-Hant.common.0370"",""zh.radical.kangxi.018""]"	[]	[]	sources/characters.tsv	frequency-order position 4370; Ministry common-character number 370	剿: frequency-order position 4370; absent from frequency corpus; appended in Ministry common-character-list order; Unihan kRSUnicode 18.11; Kangxi radical 18 刀; Unihan kRSUnicode single radical assignment.	[]	"[""chinese"",""traditional"",""radicals"",""frequency"",""character-to-radical"",""one-way"",""part-22""]"
zh-traditional-radicals-frequency-xxii/4371/character-to-radical	XXII	vocabulary	4371	zh-Hant	zh-Hant	剽	"[""刀""]"	[]		"[""zh-Hant.common.0372"",""zh.radical.kangxi.018""]"	[]	[]	sources/characters.tsv	frequency-order position 4371; Ministry common-character number 372	剽: frequency-order position 4371; absent from frequency corpus; appended in Ministry common-character-list order; Unihan kRSUnicode 18.11; Kangxi radical 18 刀; Unihan kRSUnicode single radical assignment.	[]	"[""chinese"",""traditional"",""radicals"",""frequency"",""character-to-radical"",""one-way"",""part-22""]"
zh-traditional-radicals-frequency-xxii/4372/character-to-radical	XXII	vocabulary	4372	zh-Hant	zh-Hant	劬	"[""力""]"	[]		"[""zh-Hant.common.0386"",""zh.radical.kangxi.019""]"	[]	[]	sources/characters.tsv	frequency-order position 4372; Ministry common-character number 386	劬: frequency-order position 4372; absent from frequency corpus; appended in Ministry common-character-list order; Unihan kRSUnicode 19.5; Kangxi radical 19 力; Unihan kRSUnicode single radical assignment.	[]	"[""chinese"",""traditional"",""radicals"",""frequency"",""character-to-radical"",""one-way"",""part-22""]"
zh-traditional-radicals-frequency-xxii/4373/character-to-radical	XXII	vocabulary	4373	zh-Hant	zh-Hant	劾	"[""力""]"	[]		"[""zh-Hant.common.0387"",""zh.radical.kangxi.019""]"	[]	[]	sources/characters.tsv	frequency-order position 4373; Ministry common-character number 387	劾: frequency-order position 4373; absent from frequency corpus; appended in Ministry common-character-list order; Unihan kRSUnicode 19.6; Kangxi radical 19 力; Unihan kRSUnicode single radical assignment.	[]	"[""chinese"",""traditional"",""radicals"",""frequency"",""character-to-radical"",""one-way"",""part-22""]"
zh-traditional-radicals-frequency-xxii/4374/character-to-radical	XXII	vocabulary	4374	zh-Hant	zh-Hant	勛	"[""力""]"	[]		"[""zh-Hant.common.0398"",""zh.radical.kangxi.019""]"	[]	[]	sources/characters.tsv	frequency-order position 4374; Ministry common-character number 398	勛: frequency-order position 4374; absent from frequency corpus; appended in Ministry common-character-list order; Unihan kRSUnicode 19.10; Kangxi radical 19 力; Unihan kRSUnicode single radical assignment.	[]	"[""chinese"",""traditional"",""radicals"",""frequency"",""character-to-radical"",""one-way"",""part-22""]"
zh-traditional-radicals-frequency-xxii/4375/character-to-radical	XXII	vocabulary	4375	zh-Hant	zh-Hant	勦	"[""力""]"	[]		"[""zh-Hant.common.0400"",""zh.radical.kangxi.019""]"	[]	[]	sources/characters.tsv	frequency-order position 4375; Ministry common-character number 400	勦: frequency-order position 4375; absent from frequency corpus; appended in Ministry common-character-list order; Unihan kRSUnicode 19.11; Kangxi radical 19 力; Unihan kRSUnicode single radical assignment.	[]	"[""chinese"",""traditional"",""radicals"",""frequency"",""character-to-radical"",""one-way"",""part-22""]"
zh-traditional-radicals-frequency-xxii/4376/character-to-radical	XXII	vocabulary	4376	zh-Hant	zh-Hant	匏	"[""勹""]"	[]		"[""zh-Hant.common.0413"",""zh.radical.kangxi.020""]"	[]	[]	sources/characters.tsv	frequency-order position 4376; Ministry common-character number 413	匏: frequency-order position 4376; absent from frequency corpus; appended in Ministry common-character-list order; Unihan kRSUnicode 20.9; Kangxi radical 20 勹; Unihan kRSUnicode single radical assignment.	[]	"[""chinese"",""traditional"",""radicals"",""frequency"",""character-to-radical"",""one-way"",""part-22""]"
zh-traditional-radicals-frequency-xxii/4377/character-to-radical	XXII	vocabulary	4377	zh-Hant	zh-Hant	匝	"[""匚""]"	[]		"[""zh-Hant.common.0418"",""zh.radical.kangxi.022""]"	[]	[]	sources/characters.tsv	frequency-order position 4377; Ministry common-character number 418	匝: frequency-order position 4377; absent from frequency corpus; appended in Ministry common-character-list order; Unihan kRSUnicode 22.3; Kangxi radical 22 匚; Unihan kRSUnicode single radical assignment.	[]	"[""chinese"",""traditional"",""radicals"",""frequency"",""character-to-radical"",""one-way"",""part-22""]"
zh-traditional-radicals-frequency-xxii/4378/character-to-radical	XXII	vocabulary	4378	zh-Hant	zh-Hant	匱	"[""匚""]"	[]		"[""zh-Hant.common.0424"",""zh.radical.kangxi.022""]"	[]	[]	sources/characters.tsv	frequency-order position 4378; Ministry common-character number 424	匱: frequency-order position 4378; absent from frequency corpus; appended in Ministry common-character-list order; Unihan kRSUnicode 22.12; Kangxi radical 22 匚; Unihan kRSUnicode single radical assignment.	[]	"[""chinese"",""traditional"",""radicals"",""frequency"",""character-to-radical"",""one-way"",""part-22""]"
zh-traditional-radicals-frequency-xxii/4379/character-to-radical	XXII	vocabulary	4379	zh-Hant	zh-Hant	卯	"[""卩""]"	[]		"[""zh-Hant.common.0448"",""zh.radical.kangxi.026""]"	[]	[]	sources/characters.tsv	frequency-order position 4379; Ministry common-character number 448	卯: frequency-order position 4379; absent from frequency corpus; appended in Ministry common-character-list order; Unihan kRSUnicode 26.3; Kangxi radical 26 卩; Unihan kRSUnicode single radical assignment.	[]	"[""chinese"",""traditional"",""radicals"",""frequency"",""character-to-radical"",""one-way"",""part-22""]"
zh-traditional-radicals-frequency-xxii/4380/character-to-radical	XXII	vocabulary	4380	zh-Hant	zh-Hant	卮	"[""卩""]"	[]		"[""zh-Hant.common.0449"",""zh.radical.kangxi.026""]"	[]	[]	sources/characters.tsv	frequency-order position 4380; Ministry common-character number 449	卮: frequency-order position 4380; absent from frequency corpus; appended in Ministry common-character-list order; Unihan kRSUnicode 26.3; Kangxi radical 26 卩; Unihan kRSUnicode single radical assignment.	[]	"[""chinese"",""traditional"",""radicals"",""frequency"",""character-to-radical"",""one-way"",""part-22""]"
zh-traditional-radicals-frequency-xxii/4381/character-to-radical	XXII	vocabulary	4381	zh-Hant	zh-Hant	卹	"[""卩""]"	[]		"[""zh-Hant.common.0456"",""zh.radical.kangxi.026""]"	[]	[]	sources/characters.tsv	frequency-order position 4381; Ministry common-character number 456	卹: frequency-order position 4381; absent from frequency corpus; appended in Ministry common-character-list order; Unihan kRSUnicode 26.6; Kangxi radical 26 卩; Unihan kRSUnicode single radical assignment.	[]	"[""chinese"",""traditional"",""radicals"",""frequency"",""character-to-radical"",""one-way"",""part-22""]"
zh-traditional-radicals-frequency-xxii/4382/character-to-radical	XXII	vocabulary	4382	zh-Hant	zh-Hant	叵	"[""口""]"	[]		"[""zh-Hant.common.0490"",""zh.radical.kangxi.030""]"	[]	[]	sources/characters.tsv	frequency-order position 4382; Ministry common-character number 490	叵: frequency-order position 4382; absent from frequency corpus; appended in Ministry common-character-list order; Unihan kRSUnicode 30.2; Kangxi radical 30 口; Unihan kRSUnicode single radical assignment.	[]	"[""chinese"",""traditional"",""radicals"",""frequency"",""character-to-radical"",""one-way"",""part-22""]"
zh-traditional-radicals-frequency-xxii/4383/character-to-radical	XXII	vocabulary	4383	zh-Hant	zh-Hant	呷	"[""口""]"	[]		"[""zh-Hant.common.0548"",""zh.radical.kangxi.030""]"	[]	[]	sources/characters.tsv	frequency-order position 4383; Ministry common-character number 548	呷: frequency-order position 4383; absent from frequency corpus; appended in Ministry common-character-list order; Unihan kRSUnicode 30.5; Kangxi radical 30 口; Unihan kRSUnicode single radical assignment.	[]	"[""chinese"",""traditional"",""radicals"",""frequency"",""character-to-radical"",""one-way"",""part-22""]"
zh-traditional-radicals-frequency-xxii/4384/character-to-radical	XXII	vocabulary	4384	zh-Hant	zh-Hant	咄	"[""口""]"	[]		"[""zh-Hant.common.0549"",""zh.radical.kangxi.030""]"	[]	[]	sources/characters.tsv	frequency-order position 4384; Ministry common-character number 549	咄: frequency-order position 4384; absent from frequency corpus; appended in Ministry common-character-list order; Unihan kRSUnicode 30.5; Kangxi radical 30 口; Unihan kRSUnicode single radical assignment.	[]	"[""chinese"",""traditional"",""radicals"",""frequency"",""character-to-radical"",""one-way"",""part-22""]"
zh-traditional-radicals-frequency-xxii/4385/character-to-radical	XXII	vocabulary	4385	zh-Hant	zh-Hant	哂	"[""口""]"	[]		"[""zh-Hant.common.0572"",""zh.radical.kangxi.030""]"	[]	[]	sources/characters.tsv	frequency-order position 4385; Ministry common-character number 572	哂: frequency-order position 4385; absent from frequency corpus; appended in Ministry common-character-list order; Unihan kRSUnicode 30.6; Kangxi radical 30 口; Unihan kRSUnicode single radical assignment.	[]	"[""chinese"",""traditional"",""radicals"",""frequency"",""character-to-radical"",""one-way"",""part-22""]"
zh-traditional-radicals-frequency-xxii/4386/character-to-radical	XXII	vocabulary	4386	zh-Hant	zh-Hant	唁	"[""口""]"	[]		"[""zh-Hant.common.0584"",""zh.radical.kangxi.030""]"	[]	[]	sources/characters.tsv	frequency-order position 4386; Ministry common-character number 584	唁: frequency-order position 4386; absent from frequency corpus; appended in Ministry common-character-list order; Unihan kRSUnicode 30.7; Kangxi radical 30 口; Unihan kRSUnicode single radical assignment.	[]	"[""chinese"",""traditional"",""radicals"",""frequency"",""character-to-radical"",""one-way"",""part-22""]"
zh-traditional-radicals-frequency-xxii/4387/character-to-radical	XXII	vocabulary	4387	zh-Hant	zh-Hant	啖	"[""口""]"	[]		"[""zh-Hant.common.0609"",""zh.radical.kangxi.030""]"	[]	[]	sources/characters.tsv	frequency-order position 4387; Ministry common-character number 609	啖: frequency-order position 4387; absent from frequency corpus; appended in Ministry common-character-list order; Unihan kRSUnicode 30.8; Kangxi radical 30 口; Unihan kRSUnicode single radical assignment.	[]	"[""chinese"",""traditional"",""radicals"",""frequency"",""character-to-radical"",""one-way"",""part-22""]"
zh-traditional-radicals-frequency-xxii/4388/character-to-radical	XXII	vocabulary	4388	zh-Hant	zh-Hant	唳	"[""口""]"	[]		"[""zh-Hant.common.0619"",""zh.radical.kangxi.030""]"	[]	[]	sources/characters.tsv	frequency-order position 4388; Ministry common-character number 619	唳: frequency-order position 4388; absent from frequency corpus; appended in Ministry common-character-list order; Unihan kRSUnicode 30.8; Kangxi radical 30 口; Unihan kRSUnicode single radical assignment.	[]	"[""chinese"",""traditional"",""radicals"",""frequency"",""character-to-radical"",""one-way"",""part-22""]"
zh-traditional-radicals-frequency-xxii/4389/character-to-radical	XXII	vocabulary	4389	zh-Hant	zh-Hant	喋	"[""口""]"	[]		"[""zh-Hant.common.0632"",""zh.radical.kangxi.030""]"	[]	[]	sources/characters.tsv	frequency-order position 4389; Ministry common-character number 632	喋: frequency-order position 4389; absent from frequency corpus; appended in Ministry common-character-list order; Unihan kRSUnicode 30.9; Kangxi radical 30 口; Unihan kRSUnicode single radical assignment.	[]	"[""chinese"",""traditional"",""radicals"",""frequency"",""character-to-radical"",""one-way"",""part-22""]"
zh-traditional-radicals-frequency-xxii/4390/character-to-radical	XXII	vocabulary	4390	zh-Hant	zh-Hant	喟	"[""口""]"	[]		"[""zh-Hant.common.0636"",""zh.radical.kangxi.030""]"	[]	[]	sources/characters.tsv	frequency-order position 4390; Ministry common-character number 636	喟: frequency-order position 4390; absent from frequency corpus; appended in Ministry common-character-list order; Unihan kRSUnicode 30.9; Kangxi radical 30 口; Unihan kRSUnicode single radical assignment.	[]	"[""chinese"",""traditional"",""radicals"",""frequency"",""character-to-radical"",""one-way"",""part-22""]"
zh-traditional-radicals-frequency-xxii/4391/character-to-radical	XXII	vocabulary	4391	zh-Hant	zh-Hant	喱	"[""口""]"	[]		"[""zh-Hant.common.0642"",""zh.radical.kangxi.030""]"	[]	[]	sources/characters.tsv	frequency-order position 4391; Ministry common-character number 642	喱: frequency-order position 4391; absent from frequency corpus; appended in Ministry common-character-list order; Unihan kRSUnicode 30.9; Kangxi radical 30 口; Unihan kRSUnicode single radical assignment.	[]	"[""chinese"",""traditional"",""radicals"",""frequency"",""character-to-radical"",""one-way"",""part-22""]"
zh-traditional-radicals-frequency-xxii/4392/character-to-radical	XXII	vocabulary	4392	zh-Hant	zh-Hant	啾	"[""口""]"	[]		"[""zh-Hant.common.0643"",""zh.radical.kangxi.030""]"	[]	[]	sources/characters.tsv	frequency-order position 4392; Ministry common-character number 643	啾: frequency-order position 4392; absent from frequency corpus; appended in Ministry common-character-list order; Unihan kRSUnicode 30.9; Kangxi radical 30 口; Unihan kRSUnicode single radical assignment.	[]	"[""chinese"",""traditional"",""radicals"",""frequency"",""character-to-radical"",""one-way"",""part-22""]"
zh-traditional-radicals-frequency-xxii/4393/character-to-radical	XXII	vocabulary	4393	zh-Hant	zh-Hant	嗟	"[""口""]"	[]		"[""zh-Hant.common.0645"",""zh.radical.kangxi.030""]"	[]	[]	sources/characters.tsv	frequency-order position 4393; Ministry common-character number 645	嗟: frequency-order position 4393; absent from frequency corpus; appended in Ministry common-character-list order; Unihan kRSUnicode 30.10; Kangxi radical 30 口; Unihan kRSUnicode single radical assignment.	[]	"[""chinese"",""traditional"",""radicals"",""frequency"",""character-to-radical"",""one-way"",""part-22""]"
zh-traditional-radicals-frequency-xxii/4394/character-to-radical	XXII	vocabulary	4394	zh-Hant	zh-Hant	嗑	"[""口""]"	[]		"[""zh-Hant.common.0652"",""zh.radical.kangxi.030""]"	[]	[]	sources/characters.tsv	frequency-order position 4394; Ministry common-character number 652	嗑: frequency-order position 4394; absent from frequency corpus; appended in Ministry common-character-list order; Unihan kRSUnicode 30.10; Kangxi radical 30 口; Unihan kRSUnicode single radical assignment.	[]	"[""chinese"",""traditional"",""radicals"",""frequency"",""character-to-radical"",""one-way"",""part-22""]"
zh-traditional-radicals-frequency-xxii/4395/character-to-radical	XXII	vocabulary	4395	zh-Hant	zh-Hant	嗤	"[""口""]"	[]		"[""zh-Hant.common.0654"",""zh.radical.kangxi.030""]"	[]	[]	sources/characters.tsv	frequency-order position 4395; Ministry common-character number 654	嗤: frequency-order position 4395; absent from frequency corpus; appended in Ministry common-character-list order; Unihan kRSUnicode 30.10; Kangxi radical 30 口; Unihan kRSUnicode single radical assignment.	[]	"[""chinese"",""traditional"",""radicals"",""frequency"",""character-to-radical"",""one-way"",""part-22""]"
zh-traditional-radicals-frequency-xxii/4396/character-to-radical	XXII	vocabulary	4396	zh-Hant	zh-Hant	嗥	"[""口""]"	[]		"[""zh-Hant.common.0660"",""zh.radical.kangxi.030""]"	[]	[]	sources/characters.tsv	frequency-order position 4396; Ministry common-character number 660	嗥: frequency-order position 4396; absent from frequency corpus; appended in Ministry common-character-list order; Unihan kRSUnicode 30.10; Kangxi radical 30 口; Unihan kRSUnicode single radical assignment.	[]	"[""chinese"",""traditional"",""radicals"",""frequency"",""character-to-radical"",""one-way"",""part-22""]"
zh-traditional-radicals-frequency-xxii/4397/character-to-radical	XXII	vocabulary	4397	zh-Hant	zh-Hant	嗾	"[""口""]"	[]		"[""zh-Hant.common.0661"",""zh.radical.kangxi.030""]"	[]	[]	sources/characters.tsv	frequency-order position 4397; Ministry common-character number 661	嗾: frequency-order position 4397; absent from frequency corpus; appended in Ministry common-character-list order; Unihan kRSUnicode 30.11; Kangxi radical 30 口; Unihan kRSUnicode single radical assignment.	[]	"[""chinese"",""traditional"",""radicals"",""frequency"",""character-to-radical"",""one-way"",""part-22""]"
zh-traditional-radicals-frequency-xxii/4398/character-to-radical	XXII	vocabulary	4398	zh-Hant	zh-Hant	嗷	"[""口""]"	[]		"[""zh-Hant.common.0671"",""zh.radical.kangxi.030""]"	[]	[]	sources/characters.tsv	frequency-order position 4398; Ministry common-character number 671	嗷: frequency-order position 4398; absent from frequency corpus; appended in Ministry common-character-list order; Unihan kRSUnicode 30.11; Kangxi radical 30 口; Unihan kRSUnicode single radical assignment.	[]	"[""chinese"",""traditional"",""radicals"",""frequency"",""character-to-radical"",""one-way"",""part-22""]"
zh-traditional-radicals-frequency-xxii/4399/character-to-radical	XXII	vocabulary	4399	zh-Hant	zh-Hant	噙	"[""口""]"	[]		"[""zh-Hant.common.0688"",""zh.radical.kangxi.030""]"	[]	[]	sources/characters.tsv	frequency-order position 4399; Ministry common-character number 688	噙: frequency-order position 4399; absent from frequency corpus; appended in Ministry common-character-list order; Unihan kRSUnicode 30.12; Kangxi radical 30 口; Unihan kRSUnicode single radical assignment.	[]	"[""chinese"",""traditional"",""radicals"",""frequency"",""character-to-radical"",""one-way"",""part-22""]"
zh-traditional-radicals-frequency-xxii/4400/character-to-radical	XXII	vocabulary	4400	zh-Hant	zh-Hant	噫	"[""口""]"	[]		"[""zh-Hant.common.0689"",""zh.radical.kangxi.030""]"	[]	[]	sources/characters.tsv	frequency-order position 4400; Ministry common-character number 689	噫: frequency-order position 4400; absent from frequency corpus; appended in Ministry common-character-list order; Unihan kRSUnicode 30.13; Kangxi radical 30 口; Unihan kRSUnicode single radical assignment.	[]	"[""chinese"",""traditional"",""radicals"",""frequency"",""character-to-radical"",""one-way"",""part-22""]"
