{"type":"FeatureCollection","features":[{"type":"Feature","properties":{"shapeName":"Belize","shapeISO":"BLZ"},"geometry":{"type":"MultiPolygon","coordinates":[[[[-89.19314,16.392626],[-89.184353,16.495872],[-89.166067,16.777009],[-89.149205,17.036271],[-89.150728,17.321032],[-89.156217,17.598243],[-89.160496,17.814314],[-89.161375,17.901441],[-89.153933,17.941077],[-89.132565,17.970274],[-89.049444,17.999213],[-89.028024,17.992081],[-89.011539,17.977819],[-88.996579,17.96185],[-88.979758,17.949448],[-88.967846,17.94826],[-88.956503,17.950533],[-88.947021,17.948466],[-88.933301,17.920354],[-88.920459,17.910949],[-88.880332,17.88847],[-88.871367,17.89095],[-88.865372,17.899012],[-88.86085,17.921129],[-88.856406,17.928312],[-88.80535,17.965003],[-88.795945,17.975596],[-88.78163,18.014715],[-88.776876,18.023759],[-88.762019,18.035644],[-88.748351,18.043293],[-88.736388,18.051923],[-88.726647,18.066728],[-88.723494,18.077502],[-88.720446,18.100085],[-88.717707,18.110033],[-88.69285,18.150004],[-88.689517,18.161244],[-88.692954,18.175171],[-88.696623,18.178065],[-88.668149,18.198244],[-88.638952,18.211603],[-88.62704,18.22031],[-88.616989,18.235426],[-88.614059,18.247028],[-88.613165,18.250567],[-88.611486,18.26638],[-88.607713,18.283381],[-88.598076,18.299478],[-88.567173,18.333507],[-88.554797,18.352214],[-88.551334,18.363686],[-88.547407,18.38906],[-88.538389,18.413089],[-88.533041,18.44332],[-88.527822,18.454146],[-88.520199,18.461562],[-88.489245,18.484506],[-88.479194,18.483421],[-88.469944,18.478511],[-88.459635,18.475721],[-88.450824,18.476884],[-88.430851,18.483782],[-88.419973,18.489002],[-88.413229,18.490759],[-88.407984,18.48895],[-88.398372,18.480113],[-88.390776,18.475695],[-88.38491,18.476625],[-88.379071,18.4797],[-88.371449,18.481793],[-88.309515,18.482284],[-88.303822,18.48135],[-88.303822,18.477769],[-88.28661,18.462795],[-88.306264,18.4383],[-88.383697,18.384955],[-88.390981,18.370592],[-88.379547,18.354926],[-88.365387,18.354071],[-88.317494,18.374823],[-88.32311,18.360256],[-88.332428,18.344794],[-88.355336,18.317084],[-88.360829,18.308254],[-88.357981,18.303697],[-88.35025,18.304185],[-88.34142,18.310248],[-88.324574,18.328315],[-88.291412,18.351142],[-88.275746,18.358222],[-88.259145,18.361151],[-88.236806,18.35814],[-88.207753,18.344631],[-88.194651,18.340644],[-88.173411,18.343736],[-88.143137,18.363756],[-88.10851,18.373928],[-88.09675,18.375434],[-88.091542,18.371731],[-88.093495,18.357611],[-88.099029,18.348375],[-88.118886,18.333808],[-88.141713,18.324449],[-88.146148,18.320217],[-88.146474,18.309272],[-88.139272,18.306952],[-88.130523,18.310452],[-88.123036,18.322333],[-88.114858,18.327826],[-88.104644,18.332099],[-88.09496,18.333808],[-88.091664,18.328355],[-88.083567,18.21011],[-88.091542,18.118394],[-88.094797,18.102769],[-88.108795,18.078843],[-88.11205,18.063178],[-88.149648,17.97134],[-88.166737,17.96015],[-88.16686,17.959947],[-88.208323,17.881985],[-88.20226,17.856147],[-88.214345,17.773098],[-88.238759,17.690375],[-88.246693,17.673651],[-88.272694,17.643988],[-88.283193,17.625637],[-88.287709,17.604234],[-88.283315,17.580268],[-88.27123,17.568101],[-88.235585,17.550727],[-88.228139,17.53559],[-88.218577,17.527289],[-88.176666,17.52025],[-88.167307,17.51203],[-88.179351,17.492621],[-88.205149,17.492865],[-88.230784,17.496527],[-88.24234,17.487494],[-88.244944,17.471991],[-88.26023,17.423064],[-88.286285,17.339667],[-88.295969,17.238105],[-88.296986,17.21719],[-88.300526,17.177924],[-88.293446,17.156806],[-88.28954,17.137763],[-88.289377,17.135769],[-88.288564,17.126939],[-88.283315,17.103949],[-88.279408,17.091457],[-88.269928,17.08633],[-88.248606,17.079413],[-88.23648,17.064195],[-88.228179,17.044867],[-88.223459,17.023139],[-88.220855,16.991441],[-88.215077,16.967108],[-88.217437,16.955471],[-88.223704,16.952948],[-88.232493,16.95307],[-88.24234,16.949652],[-88.253285,16.939927],[-88.266957,16.92475],[-88.278472,16.907416],[-88.283315,16.891343],[-88.278879,16.872952],[-88.259348,16.843411],[-88.255483,16.826158],[-88.253733,16.826077],[-88.250234,16.823432],[-88.24767,16.818915],[-88.248606,16.813137],[-88.252309,16.812161],[-88.265492,16.81387],[-88.269683,16.813137],[-88.282379,16.803412],[-88.287506,16.797349],[-88.28954,16.788275],[-88.291737,16.783393],[-88.296702,16.77851],[-88.301625,16.771715],[-88.303822,16.761298],[-88.302805,16.749335],[-88.298085,16.733547],[-88.296986,16.723782],[-88.306223,16.652899],[-88.312408,16.642035],[-88.321156,16.63345],[-88.331166,16.620673],[-88.3426,16.57982],[-88.348053,16.567328],[-88.351471,16.549709],[-88.344838,16.524563],[-88.348988,16.515326],[-88.356109,16.506496],[-88.362864,16.505845],[-88.365875,16.52143],[-88.334543,16.635077],[-88.317698,16.652248],[-88.311269,16.662299],[-88.337636,16.649237],[-88.364654,16.583686],[-88.386383,16.559272],[-88.379791,16.558254],[-88.365875,16.551825],[-88.372629,16.548529],[-88.377838,16.547105],[-88.384023,16.548],[-88.393178,16.551825],[-88.391103,16.543036],[-88.388539,16.538886],[-88.38329,16.537787],[-88.372792,16.538153],[-88.372792,16.531968],[-88.383412,16.525092],[-88.39094,16.515041],[-88.39269,16.502997],[-88.390045,16.497626],[-88.386383,16.490383],[-88.405181,16.476793],[-88.425649,16.437242],[-88.444447,16.4289],[-88.446401,16.423407],[-88.448232,16.399644],[-88.447825,16.394761],[-88.453521,16.391425],[-88.458811,16.391343],[-88.462148,16.393012],[-88.462148,16.394761],[-88.468495,16.390692],[-88.47057,16.388617],[-88.471791,16.386054],[-88.475738,16.381171],[-88.488596,16.351264],[-88.492543,16.346381],[-88.500356,16.342108],[-88.526682,16.308824],[-88.529652,16.303534],[-88.533803,16.290351],[-88.53661,16.285549],[-88.537262,16.28266],[-88.535959,16.274115],[-88.53661,16.271308],[-88.539377,16.270657],[-88.547515,16.271918],[-88.550282,16.271308],[-88.554677,16.268866],[-88.566762,16.266262],[-88.57136,16.263821],[-88.573476,16.259914],[-88.578196,16.243964],[-88.578196,16.285549],[-88.585032,16.285549],[-88.591908,16.263821],[-88.605946,16.260647],[-88.61974,16.268988],[-88.625966,16.281806],[-88.629872,16.287502],[-88.638295,16.288153],[-88.646637,16.286607],[-88.650217,16.285549],[-88.651479,16.281968],[-88.651031,16.26439],[-88.65392,16.257636],[-88.661122,16.255357],[-88.694895,16.2508],[-88.700673,16.247056],[-88.705393,16.242336],[-88.712554,16.238227],[-88.725901,16.236518],[-88.740061,16.23017],[-88.744211,16.214504],[-88.742055,16.175686],[-88.745717,16.154853],[-88.755198,16.139716],[-88.769276,16.130357],[-88.786733,16.127265],[-88.791819,16.124661],[-88.797719,16.118354],[-88.802642,16.110582],[-88.807037,16.093207],[-88.81314,16.088121],[-88.821767,16.084866],[-88.83141,16.079495],[-88.842519,16.070299],[-88.847483,16.065172],[-88.851918,16.058987],[-88.854319,16.047919],[-88.853505,16.036851],[-88.856272,16.028266],[-88.882395,16.020901],[-88.899648,16.01081],[-88.916371,15.997504],[-88.927642,15.983873],[-88.931142,15.959052],[-88.910268,15.917385],[-88.913971,15.893948],[-88.951878,15.879652],[-89.040323,15.901718],[-89.072388,15.901511],[-89.100913,15.896809],[-89.177446,15.900271],[-89.195765,15.892933],[-89.204835,15.892416],[-89.216539,15.888644],[-89.225996,15.884044],[-89.228244,15.880841],[-89.236512,15.893915],[-89.236022,15.906493],[-89.234135,15.954945],[-89.208517,16.186132],[-89.19314,16.392626]]],[[[-87.838287,17.388495],[-87.825795,17.399156],[-87.814198,17.381293],[-87.797353,17.333238],[-87.801991,17.325873],[-87.8037,17.315985],[-87.803578,17.292304],[-87.810414,17.292304],[-87.810048,17.302639],[-87.810414,17.305976],[-87.81607,17.304267],[-87.819895,17.301459],[-87.822418,17.297512],[-87.824615,17.292304],[-87.823801,17.352932],[-87.827219,17.378119],[-87.838287,17.388495]]],[[[-87.827748,17.545559],[-87.815745,17.545152],[-87.801503,17.541815],[-87.789215,17.531968],[-87.78307,17.51203],[-87.78718,17.496894],[-87.807851,17.457831],[-87.821116,17.440741],[-87.831288,17.423733],[-87.845774,17.414618],[-87.865631,17.429511],[-87.875885,17.413235],[-87.888539,17.403876],[-87.900054,17.391791],[-87.907216,17.367418],[-87.913442,17.322699],[-87.915883,17.315416],[-87.92101,17.305243],[-87.925526,17.292792],[-87.926503,17.278632],[-87.940745,17.292304],[-87.937001,17.29564],[-87.935699,17.298977],[-87.935292,17.302395],[-87.933909,17.305976],[-87.931508,17.327216],[-87.922271,17.362494],[-87.91747,17.410468],[-87.909535,17.426256],[-87.896718,17.43769],[-87.879303,17.449937],[-87.858795,17.470404],[-87.848704,17.471259],[-87.833811,17.465318],[-87.821278,17.463609],[-87.811635,17.472317],[-87.803944,17.491929],[-87.802073,17.512926],[-87.810414,17.525621],[-87.821441,17.516181],[-87.830678,17.511135],[-87.838287,17.51203],[-87.837799,17.518378],[-87.827748,17.545559]]],[[[-88.07726,17.641791],[-88.063547,17.630561],[-88.053619,17.606269],[-88.043813,17.552965],[-88.050608,17.552965],[-88.055653,17.562649],[-88.064443,17.586371],[-88.07726,17.641791]]],[[[-88.160471,17.682766],[-88.139516,17.692043],[-88.082753,17.729234],[-88.071116,17.73428],[-88.080312,17.701809],[-88.103668,17.68183],[-88.134877,17.67182],[-88.167307,17.669094],[-88.167388,17.673774],[-88.166005,17.676825],[-88.160471,17.682766]]],[[[-87.913442,18.025946],[-87.907216,18.025946],[-87.91511,17.982733],[-87.93456,17.942939],[-87.96581,17.913764],[-88.009023,17.902493],[-88.009023,17.909247],[-87.998647,17.908922],[-87.995351,17.909247],[-87.958892,17.934272],[-87.945912,17.951809],[-87.940745,17.977525],[-87.956532,17.976752],[-87.952301,18.007758],[-87.933909,18.070299],[-87.931752,18.074693],[-87.927113,18.078274],[-87.922353,18.082953],[-87.920277,18.090806],[-87.919667,18.100572],[-87.904856,18.153225],[-87.895009,18.162095],[-87.879303,18.155707],[-87.857289,18.169664],[-87.84732,18.155992],[-87.848988,18.133775],[-87.862213,18.122138],[-87.869618,18.110826],[-87.890045,18.057034],[-87.89977,18.039008],[-87.906646,18.043524],[-87.913442,18.046454],[-87.915883,18.035956],[-87.919667,18.02851],[-87.925445,18.023139],[-87.933909,18.01911],[-87.933909,18.012356],[-87.926503,17.997992],[-87.917104,18.011176],[-87.914866,18.017157],[-87.913442,18.025946]]],[[[-88.095611,17.517401],[-88.077016,17.50373],[-88.067698,17.490546],[-88.069814,17.480658],[-88.072621,17.476142],[-88.072865,17.47012],[-88.077056,17.461086],[-88.083974,17.461819],[-88.085805,17.47012],[-88.087148,17.490912],[-88.08849,17.495307],[-88.096506,17.494289],[-88.105133,17.498114],[-88.110911,17.505072],[-88.114247,17.510077],[-88.117299,17.512885],[-88.117177,17.518785],[-88.110463,17.523017],[-88.095611,17.517401]]],[[[-87.969065,18.090888],[-87.963287,18.093207],[-87.960317,18.090399],[-87.962514,18.079983],[-87.970611,18.073147],[-87.981435,18.071275],[-87.984364,18.077582],[-87.977162,18.08747],[-87.972076,18.090725],[-87.969065,18.090888]]],[[[-87.939524,18.118638],[-87.937123,18.114651],[-87.936391,18.103909],[-87.94225,18.093492],[-87.95051,18.087592],[-87.95401,18.088284],[-87.955312,18.093411],[-87.956899,18.097357],[-87.95523,18.100816],[-87.950103,18.103583],[-87.944814,18.107896],[-87.943023,18.113471],[-87.941151,18.117174],[-87.939524,18.118638]]],[[[-87.878407,18.208238],[-87.874745,18.206488],[-87.874135,18.20246],[-87.874745,18.197333],[-87.878285,18.187323],[-87.887807,18.175605],[-87.893544,18.180365],[-87.890777,18.197455],[-87.88683,18.203437],[-87.883697,18.201077],[-87.883168,18.203111],[-87.884836,18.207465],[-87.884429,18.209174],[-87.880971,18.208482],[-87.878407,18.208238]]]]}},{"type":"Feature","properties":{"shapeName":"Guatemala","shapeISO":"GTM"},"geometry":{"type":"MultiPolygon","coordinates":[[[[-89.361621,14.415478],[-89.361822,14.415506],[-89.390611,14.435993],[-89.391697,14.43372],[-89.396864,14.426046],[-89.398182,14.445373],[-89.408362,14.441523],[-89.4311,14.418708],[-89.446835,14.415529],[-89.458127,14.419586],[-89.469418,14.425374],[-89.485283,14.427389],[-89.496148,14.422897],[-89.503033,14.420051],[-89.527761,14.391061],[-89.541351,14.381526],[-89.544245,14.400052],[-89.555175,14.410827],[-89.569877,14.412015],[-89.584062,14.401809],[-89.590573,14.385971],[-89.586284,14.374679],[-89.578972,14.364783],[-89.576078,14.35313],[-89.582408,14.343363],[-89.592434,14.336387],[-89.598351,14.32799],[-89.592175,14.31383],[-89.571272,14.311143],[-89.564373,14.308146],[-89.558586,14.302823],[-89.555692,14.299025],[-89.549878,14.288276],[-89.548586,14.2836],[-89.546778,14.268329],[-89.544917,14.261818],[-89.54055,14.257606],[-89.527864,14.251457],[-89.52466,14.247374],[-89.524505,14.231768],[-89.530939,14.225567],[-89.638322,14.200556],[-89.664626,14.188851],[-89.689844,14.170015],[-89.709868,14.148724],[-89.752605,14.07524],[-89.755447,14.067075],[-89.754465,14.059401],[-89.74801,14.044895],[-89.747256,14.043201],[-89.747644,14.037646],[-89.762268,14.029997],[-89.776944,14.035785],[-89.802963,14.055474],[-89.821102,14.060073],[-89.835855,14.059091],[-89.880116,14.042684],[-89.890788,14.035889],[-89.912078,14.015192],[-90.008171,13.949692],[-90.022976,13.936954],[-90.031477,13.922924],[-90.038091,13.908377],[-90.047367,13.894295],[-90.05964,13.884709],[-90.08708,13.870472],[-90.099044,13.858509],[-90.106976,13.844066],[-90.112299,13.828253],[-90.114779,13.812],[-90.114314,13.796265],[-90.098307,13.731404],[-90.098328,13.731414],[-90.245553,13.790726],[-90.401159,13.858588],[-90.500209,13.8947],[-90.580413,13.913267],[-90.638019,13.922358],[-90.707278,13.928889],[-90.784615,13.921538],[-90.796247,13.918161],[-90.910333,13.911135],[-91.04374,13.913585],[-91.165761,13.926703],[-91.316461,13.955679],[-91.551869,14.057278],[-91.637115,14.104438],[-91.762558,14.180174],[-91.908193,14.28384],[-92.049591,14.408026],[-92.246257,14.546279],[-92.226097,14.549346],[-92.208062,14.570507],[-92.186074,14.629573],[-92.164731,14.66815],[-92.160804,14.683498],[-92.161734,14.702334],[-92.179382,14.751581],[-92.180105,14.75879],[-92.178813,14.773389],[-92.179382,14.781244],[-92.188658,14.805893],[-92.190828,14.814239],[-92.191655,14.835297],[-92.186797,14.84726],[-92.166023,14.870825],[-92.15468,14.900797],[-92.157574,14.963041],[-92.154215,14.995933],[-92.142356,15.007483],[-92.129876,15.010945],[-92.116982,15.012392],[-92.103831,15.01787],[-92.093599,15.02942],[-92.073807,15.073706],[-92.20336,15.237159],[-92.21093,15.253359],[-92.211292,15.272066],[-92.204651,15.289507],[-92.186177,15.320384],[-92.137446,15.401826],[-92.105931,15.454469],[-92.068536,15.516935],[-91.9896,15.648968],[-91.910561,15.78095],[-91.841676,15.896085],[-91.792971,15.977579],[-91.774471,16.00843],[-91.751888,16.046308],[-91.739848,16.060985],[-91.723776,16.068788],[-91.678405,16.068891],[-91.54048,16.069149],[-91.402607,16.069305],[-91.264786,16.069511],[-91.126914,16.06977],[-90.994798,16.069869],[-90.988989,16.069873],[-90.851116,16.070131],[-90.713295,16.070338],[-90.575474,16.070596],[-90.485738,16.0707],[-90.466153,16.072922],[-90.448195,16.07926],[-90.447841,16.079687],[-90.444165,16.084652],[-90.437421,16.098863],[-90.434475,16.107183],[-90.440211,16.104858],[-90.442743,16.104186],[-90.444526,16.103256],[-90.448144,16.099742],[-90.455585,16.099742],[-90.459487,16.116795],[-90.435302,16.136277],[-90.448144,16.148214],[-90.448144,16.154416],[-90.42613,16.163149],[-90.432718,16.173226],[-90.461812,16.189142],[-90.465584,16.208107],[-90.458505,16.22175],[-90.446232,16.230845],[-90.434475,16.236323],[-90.447989,16.24149],[-90.457833,16.249138],[-90.459435,16.25906],[-90.448144,16.271101],[-90.443725,16.266864],[-90.440625,16.265313],[-90.42768,16.263608],[-90.431426,16.268931],[-90.437524,16.280041],[-90.441297,16.285364],[-90.436749,16.284847],[-90.435509,16.286242],[-90.435509,16.288774],[-90.434475,16.291565],[-90.428558,16.287637],[-90.420238,16.285364],[-90.414063,16.287844],[-90.414011,16.298386],[-90.420187,16.296009],[-90.434734,16.301228],[-90.444888,16.30836],[-90.437886,16.31208],[-90.419463,16.317816],[-90.404684,16.331511],[-90.398793,16.347582],[-90.40719,16.36045],[-90.414011,16.36045],[-90.414011,16.353008],[-90.420807,16.353008],[-90.418223,16.367167],[-90.40874,16.372335],[-90.395124,16.371405],[-90.379853,16.367271],[-90.391377,16.385978],[-90.392695,16.391714],[-90.392902,16.40484],[-90.394917,16.419206],[-90.400601,16.420549],[-90.409464,16.416673],[-90.420807,16.415123],[-90.426698,16.417707],[-90.434114,16.42241],[-90.444371,16.426802],[-90.475842,16.430729],[-90.478426,16.436414],[-90.477082,16.444992],[-90.482302,16.456051],[-90.488219,16.46158],[-90.497753,16.46804],[-90.508915,16.471089],[-90.532893,16.459927],[-90.539068,16.468867],[-90.543719,16.490209],[-90.553409,16.490261],[-90.57935,16.482768],[-90.584724,16.480235],[-90.590616,16.483388],[-90.604672,16.486178],[-90.620743,16.486747],[-90.633094,16.483336],[-90.627874,16.492896],[-90.618986,16.500079],[-90.612061,16.507624],[-90.61263,16.518114],[-90.624154,16.524936],[-90.639502,16.525866],[-90.648183,16.529586],[-90.639967,16.544831],[-90.643532,16.561006],[-90.637021,16.577904],[-90.633765,16.592167],[-90.647356,16.600073],[-90.65025,16.593407],[-90.653609,16.5901],[-90.658828,16.588446],[-90.6672,16.586999],[-90.6672,16.5932],[-90.654023,16.61661],[-90.667717,16.652576],[-90.73531,16.746576],[-90.749779,16.757686],[-90.785591,16.774998],[-90.80037,16.786832],[-90.79696,16.798666],[-90.79696,16.805435],[-90.810602,16.812928],[-90.819956,16.805332],[-90.831738,16.805435],[-90.900623,16.826003],[-90.919071,16.836338],[-90.948165,16.864708],[-90.968887,16.874372],[-90.952764,16.890908],[-90.955193,16.898763],[-90.968835,16.901037],[-90.98625,16.901088],[-90.987956,16.896903],[-90.984287,16.887756],[-90.983253,16.878609],[-90.993072,16.874372],[-90.998343,16.877162],[-91.0109,16.890288],[-91.016688,16.894836],[-91.054928,16.908013],[-91.066866,16.918193],[-91.07131,16.938916],[-91.076943,16.949509],[-91.112238,16.990489],[-91.116113,16.999274],[-91.121229,17.018394],[-91.126552,17.024595],[-91.137146,17.026507],[-91.161227,17.023975],[-91.1712,17.028006],[-91.206754,17.065368],[-91.215952,17.079217],[-91.220241,17.089294],[-91.225357,17.107019],[-91.229595,17.113995],[-91.238793,17.119215],[-91.259205,17.124331],[-91.263133,17.130738],[-91.265148,17.146241],[-91.270832,17.164276],[-91.279514,17.180089],[-91.290418,17.189081],[-91.317755,17.190476],[-91.344523,17.186342],[-91.364884,17.189753],[-91.372945,17.213576],[-91.388345,17.221586],[-91.419247,17.227735],[-91.442502,17.237967],[-91.438264,17.253677],[-91.430771,17.254969],[-90.991986,17.25192],[-90.991444,17.526942],[-90.990901,17.801964],[-90.98284,17.810542],[-90.962221,17.81602],[-90.919123,17.81602],[-90.699239,17.815813],[-90.47946,17.815606],[-90.259654,17.815348],[-90.039771,17.815141],[-89.820017,17.814986],[-89.600159,17.814728],[-89.380302,17.814521],[-89.160496,17.814314],[-89.156217,17.598243],[-89.150728,17.321032],[-89.149205,17.036271],[-89.166067,16.777009],[-89.184353,16.495872],[-89.19314,16.392626],[-89.208517,16.186132],[-89.234135,15.954945],[-89.236022,15.906493],[-89.236512,15.893915],[-89.228244,15.880841],[-89.225996,15.884044],[-89.216539,15.888644],[-89.204835,15.892416],[-89.195765,15.892933],[-89.177446,15.900271],[-89.100913,15.896809],[-89.072388,15.901511],[-89.040323,15.901718],[-88.951878,15.879652],[-88.913971,15.893948],[-88.900014,15.887844],[-88.8662,15.860338],[-88.831614,15.868638],[-88.787343,15.859076],[-88.753285,15.839789],[-88.749501,15.818793],[-88.726796,15.815172],[-88.625966,15.753892],[-88.638295,15.708808],[-88.63622,15.702094],[-88.609242,15.702094],[-88.598378,15.706122],[-88.595204,15.714667],[-88.596344,15.722154],[-88.598704,15.723212],[-88.598988,15.727362],[-88.602366,15.730902],[-88.60558,15.735541],[-88.605458,15.743069],[-88.600453,15.744574],[-88.591176,15.743557],[-88.582183,15.745022],[-88.578196,15.753892],[-88.57433,15.769965],[-88.5655,15.780951],[-88.55606,15.789496],[-88.550282,15.798285],[-88.549062,15.813666],[-88.556711,15.837348],[-88.557688,15.852932],[-88.550282,15.852932],[-88.550649,15.842475],[-88.550282,15.83926],[-88.544057,15.83926],[-88.532135,15.846829],[-88.503041,15.841376],[-88.48884,15.846747],[-88.511952,15.86758],[-88.52481,15.877021],[-88.543284,15.885159],[-88.551015,15.895168],[-88.557688,15.906562],[-88.564524,15.914984],[-88.607574,15.938422],[-88.619862,15.953274],[-88.605458,15.969631],[-88.590199,15.961005],[-88.561838,15.949042],[-88.550282,15.942328],[-88.52123,15.912746],[-88.500234,15.901068],[-88.447906,15.85871],[-88.344838,15.811957],[-88.311025,15.782416],[-88.300404,15.777818],[-88.256337,15.740383],[-88.221547,15.725898],[-88.220937,15.725653],[-88.23262,15.721419],[-88.235746,15.712427],[-88.23492,15.701575],[-88.241586,15.688242],[-88.247761,15.695684],[-88.264995,15.688604],[-88.279697,15.680749],[-88.295588,15.675013],[-88.316672,15.6746],[-88.322304,15.667262],[-88.352561,15.616903],[-88.398992,15.572797],[-88.467434,15.52074],[-88.50002,15.495903],[-88.587379,15.4303],[-88.674195,15.365058],[-88.760899,15.299962],[-88.847027,15.235299],[-88.973427,15.140395],[-89.008283,15.124401],[-89.109827,15.091457],[-89.140523,15.076394],[-89.14694,15.071284],[-89.160806,15.060245],[-89.172769,15.04221],[-89.188582,14.996088],[-89.1691,14.978415],[-89.169152,14.95206],[-89.181528,14.923664],[-89.189215,14.913059],[-89.198814,14.899815],[-89.223619,14.879015],[-89.231448,14.867311],[-89.23243,14.8485],[-89.227676,14.834574],[-89.218968,14.82168],[-89.198814,14.79809],[-89.189409,14.783001],[-89.170547,14.738791],[-89.159669,14.725123],[-89.150523,14.717294],[-89.146213,14.710858],[-89.144502,14.708302],[-89.142694,14.691275],[-89.145226,14.683446],[-89.155845,14.672258],[-89.159411,14.665979],[-89.155225,14.615595],[-89.155742,14.597844],[-89.160393,14.581282],[-89.172149,14.570404],[-89.183699,14.569525],[-89.208814,14.577949],[-89.221087,14.580093],[-89.238114,14.577949],[-89.245685,14.572988],[-89.250542,14.565184],[-89.259612,14.554255],[-89.290927,14.528003],[-89.304854,14.513353],[-89.314802,14.495964],[-89.323044,14.487463],[-89.345265,14.48196],[-89.355497,14.475448],[-89.361983,14.4624],[-89.363791,14.446561],[-89.361621,14.415478]]]]}},{"type":"Feature","properties":{"shapeName":"El Salvador","shapeISO":"SLV"},"geometry":{"type":"MultiPolygon","coordinates":[[[[-90.098307,13.731404],[-90.114314,13.796265],[-90.114779,13.812],[-90.112299,13.828253],[-90.106976,13.844066],[-90.099044,13.858509],[-90.08708,13.870472],[-90.05964,13.884709],[-90.047367,13.894295],[-90.038091,13.908377],[-90.031477,13.922924],[-90.022976,13.936954],[-90.008171,13.949692],[-89.912078,14.015192],[-89.890788,14.035889],[-89.880116,14.042684],[-89.835855,14.059091],[-89.821102,14.060073],[-89.802963,14.055474],[-89.776944,14.035785],[-89.762268,14.029997],[-89.747644,14.037646],[-89.747256,14.043201],[-89.74801,14.044895],[-89.754465,14.059401],[-89.755447,14.067075],[-89.752605,14.07524],[-89.709868,14.148724],[-89.689844,14.170015],[-89.664626,14.188851],[-89.638322,14.200556],[-89.530939,14.225567],[-89.524505,14.231768],[-89.52466,14.247374],[-89.527864,14.251457],[-89.54055,14.257606],[-89.544917,14.261818],[-89.546778,14.268329],[-89.548586,14.2836],[-89.549878,14.288276],[-89.555692,14.299025],[-89.558586,14.302823],[-89.564373,14.308146],[-89.571272,14.311143],[-89.592175,14.31383],[-89.598351,14.32799],[-89.592434,14.336387],[-89.582408,14.343363],[-89.576078,14.35313],[-89.578972,14.364783],[-89.586284,14.374679],[-89.590573,14.385971],[-89.584062,14.401809],[-89.569877,14.412015],[-89.555175,14.410827],[-89.544245,14.400052],[-89.541351,14.381526],[-89.527761,14.391061],[-89.503033,14.420051],[-89.496148,14.422897],[-89.485283,14.427389],[-89.469418,14.425374],[-89.458127,14.419586],[-89.446835,14.415529],[-89.4311,14.418708],[-89.408362,14.441523],[-89.398182,14.445373],[-89.396864,14.426046],[-89.391697,14.43372],[-89.390611,14.435993],[-89.361822,14.415506],[-89.361621,14.415478],[-89.346206,14.413076],[-89.307567,14.407055],[-89.276536,14.39274],[-89.225531,14.382147],[-89.200158,14.36468],[-89.153985,14.351296],[-89.144502,14.359719],[-89.13011,14.386746],[-89.122178,14.394678],[-89.113341,14.397055],[-89.107476,14.39597],[-89.102567,14.391526],[-89.096831,14.384007],[-89.091844,14.374834],[-89.089674,14.364887],[-89.090552,14.354706],[-89.09448,14.344862],[-89.083085,14.335328],[-89.048978,14.331452],[-89.032985,14.323675],[-89.026603,14.311298],[-89.022623,14.280654],[-89.018128,14.271688],[-88.992754,14.252955],[-88.98353,14.242129],[-88.974564,14.227376],[-88.970792,14.214844],[-88.970228,14.210176],[-88.969242,14.202002],[-88.965986,14.191383],[-88.957175,14.185182],[-88.947486,14.187275],[-88.935626,14.194018],[-88.921648,14.199884],[-88.906016,14.199574],[-88.881263,14.1842],[-88.860334,14.158517],[-88.845322,14.128622],[-88.838759,14.100407],[-88.821189,14.102939],[-88.777341,14.099735],[-88.76543,14.104256],[-88.75512,14.110458],[-88.746387,14.111336],[-88.73923,14.099942],[-88.740057,14.083017],[-88.746077,14.066559],[-88.746645,14.052477],[-88.730962,14.042477],[-88.709516,14.039687],[-88.704865,14.038033],[-88.697656,14.032013],[-88.692695,14.025295],[-88.690447,14.016949],[-88.690812,14.01179],[-88.690938,14.009999],[-88.684815,14.012298],[-88.659338,14.016122],[-88.633862,14.014469],[-88.558104,13.990904],[-88.51405,13.987649],[-88.504361,13.983695],[-88.49542,13.975143],[-88.496196,13.971991],[-88.496506,13.969562],[-88.497085,13.969068],[-88.497901,13.968373],[-88.498183,13.96841],[-88.502293,13.968942],[-88.501198,13.9666],[-88.496092,13.955687],[-88.496816,13.944034],[-88.500226,13.931864],[-88.502293,13.91711],[-88.499503,13.907602],[-88.488677,13.88135],[-88.488005,13.865331],[-88.496816,13.851197],[-88.470151,13.852489],[-88.451444,13.863574],[-88.433228,13.871067],[-88.392946,13.879774],[-88.38336,13.879257],[-88.367418,13.873108],[-88.360106,13.872384],[-88.358917,13.875278],[-88.358917,13.881195],[-88.358194,13.887396],[-88.355067,13.890962],[-88.348556,13.891375],[-88.340572,13.890032],[-88.332614,13.887706],[-88.326206,13.885071],[-88.319256,13.897602],[-88.308429,13.901478],[-88.296311,13.902357],[-88.285433,13.905974],[-88.277527,13.913338],[-88.274171,13.91912],[-88.270163,13.926024],[-88.2636,13.933104],[-88.251637,13.938091],[-88.242774,13.936696],[-88.236367,13.938143],[-88.231586,13.951811],[-88.233369,13.954498],[-88.242309,13.962534],[-88.244376,13.9661],[-88.245358,13.985892],[-88.244893,13.989251],[-88.235075,13.992868],[-88.220063,13.991318],[-88.217659,13.990797],[-88.193475,13.985556],[-88.177533,13.985194],[-88.125391,13.991266],[-88.099036,13.989819],[-88.087538,13.980543],[-88.072888,13.943414],[-88.058393,13.92649],[-88.03997,13.910134],[-88.023641,13.891169],[-88.015321,13.866364],[-87.969742,13.888533],[-87.954782,13.892461],[-87.952595,13.892029],[-87.946927,13.89091],[-87.932173,13.881557],[-87.925326,13.879619],[-87.920753,13.881867],[-87.907885,13.89153],[-87.900108,13.89414],[-87.890109,13.893546],[-87.870549,13.889567],[-87.860911,13.890187],[-87.851222,13.896879],[-87.842954,13.907111],[-87.832903,13.91525],[-87.817891,13.91587],[-87.80846,13.908635],[-87.798719,13.882332],[-87.790606,13.870472],[-87.785412,13.867398],[-87.771434,13.862127],[-87.765336,13.858871],[-87.749529,13.845627],[-87.721204,13.821896],[-87.703608,13.814998],[-87.712626,13.800451],[-87.732806,13.755105],[-87.737844,13.738775],[-87.731359,13.722213],[-87.736294,13.711464],[-87.746319,13.702188],[-87.755026,13.689915],[-87.758644,13.672267],[-87.757817,13.635164],[-87.760091,13.616948],[-87.784069,13.560465],[-87.789934,13.532819],[-87.779469,13.509978],[-87.76916,13.50636],[-87.747973,13.513233],[-87.733426,13.507704],[-87.725726,13.49897],[-87.720584,13.486982],[-87.718801,13.473675],[-87.721153,13.460833],[-87.738412,13.441687],[-87.817169,13.406562],[-87.81786,13.406806],[-87.825714,13.411282],[-87.830678,13.419501],[-87.838287,13.440945],[-87.866444,13.393337],[-87.873769,13.365261],[-87.855377,13.35281],[-87.843617,13.348456],[-87.810414,13.31741],[-87.791534,13.304958],[-87.789906,13.299099],[-87.789906,13.287014],[-87.798085,13.265652],[-87.817983,13.250393],[-87.892323,13.213894],[-87.912465,13.198188],[-87.916005,13.182196],[-87.892934,13.166571],[-87.928212,13.158637],[-88.066029,13.167873],[-88.098378,13.174018],[-88.105214,13.174018],[-88.121938,13.167548],[-88.208282,13.160427],[-88.300893,13.174221],[-88.324941,13.166571],[-88.337758,13.170844],[-88.352284,13.174018],[-88.352284,13.180243],[-88.329701,13.181708],[-88.328114,13.197089],[-88.340199,13.216132],[-88.358429,13.228664],[-88.354482,13.220893],[-88.342559,13.204657],[-88.337921,13.194525],[-88.374054,13.195705],[-88.391754,13.193915],[-88.40685,13.18769],[-88.397206,13.183621],[-88.389394,13.18476],[-88.379994,13.187405],[-88.365875,13.18769],[-88.365875,13.180243],[-88.38915,13.170844],[-88.414825,13.171576],[-88.434845,13.183661],[-88.441029,13.208197],[-88.431182,13.203884],[-88.427358,13.201361],[-88.413686,13.215033],[-88.413686,13.221218],[-88.430776,13.228787],[-88.449574,13.254584],[-88.462148,13.262234],[-88.45877,13.247748],[-88.453114,13.235907],[-88.450185,13.225369],[-88.454701,13.215033],[-88.469228,13.22309],[-88.511505,13.233466],[-88.529775,13.242947],[-88.546295,13.271755],[-88.553985,13.276435],[-88.565704,13.277371],[-88.598663,13.283881],[-88.613393,13.283881],[-88.65392,13.276435],[-88.710439,13.27497],[-88.722768,13.269599],[-88.716054,13.26435],[-88.70873,13.260525],[-88.701405,13.259345],[-88.694854,13.262234],[-88.666615,13.255764],[-88.586334,13.264228],[-88.577382,13.262844],[-88.564483,13.256008],[-88.557485,13.249579],[-88.545033,13.234768],[-88.53661,13.228664],[-88.53661,13.221218],[-88.555328,13.224311],[-88.568959,13.226833],[-88.598663,13.2355],[-88.598663,13.228664],[-88.516713,13.212226],[-88.473907,13.198635],[-88.454701,13.180243],[-88.4617,13.16828],[-88.479604,13.17121],[-88.499542,13.181423],[-88.512685,13.191107],[-88.527455,13.198432],[-88.785675,13.245266],[-88.81664,13.259304],[-89.064809,13.372016],[-89.183502,13.443061],[-89.251454,13.472317],[-89.324859,13.489325],[-89.358998,13.489325],[-89.384999,13.495307],[-89.527067,13.494173],[-89.58779,13.508942],[-89.616353,13.514383],[-89.679766,13.534732],[-89.713128,13.527997],[-89.808048,13.526858],[-89.823297,13.53714],[-89.833377,13.573888],[-89.837148,13.596829],[-89.849662,13.606876],[-89.870263,13.619276],[-89.951318,13.66411],[-90.021171,13.695175],[-90.098307,13.731404]]],[[[-87.726293,13.198387],[-87.727187,13.211115],[-87.719913,13.216191],[-87.706087,13.211726],[-87.697565,13.193314],[-87.696996,13.178064],[-87.693194,13.167862],[-87.701673,13.163412],[-87.714585,13.167903],[-87.723111,13.164078],[-87.723028,13.174895],[-87.728352,13.185679],[-87.726293,13.198387]]],[[[-87.765782,13.248011],[-87.757933,13.243558],[-87.751387,13.228925],[-87.757267,13.220652],[-87.763805,13.214287],[-87.77689,13.225736],[-87.780169,13.241643],[-87.774286,13.247372],[-87.765782,13.248011]]]]}},{"type":"Feature","properties":{"shapeName":"Honduras","shapeISO":"HND"},"geometry":{"type":"MultiPolygon","coordinates":[[[[-89.361621,14.415478],[-89.363791,14.446561],[-89.361983,14.4624],[-89.355497,14.475448],[-89.345265,14.48196],[-89.323044,14.487463],[-89.314802,14.495964],[-89.304854,14.513353],[-89.290927,14.528003],[-89.259612,14.554255],[-89.250542,14.565184],[-89.245685,14.572988],[-89.238114,14.577949],[-89.221087,14.580093],[-89.208814,14.577949],[-89.183699,14.569525],[-89.172149,14.570404],[-89.160393,14.581282],[-89.155742,14.597844],[-89.155225,14.615595],[-89.159411,14.665979],[-89.155845,14.672258],[-89.145226,14.683446],[-89.142694,14.691275],[-89.144502,14.708302],[-89.146213,14.710858],[-89.150523,14.717294],[-89.159669,14.725123],[-89.170547,14.738791],[-89.189409,14.783001],[-89.198814,14.79809],[-89.218968,14.82168],[-89.227676,14.834574],[-89.23243,14.8485],[-89.231448,14.867311],[-89.223619,14.879015],[-89.198814,14.899815],[-89.189215,14.913059],[-89.181528,14.923664],[-89.169152,14.95206],[-89.1691,14.978415],[-89.188582,14.996088],[-89.172769,15.04221],[-89.160806,15.060245],[-89.14694,15.071284],[-89.140523,15.076394],[-89.109827,15.091457],[-89.008283,15.124401],[-88.973427,15.140395],[-88.847027,15.235299],[-88.760899,15.299962],[-88.674195,15.365058],[-88.587379,15.4303],[-88.50002,15.495903],[-88.467434,15.52074],[-88.398992,15.572797],[-88.352561,15.616903],[-88.322304,15.667262],[-88.316672,15.6746],[-88.295588,15.675013],[-88.279697,15.680749],[-88.264995,15.688604],[-88.247761,15.695684],[-88.241586,15.688242],[-88.23492,15.701575],[-88.235746,15.712427],[-88.23262,15.721419],[-88.220937,15.725653],[-88.215077,15.723212],[-88.169749,15.691962],[-88.145253,15.684516],[-88.118886,15.695868],[-88.060902,15.755764],[-88.036285,15.770941],[-88.041615,15.786689],[-88.031606,15.789862],[-87.992258,15.784613],[-87.933909,15.818793],[-87.926666,15.832343],[-87.92455,15.84219],[-87.930165,15.846747],[-87.941314,15.84984],[-87.950429,15.85692],[-87.954579,15.864],[-87.950999,15.867174],[-87.908762,15.868069],[-87.891957,15.872952],[-87.875559,15.884263],[-87.846059,15.893866],[-87.760081,15.899563],[-87.742096,15.904486],[-87.736318,15.918606],[-87.728342,15.921007],[-87.722157,15.922919],[-87.704335,15.920722],[-87.687489,15.914984],[-87.643056,15.889228],[-87.626047,15.887681],[-87.626047,15.893948],[-87.636301,15.90351],[-87.625966,15.914944],[-87.591298,15.935492],[-87.610422,15.910102],[-87.617299,15.894599],[-87.608632,15.887681],[-87.603139,15.880764],[-87.509633,15.798651],[-87.4794,15.786038],[-87.447336,15.792141],[-87.441762,15.797756],[-87.431549,15.813951],[-87.426829,15.818793],[-87.417144,15.819525],[-87.391184,15.818427],[-87.385854,15.822496],[-87.379954,15.839504],[-87.36498,15.848334],[-87.345082,15.850328],[-87.24177,15.827379],[-87.151723,15.796861],[-87.05899,15.787014],[-86.952504,15.763332],[-86.91686,15.760403],[-86.878733,15.764146],[-86.817372,15.781887],[-86.799631,15.784613],[-86.796864,15.787584],[-86.780181,15.800198],[-86.776357,15.801988],[-86.77066,15.806545],[-86.758453,15.802314],[-86.746449,15.7956],[-86.741567,15.792141],[-86.699086,15.788642],[-86.503814,15.80508],[-86.47057,15.804185],[-86.439931,15.792141],[-86.437856,15.790839],[-86.414662,15.776435],[-86.399037,15.772406],[-86.374745,15.770941],[-86.35497,15.773993],[-86.338287,15.781399],[-86.243235,15.838609],[-86.218495,15.865058],[-86.207143,15.87401],[-86.172597,15.887519],[-86.137807,15.895657],[-85.994862,15.900702],[-85.982289,15.904202],[-85.972157,15.909166],[-85.933258,15.936672],[-85.91218,15.959296],[-85.903188,15.983466],[-85.919179,16.00373],[-85.982493,16.012519],[-86.012766,16.019965],[-86.007924,16.031073],[-85.981842,16.033149],[-85.904552,16.018383],[-85.851005,16.008734],[-85.813466,16.004543],[-85.766332,15.991582],[-85.71935,15.979722],[-85.703196,15.976467],[-85.692047,15.971503],[-85.689443,15.960028],[-85.689605,15.946438],[-85.687001,15.935492],[-85.679555,15.935492],[-85.680084,15.942206],[-85.678049,15.94538],[-85.675038,15.947089],[-85.672719,15.949164],[-85.656221,15.948768],[-85.647334,15.935943],[-85.629563,15.922043],[-85.608464,15.907072],[-85.564055,15.888875],[-85.488578,15.869567],[-85.436394,15.873763],[-85.361991,15.88111],[-85.25425,15.884085],[-85.196355,15.907448],[-85.123783,15.958575],[-85.07578,15.986247],[-84.999949,15.987942],[-84.950774,15.972007],[-84.854464,15.929751],[-84.733589,15.895029],[-84.676552,15.876203],[-84.662277,15.865637],[-84.668481,15.853212],[-84.680854,15.834917],[-84.680939,15.819182],[-84.68108,15.794267],[-84.660054,15.774494],[-84.640297,15.771775],[-84.615713,15.779518],[-84.612189,15.799821],[-84.609409,15.808983],[-84.59987,15.808278],[-84.593129,15.795788],[-84.575485,15.783895],[-84.550255,15.787693],[-84.526433,15.784936],[-84.477437,15.778756],[-84.468516,15.789189],[-84.452811,15.795648],[-84.473867,15.804293],[-84.499033,15.809683],[-84.577975,15.82258],[-84.607887,15.835195],[-84.633055,15.847125],[-84.64183,15.862907],[-84.601646,15.854825],[-84.464168,15.829792],[-84.374315,15.820716],[-84.315042,15.817704],[-84.294638,15.81101],[-84.240394,15.767351],[-84.167071,15.709697],[-84.058306,15.620248],[-83.952933,15.532887],[-83.894171,15.485181],[-83.817535,15.439887],[-83.799062,15.429348],[-83.780873,15.421536],[-83.745676,15.415839],[-83.736806,15.411322],[-83.72997,15.401557],[-83.72936,15.393744],[-83.735911,15.388617],[-83.750803,15.386786],[-83.7683,15.393378],[-83.806223,15.422349],[-83.834462,15.431789],[-83.853424,15.44477],[-83.862782,15.448879],[-83.893137,15.449164],[-83.906361,15.451972],[-83.91808,15.463121],[-83.913401,15.46483],[-83.909169,15.467841],[-83.904408,15.469387],[-83.913075,15.481838],[-83.945953,15.517768],[-83.952789,15.517768],[-83.963735,15.512519],[-83.977162,15.520209],[-83.9912,15.531684],[-84.004018,15.537584],[-84.024526,15.535102],[-84.033925,15.528876],[-84.041168,15.520209],[-84.055247,15.510932],[-84.061594,15.515082],[-84.089345,15.524604],[-84.076568,15.535549],[-84.071156,15.541653],[-84.068837,15.548163],[-84.073638,15.550482],[-84.084381,15.552191],[-84.096181,15.552639],[-84.103627,15.551215],[-84.106435,15.540432],[-84.100006,15.523261],[-84.088368,15.504869],[-84.075754,15.490424],[-84.078236,15.488227],[-84.079335,15.487535],[-84.080312,15.486396],[-84.082509,15.482978],[-84.089345,15.482978],[-84.119293,15.539293],[-84.13036,15.551215],[-84.141754,15.553127],[-84.154897,15.550686],[-84.171946,15.545071],[-84.183827,15.545885],[-84.200999,15.549872],[-84.21288,15.551215],[-84.205149,15.52851],[-84.19872,15.520738],[-84.180409,15.514472],[-84.180165,15.506171],[-84.183461,15.49494],[-84.185536,15.482978],[-84.1787,15.482978],[-84.175608,15.498277],[-84.155588,15.507392],[-84.146555,15.535102],[-84.137115,15.538072],[-84.127797,15.53262],[-84.114247,15.499905],[-84.098053,15.473456],[-84.092152,15.450914],[-84.113596,15.441392],[-84.124176,15.430243],[-84.116526,15.404975],[-84.099517,15.37759],[-84.082509,15.360093],[-84.056711,15.346829],[-84.03539,15.341864],[-84.025868,15.351223],[-84.03539,15.380561],[-84.021962,15.370307],[-84.010081,15.356757],[-84.00536,15.341295],[-84.01358,15.325344],[-83.999908,15.308824],[-83.980621,15.305732],[-83.931752,15.311672],[-83.931752,15.304877],[-83.941396,15.305243],[-83.947906,15.303412],[-83.958974,15.298041],[-83.958974,15.291815],[-83.950673,15.274807],[-83.938385,15.259223],[-83.921986,15.24787],[-83.90099,15.243394],[-83.882802,15.245551],[-83.859527,15.251288],[-83.837148,15.259996],[-83.821889,15.270697],[-83.834543,15.28262],[-83.877065,15.304877],[-83.884267,15.311713],[-83.887603,15.318345],[-83.891672,15.323391],[-83.90099,15.325344],[-83.911733,15.326117],[-83.988149,15.352362],[-84.0006,15.360093],[-84.023793,15.392564],[-84.03539,15.401068],[-84.026519,15.408677],[-84.016713,15.413723],[-83.994374,15.421536],[-83.905141,15.383531],[-83.890736,15.363227],[-83.885081,15.352607],[-83.871327,15.342841],[-83.8544,15.335598],[-83.825917,15.329739],[-83.814076,15.321682],[-83.803863,15.310492],[-83.795155,15.298041],[-83.801829,15.293687],[-83.809926,15.286689],[-83.815663,15.284369],[-83.815663,15.278144],[-83.799224,15.274604],[-83.785308,15.28441],[-83.774526,15.285712],[-83.767201,15.256415],[-83.769439,15.219224],[-83.767201,15.209296],[-83.759836,15.202094],[-83.752268,15.202541],[-83.747182,15.209703],[-83.747385,15.222886],[-83.739898,15.222886],[-83.731028,15.203437],[-83.722646,15.208075],[-83.7058,15.237209],[-83.690256,15.245917],[-83.669545,15.251899],[-83.633778,15.256415],[-83.629384,15.261135],[-83.631459,15.28384],[-83.630035,15.291815],[-83.623362,15.296088],[-83.617014,15.2956],[-83.609486,15.29328],[-83.544667,15.280992],[-83.527659,15.284369],[-83.527659,15.278144],[-83.533599,15.272162],[-83.532948,15.268134],[-83.529652,15.263739],[-83.527659,15.256415],[-83.527659,15.226304],[-83.532867,15.211249],[-83.544423,15.204983],[-83.555898,15.209296],[-83.561147,15.226304],[-83.564809,15.231391],[-83.573476,15.234768],[-83.583852,15.23664],[-83.592519,15.237209],[-83.5985,15.2331],[-83.603912,15.224026],[-83.610219,15.209296],[-83.614735,15.204088],[-83.61913,15.200873],[-83.622467,15.19595],[-83.62385,15.18537],[-83.621449,15.176174],[-83.615793,15.174506],[-83.608998,15.177395],[-83.603383,15.181952],[-83.608469,15.190416],[-83.609486,15.196926],[-83.607493,15.202826],[-83.603383,15.209296],[-83.595937,15.209296],[-83.593861,15.18476],[-83.587026,15.167182],[-83.574452,15.160468],[-83.554921,15.16828],[-83.54955,15.174018],[-83.540435,15.188666],[-83.534495,15.195014],[-83.526601,15.199897],[-83.481801,15.215562],[-83.482167,15.219062],[-83.486684,15.229722],[-83.490875,15.235907],[-83.496571,15.240465],[-83.502309,15.246283],[-83.5065,15.256415],[-83.509877,15.270575],[-83.517201,15.2897],[-83.529612,15.301011],[-83.548166,15.291815],[-83.57787,15.309068],[-83.592641,15.312242],[-83.610219,15.304877],[-83.616363,15.311672],[-83.614125,15.315416],[-83.610219,15.325344],[-83.626332,15.32746],[-83.669586,15.342922],[-83.678456,15.34927],[-83.688954,15.360582],[-83.709828,15.367092],[-83.725331,15.375881],[-83.71939,15.394232],[-83.702992,15.402004],[-83.687408,15.393744],[-83.673329,15.380601],[-83.661366,15.373765],[-83.650624,15.370307],[-83.542592,15.315741],[-83.40803,15.266425],[-83.356313,15.229722],[-83.344553,15.210883],[-83.32844,15.146633],[-83.310862,15.106431],[-83.284291,15.068345],[-83.253814,15.044623],[-83.130444,14.997012],[-83.143654,14.9949],[-83.177399,14.996812],[-83.191326,14.994254],[-83.217732,14.982497],[-83.262019,14.983195],[-83.266153,14.982497],[-83.278323,14.987122],[-83.285661,14.992109],[-83.284886,14.99738],[-83.272974,15.003039],[-83.317054,15.007561],[-83.334237,15.006449],[-83.349352,14.996812],[-83.354546,15.010067],[-83.364984,15.016346],[-83.377826,15.021255],[-83.390306,15.03097],[-83.399892,15.013633],[-83.415472,14.996941],[-83.435729,14.985185],[-83.45919,14.982497],[-83.468389,14.987407],[-83.480559,15.005545],[-83.485855,15.01048],[-83.499007,15.012651],[-83.509084,15.01154],[-83.512469,15.006501],[-83.505725,14.996812],[-83.510996,14.990171],[-83.512624,14.984022],[-83.513218,14.968855],[-83.523037,14.977692],[-83.528618,14.973402],[-83.52991,14.961775],[-83.526861,14.948365],[-83.532493,14.951027],[-83.54735,14.955212],[-83.545128,14.952163],[-83.542441,14.945084],[-83.540477,14.94157],[-83.554869,14.93741],[-83.579777,14.918109],[-83.604272,14.909194],[-83.609181,14.898368],[-83.6113,14.884907],[-83.615615,14.872685],[-83.623056,14.872685],[-83.631557,14.883201],[-83.649954,14.888498],[-83.672149,14.889635],[-83.691967,14.886974],[-83.710622,14.878344],[-83.714498,14.867233],[-83.705015,14.838527],[-83.712431,14.838527],[-83.716203,14.847054],[-83.723619,14.851575],[-83.733928,14.85297],[-83.746563,14.852195],[-83.744522,14.836667],[-83.765296,14.828786],[-83.821055,14.825479],[-83.813923,14.813774],[-83.808988,14.80889],[-83.801211,14.803775],[-83.819659,14.803619],[-83.839503,14.797418],[-83.857306,14.787781],[-83.869475,14.777109],[-83.875263,14.784267],[-83.878751,14.786747],[-83.882679,14.787832],[-83.889939,14.790726],[-83.885004,14.781347],[-83.883764,14.777109],[-83.896554,14.780443],[-83.912651,14.797186],[-83.924718,14.803775],[-83.929653,14.780882],[-83.929859,14.771658],[-83.924718,14.763441],[-84.023575,14.758325],[-84.040757,14.76034],[-84.042669,14.768066],[-84.047811,14.770805],[-84.064683,14.770262],[-84.075199,14.771632],[-84.078972,14.775172],[-84.081556,14.779797],[-84.104448,14.79393],[-84.11176,14.793413],[-84.122716,14.784525],[-84.111114,14.761038],[-84.10419,14.751866],[-84.095431,14.743597],[-84.095431,14.736104],[-84.102278,14.731867],[-84.106515,14.732332],[-84.111218,14.734709],[-84.119615,14.736104],[-84.128736,14.734192],[-84.133852,14.730032],[-84.137883,14.725226],[-84.1438,14.721867],[-84.168191,14.714969],[-84.182893,14.713858],[-84.195011,14.718715],[-84.218679,14.743442],[-84.226379,14.749773],[-84.235396,14.754734],[-84.24922,14.75941],[-84.261803,14.758532],[-84.267332,14.746672],[-84.262165,14.69975],[-84.267281,14.677736],[-84.287796,14.66722],[-84.298881,14.667995],[-84.323169,14.673317],[-84.338387,14.674687],[-84.346036,14.679984],[-84.353193,14.705977],[-84.362934,14.715615],[-84.376137,14.696727],[-84.390012,14.671483],[-84.408435,14.649417],[-84.445719,14.636679],[-84.471609,14.622623],[-84.482694,14.619471],[-84.498016,14.623915],[-84.50848,14.632622],[-84.519048,14.638281],[-84.534215,14.633733],[-84.531218,14.653319],[-84.52742,14.660398],[-84.600439,14.662517],[-84.62297,14.66722],[-84.661701,14.683446],[-84.680847,14.685461],[-84.699321,14.674687],[-84.714411,14.708922],[-84.72485,14.72564],[-84.745288,14.739101],[-84.74428,14.752408],[-84.747045,14.764475],[-84.76694,14.766903],[-84.766397,14.768867],[-84.758568,14.77866],[-84.755468,14.781476],[-84.77017,14.805144],[-84.792132,14.82106],[-84.8181,14.828657],[-84.844429,14.827546],[-84.904219,14.816978],[-84.920626,14.807702],[-84.966463,14.76463],[-84.984369,14.752227],[-84.999948,14.742016],[-85.00199,14.740678],[-85.015659,14.728172],[-85.024547,14.71254],[-85.029792,14.675539],[-85.033048,14.669571],[-85.038215,14.66722],[-85.053925,14.66306],[-85.048525,14.653319],[-85.020206,14.633733],[-85.04222,14.613476],[-85.048163,14.605776],[-85.022222,14.605802],[-85.023657,14.602541],[-85.029637,14.588956],[-85.065242,14.554255],[-85.086378,14.54454],[-85.103354,14.556865],[-85.119322,14.573969],[-85.137538,14.578491],[-85.14547,14.564254],[-85.149811,14.536504],[-85.151826,14.485964],[-85.155392,14.479479],[-85.178491,14.455605],[-85.17968,14.449248],[-85.177354,14.433978],[-85.178491,14.427648],[-85.205828,14.407158],[-85.189731,14.396848],[-85.171877,14.38101],[-85.159035,14.361063],[-85.158027,14.338273],[-85.169629,14.321763],[-85.190196,14.309644],[-85.215207,14.301583],[-85.23996,14.29732],[-85.277813,14.29732],[-85.2882,14.295149],[-85.311971,14.283651],[-85.321351,14.281326],[-85.326828,14.275745],[-85.330885,14.269001],[-85.337965,14.260681],[-85.340807,14.253369],[-85.343623,14.250113],[-85.347809,14.249235],[-85.358532,14.250888],[-85.362873,14.250113],[-85.37251,14.241096],[-85.384008,14.226445],[-85.39362,14.210762],[-85.400881,14.185182],[-85.409123,14.166165],[-85.420156,14.146864],[-85.431732,14.132834],[-85.457621,14.113041],[-85.474675,14.103404],[-85.510641,14.093792],[-85.516403,14.080537],[-85.518625,14.064595],[-85.527953,14.050901],[-85.546634,14.044906],[-85.563146,14.042012],[-85.571697,14.040514],[-85.593608,14.03346],[-85.603065,14.019533],[-85.612806,14.00974],[-85.647868,13.999302],[-85.644613,13.988786],[-85.647661,13.987804],[-85.6504,13.987855],[-85.651951,13.986693],[-85.651486,13.98199],[-85.657661,13.98199],[-85.666188,13.984471],[-85.686496,13.96734],[-85.699235,13.9615],[-85.716985,13.962689],[-85.727347,13.965014],[-85.732204,13.959537],[-85.733393,13.937626],[-85.743289,13.90755],[-85.747449,13.888275],[-85.743676,13.879567],[-85.72869,13.87502],[-85.723006,13.863418],[-85.725124,13.847941],[-85.733393,13.831793],[-85.740293,13.825639],[-85.742462,13.823705],[-85.743115,13.823958],[-85.744994,13.824687],[-85.758301,13.839286],[-85.778661,13.840939],[-85.802019,13.840216],[-85.824162,13.847683],[-85.840105,13.866571],[-85.849871,13.887086],[-85.861602,13.904424],[-85.883564,13.913855],[-85.897207,13.913028],[-85.906302,13.909359],[-85.9155,13.907447],[-85.929401,13.912098],[-85.936119,13.918195],[-85.957772,13.946101],[-86.028413,13.996072],[-86.031256,14.022582],[-86.020455,14.044079],[-86.020197,14.055164],[-86.09673,14.044079],[-86.110476,14.037129],[-86.121689,14.027207],[-86.126909,14.018551],[-86.130836,14.008913],[-86.138019,13.996175],[-86.149698,13.984264],[-86.16179,13.978114],[-86.173573,13.97367],[-86.184063,13.966875],[-86.218583,13.914371],[-86.284108,13.845719],[-86.299921,13.821328],[-86.307776,13.791692],[-86.313564,13.776602],[-86.325191,13.76376],[-86.340126,13.756655],[-86.358471,13.752262],[-86.410096,13.749033],[-86.417072,13.750015],[-86.426529,13.752986],[-86.432471,13.75712],[-86.448233,13.772959],[-86.462857,13.770944],[-86.476293,13.764019],[-86.490814,13.759497],[-86.508539,13.764381],[-86.541664,13.782131],[-86.581145,13.779858],[-86.66269,13.764691],[-86.706305,13.770013],[-86.727234,13.768256],[-86.74992,13.75712],[-86.761444,13.749343],[-86.766198,13.74526],[-86.767903,13.739162],[-86.770229,13.725236],[-86.771168,13.70789],[-86.774053,13.654594],[-86.772141,13.645525],[-86.768213,13.640357],[-86.76413,13.637336],[-86.755398,13.630875],[-86.751573,13.624415],[-86.750902,13.608421],[-86.757103,13.576408],[-86.756586,13.55938],[-86.724288,13.439413],[-86.725942,13.423833],[-86.738654,13.396212],[-86.740205,13.381923],[-86.736381,13.37195],[-86.730438,13.368901],[-86.723616,13.367325],[-86.717157,13.36164],[-86.709922,13.348902],[-86.707804,13.34283],[-86.701861,13.314201],[-86.704031,13.298828],[-86.711783,13.285676],[-86.725477,13.273299],[-86.732715,13.26847],[-86.739843,13.263713],[-86.7493,13.261285],[-86.758653,13.264179],[-86.816221,13.291929],[-86.833429,13.29335],[-86.8495,13.288828],[-86.862729,13.27994],[-86.910789,13.239581],[-86.91885,13.229762],[-86.925981,13.216352],[-86.933216,13.188188],[-86.934921,13.185527],[-86.933061,13.179713],[-86.925516,13.163642],[-86.923708,13.161136],[-86.932338,13.108529],[-86.929805,13.102225],[-86.924173,13.099796],[-86.920245,13.096178],[-86.922932,13.086386],[-86.927997,13.081244],[-86.942725,13.074061],[-86.948409,13.069694],[-86.971818,13.033883],[-86.983187,13.021868],[-87.008767,13.006081],[-87.029618,12.996081],[-87.035045,12.979777],[-87.046853,12.980552],[-87.069849,12.994376],[-87.084654,12.995926],[-87.314036,12.981553],[-87.313629,12.981838],[-87.303944,12.988471],[-87.300811,13.001247],[-87.293568,13.011054],[-87.282826,13.018215],[-87.269154,13.02322],[-87.269154,13.029446],[-87.296783,13.030341],[-87.31668,13.034206],[-87.331776,13.04267],[-87.344838,13.057318],[-87.351348,13.067206],[-87.352813,13.072537],[-87.351064,13.088406],[-87.344716,13.090766],[-87.314076,13.095404],[-87.303944,13.098334],[-87.361806,13.113349],[-87.394561,13.116848],[-87.413116,13.111355],[-87.419342,13.111355],[-87.422109,13.149929],[-87.43578,13.189399],[-87.455068,13.224311],[-87.474599,13.249172],[-87.480824,13.265163],[-87.482045,13.265937],[-87.484527,13.270087],[-87.490346,13.269721],[-87.496978,13.268337],[-87.501943,13.269599],[-87.508901,13.278632],[-87.512237,13.286689],[-87.510487,13.294949],[-87.501943,13.304389],[-87.493438,13.30976],[-87.476674,13.317328],[-87.467763,13.324897],[-87.447784,13.352566],[-87.440419,13.359036],[-87.42691,13.356024],[-87.411122,13.359809],[-87.379018,13.372016],[-87.380401,13.380439],[-87.38036,13.386298],[-87.379018,13.393134],[-87.393788,13.40644],[-87.400624,13.41116],[-87.409779,13.413031],[-87.42984,13.409369],[-87.437774,13.411038],[-87.447296,13.420478],[-87.464386,13.408271],[-87.469635,13.402981],[-87.474599,13.393134],[-87.47643,13.379706],[-87.473053,13.372463],[-87.472279,13.367011],[-87.482045,13.359036],[-87.488271,13.358303],[-87.522979,13.359036],[-87.538604,13.355292],[-87.547597,13.355007],[-87.557159,13.359036],[-87.557159,13.365871],[-87.542836,13.365871],[-87.542836,13.372016],[-87.561798,13.376003],[-87.581329,13.38288],[-87.598866,13.384345],[-87.611806,13.372016],[-87.61856,13.372016],[-87.616729,13.381863],[-87.60558,13.406806],[-87.619252,13.412014],[-87.622426,13.423],[-87.61856,13.451199],[-87.624013,13.466254],[-87.636464,13.46369],[-87.65038,13.452297],[-87.660146,13.440945],[-87.65099,13.412543],[-87.665679,13.386013],[-87.692779,13.366482],[-87.720977,13.359036],[-87.738881,13.362372],[-87.762237,13.37637],[-87.781361,13.382595],[-87.782948,13.389431],[-87.782948,13.396267],[-87.786488,13.399359],[-87.796254,13.399848],[-87.803009,13.401394],[-87.817169,13.406562],[-87.738412,13.441687],[-87.721153,13.460833],[-87.718801,13.473675],[-87.720584,13.486982],[-87.725726,13.49897],[-87.733426,13.507704],[-87.747973,13.513233],[-87.76916,13.50636],[-87.779469,13.509978],[-87.789934,13.532819],[-87.784069,13.560465],[-87.760091,13.616948],[-87.757817,13.635164],[-87.758644,13.672267],[-87.755026,13.689915],[-87.746319,13.702188],[-87.736294,13.711464],[-87.731359,13.722213],[-87.737844,13.738775],[-87.732806,13.755105],[-87.712626,13.800451],[-87.703608,13.814998],[-87.721204,13.821896],[-87.749529,13.845627],[-87.765336,13.858871],[-87.771434,13.862127],[-87.785412,13.867398],[-87.790606,13.870472],[-87.798719,13.882332],[-87.80846,13.908635],[-87.817891,13.91587],[-87.832903,13.91525],[-87.842954,13.907111],[-87.851222,13.896879],[-87.860911,13.890187],[-87.870549,13.889567],[-87.890109,13.893546],[-87.900108,13.89414],[-87.907885,13.89153],[-87.920753,13.881867],[-87.925326,13.879619],[-87.932173,13.881557],[-87.946927,13.89091],[-87.952595,13.892029],[-87.954782,13.892461],[-87.969742,13.888533],[-88.015321,13.866364],[-88.023641,13.891169],[-88.03997,13.910134],[-88.058393,13.92649],[-88.072888,13.943414],[-88.087538,13.980543],[-88.099036,13.989819],[-88.125391,13.991266],[-88.177533,13.985194],[-88.193475,13.985556],[-88.217659,13.990797],[-88.220063,13.991318],[-88.235075,13.992868],[-88.244893,13.989251],[-88.245358,13.985892],[-88.244376,13.9661],[-88.242309,13.962534],[-88.233369,13.954498],[-88.231586,13.951811],[-88.236367,13.938143],[-88.242774,13.936696],[-88.251637,13.938091],[-88.2636,13.933104],[-88.270163,13.926024],[-88.274171,13.91912],[-88.277527,13.913338],[-88.285433,13.905974],[-88.296311,13.902357],[-88.308429,13.901478],[-88.319256,13.897602],[-88.326206,13.885071],[-88.332614,13.887706],[-88.340572,13.890032],[-88.348556,13.891375],[-88.355067,13.890962],[-88.358194,13.887396],[-88.358917,13.881195],[-88.358917,13.875278],[-88.360106,13.872384],[-88.367418,13.873108],[-88.38336,13.879257],[-88.392946,13.879774],[-88.433228,13.871067],[-88.451444,13.863574],[-88.470151,13.852489],[-88.496816,13.851197],[-88.488005,13.865331],[-88.488677,13.88135],[-88.499503,13.907602],[-88.502293,13.91711],[-88.500226,13.931864],[-88.496816,13.944034],[-88.496092,13.955687],[-88.501198,13.9666],[-88.502293,13.968942],[-88.498183,13.96841],[-88.497901,13.968373],[-88.497085,13.969068],[-88.496506,13.969562],[-88.496196,13.971991],[-88.49542,13.975143],[-88.504361,13.983695],[-88.51405,13.987649],[-88.558104,13.990904],[-88.633862,14.014469],[-88.659338,14.016122],[-88.684815,14.012298],[-88.690938,14.009999],[-88.690812,14.01179],[-88.690447,14.016949],[-88.692695,14.025295],[-88.697656,14.032013],[-88.704865,14.038033],[-88.709516,14.039687],[-88.730962,14.042477],[-88.746645,14.052477],[-88.746077,14.066559],[-88.740057,14.083017],[-88.73923,14.099942],[-88.746387,14.111336],[-88.75512,14.110458],[-88.76543,14.104256],[-88.777341,14.099735],[-88.821189,14.102939],[-88.838759,14.100407],[-88.845322,14.128622],[-88.860334,14.158517],[-88.881263,14.1842],[-88.906016,14.199574],[-88.921648,14.199884],[-88.935626,14.194018],[-88.947486,14.187275],[-88.957175,14.185182],[-88.965986,14.191383],[-88.969242,14.202002],[-88.970228,14.210176],[-88.970792,14.214844],[-88.974564,14.227376],[-88.98353,14.242129],[-88.992754,14.252955],[-89.018128,14.271688],[-89.022623,14.280654],[-89.026603,14.311298],[-89.032985,14.323675],[-89.048978,14.331452],[-89.083085,14.335328],[-89.09448,14.344862],[-89.090552,14.354706],[-89.089674,14.364887],[-89.091844,14.374834],[-89.096831,14.384007],[-89.102567,14.391526],[-89.107476,14.39597],[-89.113341,14.397055],[-89.122178,14.394678],[-89.13011,14.386746],[-89.144502,14.359719],[-89.153985,14.351296],[-89.200158,14.36468],[-89.225531,14.382147],[-89.276536,14.39274],[-89.307567,14.407055],[-89.346206,14.413076],[-89.361621,14.415478]]],[[[-87.615142,13.290107],[-87.611969,13.282864],[-87.613881,13.26732],[-87.624338,13.252916],[-87.646555,13.249172],[-87.658559,13.250963],[-87.66275,13.252753],[-87.667063,13.256008],[-87.667063,13.262193],[-87.660146,13.262193],[-87.663971,13.267483],[-87.670033,13.278551],[-87.673818,13.283881],[-87.657623,13.28913],[-87.644846,13.290839],[-87.615142,13.290107]]],[[[-87.622304,13.368883],[-87.612416,13.366034],[-87.585439,13.371731],[-87.57079,13.372016],[-87.57079,13.365871],[-87.588124,13.357978],[-87.576283,13.318549],[-87.591298,13.304389],[-87.637563,13.319159],[-87.659006,13.331692],[-87.656484,13.349066],[-87.643463,13.367743],[-87.634429,13.373481],[-87.622304,13.368883]]],[[[-86.878733,16.127265],[-86.872548,16.120998],[-86.881174,16.10456],[-86.878733,16.093166],[-86.897572,16.093817],[-86.913197,16.090155],[-86.940175,16.079495],[-86.963721,16.066388],[-86.978935,16.077789],[-86.997405,16.083959],[-86.988735,16.095466],[-86.944251,16.116508],[-86.918365,16.122056],[-86.90392,16.124172],[-86.890533,16.127834],[-86.878733,16.127265]]],[[[-86.606542,16.285029],[-86.599333,16.309298],[-86.570447,16.33244],[-86.530682,16.356181],[-86.5,16.368909],[-86.44039,16.396545],[-86.375444,16.417333],[-86.332125,16.429448],[-86.302047,16.432903],[-86.262351,16.430582],[-86.231077,16.428835],[-86.181751,16.428225],[-86.202209,16.422471],[-86.22387,16.412101],[-86.243112,16.417881],[-86.273186,16.410972],[-86.294342,16.415269],[-86.312123,16.412502],[-86.318918,16.409329],[-86.332672,16.400458],[-86.338857,16.397854],[-86.347768,16.397528],[-86.362206,16.394254],[-86.380254,16.381558],[-86.41696,16.364232],[-86.453071,16.351511],[-86.491022,16.325488],[-86.525266,16.315212],[-86.548153,16.312853],[-86.563799,16.29839],[-86.58065,16.282767],[-86.600504,16.269449],[-86.606542,16.285029]]],[[[-85.911473,16.462043],[-85.89557,16.488745],[-85.884145,16.502834],[-85.851131,16.517218],[-85.832128,16.510498],[-85.81695,16.498309],[-85.822061,16.486163],[-85.844254,16.483779],[-85.849367,16.469205],[-85.86272,16.452221],[-85.882363,16.451047],[-85.8957,16.436496],[-85.947068,16.40319],[-85.950847,16.412308],[-85.940679,16.429903],[-85.926691,16.454782],[-85.911473,16.462043]]],[[[-83.941151,17.418647],[-83.933583,17.417873],[-83.926137,17.416327],[-83.918935,17.414049],[-83.912343,17.411119],[-83.921946,17.409084],[-83.930328,17.40941],[-83.936879,17.412543],[-83.941151,17.418647]]]]}},{"type":"Feature","properties":{"shapeName":"Nicaragua","shapeISO":"NIC"},"geometry":{"type":"MultiPolygon","coordinates":[[[[-85.701736,11.08088],[-85.702423,11.081204],[-85.752309,11.101711],[-85.771718,11.104682],[-85.785797,11.11225],[-85.793691,11.130032],[-85.80309,11.166083],[-85.821319,11.192816],[-85.928009,11.310736],[-85.936798,11.316962],[-85.941518,11.319119],[-85.956817,11.329779],[-85.960113,11.334011],[-85.994862,11.343655],[-86.010365,11.357978],[-86.043935,11.398098],[-86.070587,11.411689],[-86.104726,11.447292],[-86.148305,11.471747],[-86.16275,11.484524],[-86.166656,11.492621],[-86.176137,11.522406],[-86.207143,11.536038],[-86.244374,11.571601],[-86.336456,11.611355],[-86.352081,11.622626],[-86.365387,11.637966],[-86.376617,11.66946],[-86.496368,11.759426],[-86.515614,11.783108],[-86.542388,11.842353],[-86.553212,11.851345],[-86.563262,11.856635],[-86.58963,11.882839],[-86.605214,11.90469],[-86.622222,11.936103],[-86.625478,11.950995],[-86.63036,11.964911],[-86.641876,11.976508],[-86.666493,11.995307],[-86.689809,12.024075],[-86.727569,12.088284],[-86.762685,12.182278],[-86.772572,12.197414],[-86.797515,12.218533],[-87.002227,12.341376],[-87.015045,12.356838],[-87.071401,12.388699],[-87.101959,12.420966],[-87.17101,12.451443],[-87.173573,12.474514],[-87.162099,12.459621],[-87.142486,12.446845],[-87.119618,12.43769],[-87.097808,12.433539],[-87.12267,12.460354],[-87.135487,12.470486],[-87.149322,12.474514],[-87.157867,12.481024],[-87.180409,12.522976],[-87.186635,12.522976],[-87.176422,12.485907],[-87.192738,12.499905],[-87.218861,12.532253],[-87.238067,12.550238],[-87.250478,12.555325],[-87.312978,12.60281],[-87.321278,12.611233],[-87.325795,12.621609],[-87.331207,12.638983],[-87.334014,12.633572],[-87.341786,12.624091],[-87.344838,12.619167],[-87.454864,12.743801],[-87.467763,12.769965],[-87.46349,12.765163],[-87.45934,12.762397],[-87.447296,12.756293],[-87.447296,12.762519],[-87.452056,12.764187],[-87.460927,12.769965],[-87.460927,12.77619],[-87.46349,12.786322],[-87.480255,12.799994],[-87.502919,12.811957],[-87.522979,12.817165],[-87.522979,12.81094],[-87.496449,12.79385],[-87.482533,12.781195],[-87.482045,12.769965],[-87.492218,12.771389],[-87.506988,12.782416],[-87.529205,12.803494],[-87.646514,12.872382],[-87.670929,12.8935],[-87.685658,12.91828],[-87.685821,12.947577],[-87.667022,12.982245],[-87.638824,13.006496],[-87.609975,13.024075],[-87.588775,13.046332],[-87.583852,13.084662],[-87.577626,13.084662],[-87.580434,13.063178],[-87.583852,13.057318],[-87.572621,13.057318],[-87.559071,13.055569],[-87.547637,13.052151],[-87.542836,13.047431],[-87.538116,13.044501],[-87.512725,13.02322],[-87.506378,13.01968],[-87.488271,12.995917],[-87.483876,12.992621],[-87.471059,12.985053],[-87.467763,12.982245],[-87.466908,12.975735],[-87.468984,12.960639],[-87.467763,12.954291],[-87.435048,12.92239],[-87.392486,12.913398],[-87.289581,12.919582],[-87.289581,12.927029],[-87.341664,12.925727],[-87.367787,12.928534],[-87.379018,12.937567],[-87.368927,12.953559],[-87.320587,12.9772],[-87.314036,12.981553],[-87.084654,12.995926],[-87.069849,12.994376],[-87.046853,12.980552],[-87.035045,12.979777],[-87.029618,12.996081],[-87.008767,13.006081],[-86.983187,13.021868],[-86.971818,13.033883],[-86.948409,13.069694],[-86.942725,13.074061],[-86.927997,13.081244],[-86.922932,13.086386],[-86.920245,13.096178],[-86.924173,13.099796],[-86.929805,13.102225],[-86.932338,13.108529],[-86.923708,13.161136],[-86.925516,13.163642],[-86.933061,13.179713],[-86.934921,13.185527],[-86.933216,13.188188],[-86.925981,13.216352],[-86.91885,13.229762],[-86.910789,13.239581],[-86.862729,13.27994],[-86.8495,13.288828],[-86.833429,13.29335],[-86.816221,13.291929],[-86.758653,13.264179],[-86.7493,13.261285],[-86.739843,13.263713],[-86.732715,13.26847],[-86.725477,13.273299],[-86.711783,13.285676],[-86.704031,13.298828],[-86.701861,13.314201],[-86.707804,13.34283],[-86.709922,13.348902],[-86.717157,13.36164],[-86.723616,13.367325],[-86.730438,13.368901],[-86.736381,13.37195],[-86.740205,13.381923],[-86.738654,13.396212],[-86.725942,13.423833],[-86.724288,13.439413],[-86.756586,13.55938],[-86.757103,13.576408],[-86.750902,13.608421],[-86.751573,13.624415],[-86.755398,13.630875],[-86.76413,13.637336],[-86.768213,13.640357],[-86.772141,13.645525],[-86.774053,13.654594],[-86.771168,13.70789],[-86.770229,13.725236],[-86.767903,13.739162],[-86.766198,13.74526],[-86.761444,13.749343],[-86.74992,13.75712],[-86.727234,13.768256],[-86.706305,13.770013],[-86.66269,13.764691],[-86.581145,13.779858],[-86.541664,13.782131],[-86.508539,13.764381],[-86.490814,13.759497],[-86.476293,13.764019],[-86.462857,13.770944],[-86.448233,13.772959],[-86.432471,13.75712],[-86.426529,13.752986],[-86.417072,13.750015],[-86.410096,13.749033],[-86.358471,13.752262],[-86.340126,13.756655],[-86.325191,13.76376],[-86.313564,13.776602],[-86.307776,13.791692],[-86.299921,13.821328],[-86.284108,13.845719],[-86.218583,13.914371],[-86.184063,13.966875],[-86.173573,13.97367],[-86.16179,13.978114],[-86.149698,13.984264],[-86.138019,13.996175],[-86.130836,14.008913],[-86.126909,14.018551],[-86.121689,14.027207],[-86.110476,14.037129],[-86.09673,14.044079],[-86.020197,14.055164],[-86.020455,14.044079],[-86.031256,14.022582],[-86.028413,13.996072],[-85.957772,13.946101],[-85.936119,13.918195],[-85.929401,13.912098],[-85.9155,13.907447],[-85.906302,13.909359],[-85.897207,13.913028],[-85.883564,13.913855],[-85.861602,13.904424],[-85.849871,13.887086],[-85.840105,13.866571],[-85.824162,13.847683],[-85.802019,13.840216],[-85.778661,13.840939],[-85.758301,13.839286],[-85.744994,13.824687],[-85.743115,13.823958],[-85.742462,13.823705],[-85.740293,13.825639],[-85.733393,13.831793],[-85.725124,13.847941],[-85.723006,13.863418],[-85.72869,13.87502],[-85.743676,13.879567],[-85.747449,13.888275],[-85.743289,13.90755],[-85.733393,13.937626],[-85.732204,13.959537],[-85.727347,13.965014],[-85.716985,13.962689],[-85.699235,13.9615],[-85.686496,13.96734],[-85.666188,13.984471],[-85.657661,13.98199],[-85.651486,13.98199],[-85.651951,13.986693],[-85.6504,13.987855],[-85.647661,13.987804],[-85.644613,13.988786],[-85.647868,13.999302],[-85.612806,14.00974],[-85.603065,14.019533],[-85.593608,14.03346],[-85.571697,14.040514],[-85.563146,14.042012],[-85.546634,14.044906],[-85.527953,14.050901],[-85.518625,14.064595],[-85.516403,14.080537],[-85.510641,14.093792],[-85.474675,14.103404],[-85.457621,14.113041],[-85.431732,14.132834],[-85.420156,14.146864],[-85.409123,14.166165],[-85.400881,14.185182],[-85.39362,14.210762],[-85.384008,14.226445],[-85.37251,14.241096],[-85.362873,14.250113],[-85.358532,14.250888],[-85.347809,14.249235],[-85.343623,14.250113],[-85.340807,14.253369],[-85.337965,14.260681],[-85.330885,14.269001],[-85.326828,14.275745],[-85.321351,14.281326],[-85.311971,14.283651],[-85.2882,14.295149],[-85.277813,14.29732],[-85.23996,14.29732],[-85.215207,14.301583],[-85.190196,14.309644],[-85.169629,14.321763],[-85.158027,14.338273],[-85.159035,14.361063],[-85.171877,14.38101],[-85.189731,14.396848],[-85.205828,14.407158],[-85.178491,14.427648],[-85.177354,14.433978],[-85.17968,14.449248],[-85.178491,14.455605],[-85.155392,14.479479],[-85.151826,14.485964],[-85.149811,14.536504],[-85.14547,14.564254],[-85.137538,14.578491],[-85.119322,14.573969],[-85.103354,14.556865],[-85.086378,14.54454],[-85.065242,14.554255],[-85.029637,14.588956],[-85.023657,14.602541],[-85.022222,14.605802],[-85.048163,14.605776],[-85.04222,14.613476],[-85.020206,14.633733],[-85.048525,14.653319],[-85.053925,14.66306],[-85.038215,14.66722],[-85.033048,14.669571],[-85.029792,14.675539],[-85.024547,14.71254],[-85.015659,14.728172],[-85.00199,14.740678],[-84.999948,14.742016],[-84.984369,14.752227],[-84.966463,14.76463],[-84.920626,14.807702],[-84.904219,14.816978],[-84.844429,14.827546],[-84.8181,14.828657],[-84.792132,14.82106],[-84.77017,14.805144],[-84.755468,14.781476],[-84.758568,14.77866],[-84.766397,14.768867],[-84.76694,14.766903],[-84.747045,14.764475],[-84.74428,14.752408],[-84.745288,14.739101],[-84.72485,14.72564],[-84.714411,14.708922],[-84.699321,14.674687],[-84.680847,14.685461],[-84.661701,14.683446],[-84.62297,14.66722],[-84.600439,14.662517],[-84.52742,14.660398],[-84.531218,14.653319],[-84.534215,14.633733],[-84.519048,14.638281],[-84.50848,14.632622],[-84.498016,14.623915],[-84.482694,14.619471],[-84.471609,14.622623],[-84.445719,14.636679],[-84.408435,14.649417],[-84.390012,14.671483],[-84.376137,14.696727],[-84.362934,14.715615],[-84.353193,14.705977],[-84.346036,14.679984],[-84.338387,14.674687],[-84.323169,14.673317],[-84.298881,14.667995],[-84.287796,14.66722],[-84.267281,14.677736],[-84.262165,14.69975],[-84.267332,14.746672],[-84.261803,14.758532],[-84.24922,14.75941],[-84.235396,14.754734],[-84.226379,14.749773],[-84.218679,14.743442],[-84.195011,14.718715],[-84.182893,14.713858],[-84.168191,14.714969],[-84.1438,14.721867],[-84.137883,14.725226],[-84.133852,14.730032],[-84.128736,14.734192],[-84.119615,14.736104],[-84.111218,14.734709],[-84.106515,14.732332],[-84.102278,14.731867],[-84.095431,14.736104],[-84.095431,14.743597],[-84.10419,14.751866],[-84.111114,14.761038],[-84.122716,14.784525],[-84.11176,14.793413],[-84.104448,14.79393],[-84.081556,14.779797],[-84.078972,14.775172],[-84.075199,14.771632],[-84.064683,14.770262],[-84.047811,14.770805],[-84.042669,14.768066],[-84.040757,14.76034],[-84.023575,14.758325],[-83.924718,14.763441],[-83.929859,14.771658],[-83.929653,14.780882],[-83.924718,14.803775],[-83.912651,14.797186],[-83.896554,14.780443],[-83.883764,14.777109],[-83.885004,14.781347],[-83.889939,14.790726],[-83.882679,14.787832],[-83.878751,14.786747],[-83.875263,14.784267],[-83.869475,14.777109],[-83.857306,14.787781],[-83.839503,14.797418],[-83.819659,14.803619],[-83.801211,14.803775],[-83.808988,14.80889],[-83.813923,14.813774],[-83.821055,14.825479],[-83.765296,14.828786],[-83.744522,14.836667],[-83.746563,14.852195],[-83.733928,14.85297],[-83.723619,14.851575],[-83.716203,14.847054],[-83.712431,14.838527],[-83.705015,14.838527],[-83.714498,14.867233],[-83.710622,14.878344],[-83.691967,14.886974],[-83.672149,14.889635],[-83.649954,14.888498],[-83.631557,14.883201],[-83.623056,14.872685],[-83.615615,14.872685],[-83.6113,14.884907],[-83.609181,14.898368],[-83.604272,14.909194],[-83.579777,14.918109],[-83.554869,14.93741],[-83.540477,14.94157],[-83.542441,14.945084],[-83.545128,14.952163],[-83.54735,14.955212],[-83.532493,14.951027],[-83.526861,14.948365],[-83.52991,14.961775],[-83.528618,14.973402],[-83.523037,14.977692],[-83.513218,14.968855],[-83.512624,14.984022],[-83.510996,14.990171],[-83.505725,14.996812],[-83.512469,15.006501],[-83.509084,15.01154],[-83.499007,15.012651],[-83.485855,15.01048],[-83.480559,15.005545],[-83.468389,14.987407],[-83.45919,14.982497],[-83.435729,14.985185],[-83.415472,14.996941],[-83.399892,15.013633],[-83.390306,15.03097],[-83.377826,15.021255],[-83.364984,15.016346],[-83.354546,15.010067],[-83.349352,14.996812],[-83.334237,15.006449],[-83.317054,15.007561],[-83.272974,15.003039],[-83.284886,14.99738],[-83.285661,14.992109],[-83.278323,14.987122],[-83.266153,14.982497],[-83.262019,14.983195],[-83.217732,14.982497],[-83.191326,14.994254],[-83.177399,14.996812],[-83.143654,14.9949],[-83.130444,14.997012],[-83.137766,14.986721],[-83.156077,14.978461],[-83.165151,14.969062],[-83.17984,14.985989],[-83.191884,14.97427],[-83.201487,14.95307],[-83.208892,14.941718],[-83.221669,14.935696],[-83.233876,14.921332],[-83.242909,14.904364],[-83.246449,14.89057],[-83.249094,14.885891],[-83.26183,14.873765],[-83.266957,14.866645],[-83.269521,14.85692],[-83.271352,14.835517],[-83.273793,14.82567],[-83.281972,14.813178],[-83.294016,14.804267],[-83.32844,14.790961],[-83.325999,14.796942],[-83.323232,14.801703],[-83.314768,14.811428],[-83.314768,14.803941],[-83.311391,14.809516],[-83.309438,14.814114],[-83.308583,14.819037],[-83.308502,14.82567],[-83.316274,14.821031],[-83.319488,14.820258],[-83.32844,14.82567],[-83.32844,14.831855],[-83.316477,14.837348],[-83.305084,14.838772],[-83.295074,14.835191],[-83.287424,14.82567],[-83.288197,14.84455],[-83.29894,14.870429],[-83.301666,14.89057],[-83.307851,14.91059],[-83.322174,14.913886],[-83.338368,14.908026],[-83.350168,14.900824],[-83.369862,14.883002],[-83.414133,14.827704],[-83.424631,14.803941],[-83.414866,14.81391],[-83.411529,14.818264],[-83.397817,14.807603],[-83.386952,14.766547],[-83.380238,14.757392],[-83.367055,14.749701],[-83.352651,14.736233],[-83.337514,14.731431],[-83.322174,14.749945],[-83.329457,14.75609],[-83.34789,14.767076],[-83.356313,14.770453],[-83.345041,14.776557],[-83.333485,14.773261],[-83.322987,14.763414],[-83.314768,14.749945],[-83.315419,14.772773],[-83.308176,14.779853],[-83.299224,14.771186],[-83.260121,14.596015],[-83.257965,14.590399],[-83.248606,14.571723],[-83.240305,14.523993],[-83.191803,14.386908],[-83.186594,14.347642],[-83.191396,14.313422],[-83.218577,14.250312],[-83.301666,14.11994],[-83.337514,14.077541],[-83.342641,14.060981],[-83.34968,14.048774],[-83.397288,14.016303],[-83.417388,13.988593],[-83.431264,13.956732],[-83.455312,13.863918],[-83.493804,13.737738],[-83.517486,13.623684],[-83.516021,13.574652],[-83.520172,13.550767],[-83.520375,13.531643],[-83.541331,13.481879],[-83.559153,13.415839],[-83.570139,13.287095],[-83.568227,13.263007],[-83.561147,13.249172],[-83.568593,13.242906],[-83.562978,13.230658],[-83.529571,13.03262],[-83.50768,12.902777],[-83.541331,12.638983],[-83.541331,12.580634],[-83.537994,12.571031],[-83.523508,12.542304],[-83.513824,12.510484],[-83.485911,12.472154],[-83.479237,12.447211],[-83.481801,12.416653],[-83.492299,12.400336],[-83.512563,12.393785],[-83.544749,12.392564],[-83.569244,12.387641],[-83.594228,12.378811],[-83.617584,12.375149],[-83.637522,12.385728],[-83.629994,12.39289],[-83.609364,12.407213],[-83.603383,12.413723],[-83.602528,12.425442],[-83.606313,12.441148],[-83.612701,12.454901],[-83.634633,12.474107],[-83.632883,12.539537],[-83.637522,12.564521],[-83.63386,12.566474],[-83.63268,12.566596],[-83.632069,12.567125],[-83.630035,12.570746],[-83.62385,12.570746],[-83.58845,12.559638],[-83.563791,12.590888],[-83.555409,12.635891],[-83.568593,12.666327],[-83.568593,12.673774],[-83.559967,12.683254],[-83.556549,12.696723],[-83.554921,12.75259],[-83.553131,12.754706],[-83.549062,12.758043],[-83.544423,12.763088],[-83.541331,12.769965],[-83.544667,12.79678],[-83.564036,12.81269],[-83.59081,12.819078],[-83.616363,12.817125],[-83.637034,12.805325],[-83.645904,12.786851],[-83.645334,12.766506],[-83.637522,12.748847],[-83.615549,12.737291],[-83.613271,12.735256],[-83.613393,12.731879],[-83.611684,12.714911],[-83.610219,12.707913],[-83.605946,12.701077],[-83.601308,12.698228],[-83.597483,12.694322],[-83.595937,12.684027],[-83.596425,12.667141],[-83.598622,12.660224],[-83.603383,12.652655],[-83.599436,12.647935],[-83.589101,12.632148],[-83.620473,12.614244],[-83.673695,12.570461],[-83.7058,12.557074],[-83.749013,12.552558],[-83.767201,12.546698],[-83.774648,12.533515],[-83.774648,12.481431],[-83.773427,12.480292],[-83.769439,12.482489],[-83.761057,12.482001],[-83.749013,12.479478],[-83.740956,12.479722],[-83.734242,12.477688],[-83.726226,12.468329],[-83.71939,12.423651],[-83.723378,12.402289],[-83.730377,12.382066],[-83.733713,12.362982],[-83.726226,12.344794],[-83.707672,12.335883],[-83.67634,12.342475],[-83.67101,12.327094],[-83.67219,12.317084],[-83.677317,12.297512],[-83.678456,12.286119],[-83.676381,12.279853],[-83.671742,12.288967],[-83.655873,12.340277],[-83.64977,12.353176],[-83.64094,12.358466],[-83.621205,12.355658],[-83.617014,12.348049],[-83.663726,12.25609],[-83.685902,12.137437],[-83.678578,12.009426],[-83.67101,11.987942],[-83.677846,11.983873],[-83.685292,11.981106],[-83.681223,12.001654],[-83.688303,12.018744],[-83.713246,12.049302],[-83.723744,12.074652],[-83.71524,12.085395],[-83.700673,12.095201],[-83.692738,12.118232],[-83.697865,12.135199],[-83.711008,12.154731],[-83.728627,12.171576],[-83.747385,12.180325],[-83.77774,12.177151],[-83.776275,12.162299],[-83.760325,12.153062],[-83.747385,12.166653],[-83.739898,12.166653],[-83.723053,12.149359],[-83.716135,12.138902],[-83.713246,12.125678],[-83.716908,12.108791],[-83.732045,12.087063],[-83.733713,12.071031],[-83.739369,12.051947],[-83.757314,12.051337],[-83.798573,12.063625],[-83.803944,12.060289],[-83.791737,12.052965],[-83.767201,12.043158],[-83.761301,12.035346],[-83.757232,12.024644],[-83.754954,12.012274],[-83.754221,11.999091],[-83.756256,11.990058],[-83.765207,11.971625],[-83.767201,11.964301],[-83.765533,11.958808],[-83.762115,11.95307],[-83.759836,11.946845],[-83.761057,11.940131],[-83.766265,11.933987],[-83.771881,11.931057],[-83.777089,11.929267],[-83.780873,11.926459],[-83.799387,11.902899],[-83.805084,11.899115],[-83.81371,11.896186],[-83.823476,11.888983],[-83.831858,11.879869],[-83.83609,11.871243],[-83.822987,11.862535],[-83.806956,11.848212],[-83.793365,11.83275],[-83.784779,11.813544],[-83.777496,11.808295],[-83.76773,11.804836],[-83.757639,11.803616],[-83.742909,11.805243],[-83.741811,11.80976],[-83.745961,11.816311],[-83.747385,11.824042],[-83.74059,11.843451],[-83.735097,11.853664],[-83.726226,11.857571],[-83.709543,11.85814],[-83.699941,11.849921],[-83.653635,11.667467],[-83.651194,11.63227],[-83.651723,11.619371],[-83.652984,11.611518],[-83.656809,11.605414],[-83.664784,11.59809],[-83.666737,11.600979],[-83.680898,11.598131],[-83.694732,11.593655],[-83.695872,11.591254],[-83.703765,11.587958],[-83.713735,11.573472],[-83.722808,11.570217],[-83.734934,11.569973],[-83.7447,11.568508],[-83.753041,11.564602],[-83.761057,11.557115],[-83.77123,11.526109],[-83.780914,11.479315],[-83.794423,11.443996],[-83.815663,11.447252],[-83.821889,11.447252],[-83.853627,11.407416],[-83.862782,11.392035],[-83.868031,11.374905],[-83.867909,11.273668],[-83.83727,11.142524],[-83.815663,11.090399],[-83.785634,11.044827],[-83.77595,11.019843],[-83.752065,10.982245],[-83.743642,10.974311],[-83.725453,10.963202],[-83.718251,10.943996],[-83.710317,10.922675],[-83.692738,10.92593],[-83.696523,10.936591],[-83.6965,10.936594],[-83.688754,10.934587],[-83.680976,10.917119],[-83.6788,10.916154],[-83.67685,10.910299],[-83.679832,10.897011],[-83.669855,10.891718],[-83.669307,10.869751],[-83.660134,10.834172],[-83.663028,10.807016],[-83.698142,10.789162],[-83.763818,10.773683],[-83.768965,10.77247],[-83.835343,10.747614],[-83.855807,10.723998],[-83.859528,10.721776],[-83.886865,10.72715],[-83.893557,10.724928],[-83.907483,10.715368],[-83.917276,10.713482],[-83.926578,10.714903],[-83.933322,10.718055],[-83.993628,10.765003],[-83.998201,10.782056],[-84.009234,10.789446],[-84.022696,10.787224],[-84.034556,10.775519],[-84.051635,10.77955],[-84.07644,10.763814],[-84.088558,10.775519],[-84.095431,10.775519],[-84.106929,10.766915],[-84.118427,10.77123],[-84.137004,10.789162],[-84.149019,10.787172],[-84.15773,10.788425],[-84.164832,10.789446],[-84.180413,10.789756],[-84.191601,10.78172],[-84.196872,10.788516],[-84.218886,10.805957],[-84.221159,10.809419],[-84.225242,10.813682],[-84.227102,10.819315],[-84.222658,10.827041],[-84.218524,10.829831],[-84.204649,10.836988],[-84.20837,10.860966],[-84.225655,10.875306],[-84.244724,10.884918],[-84.253664,10.894711],[-84.264283,10.901816],[-84.310741,10.919412],[-84.321308,10.929153],[-84.324099,10.936181],[-84.337406,10.952666],[-84.341798,10.959901],[-84.343865,10.972277],[-84.343658,10.98238],[-84.345984,10.989899],[-84.355466,10.994627],[-84.363967,10.989615],[-84.417762,10.955043],[-84.427245,10.951116],[-84.4382,10.952201],[-84.448872,10.956335],[-84.457837,10.961348],[-84.46639,10.968453],[-84.489128,10.996358],[-84.493313,10.999407],[-84.498171,11.001991],[-84.503339,11.004032],[-84.508739,11.005531],[-84.558607,11.027209],[-84.58168,11.03447],[-84.603229,11.033281],[-84.62067,11.035762],[-84.65873,11.062737],[-84.676455,11.070411],[-84.707771,11.063047],[-84.781771,11.014884],[-84.884969,10.947679],[-84.908404,10.939359],[-84.9314,10.941891],[-85.092837,11.000647],[-85.236478,11.053097],[-85.272361,11.066199],[-85.407418,11.115447],[-85.508626,11.152421],[-85.54095,11.170327],[-85.569165,11.19539],[-85.597794,11.209937],[-85.631151,11.196217],[-85.659315,11.158829],[-85.677582,11.119632],[-85.701736,11.08088]]],[[[-83.665352,10.935318],[-83.666195,10.931224],[-83.671276,10.926495],[-83.675564,10.925976],[-83.675564,10.92941],[-83.672991,10.931289],[-83.672991,10.933232],[-83.678335,10.935953],[-83.681766,10.935435],[-83.686867,10.93797],[-83.681996,10.938666],[-83.665352,10.935318]]],[[[-83.726226,11.878648],[-83.733795,11.905829],[-83.736073,11.941799],[-83.728993,11.973334],[-83.708404,11.987291],[-83.706858,11.987047],[-83.705678,11.986233],[-83.705312,11.98432],[-83.7058,11.981106],[-83.712392,11.970852],[-83.719309,11.954535],[-83.724517,11.936347],[-83.726226,11.920233],[-83.720367,11.883694],[-83.719838,11.870307],[-83.726226,11.878648]]],[[[-83.053944,12.143866],[-83.055979,12.166205],[-83.046457,12.183743],[-83.032541,12.190823],[-83.021148,12.181789],[-83.025054,12.175198],[-83.053944,12.143866]]],[[[-82.767323,14.41413],[-82.751047,14.422024],[-82.737782,14.421942],[-82.728993,14.413764],[-82.725697,14.397406],[-82.732533,14.369574],[-82.750844,14.361477],[-82.803944,14.365953],[-82.808258,14.36636],[-82.804351,14.36636],[-82.8037,14.366319],[-82.801625,14.366848],[-82.800445,14.369289],[-82.800852,14.373236],[-82.784779,14.381985],[-82.778228,14.393215],[-82.774648,14.40469],[-82.767323,14.41413]]]]}},{"type":"Feature","properties":{"shapeName":"Costa Rica","shapeISO":"CRI"},"geometry":{"type":"MultiPolygon","coordinates":[[[[-83.6965,10.936594],[-83.686867,10.93797],[-83.681766,10.935435],[-83.678335,10.935953],[-83.672991,10.933232],[-83.672991,10.931289],[-83.675564,10.92941],[-83.675564,10.925976],[-83.671276,10.926495],[-83.666195,10.931224],[-83.665352,10.935318],[-83.660756,10.934394],[-83.644358,10.92593],[-83.624257,10.902899],[-83.598704,10.856594],[-83.580556,10.807318],[-83.582875,10.775702],[-83.597564,10.793606],[-83.62385,10.857611],[-83.606923,10.777777],[-83.608632,10.74551],[-83.637522,10.721096],[-83.622222,10.723863],[-83.611887,10.730862],[-83.602162,10.739569],[-83.589101,10.747748],[-83.593658,10.742662],[-83.594716,10.736558],[-83.593007,10.729315],[-83.589101,10.721096],[-83.585276,10.732856],[-83.581044,10.755805],[-83.575429,10.768256],[-83.526967,10.636054],[-83.466176,10.494534],[-83.394521,10.376044],[-83.203725,10.12934],[-83.188385,10.117743],[-83.124664,10.040595],[-83.085317,10.002143],[-83.061513,10.015326],[-83.052398,10.009589],[-83.026031,10.005032],[-83.020579,9.997382],[-83.019846,9.978705],[-83.016672,9.963121],[-83.009348,9.949286],[-82.996327,9.93594],[-82.949778,9.86758],[-82.934885,9.857082],[-82.877268,9.780097],[-82.833811,9.739488],[-82.808258,9.747219],[-82.80248,9.731513],[-82.796986,9.69123],[-82.78775,9.672756],[-82.772328,9.661038],[-82.70523,9.637926],[-82.681386,9.635484],[-82.657948,9.636298],[-82.635894,9.634508],[-82.616444,9.624335],[-82.59142,9.586982],[-82.574574,9.576809],[-82.573598,9.576199],[-82.562837,9.538695],[-82.570614,9.53823],[-82.585885,9.54624],[-82.601103,9.548669],[-82.608209,9.537869],[-82.612395,9.499499],[-82.618854,9.486709],[-82.632135,9.484668],[-82.650713,9.487846],[-82.668205,9.493168],[-82.678049,9.497768],[-82.688669,9.509447],[-82.701459,9.533554],[-82.711691,9.545],[-82.719727,9.541331],[-82.729364,9.544897],[-82.771093,9.579856],[-82.829022,9.602722],[-82.847471,9.600655],[-82.866048,9.585075],[-82.877391,9.569184],[-82.879252,9.559909],[-82.867134,9.538644],[-82.860209,9.511204],[-82.85592,9.505442],[-82.849383,9.503478],[-82.844783,9.500687],[-82.846385,9.492548],[-82.861294,9.484099],[-82.914624,9.476865],[-82.933305,9.470327],[-82.941703,9.456349],[-82.944286,9.437151],[-82.943201,9.354314],[-82.941651,9.234425],[-82.939521,9.070642],[-82.939377,9.059577],[-82.909457,9.072006],[-82.900232,9.072057],[-82.893282,9.066941],[-82.88969,9.059371],[-82.886874,9.05149],[-82.88243,9.04534],[-82.876564,9.04193],[-82.854085,9.031982],[-82.808171,8.998367],[-82.762695,8.982993],[-82.74913,8.974079],[-82.723344,8.930929],[-82.719365,8.921524],[-82.720157,8.920238],[-82.73386,8.897985],[-82.763781,8.87995],[-82.866927,8.838066],[-82.87858,8.829772],[-82.888321,8.816931],[-82.883567,8.812383],[-82.875634,8.807526],[-82.875789,8.793909],[-82.885117,8.783186],[-82.914883,8.764789],[-82.92297,8.756159],[-82.924158,8.741199],[-82.919223,8.727065],[-82.910335,8.713914],[-82.878942,8.679058],[-82.862224,8.6557],[-82.849796,8.629862],[-82.841864,8.599476],[-82.835973,8.529765],[-82.838918,8.494625],[-82.848297,8.465169],[-82.870415,8.438117],[-82.896512,8.425352],[-82.924779,8.416748],[-82.953511,8.402098],[-82.997772,8.360163],[-83.043299,8.334738],[-83.052109,8.327632],[-83.053246,8.315101],[-83.044074,8.30536],[-83.016065,8.289004],[-83.010768,8.283371],[-83.001105,8.269238],[-82.995524,8.26482],[-82.989193,8.264458],[-82.977127,8.269238],[-82.968006,8.267972],[-82.950513,8.258825],[-82.943666,8.248567],[-82.939093,8.216838],[-82.886409,8.102194],[-82.89137,8.057545],[-82.897629,8.034748],[-82.911244,8.045356],[-82.909698,8.060614],[-82.90213,8.07746],[-82.897613,8.0928],[-82.90038,8.105048],[-82.968495,8.221218],[-82.992584,8.246405],[-83.116851,8.336127],[-83.150868,8.369289],[-83.12149,8.404934],[-83.116078,8.407782],[-83.110463,8.418036],[-83.099599,8.431342],[-83.092681,8.446682],[-83.099029,8.462714],[-83.131703,8.503201],[-83.137196,8.514553],[-83.137725,8.529324],[-83.130605,8.534491],[-83.118153,8.538153],[-83.102447,8.548041],[-83.114247,8.551785],[-83.143422,8.550238],[-83.157704,8.555487],[-83.165151,8.563747],[-83.185048,8.602688],[-83.181752,8.607856],[-83.180165,8.611355],[-83.178212,8.61697],[-83.171376,8.61697],[-83.161733,8.600735],[-83.158803,8.5928],[-83.157704,8.579413],[-83.15331,8.577175],[-83.123565,8.589016],[-83.123565,8.596462],[-83.137237,8.6022],[-83.151723,8.61286],[-83.164052,8.625637],[-83.171376,8.637478],[-83.178212,8.637478],[-83.18578,8.62519],[-83.203969,8.624457],[-83.224762,8.626858],[-83.240264,8.623806],[-83.247589,8.637234],[-83.259307,8.651313],[-83.273183,8.658474],[-83.287384,8.651068],[-83.319081,8.669582],[-83.328359,8.684597],[-83.322174,8.705715],[-83.32901,8.706204],[-83.335805,8.705715],[-83.331695,8.722073],[-83.345855,8.729926],[-83.366933,8.73428],[-83.383656,8.739814],[-83.389516,8.728095],[-83.394805,8.728949],[-83.401397,8.73371],[-83.411529,8.733669],[-83.41629,8.728298],[-83.417511,8.721259],[-83.421661,8.715155],[-83.43517,8.712551],[-83.468251,8.717475],[-83.48172,8.712592],[-83.486684,8.692694],[-83.479115,8.698432],[-83.479237,8.698879],[-83.473012,8.698879],[-83.437896,8.64643],[-83.433258,8.63052],[-83.41275,8.598456],[-83.404775,8.589016],[-83.391591,8.582302],[-83.354237,8.571072],[-83.339223,8.569159],[-83.32547,8.560981],[-83.312367,8.545071],[-83.299713,8.534369],[-83.287384,8.541815],[-83.286855,8.517157],[-83.288848,8.507025],[-83.294911,8.500271],[-83.294911,8.493435],[-83.279815,8.472927],[-83.273712,8.437934],[-83.276357,8.401557],[-83.287384,8.376736],[-83.309845,8.375922],[-83.346425,8.3876],[-83.380889,8.40412],[-83.397247,8.41767],[-83.391103,8.41767],[-83.386627,8.41413],[-83.382965,8.412502],[-83.369374,8.410915],[-83.388661,8.419501],[-83.396474,8.424587],[-83.404775,8.431952],[-83.404775,8.41767],[-83.462432,8.442694],[-83.48294,8.445624],[-83.544179,8.438259],[-83.561147,8.438178],[-83.575592,8.444973],[-83.588897,8.458564],[-83.613271,8.490017],[-83.700225,8.570339],[-83.7058,8.579413],[-83.710113,8.580512],[-83.73058,8.588813],[-83.736806,8.592719],[-83.739898,8.623806],[-83.709462,8.670356],[-83.702382,8.678412],[-83.686676,8.68769],[-83.675933,8.691799],[-83.67101,8.68891],[-83.667836,8.682929],[-83.660919,8.689846],[-83.636586,8.726752],[-83.630035,8.733669],[-83.642568,8.749538],[-83.627471,8.767401],[-83.600006,8.78205],[-83.575429,8.788275],[-83.575429,8.79446],[-83.597076,8.797024],[-83.60794,8.796047],[-83.615387,8.790107],[-83.626943,8.777737],[-83.638661,8.772284],[-83.642568,8.781887],[-83.637807,8.798855],[-83.623809,8.815579],[-83.599029,8.827541],[-83.587636,8.835354],[-83.582875,8.846625],[-83.589101,8.856757],[-83.602081,8.863796],[-83.613881,8.873236],[-83.616363,8.890692],[-83.597035,8.880886],[-83.587677,8.877997],[-83.575429,8.877631],[-83.58141,8.884955],[-83.588979,8.89053],[-83.603383,8.898139],[-83.609486,8.903144],[-83.612945,8.907782],[-83.618276,8.910956],[-83.630035,8.91177],[-83.617909,8.919013],[-83.619618,8.924262],[-83.626576,8.928249],[-83.630035,8.931667],[-83.625518,8.942654],[-83.620391,8.950832],[-83.613393,8.958075],[-83.603383,8.966376],[-83.629872,9.035346],[-83.634755,9.044094],[-83.651153,9.061957],[-83.657989,9.055203],[-83.68045,9.084133],[-83.700917,9.117865],[-83.727203,9.144314],[-83.767201,9.151394],[-83.764882,9.177191],[-83.786895,9.199246],[-83.817128,9.214504],[-83.839508,9.220282],[-83.91808,9.294745],[-83.995107,9.330227],[-84.007436,9.339748],[-84.103627,9.377265],[-84.109853,9.377265],[-84.116322,9.372585],[-84.121938,9.372626],[-84.126617,9.376899],[-84.13036,9.384711],[-84.144073,9.378852],[-84.152252,9.385321],[-84.161529,9.394721],[-84.1787,9.397773],[-84.167958,9.416205],[-84.18224,9.442206],[-84.208363,9.464993],[-84.233388,9.473456],[-84.233388,9.466702],[-84.224599,9.464993],[-84.218658,9.462551],[-84.205434,9.45303],[-84.231435,9.457546],[-84.272694,9.481594],[-84.298858,9.487128],[-84.324208,9.489081],[-84.457916,9.526028],[-84.48351,9.528103],[-84.495473,9.526028],[-84.50829,9.521999],[-84.521596,9.519314],[-84.535024,9.521308],[-84.546742,9.531073],[-84.550689,9.542873],[-84.555409,9.552395],[-84.569122,9.555447],[-84.566558,9.551418],[-84.565094,9.548407],[-84.562978,9.541164],[-84.579498,9.554348],[-84.616567,9.57807],[-84.623769,9.592963],[-84.627309,9.606716],[-84.636098,9.613349],[-84.647206,9.617703],[-84.657948,9.624335],[-84.661366,9.634467],[-84.659942,9.644924],[-84.662709,9.651679],[-84.678375,9.651028],[-84.674428,9.66238],[-84.675526,9.673285],[-84.67809,9.683539],[-84.678375,9.692572],[-84.672475,9.703803],[-84.655263,9.720771],[-84.648468,9.737698],[-84.641469,9.746121],[-84.634429,9.757025],[-84.631215,9.77143],[-84.634552,9.783393],[-84.642364,9.793769],[-84.657948,9.809272],[-84.698394,9.868842],[-84.709706,9.87759],[-84.725942,9.884467],[-84.723785,9.899604],[-84.709706,9.922553],[-84.734283,9.942572],[-84.7388,9.952297],[-84.733632,9.966946],[-84.762318,9.975653],[-84.850942,9.966946],[-84.850942,9.974392],[-84.838653,9.979153],[-84.822906,9.980862],[-84.788238,9.980618],[-84.788238,9.987454],[-84.820098,9.988959],[-84.848541,9.993964],[-84.874257,10.002631],[-84.898101,10.015326],[-84.928253,10.040107],[-84.932851,10.045478],[-84.93932,10.046942],[-84.952016,10.055447],[-84.960968,10.064887],[-84.956166,10.069363],[-84.97289,10.077948],[-85.013905,10.115994],[-85.035756,10.126736],[-85.046051,10.136135],[-85.052358,10.138251],[-85.057362,10.136013],[-85.061676,10.13227],[-85.067372,10.131415],[-85.076202,10.138251],[-85.070302,10.148871],[-85.068349,10.155666],[-85.072865,10.158759],[-85.076772,10.16059],[-85.089874,10.17239],[-85.1079,10.166571],[-85.175567,10.165554],[-85.193471,10.170111],[-85.209462,10.181179],[-85.234527,10.207099],[-85.234527,10.213324],[-85.22879,10.231594],[-85.246246,10.252631],[-85.289174,10.282253],[-85.28307,10.26203],[-85.25418,10.241156],[-85.247548,10.216742],[-85.244903,10.170356],[-85.238881,10.143134],[-85.227081,10.124579],[-85.240102,10.116278],[-85.238271,10.102444],[-85.226471,10.089382],[-85.195912,10.078762],[-85.185048,10.067084],[-85.171864,10.04206],[-85.165639,10.04206],[-85.157582,10.045356],[-85.154083,10.04267],[-85.152577,10.035834],[-85.161285,10.035183],[-85.170277,10.036322],[-85.178822,10.038845],[-85.186147,10.04206],[-85.186147,10.035834],[-85.167388,10.019395],[-85.144521,9.999335],[-85.083852,9.974921],[-85.076202,9.970649],[-85.069081,9.973415],[-85.053131,9.966946],[-85.014516,9.944973],[-84.996693,9.939276],[-84.977569,9.938788],[-84.959584,9.946479],[-84.947784,9.937161],[-84.922597,9.921454],[-84.911122,9.911689],[-84.911122,9.905463],[-84.93106,9.900702],[-84.930165,9.886298],[-84.91808,9.869534],[-84.904937,9.857082],[-84.913075,9.854315],[-84.920766,9.848944],[-84.932851,9.836615],[-84.91808,9.830024],[-84.900624,9.82807],[-84.864613,9.829169],[-84.864613,9.822943],[-84.878692,9.813544],[-84.896596,9.806098],[-84.912017,9.795844],[-84.918609,9.778266],[-84.922353,9.774197],[-84.945912,9.760891],[-84.950347,9.753567],[-84.955474,9.735134],[-84.959584,9.727362],[-84.990956,9.742743],[-85.007598,9.744086],[-85.014801,9.73078],[-85.010365,9.722602],[-84.994985,9.703274],[-84.997426,9.699408],[-85.029815,9.683743],[-85.035268,9.6824],[-85.03893,9.677273],[-85.062611,9.66531],[-85.067494,9.657375],[-85.089345,9.588568],[-85.0985,9.571072],[-85.110463,9.555447],[-85.117828,9.555447],[-85.145782,9.612616],[-85.229115,9.724392],[-85.234527,9.737331],[-85.238637,9.742011],[-85.247914,9.747748],[-85.272979,9.758002],[-85.275054,9.765937],[-85.274688,9.775051],[-85.275502,9.782009],[-85.299306,9.80801],[-85.332428,9.826606],[-85.439971,9.864529],[-85.449574,9.862494],[-85.463897,9.852607],[-85.470367,9.850246],[-85.480011,9.852484],[-85.49356,9.86225],[-85.504547,9.864529],[-85.510976,9.865058],[-85.513214,9.866645],[-85.514516,9.869656],[-85.518178,9.874172],[-85.525177,9.877387],[-85.530995,9.875881],[-85.53482,9.872707],[-85.535553,9.870754],[-85.592071,9.888739],[-85.61913,9.89289],[-85.625518,9.896796],[-85.630605,9.901557],[-85.63858,9.905463],[-85.64981,9.904975],[-85.657216,9.900539],[-85.663808,9.900092],[-85.672719,9.911689],[-85.665557,9.930325],[-85.676137,9.955512],[-85.778554,10.079901],[-85.784657,10.090888],[-85.792714,10.117825],[-85.805043,10.136664],[-85.844024,10.231024],[-85.847564,10.259345],[-85.851837,10.276557],[-85.857696,10.289089],[-85.843902,10.302436],[-85.838165,10.312038],[-85.840321,10.320136],[-85.861602,10.346991],[-85.874989,10.355048],[-85.867584,10.364895],[-85.85025,10.378485],[-85.838531,10.395453],[-85.830352,10.412014],[-85.813262,10.4053],[-85.803985,10.41592],[-85.796742,10.431423],[-85.775502,10.447292],[-85.783721,10.465237],[-85.798818,10.483954],[-85.809234,10.494534],[-85.802968,10.498806],[-85.800282,10.500271],[-85.795644,10.50137],[-85.795644,10.508205],[-85.809234,10.508205],[-85.809234,10.515041],[-85.797841,10.517157],[-85.790517,10.524115],[-85.781972,10.542996],[-85.775136,10.542996],[-85.76122,10.531806],[-85.741607,10.539822],[-85.721588,10.55093],[-85.706288,10.54914],[-85.700063,10.54914],[-85.701405,10.562283],[-85.697987,10.56863],[-85.692291,10.572089],[-85.687001,10.576483],[-85.677846,10.592108],[-85.674224,10.591254],[-85.661855,10.590115],[-85.631744,10.621161],[-85.634023,10.629462],[-85.639312,10.63581],[-85.652252,10.644721],[-85.693227,10.603787],[-85.694203,10.607082],[-85.694081,10.610012],[-85.69518,10.61164],[-85.700063,10.611233],[-85.700063,10.617458],[-85.688466,10.62995],[-85.681386,10.635199],[-85.672719,10.637885],[-85.679555,10.644721],[-85.68045,10.643826],[-85.681793,10.641913],[-85.683868,10.639797],[-85.687001,10.637885],[-85.684478,10.646186],[-85.68399,10.649075],[-85.672719,10.652167],[-85.672719,10.658393],[-85.679555,10.658393],[-85.679555,10.665839],[-85.662872,10.678982],[-85.659576,10.712958],[-85.665273,10.778835],[-85.680287,10.796332],[-85.713368,10.810858],[-85.74649,10.816189],[-85.761505,10.806098],[-85.767486,10.806098],[-85.795074,10.82864],[-85.80309,10.837185],[-85.798329,10.835639],[-85.792388,10.838324],[-85.789906,10.843899],[-85.795644,10.850857],[-85.802968,10.852484],[-85.822296,10.850613],[-85.830352,10.850857],[-85.859771,10.861762],[-85.882924,10.875149],[-85.908803,10.88642],[-85.946441,10.89114],[-85.946441,10.898586],[-85.923818,10.904202],[-85.8815,10.923163],[-85.857696,10.92593],[-85.86148,10.932074],[-85.864491,10.935858],[-85.86913,10.938137],[-85.878163,10.939602],[-85.878163,10.946357],[-85.828725,10.949286],[-85.816151,10.946357],[-85.810902,10.938666],[-85.812164,10.929714],[-85.814605,10.922268],[-85.812652,10.919094],[-85.808502,10.917182],[-85.795644,10.905463],[-85.789418,10.905463],[-85.781972,10.912869],[-85.781972,10.919094],[-85.793365,10.930243],[-85.78246,10.937445],[-85.761138,10.940579],[-85.740997,10.939602],[-85.734161,10.936428],[-85.725209,10.92768],[-85.717071,10.92593],[-85.710561,10.92829],[-85.707794,10.934027],[-85.708892,10.940823],[-85.713735,10.946357],[-85.713735,10.953803],[-85.698883,10.959255],[-85.694692,10.970242],[-85.69815,10.983222],[-85.706288,10.994818],[-85.713531,11.000027],[-85.730377,11.006903],[-85.737579,11.011868],[-85.746002,11.020657],[-85.746002,11.023017],[-85.740956,11.024075],[-85.734161,11.028957],[-85.718861,11.042914],[-85.709991,11.038113],[-85.699615,11.028632],[-85.679555,11.028957],[-85.667511,11.039862],[-85.670196,11.054389],[-85.68102,11.068386],[-85.693227,11.077338],[-85.701736,11.08088],[-85.677582,11.119632],[-85.659315,11.158829],[-85.631151,11.196217],[-85.597794,11.209937],[-85.569165,11.19539],[-85.54095,11.170327],[-85.508626,11.152421],[-85.407418,11.115447],[-85.272361,11.066199],[-85.236478,11.053097],[-85.092837,11.000647],[-84.9314,10.941891],[-84.908404,10.939359],[-84.884969,10.947679],[-84.781771,11.014884],[-84.707771,11.063047],[-84.676455,11.070411],[-84.65873,11.062737],[-84.62067,11.035762],[-84.603229,11.033281],[-84.58168,11.03447],[-84.558607,11.027209],[-84.508739,11.005531],[-84.503339,11.004032],[-84.498171,11.001991],[-84.493313,10.999407],[-84.489128,10.996358],[-84.46639,10.968453],[-84.457837,10.961348],[-84.448872,10.956335],[-84.4382,10.952201],[-84.427245,10.951116],[-84.417762,10.955043],[-84.363967,10.989615],[-84.355466,10.994627],[-84.345984,10.989899],[-84.343658,10.98238],[-84.343865,10.972277],[-84.341798,10.959901],[-84.337406,10.952666],[-84.324099,10.936181],[-84.321308,10.929153],[-84.310741,10.919412],[-84.264283,10.901816],[-84.253664,10.894711],[-84.244724,10.884918],[-84.225655,10.875306],[-84.20837,10.860966],[-84.204649,10.836988],[-84.218524,10.829831],[-84.222658,10.827041],[-84.227102,10.819315],[-84.225242,10.813682],[-84.221159,10.809419],[-84.218886,10.805957],[-84.196872,10.788516],[-84.191601,10.78172],[-84.180413,10.789756],[-84.164832,10.789446],[-84.15773,10.788425],[-84.149019,10.787172],[-84.137004,10.789162],[-84.118427,10.77123],[-84.106929,10.766915],[-84.095431,10.775519],[-84.088558,10.775519],[-84.07644,10.763814],[-84.051635,10.77955],[-84.034556,10.775519],[-84.022696,10.787224],[-84.009234,10.789446],[-83.998201,10.782056],[-83.993628,10.765003],[-83.933322,10.718055],[-83.926578,10.714903],[-83.917276,10.713482],[-83.907483,10.715368],[-83.893557,10.724928],[-83.886865,10.72715],[-83.859528,10.721776],[-83.855807,10.723998],[-83.835343,10.747614],[-83.768965,10.77247],[-83.763818,10.773683],[-83.698142,10.789162],[-83.663028,10.807016],[-83.660134,10.834172],[-83.669307,10.869751],[-83.669855,10.891718],[-83.679832,10.897011],[-83.67685,10.910299],[-83.6788,10.916154],[-83.680976,10.917119],[-83.688754,10.934587],[-83.6965,10.936594]]],[[[-85.131337,10.0987],[-85.121571,10.096381],[-85.116038,10.091702],[-85.1079,10.089545],[-85.09732,10.08983],[-85.09732,10.083645],[-85.109486,10.079291],[-85.124827,10.075629],[-85.141835,10.074164],[-85.158803,10.076158],[-85.176137,10.083238],[-85.185292,10.092434],[-85.199127,10.117743],[-85.180287,10.12401],[-85.171864,10.124579],[-85.139963,10.119208],[-85.110463,10.110297],[-85.110463,10.103461],[-85.145131,10.103461],[-85.13565,10.098456],[-85.131337,10.0987]]],[[[-87.099029,5.516018],[-87.117665,5.515082],[-87.104604,5.537421],[-87.092519,5.546698],[-87.078521,5.55508],[-87.064605,5.557847],[-87.064605,5.547593],[-87.065541,5.534613],[-87.078521,5.520657],[-87.099029,5.516018]]],[[[-83.896618,8.706492],[-83.883464,8.712993],[-83.869114,8.713587],[-83.870305,8.701776],[-83.878076,8.698821],[-83.890635,8.701179],[-83.896618,8.706492]]]]}},{"type":"Feature","properties":{"shapeName":"Panama","shapeISO":"PAN"},"geometry":{"type":"MultiPolygon","coordinates":[[[[-82.573598,9.576199],[-82.561879,9.569078],[-82.465647,9.493964],[-82.406606,9.435248],[-82.368967,9.414944],[-82.342763,9.432522],[-82.345082,9.415432],[-82.349599,9.402045],[-82.37678,9.35517],[-82.379465,9.343817],[-82.376291,9.330064],[-82.367787,9.320746],[-82.356435,9.313422],[-82.348134,9.305569],[-82.348948,9.294745],[-82.362457,9.284125],[-82.387603,9.286078],[-82.389963,9.274848],[-82.394928,9.267076],[-82.393666,9.262112],[-82.388783,9.260077],[-82.383046,9.261217],[-82.373199,9.254543],[-82.364491,9.242865],[-82.358144,9.229438],[-82.355824,9.216783],[-82.350575,9.207261],[-82.314809,9.185492],[-82.307973,9.185492],[-82.300445,9.197089],[-82.288238,9.198554],[-82.28246,9.202094],[-82.294301,9.220282],[-82.280995,9.21662],[-82.27595,9.206448],[-82.273061,9.194485],[-82.266428,9.185492],[-82.255483,9.182603],[-82.247914,9.186998],[-82.244456,9.197577],[-82.245961,9.213446],[-82.239084,9.213446],[-82.238149,9.200263],[-82.231068,9.193752],[-82.223053,9.192776],[-82.219228,9.196357],[-82.218739,9.208645],[-82.216868,9.217475],[-82.212514,9.220038],[-82.204945,9.213446],[-82.203969,9.216539],[-82.20401,9.219224],[-82.202789,9.220689],[-82.19811,9.220282],[-82.196197,9.211168],[-82.19343,9.204088],[-82.189605,9.19831],[-82.184438,9.192939],[-82.177642,9.192939],[-82.177642,9.199774],[-82.170806,9.199774],[-82.173451,9.18476],[-82.171702,9.157416],[-82.177642,9.145168],[-82.208119,9.163764],[-82.22411,9.169664],[-82.249623,9.17182],[-82.260732,9.164049],[-82.263783,9.146552],[-82.260732,9.127875],[-82.253407,9.116604],[-82.253407,9.110419],[-82.258941,9.112738],[-82.273834,9.116604],[-82.268463,9.102362],[-82.244537,9.089911],[-82.239084,9.079332],[-82.245961,9.014146],[-82.250478,9.015204],[-82.253489,9.016303],[-82.256215,9.017971],[-82.260162,9.020982],[-82.243031,9.004462],[-82.218821,8.993354],[-82.194692,8.990953],[-82.177642,9.000556],[-82.141754,8.988959],[-82.129018,8.981391],[-82.129221,8.973212],[-82.11441,8.950751],[-82.109364,8.945299],[-82.107004,8.941881],[-82.105377,8.935207],[-82.101918,8.931627],[-82.097808,8.930609],[-82.086659,8.931708],[-82.067616,8.930732],[-82.020009,8.945299],[-81.997711,8.947455],[-81.985219,8.942328],[-81.974721,8.935207],[-81.958567,8.931627],[-81.943959,8.935126],[-81.929433,8.943834],[-81.920766,8.955146],[-81.923736,8.966376],[-81.912465,8.971096],[-81.903717,8.971137],[-81.889638,8.966376],[-81.887685,8.962592],[-81.878041,8.95425],[-81.86734,8.949286],[-81.862375,8.955797],[-81.852284,8.958319],[-81.793446,8.931627],[-81.775543,8.940253],[-81.770579,8.957465],[-81.774241,8.997463],[-81.841868,9.035305],[-81.877065,9.087307],[-81.88622,9.096137],[-81.899281,9.101874],[-81.917836,9.114976],[-81.93342,9.129218],[-81.937408,9.138332],[-81.922027,9.138129],[-81.896637,9.131781],[-81.872874,9.129543],[-81.862375,9.14175],[-81.894765,9.156928],[-81.910308,9.168118],[-81.90331,9.179267],[-81.882802,9.179511],[-81.865468,9.166653],[-81.841868,9.138332],[-81.818756,9.12108],[-81.814565,9.116604],[-81.816029,9.108059],[-81.824208,9.105455],[-81.834381,9.107001],[-81.841868,9.110419],[-81.841868,9.103583],[-81.83373,9.093817],[-81.825831,9.085286],[-81.820881,9.070647],[-81.813466,9.067805],[-81.800286,9.067811],[-81.776807,9.064972],[-81.761971,9.06375],[-81.736887,9.036933],[-81.721172,9.032022],[-81.706451,8.999172],[-81.701568,8.99433],[-81.687489,8.984198],[-81.627553,8.899115],[-81.58731,8.85635],[-81.567494,8.843492],[-81.561594,8.834377],[-81.550771,8.822821],[-81.539052,8.812934],[-81.530263,8.808743],[-81.521474,8.806789],[-81.503292,8.80096],[-81.491197,8.800985],[-81.473474,8.806594],[-81.421506,8.796427],[-81.409431,8.8001],[-81.381547,8.80012],[-81.357981,8.785102],[-81.304463,8.781882],[-81.266224,8.789235],[-81.213073,8.791809],[-81.174785,8.796766],[-81.13034,8.801736],[-81.087717,8.808743],[-81.079905,8.804836],[-81.070709,8.80683],[-81.061513,8.813178],[-81.053578,8.822414],[-80.975139,8.848089],[-80.898923,8.879635],[-80.881717,8.885698],[-80.844857,8.88448],[-80.822418,8.890692],[-80.812899,8.90267],[-80.804292,8.912369],[-80.783559,8.939195],[-80.772572,8.953437],[-80.762522,8.95954],[-80.759145,8.962714],[-80.755849,8.969794],[-80.75064,8.976874],[-80.741689,8.980048],[-80.726826,8.997222],[-80.703485,9.008108],[-80.667104,9.029731],[-80.653228,9.035305],[-80.637118,9.051672],[-80.579337,9.080687],[-80.506773,9.110891],[-80.408316,9.142262],[-80.292592,9.151353],[-80.277455,9.156399],[-80.244781,9.175116],[-80.234934,9.179267],[-80.199941,9.183173],[-80.162913,9.192939],[-80.129709,9.206204],[-80.100819,9.222317],[-80.065201,9.262481],[-80.026194,9.296617],[-80.000823,9.320516],[-79.998505,9.331796],[-79.978944,9.363353],[-79.953731,9.373434],[-79.947436,9.372849],[-79.943756,9.363593],[-79.945912,9.325873],[-79.943756,9.315863],[-79.938222,9.309149],[-79.929433,9.304145],[-79.919179,9.303168],[-79.909047,9.308417],[-79.901601,9.326646],[-79.900258,9.346829],[-79.894683,9.356431],[-79.874867,9.343166],[-79.877065,9.35163],[-79.879506,9.368801],[-79.881703,9.377265],[-79.879303,9.375434],[-79.874867,9.37108],[-79.868031,9.377265],[-79.880402,9.39464],[-79.871212,9.404205],[-79.859786,9.399084],[-79.840898,9.400709],[-79.818623,9.391032],[-79.800364,9.360785],[-79.792958,9.349351],[-79.796986,9.371283],[-79.802154,9.386664],[-79.802724,9.40058],[-79.792958,9.418199],[-79.778147,9.431586],[-79.74828,9.442532],[-79.731516,9.45303],[-79.72936,9.455959],[-79.726633,9.463365],[-79.724721,9.466702],[-79.721303,9.469224],[-79.714655,9.479845],[-79.705463,9.48546],[-79.69063,9.495799],[-79.684283,9.521478],[-79.677375,9.545608],[-79.659683,9.552374],[-79.651662,9.559694],[-79.656485,9.564963],[-79.66772,9.560802],[-79.676503,9.558417],[-79.682158,9.564527],[-79.675732,9.568706],[-79.669843,9.572887],[-79.664485,9.58337],[-79.650031,9.589606],[-79.638853,9.598509],[-79.630335,9.608474],[-79.61221,9.613667],[-79.596243,9.611521],[-79.576549,9.61779],[-79.550969,9.629292],[-79.532867,9.624335],[-79.527984,9.612454],[-79.522613,9.602851],[-79.52245,9.595282],[-79.532867,9.589545],[-79.532867,9.583319],[-79.523061,9.579047],[-79.522817,9.576728],[-79.519195,9.569078],[-79.514312,9.572496],[-79.510732,9.57453],[-79.507883,9.577379],[-79.504994,9.583319],[-79.498158,9.583319],[-79.492014,9.578681],[-79.483876,9.575019],[-79.463979,9.569078],[-79.46349,9.577704],[-79.456532,9.596381],[-79.451243,9.587388],[-79.444569,9.583808],[-79.437245,9.584703],[-79.42984,9.589545],[-79.391892,9.580502],[-79.336046,9.574359],[-79.27275,9.557021],[-79.239709,9.545515],[-79.193757,9.539602],[-79.175004,9.549404],[-79.156274,9.554955],[-79.133276,9.553405],[-79.116037,9.55189],[-79.098772,9.556032],[-79.080067,9.56158],[-79.048456,9.564219],[-79.012902,9.570226],[-78.970583,9.573313],[-78.957311,9.565284],[-78.957363,9.554033],[-78.974512,9.544735],[-78.986858,9.547136],[-78.996871,9.539681],[-79.007806,9.538792],[-79.038231,9.53517],[-79.054873,9.531959],[-79.065859,9.51372],[-79.063152,9.490292],[-79.05806,9.457931],[-79.040498,9.452234],[-79.024324,9.455914],[-79.01389,9.451183],[-79.00105,9.453471],[-78.988212,9.45529],[-78.977277,9.457116],[-78.966362,9.454725],[-78.95259,9.454663],[-78.93505,9.447556],[-78.924619,9.444231],[-78.915679,9.436835],[-78.90807,9.430813],[-78.90331,9.422919],[-78.895743,9.424421],[-78.882913,9.425295],[-78.874841,9.424788],[-78.864878,9.422398],[-78.852544,9.423754],[-78.847236,9.433084],[-78.836336,9.435384],[-78.817845,9.43108],[-78.789384,9.436571],[-78.781136,9.445882],[-78.764105,9.442522],[-78.752649,9.444334],[-78.741595,9.448489],[-78.728223,9.454984],[-78.717885,9.44184],[-78.701657,9.43426],[-78.688869,9.435554],[-78.6556,9.426498],[-78.633265,9.428733],[-78.620028,9.418825],[-78.6039,9.416394],[-78.589621,9.422402],[-78.578087,9.431898],[-78.561318,9.43804],[-78.546407,9.43437],[-78.527123,9.421503],[-78.51282,9.415992],[-78.47989,9.416003],[-78.46345,9.404608],[-78.452607,9.408833],[-78.437712,9.404351],[-78.427261,9.393896],[-78.415951,9.38431],[-78.388731,9.371849],[-78.378322,9.36575],[-78.364225,9.361199],[-78.338339,9.356007],[-78.317512,9.344662],[-78.302727,9.333314],[-78.287072,9.326287],[-78.277486,9.321879],[-78.267911,9.320943],[-78.254862,9.31739],[-78.241857,9.309545],[-78.226236,9.300808],[-78.208025,9.290336],[-78.192354,9.287611],[-78.176654,9.290059],[-78.167086,9.286517],[-78.154923,9.279491],[-78.141905,9.27771],[-78.123707,9.266365],[-78.114003,9.253811],[-78.088159,9.247984],[-78.055992,9.243438],[-78.036901,9.236392],[-78.024566,9.226467],[-78.020823,9.213609],[-77.999257,9.190823],[-77.986255,9.1889],[-77.968658,9.180609],[-77.935409,9.142889],[-77.918528,9.116604],[-77.905028,9.09931],[-77.890152,9.077213],[-77.855744,9.054291],[-77.860838,9.068091],[-77.865224,9.080268],[-77.876442,9.103555],[-77.877661,9.118888],[-77.860097,9.110419],[-77.847259,9.087558],[-77.839194,9.076502],[-77.811865,9.05804],[-77.808172,9.035333],[-77.798239,9.024264],[-77.785814,9.016871],[-77.770741,9.003974],[-77.767242,8.992336],[-77.758534,8.981513],[-77.747548,8.972561],[-77.744416,8.963576],[-77.754206,8.945659],[-77.734731,8.923489],[-77.720772,8.89229],[-77.710321,8.881282],[-77.701056,8.88926],[-77.696737,8.887426],[-77.69552,8.873319],[-77.676293,8.861628],[-77.655852,8.8432],[-77.633453,8.81745],[-77.614329,8.808743],[-77.619456,8.816962],[-77.626047,8.823147],[-77.631744,8.829901],[-77.634185,8.839789],[-77.629058,8.844468],[-77.617991,8.835191],[-77.607411,8.82217],[-77.603831,8.815579],[-77.574073,8.792754],[-77.577874,8.77503],[-77.559342,8.759708],[-77.553623,8.776756],[-77.543688,8.774885],[-77.535099,8.757745],[-77.538343,8.741315],[-77.54029,8.726079],[-77.54475,8.714604],[-77.532137,8.703202],[-77.500722,8.68183],[-77.476959,8.669908],[-77.444203,8.664374],[-77.413197,8.666693],[-77.394602,8.678412],[-77.390696,8.673529],[-77.385813,8.669582],[-77.380035,8.666653],[-77.373525,8.66474],[-77.374936,8.650946],[-77.385375,8.643634],[-77.40155,8.642032],[-77.417673,8.638466],[-77.434003,8.62826],[-77.435036,8.620638],[-77.43023,8.610457],[-77.429093,8.592629],[-77.441134,8.567669],[-77.469373,8.537812],[-77.480356,8.526199],[-77.488676,8.496537],[-77.488728,8.473644],[-77.479685,8.467856],[-77.449609,8.470647],[-77.432711,8.465066],[-77.422324,8.45641],[-77.405787,8.428453],[-77.391266,8.393546],[-77.382998,8.324945],[-77.374368,8.289314],[-77.363206,8.27208],[-77.350494,8.267403],[-77.337161,8.266628],[-77.324345,8.261202],[-77.316904,8.250841],[-77.2952,8.205495],[-77.269434,8.167701],[-77.260111,8.154025],[-77.231069,8.098732],[-77.209624,8.0207],[-77.207763,7.996567],[-77.2012,7.981995],[-77.191537,7.972848],[-77.18084,7.965148],[-77.171073,7.954916],[-77.16327,7.939258],[-77.169006,7.935072],[-77.206058,7.935486],[-77.236134,7.929233],[-77.269723,7.918122],[-77.300419,7.902103],[-77.321606,7.881019],[-77.347186,7.823813],[-77.376642,7.786606],[-77.379897,7.77441],[-77.366513,7.74511],[-77.345998,7.725731],[-77.339745,7.707231],[-77.369097,7.680773],[-77.509347,7.594111],[-77.554925,7.548481],[-77.579989,7.528379],[-77.602675,7.526053],[-77.61332,7.537474],[-77.625464,7.587445],[-77.63306,7.600674],[-77.660759,7.638036],[-77.663394,7.639948],[-77.671869,7.641964],[-77.674815,7.644651],[-77.674763,7.648423],[-77.670629,7.657312],[-77.670216,7.659947],[-77.679931,7.670954],[-77.729902,7.713329],[-77.740237,7.718858],[-77.764215,7.705732],[-77.77052,7.66899],[-77.765817,7.626461],[-77.756825,7.595558],[-77.734243,7.551788],[-77.731245,7.530343],[-77.740237,7.504608],[-77.75512,7.486107],[-77.77424,7.474739],[-77.796306,7.471276],[-77.820181,7.476547],[-77.855011,7.365391],[-77.895839,7.235098],[-77.896555,7.235297],[-77.918813,7.241645],[-77.947621,7.267646],[-77.990468,7.32095],[-78.006459,7.332465],[-78.014394,7.34101],[-78.017812,7.352281],[-78.015533,7.362738],[-78.011545,7.373196],[-78.009755,7.38349],[-78.014394,7.393541],[-78.02009,7.397854],[-78.022857,7.395982],[-78.024892,7.392035],[-78.027984,7.389838],[-78.035878,7.393012],[-78.038157,7.3994],[-78.036122,7.404608],[-78.031484,7.40412],[-78.043446,7.422309],[-78.049957,7.42593],[-78.059397,7.417792],[-78.065541,7.417792],[-78.089711,7.445217],[-78.105621,7.459418],[-78.117421,7.465562],[-78.120676,7.469916],[-78.123158,7.479478],[-78.127919,7.489163],[-78.137847,7.493476],[-78.144154,7.49787],[-78.149078,7.50788],[-78.155588,7.527655],[-78.161773,7.527655],[-78.166086,7.512641],[-78.168324,7.522406],[-78.16926,7.55744],[-78.174224,7.575426],[-78.184804,7.579413],[-78.194447,7.571438],[-78.196523,7.553697],[-78.202016,7.56684],[-78.200307,7.576158],[-78.196645,7.584906],[-78.196523,7.595893],[-78.200307,7.606431],[-78.204457,7.612128],[-78.21642,7.622545],[-78.237701,7.649888],[-78.252349,7.660956],[-78.271637,7.66356],[-78.269276,7.674547],[-78.27359,7.682807],[-78.282135,7.688463],[-78.292144,7.691474],[-78.282582,7.710639],[-78.277496,7.724351],[-78.278147,7.737372],[-78.285268,7.754136],[-78.315338,7.799872],[-78.320058,7.811265],[-78.329416,7.843248],[-78.351145,7.870185],[-78.375966,7.894192],[-78.394521,7.917426],[-78.407582,7.948228],[-78.415639,7.980129],[-78.416005,7.992174],[-78.413645,8.003648],[-78.415639,8.013617],[-78.433583,8.045803],[-78.436147,8.058295],[-78.430816,8.077135],[-78.419057,8.095404],[-78.407297,8.1022],[-78.395741,8.069892],[-78.381337,8.063625],[-78.365224,8.065985],[-78.353586,8.07567],[-78.325185,8.06094],[-78.286448,8.080715],[-78.252187,8.117499],[-78.237457,8.153957],[-78.239369,8.174384],[-78.24474,8.186916],[-78.253285,8.195787],[-78.264801,8.20539],[-78.294057,8.239203],[-78.305776,8.246405],[-78.305776,8.253852],[-78.278635,8.250963],[-78.27009,8.252387],[-78.257395,8.259996],[-78.257395,8.267524],[-78.263173,8.270331],[-78.266103,8.273261],[-78.268178,8.276679],[-78.271637,8.281155],[-78.263661,8.284329],[-78.261301,8.284735],[-78.257395,8.294827],[-78.248931,8.289211],[-78.237457,8.27851],[-78.230702,8.274359],[-78.221913,8.271918],[-78.214223,8.272162],[-78.199696,8.274359],[-78.19811,8.278306],[-78.185862,8.295111],[-78.182932,8.297919],[-78.184397,8.325344],[-78.182932,8.335761],[-78.180043,8.337592],[-78.161773,8.356269],[-78.157541,8.365546],[-78.155751,8.374335],[-78.155588,8.39411],[-78.151357,8.399482],[-78.141916,8.404039],[-78.132476,8.405341],[-78.128285,8.400946],[-78.12328,8.364488],[-78.120839,8.356269],[-78.110951,8.347968],[-78.094553,8.339057],[-78.07665,8.331855],[-78.062489,8.328925],[-78.051015,8.322496],[-78.04247,8.307359],[-78.024892,8.259711],[-78.015126,8.246527],[-78.002553,8.237006],[-77.987416,8.233344],[-77.982655,8.235338],[-77.972035,8.238471],[-77.961293,8.238023],[-77.953521,8.223782],[-77.946604,8.218411],[-77.937734,8.214423],[-77.929067,8.212877],[-77.915395,8.212877],[-77.915395,8.219062],[-77.930735,8.222398],[-77.944732,8.230536],[-77.955881,8.241645],[-77.962554,8.253852],[-77.912587,8.24433],[-77.885976,8.234687],[-77.869008,8.215481],[-77.845082,8.202582],[-77.83967,8.195502],[-77.838735,8.18065],[-77.835561,8.170111],[-77.829254,8.162787],[-77.819203,8.15766],[-77.80842,8.163764],[-77.797271,8.157701],[-77.788564,8.143988],[-77.785024,8.126899],[-77.778147,8.11579],[-77.762603,8.111884],[-77.746409,8.11636],[-77.737213,8.130316],[-77.765126,8.130072],[-77.801869,8.174384],[-77.819203,8.171291],[-77.870595,8.235785],[-77.880686,8.243313],[-77.895416,8.251532],[-77.984283,8.267524],[-78.00593,8.276028],[-78.023183,8.290473],[-78.034739,8.309638],[-78.03893,8.332343],[-78.060699,8.375922],[-78.067047,8.402737],[-78.05191,8.41767],[-78.062734,8.424709],[-78.074778,8.434516],[-78.085927,8.446357],[-78.094146,8.459296],[-78.098541,8.475775],[-78.09557,8.485175],[-78.089996,8.491889],[-78.086659,8.50023],[-78.088124,8.512763],[-78.093861,8.515937],[-78.102895,8.518052],[-78.114003,8.527574],[-78.118886,8.538764],[-78.119944,8.548285],[-78.123118,8.556057],[-78.134429,8.561713],[-78.13036,8.552476],[-78.129547,8.527289],[-78.124501,8.517646],[-78.111195,8.509019],[-78.106191,8.508043],[-78.105824,8.505032],[-78.106516,8.472113],[-78.104807,8.463365],[-78.090932,8.430854],[-78.089589,8.420396],[-78.094146,8.410875],[-78.100331,8.410875],[-78.119252,8.442532],[-78.131418,8.458075],[-78.141265,8.466132],[-78.15685,8.466213],[-78.170155,8.457668],[-78.179433,8.442084],[-78.182932,8.421088],[-78.188873,8.405748],[-78.203765,8.393948],[-78.222564,8.386298],[-78.24059,8.383531],[-78.249135,8.386908],[-78.252838,8.394721],[-78.253041,8.403795],[-78.251129,8.410875],[-78.245351,8.41767],[-78.21642,8.431952],[-78.212514,8.428656],[-78.209828,8.426988],[-78.202748,8.424506],[-78.201527,8.457343],[-78.206695,8.487738],[-78.223256,8.541815],[-78.230702,8.541815],[-78.237701,8.527533],[-78.232818,8.518378],[-78.223297,8.510565],[-78.21642,8.50023],[-78.217844,8.482489],[-78.225575,8.468248],[-78.230458,8.456448],[-78.223256,8.445624],[-78.223256,8.438178],[-78.226389,8.435981],[-78.229848,8.434394],[-78.237457,8.431952],[-78.241851,8.440009],[-78.247874,8.444525],[-78.25357,8.447821],[-78.257395,8.45185],[-78.26065,8.460639],[-78.258941,8.461656],[-78.254954,8.461371],[-78.251129,8.466132],[-78.240387,8.485297],[-78.241567,8.494778],[-78.257395,8.50023],[-78.252594,8.487738],[-78.25475,8.481879],[-78.260081,8.47842],[-78.264801,8.472968],[-78.278472,8.445624],[-78.294545,8.443264],[-78.303334,8.454291],[-78.312611,8.486558],[-78.320058,8.479153],[-78.321034,8.466254],[-78.334828,8.446194],[-78.353017,8.4289],[-78.367258,8.424506],[-78.376454,8.441311],[-78.386871,8.500474],[-78.394521,8.520697],[-78.390736,8.527493],[-78.388336,8.534369],[-78.394521,8.534369],[-78.394521,8.527574],[-78.401967,8.527574],[-78.401967,8.548041],[-78.408193,8.548041],[-78.412017,8.523505],[-78.393788,8.473863],[-78.384104,8.425971],[-78.365346,8.410631],[-78.360992,8.39411],[-78.388336,8.335761],[-78.392323,8.344387],[-78.399485,8.348822],[-78.407826,8.351996],[-78.409698,8.353013],[-78.415639,8.356269],[-78.43871,8.384426],[-78.449778,8.391018],[-78.444407,8.403225],[-78.44518,8.421088],[-78.449941,8.439154],[-78.456654,8.45185],[-78.464019,8.446234],[-78.468088,8.440131],[-78.46996,8.43301],[-78.470855,8.424506],[-78.475494,8.434027],[-78.486399,8.447821],[-78.490793,8.459296],[-78.491363,8.473375],[-78.483957,8.507066],[-78.490793,8.524482],[-78.520009,8.563463],[-78.531728,8.575995],[-78.516713,8.575263],[-78.505767,8.571967],[-78.49592,8.570746],[-78.483957,8.575995],[-78.500315,8.58869],[-78.505849,8.599066],[-78.504384,8.634019],[-78.566477,8.651068],[-78.561269,8.666449],[-78.55899,8.670966],[-78.565582,8.67178],[-78.569,8.670233],[-78.573313,8.66474],[-78.581532,8.670111],[-78.589223,8.669582],[-78.596547,8.66649],[-78.603749,8.66474],[-78.612538,8.669745],[-78.618886,8.681464],[-78.627919,8.705715],[-78.613678,8.717231],[-78.608388,8.735338],[-78.609486,8.755927],[-78.614247,8.774604],[-78.621693,8.774604],[-78.623118,8.75849],[-78.61913,8.73786],[-78.61974,8.723538],[-78.634755,8.726223],[-78.651519,8.707953],[-78.6822,8.747748],[-78.709869,8.747301],[-78.7294,8.759345],[-78.749379,8.801825],[-78.765126,8.815579],[-78.765126,8.822414],[-78.757639,8.822414],[-78.757639,8.82925],[-78.77245,8.833564],[-78.781809,8.842841],[-78.789622,8.853909],[-78.799875,8.863349],[-78.7919,8.846666],[-78.790151,8.833564],[-78.796457,8.823472],[-78.812856,8.815579],[-78.82787,8.813137],[-78.838002,8.816962],[-78.857574,8.839789],[-78.864573,8.855618],[-78.86856,8.874905],[-78.873891,8.891181],[-79.005279,8.95954],[-79.057607,8.971015],[-79.082997,8.988837],[-79.087229,8.99433],[-79.08849,9.004096],[-79.085683,9.009752],[-79.081776,9.015326],[-79.079823,9.024726],[-79.079335,9.045396],[-79.080881,9.062812],[-79.088857,9.073798],[-79.107737,9.075629],[-79.107737,9.083075],[-79.086293,9.084621],[-79.069895,9.093329],[-79.058583,9.107164],[-79.05248,9.12401],[-79.046254,9.12401],[-79.037424,9.1105],[-79.027699,9.111029],[-79.011545,9.12401],[-78.9912,9.131171],[-78.982167,9.13642],[-78.977366,9.145168],[-78.983754,9.141995],[-78.997182,9.140937],[-79.005279,9.138332],[-79.011952,9.133124],[-79.024729,9.119371],[-79.02892,9.116604],[-79.036936,9.119615],[-79.03954,9.125922],[-79.042633,9.13109],[-79.05248,9.130845],[-79.058665,9.125637],[-79.070872,9.107489],[-79.07665,9.103583],[-79.07901,9.101467],[-79.082183,9.096747],[-79.087799,9.092027],[-79.097483,9.089911],[-79.10676,9.089423],[-79.114166,9.087551],[-79.119049,9.083197],[-79.120717,9.075629],[-79.114573,9.068793],[-79.101674,9.065009],[-79.089996,9.056383],[-79.087229,9.035305],[-79.091786,9.023017],[-79.102122,9.006008],[-79.116078,8.994127],[-79.131581,8.997463],[-79.138092,9.0008],[-79.162343,9.007392],[-79.163401,9.011786],[-79.168284,9.019843],[-79.173492,9.022528],[-79.176015,9.010728],[-79.192983,9.005194],[-79.273346,9.019273],[-79.299469,9.014146],[-79.305735,9.014146],[-79.305735,9.020982],[-79.330312,9.013414],[-79.38683,9.018866],[-79.409332,9.007392],[-79.418202,9.014146],[-79.42748,9.013373],[-79.437123,9.009589],[-79.454457,9.006293],[-79.466908,9.001654],[-79.474517,9.000556],[-79.482004,8.998358],[-79.484039,8.99372],[-79.48469,8.989],[-79.487904,8.986884],[-79.491078,8.983466],[-79.519195,8.966376],[-79.52123,8.957424],[-79.520253,8.948879],[-79.522206,8.942288],[-79.532867,8.939114],[-79.515533,8.90998],[-79.51183,8.898139],[-79.524973,8.907294],[-79.541127,8.923285],[-79.554677,8.942084],[-79.56017,8.95954],[-79.566396,8.95954],[-79.565012,8.953762],[-79.563222,8.950019],[-79.56017,8.945299],[-79.56017,8.939114],[-79.566396,8.939114],[-79.559193,8.914293],[-79.563873,8.892768],[-79.578481,8.88227],[-79.601186,8.890692],[-79.64684,8.882636],[-79.661204,8.87523],[-79.655751,8.863349],[-79.655751,8.857123],[-79.66686,8.860826],[-79.67398,8.865546],[-79.680653,8.867621],[-79.690541,8.863349],[-79.693471,8.866645],[-79.694651,8.868313],[-79.697011,8.869208],[-79.703603,8.870185],[-79.703603,8.863349],[-79.700795,8.859931],[-79.699208,8.854804],[-79.696767,8.849677],[-79.713938,8.852607],[-79.730214,8.844306],[-79.74356,8.830064],[-79.752024,8.815579],[-79.756256,8.796291],[-79.752024,8.736762],[-79.749867,8.731024],[-79.745188,8.728013],[-79.740468,8.725979],[-79.738352,8.722805],[-79.739329,8.716498],[-79.741363,8.711127],[-79.744537,8.705715],[-79.746816,8.697943],[-79.750803,8.689602],[-79.756012,8.681586],[-79.761952,8.674709],[-79.76594,8.67182],[-79.778391,8.665839],[-79.791005,8.663235],[-79.791737,8.659491],[-79.790517,8.655015],[-79.792958,8.651068],[-79.810019,8.646601],[-79.826311,8.63852],[-79.813691,8.62606],[-79.779608,8.61841],[-79.747351,8.631259],[-79.717305,8.64631],[-79.705804,8.652551],[-79.702094,8.657321],[-79.697269,8.657323],[-79.696897,8.648888],[-79.700607,8.641551],[-79.734365,8.615499],[-79.774396,8.57955],[-79.793673,8.572207],[-79.826298,8.561553],[-79.864118,8.552358],[-79.871525,8.542819],[-79.869781,8.531806],[-79.871734,8.524156],[-79.874867,8.520697],[-79.879994,8.518622],[-79.891225,8.516303],[-79.895375,8.514553],[-79.910553,8.500474],[-79.917633,8.495429],[-79.926747,8.493394],[-79.932118,8.489163],[-79.941803,8.470404],[-79.946889,8.466132],[-79.948964,8.462307],[-79.970204,8.444078],[-80.040802,8.397976],[-80.080881,8.371772],[-80.125844,8.348619],[-80.195546,8.312934],[-80.224965,8.301052],[-80.272735,8.294827],[-80.281606,8.295925],[-80.294464,8.300442],[-80.300038,8.301052],[-80.308827,8.298651],[-80.326283,8.29031],[-80.334218,8.287991],[-80.36148,8.294827],[-80.374664,8.303371],[-80.380727,8.31037],[-80.375762,8.315253],[-80.385772,8.311347],[-80.386261,8.306952],[-80.384755,8.301581],[-80.388783,8.294827],[-80.407012,8.283026],[-80.470245,8.220649],[-80.478179,8.202338],[-80.474843,8.106472],[-80.476104,8.094875],[-80.478464,8.091376],[-80.484405,8.082546],[-80.46817,8.074856],[-80.460927,8.055732],[-80.456085,8.0362],[-80.447174,8.027289],[-80.432403,8.024237],[-80.394276,8.007636],[-80.382598,7.999335],[-80.348866,7.989285],[-80.327748,7.953315],[-80.313344,7.911444],[-80.300038,7.883328],[-80.204457,7.807563],[-80.143788,7.752753],[-80.052398,7.637112],[-80.005767,7.552273],[-79.99352,7.522773],[-79.994659,7.503445],[-80.01004,7.465237],[-80.017852,7.456814],[-80.030059,7.453925],[-80.056793,7.452541],[-80.064971,7.450995],[-80.135528,7.424628],[-80.198516,7.424709],[-80.210683,7.417792],[-80.222808,7.423367],[-80.249664,7.429633],[-80.259063,7.438259],[-80.265899,7.438259],[-80.27481,7.433865],[-80.306874,7.424628],[-80.306874,7.417792],[-80.293975,7.419257],[-80.283559,7.42182],[-80.274526,7.425686],[-80.265899,7.430813],[-80.259063,7.424628],[-80.330963,7.40119],[-80.357574,7.382025],[-80.36148,7.35574],[-80.34439,7.327419],[-80.347564,7.318264],[-80.372345,7.314765],[-80.379262,7.312771],[-80.387115,7.308051],[-80.393585,7.302395],[-80.39627,7.297675],[-80.398834,7.286648],[-80.405385,7.282782],[-80.414418,7.280341],[-80.424184,7.273749],[-80.428497,7.265448],[-80.428131,7.25849],[-80.429107,7.252346],[-80.437245,7.246487],[-80.444814,7.245876],[-80.463735,7.251654],[-80.474477,7.253323],[-80.596832,7.238064],[-80.604075,7.236721],[-80.713124,7.216457],[-80.793365,7.213568],[-80.813995,7.219143],[-80.82079,7.219143],[-80.825958,7.213324],[-80.831085,7.211371],[-80.836212,7.213324],[-80.841298,7.219143],[-80.848134,7.219143],[-80.861806,7.205715],[-80.873077,7.212551],[-80.889068,7.23904],[-80.894439,7.243435],[-80.901763,7.248114],[-80.910553,7.251776],[-80.920074,7.253323],[-80.929718,7.256496],[-80.930165,7.263577],[-80.925567,7.270575],[-80.920074,7.273749],[-80.916005,7.278144],[-80.917144,7.299628],[-80.916371,7.307929],[-80.911163,7.315009],[-80.899932,7.323513],[-80.895985,7.328396],[-80.892364,7.341742],[-80.891591,7.360175],[-80.89566,7.376614],[-80.921173,7.392035],[-80.920806,7.410793],[-80.910186,7.441677],[-80.915069,7.454657],[-80.951161,7.493476],[-80.95462,7.49551],[-80.962188,7.502468],[-80.966908,7.509914],[-80.954701,7.516913],[-80.952748,7.525458],[-80.95165,7.53559],[-80.947743,7.544094],[-80.946319,7.555691],[-80.955719,7.569648],[-80.968984,7.582058],[-80.979115,7.589057],[-80.979115,7.595893],[-80.971669,7.595893],[-80.971669,7.602729],[-81.02005,7.650539],[-81.029937,7.656073],[-81.037506,7.658271],[-81.04129,7.661689],[-81.039906,7.671047],[-81.035186,7.679958],[-81.027821,7.686184],[-81.017852,7.688422],[-81.005767,7.685329],[-81.01061,7.693915],[-81.02184,7.702663],[-81.034454,7.709296],[-81.043324,7.711982],[-81.04483,7.716702],[-81.026235,7.746731],[-81.037139,7.745998],[-81.046864,7.747219],[-81.05484,7.750027],[-81.061025,7.754177],[-81.057607,7.75495],[-81.054799,7.754828],[-81.053253,7.755927],[-81.053578,7.760403],[-81.07669,7.764797],[-81.08609,7.77912],[-81.085439,7.794338],[-81.078114,7.801337],[-81.072499,7.803534],[-81.067494,7.808173],[-81.060821,7.812893],[-81.05016,7.815009],[-81.037628,7.815009],[-81.027577,7.816799],[-81.02127,7.822699],[-81.02005,7.835517],[-81.026235,7.835517],[-81.048858,7.822699],[-81.055898,7.849392],[-81.053578,7.9112],[-81.075225,7.871283],[-81.090443,7.857856],[-81.101959,7.877102],[-81.108184,7.877102],[-81.105946,7.8664],[-81.102162,7.858588],[-81.096303,7.853054],[-81.087677,7.849189],[-81.087677,7.842312],[-81.133046,7.842312],[-81.142364,7.844428],[-81.154815,7.853827],[-81.167144,7.855984],[-81.192413,7.863349],[-81.197377,7.879055],[-81.199941,7.893622],[-81.218048,7.897528],[-81.20816,7.893459],[-81.20523,7.889919],[-81.204376,7.883328],[-81.217641,7.878974],[-81.215199,7.870998],[-81.19754,7.855984],[-81.180206,7.846869],[-81.177113,7.84573],[-81.1787,7.836859],[-81.18163,7.829657],[-81.183258,7.823676],[-81.164703,7.789008],[-81.174428,7.763007],[-81.196685,7.741726],[-81.218048,7.726264],[-81.222401,7.734402],[-81.223175,7.739203],[-81.221466,7.742703],[-81.218048,7.746731],[-81.218048,7.754177],[-81.232045,7.755032],[-81.245961,7.754177],[-81.245961,7.746731],[-81.235382,7.743842],[-81.229482,7.73782],[-81.218048,7.719428],[-81.231557,7.714382],[-81.237416,7.715115],[-81.245961,7.719428],[-81.238678,7.707465],[-81.231679,7.69892],[-81.225494,7.69892],[-81.212148,7.706122],[-81.19754,7.711982],[-81.193267,7.700751],[-81.19754,7.657375],[-81.195465,7.645697],[-81.19518,7.638861],[-81.19754,7.630072],[-81.201324,7.62519],[-81.213409,7.615424],[-81.218048,7.608954],[-81.225494,7.608954],[-81.234039,7.615261],[-81.266225,7.632392],[-81.273305,7.63349],[-81.278717,7.646064],[-81.291168,7.650662],[-81.314239,7.650539],[-81.396962,7.673529],[-81.424102,7.671047],[-81.428212,7.682563],[-81.434926,7.692654],[-81.442901,7.700466],[-81.450795,7.705146],[-81.473907,7.699408],[-81.503448,7.701972],[-81.525787,7.711453],[-81.52713,7.726264],[-81.518666,7.728909],[-81.499989,7.738674],[-81.488759,7.749213],[-81.528066,7.760565],[-81.539052,7.757351],[-81.540191,7.739936],[-81.563222,7.756293],[-81.574941,7.760403],[-81.574941,7.767239],[-81.568389,7.776028],[-81.573883,7.784329],[-81.583119,7.793402],[-81.588002,7.80447],[-81.586293,7.820868],[-81.581776,7.83157],[-81.567494,7.849189],[-81.567494,7.855984],[-81.574615,7.860663],[-81.581899,7.862494],[-81.588979,7.861111],[-81.595448,7.855984],[-81.601593,7.855984],[-81.60912,7.86282],[-81.60912,7.870266],[-81.599762,7.877834],[-81.599884,7.885037],[-81.608022,7.889838],[-81.622711,7.890082],[-81.619618,7.905341],[-81.618682,7.922024],[-81.612945,7.931423],[-81.595448,7.924872],[-81.598012,7.933783],[-81.602081,7.940009],[-81.615875,7.952175],[-81.611236,7.959621],[-81.612945,7.974189],[-81.60912,7.986355],[-81.621327,7.98135],[-81.627105,7.982815],[-81.628896,7.981838],[-81.628936,7.969265],[-81.624135,7.95539],[-81.622589,7.947943],[-81.625885,7.944729],[-81.63329,7.945868],[-81.638458,7.949246],[-81.641591,7.954657],[-81.642608,7.962104],[-81.645904,7.97309],[-81.663564,7.997301],[-81.670522,8.006781],[-81.684804,8.044623],[-81.691029,8.054633],[-81.697133,8.03913],[-81.698354,8.031033],[-81.697865,8.021064],[-81.708363,8.031317],[-81.708526,8.045844],[-81.710357,8.059841],[-81.725738,8.068264],[-81.725738,8.07571],[-81.717275,8.070828],[-81.709462,8.06863],[-81.70287,8.069973],[-81.697865,8.07571],[-81.691029,8.07571],[-81.687611,8.072781],[-81.685414,8.071601],[-81.677358,8.068264],[-81.711456,8.130316],[-81.733551,8.15766],[-81.743438,8.173163],[-81.746246,8.191799],[-81.752471,8.191799],[-81.758209,8.180609],[-81.76065,8.169582],[-81.757476,8.16116],[-81.746246,8.15766],[-81.752431,8.148993],[-81.767486,8.132758],[-81.7742,8.123481],[-81.780385,8.123481],[-81.798329,8.137112],[-81.876576,8.167873],[-81.885365,8.173285],[-81.927032,8.183173],[-81.941151,8.184963],[-81.951812,8.191433],[-81.947865,8.206244],[-81.931182,8.233344],[-81.943267,8.229641],[-81.956695,8.221015],[-81.967641,8.209052],[-81.972198,8.195502],[-81.978383,8.192532],[-81.992177,8.201117],[-82.013173,8.219062],[-82.027862,8.208279],[-82.060292,8.210273],[-82.093129,8.220364],[-82.109364,8.233344],[-82.11559,8.233344],[-82.117299,8.215155],[-82.142405,8.160061],[-82.144561,8.161892],[-82.148915,8.164089],[-82.150299,8.164496],[-82.150299,8.15766],[-82.156524,8.15766],[-82.147206,8.180935],[-82.147572,8.1883],[-82.156524,8.184963],[-82.155385,8.193183],[-82.153798,8.199286],[-82.15038,8.203315],[-82.143463,8.20539],[-82.143463,8.212917],[-82.15689,8.211737],[-82.174102,8.201728],[-82.187896,8.199246],[-82.196523,8.202175],[-82.209259,8.215522],[-82.219228,8.219062],[-82.219228,8.225898],[-82.214101,8.227444],[-82.209584,8.231147],[-82.204945,8.233344],[-82.216542,8.264228],[-82.217559,8.278225],[-82.211781,8.287991],[-82.211781,8.294827],[-82.217641,8.299343],[-82.21878,8.304348],[-82.21642,8.30976],[-82.211781,8.315253],[-82.210601,8.312649],[-82.210846,8.309882],[-82.209828,8.308051],[-82.204945,8.308498],[-82.209828,8.321845],[-82.208648,8.332099],[-82.200551,8.339301],[-82.184438,8.343207],[-82.207875,8.34394],[-82.220123,8.342963],[-82.225453,8.339504],[-82.241444,8.306708],[-82.242462,8.301052],[-82.261952,8.302802],[-82.277089,8.309272],[-82.284413,8.322211],[-82.280059,8.343207],[-82.296498,8.336208],[-82.313954,8.330837],[-82.331654,8.329779],[-82.348907,8.335761],[-82.347076,8.329169],[-82.34496,8.315009],[-82.342763,8.308498],[-82.358673,8.306098],[-82.387196,8.291449],[-82.400136,8.287991],[-82.418935,8.293036],[-82.433258,8.304348],[-82.435333,8.316107],[-82.417226,8.322781],[-82.417226,8.328925],[-82.425689,8.332302],[-82.430287,8.338162],[-82.431752,8.346218],[-82.430898,8.356269],[-82.441029,8.3487],[-82.442616,8.33633],[-82.447011,8.323554],[-82.465606,8.315253],[-82.465606,8.308498],[-82.461415,8.302924],[-82.457428,8.296047],[-82.454132,8.28852],[-82.452016,8.281155],[-82.470855,8.277126],[-82.477773,8.277411],[-82.486114,8.281155],[-82.511708,8.276435],[-82.552642,8.28738],[-82.62267,8.315253],[-82.658925,8.322781],[-82.698598,8.322821],[-82.738026,8.31745],[-82.808705,8.295681],[-82.839019,8.27851],[-82.862457,8.254055],[-82.877187,8.219062],[-82.879872,8.177883],[-82.872833,8.135891],[-82.849233,8.068264],[-82.849233,8.062038],[-82.862091,8.048896],[-82.868194,8.032375],[-82.876943,8.023871],[-82.897629,8.034748],[-82.89137,8.057545],[-82.886409,8.102194],[-82.939093,8.216838],[-82.943666,8.248567],[-82.950513,8.258825],[-82.968006,8.267972],[-82.977127,8.269238],[-82.989193,8.264458],[-82.995524,8.26482],[-83.001105,8.269238],[-83.010768,8.283371],[-83.016065,8.289004],[-83.044074,8.30536],[-83.053246,8.315101],[-83.052109,8.327632],[-83.043299,8.334738],[-82.997772,8.360163],[-82.953511,8.402098],[-82.924779,8.416748],[-82.896512,8.425352],[-82.870415,8.438117],[-82.848297,8.465169],[-82.838918,8.494625],[-82.835973,8.529765],[-82.841864,8.599476],[-82.849796,8.629862],[-82.862224,8.6557],[-82.878942,8.679058],[-82.910335,8.713914],[-82.919223,8.727065],[-82.924158,8.741199],[-82.92297,8.756159],[-82.914883,8.764789],[-82.885117,8.783186],[-82.875789,8.793909],[-82.875634,8.807526],[-82.883567,8.812383],[-82.888321,8.816931],[-82.87858,8.829772],[-82.866927,8.838066],[-82.763781,8.87995],[-82.73386,8.897985],[-82.720157,8.920238],[-82.719365,8.921524],[-82.723344,8.930929],[-82.74913,8.974079],[-82.762695,8.982993],[-82.808171,8.998367],[-82.854085,9.031982],[-82.876564,9.04193],[-82.88243,9.04534],[-82.886874,9.05149],[-82.88969,9.059371],[-82.893282,9.066941],[-82.900232,9.072057],[-82.909457,9.072006],[-82.939377,9.059577],[-82.939521,9.070642],[-82.941651,9.234425],[-82.943201,9.354314],[-82.944286,9.437151],[-82.941703,9.456349],[-82.933305,9.470327],[-82.914624,9.476865],[-82.861294,9.484099],[-82.846385,9.492548],[-82.844783,9.500687],[-82.849383,9.503478],[-82.85592,9.505442],[-82.860209,9.511204],[-82.867134,9.538644],[-82.879252,9.559909],[-82.877391,9.569184],[-82.866048,9.585075],[-82.847471,9.600655],[-82.829022,9.602722],[-82.771093,9.579856],[-82.729364,9.544897],[-82.719727,9.541331],[-82.711691,9.545],[-82.701459,9.533554],[-82.688669,9.509447],[-82.678049,9.497768],[-82.668205,9.493168],[-82.650713,9.487846],[-82.632135,9.484668],[-82.618854,9.486709],[-82.612395,9.499499],[-82.608209,9.537869],[-82.601103,9.548669],[-82.585885,9.54624],[-82.570614,9.53823],[-82.562837,9.538695],[-82.573598,9.576199]]],[[[-81.807729,7.287421],[-81.798004,7.291083],[-81.789906,7.290107],[-81.780507,7.287828],[-81.766713,7.287421],[-81.779042,7.277493],[-81.792388,7.251654],[-81.800893,7.239],[-81.796986,7.233954],[-81.793446,7.225979],[-81.800893,7.225979],[-81.816233,7.271308],[-81.814565,7.279975],[-81.818756,7.285631],[-81.819163,7.288723],[-81.814565,7.294257],[-81.81078,7.294135],[-81.808258,7.293443],[-81.8072,7.291571],[-81.807729,7.287421]]],[[[-81.149159,7.561184],[-81.135569,7.568183],[-81.118072,7.57453],[-81.087717,7.58161],[-81.075022,7.577338],[-81.061594,7.575588],[-81.03307,7.575426],[-81.044993,7.554145],[-81.052846,7.544623],[-81.064117,7.540676],[-81.075022,7.535346],[-81.082753,7.53384],[-81.09142,7.537543],[-81.097768,7.542548],[-81.103342,7.545559],[-81.109853,7.547065],[-81.119049,7.547512],[-81.129262,7.545315],[-81.134389,7.539944],[-81.137847,7.533393],[-81.142974,7.527655],[-81.170888,7.513373],[-81.184926,7.496975],[-81.190745,7.493476],[-81.199127,7.493476],[-81.208567,7.495592],[-81.21581,7.498277],[-81.218088,7.499701],[-81.245676,7.490058],[-81.251943,7.490424],[-81.242584,7.503404],[-81.2329,7.513373],[-81.222727,7.521064],[-81.210439,7.525946],[-81.174387,7.53144],[-81.164052,7.540513],[-81.157623,7.551581],[-81.149159,7.561184]]],[[[-81.664377,7.397284],[-81.652496,7.391018],[-81.62206,7.393866],[-81.615875,7.386705],[-81.588002,7.335191],[-81.606679,7.327582],[-81.628163,7.321601],[-81.649403,7.321519],[-81.684234,7.341376],[-81.727122,7.344428],[-81.746246,7.348863],[-81.756703,7.357733],[-81.780751,7.384223],[-81.800038,7.395575],[-81.841868,7.430813],[-81.864654,7.478461],[-81.872874,7.486029],[-81.875111,7.490424],[-81.882802,7.516791],[-81.878896,7.517483],[-81.858062,7.517524],[-81.848704,7.520209],[-81.848948,7.524115],[-81.836252,7.546698],[-81.834381,7.547512],[-81.831776,7.559272],[-81.83141,7.568183],[-81.829986,7.576158],[-81.824452,7.585354],[-81.816803,7.590399],[-81.798329,7.594224],[-81.770131,7.614814],[-81.760365,7.620185],[-81.759918,7.6164],[-81.752512,7.6164],[-81.755238,7.62401],[-81.757314,7.63642],[-81.759918,7.644273],[-81.752512,7.644273],[-81.752512,7.636868],[-81.746246,7.636868],[-81.746816,7.641832],[-81.745351,7.643297],[-81.742421,7.643459],[-81.73884,7.644273],[-81.716176,7.579657],[-81.715199,7.56802],[-81.713287,7.565904],[-81.705312,7.553697],[-81.704823,7.551093],[-81.705922,7.543118],[-81.705312,7.540676],[-81.702138,7.540188],[-81.693837,7.541409],[-81.691029,7.540676],[-81.682037,7.534573],[-81.675649,7.532131],[-81.671783,7.526353],[-81.670522,7.51024],[-81.676381,7.50552],[-81.708363,7.493476],[-81.70934,7.48664],[-81.716786,7.457506],[-81.718984,7.452541],[-81.712717,7.44009],[-81.694732,7.423977],[-81.691029,7.414049],[-81.689198,7.403795],[-81.684438,7.395006],[-81.677887,7.391588],[-81.670522,7.397284],[-81.664377,7.397284]]],[[[-82.211781,8.199205],[-82.233022,8.205308],[-82.24706,8.206732],[-82.253407,8.202338],[-82.253326,8.193264],[-82.252594,8.188381],[-82.245961,8.171291],[-82.273834,8.191799],[-82.281361,8.193549],[-82.301381,8.196112],[-82.307973,8.199205],[-82.315663,8.214911],[-82.306467,8.224066],[-82.273834,8.233344],[-82.259592,8.227037],[-82.238881,8.220649],[-82.220123,8.212063],[-82.211781,8.199205]]],[[[-82.342763,8.259996],[-82.314809,8.24018],[-82.334869,8.235093],[-82.3697,8.216864],[-82.386464,8.212877],[-82.398346,8.218207],[-82.412506,8.231024],[-82.424713,8.246568],[-82.430898,8.259996],[-82.424672,8.259996],[-82.401926,8.257148],[-82.350006,8.293647],[-82.328481,8.287991],[-82.316518,8.27733],[-82.317209,8.267564],[-82.327056,8.262885],[-82.342763,8.267524],[-82.342763,8.259996]]],[[[-79.094065,8.308498],[-79.087505,8.295776],[-79.083001,8.274186],[-79.075864,8.265991],[-79.070992,8.264492],[-79.065741,8.26076],[-79.06986,8.257051],[-79.080391,8.254828],[-79.091278,8.259681],[-79.103788,8.252959],[-79.104528,8.244402],[-79.098447,8.238471],[-79.09851,8.22988],[-79.104887,8.228779],[-79.108682,8.223925],[-79.10952,8.210469],[-79.122709,8.208982],[-79.140003,8.244396],[-79.136973,8.257438],[-79.130564,8.25669],[-79.129805,8.264142],[-79.12565,8.277553],[-79.129411,8.287243],[-79.1245,8.303261],[-79.112431,8.317409],[-79.104887,8.318518],[-79.100373,8.317397],[-79.094879,8.311754],[-79.094065,8.308498]]],[[[-82.36205,8.086859],[-82.359242,8.099026],[-82.352447,8.112047],[-82.343129,8.123358],[-82.332346,8.129706],[-82.320709,8.130316],[-82.318349,8.123969],[-82.319447,8.113105],[-82.318227,8.099921],[-82.336537,8.091864],[-82.347483,8.088284],[-82.36205,8.086859]]],[[[-79.084393,8.382491],[-79.092844,8.377183],[-79.112175,8.391498],[-79.130098,8.40487],[-79.118238,8.42911],[-79.105018,8.418741],[-79.094838,8.40648],[-79.090149,8.410278],[-79.087943,8.419544],[-79.082438,8.415997],[-79.086284,8.403453],[-79.078868,8.398554],[-79.080252,8.39093],[-79.084393,8.382491]]],[[[-82.123036,9.322659],[-82.097727,9.311184],[-82.085276,9.30268],[-82.074615,9.28852],[-82.093984,9.291246],[-82.114166,9.283271],[-82.130198,9.268256],[-82.138824,9.245307],[-82.143625,9.247138],[-82.154408,9.258368],[-82.153961,9.259182],[-82.151723,9.259914],[-82.150299,9.26435],[-82.150258,9.287258],[-82.154042,9.296291],[-82.163971,9.302191],[-82.163971,9.308417],[-82.150299,9.302191],[-82.159332,9.323147],[-82.174306,9.33039],[-82.192616,9.333889],[-82.211781,9.343166],[-82.211781,9.349351],[-82.206166,9.354193],[-82.200999,9.356187],[-82.196034,9.354804],[-82.191314,9.349351],[-82.182485,9.345852],[-82.174387,9.344062],[-82.166005,9.344957],[-82.156565,9.349351],[-82.146718,9.344631],[-82.123036,9.322659]]],[[[-82.328481,9.412055],[-82.301666,9.432318],[-82.285512,9.43887],[-82.266428,9.439358],[-82.238759,9.398749],[-82.231801,9.373358],[-82.245961,9.356838],[-82.245961,9.349351],[-82.241567,9.34455],[-82.240142,9.341946],[-82.241689,9.33808],[-82.245961,9.330064],[-82.259674,9.353176],[-82.280751,9.374701],[-82.328481,9.412055]]],[[[-78.892244,8.458047],[-78.893713,8.469274],[-78.88993,8.474136],[-78.880181,8.468461],[-78.86913,8.461656],[-78.862782,8.453681],[-78.858225,8.442939],[-78.855377,8.431342],[-78.854482,8.421088],[-78.854683,8.413287],[-78.842229,8.411064],[-78.83551,8.397995],[-78.837338,8.386866],[-78.84567,8.381269],[-78.847959,8.368606],[-78.834476,8.342811],[-78.843207,8.320458],[-78.852298,8.312268],[-78.852281,8.303332],[-78.858022,8.295844],[-78.870415,8.29665],[-78.875343,8.301494],[-78.882503,8.300387],[-78.889231,8.29914],[-78.896399,8.297429],[-78.899052,8.302642],[-78.901325,8.308967],[-78.904691,8.30265],[-78.912197,8.293727],[-78.920476,8.282566],[-78.920117,8.274002],[-78.922775,8.265446],[-78.912987,8.253881],[-78.91114,8.234148],[-78.905114,8.22929],[-78.897574,8.228897],[-78.897579,8.224427],[-78.903985,8.219222],[-78.917924,8.227084],[-78.928454,8.235668],[-78.926938,8.249818],[-78.933656,8.273271],[-78.940043,8.28259],[-78.957997,8.290432],[-78.964345,8.294827],[-78.969898,8.305099],[-78.965412,8.320766],[-78.958237,8.329105],[-78.954777,8.346514],[-78.958485,8.352851],[-78.967278,8.36243],[-78.969908,8.369891],[-78.965753,8.377316],[-78.961602,8.383618],[-78.961218,8.390315],[-78.965717,8.408224],[-78.964345,8.41767],[-78.974712,8.444368],[-78.970922,8.45845],[-78.958127,8.458806],[-78.949104,8.45279],[-78.908777,8.470041],[-78.89977,8.461615],[-78.896962,8.456692],[-78.895416,8.45185],[-78.892244,8.458047]]],[[[-79.570393,8.798576],[-79.56334,8.804639],[-79.556895,8.802517],[-79.553827,8.803426],[-79.553211,8.800395],[-79.555357,8.79797],[-79.552592,8.791908],[-79.547989,8.788878],[-79.541853,8.786757],[-79.541237,8.781302],[-79.543381,8.775545],[-79.547981,8.774029],[-79.551358,8.77918],[-79.555348,8.782816],[-79.562709,8.7813],[-79.569154,8.783117],[-79.571613,8.789179],[-79.570393,8.798576]]],[[[-81.568269,9.108249],[-81.565493,9.105496],[-81.559925,9.103966],[-81.557747,9.106106],[-81.553102,9.105799],[-81.547221,9.102741],[-81.541948,9.09907],[-81.537911,9.095094],[-81.536669,9.091424],[-81.533872,9.08867],[-81.534492,9.085917],[-81.538841,9.08592],[-81.543811,9.08837],[-81.552189,9.089597],[-81.562414,9.090823],[-81.567044,9.090823],[-81.571671,9.089599],[-81.572928,9.096021],[-81.575099,9.100607],[-81.577259,9.104581],[-81.575396,9.107639],[-81.568269,9.108249]]],[[[-82.047238,9.172569],[-82.05241,9.177661],[-82.05184,9.182193],[-82.045523,9.179368],[-82.041498,9.173142],[-82.035756,9.16975],[-82.028867,9.169192],[-82.025415,9.1607],[-82.023113,9.153906],[-82.016224,9.151082],[-82.008761,9.147692],[-82.010477,9.141459],[-82.019656,9.137483],[-82.027113,9.132941],[-82.032854,9.134633],[-82.042043,9.140853],[-82.050084,9.145941],[-82.055258,9.153865],[-82.054691,9.161797],[-82.047238,9.172569]]]]}},{"type":"Feature","properties":{"shapeName":"Bahamas","shapeISO":"BHS"},"geometry":{"type":"MultiPolygon","coordinates":[[[[-72.999572,21.451708],[-73.033663,21.435888],[-73.043725,21.426067],[-73.053046,21.424904],[-73.054948,21.43544],[-73.052174,21.447796],[-73.059309,21.467041],[-73.072431,21.486337],[-73.076234,21.506796],[-73.066184,21.514148],[-73.042818,21.521401],[-73.024037,21.532172],[-73.006562,21.552085],[-72.991526,21.561998],[-72.982167,21.556545],[-72.970027,21.541886],[-72.959457,21.533128],[-72.939572,21.523056],[-72.919749,21.514797],[-72.910438,21.50485],[-72.91465,21.485062],[-72.933429,21.473452],[-72.970766,21.469428],[-72.98823,21.454092],[-72.999572,21.451708]]],[[[-73.13915,22.363349],[-73.156402,22.367662],[-73.166005,22.374213],[-73.163726,22.383694],[-73.145375,22.396877],[-73.151112,22.403957],[-73.151519,22.408596],[-73.145375,22.418606],[-73.140696,22.431545],[-73.142445,22.442288],[-73.142242,22.451361],[-73.131703,22.45954],[-73.114573,22.438544],[-73.106068,22.433498],[-73.09081,22.431586],[-73.090891,22.433661],[-73.085113,22.438178],[-73.077056,22.442857],[-73.070221,22.445258],[-73.06314,22.444729],[-73.048248,22.440131],[-73.039906,22.439032],[-73.015207,22.430487],[-72.963735,22.39765],[-72.939931,22.396877],[-72.944814,22.402493],[-72.953603,22.418606],[-72.920277,22.402899],[-72.903635,22.399075],[-72.892812,22.404283],[-72.877105,22.393012],[-72.861684,22.386868],[-72.843739,22.384345],[-72.820465,22.383775],[-72.813791,22.381008],[-72.805979,22.374254],[-72.792836,22.359605],[-72.783315,22.353217],[-72.763661,22.353217],[-72.754994,22.349677],[-72.746165,22.331285],[-72.750885,22.311225],[-72.763824,22.294867],[-72.779449,22.288235],[-72.797231,22.293647],[-72.843739,22.336005],[-72.864003,22.349921],[-72.879994,22.358222],[-72.897572,22.36225],[-72.922922,22.363349],[-72.934193,22.362128],[-72.949127,22.357001],[-72.957021,22.355902],[-72.968821,22.3581],[-72.975331,22.362982],[-72.980458,22.367865],[-72.988352,22.370185],[-73.009918,22.365953],[-73.04955,22.346625],[-73.07372,22.342231],[-73.084299,22.344387],[-73.090972,22.349066],[-73.095937,22.353705],[-73.101308,22.355902],[-73.13915,22.363349]]],[[[-73.468736,22.587662],[-73.475233,22.58617],[-73.517439,22.598202],[-73.536115,22.603462],[-73.556419,22.606474],[-73.558853,22.611723],[-73.54098,22.61396],[-73.523921,22.616196],[-73.501186,22.61093],[-73.478462,22.601164],[-73.468736,22.587662]]],[[[-73.647071,21.061555],[-73.645173,21.080533],[-73.656931,21.093983],[-73.667861,21.104998],[-73.667833,21.115223],[-73.633445,21.099702],[-73.613087,21.106897],[-73.595861,21.112644],[-73.584097,21.121341],[-73.552887,21.130204],[-73.545794,21.149743],[-73.523698,21.168271],[-73.514604,21.186867],[-73.492626,21.182086],[-73.472768,21.192694],[-73.443593,21.192939],[-73.433339,21.193264],[-73.423207,21.197903],[-73.412913,21.205146],[-73.398183,21.22484],[-73.389882,21.233303],[-73.38622,21.22899],[-73.379791,21.208197],[-73.363881,21.190253],[-73.343834,21.165413],[-73.317944,21.154068],[-73.255152,21.13506],[-73.233081,21.147965],[-73.211024,21.158074],[-73.160961,21.169863],[-73.137735,21.197671],[-73.117384,21.236701],[-73.068186,21.309882],[-73.053049,21.329291],[-73.033762,21.340399],[-73.012196,21.332017],[-73.004628,21.314439],[-73.005727,21.291449],[-73.025543,21.184556],[-73.03393,21.156731],[-73.097594,21.0814],[-73.129821,20.993663],[-73.151194,20.982123],[-73.225564,20.952463],[-73.26891,20.958726],[-73.281606,20.955064],[-73.291086,20.950588],[-73.310455,20.937649],[-73.317291,20.937649],[-73.317291,20.945054],[-73.310658,20.950507],[-73.325435,20.961338],[-73.346922,20.963827],[-73.398957,20.935761],[-73.43342,20.937649],[-73.492614,20.924457],[-73.536811,20.941236],[-73.600819,20.946519],[-73.615224,20.944566],[-73.631421,20.936681],[-73.635618,20.929263],[-73.64145,20.920331],[-73.64511,20.912399],[-73.651612,20.913781],[-73.663356,20.921082],[-73.676141,20.935162],[-73.67897,20.945995],[-73.681434,20.963242],[-73.682261,20.985785],[-73.699956,21.014328],[-73.703209,21.019766],[-73.69991,21.026871],[-73.670094,21.029793],[-73.653335,21.039886],[-73.647071,21.061555]]],[[[-74.283762,22.67182],[-74.28893,22.643744],[-74.317535,22.602484],[-74.354726,22.5633],[-74.385569,22.541449],[-74.376698,22.584377],[-74.347646,22.612942],[-74.312001,22.638332],[-74.283762,22.67182]]],[[[-73.995717,22.657538],[-74.002105,22.664049],[-74.016225,22.684882],[-73.983144,22.675971],[-73.97525,22.67182],[-73.971913,22.682929],[-73.964508,22.691474],[-73.955556,22.69538],[-73.947336,22.692288],[-73.941274,22.696479],[-73.938547,22.697903],[-73.934316,22.698472],[-73.934316,22.705959],[-73.942494,22.708075],[-73.945872,22.710191],[-73.948557,22.713772],[-73.954742,22.720201],[-73.903147,22.719672],[-73.878489,22.723334],[-73.851715,22.733303],[-73.850657,22.729438],[-73.850209,22.726223],[-73.848785,22.723131],[-73.844879,22.720201],[-73.868479,22.681464],[-73.879709,22.67182],[-73.880198,22.681871],[-73.883697,22.689846],[-73.890248,22.695461],[-73.899526,22.698472],[-73.896067,22.684882],[-73.887807,22.67182],[-73.876943,22.665473],[-73.865387,22.67182],[-73.858632,22.657172],[-73.849477,22.582465],[-73.843984,22.567125],[-73.831207,22.541449],[-73.848378,22.537584],[-73.85558,22.520657],[-73.85912,22.498725],[-73.865387,22.480048],[-73.875152,22.468492],[-73.889556,22.455024],[-73.904775,22.443752],[-73.9169,22.439032],[-73.928375,22.430121],[-73.961578,22.370185],[-74.013783,22.330064],[-74.02302,22.325751],[-74.033599,22.325019],[-74.09439,22.301907],[-74.119374,22.296861],[-74.134674,22.283881],[-74.159657,22.246649],[-74.167714,22.23843],[-74.194163,22.216864],[-74.204254,22.21247],[-74.226918,22.209215],[-74.24474,22.200385],[-74.276967,22.171536],[-74.278228,22.180569],[-74.276967,22.215888],[-74.27245,22.225735],[-74.261952,22.228502],[-74.222524,22.225531],[-74.214101,22.229193],[-74.183909,22.254096],[-74.183095,22.260484],[-74.193715,22.267768],[-74.193715,22.273912],[-74.174143,22.285549],[-74.167063,22.288235],[-74.172922,22.289862],[-74.17748,22.291693],[-74.180491,22.295315],[-74.181304,22.301907],[-74.161204,22.309231],[-74.131825,22.325914],[-74.108713,22.329169],[-74.103342,22.332424],[-74.092397,22.346503],[-74.079172,22.35517],[-74.08023,22.367743],[-74.084055,22.381537],[-74.083852,22.390611],[-74.065419,22.397528],[-74.038075,22.400214],[-74.013336,22.405829],[-74.002553,22.421698],[-73.998402,22.445868],[-73.986928,22.457506],[-73.96935,22.462226],[-73.947336,22.465766],[-73.907704,22.479438],[-73.880198,22.502916],[-73.870839,22.535305],[-73.885894,22.575588],[-73.913442,22.594468],[-73.984527,22.595608],[-74.016225,22.610338],[-74.031239,22.623684],[-74.02953,22.627427],[-74.017445,22.645494],[-74.010854,22.651272],[-74.00357,22.655097],[-73.995717,22.657538]]],[[[-74.286855,22.733303],[-74.351959,22.822659],[-74.348215,22.825873],[-74.346588,22.829169],[-74.345855,22.832587],[-74.344553,22.836249],[-74.333567,22.836859],[-74.316884,22.842231],[-74.310414,22.843166],[-74.298451,22.839993],[-74.27009,22.822659],[-74.260081,22.820217],[-74.238352,22.818427],[-74.228505,22.815823],[-74.200551,22.794664],[-74.197499,22.786119],[-74.19636,22.7685],[-74.193715,22.761176],[-74.190175,22.76024],[-74.177968,22.761705],[-74.173899,22.761176],[-74.171783,22.758246],[-74.167063,22.746894],[-74.147532,22.740668],[-74.111643,22.738349],[-74.090688,22.733303],[-74.098134,22.746894],[-74.075917,22.741889],[-74.016225,22.720201],[-74.090688,22.657538],[-74.094106,22.665676],[-74.094594,22.667873],[-74.10497,22.67182],[-74.104075,22.6883],[-74.122426,22.685207],[-74.148427,22.677802],[-74.222279,22.695624],[-74.232574,22.703518],[-74.248931,22.720201],[-74.254465,22.708482],[-74.266428,22.698554],[-74.27831,22.693183],[-74.283762,22.69538],[-74.277984,22.717027],[-74.278147,22.72842],[-74.286855,22.733303]]],[[[-73.666168,23.089545],[-73.755238,23.072984],[-73.797353,23.073798],[-73.816965,23.103827],[-73.741851,23.096991],[-73.685699,23.102484],[-73.666168,23.096991],[-73.666168,23.089545]]],[[[-75.653554,23.459459],[-75.619985,23.457099],[-75.576975,23.445868],[-75.539784,23.42768],[-75.523834,23.404853],[-75.559804,23.415595],[-75.601877,23.423407],[-75.637318,23.435492],[-75.653554,23.459459]]],[[[-75.798207,23.538642],[-75.782541,23.507554],[-75.744944,23.482733],[-75.661041,23.452623],[-75.675364,23.438544],[-75.698232,23.444281],[-75.742991,23.466946],[-75.793772,23.470526],[-75.812734,23.47956],[-75.804433,23.500434],[-75.822987,23.512397],[-75.841908,23.52851],[-75.859242,23.537543],[-75.873362,23.528388],[-75.90807,23.562405],[-75.945465,23.588039],[-75.987701,23.600816],[-76.03718,23.596625],[-76.03718,23.603461],[-76.00768,23.611762],[-76.003041,23.614],[-76.004954,23.622952],[-76.011586,23.632025],[-76.010569,23.6376],[-76.021148,23.64411],[-76.029449,23.655666],[-76.031484,23.668524],[-76.023549,23.679185],[-76.01122,23.676947],[-76.002594,23.680162],[-75.996083,23.684556],[-75.98998,23.685981],[-75.982249,23.682685],[-75.97704,23.677436],[-75.968251,23.664944],[-75.957183,23.654853],[-75.944976,23.64883],[-75.929311,23.645819],[-75.90807,23.645006],[-75.911448,23.640774],[-75.913238,23.637519],[-75.915883,23.63467],[-75.921742,23.631415],[-75.856313,23.567288],[-75.808949,23.541978],[-75.798207,23.538642]]],[[[-74.85912,22.980292],[-74.847035,22.97012],[-74.83845,22.944403],[-74.833404,22.91413],[-74.832021,22.874945],[-74.833974,22.864325],[-74.839955,22.859931],[-74.852284,22.863593],[-74.858062,22.870551],[-74.865346,22.904527],[-74.869049,22.902167],[-74.878977,22.897773],[-74.885487,22.923814],[-74.914052,22.970852],[-74.924428,23.011705],[-74.933909,23.025702],[-74.967641,23.06387],[-74.978017,23.072943],[-74.990549,23.078559],[-75.104888,23.099555],[-75.12975,23.114],[-75.142568,23.123684],[-75.213979,23.165473],[-75.229644,23.171454],[-75.226715,23.18122],[-75.222035,23.19009],[-75.21581,23.198228],[-75.207916,23.206244],[-75.201731,23.206244],[-75.191721,23.191799],[-75.163564,23.179023],[-75.15331,23.165229],[-75.179067,23.168606],[-75.187408,23.171454],[-75.180572,23.159857],[-75.170277,23.14997],[-75.158315,23.144192],[-75.146474,23.144761],[-75.134267,23.137274],[-75.115224,23.122382],[-75.106109,23.117499],[-75.094838,23.114976],[-75.078684,23.113674],[-75.068471,23.116645],[-75.075103,23.127387],[-75.132192,23.185981],[-75.139638,23.202826],[-75.135854,23.229804],[-75.127431,23.249254],[-75.118316,23.265123],[-75.112945,23.281317],[-75.113759,23.30508],[-75.120351,23.331936],[-75.131663,23.35578],[-75.146474,23.370754],[-75.150054,23.366156],[-75.160756,23.357001],[-75.159047,23.380601],[-75.196889,23.410142],[-75.194895,23.432115],[-75.208363,23.435248],[-75.22057,23.439765],[-75.226877,23.447252],[-75.222239,23.459459],[-75.242502,23.474311],[-75.250071,23.49018],[-75.256337,23.535142],[-75.276845,23.582953],[-75.286488,23.587633],[-75.29304,23.585435],[-75.30016,23.580471],[-75.311594,23.576809],[-75.304758,23.624945],[-75.310455,23.63939],[-75.33141,23.623969],[-75.322011,23.637193],[-75.31786,23.641547],[-75.311594,23.645006],[-75.324127,23.648668],[-75.332346,23.641506],[-75.340321,23.630805],[-75.35261,23.623969],[-75.35261,23.631415],[-75.342397,23.641425],[-75.334584,23.653144],[-75.330434,23.66767],[-75.33141,23.685981],[-75.325347,23.684516],[-75.320302,23.681627],[-75.315826,23.677476],[-75.311594,23.672349],[-75.252919,23.582953],[-75.239329,23.5751],[-75.221303,23.556057],[-75.204579,23.533352],[-75.194895,23.514106],[-75.182729,23.446438],[-75.170725,23.429104],[-75.153228,23.4112],[-75.094065,23.305325],[-75.09557,23.294989],[-75.087717,23.285793],[-75.085113,23.264065],[-75.085032,23.219875],[-75.076894,23.171698],[-75.059967,23.141669],[-75.031606,23.123358],[-74.94636,23.093736],[-74.909657,23.067328],[-74.844838,23.000149],[-74.84911,22.995022],[-74.854604,22.985256],[-74.85912,22.980292]]],[[[-74.900054,23.706488],[-74.849721,23.72012],[-74.812367,23.719672],[-74.799631,23.714545],[-74.777211,23.699652],[-74.787262,23.684068],[-74.793691,23.671332],[-74.803782,23.664049],[-74.824941,23.664944],[-74.824941,23.658677],[-74.818715,23.651068],[-74.836741,23.650824],[-74.860748,23.657904],[-74.872792,23.672349],[-74.890859,23.66474],[-74.923899,23.664455],[-74.94164,23.658677],[-74.945383,23.681586],[-74.938629,23.694322],[-74.923085,23.701239],[-74.900054,23.706488]]],[[[-76.325185,23.974026],[-76.340199,23.988186],[-76.358632,24.023668],[-76.374989,24.046576],[-76.387278,24.076402],[-76.397613,24.092515],[-76.401479,24.102932],[-76.401479,24.117377],[-76.37678,24.101386],[-76.318959,23.980211],[-76.325185,23.974026]]],[[[-74.468658,24.021796],[-74.476918,24.009996],[-74.491282,23.969184],[-74.492299,23.960395],[-74.558095,23.953559],[-74.558095,23.960395],[-74.541086,23.980048],[-74.529652,24.011054],[-74.525461,24.045722],[-74.530141,24.076402],[-74.529693,24.100409],[-74.518707,24.114936],[-74.501291,24.123847],[-74.48176,24.131049],[-74.476226,24.135199],[-74.470774,24.140692],[-74.464833,24.143948],[-74.45816,24.141303],[-74.443186,24.116685],[-74.440785,24.114244],[-74.438791,24.103827],[-74.429677,24.089789],[-74.427113,24.083238],[-74.427724,24.074164],[-74.433217,24.054429],[-74.43456,24.045396],[-74.475494,23.980211],[-74.478505,23.991685],[-74.476715,24.001614],[-74.468658,24.021796]]],[[[-77.880686,24.186265],[-77.893666,24.177639],[-77.944569,24.154242],[-77.962554,24.152167],[-77.969065,24.159573],[-77.974192,24.172838],[-77.976226,24.186835],[-77.973378,24.196194],[-77.964223,24.19717],[-77.951731,24.193996],[-77.940582,24.19359],[-77.935862,24.20307],[-77.925933,24.206448],[-77.871002,24.240912],[-77.866282,24.242743],[-77.850006,24.251451],[-77.83967,24.254584],[-77.798695,24.254584],[-77.802398,24.244452],[-77.80842,24.239447],[-77.825999,24.234687],[-77.834218,24.234565],[-77.838531,24.237942],[-77.843577,24.239691],[-77.853912,24.234687],[-77.860829,24.225246],[-77.870473,24.197903],[-77.880686,24.186265]]],[[[-77.92162,24.26203],[-77.936391,24.261542],[-77.942616,24.253119],[-77.941884,24.240465],[-77.935862,24.22724],[-77.950266,24.230536],[-77.975575,24.227118],[-77.990468,24.22724],[-78.001332,24.231431],[-78.012929,24.239651],[-78.016916,24.24844],[-78.00475,24.254584],[-77.978749,24.259223],[-77.95287,24.270453],[-77.9322,24.275702],[-77.92162,24.26203]]],[[[-76.463002,24.213609],[-76.481801,24.213772],[-76.493153,24.218817],[-76.535268,24.268378],[-76.544586,24.283026],[-76.544911,24.295559],[-76.52953,24.287421],[-76.520416,24.27497],[-76.513417,24.260891],[-76.503896,24.247748],[-76.492055,24.239203],[-76.481313,24.23432],[-76.471669,24.227607],[-76.463002,24.213609]]],[[[-77.524973,23.933051],[-77.51651,23.91885],[-77.522613,23.881008],[-77.517486,23.864163],[-77.534576,23.828559],[-77.547922,23.822252],[-77.572743,23.829413],[-77.569447,23.81684],[-77.55134,23.803127],[-77.545481,23.788398],[-77.546946,23.77497],[-77.552602,23.76024],[-77.559804,23.747707],[-77.565907,23.740668],[-77.59732,23.730618],[-77.621205,23.740058],[-77.642974,23.754869],[-77.668324,23.761135],[-77.651112,23.741929],[-77.651438,23.73314],[-77.660878,23.72016],[-77.668324,23.72016],[-77.684926,23.741441],[-77.714589,23.748725],[-77.778188,23.746812],[-77.744049,23.761135],[-77.749094,23.778266],[-77.727691,23.777737],[-77.67516,23.761135],[-77.669057,23.779242],[-77.658925,23.79206],[-77.645009,23.801459],[-77.591298,23.824897],[-77.576161,23.835842],[-77.576161,23.847113],[-77.594065,23.853461],[-77.611643,23.844143],[-77.62857,23.830268],[-77.644765,23.823188],[-77.703114,23.788398],[-77.699208,23.785631],[-77.696278,23.782213],[-77.720204,23.784817],[-77.744293,23.816392],[-77.764556,23.823188],[-77.698842,23.84512],[-77.665598,23.863471],[-77.660878,23.88467],[-77.675201,23.87051],[-77.694814,23.864691],[-77.747792,23.864163],[-77.762074,23.861558],[-77.774241,23.856757],[-77.785878,23.853705],[-77.798695,23.856676],[-77.806793,23.864691],[-77.812856,23.876654],[-77.827463,23.943915],[-77.828765,23.969184],[-77.822581,23.980211],[-77.837229,23.984809],[-77.837758,23.995917],[-77.833485,24.009589],[-77.833485,24.021796],[-77.844838,24.033393],[-77.858632,24.040961],[-77.866526,24.047553],[-77.860097,24.055976],[-77.860097,24.06273],[-77.879628,24.073961],[-77.942047,24.096869],[-77.936106,24.104478],[-77.929067,24.111233],[-77.914703,24.102525],[-77.909088,24.105292],[-77.908274,24.112616],[-77.908559,24.117377],[-77.907948,24.126776],[-77.910797,24.131334],[-77.911,24.13581],[-77.902333,24.144721],[-77.892161,24.149644],[-77.865102,24.157945],[-77.853912,24.165839],[-77.849924,24.174302],[-77.843414,24.198879],[-77.83967,24.206732],[-77.805409,24.20893],[-77.79247,24.213609],[-77.782379,24.221584],[-77.778879,24.227851],[-77.776723,24.235582],[-77.770741,24.247748],[-77.755727,24.259263],[-77.714426,24.275092],[-77.703114,24.288723],[-77.67516,24.302965],[-77.665842,24.289496],[-77.658518,24.273505],[-77.650217,24.260159],[-77.637929,24.254584],[-77.631215,24.249091],[-77.640736,24.237291],[-77.702463,24.190253],[-77.726959,24.177802],[-77.757721,24.172593],[-77.757721,24.165839],[-77.73998,24.164496],[-77.732533,24.15705],[-77.736928,24.148627],[-77.754628,24.144721],[-77.758534,24.140774],[-77.748118,24.131781],[-77.723541,24.117377],[-77.707672,24.123725],[-77.70226,24.112738],[-77.704823,24.094672],[-77.721262,24.06623],[-77.724599,24.05329],[-77.729848,24.042629],[-77.744049,24.035468],[-77.725453,24.030666],[-77.709584,24.043687],[-77.678538,24.101752],[-77.657704,24.123481],[-77.647857,24.137885],[-77.64387,24.157538],[-77.64273,24.182807],[-77.63915,24.206488],[-77.627349,24.221096],[-77.607533,24.218248],[-77.5926,24.198228],[-77.580474,24.173163],[-77.569325,24.15526],[-77.55663,24.141059],[-77.549469,24.125922],[-77.546213,24.108303],[-77.544301,24.075263],[-77.539174,24.054145],[-77.537994,24.045396],[-77.539174,24.033922],[-77.544301,24.014716],[-77.545481,24.004381],[-77.542226,23.998847],[-77.528188,23.979885],[-77.524973,23.970364],[-77.528188,23.958564],[-77.535227,23.950588],[-77.542226,23.945624],[-77.545481,23.942694],[-77.555776,23.9383],[-77.577545,23.937812],[-77.597076,23.930365],[-77.600697,23.905097],[-77.565745,23.927965],[-77.545033,23.936591],[-77.524973,23.933051]]],[[[-77.76769,24.326606],[-77.786855,24.314602],[-77.799794,24.317288],[-77.804433,24.327216],[-77.798695,24.337104],[-77.776682,24.347154],[-77.758046,24.359361],[-77.739247,24.367133],[-77.719228,24.371731],[-77.703114,24.370592],[-77.696156,24.367092],[-77.6881,24.360785],[-77.682444,24.352769],[-77.682607,24.34394],[-77.690338,24.338446],[-77.700592,24.341498],[-77.711252,24.34748],[-77.719838,24.350775],[-77.737538,24.349677],[-77.748036,24.345933],[-77.76769,24.326606]]],[[[-75.314687,24.217353],[-75.306996,24.202541],[-75.290435,24.144721],[-75.335805,24.158515],[-75.356435,24.160142],[-75.379872,24.158393],[-75.42512,24.14997],[-75.440907,24.142035],[-75.458404,24.127916],[-75.483144,24.125718],[-75.509918,24.142076],[-75.521311,24.162584],[-75.499623,24.172593],[-75.484934,24.176215],[-75.463612,24.185614],[-75.443918,24.198717],[-75.433909,24.213609],[-75.414662,24.213121],[-75.405751,24.240302],[-75.410064,24.272895],[-75.430735,24.288723],[-75.45995,24.294582],[-75.48058,24.309394],[-75.534006,24.389228],[-75.5419,24.417467],[-75.561106,24.443427],[-75.5655,24.456936],[-75.571523,24.488756],[-75.58849,24.512641],[-75.614369,24.526597],[-75.647369,24.528957],[-75.643463,24.539455],[-75.642649,24.5515],[-75.644154,24.564154],[-75.647369,24.576117],[-75.65274,24.588365],[-75.657826,24.592922],[-75.664703,24.596015],[-75.708852,24.631334],[-75.741078,24.646145],[-75.749827,24.651801],[-75.756581,24.660305],[-75.757558,24.667914],[-75.753,24.676011],[-75.732167,24.698635],[-75.723866,24.70185],[-75.708852,24.700181],[-75.702219,24.695746],[-75.675364,24.672309],[-75.649322,24.663072],[-75.637318,24.656968],[-75.626332,24.645006],[-75.61856,24.581244],[-75.61262,24.562445],[-75.602854,24.551907],[-75.586822,24.53852],[-75.572011,24.522691],[-75.559967,24.491441],[-75.532216,24.444892],[-75.476064,24.370592],[-75.458119,24.357327],[-75.419016,24.337836],[-75.40038,24.323472],[-75.3756,24.275946],[-75.369618,24.268256],[-75.35851,24.26142],[-75.314687,24.217353]]],[[[-77.47997,24.99136],[-77.495107,24.999335],[-77.514475,25.001166],[-77.532948,25.000718],[-77.545481,25.001899],[-77.561879,25.018866],[-77.551015,25.038031],[-77.52717,25.054389],[-77.504506,25.0633],[-77.489858,25.065619],[-77.456044,25.076972],[-77.440826,25.078518],[-77.398061,25.076972],[-77.355621,25.084052],[-77.339996,25.083808],[-77.32608,25.079332],[-77.302073,25.066107],[-77.263824,25.058092],[-77.274729,25.046088],[-77.379506,25.001532],[-77.403676,25.002143],[-77.435618,25.014879],[-77.441396,25.006537],[-77.45287,24.994615],[-77.466786,24.987006],[-77.47997,24.99136]]],[[[-78.353586,24.659247],[-78.342844,24.665351],[-78.335072,24.672838],[-78.333323,24.682115],[-78.340566,24.693427],[-78.327463,24.710639],[-78.311431,24.71011],[-78.297922,24.696845],[-78.292144,24.676011],[-78.293324,24.65884],[-78.297027,24.643785],[-78.303456,24.630316],[-78.312611,24.617662],[-78.330149,24.606431],[-78.333119,24.60399],[-78.331125,24.594143],[-78.326324,24.585395],[-78.319,24.581732],[-78.292063,24.597357],[-78.277252,24.601264],[-78.269114,24.609198],[-78.271637,24.631334],[-78.252187,24.622789],[-78.252024,24.604804],[-78.257232,24.583808],[-78.254262,24.566148],[-78.237701,24.556871],[-78.228261,24.569485],[-78.225942,24.591539],[-78.230702,24.610826],[-78.221099,24.60692],[-78.210683,24.601264],[-78.201731,24.598782],[-78.196523,24.60399],[-78.197133,24.618354],[-78.204498,24.628323],[-78.214589,24.636298],[-78.223256,24.645006],[-78.224517,24.650946],[-78.222239,24.666083],[-78.223256,24.672309],[-78.22936,24.679755],[-78.244985,24.692857],[-78.251129,24.700181],[-78.255116,24.714179],[-78.257883,24.729926],[-78.264027,24.739325],[-78.278472,24.734361],[-78.267893,24.72606],[-78.26415,24.710517],[-78.264801,24.672309],[-78.274241,24.682929],[-78.280629,24.699205],[-78.288442,24.714179],[-78.302358,24.720689],[-78.304067,24.728217],[-78.301137,24.745347],[-78.292144,24.775336],[-78.276845,24.789984],[-78.254954,24.806464],[-78.239613,24.826361],[-78.243723,24.85102],[-78.234242,24.857123],[-78.208119,24.861802],[-78.202748,24.867825],[-78.199696,24.880439],[-78.186025,24.904771],[-78.182932,24.918687],[-78.17394,24.919623],[-78.17748,24.927436],[-78.185536,24.937893],[-78.189687,24.946682],[-78.187611,24.954576],[-78.18224,24.968492],[-78.17455,24.981676],[-78.165517,24.987616],[-78.157704,25.00019],[-78.159901,25.028306],[-78.16926,25.073228],[-78.180043,25.104926],[-78.200917,25.14643],[-78.214345,25.184638],[-78.202748,25.206732],[-78.185902,25.205878],[-78.149566,25.19953],[-78.134429,25.193671],[-78.122182,25.183173],[-78.115346,25.172024],[-78.107045,25.163072],[-78.090443,25.159491],[-78.075185,25.165351],[-78.060455,25.176337],[-78.045155,25.183092],[-78.027984,25.176256],[-78.015248,25.167792],[-78.00121,25.160956],[-77.98766,25.152248],[-77.976877,25.138414],[-77.99177,25.122789],[-77.994293,25.10517],[-77.986399,25.088772],[-77.96996,25.076972],[-77.982533,25.037502],[-77.986562,25.012885],[-77.98058,25.001899],[-77.96227,24.999335],[-77.947255,24.991156],[-77.934193,24.976223],[-77.873362,24.838568],[-77.829172,24.778225],[-77.812571,24.761908],[-77.795562,24.754828],[-77.783518,24.748236],[-77.74649,24.714504],[-77.737213,24.700181],[-77.736155,24.682196],[-77.737782,24.657701],[-77.741811,24.634711],[-77.747792,24.62108],[-77.75357,24.602037],[-77.745473,24.577582],[-77.723541,24.535102],[-77.718739,24.499823],[-77.727895,24.474189],[-77.751088,24.458482],[-77.788726,24.453192],[-77.804107,24.448798],[-77.814565,24.438707],[-77.823313,24.427314],[-77.833485,24.419094],[-77.86384,24.415432],[-77.871693,24.406806],[-77.860097,24.384914],[-77.87206,24.373765],[-77.908559,24.350775],[-77.926625,24.345771],[-77.961415,24.345526],[-77.973378,24.340522],[-78.012766,24.314154],[-78.017812,24.306098],[-78.015777,24.297349],[-78.012441,24.289252],[-78.011708,24.281887],[-78.017812,24.275051],[-78.027455,24.272854],[-78.036977,24.275946],[-78.045522,24.281968],[-78.05191,24.288723],[-78.063303,24.31623],[-78.069692,24.350409],[-78.080149,24.379462],[-78.103424,24.39175],[-78.134145,24.403957],[-78.140859,24.433498],[-78.134429,24.501614],[-78.152455,24.488756],[-78.164784,24.475409],[-78.180043,24.464911],[-78.206451,24.460639],[-78.22643,24.465481],[-78.351633,24.530463],[-78.411488,24.581041],[-78.430531,24.601793],[-78.442983,24.624498],[-78.429596,24.627509],[-78.408844,24.636176],[-78.389801,24.646715],[-78.3815,24.655504],[-78.378407,24.66942],[-78.371083,24.668158],[-78.361806,24.661444],[-78.353586,24.659247]]],[[[-76.161285,25.165717],[-76.131256,25.147773],[-76.118276,25.133938],[-76.112904,25.114895],[-76.121327,25.030097],[-76.1256,25.014065],[-76.126576,25.005316],[-76.130605,24.994859],[-76.13976,24.988471],[-76.149281,24.984524],[-76.154449,24.981391],[-76.157948,24.962144],[-76.153554,24.944322],[-76.140859,24.918687],[-76.136952,24.902167],[-76.140859,24.854438],[-76.146148,24.834215],[-76.169667,24.799791],[-76.174957,24.785875],[-76.17748,24.715806],[-76.17398,24.677314],[-76.161285,24.645006],[-76.194488,24.658393],[-76.211781,24.690253],[-76.222646,24.726955],[-76.23644,24.754828],[-76.253,24.765774],[-76.296702,24.78205],[-76.315256,24.79267],[-76.336334,24.814927],[-76.33373,24.824164],[-76.317454,24.825263],[-76.21935,24.810045],[-76.212758,24.81273],[-76.208119,24.819159],[-76.203969,24.82689],[-76.198842,24.833686],[-76.182444,24.848782],[-76.177642,24.857652],[-76.174957,24.871527],[-76.175771,24.894517],[-76.183949,24.889309],[-76.195424,24.873277],[-76.205963,24.864081],[-76.212026,24.875393],[-76.210927,24.901028],[-76.20226,24.946682],[-76.196604,24.963446],[-76.193837,24.967434],[-76.187978,24.973944],[-76.15925,24.998196],[-76.154449,25.005316],[-76.146718,25.062445],[-76.147043,25.083808],[-76.164947,25.129828],[-76.19636,25.154283],[-76.232289,25.170966],[-76.263743,25.193671],[-76.346262,25.303534],[-76.371571,25.322496],[-76.409535,25.335191],[-76.489613,25.351304],[-76.530832,25.370429],[-76.591217,25.422553],[-76.630523,25.433254],[-76.652333,25.43537],[-76.693674,25.44477],[-76.712758,25.446926],[-76.734283,25.44184],[-76.769399,25.424058],[-76.784495,25.426418],[-76.759511,25.450019],[-76.745513,25.489244],[-76.729848,25.563625],[-76.736684,25.563625],[-76.702301,25.563951],[-76.686757,25.562079],[-76.675201,25.556789],[-76.686147,25.541327],[-76.690989,25.525946],[-76.691314,25.508857],[-76.688873,25.48786],[-76.673166,25.506659],[-76.661977,25.49726],[-76.652984,25.477973],[-76.64391,25.467353],[-76.624582,25.46247],[-76.497629,25.373481],[-76.460927,25.35456],[-76.41454,25.344468],[-76.368276,25.342719],[-76.351633,25.338609],[-76.335764,25.327094],[-76.284169,25.261908],[-76.223704,25.208075],[-76.161285,25.165717]]],[[[-77.819203,25.707587],[-77.831451,25.708686],[-77.844065,25.722073],[-77.860097,25.748521],[-77.880483,25.768988],[-77.887318,25.78144],[-77.880686,25.789537],[-77.868031,25.787421],[-77.858266,25.777289],[-77.820872,25.71662],[-77.819203,25.707587]]],[[[-77.537994,26.306586],[-77.542307,26.298977],[-77.572743,26.268704],[-77.567047,26.291002],[-77.572174,26.304877],[-77.579335,26.31802],[-77.579579,26.337592],[-77.570383,26.332709],[-77.543568,26.312486],[-77.537994,26.306586]]],[[[-78.590077,26.5362],[-78.607619,26.525734],[-78.628966,26.516102],[-78.64644,26.504853],[-78.65577,26.497788],[-78.676717,26.496132],[-78.686132,26.491911],[-78.726968,26.495446],[-78.766839,26.508104],[-78.791089,26.5297],[-78.834557,26.553651],[-78.9396,26.650788],[-78.987294,26.686225],[-78.997874,26.701321],[-78.987131,26.701483],[-78.978383,26.699408],[-78.970937,26.694892],[-78.964345,26.68769],[-78.835805,26.614569],[-78.80606,26.577826],[-78.786222,26.581144],[-78.770375,26.583325],[-78.738155,26.570809],[-78.714289,26.57052],[-78.691723,26.57997],[-78.671252,26.592918],[-78.657513,26.598589],[-78.645787,26.605097],[-78.637979,26.609731],[-78.634251,26.617819],[-78.621611,26.627014],[-78.619011,26.639518],[-78.604435,26.650535],[-78.592193,26.673048],[-78.573633,26.684159],[-78.575942,26.69477],[-78.600006,26.708197],[-78.641591,26.714993],[-78.634674,26.727973],[-78.607411,26.755927],[-78.601552,26.768256],[-78.593821,26.810533],[-78.574778,26.798285],[-78.5572,26.778551],[-78.54426,26.757025],[-78.539174,26.739203],[-78.520257,26.728995],[-78.437816,26.699821],[-78.417059,26.704749],[-78.370961,26.694525],[-78.319984,26.686527],[-78.287082,26.685492],[-78.273615,26.703583],[-78.25293,26.712942],[-78.221685,26.700294],[-78.202641,26.697159],[-78.167051,26.7104],[-78.118948,26.704328],[-78.087229,26.713121],[-78.055409,26.72602],[-78.035146,26.728583],[-77.971669,26.72956],[-77.956288,26.735419],[-77.946848,26.746568],[-77.940053,26.759467],[-77.931142,26.770494],[-77.915395,26.776435],[-77.913075,26.75788],[-77.91808,26.737494],[-77.920806,26.716946],[-77.902943,26.681586],[-77.90217,26.662421],[-77.910553,26.646308],[-77.929067,26.639228],[-77.936269,26.641791],[-77.953196,26.654853],[-77.962554,26.659735],[-77.975413,26.66177],[-78.040761,26.658433],[-78.100331,26.646064],[-78.237706,26.621325],[-78.293386,26.6213],[-78.503407,26.573065],[-78.521474,26.57038],[-78.540151,26.565009],[-78.570465,26.541571],[-78.590077,26.5362]]],[[[-77.812367,26.906806],[-77.830678,26.90941],[-77.909779,26.904039],[-77.941477,26.893541],[-77.962554,26.893052],[-77.959625,26.896959],[-77.956654,26.898424],[-77.949452,26.899888],[-77.913442,26.920966],[-77.868153,26.928412],[-77.774485,26.927232],[-77.682362,26.908433],[-77.629791,26.904202],[-77.606842,26.920396],[-77.553578,26.898017],[-77.511301,26.869534],[-77.327952,26.709133],[-77.307118,26.696438],[-77.283681,26.689683],[-77.2506,26.68769],[-77.259145,26.676703],[-77.272613,26.673],[-77.305247,26.674018],[-77.290598,26.646959],[-77.269887,26.625067],[-77.243886,26.6105],[-77.182769,26.600287],[-77.155263,26.58808],[-77.107249,26.556708],[-77.070546,26.53852],[-77.058827,26.529364],[-77.049794,26.516343],[-77.042307,26.498033],[-77.042144,26.481838],[-77.055409,26.474799],[-77.058583,26.467841],[-77.058827,26.423245],[-77.055409,26.406928],[-77.046254,26.396308],[-77.032948,26.389879],[-77.017201,26.385972],[-77.030019,26.362738],[-77.031565,26.355292],[-77.029286,26.344428],[-77.024403,26.337592],[-77.019439,26.332709],[-77.017201,26.327623],[-77.016103,26.319525],[-77.01476,26.31566],[-77.01651,26.311713],[-77.024729,26.303453],[-77.032704,26.297431],[-77.041005,26.293769],[-77.058827,26.290432],[-77.056752,26.294664],[-77.051991,26.309638],[-77.084462,26.306138],[-77.115305,26.290432],[-77.142649,26.268256],[-77.164947,26.245429],[-77.174387,26.220689],[-77.183217,26.144273],[-77.181711,26.125312],[-77.192209,26.068996],[-77.187164,25.988471],[-77.190745,25.916327],[-77.226674,25.885077],[-77.253041,25.89761],[-77.276235,25.926011],[-77.292714,25.957261],[-77.29898,25.977932],[-77.315053,25.990953],[-77.388173,26.005439],[-77.408274,26.029731],[-77.392079,26.029853],[-77.373931,26.035468],[-77.35912,26.045885],[-77.34789,26.070624],[-77.335601,26.073676],[-77.321034,26.075181],[-77.308949,26.080634],[-77.272369,26.118313],[-77.248931,26.136054],[-77.223297,26.145819],[-77.229807,26.153998],[-77.233795,26.162258],[-77.235829,26.171698],[-77.236318,26.183661],[-77.240346,26.190579],[-77.248769,26.196519],[-77.256418,26.203925],[-77.258046,26.214748],[-77.25182,26.22602],[-77.242502,26.234524],[-77.233876,26.244045],[-77.230133,26.258734],[-77.23058,26.285102],[-77.233388,26.298],[-77.250356,26.313056],[-77.218617,26.355292],[-77.219879,26.364936],[-77.228627,26.376939],[-77.230133,26.447455],[-77.215443,26.447699],[-77.204579,26.453315],[-77.196197,26.462877],[-77.189198,26.474799],[-77.1881,26.479804],[-77.189198,26.498969],[-77.186431,26.505927],[-77.180165,26.510077],[-77.173004,26.512844],[-77.16808,26.515774],[-77.157948,26.53144],[-77.153554,26.549465],[-77.160715,26.564195],[-77.196156,26.572659],[-77.219553,26.582424],[-77.312164,26.594672],[-77.329742,26.60456],[-77.340972,26.621527],[-77.353017,26.646064],[-77.348459,26.652167],[-77.34732,26.660305],[-77.350087,26.669013],[-77.36144,26.682318],[-77.366567,26.69302],[-77.370107,26.697903],[-77.375356,26.69953],[-77.380035,26.695705],[-77.384918,26.690334],[-77.390859,26.68769],[-77.411244,26.689399],[-77.426991,26.695136],[-77.43399,26.705512],[-77.428131,26.721177],[-77.444692,26.755072],[-77.490224,26.82331],[-77.517486,26.8522],[-77.534413,26.863186],[-77.556223,26.870551],[-77.578481,26.871161],[-77.596995,26.862047],[-77.614329,26.856513],[-77.638051,26.859931],[-77.696848,26.877346],[-77.714955,26.879381],[-77.754628,26.879462],[-77.766428,26.882799],[-77.794667,26.899726],[-77.812367,26.906806]]],[[[-79.514027,23.495673],[-79.517568,23.494045],[-79.53661,23.506496],[-79.538401,23.51024],[-79.514027,23.495673]]],[[[-79.563344,23.546698],[-79.552887,23.533759],[-79.554555,23.533149],[-79.59435,23.574652],[-79.588694,23.571357],[-79.563344,23.546698]]],[[[-79.268707,25.53856],[-79.26651,25.537828],[-79.262115,25.528062],[-79.264312,25.528795],[-79.268707,25.53856]]],[[[-79.28893,25.559149],[-79.288442,25.562974],[-79.279408,25.551663],[-79.279897,25.547797],[-79.28893,25.559149]]],[[[-75.722076,22.202582],[-75.71817,22.195787],[-75.714711,22.182929],[-75.721913,22.17536],[-75.734364,22.175035],[-75.742665,22.183254],[-75.748525,22.196682],[-75.749745,22.204535],[-75.745025,22.205756],[-75.739125,22.203925],[-75.733022,22.199774],[-75.733998,22.205959],[-75.739491,22.222846],[-75.736236,22.224799],[-75.731435,22.218207],[-75.722076,22.202582]]],[[[-75.745961,22.236029],[-75.749664,22.234849],[-75.753407,22.237372],[-75.751861,22.263251],[-75.747548,22.261461],[-75.744862,22.244696],[-75.745961,22.236029]]],[[[-75.811676,22.371568],[-75.807851,22.365668],[-75.802642,22.353176],[-75.805491,22.347602],[-75.81314,22.356269],[-75.82018,22.371324],[-75.823638,22.385728],[-75.819569,22.388414],[-75.813629,22.377875],[-75.811676,22.371568]]],[[[-73.618177,22.60125],[-73.605983,22.609494],[-73.593794,22.601993],[-73.607618,22.577255],[-73.625498,22.574258],[-73.618177,22.60125]]],[[[-75.109039,23.84691],[-75.106068,23.842353],[-75.105784,23.831448],[-75.110707,23.818671],[-75.117421,23.815131],[-75.123647,23.831],[-75.117299,23.845445],[-75.109039,23.84691]]],[[[-77.869211,24.346829],[-77.839752,24.350084],[-77.832834,24.349555],[-77.837026,24.34219],[-77.848622,24.327582],[-77.867299,24.319485],[-77.883697,24.327338],[-77.883616,24.341132],[-77.869211,24.346829]]],[[[-76.774322,24.538642],[-76.773061,24.531724],[-76.772572,24.51911],[-76.77892,24.51435],[-76.789296,24.5185],[-76.795074,24.53144],[-76.792388,24.54914],[-76.784657,24.552965],[-76.777496,24.54385],[-76.774322,24.538642]]],[[[-77.864125,25.407904],[-77.879506,25.407864],[-77.888417,25.408759],[-77.906728,25.409084],[-77.905873,25.410956],[-77.900014,25.415473],[-77.892405,25.418687],[-77.886301,25.419176],[-77.874827,25.41828],[-77.85912,25.419257],[-77.847279,25.425849],[-77.839589,25.434963],[-77.836822,25.434516],[-77.842152,25.423245],[-77.85204,25.412746],[-77.864125,25.407904]]],[[[-79.250071,25.774726],[-79.246083,25.763861],[-79.243235,25.742906],[-79.24592,25.734565],[-79.248036,25.738959],[-79.254628,25.736029],[-79.266957,25.732489],[-79.268707,25.741604],[-79.261708,25.756659],[-79.265533,25.761623],[-79.279042,25.749986],[-79.286244,25.741523],[-79.291575,25.733832],[-79.293853,25.720689],[-79.283315,25.712795],[-79.268137,25.707099],[-79.258046,25.699042],[-79.26183,25.693752],[-79.289174,25.697659],[-79.300649,25.697943],[-79.30427,25.702338],[-79.301259,25.716864],[-79.293813,25.736029],[-79.280344,25.757229],[-79.261057,25.771918],[-79.250071,25.774726]]],[[[-77.244252,26.478461],[-77.23762,26.474066],[-77.236073,26.470364],[-77.236562,26.469387],[-77.238433,26.47016],[-77.242096,26.470608],[-77.242991,26.469062],[-77.240712,26.467353],[-77.240468,26.46662],[-77.242502,26.466213],[-77.24352,26.454413],[-77.241038,26.442816],[-77.246653,26.438666],[-77.250559,26.438218],[-77.254547,26.438137],[-77.263295,26.442206],[-77.267445,26.453274],[-77.272328,26.460679],[-77.278228,26.465806],[-77.276682,26.469957],[-77.272369,26.469468],[-77.267568,26.472561],[-77.26183,26.477851],[-77.253774,26.480048],[-77.244252,26.478461]]],[[[-77.853831,26.600775],[-77.848459,26.605536],[-77.837514,26.613511],[-77.834625,26.610541],[-77.843617,26.600735],[-77.847076,26.594875],[-77.847157,26.590522],[-77.851877,26.583319],[-77.85558,26.57274],[-77.861928,26.564114],[-77.868398,26.56387],[-77.870513,26.566718],[-77.872874,26.570543],[-77.886586,26.585598],[-77.891103,26.594062],[-77.893137,26.602607],[-77.887807,26.606594],[-77.857574,26.611762],[-77.853098,26.607001],[-77.862416,26.596625],[-77.864491,26.593655],[-77.857086,26.597846],[-77.853831,26.600775]]],[[[-76.770186,25.551304],[-76.758432,25.548954],[-76.745895,25.545036],[-76.749813,25.539551],[-76.760783,25.540334],[-76.787424,25.541901],[-76.781156,25.54817],[-76.770186,25.551304]]],[[[-76.828954,25.531715],[-76.817984,25.532498],[-76.809364,25.529364],[-76.810932,25.523879],[-76.828954,25.516827],[-76.848543,25.516827],[-76.86108,25.508208],[-76.87205,25.506641],[-76.872834,25.514476],[-76.857162,25.523879],[-76.844625,25.52623],[-76.828954,25.531715]]]]}},{"type":"Feature","properties":{"shapeName":"Cuba","shapeISO":"CUB"},"geometry":{"type":"MultiPolygon","coordinates":[[[[-75.095006,19.897226],[-75.09495,19.971584],[-75.137036,19.971551],[-75.13516,19.976279],[-75.12975,19.981147],[-75.115052,19.990617],[-75.102077,19.9929],[-75.090133,20.014137],[-75.084857,20.025895],[-75.09081,20.035468],[-75.092437,20.061225],[-75.112791,20.057485],[-75.122381,20.043912],[-75.128609,20.033508],[-75.135795,20.021296],[-75.143812,20.025948],[-75.154333,20.031166],[-75.169425,20.025577],[-75.175445,20.013739],[-75.177358,20.003974],[-75.174062,19.993476],[-75.16868,19.991936],[-75.162112,19.990411],[-75.15807,19.99136],[-75.155426,19.99494],[-75.15331,19.999172],[-75.151235,19.994574],[-75.146997,19.984278],[-75.159127,19.977769],[-75.160192,19.970648],[-75.178862,19.970732],[-75.228969,19.93744],[-75.232859,19.900051],[-75.284657,19.888251],[-75.38329,19.882473],[-75.394276,19.88349],[-75.427602,19.890692],[-75.437489,19.895657],[-75.444407,19.896715],[-75.447336,19.894761],[-75.455637,19.885484],[-75.461822,19.882473],[-75.488881,19.879096],[-75.520904,19.879625],[-75.550852,19.885159],[-75.571645,19.896715],[-75.604726,19.892035],[-75.645619,19.912584],[-75.687001,19.940375],[-75.721832,19.957506],[-75.743723,19.959866],[-75.815297,19.957506],[-75.83434,19.959784],[-75.873362,19.96955],[-75.893788,19.971829],[-75.932118,19.967678],[-75.952219,19.962226],[-75.965484,19.954413],[-75.980092,19.952379],[-76.11205,19.982489],[-76.20226,19.992336],[-76.248158,19.990627],[-76.327992,19.97016],[-76.366119,19.964993],[-76.43871,19.964993],[-76.460276,19.962104],[-76.502268,19.948391],[-76.524403,19.943915],[-76.651601,19.951117],[-76.781077,19.940741],[-76.801747,19.930732],[-76.823598,19.931586],[-76.845611,19.936265],[-76.866444,19.93769],[-76.881825,19.931383],[-76.914133,19.906643],[-76.935292,19.896715],[-76.958892,19.891059],[-77.088043,19.885443],[-77.113433,19.889309],[-77.163401,19.908108],[-77.188954,19.912584],[-77.202789,19.902899],[-77.209625,19.902899],[-77.217112,19.909613],[-77.227284,19.911078],[-77.237172,19.906887],[-77.243764,19.896715],[-77.269154,19.904527],[-77.298248,19.906684],[-77.324086,19.900295],[-77.339996,19.882473],[-77.312734,19.882473],[-77.312734,19.875637],[-77.330474,19.874823],[-77.35851,19.864488],[-77.377268,19.861965],[-77.46996,19.859565],[-77.533355,19.844916],[-77.569325,19.841498],[-77.61148,19.844631],[-77.673248,19.828925],[-77.692535,19.827826],[-77.706044,19.830024],[-77.719553,19.835883],[-77.73058,19.844794],[-77.737213,19.855699],[-77.735992,19.874172],[-77.717356,19.907213],[-77.716176,19.916571],[-77.708811,19.918687],[-77.696116,19.919989],[-77.688832,19.923407],[-77.682118,19.929592],[-77.675282,19.939887],[-77.668324,19.943915],[-77.671376,19.954779],[-77.666737,19.96247],[-77.647857,19.978664],[-77.625559,20.007799],[-77.623931,20.012763],[-77.620432,20.020331],[-77.572743,20.061103],[-77.574696,20.06981],[-77.588124,20.082465],[-77.586415,20.088528],[-77.577382,20.087958],[-77.551015,20.079779],[-77.541086,20.088772],[-77.521881,20.09455],[-77.517486,20.098456],[-77.514719,20.104438],[-77.496978,20.129462],[-77.479563,20.140855],[-77.436635,20.162421],[-77.420237,20.185045],[-77.401357,20.198065],[-77.300649,20.242743],[-77.281361,20.245551],[-77.266469,20.253241],[-77.250722,20.289293],[-77.236318,20.300767],[-77.233388,20.301215],[-77.229848,20.301337],[-77.223297,20.300767],[-77.228993,20.28913],[-77.222971,20.283393],[-77.210072,20.282864],[-77.195424,20.286526],[-77.181752,20.294867],[-77.171213,20.307278],[-77.164296,20.32217],[-77.161855,20.338324],[-77.15453,20.344062],[-77.113433,20.368476],[-77.11026,20.416409],[-77.103505,20.423651],[-77.095815,20.430162],[-77.082428,20.465277],[-77.113433,20.512437],[-77.123199,20.520941],[-77.150136,20.537909],[-77.185943,20.55093],[-77.195668,20.552151],[-77.189198,20.540961],[-77.195424,20.534125],[-77.214019,20.54621],[-77.229482,20.552924],[-77.239898,20.563056],[-77.243764,20.585354],[-77.240387,20.592108],[-77.232493,20.596015],[-77.223378,20.598822],[-77.216461,20.602444],[-77.195424,20.629788],[-77.195424,20.636542],[-77.231679,20.658271],[-77.251047,20.662095],[-77.258046,20.643378],[-77.278188,20.662055],[-77.295155,20.687079],[-77.314849,20.709052],[-77.343129,20.718492],[-77.371734,20.716132],[-77.403188,20.709174],[-77.429351,20.698432],[-77.442372,20.684394],[-77.451894,20.690009],[-77.457672,20.689887],[-77.462717,20.686998],[-77.469716,20.684394],[-77.480295,20.681789],[-77.486724,20.679185],[-77.493398,20.677476],[-77.504506,20.677558],[-77.521962,20.680325],[-77.572743,20.697984],[-77.611643,20.678453],[-77.620513,20.677558],[-77.634999,20.687934],[-77.641713,20.691148],[-77.649281,20.692572],[-77.678863,20.691148],[-77.686676,20.692043],[-77.706125,20.697414],[-77.712717,20.701117],[-77.71642,20.698879],[-77.729319,20.697984],[-77.778432,20.700751],[-77.795562,20.705878],[-77.822133,20.723049],[-77.84081,20.728258],[-77.877512,20.732164],[-77.899241,20.727281],[-77.914174,20.716376],[-77.926869,20.704901],[-77.942047,20.697984],[-78.007069,20.696194],[-78.041127,20.704495],[-78.05191,20.725979],[-78.059397,20.725979],[-78.065541,20.711656],[-78.098378,20.748114],[-78.11026,20.753241],[-78.132069,20.757392],[-78.144114,20.768256],[-78.161773,20.800442],[-78.172353,20.811754],[-78.190785,20.827623],[-78.211049,20.839504],[-78.226918,20.838935],[-78.23766,20.833401],[-78.241282,20.838528],[-78.241851,20.847886],[-78.243723,20.855048],[-78.255727,20.868638],[-78.262074,20.87816],[-78.264801,20.886664],[-78.272043,20.901109],[-78.342681,20.949408],[-78.356353,20.95303],[-78.391469,20.951239],[-78.40392,20.957953],[-78.415028,20.97309],[-78.429921,20.999701],[-78.44225,21.011135],[-78.478993,21.037584],[-78.487904,21.03856],[-78.49474,21.047919],[-78.500885,21.082099],[-78.504384,21.147121],[-78.512278,21.175116],[-78.527577,21.203274],[-78.538197,21.231635],[-78.531728,21.260403],[-78.522572,21.250312],[-78.511464,21.248847],[-78.502105,21.255561],[-78.498199,21.269965],[-78.505523,21.280219],[-78.537994,21.290351],[-78.5454,21.297593],[-78.547475,21.31509],[-78.556874,21.34748],[-78.55899,21.366523],[-78.563303,21.38345],[-78.582102,21.413886],[-78.586334,21.428209],[-78.592437,21.461819],[-78.607818,21.49372],[-78.628163,21.521064],[-78.649037,21.54092],[-78.665354,21.551174],[-78.680979,21.556627],[-78.733998,21.564358],[-78.746327,21.568061],[-78.751088,21.575507],[-78.744618,21.589301],[-78.733306,21.583238],[-78.720611,21.581244],[-78.693105,21.581855],[-78.689117,21.586412],[-78.694203,21.596666],[-78.706776,21.612616],[-78.713694,21.618598],[-78.723948,21.625556],[-78.744618,21.636542],[-78.759267,21.640611],[-78.76651,21.639716],[-78.773061,21.635647],[-78.785553,21.630316],[-78.831899,21.620307],[-78.878407,21.616034],[-78.883372,21.614203],[-78.889027,21.609687],[-78.893544,21.604193],[-78.895416,21.59927],[-78.898752,21.595526],[-78.906484,21.594672],[-78.937082,21.596381],[-78.949208,21.598782],[-78.95995,21.599555],[-78.97057,21.595526],[-78.977366,21.602973],[-78.994537,21.594062],[-79.012807,21.590074],[-79.055898,21.589301],[-79.075551,21.586086],[-79.128163,21.561998],[-79.16926,21.551703],[-79.208892,21.548489],[-79.24942,21.551947],[-79.329579,21.573676],[-79.346099,21.583157],[-79.364654,21.59927],[-79.378774,21.601264],[-79.430653,21.595404],[-79.450307,21.595526],[-79.472279,21.601996],[-79.48176,21.607367],[-79.491322,21.616034],[-79.506459,21.639797],[-79.515289,21.648586],[-79.519195,21.640204],[-79.522206,21.630032],[-79.529693,21.62344],[-79.539662,21.621975],[-79.549672,21.626899],[-79.559153,21.634996],[-79.564931,21.637885],[-79.607777,21.648993],[-79.613678,21.651313],[-79.621653,21.65762],[-79.627594,21.666938],[-79.632314,21.678209],[-79.639272,21.68773],[-79.652089,21.691718],[-79.722727,21.693427],[-79.79011,21.711615],[-79.815785,21.711249],[-79.827056,21.695136],[-79.833852,21.67768],[-79.850819,21.68008],[-79.872955,21.690863],[-79.895375,21.698554],[-79.895375,21.70539],[-79.874867,21.712836],[-79.874867,21.719062],[-79.89037,21.722398],[-79.893625,21.733588],[-79.892649,21.747748],[-79.895375,21.759996],[-79.912343,21.748358],[-79.930002,21.743313],[-79.949452,21.743109],[-79.971669,21.746405],[-79.992055,21.753323],[-80.003651,21.755805],[-80.012685,21.753811],[-80.01537,21.746731],[-80.009023,21.739936],[-79.999135,21.735012],[-79.990956,21.733344],[-80.003245,21.720893],[-80.021799,21.729193],[-80.038808,21.747138],[-80.046213,21.763414],[-80.048451,21.784898],[-80.055328,21.803697],[-80.06725,21.817043],[-80.08434,21.822089],[-80.104888,21.825385],[-80.145904,21.839911],[-80.188222,21.848456],[-80.217681,21.871487],[-80.269928,21.88703],[-80.300771,21.911689],[-80.409901,22.020697],[-80.411855,22.025092],[-80.411855,22.03026],[-80.412587,22.035834],[-80.416737,22.041205],[-80.421132,22.041897],[-80.433217,22.040188],[-80.437245,22.041205],[-80.44811,22.050279],[-80.45108,22.056627],[-80.450917,22.068508],[-80.436757,22.065904],[-80.419342,22.066636],[-80.40217,22.071682],[-80.388783,22.08218],[-80.404164,22.078518],[-80.409901,22.075995],[-80.405832,22.084703],[-80.400299,22.093166],[-80.396148,22.101386],[-80.396311,22.109524],[-80.404286,22.112616],[-80.416331,22.109605],[-80.425364,22.110053],[-80.424184,22.123114],[-80.443918,22.123196],[-80.456532,22.130439],[-80.457753,22.142768],[-80.44343,22.157904],[-80.467275,22.171617],[-80.476715,22.180162],[-80.484446,22.192043],[-80.491282,22.18183],[-80.50357,22.178209],[-80.518422,22.179918],[-80.532826,22.185777],[-80.538238,22.164455],[-80.528798,22.150865],[-80.498647,22.130561],[-80.483998,22.111884],[-80.470855,22.089097],[-80.46467,22.064765],[-80.470774,22.041205],[-80.513743,22.056342],[-80.63801,22.053046],[-80.761098,22.061103],[-80.905263,22.046129],[-80.992096,22.054267],[-81.011627,22.060533],[-81.049184,22.078437],[-81.08845,22.085842],[-81.103668,22.095893],[-81.113759,22.111233],[-81.139475,22.161811],[-81.142974,22.171536],[-81.143625,22.187405],[-81.136098,22.229885],[-81.140696,22.232733],[-81.167144,22.270819],[-81.180531,22.278876],[-81.193959,22.281562],[-81.20519,22.278062],[-81.211822,22.267768],[-81.211578,22.255316],[-81.197581,22.21247],[-81.196889,22.091254],[-81.204701,22.060289],[-81.225494,22.061672],[-81.211252,22.083482],[-81.215443,22.114976],[-81.229807,22.143948],[-81.239125,22.151068],[-81.267079,22.141588],[-81.273305,22.137397],[-81.276438,22.128892],[-81.275258,22.110256],[-81.27953,22.102607],[-81.291331,22.097561],[-81.299306,22.101264],[-81.30606,22.107367],[-81.31428,22.109524],[-81.321523,22.104722],[-81.322743,22.097846],[-81.325592,22.091702],[-81.33788,22.089016],[-81.374094,22.104153],[-81.396108,22.170722],[-81.434071,22.185777],[-81.482167,22.185777],[-81.49356,22.18887],[-81.512807,22.201972],[-81.523508,22.205024],[-81.531239,22.201972],[-81.545888,22.18887],[-81.557607,22.185777],[-81.560211,22.184638],[-81.562123,22.182074],[-81.565175,22.179511],[-81.571197,22.178371],[-81.57433,22.180121],[-81.576772,22.18887],[-81.581166,22.192043],[-81.622711,22.205024],[-81.627797,22.207953],[-81.639556,22.212714],[-81.651479,22.212958],[-81.65685,22.201972],[-81.666615,22.197903],[-81.688629,22.196845],[-81.711985,22.199164],[-81.725738,22.205024],[-81.732004,22.205024],[-81.734609,22.192776],[-81.741078,22.189602],[-81.759918,22.192043],[-81.756907,22.188056],[-81.755238,22.18537],[-81.752512,22.178371],[-81.763539,22.178412],[-81.810211,22.183824],[-81.824452,22.18891],[-81.84968,22.214993],[-81.858754,22.228909],[-81.862375,22.243557],[-81.879709,22.260403],[-82.021392,22.3133],[-82.035878,22.32099],[-82.051015,22.332587],[-82.059967,22.337307],[-82.079905,22.339301],[-82.088246,22.342231],[-82.09317,22.347846],[-82.104644,22.366197],[-82.105621,22.370185],[-82.119252,22.370063],[-82.137603,22.372138],[-82.15453,22.379869],[-82.163971,22.396877],[-82.158384,22.412534],[-82.146392,22.422187],[-82.131215,22.428127],[-82.118737,22.431828],[-82.003629,22.428153],[-81.96608,22.437124],[-81.939473,22.433216],[-81.909035,22.435464],[-81.890575,22.43855],[-81.863892,22.432626],[-81.841138,22.430757],[-81.789642,22.438317],[-81.750071,22.454006],[-81.73884,22.452094],[-81.728505,22.457221],[-81.70873,22.45718],[-81.697865,22.45954],[-81.683502,22.463595],[-81.670303,22.475948],[-81.660949,22.484186],[-81.651563,22.487827],[-81.652804,22.508783],[-81.648793,22.518297],[-81.651308,22.533841],[-81.642649,22.561957],[-81.643255,22.572737],[-81.657677,22.577255],[-81.672631,22.57768],[-81.700022,22.599595],[-81.718849,22.613702],[-81.753386,22.638037],[-81.788412,22.650097],[-81.877501,22.67973],[-81.912424,22.678534],[-81.992543,22.671698],[-82.098793,22.654921],[-82.130971,22.667873],[-82.198855,22.685774],[-82.274841,22.685617],[-82.317209,22.680976],[-82.339019,22.678656],[-82.359853,22.680813],[-82.391584,22.68842],[-82.457356,22.680385],[-82.509999,22.692288],[-82.521718,22.690172],[-82.541086,22.680813],[-82.550933,22.678656],[-82.597418,22.688008],[-82.632945,22.680185],[-82.738433,22.706366],[-82.759877,22.705959],[-82.78067,22.696112],[-82.790883,22.679877],[-82.794301,22.660468],[-82.794586,22.640815],[-82.800689,22.622748],[-82.815419,22.61343],[-82.849233,22.602932],[-82.909291,22.555569],[-82.921254,22.548285],[-82.943959,22.546576],[-82.959381,22.54206],[-83.02599,22.509752],[-83.058705,22.489447],[-83.08609,22.462795],[-83.143178,22.361274],[-83.16686,22.339545],[-83.19933,22.336005],[-83.232249,22.344794],[-83.245839,22.345933],[-83.260121,22.342231],[-83.260569,22.339748],[-83.260121,22.325751],[-83.26179,22.321967],[-83.265696,22.322252],[-83.270253,22.323554],[-83.277455,22.321031],[-83.281972,22.322333],[-83.285797,22.322699],[-83.287424,22.318671],[-83.286936,22.304633],[-83.287424,22.301907],[-83.323598,22.280219],[-83.335805,22.267768],[-83.341176,22.259345],[-83.34203,22.254543],[-83.341461,22.251044],[-83.342641,22.246649],[-83.349233,22.232164],[-83.354115,22.225775],[-83.363149,22.219306],[-83.366363,22.222398],[-83.367909,22.225572],[-83.368479,22.213853],[-83.375559,22.206977],[-83.381148,22.217147],[-83.389441,22.220365],[-83.398223,22.21928],[-83.398991,22.202831],[-83.415472,22.186093],[-83.465321,22.182074],[-83.516957,22.188218],[-83.561147,22.205024],[-83.552846,22.213446],[-83.555491,22.223619],[-83.562856,22.234849],[-83.568593,22.246649],[-83.575429,22.246649],[-83.589589,22.219916],[-83.614369,22.195746],[-83.643625,22.17829],[-83.67101,22.171536],[-83.668935,22.175035],[-83.666737,22.181952],[-83.664784,22.185777],[-83.775461,22.170722],[-83.780873,22.171536],[-83.784779,22.175442],[-83.787506,22.182359],[-83.788726,22.189032],[-83.787709,22.192043],[-83.799143,22.188788],[-83.811025,22.17475],[-83.825551,22.171536],[-83.903228,22.175686],[-83.925445,22.171536],[-83.966461,22.133979],[-83.967681,22.12637],[-83.975331,22.098822],[-83.980092,22.089016],[-83.974843,22.082465],[-83.973297,22.076483],[-83.972646,22.061672],[-83.983998,22.070543],[-83.994985,22.068264],[-84.00178,22.057563],[-84.0006,22.041205],[-83.993031,22.027981],[-83.983225,22.023098],[-83.971669,22.025784],[-83.958974,22.03498],[-83.96467,22.013332],[-83.999257,21.989488],[-84.007436,21.969184],[-84.003814,21.964423],[-83.99706,21.958686],[-83.993031,21.951361],[-83.997467,21.94184],[-84.006907,21.933295],[-84.01769,21.925482],[-84.029408,21.919867],[-84.041615,21.91767],[-84.060414,21.921942],[-84.098215,21.940741],[-84.120432,21.945014],[-84.142161,21.940334],[-84.180735,21.91828],[-84.199208,21.910834],[-84.20934,21.910102],[-84.230092,21.911526],[-84.240142,21.910834],[-84.25121,21.906562],[-84.273915,21.893215],[-84.305165,21.884508],[-84.423248,21.792304],[-84.466176,21.770453],[-84.508372,21.766832],[-84.521352,21.786566],[-84.481313,21.86518],[-84.473541,21.904608],[-84.496165,21.933783],[-84.536041,21.940172],[-84.580556,21.933905],[-84.659983,21.912055],[-84.69872,21.894843],[-84.799713,21.832099],[-84.839915,21.822903],[-84.883412,21.823554],[-84.925404,21.835761],[-84.939117,21.846096],[-84.947255,21.860338],[-84.949615,21.876776],[-84.946034,21.893541],[-84.942738,21.900051],[-84.937571,21.908108],[-84.931223,21.91474],[-84.92455,21.917222],[-84.919789,21.91474],[-84.916575,21.909613],[-84.913889,21.903713],[-84.910797,21.898993],[-84.903554,21.893622],[-84.895375,21.89057],[-84.886586,21.889553],[-84.877594,21.890326],[-84.860504,21.89704],[-84.848744,21.908393],[-84.848215,21.921088],[-84.864613,21.931952],[-84.847564,21.940619],[-84.832387,21.940579],[-84.822906,21.930894],[-84.822987,21.910834],[-84.741078,21.951809],[-84.668446,21.971869],[-84.583323,22.007514],[-84.528879,22.044338],[-84.521352,22.048041],[-84.508046,22.049018],[-84.49592,22.047349],[-84.489654,22.042792],[-84.494049,22.03498],[-84.462636,22.02204],[-84.43932,22.028144],[-84.416656,22.041002],[-84.387318,22.048041],[-84.372792,22.043931],[-84.355824,22.034084],[-84.341664,22.021674],[-84.335805,22.010443],[-84.330963,22.004584],[-84.303822,22.022895],[-84.288564,22.020697],[-84.274322,22.075995],[-84.286285,22.063381],[-84.296864,22.045966],[-84.308176,22.036689],[-84.322133,22.048041],[-84.328033,22.067125],[-84.326772,22.081855],[-84.33019,22.093329],[-84.350006,22.102607],[-84.340728,22.123969],[-84.335805,22.130561],[-84.35436,22.132514],[-84.374582,22.139309],[-84.392812,22.148505],[-84.405344,22.157904],[-84.413442,22.172024],[-84.420033,22.188666],[-84.42927,22.201728],[-84.445668,22.205024],[-84.435699,22.21369],[-84.424469,22.229153],[-84.415354,22.247382],[-84.411488,22.263983],[-84.409657,22.287258],[-84.405344,22.308743],[-84.391021,22.352769],[-84.388539,22.35517],[-84.373931,22.380683],[-84.368804,22.383287],[-84.358022,22.384263],[-84.353139,22.387193],[-84.34911,22.393622],[-84.345123,22.406236],[-84.3426,22.411078],[-84.321278,22.440131],[-84.306508,22.455634],[-84.288564,22.465766],[-84.288564,22.473212],[-84.309071,22.473212],[-84.291819,22.486274],[-84.249013,22.493557],[-84.230295,22.503607],[-84.218373,22.518744],[-84.2058,22.541164],[-84.201161,22.562812],[-84.21288,22.575588],[-84.21288,22.583075],[-84.202382,22.580064],[-84.192372,22.575588],[-84.178131,22.585679],[-84.164622,22.587633],[-84.152984,22.582017],[-84.144602,22.569403],[-84.135732,22.606838],[-84.13036,22.616523],[-84.120513,22.620266],[-84.094635,22.622382],[-84.089345,22.627102],[-84.088612,22.637152],[-84.085439,22.654202],[-84.078277,22.666205],[-84.0655,22.661282],[-84.052113,22.653306],[-84.041615,22.658433],[-84.031972,22.669379],[-84.021108,22.678656],[-84.028676,22.69009],[-84.038971,22.697089],[-84.052317,22.699856],[-84.068837,22.698472],[-84.06432,22.706244],[-84.057037,22.713284],[-84.048004,22.718248],[-84.038442,22.720201],[-84.022328,22.714748],[-84.013783,22.702541],[-84.007192,22.690375],[-83.997467,22.684882],[-83.984039,22.687079],[-83.972076,22.692532],[-83.911244,22.733303],[-83.897572,22.720201],[-83.888051,22.741441],[-83.872792,22.7508],[-83.829254,22.75373],[-83.812652,22.756741],[-83.743723,22.78913],[-83.709137,22.800686],[-83.692738,22.802151],[-83.681549,22.80036],[-83.668935,22.794908],[-83.65803,22.794664],[-83.651112,22.79682],[-83.637318,22.805121],[-83.630035,22.808336],[-83.630035,22.815823],[-83.637196,22.81269],[-83.644358,22.808336],[-83.64566,22.811998],[-83.645375,22.814276],[-83.64623,22.815375],[-83.651194,22.815823],[-83.629872,22.828315],[-83.6079,22.834377],[-83.558013,22.836249],[-83.553782,22.842231],[-83.541331,22.873847],[-83.534983,22.877021],[-83.49352,22.877265],[-83.496083,22.870347],[-83.497629,22.867499],[-83.500356,22.863593],[-83.480824,22.860256],[-83.469106,22.870592],[-83.461049,22.885972],[-83.452504,22.897773],[-83.437571,22.903469],[-83.426096,22.899237],[-83.414052,22.890815],[-83.397288,22.884101],[-83.404368,22.873765],[-83.393463,22.876899],[-83.377512,22.886135],[-83.369374,22.893988],[-83.363352,22.910468],[-83.348459,22.932115],[-83.329661,22.951077],[-83.311635,22.959174],[-83.298166,22.963324],[-83.246449,22.993964],[-83.226186,23.001858],[-83.207631,23.002672],[-83.191477,22.997382],[-83.178212,22.986518],[-83.178212,22.980292],[-83.187367,22.973822],[-83.191233,22.961859],[-83.18932,22.947821],[-83.18163,22.935289],[-83.169423,22.930121],[-83.159169,22.936225],[-83.150543,22.946275],[-83.143422,22.95303],[-83.161692,22.966946],[-83.160512,22.979967],[-83.145823,22.9914],[-83.123606,23.000149],[-83.081939,23.007636],[-83.074127,23.011298],[-83.061147,23.019599],[-83.055287,23.021226],[-83.044911,23.019517],[-83.031117,23.010688],[-83.020579,23.007636],[-83.01537,23.010321],[-83.009389,23.016018],[-83.002024,23.019232],[-82.992584,23.01439],[-82.986318,23.004096],[-82.992828,23.000963],[-83.002838,22.999457],[-83.006907,22.993964],[-83.002797,22.983588],[-82.996693,22.98017],[-82.988881,22.983629],[-82.979604,22.993964],[-82.981679,22.974189],[-82.964223,22.972886],[-82.944407,22.985093],[-82.942454,22.986314],[-82.931752,23.011054],[-82.917592,23.032457],[-82.885162,23.033108],[-82.849355,23.027777],[-82.825307,23.03148],[-82.803293,23.038804],[-82.712717,23.034898],[-82.619985,23.046129],[-82.596018,23.055365],[-82.57551,23.054023],[-82.532094,23.077094],[-82.509999,23.083319],[-82.504465,23.086493],[-82.494537,23.100653],[-82.489573,23.103827],[-82.477203,23.10517],[-82.467681,23.108547],[-82.452016,23.117499],[-82.422353,23.138861],[-82.40689,23.147447],[-82.367096,23.153022],[-82.321034,23.171454],[-82.251088,23.182115],[-82.21935,23.194241],[-82.150299,23.1789],[-82.128407,23.181057],[-82.100087,23.187649],[-82.088246,23.190416],[-82.065012,23.192572],[-82.054921,23.19477],[-82.044016,23.198717],[-82.033193,23.200507],[-82.023427,23.19595],[-81.985829,23.171454],[-81.956125,23.163642],[-81.892079,23.157864],[-81.862375,23.151028],[-81.840077,23.157782],[-81.683909,23.156928],[-81.65807,23.156806],[-81.642323,23.15884],[-81.628977,23.165229],[-81.617584,23.159613],[-81.606435,23.15884],[-81.594594,23.159329],[-81.581166,23.157782],[-81.57429,23.153998],[-81.556793,23.140815],[-81.535553,23.129381],[-81.532094,23.10932],[-81.535308,23.08633],[-81.540191,23.069037],[-81.546213,23.061184],[-81.552398,23.057359],[-81.552561,23.054348],[-81.540191,23.04857],[-81.528798,23.047187],[-81.517649,23.049791],[-81.502675,23.055365],[-81.498769,23.060492],[-81.492543,23.084866],[-81.489003,23.093248],[-81.480702,23.100328],[-81.473297,23.102607],[-81.464223,23.102851],[-81.380116,23.11636],[-81.368886,23.120917],[-81.358144,23.131741],[-81.333363,23.138251],[-81.286285,23.144761],[-81.271392,23.149563],[-81.234242,23.166449],[-81.209828,23.183743],[-81.165598,23.207831],[-81.149159,23.212388],[-81.130605,23.205634],[-81.144765,23.194281],[-81.172434,23.183661],[-81.217885,23.172675],[-81.272206,23.141995],[-81.286285,23.13052],[-81.286285,23.124254],[-81.241933,23.113715],[-81.184885,23.052069],[-81.149159,23.034898],[-81.129303,23.034491],[-81.120717,23.038967],[-81.113678,23.049221],[-81.098541,23.065985],[-81.093739,23.074205],[-81.08316,23.0987],[-81.078114,23.103827],[-81.066762,23.104967],[-81.046254,23.109849],[-81.039906,23.110663],[-80.998362,23.103827],[-80.991444,23.104071],[-80.987538,23.105862],[-80.985707,23.10224],[-80.98526,23.086412],[-80.977773,23.064439],[-80.959381,23.059027],[-80.936757,23.062934],[-80.916371,23.069037],[-80.759348,23.096991],[-80.734771,23.097602],[-80.68814,23.088609],[-80.663157,23.089545],[-80.642242,23.097805],[-80.623525,23.112942],[-80.618031,23.131741],[-80.636464,23.151028],[-80.623443,23.156724],[-80.609853,23.158189],[-80.597279,23.156073],[-80.587473,23.151028],[-80.587473,23.144761],[-80.596018,23.137437],[-80.622222,23.089545],[-80.59435,23.070136],[-80.593088,23.06802],[-80.556793,23.007392],[-80.536244,22.993964],[-80.520375,22.992906],[-80.479848,22.985663],[-80.464508,22.980292],[-80.455068,22.972073],[-80.444732,22.960395],[-80.431508,22.949937],[-80.413319,22.945502],[-80.356923,22.945624],[-80.344472,22.942084],[-80.329416,22.929836],[-80.313344,22.921291],[-80.296702,22.915676],[-80.279612,22.912014],[-80.246693,22.911038],[-80.215688,22.91706],[-80.156077,22.938707],[-80.163564,22.962551],[-80.146718,22.96308],[-80.093617,22.938544],[-80.070058,22.931789],[-80.050038,22.935248],[-80.046213,22.959174],[-80.035512,22.953843],[-80.024566,22.946682],[-80.016103,22.938056],[-80.012685,22.928453],[-79.990061,22.890611],[-79.987864,22.884101],[-79.950022,22.863593],[-79.944569,22.862779],[-79.926747,22.863593],[-79.91983,22.861314],[-79.916982,22.856431],[-79.916412,22.851549],[-79.916493,22.849311],[-79.895741,22.85517],[-79.863149,22.883694],[-79.801747,22.899726],[-79.792958,22.897773],[-79.792958,22.890123],[-79.802358,22.882148],[-79.820912,22.870429],[-79.843861,22.880683],[-79.85497,22.872545],[-79.868031,22.836249],[-79.857167,22.820705],[-79.850901,22.814114],[-79.841379,22.808336],[-79.830719,22.80565],[-79.78954,22.802151],[-79.771881,22.796617],[-79.713124,22.757799],[-79.70995,22.753079],[-79.706166,22.748765],[-79.700185,22.746894],[-79.694651,22.749172],[-79.688629,22.754096],[-79.684193,22.758979],[-79.683095,22.761176],[-79.660308,22.763861],[-79.651723,22.758775],[-79.627024,22.657497],[-79.626454,22.656928],[-79.61148,22.65233],[-79.599355,22.646552],[-79.588531,22.638495],[-79.57726,22.627102],[-79.565826,22.611151],[-79.552113,22.580268],[-79.542836,22.56566],[-79.517486,22.53913],[-79.51183,22.534613],[-79.496938,22.531968],[-79.468007,22.531399],[-79.456532,22.528469],[-79.42984,22.49022],[-79.424713,22.478746],[-79.416737,22.47248],[-79.341786,22.413153],[-79.312489,22.400295],[-79.285878,22.404283],[-79.275746,22.394843],[-79.256947,22.38227],[-79.238759,22.37641],[-79.23058,22.387193],[-79.219838,22.388414],[-79.16747,22.377875],[-79.148671,22.377631],[-79.137807,22.384833],[-79.13565,22.391181],[-79.133127,22.395657],[-79.120717,22.396877],[-79.110585,22.394599],[-79.095041,22.385728],[-79.083485,22.383775],[-79.062001,22.386664],[-79.024485,22.39997],[-79.005279,22.404283],[-78.982493,22.404608],[-78.927195,22.398749],[-78.828684,22.388332],[-78.78185,22.390611],[-78.776723,22.380561],[-78.757639,22.322333],[-78.754018,22.324856],[-78.744618,22.329169],[-78.734609,22.31623],[-78.725331,22.324205],[-78.709869,22.355902],[-78.722646,22.372707],[-78.729482,22.379136],[-78.737782,22.383775],[-78.737782,22.390611],[-78.708079,22.386908],[-78.676137,22.357001],[-78.566884,22.321031],[-78.552846,22.311835],[-78.544301,22.299058],[-78.524403,22.283271],[-78.501454,22.268866],[-78.483957,22.260321],[-78.460072,22.253607],[-78.399892,22.244045],[-78.3815,22.246649],[-78.381947,22.239936],[-78.380971,22.22602],[-78.3815,22.219306],[-78.371205,22.224026],[-78.367258,22.226752],[-78.360504,22.216783],[-78.351145,22.197659],[-78.343902,22.18891],[-78.334869,22.182563],[-78.316965,22.173896],[-78.309193,22.167792],[-78.301422,22.163804],[-78.291575,22.163642],[-78.281117,22.164618],[-78.271637,22.164049],[-78.237457,22.151068],[-78.221913,22.14704],[-78.172353,22.143622],[-78.163645,22.13935],[-78.161692,22.129462],[-78.160878,22.118109],[-78.155588,22.109524],[-78.147328,22.107571],[-78.121693,22.107856],[-78.124989,22.10635],[-78.128285,22.102607],[-78.117787,22.093451],[-78.105377,22.089016],[-78.092437,22.086249],[-78.081817,22.08279],[-78.079823,22.08218],[-78.065053,22.086982],[-78.055572,22.07746],[-78.042307,22.051174],[-78.023264,22.034329],[-78.017812,22.027533],[-78.01122,22.009263],[-77.993235,21.979682],[-77.985219,21.970038],[-77.973378,21.966132],[-77.961334,21.958238],[-77.915395,21.914252],[-77.911977,21.905992],[-77.895009,21.876939],[-77.888051,21.869859],[-77.876047,21.871527],[-77.870351,21.881537],[-77.86559,21.956244],[-77.860097,21.966132],[-77.84911,21.970526],[-77.822255,21.966457],[-77.806142,21.966132],[-77.815012,21.955756],[-77.846995,21.950385],[-77.853912,21.94184],[-77.852528,21.924018],[-77.848541,21.91059],[-77.842152,21.89997],[-77.833485,21.890326],[-77.822011,21.880276],[-77.813303,21.876451],[-77.788726,21.876695],[-77.777943,21.870022],[-77.770375,21.85456],[-77.766021,21.837348],[-77.764556,21.825507],[-77.760894,21.8133],[-77.751576,21.804633],[-77.738393,21.798651],[-77.710072,21.790188],[-77.704457,21.789252],[-77.689768,21.795885],[-77.681264,21.791693],[-77.673207,21.784735],[-77.664662,21.781155],[-77.603871,21.78974],[-77.586415,21.787909],[-77.569651,21.780585],[-77.524973,21.753811],[-77.524403,21.767646],[-77.516591,21.774604],[-77.490834,21.781155],[-77.489247,21.771226],[-77.483388,21.766181],[-77.474233,21.765041],[-77.46288,21.766832],[-77.464955,21.770575],[-77.467519,21.777737],[-77.469716,21.781155],[-77.455637,21.776842],[-77.44225,21.766588],[-77.421986,21.746405],[-77.43635,21.744615],[-77.446278,21.75023],[-77.452545,21.750678],[-77.456044,21.733344],[-77.453725,21.715033],[-77.439076,21.683824],[-77.435618,21.667873],[-77.430287,21.65762],[-77.41747,21.653713],[-77.387196,21.650133],[-77.363352,21.638251],[-77.35676,21.636542],[-77.347157,21.638617],[-77.342152,21.643297],[-77.339426,21.648017],[-77.336537,21.650133],[-77.336903,21.655585],[-77.342885,21.667548],[-77.352406,21.679511],[-77.378407,21.690497],[-77.38915,21.703843],[-77.401479,21.733344],[-77.407094,21.756578],[-77.411692,21.763414],[-77.418568,21.767279],[-77.438303,21.774848],[-77.442372,21.777737],[-77.443715,21.788235],[-77.448801,21.801907],[-77.459137,21.809272],[-77.476552,21.800971],[-77.490834,21.815253],[-77.504384,21.803534],[-77.518544,21.811835],[-77.545481,21.843166],[-77.583079,21.873277],[-77.593658,21.888739],[-77.600494,21.890448],[-77.614329,21.884182],[-77.605824,21.901272],[-77.589915,21.919257],[-77.571645,21.930813],[-77.55602,21.928534],[-77.52123,21.90119],[-77.517486,21.893012],[-77.511098,21.867743],[-77.507558,21.862454],[-77.401357,21.790473],[-77.380971,21.781155],[-77.330068,21.766343],[-77.315785,21.756903],[-77.301584,21.743354],[-77.26773,21.717515],[-77.254303,21.712836],[-77.195424,21.671291],[-77.180653,21.664252],[-77.166737,21.660142],[-77.151845,21.660061],[-77.133941,21.664455],[-77.141713,21.645575],[-77.136301,21.63349],[-77.12621,21.624742],[-77.120269,21.616034],[-77.123769,21.596177],[-77.147817,21.571967],[-77.154408,21.554592],[-77.163197,21.560004],[-77.180491,21.57803],[-77.185414,21.581855],[-77.249745,21.609768],[-77.266021,21.614244],[-77.284779,21.616034],[-77.28425,21.614244],[-77.286733,21.610582],[-77.290028,21.607123],[-77.291615,21.606106],[-77.293772,21.602484],[-77.298818,21.60399],[-77.304677,21.607367],[-77.313588,21.611151],[-77.324452,21.620347],[-77.33316,21.62344],[-77.356191,21.621649],[-77.364247,21.611762],[-77.360951,21.600775],[-77.349599,21.595526],[-77.338002,21.592963],[-77.329701,21.587104],[-77.322011,21.580268],[-77.312734,21.5751],[-77.302805,21.572943],[-77.27477,21.5751],[-77.255116,21.56745],[-77.249989,21.550849],[-77.257232,21.534247],[-77.27477,21.526679],[-77.277577,21.518459],[-77.27123,21.500474],[-77.262522,21.4831],[-77.258046,21.476386],[-77.246734,21.474311],[-77.224355,21.477769],[-77.208485,21.47606],[-77.216461,21.458401],[-77.206614,21.460883],[-77.181711,21.472642],[-77.180776,21.473822],[-77.171295,21.478949],[-77.161855,21.480129],[-77.153066,21.495266],[-77.140736,21.548407],[-77.115468,21.593207],[-77.107249,21.602973],[-77.088287,21.606187],[-77.069936,21.595771],[-76.962636,21.472642],[-76.946767,21.459052],[-76.944814,21.45775],[-76.929921,21.447943],[-76.893707,21.431627],[-76.83845,21.4206],[-76.825429,21.4112],[-76.832265,21.397528],[-76.811757,21.397528],[-76.817616,21.376899],[-76.825551,21.366645],[-76.837717,21.363186],[-76.873158,21.36107],[-76.887441,21.355658],[-76.89745,21.346096],[-76.901194,21.332017],[-76.887278,21.307359],[-76.836171,21.332465],[-76.839101,21.307563],[-76.829457,21.314114],[-76.825022,21.324408],[-76.822581,21.336575],[-76.818593,21.348538],[-76.825429,21.348538],[-76.811431,21.368069],[-76.807281,21.378119],[-76.805572,21.390082],[-76.74413,21.370266],[-76.738393,21.370551],[-76.73058,21.374945],[-76.726145,21.373277],[-76.70934,21.362779],[-76.682281,21.356635],[-76.671498,21.355943],[-76.656077,21.349555],[-76.642486,21.335517],[-76.636586,21.321357],[-76.64391,21.315009],[-76.660146,21.311591],[-76.716176,21.287665],[-76.71231,21.302639],[-76.721506,21.311469],[-76.731435,21.311916],[-76.729848,21.301337],[-76.73469,21.285549],[-76.721344,21.279039],[-76.701161,21.275865],[-76.685211,21.269965],[-76.670155,21.259019],[-76.65331,21.251899],[-76.634389,21.247992],[-76.613149,21.246731],[-76.613149,21.252916],[-76.634918,21.260077],[-76.641469,21.264635],[-76.647328,21.273383],[-76.654042,21.287746],[-76.653554,21.294135],[-76.634267,21.301337],[-76.61677,21.301825],[-76.592926,21.294827],[-76.57079,21.282416],[-76.557932,21.266588],[-76.551666,21.266588],[-76.551666,21.287665],[-76.544911,21.287665],[-76.548411,21.247626],[-76.559885,21.234524],[-76.613149,21.232367],[-76.613149,21.225572],[-76.592681,21.225572],[-76.602366,21.220201],[-76.606313,21.218736],[-76.598256,21.205878],[-76.58845,21.206366],[-76.577301,21.211371],[-76.565338,21.211982],[-76.556793,21.205227],[-76.546742,21.187812],[-76.537465,21.184638],[-76.532379,21.186713],[-76.525502,21.191596],[-76.519521,21.197252],[-76.516957,21.202053],[-76.514556,21.205268],[-76.508941,21.205471],[-76.502431,21.204739],[-76.49706,21.205146],[-76.467641,21.22134],[-76.456125,21.225572],[-76.471588,21.230658],[-76.504262,21.234809],[-76.516957,21.239244],[-76.529042,21.252631],[-76.532379,21.268622],[-76.525543,21.28205],[-76.507314,21.287665],[-76.387563,21.284329],[-76.363026,21.277086],[-76.348785,21.266059],[-76.316518,21.254218],[-76.313547,21.251899],[-76.290273,21.23371],[-76.275868,21.225043],[-76.169667,21.187161],[-76.137807,21.167222],[-76.133412,21.143704],[-76.129994,21.135565],[-76.130727,21.114163],[-76.126576,21.102118],[-76.11677,21.091498],[-76.109853,21.092231],[-76.099843,21.102118],[-76.083811,21.110541],[-76.072662,21.112982],[-76.058258,21.109565],[-76.048085,21.103827],[-76.041005,21.096666],[-76.037221,21.087348],[-76.03718,21.074774],[-76.030914,21.074774],[-76.02892,21.079576],[-76.025746,21.08454],[-76.023549,21.089057],[-76.016713,21.073676],[-76.008168,21.070299],[-76.002187,21.07807],[-76.003041,21.095893],[-75.994618,21.09455],[-75.967885,21.09398],[-75.955312,21.095893],[-75.949045,21.099799],[-75.933461,21.112942],[-75.924875,21.115709],[-75.912424,21.11518],[-75.899892,21.112779],[-75.890248,21.107733],[-75.881947,21.090277],[-75.873525,21.088772],[-75.868276,21.093085],[-75.873362,21.102118],[-75.821767,21.136868],[-75.816274,21.135647],[-75.801259,21.129299],[-75.798207,21.126614],[-75.794016,21.119045],[-75.784291,21.118638],[-75.766835,21.123236],[-75.732289,21.123277],[-75.70401,21.118964],[-75.684316,21.103095],[-75.675364,21.06859],[-75.635894,21.076361],[-75.613149,21.062567],[-75.578481,21.013373],[-75.598948,20.972357],[-75.604848,20.965399],[-75.616038,20.956732],[-75.620107,20.951239],[-75.621938,20.94481],[-75.624176,20.929877],[-75.626332,20.923977],[-75.634877,20.912543],[-75.648752,20.8994],[-75.665151,20.890082],[-75.681549,20.890448],[-75.686513,20.900051],[-75.690256,20.915188],[-75.696401,20.924872],[-75.708852,20.917711],[-75.71703,20.922553],[-75.723622,20.923407],[-75.729482,20.921454],[-75.735504,20.917711],[-75.727366,20.916571],[-75.721425,20.914455],[-75.717519,20.910346],[-75.715688,20.90351],[-75.744008,20.901557],[-75.743398,20.88935],[-75.730458,20.872219],[-75.721832,20.855048],[-75.715688,20.855048],[-75.704498,20.870836],[-75.678131,20.878241],[-75.648183,20.879543],[-75.626332,20.876776],[-75.584869,20.856838],[-75.578481,20.851955],[-75.577382,20.83808],[-75.573313,20.827541],[-75.564931,20.821479],[-75.551137,20.821519],[-75.559071,20.797675],[-75.57315,20.797675],[-75.589101,20.807685],[-75.602691,20.814114],[-75.610178,20.816555],[-75.613433,20.822496],[-75.615712,20.829657],[-75.620107,20.835842],[-75.627431,20.841457],[-75.630605,20.843085],[-75.685374,20.83511],[-75.704742,20.828681],[-75.770253,20.835842],[-75.765004,20.824408],[-75.766347,20.811591],[-75.776479,20.787421],[-75.775706,20.781317],[-75.776601,20.768704],[-75.779368,20.756903],[-75.783925,20.746405],[-75.774648,20.737616],[-75.763051,20.71601],[-75.724517,20.695502],[-75.708852,20.690579],[-75.702016,20.701117],[-75.691029,20.722886],[-75.643178,20.760728],[-75.633127,20.780585],[-75.617299,20.768622],[-75.607737,20.75316],[-75.605702,20.735989],[-75.61262,20.718492],[-75.586822,20.721503],[-75.577504,20.718451],[-75.581899,20.707953],[-75.583567,20.698228],[-75.573313,20.691392],[-75.551137,20.684394],[-75.556711,20.706448],[-75.497792,20.693427],[-75.482249,20.711656],[-75.476064,20.711656],[-75.471262,20.706122],[-75.464711,20.700629],[-75.456858,20.695502],[-75.44811,20.691148],[-75.440663,20.711656],[-75.457183,20.717963],[-75.465932,20.719224],[-75.476064,20.718492],[-75.463612,20.734076],[-75.439687,20.740627],[-75.413564,20.741156],[-75.394154,20.738959],[-75.376576,20.732164],[-75.356028,20.719916],[-75.349233,20.708482],[-75.373036,20.70425],[-75.364329,20.691392],[-75.359364,20.677558],[-75.35261,20.677558],[-75.351389,20.681871],[-75.345774,20.691148],[-75.337229,20.669664],[-75.312815,20.66474],[-75.256337,20.670722],[-75.273752,20.681586],[-75.311594,20.699449],[-75.33141,20.70425],[-75.318715,20.717108],[-75.294301,20.723131],[-75.267974,20.723334],[-75.249501,20.718492],[-75.256337,20.725979],[-75.241038,20.724799],[-75.194325,20.715644],[-75.181956,20.709133],[-75.178578,20.702216],[-75.194895,20.697984],[-75.194895,20.691148],[-75.166982,20.684394],[-75.165151,20.686428],[-75.164866,20.687812],[-75.163971,20.689195],[-75.160756,20.691148],[-75.149078,20.683092],[-75.131825,20.687405],[-75.115346,20.686591],[-75.106109,20.663275],[-75.104115,20.668606],[-75.099599,20.67768],[-75.098704,20.684394],[-75.089426,20.67768],[-75.080393,20.673651],[-75.071929,20.673245],[-75.064565,20.677558],[-75.078765,20.691148],[-74.998362,20.700751],[-74.978871,20.694566],[-74.969228,20.689521],[-74.959096,20.687323],[-74.95108,20.68358],[-74.947865,20.67414],[-74.940745,20.668402],[-74.924672,20.668036],[-74.900054,20.670722],[-74.883534,20.659491],[-74.869293,20.645941],[-74.850901,20.634589],[-74.77184,20.6258],[-74.75121,20.619574],[-74.735585,20.60928],[-74.745717,20.603949],[-74.749867,20.602444],[-74.735585,20.578559],[-74.734934,20.567613],[-74.732574,20.564846],[-74.728383,20.564439],[-74.721913,20.560858],[-74.715159,20.556057],[-74.709828,20.552232],[-74.673492,20.540961],[-74.669993,20.527655],[-74.650706,20.513088],[-74.605214,20.485745],[-74.597279,20.476793],[-74.586497,20.455797],[-74.554799,20.414455],[-74.547231,20.410061],[-74.543935,20.403551],[-74.494985,20.35517],[-74.485748,20.350816],[-74.472076,20.349189],[-74.450266,20.343085],[-74.423411,20.327582],[-74.401112,20.307278],[-74.392974,20.286526],[-74.385569,20.286526],[-74.372182,20.300523],[-74.351918,20.300442],[-74.329701,20.295233],[-74.310414,20.293931],[-74.293691,20.30093],[-74.276235,20.311225],[-74.257192,20.319648],[-74.235951,20.321234],[-74.223541,20.317369],[-74.213612,20.310981],[-74.193715,20.293931],[-74.159657,20.273424],[-74.147532,20.259182],[-74.139638,20.242336],[-74.135081,20.223822],[-74.132883,20.204576],[-74.141957,20.182603],[-74.162913,20.170559],[-74.184071,20.162665],[-74.198069,20.148871],[-74.218332,20.137844],[-74.225087,20.135688],[-74.230295,20.130316],[-74.235951,20.094672],[-74.267405,20.068305],[-74.304514,20.069322],[-74.346588,20.079576],[-74.392974,20.081041],[-74.455922,20.068671],[-74.498362,20.065619],[-74.580477,20.047642],[-74.61865,20.05452],[-74.650184,20.042164],[-74.713124,20.051801],[-74.788425,20.039467],[-74.812978,20.037258],[-74.838002,20.026435],[-74.855133,20.012763],[-74.870676,19.997016],[-74.887807,19.984076],[-74.910024,19.978664],[-74.933517,19.978219],[-74.947334,19.975949],[-74.955516,19.967813],[-74.961561,19.94701],[-74.977868,19.923035],[-75.010081,19.911566],[-75.045668,19.907601],[-75.051035,19.919372],[-75.058231,19.922966],[-75.063518,19.921605],[-75.066378,19.914368],[-75.066333,19.904862],[-75.09178,19.897133],[-75.095006,19.897226]]],[[[-78.333119,20.554633],[-78.32608,20.535102],[-78.328359,20.521308],[-78.338979,20.518012],[-78.357289,20.530422],[-78.368967,20.536526],[-78.38386,20.540595],[-78.396596,20.546454],[-78.409779,20.573635],[-78.427846,20.585639],[-78.46345,20.602444],[-78.449208,20.612942],[-78.433502,20.609524],[-78.418935,20.599107],[-78.408193,20.588772],[-78.393422,20.569973],[-78.384185,20.562161],[-78.367258,20.554633],[-78.364491,20.570217],[-78.355295,20.573432],[-78.343577,20.567328],[-78.333119,20.554633]]],[[[-78.436147,20.725979],[-78.449127,20.711615],[-78.495758,20.701239],[-78.51183,20.691148],[-78.527821,20.699286],[-78.5454,20.70425],[-78.533193,20.712795],[-78.498362,20.72016],[-78.483957,20.732164],[-78.478586,20.73017],[-78.478424,20.729193],[-78.476471,20.725979],[-78.465891,20.731187],[-78.4558,20.731757],[-78.436147,20.725979]]],[[[-78.826568,20.753241],[-78.807037,20.757229],[-78.785959,20.748969],[-78.750844,20.725979],[-78.768056,20.712226],[-78.792348,20.719916],[-78.814809,20.737454],[-78.826568,20.753241]]],[[[-75.517079,20.794257],[-75.508168,20.786566],[-75.493764,20.761054],[-75.485707,20.749823],[-75.482167,20.737779],[-75.500844,20.737942],[-75.534088,20.746405],[-75.551829,20.74901],[-75.567535,20.756781],[-75.577748,20.769517],[-75.578481,20.787421],[-75.529164,20.795803],[-75.517079,20.794257]]],[[[-78.925852,20.807847],[-78.876617,20.809231],[-78.858551,20.799547],[-78.847035,20.773139],[-78.854482,20.773139],[-78.87149,20.784857],[-78.94164,20.792629],[-78.964345,20.814114],[-78.952138,20.831366],[-78.94225,20.839586],[-78.932729,20.838935],[-78.92809,20.831122],[-78.926137,20.820746],[-78.925852,20.807847]]],[[[-79.025217,20.886664],[-79.013539,20.88227],[-78.98998,20.879625],[-78.971181,20.873521],[-78.973988,20.858791],[-78.982737,20.844631],[-78.988881,20.839057],[-78.991689,20.845445],[-78.995107,20.849189],[-79.01891,20.855048],[-79.069203,20.885972],[-79.079823,20.897284],[-79.067047,20.899156],[-79.048818,20.898017],[-79.032297,20.893744],[-79.025217,20.886664]]],[[[-79.073598,20.917711],[-79.078603,20.91828],[-79.094065,20.917711],[-79.091298,20.912095],[-79.087229,20.897284],[-79.11559,20.910834],[-79.134511,20.927069],[-79.169179,20.964911],[-79.169179,20.972357],[-79.151763,20.966051],[-79.138905,20.954657],[-79.127553,20.941718],[-79.114573,20.930813],[-79.127675,20.950873],[-79.14981,20.976793],[-79.175038,20.997016],[-79.197092,20.999701],[-79.197092,20.992255],[-79.193756,20.988715],[-79.19286,20.986762],[-79.192209,20.98428],[-79.189605,20.979193],[-79.200999,20.982408],[-79.210764,20.987779],[-79.218658,20.99551],[-79.224436,21.005845],[-79.182118,21.008002],[-79.137685,20.982652],[-79.098948,20.947008],[-79.073598,20.917711]]],[[[-79.388905,21.123236],[-79.35733,21.12759],[-79.331899,21.113186],[-79.292633,21.074774],[-79.308013,21.068793],[-79.324778,21.068305],[-79.340728,21.072903],[-79.354115,21.082221],[-79.347401,21.081692],[-79.326812,21.082221],[-79.331166,21.093004],[-79.338531,21.09984],[-79.346791,21.101264],[-79.354115,21.095893],[-79.380238,21.113837],[-79.388905,21.123236]]],[[[-81.372304,21.70539],[-81.376536,21.70307],[-81.417551,21.667914],[-81.496693,21.618476],[-81.527699,21.605862],[-81.560658,21.602973],[-81.56078,21.622382],[-81.551381,21.62759],[-81.523508,21.62344],[-81.512441,21.630845],[-81.503041,21.645697],[-81.49352,21.65705],[-81.482167,21.653876],[-81.469065,21.648179],[-81.454498,21.651801],[-81.442698,21.65998],[-81.437815,21.667873],[-81.431711,21.685004],[-81.417307,21.697211],[-81.385976,21.715969],[-81.377675,21.71894],[-81.371653,21.714748],[-81.369374,21.708564],[-81.372304,21.70539]]],[[[-82.568023,21.636542],[-82.575185,21.624701],[-82.567128,21.612006],[-82.552642,21.601386],[-82.540761,21.595526],[-82.550893,21.580268],[-82.571441,21.55976],[-82.594635,21.541815],[-82.612701,21.534084],[-82.631459,21.530748],[-82.759185,21.470608],[-82.835561,21.444729],[-82.906239,21.437486],[-82.918121,21.441596],[-82.927235,21.450995],[-82.992584,21.452135],[-83.002268,21.455024],[-83.02184,21.46308],[-83.033559,21.465806],[-83.069488,21.465155],[-83.078521,21.469224],[-83.111155,21.509752],[-83.123606,21.520453],[-83.151723,21.537909],[-83.162099,21.549262],[-83.171376,21.568264],[-83.178212,21.595526],[-83.189524,21.620266],[-83.191803,21.630316],[-83.185048,21.630316],[-83.17394,21.620103],[-83.123606,21.585639],[-83.117014,21.571723],[-83.101308,21.559801],[-83.082021,21.551459],[-83.065256,21.548407],[-83.023915,21.548407],[-83.020579,21.552476],[-82.992584,21.5751],[-82.976918,21.584866],[-82.969228,21.591254],[-82.965932,21.59927],[-82.962799,21.598293],[-82.957631,21.592353],[-82.956532,21.58218],[-82.965932,21.568264],[-82.959096,21.561998],[-82.941029,21.593085],[-82.946116,21.604641],[-82.975901,21.609198],[-82.98766,21.619778],[-83.073476,21.760565],[-83.085601,21.800279],[-83.075185,21.843166],[-83.032826,21.874335],[-83.027333,21.887274],[-83.018666,21.897691],[-82.998525,21.910956],[-82.975697,21.92182],[-82.959096,21.925116],[-82.970082,21.929999],[-82.981028,21.931952],[-82.992584,21.931952],[-83.004709,21.937649],[-83.005238,21.939602],[-82.998769,21.94184],[-82.989491,21.948432],[-82.858998,21.933661],[-82.777496,21.914862],[-82.721425,21.900092],[-82.703725,21.892808],[-82.690175,21.881822],[-82.684722,21.866156],[-82.688222,21.847642],[-82.693471,21.835435],[-82.692535,21.824042],[-82.677887,21.807807],[-82.632965,21.773627],[-82.619537,21.774319],[-82.609609,21.769599],[-82.602935,21.75849],[-82.59789,21.746039],[-82.5926,21.736762],[-82.592356,21.729071],[-82.597727,21.717434],[-82.608998,21.698554],[-82.616444,21.698554],[-82.611073,21.690131],[-82.609527,21.681586],[-82.61144,21.672919],[-82.616444,21.664455],[-82.593861,21.651068],[-82.581899,21.645738],[-82.568023,21.643948],[-82.568023,21.636542]]],[[[-77.634185,22.054267],[-77.626576,22.04206],[-77.624379,22.029731],[-77.627065,22.016181],[-77.648671,21.971137],[-77.645579,21.961493],[-77.634185,21.945014],[-77.649648,21.944485],[-77.661529,21.940131],[-77.682607,21.925116],[-77.677887,21.94302],[-77.684316,21.951158],[-77.695058,21.948065],[-77.703114,21.931952],[-77.700429,21.92886],[-77.696156,21.922268],[-77.695424,21.915188],[-77.703114,21.910834],[-77.708892,21.912177],[-77.712636,21.916938],[-77.715891,21.923041],[-77.728179,21.938788],[-77.732981,21.948188],[-77.739125,21.957221],[-77.751536,21.966132],[-77.765777,21.959784],[-77.787262,21.964057],[-77.808665,21.973578],[-77.822581,21.98314],[-77.825103,21.991848],[-77.821156,22.002427],[-77.815297,22.013617],[-77.812367,22.024115],[-77.817128,22.031317],[-77.827952,22.036119],[-77.847076,22.041205],[-77.84203,22.03262],[-77.840077,22.023993],[-77.841664,22.015367],[-77.847076,22.007025],[-77.853912,22.027533],[-77.860097,22.027533],[-77.870229,22.013251],[-77.886586,22.009223],[-77.901845,22.015204],[-77.908559,22.031236],[-77.917226,22.043158],[-77.934478,22.056138],[-77.947133,22.072821],[-77.942047,22.095852],[-77.949452,22.102607],[-77.930165,22.102118],[-77.916249,22.093817],[-77.903635,22.083238],[-77.888051,22.075995],[-77.871693,22.075629],[-77.860422,22.080959],[-77.850819,22.08869],[-77.83967,22.095852],[-77.822499,22.100531],[-77.808502,22.099555],[-77.796376,22.095038],[-77.785024,22.089016],[-77.781239,22.084784],[-77.771962,22.071357],[-77.76769,22.068508],[-77.759104,22.070624],[-77.7447,22.080024],[-77.737213,22.08218],[-77.726308,22.077623],[-77.694203,22.05801],[-77.682607,22.054267],[-77.669667,22.060858],[-77.661448,22.069322],[-77.651723,22.070258],[-77.634185,22.054267]]],[[[-77.847076,22.260321],[-77.839589,22.273749],[-77.850697,22.288804],[-77.868479,22.301744],[-77.880686,22.308743],[-77.856109,22.312445],[-77.834218,22.295885],[-77.81843,22.271145],[-77.805735,22.228217],[-77.790151,22.211493],[-77.772043,22.196112],[-77.757721,22.178371],[-77.781728,22.177802],[-77.807118,22.202582],[-77.847076,22.260321]]],[[[-77.997304,22.147366],[-78.00414,22.162258],[-78.036041,22.183417],[-78.045725,22.198879],[-78.029449,22.204535],[-78.016469,22.217434],[-78.007924,22.233832],[-78.00475,22.250067],[-78.003326,22.286363],[-78.006825,22.297675],[-78.017812,22.314887],[-78.002675,22.31269],[-77.987172,22.307807],[-77.974924,22.298896],[-77.96996,22.284817],[-77.975657,22.275621],[-77.98648,22.26557],[-77.993398,22.253119],[-77.987416,22.236721],[-77.978627,22.233222],[-77.953969,22.236518],[-77.942047,22.232978],[-77.935129,22.224026],[-77.930572,22.213853],[-77.923411,22.206366],[-77.908559,22.205024],[-77.92162,22.21247],[-77.917633,22.218817],[-77.913197,22.224311],[-77.90807,22.228949],[-77.902333,22.232978],[-77.894846,22.220852],[-77.884877,22.214789],[-77.875071,22.216295],[-77.867584,22.226752],[-77.859609,22.209621],[-77.870473,22.202216],[-77.888661,22.198432],[-77.902333,22.192043],[-77.890777,22.189154],[-77.882192,22.183295],[-77.874908,22.176703],[-77.867584,22.171536],[-77.857004,22.168199],[-77.836415,22.164211],[-77.825999,22.157904],[-77.8485,22.116034],[-77.863433,22.099189],[-77.87442,22.109524],[-77.878977,22.107571],[-77.890492,22.104641],[-77.894887,22.102607],[-77.898101,22.110297],[-77.900746,22.114488],[-77.908559,22.123114],[-77.912831,22.143215],[-77.933949,22.150214],[-77.950754,22.142157],[-77.942047,22.116889],[-77.954945,22.12226],[-77.990102,22.141832],[-77.997304,22.147366]]],[[[-78.196523,22.329169],[-78.175364,22.34162],[-78.184885,22.358222],[-78.20519,22.367987],[-78.21642,22.359605],[-78.217681,22.350287],[-78.221547,22.339911],[-78.228139,22.333441],[-78.237457,22.336005],[-78.243723,22.346625],[-78.244211,22.359117],[-78.239613,22.366929],[-78.230702,22.363349],[-78.230458,22.380764],[-78.246327,22.400621],[-78.269765,22.410142],[-78.292144,22.396877],[-78.297231,22.402045],[-78.301747,22.403225],[-78.306549,22.403022],[-78.312611,22.404283],[-78.298736,22.420396],[-78.279042,22.425442],[-78.243723,22.42475],[-78.211578,22.436591],[-78.197621,22.437201],[-78.189687,22.42475],[-78.169749,22.435045],[-78.144195,22.428941],[-78.119049,22.413764],[-78.100331,22.396877],[-78.090728,22.384467],[-78.082021,22.369696],[-78.075551,22.354071],[-78.071645,22.320868],[-78.067047,22.310452],[-78.045725,22.288235],[-78.037221,22.288031],[-78.023346,22.283026],[-78.010976,22.281399],[-78.027659,22.266018],[-78.051584,22.272203],[-78.100331,22.301907],[-78.122141,22.305854],[-78.146311,22.305854],[-78.171539,22.310736],[-78.196523,22.329169]]],[[[-78.426178,22.462592],[-78.445668,22.454576],[-78.472768,22.451158],[-78.518056,22.452094],[-78.540842,22.458482],[-78.568227,22.476304],[-78.609527,22.483466],[-78.638417,22.492011],[-78.655995,22.503119],[-78.641591,22.514146],[-78.656972,22.529975],[-78.677358,22.515692],[-78.693593,22.507514],[-78.696197,22.541449],[-78.692535,22.538723],[-78.683176,22.534613],[-78.679758,22.554429],[-78.670644,22.556545],[-78.660024,22.551907],[-78.65217,22.551703],[-78.641265,22.553371],[-78.596913,22.544867],[-78.572581,22.530463],[-78.544423,22.528388],[-78.515981,22.530463],[-78.490793,22.528469],[-78.46642,22.529853],[-78.450551,22.541734],[-78.436838,22.555406],[-78.419057,22.561957],[-78.396352,22.559801],[-78.372385,22.553534],[-78.35204,22.543036],[-78.340566,22.528469],[-78.344228,22.529853],[-78.353586,22.534613],[-78.34911,22.521145],[-78.282216,22.457465],[-78.278472,22.448676],[-78.281484,22.438788],[-78.288686,22.43891],[-78.297678,22.443101],[-78.305776,22.445258],[-78.429921,22.418606],[-78.429921,22.42475],[-78.427805,22.427802],[-78.425282,22.430325],[-78.423329,22.434394],[-78.422475,22.442125],[-78.419545,22.445868],[-78.412953,22.44538],[-78.406077,22.444037],[-78.401967,22.445258],[-78.401112,22.454657],[-78.404612,22.464301],[-78.412831,22.468817],[-78.426178,22.462592]]],[[[-78.984202,22.637681],[-78.989858,22.651435],[-79.004506,22.656724],[-79.064443,22.660346],[-79.074615,22.664252],[-79.087229,22.67182],[-79.070383,22.674018],[-78.976552,22.668524],[-78.960846,22.660142],[-78.961171,22.649115],[-78.984202,22.637681]]],[[[-79.357533,22.637681],[-79.366363,22.63935],[-79.375559,22.643215],[-79.388905,22.651313],[-79.403798,22.663642],[-79.437367,22.698472],[-79.455393,22.692288],[-79.473744,22.694322],[-79.490834,22.702053],[-79.51358,22.718411],[-79.52009,22.720689],[-79.524037,22.725002],[-79.525461,22.736396],[-79.528879,22.740302],[-79.54483,22.75141],[-79.549672,22.75373],[-79.557973,22.760159],[-79.5631,22.774237],[-79.571767,22.788275],[-79.590647,22.794664],[-79.620351,22.783149],[-79.633656,22.78384],[-79.635325,22.802151],[-79.606923,22.810248],[-79.586537,22.811225],[-79.569976,22.804104],[-79.517974,22.749579],[-79.496327,22.73314],[-79.450266,22.719916],[-79.412913,22.691352],[-79.371978,22.676663],[-79.351918,22.657294],[-79.335601,22.63467],[-79.326812,22.616523],[-79.349477,22.635321],[-79.357533,22.637681]]],[[[-79.895375,22.959174],[-79.887115,22.959703],[-79.887847,22.946275],[-79.898549,22.936713],[-79.91983,22.949286],[-79.929351,22.946479],[-79.939809,22.932847],[-79.949696,22.928412],[-79.957428,22.95303],[-79.943023,22.961127],[-79.927235,22.966295],[-79.911,22.966376],[-79.895375,22.959174]]],[[[-80.320546,22.986518],[-80.271881,23.008694],[-80.249745,23.010932],[-80.231801,23.000149],[-80.236969,22.997301],[-80.246693,22.989447],[-80.251617,22.986518],[-80.242502,22.982571],[-80.236073,22.976752],[-80.232533,22.96894],[-80.231801,22.959174],[-80.332509,22.975328],[-80.347808,22.986518],[-80.341705,22.991034],[-80.335764,22.993354],[-80.328969,22.992255],[-80.320546,22.986518]]],[[[-80.197011,23.124254],[-80.190745,23.111396],[-80.17984,23.100246],[-80.166493,23.092475],[-80.152659,23.089545],[-80.136586,23.089016],[-80.131256,23.086982],[-80.134104,23.082831],[-80.142405,23.075873],[-80.162424,23.067328],[-80.182729,23.07095],[-80.224965,23.089545],[-80.222646,23.099758],[-80.217397,23.107123],[-80.210805,23.114447],[-80.204457,23.124254],[-80.197011,23.124254]]],[[[-80.828236,23.1789],[-80.82079,23.1789],[-80.811106,23.164293],[-80.804799,23.157538],[-80.80484,23.152899],[-80.814036,23.144761],[-80.830637,23.135647],[-80.8426,23.136664],[-80.853179,23.14175],[-80.865549,23.144761],[-80.897817,23.14175],[-80.92219,23.133857],[-80.971669,23.110663],[-80.960439,23.122138],[-80.89981,23.159166],[-80.881947,23.162787],[-80.862538,23.162177],[-80.841298,23.157782],[-80.845204,23.163235],[-80.850819,23.173651],[-80.85497,23.1789],[-80.848134,23.185126],[-80.843739,23.178209],[-80.828236,23.165229],[-80.828236,23.1789]]],[[[-80.491851,23.192572],[-80.48644,23.193793],[-80.4794,23.196357],[-80.473378,23.196031],[-80.470774,23.18887],[-80.473012,23.181545],[-80.478912,23.177436],[-80.486806,23.173896],[-80.495229,23.168362],[-80.505279,23.169745],[-80.522939,23.176744],[-80.54308,23.182196],[-80.56017,23.1789],[-80.564076,23.18476],[-80.568471,23.185126],[-80.580637,23.1789],[-80.576975,23.192572],[-80.570424,23.200914],[-80.559682,23.205064],[-80.543365,23.206244],[-80.539296,23.204332],[-80.531361,23.195461],[-80.52599,23.192572],[-80.517323,23.191799],[-80.491851,23.192572]]],[[[-78.581695,20.661607],[-78.578481,20.65766],[-78.578277,20.648424],[-78.585683,20.643622],[-78.593984,20.64289],[-78.600982,20.64525],[-78.606313,20.650214],[-78.611724,20.653632],[-78.613393,20.657945],[-78.609039,20.660712],[-78.604075,20.658352],[-78.579945,20.653998],[-78.580719,20.657375],[-78.581288,20.659003],[-78.581695,20.661607]]],[[[-78.651519,20.664944],[-78.643625,20.663275],[-78.62975,20.65884],[-78.631174,20.653144],[-78.646474,20.652289],[-78.656158,20.658515],[-78.654693,20.663804],[-78.651519,20.664944]]],[[[-81.981191,21.647773],[-81.973622,21.639879],[-81.972768,21.622219],[-81.989817,21.608832],[-82.029449,21.59516],[-82.058583,21.581448],[-82.065297,21.579739],[-82.070465,21.576483],[-82.07433,21.572211],[-82.088368,21.568183],[-82.110015,21.56745],[-82.114247,21.570299],[-82.102162,21.574449],[-82.082183,21.590033],[-82.071197,21.592963],[-82.061838,21.598375],[-82.054514,21.606147],[-82.048329,21.610663],[-82.019765,21.621039],[-82.007883,21.621527],[-81.996653,21.626614],[-81.98762,21.634833],[-81.98412,21.641913],[-81.9829,21.646308],[-81.981191,21.647773]]],[[[-81.852528,21.66356],[-81.839019,21.666205],[-81.837799,21.661078],[-81.852651,21.649888],[-81.870107,21.639472],[-81.901357,21.615627],[-81.918853,21.615465],[-81.932362,21.628485],[-81.935699,21.641913],[-81.932851,21.640204],[-81.92219,21.62934],[-81.905629,21.631008],[-81.892201,21.641059],[-81.888173,21.64704],[-81.892079,21.647406],[-81.88915,21.649359],[-81.859202,21.661566],[-81.852528,21.66356]]],[[[-82.645172,21.954535],[-82.607737,21.938707],[-82.591176,21.926663],[-82.602895,21.921942],[-82.630116,21.920722],[-82.657867,21.932074],[-82.66808,21.949123],[-82.645172,21.954535]]],[[[-83.552846,21.961371],[-83.550364,21.961493],[-83.545318,21.961249],[-83.550649,21.959418],[-83.570139,21.958808],[-83.5926,21.96011],[-83.607818,21.966498],[-83.597808,21.971747],[-83.568105,21.966213],[-83.552846,21.961371]]],[[[-81.556264,22.065985],[-81.549387,22.058417],[-81.547027,22.044582],[-81.554921,22.044013],[-81.565419,22.049872],[-81.575754,22.049058],[-81.581858,22.050605],[-81.586334,22.056789],[-81.588857,22.064358],[-81.588857,22.072699],[-81.582509,22.076606],[-81.571523,22.074123],[-81.561147,22.069159],[-81.556264,22.065985]]],[[[-78.73766,22.548407],[-78.735422,22.551256],[-78.728261,22.547919],[-78.728831,22.541653],[-78.736195,22.530585],[-78.738759,22.524319],[-78.756988,22.518541],[-78.765981,22.518785],[-78.767893,22.525214],[-78.768137,22.541653],[-78.762196,22.543524],[-78.74828,22.539781],[-78.738881,22.541002],[-78.73766,22.548407]]],[[[-82.514475,22.625149],[-82.510813,22.613186],[-82.507721,22.590074],[-82.51358,22.572455],[-82.518788,22.565741],[-82.522857,22.559312],[-82.527455,22.563463],[-82.525299,22.62637],[-82.527821,22.634752],[-82.52831,22.640041],[-82.524566,22.640855],[-82.519765,22.636664],[-82.51594,22.629136],[-82.514475,22.625149]]],[[[-79.224517,22.639716],[-79.215728,22.643012],[-79.176869,22.64468],[-79.189768,22.634508],[-79.20641,22.624416],[-79.213246,22.624416],[-79.213206,22.631049],[-79.21642,22.636623],[-79.224517,22.639716]]],[[[-79.680084,22.859442],[-79.666371,22.852118],[-79.660797,22.84516],[-79.66983,22.836249],[-79.685292,22.833686],[-79.692372,22.840155],[-79.692291,22.847154],[-79.69518,22.850491],[-79.699086,22.852484],[-79.704579,22.851752],[-79.711537,22.853461],[-79.730865,22.866116],[-79.739858,22.8758],[-79.738759,22.88581],[-79.726186,22.888983],[-79.728261,22.895331],[-79.727528,22.903957],[-79.722157,22.907213],[-79.715443,22.896145],[-79.718332,22.880032],[-79.711293,22.877834],[-79.692006,22.873928],[-79.685862,22.865302],[-79.680084,22.859442]]],[[[-79.826283,22.964667],[-79.818471,22.954332],[-79.817047,22.947252],[-79.82311,22.94245],[-79.835072,22.938951],[-79.842152,22.931789],[-79.837636,22.926174],[-79.82901,22.92475],[-79.827382,22.919135],[-79.83495,22.911811],[-79.846506,22.910346],[-79.858022,22.916938],[-79.864491,22.925971],[-79.86148,22.931952],[-79.855295,22.936713],[-79.852935,22.941636],[-79.861887,22.942939],[-79.871165,22.947699],[-79.861073,22.962592],[-79.838531,22.968085],[-79.826283,22.964667]]],[[[-80.061391,23.049791],[-80.057607,23.042426],[-80.053578,23.029202],[-80.056304,23.026679],[-80.06192,23.034247],[-80.066558,23.038886],[-80.070709,23.03856],[-80.077301,23.037299],[-80.085357,23.038316],[-80.091217,23.042873],[-80.094797,23.048326],[-80.094472,23.050686],[-80.091054,23.049994],[-80.089467,23.055487],[-80.087636,23.06745],[-80.076772,23.069892],[-80.064605,23.05801],[-80.061391,23.049791]]],[[[-80.2447,23.107489],[-80.242177,23.104315],[-80.238149,23.097642],[-80.23941,23.09101],[-80.244618,23.085273],[-80.250315,23.084866],[-80.257069,23.089301],[-80.26179,23.096177],[-80.265859,23.103746],[-80.273793,23.106269],[-80.288564,23.114081],[-80.29304,23.115871],[-80.294749,23.120429],[-80.296457,23.122626],[-80.302968,23.12641],[-80.305735,23.134508],[-80.29601,23.140448],[-80.288564,23.14175],[-80.281117,23.14232],[-80.27245,23.140041],[-80.272572,23.134467],[-80.265533,23.127427],[-80.250885,23.115302],[-80.2447,23.107489]]],[[[-80.401438,23.154608],[-80.390004,23.154486],[-80.376291,23.152167],[-80.378,23.147691],[-80.386098,23.145819],[-80.393951,23.14643],[-80.419667,23.143378],[-80.42927,23.136217],[-80.444407,23.130194],[-80.458079,23.126776],[-80.459788,23.128607],[-80.462229,23.135199],[-80.458404,23.137193],[-80.449452,23.136217],[-80.45108,23.145087],[-80.446116,23.150621],[-80.431793,23.152533],[-80.424469,23.152777],[-80.401438,23.154608]]],[[[-80.668528,23.212226],[-80.665883,23.209174],[-80.663645,23.201402],[-80.666127,23.194485],[-80.670522,23.19481],[-80.673695,23.194037],[-80.674672,23.186835],[-80.67984,23.185614],[-80.691314,23.18773],[-80.698842,23.183905],[-80.700836,23.177191],[-80.704254,23.180325],[-80.704945,23.193061],[-80.694895,23.203925],[-80.677602,23.210273],[-80.668528,23.212226]]],[[[-80.775014,23.20661],[-80.712473,23.199897],[-80.711008,23.197008],[-80.711903,23.190823],[-80.717763,23.188951],[-80.725168,23.192776],[-80.732289,23.193061],[-80.736806,23.186754],[-80.740834,23.184272],[-80.762074,23.193183],[-80.773834,23.196601],[-80.780751,23.197699],[-80.799224,23.195868],[-80.810048,23.196601],[-80.83849,23.206244],[-80.848256,23.208482],[-80.855621,23.217719],[-80.86144,23.220364],[-80.85733,23.225816],[-80.83788,23.223538],[-80.809926,23.213813],[-80.775014,23.20661]]],[[[-80.878774,23.250434],[-80.874135,23.248969],[-80.87092,23.240383],[-80.87857,23.232123],[-80.890126,23.233873],[-80.901235,23.237209],[-80.913157,23.238715],[-80.924469,23.243109],[-80.929433,23.250149],[-80.933746,23.254462],[-80.942698,23.25727],[-80.935862,23.263129],[-80.912994,23.26557],[-80.88561,23.250067],[-80.878774,23.250434]]]]}},{"type":"Feature","properties":{"shapeName":"Jamaica","shapeISO":"JAM"},"geometry":{"type":"MultiPolygon","coordinates":[[[[-76.263743,18.012356],[-76.256785,17.996324],[-76.248769,17.977851],[-76.234039,17.953925],[-76.21524,17.934963],[-76.187978,17.915473],[-76.198394,17.907416],[-76.250071,17.894965],[-76.286488,17.875881],[-76.307362,17.870103],[-76.325185,17.874498],[-76.318227,17.879299],[-76.315419,17.882717],[-76.311513,17.894965],[-76.329579,17.888658],[-76.345611,17.865871],[-76.363026,17.860826],[-76.378529,17.865058],[-76.396555,17.872992],[-76.414906,17.877509],[-76.444936,17.866767],[-76.523549,17.860256],[-76.57901,17.868313],[-76.587066,17.867987],[-76.594594,17.866604],[-76.602773,17.867621],[-76.613149,17.874498],[-76.617665,17.883531],[-76.6197,17.895087],[-76.622711,17.905015],[-76.630523,17.909247],[-76.63858,17.911607],[-76.643951,17.917222],[-76.64859,17.923896],[-76.654775,17.929145],[-76.684804,17.936021],[-76.692291,17.940009],[-76.707672,17.94595],[-76.728424,17.94477],[-76.764638,17.936591],[-76.7801,17.934801],[-76.832265,17.936591],[-76.832265,17.943427],[-76.722401,17.949612],[-76.729319,17.955959],[-76.734364,17.960598],[-76.747467,17.963446],[-76.777659,17.963853],[-76.798164,17.96342],[-76.819056,17.975273],[-76.836829,17.986359],[-76.849967,17.992276],[-76.853069,17.981968],[-76.857761,17.971398],[-76.870173,17.95805],[-76.874005,17.950349],[-76.887156,17.951856],[-76.891037,17.944502],[-76.894944,17.921681],[-76.912828,17.861287],[-76.926096,17.843329],[-76.942128,17.833564],[-76.955312,17.833441],[-76.964019,17.837226],[-76.972076,17.842434],[-76.983062,17.846584],[-77.038319,17.846584],[-77.038319,17.85399],[-77.017201,17.860826],[-77.027984,17.869818],[-77.041493,17.887152],[-77.051991,17.894965],[-77.064198,17.899482],[-77.093007,17.902493],[-77.119109,17.893803],[-77.141652,17.881134],[-77.158079,17.849875],[-77.161977,17.840766],[-77.154408,17.813056],[-77.161692,17.810289],[-77.174387,17.802924],[-77.181711,17.799994],[-77.179107,17.794745],[-77.177358,17.784613],[-77.174916,17.778266],[-77.185618,17.782904],[-77.19636,17.783393],[-77.206776,17.779853],[-77.216461,17.772121],[-77.198883,17.761786],[-77.180328,17.75788],[-77.160878,17.759426],[-77.140736,17.765286],[-77.130605,17.727688],[-77.133656,17.710435],[-77.158111,17.703192],[-77.178944,17.704169],[-77.197581,17.708197],[-77.216054,17.716702],[-77.302887,17.790839],[-77.320872,17.812445],[-77.395619,17.853949],[-77.417714,17.861721],[-77.441029,17.864651],[-77.459462,17.857408],[-77.480621,17.843736],[-77.50182,17.841946],[-77.545481,17.85399],[-77.588368,17.860989],[-77.723866,17.853583],[-77.730702,17.854804],[-77.751536,17.868313],[-77.786733,17.884955],[-77.795562,17.891547],[-77.799916,17.899115],[-77.810292,17.92475],[-77.812367,17.932847],[-77.816151,17.939195],[-77.834055,17.945299],[-77.83967,17.949612],[-77.841135,17.970608],[-77.839345,17.995836],[-77.84557,18.017035],[-77.871002,18.025946],[-77.940338,18.026516],[-77.956288,18.032172],[-77.97997,18.084459],[-77.987864,18.095364],[-77.996449,18.10102],[-78.006418,18.105862],[-78.014394,18.107856],[-78.020579,18.113105],[-78.02538,18.12519],[-78.031484,18.148871],[-78.050282,18.185126],[-78.075185,18.198432],[-78.148793,18.196682],[-78.193756,18.203925],[-78.210194,18.204088],[-78.219594,18.195868],[-78.227284,18.19184],[-78.234039,18.193183],[-78.258656,18.202623],[-78.261138,18.204088],[-78.275136,18.206244],[-78.305898,18.215644],[-78.32315,18.217719],[-78.340728,18.221869],[-78.357737,18.232733],[-78.370269,18.248114],[-78.374664,18.26557],[-78.36913,18.273871],[-78.354319,18.28384],[-78.34732,18.292222],[-78.34439,18.305365],[-78.345815,18.335517],[-78.343902,18.344062],[-78.336293,18.355902],[-78.335439,18.36343],[-78.331939,18.367377],[-78.316396,18.368598],[-78.30663,18.374661],[-78.298695,18.386379],[-78.288401,18.394355],[-78.271637,18.389065],[-78.261301,18.417385],[-78.230621,18.444241],[-78.194976,18.455471],[-78.16926,18.436835],[-78.154408,18.453518],[-78.138539,18.453843],[-78.119985,18.447333],[-78.097239,18.443061],[-78.032541,18.450629],[-78.010976,18.450507],[-78.000152,18.446682],[-77.992421,18.443996],[-77.981353,18.441352],[-77.96996,18.443061],[-77.959828,18.449897],[-77.958852,18.456448],[-77.959137,18.464097],[-77.952952,18.474433],[-77.930287,18.502021],[-77.919993,18.511176],[-77.902333,18.518785],[-77.861887,18.525092],[-77.81607,18.523424],[-77.735544,18.5067],[-77.66454,18.491929],[-77.56725,18.49018],[-77.524281,18.480211],[-77.454986,18.475328],[-77.428863,18.469224],[-77.408274,18.457343],[-77.376536,18.465155],[-77.325307,18.465033],[-77.272613,18.459377],[-77.236318,18.450507],[-77.231842,18.446031],[-77.228139,18.433661],[-77.223297,18.429389],[-77.217437,18.429348],[-77.212026,18.431789],[-77.208852,18.434963],[-77.209625,18.436835],[-77.164947,18.429389],[-77.159413,18.426215],[-77.142568,18.412095],[-77.137359,18.408922],[-77.104726,18.407864],[-77.070343,18.413357],[-77.051991,18.416327],[-77.040028,18.413479],[-77.019154,18.40412],[-77.007314,18.402086],[-76.94815,18.404486],[-76.936615,18.410295],[-76.920338,18.412195],[-76.907118,18.411205],[-76.894919,18.409251],[-76.887827,18.400552],[-76.890916,18.389947],[-76.890948,18.376441],[-76.879783,18.366769],[-76.844211,18.345447],[-76.812754,18.32801],[-76.807622,18.318308],[-76.798329,18.29206],[-76.792388,18.283393],[-76.782826,18.277818],[-76.764638,18.273017],[-76.71288,18.269192],[-76.695709,18.26557],[-76.68102,18.258124],[-76.661977,18.239814],[-76.647328,18.23078],[-76.63036,18.225735],[-76.597158,18.227748],[-76.57977,18.21603],[-76.574208,18.214667],[-76.569203,18.21011],[-76.563059,18.205959],[-76.554799,18.204088],[-76.479726,18.204088],[-76.474477,18.201077],[-76.466624,18.186754],[-76.463002,18.182359],[-76.389394,18.169176],[-76.351145,18.155992],[-76.346262,18.135199],[-76.31786,18.10928],[-76.295806,18.079169],[-76.263743,18.012356]]]]}},{"type":"Feature","properties":{"shapeName":"Haiti","shapeISO":"HTI"},"geometry":{"type":"MultiPolygon","coordinates":[[[[-71.757436,19.71011],[-71.748613,19.682598],[-71.745048,19.664899],[-71.746041,19.649017],[-71.747683,19.622783],[-71.743084,19.600071],[-71.715127,19.537465],[-71.70319,19.459278],[-71.703861,19.41463],[-71.715282,19.39166],[-71.720811,19.38595],[-71.733472,19.355461],[-71.742981,19.348381],[-71.769956,19.333808],[-71.776519,19.327504],[-71.771558,19.307556],[-71.753729,19.283785],[-71.749517,19.279708],[-71.716522,19.247767],[-71.651733,19.217924],[-71.639111,19.21211],[-71.643658,19.152475],[-71.648774,19.135293],[-71.661383,19.117594],[-71.695283,19.094546],[-71.710424,19.081653],[-71.740345,19.041888],[-71.783702,18.996309],[-71.796827,18.98861],[-71.848142,18.975484],[-71.865402,18.964425],[-71.862456,18.947088],[-71.844525,18.949749],[-71.819668,18.95781],[-71.796259,18.957061],[-71.787112,18.950033],[-71.772953,18.921714],[-71.763806,18.911508],[-71.740913,18.891613],[-71.733472,18.882569],[-71.727943,18.864069],[-71.726909,18.823529],[-71.718848,18.784229],[-71.720346,18.765445],[-71.725255,18.746971],[-71.732077,18.730072],[-71.744066,18.711443],[-71.75807,18.700513],[-71.784898,18.68473],[-71.791779,18.680682],[-71.794347,18.679171],[-71.807989,18.66465],[-71.828557,18.631293],[-71.841579,18.617986],[-71.880285,18.605403],[-71.955474,18.618606],[-71.992629,18.611139],[-72.009838,18.598814],[-72.000949,18.582459],[-71.910516,18.494273],[-71.904056,18.48479],[-71.901575,18.469778],[-71.906898,18.4643],[-71.914391,18.460218],[-71.918164,18.449237],[-71.912169,18.430737],[-71.897183,18.422882],[-71.858167,18.413554],[-71.849744,18.406449],[-71.834551,18.38508],[-71.826438,18.376166],[-71.788714,18.352214],[-71.734971,18.332939],[-71.720708,18.323973],[-71.71151,18.316144],[-71.709339,18.31325],[-71.721112,18.293974],[-71.721709,18.292996],[-71.766132,18.220258],[-71.774038,18.201474],[-71.776829,18.181785],[-71.77533,18.172329],[-71.764581,18.143674],[-71.762204,18.132486],[-71.762876,18.115846],[-71.760654,18.086804],[-71.764271,18.069492],[-71.776235,18.039252],[-71.792592,18.049872],[-71.862457,18.136542],[-71.892974,18.162787],[-71.92809,18.183783],[-72.006744,18.209459],[-72.039296,18.225653],[-72.071767,18.237535],[-72.110707,18.237616],[-72.190541,18.22484],[-72.294545,18.225775],[-72.440297,18.223944],[-72.518788,18.210354],[-72.538889,18.220445],[-72.550933,18.224758],[-72.556304,18.220852],[-72.54955,18.182359],[-72.55899,18.172553],[-72.570668,18.172309],[-72.597971,18.182359],[-72.613271,18.185004],[-72.730865,18.174709],[-72.754994,18.176174],[-72.753,18.171576],[-72.750111,18.160305],[-72.748158,18.155707],[-72.76301,18.156724],[-72.768951,18.158271],[-72.776031,18.163153],[-72.8037,18.146145],[-72.858876,18.151313],[-72.885894,18.141425],[-72.91218,18.155911],[-72.947499,18.169094],[-72.985341,18.178656],[-73.09081,18.189846],[-73.117258,18.188625],[-73.125559,18.189846],[-73.154652,18.207506],[-73.163401,18.210354],[-73.296213,18.23078],[-73.355865,18.224921],[-73.365102,18.227362],[-73.359853,18.240383],[-73.346588,18.245347],[-73.310455,18.245063],[-73.310455,18.251288],[-73.377268,18.258124],[-73.458241,18.257514],[-73.481801,18.251288],[-73.513987,18.23314],[-73.526194,18.23078],[-73.534169,18.234768],[-73.542795,18.253119],[-73.55012,18.258734],[-73.563466,18.251044],[-73.570709,18.231513],[-73.578114,18.216864],[-73.591664,18.223944],[-73.59789,18.223944],[-73.60969,18.216783],[-73.619618,18.22191],[-73.624013,18.234849],[-73.619008,18.251288],[-73.633209,18.24726],[-73.645619,18.221096],[-73.659983,18.210354],[-73.659291,18.223822],[-73.655995,18.235826],[-73.646311,18.258734],[-73.654164,18.252672],[-73.665435,18.238511],[-73.673573,18.23078],[-73.674387,18.233222],[-73.680247,18.235419],[-73.690989,18.237616],[-73.694569,18.235907],[-73.694163,18.23192],[-73.692983,18.227444],[-73.694081,18.223944],[-73.737782,18.190741],[-73.809316,18.159166],[-73.827463,18.142035],[-73.844879,18.114691],[-73.802805,18.071926],[-73.796498,18.056342],[-73.791412,18.036689],[-73.793813,18.028998],[-73.807037,18.025946],[-73.87328,18.02619],[-73.882965,18.027737],[-73.89269,18.032172],[-73.899973,18.03913],[-73.903798,18.05386],[-73.967763,18.141425],[-73.970937,18.143704],[-73.978505,18.146877],[-73.982045,18.148871],[-73.985585,18.152655],[-73.986399,18.155707],[-73.986887,18.158881],[-73.989573,18.163153],[-74.008209,18.179755],[-74.105051,18.247626],[-74.122426,18.255683],[-74.152943,18.260565],[-74.165761,18.265611],[-74.176666,18.273179],[-74.181304,18.28262],[-74.18342,18.29328],[-74.189076,18.296536],[-74.197581,18.297065],[-74.207997,18.299709],[-74.233795,18.309272],[-74.242177,18.313951],[-74.248931,18.306545],[-74.267812,18.312974],[-74.287831,18.304918],[-74.308949,18.292467],[-74.330922,18.286038],[-74.349355,18.2897],[-74.372182,18.298489],[-74.391591,18.308783],[-74.39977,18.317084],[-74.408315,18.328274],[-74.445912,18.346381],[-74.454416,18.364814],[-74.456654,18.384345],[-74.463206,18.398179],[-74.489166,18.429389],[-74.454416,18.477769],[-74.457428,18.481757],[-74.461822,18.491441],[-74.443512,18.503811],[-74.431752,18.550116],[-74.41686,18.56037],[-74.414133,18.565579],[-74.415842,18.577297],[-74.419789,18.58983],[-74.423695,18.597602],[-74.426259,18.608222],[-74.418528,18.617499],[-74.384633,18.636298],[-74.340199,18.653388],[-74.321278,18.656562],[-74.298207,18.65119],[-74.287994,18.651516],[-74.283762,18.659654],[-74.278798,18.666571],[-74.26769,18.669623],[-74.25593,18.670315],[-74.199778,18.667304],[-74.159983,18.659166],[-74.029124,18.603746],[-73.971547,18.601304],[-73.969472,18.599799],[-73.962961,18.592841],[-73.961578,18.590766],[-73.959299,18.582994],[-73.953725,18.583564],[-73.946767,18.586982],[-73.9405,18.587633],[-73.911448,18.573188],[-73.898549,18.568793],[-73.853586,18.567206],[-73.842926,18.565253],[-73.831207,18.56037],[-73.809682,18.542792],[-73.803334,18.539252],[-73.79304,18.53852],[-73.788075,18.541327],[-73.784739,18.544867],[-73.779408,18.546698],[-73.769439,18.545152],[-73.757069,18.539374],[-73.748118,18.539252],[-73.742014,18.541938],[-73.729237,18.55093],[-73.725087,18.552924],[-73.723866,18.555325],[-73.711171,18.570258],[-73.704457,18.573472],[-73.696523,18.573798],[-73.688303,18.573147],[-73.680409,18.573432],[-73.635081,18.585924],[-73.62206,18.587633],[-73.586415,18.579169],[-73.585846,18.561998],[-73.606109,18.549018],[-73.632639,18.552924],[-73.632639,18.546698],[-73.654205,18.553616],[-73.673451,18.556098],[-73.692779,18.554023],[-73.714589,18.546698],[-73.707997,18.542426],[-73.691396,18.534003],[-73.674916,18.530178],[-73.673818,18.524319],[-73.674224,18.516669],[-73.66983,18.508857],[-73.652211,18.50137],[-73.620432,18.505764],[-73.604726,18.498277],[-73.569651,18.518378],[-73.526682,18.523505],[-73.36852,18.511949],[-73.348297,18.507636],[-73.308461,18.488349],[-73.286244,18.484036],[-73.206125,18.486802],[-73.166982,18.483547],[-73.131703,18.471015],[-73.113149,18.460761],[-73.098012,18.455268],[-73.081166,18.454169],[-73.055938,18.458441],[-72.985585,18.470404],[-72.898997,18.450507],[-72.904164,18.434149],[-72.885081,18.43769],[-72.858306,18.446682],[-72.840647,18.446763],[-72.826039,18.440823],[-72.754994,18.429389],[-72.716461,18.43773],[-72.68932,18.459662],[-72.669342,18.490465],[-72.652577,18.52558],[-72.628285,18.554145],[-72.596547,18.560858],[-72.429758,18.546698],[-72.423695,18.548814],[-72.421132,18.553534],[-72.419504,18.558254],[-72.416086,18.56037],[-72.40982,18.559149],[-72.40689,18.556627],[-72.404937,18.554104],[-72.401763,18.552924],[-72.380971,18.530707],[-72.371409,18.52558],[-72.353831,18.530097],[-72.345693,18.546861],[-72.343414,18.570136],[-72.345082,18.631008],[-72.343414,18.642279],[-72.336415,18.655829],[-72.328684,18.663886],[-72.325063,18.671373],[-72.330434,18.683295],[-72.339426,18.689439],[-72.385081,18.710598],[-72.397369,18.712633],[-72.421702,18.713365],[-72.433461,18.716783],[-72.453725,18.733344],[-72.47175,18.754096],[-72.491078,18.7685],[-72.51537,18.765815],[-72.54955,18.785631],[-72.558095,18.794623],[-72.566518,18.813625],[-72.617787,18.88935],[-72.631947,18.903062],[-72.651967,18.918606],[-72.673004,18.931301],[-72.690094,18.93651],[-72.70873,18.945543],[-72.813547,19.052924],[-72.818349,19.078559],[-72.776031,19.094794],[-72.73766,19.097235],[-72.716461,19.103949],[-72.707183,19.118638],[-72.713124,19.137437],[-72.727691,19.147203],[-72.745839,19.153795],[-72.762441,19.163072],[-72.77302,19.175767],[-72.797027,19.21601],[-72.803375,19.23192],[-72.796539,19.236558],[-72.795766,19.238349],[-72.796864,19.240302],[-72.795969,19.245592],[-72.786204,19.254299],[-72.775217,19.27733],[-72.768625,19.286566],[-72.75768,19.291693],[-72.741811,19.294664],[-72.725697,19.295315],[-72.713979,19.293402],[-72.728342,19.32038],[-72.738678,19.325873],[-72.758697,19.327582],[-72.770579,19.336168],[-72.774485,19.355699],[-72.772939,19.376451],[-72.768625,19.388983],[-72.762318,19.382758],[-72.753977,19.377346],[-72.744374,19.374457],[-72.734486,19.375922],[-72.723459,19.38349],[-72.72289,19.390815],[-72.72643,19.399075],[-72.728098,19.422065],[-72.730621,19.426418],[-72.728342,19.425605],[-72.713979,19.423163],[-72.708974,19.420152],[-72.701975,19.414496],[-72.692372,19.409735],[-72.67984,19.409491],[-72.699127,19.445868],[-72.709218,19.451239],[-72.760894,19.454332],[-72.773997,19.463365],[-72.782786,19.476711],[-72.795969,19.492011],[-72.814768,19.504828],[-72.878489,19.532375],[-72.931549,19.563463],[-72.95051,19.567776],[-72.966908,19.575019],[-73.002187,19.603461],[-73.00886,19.604967],[-73.01887,19.600735],[-73.0808,19.622382],[-73.091054,19.623481],[-73.110748,19.628119],[-73.120798,19.629096],[-73.122141,19.629218],[-73.127187,19.626939],[-73.131825,19.622056],[-73.138417,19.617133],[-73.149078,19.614936],[-73.16393,19.618394],[-73.186025,19.627102],[-73.20759,19.638414],[-73.221099,19.649644],[-73.241282,19.631049],[-73.28425,19.625718],[-73.379547,19.630276],[-73.398427,19.634955],[-73.409495,19.635972],[-73.416575,19.640326],[-73.434234,19.659084],[-73.443959,19.663316],[-73.457834,19.672187],[-73.463368,19.692125],[-73.46524,19.71308],[-73.468129,19.724799],[-73.432444,19.778957],[-73.427154,19.790269],[-73.417348,19.790513],[-73.365102,19.813544],[-73.365102,19.82099],[-73.420318,19.82099],[-73.404164,19.832506],[-73.385121,19.834418],[-73.364735,19.832831],[-73.344594,19.834052],[-73.222768,19.886949],[-73.187123,19.911444],[-73.167104,19.93769],[-73.155141,19.923977],[-73.143707,19.920315],[-73.115305,19.923407],[-73.100697,19.921373],[-73.07433,19.91234],[-73.060374,19.910346],[-73.048451,19.91059],[-73.041819,19.911526],[-73.02184,19.916571],[-73.007069,19.918402],[-72.99177,19.917182],[-72.977895,19.912299],[-72.967275,19.902899],[-72.960113,19.918402],[-72.941274,19.928046],[-72.918324,19.930162],[-72.898997,19.923407],[-72.872304,19.933783],[-72.840443,19.941636],[-72.807118,19.945624],[-72.776031,19.943915],[-72.67398,19.921373],[-72.648834,19.906643],[-72.628041,19.897284],[-72.568715,19.879869],[-72.565175,19.875718],[-72.544342,19.851264],[-72.517568,19.834133],[-72.489735,19.824652],[-72.474436,19.834052],[-72.456207,19.824856],[-72.425933,19.813788],[-72.397572,19.806952],[-72.385081,19.810452],[-72.378733,19.794664],[-72.330434,19.752102],[-72.330434,19.745836],[-72.335194,19.74787],[-72.350901,19.752102],[-72.338246,19.722968],[-72.333852,19.718573],[-72.316151,19.71483],[-72.312408,19.716132],[-72.316151,19.724799],[-72.30309,19.739081],[-72.306386,19.739244],[-72.312896,19.738756],[-72.316151,19.739081],[-72.315907,19.740302],[-72.313832,19.744534],[-72.311391,19.747789],[-72.309926,19.745836],[-72.309926,19.752102],[-72.312245,19.755194],[-72.316151,19.765692],[-72.309926,19.765692],[-72.295074,19.758043],[-72.274648,19.756252],[-72.256418,19.761868],[-72.248443,19.776597],[-72.238393,19.786444],[-72.218658,19.786933],[-72.20523,19.77619],[-72.213735,19.752102],[-72.196767,19.742499],[-72.180409,19.740871],[-72.140859,19.747463],[-72.137441,19.747219],[-72.131825,19.745836],[-72.124908,19.741441],[-72.110504,19.727688],[-72.100819,19.724799],[-72.066314,19.724799],[-72.058217,19.722642],[-72.053782,19.717963],[-72.050608,19.713284],[-72.041249,19.70897],[-72.027659,19.699612],[-72.018544,19.697455],[-72.010813,19.700873],[-72.005727,19.708319],[-71.999338,19.715562],[-71.987864,19.718573],[-71.968861,19.732327],[-71.9405,19.732123],[-71.891591,19.718573],[-71.864735,19.715074],[-71.857574,19.710028],[-71.863637,19.697455],[-71.872304,19.692125],[-71.884185,19.690253],[-71.912099,19.690619],[-71.901601,19.672309],[-71.884267,19.670396],[-71.865468,19.67536],[-71.850657,19.677639],[-71.83259,19.663275],[-71.821441,19.656684],[-71.816518,19.659857],[-71.811147,19.67357],[-71.813303,19.680732],[-71.835357,19.686184],[-71.842437,19.692328],[-71.846018,19.701117],[-71.84439,19.711127],[-71.836741,19.717353],[-71.825307,19.71662],[-71.799428,19.711127],[-71.757436,19.71011]]],[[[-73.628896,18.094224],[-73.61205,18.093248],[-73.592275,18.089342],[-73.577992,18.081122],[-73.577992,18.066962],[-73.590443,18.059394],[-73.610829,18.057563],[-73.649729,18.059475],[-73.667226,18.063137],[-73.682525,18.072008],[-73.707672,18.094224],[-73.704457,18.104193],[-73.699941,18.108303],[-73.694244,18.106879],[-73.687856,18.100491],[-73.676381,18.1081],[-73.670888,18.105373],[-73.6669,18.098578],[-73.659983,18.094224],[-73.628896,18.094224]]],[[[-73.796498,18.628648],[-73.772694,18.63935],[-73.73998,18.636868],[-73.714955,18.623481],[-73.714589,18.601304],[-73.73762,18.588202],[-73.769521,18.588365],[-73.794423,18.601874],[-73.796498,18.628648]]],[[[-72.850575,20.088528],[-72.821685,20.089789],[-72.802398,20.087226],[-72.785146,20.080024],[-72.762441,20.067369],[-72.667795,20.032294],[-72.627553,20.008246],[-72.638905,19.984849],[-72.655141,19.9914],[-72.739858,20.002427],[-72.779164,20.016995],[-72.827748,20.02733],[-72.844309,20.034491],[-72.855784,20.032416],[-72.867665,20.028225],[-72.878489,20.026435],[-72.899403,20.030422],[-72.923899,20.038153],[-72.946116,20.048774],[-72.960357,20.061225],[-72.955963,20.061184],[-72.953196,20.062486],[-72.947377,20.067369],[-72.901112,20.082017],[-72.850575,20.088528]]],[[[-73.258656,18.878485],[-73.277333,18.891099],[-73.282582,18.895494],[-73.289906,18.904202],[-73.296539,18.914496],[-73.299631,18.925523],[-73.296213,18.93651],[-73.283844,18.949693],[-73.266347,18.960842],[-73.245961,18.968411],[-73.224477,18.971259],[-73.200795,18.968695],[-73.06192,18.913316],[-72.993398,18.892035],[-72.917226,18.855455],[-72.846099,18.827094],[-72.817047,18.793118],[-72.809478,18.77147],[-72.805898,18.745673],[-72.808746,18.720404],[-72.820465,18.70067],[-72.831125,18.696438],[-72.838206,18.702582],[-72.847157,18.720526],[-72.855702,18.727688],[-72.863352,18.729641],[-72.885894,18.731024],[-72.975006,18.749905],[-73.005442,18.752143],[-73.037424,18.759589],[-73.125559,18.813625],[-73.214589,18.836615],[-73.238515,18.851508],[-73.258656,18.878485]]]]}},{"type":"Feature","properties":{"shapeName":"Dominican Republic","shapeISO":"DOM"},"geometry":{"type":"MultiPolygon","coordinates":[[[[-71.757436,19.71011],[-71.738271,19.706122],[-71.720326,19.697455],[-71.72411,19.71719],[-71.741851,19.755805],[-71.740793,19.765692],[-71.740793,19.773179],[-71.767649,19.774482],[-71.771067,19.785142],[-71.760243,19.80093],[-71.744496,19.817206],[-71.73998,19.820258],[-71.734853,19.821275],[-71.723704,19.82099],[-71.716908,19.823635],[-71.7058,19.836493],[-71.699818,19.841498],[-71.687896,19.846015],[-71.679026,19.84809],[-71.670277,19.851996],[-71.658803,19.861965],[-71.665639,19.874498],[-71.666737,19.885688],[-71.661448,19.893622],[-71.64859,19.896715],[-71.640859,19.895575],[-71.628896,19.890448],[-71.621246,19.889309],[-71.617909,19.891425],[-71.610951,19.900824],[-71.60733,19.902899],[-71.504628,19.910346],[-71.478505,19.906887],[-71.452707,19.898098],[-71.357249,19.851264],[-71.329213,19.845893],[-71.302602,19.855699],[-71.28246,19.841783],[-71.268056,19.835517],[-71.223744,19.834052],[-71.212066,19.837104],[-71.20934,19.844794],[-71.208811,19.854967],[-71.203521,19.865383],[-71.191762,19.869696],[-71.183339,19.860419],[-71.172231,19.834052],[-71.164418,19.838609],[-71.158518,19.843492],[-71.154408,19.849107],[-71.151723,19.855699],[-71.160227,19.858222],[-71.162017,19.859442],[-71.16218,19.862047],[-71.165395,19.868801],[-71.149729,19.863023],[-71.136586,19.863715],[-71.123199,19.866889],[-71.107045,19.868801],[-71.096791,19.876207],[-71.078277,19.909125],[-71.06607,19.916571],[-71.050852,19.920233],[-71.018422,19.935492],[-71.000885,19.93769],[-70.984731,19.933743],[-70.96935,19.925198],[-70.961049,19.912665],[-70.966176,19.896715],[-70.946889,19.889309],[-70.939443,19.889309],[-70.944447,19.904731],[-70.946889,19.910346],[-70.898508,19.902899],[-70.884267,19.904283],[-70.854726,19.910834],[-70.843251,19.910346],[-70.830963,19.902533],[-70.786977,19.852851],[-70.783315,19.843329],[-70.788645,19.834052],[-70.750966,19.833808],[-70.736562,19.827094],[-70.698476,19.79682],[-70.662221,19.779364],[-70.623687,19.766547],[-70.579091,19.760199],[-70.518707,19.759752],[-70.513661,19.762641],[-70.508534,19.769355],[-70.496449,19.777248],[-70.482777,19.783881],[-70.472727,19.786851],[-70.433705,19.775214],[-70.372711,19.714179],[-70.336171,19.677639],[-70.319569,19.666449],[-70.30134,19.65766],[-70.280832,19.651801],[-70.235219,19.647203],[-70.198557,19.63467],[-70.131418,19.622138],[-70.116444,19.622382],[-70.106435,19.625922],[-70.097524,19.633205],[-70.061025,19.670111],[-70.042104,19.678453],[-69.986684,19.677639],[-69.959543,19.680121],[-69.947255,19.678656],[-69.932037,19.670152],[-69.897939,19.635972],[-69.887196,19.612738],[-69.887766,19.587348],[-69.904164,19.532375],[-69.884145,19.5244],[-69.876536,19.506659],[-69.87682,19.461005],[-69.874379,19.441148],[-69.867991,19.425279],[-69.801381,19.330878],[-69.771474,19.303249],[-69.76769,19.29975],[-69.733469,19.286566],[-69.713206,19.28974],[-69.674387,19.30386],[-69.654368,19.307034],[-69.609364,19.308783],[-69.589426,19.312812],[-69.568959,19.320705],[-69.539418,19.339423],[-69.527984,19.341783],[-69.517649,19.339667],[-69.496449,19.329779],[-69.483306,19.327582],[-69.459096,19.333319],[-69.448598,19.334377],[-69.442779,19.334174],[-69.437367,19.332953],[-69.43342,19.329901],[-69.431793,19.324123],[-69.428619,19.319241],[-69.421702,19.321112],[-69.410715,19.327582],[-69.352691,19.305121],[-69.335601,19.293402],[-69.32429,19.31509],[-69.305898,19.331122],[-69.260487,19.354885],[-69.231272,19.363349],[-69.224355,19.351793],[-69.232086,19.327948],[-69.246816,19.299628],[-69.226877,19.29267],[-69.204335,19.292792],[-69.182444,19.298163],[-69.164296,19.307034],[-69.158355,19.285102],[-69.171376,19.26789],[-69.18932,19.252265],[-69.198394,19.235053],[-69.202707,19.216946],[-69.214345,19.200629],[-69.231801,19.188666],[-69.253651,19.183539],[-69.332143,19.197211],[-69.418121,19.190985],[-69.438385,19.196479],[-69.475453,19.214016],[-69.602935,19.22899],[-69.617299,19.225246],[-69.622792,19.211859],[-69.626047,19.164293],[-69.633534,19.123684],[-69.630442,19.108466],[-69.62088,19.101955],[-69.608469,19.093451],[-69.553293,19.101467],[-69.53425,19.094794],[-69.510487,19.102037],[-69.46345,19.084703],[-69.438629,19.087348],[-69.444732,19.092353],[-69.452748,19.09691],[-69.46231,19.100287],[-69.473378,19.10163],[-69.473378,19.108466],[-69.419993,19.111151],[-69.404449,19.108466],[-69.386708,19.096096],[-69.372955,19.065375],[-69.356068,19.053209],[-69.338979,19.048896],[-69.304596,19.044867],[-69.211741,19.020982],[-69.173248,19.011135],[-69.15746,19.012193],[-69.138661,19.022284],[-69.144887,19.029608],[-69.157338,19.036689],[-69.15746,19.046373],[-69.139516,19.051215],[-69.123891,19.037787],[-69.102854,19.005357],[-69.089263,18.99787],[-69.074127,18.993557],[-69.061187,18.988186],[-69.054433,18.977484],[-69.04247,18.986762],[-69.018056,18.997463],[-69.006581,19.005357],[-69.014231,19.013414],[-69.010569,19.015367],[-69.001576,19.015611],[-68.992991,19.018459],[-68.982533,19.028795],[-68.97936,19.032864],[-68.975413,19.033149],[-68.939565,19.031317],[-68.918609,19.027289],[-68.89981,19.020901],[-68.883127,19.012193],[-68.881215,19.009426],[-68.881174,19.005805],[-68.88036,19.002021],[-68.876291,18.998603],[-68.855824,18.991767],[-68.853993,18.992092],[-68.818227,18.984931],[-68.795888,18.984117],[-68.786855,18.981024],[-68.785146,18.979885],[-68.776967,18.974351],[-68.767812,18.969468],[-68.749989,18.968085],[-68.739735,18.964423],[-68.623525,18.861884],[-68.5808,18.812567],[-68.520497,18.768866],[-68.477284,18.74022],[-68.464996,18.735012],[-68.458567,18.731024],[-68.413401,18.689602],[-68.356191,18.656562],[-68.328603,18.616523],[-68.334055,18.577297],[-68.428049,18.44123],[-68.434682,18.435777],[-68.441274,18.429023],[-68.444325,18.419501],[-68.442494,18.384752],[-68.444325,18.374823],[-68.455678,18.357856],[-68.472157,18.34984],[-68.492828,18.34748],[-68.516591,18.34748],[-68.534901,18.353339],[-68.574534,18.37816],[-68.588938,18.38227],[-68.605458,18.371731],[-68.602854,18.355658],[-68.597524,18.336615],[-68.606028,18.317084],[-68.618316,18.301459],[-68.626088,18.283352],[-68.64151,18.225165],[-68.647084,18.21483],[-68.658437,18.210924],[-68.742991,18.204535],[-68.760243,18.210354],[-68.762522,18.246975],[-68.786855,18.295396],[-68.820139,18.342475],[-68.849599,18.374823],[-68.880971,18.395494],[-68.922515,18.412299],[-68.964345,18.417955],[-69.012563,18.399115],[-69.085439,18.395901],[-69.10436,18.399115],[-69.148183,18.413235],[-69.16804,18.416327],[-69.185292,18.421698],[-69.214223,18.445136],[-69.236318,18.450507],[-69.255605,18.446682],[-69.275217,18.440334],[-69.295033,18.439032],[-69.315094,18.450507],[-69.336008,18.432074],[-69.465932,18.422553],[-69.50475,18.408922],[-69.525258,18.408433],[-69.579986,18.444485],[-69.602122,18.455715],[-69.616811,18.457343],[-69.623158,18.447984],[-69.622629,18.436754],[-69.620839,18.425482],[-69.623606,18.416327],[-69.632558,18.41352],[-69.646596,18.41356],[-69.659495,18.41592],[-69.665151,18.419501],[-69.681956,18.446763],[-69.689931,18.454088],[-69.697377,18.456366],[-69.851471,18.47248],[-69.879384,18.471218],[-69.883656,18.471015],[-69.89981,18.466457],[-69.931223,18.451972],[-69.957102,18.435289],[-69.966908,18.430813],[-69.99352,18.422553],[-70.004018,18.417467],[-70.016591,18.411363],[-70.03893,18.392483],[-70.055776,18.367255],[-70.062408,18.337226],[-70.067698,18.329088],[-70.090688,18.317532],[-70.095937,18.310248],[-70.100006,18.299221],[-70.133778,18.269273],[-70.15807,18.242621],[-70.171783,18.231431],[-70.177887,18.234198],[-70.202138,18.233547],[-70.220774,18.230536],[-70.233144,18.223944],[-70.250803,18.23432],[-70.269602,18.238105],[-70.397572,18.237616],[-70.419057,18.231147],[-70.460194,18.20893],[-70.483551,18.204088],[-70.552846,18.20425],[-70.568918,18.210354],[-70.570302,18.21894],[-70.563059,18.225653],[-70.5537,18.231513],[-70.549062,18.237616],[-70.55191,18.24844],[-70.558705,18.254381],[-70.565745,18.258205],[-70.573313,18.268012],[-70.592437,18.279853],[-70.596791,18.28913],[-70.59435,18.299058],[-70.58845,18.303616],[-70.581654,18.307074],[-70.576405,18.313951],[-70.571767,18.334052],[-70.571156,18.35517],[-70.573883,18.373684],[-70.579457,18.385647],[-70.60143,18.411851],[-70.614654,18.420844],[-70.637807,18.429389],[-70.657541,18.433783],[-70.682485,18.435614],[-70.703847,18.430121],[-70.71288,18.412665],[-70.709462,18.39175],[-70.711985,18.383368],[-70.741689,18.355414],[-70.749867,18.350409],[-70.76065,18.34748],[-70.772328,18.347886],[-70.793121,18.354071],[-70.802317,18.354926],[-70.810048,18.352037],[-70.823964,18.342678],[-70.833323,18.340644],[-70.846018,18.34219],[-70.850453,18.339586],[-70.860341,18.330715],[-70.863108,18.326972],[-70.869374,18.314602],[-70.870595,18.310248],[-70.87328,18.306301],[-70.886708,18.302069],[-70.891672,18.299709],[-70.918284,18.269599],[-70.932485,18.261542],[-70.956207,18.258734],[-70.96581,18.262152],[-70.972035,18.27025],[-70.977284,18.28026],[-70.983795,18.28913],[-70.994252,18.296617],[-71.004872,18.301011],[-71.048248,18.310004],[-71.068349,18.31037],[-71.083974,18.304389],[-71.09024,18.28913],[-71.092356,18.280707],[-71.101226,18.266099],[-71.103342,18.25495],[-71.10143,18.242133],[-71.096547,18.235093],[-71.089915,18.228705],[-71.082834,18.217719],[-71.066518,18.163316],[-71.061269,18.153998],[-71.061106,18.142076],[-71.080556,18.113918],[-71.097157,18.073717],[-71.191803,17.941799],[-71.200103,17.919176],[-71.204254,17.911119],[-71.213735,17.904853],[-71.233632,17.894965],[-71.24592,17.885077],[-71.254709,17.875312],[-71.261545,17.863227],[-71.267812,17.846584],[-71.275217,17.849066],[-71.278066,17.850775],[-71.282094,17.85399],[-71.283599,17.846747],[-71.285146,17.844184],[-71.28893,17.84101],[-71.282094,17.84101],[-71.286122,17.832587],[-71.291331,17.826158],[-71.297719,17.821967],[-71.305653,17.820502],[-71.309316,17.816392],[-71.315826,17.796454],[-71.319651,17.789211],[-71.331858,17.772406],[-71.365549,17.678412],[-71.375885,17.660142],[-71.417226,17.604804],[-71.427235,17.60928],[-71.435862,17.617092],[-71.43635,17.621283],[-71.446116,17.62934],[-71.514882,17.737779],[-71.531606,17.755072],[-71.565256,17.767524],[-71.645131,17.75727],[-71.679311,17.765286],[-71.669667,17.772406],[-71.637766,17.804023],[-71.63093,17.816799],[-71.632395,17.838324],[-71.636586,17.853461],[-71.652008,17.881985],[-71.662831,17.897691],[-71.664947,17.903469],[-71.665639,17.915473],[-71.658803,17.953315],[-71.666249,17.970771],[-71.683827,17.99018],[-71.720326,18.01911],[-71.776235,18.039252],[-71.764271,18.069492],[-71.760654,18.086804],[-71.762876,18.115846],[-71.762204,18.132486],[-71.764581,18.143674],[-71.77533,18.172329],[-71.776829,18.181785],[-71.774038,18.201474],[-71.766132,18.220258],[-71.721709,18.292996],[-71.721112,18.293974],[-71.709339,18.31325],[-71.71151,18.316144],[-71.720708,18.323973],[-71.734971,18.332939],[-71.788714,18.352214],[-71.826438,18.376166],[-71.834551,18.38508],[-71.849744,18.406449],[-71.858167,18.413554],[-71.897183,18.422882],[-71.912169,18.430737],[-71.918164,18.449237],[-71.914391,18.460218],[-71.906898,18.4643],[-71.901575,18.469778],[-71.904056,18.48479],[-71.910516,18.494273],[-72.000949,18.582459],[-72.009838,18.598814],[-71.992629,18.611139],[-71.955474,18.618606],[-71.880285,18.605403],[-71.841579,18.617986],[-71.828557,18.631293],[-71.807989,18.66465],[-71.794347,18.679171],[-71.791779,18.680682],[-71.784898,18.68473],[-71.75807,18.700513],[-71.744066,18.711443],[-71.732077,18.730072],[-71.725255,18.746971],[-71.720346,18.765445],[-71.718848,18.784229],[-71.726909,18.823529],[-71.727943,18.864069],[-71.733472,18.882569],[-71.740913,18.891613],[-71.763806,18.911508],[-71.772953,18.921714],[-71.787112,18.950033],[-71.796259,18.957061],[-71.819668,18.95781],[-71.844525,18.949749],[-71.862456,18.947088],[-71.865402,18.964425],[-71.848142,18.975484],[-71.796827,18.98861],[-71.783702,18.996309],[-71.740345,19.041888],[-71.710424,19.081653],[-71.695283,19.094546],[-71.661383,19.117594],[-71.648774,19.135293],[-71.643658,19.152475],[-71.639111,19.21211],[-71.651733,19.217924],[-71.716522,19.247767],[-71.749517,19.279708],[-71.753729,19.283785],[-71.771558,19.307556],[-71.776519,19.327504],[-71.769956,19.333808],[-71.742981,19.348381],[-71.733472,19.355461],[-71.720811,19.38595],[-71.715282,19.39166],[-71.703861,19.41463],[-71.70319,19.459278],[-71.715127,19.537465],[-71.743084,19.600071],[-71.747683,19.622783],[-71.746041,19.649017],[-71.745048,19.664899],[-71.748613,19.682598],[-71.757436,19.71011]]],[[[-71.524485,17.545559],[-71.541168,17.554633],[-71.541371,17.576158],[-71.532216,17.601304],[-71.521067,17.621283],[-71.506947,17.613674],[-71.492584,17.603664],[-71.467112,17.580268],[-71.482533,17.575629],[-71.507395,17.551256],[-71.524485,17.545559]]],[[[-68.664052,18.169338],[-68.612375,18.170803],[-68.598785,18.166205],[-68.588694,18.153388],[-68.577504,18.133734],[-68.57018,18.115709],[-68.571848,18.107856],[-68.587026,18.11107],[-68.619293,18.125149],[-68.636098,18.128363],[-68.65392,18.126288],[-68.684885,18.116889],[-68.701894,18.114691],[-68.73705,18.123603],[-68.762074,18.145168],[-68.778188,18.172024],[-68.786936,18.196682],[-68.772084,18.200873],[-68.754547,18.197659],[-68.737172,18.189521],[-68.72232,18.179267],[-68.710764,18.17536],[-68.664052,18.169338]]]]}},{"type":"Feature","properties":{"shapeName":"Antigua and Barbuda","shapeISO":"ATG"},"geometry":{"type":"MultiPolygon","coordinates":[[[[-61.883616,17.049018],[-61.879221,17.060452],[-61.882802,17.070217],[-61.882436,17.078803],[-61.8662,17.086859],[-61.873362,17.089545],[-61.894154,17.100531],[-61.883127,17.1105],[-61.865387,17.117825],[-61.842356,17.124416],[-61.850453,17.137641],[-61.848785,17.149482],[-61.83967,17.159857],[-61.825266,17.168769],[-61.793365,17.164944],[-61.78067,17.147162],[-61.77302,17.126532],[-61.756418,17.114163],[-61.755442,17.123033],[-61.752756,17.128892],[-61.743316,17.141506],[-61.73762,17.132961],[-61.729848,17.127997],[-61.720082,17.12637],[-61.708608,17.127834],[-61.71349,17.122545],[-61.716298,17.118801],[-61.72053,17.116116],[-61.729644,17.114163],[-61.725087,17.09984],[-61.714833,17.093085],[-61.70165,17.093451],[-61.6881,17.100531],[-61.680653,17.100531],[-61.675526,17.095608],[-61.672109,17.090644],[-61.667592,17.079413],[-61.674387,17.079901],[-61.68814,17.078925],[-61.694936,17.079413],[-61.685658,17.068264],[-61.677073,17.062934],[-61.67219,17.057563],[-61.674428,17.045885],[-61.685699,17.028551],[-61.697011,17.027818],[-61.70995,17.034166],[-61.726226,17.038479],[-61.733998,17.034857],[-61.734364,17.025784],[-61.729644,17.001166],[-61.737131,16.989244],[-61.753529,16.996812],[-61.769765,17.010972],[-61.776845,17.018541],[-61.783599,17.016913],[-61.804067,17.00731],[-61.81786,17.00495],[-61.838694,17.004828],[-61.851715,17.007636],[-61.883656,17.026272],[-61.89037,17.035386],[-61.883616,17.049018]]],[[[-62.345589,16.93914],[-62.344605,16.940405],[-62.343059,16.940897],[-62.342918,16.938366],[-62.343059,16.935063],[-62.344464,16.932532],[-62.347065,16.93197],[-62.34826,16.933657],[-62.347276,16.937382],[-62.345589,16.93914]]],[[[-61.838938,17.593329],[-61.851796,17.586575],[-61.857289,17.600979],[-61.859364,17.641791],[-61.863922,17.660142],[-61.86974,17.675482],[-61.87385,17.691148],[-61.873036,17.710639],[-61.869374,17.707343],[-61.867828,17.704088],[-61.8662,17.696357],[-61.860097,17.684231],[-61.844228,17.665961],[-61.838938,17.655422],[-61.839223,17.641425],[-61.84317,17.629584],[-61.84317,17.620185],[-61.831451,17.613837],[-61.826487,17.632473],[-61.825022,17.657945],[-61.831207,17.680487],[-61.849192,17.690131],[-61.856435,17.701077],[-61.851674,17.720282],[-61.837799,17.727688],[-61.81786,17.703192],[-61.824574,17.699368],[-61.831451,17.696357],[-61.818227,17.69184],[-61.797271,17.698798],[-61.784291,17.696357],[-61.768178,17.684638],[-61.754262,17.668769],[-61.743276,17.651353],[-61.735911,17.634914],[-61.728749,17.604967],[-61.727773,17.588446],[-61.729644,17.572821],[-61.736399,17.554023],[-61.743276,17.550605],[-61.75357,17.5515],[-61.77066,17.545559],[-61.776967,17.563422],[-61.794749,17.576117],[-61.838938,17.593329]]]]}},{"type":"Feature","properties":{"shapeName":"Saint Kitts and Nevis","shapeISO":"KNA"},"geometry":{"type":"MultiPolygon","coordinates":[[[[-62.599233,17.202948],[-62.57844,17.202541],[-62.560374,17.196723],[-62.546498,17.183783],[-62.538442,17.161933],[-62.537262,17.152899],[-62.536773,17.129706],[-62.538442,17.120998],[-62.543568,17.108873],[-62.547597,17.104641],[-62.565745,17.100531],[-62.612172,17.104153],[-62.626373,17.140692],[-62.618642,17.182807],[-62.599233,17.202948]]],[[[-62.650461,17.265611],[-62.63683,17.258205],[-62.624827,17.241848],[-62.624745,17.225287],[-62.647043,17.21719],[-62.659739,17.225491],[-62.670481,17.26317],[-62.690297,17.27497],[-62.703359,17.28913],[-62.712554,17.292304],[-62.744049,17.290595],[-62.756947,17.292304],[-62.788726,17.304674],[-62.831614,17.330146],[-62.861073,17.362291],[-62.853139,17.394721],[-62.849233,17.398139],[-62.846547,17.39997],[-62.843577,17.401068],[-62.838857,17.402167],[-62.82665,17.407172],[-62.822336,17.410102],[-62.819569,17.415839],[-62.71996,17.358547],[-62.695465,17.333238],[-62.678131,17.292222],[-62.66686,17.273505],[-62.650461,17.265611]]]]}},{"type":"Feature","properties":{"shapeName":"Dominica","shapeISO":"DMA"},"geometry":{"type":"MultiPolygon","coordinates":[[[[-61.362864,15.201809],[-61.374094,15.20482],[-61.376129,15.212836],[-61.372792,15.237209],[-61.37328,15.266425],[-61.372792,15.270697],[-61.378285,15.28205],[-61.39094,15.296291],[-61.393219,15.308295],[-61.395009,15.333075],[-61.399566,15.351142],[-61.413726,15.380561],[-61.415679,15.387641],[-61.41808,15.405951],[-61.421213,15.41474],[-61.444203,15.436835],[-61.447865,15.445136],[-61.449778,15.454657],[-61.454254,15.46483],[-61.460032,15.472886],[-61.465566,15.476142],[-61.472076,15.481391],[-61.474273,15.493476],[-61.475209,15.517768],[-61.47936,15.525458],[-61.484853,15.530341],[-61.488922,15.535712],[-61.488881,15.545071],[-61.483998,15.551581],[-61.467275,15.562974],[-61.462148,15.572984],[-61.469065,15.574286],[-61.481191,15.578559],[-61.488881,15.57925],[-61.480621,15.59101],[-61.468984,15.633857],[-61.449208,15.633083],[-61.437245,15.632636],[-61.425933,15.628485],[-61.413726,15.619574],[-61.397572,15.596625],[-61.384633,15.588365],[-61.36974,15.595933],[-61.35733,15.598293],[-61.307688,15.57925],[-61.305898,15.572455],[-61.29955,15.557196],[-61.289622,15.540961],[-61.284047,15.531399],[-61.268625,15.509914],[-61.267161,15.507799],[-61.25768,15.472602],[-61.256012,15.43594],[-61.262929,15.407904],[-61.258372,15.406317],[-61.254221,15.402981],[-61.249257,15.401068],[-61.255523,15.364569],[-61.254058,15.332668],[-61.253733,15.324693],[-61.256663,15.285346],[-61.277211,15.25023],[-61.284413,15.244818],[-61.289296,15.243598],[-61.293202,15.243883],[-61.303375,15.24258],[-61.311879,15.244534],[-61.318186,15.243394],[-61.323598,15.238593],[-61.328725,15.225572],[-61.342681,15.219672],[-61.345937,15.212348],[-61.346384,15.211697],[-61.350738,15.205146],[-61.362864,15.201809]]]]}},{"type":"Feature","properties":{"shapeName":"Saint Lucia","shapeISO":"LCA"},"geometry":{"type":"MultiPolygon","coordinates":[[[[-60.88679,14.010077],[-60.882965,13.980618],[-60.883046,13.954413],[-60.89509,13.877346],[-60.892201,13.833197],[-60.904612,13.784247],[-60.907297,13.77733],[-60.910308,13.776109],[-60.922841,13.772691],[-60.927113,13.769924],[-60.931752,13.760321],[-60.940785,13.722113],[-60.947011,13.716295],[-60.950103,13.714667],[-60.955068,13.714667],[-60.973378,13.739],[-61.048166,13.76732],[-61.064931,13.786933],[-61.068105,13.792182],[-61.074208,13.798733],[-61.078114,13.806301],[-61.071156,13.821967],[-61.070058,13.832099],[-61.071156,13.851793],[-61.072743,13.858222],[-61.075592,13.863267],[-61.078114,13.869615],[-61.078521,13.879788],[-61.075917,13.890367],[-61.066884,13.909003],[-61.064931,13.917304],[-61.059478,13.93122],[-61.035553,13.964911],[-61.026601,13.987372],[-61.002268,14.023139],[-60.99706,14.027167],[-60.987294,14.032538],[-60.98233,14.03734],[-60.97997,14.043524],[-60.976064,14.061184],[-60.972076,14.068101],[-60.947621,14.102281],[-60.933461,14.111884],[-60.914133,14.105699],[-60.918609,14.088446],[-60.911936,14.079495],[-60.901031,14.073391],[-60.892974,14.064683],[-60.890207,14.052232],[-60.88679,14.010077]]]]}},{"type":"Feature","properties":{"shapeName":"Saint Vincent and the Grenadines","shapeISO":"VCT"},"geometry":{"type":"MultiPolygon","coordinates":[[[[-61.194,13.036851],[-61.208323,13.023261],[-61.22643,12.99315],[-61.242421,12.982245],[-61.234975,12.982245],[-61.242421,12.974799],[-61.247548,12.982123],[-61.255483,12.986721],[-61.265614,12.988715],[-61.277211,12.988471],[-61.277211,12.995917],[-61.262318,12.99136],[-61.239613,12.995795],[-61.239573,13.003852],[-61.246205,13.011217],[-61.249257,13.016343],[-61.240956,13.024237],[-61.213124,13.041815],[-61.201487,13.051174],[-61.200063,13.047309],[-61.199615,13.043687],[-61.198232,13.040229],[-61.194,13.036851]]],[[[-61.167348,13.146064],[-61.185211,13.132514],[-61.210194,13.144192],[-61.271352,13.18651],[-61.279368,13.215888],[-61.276682,13.249905],[-61.262929,13.276435],[-61.265533,13.280219],[-61.270375,13.290107],[-61.243398,13.294379],[-61.231842,13.316962],[-61.224965,13.345771],[-61.212026,13.368883],[-61.199127,13.377021],[-61.187123,13.380439],[-61.176381,13.380764],[-61.151235,13.376776],[-61.144032,13.374091],[-61.140045,13.367377],[-61.133778,13.352769],[-61.123931,13.308254],[-61.12442,13.246975],[-61.13801,13.186916],[-61.167348,13.146064]]],[[[-61.441396,12.607896],[-61.429351,12.600491],[-61.426625,12.591864],[-61.432729,12.587836],[-61.443227,12.58515],[-61.455922,12.586086],[-61.459828,12.591457],[-61.455678,12.596584],[-61.454661,12.600775],[-61.456776,12.604438],[-61.455556,12.607082],[-61.448313,12.609931],[-61.441396,12.607896]]],[[[-61.319407,12.733791],[-61.316314,12.730048],[-61.314361,12.720893],[-61.319692,12.713935],[-61.32551,12.708197],[-61.328359,12.699449],[-61.333892,12.69359],[-61.344106,12.693061],[-61.353098,12.696479],[-61.350657,12.69953],[-61.339263,12.701972],[-61.333974,12.708564],[-61.335846,12.717434],[-61.335357,12.7272],[-61.326324,12.73314],[-61.319407,12.733791]]],[[[-61.191762,12.868232],[-61.183176,12.88349],[-61.174957,12.881781],[-61.183583,12.862006],[-61.187611,12.856391],[-61.190826,12.855862],[-61.191762,12.868232]]]]}},{"type":"Feature","properties":{"shapeName":"Barbados","shapeISO":"BRB"},"geometry":{"type":"MultiPolygon","coordinates":[[[[-59.42691,13.160386],[-59.430043,13.125922],[-59.455719,13.100043],[-59.475779,13.086493],[-59.487538,13.078559],[-59.50886,13.057318],[-59.516713,13.056383],[-59.523101,13.056464],[-59.529286,13.055406],[-59.536122,13.051174],[-59.545969,13.067694],[-59.564443,13.07803],[-59.586903,13.083197],[-59.60025,13.084133],[-59.608144,13.084662],[-59.621571,13.09398],[-59.633127,13.115912],[-59.646067,13.160386],[-59.654205,13.295111],[-59.652211,13.310614],[-59.645131,13.323717],[-59.63093,13.337958],[-59.612864,13.34455],[-59.594472,13.334784],[-59.580719,13.314521],[-59.575917,13.304389],[-59.568959,13.289659],[-59.549794,13.249172],[-59.53661,13.231391],[-59.518056,13.217515],[-59.491811,13.197943],[-59.476674,13.189399],[-59.457102,13.183173],[-59.438629,13.174872],[-59.42691,13.160386]]]]}},{"type":"Feature","properties":{"shapeName":"Grenada","shapeISO":"GRD"},"geometry":{"type":"MultiPolygon","coordinates":[[[[-61.612945,12.214423],[-61.604563,12.197455],[-61.602773,12.182929],[-61.606313,12.133775],[-61.608713,12.126776],[-61.613108,12.119859],[-61.619781,12.10456],[-61.619456,12.096747],[-61.61384,12.08039],[-61.616363,12.077297],[-61.621571,12.074937],[-61.624501,12.069037],[-61.625722,12.061225],[-61.626047,12.053046],[-61.631581,12.044094],[-61.674428,12.02204],[-61.674428,12.029486],[-61.682973,12.025377],[-61.689361,12.019761],[-61.69343,12.012274],[-61.694936,12.002834],[-61.704254,12.004543],[-61.713246,12.00727],[-61.72175,12.011054],[-61.729644,12.015815],[-61.73998,12.006903],[-61.756947,12.003404],[-61.775543,12.00434],[-61.790517,12.008368],[-61.755849,12.03026],[-61.749501,12.036322],[-61.745961,12.05093],[-61.74885,12.062649],[-61.753774,12.074164],[-61.756418,12.087836],[-61.751047,12.110093],[-61.730295,12.149319],[-61.729644,12.166653],[-61.671457,12.23607],[-61.650502,12.239732],[-61.627675,12.236721],[-61.606028,12.223375],[-61.606679,12.220282],[-61.612945,12.214423]]],[[[-61.428049,12.454657],[-61.445668,12.459784],[-61.462554,12.455146],[-61.479237,12.446723],[-61.496246,12.440375],[-61.492787,12.446479],[-61.486073,12.462226],[-61.482655,12.468329],[-61.485748,12.468817],[-61.496246,12.468329],[-61.494781,12.472317],[-61.488881,12.482001],[-61.467275,12.475572],[-61.454335,12.492825],[-61.443471,12.516547],[-61.428049,12.529731],[-61.42162,12.513373],[-61.423329,12.495185],[-61.427398,12.475409],[-61.428049,12.454657]]]]}},{"type":"Feature","properties":{"shapeName":"Trinidad and Tobago","shapeISO":"TTO"},"geometry":{"type":"MultiPolygon","coordinates":[[[[-61.002268,10.699368],[-61.020863,10.702704],[-61.032704,10.683539],[-61.038075,10.653632],[-61.036977,10.624905],[-61.017568,10.564114],[-61.013539,10.534491],[-61.04247,10.509955],[-61.04186,10.481879],[-61.038442,10.46365],[-61.028147,10.408515],[-61.02302,10.394843],[-61.016347,10.382148],[-60.998443,10.355943],[-60.961293,10.330024],[-60.990224,10.299262],[-61.002797,10.247545],[-61.003326,10.189114],[-60.996002,10.138251],[-61.017486,10.14289],[-61.041575,10.135647],[-61.06432,10.121812],[-61.082021,10.106879],[-61.09968,10.095201],[-61.122385,10.086819],[-61.167348,10.076158],[-61.177642,10.075181],[-61.19164,10.073798],[-61.253,10.083645],[-61.275014,10.081732],[-61.338694,10.069322],[-61.41747,10.076158],[-61.503082,10.069322],[-61.50414,10.069525],[-61.544097,10.076158],[-61.553456,10.073879],[-61.581939,10.062567],[-61.593129,10.061428],[-61.612782,10.056789],[-61.622914,10.05565],[-61.637034,10.057807],[-61.646962,10.062974],[-61.656077,10.069648],[-61.667592,10.076158],[-61.686187,10.08161],[-61.706695,10.08397],[-61.793324,10.084133],[-61.817047,10.081366],[-61.835194,10.07274],[-61.849843,10.061469],[-61.869293,10.050035],[-61.88976,10.042304],[-61.907216,10.04206],[-61.9287,10.056464],[-61.918935,10.070014],[-61.886708,10.086737],[-61.881947,10.090481],[-61.870961,10.093817],[-61.838531,10.09984],[-61.831939,10.106147],[-61.821523,10.121161],[-61.805898,10.13288],[-61.789174,10.140937],[-61.712066,10.163642],[-61.707387,10.16588],[-61.669057,10.184027],[-61.639312,10.210069],[-61.638783,10.210517],[-61.639638,10.240668],[-61.626943,10.24726],[-61.611806,10.247504],[-61.560129,10.238715],[-61.520782,10.240139],[-61.517812,10.240261],[-61.506581,10.240668],[-61.495269,10.245022],[-61.481923,10.255683],[-61.469838,10.269273],[-61.462148,10.282213],[-61.458363,10.302191],[-61.459625,10.309719],[-61.461252,10.318996],[-61.466298,10.335191],[-61.468984,10.353949],[-61.470815,10.359361],[-61.479563,10.366604],[-61.482655,10.370998],[-61.483062,10.376451],[-61.480336,10.377916],[-61.476918,10.378607],[-61.475209,10.381537],[-61.476186,10.389309],[-61.482004,10.408881],[-61.485748,10.415717],[-61.487945,10.430121],[-61.482249,10.449856],[-61.468984,10.480862],[-61.46231,10.518866],[-61.462148,10.558173],[-61.472279,10.594875],[-61.496246,10.624905],[-61.488881,10.631049],[-61.528798,10.657904],[-61.549062,10.66706],[-61.577626,10.679918],[-61.599029,10.684394],[-61.650014,10.687812],[-61.656361,10.689765],[-61.661285,10.695136],[-61.667592,10.706773],[-61.615631,10.742174],[-61.602122,10.747748],[-61.561147,10.74433],[-61.515126,10.75495],[-61.490102,10.754625],[-61.485748,10.754584],[-61.473215,10.76024],[-61.465566,10.77025],[-61.460439,10.774359],[-61.455312,10.76203],[-61.447865,10.76203],[-61.447581,10.765367],[-61.447865,10.775702],[-61.441721,10.775702],[-61.441029,10.770657],[-61.439361,10.768012],[-61.437001,10.765855],[-61.434234,10.76203],[-61.441721,10.754584],[-61.43342,10.756537],[-61.427561,10.761176],[-61.423655,10.765937],[-61.421213,10.768256],[-61.401926,10.768866],[-61.400054,10.768256],[-61.391835,10.775621],[-61.372914,10.797512],[-61.366567,10.802965],[-61.35261,10.804104],[-61.34911,10.804389],[-61.296132,10.798041],[-61.180084,10.797553],[-61.17158,10.803941],[-61.154856,10.816474],[-61.096547,10.823432],[-61.078521,10.830959],[-60.948842,10.845282],[-60.907297,10.837144],[-60.949778,10.763495],[-61.002268,10.699368]]],[[[-60.530507,11.35106],[-60.523061,11.343655],[-60.522084,11.318834],[-60.525543,11.288153],[-60.53303,11.266506],[-60.544179,11.26911],[-60.550364,11.26911],[-60.556508,11.254096],[-60.565297,11.252427],[-60.575266,11.255764],[-60.585113,11.25552],[-60.587066,11.251125],[-60.60204,11.231431],[-60.60558,11.230658],[-60.628774,11.216539],[-60.636057,11.210761],[-60.647125,11.204169],[-60.659779,11.204291],[-60.671864,11.206732],[-60.681304,11.207099],[-60.74177,11.177069],[-60.759511,11.172919],[-60.786448,11.14997],[-60.803334,11.143256],[-60.810414,11.159247],[-60.825429,11.151801],[-60.839345,11.15412],[-60.847524,11.163967],[-60.845204,11.179145],[-60.836741,11.183336],[-60.822865,11.185533],[-60.809926,11.19066],[-60.80427,11.203681],[-60.794342,11.21662],[-60.709706,11.271308],[-60.69164,11.288886],[-60.681304,11.296454],[-60.668609,11.302924],[-60.635813,11.314846],[-60.607574,11.320705],[-60.595815,11.327297],[-60.583648,11.329535],[-60.567738,11.320299],[-60.560374,11.321194],[-60.541331,11.343411],[-60.530507,11.35106]]]]}},{"type":"Feature","properties":{"shapeName":"Puerto Rico (United States)","shapeISO":"PRI"},"geometry":{"type":"MultiPolygon","coordinates":[[[[-67.855865,18.114691],[-67.84435,18.10456],[-67.844146,18.097561],[-67.849762,18.090644],[-67.859934,18.073147],[-67.864166,18.068752],[-67.867543,18.064195],[-67.868886,18.056342],[-67.873158,18.053453],[-67.882558,18.052558],[-67.891957,18.053453],[-67.89623,18.056342],[-67.902699,18.065416],[-67.931142,18.080512],[-67.937815,18.094224],[-67.931304,18.10871],[-67.919749,18.114488],[-67.861887,18.116116],[-67.855865,18.114691]]],[[[-65.347727,18.114691],[-65.356597,18.12287],[-65.371205,18.119534],[-65.390248,18.111965],[-65.468577,18.094428],[-65.484242,18.087348],[-65.504872,18.093655],[-65.536,18.090074],[-65.565094,18.09394],[-65.580434,18.122138],[-65.564931,18.122626],[-65.559926,18.122138],[-65.540151,18.123765],[-65.520253,18.130927],[-65.502187,18.141262],[-65.487945,18.152289],[-65.478505,18.15705],[-65.398549,18.169338],[-65.385813,18.167182],[-65.351064,18.155707],[-65.298573,18.153713],[-65.285553,18.148871],[-65.275746,18.137152],[-65.28307,18.13349],[-65.309804,18.135199],[-65.316558,18.132799],[-65.335561,18.120266],[-65.34081,18.114691],[-65.347727,18.114691]]],[[[-65.278798,18.279202],[-65.292592,18.299954],[-65.33434,18.337104],[-65.334055,18.340644],[-65.309438,18.340766],[-65.280914,18.335273],[-65.256663,18.32392],[-65.244618,18.306545],[-65.247548,18.305854],[-65.25829,18.306545],[-65.251454,18.299709],[-65.262115,18.299221],[-65.270416,18.301418],[-65.276031,18.306342],[-65.278798,18.313951],[-65.285553,18.313951],[-65.276519,18.296942],[-65.27481,18.289008],[-65.278798,18.279202]]],[[[-65.628814,18.279202],[-65.632924,18.266913],[-65.625803,18.259833],[-65.617591,18.256344],[-65.603702,18.262861],[-65.606587,18.25361],[-65.603773,18.24634],[-65.591764,18.230885],[-65.602112,18.223753],[-65.603533,18.21527],[-65.612443,18.214503],[-65.622218,18.229263],[-65.633363,18.229183],[-65.636995,18.21857],[-65.627235,18.205929],[-65.636831,18.198097],[-65.648735,18.200131],[-65.665517,18.208441],[-65.682973,18.202826],[-65.701283,18.194241],[-65.721018,18.189846],[-65.737538,18.182685],[-65.754872,18.166246],[-65.790289,18.113973],[-65.793142,18.087631],[-65.806996,18.070299],[-65.812164,18.067288],[-65.835276,18.062486],[-65.840484,18.056342],[-65.830269,18.026907],[-65.849746,18.009711],[-65.887178,17.987727],[-65.939117,17.970526],[-65.961659,17.971015],[-65.984527,17.975653],[-66.004994,17.977525],[-66.017079,17.975084],[-66.046539,17.963853],[-66.053578,17.963121],[-66.084096,17.963853],[-66.104644,17.95893],[-66.163238,17.929145],[-66.175608,17.928209],[-66.186635,17.928616],[-66.196278,17.92772],[-66.204213,17.922919],[-66.208567,17.929145],[-66.209828,17.931871],[-66.210439,17.936591],[-66.199574,17.939602],[-66.197011,17.944403],[-66.201161,17.950507],[-66.210439,17.957099],[-66.229888,17.940416],[-66.241363,17.937323],[-66.255523,17.94066],[-66.28307,17.943427],[-66.292592,17.945746],[-66.297719,17.951402],[-66.301381,17.958197],[-66.30663,17.963853],[-66.319163,17.970364],[-66.328114,17.972317],[-66.344472,17.97134],[-66.367665,17.96601],[-66.396148,17.947252],[-66.416493,17.949612],[-66.435902,17.964016],[-66.452138,17.982164],[-66.469146,17.992662],[-66.4878,17.988854],[-66.501969,17.987115],[-66.512522,17.982001],[-66.527008,17.979315],[-66.559885,17.977525],[-66.570424,17.972357],[-66.580637,17.965806],[-66.592519,17.963568],[-66.608266,17.97134],[-66.615305,17.966742],[-66.622548,17.963853],[-66.629384,17.975165],[-66.646596,17.97663],[-66.687408,17.97134],[-66.694976,17.97309],[-66.724965,17.984361],[-66.76594,17.984361],[-66.765126,17.998033],[-66.774037,18.002183],[-66.787465,17.999335],[-66.80012,17.991848],[-66.80012,17.984361],[-66.786448,17.984361],[-66.797963,17.969306],[-66.817698,17.95897],[-66.840566,17.952704],[-66.86148,17.949612],[-66.892649,17.95067],[-66.907826,17.949205],[-66.919016,17.950141],[-66.924224,17.949612],[-66.928212,17.945543],[-66.929921,17.938625],[-66.930409,17.929145],[-66.949127,17.93122],[-66.963246,17.941067],[-66.985707,17.963853],[-67.005959,17.964911],[-67.028528,17.968538],[-67.052713,17.968166],[-67.067006,17.972561],[-67.080922,17.961249],[-67.09732,17.952867],[-67.111969,17.949612],[-67.124013,17.951158],[-67.15856,17.954569],[-67.180467,17.966118],[-67.191221,17.957994],[-67.184192,17.935072],[-67.195073,17.935682],[-67.20961,17.95689],[-67.214771,17.966335],[-67.214349,17.994144],[-67.1905,18.004828],[-67.183339,18.008531],[-67.174224,18.011176],[-67.166493,18.015041],[-67.163197,18.022528],[-67.167226,18.027899],[-67.176869,18.032701],[-67.190076,18.030314],[-67.202875,18.035716],[-67.202134,18.054358],[-67.1954,18.063768],[-67.185693,18.070427],[-67.189741,18.08061],[-67.193877,18.097302],[-67.183245,18.107689],[-67.183778,18.139945],[-67.173695,18.176174],[-67.165909,18.184074],[-67.157536,18.191734],[-67.151858,18.203392],[-67.158465,18.213958],[-67.171198,18.22487],[-67.187082,18.272773],[-67.196512,18.291339],[-67.218829,18.295574],[-67.236906,18.299862],[-67.252774,18.329337],[-67.262601,18.343813],[-67.270842,18.361826],[-67.268825,18.3689],[-67.240267,18.376812],[-67.217356,18.386176],[-67.198394,18.393704],[-67.184316,18.402086],[-67.159451,18.420911],[-67.158118,18.443111],[-67.168699,18.460605],[-67.170007,18.48602],[-67.151682,18.508938],[-67.101715,18.522773],[-67.048451,18.521145],[-67.012359,18.505764],[-66.907316,18.485325],[-66.803456,18.498277],[-66.789215,18.496527],[-66.751698,18.484036],[-66.736806,18.48314],[-66.697662,18.491441],[-66.640859,18.496405],[-66.614329,18.493232],[-66.587799,18.484036],[-66.571441,18.487006],[-66.507069,18.486396],[-66.467437,18.475287],[-66.382395,18.491441],[-66.303863,18.468817],[-66.258127,18.481513],[-66.20519,18.465399],[-66.193989,18.473587],[-66.180898,18.471503],[-66.173695,18.462958],[-66.170074,18.457343],[-66.161584,18.453298],[-66.152008,18.458724],[-66.144085,18.468702],[-66.134145,18.465888],[-66.13747,18.452756],[-66.118081,18.443027],[-66.114858,18.433173],[-66.108469,18.42064],[-66.09317,18.419827],[-66.060211,18.429389],[-66.060211,18.436835],[-66.076772,18.43887],[-66.09496,18.447699],[-66.109364,18.461412],[-66.121631,18.47347],[-66.055898,18.453803],[-66.039703,18.450507],[-66.028185,18.446871],[-66.0121,18.443962],[-65.997717,18.450185],[-65.988881,18.46308],[-65.966217,18.458441],[-65.920438,18.445889],[-65.904826,18.455925],[-65.892812,18.453599],[-65.880523,18.44481],[-65.848297,18.437893],[-65.8308,18.428697],[-65.812606,18.410405],[-65.801626,18.415443],[-65.794169,18.425406],[-65.788347,18.423249],[-65.787148,18.418307],[-65.792318,18.412764],[-65.796307,18.405028],[-65.788777,18.406737],[-65.778372,18.410669],[-65.772027,18.41457],[-65.755002,18.391041],[-65.738107,18.382365],[-65.724849,18.391267],[-65.698015,18.371111],[-65.6632,18.366414],[-65.645741,18.378404],[-65.637766,18.385688],[-65.629384,18.391059],[-65.621409,18.389065],[-65.621002,18.38227],[-65.630767,18.332831],[-65.632965,18.291002],[-65.628814,18.279202]]]]}},{"type":"Feature","properties":{"shapeName":"Turks and Caicos Islands (United Kingdom)","shapeISO":"TCA"},"geometry":{"type":"MultiPolygon","coordinates":[[[[-72.460764,21.70539],[-72.43342,21.709215],[-72.433258,21.680121],[-72.452016,21.644965],[-72.481313,21.630316],[-72.481313,21.636542],[-72.470204,21.646877],[-72.463368,21.664944],[-72.460439,21.686021],[-72.460764,21.70539]]],[[[-71.507965,21.70539],[-71.52892,21.717434],[-71.573232,21.735297],[-71.590566,21.753811],[-71.585927,21.756822],[-71.581776,21.758368],[-71.578481,21.760932],[-71.576283,21.766832],[-71.54308,21.746527],[-71.525543,21.739814],[-71.501129,21.733344],[-71.480946,21.725491],[-71.461781,21.710842],[-71.451894,21.690172],[-71.459584,21.664455],[-71.471262,21.662177],[-71.485341,21.675442],[-71.507965,21.70539]]],[[[-71.802846,21.787909],[-71.827707,21.785793],[-71.83552,21.79149],[-71.84439,21.807807],[-71.848012,21.819403],[-71.850657,21.856269],[-71.842356,21.855618],[-71.833811,21.853827],[-71.825836,21.850775],[-71.809397,21.839993],[-71.799916,21.839911],[-71.790761,21.842231],[-71.781728,21.843166],[-71.720326,21.835761],[-71.691762,21.841213],[-71.678782,21.841864],[-71.665639,21.835761],[-71.655181,21.823228],[-71.63093,21.774319],[-71.648061,21.779608],[-71.659047,21.793524],[-71.66808,21.80976],[-71.679311,21.822089],[-71.671213,21.79975],[-71.652415,21.76496],[-71.645172,21.746405],[-71.658599,21.743883],[-71.668528,21.750434],[-71.686147,21.774319],[-71.692006,21.764065],[-71.693593,21.759996],[-71.699818,21.759996],[-71.715443,21.787299],[-71.741119,21.794908],[-71.802846,21.787909]]],[[[-72.337229,21.800971],[-72.340199,21.814032],[-72.329742,21.845404],[-72.330434,21.862454],[-72.307932,21.85224],[-72.245025,21.797919],[-72.23176,21.793362],[-72.212148,21.793443],[-72.192698,21.796576],[-72.179596,21.800971],[-72.165273,21.81387],[-72.157135,21.82453],[-72.146311,21.827135],[-72.124379,21.815253],[-72.124379,21.807807],[-72.151031,21.78384],[-72.159088,21.774319],[-72.164296,21.788804],[-72.165273,21.794827],[-72.193267,21.781155],[-72.189524,21.779934],[-72.186106,21.779242],[-72.182851,21.777818],[-72.179596,21.774319],[-72.194447,21.766913],[-72.219716,21.770331],[-72.234242,21.766832],[-72.234242,21.781155],[-72.273834,21.75141],[-72.29186,21.748928],[-72.30309,21.774319],[-72.296946,21.774319],[-72.290679,21.765815],[-72.281239,21.761542],[-72.274241,21.763617],[-72.275136,21.774319],[-72.281239,21.779608],[-72.316151,21.794827],[-72.312896,21.781155],[-72.315419,21.770819],[-72.323638,21.763821],[-72.337229,21.759996],[-72.339508,21.766669],[-72.339996,21.771226],[-72.339182,21.775458],[-72.337229,21.781155],[-72.335561,21.776842],[-72.335194,21.77619],[-72.334096,21.77619],[-72.330434,21.774319],[-72.326527,21.787421],[-72.313954,21.809068],[-72.309926,21.822089],[-72.33141,21.806586],[-72.337229,21.800971]]],[[[-72.021962,21.904608],[-72.026112,21.914008],[-72.024485,21.923774],[-72.025014,21.932563],[-72.036244,21.938788],[-72.031809,21.946479],[-72.025461,21.952582],[-72.017445,21.956936],[-72.00829,21.959215],[-71.949941,21.959215],[-71.944,21.958075],[-71.930491,21.952948],[-71.922678,21.951809],[-71.911041,21.948432],[-71.908762,21.940497],[-71.912099,21.925116],[-71.903391,21.866523],[-71.88858,21.846177],[-71.857411,21.843166],[-71.877309,21.828315],[-71.894643,21.83218],[-71.909657,21.843166],[-71.922678,21.849351],[-71.93106,21.851874],[-71.942983,21.85814],[-71.954254,21.866929],[-71.96052,21.876695],[-71.959218,21.889797],[-71.943837,21.913153],[-71.940012,21.925116],[-71.947581,21.94245],[-71.964019,21.933417],[-71.987864,21.907782],[-71.991933,21.899888],[-72.001617,21.897773],[-72.01301,21.899888],[-72.021962,21.904608]]],[[[-71.138092,21.513617],[-71.13036,21.498114],[-71.128896,21.472235],[-71.133616,21.446479],[-71.144887,21.431627],[-71.151682,21.450588],[-71.15099,21.472846],[-71.145497,21.495063],[-71.138092,21.513617]]],[[[-71.687815,21.299791],[-71.680328,21.304429],[-71.674062,21.306545],[-71.678619,21.298896],[-71.695872,21.290107],[-71.699086,21.291938],[-71.687815,21.299791]]],[[[-71.634348,21.318793],[-71.628814,21.324368],[-71.628245,21.310248],[-71.634674,21.294501],[-71.640859,21.302965],[-71.634348,21.318793]]],[[[-71.209828,21.341376],[-71.200063,21.341051],[-71.192494,21.335028],[-71.201243,21.323065],[-71.213694,21.310614],[-71.219228,21.314358],[-71.214263,21.332831],[-71.209828,21.341376]]],[[[-71.49828,21.569403],[-71.496246,21.563422],[-71.497182,21.53026],[-71.496327,21.507392],[-71.504262,21.494045],[-71.520985,21.489325],[-71.537587,21.499457],[-71.539703,21.516547],[-71.527821,21.524319],[-71.515736,21.522691],[-71.508941,21.527818],[-71.508778,21.551663],[-71.501576,21.569078],[-71.49828,21.569403]]],[[[-72.124908,21.854641],[-72.119496,21.857896],[-72.116282,21.853746],[-72.124379,21.846869],[-72.133046,21.847642],[-72.124908,21.854641]]],[[[-72.094797,21.882514],[-72.089508,21.885443],[-72.087026,21.880927],[-72.087066,21.872748],[-72.093007,21.867174],[-72.09968,21.864569],[-72.101552,21.871649],[-72.094797,21.882514]]]]}},{"type":"Feature","properties":{"shapeName":"Cayman Islands (United Kingdom)","shapeISO":"CYM"},"geometry":{"type":"MultiPolygon","coordinates":[[[[-81.136098,19.354885],[-81.117543,19.352769],[-81.099517,19.347317],[-81.089508,19.335395],[-81.086586,19.309927],[-81.106677,19.295317],[-81.1351,19.290742],[-81.169504,19.299563],[-81.193192,19.296114],[-81.214509,19.292672],[-81.233458,19.289234],[-81.248821,19.279097],[-81.266469,19.266059],[-81.276357,19.264838],[-81.341272,19.27306],[-81.357882,19.274094],[-81.375722,19.272284],[-81.387486,19.263864],[-81.397939,19.274156],[-81.395925,19.289562],[-81.3924,19.296296],[-81.388899,19.307506],[-81.385426,19.324311],[-81.385503,19.338858],[-81.390326,19.35226],[-81.405818,19.36337],[-81.416542,19.370028],[-81.414238,19.382349],[-81.408346,19.390212],[-81.394124,19.394761],[-81.375722,19.388983],[-81.378585,19.375817],[-81.368999,19.359083],[-81.36059,19.340104],[-81.364045,19.319946],[-81.349718,19.302114],[-81.322438,19.302251],[-81.303498,19.309055],[-81.301259,19.320624],[-81.293813,19.334377],[-81.288075,19.331366],[-81.273305,19.327582],[-81.273427,19.332099],[-81.274892,19.335273],[-81.27953,19.341783],[-81.273305,19.334377],[-81.275217,19.338568],[-81.277699,19.341376],[-81.277984,19.344062],[-81.273305,19.348049],[-81.277903,19.351874],[-81.280751,19.356269],[-81.286285,19.368476],[-81.268137,19.366278],[-81.231557,19.351549],[-81.211822,19.348049],[-81.157786,19.355048],[-81.136098,19.354885]]],[[[-80.03783,19.704035],[-80.008736,19.703951],[-79.981028,19.714301],[-79.964263,19.704901],[-79.96817,19.703192],[-79.977935,19.697455],[-80.003918,19.69027],[-80.077968,19.65402],[-80.113155,19.65866],[-80.098553,19.676857],[-80.081543,19.685929],[-80.062088,19.700682],[-80.03783,19.704035]]],[[[-79.871889,19.704636],[-79.802837,19.732827],[-79.768899,19.752036],[-79.7459,19.757631],[-79.731516,19.752102],[-79.726643,19.737063],[-79.773893,19.713364],[-79.855001,19.690917],[-79.893754,19.679673],[-79.871889,19.704636]]]]}},{"type":"Feature","properties":{"shapeName":"United States Virgin Islands","shapeISO":"VIR"},"geometry":{"type":"MultiPolygon","coordinates":[[[[-64.559397,17.751614],[-64.585194,17.748969],[-64.606679,17.742255],[-64.648793,17.7237],[-64.670522,17.717231],[-64.876373,17.689114],[-64.895172,17.682766],[-64.887847,17.699897],[-64.886627,17.714423],[-64.887685,17.755276],[-64.884633,17.76789],[-64.876454,17.775865],[-64.838694,17.764838],[-64.817454,17.774115],[-64.795481,17.787543],[-64.771637,17.792629],[-64.769154,17.790025],[-64.730784,17.765286],[-64.709706,17.758205],[-64.699045,17.752834],[-64.689768,17.744778],[-64.6669,17.762885],[-64.630971,17.770331],[-64.591786,17.768297],[-64.559397,17.75845],[-64.559397,17.751614]]],[[[-64.700994,18.342976],[-64.708161,18.340145],[-64.697423,18.32654],[-64.704005,18.30331],[-64.73623,18.319753],[-64.786367,18.315222],[-64.801285,18.328253],[-64.786365,18.349772],[-64.769649,18.356589],[-64.751736,18.361689],[-64.755913,18.369057],[-64.746955,18.37359],[-64.713519,18.365083],[-64.697397,18.362244],[-64.682472,18.356003],[-64.664561,18.346927],[-64.66039,18.336723],[-64.67413,18.334463],[-64.700994,18.342976]]],[[[-64.871637,18.314623],[-64.878839,18.304441],[-64.910498,18.315758],[-64.921859,18.322555],[-64.930834,18.33955],[-64.935023,18.330486],[-64.944586,18.336714],[-64.966095,18.332735],[-64.981643,18.335558],[-64.993621,18.348024],[-65.025309,18.338926],[-65.041493,18.353658],[-65.011871,18.368598],[-64.986643,18.374823],[-64.950002,18.373554],[-64.93498,18.36332],[-64.926019,18.366154],[-64.942251,18.378099],[-64.950028,18.386599],[-64.928505,18.38037],[-64.891436,18.359968],[-64.854984,18.340129],[-64.84008,18.317489],[-64.851408,18.315782],[-64.860312,18.318591],[-64.871637,18.314623]]]]}},{"type":"Feature","properties":{"shapeName":"British Virgin Islands (United Kingdom)","shapeISO":"VGB"},"geometry":{"type":"MultiPolygon","coordinates":[[[[-64.635121,18.405504],[-64.643666,18.393948],[-64.659685,18.383072],[-64.675478,18.384105],[-64.689628,18.38464],[-64.714128,18.386203],[-64.700509,18.39807],[-64.682554,18.399548],[-64.6744,18.412398],[-64.665647,18.424396],[-64.661821,18.440416],[-64.641705,18.451158],[-64.627268,18.447089],[-64.603633,18.451616],[-64.592705,18.448562],[-64.560161,18.454103],[-64.527199,18.449118],[-64.516845,18.43929],[-64.520129,18.434123],[-64.531592,18.435677],[-64.548596,18.440271],[-64.561166,18.433546],[-64.566396,18.425727],[-64.574045,18.419135],[-64.583323,18.416327],[-64.591176,18.417792],[-64.596995,18.420803],[-64.603383,18.423041],[-64.613393,18.422553],[-64.612864,18.419501],[-64.620717,18.411566],[-64.63036,18.404853],[-64.635121,18.405504]]],[[[-64.380605,18.480902],[-64.389027,18.471096],[-64.408193,18.456692],[-64.429311,18.444892],[-64.443349,18.443061],[-64.418528,18.475328],[-64.411733,18.49136],[-64.415395,18.511949],[-64.410959,18.511949],[-64.408111,18.510484],[-64.405751,18.508205],[-64.402415,18.505764],[-64.346832,18.506903],[-64.326039,18.511949],[-64.334299,18.497056],[-64.353098,18.487209],[-64.371978,18.48192],[-64.380605,18.480902]]],[[[-64.336537,18.72427],[-64.380523,18.726142],[-64.398671,18.732082],[-64.408559,18.744696],[-64.320302,18.746243],[-64.285064,18.734076],[-64.270741,18.70067],[-64.27953,18.701239],[-64.336537,18.72427]]],[[[-64.569447,18.357978],[-64.568186,18.350898],[-64.56786,18.337388],[-64.570912,18.334662],[-64.574696,18.343004],[-64.585317,18.348619],[-64.600738,18.35163],[-64.603017,18.355618],[-64.594065,18.357815],[-64.586903,18.357978],[-64.582834,18.359442],[-64.578359,18.360582],[-64.569447,18.357978]]],[[[-64.729807,18.453437],[-64.727528,18.449897],[-64.724233,18.442694],[-64.730336,18.437893],[-64.759389,18.44184],[-64.773997,18.442288],[-64.768422,18.449652],[-64.742909,18.454983],[-64.729807,18.453437]]],[[[-64.532704,18.494127],[-64.52953,18.49258],[-64.52892,18.481838],[-64.529164,18.476386],[-64.531606,18.467027],[-64.536529,18.462388],[-64.538238,18.465155],[-64.537343,18.471829],[-64.539459,18.482856],[-64.537709,18.490668],[-64.532704,18.494127]]]]}},{"type":"Feature","properties":{"shapeName":"Anguilla (United Kingdom)","shapeISO":"AIA"},"geometry":{"type":"MultiPolygon","coordinates":[[[[-63.007395,18.273017],[-62.983998,18.276435],[-62.972646,18.275865],[-62.97289,18.269273],[-62.992909,18.236884],[-63.000559,18.227362],[-63.011545,18.220445],[-63.037668,18.212958],[-63.099517,18.176174],[-63.102366,18.180406],[-63.10912,18.185045],[-63.11384,18.189846],[-63.13683,18.173407],[-63.150502,18.169094],[-63.167836,18.169338],[-63.142079,18.198147],[-63.134348,18.204088],[-63.122792,18.208075],[-63.097239,18.21247],[-63.085846,18.217719],[-63.067779,18.236477],[-63.055084,18.25434],[-63.038197,18.267727],[-63.007395,18.273017]]],[[[-63.427968,18.592841],[-63.428822,18.601264],[-63.423573,18.600043],[-63.427968,18.592841]]],[[[-62.958205,18.289422],[-62.950676,18.292132],[-62.947665,18.297251],[-62.933813,18.294541],[-62.925682,18.289723],[-62.932006,18.287314],[-62.944955,18.2837],[-62.947364,18.280388],[-62.956699,18.274365],[-62.960011,18.277678],[-62.956097,18.282496],[-62.958205,18.289422]]],[[[-63.252031,18.27297],[-63.261474,18.276246],[-63.262631,18.282028],[-63.253573,18.286846],[-63.245606,18.28321],[-63.236035,18.282992],[-63.252031,18.27297]]],[[[-63.184504,18.268047],[-63.179494,18.266506],[-63.183541,18.265157],[-63.18701,18.265349],[-63.189708,18.267469],[-63.192213,18.268818],[-63.190093,18.269204],[-63.186432,18.268433],[-63.184504,18.268047]]],[[[-63.17429,18.264578],[-63.172363,18.264578],[-63.171206,18.265542],[-63.169086,18.265349],[-63.168316,18.26188],[-63.171399,18.261495],[-63.174097,18.262073],[-63.17429,18.264578]]]]}},{"type":"Feature","properties":{"shapeName":"Montserrat (United Kingdom)","shapeISO":"MSR"},"geometry":{"type":"MultiPolygon","coordinates":[[[[-62.147369,16.744289],[-62.147694,16.737047],[-62.151763,16.724514],[-62.150787,16.720364],[-62.147572,16.715888],[-62.14391,16.70897],[-62.141184,16.70185],[-62.140533,16.696479],[-62.144032,16.688218],[-62.14977,16.681789],[-62.157826,16.677314],[-62.167877,16.67536],[-62.218861,16.688707],[-62.230133,16.727607],[-62.218861,16.776313],[-62.202016,16.819322],[-62.189443,16.814439],[-62.182932,16.81273],[-62.174672,16.813137],[-62.179311,16.794501],[-62.170033,16.777004],[-62.156321,16.760321],[-62.147369,16.744289]]]]}},{"type":"Feature","properties":{"shapeName":"Guadeloupe (France)","shapeISO":"GLP"},"geometry":{"type":"MultiPolygon","coordinates":[[[[-61.194,15.932074],[-61.194692,15.919582],[-61.197743,15.91059],[-61.204254,15.902777],[-61.215728,15.893948],[-61.240712,15.881822],[-61.274892,15.873765],[-61.305084,15.878485],[-61.318186,15.904486],[-61.319203,15.911078],[-61.321685,15.919094],[-61.325103,15.925849],[-61.328725,15.928656],[-61.332021,15.931952],[-61.327789,15.939276],[-61.318186,15.952541],[-61.315297,15.966946],[-61.308258,15.977688],[-61.290191,15.997504],[-61.2683,16.009263],[-61.243886,16.003974],[-61.223988,15.987535],[-61.212392,15.95893],[-61.204905,15.95303],[-61.197377,15.945054],[-61.194,15.932074]]],[[[-60.989247,16.346381],[-61.039906,16.31391],[-61.068593,16.302232],[-61.091624,16.305406],[-61.078521,16.312201],[-61.039133,16.344468],[-61.014882,16.35399],[-60.989247,16.346381]]],[[[-61.551666,16.285549],[-61.549184,16.280585],[-61.555409,16.258246],[-61.547963,16.23843],[-61.554596,16.236518],[-61.572662,16.232571],[-61.579457,16.222317],[-61.577301,16.17593],[-61.564565,16.140937],[-61.557729,16.08633],[-61.565989,16.033515],[-61.597483,15.996731],[-61.643422,15.970364],[-61.694936,15.949164],[-61.696523,15.955024],[-61.702382,15.969631],[-61.694936,15.976467],[-61.702016,15.989895],[-61.710805,15.997382],[-61.721059,16.003852],[-61.732777,16.013983],[-61.740061,16.025824],[-61.743642,16.037299],[-61.747792,16.046698],[-61.756418,16.052191],[-61.768625,16.087633],[-61.769439,16.16649],[-61.784291,16.202338],[-61.779449,16.217231],[-61.784006,16.229315],[-61.7919,16.240058],[-61.797353,16.2508],[-61.797841,16.26789],[-61.793853,16.299058],[-61.797353,16.312201],[-61.787587,16.320299],[-61.770823,16.348822],[-61.756418,16.360663],[-61.737864,16.365302],[-61.728586,16.359605],[-61.722035,16.350898],[-61.712026,16.346381],[-61.687001,16.341702],[-61.650136,16.329332],[-61.615834,16.311835],[-61.598744,16.291693],[-61.612945,16.285549],[-61.604644,16.282294],[-61.603139,16.281195],[-61.603017,16.282213],[-61.598744,16.285549],[-61.59557,16.281643],[-61.585072,16.271308],[-61.58023,16.282131],[-61.570546,16.28974],[-61.557973,16.291693],[-61.551666,16.285549]]],[[[-61.544179,16.285386],[-61.544097,16.285468],[-61.544097,16.285549],[-61.527659,16.337836],[-61.518137,16.348944],[-61.499664,16.353217],[-61.49706,16.356757],[-61.495513,16.365139],[-61.495229,16.374457],[-61.496246,16.381171],[-61.500356,16.385647],[-61.507314,16.389838],[-61.515614,16.393052],[-61.52359,16.394761],[-61.529164,16.430487],[-61.533844,16.439439],[-61.534291,16.449286],[-61.525624,16.462307],[-61.509918,16.480414],[-61.505849,16.486965],[-61.496246,16.49372],[-61.465321,16.509833],[-61.462514,16.513088],[-61.459299,16.511786],[-61.426829,16.489203],[-61.409413,16.47248],[-61.397613,16.45185],[-61.393219,16.425482],[-61.39566,16.399237],[-61.394154,16.38935],[-61.386464,16.373684],[-61.376617,16.359565],[-61.365712,16.348822],[-61.353139,16.340277],[-61.338694,16.332709],[-61.331776,16.340155],[-61.321523,16.334906],[-61.311838,16.334174],[-61.301666,16.33454],[-61.290191,16.332709],[-61.280588,16.327053],[-61.258901,16.309231],[-61.253,16.305406],[-61.242584,16.30036],[-61.188385,16.263821],[-61.169179,16.258694],[-61.163564,16.252997],[-61.174794,16.243964],[-61.183176,16.244127],[-61.211252,16.250718],[-61.218861,16.254218],[-61.234446,16.258287],[-61.410715,16.219468],[-61.444447,16.205064],[-61.462148,16.202338],[-61.483713,16.205878],[-61.503407,16.213284],[-61.520416,16.222968],[-61.533844,16.233385],[-61.544097,16.245673],[-61.548329,16.258043],[-61.547963,16.271064],[-61.544179,16.285386]]],[[[-61.624664,15.871243],[-61.621083,15.867743],[-61.616078,15.860053],[-61.618804,15.852281],[-61.627553,15.846991],[-61.638336,15.853217],[-61.634592,15.866156],[-61.624664,15.871243]]],[[[-61.566477,15.878363],[-61.566029,15.876776],[-61.565012,15.874416],[-61.570546,15.869615],[-61.582183,15.861802],[-61.592641,15.858385],[-61.595693,15.86286],[-61.590484,15.86758],[-61.585113,15.870673],[-61.579945,15.880805],[-61.573883,15.883368],[-61.567983,15.881049],[-61.566477,15.878363]]]]}},{"type":"Feature","properties":{"shapeName":"Martinique (France)","shapeISO":"MTQ"},"geometry":{"type":"MultiPolygon","coordinates":[[[[-60.810414,14.461982],[-60.822662,14.456692],[-60.834828,14.427558],[-60.845204,14.41413],[-60.856435,14.409369],[-60.870595,14.408108],[-60.882476,14.413275],[-60.88679,14.427802],[-60.880767,14.437974],[-60.869496,14.441474],[-60.859853,14.446723],[-60.858876,14.461982],[-60.86852,14.475979],[-60.882232,14.470526],[-60.898101,14.460883],[-60.914133,14.461982],[-60.913401,14.472113],[-60.920033,14.473375],[-60.947621,14.468736],[-61.005971,14.476264],[-61.021596,14.474026],[-61.046376,14.464179],[-61.061187,14.461982],[-61.069569,14.466702],[-61.091624,14.496772],[-61.091135,14.504218],[-61.092397,14.508287],[-61.096791,14.511542],[-61.105865,14.516588],[-61.078521,14.544582],[-61.052317,14.557074],[-61.043813,14.565009],[-61.033274,14.549872],[-61.01773,14.545315],[-61.003326,14.550523],[-60.996002,14.565009],[-60.999379,14.571357],[-61.006988,14.581855],[-61.014312,14.595852],[-61.016469,14.612779],[-61.031402,14.607815],[-61.043568,14.605455],[-61.05427,14.605129],[-61.064931,14.605943],[-61.085927,14.604641],[-61.091624,14.605943],[-61.095937,14.610256],[-61.102203,14.622219],[-61.105865,14.626451],[-61.141591,14.650092],[-61.159576,14.666938],[-61.167348,14.68476],[-61.16808,14.691067],[-61.170237,14.696438],[-61.173573,14.701239],[-61.177887,14.705878],[-61.18163,14.713039],[-61.180043,14.719672],[-61.176666,14.726142],[-61.174794,14.732896],[-61.177113,14.74494],[-61.182973,14.756415],[-61.190541,14.766343],[-61.219106,14.795478],[-61.226186,14.807766],[-61.228831,14.821967],[-61.226186,14.835517],[-61.219472,14.846503],[-61.210601,14.854438],[-61.170969,14.87637],[-61.135894,14.876899],[-61.101959,14.866197],[-61.057851,14.83869],[-61.018625,14.821723],[-61.002268,14.811428],[-60.998158,14.804185],[-60.995676,14.795356],[-60.990631,14.787909],[-60.978993,14.784735],[-60.961293,14.749945],[-60.946889,14.761379],[-60.926584,14.771145],[-60.903188,14.777086],[-60.879303,14.777289],[-60.886301,14.771633],[-60.892445,14.767768],[-60.895375,14.763821],[-60.892974,14.757392],[-60.914133,14.736314],[-60.926178,14.755561],[-60.933827,14.750312],[-60.936676,14.731269],[-60.93456,14.70897],[-60.926178,14.712714],[-60.918935,14.712226],[-60.912668,14.708564],[-60.907297,14.702826],[-60.93456,14.688463],[-60.927113,14.681098],[-60.93928,14.674994],[-60.937489,14.666409],[-60.928863,14.66352],[-60.920277,14.674872],[-60.88679,14.660549],[-60.894358,14.659817],[-60.898305,14.658026],[-60.901682,14.655911],[-60.907297,14.653754],[-60.901031,14.638577],[-60.893381,14.630805],[-60.873158,14.619615],[-60.870229,14.614447],[-60.868764,14.607611],[-60.865061,14.601711],[-60.855458,14.599107],[-60.848378,14.596096],[-60.84496,14.588609],[-60.844309,14.579495],[-60.845204,14.571234],[-60.832143,14.578599],[-60.835846,14.56566],[-60.836415,14.552965],[-60.832997,14.541002],[-60.824778,14.530219],[-60.830922,14.527086],[-60.833404,14.524359],[-60.835072,14.521186],[-60.838368,14.516588],[-60.825266,14.510403],[-60.819814,14.496649],[-60.81664,14.480902],[-60.810414,14.468736],[-60.810414,14.461982]]]]}},{"type":"Feature","properties":{"shapeName":"Saint Martin (France)","shapeISO":"MAF"},"geometry":{"type":"MultiPolygon","coordinates":[[[[-63.017569,18.033391],[-63.085886,18.058511],[-63.107004,18.06212],[-63.107004,18.066962],[-63.115305,18.065375],[-63.130523,18.060248],[-63.134348,18.059475],[-63.14387,18.064683],[-63.14684,18.070299],[-63.143625,18.074164],[-63.113759,18.074652],[-63.096099,18.078803],[-63.083811,18.087958],[-63.079091,18.104193],[-63.070872,18.110012],[-63.052113,18.116848],[-63.031402,18.121894],[-63.017649,18.122138],[-63.017934,18.100531],[-63.011098,18.070746],[-63.010732,18.040839],[-63.017569,18.033391]]]]}},{"type":"Feature","properties":{"shapeName":"Saint Barthelemy (France)","shapeISO":"BLM"},"geometry":{"type":"MultiPolygon","coordinates":[[[[-62.838857,17.881985],[-62.850942,17.890448],[-62.861318,17.905422],[-62.86734,17.920396],[-62.866119,17.929145],[-62.857411,17.925035],[-62.791656,17.915473],[-62.79894,17.904486],[-62.810129,17.892279],[-62.823842,17.883246],[-62.838857,17.881985]]]]}},{"type":"Feature","properties":{"shapeName":"Sint Maarten (Netherlands)","shapeISO":"SXM"},"geometry":{"type":"MultiPolygon","coordinates":[[[[-63.107004,18.06212],[-63.085886,18.058511],[-63.017569,18.033391],[-63.030629,18.01911],[-63.097646,18.035956],[-63.112172,18.043036],[-63.118886,18.0515],[-63.107004,18.059475],[-63.107004,18.06212]]]]}},{"type":"Feature","properties":{"shapeName":"Aruba (Netherlands)","shapeISO":"ABW"},"geometry":{"type":"MultiPolygon","coordinates":[[[[-69.996938,12.577582],[-69.936391,12.531724],[-69.924672,12.519232],[-69.915761,12.497016],[-69.880198,12.453559],[-69.87682,12.427395],[-69.888092,12.41767],[-69.908803,12.417792],[-69.930531,12.425971],[-69.945139,12.440375],[-69.924672,12.440375],[-69.924672,12.447211],[-69.958567,12.463202],[-70.027659,12.522935],[-70.048085,12.531155],[-70.058095,12.537177],[-70.062408,12.54682],[-70.060374,12.556952],[-70.051096,12.574042],[-70.048736,12.583726],[-70.052642,12.600002],[-70.059641,12.614244],[-70.061106,12.625393],[-70.048736,12.632148],[-70.007151,12.585517],[-69.996938,12.577582]]]]}},{"type":"Feature","properties":{"shapeName":"Curacao (Netherlands)","shapeISO":"CUW"},"geometry":{"type":"MultiPolygon","coordinates":[[[[-68.780751,12.097805],[-68.745229,12.062242],[-68.739735,12.053046],[-68.748647,12.047024],[-68.769846,12.042914],[-68.794749,12.041327],[-68.814809,12.043158],[-68.841176,12.055487],[-68.893422,12.090522],[-68.944732,12.105618],[-68.977773,12.124579],[-69.007436,12.148179],[-69.020253,12.169745],[-69.027211,12.19009],[-69.043609,12.196682],[-69.062896,12.198432],[-69.078603,12.20425],[-69.091908,12.219875],[-69.12267,12.269029],[-69.134389,12.27733],[-69.148101,12.28441],[-69.159535,12.293362],[-69.164296,12.306952],[-69.161977,12.342841],[-69.163808,12.361884],[-69.171742,12.378892],[-69.166127,12.387844],[-69.161204,12.391506],[-69.156239,12.390611],[-69.150624,12.385728],[-69.107777,12.367825],[-69.089589,12.356879],[-69.071523,12.341376],[-69.060414,12.322577],[-69.049957,12.276109],[-69.040761,12.256049],[-69.004018,12.221666],[-68.961293,12.201361],[-68.835276,12.171047],[-68.82079,12.16234],[-68.814809,12.149604],[-68.811838,12.12934],[-68.804026,12.117011],[-68.780751,12.097805]]]]}},{"type":"Feature","properties":{"shapeName":"Bonaire (Netherlands)","shapeISO":"NL-BQ1"},"geometry":{"type":"MultiPolygon","coordinates":[[[[-68.211537,12.228095],[-68.204661,12.223212],[-68.194203,12.213935],[-68.190012,12.20482],[-68.201568,12.200832],[-68.210846,12.19009],[-68.203603,12.137763],[-68.205312,12.118232],[-68.213938,12.111802],[-68.232167,12.110745],[-68.23884,12.10456],[-68.238352,12.095771],[-68.228342,12.069973],[-68.225819,12.060248],[-68.227528,12.050727],[-68.231842,12.037991],[-68.237294,12.026801],[-68.242543,12.02204],[-68.254221,12.023627],[-68.259674,12.028062],[-68.280629,12.072211],[-68.28539,12.090074],[-68.287262,12.108303],[-68.282826,12.139594],[-68.282216,12.159898],[-68.287262,12.180325],[-68.302561,12.202948],[-68.321278,12.213853],[-68.369781,12.221259],[-68.391835,12.227769],[-68.410715,12.240302],[-68.417388,12.257025],[-68.40331,12.276516],[-68.410756,12.282701],[-68.406484,12.294623],[-68.400054,12.304389],[-68.390452,12.310207],[-68.376617,12.310045],[-68.36148,12.302191],[-68.340443,12.27497],[-68.331899,12.269029],[-68.314849,12.264838],[-68.252512,12.235541],[-68.22053,12.231147],[-68.211537,12.228095]]]]}},{"type":"Feature","properties":{"shapeName":"Saba (Netherlands)","shapeISO":"NL-BQ2"},"geometry":{"type":"MultiPolygon","coordinates":[[[[-63.238433,17.646918],[-63.230295,17.64232],[-63.223704,17.629218],[-63.229482,17.618232],[-63.238393,17.614691],[-63.251332,17.623765],[-63.248931,17.640367],[-63.238433,17.646918]]]]}},{"type":"Feature","properties":{"shapeName":"Sint Eustatius (Netherlands)","shapeISO":"NL-BQ3"},"geometry":{"type":"MultiPolygon","coordinates":[[[[-62.997141,17.525621],[-62.983797,17.517683],[-62.977254,17.504137],[-62.965257,17.498916],[-62.945065,17.485384],[-62.948904,17.472375],[-62.958723,17.464571],[-62.981086,17.467724],[-62.9947,17.492133],[-62.997141,17.525621]]]]}}]}
