order	source_mapping	simplified	traditional	pinyin	taiwan_pinyin	meaning	simplified_sentence	traditional_sentence	example_source	example_source_id	source_sentence	pinyin_source	taiwan_pinyin_source
1	6_1	工厂	工廠	gōng chǎng		factory	这家工厂很大。	這家工廠很大。	preexisting			CC-CEDICT	
2	8_0	古人	古人	gǔ rén		people of ancient times	古人有时会占卜。	古人有時會占卜。	preexisting			CC-CEDICT	
3	8_0	有时	有時	yǒu shí		sometimes	古人有时会占卜。	古人有時會占卜。	preexisting			CC-CEDICT	
4	8_0	占卜	占卜	zhān bǔ		to divine	古人有时会占卜。	古人有時會占卜。	preexisting			CC-CEDICT	
5	8_1	一个	一個	yī ge		a	我买了一个萝卜。	我買了一個蘿蔔。	preexisting			CC-CEDICT	
6	8_1	萝卜	蘿蔔	luó bo	luó bó	radish	我买了一个萝卜。	我買了一個蘿蔔。	preexisting			CC-CEDICT	Taiwan MOE Concise Dictionary
7	12_1	儿童	兒童	ér tóng		child	儿童需要保护。	兒童需要保護。	preexisting			CC-CEDICT	
8	12_1	需要	需要	xū yào		to need	儿童需要保护。	兒童需要保護。	preexisting			CC-CEDICT	
9	12_1	保护	保護	bǎo hù		to protect	儿童需要保护。	兒童需要保護。	preexisting			CC-CEDICT	
10	14_0	杯子	杯子	bēi zi		cup	杯子放在茶几上。	杯子放在茶几上。	preexisting			CC-CEDICT	
11	14_0	茶几	茶几	chá jī		small side table	杯子放在茶几上。	杯子放在茶几上。	preexisting			CC-CEDICT	
12	14_1	这里	這裡	zhè lǐ		here	这里有几个苹果。	這裡有幾個蘋果。	preexisting			CC-CEDICT	
13	14_1	几个	幾個	jǐ ge		a few	这里有几个苹果。	這裡有幾個蘋果。	preexisting			CC-CEDICT	
14	14_1	苹果	蘋果	píng guǒ		apple	这里有几个苹果。	這裡有幾個蘋果。	preexisting			CC-CEDICT	
15	17_0	已经	已經	yǐ jīng		already	他已经吃了。	他已經吃了。	preexisting			CC-CEDICT	
16	17_1	了解	瞭解	liǎo jiě		to understand	我已经了解事情的经过。	我已經瞭解事情的經過。	preexisting			CC-CEDICT	
17	17_1	事情	事情	shì qing	shì qíng	affair	我已经了解事情的经过。	我已經瞭解事情的經過。	preexisting			CC-CEDICT	Taiwan MOE Concise Dictionary
18	17_1	经过	經過	jīng guò		to pass	我已经了解事情的经过。	我已經瞭解事情的經過。	preexisting			CC-CEDICT	
19	23_0	不要	不要	bù yào		don't!	请不要干涉。	請不要干涉。	preexisting			CC-CEDICT	
20	23_0	干涉	干涉	gān shè		to interfere	请不要干涉。	請不要干涉。	preexisting			CC-CEDICT	
21	23_1	今天	今天	jīn tiān		today	今天天气很干燥。	今天天氣很乾燥。	preexisting			CC-CEDICT	
22	23_1	天气	天氣	tiān qì		weather	今天天气很干燥。	今天天氣很乾燥。	preexisting			CC-CEDICT	
23	23_1	干燥	乾燥	gān zào		dry	今天天气很干燥。	今天天氣很乾燥。	preexisting			CC-CEDICT	
24	23_2	正在	正在	zhèng zài		to be in the process of	他正在干活。	他正在幹活。	preexisting			CC-CEDICT	
25	23_2	干活	幹活	gàn huó		to work	他正在干活。	他正在幹活。	preexisting			CC-CEDICT	
26	25_1	天天	天天	tiān tiān		every day	我天天在这里做买卖，不会让你吃亏的！	我天天在這裡做買賣，不會讓你吃虧的！	tatoeba	420746	我天天在这里做买卖，不会让你吃亏的！	CC-CEDICT	
27	25_1	买卖	買賣	mǎi mai	mǎi mài	business; trade	我天天在这里做买卖，不会让你吃亏的！	我天天在這裡做買賣，不會讓你吃虧的！	tatoeba	420746	我天天在这里做买卖，不会让你吃亏的！	CC-CEDICT	Taiwan MOE Concise Dictionary
28	25_1	不会	不會	bù huì		improbable	我天天在这里做买卖，不会让你吃亏的！	我天天在這裡做買賣，不會讓你吃虧的！	tatoeba	420746	我天天在这里做买卖，不会让你吃亏的！	CC-CEDICT	
29	25_1	吃亏	吃虧	chī kuī		to suffer losses	我天天在这里做买卖，不会让你吃亏的！	我天天在這裡做買賣，不會讓你吃虧的！	tatoeba	420746	我天天在这里做买卖，不会让你吃亏的！	CC-CEDICT	
30	29_0	公司	公司	gōng sī		company	公司需要人才。	公司需要人才。	preexisting			CC-CEDICT	
31	29_0	人才	人才	rén cái		talent	公司需要人才。	公司需要人才。	preexisting			CC-CEDICT	
32	29_1	刚才	剛纔	gāng cái		just now	他刚才来了。	他剛纔來了。	preexisting			CC-CEDICT	
33	34_1	一起	一起	yī qǐ		the same place	我想与你一起去看海。	我想與你一起去看海。	authored			CC-CEDICT	
34	35_0	复姓	複姓	fù xìng		two-character surname	万俟是一个复姓。	万俟是一個複姓。	preexisting			CC-CEDICT	
35	35_1	万人	萬人	wàn rén		ten thousand people	这里有一万人。	這裡有一萬人。	preexisting			CC-CEDICT	
36	41_0	千米	千米	qiān mǐ		kilometer	一千米并不远。	一千米並不遠。	preexisting			CC-CEDICT	
37	41_0	并不	並不	bìng bù		not at all	一千米并不远。	一千米並不遠。	preexisting			CC-CEDICT	
38	41_1	孩子	孩子	hái zi		child	孩子在荡秋千。	孩子在盪鞦韆。	preexisting			CC-CEDICT	
39	41_1	荡秋千	盪鞦韆	dàng qiū qiān		to swing	孩子在荡秋千。	孩子在盪鞦韆。	preexisting			CC-CEDICT	
40	44_1	工程	工程	gōng chéng		engineering	这项工程耗资一亿元。	這項工程耗資一億元。	authored			CC-CEDICT	
41	44_1	耗资	耗資	hào zī		to spend	这项工程耗资一亿元。	這項工程耗資一億元。	authored			CC-CEDICT	
42	45_1	完成	完成	wán chéng		to complete	她一个人完成了任务。	她一個人完成了任務。	authored			CC-CEDICT	
43	45_1	任务	任務	rèn wu	rèn wù	mission	她一个人完成了任务。	她一個人完成了任務。	authored			CC-CEDICT	Taiwan MOE Concise Dictionary
44	48_1	什么	什麼	shén me		what?	你在看什么？	你在看什麼？	preexisting			CC-CEDICT	
45	53_1	我们	我們	wǒ men		we	我们在广场见面。	我們在廣場見面。	preexisting			CC-CEDICT	
46	53_1	广场	廣場	guǎng chǎng		public square	我们在广场见面。	我們在廣場見面。	preexisting			CC-CEDICT	
47	53_1	见面	見面	jiàn miàn		to meet	我们在广场见面。	我們在廣場見面。	preexisting			CC-CEDICT	
48	55_1	前边	前邊	qián bian	qián biān	front	前边儿是天安门。	前邊兒是天安門。	tatoeba	1216101	前边儿是天安门。	CC-CEDICT	Taiwan MOE Concise Dictionary
49	55_1	天安门	天安門	tiān ān mén		Tiananmen Gate	前边儿是天安门。	前邊兒是天安門。	tatoeba	1216101	前边儿是天安门。	CC-CEDICT	
50	57_1	讨论	討論	tǎo lùn		to discuss	这本书讨论社会主义的发展。	這本書討論社會主義的發展。	authored			CC-CEDICT	
51	57_1	社会	社會	shè huì		society	这本书讨论社会主义的发展。	這本書討論社會主義的發展。	authored			CC-CEDICT	
52	57_1	主义	主義	zhǔ yì		-ism	这本书讨论社会主义的发展。	這本書討論社會主義的發展。	authored			CC-CEDICT	
53	57_1	发展	發展	fā zhǎn		development	这本书讨论社会主义的发展。	這本書討論社會主義的發展。	authored			CC-CEDICT	
54	65_1	多久	多久	duō jiǔ		how long?	你家好脏啊！你多久没打扫卫生？	你家好髒啊！你多久沒打掃衛生？	tatoeba	3479866	你家好脏啊！你多久没打扫卫生？	CC-CEDICT	
55	65_1	打扫	打掃	dǎ sǎo		to clean	你家好脏啊！你多久没打扫卫生？	你家好髒啊！你多久沒打掃衛生？	tatoeba	3479866	你家好脏啊！你多久没打扫卫生？	CC-CEDICT	
56	65_1	卫生	衛生	wèi shēng		hygienic	你家好脏啊！你多久没打扫卫生？	你家好髒啊！你多久沒打掃衛生？	tatoeba	3479866	你家好脏啊！你多久没打扫卫生？	CC-CEDICT	
57	69_1	如今	如今	rú jīn		nowadays	如今很多的货物都由飞机运送。	如今很多的貨物都由飛機運送。	tatoeba	408272	如今很多的货物都由飞机运送。	CC-CEDICT	
58	69_1	货物	貨物	huò wù		goods	如今很多的货物都由飞机运送。	如今很多的貨物都由飛機運送。	tatoeba	408272	如今很多的货物都由飞机运送。	CC-CEDICT	
59	69_1	飞机	飛機	fēi jī		airplane	如今很多的货物都由飞机运送。	如今很多的貨物都由飛機運送。	tatoeba	408272	如今很多的货物都由飞机运送。	CC-CEDICT	
60	69_1	运送	運送	yùn sòng		to transport	如今很多的货物都由飞机运送。	如今很多的貨物都由飛機運送。	tatoeba	408272	如今很多的货物都由飞机运送。	CC-CEDICT	
61	70_1	电视	電視	diàn shì		television	你开着电视怎么能安心学习呢？	你開著電視怎麼能安心學習呢？	tatoeba	717323	你开着电视怎么能安心学习呢？	CC-CEDICT	
62	70_1	怎么	怎麼	zěn me		how?	你开着电视怎么能安心学习呢？	你開著電視怎麼能安心學習呢？	tatoeba	717323	你开着电视怎么能安心学习呢？	CC-CEDICT	
63	70_1	安心	安心	ān xīn		at ease	你开着电视怎么能安心学习呢？	你開著電視怎麼能安心學習呢？	tatoeba	717323	你开着电视怎么能安心学习呢？	CC-CEDICT	
64	70_1	学习	學習	xué xí		to learn	你开着电视怎么能安心学习呢？	你開著電視怎麼能安心學習呢？	tatoeba	717323	你开着电视怎么能安心学习呢？	CC-CEDICT	
65	72_1	将军	將軍	jiāng jūn		general	将军清点了所有人马。	將軍清點了所有人馬。	authored			CC-CEDICT	
66	72_1	所有	所有	suǒ yǒu		all	将军清点了所有人马。	將軍清點了所有人馬。	authored			CC-CEDICT	
67	72_1	人马	人馬	rén mǎ		men and horses	将军清点了所有人马。	將軍清點了所有人馬。	authored			CC-CEDICT	
68	73_1	城乡	城鄉	chéng xiāng		city and countryside	城乡之间的交通越来越便利。	城鄉之間的交通越來越便利。	authored			CC-CEDICT	
69	73_1	之间	之間	zhī jiān		between	城乡之间的交通越来越便利。	城鄉之間的交通越來越便利。	authored			CC-CEDICT	
70	73_1	交通	交通	jiāo tōng		to be connected	城乡之间的交通越来越便利。	城鄉之間的交通越來越便利。	authored			CC-CEDICT	
71	73_1	越来越	越來越	yuè lái yuè		more and more	城乡之间的交通越来越便利。	城鄉之間的交通越來越便利。	authored			CC-CEDICT	
72	73_1	便利	便利	biàn lì		convenient	城乡之间的交通越来越便利。	城鄉之間的交通越來越便利。	authored			CC-CEDICT	
73	74_0	传说	傳說	chuán shuō		legend	传说张三丰精通武术。	傳說張三丰精通武術。	authored			CC-CEDICT	
74	74_0	张三	張三	zhāng sān		wolf	传说张三丰精通武术。	傳說張三丰精通武術。	authored			CC-CEDICT	
75	74_0	精通	精通	jīng tōng		to be proficient in	传说张三丰精通武术。	傳說張三丰精通武術。	authored			CC-CEDICT	
76	74_0	武术	武術	wǔ shù		military skill or technique	传说张三丰精通武术。	傳說張三丰精通武術。	authored			CC-CEDICT	
77	74_1	印度	印度	yìn dù		India	印度是一个烹饪文化丰富的地区。	印度是一個烹飪文化豐富的地區。	tatoeba	487621	印度是一个烹饪文化丰富的地区。	CC-CEDICT	
78	74_1	烹饪	烹飪	pēng rèn		cooking	印度是一个烹饪文化丰富的地区。	印度是一個烹飪文化豐富的地區。	tatoeba	487621	印度是一个烹饪文化丰富的地区。	CC-CEDICT	
79	74_1	文化	文化	wén huà		culture	印度是一个烹饪文化丰富的地区。	印度是一個烹飪文化豐富的地區。	tatoeba	487621	印度是一个烹饪文化丰富的地区。	CC-CEDICT	
80	74_1	丰富	豐富	fēng fù		to enrich	印度是一个烹饪文化丰富的地区。	印度是一個烹飪文化豐富的地區。	tatoeba	487621	印度是一个烹饪文化丰富的地区。	CC-CEDICT	
81	74_1	地区	地區	dì qū		region	印度是一个烹饪文化丰富的地区。	印度是一個烹飪文化豐富的地區。	tatoeba	487621	印度是一个烹饪文化丰富的地区。	CC-CEDICT	
82	76_1	计划	計劃	jì huà		plan	我们的计划从一开始就出错了。	我們的計劃從一開始就出錯了。	tatoeba	332616	我们的计划从一开始就出错了。	CC-CEDICT	
83	76_1	开始	開始	kāi shǐ		to begin	我们的计划从一开始就出错了。	我們的計劃從一開始就出錯了。	tatoeba	332616	我们的计划从一开始就出错了。	CC-CEDICT	
84	81_1	因为	因為	yīn wèi		because	他因为太疲劳而无法继续前进。	他因為太疲勞而無法繼續前進。	tatoeba	432907	他因为太疲劳而无法继续前进。	CC-CEDICT	
85	81_1	疲劳	疲勞	pí láo		fatigue	他因为太疲劳而无法继续前进。	他因為太疲勞而無法繼續前進。	tatoeba	432907	他因为太疲劳而无法继续前进。	CC-CEDICT	
86	81_1	无法	無法	wú fǎ		unable to	他因为太疲劳而无法继续前进。	他因為太疲勞而無法繼續前進。	tatoeba	432907	他因为太疲劳而无法继续前进。	CC-CEDICT	
87	81_1	继续	繼續	jì xù		to continue	他因为太疲劳而无法继续前进。	他因為太疲勞而無法繼續前進。	tatoeba	432907	他因为太疲劳而无法继续前进。	CC-CEDICT	
88	81_1	前进	前進	qián jìn		to go forward	他因为太疲劳而无法继续前进。	他因為太疲勞而無法繼續前進。	tatoeba	432907	他因为太疲劳而无法继续前进。	CC-CEDICT	
89	82_0	半天	半天	bàn tiān		half of the day	他讲了半天，我还是不知所云。	他講了半天，我還是不知所云。	authored			CC-CEDICT	
90	82_0	还是	還是	hái shi	hái shì	still	他讲了半天，我还是不知所云。	他講了半天，我還是不知所云。	authored			CC-CEDICT	Taiwan MOE Concise Dictionary
91	82_0	不知所云	不知所云	bù zhī suǒ yún		to not know what sb is driving at	他讲了半天，我还是不知所云。	他講了半天，我還是不知所云。	authored			CC-CEDICT	
92	82_1	明年	明年	míng nián		next year	我们明年想去云南旅行。	我們明年想去雲南旅行。	authored			CC-CEDICT	
93	82_1	云南	雲南	yún nán		Yunnan	我们明年想去云南旅行。	我們明年想去雲南旅行。	authored			CC-CEDICT	
94	82_1	旅行	旅行	lǚ xíng		to travel	我们明年想去云南旅行。	我們明年想去雲南旅行。	authored			CC-CEDICT	
95	83_1	这个	這個	zhè ge		this	这个学校开设了亚非文学专业。	這個學校開設了亞非文學專業。	tatoeba	9989907	这个学校开设了亚非文学专业。	CC-CEDICT	
96	83_1	学校	學校	xué xiào		school	这个学校开设了亚非文学专业。	這個學校開設了亞非文學專業。	tatoeba	9989907	这个学校开设了亚非文学专业。	CC-CEDICT	
97	83_1	开设	開設	kāi shè		to offer	这个学校开设了亚非文学专业。	這個學校開設了亞非文學專業。	tatoeba	9989907	这个学校开设了亚非文学专业。	CC-CEDICT	
98	83_1	文学	文學	wén xué		literature	这个学校开设了亚非文学专业。	這個學校開設了亞非文學專業。	tatoeba	9989907	这个学校开设了亚非文学专业。	CC-CEDICT	
99	83_1	专业	專業	zhuān yè		specialty	这个学校开设了亚非文学专业。	這個學校開設了亞非文學專業。	tatoeba	9989907	这个学校开设了亚非文学专业。	CC-CEDICT	
100	86_1	日本	日本	rì běn		Japan	他是日本最伟大的艺术家之一。	他是日本最偉大的藝術家之一。	tatoeba	332835	他是日本最伟大的艺术家之一。	CC-CEDICT	
101	86_1	伟大	偉大	wěi dà		huge	他是日本最伟大的艺术家之一。	他是日本最偉大的藝術家之一。	tatoeba	332835	他是日本最伟大的艺术家之一。	CC-CEDICT	
102	86_1	艺术	藝術	yì shù		art	他是日本最伟大的艺术家之一。	他是日本最偉大的藝術家之一。	tatoeba	332835	他是日本最伟大的艺术家之一。	CC-CEDICT	
103	86_1	之一	之一	zhī yī		one of	他是日本最伟大的艺术家之一。	他是日本最偉大的藝術家之一。	tatoeba	332835	他是日本最伟大的艺术家之一。	CC-CEDICT	
104	90_1	汤姆	湯姆	tāng mǔ		Tom	汤姆把夹克挂在大厅衣柜里。	湯姆把夾克掛在大廳衣櫃裡。	tatoeba	5624956	湯姆把夾克掛在大廳衣櫃裡。	CC-CEDICT	
105	90_1	夹克	夾克	jiā kè	jiá kè	jacket	汤姆把夹克挂在大厅衣柜里。	湯姆把夾克掛在大廳衣櫃裡。	tatoeba	5624956	湯姆把夾克掛在大廳衣櫃裡。	CC-CEDICT	Taiwan MOE Concise Dictionary
106	90_1	大厅	大廳	dà tīng		hall	汤姆把夹克挂在大厅衣柜里。	湯姆把夾克掛在大廳衣櫃裡。	tatoeba	5624956	湯姆把夾克掛在大廳衣櫃裡。	CC-CEDICT	
107	90_1	衣柜	衣櫃	yī guì		wardrobe	汤姆把夹克挂在大厅衣柜里。	湯姆把夾克掛在大廳衣櫃裡。	tatoeba	5624956	湯姆把夾克掛在大廳衣櫃裡。	CC-CEDICT	
108	94_1	名字	名字	míng zi		name	他的名字在这个地区人尽皆知。	他的名字在這個地區人盡皆知。	tatoeba	1325276	他的名字在这个地区人尽皆知。	CC-CEDICT	
109	94_1	人尽皆知	人盡皆知	rén jìn jiē zhī		known to everyone	他的名字在这个地区人尽皆知。	他的名字在這個地區人盡皆知。	tatoeba	1325276	他的名字在这个地区人尽皆知。	CC-CEDICT	
110	95_1	具有	具有	jù yǒu		to have	这是一个具有历史价值的城市。	這是一個具有歷史價值的城市。	tatoeba	606893	这是一个具有历史价值的城市。	CC-CEDICT	
111	95_1	历史	歷史	lì shǐ		history	这是一个具有历史价值的城市。	這是一個具有歷史價值的城市。	tatoeba	606893	这是一个具有历史价值的城市。	CC-CEDICT	
112	95_1	价值	價值	jià zhí		value	这是一个具有历史价值的城市。	這是一個具有歷史價值的城市。	tatoeba	606893	这是一个具有历史价值的城市。	CC-CEDICT	
113	95_1	城市	城市	chéng shì		city	这是一个具有历史价值的城市。	這是一個具有歷史價值的城市。	tatoeba	606893	这是一个具有历史价值的城市。	CC-CEDICT	
114	95_2	瓷器	瓷器	cí qì		chinaware	这件瓷器制于万历年间。	這件瓷器制於萬曆年間。	authored			CC-CEDICT	
115	95_2	历年	曆年	lì nián		calendar year	这件瓷器制于万历年间。	這件瓷器制於萬曆年間。	authored			CC-CEDICT	
116	100_1	出租	出租	chū zū		to rent	别等啦，我来招一辆出租汽车。	別等啦，我來招一輛出租汽車。	tatoeba	420478	别等啦，我来招一辆出租汽车。	CC-CEDICT	
117	100_1	汽车	汽車	qì chē		car	别等啦，我来招一辆出租汽车。	別等啦，我來招一輛出租汽車。	tatoeba	420478	别等啦，我来招一辆出租汽车。	CC-CEDICT	
118	114_1	那个	那個	nà ge		that one	这个球是那个男孩的宝贝。	這個球是那個男孩的寶貝。	tatoeba	392260	这个球是那个男孩的宝贝。	CC-CEDICT	
119	114_1	男孩	男孩	nán hái		boy	这个球是那个男孩的宝贝。	這個球是那個男孩的寶貝。	tatoeba	392260	这个球是那个男孩的宝贝。	CC-CEDICT	
120	114_1	宝贝	寶貝	bǎo bèi		treasured object	这个球是那个男孩的宝贝。	這個球是那個男孩的寶貝。	tatoeba	392260	这个球是那个男孩的宝贝。	CC-CEDICT	
121	115_1	位于	位於	wèi yú		to be located at	黄冈位于湖北省东部。	黃岡位於湖北省東部。	authored			CC-CEDICT	
122	115_1	湖北省	湖北省	hú běi shěng		Hubei Province	黄冈位于湖北省东部。	黃岡位於湖北省東部。	authored			CC-CEDICT	
123	115_1	东部	東部	dōng bù		the east	黄冈位于湖北省东部。	黃岡位於湖北省東部。	authored			CC-CEDICT	
124	118_1	意见	意見	yì jiàn		idea	是在这点上我们的意见有分歧。	是在這點上我們的意見有分歧。	tatoeba	333944	是在这点上我们的意见有分歧。	CC-CEDICT	
125	118_1	分歧	分歧	fēn qí		divergent	是在这点上我们的意见有分歧。	是在這點上我們的意見有分歧。	tatoeba	333944	是在这点上我们的意见有分歧。	CC-CEDICT	
126	122_1	总体	總體	zǒng tǐ		completely	总体上说，日本的气候温和。	總體上說，日本的氣候溫和。	tatoeba	426884	总体上说，日本的气候温和。	CC-CEDICT	
127	122_1	气候	氣候	qì hòu		climate	总体上说，日本的气候温和。	總體上說，日本的氣候溫和。	tatoeba	426884	总体上说，日本的气候温和。	CC-CEDICT	
128	122_1	温和	溫和	wēn hé		mild	总体上说，日本的气候温和。	總體上說，日本的氣候溫和。	tatoeba	426884	总体上说，日本的气候温和。	CC-CEDICT	
129	127_1	跟着	跟著	gēn zhe		to follow after	跟着岁数增长他变得比以前倔。	跟著歲數增長他變得比以前倔。	tatoeba	4440148	跟着岁数增长他变得比以前倔。	CC-CEDICT	
130	127_1	岁数	歲數	suì shu	suì shù	age	跟着岁数增长他变得比以前倔。	跟著歲數增長他變得比以前倔。	tatoeba	4440148	跟着岁数增长他变得比以前倔。	CC-CEDICT	Taiwan MOE Concise Dictionary
131	127_1	增长	增長	zēng zhǎng		to grow	跟着岁数增长他变得比以前倔。	跟著歲數增長他變得比以前倔。	tatoeba	4440148	跟着岁数增长他变得比以前倔。	CC-CEDICT	
132	127_1	变得	變得	biàn de		to become	跟着岁数增长他变得比以前倔。	跟著歲數增長他變得比以前倔。	tatoeba	4440148	跟着岁数增长他变得比以前倔。	CC-CEDICT	
133	127_1	以前	以前	yǐ qián		before	跟着岁数增长他变得比以前倔。	跟著歲數增長他變得比以前倔。	tatoeba	4440148	跟着岁数增长他变得比以前倔。	CC-CEDICT	
134	131_0	救援	救援	jiù yuán		to save	救援人员前仆后继地冲进火场。	救援人員前仆後繼地衝進火場。	authored			CC-CEDICT	
135	131_0	人员	人員	rén yuán		staff	救援人员前仆后继地冲进火场。	救援人員前仆後繼地衝進火場。	authored			CC-CEDICT	
136	131_0	冲进	衝進	chōng jìn		to rush in	救援人员前仆后继地冲进火场。	救援人員前仆後繼地衝進火場。	authored			CC-CEDICT	
137	131_1	心灵	心靈	xīn líng		bright	心灵应该当一个好仆人，但心应该是主人。	心靈應該當一個好僕人，但心應該是主人。	tatoeba	828800	心靈應該當一個好僕人，但心應該是主人。	CC-CEDICT	
138	131_1	应该	應該	yīng gāi		ought to	心灵应该当一个好仆人，但心应该是主人。	心靈應該當一個好僕人，但心應該是主人。	tatoeba	828800	心靈應該當一個好僕人，但心應該是主人。	CC-CEDICT	
139	131_1	仆人	僕人	pú rén		servant	心灵应该当一个好仆人，但心应该是主人。	心靈應該當一個好僕人，但心應該是主人。	tatoeba	828800	心靈應該當一個好僕人，但心應該是主人。	CC-CEDICT	
140	131_1	主人	主人	zhǔ rén		owner	心灵应该当一个好仆人，但心应该是主人。	心靈應該當一個好僕人，但心應該是主人。	tatoeba	828800	心靈應該當一個好僕人，但心應該是主人。	CC-CEDICT	
141	134_1	通用	通用	tōng yòng		to use anywhere	在商朝，贝朋为通用货币。	在商朝，貝朋為通用貨幣。	tatoeba	6039669	在商朝，貝朋為通用貨幣。	CC-CEDICT	
142	134_1	货币	貨幣	huò bì		currency	在商朝，贝朋为通用货币。	在商朝，貝朋為通用貨幣。	tatoeba	6039669	在商朝，貝朋為通用貨幣。	CC-CEDICT	
143	136_1	不仅	不僅	bù jǐn		not just	不仅他们，连我也被老师罚了。	不僅他們，連我也被老師罰了。	tatoeba	334733	不仅他们，连我也被老师罚了。	CC-CEDICT	
144	136_1	他们	他們	tā men		they	不仅他们，连我也被老师罚了。	不僅他們，連我也被老師罰了。	tatoeba	334733	不仅他们，连我也被老师罚了。	CC-CEDICT	
145	136_1	老师	老師	lǎo shī		teacher	不仅他们，连我也被老师罚了。	不僅他們，連我也被老師罰了。	tatoeba	334733	不仅他们，连我也被老师罚了。	CC-CEDICT	
146	142_1	丹尼尔	丹尼爾	dān ní ěr		Daniel	丹尼尔开始花更多时间陪伴阿曼达，从而帮助她康复。	丹尼爾開始花更多時間陪伴阿曼達，從而幫助她康復。	tatoeba	13958137	丹尼爾開始花更多時間陪伴阿曼達，從而幫助她康復。	CC-CEDICT	
147	142_1	时间	時間	shí jiān		time	丹尼尔开始花更多时间陪伴阿曼达，从而帮助她康复。	丹尼爾開始花更多時間陪伴阿曼達，從而幫助她康復。	tatoeba	13958137	丹尼爾開始花更多時間陪伴阿曼達，從而幫助她康復。	CC-CEDICT	
148	142_1	陪伴	陪伴	péi bàn		to accompany	丹尼尔开始花更多时间陪伴阿曼达，从而帮助她康复。	丹尼爾開始花更多時間陪伴阿曼達，從而幫助她康復。	tatoeba	13958137	丹尼爾開始花更多時間陪伴阿曼達，從而幫助她康復。	CC-CEDICT	
149	142_1	阿曼	阿曼	ā màn		Oman	丹尼尔开始花更多时间陪伴阿曼达，从而帮助她康复。	丹尼爾開始花更多時間陪伴阿曼達，從而幫助她康復。	tatoeba	13958137	丹尼爾開始花更多時間陪伴阿曼達，從而幫助她康復。	CC-CEDICT	
150	142_1	从而	從而	cóng ér		thus	丹尼尔开始花更多时间陪伴阿曼达，从而帮助她康复。	丹尼爾開始花更多時間陪伴阿曼達，從而幫助她康復。	tatoeba	13958137	丹尼爾開始花更多時間陪伴阿曼達，從而幫助她康復。	CC-CEDICT	
151	142_1	帮助	幫助	bāng zhù		assistance	丹尼尔开始花更多时间陪伴阿曼达，从而帮助她康复。	丹尼爾開始花更多時間陪伴阿曼達，從而幫助她康復。	tatoeba	13958137	丹尼爾開始花更多時間陪伴阿曼達，從而幫助她康復。	CC-CEDICT	
152	142_1	康复	康復	kāng fù		to recuperate	丹尼尔开始花更多时间陪伴阿曼达，从而帮助她康复。	丹尼爾開始花更多時間陪伴阿曼達，從而幫助她康復。	tatoeba	13958137	丹尼爾開始花更多時間陪伴阿曼達，從而幫助她康復。	CC-CEDICT	
153	143_1	战役	戰役	zhàn yì		military campaign	这场战役让拿破仑称霸了整个欧洲。	這場戰役讓拿破侖稱霸了整個歐洲。	tatoeba	425949	這場戰役讓拿破崙稱霸了整個歐洲。	CC-CEDICT	
154	143_1	拿破仑	拿破侖	ná pò lún		Napoleon	这场战役让拿破仑称霸了整个欧洲。	這場戰役讓拿破侖稱霸了整個歐洲。	tatoeba	425949	這場戰役讓拿破崙稱霸了整個歐洲。	CC-CEDICT	
155	143_1	整个	整個	zhěng gè		whole	这场战役让拿破仑称霸了整个欧洲。	這場戰役讓拿破侖稱霸了整個歐洲。	tatoeba	425949	這場戰役讓拿破崙稱霸了整個歐洲。	CC-CEDICT	
156	143_1	欧洲	歐洲	ōu zhōu		Europe	这场战役让拿破仑称霸了整个欧洲。	這場戰役讓拿破侖稱霸了整個歐洲。	tatoeba	425949	這場戰役讓拿破崙稱霸了整個歐洲。	CC-CEDICT	
157	149_1	仓库	倉庫	cāng kù		depot	仓库物料搬运设备有哪些？	倉庫物料搬運裝置有哪些？	tatoeba	9810323	仓库物料搬运设备有哪些？	CC-CEDICT	
158	149_1	物料	物料	wù liào		material	仓库物料搬运设备有哪些？	倉庫物料搬運裝置有哪些？	tatoeba	9810323	仓库物料搬运设备有哪些？	CC-CEDICT	
159	149_1	搬运	搬運	bān yùn		to transport	仓库物料搬运设备有哪些？	倉庫物料搬運裝置有哪些？	tatoeba	9810323	仓库物料搬运设备有哪些？	CC-CEDICT	
160	149_1	设备	裝置	shè bèi	zhuāng zhì	equipment	仓库物料搬运设备有哪些？	倉庫物料搬運裝置有哪些？	tatoeba	9810323	仓库物料搬运设备有哪些？	CC-CEDICT	Taiwan MOE Concise Dictionary
161	149_1	哪些	哪些	nǎ xiē		which ones?	仓库物料搬运设备有哪些？	倉庫物料搬運裝置有哪些？	tatoeba	9810323	仓库物料搬运设备有哪些？	CC-CEDICT	
162	154_1	信用卡	信用卡	xìn yòng kǎ		credit card	信用卡很有用，但也有风险。	信用卡很有用，但也有風險。	tatoeba	375373	信用卡很有用，但也有风险。	CC-CEDICT	
163	154_1	风险	風險	fēng xiǎn		risk	信用卡很有用，但也有风险。	信用卡很有用，但也有風險。	tatoeba	375373	信用卡很有用，但也有风险。	CC-CEDICT	
164	157_1	乌克兰	烏克蘭	wū kè lán		Ukraine	你会说乌克兰语还是俄罗斯语？	你會說烏克蘭語還是俄羅斯語？	tatoeba	10767106	你會說烏克蘭語還是俄羅斯語？	CC-CEDICT	
165	157_1	俄罗斯	俄羅斯	é luó sī		Russia	你会说乌克兰语还是俄罗斯语？	你會說烏克蘭語還是俄羅斯語？	tatoeba	10767106	你會說烏克蘭語還是俄羅斯語？	CC-CEDICT	
166	159_1	中的	中的	zhòng dì		to hit the target	传说中的凤凰从烈火中重生。	傳說中的鳳凰從烈火中重生。	preexisting			CC-CEDICT	
167	159_1	凤凰	鳳凰	fèng huáng		phoenix	传说中的凤凰从烈火中重生。	傳說中的鳳凰從烈火中重生。	preexisting			CC-CEDICT	
168	159_1	烈火	烈火	liè huǒ		raging inferno	传说中的凤凰从烈火中重生。	傳說中的鳳凰從烈火中重生。	preexisting			CC-CEDICT	
169	159_1	重生	重生	chóng shēng		to be reborn	传说中的凤凰从烈火中重生。	傳說中的鳳凰從烈火中重生。	preexisting			CC-CEDICT	
170	165_1	为了	爲了	wèi le		for	为了看野生动物，他去了非洲。	爲了看野生動物，他去了非洲。	tatoeba	437940	为了看野生动物，他去了非洲。	CC-CEDICT	
171	165_1	野生	野生	yě shēng		wild	为了看野生动物，他去了非洲。	爲了看野生動物，他去了非洲。	tatoeba	437940	为了看野生动物，他去了非洲。	CC-CEDICT	
172	165_1	动物	動物	dòng wù		animal	为了看野生动物，他去了非洲。	爲了看野生動物，他去了非洲。	tatoeba	437940	为了看野生动物，他去了非洲。	CC-CEDICT	
173	165_1	非洲	非洲	fēi zhōu		Africa	为了看野生动物，他去了非洲。	爲了看野生動物，他去了非洲。	tatoeba	437940	为了看野生动物，他去了非洲。	CC-CEDICT	
174	166_0	如果	如果	rú guǒ		if	如果你在洋娃娃腹部的侧面上链的话，它就会扭动手臂，翻著筋斗向前前进。	如果你在洋娃娃腹部的側面上鍊的話，它就會扭動手臂，翻著筋斗向前前進。	tatoeba	537359	如果你在洋娃娃腹部的側面上鏈的話，它就會扭動手臂，翻著筋斗向前前進。	CC-CEDICT	
175	166_0	洋娃娃	洋娃娃	yáng wá wa		doll	如果你在洋娃娃腹部的侧面上链的话，它就会扭动手臂，翻著筋斗向前前进。	如果你在洋娃娃腹部的側面上鍊的話，它就會扭動手臂，翻著筋斗向前前進。	tatoeba	537359	如果你在洋娃娃腹部的側面上鏈的話，它就會扭動手臂，翻著筋斗向前前進。	CC-CEDICT	
176	166_0	腹部	腹部	fù bù		abdomen	如果你在洋娃娃腹部的侧面上链的话，它就会扭动手臂，翻著筋斗向前前进。	如果你在洋娃娃腹部的側面上鍊的話，它就會扭動手臂，翻著筋斗向前前進。	tatoeba	537359	如果你在洋娃娃腹部的側面上鏈的話，它就會扭動手臂，翻著筋斗向前前進。	CC-CEDICT	
177	166_0	侧面	側面	cè miàn		lateral side	如果你在洋娃娃腹部的侧面上链的话，它就会扭动手臂，翻著筋斗向前前进。	如果你在洋娃娃腹部的側面上鍊的話，它就會扭動手臂，翻著筋斗向前前進。	tatoeba	537359	如果你在洋娃娃腹部的側面上鏈的話，它就會扭動手臂，翻著筋斗向前前進。	CC-CEDICT	
178	166_0	的话	的話	de huà		if	如果你在洋娃娃腹部的侧面上链的话，它就会扭动手臂，翻著筋斗向前前进。	如果你在洋娃娃腹部的側面上鍊的話，它就會扭動手臂，翻著筋斗向前前進。	tatoeba	537359	如果你在洋娃娃腹部的側面上鏈的話，它就會扭動手臂，翻著筋斗向前前進。	CC-CEDICT	
179	166_0	手臂	手臂	shǒu bì		arm	如果你在洋娃娃腹部的侧面上链的话，它就会扭动手臂，翻著筋斗向前前进。	如果你在洋娃娃腹部的側面上鍊的話，它就會扭動手臂，翻著筋斗向前前進。	tatoeba	537359	如果你在洋娃娃腹部的側面上鏈的話，它就會扭動手臂，翻著筋斗向前前進。	CC-CEDICT	
180	166_0	筋斗	筋斗	jīn dǒu		tumble	如果你在洋娃娃腹部的侧面上链的话，它就会扭动手臂，翻著筋斗向前前进。	如果你在洋娃娃腹部的側面上鍊的話，它就會扭動手臂，翻著筋斗向前前進。	tatoeba	537359	如果你在洋娃娃腹部的側面上鏈的話，它就會扭動手臂，翻著筋斗向前前進。	CC-CEDICT	
181	166_0	向前	向前	xiàng qián		forward	如果你在洋娃娃腹部的侧面上链的话，它就会扭动手臂，翻著筋斗向前前进。	如果你在洋娃娃腹部的側面上鍊的話，它就會扭動手臂，翻著筋斗向前前進。	tatoeba	537359	如果你在洋娃娃腹部的側面上鏈的話，它就會扭動手臂，翻著筋斗向前前進。	CC-CEDICT	
182	166_1	权利	權利	quán lì		right	在权利斗争中，非友即敌。	在權利鬥爭中，非友即敵。	tatoeba	2567618	在权利斗争中，非友即敌。	CC-CEDICT	
183	166_1	斗争	鬥爭	dòu zhēng		a struggle	在权利斗争中，非友即敌。	在權利鬥爭中，非友即敵。	tatoeba	2567618	在权利斗争中，非友即敌。	CC-CEDICT	
184	167_1	一种	一種	yī zhǒng		one kind of	我想找一种提升记忆力的方法。	我想找一種提升記憶力的方法。	tatoeba	1737884	我想找一种提升记忆力的方法。	CC-CEDICT	
185	167_1	提升	提升	tí shēng		to promote	我想找一种提升记忆力的方法。	我想找一種提升記憶力的方法。	tatoeba	1737884	我想找一种提升记忆力的方法。	CC-CEDICT	
186	167_1	记忆	記憶	jì yì		to remember	我想找一种提升记忆力的方法。	我想找一種提升記憶力的方法。	tatoeba	1737884	我想找一种提升记忆力的方法。	CC-CEDICT	
187	167_1	方法	方法	fāng fǎ		method	我想找一种提升记忆力的方法。	我想找一種提升記憶力的方法。	tatoeba	1737884	我想找一种提升记忆力的方法。	CC-CEDICT	
188	169_1	我国	我國	wǒ guó		my country	我国与多个邻国签订了自由贸易协定。	我國與多個鄰國簽訂了自由貿易協定。	tatoeba	13857147	我國與多個鄰國簽訂了自由貿易協定。	CC-CEDICT	
189	169_1	多个	多個	duō ge		many	我国与多个邻国签订了自由贸易协定。	我國與多個鄰國簽訂了自由貿易協定。	tatoeba	13857147	我國與多個鄰國簽訂了自由貿易協定。	CC-CEDICT	
190	169_1	邻国	鄰國	lín guó		neighboring country	我国与多个邻国签订了自由贸易协定。	我國與多個鄰國簽訂了自由貿易協定。	tatoeba	13857147	我國與多個鄰國簽訂了自由貿易協定。	CC-CEDICT	
191	169_1	签订	簽訂	qiān dìng		to agree to and sign	我国与多个邻国签订了自由贸易协定。	我國與多個鄰國簽訂了自由貿易協定。	tatoeba	13857147	我國與多個鄰國簽訂了自由貿易協定。	CC-CEDICT	
192	169_1	自由	自由	zì yóu		freedom	我国与多个邻国签订了自由贸易协定。	我國與多個鄰國簽訂了自由貿易協定。	tatoeba	13857147	我國與多個鄰國簽訂了自由貿易協定。	CC-CEDICT	
193	169_1	贸易	貿易	mào yì		trade	我国与多个邻国签订了自由贸易协定。	我國與多個鄰國簽訂了自由貿易協定。	tatoeba	13857147	我國與多個鄰國簽訂了自由貿易協定。	CC-CEDICT	
194	169_1	协定	協定	xié dìng		agreement	我国与多个邻国签订了自由贸易协定。	我國與多個鄰國簽訂了自由貿易協定。	tatoeba	13857147	我國與多個鄰國簽訂了自由貿易協定。	CC-CEDICT	
195	171_1	认为	認為	rèn wéi		to believe	我不认为他会把你的话听进去。	我不認為他會把你的話聽進去。	tatoeba	346765	我不认为他会把你的话听进去。	CC-CEDICT	
196	171_1	进去	進去	jìn qù		to go in	我不认为他会把你的话听进去。	我不認為他會把你的話聽進去。	tatoeba	346765	我不认为他会把你的话听进去。	CC-CEDICT	
197	173_1	发言	發言	fā yán		to make a speech	他的发言充满讥讽。	他的發言充滿譏諷。	authored			CC-CEDICT	
198	173_1	充满	充滿	chōng mǎn		full of	他的发言充满讥讽。	他的發言充滿譏諷。	authored			CC-CEDICT	
199	173_1	讥讽	譏諷	jī fěng	jī fèng	to satirize	他的发言充满讥讽。	他的發言充滿譏諷。	authored			CC-CEDICT	Taiwan MOE Concise Dictionary
200	177_0	辛丑	辛丑	xīn chǒu		thirty-eighth year H2 of the 60 year cycle	辛丑是干支纪年中的一年。	辛丑是干支紀年中的一年。	authored			CC-CEDICT	
201	177_0	干支	干支	gān zhī		sexagenary cycle	辛丑是干支纪年中的一年。	辛丑是干支紀年中的一年。	authored			CC-CEDICT	
202	177_1	穿着	穿著	chuān zhuó		attire	杰西卡穿着一条丑陋的连衣裙。	傑西卡穿著一條醜陋的連衣裙。	tatoeba	13880624	杰西卡穿着一条丑陋的连衣裙。	CC-CEDICT	
203	177_1	丑陋	醜陋	chǒu lòu		ugly	杰西卡穿着一条丑陋的连衣裙。	傑西卡穿著一條醜陋的連衣裙。	tatoeba	13880624	杰西卡穿着一条丑陋的连衣裙。	CC-CEDICT	
204	177_1	衣裙	衣裙	yī qún		female clothing	杰西卡穿着一条丑陋的连衣裙。	傑西卡穿著一條醜陋的連衣裙。	tatoeba	13880624	杰西卡穿着一条丑陋的连衣裙。	CC-CEDICT	
205	180_1	军队	軍隊	jūn duì		armed forces	军队派遣了后勤部队来支援前线作战。	軍隊派遣了後勤部隊來支援前線作戰。	tatoeba	13786754	軍隊派遣了後勤部隊來支援前線作戰。	CC-CEDICT	
206	180_1	派遣	派遣	pài qiǎn		to send	军队派遣了后勤部队来支援前线作战。	軍隊派遣了後勤部隊來支援前線作戰。	tatoeba	13786754	軍隊派遣了後勤部隊來支援前線作戰。	CC-CEDICT	
207	180_1	后勤	後勤	hòu qín		logistics	军队派遣了后勤部队来支援前线作战。	軍隊派遣了後勤部隊來支援前線作戰。	tatoeba	13786754	軍隊派遣了後勤部隊來支援前線作戰。	CC-CEDICT	
208	180_1	部队	部隊	bù duì		army	军队派遣了后勤部队来支援前线作战。	軍隊派遣了後勤部隊來支援前線作戰。	tatoeba	13786754	軍隊派遣了後勤部隊來支援前線作戰。	CC-CEDICT	
209	180_1	支援	支援	zhī yuán		to provide assistance	军队派遣了后勤部队来支援前线作战。	軍隊派遣了後勤部隊來支援前線作戰。	tatoeba	13786754	軍隊派遣了後勤部隊來支援前線作戰。	CC-CEDICT	
210	180_1	前线	前線	qián xiàn		front line	军队派遣了后勤部队来支援前线作战。	軍隊派遣了後勤部隊來支援前線作戰。	tatoeba	13786754	軍隊派遣了後勤部隊來支援前線作戰。	CC-CEDICT	
211	180_1	作战	作戰	zuò zhàn		combat	军队派遣了后勤部队来支援前线作战。	軍隊派遣了後勤部隊來支援前線作戰。	tatoeba	13786754	軍隊派遣了後勤部隊來支援前線作戰。	CC-CEDICT	
212	181_1	绞尽脑汁	絞盡腦汁	jiǎo jìn nǎo zhī		to rack one's brains	他绞尽脑汁想办法搞定这件事。	他絞盡腦汁想辦法搞定這件事。	tatoeba	345760	他绞尽脑汁想办法搞定这件事。	CC-CEDICT	
213	181_1	办法	辦法	bàn fǎ		way of handling sth	他绞尽脑汁想办法搞定这件事。	他絞盡腦汁想辦法搞定這件事。	tatoeba	345760	他绞尽脑汁想办法搞定这件事。	CC-CEDICT	
214	181_1	搞定	搞定	gǎo dìng		to fix	他绞尽脑汁想办法搞定这件事。	他絞盡腦汁想辦法搞定這件事。	tatoeba	345760	他绞尽脑汁想办法搞定这件事。	CC-CEDICT	
215	185_1	介绍	介紹	jiè shào		to introduce	历史课上介绍了邓小平。	歷史課上介紹了鄧小平。	authored			CC-CEDICT	
216	185_1	邓小平	鄧小平	dèng xiǎo píng		Deng Xiaoping	历史课上介绍了邓小平。	歷史課上介紹了鄧小平。	authored			CC-CEDICT	
217	186_1	劝说	勸說	quàn shuō		to persuade	在我的劝说下，她终于决定留下来了。	在我的勸說下，她終於決定留下來了。	tatoeba	3205560	在我的劝说下，她终于决定留下来了。	CC-CEDICT	
218	186_1	终于	終於	zhōng yú		at last	在我的劝说下，她终于决定留下来了。	在我的勸說下，她終於決定留下來了。	tatoeba	3205560	在我的劝说下，她终于决定留下来了。	CC-CEDICT	
219	186_1	决定	決定	jué dìng		to decide	在我的劝说下，她终于决定留下来了。	在我的勸說下，她終於決定留下來了。	tatoeba	3205560	在我的劝说下，她终于决定留下来了。	CC-CEDICT	
220	186_1	留下	留下	liú xià		to leave behind	在我的劝说下，她终于决定留下来了。	在我的勸說下，她終於決定留下來了。	tatoeba	3205560	在我的劝说下，她终于决定留下来了。	CC-CEDICT	
221	187_1	首先	首先	shǒu xiān		first of all	首先，我要听听双方的意见。	首先，我要聽聽雙方的意見。	tatoeba	333844	首先，我要听听双方的意见。	CC-CEDICT	
222	187_1	双方	雙方	shuāng fāng		bilateral	首先，我要听听双方的意见。	首先，我要聽聽雙方的意見。	tatoeba	333844	首先，我要听听双方的意见。	CC-CEDICT	
223	188_1	直到	直到	zhí dào		until	直到党委书记出面加以解释，才算打消了这种想法。	直到黨委書記出面加以解釋，才算打消了這種想法。	tatoeba	2367446	直到党委书记出面加以解释，才算打消了这种想法。	CC-CEDICT	
224	188_1	党委	黨委	dǎng wěi		Party committee	直到党委书记出面加以解释，才算打消了这种想法。	直到黨委書記出面加以解釋，才算打消了這種想法。	tatoeba	2367446	直到党委书记出面加以解释，才算打消了这种想法。	CC-CEDICT	
225	188_1	书记	書記	shū ji	shū jì	secretary	直到党委书记出面加以解释，才算打消了这种想法。	直到黨委書記出面加以解釋，才算打消了這種想法。	tatoeba	2367446	直到党委书记出面加以解释，才算打消了这种想法。	CC-CEDICT	Taiwan MOE Concise Dictionary
226	188_1	出面	出面	chū miàn		to appear personally	直到党委书记出面加以解释，才算打消了这种想法。	直到黨委書記出面加以解釋，才算打消了這種想法。	tatoeba	2367446	直到党委书记出面加以解释，才算打消了这种想法。	CC-CEDICT	
227	188_1	加以	加以	jiā yǐ		to apply	直到党委书记出面加以解释，才算打消了这种想法。	直到黨委書記出面加以解釋，才算打消了這種想法。	tatoeba	2367446	直到党委书记出面加以解释，才算打消了这种想法。	CC-CEDICT	
228	188_1	解释	解釋	jiě shì		explanation	直到党委书记出面加以解释，才算打消了这种想法。	直到黨委書記出面加以解釋，才算打消了這種想法。	tatoeba	2367446	直到党委书记出面加以解释，才算打消了这种想法。	CC-CEDICT	
229	188_1	打消	打消	dǎ xiāo		to dispel	直到党委书记出面加以解释，才算打消了这种想法。	直到黨委書記出面加以解釋，才算打消了這種想法。	tatoeba	2367446	直到党委书记出面加以解释，才算打消了这种想法。	CC-CEDICT	
230	188_1	这种	這種	zhè zhǒng		this kind of	直到党委书记出面加以解释，才算打消了这种想法。	直到黨委書記出面加以解釋，才算打消了這種想法。	tatoeba	2367446	直到党委书记出面加以解释，才算打消了这种想法。	CC-CEDICT	
231	188_1	想法	想法	xiǎng fǎ		way of thinking	直到党委书记出面加以解释，才算打消了这种想法。	直到黨委書記出面加以解釋，才算打消了這種想法。	tatoeba	2367446	直到党委书记出面加以解释，才算打消了这种想法。	CC-CEDICT	
232	195_1	自尊心	自尊心	zì zūn xīn		self-respect	自尊心是不向外攻击的优越感。	自尊心是不向外攻擊的優越感。	tatoeba	13903429	自尊心是不向外攻擊的優越感。	CC-CEDICT	
233	195_1	向外	向外	xiàng wài		outward	自尊心是不向外攻击的优越感。	自尊心是不向外攻擊的優越感。	tatoeba	13903429	自尊心是不向外攻擊的優越感。	CC-CEDICT	
234	195_1	攻击	攻擊	gōng jī	gōng jí	to attack	自尊心是不向外攻击的优越感。	自尊心是不向外攻擊的優越感。	tatoeba	13903429	自尊心是不向外攻擊的優越感。	CC-CEDICT	Taiwan MOE Concise Dictionary
235	195_1	优越	優越	yōu yuè		superior	自尊心是不向外攻击的优越感。	自尊心是不向外攻擊的優越感。	tatoeba	13903429	自尊心是不向外攻擊的優越感。	CC-CEDICT	
236	199_1	石头	石頭	shí tou		stone	石头扑通一声掉进水里。	石頭撲通一聲掉進水裡。	authored			CC-CEDICT	
237	199_1	扑通	撲通	pū tōng		sound of object falling into water	石头扑通一声掉进水里。	石頭撲通一聲掉進水裡。	authored			CC-CEDICT	
238	199_1	一声	一聲	yī shēng		first tone in Mandarin	石头扑通一声掉进水里。	石頭撲通一聲掉進水裡。	authored			CC-CEDICT	
239	209_1	之中	之中	zhī zhōng		inside	一年之中，你最喜欢哪个季节？	一年之中，你最喜歡哪個季節？	tatoeba	2027913	一年之中，你最喜欢哪个季节？	CC-CEDICT	
240	209_1	喜欢	喜歡	xǐ huan	xǐ huān	to like	一年之中，你最喜欢哪个季节？	一年之中，你最喜歡哪個季節？	tatoeba	2027913	一年之中，你最喜欢哪个季节？	CC-CEDICT	Taiwan MOE Concise Dictionary
241	209_1	哪个	哪個	nǎ ge		which	一年之中，你最喜欢哪个季节？	一年之中，你最喜歡哪個季節？	tatoeba	2027913	一年之中，你最喜欢哪个季节？	CC-CEDICT	
242	209_1	季节	季節	jì jié		time	一年之中，你最喜欢哪个季节？	一年之中，你最喜歡哪個季節？	tatoeba	2027913	一年之中，你最喜欢哪个季节？	CC-CEDICT	
243	211_0	常见	常見	cháng jiàn		commonly seen	白术是一种常见的中药材。	白术是一種常見的中藥材。	authored			CC-CEDICT	
244	211_0	药材	藥材	yào cái		medicinal ingredient	白术是一种常见的中药材。	白术是一種常見的中藥材。	authored			CC-CEDICT	
245	211_1	除了	除了	chú le		apart from	除了语言，我也对技术感兴趣。	除了語言，我也對技術感興趣。	tatoeba	899118	除了语言，我也对技术感兴趣。	CC-CEDICT	
246	211_1	语言	語言	yǔ yán		language	除了语言，我也对技术感兴趣。	除了語言，我也對技術感興趣。	tatoeba	899118	除了语言，我也对技术感兴趣。	CC-CEDICT	
247	211_1	技术	技術	jì shù		technology	除了语言，我也对技术感兴趣。	除了語言，我也對技術感興趣。	tatoeba	899118	除了语言，我也对技术感兴趣。	CC-CEDICT	
248	211_1	感兴趣	感興趣	gǎn xìng qù		to be interested	除了语言，我也对技术感兴趣。	除了語言，我也對技術感興趣。	tatoeba	899118	除了语言，我也对技术感兴趣。	CC-CEDICT	
249	215_1	但是	但是	dàn shì		but	痛过，但是没现在这么厉害。	痛過，但是沒現在這麼厲害。	tatoeba	420946	痛过，但是没现在这么厉害。	CC-CEDICT	
250	215_1	现在	現在	xiàn zài		now	痛过，但是没现在这么厉害。	痛過，但是沒現在這麼厲害。	tatoeba	420946	痛过，但是没现在这么厉害。	CC-CEDICT	
251	215_1	这么	這麼	zhè me		so much	痛过，但是没现在这么厉害。	痛過，但是沒現在這麼厲害。	tatoeba	420946	痛过，但是没现在这么厉害。	CC-CEDICT	
252	215_1	厉害	厲害	lì hai	lì hài	terrible	痛过，但是没现在这么厉害。	痛過，但是沒現在這麼厲害。	tatoeba	420946	痛过，但是没现在这么厉害。	CC-CEDICT	Taiwan MOE Concise Dictionary
253	221_1	小龙	小龍	xiǎo lóng		snake	那条小龙在云间穿梭。	那條小龍在雲間穿梭。	authored			CC-CEDICT	
254	221_1	穿梭	穿梭	chuān suō		to shuttle back and forth	那条小龙在云间穿梭。	那條小龍在雲間穿梭。	authored			CC-CEDICT	
255	223_1	奋斗	奮鬥	fèn dòu		to strive	他们奋斗的目标是消灭天花。	他們奮鬥的目標是消滅天花。	tatoeba	3576063	他们奋斗的目标是消灭天花。	CC-CEDICT	
256	223_1	目标	目標	mù biāo		target	他们奋斗的目标是消灭天花。	他們奮鬥的目標是消滅天花。	tatoeba	3576063	他们奋斗的目标是消灭天花。	CC-CEDICT	
257	223_1	消灭	消滅	xiāo miè		to put an end to	他们奋斗的目标是消灭天花。	他們奮鬥的目標是消滅天花。	tatoeba	3576063	他们奋斗的目标是消灭天花。	CC-CEDICT	
258	223_1	天花	天花	tiān huā		smallpox	他们奋斗的目标是消灭天花。	他們奮鬥的目標是消滅天花。	tatoeba	3576063	他们奋斗的目标是消灭天花。	CC-CEDICT	
259	224_1	派系	派系	pài xì		sect	派系之间的倾轧损害了组织。	派系之間的傾軋損害了組織。	authored			CC-CEDICT	
260	224_1	倾轧	傾軋	qīng yà		conflict	派系之间的倾轧损害了组织。	派系之間的傾軋損害了組織。	authored			CC-CEDICT	
261	224_1	损害	損害	sǔn hài		harm	派系之间的倾轧损害了组织。	派系之間的傾軋損害了組織。	authored			CC-CEDICT	
262	224_1	组织	組織	zǔ zhī		to organize	派系之间的倾轧损害了组织。	派系之間的傾軋損害了組織。	authored			CC-CEDICT	
263	225_1	感觉	感覺	gǎn jué		feeling	她感觉有东西碰到了她的脖子。	她感覺有東西碰到了她的脖子。	tatoeba	343976	她感觉有东西碰到了她的脖子。	CC-CEDICT	
264	225_1	东西	東西	dōng xi		thing	她感觉有东西碰到了她的脖子。	她感覺有東西碰到了她的脖子。	tatoeba	343976	她感觉有东西碰到了她的脖子。	CC-CEDICT	
265	225_1	碰到	碰到	pèng dào		to come across	她感觉有东西碰到了她的脖子。	她感覺有東西碰到了她的脖子。	tatoeba	343976	她感觉有东西碰到了她的脖子。	CC-CEDICT	
266	225_1	脖子	脖子	bó zi		neck	她感觉有东西碰到了她的脖子。	她感覺有東西碰到了她的脖子。	tatoeba	343976	她感觉有东西碰到了她的脖子。	CC-CEDICT	
267	230_1	昨天	昨天	zuó tiān		yesterday	昨天我在口袋里发现了两万卢布，感到很愉快。	昨天我在口袋裡發現了兩萬盧布，感到很愉快。	tatoeba	1977243	昨天我在口袋里发现了两万卢布，感到很愉快。	CC-CEDICT	
268	230_1	口袋	口袋	kǒu dài		pocket	昨天我在口袋里发现了两万卢布，感到很愉快。	昨天我在口袋裡發現了兩萬盧布，感到很愉快。	tatoeba	1977243	昨天我在口袋里发现了两万卢布，感到很愉快。	CC-CEDICT	
269	230_1	发现	發現	fā xiàn		to notice	昨天我在口袋里发现了两万卢布，感到很愉快。	昨天我在口袋裡發現了兩萬盧布，感到很愉快。	tatoeba	1977243	昨天我在口袋里发现了两万卢布，感到很愉快。	CC-CEDICT	
270	230_1	卢布	盧布	lú bù		ruble	昨天我在口袋里发现了两万卢布，感到很愉快。	昨天我在口袋裡發現了兩萬盧布，感到很愉快。	tatoeba	1977243	昨天我在口袋里发现了两万卢布，感到很愉快。	CC-CEDICT	
271	230_1	感到	感到	gǎn dào		to feel	昨天我在口袋里发现了两万卢布，感到很愉快。	昨天我在口袋裡發現了兩萬盧布，感到很愉快。	tatoeba	1977243	昨天我在口袋里发现了两万卢布，感到很愉快。	CC-CEDICT	
272	230_1	愉快	愉快	yú kuài		cheerful	昨天我在口袋里发现了两万卢布，感到很愉快。	昨天我在口袋裡發現了兩萬盧布，感到很愉快。	tatoeba	1977243	昨天我在口袋里发现了两万卢布，感到很愉快。	CC-CEDICT	
273	231_1	哥哥	哥哥	gē ge		older brother	我哥哥在一家大企业有个职位。	我哥哥在一家大企業有個職位。	tatoeba	407264	我哥哥在一家大企业有个职位。	CC-CEDICT	
274	231_1	一家	一家	yī jiā		the whole family	我哥哥在一家大企业有个职位。	我哥哥在一家大企業有個職位。	tatoeba	407264	我哥哥在一家大企业有个职位。	CC-CEDICT	
275	231_1	企业	企業	qǐ yè	qì yè	company	我哥哥在一家大企业有个职位。	我哥哥在一家大企業有個職位。	tatoeba	407264	我哥哥在一家大企业有个职位。	CC-CEDICT	Taiwan MOE Concise Dictionary
276	231_1	职位	職位	zhí wèi		position	我哥哥在一家大企业有个职位。	我哥哥在一家大企業有個職位。	tatoeba	407264	我哥哥在一家大企业有个职位。	CC-CEDICT	
277	232_1	仍旧	仍舊	réng jiù		still	我仍旧无法相信我居然做了这种事。	我仍舊無法相信我居然做了這種事。	tatoeba	4866939	我仍旧无法相信我居然做了这种事。	CC-CEDICT	
278	232_1	相信	相信	xiāng xìn		to believe	我仍旧无法相信我居然做了这种事。	我仍舊無法相信我居然做了這種事。	tatoeba	4866939	我仍旧无法相信我居然做了这种事。	CC-CEDICT	
279	232_1	居然	居然	jū rán		unexpectedly	我仍旧无法相信我居然做了这种事。	我仍舊無法相信我居然做了這種事。	tatoeba	4866939	我仍旧无法相信我居然做了这种事。	CC-CEDICT	
280	233_1	统帅	統帥	tǒng shuài		command	统帅下令全军撤退。	統帥下令全軍撤退。	authored			CC-CEDICT	
281	233_1	下令	下令	xià lìng		to give an order	统帅下令全军撤退。	統帥下令全軍撤退。	authored			CC-CEDICT	
282	233_1	全军	全軍	quán jūn		whole army	统帅下令全军撤退。	統帥下令全軍撤退。	authored			CC-CEDICT	
283	233_1	撤退	撤退	chè tuì		to retreat	统帅下令全军撤退。	統帥下令全軍撤退。	authored			CC-CEDICT	
284	234_1	关于	關於	guān yú		pertaining to	有一首关于澳门回归的歌很好听。	有一首關於澳門回歸的歌很好聽。	tatoeba	10058500	有一首关于澳门回归的歌很好听。	CC-CEDICT	
285	234_1	澳门	澳門	ào mén		Macao or Macau	有一首关于澳门回归的歌很好听。	有一首關於澳門回歸的歌很好聽。	tatoeba	10058500	有一首关于澳门回归的歌很好听。	CC-CEDICT	
286	234_1	回归	回歸	huí guī		to return to	有一首关于澳门回归的歌很好听。	有一首關於澳門回歸的歌很好聽。	tatoeba	10058500	有一首关于澳门回归的歌很好听。	CC-CEDICT	
287	238_1	茶叶	茶葉	chá yè		tea	茶叶是从中国传入的。	茶葉是從中國傳入的。	tatoeba	842076	茶叶是从中国传入的。	CC-CEDICT	
288	238_1	中国	中國	zhōng guó		China	茶叶是从中国传入的。	茶葉是從中國傳入的。	tatoeba	842076	茶叶是从中国传入的。	CC-CEDICT	
289	242_1	出去	出去	chū qù		to go out	我出去的时候有人打我电话吗？	我出去的時候有人打我電話嗎？	tatoeba	333978	我出去的时候有人打我电话吗？	CC-CEDICT	
290	242_1	时候	時候	shí hou	shí hòu	time	我出去的时候有人打我电话吗？	我出去的時候有人打我電話嗎？	tatoeba	333978	我出去的时候有人打我电话吗？	CC-CEDICT	Taiwan MOE Concise Dictionary
291	242_1	有人	有人	yǒu rén		someone	我出去的时候有人打我电话吗？	我出去的時候有人打我電話嗎？	tatoeba	333978	我出去的时候有人打我电话吗？	CC-CEDICT	
292	242_1	电话	電話	diàn huà		telephone	我出去的时候有人打我电话吗？	我出去的時候有人打我電話嗎？	tatoeba	333978	我出去的时候有人打我电话吗？	CC-CEDICT	
293	243_1	获得	獲得	huò dé		to obtain	她获得了全国冠军的称号。	她獲得了全國冠軍的稱號。	authored			CC-CEDICT	
294	243_1	全国	全國	quán guó		whole nation	她获得了全国冠军的称号。	她獲得了全國冠軍的稱號。	authored			CC-CEDICT	
295	243_1	冠军	冠軍	guàn jūn		champion	她获得了全国冠军的称号。	她獲得了全國冠軍的稱號。	authored			CC-CEDICT	
296	243_1	称号	稱號	chēng hào		name	她获得了全国冠军的称号。	她獲得了全國冠軍的稱號。	authored			CC-CEDICT	
297	246_1	其实	其實	qí shí		actually	其实我的薪水是足够用的，只因我枵腹买书，所以就显得清苦。	其實我的薪水是足夠用的，衹因我枵腹買書，所以就顯得清苦。	tatoeba	1789997	其实我的薪水是足够用的，只因我枵腹买书，所以就显得清苦。	CC-CEDICT	
298	246_1	薪水	薪水	xīn shuǐ		salary	其实我的薪水是足够用的，只因我枵腹买书，所以就显得清苦。	其實我的薪水是足夠用的，衹因我枵腹買書，所以就顯得清苦。	tatoeba	1789997	其实我的薪水是足够用的，只因我枵腹买书，所以就显得清苦。	CC-CEDICT	
299	246_1	足够	足夠	zú gòu		enough	其实我的薪水是足够用的，只因我枵腹买书，所以就显得清苦。	其實我的薪水是足夠用的，衹因我枵腹買書，所以就顯得清苦。	tatoeba	1789997	其实我的薪水是足够用的，只因我枵腹买书，所以就显得清苦。	CC-CEDICT	
300	246_1	所以	所以	suǒ yǐ		therefore	其实我的薪水是足够用的，只因我枵腹买书，所以就显得清苦。	其實我的薪水是足夠用的，衹因我枵腹買書，所以就顯得清苦。	tatoeba	1789997	其实我的薪水是足够用的，只因我枵腹买书，所以就显得清苦。	CC-CEDICT	
301	246_1	显得	顯得	xiǎn de		to seem	其实我的薪水是足够用的，只因我枵腹买书，所以就显得清苦。	其實我的薪水是足夠用的，衹因我枵腹買書，所以就顯得清苦。	tatoeba	1789997	其实我的薪水是足够用的，只因我枵腹买书，所以就显得清苦。	CC-CEDICT	
302	246_1	清苦	清苦	qīng kǔ		destitute but honest	其实我的薪水是足够用的，只因我枵腹买书，所以就显得清苦。	其實我的薪水是足夠用的，衹因我枵腹買書，所以就顯得清苦。	tatoeba	1789997	其实我的薪水是足够用的，只因我枵腹买书，所以就显得清苦。	CC-CEDICT	
303	246_2	白色	白色	bái sè		white	她有一只猫。那只猫是白色的。	她有一隻貓。那隻貓是白色的。	tatoeba	382421	她有一只猫。那只猫是白色的。	CC-CEDICT	
304	251_1	角落	角落	jiǎo luò		corner	他在角落里叽哩咕噜地说个不停。	他在角落裡嘰哩咕嚕地說個不停。	authored			CC-CEDICT	
305	251_1	咕噜	咕嚕	gū lu	gū lū	to rumble	他在角落里叽哩咕噜地说个不停。	他在角落裡嘰哩咕嚕地說個不停。	authored			CC-CEDICT	Taiwan MOE Concise Dictionary
306	251_1	不停	不停	bù tíng		incessant	他在角落里叽哩咕噜地说个不停。	他在角落裡嘰哩咕嚕地說個不停。	authored			CC-CEDICT	
307	257_1	钱包	錢包	qián bāo		purse	“我丢了钱包。”约翰叹息道。	“我丟了錢包。”約翰嘆息道。	tatoeba	5550005	“我丢了钱包。”约翰叹息道。	CC-CEDICT	
308	257_1	约翰	約翰	yuē hàn		John	“我丢了钱包。”约翰叹息道。	“我丟了錢包。”約翰嘆息道。	tatoeba	5550005	“我丢了钱包。”约翰叹息道。	CC-CEDICT	
309	257_1	叹息	嘆息	tàn xī	tàn xí	to sigh	“我丢了钱包。”约翰叹息道。	“我丟了錢包。”約翰嘆息道。	tatoeba	5550005	“我丢了钱包。”约翰叹息道。	CC-CEDICT	Taiwan MOE Concise Dictionary
310	273_1	记得	記得	jì de		to remember	你记不记得我们认识的那一天？	你記不記得我們認識的那一天？	tatoeba	136402	你记不记得我们认识的那一天？	CC-CEDICT	
311	273_1	认识	認識	rèn shi	rèn shì	to know	你记不记得我们认识的那一天？	你記不記得我們認識的那一天？	tatoeba	136402	你记不记得我们认识的那一天？	CC-CEDICT	Taiwan MOE Concise Dictionary
312	274_1	上个	上個	shàng ge		first	我上个月组织了一个结婚仪式。	我上個月組織了一個結婚儀式。	tatoeba	512436	我上个月组织了一个结婚仪式。	CC-CEDICT	
313	274_1	结婚	結婚	jié hūn		to marry	我上个月组织了一个结婚仪式。	我上個月組織了一個結婚儀式。	tatoeba	512436	我上个月组织了一个结婚仪式。	CC-CEDICT	
314	274_1	仪式	儀式	yí shì		ceremony	我上个月组织了一个结婚仪式。	我上個月組織了一個結婚儀式。	tatoeba	512436	我上个月组织了一个结婚仪式。	CC-CEDICT	
315	281_1	花园	花園	huā yuán		garden	花园里杂草丛生。	花園裡雜草叢生。	tatoeba	798289	花園裡雜草叢生。	CC-CEDICT	
316	281_1	草丛	草叢	cǎo cóng		underbrush	花园里杂草丛生。	花園裡雜草叢生。	tatoeba	798289	花園裡雜草叢生。	CC-CEDICT	
317	286_1	即使	即使	jí shǐ		even if	即使现在，偶尔还是会有余震。	即使現在，偶爾還是會有餘震。	tatoeba	2567453	即使现在，偶尔还是会有余震。	CC-CEDICT	
318	286_1	偶尔	偶爾	ǒu ěr		occasionally	即使现在，偶尔还是会有余震。	即使現在，偶爾還是會有餘震。	tatoeba	2567453	即使现在，偶尔还是会有余震。	CC-CEDICT	
319	286_1	余震	餘震	yú zhèn		earthquake aftershock	即使现在，偶尔还是会有余震。	即使現在，偶爾還是會有餘震。	tatoeba	2567453	即使现在，偶尔还是会有余震。	CC-CEDICT	
320	287_1	每个人	每個人	měi ge rén		everybody	每个人对音乐的审美都不一样。	每個人對音樂的審美都不一樣。	tatoeba	353511	每个人对音乐的审美都不一样。	CC-CEDICT	
321	287_1	音乐	音樂	yīn yuè		music	每个人对音乐的审美都不一样。	每個人對音樂的審美都不一樣。	tatoeba	353511	每个人对音乐的审美都不一样。	CC-CEDICT	
322	287_1	审美	審美	shěn měi		esthetics	每个人对音乐的审美都不一样。	每個人對音樂的審美都不一樣。	tatoeba	353511	每个人对音乐的审美都不一样。	CC-CEDICT	
323	287_1	一样	一樣	yī yàng		same	每个人对音乐的审美都不一样。	每個人對音樂的審美都不一樣。	tatoeba	353511	每个人对音乐的审美都不一样。	CC-CEDICT	
324	294_1	从来没	從來沒	cóng lái méi		have never	你从来没时间处理重要的事情！	你從來沒時間處理重要的事情！	tatoeba	334705	你从来没时间处理重要的事情！	CC-CEDICT	
325	294_1	处理	處理	chǔ lǐ		to handle	你从来没时间处理重要的事情！	你從來沒時間處理重要的事情！	tatoeba	334705	你从来没时间处理重要的事情！	CC-CEDICT	
326	294_1	重要	重要	zhòng yào		important	你从来没时间处理重要的事情！	你從來沒時間處理重要的事情！	tatoeba	334705	你从来没时间处理重要的事情！	CC-CEDICT	
327	295_0	喜爱	喜愛	xǐ ài		to like	什么是你最喜爱的冬季运动？	什麼是你最喜愛的冬季運動？	tatoeba	1737844	什么是你最喜爱的冬季运动？	CC-CEDICT	
328	295_0	冬季	冬季	dōng jì		winter	什么是你最喜爱的冬季运动？	什麼是你最喜愛的冬季運動？	tatoeba	1737844	什么是你最喜爱的冬季运动？	CC-CEDICT	
329	295_0	运动	運動	yùn dòng		to move	什么是你最喜爱的冬季运动？	什麼是你最喜愛的冬季運動？	tatoeba	1737844	什么是你最喜爱的冬季运动？	CC-CEDICT	
330	295_1	地上	地上	dì shang	dì shàng	on the ground	苹果扑冬一声落在地上。	蘋果撲鼕一聲落在地上。	authored			CC-CEDICT	Taiwan MOE Concise Dictionary
331	296_1	观察	觀察	guān chá		to observe	观察鸟类是个很好的业余爱好。	觀察鳥類是個很好的業餘愛好。	tatoeba	333590	观察鸟类是个很好的业余爱好。	CC-CEDICT	
332	296_1	鸟类	鳥類	niǎo lèi		birds	观察鸟类是个很好的业余爱好。	觀察鳥類是個很好的業餘愛好。	tatoeba	333590	观察鸟类是个很好的业余爱好。	CC-CEDICT	
333	296_1	业余	業餘	yè yú		in one's spare time	观察鸟类是个很好的业余爱好。	觀察鳥類是個很好的業餘愛好。	tatoeba	333590	观察鸟类是个很好的业余爱好。	CC-CEDICT	
334	296_1	爱好	愛好	ài hào		to like	观察鸟类是个很好的业余爱好。	觀察鳥類是個很好的業餘愛好。	tatoeba	333590	观察鸟类是个很好的业余爱好。	CC-CEDICT	
335	297_1	国务院	國務院	guó wù yuàn		State Council	国务院次卿出访拉丁美洲展开游说。	國務院次卿出訪拉丁美洲展開遊說。	tatoeba	9804867	国务院次卿出访拉丁美洲展开游说。	CC-CEDICT	
336	297_1	出访	出訪	chū fǎng		official visit	国务院次卿出访拉丁美洲展开游说。	國務院次卿出訪拉丁美洲展開遊說。	tatoeba	9804867	国务院次卿出访拉丁美洲展开游说。	CC-CEDICT	
337	297_1	拉丁美洲	拉丁美洲	lā dīng měi zhōu		Latin America	国务院次卿出访拉丁美洲展开游说。	國務院次卿出訪拉丁美洲展開遊說。	tatoeba	9804867	国务院次卿出访拉丁美洲展开游说。	CC-CEDICT	
338	297_1	展开	展開	zhǎn kāi		to unfold	国务院次卿出访拉丁美洲展开游说。	國務院次卿出訪拉丁美洲展開遊說。	tatoeba	9804867	国务院次卿出访拉丁美洲展开游说。	CC-CEDICT	
339	297_1	游说	遊說	yóu shuì		to lobby	国务院次卿出访拉丁美洲展开游说。	國務院次卿出訪拉丁美洲展開遊說。	tatoeba	9804867	国务院次卿出访拉丁美洲展开游说。	CC-CEDICT	
340	299_1	许多	許多	xǔ duō		many	在非洲有许多孩子死于饥饿。	在非洲有許多孩子死於飢餓。	tatoeba	334868	在非洲有许多孩子死于饥饿。	CC-CEDICT	
341	299_1	饥饿	飢餓	jī è		hunger	在非洲有许多孩子死于饥饿。	在非洲有許多孩子死於飢餓。	tatoeba	334868	在非洲有许多孩子死于饥饿。	CC-CEDICT	
342	299_2	官府	官府	guān fǔ		authorities	官府开仓救济饥民。	官府開倉救濟饑民。	authored			CC-CEDICT	
343	299_2	救济	救濟	jiù jì		emergency relief	官府开仓救济饥民。	官府開倉救濟饑民。	authored			CC-CEDICT	
344	303_1	冯玉祥	馮玉祥	féng yù xiáng		Feng Yuxiang	冯玉祥是民国时期的军事人物。	馮玉祥是民國時期的軍事人物。	authored			CC-CEDICT	
345	303_1	民国	民國	mín guó		Republic of China	冯玉祥是民国时期的军事人物。	馮玉祥是民國時期的軍事人物。	authored			CC-CEDICT	
346	303_1	时期	時期	shí qī	shí qí	period	冯玉祥是民国时期的军事人物。	馮玉祥是民國時期的軍事人物。	authored			CC-CEDICT	Taiwan MOE Concise Dictionary
347	303_1	军事	軍事	jūn shì		military affairs	冯玉祥是民国时期的军事人物。	馮玉祥是民國時期的軍事人物。	authored			CC-CEDICT	
348	303_1	人物	人物	rén wù		person	冯玉祥是民国时期的军事人物。	馮玉祥是民國時期的軍事人物。	authored			CC-CEDICT	
349	305_1	闪电	閃電	shǎn diàn		lightning	汤姆被闪电击中过三次。	湯姆被閃電擊中過三次。	tatoeba	778516	湯姆被閃電擊中過三次。	CC-CEDICT	
350	305_1	击中	擊中	jī zhòng	jí zhòng	to hit	汤姆被闪电击中过三次。	湯姆被閃電擊中過三次。	tatoeba	778516	湯姆被閃電擊中過三次。	CC-CEDICT	Taiwan MOE Concise Dictionary
351	305_1	三次	三次	sān cì		third	汤姆被闪电击中过三次。	湯姆被閃電擊中過三次。	tatoeba	778516	湯姆被閃電擊中過三次。	CC-CEDICT	
352	306_1	我去	我去	wǒ qù		what the ...!	在我去荷兰之前，我从没见过风车。	在我去荷蘭之前，我從沒見過風車。	tatoeba	335000	在我去荷兰之前，我从没见过风车。	CC-CEDICT	
353	306_1	荷兰	荷蘭	hé lán		Holland	在我去荷兰之前，我从没见过风车。	在我去荷蘭之前，我從沒見過風車。	tatoeba	335000	在我去荷兰之前，我从没见过风车。	CC-CEDICT	
354	306_1	之前	之前	zhī qián		before	在我去荷兰之前，我从没见过风车。	在我去荷蘭之前，我從沒見過風車。	tatoeba	335000	在我去荷兰之前，我从没见过风车。	CC-CEDICT	
355	306_1	风车	風車	fēng chē		pinwheel	在我去荷兰之前，我从没见过风车。	在我去荷蘭之前，我從沒見過風車。	tatoeba	335000	在我去荷兰之前，我从没见过风车。	CC-CEDICT	
356	309_1	汇报	匯報	huì bào		to report	你汇报一下。	你匯報一下。	tatoeba	13897445	你汇报一下。	CC-CEDICT	
357	309_1	一下	一下	yī xià		a bit	你汇报一下。	你匯報一下。	tatoeba	13897445	你汇报一下。	CC-CEDICT	
358	310_1	寡头	寡頭	guǎ tóu		oligarch	几名寡头控制了当地市场。	幾名寡頭控制了當地市場。	authored			CC-CEDICT	
359	310_1	控制	控制	kòng zhì		to control	几名寡头控制了当地市场。	幾名寡頭控制了當地市場。	authored			CC-CEDICT	
360	310_1	当地	當地	dāng dì		local	几名寡头控制了当地市场。	幾名寡頭控制了當地市場。	authored			CC-CEDICT	
361	310_1	市场	市場	shì chǎng		marketplace	几名寡头控制了当地市场。	幾名寡頭控制了當地市場。	authored			CC-CEDICT	
362	311_1	武汉	武漢	wǔ hàn		Wuhan	武汉坐落在长江沿岸。	武漢坐落在長江沿岸。	authored			CC-CEDICT	
363	311_1	坐落	坐落	zuò luò		to be situated	武汉坐落在长江沿岸。	武漢坐落在長江沿岸。	authored			CC-CEDICT	
364	311_1	长江	長江	cháng jiāng		Yangtze River	武汉坐落在长江沿岸。	武漢坐落在長江沿岸。	authored			CC-CEDICT	
365	311_1	沿岸	沿岸	yán àn		coastal area	武汉坐落在长江沿岸。	武漢坐落在長江沿岸。	authored			CC-CEDICT	
366	312_1	咸宁	咸寧	xián níng		Xianning	咸宁以温泉闻名。	咸寧以溫泉聞名。	authored			CC-CEDICT	
367	312_1	温泉	溫泉	wēn quán		hot spring	咸宁以温泉闻名。	咸寧以溫泉聞名。	authored			CC-CEDICT	
368	312_1	闻名	聞名	wén míng		well-known	咸宁以温泉闻名。	咸寧以溫泉聞名。	authored			CC-CEDICT	
369	315_1	问题	問題	wèn tí		question	让我们和他们讨论这个问题吧。	讓我們和他們討論這個問題吧。	tatoeba	335621	让我们和他们讨论这个问题吧。	CC-CEDICT	
370	316_1	打算	打算	dǎ suàn		to plan	我打算描写我们的公园和山。	我打算描寫我們的公園和山。	tatoeba	349556	我打算描寫我們的公園和山。	CC-CEDICT	
371	316_1	描写	描寫	miáo xiě		to describe	我打算描写我们的公园和山。	我打算描寫我們的公園和山。	tatoeba	349556	我打算描寫我們的公園和山。	CC-CEDICT	
372	316_1	公园	公園	gōng yuán		park	我打算描写我们的公园和山。	我打算描寫我們的公園和山。	tatoeba	349556	我打算描寫我們的公園和山。	CC-CEDICT	
373	317_1	签署	簽署	qiān shǔ	qiān shù	to sign	双方签署了股权转让协议。	雙方簽署了股權轉讓協議。	authored			CC-CEDICT	Taiwan MOE Concise Dictionary
374	317_1	股权	股權	gǔ quán		equity shares	双方签署了股权转让协议。	雙方簽署了股權轉讓協議。	authored			CC-CEDICT	
375	317_1	转让	轉讓	zhuǎn ràng		to transfer	双方签署了股权转让协议。	雙方簽署了股權轉讓協議。	authored			CC-CEDICT	
376	317_1	协议	協議	xié yì		agreement	双方签署了股权转让协议。	雙方簽署了股權轉讓協議。	authored			CC-CEDICT	
377	318_1	负责	負責	fù zé		to be responsible for	礼部负责古代的礼仪事务。	禮部負責古代的禮儀事務。	authored			CC-CEDICT	
378	318_1	古代	古代	gǔ dài		ancient times	礼部负责古代的礼仪事务。	禮部負責古代的禮儀事務。	authored			CC-CEDICT	
379	318_1	礼仪	禮儀	lǐ yí		etiquette	礼部负责古代的礼仪事务。	禮部負責古代的禮儀事務。	authored			CC-CEDICT	
380	318_1	事务	事務	shì wù		affairs	礼部负责古代的礼仪事务。	禮部負責古代的禮儀事務。	authored			CC-CEDICT	
381	319_1	未来	未來	wèi lái		future	未来飞行员将在模拟操作室中训练。	未來飛行員將在模擬操作室中訓練。	tatoeba	2027995	未来飞行员将在模拟操作室中训练。	CC-CEDICT	
382	319_1	飞行	飛行	fēi xíng		to fly	未来飞行员将在模拟操作室中训练。	未來飛行員將在模擬操作室中訓練。	tatoeba	2027995	未来飞行员将在模拟操作室中训练。	CC-CEDICT	
383	319_1	模拟	模擬	mó nǐ		imitation	未来飞行员将在模拟操作室中训练。	未來飛行員將在模擬操作室中訓練。	tatoeba	2027995	未来飞行员将在模拟操作室中训练。	CC-CEDICT	
384	319_1	操作	操作	cāo zuò		to work	未来飞行员将在模拟操作室中训练。	未來飛行員將在模擬操作室中訓練。	tatoeba	2027995	未来飞行员将在模拟操作室中训练。	CC-CEDICT	
385	319_1	训练	訓練	xùn liàn		to train	未来飞行员将在模拟操作室中训练。	未來飛行員將在模擬操作室中訓練。	tatoeba	2027995	未来飞行员将在模拟操作室中训练。	CC-CEDICT	
386	320_1	三分之一	三分之一	sān fēn zhī yī		one third	仅三分之一的成员出席了会议。	僅三分之一的成員出席了會議。	tatoeba	332802	仅三分之一的成员出席了会议。	CC-CEDICT	
387	320_1	成员	成員	chéng yuán		member	仅三分之一的成员出席了会议。	僅三分之一的成員出席了會議。	tatoeba	332802	仅三分之一的成员出席了会议。	CC-CEDICT	
388	320_1	出席	出席	chū xí		to attend	仅三分之一的成员出席了会议。	僅三分之一的成員出席了會議。	tatoeba	332802	仅三分之一的成员出席了会议。	CC-CEDICT	
389	320_1	会议	會議	huì yì		meeting	仅三分之一的成员出席了会议。	僅三分之一的成員出席了會議。	tatoeba	332802	仅三分之一的成员出席了会议。	CC-CEDICT	
390	322_1	通讯	通訊	tōng xùn		communications	我的通讯录里全是些没什么印象的人。	我的通訊錄裡全是些沒什麼印象的人。	tatoeba	13894758	我的通讯录里全是些没什么印象的人。	CC-CEDICT	
391	322_1	没什么	沒什麼	méi shén me		it doesn't matter	我的通讯录里全是些没什么印象的人。	我的通訊錄裡全是些沒什麼印象的人。	tatoeba	13894758	我的通讯录里全是些没什么印象的人。	CC-CEDICT	
392	322_1	印象	印象	yìn xiàng		impression	我的通讯录里全是些没什么印象的人。	我的通訊錄裡全是些沒什麼印象的人。	tatoeba	13894758	我的通讯录里全是些没什么印象的人。	CC-CEDICT	
393	323_1	相机	相機	xiàng jī		camera	我认识肩上背着照相机的记者。	我認識肩上揹著照相機的記者。	tatoeba	3659903	我认识肩上背着照相机的记者。	CC-CEDICT	
394	323_1	记者	記者	jì zhě		reporter	我认识肩上背着照相机的记者。	我認識肩上揹著照相機的記者。	tatoeba	3659903	我认识肩上背着照相机的记者。	CC-CEDICT	
395	330_0	人类	人類	rén lèi		humanity	人类生出来不是为了永久生存。	人類生出來不是為了永久生存。	tatoeba	501347	人类生出来不是为了永久生存。	CC-CEDICT	
396	330_0	出来	出來	chū lái		to come out	人类生出来不是为了永久生存。	人類生出來不是為了永久生存。	tatoeba	501347	人类生出来不是为了永久生存。	CC-CEDICT	
397	330_0	不是	不是	bù shì	bù shi	not	人类生出来不是为了永久生存。	人類生出來不是為了永久生存。	tatoeba	501347	人类生出来不是为了永久生存。	CC-CEDICT	Taiwan MOE Concise Dictionary
398	330_0	永久	永久	yǒng jiǔ		everlasting	人类生出来不是为了永久生存。	人類生出來不是為了永久生存。	tatoeba	501347	人类生出来不是为了永久生存。	CC-CEDICT	
399	330_0	生存	生存	shēng cún		to exist	人类生出来不是为了永久生存。	人類生出來不是為了永久生存。	tatoeba	501347	人类生出来不是为了永久生存。	CC-CEDICT	
400	330_1	昨晚	昨晚	zuó wǎn		yesterday evening	昨晚我看了一出好戏。	昨晚我看了一齣好戲。	authored			CC-CEDICT	
401	331_1	修筑	修築	xiū zhù	xiū zhú	to build	明军曾在辽东修筑城堡。	明軍曾在遼東修築城堡。	authored			CC-CEDICT	Taiwan MOE Concise Dictionary
402	331_1	城堡	城堡	chéng bǎo		castle	明军曾在辽东修筑城堡。	明軍曾在遼東修築城堡。	authored			CC-CEDICT	
403	337_1	一边	一邊	yī biān		one side	他们在一边吃喝，一边聊天儿。	他們在一邊吃喝，一邊聊天兒。	tatoeba	2200413	他们在一边吃喝，一边聊天儿。	CC-CEDICT	
404	337_1	吃喝	吃喝	chī hē		to eat and drink	他们在一边吃喝，一边聊天儿。	他們在一邊吃喝，一邊聊天兒。	tatoeba	2200413	他们在一边吃喝，一边聊天儿。	CC-CEDICT	
405	337_1	聊天	聊天	liáo tiān		to chat	他们在一边吃喝，一边聊天儿。	他們在一邊吃喝，一邊聊天兒。	tatoeba	2200413	他们在一边吃喝，一边聊天儿。	CC-CEDICT	
406	339_2	头发	頭髮	tóu fa	tóu fǎ	hair	他的头发很短。	他的頭髮很短。	preexisting			CC-CEDICT	Taiwan MOE Concise Dictionary
407	340_1	神圣	神聖	shén shèng		divine	在印度，牛是一种神圣的动物。	在印度，牛是一種神聖的動物。	tatoeba	10355206	在印度，牛是一種神聖的動物。	CC-CEDICT	
408	341_1	对于	對於	duì yú		regarding	这个是我对于你的问题的答案。	這個是我對於你的問題的答案。	tatoeba	770833	这个是我对于你的问题的答案。	CC-CEDICT	
409	341_1	答案	答案	dá àn		answer	这个是我对于你的问题的答案。	這個是我對於你的問題的答案。	tatoeba	770833	这个是我对于你的问题的答案。	CC-CEDICT	
410	342_0	台湾	台灣	tái wān		Taiwan	我在台湾时，我们成为好朋友。	我在台灣時，我們成為好朋友。	tatoeba	3701786	我在臺灣時，我們成為好朋友。	CC-CEDICT	
411	342_0	成为	成為	chéng wéi		to become	我在台湾时，我们成为好朋友。	我在台灣時，我們成為好朋友。	tatoeba	3701786	我在臺灣時，我們成為好朋友。	CC-CEDICT	
412	342_0	好朋友	好朋友	hǎo péng you	hǎo péng yǒu	good friend	我在台湾时，我们成为好朋友。	我在台灣時，我們成為好朋友。	tatoeba	3701786	我在臺灣時，我們成為好朋友。	CC-CEDICT	Taiwan MOE Concise Dictionary
413	342_2	做梦	做夢	zuò mèng		to dream	我做梦也没想到那儿会有台风。	我做夢也沒想到那兒會有颱風。	tatoeba	1944810	我做梦也没想到那儿会有台风。	CC-CEDICT	
414	342_2	没想到	沒想到	méi xiǎng dào		didn't expect	我做梦也没想到那儿会有台风。	我做夢也沒想到那兒會有颱風。	tatoeba	1944810	我做梦也没想到那儿会有台风。	CC-CEDICT	
415	342_2	那儿	那兒	nà r		there	我做梦也没想到那儿会有台风。	我做夢也沒想到那兒會有颱風。	tatoeba	1944810	我做梦也没想到那儿会有台风。	CC-CEDICT	
416	342_2	台风	颱風	tái fēng		typhoon	我做梦也没想到那儿会有台风。	我做夢也沒想到那兒會有颱風。	tatoeba	1944810	我做梦也没想到那儿会有台风。	CC-CEDICT	
417	342_3	还有	還有	hái yǒu		there still remain	还有那边柜台里也有很多呢。	還有那邊櫃檯裡也有很多呢。	tatoeba	420204	还有那边柜台里也有很多呢。	CC-CEDICT	
418	342_3	那边	那邊	nà bian		over there	还有那边柜台里也有很多呢。	還有那邊櫃檯裡也有很多呢。	tatoeba	420204	还有那边柜台里也有很多呢。	CC-CEDICT	
419	342_3	柜台	櫃檯	guì tái		sales counter	还有那边柜台里也有很多呢。	還有那邊櫃檯裡也有很多呢。	tatoeba	420204	还有那边柜台里也有很多呢。	CC-CEDICT	
420	344_1	确认	確認	què rèn		to confirm	你确认那是可纠正的错误吗？	你確認那是可糾正的錯誤嗎？	tatoeba	867616	你确认那是可纠正的错误吗？	CC-CEDICT	
421	344_1	那是	那是	nà shi		of course	你确认那是可纠正的错误吗？	你確認那是可糾正的錯誤嗎？	tatoeba	867616	你确认那是可纠正的错误吗？	CC-CEDICT	
422	344_1	纠正	糾正	jiū zhèng		to correct	你确认那是可纠正的错误吗？	你確認那是可糾正的錯誤嗎？	tatoeba	867616	你确认那是可纠正的错误吗？	CC-CEDICT	
423	344_1	错误	錯誤	cuò wù		mistaken	你确认那是可纠正的错误吗？	你確認那是可糾正的錯誤嗎？	tatoeba	867616	你确认那是可纠正的错误吗？	CC-CEDICT	
424	347_1	丝毫	絲毫	sī háo		the slightest amount or degree	雨丝毫没有停的意思。	雨絲毫沒有停的意思。	tatoeba	13750247	雨丝毫没有停的意思。	CC-CEDICT	
425	347_1	没有	沒有	méi yǒu		haven't	雨丝毫没有停的意思。	雨絲毫沒有停的意思。	tatoeba	13750247	雨丝毫没有停的意思。	CC-CEDICT	
426	347_1	意思	意思	yì si		idea	雨丝毫没有停的意思。	雨絲毫沒有停的意思。	tatoeba	13750247	雨丝毫没有停的意思。	CC-CEDICT	
427	353_1	商场	商場	shāng chǎng		shopping mall	这是商场促销活动送的保温杯。	這是商場促銷活動送的保溫杯。	tatoeba	13942910	这是商场促销活动送的保温杯。	CC-CEDICT	
428	353_1	促销	促銷	cù xiāo		to promote sales	这是商场促销活动送的保温杯。	這是商場促銷活動送的保溫杯。	tatoeba	13942910	这是商场促销活动送的保温杯。	CC-CEDICT	
429	353_1	活动	活動	huó dòng		to exercise	这是商场促销活动送的保温杯。	這是商場促銷活動送的保溫杯。	tatoeba	13942910	这是商场促销活动送的保温杯。	CC-CEDICT	
430	353_1	保温	保溫	bǎo wēn		to keep hot	这是商场促销活动送的保温杯。	這是商場促銷活動送的保溫杯。	tatoeba	13942910	这是商场促销活动送的保温杯。	CC-CEDICT	
431	361_1	真正	真正	zhēn zhèng		genuine	真正的王在巩固他的权利，然而虚假的王却在打高尔夫。	真正的王在鞏固他的權利，然而虛假的王卻在打高爾夫。	tatoeba	13054926	真正的王在巩固他的权利，然而虚假的王却在打高尔夫。	CC-CEDICT	
432	361_1	巩固	鞏固	gǒng gù		to consolidate	真正的王在巩固他的权利，然而虚假的王却在打高尔夫。	真正的王在鞏固他的權利，然而虛假的王卻在打高爾夫。	tatoeba	13054926	真正的王在巩固他的权利，然而虚假的王却在打高尔夫。	CC-CEDICT	
433	361_1	然而	然而	rán ér		however	真正的王在巩固他的权利，然而虚假的王却在打高尔夫。	真正的王在鞏固他的權利，然而虛假的王卻在打高爾夫。	tatoeba	13054926	真正的王在巩固他的权利，然而虚假的王却在打高尔夫。	CC-CEDICT	
434	361_1	虚假	虛假	xū jiǎ		false	真正的王在巩固他的权利，然而虚假的王却在打高尔夫。	真正的王在鞏固他的權利，然而虛假的王卻在打高爾夫。	tatoeba	13054926	真正的王在巩固他的权利，然而虚假的王却在打高尔夫。	CC-CEDICT	
435	361_1	高尔夫	高爾夫	gāo ěr fū		golf	真正的王在巩固他的权利，然而虚假的王却在打高尔夫。	真正的王在鞏固他的權利，然而虛假的王卻在打高爾夫。	tatoeba	13054926	真正的王在巩固他的权利，然而虚假的王却在打高尔夫。	CC-CEDICT	
436	363_1	任何	任何	rèn hé		any	我们在任何公司都应该是执行者。	我們在任何公司都應該是執行者。	tatoeba	334978	我们在任何公司都应该是执行者。	CC-CEDICT	
437	363_1	执行	執行	zhí xíng		to implement	我们在任何公司都应该是执行者。	我們在任何公司都應該是執行者。	tatoeba	334978	我们在任何公司都应该是执行者。	CC-CEDICT	
438	364_1	试图	試圖	shì tú		to attempt	他试图扩大自己的势力范围。	他試圖擴大自己的勢力範圍。	tatoeba	1883635	他试图扩大自己的势力范围。	CC-CEDICT	
439	364_1	扩大	擴大	kuò dà		to expand	他试图扩大自己的势力范围。	他試圖擴大自己的勢力範圍。	tatoeba	1883635	他试图扩大自己的势力范围。	CC-CEDICT	
440	364_1	自己	自己	zì jǐ		oneself	他试图扩大自己的势力范围。	他試圖擴大自己的勢力範圍。	tatoeba	1883635	他试图扩大自己的势力范围。	CC-CEDICT	
441	364_1	势力	勢力	shì li	shì lì	power	他试图扩大自己的势力范围。	他試圖擴大自己的勢力範圍。	tatoeba	1883635	他试图扩大自己的势力范围。	CC-CEDICT	Taiwan MOE Concise Dictionary
442	364_1	范围	範圍	fàn wéi		range	他试图扩大自己的势力范围。	他試圖擴大自己的勢力範圍。	tatoeba	1883635	他试图扩大自己的势力范围。	CC-CEDICT	
443	365_1	玛丽	瑪麗	mǎ lì		Mary or Marie	汤姆，你能教玛丽用扫描仪吗？	湯姆，你能教瑪麗用掃描儀嗎？	tatoeba	10534902	湯姆，你能教瑪麗用掃描儀嗎？	CC-CEDICT	
444	365_1	扫描	掃描	sǎo miáo		to scan	汤姆，你能教玛丽用扫描仪吗？	湯姆，你能教瑪麗用掃描儀嗎？	tatoeba	10534902	湯姆，你能教瑪麗用掃描儀嗎？	CC-CEDICT	
445	367_1	蔬菜	蔬菜	shū cài		vegetables	我们在市场上买了些蔬菜和鱼。	我們在市場上買了些蔬菜和魚。	tatoeba	609957	我们在市场上买了些蔬菜和鱼。	CC-CEDICT	
446	368_1	北京	北京	běi jīng		Beijing municipality	我们去北京、西安、上海和扬州。	我們去北京、西安、上海和揚州。	tatoeba	6284488	我們去北京、西安、上海和揚州。	CC-CEDICT	
447	368_1	西安	西安	xī ān		Xi'an	我们去北京、西安、上海和扬州。	我們去北京、西安、上海和揚州。	tatoeba	6284488	我們去北京、西安、上海和揚州。	CC-CEDICT	
448	368_1	上海	上海	shàng hǎi		Shanghai municipality	我们去北京、西安、上海和扬州。	我們去北京、西安、上海和揚州。	tatoeba	6284488	我們去北京、西安、上海和揚州。	CC-CEDICT	
449	368_1	扬州	揚州	yáng zhōu		Yangzhou	我们去北京、西安、上海和扬州。	我們去北京、西安、上海和揚州。	tatoeba	6284488	我們去北京、西安、上海和揚州。	CC-CEDICT	
450	373_1	请问	請問	qǐng wèn		Excuse me	请问乔治亚洲的最低工资是多少？	請問喬治亞洲的最低工資是多少？	tatoeba	8743781	请问乔治亚洲的最低工资是多少？	CC-CEDICT	
451	373_1	乔治	喬治	qiáo zhì		George	请问乔治亚洲的最低工资是多少？	請問喬治亞洲的最低工資是多少？	tatoeba	8743781	请问乔治亚洲的最低工资是多少？	CC-CEDICT	
452	373_1	亚洲	亞洲	yà zhōu		Asia	请问乔治亚洲的最低工资是多少？	請問喬治亞洲的最低工資是多少？	tatoeba	8743781	请问乔治亚洲的最低工资是多少？	CC-CEDICT	
453	373_1	工资	工資	gōng zī		wages	请问乔治亚洲的最低工资是多少？	請問喬治亞洲的最低工資是多少？	tatoeba	8743781	请问乔治亚洲的最低工资是多少？	CC-CEDICT	
454	373_1	多少	多少	duō shao	duō shǎo	how much; how many	请问乔治亚洲的最低工资是多少？	請問喬治亞洲的最低工資是多少？	tatoeba	8743781	请问乔治亚洲的最低工资是多少？	CC-CEDICT	Taiwan MOE Concise Dictionary
455	376_0	生活	生活	shēng huó		to live	他们一家生活俭朴。	他們一家生活儉朴。	authored			CC-CEDICT	
456	376_0	俭朴	儉朴	jiǎn pǔ		thrifty and simple	他们一家生活俭朴。	他們一家生活儉朴。	authored			CC-CEDICT	
457	376_1	有力	有力	yǒu lì		powerful	他的语言朴实而有力。	他的語言樸實而有力。	authored			CC-CEDICT	
458	377_1	机关	機關	jī guān		mechanism	请把电视机关掉好吗？	請把電視機關掉好嗎？	tatoeba	9007589	请把电视机关掉好吗？	CC-CEDICT	
459	378_1	匈奴	匈奴	xiōng nú		Xiongnu	汉宣帝时，匈奴贵族争夺权力。	漢宣帝時，匈奴貴族爭奪權力。	tatoeba	1970428	汉宣帝时，匈奴贵族争夺权力。	CC-CEDICT	
460	378_1	贵族	貴族	guì zú		lord	汉宣帝时，匈奴贵族争夺权力。	漢宣帝時，匈奴貴族爭奪權力。	tatoeba	1970428	汉宣帝时，匈奴贵族争夺权力。	CC-CEDICT	
461	378_1	争夺	爭奪	zhēng duó		to fight over	汉宣帝时，匈奴贵族争夺权力。	漢宣帝時，匈奴貴族爭奪權力。	tatoeba	1970428	汉宣帝时，匈奴贵族争夺权力。	CC-CEDICT	
462	378_1	权力	權力	quán lì		power	汉宣帝时，匈奴贵族争夺权力。	漢宣帝時，匈奴貴族爭奪權力。	tatoeba	1970428	汉宣帝时，匈奴贵族争夺权力。	CC-CEDICT	
463	379_1	通过	通過	tōng guò		to pass through	通过诋毁别人，你得不到什么。	通過詆譭別人，你得不到什麼。	tatoeba	1358598	通过诋毁别人，你得不到什么。	CC-CEDICT	
464	379_1	诋毁	詆譭	dǐ huǐ		to vilify	通过诋毁别人，你得不到什么。	通過詆譭別人，你得不到什麼。	tatoeba	1358598	通过诋毁别人，你得不到什么。	CC-CEDICT	
465	379_1	别人	別人	bié ren	bié rén	other people	通过诋毁别人，你得不到什么。	通過詆譭別人，你得不到什麼。	tatoeba	1358598	通过诋毁别人，你得不到什么。	CC-CEDICT	Taiwan MOE Concise Dictionary
466	379_1	得不到	得不到	dé bù dào		cannot get	通过诋毁别人，你得不到什么。	通過詆譭別人，你得不到什麼。	tatoeba	1358598	通过诋毁别人，你得不到什么。	CC-CEDICT	
467	383_1	各国	各國	gè guó		each country	欧洲各国之间需要达成协议。	歐洲各國之間需要達成協議。	tatoeba	13531846	歐洲各國之間需要達成協議。	CC-CEDICT	
468	383_1	达成	達成	dá chéng		to reach	欧洲各国之间需要达成协议。	歐洲各國之間需要達成協議。	tatoeba	13531846	歐洲各國之間需要達成協議。	CC-CEDICT	
469	385_1	橡皮	橡皮	xiàng pí		rubber	橡皮不硬：它在压力下会变形。	橡皮不硬：它在壓力下會變形。	tatoeba	1565680	橡皮不硬：它在压力下会变形。	CC-CEDICT	
470	385_1	压力	壓力	yā lì		pressure	橡皮不硬：它在压力下会变形。	橡皮不硬：它在壓力下會變形。	tatoeba	1565680	橡皮不硬：它在压力下会变形。	CC-CEDICT	
471	385_1	变形	變形	biàn xíng		to become deformed	橡皮不硬：它在压力下会变形。	橡皮不硬：它在壓力下會變形。	tatoeba	1565680	橡皮不硬：它在压力下会变形。	CC-CEDICT	
472	386_1	无论	無論	wú lùn		no matter what or how	无论怎样，都很讨厌，不是吗？	無論怎樣，都很討厭，不是嗎？	tatoeba	335359	无论怎样，都很讨厌，不是吗？	CC-CEDICT	
473	386_1	怎样	怎樣	zěn yàng		how	无论怎样，都很讨厌，不是吗？	無論怎樣，都很討厭，不是嗎？	tatoeba	335359	无论怎样，都很讨厌，不是吗？	CC-CEDICT	
474	386_1	讨厌	討厭	tǎo yàn		to dislike	无论怎样，都很讨厌，不是吗？	無論怎樣，都很討厭，不是嗎？	tatoeba	335359	无论怎样，都很讨厌，不是吗？	CC-CEDICT	
475	393_1	网页	網頁	wǎng yè		web page	一个网页超过百分之九十的访问量是来自于搜索引擎的。	一個網頁超過百分之九十的訪問量是來自於搜尋引擎的。	tatoeba	389821	一个网页超过百分之九十的访问量是来自于搜索引擎的。	CC-CEDICT	
476	393_1	超过	超過	chāo guò		to surpass	一个网页超过百分之九十的访问量是来自于搜索引擎的。	一個網頁超過百分之九十的訪問量是來自於搜尋引擎的。	tatoeba	389821	一个网页超过百分之九十的访问量是来自于搜索引擎的。	CC-CEDICT	
477	393_1	百分	百分	bǎi fēn		percent	一个网页超过百分之九十的访问量是来自于搜索引擎的。	一個網頁超過百分之九十的訪問量是來自於搜尋引擎的。	tatoeba	389821	一个网页超过百分之九十的访问量是来自于搜索引擎的。	CC-CEDICT	
478	393_1	九十	九十	jiǔ shí		ninety	一个网页超过百分之九十的访问量是来自于搜索引擎的。	一個網頁超過百分之九十的訪問量是來自於搜尋引擎的。	tatoeba	389821	一个网页超过百分之九十的访问量是来自于搜索引擎的。	CC-CEDICT	
479	393_1	访问	訪問	fǎng wèn		to visit	一个网页超过百分之九十的访问量是来自于搜索引擎的。	一個網頁超過百分之九十的訪問量是來自於搜尋引擎的。	tatoeba	389821	一个网页超过百分之九十的访问量是来自于搜索引擎的。	CC-CEDICT	
480	393_1	来自	來自	lái zì		to come from	一个网页超过百分之九十的访问量是来自于搜索引擎的。	一個網頁超過百分之九十的訪問量是來自於搜尋引擎的。	tatoeba	389821	一个网页超过百分之九十的访问量是来自于搜索引擎的。	CC-CEDICT	
481	393_1	搜索	搜尋	sōu suǒ	sōu xún	to search	一个网页超过百分之九十的访问量是来自于搜索引擎的。	一個網頁超過百分之九十的訪問量是來自於搜尋引擎的。	tatoeba	389821	一个网页超过百分之九十的访问量是来自于搜索引擎的。	CC-CEDICT	Taiwan MOE Concise Dictionary
482	393_1	引擎	引擎	yǐn qíng		engine	一个网页超过百分之九十的访问量是来自于搜索引擎的。	一個網頁超過百分之九十的訪問量是來自於搜尋引擎的。	tatoeba	389821	一个网页超过百分之九十的访问量是来自于搜索引擎的。	CC-CEDICT	
483	395_0	硬币	硬幣	yìng bì		coin	这枚硬币值一夸特。	這枚硬幣值一夸特。	authored			CC-CEDICT	
484	395_1	看来	看來	kàn lai	kàn lái	apparently	在我看来，她有一种夸张的倾向。	在我看來，她有一種誇張的傾向。	tatoeba	919618	在我看來，她有一種誇張的傾向。	CC-CEDICT	Taiwan MOE Concise Dictionary
485	395_1	夸张	誇張	kuā zhāng		to exaggerate	在我看来，她有一种夸张的倾向。	在我看來，她有一種誇張的傾向。	tatoeba	919618	在我看來，她有一種誇張的傾向。	CC-CEDICT	
486	395_1	倾向	傾向	qīng xiàng		trend	在我看来，她有一种夸张的倾向。	在我看來，她有一種誇張的傾向。	tatoeba	919618	在我看來，她有一種誇張的傾向。	CC-CEDICT	
487	396_1	队员	隊員	duì yuán		team member	队员奋力夺取冠军。	隊員奮力奪取冠軍。	authored			CC-CEDICT	
488	396_1	奋力	奮力	fèn lì		to do everything one can	队员奋力夺取冠军。	隊員奮力奪取冠軍。	authored			CC-CEDICT	
489	396_1	夺取	奪取	duó qǔ		to seize	队员奋力夺取冠军。	隊員奮力奪取冠軍。	authored			CC-CEDICT	
490	398_1	达到	達到	dá dào		to reach	我们终于达到了我们的目标。	我們終於達到了我們的目標。	tatoeba	808213	我们终于达到了我们的目标。	CC-CEDICT	
491	402_1	夹击	夾擊	jiā jī	jiá jí	pincer attack	我们被两面夹击了。	我們被兩面夾擊了。	tatoeba	5951355	我們被兩面夾擊了。	CC-CEDICT	Taiwan MOE Concise Dictionary
492	404_1	月亮	月亮	yuè liang	yuè liàng	the moon	很多月亮在土星四周绕轨道运行。	很多月亮在土星四周繞軌道執行。	tatoeba	918510	很多月亮在土星四周绕轨道运行。	CC-CEDICT	Taiwan MOE Concise Dictionary
493	404_1	土星	土星	tǔ xīng		Saturn	很多月亮在土星四周绕轨道运行。	很多月亮在土星四周繞軌道執行。	tatoeba	918510	很多月亮在土星四周绕轨道运行。	CC-CEDICT	
494	404_1	四周	四周	sì zhōu		all around	很多月亮在土星四周绕轨道运行。	很多月亮在土星四周繞軌道執行。	tatoeba	918510	很多月亮在土星四周绕轨道运行。	CC-CEDICT	
495	404_1	轨道	軌道	guǐ dào		track	很多月亮在土星四周绕轨道运行。	很多月亮在土星四周繞軌道執行。	tatoeba	918510	很多月亮在土星四周绕轨道运行。	CC-CEDICT	
496	404_1	运行	執行	yùn xíng	zhí xíng	to move along one's course	很多月亮在土星四周绕轨道运行。	很多月亮在土星四周繞軌道執行。	tatoeba	918510	很多月亮在土星四周绕轨道运行。	CC-CEDICT	Taiwan MOE Concise Dictionary
497	406_1	君主	君主	jūn zhǔ		monarch	唐尧是传说中的古代君主。	唐堯是傳說中的古代君主。	authored			CC-CEDICT	
498	407_0	参加	參加	cān jiā		to participate	为了参加划船比赛，一支新的队伍组成了。	為了參加划船比賽，一支新的隊伍組成了。	tatoeba	336671	为了参加划船比赛，一支新的队伍组成了。	CC-CEDICT	
499	407_0	划船	划船	huá chuán		to row a boat	为了参加划船比赛，一支新的队伍组成了。	為了參加划船比賽，一支新的隊伍組成了。	tatoeba	336671	为了参加划船比赛，一支新的队伍组成了。	CC-CEDICT	
500	407_0	比赛	比賽	bǐ sài		competition	为了参加划船比赛，一支新的队伍组成了。	為了參加划船比賽，一支新的隊伍組成了。	tatoeba	336671	为了参加划船比赛，一支新的队伍组成了。	CC-CEDICT	
501	407_0	队伍	隊伍	duì wǔ		ranks	为了参加划船比赛，一支新的队伍组成了。	為了參加划船比賽，一支新的隊伍組成了。	tatoeba	336671	为了参加划船比赛，一支新的队伍组成了。	CC-CEDICT	
502	407_0	组成	組成	zǔ chéng		to form	为了参加划船比赛，一支新的队伍组成了。	為了參加划船比賽，一支新的隊伍組成了。	tatoeba	336671	为了参加划船比赛，一支新的队伍组成了。	CC-CEDICT	
503	408_1	正向	正向	zhèng xiàng		forward	我们正向新的目标迈进。	我們正向新的目標邁進。	authored			CC-CEDICT	
504	409_1	父亲	父親	fù qīn		father	我父亲在我毕业之前就过世了。	我父親在我畢業之前就過世了。	tatoeba	633979	我父亲在我毕业之前就过世了。	CC-CEDICT	
505	409_1	毕业	畢業	bì yè		graduation	我父亲在我毕业之前就过世了。	我父親在我畢業之前就過世了。	tatoeba	633979	我父亲在我毕业之前就过世了。	CC-CEDICT	
506	409_1	过世	過世	guò shì		to die	我父亲在我毕业之前就过世了。	我父親在我畢業之前就過世了。	tatoeba	633979	我父亲在我毕业之前就过世了。	CC-CEDICT	
507	412_1	面对	面對	miàn duì		to face	她面对威胁仍然坚贞不屈。	她面對威脅仍然堅貞不屈。	authored			CC-CEDICT	
508	412_1	威胁	威脅	wēi xié		to threaten	她面对威胁仍然坚贞不屈。	她面對威脅仍然堅貞不屈。	authored			CC-CEDICT	
509	412_1	仍然	仍然	réng rán		still	她面对威胁仍然坚贞不屈。	她面對威脅仍然堅貞不屈。	authored			CC-CEDICT	
510	412_1	坚贞不屈	堅貞不屈	jiān zhēn bù qū		faithful and unchanging	她面对威胁仍然坚贞不屈。	她面對威脅仍然堅貞不屈。	authored			CC-CEDICT	
511	413_1	不够	不夠	bù gòu		not enough	“拜个不够行的师父，很伤脑筋吧？”　“我也很笨，所以没关系。”	“拜個不夠行的師父，很傷腦筋吧？”　“我也很笨，所以沒關係。”	tatoeba	862457	“拜个不够行的师父，很伤脑筋吧？”　“我也很笨，所以没关系。”	CC-CEDICT	
512	413_1	师父	師父	shī fu	shī fù	master	“拜个不够行的师父，很伤脑筋吧？”　“我也很笨，所以没关系。”	“拜個不夠行的師父，很傷腦筋吧？”　“我也很笨，所以沒關係。”	tatoeba	862457	“拜个不够行的师父，很伤脑筋吧？”　“我也很笨，所以没关系。”	CC-CEDICT	Taiwan MOE Concise Dictionary
513	413_1	伤脑筋	傷腦筋	shāng nǎo jīn		to be a real headache	“拜个不够行的师父，很伤脑筋吧？”　“我也很笨，所以没关系。”	“拜個不夠行的師父，很傷腦筋吧？”　“我也很笨，所以沒關係。”	tatoeba	862457	“拜个不够行的师父，很伤脑筋吧？”　“我也很笨，所以没关系。”	CC-CEDICT	
514	413_1	没关系	沒關係	méi guān xi	méi guān xì	it doesn't matter	“拜个不够行的师父，很伤脑筋吧？”　“我也很笨，所以没关系。”	“拜個不夠行的師父，很傷腦筋吧？”　“我也很笨，所以沒關係。”	tatoeba	862457	“拜个不够行的师父，很伤脑筋吧？”　“我也很笨，所以没关系。”	CC-CEDICT	Taiwan MOE Concise Dictionary
515	414_1	道士	道士	dào shì		Daoist priest	道士轻轻挥动手中的拂尘。	道士輕輕揮動手中的拂塵。	authored			CC-CEDICT	
516	414_1	轻轻	輕輕	qīng qīng		lightly	道士轻轻挥动手中的拂尘。	道士輕輕揮動手中的拂塵。	authored			CC-CEDICT	
517	414_1	挥动	揮動	huī dòng		to wave sth	道士轻轻挥动手中的拂尘。	道士輕輕揮動手中的拂塵。	authored			CC-CEDICT	
518	418_1	当时	當時	dāng shí		at that time	我当时每个月都会购买五本书。	我當時每個月都會購買五本書。	tatoeba	429478	我当时每个月都会购买五本书。	CC-CEDICT	
519	418_1	都会	都會	dū huì		city	我当时每个月都会购买五本书。	我當時每個月都會購買五本書。	tatoeba	429478	我当时每个月都会购买五本书。	CC-CEDICT	
520	418_1	购买	購買	gòu mǎi		to purchase	我当时每个月都会购买五本书。	我當時每個月都會購買五本書。	tatoeba	429478	我当时每个月都会购买五本书。	CC-CEDICT	
521	418_2	门外	門外	mén wài		outside the door	门外传来叮当的铃声。	門外傳來叮噹的鈴聲。	authored			CC-CEDICT	
522	418_2	传来	傳來	chuán lái		to come through	门外传来叮当的铃声。	門外傳來叮噹的鈴聲。	authored			CC-CEDICT	
523	418_2	铃声	鈴聲	líng shēng		ring	门外传来叮当的铃声。	門外傳來叮噹的鈴聲。	authored			CC-CEDICT	
524	420_0	整天	整天	zhěng tiān		all day long	他整天长吁短叹，却不肯行动。	他整天長吁短嘆，卻不肯行動。	authored			CC-CEDICT	
525	420_0	行动	行動	xíng dòng		operation	他整天长吁短叹，却不肯行动。	他整天長吁短嘆，卻不肯行動。	authored			CC-CEDICT	
526	420_1	提出	提出	tí chū		to raise	我们提出了请求支持的呼吁。	我們提出了請求支援的呼籲。	tatoeba	908527	我們提出了請求支持的呼籲。	CC-CEDICT	
527	420_1	请求	請求	qǐng qiú		to request	我们提出了请求支持的呼吁。	我們提出了請求支援的呼籲。	tatoeba	908527	我們提出了請求支持的呼籲。	CC-CEDICT	
528	420_1	支持	支援	zhī chí	zhī yuán	to be in favor of	我们提出了请求支持的呼吁。	我們提出了請求支援的呼籲。	tatoeba	908527	我們提出了請求支持的呼籲。	CC-CEDICT	Taiwan MOE Concise Dictionary
529	420_1	呼吁	呼籲	hū yù		to call on	我们提出了请求支持的呼吁。	我們提出了請求支援的呼籲。	tatoeba	908527	我們提出了請求支持的呼籲。	CC-CEDICT	
530	422_1	开头	開頭	kāi tóu		beginning	一开头她吓坏了, 后来才定下神来。	一開頭她嚇壞了, 後來才定下神來。	tatoeba	12568856	一开头她吓坏了, 后来才定下神来。	CC-CEDICT	
531	422_1	吓坏	嚇壞	xià huài		to be terrified	一开头她吓坏了, 后来才定下神来。	一開頭她嚇壞了, 後來才定下神來。	tatoeba	12568856	一开头她吓坏了, 后来才定下神来。	CC-CEDICT	
532	422_1	后来	後來	hòu lái		afterwards	一开头她吓坏了, 后来才定下神来。	一開頭她嚇壞了, 後來才定下神來。	tatoeba	12568856	一开头她吓坏了, 后来才定下神来。	CC-CEDICT	
533	423_1	昆虫	昆蟲	kūn chóng		insect	这种昆虫在英语中叫什么？	這種昆蟲在英語中叫什麼？	tatoeba	1790171	这种昆虫在英语中叫什么？	CC-CEDICT	
534	423_1	英语	英語	yīng yǔ		English	这种昆虫在英语中叫什么？	這種昆蟲在英語中叫什麼？	tatoeba	1790171	这种昆虫在英语中叫什么？	CC-CEDICT	
535	424_0	智慧	智慧	zhì huì		wisdom	智慧线清晰且曲折，预示思维敏捷但易犹豫不决。	智慧線清晰且曲折，預示思維敏捷但易猶豫不決。	tatoeba	13537184	智慧線清晰且曲折，預示思維敏捷但易猶豫不決。	CC-CEDICT	
536	424_0	清晰	清晰	qīng xī		clear	智慧线清晰且曲折，预示思维敏捷但易犹豫不决。	智慧線清晰且曲折，預示思維敏捷但易猶豫不決。	tatoeba	13537184	智慧線清晰且曲折，預示思維敏捷但易猶豫不決。	CC-CEDICT	
537	424_0	曲折	曲折	qū zhé		winding	智慧线清晰且曲折，预示思维敏捷但易犹豫不决。	智慧線清晰且曲折，預示思維敏捷但易猶豫不決。	tatoeba	13537184	智慧線清晰且曲折，預示思維敏捷但易猶豫不決。	CC-CEDICT	
538	424_0	预示	預示	yù shì		to indicate	智慧线清晰且曲折，预示思维敏捷但易犹豫不决。	智慧線清晰且曲折，預示思維敏捷但易猶豫不決。	tatoeba	13537184	智慧線清晰且曲折，預示思維敏捷但易猶豫不決。	CC-CEDICT	
539	424_0	思维	思維	sī wéi		thought	智慧线清晰且曲折，预示思维敏捷但易犹豫不决。	智慧線清晰且曲折，預示思維敏捷但易猶豫不決。	tatoeba	13537184	智慧線清晰且曲折，預示思維敏捷但易猶豫不決。	CC-CEDICT	
540	424_0	敏捷	敏捷	mǐn jié		nimble	智慧线清晰且曲折，预示思维敏捷但易犹豫不决。	智慧線清晰且曲折，預示思維敏捷但易猶豫不決。	tatoeba	13537184	智慧線清晰且曲折，預示思維敏捷但易猶豫不決。	CC-CEDICT	
541	424_0	犹豫	猶豫	yóu yù		to hesitate	智慧线清晰且曲折，预示思维敏捷但易犹豫不决。	智慧線清晰且曲折，預示思維敏捷但易猶豫不決。	tatoeba	13537184	智慧線清晰且曲折，預示思維敏捷但易猶豫不決。	CC-CEDICT	
542	424_1	使用	使用	shǐ yòng		to use	酿酒时需要使用酒曲。	釀酒時需要使用酒麯。	authored			CC-CEDICT	
543	425_1	国际	國際	guó jì		international	国际刑警组织正在追查跨国绑架集团的下落。	國際刑警組織正在追查跨國綁架集團的下落。	tatoeba	13882118	國際刑警組織正在追查跨國綁架集團的下落。	CC-CEDICT	
544	425_1	刑警	刑警	xíng jǐng		criminal police	国际刑警组织正在追查跨国绑架集团的下落。	國際刑警組織正在追查跨國綁架集團的下落。	tatoeba	13882118	國際刑警組織正在追查跨國綁架集團的下落。	CC-CEDICT	
545	425_1	追查	追查	zhuī chá		to try to find out	国际刑警组织正在追查跨国绑架集团的下落。	國際刑警組織正在追查跨國綁架集團的下落。	tatoeba	13882118	國際刑警組織正在追查跨國綁架集團的下落。	CC-CEDICT	
546	425_1	跨国	跨國	kuà guó		transnational	国际刑警组织正在追查跨国绑架集团的下落。	國際刑警組織正在追查跨國綁架集團的下落。	tatoeba	13882118	國際刑警組織正在追查跨國綁架集團的下落。	CC-CEDICT	
547	425_1	绑架	綁架	bǎng jià		to kidnap	国际刑警组织正在追查跨国绑架集团的下落。	國際刑警組織正在追查跨國綁架集團的下落。	tatoeba	13882118	國際刑警組織正在追查跨國綁架集團的下落。	CC-CEDICT	
548	425_1	集团	集團	jí tuán		group	国际刑警组织正在追查跨国绑架集团的下落。	國際刑警組織正在追查跨國綁架集團的下落。	tatoeba	13882118	國際刑警組織正在追查跨國綁架集團的下落。	CC-CEDICT	
549	425_1	下落	下落	xià luò		whereabouts	国际刑警组织正在追查跨国绑架集团的下落。	國際刑警組織正在追查跨國綁架集團的下落。	tatoeba	13882118	國際刑警組織正在追查跨國綁架集團的下落。	CC-CEDICT	
550	425_2	糯米	糯米	nuò mǐ		glutinous rice	孩子吃了一个糯米团子。	孩子吃了一個糯米糰子。	authored			CC-CEDICT	
551	432_1	门口	門口	mén kǒu		doorway	你站在门口干吗？	你站在門口幹嗎？	authored			CC-CEDICT	
552	434_1	岛屿	島嶼	dǎo yǔ		island	这个岛屿位于日本的西边。	這個島嶼位於日本的西邊。	tatoeba	1394838	这个岛屿位于日本的西边。	CC-CEDICT	
553	434_1	西边	西邊	xī biān		west	这个岛屿位于日本的西边。	這個島嶼位於日本的西邊。	tatoeba	1394838	这个岛屿位于日本的西边。	CC-CEDICT	
554	436_1	魁北克	魁北克	kuí běi kè		Quebec province	自由魁北克万岁！	自由魁北克萬歲！	tatoeba	11758750	自由魁北克万岁！	CC-CEDICT	
555	436_1	万岁	萬歲	wàn suì		Long live !	自由魁北克万岁！	自由魁北克萬歲！	tatoeba	11758750	自由魁北克万岁！	CC-CEDICT	
556	438_0	明天	明天	míng tiān		tomorrow	我明天回来后会打电话给他们。	我明天回來後會打電話給他們。	tatoeba	344983	我明天回来后会打电话给他们。	CC-CEDICT	
557	438_0	回来	回來	huí lai	huí lái	to return	我明天回来后会打电话给他们。	我明天回來後會打電話給他們。	tatoeba	344983	我明天回来后会打电话给他们。	CC-CEDICT	Taiwan MOE Concise Dictionary
558	438_0	打电话	打電話	dǎ diàn huà		to make a telephone call	我明天回来后会打电话给他们。	我明天回來後會打電話給他們。	tatoeba	344983	我明天回来后会打电话给他们。	CC-CEDICT	
559	439_1	这样	這樣	zhè yàng		this way	这样做岂非浪费时间？	這樣做豈非浪費時間？	preexisting			CC-CEDICT	
560	439_1	浪费	浪費	làng fèi		to waste	这样做岂非浪费时间？	這樣做豈非浪費時間？	preexisting			CC-CEDICT	
561	440_1	办公	辦公	bàn gōng		to handle official business	在办公室吸烟违背我们的原则。	在辦公室吸菸違揹我們的原則。	tatoeba	1471139	在办公室吸烟违背我们的原则。	CC-CEDICT	
562	440_1	吸烟	吸菸	xī yān		to smoke	在办公室吸烟违背我们的原则。	在辦公室吸菸違揹我們的原則。	tatoeba	1471139	在办公室吸烟违背我们的原则。	CC-CEDICT	
563	440_1	违背	違揹	wéi bèi		to go against	在办公室吸烟违背我们的原则。	在辦公室吸菸違揹我們的原則。	tatoeba	1471139	在办公室吸烟违背我们的原则。	CC-CEDICT	
564	440_1	原则	原則	yuán zé		principle	在办公室吸烟违背我们的原则。	在辦公室吸菸違揹我們的原則。	tatoeba	1471139	在办公室吸烟违背我们的原则。	CC-CEDICT	
565	441_1	一眼	一眼	yī yǎn		a glance	我刚才瞧了一眼，一点没意思。	我剛才瞧了一眼，一點沒意思。	tatoeba	1260507	我刚才瞧了一眼，一点没意思。	CC-CEDICT	
566	441_1	一点	一點	yī diǎn		a bit	我刚才瞧了一眼，一点没意思。	我剛才瞧了一眼，一點沒意思。	tatoeba	1260507	我刚才瞧了一眼，一点没意思。	CC-CEDICT	
567	441_1	没意思	沒意思	méi yì si		boring	我刚才瞧了一眼，一点没意思。	我剛才瞧了一眼，一點沒意思。	tatoeba	1260507	我刚才瞧了一眼，一点没意思。	CC-CEDICT	
568	442_1	直播	直播	zhí bō		to broadcast live	他通过开直播来结交网络朋友。	他透過開直播來結交網絡朋友。	tatoeba	13976082	他通过开直播来结交网络朋友。	CC-CEDICT	
569	442_1	结交	結交	jié jiāo		to make friends with	他通过开直播来结交网络朋友。	他透過開直播來結交網絡朋友。	tatoeba	13976082	他通过开直播来结交网络朋友。	CC-CEDICT	
570	442_1	网络	網絡	wǎng luò		network	他通过开直播来结交网络朋友。	他透過開直播來結交網絡朋友。	tatoeba	13976082	他通过开直播来结交网络朋友。	CC-CEDICT	
571	442_1	朋友	朋友	péng you	péng yǒu	friend	他通过开直播来结交网络朋友。	他透過開直播來結交網絡朋友。	tatoeba	13976082	他通过开直播来结交网络朋友。	CC-CEDICT	Taiwan MOE Concise Dictionary
572	445_0	朱元璋	朱元璋	zhū yuán zhāng		Zhu Yuanzhang	朱元璋建立了明朝。	朱元璋建立了明朝。	authored			CC-CEDICT	
573	445_0	建立	建立	jiàn lì		to establish	朱元璋建立了明朝。	朱元璋建立了明朝。	authored			CC-CEDICT	
574	445_0	明朝	明朝	míng cháo		Ming dynasty	朱元璋建立了明朝。	朱元璋建立了明朝。	authored			CC-CEDICT	
575	445_1	红色	紅色	hóng sè		red	她用朱红色颜料画了一朵花。	她用硃紅色顏料畫了一朵花。	preexisting			CC-CEDICT	
576	445_1	颜料	顏料	yán liào		paint	她用朱红色颜料画了一朵花。	她用硃紅色顏料畫了一朵花。	preexisting			CC-CEDICT	
577	451_1	变迁	變遷	biàn qiān		changes	气候变迁正在对地球范围内造成严重影响。	氣候變遷正在對地球範圍內造成嚴重影響。	tatoeba	13605144	氣候變遷正在對地球範圍內造成嚴重影響。	CC-CEDICT	
578	451_1	地球	地球	dì qiú		the earth	气候变迁正在对地球范围内造成严重影响。	氣候變遷正在對地球範圍內造成嚴重影響。	tatoeba	13605144	氣候變遷正在對地球範圍內造成嚴重影響。	CC-CEDICT	
579	451_1	造成	造成	zào chéng		to bring about	气候变迁正在对地球范围内造成严重影响。	氣候變遷正在對地球範圍內造成嚴重影響。	tatoeba	13605144	氣候變遷正在對地球範圍內造成嚴重影響。	CC-CEDICT	
580	451_1	严重	嚴重	yán zhòng		grave	气候变迁正在对地球范围内造成严重影响。	氣候變遷正在對地球範圍內造成嚴重影響。	tatoeba	13605144	氣候變遷正在對地球範圍內造成嚴重影響。	CC-CEDICT	
581	451_1	影响	影響	yǐng xiǎng		influence	气候变迁正在对地球范围内造成严重影响。	氣候變遷正在對地球範圍內造成嚴重影響。	tatoeba	13605144	氣候變遷正在對地球範圍內造成嚴重影響。	CC-CEDICT	
582	452_1	院子	院子	yuàn zi		courtyard	院子里种着几棵高大的乔木。	院子裡種著幾棵高大的喬木。	authored			CC-CEDICT	
583	452_1	高大	高大	gāo dà		tall	院子里种着几棵高大的乔木。	院子裡種著幾棵高大的喬木。	authored			CC-CEDICT	
584	452_1	乔木	喬木	qiáo mù		tree	院子里种着几棵高大的乔木。	院子裡種著幾棵高大的喬木。	authored			CC-CEDICT	
585	455_1	传统	傳統	chuán tǒng		tradition	他们传统的生活方式不再存在。	他們傳統的生活方式不再存在。	tatoeba	1426458	他们传统的生活方式不再存在。	CC-CEDICT	
586	455_1	方式	方式	fāng shì		way	他们传统的生活方式不再存在。	他們傳統的生活方式不再存在。	tatoeba	1426458	他们传统的生活方式不再存在。	CC-CEDICT	
587	455_1	不再	不再	bù zài		no more	他们传统的生活方式不再存在。	他們傳統的生活方式不再存在。	tatoeba	1426458	他们传统的生活方式不再存在。	CC-CEDICT	
588	455_1	存在	存在	cún zài		to exist	他们传统的生活方式不再存在。	他們傳統的生活方式不再存在。	tatoeba	1426458	他们传统的生活方式不再存在。	CC-CEDICT	
589	461_1	总是	總是	zǒng shì		always	主场队总是比对手有优势。	主場隊總是比對手有優勢。	tatoeba	755897	主场队总是比对手有优势。	CC-CEDICT	
590	461_1	对手	對手	duì shǒu		opponent	主场队总是比对手有优势。	主場隊總是比對手有優勢。	tatoeba	755897	主场队总是比对手有优势。	CC-CEDICT	
591	461_1	优势	優勢	yōu shì		superiority	主场队总是比对手有优势。	主場隊總是比對手有優勢。	tatoeba	755897	主场队总是比对手有优势。	CC-CEDICT	
592	468_1	事故	事故	shì gù		accident	他在一场交通事故中严重受伤。	他在一場交通事故中嚴重受傷。	tatoeba	1516240	他在一场交通事故中严重受伤。	CC-CEDICT	
593	468_1	受伤	受傷	shòu shāng		to sustain injuries	他在一场交通事故中严重受伤。	他在一場交通事故中嚴重受傷。	tatoeba	1516240	他在一场交通事故中严重受伤。	CC-CEDICT	
594	470_1	伦敦	倫敦	lún dūn		London	他一到伦敦就给我发了个电报。	他一到倫敦就給我發了個電報。	tatoeba	335017	他一到伦敦就给我发了个电报。	CC-CEDICT	
595	470_1	电报	電報	diàn bào		telegram	他一到伦敦就给我发了个电报。	他一到倫敦就給我發了個電報。	tatoeba	335017	他一到伦敦就给我发了个电报。	CC-CEDICT	
596	472_1	新华社	新華社	xīn huá shè		Xinhua News Agency	新华社发布了这条消息。	新華社釋出了這條訊息。	authored			CC-CEDICT	
597	472_1	发布	釋出	fā bù	shì chū	to release	新华社发布了这条消息。	新華社釋出了這條訊息。	authored			CC-CEDICT	Taiwan MOE Concise Dictionary
598	472_1	消息	訊息	xiāo xi	xùn xí	news	新华社发布了这条消息。	新華社釋出了這條訊息。	authored			CC-CEDICT	Taiwan MOE Concise Dictionary
599	475_0	伙伴	伙伴	huǒ bàn		companion	他和他的伙伴让我跟他们一起去。	他和他的伙伴讓我跟他們一起去。	tatoeba	1438474	他和他的伙伴让我跟他们一起去。	CC-CEDICT	
600	476_1	作品	作品	zuò pǐn		work	这部作品被后人伪托给名家。	這部作品被後人僞託給名家。	authored			CC-CEDICT	
601	476_1	名家	名家	míng jiā		renowned expert	这部作品被后人伪托给名家。	這部作品被後人僞託給名家。	authored			CC-CEDICT	
602	480_0	肯定	肯定	kěn dìng		to be certain	我肯定事情会往好的方向发展。	我肯定事情會往好的方向發展。	tatoeba	343410	我肯定事情会往好的方向发展。	CC-CEDICT	
603	480_0	方向	方向	fāng xiàng		direction	我肯定事情会往好的方向发展。	我肯定事情會往好的方向發展。	tatoeba	343410	我肯定事情会往好的方向发展。	CC-CEDICT	
604	480_1	向日葵	向日葵	xiàng rì kuí		sunflower	向日葵总是面向太阳。	向日葵總是面嚮太陽。	tatoeba	13882008	向日葵总是面向太阳。	CC-CEDICT	
605	480_1	面向	面嚮	miàn xiàng		to face	向日葵总是面向太阳。	向日葵總是面嚮太陽。	tatoeba	13882008	向日葵总是面向太阳。	CC-CEDICT	
606	480_1	太阳	太陽	tài yang	tài yáng	sun	向日葵总是面向太阳。	向日葵總是面嚮太陽。	tatoeba	13882008	向日葵总是面向太阳。	CC-CEDICT	Taiwan MOE Concise Dictionary
607	482_0	主张	主張	zhǔ zhāng		to advocate	他主张的是出生的先后次序和个性有很密切的关系。	他主張的是出生的先后次序和個性有很密切的關係。	tatoeba	683070	他主張的是出生的先後次序和個性有很密切的關係。	CC-CEDICT	
608	482_0	出生	出生	chū shēng		to be born	他主张的是出生的先后次序和个性有很密切的关系。	他主張的是出生的先后次序和個性有很密切的關係。	tatoeba	683070	他主張的是出生的先後次序和個性有很密切的關係。	CC-CEDICT	
609	482_0	先后	先后	xiān hòu		early or late	他主张的是出生的先后次序和个性有很密切的关系。	他主張的是出生的先后次序和個性有很密切的關係。	tatoeba	683070	他主張的是出生的先後次序和個性有很密切的關係。	CC-CEDICT	
610	482_0	次序	次序	cì xù		sequence	他主张的是出生的先后次序和个性有很密切的关系。	他主張的是出生的先后次序和個性有很密切的關係。	tatoeba	683070	他主張的是出生的先後次序和個性有很密切的關係。	CC-CEDICT	
611	482_0	个性	個性	gè xìng		individuality	他主张的是出生的先后次序和个性有很密切的关系。	他主張的是出生的先后次序和個性有很密切的關係。	tatoeba	683070	他主張的是出生的先後次序和個性有很密切的關係。	CC-CEDICT	
612	482_0	密切	密切	mì qiè		close	他主张的是出生的先后次序和个性有很密切的关系。	他主張的是出生的先后次序和個性有很密切的關係。	tatoeba	683070	他主張的是出生的先後次序和個性有很密切的關係。	CC-CEDICT	
613	482_0	关系	關係	guān xi	guān xì	relation	他主张的是出生的先后次序和个性有很密切的关系。	他主張的是出生的先后次序和個性有很密切的關係。	tatoeba	683070	他主張的是出生的先後次序和個性有很密切的關係。	CC-CEDICT	Taiwan MOE Concise Dictionary
614	482_1	以后	以後	yǐ hòu		after	我们以后再谈。	我們以後再談。	preexisting			CC-CEDICT	
615	486_1	哲学	哲學	zhé xué		philosophy	他不仅社会学毕业，还有哲学。	他不僅社會學畢業，還有哲學。	tatoeba	5550294	他不仅社会学毕业，还有哲学。	CC-CEDICT	
616	487_1	杀人	殺人	shā rén		homicide	那个杀人犯依然逍遥法外。	那個殺人犯依然逍遙法外。	tatoeba	12686377	那个杀人犯依然逍遥法外。	CC-CEDICT	
617	487_1	依然	依然	yī rán		still	那个杀人犯依然逍遥法外。	那個殺人犯依然逍遙法外。	tatoeba	12686377	那个杀人犯依然逍遥法外。	CC-CEDICT	
618	487_1	逍遥	逍遙	xiāo yáo		free and unfettered	那个杀人犯依然逍遥法外。	那個殺人犯依然逍遙法外。	tatoeba	12686377	那个杀人犯依然逍遥法外。	CC-CEDICT	
619	487_1	法外	法外	fǎ wài		outside the law	那个杀人犯依然逍遥法外。	那個殺人犯依然逍遙法外。	tatoeba	12686377	那个杀人犯依然逍遥法外。	CC-CEDICT	
620	488_0	能够	能夠	néng gòu		to be capable of	没人能够预言这次合作的结果。	沒人能夠預言這次合作的結果。	tatoeba	2915096	没人能够预言这次合作的结果。	CC-CEDICT	
621	488_0	预言	預言	yù yán		to predict	没人能够预言这次合作的结果。	沒人能夠預言這次合作的結果。	tatoeba	2915096	没人能够预言这次合作的结果。	CC-CEDICT	
622	488_0	合作	合作	hé zuò		to cooperate	没人能够预言这次合作的结果。	沒人能夠預言這次合作的結果。	tatoeba	2915096	没人能够预言这次合作的结果。	CC-CEDICT	
623	488_0	结果	結果	jié guǒ		result	没人能够预言这次合作的结果。	沒人能夠預言這次合作的結果。	tatoeba	2915096	没人能够预言这次合作的结果。	CC-CEDICT	
624	488_1	外面	外面	wài miàn		outside	外面太吵，我一夜没有合眼。	外面太吵，我一夜沒有閤眼。	authored			CC-CEDICT	
625	488_1	合眼	閤眼	hé yǎn		to close one's eyes	外面太吵，我一夜没有合眼。	外面太吵，我一夜沒有閤眼。	authored			CC-CEDICT	
626	491_1	与众不同	與衆不同	yǔ zhòng bù tóng		to stand out from the crowd	汤姆有什么很与众不同的地方吗？	湯姆有什麼很與衆不同的地方嗎？	tatoeba	5095102	汤姆有什么很与众不同的地方吗？	CC-CEDICT	
627	491_1	地方	地方	dì fang	dì fāng	aspect; part	汤姆有什么很与众不同的地方吗？	湯姆有什麼很與衆不同的地方嗎？	tatoeba	5095102	汤姆有什么很与众不同的地方吗？	CC-CEDICT	Taiwan MOE Concise Dictionary
628	492_1	老爷	老爺	lǎo ye	lǎo yé	lord	老爷子毕生的心血全泡汤了。	老爺子畢生的心血全泡湯了。	tatoeba	14010759	老爺子畢生的心血全泡湯了。	CC-CEDICT	Taiwan MOE Concise Dictionary
629	492_1	毕生	畢生	bì shēng		one's whole life	老爷子毕生的心血全泡汤了。	老爺子畢生的心血全泡湯了。	tatoeba	14010759	老爺子畢生的心血全泡湯了。	CC-CEDICT	
630	492_1	心血	心血	xīn xuè	xīn xiě	heart's blood	老爷子毕生的心血全泡汤了。	老爺子畢生的心血全泡湯了。	tatoeba	14010759	老爺子畢生的心血全泡湯了。	CC-CEDICT	Taiwan MOE Concise Dictionary
631	493_1	伞兵	傘兵	sǎn bīng		paratrooper	伞兵从运输机上依次跳下。	傘兵從運輸機上依次跳下。	authored			CC-CEDICT	
632	493_1	运输	運輸	yùn shū		to transport	伞兵从运输机上依次跳下。	傘兵從運輸機上依次跳下。	authored			CC-CEDICT	
633	493_1	依次	依次	yī cì		in order	伞兵从运输机上依次跳下。	傘兵從運輸機上依次跳下。	authored			CC-CEDICT	
634	494_1	咖啡	咖啡	kā fēi		coffee	咖啡师们该创造一个情景喜剧。	咖啡師們該創造一個情景喜劇。	tatoeba	400819	咖啡师们该创造一个情景喜剧。	CC-CEDICT	
635	494_1	创造	創造	chuàng zào		to create	咖啡师们该创造一个情景喜剧。	咖啡師們該創造一個情景喜劇。	tatoeba	400819	咖啡师们该创造一个情景喜剧。	CC-CEDICT	
636	494_1	情景	情景	qíng jǐng		scene	咖啡师们该创造一个情景喜剧。	咖啡師們該創造一個情景喜劇。	tatoeba	400819	咖啡师们该创造一个情景喜剧。	CC-CEDICT	
637	494_1	喜剧	喜劇	xǐ jù		a comedy	咖啡师们该创造一个情景喜剧。	咖啡師們該創造一個情景喜劇。	tatoeba	400819	咖啡师们该创造一个情景喜剧。	CC-CEDICT	
638	498_1	复杂	複雜	fù zá		complicated	事情总比我们想的要复杂得多。	事情總比我們想的要複雜得多。	tatoeba	2367543	事情总比我们想的要复杂得多。	CC-CEDICT	
639	503_1	父母	父母	fù mǔ		father and mother	父母要对他们子女的安全负责。	父母要對他們子女的安全負責。	tatoeba	334340	父母要对他们子女的安全负责。	CC-CEDICT	
640	503_1	子女	子女	zǐ nǚ		children	父母要对他们子女的安全负责。	父母要對他們子女的安全負責。	tatoeba	334340	父母要对他们子女的安全负责。	CC-CEDICT	
641	503_1	安全	安全	ān quán		safe	父母要对他们子女的安全负责。	父母要對他們子女的安全負責。	tatoeba	334340	父母要对他们子女的安全负责。	CC-CEDICT	
642	510_1	那么	那麼	nà me		like that	我从没见过那么壮丽的日落景色。	我從沒見過那麼壯麗的日落景色。	tatoeba	346126	我从没见过那么壮丽的日落景色。	CC-CEDICT	
643	510_1	壮丽	壯麗	zhuàng lì		magnificence	我从没见过那么壮丽的日落景色。	我從沒見過那麼壯麗的日落景色。	tatoeba	346126	我从没见过那么壮丽的日落景色。	CC-CEDICT	
644	510_1	景色	景色	jǐng sè		scenery	我从没见过那么壮丽的日落景色。	我從沒見過那麼壯麗的日落景色。	tatoeba	346126	我从没见过那么壮丽的日落景色。	CC-CEDICT	
645	511_0	皇帝	皇帝	huáng dì		emperor	皇帝冲龄即位，由大臣辅政。	皇帝冲齡即位，由大臣輔政。	authored			CC-CEDICT	
646	511_0	即位	即位	jí wèi		to succeed to the throne	皇帝冲龄即位，由大臣辅政。	皇帝冲齡即位，由大臣輔政。	authored			CC-CEDICT	
647	511_0	大臣	大臣	dà chén		chancellor	皇帝冲龄即位，由大臣辅政。	皇帝冲齡即位，由大臣輔政。	authored			CC-CEDICT	
648	511_1	国家	國家	guó jiā		country	这两个国家经常发生边境冲突。	這兩個國家經常發生邊境衝突。	tatoeba	5360059	這兩個國家經常發生邊境衝突。	CC-CEDICT	
649	511_1	经常	經常	jīng cháng		frequently	这两个国家经常发生边境冲突。	這兩個國家經常發生邊境衝突。	tatoeba	5360059	這兩個國家經常發生邊境衝突。	CC-CEDICT	
650	511_1	发生	發生	fā shēng		to happen	这两个国家经常发生边境冲突。	這兩個國家經常發生邊境衝突。	tatoeba	5360059	這兩個國家經常發生邊境衝突。	CC-CEDICT	
651	511_1	边境	邊境	biān jìng		frontier	这两个国家经常发生边境冲突。	這兩個國家經常發生邊境衝突。	tatoeba	5360059	這兩個國家經常發生邊境衝突。	CC-CEDICT	
652	511_1	冲突	衝突	chōng tū	chōng tú	conflict	这两个国家经常发生边境冲突。	這兩個國家經常發生邊境衝突。	tatoeba	5360059	這兩個國家經常發生邊境衝突。	CC-CEDICT	Taiwan MOE Concise Dictionary
653	512_1	化妆	化妝	huà zhuāng		to put on makeup	她对这种化妆品过敏。	她對這種化妝品過敏。	authored			CC-CEDICT	
654	512_1	过敏	過敏	guò mǐn		allergic	她对这种化妆品过敏。	她對這種化妝品過敏。	authored			CC-CEDICT	
655	514_1	气氛	氣氛	qì fēn		atmosphere	大厅里的气氛十分庄严。	大廳裡的氣氛十分莊嚴。	preexisting			CC-CEDICT	
656	514_1	十分	十分	shí fēn		very	大厅里的气氛十分庄严。	大廳裡的氣氛十分莊嚴。	preexisting			CC-CEDICT	
657	514_1	庄严	莊嚴	zhuāng yán		solemn	大厅里的气氛十分庄严。	大廳裡的氣氛十分莊嚴。	preexisting			CC-CEDICT	
658	515_1	重庆	重慶	chóng qìng		Chongqing municipality	重庆是一座丘陵的城市，道路弯弯曲曲的。	重慶是一座丘陵的城市，道路彎彎曲曲的。	tatoeba	2228186	重庆是一座丘陵的城市，道路弯弯曲曲的。	CC-CEDICT	
659	515_1	丘陵	丘陵	qiū líng		hills	重庆是一座丘陵的城市，道路弯弯曲曲的。	重慶是一座丘陵的城市，道路彎彎曲曲的。	tatoeba	2228186	重庆是一座丘陵的城市，道路弯弯曲曲的。	CC-CEDICT	
660	515_1	道路	道路	dào lù		road	重庆是一座丘陵的城市，道路弯弯曲曲的。	重慶是一座丘陵的城市，道路彎彎曲曲的。	tatoeba	2228186	重庆是一座丘陵的城市，道路弯弯曲曲的。	CC-CEDICT	
661	515_1	弯曲	彎曲	wān qū		to bend	重庆是一座丘陵的城市，道路弯弯曲曲的。	重慶是一座丘陵的城市，道路彎彎曲曲的。	tatoeba	2228186	重庆是一座丘陵的城市，道路弯弯曲曲的。	CC-CEDICT	
662	517_1	刘备	劉備	liú bèi		Liu Bei	刘备和诸葛亮是一支无法战胜的队伍。	劉備和諸葛亮是一支無法戰勝的隊伍。	tatoeba	421511	刘备和诸葛亮是一支无法战胜的队伍。	CC-CEDICT	
663	517_1	诸葛	諸葛	zhū gě	zhū gé	two-character surname Zhuge	刘备和诸葛亮是一支无法战胜的队伍。	劉備和諸葛亮是一支無法戰勝的隊伍。	tatoeba	421511	刘备和诸葛亮是一支无法战胜的队伍。	CC-CEDICT	Taiwan MOE Concise Dictionary
664	517_1	战胜	戰勝	zhàn shèng		to prevail over	刘备和诸葛亮是一支无法战胜的队伍。	劉備和諸葛亮是一支無法戰勝的隊伍。	tatoeba	421511	刘备和诸葛亮是一支无法战胜的队伍。	CC-CEDICT	
665	518_1	大家	大家	dà jiā		everyone	大家一齐举起了杯子。	大家一齊舉起了杯子。	authored			CC-CEDICT	
666	518_1	一齐	一齊	yī qí		at the same time	大家一齐举起了杯子。	大家一齊舉起了杯子。	authored			CC-CEDICT	
667	518_1	举起	舉起	jǔ qǐ		to heave	大家一齐举起了杯子。	大家一齊舉起了杯子。	authored			CC-CEDICT	
668	522_1	警方	警方	jǐng fāng		police	警方正在调查网络黑产。	警方正在調查網路黑産。	authored			CC-CEDICT	
669	522_1	调查	調查	diào chá		investigation	警方正在调查网络黑产。	警方正在調查網路黑産。	authored			CC-CEDICT	
670	527_1	主席	主席	zhǔ xí		chairperson	主席宣布大会正式闭会。	主席宣佈大會正式閉會。	authored			CC-CEDICT	
671	527_1	宣布	宣佈	xuān bù		to declare	主席宣布大会正式闭会。	主席宣佈大會正式閉會。	authored			CC-CEDICT	
672	527_1	大会	大會	dà huì		general assembly	主席宣布大会正式闭会。	主席宣佈大會正式閉會。	authored			CC-CEDICT	
673	527_1	正式	正式	zhèng shì		formal	主席宣布大会正式闭会。	主席宣佈大會正式閉會。	authored			CC-CEDICT	
674	527_1	闭会	閉會	bì huì		close a meeting	主席宣布大会正式闭会。	主席宣佈大會正式閉會。	authored			CC-CEDICT	
675	528_1	如何	如何	rú hé		how	如何克服日元升高是个大问题。	如何克服日元升高是個大問題。	tatoeba	332526	如何克服日元升高是个大问题。	CC-CEDICT	
676	528_1	克服	克服	kè fú		overcome	如何克服日元升高是个大问题。	如何克服日元升高是個大問題。	tatoeba	332526	如何克服日元升高是个大问题。	CC-CEDICT	
677	528_1	升高	升高	shēng gāo		to raise	如何克服日元升高是个大问题。	如何克服日元升高是個大問題。	tatoeba	332526	如何克服日元升高是个大问题。	CC-CEDICT	
678	529_1	李自成	李自成	lǐ zì chéng		Li Zicheng	李自成被称为闯王。	李自成被稱為闖王。	authored			CC-CEDICT	
679	529_1	称为	稱為	chēng wéi		to be called	李自成被称为闯王。	李自成被稱為闖王。	authored			CC-CEDICT	
680	532_1	犯罪	犯罪	fàn zuì		to commit a crime	这个犯罪和我一点关系都没有。	這個犯罪和我一點關係都沒有。	tatoeba	334900	这个犯罪和我一点关系都没有。	CC-CEDICT	
681	534_1	灯光	燈光	dēng guāng		lighting	灯光太暗了，我没法阅读。	燈光太暗了，我沒法閱讀。	tatoeba	4948530	灯光太暗了，我没法阅读。	CC-CEDICT	
682	534_1	没法	沒法	méi fǎ		at a loss	灯光太暗了，我没法阅读。	燈光太暗了，我沒法閱讀。	tatoeba	4948530	灯光太暗了，我没法阅读。	CC-CEDICT	
683	534_1	阅读	閱讀	yuè dú		to read	灯光太暗了，我没法阅读。	燈光太暗了，我沒法閱讀。	tatoeba	4948530	灯光太暗了，我没法阅读。	CC-CEDICT	
684	542_1	热气	熱氣	rè qì		steam	锅里的鸡汤还在冒热气。	鍋裡的雞湯還在冒熱氣。	authored			CC-CEDICT	
685	544_1	听到	聽到	tīng dào		to hear	听到她成功的消息，他很高兴。	聽到她成功的訊息，他很高興。	tatoeba	332579	听到她成功的消息，他很高兴。	CC-CEDICT	
686	544_1	成功	成功	chéng gōng		to succeed	听到她成功的消息，他很高兴。	聽到她成功的訊息，他很高興。	tatoeba	332579	听到她成功的消息，他很高兴。	CC-CEDICT	
687	544_1	高兴	高興	gāo xìng		happy	听到她成功的消息，他很高兴。	聽到她成功的訊息，他很高興。	tatoeba	332579	听到她成功的消息，他很高兴。	CC-CEDICT	
688	550_1	有点	有點	yǒu diǎn		a little	这里有点吵，请你讲话大点声。	這裡有點吵，請你講話大點聲。	tatoeba	3077990	这里有点吵，请你讲话大点声。	CC-CEDICT	
689	550_1	讲话	講話	jiǎng huà		a speech	这里有点吵，请你讲话大点声。	這裡有點吵，請你講話大點聲。	tatoeba	3077990	这里有点吵，请你讲话大点声。	CC-CEDICT	
690	551_1	不同	不同	bù tóng		different	艺术不同于哲学，它最忌讳抽象。	藝術不同於哲學，它最忌諱抽象。	tatoeba	4813413	艺术不同于哲学，它最忌讳抽象。	CC-CEDICT	
691	551_1	忌讳	忌諱	jì huì		taboo	艺术不同于哲学，它最忌讳抽象。	藝術不同於哲學，它最忌諱抽象。	tatoeba	4813413	艺术不同于哲学，它最忌讳抽象。	CC-CEDICT	
692	551_1	抽象	抽象	chōu xiàng		abstract	艺术不同于哲学，它最忌讳抽象。	藝術不同於哲學，它最忌諱抽象。	tatoeba	4813413	艺术不同于哲学，它最忌讳抽象。	CC-CEDICT	
693	552_1	力量	力量	lì liang	lì liàng	power	这个国家的军事力量很先进。	這個國家的軍事力量很先進。	tatoeba	3544974	这个国家的军事力量很先进。	CC-CEDICT	Taiwan MOE Concise Dictionary
694	552_1	先进	先進	xiān jìn		sophisticated	这个国家的军事力量很先进。	這個國家的軍事力量很先進。	tatoeba	3544974	这个国家的军事力量很先进。	CC-CEDICT	
695	553_1	听说	聽說	tīng shuō		to hear	听说他失败了，我感到很惊讶。	聽說他失敗了，我感到很驚訝。	tatoeba	346477	听说他失败了，我感到很惊讶。	CC-CEDICT	
696	553_1	失败	失敗	shī bài		to be defeated	听说他失败了，我感到很惊讶。	聽說他失敗了，我感到很驚訝。	tatoeba	346477	听说他失败了，我感到很惊讶。	CC-CEDICT	
697	553_1	惊讶	驚訝	jīng yà		amazed	听说他失败了，我感到很惊讶。	聽說他失敗了，我感到很驚訝。	tatoeba	346477	听说他失败了，我感到很惊讶。	CC-CEDICT	
698	554_1	包含	包含	bāo hán		to contain	这本书包含了许多美丽的插图。	這本書包含了許多美麗的插圖。	tatoeba	1870806	这本书包含了许多美丽的插图。	CC-CEDICT	
699	554_1	美丽	美麗	měi lì		beautiful	这本书包含了许多美丽的插图。	這本書包含了許多美麗的插圖。	tatoeba	1870806	这本书包含了许多美丽的插图。	CC-CEDICT	
700	554_1	插图	插圖	chā tú		illustration	这本书包含了许多美丽的插图。	這本書包含了許多美麗的插圖。	tatoeba	1870806	这本书包含了许多美丽的插图。	CC-CEDICT	
701	555_1	罪犯	罪犯	zuì fàn		criminal	罪犯用照片对受害者进行讹诈。	罪犯用照片對受害者進行訛詐。	authored			CC-CEDICT	
702	555_1	照片	照片	zhào piàn		photograph	罪犯用照片对受害者进行讹诈。	罪犯用照片對受害者進行訛詐。	authored			CC-CEDICT	
703	555_1	受害者	受害者	shòu hài zhě		casualty	罪犯用照片对受害者进行讹诈。	罪犯用照片對受害者進行訛詐。	authored			CC-CEDICT	
704	555_1	进行	進行	jìn xíng		to proceed	罪犯用照片对受害者进行讹诈。	罪犯用照片對受害者進行訛詐。	authored			CC-CEDICT	
705	555_1	讹诈	訛詐	é zhà		to extort under false pretenses	罪犯用照片对受害者进行讹诈。	罪犯用照片對受害者進行訛詐。	authored			CC-CEDICT	
706	556_1	最后	最後	zuì hòu		final	最后，他终于明白了那个理论。	最後，他終於明白了那個理論。	tatoeba	335109	最后，他终于明白了那个理论。	CC-CEDICT	
707	556_1	明白	明白	míng bai	míng bái	clear	最后，他终于明白了那个理论。	最後，他終於明白了那個理論。	tatoeba	335109	最后，他终于明白了那个理论。	CC-CEDICT	Taiwan MOE Concise Dictionary
708	556_1	理论	理論	lǐ lùn		theory	最后，他终于明白了那个理论。	最後，他終於明白了那個理論。	tatoeba	335109	最后，他终于明白了那个理论。	CC-CEDICT	
709	557_1	提起	提起	tí qǐ		to mention	汤姆将对他们提起民事诉讼。	湯姆將對他們提起民事訴訟。	tatoeba	10153683	汤姆将对他们提起民事诉讼。	CC-CEDICT	
710	557_1	民事	民事	mín shì		civil case	汤姆将对他们提起民事诉讼。	湯姆將對他們提起民事訴訟。	tatoeba	10153683	汤姆将对他们提起民事诉讼。	CC-CEDICT	
711	557_1	诉讼	訴訟	sù sòng		lawsuit	汤姆将对他们提起民事诉讼。	湯姆將對他們提起民事訴訟。	tatoeba	10153683	汤姆将对他们提起民事诉讼。	CC-CEDICT	
712	558_1	政府	政府	zhèng fǔ		government	政府应该加大对农业的投资。	政府應該加大對農業的投資。	tatoeba	2515316	政府应该加大对农业的投资。	CC-CEDICT	
713	558_1	加大	加大	jiā dà		to increase	政府应该加大对农业的投资。	政府應該加大對農業的投資。	tatoeba	2515316	政府应该加大对农业的投资。	CC-CEDICT	
714	558_1	农业	農業	nóng yè		agriculture	政府应该加大对农业的投资。	政府應該加大對農業的投資。	tatoeba	2515316	政府应该加大对农业的投资。	CC-CEDICT	
715	558_1	投资	投資	tóu zī		investment	政府应该加大对农业的投资。	政府應該加大對農業的投資。	tatoeba	2515316	政府应该加大对农业的投资。	CC-CEDICT	
716	559_1	觉得	覺得	jué de		to think that ...	你不觉得这个名字很讽刺吗，「神圣的战争」？	你不覺得這個名字很諷刺嗎，「神聖的戰爭」？	tatoeba	4746474	你不覺得這個名字很諷刺嗎，「神聖的戰爭」？	CC-CEDICT	
717	559_1	讽刺	諷刺	fěng cì	fèng cì	to satirize	你不觉得这个名字很讽刺吗，「神圣的战争」？	你不覺得這個名字很諷刺嗎，「神聖的戰爭」？	tatoeba	4746474	你不覺得這個名字很諷刺嗎，「神聖的戰爭」？	CC-CEDICT	Taiwan MOE Concise Dictionary
718	559_1	战争	戰爭	zhàn zhēng		war	你不觉得这个名字很讽刺吗，「神圣的战争」？	你不覺得這個名字很諷刺嗎，「神聖的戰爭」？	tatoeba	4746474	你不覺得這個名字很諷刺嗎，「神聖的戰爭」？	CC-CEDICT	
719	560_1	建设	建設	jiàn shè		to build	建设美丽新疆，共圆祖国梦想。	建設美麗新疆，共圓祖國夢想。	tatoeba	9846223	建设美丽新疆，共圆祖国梦想。	CC-CEDICT	
720	560_1	新疆	新疆	xīn jiāng		Xinjiang	建设美丽新疆，共圆祖国梦想。	建設美麗新疆，共圓祖國夢想。	tatoeba	9846223	建设美丽新疆，共圆祖国梦想。	CC-CEDICT	
721	560_1	祖国	祖國	zǔ guó		motherland	建设美丽新疆，共圆祖国梦想。	建設美麗新疆，共圓祖國夢想。	tatoeba	9846223	建设美丽新疆，共圆祖国梦想。	CC-CEDICT	
722	560_1	梦想	夢想	mèng xiǎng		to dream of	建设美丽新疆，共圆祖国梦想。	建設美麗新疆，共圓祖國夢想。	tatoeba	9846223	建设美丽新疆，共圆祖国梦想。	CC-CEDICT	
723	561_1	采访	採訪	cǎi fǎng		to interview	这名采访者确认了他的采访对象。	這名採訪者確認了他的採訪物件。	tatoeba	810068	這名採訪者確認了他的採訪對象。	CC-CEDICT	
724	561_1	对象	物件	duì xiàng	wù jiàn	target	这名采访者确认了他的采访对象。	這名採訪者確認了他的採訪物件。	tatoeba	810068	這名採訪者確認了他的採訪對象。	CC-CEDICT	Taiwan MOE Concise Dictionary
725	562_1	秘诀	秘訣	mì jué		secret know-how	秘诀是什么？	秘訣是什麼？	tatoeba	13275185	祕訣是什麼？	CC-CEDICT	
726	563_1	寻找	尋找	xún zhǎo		to seek	我在寻找一个礼物送给我母亲。	我在尋找一個禮物送給我母親。	tatoeba	662309	我在寻找一个礼物送给我母亲。	CC-CEDICT	
727	563_1	礼物	禮物	lǐ wù		gift	我在寻找一个礼物送给我母亲。	我在尋找一個禮物送給我母親。	tatoeba	662309	我在寻找一个礼物送给我母亲。	CC-CEDICT	
728	563_1	送给	送給	sòng gěi		to send	我在寻找一个礼物送给我母亲。	我在尋找一個禮物送給我母親。	tatoeba	662309	我在寻找一个礼物送给我母亲。	CC-CEDICT	
729	563_1	母亲	母親	mǔ qīn		mother	我在寻找一个礼物送给我母亲。	我在尋找一個禮物送給我母親。	tatoeba	662309	我在寻找一个礼物送给我母亲。	CC-CEDICT	
730	566_1	游戏	遊戲	yóu xì		game	游戏目标是尽量长时间保持不动。	遊戲目標是盡量長時間保持不動。	tatoeba	10926508	游戏目标是尽量长时间保持不动。	CC-CEDICT	
731	566_1	尽量	盡量	jǐn liàng	jìn liàng	as much as possible	游戏目标是尽量长时间保持不动。	遊戲目標是盡量長時間保持不動。	tatoeba	10926508	游戏目标是尽量长时间保持不动。	CC-CEDICT	Taiwan MOE Concise Dictionary
732	566_1	保持	保持	bǎo chí		to keep	游戏目标是尽量长时间保持不动。	遊戲目標是盡量長時間保持不動。	tatoeba	10926508	游戏目标是尽量长时间保持不动。	CC-CEDICT	
733	566_1	不动	不動	bù dòng		motionless	游戏目标是尽量长时间保持不动。	遊戲目標是盡量長時間保持不動。	tatoeba	10926508	游戏目标是尽量长时间保持不动。	CC-CEDICT	
734	566_2	尽管	儘管	jǐn guǎn		despite	尽管他很富有，他还是不满足。	儘管他很富有，他還是不滿足。	tatoeba	786018	尽管他很富有，他还是不满足。	CC-CEDICT	
735	566_2	富有	富有	fù yǒu		rich	尽管他很富有，他还是不满足。	儘管他很富有，他還是不滿足。	tatoeba	786018	尽管他很富有，他还是不满足。	CC-CEDICT	
736	566_2	满足	滿足	mǎn zú		to satisfy	尽管他很富有，他还是不满足。	儘管他很富有，他還是不滿足。	tatoeba	786018	尽管他很富有，他还是不满足。	CC-CEDICT	
737	567_1	适合	適合	shì hé		to fit	许多人说他不适合当领导。	許多人說他不適合當領導。	tatoeba	13828932	许多人说他不适合当领导。	CC-CEDICT	
738	567_1	领导	領導	lǐng dǎo		lead	许多人说他不适合当领导。	許多人說他不適合當領導。	tatoeba	13828932	许多人说他不适合当领导。	CC-CEDICT	
739	570_1	孙中山	孫中山	sūn zhōng shān		Sun Yat-sen	孙中山出生于广东香山。	孫中山出生於廣東香山。	authored			CC-CEDICT	
740	570_1	广东	廣東	guǎng dōng		Guangdong	孙中山出生于广东香山。	孫中山出生於廣東香山。	authored			CC-CEDICT	
741	571_1	一阵	一陣	yī zhèn		a burst	一阵寒意像砖头一样击中了我。	一陣寒意像磚頭一樣擊中了我。	tatoeba	13753072	一陣寒意像磚頭一樣擊中了我。	CC-CEDICT	
742	571_1	寒意	寒意	hán yì		a nip in the air	一阵寒意像砖头一样击中了我。	一陣寒意像磚頭一樣擊中了我。	tatoeba	13753072	一陣寒意像磚頭一樣擊中了我。	CC-CEDICT	
743	571_1	砖头	磚頭	zhuān tou		brick	一阵寒意像砖头一样击中了我。	一陣寒意像磚頭一樣擊中了我。	tatoeba	13753072	一陣寒意像磚頭一樣擊中了我。	CC-CEDICT	
744	572_1	不好	不好	bù hǎo		no good	我不好去新天地，坐星巴克，也要走走襄阳路市场，做做月工资全化光的人。	我不好去新天地，坐星巴克，也要走走襄陽路市場，做做月工資全化光的人。	tatoeba	421086	我不好去新天地，坐星巴克，也要走走襄阳路市场，做做月工资全化光的人。	CC-CEDICT	
745	572_1	新天地	新天地	xīn tiān dì		Xintiandi	我不好去新天地，坐星巴克，也要走走襄阳路市场，做做月工资全化光的人。	我不好去新天地，坐星巴克，也要走走襄陽路市場，做做月工資全化光的人。	tatoeba	421086	我不好去新天地，坐星巴克，也要走走襄阳路市场，做做月工资全化光的人。	CC-CEDICT	
746	572_1	襄阳	襄陽	xiāng yáng		Xiangyang	我不好去新天地，坐星巴克，也要走走襄阳路市场，做做月工资全化光的人。	我不好去新天地，坐星巴克，也要走走襄陽路市場，做做月工資全化光的人。	tatoeba	421086	我不好去新天地，坐星巴克，也要走走襄阳路市场，做做月工资全化光的人。	CC-CEDICT	
747	574_1	第一	第一	dì yī		first	工程的第一阶段已经完成了。	工程的第一階段已經完成了。	tatoeba	688273	工程的第一階段已經完成了。	CC-CEDICT	
748	574_1	阶段	階段	jiē duàn		stage	工程的第一阶段已经完成了。	工程的第一階段已經完成了。	tatoeba	688273	工程的第一階段已經完成了。	CC-CEDICT	
749	575_1	人们	人們	rén men		people	人们指控他参与了这场阴谋。	人們指控他參與了這場陰謀。	tatoeba	13117586	人們指控他參與了這場陰謀。	CC-CEDICT	
750	575_1	指控	指控	zhǐ kòng		accusation	人们指控他参与了这场阴谋。	人們指控他參與了這場陰謀。	tatoeba	13117586	人們指控他參與了這場陰謀。	CC-CEDICT	
751	575_1	参与	參與	cān yù		to participate	人们指控他参与了这场阴谋。	人們指控他參與了這場陰謀。	tatoeba	13117586	人們指控他參與了這場陰謀。	CC-CEDICT	
752	575_1	阴谋	陰謀	yīn móu		to conspire	人们指控他参与了这场阴谋。	人們指控他參與了這場陰謀。	tatoeba	13117586	人們指控他參與了這場陰謀。	CC-CEDICT	
753	579_1	沙特阿拉伯	沙烏地阿拉伯	shā tè ā lā bó		Saudi Arabia	在沙特阿拉伯妇女不允许开车。	在沙烏地阿拉伯婦女不允許開車。	tatoeba	10260763	在沙特阿拉伯妇女不允许开车。	CC-CEDICT	
754	579_1	妇女	婦女	fù nǚ		woman	在沙特阿拉伯妇女不允许开车。	在沙烏地阿拉伯婦女不允許開車。	tatoeba	10260763	在沙特阿拉伯妇女不允许开车。	CC-CEDICT	
755	579_1	允许	允許	yǔn xǔ		to permit	在沙特阿拉伯妇女不允许开车。	在沙烏地阿拉伯婦女不允許開車。	tatoeba	10260763	在沙特阿拉伯妇女不允许开车。	CC-CEDICT	
756	579_1	开车	開車	kāi chē		to drive a car	在沙特阿拉伯妇女不允许开车。	在沙烏地阿拉伯婦女不允許開車。	tatoeba	10260763	在沙特阿拉伯妇女不允许开车。	CC-CEDICT	
757	583_1	他妈的	他媽的	tā mā de		damn it!	我他妈的才不管你们说什么！	我他媽的才不管你們說什麼！	tatoeba	12314099	我他妈的才不管你们说什么！	CC-CEDICT	
758	583_1	不管	不管	bù guǎn		not to be concerned	我他妈的才不管你们说什么！	我他媽的才不管你們說什麼！	tatoeba	12314099	我他妈的才不管你们说什么！	CC-CEDICT	
759	583_1	你们	你們	nǐ men		you	我他妈的才不管你们说什么！	我他媽的才不管你們說什麼！	tatoeba	12314099	我他妈的才不管你们说什么！	CC-CEDICT	
760	586_1	观点	觀點	guān diǎn		point of view	他的观点为问题带来了新想法。	他的觀點為問題帶來了新想法。	tatoeba	10696012	他的观点为问题带来了新想法。	CC-CEDICT	
761	586_1	带来	帶來	dài lái		to bring	他的观点为问题带来了新想法。	他的觀點為問題帶來了新想法。	tatoeba	10696012	他的观点为问题带来了新想法。	CC-CEDICT	
762	589_1	房顶	房頂	fáng dǐng		housetop	那个有红色房顶的是汤姆的家。	那個有紅色房頂的是湯姆的家。	tatoeba	1517746	那个有红色房顶的是汤姆的家。	CC-CEDICT	
763	590_1	骡子	騾子	luó zi		mule	骡子负责驮运山里的物资。	騾子負責馱運山裡的物資。	authored			CC-CEDICT	
764	590_1	物资	物資	wù zī		goods	骡子负责驮运山里的物资。	騾子負責馱運山裡的物資。	authored			CC-CEDICT	
765	591_1	膳食	膳食	shàn shí		meals	你要吃多点含膳食纤维的食物。	你要吃多點含膳食纖維的食物。	tatoeba	373196	你要吃多點含膳食纖維的食物。	CC-CEDICT	
766	591_1	纤维	纖維	xiān wéi		fiber	你要吃多点含膳食纤维的食物。	你要吃多點含膳食纖維的食物。	tatoeba	373196	你要吃多點含膳食纖維的食物。	CC-CEDICT	
767	591_1	食物	食物	shí wù		food	你要吃多点含膳食纤维的食物。	你要吃多點含膳食纖維的食物。	tatoeba	373196	你要吃多點含膳食纖維的食物。	CC-CEDICT	
768	591_2	纤夫	縴夫	qiàn fū		burlak	纤夫拉着船逆流而上。	縴夫拉著船逆流而上。	authored			CC-CEDICT	
769	591_2	逆流而上	逆流而上	nì liú ér shàng		to sail against the current	纤夫拉着船逆流而上。	縴夫拉著船逆流而上。	authored			CC-CEDICT	
770	592_1	驯鹿	馴鹿	xùn lù	xún lù	reindeer	驯鹿在雪地里寻找食物。	馴鹿在雪地裡尋找食物。	authored			CC-CEDICT	Taiwan MOE Concise Dictionary
771	592_1	雪地	雪地	xuě dì		snow-covered ground	驯鹿在雪地里寻找食物。	馴鹿在雪地裡尋找食物。	authored			CC-CEDICT	
772	593_1	条约	條約	tiáo yuē		treaty	新条约可能在接下来的两三周内谈妥。	新條約可能在接下來的兩三週內談妥。	tatoeba	847743	新条约可能在接下来的两三周内谈妥。	CC-CEDICT	
773	593_1	可能	可能	kě néng		might	新条约可能在接下来的两三周内谈妥。	新條約可能在接下來的兩三週內談妥。	tatoeba	847743	新条约可能在接下来的两三周内谈妥。	CC-CEDICT	
774	593_1	下来	下來	xià lai	xià lái	to come down	新条约可能在接下来的两三周内谈妥。	新條約可能在接下來的兩三週內談妥。	tatoeba	847743	新条约可能在接下来的两三周内谈妥。	CC-CEDICT	Taiwan MOE Concise Dictionary
775	593_1	谈妥	談妥	tán tuǒ		to come to terms	新条约可能在接下来的两三周内谈妥。	新條約可能在接下來的兩三週內談妥。	tatoeba	847743	新条约可能在接下来的两三周内谈妥。	CC-CEDICT	
776	594_1	各级	各級	gè jí		all levels	各级部门都要落实新规定。	各級部門都要落實新規定。	authored			CC-CEDICT	
777	594_1	部门	部門	bù mén		department	各级部门都要落实新规定。	各級部門都要落實新規定。	authored			CC-CEDICT	
778	594_1	落实	落實	luò shí		practical	各级部门都要落实新规定。	各級部門都要落實新規定。	authored			CC-CEDICT	
779	594_1	规定	規定	guī dìng		to stipulate	各级部门都要落实新规定。	各級部門都要落實新規定。	authored			CC-CEDICT	
780	595_1	算盘	算盤	suàn pán		abacus	算盘在中世纪一直被广泛使用。	算盤在中世紀一直被廣泛使用。	tatoeba	1133348	算盘在中世纪一直被广泛使用。	CC-CEDICT	
781	595_1	世纪	世紀	shì jì		century	算盘在中世纪一直被广泛使用。	算盤在中世紀一直被廣泛使用。	tatoeba	1133348	算盘在中世纪一直被广泛使用。	CC-CEDICT	
782	595_1	一直	一直	yī zhí		straight	算盘在中世纪一直被广泛使用。	算盤在中世紀一直被廣泛使用。	tatoeba	1133348	算盘在中世纪一直被广泛使用。	CC-CEDICT	
783	595_1	广泛	廣泛	guǎng fàn		wide	算盘在中世纪一直被广泛使用。	算盤在中世紀一直被廣泛使用。	tatoeba	1133348	算盘在中世纪一直被广泛使用。	CC-CEDICT	
784	596_1	骏马	駿馬	jùn mǎ		fine horse	骏马在草原上奔驰。	駿馬在草原上奔馳。	authored			CC-CEDICT	
785	596_1	草原	草原	cǎo yuán		grassland	骏马在草原上奔驰。	駿馬在草原上奔馳。	authored			CC-CEDICT	
786	596_1	奔驰	奔馳	bēn chí		to gallop	骏马在草原上奔驰。	駿馬在草原上奔馳。	authored			CC-CEDICT	
787	597_1	缝纫	縫紉	féng rèn		to sew	这台旧缝纫机仍然可以使用。	這臺舊縫紉機仍然可以使用。	authored			CC-CEDICT	
788	597_1	可以	可以	kě yǐ		can	这台旧缝纫机仍然可以使用。	這臺舊縫紉機仍然可以使用。	authored			CC-CEDICT	
789	599_1	合理	合理	hé lǐ		rational	合理地喂狗可以延长宠物寿命。	合理地餵狗可以延長寵物壽命。	tatoeba	8969818	合理地喂狗可以延长宠物寿命。	CC-CEDICT	
790	599_1	延长	延長	yán cháng		to prolong	合理地喂狗可以延长宠物寿命。	合理地餵狗可以延長寵物壽命。	tatoeba	8969818	合理地喂狗可以延长宠物寿命。	CC-CEDICT	
791	599_1	宠物	寵物	chǒng wù		house pet	合理地喂狗可以延长宠物寿命。	合理地餵狗可以延長寵物壽命。	tatoeba	8969818	合理地喂狗可以延长宠物寿命。	CC-CEDICT	
792	599_1	寿命	壽命	shòu mìng		life span	合理地喂狗可以延长宠物寿命。	合理地餵狗可以延長寵物壽命。	tatoeba	8969818	合理地喂狗可以延长宠物寿命。	CC-CEDICT	
793	601_1	辨别	辨別	biàn bié		to distinguish	你能辨别小麦和大麦吗？	你能辨別小麥和大麥嗎？	tatoeba	1785939	你能辨别小麦和大麦吗？	CC-CEDICT	
794	601_1	小麦	小麥	xiǎo mài		wheat	你能辨别小麦和大麦吗？	你能辨別小麥和大麥嗎？	tatoeba	1785939	你能辨别小麦和大麦吗？	CC-CEDICT	
795	601_1	大麦	大麥	dà mài		barley	你能辨别小麦和大麦吗？	你能辨別小麥和大麥嗎？	tatoeba	1785939	你能辨别小麦和大麦吗？	CC-CEDICT	
796	603_1	项链	項鍊	xiàng liàn		necklace	这条项链上镶着红玛瑙。	這條項鍊上鑲著紅瑪瑙。	authored			CC-CEDICT	
797	603_1	玛瑙	瑪瑙	mǎ nǎo		cornelian	这条项链上镶着红玛瑙。	這條項鍊上鑲著紅瑪瑙。	authored			CC-CEDICT	
798	605_1	就算	就算	jiù suàn		even if	就算下雨，比赛也将照常进行。	就算下雨，比賽也將照常進行。	tatoeba	1923687	就算下雨，比赛也将照常进行。	CC-CEDICT	
799	605_1	下雨	下雨	xià yǔ		to rain	就算下雨，比赛也将照常进行。	就算下雨，比賽也將照常進行。	tatoeba	1923687	就算下雨，比赛也将照常进行。	CC-CEDICT	
800	605_1	照常	照常	zhào cháng		as usual	就算下雨，比赛也将照常进行。	就算下雨，比賽也將照常進行。	tatoeba	1923687	就算下雨，比赛也将照常进行。	CC-CEDICT	
801	608_1	永远	永遠	yǒng yuǎn		forever	她会永远活在我们的记忆里面。	她會永遠活在我們的記憶裡面。	tatoeba	4760051	她会永远活在我们的记忆里面。	CC-CEDICT	
802	608_1	里面	裡面	lǐ miàn		inside	她会永远活在我们的记忆里面。	她會永遠活在我們的記憶裡面。	tatoeba	4760051	她会永远活在我们的记忆里面。	CC-CEDICT	
803	609_1	知道	知道	zhī dào		to know	汤姆不知道他的所作所为违反了规则。	湯姆不知道他的所作所為違反了規則。	tatoeba	8688126	汤姆不知道他的所作所为违反了规则。	CC-CEDICT	
804	609_1	所作所为	所作所為	suǒ zuò suǒ wéi		one's conduct and deeds	汤姆不知道他的所作所为违反了规则。	湯姆不知道他的所作所為違反了規則。	tatoeba	8688126	汤姆不知道他的所作所为违反了规则。	CC-CEDICT	
805	609_1	违反	違反	wéi fǎn		to violate	汤姆不知道他的所作所为违反了规则。	湯姆不知道他的所作所為違反了規則。	tatoeba	8688126	汤姆不知道他的所作所为违反了规则。	CC-CEDICT	
806	609_1	规则	規則	guī zé		rule	汤姆不知道他的所作所为违反了规则。	湯姆不知道他的所作所為違反了規則。	tatoeba	8688126	汤姆不知道他的所作所为违反了规则。	CC-CEDICT	
807	610_1	学好	學好	xué hǎo		to follow good examples	学好一门外语需要坚韧不拔的毅力。	學好一門外語需要堅韌不拔的毅力。	tatoeba	1736070	学好一门外语需要坚韧不拔的毅力。	CC-CEDICT	
808	610_1	外语	外語	wài yǔ		foreign language	学好一门外语需要坚韧不拔的毅力。	學好一門外語需要堅韌不拔的毅力。	tatoeba	1736070	学好一门外语需要坚韧不拔的毅力。	CC-CEDICT	
809	610_1	坚韧	堅韌	jiān rèn		tough and durable	学好一门外语需要坚韧不拔的毅力。	學好一門外語需要堅韌不拔的毅力。	tatoeba	1736070	学好一门外语需要坚韧不拔的毅力。	CC-CEDICT	
810	610_1	毅力	毅力	yì lì		perseverance	学好一门外语需要坚韧不拔的毅力。	學好一門外語需要堅韌不拔的毅力。	tatoeba	1736070	学好一门外语需要坚韧不拔的毅力。	CC-CEDICT	
811	611_1	视力	視力	shì lì		eyesight	视力不好对运动员来说是残疾。	視力不好對運動員來說是殘疾。	tatoeba	444638	视力不好对运动员来说是残疾。	CC-CEDICT	
812	611_1	残疾	殘疾	cán jí		disabled	视力不好对运动员来说是残疾。	視力不好對運動員來說是殘疾。	tatoeba	444638	视力不好对运动员来说是残疾。	CC-CEDICT	
813	613_1	巡抚	巡撫	xún fǔ		inspector-general of province	巡抚在明清时期掌管一省军政。	巡撫在明清時期掌管一省軍政。	authored			CC-CEDICT	
814	613_1	明清	明清	míng qīng		the Ming and Qing dynasties	巡抚在明清时期掌管一省军政。	巡撫在明清時期掌管一省軍政。	authored			CC-CEDICT	
815	613_1	掌管	掌管	zhǎng guǎn		in charge of	巡抚在明清时期掌管一省军政。	巡撫在明清時期掌管一省軍政。	authored			CC-CEDICT	
816	613_1	军政	軍政	jūn zhèng		army and government	巡抚在明清时期掌管一省军政。	巡撫在明清時期掌管一省軍政。	authored			CC-CEDICT	
817	614_1	这些	這些	zhè xiē		these	我在这些论坛上没有帐号。	我在這些論壇上沒有帳號。	tatoeba	501352	我在这些论坛上没有帐号。	CC-CEDICT	
818	614_1	论坛	論壇	lùn tán		forum	我在这些论坛上没有帐号。	我在這些論壇上沒有帳號。	tatoeba	501352	我在这些论坛上没有帐号。	CC-CEDICT	
819	614_1	帐号	帳號	zhàng hào		account	我在这些论坛上没有帐号。	我在這些論壇上沒有帳號。	tatoeba	501352	我在这些论坛上没有帐号。	CC-CEDICT	
820	614_2	下面	下面	xià miàn		below	酒坛被埋在老树下面。	酒罎被埋在老樹下面。	authored			CC-CEDICT	
821	616_1	破坏	破壞	pò huài		destruction	汤姆因为破坏了校规而退学了。	湯姆因為破壞了校規而退學了。	tatoeba	2518639	汤姆因为破坏了校规而退学了。	CC-CEDICT	
822	616_1	退学	退學	tuì xué		to quit school	汤姆因为破坏了校规而退学了。	湯姆因為破壞了校規而退學了。	tatoeba	2518639	汤姆因为破坏了校规而退学了。	CC-CEDICT	
823	617_1	字眼	字眼	zì yǎn		wording	别总抠字眼，先理解整句话。	別總摳字眼，先理解整句話。	authored			CC-CEDICT	
824	617_1	理解	理解	lǐ jiě		to comprehend	别总抠字眼，先理解整句话。	別總摳字眼，先理解整句話。	authored			CC-CEDICT	
825	618_1	苍蝇	蒼蠅	cāng ying	cāng yíng	housefly	苍蝇和蚊子干扰了他的冥想。	蒼蠅和蚊子干擾了他的冥想。	tatoeba	889319	蒼蠅和蚊子干擾了他的冥想。	CC-CEDICT	Taiwan MOE Concise Dictionary
826	618_1	蚊子	蚊子	wén zi		mosquito	苍蝇和蚊子干扰了他的冥想。	蒼蠅和蚊子干擾了他的冥想。	tatoeba	889319	蒼蠅和蚊子干擾了他的冥想。	CC-CEDICT	
827	618_1	干扰	干擾	gān rǎo		to disturb	苍蝇和蚊子干扰了他的冥想。	蒼蠅和蚊子干擾了他的冥想。	tatoeba	889319	蒼蠅和蚊子干擾了他的冥想。	CC-CEDICT	
828	618_1	冥想	冥想	míng xiǎng		to meditate	苍蝇和蚊子干扰了他的冥想。	蒼蠅和蚊子干擾了他的冥想。	tatoeba	889319	蒼蠅和蚊子干擾了他的冥想。	CC-CEDICT	
829	627_1	经济	經濟	jīng jì		economy	他为经济发展作了很多贡献。	他為經濟發展作了很多貢獻。	tatoeba	427606	他为经济发展作了很多贡献。	CC-CEDICT	
830	627_1	贡献	貢獻	gòng xiàn		to contribute	他为经济发展作了很多贡献。	他為經濟發展作了很多貢獻。	tatoeba	427606	他为经济发展作了很多贡献。	CC-CEDICT	
831	629_1	堤坝	堤垻	dī bà		dam	堤坝保护了城市免受洪灾。	堤垻保護了城市免受洪災。	tatoeba	336074	堤坝保护了城市免受洪灾。	CC-CEDICT	
832	629_2	干流	干流	gàn liú		main stream	葛洲坝位于长江干流上。	葛洲壩位於長江干流上。	authored			CC-CEDICT	
833	632_1	衣服	衣服	yī fu	yī fú	clothes	她把衣服叠成整齐的折子。	她把衣服疊成整齊的摺子。	authored			CC-CEDICT	Taiwan MOE Concise Dictionary
834	632_1	整齐	整齊	zhěng qí		orderly	她把衣服叠成整齐的折子。	她把衣服疊成整齊的摺子。	authored			CC-CEDICT	
835	635_1	科举	科舉	kē jǔ		imperial examination	他在科举考试中抡元。	他在科舉考試中掄元。	authored			CC-CEDICT	
836	635_1	考试	考試	kǎo shì		to take an exam	他在科举考试中抡元。	他在科舉考試中掄元。	authored			CC-CEDICT	
837	637_1	抢救	搶救	qiǎng jiù		to rescue	为抢救病人医生已尽力了。	為搶救病人醫生已盡力了。	tatoeba	6822753	为抢救病人医生已尽力了。	CC-CEDICT	
838	637_1	病人	病人	bìng rén		sick person	为抢救病人医生已尽力了。	為搶救病人醫生已盡力了。	tatoeba	6822753	为抢救病人医生已尽力了。	CC-CEDICT	
839	637_1	医生	醫生	yī shēng		doctor	为抢救病人医生已尽力了。	為搶救病人醫生已盡力了。	tatoeba	6822753	为抢救病人医生已尽力了。	CC-CEDICT	
840	637_1	尽力	盡力	jìn lì		to strive one's hardest	为抢救病人医生已尽力了。	為搶救病人醫生已盡力了。	tatoeba	6822753	为抢救病人医生已尽力了。	CC-CEDICT	
841	644_1	坟墓	墳墓	fén mù		grave	他们被埋在一座大坟墓里。	他們被埋在一座大墳墓裡。	tatoeba	8748608	他们被埋在一座大坟墓里。	CC-CEDICT	
842	649_1	告诉	告訴	gào su	gào sù	to tell	我们应该告诉孩子怎么保护自己。	我們應該告訴孩子怎麼保護自己。	tatoeba	333347	我们应该告诉孩子怎么保护自己。	CC-CEDICT	Taiwan MOE Concise Dictionary
843	650_1	地壳	地殻	dì qiào		the Earth's crust	地壳由岩石构成。	地殻由岩石構成。	authored			CC-CEDICT	
844	650_1	岩石	岩石	yán shí		rock	地壳由岩石构成。	地殻由岩石構成。	authored			CC-CEDICT	
845	650_1	构成	構成	gòu chéng		to constitute	地壳由岩石构成。	地殻由岩石構成。	authored			CC-CEDICT	
846	652_1	叔叔	叔叔	shū shu	shú shu	father's younger brother	我叔叔给了我一块漂亮的手表。	我叔叔給了我一塊漂亮的手錶。	tatoeba	333700	我叔叔给了我一块漂亮的手表。	CC-CEDICT	Taiwan MOE Concise Dictionary
847	652_1	一块	一塊	yī kuài		a piece	我叔叔给了我一块漂亮的手表。	我叔叔給了我一塊漂亮的手錶。	tatoeba	333700	我叔叔给了我一块漂亮的手表。	CC-CEDICT	
848	652_1	漂亮	漂亮	piào liang	piào liàng	pretty	我叔叔给了我一块漂亮的手表。	我叔叔給了我一塊漂亮的手錶。	tatoeba	333700	我叔叔给了我一块漂亮的手表。	CC-CEDICT	Taiwan MOE Concise Dictionary
849	652_1	手表	手錶	shǒu biǎo		wristwatch	我叔叔给了我一块漂亮的手表。	我叔叔給了我一塊漂亮的手錶。	tatoeba	333700	我叔叔给了我一块漂亮的手表。	CC-CEDICT	
850	654_1	道歉	道歉	dào qiàn		to apologize	他连一声道歉也没有对她说。	他連一聲道歉也沒有對她說。	tatoeba	9400765	他连一声道歉也没有对她说。	CC-CEDICT	
851	656_1	月底	月底	yuè dǐ		end of the month	这个月底前，我们必须交报告。	這個月底前，我們必須交報告。	tatoeba	332952	这个月底前，我们必须交报告。	CC-CEDICT	
852	656_1	必须	必須	bì xū		to have to	这个月底前，我们必须交报告。	這個月底前，我們必須交報告。	tatoeba	332952	这个月底前，我们必须交报告。	CC-CEDICT	
853	656_1	报告	報告	bào gào		to inform	这个月底前，我们必须交报告。	這個月底前，我們必須交報告。	tatoeba	332952	这个月底前，我们必须交报告。	CC-CEDICT	
854	662_1	芜湖	蕪湖	wú hú		Wuhu	芜湖是一座沿江城市。	蕪湖是一座沿江城市。	authored			CC-CEDICT	
855	662_1	沿江	沿江	yán jiāng		along the river	芜湖是一座沿江城市。	蕪湖是一座沿江城市。	authored			CC-CEDICT	
856	663_1	湖边	湖邊	hú biān		lakeside	湖边长满了芦苇。	湖邊長滿了蘆葦。	authored			CC-CEDICT	
857	663_1	长满	長滿	zhǎng mǎn		to grow all over	湖边长满了芦苇。	湖邊長滿了蘆葦。	authored			CC-CEDICT	
858	663_1	芦苇	蘆葦	lú wěi		reed	湖边长满了芦苇。	湖邊長滿了蘆葦。	authored			CC-CEDICT	
859	669_1	脸色	臉色	liǎn sè		complexion	发生什么了？你脸色这样苍白。	發生什麼了？你臉色這樣蒼白。	tatoeba	2092374	发生什么了？你脸色这样苍白。	CC-CEDICT	
860	669_1	苍白	蒼白	cāng bái		pale	发生什么了？你脸色这样苍白。	發生什麼了？你臉色這樣蒼白。	tatoeba	2092374	发生什么了？你脸色这样苍白。	CC-CEDICT	
861	671_1	面临	面臨	miàn lín		to face sth	俄罗斯面临着严重的财政困难。	俄羅斯面臨著嚴重的財政困難。	tatoeba	405750	俄罗斯面临着严重的财政困难。	CC-CEDICT	
862	671_1	财政	財政	cái zhèng		public finance	俄罗斯面临着严重的财政困难。	俄羅斯面臨著嚴重的財政困難。	tatoeba	405750	俄罗斯面临着严重的财政困难。	CC-CEDICT	
863	671_1	困难	困難	kùn nan	kùn nán	difficult	俄罗斯面临着严重的财政困难。	俄羅斯面臨著嚴重的財政困難。	tatoeba	405750	俄罗斯面临着严重的财政困难。	CC-CEDICT	Taiwan MOE Concise Dictionary
864	672_1	葫芦	葫蘆	hú lu	hú lú	calabash or bottle gourd	他葫芦里不知卖的是什么药？	他葫蘆裡不知賣的是什麼藥？	tatoeba	803569	他葫芦里不知卖的是什么药？	CC-CEDICT	Taiwan MOE Concise Dictionary
865	672_1	不知	不知	bù zhī		not to know	他葫芦里不知卖的是什么药？	他葫蘆裡不知賣的是什麼藥？	tatoeba	803569	他葫芦里不知卖的是什么药？	CC-CEDICT	
866	674_1	劳动	勞動	láo dòng		work	他对自己的劳动成果很满意。	他對自己的勞動成果很滿意。	tatoeba	1753231	他对自己的劳动成果很满意。	CC-CEDICT	
867	674_1	成果	成果	chéng guǒ		result	他对自己的劳动成果很满意。	他對自己的勞動成果很滿意。	tatoeba	1753231	他对自己的劳动成果很满意。	CC-CEDICT	
868	674_1	满意	滿意	mǎn yì		satisfied	他对自己的劳动成果很满意。	他對自己的勞動成果很滿意。	tatoeba	1753231	他对自己的劳动成果很满意。	CC-CEDICT	
869	675_0	坦克	坦克	tǎn kè		tank	坦克是没有后照镜的。	坦克是沒有後照鏡的。	tatoeba	13539024	坦克是沒有後照鏡的。	CC-CEDICT	
870	675_1	克制	剋制	kè zhì		to restrain	我看的出来，她正在克制自己的怒火。	我看的出來，她正在剋制自己的怒火。	tatoeba	13894744	我看的出来，她正在克制自己的怒火。	CC-CEDICT	
871	675_1	怒火	怒火	nù huǒ		rage	我看的出来，她正在克制自己的怒火。	我看的出來，她正在剋制自己的怒火。	tatoeba	13894744	我看的出来，她正在克制自己的怒火。	CC-CEDICT	
872	677_1	苏联	蘇聯	sū lián		Soviet Union	苏联军队开始从阿富汗撤军了。	蘇聯軍隊開始從阿富汗撤軍了。	tatoeba	737320	苏联军队开始从阿富汗撤军了。	CC-CEDICT	
873	677_1	阿富汗	阿富汗	ā fù hàn		Afghanistan	苏联军队开始从阿富汗撤军了。	蘇聯軍隊開始從阿富汗撤軍了。	tatoeba	737320	苏联军队开始从阿富汗撤军了。	CC-CEDICT	
874	677_2	说明	說明	shuō míng		to explain	这份说明太噜苏了。	這份說明太嚕囌了。	authored			CC-CEDICT	
875	687_1	积极	積極	jī jí		active	网络积极分子想跟最高领袖见面。	網路積極分子想跟最高領袖見面。	tatoeba	2286071	网络积极分子想跟最高领袖见面。	CC-CEDICT	
876	687_1	分子	分子	fèn zǐ		member of a group	网络积极分子想跟最高领袖见面。	網路積極分子想跟最高領袖見面。	tatoeba	2286071	网络积极分子想跟最高领袖见面。	CC-CEDICT	
877	687_1	最高	最高	zuì gāo		tallest	网络积极分子想跟最高领袖见面。	網路積極分子想跟最高領袖見面。	tatoeba	2286071	网络积极分子想跟最高领袖见面。	CC-CEDICT	
878	687_1	领袖	領袖	lǐng xiù		leader	网络积极分子想跟最高领袖见面。	網路積極分子想跟最高領袖見面。	tatoeba	2286071	网络积极分子想跟最高领袖见面。	CC-CEDICT	
879	689_1	杨柳	楊柳	yáng liǔ		willow tree	昔我往矣，杨柳依依。今我来思，雨雪霏霏。	昔我往矣，楊柳依依。今我來思，雨雪霏霏。	tatoeba	12705180	昔我往矣，杨柳依依。今我来思，雨雪霏霏。	CC-CEDICT	
880	689_1	依依	依依	yī yī		reluctant to part	昔我往矣，杨柳依依。今我来思，雨雪霏霏。	昔我往矣，楊柳依依。今我來思，雨雪霏霏。	tatoeba	12705180	昔我往矣，杨柳依依。今我来思，雨雪霏霏。	CC-CEDICT	
881	699_1	简单	簡單	jiǎn dān		simple	变美丽的最简单方法就是微笑。	變美麗的最簡單方法就是微笑。	tatoeba	1409456	变美丽的最简单方法就是微笑。	CC-CEDICT	
882	699_1	就是	就是	jiù shì		exactly	变美丽的最简单方法就是微笑。	變美麗的最簡單方法就是微笑。	tatoeba	1409456	变美丽的最简单方法就是微笑。	CC-CEDICT	
883	699_1	微笑	微笑	wēi xiào	wéi xiào	smile	变美丽的最简单方法就是微笑。	變美麗的最簡單方法就是微笑。	tatoeba	1409456	变美丽的最简单方法就是微笑。	CC-CEDICT	Taiwan MOE Concise Dictionary
884	700_1	医院	醫院	yī yuàn		hospital	我想去医院做一个全面的检查。	我想去醫院做一個全面的檢查。	tatoeba	756862	我想去医院做一个全面的检查。	CC-CEDICT	
885	700_1	全面	全面	quán miàn		all-around	我想去医院做一个全面的检查。	我想去醫院做一個全面的檢查。	tatoeba	756862	我想去医院做一个全面的检查。	CC-CEDICT	
886	700_1	检查	檢查	jiǎn chá		inspection	我想去医院做一个全面的检查。	我想去醫院做一個全面的檢查。	tatoeba	756862	我想去医院做一个全面的检查。	CC-CEDICT	
887	702_1	鼓励	鼓勵	gǔ lì		to encourage	我鼓励学生们更努力地学习。	我鼓勵學生們更努力地學習。	tatoeba	2254413	我鼓励学生们更努力地学习。	CC-CEDICT	
888	702_1	学生	學生	xué sheng	xué shēng	student	我鼓励学生们更努力地学习。	我鼓勵學生們更努力地學習。	tatoeba	2254413	我鼓励学生们更努力地学习。	CC-CEDICT	Taiwan MOE Concise Dictionary
889	702_1	努力	努力	nǔ lì		to make an effort	我鼓励学生们更努力地学习。	我鼓勵學生們更努力地學習。	tatoeba	2254413	我鼓励学生们更努力地学习。	CC-CEDICT	
890	704_1	麻婆豆腐	麻婆豆腐	má pó dòu fǔ		mapo tofu	我要麻婆豆腐，还有两碗米饭。	我要麻婆豆腐，還有兩碗米飯。	tatoeba	1176034	我要麻婆豆腐，还有两碗米饭。	CC-CEDICT	
891	704_1	米饭	米飯	mǐ fàn		rice	我要麻婆豆腐，还有两碗米饭。	我要麻婆豆腐，還有兩碗米飯。	tatoeba	1176034	我要麻婆豆腐，还有两碗米饭。	CC-CEDICT	
892	706_1	奉命	奉命	fèng mìng		to receive orders	部队奉命歼灭敌军主力。	部隊奉命殲滅敵軍主力。	authored			CC-CEDICT	
893	706_1	歼灭	殲滅	jiān miè		to wipe out	部队奉命歼灭敌军主力。	部隊奉命殲滅敵軍主力。	authored			CC-CEDICT	
894	706_1	敌军	敵軍	dí jūn		enemy troops	部队奉命歼灭敌军主力。	部隊奉命殲滅敵軍主力。	authored			CC-CEDICT	
895	706_1	主力	主力	zhǔ lì		main force	部队奉命歼灭敌军主力。	部隊奉命殲滅敵軍主力。	authored			CC-CEDICT	
896	707_1	黑色	黑色	hēi sè		black	我们常把黑色跟死亡联系起来。	我們常把黑色跟死亡聯絡起來。	tatoeba	335314	我们常把黑色跟死亡联系起来。	CC-CEDICT	
897	707_1	死亡	死亡	sǐ wáng		to die	我们常把黑色跟死亡联系起来。	我們常把黑色跟死亡聯絡起來。	tatoeba	335314	我们常把黑色跟死亡联系起来。	CC-CEDICT	
898	707_1	联系	聯絡	lián xì	lián luò	connection	我们常把黑色跟死亡联系起来。	我們常把黑色跟死亡聯絡起來。	tatoeba	335314	我们常把黑色跟死亡联系起来。	CC-CEDICT	Taiwan MOE Concise Dictionary
899	707_1	起来	起來	qǐ lai	qǐ lái	to stand up	我们常把黑色跟死亡联系起来。	我們常把黑色跟死亡聯絡起來。	tatoeba	335314	我们常把黑色跟死亡联系起来。	CC-CEDICT	Taiwan MOE Concise Dictionary
900	708_1	连续	連續	lián xù		continuous	小脑需要连续不断的血液供给。	小腦需要連續不斷的血液供給。	tatoeba	8143516	小脑需要连续不断的血液供给。	CC-CEDICT	
901	708_1	不断	不斷	bù duàn		unceasing	小脑需要连续不断的血液供给。	小腦需要連續不斷的血液供給。	tatoeba	8143516	小脑需要连续不断的血液供给。	CC-CEDICT	
902	708_1	血液	血液	xuè yè	xiě yè	blood	小脑需要连续不断的血液供给。	小腦需要連續不斷的血液供給。	tatoeba	8143516	小脑需要连续不断的血液供给。	CC-CEDICT	Taiwan MOE Concise Dictionary
903	708_1	供给	供給	gōng jǐ		to furnish	小脑需要连续不断的血液供给。	小腦需要連續不斷的血液供給。	tatoeba	8143516	小脑需要连续不断的血液供给。	CC-CEDICT	
904	709_1	引起	引起	yǐn qǐ		to give rise to	这项决定引起了轩然大波。	這項決定引起了軒然大波。	authored			CC-CEDICT	
905	709_1	轩然大波	軒然大波	xuān rán dà bō		huge waves	这项决定引起了轩然大波。	這項決定引起了軒然大波。	authored			CC-CEDICT	
906	711_1	属于	屬於	shǔ yú		to belong to	氟和氯都属于卤素。	氟和氯都屬於鹵素。	authored			CC-CEDICT	
907	711_1	卤素	鹵素	lǔ sù		halogen	氟和氯都属于卤素。	氟和氯都屬於鹵素。	authored			CC-CEDICT	
908	712_1	爸爸	爸爸	bà ba		father	我爸爸坚持要我去那地方看看。	我爸爸堅持要我去那地方看看。	tatoeba	333192	我爸爸坚持要我去那地方看看。	CC-CEDICT	
909	712_1	坚持	堅持	jiān chí		to persevere with	我爸爸坚持要我去那地方看看。	我爸爸堅持要我去那地方看看。	tatoeba	333192	我爸爸坚持要我去那地方看看。	CC-CEDICT	
910	712_1	看看	看看	kàn kan		to take a look at	我爸爸坚持要我去那地方看看。	我爸爸堅持要我去那地方看看。	tatoeba	333192	我爸爸坚持要我去那地方看看。	CC-CEDICT	
911	720_1	自治	自治	zì zhì		autonomy	这个自治县拥有丰富的森林资源。	這個自治縣擁有豐富的森林資源。	authored			CC-CEDICT	
912	720_1	拥有	擁有	yōng yǒu	yǒng yǒu	to have	这个自治县拥有丰富的森林资源。	這個自治縣擁有豐富的森林資源。	authored			CC-CEDICT	Taiwan MOE Concise Dictionary
913	720_1	森林	森林	sēn lín		forest	这个自治县拥有丰富的森林资源。	這個自治縣擁有豐富的森林資源。	authored			CC-CEDICT	
914	720_1	资源	資源	zī yuán		resource	这个自治县拥有丰富的森林资源。	這個自治縣擁有豐富的森林資源。	authored			CC-CEDICT	
915	721_0	银行	銀行	yín háng		bank	从这里到银行足有三公里路。	從這裡到銀行足有三公里路。	tatoeba	2113788	从这里到银行足有三公里路。	CC-CEDICT	
916	721_0	公里	公里	gōng lǐ		kilometer	从这里到银行足有三公里路。	從這裡到銀行足有三公里路。	tatoeba	2113788	从这里到银行足有三公里路。	CC-CEDICT	
917	721_1	愿意	願意	yuàn yì		to wish	你愿意在这里呆多久就呆多久。	你願意在這裏呆多久就呆多久。	tatoeba	347309	你愿意在这里呆多久就呆多久。	CC-CEDICT	
918	725_1	是否	是否	shì fǒu		whether	你是否有恶心呕吐的感觉。	你是否有噁心嘔吐的感覺。	tatoeba	6014700	你是否有噁心嘔吐的感覺。	CC-CEDICT	
919	725_1	恶心	噁心	ě xīn		nausea	你是否有恶心呕吐的感觉。	你是否有噁心嘔吐的感覺。	tatoeba	6014700	你是否有噁心嘔吐的感覺。	CC-CEDICT	
920	725_1	呕吐	嘔吐	ǒu tù		to vomit	你是否有恶心呕吐的感觉。	你是否有噁心嘔吐的感覺。	tatoeba	6014700	你是否有噁心嘔吐的感覺。	CC-CEDICT	
921	726_1	分钟	分鐘	fēn zhōng		minute	走了几分钟后，我们到了公园。	走了幾分鐘後，我們到了公園。	tatoeba	345943	走了几分钟后，我们到了公园。	CC-CEDICT	
922	726_1	到了	到了	dào liǎo		at last	走了几分钟后，我们到了公园。	走了幾分鐘後，我們到了公園。	tatoeba	345943	走了几分钟后，我们到了公园。	CC-CEDICT	
923	727_1	列车	列車	liè chē		train	父亲这趟列车正在徐徐减速，等待惯性用尽，静静地停在空无一物的旷野之中。	父親這趟列車正在徐徐減速，等待慣性用盡，靜靜地停在空無一物的曠野之中。	tatoeba	3130793	父亲这趟列车正在徐徐减速，等待惯性用尽，静静地停在空无一物的旷野之中。	CC-CEDICT	
924	727_1	徐徐	徐徐	xú xú		slowly	父亲这趟列车正在徐徐减速，等待惯性用尽，静静地停在空无一物的旷野之中。	父親這趟列車正在徐徐減速，等待慣性用盡，靜靜地停在空無一物的曠野之中。	tatoeba	3130793	父亲这趟列车正在徐徐减速，等待惯性用尽，静静地停在空无一物的旷野之中。	CC-CEDICT	
925	727_1	减速	減速	jiǎn sù		to reduce speed	父亲这趟列车正在徐徐减速，等待惯性用尽，静静地停在空无一物的旷野之中。	父親這趟列車正在徐徐減速，等待慣性用盡，靜靜地停在空無一物的曠野之中。	tatoeba	3130793	父亲这趟列车正在徐徐减速，等待惯性用尽，静静地停在空无一物的旷野之中。	CC-CEDICT	
926	727_1	等待	等待	děng dài		to wait	父亲这趟列车正在徐徐减速，等待惯性用尽，静静地停在空无一物的旷野之中。	父親這趟列車正在徐徐減速，等待慣性用盡，靜靜地停在空無一物的曠野之中。	tatoeba	3130793	父亲这趟列车正在徐徐减速，等待惯性用尽，静静地停在空无一物的旷野之中。	CC-CEDICT	
927	727_1	用尽	用盡	yòng jìn		to exhaust	父亲这趟列车正在徐徐减速，等待惯性用尽，静静地停在空无一物的旷野之中。	父親這趟列車正在徐徐減速，等待慣性用盡，靜靜地停在空無一物的曠野之中。	tatoeba	3130793	父亲这趟列车正在徐徐减速，等待惯性用尽，静静地停在空无一物的旷野之中。	CC-CEDICT	
928	727_1	旷野	曠野	kuàng yě		wilderness	父亲这趟列车正在徐徐减速，等待惯性用尽，静静地停在空无一物的旷野之中。	父親這趟列車正在徐徐減速，等待慣性用盡，靜靜地停在空無一物的曠野之中。	tatoeba	3130793	父亲这趟列车正在徐徐减速，等待惯性用尽，静静地停在空无一物的旷野之中。	CC-CEDICT	
929	730_1	港口	港口	gǎng kǒu		port	港口限制船只的吨位。	港口限制船隻的噸位。	authored			CC-CEDICT	
930	730_1	限制	限制	xiàn zhì		to restrict	港口限制船只的吨位。	港口限制船隻的噸位。	authored			CC-CEDICT	
931	730_1	船只	船隻	chuán zhī		ship	港口限制船只的吨位。	港口限制船隻的噸位。	authored			CC-CEDICT	
932	730_1	吨位	噸位	dūn wèi	dùn wèi	tonnage	港口限制船只的吨位。	港口限制船隻的噸位。	authored			CC-CEDICT	Taiwan MOE Concise Dictionary
933	732_1	距离	距離	jù lí		distance	距离村内的邮政局不到一公里。	距離村內的郵政局不到一公里。	tatoeba	337277	距離村內的郵政局不到一公里。	CC-CEDICT	
934	732_1	邮政	郵政	yóu zhèng		postal service	距离村内的邮政局不到一公里。	距離村內的郵政局不到一公里。	tatoeba	337277	距離村內的郵政局不到一公里。	CC-CEDICT	
935	732_1	不到	不到	bù dào		not to arrive	距离村内的邮政局不到一公里。	距離村內的郵政局不到一公里。	tatoeba	337277	距離村內的郵政局不到一公里。	CC-CEDICT	
936	734_1	困倦	睏倦	kùn juàn		tired	困倦的时候学习是在浪费时间。	睏倦的時候學習是在浪費時間。	tatoeba	2456059	困倦的时候学习是在浪费时间。	CC-CEDICT	
937	737_1	委员	委員	wěi yuán		committee member	委员会将在下周表决提案。	委員會將在下週表決提案。	authored			CC-CEDICT	
938	737_1	下周	下週	xià zhōu		next week	委员会将在下周表决提案。	委員會將在下週表決提案。	authored			CC-CEDICT	
939	737_1	表决	表決	biǎo jué		to decide by vote	委员会将在下周表决提案。	委員會將在下週表決提案。	authored			CC-CEDICT	
940	737_1	提案	提案	tí àn		proposal	委员会将在下周表决提案。	委員會將在下週表決提案。	authored			CC-CEDICT	
941	739_1	日本人	日本人	rì běn rén		Japanese person	我们经常听说日本人工作勤奋。	我們經常聽說日本人工作勤奮。	tatoeba	336242	我们经常听说日本人工作勤奋。	CC-CEDICT	
942	739_1	工作	工作	gōng zuò		to work	我们经常听说日本人工作勤奋。	我們經常聽說日本人工作勤奮。	tatoeba	336242	我们经常听说日本人工作勤奋。	CC-CEDICT	
943	739_1	勤奋	勤奮	qín fèn		hardworking	我们经常听说日本人工作勤奋。	我們經常聽說日本人工作勤奮。	tatoeba	336242	我们经常听说日本人工作勤奋。	CC-CEDICT	
944	745_1	呜咽	嗚咽	wū yè		to sob	她听到消息后低声呜咽。	她聽到訊息後低聲嗚咽。	authored			CC-CEDICT	
945	751_0	反映	反映	fǎn yìng		to mirror	复姓和别姓都能反映家族历史。	複姓和别姓都能反映家族歷史。	authored			CC-CEDICT	
946	751_0	家族	家族	jiā zú		family	复姓和别姓都能反映家族历史。	複姓和别姓都能反映家族歷史。	authored			CC-CEDICT	
947	751_1	别扭	彆扭	biè niu	biè niǔ	awkward	这双新鞋穿起来有点别扭。	這雙新鞋穿起來有點彆扭。	authored			CC-CEDICT	Taiwan MOE Concise Dictionary
948	753_1	崎岖	崎嶇	qí qū		rugged	巴苏陀兰的景色崎岖壮丽，别具一格，与我见过的南非其他地方都截然不同。	巴蘇陀蘭的景色崎嶇壯麗，別具一格，與我見過的南非其他地方都截然不同。	tatoeba	13573155	巴蘇陀蘭的景色崎嶇壯麗，別具一格，與我見過的南非其他地方都截然不同。	CC-CEDICT	
949	753_1	别具一格	別具一格	bié jù yī gé		having a unique or distinctive style	巴苏陀兰的景色崎岖壮丽，别具一格，与我见过的南非其他地方都截然不同。	巴蘇陀蘭的景色崎嶇壯麗，別具一格，與我見過的南非其他地方都截然不同。	tatoeba	13573155	巴蘇陀蘭的景色崎嶇壯麗，別具一格，與我見過的南非其他地方都截然不同。	CC-CEDICT	
950	753_1	南非	南非	nán fēi		South Africa	巴苏陀兰的景色崎岖壮丽，别具一格，与我见过的南非其他地方都截然不同。	巴蘇陀蘭的景色崎嶇壯麗，別具一格，與我見過的南非其他地方都截然不同。	tatoeba	13573155	巴蘇陀蘭的景色崎嶇壯麗，別具一格，與我見過的南非其他地方都截然不同。	CC-CEDICT	
951	753_1	其他	其他	qí tā		other	巴苏陀兰的景色崎岖壮丽，别具一格，与我见过的南非其他地方都截然不同。	巴蘇陀蘭的景色崎嶇壯麗，別具一格，與我見過的南非其他地方都截然不同。	tatoeba	13573155	巴蘇陀蘭的景色崎嶇壯麗，別具一格，與我見過的南非其他地方都截然不同。	CC-CEDICT	
952	753_1	截然不同	截然不同	jié rán bù tóng		entirely different	巴苏陀兰的景色崎岖壮丽，别具一格，与我见过的南非其他地方都截然不同。	巴蘇陀蘭的景色崎嶇壯麗，別具一格，與我見過的南非其他地方都截然不同。	tatoeba	13573155	巴蘇陀蘭的景色崎嶇壯麗，別具一格，與我見過的南非其他地方都截然不同。	CC-CEDICT	
953	754_1	岗位	崗位	gǎng wèi		a post	这个岗位不合适小姑娘。	這個崗位不合適小姑娘。	tatoeba	2383499	这个岗位不合适小姑娘。	CC-CEDICT	
954	754_1	合适	合適	hé shì		suitable	这个岗位不合适小姑娘。	這個崗位不合適小姑娘。	tatoeba	2383499	这个岗位不合适小姑娘。	CC-CEDICT	
955	754_1	姑娘	姑娘	gū niang		girl	这个岗位不合适小姑娘。	這個崗位不合適小姑娘。	tatoeba	2383499	这个岗位不合适小姑娘。	CC-CEDICT	
956	755_1	帐篷	帳篷	zhàng peng	zhàng péng	tent	我们在湖边搭起了帐篷。	我們在湖邊搭起了帳篷。	preexisting			CC-CEDICT	Taiwan MOE Concise Dictionary
957	756_1	最近	最近	zuì jìn		recently	他最近几年获得了很多财产。	他最近幾年獲得了很多財產。	tatoeba	817294	他最近几年获得了很多财产。	CC-CEDICT	
958	756_1	几年	幾年	jǐ nián		a few years	他最近几年获得了很多财产。	他最近幾年獲得了很多財產。	tatoeba	817294	他最近几年获得了很多财产。	CC-CEDICT	
959	756_1	财产	財產	cái chǎn		property	他最近几年获得了很多财产。	他最近幾年獲得了很多財產。	tatoeba	817294	他最近几年获得了很多财产。	CC-CEDICT	
960	757_1	确定	確定	què dìng		definite	会议确定了今后的工作方针。	會議確定了今後的工作方針。	authored			CC-CEDICT	
961	757_1	今后	今後	jīn hòu		hereafter	会议确定了今后的工作方针。	會議確定了今後的工作方針。	authored			CC-CEDICT	
962	757_1	方针	方針	fāng zhēn		policy	会议确定了今后的工作方针。	會議確定了今後的工作方針。	authored			CC-CEDICT	
963	758_1	钉子	釘子	dīng zi		nail	这个钉子撕破了他的夹克。	這個釘子撕破了他的夾克。	tatoeba	840799	這個釘子撕破了他的夾克。	CC-CEDICT	
964	758_1	撕破	撕破	sī pò		to tear	这个钉子撕破了他的夹克。	這個釘子撕破了他的夾克。	tatoeba	840799	這個釘子撕破了他的夾克。	CC-CEDICT	
965	762_1	情况	情況	qíng kuàng		circumstances	吉尔吉斯斯坦的情况十分混乱。	吉爾吉斯斯坦的情況十分混亂。	tatoeba	407337	吉尔吉斯斯坦的情况十分混乱。	CC-CEDICT	
966	762_1	混乱	混亂	hùn luàn		confused	吉尔吉斯斯坦的情况十分混乱。	吉爾吉斯斯坦的情況十分混亂。	tatoeba	407337	吉尔吉斯斯坦的情况十分混乱。	CC-CEDICT	
967	770_1	采用	採用	cǎi yòng		to adopt	不同国家采用不同的政体。	不同國家採用不同的政體。	authored			CC-CEDICT	
968	770_1	政体	政體	zhèng tǐ		form of government	不同国家采用不同的政体。	不同國家採用不同的政體。	authored			CC-CEDICT	
969	780_1	为人	為人	wéi rén		personal character	因为他为人正直，所以我雇佣了他。	因為他為人正直，所以我雇傭了他。	tatoeba	1575957	因为他为人正直，所以我雇佣了他。	CC-CEDICT	
970	780_1	正直	正直	zhèng zhí		upright	因为他为人正直，所以我雇佣了他。	因為他為人正直，所以我雇傭了他。	tatoeba	1575957	因为他为人正直，所以我雇佣了他。	CC-CEDICT	
971	780_1	雇佣	雇傭	gù yōng		to employ	因为他为人正直，所以我雇佣了他。	因為他為人正直，所以我雇傭了他。	tatoeba	1575957	因为他为人正直，所以我雇佣了他。	CC-CEDICT	
972	792_1	彻底	徹底	chè dǐ		thorough	我们必须彻底解决这个问题。	我們必須徹底解決這個問題。	preexisting			CC-CEDICT	
973	792_1	解决	解決	jiě jué		to solve	我们必须彻底解决这个问题。	我們必須徹底解決這個問題。	preexisting			CC-CEDICT	
974	795_0	江西省	江西省	jiāng xī shěng		Jiangxi Province	新余市位于江西省中部偏西。	新余市位於江西省中部偏西。	authored			CC-CEDICT	
975	795_0	中部	中部	zhōng bù		middle part	新余市位于江西省中部偏西。	新余市位於江西省中部偏西。	authored			CC-CEDICT	
976	795_0	偏西	偏西	piān xī		inclining to the west	新余市位于江西省中部偏西。	新余市位於江西省中部偏西。	authored			CC-CEDICT	
977	795_1	这儿	這兒	zhè r		here	你留在这儿，其余的人去外面	你留在這兒，其餘的人去外面	tatoeba	1541790	你留在这儿，其余的人去外面	CC-CEDICT	
978	795_1	其余	其餘	qí yú		the rest	你留在这儿，其余的人去外面	你留在這兒，其餘的人去外面	tatoeba	1541790	你留在这儿，其余的人去外面	CC-CEDICT	
979	798_0	西北	西北	xī běi		northwest	他们向西北方向进军，进入了谢南多厄河谷。	他們向西北方向進軍，進入了謝南多厄河谷。	tatoeba	13573400	他們向西北方向進軍，進入了謝南多厄河谷。	CC-CEDICT	
980	798_0	进军	進軍	jìn jūn		to march	他们向西北方向进军，进入了谢南多厄河谷。	他們向西北方向進軍，進入了謝南多厄河谷。	tatoeba	13573400	他們向西北方向進軍，進入了謝南多厄河谷。	CC-CEDICT	
981	798_0	进入	進入	jìn rù		to enter	他们向西北方向进军，进入了谢南多厄河谷。	他們向西北方向進軍，進入了謝南多厄河谷。	tatoeba	13573400	他們向西北方向進軍，進入了謝南多厄河谷。	CC-CEDICT	
982	798_0	河谷	河谷	hé gǔ		river valley	他们向西北方向进军，进入了谢南多厄河谷。	他們向西北方向進軍，進入了謝南多厄河谷。	tatoeba	13573400	他們向西北方向進軍，進入了謝南多厄河谷。	CC-CEDICT	
983	798_1	贫穷	貧窮	pín qióng		poor	黑麦被称为贫穷的谷物。	黑麥被稱為貧窮的穀物。	tatoeba	334454	黑麦被称为贫穷的谷物。	CC-CEDICT	
984	798_1	谷物	穀物	gǔ wù		cereal	黑麦被称为贫穷的谷物。	黑麥被稱為貧窮的穀物。	tatoeba	334454	黑麦被称为贫穷的谷物。	CC-CEDICT	
985	801_1	邻近	鄰近	lín jìn		neighboring	在我的邻近区域有一个大超市。	在我的鄰近區域有一個大超市。	tatoeba	2615139	在我的邻近区域有一个大超市。	CC-CEDICT	
986	801_1	区域	區域	qū yù		area	在我的邻近区域有一个大超市。	在我的鄰近區域有一個大超市。	tatoeba	2615139	在我的邻近区域有一个大超市。	CC-CEDICT	
987	801_1	超市	超市	chāo shì		supermarket	在我的邻近区域有一个大超市。	在我的鄰近區域有一個大超市。	tatoeba	2615139	在我的邻近区域有一个大超市。	CC-CEDICT	
988	808_1	野兔	野兔	yě tù		hare	野兔被乌龟抛了在后头。	野兔被烏龜拋了在後頭。	tatoeba	339505	野兔被烏龜拋了在後頭。	CC-CEDICT	
989	808_1	乌龟	烏龜	wū guī		tortoise	野兔被乌龟抛了在后头。	野兔被烏龜拋了在後頭。	tatoeba	339505	野兔被烏龜拋了在後頭。	CC-CEDICT	
990	808_1	后头	後頭	hòu tou		behind	野兔被乌龟抛了在后头。	野兔被烏龜拋了在後頭。	tatoeba	339505	野兔被烏龜拋了在後頭。	CC-CEDICT	
991	812_1	武力	武力	wǔ lì		military force	靠武力取胜，犹如落败，因为这样的胜利不会长久。	靠武力取勝，猶如落敗，因為這樣的勝利不會長久。	tatoeba	7033616	靠武力取勝，猶如落敗，因為這樣的勝利不會長久。	CC-CEDICT	
992	812_1	取胜	取勝	qǔ shèng		to score a victory	靠武力取胜，犹如落败，因为这样的胜利不会长久。	靠武力取勝，猶如落敗，因為這樣的勝利不會長久。	tatoeba	7033616	靠武力取勝，猶如落敗，因為這樣的勝利不會長久。	CC-CEDICT	
993	812_1	犹如	猶如	yóu rú		similar to	靠武力取胜，犹如落败，因为这样的胜利不会长久。	靠武力取勝，猶如落敗，因為這樣的勝利不會長久。	tatoeba	7033616	靠武力取勝，猶如落敗，因為這樣的勝利不會長久。	CC-CEDICT	
994	812_1	胜利	勝利	shèng lì		victory	靠武力取胜，犹如落败，因为这样的胜利不会长久。	靠武力取勝，猶如落敗，因為這樣的勝利不會長久。	tatoeba	7033616	靠武力取勝，猶如落敗，因為這樣的勝利不會長久。	CC-CEDICT	
995	812_1	长久	長久	cháng jiǔ		long-time	靠武力取胜，犹如落败，因为这样的胜利不会长久。	靠武力取勝，猶如落敗，因為這樣的勝利不會長久。	tatoeba	7033616	靠武力取勝，猶如落敗，因為這樣的勝利不會長久。	CC-CEDICT	
996	813_1	样子	樣子	yàng zi		appearance	你看看你们的样子，勾肩搭背，狼狈为奸。	你看看你們的樣子，勾肩搭背，狼狽為奸。	tatoeba	13840626	你看看你們的樣子，勾肩搭背，狼狽為奸。	CC-CEDICT	
997	813_1	狼狈	狼狽	láng bèi		in a difficult situation	你看看你们的样子，勾肩搭背，狼狈为奸。	你看看你們的樣子，勾肩搭背，狼狽為奸。	tatoeba	13840626	你看看你們的樣子，勾肩搭背，狼狽為奸。	CC-CEDICT	
998	816_1	不少	不少	bù shǎo		many	不少人以高薪为成功的条件。	不少人以高薪為成功的條件。	tatoeba	751241	不少人以高薪为成功的条件。	CC-CEDICT	
999	816_1	高薪	高薪	gāo xīn		high salary	不少人以高薪为成功的条件。	不少人以高薪為成功的條件。	tatoeba	751241	不少人以高薪为成功的条件。	CC-CEDICT	
1000	816_1	条件	條件	tiáo jiàn		condition	不少人以高薪为成功的条件。	不少人以高薪為成功的條件。	tatoeba	751241	不少人以高薪为成功的条件。	CC-CEDICT	
1001	820_1	青岛	青島	qīng dǎo		Qingdao	青岛是一座美丽的海滨城市。	青島是一座美麗的海濱城市。	authored			CC-CEDICT	
1002	820_1	海滨	海濱	hǎi bīn		shore	青岛是一座美丽的海滨城市。	青島是一座美麗的海濱城市。	authored			CC-CEDICT	
1003	823_1	吃饭	吃飯	chī fàn		to have a meal	我们找一天定个时间一起吃饭。	我們找一天定個時間一起吃飯。	tatoeba	389397	我们找一天定个时间一起吃饭。	CC-CEDICT	
1004	824_1	蔬果	蔬果	shū guǒ		vegetables and fruits	蔬果对平衡饮食必不可少。	蔬果對平衡飲食必不可少。	tatoeba	389929	蔬果对平衡饮食必不可少。	CC-CEDICT	
1005	824_1	平衡	平衡	píng héng		balance	蔬果对平衡饮食必不可少。	蔬果對平衡飲食必不可少。	tatoeba	389929	蔬果对平衡饮食必不可少。	CC-CEDICT	
1006	824_1	饮食	飲食	yǐn shí		eating and drinking	蔬果对平衡饮食必不可少。	蔬果對平衡飲食必不可少。	tatoeba	389929	蔬果对平衡饮食必不可少。	CC-CEDICT	
1007	824_1	必不可少	必不可少	bì bù kě shǎo		absolutely necessary	蔬果对平衡饮食必不可少。	蔬果對平衡飲食必不可少。	tatoeba	389929	蔬果对平衡饮食必不可少。	CC-CEDICT	
1008	827_1	建筑	建築	jiàn zhù	jiàn zhú	to construct	我将建筑称作被冻结的音乐。	我將建築稱作被凍結的音樂。	tatoeba	1239327	我將建築稱作被凍結的音樂。	CC-CEDICT	Taiwan MOE Concise Dictionary
1009	827_1	冻结	凍結	dòng jié		to freeze	我将建筑称作被冻结的音乐。	我將建築稱作被凍結的音樂。	tatoeba	1239327	我將建築稱作被凍結的音樂。	CC-CEDICT	
1010	828_1	状态	狀態	zhuàng tài		condition	我不在讨论这个问题的状态。	我不在討論這個問題的狀態。	tatoeba	1888733	我不在讨论这个问题的状态。	CC-CEDICT	
1011	829_1	村里	村裡	cūn lǐ		village	村里新开垦了千亩农田。	村裡新開墾了千畝農田。	authored			CC-CEDICT	
1012	829_1	开垦	開墾	kāi kěn		to clear a wild area for cultivation	村里新开垦了千亩农田。	村裡新開墾了千畝農田。	authored			CC-CEDICT	
1013	829_1	农田	農田	nóng tián		farmland	村里新开垦了千亩农田。	村裡新開墾了千畝農田。	authored			CC-CEDICT	
1014	832_1	本文	本文	běn wén		this text	这本文库收录了许多古典作品。	這本文庫收錄了許多古典作品。	authored			CC-CEDICT	
1015	832_1	古典	古典	gǔ diǎn		classical	这本文库收录了许多古典作品。	這本文庫收錄了許多古典作品。	authored			CC-CEDICT	
1016	834_1	预防	預防	yù fáng		to prevent	预防措施比真正的治疗更有效。	預防措施比真正的治療更有效。	tatoeba	334881	预防措施比真正的治疗更有效。	CC-CEDICT	
1017	834_1	措施	措施	cuò shī		measure	预防措施比真正的治疗更有效。	預防措施比真正的治療更有效。	tatoeba	334881	预防措施比真正的治疗更有效。	CC-CEDICT	
1018	834_1	治疗	治療	zhì liáo		to treat	预防措施比真正的治疗更有效。	預防措施比真正的治療更有效。	tatoeba	334881	预防措施比真正的治疗更有效。	CC-CEDICT	
1019	834_1	有效	有效	yǒu xiào		effective	预防措施比真正的治疗更有效。	預防措施比真正的治療更有效。	tatoeba	334881	预防措施比真正的治疗更有效。	CC-CEDICT	
1020	836_1	实行	實行	shí xíng		to implement	你们应该实行你们最初的计划。	你們應該實行你們最初的計劃。	tatoeba	336011	你们应该实行你们最初的计划。	CC-CEDICT	
1021	836_1	最初	最初	zuì chū		first	你们应该实行你们最初的计划。	你們應該實行你們最初的計劃。	tatoeba	336011	你们应该实行你们最初的计划。	CC-CEDICT	
1022	837_1	世界	世界	shì jiè		world	如果没有你，这个世界很孤单。	如果沒有你，這個世界很孤單。	tatoeba	332464	如果没有你，这个世界很孤单。	CC-CEDICT	
1023	837_1	孤单	孤單	gū dān		lone	如果没有你，这个世界很孤单。	如果沒有你，這個世界很孤單。	tatoeba	332464	如果没有你，这个世界很孤单。	CC-CEDICT	
1024	839_1	夏天	夏天	xià tiān		summer	夏天我们去庐山避暑。	夏天我們去廬山避暑。	authored			CC-CEDICT	
1025	839_1	庐山	廬山	lú shān		Lushan district of Jiujiang city 九江市	夏天我们去庐山避暑。	夏天我們去廬山避暑。	authored			CC-CEDICT	
1026	839_1	避暑	避暑	bì shǔ		to be away for the summer holidays	夏天我们去庐山避暑。	夏天我們去廬山避暑。	authored			CC-CEDICT	
1027	845_1	闰年	閏年	rùn nián		leap year	闰年通常有三百六十六天。	閏年通常有三百六十六天。	authored			CC-CEDICT	
1028	845_1	通常	通常	tōng cháng		regular	闰年通常有三百六十六天。	閏年通常有三百六十六天。	authored			CC-CEDICT	
1029	845_1	六十	六十	liù shí		sixty	闰年通常有三百六十六天。	閏年通常有三百六十六天。	authored			CC-CEDICT	
1030	846_1	常常	常常	cháng cháng		frequently	我常常在我的闲暇时候听广播。	我常常在我的閑暇時候聽廣播。	tatoeba	357935	我常常在我的闲暇时候听广播。	CC-CEDICT	
1031	846_1	闲暇	閑暇	xián xiá		leisure	我常常在我的闲暇时候听广播。	我常常在我的閑暇時候聽廣播。	tatoeba	357935	我常常在我的闲暇时候听广播。	CC-CEDICT	
1032	846_1	广播	廣播	guǎng bō	guǎng bò	broadcast	我常常在我的闲暇时候听广播。	我常常在我的閑暇時候聽廣播。	tatoeba	357935	我常常在我的闲暇时候听广播。	CC-CEDICT	Taiwan MOE Concise Dictionary
1033	848_1	失业	失業	shī yè		unemployment	汤姆失业后，为了排遣郁闷的心情而开始了赌博。	湯姆失業後，為了排遣鬱悶的心情而開始了賭博。	tatoeba	2757133	湯姆失業後，為了排遣鬱悶的心情而開始了賭博。	CC-CEDICT	
1034	848_1	排遣	排遣	pái qiǎn		to divert oneself from	汤姆失业后，为了排遣郁闷的心情而开始了赌博。	湯姆失業後，為了排遣鬱悶的心情而開始了賭博。	tatoeba	2757133	湯姆失業後，為了排遣鬱悶的心情而開始了賭博。	CC-CEDICT	
1035	848_1	郁闷	鬱悶	yù mèn		gloomy	汤姆失业后，为了排遣郁闷的心情而开始了赌博。	湯姆失業後，為了排遣鬱悶的心情而開始了賭博。	tatoeba	2757133	湯姆失業後，為了排遣鬱悶的心情而開始了賭博。	CC-CEDICT	
1036	848_1	心情	心情	xīn qíng		mood	汤姆失业后，为了排遣郁闷的心情而开始了赌博。	湯姆失業後，為了排遣鬱悶的心情而開始了賭博。	tatoeba	2757133	湯姆失業後，為了排遣鬱悶的心情而開始了賭博。	CC-CEDICT	
1037	848_1	赌博	賭博	dǔ bó		to gamble	汤姆失业后，为了排遣郁闷的心情而开始了赌博。	湯姆失業後，為了排遣鬱悶的心情而開始了賭博。	tatoeba	2757133	湯姆失業後，為了排遣鬱悶的心情而開始了賭博。	CC-CEDICT	
1038	851_1	炉灶	爐竈	lú zào		stove	旧计划失败后，他们决定重起炉灶。	舊計劃失敗後，他們決定重起爐竈。	authored			CC-CEDICT	
1039	852_1	灿烂	燦爛	càn làn		to glitter	这个世界是灿烂的吗？	這個世界是燦爛的嗎？	tatoeba	1112842	這個世界是燦爛的嗎？	CC-CEDICT	
1040	859_1	马路	馬路	mǎ lù		street	小时候，我过马路时会踩着斑马线的白漆走，想象沥青路面是不能走的。	小時候，我過馬路時會踩著斑馬線的白漆走，想象瀝青路面是不能走的。	tatoeba	13892103	小时候，我过马路时会踩着斑马线的白漆走，想象沥青路面是不能走的。	CC-CEDICT	
1041	859_1	斑马	斑馬	bān mǎ		zebra	小时候，我过马路时会踩着斑马线的白漆走，想象沥青路面是不能走的。	小時候，我過馬路時會踩著斑馬線的白漆走，想象瀝青路面是不能走的。	tatoeba	13892103	小时候，我过马路时会踩着斑马线的白漆走，想象沥青路面是不能走的。	CC-CEDICT	
1042	859_1	想象	想象	xiǎng xiàng		to imagine	小时候，我过马路时会踩着斑马线的白漆走，想象沥青路面是不能走的。	小時候，我過馬路時會踩著斑馬線的白漆走，想象瀝青路面是不能走的。	tatoeba	13892103	小时候，我过马路时会踩着斑马线的白漆走，想象沥青路面是不能走的。	CC-CEDICT	
1043	859_1	沥青	瀝青	lì qīng		asphalt	小时候，我过马路时会踩着斑马线的白漆走，想象沥青路面是不能走的。	小時候，我過馬路時會踩著斑馬線的白漆走，想象瀝青路面是不能走的。	tatoeba	13892103	小时候，我过马路时会踩着斑马线的白漆走，想象沥青路面是不能走的。	CC-CEDICT	
1044	859_1	路面	路面	lù miàn		road surface	小时候，我过马路时会踩着斑马线的白漆走，想象沥青路面是不能走的。	小時候，我過馬路時會踩著斑馬線的白漆走，想象瀝青路面是不能走的。	tatoeba	13892103	小时候，我过马路时会踩着斑马线的白漆走，想象沥青路面是不能走的。	CC-CEDICT	
1045	859_1	不能	不能	bù néng		cannot	小时候，我过马路时会踩着斑马线的白漆走，想象沥青路面是不能走的。	小時候，我過馬路時會踩著斑馬線的白漆走，想象瀝青路面是不能走的。	tatoeba	13892103	小时候，我过马路时会踩着斑马线的白漆走，想象沥青路面是不能走的。	CC-CEDICT	
1046	863_1	废墟	廢墟	fèi xū		ruins	那座工厂已经沦为废墟。	那座工廠已經淪為廢墟。	authored			CC-CEDICT	
1047	866_1	沧州	滄州	cāng zhōu		Cangzhou	沧州以武术传统闻名。	滄州以武術傳統聞名。	authored			CC-CEDICT	
1048	868_1	无线	無線	wú xiàn		wireless	飞行员用无线电与机场沟通。	飛行員用無線電與機場溝通。	tatoeba	798201	飛行員用無線電與機場溝通。	CC-CEDICT	
1049	868_1	机场	機場	jī chǎng		airport	飞行员用无线电与机场沟通。	飛行員用無線電與機場溝通。	tatoeba	798201	飛行員用無線電與機場溝通。	CC-CEDICT	
1050	868_1	沟通	溝通	gōu tōng		to join	飞行员用无线电与机场沟通。	飛行員用無線電與機場溝通。	tatoeba	798201	飛行員用無線電與機場溝通。	CC-CEDICT	
1051	869_1	京沪	京滬	jīng hù		Beijing and Shanghai	京沪铁路连接北京和上海。	京滬鐵路連線北京和上海。	authored			CC-CEDICT	
1052	869_1	铁路	鐵路	tiě lù		railroad	京沪铁路连接北京和上海。	京滬鐵路連線北京和上海。	authored			CC-CEDICT	
1053	869_1	连接	連線	lián jiē	lián xiàn	to link	京沪铁路连接北京和上海。	京滬鐵路連線北京和上海。	authored			CC-CEDICT	Taiwan MOE Concise Dictionary
1054	870_0	担任	擔任	dān rèn		to assume office of	沈国放曾担任中国外交官。	沈國放曾擔任中國外交官。	authored			CC-CEDICT	
1055	870_0	外交官	外交官	wài jiāo guān		diplomat	沈国放曾担任中国外交官。	沈國放曾擔任中國外交官。	authored			CC-CEDICT	
1056	870_1	沈阳	瀋陽	shěn yáng		Shenyang	沈阳是辽宁省的省会。	瀋陽是遼寧省的省會。	authored			CC-CEDICT	
1057	870_1	辽宁	遼寧	liáo níng		Liaoning	沈阳是辽宁省的省会。	瀋陽是遼寧省的省會。	authored			CC-CEDICT	
1058	870_1	省会	省會	shěng huì		provincial capital	沈阳是辽宁省的省会。	瀋陽是遼寧省的省會。	authored			CC-CEDICT	
1059	873_1	怀疑	懷疑	huái yí		to doubt	你是谁？我怀疑你不是这里的。	你是誰？我懷疑你不是這裡的。	tatoeba	6315385	你是谁？我怀疑你不是这里的。	CC-CEDICT	
1060	874_1	女儿	女兒	nǚ ér		daughter	我们对女儿的健康问题很担忧。	我們對女兒的健康問題很擔憂。	tatoeba	2338569	我们对女儿的健康问题很担忧。	CC-CEDICT	
1061	874_1	健康	健康	jiàn kāng		health	我们对女儿的健康问题很担忧。	我們對女兒的健康問題很擔憂。	tatoeba	2338569	我们对女儿的健康问题很担忧。	CC-CEDICT	
1062	874_1	担忧	擔憂	dān yōu		to worry	我们对女儿的健康问题很担忧。	我們對女兒的健康問題很擔憂。	tatoeba	2338569	我们对女儿的健康问题很担忧。	CC-CEDICT	
1063	882_1	穷人	窮人	qióng rén		poor people	我不喜欢穷人，他们只想着钱。	我不喜歡窮人，他們只想著錢。	tatoeba	512198	我不喜欢穷人，他们只想着钱。	CC-CEDICT	
1064	885_1	团结	團結	tuán jié		to unite	团结、公正和自由是幸福的保证。	團結、公正和自由是幸福的保證。	tatoeba	785816	团结、公正和自由是幸福的保证。	CC-CEDICT	
1065	885_1	公正	公正	gōng zhèng		just	团结、公正和自由是幸福的保证。	團結、公正和自由是幸福的保證。	tatoeba	785816	团结、公正和自由是幸福的保证。	CC-CEDICT	
1066	885_1	幸福	幸福	xìng fú		happiness	团结、公正和自由是幸福的保证。	團結、公正和自由是幸福的保證。	tatoeba	785816	团结、公正和自由是幸福的保证。	CC-CEDICT	
1067	885_1	保证	保證	bǎo zhèng		guarantee	团结、公正和自由是幸福的保证。	團結、公正和自由是幸福的保證。	tatoeba	785816	团结、公正和自由是幸福的保证。	CC-CEDICT	
1068	886_1	评论	評論	píng lùn		to comment on	他们的评论很有启发性。	他們的評論很有啓發性。	tatoeba	13455222	他们的评论很有启发性。	CC-CEDICT	
1069	886_1	启发	啓發	qǐ fā		to enlighten	他们的评论很有启发性。	他們的評論很有啓發性。	tatoeba	13455222	他们的评论很有启发性。	CC-CEDICT	
1070	887_1	老板	老闆	lǎo bǎn		boss	老板对你的工作有很高的评价。	老闆對你的工作有很高的評價。	tatoeba	346460	老板对你的工作有很高的评价。	CC-CEDICT	
1071	887_1	评价	評價	píng jià		to evaluate	老板对你的工作有很高的评价。	老闆對你的工作有很高的評價。	tatoeba	346460	老板对你的工作有很高的评价。	CC-CEDICT	
1072	888_1	内容	內容	nèi róng		content	我刚才说的内容，你想补充么？	我剛才說的內容，你想補充麼？	tatoeba	5267737	我刚才说的内容，你想补充么？	CC-CEDICT	
1073	888_1	补充	補充	bǔ chōng		to replenish	我刚才说的内容，你想补充么？	我剛才說的內容，你想補充麼？	tatoeba	5267737	我刚才说的内容，你想补充么？	CC-CEDICT	
1074	893_1	消费	消費	xiāo fèi		to consume	消费者应当警惕网络欺诈。	消費者應當警惕網路欺詐。	authored			CC-CEDICT	
1075	893_1	应当	應當	yīng dāng		should	消费者应当警惕网络欺诈。	消費者應當警惕網路欺詐。	authored			CC-CEDICT	
1076	893_1	警惕	警惕	jǐng tì		to be on the alert	消费者应当警惕网络欺诈。	消費者應當警惕網路欺詐。	authored			CC-CEDICT	
1077	893_1	欺诈	欺詐	qī zhà		to cheat	消费者应当警惕网络欺诈。	消費者應當警惕網路欺詐。	authored			CC-CEDICT	
1078	894_1	写信	寫信	xiě xìn		to write a letter	请写信告诉我你们学校的情况。	請寫信告訴我你們學校的情況。	tatoeba	332602	请写信告诉我你们学校的情况。	CC-CEDICT	
1079	896_1	诊断	診斷	zhěn duàn		to diagnose	诊断患有“网络成瘾症”的人差不多总是也有其他的困难。	診斷患有“網路成癮症”的人差不多總是也有其他的困難。	tatoeba	1210437	诊断患有“网络成瘾症”的人差不多总是也有其他的困难。	CC-CEDICT	
1080	896_1	患有	患有	huàn yǒu		to contract	诊断患有“网络成瘾症”的人差不多总是也有其他的困难。	診斷患有“網路成癮症”的人差不多總是也有其他的困難。	tatoeba	1210437	诊断患有“网络成瘾症”的人差不多总是也有其他的困难。	CC-CEDICT	
1081	896_1	差不多	差不多	chà bu duō	chā bù duō	almost	诊断患有“网络成瘾症”的人差不多总是也有其他的困难。	診斷患有“網路成癮症”的人差不多總是也有其他的困難。	tatoeba	1210437	诊断患有“网络成瘾症”的人差不多总是也有其他的困难。	CC-CEDICT	Taiwan MOE Concise Dictionary
1082	897_1	编辑	編輯	biān jí		to edit	编辑补充了缺失的词条。	編輯補充了缺失的詞條。	authored			CC-CEDICT	
1083	897_1	缺失	缺失	quē shī		lack	编辑补充了缺失的词条。	編輯補充了缺失的詞條。	authored			CC-CEDICT	
1084	897_1	词条	詞條	cí tiáo		entry	编辑补充了缺失的词条。	編輯補充了缺失的詞條。	authored			CC-CEDICT	
1085	898_1	文章	文章	wén zhāng		article	这篇文章的翻译很流畅。	這篇文章的翻譯很流暢。	authored			CC-CEDICT	
1086	898_1	翻译	翻譯	fān yì		to translate	这篇文章的翻译很流畅。	這篇文章的翻譯很流暢。	authored			CC-CEDICT	
1087	898_1	流畅	流暢	liú chàng		flowing	这篇文章的翻译很流畅。	這篇文章的翻譯很流暢。	authored			CC-CEDICT	
1088	900_1	灵魂	靈魂	líng hún		soul	你的灵魂已经坠进地狱了。	你的靈魂已經墜進地獄了。	tatoeba	1014146	你的灵魂已经坠进地狱了。	CC-CEDICT	
1089	900_1	地狱	地獄	dì yù		hell	你的灵魂已经坠进地狱了。	你的靈魂已經墜進地獄了。	tatoeba	1014146	你的灵魂已经坠进地狱了。	CC-CEDICT	
1090	902_1	心头	心頭	xīn tóu		one's heart	这场雨使她心头蒙上了一层阴云。	這場雨使她心頭蒙上了一層陰雲。	tatoeba	13878375	这场雨使她心头蒙上了一层阴云。	CC-CEDICT	
1091	902_1	一层	一層	yī céng		one layer	这场雨使她心头蒙上了一层阴云。	這場雨使她心頭蒙上了一層陰雲。	tatoeba	13878375	这场雨使她心头蒙上了一层阴云。	CC-CEDICT	
1092	906_1	答复	答覆	dá fù		to answer	在他答复之前，他犹豫迟疑了一下。	在他答覆之前，他猶豫遲疑了一下。	tatoeba	1584519	在他答复之前，他犹豫迟疑了一下。	CC-CEDICT	
1093	906_1	迟疑	遲疑	chí yí		to hesitate	在他答复之前，他犹豫迟疑了一下。	在他答覆之前，他猶豫遲疑了一下。	tatoeba	1584519	在他答复之前，他犹豫迟疑了一下。	CC-CEDICT	
1094	909_1	钓鱼	釣魚	diào yú		to fish	中国主张钓鱼岛的所有权。	中國主張釣魚島的所有權。	tatoeba	1861026	中国主张钓鱼岛的所有权。	CC-CEDICT	
1095	909_1	有权	有權	yǒu quán		to have the right to	中国主张钓鱼岛的所有权。	中國主張釣魚島的所有權。	tatoeba	1861026	中国主张钓鱼岛的所有权。	CC-CEDICT	
1096	911_1	不好意思	不好意思	bù hǎo yì si		to feel embarrassed	不好意思，我找国际航班登机楼。	不好意思，我找國際航班登機樓。	tatoeba	2486507	不好意思，我找国际航班登机楼。	CC-CEDICT	
1097	911_1	登机	登機	dēng jī		to board a plane	不好意思，我找国际航班登机楼。	不好意思，我找國際航班登機樓。	tatoeba	2486507	不好意思，我找国际航班登机楼。	CC-CEDICT	
1098	912_1	非常	非常	fēi cháng		very	非洲是一块非常大的大陆。	非洲是一塊非常大的大陸。	tatoeba	2882569	非洲是一块非常大的大陆。	CC-CEDICT	
1099	912_1	大陆	大陸	dà lù		continent	非洲是一块非常大的大陆。	非洲是一塊非常大的大陸。	tatoeba	2882569	非洲是一块非常大的大陆。	CC-CEDICT	
1100	914_1	陈水扁	陳水扁	chén shuǐ biǎn		Chen Shui-Bian	陈水扁曾任台湾地区领导人。	陳水扁曾任臺灣地區領導人。	authored			CC-CEDICT	
1101	917_1	眼泪	眼淚	yǎn lèi		tear	眼泪不要坠落。	眼淚不要墜落。	tatoeba	13511909	眼淚不要墜落。	CC-CEDICT	
1102	917_1	坠落	墜落	zhuì luò		to fall	眼泪不要坠落。	眼淚不要墜落。	tatoeba	13511909	眼淚不要墜落。	CC-CEDICT	
1103	926_1	啄木鸟	啄木鳥	zhuó mù niǎo		woodpecker	啄木鸟正在使劲地啄树干。	啄木鳥正在使勁地啄樹幹。	tatoeba	8744807	啄木鸟正在使劲地啄树干。	CC-CEDICT	
1104	926_1	使劲	使勁	shǐ jìn	shǐ jìng	to exert all one's strength	啄木鸟正在使劲地啄树干。	啄木鳥正在使勁地啄樹幹。	tatoeba	8744807	啄木鸟正在使劲地啄树干。	CC-CEDICT	Taiwan MOE Concise Dictionary
1105	926_1	树干	樹幹	shù gàn		tree trunk	啄木鸟正在使劲地啄树干。	啄木鳥正在使勁地啄樹幹。	tatoeba	8744807	啄木鸟正在使劲地啄树干。	CC-CEDICT	
1106	928_1	鸡蛋	鷄蛋	jī dàn		egg	这些鸡蛋坏掉了，不能拿来煎。	這些鷄蛋壞掉了，不能拿來煎。	tatoeba	1866580	这些鸡蛋坏掉了，不能拿来煎。	CC-CEDICT	
1107	928_1	坏掉	壞掉	huài diào		to get broken	这些鸡蛋坏掉了，不能拿来煎。	這些鷄蛋壞掉了，不能拿來煎。	tatoeba	1866580	这些鸡蛋坏掉了，不能拿来煎。	CC-CEDICT	
1108	928_1	拿来	拿來	ná lái		to bring	这些鸡蛋坏掉了，不能拿来煎。	這些鷄蛋壞掉了，不能拿來煎。	tatoeba	1866580	这些鸡蛋坏掉了，不能拿来煎。	CC-CEDICT	
1109	929_1	台北	臺北	tái běi		Taipei	台北位于北纬二十五度附近。	臺北位於北緯二十五度附近。	authored			CC-CEDICT	
1110	929_1	北纬	北緯	běi wěi		north latitude	台北位于北纬二十五度附近。	臺北位於北緯二十五度附近。	authored			CC-CEDICT	
1111	929_1	二十	二十	èr shí		twenty	台北位于北纬二十五度附近。	臺北位於北緯二十五度附近。	authored			CC-CEDICT	
1112	929_1	五度	五度	wǔ dù		five degrees	台北位于北纬二十五度附近。	臺北位於北緯二十五度附近。	authored			CC-CEDICT	
1113	929_1	附近	附近	fù jìn		nearby	台北位于北纬二十五度附近。	臺北位於北緯二十五度附近。	authored			CC-CEDICT	
1114	930_1	犹太	猶太	yóu tài		the Jews	许多犹太人被德国人驱逐。	許多猶太人被德國人驅逐。	tatoeba	3947643	許多猶太人被德國人驅逐。	CC-CEDICT	
1115	930_1	德国	德國	dé guó		Germany	许多犹太人被德国人驱逐。	許多猶太人被德國人驅逐。	tatoeba	3947643	許多猶太人被德國人驅逐。	CC-CEDICT	
1116	930_1	驱逐	驅逐	qū zhú		to expel	许多犹太人被德国人驱逐。	許多猶太人被德國人驅逐。	tatoeba	3947643	許多猶太人被德國人驅逐。	CC-CEDICT	
1117	931_1	单纯	單純	dān chún		simple	留西雅是一个很单纯的姑娘。	留西雅是一個很單純的姑娘。	tatoeba	6037679	留西雅是一個很單純的姑娘。	CC-CEDICT	
1118	932_1	棉纱	棉紗	mián shā		cotton yarn	工厂把棉纱织成布料。	工廠把棉紗織成布料。	authored			CC-CEDICT	
1119	932_1	布料	布料	bù liào		fabric	工厂把棉纱织成布料。	工廠把棉紗織成布料。	authored			CC-CEDICT	
1120	933_1	纲领	綱領	gāng lǐng		program	大会通过了新的行动纲领。	大會通過了新的行動綱領。	authored			CC-CEDICT	
1121	934_1	阿尔及利亚	阿爾及利亞	ā ěr jí lì yà		Algeria	中国正将阿尔及利亚纳入「一带一路」战略。	中國正將阿爾及利亞納入「一帶一路」戰略。	tatoeba	13556515	中國正將阿爾及利亞納入「一帶一路」戰略。	CC-CEDICT	
1122	934_1	纳入	納入	nà rù		to bring into	中国正将阿尔及利亚纳入「一带一路」战略。	中國正將阿爾及利亞納入「一帶一路」戰略。	tatoeba	13556515	中國正將阿爾及利亞納入「一帶一路」戰略。	CC-CEDICT	
1123	934_1	一带	一帶	yī dài		region	中国正将阿尔及利亚纳入「一带一路」战略。	中國正將阿爾及利亞納入「一帶一路」戰略。	tatoeba	13556515	中國正將阿爾及利亞納入「一帶一路」戰略。	CC-CEDICT	
1124	934_1	一路	一路	yī lù		the whole journey	中国正将阿尔及利亚纳入「一带一路」战略。	中國正將阿爾及利亞納入「一帶一路」戰略。	tatoeba	13556515	中國正將阿爾及利亞納入「一帶一路」戰略。	CC-CEDICT	
1125	934_1	战略	戰略	zhàn lüè		strategy	中国正将阿尔及利亚纳入「一带一路」战略。	中國正將阿爾及利亞納入「一帶一路」戰略。	tatoeba	13556515	中國正將阿爾及利亞納入「一帶一路」戰略。	CC-CEDICT	
1126	935_1	反例	反例	fǎn lì		counterexample	汤姆用一个反例反驳了那个说法。	湯姆用一個反例反駁了那個說法。	tatoeba	13876595	湯姆用一個反例反駁了那個說法。	CC-CEDICT	
1127	935_1	反驳	反駁	fǎn bó		to retort	汤姆用一个反例反驳了那个说法。	湯姆用一個反例反駁了那個說法。	tatoeba	13876595	湯姆用一個反例反駁了那個說法。	CC-CEDICT	
1128	935_1	说法	說法	shuō fa	shuō fǎ	statement; explanation	汤姆用一个反例反驳了那个说法。	湯姆用一個反例反駁了那個說法。	tatoeba	13876595	湯姆用一個反例反駁了那個說法。	CC-CEDICT	Taiwan MOE Concise Dictionary
1129	936_1	幕后	幕後	mù hòu		behind the scenes	幕后操纵者是谁？	幕後操縱者是誰？	tatoeba	10215680	幕后操纵者是谁？	CC-CEDICT	
1130	936_1	操纵	操縱	cāo zòng		to operate	幕后操纵者是谁？	幕後操縱者是誰？	tatoeba	10215680	幕后操纵者是谁？	CC-CEDICT	
1131	937_1	调解	調解	tiáo jiě		to mediate	双方通过调解解决了纠纷。	雙方透過調解解決了糾紛。	authored			CC-CEDICT	
1132	937_1	纠纷	糾紛	jiū fēn		dispute	双方通过调解解决了纠纷。	雙方透過調解解決了糾紛。	authored			CC-CEDICT	
1133	938_1	报纸	報紙	bào zhǐ		newspaper	在那儿看报纸的男人是我叔叔。	在那兒看報紙的男人是我叔叔。	tatoeba	336724	在那儿看报纸的男人是我叔叔。	CC-CEDICT	
1134	938_1	男人	男人	nán rén		a man	在那儿看报纸的男人是我叔叔。	在那兒看報紙的男人是我叔叔。	tatoeba	336724	在那儿看报纸的男人是我叔叔。	CC-CEDICT	
1135	939_1	陶器	陶器	táo qì		pottery	陶器表面刻有精美纹饰。	陶器表面刻有精美紋飾。	authored			CC-CEDICT	
1136	939_1	表面	表面	biǎo miàn		surface	陶器表面刻有精美纹饰。	陶器表面刻有精美紋飾。	authored			CC-CEDICT	
1137	939_1	精美	精美	jīng měi		exquisite	陶器表面刻有精美纹饰。	陶器表面刻有精美紋飾。	authored			CC-CEDICT	
1138	940_1	苏格兰	蘇格蘭	sū gé lán		Scotland	苏格兰以其羊毛纺织品而著名。	蘇格蘭以其羊毛紡織品而著名。	tatoeba	797115	蘇格蘭以其羊毛紡織品而著名。	CC-CEDICT	
1139	940_1	羊毛	羊毛	yáng máo		wool	苏格兰以其羊毛纺织品而著名。	蘇格蘭以其羊毛紡織品而著名。	tatoeba	797115	蘇格蘭以其羊毛紡織品而著名。	CC-CEDICT	
1140	940_1	纺织	紡織	fǎng zhī		spinning and weaving	苏格兰以其羊毛纺织品而著名。	蘇格蘭以其羊毛紡織品而著名。	tatoeba	797115	蘇格蘭以其羊毛紡織品而著名。	CC-CEDICT	
1141	940_1	著名	著名	zhù míng		famous	苏格兰以其羊毛纺织品而著名。	蘇格蘭以其羊毛紡織品而著名。	tatoeba	797115	蘇格蘭以其羊毛紡織品而著名。	CC-CEDICT	
1142	941_1	驴子	驢子	lǘ zi		donkey	驴子对驴子抱怨他很笨。	驢子對驢子抱怨他很笨。	tatoeba	765247	驢子對驢子抱怨他很笨。	CC-CEDICT	
1143	941_1	抱怨	抱怨	bào yuàn		to complain	驴子对驴子抱怨他很笨。	驢子對驢子抱怨他很笨。	tatoeba	765247	驢子對驢子抱怨他很笨。	CC-CEDICT	
1144	942_1	火车	火車	huǒ chē		train	这列火车从纽约开往波士顿。	這列火車從紐約開往波士頓。	tatoeba	406326	这列火车从纽约开往波士顿。	CC-CEDICT	
1145	942_1	纽约	紐約	niǔ yuē		New York	这列火车从纽约开往波士顿。	這列火車從紐約開往波士頓。	tatoeba	406326	这列火车从纽约开往波士顿。	CC-CEDICT	
1146	942_1	波士顿	波士頓	bō shì dùn		Boston	这列火车从纽约开往波士顿。	這列火車從紐約開往波士頓。	tatoeba	406326	这列火车从纽约开往波士顿。	CC-CEDICT	
1147	945_1	环境	環境	huán jìng		environment	在这么嘈杂的环境中无法学习。	在這麼嘈雜的環境中無法學習。	tatoeba	1413679	在这么嘈杂的环境中无法学习。	CC-CEDICT	
1148	949_1	生意	生意	shēng yi		business	王兄，你现在在做什么生意了？	王兄，你現在在做什麼生意了？	tatoeba	420778	王兄，你现在在做什么生意了？	CC-CEDICT	
1149	951_0	代表	代表	dài biǎo		representative	那么，这代表更健康的城市吗？	那麼，這代表更健康的城市嗎？	tatoeba	765320	那么，这代表更健康的城市吗？	CC-CEDICT	
1150	951_1	仪表	儀錶	yí biǎo		appearance	汤姆把他的太阳镜留在我的车的仪表板上了。	湯姆把他的太陽鏡留在我的車的儀錶板上了。	tatoeba	8744628	汤姆把他的太阳镜留在我的车的仪表板上了。	CC-CEDICT	
1151	952_1	一些	一些	yī xiē		some	一些海滩没能遵守环保规定。	一些海灘沒能遵守環保規定。	tatoeba	3042328	一些海滩没能遵守环保规定。	CC-CEDICT	
1152	952_1	海滩	海灘	hǎi tān		beach	一些海滩没能遵守环保规定。	一些海灘沒能遵守環保規定。	tatoeba	3042328	一些海滩没能遵守环保规定。	CC-CEDICT	
1153	952_1	遵守	遵守	zūn shǒu		to comply with	一些海滩没能遵守环保规定。	一些海灘沒能遵守環保規定。	tatoeba	3042328	一些海滩没能遵守环保规定。	CC-CEDICT	
1154	952_1	环保	環保	huán bǎo		environmental protection	一些海滩没能遵守环保规定。	一些海灘沒能遵守環保規定。	tatoeba	3042328	一些海滩没能遵守环保规定。	CC-CEDICT	
1155	958_1	中立	中立	zhōng lì		neutral	他试图拉拢几名中立代表。	他試圖拉攏幾名中立代表。	authored			CC-CEDICT	
1156	961_1	工人	工人	gōng rén		worker	工人仔细拣选成熟的果实。	工人仔細揀選成熟的果實。	authored			CC-CEDICT	
1157	961_1	仔细	仔細	zǐ xì		careful	工人仔细拣选成熟的果实。	工人仔細揀選成熟的果實。	authored			CC-CEDICT	
1158	961_1	拣选	揀選	jiǎn xuǎn		to select	工人仔细拣选成熟的果实。	工人仔細揀選成熟的果實。	authored			CC-CEDICT	
1159	961_1	成熟	成熟	chéng shú	chéng shóu	mature	工人仔细拣选成熟的果实。	工人仔細揀選成熟的果實。	authored			CC-CEDICT	Taiwan MOE Concise Dictionary
1160	961_1	果实	果實	guǒ shí		fruit	工人仔细拣选成熟的果实。	工人仔細揀選成熟的果實。	authored			CC-CEDICT	
1161	963_1	总统	總統	zǒng tǒng		president	他在担任总统期间访问了日本。	他在擔任總統期間訪問了日本。	tatoeba	454257	他在担任总统期间访问了日本。	CC-CEDICT	
1162	963_1	期间	期間	qī jiān	qí jiān	period of time	他在担任总统期间访问了日本。	他在擔任總統期間訪問了日本。	tatoeba	454257	他在担任总统期间访问了日本。	CC-CEDICT	Taiwan MOE Concise Dictionary
1163	971_1	刚好	剛好	gāng hǎo		just	刚好有一架飞机从我头顶飞过。	剛好有一架飛機從我頭頂飛過。	tatoeba	1766192	刚好有一架飞机从我头顶飞过。	CC-CEDICT	
1164	971_1	头顶	頭頂	tóu dǐng		top of the head	刚好有一架飞机从我头顶飞过。	剛好有一架飛機從我頭頂飛過。	tatoeba	1766192	刚好有一架飞机从我头顶飞过。	CC-CEDICT	
1165	971_1	飞过	飛過	fēi guò		to fly over	刚好有一架飞机从我头顶飞过。	剛好有一架飛機從我頭頂飛過。	tatoeba	1766192	刚好有一架飞机从我头顶飞过。	CC-CEDICT	
1166	974_1	管理	管理	guǎn lǐ		to supervise	企业管理不同于拥有一家企业。	企業管理不同於擁有一家企業。	tatoeba	472818	企业管理不同于拥有一家企业。	CC-CEDICT	
1167	982_1	守门员	守門員	shǒu mén yuán		goalkeeper	守门员成功拦截了传球。	守門員成功攔截了傳球。	authored			CC-CEDICT	
1168	982_1	拦截	攔截	lán jié		to intercept	守门员成功拦截了传球。	守門員成功攔截了傳球。	authored			CC-CEDICT	
1169	985_1	一口	一口	yī kǒu		readily	她拧开瓶盖喝了一口水。	她擰開瓶蓋喝了一口水。	authored			CC-CEDICT	
1170	991_1	承诺	承諾	chéng nuò		to promise	新政府承诺尽快拨乱反正。	新政府承諾儘快撥亂反正。	authored			CC-CEDICT	
1171	991_1	尽快	儘快	jǐn kuài		as soon as possible	新政府承诺尽快拨乱反正。	新政府承諾儘快撥亂反正。	authored			CC-CEDICT	
1172	991_1	拨乱反正	撥亂反正	bō luàn fǎn zhèng		bring order out of chaos	新政府承诺尽快拨乱反正。	新政府承諾儘快撥亂反正。	authored			CC-CEDICT	
1173	992_1	选择	選擇	xuǎn zé		to select	你可以选择红茶，咖啡或牛奶。	你可以選擇紅茶，咖啡或牛奶。	tatoeba	335006	你可以选择红茶，咖啡或牛奶。	CC-CEDICT	
1174	992_1	红茶	紅茶	hóng chá		black tea	你可以选择红茶，咖啡或牛奶。	你可以選擇紅茶，咖啡或牛奶。	tatoeba	335006	你可以选择红茶，咖啡或牛奶。	CC-CEDICT	
1175	992_1	牛奶	牛奶	niú nǎi		cow's milk	你可以选择红茶，咖啡或牛奶。	你可以選擇紅茶，咖啡或牛奶。	tatoeba	335006	你可以选择红茶，咖啡或牛奶。	CC-CEDICT	
1176	1004_1	小孩子	小孩子	xiǎo hái zi		child	不是所有的小孩子都喜欢苹果。	不是所有的小孩子都喜歡蘋果。	tatoeba	476614	不是所有的小孩子都喜欢苹果。	CC-CEDICT	
1177	1010_0	范蠡	范蠡	fàn lǐ		Fan Li	范蠡是春秋末期的政治家。	范蠡是春秋末期的政治家。	authored			CC-CEDICT	
1178	1010_0	春秋	春秋	chūn qiū		Spring and Autumn period	范蠡是春秋末期的政治家。	范蠡是春秋末期的政治家。	authored			CC-CEDICT	
1179	1010_0	末期	末期	mò qī	mò qí	end	范蠡是春秋末期的政治家。	范蠡是春秋末期的政治家。	authored			CC-CEDICT	Taiwan MOE Concise Dictionary
1180	1010_0	政治家	政治家	zhèng zhì jiā		statesman	范蠡是春秋末期的政治家。	范蠡是春秋末期的政治家。	authored			CC-CEDICT	
1181	1014_1	缩短	縮短	suō duǎn		to shorten	别吸烟。吸烟可能缩短你的阴茎。	別吸菸。吸菸可能縮短你的陰莖。	tatoeba	8932461	别吸烟。吸烟可能缩短你的阴茎。	CC-CEDICT	
1182	1014_1	阴茎	陰莖	yīn jīng		penis	别吸烟。吸烟可能缩短你的阴茎。	別吸菸。吸菸可能縮短你的陰莖。	tatoeba	8932461	别吸烟。吸烟可能缩短你的阴茎。	CC-CEDICT	
1183	1021_1	枢纽	樞紐	shū niǔ		hub	这座城市是重要的交通枢纽。	這座城市是重要的交通樞紐。	authored			CC-CEDICT	
1184	1022_1	客栈	客棧	kè zhàn		tavern	客栈掌柜热情地招呼客人。	客棧掌櫃熱情地招呼客人。	authored			CC-CEDICT	
1185	1022_1	掌柜	掌櫃	zhǎng guì		shopkeeper	客栈掌柜热情地招呼客人。	客棧掌櫃熱情地招呼客人。	authored			CC-CEDICT	
1186	1022_1	热情	熱情	rè qíng		cordial	客栈掌柜热情地招呼客人。	客棧掌櫃熱情地招呼客人。	authored			CC-CEDICT	
1187	1022_1	招呼	招呼	zhāo hu	zhāo hū	to call out to	客栈掌柜热情地招呼客人。	客棧掌櫃熱情地招呼客人。	authored			CC-CEDICT	Taiwan MOE Concise Dictionary
1188	1022_1	客人	客人	kè rén		visitor	客栈掌柜热情地招呼客人。	客棧掌櫃熱情地招呼客人。	authored			CC-CEDICT	
1189	1026_0	武松	武松	wǔ sōng		Wu Song	武松是古典小说中的人物。	武松是古典小說中的人物。	authored			CC-CEDICT	
1190	1026_0	小说	小說	xiǎo shuō		novel	武松是古典小说中的人物。	武松是古典小說中的人物。	authored			CC-CEDICT	
1191	1026_1	轻松	輕鬆	qīng sōng		light	放轻松，这只是个稻草人而已。	放輕鬆，這只是個稻草人而已。	tatoeba	522166	放轻松，这只是个稻草人而已。	CC-CEDICT	
1192	1026_1	只是	只是	zhǐ shì		merely	放轻松，这只是个稻草人而已。	放輕鬆，這只是個稻草人而已。	tatoeba	522166	放轻松，这只是个稻草人而已。	CC-CEDICT	
1193	1026_1	稻草人	稻草人	dào cǎo rén		scarecrow	放轻松，这只是个稻草人而已。	放輕鬆，這只是個稻草人而已。	tatoeba	522166	放轻松，这只是个稻草人而已。	CC-CEDICT	
1194	1026_1	而已	而已	ér yǐ		that's all	放轻松，这只是个稻草人而已。	放輕鬆，這只是個稻草人而已。	tatoeba	522166	放轻松，这只是个稻草人而已。	CC-CEDICT	
1195	1027_1	步枪	步槍	bù qiāng		rifle	班杰明用步枪射了一只熊。	班傑明用步槍射了一隻熊。	tatoeba	869916	班傑明用步槍射了一隻熊。	CC-CEDICT	
1196	1028_1	漂白	漂白	piǎo bái		to bleach	桌上摆放著一瓶被霜冻漂白的蕨类植物和红宝石色的枫叶。	桌上擺放著一瓶被霜凍漂白的蕨類植物和紅寶石色的楓葉。	tatoeba	13573786	桌上擺放著一瓶被霜凍漂白的蕨類植物和紅寶石色的楓葉。	CC-CEDICT	
1197	1028_1	蕨类	蕨類	jué lèi		fern	桌上摆放著一瓶被霜冻漂白的蕨类植物和红宝石色的枫叶。	桌上擺放著一瓶被霜凍漂白的蕨類植物和紅寶石色的楓葉。	tatoeba	13573786	桌上擺放著一瓶被霜凍漂白的蕨類植物和紅寶石色的楓葉。	CC-CEDICT	
1198	1028_1	植物	植物	zhí wù		plant	桌上摆放著一瓶被霜冻漂白的蕨类植物和红宝石色的枫叶。	桌上擺放著一瓶被霜凍漂白的蕨類植物和紅寶石色的楓葉。	tatoeba	13573786	桌上擺放著一瓶被霜凍漂白的蕨類植物和紅寶石色的楓葉。	CC-CEDICT	
1199	1028_1	红宝石	紅寶石	hóng bǎo shí		ruby	桌上摆放著一瓶被霜冻漂白的蕨类植物和红宝石色的枫叶。	桌上擺放著一瓶被霜凍漂白的蕨類植物和紅寶石色的楓葉。	tatoeba	13573786	桌上擺放著一瓶被霜凍漂白的蕨類植物和紅寶石色的楓葉。	CC-CEDICT	
1200	1028_1	枫叶	楓葉	fēng yè		maple leaf	桌上摆放著一瓶被霜冻漂白的蕨类植物和红宝石色的枫叶。	桌上擺放著一瓶被霜凍漂白的蕨類植物和紅寶石色的楓葉。	tatoeba	13573786	桌上擺放著一瓶被霜凍漂白的蕨類植物和紅寶石色的楓葉。	CC-CEDICT	
1201	1029_1	得到	得到	dé dào		to get	我一得到一大笔钱就捐一部分给慈善机构。	我一得到一大筆錢就捐一部分給慈善機構。	tatoeba	2367587	我一得到一大笔钱就捐一部分给慈善机构。	CC-CEDICT	
1202	1029_1	一部分	一部分	yī bù fen	yī bù fèn	portion	我一得到一大笔钱就捐一部分给慈善机构。	我一得到一大筆錢就捐一部分給慈善機構。	tatoeba	2367587	我一得到一大笔钱就捐一部分给慈善机构。	CC-CEDICT	Taiwan MOE Concise Dictionary
1203	1029_1	慈善	慈善	cí shàn		benevolent	我一得到一大笔钱就捐一部分给慈善机构。	我一得到一大筆錢就捐一部分給慈善機構。	tatoeba	2367587	我一得到一大笔钱就捐一部分给慈善机构。	CC-CEDICT	
1204	1029_1	机构	機構	jī gòu		mechanism	我一得到一大笔钱就捐一部分给慈善机构。	我一得到一大筆錢就捐一部分給慈善機構。	tatoeba	2367587	我一得到一大笔钱就捐一部分给慈善机构。	CC-CEDICT	
1205	1034_1	完全	完全	wán quán		complete	他完全丧失了能成功的信心。	他完全喪失了能成功的信心。	tatoeba	2054131	他完全丧失了能成功的信心。	CC-CEDICT	
1206	1034_1	丧失	喪失	sàng shī		to lose	他完全丧失了能成功的信心。	他完全喪失了能成功的信心。	tatoeba	2054131	他完全丧失了能成功的信心。	CC-CEDICT	
1207	1034_1	信心	信心	xìn xīn		confidence	他完全丧失了能成功的信心。	他完全喪失了能成功的信心。	tatoeba	2054131	他完全丧失了能成功的信心。	CC-CEDICT	
1208	1036_1	画家	畫家	huà jiā		painter	他是个画家，但他不会画国画。	他是個畫家，但他不會畫國畫。	tatoeba	1490534	他是个画家，但他不会画国画。	CC-CEDICT	
1209	1040_1	蜜枣	蜜棗	mì zǎo		candied jujube	这袋蜜枣又甜又软。	這袋蜜棗又甜又軟。	authored			CC-CEDICT	
1210	1043_0	充分	充分	chōng fèn		ample	充分氧化反应赋予红茶浓郁醇厚的风味和深琥珀色。	充分氧化反應賦予紅茶濃郁醇厚的風味和深琥珀色。	tatoeba	13549587	充分氧化反應賦予紅茶濃鬱醇厚的風味和深琥珀色。	CC-CEDICT	
1211	1043_0	氧化	氧化	yǎng huà		to oxidize	充分氧化反应赋予红茶浓郁醇厚的风味和深琥珀色。	充分氧化反應賦予紅茶濃郁醇厚的風味和深琥珀色。	tatoeba	13549587	充分氧化反應賦予紅茶濃鬱醇厚的風味和深琥珀色。	CC-CEDICT	
1212	1043_0	反应	反應	fǎn yìng		to react	充分氧化反应赋予红茶浓郁醇厚的风味和深琥珀色。	充分氧化反應賦予紅茶濃郁醇厚的風味和深琥珀色。	tatoeba	13549587	充分氧化反應賦予紅茶濃鬱醇厚的風味和深琥珀色。	CC-CEDICT	
1213	1043_0	赋予	賦予	fù yǔ		to assign	充分氧化反应赋予红茶浓郁醇厚的风味和深琥珀色。	充分氧化反應賦予紅茶濃郁醇厚的風味和深琥珀色。	tatoeba	13549587	充分氧化反應賦予紅茶濃鬱醇厚的風味和深琥珀色。	CC-CEDICT	
1214	1043_0	浓郁	濃郁	nóng yù		rich	充分氧化反应赋予红茶浓郁醇厚的风味和深琥珀色。	充分氧化反應賦予紅茶濃郁醇厚的風味和深琥珀色。	tatoeba	13549587	充分氧化反應賦予紅茶濃鬱醇厚的風味和深琥珀色。	CC-CEDICT	
1215	1043_0	醇厚	醇厚	chún hòu		mellow and rich	充分氧化反应赋予红茶浓郁醇厚的风味和深琥珀色。	充分氧化反應賦予紅茶濃郁醇厚的風味和深琥珀色。	tatoeba	13549587	充分氧化反應賦予紅茶濃鬱醇厚的風味和深琥珀色。	CC-CEDICT	
1216	1043_0	风味	風味	fēng wèi		distinctive flavor	充分氧化反应赋予红茶浓郁醇厚的风味和深琥珀色。	充分氧化反應賦予紅茶濃郁醇厚的風味和深琥珀色。	tatoeba	13549587	充分氧化反應賦予紅茶濃鬱醇厚的風味和深琥珀色。	CC-CEDICT	
1217	1043_0	琥珀	琥珀	hǔ pò		amber	充分氧化反应赋予红茶浓郁醇厚的风味和深琥珀色。	充分氧化反應賦予紅茶濃郁醇厚的風味和深琥珀色。	tatoeba	13549587	充分氧化反應賦予紅茶濃鬱醇厚的風味和深琥珀色。	CC-CEDICT	
1218	1044_1	过去	過去	guò qù		in the past	明矾过去常被用于净水。	明礬過去常被用於淨水。	authored			CC-CEDICT	
1219	1044_1	用于	用於	yòng yú		to use in	明矾过去常被用于净水。	明礬過去常被用於淨水。	authored			CC-CEDICT	
1220	1045_1	矿产	礦產	kuàng chǎn		minerals	这一地区拥有丰富的矿产。	這一地區擁有豐富的礦產。	authored			CC-CEDICT	
1221	1046_1	渡轮	渡輪	dù lún		ferry boat	末班渡轮在晚上十点整发船，请提早抵达码头。	末班渡輪在晚上十點整發船，請提早抵達碼頭。	tatoeba	13886138	末班渡輪在晚上十點整發船，請提早抵達碼頭。	CC-CEDICT	
1222	1046_1	晚上	晚上	wǎn shang	wǎn shàng	evening	末班渡轮在晚上十点整发船，请提早抵达码头。	末班渡輪在晚上十點整發船，請提早抵達碼頭。	tatoeba	13886138	末班渡輪在晚上十點整發船，請提早抵達碼頭。	CC-CEDICT	Taiwan MOE Concise Dictionary
1223	1046_1	提早	提早	tí zǎo		ahead of schedule	末班渡轮在晚上十点整发船，请提早抵达码头。	末班渡輪在晚上十點整發船，請提早抵達碼頭。	tatoeba	13886138	末班渡輪在晚上十點整發船，請提早抵達碼頭。	CC-CEDICT	
1224	1046_1	抵达	抵達	dǐ dá		to arrive	末班渡轮在晚上十点整发船，请提早抵达码头。	末班渡輪在晚上十點整發船，請提早抵達碼頭。	tatoeba	13886138	末班渡輪在晚上十點整發船，請提早抵達碼頭。	CC-CEDICT	
1225	1046_1	码头	碼頭	mǎ tou		wharf	末班渡轮在晚上十点整发船，请提早抵达码头。	末班渡輪在晚上十點整發船，請提早抵達碼頭。	tatoeba	13886138	末班渡輪在晚上十點整發船，請提早抵達碼頭。	CC-CEDICT	
1226	1047_1	稍等	稍等	shāo děng		to wait a moment	稍等一下，我想去上一下厕所。	稍等一下，我想去上一下厠所。	tatoeba	10301340	稍等一下，我想去上一下廁所。	CC-CEDICT	
1227	1047_1	厕所	厠所	cè suǒ		toilet	稍等一下，我想去上一下厕所。	稍等一下，我想去上一下厠所。	tatoeba	10301340	稍等一下，我想去上一下廁所。	CC-CEDICT	
1228	1051_1	半透明	半透明	bàn tòu míng		translucent	你半透明的裙子让我高度兴奋。	你半透明的裙子讓我高度興奮。	tatoeba	529645	你半透明的裙子让我高度兴奋。	CC-CEDICT	
1229	1051_1	裙子	裙子	qún zi		skirt	你半透明的裙子让我高度兴奋。	你半透明的裙子讓我高度興奮。	tatoeba	529645	你半透明的裙子让我高度兴奋。	CC-CEDICT	
1230	1051_1	高度	高度	gāo dù		height	你半透明的裙子让我高度兴奋。	你半透明的裙子讓我高度興奮。	tatoeba	529645	你半透明的裙子让我高度兴奋。	CC-CEDICT	
1231	1051_1	兴奋	興奮	xīng fèn		excited	你半透明的裙子让我高度兴奋。	你半透明的裙子讓我高度興奮。	tatoeba	529645	你半透明的裙子让我高度兴奋。	CC-CEDICT	
1232	1054_1	看见	看見	kàn jiàn		to see	我看见汤姆殴打玛丽。	我看見湯姆毆打瑪麗。	tatoeba	13317051	我看見湯姆毆打瑪麗。	CC-CEDICT	
1233	1054_1	殴打	毆打	ōu dǎ		to beat up	我看见汤姆殴打玛丽。	我看見湯姆毆打瑪麗。	tatoeba	13317051	我看見湯姆毆打瑪麗。	CC-CEDICT	
1234	1055_1	垄断	壟斷	lǒng duàn		to monopolize	他们垄断了原物料供应，并开天价。	他們壟斷了原物料供應，並開天價。	tatoeba	2047863	他們壟斷了原物料供應，並開天價。	CC-CEDICT	
1235	1055_1	供应	供應	gōng yìng		to supply	他们垄断了原物料供应，并开天价。	他們壟斷了原物料供應，並開天價。	tatoeba	2047863	他們壟斷了原物料供應，並開天價。	CC-CEDICT	
1236	1057_1	轰炸	轟炸	hōng zhà		to bomb	轰炸机从机场起飞。	轟炸機從機場起飛。	authored			CC-CEDICT	
1237	1057_1	起飞	起飛	qǐ fēi		to take off	轰炸机从机场起飞。	轟炸機從機場起飛。	authored			CC-CEDICT	
1238	1058_1	占地	佔地	zhàn dì		to take up space	这片森林占地数千公顷。	這片森林佔地數千公頃。	authored			CC-CEDICT	
1239	1058_1	公顷	公頃	gōng qǐng		hectare	这片森林占地数千公顷。	這片森林佔地數千公頃。	authored			CC-CEDICT	
1240	1059_1	转移	轉移	zhuǎn yí		to shift	他试图转移大家的注意力。	他試圖轉移大家的注意力。	tatoeba	13920591	他试图转移大家的注意力。	CC-CEDICT	
1241	1059_1	注意力	注意力	zhù yì lì		attention	他试图转移大家的注意力。	他試圖轉移大家的注意力。	tatoeba	13920591	他试图转移大家的注意力。	CC-CEDICT	
1242	1060_1	俘虏	俘虜	fú lǔ		to take prisoner	将军下令对俘虏执行斩首。	將軍下令對俘虜執行斬首。	authored			CC-CEDICT	
1243	1060_1	斩首	斬首	zhǎn shǒu		to behead	将军下令对俘虏执行斩首。	將軍下令對俘虜執行斬首。	authored			CC-CEDICT	
1244	1061_1	一轮	一輪	yī lún		first round or stage	再来一轮怎么样？	再來一輪怎麼樣？	tatoeba	871218	再來一輪怎麼樣？	CC-CEDICT	
1245	1062_1	为什么	為什麼	wèi shén me		why?	为什么我的翻墙软件速度很慢？	為什麼我的翻牆軟件速度很慢？	tatoeba	9772966	为什么我的翻墙软件速度很慢？	CC-CEDICT	
1246	1062_1	翻墙	翻牆	fān qiáng		to bypass internet blocks	为什么我的翻墙软件速度很慢？	為什麼我的翻牆軟件速度很慢？	tatoeba	9772966	为什么我的翻墙软件速度很慢？	CC-CEDICT	
1247	1062_1	软件	軟件	ruǎn jiàn		software	为什么我的翻墙软件速度很慢？	為什麼我的翻牆軟件速度很慢？	tatoeba	9772966	为什么我的翻墙软件速度很慢？	CC-CEDICT	
1248	1062_1	速度	速度	sù dù		speed	为什么我的翻墙软件速度很慢？	為什麼我的翻牆軟件速度很慢？	tatoeba	9772966	为什么我的翻墙软件速度很慢？	CC-CEDICT	
1249	1068_1	牙齿	牙齒	yá chǐ		tooth	我的牙齿没有我希望的那样白。	我的牙齒沒有我希望的那樣白。	tatoeba	5685903	我的牙齿没有我希望的那样白。	CC-CEDICT	
1250	1068_1	希望	希望	xī wàng		to hope	我的牙齿没有我希望的那样白。	我的牙齒沒有我希望的那樣白。	tatoeba	5685903	我的牙齿没有我希望的那样白。	CC-CEDICT	
1251	1068_1	那样	那樣	nà yàng		that kind	我的牙齿没有我希望的那样白。	我的牙齒沒有我希望的那樣白。	tatoeba	5685903	我的牙齿没有我希望的那样白。	CC-CEDICT	
1252	1072_1	士兵	士兵	shì bīng		soldier	士兵押送俘虏回到营地。	士兵押送俘虜回到營地。	authored			CC-CEDICT	
1253	1072_1	押送	押送	yā sòng		to convey under escort	士兵押送俘虏回到营地。	士兵押送俘虜回到營地。	authored			CC-CEDICT	
1254	1072_1	回到	回到	huí dào		to return to	士兵押送俘虏回到营地。	士兵押送俘虜回到營地。	authored			CC-CEDICT	
1255	1072_1	营地	營地	yíng dì		camp	士兵押送俘虏回到营地。	士兵押送俘虜回到營地。	authored			CC-CEDICT	
1256	1073_1	肾脏	腎臟	shèn zàng		kidney	肾脏病患者请勿在无医生同意下服用。	腎臟病患者請勿在無醫生同意下服用。	tatoeba	3763535	腎臟病患者請勿在無醫生同意下服用。	CC-CEDICT	
1257	1073_1	患者	患者	huàn zhě		patient	肾脏病患者请勿在无医生同意下服用。	腎臟病患者請勿在無醫生同意下服用。	tatoeba	3763535	腎臟病患者請勿在無醫生同意下服用。	CC-CEDICT	
1258	1073_1	同意	同意	tóng yì		to agree	肾脏病患者请勿在无医生同意下服用。	腎臟病患者請勿在無醫生同意下服用。	tatoeba	3763535	腎臟病患者請勿在無醫生同意下服用。	CC-CEDICT	
1259	1073_1	服用	服用	fú yòng		to take	肾脏病患者请勿在无医生同意下服用。	腎臟病患者請勿在無醫生同意下服用。	tatoeba	3763535	腎臟病患者請勿在無醫生同意下服用。	CC-CEDICT	
1260	1074_1	魏忠贤	魏忠賢	wèi zhōng xián		Wei Zhongxian	魏忠贤是明代宦官。	魏忠賢是明代宦官。	authored			CC-CEDICT	
1261	1074_1	明代	明代	míng dài		the Ming dynasty	魏忠贤是明代宦官。	魏忠賢是明代宦官。	authored			CC-CEDICT	
1262	1074_1	宦官	宦官	huàn guān		court eunuch	魏忠贤是明代宦官。	魏忠賢是明代宦官。	authored			CC-CEDICT	
1263	1081_1	十一月	十一月	shí yī yuè		November	在中国十一月十一号是光棍节。	在中國十一月十一號是光棍節。	tatoeba	613113	在中国十一月十一号是光棍节。	CC-CEDICT	
1264	1081_1	十一	十一	shí yī		eleven	在中国十一月十一号是光棍节。	在中國十一月十一號是光棍節。	tatoeba	613113	在中国十一月十一号是光棍节。	CC-CEDICT	
1265	1081_1	光棍	光棍	guāng gùn		gangster	在中国十一月十一号是光棍节。	在中國十一月十一號是光棍節。	tatoeba	613113	在中国十一月十一号是光棍节。	CC-CEDICT	
1266	1086_1	抓紧	抓緊	zhuā jǐn		to keep a firm grip on	她抓紧时间地阅读一本畅销小说。	她抓緊時間地閱讀一本暢銷小說。	tatoeba	785084	她抓緊時間地閱讀一本暢銷小說。	CC-CEDICT	
1267	1086_1	畅销	暢銷	chàng xiāo		to sell well	她抓紧时间地阅读一本畅销小说。	她抓緊時間地閱讀一本暢銷小說。	tatoeba	785084	她抓緊時間地閱讀一本暢銷小說。	CC-CEDICT	
1268	1089_1	喉咙	喉嚨	hóu lóng		the throat	我的喉咙又干又红、又痛又痒。	我的喉嚨又幹又紅、又痛又癢。	tatoeba	1270579	我的喉嚨又乾又紅、又痛又癢。	CC-CEDICT	
1269	1100_1	清晨	清晨	qīng chén		early morning	清晨传来鸟儿的鸣叫。	清晨傳來鳥兒的鳴叫。	authored			CC-CEDICT	
1270	1100_1	鸣叫	鳴叫	míng jiào		to emit a sound	清晨传来鸟儿的鸣叫。	清晨傳來鳥兒的鳴叫。	authored			CC-CEDICT	
1271	1109_1	反叛	反叛	fǎn pàn		to rebel	反叛者践踏敌人的旗帜，以示挑衅。	反叛者踐踏敵人的旗幟，以示挑釁。	tatoeba	13153676	反叛者踐踏敵人的旗幟，以示挑釁。	CC-CEDICT	
1272	1109_1	践踏	踐踏	jiàn tà		to trample	反叛者践踏敌人的旗帜，以示挑衅。	反叛者踐踏敵人的旗幟，以示挑釁。	tatoeba	13153676	反叛者踐踏敵人的旗幟，以示挑釁。	CC-CEDICT	
1273	1109_1	敌人	敵人	dí rén		enemy	反叛者践踏敌人的旗帜，以示挑衅。	反叛者踐踏敵人的旗幟，以示挑釁。	tatoeba	13153676	反叛者踐踏敵人的旗幟，以示挑釁。	CC-CEDICT	
1274	1109_1	旗帜	旗幟	qí zhì		ensign	反叛者践踏敌人的旗帜，以示挑衅。	反叛者踐踏敵人的旗幟，以示挑釁。	tatoeba	13153676	反叛者踐踏敵人的旗幟，以示挑釁。	CC-CEDICT	
1275	1109_1	挑衅	挑釁	tiǎo xìn		to provoke	反叛者践踏敌人的旗帜，以示挑衅。	反叛者踐踏敵人的旗幟，以示挑釁。	tatoeba	13153676	反叛者踐踏敵人的旗幟，以示挑釁。	CC-CEDICT	
1276	1111_1	秦岭	秦嶺	qín lǐng		Qinling Mountain Range	秦岭横贯中国中部。	秦嶺橫貫中國中部。	authored			CC-CEDICT	
1277	1112_1	袁世凯	袁世凱	yuán shì kǎi		Yuan Shikai	袁世凯曾任中华民国大总统。	袁世凱曾任中華民國大總統。	authored			CC-CEDICT	
1278	1112_1	中华	中華	zhōng huá		Zhonghua	袁世凯曾任中华民国大总统。	袁世凱曾任中華民國大總統。	authored			CC-CEDICT	
1279	1114_1	账户	賬戶	zhàng hù		account	我认为你应该在这里开个账户。	我認為你應該在這裡開個賬戶。	tatoeba	5551197	我认为你应该在这里开个账户。	CC-CEDICT	
1280	1115_1	演唱	演唱	yǎn chàng		to sing	她在演唱会的场地贩卖毒品。	她在演唱會的場地販賣毒品。	tatoeba	811269	她在演唱会的场地贩卖毒品。	CC-CEDICT	
1281	1115_1	场地	場地	chǎng dì		space	她在演唱会的场地贩卖毒品。	她在演唱會的場地販賣毒品。	tatoeba	811269	她在演唱会的场地贩卖毒品。	CC-CEDICT	
1282	1115_1	贩卖	販賣	fàn mài		to sell	她在演唱会的场地贩卖毒品。	她在演唱會的場地販賣毒品。	tatoeba	811269	她在演唱会的场地贩卖毒品。	CC-CEDICT	
1283	1115_1	毒品	毒品	dú pǐn		drugs	她在演唱会的场地贩卖毒品。	她在演唱會的場地販賣毒品。	tatoeba	811269	她在演唱会的场地贩卖毒品。	CC-CEDICT	
1284	1116_1	随着	隨著	suí zhe		along with	随着通货膨胀的发展美元贬值了。	隨著通貨膨脹的發展美元貶值了。	tatoeba	1408044	随着通货膨胀的发展美元贬值了。	CC-CEDICT	
1285	1116_1	通货	通貨	tōng huò		currency	随着通货膨胀的发展美元贬值了。	隨著通貨膨脹的發展美元貶值了。	tatoeba	1408044	随着通货膨胀的发展美元贬值了。	CC-CEDICT	
1286	1116_1	膨胀	膨脹	péng zhàng		to expand	随着通货膨胀的发展美元贬值了。	隨著通貨膨脹的發展美元貶值了。	tatoeba	1408044	随着通货膨胀的发展美元贬值了。	CC-CEDICT	
1287	1116_1	美元	美元	měi yuán		American dollar	随着通货膨胀的发展美元贬值了。	隨著通貨膨脹的發展美元貶值了。	tatoeba	1408044	随着通货膨胀的发展美元贬值了。	CC-CEDICT	
1288	1116_1	贬值	貶值	biǎn zhí		to become devaluated	随着通货膨胀的发展美元贬值了。	隨著通貨膨脹的發展美元貶值了。	tatoeba	1408044	随着通货膨胀的发展美元贬值了。	CC-CEDICT	
1289	1118_1	地窖	地窖	dì jiào		cellar	地窖适合贮藏冬季蔬菜。	地窖適合貯藏冬季蔬菜。	authored			CC-CEDICT	
1290	1118_1	贮藏	貯藏	zhù cáng	zhǔ cáng	to store up	地窖适合贮藏冬季蔬菜。	地窖適合貯藏冬季蔬菜。	authored			CC-CEDICT	Taiwan MOE Concise Dictionary
1291	1119_1	图片	圖片	tú piàn		picture	这张图片让我想起了我的家人。	這張圖片讓我想起了我的家人。	tatoeba	1408095	这张图片让我想起了我的家人。	CC-CEDICT	
1292	1119_1	家人	家人	jiā rén		family member	这张图片让我想起了我的家人。	這張圖片讓我想起了我的家人。	tatoeba	1408095	这张图片让我想起了我的家人。	CC-CEDICT	
1293	1120_1	东海	東海	dōng hǎi		East China Sea	钓鱼岛位于东海。	釣魚島位於東海。	authored			CC-CEDICT	
1294	1121_0	修改	修改	xiū gǎi		to amend	我们想修改学校的规章制度。	我們想修改學校的規章制度。	tatoeba	1737909	我们想修改学校的规章制度。	CC-CEDICT	
1295	1121_0	规章	規章	guī zhāng		rule	我们想修改学校的规章制度。	我們想修改學校的規章制度。	tatoeba	1737909	我们想修改学校的规章制度。	CC-CEDICT	
1296	1121_0	制度	制度	zhì dù		system	我们想修改学校的规章制度。	我們想修改學校的規章制度。	tatoeba	1737909	我们想修改学校的规章制度。	CC-CEDICT	
1297	1121_1	迟到	遲到	chí dào		to arrive late	他为他的迟到制造了一个借口。	他為他的遲到製造了一個藉口。	tatoeba	437302	他为他的迟到制造了一个借口。	CC-CEDICT	
1298	1121_1	制造	製造	zhì zào		to manufacture	他为他的迟到制造了一个借口。	他為他的遲到製造了一個藉口。	tatoeba	437302	他为他的迟到制造了一个借口。	CC-CEDICT	
1299	1121_1	借口	藉口	jiè kǒu		to use as an excuse	他为他的迟到制造了一个借口。	他為他的遲到製造了一個藉口。	tatoeba	437302	他为他的迟到制造了一个借口。	CC-CEDICT	
1300	1129_0	官吏	官吏	guān lì		bureaucrat	官吏借机搜刮百姓的钱财。	官吏藉機搜刮百姓的錢財。	authored			CC-CEDICT	
1301	1129_0	搜刮	搜刮	sōu guā		to rake in	官吏借机搜刮百姓的钱财。	官吏藉機搜刮百姓的錢財。	authored			CC-CEDICT	
1302	1129_0	百姓	百姓	bǎi xìng		common people	官吏借机搜刮百姓的钱财。	官吏藉機搜刮百姓的錢財。	authored			CC-CEDICT	
1303	1129_0	钱财	錢財	qián cái		wealth	官吏借机搜刮百姓的钱财。	官吏藉機搜刮百姓的錢財。	authored			CC-CEDICT	
1304	1129_1	刮风	颳風	guā fēng		to be windy	今天有一点刮风。	今天有一點颳風。	tatoeba	1313753	今天有一点刮风。	CC-CEDICT	
1305	1141_1	与此同时	與此同時	yǔ cǐ tóng shí		at the same time	与此同时江琴分散了江枫的哥哥燕大侠的注意力。	與此同時江琴分散了江楓的哥哥燕大俠的注意力。	tatoeba	8637410	与此同时江琴分散了江枫的哥哥燕大侠的注意力。	CC-CEDICT	
1306	1141_1	分散	分散	fēn sàn		to scatter	与此同时江琴分散了江枫的哥哥燕大侠的注意力。	與此同時江琴分散了江楓的哥哥燕大俠的注意力。	tatoeba	8637410	与此同时江琴分散了江枫的哥哥燕大侠的注意力。	CC-CEDICT	
1307	1141_1	大侠	大俠	dà xiá		knight	与此同时江琴分散了江枫的哥哥燕大侠的注意力。	與此同時江琴分散了江楓的哥哥燕大俠的注意力。	tatoeba	8637410	与此同时江琴分散了江枫的哥哥燕大侠的注意力。	CC-CEDICT	
1308	1142_1	好险	好險	hǎo xiǎn		to have a close call	好险啊，还好侥幸逃过一劫。	好險啊，還好僥倖逃過一劫。	tatoeba	10042018	好险啊，还好侥幸逃过一劫。	CC-CEDICT	
1309	1142_1	还好	還好	hái hǎo		not bad	好险啊，还好侥幸逃过一劫。	好險啊，還好僥倖逃過一劫。	tatoeba	10042018	好险啊，还好侥幸逃过一劫。	CC-CEDICT	
1310	1142_1	侥幸	僥倖	jiǎo xìng		luckily	好险啊，还好侥幸逃过一劫。	好險啊，還好僥倖逃過一劫。	tatoeba	10042018	好险啊，还好侥幸逃过一劫。	CC-CEDICT	
1311	1145_1	嫌疑犯	嫌疑犯	xián yí fàn		a suspect	那嫌疑犯对侦察官撒了个谎。	那嫌疑犯對偵察官撒了個謊。	tatoeba	1223757	那嫌疑犯對偵察官撒了個謊。	CC-CEDICT	
1312	1145_1	侦察	偵察	zhēn chá		to investigate a crime	那嫌疑犯对侦察官撒了个谎。	那嫌疑犯對偵察官撒了個謊。	tatoeba	1223757	那嫌疑犯對偵察官撒了個謊。	CC-CEDICT	
1313	1147_1	两侧	兩側	liǎng cè		two sides	道路两侧种满了梧桐树。	道路兩側種滿了梧桐樹。	authored			CC-CEDICT	
1314	1147_1	梧桐	梧桐	wú tóng		wutong	道路两侧种满了梧桐树。	道路兩側種滿了梧桐樹。	authored			CC-CEDICT	
1315	1148_1	凭借	憑借	píng jiè		to rely on	那只鸟凭借自己巨大的翅膀能飞得很快。	那隻鳥憑借自己巨大的翅膀能飛得很快。	tatoeba	2085116	那只鸟凭借自己巨大的翅膀能飞得很快。	CC-CEDICT	
1316	1148_1	巨大	巨大	jù dà		huge	那只鸟凭借自己巨大的翅膀能飞得很快。	那隻鳥憑借自己巨大的翅膀能飛得很快。	tatoeba	2085116	那只鸟凭借自己巨大的翅膀能飞得很快。	CC-CEDICT	
1317	1148_1	翅膀	翅膀	chì bǎng		wing	那只鸟凭借自己巨大的翅膀能飞得很快。	那隻鳥憑借自己巨大的翅膀能飛得很快。	tatoeba	2085116	那只鸟凭借自己巨大的翅膀能飞得很快。	CC-CEDICT	
1318	1149_1	华侨	華僑	huá qiáo		overseas Chinese	许多华侨仍与故乡保持联系。	許多華僑仍與故鄉保持聯絡。	authored			CC-CEDICT	
1319	1149_1	故乡	故鄉	gù xiāng		home	许多华侨仍与故乡保持联系。	許多華僑仍與故鄉保持聯絡。	authored			CC-CEDICT	
1320	1157_1	物质	物質	wù zhì	wù zhí	matter; substance	这种剧毒物质能直接穿透皮肤。	這種劇毒物質能直接穿透皮膚。	tatoeba	13952572	这种剧毒物质能直接穿透皮肤。	CC-CEDICT	Taiwan MOE Concise Dictionary
1321	1157_1	直接	直接	zhí jiē		direct	这种剧毒物质能直接穿透皮肤。	這種劇毒物質能直接穿透皮膚。	tatoeba	13952572	这种剧毒物质能直接穿透皮肤。	CC-CEDICT	
1322	1157_1	穿透	穿透	chuān tòu		to penetrate	这种剧毒物质能直接穿透皮肤。	這種劇毒物質能直接穿透皮膚。	tatoeba	13952572	这种剧毒物质能直接穿透皮肤。	CC-CEDICT	
1323	1157_1	皮肤	皮膚	pí fū		skin	这种剧毒物质能直接穿透皮肤。	這種劇毒物質能直接穿透皮膚。	tatoeba	13952572	这种剧毒物质能直接穿透皮肤。	CC-CEDICT	
1324	1159_0	魅力	魅力	mèi lì		charm	魅力冲击视觉，美德征服心灵。	魅力衝擊視覺，美德征服心靈。	tatoeba	464955	魅力冲击视觉，美德征服心灵。	CC-CEDICT	
1325	1159_0	冲击	衝擊	chōng jī	chōng jí	to attack	魅力冲击视觉，美德征服心灵。	魅力衝擊視覺，美德征服心靈。	tatoeba	464955	魅力冲击视觉，美德征服心灵。	CC-CEDICT	Taiwan MOE Concise Dictionary
1326	1159_0	视觉	視覺	shì jué		sight	魅力冲击视觉，美德征服心灵。	魅力衝擊視覺，美德征服心靈。	tatoeba	464955	魅力冲击视觉，美德征服心灵。	CC-CEDICT	
1327	1159_0	美德	美德	měi dé		virtue	魅力冲击视觉，美德征服心灵。	魅力衝擊視覺，美德征服心靈。	tatoeba	464955	魅力冲击视觉，美德征服心灵。	CC-CEDICT	
1328	1159_0	征服	征服	zhēng fú		to conquer	魅力冲击视觉，美德征服心灵。	魅力衝擊視覺，美德征服心靈。	tatoeba	464955	魅力冲击视觉，美德征服心灵。	CC-CEDICT	
1329	1159_1	俄语	俄語	é yǔ		Russian	俄语动词的一个特征是存在体的范畴。	俄語動詞的一個特徵是存在體的範疇。	tatoeba	13519149	俄語動詞的一個特徵是存在體的範疇。	CC-CEDICT	
1330	1159_1	动词	動詞	dòng cí		verb	俄语动词的一个特征是存在体的范畴。	俄語動詞的一個特徵是存在體的範疇。	tatoeba	13519149	俄語動詞的一個特徵是存在體的範疇。	CC-CEDICT	
1331	1159_1	特征	特徵	tè zhēng		characteristic	俄语动词的一个特征是存在体的范畴。	俄語動詞的一個特徵是存在體的範疇。	tatoeba	13519149	俄語動詞的一個特徵是存在體的範疇。	CC-CEDICT	
1332	1159_1	范畴	範疇	fàn chóu		category	俄语动词的一个特征是存在体的范畴。	俄語動詞的一個特徵是存在體的範疇。	tatoeba	13519149	俄語動詞的一個特徵是存在體的範疇。	CC-CEDICT	
1333	1163_1	村庄	村莊	cūn zhuāng		village	去那个村庄的唯一途径是过河。	去那個村莊的唯一途徑是過河。	tatoeba	333396	去那个村庄的唯一途径是过河。	CC-CEDICT	
1334	1163_1	唯一	唯一	wéi yī		only	去那个村庄的唯一途径是过河。	去那個村莊的唯一途徑是過河。	tatoeba	333396	去那个村庄的唯一途径是过河。	CC-CEDICT	
1335	1163_1	途径	途徑	tú jìng		way	去那个村庄的唯一途径是过河。	去那個村莊的唯一途徑是過河。	tatoeba	333396	去那个村庄的唯一途径是过河。	CC-CEDICT	
1336	1165_0	宿舍	宿舍	sù shè		dormitory	这间宿舍住着两个美国留学生。	這間宿舍住著兩個美國留學生。	tatoeba	1567770	这间宿舍住着两个美国留学生。	CC-CEDICT	
1337	1165_0	美国	美國	měi guó		United States	这间宿舍住着两个美国留学生。	這間宿舍住著兩個美國留學生。	tatoeba	1567770	这间宿舍住着两个美国留学生。	CC-CEDICT	
1338	1165_0	留学生	留學生	liú xué shēng		student studying abroad	这间宿舍住着两个美国留学生。	這間宿舍住著兩個美國留學生。	tatoeba	1567770	这间宿舍住着两个美国留学生。	CC-CEDICT	
1339	1165_1	念旧	念舊	niàn jiù		to remember old friends	他是个念旧的人，很多东西都舍不得扔掉。	他是個念舊的人，很多東西都捨不得扔掉。	tatoeba	13939326	他是个念旧的人，很多东西都舍不得扔掉。	CC-CEDICT	
1340	1165_1	舍不得	捨不得	shě bu de	shě bù de	to hate to do sth	他是个念旧的人，很多东西都舍不得扔掉。	他是個念舊的人，很多東西都捨不得扔掉。	tatoeba	13939326	他是个念旧的人，很多东西都舍不得扔掉。	CC-CEDICT	Taiwan MOE Concise Dictionary
1341	1165_1	扔掉	扔掉	rēng diào		to throw away	他是个念旧的人，很多东西都舍不得扔掉。	他是個念舊的人，很多東西都捨不得扔掉。	tatoeba	13939326	他是个念旧的人，很多东西都舍不得扔掉。	CC-CEDICT	
1342	1173_1	寻觅	尋覓	xún mì		to look for	警方正在寻觅失踪儿童。	警方正在尋覓失蹤兒童。	authored			CC-CEDICT	
1343	1173_1	失踪	失蹤	shī zōng		to be missing	警方正在寻觅失踪儿童。	警方正在尋覓失蹤兒童。	authored			CC-CEDICT	
1344	1176_1	权势	權勢	quán shì		power	他仗著权势贪污舞弊，没想到东窗事发后妻离子散，真是恶有恶报。	他仗著權勢貪污舞弊，沒想到東窗事發後妻離子散，真是惡有惡報。	tatoeba	13917199	他仗著權勢貪污舞弊，沒想到東窗事發後妻離子散，真是惡有惡報。	CC-CEDICT	
1345	1176_1	贪污	貪污	tān wū		to be corrupt	他仗著权势贪污舞弊，没想到东窗事发后妻离子散，真是恶有恶报。	他仗著權勢貪污舞弊，沒想到東窗事發後妻離子散，真是惡有惡報。	tatoeba	13917199	他仗著權勢貪污舞弊，沒想到東窗事發後妻離子散，真是惡有惡報。	CC-CEDICT	
1346	1176_1	舞弊	舞弊	wǔ bì		to engage in fraud	他仗著权势贪污舞弊，没想到东窗事发后妻离子散，真是恶有恶报。	他仗著權勢貪污舞弊，沒想到東窗事發後妻離子散，真是惡有惡報。	tatoeba	13917199	他仗著權勢貪污舞弊，沒想到東窗事發後妻離子散，真是惡有惡報。	CC-CEDICT	
1347	1176_1	离子	離子	lí zǐ		ion	他仗著权势贪污舞弊，没想到东窗事发后妻离子散，真是恶有恶报。	他仗著權勢貪污舞弊，沒想到東窗事發後妻離子散，真是惡有惡報。	tatoeba	13917199	他仗著權勢貪污舞弊，沒想到東窗事發後妻離子散，真是惡有惡報。	CC-CEDICT	
1348	1176_1	真是	真是	zhēn shi		indeed	他仗著权势贪污舞弊，没想到东窗事发后妻离子散，真是恶有恶报。	他仗著權勢貪污舞弊，沒想到東窗事發後妻離子散，真是惡有惡報。	tatoeba	13917199	他仗著權勢貪污舞弊，沒想到東窗事發後妻離子散，真是惡有惡報。	CC-CEDICT	
1349	1176_1	恶有恶报	惡有惡報	è yǒu è bào		evil has its retribution	他仗著权势贪污舞弊，没想到东窗事发后妻离子散，真是恶有恶报。	他仗著權勢貪污舞弊，沒想到東窗事發後妻離子散，真是惡有惡報。	tatoeba	13917199	他仗著權勢貪污舞弊，沒想到東窗事發後妻離子散，真是惡有惡報。	CC-CEDICT	
1350	1178_1	贫困	貧困	pín kùn		impoverished	贫困让他学会了自己解决问题。	貧困讓他學會了自己解決問題。	tatoeba	343698	贫困让他学会了自己解决问题。	CC-CEDICT	
1351	1178_1	学会	學會	xué huì		to learn	贫困让他学会了自己解决问题。	貧困讓他學會了自己解決問題。	tatoeba	343698	贫困让他学会了自己解决问题。	CC-CEDICT	
1352	1183_1	得了	得了	dé le		contracted; got	我得了胃肿瘤，必须动手术切除。	我得了胃腫瘤，必須動手術切除。	tatoeba	339440	我得了胃腫瘤，必須動手術切除。	CC-CEDICT	
1353	1183_1	肿瘤	腫瘤	zhǒng liú		tumor	我得了胃肿瘤，必须动手术切除。	我得了胃腫瘤，必須動手術切除。	tatoeba	339440	我得了胃腫瘤，必須動手術切除。	CC-CEDICT	
1354	1183_1	手术	手術	shǒu shù		operation	我得了胃肿瘤，必须动手术切除。	我得了胃腫瘤，必須動手術切除。	tatoeba	339440	我得了胃腫瘤，必須動手術切除。	CC-CEDICT	
1355	1183_1	切除	切除	qiē chú		to excise	我得了胃肿瘤，必须动手术切除。	我得了胃腫瘤，必須動手術切除。	tatoeba	339440	我得了胃腫瘤，必須動手術切除。	CC-CEDICT	
1356	1187_1	肮脏	骯髒	āng zāng		dirty	没有肮脏的爱情, 也没有美丽的监狱。	沒有骯髒的愛情, 也沒有美麗的監獄。	tatoeba	772001	沒有骯髒的愛情, 也沒有美麗的監獄。	CC-CEDICT	
1357	1187_1	爱情	愛情	ài qíng		romance	没有肮脏的爱情, 也没有美丽的监狱。	沒有骯髒的愛情, 也沒有美麗的監獄。	tatoeba	772001	沒有骯髒的愛情, 也沒有美麗的監獄。	CC-CEDICT	
1358	1187_1	监狱	監獄	jiān yù		prison	没有肮脏的爱情, 也没有美丽的监狱。	沒有骯髒的愛情, 也沒有美麗的監獄。	tatoeba	772001	沒有骯髒的愛情, 也沒有美麗的監獄。	CC-CEDICT	
1359	1191_1	空气	空氣	kōng qì		air	空气污染将会威胁我们的生存。	空氣汙染將會威脅我們的生存。	tatoeba	604468	空气污染将会威胁我们的生存。	CC-CEDICT	
1360	1191_1	污染	汙染	wū rǎn		to pollute	空气污染将会威胁我们的生存。	空氣汙染將會威脅我們的生存。	tatoeba	604468	空气污染将会威胁我们的生存。	CC-CEDICT	
1361	1191_1	将会	將會	jiāng huì		will	空气污染将会威胁我们的生存。	空氣汙染將會威脅我們的生存。	tatoeba	604468	空气污染将会威胁我们的生存。	CC-CEDICT	
1362	1194_1	海域	海域	hǎi yù		sea area	这片海域生活着多种鱼类。	這片海域生活著多種魚類。	authored			CC-CEDICT	
1363	1194_1	多种	多種	duō zhǒng		many kinds of	这片海域生活着多种鱼类。	這片海域生活著多種魚類。	authored			CC-CEDICT	
1364	1199_1	恶魔	惡魔	è mó		demon	恶魔一把抓住了我的妹妹，一边狰狞地狂笑着，一边把她丢进了一个无底洞里。	惡魔一把抓住了我的妹妹，一邊猙獰地狂笑著，一邊把她丟進了一個無底洞裡。	tatoeba	1085704	惡魔一把抓住了我的妹妹，一邊猙獰地狂笑着，一邊把她丟進了一個無底洞裏。	CC-CEDICT	
1365	1199_1	抓住	抓住	zhuā zhù		to grab hold of	恶魔一把抓住了我的妹妹，一边狰狞地狂笑着，一边把她丢进了一个无底洞里。	惡魔一把抓住了我的妹妹，一邊猙獰地狂笑著，一邊把她丟進了一個無底洞裡。	tatoeba	1085704	惡魔一把抓住了我的妹妹，一邊猙獰地狂笑着，一邊把她丟進了一個無底洞裏。	CC-CEDICT	
1366	1199_1	妹妹	妹妹	mèi mei		younger sister	恶魔一把抓住了我的妹妹，一边狰狞地狂笑着，一边把她丢进了一个无底洞里。	惡魔一把抓住了我的妹妹，一邊猙獰地狂笑著，一邊把她丟進了一個無底洞裡。	tatoeba	1085704	惡魔一把抓住了我的妹妹，一邊猙獰地狂笑着，一邊把她丟進了一個無底洞裏。	CC-CEDICT	
1367	1199_1	狰狞	猙獰	zhēng níng		malevolent	恶魔一把抓住了我的妹妹，一边狰狞地狂笑着，一边把她丢进了一个无底洞里。	惡魔一把抓住了我的妹妹，一邊猙獰地狂笑著，一邊把她丟進了一個無底洞裡。	tatoeba	1085704	惡魔一把抓住了我的妹妹，一邊猙獰地狂笑着，一邊把她丟進了一個無底洞裏。	CC-CEDICT	
1368	1199_1	狂笑	狂笑	kuáng xiào		to howl with laughter	恶魔一把抓住了我的妹妹，一边狰狞地狂笑着，一边把她丢进了一个无底洞里。	惡魔一把抓住了我的妹妹，一邊猙獰地狂笑著，一邊把她丟進了一個無底洞裡。	tatoeba	1085704	惡魔一把抓住了我的妹妹，一邊猙獰地狂笑着，一邊把她丟進了一個無底洞裏。	CC-CEDICT	
1369	1199_1	无底	無底	wú dǐ		bottomless	恶魔一把抓住了我的妹妹，一边狰狞地狂笑着，一边把她丢进了一个无底洞里。	惡魔一把抓住了我的妹妹，一邊猙獰地狂笑著，一邊把她丟進了一個無底洞裡。	tatoeba	1085704	惡魔一把抓住了我的妹妹，一邊猙獰地狂笑着，一邊把她丟進了一個無底洞裏。	CC-CEDICT	
1370	1200_1	门铃	門鈴	mén líng		doorbell	门铃响的时候，我正准备出门。	門鈴響的時候，我正準備出門。	tatoeba	334798	门铃响的时候，我正准备出门。	CC-CEDICT	
1371	1200_1	准备	準備	zhǔn bèi		preparation	门铃响的时候，我正准备出门。	門鈴響的時候，我正準備出門。	tatoeba	334798	门铃响的时候，我正准备出门。	CC-CEDICT	
1372	1200_1	出门	出門	chū mén		to go out	门铃响的时候，我正准备出门。	門鈴響的時候，我正準備出門。	tatoeba	334798	门铃响的时候，我正准备出门。	CC-CEDICT	
1373	1201_1	玫瑰花	玫瑰花	méi guī huā		rose	她用玫瑰花装饰了她的房间。	她用玫瑰花裝飾了她的房間。	tatoeba	784578	她用玫瑰花装饰了她的房间。	CC-CEDICT	
1374	1201_1	装饰	裝飾	zhuāng shì		to decorate	她用玫瑰花装饰了她的房间。	她用玫瑰花裝飾了她的房間。	tatoeba	784578	她用玫瑰花装饰了她的房间。	CC-CEDICT	
1375	1201_1	房间	房間	fáng jiān		room	她用玫瑰花装饰了她的房间。	她用玫瑰花裝飾了她的房間。	tatoeba	784578	她用玫瑰花装饰了她的房间。	CC-CEDICT	
1376	1202_1	水汽	水汽	shuǐ qì		water vapor	空气中的水汽已经接近饱和。	空氣中的水汽已經接近飽和。	authored			CC-CEDICT	
1377	1202_1	接近	接近	jiē jìn		to approach	空气中的水汽已经接近饱和。	空氣中的水汽已經接近飽和。	authored			CC-CEDICT	
1378	1202_1	饱和	飽和	bǎo hé		saturated	空气中的水汽已经接近饱和。	空氣中的水汽已經接近飽和。	authored			CC-CEDICT	
1379	1203_1	农场	農場	nóng chǎng		farm	农场饲养了几百只鸡。	農場飼養了幾百只雞。	authored			CC-CEDICT	
1380	1203_1	饲养	飼養	sì yǎng		to raise	农场饲养了几百只鸡。	農場飼養了幾百只雞。	authored			CC-CEDICT	
1381	1204_1	经历	經歷	jīng lì		to experience	我们最近十年经历了很多变化。	我們最近十年經歷了很多變化。	tatoeba	754042	我们最近十年经历了很多变化。	CC-CEDICT	
1382	1204_1	变化	變化	biàn huà		to change	我们最近十年经历了很多变化。	我們最近十年經歷了很多變化。	tatoeba	754042	我们最近十年经历了很多变化。	CC-CEDICT	
1383	1207_1	庞大	龐大	páng dà		huge	这项工程需要一笔庞大的预算。	這項工程需要一筆龐大的預算。	preexisting			CC-CEDICT	
1384	1207_1	预算	預算	yù suàn		budget	这项工程需要一笔庞大的预算。	這項工程需要一筆龐大的預算。	preexisting			CC-CEDICT	
1385	1210_1	山顶	山頂	shān dǐng		hilltop	山顶上有一座古老神庙。	山頂上有一座古老神廟。	authored			CC-CEDICT	
1386	1210_1	古老	古老	gǔ lǎo		ancient	山顶上有一座古老神庙。	山頂上有一座古老神廟。	authored			CC-CEDICT	
1387	1210_1	神庙	神廟	shén miào		temple	山顶上有一座古老神庙。	山頂上有一座古老神廟。	authored			CC-CEDICT	
1388	1213_1	疟疾	瘧疾	nüè jí		malaria	疟疾是蚊子携带的一种疾病。	瘧疾是蚊子攜帶的一種疾病。	tatoeba	335901	疟疾是蚊子携带的一种疾病。	CC-CEDICT	
1389	1213_1	携带	攜帶	xié dài	xī dài	to carry	疟疾是蚊子携带的一种疾病。	瘧疾是蚊子攜帶的一種疾病。	tatoeba	335901	疟疾是蚊子携带的一种疾病。	CC-CEDICT	Taiwan MOE Concise Dictionary
1390	1213_1	疾病	疾病	jí bìng		disease	疟疾是蚊子携带的一种疾病。	瘧疾是蚊子攜帶的一種疾病。	tatoeba	335901	疟疾是蚊子携带的一种疾病。	CC-CEDICT	
1391	1216_1	液体	液體	yè tǐ		liquid	将液体中的溶剂挥发掉。留下来的，是香气成分与植物蜡组成的块。	將液體中的溶劑揮發掉。留下來的，是香氣成分與植物蠟組成的塊。	tatoeba	13915683	將液體中的溶劑揮發掉。留下來的，是香氣成分與植物蠟組成的塊。	CC-CEDICT	
1392	1216_1	溶剂	溶劑	róng jì		solvent	将液体中的溶剂挥发掉。留下来的，是香气成分与植物蜡组成的块。	將液體中的溶劑揮發掉。留下來的，是香氣成分與植物蠟組成的塊。	tatoeba	13915683	將液體中的溶劑揮發掉。留下來的，是香氣成分與植物蠟組成的塊。	CC-CEDICT	
1393	1216_1	挥发	揮發	huī fā		to volatilize	将液体中的溶剂挥发掉。留下来的，是香气成分与植物蜡组成的块。	將液體中的溶劑揮發掉。留下來的，是香氣成分與植物蠟組成的塊。	tatoeba	13915683	將液體中的溶劑揮發掉。留下來的，是香氣成分與植物蠟組成的塊。	CC-CEDICT	
1394	1216_1	香气	香氣	xiāng qì		fragrance	将液体中的溶剂挥发掉。留下来的，是香气成分与植物蜡组成的块。	將液體中的溶劑揮發掉。留下來的，是香氣成分與植物蠟組成的塊。	tatoeba	13915683	將液體中的溶劑揮發掉。留下來的，是香氣成分與植物蠟組成的塊。	CC-CEDICT	
1395	1216_1	成分	成分	chéng fèn		composition	将液体中的溶剂挥发掉。留下来的，是香气成分与植物蜡组成的块。	將液體中的溶劑揮發掉。留下來的，是香氣成分與植物蠟組成的塊。	tatoeba	13915683	將液體中的溶劑揮發掉。留下來的，是香氣成分與植物蠟組成的塊。	CC-CEDICT	
1396	1220_1	死刑	死刑	sǐ xíng		death penalty	死刑在美国的很多州都被废除了。	死刑在美國的很多州都被廢除了。	tatoeba	333229	死刑在美国的很多州都被废除了。	CC-CEDICT	
1397	1220_1	废除	廢除	fèi chú		to abolish	死刑在美国的很多州都被废除了。	死刑在美國的很多州都被廢除了。	tatoeba	333229	死刑在美国的很多州都被废除了。	CC-CEDICT	
1398	1227_1	缓缓	緩緩	huǎn huǎn		slowly	工作人员缓缓升起闸门。	工作人員緩緩升起閘門。	authored			CC-CEDICT	
1399	1227_1	升起	升起	shēng qǐ		to raise	工作人员缓缓升起闸门。	工作人員緩緩升起閘門。	authored			CC-CEDICT	
1400	1227_1	闸门	閘門	zhá mén		sluice gate	工作人员缓缓升起闸门。	工作人員緩緩升起閘門。	authored			CC-CEDICT	
1401	1228_1	最好	最好	zuì hǎo		best	你们这儿生意最好，这么热闹！	你們這兒生意最好，這麼熱鬧！	tatoeba	420242	你们这儿生意最好，这么热闹！	CC-CEDICT	
1402	1228_1	热闹	熱鬧	rè nao	rè nào	bustling with noise and excitement	你们这儿生意最好，这么热闹！	你們這兒生意最好，這麼熱鬧！	tatoeba	420242	你们这儿生意最好，这么热闹！	CC-CEDICT	Taiwan MOE Concise Dictionary
1403	1229_1	郑州	鄭州	zhèng zhōu		Zhengzhou	从上海坐火车到郑州需几个小时？	從上海坐火車到鄭州需幾個小時？	tatoeba	420508	从上海坐火车到郑州需几个小时？	CC-CEDICT	
1404	1229_1	小时	小時	xiǎo shí		hour	从上海坐火车到郑州需几个小时？	從上海坐火車到鄭州需幾個小時？	tatoeba	420508	从上海坐火车到郑州需几个小时？	CC-CEDICT	
1405	1231_0	一遍	一遍	yī biàn		one time	他仔细地查了一遍自己的试卷。	他仔細地查了一遍自己的試卷。	tatoeba	1977194	他仔细地查了一遍自己的试卷。	CC-CEDICT	
1406	1231_0	试卷	試卷	shì juàn		examination paper	他仔细地查了一遍自己的试卷。	他仔細地查了一遍自己的試卷。	tatoeba	1977194	他仔细地查了一遍自己的试卷。	CC-CEDICT	
1407	1231_1	卷起	捲起	juǎn qǐ		to roll up	汤姆卷起裤管，露出鲜红的袜子。	湯姆捲起褲管，露出鮮紅的襪子。	tatoeba	13539426	湯姆捲起褲管，露出鮮紅的襪子。	CC-CEDICT	
1408	1231_1	露出	露出	lù chū	lòu chū	to expose	汤姆卷起裤管，露出鲜红的袜子。	湯姆捲起褲管，露出鮮紅的襪子。	tatoeba	13539426	湯姆捲起褲管，露出鮮紅的襪子。	CC-CEDICT	Taiwan MOE Concise Dictionary
1409	1231_1	袜子	襪子	wà zi		socks	汤姆卷起裤管，露出鲜红的袜子。	湯姆捲起褲管，露出鮮紅的襪子。	tatoeba	13539426	湯姆捲起褲管，露出鮮紅的襪子。	CC-CEDICT	
1410	1232_1	出现	出現	chū xiàn		to appear	你为什么会出现在我工作单位？	你為什麼會出現在我工作單位？	tatoeba	6082450	你为什么会出现在我工作单位？	CC-CEDICT	
1411	1232_1	单位	單位	dān wèi		unit	你为什么会出现在我工作单位？	你為什麼會出現在我工作單位？	tatoeba	6082450	你为什么会出现在我工作单位？	CC-CEDICT	
1412	1238_1	炉子	爐子	lú zi		stove	不要把脏锅碗瓢盆放在炉子上，去洗。	不要把髒鍋碗瓢盆放在爐子上，去洗。	tatoeba	13556470	不要把髒鍋碗瓢盆放在爐子上，去洗。	CC-CEDICT	
1413	1240_1	浅水	淺水	qiǎn shuǐ		shallow water	孩子们在浅水区玩耍。	孩子們在淺水區玩耍。	authored			CC-CEDICT	
1414	1240_1	玩耍	玩耍	wán shuǎ		to play	孩子们在浅水区玩耍。	孩子們在淺水區玩耍。	authored			CC-CEDICT	
1415	1254_1	雨天	雨天	yǔ tiān		rainy day	下雨天足球场变得超泥泞，鞋子一踩下去就陷进去了。	下雨天足球場變得超泥濘，鞋子一踩下去就陷進去了。	tatoeba	13589999	下雨天足球場變得超泥濘，鞋子一踩下去就陷進去了。	CC-CEDICT	
1416	1254_1	足球	足球	zú qiú		soccer	下雨天足球场变得超泥泞，鞋子一踩下去就陷进去了。	下雨天足球場變得超泥濘，鞋子一踩下去就陷進去了。	tatoeba	13589999	下雨天足球場變得超泥濘，鞋子一踩下去就陷進去了。	CC-CEDICT	
1417	1254_1	泥泞	泥濘	ní nìng		muddy	下雨天足球场变得超泥泞，鞋子一踩下去就陷进去了。	下雨天足球場變得超泥濘，鞋子一踩下去就陷進去了。	tatoeba	13589999	下雨天足球場變得超泥濘，鞋子一踩下去就陷進去了。	CC-CEDICT	
1418	1254_1	鞋子	鞋子	xié zi		shoe	下雨天足球场变得超泥泞，鞋子一踩下去就陷进去了。	下雨天足球場變得超泥濘，鞋子一踩下去就陷進去了。	tatoeba	13589999	下雨天足球場變得超泥濘，鞋子一踩下去就陷進去了。	CC-CEDICT	
1419	1254_1	下去	下去	xià qù		to go down	下雨天足球场变得超泥泞，鞋子一踩下去就陷进去了。	下雨天足球場變得超泥濘，鞋子一踩下去就陷進去了。	tatoeba	13589999	下雨天足球場變得超泥濘，鞋子一踩下去就陷進去了。	CC-CEDICT	
1420	1255_1	腹泻	腹瀉	fù xiè		diarrhea	这种药可能引起腹泻。	這種藥可能引起腹瀉。	authored			CC-CEDICT	
1421	1262_1	活泼	活潑	huó po	huó pō	lively	活泼金属着火了要用沙土盖灭。	活潑金屬著火了要用沙土蓋滅。	tatoeba	13896457	活泼金属着火了要用沙土盖灭。	CC-CEDICT	Taiwan MOE Concise Dictionary
1422	1262_1	金属	金屬	jīn shǔ		metal	活泼金属着火了要用沙土盖灭。	活潑金屬著火了要用沙土蓋滅。	tatoeba	13896457	活泼金属着火了要用沙土盖灭。	CC-CEDICT	
1423	1262_1	着火	著火	zháo huǒ		to catch fire	活泼金属着火了要用沙土盖灭。	活潑金屬著火了要用沙土蓋滅。	tatoeba	13896457	活泼金属着火了要用沙土盖灭。	CC-CEDICT	
1424	1262_1	沙土	沙土	shā tǔ		sandy soil	活泼金属着火了要用沙土盖灭。	活潑金屬著火了要用沙土蓋滅。	tatoeba	13896457	活泼金属着火了要用沙土盖灭。	CC-CEDICT	
1425	1263_1	毛泽东	毛澤東	máo zé dōng		Mao Zedong	毛泽东出生于湖南韶山。	毛澤東出生於湖南韶山。	authored			CC-CEDICT	
1426	1263_1	湖南	湖南	hú nán		Hunan	毛泽东出生于湖南韶山。	毛澤東出生於湖南韶山。	authored			CC-CEDICT	
1427	1263_1	韶山	韶山	sháo shān		Shaoshan	毛泽东出生于湖南韶山。	毛澤東出生於湖南韶山。	authored			CC-CEDICT	
1428	1270_1	可怜	可憐	kě lián		pitiful	这里附近的电话亭少得可怜。	這裡附近的電話亭少得可憐。	tatoeba	466311	這裏附近的電話亭少得可憐。	CC-CEDICT	
1429	1273_1	班上	班上	bān shàng		class	他和班上的任何学生一样聪明。	他和班上的任何學生一樣聰明。	tatoeba	347097	他和班上的任何学生一样聪明。	CC-CEDICT	
1430	1273_1	聪明	聰明	cōng ming	cōng míng	intelligent	他和班上的任何学生一样聪明。	他和班上的任何學生一樣聰明。	tatoeba	347097	他和班上的任何学生一样聪明。	CC-CEDICT	Taiwan MOE Concise Dictionary
1431	1274_1	众人	眾人	zhòng rén		everyone	众人见宝玉牛心，都怪他呆痴不改。	眾人見寶玉牛心，都怪他呆痴不改。	tatoeba	13541557	眾人見寶玉牛心，都怪他獃痴不改。	CC-CEDICT	
1432	1274_1	宝玉	寶玉	bǎo yù		precious jade	众人见宝玉牛心，都怪他呆痴不改。	眾人見寶玉牛心，都怪他呆痴不改。	tatoeba	13541557	眾人見寶玉牛心，都怪他獃痴不改。	CC-CEDICT	
1433	1277_1	祖母	祖母	zǔ mǔ		father's mother	祖母特别宠爱最小的孙女。	祖母特別寵愛最小的孫女。	authored			CC-CEDICT	
1434	1277_1	特别	特別	tè bié		unusual	祖母特别宠爱最小的孙女。	祖母特別寵愛最小的孫女。	authored			CC-CEDICT	
1435	1277_1	宠爱	寵愛	chǒng ài		to dote on sb	祖母特别宠爱最小的孙女。	祖母特別寵愛最小的孫女。	authored			CC-CEDICT	
1436	1277_1	孙女	孫女	sūn nǚ		son's daughter	祖母特别宠爱最小的孙女。	祖母特別寵愛最小的孫女。	authored			CC-CEDICT	
1437	1279_1	审议	審議	shěn yì		to deliberate	委员会明天将审议这项提案。	委員會明天將審議這項提案。	preexisting			CC-CEDICT	
1438	1283_0	商店	商店	shāng diàn		store	商店拉下卷帘门后关门了。	商店拉下捲帘門後關門了。	authored			CC-CEDICT	
1439	1283_0	关门	關門	guān mén		to close a door	商店拉下卷帘门后关门了。	商店拉下捲帘門後關門了。	authored			CC-CEDICT	
1440	1283_1	绿色	綠色	lǜ sè		green	绿色的毯子和这条蓝色的帘子不配。	綠色的毯子和這條藍色的簾子不配。	tatoeba	444598	绿色的毯子和这条蓝色的帘子不配。	CC-CEDICT	
1441	1283_1	毯子	毯子	tǎn zi		blanket	绿色的毯子和这条蓝色的帘子不配。	綠色的毯子和這條藍色的簾子不配。	tatoeba	444598	绿色的毯子和这条蓝色的帘子不配。	CC-CEDICT	
1442	1283_1	蓝色	藍色	lán sè		blue	绿色的毯子和这条蓝色的帘子不配。	綠色的毯子和這條藍色的簾子不配。	tatoeba	444598	绿色的毯子和这条蓝色的帘子不配。	CC-CEDICT	
1443	1283_1	帘子	簾子	lián zi		curtain	绿色的毯子和这条蓝色的帘子不配。	綠色的毯子和這條藍色的簾子不配。	tatoeba	444598	绿色的毯子和这条蓝色的帘子不配。	CC-CEDICT	
1444	1286_1	不及格	不及格	bù jí gé		to fail	考试不及格意味着再等待一年。	考試不及格意味著再等待一年。	tatoeba	1300706	考试不及格意味着再等待一年。	CC-CEDICT	
1445	1286_1	意味	意味	yì wèi		meaning	考试不及格意味着再等待一年。	考試不及格意味著再等待一年。	tatoeba	1300706	考试不及格意味着再等待一年。	CC-CEDICT	
1446	1288_1	诗人	詩人	shī rén		bard	他不是诗人；他是个散文作家。	他不是詩人；他是個散文作家。	tatoeba	799240	他不是诗人；他是个散文作家。	CC-CEDICT	
1447	1288_1	散文	散文	sǎn wén		prose	他不是诗人；他是个散文作家。	他不是詩人；他是個散文作家。	tatoeba	799240	他不是诗人；他是个散文作家。	CC-CEDICT	
1448	1288_1	作家	作家	zuò jiā		author	他不是诗人；他是个散文作家。	他不是詩人；他是個散文作家。	tatoeba	799240	他不是诗人；他是个散文作家。	CC-CEDICT	
1449	1291_1	真诚	真誠	zhēn chéng		sincere	人们说，真正的朋友是真诚的。	人們說，真正的朋友是真誠的。	tatoeba	13531847	人們說，真正的朋友是真誠的。	CC-CEDICT	
1450	1292_1	衬衫	襯衫	chèn shān		shirt	我要一件新衬衫。你想要什么？	我要一件新襯衫。你想要什麼？	tatoeba	4621013	我要一件新衬衫。你想要什么？	CC-CEDICT	
1451	1292_1	想要	想要	xiǎng yào		to want to	我要一件新衬衫。你想要什么？	我要一件新襯衫。你想要什麼？	tatoeba	4621013	我要一件新衬衫。你想要什么？	CC-CEDICT	
1452	1294_1	极为	極為	jí wéi		extremely	所有成员都极为重视她的意见。	所有成員都極為重視她的意見。	tatoeba	1394974	所有成员都极为重视她的意见。	CC-CEDICT	
1453	1294_1	重视	重視	zhòng shì		to attach importance to sth	所有成员都极为重视她的意见。	所有成員都極為重視她的意見。	tatoeba	1394974	所有成员都极为重视她的意见。	CC-CEDICT	
1454	1296_1	旁边	旁邊	páng biān		side	坐在我旁边的男人跟我说话了。	坐在我旁邊的男人跟我說話了。	tatoeba	334075	坐在我旁边的男人跟我说话了。	CC-CEDICT	
1455	1296_1	说话	說話	shuō huà		to speak	坐在我旁边的男人跟我说话了。	坐在我旁邊的男人跟我說話了。	tatoeba	334075	坐在我旁边的男人跟我说话了。	CC-CEDICT	
1456	1297_1	诞生	誕生	dàn shēng		to be born	我们是为了死亡而诞生的。	我們是為了死亡而誕生的。	tatoeba	8686666	我们是为了死亡而诞生的。	CC-CEDICT	
1457	1298_1	天黑	天黑	tiān hēi		to get dark	天黑之后，景色变得诡异阴森。	天黑之後，景色變得詭異陰森。	tatoeba	13573156	天黑之後，景色變得詭異陰森。	CC-CEDICT	
1458	1298_1	之后	之後	zhī hòu		after	天黑之后，景色变得诡异阴森。	天黑之後，景色變得詭異陰森。	tatoeba	13573156	天黑之後，景色變得詭異陰森。	CC-CEDICT	
1459	1298_1	诡异	詭異	guǐ yì		strange	天黑之后，景色变得诡异阴森。	天黑之後，景色變得詭異陰森。	tatoeba	13573156	天黑之後，景色變得詭異陰森。	CC-CEDICT	
1460	1299_1	咨询	咨詢	zī xún		to inquire	好的，您想咨询什么事情？	好的，您想咨詢什麼事情？	tatoeba	747573	好的，您想咨询什么事情？	CC-CEDICT	
1461	1301_1	航空	航空	háng kōng		aviation	航空专家详细分析了统计数据。	航空專家詳細分析了統計資料。	tatoeba	5576759	航空专家详细分析了统计数据。	CC-CEDICT	
1462	1301_1	专家	專家	zhuān jiā		expert	航空专家详细分析了统计数据。	航空專家詳細分析了統計資料。	tatoeba	5576759	航空专家详细分析了统计数据。	CC-CEDICT	
1463	1301_1	详细	詳細	xiáng xì		detailed	航空专家详细分析了统计数据。	航空專家詳細分析了統計資料。	tatoeba	5576759	航空专家详细分析了统计数据。	CC-CEDICT	
1464	1301_1	分析	分析	fēn xī		to analyze	航空专家详细分析了统计数据。	航空專家詳細分析了統計資料。	tatoeba	5576759	航空专家详细分析了统计数据。	CC-CEDICT	
1465	1301_1	统计	統計	tǒng jì		statistics	航空专家详细分析了统计数据。	航空專家詳細分析了統計資料。	tatoeba	5576759	航空专家详细分析了统计数据。	CC-CEDICT	
1466	1301_1	数据	資料	shù jù	zī liào	data	航空专家详细分析了统计数据。	航空專家詳細分析了統計資料。	tatoeba	5576759	航空专家详细分析了统计数据。	CC-CEDICT	Taiwan MOE Concise Dictionary
1467	1303_1	严肃	嚴肅	yán sù		solemn	现在让我们谈谈严肃的事情吧！	現在讓我們談談嚴肅的事情吧！	tatoeba	7771999	现在让我们谈谈严肃的事情吧！	CC-CEDICT	
1468	1304_1	收到	收到	shōu dào		to receive	他收到大学的录取通知。	他收到大學的錄取通知。	preexisting			CC-CEDICT	
1469	1304_1	大学	大學	dà xué		university	他收到大学的录取通知。	他收到大學的錄取通知。	preexisting			CC-CEDICT	
1470	1304_1	录取	錄取	lù qǔ		to admit	他收到大学的录取通知。	他收到大學的錄取通知。	preexisting			CC-CEDICT	
1471	1304_1	通知	通知	tōng zhī		to notify	他收到大学的录取通知。	他收到大學的錄取通知。	preexisting			CC-CEDICT	
1472	1305_1	拒绝	拒絕	jù jué		to refuse	我拒绝被你像奴隶一样对待。	我拒絕被你像奴隸一樣對待。	tatoeba	796773	我拒绝被你像奴隶一样对待。	CC-CEDICT	
1473	1305_1	奴隶	奴隸	nú lì		slave	我拒绝被你像奴隶一样对待。	我拒絕被你像奴隸一樣對待。	tatoeba	796773	我拒绝被你像奴隶一样对待。	CC-CEDICT	
1474	1305_1	对待	對待	duì dài		to treat	我拒绝被你像奴隶一样对待。	我拒絕被你像奴隸一樣對待。	tatoeba	796773	我拒绝被你像奴隶一样对待。	CC-CEDICT	
1475	1313_1	佛像	佛像	fó xiàng		Buddhist image	佛像安放在雕刻精美的须弥座上。	佛像安放在雕刻精美的須彌座上。	authored			CC-CEDICT	
1476	1313_1	雕刻	雕刻	diāo kè		to carve	佛像安放在雕刻精美的须弥座上。	佛像安放在雕刻精美的須彌座上。	authored			CC-CEDICT	
1477	1313_2	消失	消失	xiāo shī		to disappear	她缓缓消失在雾气弥漫的森林中。	她緩緩消失在霧氣瀰漫的森林中。	tatoeba	13556502	她緩緩消失在霧氣瀰漫的森林中。	CC-CEDICT	
1478	1313_2	弥漫	瀰漫	mí màn		to pervade	她缓缓消失在雾气弥漫的森林中。	她緩緩消失在霧氣瀰漫的森林中。	tatoeba	13556502	她緩緩消失在霧氣瀰漫的森林中。	CC-CEDICT	
1479	1320_1	山西	山西	shān xī		Shanxi	山西在陕西的东边。	山西在陝西的東邊。	tatoeba	2030735	山西在陕西的东边。	CC-CEDICT	
1480	1320_1	陕西	陝西	shǎan xī		Shaanxi	山西在陕西的东边。	山西在陝西的東邊。	tatoeba	2030735	山西在陕西的东边。	CC-CEDICT	
1481	1320_1	东边	東邊	dōng bian	dōng biān	east	山西在陕西的东边。	山西在陝西的東邊。	tatoeba	2030735	山西在陕西的东边。	CC-CEDICT	Taiwan MOE Concise Dictionary
1482	1332_1	小心	小心	xiǎo xīn		to be careful	小心点驾驶，不然你就麻烦了。	小心點駕駛，不然你就麻煩了。	tatoeba	358181	小心点驾驶，不然你就麻烦了。	CC-CEDICT	
1483	1332_1	驾驶	駕駛	jià shǐ		to drive	小心点驾驶，不然你就麻烦了。	小心點駕駛，不然你就麻煩了。	tatoeba	358181	小心点驾驶，不然你就麻烦了。	CC-CEDICT	
1484	1332_1	不然	不然	bù rán		not so	小心点驾驶，不然你就麻烦了。	小心點駕駛，不然你就麻煩了。	tatoeba	358181	小心点驾驶，不然你就麻烦了。	CC-CEDICT	
1485	1332_1	麻烦	麻煩	má fan	má fán	trouble	小心点驾驶，不然你就麻烦了。	小心點駕駛，不然你就麻煩了。	tatoeba	358181	小心点驾驶，不然你就麻烦了。	CC-CEDICT	Taiwan MOE Concise Dictionary
1486	1334_1	年轻	年輕	nián qīng		young	几十个年轻人参加了示威游行。	幾十個年輕人參加了示威遊行。	tatoeba	335242	几十个年轻人参加了示威游行。	CC-CEDICT	
1487	1334_1	示威	示威	shì wēi		to demonstrate	几十个年轻人参加了示威游行。	幾十個年輕人參加了示威遊行。	tatoeba	335242	几十个年轻人参加了示威游行。	CC-CEDICT	
1488	1334_1	游行	遊行	yóu xíng		to march	几十个年轻人参加了示威游行。	幾十個年輕人參加了示威遊行。	tatoeba	335242	几十个年轻人参加了示威游行。	CC-CEDICT	
1489	1335_1	艰难	艱難	jiān nán		difficult	我想把这项艰难的工作留给她。	我想把這項艱難的工作留給她。	tatoeba	437299	我想把这项艰难的工作留给她。	CC-CEDICT	
1490	1335_1	留给	留給	liú gěi		to set aside for	我想把这项艰难的工作留给她。	我想把這項艱難的工作留給她。	tatoeba	437299	我想把这项艰难的工作留给她。	CC-CEDICT	
1491	1336_1	陌生	陌生	mò shēng		strange	在陌生地形中，它们会以气味标记路线，以免迷失。	在陌生地形中，它們會以氣味標記路綫，以免迷失。	tatoeba	13610510	在陌生地形中，牠們會以氣味標記路線，以免迷失。	CC-CEDICT	
1492	1336_1	地形	地形	dì xíng		topography	在陌生地形中，它们会以气味标记路线，以免迷失。	在陌生地形中，它們會以氣味標記路綫，以免迷失。	tatoeba	13610510	在陌生地形中，牠們會以氣味標記路線，以免迷失。	CC-CEDICT	
1493	1336_1	它们	它們	tā men		they	在陌生地形中，它们会以气味标记路线，以免迷失。	在陌生地形中，它們會以氣味標記路綫，以免迷失。	tatoeba	13610510	在陌生地形中，牠們會以氣味標記路線，以免迷失。	CC-CEDICT	
1494	1336_1	气味	氣味	qì wèi		odor	在陌生地形中，它们会以气味标记路线，以免迷失。	在陌生地形中，它們會以氣味標記路綫，以免迷失。	tatoeba	13610510	在陌生地形中，牠們會以氣味標記路線，以免迷失。	CC-CEDICT	
1495	1336_1	标记	標記	biāo jì		sign	在陌生地形中，它们会以气味标记路线，以免迷失。	在陌生地形中，它們會以氣味標記路綫，以免迷失。	tatoeba	13610510	在陌生地形中，牠們會以氣味標記路線，以免迷失。	CC-CEDICT	
1496	1336_1	路线	路綫	lù xiàn		itinerary	在陌生地形中，它们会以气味标记路线，以免迷失。	在陌生地形中，它們會以氣味標記路綫，以免迷失。	tatoeba	13610510	在陌生地形中，牠們會以氣味標記路線，以免迷失。	CC-CEDICT	
1497	1336_1	以免	以免	yǐ miǎn		in order to avoid	在陌生地形中，它们会以气味标记路线，以免迷失。	在陌生地形中，它們會以氣味標記路綫，以免迷失。	tatoeba	13610510	在陌生地形中，牠們會以氣味標記路線，以免迷失。	CC-CEDICT	
1498	1336_1	迷失	迷失	mí shī		to get lost	在陌生地形中，它们会以气味标记路线，以免迷失。	在陌生地形中，它們會以氣味標記路綫，以免迷失。	tatoeba	13610510	在陌生地形中，牠們會以氣味標記路線，以免迷失。	CC-CEDICT	
1499	1339_1	看上去	看上去	kàn shang qu		it would appear	他看上去是一个十足的绅士。	他看上去是一個十足的紳士。	tatoeba	332590	他看上去是一个十足的绅士。	CC-CEDICT	
1500	1339_1	十足	十足	shí zú		ample	他看上去是一个十足的绅士。	他看上去是一個十足的紳士。	tatoeba	332590	他看上去是一个十足的绅士。	CC-CEDICT	
1501	1339_1	绅士	紳士	shēn shì		gentleman	他看上去是一个十足的绅士。	他看上去是一個十足的紳士。	tatoeba	332590	他看上去是一个十足的绅士。	CC-CEDICT	
1502	1340_1	人体	人體	rén tǐ		human body	人体的组织是由细胞构成的。	人體的組織是由細胞構成的。	tatoeba	3567594	人体的组织是由细胞构成的。	CC-CEDICT	
1503	1340_1	细胞	細胞	xì bāo		cell	人体的组织是由细胞构成的。	人體的組織是由細胞構成的。	tatoeba	3567594	人体的组织是由细胞构成的。	CC-CEDICT	
1504	1343_1	小马	小馬	xiǎo mǎ		colt	小马驹紧跟着母马奔跑。	小馬駒緊跟著母馬奔跑。	authored			CC-CEDICT	
1505	1343_1	奔跑	奔跑	bēn pǎo		to run	小马驹紧跟着母马奔跑。	小馬駒緊跟著母馬奔跑。	authored			CC-CEDICT	
1506	1345_1	驻地	駐地	zhù dì		station	记者抵达了部队驻地。	記者抵達了部隊駐地。	authored			CC-CEDICT	
1507	1346_1	家门	家門	jiā mén		house door	进家门后，我被垫子绊倒了。	進家門後，我被墊子絆倒了。	tatoeba	336692	进家门后，我被垫子绊倒了。	CC-CEDICT	
1508	1346_1	垫子	墊子	diàn zi		cushion	进家门后，我被垫子绊倒了。	進家門後，我被墊子絆倒了。	tatoeba	336692	进家门后，我被垫子绊倒了。	CC-CEDICT	
1509	1346_1	绊倒	絆倒	bàn dǎo		to trip	进家门后，我被垫子绊倒了。	進家門後，我被墊子絆倒了。	tatoeba	336692	进家门后，我被垫子绊倒了。	CC-CEDICT	
1510	1347_1	骆驼	駱駝	luò tuo	luò tuó	camel	骆驼，这么说吧，也就是沙漠中的船。	駱駝，這麼說吧，也就是沙漠中的船。	tatoeba	512804	骆驼，这么说吧，也就是沙漠中的船。	CC-CEDICT	Taiwan MOE Concise Dictionary
1511	1347_1	也就是	也就是	yě jiù shì		in other words	骆驼，这么说吧，也就是沙漠中的船。	駱駝，這麼說吧，也就是沙漠中的船。	tatoeba	512804	骆驼，这么说吧，也就是沙漠中的船。	CC-CEDICT	
1512	1347_1	沙漠	沙漠	shā mò		desert	骆驼，这么说吧，也就是沙漠中的船。	駱駝，這麼說吧，也就是沙漠中的船。	tatoeba	512804	骆驼，这么说吧，也就是沙漠中的船。	CC-CEDICT	
1513	1349_1	旋律	旋律	xuán lǜ		melody	这段旋律的演绎真是完美无瑕。	這段旋律的演繹真是完美無瑕。	tatoeba	13971865	这段旋律的演绎真是完美无瑕。	CC-CEDICT	
1514	1349_1	演绎	演繹	yǎn yì		to unfold	这段旋律的演绎真是完美无瑕。	這段旋律的演繹真是完美無瑕。	tatoeba	13971865	这段旋律的演绎真是完美无瑕。	CC-CEDICT	
1515	1349_1	完美无瑕	完美無瑕	wán měi wú xiá		flawless	这段旋律的演绎真是完美无瑕。	這段旋律的演繹真是完美無瑕。	tatoeba	13971865	这段旋律的演绎真是完美无瑕。	CC-CEDICT	
1516	1351_1	贯彻	貫徹	guàn chè		to implement	各部门必须贯彻这项政策。	各部門必須貫徹這項政策。	authored			CC-CEDICT	
1517	1351_1	政策	政策	zhèng cè		policy	各部门必须贯彻这项政策。	各部門必須貫徹這項政策。	authored			CC-CEDICT	
1518	1353_1	臣子	臣子	chén zǐ		official in feudal court	臣子若怀贰心，君主必会猜忌。	臣子若懷貳心，君主必會猜忌。	authored			CC-CEDICT	
1519	1353_1	贰心	貳心	èr xīn		disloyalty	臣子若怀贰心，君主必会猜忌。	臣子若懷貳心，君主必會猜忌。	authored			CC-CEDICT	
1520	1353_1	猜忌	猜忌	cāi jì		to be suspicious and jealous of	臣子若怀贰心，君主必会猜忌。	臣子若懷貳心，君主必會猜忌。	authored			CC-CEDICT	
1521	1356_1	地图	地圖	dì tú		map	地图帮助我们知道所在的位置。	地圖幫助我們知道所在的位置。	tatoeba	346480	地图帮助我们知道所在的位置。	CC-CEDICT	
1522	1356_1	所在	所在	suǒ zài		place	地图帮助我们知道所在的位置。	地圖幫助我們知道所在的位置。	tatoeba	346480	地图帮助我们知道所在的位置。	CC-CEDICT	
1523	1356_1	位置	位置	wèi zhi	wèi zhì	position	地图帮助我们知道所在的位置。	地圖幫助我們知道所在的位置。	tatoeba	346480	地图帮助我们知道所在的位置。	CC-CEDICT	Taiwan MOE Concise Dictionary
1524	1370_1	项目	項目	xiàng mù		item	他从大一就开始参与开源项目。	他從大一就開始參與開源項目。	tatoeba	1839148	他从大一就开始参与开源项目。	CC-CEDICT	
1525	1374_1	绑匪	綁匪	bǎng fěi		kidnapper	绑匪企图用人质要挟警方。	綁匪企圖用人質要挾警方。	authored			CC-CEDICT	
1526	1374_1	企图	企圖	qǐ tú	qì tú	to attempt	绑匪企图用人质要挟警方。	綁匪企圖用人質要挾警方。	authored			CC-CEDICT	Taiwan MOE Concise Dictionary
1527	1374_1	人质	人質	rén zhì		hostage	绑匪企图用人质要挟警方。	綁匪企圖用人質要挾警方。	authored			CC-CEDICT	
1528	1375_1	上天	上天	shàng tiān		Heaven	如果上天不赐福于我，我相信它会阻挠我。	如果上天不賜福於我，我相信它會阻撓我。	tatoeba	3031982	如果上天不赐福于我，我相信它会阻挠我。	CC-CEDICT	
1529	1375_1	赐福	賜福	cì fú	sì fú	to bless	如果上天不赐福于我，我相信它会阻挠我。	如果上天不賜福於我，我相信它會阻撓我。	tatoeba	3031982	如果上天不赐福于我，我相信它会阻挠我。	CC-CEDICT	Taiwan MOE Concise Dictionary
1530	1375_1	阻挠	阻撓	zǔ náo		to thwart	如果上天不赐福于我，我相信它会阻挠我。	如果上天不賜福於我，我相信它會阻撓我。	tatoeba	3031982	如果上天不赐福于我，我相信它会阻挠我。	CC-CEDICT	
1531	1378_1	三国	三國	sān guó		Three Kingdoms period in Chinese history	赵云是三国时期的名将。	趙雲是三國時期的名將。	authored			CC-CEDICT	
1532	1378_1	名将	名將	míng jiàng		famous general	赵云是三国时期的名将。	趙雲是三國時期的名將。	authored			CC-CEDICT	
1533	1379_1	抵挡	抵擋	dǐ dǎng		to resist	没有男人能够抵挡女人的诱惑。	沒有男人能夠抵擋女人的誘惑。	tatoeba	1561580	没有男人能够抵挡女人的诱惑。	CC-CEDICT	
1534	1379_1	女人	女人	nǚ rén		woman	没有男人能够抵挡女人的诱惑。	沒有男人能夠抵擋女人的誘惑。	tatoeba	1561580	没有男人能够抵挡女人的诱惑。	CC-CEDICT	
1535	1379_1	诱惑	誘惑	yòu huò		to entice	没有男人能够抵挡女人的诱惑。	沒有男人能夠抵擋女人的誘惑。	tatoeba	1561580	没有男人能够抵挡女人的诱惑。	CC-CEDICT	
1536	1390_1	前面	前面	qián miàn		ahead	前面的情节为结局作了铺垫。	前面的情節為結局作了鋪墊。	authored			CC-CEDICT	
1537	1390_1	情节	情節	qíng jié		circumstances	前面的情节为结局作了铺垫。	前面的情節為結局作了鋪墊。	authored			CC-CEDICT	
1538	1390_1	结局	結局	jié jú		conclusion	前面的情节为结局作了铺垫。	前面的情節為結局作了鋪墊。	authored			CC-CEDICT	
1539	1392_1	下班	下班	xià bān		to finish work	上下班时间，公共汽车特别拥挤。	上下班時間，公共汽車特別擁擠。	tatoeba	5147509	上下班时间，公共汽车特别拥挤。	CC-CEDICT	
1540	1392_1	公共	公共	gōng gòng		public	上下班时间，公共汽车特别拥挤。	上下班時間，公共汽車特別擁擠。	tatoeba	5147509	上下班时间，公共汽车特别拥挤。	CC-CEDICT	
1541	1392_1	拥挤	擁擠	yōng jǐ	yǒng jǐ	crowded	上下班时间，公共汽车特别拥挤。	上下班時間，公共汽車特別擁擠。	tatoeba	5147509	上下班时间，公共汽车特别拥挤。	CC-CEDICT	Taiwan MOE Concise Dictionary
1542	1396_1	狮子	獅子	shī zi		lion	狮子听从驯兽师的指挥。	獅子聽從馴獸師的指揮。	tatoeba	2626332	狮子听从驯兽师的指挥。	CC-CEDICT	
1543	1396_1	听从	聽從	tīng cóng		to listen and obey	狮子听从驯兽师的指挥。	獅子聽從馴獸師的指揮。	tatoeba	2626332	狮子听从驯兽师的指挥。	CC-CEDICT	
1544	1396_1	指挥	指揮	zhǐ huī		to conduct	狮子听从驯兽师的指挥。	獅子聽從馴獸師的指揮。	tatoeba	2626332	狮子听从驯兽师的指挥。	CC-CEDICT	
1545	1405_1	推荐	推薦	tuī jiàn		to recommend	汤姆向他们推荐了那本小说。	湯姆向他們推薦了那本小說。	tatoeba	2023775	汤姆向他们推荐了那本小说。	CC-CEDICT	
1546	1407_1	革命	革命	gé mìng		revolution	这场革命已经带来了很多改变。	這場革命已經帶來了很多改變。	tatoeba	478782	这场革命已经带来了很多改变。	CC-CEDICT	
1547	1407_1	改变	改變	gǎi biàn		to change	这场革命已经带来了很多改变。	這場革命已經帶來了很多改變。	tatoeba	478782	这场革命已经带来了很多改变。	CC-CEDICT	
1548	1414_1	正是	正是	zhèng shì		is precisely	正是在危机时期能够看出中小型企业比大型企业更能稳定直面动荡。	正是在危機時期能夠看出中小型企業比大型企業更能穩定直面動蕩。	tatoeba	4913702	正是在危机时期能够看出中小型企业比大型企业更能稳定直面动荡。	CC-CEDICT	
1549	1414_1	危机	危機	wēi jī	wéi jī	crisis	正是在危机时期能够看出中小型企业比大型企业更能稳定直面动荡。	正是在危機時期能夠看出中小型企業比大型企業更能穩定直面動蕩。	tatoeba	4913702	正是在危机时期能够看出中小型企业比大型企业更能稳定直面动荡。	CC-CEDICT	Taiwan MOE Concise Dictionary
1550	1414_1	看出	看出	kàn chū		to make out	正是在危机时期能够看出中小型企业比大型企业更能稳定直面动荡。	正是在危機時期能夠看出中小型企業比大型企業更能穩定直面動蕩。	tatoeba	4913702	正是在危机时期能够看出中小型企业比大型企业更能稳定直面动荡。	CC-CEDICT	
1551	1414_1	小型	小型	xiǎo xíng		small scale	正是在危机时期能够看出中小型企业比大型企业更能稳定直面动荡。	正是在危機時期能夠看出中小型企業比大型企業更能穩定直面動蕩。	tatoeba	4913702	正是在危机时期能够看出中小型企业比大型企业更能稳定直面动荡。	CC-CEDICT	
1552	1414_1	大型	大型	dà xíng		large	正是在危机时期能够看出中小型企业比大型企业更能稳定直面动荡。	正是在危機時期能夠看出中小型企業比大型企業更能穩定直面動蕩。	tatoeba	4913702	正是在危机时期能够看出中小型企业比大型企业更能稳定直面动荡。	CC-CEDICT	
1553	1414_1	稳定	穩定	wěn dìng		steady	正是在危机时期能够看出中小型企业比大型企业更能稳定直面动荡。	正是在危機時期能夠看出中小型企業比大型企業更能穩定直面動蕩。	tatoeba	4913702	正是在危机时期能够看出中小型企业比大型企业更能稳定直面动荡。	CC-CEDICT	
1554	1414_1	直面	直面	zhí miàn		to face	正是在危机时期能够看出中小型企业比大型企业更能稳定直面动荡。	正是在危機時期能夠看出中小型企業比大型企業更能穩定直面動蕩。	tatoeba	4913702	正是在危机时期能够看出中小型企业比大型企业更能稳定直面动荡。	CC-CEDICT	
1555	1414_1	动荡	動蕩	dòng dàng		unrest	正是在危机时期能够看出中小型企业比大型企业更能稳定直面动荡。	正是在危機時期能夠看出中小型企業比大型企業更能穩定直面動蕩。	tatoeba	4913702	正是在危机时期能够看出中小型企业比大型企业更能稳定直面动荡。	CC-CEDICT	
1556	1415_1	视为	視為	shì wéi		to view as	他把这个奖视为最高荣誉。	他把這個獎視為最高榮譽。	tatoeba	343960	他把这个奖视为最高荣誉。	CC-CEDICT	
1557	1415_1	荣誉	榮譽	róng yù		honor	他把这个奖视为最高荣誉。	他把這個獎視為最高榮譽。	tatoeba	343960	他把这个奖视为最高荣誉。	CC-CEDICT	
1558	1416_1	吃素	吃素	chī sù		to be a vegetarian	她吃素，从来不碰荤腥。	她吃素，從來不碰葷腥。	authored			CC-CEDICT	
1559	1416_1	从来	從來	cóng lái		always	她吃素，从来不碰荤腥。	她吃素，從來不碰葷腥。	authored			CC-CEDICT	
1560	1417_1	材料	材料	cái liào		material	这种材料在紫外线下会发出荧光。	這種材料在紫外線下會發出熒光。	authored			CC-CEDICT	
1561	1417_1	紫外	紫外	zǐ wài		ultraviolet	这种材料在紫外线下会发出荧光。	這種材料在紫外線下會發出熒光。	authored			CC-CEDICT	
1562	1417_1	发出	發出	fā chū		to issue	这种材料在紫外线下会发出荧光。	這種材料在紫外線下會發出熒光。	authored			CC-CEDICT	
1563	1417_1	荧光	熒光	yíng guāng		fluorescence	这种材料在紫外线下会发出荧光。	這種材料在紫外線下會發出熒光。	authored			CC-CEDICT	
1564	1419_0	胡同	胡同	hú tòng	hú tóng	lane	胡同是一种跟中国北京有关的窄街路。	胡同是一種跟中國北京有關的窄街路。	tatoeba	747604	胡同是一种跟中国北京有关的窄街路。	CC-CEDICT	Taiwan MOE Concise Dictionary
1565	1419_0	有关	有關	yǒu guān		to have sth to do with	胡同是一种跟中国北京有关的窄街路。	胡同是一種跟中國北京有關的窄街路。	tatoeba	747604	胡同是一种跟中国北京有关的窄街路。	CC-CEDICT	
1566	1419_1	胡子	鬍子	hú zi		beard	光有胡子是不能成为哲学家的。	光有鬍子是不能成為哲學家的。	tatoeba	796118	光有胡子是不能成为哲学家的。	CC-CEDICT	
1567	1420_1	老人	老人	lǎo rén		old man or woman	老人坐在树荫下乘凉。	老人坐在樹蔭下乘涼。	authored			CC-CEDICT	
1568	1420_1	乘凉	乘涼	chéng liáng		to enjoy the cool	老人坐在树荫下乘凉。	老人坐在樹蔭下乘涼。	authored			CC-CEDICT	
1569	1423_1	药物	藥物	yào wù		medicaments	将你需要的药物写在这张纸上。	將你需要的藥物寫在這張紙上。	tatoeba	10699373	将你需要的药物写在这张纸上。	CC-CEDICT	
1570	1424_1	主要	主要	zhǔ yào		main	他解释了这个计划的主要目标。	他解釋了這個計劃的主要目標。	tatoeba	669025	他解释了这个计划的主要目标。	CC-CEDICT	
1571	1425_1	旅人	旅人	lǚ rén		traveler	旅人在山脚的客栈住了一晚。	旅人在山腳的客棧住了一晚。	authored			CC-CEDICT	
1572	1425_1	山脚	山腳	shān jiǎo		foot of a mountain	旅人在山脚的客栈住了一晚。	旅人在山腳的客棧住了一晚。	authored			CC-CEDICT	
1573	1429_1	青年	青年	qīng nián		youth	青年将成为国家的栋梁。	青年將成為國家的棟梁。	authored			CC-CEDICT	
1574	1429_1	栋梁	棟梁	dòng liáng		ridgepole	青年将成为国家的栋梁。	青年將成為國家的棟梁。	authored			CC-CEDICT	
1575	1437_1	栏杆	欄杆	lán gān		railing	栏杆上晾著几件刚洗好的衣服。	欄杆上晾著幾件剛洗好的衣服。	tatoeba	13914277	欄杆上晾著幾件剛洗好的衣服。	CC-CEDICT	
1576	1438_1	柠檬	檸檬	níng méng		lemon	你要喝什么茶？泡壶柠檬红茶好吧？	你要喝什麼茶？泡壺檸檬紅茶好吧？	tatoeba	420774	你要喝什么茶？泡壶柠檬红茶好吧？	CC-CEDICT	
1577	1439_1	树立	樹立	shù lì		to set up	你应该给你的孩子们树立好榜样。	你應該給你的孩子們樹立好榜樣。	tatoeba	5900381	你应该给你的孩子们树立好榜样。	CC-CEDICT	
1578	1439_1	榜样	榜樣	bǎng yàng		model	你应该给你的孩子们树立好榜样。	你應該給你的孩子們樹立好榜樣。	tatoeba	5900381	你应该给你的孩子们树立好榜样。	CC-CEDICT	
1579	1443_0	周末	週末	zhōu mò		weekend	我们周末去咸宁泡温泉。	我們週末去咸寧泡溫泉。	authored			CC-CEDICT	
1580	1443_1	早餐	早餐	zǎo cān		breakfast	早餐配白粥和咸蛋。	早餐配白粥和鹹蛋。	authored			CC-CEDICT	
1581	1443_1	白粥	白粥	bái zhōu		plain rice congee	早餐配白粥和咸蛋。	早餐配白粥和鹹蛋。	authored			CC-CEDICT	
1582	1453_1	书桌	書桌	shū zhuō		desk	书桌上摆着笔砚。	書桌上擺著筆硯。	authored			CC-CEDICT	
1583	1453_1	笔砚	筆硯	bǐ yàn		writing brush and ink stone	书桌上摆着笔砚。	書桌上擺著筆硯。	authored			CC-CEDICT	
1584	1455_0	化学	化學	huà xué		chemistry	我发现了他在化学方面的天赋。	我發現了他在化學方面的天賦。	tatoeba	335402	我发现了他在化学方面的天赋。	CC-CEDICT	
1585	1455_0	方面	方面	fāng miàn		respect	我发现了他在化学方面的天赋。	我發現了他在化學方面的天賦。	tatoeba	335402	我发现了他在化学方面的天赋。	CC-CEDICT	
1586	1455_0	天赋	天賦	tiān fù		gift	我发现了他在化学方面的天赋。	我發現了他在化學方面的天賦。	tatoeba	335402	我发现了他在化学方面的天赋。	CC-CEDICT	
1587	1455_1	长得	長得	zhǎng de		to look	这些长得像面条一样的文字是什么？	這些長得像麵條一樣的文字是什麼？	tatoeba	13983727	这些长得像面条一样的文字是什么？	CC-CEDICT	
1588	1455_1	面条	麵條	miàn tiáo		noodles	这些长得像面条一样的文字是什么？	這些長得像麵條一樣的文字是什麼？	tatoeba	13983727	这些长得像面条一样的文字是什么？	CC-CEDICT	
1589	1455_1	文字	文字	wén zì		character	这些长得像面条一样的文字是什么？	這些長得像麵條一樣的文字是什麼？	tatoeba	13983727	这些长得像面条一样的文字是什么？	CC-CEDICT	
1590	1458_1	机车	機車	jī chē		locomotive	机车负责牵引后面的车厢。	機車負責牽引後面的車廂。	authored			CC-CEDICT	
1591	1458_1	牵引	牽引	qiān yǐn		to pull	机车负责牵引后面的车厢。	機車負責牽引後面的車廂。	authored			CC-CEDICT	
1592	1458_1	后面	後面	hòu mian	hòu miàn	the back	机车负责牵引后面的车厢。	機車負責牽引後面的車廂。	authored			CC-CEDICT	Taiwan MOE Concise Dictionary
1593	1458_1	车厢	車廂	chē xiāng		carriage	机车负责牵引后面的车厢。	機車負責牽引後面的車廂。	authored			CC-CEDICT	
1594	1459_1	海鸥	海鷗	hǎi ōu		gull	海鸦与海鸥栖息在同一地区。	海鴉與海鷗棲息在同一地區。	tatoeba	13155919	海鴉與海鷗棲息在同一地區。	CC-CEDICT	
1595	1459_1	栖息	棲息	qī xī	qī xí	to perch	海鸦与海鸥栖息在同一地区。	海鴉與海鷗棲息在同一地區。	tatoeba	13155919	海鴉與海鷗棲息在同一地區。	CC-CEDICT	Taiwan MOE Concise Dictionary
1596	1459_1	同一	同一	tóng yī		identical	海鸦与海鸥栖息在同一地区。	海鴉與海鷗棲息在同一地區。	tatoeba	13155919	海鴉與海鷗棲息在同一地區。	CC-CEDICT	
1597	1460_1	不忍	不忍	bù rěn		cannot bear to	我不忍目睹这种残酷的行径。	我不忍目睹這種殘酷的行徑。	tatoeba	2054116	我不忍目睹这种残酷的行径。	CC-CEDICT	
1598	1460_1	目睹	目睹	mù dǔ		to witness	我不忍目睹这种残酷的行径。	我不忍目睹這種殘酷的行徑。	tatoeba	2054116	我不忍目睹这种残酷的行径。	CC-CEDICT	
1599	1460_1	残酷	殘酷	cán kù		cruel	我不忍目睹这种残酷的行径。	我不忍目睹這種殘酷的行徑。	tatoeba	2054116	我不忍目睹这种残酷的行径。	CC-CEDICT	
1600	1460_1	行径	行徑	xíng jìng		conduct	我不忍目睹这种残酷的行径。	我不忍目睹這種殘酷的行徑。	tatoeba	2054116	我不忍目睹这种残酷的行径。	CC-CEDICT	
1601	1462_1	宫殿	宮殿	gōng diàn		palace	宫殿沿着中轴线排列。	宮殿沿著中軸線排列。	authored			CC-CEDICT	
1602	1462_1	沿着	沿著	yán zhe		to go along	宫殿沿着中轴线排列。	宮殿沿著中軸線排列。	authored			CC-CEDICT	
1603	1462_1	轴线	軸線	zhóu xiàn		central axis	宫殿沿着中轴线排列。	宮殿沿著中軸線排列。	authored			CC-CEDICT	
1604	1462_1	排列	排列	pái liè		to arrange in order	宫殿沿着中轴线排列。	宮殿沿著中軸線排列。	authored			CC-CEDICT	
1605	1463_1	一定	一定	yī dìng		surely	我爸爸年轻的时候一定很英俊。	我爸爸年輕的時候一定很英俊。	tatoeba	334228	我爸爸年轻的时候一定很英俊。	CC-CEDICT	
1606	1463_1	英俊	英俊	yīng jùn		handsome	我爸爸年轻的时候一定很英俊。	我爸爸年輕的時候一定很英俊。	tatoeba	334228	我爸爸年轻的时候一定很英俊。	CC-CEDICT	
1607	1464_1	宗教	宗教	zōng jiào		religion	宗教是人民的鸦片。	宗教是人民的鴉片。	tatoeba	704189	宗教是人民的鸦片。	CC-CEDICT	
1608	1464_1	人民	人民	rén mín		the people	宗教是人民的鸦片。	宗教是人民的鴉片。	tatoeba	704189	宗教是人民的鸦片。	CC-CEDICT	
1609	1464_1	鸦片	鴉片	yā piàn		opium	宗教是人民的鸦片。	宗教是人民的鴉片。	tatoeba	704189	宗教是人民的鸦片。	CC-CEDICT	
1610	1468_1	从来没有	從來沒有	cóng lái méi yǒu		there has never been	我从来没有相信过战争是好的。	我從來沒有相信過戰爭是好的。	tatoeba	462003	我从来没有相信过战争是好的。	CC-CEDICT	
1611	1471_1	事先	事先	shì xiān		in advance	事先打个招呼，别叫我临时抓瞎。	事先打個招呼，別叫我臨時抓瞎。	tatoeba	3709297	事先打个招呼，别叫我临时抓瞎。	CC-CEDICT	
1612	1471_1	临时	臨時	lín shí		as the time draws near	事先打个招呼，别叫我临时抓瞎。	事先打個招呼，別叫我臨時抓瞎。	tatoeba	3709297	事先打个招呼，别叫我临时抓瞎。	CC-CEDICT	
1613	1471_1	抓瞎	抓瞎	zhuā xiā		to be caught unprepared	事先打个招呼，别叫我临时抓瞎。	事先打個招呼，別叫我臨時抓瞎。	tatoeba	3709297	事先打个招呼，别叫我临时抓瞎。	CC-CEDICT	
1614	1472_1	提供	提供	tí gōng		to offer	报告开头提供了项目概览。	報告開頭提供了專案概覽。	authored			CC-CEDICT	
1615	1473_1	竖起	竪起	shù qǐ		to erect	我竖起了耳朵听。	我竪起了耳朵聽。	tatoeba	881759	我豎起了耳朵聽。	CC-CEDICT	
1616	1473_1	耳朵	耳朵	ěr duo	ěr duǒ	ear	我竖起了耳朵听。	我竪起了耳朵聽。	tatoeba	881759	我豎起了耳朵聽。	CC-CEDICT	Taiwan MOE Concise Dictionary
1617	1476_1	尝试	嘗試	cháng shì		to try	如果你尝试的话，你会成功的。	如果你嘗試的話，你會成功的。	tatoeba	782245	如果你尝试的话，你会成功的。	CC-CEDICT	
1618	1484_1	哑巴	啞巴	yǎ ba	yǎ bā	a mute	王强像个哑巴一样坐在那，一句话也不说。	王強像個啞巴一樣坐在那，一句話也不說。	tatoeba	13950557	王强像个哑巴一样坐在那，一句话也不说。	CC-CEDICT	Taiwan MOE Concise Dictionary
1619	1484_1	一句	一句	yī jù		a line of verse	王强像个哑巴一样坐在那，一句话也不说。	王強像個啞巴一樣坐在那，一句話也不說。	tatoeba	13950557	王强像个哑巴一样坐在那，一句话也不说。	CC-CEDICT	
1620	1485_1	有了	有了	yǒu le		I've got a solution!	我妹妹的英语有了明显的进步。	我妹妹的英語有了明顯的進步。	tatoeba	791512	我妹妹的英语有了明显的进步。	CC-CEDICT	
1621	1485_1	明显	明顯	míng xiǎn		clear	我妹妹的英语有了明显的进步。	我妹妹的英語有了明顯的進步。	tatoeba	791512	我妹妹的英语有了明显的进步。	CC-CEDICT	
1622	1485_1	进步	進步	jìn bù		progress	我妹妹的英语有了明显的进步。	我妹妹的英語有了明顯的進步。	tatoeba	791512	我妹妹的英语有了明显的进步。	CC-CEDICT	
1623	1498_1	出售	出售	chū shòu		to sell	市场上出售新鲜虾子。	市場上出售新鮮蝦子。	authored			CC-CEDICT	
1624	1498_1	新鲜	新鮮	xīn xiān		fresh	市场上出售新鲜虾子。	市場上出售新鮮蝦子。	authored			CC-CEDICT	
1625	1499_1	一排	一排	yī pái		row	有一排蚂蚁在厨房里进进出出。	有一排螞蟻在廚房裡進進出出。	tatoeba	1167166	有一排蚂蚁在厨房里进进出出。	CC-CEDICT	
1626	1499_1	蚂蚁	螞蟻	mǎ yǐ		ant	有一排蚂蚁在厨房里进进出出。	有一排螞蟻在廚房裡進進出出。	tatoeba	1167166	有一排蚂蚁在厨房里进进出出。	CC-CEDICT	
1627	1499_1	厨房	廚房	chú fáng		kitchen	有一排蚂蚁在厨房里进进出出。	有一排螞蟻在廚房裡進進出出。	tatoeba	1167166	有一排蚂蚁在厨房里进进出出。	CC-CEDICT	
1628	1502_1	虽然	雖然	suī rán		although	虽然时髦一点，但是价钱太大！	雖然時髦一點，但是價錢太大！	tatoeba	420712	虽然时髦一点，但是价钱太大！	CC-CEDICT	
1629	1502_1	时髦	時髦	shí máo		in vogue	虽然时髦一点，但是价钱太大！	雖然時髦一點，但是價錢太大！	tatoeba	420712	虽然时髦一点，但是价钱太大！	CC-CEDICT	
1630	1502_1	价钱	價錢	jià qian	jià qián	price	虽然时髦一点，但是价钱太大！	雖然時髦一點，但是價錢太大！	tatoeba	420712	虽然时髦一点，但是价钱太大！	CC-CEDICT	Taiwan MOE Concise Dictionary
1631	1505_1	骂人	駡人	mà rén		to swear or curse	你为什么要骂人家？	你為什麼要駡人家？	tatoeba	419956	你为什么要骂人家？	CC-CEDICT	
1632	1506_1	授予	授予	shòu yǔ		to award	这名士兵被授予紫心勋章。	這名士兵被授予紫心勛章。	tatoeba	13539910	這名士兵被授予紫心勳章。	CC-CEDICT	
1633	1506_1	勋章	勛章	xūn zhāng		medal	这名士兵被授予紫心勋章。	這名士兵被授予紫心勛章。	tatoeba	13539910	這名士兵被授予紫心勳章。	CC-CEDICT	
1634	1507_1	安静	安靜	ān jìng		quiet	请安静，在剧院中禁止喧哗。	請安靜，在劇院中禁止喧嘩。	tatoeba	353608	请安静，在剧院中禁止喧哗。	CC-CEDICT	
1635	1507_1	剧院	劇院	jù yuàn		theater	请安静，在剧院中禁止喧哗。	請安靜，在劇院中禁止喧嘩。	tatoeba	353608	请安静，在剧院中禁止喧哗。	CC-CEDICT	
1636	1507_1	禁止	禁止	jìn zhǐ		to prohibit	请安静，在剧院中禁止喧哗。	請安靜，在劇院中禁止喧嘩。	tatoeba	353608	请安静，在剧院中禁止喧哗。	CC-CEDICT	
1637	1507_1	喧哗	喧嘩	xuān huá		hubbub	请安静，在剧院中禁止喧哗。	請安靜，在劇院中禁止喧嘩。	tatoeba	353608	请安静，在剧院中禁止喧哗。	CC-CEDICT	
1638	1509_1	车辆	車輛	chē liàng		vehicle	车辆增多会影响到城市的环境。	車輛增多會影響到城市的環境。	tatoeba	1577372	车辆增多会影响到城市的环境。	CC-CEDICT	
1639	1509_1	增多	增多	zēng duō		to increase	车辆增多会影响到城市的环境。	車輛增多會影響到城市的環境。	tatoeba	1577372	车辆增多会影响到城市的环境。	CC-CEDICT	
1640	1516_1	钥匙	鑰匙	yào shi		key	啊哟，我把钥匙忘在家里了！	啊喲，我把鑰匙忘在家裡了！	authored			CC-CEDICT	
1641	1516_1	家里	家裡	jiā lǐ		home	啊哟，我把钥匙忘在家里了！	啊喲，我把鑰匙忘在家裡了！	authored			CC-CEDICT	
1642	1518_1	三峡	三峽	sān xiá		Three Gorges	长江三峡景色壮丽。	長江三峽景色壯麗。	authored			CC-CEDICT	
1643	1519_1	一错再错	一錯再錯	yī cuò zài cuò		to repeat errors	你一错再错，当然会被处罚。	你一錯再錯，當然會被處罰。	tatoeba	351043	你一錯再錯，當然會被處罰。	CC-CEDICT	
1644	1519_1	当然	當然	dāng rán		only natural	你一错再错，当然会被处罚。	你一錯再錯，當然會被處罰。	tatoeba	351043	你一錯再錯，當然會被處罰。	CC-CEDICT	
1645	1519_1	处罚	處罰	chǔ fá		to penalize	你一错再错，当然会被处罚。	你一錯再錯，當然會被處罰。	tatoeba	351043	你一錯再錯，當然會被處罰。	CC-CEDICT	
1646	1520_1	愤怒	憤怒	fèn nù		angry	他愤怒地骂对方是贱人。	他憤怒地罵對方是賤人。	authored			CC-CEDICT	
1647	1520_1	对方	對方	duì fāng		the other person	他愤怒地骂对方是贱人。	他憤怒地罵對方是賤人。	authored			CC-CEDICT	
1648	1521_1	每月	每月	měi yuè		each month	公司每月发放交通津贴。	公司每月發放交通津貼。	authored			CC-CEDICT	
1649	1521_1	发放	發放	fā fàng		to provide	公司每月发放交通津贴。	公司每月發放交通津貼。	authored			CC-CEDICT	
1650	1521_1	津贴	津貼	jīn tiē		allowance	公司每月发放交通津贴。	公司每月發放交通津貼。	authored			CC-CEDICT	
1651	1522_1	拖延	拖延	tuō yán		to delay	拖延可能贻误最佳治疗时机。	拖延可能貽誤最佳治療時機。	authored			CC-CEDICT	
1652	1522_1	贻误	貽誤	yí wù		to affect adversely	拖延可能贻误最佳治疗时机。	拖延可能貽誤最佳治療時機。	authored			CC-CEDICT	
1653	1522_1	最佳	最佳	zuì jiā		optimum	拖延可能贻误最佳治疗时机。	拖延可能貽誤最佳治療時機。	authored			CC-CEDICT	
1654	1522_1	时机	時機	shí jī		opportunity	拖延可能贻误最佳治疗时机。	拖延可能貽誤最佳治療時機。	authored			CC-CEDICT	
1655	1525_1	含有	含有	hán yǒu		to contain	牛奶含有丰富的钙质。	牛奶含有豐富的鈣質。	authored			CC-CEDICT	
1656	1526_1	大雄	大雄	dà xióng		great hero	大雄是只迟钝龟。	大雄是隻遲鈍龜。	tatoeba	1661530	大雄是隻遲鈍龜。	CC-CEDICT	
1657	1526_1	迟钝	遲鈍	chí dùn		slow in one's reactions	大雄是只迟钝龟。	大雄是隻遲鈍龜。	tatoeba	1661530	大雄是隻遲鈍龜。	CC-CEDICT	
1658	1527_1	钞票	鈔票	chāo piào		paper money	我经常用信用卡，而不是钞票。	我經常用信用卡，而不是鈔票。	tatoeba	8935386	我经常用信用卡，而不是钞票。	CC-CEDICT	
1659	1529_1	那里	那裡	nà li	nà lǐ	there	那里有许多雏菊围绕着钢铁大厦。	那裡有許多雛菊圍繞著鋼鐵大廈。	tatoeba	4844805	那里有许多雏菊围绕着钢铁大厦。	CC-CEDICT	Taiwan MOE Concise Dictionary
1660	1529_1	雏菊	雛菊	chú jú		daisy	那里有许多雏菊围绕着钢铁大厦。	那裡有許多雛菊圍繞著鋼鐵大廈。	tatoeba	4844805	那里有许多雏菊围绕着钢铁大厦。	CC-CEDICT	
1661	1529_1	围绕	圍繞	wéi rào		to revolve around	那里有许多雏菊围绕着钢铁大厦。	那裡有許多雛菊圍繞著鋼鐵大廈。	tatoeba	4844805	那里有许多雏菊围绕着钢铁大厦。	CC-CEDICT	
1662	1529_1	钢铁	鋼鐵	gāng tiě		steel	那里有许多雏菊围绕着钢铁大厦。	那裡有許多雛菊圍繞著鋼鐵大廈。	tatoeba	4844805	那里有许多雏菊围绕着钢铁大厦。	CC-CEDICT	
1663	1529_1	大厦	大廈	dà shà	dà xià	large building	那里有许多雏菊围绕着钢铁大厦。	那裡有許多雛菊圍繞著鋼鐵大廈。	tatoeba	4844805	那里有许多雏菊围绕着钢铁大厦。	CC-CEDICT	Taiwan MOE Concise Dictionary
1664	1530_1	氢氧化钠	氫氧化鈉	qīng yǎng huà nà		sodium hydroxide NaOH	氢氧化钠具有强腐蚀性。	氫氧化鈉具有強腐蝕性。	authored			CC-CEDICT	
1665	1530_1	腐蚀	腐蝕	fǔ shí		corrosion	氢氧化钠具有强腐蚀性。	氫氧化鈉具有強腐蝕性。	authored			CC-CEDICT	
1666	1531_1	哪儿	哪兒	nǎ r		where?	我不记得我把钥匙放在哪儿了。	我不記得我把鑰匙放在哪兒了。	tatoeba	678960	我不记得我把钥匙放在哪儿了。	CC-CEDICT	
1667	1532_1	朝廷	朝廷	cháo tíng		court	朝廷派钦差前往当地调查。	朝廷派欽差前往當地調查。	authored			CC-CEDICT	
1668	1532_1	前往	前往	qián wǎng		to leave for	朝廷派钦差前往当地调查。	朝廷派欽差前往當地調查。	authored			CC-CEDICT	
1669	1533_1	消防员	消防員	xiāo fáng yuán		firefighter	消防员在千钧一发之际救出了孩子。	消防員在千鈞一髮之際救出了孩子。	authored			CC-CEDICT	
1670	1533_1	之际	之際	zhī jì		during	消防员在千钧一发之际救出了孩子。	消防員在千鈞一髮之際救出了孩子。	authored			CC-CEDICT	
1671	1533_1	救出	救出	jiù chū		to rescue	消防员在千钧一发之际救出了孩子。	消防員在千鈞一髮之際救出了孩子。	authored			CC-CEDICT	
1672	1534_1	渔夫	漁夫	yú fū		fisherman	渔夫用铁钩拉起渔网。	漁夫用鐵鈎拉起漁網。	authored			CC-CEDICT	
1673	1534_1	铁钩	鐵鈎	tiě gōu		iron hook	渔夫用铁钩拉起渔网。	漁夫用鐵鈎拉起漁網。	authored			CC-CEDICT	
1674	1534_1	渔网	漁網	yú wǎng		fishing net	渔夫用铁钩拉起渔网。	漁夫用鐵鈎拉起漁網。	authored			CC-CEDICT	
1675	1535_1	按钮	按鈕	àn niǔ		to push a button	你要做的就是按这个按钮拍照。	你要做的就是按這個按鈕拍照。	tatoeba	1335406	你要做的就是按这个按钮拍照。	CC-CEDICT	
1676	1535_1	拍照	拍照	pāi zhào		to take a picture	你要做的就是按这个按钮拍照。	你要做的就是按這個按鈕拍照。	tatoeba	1335406	你要做的就是按这个按钮拍照。	CC-CEDICT	
1677	1541_1	工匠	工匠	gōng jiàng		artisan	工匠把羊毛压成毛毡。	工匠把羊毛壓成毛氈。	authored			CC-CEDICT	
1678	1541_1	毛毡	毛氈	máo zhān		felt	工匠把羊毛压成毛毡。	工匠把羊毛壓成毛氈。	authored			CC-CEDICT	
1679	1542_1	氢气	氫氣	qīng qì		hydrogen	氢气是一种很轻的气体。	氫氣是一種很輕的氣體。	authored			CC-CEDICT	
1680	1542_1	气体	氣體	qì tǐ		gas	氢气是一种很轻的气体。	氫氣是一種很輕的氣體。	authored			CC-CEDICT	
1681	1545_1	民主	民主	mín zhǔ		democracy	民主主义是多数选举的独裁。	民主主義是多數選舉的獨裁。	tatoeba	774709	民主主义是多数选举的独裁。	CC-CEDICT	
1682	1545_1	多数	多數	duō shù		majority	民主主义是多数选举的独裁。	民主主義是多數選舉的獨裁。	tatoeba	774709	民主主义是多数选举的独裁。	CC-CEDICT	
1683	1545_1	选举	選舉	xuǎn jǔ		to elect	民主主义是多数选举的独裁。	民主主義是多數選舉的獨裁。	tatoeba	774709	民主主义是多数选举的独裁。	CC-CEDICT	
1684	1545_1	独裁	獨裁	dú cái		dictatorship	民主主义是多数选举的独裁。	民主主義是多數選舉的獨裁。	tatoeba	774709	民主主义是多数选举的独裁。	CC-CEDICT	
1685	1546_1	眼睛	眼睛	yǎn jing	yǎn jīng	eye	我们的眼睛需要时间来适应黑暗。	我們的眼睛需要時間來適應黑暗。	tatoeba	334396	我们的眼睛需要时间来适应黑暗。	CC-CEDICT	Taiwan MOE Concise Dictionary
1686	1546_1	适应	適應	shì yìng		to adapt	我们的眼睛需要时间来适应黑暗。	我們的眼睛需要時間來適應黑暗。	tatoeba	334396	我们的眼睛需要时间来适应黑暗。	CC-CEDICT	
1687	1546_1	黑暗	黑暗	hēi àn		dark	我们的眼睛需要时间来适应黑暗。	我們的眼睛需要時間來適應黑暗。	tatoeba	334396	我们的眼睛需要时间来适应黑暗。	CC-CEDICT	
1688	1549_0	北宋	北宋	běi sòng		the Northern Song Dynasty	种师道是北宋末年的将领。	种師道是北宋末年的將領。	authored			CC-CEDICT	
1689	1549_0	末年	末年	mò nián		the final years	种师道是北宋末年的将领。	种師道是北宋末年的將領。	authored			CC-CEDICT	
1690	1549_0	将领	將領	jiàng lǐng		high-ranking military officer	种师道是北宋末年的将领。	种師道是北宋末年的將領。	authored			CC-CEDICT	
1691	1549_1	秘密	秘密	mì mì		secret	这种秘密总有一天会被揭露的。	這種秘密總有一天會被揭露的。	tatoeba	332596	这种秘密总有一天会被揭露的。	CC-CEDICT	
1692	1549_1	揭露	揭露	jiē lù		to expose	这种秘密总有一天会被揭露的。	這種秘密總有一天會被揭露的。	tatoeba	332596	这种秘密总有一天会被揭露的。	CC-CEDICT	
1693	1550_0	思想家	思想家	sī xiǎng jiā		thinker	春秋时期出现了许多思想家。	春秋時期出現了許多思想家。	authored			CC-CEDICT	
1694	1553_1	暴风	暴風	bào fēng		windstorm	暴风雨后，大海恢复了平静。	暴風雨後，大海恢復了平靜。	tatoeba	375389	暴风雨后，大海恢复了平静。	CC-CEDICT	
1695	1553_1	大海	大海	dà hǎi		sea	暴风雨后，大海恢复了平静。	暴風雨後，大海恢復了平靜。	tatoeba	375389	暴风雨后，大海恢复了平静。	CC-CEDICT	
1696	1553_1	恢复	恢復	huī fù		to reinstate	暴风雨后，大海恢复了平静。	暴風雨後，大海恢復了平靜。	tatoeba	375389	暴风雨后，大海恢复了平静。	CC-CEDICT	
1697	1553_1	平静	平靜	píng jìng		calm	暴风雨后，大海恢复了平静。	暴風雨後，大海恢復了平靜。	tatoeba	375389	暴风雨后，大海恢复了平静。	CC-CEDICT	
1698	1557_1	坐下	坐下	zuò xia	zuò xià	to sit down	咱俩坐下来慢慢谈。	咱倆坐下來慢慢談。	authored			CC-CEDICT	Taiwan MOE Concise Dictionary
1699	1557_1	慢慢	慢慢	màn màn		slowly	咱俩坐下来慢慢谈。	咱倆坐下來慢慢談。	authored			CC-CEDICT	
1700	1558_1	客户	客戶	kè hù		client	银行对风险客户收取较高的贷款利息。	銀行對風險客戶收取較高的貸款利息。	tatoeba	332651	银行对风险客户收取较高的贷款利息。	CC-CEDICT	
1701	1558_1	收取	收取	shōu qǔ		to receive	银行对风险客户收取较高的贷款利息。	銀行對風險客戶收取較高的貸款利息。	tatoeba	332651	银行对风险客户收取较高的贷款利息。	CC-CEDICT	
1702	1558_1	贷款	貸款	dài kuǎn		a loan	银行对风险客户收取较高的贷款利息。	銀行對風險客戶收取較高的貸款利息。	tatoeba	332651	银行对风险客户收取较高的贷款利息。	CC-CEDICT	
1703	1558_1	利息	利息	lì xī	lì xí	interest	银行对风险客户收取较高的贷款利息。	銀行對風險客戶收取較高的貸款利息。	tatoeba	332651	银行对风险客户收取较高的贷款利息。	CC-CEDICT	Taiwan MOE Concise Dictionary
1704	1559_1	好像	好像	hǎo xiàng		as if	他好像做甚么事也顺顺利利的。	他好像做甚麼事也順順利利的。	tatoeba	362628	他好像做甚麼事也順順利利的。	CC-CEDICT	
1705	1559_1	顺利	順利	shùn lì		smoothly	他好像做甚么事也顺顺利利的。	他好像做甚麼事也順順利利的。	tatoeba	362628	他好像做甚麼事也順順利利的。	CC-CEDICT	
1706	1567_1	始终	始終	shǐ zhōng		from beginning to end	他始终保持俭朴的生活作风。	他始終保持儉朴的生活作風。	authored			CC-CEDICT	
1707	1567_1	作风	作風	zuò fēng		style	他始终保持俭朴的生活作风。	他始終保持儉朴的生活作風。	authored			CC-CEDICT	
1708	1585_2	胡须	鬍鬚	hú xū		beard	光有胡须不能造就一位哲学家。	光有鬍鬚不能造就一位哲學家。	tatoeba	828676	光有鬍鬚不能造就一位哲學家。	CC-CEDICT	
1709	1585_2	造就	造就	zào jiù		to bring up	光有胡须不能造就一位哲学家。	光有鬍鬚不能造就一位哲學家。	tatoeba	828676	光有鬍鬚不能造就一位哲學家。	CC-CEDICT	
1710	1587_1	剑法	劍法	jiàn fǎ		fencing	三千六百个剑法，你却学贱。	三千六百個劍法，你卻學賤。	tatoeba	11545754	三千六百个剑法，你却学贱。	CC-CEDICT	
1711	1592_1	远处	遠處	yuǎn chù		distant place	远处的山影显得十分朦胧。	遠處的山影顯得十分朦朧。	authored			CC-CEDICT	
1712	1592_1	朦胧	朦朧	méng lóng		dim	远处的山影显得十分朦胧。	遠處的山影顯得十分朦朧。	authored			CC-CEDICT	
1713	1593_1	大胆	大膽	dà dǎn		brazen	我对你的大胆感到很惊讶。	我對你的大膽感到很驚訝。	tatoeba	335317	我对你的大胆感到很惊讶。	CC-CEDICT	
1714	1594_1	取得	取得	qǔ dé		to acquire	脱贫攻坚工作取得决定性胜利。	脫貧攻堅工作取得決定性勝利。	tatoeba	9842643	脱贫攻坚工作取得决定性胜利。	CC-CEDICT	
1715	1600_1	狭窄	狹窄	xiá zhǎi		narrow	他在一条狭窄的道路上走。	他在一條狹窄的道路上走。	tatoeba	3625821	他在一条狭窄的道路上走。	CC-CEDICT	
1716	1601_1	相互	相互	xiāng hù		each other	狮子为了得到食物相互争斗。	獅子為了得到食物相互爭鬥。	tatoeba	335493	狮子为了得到食物相互争斗。	CC-CEDICT	
1717	1601_1	争斗	爭鬥	zhēng dòu		to struggle	狮子为了得到食物相互争斗。	獅子為了得到食物相互爭鬥。	tatoeba	335493	狮子为了得到食物相互争斗。	CC-CEDICT	
1718	1602_1	独立	獨立	dú lì		independent	他生活独立，不依靠他的父母。	他生活獨立，不依靠他的父母。	tatoeba	2448765	他生活独立，不依靠他的父母。	CC-CEDICT	
1719	1602_1	依靠	依靠	yī kào		to rely on	他生活独立，不依靠他的父母。	他生活獨立，不依靠他的父母。	tatoeba	2448765	他生活独立，不依靠他的父母。	CC-CEDICT	
1720	1605_1	酒醉	酒醉	jiǔ zuì		to become drunk	酒醉者醒来时处于监狱里了。	酒醉者醒來時處於監獄裡了。	tatoeba	842236	酒醉者醒来时处于监狱里了。	CC-CEDICT	
1721	1605_1	醒来	醒來	xǐng lái		to waken	酒醉者醒来时处于监狱里了。	酒醉者醒來時處於監獄裡了。	tatoeba	842236	酒醉者醒来时处于监狱里了。	CC-CEDICT	
1722	1605_1	处于	處於	chǔ yú		to be in	酒醉者醒来时处于监狱里了。	酒醉者醒來時處於監獄裡了。	tatoeba	842236	酒醉者醒来时处于监狱里了。	CC-CEDICT	
1723	1607_1	海外	海外	hǎi wài		overseas	日本和好几个海外国家做贸易。	日本和好幾個海外國家做貿易。	tatoeba	512435	日本和好几个海外国家做贸易。	CC-CEDICT	
1724	1610_1	诱饵	誘餌	yòu ěr		bait	用这个当诱饵啊？	用這個當誘餌啊？	tatoeba	13511765	用這個當誘餌啊？	CC-CEDICT	
1725	1611_1	土地	土地	tǔ dì		land	这片土地富饶而美丽。	這片土地富饒而美麗。	authored			CC-CEDICT	
1726	1612_1	海浪	海浪	hǎi làng		sea wave	海浪不断侵蚀岸边的岩石。	海浪不斷侵蝕岸邊的岩石。	authored			CC-CEDICT	
1727	1612_1	侵蚀	侵蝕	qīn shí		to erode	海浪不断侵蚀岸边的岩石。	海浪不斷侵蝕岸邊的岩石。	authored			CC-CEDICT	
1728	1612_1	岸边	岸邊	àn biān		shore	海浪不断侵蚀岸边的岩石。	海浪不斷侵蝕岸邊的岩石。	authored			CC-CEDICT	
1729	1613_1	饺子	餃子	jiǎo zi		dumpling	饺子是年夜饭桌上必不可少的。	餃子是年夜飯桌上必不可少的。	tatoeba	756987	饺子是年夜饭桌上必不可少的。	CC-CEDICT	
1730	1613_1	年夜饭	年夜飯	nián yè fàn		reunion dinner on Lunar New Year's Eve	饺子是年夜饭桌上必不可少的。	餃子是年夜飯桌上必不可少的。	tatoeba	756987	饺子是年夜饭桌上必不可少的。	CC-CEDICT	
1731	1614_1	路边	路邊	lù biān		curb	我在路边买了两个烧饼。	我在路邊買了兩個燒餅。	authored			CC-CEDICT	
1732	1614_1	烧饼	燒餅	shāo bing	shāo bǐng	baked sesame seed-coated cake	我在路边买了两个烧饼。	我在路邊買了兩個燒餅。	authored			CC-CEDICT	Taiwan MOE Concise Dictionary
1733	1615_1	层层	層層	céng céng		layer upon layer	层层山峦消失在云雾中。	層層山巒消失在雲霧中。	authored			CC-CEDICT	
1734	1615_1	山峦	山巒	shān luán		mountain range	层层山峦消失在云雾中。	層層山巒消失在雲霧中。	authored			CC-CEDICT	
1735	1615_1	云雾	雲霧	yún wù		clouds and mist	层层山峦消失在云雾中。	層層山巒消失在雲霧中。	authored			CC-CEDICT	
1736	1616_1	爱因斯坦	愛因斯坦	ài yīn sī tǎn		Albert Einstein	爱因斯坦预测太阳的引力会弯曲光线。	愛因斯坦預測太陽的引力會彎曲光線。	tatoeba	5685867	爱因斯坦预测太阳的引力会弯曲光线。	CC-CEDICT	
1737	1616_1	预测	預測	yù cè		to forecast	爱因斯坦预测太阳的引力会弯曲光线。	愛因斯坦預測太陽的引力會彎曲光線。	tatoeba	5685867	爱因斯坦预测太阳的引力会弯曲光线。	CC-CEDICT	
1738	1616_1	引力	引力	yǐn lì		gravitation	爱因斯坦预测太阳的引力会弯曲光线。	愛因斯坦預測太陽的引力會彎曲光線。	tatoeba	5685867	爱因斯坦预测太阳的引力会弯曲光线。	CC-CEDICT	
1739	1616_1	光线	光線	guāng xiàn		light ray	爱因斯坦预测太阳的引力会弯曲光线。	愛因斯坦預測太陽的引力會彎曲光線。	tatoeba	5685867	爱因斯坦预测太阳的引力会弯曲光线。	CC-CEDICT	
1740	1617_1	杀死	殺死	shā sǐ		to kill	将军下令杀死了所有的战俘。	將軍下令殺死了所有的戰俘。	tatoeba	711089	将军下令杀死了所有的战俘。	CC-CEDICT	
1741	1617_1	战俘	戰俘	zhàn fú		prisoner of war	将军下令杀死了所有的战俘。	將軍下令殺死了所有的戰俘。	tatoeba	711089	将军下令杀死了所有的战俘。	CC-CEDICT	
1742	1618_1	奖励	奬勵	jiǎng lì		to reward	他被奖励了一块金表。	他被奬勵了一塊金錶。	tatoeba	1883541	他被奖励了一块金表。	CC-CEDICT	
1743	1625_1	增加	增加	zēng jiā		to raise	久坐可能增加患痔疮的风险。	久坐可能增加患痔瘡的風險。	authored			CC-CEDICT	
1744	1625_1	痔疮	痔瘡	zhì chuāng		hemorrhoid	久坐可能增加患痔疮的风险。	久坐可能增加患痔瘡的風險。	authored			CC-CEDICT	
1745	1626_1	无色	無色	wú sè		colorless	无色的绿色的观念疯狂地睡觉。	無色的綠色的觀念瘋狂地睡覺。	tatoeba	719067	无色的绿色的观念疯狂地睡觉。	CC-CEDICT	
1746	1626_1	观念	觀念	guān niàn		notion	无色的绿色的观念疯狂地睡觉。	無色的綠色的觀念瘋狂地睡覺。	tatoeba	719067	无色的绿色的观念疯狂地睡觉。	CC-CEDICT	
1747	1626_1	疯狂	瘋狂	fēng kuáng		crazy	无色的绿色的观念疯狂地睡觉。	無色的綠色的觀念瘋狂地睡覺。	tatoeba	719067	无色的绿色的观念疯狂地睡觉。	CC-CEDICT	
1748	1626_1	睡觉	睡覺	shuì jiào		to go to bed	无色的绿色的观念疯狂地睡觉。	無色的綠色的觀念瘋狂地睡覺。	tatoeba	719067	无色的绿色的观念疯狂地睡觉。	CC-CEDICT	
1749	1631_1	接管	接管	jiē guǎn		to take over	在他父亲死后，他接管了公司。	在他父親死後，他接管了公司。	tatoeba	346834	在他父亲死后，他接管了公司。	CC-CEDICT	
1750	1635_1	好久	好久	hǎo jiǔ		for a long time	好久没见到我家闺女了。	好久沒見到我家閨女了。	tatoeba	11241247	好久没见到我家闺女了。	CC-CEDICT	
1751	1635_1	见到	見到	jiàn dào		to see	好久没见到我家闺女了。	好久沒見到我家閨女了。	tatoeba	11241247	好久没见到我家闺女了。	CC-CEDICT	
1752	1635_1	闺女	閨女	guī nü	guī nǚ	maiden	好久没见到我家闺女了。	好久沒見到我家閨女了。	tatoeba	11241247	好久没见到我家闺女了。	CC-CEDICT	Taiwan MOE Concise Dictionary
1753	1636_1	有趣	有趣	yǒu qù		interesting	报纸上有很多有趣的新闻和故事。	報紙上有很多有趣的新聞和故事。	tatoeba	11837197	报纸上有很多有趣的新闻和故事。	CC-CEDICT	
1754	1636_1	新闻	新聞	xīn wén		news	报纸上有很多有趣的新闻和故事。	報紙上有很多有趣的新聞和故事。	tatoeba	11837197	报纸上有很多有趣的新闻和故事。	CC-CEDICT	
1755	1636_1	故事	故事	gù shi	gù shì	story	报纸上有很多有趣的新闻和故事。	報紙上有很多有趣的新聞和故事。	tatoeba	11837197	报纸上有很多有趣的新闻和故事。	CC-CEDICT	Taiwan MOE Concise Dictionary
1756	1637_1	闽江	閩江	mǐn jiāng		Min River	闽江流经福建省。	閩江流經福建省。	authored			CC-CEDICT	
1757	1637_1	福建省	福建省	fú jiàn shěng		Fujian Province	闽江流经福建省。	閩江流經福建省。	authored			CC-CEDICT	
1758	1638_1	军阀	軍閥	jūn fá		military clique	军阀混战给百姓带来灾难。	軍閥混戰給百姓帶來災難。	authored			CC-CEDICT	
1759	1638_1	混战	混戰	hùn zhàn		chaotic warfare	军阀混战给百姓带来灾难。	軍閥混戰給百姓帶來災難。	authored			CC-CEDICT	
1760	1638_1	灾难	災難	zāi nàn		disaster	军阀混战给百姓带来灾难。	軍閥混戰給百姓帶來災難。	authored			CC-CEDICT	
1761	1639_1	政权	政權	zhèng quán		regime	行政权与立法权融合于内阁，施政有效率。	行政權與立法權融合於內閣，施政有效率。	tatoeba	6142255	行政權與立法權融合於內閣，施政有效率。	CC-CEDICT	
1762	1639_1	立法	立法	lì fǎ		to enact laws	行政权与立法权融合于内阁，施政有效率。	行政權與立法權融合於內閣，施政有效率。	tatoeba	6142255	行政權與立法權融合於內閣，施政有效率。	CC-CEDICT	
1763	1639_1	融合	融合	róng hé		a mixture	行政权与立法权融合于内阁，施政有效率。	行政權與立法權融合於內閣，施政有效率。	tatoeba	6142255	行政權與立法權融合於內閣，施政有效率。	CC-CEDICT	
1764	1639_1	内阁	內閣	nèi gé		cabinet	行政权与立法权融合于内阁，施政有效率。	行政權與立法權融合於內閣，施政有效率。	tatoeba	6142255	行政權與立法權融合於內閣，施政有效率。	CC-CEDICT	
1765	1639_1	施政	施政	shī zhèng		administration	行政权与立法权融合于内阁，施政有效率。	行政權與立法權融合於內閣，施政有效率。	tatoeba	6142255	行政權與立法權融合於內閣，施政有效率。	CC-CEDICT	
1766	1639_1	效率	效率	xiào lǜ		efficiency	行政权与立法权融合于内阁，施政有效率。	行政權與立法權融合於內閣，施政有效率。	tatoeba	6142255	行政權與立法權融合於內閣，施政有效率。	CC-CEDICT	
1767	1641_1	海面	海面	hǎi miàn		the surface of the sea	平静的海面培养不出优秀的水手。	平靜的海面培養不出優秀的水手。	tatoeba	13893752	平静的海面培养不出优秀的水手。	CC-CEDICT	
1768	1641_1	培养	培養	péi yǎng		to cultivate	平静的海面培养不出优秀的水手。	平靜的海面培養不出優秀的水手。	tatoeba	13893752	平静的海面培养不出优秀的水手。	CC-CEDICT	
1769	1641_1	优秀	優秀	yōu xiù		outstanding	平静的海面培养不出优秀的水手。	平靜的海面培養不出優秀的水手。	tatoeba	13893752	平静的海面培养不出优秀的水手。	CC-CEDICT	
1770	1641_1	水手	水手	shuǐ shǒu		sailor	平静的海面培养不出优秀的水手。	平靜的海面培養不出優秀的水手。	tatoeba	13893752	平静的海面培养不出优秀的水手。	CC-CEDICT	
1771	1643_0	姜太公	姜太公	jiāng tài gōng		Jiang Taigong	姜太公是中国传说中的人物。	姜太公是中國傳說中的人物。	authored			CC-CEDICT	
1772	1643_1	生姜	生薑	shēng jiāng		fresh ginger	汤里放了一片生姜。	湯裡放了一片生薑。	authored			CC-CEDICT	
1773	1646_1	第一次	第一次	dì yī cì		the first time	那是人类第一次在月球上行走。	那是人類第一次在月球上行走。	tatoeba	333857	那是人类第一次在月球上行走。	CC-CEDICT	
1774	1646_1	月球	月球	yuè qiú		the moon	那是人类第一次在月球上行走。	那是人類第一次在月球上行走。	tatoeba	333857	那是人类第一次在月球上行走。	CC-CEDICT	
1775	1646_1	行走	行走	xíng zǒu		to walk	那是人类第一次在月球上行走。	那是人類第一次在月球上行走。	tatoeba	333857	那是人类第一次在月球上行走。	CC-CEDICT	
1776	1649_1	湖南省	湖南省	hú nán shěng		Hunan Province	娄底位于湖南省中部。	婁底位於湖南省中部。	authored			CC-CEDICT	
1777	1654_1	总理	總理	zǒng lǐ		premier	总理的发言估计激怒了在野党。	總理的發言估計激怒了在野黨。	tatoeba	830358	總理的發言估計激怒了在野黨。	CC-CEDICT	
1778	1654_1	估计	估計	gū jì		to estimate	总理的发言估计激怒了在野党。	總理的發言估計激怒了在野黨。	tatoeba	830358	總理的發言估計激怒了在野黨。	CC-CEDICT	
1779	1654_1	激怒	激怒	jī nù		to infuriate	总理的发言估计激怒了在野党。	總理的發言估計激怒了在野黨。	tatoeba	830358	總理的發言估計激怒了在野黨。	CC-CEDICT	
1780	1655_1	每天	每天	měi tiān		every day	他每天清晨在山中修炼。	他每天清晨在山中修煉。	authored			CC-CEDICT	
1781	1655_1	修炼	修煉	xiū liàn		to practice austerities	他每天清晨在山中修炼。	他每天清晨在山中修煉。	authored			CC-CEDICT	
1782	1657_1	闪烁	閃爍	shǎn shuò		to glisten	她的眼睛闪烁着喜悦的光芒。	她的眼睛閃爍著喜悅的光芒。	tatoeba	343925	她的眼睛闪烁着喜悦的光芒。	CC-CEDICT	
1783	1657_1	喜悦	喜悅	xǐ yuè		happy	她的眼睛闪烁着喜悦的光芒。	她的眼睛閃爍著喜悅的光芒。	tatoeba	343925	她的眼睛闪烁着喜悦的光芒。	CC-CEDICT	
1784	1657_1	光芒	光芒	guāng máng		rays of light	她的眼睛闪烁着喜悦的光芒。	她的眼睛閃爍著喜悅的光芒。	tatoeba	343925	她的眼睛闪烁着喜悦的光芒。	CC-CEDICT	
1785	1662_1	雨水	雨水	yǔ shuǐ		rainwater	雨水汇集在低洼地带。	雨水彙集在低窪地帶。	authored			CC-CEDICT	
1786	1662_1	汇集	彙集	huì jí		to collect	雨水汇集在低洼地带。	雨水彙集在低窪地帶。	authored			CC-CEDICT	
1787	1662_1	低洼	低窪	dī wā		low-lying	雨水汇集在低洼地带。	雨水彙集在低窪地帶。	authored			CC-CEDICT	
1788	1662_1	地带	地帶	dì dài		zone	雨水汇集在低洼地带。	雨水彙集在低窪地帶。	authored			CC-CEDICT	
1789	1663_1	湖泊	湖泊	hú pō	hú bó	lake	一个长长个湖泊里，水多么清洁！	一個長長個湖泊裡，水多麼清潔！	tatoeba	420688	一个长长个湖泊里，水多么清洁！	CC-CEDICT	Taiwan MOE Concise Dictionary
1790	1663_1	多么	多麼	duō me		how	一个长长个湖泊里，水多么清洁！	一個長長個湖泊裡，水多麼清潔！	tatoeba	420688	一个长长个湖泊里，水多么清洁！	CC-CEDICT	
1791	1663_1	清洁	清潔	qīng jié		clean	一个长长个湖泊里，水多么清洁！	一個長長個湖泊裡，水多麼清潔！	tatoeba	420688	一个长长个湖泊里，水多么清洁！	CC-CEDICT	
1792	1665_1	不想	不想	bù xiǎng		unexpectedly	我不想变得悲惨，我想要潇洒!!	我不想變得悲慘，我想要瀟灑!!	tatoeba	501317	我不想变得悲惨，我想要潇洒!!	CC-CEDICT	
1793	1665_1	悲惨	悲慘	bēi cǎn		miserable	我不想变得悲惨，我想要潇洒!!	我不想變得悲慘，我想要瀟灑!!	tatoeba	501317	我不想变得悲惨，我想要潇洒!!	CC-CEDICT	
1794	1665_1	潇洒	瀟灑	xiāo sǎ		confident and at ease	我不想变得悲惨，我想要潇洒!!	我不想變得悲慘，我想要瀟灑!!	tatoeba	501317	我不想变得悲惨，我想要潇洒!!	CC-CEDICT	
1795	1667_1	混凝土	混凝土	hùn níng tǔ		concrete	工人把混凝土浇注进模具。	工人把混凝土澆注進模具。	authored			CC-CEDICT	
1796	1667_1	模具	模具	mú jù	mó jù	mold	工人把混凝土浇注进模具。	工人把混凝土澆注進模具。	authored			CC-CEDICT	Taiwan MOE Concise Dictionary
1797	1668_1	大雨	大雨	dà yǔ		heavy rain	大雨过后，河水变得浑浊。	大雨過後，河水變得渾濁。	authored			CC-CEDICT	
1798	1668_1	过后	過後	guò hòu		after the event	大雨过后，河水变得浑浊。	大雨過後，河水變得渾濁。	authored			CC-CEDICT	
1799	1668_1	河水	河水	hé shuǐ		river water	大雨过后，河水变得浑浊。	大雨過後，河水變得渾濁。	authored			CC-CEDICT	
1800	1670_1	测量	測量	cè liáng		survey	我们测量了这条河的深度。	我們測量了這條河的深度。	tatoeba	10160409	我们测量了这条河的深度。	CC-CEDICT	
1801	1670_1	深度	深度	shēn dù		depth	我们测量了这条河的深度。	我們測量了這條河的深度。	tatoeba	10160409	我们测量了这条河的深度。	CC-CEDICT	
1802	1677_1	浏览	瀏覽	liú lǎn		to skim over	你最喜欢哪一个网络浏览器？	你最喜歡哪一個網路瀏覽器？	tatoeba	948006	你最喜欢哪一个网络浏览器？	CC-CEDICT	
1803	1678_1	金融	金融	jīn róng		banking	金融危机打击了所有经济行业。	金融危機打擊了所有經濟行業。	tatoeba	805170	金融危机打击了所有经济行业。	CC-CEDICT	
1804	1678_1	打击	打擊	dǎ jī	dǎ jí	to hit	金融危机打击了所有经济行业。	金融危機打擊了所有經濟行業。	tatoeba	805170	金融危机打击了所有经济行业。	CC-CEDICT	Taiwan MOE Concise Dictionary
1805	1678_1	行业	行業	háng yè		trade	金融危机打击了所有经济行业。	金融危機打擊了所有經濟行業。	tatoeba	805170	金融危机打击了所有经济行业。	CC-CEDICT	
1806	1681_1	浑身	渾身	hún shēn		all over	那个学生被老师盯著看，觉得浑身不自在。	那個學生被老師盯著看，覺得渾身不自在。	tatoeba	410562	那個學生被老師盯著看，覺得渾身不自在。	CC-CEDICT	
1807	1681_1	不自在	不自在	bù zì zai	bù zì zài	uneasy	那个学生被老师盯著看，觉得浑身不自在。	那個學生被老師盯著看，覺得渾身不自在。	tatoeba	410562	那個學生被老師盯著看，覺得渾身不自在。	CC-CEDICT	Taiwan MOE Concise Dictionary
1808	1682_1	浓厚	濃厚	nóng hòu		dense	“卖相”、“讲斤头”、“勿是生意经”、“耳朵打八折”等，都有浓厚的商业气息。	“賣相”、“講斤頭”、“勿是生意經”、“耳朵打八折”等，都有濃厚的商業氣息。	tatoeba	421242	“卖相”、“讲斤头”、“勿是生意经”、“耳朵打八折”等，都有浓厚的商业气息。	CC-CEDICT	
1809	1682_1	商业	商業	shāng yè		business	“卖相”、“讲斤头”、“勿是生意经”、“耳朵打八折”等，都有浓厚的商业气息。	“賣相”、“講斤頭”、“勿是生意經”、“耳朵打八折”等，都有濃厚的商業氣息。	tatoeba	421242	“卖相”、“讲斤头”、“勿是生意经”、“耳朵打八折”等，都有浓厚的商业气息。	CC-CEDICT	
1810	1682_1	气息	氣息	qì xī	qì xí	breath	“卖相”、“讲斤头”、“勿是生意经”、“耳朵打八折”等，都有浓厚的商业气息。	“賣相”、“講斤頭”、“勿是生意經”、“耳朵打八折”等，都有濃厚的商業氣息。	tatoeba	421242	“卖相”、“讲斤头”、“勿是生意经”、“耳朵打八折”等，都有浓厚的商业气息。	CC-CEDICT	Taiwan MOE Concise Dictionary
1811	1691_1	慈悲	慈悲	cí bēi		mercy	慈悲没有敌人，智慧不起烦恼。	慈悲沒有敵人，智慧不起煩惱。	tatoeba	848252	慈悲沒有敵人，智慧不起煩惱。	CC-CEDICT	
1812	1691_1	烦恼	煩惱	fán nǎo		to be worried	慈悲没有敌人，智慧不起烦恼。	慈悲沒有敵人，智慧不起煩惱。	tatoeba	848252	慈悲沒有敵人，智慧不起煩惱。	CC-CEDICT	
1813	1693_1	每隔	每隔	měi gé		at intervals of	每隔四年，奥运会举行一次。	每隔四年，奧運會舉行一次。	tatoeba	334993	每隔四年，奥运会举行一次。	CC-CEDICT	
1814	1693_1	奥运	奧運	ào yùn		Olympic Games	每隔四年，奥运会举行一次。	每隔四年，奧運會舉行一次。	tatoeba	334993	每隔四年，奥运会举行一次。	CC-CEDICT	
1815	1693_1	举行	舉行	jǔ xíng		to hold	每隔四年，奥运会举行一次。	每隔四年，奧運會舉行一次。	tatoeba	334993	每隔四年，奥运会举行一次。	CC-CEDICT	
1816	1693_1	一次	一次	yī cì		first	每隔四年，奥运会举行一次。	每隔四年，奧運會舉行一次。	tatoeba	334993	每隔四年，奥运会举行一次。	CC-CEDICT	
1817	1694_1	网站	網站	wǎng zhàn		website	我觉得这个网站的构思非常好。	我覺得這個網站的構思非常好。	tatoeba	332465	我觉得这个网站的构思非常好。	CC-CEDICT	
1818	1694_1	构思	構思	gòu sī		to design	我觉得这个网站的构思非常好。	我覺得這個網站的構思非常好。	tatoeba	332465	我觉得这个网站的构思非常好。	CC-CEDICT	
1819	1699_1	平等	平等	píng děng		equal	平等是由宪法保障的。	平等是由憲法保障的。	tatoeba	397099	平等是由宪法保障的。	CC-CEDICT	
1820	1699_1	宪法	憲法	xiàn fǎ		constitution	平等是由宪法保障的。	平等是由憲法保障的。	tatoeba	397099	平等是由宪法保障的。	CC-CEDICT	
1821	1699_1	保障	保障	bǎo zhàng		to ensure	平等是由宪法保障的。	平等是由憲法保障的。	tatoeba	397099	平等是由宪法保障的。	CC-CEDICT	
1822	1702_1	走开	走開	zǒu kāi		to leave	我们走开的时候，房子被盗窃了。	我們走開的時候，房子被盜竊了。	tatoeba	333311	我们走开的时候，房子被盗窃了。	CC-CEDICT	
1823	1702_1	房子	房子	fáng zi		house	我们走开的时候，房子被盗窃了。	我們走開的時候，房子被盜竊了。	tatoeba	333311	我们走开的时候，房子被盗窃了。	CC-CEDICT	
1824	1702_1	盗窃	盜竊	dào qiè		to steal	我们走开的时候，房子被盗窃了。	我們走開的時候，房子被盜竊了。	tatoeba	333311	我们走开的时候，房子被盗窃了。	CC-CEDICT	
1825	1704_1	告诫	告誡	gào jiè		to warn	汤姆不懂告诫和威胁的区别。	湯姆不懂告誡和威脅的區別。	tatoeba	10481692	湯姆不懂告誡和威脅的區別。	CC-CEDICT	
1826	1704_1	区别	區別	qū bié		difference	汤姆不懂告诫和威胁的区别。	湯姆不懂告誡和威脅的區別。	tatoeba	10481692	湯姆不懂告誡和威脅的區別。	CC-CEDICT	
1827	1706_1	妻子	妻子	qī zi		wife	他被妻子诬陷了。	他被妻子誣陷了。	tatoeba	4759986	他被妻子诬陷了。	CC-CEDICT	
1828	1706_1	诬陷	誣陷	wū xiàn		to entrap	他被妻子诬陷了。	他被妻子誣陷了。	tatoeba	4759986	他被妻子诬陷了。	CC-CEDICT	
1829	1709_1	穿上	穿上	chuān shang		to put on	天冷了，他穿上厚厚的棉袄。	天冷了，他穿上厚厚的棉襖。	preexisting			CC-CEDICT	
1830	1709_1	棉袄	棉襖	mián ǎo		cotton-padded jacket	天冷了，他穿上厚厚的棉袄。	天冷了，他穿上厚厚的棉襖。	preexisting			CC-CEDICT	
1831	1714_1	真相	真相	zhēn xiàng		the truth about sth	所有意见是真相和错误的综合。	所有意見是真相和錯誤的綜合。	tatoeba	502845	所有意见是真相和错误的综合。	CC-CEDICT	
1832	1714_1	综合	綜合	zōng hé	zòng hé	comprehensive	所有意见是真相和错误的综合。	所有意見是真相和錯誤的綜合。	tatoeba	502845	所有意见是真相和错误的综合。	CC-CEDICT	Taiwan MOE Concise Dictionary
1833	1716_1	听取	聽取	tīng qǔ		to hear	这个男孩不听取父亲的教诲。	這個男孩不聽取父親的教誨。	tatoeba	10023044	这个男孩不听取父亲的教诲。	CC-CEDICT	
1834	1716_1	教诲	教誨	jiào huì		to instruct	这个男孩不听取父亲的教诲。	這個男孩不聽取父親的教誨。	tatoeba	10023044	这个男孩不听取父亲的教诲。	CC-CEDICT	
1835	1717_1	帮忙	幫忙	bāng máng		to help	那还用说，我当然愿意帮忙。	那還用説，我當然願意幫忙。	authored			CC-CEDICT	
1836	1718_1	背诵	背誦	bèi sòng		to recite	他的女儿能背诵很多诗。	他的女兒能背誦很多詩。	tatoeba	867947	他的女儿能背诵很多诗。	CC-CEDICT	
1837	1719_1	农民	農民	nóng mín		peasant	农民开始开垦山下的荒地。	農民開始開墾山下的荒地。	authored			CC-CEDICT	
1838	1719_1	山下	山下	shān xià		Yamashita	农民开始开垦山下的荒地。	農民開始開墾山下的荒地。	authored			CC-CEDICT	
1839	1719_1	荒地	荒地	huāng dì		wasteland	农民开始开垦山下的荒地。	農民開始開墾山下的荒地。	authored			CC-CEDICT	
1840	1723_1	昼夜	晝夜	zhòu yè		day and night	这段时间昼夜温差很大。	這段時間晝夜溫差很大。	tatoeba	9989857	这段时间昼夜温差很大。	CC-CEDICT	
1841	1728_1	回答	回答	huí dá		to reply	约翰逊在记者会上回答了问题。	約翰遜在記者會上回答了問題。	authored			CC-CEDICT	
1842	1731_1	科学	科學	kē xué		science	科学家在沙漠中发现了一块陨石。	科學家在沙漠中發現了一塊隕石。	authored			CC-CEDICT	
1843	1731_1	陨石	隕石	yǔn shí		meteorite	科学家在沙漠中发现了一块陨石。	科學家在沙漠中發現了一塊隕石。	authored			CC-CEDICT	
1844	1739_1	幼苗	幼苗	yòu miáo		young sprout	幼苗十分娇嫩，需要小心照料。	幼苗十分嬌嫩，需要小心照料。	authored			CC-CEDICT	
1845	1739_1	照料	照料	zhào liào		to tend	幼苗十分娇嫩，需要小心照料。	幼苗十分嬌嫩，需要小心照料。	authored			CC-CEDICT	
1846	1744_1	衷心	衷心	zhōng xīn		heartfelt	衷心祝贺你的生日，穆里尔！	衷心祝賀你的生日，穆里爾！	tatoeba	809728	衷心祝賀你的生日，穆里爾！	CC-CEDICT	
1847	1744_1	祝贺	祝賀	zhù hè		to congratulate	衷心祝贺你的生日，穆里尔！	衷心祝賀你的生日，穆里爾！	tatoeba	809728	衷心祝賀你的生日，穆里爾！	CC-CEDICT	
1848	1744_1	生日	生日	shēng rì		birthday	衷心祝贺你的生日，穆里尔！	衷心祝賀你的生日，穆里爾！	tatoeba	809728	衷心祝賀你的生日，穆里爾！	CC-CEDICT	
1849	1751_1	坚守	堅守	jiān shǒu		to hold fast to	士兵坚守山顶的堡垒。	士兵堅守山頂的堡壘。	authored			CC-CEDICT	
1850	1751_1	堡垒	堡壘	bǎo lěi		fort	士兵坚守山顶的堡垒。	士兵堅守山頂的堡壘。	authored			CC-CEDICT	
1851	1752_1	交叉	交叉	jiāo chā		to cross	他的双脚被交叉捆绑著。	他的雙腳被交叉捆綁著。	tatoeba	6159421	他的雙腳被交叉捆綁著。	CC-CEDICT	
1852	1752_1	捆绑	捆綁	kǔn bǎng		to bind	他的双脚被交叉捆绑著。	他的雙腳被交叉捆綁著。	tatoeba	6159421	他的雙腳被交叉捆綁著。	CC-CEDICT	
1853	1753_1	玩具	玩具	wán jù		plaything	那个玩具绒毛摸起来很柔软，让人感到舒适。	那個玩具絨毛摸起來很柔軟，讓人感到舒適。	tatoeba	11841639	那個玩具絨毛摸起來很柔軟，讓人感到舒適。	CC-CEDICT	
1854	1753_1	绒毛	絨毛	róng máo		fur	那个玩具绒毛摸起来很柔软，让人感到舒适。	那個玩具絨毛摸起來很柔軟，讓人感到舒適。	tatoeba	11841639	那個玩具絨毛摸起來很柔軟，讓人感到舒適。	CC-CEDICT	
1855	1753_1	柔软	柔軟	róu ruǎn		soft	那个玩具绒毛摸起来很柔软，让人感到舒适。	那個玩具絨毛摸起來很柔軟，讓人感到舒適。	tatoeba	11841639	那個玩具絨毛摸起來很柔軟，讓人感到舒適。	CC-CEDICT	
1856	1753_1	舒适	舒適	shū shì		cozy	那个玩具绒毛摸起来很柔软，让人感到舒适。	那個玩具絨毛摸起來很柔軟，讓人感到舒適。	tatoeba	11841639	那個玩具絨毛摸起來很柔軟，讓人感到舒適。	CC-CEDICT	
1857	1754_1	认知	認知	rèn zhī		cognition	该小句认知结构中有几个认知核？	該小句認知結構中有幾個認知核？	tatoeba	10367894	该小句认知结构中有几个认知核？	CC-CEDICT	
1858	1754_1	结构	結構	jié gòu		structure	该小句认知结构中有几个认知核？	該小句認知結構中有幾個認知核？	tatoeba	10367894	该小句认知结构中有几个认知核？	CC-CEDICT	
1859	1756_1	掩饰	掩飾	yǎn shì		to cover up	他很难掩饰对自己成功的骄傲。	他很難掩飾對自己成功的驕傲。	tatoeba	463878	他很难掩饰对自己成功的骄傲。	CC-CEDICT	
1860	1756_1	骄傲	驕傲	jiāo ào		pride	他很难掩饰对自己成功的骄傲。	他很難掩飾對自己成功的驕傲。	tatoeba	463878	他很难掩饰对自己成功的骄傲。	CC-CEDICT	
1861	1757_1	绘画	繪畫	huì huà		to draw	汤姆从他的绘画本上撕下了一页。	湯姆從他的繪畫本上撕下了一頁。	tatoeba	3035555	汤姆从他的绘画本上撕下了一页。	CC-CEDICT	
1862	1758_1	上帝	上帝	shàng dì		God	上帝有所给予，上帝有所索取。	上帝有所給予，上帝有所索取。	tatoeba	1185701	上帝有所给予，上帝有所索取。	CC-CEDICT	
1863	1758_1	有所	有所	yǒu suǒ		somewhat	上帝有所给予，上帝有所索取。	上帝有所給予，上帝有所索取。	tatoeba	1185701	上帝有所给予，上帝有所索取。	CC-CEDICT	
1864	1758_1	给予	給予	jǐ yǔ		to give	上帝有所给予，上帝有所索取。	上帝有所給予，上帝有所索取。	tatoeba	1185701	上帝有所给予，上帝有所索取。	CC-CEDICT	
1865	1758_1	索取	索取	suǒ qǔ		to ask	上帝有所给予，上帝有所索取。	上帝有所給予，上帝有所索取。	tatoeba	1185701	上帝有所给予，上帝有所索取。	CC-CEDICT	
1866	1759_1	绚丽	絢麗	xuàn lì		gorgeous	新剧院看上去很绚丽。	新劇院看上去很絢麗。	tatoeba	6017329	新劇院看上去很絢麗。	CC-CEDICT	
1867	1762_1	绝对	絶對	jué duì		absolute	生活中绝对没有什么是持久的。	生活中絶對沒有什麼是持久的。	tatoeba	799269	生活中绝对没有什么是持久的。	CC-CEDICT	
1868	1762_1	持久	持久	chí jiǔ		lasting	生活中绝对没有什么是持久的。	生活中絶對沒有什麼是持久的。	tatoeba	799269	生活中绝对没有什么是持久的。	CC-CEDICT	
1869	1763_1	转动	轉動	zhuǎn dòng		to turn	水手转动绞盘收起缆绳。	水手轉動絞盤收起纜繩。	authored			CC-CEDICT	
1870	1763_1	绞盘	絞盤	jiǎo pán		capstan	水手转动绞盘收起缆绳。	水手轉動絞盤收起纜繩。	authored			CC-CEDICT	
1871	1764_1	骇然	駭然	hài rán		dumbstruck	众人听到这个消息都骇然失色。	眾人聽到這個訊息都駭然失色。	authored			CC-CEDICT	
1872	1764_1	失色	失色	shī sè		to lose color	众人听到这个消息都骇然失色。	眾人聽到這個訊息都駭然失色。	authored			CC-CEDICT	
1873	1765_1	系统	系統	xì tǒng		system	这个系统究竟发生了什么故障？	這個系統究竟發生了什麼故障？	tatoeba	2482668	这个系统究竟发生了什么故障？	CC-CEDICT	
1874	1765_1	究竟	究竟	jiū jìng	jiù jìng	to go to the bottom of a matter	这个系统究竟发生了什么故障？	這個系統究竟發生了什麼故障？	tatoeba	2482668	这个系统究竟发生了什么故障？	CC-CEDICT	Taiwan MOE Concise Dictionary
1875	1765_1	故障	故障	gù zhàng		malfunction	这个系统究竟发生了什么故障？	這個系統究竟發生了什麼故障？	tatoeba	2482668	这个系统究竟发生了什么故障？	CC-CEDICT	
1876	1770_1	那些	那些	nà xiē		those	那些快乐的日子里充满了鲜艳的色彩。	那些快樂的日子裡充滿了鮮艷的色彩。	tatoeba	10265813	那些快乐的日子里充满了鲜艳的色彩。	CC-CEDICT	
1877	1770_1	快乐	快樂	kuài lè		happy	那些快乐的日子里充满了鲜艳的色彩。	那些快樂的日子裡充滿了鮮艷的色彩。	tatoeba	10265813	那些快乐的日子里充满了鲜艳的色彩。	CC-CEDICT	
1878	1770_1	日子	日子	rì zi		day	那些快乐的日子里充满了鲜艳的色彩。	那些快樂的日子裡充滿了鮮艷的色彩。	tatoeba	10265813	那些快乐的日子里充满了鲜艳的色彩。	CC-CEDICT	
1879	1770_1	鲜艳	鮮艷	xiān yàn		bright-colored	那些快乐的日子里充满了鲜艳的色彩。	那些快樂的日子裡充滿了鮮艷的色彩。	tatoeba	10265813	那些快乐的日子里充满了鲜艳的色彩。	CC-CEDICT	
1880	1770_1	色彩	色彩	sè cǎi		tint	那些快乐的日子里充满了鲜艳的色彩。	那些快樂的日子裡充滿了鮮艷的色彩。	tatoeba	10265813	那些快乐的日子里充满了鲜艳的色彩。	CC-CEDICT	
1881	1777_1	晚餐	晚餐	wǎn cān		evening meal	晚餐有一盘炒蚕豆。	晚餐有一盤炒蠶豆。	authored			CC-CEDICT	
1882	1777_1	蚕豆	蠶豆	cán dòu		broad bean	晚餐有一盘炒蚕豆。	晚餐有一盤炒蠶豆。	authored			CC-CEDICT	
1883	1778_1	受到	受到	shòu dào		to receive	尽管受到暴君的迫害，英雄还顽强地斗争。	儘管受到暴君的迫害，英雄還頑強地鬥爭。	tatoeba	1565683	尽管受到暴君的迫害，英雄还顽强地斗争。	CC-CEDICT	
1884	1778_1	暴君	暴君	bào jūn		tyrant	尽管受到暴君的迫害，英雄还顽强地斗争。	儘管受到暴君的迫害，英雄還頑強地鬥爭。	tatoeba	1565683	尽管受到暴君的迫害，英雄还顽强地斗争。	CC-CEDICT	
1885	1778_1	迫害	迫害	pò hài		to persecute	尽管受到暴君的迫害，英雄还顽强地斗争。	儘管受到暴君的迫害，英雄還頑強地鬥爭。	tatoeba	1565683	尽管受到暴君的迫害，英雄还顽强地斗争。	CC-CEDICT	
1886	1778_1	英雄	英雄	yīng xióng		hero	尽管受到暴君的迫害，英雄还顽强地斗争。	儘管受到暴君的迫害，英雄還頑強地鬥爭。	tatoeba	1565683	尽管受到暴君的迫害，英雄还顽强地斗争。	CC-CEDICT	
1887	1778_1	顽强	頑強	wán qiáng		tenacious	尽管受到暴君的迫害，英雄还顽强地斗争。	儘管受到暴君的迫害，英雄還頑強地鬥爭。	tatoeba	1565683	尽管受到暴君的迫害，英雄还顽强地斗争。	CC-CEDICT	
1888	1779_1	灯盏	燈盞	dēng zhǎn		lantern	桌上点着一盏小灯盏。	桌上點著一盞小燈盞。	authored			CC-CEDICT	
1889	1781_1	渔民	漁民	yú mín		fisherman	当地渔民靠捕捞海鱼为生。	當地漁民靠捕撈海魚為生。	preexisting			CC-CEDICT	
1890	1781_1	捕捞	捕撈	bǔ lāo		to fish for	当地渔民靠捕捞海鱼为生。	當地漁民靠捕撈海魚為生。	preexisting			CC-CEDICT	
1891	1787_1	史书	史書	shǐ shū		history book	史书详细记载了这场战役。	史書詳細記載了這場戰役。	authored			CC-CEDICT	
1892	1787_1	记载	記載	jì zǎi	jì zài	to write down	史书详细记载了这场战役。	史書詳細記載了這場戰役。	authored			CC-CEDICT	Taiwan MOE Concise Dictionary
1893	1788_1	赶快	趕快	gǎn kuài		quickly	赶快点，否则要错过公共汽车了。	趕快點，否則要錯過公共汽車了。	tatoeba	1779299	赶快点，否则要错过公共汽车了。	CC-CEDICT	
1894	1788_1	否则	否則	fǒu zé		otherwise	赶快点，否则要错过公共汽车了。	趕快點，否則要錯過公共汽車了。	tatoeba	1779299	赶快点，否则要错过公共汽车了。	CC-CEDICT	
1895	1788_1	错过	錯過	cuò guò		to miss	赶快点，否则要错过公共汽车了。	趕快點，否則要錯過公共汽車了。	tatoeba	1779299	赶快点，否则要错过公共汽车了。	CC-CEDICT	
1896	1790_1	如同	如同	rú tóng		like	我爱你如同新鲜的肉爱食盐。	我愛你如同新鮮的肉愛食鹽。	tatoeba	6106192	我爱你如同新鲜的肉爱食盐。	CC-CEDICT	
1897	1790_1	食盐	食鹽	shí yán		edible salt	我爱你如同新鲜的肉爱食盐。	我愛你如同新鮮的肉愛食鹽。	tatoeba	6106192	我爱你如同新鲜的肉爱食盐。	CC-CEDICT	
1898	1798_1	损失	損失	sǔn shī		loss	他们的损失到达了一百万日圆。	他們的損失到達了一百萬日圓。	tatoeba	794022	他們的損失到達了一百萬日圓。	CC-CEDICT	
1899	1798_1	到达	到達	dào dá		to reach	他们的损失到达了一百万日圆。	他們的損失到達了一百萬日圓。	tatoeba	794022	他們的損失到達了一百萬日圓。	CC-CEDICT	
1900	1798_1	百万	百萬	bǎi wàn		million	他们的损失到达了一百万日圆。	他們的損失到達了一百萬日圓。	tatoeba	794022	他們的損失到達了一百萬日圓。	CC-CEDICT	
1901	1798_1	日圆	日圓	rì yuán		Japanese yen	他们的损失到达了一百万日圆。	他們的損失到達了一百萬日圓。	tatoeba	794022	他們的損失到達了一百萬日圓。	CC-CEDICT	
1902	1804_1	志愿	志願	zhì yuàn		aspiration	志愿者在海滩捡拾垃圾。	志願者在海灘撿拾垃圾。	authored			CC-CEDICT	
1903	1804_1	垃圾	垃圾	lā jī	lè sè	trash	志愿者在海滩捡拾垃圾。	志願者在海灘撿拾垃圾。	authored			CC-CEDICT	Taiwan MOE Concise Dictionary
1904	1808_1	问候	問候	wèn hòu		to give one's respects	他的一句问候让我感受到了真挚的关怀。	他的一句問候讓我感受到了真摯的關懷。	tatoeba	13832482	他的一句問候讓我感受到了真摯的關懷。	CC-CEDICT	
1905	1808_1	真挚	真摯	zhēn zhì		sincere	他的一句问候让我感受到了真挚的关怀。	他的一句問候讓我感受到了真摯的關懷。	tatoeba	13832482	他的一句問候讓我感受到了真摯的關懷。	CC-CEDICT	
1906	1808_1	关怀	關懷	guān huái		care	他的一句问候让我感受到了真挚的关怀。	他的一句問候讓我感受到了真摯的關懷。	tatoeba	13832482	他的一句問候讓我感受到了真摯的關懷。	CC-CEDICT	
1907	1811_1	故意	故意	gù yì		deliberately	别在别人工作时故意捣乱。	別在別人工作時故意搗亂。	authored			CC-CEDICT	
1908	1811_1	捣乱	搗亂	dǎo luàn		to disturb	别在别人工作时故意捣乱。	別在別人工作時故意搗亂。	authored			CC-CEDICT	
1909	1812_1	走进	走進	zǒu jìn		to enter	他提着酒壶走进亭子。	他提著酒壺走進亭子。	authored			CC-CEDICT	
1910	1812_1	亭子	亭子	tíng zi		pavilion	他提着酒壶走进亭子。	他提著酒壺走進亭子。	authored			CC-CEDICT	
1911	1819_1	围棋	圍棋	wéi qí		the game of Go	聂卫平是著名的围棋棋手。	聶衛平是著名的圍棋棋手。	authored			CC-CEDICT	
1912	1819_1	棋手	棋手	qí shǒu		chess player	聂卫平是著名的围棋棋手。	聶衛平是著名的圍棋棋手。	authored			CC-CEDICT	
1913	1822_1	莱比锡	萊比錫	lái bǐ xī		Leipzig	莱比锡位于德国东部。	萊比錫位於德國東部。	authored			CC-CEDICT	
1914	1823_1	莲子	蓮子	lián zǐ		lotus seed	母亲用莲子煮了一锅甜汤。	母親用蓮子煮了一鍋甜湯。	authored			CC-CEDICT	
1915	1827_1	水库	水庫	shuǐ kù		reservoir	我们从这座水库获得水和电力。	我們從這座水庫獲得水和電力。	tatoeba	788563	我们从这座水库获得水和电力。	CC-CEDICT	
1916	1827_1	电力	電力	diàn lì		electrical power	我们从这座水库获得水和电力。	我們從這座水庫獲得水和電力。	tatoeba	788563	我们从这座水库获得水和电力。	CC-CEDICT	
1917	1827_2	丰收	豐收	fēng shōu		to reap a bumper harvest	丰收节：收获团结，欢庆和谐。	豐收節：收穫團結，歡慶和諧。	tatoeba	13922057	丰收节：收获团结，欢庆和谐。	CC-CEDICT	
1918	1827_2	收获	收穫	shōu huò		to harvest	丰收节：收获团结，欢庆和谐。	豐收節：收穫團結，歡慶和諧。	tatoeba	13922057	丰收节：收获团结，欢庆和谐。	CC-CEDICT	
1919	1827_2	和谐	和諧	hé xié		harmonious	丰收节：收获团结，欢庆和谐。	豐收節：收穫團結，歡慶和諧。	tatoeba	13922057	丰收节：收获团结，欢庆和谐。	CC-CEDICT	
1920	1829_1	由于	由於	yóu yú		due to	由于天气恶劣，飞机延误了。	由於天氣惡劣，飛機延誤了。	tatoeba	381119	由于天气恶劣，飞机延误了。	CC-CEDICT	
1921	1829_1	恶劣	惡劣	è liè		vile	由于天气恶劣，飞机延误了。	由於天氣惡劣，飛機延誤了。	tatoeba	381119	由于天气恶劣，飞机延误了。	CC-CEDICT	
1922	1829_1	延误	延誤	yán wù		to postpone	由于天气恶劣，飞机延误了。	由於天氣惡劣，飛機延誤了。	tatoeba	381119	由于天气恶劣，飞机延误了。	CC-CEDICT	
1923	1830_1	皮蛋	皮蛋	pí dàn		century egg	皮蛋切开后晶莹剔透，散发著独特的香气。	皮蛋切開後晶瑩剔透，散發著獨特的香氣。	tatoeba	13532734	皮蛋切開後晶瑩剔透，散發著獨特的香氣。	CC-CEDICT	
1924	1830_1	晶莹	晶瑩	jīng yíng		sparkling and translucent	皮蛋切开后晶莹剔透，散发著独特的香气。	皮蛋切開後晶瑩剔透，散發著獨特的香氣。	tatoeba	13532734	皮蛋切開後晶瑩剔透，散發著獨特的香氣。	CC-CEDICT	
1925	1830_1	剔透	剔透	tī tòu		pure and limpid	皮蛋切开后晶莹剔透，散发著独特的香气。	皮蛋切開後晶瑩剔透，散發著獨特的香氣。	tatoeba	13532734	皮蛋切開後晶瑩剔透，散發著獨特的香氣。	CC-CEDICT	
1926	1830_1	散发	散發	sàn fā		to distribute	皮蛋切开后晶莹剔透，散发著独特的香气。	皮蛋切開後晶瑩剔透，散發著獨特的香氣。	tatoeba	13532734	皮蛋切開後晶瑩剔透，散發著獨特的香氣。	CC-CEDICT	
1927	1830_1	独特	獨特	dú tè		unique	皮蛋切开后晶莹剔透，散发著独特的香气。	皮蛋切開後晶瑩剔透，散發著獨特的香氣。	tatoeba	13532734	皮蛋切開後晶瑩剔透，散發著獨特的香氣。	CC-CEDICT	
1928	1831_1	黄莺	黃鶯	huáng yīng		black-naped oriole	黄莺在枝头婉转歌唱。	黃鶯在枝頭婉轉歌唱。	authored			CC-CEDICT	
1929	1831_1	婉转	婉轉	wǎn zhuǎn		suave	黄莺在枝头婉转歌唱。	黃鶯在枝頭婉轉歌唱。	authored			CC-CEDICT	
1930	1831_1	歌唱	歌唱	gē chàng		to sing	黄莺在枝头婉转歌唱。	黃鶯在枝頭婉轉歌唱。	authored			CC-CEDICT	
1931	1838_1	邮件	郵件	yóu jiàn		mail	我给自己的邮件做了一份档案。	我給自己的郵件做了一份檔案。	tatoeba	10752790	我给自己的邮件做了一份档案。	CC-CEDICT	
1932	1838_1	档案	檔案	dàng àn	dǎng àn	file	我给自己的邮件做了一份档案。	我給自己的郵件做了一份檔案。	tatoeba	10752790	我给自己的邮件做了一份档案。	CC-CEDICT	Taiwan MOE Concise Dictionary
1933	1841_1	横跨	橫跨	héng kuà		to span	一座大桥横跨江面。	一座大橋橫跨江面。	authored			CC-CEDICT	
1934	1841_1	江面	江面	jiāng miàn		the surface of the river	一座大桥横跨江面。	一座大橋橫跨江面。	authored			CC-CEDICT	
1935	1842_1	桦树	樺樹	huà shù		birch	桦树有白树皮。	樺樹有白樹皮。	tatoeba	10752795	桦树有白树皮。	CC-CEDICT	
1936	1842_1	树皮	樹皮	shù pí		tree bark	桦树有白树皮。	樺樹有白樹皮。	tatoeba	10752795	桦树有白树皮。	CC-CEDICT	
1937	1846_1	打入	打入	dǎ rù		to penetrate	工人把木桩打入河床。	工人把木樁打入河床。	authored			CC-CEDICT	
1938	1846_1	河床	河床	hé chuáng		riverbed	工人把木桩打入河床。	工人把木樁打入河床。	authored			CC-CEDICT	
1939	1849_1	有空	有空	yǒu kòng		to have time	这样之后我就有空和你聊天了。	這樣之後我就有空和你聊天了。	tatoeba	1064561	这样之后我就有空和你聊天了。	CC-CEDICT	
1940	1856_1	丝绸	絲綢	sī chóu		silk	古代商贾沿着丝绸之路往来。	古代商賈沿著絲綢之路往來。	authored			CC-CEDICT	
1941	1856_1	往来	往來	wǎng lái		dealings	古代商贾沿着丝绸之路往来。	古代商賈沿著絲綢之路往來。	authored			CC-CEDICT	
1942	1865_1	路上	路上	lù shang	lù shàng	on the road	小路上铺满了砾石。	小路上鋪滿了礫石。	authored			CC-CEDICT	Taiwan MOE Concise Dictionary
1943	1865_1	砾石	礫石	lì shí		gravel	小路上铺满了砾石。	小路上鋪滿了礫石。	authored			CC-CEDICT	
1944	1866_1	这位	這位	zhè wèi		this	这位研究生有坚实的数学基础。	這位研究生有堅實的數學基礎。	tatoeba	4266656	这位研究生有坚实的数学基础。	CC-CEDICT	
1945	1866_1	研究生	研究生	yán jiū shēng	yán jiù shēng	graduate student	这位研究生有坚实的数学基础。	這位研究生有堅實的數學基礎。	tatoeba	4266656	这位研究生有坚实的数学基础。	CC-CEDICT	Taiwan MOE Concise Dictionary
1946	1866_1	坚实	堅實	jiān shí		firm and substantial	这位研究生有坚实的数学基础。	這位研究生有堅實的數學基礎。	tatoeba	4266656	这位研究生有坚实的数学基础。	CC-CEDICT	
1947	1866_1	数学	數學	shù xué		mathematics	这位研究生有坚实的数学基础。	這位研究生有堅實的數學基礎。	tatoeba	4266656	这位研究生有坚实的数学基础。	CC-CEDICT	
1948	1866_1	基础	基礎	jī chǔ		base	这位研究生有坚实的数学基础。	這位研究生有堅實的數學基礎。	tatoeba	4266656	这位研究生有坚实的数学基础。	CC-CEDICT	
1949	1874_1	照顾	照顧	zhào gu	zhào gù	to take care of	爸爸死后，他就开始照顾妈妈。	爸爸死後，他就開始照顧媽媽。	tatoeba	452634	爸爸死后，他就开始照顾妈妈。	CC-CEDICT	Taiwan MOE Concise Dictionary
1950	1874_1	妈妈	媽媽	mā ma		mama	爸爸死后，他就开始照顾妈妈。	爸爸死後，他就開始照顧媽媽。	tatoeba	452634	爸爸死后，他就开始照顾妈妈。	CC-CEDICT	
1951	1875_1	轿子	轎子	jiào zi		sedan chair	古时候，人们常乘轿子出行。	古時候，人們常乘轎子出行。	authored			CC-CEDICT	
1952	1875_1	出行	出行	chū xíng		to go out somewhere	古时候，人们常乘轿子出行。	古時候，人們常乘轎子出行。	authored			CC-CEDICT	
1953	1876_1	学科	學科	xué kē		subject	所有学科中，我比较喜欢英语。	所有學科中，我比較喜歡英語。	tatoeba	343736	所有学科中，我比较喜欢英语。	CC-CEDICT	
1954	1876_1	比较	比較	bǐ jiào		to compare	所有学科中，我比较喜欢英语。	所有學科中，我比較喜歡英語。	tatoeba	343736	所有学科中，我比较喜欢英语。	CC-CEDICT	
1955	1877_1	看到	看到	kàn dào		to see	我看到成绩后，顿时大吃一惊。	我看到成績後，頓時大吃一驚。	tatoeba	13915698	我看到成績後，頓時大吃一驚。	CC-CEDICT	
1956	1877_1	成绩	成績	chéng jì	chéng jī	achievement	我看到成绩后，顿时大吃一惊。	我看到成績後，頓時大吃一驚。	tatoeba	13915698	我看到成績後，頓時大吃一驚。	CC-CEDICT	Taiwan MOE Concise Dictionary
1957	1877_1	顿时	頓時	dùn shí		immediately	我看到成绩后，顿时大吃一惊。	我看到成績後，頓時大吃一驚。	tatoeba	13915698	我看到成績後，頓時大吃一驚。	CC-CEDICT	
1958	1878_1	伤者	傷者	shāng zhě		casualty	那名伤者最终因伤毙命。	那名傷者最終因傷斃命。	authored			CC-CEDICT	
1959	1878_1	最终	最終	zuì zhōng		final	那名伤者最终因伤毙命。	那名傷者最終因傷斃命。	authored			CC-CEDICT	
1960	1878_1	毙命	斃命	bì mìng		to meet violent death	那名伤者最终因伤毙命。	那名傷者最終因傷斃命。	authored			CC-CEDICT	
1961	1879_0	光滑	光滑	guāng huá		glossy	在光滑的路上开车会导致车祸。	在光滑的路上開車會導致車禍。	tatoeba	816518	在光滑的路上开车会导致车祸。	CC-CEDICT	
1962	1879_0	导致	導致	dǎo zhì		to lead to	在光滑的路上开车会导致车祸。	在光滑的路上開車會導致車禍。	tatoeba	816518	在光滑的路上开车会导致车祸。	CC-CEDICT	
1963	1879_0	车祸	車禍	chē huò		traffic accident	在光滑的路上开车会导致车祸。	在光滑的路上開車會導致車禍。	tatoeba	816518	在光滑的路上开车会导致车祸。	CC-CEDICT	
1964	1879_1	细致	細緻	xì zhì		delicate	这两张图片之间有细致的差异。	這兩張圖片之間有細緻的差異。	tatoeba	1426551	这两张图片之间有细致的差异。	CC-CEDICT	
1965	1879_1	差异	差異	chā yì		difference	这两张图片之间有细致的差异。	這兩張圖片之間有細緻的差異。	tatoeba	1426551	这两张图片之间有细致的差异。	CC-CEDICT	
1966	1882_1	指望	指望	zhǐ wàng		to count on	你不能指望我一切都考虑周到！	你不能指望我一切都考慮周到！	tatoeba	334709	你不能指望我一切都考虑周到！	CC-CEDICT	
1967	1882_1	一切	一切	yī qiè		everything	你不能指望我一切都考虑周到！	你不能指望我一切都考慮周到！	tatoeba	334709	你不能指望我一切都考虑周到！	CC-CEDICT	
1968	1882_1	考虑	考慮	kǎo lǜ		to think over	你不能指望我一切都考虑周到！	你不能指望我一切都考慮周到！	tatoeba	334709	你不能指望我一切都考虑周到！	CC-CEDICT	
1969	1882_1	周到	周到	zhōu dào		thoughtful	你不能指望我一切都考虑周到！	你不能指望我一切都考慮周到！	tatoeba	334709	你不能指望我一切都考虑周到！	CC-CEDICT	
1970	1883_1	监督	監督	jiān dū		to supervise	监理负责监督工程质量。	監理負責監督工程質量。	authored			CC-CEDICT	
1971	1883_1	质量	質量	zhì liàng	zhí liàng	mass	监理负责监督工程质量。	監理負責監督工程質量。	authored			CC-CEDICT	Taiwan MOE Concise Dictionary
1972	1884_1	紧张	緊張	jǐn zhāng		nervous	飞机起飞的时候紧张很正常。	飛機起飛的時候緊張很正常。	tatoeba	409455	飞机起飞的时候紧张很正常。	CC-CEDICT	
1973	1884_1	正常	正常	zhèng cháng		normal	飞机起飞的时候紧张很正常。	飛機起飛的時候緊張很正常。	tatoeba	409455	飞机起飞的时候紧张很正常。	CC-CEDICT	
1974	1885_0	西夏	西夏	xī xià		Western Xia dynasty	党项人曾建立西夏政权。	党項人曾建立西夏政權。	authored			CC-CEDICT	
1975	1885_1	国民	國民	guó mín		nationals	国民党在台湾拥有多个地方组织。	國民黨在臺灣擁有多個地方組織。	authored			CC-CEDICT	
1976	1887_1	小猫	小貓	xiǎo māo		kitten	小猫趴在窗边晒太阳。	小貓趴在窗邊曬太陽。	authored			CC-CEDICT	
1977	1889_1	晓得	曉得	xiǎo de		to know	他晓得你做了什么吗？	他曉得你做了什麼嗎？	tatoeba	10324243	他曉得你做了什麼嗎？	CC-CEDICT	
1978	1891_1	唠叨	嘮叨	láo dao	láo dāo	to prattle	俺家那口子又在屋里唠叨呢。	俺家那口子又在屋裡嘮叨呢。	tatoeba	13528150	俺家那口子又在屋裡嘮叨呢。	CC-CEDICT	Taiwan MOE Concise Dictionary
1979	1892_1	鸭子	鴨子	yā zi		duck	我是一只鸭子。我说英语。	我是一隻鴨子。我說英語。	tatoeba	11509590	我是一只鸭子。我说英语。	CC-CEDICT	
1980	1897_1	站起来	站起來	zhàn qǐ lai		to stand up	我一站起来就觉得头晕。	我一站起來就覺得頭暈。	tatoeba	784821	我一站起来就觉得头晕。	CC-CEDICT	
1981	1897_1	头晕	頭暈	tóu yūn		dizzy	我一站起来就觉得头晕。	我一站起來就覺得頭暈。	tatoeba	784821	我一站起来就觉得头晕。	CC-CEDICT	
1982	1910_1	池塘	池塘	chí táng		pool	池塘里游着一对鸳鸯。	池塘裡遊著一對鴛鴦。	authored			CC-CEDICT	
1983	1910_1	一对	一對	yī duì		couple	池塘里游着一对鸳鸯。	池塘裡遊著一對鴛鴦。	authored			CC-CEDICT	
1984	1910_1	鸳鸯	鴛鴦	yuān yāng		mandarin duck	池塘里游着一对鸳鸯。	池塘裡遊著一對鴛鴦。	authored			CC-CEDICT	
1985	1918_1	以为	以為	yǐ wéi		to think	你还以为我作罢了，不是吗？	你還以為我作罷了，不是嗎？	tatoeba	7012165	你还以为我作罢了，不是吗？	CC-CEDICT	
1986	1918_1	罢了	罷了	bà le		a modal particle indicating	你还以为我作罢了，不是吗？	你還以為我作罷了，不是嗎？	tatoeba	7012165	你还以为我作罢了，不是吗？	CC-CEDICT	
1987	1922_1	圆形	圓形	yuán xíng		round	画一个圆形。	畫一個圓形。	tatoeba	13970682	画一个圆形。	CC-CEDICT	
1988	1924_1	卖国	賣國	mài guó		to betray one's country	小说中的卖国贼最终受到了惩罚。	小說中的賣國賊最終受到了懲罰。	authored			CC-CEDICT	
1989	1924_1	惩罚	懲罰	chéng fá		penalty	小说中的卖国贼最终受到了惩罚。	小說中的賣國賊最終受到了懲罰。	authored			CC-CEDICT	
1990	1925_1	市长	市長	shì zhǎng		mayor	市长否认收受了贿赂。	市長否認收受了賄賂。	tatoeba	431520	市长否认收受了贿赂。	CC-CEDICT	
1991	1925_1	否认	否認	fǒu rèn		to declare to be untrue	市长否认收受了贿赂。	市長否認收受了賄賂。	tatoeba	431520	市长否认收受了贿赂。	CC-CEDICT	
1992	1925_1	收受	收受	shōu shòu		to receive	市长否认收受了贿赂。	市長否認收受了賄賂。	tatoeba	431520	市长否认收受了贿赂。	CC-CEDICT	
1993	1925_1	贿赂	賄賂	huì lù		to bribe	市长否认收受了贿赂。	市長否認收受了賄賂。	tatoeba	431520	市长否认收受了贿赂。	CC-CEDICT	
1994	1927_1	分赃	分贜	fēn zāng		to share the booty	几名罪犯因分赃不均而争吵。	幾名罪犯因分贜不均而爭吵。	authored			CC-CEDICT	
1995	1927_1	不均	不均	bù jūn		uneven	几名罪犯因分赃不均而争吵。	幾名罪犯因分贜不均而爭吵。	authored			CC-CEDICT	
1996	1927_1	争吵	爭吵	zhēng chǎo		to quarrel	几名罪犯因分赃不均而争吵。	幾名罪犯因分贜不均而爭吵。	authored			CC-CEDICT	
1997	1928_1	金钱	金錢	jīn qián		money	金钱可以买一切的想法是错误的。	金錢可以買一切的想法是錯誤的。	tatoeba	353873	金钱可以买一切的想法是错误的。	CC-CEDICT	
1998	1929_1	严格	嚴格	yán gé		strict	严格的规定钳制了市场活力。	嚴格的規定鉗制了市場活力。	authored			CC-CEDICT	
1999	1929_1	活力	活力	huó lì		energy	严格的规定钳制了市场活力。	嚴格的規定鉗制了市場活力。	authored			CC-CEDICT	
2000	1930_1	小狗	小狗	xiǎo gǒu		pup	小狗钻进桌子下面躲雨。	小狗鑽進桌子下面躲雨。	authored			CC-CEDICT	
2001	1930_1	桌子	桌子	zhuō zi		table	小狗钻进桌子下面躲雨。	小狗鑽進桌子下面躲雨。	authored			CC-CEDICT	
2002	1930_1	躲雨	躲雨	duǒ yǔ		to take shelter from the rain	小狗钻进桌子下面躲雨。	小狗鑽進桌子下面躲雨。	authored			CC-CEDICT	
2003	1931_1	肥料	肥料	féi liào		fertilizer	这种肥料含有丰富的钾盐。	這種肥料含有豐富的鉀鹽。	preexisting			CC-CEDICT	
2004	1933_1	马铃薯	馬鈴薯	mǎ líng shǔ		potato	马铃薯是土豆，西红柿是番茄。	馬鈴薯是土豆，西紅柿是番茄。	tatoeba	8588265	马铃薯是土豆，西红柿是番茄。	CC-CEDICT	
2005	1933_1	土豆	土豆	tǔ dòu		potato	马铃薯是土豆，西红柿是番茄。	馬鈴薯是土豆，西紅柿是番茄。	tatoeba	8588265	马铃薯是土豆，西红柿是番茄。	CC-CEDICT	
2006	1933_1	西红柿	西紅柿	xī hóng shì		tomato	马铃薯是土豆，西红柿是番茄。	馬鈴薯是土豆，西紅柿是番茄。	tatoeba	8588265	马铃薯是土豆，西红柿是番茄。	CC-CEDICT	
2007	1933_1	番茄	番茄	fān qié		tomato	马铃薯是土豆，西红柿是番茄。	馬鈴薯是土豆，西紅柿是番茄。	tatoeba	8588265	马铃薯是土豆，西红柿是番茄。	CC-CEDICT	
2008	1934_1	铅笔	鉛筆	qiān bǐ		pencil	如果你需要铅笔，我借你一支。	如果你需要鉛筆，我借你一支。	tatoeba	808253	如果你需要铅笔，我借你一支。	CC-CEDICT	
2009	1939_1	牺牲	犧牲	xī shēng		to sacrifice one's life	为了救许多人牺牲一个人是否道德？	為了救許多人犧牲一個人是否道德？	tatoeba	812366	为了救许多人牺牲一个人是否道德？	CC-CEDICT	
2010	1939_1	道德	道德	dào dé		virtue	为了救许多人牺牲一个人是否道德？	為了救許多人犧牲一個人是否道德？	tatoeba	812366	为了救许多人牺牲一个人是否道德？	CC-CEDICT	
2011	1942_1	周围	周圍	zhōu wéi		environs	在我们的周围没有敌人的迹象。	在我們的周圍沒有敵人的跡象。	tatoeba	1781986	在我们的周围没有敌人的迹象。	CC-CEDICT	
2012	1942_1	迹象	跡象	jì xiàng	jī xiàng	sign	在我们的周围没有敌人的迹象。	在我們的周圍沒有敵人的跡象。	tatoeba	1781986	在我们的周围没有敌人的迹象。	CC-CEDICT	Taiwan MOE Concise Dictionary
2013	1945_1	小区	小區	xiǎo qū		housing estate	这片小区的绿地面积有多少？	這片小區的綠地面積有多少？	tatoeba	420368	这片小区的绿地面积有多少？	CC-CEDICT	
2014	1945_1	面积	面積	miàn jī		area	这片小区的绿地面积有多少？	這片小區的綠地面積有多少？	tatoeba	420368	这片小区的绿地面积有多少？	CC-CEDICT	
2015	1948_1	幼儿	幼兒	yòu ér		young child	幼儿园老师有时被称为孩子王。	幼兒園老師有時被稱為孩子王。	tatoeba	1567745	幼儿园老师有时被称为孩子王。	CC-CEDICT	
2016	1951_1	毛笔	毛筆	máo bǐ		writing brush	毛笔搁在木制笔架上。	毛筆擱在木製筆架上。	authored			CC-CEDICT	
2017	1951_1	木制	木製	mù zhì		wooden	毛笔搁在木制笔架上。	毛筆擱在木製筆架上。	authored			CC-CEDICT	
2018	1951_1	笔架	筆架	bǐ jià		pen rack	毛笔搁在木制笔架上。	毛筆擱在木製筆架上。	authored			CC-CEDICT	
2019	1954_1	境况	境況	jìng kuàng		circumstances	那家工厂的境况不太好，背了很多债务。	那家工廠的境況不太好，背了很多債務。	tatoeba	3659905	那家工厂的境况不太好，背了很多债务。	CC-CEDICT	
2020	1954_1	不太好	不太好	bù tài hǎo		not so good	那家工厂的境况不太好，背了很多债务。	那家工廠的境況不太好，背了很多債務。	tatoeba	3659905	那家工厂的境况不太好，背了很多债务。	CC-CEDICT	
2021	1954_1	债务	債務	zhài wù		debt	那家工厂的境况不太好，背了很多债务。	那家工廠的境況不太好，背了很多債務。	tatoeba	3659905	那家工厂的境况不太好，背了很多债务。	CC-CEDICT	
2022	1959_1	公开	公開	gōng kāi		open	汤姆公开自己的同性恋倾向。	湯姆公開自己的同性戀傾向。	tatoeba	9495360	汤姆公开自己的同性恋倾向。	CC-CEDICT	
2023	1959_1	同性	同性	tóng xìng		same nature	汤姆公开自己的同性恋倾向。	湯姆公開自己的同性戀傾向。	tatoeba	9495360	汤姆公开自己的同性恋倾向。	CC-CEDICT	
2024	1965_1	租赁	租賃	zū lìn		to rent	这家汽车租赁公司提供了优质的客服业务。	這家汽車租賃公司提供了優質的客服業務。	tatoeba	13527727	這家汽車租賃公司提供了優質的客服業務。	CC-CEDICT	
2025	1965_1	优质	優質	yōu zhì		excellent quality	这家汽车租赁公司提供了优质的客服业务。	這家汽車租賃公司提供了優質的客服業務。	tatoeba	13527727	這家汽車租賃公司提供了優質的客服業務。	CC-CEDICT	
2026	1965_1	业务	業務	yè wù		business	这家汽车租赁公司提供了优质的客服业务。	這家汽車租賃公司提供了優質的客服業務。	tatoeba	13527727	這家汽車租賃公司提供了優質的客服業務。	CC-CEDICT	
2027	1978_1	舰队	艦隊	jiàn duì		fleet	舰队驶离港口前往远海。	艦隊駛離港口前往遠海。	authored			CC-CEDICT	
2028	1979_1	乘客	乘客	chéng kè		passenger	乘客回到船舱休息。	乘客回到船艙休息。	authored			CC-CEDICT	
2029	1979_1	休息	休息	xiū xi	xiū xí	rest	乘客回到船舱休息。	乘客回到船艙休息。	authored			CC-CEDICT	Taiwan MOE Concise Dictionary
2030	1984_1	雪山	雪山	xuě shān		snow-capped mountain	雪山高耸入云。	雪山高聳入雲。	authored			CC-CEDICT	
2031	1984_1	高耸	高聳	gāo sǒng		erect	雪山高耸入云。	雪山高聳入雲。	authored			CC-CEDICT	
2032	1987_1	作为	作為	zuò wéi		one's conduct	总统作为一位真正的爱国者发言。	總統作為一位真正的愛國者發言。	tatoeba	9961482	总统作为一位真正的爱国者发言。	CC-CEDICT	
2033	1987_1	爱国	愛國	ài guó		to love one's country	总统作为一位真正的爱国者发言。	總統作為一位真正的愛國者發言。	tatoeba	9961482	总统作为一位真正的爱国者发言。	CC-CEDICT	
2034	1990_1	颁布	頒布	bān bù		to issue	政府颁布了新的交通法规。	政府頒布了新的交通法規。	authored			CC-CEDICT	
2035	1990_1	法规	法規	fǎ guī		legislation	政府颁布了新的交通法规。	政府頒布了新的交通法規。	authored			CC-CEDICT	
2036	1991_1	歌颂	歌頌	gē sòng		to sing the praises of	诗人用作品歌颂故乡。	詩人用作品歌頌故鄉。	authored			CC-CEDICT	
2037	1998_1	遭受	遭受	zāo shòu		to suffer	遭受心脏病困扰的人数增加了。	遭受心臟病困擾的人數增加了。	tatoeba	333261	遭受心脏病困扰的人数增加了。	CC-CEDICT	
2038	1998_1	心脏	心臟	xīn zàng		heart	遭受心脏病困扰的人数增加了。	遭受心臟病困擾的人數增加了。	tatoeba	333261	遭受心脏病困扰的人数增加了。	CC-CEDICT	
2039	1998_1	困扰	困擾	kùn rǎo		to perplex	遭受心脏病困扰的人数增加了。	遭受心臟病困擾的人數增加了。	tatoeba	333261	遭受心脏病困扰的人数增加了。	CC-CEDICT	
2040	1998_1	人数	人數	rén shù		number of people	遭受心脏病困扰的人数增加了。	遭受心臟病困擾的人數增加了。	tatoeba	333261	遭受心脏病困扰的人数增加了。	CC-CEDICT	
2041	1999_1	无尾熊	無尾熊	wú wěi xióng		koala	无尾熊没有肚脐。	無尾熊沒有肚臍。	tatoeba	1750080	无尾熊没有肚脐。	CC-CEDICT	
2042	1999_1	肚脐	肚臍	dù qí		navel	无尾熊没有肚脐。	無尾熊沒有肚臍。	tatoeba	1750080	无尾熊没有肚脐。	CC-CEDICT	
2043	2000_1	雨鞋	雨鞋	yǔ xié		waterproof footwear	雨鞋是用橡胶制成的。	雨鞋是用橡膠製成的。	authored			CC-CEDICT	
2044	2000_1	橡胶	橡膠	xiàng jiāo		rubber	雨鞋是用橡胶制成的。	雨鞋是用橡膠製成的。	authored			CC-CEDICT	
2045	2000_1	制成	製成	zhì chéng		to manufacture	雨鞋是用橡胶制成的。	雨鞋是用橡膠製成的。	authored			CC-CEDICT	
2046	2001_1	电脑	電腦	diàn nǎo		computer	我有钱的话，我就买这台电脑。	我有錢的話，我就買這臺電腦。	tatoeba	683602	我有钱的话，我就买这台电脑。	CC-CEDICT	
2047	2002_1	伤口	傷口	shāng kǒu		wound	医生处理了伤口上的脓包。	醫生處理了傷口上的膿包。	authored			CC-CEDICT	
2048	2002_1	脓包	膿包	nóng bāo		pustule	医生处理了伤口上的脓包。	醫生處理了傷口上的膿包。	authored			CC-CEDICT	
2049	2008_1	鸵鸟	鴕鳥	tuó niǎo		ostrich	鸸鹋和鸵鸟有什么区别？	鴯鶓和鴕鳥有什麼區別？	tatoeba	13924819	鴯鶓和鴕鳥有什麼區別？	CC-CEDICT	
2050	2010_1	描绘	描繪	miáo huì		to describe	这幅画描绘了一对鸳鸯。	這幅畫描繪了一對鴛鴦。	authored			CC-CEDICT	
2051	2011_1	自然	自然	zì rán		nature	这件裙子的褶皱很自然。	這件裙子的褶皺很自然。	authored			CC-CEDICT	
2052	2012_1	宁愿	寧願	nìng yuàn	níng yuàn	would rather ...	我宁愿饿死，也不会去偷东西。	我寧願餓死，也不會去偷東西。	tatoeba	482354	我寧願餓死，也不會去偷東西。	CC-CEDICT	Taiwan MOE Concise Dictionary
2053	2012_1	饿死	餓死	è sǐ		to starve to death	我宁愿饿死，也不会去偷东西。	我寧願餓死，也不會去偷東西。	tatoeba	482354	我寧願餓死，也不會去偷東西。	CC-CEDICT	
2054	2013_1	气馁	氣餒	qì něi		to be discouraged	玛丽告诉我她不气馁。	瑪麗告訴我她不氣餒。	tatoeba	9408586	玛丽告诉我她不气馁。	CC-CEDICT	
2055	2016_1	恋爱	戀愛	liàn ài		love	不，直到现在她都没有恋爱过。	不，直到現在她都沒有戀愛過。	tatoeba	1743568	不，直到现在她都没有恋爱过。	CC-CEDICT	
2056	2017_1	螺旋	螺旋	luó xuán		spiral	船的螺旋桨被渔网缠住了。	船的螺旋槳被漁網纏住了。	authored			CC-CEDICT	
2057	2018_1	火山	火山	huǒ shān		volcano	火山喷出了炽热的岩浆。	火山噴出了熾熱的岩漿。	authored			CC-CEDICT	
2058	2018_1	喷出	噴出	pēn chū		spout	火山喷出了炽热的岩浆。	火山噴出了熾熱的岩漿。	authored			CC-CEDICT	
2059	2018_1	炽热	熾熱	chì rè		red-hot	火山喷出了炽热的岩浆。	火山噴出了熾熱的岩漿。	authored			CC-CEDICT	
2060	2018_1	岩浆	岩漿	yán jiāng		magma	火山喷出了炽热的岩浆。	火山噴出了熾熱的岩漿。	authored			CC-CEDICT	
2061	2024_0	批准	批准	pī zhǔn		to approve	那个四年计划必须获得批准。	那個四年計劃必須獲得批准。	tatoeba	4831157	那个四年计划必须获得批准。	CC-CEDICT	
2062	2026_0	中药	中藥	zhōng yào		traditional Chinese medicine	她吃了中药，减轻了她的症状。	她吃了中藥，減輕了她的症狀。	tatoeba	1616576	她吃了中藥，減輕了她的症狀。	CC-CEDICT	
2063	2026_0	减轻	減輕	jiǎn qīng		to lighten	她吃了中药，减轻了她的症状。	她吃了中藥，減輕了她的症狀。	tatoeba	1616576	她吃了中藥，減輕了她的症狀。	CC-CEDICT	
2064	2026_0	症状	症狀	zhèng zhuàng		symptom	她吃了中药，减轻了她的症状。	她吃了中藥，減輕了她的症狀。	tatoeba	1616576	她吃了中藥，減輕了她的症狀。	CC-CEDICT	
2065	2026_1	找到	找到	zhǎo dào		to find	我们终于找到了问题的症结。	我們終於找到了問題的癥結。	authored			CC-CEDICT	
2066	2029_1	信徒	信徒	xìn tú		believer	信徒在节日期间进行斋戒。	信徒在節日期間進行齋戒。	authored			CC-CEDICT	
2067	2029_1	节日	節日	jié rì		holiday	信徒在节日期间进行斋戒。	信徒在節日期間進行齋戒。	authored			CC-CEDICT	
2068	2035_1	正要	正要	zhèng yào		to be just about to	我正要离开家的时候电话响了。	我正要離開家的時候電話響了。	tatoeba	336929	我正要离开家的时候电话响了。	CC-CEDICT	
2069	2035_1	离开	離開	lí kāi		to depart	我正要离开家的时候电话响了。	我正要離開家的時候電話響了。	tatoeba	336929	我正要离开家的时候电话响了。	CC-CEDICT	
2070	2039_1	消耗	消耗	xiāo hào		to consume	我们消耗了所有的自然资源。	我們消耗了所有的自然資源。	tatoeba	813474	我们消耗了所有的自然资源。	CC-CEDICT	
2071	2043_1	竞争	競爭	jìng zhēng		to compete	新的竞争机制使大家干劲儿大增。	新的競爭機制使大家幹勁兒大增。	tatoeba	715573	新的竞争机制使大家干劲儿大增。	CC-CEDICT	
2072	2043_1	机制	機制	jī zhì		mechanism	新的竞争机制使大家干劲儿大增。	新的競爭機制使大家幹勁兒大增。	tatoeba	715573	新的竞争机制使大家干劲儿大增。	CC-CEDICT	
2073	2043_1	劲儿	勁兒	jìn r		energy	新的竞争机制使大家干劲儿大增。	新的競爭機制使大家幹勁兒大增。	tatoeba	715573	新的竞争机制使大家干劲儿大增。	CC-CEDICT	
2074	2048_1	有些人	有些人	yǒu xiē rén		some people	有些人认为阅读简直浪费时间。	有些人認為閲讀簡直浪費時間。	tatoeba	623220	有些人认为阅读简直浪费时间。	CC-CEDICT	
2075	2048_1	简直	簡直	jiǎn zhí		simply	有些人认为阅读简直浪费时间。	有些人認為閲讀簡直浪費時間。	tatoeba	623220	有些人认为阅读简直浪费时间。	CC-CEDICT	
2076	2060_1	有氧运动	有氧運動	yǒu yǎng yùn dòng		aerobics	做有氧运动可以有效燃烧脂肪。	做有氧運動可以有效燃燒脂肪。	tatoeba	13537163	做有氧運動可以有效燃燒脂肪。	CC-CEDICT	
2077	2060_1	燃烧	燃燒	rán shāo		to ignite	做有氧运动可以有效燃烧脂肪。	做有氧運動可以有效燃燒脂肪。	tatoeba	13537163	做有氧運動可以有效燃燒脂肪。	CC-CEDICT	
2078	2060_1	脂肪	脂肪	zhī fáng		fat	做有氧运动可以有效燃烧脂肪。	做有氧運動可以有效燃燒脂肪。	tatoeba	13537163	做有氧運動可以有效燃燒脂肪。	CC-CEDICT	
2079	2061_1	蛋糕	蛋糕	dàn gāo		cake	汤姆吹灭了蛋糕上的所有蜡烛。	湯姆吹滅了蛋糕上的所有蠟燭。	tatoeba	5581762	汤姆吹灭了蛋糕上的所有蜡烛。	CC-CEDICT	
2080	2061_1	蜡烛	蠟燭	là zhú		candle	汤姆吹灭了蛋糕上的所有蜡烛。	湯姆吹滅了蛋糕上的所有蠟燭。	tatoeba	5581762	汤姆吹灭了蛋糕上的所有蜡烛。	CC-CEDICT	
2081	2064_1	报名	報名	bào míng		to sign up	报名人数正在逐年递增。	報名人數正在逐年遞增。	authored			CC-CEDICT	
2082	2064_1	逐年	逐年	zhú nián		year after year	报名人数正在逐年递增。	報名人數正在逐年遞增。	authored			CC-CEDICT	
2083	2064_1	递增	遞增	dì zēng		to increase by degrees	报名人数正在逐年递增。	報名人數正在逐年遞增。	authored			CC-CEDICT	
2084	2065_1	胡锦涛	胡錦濤	hú jǐn tāo		Hu Jintao	谁知道胡锦涛的生日？	誰知道胡錦濤的生日？	tatoeba	774527	谁知道胡锦涛的生日？	CC-CEDICT	
2085	2067_1	暴雨	暴雨	bào yǔ		torrential rain	连续暴雨造成了严重洪涝。	連續暴雨造成了嚴重洪澇。	authored			CC-CEDICT	
2086	2072_1	发动	發動	fā dòng		to start	发动机使用涡轮提高效率。	發動機使用渦輪提高效率。	authored			CC-CEDICT	
2087	2072_1	涡轮	渦輪	wō lún		turbine	发动机使用涡轮提高效率。	發動機使用渦輪提高效率。	authored			CC-CEDICT	
2088	2072_1	提高	提高	tí gāo		to raise	发动机使用涡轮提高效率。	發動機使用渦輪提高效率。	authored			CC-CEDICT	
2089	2075_0	近代	近代	jìn dài		the not-very-distant past	涂长望是中国近代气象学家。	涂長望是中國近代氣象學家。	authored			CC-CEDICT	
2090	2075_0	气象	氣象	qì xiàng		meteorological condition	涂长望是中国近代气象学家。	涂長望是中國近代氣象學家。	authored			CC-CEDICT	
2091	2075_1	路口	路口	lù kǒu		crossing	这个路口正在翻修，被挖得一塌糊涂。	這個路口正在翻修，被挖得一塌糊塗。	tatoeba	6014656	這個路口正在翻修，被挖得一塌糊塗。	CC-CEDICT	
2092	2075_1	翻修	翻修	fān xiū		to rebuild	这个路口正在翻修，被挖得一塌糊涂。	這個路口正在翻修，被挖得一塌糊塗。	tatoeba	6014656	這個路口正在翻修，被挖得一塌糊塗。	CC-CEDICT	
2093	2075_1	糊涂	糊塗	hú tu	hú tú	muddled	这个路口正在翻修，被挖得一塌糊涂。	這個路口正在翻修，被挖得一塌糊塗。	tatoeba	6014656	這個路口正在翻修，被挖得一塌糊塗。	CC-CEDICT	Taiwan MOE Concise Dictionary
2094	2079_1	冷水	冷水	lěng shuǐ		cold water	这件衣服需要用冷水洗涤。	這件衣服需要用冷水洗滌。	preexisting			CC-CEDICT	
2095	2079_1	洗涤	洗滌	xǐ dí		to rinse	这件衣服需要用冷水洗涤。	這件衣服需要用冷水洗滌。	preexisting			CC-CEDICT	
2096	2081_1	利润	利潤	lì rùn		profits	经济利润和正常利润有什么区别？	經濟利潤和正常利潤有什麼區別？	tatoeba	8588166	经济利润和正常利润有什么区别？	CC-CEDICT	
2097	2082_1	翡翠	翡翠	fěi cuì		jadeite	翡翠般的青山，山涧中的流水声潺潺。	翡翠般的青山，山澗中的流水聲潺潺。	tatoeba	912701	翡翠般的青山，山涧中的流水声潺潺。	CC-CEDICT	
2098	2082_1	青山	青山	qīng shān		green hills	翡翠般的青山，山涧中的流水声潺潺。	翡翠般的青山，山澗中的流水聲潺潺。	tatoeba	912701	翡翠般的青山，山涧中的流水声潺潺。	CC-CEDICT	
2099	2082_1	山涧	山澗	shān jiàn		mountain stream	翡翠般的青山，山涧中的流水声潺潺。	翡翠般的青山，山澗中的流水聲潺潺。	tatoeba	912701	翡翠般的青山，山涧中的流水声潺潺。	CC-CEDICT	
2100	2082_1	流水	流水	liú shuǐ		running water	翡翠般的青山，山涧中的流水声潺潺。	翡翠般的青山，山澗中的流水聲潺潺。	tatoeba	912701	翡翠般的青山，山涧中的流水声潺潺。	CC-CEDICT	
2101	2082_1	潺潺	潺潺	chán chán		murmur	翡翠般的青山，山涧中的流水声潺潺。	翡翠般的青山，山澗中的流水聲潺潺。	tatoeba	912701	翡翠般的青山，山涧中的流水声潺潺。	CC-CEDICT	
2102	2086_1	物价	物價	wù jià		prices	物价上涨是多方因素造成的。	物價上漲是多方因素造成的。	tatoeba	345810	物价上涨是多方因素造成的。	CC-CEDICT	
2103	2086_1	上涨	上漲	shàng zhǎng		to rise	物价上涨是多方因素造成的。	物價上漲是多方因素造成的。	tatoeba	345810	物价上涨是多方因素造成的。	CC-CEDICT	
2104	2086_1	多方	多方	duō fāng		in many ways	物价上涨是多方因素造成的。	物價上漲是多方因素造成的。	tatoeba	345810	物价上涨是多方因素造成的。	CC-CEDICT	
2105	2086_1	因素	因素	yīn sù		element	物价上涨是多方因素造成的。	物價上漲是多方因素造成的。	tatoeba	345810	物价上涨是多方因素造成的。	CC-CEDICT	
2106	2088_1	入口	入口	rù kǒu		entrance	这种药入口十分苦涩。	這種藥入口十分苦澀。	authored			CC-CEDICT	
2107	2088_1	苦涩	苦澀	kǔ sè		bitter and astringent	这种药入口十分苦涩。	這種藥入口十分苦澀。	authored			CC-CEDICT	
2108	2095_1	怜悯	憐憫	lián mǐn		to take pity on	怜悯一点。	憐憫一點。	tatoeba	13138799	憐憫一點。	CC-CEDICT	
2109	2098_1	中央	中央	zhōng yāng		central	广场中央有一条宽阔的大道。	廣場中央有一條寬闊的大道。	authored			CC-CEDICT	
2110	2098_1	宽阔	寬闊	kuān kuò		expansive	广场中央有一条宽阔的大道。	廣場中央有一條寬闊的大道。	authored			CC-CEDICT	
2111	2098_1	大道	大道	dà dào		main street	广场中央有一条宽阔的大道。	廣場中央有一條寬闊的大道。	authored			CC-CEDICT	
2112	2099_1	毕竟	畢竟	bì jìng		after all	毕竟，这家伙有一次想杀我爸。	畢竟，這傢伙有一次想殺我爸。	tatoeba	5581669	毕竟，这家伙有一次想杀我爸。	CC-CEDICT	
2113	2099_1	家伙	傢伙	jiā huo	jiā huǒ	guy	毕竟，这家伙有一次想杀我爸。	畢竟，這傢伙有一次想殺我爸。	tatoeba	5581669	毕竟，这家伙有一次想杀我爸。	CC-CEDICT	Taiwan MOE Concise Dictionary
2114	2102_1	菲律宾	菲律賓	fēi lǜ bīn		the Philippines	我最好的朋友是菲律宾人。	我最好的朋友是菲律賓人。	tatoeba	10335091	我最好的朋友是菲律賓人。	CC-CEDICT	
2115	2103_1	师傅	師傅	shī fu	shī fù	master	师傅教了我一个修锁的窍门。	師傅教了我一個修鎖的竅門。	authored			CC-CEDICT	Taiwan MOE Concise Dictionary
2116	2103_1	窍门	竅門	qiào mén		a trick	师傅教了我一个修锁的窍门。	師傅教了我一個修鎖的竅門。	authored			CC-CEDICT	
2117	2108_1	邀请	邀請	yāo qǐng		to invite	除了我，每个人都受到了邀请。	除了我，每個人都受到了邀請。	tatoeba	390477	除了我，每个人都受到了邀请。	CC-CEDICT	
2118	2111_1	所知	所知	suǒ zhī		known	就我所知，他是个遵守承诺的人。	就我所知，他是個遵守承諾的人。	tatoeba	472839	就我所知，他是个遵守承诺的人。	CC-CEDICT	
2119	2114_1	诽谤	誹謗	fěi bàng		to slander	别诽谤我。	別誹謗我。	tatoeba	13897311	别诽谤我。	CC-CEDICT	
2120	2115_1	生气	生氣	shēng qì		to get angry	她很生气地把鞋子，袜子脱掉。	她很生氣地把鞋子，襪子脫掉。	tatoeba	1654917	她很生气地把鞋子，袜子脱掉。	CC-CEDICT	
2121	2115_1	脱掉	脫掉	tuō diào		to remove	她很生气地把鞋子，袜子脱掉。	她很生氣地把鞋子，襪子脫掉。	tatoeba	1654917	她很生气地把鞋子，袜子脱掉。	CC-CEDICT	
2122	2120_1	婴儿	嬰兒	yīng ér		infant	你应该去上婴儿心肺复苏课程。	你應該去上嬰兒心肺復甦課程。	tatoeba	8741556	你应该去上婴儿心肺复苏课程。	CC-CEDICT	
2123	2120_1	心肺	心肺	xīn fèi		the heart and lungs	你应该去上婴儿心肺复苏课程。	你應該去上嬰兒心肺復甦課程。	tatoeba	8741556	你应该去上婴儿心肺复苏课程。	CC-CEDICT	
2124	2120_1	复苏	復甦	fù sū		to recover	你应该去上婴儿心肺复苏课程。	你應該去上嬰兒心肺復甦課程。	tatoeba	8741556	你应该去上婴儿心肺复苏课程。	CC-CEDICT	
2125	2120_1	课程	課程	kè chéng		course	你应该去上婴儿心肺复苏课程。	你應該去上嬰兒心肺復甦課程。	tatoeba	8741556	你应该去上婴儿心肺复苏课程。	CC-CEDICT	
2126	2123_1	调整	調整	tiáo zhěng		to adjust	系统会调整成允许你看到的内容。	系統會調整成允許你看到的內容。	tatoeba	9974954	系统会调整成允许你看到的内容。	CC-CEDICT	
2127	2125_1	原谅	原諒	yuán liàng		to excuse	请你原谅我很久没给你写信了。	請你原諒我很久沒給你寫信了。	tatoeba	346813	请你原谅我很久没给你写信了。	CC-CEDICT	
2128	2126_1	诚实	誠實	chéng shí		honest	老师谆谆告诫我们要诚实。	老師諄諄告誡我們要誠實。	authored			CC-CEDICT	
2129	2127_1	命运	命運	mìng yùn		fate	人质的命运取决于谈判的结果。	人質的命運取決於談判的結果。	tatoeba	510682	人质的命运取决于谈判的结果。	CC-CEDICT	
2130	2127_1	取决	取決	qǔ jué		to hinge on	人质的命运取决于谈判的结果。	人質的命運取決於談判的結果。	tatoeba	510682	人质的命运取决于谈判的结果。	CC-CEDICT	
2131	2127_1	谈判	談判	tán pàn		to negotiate	人质的命运取决于谈判的结果。	人質的命運取決於談判的結果。	tatoeba	510682	人质的命运取决于谈判的结果。	CC-CEDICT	
2132	2128_1	友谊	友誼	yǒu yì		friendship	真正的友谊比金钱更有价值。	真正的友誼比金錢更有價值。	tatoeba	482695	真正的友谊比金钱更有价值。	CC-CEDICT	
2133	2130_1	根据	根據	gēn jù		according to	根据医生诚恳的表示，很显然他已经有对病人不太好的消息了。	根據醫生誠懇的表示，很顯然他已經有對病人不太好的訊息了。	tatoeba	503007	根据医生诚恳的表示，很显然他已经有对病人不太好的消息了。	CC-CEDICT	
2134	2130_1	诚恳	誠懇	chéng kěn		sincere	根据医生诚恳的表示，很显然他已经有对病人不太好的消息了。	根據醫生誠懇的表示，很顯然他已經有對病人不太好的訊息了。	tatoeba	503007	根据医生诚恳的表示，很显然他已经有对病人不太好的消息了。	CC-CEDICT	
2135	2130_1	表示	表示	biǎo shì		to express	根据医生诚恳的表示，很显然他已经有对病人不太好的消息了。	根據醫生誠懇的表示，很顯然他已經有對病人不太好的訊息了。	tatoeba	503007	根据医生诚恳的表示，很显然他已经有对病人不太好的消息了。	CC-CEDICT	
2136	2130_1	显然	顯然	xiǎn rán		clearly	根据医生诚恳的表示，很显然他已经有对病人不太好的消息了。	根據醫生誠懇的表示，很顯然他已經有對病人不太好的訊息了。	tatoeba	503007	根据医生诚恳的表示，很显然他已经有对病人不太好的消息了。	CC-CEDICT	
2137	2132_1	戏剧	戲劇	xì jù		a drama	汤姆和玛丽的故事富有戏剧性。	湯姆和瑪麗的故事富有戲劇性。	tatoeba	9974983	汤姆和玛丽的故事富有戏剧性。	CC-CEDICT	
2138	2150_1	手绢	手絹	shǒu juàn		handkerchief	我在烫我的手绢。	我在燙我的手絹。	tatoeba	343786	我在烫我的手绢。	CC-CEDICT	
2139	2151_1	刺绣	刺綉	cì xiù		to embroider	她在衣领上绣了一朵精美的刺绣。	她在衣領上繡了一朵精美的刺綉。	authored			CC-CEDICT	
2140	2152_1	经验	經驗	jīng yàn		experience	汤姆不是一个经验老道的司机。	湯姆不是一個經驗老道的司機。	tatoeba	13046545	汤姆不是一个经验老道的司机。	CC-CEDICT	
2141	2152_1	司机	司機	sī jī		chauffeur	汤姆不是一个经验老道的司机。	湯姆不是一個經驗老道的司機。	tatoeba	13046545	汤姆不是一个经验老道的司机。	CC-CEDICT	
2142	2154_1	绵延	綿延	mián yán		to be continuous	骏马迎春，福运绵延！	駿馬迎春，福運綿延！	tatoeba	13756641	駿馬迎春，福運綿延！	CC-CEDICT	
2143	2156_1	申请	申請	shēn qǐng		to apply for sth	申请手续比预想的更加繁琐。	申請手續比預想的更加繁瑣。	preexisting			CC-CEDICT	
2144	2156_1	手续	手續	shǒu xù		procedure	申请手续比预想的更加繁琐。	申請手續比預想的更加繁瑣。	preexisting			CC-CEDICT	
2145	2156_1	预想	預想	yù xiǎng		to anticipate	申请手续比预想的更加繁琐。	申請手續比預想的更加繁瑣。	preexisting			CC-CEDICT	
2146	2156_1	更加	更加	gèng jiā		more	申请手续比预想的更加繁琐。	申請手續比預想的更加繁瑣。	preexisting			CC-CEDICT	
2147	2186_1	催泪	催淚	cuī lèi		to move to tears	警方将催泪弹投掷到了建筑中。	警方將催淚彈投擲到了建築中。	tatoeba	10460780	警方將催淚彈投擲到了建築中。	CC-CEDICT	
2148	2186_1	投掷	投擲	tóu zhì	tóu zhí	to throw sth a long distance	警方将催泪弹投掷到了建筑中。	警方將催淚彈投擲到了建築中。	tatoeba	10460780	警方將催淚彈投擲到了建築中。	CC-CEDICT	Taiwan MOE Concise Dictionary
2149	2189_0	销路	銷路	xiāo lù		sale	他的书销路不好，所以现在手头十分拮据。	他的書銷路不好，所以現在手頭十分拮据。	tatoeba	540637	他的書銷路不好，所以現在手頭十分拮据。	CC-CEDICT	
2150	2189_0	手头	手頭	shǒu tóu		on hand	他的书销路不好，所以现在手头十分拮据。	他的書銷路不好，所以現在手頭十分拮据。	tatoeba	540637	他的書銷路不好，所以現在手頭十分拮据。	CC-CEDICT	
2151	2189_0	拮据	拮据	jié jū		hard pressed for money	他的书销路不好，所以现在手头十分拮据。	他的書銷路不好，所以現在手頭十分拮据。	tatoeba	540637	他的書銷路不好，所以現在手頭十分拮据。	CC-CEDICT	
2152	2189_1	习俗	習俗	xí sú		custom	根据习俗，新娘应该循规蹈矩。	根據習俗，新娘應該循規蹈矩。	tatoeba	805577	根据习俗，新娘应该循规蹈矩。	CC-CEDICT	
2153	2189_1	新娘	新娘	xīn niáng		bride	根据习俗，新娘应该循规蹈矩。	根據習俗，新娘應該循規蹈矩。	tatoeba	805577	根据习俗，新娘应该循规蹈矩。	CC-CEDICT	
2154	2189_1	循规蹈矩	循規蹈矩	xún guī dǎo jǔ	xún guī dào jǔ	to follow the rules inflexibly	根据习俗，新娘应该循规蹈矩。	根據習俗，新娘應該循規蹈矩。	tatoeba	805577	根据习俗，新娘应该循规蹈矩。	CC-CEDICT	Taiwan MOE Concise Dictionary
2155	2191_1	检测	檢測	jiǎn cè		to test	检测发现这批蜂蜜存在掺假问题。	檢測發現這批蜂蜜存在摻假問題。	authored			CC-CEDICT	
2156	2191_1	蜂蜜	蜂蜜	fēng mì		honey	检测发现这批蜂蜜存在掺假问题。	檢測發現這批蜂蜜存在摻假問題。	authored			CC-CEDICT	
2157	2192_1	律师	律師	lǜ shī		lawyer	他选择了律师作为他的终生职业。	他選擇了律師作為他的終生職業。	tatoeba	353499	他选择了律师作为他的终生职业。	CC-CEDICT	
2158	2192_1	职业	職業	zhí yè		occupation	他选择了律师作为他的终生职业。	他選擇了律師作為他的終生職業。	tatoeba	353499	他选择了律师作为他的终生职业。	CC-CEDICT	
2159	2204_1	午餐	午餐	wǔ cān		lunch	汤姆午餐只吃了三个胡萝卜。	湯姆午餐只吃了三個胡蘿蔔。	tatoeba	9409425	汤姆午餐只吃了三个胡萝卜。	CC-CEDICT	
2160	2204_1	胡萝卜	胡蘿蔔	hú luó bo		carrot	汤姆午餐只吃了三个胡萝卜。	湯姆午餐只吃了三個胡蘿蔔。	tatoeba	9409425	汤姆午餐只吃了三个胡萝卜。	CC-CEDICT	
2161	2213_1	萤石	螢石	yíng shí		fluorite CaF2	萤石在紫外线下会发出荧光。	螢石在紫外線下會發出熒光。	authored			CC-CEDICT	
2162	2214_1	经营	經營	jīng yíng		to engage in	那家公司由我的哥哥经营。	那家公司由我的哥哥經營。	tatoeba	14023308	那家公司由我的哥哥经营。	CC-CEDICT	
2163	2216_1	萧条	蕭條	xiāo tiáo		bleak	有谁知道如何在经济萧条的时候挣得金钱？	有誰知道如何在經濟蕭條的時候掙得金錢？	tatoeba	767042	有誰知道如何在經濟蕭條的時候掙得金錢？	CC-CEDICT	
2164	2217_1	木头	木頭	mù tou		wood	他在木头上刻了一个菩萨像。	他在木頭上刻了一個菩薩像。	tatoeba	512438	他在木头上刻了一个菩萨像。	CC-CEDICT	
2165	2217_1	菩萨	菩薩	pú sà		bodhisattva	他在木头上刻了一个菩萨像。	他在木頭上刻了一個菩薩像。	tatoeba	512438	他在木头上刻了一个菩萨像。	CC-CEDICT	
2166	2221_1	从小	從小	cóng xiǎo		from childhood	我从小就梦想着做一名糕点师。	我從小就夢想著做一名糕點師。	tatoeba	348914	我从小就梦想着做一名糕点师。	CC-CEDICT	
2167	2221_1	糕点	糕點	gāo diǎn		cakes	我从小就梦想着做一名糕点师。	我從小就夢想著做一名糕點師。	tatoeba	348914	我从小就梦想着做一名糕点师。	CC-CEDICT	
2168	2227_1	检察	檢察	jiǎn chá		to inspect	检察院依法审查了这起案件。	檢察院依法審查了這起案件。	authored			CC-CEDICT	
2169	2227_1	依法	依法	yī fǎ		legal	检察院依法审查了这起案件。	檢察院依法審查了這起案件。	authored			CC-CEDICT	
2170	2227_1	审查	審查	shěn chá		to examine	检察院依法审查了这起案件。	檢察院依法審查了這起案件。	authored			CC-CEDICT	
2171	2227_1	案件	案件	àn jiàn		case	检察院依法审查了这起案件。	檢察院依法審查了這起案件。	authored			CC-CEDICT	
2172	2236_1	友情	友情	yǒu qíng		friendly feelings	他们的友情酝酿成了爱情。	他們的友情醖釀成了愛情。	tatoeba	604494	他们的友情酝酿成了爱情。	CC-CEDICT	
2173	2236_1	酝酿	醖釀	yùn niàng		to ferment	他们的友情酝酿成了爱情。	他們的友情醖釀成了愛情。	tatoeba	604494	他们的友情酝酿成了爱情。	CC-CEDICT	
2174	2236_1	成了	成了	chéng le		to be done	他们的友情酝酿成了爱情。	他們的友情醖釀成了愛情。	tatoeba	604494	他们的友情酝酿成了爱情。	CC-CEDICT	
2175	2241_1	下个月	下個月	xià gè yuè		next month	下个月就要进行硕士论文答辩了。	下個月就要進行碩士論文答辯了。	tatoeba	3380545	下个月就要进行硕士论文答辩了。	CC-CEDICT	
2176	2241_1	就要	就要	jiù yào		will	下个月就要进行硕士论文答辩了。	下個月就要進行碩士論文答辯了。	tatoeba	3380545	下个月就要进行硕士论文答辩了。	CC-CEDICT	
2177	2241_1	硕士	碩士	shuò shì		master's degree	下个月就要进行硕士论文答辩了。	下個月就要進行碩士論文答辯了。	tatoeba	3380545	下个月就要进行硕士论文答辩了。	CC-CEDICT	
2178	2241_1	论文	論文	lùn wén		paper	下个月就要进行硕士论文答辩了。	下個月就要進行碩士論文答辯了。	tatoeba	3380545	下个月就要进行硕士论文答辩了。	CC-CEDICT	
2179	2241_1	答辩	答辯	dá biàn		to reply	下个月就要进行硕士论文答辩了。	下個月就要進行碩士論文答辯了。	tatoeba	3380545	下个月就要进行硕士论文答辩了。	CC-CEDICT	
2180	2245_1	长期	長期	cháng qī	cháng qí	long-term	长期处在噪声中可能导致耳聋。	長期處在噪聲中可能導致耳聾。	authored			CC-CEDICT	Taiwan MOE Concise Dictionary
2181	2245_1	噪声	噪聲	zào shēng		noise	长期处在噪声中可能导致耳聋。	長期處在噪聲中可能導致耳聾。	authored			CC-CEDICT	
2182	2246_1	连串	連串	lián chuàn		one after the other	一连串的灾难袭击这个地区。	一連串的災難襲擊這個地區。	tatoeba	797066	一連串的災難襲擊這個地區。	CC-CEDICT	
2183	2246_1	袭击	襲擊	xí jī	xí jí	attack	一连串的灾难袭击这个地区。	一連串的災難襲擊這個地區。	tatoeba	797066	一連串的災難襲擊這個地區。	CC-CEDICT	Taiwan MOE Concise Dictionary
2184	2250_1	虚拟	虛擬	xū nǐ		to imagine	虚拟经济的适度发展对实体经济具有辅助和推动作用。	虛擬經濟的適度發展對實體經濟具有輔助和推動作用。	tatoeba	8588209	虚拟经济的适度发展对实体经济具有辅助和推动作用。	CC-CEDICT	
2185	2250_1	适度	適度	shì dù		moderately	虚拟经济的适度发展对实体经济具有辅助和推动作用。	虛擬經濟的適度發展對實體經濟具有輔助和推動作用。	tatoeba	8588209	虚拟经济的适度发展对实体经济具有辅助和推动作用。	CC-CEDICT	
2186	2250_1	实体	實體	shí tǐ		entity	虚拟经济的适度发展对实体经济具有辅助和推动作用。	虛擬經濟的適度發展對實體經濟具有輔助和推動作用。	tatoeba	8588209	虚拟经济的适度发展对实体经济具有辅助和推动作用。	CC-CEDICT	
2187	2250_1	辅助	輔助	fǔ zhù		to assist	虚拟经济的适度发展对实体经济具有辅助和推动作用。	虛擬經濟的適度發展對實體經濟具有輔助和推動作用。	tatoeba	8588209	虚拟经济的适度发展对实体经济具有辅助和推动作用。	CC-CEDICT	
2188	2250_1	推动	推動	tuī dòng		to push	虚拟经济的适度发展对实体经济具有辅助和推动作用。	虛擬經濟的適度發展對實體經濟具有輔助和推動作用。	tatoeba	8588209	虚拟经济的适度发展对实体经济具有辅助和推动作用。	CC-CEDICT	
2189	2250_1	作用	作用	zuò yòng		to act on	虚拟经济的适度发展对实体经济具有辅助和推动作用。	虛擬經濟的適度發展對實體經濟具有輔助和推動作用。	tatoeba	8588209	虚拟经济的适度发展对实体经济具有辅助和推动作用。	CC-CEDICT	
2190	2252_1	头颅	頭顱	tóu lú		head	医生检查了患者的头颅。	醫生檢查了患者的頭顱。	authored			CC-CEDICT	
2191	2264_1	悬挂	懸掛	xuán guà		to suspend	墙上悬挂着一幅山水画。	牆上懸掛著一幅山水畫。	preexisting			CC-CEDICT	
2192	2264_1	山水	山水	shān shuǐ		landscape	墙上悬挂着一幅山水画。	牆上懸掛著一幅山水畫。	preexisting			CC-CEDICT	
2193	2276_1	活跃	活躍	huó yuè		active	玛丽她很活跃，不是吗？	瑪麗她很活躍，不是嗎？	tatoeba	13507746	瑪麗她很活躍，不是嗎？	CC-CEDICT	
2194	2282_0	今年	今年	jīn nián		this year	今年的累计降雨量已经超过去年。	今年的累計降雨量已經超過去年。	authored			CC-CEDICT	
2195	2282_0	累计	累計	lěi jì		to calculate the running total	今年的累计降雨量已经超过去年。	今年的累計降雨量已經超過去年。	authored			CC-CEDICT	
2196	2282_0	降雨量	降雨量	jiàng yǔ liàng		precipitation	今年的累计降雨量已经超过去年。	今年的累計降雨量已經超過去年。	authored			CC-CEDICT	
2197	2282_0	去年	去年	qù nián		last year	今年的累计降雨量已经超过去年。	今年的累計降雨量已經超過去年。	authored			CC-CEDICT	
2198	2282_1	负债	負債	fù zhài		to be in debt	有些人负债累累。	有些人負債纍纍。	tatoeba	818140	有些人負債累累。	CC-CEDICT	
2199	2282_1	累累	纍纍	lěi lěi	léi léi	deeply; heavily	有些人负债累累。	有些人負債纍纍。	tatoeba	818140	有些人負債累累。	CC-CEDICT	Taiwan MOE Concise Dictionary
2200	2286_1	哈啰	哈囉	hā luō	hā luó	hello	哈啰，好久不见！	哈囉，好久不見！	authored			CC-CEDICT	Taiwan MOE Concise Dictionary
2201	2286_1	不见	不見	bù jiàn		not to see	哈啰，好久不见！	哈囉，好久不見！	authored			CC-CEDICT	
2202	2291_1	寒风	寒風	hán fēng		cold wind	寒风从山谷中呼啸而过。	寒風從山谷中呼嘯而過。	authored			CC-CEDICT	
2203	2291_1	山谷	山谷	shān gǔ		valley	寒风从山谷中呼啸而过。	寒風從山谷中呼嘯而過。	authored			CC-CEDICT	
2204	2291_1	呼啸而过	呼嘯而過	hū xiào ér guò		to whistle past	寒风从山谷中呼啸而过。	寒風從山谷中呼嘯而過。	authored			CC-CEDICT	
2205	2294_1	崭新	嶄新	zhǎn xīn		brand new	您新买的是辆崭新的车吗？	您新買的是輛嶄新的車嗎？	tatoeba	11044298	您新買的是輛嶄新的車嗎？	CC-CEDICT	
2206	2295_1	知识	知識	zhī shi	zhī shì	knowledge	知识分子只需要世界语和逻辑语。	知識分子只需要世界語和邏輯語。	tatoeba	8868746	知识分子只需要世界语和逻辑语。	CC-CEDICT	Taiwan MOE Concise Dictionary
2207	2295_1	逻辑	邏輯	luó ji	luó jí	logic	知识分子只需要世界语和逻辑语。	知識分子只需要世界語和邏輯語。	tatoeba	8868746	知识分子只需要世界语和逻辑语。	CC-CEDICT	Taiwan MOE Concise Dictionary
2208	2303_1	戴上	戴上	dài shang		to put on	他们给汤姆戴上了手铐。	他們給湯姆戴上了手銬。	tatoeba	13656782	他們給湯姆戴上了手銬。	CC-CEDICT	
2209	2303_1	手铐	手銬	shǒu kào		manacles	他们给汤姆戴上了手铐。	他們給湯姆戴上了手銬。	tatoeba	13656782	他們給湯姆戴上了手銬。	CC-CEDICT	
2210	2304_1	铃铛	鈴鐺	líng dang	líng dāng	little bell	小猫脖子上挂着一只铃铛。	小貓脖子上掛著一隻鈴鐺。	authored			CC-CEDICT	Taiwan MOE Concise Dictionary
2211	2305_1	窗框	窗框	chuāng kuàng		window frame	窗框采用轻便的铝合金制成。	窗框採用輕便的鋁合金製成。	authored			CC-CEDICT	
2212	2305_1	轻便	輕便	qīng biàn		lightweight and portable	窗框采用轻便的铝合金制成。	窗框採用輕便的鋁合金製成。	authored			CC-CEDICT	
2213	2305_1	合金	合金	hé jīn		alloy	窗框采用轻便的铝合金制成。	窗框採用輕便的鋁合金製成。	authored			CC-CEDICT	
2214	2306_1	青铜	青銅	qīng tóng		bronze	青铜器主要是由铜和锡的合金制成的。	青銅器主要是由銅和錫的合金製成的。	tatoeba	13634204	青銅器主要是由銅和錫的合金製成的。	CC-CEDICT	
2215	2306_1	要是	要是	yào shi		if	青铜器主要是由铜和锡的合金制成的。	青銅器主要是由銅和錫的合金製成的。	tatoeba	13634204	青銅器主要是由銅和錫的合金製成的。	CC-CEDICT	
2216	2307_1	石碑	石碑	shí bēi		stele	石碑上的铭文已经模糊不清。	石碑上的銘文已經模糊不清。	authored			CC-CEDICT	
2217	2307_1	模糊不清	模糊不清	mó hu bù qīng		indistinct	石碑上的铭文已经模糊不清。	石碑上的銘文已經模糊不清。	authored			CC-CEDICT	
2218	2308_1	清理	清理	qīng lǐ		to clear up	工人用扁铲清理墙面。	工人用扁鏟清理牆面。	authored			CC-CEDICT	
2219	2310_1	矫正	矯正	jiǎo zhèng		to correct	我是一名牙齿矫正医师。	我是一名牙齒矯正醫師。	tatoeba	13249547	我是一名牙齒矯正醫師。	CC-CEDICT	
2220	2310_1	医师	醫師	yī shī		doctor	我是一名牙齿矫正医师。	我是一名牙齒矯正醫師。	tatoeba	13249547	我是一名牙齒矯正醫師。	CC-CEDICT	
2221	2315_1	污秽	污穢	wū huì		dirty	污秽导致疾病。	污穢導致疾病。	tatoeba	347707	污秽导致疾病。	CC-CEDICT	
2222	2318_1	田野	田野	tián yě		field	田野和小径被雾气笼罩著。	田野和小徑被霧氣籠罩著。	tatoeba	10706234	田野和小徑被霧氣籠罩著。	CC-CEDICT	
2223	2318_1	小径	小徑	xiǎo jìng		alley	田野和小径被雾气笼罩著。	田野和小徑被霧氣籠罩著。	tatoeba	10706234	田野和小徑被霧氣籠罩著。	CC-CEDICT	
2224	2318_1	笼罩	籠罩	lǒng zhào	lóng zhào	to envelop	田野和小径被雾气笼罩著。	田野和小徑被霧氣籠罩著。	tatoeba	10706234	田野和小徑被霧氣籠罩著。	CC-CEDICT	Taiwan MOE Concise Dictionary
2225	2327_1	好好	好好	hǎo hǎo		in perfectly good condition	她会好好的补偿你的。	她會好好的補償你的。	tatoeba	382442	她会好好的补偿你的。	CC-CEDICT	
2226	2327_1	补偿	補償	bǔ cháng		to compensate	她会好好的补偿你的。	她會好好的補償你的。	tatoeba	382442	她会好好的补偿你的。	CC-CEDICT	
2227	2335_1	躯体	軀體	qū tǐ		body	没有了你，我就像没有灵魂的躯体。	沒有了你，我就像沒有靈魂的軀體。	tatoeba	9953235	没有了你，我就像没有灵魂的躯体。	CC-CEDICT	
2228	2338_1	顾客	顧客	gù kè		customer	萨米对顾客变得更加挑衅了。	薩米對顧客變得更加挑釁了。	tatoeba	8589277	萨米对顾客变得更加挑衅了。	CC-CEDICT	
2229	2342_1	衔接	銜接	xián jiē		to link up	编辑调整了两段之间的衔接。	編輯調整了兩段之間的銜接。	authored			CC-CEDICT	
2230	2343_1	棋盘	棋盤	qí pán		chessboard	我在棋盘上把一个棋子向前移动一步。	我在棋盤上把一個棋子向前移動一步。	tatoeba	793548	我在棋盤上把一個棋子向前移動一步。	CC-CEDICT	
2231	2343_1	棋子	棋子	qí zǐ		chess piece	我在棋盘上把一个棋子向前移动一步。	我在棋盤上把一個棋子向前移動一步。	tatoeba	793548	我在棋盤上把一個棋子向前移動一步。	CC-CEDICT	
2232	2343_1	移动	移動	yí dòng		to move	我在棋盘上把一个棋子向前移动一步。	我在棋盤上把一個棋子向前移動一步。	tatoeba	793548	我在棋盤上把一個棋子向前移動一步。	CC-CEDICT	
2233	2349_1	鸽子	鴿子	gē zi		pigeon	他放我鸽子；我等了他一整晚！	他放我鴿子；我等了他一整晚！	tatoeba	827487	他放我鸽子；我等了他一整晚！	CC-CEDICT	
2234	2350_1	批评	批評	pī píng		to criticize	听到批评后，他收敛了许多。	聽到批評後，他收斂了許多。	authored			CC-CEDICT	
2235	2366_1	等不及	等不及	děng bù jí		can't wait	我等不及想要和我爸爸去狩猎。	我等不及想要和我爸爸去狩獵。	tatoeba	334871	我等不及想要和我爸爸去狩猎。	CC-CEDICT	
2236	2366_1	狩猎	狩獵	shòu liè		to hunt	我等不及想要和我爸爸去狩猎。	我等不及想要和我爸爸去狩獵。	tatoeba	334871	我等不及想要和我爸爸去狩猎。	CC-CEDICT	
2237	2372_1	馅饼	餡餅	xiàn bǐng		meat pie	你已经吃了很多馅饼。	你已經吃了很多餡餅。	tatoeba	4182627	你已经吃了很多馅饼。	CC-CEDICT	
2238	2373_1	博物	博物	bó wù		natural science	博物馆正在展出古代陶器。	博物館正在展出古代陶器。	authored			CC-CEDICT	
2239	2373_1	展出	展出	zhǎn chū		to put on display	博物馆正在展出古代陶器。	博物館正在展出古代陶器。	authored			CC-CEDICT	
2240	2382_1	用力	用力	yòng lì		to exert oneself physically	皮肤瘙痒时不要用力抓挠。	皮膚瘙癢時不要用力抓撓。	authored			CC-CEDICT	
2241	2393_0	大约	大約	dà yuē		approximately	地球大约每三百六十五天就会围绕太阳旋转一周。	地球大約每三百六十五天就會圍繞太陽旋轉一週。	tatoeba	633872	地球大約每三百六十五天就會圍繞太陽旋轉一周。	CC-CEDICT	
2242	2393_0	旋转	旋轉	xuán zhuǎn		to rotate	地球大约每三百六十五天就会围绕太阳旋转一周。	地球大約每三百六十五天就會圍繞太陽旋轉一週。	tatoeba	633872	地球大約每三百六十五天就會圍繞太陽旋轉一周。	CC-CEDICT	
2243	2393_0	一周	一週	yī zhōu		one week	地球大约每三百六十五天就会围绕太阳旋转一周。	地球大約每三百六十五天就會圍繞太陽旋轉一週。	tatoeba	633872	地球大約每三百六十五天就會圍繞太陽旋轉一周。	CC-CEDICT	
2244	2393_1	加工	加工	jiā gōng		to process	工人用旋床加工金属零件。	工人用鏇床加工金屬零件。	authored			CC-CEDICT	
2245	2393_1	零件	零件	líng jiàn		part	工人用旋床加工金属零件。	工人用鏇床加工金屬零件。	authored			CC-CEDICT	
2246	2396_1	阎王	閻王	yán wang		Yama	传说阎王掌管阴间。	傳說閻王掌管陰間。	authored			CC-CEDICT	
2247	2396_1	阴间	陰間	yīn jiān		the nether world	传说阎王掌管阴间。	傳說閻王掌管陰間。	authored			CC-CEDICT	
2248	2397_1	阐述	闡述	chǎn shù		to expound	他简单地阐述了他的理由。	他簡單地闡述了他的理由。	tatoeba	332765	他简单地阐述了他的理由。	CC-CEDICT	
2249	2397_1	理由	理由	lǐ yóu		reason	他简单地阐述了他的理由。	他簡單地闡述了他的理由。	tatoeba	332765	他简单地阐述了他的理由。	CC-CEDICT	
2250	2400_1	山林	山林	shān lín		wooded mountain	山林小道被雪完全覆盖住了。	山林小道被雪完全覆蓋住了。	tatoeba	8839832	山林小道被雪完全覆盖住了。	CC-CEDICT	
2251	2400_1	小道	小道	xiǎo dào		bypath	山林小道被雪完全覆盖住了。	山林小道被雪完全覆蓋住了。	tatoeba	8839832	山林小道被雪完全覆盖住了。	CC-CEDICT	
2252	2400_1	覆盖	覆蓋	fù gài		to cover	山林小道被雪完全覆盖住了。	山林小道被雪完全覆蓋住了。	tatoeba	8839832	山林小道被雪完全覆盖住了。	CC-CEDICT	
2253	2407_1	野兽	野獸	yě shòu		beast	你认为你是什么野兽？猎犬还是老鼠？	你認為你是什麼野獸？獵犬還是老鼠？	tatoeba	13109809	你認為你是什麼野獸？獵犬還是老鼠？	CC-CEDICT	
2254	2407_1	猎犬	獵犬	liè quǎn		hound	你认为你是什么野兽？猎犬还是老鼠？	你認為你是什麼野獸？獵犬還是老鼠？	tatoeba	13109809	你認為你是什麼野獸？獵犬還是老鼠？	CC-CEDICT	
2255	2407_1	老鼠	老鼠	lǎo shǔ		rat	你认为你是什么野兽？猎犬还是老鼠？	你認為你是什麼野獸？獵犬還是老鼠？	tatoeba	13109809	你認為你是什麼野獸？獵犬還是老鼠？	CC-CEDICT	
2256	2412_1	李鸿章	李鴻章	lǐ hóng zhāng		Li Hung-chang or Li Hongzhang	李鸿章是晚清的重要大臣。	李鴻章是晚清的重要大臣。	authored			CC-CEDICT	
2257	2412_1	晚清	晚清	wǎn qīng		the late Qing	李鸿章是晚清的重要大臣。	李鴻章是晚清的重要大臣。	authored			CC-CEDICT	
2258	2417_1	人口	人口	rén kǒu		population	这个国家的人口正在逐渐减少。	這個國家的人口正在逐漸減少。	tatoeba	9972834	这个国家的人口正在逐渐减少。	CC-CEDICT	
2259	2417_1	逐渐	逐漸	zhú jiàn		gradually	这个国家的人口正在逐渐减少。	這個國家的人口正在逐漸減少。	tatoeba	9972834	这个国家的人口正在逐渐减少。	CC-CEDICT	
2260	2417_1	减少	減少	jiǎn shǎo		to lessen	这个国家的人口正在逐渐减少。	這個國家的人口正在逐漸減少。	tatoeba	9972834	这个国家的人口正在逐渐减少。	CC-CEDICT	
2261	2423_1	香港	香港	xiāng gǎng		Hong Kong	广东与香港、澳门地理相邻，三地在文化与语言上有著深厚的渊源。	廣東與香港、澳門地理相鄰，三地在文化與語言上有著深厚的淵源。	tatoeba	13873663	廣東與香港、澳門地理相鄰，三地在文化與語言上有著深厚的淵源。	CC-CEDICT	
2262	2423_1	地理	地理	dì lǐ		geography	广东与香港、澳门地理相邻，三地在文化与语言上有著深厚的渊源。	廣東與香港、澳門地理相鄰，三地在文化與語言上有著深厚的淵源。	tatoeba	13873663	廣東與香港、澳門地理相鄰，三地在文化與語言上有著深厚的淵源。	CC-CEDICT	
2263	2423_1	相邻	相鄰	xiāng lín		neighbor	广东与香港、澳门地理相邻，三地在文化与语言上有著深厚的渊源。	廣東與香港、澳門地理相鄰，三地在文化與語言上有著深厚的淵源。	tatoeba	13873663	廣東與香港、澳門地理相鄰，三地在文化與語言上有著深厚的淵源。	CC-CEDICT	
2264	2423_1	深厚	深厚	shēn hòu		deep	广东与香港、澳门地理相邻，三地在文化与语言上有著深厚的渊源。	廣東與香港、澳門地理相鄰，三地在文化與語言上有著深厚的淵源。	tatoeba	13873663	廣東與香港、澳門地理相鄰，三地在文化與語言上有著深厚的淵源。	CC-CEDICT	
2265	2423_1	渊源	淵源	yuān yuán		origin	广东与香港、澳门地理相邻，三地在文化与语言上有著深厚的渊源。	廣東與香港、澳門地理相鄰，三地在文化與語言上有著深厚的淵源。	tatoeba	13873663	廣東與香港、澳門地理相鄰，三地在文化與語言上有著深厚的淵源。	CC-CEDICT	
2266	2425_1	渔业	漁業	yú yè		fishing industry	这个岛的经济依靠的是渔业。	這個島的經濟依靠的是漁業。	tatoeba	415637	这个岛的经济依靠的是渔业。	CC-CEDICT	
2267	2431_0	高等	高等	gāo děng		high-level	海淀区有许多高等院校。	海淀區有許多高等院校。	authored			CC-CEDICT	
2268	2431_0	院校	院校	yuàn xiào		college	海淀区有许多高等院校。	海淀區有許多高等院校。	authored			CC-CEDICT	
2269	2431_1	沉淀	沉澱	chén diàn		to settle	杯底出现了一层白色沉淀。	杯底出現了一層白色沉澱。	authored			CC-CEDICT	
2270	2437_1	骇客	駭客	hài kè		hacker	骇客们找到渗透私人或公共网络的新方法。	駭客們找到滲透私人或公共網路的新方法。	tatoeba	869891	駭客們找到滲透私人或公共網絡的新方法。	CC-CEDICT	
2271	2437_1	渗透	滲透	shèn tòu		to permeate	骇客们找到渗透私人或公共网络的新方法。	駭客們找到滲透私人或公共網路的新方法。	tatoeba	869891	駭客們找到滲透私人或公共網絡的新方法。	CC-CEDICT	
2272	2437_1	私人	私人	sī rén		private	骇客们找到渗透私人或公共网络的新方法。	駭客們找到滲透私人或公共網路的新方法。	tatoeba	869891	駭客們找到滲透私人或公共網絡的新方法。	CC-CEDICT	
2273	2440_1	惭愧	慚愧	cán kuì		ashamed	我很惭愧，这是我第一次对我爸说谎。	我很慚愧，這是我第一次對我爸說謊。	tatoeba	1948458	我很惭愧，这是我第一次对我爸说谎。	CC-CEDICT	
2274	2440_1	说谎	說謊	shuō huǎng		to lie	我很惭愧，这是我第一次对我爸说谎。	我很慚愧，這是我第一次對我爸說謊。	tatoeba	1948458	我很惭愧，这是我第一次对我爸说谎。	CC-CEDICT	
2275	2442_1	无知	無知	wú zhī		ignorant	无知是恐惧之母，也是崇拜之母。	無知是恐懼之母，也是崇拜之母。	tatoeba	1565730	无知是恐惧之母，也是崇拜之母。	CC-CEDICT	
2276	2442_1	恐惧	恐懼	kǒng jù		to be frightened	无知是恐惧之母，也是崇拜之母。	無知是恐懼之母，也是崇拜之母。	tatoeba	1565730	无知是恐惧之母，也是崇拜之母。	CC-CEDICT	
2277	2442_1	崇拜	崇拜	chóng bài		to worship	无知是恐惧之母，也是崇拜之母。	無知是恐懼之母，也是崇拜之母。	tatoeba	1565730	无知是恐惧之母，也是崇拜之母。	CC-CEDICT	
2278	2445_1	惊人	驚人	jīng rén		astonishing	他以惊人的速度游自由泳，你该看看。	他以驚人的速度遊自由泳，你該看看。	tatoeba	829678	他以惊人的速度游自由泳，你该看看。	CC-CEDICT	
2279	2449_1	纪念	紀念	jì niàn		to commemorate	纪念馆记录了那场惨案。	紀念館記錄了那場慘案。	authored			CC-CEDICT	
2280	2449_1	记录	記錄	jì lù		to record	纪念馆记录了那场惨案。	紀念館記錄了那場慘案。	authored			CC-CEDICT	
2281	2449_1	惨案	慘案	cǎn àn		massacre	纪念馆记录了那场惨案。	紀念館記錄了那場慘案。	authored			CC-CEDICT	
2282	2450_1	习惯	習慣	xí guàn		habit	你很快就会习惯吃日本料理了。	你很快就會習慣吃日本料理了。	tatoeba	333351	你很快就会习惯吃日本料理了。	CC-CEDICT	
2283	2450_1	料理	料理	liào lǐ		to arrange	你很快就会习惯吃日本料理了。	你很快就會習慣吃日本料理了。	tatoeba	333351	你很快就会习惯吃日本料理了。	CC-CEDICT	
2284	2460_1	突然	突然	tū rán	tú rán	sudden	我突然想到他可能是个商业间谍。	我突然想到他可能是個商業間諜。	tatoeba	380162	我突然想到他可能是個商業間諜。	CC-CEDICT	Taiwan MOE Concise Dictionary
2285	2460_1	想到	想到	xiǎng dào		to think of	我突然想到他可能是个商业间谍。	我突然想到他可能是個商業間諜。	tatoeba	380162	我突然想到他可能是個商業間諜。	CC-CEDICT	
2286	2460_1	间谍	間諜	jiàn dié		spy	我突然想到他可能是个商业间谍。	我突然想到他可能是個商業間諜。	tatoeba	380162	我突然想到他可能是個商業間諜。	CC-CEDICT	
2287	2461_1	老实	老實	lǎo shi	lǎo shí	honest	汤姆太老实了，连撒谎都不会。	湯姆太老實了，連撒謊都不會。	tatoeba	2026506	汤姆太老实了，连撒谎都不会。	CC-CEDICT	Taiwan MOE Concise Dictionary
2288	2461_1	撒谎	撒謊	sā huǎng		to tell lies	汤姆太老实了，连撒谎都不会。	湯姆太老實了，連撒謊都不會。	tatoeba	2026506	汤姆太老实了，连撒谎都不会。	CC-CEDICT	
2289	2462_1	共处	共處	gòng chǔ		to coexist	我们必须学会与自然和谐共处。	我們必須學會與自然和諧共處。	tatoeba	5613678	我们必须学会与自然和谐共处。	CC-CEDICT	
2290	2464_1	祈祷	祈禱	qí dǎo		to pray	让我们祈祷他学得很快吧。	讓我們祈禱他學得很快吧。	tatoeba	12047759	让我们祈祷他学得很快吧。	CC-CEDICT	
2291	2465_1	粗心大意	粗心大意	cū xīn dà yì		negligent	粗心大意差点酿成大祸。	粗心大意差點釀成大禍。	authored			CC-CEDICT	
2292	2465_1	差点	差點	chà diǎn		almost	粗心大意差点酿成大祸。	粗心大意差點釀成大禍。	authored			CC-CEDICT	
2293	2465_1	大祸	大禍	dà huò		disaster	粗心大意差点酿成大祸。	粗心大意差點釀成大禍。	authored			CC-CEDICT	
2294	2466_1	所谓	所謂	suǒ wèi		what is meant by the expression ...	她就是所谓有教养的女性。	她就是所謂有教養的女性。	tatoeba	829311	她就是所谓有教养的女性。	CC-CEDICT	
2295	2466_1	教养	教養	jiào yǎng		to educate	她就是所谓有教养的女性。	她就是所謂有教養的女性。	tatoeba	829311	她就是所谓有教养的女性。	CC-CEDICT	
2296	2466_1	女性	女性	nǚ xìng		woman	她就是所谓有教养的女性。	她就是所謂有教養的女性。	tatoeba	829311	她就是所谓有教养的女性。	CC-CEDICT	
2297	2467_1	谚语	諺語	yàn yǔ		proverb	在威尔斯，我们有一个句谚语。	在威爾斯，我們有一個句諺語。	tatoeba	875076	在威爾斯，我們有一個句諺語。	CC-CEDICT	
2298	2468_1	揭开	揭開	jiē kāi		to uncover	故事最后才揭开谜底。	故事最後才揭開謎底。	authored			CC-CEDICT	
2299	2473_1	即将	即將	jí jiāng		about to	飞机即将撞上成塔，但是防空导弹将它制止了。	飛機即將撞上成塔，但是防空導彈將它制止了。	tatoeba	5246142	飛機即將撞上成塔，但是防空導彈將它制止了。	CC-CEDICT	
2300	2473_1	防空	防空	fáng kōng		anti-aircraft defense	飞机即将撞上成塔，但是防空导弹将它制止了。	飛機即將撞上成塔，但是防空導彈將它制止了。	tatoeba	5246142	飛機即將撞上成塔，但是防空導彈將它制止了。	CC-CEDICT	
2301	2473_1	导弹	導彈	dǎo dàn		missile	飞机即将撞上成塔，但是防空导弹将它制止了。	飛機即將撞上成塔，但是防空導彈將它制止了。	tatoeba	5246142	飛機即將撞上成塔，但是防空導彈將它制止了。	CC-CEDICT	
2302	2473_1	制止	制止	zhì zhǐ		to curb	飞机即将撞上成塔，但是防空导弹将它制止了。	飛機即將撞上成塔，但是防空導彈將它制止了。	tatoeba	5246142	飛機即將撞上成塔，但是防空導彈將它制止了。	CC-CEDICT	
2303	2475_1	堕落	墮落	duò luò		to degrade	我不会堕落到他那个地步。	我不會墮落到他那個地步。	tatoeba	503065	我不会堕落到他那个地步。	CC-CEDICT	
2304	2475_1	地步	地步	dì bù		stage	我不会堕落到他那个地步。	我不會墮落到他那個地步。	tatoeba	503065	我不会堕落到他那个地步。	CC-CEDICT	
2305	2476_1	谜题	謎題	mí tí		puzzle	随着故事的进行，谜题揭开了。	隨著故事的進行，謎題揭開了。	tatoeba	5650516	随着故事的进行，谜题揭开了。	CC-CEDICT	
2306	2480_1	隐藏	隱藏	yǐn cáng		to hide	汤姆隐藏着一个可怕的秘密。	湯姆隱藏著一個可怕的秘密。	tatoeba	2052524	汤姆隐藏着一个可怕的秘密。	CC-CEDICT	
2307	2480_1	可怕	可怕	kě pà		awful	汤姆隐藏着一个可怕的秘密。	湯姆隱藏著一個可怕的秘密。	tatoeba	2052524	汤姆隐藏着一个可怕的秘密。	CC-CEDICT	
2308	2482_1	邻居	鄰居	lín jū		neighbor	邻居婶子送来一篮蔬菜。	鄰居嬸子送來一籃蔬菜。	authored			CC-CEDICT	
2309	2482_1	婶子	嬸子	shěn zi		wife of father's younger brother	邻居婶子送来一篮蔬菜。	鄰居嬸子送來一籃蔬菜。	authored			CC-CEDICT	
2310	2484_1	古城	古城	gǔ chéng		ancient city	这座古城颇具历史价值。	這座古城頗具歷史價值。	authored			CC-CEDICT	
2311	2485_1	资金	資金	zī jīn		funds	资金不足成为项目的瓶颈。	資金不足成為專案的瓶頸。	authored			CC-CEDICT	
2312	2485_1	不足	不足	bù zú		insufficient	资金不足成为项目的瓶颈。	資金不足成為專案的瓶頸。	authored			CC-CEDICT	
2313	2485_1	瓶颈	瓶頸	píng jǐng		neck of a bottle	资金不足成为项目的瓶颈。	資金不足成為專案的瓶頸。	authored			CC-CEDICT	
2314	2487_1	心理	心理	xīn lǐ		psychology	攀比心理会让人产生负面情绪。	攀比心理會讓人產生負面情緒。	tatoeba	2609577	攀比心理会让人产生负面情绪。	CC-CEDICT	
2315	2487_1	产生	產生	chǎn shēng		to arise	攀比心理会让人产生负面情绪。	攀比心理會讓人產生負面情緒。	tatoeba	2609577	攀比心理会让人产生负面情绪。	CC-CEDICT	
2316	2487_1	负面	負面	fù miàn		negative	攀比心理会让人产生负面情绪。	攀比心理會讓人產生負面情緒。	tatoeba	2609577	攀比心理会让人产生负面情绪。	CC-CEDICT	
2317	2487_1	情绪	情緒	qíng xù		mood	攀比心理会让人产生负面情绪。	攀比心理會讓人產生負面情緒。	tatoeba	2609577	攀比心理会让人产生负面情绪。	CC-CEDICT	
2318	2489_1	骑兵	騎兵	qí bīng		cavalry	他是这个国家的骑兵总司令。	他是這個國家的騎兵總司令。	tatoeba	5957612	他是這個國家的騎兵總司令。	CC-CEDICT	
2319	2489_1	总司令	總司令	zǒng sī lìng		commander-in-chief	他是这个国家的骑兵总司令。	他是這個國家的騎兵總司令。	tatoeba	5957612	他是這個國家的騎兵總司令。	CC-CEDICT	
2320	2490_1	酒鬼	酒鬼	jiǔ guǐ		drunkard	村里人都叫他「老酒鬼」，这绰号跟了他三十年。	村裡人都叫他「老酒鬼」，這綽號跟了他三十年。	tatoeba	13878993	村裡人都叫他「老酒鬼」，這綽號跟了他三十年。	CC-CEDICT	
2321	2490_1	绰号	綽號	chuò hào		nickname	村里人都叫他「老酒鬼」，这绰号跟了他三十年。	村裡人都叫他「老酒鬼」，這綽號跟了他三十年。	tatoeba	13878993	村裡人都叫他「老酒鬼」，這綽號跟了他三十年。	CC-CEDICT	
2322	2490_1	三十	三十	sān shí		thirty	村里人都叫他「老酒鬼」，这绰号跟了他三十年。	村裡人都叫他「老酒鬼」，這綽號跟了他三十年。	tatoeba	13878993	村裡人都叫他「老酒鬼」，這綽號跟了他三十年。	CC-CEDICT	
2323	2491_1	溺水	溺水	nì shuǐ		to drown	那个溺水的男人抓紧了绳子。	那個溺水的男人抓緊了繩子。	tatoeba	336862	那个溺水的男人抓紧了绳子。	CC-CEDICT	
2324	2491_1	绳子	繩子	shéng zi		cord	那个溺水的男人抓紧了绳子。	那個溺水的男人抓緊了繩子。	tatoeba	336862	那个溺水的男人抓紧了绳子。	CC-CEDICT	
2325	2492_1	维护	維護	wéi hù		to defend	维护客户利益就是维护公司利益。	維護客戶利益就是維護公司利益。	tatoeba	2442120	维护客户利益就是维护公司利益。	CC-CEDICT	
2326	2492_1	利益	利益	lì yì		benefit	维护客户利益就是维护公司利益。	維護客戶利益就是維護公司利益。	tatoeba	2442120	维护客户利益就是维护公司利益。	CC-CEDICT	
2327	2493_1	群山	群山	qún shān		mountains	群山绵延到视线尽头。	群山綿延到視線盡頭。	preexisting			CC-CEDICT	
2328	2493_1	视线	視線	shì xiàn		line of sight	群山绵延到视线尽头。	群山綿延到視線盡頭。	preexisting			CC-CEDICT	
2329	2493_1	尽头	盡頭	jìn tóu		end	群山绵延到视线尽头。	群山綿延到視線盡頭。	preexisting			CC-CEDICT	
2330	2494_1	清洗	清洗	qīng xǐ		to wash	他先清洗了伤口，再绑上绷带。	他先清洗了傷口，再綁上綳帶。	tatoeba	1750361	他先清洗了伤口，再绑上绷带。	CC-CEDICT	
2331	2494_1	绷带	綳帶	bēng dài		bandage	他先清洗了伤口，再绑上绷带。	他先清洗了傷口，再綁上綳帶。	tatoeba	1750361	他先清洗了伤口，再绑上绷带。	CC-CEDICT	
2332	2495_1	形成	形成	xíng chéng		to form	丝绸之路形成的初衷并非是贸易。	絲綢之路形成的初衷並非是貿易。	tatoeba	6100214	絲綢之路形成的初衷並非是貿易。	CC-CEDICT	
2333	2495_1	初衷	初衷	chū zhōng		original intention	丝绸之路形成的初衷并非是贸易。	絲綢之路形成的初衷並非是貿易。	tatoeba	6100214	絲綢之路形成的初衷並非是貿易。	CC-CEDICT	
2334	2495_1	并非	並非	bìng fēi		really isn't	丝绸之路形成的初衷并非是贸易。	絲綢之路形成的初衷並非是貿易。	tatoeba	6100214	絲綢之路形成的初衷並非是貿易。	CC-CEDICT	
2335	2497_1	谎言	謊言	huǎng yán		lie	他的谎言很快露出了破绽。	他的謊言很快露出了破綻。	authored			CC-CEDICT	
2336	2497_1	破绽	破綻	pò zhàn		split seam	他的谎言很快露出了破绽。	他的謊言很快露出了破綻。	authored			CC-CEDICT	
2337	2498_1	带有	帶有	dài yǒu		to have an element of	“绿教”是带有贬义的网络用语。	“緑教”是帶有貶義的網路用語。	authored			CC-CEDICT	
2338	2498_1	贬义	貶義	biǎn yì		derogatory sense	“绿教”是带有贬义的网络用语。	“緑教”是帶有貶義的網路用語。	authored			CC-CEDICT	
2339	2498_1	用语	用語	yòng yǔ		choice of words	“绿教”是带有贬义的网络用语。	“緑教”是帶有貶義的網路用語。	authored			CC-CEDICT	
2340	2499_1	众多	眾多	zhòng duō		numerous	众多村庄点缀著福斯湾的岸边，优美如画。初次于此航行的陌生人，必定会留下深刻印象。	眾多村莊點綴著福斯灣的岸邊，優美如畫。初次於此航行的陌生人，必定會留下深刻印象。	tatoeba	13884559	眾多村莊點綴著福斯灣的岸邊，優美如畫。初次於此航行的陌生人，必定會留下深刻印象。	CC-CEDICT	
2341	2499_1	点缀	點綴	diǎn zhuì		to decorate	众多村庄点缀著福斯湾的岸边，优美如画。初次于此航行的陌生人，必定会留下深刻印象。	眾多村莊點綴著福斯灣的岸邊，優美如畫。初次於此航行的陌生人，必定會留下深刻印象。	tatoeba	13884559	眾多村莊點綴著福斯灣的岸邊，優美如畫。初次於此航行的陌生人，必定會留下深刻印象。	CC-CEDICT	
2342	2499_1	福斯	福斯	fú sī		Volkswagen	众多村庄点缀著福斯湾的岸边，优美如画。初次于此航行的陌生人，必定会留下深刻印象。	眾多村莊點綴著福斯灣的岸邊，優美如畫。初次於此航行的陌生人，必定會留下深刻印象。	tatoeba	13884559	眾多村莊點綴著福斯灣的岸邊，優美如畫。初次於此航行的陌生人，必定會留下深刻印象。	CC-CEDICT	
2343	2499_1	优美	優美	yōu měi		graceful	众多村庄点缀著福斯湾的岸边，优美如画。初次于此航行的陌生人，必定会留下深刻印象。	眾多村莊點綴著福斯灣的岸邊，優美如畫。初次於此航行的陌生人，必定會留下深刻印象。	tatoeba	13884559	眾多村莊點綴著福斯灣的岸邊，優美如畫。初次於此航行的陌生人，必定會留下深刻印象。	CC-CEDICT	
2344	2499_1	初次	初次	chū cì		for the first time	众多村庄点缀著福斯湾的岸边，优美如画。初次于此航行的陌生人，必定会留下深刻印象。	眾多村莊點綴著福斯灣的岸邊，優美如畫。初次於此航行的陌生人，必定會留下深刻印象。	tatoeba	13884559	眾多村莊點綴著福斯灣的岸邊，優美如畫。初次於此航行的陌生人，必定會留下深刻印象。	CC-CEDICT	
2345	2499_1	航行	航行	háng xíng		to sail	众多村庄点缀著福斯湾的岸边，优美如画。初次于此航行的陌生人，必定会留下深刻印象。	眾多村莊點綴著福斯灣的岸邊，優美如畫。初次於此航行的陌生人，必定會留下深刻印象。	tatoeba	13884559	眾多村莊點綴著福斯灣的岸邊，優美如畫。初次於此航行的陌生人，必定會留下深刻印象。	CC-CEDICT	
2346	2499_1	陌生人	陌生人	mò shēng rén		stranger	众多村庄点缀著福斯湾的岸边，优美如画。初次于此航行的陌生人，必定会留下深刻印象。	眾多村莊點綴著福斯灣的岸邊，優美如畫。初次於此航行的陌生人，必定會留下深刻印象。	tatoeba	13884559	眾多村莊點綴著福斯灣的岸邊，優美如畫。初次於此航行的陌生人，必定會留下深刻印象。	CC-CEDICT	
2347	2499_1	必定	必定	bì dìng		to be bound to	众多村庄点缀著福斯湾的岸边，优美如画。初次于此航行的陌生人，必定会留下深刻印象。	眾多村莊點綴著福斯灣的岸邊，優美如畫。初次於此航行的陌生人，必定會留下深刻印象。	tatoeba	13884559	眾多村莊點綴著福斯灣的岸邊，優美如畫。初次於此航行的陌生人，必定會留下深刻印象。	CC-CEDICT	
2348	2499_1	深刻	深刻	shēn kè		profound	众多村庄点缀著福斯湾的岸边，优美如画。初次于此航行的陌生人，必定会留下深刻印象。	眾多村莊點綴著福斯灣的岸邊，優美如畫。初次於此航行的陌生人，必定會留下深刻印象。	tatoeba	13884559	眾多村莊點綴著福斯灣的岸邊，優美如畫。初次於此航行的陌生人，必定會留下深刻印象。	CC-CEDICT	
2349	2504_1	教授	教授	jiào shòu		professor	琼斯教授今天没有来上课。	瓊斯教授今天沒有來上課。	authored			CC-CEDICT	
2350	2504_1	上课	上課	shàng kè		to go to class	琼斯教授今天没有来上课。	瓊斯教授今天沒有來上課。	authored			CC-CEDICT	
2351	2516_1	最新	最新	zuì xīn		latest	她很了解最新的时尚趋势。	她很瞭解最新的時尚趨勢。	tatoeba	5372278	她很了解最新的時尚趨勢。	CC-CEDICT	
2352	2516_1	时尚	時尚	shí shàng		fashion	她很了解最新的时尚趋势。	她很瞭解最新的時尚趨勢。	tatoeba	5372278	她很了解最新的時尚趨勢。	CC-CEDICT	
2353	2516_1	趋势	趨勢	qū shì		trend	她很了解最新的时尚趋势。	她很瞭解最新的時尚趨勢。	tatoeba	5372278	她很了解最新的時尚趨勢。	CC-CEDICT	
2354	2518_1	包揽	包攬	bāo lǎn		to take it all upon oneself	她一人包揽了全部金牌。	她一人包攬了全部金牌。	authored			CC-CEDICT	
2355	2518_1	全部	全部	quán bù		whole	她一人包揽了全部金牌。	她一人包攬了全部金牌。	authored			CC-CEDICT	
2356	2518_1	金牌	金牌	jīn pái		gold medal	她一人包揽了全部金牌。	她一人包攬了全部金牌。	authored			CC-CEDICT	
2357	2531_1	护士	護士	hù shi	hù shì	nurse	护士搀扶老人慢慢起身。	護士攙扶老人慢慢起身。	authored			CC-CEDICT	Taiwan MOE Concise Dictionary
2358	2531_1	起身	起身	qǐ shēn		to get up	护士搀扶老人慢慢起身。	護士攙扶老人慢慢起身。	authored			CC-CEDICT	
2359	2533_1	大雪	大雪	dà xuě		Daxue or Great Snow	火车因大雪被耽搁了。	火車因大雪被耽擱了。	tatoeba	333030	火车因大雪被耽搁了。	CC-CEDICT	
2360	2533_1	耽搁	耽擱	dān ge	dān gē	to delay	火车因大雪被耽搁了。	火車因大雪被耽擱了。	tatoeba	333030	火车因大雪被耽搁了。	CC-CEDICT	Taiwan MOE Concise Dictionary
2361	2535_1	重逢	重逢	chóng féng		to meet again	久别重逢的家人紧紧搂抱在一起。	久別重逢的家人緊緊摟抱在一起。	authored			CC-CEDICT	
2362	2535_1	紧紧	緊緊	jǐn jǐn		closely	久别重逢的家人紧紧搂抱在一起。	久別重逢的家人緊緊摟抱在一起。	authored			CC-CEDICT	
2363	2535_1	搂抱	摟抱	lǒu bào		to hug	久别重逢的家人紧紧搂抱在一起。	久別重逢的家人緊緊摟抱在一起。	authored			CC-CEDICT	
2364	2535_1	在一起	在一起	zài yī qǐ		together	久别重逢的家人紧紧搂抱在一起。	久別重逢的家人緊緊摟抱在一起。	authored			CC-CEDICT	
2365	2536_1	调理	調理	tiáo lǐ		to nurse one's health	食物调理机往往比搅拌机短和宽。	食物調理機往往比攪拌機短和寬。	tatoeba	824453	食物調理機往往比攪拌機短和寬。	CC-CEDICT	
2366	2536_1	往往	往往	wǎng wǎng		usually	食物调理机往往比搅拌机短和宽。	食物調理機往往比攪拌機短和寬。	tatoeba	824453	食物調理機往往比攪拌機短和寬。	CC-CEDICT	
2367	2536_1	搅拌	攪拌	jiǎo bàn		to stir	食物调理机往往比搅拌机短和宽。	食物調理機往往比攪拌機短和寬。	tatoeba	824453	食物調理機往往比攪拌機短和寬。	CC-CEDICT	
2368	2555_1	蒋介石	蔣介石	jiǎng jiè shí		Chiang Kai-shek	蒋介石是中国近代史上的政治人物。	蔣介石是中國近代史上的政治人物。	authored			CC-CEDICT	
2369	2555_1	近代史	近代史	jìn dài shǐ		modern history	蒋介石是中国近代史上的政治人物。	蔣介石是中國近代史上的政治人物。	authored			CC-CEDICT	
2370	2555_1	政治	政治	zhèng zhì		politics	蒋介石是中国近代史上的政治人物。	蔣介石是中國近代史上的政治人物。	authored			CC-CEDICT	
2371	2558_1	韩国	韓國	hán guó		South Korea	我和我的朋友们想在韩国工作。	我和我的朋友們想在韓國工作。	tatoeba	10278312	我和我的朋友們想在韓國工作。	CC-CEDICT	
2372	2579_1	桌面	桌面	zhuō miàn		desktop	这张桌子的桌面呈椭圆形。	這張桌子的桌面呈橢圓形。	authored			CC-CEDICT	
2373	2579_1	椭圆	橢圓	tuǒ yuán		oval	这张桌子的桌面呈椭圆形。	這張桌子的桌面呈橢圓形。	authored			CC-CEDICT	
2374	2591_1	重新	重新	chóng xīn		again	会议重新开始的时间还不确定。	會議重新開始的時間還不確定。	tatoeba	466264	会议重新开始的时间还不确定。	CC-CEDICT	
2375	2597_1	脸颊	臉頰	liǎn jiá		cheek	两滴眼泪从她的脸颊滑落下来。	兩滴眼淚從她的臉頰滑落下來。	tatoeba	8727847	两滴眼泪从她的脸颊滑落下来。	CC-CEDICT	
2376	2597_1	滑落	滑落	huá luò		to slip and fall	两滴眼泪从她的脸颊滑落下来。	兩滴眼淚從她的臉頰滑落下來。	tatoeba	8727847	两滴眼泪从她的脸颊滑落下来。	CC-CEDICT	
2377	2598_1	一道	一道	yī dào		together	一道霹雳划破夜空。	一道霹靂劃破夜空。	authored			CC-CEDICT	
2378	2598_1	划破	劃破	huá pò		to cut open	一道霹雳划破夜空。	一道霹靂劃破夜空。	authored			CC-CEDICT	
2379	2598_1	夜空	夜空	yè kōng		night sky	一道霹雳划破夜空。	一道霹靂劃破夜空。	authored			CC-CEDICT	
2380	2599_1	形式	形式	xíng shì		outer appearance	形式是暂时的，等级才是永恒的。	形式是暫時的，等級才是永恆的。	tatoeba	2431737	形式是暂时的，等级才是永恒的。	CC-CEDICT	
2381	2599_1	暂时	暫時	zàn shí	zhàn shí	temporary	形式是暂时的，等级才是永恒的。	形式是暫時的，等級才是永恆的。	tatoeba	2431737	形式是暂时的，等级才是永恒的。	CC-CEDICT	Taiwan MOE Concise Dictionary
2382	2599_1	等级	等級	děng jí		grade	形式是暂时的，等级才是永恒的。	形式是暫時的，等級才是永恆的。	tatoeba	2431737	形式是暂时的，等级才是永恒的。	CC-CEDICT	
2383	2599_1	永恒	永恆	yǒng héng		eternal	形式是暂时的，等级才是永恒的。	形式是暫時的，等級才是永恆的。	tatoeba	2431737	形式是暂时的，等级才是永恒的。	CC-CEDICT	
2384	2601_1	村民	村民	cūn mín		villager	村民翘首等待远方的亲人归来。	村民翹首等待遠方的親人歸來。	authored			CC-CEDICT	
2385	2601_1	远方	遠方	yuǎn fāng		far away	村民翘首等待远方的亲人归来。	村民翹首等待遠方的親人歸來。	authored			CC-CEDICT	
2386	2601_1	亲人	親人	qīn rén		one's close relatives	村民翘首等待远方的亲人归来。	村民翹首等待遠方的親人歸來。	authored			CC-CEDICT	
2387	2602_1	前辈	前輩	qián bèi		senior	我向经验丰富的前辈请教。	我向經驗豐富的前輩請教。	authored			CC-CEDICT	
2388	2602_1	请教	請教	qǐng jiào		to ask for guidance	我向经验丰富的前辈请教。	我向經驗豐富的前輩請教。	authored			CC-CEDICT	
2389	2605_1	隧道	隧道	suì dào		tunnel	工人正在山中开凿隧道。	工人正在山中開鑿隧道。	authored			CC-CEDICT	
2390	2606_1	辉煌	輝煌	huī huáng		splendid	这样辉煌的成绩，是如何取得的？	這樣輝煌的成績，是如何取得的？	tatoeba	2152762	这样辉煌的成绩，是如何取得的？	CC-CEDICT	
2391	2609_1	懂得	懂得	dǒng de		to understand	你觉得有多少人懂得欣赏音乐？	你覺得有多少人懂得欣賞音樂？	tatoeba	346900	你覺得有多少人懂得欣賞音樂？	CC-CEDICT	
2392	2609_1	欣赏	欣賞	xīn shǎng		to appreciate	你觉得有多少人懂得欣赏音乐？	你覺得有多少人懂得欣賞音樂？	tatoeba	346900	你覺得有多少人懂得欣賞音樂？	CC-CEDICT	
2393	2612_1	国语	國語	guó yǔ		Chinese language	她的国语声调精准，自然比同龄人更受评审青睐。	她的國語聲調精準，自然比同齡人更受評審青睞。	tatoeba	13593663	她的國語聲調精準，自然比同齡人更受評審青睞。	CC-CEDICT	
2394	2612_1	声调	聲調	shēng diào		tone	她的国语声调精准，自然比同龄人更受评审青睐。	她的國語聲調精準，自然比同齡人更受評審青睞。	tatoeba	13593663	她的國語聲調精準，自然比同齡人更受評審青睞。	CC-CEDICT	
2395	2612_1	精准	精準	jīng zhǔn		accurate	她的国语声调精准，自然比同龄人更受评审青睐。	她的國語聲調精準，自然比同齡人更受評審青睞。	tatoeba	13593663	她的國語聲調精準，自然比同齡人更受評審青睞。	CC-CEDICT	
2396	2612_1	同龄	同齡	tóng líng		of the same age	她的国语声调精准，自然比同龄人更受评审青睐。	她的國語聲調精準，自然比同齡人更受評審青睞。	tatoeba	13593663	她的國語聲調精準，自然比同齡人更受評審青睞。	CC-CEDICT	
2397	2612_1	评审	評審	píng shěn		to appraise	她的国语声调精准，自然比同龄人更受评审青睐。	她的國語聲調精準，自然比同齡人更受評審青睞。	tatoeba	13593663	她的國語聲調精準，自然比同齡人更受評審青睞。	CC-CEDICT	
2398	2612_1	青睐	青睞	qīng lài		to fix one's gaze on	她的国语声调精准，自然比同龄人更受评审青睐。	她的國語聲調精準，自然比同齡人更受評審青睞。	tatoeba	13593663	她的國語聲調精準，自然比同齡人更受評審青睞。	CC-CEDICT	
2399	2618_1	章鱼	章魚	zhāng yú		octopus	章鱼会喷出墨汁来逃避天敌。	章魚會噴出墨汁來逃避天敵。	tatoeba	13847495	章鱼会喷出墨汁来逃避天敌。	CC-CEDICT	
2400	2618_1	墨汁	墨汁	mò zhī		prepared Chinese ink	章鱼会喷出墨汁来逃避天敌。	章魚會噴出墨汁來逃避天敵。	tatoeba	13847495	章鱼会喷出墨汁来逃避天敌。	CC-CEDICT	
2401	2618_1	逃避	逃避	táo bì		to escape	章鱼会喷出墨汁来逃避天敌。	章魚會噴出墨汁來逃避天敵。	tatoeba	13847495	章鱼会喷出墨汁来逃避天敌。	CC-CEDICT	
2402	2628_1	才能	才能	cái néng		talent	我们怎样才能将其付出实践？	我們怎樣才能將其付出實踐？	tatoeba	10007005	我们怎样才能将其付出实践？	CC-CEDICT	
2403	2628_1	付出	付出	fù chū		to pay	我们怎样才能将其付出实践？	我們怎樣才能將其付出實踐？	tatoeba	10007005	我们怎样才能将其付出实践？	CC-CEDICT	
2404	2628_1	实践	實踐	shí jiàn		practice	我们怎样才能将其付出实践？	我們怎樣才能將其付出實踐？	tatoeba	10007005	我们怎样才能将其付出实践？	CC-CEDICT	
2405	2633_1	体育	體育	tǐ yù		sports	这座体育馆下藏著一个重要的遗址。	這座體育館下藏著一個重要的遺址。	tatoeba	5968312	這座體育館下藏著一個重要的遺址。	CC-CEDICT	
2406	2633_1	遗址	遺址	yí zhǐ		ruins	这座体育馆下藏著一个重要的遗址。	這座體育館下藏著一個重要的遺址。	tatoeba	5968312	這座體育館下藏著一個重要的遺址。	CC-CEDICT	
2407	2640_1	春天	春天	chūn tiān		spring	春天山坡上开满了杜鹃花。	春天山坡上開滿了杜鵑花。	authored			CC-CEDICT	
2408	2640_1	山坡	山坡	shān pō		hillside	春天山坡上开满了杜鹃花。	春天山坡上開滿了杜鵑花。	authored			CC-CEDICT	
2409	2640_1	杜鹃	杜鵑	dù juān		cuckoo	春天山坡上开满了杜鹃花。	春天山坡上開滿了杜鵑花。	authored			CC-CEDICT	
2410	2650_1	人生	人生	rén shēng		life	什么赋予了人生意义？	什麼賦予了人生意義？	tatoeba	10367177	什么赋予了人生意义？	CC-CEDICT	
2411	2650_1	意义	意義	yì yì		sense	什么赋予了人生意义？	什麼賦予了人生意義？	tatoeba	10367177	什么赋予了人生意义？	CC-CEDICT	
2412	2652_1	基金	基金	jī jīn		fund	基金到期后可以按约定赎回。	基金到期後可以按約定贖回。	authored			CC-CEDICT	
2413	2652_1	到期	到期	dào qī	dào qí	to fall due	基金到期后可以按约定赎回。	基金到期後可以按約定贖回。	authored			CC-CEDICT	Taiwan MOE Concise Dictionary
2414	2652_1	约定	約定	yuē dìng		to agree on sth	基金到期后可以按约定赎回。	基金到期後可以按約定贖回。	authored			CC-CEDICT	
2415	2652_1	赎回	贖回	shú huí		to redeem	基金到期后可以按约定赎回。	基金到期後可以按約定贖回。	authored			CC-CEDICT	
2416	2653_1	国王	國王	guó wáng		king	国王赏赐了勇敢的士兵。	國王賞賜了勇敢計程車兵。	authored			CC-CEDICT	
2417	2653_1	赏赐	賞賜	shǎng cì	shǎng sì	to bestow a reward	国王赏赐了勇敢的士兵。	國王賞賜了勇敢計程車兵。	authored			CC-CEDICT	Taiwan MOE Concise Dictionary
2418	2653_1	勇敢	勇敢	yǒng gǎn		brave	国王赏赐了勇敢的士兵。	國王賞賜了勇敢計程車兵。	authored			CC-CEDICT	
2419	2654_1	赔偿	賠償	péi cháng		to compensate	你需要赔偿他损失的钱。	你需要賠償他損失的錢。	tatoeba	10342272	你需要赔偿他损失的钱。	CC-CEDICT	
2420	2656_1	铸造	鑄造	zhù zào		to cast	工匠用青铜铸造钟鼎。	工匠用青銅鑄造鐘鼎。	authored			CC-CEDICT	
2421	2657_1	星期日	星期日	xīng qī rì		Sunday	因为是星期日，所以店铺没开。	因為是星期日，所以店鋪沒開。	tatoeba	13603157	因為是星期日，所以店鋪沒開。	CC-CEDICT	
2422	2657_1	店铺	店鋪	diàn pù		store	因为是星期日，所以店铺没开。	因為是星期日，所以店鋪沒開。	tatoeba	13603157	因為是星期日，所以店鋪沒開。	CC-CEDICT	
2423	2659_1	邮购	郵購	yóu gòu		to purchase by mail	邮购是直接销售的主要形式。	郵購是直接銷售的主要形式。	tatoeba	1423374	郵購是直接銷售的主要形式。	CC-CEDICT	
2424	2659_1	销售	銷售	xiāo shòu		to sell	邮购是直接销售的主要形式。	郵購是直接銷售的主要形式。	tatoeba	1423374	郵購是直接銷售的主要形式。	CC-CEDICT	
2425	2660_1	遭到	遭到	zāo dào		to suffer	这个港口可能会遭到封锁。	這個港口可能會遭到封鎖。	tatoeba	13924822	這個港口可能會遭到封鎖。	CC-CEDICT	
2426	2660_1	封锁	封鎖	fēng suǒ		to blockade	这个港口可能会遭到封锁。	這個港口可能會遭到封鎖。	tatoeba	13924822	這個港口可能會遭到封鎖。	CC-CEDICT	
2427	2661_1	锄头	鋤頭	chú tou		hoe	用锄头的时候小心一些	用鋤頭的時候小心一些	tatoeba	3966152	用锄头的时候小心一些	CC-CEDICT	
2428	2662_1	剩下	剩下	shèng xià		to remain	锅底剩下的锅巴又香又脆。	鍋底剩下的鍋巴又香又脆。	authored			CC-CEDICT	
2429	2663_1	水壶	水壺	shuǐ hú		kettle	这个水壶由不锈钢制成。	這個水壺由不銹鋼製成。	authored			CC-CEDICT	
2430	2663_1	不锈钢	不銹鋼	bù xiù gāng		stainless steel	这个水壶由不锈钢制成。	這個水壺由不銹鋼製成。	authored			CC-CEDICT	
2431	2664_1	先锋	先鋒	xiān fēng		vanguard	他是这个方面的先锋。	他是這個方面的先鋒。	tatoeba	470977	他是这个方面的先锋。	CC-CEDICT	
2432	2665_1	药膏	藥膏	yào gāo		ointment	药膏中含有氧化锌。	藥膏中含有氧化鋅。	authored			CC-CEDICT	
2433	2666_1	尖锐	尖鋭	jiān ruì		sharp	突然间她开始用尖锐的声音大喊。	突然間她開始用尖鋭的聲音大喊。	tatoeba	830481	突然間她開始用尖銳的聲音大喊。	CC-CEDICT	
2434	2666_1	声音	聲音	shēng yīn		sound	突然间她开始用尖锐的声音大喊。	突然間她開始用尖鋭的聲音大喊。	tatoeba	830481	突然間她開始用尖銳的聲音大喊。	CC-CEDICT	
2435	2666_1	大喊	大喊	dà hǎn		to shout	突然间她开始用尖锐的声音大喊。	突然間她開始用尖鋭的聲音大喊。	tatoeba	830481	突然間她開始用尖銳的聲音大喊。	CC-CEDICT	
2436	2674_1	天鹅	天鵝	tiān é		swan	这只天鹅是黑色的。	這隻天鵝是黑色的。	tatoeba	7774830	这只天鹅是黑色的。	CC-CEDICT	
2437	2682_0	筑波	筑波	zhù bō		Tsukuba	筑波位于日本茨城县。	筑波位於日本茨城縣。	authored			CC-CEDICT	
2438	2682_0	茨城	茨城	cí chéng		Ibaraki	筑波位于日本茨城县。	筑波位於日本茨城縣。	authored			CC-CEDICT	
2439	2682_1	水塔	水塔	shuǐ tǎ		water tower	学校最高的建筑就是那个水塔。	學校最高的建築就是那個水塔。	tatoeba	1759600	学校最高的建筑就是那个水塔。	CC-CEDICT	
2440	2684_1	公会	公會	gōng huì		guild	这个公会历史悠久，拥有完整的行政体系与严格的成员筛选标准。	這個公會歷史悠久，擁有完整的行政體系與嚴格的成員篩選標準。	tatoeba	13610489	这个公会历史悠久，拥有完整的行政体系与严格的成员筛选标准。	CC-CEDICT	
2441	2684_1	悠久	悠久	yōu jiǔ		long	这个公会历史悠久，拥有完整的行政体系与严格的成员筛选标准。	這個公會歷史悠久，擁有完整的行政體系與嚴格的成員篩選標準。	tatoeba	13610489	这个公会历史悠久，拥有完整的行政体系与严格的成员筛选标准。	CC-CEDICT	
2442	2684_1	完整	完整	wán zhěng		complete	这个公会历史悠久，拥有完整的行政体系与严格的成员筛选标准。	這個公會歷史悠久，擁有完整的行政體系與嚴格的成員篩選標準。	tatoeba	13610489	这个公会历史悠久，拥有完整的行政体系与严格的成员筛选标准。	CC-CEDICT	
2443	2684_1	行政	行政	xíng zhèng		administration	这个公会历史悠久，拥有完整的行政体系与严格的成员筛选标准。	這個公會歷史悠久，擁有完整的行政體系與嚴格的成員篩選標準。	tatoeba	13610489	这个公会历史悠久，拥有完整的行政体系与严格的成员筛选标准。	CC-CEDICT	
2444	2684_1	体系	體系	tǐ xì		system	这个公会历史悠久，拥有完整的行政体系与严格的成员筛选标准。	這個公會歷史悠久，擁有完整的行政體系與嚴格的成員篩選標準。	tatoeba	13610489	这个公会历史悠久，拥有完整的行政体系与严格的成员筛选标准。	CC-CEDICT	
2445	2684_1	筛选	篩選	shāi xuǎn		to filter	这个公会历史悠久，拥有完整的行政体系与严格的成员筛选标准。	這個公會歷史悠久，擁有完整的行政體系與嚴格的成員篩選標準。	tatoeba	13610489	这个公会历史悠久，拥有完整的行政体系与严格的成员筛选标准。	CC-CEDICT	
2446	2684_1	标准	標準	biāo zhǔn		standard	这个公会历史悠久，拥有完整的行政体系与严格的成员筛选标准。	這個公會歷史悠久，擁有完整的行政體系與嚴格的成員篩選標準。	tatoeba	13610489	这个公会历史悠久，拥有完整的行政体系与严格的成员筛选标准。	CC-CEDICT	
2447	2697_1	矿山	礦山	kuàng shān		mine	这座矿山的煤炭储量很大。	這座礦山的煤炭儲量很大。	authored			CC-CEDICT	
2448	2697_1	煤炭	煤炭	méi tàn		coal	这座矿山的煤炭储量很大。	這座礦山的煤炭儲量很大。	authored			CC-CEDICT	
2449	2697_1	储量	儲量	chǔ liàng		remaining quantity	这座矿山的煤炭储量很大。	這座礦山的煤炭儲量很大。	authored			CC-CEDICT	
2450	2704_1	进攻	進攻	jìn gōng		to attack	进攻是最好的防御。	進攻是最好的防禦。	tatoeba	797083	進攻是最好的防禦。	CC-CEDICT	
2451	2704_1	防御	防禦	fáng yù		defense	进攻是最好的防御。	進攻是最好的防禦。	tatoeba	797083	進攻是最好的防禦。	CC-CEDICT	
2452	2712_1	雅典	雅典	yǎ diǎn		Athens	我既不是雅典人也不是希腊人。	我既不是雅典人也不是希臘人。	tatoeba	801357	我既不是雅典人也不是希腊人。	CC-CEDICT	
2453	2712_1	希腊	希臘	xī là		Greece	我既不是雅典人也不是希腊人。	我既不是雅典人也不是希臘人。	tatoeba	801357	我既不是雅典人也不是希腊人。	CC-CEDICT	
2454	2717_1	鲁迅	魯迅	lǔ xùn		Lu Xun	鲁迅写过许多小说和杂文。	魯迅寫過許多小說和雜文。	authored			CC-CEDICT	
2455	2717_1	杂文	雜文	zá wén		essay	鲁迅写过许多小说和杂文。	魯迅寫過許多小說和雜文。	authored			CC-CEDICT	
2456	2722_1	女士	女士	nǚ shì		lady	这个女士看起来很悲伤，也很疲惫。	這個女士看起來很悲傷，也很疲憊。	tatoeba	336686	这个女士看起来很悲伤，也很疲惫。	CC-CEDICT	
2457	2722_1	看起来	看起來	kàn qǐ lai	kàn qǐ lái	seemingly	这个女士看起来很悲伤，也很疲惫。	這個女士看起來很悲傷，也很疲憊。	tatoeba	336686	这个女士看起来很悲伤，也很疲惫。	CC-CEDICT	Taiwan MOE Concise Dictionary
2458	2722_1	悲伤	悲傷	bēi shāng		sad	这个女士看起来很悲伤，也很疲惫。	這個女士看起來很悲傷，也很疲憊。	tatoeba	336686	这个女士看起来很悲伤，也很疲惫。	CC-CEDICT	
2459	2722_1	疲惫	疲憊	pí bèi		beaten	这个女士看起来很悲伤，也很疲惫。	這個女士看起來很悲傷，也很疲憊。	tatoeba	336686	这个女士看起来很悲伤，也很疲惫。	CC-CEDICT	
2460	2724_1	欢迎	歡迎	huān yíng		to welcome	公司欢迎消费者对他们产品的反馈	公司歡迎消費者對他們產品的反饋	tatoeba	3856444	公司欢迎消费者对他们产品的反馈	CC-CEDICT	
2461	2724_1	产品	產品	chǎn pǐn		goods	公司欢迎消费者对他们产品的反馈	公司歡迎消費者對他們產品的反饋	tatoeba	3856444	公司欢迎消费者对他们产品的反馈	CC-CEDICT	
2462	2724_1	反馈	反饋	fǎn kuì		to send back information	公司欢迎消费者对他们产品的反馈	公司歡迎消費者對他們產品的反饋	tatoeba	3856444	公司欢迎消费者对他们产品的反馈	CC-CEDICT	
2463	2726_1	装备	裝備	zhuāng bèi		equipment	你需要好装备才能爬上这座山。	你需要好裝備才能爬上這座山。	tatoeba	9969184	你需要好装备才能爬上这座山。	CC-CEDICT	
2464	2726_1	爬上	爬上	pá shàng		to climb up	你需要好装备才能爬上这座山。	你需要好裝備才能爬上這座山。	tatoeba	9969184	你需要好装备才能爬上这座山。	CC-CEDICT	
2465	2727_1	野蛮	野蠻	yě mán		barbarous	在教养上，他们可以说是和野蛮人差不多。	在教養上，他們可以說是和野蠻人差不多。	tatoeba	360131	在教養上，他們可以說是和野蠻人差不多。	CC-CEDICT	
2466	2737_1	撒哈拉沙漠	撒哈拉沙漠	sā hā lā shā mò		Sahara Desert	撒哈拉沙漠广阔无垠。	撒哈拉沙漠廣闊無垠。	tatoeba	1691771	撒哈拉沙漠广阔无垠。	CC-CEDICT	
2467	2737_1	广阔	廣闊	guǎng kuò		wide	撒哈拉沙漠广阔无垠。	撒哈拉沙漠廣闊無垠。	tatoeba	1691771	撒哈拉沙漠广阔无垠。	CC-CEDICT	
2468	2737_1	无垠	無垠	wú yín		boundless	撒哈拉沙漠广阔无垠。	撒哈拉沙漠廣闊無垠。	tatoeba	1691771	撒哈拉沙漠广阔无垠。	CC-CEDICT	
2469	2742_1	实验	實驗	shí yàn		experiment	实验人员采集了动物粪便样本。	實驗人員採集了動物糞便樣本。	authored			CC-CEDICT	
2470	2742_1	采集	採集	cǎi jí		to gather	实验人员采集了动物粪便样本。	實驗人員採集了動物糞便樣本。	authored			CC-CEDICT	
2471	2742_1	粪便	糞便	fèn biàn		excrement	实验人员采集了动物粪便样本。	實驗人員採集了動物糞便樣本。	authored			CC-CEDICT	
2472	2742_1	样本	樣本	yàng běn		sample	实验人员采集了动物粪便样本。	實驗人員採集了動物糞便樣本。	authored			CC-CEDICT	
2473	2750_1	阿尔及尔	阿爾及爾	ā ěr jí ěr		Algiers	阿尔及尔从不停滞不前。	阿爾及爾從不停滯不前。	tatoeba	8580989	阿尔及尔从不停滞不前。	CC-CEDICT	
2474	2750_1	从不	從不	cóng bù		never	阿尔及尔从不停滞不前。	阿爾及爾從不停滯不前。	tatoeba	8580989	阿尔及尔从不停滞不前。	CC-CEDICT	
2475	2750_1	停滞	停滯	tíng zhì		stagnation	阿尔及尔从不停滞不前。	阿爾及爾從不停滯不前。	tatoeba	8580989	阿尔及尔从不停滞不前。	CC-CEDICT	
2476	2756_1	暖和	暖和	nuǎn huo		warm	因为气候又暖和又湿润，所以广州一年到头都有花。	因為氣候又暖和又濕潤，所以廣州一年到頭都有花。	tatoeba	766041	因为气候又暖和又湿润，所以广州一年到头都有花。	CC-CEDICT	
2477	2756_1	湿润	濕潤	shī rùn		moist	因为气候又暖和又湿润，所以广州一年到头都有花。	因為氣候又暖和又濕潤，所以廣州一年到頭都有花。	tatoeba	766041	因为气候又暖和又湿润，所以广州一年到头都有花。	CC-CEDICT	
2478	2756_1	广州	廣州	guǎng zhōu		Guangzhou	因为气候又暖和又湿润，所以广州一年到头都有花。	因為氣候又暖和又濕潤，所以廣州一年到頭都有花。	tatoeba	766041	因为气候又暖和又湿润，所以广州一年到头都有花。	CC-CEDICT	
2479	2759_1	判断	判斷	pàn duàn		to judge	如何判断自己已经或濒临精神崩溃？	如何判斷自己已經或瀕臨精神崩潰？	tatoeba	9850367	如何判断自己已经或濒临精神崩溃？	CC-CEDICT	
2480	2759_1	濒临	瀕臨	bīn lín		on the edge of	如何判断自己已经或濒临精神崩溃？	如何判斷自己已經或瀕臨精神崩潰？	tatoeba	9850367	如何判断自己已经或濒临精神崩溃？	CC-CEDICT	
2481	2759_1	精神	精神	jīng shén		mental; psychological	如何判断自己已经或濒临精神崩溃？	如何判斷自己已經或瀕臨精神崩潰？	tatoeba	9850367	如何判断自己已经或濒临精神崩溃？	CC-CEDICT	
2482	2759_1	崩溃	崩潰	bēng kuì		to collapse	如何判断自己已经或濒临精神崩溃？	如何判斷自己已經或瀕臨精神崩潰？	tatoeba	9850367	如何判断自己已经或濒临精神崩溃？	CC-CEDICT	
2483	2760_1	车轮	車輪	chē lún		wheel	车轮驶过水坑，泥水四处飞溅。	車輪駛過水坑，泥水四處飛濺。	authored			CC-CEDICT	
2484	2760_1	水坑	水坑	shuǐ kēng		puddle	车轮驶过水坑，泥水四处飞溅。	車輪駛過水坑，泥水四處飛濺。	authored			CC-CEDICT	
2485	2760_1	泥水	泥水	ní shuǐ		muddy water	车轮驶过水坑，泥水四处飞溅。	車輪駛過水坑，泥水四處飛濺。	authored			CC-CEDICT	
2486	2760_1	四处	四處	sì chù		all over the place	车轮驶过水坑，泥水四处飞溅。	車輪駛過水坑，泥水四處飛濺。	authored			CC-CEDICT	
2487	2770_1	忘记	忘記	wàng jì		to forget	当我忘记约定时，他十分愤怒。	當我忘記約定時，他十分憤怒。	tatoeba	429383	当我忘记约定时，他十分愤怒。	CC-CEDICT	
2488	2783_1	盗贼	盜賊	dào zéi		robber	盗贼见到警察后仓皇逃窜。	盜賊見到警察後倉皇逃竄。	authored			CC-CEDICT	
2489	2783_1	警察	警察	jǐng chá		police	盗贼见到警察后仓皇逃窜。	盜賊見到警察後倉皇逃竄。	authored			CC-CEDICT	
2490	2783_1	逃窜	逃竄	táo cuàn		to run away	盗贼见到警察后仓皇逃窜。	盜賊見到警察後倉皇逃竄。	authored			CC-CEDICT	
2491	2784_1	冬天	冬天	dōng tiān		winter	冬天早晨，我不愿离开温暖的被窝。	冬天早晨，我不願離開溫暖的被窩。	authored			CC-CEDICT	
2492	2784_1	早晨	早晨	zǎo chén		early morning	冬天早晨，我不愿离开温暖的被窝。	冬天早晨，我不願離開溫暖的被窩。	authored			CC-CEDICT	
2493	2784_1	不愿	不願	bù yuàn		unwilling	冬天早晨，我不愿离开温暖的被窝。	冬天早晨，我不願離開溫暖的被窩。	authored			CC-CEDICT	
2494	2784_1	温暖	溫暖	wēn nuǎn		warm	冬天早晨，我不愿离开温暖的被窝。	冬天早晨，我不願離開溫暖的被窩。	authored			CC-CEDICT	
2495	2791_1	裤子	褲子	kù zi		trousers	哦，我的白裤子！它是新的。	哦，我的白褲子！它是新的。	tatoeba	334437	哦，我的白裤子！它是新的。	CC-CEDICT	
2496	2793_1	禅杖	禪杖	chán zhàng		the staff of a Buddhist monk	老僧拄着禅杖缓步前行。	老僧拄著禪杖緩步前行。	authored			CC-CEDICT	
2497	2795_1	感谢	感謝	gǎn xiè		to thank	我想为你今天所做的事感谢你。	我想為你今天所做的事感謝你。	tatoeba	6093372	我想为你今天所做的事感谢你。	CC-CEDICT	
2498	2796_1	谣言	謡言	yáo yán		rumor	据我所知，这个谣言不是真的。	據我所知，這個謡言不是真的。	tatoeba	867740	据我所知，这个谣言不是真的。	CC-CEDICT	
2499	2796_1	真的	真的	zhēn de		really	据我所知，这个谣言不是真的。	據我所知，這個謡言不是真的。	tatoeba	867740	据我所知，这个谣言不是真的。	CC-CEDICT	
2500	2798_1	诺贝尔	諾貝爾	nuò bèi ěr		Nobel	获得诺贝尔奖后，她仍谦虚如昔。	獲得諾貝爾獎後，她仍謙虛如昔。	tatoeba	830473	獲得諾貝爾獎後，她仍謙虛如昔。	CC-CEDICT	
2501	2798_1	谦虚	謙虛	qiān xū		modest	获得诺贝尔奖后，她仍谦虚如昔。	獲得諾貝爾獎後，她仍謙虛如昔。	tatoeba	830473	獲得諾貝爾獎後，她仍謙虛如昔。	CC-CEDICT	
2502	2800_1	灵感	靈感	líng gǎn		creative inspiration	你去寻找属于自己的灵感了吗？	你去尋找屬於自己的靈感了嗎？	tatoeba	9954787	你去寻找属于自己的灵感了吗？	CC-CEDICT	
2503	2801_1	屡次	屢次	lǚ cì		repeatedly	他屡次迟到，受到了批评。	他屢次遲到，受到了批評。	authored			CC-CEDICT	
2504	2814_1	泰国	泰國	tài guó		Thailand	泰国在北边接壤缅甸和老挝。	泰國在北邊接壤緬甸和寮國。	tatoeba	10529598	泰國在北邊接壤緬甸和老撾。	CC-CEDICT	
2505	2814_1	北边	北邊	běi biān		north	泰国在北边接壤缅甸和老挝。	泰國在北邊接壤緬甸和寮國。	tatoeba	10529598	泰國在北邊接壤緬甸和老撾。	CC-CEDICT	
2506	2814_1	接壤	接壤	jiē rǎng		to border on	泰国在北边接壤缅甸和老挝。	泰國在北邊接壤緬甸和寮國。	tatoeba	10529598	泰國在北邊接壤緬甸和老撾。	CC-CEDICT	
2507	2814_1	缅甸	緬甸	miǎn diàn		Myanmar	泰国在北边接壤缅甸和老挝。	泰國在北邊接壤緬甸和寮國。	tatoeba	10529598	泰國在北邊接壤緬甸和老撾。	CC-CEDICT	
2508	2814_1	老挝	寮國	lǎo wō		Laos	泰国在北边接壤缅甸和老挝。	泰國在北邊接壤緬甸和寮國。	tatoeba	10529598	泰國在北邊接壤緬甸和老撾。	CC-CEDICT	
2509	2815_1	施工	施工	shī gōng		construction	施工队正在铺设地下光缆。	施工隊正在鋪設地下光纜。	authored			CC-CEDICT	
2510	2815_1	铺设	鋪設	pū shè		to lay	施工队正在铺设地下光缆。	施工隊正在鋪設地下光纜。	authored			CC-CEDICT	
2511	2815_1	地下	地下	dì xià		underground	施工队正在铺设地下光缆。	施工隊正在鋪設地下光纜。	authored			CC-CEDICT	
2512	2815_1	光缆	光纜	guāng lǎn		optical cable	施工队正在铺设地下光缆。	施工隊正在鋪設地下光纜。	authored			CC-CEDICT	
2513	2816_1	通缉	通緝	tōng jī	tōng qì	to list as wanted	汤姆已经上通缉令三年了。	湯姆已經上通緝令三年了。	tatoeba	5663466	汤姆已经上通缉令三年了。	CC-CEDICT	Taiwan MOE Concise Dictionary
2514	2817_1	陈列	陳列	chén liè		to display	店里陈列着各色绸缎。	店裡陳列著各色綢緞。	authored			CC-CEDICT	
2515	2817_1	各色	各色	gè sè		all kinds	店里陈列着各色绸缎。	店裡陳列著各色綢緞。	authored			CC-CEDICT	
2516	2817_1	绸缎	綢緞	chóu duàn		satin	店里陈列着各色绸缎。	店裡陳列著各色綢緞。	authored			CC-CEDICT	
2517	2818_1	硬体	硬體	yìng tǐ		hardware	由硬体到软体的转变是缓慢的。	由硬體到軟體的轉變是緩慢的。	tatoeba	13118956	由硬體到軟體的轉變是緩慢的。	CC-CEDICT	
2518	2818_1	软体	軟體	ruǎn tǐ		soft-bodied	由硬体到软体的转变是缓慢的。	由硬體到軟體的轉變是緩慢的。	tatoeba	13118956	由硬體到軟體的轉變是緩慢的。	CC-CEDICT	
2519	2818_1	转变	轉變	zhuǎn biàn		to change	由硬体到软体的转变是缓慢的。	由硬體到軟體的轉變是緩慢的。	tatoeba	13118956	由硬體到軟體的轉變是緩慢的。	CC-CEDICT	
2520	2818_1	缓慢	緩慢	huǎn màn		slow	由硬体到软体的转变是缓慢的。	由硬體到軟體的轉變是緩慢的。	tatoeba	13118956	由硬體到軟體的轉變是緩慢的。	CC-CEDICT	
2521	2819_1	两国	兩國	liǎng guó		both countries	两国正式缔结了友好条约。	兩國正式締結了友好條約。	authored			CC-CEDICT	
2522	2819_1	缔结	締結	dì jié		to conclude	两国正式缔结了友好条约。	兩國正式締結了友好條約。	authored			CC-CEDICT	
2523	2819_1	友好	友好	yǒu hǎo		friendly	两国正式缔结了友好条约。	兩國正式締結了友好條約。	authored			CC-CEDICT	
2524	2820_1	有着	有著	yǒu zhe		to have	这两件事之间有着千丝万缕的联系。	這兩件事之間有著千絲萬縷的聯絡。	authored			CC-CEDICT	
2525	2820_1	千丝万缕	千絲萬縷	qiān sī wàn lǚ		intricately interconnected	这两件事之间有着千丝万缕的联系。	這兩件事之間有著千絲萬縷的聯絡。	authored			CC-CEDICT	
2526	2821_1	欺骗	欺騙	qī piàn		to deceive	这将是你最后一次被欺骗了。	這將是你最後一次被欺騙了。	tatoeba	333147	这将是你最后一次被欺骗了。	CC-CEDICT	
2527	2822_1	基因	基因	jī yīn		gene	我们应该对人使用基因编辑吗？	我們應該對人使用基因編輯嗎？	tatoeba	9970747	我们应该对人使用基因编辑吗？	CC-CEDICT	
2528	2823_1	儿子	兒子	ér zi		son	让你的儿子别来骚扰我的女儿。	讓你的兒子別來騷擾我的女兒。	tatoeba	13890572	让你的儿子别来骚扰我的女儿。	CC-CEDICT	
2529	2823_1	骚扰	騷擾	sāo rǎo		to disturb	让你的儿子别来骚扰我的女儿。	讓你的兒子別來騷擾我的女兒。	tatoeba	13890572	让你的儿子别来骚扰我的女儿。	CC-CEDICT	
2530	2824_1	边缘	邊緣	biān yuán		edge	你是在死亡边缘反复磨擦。	你是在死亡邊緣反覆磨擦。	tatoeba	11545847	你是在死亡边缘反复磨擦。	CC-CEDICT	
2531	2824_1	反复	反覆	fǎn fù		repeatedly	你是在死亡边缘反复磨擦。	你是在死亡邊緣反覆磨擦。	tatoeba	11545847	你是在死亡边缘反复磨擦。	CC-CEDICT	
2532	2824_1	磨擦	磨擦	mó cā		to rub; friction	你是在死亡边缘反复磨擦。	你是在死亡邊緣反覆磨擦。	tatoeba	11545847	你是在死亡边缘反复磨擦。	CC-CEDICT	
2533	2826_1	鹦鹉	鸚鵡	yīng wǔ		parrot	鹦鹉懂得模仿人类说话。	鸚鵡懂得模仿人類說話。	tatoeba	435238	鸚鵡懂得模仿人類說話。	CC-CEDICT	
2534	2826_1	模仿	模仿	mó fǎng		to imitate	鹦鹉懂得模仿人类说话。	鸚鵡懂得模仿人類說話。	tatoeba	435238	鸚鵡懂得模仿人類說話。	CC-CEDICT	
2535	2832_1	拍摄	拍攝	pāi shè		to take	拍摄是在中午十二时左右开始。	拍攝是在中午十二時左右開始。	tatoeba	836338	拍攝是在中午十二時左右開始。	CC-CEDICT	
2536	2832_1	中午	中午	zhōng wǔ		noon	拍摄是在中午十二时左右开始。	拍攝是在中午十二時左右開始。	tatoeba	836338	拍攝是在中午十二時左右開始。	CC-CEDICT	
2537	2832_1	十二	十二	shí èr		twelve	拍摄是在中午十二时左右开始。	拍攝是在中午十二時左右開始。	tatoeba	836338	拍攝是在中午十二時左右開始。	CC-CEDICT	
2538	2832_1	左右	左右	zuǒ yòu		left and right	拍摄是在中午十二时左右开始。	拍攝是在中午十二時左右開始。	tatoeba	836338	拍攝是在中午十二時左右開始。	CC-CEDICT	
2539	2838_1	摆脱	擺脫	bǎi tuō		to break away from	阿尔及利亚需要摆脱官僚主义。	阿爾及利亞需要擺脫官僚主義。	tatoeba	8558441	阿尔及利亚需要摆脱官僚主义。	CC-CEDICT	
2540	2838_1	官僚	官僚	guān liáo		bureaucrat	阿尔及利亚需要摆脱官僚主义。	阿爾及利亞需要擺脫官僚主義。	tatoeba	8558441	阿尔及利亚需要摆脱官僚主义。	CC-CEDICT	
2541	2851_1	喜鹊	喜鵲	xǐ què		magpie	喜鹊落在院里的树枝上。	喜鵲落在院裡的樹枝上。	authored			CC-CEDICT	
2542	2851_1	树枝	樹枝	shù zhī		branch	喜鹊落在院里的树枝上。	喜鵲落在院裡的樹枝上。	authored			CC-CEDICT	
2543	2852_1	条纹	條紋	tiáo wén		stripe	我想试一下那条蓝色条纹裙。	我想試一下那條藍色條紋裙。	tatoeba	811085	我想试一下那条蓝色条纹裙。	CC-CEDICT	
2544	2859_0	蒙古	蒙古	měng gǔ		Mongolia	蒙古国夹在俄罗斯和中国之间。	蒙古國夾在俄羅斯和中國之間。	tatoeba	13517633	蒙古國夾在俄羅斯和中國之間。	CC-CEDICT	
2545	2859_1	迷蒙	迷濛	mí méng		misty	清晨的湖面烟雨迷蒙。	清晨的湖面煙雨迷濛。	authored			CC-CEDICT	
2546	2859_2	克莱	克萊	kè lái		Clay	克莱蒙特是一座安静的小城。	克萊懞特是一座安靜的小城。	authored			CC-CEDICT	
2547	2859_2	小城	小城	xiǎo chéng		small town	克莱蒙特是一座安静的小城。	克萊懞特是一座安靜的小城。	authored			CC-CEDICT	
2548	2859_3	读物	讀物	dú wù		reading material	这本读物适合儿童启蒙。	這本讀物適合兒童啟矇。	authored			CC-CEDICT	
2549	2859_3	启蒙	啟矇	qǐ méng		to instruct the young	这本读物适合儿童启蒙。	這本讀物適合兒童啟矇。	authored			CC-CEDICT	
2550	2866_1	英式	英式	yīng shì		British-style	他曾是个英式橄榄球运动员。	他曾是個英式橄欖球運動員。	tatoeba	7781726	他曾是个英式橄榄球运动员。	CC-CEDICT	
2551	2866_1	橄榄	橄欖	gǎn lǎn		Chinese olive	他曾是个英式橄榄球运动员。	他曾是個英式橄欖球運動員。	tatoeba	7781726	他曾是个英式橄榄球运动员。	CC-CEDICT	
2552	2870_1	游客	遊客	yóu kè		traveler	游客登上城楼眺望远方。	遊客登上城樓眺望遠方。	authored			CC-CEDICT	
2553	2870_1	登上	登上	dēng shàng		to climb over	游客登上城楼眺望远方。	遊客登上城樓眺望遠方。	authored			CC-CEDICT	
2554	2870_1	城楼	城樓	chéng lóu		city gate tower	游客登上城楼眺望远方。	遊客登上城樓眺望遠方。	authored			CC-CEDICT	
2555	2870_1	眺望	眺望	tiào wàng		to survey the scene from an elevated position	游客登上城楼眺望远方。	遊客登上城樓眺望遠方。	authored			CC-CEDICT	
2556	2872_1	依赖	依賴	yī lài		to depend on	阿尔及利亚能依赖可再生能源吗？	阿爾及利亞能依賴可再生能源嗎？	tatoeba	8751463	阿尔及利亚能依赖可再生能源吗？	CC-CEDICT	
2557	2872_1	再生	再生	zài shēng		to be reborn	阿尔及利亚能依赖可再生能源吗？	阿爾及利亞能依賴可再生能源嗎？	tatoeba	8751463	阿尔及利亚能依赖可再生能源吗？	CC-CEDICT	
2558	2872_1	能源	能源	néng yuán		energy sources	阿尔及利亚能依赖可再生能源吗？	阿爾及利亞能依賴可再生能源嗎？	tatoeba	8751463	阿尔及利亚能依赖可再生能源吗？	CC-CEDICT	
2559	2876_1	进食	進食	jìn shí		to eat	汤姆认为玛丽可能有进食障碍。	湯姆認為瑪麗可能有進食障礙。	tatoeba	10086141	汤姆认为玛丽可能有进食障碍。	CC-CEDICT	
2560	2876_1	障碍	障礙	zhàng ài		barrier	汤姆认为玛丽可能有进食障碍。	湯姆認為瑪麗可能有進食障礙。	tatoeba	10086141	汤姆认为玛丽可能有进食障碍。	CC-CEDICT	
2561	2883_1	尴尬	尷尬	gān gà		awkward	这么尴尬的事情真亏你想的出来。	這麼尷尬的事情真虧你想的出來。	tatoeba	11319300	这么尴尬的事情真亏你想的出来。	CC-CEDICT	
2562	2886_1	终年	終年	zhōng nián		entire year	山顶终年笼罩在云雾之中。	山頂終年籠罩在雲霧之中。	authored			CC-CEDICT	
2563	2888_1	建议	建議	jiàn yì		to propose	医生建议减少不必要的辐射暴露。	醫生建議減少不必要的輻射暴露。	authored			CC-CEDICT	
2564	2888_1	不必要	不必要	bù bì yào		needless	医生建议减少不必要的辐射暴露。	醫生建議減少不必要的輻射暴露。	authored			CC-CEDICT	
2565	2888_1	辐射	輻射	fú shè		to radiate	医生建议减少不必要的辐射暴露。	醫生建議減少不必要的輻射暴露。	authored			CC-CEDICT	
2566	2888_1	暴露	暴露	bào lù	pù lù	to expose	医生建议减少不必要的辐射暴露。	醫生建議減少不必要的輻射暴露。	authored			CC-CEDICT	Taiwan MOE Concise Dictionary
2567	2892_1	飓风	颶風	jù fēng		hurricane	气候变化可能增加飓风的强度和发生频率。	氣候變化可能增加颶風的強度和發生頻率。	tatoeba	13559104	氣候變化可能增加颶風的強度和發生頻率。	CC-CEDICT	
2568	2892_1	强度	強度	qiáng dù		strength	气候变化可能增加飓风的强度和发生频率。	氣候變化可能增加颶風的強度和發生頻率。	tatoeba	13559104	氣候變化可能增加颶風的強度和發生頻率。	CC-CEDICT	
2569	2892_1	频率	頻率	pín lǜ		frequency	气候变化可能增加飓风的强度和发生频率。	氣候變化可能增加颶風的強度和發生頻率。	tatoeba	13559104	氣候變化可能增加颶風的強度和發生頻率。	CC-CEDICT	
2570	2893_1	年龄	年齡	nián líng		age	你年龄足够大了，该了解更多。	你年齡足夠大了，該瞭解更多。	tatoeba	336589	你年龄足够大了，该了解更多。	CC-CEDICT	
2571	2894_1	鉴于	鑒於	jiàn yú		in view of	鉴于这片区域的危险，出于安全考虑，他建议我们一起走。	鑒於這片區域的危險，出於安全考慮，他建議我們一起走。	tatoeba	13880776	鉴于这片区域的危险，出于安全考虑，他建议我们一起走。	CC-CEDICT	
2572	2894_1	危险	危險	wēi xiǎn	wéi xiǎn	danger	鉴于这片区域的危险，出于安全考虑，他建议我们一起走。	鑒於這片區域的危險，出於安全考慮，他建議我們一起走。	tatoeba	13880776	鉴于这片区域的危险，出于安全考虑，他建议我们一起走。	CC-CEDICT	Taiwan MOE Concise Dictionary
2573	2894_1	出于	出於	chū yú		due to	鉴于这片区域的危险，出于安全考虑，他建议我们一起走。	鑒於這片區域的危險，出於安全考慮，他建議我們一起走。	tatoeba	13880776	鉴于这片区域的危险，出于安全考虑，他建议我们一起走。	CC-CEDICT	
2574	2923_1	蜗牛	蝸牛	wō niú	guā niú	snail	蜗牛一直在吃我们的莴苣。	蝸牛一直在吃我們的萵苣。	tatoeba	1593707	蜗牛一直在吃我们的莴苣。	CC-CEDICT	Taiwan MOE Concise Dictionary
2575	2923_1	莴苣	萵苣	wō jù		lettuce	蜗牛一直在吃我们的莴苣。	蝸牛一直在吃我們的萵苣。	tatoeba	1593707	蜗牛一直在吃我们的莴苣。	CC-CEDICT	
2576	2937_1	重量	重量	zhòng liàng		weight	总重量过大，导致卡车抛锚。	總重量過大，導致卡車拋錨。	tatoeba	13837435	總重量過大，導致卡車拋錨。	CC-CEDICT	
2577	2937_1	卡车	卡車	kǎ chē		truck	总重量过大，导致卡车抛锚。	總重量過大，導致卡車拋錨。	tatoeba	13837435	總重量過大，導致卡車拋錨。	CC-CEDICT	
2578	2937_1	抛锚	拋錨	pāo máo		to drop anchor	总重量过大，导致卡车抛锚。	總重量過大，導致卡車拋錨。	tatoeba	13837435	總重量過大，導致卡車拋錨。	CC-CEDICT	
2579	2938_1	无锡	無錫	wú xī		Wuxi	无锡位于江苏省南部。	無錫位於江蘇省南部。	authored			CC-CEDICT	
2580	2938_1	江苏	江蘇	jiāng sū		Jiangsu	无锡位于江苏省南部。	無錫位於江蘇省南部。	authored			CC-CEDICT	
2581	2938_1	南部	南部	nán bù		southern part	无锡位于江苏省南部。	無錫位於江蘇省南部。	authored			CC-CEDICT	
2582	2939_1	锣鼓	鑼鼓	luó gǔ		gongs and drums	节日的锣鼓声响彻全村。	節日的鑼鼓聲響徹全村。	authored			CC-CEDICT	
2583	2939_1	声响	聲響	shēng xiǎng		sound	节日的锣鼓声响彻全村。	節日的鑼鼓聲響徹全村。	authored			CC-CEDICT	
2584	2940_1	敲打	敲打	qiāo dǎ		to beat sb	工人举起铁锤敲打钢板。	工人舉起鐵錘敲打鋼板。	authored			CC-CEDICT	
2585	2940_1	钢板	鋼板	gāng bǎn		steel plate	工人举起铁锤敲打钢板。	工人舉起鐵錘敲打鋼板。	authored			CC-CEDICT	
2586	2941_1	屋顶	屋頂	wū dǐng		roof	这座屋顶呈圆锥形。	這座屋頂呈圓錐形。	authored			CC-CEDICT	
2587	2941_1	圆锥	圓錐	yuán zhuī		cone	这座屋顶呈圆锥形。	這座屋頂呈圓錐形。	authored			CC-CEDICT	
2588	2942_1	锦标	錦標	jǐn biāo		prize	她在锦标赛中获得冠军。	她在錦標賽中獲得冠軍。	authored			CC-CEDICT	
2589	2943_1	关键	關鍵	guān jiàn		crucial point	关键不在穿什么，而是怎么穿。	關鍵不在穿什麼，而是怎麼穿。	tatoeba	347586	关键不在穿什么，而是怎么穿。	CC-CEDICT	
2590	2943_1	不在	不在	bù zài		not to be present	关键不在穿什么，而是怎么穿。	關鍵不在穿什麼，而是怎麼穿。	tatoeba	347586	关键不在穿什么，而是怎么穿。	CC-CEDICT	
2591	2943_1	而是	而是	ér shì		rather	关键不在穿什么，而是怎么穿。	關鍵不在穿什麼，而是怎麼穿。	tatoeba	347586	关键不在穿什么，而是怎么穿。	CC-CEDICT	
2592	2944_1	刀背	刀背	dāo bèi		back of the knife	刀背上排列着细密的锯齿。	刀背上排列著細密的鋸齒。	authored			CC-CEDICT	
2593	2944_1	细密	細密	xì mì		fine	刀背上排列着细密的锯齿。	刀背上排列著細密的鋸齒。	authored			CC-CEDICT	
2594	2944_1	锯齿	鋸齒	jù chǐ		sawtooth	刀背上排列着细密的锯齿。	刀背上排列著細密的鋸齒。	authored			CC-CEDICT	
2595	2947_1	辞职	辭職	cí zhí		to resign	我一点也没有要辞职的意思。	我一點也沒有要辭職的意思。	tatoeba	461610	我一点也没有要辞职的意思。	CC-CEDICT	
2596	2950_1	失利	失利	shī lì		to lose	比赛失利后，他颓然坐在地上。	比賽失利後，他頽然坐在地上。	authored			CC-CEDICT	
2597	2952_1	筹备	籌備	chóu bèi		preparations	汤姆正在为玛莉筹备生日派对。	湯姆正在為瑪莉籌備生日派對。	tatoeba	13561217	湯姆正在為瑪莉籌備生日派對。	CC-CEDICT	
2598	2952_1	派对	派對	pài duì		party	汤姆正在为玛莉筹备生日派对。	湯姆正在為瑪莉籌備生日派對。	tatoeba	13561217	湯姆正在為瑪莉籌備生日派對。	CC-CEDICT	
2599	2953_2	箱子	箱子	xiāng zi		suitcase	箱子的内容在标签上面写着。	箱子的內容在標籤上面寫著。	tatoeba	455323	箱子的内容在标签上面写着。	CC-CEDICT	
2600	2953_2	标签	標籤	biāo qiān		label	箱子的内容在标签上面写着。	箱子的內容在標籤上面寫著。	tatoeba	455323	箱子的内容在标签上面写着。	CC-CEDICT	
2601	2953_2	上面	上面	shàng miàn		on top of	箱子的内容在标签上面写着。	箱子的內容在標籤上面寫著。	tatoeba	455323	箱子的内容在标签上面写着。	CC-CEDICT	
2602	2968_1	氛围	氛圍	fēn wéi		ambience	调整显色，则可以让画作氛围表现得更细腻。	調整顯色，則可以讓畫作氛圍表現得更細膩。	tatoeba	13516617	調整顯色，則可以讓畫作氛圍表現得更細膩。	CC-CEDICT	
2603	2968_1	表现	表現	biǎo xiàn		to show	调整显色，则可以让画作氛围表现得更细腻。	調整顯色，則可以讓畫作氛圍表現得更細膩。	tatoeba	13516617	調整顯色，則可以讓畫作氛圍表現得更細膩。	CC-CEDICT	
2604	2968_1	细腻	細膩	xì nì		smooth	调整显色，则可以让画作氛围表现得更细腻。	調整顯色，則可以讓畫作氛圍表現得更細膩。	tatoeba	13516617	調整顯色，則可以讓畫作氛圍表現得更細膩。	CC-CEDICT	
2605	2974_1	共和国	共和國	gòng hé guó		republic	李鹏曾任中华人民共和国国务院总理。	李鵬曾任中華人民共和國國務院總理。	authored			CC-CEDICT	
2606	2975_1	折腾	折騰	zhē teng	zhē téng	to toss from side to side	别再折腾那台已经坏掉的机器了。	別再折騰那臺已經壞掉的機器了。	authored			CC-CEDICT	Taiwan MOE Concise Dictionary
2607	2975_1	机器	機器	jī qì		machine	别再折腾那台已经坏掉的机器了。	別再折騰那臺已經壞掉的機器了。	authored			CC-CEDICT	
2608	2977_1	从事	從事	cóng shì		to go for	鲍罗廷曾在中国从事政治活动。	鮑羅廷曾在中國從事政治活動。	authored			CC-CEDICT	
2609	2979_1	新颖	新穎	xīn yǐng		novel; original	真是新颖的意见啊。	真是新穎的意見啊。	tatoeba	13512210	真是新穎的意見啊。	CC-CEDICT	
2610	2980_1	必要	必要	bì yào		necessary	日本有必要和西方各国接触。	日本有必要和西方各國接觸。	tatoeba	8834568	日本有必要和西方各国接触。	CC-CEDICT	
2611	2980_1	西方	西方	xī fāng		the West	日本有必要和西方各国接触。	日本有必要和西方各國接觸。	tatoeba	8834568	日本有必要和西方各国接触。	CC-CEDICT	
2612	2980_1	接触	接觸	jiē chù		to touch	日本有必要和西方各国接触。	日本有必要和西方各國接觸。	tatoeba	8834568	日本有必要和西方各国接触。	CC-CEDICT	
2613	2983_1	具备	具備	jù bèi		to possess	新制度已经具备了初步雏形。	新制度已經具備了初步雛形。	authored			CC-CEDICT	
2614	2983_1	初步	初步	chū bù		initial	新制度已经具备了初步雏形。	新制度已經具備了初步雛形。	authored			CC-CEDICT	
2615	2984_1	羊肉	羊肉	yáng ròu		mutton	这家店的羊肉泡馍很有名。	這家店的羊肉泡饃很有名。	authored			CC-CEDICT	
2616	2985_1	蒸馏	蒸餾	zhēng liú	zhēng liù	to distill	实验室用蒸馏方法净化液体。	實驗室用蒸餾方法淨化液體。	authored			CC-CEDICT	Taiwan MOE Concise Dictionary
2617	2985_1	净化	淨化	jìng huà		to purify	实验室用蒸馏方法净化液体。	實驗室用蒸餾方法淨化液體。	authored			CC-CEDICT	
2618	2986_1	里加	里加	lǐ jiā		Riga	面条里加了一勺辣椒酱。	麵條里加了一勺辣椒醬。	authored			CC-CEDICT	
2619	2986_1	辣椒	辣椒	là jiāo		hot pepper	面条里加了一勺辣椒酱。	麵條里加了一勺辣椒醬。	authored			CC-CEDICT	
2620	2997_1	批注	批註	pī zhù		to annotate	学生把老师的批注誊写到本子上。	學生把老師的批註謄寫到本子上。	authored			CC-CEDICT	
2621	2997_1	誊写	謄寫	téng xiě		to transcribe	学生把老师的批注誊写到本子上。	學生把老師的批註謄寫到本子上。	authored			CC-CEDICT	
2622	2997_1	本子	本子	běn zi		book	学生把老师的批注誊写到本子上。	學生把老師的批註謄寫到本子上。	authored			CC-CEDICT	
2623	2998_1	粮食	糧食	liáng shi	liáng shí	foodstuff	粮食安全是国家安全的重要基础。	糧食安全是國家安全的重要基礎。	tatoeba	9839016	粮食安全是国家安全的重要基础。	CC-CEDICT	Taiwan MOE Concise Dictionary
2624	2998_1	国家安全	國家安全	guó jiā ān quán		national security	粮食安全是国家安全的重要基础。	糧食安全是國家安全的重要基礎。	tatoeba	9839016	粮食安全是国家安全的重要基础。	CC-CEDICT	
2625	3009_1	过滤	過濾	guò lǜ		to filter	我从不过滤咖啡。	我從不過濾咖啡。	tatoeba	4262161	我從不過濾咖啡。	CC-CEDICT	
2626	3010_1	滥用	濫用	làn yòng		to misuse	他因滥用公共基金而被捕。	他因濫用公共基金而被捕。	tatoeba	2033413	他因滥用公共基金而被捕。	CC-CEDICT	
2627	3010_1	被捕	被捕	bèi bǔ		to be arrested	他因滥用公共基金而被捕。	他因濫用公共基金而被捕。	tatoeba	2033413	他因滥用公共基金而被捕。	CC-CEDICT	
2628	3014_0	淋漓	淋漓	lín lí		dripping wet	这篇文章写得酣畅淋漓。	這篇文章寫得酣暢淋漓。	authored			CC-CEDICT	
2629	3014_1	乘船	乘船	chéng chuán		to embark	游客乘船欣赏漓江风光。	遊客乘船欣賞灕江風光。	authored			CC-CEDICT	
2630	3014_1	风光	風光	fēng guāng		scene	游客乘船欣赏漓江风光。	遊客乘船欣賞灕江風光。	authored			CC-CEDICT	
2631	3018_1	每年	每年	měi nián		every year	每年一月，哈尔滨都会举办冰雪节。	每年一月，哈爾濱都會舉辦冰雪節。	tatoeba	13920750	每年一月，哈爾濱都會舉辦冰雪節。	CC-CEDICT	
2632	3018_1	一月	一月	yī yuè		January	每年一月，哈尔滨都会举办冰雪节。	每年一月，哈爾濱都會舉辦冰雪節。	tatoeba	13920750	每年一月，哈爾濱都會舉辦冰雪節。	CC-CEDICT	
2633	3018_1	哈尔滨	哈爾濱	hā ěr bīn		Harbin	每年一月，哈尔滨都会举办冰雪节。	每年一月，哈爾濱都會舉辦冰雪節。	tatoeba	13920750	每年一月，哈爾濱都會舉辦冰雪節。	CC-CEDICT	
2634	3018_1	举办	舉辦	jǔ bàn		to conduct	每年一月，哈尔滨都会举办冰雪节。	每年一月，哈爾濱都會舉辦冰雪節。	tatoeba	13920750	每年一月，哈爾濱都會舉辦冰雪節。	CC-CEDICT	
2635	3018_1	冰雪	冰雪	bīng xuě		ice and snow	每年一月，哈尔滨都会举办冰雪节。	每年一月，哈爾濱都會舉辦冰雪節。	tatoeba	13920750	每年一月，哈爾濱都會舉辦冰雪節。	CC-CEDICT	
2636	3022_1	出差	出差	chū chāi		to go on an official or business trip	在我出差时你可以去享受沙滩。	在我出差時你可以去享受沙灘。	tatoeba	13887447	在我出差时你可以去享受沙滩。	CC-CEDICT	
2637	3022_1	享受	享受	xiǎng shòu		to enjoy	在我出差时你可以去享受沙滩。	在我出差時你可以去享受沙灘。	tatoeba	13887447	在我出差时你可以去享受沙滩。	CC-CEDICT	
2638	3022_1	沙滩	沙灘	shā tān		beach	在我出差时你可以去享受沙滩。	在我出差時你可以去享受沙灘。	tatoeba	13887447	在我出差时你可以去享受沙滩。	CC-CEDICT	
2639	3027_1	窥探	窺探	kuī tàn		to pry into or spy on	记者试图窥探明星的私人生活。	記者試圖窺探明星的私人生活。	authored			CC-CEDICT	
2640	3027_1	明星	明星	míng xīng		star	记者试图窥探明星的私人生活。	記者試圖窺探明星的私人生活。	authored			CC-CEDICT	
2641	3029_1	按时	按時	àn shí		on time	学生们按时回到寝室。	學生們按時回到寢室。	authored			CC-CEDICT	
2642	3029_1	寝室	寢室	qǐn shì		bedroom	学生们按时回到寝室。	學生們按時回到寢室。	authored			CC-CEDICT	
2643	3030_1	按照	按照	àn zhào		according to	按照我的指示小心谨慎地前进。	按照我的指示小心謹慎地前進。	tatoeba	1636241	按照我的指示小心謹慎地前進。	CC-CEDICT	
2644	3030_1	指示	指示	zhǐ shì		to point out	按照我的指示小心谨慎地前进。	按照我的指示小心謹慎地前進。	tatoeba	1636241	按照我的指示小心謹慎地前進。	CC-CEDICT	
2645	3030_1	谨慎	謹慎	jǐn shèn		cautious	按照我的指示小心谨慎地前进。	按照我的指示小心謹慎地前進。	tatoeba	1636241	按照我的指示小心謹慎地前進。	CC-CEDICT	
2646	3034_1	荒谬	荒謬	huāng miù		absurd	这种荒谬的迷信已不复存在了。	這種荒謬的迷信已不復存在了。	tatoeba	349714	這種荒謬的迷信已不復存在了。	CC-CEDICT	
2647	3034_1	迷信	迷信	mí xìn		superstition	这种荒谬的迷信已不复存在了。	這種荒謬的迷信已不復存在了。	tatoeba	349714	這種荒謬的迷信已不復存在了。	CC-CEDICT	
2648	3037_0	王朝	王朝	wáng cháo		dynasty	旧王朝企图复辟，但最终失败。	舊王朝企圖復辟，但最終失敗。	authored			CC-CEDICT	
2649	3037_0	复辟	復辟	fù bì		to recover one's power or authority	旧王朝企图复辟，但最终失败。	舊王朝企圖復辟，但最終失敗。	authored			CC-CEDICT	
2650	3037_1	开辟	開闢	kāi pì		to open up	开辟新天地。	開闢新天地。	tatoeba	13206628	開闢新天地。	CC-CEDICT	
2651	3044_1	束缚	束縛	shù fù	shù fú	to bind	我想她想要的是束缚与支配。	我想她想要的是束縛與支配。	tatoeba	5948457	我想她想要的是束縛與支配。	CC-CEDICT	Taiwan MOE Concise Dictionary
2652	3044_1	支配	支配	zhī pèi		to control	我想她想要的是束缚与支配。	我想她想要的是束縛與支配。	tatoeba	5948457	我想她想要的是束縛與支配。	CC-CEDICT	
2653	3045_1	阳光	陽光	yáng guāng		sunshine	阳光从窗帘的缝隙照进来。	陽光從窗簾的縫隙照進來。	preexisting			CC-CEDICT	
2654	3045_1	窗帘	窗簾	chuāng lián		window curtains	阳光从窗帘的缝隙照进来。	陽光從窗簾的縫隙照進來。	preexisting			CC-CEDICT	
2655	3045_1	缝隙	縫隙	fèng xì		small crack	阳光从窗帘的缝隙照进来。	陽光從窗簾的縫隙照進來。	preexisting			CC-CEDICT	
2656	3045_1	进来	進來	jìn lái		to come in	阳光从窗帘的缝隙照进来。	陽光從窗簾的縫隙照進來。	preexisting			CC-CEDICT	
2657	3046_1	纠缠	糾纏	jiū chán		to be in a tangle	为什么我们纠缠细枝末节而不进入正题呢？	為什麼我們糾纏細枝末節而不進入正題呢？	tatoeba	5574683	為什麼我們糾纏細枝末節而不進入正題呢？	CC-CEDICT	
2658	3046_1	末节	末節	mò jié		inessentials	为什么我们纠缠细枝末节而不进入正题呢？	為什麼我們糾纏細枝末節而不進入正題呢？	tatoeba	5574683	為什麼我們糾纏細枝末節而不進入正題呢？	CC-CEDICT	
2659	3047_1	五彩	五彩	wǔ cǎi		five colors	花园里开满了五彩缤纷的鲜花。	花園裡開滿了五彩繽紛的鮮花。	authored			CC-CEDICT	
2660	3047_1	缤纷	繽紛	bīn fēn		vast and various	花园里开满了五彩缤纷的鲜花。	花園裡開滿了五彩繽紛的鮮花。	authored			CC-CEDICT	
2661	3047_1	鲜花	鮮花	xiān huā		flower	花园里开满了五彩缤纷的鲜花。	花園裡開滿了五彩繽紛的鮮花。	authored			CC-CEDICT	
2662	3052_1	累赘	累贅	léi zhuì	lěi zhuì	superfluous	我知道自己是个累赘，你没必要反复提。	我知道自己是個累贅，你沒必要反覆提。	tatoeba	4757235	我知道自己是个累赘，你没必要反复提。	CC-CEDICT	Taiwan MOE Concise Dictionary
2663	3054_1	城墙	城墻	chéng qiáng		city wall	古老的城墙环绕着城区。	古老的城墻環繞著城區。	authored			CC-CEDICT	
2664	3054_1	环绕	環繞	huán rào		to surround	古老的城墙环绕着城区。	古老的城墻環繞著城區。	authored			CC-CEDICT	
2665	3054_1	城区	城區	chéng qū		urban area	古老的城墙环绕着城区。	古老的城墻環繞著城區。	authored			CC-CEDICT	
2666	3070_0	不可	不可	bù kě		cannot	虽然说是穷人，但也不可轻蔑对方。	雖然說是窮人，但也不可輕蔑對方。	tatoeba	2393877	虽然说是穷人，但也不可轻蔑对方。	CC-CEDICT	
2667	3070_0	轻蔑	輕蔑	qīng miè		scornful	虽然说是穷人，但也不可轻蔑对方。	雖然說是窮人，但也不可輕蔑對方。	tatoeba	2393877	虽然说是穷人，但也不可轻蔑对方。	CC-CEDICT	
2668	3070_1	诬蔑	誣衊	wū miè		to slander	他公开否认了那些诬蔑之词。	他公開否認了那些誣衊之詞。	authored			CC-CEDICT	
2669	3074_1	和蔼	和藹	hé ǎi		kindly	汤姆和玛丽都很和蔼，对吗？	湯姆和瑪麗都很和藹，對嗎？	tatoeba	8889570	汤姆和玛丽都很和蔼，对吗？	CC-CEDICT	
2670	3079_1	门槛	門檻	mén kǎn		doorstep	参赛门槛非常高。	參賽門檻非常高。	tatoeba	6488759	參賽門檻非常高。	CC-CEDICT	
2671	3088_1	疏忽	疏忽	shū hu	shū hū	to neglect	一次疏忽酿成了严重事故。	一次疏忽釀成了嚴重事故。	authored			CC-CEDICT	Taiwan MOE Concise Dictionary
2672	3094_1	人人	人人	rén rén		everyone	人人都愿意相信美梦可以成真。	人人都願意相信美夢可以成真。	tatoeba	330584	人人都愿意相信美梦可以成真。	CC-CEDICT	
2673	3094_1	成真	成真	chéng zhēn		to come true	人人都愿意相信美梦可以成真。	人人都願意相信美夢可以成真。	tatoeba	330584	人人都愿意相信美梦可以成真。	CC-CEDICT	
2674	3096_1	直辖市	直轄市	zhí xiá shì		province level city	北京是中国的直辖市之一。	北京是中國的直轄市之一。	authored			CC-CEDICT	
2675	3097_1	辗转	輾轉	zhǎn zhuǎn		to toss about in bed	我辗转反侧，反复思考着白天发生的事，后悔不已。	我輾轉反側，反覆思考著白天發生的事，後悔不已。	tatoeba	10041953	我辗转反侧，反复思考着白天发生的事，后悔不已。	CC-CEDICT	
2676	3097_1	反侧	反側	fǎn cè		to toss and turn	我辗转反侧，反复思考着白天发生的事，后悔不已。	我輾轉反側，反覆思考著白天發生的事，後悔不已。	tatoeba	10041953	我辗转反侧，反复思考着白天发生的事，后悔不已。	CC-CEDICT	
2677	3097_1	思考	思考	sī kǎo		to reflect on	我辗转反侧，反复思考着白天发生的事，后悔不已。	我輾轉反側，反覆思考著白天發生的事，後悔不已。	tatoeba	10041953	我辗转反侧，反复思考着白天发生的事，后悔不已。	CC-CEDICT	
2678	3097_1	白天	白天	bái tiān		daytime	我辗转反侧，反复思考着白天发生的事，后悔不已。	我輾轉反側，反覆思考著白天發生的事，後悔不已。	tatoeba	10041953	我辗转反侧，反复思考着白天发生的事，后悔不已。	CC-CEDICT	
2679	3097_1	后悔	後悔	hòu huǐ		to regret	我辗转反侧，反复思考着白天发生的事，后悔不已。	我輾轉反側，反覆思考著白天發生的事，後悔不已。	tatoeba	10041953	我辗转反侧，反复思考着白天发生的事，后悔不已。	CC-CEDICT	
2680	3097_1	不已	不已	bù yǐ		endlessly	我辗转反侧，反复思考着白天发生的事，后悔不已。	我輾轉反側，反覆思考著白天發生的事，後悔不已。	tatoeba	10041953	我辗转反侧，反复思考着白天发生的事，后悔不已。	CC-CEDICT	
2681	3100_1	细小	細小	xì xiǎo		tiny	药物被制成细小颗粒。	藥物被製成細小顆粒。	authored			CC-CEDICT	
2682	3100_1	颗粒	顆粒	kē lì		kernel	药物被制成细小颗粒。	藥物被製成細小顆粒。	authored			CC-CEDICT	
2683	3104_1	同学	同學	tóng xué		to study at the same school	同学们踊跃报名参加比赛。	同學們踴躍報名參加比賽。	preexisting			CC-CEDICT	
2684	3104_1	踊跃	踴躍	yǒng yuè		to leap	同学们踊跃报名参加比赛。	同學們踴躍報名參加比賽。	preexisting			CC-CEDICT	
2685	3109_1	蝉联	蟬聯	chán lián		to continue in a post	她连续三年蝉联冠军。	她連續三年蟬聯冠軍。	authored			CC-CEDICT	
2686	3112_1	经纪	經紀	jīng jì		to manage	经纪人觉得赚钱是无止境的。	經紀人覺得賺錢是無止境的。	tatoeba	3682924	经纪人觉得赚钱是无止境的。	CC-CEDICT	
2687	3112_1	赚钱	賺錢	zhuàn qián		to earn money	经纪人觉得赚钱是无止境的。	經紀人覺得賺錢是無止境的。	tatoeba	3682924	经纪人觉得赚钱是无止境的。	CC-CEDICT	
2688	3112_1	止境	止境	zhǐ jìng		limit	经纪人觉得赚钱是无止境的。	經紀人覺得賺錢是無止境的。	tatoeba	3682924	经纪人觉得赚钱是无止境的。	CC-CEDICT	
2689	3114_1	锻炼	鍛鍊	duàn liàn		to toughen	我已经好久没有去锻炼了。	我已經好久沒有去鍛鍊了。	tatoeba	420114	我已经好久没有去锻炼了。	CC-CEDICT	
2690	3115_1	辛苦	辛苦	xīn kǔ		exhausting	当我们其他人辛苦工作时，强盗贵族却用镀金餐具吃饭。	當我們其他人辛苦工作時，強盜貴族卻用鍍金餐具吃飯。	tatoeba	13543299	當我們其他人辛苦工作時，強盜貴族卻用鍍金餐具吃飯。	CC-CEDICT	
2691	3115_1	强盗	強盜	qiáng dào		to rob	当我们其他人辛苦工作时，强盗贵族却用镀金餐具吃饭。	當我們其他人辛苦工作時，強盜貴族卻用鍍金餐具吃飯。	tatoeba	13543299	當我們其他人辛苦工作時，強盜貴族卻用鍍金餐具吃飯。	CC-CEDICT	
2692	3115_1	镀金	鍍金	dù jīn		to gold-plate	当我们其他人辛苦工作时，强盗贵族却用镀金餐具吃饭。	當我們其他人辛苦工作時，強盜貴族卻用鍍金餐具吃飯。	tatoeba	13543299	當我們其他人辛苦工作時，強盜貴族卻用鍍金餐具吃飯。	CC-CEDICT	
2693	3115_1	餐具	餐具	cān jù		tableware	当我们其他人辛苦工作时，强盗贵族却用镀金餐具吃饭。	當我們其他人辛苦工作時，強盜貴族卻用鍍金餐具吃飯。	tatoeba	13543299	當我們其他人辛苦工作時，強盜貴族卻用鍍金餐具吃飯。	CC-CEDICT	
2694	3118_1	感情	感情	gǎn qíng		emotion	人们的感情生活越来越不稳定。	人們的感情生活越來越不穩定。	tatoeba	5418242	人們的感情生活越來越不穩定。	CC-CEDICT	
2695	3122_1	箩筐	籮筐	luó kuāng		large wicker basket	老人背着箩筐走进山里。	老人揹著籮筐走進山裡。	authored			CC-CEDICT	
2696	3124_1	女朋友	女朋友	nǚ péng you	nǚ péng yǒu	girlfriend	我想让我女朋友给我吹箫但是她不愿意。	我想讓我女朋友給我吹簫但是她不願意。	tatoeba	1609911	我想让我女朋友给我吹箫但是她不愿意。	CC-CEDICT	Taiwan MOE Concise Dictionary
2697	3124_1	吹箫	吹簫	chuī xiāo		to beg on the streets	我想让我女朋友给我吹箫但是她不愿意。	我想讓我女朋友給我吹簫但是她不願意。	tatoeba	1609911	我想让我女朋友给我吹箫但是她不愿意。	CC-CEDICT	
2698	3125_1	舆论	輿論	yú lùn		public opinion	计划受到舆论的压力而被取消了。	計劃受到輿論的壓力而被取消了。	tatoeba	454802	計劃受到輿論的壓力而被取消了。	CC-CEDICT	
2699	3125_1	取消	取消	qǔ xiāo		to cancel	计划受到舆论的压力而被取消了。	計劃受到輿論的壓力而被取消了。	tatoeba	454802	計劃受到輿論的壓力而被取消了。	CC-CEDICT	
2700	3135_1	朝鲜	朝鮮	cháo xiǎn	cháo xiān	North Korea	熊女是朝鲜神话中的一个重要角色。	熊女是朝鮮神話中的一個重要角色。	tatoeba	6299635	熊女是朝鮮神話中的一個重要角色。	CC-CEDICT	CC-CEDICT Taiwan pronunciation
2701	3135_1	神话	神話	shén huà		legend	熊女是朝鲜神话中的一个重要角色。	熊女是朝鮮神話中的一個重要角色。	tatoeba	6299635	熊女是朝鮮神話中的一個重要角色。	CC-CEDICT	
2702	3135_1	角色	角色	jué sè		role	熊女是朝鲜神话中的一个重要角色。	熊女是朝鮮神話中的一個重要角色。	tatoeba	6299635	熊女是朝鮮神話中的一個重要角色。	CC-CEDICT	
2703	3138_1	馒头	饅頭	mán tou		steamed bun	馒头是北方人常吃的主食。	饅頭是北方人常吃的主食。	tatoeba	13844502	馒头是北方人常吃的主食。	CC-CEDICT	
2704	3138_1	北方	北方	běi fāng		north	馒头是北方人常吃的主食。	饅頭是北方人常吃的主食。	tatoeba	13844502	馒头是北方人常吃的主食。	CC-CEDICT	
2705	3138_1	主食	主食	zhǔ shí		staple food	馒头是北方人常吃的主食。	饅頭是北方人常吃的主食。	tatoeba	13844502	馒头是北方人常吃的主食。	CC-CEDICT	
2706	3177_1	谭嗣同	譚嗣同	tán sì tóng		Tan Sitong	谭嗣同是戊戌变法的重要人物。	譚嗣同是戊戌變法的重要人物。	authored			CC-CEDICT	
2707	3177_1	戊戌变法	戊戌變法	wù xū biàn fǎ		Hundred Days Reform	谭嗣同是戊戌变法的重要人物。	譚嗣同是戊戌變法的重要人物。	authored			CC-CEDICT	
2708	3181_1	性别	性別	xìng bié		sex	在这堂课上，老师介绍了性别光谱，鼓励学生尊重多元性别认同。	在這堂課上，老師介紹了性別光譜，鼓勵學生尊重多元性別認同。	tatoeba	13511187	在这堂課上，老師介绍了性别光谱，鼓励学生尊重多元性別认同。	CC-CEDICT	
2709	3181_1	光谱	光譜	guāng pǔ		spectrum	在这堂课上，老师介绍了性别光谱，鼓励学生尊重多元性别认同。	在這堂課上，老師介紹了性別光譜，鼓勵學生尊重多元性別認同。	tatoeba	13511187	在这堂課上，老師介绍了性别光谱，鼓励学生尊重多元性別认同。	CC-CEDICT	
2710	3181_1	尊重	尊重	zūn zhòng		to esteem	在这堂课上，老师介绍了性别光谱，鼓励学生尊重多元性别认同。	在這堂課上，老師介紹了性別光譜，鼓勵學生尊重多元性別認同。	tatoeba	13511187	在这堂課上，老師介绍了性别光谱，鼓励学生尊重多元性別认同。	CC-CEDICT	
2711	3181_1	多元	多元	duō yuán		poly-	在这堂课上，老师介绍了性别光谱，鼓励学生尊重多元性别认同。	在這堂課上，老師介紹了性別光譜，鼓勵學生尊重多元性別認同。	tatoeba	13511187	在这堂課上，老師介绍了性别光谱，鼓励学生尊重多元性別认同。	CC-CEDICT	
2712	3181_1	认同	認同	rèn tóng		to approve of	在这堂课上，老师介绍了性别光谱，鼓励学生尊重多元性别认同。	在這堂課上，老師介紹了性別光譜，鼓勵學生尊重多元性別認同。	tatoeba	13511187	在这堂課上，老師介绍了性别光谱，鼓励学生尊重多元性別认同。	CC-CEDICT	
2713	3187_1	装满	裝滿	zhuāng mǎn		to fill up	老人在骡子的背上放上了一个个装满了沙的袋子。	老人在騾子的背上放上了一個個裝滿了沙的袋子。	tatoeba	8916882	老人在骡子的背上放上了一个个装满了沙的袋子。	CC-CEDICT	
2714	3187_1	袋子	袋子	dài zi		bag	老人在骡子的背上放上了一个个装满了沙的袋子。	老人在騾子的背上放上了一個個裝滿了沙的袋子。	tatoeba	8916882	老人在骡子的背上放上了一个个装满了沙的袋子。	CC-CEDICT	
2715	3188_1	亚马逊	亞馬遜	yà mǎ xùn		Amazon	亚马逊雨林的面积逐年缩小。	亞馬遜雨林的面積逐年縮小。	tatoeba	6140948	亞馬遜雨林的面積逐年縮小。	CC-CEDICT	
2716	3188_1	雨林	雨林	yǔ lín		rainforest	亚马逊雨林的面积逐年缩小。	亞馬遜雨林的面積逐年縮小。	tatoeba	6140948	亞馬遜雨林的面積逐年縮小。	CC-CEDICT	
2717	3188_1	缩小	縮小	suō xiǎo		to reduce	亚马逊雨林的面积逐年缩小。	亞馬遜雨林的面積逐年縮小。	tatoeba	6140948	亞馬遜雨林的面積逐年縮小。	CC-CEDICT	
2718	3190_1	店主	店主	diàn zhǔ		shop owner	店主把闹事的人撵走了。	店主把鬧事的人攆走了。	authored			CC-CEDICT	
2719	3190_1	闹事	鬧事	nào shì		to cause trouble	店主把闹事的人撵走了。	店主把鬧事的人攆走了。	authored			CC-CEDICT	
2720	3190_1	撵走	攆走	niǎn zǒu		to drive out	店主把闹事的人撵走了。	店主把鬧事的人攆走了。	authored			CC-CEDICT	
2721	3212_1	蕴藏	藴藏	yùn cáng		to hold in store	这片山区蕴藏着丰富的矿产。	這片山區藴藏著豐富的礦產。	authored			CC-CEDICT	
2722	3215_1	阿姨	阿姨	ā yí		maternal aunt	小军，来尝尝李阿姨新摘的樱桃。	小軍，來嚐嚐李阿姨新摘的櫻桃。	tatoeba	13541286	小軍，來嚐嚐李阿姨新摘的櫻桃。	CC-CEDICT	
2723	3215_1	樱桃	櫻桃	yīng táo		cherry	小军，来尝尝李阿姨新摘的樱桃。	小軍，來嚐嚐李阿姨新摘的櫻桃。	tatoeba	13541286	小軍，來嚐嚐李阿姨新摘的櫻桃。	CC-CEDICT	
2724	3221_1	歌声	歌聲	gē shēng		singing voice	歌声在夜空中轻轻飘荡。	歌聲在夜空中輕輕飄盪。	authored			CC-CEDICT	
2725	3231_1	注射	注射	zhù shè		injection	医生给病人注射了青霉素。	醫生給病人注射了青黴素。	authored			CC-CEDICT	
2726	3231_1	青霉素	青黴素	qīng méi sù		penicillin	医生给病人注射了青霉素。	醫生給病人注射了青黴素。	authored			CC-CEDICT	
2727	3232_1	一再	一再	yī zài		repeatedly	真相就是，你们一再隐瞒了真相。	真相就是，你們一再隱瞞了真相。	tatoeba	2090262	真相就是，你们一再隐瞒了真相。	CC-CEDICT	
2728	3232_1	隐瞒	隱瞞	yǐn mán		to conceal	真相就是，你们一再隐瞒了真相。	真相就是，你們一再隱瞞了真相。	tatoeba	2090262	真相就是，你们一再隐瞒了真相。	CC-CEDICT	
2729	3253_1	嘱咐	囑咐	zhǔ fu	zhǔ fù	to urge	母亲嘱咐孩子路上小心。	母親囑咐孩子路上小心。	authored			CC-CEDICT	Taiwan MOE Concise Dictionary
2730	3256_1	镇压	鎮壓	zhèn yā		suppression	把镇压身障人权的首尔市长拖出来！	把鎮壓身障人權的首爾市長拖出來！	tatoeba	13562299	把鎮壓身障人權的首爾市長拖出來！	CC-CEDICT	
2731	3256_1	人权	人權	rén quán		human rights	把镇压身障人权的首尔市长拖出来！	把鎮壓身障人權的首爾市長拖出來！	tatoeba	13562299	把鎮壓身障人權的首爾市長拖出來！	CC-CEDICT	
2732	3258_1	马上	馬上	mǎ shàng		at once	我在这匹马上押五英镑的赌注。	我在這匹馬上押五英鎊的賭注。	tatoeba	926578	我在這匹馬上押五英鎊的賭注。	CC-CEDICT	
2733	3258_1	英镑	英鎊	yīng bàng		pound sterling	我在这匹马上押五英镑的赌注。	我在這匹馬上押五英鎊的賭注。	tatoeba	926578	我在這匹馬上押五英鎊的賭注。	CC-CEDICT	
2734	3258_1	赌注	賭注	dǔ zhù		stake	我在这匹马上押五英镑的赌注。	我在這匹馬上押五英鎊的賭注。	tatoeba	926578	我在這匹馬上押五英鎊的賭注。	CC-CEDICT	
2735	3276_1	鲤鱼	鯉魚	lǐ yú		carp	鲤鱼和鳟鱼等鱼类生活在淡水中。	鯉魚和鱒魚等魚類生活在淡水中。	tatoeba	462140	鲤鱼和鳟鱼等鱼类生活在淡水中。	CC-CEDICT	
2736	3276_1	鳟鱼	鱒魚	zūn yú		trout	鲤鱼和鳟鱼等鱼类生活在淡水中。	鯉魚和鱒魚等魚類生活在淡水中。	tatoeba	462140	鲤鱼和鳟鱼等鱼类生活在淡水中。	CC-CEDICT	
2737	3276_1	淡水	淡水	dàn shuǐ		freshwater	鲤鱼和鳟鱼等鱼类生活在淡水中。	鯉魚和鱒魚等魚類生活在淡水中。	tatoeba	462140	鲤鱼和鳟鱼等鱼类生活在淡水中。	CC-CEDICT	
2738	3277_1	鲫鱼	鯽魚	jì yú		crucian carp	池塘里养着许多鲫鱼。	池塘裡養著許多鯽魚。	authored			CC-CEDICT	
2739	3281_1	庄稼	莊稼	zhuāng jia	zhuāng jià	farm crop	久旱使田里的庄稼变得干瘪。	久旱使田裡的莊稼變得乾癟。	authored			CC-CEDICT	Taiwan MOE Concise Dictionary
2740	3283_1	病毒	病毒	bìng dú		virus	病毒让我的电脑瘫痪了。	病毒讓我的電腦癱瘓了。	tatoeba	6075201	病毒让我的电脑瘫痪了。	CC-CEDICT	
2741	3283_1	瘫痪	癱瘓	tān huàn		to suffer paralysis	病毒让我的电脑瘫痪了。	病毒讓我的電腦癱瘓了。	tatoeba	6075201	病毒让我的电脑瘫痪了。	CC-CEDICT	
2742	3285_1	颜色	顔色	yán sè		color	你可以选择任何你喜欢的颜色。	你可以選擇任何你喜歡的顔色。	tatoeba	344418	你可以选择任何你喜欢的颜色。	CC-CEDICT	
2743	3294_1	鲨鱼	鯊魚	shā yú		shark	鲨鱼对电子信号和噪音很敏感。	鯊魚對電子訊號和噪音很敏感。	tatoeba	765689	鯊魚對電子信號和噪音很敏感。	CC-CEDICT	
2744	3294_1	电子	電子	diàn zǐ		electronic	鲨鱼对电子信号和噪音很敏感。	鯊魚對電子訊號和噪音很敏感。	tatoeba	765689	鯊魚對電子信號和噪音很敏感。	CC-CEDICT	
2745	3294_1	信号	訊號	xìn hào	xùn hào	signal	鲨鱼对电子信号和噪音很敏感。	鯊魚對電子訊號和噪音很敏感。	tatoeba	765689	鯊魚對電子信號和噪音很敏感。	CC-CEDICT	Taiwan MOE Concise Dictionary
2746	3294_1	噪音	噪音	zào yīn		rumble	鲨鱼对电子信号和噪音很敏感。	鯊魚對電子訊號和噪音很敏感。	tatoeba	765689	鯊魚對電子信號和噪音很敏感。	CC-CEDICT	
2747	3294_1	敏感	敏感	mǐn gǎn		sensitive	鲨鱼对电子信号和噪音很敏感。	鯊魚對電子訊號和噪音很敏感。	tatoeba	765689	鯊魚對電子信號和噪音很敏感。	CC-CEDICT	
2748	3298_1	澜沧江	瀾滄江	lán cāng jiāng		Lancang River	澜沧江流经中国和东南亚。	瀾滄江流經中國和東南亞。	authored			CC-CEDICT	
2749	3298_1	东南	東南	dōng nán		southeast	澜沧江流经中国和东南亚。	瀾滄江流經中國和東南亞。	authored			CC-CEDICT	
2750	3304_1	交易	交易	jiāo yì		to deal	本次交易的总额超过亿元。	本次交易的總額超過億元。	authored			CC-CEDICT	
2751	3304_1	总额	總額	zǒng é		total	本次交易的总额超过亿元。	本次交易的總額超過億元。	authored			CC-CEDICT	
2752	3307_1	议员	議員	yì yuán		member	议员受到了议会道德委员会的谴责。	議員受到了議會道德委員會的譴責。	tatoeba	812281	议员受到了议会道德委员会的谴责。	CC-CEDICT	
2753	3307_1	议会	議會	yì huì		parliament	议员受到了议会道德委员会的谴责。	議員受到了議會道德委員會的譴責。	tatoeba	812281	议员受到了议会道德委员会的谴责。	CC-CEDICT	
2754	3307_1	谴责	譴責	qiǎn zé		to denounce	议员受到了议会道德委员会的谴责。	議員受到了議會道德委員會的譴責。	tatoeba	812281	议员受到了议会道德委员会的谴责。	CC-CEDICT	
2755	3314_1	宛如	宛如	wǎn rú		to be just like	山间云雾缭绕，宛如仙境。	山間雲霧繚繞，宛如仙境。	authored			CC-CEDICT	
2756	3314_1	仙境	仙境	xiān jìng		fairyland	山间云雾缭绕，宛如仙境。	山間雲霧繚繞，宛如仙境。	authored			CC-CEDICT	
2757	3327_1	神魂	神魂	shén hún		mind	她被他迷得神魂颠倒。	她被他迷得神魂顛倒。	tatoeba	1516218	她被他迷得神魂颠倒。	CC-CEDICT	
2758	3327_1	颠倒	顛倒	diān dǎo		to turn upside down	她被他迷得神魂颠倒。	她被他迷得神魂顛倒。	tatoeba	1516218	她被他迷得神魂颠倒。	CC-CEDICT	
2759	3339_1	深深	深深	shēn shēn		deep	雨后泥路上留下深深的车辙。	雨後泥路上留下深深的車轍。	authored			CC-CEDICT	
2760	3351_1	免费	免費	miǎn fèi		free	如果你买了一磅茶的话，这个卖家会免费赠送你一磅糖。	如果你買了一磅茶的話，這個賣家會免費贈送你一磅糖。	tatoeba	1788010	如果你买了一磅茶的话，这个卖家会免费赠送你一磅糖。	CC-CEDICT	
2761	3351_1	赠送	贈送	zèng sòng		to present as a gift	如果你买了一磅茶的话，这个卖家会免费赠送你一磅糖。	如果你買了一磅茶的話，這個賣家會免費贈送你一磅糖。	tatoeba	1788010	如果你买了一磅茶的话，这个卖家会免费赠送你一磅糖。	CC-CEDICT	
2762	3354_1	墨镜	墨鏡	mò jìng		sunglasses	莫纳迪偷了巴亚的墨镜。	莫納迪偷了巴亞的墨鏡。	tatoeba	9400770	莫纳迪偷了巴亚的墨镜。	CC-CEDICT	
2763	3355_1	抱歉	抱歉	bào qiàn		to be sorry	很抱歉那个问题我不赞成你。	很抱歉那個問題我不贊成你。	tatoeba	1438513	很抱歉那个问题我不赞成你。	CC-CEDICT	
2764	3355_1	赞成	贊成	zàn chéng		to approve	很抱歉那个问题我不赞成你。	很抱歉那個問題我不贊成你。	tatoeba	1438513	很抱歉那个问题我不赞成你。	CC-CEDICT	
2765	3357_1	下午	下午	xià wǔ		afternoon	汤姆和朋友们打了整个下午篮球。	湯姆和朋友們打了整個下午籃球。	tatoeba	5780548	汤姆和朋友们打了整个下午篮球。	CC-CEDICT	
2766	3357_1	篮球	籃球	lán qiú		basketball	汤姆和朋友们打了整个下午篮球。	湯姆和朋友們打了整個下午籃球。	tatoeba	5780548	汤姆和朋友们打了整个下午篮球。	CC-CEDICT	
2767	3360_0	奶奶	奶奶	nǎi nai		grandma	奶奶用笊篱捞起锅里的饺子。	奶奶用笊篱撈起鍋裡的餃子。	authored			CC-CEDICT	
2768	3360_1	篱笆	籬笆	lí ba	lí bā	fence	我父亲在花园边上装了篱笆。	我父親在花園邊上裝了籬笆。	tatoeba	5845595	我父亲在花园边上装了篱笆。	CC-CEDICT	Taiwan MOE Concise Dictionary
2769	3366_1	停止	停止	tíng zhǐ		to stop	国际社会呼吁停止商业捕鲸。	國際社會呼籲停止商業捕鯨。	authored			CC-CEDICT	
2770	3366_1	捕鲸	捕鯨	bǔ jīng		to whale	国际社会呼吁停止商业捕鲸。	國際社會呼籲停止商業捕鯨。	authored			CC-CEDICT	
2771	3372_1	辩论	辯論	biàn lùn		debate	汤姆和玛丽无时无刻不在辩论。	湯姆和瑪麗無時無刻不在辯論。	tatoeba	9970749	汤姆和玛丽无时无刻不在辩论。	CC-CEDICT	
2772	3377_1	灭绝	滅絕	miè jué		to become extinct	这是一个濒临灭绝的物种。	這是一個瀕臨滅絕的物種。	tatoeba	797541	这是一个濒临灭绝的物种。	CC-CEDICT	
2773	3377_1	物种	物種	wù zhǒng		species	这是一个濒临灭绝的物种。	這是一個瀕臨滅絕的物種。	tatoeba	797541	这是一个濒临灭绝的物种。	CC-CEDICT	
2774	3380_1	懒得	懶得	lǎn de		to not feel like	退货手续很繁琐，我懒得去办。	退貨手續很繁瑣，我懶得去辦。	tatoeba	13826017	退貨手續很繁瑣，我懶得去辦。	CC-CEDICT	
2775	3387_1	缴纳	繳納	jiǎo nà		to pay	企业必须按时缴纳税款。	企業必須按時繳納稅款。	authored			CC-CEDICT	
2776	3405_1	全球	全球	quán qiú		the whole world	这项新技术受到全球瞩目。	這項新技術受到全球矚目。	authored			CC-CEDICT	
2777	3405_1	瞩目	矚目	zhǔ mù		to focus attention upon	这项新技术受到全球瞩目。	這項新技術受到全球矚目。	authored			CC-CEDICT	
2778	3414_1	赡养	贍養	shàn yǎng		to support	等父母老了，我会赡养他们。	等父母老了，我會贍養他們。	tatoeba	8143518	等父母老了，我会赡养他们。	CC-CEDICT	
2779	3424_1	鳄鱼	鰐魚	è yú		alligator	鳄鱼有尖利的牙齿。	鰐魚有尖利的牙齒。	tatoeba	7781739	鳄鱼有尖利的牙齿。	CC-CEDICT	
2780	3424_1	尖利	尖利	jiān lì		sharp	鳄鱼有尖利的牙齿。	鰐魚有尖利的牙齒。	tatoeba	7781739	鳄鱼有尖利的牙齿。	CC-CEDICT	
2781	3426_1	辫子	辮子	biàn zi		plait	汤姆有时会把胡子编成辫子。	湯姆有時會把鬍子編成辮子。	tatoeba	13545610	湯姆有時會把鬍子編成辮子。	CC-CEDICT	
2782	3427_1	英勇	英勇	yīng yǒng		heroic	他的英勇行为使他赢得了尊重。	他的英勇行為使他贏得了尊重。	tatoeba	759039	他的英勇行為使他贏得了尊重。	CC-CEDICT	
2783	3427_1	行为	行為	xíng wéi		action	他的英勇行为使他赢得了尊重。	他的英勇行為使他贏得了尊重。	tatoeba	759039	他的英勇行為使他贏得了尊重。	CC-CEDICT	
2784	3427_1	赢得	贏得	yíng dé		to win	他的英勇行为使他赢得了尊重。	他的英勇行為使他贏得了尊重。	tatoeba	759039	他的英勇行為使他贏得了尊重。	CC-CEDICT	
2785	3436_1	步骤	步驟	bù zhòu	bù zòu	procedure	请按照说明中的步骤操作。	請按照說明中的步驟操作。	authored			CC-CEDICT	Taiwan MOE Concise Dictionary
2786	3443_1	喧嚣	喧囂	xuān xiāo		to clamor	我想暂时离开城市的喧嚣。	我想暫時離開城市的喧囂。	authored			CC-CEDICT	
2787	3444_1	锤子	錘子	chuí zi		hammer	锤子与镰刀代表共产主义。	錘子與鐮刀代表共產主義。	tatoeba	8930184	锤子与镰刀代表共产主义。	CC-CEDICT	
2788	3444_1	镰刀	鐮刀	lián dāo		sickle	锤子与镰刀代表共产主义。	錘子與鐮刀代表共產主義。	tatoeba	8930184	锤子与镰刀代表共产主义。	CC-CEDICT	
2789	3444_1	共产	共產	gòng chǎn		communist	锤子与镰刀代表共产主义。	錘子與鐮刀代表共產主義。	tatoeba	8930184	锤子与镰刀代表共产主义。	CC-CEDICT	
2790	3446_1	下游	下游	xià yóu		lower reaches	白鳍豚曾生活在长江中下游。	白鰭豚曾生活在長江中下游。	authored			CC-CEDICT	
2791	3447_1	高空	高空	gāo kōng		high altitude	猎鹰从高空俯冲下来捕捉猎物。	獵鷹從高空俯衝下來捕捉獵物。	authored			CC-CEDICT	
2792	3447_1	俯冲	俯衝	fǔ chōng		to dive down fast	猎鹰从高空俯冲下来捕捉猎物。	獵鷹從高空俯衝下來捕捉獵物。	authored			CC-CEDICT	
2793	3447_1	捕捉	捕捉	bǔ zhuō		to catch	猎鹰从高空俯冲下来捕捉猎物。	獵鷹從高空俯衝下來捕捉獵物。	authored			CC-CEDICT	
2794	3447_1	猎物	獵物	liè wù		prey	猎鹰从高空俯冲下来捕捉猎物。	獵鷹從高空俯衝下來捕捉獵物。	authored			CC-CEDICT	
2795	3461_1	即便	即便	jí biàn		even if	即便身处如日中天的巅峰，她依然保持低调，从不以此自矜。	即便身處如日中天的巔峰，她依然保持低調，從不以此自矜。	tatoeba	13867630	即便身處如日中天的巔峰，她依然保持低調，從不以此自矜。	CC-CEDICT	
2796	3461_1	如日中天	如日中天	rú rì zhōng tiān		at the height of success	即便身处如日中天的巅峰，她依然保持低调，从不以此自矜。	即便身處如日中天的巔峰，她依然保持低調，從不以此自矜。	tatoeba	13867630	即便身處如日中天的巔峰，她依然保持低調，從不以此自矜。	CC-CEDICT	
2797	3461_1	巅峰	巔峰	diān fēng		summit	即便身处如日中天的巅峰，她依然保持低调，从不以此自矜。	即便身處如日中天的巔峰，她依然保持低調，從不以此自矜。	tatoeba	13867630	即便身處如日中天的巔峰，她依然保持低調，從不以此自矜。	CC-CEDICT	
2798	3461_1	低调	低調	dī diào		low pitch	即便身处如日中天的巅峰，她依然保持低调，从不以此自矜。	即便身處如日中天的巔峰，她依然保持低調，從不以此自矜。	tatoeba	13867630	即便身處如日中天的巔峰，她依然保持低調，從不以此自矜。	CC-CEDICT	
2799	3461_1	以此	以此	yǐ cǐ		with this	即便身处如日中天的巅峰，她依然保持低调，从不以此自矜。	即便身處如日中天的巔峰，她依然保持低調，從不以此自矜。	tatoeba	13867630	即便身處如日中天的巔峰，她依然保持低調，從不以此自矜。	CC-CEDICT	
2800	3461_1	自矜	自矜	zì jīn		to boast	即便身处如日中天的巅峰，她依然保持低调，从不以此自矜。	即便身處如日中天的巔峰，她依然保持低調，從不以此自矜。	tatoeba	13867630	即便身處如日中天的巔峰，她依然保持低調，從不以此自矜。	CC-CEDICT	
2801	3465_1	颤抖	顫抖	chàn dǒu	zhàn dǒu	to shudder	即使您的声音颤抖，也要说出事实。	即使您的聲音顫抖，也要說出事實。	tatoeba	791353	即使您的声音颤抖，也要说出事实。	CC-CEDICT	Taiwan MOE Concise Dictionary
2802	3465_1	说出	說出	shuō chū		to speak out	即使您的声音颤抖，也要说出事实。	即使您的聲音顫抖，也要說出事實。	tatoeba	791353	即使您的声音颤抖，也要说出事实。	CC-CEDICT	
2803	3465_1	事实	事實	shì shí		fact	即使您的声音颤抖，也要说出事实。	即使您的聲音顫抖，也要說出事實。	tatoeba	791353	即使您的声音颤抖，也要说出事实。	CC-CEDICT	
2804	3467_1	牛皮	牛皮	niú pí		cowhide	牛皮癣是一种慢性皮肤病。	牛皮癬是一種慢性皮膚病。	authored			CC-CEDICT	
2805	3467_1	慢性	慢性	màn xìng		slow and patient	牛皮癣是一种慢性皮肤病。	牛皮癬是一種慢性皮膚病。	authored			CC-CEDICT	
2806	3473_1	鬓发	鬢髮	bìn fà		hair on the temples	老人的鬓发已经花白。	老人的鬢髮已經花白。	authored			CC-CEDICT	
2807	3473_1	花白	花白	huā bái		grizzled	老人的鬓发已经花白。	老人的鬢髮已經花白。	authored			CC-CEDICT	
2808	3483_1	爬行	爬行	pá xíng		to crawl	蛇属于爬行类，它们用腹部鳞片爬行。	蛇屬於爬行類，它們用腹部鱗片爬行。	tatoeba	13577834	蛇屬於爬行類，牠們用腹部鱗片爬行。	CC-CEDICT	
2809	3483_1	鳞片	鱗片	lín piàn		scale	蛇属于爬行类，它们用腹部鳞片爬行。	蛇屬於爬行類，它們用腹部鱗片爬行。	tatoeba	13577834	蛇屬於爬行類，牠們用腹部鱗片爬行。	CC-CEDICT	
2810	3492_1	无情	無情	wú qíng		pitiless	战争无情地蹂躏了这片土地。	戰爭無情地蹂躪了這片土地。	authored			CC-CEDICT	
2811	3492_1	蹂躏	蹂躪	róu lìn		to ravage	战争无情地蹂躏了这片土地。	戰爭無情地蹂躪了這片土地。	authored			CC-CEDICT	
2812	3495_1	赣州	贛州	gàn zhōu		Ganzhou	赣州位于江西省南部。	贛州位於江西省南部。	authored			CC-CEDICT	
2813	3497_1	镶嵌	鑲嵌	xiāng qiàn	xiāng qiān	to inlay	埃菲尔铁塔镶嵌在巴黎的中心。	埃菲爾鐵塔鑲嵌在巴黎的中心。	tatoeba	1330046	埃菲尔铁塔镶嵌在巴黎的中心。	CC-CEDICT	Taiwan MOE Concise Dictionary
2814	3497_1	巴黎	巴黎	bā lí		Paris	埃菲尔铁塔镶嵌在巴黎的中心。	埃菲爾鐵塔鑲嵌在巴黎的中心。	tatoeba	1330046	埃菲尔铁塔镶嵌在巴黎的中心。	CC-CEDICT	
2815	3497_1	中心	中心	zhōng xīn		center	埃菲尔铁塔镶嵌在巴黎的中心。	埃菲爾鐵塔鑲嵌在巴黎的中心。	tatoeba	1330046	埃菲尔铁塔镶嵌在巴黎的中心。	CC-CEDICT	
