card_id	deck	kind	source_chapter	prompt_language	answer_language	prompt	accepted_answers	distractors	explanation	lexical_ids	grammar_ids	geographic_ids	provenance_path	provenance_locator	provenance_evidence	examples	tags
zh-traditional-radicals-frequency-xxiii/4401/character-to-radical	XXIII	vocabulary	4401	zh-Hant	zh-Hant	噥	"[""口""]"	[]		"[""zh-Hant.common.0697"",""zh.radical.kangxi.030""]"	[]	[]	sources/characters.tsv	frequency-order position 4401; Ministry common-character number 697	噥: frequency-order position 4401; absent from frequency corpus; appended in Ministry common-character-list order; Unihan kRSUnicode 30.13; Kangxi radical 30 口; Unihan kRSUnicode single radical assignment.	[]	"[""chinese"",""traditional"",""radicals"",""frequency"",""character-to-radical"",""one-way"",""part-23""]"
zh-traditional-radicals-frequency-xxiii/4402/character-to-radical	XXIII	vocabulary	4402	zh-Hant	zh-Hant	噱	"[""口""]"	[]		"[""zh-Hant.common.0698"",""zh.radical.kangxi.030""]"	[]	[]	sources/characters.tsv	frequency-order position 4402; Ministry common-character number 698	噱: frequency-order position 4402; absent from frequency corpus; appended in Ministry common-character-list order; Unihan kRSUnicode 30.13; Kangxi radical 30 口; Unihan kRSUnicode single radical assignment.	[]	"[""chinese"",""traditional"",""radicals"",""frequency"",""character-to-radical"",""one-way"",""part-23""]"
zh-traditional-radicals-frequency-xxiii/4403/character-to-radical	XXIII	vocabulary	4403	zh-Hant	zh-Hant	嚶	"[""口""]"	[]		"[""zh-Hant.common.0713"",""zh.radical.kangxi.030""]"	[]	[]	sources/characters.tsv	frequency-order position 4403; Ministry common-character number 713	嚶: frequency-order position 4403; absent from frequency corpus; appended in Ministry common-character-list order; Unihan kRSUnicode 30.17; Kangxi radical 30 口; Unihan kRSUnicode single radical assignment.	[]	"[""chinese"",""traditional"",""radicals"",""frequency"",""character-to-radical"",""one-way"",""part-23""]"
zh-traditional-radicals-frequency-xxiii/4404/character-to-radical	XXIII	vocabulary	4404	zh-Hant	zh-Hant	囀	"[""口""]"	[]		"[""zh-Hant.common.0717"",""zh.radical.kangxi.030""]"	[]	[]	sources/characters.tsv	frequency-order position 4404; Ministry common-character number 717	囀: frequency-order position 4404; absent from frequency corpus; appended in Ministry common-character-list order; Unihan kRSUnicode 30.18; Kangxi radical 30 口; Unihan kRSUnicode single radical assignment.	[]	"[""chinese"",""traditional"",""radicals"",""frequency"",""character-to-radical"",""one-way"",""part-23""]"
zh-traditional-radicals-frequency-xxiii/4405/character-to-radical	XXIII	vocabulary	4405	zh-Hant	zh-Hant	圬	"[""土""]"	[]		"[""zh-Hant.common.0745"",""zh.radical.kangxi.032""]"	[]	[]	sources/characters.tsv	frequency-order position 4405; Ministry common-character number 745	圬: frequency-order position 4405; absent from frequency corpus; appended in Ministry common-character-list order; Unihan kRSUnicode 32.3; Kangxi radical 32 土; Unihan kRSUnicode single radical assignment.	[]	"[""chinese"",""traditional"",""radicals"",""frequency"",""character-to-radical"",""one-way"",""part-23""]"
zh-traditional-radicals-frequency-xxiii/4406/character-to-radical	XXIII	vocabulary	4406	zh-Hant	zh-Hant	圯	"[""土""]"	[]		"[""zh-Hant.common.0746"",""zh.radical.kangxi.032""]"	[]	[]	sources/characters.tsv	frequency-order position 4406; Ministry common-character number 746	圯: frequency-order position 4406; absent from frequency corpus; appended in Ministry common-character-list order; Unihan kRSUnicode 32.3; Kangxi radical 32 土; Unihan kRSUnicode single radical assignment.	[]	"[""chinese"",""traditional"",""radicals"",""frequency"",""character-to-radical"",""one-way"",""part-23""]"
zh-traditional-radicals-frequency-xxiii/4407/character-to-radical	XXIII	vocabulary	4407	zh-Hant	zh-Hant	坏	"[""土""]"	[]		"[""zh-Hant.common.0755"",""zh.radical.kangxi.032""]"	[]	[]	sources/characters.tsv	frequency-order position 4407; Ministry common-character number 755	坏: frequency-order position 4407; absent from frequency corpus; appended in Ministry common-character-list order; Unihan kRSUnicode 32.4; Kangxi radical 32 土; Unihan kRSUnicode single radical assignment.	[]	"[""chinese"",""traditional"",""radicals"",""frequency"",""character-to-radical"",""one-way"",""part-23""]"
zh-traditional-radicals-frequency-xxiii/4408/character-to-radical	XXIII	vocabulary	4408	zh-Hant	zh-Hant	坩	"[""土""]"	[]		"[""zh-Hant.common.0759"",""zh.radical.kangxi.032""]"	[]	[]	sources/characters.tsv	frequency-order position 4408; Ministry common-character number 759	坩: frequency-order position 4408; absent from frequency corpus; appended in Ministry common-character-list order; Unihan kRSUnicode 32.5; Kangxi radical 32 土; Unihan kRSUnicode single radical assignment.	[]	"[""chinese"",""traditional"",""radicals"",""frequency"",""character-to-radical"",""one-way"",""part-23""]"
zh-traditional-radicals-frequency-xxiii/4409/character-to-radical	XXIII	vocabulary	4409	zh-Hant	zh-Hant	坼	"[""土""]"	[]		"[""zh-Hant.common.0763"",""zh.radical.kangxi.032""]"	[]	[]	sources/characters.tsv	frequency-order position 4409; Ministry common-character number 763	坼: frequency-order position 4409; absent from frequency corpus; appended in Ministry common-character-list order; Unihan kRSUnicode 32.5; Kangxi radical 32 土; Unihan kRSUnicode single radical assignment.	[]	"[""chinese"",""traditional"",""radicals"",""frequency"",""character-to-radical"",""one-way"",""part-23""]"
zh-traditional-radicals-frequency-xxiii/4410/character-to-radical	XXIII	vocabulary	4410	zh-Hant	zh-Hant	塹	"[""土""]"	[]		"[""zh-Hant.common.0809"",""zh.radical.kangxi.032""]"	[]	[]	sources/characters.tsv	frequency-order position 4410; Ministry common-character number 809	塹: frequency-order position 4410; absent from frequency corpus; appended in Ministry common-character-list order; Unihan kRSUnicode 32.11; Kangxi radical 32 土; Unihan kRSUnicode single radical assignment.	[]	"[""chinese"",""traditional"",""radicals"",""frequency"",""character-to-radical"",""one-way"",""part-23""]"
zh-traditional-radicals-frequency-xxiii/4411/character-to-radical	XXIII	vocabulary	4411	zh-Hant	zh-Hant	壙	"[""土""]"	[]		"[""zh-Hant.common.0824"",""zh.radical.kangxi.032""]"	[]	[]	sources/characters.tsv	frequency-order position 4411; Ministry common-character number 824	壙: frequency-order position 4411; absent from frequency corpus; appended in Ministry common-character-list order; Unihan kRSUnicode 32.15; Kangxi radical 32 土; Unihan kRSUnicode single radical assignment.	[]	"[""chinese"",""traditional"",""radicals"",""frequency"",""character-to-radical"",""one-way"",""part-23""]"
zh-traditional-radicals-frequency-xxiii/4412/character-to-radical	XXIII	vocabulary	4412	zh-Hant	zh-Hant	夤	"[""夕""]"	[]		"[""zh-Hant.common.0847"",""zh.radical.kangxi.036""]"	[]	[]	sources/characters.tsv	frequency-order position 4412; Ministry common-character number 847	夤: frequency-order position 4412; absent from frequency corpus; appended in Ministry common-character-list order; Unihan kRSUnicode 36.11; Kangxi radical 36 夕; Unihan kRSUnicode single radical assignment.	[]	"[""chinese"",""traditional"",""radicals"",""frequency"",""character-to-radical"",""one-way"",""part-23""]"
zh-traditional-radicals-frequency-xxiii/4413/character-to-radical	XXIII	vocabulary	4413	zh-Hant	zh-Hant	奩	"[""大""]"	[]		"[""zh-Hant.common.0875"",""zh.radical.kangxi.037""]"	[]	[]	sources/characters.tsv	frequency-order position 4413; Ministry common-character number 875	奩: frequency-order position 4413; absent from frequency corpus; appended in Ministry common-character-list order; Unihan kRSUnicode 37.11; Kangxi radical 37 大; Unihan kRSUnicode single radical assignment.	[]	"[""chinese"",""traditional"",""radicals"",""frequency"",""character-to-radical"",""one-way"",""part-23""]"
zh-traditional-radicals-frequency-xxiii/4414/character-to-radical	XXIII	vocabulary	4414	zh-Hant	zh-Hant	妁	"[""女""]"	[]		"[""zh-Hant.common.0886"",""zh.radical.kangxi.038""]"	[]	[]	sources/characters.tsv	frequency-order position 4414; Ministry common-character number 886	妁: frequency-order position 4414; absent from frequency corpus; appended in Ministry common-character-list order; Unihan kRSUnicode 38.3; Kangxi radical 38 女; Unihan kRSUnicode single radical assignment.	[]	"[""chinese"",""traditional"",""radicals"",""frequency"",""character-to-radical"",""one-way"",""part-23""]"
zh-traditional-radicals-frequency-xxiii/4415/character-to-radical	XXIII	vocabulary	4415	zh-Hant	zh-Hant	妣	"[""女""]"	[]		"[""zh-Hant.common.0891"",""zh.radical.kangxi.038""]"	[]	[]	sources/characters.tsv	frequency-order position 4415; Ministry common-character number 891	妣: frequency-order position 4415; absent from frequency corpus; appended in Ministry common-character-list order; Unihan kRSUnicode 38.4; Kangxi radical 38 女; Unihan kRSUnicode single radical assignment.	[]	"[""chinese"",""traditional"",""radicals"",""frequency"",""character-to-radical"",""one-way"",""part-23""]"
zh-traditional-radicals-frequency-xxiii/4416/character-to-radical	XXIII	vocabulary	4416	zh-Hant	zh-Hant	妊	"[""女""]"	[]		"[""zh-Hant.common.0897"",""zh.radical.kangxi.038""]"	[]	[]	sources/characters.tsv	frequency-order position 4416; Ministry common-character number 897	妊: frequency-order position 4416; absent from frequency corpus; appended in Ministry common-character-list order; Unihan kRSUnicode 38.4; Kangxi radical 38 女; Unihan kRSUnicode single radical assignment.	[]	"[""chinese"",""traditional"",""radicals"",""frequency"",""character-to-radical"",""one-way"",""part-23""]"
zh-traditional-radicals-frequency-xxiii/4417/character-to-radical	XXIII	vocabulary	4417	zh-Hant	zh-Hant	妯	"[""女""]"	[]		"[""zh-Hant.common.0911"",""zh.radical.kangxi.038""]"	[]	[]	sources/characters.tsv	frequency-order position 4417; Ministry common-character number 911	妯: frequency-order position 4417; absent from frequency corpus; appended in Ministry common-character-list order; Unihan kRSUnicode 38.5; Kangxi radical 38 女; Unihan kRSUnicode single radical assignment.	[]	"[""chinese"",""traditional"",""radicals"",""frequency"",""character-to-radical"",""one-way"",""part-23""]"
zh-traditional-radicals-frequency-xxiii/4418/character-to-radical	XXIII	vocabulary	4418	zh-Hant	zh-Hant	姘	"[""女""]"	[]		"[""zh-Hant.common.0915"",""zh.radical.kangxi.038""]"	[]	[]	sources/characters.tsv	frequency-order position 4418; Ministry common-character number 915	姘: frequency-order position 4418; absent from frequency corpus; appended in Ministry common-character-list order; Unihan kRSUnicode 38.6; Kangxi radical 38 女; Unihan kRSUnicode single radical assignment.	[]	"[""chinese"",""traditional"",""radicals"",""frequency"",""character-to-radical"",""one-way"",""part-23""]"
zh-traditional-radicals-frequency-xxiii/4419/character-to-radical	XXIII	vocabulary	4419	zh-Hant	zh-Hant	姥	"[""女""]"	[]		"[""zh-Hant.common.0920"",""zh.radical.kangxi.038""]"	[]	[]	sources/characters.tsv	frequency-order position 4419; Ministry common-character number 920	姥: frequency-order position 4419; absent from frequency corpus; appended in Ministry common-character-list order; Unihan kRSUnicode 38.6; Kangxi radical 38 女; Unihan kRSUnicode single radical assignment.	[]	"[""chinese"",""traditional"",""radicals"",""frequency"",""character-to-radical"",""one-way"",""part-23""]"
zh-traditional-radicals-frequency-xxiii/4420/character-to-radical	XXIII	vocabulary	4420	zh-Hant	zh-Hant	娑	"[""女""]"	[]		"[""zh-Hant.common.0926"",""zh.radical.kangxi.038""]"	[]	[]	sources/characters.tsv	frequency-order position 4420; Ministry common-character number 926	娑: frequency-order position 4420; absent from frequency corpus; appended in Ministry common-character-list order; Unihan kRSUnicode 38.7; Kangxi radical 38 女; Unihan kRSUnicode single radical assignment.	[]	"[""chinese"",""traditional"",""radicals"",""frequency"",""character-to-radical"",""one-way"",""part-23""]"
zh-traditional-radicals-frequency-xxiii/4421/character-to-radical	XXIII	vocabulary	4421	zh-Hant	zh-Hant	娠	"[""女""]"	[]		"[""zh-Hant.common.0933"",""zh.radical.kangxi.038""]"	[]	[]	sources/characters.tsv	frequency-order position 4421; Ministry common-character number 933	娠: frequency-order position 4421; absent from frequency corpus; appended in Ministry common-character-list order; Unihan kRSUnicode 38.7; Kangxi radical 38 女; Unihan kRSUnicode single radical assignment.	[]	"[""chinese"",""traditional"",""radicals"",""frequency"",""character-to-radical"",""one-way"",""part-23""]"
zh-traditional-radicals-frequency-xxiii/4422/character-to-radical	XXIII	vocabulary	4422	zh-Hant	zh-Hant	娣	"[""女""]"	[]		"[""zh-Hant.common.0934"",""zh.radical.kangxi.038""]"	[]	[]	sources/characters.tsv	frequency-order position 4422; Ministry common-character number 934	娣: frequency-order position 4422; absent from frequency corpus; appended in Ministry common-character-list order; Unihan kRSUnicode 38.7; Kangxi radical 38 女; Unihan kRSUnicode single radical assignment.	[]	"[""chinese"",""traditional"",""radicals"",""frequency"",""character-to-radical"",""one-way"",""part-23""]"
zh-traditional-radicals-frequency-xxiii/4423/character-to-radical	XXIII	vocabulary	4423	zh-Hant	zh-Hant	娌	"[""女""]"	[]		"[""zh-Hant.common.0937"",""zh.radical.kangxi.038""]"	[]	[]	sources/characters.tsv	frequency-order position 4423; Ministry common-character number 937	娌: frequency-order position 4423; absent from frequency corpus; appended in Ministry common-character-list order; Unihan kRSUnicode 38.7; Kangxi radical 38 女; Unihan kRSUnicode single radical assignment.	[]	"[""chinese"",""traditional"",""radicals"",""frequency"",""character-to-radical"",""one-way"",""part-23""]"
zh-traditional-radicals-frequency-xxiii/4424/character-to-radical	XXIII	vocabulary	4424	zh-Hant	zh-Hant	婀	"[""女""]"	[]		"[""zh-Hant.common.0943"",""zh.radical.kangxi.038""]"	[]	[]	sources/characters.tsv	frequency-order position 4424; Ministry common-character number 943	婀: frequency-order position 4424; absent from frequency corpus; appended in Ministry common-character-list order; Unihan kRSUnicode 38.8; Kangxi radical 38 女; Unihan kRSUnicode single radical assignment.	[]	"[""chinese"",""traditional"",""radicals"",""frequency"",""character-to-radical"",""one-way"",""part-23""]"
zh-traditional-radicals-frequency-xxiii/4425/character-to-radical	XXIII	vocabulary	4425	zh-Hant	zh-Hant	娼	"[""女""]"	[]		"[""zh-Hant.common.0944"",""zh.radical.kangxi.038""]"	[]	[]	sources/characters.tsv	frequency-order position 4425; Ministry common-character number 944	娼: frequency-order position 4425; absent from frequency corpus; appended in Ministry common-character-list order; Unihan kRSUnicode 38.8; Kangxi radical 38 女; Unihan kRSUnicode single radical assignment.	[]	"[""chinese"",""traditional"",""radicals"",""frequency"",""character-to-radical"",""one-way"",""part-23""]"
zh-traditional-radicals-frequency-xxiii/4426/character-to-radical	XXIII	vocabulary	4426	zh-Hant	zh-Hant	婊	"[""女""]"	[]		"[""zh-Hant.common.0948"",""zh.radical.kangxi.038""]"	[]	[]	sources/characters.tsv	frequency-order position 4426; Ministry common-character number 948	婊: frequency-order position 4426; absent from frequency corpus; appended in Ministry common-character-list order; Unihan kRSUnicode 38.8; Kangxi radical 38 女; Unihan kRSUnicode single radical assignment.	[]	"[""chinese"",""traditional"",""radicals"",""frequency"",""character-to-radical"",""one-way"",""part-23""]"
zh-traditional-radicals-frequency-xxiii/4427/character-to-radical	XXIII	vocabulary	4427	zh-Hant	zh-Hant	媾	"[""女""]"	[]		"[""zh-Hant.common.0957"",""zh.radical.kangxi.038""]"	[]	[]	sources/characters.tsv	frequency-order position 4427; Ministry common-character number 957	媾: frequency-order position 4427; absent from frequency corpus; appended in Ministry common-character-list order; Unihan kRSUnicode 38.10; Kangxi radical 38 女; Unihan kRSUnicode single radical assignment.	[]	"[""chinese"",""traditional"",""radicals"",""frequency"",""character-to-radical"",""one-way"",""part-23""]"
zh-traditional-radicals-frequency-xxiii/4428/character-to-radical	XXIII	vocabulary	4428	zh-Hant	zh-Hant	媼	"[""女""]"	[]		"[""zh-Hant.common.0959"",""zh.radical.kangxi.038""]"	[]	[]	sources/characters.tsv	frequency-order position 4428; Ministry common-character number 959	媼: frequency-order position 4428; absent from frequency corpus; appended in Ministry common-character-list order; Unihan kRSUnicode 38.10; Kangxi radical 38 女; Unihan kRSUnicode single radical assignment.	[]	"[""chinese"",""traditional"",""radicals"",""frequency"",""character-to-radical"",""one-way"",""part-23""]"
zh-traditional-radicals-frequency-xxiii/4429/character-to-radical	XXIII	vocabulary	4429	zh-Hant	zh-Hant	嫡	"[""女""]"	[]		"[""zh-Hant.common.0963"",""zh.radical.kangxi.038""]"	[]	[]	sources/characters.tsv	frequency-order position 4429; Ministry common-character number 963	嫡: frequency-order position 4429; absent from frequency corpus; appended in Ministry common-character-list order; Unihan kRSUnicode 38.11; Kangxi radical 38 女; Unihan kRSUnicode single radical assignment.	[]	"[""chinese"",""traditional"",""radicals"",""frequency"",""character-to-radical"",""one-way"",""part-23""]"
zh-traditional-radicals-frequency-xxiii/4430/character-to-radical	XXIII	vocabulary	4430	zh-Hant	zh-Hant	嫖	"[""女""]"	[]		"[""zh-Hant.common.0967"",""zh.radical.kangxi.038""]"	[]	[]	sources/characters.tsv	frequency-order position 4430; Ministry common-character number 967	嫖: frequency-order position 4430; absent from frequency corpus; appended in Ministry common-character-list order; Unihan kRSUnicode 38.11; Kangxi radical 38 女; Unihan kRSUnicode single radical assignment.	[]	"[""chinese"",""traditional"",""radicals"",""frequency"",""character-to-radical"",""one-way"",""part-23""]"
zh-traditional-radicals-frequency-xxiii/4431/character-to-radical	XXIII	vocabulary	4431	zh-Hant	zh-Hant	嫘	"[""女""]"	[]		"[""zh-Hant.common.0968"",""zh.radical.kangxi.038""]"	[]	[]	sources/characters.tsv	frequency-order position 4431; Ministry common-character number 968	嫘: frequency-order position 4431; absent from frequency corpus; appended in Ministry common-character-list order; Unihan kRSUnicode 38.11; Kangxi radical 38 女; Unihan kRSUnicode single radical assignment.	[]	"[""chinese"",""traditional"",""radicals"",""frequency"",""character-to-radical"",""one-way"",""part-23""]"
zh-traditional-radicals-frequency-xxiii/4432/character-to-radical	XXIII	vocabulary	4432	zh-Hant	zh-Hant	嬝	"[""女""]"	[]		"[""zh-Hant.common.0975"",""zh.radical.kangxi.038""]"	[]	[]	sources/characters.tsv	frequency-order position 4432; Ministry common-character number 975	嬝: frequency-order position 4432; absent from frequency corpus; appended in Ministry common-character-list order; Unihan kRSUnicode 38.13; Kangxi radical 38 女; Unihan kRSUnicode single radical assignment.	[]	"[""chinese"",""traditional"",""radicals"",""frequency"",""character-to-radical"",""one-way"",""part-23""]"
zh-traditional-radicals-frequency-xxiii/4433/character-to-radical	XXIII	vocabulary	4433	zh-Hant	zh-Hant	嬤	"[""女""]"	[]		"[""zh-Hant.common.0979"",""zh.radical.kangxi.038""]"	[]	[]	sources/characters.tsv	frequency-order position 4433; Ministry common-character number 979	嬤: frequency-order position 4433; absent from frequency corpus; appended in Ministry common-character-list order; Unihan kRSUnicode 38.14; Kangxi radical 38 女; Unihan kRSUnicode single radical assignment.	[]	"[""chinese"",""traditional"",""radicals"",""frequency"",""character-to-radical"",""one-way"",""part-23""]"
zh-traditional-radicals-frequency-xxiii/4434/character-to-radical	XXIII	vocabulary	4434	zh-Hant	zh-Hant	孀	"[""女""]"	[]		"[""zh-Hant.common.0981"",""zh.radical.kangxi.038""]"	[]	[]	sources/characters.tsv	frequency-order position 4434; Ministry common-character number 981	孀: frequency-order position 4434; absent from frequency corpus; appended in Ministry common-character-list order; Unihan kRSUnicode 38.17; Kangxi radical 38 女; Unihan kRSUnicode single radical assignment.	[]	"[""chinese"",""traditional"",""radicals"",""frequency"",""character-to-radical"",""one-way"",""part-23""]"
zh-traditional-radicals-frequency-xxiii/4435/character-to-radical	XXIII	vocabulary	4435	zh-Hant	zh-Hant	孑	"[""子""]"	[]		"[""zh-Hant.common.0983"",""zh.radical.kangxi.039""]"	[]	[]	sources/characters.tsv	frequency-order position 4435; Ministry common-character number 983	孑: frequency-order position 4435; absent from frequency corpus; appended in Ministry common-character-list order; Unihan kRSUnicode 39.0; Kangxi radical 39 子; Unihan kRSUnicode single radical assignment.	[]	"[""chinese"",""traditional"",""radicals"",""frequency"",""character-to-radical"",""one-way"",""part-23""]"
zh-traditional-radicals-frequency-xxiii/4436/character-to-radical	XXIII	vocabulary	4436	zh-Hant	zh-Hant	孓	"[""子""]"	[]		"[""zh-Hant.common.0984"",""zh.radical.kangxi.039""]"	[]	[]	sources/characters.tsv	frequency-order position 4436; Ministry common-character number 984	孓: frequency-order position 4436; absent from frequency corpus; appended in Ministry common-character-list order; Unihan kRSUnicode 39.0; Kangxi radical 39 子; Unihan kRSUnicode single radical assignment.	[]	"[""chinese"",""traditional"",""radicals"",""frequency"",""character-to-radical"",""one-way"",""part-23""]"
zh-traditional-radicals-frequency-xxiii/4437/character-to-radical	XXIII	vocabulary	4437	zh-Hant	zh-Hant	孱	"[""子""]"	[]		"[""zh-Hant.common.0999"",""zh.radical.kangxi.039""]"	[]	[]	sources/characters.tsv	frequency-order position 4437; Ministry common-character number 999	孱: frequency-order position 4437; absent from frequency corpus; appended in Ministry common-character-list order; Unihan kRSUnicode 39.9; Kangxi radical 39 子; Unihan kRSUnicode single radical assignment.	[]	"[""chinese"",""traditional"",""radicals"",""frequency"",""character-to-radical"",""one-way"",""part-23""]"
zh-traditional-radicals-frequency-xxiii/4438/character-to-radical	XXIII	vocabulary	4438	zh-Hant	zh-Hant	宸	"[""宀""]"	[]		"[""zh-Hant.common.1031"",""zh.radical.kangxi.040""]"	[]	[]	sources/characters.tsv	frequency-order position 4438; Ministry common-character number 1031	宸: frequency-order position 4438; absent from frequency corpus; appended in Ministry common-character-list order; Unihan kRSUnicode 40.7; Kangxi radical 40 宀; Unihan kRSUnicode single radical assignment.	[]	"[""chinese"",""traditional"",""radicals"",""frequency"",""character-to-radical"",""one-way"",""part-23""]"
zh-traditional-radicals-frequency-xxiii/4439/character-to-radical	XXIII	vocabulary	4439	zh-Hant	zh-Hant	寤	"[""宀""]"	[]		"[""zh-Hant.common.1049"",""zh.radical.kangxi.040""]"	[]	[]	sources/characters.tsv	frequency-order position 4439; Ministry common-character number 1049	寤: frequency-order position 4439; absent from frequency corpus; appended in Ministry common-character-list order; Unihan kRSUnicode 40.11; Kangxi radical 40 宀; Unihan kRSUnicode single radical assignment.	[]	"[""chinese"",""traditional"",""radicals"",""frequency"",""character-to-radical"",""one-way"",""part-23""]"
zh-traditional-radicals-frequency-xxiii/4440/character-to-radical	XXIII	vocabulary	4440	zh-Hant	zh-Hant	屐	"[""尸""]"	[]		"[""zh-Hant.common.1092"",""zh.radical.kangxi.044""]"	[]	[]	sources/characters.tsv	frequency-order position 4440; Ministry common-character number 1092	屐: frequency-order position 4440; absent from frequency corpus; appended in Ministry common-character-list order; Unihan kRSUnicode 44.7; Kangxi radical 44 尸; Unihan kRSUnicode single radical assignment.	[]	"[""chinese"",""traditional"",""radicals"",""frequency"",""character-to-radical"",""one-way"",""part-23""]"
zh-traditional-radicals-frequency-xxiii/4441/character-to-radical	XXIII	vocabulary	4441	zh-Hant	zh-Hant	岑	"[""山""]"	[]		"[""zh-Hant.common.1103"",""zh.radical.kangxi.046""]"	[]	[]	sources/characters.tsv	frequency-order position 4441; Ministry common-character number 1103	岑: frequency-order position 4441; absent from frequency corpus; appended in Ministry common-character-list order; Unihan kRSUnicode 46.4; Kangxi radical 46 山; Unihan kRSUnicode single radical assignment.	[]	"[""chinese"",""traditional"",""radicals"",""frequency"",""character-to-radical"",""one-way"",""part-23""]"
zh-traditional-radicals-frequency-xxiii/4442/character-to-radical	XXIII	vocabulary	4442	zh-Hant	zh-Hant	岷	"[""山""]"	[]		"[""zh-Hant.common.1106"",""zh.radical.kangxi.046""]"	[]	[]	sources/characters.tsv	frequency-order position 4442; Ministry common-character number 1106	岷: frequency-order position 4442; absent from frequency corpus; appended in Ministry common-character-list order; Unihan kRSUnicode 46.5; Kangxi radical 46 山; Unihan kRSUnicode single radical assignment.	[]	"[""chinese"",""traditional"",""radicals"",""frequency"",""character-to-radical"",""one-way"",""part-23""]"
zh-traditional-radicals-frequency-xxiii/4443/character-to-radical	XXIII	vocabulary	4443	zh-Hant	zh-Hant	岫	"[""山""]"	[]		"[""zh-Hant.common.1110"",""zh.radical.kangxi.046""]"	[]	[]	sources/characters.tsv	frequency-order position 4443; Ministry common-character number 1110	岫: frequency-order position 4443; absent from frequency corpus; appended in Ministry common-character-list order; Unihan kRSUnicode 46.5; Kangxi radical 46 山; Unihan kRSUnicode single radical assignment.	[]	"[""chinese"",""traditional"",""radicals"",""frequency"",""character-to-radical"",""one-way"",""part-23""]"
zh-traditional-radicals-frequency-xxiii/4444/character-to-radical	XXIII	vocabulary	4444	zh-Hant	zh-Hant	崆	"[""山""]"	[]		"[""zh-Hant.common.1123"",""zh.radical.kangxi.046""]"	[]	[]	sources/characters.tsv	frequency-order position 4444; Ministry common-character number 1123	崆: frequency-order position 4444; absent from frequency corpus; appended in Ministry common-character-list order; Unihan kRSUnicode 46.8; Kangxi radical 46 山; Unihan kRSUnicode single radical assignment.	[]	"[""chinese"",""traditional"",""radicals"",""frequency"",""character-to-radical"",""one-way"",""part-23""]"
zh-traditional-radicals-frequency-xxiii/4445/character-to-radical	XXIII	vocabulary	4445	zh-Hant	zh-Hant	嶝	"[""山""]"	[]		"[""zh-Hant.common.1137"",""zh.radical.kangxi.046""]"	[]	[]	sources/characters.tsv	frequency-order position 4445; Ministry common-character number 1137	嶝: frequency-order position 4445; absent from frequency corpus; appended in Ministry common-character-list order; Unihan kRSUnicode 46.12; Kangxi radical 46 山; Unihan kRSUnicode single radical assignment.	[]	"[""chinese"",""traditional"",""radicals"",""frequency"",""character-to-radical"",""one-way"",""part-23""]"
zh-traditional-radicals-frequency-xxiii/4446/character-to-radical	XXIII	vocabulary	4446	zh-Hant	zh-Hant	巳	"[""己""]"	[]		"[""zh-Hant.common.1156"",""zh.radical.kangxi.049""]"	[]	[]	sources/characters.tsv	frequency-order position 4446; Ministry common-character number 1156	巳: frequency-order position 4446; absent from frequency corpus; appended in Ministry common-character-list order; Unihan kRSUnicode 49.0; Kangxi radical 49 己; Unihan kRSUnicode single radical assignment.	[]	"[""chinese"",""traditional"",""radicals"",""frequency"",""character-to-radical"",""one-way"",""part-23""]"
zh-traditional-radicals-frequency-xxiii/4447/character-to-radical	XXIII	vocabulary	4447	zh-Hant	zh-Hant	巽	"[""己""]"	[]		"[""zh-Hant.common.1159"",""zh.radical.kangxi.049""]"	[]	[]	sources/characters.tsv	frequency-order position 4447; Ministry common-character number 1159	巽: frequency-order position 4447; absent from frequency corpus; appended in Ministry common-character-list order; Unihan kRSUnicode 49.9; Kangxi radical 49 己; Unihan kRSUnicode single radical assignment.	[]	"[""chinese"",""traditional"",""radicals"",""frequency"",""character-to-radical"",""one-way"",""part-23""]"
zh-traditional-radicals-frequency-xxiii/4448/character-to-radical	XXIII	vocabulary	4448	zh-Hant	zh-Hant	帑	"[""巾""]"	[]		"[""zh-Hant.common.1170"",""zh.radical.kangxi.050""]"	[]	[]	sources/characters.tsv	frequency-order position 4448; Ministry common-character number 1170	帑: frequency-order position 4448; absent from frequency corpus; appended in Ministry common-character-list order; Unihan kRSUnicode 50.5; Kangxi radical 50 巾; Unihan kRSUnicode single radical assignment.	[]	"[""chinese"",""traditional"",""radicals"",""frequency"",""character-to-radical"",""one-way"",""part-23""]"
zh-traditional-radicals-frequency-xxiii/4449/character-to-radical	XXIII	vocabulary	4449	zh-Hant	zh-Hant	庖	"[""广""]"	[]		"[""zh-Hant.common.1208"",""zh.radical.kangxi.053""]"	[]	[]	sources/characters.tsv	frequency-order position 4449; Ministry common-character number 1208	庖: frequency-order position 4449; absent from frequency corpus; appended in Ministry common-character-list order; Unihan kRSUnicode 53.5; Kangxi radical 53 广; Unihan kRSUnicode single radical assignment.	[]	"[""chinese"",""traditional"",""radicals"",""frequency"",""character-to-radical"",""one-way"",""part-23""]"
zh-traditional-radicals-frequency-xxiii/4450/character-to-radical	XXIII	vocabulary	4450	zh-Hant	zh-Hant	庠	"[""广""]"	[]		"[""zh-Hant.common.1209"",""zh.radical.kangxi.053""]"	[]	[]	sources/characters.tsv	frequency-order position 4450; Ministry common-character number 1209	庠: frequency-order position 4450; absent from frequency corpus; appended in Ministry common-character-list order; Unihan kRSUnicode 53.6; Kangxi radical 53 广; Unihan kRSUnicode single radical assignment.	[]	"[""chinese"",""traditional"",""radicals"",""frequency"",""character-to-radical"",""one-way"",""part-23""]"
zh-traditional-radicals-frequency-xxiii/4451/character-to-radical	XXIII	vocabulary	4451	zh-Hant	zh-Hant	庾	"[""广""]"	[]		"[""zh-Hant.common.1218"",""zh.radical.kangxi.053""]"	[]	[]	sources/characters.tsv	frequency-order position 4451; Ministry common-character number 1218	庾: frequency-order position 4451; absent from frequency corpus; appended in Ministry common-character-list order; Unihan kRSUnicode 53.9; Kangxi radical 53 广; Unihan kRSUnicode single radical assignment.	[]	"[""chinese"",""traditional"",""radicals"",""frequency"",""character-to-radical"",""one-way"",""part-23""]"
zh-traditional-radicals-frequency-xxiii/4452/character-to-radical	XXIII	vocabulary	4452	zh-Hant	zh-Hant	弈	"[""廾""]"	[]		"[""zh-Hant.common.1241"",""zh.radical.kangxi.055""]"	[]	[]	sources/characters.tsv	frequency-order position 4452; Ministry common-character number 1241	弈: frequency-order position 4452; absent from frequency corpus; appended in Ministry common-character-list order; Unihan kRSUnicode 55.6; Kangxi radical 55 廾; Unihan kRSUnicode single radical assignment.	[]	"[""chinese"",""traditional"",""radicals"",""frequency"",""character-to-radical"",""one-way"",""part-23""]"
zh-traditional-radicals-frequency-xxiii/4453/character-to-radical	XXIII	vocabulary	4453	zh-Hant	zh-Hant	弭	"[""弓""]"	[]		"[""zh-Hant.common.1255"",""zh.radical.kangxi.057""]"	[]	[]	sources/characters.tsv	frequency-order position 4453; Ministry common-character number 1255	弭: frequency-order position 4453; absent from frequency corpus; appended in Ministry common-character-list order; Unihan kRSUnicode 57.6; Kangxi radical 57 弓; Unihan kRSUnicode single radical assignment.	[]	"[""chinese"",""traditional"",""radicals"",""frequency"",""character-to-radical"",""one-way"",""part-23""]"
zh-traditional-radicals-frequency-xxiii/4454/character-to-radical	XXIII	vocabulary	4454	zh-Hant	zh-Hant	彆	"[""弓""]"	[]		"[""zh-Hant.common.1260"",""zh.radical.kangxi.057""]"	[]	[]	sources/characters.tsv	frequency-order position 4454; Ministry common-character number 1260	彆: frequency-order position 4454; absent from frequency corpus; appended in Ministry common-character-list order; Unihan kRSUnicode 57.12; Kangxi radical 57 弓; Unihan kRSUnicode single radical assignment.	[]	"[""chinese"",""traditional"",""radicals"",""frequency"",""character-to-radical"",""one-way"",""part-23""]"
zh-traditional-radicals-frequency-xxiii/4455/character-to-radical	XXIII	vocabulary	4455	zh-Hant	zh-Hant	彞	"[""彐""]"	[]		"[""zh-Hant.common.1266"",""zh.radical.kangxi.058""]"	[]	[]	sources/characters.tsv	frequency-order position 4455; Ministry common-character number 1266	彞: frequency-order position 4455; absent from frequency corpus; appended in Ministry common-character-list order; Unihan kRSUnicode 58.15; Kangxi radical 58 彐; Unihan kRSUnicode single radical assignment.	[]	"[""chinese"",""traditional"",""radicals"",""frequency"",""character-to-radical"",""one-way"",""part-23""]"
zh-traditional-radicals-frequency-xxiii/4456/character-to-radical	XXIII	vocabulary	4456	zh-Hant	zh-Hant	徇	"[""彳""]"	[]		"[""zh-Hant.common.1286"",""zh.radical.kangxi.060""]"	[]	[]	sources/characters.tsv	frequency-order position 4456; Ministry common-character number 1286	徇: frequency-order position 4456; absent from frequency corpus; appended in Ministry common-character-list order; Unihan kRSUnicode 60.6; Kangxi radical 60 彳; Unihan kRSUnicode single radical assignment.	[]	"[""chinese"",""traditional"",""radicals"",""frequency"",""character-to-radical"",""one-way"",""part-23""]"
zh-traditional-radicals-frequency-xxiii/4457/character-to-radical	XXIII	vocabulary	4457	zh-Hant	zh-Hant	忖	"[""心""]"	[]		"[""zh-Hant.common.1308"",""zh.radical.kangxi.061""]"	[]	[]	sources/characters.tsv	frequency-order position 4457; Ministry common-character number 1308	忖: frequency-order position 4457; absent from frequency corpus; appended in Ministry common-character-list order; Unihan kRSUnicode 61.3; Kangxi radical 61 心; Unihan kRSUnicode single radical assignment.	[]	"[""chinese"",""traditional"",""radicals"",""frequency"",""character-to-radical"",""one-way"",""part-23""]"
zh-traditional-radicals-frequency-xxiii/4458/character-to-radical	XXIII	vocabulary	4458	zh-Hant	zh-Hant	忝	"[""心""]"	[]		"[""zh-Hant.common.1315"",""zh.radical.kangxi.061""]"	[]	[]	sources/characters.tsv	frequency-order position 4458; Ministry common-character number 1315	忝: frequency-order position 4458; absent from frequency corpus; appended in Ministry common-character-list order; Unihan kRSUnicode 61.4; Kangxi radical 61 心; Unihan kRSUnicode single radical assignment.	[]	"[""chinese"",""traditional"",""radicals"",""frequency"",""character-to-radical"",""one-way"",""part-23""]"
zh-traditional-radicals-frequency-xxiii/4459/character-to-radical	XXIII	vocabulary	4459	zh-Hant	zh-Hant	怏	"[""心""]"	[]		"[""zh-Hant.common.1320"",""zh.radical.kangxi.061""]"	[]	[]	sources/characters.tsv	frequency-order position 4459; Ministry common-character number 1320	怏: frequency-order position 4459; absent from frequency corpus; appended in Ministry common-character-list order; Unihan kRSUnicode 61.5; Kangxi radical 61 心; Unihan kRSUnicode single radical assignment.	[]	"[""chinese"",""traditional"",""radicals"",""frequency"",""character-to-radical"",""one-way"",""part-23""]"
zh-traditional-radicals-frequency-xxiii/4460/character-to-radical	XXIII	vocabulary	4460	zh-Hant	zh-Hant	怔	"[""心""]"	[]		"[""zh-Hant.common.1321"",""zh.radical.kangxi.061""]"	[]	[]	sources/characters.tsv	frequency-order position 4460; Ministry common-character number 1321	怔: frequency-order position 4460; absent from frequency corpus; appended in Ministry common-character-list order; Unihan kRSUnicode 61.5; Kangxi radical 61 心; Unihan kRSUnicode single radical assignment.	[]	"[""chinese"",""traditional"",""radicals"",""frequency"",""character-to-radical"",""one-way"",""part-23""]"
zh-traditional-radicals-frequency-xxiii/4461/character-to-radical	XXIII	vocabulary	4461	zh-Hant	zh-Hant	恫	"[""心""]"	[]		"[""zh-Hant.common.1342"",""zh.radical.kangxi.061""]"	[]	[]	sources/characters.tsv	frequency-order position 4461; Ministry common-character number 1342	恫: frequency-order position 4461; absent from frequency corpus; appended in Ministry common-character-list order; Unihan kRSUnicode 61.6; Kangxi radical 61 心; Unihan kRSUnicode single radical assignment.	[]	"[""chinese"",""traditional"",""radicals"",""frequency"",""character-to-radical"",""one-way"",""part-23""]"
zh-traditional-radicals-frequency-xxiii/4462/character-to-radical	XXIII	vocabulary	4462	zh-Hant	zh-Hant	恙	"[""心""]"	[]		"[""zh-Hant.common.1345"",""zh.radical.kangxi.061""]"	[]	[]	sources/characters.tsv	frequency-order position 4462; Ministry common-character number 1345	恙: frequency-order position 4462; absent from frequency corpus; appended in Ministry common-character-list order; Unihan kRSUnicode 61.6; Kangxi radical 61 心; Unihan kRSUnicode single radical assignment.	[]	"[""chinese"",""traditional"",""radicals"",""frequency"",""character-to-radical"",""one-way"",""part-23""]"
zh-traditional-radicals-frequency-xxiii/4463/character-to-radical	XXIII	vocabulary	4463	zh-Hant	zh-Hant	悌	"[""心""]"	[]		"[""zh-Hant.common.1358"",""zh.radical.kangxi.061""]"	[]	[]	sources/characters.tsv	frequency-order position 4463; Ministry common-character number 1358	悌: frequency-order position 4463; absent from frequency corpus; appended in Ministry common-character-list order; Unihan kRSUnicode 61.7; Kangxi radical 61 心; Unihan kRSUnicode single radical assignment.	[]	"[""chinese"",""traditional"",""radicals"",""frequency"",""character-to-radical"",""one-way"",""part-23""]"
zh-traditional-radicals-frequency-xxiii/4464/character-to-radical	XXIII	vocabulary	4464	zh-Hant	zh-Hant	惆	"[""心""]"	[]		"[""zh-Hant.common.1377"",""zh.radical.kangxi.061""]"	[]	[]	sources/characters.tsv	frequency-order position 4464; Ministry common-character number 1377	惆: frequency-order position 4464; absent from frequency corpus; appended in Ministry common-character-list order; Unihan kRSUnicode 61.8; Kangxi radical 61 心; Unihan kRSUnicode single radical assignment.	[]	"[""chinese"",""traditional"",""radicals"",""frequency"",""character-to-radical"",""one-way"",""part-23""]"
zh-traditional-radicals-frequency-xxiii/4465/character-to-radical	XXIII	vocabulary	4465	zh-Hant	zh-Hant	惴	"[""心""]"	[]		"[""zh-Hant.common.1392"",""zh.radical.kangxi.061""]"	[]	[]	sources/characters.tsv	frequency-order position 4465; Ministry common-character number 1392	惴: frequency-order position 4465; absent from frequency corpus; appended in Ministry common-character-list order; Unihan kRSUnicode 61.9; Kangxi radical 61 心; Unihan kRSUnicode single radical assignment.	[]	"[""chinese"",""traditional"",""radicals"",""frequency"",""character-to-radical"",""one-way"",""part-23""]"
zh-traditional-radicals-frequency-xxiii/4466/character-to-radical	XXIII	vocabulary	4466	zh-Hant	zh-Hant	愀	"[""心""]"	[]		"[""zh-Hant.common.1398"",""zh.radical.kangxi.061""]"	[]	[]	sources/characters.tsv	frequency-order position 4466; Ministry common-character number 1398	愀: frequency-order position 4466; absent from frequency corpus; appended in Ministry common-character-list order; Unihan kRSUnicode 61.9; Kangxi radical 61 心; Unihan kRSUnicode single radical assignment.	[]	"[""chinese"",""traditional"",""radicals"",""frequency"",""character-to-radical"",""one-way"",""part-23""]"
zh-traditional-radicals-frequency-xxiii/4467/character-to-radical	XXIII	vocabulary	4467	zh-Hant	zh-Hant	慍	"[""心""]"	[]		"[""zh-Hant.common.1411"",""zh.radical.kangxi.061""]"	[]	[]	sources/characters.tsv	frequency-order position 4467; Ministry common-character number 1411	慍: frequency-order position 4467; absent from frequency corpus; appended in Ministry common-character-list order; Unihan kRSUnicode 61.10; Kangxi radical 61 心; Unihan kRSUnicode single radical assignment.	[]	"[""chinese"",""traditional"",""radicals"",""frequency"",""character-to-radical"",""one-way"",""part-23""]"
zh-traditional-radicals-frequency-xxiii/4468/character-to-radical	XXIII	vocabulary	4468	zh-Hant	zh-Hant	愿	"[""心""]"	[]		"[""zh-Hant.common.1416"",""zh.radical.kangxi.061""]"	[]	[]	sources/characters.tsv	frequency-order position 4468; Ministry common-character number 1416	愿: frequency-order position 4468; absent from frequency corpus; appended in Ministry common-character-list order; Unihan kRSUnicode 61.10; Kangxi radical 61 心; Unihan kRSUnicode single radical assignment.	[]	"[""chinese"",""traditional"",""radicals"",""frequency"",""character-to-radical"",""one-way"",""part-23""]"
zh-traditional-radicals-frequency-xxiii/4469/character-to-radical	XXIII	vocabulary	4469	zh-Hant	zh-Hant	慟	"[""心""]"	[]		"[""zh-Hant.common.1421"",""zh.radical.kangxi.061""]"	[]	[]	sources/characters.tsv	frequency-order position 4469; Ministry common-character number 1421	慟: frequency-order position 4469; absent from frequency corpus; appended in Ministry common-character-list order; Unihan kRSUnicode 61.11; Kangxi radical 61 心; Unihan kRSUnicode single radical assignment.	[]	"[""chinese"",""traditional"",""radicals"",""frequency"",""character-to-radical"",""one-way"",""part-23""]"
zh-traditional-radicals-frequency-xxiii/4470/character-to-radical	XXIII	vocabulary	4470	zh-Hant	zh-Hant	慼	"[""心""]"	[]		"[""zh-Hant.common.1430"",""zh.radical.kangxi.061""]"	[]	[]	sources/characters.tsv	frequency-order position 4470; Ministry common-character number 1430	慼: frequency-order position 4470; absent from frequency corpus; appended in Ministry common-character-list order; Unihan kRSUnicode 61.11; Kangxi radical 61 心; Unihan kRSUnicode single radical assignment.	[]	"[""chinese"",""traditional"",""radicals"",""frequency"",""character-to-radical"",""one-way"",""part-23""]"
zh-traditional-radicals-frequency-xxiii/4471/character-to-radical	XXIII	vocabulary	4471	zh-Hant	zh-Hant	憚	"[""心""]"	[]		"[""zh-Hant.common.1439"",""zh.radical.kangxi.061""]"	[]	[]	sources/characters.tsv	frequency-order position 4471; Ministry common-character number 1439	憚: frequency-order position 4471; absent from frequency corpus; appended in Ministry common-character-list order; Unihan kRSUnicode 61.12; Kangxi radical 61 心; Unihan kRSUnicode single radical assignment.	[]	"[""chinese"",""traditional"",""radicals"",""frequency"",""character-to-radical"",""one-way"",""part-23""]"
zh-traditional-radicals-frequency-xxiii/4472/character-to-radical	XXIII	vocabulary	4472	zh-Hant	zh-Hant	懵	"[""心""]"	[]		"[""zh-Hant.common.1459"",""zh.radical.kangxi.061""]"	[]	[]	sources/characters.tsv	frequency-order position 4472; Ministry common-character number 1459	懵: frequency-order position 4472; absent from frequency corpus; appended in Ministry common-character-list order; Unihan kRSUnicode 61.16; Kangxi radical 61 心; Unihan kRSUnicode single radical assignment.	[]	"[""chinese"",""traditional"",""radicals"",""frequency"",""character-to-radical"",""one-way"",""part-23""]"
zh-traditional-radicals-frequency-xxiii/4473/character-to-radical	XXIII	vocabulary	4473	zh-Hant	zh-Hant	戛	"[""戈""]"	[]		"[""zh-Hant.common.1477"",""zh.radical.kangxi.062""]"	[]	[]	sources/characters.tsv	frequency-order position 4473; Ministry common-character number 1477	戛: frequency-order position 4473; absent from frequency corpus; appended in Ministry common-character-list order; Unihan kRSUnicode 62.7; Kangxi radical 62 戈; Unihan kRSUnicode single radical assignment.	[]	"[""chinese"",""traditional"",""radicals"",""frequency"",""character-to-radical"",""one-way"",""part-23""]"
zh-traditional-radicals-frequency-xxiii/4474/character-to-radical	XXIII	vocabulary	4474	zh-Hant	zh-Hant	戟	"[""戈""]"	[]		"[""zh-Hant.common.1478"",""zh.radical.kangxi.062""]"	[]	[]	sources/characters.tsv	frequency-order position 4474; Ministry common-character number 1478	戟: frequency-order position 4474; absent from frequency corpus; appended in Ministry common-character-list order; Unihan kRSUnicode 62.8; Kangxi radical 62 戈; Unihan kRSUnicode single radical assignment.	[]	"[""chinese"",""traditional"",""radicals"",""frequency"",""character-to-radical"",""one-way"",""part-23""]"
zh-traditional-radicals-frequency-xxiii/4475/character-to-radical	XXIII	vocabulary	4475	zh-Hant	zh-Hant	戡	"[""戈""]"	[]		"[""zh-Hant.common.1479"",""zh.radical.kangxi.062""]"	[]	[]	sources/characters.tsv	frequency-order position 4475; Ministry common-character number 1479	戡: frequency-order position 4475; absent from frequency corpus; appended in Ministry common-character-list order; Unihan kRSUnicode 62.9; Kangxi radical 62 戈; Unihan kRSUnicode single radical assignment.	[]	"[""chinese"",""traditional"",""radicals"",""frequency"",""character-to-radical"",""one-way"",""part-23""]"
zh-traditional-radicals-frequency-xxiii/4476/character-to-radical	XXIII	vocabulary	4476	zh-Hant	zh-Hant	戢	"[""戈""]"	[]		"[""zh-Hant.common.1480"",""zh.radical.kangxi.062""]"	[]	[]	sources/characters.tsv	frequency-order position 4476; Ministry common-character number 1480	戢: frequency-order position 4476; absent from frequency corpus; appended in Ministry common-character-list order; Unihan kRSUnicode 62.9; Kangxi radical 62 戈; Unihan kRSUnicode single radical assignment.	[]	"[""chinese"",""traditional"",""radicals"",""frequency"",""character-to-radical"",""one-way"",""part-23""]"
zh-traditional-radicals-frequency-xxiii/4477/character-to-radical	XXIII	vocabulary	4477	zh-Hant	zh-Hant	拈	"[""手""]"	[]		"[""zh-Hant.common.1536"",""zh.radical.kangxi.064""]"	[]	[]	sources/characters.tsv	frequency-order position 4477; Ministry common-character number 1536	拈: frequency-order position 4477; absent from frequency corpus; appended in Ministry common-character-list order; Unihan kRSUnicode 64.5; Kangxi radical 64 手; Unihan kRSUnicode single radical assignment.	[]	"[""chinese"",""traditional"",""radicals"",""frequency"",""character-to-radical"",""one-way"",""part-23""]"
zh-traditional-radicals-frequency-xxiii/4478/character-to-radical	XXIII	vocabulary	4478	zh-Hant	zh-Hant	抨	"[""手""]"	[]		"[""zh-Hant.common.1537"",""zh.radical.kangxi.064""]"	[]	[]	sources/characters.tsv	frequency-order position 4478; Ministry common-character number 1537	抨: frequency-order position 4478; absent from frequency corpus; appended in Ministry common-character-list order; Unihan kRSUnicode 64.5; Kangxi radical 64 手; Unihan kRSUnicode single radical assignment.	[]	"[""chinese"",""traditional"",""radicals"",""frequency"",""character-to-radical"",""one-way"",""part-23""]"
zh-traditional-radicals-frequency-xxiii/4479/character-to-radical	XXIII	vocabulary	4479	zh-Hant	zh-Hant	拮	"[""手""]"	[]		"[""zh-Hant.common.1559"",""zh.radical.kangxi.064""]"	[]	[]	sources/characters.tsv	frequency-order position 4479; Ministry common-character number 1559	拮: frequency-order position 4479; absent from frequency corpus; appended in Ministry common-character-list order; Unihan kRSUnicode 64.6; Kangxi radical 64 手; Unihan kRSUnicode single radical assignment.	[]	"[""chinese"",""traditional"",""radicals"",""frequency"",""character-to-radical"",""one-way"",""part-23""]"
zh-traditional-radicals-frequency-xxiii/4480/character-to-radical	XXIII	vocabulary	4480	zh-Hant	zh-Hant	捂	"[""手""]"	[]		"[""zh-Hant.common.1576"",""zh.radical.kangxi.064""]"	[]	[]	sources/characters.tsv	frequency-order position 4480; Ministry common-character number 1576	捂: frequency-order position 4480; absent from frequency corpus; appended in Ministry common-character-list order; Unihan kRSUnicode 64.7; Kangxi radical 64 手; Unihan kRSUnicode single radical assignment.	[]	"[""chinese"",""traditional"",""radicals"",""frequency"",""character-to-radical"",""one-way"",""part-23""]"
zh-traditional-radicals-frequency-xxiii/4481/character-to-radical	XXIII	vocabulary	4481	zh-Hant	zh-Hant	掄	"[""手""]"	[]		"[""zh-Hant.common.1603"",""zh.radical.kangxi.064""]"	[]	[]	sources/characters.tsv	frequency-order position 4481; Ministry common-character number 1603	掄: frequency-order position 4481; absent from frequency corpus; appended in Ministry common-character-list order; Unihan kRSUnicode 64.8; Kangxi radical 64 手; Unihan kRSUnicode single radical assignment.	[]	"[""chinese"",""traditional"",""radicals"",""frequency"",""character-to-radical"",""one-way"",""part-23""]"
zh-traditional-radicals-frequency-xxiii/4482/character-to-radical	XXIII	vocabulary	4482	zh-Hant	zh-Hant	捻	"[""手""]"	[]		"[""zh-Hant.common.1611"",""zh.radical.kangxi.064""]"	[]	[]	sources/characters.tsv	frequency-order position 4482; Ministry common-character number 1611	捻: frequency-order position 4482; absent from frequency corpus; appended in Ministry common-character-list order; Unihan kRSUnicode 64.8; Kangxi radical 64 手; Unihan kRSUnicode single radical assignment.	[]	"[""chinese"",""traditional"",""radicals"",""frequency"",""character-to-radical"",""one-way"",""part-23""]"
zh-traditional-radicals-frequency-xxiii/4483/character-to-radical	XXIII	vocabulary	4483	zh-Hant	zh-Hant	捶	"[""手""]"	[]		"[""zh-Hant.common.1629"",""zh.radical.kangxi.064""]"	[]	[]	sources/characters.tsv	frequency-order position 4483; Ministry common-character number 1629	捶: frequency-order position 4483; absent from frequency corpus; appended in Ministry common-character-list order; Unihan kRSUnicode 64.8 64.9; Kangxi radical 64 手; Reviewed primary Unihan kRSUnicode assignment 64.8 from alternatives 64.8 64.9.	[]	"[""chinese"",""traditional"",""radicals"",""frequency"",""character-to-radical"",""one-way"",""part-23""]"
zh-traditional-radicals-frequency-xxiii/4484/character-to-radical	XXIII	vocabulary	4484	zh-Hant	zh-Hant	搪	"[""手""]"	[]		"[""zh-Hant.common.1638"",""zh.radical.kangxi.064""]"	[]	[]	sources/characters.tsv	frequency-order position 4484; Ministry common-character number 1638	搪: frequency-order position 4484; absent from frequency corpus; appended in Ministry common-character-list order; Unihan kRSUnicode 64.10; Kangxi radical 64 手; Unihan kRSUnicode single radical assignment.	[]	"[""chinese"",""traditional"",""radicals"",""frequency"",""character-to-radical"",""one-way"",""part-23""]"
zh-traditional-radicals-frequency-xxiii/4485/character-to-radical	XXIII	vocabulary	4485	zh-Hant	zh-Hant	搽	"[""手""]"	[]		"[""zh-Hant.common.1640"",""zh.radical.kangxi.064""]"	[]	[]	sources/characters.tsv	frequency-order position 4485; Ministry common-character number 1640	搽: frequency-order position 4485; absent from frequency corpus; appended in Ministry common-character-list order; Unihan kRSUnicode 64.10; Kangxi radical 64 手; Unihan kRSUnicode single radical assignment.	[]	"[""chinese"",""traditional"",""radicals"",""frequency"",""character-to-radical"",""one-way"",""part-23""]"
zh-traditional-radicals-frequency-xxiii/4486/character-to-radical	XXIII	vocabulary	4486	zh-Hant	zh-Hant	撬	"[""手""]"	[]		"[""zh-Hant.common.1675"",""zh.radical.kangxi.064""]"	[]	[]	sources/characters.tsv	frequency-order position 4486; Ministry common-character number 1675	撬: frequency-order position 4486; absent from frequency corpus; appended in Ministry common-character-list order; Unihan kRSUnicode 64.12; Kangxi radical 64 手; Unihan kRSUnicode single radical assignment.	[]	"[""chinese"",""traditional"",""radicals"",""frequency"",""character-to-radical"",""one-way"",""part-23""]"
zh-traditional-radicals-frequency-xxiii/4487/character-to-radical	XXIII	vocabulary	4487	zh-Hant	zh-Hant	撻	"[""手""]"	[]		"[""zh-Hant.common.1679"",""zh.radical.kangxi.064""]"	[]	[]	sources/characters.tsv	frequency-order position 4487; Ministry common-character number 1679	撻: frequency-order position 4487; absent from frequency corpus; appended in Ministry common-character-list order; Unihan kRSUnicode 64.13; Kangxi radical 64 手; Unihan kRSUnicode single radical assignment.	[]	"[""chinese"",""traditional"",""radicals"",""frequency"",""character-to-radical"",""one-way"",""part-23""]"
zh-traditional-radicals-frequency-xxiii/4488/character-to-radical	XXIII	vocabulary	4488	zh-Hant	zh-Hant	擰	"[""手""]"	[]		"[""zh-Hant.common.1693"",""zh.radical.kangxi.064""]"	[]	[]	sources/characters.tsv	frequency-order position 4488; Ministry common-character number 1693	擰: frequency-order position 4488; absent from frequency corpus; appended in Ministry common-character-list order; Unihan kRSUnicode 64.14; Kangxi radical 64 手; Unihan kRSUnicode single radical assignment.	[]	"[""chinese"",""traditional"",""radicals"",""frequency"",""character-to-radical"",""one-way"",""part-23""]"
zh-traditional-radicals-frequency-xxiii/4489/character-to-radical	XXIII	vocabulary	4489	zh-Hant	zh-Hant	擻	"[""手""]"	[]		"[""zh-Hant.common.1702"",""zh.radical.kangxi.064""]"	[]	[]	sources/characters.tsv	frequency-order position 4489; Ministry common-character number 1702	擻: frequency-order position 4489; absent from frequency corpus; appended in Ministry common-character-list order; Unihan kRSUnicode 64.15; Kangxi radical 64 手; Unihan kRSUnicode single radical assignment.	[]	"[""chinese"",""traditional"",""radicals"",""frequency"",""character-to-radical"",""one-way"",""part-23""]"
zh-traditional-radicals-frequency-xxiii/4490/character-to-radical	XXIII	vocabulary	4490	zh-Hant	zh-Hant	斫	"[""斤""]"	[]		"[""zh-Hant.common.1754"",""zh.radical.kangxi.069""]"	[]	[]	sources/characters.tsv	frequency-order position 4490; Ministry common-character number 1754	斫: frequency-order position 4490; absent from frequency corpus; appended in Ministry common-character-list order; Unihan kRSUnicode 69.5; Kangxi radical 69 斤; Unihan kRSUnicode single radical assignment.	[]	"[""chinese"",""traditional"",""radicals"",""frequency"",""character-to-radical"",""one-way"",""part-23""]"
zh-traditional-radicals-frequency-xxiii/4491/character-to-radical	XXIII	vocabulary	4491	zh-Hant	zh-Hant	旌	"[""方""]"	[]		"[""zh-Hant.common.1766"",""zh.radical.kangxi.070""]"	[]	[]	sources/characters.tsv	frequency-order position 4491; Ministry common-character number 1766	旌: frequency-order position 4491; absent from frequency corpus; appended in Ministry common-character-list order; Unihan kRSUnicode 70.7; Kangxi radical 70 方; Unihan kRSUnicode single radical assignment.	[]	"[""chinese"",""traditional"",""radicals"",""frequency"",""character-to-radical"",""one-way"",""part-23""]"
zh-traditional-radicals-frequency-xxiii/4492/character-to-radical	XXIII	vocabulary	4492	zh-Hant	zh-Hant	暹	"[""日""]"	[]		"[""zh-Hant.common.1824"",""zh.radical.kangxi.072""]"	[]	[]	sources/characters.tsv	frequency-order position 4492; Ministry common-character number 1824	暹: frequency-order position 4492; absent from frequency corpus; appended in Ministry common-character-list order; Unihan kRSUnicode 72.12; Kangxi radical 72 日; Unihan kRSUnicode single radical assignment.	[]	"[""chinese"",""traditional"",""radicals"",""frequency"",""character-to-radical"",""one-way"",""part-23""]"
zh-traditional-radicals-frequency-xxiii/4493/character-to-radical	XXIII	vocabulary	4493	zh-Hant	zh-Hant	曖	"[""日""]"	[]		"[""zh-Hant.common.1826"",""zh.radical.kangxi.072""]"	[]	[]	sources/characters.tsv	frequency-order position 4493; Ministry common-character number 1826	曖: frequency-order position 4493; absent from frequency corpus; appended in Ministry common-character-list order; Unihan kRSUnicode 72.13; Kangxi radical 72 日; Unihan kRSUnicode single radical assignment.	[]	"[""chinese"",""traditional"",""radicals"",""frequency"",""character-to-radical"",""one-way"",""part-23""]"
zh-traditional-radicals-frequency-xxiii/4494/character-to-radical	XXIII	vocabulary	4494	zh-Hant	zh-Hant	曷	"[""曰""]"	[]		"[""zh-Hant.common.1834"",""zh.radical.kangxi.073""]"	[]	[]	sources/characters.tsv	frequency-order position 4494; Ministry common-character number 1834	曷: frequency-order position 4494; absent from frequency corpus; appended in Ministry common-character-list order; Unihan kRSUnicode 73.5; Kangxi radical 73 曰; Unihan kRSUnicode single radical assignment.	[]	"[""chinese"",""traditional"",""radicals"",""frequency"",""character-to-radical"",""one-way"",""part-23""]"
zh-traditional-radicals-frequency-xxiii/4495/character-to-radical	XXIII	vocabulary	4495	zh-Hant	zh-Hant	勗	"[""力""]"	[]		"[""zh-Hant.common.1837"",""zh.radical.kangxi.019""]"	[]	[]	sources/characters.tsv	frequency-order position 4495; Ministry common-character number 1837	勗: frequency-order position 4495; absent from frequency corpus; appended in Ministry common-character-list order; Unihan kRSUnicode 72.7 73.7 19.9; Kangxi radical 19 力; Reviewed Taiwan Ministry dictionary assignment 力 from Unihan alternatives 72.7 73.7 19.9.	[]	"[""chinese"",""traditional"",""radicals"",""frequency"",""character-to-radical"",""one-way"",""part-23""]"
zh-traditional-radicals-frequency-xxiii/4496/character-to-radical	XXIII	vocabulary	4496	zh-Hant	zh-Hant	朮	"[""木""]"	[]		"[""zh-Hant.common.1854"",""zh.radical.kangxi.075""]"	[]	[]	sources/characters.tsv	frequency-order position 4496; Ministry common-character number 1854	朮: frequency-order position 4496; absent from frequency corpus; appended in Ministry common-character-list order; Unihan kRSUnicode 75.1; Kangxi radical 75 木; Unihan kRSUnicode single radical assignment.	[]	"[""chinese"",""traditional"",""radicals"",""frequency"",""character-to-radical"",""one-way"",""part-23""]"
zh-traditional-radicals-frequency-xxiii/4497/character-to-radical	XXIII	vocabulary	4497	zh-Hant	zh-Hant	杷	"[""木""]"	[]		"[""zh-Hant.common.1878"",""zh.radical.kangxi.075""]"	[]	[]	sources/characters.tsv	frequency-order position 4497; Ministry common-character number 1878	杷: frequency-order position 4497; absent from frequency corpus; appended in Ministry common-character-list order; Unihan kRSUnicode 75.4; Kangxi radical 75 木; Unihan kRSUnicode single radical assignment.	[]	"[""chinese"",""traditional"",""radicals"",""frequency"",""character-to-radical"",""one-way"",""part-23""]"
zh-traditional-radicals-frequency-xxiii/4498/character-to-radical	XXIII	vocabulary	4498	zh-Hant	zh-Hant	枇	"[""木""]"	[]		"[""zh-Hant.common.1879"",""zh.radical.kangxi.075""]"	[]	[]	sources/characters.tsv	frequency-order position 4498; Ministry common-character number 1879	枇: frequency-order position 4498; absent from frequency corpus; appended in Ministry common-character-list order; Unihan kRSUnicode 75.4; Kangxi radical 75 木; Unihan kRSUnicode single radical assignment.	[]	"[""chinese"",""traditional"",""radicals"",""frequency"",""character-to-radical"",""one-way"",""part-23""]"
zh-traditional-radicals-frequency-xxiii/4499/character-to-radical	XXIII	vocabulary	4499	zh-Hant	zh-Hant	柬	"[""木""]"	[]		"[""zh-Hant.common.1895"",""zh.radical.kangxi.075""]"	[]	[]	sources/characters.tsv	frequency-order position 4499; Ministry common-character number 1895	柬: frequency-order position 4499; absent from frequency corpus; appended in Ministry common-character-list order; Unihan kRSUnicode 75.5; Kangxi radical 75 木; Unihan kRSUnicode single radical assignment.	[]	"[""chinese"",""traditional"",""radicals"",""frequency"",""character-to-radical"",""one-way"",""part-23""]"
zh-traditional-radicals-frequency-xxiii/4500/character-to-radical	XXIII	vocabulary	4500	zh-Hant	zh-Hant	柞	"[""木""]"	[]		"[""zh-Hant.common.1908"",""zh.radical.kangxi.075""]"	[]	[]	sources/characters.tsv	frequency-order position 4500; Ministry common-character number 1908	柞: frequency-order position 4500; absent from frequency corpus; appended in Ministry common-character-list order; Unihan kRSUnicode 75.5; Kangxi radical 75 木; Unihan kRSUnicode single radical assignment.	[]	"[""chinese"",""traditional"",""radicals"",""frequency"",""character-to-radical"",""one-way"",""part-23""]"
zh-traditional-radicals-frequency-xxiii/4501/character-to-radical	XXIII	vocabulary	4501	zh-Hant	zh-Hant	桀	"[""木""]"	[]		"[""zh-Hant.common.1926"",""zh.radical.kangxi.075""]"	[]	[]	sources/characters.tsv	frequency-order position 4501; Ministry common-character number 1926	桀: frequency-order position 4501; absent from frequency corpus; appended in Ministry common-character-list order; Unihan kRSUnicode 75.6; Kangxi radical 75 木; Unihan kRSUnicode single radical assignment.	[]	"[""chinese"",""traditional"",""radicals"",""frequency"",""character-to-radical"",""one-way"",""part-23""]"
zh-traditional-radicals-frequency-xxiii/4502/character-to-radical	XXIII	vocabulary	4502	zh-Hant	zh-Hant	梃	"[""木""]"	[]		"[""zh-Hant.common.1943"",""zh.radical.kangxi.075""]"	[]	[]	sources/characters.tsv	frequency-order position 4502; Ministry common-character number 1943	梃: frequency-order position 4502; absent from frequency corpus; appended in Ministry common-character-list order; Unihan kRSUnicode 75.7; Kangxi radical 75 木; Unihan kRSUnicode single radical assignment.	[]	"[""chinese"",""traditional"",""radicals"",""frequency"",""character-to-radical"",""one-way"",""part-23""]"
zh-traditional-radicals-frequency-xxiii/4503/character-to-radical	XXIII	vocabulary	4503	zh-Hant	zh-Hant	梆	"[""木""]"	[]		"[""zh-Hant.common.1946"",""zh.radical.kangxi.075""]"	[]	[]	sources/characters.tsv	frequency-order position 4503; Ministry common-character number 1946	梆: frequency-order position 4503; absent from frequency corpus; appended in Ministry common-character-list order; Unihan kRSUnicode 75.7; Kangxi radical 75 木; Unihan kRSUnicode single radical assignment.	[]	"[""chinese"",""traditional"",""radicals"",""frequency"",""character-to-radical"",""one-way"",""part-23""]"
zh-traditional-radicals-frequency-xxiii/4504/character-to-radical	XXIII	vocabulary	4504	zh-Hant	zh-Hant	梔	"[""木""]"	[]		"[""zh-Hant.common.1948"",""zh.radical.kangxi.075""]"	[]	[]	sources/characters.tsv	frequency-order position 4504; Ministry common-character number 1948	梔: frequency-order position 4504; absent from frequency corpus; appended in Ministry common-character-list order; Unihan kRSUnicode 75.7; Kangxi radical 75 木; Unihan kRSUnicode single radical assignment.	[]	"[""chinese"",""traditional"",""radicals"",""frequency"",""character-to-radical"",""one-way"",""part-23""]"
zh-traditional-radicals-frequency-xxiii/4505/character-to-radical	XXIII	vocabulary	4505	zh-Hant	zh-Hant	梟	"[""木""]"	[]		"[""zh-Hant.common.1951"",""zh.radical.kangxi.075""]"	[]	[]	sources/characters.tsv	frequency-order position 4505; Ministry common-character number 1951	梟: frequency-order position 4505; absent from frequency corpus; appended in Ministry common-character-list order; Unihan kRSUnicode 75.7; Kangxi radical 75 木; Unihan kRSUnicode single radical assignment.	[]	"[""chinese"",""traditional"",""radicals"",""frequency"",""character-to-radical"",""one-way"",""part-23""]"
zh-traditional-radicals-frequency-xxiii/4506/character-to-radical	XXIII	vocabulary	4506	zh-Hant	zh-Hant	楫	"[""木""]"	[]		"[""zh-Hant.common.1984"",""zh.radical.kangxi.075""]"	[]	[]	sources/characters.tsv	frequency-order position 4506; Ministry common-character number 1984	楫: frequency-order position 4506; absent from frequency corpus; appended in Ministry common-character-list order; Unihan kRSUnicode 75.9; Kangxi radical 75 木; Unihan kRSUnicode single radical assignment.	[]	"[""chinese"",""traditional"",""radicals"",""frequency"",""character-to-radical"",""one-way"",""part-23""]"
zh-traditional-radicals-frequency-xxiii/4507/character-to-radical	XXIII	vocabulary	4507	zh-Hant	zh-Hant	槁	"[""木""]"	[]		"[""zh-Hant.common.1992"",""zh.radical.kangxi.075""]"	[]	[]	sources/characters.tsv	frequency-order position 4507; Ministry common-character number 1992	槁: frequency-order position 4507; absent from frequency corpus; appended in Ministry common-character-list order; Unihan kRSUnicode 75.10; Kangxi radical 75 木; Unihan kRSUnicode single radical assignment.	[]	"[""chinese"",""traditional"",""radicals"",""frequency"",""character-to-radical"",""one-way"",""part-23""]"
zh-traditional-radicals-frequency-xxiii/4508/character-to-radical	XXIII	vocabulary	4508	zh-Hant	zh-Hant	榫	"[""木""]"	[]		"[""zh-Hant.common.1999"",""zh.radical.kangxi.075""]"	[]	[]	sources/characters.tsv	frequency-order position 4508; Ministry common-character number 1999	榫: frequency-order position 4508; absent from frequency corpus; appended in Ministry common-character-list order; Unihan kRSUnicode 75.10; Kangxi radical 75 木; Unihan kRSUnicode single radical assignment.	[]	"[""chinese"",""traditional"",""radicals"",""frequency"",""character-to-radical"",""one-way"",""part-23""]"
zh-traditional-radicals-frequency-xxiii/4509/character-to-radical	XXIII	vocabulary	4509	zh-Hant	zh-Hant	槨	"[""木""]"	[]		"[""zh-Hant.common.2007"",""zh.radical.kangxi.075""]"	[]	[]	sources/characters.tsv	frequency-order position 4509; Ministry common-character number 2007	槨: frequency-order position 4509; absent from frequency corpus; appended in Ministry common-character-list order; Unihan kRSUnicode 75.11; Kangxi radical 75 木; Unihan kRSUnicode single radical assignment.	[]	"[""chinese"",""traditional"",""radicals"",""frequency"",""character-to-radical"",""one-way"",""part-23""]"
zh-traditional-radicals-frequency-xxiii/4510/character-to-radical	XXIII	vocabulary	4510	zh-Hant	zh-Hant	樅	"[""木""]"	[]		"[""zh-Hant.common.2017"",""zh.radical.kangxi.075""]"	[]	[]	sources/characters.tsv	frequency-order position 4510; Ministry common-character number 2017	樅: frequency-order position 4510; absent from frequency corpus; appended in Ministry common-character-list order; Unihan kRSUnicode 75.11; Kangxi radical 75 木; Unihan kRSUnicode single radical assignment.	[]	"[""chinese"",""traditional"",""radicals"",""frequency"",""character-to-radical"",""one-way"",""part-23""]"
zh-traditional-radicals-frequency-xxiii/4511/character-to-radical	XXIII	vocabulary	4511	zh-Hant	zh-Hant	樽	"[""木""]"	[]		"[""zh-Hant.common.2018"",""zh.radical.kangxi.075""]"	[]	[]	sources/characters.tsv	frequency-order position 4511; Ministry common-character number 2018	樽: frequency-order position 4511; absent from frequency corpus; appended in Ministry common-character-list order; Unihan kRSUnicode 75.12; Kangxi radical 75 木; Unihan kRSUnicode single radical assignment.	[]	"[""chinese"",""traditional"",""radicals"",""frequency"",""character-to-radical"",""one-way"",""part-23""]"
zh-traditional-radicals-frequency-xxiii/4512/character-to-radical	XXIII	vocabulary	4512	zh-Hant	zh-Hant	檄	"[""木""]"	[]		"[""zh-Hant.common.2034"",""zh.radical.kangxi.075""]"	[]	[]	sources/characters.tsv	frequency-order position 4512; Ministry common-character number 2034	檄: frequency-order position 4512; absent from frequency corpus; appended in Ministry common-character-list order; Unihan kRSUnicode 75.13; Kangxi radical 75 木; Unihan kRSUnicode single radical assignment.	[]	"[""chinese"",""traditional"",""radicals"",""frequency"",""character-to-radical"",""one-way"",""part-23""]"
zh-traditional-radicals-frequency-xxiii/4513/character-to-radical	XXIII	vocabulary	4513	zh-Hant	zh-Hant	櫂	"[""木""]"	[]		"[""zh-Hant.common.2043"",""zh.radical.kangxi.075""]"	[]	[]	sources/characters.tsv	frequency-order position 4513; Ministry common-character number 2043	櫂: frequency-order position 4513; absent from frequency corpus; appended in Ministry common-character-list order; Unihan kRSUnicode 75.14; Kangxi radical 75 木; Unihan kRSUnicode single radical assignment.	[]	"[""chinese"",""traditional"",""radicals"",""frequency"",""character-to-radical"",""one-way"",""part-23""]"
zh-traditional-radicals-frequency-xxiii/4514/character-to-radical	XXIII	vocabulary	4514	zh-Hant	zh-Hant	櫝	"[""木""]"	[]		"[""zh-Hant.common.2045"",""zh.radical.kangxi.075""]"	[]	[]	sources/characters.tsv	frequency-order position 4514; Ministry common-character number 2045	櫝: frequency-order position 4514; absent from frequency corpus; appended in Ministry common-character-list order; Unihan kRSUnicode 75.15; Kangxi radical 75 木; Unihan kRSUnicode single radical assignment.	[]	"[""chinese"",""traditional"",""radicals"",""frequency"",""character-to-radical"",""one-way"",""part-23""]"
zh-traditional-radicals-frequency-xxiii/4515/character-to-radical	XXIII	vocabulary	4515	zh-Hant	zh-Hant	歙	"[""欠""]"	[]		"[""zh-Hant.common.2063"",""zh.radical.kangxi.076""]"	[]	[]	sources/characters.tsv	frequency-order position 4515; Ministry common-character number 2063	歙: frequency-order position 4515; absent from frequency corpus; appended in Ministry common-character-list order; Unihan kRSUnicode 76.12; Kangxi radical 76 欠; Unihan kRSUnicode single radical assignment.	[]	"[""chinese"",""traditional"",""radicals"",""frequency"",""character-to-radical"",""one-way"",""part-23""]"
zh-traditional-radicals-frequency-xxiii/4516/character-to-radical	XXIII	vocabulary	4516	zh-Hant	zh-Hant	歟	"[""欠""]"	[]		"[""zh-Hant.common.2064"",""zh.radical.kangxi.076""]"	[]	[]	sources/characters.tsv	frequency-order position 4516; Ministry common-character number 2064	歟: frequency-order position 4516; absent from frequency corpus; appended in Ministry common-character-list order; Unihan kRSUnicode 76.14; Kangxi radical 76 欠; Unihan kRSUnicode single radical assignment.	[]	"[""chinese"",""traditional"",""radicals"",""frequency"",""character-to-radical"",""one-way"",""part-23""]"
zh-traditional-radicals-frequency-xxiii/4517/character-to-radical	XXIII	vocabulary	4517	zh-Hant	zh-Hant	歿	"[""歹""]"	[]		"[""zh-Hant.common.2078"",""zh.radical.kangxi.078""]"	[]	[]	sources/characters.tsv	frequency-order position 4517; Ministry common-character number 2078	歿: frequency-order position 4517; absent from frequency corpus; appended in Ministry common-character-list order; Unihan kRSUnicode 78.4; Kangxi radical 78 歹; Unihan kRSUnicode single radical assignment.	[]	"[""chinese"",""traditional"",""radicals"",""frequency"",""character-to-radical"",""one-way"",""part-23""]"
zh-traditional-radicals-frequency-xxiii/4518/character-to-radical	XXIII	vocabulary	4518	zh-Hant	zh-Hant	殉	"[""歹""]"	[]		"[""zh-Hant.common.2082"",""zh.radical.kangxi.078""]"	[]	[]	sources/characters.tsv	frequency-order position 4518; Ministry common-character number 2082	殉: frequency-order position 4518; absent from frequency corpus; appended in Ministry common-character-list order; Unihan kRSUnicode 78.6; Kangxi radical 78 歹; Unihan kRSUnicode single radical assignment.	[]	"[""chinese"",""traditional"",""radicals"",""frequency"",""character-to-radical"",""one-way"",""part-23""]"
zh-traditional-radicals-frequency-xxiii/4519/character-to-radical	XXIII	vocabulary	4519	zh-Hant	zh-Hant	殤	"[""歹""]"	[]		"[""zh-Hant.common.2085"",""zh.radical.kangxi.078""]"	[]	[]	sources/characters.tsv	frequency-order position 4519; Ministry common-character number 2085	殤: frequency-order position 4519; absent from frequency corpus; appended in Ministry common-character-list order; Unihan kRSUnicode 78.11; Kangxi radical 78 歹; Unihan kRSUnicode single radical assignment.	[]	"[""chinese"",""traditional"",""radicals"",""frequency"",""character-to-radical"",""one-way"",""part-23""]"
zh-traditional-radicals-frequency-xxiii/4520/character-to-radical	XXIII	vocabulary	4520	zh-Hant	zh-Hant	毗	"[""比""]"	[]		"[""zh-Hant.common.2103"",""zh.radical.kangxi.081""]"	[]	[]	sources/characters.tsv	frequency-order position 4520; Ministry common-character number 2103	毗: frequency-order position 4520; absent from frequency corpus; appended in Ministry common-character-list order; Unihan kRSUnicode 81.5 102.4; Kangxi radical 81 比; Reviewed primary Unihan kRSUnicode assignment 81.5 from alternatives 81.5 102.4.	[]	"[""chinese"",""traditional"",""radicals"",""frequency"",""character-to-radical"",""one-way"",""part-23""]"
zh-traditional-radicals-frequency-xxiii/4521/character-to-radical	XXIII	vocabulary	4521	zh-Hant	zh-Hant	氤	"[""气""]"	[]		"[""zh-Hant.common.2119"",""zh.radical.kangxi.084""]"	[]	[]	sources/characters.tsv	frequency-order position 4521; Ministry common-character number 2119	氤: frequency-order position 4521; absent from frequency corpus; appended in Ministry common-character-list order; Unihan kRSUnicode 84.6; Kangxi radical 84 气; Unihan kRSUnicode single radical assignment.	[]	"[""chinese"",""traditional"",""radicals"",""frequency"",""character-to-radical"",""one-way"",""part-23""]"
zh-traditional-radicals-frequency-xxiii/4522/character-to-radical	XXIII	vocabulary	4522	zh-Hant	zh-Hant	氳	"[""气""]"	[]		"[""zh-Hant.common.2123"",""zh.radical.kangxi.084""]"	[]	[]	sources/characters.tsv	frequency-order position 4522; Ministry common-character number 2123	氳: frequency-order position 4522; absent from frequency corpus; appended in Ministry common-character-list order; Unihan kRSUnicode 84.10; Kangxi radical 84 气; Unihan kRSUnicode single radical assignment.	[]	"[""chinese"",""traditional"",""radicals"",""frequency"",""character-to-radical"",""one-way"",""part-23""]"
zh-traditional-radicals-frequency-xxiii/4523/character-to-radical	XXIII	vocabulary	4523	zh-Hant	zh-Hant	汾	"[""水""]"	[]		"[""zh-Hant.common.2155"",""zh.radical.kangxi.085""]"	[]	[]	sources/characters.tsv	frequency-order position 4523; Ministry common-character number 2155	汾: frequency-order position 4523; absent from frequency corpus; appended in Ministry common-character-list order; Unihan kRSUnicode 85.4; Kangxi radical 85 水; Unihan kRSUnicode single radical assignment.	[]	"[""chinese"",""traditional"",""radicals"",""frequency"",""character-to-radical"",""one-way"",""part-23""]"
zh-traditional-radicals-frequency-xxiii/4524/character-to-radical	XXIII	vocabulary	4524	zh-Hant	zh-Hant	泱	"[""水""]"	[]		"[""zh-Hant.common.2177"",""zh.radical.kangxi.085""]"	[]	[]	sources/characters.tsv	frequency-order position 4524; Ministry common-character number 2177	泱: frequency-order position 4524; absent from frequency corpus; appended in Ministry common-character-list order; Unihan kRSUnicode 85.5; Kangxi radical 85 水; Unihan kRSUnicode single radical assignment.	[]	"[""chinese"",""traditional"",""radicals"",""frequency"",""character-to-radical"",""one-way"",""part-23""]"
zh-traditional-radicals-frequency-xxiii/4525/character-to-radical	XXIII	vocabulary	4525	zh-Hant	zh-Hant	浚	"[""水""]"	[]		"[""zh-Hant.common.2211"",""zh.radical.kangxi.085""]"	[]	[]	sources/characters.tsv	frequency-order position 4525; Ministry common-character number 2211	浚: frequency-order position 4525; absent from frequency corpus; appended in Ministry common-character-list order; Unihan kRSUnicode 85.7; Kangxi radical 85 水; Unihan kRSUnicode single radical assignment.	[]	"[""chinese"",""traditional"",""radicals"",""frequency"",""character-to-radical"",""one-way"",""part-23""]"
zh-traditional-radicals-frequency-xxiii/4526/character-to-radical	XXIII	vocabulary	4526	zh-Hant	zh-Hant	涮	"[""水""]"	[]		"[""zh-Hant.common.2229"",""zh.radical.kangxi.085""]"	[]	[]	sources/characters.tsv	frequency-order position 4526; Ministry common-character number 2229	涮: frequency-order position 4526; absent from frequency corpus; appended in Ministry common-character-list order; Unihan kRSUnicode 85.8; Kangxi radical 85 水; Unihan kRSUnicode single radical assignment.	[]	"[""chinese"",""traditional"",""radicals"",""frequency"",""character-to-radical"",""one-way"",""part-23""]"
zh-traditional-radicals-frequency-xxiii/4527/character-to-radical	XXIII	vocabulary	4527	zh-Hant	zh-Hant	淞	"[""水""]"	[]		"[""zh-Hant.common.2230"",""zh.radical.kangxi.085""]"	[]	[]	sources/characters.tsv	frequency-order position 4527; Ministry common-character number 2230	淞: frequency-order position 4527; absent from frequency corpus; appended in Ministry common-character-list order; Unihan kRSUnicode 85.8; Kangxi radical 85 水; Unihan kRSUnicode single radical assignment.	[]	"[""chinese"",""traditional"",""radicals"",""frequency"",""character-to-radical"",""one-way"",""part-23""]"
zh-traditional-radicals-frequency-xxiii/4528/character-to-radical	XXIII	vocabulary	4528	zh-Hant	zh-Hant	渚	"[""水""]"	[]		"[""zh-Hant.common.2237"",""zh.radical.kangxi.085""]"	[]	[]	sources/characters.tsv	frequency-order position 4528; Ministry common-character number 2237	渚: frequency-order position 4528; absent from frequency corpus; appended in Ministry common-character-list order; Unihan kRSUnicode 85.8; Kangxi radical 85 水; Unihan kRSUnicode single radical assignment.	[]	"[""chinese"",""traditional"",""radicals"",""frequency"",""character-to-radical"",""one-way"",""part-23""]"
zh-traditional-radicals-frequency-xxiii/4529/character-to-radical	XXIII	vocabulary	4529	zh-Hant	zh-Hant	湔	"[""水""]"	[]		"[""zh-Hant.common.2250"",""zh.radical.kangxi.085""]"	[]	[]	sources/characters.tsv	frequency-order position 4529; Ministry common-character number 2250	湔: frequency-order position 4529; absent from frequency corpus; appended in Ministry common-character-list order; Unihan kRSUnicode 85.9; Kangxi radical 85 水; Unihan kRSUnicode single radical assignment.	[]	"[""chinese"",""traditional"",""radicals"",""frequency"",""character-to-radical"",""one-way"",""part-23""]"
zh-traditional-radicals-frequency-xxiii/4530/character-to-radical	XXIII	vocabulary	4530	zh-Hant	zh-Hant	湮	"[""水""]"	[]		"[""zh-Hant.common.2263"",""zh.radical.kangxi.085""]"	[]	[]	sources/characters.tsv	frequency-order position 4530; Ministry common-character number 2263	湮: frequency-order position 4530; absent from frequency corpus; appended in Ministry common-character-list order; Unihan kRSUnicode 85.9; Kangxi radical 85 水; Unihan kRSUnicode single radical assignment.	[]	"[""chinese"",""traditional"",""radicals"",""frequency"",""character-to-radical"",""one-way"",""part-23""]"
zh-traditional-radicals-frequency-xxiii/4531/character-to-radical	XXIII	vocabulary	4531	zh-Hant	zh-Hant	渙	"[""水""]"	[]		"[""zh-Hant.common.2276"",""zh.radical.kangxi.085""]"	[]	[]	sources/characters.tsv	frequency-order position 4531; Ministry common-character number 2276	渙: frequency-order position 4531; absent from frequency corpus; appended in Ministry common-character-list order; Unihan kRSUnicode 85.9; Kangxi radical 85 水; Unihan kRSUnicode single radical assignment.	[]	"[""chinese"",""traditional"",""radicals"",""frequency"",""character-to-radical"",""one-way"",""part-23""]"
zh-traditional-radicals-frequency-xxiii/4532/character-to-radical	XXIII	vocabulary	4532	zh-Hant	zh-Hant	滓	"[""水""]"	[]		"[""zh-Hant.common.2279"",""zh.radical.kangxi.085""]"	[]	[]	sources/characters.tsv	frequency-order position 4532; Ministry common-character number 2279	滓: frequency-order position 4532; absent from frequency corpus; appended in Ministry common-character-list order; Unihan kRSUnicode 85.10; Kangxi radical 85 水; Unihan kRSUnicode single radical assignment.	[]	"[""chinese"",""traditional"",""radicals"",""frequency"",""character-to-radical"",""one-way"",""part-23""]"
zh-traditional-radicals-frequency-xxiii/4533/character-to-radical	XXIII	vocabulary	4533	zh-Hant	zh-Hant	溥	"[""水""]"	[]		"[""zh-Hant.common.2286"",""zh.radical.kangxi.085""]"	[]	[]	sources/characters.tsv	frequency-order position 4533; Ministry common-character number 2286	溥: frequency-order position 4533; absent from frequency corpus; appended in Ministry common-character-list order; Unihan kRSUnicode 85.10; Kangxi radical 85 水; Unihan kRSUnicode single radical assignment.	[]	"[""chinese"",""traditional"",""radicals"",""frequency"",""character-to-radical"",""one-way"",""part-23""]"
zh-traditional-radicals-frequency-xxiii/4534/character-to-radical	XXIII	vocabulary	4534	zh-Hant	zh-Hant	溘	"[""水""]"	[]		"[""zh-Hant.common.2287"",""zh.radical.kangxi.085""]"	[]	[]	sources/characters.tsv	frequency-order position 4534; Ministry common-character number 2287	溘: frequency-order position 4534; absent from frequency corpus; appended in Ministry common-character-list order; Unihan kRSUnicode 85.10; Kangxi radical 85 水; Unihan kRSUnicode single radical assignment.	[]	"[""chinese"",""traditional"",""radicals"",""frequency"",""character-to-radical"",""one-way"",""part-23""]"
zh-traditional-radicals-frequency-xxiii/4535/character-to-radical	XXIII	vocabulary	4535	zh-Hant	zh-Hant	漣	"[""水""]"	[]		"[""zh-Hant.common.2315"",""zh.radical.kangxi.085""]"	[]	[]	sources/characters.tsv	frequency-order position 4535; Ministry common-character number 2315	漣: frequency-order position 4535; absent from frequency corpus; appended in Ministry common-character-list order; Unihan kRSUnicode 85.11; Kangxi radical 85 水; Unihan kRSUnicode single radical assignment.	[]	"[""chinese"",""traditional"",""radicals"",""frequency"",""character-to-radical"",""one-way"",""part-23""]"
zh-traditional-radicals-frequency-xxiii/4536/character-to-radical	XXIII	vocabulary	4536	zh-Hant	zh-Hant	漕	"[""水""]"	[]		"[""zh-Hant.common.2316"",""zh.radical.kangxi.085""]"	[]	[]	sources/characters.tsv	frequency-order position 4536; Ministry common-character number 2316	漕: frequency-order position 4536; absent from frequency corpus; appended in Ministry common-character-list order; Unihan kRSUnicode 85.11; Kangxi radical 85 水; Unihan kRSUnicode single radical assignment.	[]	"[""chinese"",""traditional"",""radicals"",""frequency"",""character-to-radical"",""one-way"",""part-23""]"
zh-traditional-radicals-frequency-xxiii/4537/character-to-radical	XXIII	vocabulary	4537	zh-Hant	zh-Hant	漯	"[""水""]"	[]		"[""zh-Hant.common.2318"",""zh.radical.kangxi.085""]"	[]	[]	sources/characters.tsv	frequency-order position 4537; Ministry common-character number 2318	漯: frequency-order position 4537; absent from frequency corpus; appended in Ministry common-character-list order; Unihan kRSUnicode 85.11; Kangxi radical 85 水; Unihan kRSUnicode single radical assignment.	[]	"[""chinese"",""traditional"",""radicals"",""frequency"",""character-to-radical"",""one-way"",""part-23""]"
zh-traditional-radicals-frequency-xxiii/4538/character-to-radical	XXIII	vocabulary	4538	zh-Hant	zh-Hant	漪	"[""水""]"	[]		"[""zh-Hant.common.2320"",""zh.radical.kangxi.085""]"	[]	[]	sources/characters.tsv	frequency-order position 4538; Ministry common-character number 2320	漪: frequency-order position 4538; absent from frequency corpus; appended in Ministry common-character-list order; Unihan kRSUnicode 85.11; Kangxi radical 85 水; Unihan kRSUnicode single radical assignment.	[]	"[""chinese"",""traditional"",""radicals"",""frequency"",""character-to-radical"",""one-way"",""part-23""]"
zh-traditional-radicals-frequency-xxiii/4539/character-to-radical	XXIII	vocabulary	4539	zh-Hant	zh-Hant	潸	"[""水""]"	[]		"[""zh-Hant.common.2334"",""zh.radical.kangxi.085""]"	[]	[]	sources/characters.tsv	frequency-order position 4539; Ministry common-character number 2334	潸: frequency-order position 4539; absent from frequency corpus; appended in Ministry common-character-list order; Unihan kRSUnicode 85.12; Kangxi radical 85 水; Unihan kRSUnicode single radical assignment.	[]	"[""chinese"",""traditional"",""radicals"",""frequency"",""character-to-radical"",""one-way"",""part-23""]"
zh-traditional-radicals-frequency-xxiii/4540/character-to-radical	XXIII	vocabulary	4540	zh-Hant	zh-Hant	濂	"[""水""]"	[]		"[""zh-Hant.common.2342"",""zh.radical.kangxi.085""]"	[]	[]	sources/characters.tsv	frequency-order position 4540; Ministry common-character number 2342	濂: frequency-order position 4540; absent from frequency corpus; appended in Ministry common-character-list order; Unihan kRSUnicode 85.13; Kangxi radical 85 水; Unihan kRSUnicode single radical assignment.	[]	"[""chinese"",""traditional"",""radicals"",""frequency"",""character-to-radical"",""one-way"",""part-23""]"
zh-traditional-radicals-frequency-xxiii/4541/character-to-radical	XXIII	vocabulary	4541	zh-Hant	zh-Hant	澧	"[""水""]"	[]		"[""zh-Hant.common.2348"",""zh.radical.kangxi.085""]"	[]	[]	sources/characters.tsv	frequency-order position 4541; Ministry common-character number 2348	澧: frequency-order position 4541; absent from frequency corpus; appended in Ministry common-character-list order; Unihan kRSUnicode 85.13; Kangxi radical 85 水; Unihan kRSUnicode single radical assignment.	[]	"[""chinese"",""traditional"",""radicals"",""frequency"",""character-to-radical"",""one-way"",""part-23""]"
zh-traditional-radicals-frequency-xxiii/4542/character-to-radical	XXIII	vocabulary	4542	zh-Hant	zh-Hant	澹	"[""水""]"	[]		"[""zh-Hant.common.2351"",""zh.radical.kangxi.085""]"	[]	[]	sources/characters.tsv	frequency-order position 4542; Ministry common-character number 2351	澹: frequency-order position 4542; absent from frequency corpus; appended in Ministry common-character-list order; Unihan kRSUnicode 85.13; Kangxi radical 85 水; Unihan kRSUnicode single radical assignment.	[]	"[""chinese"",""traditional"",""radicals"",""frequency"",""character-to-radical"",""one-way"",""part-23""]"
zh-traditional-radicals-frequency-xxiii/4543/character-to-radical	XXIII	vocabulary	4543	zh-Hant	zh-Hant	濯	"[""水""]"	[]		"[""zh-Hant.common.2359"",""zh.radical.kangxi.085""]"	[]	[]	sources/characters.tsv	frequency-order position 4543; Ministry common-character number 2359	濯: frequency-order position 4543; absent from frequency corpus; appended in Ministry common-character-list order; Unihan kRSUnicode 85.14; Kangxi radical 85 水; Unihan kRSUnicode single radical assignment.	[]	"[""chinese"",""traditional"",""radicals"",""frequency"",""character-to-radical"",""one-way"",""part-23""]"
zh-traditional-radicals-frequency-xxiii/4544/character-to-radical	XXIII	vocabulary	4544	zh-Hant	zh-Hant	濡	"[""水""]"	[]		"[""zh-Hant.common.2362"",""zh.radical.kangxi.085""]"	[]	[]	sources/characters.tsv	frequency-order position 4544; Ministry common-character number 2362	濡: frequency-order position 4544; absent from frequency corpus; appended in Ministry common-character-list order; Unihan kRSUnicode 85.14; Kangxi radical 85 水; Unihan kRSUnicode single radical assignment.	[]	"[""chinese"",""traditional"",""radicals"",""frequency"",""character-to-radical"",""one-way"",""part-23""]"
zh-traditional-radicals-frequency-xxiii/4545/character-to-radical	XXIII	vocabulary	4545	zh-Hant	zh-Hant	瀨	"[""水""]"	[]		"[""zh-Hant.common.2372"",""zh.radical.kangxi.085""]"	[]	[]	sources/characters.tsv	frequency-order position 4545; Ministry common-character number 2372	瀨: frequency-order position 4545; absent from frequency corpus; appended in Ministry common-character-list order; Unihan kRSUnicode 85.16; Kangxi radical 85 水; Unihan kRSUnicode single radical assignment.	[]	"[""chinese"",""traditional"",""radicals"",""frequency"",""character-to-radical"",""one-way"",""part-23""]"
zh-traditional-radicals-frequency-xxiii/4546/character-to-radical	XXIII	vocabulary	4546	zh-Hant	zh-Hant	灤	"[""水""]"	[]		"[""zh-Hant.common.2382"",""zh.radical.kangxi.085""]"	[]	[]	sources/characters.tsv	frequency-order position 4546; Ministry common-character number 2382	灤: frequency-order position 4546; absent from frequency corpus; appended in Ministry common-character-list order; Unihan kRSUnicode 85.23; Kangxi radical 85 水; Unihan kRSUnicode single radical assignment.	[]	"[""chinese"",""traditional"",""radicals"",""frequency"",""character-to-radical"",""one-way"",""part-23""]"
zh-traditional-radicals-frequency-xxiii/4547/character-to-radical	XXIII	vocabulary	4547	zh-Hant	zh-Hant	炕	"[""火""]"	[]		"[""zh-Hant.common.2389"",""zh.radical.kangxi.086""]"	[]	[]	sources/characters.tsv	frequency-order position 4547; Ministry common-character number 2389	炕: frequency-order position 4547; absent from frequency corpus; appended in Ministry common-character-list order; Unihan kRSUnicode 86.4; Kangxi radical 86 火; Unihan kRSUnicode single radical assignment.	[]	"[""chinese"",""traditional"",""radicals"",""frequency"",""character-to-radical"",""one-way"",""part-23""]"
zh-traditional-radicals-frequency-xxiii/4548/character-to-radical	XXIII	vocabulary	4548	zh-Hant	zh-Hant	烙	"[""火""]"	[]		"[""zh-Hant.common.2405"",""zh.radical.kangxi.086""]"	[]	[]	sources/characters.tsv	frequency-order position 4548; Ministry common-character number 2405	烙: frequency-order position 4548; absent from frequency corpus; appended in Ministry common-character-list order; Unihan kRSUnicode 86.6; Kangxi radical 86 火; Unihan kRSUnicode single radical assignment.	[]	"[""chinese"",""traditional"",""radicals"",""frequency"",""character-to-radical"",""one-way"",""part-23""]"
zh-traditional-radicals-frequency-xxiii/4549/character-to-radical	XXIII	vocabulary	4549	zh-Hant	zh-Hant	煬	"[""火""]"	[]		"[""zh-Hant.common.2426"",""zh.radical.kangxi.086""]"	[]	[]	sources/characters.tsv	frequency-order position 4549; Ministry common-character number 2426	煬: frequency-order position 4549; absent from frequency corpus; appended in Ministry common-character-list order; Unihan kRSUnicode 86.9; Kangxi radical 86 火; Unihan kRSUnicode single radical assignment.	[]	"[""chinese"",""traditional"",""radicals"",""frequency"",""character-to-radical"",""one-way"",""part-23""]"
zh-traditional-radicals-frequency-xxiii/4550/character-to-radical	XXIII	vocabulary	4550	zh-Hant	zh-Hant	燐	"[""火""]"	[]		"[""zh-Hant.common.2442"",""zh.radical.kangxi.086""]"	[]	[]	sources/characters.tsv	frequency-order position 4550; Ministry common-character number 2442	燐: frequency-order position 4550; absent from frequency corpus; appended in Ministry common-character-list order; Unihan kRSUnicode 86.12; Kangxi radical 86 火; Unihan kRSUnicode single radical assignment.	[]	"[""chinese"",""traditional"",""radicals"",""frequency"",""character-to-radical"",""one-way"",""part-23""]"
zh-traditional-radicals-frequency-xxiii/4551/character-to-radical	XXIII	vocabulary	4551	zh-Hant	zh-Hant	熹	"[""火""]"	[]		"[""zh-Hant.common.2446"",""zh.radical.kangxi.086""]"	[]	[]	sources/characters.tsv	frequency-order position 4551; Ministry common-character number 2446	熹: frequency-order position 4551; absent from frequency corpus; appended in Ministry common-character-list order; Unihan kRSUnicode 86.12; Kangxi radical 86 火; Unihan kRSUnicode single radical assignment.	[]	"[""chinese"",""traditional"",""radicals"",""frequency"",""character-to-radical"",""one-way"",""part-23""]"
zh-traditional-radicals-frequency-xxiii/4552/character-to-radical	XXIII	vocabulary	4552	zh-Hant	zh-Hant	燎	"[""火""]"	[]		"[""zh-Hant.common.2447"",""zh.radical.kangxi.086""]"	[]	[]	sources/characters.tsv	frequency-order position 4552; Ministry common-character number 2447	燎: frequency-order position 4552; absent from frequency corpus; appended in Ministry common-character-list order; Unihan kRSUnicode 86.12; Kangxi radical 86 火; Unihan kRSUnicode single radical assignment.	[]	"[""chinese"",""traditional"",""radicals"",""frequency"",""character-to-radical"",""one-way"",""part-23""]"
zh-traditional-radicals-frequency-xxiii/4553/character-to-radical	XXIII	vocabulary	4553	zh-Hant	zh-Hant	燜	"[""火""]"	[]		"[""zh-Hant.common.2449"",""zh.radical.kangxi.086""]"	[]	[]	sources/characters.tsv	frequency-order position 4553; Ministry common-character number 2449	燜: frequency-order position 4553; absent from frequency corpus; appended in Ministry common-character-list order; Unihan kRSUnicode 86.12; Kangxi radical 86 火; Unihan kRSUnicode single radical assignment.	[]	"[""chinese"",""traditional"",""radicals"",""frequency"",""character-to-radical"",""one-way"",""part-23""]"
zh-traditional-radicals-frequency-xxiii/4554/character-to-radical	XXIII	vocabulary	4554	zh-Hant	zh-Hant	燧	"[""火""]"	[]		"[""zh-Hant.common.2452"",""zh.radical.kangxi.086""]"	[]	[]	sources/characters.tsv	frequency-order position 4554; Ministry common-character number 2452	燧: frequency-order position 4554; absent from frequency corpus; appended in Ministry common-character-list order; Unihan kRSUnicode 86.13; Kangxi radical 86 火; Unihan kRSUnicode single radical assignment.	[]	"[""chinese"",""traditional"",""radicals"",""frequency"",""character-to-radical"",""one-way"",""part-23""]"
zh-traditional-radicals-frequency-xxiii/4555/character-to-radical	XXIII	vocabulary	4555	zh-Hant	zh-Hant	燮	"[""火""]"	[]		"[""zh-Hant.common.2454"",""zh.radical.kangxi.086""]"	[]	[]	sources/characters.tsv	frequency-order position 4555; Ministry common-character number 2454	燮: frequency-order position 4555; absent from frequency corpus; appended in Ministry common-character-list order; Unihan kRSUnicode 86.13; Kangxi radical 86 火; Unihan kRSUnicode single radical assignment.	[]	"[""chinese"",""traditional"",""radicals"",""frequency"",""character-to-radical"",""one-way"",""part-23""]"
zh-traditional-radicals-frequency-xxiii/4556/character-to-radical	XXIII	vocabulary	4556	zh-Hant	zh-Hant	燴	"[""火""]"	[]		"[""zh-Hant.common.2459"",""zh.radical.kangxi.086""]"	[]	[]	sources/characters.tsv	frequency-order position 4556; Ministry common-character number 2459	燴: frequency-order position 4556; absent from frequency corpus; appended in Ministry common-character-list order; Unihan kRSUnicode 86.13; Kangxi radical 86 火; Unihan kRSUnicode single radical assignment.	[]	"[""chinese"",""traditional"",""radicals"",""frequency"",""character-to-radical"",""one-way"",""part-23""]"
zh-traditional-radicals-frequency-xxiii/4557/character-to-radical	XXIII	vocabulary	4557	zh-Hant	zh-Hant	爨	"[""火""]"	[]		"[""zh-Hant.common.2465"",""zh.radical.kangxi.086""]"	[]	[]	sources/characters.tsv	frequency-order position 4557; Ministry common-character number 2465	爨: frequency-order position 4557; absent from frequency corpus; appended in Ministry common-character-list order; Unihan kRSUnicode 86.25; Kangxi radical 86 火; Unihan kRSUnicode single radical assignment.	[]	"[""chinese"",""traditional"",""radicals"",""frequency"",""character-to-radical"",""one-way"",""part-23""]"
zh-traditional-radicals-frequency-xxiii/4558/character-to-radical	XXIII	vocabulary	4558	zh-Hant	zh-Hant	爰	"[""爪""]"	[]		"[""zh-Hant.common.2469"",""zh.radical.kangxi.087""]"	[]	[]	sources/characters.tsv	frequency-order position 4558; Ministry common-character number 2469	爰: frequency-order position 4558; absent from frequency corpus; appended in Ministry common-character-list order; Unihan kRSUnicode 87.5; Kangxi radical 87 爪; Unihan kRSUnicode single radical assignment.	[]	"[""chinese"",""traditional"",""radicals"",""frequency"",""character-to-radical"",""one-way"",""part-23""]"
zh-traditional-radicals-frequency-xxiii/4559/character-to-radical	XXIII	vocabulary	4559	zh-Hant	zh-Hant	爻	"[""爻""]"	[]		"[""zh-Hant.common.2475"",""zh.radical.kangxi.089""]"	[]	[]	sources/characters.tsv	frequency-order position 4559; Ministry common-character number 2475	爻: frequency-order position 4559; absent from frequency corpus; appended in Ministry common-character-list order; Unihan kRSUnicode 89.0; Kangxi radical 89 爻; Unihan kRSUnicode single radical assignment.	[]	"[""chinese"",""traditional"",""radicals"",""frequency"",""character-to-radical"",""one-way"",""part-23""]"
zh-traditional-radicals-frequency-xxiii/4560/character-to-radical	XXIII	vocabulary	4560	zh-Hant	zh-Hant	牒	"[""片""]"	[]		"[""zh-Hant.common.2482"",""zh.radical.kangxi.091""]"	[]	[]	sources/characters.tsv	frequency-order position 4560; Ministry common-character number 2482	牒: frequency-order position 4560; absent from frequency corpus; appended in Ministry common-character-list order; Unihan kRSUnicode 91.9; Kangxi radical 91 片; Unihan kRSUnicode single radical assignment.	[]	"[""chinese"",""traditional"",""radicals"",""frequency"",""character-to-radical"",""one-way"",""part-23""]"
zh-traditional-radicals-frequency-xxiii/4561/character-to-radical	XXIII	vocabulary	4561	zh-Hant	zh-Hant	牖	"[""片""]"	[]		"[""zh-Hant.common.2483"",""zh.radical.kangxi.091""]"	[]	[]	sources/characters.tsv	frequency-order position 4561; Ministry common-character number 2483	牖: frequency-order position 4561; absent from frequency corpus; appended in Ministry common-character-list order; Unihan kRSUnicode 91.11; Kangxi radical 91 片; Unihan kRSUnicode single radical assignment.	[]	"[""chinese"",""traditional"",""radicals"",""frequency"",""character-to-radical"",""one-way"",""part-23""]"
zh-traditional-radicals-frequency-xxiii/4562/character-to-radical	XXIII	vocabulary	4562	zh-Hant	zh-Hant	牘	"[""片""]"	[]		"[""zh-Hant.common.2484"",""zh.radical.kangxi.091""]"	[]	[]	sources/characters.tsv	frequency-order position 4562; Ministry common-character number 2484	牘: frequency-order position 4562; absent from frequency corpus; appended in Ministry common-character-list order; Unihan kRSUnicode 91.15; Kangxi radical 91 片; Unihan kRSUnicode single radical assignment.	[]	"[""chinese"",""traditional"",""radicals"",""frequency"",""character-to-radical"",""one-way"",""part-23""]"
zh-traditional-radicals-frequency-xxiii/4563/character-to-radical	XXIII	vocabulary	4563	zh-Hant	zh-Hant	牝	"[""牛""]"	[]		"[""zh-Hant.common.2488"",""zh.radical.kangxi.093""]"	[]	[]	sources/characters.tsv	frequency-order position 4563; Ministry common-character number 2488	牝: frequency-order position 4563; absent from frequency corpus; appended in Ministry common-character-list order; Unihan kRSUnicode 93.2; Kangxi radical 93 牛; Unihan kRSUnicode single radical assignment.	[]	"[""chinese"",""traditional"",""radicals"",""frequency"",""character-to-radical"",""one-way"",""part-23""]"
zh-traditional-radicals-frequency-xxiii/4564/character-to-radical	XXIII	vocabulary	4564	zh-Hant	zh-Hant	牯	"[""牛""]"	[]		"[""zh-Hant.common.2495"",""zh.radical.kangxi.093""]"	[]	[]	sources/characters.tsv	frequency-order position 4564; Ministry common-character number 2495	牯: frequency-order position 4564; absent from frequency corpus; appended in Ministry common-character-list order; Unihan kRSUnicode 93.5; Kangxi radical 93 牛; Unihan kRSUnicode single radical assignment.	[]	"[""chinese"",""traditional"",""radicals"",""frequency"",""character-to-radical"",""one-way"",""part-23""]"
zh-traditional-radicals-frequency-xxiii/4565/character-to-radical	XXIII	vocabulary	4565	zh-Hant	zh-Hant	犖	"[""牛""]"	[]		"[""zh-Hant.common.2503"",""zh.radical.kangxi.093""]"	[]	[]	sources/characters.tsv	frequency-order position 4565; Ministry common-character number 2503	犖: frequency-order position 4565; absent from frequency corpus; appended in Ministry common-character-list order; Unihan kRSUnicode 93.10; Kangxi radical 93 牛; Unihan kRSUnicode single radical assignment.	[]	"[""chinese"",""traditional"",""radicals"",""frequency"",""character-to-radical"",""one-way"",""part-23""]"
zh-traditional-radicals-frequency-xxiii/4566/character-to-radical	XXIII	vocabulary	4566	zh-Hant	zh-Hant	狎	"[""犬""]"	[]		"[""zh-Hant.common.2512"",""zh.radical.kangxi.094""]"	[]	[]	sources/characters.tsv	frequency-order position 4566; Ministry common-character number 2512	狎: frequency-order position 4566; absent from frequency corpus; appended in Ministry common-character-list order; Unihan kRSUnicode 94.5; Kangxi radical 94 犬; Unihan kRSUnicode single radical assignment.	[]	"[""chinese"",""traditional"",""radicals"",""frequency"",""character-to-radical"",""one-way"",""part-23""]"
zh-traditional-radicals-frequency-xxiii/4567/character-to-radical	XXIII	vocabulary	4567	zh-Hant	zh-Hant	狙	"[""犬""]"	[]		"[""zh-Hant.common.2513"",""zh.radical.kangxi.094""]"	[]	[]	sources/characters.tsv	frequency-order position 4567; Ministry common-character number 2513	狙: frequency-order position 4567; absent from frequency corpus; appended in Ministry common-character-list order; Unihan kRSUnicode 94.5; Kangxi radical 94 犬; Unihan kRSUnicode single radical assignment.	[]	"[""chinese"",""traditional"",""radicals"",""frequency"",""character-to-radical"",""one-way"",""part-23""]"
zh-traditional-radicals-frequency-xxiii/4568/character-to-radical	XXIII	vocabulary	4568	zh-Hant	zh-Hant	猓	"[""犬""]"	[]		"[""zh-Hant.common.2527"",""zh.radical.kangxi.094""]"	[]	[]	sources/characters.tsv	frequency-order position 4568; Ministry common-character number 2527	猓: frequency-order position 4568; absent from frequency corpus; appended in Ministry common-character-list order; Unihan kRSUnicode 94.8; Kangxi radical 94 犬; Unihan kRSUnicode single radical assignment.	[]	"[""chinese"",""traditional"",""radicals"",""frequency"",""character-to-radical"",""one-way"",""part-23""]"
zh-traditional-radicals-frequency-xxiii/4569/character-to-radical	XXIII	vocabulary	4569	zh-Hant	zh-Hant	猥	"[""犬""]"	[]		"[""zh-Hant.common.2530"",""zh.radical.kangxi.094""]"	[]	[]	sources/characters.tsv	frequency-order position 4569; Ministry common-character number 2530	猥: frequency-order position 4569; absent from frequency corpus; appended in Ministry common-character-list order; Unihan kRSUnicode 94.9; Kangxi radical 94 犬; Unihan kRSUnicode single radical assignment.	[]	"[""chinese"",""traditional"",""radicals"",""frequency"",""character-to-radical"",""one-way"",""part-23""]"
zh-traditional-radicals-frequency-xxiii/4570/character-to-radical	XXIII	vocabulary	4570	zh-Hant	zh-Hant	猷	"[""犬""]"	[]		"[""zh-Hant.common.2533"",""zh.radical.kangxi.094""]"	[]	[]	sources/characters.tsv	frequency-order position 4570; Ministry common-character number 2533	猷: frequency-order position 4570; absent from frequency corpus; appended in Ministry common-character-list order; Unihan kRSUnicode 94.9; Kangxi radical 94 犬; Unihan kRSUnicode single radical assignment.	[]	"[""chinese"",""traditional"",""radicals"",""frequency"",""character-to-radical"",""one-way"",""part-23""]"
zh-traditional-radicals-frequency-xxiii/4571/character-to-radical	XXIII	vocabulary	4571	zh-Hant	zh-Hant	獐	"[""犬""]"	[]		"[""zh-Hant.common.2538"",""zh.radical.kangxi.094""]"	[]	[]	sources/characters.tsv	frequency-order position 4571; Ministry common-character number 2538	獐: frequency-order position 4571; absent from frequency corpus; appended in Ministry common-character-list order; Unihan kRSUnicode 94.11; Kangxi radical 94 犬; Unihan kRSUnicode single radical assignment.	[]	"[""chinese"",""traditional"",""radicals"",""frequency"",""character-to-radical"",""one-way"",""part-23""]"
zh-traditional-radicals-frequency-xxiii/4572/character-to-radical	XXIII	vocabulary	4572	zh-Hant	zh-Hant	玀	"[""犬""]"	[]		"[""zh-Hant.common.2549"",""zh.radical.kangxi.094""]"	[]	[]	sources/characters.tsv	frequency-order position 4572; Ministry common-character number 2549	玀: frequency-order position 4572; absent from frequency corpus; appended in Ministry common-character-list order; Unihan kRSUnicode 94.19; Kangxi radical 94 犬; Unihan kRSUnicode single radical assignment.	[]	"[""chinese"",""traditional"",""radicals"",""frequency"",""character-to-radical"",""one-way"",""part-23""]"
zh-traditional-radicals-frequency-xxiii/4573/character-to-radical	XXIII	vocabulary	4573	zh-Hant	zh-Hant	玨	"[""玉""]"	[]		"[""zh-Hant.common.2556"",""zh.radical.kangxi.096""]"	[]	[]	sources/characters.tsv	frequency-order position 4573; Ministry common-character number 2556	玨: frequency-order position 4573; absent from frequency corpus; appended in Ministry common-character-list order; Unihan kRSUnicode 96.4; Kangxi radical 96 玉; Unihan kRSUnicode single radical assignment.	[]	"[""chinese"",""traditional"",""radicals"",""frequency"",""character-to-radical"",""one-way"",""part-23""]"
zh-traditional-radicals-frequency-xxiii/4574/character-to-radical	XXIII	vocabulary	4574	zh-Hant	zh-Hant	琊	"[""玉""]"	[]		"[""zh-Hant.common.2571"",""zh.radical.kangxi.096""]"	[]	[]	sources/characters.tsv	frequency-order position 4574; Ministry common-character number 2571	琊: frequency-order position 4574; absent from frequency corpus; appended in Ministry common-character-list order; Unihan kRSUnicode 96.7; Kangxi radical 96 玉; Unihan kRSUnicode single radical assignment.	[]	"[""chinese"",""traditional"",""radicals"",""frequency"",""character-to-radical"",""one-way"",""part-23""]"
zh-traditional-radicals-frequency-xxiii/4575/character-to-radical	XXIII	vocabulary	4575	zh-Hant	zh-Hant	璩	"[""玉""]"	[]		"[""zh-Hant.common.2603"",""zh.radical.kangxi.096""]"	[]	[]	sources/characters.tsv	frequency-order position 4575; Ministry common-character number 2603	璩: frequency-order position 4575; absent from frequency corpus; appended in Ministry common-character-list order; Unihan kRSUnicode 96.13; Kangxi radical 96 玉; Unihan kRSUnicode single radical assignment.	[]	"[""chinese"",""traditional"",""radicals"",""frequency"",""character-to-radical"",""one-way"",""part-23""]"
zh-traditional-radicals-frequency-xxiii/4576/character-to-radical	XXIII	vocabulary	4576	zh-Hant	zh-Hant	甌	"[""瓦""]"	[]		"[""zh-Hant.common.2618"",""zh.radical.kangxi.098""]"	[]	[]	sources/characters.tsv	frequency-order position 4576; Ministry common-character number 2618	甌: frequency-order position 4576; absent from frequency corpus; appended in Ministry common-character-list order; Unihan kRSUnicode 98.11; Kangxi radical 98 瓦; Unihan kRSUnicode single radical assignment.	[]	"[""chinese"",""traditional"",""radicals"",""frequency"",""character-to-radical"",""one-way"",""part-23""]"
zh-traditional-radicals-frequency-xxiii/4577/character-to-radical	XXIII	vocabulary	4577	zh-Hant	zh-Hant	甽	"[""田""]"	[]		"[""zh-Hant.common.2638"",""zh.radical.kangxi.102""]"	[]	[]	sources/characters.tsv	frequency-order position 4577; Ministry common-character number 2638	甽: frequency-order position 4577; absent from frequency corpus; appended in Ministry common-character-list order; Unihan kRSUnicode 102.3; Kangxi radical 102 田; Unihan kRSUnicode single radical assignment.	[]	"[""chinese"",""traditional"",""radicals"",""frequency"",""character-to-radical"",""one-way"",""part-23""]"
zh-traditional-radicals-frequency-xxiii/4578/character-to-radical	XXIII	vocabulary	4578	zh-Hant	zh-Hant	畸	"[""田""]"	[]		"[""zh-Hant.common.2653"",""zh.radical.kangxi.102""]"	[]	[]	sources/characters.tsv	frequency-order position 4578; Ministry common-character number 2653	畸: frequency-order position 4578; absent from frequency corpus; appended in Ministry common-character-list order; Unihan kRSUnicode 102.8; Kangxi radical 102 田; Unihan kRSUnicode single radical assignment.	[]	"[""chinese"",""traditional"",""radicals"",""frequency"",""character-to-radical"",""one-way"",""part-23""]"
zh-traditional-radicals-frequency-xxiii/4579/character-to-radical	XXIII	vocabulary	4579	zh-Hant	zh-Hant	疝	"[""疒""]"	[]		"[""zh-Hant.common.2660"",""zh.radical.kangxi.104""]"	[]	[]	sources/characters.tsv	frequency-order position 4579; Ministry common-character number 2660	疝: frequency-order position 4579; absent from frequency corpus; appended in Ministry common-character-list order; Unihan kRSUnicode 104.3; Kangxi radical 104 疒; Unihan kRSUnicode single radical assignment.	[]	"[""chinese"",""traditional"",""radicals"",""frequency"",""character-to-radical"",""one-way"",""part-23""]"
zh-traditional-radicals-frequency-xxiii/4580/character-to-radical	XXIII	vocabulary	4580	zh-Hant	zh-Hant	疥	"[""疒""]"	[]		"[""zh-Hant.common.2665"",""zh.radical.kangxi.104""]"	[]	[]	sources/characters.tsv	frequency-order position 4580; Ministry common-character number 2665	疥: frequency-order position 4580; absent from frequency corpus; appended in Ministry common-character-list order; Unihan kRSUnicode 104.4; Kangxi radical 104 疒; Unihan kRSUnicode single radical assignment.	[]	"[""chinese"",""traditional"",""radicals"",""frequency"",""character-to-radical"",""one-way"",""part-23""]"
zh-traditional-radicals-frequency-xxiii/4581/character-to-radical	XXIII	vocabulary	4581	zh-Hant	zh-Hant	疳	"[""疒""]"	[]		"[""zh-Hant.common.2670"",""zh.radical.kangxi.104""]"	[]	[]	sources/characters.tsv	frequency-order position 4581; Ministry common-character number 2670	疳: frequency-order position 4581; absent from frequency corpus; appended in Ministry common-character-list order; Unihan kRSUnicode 104.5; Kangxi radical 104 疒; Unihan kRSUnicode single radical assignment.	[]	"[""chinese"",""traditional"",""radicals"",""frequency"",""character-to-radical"",""one-way"",""part-23""]"
zh-traditional-radicals-frequency-xxiii/4582/character-to-radical	XXIII	vocabulary	4582	zh-Hant	zh-Hant	疽	"[""疒""]"	[]		"[""zh-Hant.common.2671"",""zh.radical.kangxi.104""]"	[]	[]	sources/characters.tsv	frequency-order position 4582; Ministry common-character number 2671	疽: frequency-order position 4582; absent from frequency corpus; appended in Ministry common-character-list order; Unihan kRSUnicode 104.5; Kangxi radical 104 疒; Unihan kRSUnicode single radical assignment.	[]	"[""chinese"",""traditional"",""radicals"",""frequency"",""character-to-radical"",""one-way"",""part-23""]"
zh-traditional-radicals-frequency-xxiii/4583/character-to-radical	XXIII	vocabulary	4583	zh-Hant	zh-Hant	痔	"[""疒""]"	[]		"[""zh-Hant.common.2675"",""zh.radical.kangxi.104""]"	[]	[]	sources/characters.tsv	frequency-order position 4583; Ministry common-character number 2675	痔: frequency-order position 4583; absent from frequency corpus; appended in Ministry common-character-list order; Unihan kRSUnicode 104.6; Kangxi radical 104 疒; Unihan kRSUnicode single radical assignment.	[]	"[""chinese"",""traditional"",""radicals"",""frequency"",""character-to-radical"",""one-way"",""part-23""]"
zh-traditional-radicals-frequency-xxiii/4584/character-to-radical	XXIII	vocabulary	4584	zh-Hant	zh-Hant	痞	"[""疒""]"	[]		"[""zh-Hant.common.2683"",""zh.radical.kangxi.104""]"	[]	[]	sources/characters.tsv	frequency-order position 4584; Ministry common-character number 2683	痞: frequency-order position 4584; absent from frequency corpus; appended in Ministry common-character-list order; Unihan kRSUnicode 104.7; Kangxi radical 104 疒; Unihan kRSUnicode single radical assignment.	[]	"[""chinese"",""traditional"",""radicals"",""frequency"",""character-to-radical"",""one-way"",""part-23""]"
zh-traditional-radicals-frequency-xxiii/4585/character-to-radical	XXIII	vocabulary	4585	zh-Hant	zh-Hant	痲	"[""疒""]"	[]		"[""zh-Hant.common.2687"",""zh.radical.kangxi.104""]"	[]	[]	sources/characters.tsv	frequency-order position 4585; Ministry common-character number 2687	痲: frequency-order position 4585; absent from frequency corpus; appended in Ministry common-character-list order; Unihan kRSUnicode 104.8; Kangxi radical 104 疒; Unihan kRSUnicode single radical assignment.	[]	"[""chinese"",""traditional"",""radicals"",""frequency"",""character-to-radical"",""one-way"",""part-23""]"
zh-traditional-radicals-frequency-xxiii/4586/character-to-radical	XXIII	vocabulary	4586	zh-Hant	zh-Hant	痱	"[""疒""]"	[]		"[""zh-Hant.common.2688"",""zh.radical.kangxi.104""]"	[]	[]	sources/characters.tsv	frequency-order position 4586; Ministry common-character number 2688	痱: frequency-order position 4586; absent from frequency corpus; appended in Ministry common-character-list order; Unihan kRSUnicode 104.8; Kangxi radical 104 疒; Unihan kRSUnicode single radical assignment.	[]	"[""chinese"",""traditional"",""radicals"",""frequency"",""character-to-radical"",""one-way"",""part-23""]"
zh-traditional-radicals-frequency-xxiii/4587/character-to-radical	XXIII	vocabulary	4587	zh-Hant	zh-Hant	痿	"[""疒""]"	[]		"[""zh-Hant.common.2690"",""zh.radical.kangxi.104""]"	[]	[]	sources/characters.tsv	frequency-order position 4587; Ministry common-character number 2690	痿: frequency-order position 4587; absent from frequency corpus; appended in Ministry common-character-list order; Unihan kRSUnicode 104.8; Kangxi radical 104 疒; Unihan kRSUnicode single radical assignment.	[]	"[""chinese"",""traditional"",""radicals"",""frequency"",""character-to-radical"",""one-way"",""part-23""]"
zh-traditional-radicals-frequency-xxiii/4588/character-to-radical	XXIII	vocabulary	4588	zh-Hant	zh-Hant	瘉	"[""疒""]"	[]		"[""zh-Hant.common.2695"",""zh.radical.kangxi.104""]"	[]	[]	sources/characters.tsv	frequency-order position 4588; Ministry common-character number 2695	瘉: frequency-order position 4588; absent from frequency corpus; appended in Ministry common-character-list order; Unihan kRSUnicode 104.9; Kangxi radical 104 疒; Unihan kRSUnicode single radical assignment.	[]	"[""chinese"",""traditional"",""radicals"",""frequency"",""character-to-radical"",""one-way"",""part-23""]"
zh-traditional-radicals-frequency-xxiii/4589/character-to-radical	XXIII	vocabulary	4589	zh-Hant	zh-Hant	瘓	"[""疒""]"	[]		"[""zh-Hant.common.2696"",""zh.radical.kangxi.104""]"	[]	[]	sources/characters.tsv	frequency-order position 4589; Ministry common-character number 2696	瘓: frequency-order position 4589; absent from frequency corpus; appended in Ministry common-character-list order; Unihan kRSUnicode 104.9; Kangxi radical 104 疒; Unihan kRSUnicode single radical assignment.	[]	"[""chinese"",""traditional"",""radicals"",""frequency"",""character-to-radical"",""one-way"",""part-23""]"
zh-traditional-radicals-frequency-xxiii/4590/character-to-radical	XXIII	vocabulary	4590	zh-Hant	zh-Hant	癥	"[""疒""]"	[]		"[""zh-Hant.common.2712"",""zh.radical.kangxi.104""]"	[]	[]	sources/characters.tsv	frequency-order position 4590; Ministry common-character number 2712	癥: frequency-order position 4590; absent from frequency corpus; appended in Ministry common-character-list order; Unihan kRSUnicode 104.15; Kangxi radical 104 疒; Unihan kRSUnicode single radical assignment.	[]	"[""chinese"",""traditional"",""radicals"",""frequency"",""character-to-radical"",""one-way"",""part-23""]"
zh-traditional-radicals-frequency-xxiii/4591/character-to-radical	XXIII	vocabulary	4591	zh-Hant	zh-Hant	癬	"[""疒""]"	[]		"[""zh-Hant.common.2715"",""zh.radical.kangxi.104""]"	[]	[]	sources/characters.tsv	frequency-order position 4591; Ministry common-character number 2715	癬: frequency-order position 4591; absent from frequency corpus; appended in Ministry common-character-list order; Unihan kRSUnicode 104.17; Kangxi radical 104 疒; Unihan kRSUnicode single radical assignment.	[]	"[""chinese"",""traditional"",""radicals"",""frequency"",""character-to-radical"",""one-way"",""part-23""]"
zh-traditional-radicals-frequency-xxiii/4592/character-to-radical	XXIII	vocabulary	4592	zh-Hant	zh-Hant	皈	"[""白""]"	[]		"[""zh-Hant.common.2727"",""zh.radical.kangxi.106""]"	[]	[]	sources/characters.tsv	frequency-order position 4592; Ministry common-character number 2727	皈: frequency-order position 4592; absent from frequency corpus; appended in Ministry common-character-list order; Unihan kRSUnicode 106.4; Kangxi radical 106 白; Unihan kRSUnicode single radical assignment.	[]	"[""chinese"",""traditional"",""radicals"",""frequency"",""character-to-radical"",""one-way"",""part-23""]"
zh-traditional-radicals-frequency-xxiii/4593/character-to-radical	XXIII	vocabulary	4593	zh-Hant	zh-Hant	皖	"[""白""]"	[]		"[""zh-Hant.common.2729"",""zh.radical.kangxi.106""]"	[]	[]	sources/characters.tsv	frequency-order position 4593; Ministry common-character number 2729	皖: frequency-order position 4593; absent from frequency corpus; appended in Ministry common-character-list order; Unihan kRSUnicode 106.7; Kangxi radical 106 白; Unihan kRSUnicode single radical assignment.	[]	"[""chinese"",""traditional"",""radicals"",""frequency"",""character-to-radical"",""one-way"",""part-23""]"
zh-traditional-radicals-frequency-xxiii/4594/character-to-radical	XXIII	vocabulary	4594	zh-Hant	zh-Hant	皰	"[""皮""]"	[]		"[""zh-Hant.common.2733"",""zh.radical.kangxi.107""]"	[]	[]	sources/characters.tsv	frequency-order position 4594; Ministry common-character number 2733	皰: frequency-order position 4594; absent from frequency corpus; appended in Ministry common-character-list order; Unihan kRSUnicode 107.5; Kangxi radical 107 皮; Unihan kRSUnicode single radical assignment.	[]	"[""chinese"",""traditional"",""radicals"",""frequency"",""character-to-radical"",""one-way"",""part-23""]"
zh-traditional-radicals-frequency-xxiii/4595/character-to-radical	XXIII	vocabulary	4595	zh-Hant	zh-Hant	盃	"[""皿""]"	[]		"[""zh-Hant.common.2740"",""zh.radical.kangxi.108""]"	[]	[]	sources/characters.tsv	frequency-order position 4595; Ministry common-character number 2740	盃: frequency-order position 4595; absent from frequency corpus; appended in Ministry common-character-list order; Unihan kRSUnicode 108.4; Kangxi radical 108 皿; Unihan kRSUnicode single radical assignment.	[]	"[""chinese"",""traditional"",""radicals"",""frequency"",""character-to-radical"",""one-way"",""part-23""]"
zh-traditional-radicals-frequency-xxiii/4596/character-to-radical	XXIII	vocabulary	4596	zh-Hant	zh-Hant	盍	"[""皿""]"	[]		"[""zh-Hant.common.2742"",""zh.radical.kangxi.108""]"	[]	[]	sources/characters.tsv	frequency-order position 4596; Ministry common-character number 2742	盍: frequency-order position 4596; absent from frequency corpus; appended in Ministry common-character-list order; Unihan kRSUnicode 108.5; Kangxi radical 108 皿; Unihan kRSUnicode single radical assignment.	[]	"[""chinese"",""traditional"",""radicals"",""frequency"",""character-to-radical"",""one-way"",""part-23""]"
zh-traditional-radicals-frequency-xxiii/4597/character-to-radical	XXIII	vocabulary	4597	zh-Hant	zh-Hant	睥	"[""目""]"	[]		"[""zh-Hant.common.2787"",""zh.radical.kangxi.109""]"	[]	[]	sources/characters.tsv	frequency-order position 4597; Ministry common-character number 2787	睥: frequency-order position 4597; absent from frequency corpus; appended in Ministry common-character-list order; Unihan kRSUnicode 109.8; Kangxi radical 109 目; Unihan kRSUnicode single radical assignment.	[]	"[""chinese"",""traditional"",""radicals"",""frequency"",""character-to-radical"",""one-way"",""part-23""]"
zh-traditional-radicals-frequency-xxiii/4598/character-to-radical	XXIII	vocabulary	4598	zh-Hant	zh-Hant	睽	"[""目""]"	[]		"[""zh-Hant.common.2790"",""zh.radical.kangxi.109""]"	[]	[]	sources/characters.tsv	frequency-order position 4598; Ministry common-character number 2790	睽: frequency-order position 4598; absent from frequency corpus; appended in Ministry common-character-list order; Unihan kRSUnicode 109.9; Kangxi radical 109 目; Unihan kRSUnicode single radical assignment.	[]	"[""chinese"",""traditional"",""radicals"",""frequency"",""character-to-radical"",""one-way"",""part-23""]"
zh-traditional-radicals-frequency-xxiii/4599/character-to-radical	XXIII	vocabulary	4599	zh-Hant	zh-Hant	瞑	"[""目""]"	[]		"[""zh-Hant.common.2796"",""zh.radical.kangxi.109""]"	[]	[]	sources/characters.tsv	frequency-order position 4599; Ministry common-character number 2796	瞑: frequency-order position 4599; absent from frequency corpus; appended in Ministry common-character-list order; Unihan kRSUnicode 109.10; Kangxi radical 109 目; Unihan kRSUnicode single radical assignment.	[]	"[""chinese"",""traditional"",""radicals"",""frequency"",""character-to-radical"",""one-way"",""part-23""]"
zh-traditional-radicals-frequency-xxiii/4600/character-to-radical	XXIII	vocabulary	4600	zh-Hant	zh-Hant	瞠	"[""目""]"	[]		"[""zh-Hant.common.2797"",""zh.radical.kangxi.109""]"	[]	[]	sources/characters.tsv	frequency-order position 4600; Ministry common-character number 2797	瞠: frequency-order position 4600; absent from frequency corpus; appended in Ministry common-character-list order; Unihan kRSUnicode 109.11; Kangxi radical 109 目; Unihan kRSUnicode single radical assignment.	[]	"[""chinese"",""traditional"",""radicals"",""frequency"",""character-to-radical"",""one-way"",""part-23""]"
