card_id	deck	kind	source_chapter	prompt_language	answer_language	prompt	accepted_answers	distractors	explanation	lexical_ids	grammar_ids	geographic_ids	provenance_path	provenance_locator	provenance_evidence	examples	tags
zh-traditional-radicals-frequency-iii/0401/character-to-radical	III	vocabulary	401	zh-Hant	zh-Hant	留	"[""田""]"	[]		"[""zh-Hant.frequency.0401"",""zh.radical.kangxi.102""]"	[]	[]	sources/characters.tsv	frequency rank 401; Ministry common-character number 2645	留: frequency rank 401; 663 appearances (0.05493%); Unihan kRSUnicode 102.5; Kangxi radical 102 田; Unihan kRSUnicode single radical assignment.	[]	"[""chinese"",""traditional"",""radicals"",""frequency"",""character-to-radical"",""one-way"",""part-3""]"
zh-traditional-radicals-frequency-iii/0402/character-to-radical	III	vocabulary	402	zh-Hant	zh-Hant	曲	"[""曰""]"	[]		"[""zh-Hant.frequency.0402"",""zh.radical.kangxi.073""]"	[]	[]	sources/characters.tsv	frequency rank 402; Ministry common-character number 1831	曲: frequency rank 402; 662 appearances (0.05484%); Unihan kRSUnicode 73.2; Kangxi radical 73 曰; Unihan kRSUnicode single radical assignment.	[]	"[""chinese"",""traditional"",""radicals"",""frequency"",""character-to-radical"",""one-way"",""part-3""]"
zh-traditional-radicals-frequency-iii/0403/character-to-radical	III	vocabulary	403	zh-Hant	zh-Hant	何	"[""人""]"	[]		"[""zh-Hant.frequency.0403"",""zh.radical.kangxi.009""]"	[]	[]	sources/characters.tsv	frequency rank 403; Ministry common-character number 111	何: frequency rank 403; 659 appearances (0.05459%); Unihan kRSUnicode 9.5; Kangxi radical 9 人; Unihan kRSUnicode single radical assignment.	[]	"[""chinese"",""traditional"",""radicals"",""frequency"",""character-to-radical"",""one-way"",""part-3""]"
zh-traditional-radicals-frequency-iii/0404/character-to-radical	III	vocabulary	404	zh-Hant	zh-Hant	味	"[""口""]"	[]		"[""zh-Hant.frequency.0404"",""zh.radical.kangxi.030""]"	[]	[]	sources/characters.tsv	frequency rank 404; Ministry common-character number 541	味: frequency rank 404; 659 appearances (0.05459%); Unihan kRSUnicode 30.5; Kangxi radical 30 口; Unihan kRSUnicode single radical assignment.	[]	"[""chinese"",""traditional"",""radicals"",""frequency"",""character-to-radical"",""one-way"",""part-3""]"
zh-traditional-radicals-frequency-iii/0405/character-to-radical	III	vocabulary	405	zh-Hant	zh-Hant	單	"[""口""]"	[]		"[""zh-Hant.frequency.0405"",""zh.radical.kangxi.030""]"	[]	[]	sources/characters.tsv	frequency rank 405; Ministry common-character number 635	單: frequency rank 405; 656 appearances (0.05435%); Unihan kRSUnicode 30.9; Kangxi radical 30 口; Unihan kRSUnicode single radical assignment.	[]	"[""chinese"",""traditional"",""radicals"",""frequency"",""character-to-radical"",""one-way"",""part-3""]"
zh-traditional-radicals-frequency-iii/0406/character-to-radical	III	vocabulary	406	zh-Hant	zh-Hant	界	"[""田""]"	[]		"[""zh-Hant.frequency.0406"",""zh.radical.kangxi.102""]"	[]	[]	sources/characters.tsv	frequency rank 406; Ministry common-character number 2640	界: frequency rank 406; 655 appearances (0.05426%); Unihan kRSUnicode 102.4; Kangxi radical 102 田; Unihan kRSUnicode single radical assignment.	[]	"[""chinese"",""traditional"",""radicals"",""frequency"",""character-to-radical"",""one-way"",""part-3""]"
zh-traditional-radicals-frequency-iii/0407/character-to-radical	III	vocabulary	407	zh-Hant	zh-Hant	站	"[""立""]"	[]		"[""zh-Hant.frequency.0407"",""zh.radical.kangxi.117""]"	[]	[]	sources/characters.tsv	frequency rank 407; Ministry common-character number 2978	站: frequency rank 407; 653 appearances (0.05410%); Unihan kRSUnicode 117.5; Kangxi radical 117 立; Unihan kRSUnicode single radical assignment.	[]	"[""chinese"",""traditional"",""radicals"",""frequency"",""character-to-radical"",""one-way"",""part-3""]"
zh-traditional-radicals-frequency-iii/0408/character-to-radical	III	vocabulary	408	zh-Hant	zh-Hant	命	"[""口""]"	[]		"[""zh-Hant.frequency.0408"",""zh.radical.kangxi.030""]"	[]	[]	sources/characters.tsv	frequency rank 408; Ministry common-character number 561	命: frequency rank 408; 650 appearances (0.05385%); Unihan kRSUnicode 30.5; Kangxi radical 30 口; Unihan kRSUnicode single radical assignment.	[]	"[""chinese"",""traditional"",""radicals"",""frequency"",""character-to-radical"",""one-way"",""part-3""]"
zh-traditional-radicals-frequency-iii/0409/character-to-radical	III	vocabulary	409	zh-Hant	zh-Hant	包	"[""勹""]"	[]		"[""zh-Hant.frequency.0409"",""zh.radical.kangxi.020""]"	[]	[]	sources/characters.tsv	frequency rank 409; Ministry common-character number 408	包: frequency rank 409; 647 appearances (0.05360%); Unihan kRSUnicode 20.3; Kangxi radical 20 勹; Unihan kRSUnicode single radical assignment.	[]	"[""chinese"",""traditional"",""radicals"",""frequency"",""character-to-radical"",""one-way"",""part-3""]"
zh-traditional-radicals-frequency-iii/0410/character-to-radical	III	vocabulary	410	zh-Hant	zh-Hant	告	"[""口""]"	[]		"[""zh-Hant.frequency.0410"",""zh.radical.kangxi.030""]"	[]	[]	sources/characters.tsv	frequency rank 410; Ministry common-character number 528	告: frequency rank 410; 644 appearances (0.05335%); Unihan kRSUnicode 30.4; Kangxi radical 30 口; Unihan kRSUnicode single radical assignment.	[]	"[""chinese"",""traditional"",""radicals"",""frequency"",""character-to-radical"",""one-way"",""part-3""]"
zh-traditional-radicals-frequency-iii/0411/character-to-radical	III	vocabulary	411	zh-Hant	zh-Hant	產	"[""生""]"	[]		"[""zh-Hant.frequency.0411"",""zh.radical.kangxi.100""]"	[]	[]	sources/characters.tsv	frequency rank 411; Ministry common-character number 2624	產: frequency rank 411; 644 appearances (0.05335%); Unihan kRSUnicode 100.6; Kangxi radical 100 生; Unihan kRSUnicode single radical assignment.	[]	"[""chinese"",""traditional"",""radicals"",""frequency"",""character-to-radical"",""one-way"",""part-3""]"
zh-traditional-radicals-frequency-iii/0412/character-to-radical	III	vocabulary	412	zh-Hant	zh-Hant	導	"[""寸""]"	[]		"[""zh-Hant.frequency.0412"",""zh.radical.kangxi.041""]"	[]	[]	sources/characters.tsv	frequency rank 412; Ministry common-character number 1067	導: frequency rank 412; 643 appearances (0.05327%); Unihan kRSUnicode 41.12; Kangxi radical 41 寸; Unihan kRSUnicode single radical assignment.	[]	"[""chinese"",""traditional"",""radicals"",""frequency"",""character-to-radical"",""one-way"",""part-3""]"
zh-traditional-radicals-frequency-iii/0413/character-to-radical	III	vocabulary	413	zh-Hant	zh-Hant	交	"[""亠""]"	[]		"[""zh-Hant.frequency.0413"",""zh.radical.kangxi.008""]"	[]	[]	sources/characters.tsv	frequency rank 413; Ministry common-character number 60	交: frequency rank 413; 640 appearances (0.05302%); Unihan kRSUnicode 8.4; Kangxi radical 8 亠; Unihan kRSUnicode single radical assignment.	[]	"[""chinese"",""traditional"",""radicals"",""frequency"",""character-to-radical"",""one-way"",""part-3""]"
zh-traditional-radicals-frequency-iii/0414/character-to-radical	III	vocabulary	414	zh-Hant	zh-Hant	練	"[""糸""]"	[]		"[""zh-Hant.frequency.0414"",""zh.radical.kangxi.120""]"	[]	[]	sources/characters.tsv	frequency rank 414; Ministry common-character number 3148	練: frequency rank 414; 639 appearances (0.05294%); Unihan kRSUnicode 120.9; Kangxi radical 120 糸; Unihan kRSUnicode single radical assignment.	[]	"[""chinese"",""traditional"",""radicals"",""frequency"",""character-to-radical"",""one-way"",""part-3""]"
zh-traditional-radicals-frequency-iii/0415/character-to-radical	III	vocabulary	415	zh-Hant	zh-Hant	拿	"[""手""]"	[]		"[""zh-Hant.frequency.0415"",""zh.radical.kangxi.064""]"	[]	[]	sources/characters.tsv	frequency rank 415; Ministry common-character number 1571	拿: frequency rank 415; 633 appearances (0.05244%); Unihan kRSUnicode 64.6; Kangxi radical 64 手; Unihan kRSUnicode single radical assignment.	[]	"[""chinese"",""traditional"",""radicals"",""frequency"",""character-to-radical"",""one-way"",""part-3""]"
zh-traditional-radicals-frequency-iii/0416/character-to-radical	III	vocabulary	416	zh-Hant	zh-Hant	土	"[""土""]"	[]		"[""zh-Hant.frequency.0416"",""zh.radical.kangxi.032""]"	[]	[]	sources/characters.tsv	frequency rank 416; Ministry common-character number 740	土: frequency rank 416; 631 appearances (0.05227%); Unihan kRSUnicode 32.0; Kangxi radical 32 土; Unihan kRSUnicode single radical assignment.	[]	"[""chinese"",""traditional"",""radicals"",""frequency"",""character-to-radical"",""one-way"",""part-3""]"
zh-traditional-radicals-frequency-iii/0417/character-to-radical	III	vocabulary	417	zh-Hant	zh-Hant	該	"[""言""]"	[]		"[""zh-Hant.frequency.0417"",""zh.radical.kangxi.149""]"	[]	[]	sources/characters.tsv	frequency rank 417; Ministry common-character number 3815	該: frequency rank 417; 628 appearances (0.05203%); Unihan kRSUnicode 149.6; Kangxi radical 149 言; Unihan kRSUnicode single radical assignment.	[]	"[""chinese"",""traditional"",""radicals"",""frequency"",""character-to-radical"",""one-way"",""part-3""]"
zh-traditional-radicals-frequency-iii/0418/character-to-radical	III	vocabulary	418	zh-Hant	zh-Hant	拉	"[""手""]"	[]		"[""zh-Hant.frequency.0418"",""zh.radical.kangxi.064""]"	[]	[]	sources/characters.tsv	frequency rank 418; Ministry common-character number 1524	拉: frequency rank 418; 627 appearances (0.05194%); Unihan kRSUnicode 64.5; Kangxi radical 64 手; Unihan kRSUnicode single radical assignment.	[]	"[""chinese"",""traditional"",""radicals"",""frequency"",""character-to-radical"",""one-way"",""part-3""]"
zh-traditional-radicals-frequency-iii/0419/character-to-radical	III	vocabulary	419	zh-Hant	zh-Hant	運	"[""辵""]"	[]		"[""zh-Hant.frequency.0419"",""zh.radical.kangxi.162""]"	[]	[]	sources/characters.tsv	frequency rank 419; Ministry common-character number 4157	運: frequency rank 419; 626 appearances (0.05186%); Unihan kRSUnicode 162.9; Kangxi radical 162 辵; Unihan kRSUnicode single radical assignment.	[]	"[""chinese"",""traditional"",""radicals"",""frequency"",""character-to-radical"",""one-way"",""part-3""]"
zh-traditional-radicals-frequency-iii/0420/character-to-radical	III	vocabulary	420	zh-Hant	zh-Hant	義	"[""羊""]"	[]		"[""zh-Hant.frequency.0420"",""zh.radical.kangxi.123""]"	[]	[]	sources/characters.tsv	frequency rank 420; Ministry common-character number 3223	義: frequency rank 420; 623 appearances (0.05161%); Unihan kRSUnicode 123.7; Kangxi radical 123 羊; Unihan kRSUnicode single radical assignment.	[]	"[""chinese"",""traditional"",""radicals"",""frequency"",""character-to-radical"",""one-way"",""part-3""]"
zh-traditional-radicals-frequency-iii/0421/character-to-radical	III	vocabulary	421	zh-Hant	zh-Hant	古	"[""口""]"	[]		"[""zh-Hant.frequency.0421"",""zh.radical.kangxi.030""]"	[]	[]	sources/characters.tsv	frequency rank 421; Ministry common-character number 482	古: frequency rank 421; 622 appearances (0.05153%); Unihan kRSUnicode 30.2; Kangxi radical 30 口; Unihan kRSUnicode single radical assignment.	[]	"[""chinese"",""traditional"",""radicals"",""frequency"",""character-to-radical"",""one-way"",""part-3""]"
zh-traditional-radicals-frequency-iii/0422/character-to-radical	III	vocabulary	422	zh-Hant	zh-Hant	共	"[""八""]"	[]		"[""zh-Hant.frequency.0422"",""zh.radical.kangxi.012""]"	[]	[]	sources/characters.tsv	frequency rank 422; Ministry common-character number 289	共: frequency rank 422; 621 appearances (0.05145%); Unihan kRSUnicode 12.4; Kangxi radical 12 八; Unihan kRSUnicode single radical assignment.	[]	"[""chinese"",""traditional"",""radicals"",""frequency"",""character-to-radical"",""one-way"",""part-3""]"
zh-traditional-radicals-frequency-iii/0423/character-to-radical	III	vocabulary	423	zh-Hant	zh-Hant	歌	"[""欠""]"	[]		"[""zh-Hant.frequency.0423"",""zh.radical.kangxi.076""]"	[]	[]	sources/characters.tsv	frequency rank 423; Ministry common-character number 2061	歌: frequency rank 423; 621 appearances (0.05145%); Unihan kRSUnicode 76.10; Kangxi radical 76 欠; Unihan kRSUnicode single radical assignment.	[]	"[""chinese"",""traditional"",""radicals"",""frequency"",""character-to-radical"",""one-way"",""part-3""]"
zh-traditional-radicals-frequency-iii/0424/character-to-radical	III	vocabulary	424	zh-Hant	zh-Hant	育	"[""肉""]"	[]		"[""zh-Hant.frequency.0424"",""zh.radical.kangxi.130""]"	[]	[]	sources/characters.tsv	frequency rank 424; Ministry common-character number 3297	育: frequency rank 424; 619 appearances (0.05128%); Unihan kRSUnicode 130.4; Kangxi radical 130 肉; Unihan kRSUnicode single radical assignment.	[]	"[""chinese"",""traditional"",""radicals"",""frequency"",""character-to-radical"",""one-way"",""part-3""]"
zh-traditional-radicals-frequency-iii/0425/character-to-radical	III	vocabulary	425	zh-Hant	zh-Hant	奇	"[""大""]"	[]		"[""zh-Hant.frequency.0425"",""zh.radical.kangxi.037""]"	[]	[]	sources/characters.tsv	frequency rank 425; Ministry common-character number 859	奇: frequency rank 425; 616 appearances (0.05103%); Unihan kRSUnicode 37.5; Kangxi radical 37 大; Unihan kRSUnicode single radical assignment.	[]	"[""chinese"",""traditional"",""radicals"",""frequency"",""character-to-radical"",""one-way"",""part-3""]"
zh-traditional-radicals-frequency-iii/0426/character-to-radical	III	vocabulary	426	zh-Hant	zh-Hant	計	"[""言""]"	[]		"[""zh-Hant.frequency.0426"",""zh.radical.kangxi.149""]"	[]	[]	sources/characters.tsv	frequency rank 426; Ministry common-character number 3782	計: frequency rank 426; 616 appearances (0.05103%); Unihan kRSUnicode 149.2; Kangxi radical 149 言; Unihan kRSUnicode single radical assignment.	[]	"[""chinese"",""traditional"",""radicals"",""frequency"",""character-to-radical"",""one-way"",""part-3""]"
zh-traditional-radicals-frequency-iii/0427/character-to-radical	III	vocabulary	427	zh-Hant	zh-Hant	灣	"[""水""]"	[]		"[""zh-Hant.frequency.0427"",""zh.radical.kangxi.085""]"	[]	[]	sources/characters.tsv	frequency rank 427; Ministry common-character number 2381	灣: frequency rank 427; 616 appearances (0.05103%); Unihan kRSUnicode 85.22; Kangxi radical 85 水; Unihan kRSUnicode single radical assignment.	[]	"[""chinese"",""traditional"",""radicals"",""frequency"",""character-to-radical"",""one-way"",""part-3""]"
zh-traditional-radicals-frequency-iii/0428/character-to-radical	III	vocabulary	428	zh-Hant	zh-Hant	布	"[""巾""]"	[]		"[""zh-Hant.frequency.0428"",""zh.radical.kangxi.050""]"	[]	[]	sources/characters.tsv	frequency rank 428; Ministry common-character number 1162	布: frequency rank 428; 615 appearances (0.05095%); Unihan kRSUnicode 50.2; Kangxi radical 50 巾; Unihan kRSUnicode single radical assignment.	[]	"[""chinese"",""traditional"",""radicals"",""frequency"",""character-to-radical"",""one-way"",""part-3""]"
zh-traditional-radicals-frequency-iii/0429/character-to-radical	III	vocabulary	429	zh-Hant	zh-Hant	祝	"[""示""]"	[]		"[""zh-Hant.frequency.0429"",""zh.radical.kangxi.113""]"	[]	[]	sources/characters.tsv	frequency rank 429; Ministry common-character number 2891	祝: frequency rank 429; 612 appearances (0.05070%); Unihan kRSUnicode 113.5; Kangxi radical 113 示; Unihan kRSUnicode single radical assignment.	[]	"[""chinese"",""traditional"",""radicals"",""frequency"",""character-to-radical"",""one-way"",""part-3""]"
zh-traditional-radicals-frequency-iii/0430/character-to-radical	III	vocabulary	430	zh-Hant	zh-Hant	列	"[""刀""]"	[]		"[""zh-Hant.frequency.0430"",""zh.radical.kangxi.018""]"	[]	[]	sources/characters.tsv	frequency rank 430; Ministry common-character number 335	列: frequency rank 430; 611 appearances (0.05062%); Unihan kRSUnicode 18.4; Kangxi radical 18 刀; Unihan kRSUnicode single radical assignment.	[]	"[""chinese"",""traditional"",""radicals"",""frequency"",""character-to-radical"",""one-way"",""part-3""]"
zh-traditional-radicals-frequency-iii/0431/character-to-radical	III	vocabulary	431	zh-Hant	zh-Hant	鳥	"[""鳥""]"	[]		"[""zh-Hant.frequency.0431"",""zh.radical.kangxi.196""]"	[]	[]	sources/characters.tsv	frequency rank 431; Ministry common-character number 4716	鳥: frequency rank 431; 611 appearances (0.05062%); Unihan kRSUnicode 196.0; Kangxi radical 196 鳥; Unihan kRSUnicode single radical assignment.	[]	"[""chinese"",""traditional"",""radicals"",""frequency"",""character-to-radical"",""one-way"",""part-3""]"
zh-traditional-radicals-frequency-iii/0432/character-to-radical	III	vocabulary	432	zh-Hant	zh-Hant	功	"[""力""]"	[]		"[""zh-Hant.frequency.0432"",""zh.radical.kangxi.019""]"	[]	[]	sources/characters.tsv	frequency rank 432; Ministry common-character number 381	功: frequency rank 432; 610 appearances (0.05053%); Unihan kRSUnicode 19.3; Kangxi radical 19 力; Unihan kRSUnicode single radical assignment.	[]	"[""chinese"",""traditional"",""radicals"",""frequency"",""character-to-radical"",""one-way"",""part-3""]"
zh-traditional-radicals-frequency-iii/0433/character-to-radical	III	vocabulary	433	zh-Hant	zh-Hant	求	"[""水""]"	[]		"[""zh-Hant.frequency.0433"",""zh.radical.kangxi.085""]"	[]	[]	sources/characters.tsv	frequency rank 433; Ministry common-character number 2129	求: frequency rank 433; 610 appearances (0.05053%); Unihan kRSUnicode 85.2; Kangxi radical 85 水; Unihan kRSUnicode single radical assignment.	[]	"[""chinese"",""traditional"",""radicals"",""frequency"",""character-to-radical"",""one-way"",""part-3""]"
zh-traditional-radicals-frequency-iii/0434/character-to-radical	III	vocabulary	434	zh-Hant	zh-Hant	城	"[""土""]"	[]		"[""zh-Hant.frequency.0434"",""zh.radical.kangxi.032""]"	[]	[]	sources/characters.tsv	frequency rank 434; Ministry common-character number 769	城: frequency rank 434; 610 appearances (0.05053%); Unihan kRSUnicode 32.6; Kangxi radical 32 土; Unihan kRSUnicode single radical assignment.	[]	"[""chinese"",""traditional"",""radicals"",""frequency"",""character-to-radical"",""one-way"",""part-3""]"
zh-traditional-radicals-frequency-iii/0435/character-to-radical	III	vocabulary	435	zh-Hant	zh-Hant	寶	"[""宀""]"	[]		"[""zh-Hant.frequency.0435"",""zh.radical.kangxi.040""]"	[]	[]	sources/characters.tsv	frequency rank 435; Ministry common-character number 1056	寶: frequency rank 435; 606 appearances (0.05020%); Unihan kRSUnicode 40.17; Kangxi radical 40 宀; Unihan kRSUnicode single radical assignment.	[]	"[""chinese"",""traditional"",""radicals"",""frequency"",""character-to-radical"",""one-way"",""part-3""]"
zh-traditional-radicals-frequency-iii/0436/character-to-radical	III	vocabulary	436	zh-Hant	zh-Hant	報	"[""土""]"	[]		"[""zh-Hant.frequency.0436"",""zh.radical.kangxi.032""]"	[]	[]	sources/characters.tsv	frequency rank 436; Ministry common-character number 791	報: frequency rank 436; 604 appearances (0.05004%); Unihan kRSUnicode 32.9; Kangxi radical 32 土; Unihan kRSUnicode single radical assignment.	[]	"[""chinese"",""traditional"",""radicals"",""frequency"",""character-to-radical"",""one-way"",""part-3""]"
zh-traditional-radicals-frequency-iii/0437/character-to-radical	III	vocabulary	437	zh-Hant	zh-Hant	約	"[""糸""]"	[]		"[""zh-Hant.frequency.0437"",""zh.radical.kangxi.120""]"	[]	[]	sources/characters.tsv	frequency rank 437; Ministry common-character number 3087	約: frequency rank 437; 602 appearances (0.04987%); Unihan kRSUnicode 120.3; Kangxi radical 120 糸; Unihan kRSUnicode single radical assignment.	[]	"[""chinese"",""traditional"",""radicals"",""frequency"",""character-to-radical"",""one-way"",""part-3""]"
zh-traditional-radicals-frequency-iii/0438/character-to-radical	III	vocabulary	438	zh-Hant	zh-Hant	改	"[""攴""]"	[]		"[""zh-Hant.frequency.0438"",""zh.radical.kangxi.066""]"	[]	[]	sources/characters.tsv	frequency rank 438; Ministry common-character number 1717	改: frequency rank 438; 601 appearances (0.04979%); Unihan kRSUnicode 66.3; Kangxi radical 66 攴; Unihan kRSUnicode single radical assignment.	[]	"[""chinese"",""traditional"",""radicals"",""frequency"",""character-to-radical"",""one-way"",""part-3""]"
zh-traditional-radicals-frequency-iii/0439/character-to-radical	III	vocabulary	439	zh-Hant	zh-Hant	深	"[""水""]"	[]		"[""zh-Hant.frequency.0439"",""zh.radical.kangxi.085""]"	[]	[]	sources/characters.tsv	frequency rank 439; Ministry common-character number 2243	深: frequency rank 439; 599 appearances (0.04962%); Unihan kRSUnicode 85.8; Kangxi radical 85 水; Unihan kRSUnicode single radical assignment.	[]	"[""chinese"",""traditional"",""radicals"",""frequency"",""character-to-radical"",""one-way"",""part-3""]"
zh-traditional-radicals-frequency-iii/0440/character-to-radical	III	vocabulary	440	zh-Hant	zh-Hant	較	"[""車""]"	[]		"[""zh-Hant.frequency.0440"",""zh.radical.kangxi.159""]"	[]	[]	sources/characters.tsv	frequency rank 440; Ministry common-character number 4072	較: frequency rank 440; 599 appearances (0.04962%); Unihan kRSUnicode 159.6; Kangxi radical 159 車; Unihan kRSUnicode single radical assignment.	[]	"[""chinese"",""traditional"",""radicals"",""frequency"",""character-to-radical"",""one-way"",""part-3""]"
zh-traditional-radicals-frequency-iii/0441/character-to-radical	III	vocabulary	441	zh-Hant	zh-Hant	爾	"[""爻""]"	[]		"[""zh-Hant.frequency.0441"",""zh.radical.kangxi.089""]"	[]	[]	sources/characters.tsv	frequency rank 441; Ministry common-character number 2477	爾: frequency rank 441; 599 appearances (0.04962%); Unihan kRSUnicode 89.10; Kangxi radical 89 爻; Unihan kRSUnicode single radical assignment.	[]	"[""chinese"",""traditional"",""radicals"",""frequency"",""character-to-radical"",""one-way"",""part-3""]"
zh-traditional-radicals-frequency-iii/0442/character-to-radical	III	vocabulary	442	zh-Hant	zh-Hant	象	"[""豕""]"	[]		"[""zh-Hant.frequency.0442"",""zh.radical.kangxi.152""]"	[]	[]	sources/characters.tsv	frequency rank 442; Ministry common-character number 3914	象: frequency rank 442; 593 appearances (0.04913%); Unihan kRSUnicode 152.5; Kangxi radical 152 豕; Unihan kRSUnicode single radical assignment.	[]	"[""chinese"",""traditional"",""radicals"",""frequency"",""character-to-radical"",""one-way"",""part-3""]"
zh-traditional-radicals-frequency-iii/0443/character-to-radical	III	vocabulary	443	zh-Hant	zh-Hant	福	"[""示""]"	[]		"[""zh-Hant.frequency.0443"",""zh.radical.kangxi.113""]"	[]	[]	sources/characters.tsv	frequency rank 443; Ministry common-character number 2901	福: frequency rank 443; 593 appearances (0.04913%); Unihan kRSUnicode 113.9; Kangxi radical 113 示; Unihan kRSUnicode single radical assignment.	[]	"[""chinese"",""traditional"",""radicals"",""frequency"",""character-to-radical"",""one-way"",""part-3""]"
zh-traditional-radicals-frequency-iii/0444/character-to-radical	III	vocabulary	444	zh-Hant	zh-Hant	幫	"[""巾""]"	[]		"[""zh-Hant.frequency.0444"",""zh.radical.kangxi.050""]"	[]	[]	sources/characters.tsv	frequency rank 444; Ministry common-character number 1190	幫: frequency rank 444; 593 appearances (0.04913%); Unihan kRSUnicode 50.14; Kangxi radical 50 巾; Unihan kRSUnicode single radical assignment.	[]	"[""chinese"",""traditional"",""radicals"",""frequency"",""character-to-radical"",""one-way"",""part-3""]"
zh-traditional-radicals-frequency-iii/0445/character-to-radical	III	vocabulary	445	zh-Hant	zh-Hant	格	"[""木""]"	[]		"[""zh-Hant.frequency.0445"",""zh.radical.kangxi.075""]"	[]	[]	sources/characters.tsv	frequency rank 445; Ministry common-character number 1927	格: frequency rank 445; 592 appearances (0.04904%); Unihan kRSUnicode 75.6; Kangxi radical 75 木; Unihan kRSUnicode single radical assignment.	[]	"[""chinese"",""traditional"",""radicals"",""frequency"",""character-to-radical"",""one-way"",""part-3""]"
zh-traditional-radicals-frequency-iii/0446/character-to-radical	III	vocabulary	446	zh-Hant	zh-Hant	葉	"[""艸""]"	[]		"[""zh-Hant.frequency.0446"",""zh.radical.kangxi.140""]"	[]	[]	sources/characters.tsv	frequency rank 446; Ministry common-character number 3525	葉: frequency rank 446; 592 appearances (0.04904%); Unihan kRSUnicode 140.9; Kangxi radical 140 艸; Unihan kRSUnicode single radical assignment.	[]	"[""chinese"",""traditional"",""radicals"",""frequency"",""character-to-radical"",""one-way"",""part-3""]"
zh-traditional-radicals-frequency-iii/0447/character-to-radical	III	vocabulary	447	zh-Hant	zh-Hant	細	"[""糸""]"	[]		"[""zh-Hant.frequency.0447"",""zh.radical.kangxi.120""]"	[]	[]	sources/characters.tsv	frequency rank 447; Ministry common-character number 3109	細: frequency rank 447; 591 appearances (0.04896%); Unihan kRSUnicode 120.5; Kangxi radical 120 糸; Unihan kRSUnicode single radical assignment.	[]	"[""chinese"",""traditional"",""radicals"",""frequency"",""character-to-radical"",""one-way"",""part-3""]"
zh-traditional-radicals-frequency-iii/0448/character-to-radical	III	vocabulary	448	zh-Hant	zh-Hant	設	"[""言""]"	[]		"[""zh-Hant.frequency.0448"",""zh.radical.kangxi.149""]"	[]	[]	sources/characters.tsv	frequency rank 448; Ministry common-character number 3799	設: frequency rank 448; 581 appearances (0.04813%); Unihan kRSUnicode 149.4; Kangxi radical 149 言; Unihan kRSUnicode single radical assignment.	[]	"[""chinese"",""traditional"",""radicals"",""frequency"",""character-to-radical"",""one-way"",""part-3""]"
zh-traditional-radicals-frequency-iii/0449/character-to-radical	III	vocabulary	449	zh-Hant	zh-Hant	任	"[""人""]"	[]		"[""zh-Hant.frequency.0449"",""zh.radical.kangxi.009""]"	[]	[]	sources/characters.tsv	frequency rank 449; Ministry common-character number 99	任: frequency rank 449; 579 appearances (0.04797%); Unihan kRSUnicode 9.4; Kangxi radical 9 人; Unihan kRSUnicode single radical assignment.	[]	"[""chinese"",""traditional"",""radicals"",""frequency"",""character-to-radical"",""one-way"",""part-3""]"
zh-traditional-radicals-frequency-iii/0450/character-to-radical	III	vocabulary	450	zh-Hant	zh-Hant	始	"[""女""]"	[]		"[""zh-Hant.frequency.0450"",""zh.radical.kangxi.038""]"	[]	[]	sources/characters.tsv	frequency rank 450; Ministry common-character number 908	始: frequency rank 450; 579 appearances (0.04797%); Unihan kRSUnicode 38.5; Kangxi radical 38 女; Unihan kRSUnicode single radical assignment.	[]	"[""chinese"",""traditional"",""radicals"",""frequency"",""character-to-radical"",""one-way"",""part-3""]"
zh-traditional-radicals-frequency-iii/0451/character-to-radical	III	vocabulary	451	zh-Hant	zh-Hant	晚	"[""日""]"	[]		"[""zh-Hant.frequency.0451"",""zh.radical.kangxi.072""]"	[]	[]	sources/characters.tsv	frequency rank 451; Ministry common-character number 1801	晚: frequency rank 451; 579 appearances (0.04797%); Unihan kRSUnicode 72.7; Kangxi radical 72 日; Unihan kRSUnicode single radical assignment.	[]	"[""chinese"",""traditional"",""radicals"",""frequency"",""character-to-radical"",""one-way"",""part-3""]"
zh-traditional-radicals-frequency-iii/0452/character-to-radical	III	vocabulary	452	zh-Hant	zh-Hant	哈	"[""口""]"	[]		"[""zh-Hant.frequency.0452"",""zh.radical.kangxi.030""]"	[]	[]	sources/characters.tsv	frequency rank 452; Ministry common-character number 577	哈: frequency rank 452; 578 appearances (0.04788%); Unihan kRSUnicode 30.6; Kangxi radical 30 口; Unihan kRSUnicode single radical assignment.	[]	"[""chinese"",""traditional"",""radicals"",""frequency"",""character-to-radical"",""one-way"",""part-3""]"
zh-traditional-radicals-frequency-iii/0453/character-to-radical	III	vocabulary	453	zh-Hant	zh-Hant	苦	"[""艸""]"	[]		"[""zh-Hant.frequency.0453"",""zh.radical.kangxi.140""]"	[]	[]	sources/characters.tsv	frequency rank 453; Ministry common-character number 3448	苦: frequency rank 453; 578 appearances (0.04788%); Unihan kRSUnicode 140.5; Kangxi radical 140 艸; Unihan kRSUnicode single radical assignment.	[]	"[""chinese"",""traditional"",""radicals"",""frequency"",""character-to-radical"",""one-way"",""part-3""]"
zh-traditional-radicals-frequency-iii/0454/character-to-radical	III	vocabulary	454	zh-Hant	zh-Hant	春	"[""日""]"	[]		"[""zh-Hant.frequency.0454"",""zh.radical.kangxi.072""]"	[]	[]	sources/characters.tsv	frequency rank 454; Ministry common-character number 1787	春: frequency rank 454; 576 appearances (0.04772%); Unihan kRSUnicode 72.5; Kangxi radical 72 日; Unihan kRSUnicode single radical assignment.	[]	"[""chinese"",""traditional"",""radicals"",""frequency"",""character-to-radical"",""one-way"",""part-3""]"
zh-traditional-radicals-frequency-iii/0455/character-to-radical	III	vocabulary	455	zh-Hant	zh-Hant	識	"[""言""]"	[]		"[""zh-Hant.frequency.0455"",""zh.radical.kangxi.149""]"	[]	[]	sources/characters.tsv	frequency rank 455; Ministry common-character number 3884	識: frequency rank 455; 576 appearances (0.04772%); Unihan kRSUnicode 149.12; Kangxi radical 149 言; Unihan kRSUnicode single radical assignment.	[]	"[""chinese"",""traditional"",""radicals"",""frequency"",""character-to-radical"",""one-way"",""part-3""]"
zh-traditional-radicals-frequency-iii/0456/character-to-radical	III	vocabulary	456	zh-Hant	zh-Hant	久	"[""丿""]"	[]		"[""zh-Hant.frequency.0456"",""zh.radical.kangxi.004""]"	[]	[]	sources/characters.tsv	frequency rank 456; Ministry common-character number 27	久: frequency rank 456; 575 appearances (0.04763%); Unihan kRSUnicode 4.2; Kangxi radical 4 丿; Unihan kRSUnicode single radical assignment.	[]	"[""chinese"",""traditional"",""radicals"",""frequency"",""character-to-radical"",""one-way"",""part-3""]"
zh-traditional-radicals-frequency-iii/0457/character-to-radical	III	vocabulary	457	zh-Hant	zh-Hant	步	"[""止""]"	[]		"[""zh-Hant.frequency.0457"",""zh.radical.kangxi.077""]"	[]	[]	sources/characters.tsv	frequency rank 457; Ministry common-character number 2069	步: frequency rank 457; 575 appearances (0.04763%); Unihan kRSUnicode 77.3; Kangxi radical 77 止; Unihan kRSUnicode single radical assignment.	[]	"[""chinese"",""traditional"",""radicals"",""frequency"",""character-to-radical"",""one-way"",""part-3""]"
zh-traditional-radicals-frequency-iii/0458/character-to-radical	III	vocabulary	458	zh-Hant	zh-Hant	千	"[""十""]"	[]		"[""zh-Hant.frequency.0458"",""zh.radical.kangxi.024""]"	[]	[]	sources/characters.tsv	frequency rank 458; Ministry common-character number 430	千: frequency rank 458; 574 appearances (0.04755%); Unihan kRSUnicode 24.1; Kangxi radical 24 十; Unihan kRSUnicode single radical assignment.	[]	"[""chinese"",""traditional"",""radicals"",""frequency"",""character-to-radical"",""one-way"",""part-3""]"
zh-traditional-radicals-frequency-iii/0459/character-to-radical	III	vocabulary	459	zh-Hant	zh-Hant	強	"[""弓""]"	[]		"[""zh-Hant.frequency.0459"",""zh.radical.kangxi.057""]"	[]	[]	sources/characters.tsv	frequency rank 459; Ministry common-character number 1258	強: frequency rank 459; 574 appearances (0.04755%); Unihan kRSUnicode 57.8; Kangxi radical 57 弓; Unihan kRSUnicode single radical assignment.	[]	"[""chinese"",""traditional"",""radicals"",""frequency"",""character-to-radical"",""one-way"",""part-3""]"
zh-traditional-radicals-frequency-iii/0460/character-to-radical	III	vocabulary	460	zh-Hant	zh-Hant	溫	"[""水""]"	[]		"[""zh-Hant.frequency.0460"",""zh.radical.kangxi.085""]"	[]	[]	sources/characters.tsv	frequency rank 460; Ministry common-character number 2290	溫: frequency rank 460; 574 appearances (0.04755%); Unihan kRSUnicode 85.10; Kangxi radical 85 水; Unihan kRSUnicode single radical assignment.	[]	"[""chinese"",""traditional"",""radicals"",""frequency"",""character-to-radical"",""one-way"",""part-3""]"
zh-traditional-radicals-frequency-iii/0461/character-to-radical	III	vocabulary	461	zh-Hant	zh-Hant	跑	"[""足""]"	[]		"[""zh-Hant.frequency.0461"",""zh.radical.kangxi.157""]"	[]	[]	sources/characters.tsv	frequency rank 461; Ministry common-character number 4008	跑: frequency rank 461; 573 appearances (0.04747%); Unihan kRSUnicode 157.5; Kangxi radical 157 足; Unihan kRSUnicode single radical assignment.	[]	"[""chinese"",""traditional"",""radicals"",""frequency"",""character-to-radical"",""one-way"",""part-3""]"
zh-traditional-radicals-frequency-iii/0462/character-to-radical	III	vocabulary	462	zh-Hant	zh-Hant	落	"[""艸""]"	[]		"[""zh-Hant.frequency.0462"",""zh.radical.kangxi.140""]"	[]	[]	sources/characters.tsv	frequency rank 462; Ministry common-character number 3520	落: frequency rank 462; 573 appearances (0.04747%); Unihan kRSUnicode 140.9; Kangxi radical 140 艸; Unihan kRSUnicode single radical assignment.	[]	"[""chinese"",""traditional"",""radicals"",""frequency"",""character-to-radical"",""one-way"",""part-3""]"
zh-traditional-radicals-frequency-iii/0463/character-to-radical	III	vocabulary	463	zh-Hant	zh-Hant	至	"[""至""]"	[]		"[""zh-Hant.frequency.0463"",""zh.radical.kangxi.133""]"	[]	[]	sources/characters.tsv	frequency rank 463; Ministry common-character number 3389	至: frequency rank 463; 572 appearances (0.04739%); Unihan kRSUnicode 133.0; Kangxi radical 133 至; Unihan kRSUnicode single radical assignment.	[]	"[""chinese"",""traditional"",""radicals"",""frequency"",""character-to-radical"",""one-way"",""part-3""]"
zh-traditional-radicals-frequency-iii/0464/character-to-radical	III	vocabulary	464	zh-Hant	zh-Hant	輕	"[""車""]"	[]		"[""zh-Hant.frequency.0464"",""zh.radical.kangxi.159""]"	[]	[]	sources/characters.tsv	frequency rank 464; Ministry common-character number 4078	輕: frequency rank 464; 571 appearances (0.04730%); Unihan kRSUnicode 159.7; Kangxi radical 159 車; Unihan kRSUnicode single radical assignment.	[]	"[""chinese"",""traditional"",""radicals"",""frequency"",""character-to-radical"",""one-way"",""part-3""]"
zh-traditional-radicals-frequency-iii/0465/character-to-radical	III	vocabulary	465	zh-Hant	zh-Hant	積	"[""禾""]"	[]		"[""zh-Hant.frequency.0465"",""zh.radical.kangxi.115""]"	[]	[]	sources/characters.tsv	frequency rank 465; Ministry common-character number 2944	積: frequency rank 465; 570 appearances (0.04722%); Unihan kRSUnicode 115.11; Kangxi radical 115 禾; Unihan kRSUnicode single radical assignment.	[]	"[""chinese"",""traditional"",""radicals"",""frequency"",""character-to-radical"",""one-way"",""part-3""]"
zh-traditional-radicals-frequency-iii/0466/character-to-radical	III	vocabulary	466	zh-Hant	zh-Hant	則	"[""刀""]"	[]		"[""zh-Hant.frequency.0466"",""zh.radical.kangxi.018""]"	[]	[]	sources/characters.tsv	frequency rank 466; Ministry common-character number 358	則: frequency rank 466; 566 appearances (0.04689%); Unihan kRSUnicode 18.7; Kangxi radical 18 刀; Unihan kRSUnicode single radical assignment.	[]	"[""chinese"",""traditional"",""radicals"",""frequency"",""character-to-radical"",""one-way"",""part-3""]"
zh-traditional-radicals-frequency-iii/0467/character-to-radical	III	vocabulary	467	zh-Hant	zh-Hant	雨	"[""雨""]"	[]		"[""zh-Hant.frequency.0467"",""zh.radical.kangxi.173""]"	[]	[]	sources/characters.tsv	frequency rank 467; Ministry common-character number 4468	雨: frequency rank 467; 564 appearances (0.04672%); Unihan kRSUnicode 173.0; Kangxi radical 173 雨; Unihan kRSUnicode single radical assignment.	[]	"[""chinese"",""traditional"",""radicals"",""frequency"",""character-to-radical"",""one-way"",""part-3""]"
zh-traditional-radicals-frequency-iii/0468/character-to-radical	III	vocabulary	468	zh-Hant	zh-Hant	參	"[""厶""]"	[]		"[""zh-Hant.frequency.0468"",""zh.radical.kangxi.028""]"	[]	[]	sources/characters.tsv	frequency rank 468; Ministry common-character number 467	參: frequency rank 468; 564 appearances (0.04672%); Unihan kRSUnicode 28.9; Kangxi radical 28 厶; Unihan kRSUnicode single radical assignment.	[]	"[""chinese"",""traditional"",""radicals"",""frequency"",""character-to-radical"",""one-way"",""part-3""]"
zh-traditional-radicals-frequency-iii/0469/character-to-radical	III	vocabulary	469	zh-Hant	zh-Hant	根	"[""木""]"	[]		"[""zh-Hant.frequency.0469"",""zh.radical.kangxi.075""]"	[]	[]	sources/characters.tsv	frequency rank 469; Ministry common-character number 1915	根: frequency rank 469; 564 appearances (0.04672%); Unihan kRSUnicode 75.6; Kangxi radical 75 木; Unihan kRSUnicode single radical assignment.	[]	"[""chinese"",""traditional"",""radicals"",""frequency"",""character-to-radical"",""one-way"",""part-3""]"
zh-traditional-radicals-frequency-iii/0470/character-to-radical	III	vocabulary	470	zh-Hant	zh-Hant	整	"[""攴""]"	[]		"[""zh-Hant.frequency.0470"",""zh.radical.kangxi.066""]"	[]	[]	sources/characters.tsv	frequency rank 470; Ministry common-character number 1740	整: frequency rank 470; 562 appearances (0.04656%); Unihan kRSUnicode 66.11; Kangxi radical 66 攴; Unihan kRSUnicode single radical assignment.	[]	"[""chinese"",""traditional"",""radicals"",""frequency"",""character-to-radical"",""one-way"",""part-3""]"
zh-traditional-radicals-frequency-iii/0471/character-to-radical	III	vocabulary	471	zh-Hant	zh-Hant	巴	"[""己""]"	[]		"[""zh-Hant.frequency.0471"",""zh.radical.kangxi.049""]"	[]	[]	sources/characters.tsv	frequency rank 471; Ministry common-character number 1157	巴: frequency rank 471; 561 appearances (0.04647%); Unihan kRSUnicode 49.1; Kangxi radical 49 己; Unihan kRSUnicode single radical assignment.	[]	"[""chinese"",""traditional"",""radicals"",""frequency"",""character-to-radical"",""one-way"",""part-3""]"
zh-traditional-radicals-frequency-iii/0472/character-to-radical	III	vocabulary	472	zh-Hant	zh-Hant	統	"[""糸""]"	[]		"[""zh-Hant.frequency.0472"",""zh.radical.kangxi.120""]"	[]	[]	sources/characters.tsv	frequency rank 472; Ministry common-character number 3104	統: frequency rank 472; 560 appearances (0.04639%); Unihan kRSUnicode 120.6; Kangxi radical 120 糸; Unihan kRSUnicode single radical assignment.	[]	"[""chinese"",""traditional"",""radicals"",""frequency"",""character-to-radical"",""one-way"",""part-3""]"
zh-traditional-radicals-frequency-iii/0473/character-to-radical	III	vocabulary	473	zh-Hant	zh-Hant	轉	"[""車""]"	[]		"[""zh-Hant.frequency.0473"",""zh.radical.kangxi.159""]"	[]	[]	sources/characters.tsv	frequency rank 473; Ministry common-character number 4095	轉: frequency rank 473; 560 appearances (0.04639%); Unihan kRSUnicode 159.11; Kangxi radical 159 車; Unihan kRSUnicode single radical assignment.	[]	"[""chinese"",""traditional"",""radicals"",""frequency"",""character-to-radical"",""one-way"",""part-3""]"
zh-traditional-radicals-frequency-iii/0474/character-to-radical	III	vocabulary	474	zh-Hant	zh-Hant	里	"[""里""]"	[]		"[""zh-Hant.frequency.0474"",""zh.radical.kangxi.166""]"	[]	[]	sources/characters.tsv	frequency rank 474; Ministry common-character number 4256	里: frequency rank 474; 557 appearances (0.04614%); Unihan kRSUnicode 166.0; Kangxi radical 166 里; Unihan kRSUnicode single radical assignment.	[]	"[""chinese"",""traditional"",""radicals"",""frequency"",""character-to-radical"",""one-way"",""part-3""]"
zh-traditional-radicals-frequency-iii/0475/character-to-radical	III	vocabulary	475	zh-Hant	zh-Hant	總	"[""糸""]"	[]		"[""zh-Hant.frequency.0475"",""zh.radical.kangxi.120""]"	[]	[]	sources/characters.tsv	frequency rank 475; Ministry common-character number 3172	總: frequency rank 475; 557 appearances (0.04614%); Unihan kRSUnicode 120.11; Kangxi radical 120 糸; Unihan kRSUnicode single radical assignment.	[]	"[""chinese"",""traditional"",""radicals"",""frequency"",""character-to-radical"",""one-way"",""part-3""]"
zh-traditional-radicals-frequency-iii/0476/character-to-radical	III	vocabulary	476	zh-Hant	zh-Hant	首	"[""首""]"	[]		"[""zh-Hant.frequency.0476"",""zh.radical.kangxi.185""]"	[]	[]	sources/characters.tsv	frequency rank 476; Ministry common-character number 4615	首: frequency rank 476; 556 appearances (0.04606%); Unihan kRSUnicode 185.0; Kangxi radical 185 首; Unihan kRSUnicode single radical assignment.	[]	"[""chinese"",""traditional"",""radicals"",""frequency"",""character-to-radical"",""one-way"",""part-3""]"
zh-traditional-radicals-frequency-iii/0477/character-to-radical	III	vocabulary	477	zh-Hant	zh-Hant	錢	"[""金""]"	[]		"[""zh-Hant.frequency.0477"",""zh.radical.kangxi.167""]"	[]	[]	sources/characters.tsv	frequency rank 477; Ministry common-character number 4311	錢: frequency rank 477; 556 appearances (0.04606%); Unihan kRSUnicode 167.8; Kangxi radical 167 金; Unihan kRSUnicode single radical assignment.	[]	"[""chinese"",""traditional"",""radicals"",""frequency"",""character-to-radical"",""one-way"",""part-3""]"
zh-traditional-radicals-frequency-iii/0478/character-to-radical	III	vocabulary	478	zh-Hant	zh-Hant	具	"[""八""]"	[]		"[""zh-Hant.frequency.0478"",""zh.radical.kangxi.012""]"	[]	[]	sources/characters.tsv	frequency rank 478; Ministry common-character number 291	具: frequency rank 478; 554 appearances (0.04589%); Unihan kRSUnicode 12.6; Kangxi radical 12 八; Unihan kRSUnicode single radical assignment.	[]	"[""chinese"",""traditional"",""radicals"",""frequency"",""character-to-radical"",""one-way"",""part-3""]"
zh-traditional-radicals-frequency-iii/0479/character-to-radical	III	vocabulary	479	zh-Hant	zh-Hant	哥	"[""口""]"	[]		"[""zh-Hant.frequency.0479"",""zh.radical.kangxi.030""]"	[]	[]	sources/characters.tsv	frequency rank 479; Ministry common-character number 587	哥: frequency rank 479; 552 appearances (0.04573%); Unihan kRSUnicode 30.7; Kangxi radical 30 口; Unihan kRSUnicode single radical assignment.	[]	"[""chinese"",""traditional"",""radicals"",""frequency"",""character-to-radical"",""one-way"",""part-3""]"
zh-traditional-radicals-frequency-iii/0480/character-to-radical	III	vocabulary	480	zh-Hant	zh-Hant	精	"[""米""]"	[]		"[""zh-Hant.frequency.0480"",""zh.radical.kangxi.119""]"	[]	[]	sources/characters.tsv	frequency rank 480; Ministry common-character number 3067	精: frequency rank 480; 552 appearances (0.04573%); Unihan kRSUnicode 119.8; Kangxi radical 119 米; Unihan kRSUnicode single radical assignment.	[]	"[""chinese"",""traditional"",""radicals"",""frequency"",""character-to-radical"",""one-way"",""part-3""]"
zh-traditional-radicals-frequency-iii/0481/character-to-radical	III	vocabulary	481	zh-Hant	zh-Hant	試	"[""言""]"	[]		"[""zh-Hant.frequency.0481"",""zh.radical.kangxi.149""]"	[]	[]	sources/characters.tsv	frequency rank 481; Ministry common-character number 3817	試: frequency rank 481; 552 appearances (0.04573%); Unihan kRSUnicode 149.6; Kangxi radical 149 言; Unihan kRSUnicode single radical assignment.	[]	"[""chinese"",""traditional"",""radicals"",""frequency"",""character-to-radical"",""one-way"",""part-3""]"
zh-traditional-radicals-frequency-iii/0482/character-to-radical	III	vocabulary	482	zh-Hant	zh-Hant	雖	"[""隹""]"	[]		"[""zh-Hant.frequency.0482"",""zh.radical.kangxi.172""]"	[]	[]	sources/characters.tsv	frequency rank 482; Ministry common-character number 4461	雖: frequency rank 482; 551 appearances (0.04565%); Unihan kRSUnicode 172.9; Kangxi radical 172 隹; Unihan kRSUnicode single radical assignment.	[]	"[""chinese"",""traditional"",""radicals"",""frequency"",""character-to-radical"",""one-way"",""part-3""]"
zh-traditional-radicals-frequency-iii/0483/character-to-radical	III	vocabulary	483	zh-Hant	zh-Hant	考	"[""老""]"	[]		"[""zh-Hant.frequency.0483"",""zh.radical.kangxi.125""]"	[]	[]	sources/characters.tsv	frequency rank 483; Ministry common-character number 3252	考: frequency rank 483; 550 appearances (0.04556%); Unihan kRSUnicode 125.0; Kangxi radical 125 老; Unihan kRSUnicode single radical assignment.	[]	"[""chinese"",""traditional"",""radicals"",""frequency"",""character-to-radical"",""one-way"",""part-3""]"
zh-traditional-radicals-frequency-iii/0484/character-to-radical	III	vocabulary	484	zh-Hant	zh-Hant	離	"[""隹""]"	[]		"[""zh-Hant.frequency.0484"",""zh.radical.kangxi.172""]"	[]	[]	sources/characters.tsv	frequency rank 484; Ministry common-character number 4466	離: frequency rank 484; 549 appearances (0.04548%); Unihan kRSUnicode 172.11; Kangxi radical 172 隹; Unihan kRSUnicode single radical assignment.	[]	"[""chinese"",""traditional"",""radicals"",""frequency"",""character-to-radical"",""one-way"",""part-3""]"
zh-traditional-radicals-frequency-iii/0485/character-to-radical	III	vocabulary	485	zh-Hant	zh-Hant	士	"[""士""]"	[]		"[""zh-Hant.frequency.0485"",""zh.radical.kangxi.033""]"	[]	[]	sources/characters.tsv	frequency rank 485; Ministry common-character number 831	士: frequency rank 485; 547 appearances (0.04531%); Unihan kRSUnicode 33.0; Kangxi radical 33 士; Unihan kRSUnicode single radical assignment.	[]	"[""chinese"",""traditional"",""radicals"",""frequency"",""character-to-radical"",""one-way"",""part-3""]"
zh-traditional-radicals-frequency-iii/0486/character-to-radical	III	vocabulary	486	zh-Hant	zh-Hant	言	"[""言""]"	[]		"[""zh-Hant.frequency.0486"",""zh.radical.kangxi.149""]"	[]	[]	sources/characters.tsv	frequency rank 486; Ministry common-character number 3781	言: frequency rank 486; 544 appearances (0.04507%); Unihan kRSUnicode 149.0; Kangxi radical 149 言; Unihan kRSUnicode single radical assignment.	[]	"[""chinese"",""traditional"",""radicals"",""frequency"",""character-to-radical"",""one-way"",""part-3""]"
zh-traditional-radicals-frequency-iii/0487/character-to-radical	III	vocabulary	487	zh-Hant	zh-Hant	底	"[""广""]"	[]		"[""zh-Hant.frequency.0487"",""zh.radical.kangxi.053""]"	[]	[]	sources/characters.tsv	frequency rank 487; Ministry common-character number 1207	底: frequency rank 487; 542 appearances (0.04490%); Unihan kRSUnicode 53.5; Kangxi radical 53 广; Unihan kRSUnicode single radical assignment.	[]	"[""chinese"",""traditional"",""radicals"",""frequency"",""character-to-radical"",""one-way"",""part-3""]"
zh-traditional-radicals-frequency-iii/0488/character-to-radical	III	vocabulary	488	zh-Hant	zh-Hant	華	"[""艸""]"	[]		"[""zh-Hant.frequency.0488"",""zh.radical.kangxi.140""]"	[]	[]	sources/characters.tsv	frequency rank 488; Ministry common-character number 3503	華: frequency rank 488; 540 appearances (0.04473%); Unihan kRSUnicode 140.8; Kangxi radical 140 艸; Unihan kRSUnicode single radical assignment.	[]	"[""chinese"",""traditional"",""radicals"",""frequency"",""character-to-radical"",""one-way"",""part-3""]"
zh-traditional-radicals-frequency-iii/0489/character-to-radical	III	vocabulary	489	zh-Hant	zh-Hant	夫	"[""大""]"	[]		"[""zh-Hant.frequency.0489"",""zh.radical.kangxi.037""]"	[]	[]	sources/characters.tsv	frequency rank 489; Ministry common-character number 850	夫: frequency rank 489; 533 appearances (0.04415%); Unihan kRSUnicode 37.1; Kangxi radical 37 大; Unihan kRSUnicode single radical assignment.	[]	"[""chinese"",""traditional"",""radicals"",""frequency"",""character-to-radical"",""one-way"",""part-3""]"
zh-traditional-radicals-frequency-iii/0490/character-to-radical	III	vocabulary	490	zh-Hant	zh-Hant	阿	"[""阜""]"	[]		"[""zh-Hant.frequency.0490"",""zh.radical.kangxi.170""]"	[]	[]	sources/characters.tsv	frequency rank 490; Ministry common-character number 4408	阿: frequency rank 490; 533 appearances (0.04415%); Unihan kRSUnicode 170.5; Kangxi radical 170 阜; Unihan kRSUnicode single radical assignment.	[]	"[""chinese"",""traditional"",""radicals"",""frequency"",""character-to-radical"",""one-way"",""part-3""]"
zh-traditional-radicals-frequency-iii/0491/character-to-radical	III	vocabulary	491	zh-Hant	zh-Hant	藝	"[""艸""]"	[]		"[""zh-Hant.frequency.0491"",""zh.radical.kangxi.140""]"	[]	[]	sources/characters.tsv	frequency rank 491; Ministry common-character number 3586	藝: frequency rank 491; 533 appearances (0.04415%); Unihan kRSUnicode 140.15; Kangxi radical 140 艸; Unihan kRSUnicode single radical assignment.	[]	"[""chinese"",""traditional"",""radicals"",""frequency"",""character-to-radical"",""one-way"",""part-3""]"
zh-traditional-radicals-frequency-iii/0492/character-to-radical	III	vocabulary	492	zh-Hant	zh-Hant	演	"[""水""]"	[]		"[""zh-Hant.frequency.0492"",""zh.radical.kangxi.085""]"	[]	[]	sources/characters.tsv	frequency rank 492; Ministry common-character number 2298	演: frequency rank 492; 531 appearances (0.04399%); Unihan kRSUnicode 85.11; Kangxi radical 85 水; Unihan kRSUnicode single radical assignment.	[]	"[""chinese"",""traditional"",""radicals"",""frequency"",""character-to-radical"",""one-way"",""part-3""]"
zh-traditional-radicals-frequency-iii/0493/character-to-radical	III	vocabulary	493	zh-Hant	zh-Hant	呀	"[""口""]"	[]		"[""zh-Hant.frequency.0493"",""zh.radical.kangxi.030""]"	[]	[]	sources/characters.tsv	frequency rank 493; Ministry common-character number 537	呀: frequency rank 493; 530 appearances (0.04391%); Unihan kRSUnicode 30.4; Kangxi radical 30 口; Unihan kRSUnicode single radical assignment.	[]	"[""chinese"",""traditional"",""radicals"",""frequency"",""character-to-radical"",""one-way"",""part-3""]"
zh-traditional-radicals-frequency-iii/0494/character-to-radical	III	vocabulary	494	zh-Hant	zh-Hant	件	"[""人""]"	[]		"[""zh-Hant.frequency.0494"",""zh.radical.kangxi.009""]"	[]	[]	sources/characters.tsv	frequency rank 494; Ministry common-character number 98	件: frequency rank 494; 529 appearances (0.04382%); Unihan kRSUnicode 9.4; Kangxi radical 9 人; Unihan kRSUnicode single radical assignment.	[]	"[""chinese"",""traditional"",""radicals"",""frequency"",""character-to-radical"",""one-way"",""part-3""]"
zh-traditional-radicals-frequency-iii/0495/character-to-radical	III	vocabulary	495	zh-Hant	zh-Hant	青	"[""靑""]"	[]		"[""zh-Hant.frequency.0495"",""zh.radical.kangxi.174""]"	[]	[]	sources/characters.tsv	frequency rank 495; Ministry common-character number 4499	青: frequency rank 495; 525 appearances (0.04349%); Unihan kRSUnicode 174.0; Kangxi radical 174 靑; Unihan kRSUnicode single radical assignment.	[]	"[""chinese"",""traditional"",""radicals"",""frequency"",""character-to-radical"",""one-way"",""part-3""]"
zh-traditional-radicals-frequency-iii/0496/character-to-radical	III	vocabulary	496	zh-Hant	zh-Hant	送	"[""辵""]"	[]		"[""zh-Hant.frequency.0496"",""zh.radical.kangxi.162""]"	[]	[]	sources/characters.tsv	frequency rank 496; Ministry common-character number 4127	送: frequency rank 496; 524 appearances (0.04341%); Unihan kRSUnicode 162.6; Kangxi radical 162 辵; Unihan kRSUnicode single radical assignment.	[]	"[""chinese"",""traditional"",""radicals"",""frequency"",""character-to-radical"",""one-way"",""part-3""]"
zh-traditional-radicals-frequency-iii/0497/character-to-radical	III	vocabulary	497	zh-Hant	zh-Hant	組	"[""糸""]"	[]		"[""zh-Hant.frequency.0497"",""zh.radical.kangxi.120""]"	[]	[]	sources/characters.tsv	frequency rank 497; Ministry common-character number 3111	組: frequency rank 497; 523 appearances (0.04333%); Unihan kRSUnicode 120.5; Kangxi radical 120 糸; Unihan kRSUnicode single radical assignment.	[]	"[""chinese"",""traditional"",""radicals"",""frequency"",""character-to-radical"",""one-way"",""part-3""]"
zh-traditional-radicals-frequency-iii/0498/character-to-radical	III	vocabulary	498	zh-Hant	zh-Hant	皮	"[""皮""]"	[]		"[""zh-Hant.frequency.0498"",""zh.radical.kangxi.107""]"	[]	[]	sources/characters.tsv	frequency rank 498; Ministry common-character number 2732	皮: frequency rank 498; 521 appearances (0.04316%); Unihan kRSUnicode 107.0; Kangxi radical 107 皮; Unihan kRSUnicode single radical assignment.	[]	"[""chinese"",""traditional"",""radicals"",""frequency"",""character-to-radical"",""one-way"",""part-3""]"
zh-traditional-radicals-frequency-iii/0499/character-to-radical	III	vocabulary	499	zh-Hant	zh-Hant	半	"[""十""]"	[]		"[""zh-Hant.frequency.0499"",""zh.radical.kangxi.024""]"	[]	[]	sources/characters.tsv	frequency rank 499; Ministry common-character number 435	半: frequency rank 499; 518 appearances (0.04291%); Unihan kRSUnicode 24.3; Kangxi radical 24 十; Unihan kRSUnicode single radical assignment.	[]	"[""chinese"",""traditional"",""radicals"",""frequency"",""character-to-radical"",""one-way"",""part-3""]"
zh-traditional-radicals-frequency-iii/0500/character-to-radical	III	vocabulary	500	zh-Hant	zh-Hant	夜	"[""夕""]"	[]		"[""zh-Hant.frequency.0500"",""zh.radical.kangxi.036""]"	[]	[]	sources/characters.tsv	frequency rank 500; Ministry common-character number 843	夜: frequency rank 500; 516 appearances (0.04275%); Unihan kRSUnicode 36.5; Kangxi radical 36 夕; Unihan kRSUnicode single radical assignment.	[]	"[""chinese"",""traditional"",""radicals"",""frequency"",""character-to-radical"",""one-way"",""part-3""]"
zh-traditional-radicals-frequency-iii/0501/character-to-radical	III	vocabulary	501	zh-Hant	zh-Hant	級	"[""糸""]"	[]		"[""zh-Hant.frequency.0501"",""zh.radical.kangxi.120""]"	[]	[]	sources/characters.tsv	frequency rank 501; Ministry common-character number 3097	級: frequency rank 501; 516 appearances (0.04275%); Unihan kRSUnicode 120.4; Kangxi radical 120 糸; Unihan kRSUnicode single radical assignment.	[]	"[""chinese"",""traditional"",""radicals"",""frequency"",""character-to-radical"",""one-way"",""part-3""]"
zh-traditional-radicals-frequency-iii/0502/character-to-radical	III	vocabulary	502	zh-Hant	zh-Hant	遊	"[""辵""]"	[]		"[""zh-Hant.frequency.0502"",""zh.radical.kangxi.162""]"	[]	[]	sources/characters.tsv	frequency rank 502; Ministry common-character number 4158	遊: frequency rank 502; 516 appearances (0.04275%); Unihan kRSUnicode 162.9; Kangxi radical 162 辵; Unihan kRSUnicode single radical assignment.	[]	"[""chinese"",""traditional"",""radicals"",""frequency"",""character-to-radical"",""one-way"",""part-3""]"
zh-traditional-radicals-frequency-iii/0503/character-to-radical	III	vocabulary	503	zh-Hant	zh-Hant	舉	"[""臼""]"	[]		"[""zh-Hant.frequency.0503"",""zh.radical.kangxi.134""]"	[]	[]	sources/characters.tsv	frequency rank 503; Ministry common-character number 3400	舉: frequency rank 503; 516 appearances (0.04275%); Unihan kRSUnicode 134.10; Kangxi radical 134 臼; Unihan kRSUnicode single radical assignment.	[]	"[""chinese"",""traditional"",""radicals"",""frequency"",""character-to-radical"",""one-way"",""part-3""]"
zh-traditional-radicals-frequency-iii/0504/character-to-radical	III	vocabulary	504	zh-Hant	zh-Hant	反	"[""又""]"	[]		"[""zh-Hant.frequency.0504"",""zh.radical.kangxi.029""]"	[]	[]	sources/characters.tsv	frequency rank 504; Ministry common-character number 472	反: frequency rank 504; 515 appearances (0.04266%); Unihan kRSUnicode 29.2; Kangxi radical 29 又; Unihan kRSUnicode single radical assignment.	[]	"[""chinese"",""traditional"",""radicals"",""frequency"",""character-to-radical"",""one-way"",""part-3""]"
zh-traditional-radicals-frequency-iii/0505/character-to-radical	III	vocabulary	505	zh-Hant	zh-Hant	腳	"[""肉""]"	[]		"[""zh-Hant.frequency.0505"",""zh.radical.kangxi.130""]"	[]	[]	sources/characters.tsv	frequency rank 505; Ministry common-character number 3350	腳: frequency rank 505; 513 appearances (0.04250%); Unihan kRSUnicode 130.9; Kangxi radical 130 肉; Unihan kRSUnicode single radical assignment.	[]	"[""chinese"",""traditional"",""radicals"",""frequency"",""character-to-radical"",""one-way"",""part-3""]"
zh-traditional-radicals-frequency-iii/0506/character-to-radical	III	vocabulary	506	zh-Hant	zh-Hant	刻	"[""刀""]"	[]		"[""zh-Hant.frequency.0506"",""zh.radical.kangxi.018""]"	[]	[]	sources/characters.tsv	frequency rank 506; Ministry common-character number 344	刻: frequency rank 506; 509 appearances (0.04217%); Unihan kRSUnicode 18.6; Kangxi radical 18 刀; Unihan kRSUnicode single radical assignment.	[]	"[""chinese"",""traditional"",""radicals"",""frequency"",""character-to-radical"",""one-way"",""part-3""]"
zh-traditional-radicals-frequency-iii/0507/character-to-radical	III	vocabulary	507	zh-Hant	zh-Hant	筆	"[""竹""]"	[]		"[""zh-Hant.frequency.0507"",""zh.radical.kangxi.118""]"	[]	[]	sources/characters.tsv	frequency rank 507; Ministry common-character number 2999	筆: frequency rank 507; 509 appearances (0.04217%); Unihan kRSUnicode 118.6; Kangxi radical 118 竹; Unihan kRSUnicode single radical assignment.	[]	"[""chinese"",""traditional"",""radicals"",""frequency"",""character-to-radical"",""one-way"",""part-3""]"
zh-traditional-radicals-frequency-iii/0508/character-to-radical	III	vocabulary	508	zh-Hant	zh-Hant	童	"[""立""]"	[]		"[""zh-Hant.frequency.0508"",""zh.radical.kangxi.117""]"	[]	[]	sources/characters.tsv	frequency rank 508; Ministry common-character number 2979	童: frequency rank 508; 507 appearances (0.04200%); Unihan kRSUnicode 117.7; Kangxi radical 117 立; Unihan kRSUnicode single radical assignment.	[]	"[""chinese"",""traditional"",""radicals"",""frequency"",""character-to-radical"",""one-way"",""part-3""]"
zh-traditional-radicals-frequency-iii/0509/character-to-radical	III	vocabulary	509	zh-Hant	zh-Hant	怕	"[""心""]"	[]		"[""zh-Hant.frequency.0509"",""zh.radical.kangxi.061""]"	[]	[]	sources/characters.tsv	frequency rank 509; Ministry common-character number 1326	怕: frequency rank 509; 505 appearances (0.04184%); Unihan kRSUnicode 61.5; Kangxi radical 61 心; Unihan kRSUnicode single radical assignment.	[]	"[""chinese"",""traditional"",""radicals"",""frequency"",""character-to-radical"",""one-way"",""part-3""]"
zh-traditional-radicals-frequency-iii/0510/character-to-radical	III	vocabulary	510	zh-Hant	zh-Hant	骨	"[""骨""]"	[]		"[""zh-Hant.frequency.0510"",""zh.radical.kangxi.188""]"	[]	[]	sources/characters.tsv	frequency rank 510; Ministry common-character number 4657	骨: frequency rank 510; 504 appearances (0.04175%); Unihan kRSUnicode 188.0; Kangxi radical 188 骨; Unihan kRSUnicode single radical assignment.	[]	"[""chinese"",""traditional"",""radicals"",""frequency"",""character-to-radical"",""one-way"",""part-3""]"
zh-traditional-radicals-frequency-iii/0511/character-to-radical	III	vocabulary	511	zh-Hant	zh-Hant	縣	"[""糸""]"	[]		"[""zh-Hant.frequency.0511"",""zh.radical.kangxi.120""]"	[]	[]	sources/characters.tsv	frequency rank 511; Ministry common-character number 3164	縣: frequency rank 511; 504 appearances (0.04175%); Unihan kRSUnicode 120.10; Kangxi radical 120 糸; Unihan kRSUnicode single radical assignment.	[]	"[""chinese"",""traditional"",""radicals"",""frequency"",""character-to-radical"",""one-way"",""part-3""]"
zh-traditional-radicals-frequency-iii/0512/character-to-radical	III	vocabulary	512	zh-Hant	zh-Hant	程	"[""禾""]"	[]		"[""zh-Hant.frequency.0512"",""zh.radical.kangxi.115""]"	[]	[]	sources/characters.tsv	frequency rank 512; Ministry common-character number 2928	程: frequency rank 512; 499 appearances (0.04134%); Unihan kRSUnicode 115.7; Kangxi radical 115 禾; Unihan kRSUnicode single radical assignment.	[]	"[""chinese"",""traditional"",""radicals"",""frequency"",""character-to-radical"",""one-way"",""part-3""]"
zh-traditional-radicals-frequency-iii/0513/character-to-radical	III	vocabulary	513	zh-Hant	zh-Hant	忙	"[""心""]"	[]		"[""zh-Hant.frequency.0513"",""zh.radical.kangxi.061""]"	[]	[]	sources/characters.tsv	frequency rank 513; Ministry common-character number 1307	忙: frequency rank 513; 497 appearances (0.04117%); Unihan kRSUnicode 61.3; Kangxi radical 61 心; Unihan kRSUnicode single radical assignment.	[]	"[""chinese"",""traditional"",""radicals"",""frequency"",""character-to-radical"",""one-way"",""part-3""]"
zh-traditional-radicals-frequency-iii/0514/character-to-radical	III	vocabulary	514	zh-Hant	zh-Hant	室	"[""宀""]"	[]		"[""zh-Hant.frequency.0514"",""zh.radical.kangxi.040""]"	[]	[]	sources/characters.tsv	frequency rank 514; Ministry common-character number 1021	室: frequency rank 514; 494 appearances (0.04092%); Unihan kRSUnicode 40.6; Kangxi radical 40 宀; Unihan kRSUnicode single radical assignment.	[]	"[""chinese"",""traditional"",""radicals"",""frequency"",""character-to-radical"",""one-way"",""part-3""]"
zh-traditional-radicals-frequency-iii/0515/character-to-radical	III	vocabulary	515	zh-Hant	zh-Hant	蟲	"[""虫""]"	[]		"[""zh-Hant.frequency.0515"",""zh.radical.kangxi.142""]"	[]	[]	sources/characters.tsv	frequency rank 515; Ministry common-character number 3683	蟲: frequency rank 515; 493 appearances (0.04084%); Unihan kRSUnicode 142.12; Kangxi radical 142 虫; Unihan kRSUnicode single radical assignment.	[]	"[""chinese"",""traditional"",""radicals"",""frequency"",""character-to-radical"",""one-way"",""part-3""]"
zh-traditional-radicals-frequency-iii/0516/character-to-radical	III	vocabulary	516	zh-Hant	zh-Hant	克	"[""儿""]"	[]		"[""zh-Hant.frequency.0516"",""zh.radical.kangxi.010""]"	[]	[]	sources/characters.tsv	frequency rank 516; Ministry common-character number 273	克: frequency rank 516; 492 appearances (0.04076%); Unihan kRSUnicode 10.5; Kangxi radical 10 儿; Unihan kRSUnicode single radical assignment.	[]	"[""chinese"",""traditional"",""radicals"",""frequency"",""character-to-radical"",""one-way"",""part-3""]"
zh-traditional-radicals-frequency-iii/0517/character-to-radical	III	vocabulary	517	zh-Hant	zh-Hant	跳	"[""足""]"	[]		"[""zh-Hant.frequency.0517"",""zh.radical.kangxi.157""]"	[]	[]	sources/characters.tsv	frequency rank 517; Ministry common-character number 4016	跳: frequency rank 517; 492 appearances (0.04076%); Unihan kRSUnicode 157.6; Kangxi radical 157 足; Unihan kRSUnicode single radical assignment.	[]	"[""chinese"",""traditional"",""radicals"",""frequency"",""character-to-radical"",""one-way"",""part-3""]"
zh-traditional-radicals-frequency-iii/0518/character-to-radical	III	vocabulary	518	zh-Hant	zh-Hant	台	"[""口""]"	[]		"[""zh-Hant.frequency.0518"",""zh.radical.kangxi.030""]"	[]	[]	sources/characters.tsv	frequency rank 518; Ministry common-character number 496	台: frequency rank 518; 490 appearances (0.04059%); Unihan kRSUnicode 30.2; Kangxi radical 30 口; Unihan kRSUnicode single radical assignment.	[]	"[""chinese"",""traditional"",""radicals"",""frequency"",""character-to-radical"",""one-way"",""part-3""]"
zh-traditional-radicals-frequency-iii/0519/character-to-radical	III	vocabulary	519	zh-Hant	zh-Hant	鄉	"[""邑""]"	[]		"[""zh-Hant.frequency.0519"",""zh.radical.kangxi.163""]"	[]	[]	sources/characters.tsv	frequency rank 519; Ministry common-character number 4217	鄉: frequency rank 519; 490 appearances (0.04059%); Unihan kRSUnicode 163.9; Kangxi radical 163 邑; Unihan kRSUnicode single radical assignment.	[]	"[""chinese"",""traditional"",""radicals"",""frequency"",""character-to-radical"",""one-way"",""part-3""]"
zh-traditional-radicals-frequency-iii/0520/character-to-radical	III	vocabulary	520	zh-Hant	zh-Hant	論	"[""言""]"	[]		"[""zh-Hant.frequency.0520"",""zh.radical.kangxi.149""]"	[]	[]	sources/characters.tsv	frequency rank 520; Ministry common-character number 3856	論: frequency rank 520; 490 appearances (0.04059%); Unihan kRSUnicode 149.8; Kangxi radical 149 言; Unihan kRSUnicode single radical assignment.	[]	"[""chinese"",""traditional"",""radicals"",""frequency"",""character-to-radical"",""one-way"",""part-3""]"
zh-traditional-radicals-frequency-iii/0521/character-to-radical	III	vocabulary	521	zh-Hant	zh-Hant	娘	"[""女""]"	[]		"[""zh-Hant.frequency.0521"",""zh.radical.kangxi.038""]"	[]	[]	sources/characters.tsv	frequency rank 521; Ministry common-character number 927	娘: frequency rank 521; 489 appearances (0.04051%); Unihan kRSUnicode 38.7; Kangxi radical 38 女; Unihan kRSUnicode single radical assignment.	[]	"[""chinese"",""traditional"",""radicals"",""frequency"",""character-to-radical"",""one-way"",""part-3""]"
zh-traditional-radicals-frequency-iii/0522/character-to-radical	III	vocabulary	522	zh-Hant	zh-Hant	族	"[""方""]"	[]		"[""zh-Hant.frequency.0522"",""zh.radical.kangxi.070""]"	[]	[]	sources/characters.tsv	frequency rank 522; Ministry common-character number 1764	族: frequency rank 522; 487 appearances (0.04034%); Unihan kRSUnicode 70.7; Kangxi radical 70 方; Unihan kRSUnicode single radical assignment.	[]	"[""chinese"",""traditional"",""radicals"",""frequency"",""character-to-radical"",""one-way"",""part-3""]"
zh-traditional-radicals-frequency-iii/0523/character-to-radical	III	vocabulary	523	zh-Hant	zh-Hant	誰	"[""言""]"	[]		"[""zh-Hant.frequency.0523"",""zh.radical.kangxi.149""]"	[]	[]	sources/characters.tsv	frequency rank 523; Ministry common-character number 3855	誰: frequency rank 523; 486 appearances (0.04026%); Unihan kRSUnicode 149.8; Kangxi radical 149 言; Unihan kRSUnicode single radical assignment.	[]	"[""chinese"",""traditional"",""radicals"",""frequency"",""character-to-radical"",""one-way"",""part-3""]"
zh-traditional-radicals-frequency-iii/0524/character-to-radical	III	vocabulary	524	zh-Hant	zh-Hant	假	"[""人""]"	[]		"[""zh-Hant.frequency.0524"",""zh.radical.kangxi.009""]"	[]	[]	sources/characters.tsv	frequency rank 524; Ministry common-character number 203	假: frequency rank 524; 485 appearances (0.04018%); Unihan kRSUnicode 9.9; Kangxi radical 9 人; Unihan kRSUnicode single radical assignment.	[]	"[""chinese"",""traditional"",""radicals"",""frequency"",""character-to-radical"",""one-way"",""part-3""]"
zh-traditional-radicals-frequency-iii/0525/character-to-radical	III	vocabulary	525	zh-Hant	zh-Hant	怪	"[""心""]"	[]		"[""zh-Hant.frequency.0525"",""zh.radical.kangxi.061""]"	[]	[]	sources/characters.tsv	frequency rank 525; Ministry common-character number 1325	怪: frequency rank 525; 483 appearances (0.04001%); Unihan kRSUnicode 61.5; Kangxi radical 61 心; Unihan kRSUnicode single radical assignment.	[]	"[""chinese"",""traditional"",""radicals"",""frequency"",""character-to-radical"",""one-way"",""part-3""]"
zh-traditional-radicals-frequency-iii/0526/character-to-radical	III	vocabulary	526	zh-Hant	zh-Hant	植	"[""木""]"	[]		"[""zh-Hant.frequency.0526"",""zh.radical.kangxi.075""]"	[]	[]	sources/characters.tsv	frequency rank 526; Ministry common-character number 1968	植: frequency rank 526; 483 appearances (0.04001%); Unihan kRSUnicode 75.8; Kangxi radical 75 木; Unihan kRSUnicode single radical assignment.	[]	"[""chinese"",""traditional"",""radicals"",""frequency"",""character-to-radical"",""one-way"",""part-3""]"
zh-traditional-radicals-frequency-iii/0527/character-to-radical	III	vocabulary	527	zh-Hant	zh-Hant	環	"[""玉""]"	[]		"[""zh-Hant.frequency.0527"",""zh.radical.kangxi.096""]"	[]	[]	sources/characters.tsv	frequency rank 527; Ministry common-character number 2604	環: frequency rank 527; 483 appearances (0.04001%); Unihan kRSUnicode 96.13; Kangxi radical 96 玉; Unihan kRSUnicode single radical assignment.	[]	"[""chinese"",""traditional"",""radicals"",""frequency"",""character-to-radical"",""one-way"",""part-3""]"
zh-traditional-radicals-frequency-iii/0528/character-to-radical	III	vocabulary	528	zh-Hant	zh-Hant	料	"[""斗""]"	[]		"[""zh-Hant.frequency.0528"",""zh.radical.kangxi.068""]"	[]	[]	sources/characters.tsv	frequency rank 528; Ministry common-character number 1747	料: frequency rank 528; 482 appearances (0.03993%); Unihan kRSUnicode 68.6; Kangxi radical 68 斗; Unihan kRSUnicode single radical assignment.	[]	"[""chinese"",""traditional"",""radicals"",""frequency"",""character-to-radical"",""one-way"",""part-3""]"
zh-traditional-radicals-frequency-iii/0529/character-to-radical	III	vocabulary	529	zh-Hant	zh-Hant	黑	"[""黑""]"	[]		"[""zh-Hant.frequency.0529"",""zh.radical.kangxi.203""]"	[]	[]	sources/characters.tsv	frequency rank 529; Ministry common-character number 4771	黑: frequency rank 529; 482 appearances (0.03993%); Unihan kRSUnicode 203.0; Kangxi radical 203 黑; Unihan kRSUnicode single radical assignment.	[]	"[""chinese"",""traditional"",""radicals"",""frequency"",""character-to-radical"",""one-way"",""part-3""]"
zh-traditional-radicals-frequency-iii/0530/character-to-radical	III	vocabulary	530	zh-Hant	zh-Hant	響	"[""音""]"	[]		"[""zh-Hant.frequency.0530"",""zh.radical.kangxi.180""]"	[]	[]	sources/characters.tsv	frequency rank 530; Ministry common-character number 4535	響: frequency rank 530; 480 appearances (0.03976%); Unihan kRSUnicode 180.11; Kangxi radical 180 音; Unihan kRSUnicode single radical assignment.	[]	"[""chinese"",""traditional"",""radicals"",""frequency"",""character-to-radical"",""one-way"",""part-3""]"
zh-traditional-radicals-frequency-iii/0531/character-to-radical	III	vocabulary	531	zh-Hant	zh-Hant	裝	"[""衣""]"	[]		"[""zh-Hant.frequency.0531"",""zh.radical.kangxi.145""]"	[]	[]	sources/characters.tsv	frequency rank 531; Ministry common-character number 3731	裝: frequency rank 531; 479 appearances (0.03968%); Unihan kRSUnicode 145.7; Kangxi radical 145 衣; Unihan kRSUnicode single radical assignment.	[]	"[""chinese"",""traditional"",""radicals"",""frequency"",""character-to-radical"",""one-way"",""part-3""]"
zh-traditional-radicals-frequency-iii/0532/character-to-radical	III	vocabulary	532	zh-Hant	zh-Hant	牛	"[""牛""]"	[]		"[""zh-Hant.frequency.0532"",""zh.radical.kangxi.093""]"	[]	[]	sources/characters.tsv	frequency rank 532; Ministry common-character number 2486	牛: frequency rank 532; 478 appearances (0.03960%); Unihan kRSUnicode 93.0; Kangxi radical 93 牛; Unihan kRSUnicode single radical assignment.	[]	"[""chinese"",""traditional"",""radicals"",""frequency"",""character-to-radical"",""one-way"",""part-3""]"
zh-traditional-radicals-frequency-iii/0533/character-to-radical	III	vocabulary	533	zh-Hant	zh-Hant	英	"[""艸""]"	[]		"[""zh-Hant.frequency.0533"",""zh.radical.kangxi.140""]"	[]	[]	sources/characters.tsv	frequency rank 533; Ministry common-character number 3455	英: frequency rank 533; 478 appearances (0.03960%); Unihan kRSUnicode 140.5; Kangxi radical 140 艸; Unihan kRSUnicode single radical assignment.	[]	"[""chinese"",""traditional"",""radicals"",""frequency"",""character-to-radical"",""one-way"",""part-3""]"
zh-traditional-radicals-frequency-iii/0534/character-to-radical	III	vocabulary	534	zh-Hant	zh-Hant	禮	"[""示""]"	[]		"[""zh-Hant.frequency.0534"",""zh.radical.kangxi.113""]"	[]	[]	sources/characters.tsv	frequency rank 534; Ministry common-character number 2906	禮: frequency rank 534; 474 appearances (0.03927%); Unihan kRSUnicode 113.13; Kangxi radical 113 示; Unihan kRSUnicode single radical assignment.	[]	"[""chinese"",""traditional"",""radicals"",""frequency"",""character-to-radical"",""one-way"",""part-3""]"
zh-traditional-radicals-frequency-iii/0535/character-to-radical	III	vocabulary	535	zh-Hant	zh-Hant	紀	"[""糸""]"	[]		"[""zh-Hant.frequency.0535"",""zh.radical.kangxi.120""]"	[]	[]	sources/characters.tsv	frequency rank 535; Ministry common-character number 3084	紀: frequency rank 535; 473 appearances (0.03918%); Unihan kRSUnicode 120.3; Kangxi radical 120 糸; Unihan kRSUnicode single radical assignment.	[]	"[""chinese"",""traditional"",""radicals"",""frequency"",""character-to-radical"",""one-way"",""part-3""]"
zh-traditional-radicals-frequency-iii/0536/character-to-radical	III	vocabulary	536	zh-Hant	zh-Hant	唱	"[""口""]"	[]		"[""zh-Hant.frequency.0536"",""zh.radical.kangxi.030""]"	[]	[]	sources/characters.tsv	frequency rank 536; Ministry common-character number 608	唱: frequency rank 536; 472 appearances (0.03910%); Unihan kRSUnicode 30.8; Kangxi radical 30 口; Unihan kRSUnicode single radical assignment.	[]	"[""chinese"",""traditional"",""radicals"",""frequency"",""character-to-radical"",""one-way"",""part-3""]"
zh-traditional-radicals-frequency-iii/0537/character-to-radical	III	vocabulary	537	zh-Hant	zh-Hant	資	"[""貝""]"	[]		"[""zh-Hant.frequency.0537"",""zh.radical.kangxi.154""]"	[]	[]	sources/characters.tsv	frequency rank 537; Ministry common-character number 3951	資: frequency rank 537; 470 appearances (0.03894%); Unihan kRSUnicode 154.6; Kangxi radical 154 貝; Unihan kRSUnicode single radical assignment.	[]	"[""chinese"",""traditional"",""radicals"",""frequency"",""character-to-radical"",""one-way"",""part-3""]"
zh-traditional-radicals-frequency-iii/0538/character-to-radical	III	vocabulary	538	zh-Hant	zh-Hant	倒	"[""人""]"	[]		"[""zh-Hant.frequency.0538"",""zh.radical.kangxi.009""]"	[]	[]	sources/characters.tsv	frequency rank 538; Ministry common-character number 182	倒: frequency rank 538; 469 appearances (0.03885%); Unihan kRSUnicode 9.8; Kangxi radical 9 人; Unihan kRSUnicode single radical assignment.	[]	"[""chinese"",""traditional"",""radicals"",""frequency"",""character-to-radical"",""one-way"",""part-3""]"
zh-traditional-radicals-frequency-iii/0539/character-to-radical	III	vocabulary	539	zh-Hant	zh-Hant	排	"[""手""]"	[]		"[""zh-Hant.frequency.0539"",""zh.radical.kangxi.064""]"	[]	[]	sources/characters.tsv	frequency rank 539; Ministry common-character number 1608	排: frequency rank 539; 469 appearances (0.03885%); Unihan kRSUnicode 64.8; Kangxi radical 64 手; Unihan kRSUnicode single radical assignment.	[]	"[""chinese"",""traditional"",""radicals"",""frequency"",""character-to-radical"",""one-way"",""part-3""]"
zh-traditional-radicals-frequency-iii/0540/character-to-radical	III	vocabulary	540	zh-Hant	zh-Hant	越	"[""走""]"	[]		"[""zh-Hant.frequency.0540"",""zh.radical.kangxi.156""]"	[]	[]	sources/characters.tsv	frequency rank 540; Ministry common-character number 3993	越: frequency rank 540; 469 appearances (0.03885%); Unihan kRSUnicode 156.5; Kangxi radical 156 走; Unihan kRSUnicode single radical assignment.	[]	"[""chinese"",""traditional"",""radicals"",""frequency"",""character-to-radical"",""one-way"",""part-3""]"
zh-traditional-radicals-frequency-iii/0541/character-to-radical	III	vocabulary	541	zh-Hant	zh-Hant	朝	"[""月""]"	[]		"[""zh-Hant.frequency.0541"",""zh.radical.kangxi.074""]"	[]	[]	sources/characters.tsv	frequency rank 541; Ministry common-character number 1850	朝: frequency rank 541; 469 appearances (0.03885%); Unihan kRSUnicode 74.8; Kangxi radical 74 月; Unihan kRSUnicode single radical assignment.	[]	"[""chinese"",""traditional"",""radicals"",""frequency"",""character-to-radical"",""one-way"",""part-3""]"
zh-traditional-radicals-frequency-iii/0542/character-to-radical	III	vocabulary	542	zh-Hant	zh-Hant	備	"[""人""]"	[]		"[""zh-Hant.frequency.0542"",""zh.radical.kangxi.009""]"	[]	[]	sources/characters.tsv	frequency rank 542; Ministry common-character number 220	備: frequency rank 542; 466 appearances (0.03860%); Unihan kRSUnicode 9.10; Kangxi radical 9 人; Unihan kRSUnicode single radical assignment.	[]	"[""chinese"",""traditional"",""radicals"",""frequency"",""character-to-radical"",""one-way"",""part-3""]"
zh-traditional-radicals-frequency-iii/0543/character-to-radical	III	vocabulary	543	zh-Hant	zh-Hant	船	"[""舟""]"	[]		"[""zh-Hant.frequency.0543"",""zh.radical.kangxi.137""]"	[]	[]	sources/characters.tsv	frequency rank 543; Ministry common-character number 3419	船: frequency rank 543; 464 appearances (0.03844%); Unihan kRSUnicode 137.5; Kangxi radical 137 舟; Unihan kRSUnicode single radical assignment.	[]	"[""chinese"",""traditional"",""radicals"",""frequency"",""character-to-radical"",""one-way"",""part-3""]"
zh-traditional-radicals-frequency-iii/0544/character-to-radical	III	vocabulary	544	zh-Hant	zh-Hant	坐	"[""土""]"	[]		"[""zh-Hant.frequency.0544"",""zh.radical.kangxi.032""]"	[]	[]	sources/characters.tsv	frequency rank 544; Ministry common-character number 754	坐: frequency rank 544; 463 appearances (0.03836%); Unihan kRSUnicode 32.4; Kangxi radical 32 土; Unihan kRSUnicode single radical assignment.	[]	"[""chinese"",""traditional"",""radicals"",""frequency"",""character-to-radical"",""one-way"",""part-3""]"
zh-traditional-radicals-frequency-iii/0545/character-to-radical	III	vocabulary	545	zh-Hant	zh-Hant	病	"[""疒""]"	[]		"[""zh-Hant.frequency.0545"",""zh.radical.kangxi.104""]"	[]	[]	sources/characters.tsv	frequency rank 545; Ministry common-character number 2667	病: frequency rank 545; 461 appearances (0.03819%); Unihan kRSUnicode 104.5; Kangxi radical 104 疒; Unihan kRSUnicode single radical assignment.	[]	"[""chinese"",""traditional"",""radicals"",""frequency"",""character-to-radical"",""one-way"",""part-3""]"
zh-traditional-radicals-frequency-iii/0546/character-to-radical	III	vocabulary	546	zh-Hant	zh-Hant	鐵	"[""金""]"	[]		"[""zh-Hant.frequency.0546"",""zh.radical.kangxi.167""]"	[]	[]	sources/characters.tsv	frequency rank 546; Ministry common-character number 4354	鐵: frequency rank 546; 460 appearances (0.03811%); Unihan kRSUnicode 167.13; Kangxi radical 167 金; Unihan kRSUnicode single radical assignment.	[]	"[""chinese"",""traditional"",""radicals"",""frequency"",""character-to-radical"",""one-way"",""part-3""]"
zh-traditional-radicals-frequency-iii/0547/character-to-radical	III	vocabulary	547	zh-Hant	zh-Hant	視	"[""見""]"	[]		"[""zh-Hant.frequency.0547"",""zh.radical.kangxi.147""]"	[]	[]	sources/characters.tsv	frequency rank 547; Ministry common-character number 3769	視: frequency rank 547; 459 appearances (0.03802%); Unihan kRSUnicode 113.7 147.5; Kangxi radical 147 見; Traditional dictionary radical 見 selected from Unihan alternatives 113.7 and 147.5.	[]	"[""chinese"",""traditional"",""radicals"",""frequency"",""character-to-radical"",""one-way"",""part-3""]"
zh-traditional-radicals-frequency-iii/0548/character-to-radical	III	vocabulary	548	zh-Hant	zh-Hant	史	"[""口""]"	[]		"[""zh-Hant.frequency.0548"",""zh.radical.kangxi.030""]"	[]	[]	sources/characters.tsv	frequency rank 548; Ministry common-character number 494	史: frequency rank 548; 456 appearances (0.03778%); Unihan kRSUnicode 30.2; Kangxi radical 30 口; Unihan kRSUnicode single radical assignment.	[]	"[""chinese"",""traditional"",""radicals"",""frequency"",""character-to-radical"",""one-way"",""part-3""]"
zh-traditional-radicals-frequency-iii/0549/character-to-radical	III	vocabulary	549	zh-Hant	zh-Hant	妹	"[""女""]"	[]		"[""zh-Hant.frequency.0549"",""zh.radical.kangxi.038""]"	[]	[]	sources/characters.tsv	frequency rank 549; Ministry common-character number 902	妹: frequency rank 549; 456 appearances (0.03778%); Unihan kRSUnicode 38.5; Kangxi radical 38 女; Unihan kRSUnicode single radical assignment.	[]	"[""chinese"",""traditional"",""radicals"",""frequency"",""character-to-radical"",""one-way"",""part-3""]"
zh-traditional-radicals-frequency-iii/0550/character-to-radical	III	vocabulary	550	zh-Hant	zh-Hant	板	"[""木""]"	[]		"[""zh-Hant.frequency.0550"",""zh.radical.kangxi.075""]"	[]	[]	sources/characters.tsv	frequency rank 550; Ministry common-character number 1884	板: frequency rank 550; 456 appearances (0.03778%); Unihan kRSUnicode 75.4; Kangxi radical 75 木; Unihan kRSUnicode single radical assignment.	[]	"[""chinese"",""traditional"",""radicals"",""frequency"",""character-to-radical"",""one-way"",""part-3""]"
zh-traditional-radicals-frequency-iii/0551/character-to-radical	III	vocabulary	551	zh-Hant	zh-Hant	紙	"[""糸""]"	[]		"[""zh-Hant.frequency.0551"",""zh.radical.kangxi.120""]"	[]	[]	sources/characters.tsv	frequency rank 551; Ministry common-character number 3100	紙: frequency rank 551; 456 appearances (0.03778%); Unihan kRSUnicode 120.4; Kangxi radical 120 糸; Unihan kRSUnicode single radical assignment.	[]	"[""chinese"",""traditional"",""radicals"",""frequency"",""character-to-radical"",""one-way"",""part-3""]"
zh-traditional-radicals-frequency-iii/0552/character-to-radical	III	vocabulary	552	zh-Hant	zh-Hant	詩	"[""言""]"	[]		"[""zh-Hant.frequency.0552"",""zh.radical.kangxi.149""]"	[]	[]	sources/characters.tsv	frequency rank 552; Ministry common-character number 3818	詩: frequency rank 552; 456 appearances (0.03778%); Unihan kRSUnicode 149.6; Kangxi radical 149 言; Unihan kRSUnicode single radical assignment.	[]	"[""chinese"",""traditional"",""radicals"",""frequency"",""character-to-radical"",""one-way"",""part-3""]"
zh-traditional-radicals-frequency-iii/0553/character-to-radical	III	vocabulary	553	zh-Hant	zh-Hant	狀	"[""犬""]"	[]		"[""zh-Hant.frequency.0553"",""zh.radical.kangxi.094""]"	[]	[]	sources/characters.tsv	frequency rank 553; Ministry common-character number 2511	狀: frequency rank 553; 453 appearances (0.03753%); Unihan kRSUnicode 94.4; Kangxi radical 94 犬; Unihan kRSUnicode single radical assignment.	[]	"[""chinese"",""traditional"",""radicals"",""frequency"",""character-to-radical"",""one-way"",""part-3""]"
zh-traditional-radicals-frequency-iii/0554/character-to-radical	III	vocabulary	554	zh-Hant	zh-Hant	農	"[""辰""]"	[]		"[""zh-Hant.frequency.0554"",""zh.radical.kangxi.161""]"	[]	[]	sources/characters.tsv	frequency rank 554; Ministry common-character number 4111	農: frequency rank 554; 452 appearances (0.03744%); Unihan kRSUnicode 161.6; Kangxi radical 161 辰; Unihan kRSUnicode single radical assignment.	[]	"[""chinese"",""traditional"",""radicals"",""frequency"",""character-to-radical"",""one-way"",""part-3""]"
zh-traditional-radicals-frequency-iii/0555/character-to-radical	III	vocabulary	555	zh-Hant	zh-Hant	趕	"[""走""]"	[]		"[""zh-Hant.frequency.0555"",""zh.radical.kangxi.156""]"	[]	[]	sources/characters.tsv	frequency rank 555; Ministry common-character number 3997	趕: frequency rank 555; 450 appearances (0.03728%); Unihan kRSUnicode 156.7; Kangxi radical 156 走; Unihan kRSUnicode single radical assignment.	[]	"[""chinese"",""traditional"",""radicals"",""frequency"",""character-to-radical"",""one-way"",""part-3""]"
zh-traditional-radicals-frequency-iii/0556/character-to-radical	III	vocabulary	556	zh-Hant	zh-Hant	啦	"[""口""]"	[]		"[""zh-Hant.frequency.0556"",""zh.radical.kangxi.030""]"	[]	[]	sources/characters.tsv	frequency rank 556; Ministry common-character number 602	啦: frequency rank 556; 449 appearances (0.03720%); Unihan kRSUnicode 30.8; Kangxi radical 30 口; Unihan kRSUnicode single radical assignment.	[]	"[""chinese"",""traditional"",""radicals"",""frequency"",""character-to-radical"",""one-way"",""part-3""]"
zh-traditional-radicals-frequency-iii/0557/character-to-radical	III	vocabulary	557	zh-Hant	zh-Hant	錯	"[""金""]"	[]		"[""zh-Hant.frequency.0557"",""zh.radical.kangxi.167""]"	[]	[]	sources/characters.tsv	frequency rank 557; Ministry common-character number 4310	錯: frequency rank 557; 449 appearances (0.03720%); Unihan kRSUnicode 167.8; Kangxi radical 167 金; Unihan kRSUnicode single radical assignment.	[]	"[""chinese"",""traditional"",""radicals"",""frequency"",""character-to-radical"",""one-way"",""part-3""]"
zh-traditional-radicals-frequency-iii/0558/character-to-radical	III	vocabulary	558	zh-Hant	zh-Hant	房	"[""戶""]"	[]		"[""zh-Hant.frequency.0558"",""zh.radical.kangxi.063""]"	[]	[]	sources/characters.tsv	frequency rank 558; Ministry common-character number 1488	房: frequency rank 558; 448 appearances (0.03711%); Unihan kRSUnicode 63.4; Kangxi radical 63 戶; Unihan kRSUnicode single radical assignment.	[]	"[""chinese"",""traditional"",""radicals"",""frequency"",""character-to-radical"",""one-way"",""part-3""]"
zh-traditional-radicals-frequency-iii/0559/character-to-radical	III	vocabulary	559	zh-Hant	zh-Hant	夠	"[""夕""]"	[]		"[""zh-Hant.frequency.0559"",""zh.radical.kangxi.036""]"	[]	[]	sources/characters.tsv	frequency rank 559; Ministry common-character number 844	夠: frequency rank 559; 447 appearances (0.03703%); Unihan kRSUnicode 36.8; Kangxi radical 36 夕; Unihan kRSUnicode single radical assignment.	[]	"[""chinese"",""traditional"",""radicals"",""frequency"",""character-to-radical"",""one-way"",""part-3""]"
zh-traditional-radicals-frequency-iii/0560/character-to-radical	III	vocabulary	560	zh-Hant	zh-Hant	戲	"[""戈""]"	[]		"[""zh-Hant.frequency.0560"",""zh.radical.kangxi.062""]"	[]	[]	sources/characters.tsv	frequency rank 560; Ministry common-character number 1484	戲: frequency rank 560; 446 appearances (0.03695%); Unihan kRSUnicode 62.13; Kangxi radical 62 戈; Unihan kRSUnicode single radical assignment.	[]	"[""chinese"",""traditional"",""radicals"",""frequency"",""character-to-radical"",""one-way"",""part-3""]"
zh-traditional-radicals-frequency-iii/0561/character-to-radical	III	vocabulary	561	zh-Hant	zh-Hant	養	"[""食""]"	[]		"[""zh-Hant.frequency.0561"",""zh.radical.kangxi.184""]"	[]	[]	sources/characters.tsv	frequency rank 561; Ministry common-character number 4597	養: frequency rank 561; 445 appearances (0.03686%); Unihan kRSUnicode 184.6; Kangxi radical 184 食; Unihan kRSUnicode single radical assignment.	[]	"[""chinese"",""traditional"",""radicals"",""frequency"",""character-to-radical"",""one-way"",""part-3""]"
zh-traditional-radicals-frequency-iii/0562/character-to-radical	III	vocabulary	562	zh-Hant	zh-Hant	亞	"[""二""]"	[]		"[""zh-Hant.frequency.0562"",""zh.radical.kangxi.007""]"	[]	[]	sources/characters.tsv	frequency rank 562; Ministry common-character number 57	亞: frequency rank 562; 444 appearances (0.03678%); Unihan kRSUnicode 7.6; Kangxi radical 7 二; Unihan kRSUnicode single radical assignment.	[]	"[""chinese"",""traditional"",""radicals"",""frequency"",""character-to-radical"",""one-way"",""part-3""]"
zh-traditional-radicals-frequency-iii/0563/character-to-radical	III	vocabulary	563	zh-Hant	zh-Hant	員	"[""口""]"	[]		"[""zh-Hant.frequency.0563"",""zh.radical.kangxi.030""]"	[]	[]	sources/characters.tsv	frequency rank 563; Ministry common-character number 594	員: frequency rank 563; 444 appearances (0.03678%); Unihan kRSUnicode 30.7; Kangxi radical 30 口; Unihan kRSUnicode single radical assignment.	[]	"[""chinese"",""traditional"",""radicals"",""frequency"",""character-to-radical"",""one-way"",""part-3""]"
zh-traditional-radicals-frequency-iii/0564/character-to-radical	III	vocabulary	564	zh-Hant	zh-Hant	李	"[""木""]"	[]		"[""zh-Hant.frequency.0564"",""zh.radical.kangxi.075""]"	[]	[]	sources/characters.tsv	frequency rank 564; Ministry common-character number 1864	李: frequency rank 564; 442 appearances (0.03662%); Unihan kRSUnicode 75.3; Kangxi radical 75 木; Unihan kRSUnicode single radical assignment.	[]	"[""chinese"",""traditional"",""radicals"",""frequency"",""character-to-radical"",""one-way"",""part-3""]"
zh-traditional-radicals-frequency-iii/0565/character-to-radical	III	vocabulary	565	zh-Hant	zh-Hant	畢	"[""田""]"	[]		"[""zh-Hant.frequency.0565"",""zh.radical.kangxi.102""]"	[]	[]	sources/characters.tsv	frequency rank 565; Ministry common-character number 2648	畢: frequency rank 565; 440 appearances (0.03645%); Unihan kRSUnicode 102.6; Kangxi radical 102 田; Unihan kRSUnicode single radical assignment.	[]	"[""chinese"",""traditional"",""radicals"",""frequency"",""character-to-radical"",""one-way"",""part-3""]"
zh-traditional-radicals-frequency-iii/0566/character-to-radical	III	vocabulary	566	zh-Hant	zh-Hant	斷	"[""斤""]"	[]		"[""zh-Hant.frequency.0566"",""zh.radical.kangxi.069""]"	[]	[]	sources/characters.tsv	frequency rank 566; Ministry common-character number 1758	斷: frequency rank 566; 438 appearances (0.03628%); Unihan kRSUnicode 69.14; Kangxi radical 69 斤; Unihan kRSUnicode single radical assignment.	[]	"[""chinese"",""traditional"",""radicals"",""frequency"",""character-to-radical"",""one-way"",""part-3""]"
zh-traditional-radicals-frequency-iii/0567/character-to-radical	III	vocabulary	567	zh-Hant	zh-Hant	型	"[""土""]"	[]		"[""zh-Hant.frequency.0567"",""zh.radical.kangxi.032""]"	[]	[]	sources/characters.tsv	frequency rank 567; Ministry common-character number 765	型: frequency rank 567; 435 appearances (0.03604%); Unihan kRSUnicode 32.6; Kangxi radical 32 土; Unihan kRSUnicode single radical assignment.	[]	"[""chinese"",""traditional"",""radicals"",""frequency"",""character-to-radical"",""one-way"",""part-3""]"
zh-traditional-radicals-frequency-iii/0568/character-to-radical	III	vocabulary	568	zh-Hant	zh-Hant	雄	"[""隹""]"	[]		"[""zh-Hant.frequency.0568"",""zh.radical.kangxi.172""]"	[]	[]	sources/characters.tsv	frequency rank 568; Ministry common-character number 4453	雄: frequency rank 568; 435 appearances (0.03604%); Unihan kRSUnicode 172.4; Kangxi radical 172 隹; Unihan kRSUnicode single radical assignment.	[]	"[""chinese"",""traditional"",""radicals"",""frequency"",""character-to-radical"",""one-way"",""part-3""]"
zh-traditional-radicals-frequency-iii/0569/character-to-radical	III	vocabulary	569	zh-Hant	zh-Hant	衣	"[""衣""]"	[]		"[""zh-Hant.frequency.0569"",""zh.radical.kangxi.145""]"	[]	[]	sources/characters.tsv	frequency rank 569; Ministry common-character number 3708	衣: frequency rank 569; 434 appearances (0.03595%); Unihan kRSUnicode 145.0; Kangxi radical 145 衣; Unihan kRSUnicode single radical assignment.	[]	"[""chinese"",""traditional"",""radicals"",""frequency"",""character-to-radical"",""one-way"",""part-3""]"
zh-traditional-radicals-frequency-iii/0570/character-to-radical	III	vocabulary	570	zh-Hant	zh-Hant	消	"[""水""]"	[]		"[""zh-Hant.frequency.0570"",""zh.radical.kangxi.085""]"	[]	[]	sources/characters.tsv	frequency rank 570; Ministry common-character number 2201	消: frequency rank 570; 434 appearances (0.03595%); Unihan kRSUnicode 85.7; Kangxi radical 85 水; Unihan kRSUnicode single radical assignment.	[]	"[""chinese"",""traditional"",""radicals"",""frequency"",""character-to-radical"",""one-way"",""part-3""]"
zh-traditional-radicals-frequency-iii/0571/character-to-radical	III	vocabulary	571	zh-Hant	zh-Hant	奶	"[""女""]"	[]		"[""zh-Hant.frequency.0571"",""zh.radical.kangxi.038""]"	[]	[]	sources/characters.tsv	frequency rank 571; Ministry common-character number 879	奶: frequency rank 571; 432 appearances (0.03579%); Unihan kRSUnicode 38.2; Kangxi radical 38 女; Unihan kRSUnicode single radical assignment.	[]	"[""chinese"",""traditional"",""radicals"",""frequency"",""character-to-radical"",""one-way"",""part-3""]"
zh-traditional-radicals-frequency-iii/0572/character-to-radical	III	vocabulary	572	zh-Hant	zh-Hant	左	"[""工""]"	[]		"[""zh-Hant.frequency.0572"",""zh.radical.kangxi.048""]"	[]	[]	sources/characters.tsv	frequency rank 572; Ministry common-character number 1151	左: frequency rank 572; 431 appearances (0.03570%); Unihan kRSUnicode 48.2; Kangxi radical 48 工; Unihan kRSUnicode single radical assignment.	[]	"[""chinese"",""traditional"",""radicals"",""frequency"",""character-to-radical"",""one-way"",""part-3""]"
zh-traditional-radicals-frequency-iii/0573/character-to-radical	III	vocabulary	573	zh-Hant	zh-Hant	恐	"[""心""]"	[]		"[""zh-Hant.frequency.0573"",""zh.radical.kangxi.061""]"	[]	[]	sources/characters.tsv	frequency rank 573; Ministry common-character number 1348	恐: frequency rank 573; 431 appearances (0.03570%); Unihan kRSUnicode 61.6; Kangxi radical 61 心; Unihan kRSUnicode single radical assignment.	[]	"[""chinese"",""traditional"",""radicals"",""frequency"",""character-to-radical"",""one-way"",""part-3""]"
zh-traditional-radicals-frequency-iii/0574/character-to-radical	III	vocabulary	574	zh-Hant	zh-Hant	塊	"[""土""]"	[]		"[""zh-Hant.frequency.0574"",""zh.radical.kangxi.032""]"	[]	[]	sources/characters.tsv	frequency rank 574; Ministry common-character number 802	塊: frequency rank 574; 429 appearances (0.03554%); Unihan kRSUnicode 32.10; Kangxi radical 32 土; Unihan kRSUnicode single radical assignment.	[]	"[""chinese"",""traditional"",""radicals"",""frequency"",""character-to-radical"",""one-way"",""part-3""]"
zh-traditional-radicals-frequency-iii/0575/character-to-radical	III	vocabulary	575	zh-Hant	zh-Hant	座	"[""广""]"	[]		"[""zh-Hant.frequency.0575"",""zh.radical.kangxi.053""]"	[]	[]	sources/characters.tsv	frequency rank 575; Ministry common-character number 1213	座: frequency rank 575; 428 appearances (0.03546%); Unihan kRSUnicode 53.7; Kangxi radical 53 广; Unihan kRSUnicode single radical assignment.	[]	"[""chinese"",""traditional"",""radicals"",""frequency"",""character-to-radical"",""one-way"",""part-3""]"
zh-traditional-radicals-frequency-iii/0576/character-to-radical	III	vocabulary	576	zh-Hant	zh-Hant	尺	"[""尸""]"	[]		"[""zh-Hant.frequency.0576"",""zh.radical.kangxi.044""]"	[]	[]	sources/characters.tsv	frequency rank 576; Ministry common-character number 1077	尺: frequency rank 576; 427 appearances (0.03537%); Unihan kRSUnicode 44.1; Kangxi radical 44 尸; Unihan kRSUnicode single radical assignment.	[]	"[""chinese"",""traditional"",""radicals"",""frequency"",""character-to-radical"",""one-way"",""part-3""]"
zh-traditional-radicals-frequency-iii/0577/character-to-radical	III	vocabulary	577	zh-Hant	zh-Hant	終	"[""糸""]"	[]		"[""zh-Hant.frequency.0577"",""zh.radical.kangxi.120""]"	[]	[]	sources/characters.tsv	frequency rank 577; Ministry common-character number 3113	終: frequency rank 577; 427 appearances (0.03537%); Unihan kRSUnicode 120.5; Kangxi radical 120 糸; Unihan kRSUnicode single radical assignment.	[]	"[""chinese"",""traditional"",""radicals"",""frequency"",""character-to-radical"",""one-way"",""part-3""]"
zh-traditional-radicals-frequency-iii/0578/character-to-radical	III	vocabulary	578	zh-Hant	zh-Hant	燈	"[""火""]"	[]		"[""zh-Hant.frequency.0578"",""zh.radical.kangxi.086""]"	[]	[]	sources/characters.tsv	frequency rank 578; Ministry common-character number 2444	燈: frequency rank 578; 427 appearances (0.03537%); Unihan kRSUnicode 86.12; Kangxi radical 86 火; Unihan kRSUnicode single radical assignment.	[]	"[""chinese"",""traditional"",""radicals"",""frequency"",""character-to-radical"",""one-way"",""part-3""]"
zh-traditional-radicals-frequency-iii/0579/character-to-radical	III	vocabulary	579	zh-Hant	zh-Hant	緊	"[""糸""]"	[]		"[""zh-Hant.frequency.0579"",""zh.radical.kangxi.120""]"	[]	[]	sources/characters.tsv	frequency rank 579; Ministry common-character number 3135	緊: frequency rank 579; 425 appearances (0.03521%); Unihan kRSUnicode 120.8; Kangxi radical 120 糸; Unihan kRSUnicode single radical assignment.	[]	"[""chinese"",""traditional"",""radicals"",""frequency"",""character-to-radical"",""one-way"",""part-3""]"
zh-traditional-radicals-frequency-iii/0580/character-to-radical	III	vocabulary	580	zh-Hant	zh-Hant	團	"[""囗""]"	[]		"[""zh-Hant.frequency.0580"",""zh.radical.kangxi.031""]"	[]	[]	sources/characters.tsv	frequency rank 580; Ministry common-character number 738	團: frequency rank 580; 424 appearances (0.03512%); Unihan kRSUnicode 31.11; Kangxi radical 31 囗; Unihan kRSUnicode single radical assignment.	[]	"[""chinese"",""traditional"",""radicals"",""frequency"",""character-to-radical"",""one-way"",""part-3""]"
zh-traditional-radicals-frequency-iii/0581/character-to-radical	III	vocabulary	581	zh-Hant	zh-Hant	層	"[""尸""]"	[]		"[""zh-Hant.frequency.0581"",""zh.radical.kangxi.044""]"	[]	[]	sources/characters.tsv	frequency rank 581; Ministry common-character number 1096	層: frequency rank 581; 424 appearances (0.03512%); Unihan kRSUnicode 44.12; Kangxi radical 44 尸; Unihan kRSUnicode single radical assignment.	[]	"[""chinese"",""traditional"",""radicals"",""frequency"",""character-to-radical"",""one-way"",""part-3""]"
zh-traditional-radicals-frequency-iii/0582/character-to-radical	III	vocabulary	582	zh-Hant	zh-Hant	油	"[""水""]"	[]		"[""zh-Hant.frequency.0582"",""zh.radical.kangxi.085""]"	[]	[]	sources/characters.tsv	frequency rank 582; Ministry common-character number 2172	油: frequency rank 582; 422 appearances (0.03496%); Unihan kRSUnicode 85.5; Kangxi radical 85 水; Unihan kRSUnicode single radical assignment.	[]	"[""chinese"",""traditional"",""radicals"",""frequency"",""character-to-radical"",""one-way"",""part-3""]"
zh-traditional-radicals-frequency-iii/0583/character-to-radical	III	vocabulary	583	zh-Hant	zh-Hant	院	"[""阜""]"	[]		"[""zh-Hant.frequency.0583"",""zh.radical.kangxi.170""]"	[]	[]	sources/characters.tsv	frequency rank 583; Ministry common-character number 4415	院: frequency rank 583; 422 appearances (0.03496%); Unihan kRSUnicode 170.7; Kangxi radical 170 阜; Unihan kRSUnicode single radical assignment.	[]	"[""chinese"",""traditional"",""radicals"",""frequency"",""character-to-radical"",""one-way"",""part-3""]"
zh-traditional-radicals-frequency-iii/0584/character-to-radical	III	vocabulary	584	zh-Hant	zh-Hant	察	"[""宀""]"	[]		"[""zh-Hant.frequency.0584"",""zh.radical.kangxi.040""]"	[]	[]	sources/characters.tsv	frequency rank 584; Ministry common-character number 1050	察: frequency rank 584; 420 appearances (0.03479%); Unihan kRSUnicode 40.11; Kangxi radical 40 宀; Unihan kRSUnicode single radical assignment.	[]	"[""chinese"",""traditional"",""radicals"",""frequency"",""character-to-radical"",""one-way"",""part-3""]"
zh-traditional-radicals-frequency-iii/0585/character-to-radical	III	vocabulary	585	zh-Hant	zh-Hant	助	"[""力""]"	[]		"[""zh-Hant.frequency.0585"",""zh.radical.kangxi.019""]"	[]	[]	sources/characters.tsv	frequency rank 585; Ministry common-character number 384	助: frequency rank 585; 419 appearances (0.03471%); Unihan kRSUnicode 19.5; Kangxi radical 19 力; Unihan kRSUnicode single radical assignment.	[]	"[""chinese"",""traditional"",""radicals"",""frequency"",""character-to-radical"",""one-way"",""part-3""]"
zh-traditional-radicals-frequency-iii/0586/character-to-radical	III	vocabulary	586	zh-Hant	zh-Hant	準	"[""水""]"	[]		"[""zh-Hant.frequency.0586"",""zh.radical.kangxi.085""]"	[]	[]	sources/characters.tsv	frequency rank 586; Ministry common-character number 2292	準: frequency rank 586; 419 appearances (0.03471%); Unihan kRSUnicode 85.10; Kangxi radical 85 水; Unihan kRSUnicode single radical assignment.	[]	"[""chinese"",""traditional"",""radicals"",""frequency"",""character-to-radical"",""one-way"",""part-3""]"
zh-traditional-radicals-frequency-iii/0587/character-to-radical	III	vocabulary	587	zh-Hant	zh-Hant	決	"[""水""]"	[]		"[""zh-Hant.frequency.0587"",""zh.radical.kangxi.085""]"	[]	[]	sources/characters.tsv	frequency rank 587; Ministry common-character number 2145	決: frequency rank 587; 418 appearances (0.03463%); Unihan kRSUnicode 85.4; Kangxi radical 85 水; Unihan kRSUnicode single radical assignment.	[]	"[""chinese"",""traditional"",""radicals"",""frequency"",""character-to-radical"",""one-way"",""part-3""]"
zh-traditional-radicals-frequency-iii/0588/character-to-radical	III	vocabulary	588	zh-Hant	zh-Hant	伯	"[""人""]"	[]		"[""zh-Hant.frequency.0588"",""zh.radical.kangxi.009""]"	[]	[]	sources/characters.tsv	frequency rank 588; Ministry common-character number 125	伯: frequency rank 588; 418 appearances (0.03463%); Unihan kRSUnicode 9.5; Kangxi radical 9 人; Unihan kRSUnicode single radical assignment.	[]	"[""chinese"",""traditional"",""radicals"",""frequency"",""character-to-radical"",""one-way"",""part-3""]"
zh-traditional-radicals-frequency-iii/0589/character-to-radical	III	vocabulary	589	zh-Hant	zh-Hant	周	"[""口""]"	[]		"[""zh-Hant.frequency.0589"",""zh.radical.kangxi.030""]"	[]	[]	sources/characters.tsv	frequency rank 589; Ministry common-character number 559	周: frequency rank 589; 417 appearances (0.03454%); Unihan kRSUnicode 30.5; Kangxi radical 30 口; Unihan kRSUnicode single radical assignment.	[]	"[""chinese"",""traditional"",""radicals"",""frequency"",""character-to-radical"",""one-way"",""part-3""]"
zh-traditional-radicals-frequency-iii/0590/character-to-radical	III	vocabulary	590	zh-Hant	zh-Hant	失	"[""大""]"	[]		"[""zh-Hant.frequency.0590"",""zh.radical.kangxi.037""]"	[]	[]	sources/characters.tsv	frequency rank 590; Ministry common-character number 854	失: frequency rank 590; 416 appearances (0.03446%); Unihan kRSUnicode 37.2; Kangxi radical 37 大; Unihan kRSUnicode single radical assignment.	[]	"[""chinese"",""traditional"",""radicals"",""frequency"",""character-to-radical"",""one-way"",""part-3""]"
zh-traditional-radicals-frequency-iii/0591/character-to-radical	III	vocabulary	591	zh-Hant	zh-Hant	易	"[""日""]"	[]		"[""zh-Hant.frequency.0591"",""zh.radical.kangxi.072""]"	[]	[]	sources/characters.tsv	frequency rank 591; Ministry common-character number 1780	易: frequency rank 591; 414 appearances (0.03430%); Unihan kRSUnicode 72.4; Kangxi radical 72 日; Unihan kRSUnicode single radical assignment.	[]	"[""chinese"",""traditional"",""radicals"",""frequency"",""character-to-radical"",""one-way"",""part-3""]"
zh-traditional-radicals-frequency-iii/0592/character-to-radical	III	vocabulary	592	zh-Hant	zh-Hant	依	"[""人""]"	[]		"[""zh-Hant.frequency.0592"",""zh.radical.kangxi.009""]"	[]	[]	sources/characters.tsv	frequency rank 592; Ministry common-character number 131	依: frequency rank 592; 414 appearances (0.03430%); Unihan kRSUnicode 9.6; Kangxi radical 9 人; Unihan kRSUnicode single radical assignment.	[]	"[""chinese"",""traditional"",""radicals"",""frequency"",""character-to-radical"",""one-way"",""part-3""]"
zh-traditional-radicals-frequency-iii/0593/character-to-radical	III	vocabulary	593	zh-Hant	zh-Hant	妳	"[""女""]"	[]		"[""zh-Hant.frequency.0593"",""zh.radical.kangxi.038""]"	[]	[]	sources/characters.tsv	frequency rank 593; Ministry common-character number 912	妳: frequency rank 593; 413 appearances (0.03421%); Unihan kRSUnicode 38.5; Kangxi radical 38 女; Unihan kRSUnicode single radical assignment.	[]	"[""chinese"",""traditional"",""radicals"",""frequency"",""character-to-radical"",""one-way"",""part-3""]"
zh-traditional-radicals-frequency-iii/0594/character-to-radical	III	vocabulary	594	zh-Hant	zh-Hant	吸	"[""口""]"	[]		"[""zh-Hant.frequency.0594"",""zh.radical.kangxi.030""]"	[]	[]	sources/characters.tsv	frequency rank 594; Ministry common-character number 531	吸: frequency rank 594; 413 appearances (0.03421%); Unihan kRSUnicode 30.4; Kangxi radical 30 口; Unihan kRSUnicode single radical assignment.	[]	"[""chinese"",""traditional"",""radicals"",""frequency"",""character-to-radical"",""one-way"",""part-3""]"
zh-traditional-radicals-frequency-iii/0595/character-to-radical	III	vocabulary	595	zh-Hant	zh-Hant	政	"[""攴""]"	[]		"[""zh-Hant.frequency.0595"",""zh.radical.kangxi.066""]"	[]	[]	sources/characters.tsv	frequency rank 595; Ministry common-character number 1720	政: frequency rank 595; 411 appearances (0.03405%); Unihan kRSUnicode 66.4; Kangxi radical 66 攴; Unihan kRSUnicode single radical assignment.	[]	"[""chinese"",""traditional"",""radicals"",""frequency"",""character-to-radical"",""one-way"",""part-3""]"
zh-traditional-radicals-frequency-iii/0596/character-to-radical	III	vocabulary	596	zh-Hant	zh-Hant	停	"[""人""]"	[]		"[""zh-Hant.frequency.0596"",""zh.radical.kangxi.009""]"	[]	[]	sources/characters.tsv	frequency rank 596; Ministry common-character number 202	停: frequency rank 596; 410 appearances (0.03396%); Unihan kRSUnicode 9.9; Kangxi radical 9 人; Unihan kRSUnicode single radical assignment.	[]	"[""chinese"",""traditional"",""radicals"",""frequency"",""character-to-radical"",""one-way"",""part-3""]"
zh-traditional-radicals-frequency-iii/0597/character-to-radical	III	vocabulary	597	zh-Hant	zh-Hant	訴	"[""言""]"	[]		"[""zh-Hant.frequency.0597"",""zh.radical.kangxi.149""]"	[]	[]	sources/characters.tsv	frequency rank 597; Ministry common-character number 3812	訴: frequency rank 597; 410 appearances (0.03396%); Unihan kRSUnicode 149.5; Kangxi radical 149 言; Unihan kRSUnicode single radical assignment.	[]	"[""chinese"",""traditional"",""radicals"",""frequency"",""character-to-radical"",""one-way"",""part-3""]"
zh-traditional-radicals-frequency-iii/0598/character-to-radical	III	vocabulary	598	zh-Hant	zh-Hant	羅	"[""网""]"	[]		"[""zh-Hant.frequency.0598"",""zh.radical.kangxi.122""]"	[]	[]	sources/characters.tsv	frequency rank 598; Ministry common-character number 3213	羅: frequency rank 598; 410 appearances (0.03396%); Unihan kRSUnicode 122.14; Kangxi radical 122 网; Unihan kRSUnicode single radical assignment.	[]	"[""chinese"",""traditional"",""radicals"",""frequency"",""character-to-radical"",""one-way"",""part-3""]"
zh-traditional-radicals-frequency-iii/0599/character-to-radical	III	vocabulary	599	zh-Hant	zh-Hant	必	"[""心""]"	[]		"[""zh-Hant.frequency.0599"",""zh.radical.kangxi.061""]"	[]	[]	sources/characters.tsv	frequency rank 599; Ministry common-character number 1306	必: frequency rank 599; 409 appearances (0.03388%); Unihan kRSUnicode 61.1; Kangxi radical 61 心; Unihan kRSUnicode single radical assignment.	[]	"[""chinese"",""traditional"",""radicals"",""frequency"",""character-to-radical"",""one-way"",""part-3""]"
zh-traditional-radicals-frequency-iii/0600/character-to-radical	III	vocabulary	600	zh-Hant	zh-Hant	婆	"[""女""]"	[]		"[""zh-Hant.frequency.0600"",""zh.radical.kangxi.038""]"	[]	[]	sources/characters.tsv	frequency rank 600; Ministry common-character number 947	婆: frequency rank 600; 409 appearances (0.03388%); Unihan kRSUnicode 38.8; Kangxi radical 38 女; Unihan kRSUnicode single radical assignment.	[]	"[""chinese"",""traditional"",""radicals"",""frequency"",""character-to-radical"",""one-way"",""part-3""]"
