card_id	deck	kind	source_chapter	prompt_language	answer_language	prompt	accepted_answers	distractors	explanation	lexical_ids	grammar_ids	geographic_ids	provenance_path	provenance_locator	provenance_evidence	examples	tags
zh-traditional-radicals-frequency-xx/3801/character-to-radical	XX	vocabulary	3801	zh-Hant	zh-Hant	芥	"[""艸""]"	[]		"[""zh-Hant.frequency.4015"",""zh.radical.kangxi.140""]"	[]	[]	sources/characters.tsv	frequency-order position 3801; corpus frequency rank 4015; Ministry common-character number 3441	芥: frequency-order position 3801; corpus frequency rank 4015; 3 appearances (0.00024%); Unihan kRSUnicode 140.4; Kangxi radical 140 艸; Unihan kRSUnicode single radical assignment.	[]	"[""chinese"",""traditional"",""radicals"",""frequency"",""character-to-radical"",""one-way"",""part-20""]"
zh-traditional-radicals-frequency-xx/3802/character-to-radical	XX	vocabulary	3802	zh-Hant	zh-Hant	坷	"[""土""]"	[]		"[""zh-Hant.frequency.4016"",""zh.radical.kangxi.032""]"	[]	[]	sources/characters.tsv	frequency-order position 3802; corpus frequency rank 4016; Ministry common-character number 757	坷: frequency-order position 3802; corpus frequency rank 4016; 3 appearances (0.00024%); Unihan kRSUnicode 32.5; Kangxi radical 32 土; Unihan kRSUnicode single radical assignment.	[]	"[""chinese"",""traditional"",""radicals"",""frequency"",""character-to-radical"",""one-way"",""part-20""]"
zh-traditional-radicals-frequency-xx/3803/character-to-radical	XX	vocabulary	3803	zh-Hant	zh-Hant	殆	"[""歹""]"	[]		"[""zh-Hant.frequency.4017"",""zh.radical.kangxi.078""]"	[]	[]	sources/characters.tsv	frequency-order position 3803; corpus frequency rank 4017; Ministry common-character number 2080	殆: frequency-order position 3803; corpus frequency rank 4017; 3 appearances (0.00024%); Unihan kRSUnicode 78.5; Kangxi radical 78 歹; Unihan kRSUnicode single radical assignment.	[]	"[""chinese"",""traditional"",""radicals"",""frequency"",""character-to-radical"",""one-way"",""part-20""]"
zh-traditional-radicals-frequency-xx/3804/character-to-radical	XX	vocabulary	3804	zh-Hant	zh-Hant	夙	"[""夕""]"	[]		"[""zh-Hant.frequency.4019"",""zh.radical.kangxi.036""]"	[]	[]	sources/characters.tsv	frequency-order position 3804; corpus frequency rank 4019; Ministry common-character number 841	夙: frequency-order position 3804; corpus frequency rank 4019; 3 appearances (0.00024%); Unihan kRSUnicode 36.3; Kangxi radical 36 夕; Unihan kRSUnicode single radical assignment.	[]	"[""chinese"",""traditional"",""radicals"",""frequency"",""character-to-radical"",""one-way"",""part-20""]"
zh-traditional-radicals-frequency-xx/3805/character-to-radical	XX	vocabulary	3805	zh-Hant	zh-Hant	抉	"[""手""]"	[]		"[""zh-Hant.frequency.4021"",""zh.radical.kangxi.064""]"	[]	[]	sources/characters.tsv	frequency-order position 3805; corpus frequency rank 4021; Ministry common-character number 1509	抉: frequency-order position 3805; corpus frequency rank 4021; 3 appearances (0.00024%); Unihan kRSUnicode 64.4; Kangxi radical 64 手; Unihan kRSUnicode single radical assignment.	[]	"[""chinese"",""traditional"",""radicals"",""frequency"",""character-to-radical"",""one-way"",""part-20""]"
zh-traditional-radicals-frequency-xx/3806/character-to-radical	XX	vocabulary	3806	zh-Hant	zh-Hant	韭	"[""韭""]"	[]		"[""zh-Hant.frequency.4023"",""zh.radical.kangxi.179""]"	[]	[]	sources/characters.tsv	frequency-order position 3806; corpus frequency rank 4023; Ministry common-character number 4529	韭: frequency-order position 3806; corpus frequency rank 4023; 3 appearances (0.00024%); Unihan kRSUnicode 179.0; Kangxi radical 179 韭; Unihan kRSUnicode single radical assignment.	[]	"[""chinese"",""traditional"",""radicals"",""frequency"",""character-to-radical"",""one-way"",""part-20""]"
zh-traditional-radicals-frequency-xx/3807/character-to-radical	XX	vocabulary	3807	zh-Hant	zh-Hant	宥	"[""宀""]"	[]		"[""zh-Hant.frequency.4024"",""zh.radical.kangxi.040""]"	[]	[]	sources/characters.tsv	frequency-order position 3807; corpus frequency rank 4024; Ministry common-character number 1023	宥: frequency-order position 3807; corpus frequency rank 4024; 3 appearances (0.00024%); Unihan kRSUnicode 40.6; Kangxi radical 40 宀; Unihan kRSUnicode single radical assignment.	[]	"[""chinese"",""traditional"",""radicals"",""frequency"",""character-to-radical"",""one-way"",""part-20""]"
zh-traditional-radicals-frequency-xx/3808/character-to-radical	XX	vocabulary	3808	zh-Hant	zh-Hant	栓	"[""木""]"	[]		"[""zh-Hant.frequency.4025"",""zh.radical.kangxi.075""]"	[]	[]	sources/characters.tsv	frequency-order position 3808; corpus frequency rank 4025; Ministry common-character number 1931	栓: frequency-order position 3808; corpus frequency rank 4025; 3 appearances (0.00024%); Unihan kRSUnicode 75.6; Kangxi radical 75 木; Unihan kRSUnicode single radical assignment.	[]	"[""chinese"",""traditional"",""radicals"",""frequency"",""character-to-radical"",""one-way"",""part-20""]"
zh-traditional-radicals-frequency-xx/3809/character-to-radical	XX	vocabulary	3809	zh-Hant	zh-Hant	釗	"[""金""]"	[]		"[""zh-Hant.frequency.4026"",""zh.radical.kangxi.167""]"	[]	[]	sources/characters.tsv	frequency-order position 3809; corpus frequency rank 4026; Ministry common-character number 4264	釗: frequency-order position 3809; corpus frequency rank 4026; 3 appearances (0.00024%); Unihan kRSUnicode 167.2; Kangxi radical 167 金; Unihan kRSUnicode single radical assignment.	[]	"[""chinese"",""traditional"",""radicals"",""frequency"",""character-to-radical"",""one-way"",""part-20""]"
zh-traditional-radicals-frequency-xx/3810/character-to-radical	XX	vocabulary	3810	zh-Hant	zh-Hant	祐	"[""示""]"	[]		"[""zh-Hant.frequency.4027"",""zh.radical.kangxi.113""]"	[]	[]	sources/characters.tsv	frequency-order position 3810; corpus frequency rank 4027; Ministry common-character number 2886	祐: frequency-order position 3810; corpus frequency rank 4027; 3 appearances (0.00024%); Unihan kRSUnicode 113.5; Kangxi radical 113 示; Unihan kRSUnicode single radical assignment.	[]	"[""chinese"",""traditional"",""radicals"",""frequency"",""character-to-radical"",""one-way"",""part-20""]"
zh-traditional-radicals-frequency-xx/3811/character-to-radical	XX	vocabulary	3811	zh-Hant	zh-Hant	尹	"[""丿""]"	[]		"[""zh-Hant.frequency.4028"",""zh.radical.kangxi.004""]"	[]	[]	sources/characters.tsv	frequency-order position 3811; corpus frequency rank 4028; Ministry common-character number 30	尹: frequency-order position 3811; corpus frequency rank 4028; 3 appearances (0.00024%); Unihan kRSUnicode 4.3 44.1; Kangxi radical 4 丿; Reviewed primary Unihan kRSUnicode assignment 4.3 from alternatives 4.3 44.1.	[]	"[""chinese"",""traditional"",""radicals"",""frequency"",""character-to-radical"",""one-way"",""part-20""]"
zh-traditional-radicals-frequency-xx/3812/character-to-radical	XX	vocabulary	3812	zh-Hant	zh-Hant	敖	"[""攴""]"	[]		"[""zh-Hant.frequency.4029"",""zh.radical.kangxi.066""]"	[]	[]	sources/characters.tsv	frequency-order position 3812; corpus frequency rank 4029; Ministry common-character number 1724	敖: frequency-order position 3812; corpus frequency rank 4029; 3 appearances (0.00024%); Unihan kRSUnicode 66.7; Kangxi radical 66 攴; Unihan kRSUnicode single radical assignment.	[]	"[""chinese"",""traditional"",""radicals"",""frequency"",""character-to-radical"",""one-way"",""part-20""]"
zh-traditional-radicals-frequency-xx/3813/character-to-radical	XX	vocabulary	3813	zh-Hant	zh-Hant	姬	"[""女""]"	[]		"[""zh-Hant.frequency.4030"",""zh.radical.kangxi.038""]"	[]	[]	sources/characters.tsv	frequency-order position 3813; corpus frequency rank 4030; Ministry common-character number 932	姬: frequency-order position 3813; corpus frequency rank 4030; 3 appearances (0.00024%); Unihan kRSUnicode 38.7; Kangxi radical 38 女; Unihan kRSUnicode single radical assignment.	[]	"[""chinese"",""traditional"",""radicals"",""frequency"",""character-to-radical"",""one-way"",""part-20""]"
zh-traditional-radicals-frequency-xx/3814/character-to-radical	XX	vocabulary	3814	zh-Hant	zh-Hant	腑	"[""肉""]"	[]		"[""zh-Hant.frequency.4031"",""zh.radical.kangxi.130""]"	[]	[]	sources/characters.tsv	frequency-order position 3814; corpus frequency rank 4031; Ministry common-character number 3339	腑: frequency-order position 3814; corpus frequency rank 4031; 3 appearances (0.00024%); Unihan kRSUnicode 130.8; Kangxi radical 130 肉; Unihan kRSUnicode single radical assignment.	[]	"[""chinese"",""traditional"",""radicals"",""frequency"",""character-to-radical"",""one-way"",""part-20""]"
zh-traditional-radicals-frequency-xx/3815/character-to-radical	XX	vocabulary	3815	zh-Hant	zh-Hant	倪	"[""人""]"	[]		"[""zh-Hant.frequency.4032"",""zh.radical.kangxi.009""]"	[]	[]	sources/characters.tsv	frequency-order position 3815; corpus frequency rank 4032; Ministry common-character number 196	倪: frequency-order position 3815; corpus frequency rank 4032; 3 appearances (0.00024%); Unihan kRSUnicode 9.8; Kangxi radical 9 人; Unihan kRSUnicode single radical assignment.	[]	"[""chinese"",""traditional"",""radicals"",""frequency"",""character-to-radical"",""one-way"",""part-20""]"
zh-traditional-radicals-frequency-xx/3816/character-to-radical	XX	vocabulary	3816	zh-Hant	zh-Hant	斟	"[""斗""]"	[]		"[""zh-Hant.frequency.4033"",""zh.radical.kangxi.068""]"	[]	[]	sources/characters.tsv	frequency-order position 3816; corpus frequency rank 4033; Ministry common-character number 1749	斟: frequency-order position 3816; corpus frequency rank 4033; 3 appearances (0.00024%); Unihan kRSUnicode 68.9; Kangxi radical 68 斗; Unihan kRSUnicode single radical assignment.	[]	"[""chinese"",""traditional"",""radicals"",""frequency"",""character-to-radical"",""one-way"",""part-20""]"
zh-traditional-radicals-frequency-xx/3817/character-to-radical	XX	vocabulary	3817	zh-Hant	zh-Hant	捎	"[""手""]"	[]		"[""zh-Hant.frequency.4034"",""zh.radical.kangxi.064""]"	[]	[]	sources/characters.tsv	frequency-order position 3817; corpus frequency rank 4034; Ministry common-character number 1572	捎: frequency-order position 3817; corpus frequency rank 4034; 3 appearances (0.00024%); Unihan kRSUnicode 64.7; Kangxi radical 64 手; Unihan kRSUnicode single radical assignment.	[]	"[""chinese"",""traditional"",""radicals"",""frequency"",""character-to-radical"",""one-way"",""part-20""]"
zh-traditional-radicals-frequency-xx/3818/character-to-radical	XX	vocabulary	3818	zh-Hant	zh-Hant	詁	"[""言""]"	[]		"[""zh-Hant.frequency.4035"",""zh.radical.kangxi.149""]"	[]	[]	sources/characters.tsv	frequency-order position 3818; corpus frequency rank 4035; Ministry common-character number 3807	詁: frequency-order position 3818; corpus frequency rank 4035; 3 appearances (0.00024%); Unihan kRSUnicode 149.5; Kangxi radical 149 言; Unihan kRSUnicode single radical assignment.	[]	"[""chinese"",""traditional"",""radicals"",""frequency"",""character-to-radical"",""one-way"",""part-20""]"
zh-traditional-radicals-frequency-xx/3819/character-to-radical	XX	vocabulary	3819	zh-Hant	zh-Hant	浦	"[""水""]"	[]		"[""zh-Hant.frequency.4036"",""zh.radical.kangxi.085""]"	[]	[]	sources/characters.tsv	frequency-order position 3819; corpus frequency rank 4036; Ministry common-character number 2203	浦: frequency-order position 3819; corpus frequency rank 4036; 3 appearances (0.00024%); Unihan kRSUnicode 85.7; Kangxi radical 85 水; Unihan kRSUnicode single radical assignment.	[]	"[""chinese"",""traditional"",""radicals"",""frequency"",""character-to-radical"",""one-way"",""part-20""]"
zh-traditional-radicals-frequency-xx/3820/character-to-radical	XX	vocabulary	3820	zh-Hant	zh-Hant	徬	"[""彳""]"	[]		"[""zh-Hant.frequency.4037"",""zh.radical.kangxi.060""]"	[]	[]	sources/characters.tsv	frequency-order position 3820; corpus frequency rank 4037; Ministry common-character number 1299	徬: frequency-order position 3820; corpus frequency rank 4037; 3 appearances (0.00024%); Unihan kRSUnicode 60.10; Kangxi radical 60 彳; Unihan kRSUnicode single radical assignment.	[]	"[""chinese"",""traditional"",""radicals"",""frequency"",""character-to-radical"",""one-way"",""part-20""]"
zh-traditional-radicals-frequency-xx/3821/character-to-radical	XX	vocabulary	3821	zh-Hant	zh-Hant	蚵	"[""虫""]"	[]		"[""zh-Hant.frequency.4038"",""zh.radical.kangxi.142""]"	[]	[]	sources/characters.tsv	frequency-order position 3821; corpus frequency rank 4038; Ministry common-character number 3628	蚵: frequency-order position 3821; corpus frequency rank 4038; 3 appearances (0.00024%); Unihan kRSUnicode 142.5; Kangxi radical 142 虫; Unihan kRSUnicode single radical assignment.	[]	"[""chinese"",""traditional"",""radicals"",""frequency"",""character-to-radical"",""one-way"",""part-20""]"
zh-traditional-radicals-frequency-xx/3822/character-to-radical	XX	vocabulary	3822	zh-Hant	zh-Hant	粥	"[""米""]"	[]		"[""zh-Hant.frequency.4039"",""zh.radical.kangxi.119""]"	[]	[]	sources/characters.tsv	frequency-order position 3822; corpus frequency rank 4039; Ministry common-character number 3061	粥: frequency-order position 3822; corpus frequency rank 4039; 3 appearances (0.00024%); Unihan kRSUnicode 119.6; Kangxi radical 119 米; Unihan kRSUnicode single radical assignment.	[]	"[""chinese"",""traditional"",""radicals"",""frequency"",""character-to-radical"",""one-way"",""part-20""]"
zh-traditional-radicals-frequency-xx/3823/character-to-radical	XX	vocabulary	3823	zh-Hant	zh-Hant	瑁	"[""玉""]"	[]		"[""zh-Hant.frequency.4041"",""zh.radical.kangxi.096""]"	[]	[]	sources/characters.tsv	frequency-order position 3823; corpus frequency rank 4041; Ministry common-character number 2589	瑁: frequency-order position 3823; corpus frequency rank 4041; 3 appearances (0.00024%); Unihan kRSUnicode 96.9; Kangxi radical 96 玉; Unihan kRSUnicode single radical assignment.	[]	"[""chinese"",""traditional"",""radicals"",""frequency"",""character-to-radical"",""one-way"",""part-20""]"
zh-traditional-radicals-frequency-xx/3824/character-to-radical	XX	vocabulary	3824	zh-Hant	zh-Hant	惺	"[""心""]"	[]		"[""zh-Hant.frequency.4042"",""zh.radical.kangxi.061""]"	[]	[]	sources/characters.tsv	frequency-order position 3824; corpus frequency rank 4042; Ministry common-character number 1388	惺: frequency-order position 3824; corpus frequency rank 4042; 3 appearances (0.00024%); Unihan kRSUnicode 61.9; Kangxi radical 61 心; Unihan kRSUnicode single radical assignment.	[]	"[""chinese"",""traditional"",""radicals"",""frequency"",""character-to-radical"",""one-way"",""part-20""]"
zh-traditional-radicals-frequency-xx/3825/character-to-radical	XX	vocabulary	3825	zh-Hant	zh-Hant	窖	"[""穴""]"	[]		"[""zh-Hant.frequency.4043"",""zh.radical.kangxi.116""]"	[]	[]	sources/characters.tsv	frequency-order position 3825; corpus frequency rank 4043; Ministry common-character number 2965	窖: frequency-order position 3825; corpus frequency rank 4043; 3 appearances (0.00024%); Unihan kRSUnicode 116.7; Kangxi radical 116 穴; Unihan kRSUnicode single radical assignment.	[]	"[""chinese"",""traditional"",""radicals"",""frequency"",""character-to-radical"",""one-way"",""part-20""]"
zh-traditional-radicals-frequency-xx/3826/character-to-radical	XX	vocabulary	3826	zh-Hant	zh-Hant	徨	"[""彳""]"	[]		"[""zh-Hant.frequency.4044"",""zh.radical.kangxi.060""]"	[]	[]	sources/characters.tsv	frequency-order position 3826; corpus frequency rank 4044; Ministry common-character number 1298	徨: frequency-order position 3826; corpus frequency rank 4044; 3 appearances (0.00024%); Unihan kRSUnicode 60.9; Kangxi radical 60 彳; Unihan kRSUnicode single radical assignment.	[]	"[""chinese"",""traditional"",""radicals"",""frequency"",""character-to-radical"",""one-way"",""part-20""]"
zh-traditional-radicals-frequency-xx/3827/character-to-radical	XX	vocabulary	3827	zh-Hant	zh-Hant	蛭	"[""虫""]"	[]		"[""zh-Hant.frequency.4045"",""zh.radical.kangxi.142""]"	[]	[]	sources/characters.tsv	frequency-order position 3827; corpus frequency rank 4045; Ministry common-character number 3635	蛭: frequency-order position 3827; corpus frequency rank 4045; 3 appearances (0.00024%); Unihan kRSUnicode 142.6; Kangxi radical 142 虫; Unihan kRSUnicode single radical assignment.	[]	"[""chinese"",""traditional"",""radicals"",""frequency"",""character-to-radical"",""one-way"",""part-20""]"
zh-traditional-radicals-frequency-xx/3828/character-to-radical	XX	vocabulary	3828	zh-Hant	zh-Hant	扉	"[""戶""]"	[]		"[""zh-Hant.frequency.4046"",""zh.radical.kangxi.063""]"	[]	[]	sources/characters.tsv	frequency-order position 3828; corpus frequency rank 4046; Ministry common-character number 1494	扉: frequency-order position 3828; corpus frequency rank 4046; 3 appearances (0.00024%); Unihan kRSUnicode 63.8; Kangxi radical 63 戶; Unihan kRSUnicode single radical assignment.	[]	"[""chinese"",""traditional"",""radicals"",""frequency"",""character-to-radical"",""one-way"",""part-20""]"
zh-traditional-radicals-frequency-xx/3829/character-to-radical	XX	vocabulary	3829	zh-Hant	zh-Hant	斐	"[""文""]"	[]		"[""zh-Hant.frequency.4047"",""zh.radical.kangxi.067""]"	[]	[]	sources/characters.tsv	frequency-order position 3829; corpus frequency rank 4047; Ministry common-character number 1745	斐: frequency-order position 3829; corpus frequency rank 4047; 3 appearances (0.00024%); Unihan kRSUnicode 67.8; Kangxi radical 67 文; Unihan kRSUnicode single radical assignment.	[]	"[""chinese"",""traditional"",""radicals"",""frequency"",""character-to-radical"",""one-way"",""part-20""]"
zh-traditional-radicals-frequency-xx/3830/character-to-radical	XX	vocabulary	3830	zh-Hant	zh-Hant	俾	"[""人""]"	[]		"[""zh-Hant.frequency.4048"",""zh.radical.kangxi.009""]"	[]	[]	sources/characters.tsv	frequency-order position 3830; corpus frequency rank 4048; Ministry common-character number 197	俾: frequency-order position 3830; corpus frequency rank 4048; 3 appearances (0.00024%); Unihan kRSUnicode 9.8; Kangxi radical 9 人; Unihan kRSUnicode single radical assignment.	[]	"[""chinese"",""traditional"",""radicals"",""frequency"",""character-to-radical"",""one-way"",""part-20""]"
zh-traditional-radicals-frequency-xx/3831/character-to-radical	XX	vocabulary	3831	zh-Hant	zh-Hant	毓	"[""毋""]"	[]		"[""zh-Hant.frequency.4049"",""zh.radical.kangxi.080""]"	[]	[]	sources/characters.tsv	frequency-order position 3831; corpus frequency rank 4049; Ministry common-character number 2101	毓: frequency-order position 3831; corpus frequency rank 4049; 3 appearances (0.00024%); Unihan kRSUnicode 80.9; Kangxi radical 80 毋; Unihan kRSUnicode single radical assignment.	[]	"[""chinese"",""traditional"",""radicals"",""frequency"",""character-to-radical"",""one-way"",""part-20""]"
zh-traditional-radicals-frequency-xx/3832/character-to-radical	XX	vocabulary	3832	zh-Hant	zh-Hant	酗	"[""酉""]"	[]		"[""zh-Hant.frequency.4050"",""zh.radical.kangxi.164""]"	[]	[]	sources/characters.tsv	frequency-order position 3832; corpus frequency rank 4050; Ministry common-character number 4231	酗: frequency-order position 3832; corpus frequency rank 4050; 3 appearances (0.00024%); Unihan kRSUnicode 164.4; Kangxi radical 164 酉; Unihan kRSUnicode single radical assignment.	[]	"[""chinese"",""traditional"",""radicals"",""frequency"",""character-to-radical"",""one-way"",""part-20""]"
zh-traditional-radicals-frequency-xx/3833/character-to-radical	XX	vocabulary	3833	zh-Hant	zh-Hant	滂	"[""水""]"	[]		"[""zh-Hant.frequency.4051"",""zh.radical.kangxi.085""]"	[]	[]	sources/characters.tsv	frequency-order position 3833; corpus frequency rank 4051; Ministry common-character number 2281	滂: frequency-order position 3833; corpus frequency rank 4051; 3 appearances (0.00024%); Unihan kRSUnicode 85.10; Kangxi radical 85 水; Unihan kRSUnicode single radical assignment.	[]	"[""chinese"",""traditional"",""radicals"",""frequency"",""character-to-radical"",""one-way"",""part-20""]"
zh-traditional-radicals-frequency-xx/3834/character-to-radical	XX	vocabulary	3834	zh-Hant	zh-Hant	袈	"[""衣""]"	[]		"[""zh-Hant.frequency.4052"",""zh.radical.kangxi.145""]"	[]	[]	sources/characters.tsv	frequency-order position 3834; corpus frequency rank 4052; Ministry common-character number 3717	袈: frequency-order position 3834; corpus frequency rank 4052; 3 appearances (0.00024%); Unihan kRSUnicode 145.5; Kangxi radical 145 衣; Unihan kRSUnicode single radical assignment.	[]	"[""chinese"",""traditional"",""radicals"",""frequency"",""character-to-radical"",""one-way"",""part-20""]"
zh-traditional-radicals-frequency-xx/3835/character-to-radical	XX	vocabulary	3835	zh-Hant	zh-Hant	貂	"[""豸""]"	[]		"[""zh-Hant.frequency.4053"",""zh.radical.kangxi.153""]"	[]	[]	sources/characters.tsv	frequency-order position 3835; corpus frequency rank 4053; Ministry common-character number 3921	貂: frequency-order position 3835; corpus frequency rank 4053; 3 appearances (0.00024%); Unihan kRSUnicode 153.5; Kangxi radical 153 豸; Unihan kRSUnicode single radical assignment.	[]	"[""chinese"",""traditional"",""radicals"",""frequency"",""character-to-radical"",""one-way"",""part-20""]"
zh-traditional-radicals-frequency-xx/3836/character-to-radical	XX	vocabulary	3836	zh-Hant	zh-Hant	窒	"[""穴""]"	[]		"[""zh-Hant.frequency.4054"",""zh.radical.kangxi.116""]"	[]	[]	sources/characters.tsv	frequency-order position 3836; corpus frequency rank 4054; Ministry common-character number 2961	窒: frequency-order position 3836; corpus frequency rank 4054; 3 appearances (0.00024%); Unihan kRSUnicode 116.6; Kangxi radical 116 穴; Unihan kRSUnicode single radical assignment.	[]	"[""chinese"",""traditional"",""radicals"",""frequency"",""character-to-radical"",""one-way"",""part-20""]"
zh-traditional-radicals-frequency-xx/3837/character-to-radical	XX	vocabulary	3837	zh-Hant	zh-Hant	烊	"[""火""]"	[]		"[""zh-Hant.frequency.4055"",""zh.radical.kangxi.086""]"	[]	[]	sources/characters.tsv	frequency-order position 3837; corpus frequency rank 4055; Ministry common-character number 2402	烊: frequency-order position 3837; corpus frequency rank 4055; 3 appearances (0.00024%); Unihan kRSUnicode 86.6; Kangxi radical 86 火; Unihan kRSUnicode single radical assignment.	[]	"[""chinese"",""traditional"",""radicals"",""frequency"",""character-to-radical"",""one-way"",""part-20""]"
zh-traditional-radicals-frequency-xx/3838/character-to-radical	XX	vocabulary	3838	zh-Hant	zh-Hant	揆	"[""手""]"	[]		"[""zh-Hant.frequency.4056"",""zh.radical.kangxi.064""]"	[]	[]	sources/characters.tsv	frequency-order position 3838; corpus frequency rank 4056; Ministry common-character number 1620	揆: frequency-order position 3838; corpus frequency rank 4056; 3 appearances (0.00024%); Unihan kRSUnicode 64.9; Kangxi radical 64 手; Unihan kRSUnicode single radical assignment.	[]	"[""chinese"",""traditional"",""radicals"",""frequency"",""character-to-radical"",""one-way"",""part-20""]"
zh-traditional-radicals-frequency-xx/3839/character-to-radical	XX	vocabulary	3839	zh-Hant	zh-Hant	寅	"[""宀""]"	[]		"[""zh-Hant.frequency.4057"",""zh.radical.kangxi.040""]"	[]	[]	sources/characters.tsv	frequency-order position 3839; corpus frequency rank 4057; Ministry common-character number 1033	寅: frequency-order position 3839; corpus frequency rank 4057; 3 appearances (0.00024%); Unihan kRSUnicode 40.8; Kangxi radical 40 宀; Unihan kRSUnicode single radical assignment.	[]	"[""chinese"",""traditional"",""radicals"",""frequency"",""character-to-radical"",""one-way"",""part-20""]"
zh-traditional-radicals-frequency-xx/3840/character-to-radical	XX	vocabulary	3840	zh-Hant	zh-Hant	蚣	"[""虫""]"	[]		"[""zh-Hant.frequency.4058"",""zh.radical.kangxi.142""]"	[]	[]	sources/characters.tsv	frequency-order position 3840; corpus frequency rank 4058; Ministry common-character number 3623	蚣: frequency-order position 3840; corpus frequency rank 4058; 3 appearances (0.00024%); Unihan kRSUnicode 142.4; Kangxi radical 142 虫; Unihan kRSUnicode single radical assignment.	[]	"[""chinese"",""traditional"",""radicals"",""frequency"",""character-to-radical"",""one-way"",""part-20""]"
zh-traditional-radicals-frequency-xx/3841/character-to-radical	XX	vocabulary	3841	zh-Hant	zh-Hant	琥	"[""玉""]"	[]		"[""zh-Hant.frequency.4061"",""zh.radical.kangxi.096""]"	[]	[]	sources/characters.tsv	frequency-order position 3841; corpus frequency rank 4061; Ministry common-character number 2580	琥: frequency-order position 3841; corpus frequency rank 4061; 3 appearances (0.00024%); Unihan kRSUnicode 96.8; Kangxi radical 96 玉; Unihan kRSUnicode single radical assignment.	[]	"[""chinese"",""traditional"",""radicals"",""frequency"",""character-to-radical"",""one-way"",""part-20""]"
zh-traditional-radicals-frequency-xx/3842/character-to-radical	XX	vocabulary	3842	zh-Hant	zh-Hant	鄂	"[""邑""]"	[]		"[""zh-Hant.frequency.4062"",""zh.radical.kangxi.163""]"	[]	[]	sources/characters.tsv	frequency-order position 3842; corpus frequency rank 4062; Ministry common-character number 4215	鄂: frequency-order position 3842; corpus frequency rank 4062; 3 appearances (0.00024%); Unihan kRSUnicode 163.9; Kangxi radical 163 邑; Unihan kRSUnicode single radical assignment.	[]	"[""chinese"",""traditional"",""radicals"",""frequency"",""character-to-radical"",""one-way"",""part-20""]"
zh-traditional-radicals-frequency-xx/3843/character-to-radical	XX	vocabulary	3843	zh-Hant	zh-Hant	瑕	"[""玉""]"	[]		"[""zh-Hant.frequency.4063"",""zh.radical.kangxi.096""]"	[]	[]	sources/characters.tsv	frequency-order position 3843; corpus frequency rank 4063; Ministry common-character number 2586	瑕: frequency-order position 3843; corpus frequency rank 4063; 3 appearances (0.00024%); Unihan kRSUnicode 96.9; Kangxi radical 96 玉; Unihan kRSUnicode single radical assignment.	[]	"[""chinese"",""traditional"",""radicals"",""frequency"",""character-to-radical"",""one-way"",""part-20""]"
zh-traditional-radicals-frequency-xx/3844/character-to-radical	XX	vocabulary	3844	zh-Hant	zh-Hant	羔	"[""羊""]"	[]		"[""zh-Hant.frequency.4064"",""zh.radical.kangxi.123""]"	[]	[]	sources/characters.tsv	frequency-order position 3844; corpus frequency rank 4064; Ministry common-character number 3219	羔: frequency-order position 3844; corpus frequency rank 4064; 3 appearances (0.00024%); Unihan kRSUnicode 123.4; Kangxi radical 123 羊; Unihan kRSUnicode single radical assignment.	[]	"[""chinese"",""traditional"",""radicals"",""frequency"",""character-to-radical"",""one-way"",""part-20""]"
zh-traditional-radicals-frequency-xx/3845/character-to-radical	XX	vocabulary	3845	zh-Hant	zh-Hant	醞	"[""酉""]"	[]		"[""zh-Hant.frequency.4065"",""zh.radical.kangxi.164""]"	[]	[]	sources/characters.tsv	frequency-order position 3845; corpus frequency rank 4065; Ministry common-character number 4246	醞: frequency-order position 3845; corpus frequency rank 4065; 3 appearances (0.00024%); Unihan kRSUnicode 164.10; Kangxi radical 164 酉; Unihan kRSUnicode single radical assignment.	[]	"[""chinese"",""traditional"",""radicals"",""frequency"",""character-to-radical"",""one-way"",""part-20""]"
zh-traditional-radicals-frequency-xx/3846/character-to-radical	XX	vocabulary	3846	zh-Hant	zh-Hant	鳩	"[""鳥""]"	[]		"[""zh-Hant.frequency.4066"",""zh.radical.kangxi.196""]"	[]	[]	sources/characters.tsv	frequency-order position 3846; corpus frequency rank 4066; Ministry common-character number 4717	鳩: frequency-order position 3846; corpus frequency rank 4066; 3 appearances (0.00024%); Unihan kRSUnicode 196.2; Kangxi radical 196 鳥; Unihan kRSUnicode single radical assignment.	[]	"[""chinese"",""traditional"",""radicals"",""frequency"",""character-to-radical"",""one-way"",""part-20""]"
zh-traditional-radicals-frequency-xx/3847/character-to-radical	XX	vocabulary	3847	zh-Hant	zh-Hant	黝	"[""黑""]"	[]		"[""zh-Hant.frequency.4067"",""zh.radical.kangxi.203""]"	[]	[]	sources/characters.tsv	frequency-order position 3847; corpus frequency rank 4067; Ministry common-character number 4777	黝: frequency-order position 3847; corpus frequency rank 4067; 3 appearances (0.00024%); Unihan kRSUnicode 203.5; Kangxi radical 203 黑; Unihan kRSUnicode single radical assignment.	[]	"[""chinese"",""traditional"",""radicals"",""frequency"",""character-to-radical"",""one-way"",""part-20""]"
zh-traditional-radicals-frequency-xx/3848/character-to-radical	XX	vocabulary	3848	zh-Hant	zh-Hant	褂	"[""衣""]"	[]		"[""zh-Hant.frequency.4068"",""zh.radical.kangxi.145""]"	[]	[]	sources/characters.tsv	frequency-order position 3848; corpus frequency rank 4068; Ministry common-character number 3736	褂: frequency-order position 3848; corpus frequency rank 4068; 3 appearances (0.00024%); Unihan kRSUnicode 145.8; Kangxi radical 145 衣; Unihan kRSUnicode single radical assignment.	[]	"[""chinese"",""traditional"",""radicals"",""frequency"",""character-to-radical"",""one-way"",""part-20""]"
zh-traditional-radicals-frequency-xx/3849/character-to-radical	XX	vocabulary	3849	zh-Hant	zh-Hant	燄	"[""火""]"	[]		"[""zh-Hant.frequency.4069"",""zh.radical.kangxi.086""]"	[]	[]	sources/characters.tsv	frequency-order position 3849; corpus frequency rank 4069; Ministry common-character number 2451	燄: frequency-order position 3849; corpus frequency rank 4069; 3 appearances (0.00024%); Unihan kRSUnicode 86.12; Kangxi radical 86 火; Unihan kRSUnicode single radical assignment.	[]	"[""chinese"",""traditional"",""radicals"",""frequency"",""character-to-radical"",""one-way"",""part-20""]"
zh-traditional-radicals-frequency-xx/3850/character-to-radical	XX	vocabulary	3850	zh-Hant	zh-Hant	肄	"[""聿""]"	[]		"[""zh-Hant.frequency.4070"",""zh.radical.kangxi.129""]"	[]	[]	sources/characters.tsv	frequency-order position 3850; corpus frequency rank 4070; Ministry common-character number 3285	肄: frequency-order position 3850; corpus frequency rank 4070; 3 appearances (0.00024%); Unihan kRSUnicode 129.7; Kangxi radical 129 聿; Unihan kRSUnicode single radical assignment.	[]	"[""chinese"",""traditional"",""radicals"",""frequency"",""character-to-radical"",""one-way"",""part-20""]"
zh-traditional-radicals-frequency-xx/3851/character-to-radical	XX	vocabulary	3851	zh-Hant	zh-Hant	嬪	"[""女""]"	[]		"[""zh-Hant.frequency.4071"",""zh.radical.kangxi.038""]"	[]	[]	sources/characters.tsv	frequency-order position 3851; corpus frequency rank 4071; Ministry common-character number 978	嬪: frequency-order position 3851; corpus frequency rank 4071; 3 appearances (0.00024%); Unihan kRSUnicode 38.14; Kangxi radical 38 女; Unihan kRSUnicode single radical assignment.	[]	"[""chinese"",""traditional"",""radicals"",""frequency"",""character-to-radical"",""one-way"",""part-20""]"
zh-traditional-radicals-frequency-xx/3852/character-to-radical	XX	vocabulary	3852	zh-Hant	zh-Hant	踵	"[""足""]"	[]		"[""zh-Hant.frequency.4073"",""zh.radical.kangxi.157""]"	[]	[]	sources/characters.tsv	frequency-order position 3852; corpus frequency rank 4073; Ministry common-character number 4032	踵: frequency-order position 3852; corpus frequency rank 4073; 3 appearances (0.00024%); Unihan kRSUnicode 157.9; Kangxi radical 157 足; Unihan kRSUnicode single radical assignment.	[]	"[""chinese"",""traditional"",""radicals"",""frequency"",""character-to-radical"",""one-way"",""part-20""]"
zh-traditional-radicals-frequency-xx/3853/character-to-radical	XX	vocabulary	3853	zh-Hant	zh-Hant	筵	"[""竹""]"	[]		"[""zh-Hant.frequency.4074"",""zh.radical.kangxi.118""]"	[]	[]	sources/characters.tsv	frequency-order position 3853; corpus frequency rank 4074; Ministry common-character number 3012	筵: frequency-order position 3853; corpus frequency rank 4074; 3 appearances (0.00024%); Unihan kRSUnicode 118.7; Kangxi radical 118 竹; Unihan kRSUnicode single radical assignment.	[]	"[""chinese"",""traditional"",""radicals"",""frequency"",""character-to-radical"",""one-way"",""part-20""]"
zh-traditional-radicals-frequency-xx/3854/character-to-radical	XX	vocabulary	3854	zh-Hant	zh-Hant	韆	"[""革""]"	[]		"[""zh-Hant.frequency.4075"",""zh.radical.kangxi.177""]"	[]	[]	sources/characters.tsv	frequency-order position 3854; corpus frequency rank 4075; Ministry common-character number 4524	韆: frequency-order position 3854; corpus frequency rank 4075; 3 appearances (0.00024%); Unihan kRSUnicode 177.15; Kangxi radical 177 革; Unihan kRSUnicode single radical assignment.	[]	"[""chinese"",""traditional"",""radicals"",""frequency"",""character-to-radical"",""one-way"",""part-20""]"
zh-traditional-radicals-frequency-xx/3855/character-to-radical	XX	vocabulary	3855	zh-Hant	zh-Hant	嘀	"[""口""]"	[]		"[""zh-Hant.frequency.4076"",""zh.radical.kangxi.030""]"	[]	[]	sources/characters.tsv	frequency-order position 3855; corpus frequency rank 4076; Ministry common-character number 662	嘀: frequency-order position 3855; corpus frequency rank 4076; 3 appearances (0.00024%); Unihan kRSUnicode 30.11; Kangxi radical 30 口; Unihan kRSUnicode single radical assignment.	[]	"[""chinese"",""traditional"",""radicals"",""frequency"",""character-to-radical"",""one-way"",""part-20""]"
zh-traditional-radicals-frequency-xx/3856/character-to-radical	XX	vocabulary	3856	zh-Hant	zh-Hant	靄	"[""雨""]"	[]		"[""zh-Hant.frequency.4077"",""zh.radical.kangxi.173""]"	[]	[]	sources/characters.tsv	frequency-order position 3856; corpus frequency rank 4077; Ministry common-character number 4498	靄: frequency-order position 3856; corpus frequency rank 4077; 3 appearances (0.00024%); Unihan kRSUnicode 173.16; Kangxi radical 173 雨; Unihan kRSUnicode single radical assignment.	[]	"[""chinese"",""traditional"",""radicals"",""frequency"",""character-to-radical"",""one-way"",""part-20""]"
zh-traditional-radicals-frequency-xx/3857/character-to-radical	XX	vocabulary	3857	zh-Hant	zh-Hant	綾	"[""糸""]"	[]		"[""zh-Hant.frequency.4078"",""zh.radical.kangxi.120""]"	[]	[]	sources/characters.tsv	frequency-order position 3857; corpus frequency rank 4078; Ministry common-character number 3133	綾: frequency-order position 3857; corpus frequency rank 4078; 3 appearances (0.00024%); Unihan kRSUnicode 120.8; Kangxi radical 120 糸; Unihan kRSUnicode single radical assignment.	[]	"[""chinese"",""traditional"",""radicals"",""frequency"",""character-to-radical"",""one-way"",""part-20""]"
zh-traditional-radicals-frequency-xx/3858/character-to-radical	XX	vocabulary	3858	zh-Hant	zh-Hant	鞦	"[""革""]"	[]		"[""zh-Hant.frequency.4079"",""zh.radical.kangxi.177""]"	[]	[]	sources/characters.tsv	frequency-order position 3858; corpus frequency rank 4079; Ministry common-character number 4520	鞦: frequency-order position 3858; corpus frequency rank 4079; 3 appearances (0.00024%); Unihan kRSUnicode 177.9; Kangxi radical 177 革; Unihan kRSUnicode single radical assignment.	[]	"[""chinese"",""traditional"",""radicals"",""frequency"",""character-to-radical"",""one-way"",""part-20""]"
zh-traditional-radicals-frequency-xx/3859/character-to-radical	XX	vocabulary	3859	zh-Hant	zh-Hant	裊	"[""衣""]"	[]		"[""zh-Hant.frequency.4080"",""zh.radical.kangxi.145""]"	[]	[]	sources/characters.tsv	frequency-order position 3859; corpus frequency rank 4080; Ministry common-character number 3733	裊: frequency-order position 3859; corpus frequency rank 4080; 3 appearances (0.00024%); Unihan kRSUnicode 145.7; Kangxi radical 145 衣; Unihan kRSUnicode single radical assignment.	[]	"[""chinese"",""traditional"",""radicals"",""frequency"",""character-to-radical"",""one-way"",""part-20""]"
zh-traditional-radicals-frequency-xx/3860/character-to-radical	XX	vocabulary	3860	zh-Hant	zh-Hant	蹼	"[""足""]"	[]		"[""zh-Hant.frequency.4081"",""zh.radical.kangxi.157""]"	[]	[]	sources/characters.tsv	frequency-order position 3860; corpus frequency rank 4081; Ministry common-character number 4041	蹼: frequency-order position 3860; corpus frequency rank 4081; 3 appearances (0.00024%); Unihan kRSUnicode 157.12; Kangxi radical 157 足; Unihan kRSUnicode single radical assignment.	[]	"[""chinese"",""traditional"",""radicals"",""frequency"",""character-to-radical"",""one-way"",""part-20""]"
zh-traditional-radicals-frequency-xx/3861/character-to-radical	XX	vocabulary	3861	zh-Hant	zh-Hant	斡	"[""斗""]"	[]		"[""zh-Hant.frequency.4082"",""zh.radical.kangxi.068""]"	[]	[]	sources/characters.tsv	frequency-order position 3861; corpus frequency rank 4082; Ministry common-character number 1750	斡: frequency-order position 3861; corpus frequency rank 4082; 3 appearances (0.00024%); Unihan kRSUnicode 68.10; Kangxi radical 68 斗; Unihan kRSUnicode single radical assignment.	[]	"[""chinese"",""traditional"",""radicals"",""frequency"",""character-to-radical"",""one-way"",""part-20""]"
zh-traditional-radicals-frequency-xx/3862/character-to-radical	XX	vocabulary	3862	zh-Hant	zh-Hant	羈	"[""网""]"	[]		"[""zh-Hant.frequency.4083"",""zh.radical.kangxi.122""]"	[]	[]	sources/characters.tsv	frequency-order position 3862; corpus frequency rank 4083; Ministry common-character number 3214	羈: frequency-order position 3862; corpus frequency rank 4083; 3 appearances (0.00024%); Unihan kRSUnicode 122.19; Kangxi radical 122 网; Unihan kRSUnicode single radical assignment.	[]	"[""chinese"",""traditional"",""radicals"",""frequency"",""character-to-radical"",""one-way"",""part-20""]"
zh-traditional-radicals-frequency-xx/3863/character-to-radical	XX	vocabulary	3863	zh-Hant	zh-Hant	裴	"[""衣""]"	[]		"[""zh-Hant.frequency.4084"",""zh.radical.kangxi.145""]"	[]	[]	sources/characters.tsv	frequency-order position 3863; corpus frequency rank 4084; Ministry common-character number 3737	裴: frequency-order position 3863; corpus frequency rank 4084; 3 appearances (0.00024%); Unihan kRSUnicode 145.8; Kangxi radical 145 衣; Unihan kRSUnicode single radical assignment.	[]	"[""chinese"",""traditional"",""radicals"",""frequency"",""character-to-radical"",""one-way"",""part-20""]"
zh-traditional-radicals-frequency-xx/3864/character-to-radical	XX	vocabulary	3864	zh-Hant	zh-Hant	鼬	"[""鼠""]"	[]		"[""zh-Hant.frequency.4085"",""zh.radical.kangxi.208""]"	[]	[]	sources/characters.tsv	frequency-order position 3864; corpus frequency rank 4085; Ministry common-character number 4790	鼬: frequency-order position 3864; corpus frequency rank 4085; 3 appearances (0.00024%); Unihan kRSUnicode 208.5; Kangxi radical 208 鼠; Unihan kRSUnicode single radical assignment.	[]	"[""chinese"",""traditional"",""radicals"",""frequency"",""character-to-radical"",""one-way"",""part-20""]"
zh-traditional-radicals-frequency-xx/3865/character-to-radical	XX	vocabulary	3865	zh-Hant	zh-Hant	憧	"[""心""]"	[]		"[""zh-Hant.frequency.4086"",""zh.radical.kangxi.061""]"	[]	[]	sources/characters.tsv	frequency-order position 3865; corpus frequency rank 4086; Ministry common-character number 1434	憧: frequency-order position 3865; corpus frequency rank 4086; 3 appearances (0.00024%); Unihan kRSUnicode 61.12; Kangxi radical 61 心; Unihan kRSUnicode single radical assignment.	[]	"[""chinese"",""traditional"",""radicals"",""frequency"",""character-to-radical"",""one-way"",""part-20""]"
zh-traditional-radicals-frequency-xx/3866/character-to-radical	XX	vocabulary	3866	zh-Hant	zh-Hant	譚	"[""言""]"	[]		"[""zh-Hant.frequency.4087"",""zh.radical.kangxi.149""]"	[]	[]	sources/characters.tsv	frequency-order position 3866; corpus frequency rank 4087; Ministry common-character number 3886	譚: frequency-order position 3866; corpus frequency rank 4087; 3 appearances (0.00024%); Unihan kRSUnicode 149.12; Kangxi radical 149 言; Unihan kRSUnicode single radical assignment.	[]	"[""chinese"",""traditional"",""radicals"",""frequency"",""character-to-radical"",""one-way"",""part-20""]"
zh-traditional-radicals-frequency-xx/3867/character-to-radical	XX	vocabulary	3867	zh-Hant	zh-Hant	頡	"[""頁""]"	[]		"[""zh-Hant.frequency.4088"",""zh.radical.kangxi.181""]"	[]	[]	sources/characters.tsv	frequency-order position 3867; corpus frequency rank 4088; Ministry common-character number 4550	頡: frequency-order position 3867; corpus frequency rank 4088; 3 appearances (0.00024%); Unihan kRSUnicode 181.6; Kangxi radical 181 頁; Unihan kRSUnicode single radical assignment.	[]	"[""chinese"",""traditional"",""radicals"",""frequency"",""character-to-radical"",""one-way"",""part-20""]"
zh-traditional-radicals-frequency-xx/3868/character-to-radical	XX	vocabulary	3868	zh-Hant	zh-Hant	籐	"[""竹""]"	[]		"[""zh-Hant.frequency.4089"",""zh.radical.kangxi.118""]"	[]	[]	sources/characters.tsv	frequency-order position 3868; corpus frequency rank 4089; Ministry common-character number 3049	籐: frequency-order position 3868; corpus frequency rank 4089; 3 appearances (0.00024%); Unihan kRSUnicode 118.15; Kangxi radical 118 竹; Unihan kRSUnicode single radical assignment.	[]	"[""chinese"",""traditional"",""radicals"",""frequency"",""character-to-radical"",""one-way"",""part-20""]"
zh-traditional-radicals-frequency-xx/3869/character-to-radical	XX	vocabulary	3869	zh-Hant	zh-Hant	憬	"[""心""]"	[]		"[""zh-Hant.frequency.4090"",""zh.radical.kangxi.061""]"	[]	[]	sources/characters.tsv	frequency-order position 3869; corpus frequency rank 4090; Ministry common-character number 1438	憬: frequency-order position 3869; corpus frequency rank 4090; 3 appearances (0.00024%); Unihan kRSUnicode 61.12; Kangxi radical 61 心; Unihan kRSUnicode single radical assignment.	[]	"[""chinese"",""traditional"",""radicals"",""frequency"",""character-to-radical"",""one-way"",""part-20""]"
zh-traditional-radicals-frequency-xx/3870/character-to-radical	XX	vocabulary	3870	zh-Hant	zh-Hant	緬	"[""糸""]"	[]		"[""zh-Hant.frequency.4092"",""zh.radical.kangxi.120""]"	[]	[]	sources/characters.tsv	frequency-order position 3870; corpus frequency rank 4092; Ministry common-character number 3152	緬: frequency-order position 3870; corpus frequency rank 4092; 3 appearances (0.00024%); Unihan kRSUnicode 120.9; Kangxi radical 120 糸; Unihan kRSUnicode single radical assignment.	[]	"[""chinese"",""traditional"",""radicals"",""frequency"",""character-to-radical"",""one-way"",""part-20""]"
zh-traditional-radicals-frequency-xx/3871/character-to-radical	XX	vocabulary	3871	zh-Hant	zh-Hant	懺	"[""心""]"	[]		"[""zh-Hant.frequency.4093"",""zh.radical.kangxi.061""]"	[]	[]	sources/characters.tsv	frequency-order position 3871; corpus frequency rank 4093; Ministry common-character number 1461	懺: frequency-order position 3871; corpus frequency rank 4093; 3 appearances (0.00024%); Unihan kRSUnicode 61.17; Kangxi radical 61 心; Unihan kRSUnicode single radical assignment.	[]	"[""chinese"",""traditional"",""radicals"",""frequency"",""character-to-radical"",""one-way"",""part-20""]"
zh-traditional-radicals-frequency-xx/3872/character-to-radical	XX	vocabulary	3872	zh-Hant	zh-Hant	閤	"[""門""]"	[]		"[""zh-Hant.frequency.4094"",""zh.radical.kangxi.169""]"	[]	[]	sources/characters.tsv	frequency-order position 3872; corpus frequency rank 4094; Ministry common-character number 4386	閤: frequency-order position 3872; corpus frequency rank 4094; 3 appearances (0.00024%); Unihan kRSUnicode 169.6; Kangxi radical 169 門; Unihan kRSUnicode single radical assignment.	[]	"[""chinese"",""traditional"",""radicals"",""frequency"",""character-to-radical"",""one-way"",""part-20""]"
zh-traditional-radicals-frequency-xx/3873/character-to-radical	XX	vocabulary	3873	zh-Hant	zh-Hant	麒	"[""鹿""]"	[]		"[""zh-Hant.frequency.4095"",""zh.radical.kangxi.198""]"	[]	[]	sources/characters.tsv	frequency-order position 3873; corpus frequency rank 4095; Ministry common-character number 4755	麒: frequency-order position 3873; corpus frequency rank 4095; 3 appearances (0.00024%); Unihan kRSUnicode 198.8; Kangxi radical 198 鹿; Unihan kRSUnicode single radical assignment.	[]	"[""chinese"",""traditional"",""radicals"",""frequency"",""character-to-radical"",""one-way"",""part-20""]"
zh-traditional-radicals-frequency-xx/3874/character-to-radical	XX	vocabulary	3874	zh-Hant	zh-Hant	攣	"[""手""]"	[]		"[""zh-Hant.frequency.4097"",""zh.radical.kangxi.064""]"	[]	[]	sources/characters.tsv	frequency-order position 3874; corpus frequency rank 4097; Ministry common-character number 1711	攣: frequency-order position 3874; corpus frequency rank 4097; 3 appearances (0.00024%); Unihan kRSUnicode 64.19; Kangxi radical 64 手; Unihan kRSUnicode single radical assignment.	[]	"[""chinese"",""traditional"",""radicals"",""frequency"",""character-to-radical"",""one-way"",""part-20""]"
zh-traditional-radicals-frequency-xx/3875/character-to-radical	XX	vocabulary	3875	zh-Hant	zh-Hant	醃	"[""酉""]"	[]		"[""zh-Hant.frequency.4098"",""zh.radical.kangxi.164""]"	[]	[]	sources/characters.tsv	frequency-order position 3875; corpus frequency rank 4098; Ministry common-character number 4243	醃: frequency-order position 3875; corpus frequency rank 4098; 3 appearances (0.00024%); Unihan kRSUnicode 164.8; Kangxi radical 164 酉; Unihan kRSUnicode single radical assignment.	[]	"[""chinese"",""traditional"",""radicals"",""frequency"",""character-to-radical"",""one-way"",""part-20""]"
zh-traditional-radicals-frequency-xx/3876/character-to-radical	XX	vocabulary	3876	zh-Hant	zh-Hant	鑒	"[""金""]"	[]		"[""zh-Hant.frequency.4099"",""zh.radical.kangxi.167""]"	[]	[]	sources/characters.tsv	frequency-order position 3876; corpus frequency rank 4099; Ministry common-character number 4360	鑒: frequency-order position 3876; corpus frequency rank 4099; 3 appearances (0.00024%); Unihan kRSUnicode 167.14; Kangxi radical 167 金; Unihan kRSUnicode single radical assignment.	[]	"[""chinese"",""traditional"",""radicals"",""frequency"",""character-to-radical"",""one-way"",""part-20""]"
zh-traditional-radicals-frequency-xx/3877/character-to-radical	XX	vocabulary	3877	zh-Hant	zh-Hant	獰	"[""犬""]"	[]		"[""zh-Hant.frequency.4100"",""zh.radical.kangxi.094""]"	[]	[]	sources/characters.tsv	frequency-order position 3877; corpus frequency rank 4100; Ministry common-character number 2542	獰: frequency-order position 3877; corpus frequency rank 4100; 3 appearances (0.00024%); Unihan kRSUnicode 94.14; Kangxi radical 94 犬; Unihan kRSUnicode single radical assignment.	[]	"[""chinese"",""traditional"",""radicals"",""frequency"",""character-to-radical"",""one-way"",""part-20""]"
zh-traditional-radicals-frequency-xx/3878/character-to-radical	XX	vocabulary	3878	zh-Hant	zh-Hant	蘸	"[""艸""]"	[]		"[""zh-Hant.frequency.4101"",""zh.radical.kangxi.140""]"	[]	[]	sources/characters.tsv	frequency-order position 3878; corpus frequency rank 4101; Ministry common-character number 3602	蘸: frequency-order position 3878; corpus frequency rank 4101; 3 appearances (0.00024%); Unihan kRSUnicode 140.19; Kangxi radical 140 艸; Unihan kRSUnicode single radical assignment.	[]	"[""chinese"",""traditional"",""radicals"",""frequency"",""character-to-radical"",""one-way"",""part-20""]"
zh-traditional-radicals-frequency-xx/3879/character-to-radical	XX	vocabulary	3879	zh-Hant	zh-Hant	蕈	"[""艸""]"	[]		"[""zh-Hant.frequency.4102"",""zh.radical.kangxi.140""]"	[]	[]	sources/characters.tsv	frequency-order position 3879; corpus frequency rank 4102; Ministry common-character number 3563	蕈: frequency-order position 3879; corpus frequency rank 4102; 3 appearances (0.00024%); Unihan kRSUnicode 140.12; Kangxi radical 140 艸; Unihan kRSUnicode single radical assignment.	[]	"[""chinese"",""traditional"",""radicals"",""frequency"",""character-to-radical"",""one-way"",""part-20""]"
zh-traditional-radicals-frequency-xx/3880/character-to-radical	XX	vocabulary	3880	zh-Hant	zh-Hant	羶	"[""羊""]"	[]		"[""zh-Hant.frequency.4103"",""zh.radical.kangxi.123""]"	[]	[]	sources/characters.tsv	frequency-order position 3880; corpus frequency rank 4103; Ministry common-character number 3228	羶: frequency-order position 3880; corpus frequency rank 4103; 3 appearances (0.00024%); Unihan kRSUnicode 123.13; Kangxi radical 123 羊; Unihan kRSUnicode single radical assignment.	[]	"[""chinese"",""traditional"",""radicals"",""frequency"",""character-to-radical"",""one-way"",""part-20""]"
zh-traditional-radicals-frequency-xx/3881/character-to-radical	XX	vocabulary	3881	zh-Hant	zh-Hant	鍬	"[""金""]"	[]		"[""zh-Hant.frequency.4104"",""zh.radical.kangxi.167""]"	[]	[]	sources/characters.tsv	frequency-order position 3881; corpus frequency rank 4104; Ministry common-character number 4327	鍬: frequency-order position 3881; corpus frequency rank 4104; 3 appearances (0.00024%); Unihan kRSUnicode 167.9; Kangxi radical 167 金; Unihan kRSUnicode single radical assignment.	[]	"[""chinese"",""traditional"",""radicals"",""frequency"",""character-to-radical"",""one-way"",""part-20""]"
zh-traditional-radicals-frequency-xx/3882/character-to-radical	XX	vocabulary	3882	zh-Hant	zh-Hant	霾	"[""雨""]"	[]		"[""zh-Hant.frequency.4105"",""zh.radical.kangxi.173""]"	[]	[]	sources/characters.tsv	frequency-order position 3882; corpus frequency rank 4105; Ministry common-character number 4495	霾: frequency-order position 3882; corpus frequency rank 4105; 3 appearances (0.00024%); Unihan kRSUnicode 173.14; Kangxi radical 173 雨; Unihan kRSUnicode single radical assignment.	[]	"[""chinese"",""traditional"",""radicals"",""frequency"",""character-to-radical"",""one-way"",""part-20""]"
zh-traditional-radicals-frequency-xx/3883/character-to-radical	XX	vocabulary	3883	zh-Hant	zh-Hant	膿	"[""肉""]"	[]		"[""zh-Hant.frequency.4106"",""zh.radical.kangxi.130""]"	[]	[]	sources/characters.tsv	frequency-order position 3883; corpus frequency rank 4106; Ministry common-character number 3373	膿: frequency-order position 3883; corpus frequency rank 4106; 3 appearances (0.00024%); Unihan kRSUnicode 130.13; Kangxi radical 130 肉; Unihan kRSUnicode single radical assignment.	[]	"[""chinese"",""traditional"",""radicals"",""frequency"",""character-to-radical"",""one-way"",""part-20""]"
zh-traditional-radicals-frequency-xx/3884/character-to-radical	XX	vocabulary	3884	zh-Hant	zh-Hant	贓	"[""貝""]"	[]		"[""zh-Hant.frequency.4107"",""zh.radical.kangxi.154""]"	[]	[]	sources/characters.tsv	frequency-order position 3884; corpus frequency rank 4107; Ministry common-character number 3980	贓: frequency-order position 3884; corpus frequency rank 4107; 3 appearances (0.00024%); Unihan kRSUnicode 154.14; Kangxi radical 154 貝; Unihan kRSUnicode single radical assignment.	[]	"[""chinese"",""traditional"",""radicals"",""frequency"",""character-to-radical"",""one-way"",""part-20""]"
zh-traditional-radicals-frequency-xx/3885/character-to-radical	XX	vocabulary	3885	zh-Hant	zh-Hant	癖	"[""疒""]"	[]		"[""zh-Hant.frequency.4108"",""zh.radical.kangxi.104""]"	[]	[]	sources/characters.tsv	frequency-order position 3885; corpus frequency rank 4108; Ministry common-character number 2708	癖: frequency-order position 3885; corpus frequency rank 4108; 3 appearances (0.00024%); Unihan kRSUnicode 104.13; Kangxi radical 104 疒; Unihan kRSUnicode single radical assignment.	[]	"[""chinese"",""traditional"",""radicals"",""frequency"",""character-to-radical"",""one-way"",""part-20""]"
zh-traditional-radicals-frequency-xx/3886/character-to-radical	XX	vocabulary	3886	zh-Hant	zh-Hant	儼	"[""人""]"	[]		"[""zh-Hant.frequency.4109"",""zh.radical.kangxi.009""]"	[]	[]	sources/characters.tsv	frequency-order position 3886; corpus frequency rank 4109; Ministry common-character number 262	儼: frequency-order position 3886; corpus frequency rank 4109; 3 appearances (0.00024%); Unihan kRSUnicode 9.20; Kangxi radical 9 人; Unihan kRSUnicode single radical assignment.	[]	"[""chinese"",""traditional"",""radicals"",""frequency"",""character-to-radical"",""one-way"",""part-20""]"
zh-traditional-radicals-frequency-xx/3887/character-to-radical	XX	vocabulary	3887	zh-Hant	zh-Hant	鯉	"[""魚""]"	[]		"[""zh-Hant.frequency.4111"",""zh.radical.kangxi.195""]"	[]	[]	sources/characters.tsv	frequency-order position 3887; corpus frequency rank 4111; Ministry common-character number 4699	鯉: frequency-order position 3887; corpus frequency rank 4111; 3 appearances (0.00024%); Unihan kRSUnicode 195.7; Kangxi radical 195 魚; Unihan kRSUnicode single radical assignment.	[]	"[""chinese"",""traditional"",""radicals"",""frequency"",""character-to-radical"",""one-way"",""part-20""]"
zh-traditional-radicals-frequency-xx/3888/character-to-radical	XX	vocabulary	3888	zh-Hant	zh-Hant	謗	"[""言""]"	[]		"[""zh-Hant.frequency.4112"",""zh.radical.kangxi.149""]"	[]	[]	sources/characters.tsv	frequency-order position 3888; corpus frequency rank 4112; Ministry common-character number 3872	謗: frequency-order position 3888; corpus frequency rank 4112; 3 appearances (0.00024%); Unihan kRSUnicode 149.10; Kangxi radical 149 言; Unihan kRSUnicode single radical assignment.	[]	"[""chinese"",""traditional"",""radicals"",""frequency"",""character-to-radical"",""one-way"",""part-20""]"
zh-traditional-radicals-frequency-xx/3889/character-to-radical	XX	vocabulary	3889	zh-Hant	zh-Hant	瀆	"[""水""]"	[]		"[""zh-Hant.frequency.4114"",""zh.radical.kangxi.085""]"	[]	[]	sources/characters.tsv	frequency-order position 3889; corpus frequency rank 4114; Ministry common-character number 2366	瀆: frequency-order position 3889; corpus frequency rank 4114; 3 appearances (0.00024%); Unihan kRSUnicode 85.15; Kangxi radical 85 水; Unihan kRSUnicode single radical assignment.	[]	"[""chinese"",""traditional"",""radicals"",""frequency"",""character-to-radical"",""one-way"",""part-20""]"
zh-traditional-radicals-frequency-xx/3890/character-to-radical	XX	vocabulary	3890	zh-Hant	zh-Hant	戳	"[""戈""]"	[]		"[""zh-Hant.frequency.4118"",""zh.radical.kangxi.062""]"	[]	[]	sources/characters.tsv	frequency-order position 3890; corpus frequency rank 4118; Ministry common-character number 1486	戳: frequency-order position 3890; corpus frequency rank 4118; 3 appearances (0.00024%); Unihan kRSUnicode 62.14; Kangxi radical 62 戈; Unihan kRSUnicode single radical assignment.	[]	"[""chinese"",""traditional"",""radicals"",""frequency"",""character-to-radical"",""one-way"",""part-20""]"
zh-traditional-radicals-frequency-xx/3891/character-to-radical	XX	vocabulary	3891	zh-Hant	zh-Hant	謁	"[""言""]"	[]		"[""zh-Hant.frequency.4120"",""zh.radical.kangxi.149""]"	[]	[]	sources/characters.tsv	frequency-order position 3891; corpus frequency rank 4120; Ministry common-character number 3867	謁: frequency-order position 3891; corpus frequency rank 4120; 3 appearances (0.00024%); Unihan kRSUnicode 149.9; Kangxi radical 149 言; Unihan kRSUnicode single radical assignment.	[]	"[""chinese"",""traditional"",""radicals"",""frequency"",""character-to-radical"",""one-way"",""part-20""]"
zh-traditional-radicals-frequency-xx/3892/character-to-radical	XX	vocabulary	3892	zh-Hant	zh-Hant	滬	"[""水""]"	[]		"[""zh-Hant.frequency.4126"",""zh.radical.kangxi.085""]"	[]	[]	sources/characters.tsv	frequency-order position 3892; corpus frequency rank 4126; Ministry common-character number 2321	滬: frequency-order position 3892; corpus frequency rank 4126; 3 appearances (0.00024%); Unihan kRSUnicode 85.11; Kangxi radical 85 水; Unihan kRSUnicode single radical assignment.	[]	"[""chinese"",""traditional"",""radicals"",""frequency"",""character-to-radical"",""one-way"",""part-20""]"
zh-traditional-radicals-frequency-xx/3893/character-to-radical	XX	vocabulary	3893	zh-Hant	zh-Hant	腮	"[""肉""]"	[]		"[""zh-Hant.frequency.4128"",""zh.radical.kangxi.130""]"	[]	[]	sources/characters.tsv	frequency-order position 3893; corpus frequency rank 4128; Ministry common-character number 3349	腮: frequency-order position 3893; corpus frequency rank 4128; 3 appearances (0.00024%); Unihan kRSUnicode 130.9; Kangxi radical 130 肉; Unihan kRSUnicode single radical assignment.	[]	"[""chinese"",""traditional"",""radicals"",""frequency"",""character-to-radical"",""one-way"",""part-20""]"
zh-traditional-radicals-frequency-xx/3894/character-to-radical	XX	vocabulary	3894	zh-Hant	zh-Hant	僮	"[""人""]"	[]		"[""zh-Hant.frequency.4130"",""zh.radical.kangxi.009""]"	[]	[]	sources/characters.tsv	frequency-order position 3894; corpus frequency rank 4130; Ministry common-character number 236	僮: frequency-order position 3894; corpus frequency rank 4130; 3 appearances (0.00024%); Unihan kRSUnicode 9.12; Kangxi radical 9 人; Unihan kRSUnicode single radical assignment.	[]	"[""chinese"",""traditional"",""radicals"",""frequency"",""character-to-radical"",""one-way"",""part-20""]"
zh-traditional-radicals-frequency-xx/3895/character-to-radical	XX	vocabulary	3895	zh-Hant	zh-Hant	蜈	"[""虫""]"	[]		"[""zh-Hant.frequency.4132"",""zh.radical.kangxi.142""]"	[]	[]	sources/characters.tsv	frequency-order position 3895; corpus frequency rank 4132; Ministry common-character number 3641	蜈: frequency-order position 3895; corpus frequency rank 4132; 3 appearances (0.00024%); Unihan kRSUnicode 142.7; Kangxi radical 142 虫; Unihan kRSUnicode single radical assignment.	[]	"[""chinese"",""traditional"",""radicals"",""frequency"",""character-to-radical"",""one-way"",""part-20""]"
zh-traditional-radicals-frequency-xx/3896/character-to-radical	XX	vocabulary	3896	zh-Hant	zh-Hant	膛	"[""肉""]"	[]		"[""zh-Hant.frequency.4138"",""zh.radical.kangxi.130""]"	[]	[]	sources/characters.tsv	frequency-order position 3896; corpus frequency rank 4138; Ministry common-character number 3360	膛: frequency-order position 3896; corpus frequency rank 4138; 3 appearances (0.00024%); Unihan kRSUnicode 130.11; Kangxi radical 130 肉; Unihan kRSUnicode single radical assignment.	[]	"[""chinese"",""traditional"",""radicals"",""frequency"",""character-to-radical"",""one-way"",""part-20""]"
zh-traditional-radicals-frequency-xx/3897/character-to-radical	XX	vocabulary	3897	zh-Hant	zh-Hant	鞏	"[""革""]"	[]		"[""zh-Hant.frequency.4140"",""zh.radical.kangxi.177""]"	[]	[]	sources/characters.tsv	frequency-order position 3897; corpus frequency rank 4140; Ministry common-character number 4516	鞏: frequency-order position 3897; corpus frequency rank 4140; 3 appearances (0.00024%); Unihan kRSUnicode 177.6; Kangxi radical 177 革; Unihan kRSUnicode single radical assignment.	[]	"[""chinese"",""traditional"",""radicals"",""frequency"",""character-to-radical"",""one-way"",""part-20""]"
zh-traditional-radicals-frequency-xx/3898/character-to-radical	XX	vocabulary	3898	zh-Hant	zh-Hant	璦	"[""玉""]"	[]		"[""zh-Hant.frequency.4142"",""zh.radical.kangxi.096""]"	[]	[]	sources/characters.tsv	frequency-order position 3898; corpus frequency rank 4142; Ministry common-character number 2605	璦: frequency-order position 3898; corpus frequency rank 4142; 3 appearances (0.00024%); Unihan kRSUnicode 96.13; Kangxi radical 96 玉; Unihan kRSUnicode single radical assignment.	[]	"[""chinese"",""traditional"",""radicals"",""frequency"",""character-to-radical"",""one-way"",""part-20""]"
zh-traditional-radicals-frequency-xx/3899/character-to-radical	XX	vocabulary	3899	zh-Hant	zh-Hant	驥	"[""馬""]"	[]		"[""zh-Hant.frequency.4143"",""zh.radical.kangxi.187""]"	[]	[]	sources/characters.tsv	frequency-order position 3899; corpus frequency rank 4143; Ministry common-character number 4655	驥: frequency-order position 3899; corpus frequency rank 4143; 3 appearances (0.00024%); Unihan kRSUnicode 187.17; Kangxi radical 187 馬; Unihan kRSUnicode single radical assignment.	[]	"[""chinese"",""traditional"",""radicals"",""frequency"",""character-to-radical"",""one-way"",""part-20""]"
zh-traditional-radicals-frequency-xx/3900/character-to-radical	XX	vocabulary	3900	zh-Hant	zh-Hant	璣	"[""玉""]"	[]		"[""zh-Hant.frequency.4144"",""zh.radical.kangxi.096""]"	[]	[]	sources/characters.tsv	frequency-order position 3900; corpus frequency rank 4144; Ministry common-character number 2602	璣: frequency-order position 3900; corpus frequency rank 4144; 3 appearances (0.00024%); Unihan kRSUnicode 96.12; Kangxi radical 96 玉; Unihan kRSUnicode single radical assignment.	[]	"[""chinese"",""traditional"",""radicals"",""frequency"",""character-to-radical"",""one-way"",""part-20""]"
zh-traditional-radicals-frequency-xx/3901/character-to-radical	XX	vocabulary	3901	zh-Hant	zh-Hant	瘸	"[""疒""]"	[]		"[""zh-Hant.frequency.4146"",""zh.radical.kangxi.104""]"	[]	[]	sources/characters.tsv	frequency-order position 3901; corpus frequency rank 4146; Ministry common-character number 2704	瘸: frequency-order position 3901; corpus frequency rank 4146; 3 appearances (0.00024%); Unihan kRSUnicode 104.11; Kangxi radical 104 疒; Unihan kRSUnicode single radical assignment.	[]	"[""chinese"",""traditional"",""radicals"",""frequency"",""character-to-radical"",""one-way"",""part-20""]"
zh-traditional-radicals-frequency-xx/3902/character-to-radical	XX	vocabulary	3902	zh-Hant	zh-Hant	瞥	"[""目""]"	[]		"[""zh-Hant.frequency.4148"",""zh.radical.kangxi.109""]"	[]	[]	sources/characters.tsv	frequency-order position 3902; corpus frequency rank 4148; Ministry common-character number 2800	瞥: frequency-order position 3902; corpus frequency rank 4148; 3 appearances (0.00024%); Unihan kRSUnicode 109.12; Kangxi radical 109 目; Unihan kRSUnicode single radical assignment.	[]	"[""chinese"",""traditional"",""radicals"",""frequency"",""character-to-radical"",""one-way"",""part-20""]"
zh-traditional-radicals-frequency-xx/3903/character-to-radical	XX	vocabulary	3903	zh-Hant	zh-Hant	濘	"[""水""]"	[]		"[""zh-Hant.frequency.4150"",""zh.radical.kangxi.085""]"	[]	[]	sources/characters.tsv	frequency-order position 3903; corpus frequency rank 4150; Ministry common-character number 2352	濘: frequency-order position 3903; corpus frequency rank 4150; 3 appearances (0.00024%); Unihan kRSUnicode 85.14; Kangxi radical 85 水; Unihan kRSUnicode single radical assignment.	[]	"[""chinese"",""traditional"",""radicals"",""frequency"",""character-to-radical"",""one-way"",""part-20""]"
zh-traditional-radicals-frequency-xx/3904/character-to-radical	XX	vocabulary	3904	zh-Hant	zh-Hant	瘍	"[""疒""]"	[]		"[""zh-Hant.frequency.4156"",""zh.radical.kangxi.104""]"	[]	[]	sources/characters.tsv	frequency-order position 3904; corpus frequency rank 4156; Ministry common-character number 2693	瘍: frequency-order position 3904; corpus frequency rank 4156; 3 appearances (0.00024%); Unihan kRSUnicode 104.9; Kangxi radical 104 疒; Unihan kRSUnicode single radical assignment.	[]	"[""chinese"",""traditional"",""radicals"",""frequency"",""character-to-radical"",""one-way"",""part-20""]"
zh-traditional-radicals-frequency-xx/3905/character-to-radical	XX	vocabulary	3905	zh-Hant	zh-Hant	稔	"[""禾""]"	[]		"[""zh-Hant.frequency.4158"",""zh.radical.kangxi.115""]"	[]	[]	sources/characters.tsv	frequency-order position 3905; corpus frequency rank 4158; Ministry common-character number 2934	稔: frequency-order position 3905; corpus frequency rank 4158; 3 appearances (0.00024%); Unihan kRSUnicode 115.8; Kangxi radical 115 禾; Unihan kRSUnicode single radical assignment.	[]	"[""chinese"",""traditional"",""radicals"",""frequency"",""character-to-radical"",""one-way"",""part-20""]"
zh-traditional-radicals-frequency-xx/3906/character-to-radical	XX	vocabulary	3906	zh-Hant	zh-Hant	裟	"[""衣""]"	[]		"[""zh-Hant.frequency.4160"",""zh.radical.kangxi.145""]"	[]	[]	sources/characters.tsv	frequency-order position 3906; corpus frequency rank 4160; Ministry common-character number 3726	裟: frequency-order position 3906; corpus frequency rank 4160; 3 appearances (0.00024%); Unihan kRSUnicode 145.7; Kangxi radical 145 衣; Unihan kRSUnicode single radical assignment.	[]	"[""chinese"",""traditional"",""radicals"",""frequency"",""character-to-radical"",""one-way"",""part-20""]"
zh-traditional-radicals-frequency-xx/3907/character-to-radical	XX	vocabulary	3907	zh-Hant	zh-Hant	廝	"[""广""]"	[]		"[""zh-Hant.frequency.4162"",""zh.radical.kangxi.053""]"	[]	[]	sources/characters.tsv	frequency-order position 3907; corpus frequency rank 4162; Ministry common-character number 1229	廝: frequency-order position 3907; corpus frequency rank 4162; 3 appearances (0.00024%); Unihan kRSUnicode 53.12; Kangxi radical 53 广; Unihan kRSUnicode single radical assignment.	[]	"[""chinese"",""traditional"",""radicals"",""frequency"",""character-to-radical"",""one-way"",""part-20""]"
zh-traditional-radicals-frequency-xx/3908/character-to-radical	XX	vocabulary	3908	zh-Hant	zh-Hant	燉	"[""火""]"	[]		"[""zh-Hant.frequency.4164"",""zh.radical.kangxi.086""]"	[]	[]	sources/characters.tsv	frequency-order position 3908; corpus frequency rank 4164; Ministry common-character number 2441	燉: frequency-order position 3908; corpus frequency rank 4164; 3 appearances (0.00024%); Unihan kRSUnicode 86.12; Kangxi radical 86 火; Unihan kRSUnicode single radical assignment.	[]	"[""chinese"",""traditional"",""radicals"",""frequency"",""character-to-radical"",""one-way"",""part-20""]"
zh-traditional-radicals-frequency-xx/3909/character-to-radical	XX	vocabulary	3909	zh-Hant	zh-Hant	殯	"[""歹""]"	[]		"[""zh-Hant.frequency.4168"",""zh.radical.kangxi.078""]"	[]	[]	sources/characters.tsv	frequency-order position 3909; corpus frequency rank 4168; Ministry common-character number 2087	殯: frequency-order position 3909; corpus frequency rank 4168; 3 appearances (0.00024%); Unihan kRSUnicode 78.14; Kangxi radical 78 歹; Unihan kRSUnicode single radical assignment.	[]	"[""chinese"",""traditional"",""radicals"",""frequency"",""character-to-radical"",""one-way"",""part-20""]"
zh-traditional-radicals-frequency-xx/3910/character-to-radical	XX	vocabulary	3910	zh-Hant	zh-Hant	躪	"[""足""]"	[]		"[""zh-Hant.frequency.4171"",""zh.radical.kangxi.157""]"	[]	[]	sources/characters.tsv	frequency-order position 3910; corpus frequency rank 4171; Ministry common-character number 4055	躪: frequency-order position 3910; corpus frequency rank 4171; 3 appearances (0.00024%); Unihan kRSUnicode 157.20; Kangxi radical 157 足; Unihan kRSUnicode single radical assignment.	[]	"[""chinese"",""traditional"",""radicals"",""frequency"",""character-to-radical"",""one-way"",""part-20""]"
zh-traditional-radicals-frequency-xx/3911/character-to-radical	XX	vocabulary	3911	zh-Hant	zh-Hant	詫	"[""言""]"	[]		"[""zh-Hant.frequency.4172"",""zh.radical.kangxi.149""]"	[]	[]	sources/characters.tsv	frequency-order position 3911; corpus frequency rank 4172; Ministry common-character number 3814	詫: frequency-order position 3911; corpus frequency rank 4172; 3 appearances (0.00024%); Unihan kRSUnicode 149.6; Kangxi radical 149 言; Unihan kRSUnicode single radical assignment.	[]	"[""chinese"",""traditional"",""radicals"",""frequency"",""character-to-radical"",""one-way"",""part-20""]"
zh-traditional-radicals-frequency-xx/3912/character-to-radical	XX	vocabulary	3912	zh-Hant	zh-Hant	鋅	"[""金""]"	[]		"[""zh-Hant.frequency.4174"",""zh.radical.kangxi.167""]"	[]	[]	sources/characters.tsv	frequency-order position 3912; corpus frequency rank 4174; Ministry common-character number 4297	鋅: frequency-order position 3912; corpus frequency rank 4174; 3 appearances (0.00024%); Unihan kRSUnicode 167.7; Kangxi radical 167 金; Unihan kRSUnicode single radical assignment.	[]	"[""chinese"",""traditional"",""radicals"",""frequency"",""character-to-radical"",""one-way"",""part-20""]"
zh-traditional-radicals-frequency-xx/3913/character-to-radical	XX	vocabulary	3913	zh-Hant	zh-Hant	寥	"[""宀""]"	[]		"[""zh-Hant.frequency.4177"",""zh.radical.kangxi.040""]"	[]	[]	sources/characters.tsv	frequency-order position 3913; corpus frequency rank 4177; Ministry common-character number 1045	寥: frequency-order position 3913; corpus frequency rank 4177; 3 appearances (0.00024%); Unihan kRSUnicode 40.11; Kangxi radical 40 宀; Unihan kRSUnicode single radical assignment.	[]	"[""chinese"",""traditional"",""radicals"",""frequency"",""character-to-radical"",""one-way"",""part-20""]"
zh-traditional-radicals-frequency-xx/3914/character-to-radical	XX	vocabulary	3914	zh-Hant	zh-Hant	懍	"[""心""]"	[]		"[""zh-Hant.frequency.4178"",""zh.radical.kangxi.061""]"	[]	[]	sources/characters.tsv	frequency-order position 3914; corpus frequency rank 4178; Ministry common-character number 1446	懍: frequency-order position 3914; corpus frequency rank 4178; 3 appearances (0.00024%); Unihan kRSUnicode 61.13; Kangxi radical 61 心; Unihan kRSUnicode single radical assignment.	[]	"[""chinese"",""traditional"",""radicals"",""frequency"",""character-to-radical"",""one-way"",""part-20""]"
zh-traditional-radicals-frequency-xx/3915/character-to-radical	XX	vocabulary	3915	zh-Hant	zh-Hant	瘴	"[""疒""]"	[]		"[""zh-Hant.frequency.4179"",""zh.radical.kangxi.104""]"	[]	[]	sources/characters.tsv	frequency-order position 3915; corpus frequency rank 4179; Ministry common-character number 2703	瘴: frequency-order position 3915; corpus frequency rank 4179; 3 appearances (0.00024%); Unihan kRSUnicode 104.11; Kangxi radical 104 疒; Unihan kRSUnicode single radical assignment.	[]	"[""chinese"",""traditional"",""radicals"",""frequency"",""character-to-radical"",""one-way"",""part-20""]"
zh-traditional-radicals-frequency-xx/3916/character-to-radical	XX	vocabulary	3916	zh-Hant	zh-Hant	騁	"[""馬""]"	[]		"[""zh-Hant.frequency.4180"",""zh.radical.kangxi.187""]"	[]	[]	sources/characters.tsv	frequency-order position 3916; corpus frequency rank 4180; Ministry common-character number 4637	騁: frequency-order position 3916; corpus frequency rank 4180; 3 appearances (0.00024%); Unihan kRSUnicode 187.7; Kangxi radical 187 馬; Unihan kRSUnicode single radical assignment.	[]	"[""chinese"",""traditional"",""radicals"",""frequency"",""character-to-radical"",""one-way"",""part-20""]"
zh-traditional-radicals-frequency-xx/3917/character-to-radical	XX	vocabulary	3917	zh-Hant	zh-Hant	睫	"[""目""]"	[]		"[""zh-Hant.frequency.4186"",""zh.radical.kangxi.109""]"	[]	[]	sources/characters.tsv	frequency-order position 3917; corpus frequency rank 4186; Ministry common-character number 2779	睫: frequency-order position 3917; corpus frequency rank 4186; 3 appearances (0.00024%); Unihan kRSUnicode 109.8; Kangxi radical 109 目; Unihan kRSUnicode single radical assignment.	[]	"[""chinese"",""traditional"",""radicals"",""frequency"",""character-to-radical"",""one-way"",""part-20""]"
zh-traditional-radicals-frequency-xx/3918/character-to-radical	XX	vocabulary	3918	zh-Hant	zh-Hant	汕	"[""水""]"	[]		"[""zh-Hant.frequency.4198"",""zh.radical.kangxi.085""]"	[]	[]	sources/characters.tsv	frequency-order position 3918; corpus frequency rank 4198; Ministry common-character number 2136	汕: frequency-order position 3918; corpus frequency rank 4198; 2 appearances (0.00016%); Unihan kRSUnicode 85.3; Kangxi radical 85 水; Unihan kRSUnicode single radical assignment.	[]	"[""chinese"",""traditional"",""radicals"",""frequency"",""character-to-radical"",""one-way"",""part-20""]"
zh-traditional-radicals-frequency-xx/3919/character-to-radical	XX	vocabulary	3919	zh-Hant	zh-Hant	戎	"[""戈""]"	[]		"[""zh-Hant.frequency.4200"",""zh.radical.kangxi.062""]"	[]	[]	sources/characters.tsv	frequency-order position 3919; corpus frequency rank 4200; Ministry common-character number 1468	戎: frequency-order position 3919; corpus frequency rank 4200; 2 appearances (0.00016%); Unihan kRSUnicode 62.2; Kangxi radical 62 戈; Unihan kRSUnicode single radical assignment.	[]	"[""chinese"",""traditional"",""radicals"",""frequency"",""character-to-radical"",""one-way"",""part-20""]"
zh-traditional-radicals-frequency-xx/3920/character-to-radical	XX	vocabulary	3920	zh-Hant	zh-Hant	丕	"[""一""]"	[]		"[""zh-Hant.frequency.4201"",""zh.radical.kangxi.001""]"	[]	[]	sources/characters.tsv	frequency-order position 3920; corpus frequency rank 4201; Ministry common-character number 13	丕: frequency-order position 3920; corpus frequency rank 4201; 2 appearances (0.00016%); Unihan kRSUnicode 1.4; Kangxi radical 1 一; Unihan kRSUnicode single radical assignment.	[]	"[""chinese"",""traditional"",""radicals"",""frequency"",""character-to-radical"",""one-way"",""part-20""]"
zh-traditional-radicals-frequency-xx/3921/character-to-radical	XX	vocabulary	3921	zh-Hant	zh-Hant	并	"[""干""]"	[]		"[""zh-Hant.frequency.4203"",""zh.radical.kangxi.051""]"	[]	[]	sources/characters.tsv	frequency-order position 3921; corpus frequency rank 4203; Ministry common-character number 1193	并: frequency-order position 3921; corpus frequency rank 4203; 2 appearances (0.00016%); Unihan kRSUnicode 51.5; Kangxi radical 51 干; Unihan kRSUnicode single radical assignment.	[]	"[""chinese"",""traditional"",""radicals"",""frequency"",""character-to-radical"",""one-way"",""part-20""]"
zh-traditional-radicals-frequency-xx/3922/character-to-radical	XX	vocabulary	3922	zh-Hant	zh-Hant	帚	"[""巾""]"	[]		"[""zh-Hant.frequency.4207"",""zh.radical.kangxi.050""]"	[]	[]	sources/characters.tsv	frequency-order position 3922; corpus frequency rank 4207; Ministry common-character number 1166	帚: frequency-order position 3922; corpus frequency rank 4207; 2 appearances (0.00016%); Unihan kRSUnicode 50.5; Kangxi radical 50 巾; Unihan kRSUnicode single radical assignment.	[]	"[""chinese"",""traditional"",""radicals"",""frequency"",""character-to-radical"",""one-way"",""part-20""]"
zh-traditional-radicals-frequency-xx/3923/character-to-radical	XX	vocabulary	3923	zh-Hant	zh-Hant	艮	"[""艮""]"	[]		"[""zh-Hant.frequency.4208"",""zh.radical.kangxi.138""]"	[]	[]	sources/characters.tsv	frequency-order position 3923; corpus frequency rank 4208; Ministry common-character number 3424	艮: frequency-order position 3923; corpus frequency rank 4208; 2 appearances (0.00016%); Unihan kRSUnicode 138.0; Kangxi radical 138 艮; Unihan kRSUnicode single radical assignment.	[]	"[""chinese"",""traditional"",""radicals"",""frequency"",""character-to-radical"",""one-way"",""part-20""]"
zh-traditional-radicals-frequency-xx/3924/character-to-radical	XX	vocabulary	3924	zh-Hant	zh-Hant	拗	"[""手""]"	[]		"[""zh-Hant.frequency.4209"",""zh.radical.kangxi.064""]"	[]	[]	sources/characters.tsv	frequency-order position 3924; corpus frequency rank 4209; Ministry common-character number 1549	拗: frequency-order position 3924; corpus frequency rank 4209; 2 appearances (0.00016%); Unihan kRSUnicode 64.5; Kangxi radical 64 手; Unihan kRSUnicode single radical assignment.	[]	"[""chinese"",""traditional"",""radicals"",""frequency"",""character-to-radical"",""one-way"",""part-20""]"
zh-traditional-radicals-frequency-xx/3925/character-to-radical	XX	vocabulary	3925	zh-Hant	zh-Hant	呶	"[""口""]"	[]		"[""zh-Hant.frequency.4211"",""zh.radical.kangxi.030""]"	[]	[]	sources/characters.tsv	frequency-order position 3925; corpus frequency rank 4211; Ministry common-character number 555	呶: frequency-order position 3925; corpus frequency rank 4211; 2 appearances (0.00016%); Unihan kRSUnicode 30.5; Kangxi radical 30 口; Unihan kRSUnicode single radical assignment.	[]	"[""chinese"",""traditional"",""radicals"",""frequency"",""character-to-radical"",""one-way"",""part-20""]"
zh-traditional-radicals-frequency-xx/3926/character-to-radical	XX	vocabulary	3926	zh-Hant	zh-Hant	糸	"[""糸""]"	[]		"[""zh-Hant.frequency.4212"",""zh.radical.kangxi.120""]"	[]	[]	sources/characters.tsv	frequency-order position 3926; corpus frequency rank 4212; Ministry common-character number 3079	糸: frequency-order position 3926; corpus frequency rank 4212; 2 appearances (0.00016%); Unihan kRSUnicode 120.0; Kangxi radical 120 糸; Unihan kRSUnicode single radical assignment.	[]	"[""chinese"",""traditional"",""radicals"",""frequency"",""character-to-radical"",""one-way"",""part-20""]"
zh-traditional-radicals-frequency-xx/3927/character-to-radical	XX	vocabulary	3927	zh-Hant	zh-Hant	仆	"[""人""]"	[]		"[""zh-Hant.frequency.4213"",""zh.radical.kangxi.009""]"	[]	[]	sources/characters.tsv	frequency-order position 3927; corpus frequency rank 4213; Ministry common-character number 72	仆: frequency-order position 3927; corpus frequency rank 4213; 2 appearances (0.00016%); Unihan kRSUnicode 9.2; Kangxi radical 9 人; Unihan kRSUnicode single radical assignment.	[]	"[""chinese"",""traditional"",""radicals"",""frequency"",""character-to-radical"",""one-way"",""part-20""]"
zh-traditional-radicals-frequency-xx/3928/character-to-radical	XX	vocabulary	3928	zh-Hant	zh-Hant	圳	"[""土""]"	[]		"[""zh-Hant.frequency.4214"",""zh.radical.kangxi.032""]"	[]	[]	sources/characters.tsv	frequency-order position 3928; corpus frequency rank 4214; Ministry common-character number 741	圳: frequency-order position 3928; corpus frequency rank 4214; 2 appearances (0.00016%); Unihan kRSUnicode 32.3; Kangxi radical 32 土; Unihan kRSUnicode single radical assignment.	[]	"[""chinese"",""traditional"",""radicals"",""frequency"",""character-to-radical"",""one-way"",""part-20""]"
zh-traditional-radicals-frequency-xx/3929/character-to-radical	XX	vocabulary	3929	zh-Hant	zh-Hant	弔	"[""弓""]"	[]		"[""zh-Hant.frequency.4216"",""zh.radical.kangxi.057""]"	[]	[]	sources/characters.tsv	frequency-order position 3929; corpus frequency rank 4216; Ministry common-character number 1246	弔: frequency-order position 3929; corpus frequency rank 4216; 2 appearances (0.00016%); Unihan kRSUnicode 57.1; Kangxi radical 57 弓; Unihan kRSUnicode single radical assignment.	[]	"[""chinese"",""traditional"",""radicals"",""frequency"",""character-to-radical"",""one-way"",""part-20""]"
zh-traditional-radicals-frequency-xx/3930/character-to-radical	XX	vocabulary	3930	zh-Hant	zh-Hant	佻	"[""人""]"	[]		"[""zh-Hant.frequency.4217"",""zh.radical.kangxi.009""]"	[]	[]	sources/characters.tsv	frequency-order position 3930; corpus frequency rank 4217; Ministry common-character number 144	佻: frequency-order position 3930; corpus frequency rank 4217; 2 appearances (0.00016%); Unihan kRSUnicode 9.6; Kangxi radical 9 人; Unihan kRSUnicode single radical assignment.	[]	"[""chinese"",""traditional"",""radicals"",""frequency"",""character-to-radical"",""one-way"",""part-20""]"
zh-traditional-radicals-frequency-xx/3931/character-to-radical	XX	vocabulary	3931	zh-Hant	zh-Hant	怵	"[""心""]"	[]		"[""zh-Hant.frequency.4218"",""zh.radical.kangxi.061""]"	[]	[]	sources/characters.tsv	frequency-order position 3931; corpus frequency rank 4218; Ministry common-character number 1323	怵: frequency-order position 3931; corpus frequency rank 4218; 2 appearances (0.00016%); Unihan kRSUnicode 61.5; Kangxi radical 61 心; Unihan kRSUnicode single radical assignment.	[]	"[""chinese"",""traditional"",""radicals"",""frequency"",""character-to-radical"",""one-way"",""part-20""]"
zh-traditional-radicals-frequency-xx/3932/character-to-radical	XX	vocabulary	3932	zh-Hant	zh-Hant	佬	"[""人""]"	[]		"[""zh-Hant.frequency.4219"",""zh.radical.kangxi.009""]"	[]	[]	sources/characters.tsv	frequency-order position 3932; corpus frequency rank 4219; Ministry common-character number 135	佬: frequency-order position 3932; corpus frequency rank 4219; 2 appearances (0.00016%); Unihan kRSUnicode 9.6; Kangxi radical 9 人; Unihan kRSUnicode single radical assignment.	[]	"[""chinese"",""traditional"",""radicals"",""frequency"",""character-to-radical"",""one-way"",""part-20""]"
zh-traditional-radicals-frequency-xx/3933/character-to-radical	XX	vocabulary	3933	zh-Hant	zh-Hant	戾	"[""戶""]"	[]		"[""zh-Hant.frequency.4220"",""zh.radical.kangxi.063""]"	[]	[]	sources/characters.tsv	frequency-order position 3933; corpus frequency rank 4220; Ministry common-character number 1489	戾: frequency-order position 3933; corpus frequency rank 4220; 2 appearances (0.00016%); Unihan kRSUnicode 63.4; Kangxi radical 63 戶; Unihan kRSUnicode single radical assignment.	[]	"[""chinese"",""traditional"",""radicals"",""frequency"",""character-to-radical"",""one-way"",""part-20""]"
zh-traditional-radicals-frequency-xx/3934/character-to-radical	XX	vocabulary	3934	zh-Hant	zh-Hant	阮	"[""阜""]"	[]		"[""zh-Hant.frequency.4221"",""zh.radical.kangxi.170""]"	[]	[]	sources/characters.tsv	frequency-order position 3934; corpus frequency rank 4221; Ministry common-character number 4404	阮: frequency-order position 3934; corpus frequency rank 4221; 2 appearances (0.00016%); Unihan kRSUnicode 170.4; Kangxi radical 170 阜; Unihan kRSUnicode single radical assignment.	[]	"[""chinese"",""traditional"",""radicals"",""frequency"",""character-to-radical"",""one-way"",""part-20""]"
zh-traditional-radicals-frequency-xx/3935/character-to-radical	XX	vocabulary	3935	zh-Hant	zh-Hant	帘	"[""巾""]"	[]		"[""zh-Hant.frequency.4222"",""zh.radical.kangxi.050""]"	[]	[]	sources/characters.tsv	frequency-order position 3935; corpus frequency rank 4222; Ministry common-character number 1165	帘: frequency-order position 3935; corpus frequency rank 4222; 2 appearances (0.00016%); Unihan kRSUnicode 50.5; Kangxi radical 50 巾; Unihan kRSUnicode single radical assignment.	[]	"[""chinese"",""traditional"",""radicals"",""frequency"",""character-to-radical"",""one-way"",""part-20""]"
zh-traditional-radicals-frequency-xx/3936/character-to-radical	XX	vocabulary	3936	zh-Hant	zh-Hant	胤	"[""肉""]"	[]		"[""zh-Hant.frequency.4223"",""zh.radical.kangxi.130""]"	[]	[]	sources/characters.tsv	frequency-order position 3936; corpus frequency rank 4223; Ministry common-character number 3318	胤: frequency-order position 3936; corpus frequency rank 4223; 2 appearances (0.00016%); Unihan kRSUnicode 130.5; Kangxi radical 130 肉; Unihan kRSUnicode single radical assignment.	[]	"[""chinese"",""traditional"",""radicals"",""frequency"",""character-to-radical"",""one-way"",""part-20""]"
zh-traditional-radicals-frequency-xx/3937/character-to-radical	XX	vocabulary	3937	zh-Hant	zh-Hant	汰	"[""水""]"	[]		"[""zh-Hant.frequency.4226"",""zh.radical.kangxi.085""]"	[]	[]	sources/characters.tsv	frequency-order position 3937; corpus frequency rank 4226; Ministry common-character number 2147	汰: frequency-order position 3937; corpus frequency rank 4226; 2 appearances (0.00016%); Unihan kRSUnicode 85.4; Kangxi radical 85 水; Unihan kRSUnicode single radical assignment.	[]	"[""chinese"",""traditional"",""radicals"",""frequency"",""character-to-radical"",""one-way"",""part-20""]"
zh-traditional-radicals-frequency-xx/3938/character-to-radical	XX	vocabulary	3938	zh-Hant	zh-Hant	妞	"[""女""]"	[]		"[""zh-Hant.frequency.4228"",""zh.radical.kangxi.038""]"	[]	[]	sources/characters.tsv	frequency-order position 3938; corpus frequency rank 4228; Ministry common-character number 890	妞: frequency-order position 3938; corpus frequency rank 4228; 2 appearances (0.00016%); Unihan kRSUnicode 38.4; Kangxi radical 38 女; Unihan kRSUnicode single radical assignment.	[]	"[""chinese"",""traditional"",""radicals"",""frequency"",""character-to-radical"",""one-way"",""part-20""]"
zh-traditional-radicals-frequency-xx/3939/character-to-radical	XX	vocabulary	3939	zh-Hant	zh-Hant	俑	"[""人""]"	[]		"[""zh-Hant.frequency.4229"",""zh.radical.kangxi.009""]"	[]	[]	sources/characters.tsv	frequency-order position 3939; corpus frequency rank 4229; Ministry common-character number 153	俑: frequency-order position 3939; corpus frequency rank 4229; 2 appearances (0.00016%); Unihan kRSUnicode 9.7; Kangxi radical 9 人; Unihan kRSUnicode single radical assignment.	[]	"[""chinese"",""traditional"",""radicals"",""frequency"",""character-to-radical"",""one-way"",""part-20""]"
zh-traditional-radicals-frequency-xx/3940/character-to-radical	XX	vocabulary	3940	zh-Hant	zh-Hant	囤	"[""囗""]"	[]		"[""zh-Hant.frequency.4230"",""zh.radical.kangxi.031""]"	[]	[]	sources/characters.tsv	frequency-order position 3940; corpus frequency rank 4230; Ministry common-character number 730	囤: frequency-order position 3940; corpus frequency rank 4230; 2 appearances (0.00016%); Unihan kRSUnicode 31.4; Kangxi radical 31 囗; Unihan kRSUnicode single radical assignment.	[]	"[""chinese"",""traditional"",""radicals"",""frequency"",""character-to-radical"",""one-way"",""part-20""]"
zh-traditional-radicals-frequency-xx/3941/character-to-radical	XX	vocabulary	3941	zh-Hant	zh-Hant	剋	"[""刀""]"	[]		"[""zh-Hant.frequency.4231"",""zh.radical.kangxi.018""]"	[]	[]	sources/characters.tsv	frequency-order position 3941; corpus frequency rank 4231; Ministry common-character number 357	剋: frequency-order position 3941; corpus frequency rank 4231; 2 appearances (0.00016%); Unihan kRSUnicode 18.7; Kangxi radical 18 刀; Unihan kRSUnicode single radical assignment.	[]	"[""chinese"",""traditional"",""radicals"",""frequency"",""character-to-radical"",""one-way"",""part-20""]"
zh-traditional-radicals-frequency-xx/3942/character-to-radical	XX	vocabulary	3942	zh-Hant	zh-Hant	彤	"[""彡""]"	[]		"[""zh-Hant.frequency.4232"",""zh.radical.kangxi.059""]"	[]	[]	sources/characters.tsv	frequency-order position 3942; corpus frequency rank 4232; Ministry common-character number 1267	彤: frequency-order position 3942; corpus frequency rank 4232; 2 appearances (0.00016%); Unihan kRSUnicode 59.4; Kangxi radical 59 彡; Unihan kRSUnicode single radical assignment.	[]	"[""chinese"",""traditional"",""radicals"",""frequency"",""character-to-radical"",""one-way"",""part-20""]"
zh-traditional-radicals-frequency-xx/3943/character-to-radical	XX	vocabulary	3943	zh-Hant	zh-Hant	拽	"[""手""]"	[]		"[""zh-Hant.frequency.4233"",""zh.radical.kangxi.064""]"	[]	[]	sources/characters.tsv	frequency-order position 3943; corpus frequency rank 4233; Ministry common-character number 1560	拽: frequency-order position 3943; corpus frequency rank 4233; 2 appearances (0.00016%); Unihan kRSUnicode 64.6; Kangxi radical 64 手; Unihan kRSUnicode single radical assignment.	[]	"[""chinese"",""traditional"",""radicals"",""frequency"",""character-to-radical"",""one-way"",""part-20""]"
zh-traditional-radicals-frequency-xx/3944/character-to-radical	XX	vocabulary	3944	zh-Hant	zh-Hant	芹	"[""艸""]"	[]		"[""zh-Hant.frequency.4234"",""zh.radical.kangxi.140""]"	[]	[]	sources/characters.tsv	frequency-order position 3944; corpus frequency rank 4234; Ministry common-character number 3438	芹: frequency-order position 3944; corpus frequency rank 4234; 2 appearances (0.00016%); Unihan kRSUnicode 140.4; Kangxi radical 140 艸; Unihan kRSUnicode single radical assignment.	[]	"[""chinese"",""traditional"",""radicals"",""frequency"",""character-to-radical"",""one-way"",""part-20""]"
zh-traditional-radicals-frequency-xx/3945/character-to-radical	XX	vocabulary	3945	zh-Hant	zh-Hant	虱	"[""虫""]"	[]		"[""zh-Hant.frequency.4235"",""zh.radical.kangxi.142""]"	[]	[]	sources/characters.tsv	frequency-order position 3945; corpus frequency rank 4235; Ministry common-character number 3615	虱: frequency-order position 3945; corpus frequency rank 4235; 2 appearances (0.00016%); Unihan kRSUnicode 142.2; Kangxi radical 142 虫; Unihan kRSUnicode single radical assignment.	[]	"[""chinese"",""traditional"",""radicals"",""frequency"",""character-to-radical"",""one-way"",""part-20""]"
zh-traditional-radicals-frequency-xx/3946/character-to-radical	XX	vocabulary	3946	zh-Hant	zh-Hant	軋	"[""車""]"	[]		"[""zh-Hant.frequency.4236"",""zh.radical.kangxi.159""]"	[]	[]	sources/characters.tsv	frequency-order position 3946; corpus frequency rank 4236; Ministry common-character number 4062	軋: frequency-order position 3946; corpus frequency rank 4236; 2 appearances (0.00016%); Unihan kRSUnicode 159.1; Kangxi radical 159 車; Unihan kRSUnicode single radical assignment.	[]	"[""chinese"",""traditional"",""radicals"",""frequency"",""character-to-radical"",""one-way"",""part-20""]"
zh-traditional-radicals-frequency-xx/3947/character-to-radical	XX	vocabulary	3947	zh-Hant	zh-Hant	恃	"[""心""]"	[]		"[""zh-Hant.frequency.4237"",""zh.radical.kangxi.061""]"	[]	[]	sources/characters.tsv	frequency-order position 3947; corpus frequency rank 4237; Ministry common-character number 1340	恃: frequency-order position 3947; corpus frequency rank 4237; 2 appearances (0.00016%); Unihan kRSUnicode 61.6; Kangxi radical 61 心; Unihan kRSUnicode single radical assignment.	[]	"[""chinese"",""traditional"",""radicals"",""frequency"",""character-to-radical"",""one-way"",""part-20""]"
zh-traditional-radicals-frequency-xx/3948/character-to-radical	XX	vocabulary	3948	zh-Hant	zh-Hant	盂	"[""皿""]"	[]		"[""zh-Hant.frequency.4238"",""zh.radical.kangxi.108""]"	[]	[]	sources/characters.tsv	frequency-order position 3948; corpus frequency rank 4238; Ministry common-character number 2737	盂: frequency-order position 3948; corpus frequency rank 4238; 2 appearances (0.00016%); Unihan kRSUnicode 108.3; Kangxi radical 108 皿; Unihan kRSUnicode single radical assignment.	[]	"[""chinese"",""traditional"",""radicals"",""frequency"",""character-to-radical"",""one-way"",""part-20""]"
zh-traditional-radicals-frequency-xx/3949/character-to-radical	XX	vocabulary	3949	zh-Hant	zh-Hant	垠	"[""土""]"	[]		"[""zh-Hant.frequency.4239"",""zh.radical.kangxi.032""]"	[]	[]	sources/characters.tsv	frequency-order position 3949; corpus frequency rank 4239; Ministry common-character number 766	垠: frequency-order position 3949; corpus frequency rank 4239; 2 appearances (0.00016%); Unihan kRSUnicode 32.6; Kangxi radical 32 土; Unihan kRSUnicode single radical assignment.	[]	"[""chinese"",""traditional"",""radicals"",""frequency"",""character-to-radical"",""one-way"",""part-20""]"
zh-traditional-radicals-frequency-xx/3950/character-to-radical	XX	vocabulary	3950	zh-Hant	zh-Hant	阜	"[""阜""]"	[]		"[""zh-Hant.frequency.4240"",""zh.radical.kangxi.170""]"	[]	[]	sources/characters.tsv	frequency-order position 3950; corpus frequency rank 4240; Ministry common-character number 4401	阜: frequency-order position 3950; corpus frequency rank 4240; 2 appearances (0.00016%); Unihan kRSUnicode 170.0; Kangxi radical 170 阜; Unihan kRSUnicode single radical assignment.	[]	"[""chinese"",""traditional"",""radicals"",""frequency"",""character-to-radical"",""one-way"",""part-20""]"
zh-traditional-radicals-frequency-xx/3951/character-to-radical	XX	vocabulary	3951	zh-Hant	zh-Hant	赳	"[""走""]"	[]		"[""zh-Hant.frequency.4241"",""zh.radical.kangxi.156""]"	[]	[]	sources/characters.tsv	frequency-order position 3951; corpus frequency rank 4241; Ministry common-character number 3991	赳: frequency-order position 3951; corpus frequency rank 4241; 2 appearances (0.00016%); Unihan kRSUnicode 156.2; Kangxi radical 156 走; Unihan kRSUnicode single radical assignment.	[]	"[""chinese"",""traditional"",""radicals"",""frequency"",""character-to-radical"",""one-way"",""part-20""]"
zh-traditional-radicals-frequency-xx/3952/character-to-radical	XX	vocabulary	3952	zh-Hant	zh-Hant	尬	"[""尢""]"	[]		"[""zh-Hant.frequency.4242"",""zh.radical.kangxi.043""]"	[]	[]	sources/characters.tsv	frequency-order position 3952; corpus frequency rank 4242; Ministry common-character number 1073	尬: frequency-order position 3952; corpus frequency rank 4242; 2 appearances (0.00016%); Unihan kRSUnicode 43.4; Kangxi radical 43 尢; Unihan kRSUnicode single radical assignment.	[]	"[""chinese"",""traditional"",""radicals"",""frequency"",""character-to-radical"",""one-way"",""part-20""]"
zh-traditional-radicals-frequency-xx/3953/character-to-radical	XX	vocabulary	3953	zh-Hant	zh-Hant	炊	"[""火""]"	[]		"[""zh-Hant.frequency.4245"",""zh.radical.kangxi.086""]"	[]	[]	sources/characters.tsv	frequency-order position 3953; corpus frequency rank 4245; Ministry common-character number 2392	炊: frequency-order position 3953; corpus frequency rank 4245; 2 appearances (0.00016%); Unihan kRSUnicode 86.4; Kangxi radical 86 火; Unihan kRSUnicode single radical assignment.	[]	"[""chinese"",""traditional"",""radicals"",""frequency"",""character-to-radical"",""one-way"",""part-20""]"
zh-traditional-radicals-frequency-xx/3954/character-to-radical	XX	vocabulary	3954	zh-Hant	zh-Hant	奎	"[""大""]"	[]		"[""zh-Hant.frequency.4247"",""zh.radical.kangxi.037""]"	[]	[]	sources/characters.tsv	frequency-order position 3954; corpus frequency rank 4247; Ministry common-character number 866	奎: frequency-order position 3954; corpus frequency rank 4247; 2 appearances (0.00016%); Unihan kRSUnicode 37.6; Kangxi radical 37 大; Unihan kRSUnicode single radical assignment.	[]	"[""chinese"",""traditional"",""radicals"",""frequency"",""character-to-radical"",""one-way"",""part-20""]"
zh-traditional-radicals-frequency-xx/3955/character-to-radical	XX	vocabulary	3955	zh-Hant	zh-Hant	紉	"[""糸""]"	[]		"[""zh-Hant.frequency.4248"",""zh.radical.kangxi.120""]"	[]	[]	sources/characters.tsv	frequency-order position 3955; corpus frequency rank 4248; Ministry common-character number 3085	紉: frequency-order position 3955; corpus frequency rank 4248; 2 appearances (0.00016%); Unihan kRSUnicode 120.3; Kangxi radical 120 糸; Unihan kRSUnicode single radical assignment.	[]	"[""chinese"",""traditional"",""radicals"",""frequency"",""character-to-radical"",""one-way"",""part-20""]"
zh-traditional-radicals-frequency-xx/3956/character-to-radical	XX	vocabulary	3956	zh-Hant	zh-Hant	氓	"[""氏""]"	[]		"[""zh-Hant.frequency.4249"",""zh.radical.kangxi.083""]"	[]	[]	sources/characters.tsv	frequency-order position 3956; corpus frequency rank 4249; Ministry common-character number 2111	氓: frequency-order position 3956; corpus frequency rank 4249; 2 appearances (0.00016%); Unihan kRSUnicode 83.4; Kangxi radical 83 氏; Unihan kRSUnicode single radical assignment.	[]	"[""chinese"",""traditional"",""radicals"",""frequency"",""character-to-radical"",""one-way"",""part-20""]"
zh-traditional-radicals-frequency-xx/3957/character-to-radical	XX	vocabulary	3957	zh-Hant	zh-Hant	癸	"[""癶""]"	[]		"[""zh-Hant.frequency.4250"",""zh.radical.kangxi.105""]"	[]	[]	sources/characters.tsv	frequency-order position 3957; corpus frequency rank 4250; Ministry common-character number 2718	癸: frequency-order position 3957; corpus frequency rank 4250; 2 appearances (0.00016%); Unihan kRSUnicode 105.4; Kangxi radical 105 癶; Unihan kRSUnicode single radical assignment.	[]	"[""chinese"",""traditional"",""radicals"",""frequency"",""character-to-radical"",""one-way"",""part-20""]"
zh-traditional-radicals-frequency-xx/3958/character-to-radical	XX	vocabulary	3958	zh-Hant	zh-Hant	舢	"[""舟""]"	[]		"[""zh-Hant.frequency.4251"",""zh.radical.kangxi.137""]"	[]	[]	sources/characters.tsv	frequency-order position 3958; corpus frequency rank 4251; Ministry common-character number 3411	舢: frequency-order position 3958; corpus frequency rank 4251; 2 appearances (0.00016%); Unihan kRSUnicode 137.3; Kangxi radical 137 舟; Unihan kRSUnicode single radical assignment.	[]	"[""chinese"",""traditional"",""radicals"",""frequency"",""character-to-radical"",""one-way"",""part-20""]"
zh-traditional-radicals-frequency-xx/3959/character-to-radical	XX	vocabulary	3959	zh-Hant	zh-Hant	沁	"[""水""]"	[]		"[""zh-Hant.frequency.4252"",""zh.radical.kangxi.085""]"	[]	[]	sources/characters.tsv	frequency-order position 3959; corpus frequency rank 4252; Ministry common-character number 2139	沁: frequency-order position 3959; corpus frequency rank 4252; 2 appearances (0.00016%); Unihan kRSUnicode 85.4; Kangxi radical 85 水; Unihan kRSUnicode single radical assignment.	[]	"[""chinese"",""traditional"",""radicals"",""frequency"",""character-to-radical"",""one-way"",""part-20""]"
zh-traditional-radicals-frequency-xx/3960/character-to-radical	XX	vocabulary	3960	zh-Hant	zh-Hant	奐	"[""大""]"	[]		"[""zh-Hant.frequency.4253"",""zh.radical.kangxi.037""]"	[]	[]	sources/characters.tsv	frequency-order position 3960; corpus frequency rank 4253; Ministry common-character number 867	奐: frequency-order position 3960; corpus frequency rank 4253; 2 appearances (0.00016%); Unihan kRSUnicode 37.6; Kangxi radical 37 大; Unihan kRSUnicode single radical assignment.	[]	"[""chinese"",""traditional"",""radicals"",""frequency"",""character-to-radical"",""one-way"",""part-20""]"
zh-traditional-radicals-frequency-xx/3961/character-to-radical	XX	vocabulary	3961	zh-Hant	zh-Hant	玷	"[""玉""]"	[]		"[""zh-Hant.frequency.4254"",""zh.radical.kangxi.096""]"	[]	[]	sources/characters.tsv	frequency-order position 3961; corpus frequency rank 4254; Ministry common-character number 2559	玷: frequency-order position 3961; corpus frequency rank 4254; 2 appearances (0.00016%); Unihan kRSUnicode 96.5; Kangxi radical 96 玉; Unihan kRSUnicode single radical assignment.	[]	"[""chinese"",""traditional"",""radicals"",""frequency"",""character-to-radical"",""one-way"",""part-20""]"
zh-traditional-radicals-frequency-xx/3962/character-to-radical	XX	vocabulary	3962	zh-Hant	zh-Hant	酋	"[""酉""]"	[]		"[""zh-Hant.frequency.4255"",""zh.radical.kangxi.164""]"	[]	[]	sources/characters.tsv	frequency-order position 3962; corpus frequency rank 4255; Ministry common-character number 4226	酋: frequency-order position 3962; corpus frequency rank 4255; 2 appearances (0.00016%); Unihan kRSUnicode 164.2; Kangxi radical 164 酉; Unihan kRSUnicode single radical assignment.	[]	"[""chinese"",""traditional"",""radicals"",""frequency"",""character-to-radical"",""one-way"",""part-20""]"
zh-traditional-radicals-frequency-xx/3963/character-to-radical	XX	vocabulary	3963	zh-Hant	zh-Hant	迥	"[""辵""]"	[]		"[""zh-Hant.frequency.4256"",""zh.radical.kangxi.162""]"	[]	[]	sources/characters.tsv	frequency-order position 3963; corpus frequency rank 4256; Ministry common-character number 4124	迥: frequency-order position 3963; corpus frequency rank 4256; 2 appearances (0.00016%); Unihan kRSUnicode 162.5; Kangxi radical 162 辵; Unihan kRSUnicode single radical assignment.	[]	"[""chinese"",""traditional"",""radicals"",""frequency"",""character-to-radical"",""one-way"",""part-20""]"
zh-traditional-radicals-frequency-xx/3964/character-to-radical	XX	vocabulary	3964	zh-Hant	zh-Hant	閂	"[""門""]"	[]		"[""zh-Hant.frequency.4257"",""zh.radical.kangxi.169""]"	[]	[]	sources/characters.tsv	frequency-order position 3964; corpus frequency rank 4257; Ministry common-character number 4371	閂: frequency-order position 3964; corpus frequency rank 4257; 2 appearances (0.00016%); Unihan kRSUnicode 169.1; Kangxi radical 169 門; Unihan kRSUnicode single radical assignment.	[]	"[""chinese"",""traditional"",""radicals"",""frequency"",""character-to-radical"",""one-way"",""part-20""]"
zh-traditional-radicals-frequency-xx/3965/character-to-radical	XX	vocabulary	3965	zh-Hant	zh-Hant	倌	"[""人""]"	[]		"[""zh-Hant.frequency.4259"",""zh.radical.kangxi.009""]"	[]	[]	sources/characters.tsv	frequency-order position 3965; corpus frequency rank 4259; Ministry common-character number 169	倌: frequency-order position 3965; corpus frequency rank 4259; 2 appearances (0.00016%); Unihan kRSUnicode 9.8; Kangxi radical 9 人; Unihan kRSUnicode single radical assignment.	[]	"[""chinese"",""traditional"",""radicals"",""frequency"",""character-to-radical"",""one-way"",""part-20""]"
zh-traditional-radicals-frequency-xx/3966/character-to-radical	XX	vocabulary	3966	zh-Hant	zh-Hant	罟	"[""网""]"	[]		"[""zh-Hant.frequency.4261"",""zh.radical.kangxi.122""]"	[]	[]	sources/characters.tsv	frequency-order position 3966; corpus frequency rank 4261; Ministry common-character number 3204	罟: frequency-order position 3966; corpus frequency rank 4261; 2 appearances (0.00016%); Unihan kRSUnicode 122.5; Kangxi radical 122 网; Unihan kRSUnicode single radical assignment.	[]	"[""chinese"",""traditional"",""radicals"",""frequency"",""character-to-radical"",""one-way"",""part-20""]"
zh-traditional-radicals-frequency-xx/3967/character-to-radical	XX	vocabulary	3967	zh-Hant	zh-Hant	胭	"[""肉""]"	[]		"[""zh-Hant.frequency.4263"",""zh.radical.kangxi.130""]"	[]	[]	sources/characters.tsv	frequency-order position 3967; corpus frequency rank 4263; Ministry common-character number 3323	胭: frequency-order position 3967; corpus frequency rank 4263; 2 appearances (0.00016%); Unihan kRSUnicode 130.6; Kangxi radical 130 肉; Unihan kRSUnicode single radical assignment.	[]	"[""chinese"",""traditional"",""radicals"",""frequency"",""character-to-radical"",""one-way"",""part-20""]"
zh-traditional-radicals-frequency-xx/3968/character-to-radical	XX	vocabulary	3968	zh-Hant	zh-Hant	恣	"[""心""]"	[]		"[""zh-Hant.frequency.4267"",""zh.radical.kangxi.061""]"	[]	[]	sources/characters.tsv	frequency-order position 3968; corpus frequency rank 4267; Ministry common-character number 1346	恣: frequency-order position 3968; corpus frequency rank 4267; 2 appearances (0.00016%); Unihan kRSUnicode 61.6; Kangxi radical 61 心; Unihan kRSUnicode single radical assignment.	[]	"[""chinese"",""traditional"",""radicals"",""frequency"",""character-to-radical"",""one-way"",""part-20""]"
zh-traditional-radicals-frequency-xx/3969/character-to-radical	XX	vocabulary	3969	zh-Hant	zh-Hant	訕	"[""言""]"	[]		"[""zh-Hant.frequency.4271"",""zh.radical.kangxi.149""]"	[]	[]	sources/characters.tsv	frequency-order position 3969; corpus frequency rank 4271; Ministry common-character number 3789	訕: frequency-order position 3969; corpus frequency rank 4271; 2 appearances (0.00016%); Unihan kRSUnicode 149.3; Kangxi radical 149 言; Unihan kRSUnicode single radical assignment.	[]	"[""chinese"",""traditional"",""radicals"",""frequency"",""character-to-radical"",""one-way"",""part-20""]"
zh-traditional-radicals-frequency-xx/3970/character-to-radical	XX	vocabulary	3970	zh-Hant	zh-Hant	狷	"[""犬""]"	[]		"[""zh-Hant.frequency.4273"",""zh.radical.kangxi.094""]"	[]	[]	sources/characters.tsv	frequency-order position 3970; corpus frequency rank 4273; Ministry common-character number 2523	狷: frequency-order position 3970; corpus frequency rank 4273; 2 appearances (0.00016%); Unihan kRSUnicode 94.7; Kangxi radical 94 犬; Unihan kRSUnicode single radical assignment.	[]	"[""chinese"",""traditional"",""radicals"",""frequency"",""character-to-radical"",""one-way"",""part-20""]"
zh-traditional-radicals-frequency-xx/3971/character-to-radical	XX	vocabulary	3971	zh-Hant	zh-Hant	紜	"[""糸""]"	[]		"[""zh-Hant.frequency.4275"",""zh.radical.kangxi.120""]"	[]	[]	sources/characters.tsv	frequency-order position 3971; corpus frequency rank 4275; Ministry common-character number 3098	紜: frequency-order position 3971; corpus frequency rank 4275; 2 appearances (0.00016%); Unihan kRSUnicode 120.4; Kangxi radical 120 糸; Unihan kRSUnicode single radical assignment.	[]	"[""chinese"",""traditional"",""radicals"",""frequency"",""character-to-radical"",""one-way"",""part-20""]"
zh-traditional-radicals-frequency-xx/3972/character-to-radical	XX	vocabulary	3972	zh-Hant	zh-Hant	啤	"[""口""]"	[]		"[""zh-Hant.frequency.4277"",""zh.radical.kangxi.030""]"	[]	[]	sources/characters.tsv	frequency-order position 3972; corpus frequency rank 4277; Ministry common-character number 613	啤: frequency-order position 3972; corpus frequency rank 4277; 2 appearances (0.00016%); Unihan kRSUnicode 30.8; Kangxi radical 30 口; Unihan kRSUnicode single radical assignment.	[]	"[""chinese"",""traditional"",""radicals"",""frequency"",""character-to-radical"",""one-way"",""part-20""]"
zh-traditional-radicals-frequency-xx/3973/character-to-radical	XX	vocabulary	3973	zh-Hant	zh-Hant	倔	"[""人""]"	[]		"[""zh-Hant.frequency.4279"",""zh.radical.kangxi.009""]"	[]	[]	sources/characters.tsv	frequency-order position 3973; corpus frequency rank 4279; Ministry common-character number 186	倔: frequency-order position 3973; corpus frequency rank 4279; 2 appearances (0.00016%); Unihan kRSUnicode 9.8; Kangxi radical 9 人; Unihan kRSUnicode single radical assignment.	[]	"[""chinese"",""traditional"",""radicals"",""frequency"",""character-to-radical"",""one-way"",""part-20""]"
zh-traditional-radicals-frequency-xx/3974/character-to-radical	XX	vocabulary	3974	zh-Hant	zh-Hant	埠	"[""土""]"	[]		"[""zh-Hant.frequency.4281"",""zh.radical.kangxi.032""]"	[]	[]	sources/characters.tsv	frequency-order position 3974; corpus frequency rank 4281; Ministry common-character number 779	埠: frequency-order position 3974; corpus frequency rank 4281; 2 appearances (0.00016%); Unihan kRSUnicode 32.8; Kangxi radical 32 土; Unihan kRSUnicode single radical assignment.	[]	"[""chinese"",""traditional"",""radicals"",""frequency"",""character-to-radical"",""one-way"",""part-20""]"
zh-traditional-radicals-frequency-xx/3975/character-to-radical	XX	vocabulary	3975	zh-Hant	zh-Hant	桔	"[""木""]"	[]		"[""zh-Hant.frequency.4283"",""zh.radical.kangxi.075""]"	[]	[]	sources/characters.tsv	frequency-order position 3975; corpus frequency rank 4283; Ministry common-character number 1917	桔: frequency-order position 3975; corpus frequency rank 4283; 2 appearances (0.00016%); Unihan kRSUnicode 75.6; Kangxi radical 75 木; Unihan kRSUnicode single radical assignment.	[]	"[""chinese"",""traditional"",""radicals"",""frequency"",""character-to-radical"",""one-way"",""part-20""]"
zh-traditional-radicals-frequency-xx/3976/character-to-radical	XX	vocabulary	3976	zh-Hant	zh-Hant	悻	"[""心""]"	[]		"[""zh-Hant.frequency.4285"",""zh.radical.kangxi.061""]"	[]	[]	sources/characters.tsv	frequency-order position 3976; corpus frequency rank 4285; Ministry common-character number 1371	悻: frequency-order position 3976; corpus frequency rank 4285; 2 appearances (0.00016%); Unihan kRSUnicode 61.8; Kangxi radical 61 心; Unihan kRSUnicode single radical assignment.	[]	"[""chinese"",""traditional"",""radicals"",""frequency"",""character-to-radical"",""one-way"",""part-20""]"
zh-traditional-radicals-frequency-xx/3977/character-to-radical	XX	vocabulary	3977	zh-Hant	zh-Hant	孳	"[""子""]"	[]		"[""zh-Hant.frequency.4287"",""zh.radical.kangxi.039""]"	[]	[]	sources/characters.tsv	frequency-order position 3977; corpus frequency rank 4287; Ministry common-character number 998	孳: frequency-order position 3977; corpus frequency rank 4287; 2 appearances (0.00016%); Unihan kRSUnicode 39.10; Kangxi radical 39 子; Unihan kRSUnicode single radical assignment.	[]	"[""chinese"",""traditional"",""radicals"",""frequency"",""character-to-radical"",""one-way"",""part-20""]"
zh-traditional-radicals-frequency-xx/3978/character-to-radical	XX	vocabulary	3978	zh-Hant	zh-Hant	弼	"[""弓""]"	[]		"[""zh-Hant.frequency.4293"",""zh.radical.kangxi.057""]"	[]	[]	sources/characters.tsv	frequency-order position 3978; corpus frequency rank 4293; Ministry common-character number 1259	弼: frequency-order position 3978; corpus frequency rank 4293; 2 appearances (0.00016%); Unihan kRSUnicode 57.9; Kangxi radical 57 弓; Unihan kRSUnicode single radical assignment.	[]	"[""chinese"",""traditional"",""radicals"",""frequency"",""character-to-radical"",""one-way"",""part-20""]"
zh-traditional-radicals-frequency-xx/3979/character-to-radical	XX	vocabulary	3979	zh-Hant	zh-Hant	舂	"[""臼""]"	[]		"[""zh-Hant.frequency.4295"",""zh.radical.kangxi.134""]"	[]	[]	sources/characters.tsv	frequency-order position 3979; corpus frequency rank 4295; Ministry common-character number 3396	舂: frequency-order position 3979; corpus frequency rank 4295; 2 appearances (0.00016%); Unihan kRSUnicode 134.5; Kangxi radical 134 臼; Unihan kRSUnicode single radical assignment.	[]	"[""chinese"",""traditional"",""radicals"",""frequency"",""character-to-radical"",""one-way"",""part-20""]"
zh-traditional-radicals-frequency-xx/3980/character-to-radical	XX	vocabulary	3980	zh-Hant	zh-Hant	掣	"[""手""]"	[]		"[""zh-Hant.frequency.4299"",""zh.radical.kangxi.064""]"	[]	[]	sources/characters.tsv	frequency-order position 3980; corpus frequency rank 4299; Ministry common-character number 1614	掣: frequency-order position 3980; corpus frequency rank 4299; 2 appearances (0.00016%); Unihan kRSUnicode 64.8; Kangxi radical 64 手; Unihan kRSUnicode single radical assignment.	[]	"[""chinese"",""traditional"",""radicals"",""frequency"",""character-to-radical"",""one-way"",""part-20""]"
zh-traditional-radicals-frequency-xx/3981/character-to-radical	XX	vocabulary	3981	zh-Hant	zh-Hant	翌	"[""羽""]"	[]		"[""zh-Hant.frequency.4301"",""zh.radical.kangxi.124""]"	[]	[]	sources/characters.tsv	frequency-order position 3981; corpus frequency rank 4301; Ministry common-character number 3235	翌: frequency-order position 3981; corpus frequency rank 4301; 2 appearances (0.00016%); Unihan kRSUnicode 124.5; Kangxi radical 124 羽; Unihan kRSUnicode single radical assignment.	[]	"[""chinese"",""traditional"",""radicals"",""frequency"",""character-to-radical"",""one-way"",""part-20""]"
zh-traditional-radicals-frequency-xx/3982/character-to-radical	XX	vocabulary	3982	zh-Hant	zh-Hant	纜	"[""糸""]"	[]		"[""zh-Hant.frequency.4302"",""zh.radical.kangxi.120""]"	[]	[]	sources/characters.tsv	frequency-order position 3982; corpus frequency rank 4302; Ministry common-character number 3194	纜: frequency-order position 3982; corpus frequency rank 4302; 2 appearances (0.00016%); Unihan kRSUnicode 120.21; Kangxi radical 120 糸; Unihan kRSUnicode single radical assignment.	[]	"[""chinese"",""traditional"",""radicals"",""frequency"",""character-to-radical"",""one-way"",""part-20""]"
zh-traditional-radicals-frequency-xx/3983/character-to-radical	XX	vocabulary	3983	zh-Hant	zh-Hant	筐	"[""竹""]"	[]		"[""zh-Hant.frequency.4307"",""zh.radical.kangxi.118""]"	[]	[]	sources/characters.tsv	frequency-order position 3983; corpus frequency rank 4307; Ministry common-character number 3000	筐: frequency-order position 3983; corpus frequency rank 4307; 2 appearances (0.00016%); Unihan kRSUnicode 118.6; Kangxi radical 118 竹; Unihan kRSUnicode single radical assignment.	[]	"[""chinese"",""traditional"",""radicals"",""frequency"",""character-to-radical"",""one-way"",""part-20""]"
zh-traditional-radicals-frequency-xx/3984/character-to-radical	XX	vocabulary	3984	zh-Hant	zh-Hant	楠	"[""木""]"	[]		"[""zh-Hant.frequency.4309"",""zh.radical.kangxi.075""]"	[]	[]	sources/characters.tsv	frequency-order position 3984; corpus frequency rank 4309; Ministry common-character number 1977	楠: frequency-order position 3984; corpus frequency rank 4309; 2 appearances (0.00016%); Unihan kRSUnicode 75.9; Kangxi radical 75 木; Unihan kRSUnicode single radical assignment.	[]	"[""chinese"",""traditional"",""radicals"",""frequency"",""character-to-radical"",""one-way"",""part-20""]"
zh-traditional-radicals-frequency-xx/3985/character-to-radical	XX	vocabulary	3985	zh-Hant	zh-Hant	証	"[""言""]"	[]		"[""zh-Hant.frequency.4311"",""zh.radical.kangxi.149""]"	[]	[]	sources/characters.tsv	frequency-order position 3985; corpus frequency rank 4311; Ministry common-character number 3806	証: frequency-order position 3985; corpus frequency rank 4311; 2 appearances (0.00016%); Unihan kRSUnicode 149.5; Kangxi radical 149 言; Unihan kRSUnicode single radical assignment.	[]	"[""chinese"",""traditional"",""radicals"",""frequency"",""character-to-radical"",""one-way"",""part-20""]"
zh-traditional-radicals-frequency-xx/3986/character-to-radical	XX	vocabulary	3986	zh-Hant	zh-Hant	榆	"[""木""]"	[]		"[""zh-Hant.frequency.4313"",""zh.radical.kangxi.075""]"	[]	[]	sources/characters.tsv	frequency-order position 3986; corpus frequency rank 4313; Ministry common-character number 1988	榆: frequency-order position 3986; corpus frequency rank 4313; 2 appearances (0.00016%); Unihan kRSUnicode 75.9; Kangxi radical 75 木; Unihan kRSUnicode single radical assignment.	[]	"[""chinese"",""traditional"",""radicals"",""frequency"",""character-to-radical"",""one-way"",""part-20""]"
zh-traditional-radicals-frequency-xx/3987/character-to-radical	XX	vocabulary	3987	zh-Hant	zh-Hant	萋	"[""艸""]"	[]		"[""zh-Hant.frequency.4315"",""zh.radical.kangxi.140""]"	[]	[]	sources/characters.tsv	frequency-order position 3987; corpus frequency rank 4315; Ministry common-character number 3501	萋: frequency-order position 3987; corpus frequency rank 4315; 2 appearances (0.00016%); Unihan kRSUnicode 140.8; Kangxi radical 140 艸; Unihan kRSUnicode single radical assignment.	[]	"[""chinese"",""traditional"",""radicals"",""frequency"",""character-to-radical"",""one-way"",""part-20""]"
zh-traditional-radicals-frequency-xx/3988/character-to-radical	XX	vocabulary	3988	zh-Hant	zh-Hant	慄	"[""心""]"	[]		"[""zh-Hant.frequency.4317"",""zh.radical.kangxi.061""]"	[]	[]	sources/characters.tsv	frequency-order position 3988; corpus frequency rank 4317; Ministry common-character number 1410	慄: frequency-order position 3988; corpus frequency rank 4317; 2 appearances (0.00016%); Unihan kRSUnicode 61.10; Kangxi radical 61 心; Unihan kRSUnicode single radical assignment.	[]	"[""chinese"",""traditional"",""radicals"",""frequency"",""character-to-radical"",""one-way"",""part-20""]"
zh-traditional-radicals-frequency-xx/3989/character-to-radical	XX	vocabulary	3989	zh-Hant	zh-Hant	跚	"[""足""]"	[]		"[""zh-Hant.frequency.4319"",""zh.radical.kangxi.157""]"	[]	[]	sources/characters.tsv	frequency-order position 3989; corpus frequency rank 4319; Ministry common-character number 4007	跚: frequency-order position 3989; corpus frequency rank 4319; 2 appearances (0.00016%); Unihan kRSUnicode 157.5; Kangxi radical 157 足; Unihan kRSUnicode single radical assignment.	[]	"[""chinese"",""traditional"",""radicals"",""frequency"",""character-to-radical"",""one-way"",""part-20""]"
zh-traditional-radicals-frequency-xx/3990/character-to-radical	XX	vocabulary	3990	zh-Hant	zh-Hant	嗆	"[""口""]"	[]		"[""zh-Hant.frequency.4321"",""zh.radical.kangxi.030""]"	[]	[]	sources/characters.tsv	frequency-order position 3990; corpus frequency rank 4321; Ministry common-character number 659	嗆: frequency-order position 3990; corpus frequency rank 4321; 2 appearances (0.00016%); Unihan kRSUnicode 30.10; Kangxi radical 30 口; Unihan kRSUnicode single radical assignment.	[]	"[""chinese"",""traditional"",""radicals"",""frequency"",""character-to-radical"",""one-way"",""part-20""]"
zh-traditional-radicals-frequency-xx/3991/character-to-radical	XX	vocabulary	3991	zh-Hant	zh-Hant	鈐	"[""金""]"	[]		"[""zh-Hant.frequency.4323"",""zh.radical.kangxi.167""]"	[]	[]	sources/characters.tsv	frequency-order position 3991; corpus frequency rank 4323; Ministry common-character number 4276	鈐: frequency-order position 3991; corpus frequency rank 4323; 2 appearances (0.00016%); Unihan kRSUnicode 167.4; Kangxi radical 167 金; Unihan kRSUnicode single radical assignment.	[]	"[""chinese"",""traditional"",""radicals"",""frequency"",""character-to-radical"",""one-way"",""part-20""]"
zh-traditional-radicals-frequency-xx/3992/character-to-radical	XX	vocabulary	3992	zh-Hant	zh-Hant	隅	"[""阜""]"	[]		"[""zh-Hant.frequency.4327"",""zh.radical.kangxi.170""]"	[]	[]	sources/characters.tsv	frequency-order position 3992; corpus frequency rank 4327; Ministry common-character number 4433	隅: frequency-order position 3992; corpus frequency rank 4327; 2 appearances (0.00016%); Unihan kRSUnicode 170.9; Kangxi radical 170 阜; Unihan kRSUnicode single radical assignment.	[]	"[""chinese"",""traditional"",""radicals"",""frequency"",""character-to-radical"",""one-way"",""part-20""]"
zh-traditional-radicals-frequency-xx/3993/character-to-radical	XX	vocabulary	3993	zh-Hant	zh-Hant	揖	"[""手""]"	[]		"[""zh-Hant.frequency.4329"",""zh.radical.kangxi.064""]"	[]	[]	sources/characters.tsv	frequency-order position 3993; corpus frequency rank 4329; Ministry common-character number 1626	揖: frequency-order position 3993; corpus frequency rank 4329; 2 appearances (0.00016%); Unihan kRSUnicode 64.9; Kangxi radical 64 手; Unihan kRSUnicode single radical assignment.	[]	"[""chinese"",""traditional"",""radicals"",""frequency"",""character-to-radical"",""one-way"",""part-20""]"
zh-traditional-radicals-frequency-xx/3994/character-to-radical	XX	vocabulary	3994	zh-Hant	zh-Hant	慇	"[""心""]"	[]		"[""zh-Hant.frequency.4331"",""zh.radical.kangxi.061""]"	[]	[]	sources/characters.tsv	frequency-order position 3994; corpus frequency rank 4331; Ministry common-character number 1415	慇: frequency-order position 3994; corpus frequency rank 4331; 2 appearances (0.00016%); Unihan kRSUnicode 61.10; Kangxi radical 61 心; Unihan kRSUnicode single radical assignment.	[]	"[""chinese"",""traditional"",""radicals"",""frequency"",""character-to-radical"",""one-way"",""part-20""]"
zh-traditional-radicals-frequency-xx/3995/character-to-radical	XX	vocabulary	3995	zh-Hant	zh-Hant	煽	"[""火""]"	[]		"[""zh-Hant.frequency.4333"",""zh.radical.kangxi.086""]"	[]	[]	sources/characters.tsv	frequency-order position 3995; corpus frequency rank 4333; Ministry common-character number 2433	煽: frequency-order position 3995; corpus frequency rank 4333; 2 appearances (0.00016%); Unihan kRSUnicode 86.10; Kangxi radical 86 火; Unihan kRSUnicode single radical assignment.	[]	"[""chinese"",""traditional"",""radicals"",""frequency"",""character-to-radical"",""one-way"",""part-20""]"
zh-traditional-radicals-frequency-xx/3996/character-to-radical	XX	vocabulary	3996	zh-Hant	zh-Hant	琿	"[""玉""]"	[]		"[""zh-Hant.frequency.4335"",""zh.radical.kangxi.096""]"	[]	[]	sources/characters.tsv	frequency-order position 3996; corpus frequency rank 4335; Ministry common-character number 2590	琿: frequency-order position 3996; corpus frequency rank 4335; 2 appearances (0.00016%); Unihan kRSUnicode 96.9; Kangxi radical 96 玉; Unihan kRSUnicode single radical assignment.	[]	"[""chinese"",""traditional"",""radicals"",""frequency"",""character-to-radical"",""one-way"",""part-20""]"
zh-traditional-radicals-frequency-xx/3997/character-to-radical	XX	vocabulary	3997	zh-Hant	zh-Hant	酪	"[""酉""]"	[]		"[""zh-Hant.frequency.4337"",""zh.radical.kangxi.164""]"	[]	[]	sources/characters.tsv	frequency-order position 3997; corpus frequency rank 4337; Ministry common-character number 4235	酪: frequency-order position 3997; corpus frequency rank 4337; 2 appearances (0.00016%); Unihan kRSUnicode 164.6; Kangxi radical 164 酉; Unihan kRSUnicode single radical assignment.	[]	"[""chinese"",""traditional"",""radicals"",""frequency"",""character-to-radical"",""one-way"",""part-20""]"
zh-traditional-radicals-frequency-xx/3998/character-to-radical	XX	vocabulary	3998	zh-Hant	zh-Hant	榻	"[""木""]"	[]		"[""zh-Hant.frequency.4341"",""zh.radical.kangxi.075""]"	[]	[]	sources/characters.tsv	frequency-order position 3998; corpus frequency rank 4341; Ministry common-character number 1998	榻: frequency-order position 3998; corpus frequency rank 4341; 2 appearances (0.00016%); Unihan kRSUnicode 75.10; Kangxi radical 75 木; Unihan kRSUnicode single radical assignment.	[]	"[""chinese"",""traditional"",""radicals"",""frequency"",""character-to-radical"",""one-way"",""part-20""]"
zh-traditional-radicals-frequency-xx/3999/character-to-radical	XX	vocabulary	3999	zh-Hant	zh-Hant	蒿	"[""艸""]"	[]		"[""zh-Hant.frequency.4345"",""zh.radical.kangxi.140""]"	[]	[]	sources/characters.tsv	frequency-order position 3999; corpus frequency rank 4345; Ministry common-character number 3534	蒿: frequency-order position 3999; corpus frequency rank 4345; 2 appearances (0.00016%); Unihan kRSUnicode 140.10; Kangxi radical 140 艸; Unihan kRSUnicode single radical assignment.	[]	"[""chinese"",""traditional"",""radicals"",""frequency"",""character-to-radical"",""one-way"",""part-20""]"
zh-traditional-radicals-frequency-xx/4000/character-to-radical	XX	vocabulary	4000	zh-Hant	zh-Hant	魷	"[""魚""]"	[]		"[""zh-Hant.frequency.4347"",""zh.radical.kangxi.195""]"	[]	[]	sources/characters.tsv	frequency-order position 4000; corpus frequency rank 4347; Ministry common-character number 4692	魷: frequency-order position 4000; corpus frequency rank 4347; 2 appearances (0.00016%); Unihan kRSUnicode 195.4; Kangxi radical 195 魚; Unihan kRSUnicode single radical assignment.	[]	"[""chinese"",""traditional"",""radicals"",""frequency"",""character-to-radical"",""one-way"",""part-20""]"
